2026-03-11 16:17:42,558 - INFO - Copied 1642353.csv to main data folder
2026-03-11 16:17:42,558 - INFO - Copied 201939.csv to main data folder
2026-03-11 16:17:42,558 - INFO - Copied 1641772.csv to main data folder
2026-03-11 16:17:42,559 - INFO - Copied 203999.csv to main data folder
2026-03-11 16:17:42,559 - INFO - Copied 200768.csv to main data folder
2026-03-11 16:17:42,559 - INFO - Copied 1631128.csv to main data folder
2026-03-11 16:17:42,560 - INFO - Daily scraping completed successfully
2026-03-11 16:17:42,560 - INFO - Started: 2026-03-11 15:36:36
2026-03-11 16:17:42,560 - INFO - Finished: 2026-03-11 16:17:42
2026-03-11 16:17:42,560 - INFO - Total duration: 0:41:05.859111
2026-04-09 16:31:54,029 - INFO - Starting daily scrape at 2026-04-09 16:31:54
2026-04-09 16:31:54,030 - INFO - Loading player index data...
2026-04-09 16:31:54,683 - INFO - Data loaded successfully. Found 27264 regular season entries and 10759 playoff entries.
2026-04-09 16:31:55,194 - INFO - Starting daily scrape for season 2026
2026-04-09 16:31:55,197 - INFO - Processing 403 players for 2026 regular season
2026-04-09 16:31:55,198 - INFO - Processing 2544 - 1610612747.0 for 2026 (1/403)
2026-04-09 16:31:55,198 - INFO - Fetching ON Regular Season WOWY stats for Team ID: 1610612747, Player ID: 2544  2025-26
2026-04-09 16:32:25,447 - WARNING - Request failed: HTTPSConnectionPool(host='api.pbpstats.com', port=443): Read timed out. (read timeout=30). Retrying in 2.96 seconds (attempt 1/3)
2026-04-09 16:32:32,371 - INFO - Fetched ON Regular Season WOWY stats for Team ID: 1610612747, Player ID: 2544 across 2025-26
2026-04-09 16:32:34,374 - INFO - Fetching OFF Regular Season WOWY stats for Team ID: 1610612747, Player ID: 2544  2025-26
2026-04-09 16:32:35,116 - INFO - Fetched OFF Regular Season WOWY stats for Team ID: 1610612747, Player ID: 2544 across 2025-26
2026-04-09 16:32:39,692 - INFO - Saved data for player 2544 to daily_data/2026/2544.csv
2026-04-09 16:32:39,693 - INFO - Processing 101108 - 1610612746.0 for 2026 (2/403)
2026-04-09 16:32:39,693 - INFO - Fetching ON Regular Season WOWY stats for Team ID: 1610612746, Player ID: 101108  2025-26
2026-04-09 16:32:41,256 - INFO - Fetched ON Regular Season WOWY stats for Team ID: 1610612746, Player ID: 101108 across 2025-26
2026-04-09 16:32:43,258 - INFO - Fetching OFF Regular Season WOWY stats for Team ID: 1610612746, Player ID: 101108  2025-26
2026-04-09 16:32:45,786 - INFO - Fetched OFF Regular Season WOWY stats for Team ID: 1610612746, Player ID: 101108 across 2025-26
2026-04-09 16:32:50,582 - INFO - Saved data for player 101108 to daily_data/2026/101108.csv
2026-04-09 16:32:50,582 - INFO - Processing 201142 - 1610612745.0 for 2026 (3/403)
2026-04-09 16:32:50,583 - INFO - Fetching ON Regular Season WOWY stats for Team ID: 1610612745, Player ID: 201142  2025-26
2026-04-09 16:32:53,408 - INFO - Fetched ON Regular Season WOWY stats for Team ID: 1610612745, Player ID: 201142 across 2025-26
2026-04-09 16:32:55,410 - INFO - Fetching OFF Regular Season WOWY stats for Team ID: 1610612745, Player ID: 201142  2025-26
2026-04-09 16:32:57,303 - INFO - Fetched OFF Regular Season WOWY stats for Team ID: 1610612745, Player ID: 201142 across 2025-26
2026-04-09 16:33:02,018 - INFO - Saved data for player 201142 to daily_data/2026/201142.csv
2026-04-09 16:33:02,019 - INFO - Processing 201143 - 1610612744.0 for 2026 (4/403)
2026-04-09 16:33:02,019 - INFO - Fetching ON Regular Season WOWY stats for Team ID: 1610612744, Player ID: 201143  2025-26
2026-04-09 16:33:08,765 - INFO - Fetched ON Regular Season WOWY stats for Team ID: 1610612744, Player ID: 201143 across 2025-26
2026-04-09 16:33:10,767 - INFO - Fetching OFF Regular Season WOWY stats for Team ID: 1610612744, Player ID: 201143  2025-26
2026-04-09 16:33:13,203 - INFO - Fetched OFF Regular Season WOWY stats for Team ID: 1610612744, Player ID: 201143 across 2025-26
2026-04-09 16:33:17,876 - INFO - Saved data for player 201143 to daily_data/2026/201143.csv
2026-04-09 16:33:17,876 - INFO - Processing 201144 - 1610612750.0 for 2026 (5/403)
2026-04-09 16:33:17,876 - INFO - Fetching ON Regular Season WOWY stats for Team ID: 1610612750, Player ID: 201144  2025-26
2026-04-09 16:33:19,128 - INFO - Fetched ON Regular Season WOWY stats for Team ID: 1610612750, Player ID: 201144 across 2025-26
2026-04-09 16:33:21,130 - INFO - Fetching OFF Regular Season WOWY stats for Team ID: 1610612750, Player ID: 201144  2025-26
2026-04-09 16:33:22,954 - INFO - Fetched OFF Regular Season WOWY stats for Team ID: 1610612750, Player ID: 201144 across 2025-26
2026-04-09 16:33:27,443 - INFO - Saved data for player 201144 to daily_data/2026/201144.csv
2026-04-09 16:33:27,444 - INFO - Processing 201145 - 1610612745.0 for 2026 (6/403)
2026-04-09 16:33:27,444 - INFO - Fetching ON Regular Season WOWY stats for Team ID: 1610612745, Player ID: 201145  2025-26
2026-04-09 16:33:29,069 - INFO - Fetched ON Regular Season WOWY stats for Team ID: 1610612745, Player ID: 201145 across 2025-26
2026-04-09 16:33:31,071 - INFO - Fetching OFF Regular Season WOWY stats for Team ID: 1610612745, Player ID: 201145  2025-26
2026-04-09 16:33:32,597 - INFO - Fetched OFF Regular Season WOWY stats for Team ID: 1610612745, Player ID: 201145 across 2025-26
2026-04-09 16:33:36,689 - INFO - Saved data for player 201145 to daily_data/2026/201145.csv
2026-04-09 16:33:36,689 - INFO - Processing 201566 - 1610612758.0 for 2026 (7/403)
2026-04-09 16:33:36,689 - INFO - Fetching ON Regular Season WOWY stats for Team ID: 1610612758, Player ID: 201566  2025-26
2026-04-09 16:33:38,290 - INFO - Fetched ON Regular Season WOWY stats for Team ID: 1610612758, Player ID: 201566 across 2025-26
2026-04-09 16:33:40,292 - INFO - Fetching OFF Regular Season WOWY stats for Team ID: 1610612758, Player ID: 201566  2025-26
2026-04-09 16:33:58,608 - WARNING - Request failed: 500 Server Error: Internal Server Error for url: https://api.pbpstats.com/get-wowy-stats/nba?0Exactly0OnFloor=201566&TeamId=1610612758&Season=2025-26&SeasonType=Regular+Season&Type=Player. Retrying in 2.42 seconds (attempt 1/3)
2026-04-09 16:34:04,202 - INFO - Fetched OFF Regular Season WOWY stats for Team ID: 1610612758, Player ID: 201566 across 2025-26
2026-04-09 16:34:09,042 - INFO - Saved data for player 201566 to daily_data/2026/201566.csv
2026-04-09 16:34:09,042 - INFO - Processing 201567 - 1610612762.0 for 2026 (8/403)
2026-04-09 16:34:09,042 - INFO - Fetching ON Regular Season WOWY stats for Team ID: 1610612762, Player ID: 201567  2025-26
2026-04-09 16:34:11,563 - INFO - Fetched ON Regular Season WOWY stats for Team ID: 1610612762, Player ID: 201567 across 2025-26
2026-04-09 16:34:13,565 - INFO - Fetching OFF Regular Season WOWY stats for Team ID: 1610612762, Player ID: 201567  2025-26
2026-04-09 16:34:19,838 - INFO - Fetched OFF Regular Season WOWY stats for Team ID: 1610612762, Player ID: 201567 across 2025-26
2026-04-09 16:34:24,233 - INFO - Saved data for player 201567 to daily_data/2026/201567.csv
2026-04-09 16:34:24,233 - INFO - Processing 201572 - 1610612746.0 for 2026 (9/403)
2026-04-09 16:34:24,233 - INFO - Fetching ON Regular Season WOWY stats for Team ID: 1610612746, Player ID: 201572  2025-26
2026-04-09 16:34:24,749 - INFO - Fetched ON Regular Season WOWY stats for Team ID: 1610612746, Player ID: 201572 across 2025-26
2026-04-09 16:34:26,751 - INFO - Fetching OFF Regular Season WOWY stats for Team ID: 1610612746, Player ID: 201572  2025-26
2026-04-09 16:34:29,050 - INFO - Fetched OFF Regular Season WOWY stats for Team ID: 1610612746, Player ID: 201572 across 2025-26
2026-04-09 16:34:33,285 - INFO - Saved data for player 201572 to daily_data/2026/201572.csv
2026-04-09 16:34:33,286 - INFO - Processing 201587 - 1610612746.0 for 2026 (10/403)
2026-04-09 16:34:33,286 - INFO - Fetching ON Regular Season WOWY stats for Team ID: 1610612746, Player ID: 201587  2025-26
2026-04-09 16:34:33,782 - INFO - Fetched ON Regular Season WOWY stats for Team ID: 1610612746, Player ID: 201587 across 2025-26
2026-04-09 16:34:35,784 - INFO - Fetching OFF Regular Season WOWY stats for Team ID: 1610612746, Player ID: 201587  2025-26
2026-04-09 16:34:36,587 - INFO - Fetched OFF Regular Season WOWY stats for Team ID: 1610612746, Player ID: 201587 across 2025-26
2026-04-09 16:34:41,437 - INFO - Saved data for player 201587 to daily_data/2026/201587.csv
2026-04-09 16:34:41,438 - INFO - Progress: 10/403 players processed (2.5%)
2026-04-09 16:34:41,438 - INFO - Processing 201599 - 1610612740.0 for 2026 (11/403)
2026-04-09 16:34:41,438 - INFO - Fetching ON Regular Season WOWY stats for Team ID: 1610612740, Player ID: 201599  2025-26
2026-04-09 16:34:41,909 - INFO - Fetched ON Regular Season WOWY stats for Team ID: 1610612740, Player ID: 201599 across 2025-26
2026-04-09 16:34:43,911 - INFO - Fetching OFF Regular Season WOWY stats for Team ID: 1610612740, Player ID: 201599  2025-26
2026-04-09 16:34:49,830 - INFO - Fetched OFF Regular Season WOWY stats for Team ID: 1610612740, Player ID: 201599 across 2025-26
2026-04-09 16:34:53,926 - INFO - Saved data for player 201599 to daily_data/2026/201599.csv
2026-04-09 16:34:53,927 - INFO - Processing 201935 - 1610612746.0 for 2026 (12/403)
2026-04-09 16:34:53,927 - INFO - Fetching ON Regular Season WOWY stats for Team ID: 1610612746, Player ID: 201935  2025-26
2026-04-09 16:34:56,395 - INFO - Fetched ON Regular Season WOWY stats for Team ID: 1610612746, Player ID: 201935 across 2025-26
2026-04-09 16:34:58,397 - INFO - Fetching OFF Regular Season WOWY stats for Team ID: 1610612746, Player ID: 201935  2025-26
2026-04-09 16:35:01,193 - INFO - Fetched OFF Regular Season WOWY stats for Team ID: 1610612746, Player ID: 201935 across 2025-26
2026-04-09 16:35:05,852 - INFO - Saved data for player 201935 to daily_data/2026/201935.csv
2026-04-09 16:35:05,853 - INFO - Processing 201939 - 1610612744.0 for 2026 (13/403)
2026-04-09 16:35:05,853 - INFO - Fetching ON Regular Season WOWY stats for Team ID: 1610612744, Player ID: 201939  2025-26
2026-04-09 16:35:07,906 - INFO - Fetched ON Regular Season WOWY stats for Team ID: 1610612744, Player ID: 201939 across 2025-26
2026-04-09 16:35:09,908 - INFO - Fetching OFF Regular Season WOWY stats for Team ID: 1610612744, Player ID: 201939  2025-26
2026-04-09 16:35:11,992 - INFO - Fetched OFF Regular Season WOWY stats for Team ID: 1610612744, Player ID: 201939 across 2025-26
2026-04-09 16:35:16,757 - INFO - Saved data for player 201939 to daily_data/2026/201939.csv
2026-04-09 16:35:16,757 - INFO - Processing 201942 - 1610612758.0 for 2026 (14/403)
2026-04-09 16:35:16,758 - INFO - Fetching ON Regular Season WOWY stats for Team ID: 1610612758, Player ID: 201942  2025-26
2026-04-09 16:35:17,266 - INFO - Fetched ON Regular Season WOWY stats for Team ID: 1610612758, Player ID: 201942 across 2025-26
2026-04-09 16:35:19,269 - INFO - Fetching OFF Regular Season WOWY stats for Team ID: 1610612758, Player ID: 201942  2025-26
2026-04-09 16:35:21,206 - INFO - Fetched OFF Regular Season WOWY stats for Team ID: 1610612758, Player ID: 201942 across 2025-26
2026-04-09 16:35:25,688 - INFO - Saved data for player 201942 to daily_data/2026/201942.csv
2026-04-09 16:35:25,688 - INFO - Processing 202066 - 1610612761.0 for 2026 (15/403)
2026-04-09 16:35:25,688 - INFO - Fetching ON Regular Season WOWY stats for Team ID: 1610612761, Player ID: 202066  2025-26
2026-04-09 16:35:41,966 - WARNING - Request failed: 500 Server Error: Internal Server Error for url: https://api.pbpstats.com/get-wowy-stats/nba?0Exactly1OnFloor=202066&TeamId=1610612761&Season=2025-26&SeasonType=Regular+Season&Type=Player. Retrying in 2.84 seconds (attempt 1/3)
2026-04-09 16:35:45,807 - INFO - Fetched ON Regular Season WOWY stats for Team ID: 1610612761, Player ID: 202066 across 2025-26
2026-04-09 16:35:47,809 - INFO - Fetching OFF Regular Season WOWY stats for Team ID: 1610612761, Player ID: 202066  2025-26
2026-04-09 16:35:50,175 - INFO - Fetched OFF Regular Season WOWY stats for Team ID: 1610612761, Player ID: 202066 across 2025-26
2026-04-09 16:35:54,739 - INFO - Saved data for player 202066 to daily_data/2026/202066.csv
2026-04-09 16:35:54,739 - INFO - Processing 202691 - 1610612742.0 for 2026 (16/403)
2026-04-09 16:35:54,739 - INFO - Fetching ON Regular Season WOWY stats for Team ID: 1610612742, Player ID: 202691  2025-26
2026-04-09 16:35:56,486 - INFO - Fetched ON Regular Season WOWY stats for Team ID: 1610612742, Player ID: 202691 across 2025-26
2026-04-09 16:35:58,489 - INFO - Fetching OFF Regular Season WOWY stats for Team ID: 1610612742, Player ID: 202691  2025-26
2026-04-09 16:36:01,092 - INFO - Fetched OFF Regular Season WOWY stats for Team ID: 1610612742, Player ID: 202691 across 2025-26
2026-04-09 16:36:05,879 - INFO - Saved data for player 202691 to daily_data/2026/202691.csv
2026-04-09 16:36:05,880 - INFO - Processing 202695 - 1610612746.0 for 2026 (17/403)
2026-04-09 16:36:05,880 - INFO - Fetching ON Regular Season WOWY stats for Team ID: 1610612746, Player ID: 202695  2025-26
2026-04-09 16:36:36,055 - WARNING - Request failed: HTTPSConnectionPool(host='api.pbpstats.com', port=443): Read timed out. (read timeout=30). Retrying in 2.98 seconds (attempt 1/3)
2026-04-09 16:37:09,073 - INFO - Fetched ON Regular Season WOWY stats for Team ID: 1610612746, Player ID: 202695 across 2025-26
2026-04-09 16:37:11,075 - INFO - Fetching OFF Regular Season WOWY stats for Team ID: 1610612746, Player ID: 202695  2025-26
2026-04-09 16:37:19,063 - INFO - Fetched OFF Regular Season WOWY stats for Team ID: 1610612746, Player ID: 202695 across 2025-26
2026-04-09 16:37:23,379 - INFO - Saved data for player 202695 to daily_data/2026/202695.csv
2026-04-09 16:37:23,380 - INFO - Processing 202696 - 1610612741.0 for 2026 (18/403)
2026-04-09 16:37:23,380 - INFO - Fetching ON Regular Season WOWY stats for Team ID: 1610612741, Player ID: 202696  2025-26
2026-04-09 16:37:26,735 - INFO - Fetched ON Regular Season WOWY stats for Team ID: 1610612741, Player ID: 202696 across 2025-26
2026-04-09 16:37:28,737 - INFO - Fetching OFF Regular Season WOWY stats for Team ID: 1610612741, Player ID: 202696  2025-26
2026-04-09 16:37:29,549 - INFO - Fetched OFF Regular Season WOWY stats for Team ID: 1610612741, Player ID: 202696 across 2025-26
2026-04-09 16:37:34,227 - INFO - Processing 202696 - 1610612738.0 for 2026 (18/403)
2026-04-09 16:37:34,228 - INFO - Fetching ON Regular Season WOWY stats for Team ID: 1610612738, Player ID: 202696  2025-26
2026-04-09 16:37:34,654 - INFO - Fetched ON Regular Season WOWY stats for Team ID: 1610612738, Player ID: 202696 across 2025-26
2026-04-09 16:37:36,657 - INFO - Fetching OFF Regular Season WOWY stats for Team ID: 1610612738, Player ID: 202696  2025-26
2026-04-09 16:37:38,773 - INFO - Fetched OFF Regular Season WOWY stats for Team ID: 1610612738, Player ID: 202696 across 2025-26
2026-04-09 16:37:43,636 - INFO - Saved data for player 202696 to daily_data/2026/202696.csv
2026-04-09 16:37:43,636 - INFO - Processing 202710 - 1610612744.0 for 2026 (19/403)
2026-04-09 16:37:43,636 - INFO - Fetching ON Regular Season WOWY stats for Team ID: 1610612744, Player ID: 202710  2025-26
2026-04-09 16:37:45,340 - INFO - Fetched ON Regular Season WOWY stats for Team ID: 1610612744, Player ID: 202710 across 2025-26
2026-04-09 16:37:47,342 - INFO - Fetching OFF Regular Season WOWY stats for Team ID: 1610612744, Player ID: 202710  2025-26
2026-04-09 16:37:49,957 - INFO - Fetched OFF Regular Season WOWY stats for Team ID: 1610612744, Player ID: 202710 across 2025-26
2026-04-09 16:37:54,169 - INFO - Saved data for player 202710 to daily_data/2026/202710.csv
2026-04-09 16:37:54,170 - INFO - Processing 203076 - 1610612742.0 for 2026 (20/403)
2026-04-09 16:37:54,170 - INFO - Fetching ON Regular Season WOWY stats for Team ID: 1610612742, Player ID: 203076  2025-26
2026-04-09 16:37:55,419 - INFO - Fetched ON Regular Season WOWY stats for Team ID: 1610612742, Player ID: 203076 across 2025-26
2026-04-09 16:37:57,421 - INFO - Fetching OFF Regular Season WOWY stats for Team ID: 1610612742, Player ID: 203076  2025-26
2026-04-09 16:37:59,881 - INFO - Fetched OFF Regular Season WOWY stats for Team ID: 1610612742, Player ID: 203076 across 2025-26
2026-04-09 16:38:04,279 - INFO - Saved data for player 203076 to daily_data/2026/203076.csv
2026-04-09 16:38:04,279 - INFO - Progress: 20/403 players processed (5.0%)
2026-04-09 16:38:04,280 - INFO - Processing 203078 - 1610612746.0 for 2026 (21/403)
2026-04-09 16:38:04,280 - INFO - Fetching ON Regular Season WOWY stats for Team ID: 1610612746, Player ID: 203078  2025-26
2026-04-09 16:38:05,183 - INFO - Fetched ON Regular Season WOWY stats for Team ID: 1610612746, Player ID: 203078 across 2025-26
2026-04-09 16:38:07,185 - INFO - Fetching OFF Regular Season WOWY stats for Team ID: 1610612746, Player ID: 203078  2025-26
2026-04-09 16:38:07,801 - INFO - Fetched OFF Regular Season WOWY stats for Team ID: 1610612746, Player ID: 203078 across 2025-26
2026-04-09 16:38:12,090 - INFO - Saved data for player 203078 to daily_data/2026/203078.csv
2026-04-09 16:38:12,090 - INFO - Processing 203110 - 1610612744.0 for 2026 (22/403)
2026-04-09 16:38:12,090 - INFO - Fetching ON Regular Season WOWY stats for Team ID: 1610612744, Player ID: 203110  2025-26
2026-04-09 16:38:12,659 - INFO - Fetched ON Regular Season WOWY stats for Team ID: 1610612744, Player ID: 203110 across 2025-26
2026-04-09 16:38:14,661 - INFO - Fetching OFF Regular Season WOWY stats for Team ID: 1610612744, Player ID: 203110  2025-26
2026-04-09 16:38:16,616 - INFO - Fetched OFF Regular Season WOWY stats for Team ID: 1610612744, Player ID: 203110 across 2025-26
2026-04-09 16:38:21,557 - INFO - Saved data for player 203110 to daily_data/2026/203110.csv
2026-04-09 16:38:21,558 - INFO - Processing 203114 - 1610612764.0 for 2026 (23/403)
2026-04-09 16:38:21,558 - INFO - Fetching ON Regular Season WOWY stats for Team ID: 1610612764, Player ID: 203114  2025-26
2026-04-09 16:38:37,847 - WARNING - Request failed: 500 Server Error: Internal Server Error for url: https://api.pbpstats.com/get-wowy-stats/nba?0Exactly1OnFloor=203114&TeamId=1610612764&Season=2025-26&SeasonType=Regular+Season&Type=Player. Retrying in 2.46 seconds (attempt 1/3)
2026-04-09 16:38:41,607 - INFO - Fetched ON Regular Season WOWY stats for Team ID: 1610612764, Player ID: 203114 across 2025-26
2026-04-09 16:38:43,609 - INFO - Fetching OFF Regular Season WOWY stats for Team ID: 1610612764, Player ID: 203114  2025-26
2026-04-09 16:38:46,598 - INFO - Fetched OFF Regular Season WOWY stats for Team ID: 1610612764, Player ID: 203114 across 2025-26
2026-04-09 16:38:51,435 - INFO - Processing 203114 - 1610612742.0 for 2026 (23/403)
2026-04-09 16:38:51,435 - INFO - Fetching ON Regular Season WOWY stats for Team ID: 1610612742, Player ID: 203114  2025-26
2026-04-09 16:38:52,996 - INFO - Fetched ON Regular Season WOWY stats for Team ID: 1610612742, Player ID: 203114 across 2025-26
2026-04-09 16:38:54,998 - INFO - Fetching OFF Regular Season WOWY stats for Team ID: 1610612742, Player ID: 203114  2025-26
2026-04-09 16:38:57,345 - INFO - Fetched OFF Regular Season WOWY stats for Team ID: 1610612742, Player ID: 203114 across 2025-26
2026-04-09 16:39:02,187 - INFO - Saved data for player 203114 to daily_data/2026/203114.csv
2026-04-09 16:39:02,188 - INFO - Processing 203468 - 1610612764.0 for 2026 (24/403)
2026-04-09 16:39:02,188 - INFO - Fetching ON Regular Season WOWY stats for Team ID: 1610612764, Player ID: 203468  2025-26
2026-04-09 16:39:32,385 - WARNING - Request failed: HTTPSConnectionPool(host='api.pbpstats.com', port=443): Read timed out. (read timeout=30). Retrying in 2.13 seconds (attempt 1/3)
2026-04-09 16:40:03,641 - INFO - Fetched ON Regular Season WOWY stats for Team ID: 1610612764, Player ID: 203468 across 2025-26
2026-04-09 16:40:05,644 - INFO - Fetching OFF Regular Season WOWY stats for Team ID: 1610612764, Player ID: 203468  2025-26
2026-04-09 16:40:08,240 - INFO - Fetched OFF Regular Season WOWY stats for Team ID: 1610612764, Player ID: 203468 across 2025-26
2026-04-09 16:40:12,512 - INFO - Saved data for player 203468 to daily_data/2026/203468.csv
2026-04-09 16:40:12,513 - INFO - Processing 203471 - 1610612758.0 for 2026 (25/403)
2026-04-09 16:40:12,513 - INFO - Fetching ON Regular Season WOWY stats for Team ID: 1610612758, Player ID: 203471  2025-26
2026-04-09 16:40:14,198 - INFO - Fetched ON Regular Season WOWY stats for Team ID: 1610612758, Player ID: 203471 across 2025-26
2026-04-09 16:40:16,200 - INFO - Fetching OFF Regular Season WOWY stats for Team ID: 1610612758, Player ID: 203471  2025-26
2026-04-09 16:40:18,284 - INFO - Fetched OFF Regular Season WOWY stats for Team ID: 1610612758, Player ID: 203471 across 2025-26
2026-04-09 16:40:22,493 - INFO - Saved data for player 203471 to daily_data/2026/203471.csv
2026-04-09 16:40:22,494 - INFO - Processing 203486 - 1610612766.0 for 2026 (26/403)
2026-04-09 16:40:22,494 - INFO - Fetching ON Regular Season WOWY stats for Team ID: 1610612766, Player ID: 203486  2025-26
2026-04-09 16:40:22,890 - INFO - Fetched ON Regular Season WOWY stats for Team ID: 1610612766, Player ID: 203486 across 2025-26
2026-04-09 16:40:24,893 - INFO - Fetching OFF Regular Season WOWY stats for Team ID: 1610612766, Player ID: 203486  2025-26
2026-04-09 16:40:29,507 - INFO - Fetched OFF Regular Season WOWY stats for Team ID: 1610612766, Player ID: 203486 across 2025-26
2026-04-09 16:40:33,583 - INFO - Saved data for player 203486 to daily_data/2026/203486.csv
2026-04-09 16:40:33,584 - INFO - Processing 203497 - 1610612750.0 for 2026 (27/403)
2026-04-09 16:40:33,584 - INFO - Fetching ON Regular Season WOWY stats for Team ID: 1610612750, Player ID: 203497  2025-26
2026-04-09 16:40:34,109 - INFO - Fetched ON Regular Season WOWY stats for Team ID: 1610612750, Player ID: 203497 across 2025-26
2026-04-09 16:40:36,111 - INFO - Fetching OFF Regular Season WOWY stats for Team ID: 1610612750, Player ID: 203497  2025-26
2026-04-09 16:40:43,855 - WARNING - Request failed: 502 Server Error: Bad Gateway for url: https://api.pbpstats.com/get-wowy-stats/nba?0Exactly0OnFloor=203497&TeamId=1610612750&Season=2025-26&SeasonType=Regular+Season&Type=Player. Retrying in 2.45 seconds (attempt 1/3)
2026-04-09 16:41:16,498 - WARNING - Request failed: HTTPSConnectionPool(host='api.pbpstats.com', port=443): Read timed out. (read timeout=30). Retrying in 4.42 seconds (attempt 2/3)
2026-04-09 16:41:23,133 - INFO - Fetched OFF Regular Season WOWY stats for Team ID: 1610612750, Player ID: 203497 across 2025-26
2026-04-09 16:41:27,911 - INFO - Saved data for player 203497 to daily_data/2026/203497.csv
2026-04-09 16:41:27,911 - INFO - Processing 203500 - 1610612745.0 for 2026 (28/403)
2026-04-09 16:41:27,911 - INFO - Fetching ON Regular Season WOWY stats for Team ID: 1610612745, Player ID: 203500  2025-26
2026-04-09 16:41:33,621 - INFO - Fetched ON Regular Season WOWY stats for Team ID: 1610612745, Player ID: 203500 across 2025-26
2026-04-09 16:41:35,624 - INFO - Fetching OFF Regular Season WOWY stats for Team ID: 1610612745, Player ID: 203500  2025-26
2026-04-09 16:41:46,786 - INFO - Fetched OFF Regular Season WOWY stats for Team ID: 1610612745, Player ID: 203500 across 2025-26
2026-04-09 16:41:51,050 - INFO - Saved data for player 203500 to daily_data/2026/203500.csv
2026-04-09 16:41:51,051 - INFO - Processing 203507 - 1610612749.0 for 2026 (29/403)
2026-04-09 16:41:51,051 - INFO - Fetching ON Regular Season WOWY stats for Team ID: 1610612749, Player ID: 203507  2025-26
2026-04-09 16:41:51,697 - INFO - Fetched ON Regular Season WOWY stats for Team ID: 1610612749, Player ID: 203507 across 2025-26
2026-04-09 16:41:53,699 - INFO - Fetching OFF Regular Season WOWY stats for Team ID: 1610612749, Player ID: 203507  2025-26
2026-04-09 16:42:23,882 - WARNING - Request failed: HTTPSConnectionPool(host='api.pbpstats.com', port=443): Read timed out. (read timeout=30). Retrying in 2.70 seconds (attempt 1/3)
2026-04-09 16:42:35,191 - WARNING - Request failed: 502 Server Error: Bad Gateway for url: https://api.pbpstats.com/get-wowy-stats/nba?0Exactly0OnFloor=203507&TeamId=1610612749&Season=2025-26&SeasonType=Regular+Season&Type=Player. Retrying in 4.82 seconds (attempt 2/3)
2026-04-09 16:43:10,177 - WARNING - Request failed: HTTPSConnectionPool(host='api.pbpstats.com', port=443): Read timed out. (read timeout=30). Retrying in 8.97 seconds (attempt 3/3)
2026-04-09 16:43:22,038 - INFO - Fetched OFF Regular Season WOWY stats for Team ID: 1610612749, Player ID: 203507 across 2025-26
2026-04-09 16:43:27,051 - INFO - Saved data for player 203507 to daily_data/2026/203507.csv
2026-04-09 16:43:27,051 - INFO - Processing 203552 - 1610612744.0 for 2026 (30/403)
2026-04-09 16:43:27,052 - INFO - Fetching ON Regular Season WOWY stats for Team ID: 1610612744, Player ID: 203552  2025-26
2026-04-09 16:43:28,292 - INFO - Fetched ON Regular Season WOWY stats for Team ID: 1610612744, Player ID: 203552 across 2025-26
2026-04-09 16:43:30,294 - INFO - Fetching OFF Regular Season WOWY stats for Team ID: 1610612744, Player ID: 203552  2025-26
2026-04-09 16:43:32,828 - INFO - Fetched OFF Regular Season WOWY stats for Team ID: 1610612744, Player ID: 203552 across 2025-26
2026-04-09 16:43:37,687 - INFO - Saved data for player 203552 to daily_data/2026/203552.csv
2026-04-09 16:43:37,688 - INFO - Progress: 30/403 players processed (7.4%)
2026-04-09 16:43:37,688 - INFO - Processing 203648 - 1610612749.0 for 2026 (31/403)
2026-04-09 16:43:37,688 - INFO - Fetching ON Regular Season WOWY stats for Team ID: 1610612749, Player ID: 203648  2025-26
2026-04-09 16:43:38,656 - INFO - Fetched ON Regular Season WOWY stats for Team ID: 1610612749, Player ID: 203648 across 2025-26
2026-04-09 16:43:40,658 - INFO - Fetching OFF Regular Season WOWY stats for Team ID: 1610612749, Player ID: 203648  2025-26
2026-04-09 16:43:41,270 - INFO - Fetched OFF Regular Season WOWY stats for Team ID: 1610612749, Player ID: 203648 across 2025-26
2026-04-09 16:43:45,489 - INFO - Saved data for player 203648 to daily_data/2026/203648.csv
2026-04-09 16:43:45,490 - INFO - Processing 203897 - 1610612758.0 for 2026 (32/403)
2026-04-09 16:43:45,490 - INFO - Fetching ON Regular Season WOWY stats for Team ID: 1610612758, Player ID: 203897  2025-26
2026-04-09 16:44:01,805 - WARNING - Request failed: 500 Server Error: Internal Server Error for url: https://api.pbpstats.com/get-wowy-stats/nba?0Exactly1OnFloor=203897&TeamId=1610612758&Season=2025-26&SeasonType=Regular+Season&Type=Player. Retrying in 2.57 seconds (attempt 1/3)
2026-04-09 16:44:06,520 - INFO - Fetched ON Regular Season WOWY stats for Team ID: 1610612758, Player ID: 203897 across 2025-26
2026-04-09 16:44:08,522 - INFO - Fetching OFF Regular Season WOWY stats for Team ID: 1610612758, Player ID: 203897  2025-26
2026-04-09 16:44:09,127 - INFO - Fetched OFF Regular Season WOWY stats for Team ID: 1610612758, Player ID: 203897 across 2025-26
2026-04-09 16:44:13,555 - INFO - Saved data for player 203897 to daily_data/2026/203897.csv
2026-04-09 16:44:13,555 - INFO - Processing 203914 - 1610612749.0 for 2026 (33/403)
2026-04-09 16:44:13,556 - INFO - Fetching ON Regular Season WOWY stats for Team ID: 1610612749, Player ID: 203914  2025-26
2026-04-09 16:44:38,997 - INFO - Fetched ON Regular Season WOWY stats for Team ID: 1610612749, Player ID: 203914 across 2025-26
2026-04-09 16:44:40,999 - INFO - Fetching OFF Regular Season WOWY stats for Team ID: 1610612749, Player ID: 203914  2025-26
2026-04-09 16:44:42,985 - INFO - Fetched OFF Regular Season WOWY stats for Team ID: 1610612749, Player ID: 203914 across 2025-26
2026-04-09 16:44:47,881 - INFO - Saved data for player 203914 to daily_data/2026/203914.csv
2026-04-09 16:44:47,881 - INFO - Processing 203926 - 1610612758.0 for 2026 (34/403)
2026-04-09 16:44:47,882 - INFO - Fetching ON Regular Season WOWY stats for Team ID: 1610612758, Player ID: 203926  2025-26
2026-04-09 16:45:18,121 - INFO - Fetched ON Regular Season WOWY stats for Team ID: 1610612758, Player ID: 203926 across 2025-26
2026-04-09 16:45:20,123 - INFO - Fetching OFF Regular Season WOWY stats for Team ID: 1610612758, Player ID: 203926  2025-26
2026-04-09 16:45:32,408 - WARNING - Request failed: 500 Server Error: Internal Server Error for url: https://api.pbpstats.com/get-wowy-stats/nba?0Exactly0OnFloor=203926&TeamId=1610612758&Season=2025-26&SeasonType=Regular+Season&Type=Player. Retrying in 2.04 seconds (attempt 1/3)
2026-04-09 16:45:36,439 - INFO - Fetched OFF Regular Season WOWY stats for Team ID: 1610612758, Player ID: 203926 across 2025-26
2026-04-09 16:45:40,760 - INFO - Saved data for player 203926 to daily_data/2026/203926.csv
2026-04-09 16:45:40,760 - INFO - Processing 203935 - 1610612747.0 for 2026 (35/403)
2026-04-09 16:45:40,760 - INFO - Fetching ON Regular Season WOWY stats for Team ID: 1610612747, Player ID: 203935  2025-26
2026-04-09 16:45:42,329 - INFO - Fetched ON Regular Season WOWY stats for Team ID: 1610612747, Player ID: 203935 across 2025-26
2026-04-09 16:45:44,331 - INFO - Fetching OFF Regular Season WOWY stats for Team ID: 1610612747, Player ID: 203935  2025-26
2026-04-09 16:45:46,184 - INFO - Fetched OFF Regular Season WOWY stats for Team ID: 1610612747, Player ID: 203935 across 2025-26
2026-04-09 16:45:50,497 - INFO - Saved data for player 203935 to daily_data/2026/203935.csv
2026-04-09 16:45:50,497 - INFO - Processing 203937 - 1610612762.0 for 2026 (36/403)
2026-04-09 16:45:50,498 - INFO - Fetching ON Regular Season WOWY stats for Team ID: 1610612762, Player ID: 203937  2025-26
2026-04-09 16:45:51,012 - INFO - Fetched ON Regular Season WOWY stats for Team ID: 1610612762, Player ID: 203937 across 2025-26
2026-04-09 16:45:53,014 - INFO - Fetching OFF Regular Season WOWY stats for Team ID: 1610612762, Player ID: 203937  2025-26
2026-04-09 16:45:55,533 - INFO - Fetched OFF Regular Season WOWY stats for Team ID: 1610612762, Player ID: 203937 across 2025-26
2026-04-09 16:46:00,444 - INFO - Processing 203937 - 1610612750.0 for 2026 (36/403)
2026-04-09 16:46:00,444 - INFO - Fetching ON Regular Season WOWY stats for Team ID: 1610612750, Player ID: 203937  2025-26
2026-04-09 16:46:00,902 - INFO - Fetched ON Regular Season WOWY stats for Team ID: 1610612750, Player ID: 203937 across 2025-26
2026-04-09 16:46:02,905 - INFO - Fetching OFF Regular Season WOWY stats for Team ID: 1610612750, Player ID: 203937  2025-26
2026-04-09 16:46:03,429 - INFO - Fetched OFF Regular Season WOWY stats for Team ID: 1610612750, Player ID: 203937 across 2025-26
2026-04-09 16:46:07,692 - INFO - Saved data for player 203937 to daily_data/2026/203937.csv
2026-04-09 16:46:07,693 - INFO - Processing 203939 - 1610612742.0 for 2026 (37/403)
2026-04-09 16:46:07,693 - INFO - Fetching ON Regular Season WOWY stats for Team ID: 1610612742, Player ID: 203939  2025-26
2026-04-09 16:46:08,226 - INFO - Fetched ON Regular Season WOWY stats for Team ID: 1610612742, Player ID: 203939 across 2025-26
2026-04-09 16:46:10,229 - INFO - Fetching OFF Regular Season WOWY stats for Team ID: 1610612742, Player ID: 203939  2025-26
2026-04-09 16:46:12,583 - INFO - Fetched OFF Regular Season WOWY stats for Team ID: 1610612742, Player ID: 203939 across 2025-26
2026-04-09 16:46:16,954 - INFO - Saved data for player 203939 to daily_data/2026/203939.csv
2026-04-09 16:46:16,954 - INFO - Processing 203944 - 1610612750.0 for 2026 (38/403)
2026-04-09 16:46:16,955 - INFO - Fetching ON Regular Season WOWY stats for Team ID: 1610612750, Player ID: 203944  2025-26
2026-04-09 16:46:18,477 - INFO - Fetched ON Regular Season WOWY stats for Team ID: 1610612750, Player ID: 203944 across 2025-26
2026-04-09 16:46:20,479 - INFO - Fetching OFF Regular Season WOWY stats for Team ID: 1610612750, Player ID: 203944  2025-26
2026-04-09 16:46:21,875 - INFO - Fetched OFF Regular Season WOWY stats for Team ID: 1610612750, Player ID: 203944 across 2025-26
2026-04-09 16:46:26,428 - INFO - Saved data for player 203944 to daily_data/2026/203944.csv
2026-04-09 16:46:26,428 - INFO - Processing 203952 - 1610612748.0 for 2026 (39/403)
2026-04-09 16:46:26,428 - INFO - Fetching ON Regular Season WOWY stats for Team ID: 1610612748, Player ID: 203952  2025-26
2026-04-09 16:46:26,935 - INFO - Fetched ON Regular Season WOWY stats for Team ID: 1610612748, Player ID: 203952 across 2025-26
2026-04-09 16:46:28,937 - INFO - Fetching OFF Regular Season WOWY stats for Team ID: 1610612748, Player ID: 203952  2025-26
2026-04-09 16:46:59,097 - WARNING - Request failed: HTTPSConnectionPool(host='api.pbpstats.com', port=443): Read timed out. (read timeout=30). Retrying in 2.78 seconds (attempt 1/3)
2026-04-09 16:47:02,469 - INFO - Fetched OFF Regular Season WOWY stats for Team ID: 1610612748, Player ID: 203952 across 2025-26
2026-04-09 16:47:07,313 - INFO - Saved data for player 203952 to daily_data/2026/203952.csv
2026-04-09 16:47:07,314 - INFO - Processing 203967 - 1610612758.0 for 2026 (40/403)
2026-04-09 16:47:07,314 - INFO - Fetching ON Regular Season WOWY stats for Team ID: 1610612758, Player ID: 203967  2025-26
2026-04-09 16:47:08,547 - INFO - Fetched ON Regular Season WOWY stats for Team ID: 1610612758, Player ID: 203967 across 2025-26
2026-04-09 16:47:10,550 - INFO - Fetching OFF Regular Season WOWY stats for Team ID: 1610612758, Player ID: 203967  2025-26
2026-04-09 16:47:12,864 - INFO - Fetched OFF Regular Season WOWY stats for Team ID: 1610612758, Player ID: 203967 across 2025-26
2026-04-09 16:47:16,936 - INFO - Saved data for player 203967 to daily_data/2026/203967.csv
2026-04-09 16:47:16,936 - INFO - Progress: 40/403 players processed (9.9%)
2026-04-09 16:47:16,937 - INFO - Processing 203991 - 1610612745.0 for 2026 (41/403)
2026-04-09 16:47:16,937 - INFO - Fetching ON Regular Season WOWY stats for Team ID: 1610612745, Player ID: 203991  2025-26
2026-04-09 16:47:18,211 - INFO - Fetched ON Regular Season WOWY stats for Team ID: 1610612745, Player ID: 203991 across 2025-26
2026-04-09 16:47:20,213 - INFO - Fetching OFF Regular Season WOWY stats for Team ID: 1610612745, Player ID: 203991  2025-26
2026-04-09 16:47:20,680 - INFO - Fetched OFF Regular Season WOWY stats for Team ID: 1610612745, Player ID: 203991 across 2025-26
2026-04-09 16:47:24,947 - INFO - Saved data for player 203991 to daily_data/2026/203991.csv
2026-04-09 16:47:24,948 - INFO - Processing 203992 - 1610612746.0 for 2026 (42/403)
2026-04-09 16:47:24,948 - INFO - Fetching ON Regular Season WOWY stats for Team ID: 1610612746, Player ID: 203992  2025-26
2026-04-09 16:47:33,232 - INFO - Fetched ON Regular Season WOWY stats for Team ID: 1610612746, Player ID: 203992 across 2025-26
2026-04-09 16:47:35,235 - INFO - Fetching OFF Regular Season WOWY stats for Team ID: 1610612746, Player ID: 203992  2025-26
2026-04-09 16:47:35,951 - INFO - Fetched OFF Regular Season WOWY stats for Team ID: 1610612746, Player ID: 203992 across 2025-26
2026-04-09 16:47:40,743 - INFO - Saved data for player 203992 to daily_data/2026/203992.csv
2026-04-09 16:47:40,743 - INFO - Processing 203994 - 1610612762.0 for 2026 (43/403)
2026-04-09 16:47:40,743 - INFO - Fetching ON Regular Season WOWY stats for Team ID: 1610612762, Player ID: 203994  2025-26
2026-04-09 16:47:42,145 - INFO - Fetched ON Regular Season WOWY stats for Team ID: 1610612762, Player ID: 203994 across 2025-26
2026-04-09 16:47:44,147 - INFO - Fetching OFF Regular Season WOWY stats for Team ID: 1610612762, Player ID: 203994  2025-26
2026-04-09 16:47:46,519 - INFO - Fetched OFF Regular Season WOWY stats for Team ID: 1610612762, Player ID: 203994 across 2025-26
2026-04-09 16:47:51,362 - INFO - Saved data for player 203994 to daily_data/2026/203994.csv
2026-04-09 16:47:51,363 - INFO - Processing 204001 - 1610612744.0 for 2026 (44/403)
2026-04-09 16:47:51,363 - INFO - Fetching ON Regular Season WOWY stats for Team ID: 1610612744, Player ID: 204001  2025-26
2026-04-09 16:47:51,838 - INFO - Fetched ON Regular Season WOWY stats for Team ID: 1610612744, Player ID: 204001 across 2025-26
2026-04-09 16:47:53,841 - INFO - Fetching OFF Regular Season WOWY stats for Team ID: 1610612744, Player ID: 204001  2025-26
2026-04-09 16:47:56,409 - INFO - Fetched OFF Regular Season WOWY stats for Team ID: 1610612744, Player ID: 204001 across 2025-26
2026-04-09 16:48:00,737 - INFO - Saved data for player 204001 to daily_data/2026/204001.csv
2026-04-09 16:48:00,738 - INFO - Processing 204060 - 1610612750.0 for 2026 (45/403)
2026-04-09 16:48:00,738 - INFO - Fetching ON Regular Season WOWY stats for Team ID: 1610612750, Player ID: 204060  2025-26
2026-04-09 16:48:01,976 - INFO - Fetched ON Regular Season WOWY stats for Team ID: 1610612750, Player ID: 204060 across 2025-26
2026-04-09 16:48:03,978 - INFO - Fetching OFF Regular Season WOWY stats for Team ID: 1610612750, Player ID: 204060  2025-26
2026-04-09 16:48:05,796 - INFO - Fetched OFF Regular Season WOWY stats for Team ID: 1610612750, Player ID: 204060 across 2025-26
2026-04-09 16:48:10,207 - INFO - Saved data for player 204060 to daily_data/2026/204060.csv
2026-04-09 16:48:10,208 - INFO - Processing 204456 - 1610612754.0 for 2026 (46/403)
2026-04-09 16:48:10,208 - INFO - Fetching ON Regular Season WOWY stats for Team ID: 1610612754, Player ID: 204456  2025-26
2026-04-09 16:48:12,315 - INFO - Fetched ON Regular Season WOWY stats for Team ID: 1610612754, Player ID: 204456 across 2025-26
2026-04-09 16:48:14,317 - INFO - Fetching OFF Regular Season WOWY stats for Team ID: 1610612754, Player ID: 204456  2025-26
2026-04-09 16:48:17,284 - INFO - Fetched OFF Regular Season WOWY stats for Team ID: 1610612754, Player ID: 204456 across 2025-26
2026-04-09 16:48:22,215 - INFO - Saved data for player 204456 to daily_data/2026/204456.csv
2026-04-09 16:48:22,216 - INFO - Processing 1626145 - 1610612742.0 for 2026 (47/403)
2026-04-09 16:48:22,216 - INFO - Fetching ON Regular Season WOWY stats for Team ID: 1610612742, Player ID: 1626145  2025-26
2026-04-09 16:48:23,934 - INFO - Fetched ON Regular Season WOWY stats for Team ID: 1610612742, Player ID: 1626145 across 2025-26
2026-04-09 16:48:25,936 - INFO - Fetching OFF Regular Season WOWY stats for Team ID: 1610612742, Player ID: 1626145  2025-26
2026-04-09 16:48:56,125 - WARNING - Request failed: HTTPSConnectionPool(host='api.pbpstats.com', port=443): Read timed out. (read timeout=30). Retrying in 2.42 seconds (attempt 1/3)
2026-04-09 16:49:06,430 - INFO - Fetched OFF Regular Season WOWY stats for Team ID: 1610612742, Player ID: 1626145 across 2025-26
2026-04-09 16:49:10,472 - INFO - Saved data for player 1626145 to daily_data/2026/1626145.csv
2026-04-09 16:49:10,473 - INFO - Processing 1626156 - 1610612742.0 for 2026 (48/403)
2026-04-09 16:49:10,473 - INFO - Fetching ON Regular Season WOWY stats for Team ID: 1610612742, Player ID: 1626156  2025-26
2026-04-09 16:49:12,432 - INFO - Fetched ON Regular Season WOWY stats for Team ID: 1610612742, Player ID: 1626156 across 2025-26
2026-04-09 16:49:14,434 - INFO - Fetching OFF Regular Season WOWY stats for Team ID: 1610612742, Player ID: 1626156  2025-26
2026-04-09 16:49:16,652 - INFO - Fetched OFF Regular Season WOWY stats for Team ID: 1610612742, Player ID: 1626156 across 2025-26
2026-04-09 16:49:20,843 - INFO - Saved data for player 1626156 to daily_data/2026/1626156.csv
2026-04-09 16:49:20,843 - INFO - Processing 1626164 - 1610612756.0 for 2026 (49/403)
2026-04-09 16:49:20,844 - INFO - Fetching ON Regular Season WOWY stats for Team ID: 1610612756, Player ID: 1626164  2025-26
2026-04-09 16:49:49,774 - WARNING - Request failed: 502 Server Error: Bad Gateway for url: https://api.pbpstats.com/get-wowy-stats/nba?0Exactly1OnFloor=1626164&TeamId=1610612756&Season=2025-26&SeasonType=Regular+Season&Type=Player. Retrying in 2.42 seconds (attempt 1/3)
2026-04-09 16:49:55,342 - INFO - Fetched ON Regular Season WOWY stats for Team ID: 1610612756, Player ID: 1626164 across 2025-26
2026-04-09 16:49:57,345 - INFO - Fetching OFF Regular Season WOWY stats for Team ID: 1610612756, Player ID: 1626164  2025-26
2026-04-09 16:50:17,034 - INFO - Fetched OFF Regular Season WOWY stats for Team ID: 1610612756, Player ID: 1626164 across 2025-26
2026-04-09 16:50:21,573 - INFO - Saved data for player 1626164 to daily_data/2026/1626164.csv
2026-04-09 16:50:21,574 - INFO - Processing 1626167 - 1610612749.0 for 2026 (50/403)
2026-04-09 16:50:21,574 - INFO - Fetching ON Regular Season WOWY stats for Team ID: 1610612749, Player ID: 1626167  2025-26
2026-04-09 16:50:24,381 - INFO - Fetched ON Regular Season WOWY stats for Team ID: 1610612749, Player ID: 1626167 across 2025-26
2026-04-09 16:50:26,383 - INFO - Fetching OFF Regular Season WOWY stats for Team ID: 1610612749, Player ID: 1626167  2025-26
2026-04-09 16:50:29,786 - INFO - Fetched OFF Regular Season WOWY stats for Team ID: 1610612749, Player ID: 1626167 across 2025-26
2026-04-09 16:50:34,095 - INFO - Saved data for player 1626167 to daily_data/2026/1626167.csv
2026-04-09 16:50:34,095 - INFO - Progress: 50/403 players processed (12.4%)
2026-04-09 16:50:34,096 - INFO - Processing 1626171 - 1610612749.0 for 2026 (51/403)
2026-04-09 16:50:34,096 - INFO - Fetching ON Regular Season WOWY stats for Team ID: 1610612749, Player ID: 1626171  2025-26
2026-04-09 16:50:36,716 - INFO - Fetched ON Regular Season WOWY stats for Team ID: 1610612749, Player ID: 1626171 across 2025-26
2026-04-09 16:50:38,718 - INFO - Fetching OFF Regular Season WOWY stats for Team ID: 1610612749, Player ID: 1626171  2025-26
2026-04-09 16:50:39,227 - INFO - Fetched OFF Regular Season WOWY stats for Team ID: 1610612749, Player ID: 1626171 across 2025-26
2026-04-09 16:50:43,839 - INFO - Saved data for player 1626171 to daily_data/2026/1626171.csv
2026-04-09 16:50:43,840 - INFO - Processing 1626172 - 1610612740.0 for 2026 (52/403)
2026-04-09 16:50:43,840 - INFO - Fetching ON Regular Season WOWY stats for Team ID: 1610612740, Player ID: 1626172  2025-26
2026-04-09 16:50:44,327 - INFO - Fetched ON Regular Season WOWY stats for Team ID: 1610612740, Player ID: 1626172 across 2025-26
2026-04-09 16:50:46,329 - INFO - Fetching OFF Regular Season WOWY stats for Team ID: 1610612740, Player ID: 1626172  2025-26
2026-04-09 16:50:46,831 - INFO - Fetched OFF Regular Season WOWY stats for Team ID: 1610612740, Player ID: 1626172 across 2025-26
2026-04-09 16:50:50,883 - INFO - Saved data for player 1626172 to daily_data/2026/1626172.csv
2026-04-09 16:50:50,884 - INFO - Processing 1626181 - 1610612748.0 for 2026 (53/403)
2026-04-09 16:50:50,884 - INFO - Fetching ON Regular Season WOWY stats for Team ID: 1610612748, Player ID: 1626181  2025-26
2026-04-09 16:50:51,418 - INFO - Fetched ON Regular Season WOWY stats for Team ID: 1610612748, Player ID: 1626181 across 2025-26
2026-04-09 16:50:53,420 - INFO - Fetching OFF Regular Season WOWY stats for Team ID: 1610612748, Player ID: 1626181  2025-26
2026-04-09 16:50:55,458 - INFO - Fetched OFF Regular Season WOWY stats for Team ID: 1610612748, Player ID: 1626181 across 2025-26
2026-04-09 16:51:00,030 - INFO - Saved data for player 1626181 to daily_data/2026/1626181.csv
2026-04-09 16:51:00,030 - INFO - Processing 1626192 - 1610612766.0 for 2026 (54/403)
2026-04-09 16:51:00,030 - INFO - Fetching ON Regular Season WOWY stats for Team ID: 1610612766, Player ID: 1626192  2025-26
2026-04-09 16:51:00,523 - INFO - Fetched ON Regular Season WOWY stats for Team ID: 1610612766, Player ID: 1626192 across 2025-26
2026-04-09 16:51:02,525 - INFO - Fetching OFF Regular Season WOWY stats for Team ID: 1610612766, Player ID: 1626192  2025-26
2026-04-09 16:51:05,090 - INFO - Fetched OFF Regular Season WOWY stats for Team ID: 1610612766, Player ID: 1626192 across 2025-26
2026-04-09 16:51:09,126 - INFO - Saved data for player 1626192 to daily_data/2026/1626192.csv
2026-04-09 16:51:09,127 - INFO - Processing 1626220 - 1610612756.0 for 2026 (55/403)
2026-04-09 16:51:09,127 - INFO - Fetching ON Regular Season WOWY stats for Team ID: 1610612756, Player ID: 1626220  2025-26
2026-04-09 16:51:13,753 - INFO - Fetched ON Regular Season WOWY stats for Team ID: 1610612756, Player ID: 1626220 across 2025-26
2026-04-09 16:51:15,755 - INFO - Fetching OFF Regular Season WOWY stats for Team ID: 1610612756, Player ID: 1626220  2025-26
2026-04-09 16:51:17,544 - INFO - Fetched OFF Regular Season WOWY stats for Team ID: 1610612756, Player ID: 1626220 across 2025-26
2026-04-09 16:51:22,384 - INFO - Saved data for player 1626220 to daily_data/2026/1626220.csv
2026-04-09 16:51:22,384 - INFO - Processing 1627734 - 1610612758.0 for 2026 (56/403)
2026-04-09 16:51:22,385 - INFO - Fetching ON Regular Season WOWY stats for Team ID: 1610612758, Player ID: 1627734  2025-26
2026-04-09 16:51:34,563 - INFO - Fetched ON Regular Season WOWY stats for Team ID: 1610612758, Player ID: 1627734 across 2025-26
2026-04-09 16:51:36,565 - INFO - Fetching OFF Regular Season WOWY stats for Team ID: 1610612758, Player ID: 1627734  2025-26
2026-04-09 16:51:47,324 - INFO - Fetched OFF Regular Season WOWY stats for Team ID: 1610612758, Player ID: 1627734 across 2025-26
2026-04-09 16:51:51,374 - INFO - Saved data for player 1627734 to daily_data/2026/1627734.csv
2026-04-09 16:51:51,375 - INFO - Processing 1627739 - 1610612746.0 for 2026 (57/403)
2026-04-09 16:51:51,375 - INFO - Fetching ON Regular Season WOWY stats for Team ID: 1610612746, Player ID: 1627739  2025-26
2026-04-09 16:52:03,150 - INFO - Fetched ON Regular Season WOWY stats for Team ID: 1610612746, Player ID: 1627739 across 2025-26
2026-04-09 16:52:05,152 - INFO - Fetching OFF Regular Season WOWY stats for Team ID: 1610612746, Player ID: 1627739  2025-26
2026-04-09 16:52:07,758 - INFO - Fetched OFF Regular Season WOWY stats for Team ID: 1610612746, Player ID: 1627739 across 2025-26
2026-04-09 16:52:12,716 - INFO - Saved data for player 1627739 to daily_data/2026/1627739.csv
2026-04-09 16:52:12,717 - INFO - Processing 1627741 - 1610612744.0 for 2026 (58/403)
2026-04-09 16:52:12,717 - INFO - Fetching ON Regular Season WOWY stats for Team ID: 1610612744, Player ID: 1627741  2025-26
2026-04-09 16:52:14,675 - INFO - Fetched ON Regular Season WOWY stats for Team ID: 1610612744, Player ID: 1627741 across 2025-26
2026-04-09 16:52:16,677 - INFO - Fetching OFF Regular Season WOWY stats for Team ID: 1610612744, Player ID: 1627741  2025-26
2026-04-09 16:52:18,820 - INFO - Fetched OFF Regular Season WOWY stats for Team ID: 1610612744, Player ID: 1627741 across 2025-26
2026-04-09 16:52:23,440 - INFO - Saved data for player 1627741 to daily_data/2026/1627741.csv
2026-04-09 16:52:23,441 - INFO - Processing 1627742 - 1610612761.0 for 2026 (59/403)
2026-04-09 16:52:23,441 - INFO - Fetching ON Regular Season WOWY stats for Team ID: 1610612761, Player ID: 1627742  2025-26
2026-04-09 16:52:24,942 - INFO - Fetched ON Regular Season WOWY stats for Team ID: 1610612761, Player ID: 1627742 across 2025-26
2026-04-09 16:52:26,945 - INFO - Fetching OFF Regular Season WOWY stats for Team ID: 1610612761, Player ID: 1627742  2025-26
2026-04-09 16:52:49,363 - WARNING - Request failed: 500 Server Error: Internal Server Error for url: https://api.pbpstats.com/get-wowy-stats/nba?0Exactly0OnFloor=1627742&TeamId=1610612761&Season=2025-26&SeasonType=Regular+Season&Type=Player. Retrying in 2.09 seconds (attempt 1/3)
2026-04-09 16:52:53,737 - INFO - Fetched OFF Regular Season WOWY stats for Team ID: 1610612761, Player ID: 1627742 across 2025-26
2026-04-09 16:52:58,266 - INFO - Saved data for player 1627742 to daily_data/2026/1627742.csv
2026-04-09 16:52:58,267 - INFO - Processing 1627746 - 1610612764.0 for 2026 (60/403)
2026-04-09 16:52:58,267 - INFO - Fetching ON Regular Season WOWY stats for Team ID: 1610612764, Player ID: 1627746  2025-26
2026-04-09 16:53:12,604 - WARNING - Request failed: 500 Server Error: Internal Server Error for url: https://api.pbpstats.com/get-wowy-stats/nba?0Exactly1OnFloor=1627746&TeamId=1610612764&Season=2025-26&SeasonType=Regular+Season&Type=Player. Retrying in 2.93 seconds (attempt 1/3)
2026-04-09 16:53:16,586 - INFO - Fetched ON Regular Season WOWY stats for Team ID: 1610612764, Player ID: 1627746 across 2025-26
2026-04-09 16:53:18,588 - INFO - Fetching OFF Regular Season WOWY stats for Team ID: 1610612764, Player ID: 1627746  2025-26
2026-04-09 16:53:21,512 - INFO - Fetched OFF Regular Season WOWY stats for Team ID: 1610612764, Player ID: 1627746 across 2025-26
2026-04-09 16:53:25,669 - INFO - Saved data for player 1627746 to daily_data/2026/1627746.csv
2026-04-09 16:53:25,670 - INFO - Progress: 60/403 players processed (14.9%)
2026-04-09 16:53:25,670 - INFO - Processing 1627749 - 1610612740.0 for 2026 (61/403)
2026-04-09 16:53:25,670 - INFO - Fetching ON Regular Season WOWY stats for Team ID: 1610612740, Player ID: 1627749  2025-26
2026-04-09 16:53:26,766 - INFO - Fetched ON Regular Season WOWY stats for Team ID: 1610612740, Player ID: 1627749 across 2025-26
2026-04-09 16:53:28,768 - INFO - Fetching OFF Regular Season WOWY stats for Team ID: 1610612740, Player ID: 1627749  2025-26
2026-04-09 16:53:31,031 - INFO - Fetched OFF Regular Season WOWY stats for Team ID: 1610612740, Player ID: 1627749 across 2025-26
2026-04-09 16:53:35,365 - INFO - Saved data for player 1627749 to daily_data/2026/1627749.csv
2026-04-09 16:53:35,365 - INFO - Processing 1627751 - 1610612761.0 for 2026 (62/403)
2026-04-09 16:53:35,365 - INFO - Fetching ON Regular Season WOWY stats for Team ID: 1610612761, Player ID: 1627751  2025-26
2026-04-09 16:53:36,625 - INFO - Fetched ON Regular Season WOWY stats for Team ID: 1610612761, Player ID: 1627751 across 2025-26
2026-04-09 16:53:38,627 - INFO - Fetching OFF Regular Season WOWY stats for Team ID: 1610612761, Player ID: 1627751  2025-26
2026-04-09 16:53:50,777 - WARNING - Request failed: 502 Server Error: Bad Gateway for url: https://api.pbpstats.com/get-wowy-stats/nba?0Exactly0OnFloor=1627751&TeamId=1610612761&Season=2025-26&SeasonType=Regular+Season&Type=Player. Retrying in 2.68 seconds (attempt 1/3)
2026-04-09 16:53:56,937 - INFO - Fetched OFF Regular Season WOWY stats for Team ID: 1610612761, Player ID: 1627751 across 2025-26
2026-04-09 16:54:01,734 - INFO - Saved data for player 1627751 to daily_data/2026/1627751.csv
2026-04-09 16:54:01,734 - INFO - Processing 1627752 - 1610612749.0 for 2026 (63/403)
2026-04-09 16:54:01,734 - INFO - Fetching ON Regular Season WOWY stats for Team ID: 1610612749, Player ID: 1627752  2025-26
2026-04-09 16:54:14,130 - INFO - Fetched ON Regular Season WOWY stats for Team ID: 1610612749, Player ID: 1627752 across 2025-26
2026-04-09 16:54:16,132 - INFO - Fetching OFF Regular Season WOWY stats for Team ID: 1610612749, Player ID: 1627752  2025-26
2026-04-09 16:54:19,283 - INFO - Fetched OFF Regular Season WOWY stats for Team ID: 1610612749, Player ID: 1627752 across 2025-26
2026-04-09 16:54:23,564 - INFO - Saved data for player 1627752 to daily_data/2026/1627752.csv
2026-04-09 16:54:23,564 - INFO - Processing 1627759 - 1610612738.0 for 2026 (64/403)
2026-04-09 16:54:23,564 - INFO - Fetching ON Regular Season WOWY stats for Team ID: 1610612738, Player ID: 1627759  2025-26
2026-04-09 16:54:25,230 - INFO - Fetched ON Regular Season WOWY stats for Team ID: 1610612738, Player ID: 1627759 across 2025-26
2026-04-09 16:54:27,232 - INFO - Fetching OFF Regular Season WOWY stats for Team ID: 1610612738, Player ID: 1627759  2025-26
2026-04-09 16:54:30,768 - INFO - Fetched OFF Regular Season WOWY stats for Team ID: 1610612738, Player ID: 1627759 across 2025-26
2026-04-09 16:54:35,506 - INFO - Saved data for player 1627759 to daily_data/2026/1627759.csv
2026-04-09 16:54:35,507 - INFO - Processing 1627780 - 1610612744.0 for 2026 (65/403)
2026-04-09 16:54:35,507 - INFO - Fetching ON Regular Season WOWY stats for Team ID: 1610612744, Player ID: 1627780  2025-26
2026-04-09 16:54:42,367 - INFO - Fetched ON Regular Season WOWY stats for Team ID: 1610612744, Player ID: 1627780 across 2025-26
2026-04-09 16:54:44,369 - INFO - Fetching OFF Regular Season WOWY stats for Team ID: 1610612744, Player ID: 1627780  2025-26
2026-04-09 16:54:47,785 - INFO - Fetched OFF Regular Season WOWY stats for Team ID: 1610612744, Player ID: 1627780 across 2025-26
2026-04-09 16:54:52,295 - INFO - Saved data for player 1627780 to daily_data/2026/1627780.csv
2026-04-09 16:54:52,296 - INFO - Processing 1627783 - 1610612754.0 for 2026 (66/403)
2026-04-09 16:54:52,296 - INFO - Fetching ON Regular Season WOWY stats for Team ID: 1610612754, Player ID: 1627783  2025-26
2026-04-09 16:54:55,783 - INFO - Fetched ON Regular Season WOWY stats for Team ID: 1610612754, Player ID: 1627783 across 2025-26
2026-04-09 16:54:57,786 - INFO - Fetching OFF Regular Season WOWY stats for Team ID: 1610612754, Player ID: 1627783  2025-26
2026-04-09 16:55:04,285 - INFO - Fetched OFF Regular Season WOWY stats for Team ID: 1610612754, Player ID: 1627783 across 2025-26
2026-04-09 16:55:08,922 - INFO - Saved data for player 1627783 to daily_data/2026/1627783.csv
2026-04-09 16:55:08,923 - INFO - Processing 1627824 - 1610612741.0 for 2026 (67/403)
2026-04-09 16:55:08,923 - INFO - Fetching ON Regular Season WOWY stats for Team ID: 1610612741, Player ID: 1627824  2025-26
2026-04-09 16:55:10,977 - INFO - Fetched ON Regular Season WOWY stats for Team ID: 1610612741, Player ID: 1627824 across 2025-26
2026-04-09 16:55:12,979 - INFO - Fetching OFF Regular Season WOWY stats for Team ID: 1610612741, Player ID: 1627824  2025-26
2026-04-09 16:55:17,164 - INFO - Fetched OFF Regular Season WOWY stats for Team ID: 1610612741, Player ID: 1627824 across 2025-26
2026-04-09 16:55:21,857 - INFO - Saved data for player 1627824 to daily_data/2026/1627824.csv
2026-04-09 16:55:21,858 - INFO - Processing 1627826 - 1610612746.0 for 2026 (68/403)
2026-04-09 16:55:21,858 - INFO - Fetching ON Regular Season WOWY stats for Team ID: 1610612746, Player ID: 1627826  2025-26
2026-04-09 16:55:40,228 - INFO - Fetched ON Regular Season WOWY stats for Team ID: 1610612746, Player ID: 1627826 across 2025-26
2026-04-09 16:55:42,230 - INFO - Fetching OFF Regular Season WOWY stats for Team ID: 1610612746, Player ID: 1627826  2025-26
2026-04-09 16:55:45,379 - INFO - Fetched OFF Regular Season WOWY stats for Team ID: 1610612746, Player ID: 1627826 across 2025-26
2026-04-09 16:55:50,376 - INFO - Processing 1627826 - 1610612754.0 for 2026 (68/403)
2026-04-09 16:55:50,377 - INFO - Fetching ON Regular Season WOWY stats for Team ID: 1610612754, Player ID: 1627826  2025-26
2026-04-09 16:55:51,596 - INFO - Fetched ON Regular Season WOWY stats for Team ID: 1610612754, Player ID: 1627826 across 2025-26
2026-04-09 16:55:53,598 - INFO - Fetching OFF Regular Season WOWY stats for Team ID: 1610612754, Player ID: 1627826  2025-26
2026-04-09 16:55:58,428 - INFO - Fetched OFF Regular Season WOWY stats for Team ID: 1610612754, Player ID: 1627826 across 2025-26
2026-04-09 16:56:02,488 - INFO - Saved data for player 1627826 to daily_data/2026/1627826.csv
2026-04-09 16:56:02,489 - INFO - Processing 1627827 - 1610612745.0 for 2026 (69/403)
2026-04-09 16:56:02,489 - INFO - Fetching ON Regular Season WOWY stats for Team ID: 1610612745, Player ID: 1627827  2025-26
2026-04-09 16:56:18,732 - INFO - Fetched ON Regular Season WOWY stats for Team ID: 1610612745, Player ID: 1627827 across 2025-26
2026-04-09 16:56:20,734 - INFO - Fetching OFF Regular Season WOWY stats for Team ID: 1610612745, Player ID: 1627827  2025-26
2026-04-09 16:56:24,750 - INFO - Fetched OFF Regular Season WOWY stats for Team ID: 1610612745, Player ID: 1627827 across 2025-26
2026-04-09 16:56:28,780 - INFO - Saved data for player 1627827 to daily_data/2026/1627827.csv
2026-04-09 16:56:28,781 - INFO - Processing 1627884 - 1610612746.0 for 2026 (70/403)
2026-04-09 16:56:28,781 - INFO - Fetching ON Regular Season WOWY stats for Team ID: 1610612746, Player ID: 1627884  2025-26
2026-04-09 16:56:30,166 - INFO - Fetched ON Regular Season WOWY stats for Team ID: 1610612746, Player ID: 1627884 across 2025-26
2026-04-09 16:56:32,168 - INFO - Fetching OFF Regular Season WOWY stats for Team ID: 1610612746, Player ID: 1627884  2025-26
2026-04-09 16:56:53,118 - INFO - Fetched OFF Regular Season WOWY stats for Team ID: 1610612746, Player ID: 1627884 across 2025-26
2026-04-09 16:56:57,409 - INFO - Saved data for player 1627884 to daily_data/2026/1627884.csv
2026-04-09 16:56:57,409 - INFO - Progress: 70/403 players processed (17.4%)
2026-04-09 16:56:57,410 - INFO - Processing 1627936 - 1610612760.0 for 2026 (71/403)
2026-04-09 16:56:57,410 - INFO - Fetching ON Regular Season WOWY stats for Team ID: 1610612760, Player ID: 1627936  2025-26
2026-04-09 16:57:18,000 - INFO - Fetched ON Regular Season WOWY stats for Team ID: 1610612760, Player ID: 1627936 across 2025-26
2026-04-09 16:57:20,002 - INFO - Fetching OFF Regular Season WOWY stats for Team ID: 1610612760, Player ID: 1627936  2025-26
2026-04-09 16:57:22,409 - INFO - Fetched OFF Regular Season WOWY stats for Team ID: 1610612760, Player ID: 1627936 across 2025-26
2026-04-09 16:57:26,460 - INFO - Saved data for player 1627936 to daily_data/2026/1627936.csv
2026-04-09 16:57:26,461 - INFO - Processing 1628365 - 1610612761.0 for 2026 (72/403)
2026-04-09 16:57:26,461 - INFO - Fetching ON Regular Season WOWY stats for Team ID: 1610612761, Player ID: 1628365  2025-26
2026-04-09 16:57:27,366 - INFO - Fetched ON Regular Season WOWY stats for Team ID: 1610612761, Player ID: 1628365 across 2025-26
2026-04-09 16:57:29,369 - INFO - Fetching OFF Regular Season WOWY stats for Team ID: 1610612761, Player ID: 1628365  2025-26
2026-04-09 16:57:31,326 - INFO - Fetched OFF Regular Season WOWY stats for Team ID: 1610612761, Player ID: 1628365 across 2025-26
2026-04-09 16:57:36,239 - INFO - Saved data for player 1628365 to daily_data/2026/1628365.csv
2026-04-09 16:57:36,239 - INFO - Processing 1628369 - 1610612738.0 for 2026 (73/403)
2026-04-09 16:57:36,239 - INFO - Fetching ON Regular Season WOWY stats for Team ID: 1610612738, Player ID: 1628369  2025-26
2026-04-09 16:57:37,433 - INFO - Fetched ON Regular Season WOWY stats for Team ID: 1610612738, Player ID: 1628369 across 2025-26
2026-04-09 16:57:39,435 - INFO - Fetching OFF Regular Season WOWY stats for Team ID: 1610612738, Player ID: 1628369  2025-26
2026-04-09 16:57:41,960 - INFO - Fetched OFF Regular Season WOWY stats for Team ID: 1610612738, Player ID: 1628369 across 2025-26
2026-04-09 16:57:46,235 - INFO - Saved data for player 1628369 to daily_data/2026/1628369.csv
2026-04-09 16:57:46,235 - INFO - Processing 1628370 - 1610612758.0 for 2026 (74/403)
2026-04-09 16:57:46,235 - INFO - Fetching ON Regular Season WOWY stats for Team ID: 1610612758, Player ID: 1628370  2025-26
2026-04-09 16:58:02,541 - WARNING - Request failed: 500 Server Error: Internal Server Error for url: https://api.pbpstats.com/get-wowy-stats/nba?0Exactly1OnFloor=1628370&TeamId=1610612758&Season=2025-26&SeasonType=Regular+Season&Type=Player. Retrying in 2.18 seconds (attempt 1/3)
2026-04-09 16:58:06,546 - INFO - Fetched ON Regular Season WOWY stats for Team ID: 1610612758, Player ID: 1628370 across 2025-26
2026-04-09 16:58:08,548 - INFO - Fetching OFF Regular Season WOWY stats for Team ID: 1610612758, Player ID: 1628370  2025-26
2026-04-09 16:58:10,491 - INFO - Fetched OFF Regular Season WOWY stats for Team ID: 1610612758, Player ID: 1628370 across 2025-26
2026-04-09 16:58:15,330 - INFO - Saved data for player 1628370 to daily_data/2026/1628370.csv
2026-04-09 16:58:15,331 - INFO - Processing 1628374 - 1610612762.0 for 2026 (75/403)
2026-04-09 16:58:15,331 - INFO - Fetching ON Regular Season WOWY stats for Team ID: 1610612762, Player ID: 1628374  2025-26
2026-04-09 16:58:17,045 - INFO - Fetched ON Regular Season WOWY stats for Team ID: 1610612762, Player ID: 1628374 across 2025-26
2026-04-09 16:58:19,047 - INFO - Fetching OFF Regular Season WOWY stats for Team ID: 1610612762, Player ID: 1628374  2025-26
2026-04-09 16:58:21,438 - INFO - Fetched OFF Regular Season WOWY stats for Team ID: 1610612762, Player ID: 1628374 across 2025-26
2026-04-09 16:58:26,140 - INFO - Saved data for player 1628374 to daily_data/2026/1628374.csv
2026-04-09 16:58:26,141 - INFO - Processing 1628379 - 1610612747.0 for 2026 (76/403)
2026-04-09 16:58:26,141 - INFO - Fetching ON Regular Season WOWY stats for Team ID: 1610612747, Player ID: 1628379  2025-26
2026-04-09 16:58:27,553 - INFO - Fetched ON Regular Season WOWY stats for Team ID: 1610612747, Player ID: 1628379 across 2025-26
2026-04-09 16:58:29,556 - INFO - Fetching OFF Regular Season WOWY stats for Team ID: 1610612747, Player ID: 1628379  2025-26
2026-04-09 16:58:31,674 - INFO - Fetched OFF Regular Season WOWY stats for Team ID: 1610612747, Player ID: 1628379 across 2025-26
2026-04-09 16:58:36,315 - INFO - Saved data for player 1628379 to daily_data/2026/1628379.csv
2026-04-09 16:58:36,316 - INFO - Processing 1628380 - 1610612741.0 for 2026 (77/403)
2026-04-09 16:58:36,316 - INFO - Fetching ON Regular Season WOWY stats for Team ID: 1610612741, Player ID: 1628380  2025-26
2026-04-09 16:58:40,920 - INFO - Fetched ON Regular Season WOWY stats for Team ID: 1610612741, Player ID: 1628380 across 2025-26
2026-04-09 16:58:42,922 - INFO - Fetching OFF Regular Season WOWY stats for Team ID: 1610612741, Player ID: 1628380  2025-26
2026-04-09 16:58:45,695 - INFO - Fetched OFF Regular Season WOWY stats for Team ID: 1610612741, Player ID: 1628380 across 2025-26
2026-04-09 16:58:50,269 - INFO - Saved data for player 1628380 to daily_data/2026/1628380.csv
2026-04-09 16:58:50,270 - INFO - Processing 1628381 - 1610612746.0 for 2026 (78/403)
2026-04-09 16:58:50,270 - INFO - Fetching ON Regular Season WOWY stats for Team ID: 1610612746, Player ID: 1628381  2025-26
2026-04-09 16:58:51,980 - INFO - Fetched ON Regular Season WOWY stats for Team ID: 1610612746, Player ID: 1628381 across 2025-26
2026-04-09 16:58:53,982 - INFO - Fetching OFF Regular Season WOWY stats for Team ID: 1610612746, Player ID: 1628381  2025-26
2026-04-09 16:58:55,702 - INFO - Fetched OFF Regular Season WOWY stats for Team ID: 1610612746, Player ID: 1628381 across 2025-26
2026-04-09 16:59:00,674 - INFO - Saved data for player 1628381 to daily_data/2026/1628381.csv
2026-04-09 16:59:00,675 - INFO - Processing 1628389 - 1610612748.0 for 2026 (79/403)
2026-04-09 16:59:00,675 - INFO - Fetching ON Regular Season WOWY stats for Team ID: 1610612748, Player ID: 1628389  2025-26
2026-04-09 16:59:02,579 - INFO - Fetched ON Regular Season WOWY stats for Team ID: 1610612748, Player ID: 1628389 across 2025-26
2026-04-09 16:59:04,581 - INFO - Fetching OFF Regular Season WOWY stats for Team ID: 1610612748, Player ID: 1628389  2025-26
2026-04-09 16:59:06,693 - INFO - Fetched OFF Regular Season WOWY stats for Team ID: 1610612748, Player ID: 1628389 across 2025-26
2026-04-09 16:59:11,160 - INFO - Saved data for player 1628389 to daily_data/2026/1628389.csv
2026-04-09 16:59:11,161 - INFO - Processing 1628392 - 1610612760.0 for 2026 (80/403)
2026-04-09 16:59:11,161 - INFO - Fetching ON Regular Season WOWY stats for Team ID: 1610612760, Player ID: 1628392  2025-26
2026-04-09 16:59:12,556 - INFO - Fetched ON Regular Season WOWY stats for Team ID: 1610612760, Player ID: 1628392 across 2025-26
2026-04-09 16:59:14,558 - INFO - Fetching OFF Regular Season WOWY stats for Team ID: 1610612760, Player ID: 1628392  2025-26
2026-04-09 16:59:17,055 - INFO - Fetched OFF Regular Season WOWY stats for Team ID: 1610612760, Player ID: 1628392 across 2025-26
2026-04-09 16:59:21,440 - INFO - Saved data for player 1628392 to daily_data/2026/1628392.csv
2026-04-09 16:59:21,440 - INFO - Progress: 80/403 players processed (19.9%)
2026-04-09 16:59:21,441 - INFO - Processing 1628396 - 1610612754.0 for 2026 (81/403)
2026-04-09 16:59:21,441 - INFO - Fetching ON Regular Season WOWY stats for Team ID: 1610612754, Player ID: 1628396  2025-26
2026-04-09 16:59:23,070 - INFO - Fetched ON Regular Season WOWY stats for Team ID: 1610612754, Player ID: 1628396 across 2025-26
2026-04-09 16:59:25,072 - INFO - Fetching OFF Regular Season WOWY stats for Team ID: 1610612754, Player ID: 1628396  2025-26
2026-04-09 16:59:27,747 - INFO - Fetched OFF Regular Season WOWY stats for Team ID: 1610612754, Player ID: 1628396 across 2025-26
2026-04-09 16:59:32,770 - INFO - Saved data for player 1628396 to daily_data/2026/1628396.csv
2026-04-09 16:59:32,771 - INFO - Processing 1628398 - 1610612749.0 for 2026 (82/403)
2026-04-09 16:59:32,771 - INFO - Fetching ON Regular Season WOWY stats for Team ID: 1610612749, Player ID: 1628398  2025-26
2026-04-09 16:59:34,442 - INFO - Fetched ON Regular Season WOWY stats for Team ID: 1610612749, Player ID: 1628398 across 2025-26
2026-04-09 16:59:36,444 - INFO - Fetching OFF Regular Season WOWY stats for Team ID: 1610612749, Player ID: 1628398  2025-26
2026-04-09 16:59:38,876 - INFO - Fetched OFF Regular Season WOWY stats for Team ID: 1610612749, Player ID: 1628398 across 2025-26
2026-04-09 16:59:43,791 - INFO - Saved data for player 1628398 to daily_data/2026/1628398.csv
2026-04-09 16:59:43,791 - INFO - Processing 1628401 - 1610612738.0 for 2026 (83/403)
2026-04-09 16:59:43,792 - INFO - Fetching ON Regular Season WOWY stats for Team ID: 1610612738, Player ID: 1628401  2025-26
2026-04-09 16:59:45,449 - INFO - Fetched ON Regular Season WOWY stats for Team ID: 1610612738, Player ID: 1628401 across 2025-26
2026-04-09 16:59:47,451 - INFO - Fetching OFF Regular Season WOWY stats for Team ID: 1610612738, Player ID: 1628401  2025-26
2026-04-09 16:59:49,038 - INFO - Fetched OFF Regular Season WOWY stats for Team ID: 1610612738, Player ID: 1628401 across 2025-26
2026-04-09 16:59:53,352 - INFO - Saved data for player 1628401 to daily_data/2026/1628401.csv
2026-04-09 16:59:53,353 - INFO - Processing 1628415 - 1610612756.0 for 2026 (84/403)
2026-04-09 16:59:53,353 - INFO - Fetching ON Regular Season WOWY stats for Team ID: 1610612756, Player ID: 1628415  2025-26
2026-04-09 16:59:54,746 - INFO - Fetched ON Regular Season WOWY stats for Team ID: 1610612756, Player ID: 1628415 across 2025-26
2026-04-09 16:59:56,748 - INFO - Fetching OFF Regular Season WOWY stats for Team ID: 1610612756, Player ID: 1628415  2025-26
2026-04-09 16:59:58,571 - INFO - Fetched OFF Regular Season WOWY stats for Team ID: 1610612756, Player ID: 1628415 across 2025-26
2026-04-09 17:00:03,163 - INFO - Saved data for player 1628415 to daily_data/2026/1628415.csv
2026-04-09 17:00:03,164 - INFO - Processing 1628420 - 1610612754.0 for 2026 (85/403)
2026-04-09 17:00:03,164 - INFO - Fetching ON Regular Season WOWY stats for Team ID: 1610612754, Player ID: 1628420  2025-26
2026-04-09 17:00:27,488 - WARNING - Request failed: 500 Server Error: Internal Server Error for url: https://api.pbpstats.com/get-wowy-stats/nba?0Exactly1OnFloor=1628420&TeamId=1610612754&Season=2025-26&SeasonType=Regular+Season&Type=Player. Retrying in 2.33 seconds (attempt 1/3)
2026-04-09 17:00:30,797 - INFO - Fetched ON Regular Season WOWY stats for Team ID: 1610612754, Player ID: 1628420 across 2025-26
2026-04-09 17:00:32,800 - INFO - Fetching OFF Regular Season WOWY stats for Team ID: 1610612754, Player ID: 1628420  2025-26
2026-04-09 17:00:43,426 - INFO - Fetched OFF Regular Season WOWY stats for Team ID: 1610612754, Player ID: 1628420 across 2025-26
2026-04-09 17:00:47,829 - INFO - Saved data for player 1628420 to daily_data/2026/1628420.csv
2026-04-09 17:00:47,830 - INFO - Processing 1628449 - 1610612738.0 for 2026 (86/403)
2026-04-09 17:00:47,830 - INFO - Fetching ON Regular Season WOWY stats for Team ID: 1610612738, Player ID: 1628449  2025-26
2026-04-09 17:00:49,357 - INFO - Fetched ON Regular Season WOWY stats for Team ID: 1610612738, Player ID: 1628449 across 2025-26
2026-04-09 17:00:51,360 - INFO - Fetching OFF Regular Season WOWY stats for Team ID: 1610612738, Player ID: 1628449  2025-26
2026-04-09 17:00:53,345 - INFO - Fetched OFF Regular Season WOWY stats for Team ID: 1610612738, Player ID: 1628449 across 2025-26
2026-04-09 17:00:57,494 - INFO - Saved data for player 1628449 to daily_data/2026/1628449.csv
2026-04-09 17:00:57,494 - INFO - Processing 1628467 - 1610612747.0 for 2026 (87/403)
2026-04-09 17:00:57,494 - INFO - Fetching ON Regular Season WOWY stats for Team ID: 1610612747, Player ID: 1628467  2025-26
2026-04-09 17:00:58,843 - INFO - Fetched ON Regular Season WOWY stats for Team ID: 1610612747, Player ID: 1628467 across 2025-26
2026-04-09 17:01:00,845 - INFO - Fetching OFF Regular Season WOWY stats for Team ID: 1610612747, Player ID: 1628467  2025-26
2026-04-09 17:01:03,110 - INFO - Fetched OFF Regular Season WOWY stats for Team ID: 1610612747, Player ID: 1628467 across 2025-26
2026-04-09 17:01:07,905 - INFO - Saved data for player 1628467 to daily_data/2026/1628467.csv
2026-04-09 17:01:07,905 - INFO - Processing 1628502 - 1610612756.0 for 2026 (88/403)
2026-04-09 17:01:07,905 - INFO - Fetching ON Regular Season WOWY stats for Team ID: 1610612756, Player ID: 1628502  2025-26
2026-04-09 17:01:09,078 - INFO - Fetched ON Regular Season WOWY stats for Team ID: 1610612756, Player ID: 1628502 across 2025-26
2026-04-09 17:01:11,080 - INFO - Fetching OFF Regular Season WOWY stats for Team ID: 1610612756, Player ID: 1628502  2025-26
2026-04-09 17:01:13,015 - INFO - Fetched OFF Regular Season WOWY stats for Team ID: 1610612756, Player ID: 1628502 across 2025-26
2026-04-09 17:01:17,161 - INFO - Saved data for player 1628502 to daily_data/2026/1628502.csv
2026-04-09 17:01:17,162 - INFO - Processing 1628960 - 1610612756.0 for 2026 (89/403)
2026-04-09 17:01:17,162 - INFO - Fetching ON Regular Season WOWY stats for Team ID: 1610612756, Player ID: 1628960  2025-26
2026-04-09 17:01:18,546 - INFO - Fetched ON Regular Season WOWY stats for Team ID: 1610612756, Player ID: 1628960 across 2025-26
2026-04-09 17:01:20,548 - INFO - Fetching OFF Regular Season WOWY stats for Team ID: 1610612756, Player ID: 1628960  2025-26
2026-04-09 17:01:22,664 - INFO - Fetched OFF Regular Season WOWY stats for Team ID: 1610612756, Player ID: 1628960 across 2025-26
2026-04-09 17:01:27,332 - INFO - Saved data for player 1628960 to daily_data/2026/1628960.csv
2026-04-09 17:01:27,333 - INFO - Processing 1628963 - 1610612764.0 for 2026 (90/403)
2026-04-09 17:01:27,333 - INFO - Fetching ON Regular Season WOWY stats for Team ID: 1610612764, Player ID: 1628963  2025-26
2026-04-09 17:01:28,775 - INFO - Fetched ON Regular Season WOWY stats for Team ID: 1610612764, Player ID: 1628963 across 2025-26
2026-04-09 17:01:30,777 - INFO - Fetching OFF Regular Season WOWY stats for Team ID: 1610612764, Player ID: 1628963  2025-26
2026-04-09 17:01:55,289 - INFO - Fetched OFF Regular Season WOWY stats for Team ID: 1610612764, Player ID: 1628963 across 2025-26
2026-04-09 17:01:59,680 - INFO - Processing 1628963 - 1610612742.0 for 2026 (90/403)
2026-04-09 17:01:59,681 - INFO - Fetching ON Regular Season WOWY stats for Team ID: 1610612742, Player ID: 1628963  2025-26
2026-04-09 17:02:01,500 - INFO - Fetched ON Regular Season WOWY stats for Team ID: 1610612742, Player ID: 1628963 across 2025-26
2026-04-09 17:02:03,502 - INFO - Fetching OFF Regular Season WOWY stats for Team ID: 1610612742, Player ID: 1628963  2025-26
2026-04-09 17:02:33,694 - WARNING - Request failed: HTTPSConnectionPool(host='api.pbpstats.com', port=443): Read timed out. (read timeout=30). Retrying in 2.39 seconds (attempt 1/3)
2026-04-09 17:02:39,089 - INFO - Fetched OFF Regular Season WOWY stats for Team ID: 1610612742, Player ID: 1628963 across 2025-26
2026-04-09 17:02:43,232 - INFO - Saved data for player 1628963 to daily_data/2026/1628963.csv
2026-04-09 17:02:43,232 - INFO - Progress: 90/403 players processed (22.3%)
2026-04-09 17:02:43,232 - INFO - Processing 1628964 - 1610612761.0 for 2026 (91/403)
2026-04-09 17:02:43,232 - INFO - Fetching ON Regular Season WOWY stats for Team ID: 1610612761, Player ID: 1628964  2025-26
2026-04-09 17:02:44,002 - INFO - Fetched ON Regular Season WOWY stats for Team ID: 1610612761, Player ID: 1628964 across 2025-26
2026-04-09 17:02:46,004 - INFO - Fetching OFF Regular Season WOWY stats for Team ID: 1610612761, Player ID: 1628964  2025-26
2026-04-09 17:02:48,182 - INFO - Fetched OFF Regular Season WOWY stats for Team ID: 1610612761, Player ID: 1628964 across 2025-26
2026-04-09 17:02:52,367 - INFO - Processing 1628964 - 1610612762.0 for 2026 (91/403)
2026-04-09 17:02:52,367 - INFO - Fetching ON Regular Season WOWY stats for Team ID: 1610612762, Player ID: 1628964  2025-26
2026-04-09 17:03:18,397 - INFO - Fetched ON Regular Season WOWY stats for Team ID: 1610612762, Player ID: 1628964 across 2025-26
2026-04-09 17:03:20,399 - INFO - Fetching OFF Regular Season WOWY stats for Team ID: 1610612762, Player ID: 1628964  2025-26
2026-04-09 17:03:22,924 - INFO - Fetched OFF Regular Season WOWY stats for Team ID: 1610612762, Player ID: 1628964 across 2025-26
2026-04-09 17:03:27,586 - INFO - Saved data for player 1628964 to daily_data/2026/1628964.csv
2026-04-09 17:03:27,586 - INFO - Processing 1628970 - 1610612766.0 for 2026 (92/403)
2026-04-09 17:03:27,586 - INFO - Fetching ON Regular Season WOWY stats for Team ID: 1610612766, Player ID: 1628970  2025-26
2026-04-09 17:03:29,212 - INFO - Fetched ON Regular Season WOWY stats for Team ID: 1610612766, Player ID: 1628970 across 2025-26
2026-04-09 17:03:31,215 - INFO - Fetching OFF Regular Season WOWY stats for Team ID: 1610612766, Player ID: 1628970  2025-26
2026-04-09 17:03:33,476 - INFO - Fetched OFF Regular Season WOWY stats for Team ID: 1610612766, Player ID: 1628970 across 2025-26
2026-04-09 17:03:38,507 - INFO - Saved data for player 1628970 to daily_data/2026/1628970.csv
2026-04-09 17:03:38,508 - INFO - Processing 1628975 - 1610612741.0 for 2026 (93/403)
2026-04-09 17:03:38,508 - INFO - Fetching ON Regular Season WOWY stats for Team ID: 1610612741, Player ID: 1628975  2025-26
2026-04-09 17:03:54,829 - INFO - Fetched ON Regular Season WOWY stats for Team ID: 1610612741, Player ID: 1628975 across 2025-26
2026-04-09 17:03:56,832 - INFO - Fetching OFF Regular Season WOWY stats for Team ID: 1610612741, Player ID: 1628975  2025-26
2026-04-09 17:03:59,487 - INFO - Fetched OFF Regular Season WOWY stats for Team ID: 1610612741, Player ID: 1628975 across 2025-26
2026-04-09 17:04:04,349 - INFO - Saved data for player 1628975 to daily_data/2026/1628975.csv
2026-04-09 17:04:04,350 - INFO - Processing 1628978 - 1610612750.0 for 2026 (94/403)
2026-04-09 17:04:04,350 - INFO - Fetching ON Regular Season WOWY stats for Team ID: 1610612750, Player ID: 1628978  2025-26
2026-04-09 17:04:06,659 - INFO - Fetched ON Regular Season WOWY stats for Team ID: 1610612750, Player ID: 1628978 across 2025-26
2026-04-09 17:04:08,661 - INFO - Fetching OFF Regular Season WOWY stats for Team ID: 1610612750, Player ID: 1628978  2025-26
2026-04-09 17:04:23,000 - WARNING - Request failed: 500 Server Error: Internal Server Error for url: https://api.pbpstats.com/get-wowy-stats/nba?0Exactly0OnFloor=1628978&TeamId=1610612750&Season=2025-26&SeasonType=Regular+Season&Type=Player. Retrying in 2.11 seconds (attempt 1/3)
2026-04-09 17:04:55,429 - WARNING - Request failed: HTTPSConnectionPool(host='api.pbpstats.com', port=443): Read timed out. (read timeout=30). Retrying in 4.45 seconds (attempt 2/3)
2026-04-09 17:05:08,660 - WARNING - Request failed: 502 Server Error: Bad Gateway for url: https://api.pbpstats.com/get-wowy-stats/nba?0Exactly0OnFloor=1628978&TeamId=1610612750&Season=2025-26&SeasonType=Regular+Season&Type=Player. Retrying in 8.06 seconds (attempt 3/3)
2026-04-09 17:05:46,905 - WARNING - Error processing 1628978 - 1610612750.0: Maximum retries reached. Last error: HTTPSConnectionPool(host='api.pbpstats.com', port=443): Read timed out. (read timeout=30). Retrying in 3.61s
2026-04-09 17:05:50,517 - INFO - Retry 1/3 for player 1628978 - team 1610612750.0
2026-04-09 17:05:50,518 - INFO - Fetching ON Regular Season WOWY stats for Team ID: 1610612750, Player ID: 1628978  2025-26
2026-04-09 17:05:51,092 - INFO - Fetched ON Regular Season WOWY stats for Team ID: 1610612750, Player ID: 1628978 across 2025-26
2026-04-09 17:05:53,094 - INFO - Fetching OFF Regular Season WOWY stats for Team ID: 1610612750, Player ID: 1628978  2025-26
2026-04-09 17:05:55,616 - INFO - Fetched OFF Regular Season WOWY stats for Team ID: 1610612750, Player ID: 1628978 across 2025-26
2026-04-09 17:06:00,286 - INFO - Saved data for player 1628978 to daily_data/2026/1628978.csv
2026-04-09 17:06:00,286 - INFO - Processing 1628983 - 1610612760.0 for 2026 (95/403)
2026-04-09 17:06:00,287 - INFO - Fetching ON Regular Season WOWY stats for Team ID: 1610612760, Player ID: 1628983  2025-26
2026-04-09 17:06:03,390 - INFO - Fetched ON Regular Season WOWY stats for Team ID: 1610612760, Player ID: 1628983 across 2025-26
2026-04-09 17:06:05,393 - INFO - Fetching OFF Regular Season WOWY stats for Team ID: 1610612760, Player ID: 1628983  2025-26
2026-04-09 17:06:09,571 - INFO - Fetched OFF Regular Season WOWY stats for Team ID: 1610612760, Player ID: 1628983 across 2025-26
2026-04-09 17:06:13,951 - INFO - Saved data for player 1628983 to daily_data/2026/1628983.csv
2026-04-09 17:06:13,952 - INFO - Processing 1628988 - 1610612745.0 for 2026 (96/403)
2026-04-09 17:06:13,952 - INFO - Fetching ON Regular Season WOWY stats for Team ID: 1610612745, Player ID: 1628988  2025-26
2026-04-09 17:06:24,632 - INFO - Fetched ON Regular Season WOWY stats for Team ID: 1610612745, Player ID: 1628988 across 2025-26
2026-04-09 17:06:26,634 - INFO - Fetching OFF Regular Season WOWY stats for Team ID: 1610612745, Player ID: 1628988  2025-26
2026-04-09 17:06:28,518 - INFO - Fetched OFF Regular Season WOWY stats for Team ID: 1610612745, Player ID: 1628988 across 2025-26
2026-04-09 17:06:32,824 - INFO - Saved data for player 1628988 to daily_data/2026/1628988.csv
2026-04-09 17:06:32,825 - INFO - Processing 1628989 - 1610612741.0 for 2026 (97/403)
2026-04-09 17:06:32,825 - INFO - Fetching ON Regular Season WOWY stats for Team ID: 1610612741, Player ID: 1628989  2025-26
2026-04-09 17:06:34,239 - INFO - Fetched ON Regular Season WOWY stats for Team ID: 1610612741, Player ID: 1628989 across 2025-26
2026-04-09 17:06:36,241 - INFO - Fetching OFF Regular Season WOWY stats for Team ID: 1610612741, Player ID: 1628989  2025-26
2026-04-09 17:06:38,531 - INFO - Fetched OFF Regular Season WOWY stats for Team ID: 1610612741, Player ID: 1628989 across 2025-26
2026-04-09 17:06:43,352 - INFO - Saved data for player 1628989 to daily_data/2026/1628989.csv
2026-04-09 17:06:43,353 - INFO - Processing 1628991 - 1610612762.0 for 2026 (98/403)
2026-04-09 17:06:43,353 - INFO - Fetching ON Regular Season WOWY stats for Team ID: 1610612762, Player ID: 1628991  2025-26
2026-04-09 17:06:44,264 - INFO - Fetched ON Regular Season WOWY stats for Team ID: 1610612762, Player ID: 1628991 across 2025-26
2026-04-09 17:06:46,266 - INFO - Fetching OFF Regular Season WOWY stats for Team ID: 1610612762, Player ID: 1628991  2025-26
2026-04-09 17:06:49,727 - INFO - Fetched OFF Regular Season WOWY stats for Team ID: 1610612762, Player ID: 1628991 across 2025-26
2026-04-09 17:06:54,553 - INFO - Saved data for player 1628991 to daily_data/2026/1628991.csv
2026-04-09 17:06:54,554 - INFO - Processing 1628997 - 1610612742.0 for 2026 (99/403)
2026-04-09 17:06:54,554 - INFO - Fetching ON Regular Season WOWY stats for Team ID: 1610612742, Player ID: 1628997  2025-26
2026-04-09 17:06:56,306 - INFO - Fetched ON Regular Season WOWY stats for Team ID: 1610612742, Player ID: 1628997 across 2025-26
2026-04-09 17:06:58,308 - INFO - Fetching OFF Regular Season WOWY stats for Team ID: 1610612742, Player ID: 1628997  2025-26
2026-04-09 17:07:02,317 - INFO - Fetched OFF Regular Season WOWY stats for Team ID: 1610612742, Player ID: 1628997 across 2025-26
2026-04-09 17:07:06,587 - INFO - Saved data for player 1628997 to daily_data/2026/1628997.csv
2026-04-09 17:07:06,587 - INFO - Processing 1628998 - 1610612754.0 for 2026 (100/403)
2026-04-09 17:07:06,587 - INFO - Fetching ON Regular Season WOWY stats for Team ID: 1610612754, Player ID: 1628998  2025-26
2026-04-09 17:07:10,967 - INFO - Fetched ON Regular Season WOWY stats for Team ID: 1610612754, Player ID: 1628998 across 2025-26
2026-04-09 17:07:12,969 - INFO - Fetching OFF Regular Season WOWY stats for Team ID: 1610612754, Player ID: 1628998  2025-26
2026-04-09 17:07:17,365 - INFO - Fetched OFF Regular Season WOWY stats for Team ID: 1610612754, Player ID: 1628998 across 2025-26
2026-04-09 17:07:21,720 - INFO - Saved data for player 1628998 to daily_data/2026/1628998.csv
2026-04-09 17:07:21,720 - INFO - Progress: 100/403 players processed (24.8%)
2026-04-09 17:07:21,720 - INFO - Processing 1629001 - 1610612744.0 for 2026 (101/403)
2026-04-09 17:07:21,720 - INFO - Fetching ON Regular Season WOWY stats for Team ID: 1610612744, Player ID: 1629001  2025-26
2026-04-09 17:07:38,011 - WARNING - Request failed: 500 Server Error: Internal Server Error for url: https://api.pbpstats.com/get-wowy-stats/nba?0Exactly1OnFloor=1629001&TeamId=1610612744&Season=2025-26&SeasonType=Regular+Season&Type=Player. Retrying in 2.87 seconds (attempt 1/3)
2026-04-09 17:08:07,466 - INFO - Fetched ON Regular Season WOWY stats for Team ID: 1610612744, Player ID: 1629001 across 2025-26
2026-04-09 17:08:09,469 - INFO - Fetching OFF Regular Season WOWY stats for Team ID: 1610612744, Player ID: 1629001  2025-26
2026-04-09 17:08:18,736 - INFO - Fetched OFF Regular Season WOWY stats for Team ID: 1610612744, Player ID: 1629001 across 2025-26
2026-04-09 17:08:23,456 - INFO - Saved data for player 1629001 to daily_data/2026/1629001.csv
2026-04-09 17:08:23,457 - INFO - Processing 1629004 - 1610612762.0 for 2026 (102/403)
2026-04-09 17:08:23,457 - INFO - Fetching ON Regular Season WOWY stats for Team ID: 1610612762, Player ID: 1629004  2025-26
2026-04-09 17:08:53,707 - WARNING - Request failed: HTTPSConnectionPool(host='api.pbpstats.com', port=443): Read timed out. (read timeout=30). Retrying in 2.95 seconds (attempt 1/3)
2026-04-09 17:08:59,564 - INFO - Fetched ON Regular Season WOWY stats for Team ID: 1610612762, Player ID: 1629004 across 2025-26
2026-04-09 17:09:01,567 - INFO - Fetching OFF Regular Season WOWY stats for Team ID: 1610612762, Player ID: 1629004  2025-26
2026-04-09 17:09:22,377 - INFO - Fetched OFF Regular Season WOWY stats for Team ID: 1610612762, Player ID: 1629004 across 2025-26
2026-04-09 17:09:26,521 - INFO - Saved data for player 1629004 to daily_data/2026/1629004.csv
2026-04-09 17:09:26,522 - INFO - Processing 1629006 - 1610612745.0 for 2026 (103/403)
2026-04-09 17:09:26,522 - INFO - Fetching ON Regular Season WOWY stats for Team ID: 1610612745, Player ID: 1629006  2025-26
2026-04-09 17:09:56,704 - WARNING - Request failed: HTTPSConnectionPool(host='api.pbpstats.com', port=443): Read timed out. (read timeout=30). Retrying in 2.32 seconds (attempt 1/3)
2026-04-09 17:10:18,450 - WARNING - Request failed: 502 Server Error: Bad Gateway for url: https://api.pbpstats.com/get-wowy-stats/nba?0Exactly1OnFloor=1629006&TeamId=1610612745&Season=2025-26&SeasonType=Regular+Season&Type=Player. Retrying in 4.44 seconds (attempt 2/3)
2026-04-09 17:10:53,153 - WARNING - Request failed: HTTPSConnectionPool(host='api.pbpstats.com', port=443): Read timed out. (read timeout=30). Retrying in 8.66 seconds (attempt 3/3)
2026-04-09 17:11:04,402 - INFO - Fetched ON Regular Season WOWY stats for Team ID: 1610612745, Player ID: 1629006 across 2025-26
2026-04-09 17:11:06,405 - INFO - Fetching OFF Regular Season WOWY stats for Team ID: 1610612745, Player ID: 1629006  2025-26
2026-04-09 17:11:10,838 - INFO - Fetched OFF Regular Season WOWY stats for Team ID: 1610612745, Player ID: 1629006 across 2025-26
2026-04-09 17:11:15,505 - INFO - Saved data for player 1629006 to daily_data/2026/1629006.csv
2026-04-09 17:11:15,506 - INFO - Processing 1629008 - 1610612751.0 for 2026 (104/403)
2026-04-09 17:11:15,506 - INFO - Fetching ON Regular Season WOWY stats for Team ID: 1610612751, Player ID: 1629008  2025-26
2026-04-09 17:11:26,893 - INFO - Fetched ON Regular Season WOWY stats for Team ID: 1610612751, Player ID: 1629008 across 2025-26
2026-04-09 17:11:28,895 - INFO - Fetching OFF Regular Season WOWY stats for Team ID: 1610612751, Player ID: 1629008  2025-26
2026-04-09 17:11:32,638 - INFO - Fetched OFF Regular Season WOWY stats for Team ID: 1610612751, Player ID: 1629008 across 2025-26
2026-04-09 17:11:36,883 - INFO - Saved data for player 1629008 to daily_data/2026/1629008.csv
2026-04-09 17:11:36,884 - INFO - Processing 1629012 - 1610612766.0 for 2026 (105/403)
2026-04-09 17:11:36,884 - INFO - Fetching ON Regular Season WOWY stats for Team ID: 1610612766, Player ID: 1629012  2025-26
2026-04-09 17:11:40,999 - INFO - Fetched ON Regular Season WOWY stats for Team ID: 1610612766, Player ID: 1629012 across 2025-26
2026-04-09 17:11:43,001 - INFO - Fetching OFF Regular Season WOWY stats for Team ID: 1610612766, Player ID: 1629012  2025-26
2026-04-09 17:12:01,032 - INFO - Fetched OFF Regular Season WOWY stats for Team ID: 1610612766, Player ID: 1629012 across 2025-26
2026-04-09 17:12:06,004 - INFO - Processing 1629012 - 1610612741.0 for 2026 (105/403)
2026-04-09 17:12:06,005 - INFO - Fetching ON Regular Season WOWY stats for Team ID: 1610612741, Player ID: 1629012  2025-26
2026-04-09 17:12:14,757 - INFO - Fetched ON Regular Season WOWY stats for Team ID: 1610612741, Player ID: 1629012 across 2025-26
2026-04-09 17:12:16,759 - INFO - Fetching OFF Regular Season WOWY stats for Team ID: 1610612741, Player ID: 1629012  2025-26
2026-04-09 17:12:23,686 - INFO - Fetched OFF Regular Season WOWY stats for Team ID: 1610612741, Player ID: 1629012 across 2025-26
2026-04-09 17:12:28,640 - INFO - Saved data for player 1629012 to daily_data/2026/1629012.csv
2026-04-09 17:12:28,640 - INFO - Processing 1629014 - 1610612738.0 for 2026 (106/403)
2026-04-09 17:12:28,640 - INFO - Fetching ON Regular Season WOWY stats for Team ID: 1610612738, Player ID: 1629014  2025-26
2026-04-09 17:12:58,856 - WARNING - Request failed: HTTPSConnectionPool(host='api.pbpstats.com', port=443): Read timed out. (read timeout=30). Retrying in 2.92 seconds (attempt 1/3)
2026-04-09 17:13:25,232 - INFO - Fetched ON Regular Season WOWY stats for Team ID: 1610612738, Player ID: 1629014 across 2025-26
2026-04-09 17:13:27,235 - INFO - Fetching OFF Regular Season WOWY stats for Team ID: 1610612738, Player ID: 1629014  2025-26
2026-04-09 17:13:44,451 - INFO - Fetched OFF Regular Season WOWY stats for Team ID: 1610612738, Player ID: 1629014 across 2025-26
2026-04-09 17:13:49,200 - INFO - Processing 1629014 - 1610612741.0 for 2026 (106/403)
2026-04-09 17:13:49,200 - INFO - Fetching ON Regular Season WOWY stats for Team ID: 1610612741, Player ID: 1629014  2025-26
2026-04-09 17:13:53,036 - INFO - Fetched ON Regular Season WOWY stats for Team ID: 1610612741, Player ID: 1629014 across 2025-26
2026-04-09 17:13:55,038 - INFO - Fetching OFF Regular Season WOWY stats for Team ID: 1610612741, Player ID: 1629014  2025-26
2026-04-09 17:14:01,439 - INFO - Fetched OFF Regular Season WOWY stats for Team ID: 1610612741, Player ID: 1629014 across 2025-26
2026-04-09 17:14:05,950 - INFO - Saved data for player 1629014 to daily_data/2026/1629014.csv
2026-04-09 17:14:05,950 - INFO - Processing 1629018 - 1610612749.0 for 2026 (107/403)
2026-04-09 17:14:05,950 - INFO - Fetching ON Regular Season WOWY stats for Team ID: 1610612749, Player ID: 1629018  2025-26
2026-04-09 17:14:08,659 - INFO - Fetched ON Regular Season WOWY stats for Team ID: 1610612749, Player ID: 1629018 across 2025-26
2026-04-09 17:14:10,661 - INFO - Fetching OFF Regular Season WOWY stats for Team ID: 1610612749, Player ID: 1629018  2025-26
2026-04-09 17:14:14,391 - INFO - Fetched OFF Regular Season WOWY stats for Team ID: 1610612749, Player ID: 1629018 across 2025-26
2026-04-09 17:14:18,859 - INFO - Saved data for player 1629018 to daily_data/2026/1629018.csv
2026-04-09 17:14:18,860 - INFO - Processing 1629020 - 1610612747.0 for 2026 (108/403)
2026-04-09 17:14:18,860 - INFO - Fetching ON Regular Season WOWY stats for Team ID: 1610612747, Player ID: 1629020  2025-26
2026-04-09 17:14:21,697 - INFO - Fetched ON Regular Season WOWY stats for Team ID: 1610612747, Player ID: 1629020 across 2025-26
2026-04-09 17:14:23,699 - INFO - Fetching OFF Regular Season WOWY stats for Team ID: 1610612747, Player ID: 1629020  2025-26
2026-04-09 17:14:49,013 - INFO - Fetched OFF Regular Season WOWY stats for Team ID: 1610612747, Player ID: 1629020 across 2025-26
2026-04-09 17:14:53,162 - INFO - Saved data for player 1629020 to daily_data/2026/1629020.csv
2026-04-09 17:14:53,162 - INFO - Processing 1629023 - 1610612742.0 for 2026 (109/403)
2026-04-09 17:14:53,162 - INFO - Fetching ON Regular Season WOWY stats for Team ID: 1610612742, Player ID: 1629023  2025-26
2026-04-09 17:15:05,051 - INFO - Fetched ON Regular Season WOWY stats for Team ID: 1610612742, Player ID: 1629023 across 2025-26
2026-04-09 17:15:07,053 - INFO - Fetching OFF Regular Season WOWY stats for Team ID: 1610612742, Player ID: 1629023  2025-26
2026-04-09 17:15:09,797 - INFO - Fetched OFF Regular Season WOWY stats for Team ID: 1610612742, Player ID: 1629023 across 2025-26
2026-04-09 17:15:14,094 - INFO - Saved data for player 1629023 to daily_data/2026/1629023.csv
2026-04-09 17:15:14,094 - INFO - Processing 1629026 - 1610612760.0 for 2026 (110/403)
2026-04-09 17:15:14,095 - INFO - Fetching ON Regular Season WOWY stats for Team ID: 1610612760, Player ID: 1629026  2025-26
2026-04-09 17:15:15,784 - INFO - Fetched ON Regular Season WOWY stats for Team ID: 1610612760, Player ID: 1629026 across 2025-26
2026-04-09 17:15:17,786 - INFO - Fetching OFF Regular Season WOWY stats for Team ID: 1610612760, Player ID: 1629026  2025-26
2026-04-09 17:15:21,181 - INFO - Fetched OFF Regular Season WOWY stats for Team ID: 1610612760, Player ID: 1629026 across 2025-26
2026-04-09 17:15:25,976 - INFO - Saved data for player 1629026 to daily_data/2026/1629026.csv
2026-04-09 17:15:25,976 - INFO - Progress: 110/403 players processed (27.3%)
2026-04-09 17:15:25,977 - INFO - Processing 1629027 - 1610612764.0 for 2026 (111/403)
2026-04-09 17:15:25,977 - INFO - Fetching ON Regular Season WOWY stats for Team ID: 1610612764, Player ID: 1629027  2025-26
2026-04-09 17:15:26,932 - INFO - Fetched ON Regular Season WOWY stats for Team ID: 1610612764, Player ID: 1629027 across 2025-26
2026-04-09 17:15:28,934 - INFO - Fetching OFF Regular Season WOWY stats for Team ID: 1610612764, Player ID: 1629027  2025-26
2026-04-09 17:15:31,901 - INFO - Fetched OFF Regular Season WOWY stats for Team ID: 1610612764, Player ID: 1629027 across 2025-26
2026-04-09 17:15:36,478 - INFO - Saved data for player 1629027 to daily_data/2026/1629027.csv
2026-04-09 17:15:36,478 - INFO - Processing 1629028 - 1610612747.0 for 2026 (112/403)
2026-04-09 17:15:36,478 - INFO - Fetching ON Regular Season WOWY stats for Team ID: 1610612747, Player ID: 1629028  2025-26
2026-04-09 17:15:37,884 - INFO - Fetched ON Regular Season WOWY stats for Team ID: 1610612747, Player ID: 1629028 across 2025-26
2026-04-09 17:15:39,885 - INFO - Fetching OFF Regular Season WOWY stats for Team ID: 1610612747, Player ID: 1629028  2025-26
2026-04-09 17:15:42,015 - INFO - Fetched OFF Regular Season WOWY stats for Team ID: 1610612747, Player ID: 1629028 across 2025-26
2026-04-09 17:15:46,721 - INFO - Saved data for player 1629028 to daily_data/2026/1629028.csv
2026-04-09 17:15:46,722 - INFO - Processing 1629029 - 1610612747.0 for 2026 (113/403)
2026-04-09 17:15:46,722 - INFO - Fetching ON Regular Season WOWY stats for Team ID: 1610612747, Player ID: 1629029  2025-26
2026-04-09 17:15:49,516 - INFO - Fetched ON Regular Season WOWY stats for Team ID: 1610612747, Player ID: 1629029 across 2025-26
2026-04-09 17:15:51,518 - INFO - Fetching OFF Regular Season WOWY stats for Team ID: 1610612747, Player ID: 1629029  2025-26
2026-04-09 17:15:53,681 - INFO - Fetched OFF Regular Season WOWY stats for Team ID: 1610612747, Player ID: 1629029 across 2025-26
2026-04-09 17:15:58,389 - INFO - Saved data for player 1629029 to daily_data/2026/1629029.csv
2026-04-09 17:15:58,390 - INFO - Processing 1629060 - 1610612747.0 for 2026 (114/403)
2026-04-09 17:15:58,390 - INFO - Fetching ON Regular Season WOWY stats for Team ID: 1610612747, Player ID: 1629060  2025-26
2026-04-09 17:16:15,225 - INFO - Fetched ON Regular Season WOWY stats for Team ID: 1610612747, Player ID: 1629060 across 2025-26
2026-04-09 17:16:17,227 - INFO - Fetching OFF Regular Season WOWY stats for Team ID: 1610612747, Player ID: 1629060  2025-26
2026-04-09 17:16:18,768 - INFO - Fetched OFF Regular Season WOWY stats for Team ID: 1610612747, Player ID: 1629060 across 2025-26
2026-04-09 17:16:23,514 - INFO - Saved data for player 1629060 to daily_data/2026/1629060.csv
2026-04-09 17:16:23,514 - INFO - Processing 1629216 - 1610612747.0 for 2026 (115/403)
2026-04-09 17:16:23,514 - INFO - Fetching ON Regular Season WOWY stats for Team ID: 1610612747, Player ID: 1629216  2025-26
2026-04-09 17:16:35,734 - INFO - Fetched ON Regular Season WOWY stats for Team ID: 1610612747, Player ID: 1629216 across 2025-26
2026-04-09 17:16:37,736 - INFO - Fetching OFF Regular Season WOWY stats for Team ID: 1610612747, Player ID: 1629216  2025-26
2026-04-09 17:16:39,733 - INFO - Fetched OFF Regular Season WOWY stats for Team ID: 1610612747, Player ID: 1629216 across 2025-26
2026-04-09 17:16:44,678 - INFO - Saved data for player 1629216 to daily_data/2026/1629216.csv
2026-04-09 17:16:44,679 - INFO - Processing 1629234 - 1610612758.0 for 2026 (116/403)
2026-04-09 17:16:44,679 - INFO - Fetching ON Regular Season WOWY stats for Team ID: 1610612758, Player ID: 1629234  2025-26
2026-04-09 17:16:46,018 - INFO - Fetched ON Regular Season WOWY stats for Team ID: 1610612758, Player ID: 1629234 across 2025-26
2026-04-09 17:16:48,021 - INFO - Fetching OFF Regular Season WOWY stats for Team ID: 1610612758, Player ID: 1629234  2025-26
2026-04-09 17:16:52,299 - WARNING - Request failed: 500 Server Error: Internal Server Error for url: https://api.pbpstats.com/get-wowy-stats/nba?0Exactly0OnFloor=1629234&TeamId=1610612758&Season=2025-26&SeasonType=Regular+Season&Type=Player. Retrying in 2.09 seconds (attempt 1/3)
2026-04-09 17:17:00,371 - INFO - Fetched OFF Regular Season WOWY stats for Team ID: 1610612758, Player ID: 1629234 across 2025-26
2026-04-09 17:17:04,562 - INFO - Saved data for player 1629234 to daily_data/2026/1629234.csv
2026-04-09 17:17:04,562 - INFO - Processing 1629312 - 1610612756.0 for 2026 (117/403)
2026-04-09 17:17:04,562 - INFO - Fetching ON Regular Season WOWY stats for Team ID: 1610612756, Player ID: 1629312  2025-26
2026-04-09 17:17:26,580 - INFO - Fetched ON Regular Season WOWY stats for Team ID: 1610612756, Player ID: 1629312 across 2025-26
2026-04-09 17:17:28,582 - INFO - Fetching OFF Regular Season WOWY stats for Team ID: 1610612756, Player ID: 1629312  2025-26
2026-04-09 17:17:30,935 - INFO - Fetched OFF Regular Season WOWY stats for Team ID: 1610612756, Player ID: 1629312 across 2025-26
2026-04-09 17:17:35,718 - INFO - Saved data for player 1629312 to daily_data/2026/1629312.csv
2026-04-09 17:17:35,719 - INFO - Processing 1629599 - 1610612749.0 for 2026 (118/403)
2026-04-09 17:17:35,719 - INFO - Fetching ON Regular Season WOWY stats for Team ID: 1610612749, Player ID: 1629599  2025-26
2026-04-09 17:17:36,870 - INFO - Fetched ON Regular Season WOWY stats for Team ID: 1610612749, Player ID: 1629599 across 2025-26
2026-04-09 17:17:38,872 - INFO - Fetching OFF Regular Season WOWY stats for Team ID: 1610612749, Player ID: 1629599  2025-26
2026-04-09 17:17:41,167 - INFO - Fetched OFF Regular Season WOWY stats for Team ID: 1610612749, Player ID: 1629599 across 2025-26
2026-04-09 17:17:45,375 - INFO - Processing 1629599 - 1610612756.0 for 2026 (118/403)
2026-04-09 17:17:45,376 - INFO - Fetching ON Regular Season WOWY stats for Team ID: 1610612756, Player ID: 1629599  2025-26
2026-04-09 17:17:46,624 - INFO - Fetched ON Regular Season WOWY stats for Team ID: 1610612756, Player ID: 1629599 across 2025-26
2026-04-09 17:17:48,626 - INFO - Fetching OFF Regular Season WOWY stats for Team ID: 1610612756, Player ID: 1629599  2025-26
2026-04-09 17:17:50,858 - INFO - Fetched OFF Regular Season WOWY stats for Team ID: 1610612756, Player ID: 1629599 across 2025-26
2026-04-09 17:17:55,333 - INFO - Saved data for player 1629599 to daily_data/2026/1629599.csv
2026-04-09 17:17:55,333 - INFO - Processing 1629610 - 1610612758.0 for 2026 (119/403)
2026-04-09 17:17:55,334 - INFO - Fetching ON Regular Season WOWY stats for Team ID: 1610612758, Player ID: 1629610  2025-26
2026-04-09 17:17:56,300 - INFO - Fetched ON Regular Season WOWY stats for Team ID: 1610612758, Player ID: 1629610 across 2025-26
2026-04-09 17:17:58,300 - INFO - Fetching OFF Regular Season WOWY stats for Team ID: 1610612758, Player ID: 1629610  2025-26
2026-04-09 17:18:01,195 - INFO - Fetched OFF Regular Season WOWY stats for Team ID: 1610612758, Player ID: 1629610 across 2025-26
2026-04-09 17:18:05,750 - INFO - Saved data for player 1629610 to daily_data/2026/1629610.csv
2026-04-09 17:18:05,751 - INFO - Processing 1629611 - 1610612751.0 for 2026 (120/403)
2026-04-09 17:18:05,751 - INFO - Fetching ON Regular Season WOWY stats for Team ID: 1610612751, Player ID: 1629611  2025-26
2026-04-09 17:18:07,297 - INFO - Fetched ON Regular Season WOWY stats for Team ID: 1610612751, Player ID: 1629611 across 2025-26
2026-04-09 17:18:09,298 - INFO - Fetching OFF Regular Season WOWY stats for Team ID: 1610612751, Player ID: 1629611  2025-26
2026-04-09 17:18:12,109 - INFO - Fetched OFF Regular Season WOWY stats for Team ID: 1610612751, Player ID: 1629611 across 2025-26
2026-04-09 17:18:16,333 - INFO - Saved data for player 1629611 to daily_data/2026/1629611.csv
2026-04-09 17:18:16,333 - INFO - Progress: 120/403 players processed (29.8%)
2026-04-09 17:18:16,334 - INFO - Processing 1629614 - 1610612754.0 for 2026 (121/403)
2026-04-09 17:18:16,334 - INFO - Fetching ON Regular Season WOWY stats for Team ID: 1610612754, Player ID: 1629614  2025-26
2026-04-09 17:18:47,439 - WARNING - Request failed: HTTPSConnectionPool(host='api.pbpstats.com', port=443): Read timed out. (read timeout=30). Retrying in 2.47 seconds (attempt 1/3)
2026-04-09 17:18:53,618 - INFO - Fetched ON Regular Season WOWY stats for Team ID: 1610612754, Player ID: 1629614 across 2025-26
2026-04-09 17:18:55,620 - INFO - Fetching OFF Regular Season WOWY stats for Team ID: 1610612754, Player ID: 1629614  2025-26
2026-04-09 17:19:00,366 - INFO - Fetched OFF Regular Season WOWY stats for Team ID: 1610612754, Player ID: 1629614 across 2025-26
2026-04-09 17:19:04,777 - INFO - Saved data for player 1629614 to daily_data/2026/1629614.csv
2026-04-09 17:19:04,777 - INFO - Processing 1629627 - 1610612740.0 for 2026 (122/403)
2026-04-09 17:19:04,777 - INFO - Fetching ON Regular Season WOWY stats for Team ID: 1610612740, Player ID: 1629627  2025-26
2026-04-09 17:19:34,945 - WARNING - Request failed: HTTPSConnectionPool(host='api.pbpstats.com', port=443): Read timed out. (read timeout=30). Retrying in 2.21 seconds (attempt 1/3)
2026-04-09 17:19:58,449 - WARNING - Request failed: 500 Server Error: Internal Server Error for url: https://api.pbpstats.com/get-wowy-stats/nba?0Exactly1OnFloor=1629627&TeamId=1610612740&Season=2025-26&SeasonType=Regular+Season&Type=Player. Retrying in 4.65 seconds (attempt 2/3)
2026-04-09 17:20:04,872 - INFO - Fetched ON Regular Season WOWY stats for Team ID: 1610612740, Player ID: 1629627 across 2025-26
2026-04-09 17:20:06,874 - INFO - Fetching OFF Regular Season WOWY stats for Team ID: 1610612740, Player ID: 1629627  2025-26
2026-04-09 17:20:12,078 - INFO - Fetched OFF Regular Season WOWY stats for Team ID: 1610612740, Player ID: 1629627 across 2025-26
2026-04-09 17:20:16,821 - INFO - Saved data for player 1629627 to daily_data/2026/1629627.csv
2026-04-09 17:20:16,821 - INFO - Processing 1629628 - 1610612761.0 for 2026 (123/403)
2026-04-09 17:20:16,821 - INFO - Fetching ON Regular Season WOWY stats for Team ID: 1610612761, Player ID: 1629628  2025-26
2026-04-09 17:20:28,263 - INFO - Fetched ON Regular Season WOWY stats for Team ID: 1610612761, Player ID: 1629628 across 2025-26
2026-04-09 17:20:30,265 - INFO - Fetching OFF Regular Season WOWY stats for Team ID: 1610612761, Player ID: 1629628  2025-26
2026-04-09 17:21:00,482 - WARNING - Request failed: HTTPSConnectionPool(host='api.pbpstats.com', port=443): Read timed out. (read timeout=30). Retrying in 2.35 seconds (attempt 1/3)
2026-04-09 17:21:09,480 - INFO - Fetched OFF Regular Season WOWY stats for Team ID: 1610612761, Player ID: 1629628 across 2025-26
2026-04-09 17:21:14,147 - INFO - Saved data for player 1629628 to daily_data/2026/1629628.csv
2026-04-09 17:21:14,147 - INFO - Processing 1629631 - 1610612758.0 for 2026 (124/403)
2026-04-09 17:21:14,147 - INFO - Fetching ON Regular Season WOWY stats for Team ID: 1610612758, Player ID: 1629631  2025-26
2026-04-09 17:21:15,404 - INFO - Fetched ON Regular Season WOWY stats for Team ID: 1610612758, Player ID: 1629631 across 2025-26
2026-04-09 17:21:17,407 - INFO - Fetching OFF Regular Season WOWY stats for Team ID: 1610612758, Player ID: 1629631  2025-26
2026-04-09 17:21:22,104 - INFO - Fetched OFF Regular Season WOWY stats for Team ID: 1610612758, Player ID: 1629631 across 2025-26
2026-04-09 17:21:26,593 - INFO - Saved data for player 1629631 to daily_data/2026/1629631.csv
2026-04-09 17:21:26,594 - INFO - Processing 1629632 - 1610612741.0 for 2026 (125/403)
2026-04-09 17:21:26,594 - INFO - Fetching ON Regular Season WOWY stats for Team ID: 1610612741, Player ID: 1629632  2025-26
2026-04-09 17:21:28,703 - INFO - Fetched ON Regular Season WOWY stats for Team ID: 1610612741, Player ID: 1629632 across 2025-26
2026-04-09 17:21:30,705 - INFO - Fetching OFF Regular Season WOWY stats for Team ID: 1610612741, Player ID: 1629632  2025-26
2026-04-09 17:21:33,456 - INFO - Fetched OFF Regular Season WOWY stats for Team ID: 1610612741, Player ID: 1629632 across 2025-26
2026-04-09 17:21:38,264 - INFO - Processing 1629632 - 1610612766.0 for 2026 (125/403)
2026-04-09 17:21:38,264 - INFO - Fetching ON Regular Season WOWY stats for Team ID: 1610612766, Player ID: 1629632  2025-26
2026-04-09 17:21:39,925 - INFO - Fetched ON Regular Season WOWY stats for Team ID: 1610612766, Player ID: 1629632 across 2025-26
2026-04-09 17:21:41,927 - INFO - Fetching OFF Regular Season WOWY stats for Team ID: 1610612766, Player ID: 1629632  2025-26
2026-04-09 17:21:47,720 - INFO - Fetched OFF Regular Season WOWY stats for Team ID: 1610612766, Player ID: 1629632 across 2025-26
2026-04-09 17:21:52,395 - INFO - Saved data for player 1629632 to daily_data/2026/1629632.csv
2026-04-09 17:21:52,396 - INFO - Processing 1629636 - 1610612746.0 for 2026 (126/403)
2026-04-09 17:21:52,396 - INFO - Fetching ON Regular Season WOWY stats for Team ID: 1610612746, Player ID: 1629636  2025-26
2026-04-09 17:21:53,595 - INFO - Fetched ON Regular Season WOWY stats for Team ID: 1610612746, Player ID: 1629636 across 2025-26
2026-04-09 17:21:55,597 - INFO - Fetching OFF Regular Season WOWY stats for Team ID: 1610612746, Player ID: 1629636  2025-26
2026-04-09 17:21:58,832 - INFO - Fetched OFF Regular Season WOWY stats for Team ID: 1610612746, Player ID: 1629636 across 2025-26
2026-04-09 17:22:03,313 - INFO - Saved data for player 1629636 to daily_data/2026/1629636.csv
2026-04-09 17:22:03,314 - INFO - Processing 1629637 - 1610612747.0 for 2026 (127/403)
2026-04-09 17:22:03,314 - INFO - Fetching ON Regular Season WOWY stats for Team ID: 1610612747, Player ID: 1629637  2025-26
2026-04-09 17:22:06,519 - INFO - Fetched ON Regular Season WOWY stats for Team ID: 1610612747, Player ID: 1629637 across 2025-26
2026-04-09 17:22:08,521 - INFO - Fetching OFF Regular Season WOWY stats for Team ID: 1610612747, Player ID: 1629637  2025-26
2026-04-09 17:22:10,423 - INFO - Fetched OFF Regular Season WOWY stats for Team ID: 1610612747, Player ID: 1629637 across 2025-26
2026-04-09 17:22:15,251 - INFO - Saved data for player 1629637 to daily_data/2026/1629637.csv
2026-04-09 17:22:15,252 - INFO - Processing 1629639 - 1610612748.0 for 2026 (128/403)
2026-04-09 17:22:15,252 - INFO - Fetching ON Regular Season WOWY stats for Team ID: 1610612748, Player ID: 1629639  2025-26
2026-04-09 17:22:16,868 - INFO - Fetched ON Regular Season WOWY stats for Team ID: 1610612748, Player ID: 1629639 across 2025-26
2026-04-09 17:22:18,870 - INFO - Fetching OFF Regular Season WOWY stats for Team ID: 1610612748, Player ID: 1629639  2025-26
2026-04-09 17:22:21,952 - INFO - Fetched OFF Regular Season WOWY stats for Team ID: 1610612748, Player ID: 1629639 across 2025-26
2026-04-09 17:22:26,830 - INFO - Saved data for player 1629639 to daily_data/2026/1629639.csv
2026-04-09 17:22:26,830 - INFO - Processing 1629645 - 1610612749.0 for 2026 (129/403)
2026-04-09 17:22:26,830 - INFO - Fetching ON Regular Season WOWY stats for Team ID: 1610612749, Player ID: 1629645  2025-26
2026-04-09 17:22:28,574 - INFO - Fetched ON Regular Season WOWY stats for Team ID: 1610612749, Player ID: 1629645 across 2025-26
2026-04-09 17:22:30,575 - INFO - Fetching OFF Regular Season WOWY stats for Team ID: 1610612749, Player ID: 1629645  2025-26
2026-04-09 17:22:32,679 - INFO - Fetched OFF Regular Season WOWY stats for Team ID: 1610612749, Player ID: 1629645 across 2025-26
2026-04-09 17:22:37,679 - INFO - Saved data for player 1629645 to daily_data/2026/1629645.csv
2026-04-09 17:22:37,679 - INFO - Processing 1629646 - 1610612738.0 for 2026 (130/403)
2026-04-09 17:22:37,679 - INFO - Fetching ON Regular Season WOWY stats for Team ID: 1610612738, Player ID: 1629646  2025-26
2026-04-09 17:22:38,842 - INFO - Fetched ON Regular Season WOWY stats for Team ID: 1610612738, Player ID: 1629646 across 2025-26
2026-04-09 17:22:40,844 - INFO - Fetching OFF Regular Season WOWY stats for Team ID: 1610612738, Player ID: 1629646  2025-26
2026-04-09 17:22:43,049 - INFO - Fetched OFF Regular Season WOWY stats for Team ID: 1610612738, Player ID: 1629646 across 2025-26
2026-04-09 17:22:47,583 - INFO - Processing 1629646 - 1610612744.0 for 2026 (130/403)
2026-04-09 17:22:47,583 - INFO - Fetching ON Regular Season WOWY stats for Team ID: 1610612744, Player ID: 1629646  2025-26
2026-04-09 17:22:48,825 - INFO - Fetched ON Regular Season WOWY stats for Team ID: 1610612744, Player ID: 1629646 across 2025-26
2026-04-09 17:22:50,828 - INFO - Fetching OFF Regular Season WOWY stats for Team ID: 1610612744, Player ID: 1629646  2025-26
2026-04-09 17:22:57,340 - INFO - Fetched OFF Regular Season WOWY stats for Team ID: 1610612744, Player ID: 1629646 across 2025-26
2026-04-09 17:23:01,474 - INFO - Saved data for player 1629646 to daily_data/2026/1629646.csv
2026-04-09 17:23:01,474 - INFO - Progress: 130/403 players processed (32.3%)
2026-04-09 17:23:01,474 - INFO - Processing 1629651 - 1610612751.0 for 2026 (131/403)
2026-04-09 17:23:01,474 - INFO - Fetching ON Regular Season WOWY stats for Team ID: 1610612751, Player ID: 1629651  2025-26
2026-04-09 17:23:05,627 - INFO - Fetched ON Regular Season WOWY stats for Team ID: 1610612751, Player ID: 1629651 across 2025-26
2026-04-09 17:23:07,629 - INFO - Fetching OFF Regular Season WOWY stats for Team ID: 1610612751, Player ID: 1629651  2025-26
2026-04-09 17:23:11,072 - INFO - Fetched OFF Regular Season WOWY stats for Team ID: 1610612751, Player ID: 1629651 across 2025-26
2026-04-09 17:23:15,985 - INFO - Saved data for player 1629651 to daily_data/2026/1629651.csv
2026-04-09 17:23:15,985 - INFO - Processing 1629652 - 1610612760.0 for 2026 (132/403)
2026-04-09 17:23:15,986 - INFO - Fetching ON Regular Season WOWY stats for Team ID: 1610612760, Player ID: 1629652  2025-26
2026-04-09 17:23:18,887 - INFO - Fetched ON Regular Season WOWY stats for Team ID: 1610612760, Player ID: 1629652 across 2025-26
2026-04-09 17:23:20,889 - INFO - Fetching OFF Regular Season WOWY stats for Team ID: 1610612760, Player ID: 1629652  2025-26
2026-04-09 17:23:25,973 - INFO - Fetched OFF Regular Season WOWY stats for Team ID: 1610612760, Player ID: 1629652 across 2025-26
2026-04-09 17:23:30,559 - INFO - Saved data for player 1629652 to daily_data/2026/1629652.csv
2026-04-09 17:23:30,560 - INFO - Processing 1629655 - 1610612742.0 for 2026 (133/403)
2026-04-09 17:23:30,560 - INFO - Fetching ON Regular Season WOWY stats for Team ID: 1610612742, Player ID: 1629655  2025-26
2026-04-09 17:23:35,360 - INFO - Fetched ON Regular Season WOWY stats for Team ID: 1610612742, Player ID: 1629655 across 2025-26
2026-04-09 17:23:37,362 - INFO - Fetching OFF Regular Season WOWY stats for Team ID: 1610612742, Player ID: 1629655  2025-26
2026-04-09 17:23:43,253 - INFO - Fetched OFF Regular Season WOWY stats for Team ID: 1610612742, Player ID: 1629655 across 2025-26
2026-04-09 17:23:47,661 - INFO - Saved data for player 1629655 to daily_data/2026/1629655.csv
2026-04-09 17:23:47,662 - INFO - Processing 1629673 - 1610612740.0 for 2026 (134/403)
2026-04-09 17:23:47,662 - INFO - Fetching ON Regular Season WOWY stats for Team ID: 1610612740, Player ID: 1629673  2025-26
2026-04-09 17:23:54,905 - INFO - Fetched ON Regular Season WOWY stats for Team ID: 1610612740, Player ID: 1629673 across 2025-26
2026-04-09 17:23:56,908 - INFO - Fetching OFF Regular Season WOWY stats for Team ID: 1610612740, Player ID: 1629673  2025-26
2026-04-09 17:24:03,489 - INFO - Fetched OFF Regular Season WOWY stats for Team ID: 1610612740, Player ID: 1629673 across 2025-26
2026-04-09 17:24:08,453 - INFO - Saved data for player 1629673 to daily_data/2026/1629673.csv
2026-04-09 17:24:08,453 - INFO - Processing 1629674 - 1610612738.0 for 2026 (135/403)
2026-04-09 17:24:08,453 - INFO - Fetching ON Regular Season WOWY stats for Team ID: 1610612738, Player ID: 1629674  2025-26
2026-04-09 17:24:11,659 - INFO - Fetched ON Regular Season WOWY stats for Team ID: 1610612738, Player ID: 1629674 across 2025-26
2026-04-09 17:24:13,662 - INFO - Fetching OFF Regular Season WOWY stats for Team ID: 1610612738, Player ID: 1629674  2025-26
2026-04-09 17:24:18,887 - INFO - Fetched OFF Regular Season WOWY stats for Team ID: 1610612738, Player ID: 1629674 across 2025-26
2026-04-09 17:24:23,740 - INFO - Saved data for player 1629674 to daily_data/2026/1629674.csv
2026-04-09 17:24:23,740 - INFO - Processing 1629675 - 1610612750.0 for 2026 (136/403)
2026-04-09 17:24:23,741 - INFO - Fetching ON Regular Season WOWY stats for Team ID: 1610612750, Player ID: 1629675  2025-26
2026-04-09 17:24:42,745 - INFO - Fetched ON Regular Season WOWY stats for Team ID: 1610612750, Player ID: 1629675 across 2025-26
2026-04-09 17:24:44,748 - INFO - Fetching OFF Regular Season WOWY stats for Team ID: 1610612750, Player ID: 1629675  2025-26
2026-04-09 17:24:49,245 - INFO - Fetched OFF Regular Season WOWY stats for Team ID: 1610612750, Player ID: 1629675 across 2025-26
2026-04-09 17:24:53,462 - INFO - Saved data for player 1629675 to daily_data/2026/1629675.csv
2026-04-09 17:24:53,463 - INFO - Processing 1629684 - 1610612766.0 for 2026 (137/403)
2026-04-09 17:24:53,463 - INFO - Fetching ON Regular Season WOWY stats for Team ID: 1610612766, Player ID: 1629684  2025-26
2026-04-09 17:25:02,660 - INFO - Fetched ON Regular Season WOWY stats for Team ID: 1610612766, Player ID: 1629684 across 2025-26
2026-04-09 17:25:04,662 - INFO - Fetching OFF Regular Season WOWY stats for Team ID: 1610612766, Player ID: 1629684  2025-26
2026-04-09 17:25:09,113 - INFO - Fetched OFF Regular Season WOWY stats for Team ID: 1610612766, Player ID: 1629684 across 2025-26
2026-04-09 17:25:13,967 - INFO - Saved data for player 1629684 to daily_data/2026/1629684.csv
2026-04-09 17:25:13,967 - INFO - Processing 1629723 - 1610612762.0 for 2026 (138/403)
2026-04-09 17:25:13,967 - INFO - Fetching ON Regular Season WOWY stats for Team ID: 1610612762, Player ID: 1629723  2025-26
2026-04-09 17:25:19,824 - INFO - Fetched ON Regular Season WOWY stats for Team ID: 1610612762, Player ID: 1629723 across 2025-26
2026-04-09 17:25:21,825 - INFO - Fetching OFF Regular Season WOWY stats for Team ID: 1610612762, Player ID: 1629723  2025-26
2026-04-09 17:25:28,033 - INFO - Fetched OFF Regular Season WOWY stats for Team ID: 1610612762, Player ID: 1629723 across 2025-26
2026-04-09 17:25:33,053 - INFO - Saved data for player 1629723 to daily_data/2026/1629723.csv
2026-04-09 17:25:33,054 - INFO - Processing 1629726 - 1610612754.0 for 2026 (139/403)
2026-04-09 17:25:33,054 - INFO - Fetching ON Regular Season WOWY stats for Team ID: 1610612754, Player ID: 1629726  2025-26
2026-04-09 17:25:57,250 - INFO - Fetched ON Regular Season WOWY stats for Team ID: 1610612754, Player ID: 1629726 across 2025-26
2026-04-09 17:25:59,252 - INFO - Fetching OFF Regular Season WOWY stats for Team ID: 1610612754, Player ID: 1629726  2025-26
2026-04-09 17:26:29,451 - WARNING - Request failed: HTTPSConnectionPool(host='api.pbpstats.com', port=443): Read timed out. (read timeout=30). Retrying in 2.43 seconds (attempt 1/3)
2026-04-09 17:27:02,083 - WARNING - Request failed: HTTPSConnectionPool(host='api.pbpstats.com', port=443): Read timed out. (read timeout=30). Retrying in 4.29 seconds (attempt 2/3)
2026-04-09 17:27:09,635 - INFO - Fetched OFF Regular Season WOWY stats for Team ID: 1610612754, Player ID: 1629726 across 2025-26
2026-04-09 17:27:13,720 - INFO - Saved data for player 1629726 to daily_data/2026/1629726.csv
2026-04-09 17:27:13,720 - INFO - Processing 1630162 - 1610612750.0 for 2026 (140/403)
2026-04-09 17:27:13,720 - INFO - Fetching ON Regular Season WOWY stats for Team ID: 1610612750, Player ID: 1630162  2025-26
2026-04-09 17:27:15,606 - INFO - Fetched ON Regular Season WOWY stats for Team ID: 1610612750, Player ID: 1630162 across 2025-26
2026-04-09 17:27:17,608 - INFO - Fetching OFF Regular Season WOWY stats for Team ID: 1610612750, Player ID: 1630162  2025-26
2026-04-09 17:27:33,478 - INFO - Fetched OFF Regular Season WOWY stats for Team ID: 1610612750, Player ID: 1630162 across 2025-26
2026-04-09 17:27:37,688 - INFO - Saved data for player 1630162 to daily_data/2026/1630162.csv
2026-04-09 17:27:37,688 - INFO - Progress: 140/403 players processed (34.7%)
2026-04-09 17:27:37,689 - INFO - Processing 1630163 - 1610612766.0 for 2026 (141/403)
2026-04-09 17:27:37,689 - INFO - Fetching ON Regular Season WOWY stats for Team ID: 1610612766, Player ID: 1630163  2025-26
2026-04-09 17:27:40,862 - INFO - Fetched ON Regular Season WOWY stats for Team ID: 1610612766, Player ID: 1630163 across 2025-26
2026-04-09 17:27:42,864 - INFO - Fetching OFF Regular Season WOWY stats for Team ID: 1610612766, Player ID: 1630163  2025-26
2026-04-09 17:27:53,301 - INFO - Fetched OFF Regular Season WOWY stats for Team ID: 1610612766, Player ID: 1630163 across 2025-26
2026-04-09 17:27:58,005 - INFO - Saved data for player 1630163 to daily_data/2026/1630163.csv
2026-04-09 17:27:58,006 - INFO - Processing 1630164 - 1610612754.0 for 2026 (142/403)
2026-04-09 17:27:58,006 - INFO - Fetching ON Regular Season WOWY stats for Team ID: 1610612754, Player ID: 1630164  2025-26
2026-04-09 17:28:08,242 - INFO - Fetched ON Regular Season WOWY stats for Team ID: 1610612754, Player ID: 1630164 across 2025-26
2026-04-09 17:28:10,245 - INFO - Fetching OFF Regular Season WOWY stats for Team ID: 1610612754, Player ID: 1630164  2025-26
2026-04-09 17:28:19,750 - INFO - Fetched OFF Regular Season WOWY stats for Team ID: 1610612754, Player ID: 1630164 across 2025-26
2026-04-09 17:28:24,427 - INFO - Saved data for player 1630164 to daily_data/2026/1630164.csv
2026-04-09 17:28:24,427 - INFO - Processing 1630165 - 1610612758.0 for 2026 (143/403)
2026-04-09 17:28:24,427 - INFO - Fetching ON Regular Season WOWY stats for Team ID: 1610612758, Player ID: 1630165  2025-26
2026-04-09 17:28:25,985 - INFO - Fetched ON Regular Season WOWY stats for Team ID: 1610612758, Player ID: 1630165 across 2025-26
2026-04-09 17:28:27,987 - INFO - Fetching OFF Regular Season WOWY stats for Team ID: 1610612758, Player ID: 1630165  2025-26
2026-04-09 17:28:39,876 - INFO - Fetched OFF Regular Season WOWY stats for Team ID: 1610612758, Player ID: 1630165 across 2025-26
2026-04-09 17:28:44,084 - INFO - Saved data for player 1630165 to daily_data/2026/1630165.csv
2026-04-09 17:28:44,085 - INFO - Processing 1630167 - 1610612754.0 for 2026 (144/403)
2026-04-09 17:28:44,085 - INFO - Fetching ON Regular Season WOWY stats for Team ID: 1610612754, Player ID: 1630167  2025-26
2026-04-09 17:28:49,925 - INFO - Fetched ON Regular Season WOWY stats for Team ID: 1610612754, Player ID: 1630167 across 2025-26
2026-04-09 17:28:51,927 - INFO - Fetching OFF Regular Season WOWY stats for Team ID: 1610612754, Player ID: 1630167  2025-26
2026-04-09 17:29:22,081 - WARNING - Request failed: HTTPSConnectionPool(host='api.pbpstats.com', port=443): Read timed out. (read timeout=30). Retrying in 2.85 seconds (attempt 1/3)
2026-04-09 17:29:49,410 - INFO - Fetched OFF Regular Season WOWY stats for Team ID: 1610612754, Player ID: 1630167 across 2025-26
2026-04-09 17:29:53,482 - INFO - Saved data for player 1630167 to daily_data/2026/1630167.csv
2026-04-09 17:29:53,483 - INFO - Processing 1630171 - 1610612741.0 for 2026 (145/403)
2026-04-09 17:29:53,483 - INFO - Fetching ON Regular Season WOWY stats for Team ID: 1610612741, Player ID: 1630171  2025-26
2026-04-09 17:30:05,132 - WARNING - Request failed: 502 Server Error: Bad Gateway for url: https://api.pbpstats.com/get-wowy-stats/nba?0Exactly1OnFloor=1630171&TeamId=1610612741&Season=2025-26&SeasonType=Regular+Season&Type=Player. Retrying in 2.23 seconds (attempt 1/3)
2026-04-09 17:30:12,037 - INFO - Fetched ON Regular Season WOWY stats for Team ID: 1610612741, Player ID: 1630171 across 2025-26
2026-04-09 17:30:14,039 - INFO - Fetching OFF Regular Season WOWY stats for Team ID: 1610612741, Player ID: 1630171  2025-26
2026-04-09 17:30:17,845 - INFO - Fetched OFF Regular Season WOWY stats for Team ID: 1610612741, Player ID: 1630171 across 2025-26
2026-04-09 17:30:22,195 - INFO - Saved data for player 1630171 to daily_data/2026/1630171.csv
2026-04-09 17:30:22,195 - INFO - Processing 1630172 - 1610612741.0 for 2026 (146/403)
2026-04-09 17:30:22,195 - INFO - Fetching ON Regular Season WOWY stats for Team ID: 1610612741, Player ID: 1630172  2025-26
2026-04-09 17:30:24,786 - INFO - Fetched ON Regular Season WOWY stats for Team ID: 1610612741, Player ID: 1630172 across 2025-26
2026-04-09 17:30:26,789 - INFO - Fetching OFF Regular Season WOWY stats for Team ID: 1610612741, Player ID: 1630172  2025-26
2026-04-09 17:30:29,226 - INFO - Fetched OFF Regular Season WOWY stats for Team ID: 1610612741, Player ID: 1630172 across 2025-26
2026-04-09 17:30:33,724 - INFO - Saved data for player 1630172 to daily_data/2026/1630172.csv
2026-04-09 17:30:33,724 - INFO - Processing 1630173 - 1610612758.0 for 2026 (147/403)
2026-04-09 17:30:33,724 - INFO - Fetching ON Regular Season WOWY stats for Team ID: 1610612758, Player ID: 1630173  2025-26
2026-04-09 17:30:37,129 - INFO - Fetched ON Regular Season WOWY stats for Team ID: 1610612758, Player ID: 1630173 across 2025-26
2026-04-09 17:30:39,131 - INFO - Fetching OFF Regular Season WOWY stats for Team ID: 1610612758, Player ID: 1630173  2025-26
2026-04-09 17:30:41,209 - INFO - Fetched OFF Regular Season WOWY stats for Team ID: 1610612758, Player ID: 1630173 across 2025-26
2026-04-09 17:30:46,227 - INFO - Saved data for player 1630173 to daily_data/2026/1630173.csv
2026-04-09 17:30:46,228 - INFO - Processing 1630174 - 1610612754.0 for 2026 (148/403)
2026-04-09 17:30:46,228 - INFO - Fetching ON Regular Season WOWY stats for Team ID: 1610612754, Player ID: 1630174  2025-26
2026-04-09 17:30:47,909 - INFO - Fetched ON Regular Season WOWY stats for Team ID: 1610612754, Player ID: 1630174 across 2025-26
2026-04-09 17:30:49,912 - INFO - Fetching OFF Regular Season WOWY stats for Team ID: 1610612754, Player ID: 1630174  2025-26
2026-04-09 17:30:54,618 - INFO - Fetched OFF Regular Season WOWY stats for Team ID: 1610612754, Player ID: 1630174 across 2025-26
2026-04-09 17:30:59,168 - INFO - Saved data for player 1630174 to daily_data/2026/1630174.csv
2026-04-09 17:30:59,169 - INFO - Processing 1630175 - 1610612749.0 for 2026 (149/403)
2026-04-09 17:30:59,169 - INFO - Fetching ON Regular Season WOWY stats for Team ID: 1610612749, Player ID: 1630175  2025-26
2026-04-09 17:31:01,359 - INFO - Fetched ON Regular Season WOWY stats for Team ID: 1610612749, Player ID: 1630175 across 2025-26
2026-04-09 17:31:03,361 - INFO - Fetching OFF Regular Season WOWY stats for Team ID: 1610612749, Player ID: 1630175  2025-26
2026-04-09 17:31:23,499 - INFO - Fetched OFF Regular Season WOWY stats for Team ID: 1610612749, Player ID: 1630175 across 2025-26
2026-04-09 17:31:27,852 - INFO - Saved data for player 1630175 to daily_data/2026/1630175.csv
2026-04-09 17:31:27,853 - INFO - Processing 1630180 - 1610612740.0 for 2026 (150/403)
2026-04-09 17:31:27,853 - INFO - Fetching ON Regular Season WOWY stats for Team ID: 1610612740, Player ID: 1630180  2025-26
2026-04-09 17:31:30,899 - INFO - Fetched ON Regular Season WOWY stats for Team ID: 1610612740, Player ID: 1630180 across 2025-26
2026-04-09 17:31:32,902 - INFO - Fetching OFF Regular Season WOWY stats for Team ID: 1610612740, Player ID: 1630180  2025-26
2026-04-09 17:31:36,019 - INFO - Fetched OFF Regular Season WOWY stats for Team ID: 1610612740, Player ID: 1630180 across 2025-26
2026-04-09 17:31:40,926 - INFO - Saved data for player 1630180 to daily_data/2026/1630180.csv
2026-04-09 17:31:40,926 - INFO - Progress: 150/403 players processed (37.2%)
2026-04-09 17:31:40,927 - INFO - Processing 1630182 - 1610612766.0 for 2026 (151/403)
2026-04-09 17:31:40,927 - INFO - Fetching ON Regular Season WOWY stats for Team ID: 1610612766, Player ID: 1630182  2025-26
2026-04-09 17:31:44,194 - INFO - Fetched ON Regular Season WOWY stats for Team ID: 1610612766, Player ID: 1630182 across 2025-26
2026-04-09 17:31:46,197 - INFO - Fetching OFF Regular Season WOWY stats for Team ID: 1610612766, Player ID: 1630182  2025-26
2026-04-09 17:32:08,476 - INFO - Fetched OFF Regular Season WOWY stats for Team ID: 1610612766, Player ID: 1630182 across 2025-26
2026-04-09 17:32:13,185 - INFO - Saved data for player 1630182 to daily_data/2026/1630182.csv
2026-04-09 17:32:13,186 - INFO - Processing 1630183 - 1610612750.0 for 2026 (152/403)
2026-04-09 17:32:13,186 - INFO - Fetching ON Regular Season WOWY stats for Team ID: 1610612750, Player ID: 1630183  2025-26
2026-04-09 17:32:16,508 - INFO - Fetched ON Regular Season WOWY stats for Team ID: 1610612750, Player ID: 1630183 across 2025-26
2026-04-09 17:32:18,510 - INFO - Fetching OFF Regular Season WOWY stats for Team ID: 1610612750, Player ID: 1630183  2025-26
2026-04-09 17:32:21,062 - INFO - Fetched OFF Regular Season WOWY stats for Team ID: 1610612750, Player ID: 1630183 across 2025-26
2026-04-09 17:32:25,230 - INFO - Saved data for player 1630183 to daily_data/2026/1630183.csv
2026-04-09 17:32:25,230 - INFO - Processing 1630188 - 1610612741.0 for 2026 (153/403)
2026-04-09 17:32:25,230 - INFO - Fetching ON Regular Season WOWY stats for Team ID: 1610612741, Player ID: 1630188  2025-26
2026-04-09 17:32:29,507 - INFO - Fetched ON Regular Season WOWY stats for Team ID: 1610612741, Player ID: 1630188 across 2025-26
2026-04-09 17:32:31,509 - INFO - Fetching OFF Regular Season WOWY stats for Team ID: 1610612741, Player ID: 1630188  2025-26
2026-04-09 17:32:35,871 - INFO - Fetched OFF Regular Season WOWY stats for Team ID: 1610612741, Player ID: 1630188 across 2025-26
2026-04-09 17:32:40,285 - INFO - Saved data for player 1630188 to daily_data/2026/1630188.csv
2026-04-09 17:32:40,285 - INFO - Processing 1630193 - 1610612761.0 for 2026 (154/403)
2026-04-09 17:32:40,285 - INFO - Fetching ON Regular Season WOWY stats for Team ID: 1610612761, Player ID: 1630193  2025-26
2026-04-09 17:32:42,517 - INFO - Fetched ON Regular Season WOWY stats for Team ID: 1610612761, Player ID: 1630193 across 2025-26
2026-04-09 17:32:44,519 - INFO - Fetching OFF Regular Season WOWY stats for Team ID: 1610612761, Player ID: 1630193  2025-26
2026-04-09 17:32:46,105 - INFO - Fetched OFF Regular Season WOWY stats for Team ID: 1610612761, Player ID: 1630193 across 2025-26
2026-04-09 17:32:50,946 - INFO - Saved data for player 1630193 to daily_data/2026/1630193.csv
2026-04-09 17:32:50,947 - INFO - Processing 1630198 - 1610612760.0 for 2026 (155/403)
2026-04-09 17:32:50,947 - INFO - Fetching ON Regular Season WOWY stats for Team ID: 1610612760, Player ID: 1630198  2025-26
2026-04-09 17:32:52,777 - INFO - Fetched ON Regular Season WOWY stats for Team ID: 1610612760, Player ID: 1630198 across 2025-26
2026-04-09 17:32:54,780 - INFO - Fetching OFF Regular Season WOWY stats for Team ID: 1610612760, Player ID: 1630198  2025-26
2026-04-09 17:33:10,440 - INFO - Fetched OFF Regular Season WOWY stats for Team ID: 1610612760, Player ID: 1630198 across 2025-26
2026-04-09 17:33:15,250 - INFO - Saved data for player 1630198 to daily_data/2026/1630198.csv
2026-04-09 17:33:15,251 - INFO - Processing 1630200 - 1610612741.0 for 2026 (156/403)
2026-04-09 17:33:15,251 - INFO - Fetching ON Regular Season WOWY stats for Team ID: 1610612741, Player ID: 1630200  2025-26
2026-04-09 17:33:17,473 - INFO - Fetched ON Regular Season WOWY stats for Team ID: 1610612741, Player ID: 1630200 across 2025-26
2026-04-09 17:33:19,476 - INFO - Fetching OFF Regular Season WOWY stats for Team ID: 1610612741, Player ID: 1630200  2025-26
2026-04-09 17:33:21,427 - INFO - Fetched OFF Regular Season WOWY stats for Team ID: 1610612741, Player ID: 1630200 across 2025-26
2026-04-09 17:33:25,845 - INFO - Saved data for player 1630200 to daily_data/2026/1630200.csv
2026-04-09 17:33:25,845 - INFO - Processing 1630202 - 1610612738.0 for 2026 (157/403)
2026-04-09 17:33:25,846 - INFO - Fetching ON Regular Season WOWY stats for Team ID: 1610612738, Player ID: 1630202  2025-26
2026-04-09 17:33:28,994 - INFO - Fetched ON Regular Season WOWY stats for Team ID: 1610612738, Player ID: 1630202 across 2025-26
2026-04-09 17:33:30,997 - INFO - Fetching OFF Regular Season WOWY stats for Team ID: 1610612738, Player ID: 1630202  2025-26
2026-04-09 17:33:47,302 - WARNING - Request failed: 500 Server Error: Internal Server Error for url: https://api.pbpstats.com/get-wowy-stats/nba?0Exactly0OnFloor=1630202&TeamId=1610612738&Season=2025-26&SeasonType=Regular+Season&Type=Player. Retrying in 2.04 seconds (attempt 1/3)
2026-04-09 17:33:51,059 - INFO - Fetched OFF Regular Season WOWY stats for Team ID: 1610612738, Player ID: 1630202 across 2025-26
2026-04-09 17:33:55,896 - INFO - Saved data for player 1630202 to daily_data/2026/1630202.csv
2026-04-09 17:33:55,896 - INFO - Processing 1630208 - 1610612756.0 for 2026 (158/403)
2026-04-09 17:33:55,897 - INFO - Fetching ON Regular Season WOWY stats for Team ID: 1610612756, Player ID: 1630208  2025-26
2026-04-09 17:33:57,001 - INFO - Fetched ON Regular Season WOWY stats for Team ID: 1610612756, Player ID: 1630208 across 2025-26
2026-04-09 17:33:59,003 - INFO - Fetching OFF Regular Season WOWY stats for Team ID: 1610612756, Player ID: 1630208  2025-26
2026-04-09 17:34:00,989 - INFO - Fetched OFF Regular Season WOWY stats for Team ID: 1610612756, Player ID: 1630208 across 2025-26
2026-04-09 17:34:05,653 - INFO - Processing 1630208 - 1610612741.0 for 2026 (158/403)
2026-04-09 17:34:05,653 - INFO - Fetching ON Regular Season WOWY stats for Team ID: 1610612741, Player ID: 1630208  2025-26
2026-04-09 17:34:27,960 - WARNING - Request failed: 500 Server Error: Internal Server Error for url: https://api.pbpstats.com/get-wowy-stats/nba?0Exactly1OnFloor=1630208&TeamId=1610612741&Season=2025-26&SeasonType=Regular+Season&Type=Player. Retrying in 2.32 seconds (attempt 1/3)
2026-04-09 17:34:48,606 - WARNING - Request failed: 500 Server Error: Internal Server Error for url: https://api.pbpstats.com/get-wowy-stats/nba?0Exactly1OnFloor=1630208&TeamId=1610612741&Season=2025-26&SeasonType=Regular+Season&Type=Player. Retrying in 4.81 seconds (attempt 2/3)
2026-04-09 17:34:55,022 - INFO - Fetched ON Regular Season WOWY stats for Team ID: 1610612741, Player ID: 1630208 across 2025-26
2026-04-09 17:34:57,024 - INFO - Fetching OFF Regular Season WOWY stats for Team ID: 1610612741, Player ID: 1630208  2025-26
2026-04-09 17:34:59,825 - INFO - Fetched OFF Regular Season WOWY stats for Team ID: 1610612741, Player ID: 1630208 across 2025-26
2026-04-09 17:35:04,630 - INFO - Saved data for player 1630208 to daily_data/2026/1630208.csv
2026-04-09 17:35:04,630 - INFO - Processing 1630209 - 1610612744.0 for 2026 (159/403)
2026-04-09 17:35:04,630 - INFO - Fetching ON Regular Season WOWY stats for Team ID: 1610612744, Player ID: 1630209  2025-26
2026-04-09 17:35:06,481 - INFO - Fetched ON Regular Season WOWY stats for Team ID: 1610612744, Player ID: 1630209 across 2025-26
2026-04-09 17:35:08,483 - INFO - Fetching OFF Regular Season WOWY stats for Team ID: 1610612744, Player ID: 1630209  2025-26
2026-04-09 17:35:14,787 - INFO - Fetched OFF Regular Season WOWY stats for Team ID: 1610612744, Player ID: 1630209 across 2025-26
2026-04-09 17:35:19,544 - INFO - Saved data for player 1630209 to daily_data/2026/1630209.csv
2026-04-09 17:35:19,545 - INFO - Processing 1630214 - 1610612738.0 for 2026 (160/403)
2026-04-09 17:35:19,545 - INFO - Fetching ON Regular Season WOWY stats for Team ID: 1610612738, Player ID: 1630214  2025-26
2026-04-09 17:35:21,185 - INFO - Fetched ON Regular Season WOWY stats for Team ID: 1610612738, Player ID: 1630214 across 2025-26
2026-04-09 17:35:23,187 - INFO - Fetching OFF Regular Season WOWY stats for Team ID: 1610612738, Player ID: 1630214  2025-26
2026-04-09 17:35:27,147 - INFO - Fetched OFF Regular Season WOWY stats for Team ID: 1610612738, Player ID: 1630214 across 2025-26
2026-04-09 17:35:31,898 - INFO - Processing 1630214 - 1610612766.0 for 2026 (160/403)
2026-04-09 17:35:31,898 - INFO - Fetching ON Regular Season WOWY stats for Team ID: 1610612766, Player ID: 1630214  2025-26
2026-04-09 17:35:33,193 - INFO - Fetched ON Regular Season WOWY stats for Team ID: 1610612766, Player ID: 1630214 across 2025-26
2026-04-09 17:35:35,195 - INFO - Fetching OFF Regular Season WOWY stats for Team ID: 1610612766, Player ID: 1630214  2025-26
2026-04-09 17:35:40,875 - INFO - Fetched OFF Regular Season WOWY stats for Team ID: 1610612766, Player ID: 1630214 across 2025-26
2026-04-09 17:35:45,891 - INFO - Saved data for player 1630214 to daily_data/2026/1630214.csv
2026-04-09 17:35:45,891 - INFO - Progress: 160/403 players processed (39.7%)
2026-04-09 17:35:45,892 - INFO - Processing 1630224 - 1610612756.0 for 2026 (161/403)
2026-04-09 17:35:45,892 - INFO - Fetching ON Regular Season WOWY stats for Team ID: 1610612756, Player ID: 1630224  2025-26
2026-04-09 17:35:47,629 - INFO - Fetched ON Regular Season WOWY stats for Team ID: 1610612756, Player ID: 1630224 across 2025-26
2026-04-09 17:35:49,631 - INFO - Fetching OFF Regular Season WOWY stats for Team ID: 1610612756, Player ID: 1630224  2025-26
2026-04-09 17:35:51,472 - INFO - Fetched OFF Regular Season WOWY stats for Team ID: 1610612756, Player ID: 1630224 across 2025-26
2026-04-09 17:35:55,920 - INFO - Saved data for player 1630224 to daily_data/2026/1630224.csv
2026-04-09 17:35:55,921 - INFO - Processing 1630228 - 1610612744.0 for 2026 (162/403)
2026-04-09 17:35:55,921 - INFO - Fetching ON Regular Season WOWY stats for Team ID: 1610612744, Player ID: 1630228  2025-26
2026-04-09 17:35:57,086 - INFO - Fetched ON Regular Season WOWY stats for Team ID: 1610612744, Player ID: 1630228 across 2025-26
2026-04-09 17:35:59,088 - INFO - Fetching OFF Regular Season WOWY stats for Team ID: 1610612744, Player ID: 1630228  2025-26
2026-04-09 17:36:09,184 - INFO - Fetched OFF Regular Season WOWY stats for Team ID: 1610612744, Player ID: 1630228 across 2025-26
2026-04-09 17:36:13,783 - INFO - Saved data for player 1630228 to daily_data/2026/1630228.csv
2026-04-09 17:36:13,784 - INFO - Processing 1630230 - 1610612742.0 for 2026 (163/403)
2026-04-09 17:36:13,784 - INFO - Fetching ON Regular Season WOWY stats for Team ID: 1610612742, Player ID: 1630230  2025-26
2026-04-09 17:36:15,744 - INFO - Fetched ON Regular Season WOWY stats for Team ID: 1610612742, Player ID: 1630230 across 2025-26
2026-04-09 17:36:17,747 - INFO - Fetching OFF Regular Season WOWY stats for Team ID: 1610612742, Player ID: 1630230  2025-26
2026-04-09 17:36:19,866 - INFO - Fetched OFF Regular Season WOWY stats for Team ID: 1610612742, Player ID: 1630230 across 2025-26
2026-04-09 17:36:24,149 - INFO - Saved data for player 1630230 to daily_data/2026/1630230.csv
2026-04-09 17:36:24,149 - INFO - Processing 1630245 - 1610612741.0 for 2026 (164/403)
2026-04-09 17:36:24,149 - INFO - Fetching ON Regular Season WOWY stats for Team ID: 1610612741, Player ID: 1630245  2025-26
2026-04-09 17:36:25,790 - INFO - Fetched ON Regular Season WOWY stats for Team ID: 1610612741, Player ID: 1630245 across 2025-26
2026-04-09 17:36:27,793 - INFO - Fetching OFF Regular Season WOWY stats for Team ID: 1610612741, Player ID: 1630245  2025-26
2026-04-09 17:36:29,888 - INFO - Fetched OFF Regular Season WOWY stats for Team ID: 1610612741, Player ID: 1630245 across 2025-26
2026-04-09 17:36:34,866 - INFO - Processing 1630245 - 1610612750.0 for 2026 (164/403)
2026-04-09 17:36:34,866 - INFO - Fetching ON Regular Season WOWY stats for Team ID: 1610612750, Player ID: 1630245  2025-26
2026-04-09 17:36:38,990 - INFO - Fetched ON Regular Season WOWY stats for Team ID: 1610612750, Player ID: 1630245 across 2025-26
2026-04-09 17:36:40,993 - INFO - Fetching OFF Regular Season WOWY stats for Team ID: 1610612750, Player ID: 1630245  2025-26
2026-04-09 17:36:43,140 - INFO - Fetched OFF Regular Season WOWY stats for Team ID: 1610612750, Player ID: 1630245 across 2025-26
2026-04-09 17:36:47,907 - INFO - Saved data for player 1630245 to daily_data/2026/1630245.csv
2026-04-09 17:36:47,907 - INFO - Processing 1630256 - 1610612745.0 for 2026 (165/403)
2026-04-09 17:36:47,907 - INFO - Fetching ON Regular Season WOWY stats for Team ID: 1610612745, Player ID: 1630256  2025-26
2026-04-09 17:36:49,371 - INFO - Fetched ON Regular Season WOWY stats for Team ID: 1610612745, Player ID: 1630256 across 2025-26
2026-04-09 17:36:51,373 - INFO - Fetching OFF Regular Season WOWY stats for Team ID: 1610612745, Player ID: 1630256  2025-26
2026-04-09 17:37:08,183 - INFO - Fetched OFF Regular Season WOWY stats for Team ID: 1610612745, Player ID: 1630256 across 2025-26
2026-04-09 17:37:12,293 - INFO - Saved data for player 1630256 to daily_data/2026/1630256.csv
2026-04-09 17:37:12,293 - INFO - Processing 1630264 - 1610612764.0 for 2026 (166/403)
2026-04-09 17:37:12,294 - INFO - Fetching ON Regular Season WOWY stats for Team ID: 1610612764, Player ID: 1630264  2025-26
2026-04-09 17:37:15,062 - INFO - Fetched ON Regular Season WOWY stats for Team ID: 1610612764, Player ID: 1630264 across 2025-26
2026-04-09 17:37:17,064 - INFO - Fetching OFF Regular Season WOWY stats for Team ID: 1610612764, Player ID: 1630264  2025-26
2026-04-09 17:37:21,567 - INFO - Fetched OFF Regular Season WOWY stats for Team ID: 1610612764, Player ID: 1630264 across 2025-26
2026-04-09 17:37:25,610 - INFO - Saved data for player 1630264 to daily_data/2026/1630264.csv
2026-04-09 17:37:25,610 - INFO - Processing 1630286 - 1610612751.0 for 2026 (167/403)
2026-04-09 17:37:25,610 - INFO - Fetching ON Regular Season WOWY stats for Team ID: 1610612751, Player ID: 1630286  2025-26
2026-04-09 17:37:26,787 - INFO - Fetched ON Regular Season WOWY stats for Team ID: 1610612751, Player ID: 1630286 across 2025-26
2026-04-09 17:37:28,789 - INFO - Fetching OFF Regular Season WOWY stats for Team ID: 1610612751, Player ID: 1630286  2025-26
2026-04-09 17:37:35,297 - INFO - Fetched OFF Regular Season WOWY stats for Team ID: 1610612751, Player ID: 1630286 across 2025-26
2026-04-09 17:37:39,917 - INFO - Saved data for player 1630286 to daily_data/2026/1630286.csv
2026-04-09 17:37:39,918 - INFO - Processing 1630311 - 1610612744.0 for 2026 (168/403)
2026-04-09 17:37:39,918 - INFO - Fetching ON Regular Season WOWY stats for Team ID: 1610612744, Player ID: 1630311  2025-26
2026-04-09 17:37:44,506 - INFO - Fetched ON Regular Season WOWY stats for Team ID: 1610612744, Player ID: 1630311 across 2025-26
2026-04-09 17:37:46,508 - INFO - Fetching OFF Regular Season WOWY stats for Team ID: 1610612744, Player ID: 1630311  2025-26
2026-04-09 17:37:52,663 - INFO - Fetched OFF Regular Season WOWY stats for Team ID: 1610612744, Player ID: 1630311 across 2025-26
2026-04-09 17:37:56,715 - INFO - Saved data for player 1630311 to daily_data/2026/1630311.csv
2026-04-09 17:37:56,716 - INFO - Processing 1630314 - 1610612742.0 for 2026 (169/403)
2026-04-09 17:37:56,716 - INFO - Fetching ON Regular Season WOWY stats for Team ID: 1610612742, Player ID: 1630314  2025-26
2026-04-09 17:38:00,413 - INFO - Fetched ON Regular Season WOWY stats for Team ID: 1610612742, Player ID: 1630314 across 2025-26
2026-04-09 17:38:02,415 - INFO - Fetching OFF Regular Season WOWY stats for Team ID: 1610612742, Player ID: 1630314  2025-26
2026-04-09 17:38:07,278 - INFO - Fetched OFF Regular Season WOWY stats for Team ID: 1610612742, Player ID: 1630314 across 2025-26
2026-04-09 17:38:11,527 - INFO - Saved data for player 1630314 to daily_data/2026/1630314.csv
2026-04-09 17:38:11,527 - INFO - Processing 1630526 - 1610612754.0 for 2026 (170/403)
2026-04-09 17:38:11,527 - INFO - Fetching ON Regular Season WOWY stats for Team ID: 1610612754, Player ID: 1630526  2025-26
2026-04-09 17:38:13,279 - INFO - Fetched ON Regular Season WOWY stats for Team ID: 1610612754, Player ID: 1630526 across 2025-26
2026-04-09 17:38:15,281 - INFO - Fetching OFF Regular Season WOWY stats for Team ID: 1610612754, Player ID: 1630526  2025-26
2026-04-09 17:38:19,859 - INFO - Fetched OFF Regular Season WOWY stats for Team ID: 1610612754, Player ID: 1630526 across 2025-26
2026-04-09 17:38:24,467 - INFO - Processing 1630526 - 1610612742.0 for 2026 (170/403)
2026-04-09 17:38:24,467 - INFO - Fetching ON Regular Season WOWY stats for Team ID: 1610612742, Player ID: 1630526  2025-26
2026-04-09 17:38:38,266 - INFO - Fetched ON Regular Season WOWY stats for Team ID: 1610612742, Player ID: 1630526 across 2025-26
2026-04-09 17:38:40,269 - INFO - Fetching OFF Regular Season WOWY stats for Team ID: 1610612742, Player ID: 1630526  2025-26
2026-04-09 17:38:45,977 - INFO - Fetched OFF Regular Season WOWY stats for Team ID: 1610612742, Player ID: 1630526 across 2025-26
2026-04-09 17:38:50,703 - INFO - Saved data for player 1630526 to daily_data/2026/1630526.csv
2026-04-09 17:38:50,703 - INFO - Progress: 170/403 players processed (42.2%)
2026-04-09 17:38:50,704 - INFO - Processing 1630529 - 1610612740.0 for 2026 (171/403)
2026-04-09 17:38:50,704 - INFO - Fetching ON Regular Season WOWY stats for Team ID: 1610612740, Player ID: 1630529  2025-26
2026-04-09 17:38:52,640 - INFO - Fetched ON Regular Season WOWY stats for Team ID: 1610612740, Player ID: 1630529 across 2025-26
2026-04-09 17:38:54,642 - INFO - Fetching OFF Regular Season WOWY stats for Team ID: 1610612740, Player ID: 1630529  2025-26
2026-04-09 17:38:56,804 - INFO - Fetched OFF Regular Season WOWY stats for Team ID: 1610612740, Player ID: 1630529 across 2025-26
2026-04-09 17:39:00,922 - INFO - Saved data for player 1630529 to daily_data/2026/1630529.csv
2026-04-09 17:39:00,923 - INFO - Processing 1630530 - 1610612740.0 for 2026 (172/403)
2026-04-09 17:39:00,923 - INFO - Fetching ON Regular Season WOWY stats for Team ID: 1610612740, Player ID: 1630530  2025-26
2026-04-09 17:39:24,708 - INFO - Fetched ON Regular Season WOWY stats for Team ID: 1610612740, Player ID: 1630530 across 2025-26
2026-04-09 17:39:26,710 - INFO - Fetching OFF Regular Season WOWY stats for Team ID: 1610612740, Player ID: 1630530  2025-26
2026-04-09 17:39:56,926 - WARNING - Request failed: HTTPSConnectionPool(host='api.pbpstats.com', port=443): Read timed out. (read timeout=30). Retrying in 2.81 seconds (attempt 1/3)
2026-04-09 17:40:00,320 - INFO - Fetched OFF Regular Season WOWY stats for Team ID: 1610612740, Player ID: 1630530 across 2025-26
2026-04-09 17:40:04,575 - INFO - Saved data for player 1630530 to daily_data/2026/1630530.csv
2026-04-09 17:40:04,576 - INFO - Processing 1630533 - 1610612751.0 for 2026 (173/403)
2026-04-09 17:40:04,576 - INFO - Fetching ON Regular Season WOWY stats for Team ID: 1610612751, Player ID: 1630533  2025-26
2026-04-09 17:40:12,182 - INFO - Fetched ON Regular Season WOWY stats for Team ID: 1610612751, Player ID: 1630533 across 2025-26
2026-04-09 17:40:14,184 - INFO - Fetching OFF Regular Season WOWY stats for Team ID: 1610612751, Player ID: 1630533  2025-26
2026-04-09 17:40:17,503 - INFO - Fetched OFF Regular Season WOWY stats for Team ID: 1610612751, Player ID: 1630533 across 2025-26
2026-04-09 17:40:21,984 - INFO - Saved data for player 1630533 to daily_data/2026/1630533.csv
2026-04-09 17:40:21,984 - INFO - Processing 1630534 - 1610612761.0 for 2026 (174/403)
2026-04-09 17:40:21,984 - INFO - Fetching ON Regular Season WOWY stats for Team ID: 1610612761, Player ID: 1630534  2025-26
2026-04-09 17:40:23,598 - INFO - Fetched ON Regular Season WOWY stats for Team ID: 1610612761, Player ID: 1630534 across 2025-26
2026-04-09 17:40:25,600 - INFO - Fetching OFF Regular Season WOWY stats for Team ID: 1610612761, Player ID: 1630534  2025-26
2026-04-09 17:40:43,594 - INFO - Fetched OFF Regular Season WOWY stats for Team ID: 1610612761, Player ID: 1630534 across 2025-26
2026-04-09 17:40:47,794 - INFO - Processing 1630534 - 1610612751.0 for 2026 (174/403)
2026-04-09 17:40:47,794 - INFO - Fetching ON Regular Season WOWY stats for Team ID: 1610612751, Player ID: 1630534  2025-26
2026-04-09 17:41:00,977 - INFO - Fetched ON Regular Season WOWY stats for Team ID: 1610612751, Player ID: 1630534 across 2025-26
2026-04-09 17:41:02,980 - INFO - Fetching OFF Regular Season WOWY stats for Team ID: 1610612751, Player ID: 1630534  2025-26
2026-04-09 17:41:33,180 - INFO - Fetched OFF Regular Season WOWY stats for Team ID: 1610612751, Player ID: 1630534 across 2025-26
2026-04-09 17:41:38,003 - INFO - Saved data for player 1630534 to daily_data/2026/1630534.csv
2026-04-09 17:41:38,003 - INFO - Processing 1630536 - 1610612764.0 for 2026 (175/403)
2026-04-09 17:41:38,003 - INFO - Fetching ON Regular Season WOWY stats for Team ID: 1610612764, Player ID: 1630536  2025-26
2026-04-09 17:42:01,272 - INFO - Fetched ON Regular Season WOWY stats for Team ID: 1610612764, Player ID: 1630536 across 2025-26
2026-04-09 17:42:03,275 - INFO - Fetching OFF Regular Season WOWY stats for Team ID: 1610612764, Player ID: 1630536  2025-26
2026-04-09 17:42:12,029 - INFO - Fetched OFF Regular Season WOWY stats for Team ID: 1610612764, Player ID: 1630536 across 2025-26
2026-04-09 17:42:16,435 - INFO - Saved data for player 1630536 to daily_data/2026/1630536.csv
2026-04-09 17:42:16,436 - INFO - Processing 1630538 - 1610612750.0 for 2026 (176/403)
2026-04-09 17:42:16,436 - INFO - Fetching ON Regular Season WOWY stats for Team ID: 1610612750, Player ID: 1630538  2025-26
2026-04-09 17:42:31,888 - INFO - Fetched ON Regular Season WOWY stats for Team ID: 1610612750, Player ID: 1630538 across 2025-26
2026-04-09 17:42:33,889 - INFO - Fetching OFF Regular Season WOWY stats for Team ID: 1610612750, Player ID: 1630538  2025-26
2026-04-09 17:42:41,187 - INFO - Fetched OFF Regular Season WOWY stats for Team ID: 1610612750, Player ID: 1630538 across 2025-26
2026-04-09 17:42:46,194 - INFO - Saved data for player 1630538 to daily_data/2026/1630538.csv
2026-04-09 17:42:46,195 - INFO - Processing 1630541 - 1610612744.0 for 2026 (177/403)
2026-04-09 17:42:46,195 - INFO - Fetching ON Regular Season WOWY stats for Team ID: 1610612744, Player ID: 1630541  2025-26
2026-04-09 17:43:01,069 - INFO - Fetched ON Regular Season WOWY stats for Team ID: 1610612744, Player ID: 1630541 across 2025-26
2026-04-09 17:43:03,071 - INFO - Fetching OFF Regular Season WOWY stats for Team ID: 1610612744, Player ID: 1630541  2025-26
2026-04-09 17:43:28,020 - INFO - Fetched OFF Regular Season WOWY stats for Team ID: 1610612744, Player ID: 1630541 across 2025-26
2026-04-09 17:43:32,095 - INFO - Saved data for player 1630541 to daily_data/2026/1630541.csv
2026-04-09 17:43:32,096 - INFO - Processing 1630543 - 1610612754.0 for 2026 (178/403)
2026-04-09 17:43:32,096 - INFO - Fetching ON Regular Season WOWY stats for Team ID: 1610612754, Player ID: 1630543  2025-26
2026-04-09 17:43:52,576 - INFO - Fetched ON Regular Season WOWY stats for Team ID: 1610612754, Player ID: 1630543 across 2025-26
2026-04-09 17:43:54,579 - INFO - Fetching OFF Regular Season WOWY stats for Team ID: 1610612754, Player ID: 1630543  2025-26
2026-04-09 17:44:00,758 - INFO - Fetched OFF Regular Season WOWY stats for Team ID: 1610612754, Player ID: 1630543 across 2025-26
2026-04-09 17:44:05,212 - INFO - Processing 1630543 - 1610612746.0 for 2026 (178/403)
2026-04-09 17:44:05,212 - INFO - Fetching ON Regular Season WOWY stats for Team ID: 1610612746, Player ID: 1630543  2025-26
2026-04-09 17:44:06,838 - INFO - Fetched ON Regular Season WOWY stats for Team ID: 1610612746, Player ID: 1630543 across 2025-26
2026-04-09 17:44:08,840 - INFO - Fetching OFF Regular Season WOWY stats for Team ID: 1610612746, Player ID: 1630543  2025-26
2026-04-09 17:44:12,955 - INFO - Fetched OFF Regular Season WOWY stats for Team ID: 1610612746, Player ID: 1630543 across 2025-26
2026-04-09 17:44:17,575 - INFO - Saved data for player 1630543 to daily_data/2026/1630543.csv
2026-04-09 17:44:17,575 - INFO - Processing 1630544 - 1610612766.0 for 2026 (179/403)
2026-04-09 17:44:17,575 - INFO - Fetching ON Regular Season WOWY stats for Team ID: 1610612766, Player ID: 1630544  2025-26
2026-04-09 17:44:19,290 - INFO - Fetched ON Regular Season WOWY stats for Team ID: 1610612766, Player ID: 1630544 across 2025-26
2026-04-09 17:44:21,292 - INFO - Fetching OFF Regular Season WOWY stats for Team ID: 1610612766, Player ID: 1630544  2025-26
2026-04-09 17:44:23,584 - INFO - Fetched OFF Regular Season WOWY stats for Team ID: 1610612766, Player ID: 1630544 across 2025-26
2026-04-09 17:44:28,016 - INFO - Saved data for player 1630544 to daily_data/2026/1630544.csv
2026-04-09 17:44:28,017 - INFO - Processing 1630545 - 1610612750.0 for 2026 (180/403)
2026-04-09 17:44:28,017 - INFO - Fetching ON Regular Season WOWY stats for Team ID: 1610612750, Player ID: 1630545  2025-26
2026-04-09 17:44:29,256 - INFO - Fetched ON Regular Season WOWY stats for Team ID: 1610612750, Player ID: 1630545 across 2025-26
2026-04-09 17:44:31,258 - INFO - Fetching OFF Regular Season WOWY stats for Team ID: 1610612750, Player ID: 1630545  2025-26
2026-04-09 17:44:32,917 - INFO - Fetched OFF Regular Season WOWY stats for Team ID: 1610612750, Player ID: 1630545 across 2025-26
2026-04-09 17:44:37,389 - INFO - Saved data for player 1630545 to daily_data/2026/1630545.csv
2026-04-09 17:44:37,389 - INFO - Progress: 180/403 players processed (44.7%)
2026-04-09 17:44:37,390 - INFO - Processing 1630548 - 1610612750.0 for 2026 (181/403)
2026-04-09 17:44:37,390 - INFO - Fetching ON Regular Season WOWY stats for Team ID: 1610612750, Player ID: 1630548  2025-26
2026-04-09 17:44:38,848 - INFO - Fetched ON Regular Season WOWY stats for Team ID: 1610612750, Player ID: 1630548 across 2025-26
2026-04-09 17:44:40,850 - INFO - Fetching OFF Regular Season WOWY stats for Team ID: 1610612750, Player ID: 1630548  2025-26
2026-04-09 17:44:43,493 - INFO - Fetched OFF Regular Season WOWY stats for Team ID: 1610612750, Player ID: 1630548 across 2025-26
2026-04-09 17:44:48,283 - INFO - Saved data for player 1630548 to daily_data/2026/1630548.csv
2026-04-09 17:44:48,284 - INFO - Processing 1630549 - 1610612751.0 for 2026 (182/403)
2026-04-09 17:44:48,284 - INFO - Fetching ON Regular Season WOWY stats for Team ID: 1610612751, Player ID: 1630549  2025-26
2026-04-09 17:44:50,386 - INFO - Fetched ON Regular Season WOWY stats for Team ID: 1610612751, Player ID: 1630549 across 2025-26
2026-04-09 17:44:52,389 - INFO - Fetching OFF Regular Season WOWY stats for Team ID: 1610612751, Player ID: 1630549  2025-26
2026-04-09 17:44:55,665 - INFO - Fetched OFF Regular Season WOWY stats for Team ID: 1610612751, Player ID: 1630549 across 2025-26
2026-04-09 17:45:00,373 - INFO - Saved data for player 1630549 to daily_data/2026/1630549.csv
2026-04-09 17:45:00,374 - INFO - Processing 1630551 - 1610612764.0 for 2026 (183/403)
2026-04-09 17:45:00,374 - INFO - Fetching ON Regular Season WOWY stats for Team ID: 1610612764, Player ID: 1630551  2025-26
2026-04-09 17:45:09,618 - INFO - Fetched ON Regular Season WOWY stats for Team ID: 1610612764, Player ID: 1630551 across 2025-26
2026-04-09 17:45:11,620 - INFO - Fetching OFF Regular Season WOWY stats for Team ID: 1610612764, Player ID: 1630551  2025-26
2026-04-09 17:45:15,020 - INFO - Fetched OFF Regular Season WOWY stats for Team ID: 1610612764, Player ID: 1630551 across 2025-26
2026-04-09 17:45:19,429 - INFO - Saved data for player 1630551 to daily_data/2026/1630551.csv
2026-04-09 17:45:19,430 - INFO - Processing 1630557 - 1610612764.0 for 2026 (184/403)
2026-04-09 17:45:19,430 - INFO - Fetching ON Regular Season WOWY stats for Team ID: 1610612764, Player ID: 1630557  2025-26
2026-04-09 17:45:21,111 - INFO - Fetched ON Regular Season WOWY stats for Team ID: 1610612764, Player ID: 1630557 across 2025-26
2026-04-09 17:45:23,113 - INFO - Fetching OFF Regular Season WOWY stats for Team ID: 1610612764, Player ID: 1630557  2025-26
2026-04-09 17:45:27,238 - INFO - Fetched OFF Regular Season WOWY stats for Team ID: 1610612764, Player ID: 1630557 across 2025-26
2026-04-09 17:45:31,352 - INFO - Saved data for player 1630557 to daily_data/2026/1630557.csv
2026-04-09 17:45:31,353 - INFO - Processing 1630558 - 1610612748.0 for 2026 (185/403)
2026-04-09 17:45:31,353 - INFO - Fetching ON Regular Season WOWY stats for Team ID: 1610612748, Player ID: 1630558  2025-26
2026-04-09 17:45:33,051 - INFO - Fetched ON Regular Season WOWY stats for Team ID: 1610612748, Player ID: 1630558 across 2025-26
2026-04-09 17:45:35,053 - INFO - Fetching OFF Regular Season WOWY stats for Team ID: 1610612748, Player ID: 1630558  2025-26
2026-04-09 17:45:36,853 - INFO - Fetched OFF Regular Season WOWY stats for Team ID: 1610612748, Player ID: 1630558 across 2025-26
2026-04-09 17:45:41,238 - INFO - Saved data for player 1630558 to daily_data/2026/1630558.csv
2026-04-09 17:45:41,239 - INFO - Processing 1630559 - 1610612747.0 for 2026 (186/403)
2026-04-09 17:45:41,239 - INFO - Fetching ON Regular Season WOWY stats for Team ID: 1610612747, Player ID: 1630559  2025-26
2026-04-09 17:45:42,756 - INFO - Fetched ON Regular Season WOWY stats for Team ID: 1610612747, Player ID: 1630559 across 2025-26
2026-04-09 17:45:44,759 - INFO - Fetching OFF Regular Season WOWY stats for Team ID: 1610612747, Player ID: 1630559  2025-26
2026-04-09 17:45:46,544 - INFO - Fetched OFF Regular Season WOWY stats for Team ID: 1610612747, Player ID: 1630559 across 2025-26
2026-04-09 17:45:51,010 - INFO - Saved data for player 1630559 to daily_data/2026/1630559.csv
2026-04-09 17:45:51,011 - INFO - Processing 1630560 - 1610612751.0 for 2026 (187/403)
2026-04-09 17:45:51,011 - INFO - Fetching ON Regular Season WOWY stats for Team ID: 1610612751, Player ID: 1630560  2025-26
2026-04-09 17:45:52,190 - INFO - Fetched ON Regular Season WOWY stats for Team ID: 1610612751, Player ID: 1630560 across 2025-26
2026-04-09 17:45:54,192 - INFO - Fetching OFF Regular Season WOWY stats for Team ID: 1610612751, Player ID: 1630560  2025-26
2026-04-09 17:45:56,157 - INFO - Fetched OFF Regular Season WOWY stats for Team ID: 1610612751, Player ID: 1630560 across 2025-26
2026-04-09 17:46:00,835 - INFO - Processing 1630560 - 1610612749.0 for 2026 (187/403)
2026-04-09 17:46:00,835 - INFO - Fetching ON Regular Season WOWY stats for Team ID: 1610612749, Player ID: 1630560  2025-26
2026-04-09 17:46:02,090 - INFO - Fetched ON Regular Season WOWY stats for Team ID: 1610612749, Player ID: 1630560 across 2025-26
2026-04-09 17:46:04,092 - INFO - Fetching OFF Regular Season WOWY stats for Team ID: 1610612749, Player ID: 1630560  2025-26
2026-04-09 17:46:06,690 - INFO - Fetched OFF Regular Season WOWY stats for Team ID: 1610612749, Player ID: 1630560 across 2025-26
2026-04-09 17:46:10,856 - INFO - Saved data for player 1630560 to daily_data/2026/1630560.csv
2026-04-09 17:46:10,857 - INFO - Processing 1630567 - 1610612761.0 for 2026 (188/403)
2026-04-09 17:46:10,857 - INFO - Fetching ON Regular Season WOWY stats for Team ID: 1610612761, Player ID: 1630567  2025-26
2026-04-09 17:46:15,134 - WARNING - Request failed: 500 Server Error: Internal Server Error for url: https://api.pbpstats.com/get-wowy-stats/nba?0Exactly1OnFloor=1630567&TeamId=1610612761&Season=2025-26&SeasonType=Regular+Season&Type=Player. Retrying in 2.49 seconds (attempt 1/3)
2026-04-09 17:46:19,201 - INFO - Fetched ON Regular Season WOWY stats for Team ID: 1610612761, Player ID: 1630567 across 2025-26
2026-04-09 17:46:21,203 - INFO - Fetching OFF Regular Season WOWY stats for Team ID: 1610612761, Player ID: 1630567  2025-26
2026-04-09 17:46:22,573 - INFO - Fetched OFF Regular Season WOWY stats for Team ID: 1610612761, Player ID: 1630567 across 2025-26
2026-04-09 17:46:27,086 - INFO - Saved data for player 1630567 to daily_data/2026/1630567.csv
2026-04-09 17:46:27,087 - INFO - Processing 1630568 - 1610612738.0 for 2026 (189/403)
2026-04-09 17:46:27,087 - INFO - Fetching ON Regular Season WOWY stats for Team ID: 1610612738, Player ID: 1630568  2025-26
2026-04-09 17:46:28,981 - INFO - Fetched ON Regular Season WOWY stats for Team ID: 1610612738, Player ID: 1630568 across 2025-26
2026-04-09 17:46:30,983 - INFO - Fetching OFF Regular Season WOWY stats for Team ID: 1610612738, Player ID: 1630568  2025-26
2026-04-09 17:46:35,807 - INFO - Fetched OFF Regular Season WOWY stats for Team ID: 1610612738, Player ID: 1630568 across 2025-26
2026-04-09 17:46:40,304 - INFO - Saved data for player 1630568 to daily_data/2026/1630568.csv
2026-04-09 17:46:40,305 - INFO - Processing 1630572 - 1610612761.0 for 2026 (190/403)
2026-04-09 17:46:40,305 - INFO - Fetching ON Regular Season WOWY stats for Team ID: 1610612761, Player ID: 1630572  2025-26
2026-04-09 17:46:42,589 - INFO - Fetched ON Regular Season WOWY stats for Team ID: 1610612761, Player ID: 1630572 across 2025-26
2026-04-09 17:46:44,592 - INFO - Fetching OFF Regular Season WOWY stats for Team ID: 1610612761, Player ID: 1630572  2025-26
2026-04-09 17:46:47,035 - INFO - Fetched OFF Regular Season WOWY stats for Team ID: 1610612761, Player ID: 1630572 across 2025-26
2026-04-09 17:46:51,406 - INFO - Saved data for player 1630572 to daily_data/2026/1630572.csv
2026-04-09 17:46:51,406 - INFO - Progress: 190/403 players processed (47.1%)
2026-04-09 17:46:51,406 - INFO - Processing 1630573 - 1610612738.0 for 2026 (191/403)
2026-04-09 17:46:51,406 - INFO - Fetching ON Regular Season WOWY stats for Team ID: 1610612738, Player ID: 1630573  2025-26
2026-04-09 17:47:19,701 - WARNING - Request failed: 500 Server Error: Internal Server Error for url: https://api.pbpstats.com/get-wowy-stats/nba?0Exactly1OnFloor=1630573&TeamId=1610612738&Season=2025-26&SeasonType=Regular+Season&Type=Player. Retrying in 2.26 seconds (attempt 1/3)
2026-04-09 17:47:24,654 - INFO - Fetched ON Regular Season WOWY stats for Team ID: 1610612738, Player ID: 1630573 across 2025-26
2026-04-09 17:47:26,657 - INFO - Fetching OFF Regular Season WOWY stats for Team ID: 1610612738, Player ID: 1630573  2025-26
2026-04-09 17:47:29,407 - INFO - Fetched OFF Regular Season WOWY stats for Team ID: 1610612738, Player ID: 1630573 across 2025-26
2026-04-09 17:47:34,194 - INFO - Saved data for player 1630573 to daily_data/2026/1630573.csv
2026-04-09 17:47:34,194 - INFO - Processing 1630578 - 1610612745.0 for 2026 (192/403)
2026-04-09 17:47:34,195 - INFO - Fetching ON Regular Season WOWY stats for Team ID: 1610612745, Player ID: 1630578  2025-26
2026-04-09 17:48:00,117 - INFO - Fetched ON Regular Season WOWY stats for Team ID: 1610612745, Player ID: 1630578 across 2025-26
2026-04-09 17:48:02,119 - INFO - Fetching OFF Regular Season WOWY stats for Team ID: 1610612745, Player ID: 1630578  2025-26
2026-04-09 17:48:05,222 - INFO - Fetched OFF Regular Season WOWY stats for Team ID: 1610612745, Player ID: 1630578 across 2025-26
2026-04-09 17:48:09,261 - INFO - Saved data for player 1630578 to daily_data/2026/1630578.csv
2026-04-09 17:48:09,262 - INFO - Processing 1630579 - 1610612749.0 for 2026 (193/403)
2026-04-09 17:48:09,262 - INFO - Fetching ON Regular Season WOWY stats for Team ID: 1610612749, Player ID: 1630579  2025-26
2026-04-09 17:48:16,697 - INFO - Fetched ON Regular Season WOWY stats for Team ID: 1610612749, Player ID: 1630579 across 2025-26
2026-04-09 17:48:18,699 - INFO - Fetching OFF Regular Season WOWY stats for Team ID: 1610612749, Player ID: 1630579  2025-26
2026-04-09 17:48:22,022 - INFO - Fetched OFF Regular Season WOWY stats for Team ID: 1610612749, Player ID: 1630579 across 2025-26
2026-04-09 17:48:26,078 - INFO - Saved data for player 1630579 to daily_data/2026/1630579.csv
2026-04-09 17:48:26,078 - INFO - Processing 1630581 - 1610612741.0 for 2026 (194/403)
2026-04-09 17:48:26,078 - INFO - Fetching ON Regular Season WOWY stats for Team ID: 1610612741, Player ID: 1630581  2025-26
2026-04-09 17:48:29,746 - INFO - Fetched ON Regular Season WOWY stats for Team ID: 1610612741, Player ID: 1630581 across 2025-26
2026-04-09 17:48:31,748 - INFO - Fetching OFF Regular Season WOWY stats for Team ID: 1610612741, Player ID: 1630581  2025-26
2026-04-09 17:48:34,244 - INFO - Fetched OFF Regular Season WOWY stats for Team ID: 1610612741, Player ID: 1630581 across 2025-26
2026-04-09 17:48:39,200 - INFO - Saved data for player 1630581 to daily_data/2026/1630581.csv
2026-04-09 17:48:39,201 - INFO - Processing 1630587 - 1610612756.0 for 2026 (195/403)
2026-04-09 17:48:39,201 - INFO - Fetching ON Regular Season WOWY stats for Team ID: 1610612756, Player ID: 1630587  2025-26
2026-04-09 17:48:40,565 - INFO - Fetched ON Regular Season WOWY stats for Team ID: 1610612756, Player ID: 1630587 across 2025-26
2026-04-09 17:48:42,567 - INFO - Fetching OFF Regular Season WOWY stats for Team ID: 1610612756, Player ID: 1630587  2025-26
2026-04-09 17:48:45,471 - INFO - Fetched OFF Regular Season WOWY stats for Team ID: 1610612756, Player ID: 1630587 across 2025-26
2026-04-09 17:48:49,855 - INFO - Saved data for player 1630587 to daily_data/2026/1630587.csv
2026-04-09 17:48:49,856 - INFO - Processing 1630592 - 1610612751.0 for 2026 (196/403)
2026-04-09 17:48:49,856 - INFO - Fetching ON Regular Season WOWY stats for Team ID: 1610612751, Player ID: 1630592  2025-26
2026-04-09 17:48:51,871 - INFO - Fetched ON Regular Season WOWY stats for Team ID: 1610612751, Player ID: 1630592 across 2025-26
2026-04-09 17:48:53,873 - INFO - Fetching OFF Regular Season WOWY stats for Team ID: 1610612751, Player ID: 1630592  2025-26
2026-04-09 17:48:56,824 - INFO - Fetched OFF Regular Season WOWY stats for Team ID: 1610612751, Player ID: 1630592 across 2025-26
2026-04-09 17:49:01,694 - INFO - Saved data for player 1630592 to daily_data/2026/1630592.csv
2026-04-09 17:49:01,694 - INFO - Processing 1630598 - 1610612760.0 for 2026 (197/403)
2026-04-09 17:49:01,694 - INFO - Fetching ON Regular Season WOWY stats for Team ID: 1610612760, Player ID: 1630598  2025-26
2026-04-09 17:49:04,896 - INFO - Fetched ON Regular Season WOWY stats for Team ID: 1610612760, Player ID: 1630598 across 2025-26
2026-04-09 17:49:06,898 - INFO - Fetching OFF Regular Season WOWY stats for Team ID: 1610612760, Player ID: 1630598  2025-26
2026-04-09 17:49:08,826 - INFO - Fetched OFF Regular Season WOWY stats for Team ID: 1610612760, Player ID: 1630598 across 2025-26
2026-04-09 17:49:13,007 - INFO - Saved data for player 1630598 to daily_data/2026/1630598.csv
2026-04-09 17:49:13,008 - INFO - Processing 1630604 - 1610612751.0 for 2026 (198/403)
2026-04-09 17:49:13,008 - INFO - Fetching ON Regular Season WOWY stats for Team ID: 1610612751, Player ID: 1630604  2025-26
2026-04-09 17:49:18,460 - INFO - Fetched ON Regular Season WOWY stats for Team ID: 1610612751, Player ID: 1630604 across 2025-26
2026-04-09 17:49:20,462 - INFO - Fetching OFF Regular Season WOWY stats for Team ID: 1610612751, Player ID: 1630604  2025-26
2026-04-09 17:49:42,779 - INFO - Fetched OFF Regular Season WOWY stats for Team ID: 1610612751, Player ID: 1630604 across 2025-26
2026-04-09 17:49:46,948 - INFO - Saved data for player 1630604 to daily_data/2026/1630604.csv
2026-04-09 17:49:46,949 - INFO - Processing 1630611 - 1610612744.0 for 2026 (199/403)
2026-04-09 17:49:46,949 - INFO - Fetching ON Regular Season WOWY stats for Team ID: 1610612744, Player ID: 1630611  2025-26
2026-04-09 17:49:53,002 - INFO - Fetched ON Regular Season WOWY stats for Team ID: 1610612744, Player ID: 1630611 across 2025-26
2026-04-09 17:49:55,004 - INFO - Fetching OFF Regular Season WOWY stats for Team ID: 1610612744, Player ID: 1630611  2025-26
2026-04-09 17:49:57,709 - INFO - Fetched OFF Regular Season WOWY stats for Team ID: 1610612744, Player ID: 1630611 across 2025-26
2026-04-09 17:50:02,044 - INFO - Saved data for player 1630611 to daily_data/2026/1630611.csv
2026-04-09 17:50:02,045 - INFO - Processing 1630619 - 1610612742.0 for 2026 (200/403)
2026-04-09 17:50:02,045 - INFO - Fetching ON Regular Season WOWY stats for Team ID: 1610612742, Player ID: 1630619  2025-26
2026-04-09 17:50:09,735 - INFO - Fetched ON Regular Season WOWY stats for Team ID: 1610612742, Player ID: 1630619 across 2025-26
2026-04-09 17:50:11,737 - INFO - Fetching OFF Regular Season WOWY stats for Team ID: 1610612742, Player ID: 1630619  2025-26
2026-04-09 17:50:41,955 - WARNING - Request failed: HTTPSConnectionPool(host='api.pbpstats.com', port=443): Read timed out. (read timeout=30). Retrying in 2.30 seconds (attempt 1/3)
2026-04-09 17:51:14,468 - WARNING - Request failed: HTTPSConnectionPool(host='api.pbpstats.com', port=443): Read timed out. (read timeout=30). Retrying in 4.93 seconds (attempt 2/3)
2026-04-09 17:51:23,448 - INFO - Fetched OFF Regular Season WOWY stats for Team ID: 1610612742, Player ID: 1630619 across 2025-26
2026-04-09 17:51:28,330 - INFO - Saved data for player 1630619 to daily_data/2026/1630619.csv
2026-04-09 17:51:28,330 - INFO - Progress: 200/403 players processed (49.6%)
2026-04-09 17:51:28,331 - INFO - Processing 1630621 - 1610612740.0 for 2026 (201/403)
2026-04-09 17:51:28,331 - INFO - Fetching ON Regular Season WOWY stats for Team ID: 1610612740, Player ID: 1630621  2025-26
2026-04-09 17:51:29,333 - INFO - Fetched ON Regular Season WOWY stats for Team ID: 1610612740, Player ID: 1630621 across 2025-26
2026-04-09 17:51:31,336 - INFO - Fetching OFF Regular Season WOWY stats for Team ID: 1610612740, Player ID: 1630621  2025-26
2026-04-09 17:51:34,381 - INFO - Fetched OFF Regular Season WOWY stats for Team ID: 1610612740, Player ID: 1630621 across 2025-26
2026-04-09 17:51:39,041 - INFO - Saved data for player 1630621 to daily_data/2026/1630621.csv
2026-04-09 17:51:39,042 - INFO - Processing 1630623 - 1610612751.0 for 2026 (202/403)
2026-04-09 17:51:39,042 - INFO - Fetching ON Regular Season WOWY stats for Team ID: 1610612751, Player ID: 1630623  2025-26
2026-04-09 17:51:40,284 - INFO - Fetched ON Regular Season WOWY stats for Team ID: 1610612751, Player ID: 1630623 across 2025-26
2026-04-09 17:51:42,286 - INFO - Fetching OFF Regular Season WOWY stats for Team ID: 1610612751, Player ID: 1630623  2025-26
2026-04-09 17:51:44,717 - INFO - Fetched OFF Regular Season WOWY stats for Team ID: 1610612751, Player ID: 1630623 across 2025-26
2026-04-09 17:51:48,951 - INFO - Saved data for player 1630623 to daily_data/2026/1630623.csv
2026-04-09 17:51:48,952 - INFO - Processing 1630625 - 1610612746.0 for 2026 (203/403)
2026-04-09 17:51:48,952 - INFO - Fetching ON Regular Season WOWY stats for Team ID: 1610612746, Player ID: 1630625  2025-26
2026-04-09 17:51:49,708 - INFO - Fetched ON Regular Season WOWY stats for Team ID: 1610612746, Player ID: 1630625 across 2025-26
2026-04-09 17:51:51,710 - INFO - Fetching OFF Regular Season WOWY stats for Team ID: 1610612746, Player ID: 1630625  2025-26
2026-04-09 17:51:54,467 - INFO - Fetched OFF Regular Season WOWY stats for Team ID: 1610612746, Player ID: 1630625 across 2025-26
2026-04-09 17:51:59,451 - INFO - Processing 1630625 - 1610612738.0 for 2026 (203/403)
2026-04-09 17:51:59,451 - INFO - Fetching ON Regular Season WOWY stats for Team ID: 1610612738, Player ID: 1630625  2025-26
2026-04-09 17:52:00,203 - INFO - Fetched ON Regular Season WOWY stats for Team ID: 1610612738, Player ID: 1630625 across 2025-26
2026-04-09 17:52:02,206 - INFO - Fetching OFF Regular Season WOWY stats for Team ID: 1610612738, Player ID: 1630625  2025-26
2026-04-09 17:52:04,486 - INFO - Fetched OFF Regular Season WOWY stats for Team ID: 1610612738, Player ID: 1630625 across 2025-26
2026-04-09 17:52:09,044 - INFO - Saved data for player 1630625 to daily_data/2026/1630625.csv
2026-04-09 17:52:09,045 - INFO - Processing 1630631 - 1610612740.0 for 2026 (204/403)
2026-04-09 17:52:09,045 - INFO - Fetching ON Regular Season WOWY stats for Team ID: 1610612740, Player ID: 1630631  2025-26
2026-04-09 17:52:10,355 - INFO - Fetched ON Regular Season WOWY stats for Team ID: 1610612740, Player ID: 1630631 across 2025-26
2026-04-09 17:52:12,357 - INFO - Fetching OFF Regular Season WOWY stats for Team ID: 1610612740, Player ID: 1630631  2025-26
2026-04-09 17:52:14,203 - INFO - Fetched OFF Regular Season WOWY stats for Team ID: 1610612740, Player ID: 1630631 across 2025-26
2026-04-09 17:52:18,341 - INFO - Saved data for player 1630631 to daily_data/2026/1630631.csv
2026-04-09 17:52:18,341 - INFO - Processing 1630639 - 1610612761.0 for 2026 (205/403)
2026-04-09 17:52:18,341 - INFO - Fetching ON Regular Season WOWY stats for Team ID: 1610612761, Player ID: 1630639  2025-26
2026-04-09 17:52:19,483 - INFO - Fetched ON Regular Season WOWY stats for Team ID: 1610612761, Player ID: 1630639 across 2025-26
2026-04-09 17:52:21,485 - INFO - Fetching OFF Regular Season WOWY stats for Team ID: 1610612761, Player ID: 1630639  2025-26
2026-04-09 17:52:23,725 - INFO - Fetched OFF Regular Season WOWY stats for Team ID: 1610612761, Player ID: 1630639 across 2025-26
2026-04-09 17:52:27,973 - INFO - Saved data for player 1630639 to daily_data/2026/1630639.csv
2026-04-09 17:52:27,974 - INFO - Processing 1630643 - 1610612754.0 for 2026 (206/403)
2026-04-09 17:52:27,974 - INFO - Fetching ON Regular Season WOWY stats for Team ID: 1610612754, Player ID: 1630643  2025-26
2026-04-09 17:52:29,748 - INFO - Fetched ON Regular Season WOWY stats for Team ID: 1610612754, Player ID: 1630643 across 2025-26
2026-04-09 17:52:31,751 - INFO - Fetching OFF Regular Season WOWY stats for Team ID: 1610612754, Player ID: 1630643  2025-26
2026-04-09 17:53:00,058 - WARNING - Request failed: 500 Server Error: Internal Server Error for url: https://api.pbpstats.com/get-wowy-stats/nba?0Exactly0OnFloor=1630643&TeamId=1610612754&Season=2025-26&SeasonType=Regular+Season&Type=Player. Retrying in 2.49 seconds (attempt 1/3)
2026-04-09 17:53:05,178 - INFO - Fetched OFF Regular Season WOWY stats for Team ID: 1610612754, Player ID: 1630643 across 2025-26
2026-04-09 17:53:09,250 - INFO - Saved data for player 1630643 to daily_data/2026/1630643.csv
2026-04-09 17:53:09,250 - INFO - Processing 1630644 - 1610612754.0 for 2026 (207/403)
2026-04-09 17:53:09,250 - INFO - Fetching ON Regular Season WOWY stats for Team ID: 1610612754, Player ID: 1630644  2025-26
2026-04-09 17:53:10,169 - INFO - Fetched ON Regular Season WOWY stats for Team ID: 1610612754, Player ID: 1630644 across 2025-26
2026-04-09 17:53:12,171 - INFO - Fetching OFF Regular Season WOWY stats for Team ID: 1610612754, Player ID: 1630644  2025-26
2026-04-09 17:53:14,378 - INFO - Fetched OFF Regular Season WOWY stats for Team ID: 1610612754, Player ID: 1630644 across 2025-26
2026-04-09 17:53:18,732 - INFO - Processing 1630644 - 1610612741.0 for 2026 (207/403)
2026-04-09 17:53:18,732 - INFO - Fetching ON Regular Season WOWY stats for Team ID: 1610612741, Player ID: 1630644  2025-26
2026-04-09 17:53:19,683 - INFO - Fetched ON Regular Season WOWY stats for Team ID: 1610612741, Player ID: 1630644 across 2025-26
2026-04-09 17:53:21,685 - INFO - Fetching OFF Regular Season WOWY stats for Team ID: 1610612741, Player ID: 1630644  2025-26
2026-04-09 17:53:26,006 - INFO - Fetched OFF Regular Season WOWY stats for Team ID: 1610612741, Player ID: 1630644 across 2025-26
2026-04-09 17:53:30,442 - INFO - Saved data for player 1630644 to daily_data/2026/1630644.csv
2026-04-09 17:53:30,443 - INFO - Processing 1630679 - 1610612754.0 for 2026 (208/403)
2026-04-09 17:53:30,443 - INFO - Fetching ON Regular Season WOWY stats for Team ID: 1610612754, Player ID: 1630679  2025-26
2026-04-09 17:53:33,544 - INFO - Fetched ON Regular Season WOWY stats for Team ID: 1610612754, Player ID: 1630679 across 2025-26
2026-04-09 17:53:35,547 - INFO - Fetching OFF Regular Season WOWY stats for Team ID: 1610612754, Player ID: 1630679  2025-26
2026-04-09 17:53:57,843 - WARNING - Request failed: 500 Server Error: Internal Server Error for url: https://api.pbpstats.com/get-wowy-stats/nba?0Exactly0OnFloor=1630679&TeamId=1610612754&Season=2025-26&SeasonType=Regular+Season&Type=Player. Retrying in 2.84 seconds (attempt 1/3)
2026-04-09 17:54:05,531 - INFO - Fetched OFF Regular Season WOWY stats for Team ID: 1610612754, Player ID: 1630679 across 2025-26
2026-04-09 17:54:10,060 - INFO - Saved data for player 1630679 to daily_data/2026/1630679.csv
2026-04-09 17:54:10,060 - INFO - Processing 1630692 - 1610612756.0 for 2026 (209/403)
2026-04-09 17:54:10,060 - INFO - Fetching ON Regular Season WOWY stats for Team ID: 1610612756, Player ID: 1630692  2025-26
2026-04-09 17:54:13,078 - INFO - Fetched ON Regular Season WOWY stats for Team ID: 1610612756, Player ID: 1630692 across 2025-26
2026-04-09 17:54:15,080 - INFO - Fetching OFF Regular Season WOWY stats for Team ID: 1610612756, Player ID: 1630692  2025-26
2026-04-09 17:54:18,826 - INFO - Fetched OFF Regular Season WOWY stats for Team ID: 1610612756, Player ID: 1630692 across 2025-26
2026-04-09 17:54:23,290 - INFO - Saved data for player 1630692 to daily_data/2026/1630692.csv
2026-04-09 17:54:23,291 - INFO - Processing 1630695 - 1610612754.0 for 2026 (210/403)
2026-04-09 17:54:23,291 - INFO - Fetching ON Regular Season WOWY stats for Team ID: 1610612754, Player ID: 1630695  2025-26
2026-04-09 17:54:24,851 - INFO - Fetched ON Regular Season WOWY stats for Team ID: 1610612754, Player ID: 1630695 across 2025-26
2026-04-09 17:54:26,853 - INFO - Fetching OFF Regular Season WOWY stats for Team ID: 1610612754, Player ID: 1630695  2025-26
2026-04-09 17:54:38,547 - INFO - Fetched OFF Regular Season WOWY stats for Team ID: 1610612754, Player ID: 1630695 across 2025-26
2026-04-09 17:54:42,661 - INFO - Saved data for player 1630695 to daily_data/2026/1630695.csv
2026-04-09 17:54:42,661 - INFO - Progress: 210/403 players processed (52.1%)
2026-04-09 17:54:42,661 - INFO - Processing 1630696 - 1610612748.0 for 2026 (211/403)
2026-04-09 17:54:42,661 - INFO - Fetching ON Regular Season WOWY stats for Team ID: 1610612748, Player ID: 1630696  2025-26
2026-04-09 17:54:45,647 - INFO - Fetched ON Regular Season WOWY stats for Team ID: 1610612748, Player ID: 1630696 across 2025-26
2026-04-09 17:54:47,649 - INFO - Fetching OFF Regular Season WOWY stats for Team ID: 1610612748, Player ID: 1630696  2025-26
2026-04-09 17:54:51,689 - INFO - Fetched OFF Regular Season WOWY stats for Team ID: 1610612748, Player ID: 1630696 across 2025-26
2026-04-09 17:54:56,591 - INFO - Saved data for player 1630696 to daily_data/2026/1630696.csv
2026-04-09 17:54:56,592 - INFO - Processing 1630702 - 1610612742.0 for 2026 (212/403)
2026-04-09 17:54:56,592 - INFO - Fetching ON Regular Season WOWY stats for Team ID: 1610612742, Player ID: 1630702  2025-26
2026-04-09 17:54:58,935 - INFO - Fetched ON Regular Season WOWY stats for Team ID: 1610612742, Player ID: 1630702 across 2025-26
2026-04-09 17:55:00,938 - INFO - Fetching OFF Regular Season WOWY stats for Team ID: 1610612742, Player ID: 1630702  2025-26
2026-04-09 17:55:15,309 - WARNING - Request failed: 500 Server Error: Internal Server Error for url: https://api.pbpstats.com/get-wowy-stats/nba?0Exactly0OnFloor=1630702&TeamId=1610612742&Season=2025-26&SeasonType=Regular+Season&Type=Player. Retrying in 2.33 seconds (attempt 1/3)
2026-04-09 17:55:23,988 - WARNING - Request failed: 500 Server Error: Internal Server Error for url: https://api.pbpstats.com/get-wowy-stats/nba?0Exactly0OnFloor=1630702&TeamId=1610612742&Season=2025-26&SeasonType=Regular+Season&Type=Player. Retrying in 4.46 seconds (attempt 2/3)
2026-04-09 17:55:33,298 - INFO - Fetched OFF Regular Season WOWY stats for Team ID: 1610612742, Player ID: 1630702 across 2025-26
2026-04-09 17:55:37,874 - INFO - Processing 1630702 - 1610612764.0 for 2026 (212/403)
2026-04-09 17:55:37,874 - INFO - Fetching ON Regular Season WOWY stats for Team ID: 1610612764, Player ID: 1630702  2025-26
2026-04-09 17:56:01,156 - INFO - Fetched ON Regular Season WOWY stats for Team ID: 1610612764, Player ID: 1630702 across 2025-26
2026-04-09 17:56:03,159 - INFO - Fetching OFF Regular Season WOWY stats for Team ID: 1610612764, Player ID: 1630702  2025-26
2026-04-09 17:56:09,930 - INFO - Fetched OFF Regular Season WOWY stats for Team ID: 1610612764, Player ID: 1630702 across 2025-26
2026-04-09 17:56:14,861 - INFO - Saved data for player 1630702 to daily_data/2026/1630702.csv
2026-04-09 17:56:14,861 - INFO - Processing 1630828 - 1610612749.0 for 2026 (213/403)
2026-04-09 17:56:14,861 - INFO - Fetching ON Regular Season WOWY stats for Team ID: 1610612749, Player ID: 1630828  2025-26
2026-04-09 17:56:40,963 - WARNING - Request failed: 500 Server Error: Internal Server Error for url: https://api.pbpstats.com/get-wowy-stats/nba?0Exactly1OnFloor=1630828&TeamId=1610612749&Season=2025-26&SeasonType=Regular+Season&Type=Player. Retrying in 2.00 seconds (attempt 1/3)
2026-04-09 17:56:43,806 - INFO - Fetched ON Regular Season WOWY stats for Team ID: 1610612749, Player ID: 1630828 across 2025-26
2026-04-09 17:56:45,808 - INFO - Fetching OFF Regular Season WOWY stats for Team ID: 1610612749, Player ID: 1630828  2025-26
2026-04-09 17:56:51,000 - INFO - Fetched OFF Regular Season WOWY stats for Team ID: 1610612749, Player ID: 1630828 across 2025-26
2026-04-09 17:56:55,255 - INFO - Saved data for player 1630828 to daily_data/2026/1630828.csv
2026-04-09 17:56:55,256 - INFO - Processing 1631093 - 1610612741.0 for 2026 (214/403)
2026-04-09 17:56:55,256 - INFO - Fetching ON Regular Season WOWY stats for Team ID: 1610612741, Player ID: 1631093  2025-26
2026-04-09 17:56:56,749 - INFO - Fetched ON Regular Season WOWY stats for Team ID: 1610612741, Player ID: 1631093 across 2025-26
2026-04-09 17:56:58,751 - INFO - Fetching OFF Regular Season WOWY stats for Team ID: 1610612741, Player ID: 1631093  2025-26
2026-04-09 17:57:04,512 - INFO - Fetched OFF Regular Season WOWY stats for Team ID: 1610612741, Player ID: 1631093 across 2025-26
2026-04-09 17:57:08,861 - INFO - Saved data for player 1631093 to daily_data/2026/1631093.csv
2026-04-09 17:57:08,862 - INFO - Processing 1631095 - 1610612745.0 for 2026 (215/403)
2026-04-09 17:57:08,862 - INFO - Fetching ON Regular Season WOWY stats for Team ID: 1610612745, Player ID: 1631095  2025-26
2026-04-09 17:57:10,408 - INFO - Fetched ON Regular Season WOWY stats for Team ID: 1610612745, Player ID: 1631095 across 2025-26
2026-04-09 17:57:12,410 - INFO - Fetching OFF Regular Season WOWY stats for Team ID: 1610612745, Player ID: 1631095  2025-26
2026-04-09 17:57:14,046 - INFO - Fetched OFF Regular Season WOWY stats for Team ID: 1610612745, Player ID: 1631095 across 2025-26
2026-04-09 17:57:18,378 - INFO - Saved data for player 1631095 to daily_data/2026/1631095.csv
2026-04-09 17:57:18,379 - INFO - Processing 1631096 - 1610612760.0 for 2026 (216/403)
2026-04-09 17:57:18,379 - INFO - Fetching ON Regular Season WOWY stats for Team ID: 1610612760, Player ID: 1631096  2025-26
2026-04-09 17:57:32,281 - INFO - Fetched ON Regular Season WOWY stats for Team ID: 1610612760, Player ID: 1631096 across 2025-26
2026-04-09 17:57:34,283 - INFO - Fetching OFF Regular Season WOWY stats for Team ID: 1610612760, Player ID: 1631096  2025-26
2026-04-09 17:57:54,638 - INFO - Fetched OFF Regular Season WOWY stats for Team ID: 1610612760, Player ID: 1631096 across 2025-26
2026-04-09 17:57:59,450 - INFO - Saved data for player 1631096 to daily_data/2026/1631096.csv
2026-04-09 17:57:59,450 - INFO - Processing 1631097 - 1610612754.0 for 2026 (217/403)
2026-04-09 17:57:59,451 - INFO - Fetching ON Regular Season WOWY stats for Team ID: 1610612754, Player ID: 1631097  2025-26
2026-04-09 17:58:02,424 - INFO - Fetched ON Regular Season WOWY stats for Team ID: 1610612754, Player ID: 1631097 across 2025-26
2026-04-09 17:58:04,426 - INFO - Fetching OFF Regular Season WOWY stats for Team ID: 1610612754, Player ID: 1631097  2025-26
2026-04-09 17:58:10,153 - INFO - Fetched OFF Regular Season WOWY stats for Team ID: 1610612754, Player ID: 1631097 across 2025-26
2026-04-09 17:58:14,819 - INFO - Processing 1631097 - 1610612746.0 for 2026 (217/403)
2026-04-09 17:58:14,819 - INFO - Fetching ON Regular Season WOWY stats for Team ID: 1610612746, Player ID: 1631097  2025-26
2026-04-09 17:58:16,918 - INFO - Fetched ON Regular Season WOWY stats for Team ID: 1610612746, Player ID: 1631097 across 2025-26
2026-04-09 17:58:18,920 - INFO - Fetching OFF Regular Season WOWY stats for Team ID: 1610612746, Player ID: 1631097  2025-26
2026-04-09 17:58:23,508 - INFO - Fetched OFF Regular Season WOWY stats for Team ID: 1610612746, Player ID: 1631097 across 2025-26
2026-04-09 17:58:28,384 - INFO - Saved data for player 1631097 to daily_data/2026/1631097.csv
2026-04-09 17:58:28,385 - INFO - Processing 1631099 - 1610612758.0 for 2026 (218/403)
2026-04-09 17:58:28,385 - INFO - Fetching ON Regular Season WOWY stats for Team ID: 1610612758, Player ID: 1631099  2025-26
2026-04-09 17:58:30,197 - INFO - Fetched ON Regular Season WOWY stats for Team ID: 1610612758, Player ID: 1631099 across 2025-26
2026-04-09 17:58:32,199 - INFO - Fetching OFF Regular Season WOWY stats for Team ID: 1610612758, Player ID: 1631099  2025-26
2026-04-09 17:58:35,446 - INFO - Fetched OFF Regular Season WOWY stats for Team ID: 1610612758, Player ID: 1631099 across 2025-26
2026-04-09 17:58:40,368 - INFO - Saved data for player 1631099 to daily_data/2026/1631099.csv
2026-04-09 17:58:40,368 - INFO - Processing 1631102 - 1610612746.0 for 2026 (219/403)
2026-04-09 17:58:40,369 - INFO - Fetching ON Regular Season WOWY stats for Team ID: 1610612746, Player ID: 1631102  2025-26
2026-04-09 17:58:42,033 - INFO - Fetched ON Regular Season WOWY stats for Team ID: 1610612746, Player ID: 1631102 across 2025-26
2026-04-09 17:58:44,035 - INFO - Fetching OFF Regular Season WOWY stats for Team ID: 1610612746, Player ID: 1631102  2025-26
2026-04-09 17:58:47,127 - INFO - Fetched OFF Regular Season WOWY stats for Team ID: 1610612746, Player ID: 1631102 across 2025-26
2026-04-09 17:58:51,522 - INFO - Saved data for player 1631102 to daily_data/2026/1631102.csv
2026-04-09 17:58:51,523 - INFO - Processing 1631103 - 1610612764.0 for 2026 (220/403)
2026-04-09 17:58:51,523 - INFO - Fetching ON Regular Season WOWY stats for Team ID: 1610612764, Player ID: 1631103  2025-26
2026-04-09 17:58:53,750 - INFO - Fetched ON Regular Season WOWY stats for Team ID: 1610612764, Player ID: 1631103 across 2025-26
2026-04-09 17:58:55,752 - INFO - Fetching OFF Regular Season WOWY stats for Team ID: 1610612764, Player ID: 1631103  2025-26
2026-04-09 17:59:04,058 - WARNING - Request failed: 500 Server Error: Internal Server Error for url: https://api.pbpstats.com/get-wowy-stats/nba?0Exactly0OnFloor=1631103&TeamId=1610612764&Season=2025-26&SeasonType=Regular+Season&Type=Player. Retrying in 2.13 seconds (attempt 1/3)
2026-04-09 17:59:11,803 - INFO - Fetched OFF Regular Season WOWY stats for Team ID: 1610612764, Player ID: 1631103 across 2025-26
2026-04-09 17:59:16,226 - INFO - Saved data for player 1631103 to daily_data/2026/1631103.csv
2026-04-09 17:59:16,226 - INFO - Progress: 220/403 players processed (54.6%)
2026-04-09 17:59:16,227 - INFO - Processing 1631106 - 1610612745.0 for 2026 (221/403)
2026-04-09 17:59:16,227 - INFO - Fetching ON Regular Season WOWY stats for Team ID: 1610612745, Player ID: 1631106  2025-26
2026-04-09 17:59:17,482 - INFO - Fetched ON Regular Season WOWY stats for Team ID: 1610612745, Player ID: 1631106 across 2025-26
2026-04-09 17:59:19,484 - INFO - Fetching OFF Regular Season WOWY stats for Team ID: 1610612745, Player ID: 1631106  2025-26
2026-04-09 17:59:36,018 - INFO - Fetched OFF Regular Season WOWY stats for Team ID: 1610612745, Player ID: 1631106 across 2025-26
2026-04-09 17:59:40,349 - INFO - Saved data for player 1631106 to daily_data/2026/1631106.csv
2026-04-09 17:59:40,350 - INFO - Processing 1631107 - 1610612748.0 for 2026 (222/403)
2026-04-09 17:59:40,350 - INFO - Fetching ON Regular Season WOWY stats for Team ID: 1610612748, Player ID: 1631107  2025-26
2026-04-09 17:59:42,196 - INFO - Fetched ON Regular Season WOWY stats for Team ID: 1610612748, Player ID: 1631107 across 2025-26
2026-04-09 17:59:44,198 - INFO - Fetching OFF Regular Season WOWY stats for Team ID: 1610612748, Player ID: 1631107  2025-26
2026-04-09 17:59:46,865 - INFO - Fetched OFF Regular Season WOWY stats for Team ID: 1610612748, Player ID: 1631107 across 2025-26
2026-04-09 17:59:51,884 - INFO - Saved data for player 1631107 to daily_data/2026/1631107.csv
2026-04-09 17:59:51,885 - INFO - Processing 1631108 - 1610612742.0 for 2026 (223/403)
2026-04-09 17:59:51,885 - INFO - Fetching ON Regular Season WOWY stats for Team ID: 1610612742, Player ID: 1631108  2025-26
2026-04-09 18:00:19,212 - INFO - Fetched ON Regular Season WOWY stats for Team ID: 1610612742, Player ID: 1631108 across 2025-26
2026-04-09 18:00:21,215 - INFO - Fetching OFF Regular Season WOWY stats for Team ID: 1610612742, Player ID: 1631108  2025-26
2026-04-09 18:00:50,157 - INFO - Fetched OFF Regular Season WOWY stats for Team ID: 1610612742, Player ID: 1631108 across 2025-26
2026-04-09 18:00:54,549 - INFO - Saved data for player 1631108 to daily_data/2026/1631108.csv
2026-04-09 18:00:54,549 - INFO - Processing 1631109 - 1610612756.0 for 2026 (224/403)
2026-04-09 18:00:54,549 - INFO - Fetching ON Regular Season WOWY stats for Team ID: 1610612756, Player ID: 1631109  2025-26
2026-04-09 18:01:00,553 - WARNING - Request failed: 502 Server Error: Bad Gateway for url: https://api.pbpstats.com/get-wowy-stats/nba?0Exactly1OnFloor=1631109&TeamId=1610612756&Season=2025-26&SeasonType=Regular+Season&Type=Player. Retrying in 2.71 seconds (attempt 1/3)
2026-04-09 18:01:16,618 - WARNING - Request failed: 502 Server Error: Bad Gateway for url: https://api.pbpstats.com/get-wowy-stats/nba?0Exactly1OnFloor=1631109&TeamId=1610612756&Season=2025-26&SeasonType=Regular+Season&Type=Player. Retrying in 4.15 seconds (attempt 2/3)
2026-04-09 18:01:50,969 - WARNING - Request failed: HTTPSConnectionPool(host='api.pbpstats.com', port=443): Read timed out. (read timeout=30). Retrying in 8.53 seconds (attempt 3/3)
2026-04-09 18:02:00,957 - INFO - Fetched ON Regular Season WOWY stats for Team ID: 1610612756, Player ID: 1631109 across 2025-26
2026-04-09 18:02:02,959 - INFO - Fetching OFF Regular Season WOWY stats for Team ID: 1610612756, Player ID: 1631109  2025-26
2026-04-09 18:02:06,015 - INFO - Fetched OFF Regular Season WOWY stats for Team ID: 1610612756, Player ID: 1631109 across 2025-26
2026-04-09 18:02:10,464 - INFO - Saved data for player 1631109 to daily_data/2026/1631109.csv
2026-04-09 18:02:10,465 - INFO - Processing 1631113 - 1610612762.0 for 2026 (225/403)
2026-04-09 18:02:10,465 - INFO - Fetching ON Regular Season WOWY stats for Team ID: 1610612762, Player ID: 1631113  2025-26
2026-04-09 18:02:38,917 - INFO - Fetched ON Regular Season WOWY stats for Team ID: 1610612762, Player ID: 1631113 across 2025-26
2026-04-09 18:02:40,920 - INFO - Fetching OFF Regular Season WOWY stats for Team ID: 1610612762, Player ID: 1631113  2025-26
2026-04-09 18:03:09,252 - WARNING - Request failed: 500 Server Error: Internal Server Error for url: https://api.pbpstats.com/get-wowy-stats/nba?0Exactly0OnFloor=1631113&TeamId=1610612762&Season=2025-26&SeasonType=Regular+Season&Type=Player. Retrying in 2.72 seconds (attempt 1/3)
2026-04-09 18:03:16,661 - INFO - Fetched OFF Regular Season WOWY stats for Team ID: 1610612762, Player ID: 1631113 across 2025-26
2026-04-09 18:03:21,588 - INFO - Saved data for player 1631113 to daily_data/2026/1631113.csv
2026-04-09 18:03:21,589 - INFO - Processing 1631114 - 1610612760.0 for 2026 (226/403)
2026-04-09 18:03:21,589 - INFO - Fetching ON Regular Season WOWY stats for Team ID: 1610612760, Player ID: 1631114  2025-26
2026-04-09 18:03:24,641 - INFO - Fetched ON Regular Season WOWY stats for Team ID: 1610612760, Player ID: 1631114 across 2025-26
2026-04-09 18:03:26,644 - INFO - Fetching OFF Regular Season WOWY stats for Team ID: 1610612760, Player ID: 1631114  2025-26
2026-04-09 18:03:29,595 - INFO - Fetched OFF Regular Season WOWY stats for Team ID: 1610612760, Player ID: 1631114 across 2025-26
2026-04-09 18:03:34,171 - INFO - Saved data for player 1631114 to daily_data/2026/1631114.csv
2026-04-09 18:03:34,172 - INFO - Processing 1631116 - 1610612746.0 for 2026 (227/403)
2026-04-09 18:03:34,172 - INFO - Fetching ON Regular Season WOWY stats for Team ID: 1610612746, Player ID: 1631116  2025-26
2026-04-09 18:03:34,943 - INFO - Fetched ON Regular Season WOWY stats for Team ID: 1610612746, Player ID: 1631116 across 2025-26
2026-04-09 18:03:36,946 - INFO - Fetching OFF Regular Season WOWY stats for Team ID: 1610612746, Player ID: 1631116  2025-26
2026-04-09 18:03:39,616 - INFO - Fetched OFF Regular Season WOWY stats for Team ID: 1610612746, Player ID: 1631116 across 2025-26
2026-04-09 18:03:44,445 - INFO - Processing 1631116 - 1610612758.0 for 2026 (227/403)
2026-04-09 18:03:44,445 - INFO - Fetching ON Regular Season WOWY stats for Team ID: 1610612758, Player ID: 1631116  2025-26
2026-04-09 18:03:45,744 - INFO - Fetched ON Regular Season WOWY stats for Team ID: 1610612758, Player ID: 1631116 across 2025-26
2026-04-09 18:03:47,746 - INFO - Fetching OFF Regular Season WOWY stats for Team ID: 1610612758, Player ID: 1631116  2025-26
2026-04-09 18:03:49,938 - INFO - Fetched OFF Regular Season WOWY stats for Team ID: 1610612758, Player ID: 1631116 across 2025-26
2026-04-09 18:03:54,329 - INFO - Saved data for player 1631116 to daily_data/2026/1631116.csv
2026-04-09 18:03:54,330 - INFO - Processing 1631117 - 1610612762.0 for 2026 (228/403)
2026-04-09 18:03:54,330 - INFO - Fetching ON Regular Season WOWY stats for Team ID: 1610612762, Player ID: 1631117  2025-26
2026-04-09 18:03:55,564 - INFO - Fetched ON Regular Season WOWY stats for Team ID: 1610612762, Player ID: 1631117 across 2025-26
2026-04-09 18:03:57,566 - INFO - Fetching OFF Regular Season WOWY stats for Team ID: 1610612762, Player ID: 1631117  2025-26
2026-04-09 18:04:01,931 - INFO - Fetched OFF Regular Season WOWY stats for Team ID: 1610612762, Player ID: 1631117 across 2025-26
2026-04-09 18:04:06,059 - INFO - Saved data for player 1631117 to daily_data/2026/1631117.csv
2026-04-09 18:04:06,060 - INFO - Processing 1631119 - 1610612760.0 for 2026 (229/403)
2026-04-09 18:04:06,060 - INFO - Fetching ON Regular Season WOWY stats for Team ID: 1610612760, Player ID: 1631119  2025-26
2026-04-09 18:04:09,860 - INFO - Fetched ON Regular Season WOWY stats for Team ID: 1610612760, Player ID: 1631119 across 2025-26
2026-04-09 18:04:11,862 - INFO - Fetching OFF Regular Season WOWY stats for Team ID: 1610612760, Player ID: 1631119  2025-26
2026-04-09 18:04:14,609 - INFO - Fetched OFF Regular Season WOWY stats for Team ID: 1610612760, Player ID: 1631119 across 2025-26
2026-04-09 18:04:18,759 - INFO - Saved data for player 1631119 to daily_data/2026/1631119.csv
2026-04-09 18:04:18,759 - INFO - Processing 1631120 - 1610612745.0 for 2026 (230/403)
2026-04-09 18:04:18,759 - INFO - Fetching ON Regular Season WOWY stats for Team ID: 1610612745, Player ID: 1631120  2025-26
2026-04-09 18:04:20,213 - INFO - Fetched ON Regular Season WOWY stats for Team ID: 1610612745, Player ID: 1631120 across 2025-26
2026-04-09 18:04:22,216 - INFO - Fetching OFF Regular Season WOWY stats for Team ID: 1610612745, Player ID: 1631120  2025-26
2026-04-09 18:04:24,656 - INFO - Fetched OFF Regular Season WOWY stats for Team ID: 1610612745, Player ID: 1631120 across 2025-26
2026-04-09 18:04:28,691 - INFO - Saved data for player 1631120 to daily_data/2026/1631120.csv
2026-04-09 18:04:28,691 - INFO - Progress: 230/403 players processed (57.1%)
2026-04-09 18:04:28,692 - INFO - Processing 1631121 - 1610612740.0 for 2026 (231/403)
2026-04-09 18:04:28,692 - INFO - Fetching ON Regular Season WOWY stats for Team ID: 1610612740, Player ID: 1631121  2025-26
2026-04-09 18:04:30,216 - INFO - Fetched ON Regular Season WOWY stats for Team ID: 1610612740, Player ID: 1631121 across 2025-26
2026-04-09 18:04:32,218 - INFO - Fetching OFF Regular Season WOWY stats for Team ID: 1610612740, Player ID: 1631121  2025-26
2026-04-09 18:04:34,285 - INFO - Fetched OFF Regular Season WOWY stats for Team ID: 1610612740, Player ID: 1631121 across 2025-26
2026-04-09 18:04:38,934 - INFO - Saved data for player 1631121 to daily_data/2026/1631121.csv
2026-04-09 18:04:38,935 - INFO - Processing 1631123 - 1610612756.0 for 2026 (232/403)
2026-04-09 18:04:38,935 - INFO - Fetching ON Regular Season WOWY stats for Team ID: 1610612756, Player ID: 1631123  2025-26
2026-04-09 18:04:40,197 - INFO - Fetched ON Regular Season WOWY stats for Team ID: 1610612756, Player ID: 1631123 across 2025-26
2026-04-09 18:04:42,200 - INFO - Fetching OFF Regular Season WOWY stats for Team ID: 1610612756, Player ID: 1631123  2025-26
2026-04-09 18:04:43,927 - INFO - Fetched OFF Regular Season WOWY stats for Team ID: 1610612756, Player ID: 1631123 across 2025-26
2026-04-09 18:04:48,440 - INFO - Saved data for player 1631123 to daily_data/2026/1631123.csv
2026-04-09 18:04:48,440 - INFO - Processing 1631131 - 1610612762.0 for 2026 (233/403)
2026-04-09 18:04:48,441 - INFO - Fetching ON Regular Season WOWY stats for Team ID: 1610612762, Player ID: 1631131  2025-26
2026-04-09 18:04:50,274 - INFO - Fetched ON Regular Season WOWY stats for Team ID: 1610612762, Player ID: 1631131 across 2025-26
2026-04-09 18:04:52,276 - INFO - Fetching OFF Regular Season WOWY stats for Team ID: 1610612762, Player ID: 1631131  2025-26
2026-04-09 18:04:56,159 - INFO - Fetched OFF Regular Season WOWY stats for Team ID: 1610612762, Player ID: 1631131 across 2025-26
2026-04-09 18:05:00,650 - INFO - Saved data for player 1631131 to daily_data/2026/1631131.csv
2026-04-09 18:05:00,651 - INFO - Processing 1631132 - 1610612747.0 for 2026 (234/403)
2026-04-09 18:05:00,651 - INFO - Fetching ON Regular Season WOWY stats for Team ID: 1610612747, Player ID: 1631132  2025-26
2026-04-09 18:05:30,438 - INFO - Fetched ON Regular Season WOWY stats for Team ID: 1610612747, Player ID: 1631132 across 2025-26
2026-04-09 18:05:32,440 - INFO - Fetching OFF Regular Season WOWY stats for Team ID: 1610612747, Player ID: 1631132  2025-26
2026-04-09 18:05:34,772 - INFO - Fetched OFF Regular Season WOWY stats for Team ID: 1610612747, Player ID: 1631132 across 2025-26
2026-04-09 18:05:38,942 - INFO - Saved data for player 1631132 to daily_data/2026/1631132.csv
2026-04-09 18:05:38,942 - INFO - Processing 1631157 - 1610612749.0 for 2026 (235/403)
2026-04-09 18:05:38,942 - INFO - Fetching ON Regular Season WOWY stats for Team ID: 1610612749, Player ID: 1631157  2025-26
2026-04-09 18:05:40,949 - INFO - Fetched ON Regular Season WOWY stats for Team ID: 1610612749, Player ID: 1631157 across 2025-26
2026-04-09 18:05:42,951 - INFO - Fetching OFF Regular Season WOWY stats for Team ID: 1610612749, Player ID: 1631157  2025-26
2026-04-09 18:05:44,862 - INFO - Fetched OFF Regular Season WOWY stats for Team ID: 1610612749, Player ID: 1631157 across 2025-26
2026-04-09 18:05:49,148 - INFO - Saved data for player 1631157 to daily_data/2026/1631157.csv
2026-04-09 18:05:49,148 - INFO - Processing 1631159 - 1610612750.0 for 2026 (236/403)
2026-04-09 18:05:49,148 - INFO - Fetching ON Regular Season WOWY stats for Team ID: 1610612750, Player ID: 1631159  2025-26
2026-04-09 18:06:15,077 - INFO - Fetched ON Regular Season WOWY stats for Team ID: 1610612750, Player ID: 1631159 across 2025-26
2026-04-09 18:06:17,079 - INFO - Fetching OFF Regular Season WOWY stats for Team ID: 1610612750, Player ID: 1631159  2025-26
2026-04-09 18:06:20,671 - INFO - Fetched OFF Regular Season WOWY stats for Team ID: 1610612750, Player ID: 1631159 across 2025-26
2026-04-09 18:06:25,453 - INFO - Processing 1631159 - 1610612741.0 for 2026 (236/403)
2026-04-09 18:06:25,453 - INFO - Fetching ON Regular Season WOWY stats for Team ID: 1610612741, Player ID: 1631159  2025-26
2026-04-09 18:06:26,517 - INFO - Fetched ON Regular Season WOWY stats for Team ID: 1610612741, Player ID: 1631159 across 2025-26
2026-04-09 18:06:28,519 - INFO - Fetching OFF Regular Season WOWY stats for Team ID: 1610612741, Player ID: 1631159  2025-26
2026-04-09 18:06:31,502 - INFO - Fetched OFF Regular Season WOWY stats for Team ID: 1610612741, Player ID: 1631159 across 2025-26
2026-04-09 18:06:36,515 - INFO - Saved data for player 1631159 to daily_data/2026/1631159.csv
2026-04-09 18:06:36,516 - INFO - Processing 1631165 - 1610612758.0 for 2026 (237/403)
2026-04-09 18:06:36,516 - INFO - Fetching ON Regular Season WOWY stats for Team ID: 1610612758, Player ID: 1631165  2025-26
2026-04-09 18:06:38,371 - INFO - Fetched ON Regular Season WOWY stats for Team ID: 1610612758, Player ID: 1631165 across 2025-26
2026-04-09 18:06:40,373 - INFO - Fetching OFF Regular Season WOWY stats for Team ID: 1610612758, Player ID: 1631165  2025-26
2026-04-09 18:07:04,662 - WARNING - Request failed: 500 Server Error: Internal Server Error for url: https://api.pbpstats.com/get-wowy-stats/nba?0Exactly0OnFloor=1631165&TeamId=1610612758&Season=2025-26&SeasonType=Regular+Season&Type=Player. Retrying in 2.75 seconds (attempt 1/3)
2026-04-09 18:07:09,568 - INFO - Fetched OFF Regular Season WOWY stats for Team ID: 1610612758, Player ID: 1631165 across 2025-26
2026-04-09 18:07:13,709 - INFO - Saved data for player 1631165 to daily_data/2026/1631165.csv
2026-04-09 18:07:13,710 - INFO - Processing 1631166 - 1610612747.0 for 2026 (238/403)
2026-04-09 18:07:13,710 - INFO - Fetching ON Regular Season WOWY stats for Team ID: 1610612747, Player ID: 1631166  2025-26
2026-04-09 18:07:14,838 - INFO - Fetched ON Regular Season WOWY stats for Team ID: 1610612747, Player ID: 1631166 across 2025-26
2026-04-09 18:07:16,840 - INFO - Fetching OFF Regular Season WOWY stats for Team ID: 1610612747, Player ID: 1631166  2025-26
2026-04-09 18:07:19,491 - INFO - Fetched OFF Regular Season WOWY stats for Team ID: 1610612747, Player ID: 1631166 across 2025-26
2026-04-09 18:07:23,680 - INFO - Saved data for player 1631166 to daily_data/2026/1631166.csv
2026-04-09 18:07:23,681 - INFO - Processing 1631169 - 1610612738.0 for 2026 (239/403)
2026-04-09 18:07:23,681 - INFO - Fetching ON Regular Season WOWY stats for Team ID: 1610612738, Player ID: 1631169  2025-26
2026-04-09 18:07:25,024 - INFO - Fetched ON Regular Season WOWY stats for Team ID: 1610612738, Player ID: 1631169 across 2025-26
2026-04-09 18:07:27,026 - INFO - Fetching OFF Regular Season WOWY stats for Team ID: 1610612738, Player ID: 1631169  2025-26
2026-04-09 18:07:28,936 - INFO - Fetched OFF Regular Season WOWY stats for Team ID: 1610612738, Player ID: 1631169 across 2025-26
2026-04-09 18:07:33,310 - INFO - Processing 1631169 - 1610612751.0 for 2026 (239/403)
2026-04-09 18:07:33,310 - INFO - Fetching ON Regular Season WOWY stats for Team ID: 1610612751, Player ID: 1631169  2025-26
2026-04-09 18:07:57,450 - INFO - Fetched ON Regular Season WOWY stats for Team ID: 1610612751, Player ID: 1631169 across 2025-26
2026-04-09 18:07:59,452 - INFO - Fetching OFF Regular Season WOWY stats for Team ID: 1610612751, Player ID: 1631169  2025-26
2026-04-09 18:08:08,891 - INFO - Fetched OFF Regular Season WOWY stats for Team ID: 1610612751, Player ID: 1631169 across 2025-26
2026-04-09 18:08:13,436 - INFO - Saved data for player 1631169 to daily_data/2026/1631169.csv
2026-04-09 18:08:13,437 - INFO - Processing 1631170 - 1610612748.0 for 2026 (240/403)
2026-04-09 18:08:13,437 - INFO - Fetching ON Regular Season WOWY stats for Team ID: 1610612748, Player ID: 1631170  2025-26
2026-04-09 18:08:15,346 - INFO - Fetched ON Regular Season WOWY stats for Team ID: 1610612748, Player ID: 1631170 across 2025-26
2026-04-09 18:08:17,348 - INFO - Fetching OFF Regular Season WOWY stats for Team ID: 1610612748, Player ID: 1631170  2025-26
2026-04-09 18:08:19,002 - INFO - Fetched OFF Regular Season WOWY stats for Team ID: 1610612748, Player ID: 1631170 across 2025-26
2026-04-09 18:08:23,339 - INFO - Saved data for player 1631170 to daily_data/2026/1631170.csv
2026-04-09 18:08:23,339 - INFO - Progress: 240/403 players processed (59.6%)
2026-04-09 18:08:23,340 - INFO - Processing 1631172 - 1610612760.0 for 2026 (241/403)
2026-04-09 18:08:23,340 - INFO - Fetching ON Regular Season WOWY stats for Team ID: 1610612760, Player ID: 1631172  2025-26
2026-04-09 18:08:24,782 - INFO - Fetched ON Regular Season WOWY stats for Team ID: 1610612760, Player ID: 1631172 across 2025-26
2026-04-09 18:08:26,784 - INFO - Fetching OFF Regular Season WOWY stats for Team ID: 1610612760, Player ID: 1631172  2025-26
2026-04-09 18:08:30,013 - INFO - Fetched OFF Regular Season WOWY stats for Team ID: 1610612760, Player ID: 1631172 across 2025-26
2026-04-09 18:08:34,978 - INFO - Processing 1631172 - 1610612749.0 for 2026 (241/403)
2026-04-09 18:08:34,979 - INFO - Fetching ON Regular Season WOWY stats for Team ID: 1610612749, Player ID: 1631172  2025-26
2026-04-09 18:08:36,867 - INFO - Fetched ON Regular Season WOWY stats for Team ID: 1610612749, Player ID: 1631172 across 2025-26
2026-04-09 18:08:38,869 - INFO - Fetching OFF Regular Season WOWY stats for Team ID: 1610612749, Player ID: 1631172  2025-26
2026-04-09 18:08:42,950 - INFO - Fetched OFF Regular Season WOWY stats for Team ID: 1610612749, Player ID: 1631172 across 2025-26
2026-04-09 18:08:47,080 - INFO - Saved data for player 1631172 to daily_data/2026/1631172.csv
2026-04-09 18:08:47,080 - INFO - Processing 1631199 - 1610612738.0 for 2026 (242/403)
2026-04-09 18:08:47,080 - INFO - Fetching ON Regular Season WOWY stats for Team ID: 1610612738, Player ID: 1631199  2025-26
2026-04-09 18:08:48,863 - INFO - Fetched ON Regular Season WOWY stats for Team ID: 1610612738, Player ID: 1631199 across 2025-26
2026-04-09 18:08:50,866 - INFO - Fetching OFF Regular Season WOWY stats for Team ID: 1610612738, Player ID: 1631199  2025-26
2026-04-09 18:08:54,375 - INFO - Fetched OFF Regular Season WOWY stats for Team ID: 1610612738, Player ID: 1631199 across 2025-26
2026-04-09 18:08:58,826 - INFO - Saved data for player 1631199 to daily_data/2026/1631199.csv
2026-04-09 18:08:58,827 - INFO - Processing 1631205 - 1610612760.0 for 2026 (243/403)
2026-04-09 18:08:58,827 - INFO - Fetching ON Regular Season WOWY stats for Team ID: 1610612760, Player ID: 1631205  2025-26
2026-04-09 18:08:59,867 - INFO - Fetched ON Regular Season WOWY stats for Team ID: 1610612760, Player ID: 1631205 across 2025-26
2026-04-09 18:09:01,869 - INFO - Fetching OFF Regular Season WOWY stats for Team ID: 1610612760, Player ID: 1631205  2025-26
2026-04-09 18:09:22,601 - INFO - Fetched OFF Regular Season WOWY stats for Team ID: 1610612760, Player ID: 1631205 across 2025-26
2026-04-09 18:09:27,312 - INFO - Saved data for player 1631205 to daily_data/2026/1631205.csv
2026-04-09 18:09:27,313 - INFO - Processing 1631207 - 1610612741.0 for 2026 (244/403)
2026-04-09 18:09:27,313 - INFO - Fetching ON Regular Season WOWY stats for Team ID: 1610612741, Player ID: 1631207  2025-26
2026-04-09 18:09:42,220 - INFO - Fetched ON Regular Season WOWY stats for Team ID: 1610612741, Player ID: 1631207 across 2025-26
2026-04-09 18:09:44,223 - INFO - Fetching OFF Regular Season WOWY stats for Team ID: 1610612741, Player ID: 1631207  2025-26
2026-04-09 18:09:48,831 - INFO - Fetched OFF Regular Season WOWY stats for Team ID: 1610612741, Player ID: 1631207 across 2025-26
2026-04-09 18:09:53,501 - INFO - Saved data for player 1631207 to daily_data/2026/1631207.csv
2026-04-09 18:09:53,502 - INFO - Processing 1631211 - 1610612748.0 for 2026 (245/403)
2026-04-09 18:09:53,502 - INFO - Fetching ON Regular Season WOWY stats for Team ID: 1610612748, Player ID: 1631211  2025-26
2026-04-09 18:10:05,101 - INFO - Fetched ON Regular Season WOWY stats for Team ID: 1610612748, Player ID: 1631211 across 2025-26
2026-04-09 18:10:07,103 - INFO - Fetching OFF Regular Season WOWY stats for Team ID: 1610612748, Player ID: 1631211  2025-26
2026-04-09 18:10:18,768 - INFO - Fetched OFF Regular Season WOWY stats for Team ID: 1610612748, Player ID: 1631211 across 2025-26
2026-04-09 18:10:23,524 - INFO - Saved data for player 1631211 to daily_data/2026/1631211.csv
2026-04-09 18:10:23,524 - INFO - Processing 1631213 - 1610612751.0 for 2026 (246/403)
2026-04-09 18:10:23,525 - INFO - Fetching ON Regular Season WOWY stats for Team ID: 1610612751, Player ID: 1631213  2025-26
2026-04-09 18:10:31,843 - INFO - Fetched ON Regular Season WOWY stats for Team ID: 1610612751, Player ID: 1631213 across 2025-26
2026-04-09 18:10:33,845 - INFO - Fetching OFF Regular Season WOWY stats for Team ID: 1610612751, Player ID: 1631213  2025-26
2026-04-09 18:10:39,253 - INFO - Fetched OFF Regular Season WOWY stats for Team ID: 1610612751, Player ID: 1631213 across 2025-26
2026-04-09 18:10:44,110 - INFO - Saved data for player 1631213 to daily_data/2026/1631213.csv
2026-04-09 18:10:44,111 - INFO - Processing 1631214 - 1610612764.0 for 2026 (247/403)
2026-04-09 18:10:44,111 - INFO - Fetching ON Regular Season WOWY stats for Team ID: 1610612764, Player ID: 1631214  2025-26
2026-04-09 18:11:08,429 - WARNING - Request failed: 500 Server Error: Internal Server Error for url: https://api.pbpstats.com/get-wowy-stats/nba?0Exactly1OnFloor=1631214&TeamId=1610612764&Season=2025-26&SeasonType=Regular+Season&Type=Player. Retrying in 2.27 seconds (attempt 1/3)
2026-04-09 18:11:11,669 - INFO - Fetched ON Regular Season WOWY stats for Team ID: 1610612764, Player ID: 1631214 across 2025-26
2026-04-09 18:11:13,671 - INFO - Fetching OFF Regular Season WOWY stats for Team ID: 1610612764, Player ID: 1631214  2025-26
2026-04-09 18:11:43,836 - WARNING - Request failed: HTTPSConnectionPool(host='api.pbpstats.com', port=443): Read timed out. (read timeout=30). Retrying in 2.02 seconds (attempt 1/3)
2026-04-09 18:11:56,062 - INFO - Fetched OFF Regular Season WOWY stats for Team ID: 1610612764, Player ID: 1631214 across 2025-26
2026-04-09 18:12:00,302 - INFO - Saved data for player 1631214 to daily_data/2026/1631214.csv
2026-04-09 18:12:00,303 - INFO - Processing 1631217 - 1610612766.0 for 2026 (248/403)
2026-04-09 18:12:00,303 - INFO - Fetching ON Regular Season WOWY stats for Team ID: 1610612766, Player ID: 1631217  2025-26
2026-04-09 18:12:05,506 - INFO - Fetched ON Regular Season WOWY stats for Team ID: 1610612766, Player ID: 1631217 across 2025-26
2026-04-09 18:12:07,508 - INFO - Fetching OFF Regular Season WOWY stats for Team ID: 1610612766, Player ID: 1631217  2025-26
2026-04-09 18:12:16,579 - INFO - Fetched OFF Regular Season WOWY stats for Team ID: 1610612766, Player ID: 1631217 across 2025-26
2026-04-09 18:12:20,928 - INFO - Saved data for player 1631217 to daily_data/2026/1631217.csv
2026-04-09 18:12:20,929 - INFO - Processing 1631218 - 1610612744.0 for 2026 (249/403)
2026-04-09 18:12:20,929 - INFO - Fetching ON Regular Season WOWY stats for Team ID: 1610612744, Player ID: 1631218  2025-26
2026-04-09 18:12:24,321 - INFO - Fetched ON Regular Season WOWY stats for Team ID: 1610612744, Player ID: 1631218 across 2025-26
2026-04-09 18:12:26,324 - INFO - Fetching OFF Regular Season WOWY stats for Team ID: 1610612744, Player ID: 1631218  2025-26
2026-04-09 18:12:38,627 - WARNING - Request failed: 500 Server Error: Internal Server Error for url: https://api.pbpstats.com/get-wowy-stats/nba?0Exactly0OnFloor=1631218&TeamId=1610612744&Season=2025-26&SeasonType=Regular+Season&Type=Player. Retrying in 2.44 seconds (attempt 1/3)
2026-04-09 18:12:43,902 - INFO - Fetched OFF Regular Season WOWY stats for Team ID: 1610612744, Player ID: 1631218 across 2025-26
2026-04-09 18:12:48,477 - INFO - Processing 1631218 - 1610612761.0 for 2026 (249/403)
2026-04-09 18:12:48,477 - INFO - Fetching ON Regular Season WOWY stats for Team ID: 1610612761, Player ID: 1631218  2025-26
2026-04-09 18:12:49,742 - INFO - Fetched ON Regular Season WOWY stats for Team ID: 1610612761, Player ID: 1631218 across 2025-26
2026-04-09 18:12:51,745 - INFO - Fetching OFF Regular Season WOWY stats for Team ID: 1610612761, Player ID: 1631218  2025-26
2026-04-09 18:12:54,150 - INFO - Fetched OFF Regular Season WOWY stats for Team ID: 1610612761, Player ID: 1631218 across 2025-26
2026-04-09 18:12:59,040 - INFO - Saved data for player 1631218 to daily_data/2026/1631218.csv
2026-04-09 18:12:59,041 - INFO - Processing 1631221 - 1610612756.0 for 2026 (250/403)
2026-04-09 18:12:59,041 - INFO - Fetching ON Regular Season WOWY stats for Team ID: 1610612756, Player ID: 1631221  2025-26
2026-04-09 18:13:17,717 - INFO - Fetched ON Regular Season WOWY stats for Team ID: 1610612756, Player ID: 1631221 across 2025-26
2026-04-09 18:13:19,720 - INFO - Fetching OFF Regular Season WOWY stats for Team ID: 1610612756, Player ID: 1631221  2025-26
2026-04-09 18:13:24,062 - INFO - Fetched OFF Regular Season WOWY stats for Team ID: 1610612756, Player ID: 1631221 across 2025-26
2026-04-09 18:13:28,730 - INFO - Saved data for player 1631221 to daily_data/2026/1631221.csv
2026-04-09 18:13:28,730 - INFO - Progress: 250/403 players processed (62.0%)
2026-04-09 18:13:28,731 - INFO - Processing 1631222 - 1610612747.0 for 2026 (251/403)
2026-04-09 18:13:28,731 - INFO - Fetching ON Regular Season WOWY stats for Team ID: 1610612747, Player ID: 1631222  2025-26
2026-04-09 18:13:32,996 - INFO - Fetched ON Regular Season WOWY stats for Team ID: 1610612747, Player ID: 1631222 across 2025-26
2026-04-09 18:13:34,998 - INFO - Fetching OFF Regular Season WOWY stats for Team ID: 1610612747, Player ID: 1631222  2025-26
2026-04-09 18:13:39,168 - INFO - Fetched OFF Regular Season WOWY stats for Team ID: 1610612747, Player ID: 1631222 across 2025-26
2026-04-09 18:13:43,988 - INFO - Saved data for player 1631222 to daily_data/2026/1631222.csv
2026-04-09 18:13:43,988 - INFO - Processing 1631245 - 1610612754.0 for 2026 (252/403)
2026-04-09 18:13:43,988 - INFO - Fetching ON Regular Season WOWY stats for Team ID: 1610612754, Player ID: 1631245  2025-26
2026-04-09 18:13:47,759 - INFO - Fetched ON Regular Season WOWY stats for Team ID: 1610612754, Player ID: 1631245 across 2025-26
2026-04-09 18:13:49,762 - INFO - Fetching OFF Regular Season WOWY stats for Team ID: 1610612754, Player ID: 1631245  2025-26
2026-04-09 18:14:13,192 - INFO - Fetched OFF Regular Season WOWY stats for Team ID: 1610612754, Player ID: 1631245 across 2025-26
2026-04-09 18:14:17,567 - INFO - Saved data for player 1631245 to daily_data/2026/1631245.csv
2026-04-09 18:14:17,567 - INFO - Processing 1631246 - 1610612762.0 for 2026 (253/403)
2026-04-09 18:14:17,567 - INFO - Fetching ON Regular Season WOWY stats for Team ID: 1610612762, Player ID: 1631246  2025-26
2026-04-09 18:14:18,812 - INFO - Fetched ON Regular Season WOWY stats for Team ID: 1610612762, Player ID: 1631246 across 2025-26
2026-04-09 18:14:20,814 - INFO - Fetching OFF Regular Season WOWY stats for Team ID: 1610612762, Player ID: 1631246  2025-26
2026-04-09 18:14:24,931 - INFO - Fetched OFF Regular Season WOWY stats for Team ID: 1610612762, Player ID: 1631246 across 2025-26
2026-04-09 18:14:29,255 - INFO - Saved data for player 1631246 to daily_data/2026/1631246.csv
2026-04-09 18:14:29,255 - INFO - Processing 1631248 - 1610612738.0 for 2026 (254/403)
2026-04-09 18:14:29,255 - INFO - Fetching ON Regular Season WOWY stats for Team ID: 1610612738, Player ID: 1631248  2025-26
2026-04-09 18:14:33,666 - INFO - Fetched ON Regular Season WOWY stats for Team ID: 1610612738, Player ID: 1631248 across 2025-26
2026-04-09 18:14:35,669 - INFO - Fetching OFF Regular Season WOWY stats for Team ID: 1610612738, Player ID: 1631248  2025-26
2026-04-09 18:14:58,577 - INFO - Fetched OFF Regular Season WOWY stats for Team ID: 1610612738, Player ID: 1631248 across 2025-26
2026-04-09 18:15:02,864 - INFO - Saved data for player 1631248 to daily_data/2026/1631248.csv
2026-04-09 18:15:02,865 - INFO - Processing 1631250 - 1610612749.0 for 2026 (255/403)
2026-04-09 18:15:02,865 - INFO - Fetching ON Regular Season WOWY stats for Team ID: 1610612749, Player ID: 1631250  2025-26
2026-04-09 18:15:06,598 - INFO - Fetched ON Regular Season WOWY stats for Team ID: 1610612749, Player ID: 1631250 across 2025-26
2026-04-09 18:15:08,601 - INFO - Fetching OFF Regular Season WOWY stats for Team ID: 1610612749, Player ID: 1631250  2025-26
2026-04-09 18:15:12,025 - INFO - Fetched OFF Regular Season WOWY stats for Team ID: 1610612749, Player ID: 1631250 across 2025-26
2026-04-09 18:15:16,165 - INFO - Saved data for player 1631250 to daily_data/2026/1631250.csv
2026-04-09 18:15:16,165 - INFO - Processing 1631255 - 1610612740.0 for 2026 (256/403)
2026-04-09 18:15:16,165 - INFO - Fetching ON Regular Season WOWY stats for Team ID: 1610612740, Player ID: 1631255  2025-26
2026-04-09 18:15:18,994 - INFO - Fetched ON Regular Season WOWY stats for Team ID: 1610612740, Player ID: 1631255 across 2025-26
2026-04-09 18:15:20,996 - INFO - Fetching OFF Regular Season WOWY stats for Team ID: 1610612740, Player ID: 1631255  2025-26
2026-04-09 18:15:29,876 - INFO - Fetched OFF Regular Season WOWY stats for Team ID: 1610612740, Player ID: 1631255 across 2025-26
2026-04-09 18:15:34,533 - INFO - Saved data for player 1631255 to daily_data/2026/1631255.csv
2026-04-09 18:15:34,534 - INFO - Processing 1631260 - 1610612749.0 for 2026 (257/403)
2026-04-09 18:15:34,534 - INFO - Fetching ON Regular Season WOWY stats for Team ID: 1610612749, Player ID: 1631260  2025-26
2026-04-09 18:15:44,996 - INFO - Fetched ON Regular Season WOWY stats for Team ID: 1610612749, Player ID: 1631260 across 2025-26
2026-04-09 18:15:46,999 - INFO - Fetching OFF Regular Season WOWY stats for Team ID: 1610612749, Player ID: 1631260  2025-26
2026-04-09 18:15:50,049 - INFO - Fetched OFF Regular Season WOWY stats for Team ID: 1610612749, Player ID: 1631260 across 2025-26
2026-04-09 18:15:54,188 - INFO - Saved data for player 1631260 to daily_data/2026/1631260.csv
2026-04-09 18:15:54,189 - INFO - Processing 1631323 - 1610612748.0 for 2026 (258/403)
2026-04-09 18:15:54,189 - INFO - Fetching ON Regular Season WOWY stats for Team ID: 1610612748, Player ID: 1631323  2025-26
2026-04-09 18:15:55,508 - INFO - Fetched ON Regular Season WOWY stats for Team ID: 1610612748, Player ID: 1631323 across 2025-26
2026-04-09 18:15:57,510 - INFO - Fetching OFF Regular Season WOWY stats for Team ID: 1610612748, Player ID: 1631323  2025-26
2026-04-09 18:15:59,095 - INFO - Fetched OFF Regular Season WOWY stats for Team ID: 1610612748, Player ID: 1631323 across 2025-26
2026-04-09 18:16:03,906 - INFO - Saved data for player 1631323 to daily_data/2026/1631323.csv
2026-04-09 18:16:03,907 - INFO - Processing 1631342 - 1610612758.0 for 2026 (259/403)
2026-04-09 18:16:03,907 - INFO - Fetching ON Regular Season WOWY stats for Team ID: 1610612758, Player ID: 1631342  2025-26
2026-04-09 18:16:05,329 - INFO - Fetched ON Regular Season WOWY stats for Team ID: 1610612758, Player ID: 1631342 across 2025-26
2026-04-09 18:16:07,332 - INFO - Fetching OFF Regular Season WOWY stats for Team ID: 1610612758, Player ID: 1631342  2025-26
2026-04-09 18:16:11,651 - WARNING - Request failed: 500 Server Error: Internal Server Error for url: https://api.pbpstats.com/get-wowy-stats/nba?0Exactly0OnFloor=1631342&TeamId=1610612758&Season=2025-26&SeasonType=Regular+Season&Type=Player. Retrying in 2.81 seconds (attempt 1/3)
2026-04-09 18:16:18,216 - INFO - Fetched OFF Regular Season WOWY stats for Team ID: 1610612758, Player ID: 1631342 across 2025-26
2026-04-09 18:16:22,899 - INFO - Saved data for player 1631342 to daily_data/2026/1631342.csv
2026-04-09 18:16:22,899 - INFO - Processing 1631466 - 1610612744.0 for 2026 (260/403)
2026-04-09 18:16:22,899 - INFO - Fetching ON Regular Season WOWY stats for Team ID: 1610612744, Player ID: 1631466  2025-26
2026-04-09 18:16:24,329 - INFO - Fetched ON Regular Season WOWY stats for Team ID: 1610612744, Player ID: 1631466 across 2025-26
2026-04-09 18:16:26,331 - INFO - Fetching OFF Regular Season WOWY stats for Team ID: 1610612744, Player ID: 1631466  2025-26
2026-04-09 18:16:29,170 - INFO - Fetched OFF Regular Season WOWY stats for Team ID: 1610612744, Player ID: 1631466 across 2025-26
2026-04-09 18:16:33,440 - INFO - Saved data for player 1631466 to daily_data/2026/1631466.csv
2026-04-09 18:16:33,441 - INFO - Progress: 260/403 players processed (64.5%)
2026-04-09 18:16:33,441 - INFO - Processing 1641706 - 1610612766.0 for 2026 (261/403)
2026-04-09 18:16:33,441 - INFO - Fetching ON Regular Season WOWY stats for Team ID: 1610612766, Player ID: 1641706  2025-26
2026-04-09 18:16:35,050 - INFO - Fetched ON Regular Season WOWY stats for Team ID: 1610612766, Player ID: 1641706 across 2025-26
2026-04-09 18:16:37,052 - INFO - Fetching OFF Regular Season WOWY stats for Team ID: 1610612766, Player ID: 1641706  2025-26
2026-04-09 18:16:38,749 - INFO - Fetched OFF Regular Season WOWY stats for Team ID: 1610612766, Player ID: 1641706 across 2025-26
2026-04-09 18:16:43,368 - INFO - Saved data for player 1641706 to daily_data/2026/1641706.csv
2026-04-09 18:16:43,369 - INFO - Processing 1641707 - 1610612762.0 for 2026 (262/403)
2026-04-09 18:16:43,369 - INFO - Fetching ON Regular Season WOWY stats for Team ID: 1610612762, Player ID: 1641707  2025-26
2026-04-09 18:16:44,660 - INFO - Fetched ON Regular Season WOWY stats for Team ID: 1610612762, Player ID: 1641707 across 2025-26
2026-04-09 18:16:46,662 - INFO - Fetching OFF Regular Season WOWY stats for Team ID: 1610612762, Player ID: 1641707  2025-26
2026-04-09 18:16:50,169 - INFO - Fetched OFF Regular Season WOWY stats for Team ID: 1610612762, Player ID: 1641707 across 2025-26
2026-04-09 18:16:54,953 - INFO - Saved data for player 1641707 to daily_data/2026/1641707.csv
2026-04-09 18:16:54,953 - INFO - Processing 1641708 - 1610612745.0 for 2026 (263/403)
2026-04-09 18:16:54,954 - INFO - Fetching ON Regular Season WOWY stats for Team ID: 1610612745, Player ID: 1641708  2025-26
2026-04-09 18:16:56,560 - INFO - Fetched ON Regular Season WOWY stats for Team ID: 1610612745, Player ID: 1641708 across 2025-26
2026-04-09 18:16:58,562 - INFO - Fetching OFF Regular Season WOWY stats for Team ID: 1610612745, Player ID: 1641708  2025-26
2026-04-09 18:17:12,860 - WARNING - Request failed: 500 Server Error: Internal Server Error for url: https://api.pbpstats.com/get-wowy-stats/nba?0Exactly0OnFloor=1641708&TeamId=1610612745&Season=2025-26&SeasonType=Regular+Season&Type=Player. Retrying in 2.58 seconds (attempt 1/3)
2026-04-09 18:17:16,886 - INFO - Fetched OFF Regular Season WOWY stats for Team ID: 1610612745, Player ID: 1641708 across 2025-26
2026-04-09 18:17:21,309 - INFO - Saved data for player 1641708 to daily_data/2026/1641708.csv
2026-04-09 18:17:21,309 - INFO - Processing 1641711 - 1610612761.0 for 2026 (264/403)
2026-04-09 18:17:21,309 - INFO - Fetching ON Regular Season WOWY stats for Team ID: 1610612761, Player ID: 1641711  2025-26
2026-04-09 18:17:23,048 - INFO - Fetched ON Regular Season WOWY stats for Team ID: 1610612761, Player ID: 1641711 across 2025-26
2026-04-09 18:17:25,050 - INFO - Fetching OFF Regular Season WOWY stats for Team ID: 1610612761, Player ID: 1641711  2025-26
2026-04-09 18:17:27,305 - WARNING - Request failed: 500 Server Error: Internal Server Error for url: https://api.pbpstats.com/get-wowy-stats/nba?0Exactly0OnFloor=1641711&TeamId=1610612761&Season=2025-26&SeasonType=Regular+Season&Type=Player. Retrying in 2.81 seconds (attempt 1/3)
2026-04-09 18:17:44,954 - INFO - Fetched OFF Regular Season WOWY stats for Team ID: 1610612761, Player ID: 1641711 across 2025-26
2026-04-09 18:17:49,973 - INFO - Saved data for player 1641711 to daily_data/2026/1641711.csv
2026-04-09 18:17:49,973 - INFO - Processing 1641715 - 1610612764.0 for 2026 (265/403)
2026-04-09 18:17:49,974 - INFO - Fetching ON Regular Season WOWY stats for Team ID: 1610612764, Player ID: 1641715  2025-26
2026-04-09 18:17:51,202 - INFO - Fetched ON Regular Season WOWY stats for Team ID: 1610612764, Player ID: 1641715 across 2025-26
2026-04-09 18:17:53,204 - INFO - Fetching OFF Regular Season WOWY stats for Team ID: 1610612764, Player ID: 1641715  2025-26
2026-04-09 18:17:55,942 - INFO - Fetched OFF Regular Season WOWY stats for Team ID: 1610612764, Player ID: 1641715 across 2025-26
2026-04-09 18:18:00,779 - INFO - Saved data for player 1641715 to daily_data/2026/1641715.csv
2026-04-09 18:18:00,780 - INFO - Processing 1641716 - 1610612754.0 for 2026 (266/403)
2026-04-09 18:18:00,780 - INFO - Fetching ON Regular Season WOWY stats for Team ID: 1610612754, Player ID: 1641716  2025-26
2026-04-09 18:18:04,943 - INFO - Fetched ON Regular Season WOWY stats for Team ID: 1610612754, Player ID: 1641716 across 2025-26
2026-04-09 18:18:06,945 - INFO - Fetching OFF Regular Season WOWY stats for Team ID: 1610612754, Player ID: 1641716  2025-26
2026-04-09 18:18:10,844 - INFO - Fetched OFF Regular Season WOWY stats for Team ID: 1610612754, Player ID: 1641716 across 2025-26
2026-04-09 18:18:15,614 - INFO - Saved data for player 1641716 to daily_data/2026/1641716.csv
2026-04-09 18:18:15,615 - INFO - Processing 1641717 - 1610612760.0 for 2026 (267/403)
2026-04-09 18:18:15,615 - INFO - Fetching ON Regular Season WOWY stats for Team ID: 1610612760, Player ID: 1641717  2025-26
2026-04-09 18:18:18,306 - INFO - Fetched ON Regular Season WOWY stats for Team ID: 1610612760, Player ID: 1641717 across 2025-26
2026-04-09 18:18:20,308 - INFO - Fetching OFF Regular Season WOWY stats for Team ID: 1610612760, Player ID: 1641717  2025-26
2026-04-09 18:18:23,138 - INFO - Fetched OFF Regular Season WOWY stats for Team ID: 1610612760, Player ID: 1641717 across 2025-26
2026-04-09 18:18:27,308 - INFO - Saved data for player 1641717 to daily_data/2026/1641717.csv
2026-04-09 18:18:27,309 - INFO - Processing 1641718 - 1610612762.0 for 2026 (268/403)
2026-04-09 18:18:27,309 - INFO - Fetching ON Regular Season WOWY stats for Team ID: 1610612762, Player ID: 1641718  2025-26
2026-04-09 18:18:28,911 - INFO - Fetched ON Regular Season WOWY stats for Team ID: 1610612762, Player ID: 1641718 across 2025-26
2026-04-09 18:18:30,913 - INFO - Fetching OFF Regular Season WOWY stats for Team ID: 1610612762, Player ID: 1641718  2025-26
2026-04-09 18:18:32,838 - INFO - Fetched OFF Regular Season WOWY stats for Team ID: 1610612762, Player ID: 1641718 across 2025-26
2026-04-09 18:18:37,163 - INFO - Saved data for player 1641718 to daily_data/2026/1641718.csv
2026-04-09 18:18:37,164 - INFO - Processing 1641722 - 1610612740.0 for 2026 (269/403)
2026-04-09 18:18:37,164 - INFO - Fetching ON Regular Season WOWY stats for Team ID: 1610612740, Player ID: 1641722  2025-26
2026-04-09 18:18:41,576 - INFO - Fetched ON Regular Season WOWY stats for Team ID: 1610612740, Player ID: 1641722 across 2025-26
2026-04-09 18:18:43,578 - INFO - Fetching OFF Regular Season WOWY stats for Team ID: 1610612740, Player ID: 1641722  2025-26
2026-04-09 18:18:47,840 - INFO - Fetched OFF Regular Season WOWY stats for Team ID: 1610612740, Player ID: 1641722 across 2025-26
2026-04-09 18:18:52,510 - INFO - Saved data for player 1641722 to daily_data/2026/1641722.csv
2026-04-09 18:18:52,511 - INFO - Processing 1641723 - 1610612747.0 for 2026 (270/403)
2026-04-09 18:18:52,511 - INFO - Fetching ON Regular Season WOWY stats for Team ID: 1610612747, Player ID: 1641723  2025-26
2026-04-09 18:18:53,818 - INFO - Fetched ON Regular Season WOWY stats for Team ID: 1610612747, Player ID: 1641723 across 2025-26
2026-04-09 18:18:55,820 - INFO - Fetching OFF Regular Season WOWY stats for Team ID: 1610612747, Player ID: 1641723  2025-26
2026-04-09 18:18:58,007 - INFO - Fetched OFF Regular Season WOWY stats for Team ID: 1610612747, Player ID: 1641723 across 2025-26
2026-04-09 18:19:02,653 - INFO - Saved data for player 1641723 to daily_data/2026/1641723.csv
2026-04-09 18:19:02,653 - INFO - Progress: 270/403 players processed (67.0%)
2026-04-09 18:19:02,653 - INFO - Processing 1641725 - 1610612740.0 for 2026 (271/403)
2026-04-09 18:19:02,653 - INFO - Fetching ON Regular Season WOWY stats for Team ID: 1610612740, Player ID: 1641725  2025-26
2026-04-09 18:19:03,868 - INFO - Fetched ON Regular Season WOWY stats for Team ID: 1610612740, Player ID: 1641725 across 2025-26
2026-04-09 18:19:05,871 - INFO - Fetching OFF Regular Season WOWY stats for Team ID: 1610612740, Player ID: 1641725  2025-26
2026-04-09 18:19:08,583 - INFO - Fetched OFF Regular Season WOWY stats for Team ID: 1610612740, Player ID: 1641725 across 2025-26
2026-04-09 18:19:12,859 - INFO - Saved data for player 1641725 to daily_data/2026/1641725.csv
2026-04-09 18:19:12,859 - INFO - Processing 1641726 - 1610612742.0 for 2026 (272/403)
2026-04-09 18:19:12,859 - INFO - Fetching ON Regular Season WOWY stats for Team ID: 1610612742, Player ID: 1641726  2025-26
2026-04-09 18:19:13,683 - INFO - Fetched ON Regular Season WOWY stats for Team ID: 1610612742, Player ID: 1641726 across 2025-26
2026-04-09 18:19:15,685 - INFO - Fetching OFF Regular Season WOWY stats for Team ID: 1610612742, Player ID: 1641726  2025-26
2026-04-09 18:19:18,409 - INFO - Fetched OFF Regular Season WOWY stats for Team ID: 1610612742, Player ID: 1641726 across 2025-26
2026-04-09 18:19:23,217 - INFO - Saved data for player 1641726 to daily_data/2026/1641726.csv
2026-04-09 18:19:23,218 - INFO - Processing 1641729 - 1610612762.0 for 2026 (273/403)
2026-04-09 18:19:23,218 - INFO - Fetching ON Regular Season WOWY stats for Team ID: 1610612762, Player ID: 1641729  2025-26
2026-04-09 18:19:25,277 - INFO - Fetched ON Regular Season WOWY stats for Team ID: 1610612762, Player ID: 1641729 across 2025-26
2026-04-09 18:19:27,279 - INFO - Fetching OFF Regular Season WOWY stats for Team ID: 1610612762, Player ID: 1641729  2025-26
2026-04-09 18:19:29,080 - INFO - Fetched OFF Regular Season WOWY stats for Team ID: 1610612762, Player ID: 1641729 across 2025-26
2026-04-09 18:19:34,044 - INFO - Saved data for player 1641729 to daily_data/2026/1641729.csv
2026-04-09 18:19:34,045 - INFO - Processing 1641730 - 1610612751.0 for 2026 (274/403)
2026-04-09 18:19:34,045 - INFO - Fetching ON Regular Season WOWY stats for Team ID: 1610612751, Player ID: 1641730  2025-26
2026-04-09 18:19:35,480 - INFO - Fetched ON Regular Season WOWY stats for Team ID: 1610612751, Player ID: 1641730 across 2025-26
2026-04-09 18:19:37,482 - INFO - Fetching OFF Regular Season WOWY stats for Team ID: 1610612751, Player ID: 1641730  2025-26
2026-04-09 18:19:39,312 - INFO - Fetched OFF Regular Season WOWY stats for Team ID: 1610612751, Player ID: 1641730 across 2025-26
2026-04-09 18:19:43,657 - INFO - Saved data for player 1641730 to daily_data/2026/1641730.csv
2026-04-09 18:19:43,657 - INFO - Processing 1641731 - 1610612764.0 for 2026 (275/403)
2026-04-09 18:19:43,658 - INFO - Fetching ON Regular Season WOWY stats for Team ID: 1610612764, Player ID: 1641731  2025-26
2026-04-09 18:19:46,108 - INFO - Fetched ON Regular Season WOWY stats for Team ID: 1610612764, Player ID: 1641731 across 2025-26
2026-04-09 18:19:48,110 - INFO - Fetching OFF Regular Season WOWY stats for Team ID: 1610612764, Player ID: 1641731  2025-26
2026-04-09 18:19:49,982 - INFO - Fetched OFF Regular Season WOWY stats for Team ID: 1610612764, Player ID: 1641731 across 2025-26
2026-04-09 18:19:54,336 - INFO - Saved data for player 1641731 to daily_data/2026/1641731.csv
2026-04-09 18:19:54,337 - INFO - Processing 1641733 - 1610612747.0 for 2026 (276/403)
2026-04-09 18:19:54,337 - INFO - Fetching ON Regular Season WOWY stats for Team ID: 1610612747, Player ID: 1641733  2025-26
2026-04-09 18:19:55,583 - INFO - Fetched ON Regular Season WOWY stats for Team ID: 1610612747, Player ID: 1641733 across 2025-26
2026-04-09 18:19:57,586 - INFO - Fetching OFF Regular Season WOWY stats for Team ID: 1610612747, Player ID: 1641733  2025-26
2026-04-09 18:20:00,802 - INFO - Fetched OFF Regular Season WOWY stats for Team ID: 1610612747, Player ID: 1641733 across 2025-26
2026-04-09 18:20:05,503 - INFO - Saved data for player 1641733 to daily_data/2026/1641733.csv
2026-04-09 18:20:05,503 - INFO - Processing 1641738 - 1610612746.0 for 2026 (277/403)
2026-04-09 18:20:05,503 - INFO - Fetching ON Regular Season WOWY stats for Team ID: 1610612746, Player ID: 1641738  2025-26
2026-04-09 18:20:08,742 - INFO - Fetched ON Regular Season WOWY stats for Team ID: 1610612746, Player ID: 1641738 across 2025-26
2026-04-09 18:20:10,744 - INFO - Fetching OFF Regular Season WOWY stats for Team ID: 1610612746, Player ID: 1641738  2025-26
2026-04-09 18:20:13,911 - INFO - Fetched OFF Regular Season WOWY stats for Team ID: 1610612746, Player ID: 1641738 across 2025-26
2026-04-09 18:20:18,298 - INFO - Processing 1641738 - 1610612754.0 for 2026 (277/403)
2026-04-09 18:20:18,298 - INFO - Fetching ON Regular Season WOWY stats for Team ID: 1610612754, Player ID: 1641738  2025-26
2026-04-09 18:20:20,245 - INFO - Fetched ON Regular Season WOWY stats for Team ID: 1610612754, Player ID: 1641738 across 2025-26
2026-04-09 18:20:22,247 - INFO - Fetching OFF Regular Season WOWY stats for Team ID: 1610612754, Player ID: 1641738  2025-26
2026-04-09 18:20:25,394 - INFO - Fetched OFF Regular Season WOWY stats for Team ID: 1610612754, Player ID: 1641738 across 2025-26
2026-04-09 18:20:29,779 - INFO - Saved data for player 1641738 to daily_data/2026/1641738.csv
2026-04-09 18:20:29,780 - INFO - Processing 1641740 - 1610612750.0 for 2026 (278/403)
2026-04-09 18:20:29,780 - INFO - Fetching ON Regular Season WOWY stats for Team ID: 1610612750, Player ID: 1641740  2025-26
2026-04-09 18:20:31,232 - INFO - Fetched ON Regular Season WOWY stats for Team ID: 1610612750, Player ID: 1641740 across 2025-26
2026-04-09 18:20:33,234 - INFO - Fetching OFF Regular Season WOWY stats for Team ID: 1610612750, Player ID: 1641740  2025-26
2026-04-09 18:20:34,684 - INFO - Fetched OFF Regular Season WOWY stats for Team ID: 1610612750, Player ID: 1641740 across 2025-26
2026-04-09 18:20:38,807 - INFO - Saved data for player 1641740 to daily_data/2026/1641740.csv
2026-04-09 18:20:38,808 - INFO - Processing 1641748 - 1610612749.0 for 2026 (279/403)
2026-04-09 18:20:38,808 - INFO - Fetching ON Regular Season WOWY stats for Team ID: 1610612749, Player ID: 1641748  2025-26
2026-04-09 18:20:40,714 - INFO - Fetched ON Regular Season WOWY stats for Team ID: 1610612749, Player ID: 1641748 across 2025-26
2026-04-09 18:20:42,716 - INFO - Fetching OFF Regular Season WOWY stats for Team ID: 1610612749, Player ID: 1641748  2025-26
2026-04-09 18:20:44,807 - INFO - Fetched OFF Regular Season WOWY stats for Team ID: 1610612749, Player ID: 1641748 across 2025-26
2026-04-09 18:20:49,567 - INFO - Saved data for player 1641748 to daily_data/2026/1641748.csv
2026-04-09 18:20:49,567 - INFO - Processing 1641750 - 1610612766.0 for 2026 (280/403)
2026-04-09 18:20:49,568 - INFO - Fetching ON Regular Season WOWY stats for Team ID: 1610612766, Player ID: 1641750  2025-26
2026-04-09 18:20:51,286 - INFO - Fetched ON Regular Season WOWY stats for Team ID: 1610612766, Player ID: 1641750 across 2025-26
2026-04-09 18:20:53,288 - INFO - Fetching OFF Regular Season WOWY stats for Team ID: 1610612766, Player ID: 1641750  2025-26
2026-04-09 18:20:56,131 - INFO - Fetched OFF Regular Season WOWY stats for Team ID: 1610612766, Player ID: 1641750 across 2025-26
2026-04-09 18:21:00,374 - INFO - Saved data for player 1641750 to daily_data/2026/1641750.csv
2026-04-09 18:21:00,374 - INFO - Progress: 280/403 players processed (69.5%)
2026-04-09 18:21:00,375 - INFO - Processing 1641757 - 1610612746.0 for 2026 (281/403)
2026-04-09 18:21:00,375 - INFO - Fetching ON Regular Season WOWY stats for Team ID: 1610612746, Player ID: 1641757  2025-26
2026-04-09 18:21:01,845 - INFO - Fetched ON Regular Season WOWY stats for Team ID: 1610612746, Player ID: 1641757 across 2025-26
2026-04-09 18:21:03,848 - INFO - Fetching OFF Regular Season WOWY stats for Team ID: 1610612746, Player ID: 1641757  2025-26
2026-04-09 18:21:07,003 - INFO - Fetched OFF Regular Season WOWY stats for Team ID: 1610612746, Player ID: 1641757 across 2025-26
2026-04-09 18:21:11,170 - INFO - Saved data for player 1641757 to daily_data/2026/1641757.csv
2026-04-09 18:21:11,170 - INFO - Processing 1641761 - 1610612751.0 for 2026 (282/403)
2026-04-09 18:21:11,170 - INFO - Fetching ON Regular Season WOWY stats for Team ID: 1610612751, Player ID: 1641761  2025-26
2026-04-09 18:21:12,038 - INFO - Fetched ON Regular Season WOWY stats for Team ID: 1610612751, Player ID: 1641761 across 2025-26
2026-04-09 18:21:14,041 - INFO - Fetching OFF Regular Season WOWY stats for Team ID: 1610612751, Player ID: 1641761  2025-26
2026-04-09 18:21:16,770 - INFO - Fetched OFF Regular Season WOWY stats for Team ID: 1610612751, Player ID: 1641761 across 2025-26
2026-04-09 18:21:21,538 - INFO - Saved data for player 1641761 to daily_data/2026/1641761.csv
2026-04-09 18:21:21,539 - INFO - Processing 1641763 - 1610612741.0 for 2026 (283/403)
2026-04-09 18:21:21,539 - INFO - Fetching ON Regular Season WOWY stats for Team ID: 1610612741, Player ID: 1641763  2025-26
2026-04-09 18:21:27,239 - INFO - Fetched ON Regular Season WOWY stats for Team ID: 1610612741, Player ID: 1641763 across 2025-26
2026-04-09 18:21:29,242 - INFO - Fetching OFF Regular Season WOWY stats for Team ID: 1610612741, Player ID: 1641763  2025-26
2026-04-09 18:21:36,227 - INFO - Fetched OFF Regular Season WOWY stats for Team ID: 1610612741, Player ID: 1641763 across 2025-26
2026-04-09 18:21:40,848 - INFO - Processing 1641763 - 1610612750.0 for 2026 (283/403)
2026-04-09 18:21:40,848 - INFO - Fetching ON Regular Season WOWY stats for Team ID: 1610612750, Player ID: 1641763  2025-26
2026-04-09 18:21:42,633 - INFO - Fetched ON Regular Season WOWY stats for Team ID: 1610612750, Player ID: 1641763 across 2025-26
2026-04-09 18:21:44,636 - INFO - Fetching OFF Regular Season WOWY stats for Team ID: 1610612750, Player ID: 1641763  2025-26
2026-04-09 18:21:47,609 - INFO - Fetched OFF Regular Season WOWY stats for Team ID: 1610612750, Player ID: 1641763 across 2025-26
2026-04-09 18:21:51,780 - INFO - Saved data for player 1641763 to daily_data/2026/1641763.csv
2026-04-09 18:21:51,781 - INFO - Processing 1641764 - 1610612744.0 for 2026 (284/403)
2026-04-09 18:21:51,781 - INFO - Fetching ON Regular Season WOWY stats for Team ID: 1610612744, Player ID: 1641764  2025-26
2026-04-09 18:21:55,589 - INFO - Fetched ON Regular Season WOWY stats for Team ID: 1610612744, Player ID: 1641764 across 2025-26
2026-04-09 18:21:57,591 - INFO - Fetching OFF Regular Season WOWY stats for Team ID: 1610612744, Player ID: 1641764  2025-26
2026-04-09 18:22:02,542 - INFO - Fetched OFF Regular Season WOWY stats for Team ID: 1610612744, Player ID: 1641764 across 2025-26
2026-04-09 18:22:07,102 - INFO - Saved data for player 1641764 to daily_data/2026/1641764.csv
2026-04-09 18:22:07,102 - INFO - Processing 1641767 - 1610612754.0 for 2026 (285/403)
2026-04-09 18:22:07,102 - INFO - Fetching ON Regular Season WOWY stats for Team ID: 1610612754, Player ID: 1641767  2025-26
2026-04-09 18:22:10,096 - INFO - Fetched ON Regular Season WOWY stats for Team ID: 1610612754, Player ID: 1641767 across 2025-26
2026-04-09 18:22:12,098 - INFO - Fetching OFF Regular Season WOWY stats for Team ID: 1610612754, Player ID: 1641767  2025-26
2026-04-09 18:22:14,218 - INFO - Fetched OFF Regular Season WOWY stats for Team ID: 1610612754, Player ID: 1641767 across 2025-26
2026-04-09 18:22:19,050 - INFO - Saved data for player 1641767 to daily_data/2026/1641767.csv
2026-04-09 18:22:19,050 - INFO - Processing 1641771 - 1610612754.0 for 2026 (286/403)
2026-04-09 18:22:19,050 - INFO - Fetching ON Regular Season WOWY stats for Team ID: 1610612754, Player ID: 1641771  2025-26
2026-04-09 18:22:20,116 - INFO - Fetched ON Regular Season WOWY stats for Team ID: 1610612754, Player ID: 1641771 across 2025-26
2026-04-09 18:22:22,118 - INFO - Fetching OFF Regular Season WOWY stats for Team ID: 1610612754, Player ID: 1641771  2025-26
2026-04-09 18:22:26,830 - INFO - Fetched OFF Regular Season WOWY stats for Team ID: 1610612754, Player ID: 1641771 across 2025-26
2026-04-09 18:22:31,576 - INFO - Saved data for player 1641771 to daily_data/2026/1641771.csv
2026-04-09 18:22:31,577 - INFO - Processing 1641774 - 1610612764.0 for 2026 (287/403)
2026-04-09 18:22:31,577 - INFO - Fetching ON Regular Season WOWY stats for Team ID: 1610612764, Player ID: 1641774  2025-26
2026-04-09 18:22:33,513 - INFO - Fetched ON Regular Season WOWY stats for Team ID: 1610612764, Player ID: 1641774 across 2025-26
2026-04-09 18:22:35,515 - INFO - Fetching OFF Regular Season WOWY stats for Team ID: 1610612764, Player ID: 1641774  2025-26
2026-04-09 18:22:37,485 - INFO - Fetched OFF Regular Season WOWY stats for Team ID: 1610612764, Player ID: 1641774 across 2025-26
2026-04-09 18:22:42,248 - INFO - Saved data for player 1641774 to daily_data/2026/1641774.csv
2026-04-09 18:22:42,249 - INFO - Processing 1641775 - 1610612738.0 for 2026 (288/403)
2026-04-09 18:22:42,249 - INFO - Fetching ON Regular Season WOWY stats for Team ID: 1610612738, Player ID: 1641775  2025-26
2026-04-09 18:22:43,581 - INFO - Fetched ON Regular Season WOWY stats for Team ID: 1610612738, Player ID: 1641775 across 2025-26
2026-04-09 18:22:45,583 - INFO - Fetching OFF Regular Season WOWY stats for Team ID: 1610612738, Player ID: 1641775  2025-26
2026-04-09 18:22:47,578 - INFO - Fetched OFF Regular Season WOWY stats for Team ID: 1610612738, Player ID: 1641775 across 2025-26
2026-04-09 18:22:52,481 - INFO - Saved data for player 1641775 to daily_data/2026/1641775.csv
2026-04-09 18:22:52,482 - INFO - Processing 1641778 - 1610612764.0 for 2026 (289/403)
2026-04-09 18:22:52,482 - INFO - Fetching ON Regular Season WOWY stats for Team ID: 1610612764, Player ID: 1641778  2025-26
2026-04-09 18:23:22,675 - WARNING - Request failed: HTTPSConnectionPool(host='api.pbpstats.com', port=443): Read timed out. (read timeout=30). Retrying in 2.30 seconds (attempt 1/3)
2026-04-09 18:23:26,981 - INFO - Fetched ON Regular Season WOWY stats for Team ID: 1610612764, Player ID: 1641778 across 2025-26
2026-04-09 18:23:28,984 - INFO - Fetching OFF Regular Season WOWY stats for Team ID: 1610612764, Player ID: 1641778  2025-26
2026-04-09 18:23:35,310 - INFO - Fetched OFF Regular Season WOWY stats for Team ID: 1610612764, Player ID: 1641778 across 2025-26
2026-04-09 18:23:40,078 - INFO - Saved data for player 1641778 to daily_data/2026/1641778.csv
2026-04-09 18:23:40,079 - INFO - Processing 1641790 - 1610612766.0 for 2026 (290/403)
2026-04-09 18:23:40,079 - INFO - Fetching ON Regular Season WOWY stats for Team ID: 1610612766, Player ID: 1641790  2025-26
2026-04-09 18:23:41,550 - INFO - Fetched ON Regular Season WOWY stats for Team ID: 1610612766, Player ID: 1641790 across 2025-26
2026-04-09 18:23:43,552 - INFO - Fetching OFF Regular Season WOWY stats for Team ID: 1610612766, Player ID: 1641790  2025-26
2026-04-09 18:23:45,901 - INFO - Fetched OFF Regular Season WOWY stats for Team ID: 1610612766, Player ID: 1641790 across 2025-26
2026-04-09 18:23:50,735 - INFO - Saved data for player 1641790 to daily_data/2026/1641790.csv
2026-04-09 18:23:50,735 - INFO - Progress: 290/403 players processed (72.0%)
2026-04-09 18:23:50,736 - INFO - Processing 1641796 - 1610612748.0 for 2026 (291/403)
2026-04-09 18:23:50,736 - INFO - Fetching ON Regular Season WOWY stats for Team ID: 1610612748, Player ID: 1641796  2025-26
2026-04-09 18:23:52,169 - INFO - Fetched ON Regular Season WOWY stats for Team ID: 1610612748, Player ID: 1641796 across 2025-26
2026-04-09 18:23:54,172 - INFO - Fetching OFF Regular Season WOWY stats for Team ID: 1610612748, Player ID: 1641796  2025-26
2026-04-09 18:23:55,675 - INFO - Fetched OFF Regular Season WOWY stats for Team ID: 1610612748, Player ID: 1641796 across 2025-26
2026-04-09 18:23:59,738 - INFO - Saved data for player 1641796 to daily_data/2026/1641796.csv
2026-04-09 18:23:59,739 - INFO - Processing 1641801 - 1610612741.0 for 2026 (292/403)
2026-04-09 18:23:59,739 - INFO - Fetching ON Regular Season WOWY stats for Team ID: 1610612741, Player ID: 1641801  2025-26
2026-04-09 18:24:00,839 - INFO - Fetched ON Regular Season WOWY stats for Team ID: 1610612741, Player ID: 1641801 across 2025-26
2026-04-09 18:24:02,841 - INFO - Fetching OFF Regular Season WOWY stats for Team ID: 1610612741, Player ID: 1641801  2025-26
2026-04-09 18:24:17,271 - INFO - Fetched OFF Regular Season WOWY stats for Team ID: 1610612741, Player ID: 1641801 across 2025-26
2026-04-09 18:24:21,579 - INFO - Saved data for player 1641801 to daily_data/2026/1641801.csv
2026-04-09 18:24:21,580 - INFO - Processing 1641807 - 1610612746.0 for 2026 (293/403)
2026-04-09 18:24:21,580 - INFO - Fetching ON Regular Season WOWY stats for Team ID: 1610612746, Player ID: 1641807  2025-26
2026-04-09 18:24:51,775 - WARNING - Request failed: HTTPSConnectionPool(host='api.pbpstats.com', port=443): Read timed out. (read timeout=30). Retrying in 2.11 seconds (attempt 1/3)
2026-04-09 18:24:57,784 - INFO - Fetched ON Regular Season WOWY stats for Team ID: 1610612746, Player ID: 1641807 across 2025-26
2026-04-09 18:24:59,786 - INFO - Fetching OFF Regular Season WOWY stats for Team ID: 1610612746, Player ID: 1641807  2025-26
2026-04-09 18:25:26,805 - WARNING - Request failed: 502 Server Error: Bad Gateway for url: https://api.pbpstats.com/get-wowy-stats/nba?0Exactly0OnFloor=1641807&TeamId=1610612746&Season=2025-26&SeasonType=Regular+Season&Type=Player. Retrying in 2.40 seconds (attempt 1/3)
2026-04-09 18:25:41,047 - INFO - Fetched OFF Regular Season WOWY stats for Team ID: 1610612746, Player ID: 1641807 across 2025-26
2026-04-09 18:25:45,083 - INFO - Saved data for player 1641807 to daily_data/2026/1641807.csv
2026-04-09 18:25:45,084 - INFO - Processing 1641809 - 1610612766.0 for 2026 (294/403)
2026-04-09 18:25:45,084 - INFO - Fetching ON Regular Season WOWY stats for Team ID: 1610612766, Player ID: 1641809  2025-26
2026-04-09 18:25:46,648 - INFO - Fetched ON Regular Season WOWY stats for Team ID: 1610612766, Player ID: 1641809 across 2025-26
2026-04-09 18:25:48,650 - INFO - Fetching OFF Regular Season WOWY stats for Team ID: 1610612766, Player ID: 1641809  2025-26
2026-04-09 18:25:52,549 - INFO - Fetched OFF Regular Season WOWY stats for Team ID: 1610612766, Player ID: 1641809 across 2025-26
2026-04-09 18:25:57,402 - INFO - Saved data for player 1641809 to daily_data/2026/1641809.csv
2026-04-09 18:25:57,403 - INFO - Processing 1641810 - 1610612766.0 for 2026 (295/403)
2026-04-09 18:25:57,403 - INFO - Fetching ON Regular Season WOWY stats for Team ID: 1610612766, Player ID: 1641810  2025-26
2026-04-09 18:25:58,465 - INFO - Fetched ON Regular Season WOWY stats for Team ID: 1610612766, Player ID: 1641810 across 2025-26
2026-04-09 18:26:00,467 - INFO - Fetching OFF Regular Season WOWY stats for Team ID: 1610612766, Player ID: 1641810  2025-26
2026-04-09 18:26:02,807 - INFO - Fetched OFF Regular Season WOWY stats for Team ID: 1610612766, Player ID: 1641810 across 2025-26
2026-04-09 18:26:07,125 - INFO - Saved data for player 1641810 to daily_data/2026/1641810.csv
2026-04-09 18:26:07,126 - INFO - Processing 1641813 - 1610612749.0 for 2026 (296/403)
2026-04-09 18:26:07,126 - INFO - Fetching ON Regular Season WOWY stats for Team ID: 1610612749, Player ID: 1641813  2025-26
2026-04-09 18:26:19,384 - INFO - Fetched ON Regular Season WOWY stats for Team ID: 1610612749, Player ID: 1641813 across 2025-26
2026-04-09 18:26:21,386 - INFO - Fetching OFF Regular Season WOWY stats for Team ID: 1610612749, Player ID: 1641813  2025-26
2026-04-09 18:26:25,732 - INFO - Fetched OFF Regular Season WOWY stats for Team ID: 1610612749, Player ID: 1641813 across 2025-26
2026-04-09 18:26:30,473 - INFO - Saved data for player 1641813 to daily_data/2026/1641813.csv
2026-04-09 18:26:30,474 - INFO - Processing 1641815 - 1610612758.0 for 2026 (297/403)
2026-04-09 18:26:30,474 - INFO - Fetching ON Regular Season WOWY stats for Team ID: 1610612758, Player ID: 1641815  2025-26
2026-04-09 18:26:31,624 - INFO - Fetched ON Regular Season WOWY stats for Team ID: 1610612758, Player ID: 1641815 across 2025-26
2026-04-09 18:26:33,627 - INFO - Fetching OFF Regular Season WOWY stats for Team ID: 1610612758, Player ID: 1641815  2025-26
2026-04-09 18:26:38,327 - INFO - Fetched OFF Regular Season WOWY stats for Team ID: 1610612758, Player ID: 1641815 across 2025-26
2026-04-09 18:26:42,998 - INFO - Saved data for player 1641815 to daily_data/2026/1641815.csv
2026-04-09 18:26:42,998 - INFO - Processing 1641824 - 1610612741.0 for 2026 (298/403)
2026-04-09 18:26:42,998 - INFO - Fetching ON Regular Season WOWY stats for Team ID: 1610612741, Player ID: 1641824  2025-26
2026-04-09 18:26:46,004 - INFO - Fetched ON Regular Season WOWY stats for Team ID: 1610612741, Player ID: 1641824 across 2025-26
2026-04-09 18:26:48,006 - INFO - Fetching OFF Regular Season WOWY stats for Team ID: 1610612741, Player ID: 1641824  2025-26
2026-04-09 18:26:58,970 - INFO - Fetched OFF Regular Season WOWY stats for Team ID: 1610612741, Player ID: 1641824 across 2025-26
2026-04-09 18:27:03,647 - INFO - Saved data for player 1641824 to daily_data/2026/1641824.csv
2026-04-09 18:27:03,648 - INFO - Processing 1641869 - 1610612751.0 for 2026 (299/403)
2026-04-09 18:27:03,648 - INFO - Fetching ON Regular Season WOWY stats for Team ID: 1610612751, Player ID: 1641869  2025-26
2026-04-09 18:27:05,074 - INFO - Fetched ON Regular Season WOWY stats for Team ID: 1610612751, Player ID: 1641869 across 2025-26
2026-04-09 18:27:07,077 - INFO - Fetching OFF Regular Season WOWY stats for Team ID: 1610612751, Player ID: 1641869  2025-26
2026-04-09 18:27:09,538 - INFO - Fetched OFF Regular Season WOWY stats for Team ID: 1610612751, Player ID: 1641869 across 2025-26
2026-04-09 18:27:13,727 - INFO - Saved data for player 1641869 to daily_data/2026/1641869.csv
2026-04-09 18:27:13,728 - INFO - Processing 1641890 - 1610612742.0 for 2026 (300/403)
2026-04-09 18:27:13,728 - INFO - Fetching ON Regular Season WOWY stats for Team ID: 1610612742, Player ID: 1641890  2025-26
2026-04-09 18:27:14,754 - INFO - Fetched ON Regular Season WOWY stats for Team ID: 1610612742, Player ID: 1641890 across 2025-26
2026-04-09 18:27:16,757 - INFO - Fetching OFF Regular Season WOWY stats for Team ID: 1610612742, Player ID: 1641890  2025-26
2026-04-09 18:27:19,937 - INFO - Fetched OFF Regular Season WOWY stats for Team ID: 1610612742, Player ID: 1641890 across 2025-26
2026-04-09 18:27:24,320 - INFO - Saved data for player 1641890 to daily_data/2026/1641890.csv
2026-04-09 18:27:24,320 - INFO - Progress: 300/403 players processed (74.4%)
2026-04-09 18:27:24,320 - INFO - Processing 1641989 - 1610612762.0 for 2026 (301/403)
2026-04-09 18:27:24,321 - INFO - Fetching ON Regular Season WOWY stats for Team ID: 1610612762, Player ID: 1641989  2025-26
2026-04-09 18:27:26,281 - INFO - Fetched ON Regular Season WOWY stats for Team ID: 1610612762, Player ID: 1641989 across 2025-26
2026-04-09 18:27:28,283 - INFO - Fetching OFF Regular Season WOWY stats for Team ID: 1610612762, Player ID: 1641989  2025-26
2026-04-09 18:27:30,456 - INFO - Fetched OFF Regular Season WOWY stats for Team ID: 1610612762, Player ID: 1641989 across 2025-26
2026-04-09 18:27:34,788 - INFO - Saved data for player 1641989 to daily_data/2026/1641989.csv
2026-04-09 18:27:34,789 - INFO - Processing 1642066 - 1610612748.0 for 2026 (302/403)
2026-04-09 18:27:34,789 - INFO - Fetching ON Regular Season WOWY stats for Team ID: 1610612748, Player ID: 1642066  2025-26
2026-04-09 18:27:36,087 - INFO - Fetched ON Regular Season WOWY stats for Team ID: 1610612748, Player ID: 1642066 across 2025-26
2026-04-09 18:27:38,090 - INFO - Fetching OFF Regular Season WOWY stats for Team ID: 1610612748, Player ID: 1642066  2025-26
2026-04-09 18:27:39,829 - INFO - Fetched OFF Regular Season WOWY stats for Team ID: 1610612748, Player ID: 1642066 across 2025-26
2026-04-09 18:27:44,793 - INFO - Saved data for player 1642066 to daily_data/2026/1642066.csv
2026-04-09 18:27:44,794 - INFO - Processing 1642259 - 1610612764.0 for 2026 (303/403)
2026-04-09 18:27:44,794 - INFO - Fetching ON Regular Season WOWY stats for Team ID: 1610612764, Player ID: 1642259  2025-26
2026-04-09 18:27:46,368 - INFO - Fetched ON Regular Season WOWY stats for Team ID: 1610612764, Player ID: 1642259 across 2025-26
2026-04-09 18:27:48,370 - INFO - Fetching OFF Regular Season WOWY stats for Team ID: 1610612764, Player ID: 1642259  2025-26
2026-04-09 18:27:50,399 - INFO - Fetched OFF Regular Season WOWY stats for Team ID: 1610612764, Player ID: 1642259 across 2025-26
2026-04-09 18:27:55,407 - INFO - Saved data for player 1642259 to daily_data/2026/1642259.csv
2026-04-09 18:27:55,408 - INFO - Processing 1642260 - 1610612760.0 for 2026 (304/403)
2026-04-09 18:27:55,408 - INFO - Fetching ON Regular Season WOWY stats for Team ID: 1610612760, Player ID: 1642260  2025-26
2026-04-09 18:27:56,413 - INFO - Fetched ON Regular Season WOWY stats for Team ID: 1610612760, Player ID: 1642260 across 2025-26
2026-04-09 18:27:58,415 - INFO - Fetching OFF Regular Season WOWY stats for Team ID: 1610612760, Player ID: 1642260  2025-26
2026-04-09 18:28:00,889 - INFO - Fetched OFF Regular Season WOWY stats for Team ID: 1610612760, Player ID: 1642260 across 2025-26
2026-04-09 18:28:05,045 - INFO - Saved data for player 1642260 to daily_data/2026/1642260.csv
2026-04-09 18:28:05,045 - INFO - Processing 1642261 - 1610612747.0 for 2026 (305/403)
2026-04-09 18:28:05,045 - INFO - Fetching ON Regular Season WOWY stats for Team ID: 1610612747, Player ID: 1642261  2025-26
2026-04-09 18:28:06,973 - INFO - Fetched ON Regular Season WOWY stats for Team ID: 1610612747, Player ID: 1642261 across 2025-26
2026-04-09 18:28:08,975 - INFO - Fetching OFF Regular Season WOWY stats for Team ID: 1610612747, Player ID: 1642261  2025-26
2026-04-09 18:28:12,000 - INFO - Fetched OFF Regular Season WOWY stats for Team ID: 1610612747, Player ID: 1642261 across 2025-26
2026-04-09 18:28:16,624 - INFO - Saved data for player 1642261 to daily_data/2026/1642261.csv
2026-04-09 18:28:16,625 - INFO - Processing 1642262 - 1610612762.0 for 2026 (306/403)
2026-04-09 18:28:16,625 - INFO - Fetching ON Regular Season WOWY stats for Team ID: 1610612762, Player ID: 1642262  2025-26
2026-04-09 18:28:19,174 - INFO - Fetched ON Regular Season WOWY stats for Team ID: 1610612762, Player ID: 1642262 across 2025-26
2026-04-09 18:28:21,176 - INFO - Fetching OFF Regular Season WOWY stats for Team ID: 1610612762, Player ID: 1642262  2025-26
2026-04-09 18:28:23,238 - INFO - Fetched OFF Regular Season WOWY stats for Team ID: 1610612762, Player ID: 1642262 across 2025-26
2026-04-09 18:28:28,170 - INFO - Saved data for player 1642262 to daily_data/2026/1642262.csv
2026-04-09 18:28:28,171 - INFO - Processing 1642263 - 1610612745.0 for 2026 (307/403)
2026-04-09 18:28:28,171 - INFO - Fetching ON Regular Season WOWY stats for Team ID: 1610612745, Player ID: 1642263  2025-26
2026-04-09 18:28:30,705 - INFO - Fetched ON Regular Season WOWY stats for Team ID: 1610612745, Player ID: 1642263 across 2025-26
2026-04-09 18:28:32,708 - INFO - Fetching OFF Regular Season WOWY stats for Team ID: 1610612745, Player ID: 1642263  2025-26
2026-04-09 18:28:34,965 - INFO - Fetched OFF Regular Season WOWY stats for Team ID: 1610612745, Player ID: 1642263 across 2025-26
2026-04-09 18:28:39,101 - INFO - Saved data for player 1642263 to daily_data/2026/1642263.csv
2026-04-09 18:28:39,102 - INFO - Processing 1642265 - 1610612750.0 for 2026 (308/403)
2026-04-09 18:28:39,102 - INFO - Fetching ON Regular Season WOWY stats for Team ID: 1610612750, Player ID: 1642265  2025-26
2026-04-09 18:28:40,170 - INFO - Fetched ON Regular Season WOWY stats for Team ID: 1610612750, Player ID: 1642265 across 2025-26
2026-04-09 18:28:42,172 - INFO - Fetching OFF Regular Season WOWY stats for Team ID: 1610612750, Player ID: 1642265  2025-26
2026-04-09 18:28:45,770 - INFO - Fetched OFF Regular Season WOWY stats for Team ID: 1610612750, Player ID: 1642265 across 2025-26
2026-04-09 18:28:50,087 - INFO - Processing 1642265 - 1610612741.0 for 2026 (308/403)
2026-04-09 18:28:50,087 - INFO - Fetching ON Regular Season WOWY stats for Team ID: 1610612741, Player ID: 1642265  2025-26
2026-04-09 18:28:53,189 - INFO - Fetched ON Regular Season WOWY stats for Team ID: 1610612741, Player ID: 1642265 across 2025-26
2026-04-09 18:28:55,191 - INFO - Fetching OFF Regular Season WOWY stats for Team ID: 1610612741, Player ID: 1642265  2025-26
2026-04-09 18:29:25,388 - WARNING - Request failed: HTTPSConnectionPool(host='api.pbpstats.com', port=443): Read timed out. (read timeout=30). Retrying in 2.13 seconds (attempt 1/3)
2026-04-09 18:29:41,205 - WARNING - Request failed: 502 Server Error: Bad Gateway for url: https://api.pbpstats.com/get-wowy-stats/nba?0Exactly0OnFloor=1642265&TeamId=1610612741&Season=2025-26&SeasonType=Regular+Season&Type=Player. Retrying in 4.29 seconds (attempt 2/3)
2026-04-09 18:30:09,789 - INFO - Fetched OFF Regular Season WOWY stats for Team ID: 1610612741, Player ID: 1642265 across 2025-26
2026-04-09 18:30:14,084 - INFO - Saved data for player 1642265 to daily_data/2026/1642265.csv
2026-04-09 18:30:14,085 - INFO - Processing 1642266 - 1610612761.0 for 2026 (309/403)
2026-04-09 18:30:14,085 - INFO - Fetching ON Regular Season WOWY stats for Team ID: 1610612761, Player ID: 1642266  2025-26
2026-04-09 18:30:23,325 - INFO - Fetched ON Regular Season WOWY stats for Team ID: 1610612761, Player ID: 1642266 across 2025-26
2026-04-09 18:30:25,328 - INFO - Fetching OFF Regular Season WOWY stats for Team ID: 1610612761, Player ID: 1642266  2025-26
2026-04-09 18:30:27,459 - INFO - Fetched OFF Regular Season WOWY stats for Team ID: 1610612761, Player ID: 1642266 across 2025-26
2026-04-09 18:30:31,638 - INFO - Saved data for player 1642266 to daily_data/2026/1642266.csv
2026-04-09 18:30:31,639 - INFO - Processing 1642267 - 1610612764.0 for 2026 (310/403)
2026-04-09 18:30:31,639 - INFO - Fetching ON Regular Season WOWY stats for Team ID: 1610612764, Player ID: 1642267  2025-26
2026-04-09 18:30:40,853 - INFO - Fetched ON Regular Season WOWY stats for Team ID: 1610612764, Player ID: 1642267 across 2025-26
2026-04-09 18:30:42,855 - INFO - Fetching OFF Regular Season WOWY stats for Team ID: 1610612764, Player ID: 1642267  2025-26
2026-04-09 18:30:44,807 - INFO - Fetched OFF Regular Season WOWY stats for Team ID: 1610612764, Player ID: 1642267 across 2025-26
2026-04-09 18:30:49,768 - INFO - Saved data for player 1642267 to daily_data/2026/1642267.csv
2026-04-09 18:30:49,769 - INFO - Progress: 310/403 players processed (76.9%)
2026-04-09 18:30:49,769 - INFO - Processing 1642268 - 1610612762.0 for 2026 (311/403)
2026-04-09 18:30:49,769 - INFO - Fetching ON Regular Season WOWY stats for Team ID: 1610612762, Player ID: 1642268  2025-26
2026-04-09 18:30:52,151 - INFO - Fetched ON Regular Season WOWY stats for Team ID: 1610612762, Player ID: 1642268 across 2025-26
2026-04-09 18:30:54,154 - INFO - Fetching OFF Regular Season WOWY stats for Team ID: 1610612762, Player ID: 1642268  2025-26
2026-04-09 18:30:56,490 - INFO - Fetched OFF Regular Season WOWY stats for Team ID: 1610612762, Player ID: 1642268 across 2025-26
2026-04-09 18:31:01,302 - INFO - Saved data for player 1642268 to daily_data/2026/1642268.csv
2026-04-09 18:31:01,303 - INFO - Processing 1642269 - 1610612758.0 for 2026 (312/403)
2026-04-09 18:31:01,303 - INFO - Fetching ON Regular Season WOWY stats for Team ID: 1610612758, Player ID: 1642269  2025-26
2026-04-09 18:31:02,777 - INFO - Fetched ON Regular Season WOWY stats for Team ID: 1610612758, Player ID: 1642269 across 2025-26
2026-04-09 18:31:04,780 - INFO - Fetching OFF Regular Season WOWY stats for Team ID: 1610612758, Player ID: 1642269  2025-26
2026-04-09 18:31:06,979 - INFO - Fetched OFF Regular Season WOWY stats for Team ID: 1610612758, Player ID: 1642269 across 2025-26
2026-04-09 18:31:11,482 - INFO - Saved data for player 1642269 to daily_data/2026/1642269.csv
2026-04-09 18:31:11,482 - INFO - Processing 1642271 - 1610612762.0 for 2026 (313/403)
2026-04-09 18:31:11,482 - INFO - Fetching ON Regular Season WOWY stats for Team ID: 1610612762, Player ID: 1642271  2025-26
2026-04-09 18:31:13,122 - INFO - Fetched ON Regular Season WOWY stats for Team ID: 1610612762, Player ID: 1642271 across 2025-26
2026-04-09 18:31:15,125 - INFO - Fetching OFF Regular Season WOWY stats for Team ID: 1610612762, Player ID: 1642271  2025-26
2026-04-09 18:31:20,050 - INFO - Fetched OFF Regular Season WOWY stats for Team ID: 1610612762, Player ID: 1642271 across 2025-26
2026-04-09 18:31:24,937 - INFO - Saved data for player 1642271 to daily_data/2026/1642271.csv
2026-04-09 18:31:24,938 - INFO - Processing 1642272 - 1610612760.0 for 2026 (314/403)
2026-04-09 18:31:24,938 - INFO - Fetching ON Regular Season WOWY stats for Team ID: 1610612760, Player ID: 1642272  2025-26
2026-04-09 18:31:26,259 - INFO - Fetched ON Regular Season WOWY stats for Team ID: 1610612760, Player ID: 1642272 across 2025-26
2026-04-09 18:31:28,261 - INFO - Fetching OFF Regular Season WOWY stats for Team ID: 1610612760, Player ID: 1642272  2025-26
2026-04-09 18:31:57,249 - INFO - Fetched OFF Regular Season WOWY stats for Team ID: 1610612760, Player ID: 1642272 across 2025-26
2026-04-09 18:32:01,927 - INFO - Saved data for player 1642272 to daily_data/2026/1642272.csv
2026-04-09 18:32:01,928 - INFO - Processing 1642273 - 1610612764.0 for 2026 (315/403)
2026-04-09 18:32:01,928 - INFO - Fetching ON Regular Season WOWY stats for Team ID: 1610612764, Player ID: 1642273  2025-26
2026-04-09 18:32:03,529 - INFO - Fetched ON Regular Season WOWY stats for Team ID: 1610612764, Player ID: 1642273 across 2025-26
2026-04-09 18:32:05,531 - INFO - Fetching OFF Regular Season WOWY stats for Team ID: 1610612764, Player ID: 1642273  2025-26
2026-04-09 18:32:07,622 - INFO - Fetched OFF Regular Season WOWY stats for Team ID: 1610612764, Player ID: 1642273 across 2025-26
2026-04-09 18:32:11,784 - INFO - Saved data for player 1642273 to daily_data/2026/1642273.csv
2026-04-09 18:32:11,785 - INFO - Processing 1642274 - 1610612740.0 for 2026 (316/403)
2026-04-09 18:32:11,785 - INFO - Fetching ON Regular Season WOWY stats for Team ID: 1610612740, Player ID: 1642274  2025-26
2026-04-09 18:32:16,065 - WARNING - Request failed: 500 Server Error: Internal Server Error for url: https://api.pbpstats.com/get-wowy-stats/nba?0Exactly1OnFloor=1642274&TeamId=1610612740&Season=2025-26&SeasonType=Regular+Season&Type=Player. Retrying in 2.95 seconds (attempt 1/3)
2026-04-09 18:32:20,441 - INFO - Fetched ON Regular Season WOWY stats for Team ID: 1610612740, Player ID: 1642274 across 2025-26
2026-04-09 18:32:22,443 - INFO - Fetching OFF Regular Season WOWY stats for Team ID: 1610612740, Player ID: 1642274  2025-26
2026-04-09 18:32:24,306 - INFO - Fetched OFF Regular Season WOWY stats for Team ID: 1610612740, Player ID: 1642274 across 2025-26
2026-04-09 18:32:29,281 - INFO - Saved data for player 1642274 to daily_data/2026/1642274.csv
2026-04-09 18:32:29,281 - INFO - Processing 1642275 - 1610612766.0 for 2026 (317/403)
2026-04-09 18:32:29,281 - INFO - Fetching ON Regular Season WOWY stats for Team ID: 1610612766, Player ID: 1642275  2025-26
2026-04-09 18:32:30,515 - INFO - Fetched ON Regular Season WOWY stats for Team ID: 1610612766, Player ID: 1642275 across 2025-26
2026-04-09 18:32:32,518 - INFO - Fetching OFF Regular Season WOWY stats for Team ID: 1610612766, Player ID: 1642275  2025-26
2026-04-09 18:32:34,924 - INFO - Fetched OFF Regular Season WOWY stats for Team ID: 1610612766, Player ID: 1642275 across 2025-26
2026-04-09 18:32:39,286 - INFO - Saved data for player 1642275 to daily_data/2026/1642275.csv
2026-04-09 18:32:39,287 - INFO - Processing 1642276 - 1610612748.0 for 2026 (318/403)
2026-04-09 18:32:39,287 - INFO - Fetching ON Regular Season WOWY stats for Team ID: 1610612748, Player ID: 1642276  2025-26
2026-04-09 18:32:41,370 - INFO - Fetched ON Regular Season WOWY stats for Team ID: 1610612748, Player ID: 1642276 across 2025-26
2026-04-09 18:32:43,372 - INFO - Fetching OFF Regular Season WOWY stats for Team ID: 1610612748, Player ID: 1642276  2025-26
2026-04-09 18:32:46,441 - INFO - Fetched OFF Regular Season WOWY stats for Team ID: 1610612748, Player ID: 1642276 across 2025-26
2026-04-09 18:32:51,256 - INFO - Saved data for player 1642276 to daily_data/2026/1642276.csv
2026-04-09 18:32:51,257 - INFO - Processing 1642277 - 1610612754.0 for 2026 (319/403)
2026-04-09 18:32:51,257 - INFO - Fetching ON Regular Season WOWY stats for Team ID: 1610612754, Player ID: 1642277  2025-26
2026-04-09 18:32:52,602 - INFO - Fetched ON Regular Season WOWY stats for Team ID: 1610612754, Player ID: 1642277 across 2025-26
2026-04-09 18:32:54,604 - INFO - Fetching OFF Regular Season WOWY stats for Team ID: 1610612754, Player ID: 1642277  2025-26
2026-04-09 18:32:57,340 - INFO - Fetched OFF Regular Season WOWY stats for Team ID: 1610612754, Player ID: 1642277 across 2025-26
2026-04-09 18:33:01,900 - INFO - Saved data for player 1642277 to daily_data/2026/1642277.csv
2026-04-09 18:33:01,901 - INFO - Processing 1642280 - 1610612741.0 for 2026 (320/403)
2026-04-09 18:33:01,901 - INFO - Fetching ON Regular Season WOWY stats for Team ID: 1610612741, Player ID: 1642280  2025-26
2026-04-09 18:33:02,926 - INFO - Fetched ON Regular Season WOWY stats for Team ID: 1610612741, Player ID: 1642280 across 2025-26
2026-04-09 18:33:04,928 - INFO - Fetching OFF Regular Season WOWY stats for Team ID: 1610612741, Player ID: 1642280  2025-26
2026-04-09 18:33:07,753 - INFO - Fetched OFF Regular Season WOWY stats for Team ID: 1610612741, Player ID: 1642280 across 2025-26
2026-04-09 18:33:12,592 - INFO - Saved data for player 1642280 to daily_data/2026/1642280.csv
2026-04-09 18:33:12,592 - INFO - Progress: 320/403 players processed (79.4%)
2026-04-09 18:33:12,592 - INFO - Processing 1642345 - 1610612756.0 for 2026 (321/403)
2026-04-09 18:33:12,592 - INFO - Fetching ON Regular Season WOWY stats for Team ID: 1610612756, Player ID: 1642345  2025-26
2026-04-09 18:33:14,376 - INFO - Fetched ON Regular Season WOWY stats for Team ID: 1610612756, Player ID: 1642345 across 2025-26
2026-04-09 18:33:16,378 - INFO - Fetching OFF Regular Season WOWY stats for Team ID: 1610612756, Player ID: 1642345  2025-26
2026-04-09 18:33:18,015 - INFO - Fetched OFF Regular Season WOWY stats for Team ID: 1610612756, Player ID: 1642345 across 2025-26
2026-04-09 18:33:22,771 - INFO - Saved data for player 1642345 to daily_data/2026/1642345.csv
2026-04-09 18:33:22,772 - INFO - Processing 1642346 - 1610612756.0 for 2026 (322/403)
2026-04-09 18:33:22,772 - INFO - Fetching ON Regular Season WOWY stats for Team ID: 1610612756, Player ID: 1642346  2025-26
2026-04-09 18:33:24,100 - INFO - Fetched ON Regular Season WOWY stats for Team ID: 1610612756, Player ID: 1642346 across 2025-26
2026-04-09 18:33:26,103 - INFO - Fetching OFF Regular Season WOWY stats for Team ID: 1610612756, Player ID: 1642346  2025-26
2026-04-09 18:33:27,967 - INFO - Fetched OFF Regular Season WOWY stats for Team ID: 1610612756, Player ID: 1642346 across 2025-26
2026-04-09 18:33:32,220 - INFO - Saved data for player 1642346 to daily_data/2026/1642346.csv
2026-04-09 18:33:32,221 - INFO - Processing 1642347 - 1610612761.0 for 2026 (323/403)
2026-04-09 18:33:32,221 - INFO - Fetching ON Regular Season WOWY stats for Team ID: 1610612761, Player ID: 1642347  2025-26
2026-04-09 18:33:33,695 - INFO - Fetched ON Regular Season WOWY stats for Team ID: 1610612761, Player ID: 1642347 across 2025-26
2026-04-09 18:33:35,698 - INFO - Fetching OFF Regular Season WOWY stats for Team ID: 1610612761, Player ID: 1642347  2025-26
2026-04-09 18:33:37,140 - INFO - Fetched OFF Regular Season WOWY stats for Team ID: 1610612761, Player ID: 1642347 across 2025-26
2026-04-09 18:33:41,494 - INFO - Saved data for player 1642347 to daily_data/2026/1642347.csv
2026-04-09 18:33:41,494 - INFO - Processing 1642349 - 1610612760.0 for 2026 (324/403)
2026-04-09 18:33:41,494 - INFO - Fetching ON Regular Season WOWY stats for Team ID: 1610612760, Player ID: 1642349  2025-26
2026-04-09 18:33:43,554 - INFO - Fetched ON Regular Season WOWY stats for Team ID: 1610612760, Player ID: 1642349 across 2025-26
2026-04-09 18:33:45,556 - INFO - Fetching OFF Regular Season WOWY stats for Team ID: 1610612760, Player ID: 1642349  2025-26
2026-04-09 18:33:47,639 - INFO - Fetched OFF Regular Season WOWY stats for Team ID: 1610612760, Player ID: 1642349 across 2025-26
2026-04-09 18:33:51,694 - INFO - Saved data for player 1642349 to daily_data/2026/1642349.csv
2026-04-09 18:33:51,695 - INFO - Processing 1642352 - 1610612748.0 for 2026 (325/403)
2026-04-09 18:33:51,695 - INFO - Fetching ON Regular Season WOWY stats for Team ID: 1610612748, Player ID: 1642352  2025-26
2026-04-09 18:33:52,851 - INFO - Fetched ON Regular Season WOWY stats for Team ID: 1610612748, Player ID: 1642352 across 2025-26
2026-04-09 18:33:54,853 - INFO - Fetching OFF Regular Season WOWY stats for Team ID: 1610612748, Player ID: 1642352  2025-26
2026-04-09 18:33:56,584 - INFO - Fetched OFF Regular Season WOWY stats for Team ID: 1610612748, Player ID: 1642352 across 2025-26
2026-04-09 18:34:01,281 - INFO - Saved data for player 1642352 to daily_data/2026/1642352.csv
2026-04-09 18:34:01,282 - INFO - Processing 1642353 - 1610612746.0 for 2026 (326/403)
2026-04-09 18:34:01,282 - INFO - Fetching ON Regular Season WOWY stats for Team ID: 1610612746, Player ID: 1642353  2025-26
2026-04-09 18:34:19,682 - INFO - Fetched ON Regular Season WOWY stats for Team ID: 1610612746, Player ID: 1642353 across 2025-26
2026-04-09 18:34:21,684 - INFO - Fetching OFF Regular Season WOWY stats for Team ID: 1610612746, Player ID: 1642353  2025-26
2026-04-09 18:34:23,713 - INFO - Fetched OFF Regular Season WOWY stats for Team ID: 1610612746, Player ID: 1642353 across 2025-26
2026-04-09 18:34:28,294 - INFO - Saved data for player 1642353 to daily_data/2026/1642353.csv
2026-04-09 18:34:28,294 - INFO - Processing 1642354 - 1610612766.0 for 2026 (327/403)
2026-04-09 18:34:28,295 - INFO - Fetching ON Regular Season WOWY stats for Team ID: 1610612766, Player ID: 1642354  2025-26
2026-04-09 18:34:29,336 - INFO - Fetched ON Regular Season WOWY stats for Team ID: 1610612766, Player ID: 1642354 across 2025-26
2026-04-09 18:34:31,338 - INFO - Fetching OFF Regular Season WOWY stats for Team ID: 1610612766, Player ID: 1642354  2025-26
2026-04-09 18:34:33,753 - INFO - Fetched OFF Regular Season WOWY stats for Team ID: 1610612766, Player ID: 1642354 across 2025-26
2026-04-09 18:34:38,748 - INFO - Saved data for player 1642354 to daily_data/2026/1642354.csv
2026-04-09 18:34:38,748 - INFO - Processing 1642355 - 1610612747.0 for 2026 (328/403)
2026-04-09 18:34:38,748 - INFO - Fetching ON Regular Season WOWY stats for Team ID: 1610612747, Player ID: 1642355  2025-26
2026-04-09 18:34:39,932 - INFO - Fetched ON Regular Season WOWY stats for Team ID: 1610612747, Player ID: 1642355 across 2025-26
2026-04-09 18:34:41,934 - INFO - Fetching OFF Regular Season WOWY stats for Team ID: 1610612747, Player ID: 1642355  2025-26
2026-04-09 18:34:44,249 - INFO - Fetched OFF Regular Season WOWY stats for Team ID: 1610612747, Player ID: 1642355 across 2025-26
2026-04-09 18:34:48,391 - INFO - Saved data for player 1642355 to daily_data/2026/1642355.csv
2026-04-09 18:34:48,392 - INFO - Processing 1642358 - 1610612764.0 for 2026 (329/403)
2026-04-09 18:34:48,392 - INFO - Fetching ON Regular Season WOWY stats for Team ID: 1610612764, Player ID: 1642358  2025-26
2026-04-09 18:34:49,582 - INFO - Fetched ON Regular Season WOWY stats for Team ID: 1610612764, Player ID: 1642358 across 2025-26
2026-04-09 18:34:51,585 - INFO - Fetching OFF Regular Season WOWY stats for Team ID: 1610612764, Player ID: 1642358  2025-26
2026-04-09 18:34:53,811 - INFO - Fetched OFF Regular Season WOWY stats for Team ID: 1610612764, Player ID: 1642358 across 2025-26
2026-04-09 18:34:58,141 - INFO - Processing 1642358 - 1610612742.0 for 2026 (329/403)
2026-04-09 18:34:58,142 - INFO - Fetching ON Regular Season WOWY stats for Team ID: 1610612742, Player ID: 1642358  2025-26
2026-04-09 18:34:59,371 - INFO - Fetched ON Regular Season WOWY stats for Team ID: 1610612742, Player ID: 1642358 across 2025-26
2026-04-09 18:35:01,373 - INFO - Fetching OFF Regular Season WOWY stats for Team ID: 1610612742, Player ID: 1642358  2025-26
2026-04-09 18:35:18,858 - INFO - Fetched OFF Regular Season WOWY stats for Team ID: 1610612742, Player ID: 1642358 across 2025-26
2026-04-09 18:35:23,527 - INFO - Saved data for player 1642358 to daily_data/2026/1642358.csv
2026-04-09 18:35:23,528 - INFO - Processing 1642362 - 1610612760.0 for 2026 (330/403)
2026-04-09 18:35:23,528 - INFO - Fetching ON Regular Season WOWY stats for Team ID: 1610612760, Player ID: 1642362  2025-26
2026-04-09 18:35:24,199 - INFO - Fetched ON Regular Season WOWY stats for Team ID: 1610612760, Player ID: 1642362 across 2025-26
2026-04-09 18:35:26,201 - INFO - Fetching OFF Regular Season WOWY stats for Team ID: 1610612760, Player ID: 1642362  2025-26
2026-04-09 18:35:28,859 - INFO - Fetched OFF Regular Season WOWY stats for Team ID: 1610612760, Player ID: 1642362 across 2025-26
2026-04-09 18:35:32,909 - INFO - Saved data for player 1642362 to daily_data/2026/1642362.csv
2026-04-09 18:35:32,909 - INFO - Progress: 330/403 players processed (81.9%)
2026-04-09 18:35:32,910 - INFO - Processing 1642363 - 1610612758.0 for 2026 (331/403)
2026-04-09 18:35:32,910 - INFO - Fetching ON Regular Season WOWY stats for Team ID: 1610612758, Player ID: 1642363  2025-26
2026-04-09 18:35:34,528 - INFO - Fetched ON Regular Season WOWY stats for Team ID: 1610612758, Player ID: 1642363 across 2025-26
2026-04-09 18:35:36,529 - INFO - Fetching OFF Regular Season WOWY stats for Team ID: 1610612758, Player ID: 1642363  2025-26
2026-04-09 18:35:38,294 - INFO - Fetched OFF Regular Season WOWY stats for Team ID: 1610612758, Player ID: 1642363 across 2025-26
2026-04-09 18:35:42,938 - INFO - Saved data for player 1642363 to daily_data/2026/1642363.csv
2026-04-09 18:35:42,938 - INFO - Processing 1642364 - 1610612764.0 for 2026 (332/403)
2026-04-09 18:35:42,938 - INFO - Fetching ON Regular Season WOWY stats for Team ID: 1610612764, Player ID: 1642364  2025-26
2026-04-09 18:35:44,481 - INFO - Fetched ON Regular Season WOWY stats for Team ID: 1610612764, Player ID: 1642364 across 2025-26
2026-04-09 18:35:46,483 - INFO - Fetching OFF Regular Season WOWY stats for Team ID: 1610612764, Player ID: 1642364  2025-26
2026-04-09 18:35:48,831 - INFO - Fetched OFF Regular Season WOWY stats for Team ID: 1610612764, Player ID: 1642364 across 2025-26
2026-04-09 18:35:53,051 - INFO - Saved data for player 1642364 to daily_data/2026/1642364.csv
2026-04-09 18:35:53,052 - INFO - Processing 1642366 - 1610612744.0 for 2026 (333/403)
2026-04-09 18:35:53,052 - INFO - Fetching ON Regular Season WOWY stats for Team ID: 1610612744, Player ID: 1642366  2025-26
2026-04-09 18:35:55,182 - INFO - Fetched ON Regular Season WOWY stats for Team ID: 1610612744, Player ID: 1642366 across 2025-26
2026-04-09 18:35:57,184 - INFO - Fetching OFF Regular Season WOWY stats for Team ID: 1610612744, Player ID: 1642366  2025-26
2026-04-09 18:35:59,577 - INFO - Fetched OFF Regular Season WOWY stats for Team ID: 1610612744, Player ID: 1642366 across 2025-26
2026-04-09 18:36:03,926 - INFO - Saved data for player 1642366 to daily_data/2026/1642366.csv
2026-04-09 18:36:03,927 - INFO - Processing 1642367 - 1610612761.0 for 2026 (334/403)
2026-04-09 18:36:03,927 - INFO - Fetching ON Regular Season WOWY stats for Team ID: 1610612761, Player ID: 1642367  2025-26
2026-04-09 18:36:05,065 - INFO - Fetched ON Regular Season WOWY stats for Team ID: 1610612761, Player ID: 1642367 across 2025-26
2026-04-09 18:36:07,068 - INFO - Fetching OFF Regular Season WOWY stats for Team ID: 1610612761, Player ID: 1642367  2025-26
2026-04-09 18:36:08,867 - INFO - Fetched OFF Regular Season WOWY stats for Team ID: 1610612761, Player ID: 1642367 across 2025-26
2026-04-09 18:36:13,031 - INFO - Saved data for player 1642367 to daily_data/2026/1642367.csv
2026-04-09 18:36:13,032 - INFO - Processing 1642382 - 1610612760.0 for 2026 (335/403)
2026-04-09 18:36:13,032 - INFO - Fetching ON Regular Season WOWY stats for Team ID: 1610612760, Player ID: 1642382  2025-26
2026-04-09 18:36:14,470 - INFO - Fetched ON Regular Season WOWY stats for Team ID: 1610612760, Player ID: 1642382 across 2025-26
2026-04-09 18:36:16,472 - INFO - Fetching OFF Regular Season WOWY stats for Team ID: 1610612760, Player ID: 1642382  2025-26
2026-04-09 18:36:18,410 - INFO - Fetched OFF Regular Season WOWY stats for Team ID: 1610612760, Player ID: 1642382 across 2025-26
2026-04-09 18:36:23,134 - INFO - Saved data for player 1642382 to daily_data/2026/1642382.csv
2026-04-09 18:36:23,135 - INFO - Processing 1642383 - 1610612762.0 for 2026 (336/403)
2026-04-09 18:36:23,135 - INFO - Fetching ON Regular Season WOWY stats for Team ID: 1610612762, Player ID: 1642383  2025-26
2026-04-09 18:36:24,926 - INFO - Fetched ON Regular Season WOWY stats for Team ID: 1610612762, Player ID: 1642383 across 2025-26
2026-04-09 18:36:26,929 - INFO - Fetching OFF Regular Season WOWY stats for Team ID: 1610612762, Player ID: 1642383  2025-26
2026-04-09 18:36:29,337 - INFO - Fetched OFF Regular Season WOWY stats for Team ID: 1610612762, Player ID: 1642383 across 2025-26
2026-04-09 18:36:33,397 - INFO - Saved data for player 1642383 to daily_data/2026/1642383.csv
2026-04-09 18:36:33,398 - INFO - Processing 1642384 - 1610612745.0 for 2026 (337/403)
2026-04-09 18:36:33,398 - INFO - Fetching ON Regular Season WOWY stats for Team ID: 1610612745, Player ID: 1642384  2025-26
2026-04-09 18:36:34,238 - INFO - Fetched ON Regular Season WOWY stats for Team ID: 1610612745, Player ID: 1642384 across 2025-26
2026-04-09 18:36:36,240 - INFO - Fetching OFF Regular Season WOWY stats for Team ID: 1610612745, Player ID: 1642384  2025-26
2026-04-09 18:36:37,787 - INFO - Fetched OFF Regular Season WOWY stats for Team ID: 1610612745, Player ID: 1642384 across 2025-26
2026-04-09 18:36:42,420 - INFO - Saved data for player 1642384 to daily_data/2026/1642384.csv
2026-04-09 18:36:42,420 - INFO - Processing 1642389 - 1610612750.0 for 2026 (338/403)
2026-04-09 18:36:42,420 - INFO - Fetching ON Regular Season WOWY stats for Team ID: 1610612750, Player ID: 1642389  2025-26
2026-04-09 18:36:43,093 - INFO - Fetched ON Regular Season WOWY stats for Team ID: 1610612750, Player ID: 1642389 across 2025-26
2026-04-09 18:36:45,095 - INFO - Fetching OFF Regular Season WOWY stats for Team ID: 1610612750, Player ID: 1642389  2025-26
2026-04-09 18:36:47,205 - INFO - Fetched OFF Regular Season WOWY stats for Team ID: 1610612750, Player ID: 1642389 across 2025-26
2026-04-09 18:36:51,735 - INFO - Saved data for player 1642389 to daily_data/2026/1642389.csv
2026-04-09 18:36:51,736 - INFO - Processing 1642396 - 1610612762.0 for 2026 (339/403)
2026-04-09 18:36:51,736 - INFO - Fetching ON Regular Season WOWY stats for Team ID: 1610612762, Player ID: 1642396  2025-26
2026-04-09 18:36:52,842 - INFO - Fetched ON Regular Season WOWY stats for Team ID: 1610612762, Player ID: 1642396 across 2025-26
2026-04-09 18:36:54,844 - INFO - Fetching OFF Regular Season WOWY stats for Team ID: 1610612762, Player ID: 1642396  2025-26
2026-04-09 18:37:00,123 - INFO - Fetched OFF Regular Season WOWY stats for Team ID: 1610612762, Player ID: 1642396 across 2025-26
2026-04-09 18:37:04,311 - INFO - Saved data for player 1642396 to daily_data/2026/1642396.csv
2026-04-09 18:37:04,312 - INFO - Processing 1642402 - 1610612750.0 for 2026 (340/403)
2026-04-09 18:37:04,312 - INFO - Fetching ON Regular Season WOWY stats for Team ID: 1610612750, Player ID: 1642402  2025-26
2026-04-09 18:37:05,116 - INFO - Fetched ON Regular Season WOWY stats for Team ID: 1610612750, Player ID: 1642402 across 2025-26
2026-04-09 18:37:07,118 - INFO - Fetching OFF Regular Season WOWY stats for Team ID: 1610612750, Player ID: 1642402  2025-26
2026-04-09 18:37:11,151 - INFO - Fetched OFF Regular Season WOWY stats for Team ID: 1610612750, Player ID: 1642402 across 2025-26
2026-04-09 18:37:15,947 - INFO - Saved data for player 1642402 to daily_data/2026/1642402.csv
2026-04-09 18:37:15,947 - INFO - Progress: 340/403 players processed (84.4%)
2026-04-09 18:37:15,948 - INFO - Processing 1642403 - 1610612758.0 for 2026 (341/403)
2026-04-09 18:37:15,948 - INFO - Fetching ON Regular Season WOWY stats for Team ID: 1610612758, Player ID: 1642403  2025-26
2026-04-09 18:37:16,861 - INFO - Fetched ON Regular Season WOWY stats for Team ID: 1610612758, Player ID: 1642403 across 2025-26
2026-04-09 18:37:18,863 - INFO - Fetching OFF Regular Season WOWY stats for Team ID: 1610612758, Player ID: 1642403  2025-26
2026-04-09 18:37:22,695 - INFO - Fetched OFF Regular Season WOWY stats for Team ID: 1610612758, Player ID: 1642403 across 2025-26
2026-04-09 18:37:27,204 - INFO - Saved data for player 1642403 to daily_data/2026/1642403.csv
2026-04-09 18:37:27,205 - INFO - Processing 1642419 - 1610612761.0 for 2026 (342/403)
2026-04-09 18:37:27,205 - INFO - Fetching ON Regular Season WOWY stats for Team ID: 1610612761, Player ID: 1642419  2025-26
2026-04-09 18:37:28,480 - INFO - Fetched ON Regular Season WOWY stats for Team ID: 1610612761, Player ID: 1642419 across 2025-26
2026-04-09 18:37:30,482 - INFO - Fetching OFF Regular Season WOWY stats for Team ID: 1610612761, Player ID: 1642419  2025-26
2026-04-09 18:38:00,677 - WARNING - Request failed: HTTPSConnectionPool(host='api.pbpstats.com', port=443): Read timed out. (read timeout=30). Retrying in 2.47 seconds (attempt 1/3)
2026-04-09 18:38:26,934 - WARNING - Request failed: 502 Server Error: Bad Gateway for url: https://api.pbpstats.com/get-wowy-stats/nba?0Exactly0OnFloor=1642419&TeamId=1610612761&Season=2025-26&SeasonType=Regular+Season&Type=Player. Retrying in 4.60 seconds (attempt 2/3)
2026-04-09 18:38:36,854 - INFO - Fetched OFF Regular Season WOWY stats for Team ID: 1610612761, Player ID: 1642419 across 2025-26
2026-04-09 18:38:41,810 - INFO - Saved data for player 1642419 to daily_data/2026/1642419.csv
2026-04-09 18:38:41,810 - INFO - Processing 1642443 - 1610612748.0 for 2026 (343/403)
2026-04-09 18:38:41,810 - INFO - Fetching ON Regular Season WOWY stats for Team ID: 1610612748, Player ID: 1642443  2025-26
2026-04-09 18:38:43,073 - INFO - Fetched ON Regular Season WOWY stats for Team ID: 1610612748, Player ID: 1642443 across 2025-26
2026-04-09 18:38:45,076 - INFO - Fetching OFF Regular Season WOWY stats for Team ID: 1610612748, Player ID: 1642443  2025-26
2026-04-09 18:38:47,723 - INFO - Fetched OFF Regular Season WOWY stats for Team ID: 1610612748, Player ID: 1642443 across 2025-26
2026-04-09 18:38:52,052 - INFO - Saved data for player 1642443 to daily_data/2026/1642443.csv
2026-04-09 18:38:52,053 - INFO - Processing 1642484 - 1610612754.0 for 2026 (344/403)
2026-04-09 18:38:52,053 - INFO - Fetching ON Regular Season WOWY stats for Team ID: 1610612754, Player ID: 1642484  2025-26
2026-04-09 18:38:53,343 - INFO - Fetched ON Regular Season WOWY stats for Team ID: 1610612754, Player ID: 1642484 across 2025-26
2026-04-09 18:38:55,345 - INFO - Fetching OFF Regular Season WOWY stats for Team ID: 1610612754, Player ID: 1642484  2025-26
2026-04-09 18:38:57,833 - INFO - Fetched OFF Regular Season WOWY stats for Team ID: 1610612754, Player ID: 1642484 across 2025-26
2026-04-09 18:39:02,220 - INFO - Processing 1642484 - 1610612746.0 for 2026 (344/403)
2026-04-09 18:39:02,220 - INFO - Fetching ON Regular Season WOWY stats for Team ID: 1610612746, Player ID: 1642484  2025-26
2026-04-09 18:39:03,529 - INFO - Fetched ON Regular Season WOWY stats for Team ID: 1610612746, Player ID: 1642484 across 2025-26
2026-04-09 18:39:05,531 - INFO - Fetching OFF Regular Season WOWY stats for Team ID: 1610612746, Player ID: 1642484  2025-26
2026-04-09 18:39:09,491 - INFO - Fetched OFF Regular Season WOWY stats for Team ID: 1610612746, Player ID: 1642484 across 2025-26
2026-04-09 18:39:14,370 - INFO - Saved data for player 1642484 to daily_data/2026/1642484.csv
2026-04-09 18:39:14,371 - INFO - Processing 1642490 - 1610612740.0 for 2026 (345/403)
2026-04-09 18:39:14,371 - INFO - Fetching ON Regular Season WOWY stats for Team ID: 1610612740, Player ID: 1642490  2025-26
2026-04-09 18:39:15,767 - INFO - Fetched ON Regular Season WOWY stats for Team ID: 1610612740, Player ID: 1642490 across 2025-26
2026-04-09 18:39:17,769 - INFO - Fetching OFF Regular Season WOWY stats for Team ID: 1610612740, Player ID: 1642490  2025-26
2026-04-09 18:39:22,017 - INFO - Fetched OFF Regular Season WOWY stats for Team ID: 1610612740, Player ID: 1642490 across 2025-26
2026-04-09 18:39:26,511 - INFO - Saved data for player 1642490 to daily_data/2026/1642490.csv
2026-04-09 18:39:26,511 - INFO - Processing 1642502 - 1610612744.0 for 2026 (346/403)
2026-04-09 18:39:26,511 - INFO - Fetching ON Regular Season WOWY stats for Team ID: 1610612744, Player ID: 1642502  2025-26
2026-04-09 18:39:29,154 - INFO - Fetched ON Regular Season WOWY stats for Team ID: 1610612744, Player ID: 1642502 across 2025-26
2026-04-09 18:39:31,156 - INFO - Fetching OFF Regular Season WOWY stats for Team ID: 1610612744, Player ID: 1642502  2025-26
2026-04-09 18:39:37,151 - INFO - Fetched OFF Regular Season WOWY stats for Team ID: 1610612744, Player ID: 1642502 across 2025-26
2026-04-09 18:39:41,376 - INFO - Saved data for player 1642502 to daily_data/2026/1642502.csv
2026-04-09 18:39:41,377 - INFO - Processing 1642504 - 1610612749.0 for 2026 (347/403)
2026-04-09 18:39:41,377 - INFO - Fetching ON Regular Season WOWY stats for Team ID: 1610612749, Player ID: 1642504  2025-26
2026-04-09 18:39:43,395 - INFO - Fetched ON Regular Season WOWY stats for Team ID: 1610612749, Player ID: 1642504 across 2025-26
2026-04-09 18:39:45,397 - INFO - Fetching OFF Regular Season WOWY stats for Team ID: 1610612749, Player ID: 1642504  2025-26
2026-04-09 18:39:51,075 - INFO - Fetched OFF Regular Season WOWY stats for Team ID: 1610612749, Player ID: 1642504 across 2025-26
2026-04-09 18:39:55,370 - INFO - Saved data for player 1642504 to daily_data/2026/1642504.csv
2026-04-09 18:39:55,371 - INFO - Processing 1642530 - 1610612741.0 for 2026 (348/403)
2026-04-09 18:39:55,371 - INFO - Fetching ON Regular Season WOWY stats for Team ID: 1610612741, Player ID: 1642530  2025-26
2026-04-09 18:39:58,049 - INFO - Fetched ON Regular Season WOWY stats for Team ID: 1610612741, Player ID: 1642530 across 2025-26
2026-04-09 18:40:00,052 - INFO - Fetching OFF Regular Season WOWY stats for Team ID: 1610612741, Player ID: 1642530  2025-26
2026-04-09 18:40:06,242 - INFO - Fetched OFF Regular Season WOWY stats for Team ID: 1610612741, Player ID: 1642530 across 2025-26
2026-04-09 18:40:10,633 - INFO - Saved data for player 1642530 to daily_data/2026/1642530.csv
2026-04-09 18:40:10,634 - INFO - Processing 1642843 - 1610612742.0 for 2026 (349/403)
2026-04-09 18:40:10,634 - INFO - Fetching ON Regular Season WOWY stats for Team ID: 1610612742, Player ID: 1642843  2025-26
2026-04-09 18:40:12,689 - INFO - Fetched ON Regular Season WOWY stats for Team ID: 1610612742, Player ID: 1642843 across 2025-26
2026-04-09 18:40:14,691 - INFO - Fetching OFF Regular Season WOWY stats for Team ID: 1610612742, Player ID: 1642843  2025-26
2026-04-09 18:40:17,581 - INFO - Fetched OFF Regular Season WOWY stats for Team ID: 1610612742, Player ID: 1642843 across 2025-26
2026-04-09 18:40:21,645 - INFO - Saved data for player 1642843 to daily_data/2026/1642843.csv
2026-04-09 18:40:21,645 - INFO - Processing 1642846 - 1610612762.0 for 2026 (350/403)
2026-04-09 18:40:21,645 - INFO - Fetching ON Regular Season WOWY stats for Team ID: 1610612762, Player ID: 1642846  2025-26
2026-04-09 18:40:25,455 - INFO - Fetched ON Regular Season WOWY stats for Team ID: 1610612762, Player ID: 1642846 across 2025-26
2026-04-09 18:40:27,457 - INFO - Fetching OFF Regular Season WOWY stats for Team ID: 1610612762, Player ID: 1642846  2025-26
2026-04-09 18:40:35,395 - INFO - Fetched OFF Regular Season WOWY stats for Team ID: 1610612762, Player ID: 1642846 across 2025-26
2026-04-09 18:40:39,544 - INFO - Saved data for player 1642846 to daily_data/2026/1642846.csv
2026-04-09 18:40:39,544 - INFO - Progress: 350/403 players processed (86.8%)
2026-04-09 18:40:39,545 - INFO - Processing 1642847 - 1610612740.0 for 2026 (351/403)
2026-04-09 18:40:39,545 - INFO - Fetching ON Regular Season WOWY stats for Team ID: 1610612740, Player ID: 1642847  2025-26
2026-04-09 18:40:59,846 - WARNING - Request failed: 500 Server Error: Internal Server Error for url: https://api.pbpstats.com/get-wowy-stats/nba?0Exactly1OnFloor=1642847&TeamId=1610612740&Season=2025-26&SeasonType=Regular+Season&Type=Player. Retrying in 2.50 seconds (attempt 1/3)
2026-04-09 18:41:04,810 - INFO - Fetched ON Regular Season WOWY stats for Team ID: 1610612740, Player ID: 1642847 across 2025-26
2026-04-09 18:41:06,812 - INFO - Fetching OFF Regular Season WOWY stats for Team ID: 1610612740, Player ID: 1642847  2025-26
2026-04-09 18:41:10,870 - INFO - Fetched OFF Regular Season WOWY stats for Team ID: 1610612740, Player ID: 1642847 across 2025-26
2026-04-09 18:41:15,675 - INFO - Saved data for player 1642847 to daily_data/2026/1642847.csv
2026-04-09 18:41:15,676 - INFO - Processing 1642848 - 1610612764.0 for 2026 (352/403)
2026-04-09 18:41:15,676 - INFO - Fetching ON Regular Season WOWY stats for Team ID: 1610612764, Player ID: 1642848  2025-26
2026-04-09 18:41:18,318 - INFO - Fetched ON Regular Season WOWY stats for Team ID: 1610612764, Player ID: 1642848 across 2025-26
2026-04-09 18:41:20,320 - INFO - Fetching OFF Regular Season WOWY stats for Team ID: 1610612764, Player ID: 1642848  2025-26
2026-04-09 18:41:22,101 - INFO - Fetched OFF Regular Season WOWY stats for Team ID: 1610612764, Player ID: 1642848 across 2025-26
2026-04-09 18:41:26,870 - INFO - Saved data for player 1642848 to daily_data/2026/1642848.csv
2026-04-09 18:41:26,870 - INFO - Processing 1642849 - 1610612751.0 for 2026 (353/403)
2026-04-09 18:41:26,870 - INFO - Fetching ON Regular Season WOWY stats for Team ID: 1610612751, Player ID: 1642849  2025-26
2026-04-09 18:41:47,160 - WARNING - Request failed: 500 Server Error: Internal Server Error for url: https://api.pbpstats.com/get-wowy-stats/nba?0Exactly1OnFloor=1642849&TeamId=1610612751&Season=2025-26&SeasonType=Regular+Season&Type=Player. Retrying in 2.79 seconds (attempt 1/3)
2026-04-09 18:41:51,392 - INFO - Fetched ON Regular Season WOWY stats for Team ID: 1610612751, Player ID: 1642849 across 2025-26
2026-04-09 18:41:53,395 - INFO - Fetching OFF Regular Season WOWY stats for Team ID: 1610612751, Player ID: 1642849  2025-26
2026-04-09 18:41:55,378 - INFO - Fetched OFF Regular Season WOWY stats for Team ID: 1610612751, Player ID: 1642849 across 2025-26
2026-04-09 18:41:59,618 - INFO - Saved data for player 1642849 to daily_data/2026/1642849.csv
2026-04-09 18:41:59,619 - INFO - Processing 1642851 - 1610612766.0 for 2026 (354/403)
2026-04-09 18:41:59,619 - INFO - Fetching ON Regular Season WOWY stats for Team ID: 1610612766, Player ID: 1642851  2025-26
2026-04-09 18:42:01,593 - INFO - Fetched ON Regular Season WOWY stats for Team ID: 1610612766, Player ID: 1642851 across 2025-26
2026-04-09 18:42:03,596 - INFO - Fetching OFF Regular Season WOWY stats for Team ID: 1610612766, Player ID: 1642851  2025-26
2026-04-09 18:42:05,314 - INFO - Fetched OFF Regular Season WOWY stats for Team ID: 1610612766, Player ID: 1642851 across 2025-26
2026-04-09 18:42:09,786 - INFO - Saved data for player 1642851 to daily_data/2026/1642851.csv
2026-04-09 18:42:09,787 - INFO - Processing 1642852 - 1610612740.0 for 2026 (355/403)
2026-04-09 18:42:09,787 - INFO - Fetching ON Regular Season WOWY stats for Team ID: 1610612740, Player ID: 1642852  2025-26
2026-04-09 18:42:11,387 - INFO - Fetched ON Regular Season WOWY stats for Team ID: 1610612740, Player ID: 1642852 across 2025-26
2026-04-09 18:42:13,389 - INFO - Fetching OFF Regular Season WOWY stats for Team ID: 1610612740, Player ID: 1642852  2025-26
2026-04-09 18:42:14,950 - INFO - Fetched OFF Regular Season WOWY stats for Team ID: 1610612740, Player ID: 1642852 across 2025-26
2026-04-09 18:42:19,360 - INFO - Saved data for player 1642852 to daily_data/2026/1642852.csv
2026-04-09 18:42:19,361 - INFO - Processing 1642853 - 1610612756.0 for 2026 (356/403)
2026-04-09 18:42:19,361 - INFO - Fetching ON Regular Season WOWY stats for Team ID: 1610612756, Player ID: 1642853  2025-26
2026-04-09 18:42:20,700 - INFO - Fetched ON Regular Season WOWY stats for Team ID: 1610612756, Player ID: 1642853 across 2025-26
2026-04-09 18:42:22,702 - INFO - Fetching OFF Regular Season WOWY stats for Team ID: 1610612756, Player ID: 1642853  2025-26
2026-04-09 18:42:24,497 - INFO - Fetched OFF Regular Season WOWY stats for Team ID: 1610612756, Player ID: 1642853 across 2025-26
2026-04-09 18:42:28,725 - INFO - Saved data for player 1642853 to daily_data/2026/1642853.csv
2026-04-09 18:42:28,726 - INFO - Processing 1642855 - 1610612741.0 for 2026 (357/403)
2026-04-09 18:42:28,726 - INFO - Fetching ON Regular Season WOWY stats for Team ID: 1610612741, Player ID: 1642855  2025-26
2026-04-09 18:42:29,437 - INFO - Fetched ON Regular Season WOWY stats for Team ID: 1610612741, Player ID: 1642855 across 2025-26
2026-04-09 18:42:31,439 - INFO - Fetching OFF Regular Season WOWY stats for Team ID: 1610612741, Player ID: 1642855  2025-26
2026-04-09 18:42:34,799 - INFO - Fetched OFF Regular Season WOWY stats for Team ID: 1610612741, Player ID: 1642855 across 2025-26
2026-04-09 18:42:38,845 - INFO - Saved data for player 1642855 to daily_data/2026/1642855.csv
2026-04-09 18:42:38,846 - INFO - Processing 1642856 - 1610612751.0 for 2026 (358/403)
2026-04-09 18:42:38,846 - INFO - Fetching ON Regular Season WOWY stats for Team ID: 1610612751, Player ID: 1642856  2025-26
2026-04-09 18:42:40,075 - INFO - Fetched ON Regular Season WOWY stats for Team ID: 1610612751, Player ID: 1642856 across 2025-26
2026-04-09 18:42:42,077 - INFO - Fetching OFF Regular Season WOWY stats for Team ID: 1610612751, Player ID: 1642856  2025-26
2026-04-09 18:42:43,945 - INFO - Fetched OFF Regular Season WOWY stats for Team ID: 1610612751, Player ID: 1642856 across 2025-26
2026-04-09 18:42:48,296 - INFO - Saved data for player 1642856 to daily_data/2026/1642856.csv
2026-04-09 18:42:48,297 - INFO - Processing 1642857 - 1610612748.0 for 2026 (359/403)
2026-04-09 18:42:48,297 - INFO - Fetching ON Regular Season WOWY stats for Team ID: 1610612748, Player ID: 1642857  2025-26
2026-04-09 18:42:49,533 - INFO - Fetched ON Regular Season WOWY stats for Team ID: 1610612748, Player ID: 1642857 across 2025-26
2026-04-09 18:42:51,535 - INFO - Fetching OFF Regular Season WOWY stats for Team ID: 1610612748, Player ID: 1642857  2025-26
2026-04-09 18:42:52,963 - INFO - Fetched OFF Regular Season WOWY stats for Team ID: 1610612748, Player ID: 1642857 across 2025-26
2026-04-09 18:42:57,999 - INFO - Saved data for player 1642857 to daily_data/2026/1642857.csv
2026-04-09 18:42:58,000 - INFO - Processing 1642860 - 1610612764.0 for 2026 (360/403)
2026-04-09 18:42:58,000 - INFO - Fetching ON Regular Season WOWY stats for Team ID: 1610612764, Player ID: 1642860  2025-26
2026-04-09 18:42:59,399 - INFO - Fetched ON Regular Season WOWY stats for Team ID: 1610612764, Player ID: 1642860 across 2025-26
2026-04-09 18:43:01,401 - INFO - Fetching OFF Regular Season WOWY stats for Team ID: 1610612764, Player ID: 1642860  2025-26
2026-04-09 18:43:03,655 - INFO - Fetched OFF Regular Season WOWY stats for Team ID: 1610612764, Player ID: 1642860 across 2025-26
2026-04-09 18:43:08,091 - INFO - Saved data for player 1642860 to daily_data/2026/1642860.csv
2026-04-09 18:43:08,091 - INFO - Progress: 360/403 players processed (89.3%)
2026-04-09 18:43:08,091 - INFO - Processing 1642862 - 1610612766.0 for 2026 (361/403)
2026-04-09 18:43:08,092 - INFO - Fetching ON Regular Season WOWY stats for Team ID: 1610612766, Player ID: 1642862  2025-26
2026-04-09 18:43:35,823 - INFO - Fetched ON Regular Season WOWY stats for Team ID: 1610612766, Player ID: 1642862 across 2025-26
2026-04-09 18:43:37,825 - INFO - Fetching OFF Regular Season WOWY stats for Team ID: 1610612766, Player ID: 1642862  2025-26
2026-04-09 18:43:51,527 - INFO - Fetched OFF Regular Season WOWY stats for Team ID: 1610612766, Player ID: 1642862 across 2025-26
2026-04-09 18:43:55,648 - INFO - Saved data for player 1642862 to daily_data/2026/1642862.csv
2026-04-09 18:43:55,649 - INFO - Processing 1642863 - 1610612756.0 for 2026 (362/403)
2026-04-09 18:43:55,649 - INFO - Fetching ON Regular Season WOWY stats for Team ID: 1610612756, Player ID: 1642863  2025-26
2026-04-09 18:44:15,909 - WARNING - Request failed: 500 Server Error: Internal Server Error for url: https://api.pbpstats.com/get-wowy-stats/nba?0Exactly1OnFloor=1642863&TeamId=1610612756&Season=2025-26&SeasonType=Regular+Season&Type=Player. Retrying in 2.90 seconds (attempt 1/3)
2026-04-09 18:44:47,116 - WARNING - Request failed: 500 Server Error: Internal Server Error for url: https://api.pbpstats.com/get-wowy-stats/nba?0Exactly1OnFloor=1642863&TeamId=1610612756&Season=2025-26&SeasonType=Regular+Season&Type=Player. Retrying in 4.64 seconds (attempt 2/3)
2026-04-09 18:44:52,915 - INFO - Fetched ON Regular Season WOWY stats for Team ID: 1610612756, Player ID: 1642863 across 2025-26
2026-04-09 18:44:54,917 - INFO - Fetching OFF Regular Season WOWY stats for Team ID: 1610612756, Player ID: 1642863  2025-26
2026-04-09 18:44:57,008 - INFO - Fetched OFF Regular Season WOWY stats for Team ID: 1610612756, Player ID: 1642863 across 2025-26
2026-04-09 18:45:01,423 - INFO - Saved data for player 1642863 to daily_data/2026/1642863.csv
2026-04-09 18:45:01,424 - INFO - Processing 1642864 - 1610612738.0 for 2026 (363/403)
2026-04-09 18:45:01,424 - INFO - Fetching ON Regular Season WOWY stats for Team ID: 1610612738, Player ID: 1642864  2025-26
2026-04-09 18:45:03,454 - INFO - Fetched ON Regular Season WOWY stats for Team ID: 1610612738, Player ID: 1642864 across 2025-26
2026-04-09 18:45:05,456 - INFO - Fetching OFF Regular Season WOWY stats for Team ID: 1610612738, Player ID: 1642864  2025-26
2026-04-09 18:45:07,343 - INFO - Fetched OFF Regular Season WOWY stats for Team ID: 1610612738, Player ID: 1642864 across 2025-26
2026-04-09 18:45:11,728 - INFO - Saved data for player 1642864 to daily_data/2026/1642864.csv
2026-04-09 18:45:11,728 - INFO - Processing 1642866 - 1610612750.0 for 2026 (364/403)
2026-04-09 18:45:11,728 - INFO - Fetching ON Regular Season WOWY stats for Team ID: 1610612750, Player ID: 1642866  2025-26
2026-04-09 18:45:13,406 - INFO - Fetched ON Regular Season WOWY stats for Team ID: 1610612750, Player ID: 1642866 across 2025-26
2026-04-09 18:45:15,408 - INFO - Fetching OFF Regular Season WOWY stats for Team ID: 1610612750, Player ID: 1642866  2025-26
2026-04-09 18:45:45,590 - WARNING - Request failed: HTTPSConnectionPool(host='api.pbpstats.com', port=443): Read timed out. (read timeout=30). Retrying in 2.81 seconds (attempt 1/3)
2026-04-09 18:45:49,947 - INFO - Fetched OFF Regular Season WOWY stats for Team ID: 1610612750, Player ID: 1642866 across 2025-26
2026-04-09 18:45:54,137 - INFO - Saved data for player 1642866 to daily_data/2026/1642866.csv
2026-04-09 18:45:54,138 - INFO - Processing 1642867 - 1610612761.0 for 2026 (365/403)
2026-04-09 18:45:54,138 - INFO - Fetching ON Regular Season WOWY stats for Team ID: 1610612761, Player ID: 1642867  2025-26
2026-04-09 18:45:55,442 - INFO - Fetched ON Regular Season WOWY stats for Team ID: 1610612761, Player ID: 1642867 across 2025-26
2026-04-09 18:45:57,444 - INFO - Fetching OFF Regular Season WOWY stats for Team ID: 1610612761, Player ID: 1642867  2025-26
2026-04-09 18:45:59,072 - INFO - Fetched OFF Regular Season WOWY stats for Team ID: 1610612761, Player ID: 1642867 across 2025-26
2026-04-09 18:46:03,550 - INFO - Saved data for player 1642867 to daily_data/2026/1642867.csv
2026-04-09 18:46:03,551 - INFO - Processing 1642873 - 1610612738.0 for 2026 (366/403)
2026-04-09 18:46:03,551 - INFO - Fetching ON Regular Season WOWY stats for Team ID: 1610612738, Player ID: 1642873  2025-26
2026-04-09 18:46:04,605 - INFO - Fetched ON Regular Season WOWY stats for Team ID: 1610612738, Player ID: 1642873 across 2025-26
2026-04-09 18:46:06,607 - INFO - Fetching OFF Regular Season WOWY stats for Team ID: 1610612738, Player ID: 1642873  2025-26
2026-04-09 18:46:08,728 - INFO - Fetched OFF Regular Season WOWY stats for Team ID: 1610612738, Player ID: 1642873 across 2025-26
2026-04-09 18:46:13,411 - INFO - Saved data for player 1642873 to daily_data/2026/1642873.csv
2026-04-09 18:46:13,412 - INFO - Processing 1642874 - 1610612751.0 for 2026 (367/403)
2026-04-09 18:46:13,412 - INFO - Fetching ON Regular Season WOWY stats for Team ID: 1610612751, Player ID: 1642874  2025-26
2026-04-09 18:46:14,730 - INFO - Fetched ON Regular Season WOWY stats for Team ID: 1610612751, Player ID: 1642874 across 2025-26
2026-04-09 18:46:16,732 - INFO - Fetching OFF Regular Season WOWY stats for Team ID: 1610612751, Player ID: 1642874  2025-26
2026-04-09 18:46:18,427 - INFO - Fetched OFF Regular Season WOWY stats for Team ID: 1610612751, Player ID: 1642874 across 2025-26
2026-04-09 18:46:23,309 - INFO - Saved data for player 1642874 to daily_data/2026/1642874.csv
2026-04-09 18:46:23,309 - INFO - Processing 1642875 - 1610612758.0 for 2026 (368/403)
2026-04-09 18:46:23,309 - INFO - Fetching ON Regular Season WOWY stats for Team ID: 1610612758, Player ID: 1642875  2025-26
2026-04-09 18:46:24,820 - INFO - Fetched ON Regular Season WOWY stats for Team ID: 1610612758, Player ID: 1642875 across 2025-26
2026-04-09 18:46:26,822 - INFO - Fetching OFF Regular Season WOWY stats for Team ID: 1610612758, Player ID: 1642875  2025-26
2026-04-09 18:46:28,612 - INFO - Fetched OFF Regular Season WOWY stats for Team ID: 1610612758, Player ID: 1642875 across 2025-26
2026-04-09 18:46:33,086 - INFO - Saved data for player 1642875 to daily_data/2026/1642875.csv
2026-04-09 18:46:33,087 - INFO - Processing 1642876 - 1610612747.0 for 2026 (369/403)
2026-04-09 18:46:33,087 - INFO - Fetching ON Regular Season WOWY stats for Team ID: 1610612747, Player ID: 1642876  2025-26
2026-04-09 18:46:34,147 - INFO - Fetched ON Regular Season WOWY stats for Team ID: 1610612747, Player ID: 1642876 across 2025-26
2026-04-09 18:46:36,150 - INFO - Fetching OFF Regular Season WOWY stats for Team ID: 1610612747, Player ID: 1642876  2025-26
2026-04-09 18:46:38,096 - INFO - Fetched OFF Regular Season WOWY stats for Team ID: 1610612747, Player ID: 1642876 across 2025-26
2026-04-09 18:46:42,872 - INFO - Saved data for player 1642876 to daily_data/2026/1642876.csv
2026-04-09 18:46:42,873 - INFO - Processing 1642877 - 1610612740.0 for 2026 (370/403)
2026-04-09 18:46:42,873 - INFO - Fetching ON Regular Season WOWY stats for Team ID: 1610612740, Player ID: 1642877  2025-26
2026-04-09 18:46:45,023 - INFO - Fetched ON Regular Season WOWY stats for Team ID: 1610612740, Player ID: 1642877 across 2025-26
2026-04-09 18:46:47,025 - INFO - Fetching OFF Regular Season WOWY stats for Team ID: 1610612740, Player ID: 1642877  2025-26
2026-04-09 18:46:49,770 - INFO - Fetched OFF Regular Season WOWY stats for Team ID: 1610612740, Player ID: 1642877 across 2025-26
2026-04-09 18:46:54,273 - INFO - Saved data for player 1642877 to daily_data/2026/1642877.csv
2026-04-09 18:46:54,273 - INFO - Progress: 370/403 players processed (91.8%)
2026-04-09 18:46:54,274 - INFO - Processing 1642879 - 1610612751.0 for 2026 (371/403)
2026-04-09 18:46:54,274 - INFO - Fetching ON Regular Season WOWY stats for Team ID: 1610612751, Player ID: 1642879  2025-26
2026-04-09 18:46:56,730 - INFO - Fetched ON Regular Season WOWY stats for Team ID: 1610612751, Player ID: 1642879 across 2025-26
2026-04-09 18:46:58,733 - INFO - Fetching OFF Regular Season WOWY stats for Team ID: 1610612751, Player ID: 1642879  2025-26
2026-04-09 18:47:01,754 - INFO - Fetched OFF Regular Season WOWY stats for Team ID: 1610612751, Player ID: 1642879 across 2025-26
2026-04-09 18:47:05,797 - INFO - Saved data for player 1642879 to daily_data/2026/1642879.csv
2026-04-09 18:47:05,798 - INFO - Processing 1642880 - 1610612754.0 for 2026 (372/403)
2026-04-09 18:47:05,798 - INFO - Fetching ON Regular Season WOWY stats for Team ID: 1610612754, Player ID: 1642880  2025-26
2026-04-09 18:47:07,830 - INFO - Fetched ON Regular Season WOWY stats for Team ID: 1610612754, Player ID: 1642880 across 2025-26
2026-04-09 18:47:09,832 - INFO - Fetching OFF Regular Season WOWY stats for Team ID: 1610612754, Player ID: 1642880  2025-26
2026-04-09 18:47:12,739 - INFO - Fetched OFF Regular Season WOWY stats for Team ID: 1610612754, Player ID: 1642880 across 2025-26
2026-04-09 18:47:16,879 - INFO - Saved data for player 1642880 to daily_data/2026/1642880.csv
2026-04-09 18:47:16,880 - INFO - Processing 1642882 - 1610612764.0 for 2026 (373/403)
2026-04-09 18:47:16,880 - INFO - Fetching ON Regular Season WOWY stats for Team ID: 1610612764, Player ID: 1642882  2025-26
2026-04-09 18:47:43,177 - WARNING - Request failed: 500 Server Error: Internal Server Error for url: https://api.pbpstats.com/get-wowy-stats/nba?0Exactly1OnFloor=1642882&TeamId=1610612764&Season=2025-26&SeasonType=Regular+Season&Type=Player. Retrying in 2.27 seconds (attempt 1/3)
2026-04-09 18:47:46,513 - INFO - Fetched ON Regular Season WOWY stats for Team ID: 1610612764, Player ID: 1642882 across 2025-26
2026-04-09 18:47:48,516 - INFO - Fetching OFF Regular Season WOWY stats for Team ID: 1610612764, Player ID: 1642882  2025-26
2026-04-09 18:47:51,031 - INFO - Fetched OFF Regular Season WOWY stats for Team ID: 1610612764, Player ID: 1642882 across 2025-26
2026-04-09 18:47:55,524 - INFO - Saved data for player 1642882 to daily_data/2026/1642882.csv
2026-04-09 18:47:55,524 - INFO - Processing 1642883 - 1610612766.0 for 2026 (374/403)
2026-04-09 18:47:55,524 - INFO - Fetching ON Regular Season WOWY stats for Team ID: 1610612766, Player ID: 1642883  2025-26
2026-04-09 18:47:58,240 - INFO - Fetched ON Regular Season WOWY stats for Team ID: 1610612766, Player ID: 1642883 across 2025-26
2026-04-09 18:48:00,242 - INFO - Fetching OFF Regular Season WOWY stats for Team ID: 1610612766, Player ID: 1642883  2025-26
2026-04-09 18:48:02,529 - INFO - Fetched OFF Regular Season WOWY stats for Team ID: 1610612766, Player ID: 1642883 across 2025-26
2026-04-09 18:48:06,852 - INFO - Saved data for player 1642883 to daily_data/2026/1642883.csv
2026-04-09 18:48:06,852 - INFO - Processing 1642884 - 1610612748.0 for 2026 (375/403)
2026-04-09 18:48:06,852 - INFO - Fetching ON Regular Season WOWY stats for Team ID: 1610612748, Player ID: 1642884  2025-26
2026-04-09 18:48:07,563 - INFO - Fetched ON Regular Season WOWY stats for Team ID: 1610612748, Player ID: 1642884 across 2025-26
2026-04-09 18:48:09,565 - INFO - Fetching OFF Regular Season WOWY stats for Team ID: 1610612748, Player ID: 1642884  2025-26
2026-04-09 18:48:11,532 - INFO - Fetched OFF Regular Season WOWY stats for Team ID: 1610612748, Player ID: 1642884 across 2025-26
2026-04-09 18:48:16,354 - INFO - Saved data for player 1642884 to daily_data/2026/1642884.csv
2026-04-09 18:48:16,355 - INFO - Processing 1642886 - 1610612756.0 for 2026 (376/403)
2026-04-09 18:48:16,355 - INFO - Fetching ON Regular Season WOWY stats for Team ID: 1610612756, Player ID: 1642886  2025-26
2026-04-09 18:48:17,143 - INFO - Fetched ON Regular Season WOWY stats for Team ID: 1610612756, Player ID: 1642886 across 2025-26
2026-04-09 18:48:19,145 - INFO - Fetching OFF Regular Season WOWY stats for Team ID: 1610612756, Player ID: 1642886  2025-26
2026-04-09 18:48:49,369 - WARNING - Request failed: HTTPSConnectionPool(host='api.pbpstats.com', port=443): Read timed out. (read timeout=30). Retrying in 2.25 seconds (attempt 1/3)
2026-04-09 18:49:08,923 - INFO - Fetched OFF Regular Season WOWY stats for Team ID: 1610612756, Player ID: 1642886 across 2025-26
2026-04-09 18:49:13,468 - INFO - Saved data for player 1642886 to daily_data/2026/1642886.csv
2026-04-09 18:49:13,468 - INFO - Processing 1642910 - 1610612738.0 for 2026 (377/403)
2026-04-09 18:49:13,468 - INFO - Fetching ON Regular Season WOWY stats for Team ID: 1610612738, Player ID: 1642910  2025-26
2026-04-09 18:49:14,540 - INFO - Fetched ON Regular Season WOWY stats for Team ID: 1610612738, Player ID: 1642910 across 2025-26
2026-04-09 18:49:16,542 - INFO - Fetching OFF Regular Season WOWY stats for Team ID: 1610612738, Player ID: 1642910  2025-26
2026-04-09 18:49:20,875 - INFO - Fetched OFF Regular Season WOWY stats for Team ID: 1610612738, Player ID: 1642910 across 2025-26
2026-04-09 18:49:24,940 - INFO - Saved data for player 1642910 to daily_data/2026/1642910.csv
2026-04-09 18:49:24,940 - INFO - Processing 1642911 - 1610612750.0 for 2026 (378/403)
2026-04-09 18:49:24,940 - INFO - Fetching ON Regular Season WOWY stats for Team ID: 1610612750, Player ID: 1642911  2025-26
2026-04-09 18:49:25,838 - INFO - Fetched ON Regular Season WOWY stats for Team ID: 1610612750, Player ID: 1642911 across 2025-26
2026-04-09 18:49:27,841 - INFO - Fetching OFF Regular Season WOWY stats for Team ID: 1610612750, Player ID: 1642911  2025-26
2026-04-09 18:49:31,104 - INFO - Fetched OFF Regular Season WOWY stats for Team ID: 1610612750, Player ID: 1642911 across 2025-26
2026-04-09 18:49:35,768 - INFO - Saved data for player 1642911 to daily_data/2026/1642911.csv
2026-04-09 18:49:35,769 - INFO - Processing 1642917 - 1610612738.0 for 2026 (379/403)
2026-04-09 18:49:35,769 - INFO - Fetching ON Regular Season WOWY stats for Team ID: 1610612738, Player ID: 1642917  2025-26
2026-04-09 18:49:37,286 - INFO - Fetched ON Regular Season WOWY stats for Team ID: 1610612738, Player ID: 1642917 across 2025-26
2026-04-09 18:49:39,289 - INFO - Fetching OFF Regular Season WOWY stats for Team ID: 1610612738, Player ID: 1642917  2025-26
2026-04-09 18:49:42,684 - INFO - Fetched OFF Regular Season WOWY stats for Team ID: 1610612738, Player ID: 1642917 across 2025-26
2026-04-09 18:49:47,698 - INFO - Saved data for player 1642917 to daily_data/2026/1642917.csv
2026-04-09 18:49:47,699 - INFO - Processing 1642918 - 1610612761.0 for 2026 (380/403)
2026-04-09 18:49:47,699 - INFO - Fetching ON Regular Season WOWY stats for Team ID: 1610612761, Player ID: 1642918  2025-26
2026-04-09 18:49:49,392 - INFO - Fetched ON Regular Season WOWY stats for Team ID: 1610612761, Player ID: 1642918 across 2025-26
2026-04-09 18:49:51,393 - INFO - Fetching OFF Regular Season WOWY stats for Team ID: 1610612761, Player ID: 1642918  2025-26
2026-04-09 18:49:53,885 - INFO - Fetched OFF Regular Season WOWY stats for Team ID: 1610612761, Player ID: 1642918 across 2025-26
2026-04-09 18:49:58,569 - INFO - Saved data for player 1642918 to daily_data/2026/1642918.csv
2026-04-09 18:49:58,569 - INFO - Progress: 380/403 players processed (94.3%)
2026-04-09 18:49:58,570 - INFO - Processing 1642920 - 1610612746.0 for 2026 (381/403)
2026-04-09 18:49:58,570 - INFO - Fetching ON Regular Season WOWY stats for Team ID: 1610612746, Player ID: 1642920  2025-26
2026-04-09 18:50:00,253 - INFO - Fetched ON Regular Season WOWY stats for Team ID: 1610612746, Player ID: 1642920 across 2025-26
2026-04-09 18:50:02,255 - INFO - Fetching OFF Regular Season WOWY stats for Team ID: 1610612746, Player ID: 1642920  2025-26
2026-04-09 18:50:13,578 - INFO - Fetched OFF Regular Season WOWY stats for Team ID: 1610612746, Player ID: 1642920 across 2025-26
2026-04-09 18:50:18,386 - INFO - Saved data for player 1642920 to daily_data/2026/1642920.csv
2026-04-09 18:50:18,386 - INFO - Processing 1642928 - 1610612758.0 for 2026 (382/403)
2026-04-09 18:50:18,386 - INFO - Fetching ON Regular Season WOWY stats for Team ID: 1610612758, Player ID: 1642928  2025-26
2026-04-09 18:50:20,658 - WARNING - Request failed: 500 Server Error: Internal Server Error for url: https://api.pbpstats.com/get-wowy-stats/nba?0Exactly1OnFloor=1642928&TeamId=1610612758&Season=2025-26&SeasonType=Regular+Season&Type=Player. Retrying in 2.77 seconds (attempt 1/3)
2026-04-09 18:50:27,710 - WARNING - Request failed: 500 Server Error: Internal Server Error for url: https://api.pbpstats.com/get-wowy-stats/nba?0Exactly1OnFloor=1642928&TeamId=1610612758&Season=2025-26&SeasonType=Regular+Season&Type=Player. Retrying in 4.37 seconds (attempt 2/3)
2026-04-09 18:50:35,860 - INFO - Fetched ON Regular Season WOWY stats for Team ID: 1610612758, Player ID: 1642928 across 2025-26
2026-04-09 18:50:37,862 - INFO - Fetching OFF Regular Season WOWY stats for Team ID: 1610612758, Player ID: 1642928  2025-26
2026-04-09 18:50:42,819 - INFO - Fetched OFF Regular Season WOWY stats for Team ID: 1610612758, Player ID: 1642928 across 2025-26
2026-04-09 18:50:47,480 - INFO - Saved data for player 1642928 to daily_data/2026/1642928.csv
2026-04-09 18:50:47,481 - INFO - Processing 1642933 - 1610612764.0 for 2026 (383/403)
2026-04-09 18:50:47,481 - INFO - Fetching ON Regular Season WOWY stats for Team ID: 1610612764, Player ID: 1642933  2025-26
2026-04-09 18:50:51,982 - INFO - Fetched ON Regular Season WOWY stats for Team ID: 1610612764, Player ID: 1642933 across 2025-26
2026-04-09 18:50:53,984 - INFO - Fetching OFF Regular Season WOWY stats for Team ID: 1610612764, Player ID: 1642933  2025-26
2026-04-09 18:50:58,971 - INFO - Fetched OFF Regular Season WOWY stats for Team ID: 1610612764, Player ID: 1642933 across 2025-26
2026-04-09 18:51:03,927 - INFO - Saved data for player 1642933 to daily_data/2026/1642933.csv
2026-04-09 18:51:03,928 - INFO - Processing 1642935 - 1610612761.0 for 2026 (384/403)
2026-04-09 18:51:03,928 - INFO - Fetching ON Regular Season WOWY stats for Team ID: 1610612761, Player ID: 1642935  2025-26
2026-04-09 18:51:04,839 - INFO - Fetched ON Regular Season WOWY stats for Team ID: 1610612761, Player ID: 1642935 across 2025-26
2026-04-09 18:51:06,841 - INFO - Fetching OFF Regular Season WOWY stats for Team ID: 1610612761, Player ID: 1642935  2025-26
2026-04-09 18:51:27,951 - INFO - Fetched OFF Regular Season WOWY stats for Team ID: 1610612761, Player ID: 1642935 across 2025-26
2026-04-09 18:51:32,018 - INFO - Saved data for player 1642935 to daily_data/2026/1642935.csv
2026-04-09 18:51:32,019 - INFO - Processing 1642939 - 1610612742.0 for 2026 (385/403)
2026-04-09 18:51:32,019 - INFO - Fetching ON Regular Season WOWY stats for Team ID: 1610612742, Player ID: 1642939  2025-26
2026-04-09 18:51:44,390 - WARNING - Request failed: 500 Server Error: Internal Server Error for url: https://api.pbpstats.com/get-wowy-stats/nba?0Exactly1OnFloor=1642939&TeamId=1610612742&Season=2025-26&SeasonType=Regular+Season&Type=Player. Retrying in 2.93 seconds (attempt 1/3)
2026-04-09 18:51:48,606 - INFO - Fetched ON Regular Season WOWY stats for Team ID: 1610612742, Player ID: 1642939 across 2025-26
2026-04-09 18:51:50,608 - INFO - Fetching OFF Regular Season WOWY stats for Team ID: 1610612742, Player ID: 1642939  2025-26
2026-04-09 18:51:55,382 - INFO - Fetched OFF Regular Season WOWY stats for Team ID: 1610612742, Player ID: 1642939 across 2025-26
2026-04-09 18:51:59,491 - INFO - Saved data for player 1642939 to daily_data/2026/1642939.csv
2026-04-09 18:51:59,491 - INFO - Processing 1642948 - 1610612742.0 for 2026 (386/403)
2026-04-09 18:51:59,491 - INFO - Fetching ON Regular Season WOWY stats for Team ID: 1610612742, Player ID: 1642948  2025-26
2026-04-09 18:52:00,894 - INFO - Fetched ON Regular Season WOWY stats for Team ID: 1610612742, Player ID: 1642948 across 2025-26
2026-04-09 18:52:02,896 - INFO - Fetching OFF Regular Season WOWY stats for Team ID: 1610612742, Player ID: 1642948  2025-26
2026-04-09 18:52:05,032 - INFO - Fetched OFF Regular Season WOWY stats for Team ID: 1610612742, Player ID: 1642948 across 2025-26
2026-04-09 18:52:09,348 - INFO - Saved data for player 1642948 to daily_data/2026/1642948.csv
2026-04-09 18:52:09,349 - INFO - Processing 1642949 - 1610612746.0 for 2026 (387/403)
2026-04-09 18:52:09,349 - INFO - Fetching ON Regular Season WOWY stats for Team ID: 1610612746, Player ID: 1642949  2025-26
2026-04-09 18:52:23,636 - WARNING - Request failed: 500 Server Error: Internal Server Error for url: https://api.pbpstats.com/get-wowy-stats/nba?0Exactly1OnFloor=1642949&TeamId=1610612746&Season=2025-26&SeasonType=Regular+Season&Type=Player. Retrying in 2.94 seconds (attempt 1/3)
2026-04-09 18:52:27,829 - INFO - Fetched ON Regular Season WOWY stats for Team ID: 1610612746, Player ID: 1642949 across 2025-26
2026-04-09 18:52:29,831 - INFO - Fetching OFF Regular Season WOWY stats for Team ID: 1610612746, Player ID: 1642949  2025-26
2026-04-09 18:52:32,152 - INFO - Fetched OFF Regular Season WOWY stats for Team ID: 1610612746, Player ID: 1642949 across 2025-26
2026-04-09 18:52:36,557 - INFO - Saved data for player 1642949 to daily_data/2026/1642949.csv
2026-04-09 18:52:36,558 - INFO - Processing 1642950 - 1610612741.0 for 2026 (388/403)
2026-04-09 18:52:36,558 - INFO - Fetching ON Regular Season WOWY stats for Team ID: 1610612741, Player ID: 1642950  2025-26
2026-04-09 18:52:37,900 - INFO - Fetched ON Regular Season WOWY stats for Team ID: 1610612741, Player ID: 1642950 across 2025-26
2026-04-09 18:52:39,903 - INFO - Fetching OFF Regular Season WOWY stats for Team ID: 1610612741, Player ID: 1642950  2025-26
2026-04-09 18:52:45,291 - INFO - Fetched OFF Regular Season WOWY stats for Team ID: 1610612741, Player ID: 1642950 across 2025-26
2026-04-09 18:52:50,264 - INFO - Saved data for player 1642950 to daily_data/2026/1642950.csv
2026-04-09 18:52:50,265 - INFO - Processing 1642951 - 1610612746.0 for 2026 (389/403)
2026-04-09 18:52:50,265 - INFO - Fetching ON Regular Season WOWY stats for Team ID: 1610612746, Player ID: 1642951  2025-26
2026-04-09 18:52:51,268 - INFO - Fetched ON Regular Season WOWY stats for Team ID: 1610612746, Player ID: 1642951 across 2025-26
2026-04-09 18:52:53,270 - INFO - Fetching OFF Regular Season WOWY stats for Team ID: 1610612746, Player ID: 1642951  2025-26
2026-04-09 18:52:55,549 - INFO - Fetched OFF Regular Season WOWY stats for Team ID: 1610612746, Player ID: 1642951 across 2025-26
2026-04-09 18:52:59,598 - INFO - Saved data for player 1642951 to daily_data/2026/1642951.csv
2026-04-09 18:52:59,599 - INFO - Processing 1642954 - 1610612744.0 for 2026 (390/403)
2026-04-09 18:52:59,599 - INFO - Fetching ON Regular Season WOWY stats for Team ID: 1610612744, Player ID: 1642954  2025-26
2026-04-09 18:53:01,796 - INFO - Fetched ON Regular Season WOWY stats for Team ID: 1610612744, Player ID: 1642954 across 2025-26
2026-04-09 18:53:03,798 - INFO - Fetching OFF Regular Season WOWY stats for Team ID: 1610612744, Player ID: 1642954  2025-26
2026-04-09 18:53:06,457 - INFO - Fetched OFF Regular Season WOWY stats for Team ID: 1610612744, Player ID: 1642954 across 2025-26
2026-04-09 18:53:11,420 - INFO - Saved data for player 1642954 to daily_data/2026/1642954.csv
2026-04-09 18:53:11,420 - INFO - Progress: 390/403 players processed (96.8%)
2026-04-09 18:53:11,420 - INFO - Processing 1642955 - 1610612764.0 for 2026 (391/403)
2026-04-09 18:53:11,421 - INFO - Fetching ON Regular Season WOWY stats for Team ID: 1610612764, Player ID: 1642955  2025-26
2026-04-09 18:53:27,277 - INFO - Fetched ON Regular Season WOWY stats for Team ID: 1610612764, Player ID: 1642955 across 2025-26
2026-04-09 18:53:29,280 - INFO - Fetching OFF Regular Season WOWY stats for Team ID: 1610612764, Player ID: 1642955  2025-26
2026-04-09 18:53:33,270 - INFO - Fetched OFF Regular Season WOWY stats for Team ID: 1610612764, Player ID: 1642955 across 2025-26
2026-04-09 18:53:38,100 - INFO - Saved data for player 1642955 to daily_data/2026/1642955.csv
2026-04-09 18:53:38,101 - INFO - Processing 1642959 - 1610612760.0 for 2026 (392/403)
2026-04-09 18:53:38,101 - INFO - Fetching ON Regular Season WOWY stats for Team ID: 1610612760, Player ID: 1642959  2025-26
2026-04-09 18:53:39,954 - INFO - Fetched ON Regular Season WOWY stats for Team ID: 1610612760, Player ID: 1642959 across 2025-26
2026-04-09 18:53:41,957 - INFO - Fetching OFF Regular Season WOWY stats for Team ID: 1610612760, Player ID: 1642959  2025-26
2026-04-09 18:53:44,664 - INFO - Fetched OFF Regular Season WOWY stats for Team ID: 1610612760, Player ID: 1642959 across 2025-26
2026-04-09 18:53:49,356 - INFO - Saved data for player 1642959 to daily_data/2026/1642959.csv
2026-04-09 18:53:49,357 - INFO - Processing 1642962 - 1610612751.0 for 2026 (393/403)
2026-04-09 18:53:49,357 - INFO - Fetching ON Regular Season WOWY stats for Team ID: 1610612751, Player ID: 1642962  2025-26
2026-04-09 18:53:51,014 - INFO - Fetched ON Regular Season WOWY stats for Team ID: 1610612751, Player ID: 1642962 across 2025-26
2026-04-09 18:53:53,017 - INFO - Fetching OFF Regular Season WOWY stats for Team ID: 1610612751, Player ID: 1642962  2025-26
2026-04-09 18:53:57,319 - WARNING - Request failed: 500 Server Error: Internal Server Error for url: https://api.pbpstats.com/get-wowy-stats/nba?0Exactly0OnFloor=1642962&TeamId=1610612751&Season=2025-26&SeasonType=Regular+Season&Type=Player. Retrying in 2.84 seconds (attempt 1/3)
2026-04-09 18:54:05,320 - INFO - Fetched OFF Regular Season WOWY stats for Team ID: 1610612751, Player ID: 1642962 across 2025-26
2026-04-09 18:54:10,031 - INFO - Saved data for player 1642962 to daily_data/2026/1642962.csv
2026-04-09 18:54:10,032 - INFO - Processing 1642964 - 1610612760.0 for 2026 (394/403)
2026-04-09 18:54:10,032 - INFO - Fetching ON Regular Season WOWY stats for Team ID: 1610612760, Player ID: 1642964  2025-26
2026-04-09 18:54:16,779 - INFO - Fetched ON Regular Season WOWY stats for Team ID: 1610612760, Player ID: 1642964 across 2025-26
2026-04-09 18:54:18,781 - INFO - Fetching OFF Regular Season WOWY stats for Team ID: 1610612760, Player ID: 1642964  2025-26
2026-04-09 18:54:44,426 - WARNING - Request failed: 500 Server Error: Internal Server Error for url: https://api.pbpstats.com/get-wowy-stats/nba?0Exactly0OnFloor=1642964&TeamId=1610612760&Season=2025-26&SeasonType=Regular+Season&Type=Player. Retrying in 2.35 seconds (attempt 1/3)
2026-04-09 18:54:50,252 - INFO - Fetched OFF Regular Season WOWY stats for Team ID: 1610612760, Player ID: 1642964 across 2025-26
2026-04-09 18:54:54,334 - INFO - Saved data for player 1642964 to daily_data/2026/1642964.csv
2026-04-09 18:54:54,335 - INFO - Processing 1642967 - 1610612742.0 for 2026 (395/403)
2026-04-09 18:54:54,335 - INFO - Fetching ON Regular Season WOWY stats for Team ID: 1610612742, Player ID: 1642967  2025-26
2026-04-09 18:54:55,840 - INFO - Fetched ON Regular Season WOWY stats for Team ID: 1610612742, Player ID: 1642967 across 2025-26
2026-04-09 18:54:57,842 - INFO - Fetching OFF Regular Season WOWY stats for Team ID: 1610612742, Player ID: 1642967  2025-26
2026-04-09 18:55:00,662 - INFO - Fetched OFF Regular Season WOWY stats for Team ID: 1610612742, Player ID: 1642967 across 2025-26
2026-04-09 18:55:04,890 - INFO - Saved data for player 1642967 to daily_data/2026/1642967.csv
2026-04-09 18:55:04,890 - INFO - Processing 1643007 - 1610612754.0 for 2026 (396/403)
2026-04-09 18:55:04,890 - INFO - Fetching ON Regular Season WOWY stats for Team ID: 1610612754, Player ID: 1643007  2025-26
2026-04-09 18:55:12,985 - INFO - Fetched ON Regular Season WOWY stats for Team ID: 1610612754, Player ID: 1643007 across 2025-26
2026-04-09 18:55:14,988 - INFO - Fetching OFF Regular Season WOWY stats for Team ID: 1610612754, Player ID: 1643007  2025-26
2026-04-09 18:55:39,619 - INFO - Fetched OFF Regular Season WOWY stats for Team ID: 1610612754, Player ID: 1643007 across 2025-26
2026-04-09 18:55:44,118 - INFO - Saved data for player 1643007 to daily_data/2026/1643007.csv
2026-04-09 18:55:44,119 - INFO - Processing 1643016 - 1610612762.0 for 2026 (397/403)
2026-04-09 18:55:44,119 - INFO - Fetching ON Regular Season WOWY stats for Team ID: 1610612762, Player ID: 1643016  2025-26
2026-04-09 18:55:45,371 - INFO - Fetched ON Regular Season WOWY stats for Team ID: 1610612762, Player ID: 1643016 across 2025-26
2026-04-09 18:55:47,373 - INFO - Fetching OFF Regular Season WOWY stats for Team ID: 1610612762, Player ID: 1643016  2025-26
2026-04-09 18:55:55,636 - WARNING - Request failed: 500 Server Error: Internal Server Error for url: https://api.pbpstats.com/get-wowy-stats/nba?0Exactly0OnFloor=1643016&TeamId=1610612762&Season=2025-26&SeasonType=Regular+Season&Type=Player. Retrying in 2.81 seconds (attempt 1/3)
2026-04-09 18:56:00,886 - INFO - Fetched OFF Regular Season WOWY stats for Team ID: 1610612762, Player ID: 1643016 across 2025-26
2026-04-09 18:56:05,003 - INFO - Saved data for player 1643016 to daily_data/2026/1643016.csv
2026-04-09 18:56:05,003 - INFO - Processing 1643018 - 1610612744.0 for 2026 (398/403)
2026-04-09 18:56:05,003 - INFO - Fetching ON Regular Season WOWY stats for Team ID: 1610612744, Player ID: 1643018  2025-26
2026-04-09 18:56:06,482 - INFO - Fetched ON Regular Season WOWY stats for Team ID: 1610612744, Player ID: 1643018 across 2025-26
2026-04-09 18:56:08,484 - INFO - Fetching OFF Regular Season WOWY stats for Team ID: 1610612744, Player ID: 1643018  2025-26
2026-04-09 18:56:10,864 - INFO - Fetched OFF Regular Season WOWY stats for Team ID: 1610612744, Player ID: 1643018 across 2025-26
2026-04-09 18:56:15,145 - INFO - Saved data for player 1643018 to daily_data/2026/1643018.csv
2026-04-09 18:56:15,146 - INFO - Processing 1643024 - 1610612747.0 for 2026 (399/403)
2026-04-09 18:56:15,146 - INFO - Fetching ON Regular Season WOWY stats for Team ID: 1610612747, Player ID: 1643024  2025-26
2026-04-09 18:56:16,147 - INFO - Fetched ON Regular Season WOWY stats for Team ID: 1610612747, Player ID: 1643024 across 2025-26
2026-04-09 18:56:18,149 - INFO - Fetching OFF Regular Season WOWY stats for Team ID: 1610612747, Player ID: 1643024  2025-26
2026-04-09 18:56:45,849 - INFO - Fetched OFF Regular Season WOWY stats for Team ID: 1610612747, Player ID: 1643024 across 2025-26
2026-04-09 18:56:50,349 - INFO - Saved data for player 1643024 to daily_data/2026/1643024.csv
2026-04-09 18:56:50,350 - INFO - Processing 1643047 - 1610612756.0 for 2026 (400/403)
2026-04-09 18:56:50,350 - INFO - Fetching ON Regular Season WOWY stats for Team ID: 1610612756, Player ID: 1643047  2025-26
2026-04-09 18:56:50,998 - INFO - Fetched ON Regular Season WOWY stats for Team ID: 1610612756, Player ID: 1643047 across 2025-26
2026-04-09 18:56:53,000 - INFO - Fetching OFF Regular Season WOWY stats for Team ID: 1610612756, Player ID: 1643047  2025-26
2026-04-09 18:56:55,262 - INFO - Fetched OFF Regular Season WOWY stats for Team ID: 1610612756, Player ID: 1643047 across 2025-26
2026-04-09 18:56:59,420 - INFO - Saved data for player 1643047 to daily_data/2026/1643047.csv
2026-04-09 18:56:59,420 - INFO - Progress: 400/403 players processed (99.3%)
2026-04-09 18:56:59,420 - INFO - Processing 1643052 - 1610612751.0 for 2026 (401/403)
2026-04-09 18:56:59,420 - INFO - Fetching ON Regular Season WOWY stats for Team ID: 1610612751, Player ID: 1643052  2025-26
2026-04-09 18:57:27,674 - WARNING - Request failed: 500 Server Error: Internal Server Error for url: https://api.pbpstats.com/get-wowy-stats/nba?0Exactly1OnFloor=1643052&TeamId=1610612751&Season=2025-26&SeasonType=Regular+Season&Type=Player. Retrying in 2.04 seconds (attempt 1/3)
2026-04-09 18:57:30,815 - INFO - Fetched ON Regular Season WOWY stats for Team ID: 1610612751, Player ID: 1643052 across 2025-26
2026-04-09 18:57:32,817 - INFO - Fetching OFF Regular Season WOWY stats for Team ID: 1610612751, Player ID: 1643052  2025-26
2026-04-09 18:57:36,419 - INFO - Fetched OFF Regular Season WOWY stats for Team ID: 1610612751, Player ID: 1643052 across 2025-26
2026-04-09 18:57:41,205 - INFO - Saved data for player 1643052 to daily_data/2026/1643052.csv
2026-04-09 18:57:41,206 - INFO - Processing 1643141 - 1610612746.0 for 2026 (402/403)
2026-04-09 18:57:41,206 - INFO - Fetching ON Regular Season WOWY stats for Team ID: 1610612746, Player ID: 1643141  2025-26
2026-04-09 18:57:42,076 - INFO - Fetched ON Regular Season WOWY stats for Team ID: 1610612746, Player ID: 1643141 across 2025-26
2026-04-09 18:57:44,078 - INFO - Fetching OFF Regular Season WOWY stats for Team ID: 1610612746, Player ID: 1643141  2025-26
2026-04-09 18:57:46,363 - INFO - Fetched OFF Regular Season WOWY stats for Team ID: 1610612746, Player ID: 1643141 across 2025-26
2026-04-09 18:57:50,769 - INFO - Saved data for player 1643141 to daily_data/2026/1643141.csv
2026-04-09 18:57:50,770 - INFO - Processing 1643158 - 1610612762.0 for 2026 (403/403)
2026-04-09 18:57:50,770 - INFO - Fetching ON Regular Season WOWY stats for Team ID: 1610612762, Player ID: 1643158  2025-26
2026-04-09 18:57:51,768 - INFO - Fetched ON Regular Season WOWY stats for Team ID: 1610612762, Player ID: 1643158 across 2025-26
2026-04-09 18:57:53,770 - INFO - Fetching OFF Regular Season WOWY stats for Team ID: 1610612762, Player ID: 1643158  2025-26
2026-04-09 18:58:09,565 - INFO - Fetched OFF Regular Season WOWY stats for Team ID: 1610612762, Player ID: 1643158 across 2025-26
2026-04-09 18:58:13,897 - INFO - Saved data for player 1643158 to daily_data/2026/1643158.csv
2026-04-09 18:58:13,897 - INFO - Successfully processed 403/403 players. Copying files to main folder...
2026-04-09 18:58:13,898 - INFO - Copied 1641869.csv to main data folder
2026-04-09 18:58:13,898 - INFO - Copied 1641774.csv to main data folder
2026-04-09 18:58:13,898 - INFO - Copied 203552.csv to main data folder
2026-04-09 18:58:13,899 - INFO - Copied 1642346.csv to main data folder
2026-04-09 18:58:13,899 - INFO - Copied 1631116.csv to main data folder
2026-04-09 18:58:13,899 - INFO - Copied 1642851.csv to main data folder
2026-04-09 18:58:13,900 - INFO - Copied 1629004.csv to main data folder
2026-04-09 18:58:13,900 - INFO - Copied 1630533.csv to main data folder
2026-04-09 18:58:13,900 - INFO - Copied 1630639.csv to main data folder
2026-04-09 18:58:13,901 - INFO - Copied 1630202.csv to main data folder
2026-04-09 18:58:13,901 - INFO - Copied 1629023.csv to main data folder
2026-04-09 18:58:13,901 - INFO - Copied 1630560.csv to main data folder
2026-04-09 18:58:13,902 - INFO - Copied 1629018.csv to main data folder
2026-04-09 18:58:13,902 - INFO - Copied 1631172.csv to main data folder
2026-04-09 18:58:13,902 - INFO - Copied 1631132.csv to main data folder
2026-04-09 18:58:13,903 - INFO - Copied 1642959.csv to main data folder
2026-04-09 18:58:13,903 - INFO - Copied 1629614.csv to main data folder
2026-04-09 18:58:13,903 - INFO - Copied 1628978.csv to main data folder
2026-04-09 18:58:13,904 - INFO - Copied 1642879.csv to main data folder
2026-04-09 18:58:13,904 - INFO - Copied 201144.csv to main data folder
2026-04-09 18:58:13,904 - INFO - Copied 1631255.csv to main data folder
2026-04-09 18:58:13,905 - INFO - Copied 203648.csv to main data folder
2026-04-09 18:58:13,905 - INFO - Copied 1630536.csv to main data folder
2026-04-09 18:58:13,905 - INFO - Copied 1630245.csv to main data folder
2026-04-09 18:58:13,906 - INFO - Copied 1631248.csv to main data folder
2026-04-09 18:58:13,906 - INFO - Copied 1630214.csv to main data folder
2026-04-09 18:58:13,906 - INFO - Copied 1641801.csv to main data folder
2026-04-09 18:58:13,907 - INFO - Copied 1642363.csv to main data folder
2026-04-09 18:58:13,907 - INFO - Copied 1631102.csv to main data folder
2026-04-09 18:58:13,907 - INFO - Copied 1630534.csv to main data folder
2026-04-09 18:58:13,908 - INFO - Copied 1630558.csv to main data folder
2026-04-09 18:58:13,908 - INFO - Copied 1642262.csv to main data folder
2026-04-09 18:58:13,908 - INFO - Copied 1642875.csv to main data folder
2026-04-09 18:58:13,909 - INFO - Copied 1642268.csv to main data folder
2026-04-09 18:58:13,909 - INFO - Copied 1643141.csv to main data folder
2026-04-09 18:58:13,909 - INFO - Copied 201939.csv to main data folder
2026-04-09 18:58:13,910 - INFO - Copied 1630171.csv to main data folder
2026-04-09 18:58:13,910 - INFO - Copied 1642860.csv to main data folder
2026-04-09 18:58:13,910 - INFO - Copied 1641790.csv to main data folder
2026-04-09 18:58:13,911 - INFO - Copied 1642863.csv to main data folder
2026-04-09 18:58:13,911 - INFO - Copied 203939.csv to main data folder
2026-04-09 18:58:13,911 - INFO - Copied 1642856.csv to main data folder
2026-04-09 18:58:13,912 - INFO - Copied 1643047.csv to main data folder
2026-04-09 18:58:13,912 - INFO - Copied 1630598.csv to main data folder
2026-04-09 18:58:13,912 - INFO - Copied 1642880.csv to main data folder
2026-04-09 18:58:13,913 - INFO - Copied 1627746.csv to main data folder
2026-04-09 18:58:13,913 - INFO - Copied 1630541.csv to main data folder
2026-04-09 18:58:13,913 - INFO - Copied 1630182.csv to main data folder
2026-04-09 18:58:13,914 - INFO - Copied 1631095.csv to main data folder
2026-04-09 18:58:13,914 - INFO - Copied 1628398.csv to main data folder
2026-04-09 18:58:13,914 - INFO - Copied 1629028.csv to main data folder
2026-04-09 18:58:13,915 - INFO - Copied 1629014.csv to main data folder
2026-04-09 18:58:13,915 - INFO - Copied 1627739.csv to main data folder
2026-04-09 18:58:13,915 - INFO - Copied 1641890.csv to main data folder
2026-04-09 18:58:13,916 - INFO - Copied 1641764.csv to main data folder
2026-04-09 18:58:13,916 - INFO - Copied 1642849.csv to main data folder
2026-04-09 18:58:13,916 - INFO - Copied 1641815.csv to main data folder
2026-04-09 18:58:13,917 - INFO - Copied 1642862.csv to main data folder
2026-04-09 18:58:13,917 - INFO - Copied 1642962.csv to main data folder
2026-04-09 18:58:13,917 - INFO - Copied 1642280.csv to main data folder
2026-04-09 18:58:13,918 - INFO - Copied 1631123.csv to main data folder
2026-04-09 18:58:13,918 - INFO - Copied 1630193.csv to main data folder
2026-04-09 18:58:13,918 - INFO - Copied 1626167.csv to main data folder
2026-04-09 18:58:13,919 - INFO - Copied 1629216.csv to main data folder
2026-04-09 18:58:13,919 - INFO - Copied 1641824.csv to main data folder
2026-04-09 18:58:13,919 - INFO - Copied 1643007.csv to main data folder
2026-04-09 18:58:13,920 - INFO - Copied 1642911.csv to main data folder
2026-04-09 18:58:13,920 - INFO - Copied 1629008.csv to main data folder
2026-04-09 18:58:13,920 - INFO - Copied 1628502.csv to main data folder
2026-04-09 18:58:13,921 - INFO - Copied 1630643.csv to main data folder
2026-04-09 18:58:13,921 - INFO - Copied 201587.csv to main data folder
2026-04-09 18:58:13,921 - INFO - Copied 1628960.csv to main data folder
2026-04-09 18:58:13,922 - INFO - Copied 1642954.csv to main data folder
2026-04-09 18:58:13,922 - INFO - Copied 1641716.csv to main data folder
2026-04-09 18:58:13,922 - INFO - Copied 1631169.csv to main data folder
2026-04-09 18:58:13,923 - INFO - Copied 1628467.csv to main data folder
2026-04-09 18:58:13,923 - INFO - Copied 1641715.csv to main data folder
2026-04-09 18:58:13,923 - INFO - Copied 204060.csv to main data folder
2026-04-09 18:58:13,924 - INFO - Copied 1642874.csv to main data folder
2026-04-09 18:58:13,924 - INFO - Copied 1642364.csv to main data folder
2026-04-09 18:58:13,924 - INFO - Copied 1642484.csv to main data folder
2026-04-09 18:58:13,925 - INFO - Copied 1626192.csv to main data folder
2026-04-09 18:58:13,925 - INFO - Copied 1631114.csv to main data folder
2026-04-09 18:58:13,925 - INFO - Copied 202066.csv to main data folder
2026-04-09 18:58:13,925 - INFO - Copied 203468.csv to main data folder
2026-04-09 18:58:13,926 - INFO - Copied 1630164.csv to main data folder
2026-04-09 18:58:13,926 - INFO - Copied 1630549.csv to main data folder
2026-04-09 18:58:13,926 - INFO - Copied 1642882.csv to main data folder
2026-04-09 18:58:13,927 - INFO - Copied 1629312.csv to main data folder
2026-04-09 18:58:13,927 - INFO - Copied 1630544.csv to main data folder
2026-04-09 18:58:13,927 - INFO - Copied 1631222.csv to main data folder
2026-04-09 18:58:13,927 - INFO - Copied 1642948.csv to main data folder
2026-04-09 18:58:13,928 - INFO - Copied 1628365.csv to main data folder
2026-04-09 18:58:13,928 - INFO - Copied 1627741.csv to main data folder
2026-04-09 18:58:13,928 - INFO - Copied 203994.csv to main data folder
2026-04-09 18:58:13,929 - INFO - Copied 1631466.csv to main data folder
2026-04-09 18:58:13,929 - INFO - Copied 1630188.csv to main data folder
2026-04-09 18:58:13,929 - INFO - Copied 1631109.csv to main data folder
2026-04-09 18:58:13,930 - INFO - Copied 1642419.csv to main data folder
2026-04-09 18:58:13,930 - INFO - Copied 1641807.csv to main data folder
2026-04-09 18:58:13,930 - INFO - Copied 1630543.csv to main data folder
2026-04-09 18:58:13,930 - INFO - Copied 1630209.csv to main data folder
2026-04-09 18:58:13,931 - INFO - Copied 1630162.csv to main data folder
2026-04-09 18:58:13,931 - INFO - Copied 1642935.csv to main data folder
2026-04-09 18:58:13,931 - INFO - Copied 1642853.csv to main data folder
2026-04-09 18:58:13,932 - INFO - Copied 1628374.csv to main data folder
2026-04-09 18:58:13,932 - INFO - Copied 1630224.csv to main data folder
2026-04-09 18:58:13,932 - INFO - Copied 1642272.csv to main data folder
2026-04-09 18:58:13,932 - INFO - Copied 1642347.csv to main data folder
2026-04-09 18:58:13,933 - INFO - Copied 203897.csv to main data folder
2026-04-09 18:58:13,933 - INFO - Copied 1628988.csv to main data folder
2026-04-09 18:58:13,933 - INFO - Copied 1628379.csv to main data folder
2026-04-09 18:58:13,934 - INFO - Copied 1642530.csv to main data folder
2026-04-09 18:58:13,934 - INFO - Copied 1628420.csv to main data folder
2026-04-09 18:58:13,934 - INFO - Copied 202696.csv to main data folder
2026-04-09 18:58:13,935 - INFO - Copied 1630579.csv to main data folder
2026-04-09 18:58:13,935 - INFO - Copied 1631205.csv to main data folder
2026-04-09 18:58:13,935 - INFO - Copied 1627936.csv to main data folder
2026-04-09 18:58:13,935 - INFO - Copied 202695.csv to main data folder
2026-04-09 18:58:13,936 - INFO - Copied 1630208.csv to main data folder
2026-04-09 18:58:13,936 - INFO - Copied 1642066.csv to main data folder
2026-04-09 18:58:13,936 - INFO - Copied 1642273.csv to main data folder
2026-04-09 18:58:13,937 - INFO - Copied 1642949.csv to main data folder
2026-04-09 18:58:13,937 - INFO - Copied 2544.csv to main data folder
2026-04-09 18:58:13,937 - INFO - Copied 203991.csv to main data folder
2026-04-09 18:58:13,938 - INFO - Copied 1630587.csv to main data folder
2026-04-09 18:58:13,938 - INFO - Copied 203952.csv to main data folder
2026-04-09 18:58:13,938 - INFO - Copied 1626156.csv to main data folder
2026-04-09 18:58:13,938 - INFO - Copied 1630621.csv to main data folder
2026-04-09 18:58:13,939 - INFO - Copied 1642367.csv to main data folder
2026-04-09 18:58:13,939 - INFO - Copied 201942.csv to main data folder
2026-04-09 18:58:13,939 - INFO - Copied 1628964.csv to main data folder
2026-04-09 18:58:13,940 - INFO - Copied 201142.csv to main data folder
2026-04-09 18:58:13,940 - INFO - Copied 1641796.csv to main data folder
2026-04-09 18:58:13,940 - INFO - Copied 1627783.csv to main data folder
2026-04-09 18:58:13,940 - INFO - Copied 1641725.csv to main data folder
2026-04-09 18:58:13,941 - INFO - Copied 1628401.csv to main data folder
2026-04-09 18:58:13,941 - INFO - Copied 1642852.csv to main data folder
2026-04-09 18:58:13,941 - INFO - Copied 1629651.csv to main data folder
2026-04-09 18:58:13,942 - INFO - Copied 1641813.csv to main data folder
2026-04-09 18:58:13,942 - INFO - Copied 1626181.csv to main data folder
2026-04-09 18:58:13,942 - INFO - Copied 1626172.csv to main data folder
2026-04-09 18:58:13,942 - INFO - Copied 1628449.csv to main data folder
2026-04-09 18:58:13,943 - INFO - Copied 1631199.csv to main data folder
2026-04-09 18:58:13,943 - INFO - Copied 201935.csv to main data folder
2026-04-09 18:58:13,943 - INFO - Copied 1626220.csv to main data folder
2026-04-09 18:58:13,943 - INFO - Copied 1642396.csv to main data folder
2026-04-09 18:58:13,944 - INFO - Copied 1642402.csv to main data folder
2026-04-09 18:58:13,944 - INFO - Copied 1642964.csv to main data folder
2026-04-09 18:58:13,944 - INFO - Copied 1642918.csv to main data folder
2026-04-09 18:58:13,944 - INFO - Copied 1627752.csv to main data folder
2026-04-09 18:58:13,945 - INFO - Copied 1629060.csv to main data folder
2026-04-09 18:58:13,945 - INFO - Copied 1642846.csv to main data folder
2026-04-09 18:58:13,945 - INFO - Copied 1630611.csv to main data folder
2026-04-09 18:58:13,946 - INFO - Copied 1642263.csv to main data folder
2026-04-09 18:58:13,946 - INFO - Copied 1642877.csv to main data folder
2026-04-09 18:58:13,946 - INFO - Copied 1627884.csv to main data folder
2026-04-09 18:58:13,947 - INFO - Copied 203114.csv to main data folder
2026-04-09 18:58:13,947 - INFO - Copied 203944.csv to main data folder
2026-04-09 18:58:13,947 - INFO - Copied 1642259.csv to main data folder
2026-04-09 18:58:13,947 - INFO - Copied 201572.csv to main data folder
2026-04-09 18:58:13,948 - INFO - Copied 1630286.csv to main data folder
2026-04-09 18:58:13,948 - INFO - Copied 1642873.csv to main data folder
2026-04-09 18:58:13,948 - INFO - Copied 1630573.csv to main data folder
2026-04-09 18:58:13,949 - INFO - Copied 1629012.csv to main data folder
2026-04-09 18:58:13,949 - INFO - Copied 1628989.csv to main data folder
2026-04-09 18:58:13,949 - INFO - Copied 203992.csv to main data folder
2026-04-09 18:58:13,950 - INFO - Copied 202691.csv to main data folder
2026-04-09 18:58:13,950 - INFO - Copied 1642876.csv to main data folder
2026-04-09 18:58:13,950 - INFO - Copied 1631093.csv to main data folder
2026-04-09 18:58:13,950 - INFO - Copied 1629652.csv to main data folder
2026-04-09 18:58:13,951 - INFO - Copied 1631099.csv to main data folder
2026-04-09 18:58:13,951 - INFO - Copied 1630538.csv to main data folder
2026-04-09 18:58:13,951 - INFO - Copied 1630695.csv to main data folder
2026-04-09 18:58:13,952 - INFO - Copied 1629637.csv to main data folder
2026-04-09 18:58:13,952 - INFO - Copied 1642274.csv to main data folder
2026-04-09 18:58:13,952 - INFO - Copied 203471.csv to main data folder
2026-04-09 18:58:13,953 - INFO - Copied 1627826.csv to main data folder
2026-04-09 18:58:13,953 - INFO - Copied 1631165.csv to main data folder
2026-04-09 18:58:13,953 - INFO - Copied 1631097.csv to main data folder
2026-04-09 18:58:13,953 - INFO - Copied 1642276.csv to main data folder
2026-04-09 18:58:13,954 - INFO - Copied 101108.csv to main data folder
2026-04-09 18:58:13,954 - INFO - Copied 1631166.csv to main data folder
2026-04-09 18:58:13,954 - INFO - Copied 1642867.csv to main data folder
2026-04-09 18:58:13,955 - INFO - Copied 1629684.csv to main data folder
2026-04-09 18:58:13,955 - INFO - Copied 1626164.csv to main data folder
2026-04-09 18:58:13,955 - INFO - Copied 1630572.csv to main data folder
2026-04-09 18:58:13,955 - INFO - Copied 1641748.csv to main data folder
2026-04-09 18:58:13,956 - INFO - Copied 1630828.csv to main data folder
2026-04-09 18:58:13,956 - INFO - Copied 1629599.csv to main data folder
2026-04-09 18:58:13,956 - INFO - Copied 1628997.csv to main data folder
2026-04-09 18:58:13,957 - INFO - Copied 1628370.csv to main data folder
2026-04-09 18:58:13,957 - INFO - Copied 203914.csv to main data folder
2026-04-09 18:58:13,957 - INFO - Copied 202710.csv to main data folder
2026-04-09 18:58:13,958 - INFO - Copied 1642260.csv to main data folder
2026-04-09 18:58:13,958 - INFO - Copied 1641738.csv to main data folder
2026-04-09 18:58:13,958 - INFO - Copied 1631119.csv to main data folder
2026-04-09 18:58:13,958 - INFO - Copied 1642883.csv to main data folder
2026-04-09 18:58:13,959 - INFO - Copied 1629674.csv to main data folder
2026-04-09 18:58:13,959 - INFO - Copied 1643024.csv to main data folder
2026-04-09 18:58:13,959 - INFO - Copied 1641723.csv to main data folder
2026-04-09 18:58:13,960 - INFO - Copied 1641722.csv to main data folder
2026-04-09 18:58:13,960 - INFO - Copied 1630174.csv to main data folder
2026-04-09 18:58:13,960 - INFO - Copied 201599.csv to main data folder
2026-04-09 18:58:13,960 - INFO - Copied 204001.csv to main data folder
2026-04-09 18:58:13,961 - INFO - Copied 1629631.csv to main data folder
2026-04-09 18:58:13,961 - INFO - Copied 1629027.csv to main data folder
2026-04-09 18:58:13,961 - INFO - Copied 1630644.csv to main data folder
2026-04-09 18:58:13,962 - INFO - Copied 1641771.csv to main data folder
2026-04-09 18:58:13,962 - INFO - Copied 1630578.csv to main data folder
2026-04-09 18:58:13,962 - INFO - Copied 1641775.csv to main data folder
2026-04-09 18:58:13,963 - INFO - Copied 1642403.csv to main data folder
2026-04-09 18:58:13,963 - INFO - Copied 203935.csv to main data folder
2026-04-09 18:58:13,963 - INFO - Copied 1630692.csv to main data folder
2026-04-09 18:58:13,964 - INFO - Copied 1642917.csv to main data folder
2026-04-09 18:58:13,964 - INFO - Copied 1629673.csv to main data folder
2026-04-09 18:58:13,964 - INFO - Copied 1627827.csv to main data folder
2026-04-09 18:58:13,964 - INFO - Copied 1627734.csv to main data folder
2026-04-09 18:58:13,965 - INFO - Copied 1631246.csv to main data folder
2026-04-09 18:58:13,965 - INFO - Copied 1642967.csv to main data folder
2026-04-09 18:58:13,965 - INFO - Copied 1630702.csv to main data folder
2026-04-09 18:58:13,966 - INFO - Copied 1641731.csv to main data folder
2026-04-09 18:58:13,966 - INFO - Copied 1642955.csv to main data folder
2026-04-09 18:58:13,966 - INFO - Copied 1642502.csv to main data folder
2026-04-09 18:58:13,967 - INFO - Copied 1642389.csv to main data folder
2026-04-09 18:58:13,967 - INFO - Copied 1643052.csv to main data folder
2026-04-09 18:58:13,967 - INFO - Copied 1629636.csv to main data folder
2026-04-09 18:58:13,968 - INFO - Copied 1642266.csv to main data folder
2026-04-09 18:58:13,968 - INFO - Copied 1641809.csv to main data folder
2026-04-09 18:58:13,968 - INFO - Copied 203078.csv to main data folder
2026-04-09 18:58:13,968 - INFO - Copied 1642920.csv to main data folder
2026-04-09 18:58:13,969 - INFO - Copied 1630198.csv to main data folder
2026-04-09 18:58:13,969 - INFO - Copied 1626145.csv to main data folder
2026-04-09 18:58:13,969 - INFO - Copied 203110.csv to main data folder
2026-04-09 18:58:13,970 - INFO - Copied 203076.csv to main data folder
2026-04-09 18:58:13,970 - INFO - Copied 1629234.csv to main data folder
2026-04-09 18:58:13,970 - INFO - Copied 1630679.csv to main data folder
2026-04-09 18:58:13,971 - INFO - Copied 1641778.csv to main data folder
2026-04-09 18:58:13,971 - INFO - Copied 1642382.csv to main data folder
2026-04-09 18:58:13,971 - INFO - Copied 1628998.csv to main data folder
2026-04-09 18:58:13,971 - INFO - Copied 1630545.csv to main data folder
2026-04-09 18:58:13,972 - INFO - Copied 1630183.csv to main data folder
2026-04-09 18:58:13,972 - INFO - Copied 1631342.csv to main data folder
2026-04-09 18:58:13,972 - INFO - Copied 1630551.csv to main data folder
2026-04-09 18:58:13,973 - INFO - Copied 1631218.csv to main data folder
2026-04-09 18:58:13,973 - INFO - Copied 1629639.csv to main data folder
2026-04-09 18:58:13,973 - INFO - Copied 1629675.csv to main data folder
2026-04-09 18:58:13,974 - INFO - Copied 1629645.csv to main data folder
2026-04-09 18:58:13,974 - INFO - Copied 1630230.csv to main data folder
2026-04-09 18:58:13,974 - INFO - Copied 1628381.csv to main data folder
2026-04-09 18:58:13,974 - INFO - Copied 1628975.csv to main data folder
2026-04-09 18:58:13,975 - INFO - Copied 1643158.csv to main data folder
2026-04-09 18:58:13,975 - INFO - Copied 1642383.csv to main data folder
2026-04-09 18:58:13,975 - INFO - Copied 1642355.csv to main data folder
2026-04-09 18:58:13,976 - INFO - Copied 1630696.csv to main data folder
2026-04-09 18:58:13,976 - INFO - Copied 1631106.csv to main data folder
2026-04-09 18:58:13,976 - INFO - Copied 203926.csv to main data folder
2026-04-09 18:58:13,977 - INFO - Copied 1631117.csv to main data folder
2026-04-09 18:58:13,977 - INFO - Copied 1630228.csv to main data folder
2026-04-09 18:58:13,977 - INFO - Copied 1630526.csv to main data folder
2026-04-09 18:58:13,978 - INFO - Copied 1642358.csv to main data folder
2026-04-09 18:58:13,978 - INFO - Copied 1641718.csv to main data folder
2026-04-09 18:58:13,978 - INFO - Copied 1641711.csv to main data folder
2026-04-09 18:58:13,978 - INFO - Copied 1629029.csv to main data folder
2026-04-09 18:58:13,979 - INFO - Copied 1642886.csv to main data folder
2026-04-09 18:58:13,979 - INFO - Copied 1631217.csv to main data folder
2026-04-09 18:58:13,979 - INFO - Copied 1641708.csv to main data folder
2026-04-09 18:58:13,980 - INFO - Copied 201145.csv to main data folder
2026-04-09 18:58:13,980 - INFO - Copied 1642490.csv to main data folder
2026-04-09 18:58:13,980 - INFO - Copied 1631211.csv to main data folder
2026-04-09 18:58:13,980 - INFO - Copied 1626171.csv to main data folder
2026-04-09 18:58:13,981 - INFO - Copied 1627751.csv to main data folder
2026-04-09 18:58:13,981 - INFO - Copied 1642354.csv to main data folder
2026-04-09 18:58:13,981 - INFO - Copied 1642352.csv to main data folder
2026-04-09 18:58:13,982 - INFO - Copied 1631103.csv to main data folder
2026-04-09 18:58:13,982 - INFO - Copied 1629001.csv to main data folder
2026-04-09 18:58:13,982 - INFO - Copied 1642362.csv to main data folder
2026-04-09 18:58:13,983 - INFO - Copied 1629020.csv to main data folder
2026-04-09 18:58:13,983 - INFO - Copied 1641730.csv to main data folder
2026-04-09 18:58:13,983 - INFO - Copied 1643016.csv to main data folder
2026-04-09 18:58:13,983 - INFO - Copied 1631121.csv to main data folder
2026-04-09 18:58:13,984 - INFO - Copied 1631213.csv to main data folder
2026-04-09 18:58:13,984 - INFO - Copied 1630604.csv to main data folder
2026-04-09 18:58:13,984 - INFO - Copied 1641763.csv to main data folder
2026-04-09 18:58:13,985 - INFO - Copied 1629006.csv to main data folder
2026-04-09 18:58:13,985 - INFO - Copied 1630264.csv to main data folder
2026-04-09 18:58:13,985 - INFO - Copied 1631159.csv to main data folder
2026-04-09 18:58:13,986 - INFO - Copied 1630529.csv to main data folder
2026-04-09 18:58:13,986 - INFO - Copied 1641740.csv to main data folder
2026-04-09 18:58:13,986 - INFO - Copied 1642855.csv to main data folder
2026-04-09 18:58:13,986 - INFO - Copied 1631107.csv to main data folder
2026-04-09 18:58:13,987 - INFO - Copied 1631221.csv to main data folder
2026-04-09 18:58:13,987 - INFO - Copied 1642847.csv to main data folder
2026-04-09 18:58:13,987 - INFO - Copied 1631245.csv to main data folder
2026-04-09 18:58:13,988 - INFO - Copied 1642864.csv to main data folder
2026-04-09 18:58:13,988 - INFO - Copied 1631096.csv to main data folder
2026-04-09 18:58:13,988 - INFO - Copied 1642345.csv to main data folder
2026-04-09 18:58:13,989 - INFO - Copied 1631108.csv to main data folder
2026-04-09 18:58:13,989 - INFO - Copied 1642504.csv to main data folder
2026-04-09 18:58:13,989 - INFO - Copied 203500.csv to main data folder
2026-04-09 18:58:13,989 - INFO - Copied 1642843.csv to main data folder
2026-04-09 18:58:13,990 - INFO - Copied 1627742.csv to main data folder
2026-04-09 18:58:13,990 - INFO - Copied 1630619.csv to main data folder
2026-04-09 18:58:13,990 - INFO - Copied 1642884.csv to main data folder
2026-04-09 18:58:13,991 - INFO - Copied 1630314.csv to main data folder
2026-04-09 18:58:13,991 - INFO - Copied 1631214.csv to main data folder
2026-04-09 18:58:13,991 - INFO - Copied 1630557.csv to main data folder
2026-04-09 18:58:13,991 - INFO - Copied 1629628.csv to main data folder
2026-04-09 18:58:13,992 - INFO - Copied 1630311.csv to main data folder
2026-04-09 18:58:13,992 - INFO - Copied 203937.csv to main data folder
2026-04-09 18:58:13,992 - INFO - Copied 1630163.csv to main data folder
2026-04-09 18:58:13,993 - INFO - Copied 1641757.csv to main data folder
2026-04-09 18:58:13,993 - INFO - Copied 1642866.csv to main data folder
2026-04-09 18:58:13,993 - INFO - Copied 1630530.csv to main data folder
2026-04-09 18:58:13,994 - INFO - Copied 1631207.csv to main data folder
2026-04-09 18:58:13,994 - INFO - Copied 1630200.csv to main data folder
2026-04-09 18:58:13,994 - INFO - Copied 1630631.csv to main data folder
2026-04-09 18:58:13,994 - INFO - Copied 1641767.csv to main data folder
2026-04-09 18:58:13,995 - INFO - Copied 1630167.csv to main data folder
2026-04-09 18:58:13,995 - INFO - Copied 1628369.csv to main data folder
2026-04-09 18:58:13,995 - INFO - Copied 1641750.csv to main data folder
2026-04-09 18:58:13,996 - INFO - Copied 1642349.csv to main data folder
2026-04-09 18:58:13,996 - INFO - Copied 1629026.csv to main data folder
2026-04-09 18:58:13,996 - INFO - Copied 1642271.csv to main data folder
2026-04-09 18:58:13,997 - INFO - Copied 1641761.csv to main data folder
2026-04-09 18:58:13,997 - INFO - Copied 1628380.csv to main data folder
2026-04-09 18:58:13,997 - INFO - Copied 1642939.csv to main data folder
2026-04-09 18:58:13,997 - INFO - Copied 1630180.csv to main data folder
2026-04-09 18:58:13,998 - INFO - Copied 204456.csv to main data folder
2026-04-09 18:58:13,998 - INFO - Copied 1642443.csv to main data folder
2026-04-09 18:58:13,998 - INFO - Copied 1631260.csv to main data folder
2026-04-09 18:58:13,999 - INFO - Copied 1642848.csv to main data folder
2026-04-09 18:58:13,999 - INFO - Copied 1629632.csv to main data folder
2026-04-09 18:58:13,999 - INFO - Copied 1631120.csv to main data folder
2026-04-09 18:58:13,999 - INFO - Copied 1628389.csv to main data folder
2026-04-09 18:58:14,000 - INFO - Copied 1642933.csv to main data folder
2026-04-09 18:58:14,000 - INFO - Copied 1631113.csv to main data folder
2026-04-09 18:58:14,000 - INFO - Copied 1641733.csv to main data folder
2026-04-09 18:58:14,001 - INFO - Copied 1628415.csv to main data folder
2026-04-09 18:58:14,001 - INFO - Copied 1641707.csv to main data folder
2026-04-09 18:58:14,001 - INFO - Copied 1641810.csv to main data folder
2026-04-09 18:58:14,001 - INFO - Copied 1630568.csv to main data folder
2026-04-09 18:58:14,002 - INFO - Copied 1642277.csv to main data folder
2026-04-09 18:58:14,002 - INFO - Copied 1630581.csv to main data folder
2026-04-09 18:58:14,002 - INFO - Copied 1628983.csv to main data folder
2026-04-09 18:58:14,003 - INFO - Copied 1642265.csv to main data folder
2026-04-09 18:58:14,003 - INFO - Copied 1642267.csv to main data folder
2026-04-09 18:58:14,003 - INFO - Copied 1631250.csv to main data folder
2026-04-09 18:58:14,004 - INFO - Copied 203507.csv to main data folder
2026-04-09 18:58:14,004 - INFO - Copied 1642910.csv to main data folder
2026-04-09 18:58:14,004 - INFO - Copied 1641706.csv to main data folder
2026-04-09 18:58:14,004 - INFO - Copied 1630559.csv to main data folder
2026-04-09 18:58:14,005 - INFO - Copied 1631131.csv to main data folder
2026-04-09 18:58:14,005 - INFO - Copied 1630165.csv to main data folder
2026-04-09 18:58:14,005 - INFO - Copied 1642857.csv to main data folder
2026-04-09 18:58:14,006 - INFO - Copied 1629610.csv to main data folder
2026-04-09 18:58:14,006 - INFO - Copied 1627759.csv to main data folder
2026-04-09 18:58:14,006 - INFO - Copied 1643018.csv to main data folder
2026-04-09 18:58:14,006 - INFO - Copied 1627780.csv to main data folder
2026-04-09 18:58:14,007 - INFO - Copied 1630592.csv to main data folder
2026-04-09 18:58:14,007 - INFO - Copied 1641989.csv to main data folder
2026-04-09 18:58:14,007 - INFO - Copied 1642269.csv to main data folder
2026-04-09 18:58:14,008 - INFO - Copied 1631157.csv to main data folder
2026-04-09 18:58:14,008 - INFO - Copied 201143.csv to main data folder
2026-04-09 18:58:14,008 - INFO - Copied 1631323.csv to main data folder
2026-04-09 18:58:14,009 - INFO - Copied 1630548.csv to main data folder
2026-04-09 18:58:14,009 - INFO - Copied 1641717.csv to main data folder
2026-04-09 18:58:14,009 - INFO - Copied 1628963.csv to main data folder
2026-04-09 18:58:14,010 - INFO - Copied 1642261.csv to main data folder
2026-04-09 18:58:14,010 - INFO - Copied 1630625.csv to main data folder
2026-04-09 18:58:14,010 - INFO - Copied 1630256.csv to main data folder
2026-04-09 18:58:14,010 - INFO - Copied 201566.csv to main data folder
2026-04-09 18:58:14,011 - INFO - Copied 203967.csv to main data folder
2026-04-09 18:58:14,011 - INFO - Copied 1627749.csv to main data folder
2026-04-09 18:58:14,011 - INFO - Copied 1629723.csv to main data folder
2026-04-09 18:58:14,012 - INFO - Copied 1642928.csv to main data folder
2026-04-09 18:58:14,012 - INFO - Copied 1628970.csv to main data folder
2026-04-09 18:58:14,012 - INFO - Copied 1630173.csv to main data folder
2026-04-09 18:58:14,013 - INFO - Copied 1628396.csv to main data folder
2026-04-09 18:58:14,013 - INFO - Copied 1627824.csv to main data folder
2026-04-09 18:58:14,013 - INFO - Copied 1629726.csv to main data folder
2026-04-09 18:58:14,013 - INFO - Copied 1642366.csv to main data folder
2026-04-09 18:58:14,014 - INFO - Copied 1642384.csv to main data folder
2026-04-09 18:58:14,014 - INFO - Copied 1629646.csv to main data folder
2026-04-09 18:58:14,014 - INFO - Copied 1642275.csv to main data folder
2026-04-09 18:58:14,015 - INFO - Copied 1631170.csv to main data folder
2026-04-09 18:58:14,015 - INFO - Copied 1642951.csv to main data folder
2026-04-09 18:58:14,015 - INFO - Copied 1641729.csv to main data folder
2026-04-09 18:58:14,016 - INFO - Copied 1642353.csv to main data folder
2026-04-09 18:58:14,016 - INFO - Copied 1628392.csv to main data folder
2026-04-09 18:58:14,016 - INFO - Copied 1642950.csv to main data folder
2026-04-09 18:58:14,016 - INFO - Copied 1630567.csv to main data folder
2026-04-09 18:58:14,017 - INFO - Copied 201567.csv to main data folder
2026-04-09 18:58:14,017 - INFO - Copied 1629627.csv to main data folder
2026-04-09 18:58:14,017 - INFO - Copied 203497.csv to main data folder
2026-04-09 18:58:14,018 - INFO - Copied 1630172.csv to main data folder
2026-04-09 18:58:14,018 - INFO - Copied 1641726.csv to main data folder
2026-04-09 18:58:14,018 - INFO - Copied 1629611.csv to main data folder
2026-04-09 18:58:14,019 - INFO - Copied 1630175.csv to main data folder
2026-04-09 18:58:14,019 - INFO - Copied 1630623.csv to main data folder
2026-04-09 18:58:14,019 - INFO - Copied 203486.csv to main data folder
2026-04-09 18:58:14,019 - INFO - Copied 1629655.csv to main data folder
2026-04-09 18:58:14,020 - INFO - Copied 1628991.csv to main data folder
2026-04-09 18:58:14,020 - INFO - Daily scraping completed successfully
2026-04-09 18:58:14,020 - INFO - Started: 2026-04-09 16:31:54
2026-04-09 18:58:14,020 - INFO - Finished: 2026-04-09 18:58:14
2026-04-09 18:58:14,020 - INFO - Total duration: 2:26:19.990775
2026-04-09 20:02:37,363 - INFO - Starting daily scrape at 2026-04-09 20:02:37
2026-04-09 20:02:37,363 - INFO - Loading player index data...
2026-04-09 20:02:38,235 - INFO - Data loaded successfully. Found 27264 regular season entries and 10759 playoff entries.
2026-04-09 20:02:39,114 - INFO - Starting daily scrape for season 2026
2026-04-09 20:02:39,116 - INFO - Processing 294 players for 2026 regular season
2026-04-09 20:02:39,117 - INFO - Processing 101108 - 1610612746.0 for 2026 (1/294)
2026-04-09 20:02:39,117 - INFO - Fetching ON Regular Season WOWY stats for Team ID: 1610612746, Player ID: 101108  2025-26
2026-04-09 20:02:47,438 - WARNING - Request failed: 500 Server Error: Internal Server Error for url: https://api.pbpstats.com/get-wowy-stats/nba?0Exactly1OnFloor=101108&TeamId=1610612746&Season=2025-26&SeasonType=Regular+Season&Type=Player. Retrying in 2.05 seconds (attempt 1/3)
2026-04-09 20:02:50,757 - INFO - Fetched ON Regular Season WOWY stats for Team ID: 1610612746, Player ID: 101108 across 2025-26
2026-04-09 20:02:52,760 - INFO - Fetching OFF Regular Season WOWY stats for Team ID: 1610612746, Player ID: 101108  2025-26
2026-04-09 20:02:55,689 - INFO - Fetched OFF Regular Season WOWY stats for Team ID: 1610612746, Player ID: 101108 across 2025-26
2026-04-09 20:03:00,336 - INFO - Saved data for player 101108 to daily_data/2026/101108.csv
2026-04-09 20:03:00,337 - INFO - Processing 201144 - 1610612750.0 for 2026 (2/294)
2026-04-09 20:03:00,337 - INFO - Fetching ON Regular Season WOWY stats for Team ID: 1610612750, Player ID: 201144  2025-26
2026-04-09 20:03:00,760 - INFO - Fetched ON Regular Season WOWY stats for Team ID: 1610612750, Player ID: 201144 across 2025-26
2026-04-09 20:03:02,762 - INFO - Fetching OFF Regular Season WOWY stats for Team ID: 1610612750, Player ID: 201144  2025-26
2026-04-09 20:03:04,767 - INFO - Fetched OFF Regular Season WOWY stats for Team ID: 1610612750, Player ID: 201144 across 2025-26
2026-04-09 20:03:09,378 - INFO - Saved data for player 201144 to daily_data/2026/201144.csv
2026-04-09 20:03:09,379 - INFO - Processing 201572 - 1610612746.0 for 2026 (3/294)
2026-04-09 20:03:09,379 - INFO - Fetching ON Regular Season WOWY stats for Team ID: 1610612746, Player ID: 201572  2025-26
2026-04-09 20:03:10,940 - INFO - Fetched ON Regular Season WOWY stats for Team ID: 1610612746, Player ID: 201572 across 2025-26
2026-04-09 20:03:12,942 - INFO - Fetching OFF Regular Season WOWY stats for Team ID: 1610612746, Player ID: 201572  2025-26
2026-04-09 20:03:14,767 - INFO - Fetched OFF Regular Season WOWY stats for Team ID: 1610612746, Player ID: 201572 across 2025-26
2026-04-09 20:03:19,409 - INFO - Saved data for player 201572 to daily_data/2026/201572.csv
2026-04-09 20:03:19,410 - INFO - Processing 201587 - 1610612746.0 for 2026 (4/294)
2026-04-09 20:03:19,410 - INFO - Fetching ON Regular Season WOWY stats for Team ID: 1610612746, Player ID: 201587  2025-26
2026-04-09 20:03:20,908 - INFO - Fetched ON Regular Season WOWY stats for Team ID: 1610612746, Player ID: 201587 across 2025-26
2026-04-09 20:03:22,911 - INFO - Fetching OFF Regular Season WOWY stats for Team ID: 1610612746, Player ID: 201587  2025-26
2026-04-09 20:03:24,688 - INFO - Fetched OFF Regular Season WOWY stats for Team ID: 1610612746, Player ID: 201587 across 2025-26
2026-04-09 20:03:29,449 - INFO - Saved data for player 201587 to daily_data/2026/201587.csv
2026-04-09 20:03:29,450 - INFO - Processing 201935 - 1610612746.0 for 2026 (5/294)
2026-04-09 20:03:29,450 - INFO - Fetching ON Regular Season WOWY stats for Team ID: 1610612746, Player ID: 201935  2025-26
2026-04-09 20:03:29,899 - INFO - Fetched ON Regular Season WOWY stats for Team ID: 1610612746, Player ID: 201935 across 2025-26
2026-04-09 20:03:31,901 - INFO - Fetching OFF Regular Season WOWY stats for Team ID: 1610612746, Player ID: 201935  2025-26
2026-04-09 20:03:32,445 - INFO - Fetched OFF Regular Season WOWY stats for Team ID: 1610612746, Player ID: 201935 across 2025-26
2026-04-09 20:03:37,459 - INFO - Processing 201935 - 1610612739.0 for 2026 (5/294)
2026-04-09 20:03:37,459 - INFO - Fetching ON Regular Season WOWY stats for Team ID: 1610612739, Player ID: 201935  2025-26
2026-04-09 20:03:56,079 - INFO - Fetched ON Regular Season WOWY stats for Team ID: 1610612739, Player ID: 201935 across 2025-26
2026-04-09 20:03:58,081 - INFO - Fetching OFF Regular Season WOWY stats for Team ID: 1610612739, Player ID: 201935  2025-26
2026-04-09 20:04:01,017 - INFO - Fetched OFF Regular Season WOWY stats for Team ID: 1610612739, Player ID: 201935 across 2025-26
2026-04-09 20:04:05,850 - INFO - Saved data for player 201935 to daily_data/2026/201935.csv
2026-04-09 20:04:05,851 - INFO - Processing 201950 - 1610612757.0 for 2026 (6/294)
2026-04-09 20:04:05,851 - INFO - Fetching ON Regular Season WOWY stats for Team ID: 1610612757, Player ID: 201950  2025-26
2026-04-09 20:04:07,784 - INFO - Fetched ON Regular Season WOWY stats for Team ID: 1610612757, Player ID: 201950 across 2025-26
2026-04-09 20:04:09,786 - INFO - Fetching OFF Regular Season WOWY stats for Team ID: 1610612757, Player ID: 201950  2025-26
2026-04-09 20:04:12,256 - INFO - Fetched OFF Regular Season WOWY stats for Team ID: 1610612757, Player ID: 201950 across 2025-26
2026-04-09 20:04:17,132 - INFO - Saved data for player 201950 to daily_data/2026/201950.csv
2026-04-09 20:04:17,133 - INFO - Processing 201959 - 1610612763.0 for 2026 (7/294)
2026-04-09 20:04:17,133 - INFO - Fetching ON Regular Season WOWY stats for Team ID: 1610612763, Player ID: 201959  2025-26
2026-04-09 20:04:18,091 - INFO - Fetched ON Regular Season WOWY stats for Team ID: 1610612763, Player ID: 201959 across 2025-26
2026-04-09 20:04:20,093 - INFO - Fetching OFF Regular Season WOWY stats for Team ID: 1610612763, Player ID: 201959  2025-26
2026-04-09 20:04:22,868 - INFO - Fetched OFF Regular Season WOWY stats for Team ID: 1610612763, Player ID: 201959 across 2025-26
2026-04-09 20:04:27,754 - INFO - Saved data for player 201959 to daily_data/2026/201959.csv
2026-04-09 20:04:27,755 - INFO - Processing 202685 - 1610612743.0 for 2026 (8/294)
2026-04-09 20:04:27,755 - INFO - Fetching ON Regular Season WOWY stats for Team ID: 1610612743, Player ID: 202685  2025-26
2026-04-09 20:04:56,073 - INFO - Fetched ON Regular Season WOWY stats for Team ID: 1610612743, Player ID: 202685 across 2025-26
2026-04-09 20:04:58,075 - INFO - Fetching OFF Regular Season WOWY stats for Team ID: 1610612743, Player ID: 202685  2025-26
2026-04-09 20:04:59,792 - INFO - Fetched OFF Regular Season WOWY stats for Team ID: 1610612743, Player ID: 202685 across 2025-26
2026-04-09 20:05:04,399 - INFO - Saved data for player 202685 to daily_data/2026/202685.csv
2026-04-09 20:05:04,399 - INFO - Processing 202687 - 1610612759.0 for 2026 (9/294)
2026-04-09 20:05:04,400 - INFO - Fetching ON Regular Season WOWY stats for Team ID: 1610612759, Player ID: 202687  2025-26
2026-04-09 20:05:24,361 - INFO - Fetched ON Regular Season WOWY stats for Team ID: 1610612759, Player ID: 202687 across 2025-26
2026-04-09 20:05:26,362 - INFO - Fetching OFF Regular Season WOWY stats for Team ID: 1610612759, Player ID: 202687  2025-26
2026-04-09 20:05:28,625 - INFO - Fetched OFF Regular Season WOWY stats for Team ID: 1610612759, Player ID: 202687 across 2025-26
2026-04-09 20:05:32,709 - INFO - Saved data for player 202687 to daily_data/2026/202687.csv
2026-04-09 20:05:32,710 - INFO - Processing 202691 - 1610612742.0 for 2026 (10/294)
2026-04-09 20:05:32,710 - INFO - Fetching ON Regular Season WOWY stats for Team ID: 1610612742, Player ID: 202691  2025-26
2026-04-09 20:05:34,605 - INFO - Fetched ON Regular Season WOWY stats for Team ID: 1610612742, Player ID: 202691 across 2025-26
2026-04-09 20:05:36,608 - INFO - Fetching OFF Regular Season WOWY stats for Team ID: 1610612742, Player ID: 202691  2025-26
2026-04-09 20:05:38,608 - INFO - Fetched OFF Regular Season WOWY stats for Team ID: 1610612742, Player ID: 202691 across 2025-26
2026-04-09 20:05:42,659 - INFO - Saved data for player 202691 to daily_data/2026/202691.csv
2026-04-09 20:05:42,659 - INFO - Progress: 10/294 players processed (3.4%)
2026-04-09 20:05:42,660 - INFO - Processing 202695 - 1610612746.0 for 2026 (11/294)
2026-04-09 20:05:42,660 - INFO - Fetching ON Regular Season WOWY stats for Team ID: 1610612746, Player ID: 202695  2025-26
2026-04-09 20:05:43,188 - INFO - Fetched ON Regular Season WOWY stats for Team ID: 1610612746, Player ID: 202695 across 2025-26
2026-04-09 20:05:45,191 - INFO - Fetching OFF Regular Season WOWY stats for Team ID: 1610612746, Player ID: 202695  2025-26
2026-04-09 20:05:45,702 - INFO - Fetched OFF Regular Season WOWY stats for Team ID: 1610612746, Player ID: 202695 across 2025-26
2026-04-09 20:05:50,030 - INFO - Saved data for player 202695 to daily_data/2026/202695.csv
2026-04-09 20:05:50,030 - INFO - Processing 202699 - 1610612765.0 for 2026 (12/294)
2026-04-09 20:05:50,031 - INFO - Fetching ON Regular Season WOWY stats for Team ID: 1610612765, Player ID: 202699  2025-26
2026-04-09 20:06:12,400 - INFO - Fetched ON Regular Season WOWY stats for Team ID: 1610612765, Player ID: 202699 across 2025-26
2026-04-09 20:06:14,402 - INFO - Fetching OFF Regular Season WOWY stats for Team ID: 1610612765, Player ID: 202699  2025-26
2026-04-09 20:06:22,638 - WARNING - Request failed: 500 Server Error: Internal Server Error for url: https://api.pbpstats.com/get-wowy-stats/nba?0Exactly0OnFloor=202699&TeamId=1610612765&Season=2025-26&SeasonType=Regular+Season&Type=Player. Retrying in 2.30 seconds (attempt 1/3)
2026-04-09 20:06:26,912 - INFO - Fetched OFF Regular Season WOWY stats for Team ID: 1610612765, Player ID: 202699 across 2025-26
2026-04-09 20:06:31,240 - INFO - Saved data for player 202699 to daily_data/2026/202699.csv
2026-04-09 20:06:31,241 - INFO - Processing 203076 - 1610612742.0 for 2026 (13/294)
2026-04-09 20:06:31,241 - INFO - Fetching ON Regular Season WOWY stats for Team ID: 1610612742, Player ID: 203076  2025-26
2026-04-09 20:06:32,383 - INFO - Fetched ON Regular Season WOWY stats for Team ID: 1610612742, Player ID: 203076 across 2025-26
2026-04-09 20:06:34,385 - INFO - Fetching OFF Regular Season WOWY stats for Team ID: 1610612742, Player ID: 203076  2025-26
2026-04-09 20:06:36,831 - INFO - Fetched OFF Regular Season WOWY stats for Team ID: 1610612742, Player ID: 203076 across 2025-26
2026-04-09 20:06:41,586 - INFO - Saved data for player 203076 to daily_data/2026/203076.csv
2026-04-09 20:06:41,587 - INFO - Processing 203078 - 1610612746.0 for 2026 (14/294)
2026-04-09 20:06:41,587 - INFO - Fetching ON Regular Season WOWY stats for Team ID: 1610612746, Player ID: 203078  2025-26
2026-04-09 20:07:05,808 - WARNING - Request failed: 500 Server Error: Internal Server Error for url: https://api.pbpstats.com/get-wowy-stats/nba?0Exactly1OnFloor=203078&TeamId=1610612746&Season=2025-26&SeasonType=Regular+Season&Type=Player. Retrying in 2.30 seconds (attempt 1/3)
2026-04-09 20:07:08,438 - INFO - Fetched ON Regular Season WOWY stats for Team ID: 1610612746, Player ID: 203078 across 2025-26
2026-04-09 20:07:10,440 - INFO - Fetching OFF Regular Season WOWY stats for Team ID: 1610612746, Player ID: 203078  2025-26
2026-04-09 20:07:12,435 - INFO - Fetched OFF Regular Season WOWY stats for Team ID: 1610612746, Player ID: 203078 across 2025-26
2026-04-09 20:07:17,033 - INFO - Saved data for player 203078 to daily_data/2026/203078.csv
2026-04-09 20:07:17,033 - INFO - Processing 203084 - 1610612759.0 for 2026 (15/294)
2026-04-09 20:07:17,034 - INFO - Fetching ON Regular Season WOWY stats for Team ID: 1610612759, Player ID: 203084  2025-26
2026-04-09 20:07:18,751 - INFO - Fetched ON Regular Season WOWY stats for Team ID: 1610612759, Player ID: 203084 across 2025-26
2026-04-09 20:07:20,754 - INFO - Fetching OFF Regular Season WOWY stats for Team ID: 1610612759, Player ID: 203084  2025-26
2026-04-09 20:07:30,185 - INFO - Fetched OFF Regular Season WOWY stats for Team ID: 1610612759, Player ID: 203084 across 2025-26
2026-04-09 20:07:34,431 - INFO - Saved data for player 203084 to daily_data/2026/203084.csv
2026-04-09 20:07:34,432 - INFO - Processing 203114 - 1610612742.0 for 2026 (16/294)
2026-04-09 20:07:34,432 - INFO - Fetching ON Regular Season WOWY stats for Team ID: 1610612742, Player ID: 203114  2025-26
2026-04-09 20:07:34,861 - INFO - Fetched ON Regular Season WOWY stats for Team ID: 1610612742, Player ID: 203114 across 2025-26
2026-04-09 20:07:36,863 - INFO - Fetching OFF Regular Season WOWY stats for Team ID: 1610612742, Player ID: 203114  2025-26
2026-04-09 20:07:39,002 - INFO - Fetched OFF Regular Season WOWY stats for Team ID: 1610612742, Player ID: 203114 across 2025-26
2026-04-09 20:07:43,966 - INFO - Saved data for player 203114 to daily_data/2026/203114.csv
2026-04-09 20:07:43,967 - INFO - Processing 203468 - 1610612737.0 for 2026 (17/294)
2026-04-09 20:07:43,967 - INFO - Fetching ON Regular Season WOWY stats for Team ID: 1610612737, Player ID: 203468  2025-26
2026-04-09 20:08:04,222 - WARNING - Request failed: 500 Server Error: Internal Server Error for url: https://api.pbpstats.com/get-wowy-stats/nba?0Exactly1OnFloor=203468&TeamId=1610612737&Season=2025-26&SeasonType=Regular+Season&Type=Player. Retrying in 2.78 seconds (attempt 1/3)
2026-04-09 20:08:08,272 - INFO - Fetched ON Regular Season WOWY stats for Team ID: 1610612737, Player ID: 203468 across 2025-26
2026-04-09 20:08:10,273 - INFO - Fetching OFF Regular Season WOWY stats for Team ID: 1610612737, Player ID: 203468  2025-26
2026-04-09 20:08:39,499 - INFO - Fetched OFF Regular Season WOWY stats for Team ID: 1610612737, Player ID: 203468 across 2025-26
2026-04-09 20:08:44,382 - INFO - Saved data for player 203468 to daily_data/2026/203468.csv
2026-04-09 20:08:44,383 - INFO - Processing 203471 - 1610612739.0 for 2026 (18/294)
2026-04-09 20:08:44,383 - INFO - Fetching ON Regular Season WOWY stats for Team ID: 1610612739, Player ID: 203471  2025-26
2026-04-09 20:08:45,560 - INFO - Fetched ON Regular Season WOWY stats for Team ID: 1610612739, Player ID: 203471 across 2025-26
2026-04-09 20:08:47,562 - INFO - Fetching OFF Regular Season WOWY stats for Team ID: 1610612739, Player ID: 203471  2025-26
2026-04-09 20:08:50,123 - INFO - Fetched OFF Regular Season WOWY stats for Team ID: 1610612739, Player ID: 203471 across 2025-26
2026-04-09 20:08:54,602 - INFO - Saved data for player 203471 to daily_data/2026/203471.csv
2026-04-09 20:08:54,603 - INFO - Processing 203482 - 1610612759.0 for 2026 (19/294)
2026-04-09 20:08:54,603 - INFO - Fetching ON Regular Season WOWY stats for Team ID: 1610612759, Player ID: 203482  2025-26
2026-04-09 20:08:55,706 - INFO - Fetched ON Regular Season WOWY stats for Team ID: 1610612759, Player ID: 203482 across 2025-26
2026-04-09 20:08:57,708 - INFO - Fetching OFF Regular Season WOWY stats for Team ID: 1610612759, Player ID: 203482  2025-26
2026-04-09 20:08:59,353 - INFO - Fetched OFF Regular Season WOWY stats for Team ID: 1610612759, Player ID: 203482 across 2025-26
2026-04-09 20:09:04,363 - INFO - Saved data for player 203482 to daily_data/2026/203482.csv
2026-04-09 20:09:04,364 - INFO - Processing 203484 - 1610612763.0 for 2026 (20/294)
2026-04-09 20:09:04,364 - INFO - Fetching ON Regular Season WOWY stats for Team ID: 1610612763, Player ID: 203484  2025-26
2026-04-09 20:09:07,408 - INFO - Fetched ON Regular Season WOWY stats for Team ID: 1610612763, Player ID: 203484 across 2025-26
2026-04-09 20:09:09,410 - INFO - Fetching OFF Regular Season WOWY stats for Team ID: 1610612763, Player ID: 203484  2025-26
2026-04-09 20:09:16,427 - INFO - Fetched OFF Regular Season WOWY stats for Team ID: 1610612763, Player ID: 203484 across 2025-26
2026-04-09 20:09:21,092 - INFO - Saved data for player 203484 to daily_data/2026/203484.csv
2026-04-09 20:09:21,092 - INFO - Progress: 20/294 players processed (6.8%)
2026-04-09 20:09:21,093 - INFO - Processing 203486 - 1610612759.0 for 2026 (21/294)
2026-04-09 20:09:21,093 - INFO - Fetching ON Regular Season WOWY stats for Team ID: 1610612759, Player ID: 203486  2025-26
2026-04-09 20:09:39,359 - WARNING - Request failed: 500 Server Error: Internal Server Error for url: https://api.pbpstats.com/get-wowy-stats/nba?0Exactly1OnFloor=203486&TeamId=1610612759&Season=2025-26&SeasonType=Regular+Season&Type=Player. Retrying in 2.09 seconds (attempt 1/3)
2026-04-09 20:09:55,212 - INFO - Fetched ON Regular Season WOWY stats for Team ID: 1610612759, Player ID: 203486 across 2025-26
2026-04-09 20:09:57,214 - INFO - Fetching OFF Regular Season WOWY stats for Team ID: 1610612759, Player ID: 203486  2025-26
2026-04-09 20:10:14,819 - INFO - Fetched OFF Regular Season WOWY stats for Team ID: 1610612759, Player ID: 203486 across 2025-26
2026-04-09 20:10:19,491 - INFO - Saved data for player 203486 to daily_data/2026/203486.csv
2026-04-09 20:10:19,491 - INFO - Processing 203497 - 1610612750.0 for 2026 (22/294)
2026-04-09 20:10:19,491 - INFO - Fetching ON Regular Season WOWY stats for Team ID: 1610612750, Player ID: 203497  2025-26
2026-04-09 20:10:19,934 - INFO - Fetched ON Regular Season WOWY stats for Team ID: 1610612750, Player ID: 203497 across 2025-26
2026-04-09 20:10:21,936 - INFO - Fetching OFF Regular Season WOWY stats for Team ID: 1610612750, Player ID: 203497  2025-26
2026-04-09 20:10:25,043 - INFO - Fetched OFF Regular Season WOWY stats for Team ID: 1610612750, Player ID: 203497 across 2025-26
2026-04-09 20:10:29,344 - INFO - Saved data for player 203497 to daily_data/2026/203497.csv
2026-04-09 20:10:29,345 - INFO - Processing 203501 - 1610612743.0 for 2026 (23/294)
2026-04-09 20:10:29,345 - INFO - Fetching ON Regular Season WOWY stats for Team ID: 1610612743, Player ID: 203501  2025-26
2026-04-09 20:10:51,642 - WARNING - Request failed: 500 Server Error: Internal Server Error for url: https://api.pbpstats.com/get-wowy-stats/nba?0Exactly1OnFloor=203501&TeamId=1610612743&Season=2025-26&SeasonType=Regular+Season&Type=Player. Retrying in 2.79 seconds (attempt 1/3)
2026-04-09 20:10:56,354 - INFO - Fetched ON Regular Season WOWY stats for Team ID: 1610612743, Player ID: 203501 across 2025-26
2026-04-09 20:10:58,357 - INFO - Fetching OFF Regular Season WOWY stats for Team ID: 1610612743, Player ID: 203501  2025-26
2026-04-09 20:11:01,030 - INFO - Fetched OFF Regular Season WOWY stats for Team ID: 1610612743, Player ID: 203501 across 2025-26
2026-04-09 20:11:05,060 - INFO - Saved data for player 203501 to daily_data/2026/203501.csv
2026-04-09 20:11:05,061 - INFO - Processing 203507 - 1610612749.0 for 2026 (24/294)
2026-04-09 20:11:05,061 - INFO - Fetching ON Regular Season WOWY stats for Team ID: 1610612749, Player ID: 203507  2025-26
2026-04-09 20:11:06,890 - INFO - Fetched ON Regular Season WOWY stats for Team ID: 1610612749, Player ID: 203507 across 2025-26
2026-04-09 20:11:08,892 - INFO - Fetching OFF Regular Season WOWY stats for Team ID: 1610612749, Player ID: 203507  2025-26
2026-04-09 20:11:12,827 - INFO - Fetched OFF Regular Season WOWY stats for Team ID: 1610612749, Player ID: 203507 across 2025-26
2026-04-09 20:11:16,945 - INFO - Saved data for player 203507 to daily_data/2026/203507.csv
2026-04-09 20:11:16,945 - INFO - Processing 203648 - 1610612749.0 for 2026 (25/294)
2026-04-09 20:11:16,946 - INFO - Fetching ON Regular Season WOWY stats for Team ID: 1610612749, Player ID: 203648  2025-26
2026-04-09 20:11:17,416 - INFO - Fetched ON Regular Season WOWY stats for Team ID: 1610612749, Player ID: 203648 across 2025-26
2026-04-09 20:11:19,418 - INFO - Fetching OFF Regular Season WOWY stats for Team ID: 1610612749, Player ID: 203648  2025-26
2026-04-09 20:11:25,021 - INFO - Fetched OFF Regular Season WOWY stats for Team ID: 1610612749, Player ID: 203648 across 2025-26
2026-04-09 20:11:29,963 - INFO - Saved data for player 203648 to daily_data/2026/203648.csv
2026-04-09 20:11:29,964 - INFO - Processing 203914 - 1610612749.0 for 2026 (26/294)
2026-04-09 20:11:29,964 - INFO - Fetching ON Regular Season WOWY stats for Team ID: 1610612749, Player ID: 203914  2025-26
2026-04-09 20:11:46,379 - INFO - Fetched ON Regular Season WOWY stats for Team ID: 1610612749, Player ID: 203914 across 2025-26
2026-04-09 20:11:48,382 - INFO - Fetching OFF Regular Season WOWY stats for Team ID: 1610612749, Player ID: 203914  2025-26
2026-04-09 20:11:52,227 - INFO - Fetched OFF Regular Season WOWY stats for Team ID: 1610612749, Player ID: 203914 across 2025-26
2026-04-09 20:11:56,296 - INFO - Saved data for player 203914 to daily_data/2026/203914.csv
2026-04-09 20:11:56,297 - INFO - Processing 203924 - 1610612757.0 for 2026 (27/294)
2026-04-09 20:11:56,297 - INFO - Fetching ON Regular Season WOWY stats for Team ID: 1610612757, Player ID: 203924  2025-26
2026-04-09 20:12:04,655 - INFO - Fetched ON Regular Season WOWY stats for Team ID: 1610612757, Player ID: 203924 across 2025-26
2026-04-09 20:12:06,658 - INFO - Fetching OFF Regular Season WOWY stats for Team ID: 1610612757, Player ID: 203924  2025-26
2026-04-09 20:12:11,194 - INFO - Fetched OFF Regular Season WOWY stats for Team ID: 1610612757, Player ID: 203924 across 2025-26
2026-04-09 20:12:15,626 - INFO - Saved data for player 203924 to daily_data/2026/203924.csv
2026-04-09 20:12:15,627 - INFO - Processing 203932 - 1610612743.0 for 2026 (28/294)
2026-04-09 20:12:15,627 - INFO - Fetching ON Regular Season WOWY stats for Team ID: 1610612743, Player ID: 203932  2025-26
2026-04-09 20:12:16,708 - INFO - Fetched ON Regular Season WOWY stats for Team ID: 1610612743, Player ID: 203932 across 2025-26
2026-04-09 20:12:18,710 - INFO - Fetching OFF Regular Season WOWY stats for Team ID: 1610612743, Player ID: 203932  2025-26
2026-04-09 20:12:20,127 - INFO - Fetched OFF Regular Season WOWY stats for Team ID: 1610612743, Player ID: 203932 across 2025-26
2026-04-09 20:12:24,853 - INFO - Saved data for player 203932 to daily_data/2026/203932.csv
2026-04-09 20:12:24,854 - INFO - Processing 203937 - 1610612763.0 for 2026 (29/294)
2026-04-09 20:12:24,854 - INFO - Fetching ON Regular Season WOWY stats for Team ID: 1610612763, Player ID: 203937  2025-26
2026-04-09 20:12:25,853 - INFO - Fetched ON Regular Season WOWY stats for Team ID: 1610612763, Player ID: 203937 across 2025-26
2026-04-09 20:12:27,855 - INFO - Fetching OFF Regular Season WOWY stats for Team ID: 1610612763, Player ID: 203937  2025-26
2026-04-09 20:12:30,191 - INFO - Fetched OFF Regular Season WOWY stats for Team ID: 1610612763, Player ID: 203937 across 2025-26
2026-04-09 20:12:34,392 - INFO - Processing 203937 - 1610612750.0 for 2026 (29/294)
2026-04-09 20:12:34,393 - INFO - Fetching ON Regular Season WOWY stats for Team ID: 1610612750, Player ID: 203937  2025-26
2026-04-09 20:12:42,365 - INFO - Fetched ON Regular Season WOWY stats for Team ID: 1610612750, Player ID: 203937 across 2025-26
2026-04-09 20:12:44,367 - INFO - Fetching OFF Regular Season WOWY stats for Team ID: 1610612750, Player ID: 203937  2025-26
2026-04-09 20:12:46,044 - INFO - Fetched OFF Regular Season WOWY stats for Team ID: 1610612750, Player ID: 203937 across 2025-26
2026-04-09 20:12:50,819 - INFO - Saved data for player 203937 to daily_data/2026/203937.csv
2026-04-09 20:12:50,819 - INFO - Processing 203939 - 1610612742.0 for 2026 (30/294)
2026-04-09 20:12:50,819 - INFO - Fetching ON Regular Season WOWY stats for Team ID: 1610612742, Player ID: 203939  2025-26
2026-04-09 20:12:53,506 - INFO - Fetched ON Regular Season WOWY stats for Team ID: 1610612742, Player ID: 203939 across 2025-26
2026-04-09 20:12:55,509 - INFO - Fetching OFF Regular Season WOWY stats for Team ID: 1610612742, Player ID: 203939  2025-26
2026-04-09 20:13:00,003 - INFO - Fetched OFF Regular Season WOWY stats for Team ID: 1610612742, Player ID: 203939 across 2025-26
2026-04-09 20:13:04,869 - INFO - Saved data for player 203939 to daily_data/2026/203939.csv
2026-04-09 20:13:04,869 - INFO - Progress: 30/294 players processed (10.2%)
2026-04-09 20:13:04,870 - INFO - Processing 203944 - 1610612750.0 for 2026 (31/294)
2026-04-09 20:13:04,870 - INFO - Fetching ON Regular Season WOWY stats for Team ID: 1610612750, Player ID: 203944  2025-26
2026-04-09 20:13:05,302 - INFO - Fetched ON Regular Season WOWY stats for Team ID: 1610612750, Player ID: 203944 across 2025-26
2026-04-09 20:13:07,304 - INFO - Fetching OFF Regular Season WOWY stats for Team ID: 1610612750, Player ID: 203944  2025-26
2026-04-09 20:13:08,581 - INFO - Fetched OFF Regular Season WOWY stats for Team ID: 1610612750, Player ID: 203944 across 2025-26
2026-04-09 20:13:12,719 - INFO - Saved data for player 203944 to daily_data/2026/203944.csv
2026-04-09 20:13:12,720 - INFO - Processing 203992 - 1610612746.0 for 2026 (32/294)
2026-04-09 20:13:12,720 - INFO - Fetching ON Regular Season WOWY stats for Team ID: 1610612746, Player ID: 203992  2025-26
2026-04-09 20:13:13,108 - INFO - Fetched ON Regular Season WOWY stats for Team ID: 1610612746, Player ID: 203992 across 2025-26
2026-04-09 20:13:15,110 - INFO - Fetching OFF Regular Season WOWY stats for Team ID: 1610612746, Player ID: 203992  2025-26
2026-04-09 20:13:15,577 - INFO - Fetched OFF Regular Season WOWY stats for Team ID: 1610612746, Player ID: 203992 across 2025-26
2026-04-09 20:13:19,775 - INFO - Saved data for player 203992 to daily_data/2026/203992.csv
2026-04-09 20:13:19,775 - INFO - Processing 203999 - 1610612743.0 for 2026 (33/294)
2026-04-09 20:13:19,775 - INFO - Fetching ON Regular Season WOWY stats for Team ID: 1610612743, Player ID: 203999  2025-26
2026-04-09 20:13:21,207 - INFO - Fetched ON Regular Season WOWY stats for Team ID: 1610612743, Player ID: 203999 across 2025-26
2026-04-09 20:13:23,210 - INFO - Fetching OFF Regular Season WOWY stats for Team ID: 1610612743, Player ID: 203999  2025-26
2026-04-09 20:13:25,140 - INFO - Fetched OFF Regular Season WOWY stats for Team ID: 1610612743, Player ID: 203999 across 2025-26
2026-04-09 20:13:29,944 - INFO - Saved data for player 203999 to daily_data/2026/203999.csv
2026-04-09 20:13:29,945 - INFO - Processing 204001 - 1610612737.0 for 2026 (34/294)
2026-04-09 20:13:29,945 - INFO - Fetching ON Regular Season WOWY stats for Team ID: 1610612737, Player ID: 204001  2025-26
2026-04-09 20:13:31,334 - INFO - Fetched ON Regular Season WOWY stats for Team ID: 1610612737, Player ID: 204001 across 2025-26
2026-04-09 20:13:33,337 - INFO - Fetching OFF Regular Season WOWY stats for Team ID: 1610612737, Player ID: 204001  2025-26
2026-04-09 20:13:35,526 - INFO - Fetched OFF Regular Season WOWY stats for Team ID: 1610612737, Player ID: 204001 across 2025-26
2026-04-09 20:13:39,748 - INFO - Saved data for player 204001 to daily_data/2026/204001.csv
2026-04-09 20:13:39,749 - INFO - Processing 204060 - 1610612750.0 for 2026 (35/294)
2026-04-09 20:13:39,749 - INFO - Fetching ON Regular Season WOWY stats for Team ID: 1610612750, Player ID: 204060  2025-26
2026-04-09 20:13:41,106 - INFO - Fetched ON Regular Season WOWY stats for Team ID: 1610612750, Player ID: 204060 across 2025-26
2026-04-09 20:13:43,109 - INFO - Fetching OFF Regular Season WOWY stats for Team ID: 1610612750, Player ID: 204060  2025-26
2026-04-09 20:13:45,710 - INFO - Fetched OFF Regular Season WOWY stats for Team ID: 1610612750, Player ID: 204060 across 2025-26
2026-04-09 20:13:49,764 - INFO - Saved data for player 204060 to daily_data/2026/204060.csv
2026-04-09 20:13:49,765 - INFO - Processing 1626145 - 1610612753.0 for 2026 (36/294)
2026-04-09 20:13:49,765 - INFO - Fetching ON Regular Season WOWY stats for Team ID: 1610612753, Player ID: 1626145  2025-26
2026-04-09 20:13:51,432 - INFO - Fetched ON Regular Season WOWY stats for Team ID: 1610612753, Player ID: 1626145 across 2025-26
2026-04-09 20:13:53,435 - INFO - Fetching OFF Regular Season WOWY stats for Team ID: 1610612753, Player ID: 1626145  2025-26
2026-04-09 20:13:55,405 - INFO - Fetched OFF Regular Season WOWY stats for Team ID: 1610612753, Player ID: 1626145 across 2025-26
2026-04-09 20:13:59,726 - INFO - Processing 1626145 - 1610612742.0 for 2026 (36/294)
2026-04-09 20:13:59,727 - INFO - Fetching ON Regular Season WOWY stats for Team ID: 1610612742, Player ID: 1626145  2025-26
2026-04-09 20:14:00,824 - INFO - Fetched ON Regular Season WOWY stats for Team ID: 1610612742, Player ID: 1626145 across 2025-26
2026-04-09 20:14:02,826 - INFO - Fetching OFF Regular Season WOWY stats for Team ID: 1610612742, Player ID: 1626145  2025-26
2026-04-09 20:14:05,052 - INFO - Fetched OFF Regular Season WOWY stats for Team ID: 1610612742, Player ID: 1626145 across 2025-26
2026-04-09 20:14:09,456 - INFO - Processing 1626145 - 1610612743.0 for 2026 (36/294)
2026-04-09 20:14:09,457 - INFO - Fetching ON Regular Season WOWY stats for Team ID: 1610612743, Player ID: 1626145  2025-26
2026-04-09 20:14:10,331 - INFO - Fetched ON Regular Season WOWY stats for Team ID: 1610612743, Player ID: 1626145 across 2025-26
2026-04-09 20:14:12,333 - INFO - Fetching OFF Regular Season WOWY stats for Team ID: 1610612743, Player ID: 1626145  2025-26
2026-04-09 20:14:41,232 - INFO - Fetched OFF Regular Season WOWY stats for Team ID: 1610612743, Player ID: 1626145 across 2025-26
2026-04-09 20:14:45,695 - INFO - Saved data for player 1626145 to daily_data/2026/1626145.csv
2026-04-09 20:14:45,696 - INFO - Processing 1626156 - 1610612742.0 for 2026 (37/294)
2026-04-09 20:14:45,696 - INFO - Fetching ON Regular Season WOWY stats for Team ID: 1610612742, Player ID: 1626156  2025-26
2026-04-09 20:14:46,118 - INFO - Fetched ON Regular Season WOWY stats for Team ID: 1610612742, Player ID: 1626156 across 2025-26
2026-04-09 20:14:48,121 - INFO - Fetching OFF Regular Season WOWY stats for Team ID: 1610612742, Player ID: 1626156  2025-26
2026-04-09 20:14:50,173 - INFO - Fetched OFF Regular Season WOWY stats for Team ID: 1610612742, Player ID: 1626156 across 2025-26
2026-04-09 20:14:54,833 - INFO - Saved data for player 1626156 to daily_data/2026/1626156.csv
2026-04-09 20:14:54,833 - INFO - Processing 1626164 - 1610612756.0 for 2026 (38/294)
2026-04-09 20:14:54,833 - INFO - Fetching ON Regular Season WOWY stats for Team ID: 1610612756, Player ID: 1626164  2025-26
2026-04-09 20:14:55,292 - INFO - Fetched ON Regular Season WOWY stats for Team ID: 1610612756, Player ID: 1626164 across 2025-26
2026-04-09 20:14:57,294 - INFO - Fetching OFF Regular Season WOWY stats for Team ID: 1610612756, Player ID: 1626164  2025-26
2026-04-09 20:14:58,971 - INFO - Fetched OFF Regular Season WOWY stats for Team ID: 1610612756, Player ID: 1626164 across 2025-26
2026-04-09 20:15:03,470 - INFO - Saved data for player 1626164 to daily_data/2026/1626164.csv
2026-04-09 20:15:03,470 - INFO - Processing 1626167 - 1610612749.0 for 2026 (39/294)
2026-04-09 20:15:03,470 - INFO - Fetching ON Regular Season WOWY stats for Team ID: 1610612749, Player ID: 1626167  2025-26
2026-04-09 20:15:05,085 - INFO - Fetched ON Regular Season WOWY stats for Team ID: 1610612749, Player ID: 1626167 across 2025-26
2026-04-09 20:15:07,086 - INFO - Fetching OFF Regular Season WOWY stats for Team ID: 1610612749, Player ID: 1626167  2025-26
2026-04-09 20:15:08,937 - INFO - Fetched OFF Regular Season WOWY stats for Team ID: 1610612749, Player ID: 1626167 across 2025-26
2026-04-09 20:15:12,989 - INFO - Saved data for player 1626167 to daily_data/2026/1626167.csv
2026-04-09 20:15:12,990 - INFO - Processing 1626171 - 1610612749.0 for 2026 (40/294)
2026-04-09 20:15:12,990 - INFO - Fetching ON Regular Season WOWY stats for Team ID: 1610612749, Player ID: 1626171  2025-26
2026-04-09 20:15:13,393 - INFO - Fetched ON Regular Season WOWY stats for Team ID: 1610612749, Player ID: 1626171 across 2025-26
2026-04-09 20:15:15,395 - INFO - Fetching OFF Regular Season WOWY stats for Team ID: 1610612749, Player ID: 1626171  2025-26
2026-04-09 20:15:16,926 - INFO - Fetched OFF Regular Season WOWY stats for Team ID: 1610612749, Player ID: 1626171 across 2025-26
2026-04-09 20:15:21,059 - INFO - Saved data for player 1626171 to daily_data/2026/1626171.csv
2026-04-09 20:15:21,059 - INFO - Progress: 40/294 players processed (13.6%)
2026-04-09 20:15:21,060 - INFO - Processing 1626204 - 1610612739.0 for 2026 (41/294)
2026-04-09 20:15:21,060 - INFO - Fetching ON Regular Season WOWY stats for Team ID: 1610612739, Player ID: 1626204  2025-26
2026-04-09 20:15:22,308 - INFO - Fetched ON Regular Season WOWY stats for Team ID: 1610612739, Player ID: 1626204 across 2025-26
2026-04-09 20:15:24,310 - INFO - Fetching OFF Regular Season WOWY stats for Team ID: 1610612739, Player ID: 1626204  2025-26
2026-04-09 20:15:28,602 - INFO - Fetched OFF Regular Season WOWY stats for Team ID: 1610612739, Player ID: 1626204 across 2025-26
2026-04-09 20:15:32,738 - INFO - Saved data for player 1626204 to daily_data/2026/1626204.csv
2026-04-09 20:15:32,739 - INFO - Processing 1626220 - 1610612756.0 for 2026 (42/294)
2026-04-09 20:15:32,739 - INFO - Fetching ON Regular Season WOWY stats for Team ID: 1610612756, Player ID: 1626220  2025-26
2026-04-09 20:15:33,231 - INFO - Fetched ON Regular Season WOWY stats for Team ID: 1610612756, Player ID: 1626220 across 2025-26
2026-04-09 20:15:35,234 - INFO - Fetching OFF Regular Season WOWY stats for Team ID: 1610612756, Player ID: 1626220  2025-26
2026-04-09 20:15:36,839 - INFO - Fetched OFF Regular Season WOWY stats for Team ID: 1610612756, Player ID: 1626220 across 2025-26
2026-04-09 20:15:41,053 - INFO - Saved data for player 1626220 to daily_data/2026/1626220.csv
2026-04-09 20:15:41,054 - INFO - Processing 1627739 - 1610612746.0 for 2026 (43/294)
2026-04-09 20:15:41,054 - INFO - Fetching ON Regular Season WOWY stats for Team ID: 1610612746, Player ID: 1627739  2025-26
2026-04-09 20:15:41,465 - INFO - Fetched ON Regular Season WOWY stats for Team ID: 1610612746, Player ID: 1627739 across 2025-26
2026-04-09 20:15:43,468 - INFO - Fetching OFF Regular Season WOWY stats for Team ID: 1610612746, Player ID: 1627739  2025-26
2026-04-09 20:15:45,408 - INFO - Fetched OFF Regular Season WOWY stats for Team ID: 1610612746, Player ID: 1627739 across 2025-26
2026-04-09 20:15:49,945 - INFO - Saved data for player 1627739 to daily_data/2026/1627739.csv
2026-04-09 20:15:49,946 - INFO - Processing 1627741 - 1610612737.0 for 2026 (44/294)
2026-04-09 20:15:49,946 - INFO - Fetching ON Regular Season WOWY stats for Team ID: 1610612737, Player ID: 1627741  2025-26
2026-04-09 20:16:20,083 - WARNING - Request failed: HTTPSConnectionPool(host='api.pbpstats.com', port=443): Read timed out. (read timeout=30). Retrying in 2.60 seconds (attempt 1/3)
2026-04-09 20:16:52,585 - INFO - Fetched ON Regular Season WOWY stats for Team ID: 1610612737, Player ID: 1627741 across 2025-26
2026-04-09 20:16:54,587 - INFO - Fetching OFF Regular Season WOWY stats for Team ID: 1610612737, Player ID: 1627741  2025-26
2026-04-09 20:17:12,828 - WARNING - Request failed: 500 Server Error: Internal Server Error for url: https://api.pbpstats.com/get-wowy-stats/nba?0Exactly0OnFloor=1627741&TeamId=1610612737&Season=2025-26&SeasonType=Regular+Season&Type=Player. Retrying in 2.92 seconds (attempt 1/3)
2026-04-09 20:17:17,780 - INFO - Fetched OFF Regular Season WOWY stats for Team ID: 1610612737, Player ID: 1627741 across 2025-26
2026-04-09 20:17:22,578 - INFO - Saved data for player 1627741 to daily_data/2026/1627741.csv
2026-04-09 20:17:22,579 - INFO - Processing 1627747 - 1610612765.0 for 2026 (45/294)
2026-04-09 20:17:22,579 - INFO - Fetching ON Regular Season WOWY stats for Team ID: 1610612765, Player ID: 1627747  2025-26
2026-04-09 20:17:24,111 - INFO - Fetched ON Regular Season WOWY stats for Team ID: 1610612765, Player ID: 1627747 across 2025-26
2026-04-09 20:17:26,112 - INFO - Fetching OFF Regular Season WOWY stats for Team ID: 1610612765, Player ID: 1627747  2025-26
2026-04-09 20:17:27,899 - INFO - Fetched OFF Regular Season WOWY stats for Team ID: 1610612765, Player ID: 1627747 across 2025-26
2026-04-09 20:17:32,265 - INFO - Saved data for player 1627747 to daily_data/2026/1627747.csv
2026-04-09 20:17:32,265 - INFO - Processing 1627750 - 1610612743.0 for 2026 (46/294)
2026-04-09 20:17:32,265 - INFO - Fetching ON Regular Season WOWY stats for Team ID: 1610612743, Player ID: 1627750  2025-26
2026-04-09 20:17:33,673 - INFO - Fetched ON Regular Season WOWY stats for Team ID: 1610612743, Player ID: 1627750 across 2025-26
2026-04-09 20:17:35,675 - INFO - Fetching OFF Regular Season WOWY stats for Team ID: 1610612743, Player ID: 1627750  2025-26
2026-04-09 20:17:36,979 - INFO - Fetched OFF Regular Season WOWY stats for Team ID: 1610612743, Player ID: 1627750 across 2025-26
2026-04-09 20:17:41,288 - INFO - Saved data for player 1627750 to daily_data/2026/1627750.csv
2026-04-09 20:17:41,289 - INFO - Processing 1627752 - 1610612749.0 for 2026 (47/294)
2026-04-09 20:17:41,289 - INFO - Fetching ON Regular Season WOWY stats for Team ID: 1610612749, Player ID: 1627752  2025-26
2026-04-09 20:17:47,624 - INFO - Fetched ON Regular Season WOWY stats for Team ID: 1610612749, Player ID: 1627752 across 2025-26
2026-04-09 20:17:49,627 - INFO - Fetching OFF Regular Season WOWY stats for Team ID: 1610612749, Player ID: 1627752  2025-26
2026-04-09 20:17:51,779 - INFO - Fetched OFF Regular Season WOWY stats for Team ID: 1610612749, Player ID: 1627752 across 2025-26
2026-04-09 20:17:55,912 - INFO - Saved data for player 1627752 to daily_data/2026/1627752.csv
2026-04-09 20:17:55,913 - INFO - Processing 1627826 - 1610612746.0 for 2026 (48/294)
2026-04-09 20:17:55,913 - INFO - Fetching ON Regular Season WOWY stats for Team ID: 1610612746, Player ID: 1627826  2025-26
2026-04-09 20:17:57,434 - INFO - Fetched ON Regular Season WOWY stats for Team ID: 1610612746, Player ID: 1627826 across 2025-26
2026-04-09 20:17:59,436 - INFO - Fetching OFF Regular Season WOWY stats for Team ID: 1610612746, Player ID: 1627826  2025-26
2026-04-09 20:18:01,681 - INFO - Fetched OFF Regular Season WOWY stats for Team ID: 1610612746, Player ID: 1627826 across 2025-26
2026-04-09 20:18:05,869 - INFO - Saved data for player 1627826 to daily_data/2026/1627826.csv
2026-04-09 20:18:05,870 - INFO - Processing 1627884 - 1610612746.0 for 2026 (49/294)
2026-04-09 20:18:05,870 - INFO - Fetching ON Regular Season WOWY stats for Team ID: 1610612746, Player ID: 1627884  2025-26
2026-04-09 20:18:08,191 - INFO - Fetched ON Regular Season WOWY stats for Team ID: 1610612746, Player ID: 1627884 across 2025-26
2026-04-09 20:18:10,193 - INFO - Fetching OFF Regular Season WOWY stats for Team ID: 1610612746, Player ID: 1627884  2025-26
2026-04-09 20:18:12,874 - INFO - Fetched OFF Regular Season WOWY stats for Team ID: 1610612746, Player ID: 1627884 across 2025-26
2026-04-09 20:18:17,827 - INFO - Saved data for player 1627884 to daily_data/2026/1627884.csv
2026-04-09 20:18:17,828 - INFO - Processing 1627936 - 1610612760.0 for 2026 (50/294)
2026-04-09 20:18:17,828 - INFO - Fetching ON Regular Season WOWY stats for Team ID: 1610612760, Player ID: 1627936  2025-26
2026-04-09 20:18:19,608 - INFO - Fetched ON Regular Season WOWY stats for Team ID: 1610612760, Player ID: 1627936 across 2025-26
2026-04-09 20:18:21,610 - INFO - Fetching OFF Regular Season WOWY stats for Team ID: 1610612760, Player ID: 1627936  2025-26
2026-04-09 20:18:23,669 - INFO - Fetched OFF Regular Season WOWY stats for Team ID: 1610612760, Player ID: 1627936 across 2025-26
2026-04-09 20:18:28,092 - INFO - Saved data for player 1627936 to daily_data/2026/1627936.csv
2026-04-09 20:18:28,092 - INFO - Progress: 50/294 players processed (17.0%)
2026-04-09 20:18:28,092 - INFO - Processing 1628366 - 1610612739.0 for 2026 (51/294)
2026-04-09 20:18:28,092 - INFO - Fetching ON Regular Season WOWY stats for Team ID: 1610612739, Player ID: 1628366  2025-26
2026-04-09 20:18:29,307 - INFO - Fetched ON Regular Season WOWY stats for Team ID: 1610612739, Player ID: 1628366 across 2025-26
2026-04-09 20:18:31,309 - INFO - Fetching OFF Regular Season WOWY stats for Team ID: 1610612739, Player ID: 1628366  2025-26
2026-04-09 20:18:33,484 - INFO - Fetched OFF Regular Season WOWY stats for Team ID: 1610612739, Player ID: 1628366 across 2025-26
2026-04-09 20:18:38,162 - INFO - Saved data for player 1628366 to daily_data/2026/1628366.csv
2026-04-09 20:18:38,162 - INFO - Processing 1628368 - 1610612759.0 for 2026 (52/294)
2026-04-09 20:18:38,163 - INFO - Fetching ON Regular Season WOWY stats for Team ID: 1610612759, Player ID: 1628368  2025-26
2026-04-09 20:18:39,695 - INFO - Fetched ON Regular Season WOWY stats for Team ID: 1610612759, Player ID: 1628368 across 2025-26
2026-04-09 20:18:41,698 - INFO - Fetching OFF Regular Season WOWY stats for Team ID: 1610612759, Player ID: 1628368  2025-26
2026-04-09 20:18:43,188 - INFO - Fetched OFF Regular Season WOWY stats for Team ID: 1610612759, Player ID: 1628368 across 2025-26
2026-04-09 20:18:47,491 - INFO - Saved data for player 1628368 to daily_data/2026/1628368.csv
2026-04-09 20:18:47,492 - INFO - Processing 1628371 - 1610612753.0 for 2026 (53/294)
2026-04-09 20:18:47,492 - INFO - Fetching ON Regular Season WOWY stats for Team ID: 1610612753, Player ID: 1628371  2025-26
2026-04-09 20:18:48,593 - INFO - Fetched ON Regular Season WOWY stats for Team ID: 1610612753, Player ID: 1628371 across 2025-26
2026-04-09 20:18:50,595 - INFO - Fetching OFF Regular Season WOWY stats for Team ID: 1610612753, Player ID: 1628371  2025-26
2026-04-09 20:18:52,201 - INFO - Fetched OFF Regular Season WOWY stats for Team ID: 1610612753, Player ID: 1628371 across 2025-26
2026-04-09 20:18:56,369 - INFO - Saved data for player 1628371 to daily_data/2026/1628371.csv
2026-04-09 20:18:56,369 - INFO - Processing 1628378 - 1610612739.0 for 2026 (54/294)
2026-04-09 20:18:56,369 - INFO - Fetching ON Regular Season WOWY stats for Team ID: 1610612739, Player ID: 1628378  2025-26
2026-04-09 20:19:16,626 - WARNING - Request failed: 500 Server Error: Internal Server Error for url: https://api.pbpstats.com/get-wowy-stats/nba?0Exactly1OnFloor=1628378&TeamId=1610612739&Season=2025-26&SeasonType=Regular+Season&Type=Player. Retrying in 2.33 seconds (attempt 1/3)
2026-04-09 20:19:20,400 - INFO - Fetched ON Regular Season WOWY stats for Team ID: 1610612739, Player ID: 1628378 across 2025-26
2026-04-09 20:19:22,402 - INFO - Fetching OFF Regular Season WOWY stats for Team ID: 1610612739, Player ID: 1628378  2025-26
2026-04-09 20:19:24,502 - INFO - Fetched OFF Regular Season WOWY stats for Team ID: 1610612739, Player ID: 1628378 across 2025-26
2026-04-09 20:19:28,833 - INFO - Saved data for player 1628378 to daily_data/2026/1628378.csv
2026-04-09 20:19:28,834 - INFO - Processing 1628379 - 1610612737.0 for 2026 (55/294)
2026-04-09 20:19:28,834 - INFO - Fetching ON Regular Season WOWY stats for Team ID: 1610612737, Player ID: 1628379  2025-26
2026-04-09 20:19:35,069 - WARNING - Request failed: 500 Server Error: Internal Server Error for url: https://api.pbpstats.com/get-wowy-stats/nba?0Exactly1OnFloor=1628379&TeamId=1610612737&Season=2025-26&SeasonType=Regular+Season&Type=Player. Retrying in 2.43 seconds (attempt 1/3)
2026-04-09 20:19:38,687 - INFO - Fetched ON Regular Season WOWY stats for Team ID: 1610612737, Player ID: 1628379 across 2025-26
2026-04-09 20:19:40,689 - INFO - Fetching OFF Regular Season WOWY stats for Team ID: 1610612737, Player ID: 1628379  2025-26
2026-04-09 20:19:42,304 - INFO - Fetched OFF Regular Season WOWY stats for Team ID: 1610612737, Player ID: 1628379 across 2025-26
2026-04-09 20:19:46,410 - INFO - Saved data for player 1628379 to daily_data/2026/1628379.csv
2026-04-09 20:19:46,411 - INFO - Processing 1628381 - 1610612746.0 for 2026 (56/294)
2026-04-09 20:19:46,411 - INFO - Fetching ON Regular Season WOWY stats for Team ID: 1610612746, Player ID: 1628381  2025-26
2026-04-09 20:19:52,662 - WARNING - Request failed: 500 Server Error: Internal Server Error for url: https://api.pbpstats.com/get-wowy-stats/nba?0Exactly1OnFloor=1628381&TeamId=1610612746&Season=2025-26&SeasonType=Regular+Season&Type=Player. Retrying in 2.11 seconds (attempt 1/3)
2026-04-09 20:19:56,867 - INFO - Fetched ON Regular Season WOWY stats for Team ID: 1610612746, Player ID: 1628381 across 2025-26
2026-04-09 20:19:58,869 - INFO - Fetching OFF Regular Season WOWY stats for Team ID: 1610612746, Player ID: 1628381  2025-26
2026-04-09 20:20:01,630 - INFO - Fetched OFF Regular Season WOWY stats for Team ID: 1610612746, Player ID: 1628381 across 2025-26
2026-04-09 20:20:05,745 - INFO - Saved data for player 1628381 to daily_data/2026/1628381.csv
2026-04-09 20:20:05,745 - INFO - Processing 1628386 - 1610612739.0 for 2026 (57/294)
2026-04-09 20:20:05,745 - INFO - Fetching ON Regular Season WOWY stats for Team ID: 1610612739, Player ID: 1628386  2025-26
2026-04-09 20:20:34,413 - INFO - Fetched ON Regular Season WOWY stats for Team ID: 1610612739, Player ID: 1628386 across 2025-26
2026-04-09 20:20:36,415 - INFO - Fetching OFF Regular Season WOWY stats for Team ID: 1610612739, Player ID: 1628386  2025-26
2026-04-09 20:20:38,342 - INFO - Fetched OFF Regular Season WOWY stats for Team ID: 1610612739, Player ID: 1628386 across 2025-26
2026-04-09 20:20:42,881 - INFO - Saved data for player 1628386 to daily_data/2026/1628386.csv
2026-04-09 20:20:42,882 - INFO - Processing 1628392 - 1610612760.0 for 2026 (58/294)
2026-04-09 20:20:42,882 - INFO - Fetching ON Regular Season WOWY stats for Team ID: 1610612760, Player ID: 1628392  2025-26
2026-04-09 20:20:44,044 - INFO - Fetched ON Regular Season WOWY stats for Team ID: 1610612760, Player ID: 1628392 across 2025-26
2026-04-09 20:20:46,046 - INFO - Fetching OFF Regular Season WOWY stats for Team ID: 1610612760, Player ID: 1628392  2025-26
2026-04-09 20:20:48,193 - INFO - Fetched OFF Regular Season WOWY stats for Team ID: 1610612760, Player ID: 1628392 across 2025-26
2026-04-09 20:20:52,266 - INFO - Saved data for player 1628392 to daily_data/2026/1628392.csv
2026-04-09 20:20:52,267 - INFO - Processing 1628396 - 1610612737.0 for 2026 (59/294)
2026-04-09 20:20:52,267 - INFO - Fetching ON Regular Season WOWY stats for Team ID: 1610612737, Player ID: 1628396  2025-26
2026-04-09 20:20:52,952 - INFO - Fetched ON Regular Season WOWY stats for Team ID: 1610612737, Player ID: 1628396 across 2025-26
2026-04-09 20:20:54,954 - INFO - Fetching OFF Regular Season WOWY stats for Team ID: 1610612737, Player ID: 1628396  2025-26
2026-04-09 20:20:56,782 - INFO - Fetched OFF Regular Season WOWY stats for Team ID: 1610612737, Player ID: 1628396 across 2025-26
2026-04-09 20:21:01,535 - INFO - Saved data for player 1628396 to daily_data/2026/1628396.csv
2026-04-09 20:21:01,536 - INFO - Processing 1628398 - 1610612749.0 for 2026 (60/294)
2026-04-09 20:21:01,536 - INFO - Fetching ON Regular Season WOWY stats for Team ID: 1610612749, Player ID: 1628398  2025-26
2026-04-09 20:21:02,872 - INFO - Fetched ON Regular Season WOWY stats for Team ID: 1610612749, Player ID: 1628398 across 2025-26
2026-04-09 20:21:04,874 - INFO - Fetching OFF Regular Season WOWY stats for Team ID: 1610612749, Player ID: 1628398  2025-26
2026-04-09 20:21:05,358 - INFO - Fetched OFF Regular Season WOWY stats for Team ID: 1610612749, Player ID: 1628398 across 2025-26
2026-04-09 20:21:10,145 - INFO - Saved data for player 1628398 to daily_data/2026/1628398.csv
2026-04-09 20:21:10,145 - INFO - Progress: 60/294 players processed (20.4%)
2026-04-09 20:21:10,146 - INFO - Processing 1628415 - 1610612756.0 for 2026 (61/294)
2026-04-09 20:21:10,146 - INFO - Fetching ON Regular Season WOWY stats for Team ID: 1610612756, Player ID: 1628415  2025-26
2026-04-09 20:21:12,008 - INFO - Fetched ON Regular Season WOWY stats for Team ID: 1610612756, Player ID: 1628415 across 2025-26
2026-04-09 20:21:14,010 - INFO - Fetching OFF Regular Season WOWY stats for Team ID: 1610612756, Player ID: 1628415  2025-26
2026-04-09 20:21:16,570 - INFO - Fetched OFF Regular Season WOWY stats for Team ID: 1610612756, Player ID: 1628415 across 2025-26
2026-04-09 20:21:21,267 - INFO - Saved data for player 1628415 to daily_data/2026/1628415.csv
2026-04-09 20:21:21,268 - INFO - Processing 1628418 - 1610612739.0 for 2026 (62/294)
2026-04-09 20:21:21,268 - INFO - Fetching ON Regular Season WOWY stats for Team ID: 1610612739, Player ID: 1628418  2025-26
2026-04-09 20:21:22,891 - INFO - Fetched ON Regular Season WOWY stats for Team ID: 1610612739, Player ID: 1628418 across 2025-26
2026-04-09 20:21:24,893 - INFO - Fetching OFF Regular Season WOWY stats for Team ID: 1610612739, Player ID: 1628418  2025-26
2026-04-09 20:21:26,761 - INFO - Fetched OFF Regular Season WOWY stats for Team ID: 1610612739, Player ID: 1628418 across 2025-26
2026-04-09 20:21:31,152 - INFO - Saved data for player 1628418 to daily_data/2026/1628418.csv
2026-04-09 20:21:31,152 - INFO - Processing 1628436 - 1610612759.0 for 2026 (63/294)
2026-04-09 20:21:31,153 - INFO - Fetching ON Regular Season WOWY stats for Team ID: 1610612759, Player ID: 1628436  2025-26
2026-04-09 20:21:32,347 - INFO - Fetched ON Regular Season WOWY stats for Team ID: 1610612759, Player ID: 1628436 across 2025-26
2026-04-09 20:21:34,349 - INFO - Fetching OFF Regular Season WOWY stats for Team ID: 1610612759, Player ID: 1628436  2025-26
2026-04-09 20:21:35,823 - INFO - Fetched OFF Regular Season WOWY stats for Team ID: 1610612759, Player ID: 1628436 across 2025-26
2026-04-09 20:21:39,943 - INFO - Saved data for player 1628436 to daily_data/2026/1628436.csv
2026-04-09 20:21:39,944 - INFO - Processing 1628502 - 1610612756.0 for 2026 (64/294)
2026-04-09 20:21:39,944 - INFO - Fetching ON Regular Season WOWY stats for Team ID: 1610612756, Player ID: 1628502  2025-26
2026-04-09 20:21:40,916 - INFO - Fetched ON Regular Season WOWY stats for Team ID: 1610612756, Player ID: 1628502 across 2025-26
2026-04-09 20:21:42,919 - INFO - Fetching OFF Regular Season WOWY stats for Team ID: 1610612756, Player ID: 1628502  2025-26
2026-04-09 20:21:59,753 - INFO - Fetched OFF Regular Season WOWY stats for Team ID: 1610612756, Player ID: 1628502 across 2025-26
2026-04-09 20:22:04,571 - INFO - Saved data for player 1628502 to daily_data/2026/1628502.csv
2026-04-09 20:22:04,572 - INFO - Processing 1628960 - 1610612756.0 for 2026 (65/294)
2026-04-09 20:22:04,572 - INFO - Fetching ON Regular Season WOWY stats for Team ID: 1610612756, Player ID: 1628960  2025-26
2026-04-09 20:22:06,282 - INFO - Fetched ON Regular Season WOWY stats for Team ID: 1610612756, Player ID: 1628960 across 2025-26
2026-04-09 20:22:08,285 - INFO - Fetching OFF Regular Season WOWY stats for Team ID: 1610612756, Player ID: 1628960  2025-26
2026-04-09 20:22:08,710 - INFO - Fetched OFF Regular Season WOWY stats for Team ID: 1610612756, Player ID: 1628960 across 2025-26
2026-04-09 20:22:12,812 - INFO - Saved data for player 1628960 to daily_data/2026/1628960.csv
2026-04-09 20:22:12,812 - INFO - Processing 1628963 - 1610612742.0 for 2026 (66/294)
2026-04-09 20:22:12,812 - INFO - Fetching ON Regular Season WOWY stats for Team ID: 1610612742, Player ID: 1628963  2025-26
2026-04-09 20:22:13,880 - INFO - Fetched ON Regular Season WOWY stats for Team ID: 1610612742, Player ID: 1628963 across 2025-26
2026-04-09 20:22:15,882 - INFO - Fetching OFF Regular Season WOWY stats for Team ID: 1610612742, Player ID: 1628963  2025-26
2026-04-09 20:22:18,700 - INFO - Fetched OFF Regular Season WOWY stats for Team ID: 1610612742, Player ID: 1628963 across 2025-26
2026-04-09 20:22:23,546 - INFO - Saved data for player 1628963 to daily_data/2026/1628963.csv
2026-04-09 20:22:23,547 - INFO - Processing 1628971 - 1610612743.0 for 2026 (67/294)
2026-04-09 20:22:23,547 - INFO - Fetching ON Regular Season WOWY stats for Team ID: 1610612743, Player ID: 1628971  2025-26
2026-04-09 20:22:25,137 - INFO - Fetched ON Regular Season WOWY stats for Team ID: 1610612743, Player ID: 1628971 across 2025-26
2026-04-09 20:22:27,139 - INFO - Fetching OFF Regular Season WOWY stats for Team ID: 1610612743, Player ID: 1628971  2025-26
2026-04-09 20:22:28,377 - INFO - Fetched OFF Regular Season WOWY stats for Team ID: 1610612743, Player ID: 1628971 across 2025-26
2026-04-09 20:22:32,461 - INFO - Saved data for player 1628971 to daily_data/2026/1628971.csv
2026-04-09 20:22:32,462 - INFO - Processing 1628975 - 1610612753.0 for 2026 (68/294)
2026-04-09 20:22:32,462 - INFO - Fetching ON Regular Season WOWY stats for Team ID: 1610612753, Player ID: 1628975  2025-26
2026-04-09 20:22:33,600 - INFO - Fetched ON Regular Season WOWY stats for Team ID: 1610612753, Player ID: 1628975 across 2025-26
2026-04-09 20:22:35,602 - INFO - Fetching OFF Regular Season WOWY stats for Team ID: 1610612753, Player ID: 1628975  2025-26
2026-04-09 20:22:45,842 - WARNING - Request failed: 500 Server Error: Internal Server Error for url: https://api.pbpstats.com/get-wowy-stats/nba?0Exactly0OnFloor=1628975&TeamId=1610612753&Season=2025-26&SeasonType=Regular+Season&Type=Player. Retrying in 2.32 seconds (attempt 1/3)
2026-04-09 20:22:50,562 - INFO - Fetched OFF Regular Season WOWY stats for Team ID: 1610612753, Player ID: 1628975 across 2025-26
2026-04-09 20:22:55,014 - INFO - Saved data for player 1628975 to daily_data/2026/1628975.csv
2026-04-09 20:22:55,015 - INFO - Processing 1628976 - 1610612753.0 for 2026 (69/294)
2026-04-09 20:22:55,015 - INFO - Fetching ON Regular Season WOWY stats for Team ID: 1610612753, Player ID: 1628976  2025-26
2026-04-09 20:22:56,863 - INFO - Fetched ON Regular Season WOWY stats for Team ID: 1610612753, Player ID: 1628976 across 2025-26
2026-04-09 20:22:58,865 - INFO - Fetching OFF Regular Season WOWY stats for Team ID: 1610612753, Player ID: 1628976  2025-26
2026-04-09 20:23:00,276 - INFO - Fetched OFF Regular Season WOWY stats for Team ID: 1610612753, Player ID: 1628976 across 2025-26
2026-04-09 20:23:04,400 - INFO - Saved data for player 1628976 to daily_data/2026/1628976.csv
2026-04-09 20:23:04,400 - INFO - Processing 1628978 - 1610612750.0 for 2026 (70/294)
2026-04-09 20:23:04,400 - INFO - Fetching ON Regular Season WOWY stats for Team ID: 1610612750, Player ID: 1628978  2025-26
2026-04-09 20:23:05,734 - INFO - Fetched ON Regular Season WOWY stats for Team ID: 1610612750, Player ID: 1628978 across 2025-26
2026-04-09 20:23:07,736 - INFO - Fetching OFF Regular Season WOWY stats for Team ID: 1610612750, Player ID: 1628978  2025-26
2026-04-09 20:23:08,160 - INFO - Fetched OFF Regular Season WOWY stats for Team ID: 1610612750, Player ID: 1628978 across 2025-26
2026-04-09 20:23:12,513 - INFO - Saved data for player 1628978 to daily_data/2026/1628978.csv
2026-04-09 20:23:12,513 - INFO - Progress: 70/294 players processed (23.8%)
2026-04-09 20:23:12,514 - INFO - Processing 1628983 - 1610612760.0 for 2026 (71/294)
2026-04-09 20:23:12,514 - INFO - Fetching ON Regular Season WOWY stats for Team ID: 1610612760, Player ID: 1628983  2025-26
2026-04-09 20:23:14,022 - INFO - Fetched ON Regular Season WOWY stats for Team ID: 1610612760, Player ID: 1628983 across 2025-26
2026-04-09 20:23:16,025 - INFO - Fetching OFF Regular Season WOWY stats for Team ID: 1610612760, Player ID: 1628983  2025-26
2026-04-09 20:23:17,804 - INFO - Fetched OFF Regular Season WOWY stats for Team ID: 1610612760, Player ID: 1628983 across 2025-26
2026-04-09 20:23:22,063 - INFO - Saved data for player 1628983 to daily_data/2026/1628983.csv
2026-04-09 20:23:22,063 - INFO - Processing 1628989 - 1610612765.0 for 2026 (72/294)
2026-04-09 20:23:22,064 - INFO - Fetching ON Regular Season WOWY stats for Team ID: 1610612765, Player ID: 1628989  2025-26
2026-04-09 20:23:23,205 - INFO - Fetched ON Regular Season WOWY stats for Team ID: 1610612765, Player ID: 1628989 across 2025-26
2026-04-09 20:23:25,207 - INFO - Fetching OFF Regular Season WOWY stats for Team ID: 1610612765, Player ID: 1628989  2025-26
2026-04-09 20:23:26,952 - INFO - Fetched OFF Regular Season WOWY stats for Team ID: 1610612765, Player ID: 1628989 across 2025-26
2026-04-09 20:23:31,742 - INFO - Saved data for player 1628989 to daily_data/2026/1628989.csv
2026-04-09 20:23:31,743 - INFO - Processing 1628991 - 1610612763.0 for 2026 (73/294)
2026-04-09 20:23:31,743 - INFO - Fetching ON Regular Season WOWY stats for Team ID: 1610612763, Player ID: 1628991  2025-26
2026-04-09 20:23:32,994 - INFO - Fetched ON Regular Season WOWY stats for Team ID: 1610612763, Player ID: 1628991 across 2025-26
2026-04-09 20:23:34,996 - INFO - Fetching OFF Regular Season WOWY stats for Team ID: 1610612763, Player ID: 1628991  2025-26
2026-04-09 20:23:37,153 - INFO - Fetched OFF Regular Season WOWY stats for Team ID: 1610612763, Player ID: 1628991 across 2025-26
2026-04-09 20:23:42,162 - INFO - Saved data for player 1628991 to daily_data/2026/1628991.csv
2026-04-09 20:23:42,163 - INFO - Processing 1628997 - 1610612742.0 for 2026 (74/294)
2026-04-09 20:23:42,163 - INFO - Fetching ON Regular Season WOWY stats for Team ID: 1610612742, Player ID: 1628997  2025-26
2026-04-09 20:23:44,230 - INFO - Fetched ON Regular Season WOWY stats for Team ID: 1610612742, Player ID: 1628997 across 2025-26
2026-04-09 20:23:46,232 - INFO - Fetching OFF Regular Season WOWY stats for Team ID: 1610612742, Player ID: 1628997  2025-26
2026-04-09 20:23:49,251 - INFO - Fetched OFF Regular Season WOWY stats for Team ID: 1610612742, Player ID: 1628997 across 2025-26
2026-04-09 20:23:53,848 - INFO - Saved data for player 1628997 to daily_data/2026/1628997.csv
2026-04-09 20:23:53,848 - INFO - Processing 1629018 - 1610612749.0 for 2026 (75/294)
2026-04-09 20:23:53,848 - INFO - Fetching ON Regular Season WOWY stats for Team ID: 1610612749, Player ID: 1629018  2025-26
2026-04-09 20:23:55,185 - INFO - Fetched ON Regular Season WOWY stats for Team ID: 1610612749, Player ID: 1629018 across 2025-26
2026-04-09 20:23:57,187 - INFO - Fetching OFF Regular Season WOWY stats for Team ID: 1610612749, Player ID: 1629018  2025-26
2026-04-09 20:24:01,420 - WARNING - Request failed: 500 Server Error: Internal Server Error for url: https://api.pbpstats.com/get-wowy-stats/nba?0Exactly0OnFloor=1629018&TeamId=1610612749&Season=2025-26&SeasonType=Regular+Season&Type=Player. Retrying in 2.39 seconds (attempt 1/3)
2026-04-09 20:24:07,193 - INFO - Fetched OFF Regular Season WOWY stats for Team ID: 1610612749, Player ID: 1629018 across 2025-26
2026-04-09 20:24:11,552 - INFO - Saved data for player 1629018 to daily_data/2026/1629018.csv
2026-04-09 20:24:11,553 - INFO - Processing 1629021 - 1610612753.0 for 2026 (76/294)
2026-04-09 20:24:11,553 - INFO - Fetching ON Regular Season WOWY stats for Team ID: 1610612753, Player ID: 1629021  2025-26
2026-04-09 20:24:13,493 - INFO - Fetched ON Regular Season WOWY stats for Team ID: 1610612753, Player ID: 1629021 across 2025-26
2026-04-09 20:24:15,495 - INFO - Fetching OFF Regular Season WOWY stats for Team ID: 1610612753, Player ID: 1629021  2025-26
2026-04-09 20:24:19,390 - INFO - Fetched OFF Regular Season WOWY stats for Team ID: 1610612753, Player ID: 1629021 across 2025-26
2026-04-09 20:24:24,231 - INFO - Saved data for player 1629021 to daily_data/2026/1629021.csv
2026-04-09 20:24:24,232 - INFO - Processing 1629023 - 1610612742.0 for 2026 (77/294)
2026-04-09 20:24:24,232 - INFO - Fetching ON Regular Season WOWY stats for Team ID: 1610612742, Player ID: 1629023  2025-26
2026-04-09 20:24:28,486 - INFO - Fetched ON Regular Season WOWY stats for Team ID: 1610612742, Player ID: 1629023 across 2025-26
2026-04-09 20:24:30,489 - INFO - Fetching OFF Regular Season WOWY stats for Team ID: 1610612742, Player ID: 1629023  2025-26
2026-04-09 20:24:34,369 - INFO - Fetched OFF Regular Season WOWY stats for Team ID: 1610612742, Player ID: 1629023 across 2025-26
2026-04-09 20:24:38,446 - INFO - Saved data for player 1629023 to daily_data/2026/1629023.csv
2026-04-09 20:24:38,447 - INFO - Processing 1629026 - 1610612760.0 for 2026 (78/294)
2026-04-09 20:24:38,447 - INFO - Fetching ON Regular Season WOWY stats for Team ID: 1610612760, Player ID: 1629026  2025-26
2026-04-09 20:24:41,033 - INFO - Fetched ON Regular Season WOWY stats for Team ID: 1610612760, Player ID: 1629026 across 2025-26
2026-04-09 20:24:43,036 - INFO - Fetching OFF Regular Season WOWY stats for Team ID: 1610612760, Player ID: 1629026  2025-26
2026-04-09 20:24:46,525 - INFO - Fetched OFF Regular Season WOWY stats for Team ID: 1610612760, Player ID: 1629026 across 2025-26
2026-04-09 20:24:51,138 - INFO - Saved data for player 1629026 to daily_data/2026/1629026.csv
2026-04-09 20:24:51,138 - INFO - Processing 1629027 - 1610612737.0 for 2026 (79/294)
2026-04-09 20:24:51,138 - INFO - Fetching ON Regular Season WOWY stats for Team ID: 1610612737, Player ID: 1629027  2025-26
2026-04-09 20:25:18,724 - WARNING - Request failed: 500 Server Error: Internal Server Error for url: https://api.pbpstats.com/get-wowy-stats/nba?0Exactly1OnFloor=1629027&TeamId=1610612737&Season=2025-26&SeasonType=Regular+Season&Type=Player. Retrying in 2.48 seconds (attempt 1/3)
2026-04-09 20:25:22,954 - INFO - Fetched ON Regular Season WOWY stats for Team ID: 1610612737, Player ID: 1629027 across 2025-26
2026-04-09 20:25:24,956 - INFO - Fetching OFF Regular Season WOWY stats for Team ID: 1610612737, Player ID: 1629027  2025-26
2026-04-09 20:25:29,065 - INFO - Fetched OFF Regular Season WOWY stats for Team ID: 1610612737, Player ID: 1629027 across 2025-26
2026-04-09 20:25:33,346 - INFO - Saved data for player 1629027 to daily_data/2026/1629027.csv
2026-04-09 20:25:33,346 - INFO - Processing 1629048 - 1610612753.0 for 2026 (80/294)
2026-04-09 20:25:33,346 - INFO - Fetching ON Regular Season WOWY stats for Team ID: 1610612753, Player ID: 1629048  2025-26
2026-04-09 20:25:34,619 - INFO - Fetched ON Regular Season WOWY stats for Team ID: 1610612753, Player ID: 1629048 across 2025-26
2026-04-09 20:25:36,621 - INFO - Fetching OFF Regular Season WOWY stats for Team ID: 1610612753, Player ID: 1629048  2025-26
2026-04-09 20:25:38,465 - INFO - Fetched OFF Regular Season WOWY stats for Team ID: 1610612753, Player ID: 1629048 across 2025-26
2026-04-09 20:25:43,139 - INFO - Saved data for player 1629048 to daily_data/2026/1629048.csv
2026-04-09 20:25:43,139 - INFO - Progress: 80/294 players processed (27.2%)
2026-04-09 20:25:43,139 - INFO - Processing 1629057 - 1610612757.0 for 2026 (81/294)
2026-04-09 20:25:43,139 - INFO - Fetching ON Regular Season WOWY stats for Team ID: 1610612757, Player ID: 1629057  2025-26
2026-04-09 20:25:44,415 - INFO - Fetched ON Regular Season WOWY stats for Team ID: 1610612757, Player ID: 1629057 across 2025-26
2026-04-09 20:25:46,417 - INFO - Fetching OFF Regular Season WOWY stats for Team ID: 1610612757, Player ID: 1629057  2025-26
2026-04-09 20:25:48,314 - INFO - Fetched OFF Regular Season WOWY stats for Team ID: 1610612757, Player ID: 1629057 across 2025-26
2026-04-09 20:25:52,482 - INFO - Saved data for player 1629057 to daily_data/2026/1629057.csv
2026-04-09 20:25:52,483 - INFO - Processing 1629111 - 1610612763.0 for 2026 (82/294)
2026-04-09 20:25:52,483 - INFO - Fetching ON Regular Season WOWY stats for Team ID: 1610612763, Player ID: 1629111  2025-26
2026-04-09 20:25:53,626 - INFO - Fetched ON Regular Season WOWY stats for Team ID: 1610612763, Player ID: 1629111 across 2025-26
2026-04-09 20:25:55,628 - INFO - Fetching OFF Regular Season WOWY stats for Team ID: 1610612763, Player ID: 1629111  2025-26
2026-04-09 20:25:57,877 - INFO - Fetched OFF Regular Season WOWY stats for Team ID: 1610612763, Player ID: 1629111 across 2025-26
2026-04-09 20:26:02,638 - INFO - Processing 1629111 - 1610612737.0 for 2026 (82/294)
2026-04-09 20:26:02,638 - INFO - Fetching ON Regular Season WOWY stats for Team ID: 1610612737, Player ID: 1629111  2025-26
2026-04-09 20:26:04,135 - INFO - Fetched ON Regular Season WOWY stats for Team ID: 1610612737, Player ID: 1629111 across 2025-26
2026-04-09 20:26:06,137 - INFO - Fetching OFF Regular Season WOWY stats for Team ID: 1610612737, Player ID: 1629111  2025-26
2026-04-09 20:26:07,952 - INFO - Fetched OFF Regular Season WOWY stats for Team ID: 1610612737, Player ID: 1629111 across 2025-26
2026-04-09 20:26:12,888 - INFO - Saved data for player 1629111 to daily_data/2026/1629111.csv
2026-04-09 20:26:12,889 - INFO - Processing 1629130 - 1610612765.0 for 2026 (83/294)
2026-04-09 20:26:12,889 - INFO - Fetching ON Regular Season WOWY stats for Team ID: 1610612765, Player ID: 1629130  2025-26
2026-04-09 20:26:37,142 - WARNING - Request failed: 500 Server Error: Internal Server Error for url: https://api.pbpstats.com/get-wowy-stats/nba?0Exactly1OnFloor=1629130&TeamId=1610612765&Season=2025-26&SeasonType=Regular+Season&Type=Player. Retrying in 2.24 seconds (attempt 1/3)
2026-04-09 20:26:41,024 - INFO - Fetched ON Regular Season WOWY stats for Team ID: 1610612765, Player ID: 1629130 across 2025-26
2026-04-09 20:26:43,026 - INFO - Fetching OFF Regular Season WOWY stats for Team ID: 1610612765, Player ID: 1629130  2025-26
2026-04-09 20:27:09,274 - WARNING - Request failed: 500 Server Error: Internal Server Error for url: https://api.pbpstats.com/get-wowy-stats/nba?0Exactly0OnFloor=1629130&TeamId=1610612765&Season=2025-26&SeasonType=Regular+Season&Type=Player. Retrying in 2.96 seconds (attempt 1/3)
2026-04-09 20:27:14,285 - INFO - Fetched OFF Regular Season WOWY stats for Team ID: 1610612765, Player ID: 1629130 across 2025-26
2026-04-09 20:27:18,432 - INFO - Saved data for player 1629130 to daily_data/2026/1629130.csv
2026-04-09 20:27:18,433 - INFO - Processing 1629162 - 1610612759.0 for 2026 (84/294)
2026-04-09 20:27:18,433 - INFO - Fetching ON Regular Season WOWY stats for Team ID: 1610612759, Player ID: 1629162  2025-26
2026-04-09 20:27:19,873 - INFO - Fetched ON Regular Season WOWY stats for Team ID: 1610612759, Player ID: 1629162 across 2025-26
2026-04-09 20:27:21,875 - INFO - Fetching OFF Regular Season WOWY stats for Team ID: 1610612759, Player ID: 1629162  2025-26
2026-04-09 20:27:25,528 - INFO - Fetched OFF Regular Season WOWY stats for Team ID: 1610612759, Player ID: 1629162 across 2025-26
2026-04-09 20:27:30,140 - INFO - Saved data for player 1629162 to daily_data/2026/1629162.csv
2026-04-09 20:27:30,140 - INFO - Processing 1629216 - 1610612737.0 for 2026 (85/294)
2026-04-09 20:27:30,141 - INFO - Fetching ON Regular Season WOWY stats for Team ID: 1610612737, Player ID: 1629216  2025-26
2026-04-09 20:27:31,979 - INFO - Fetched ON Regular Season WOWY stats for Team ID: 1610612737, Player ID: 1629216 across 2025-26
2026-04-09 20:27:33,981 - INFO - Fetching OFF Regular Season WOWY stats for Team ID: 1610612737, Player ID: 1629216  2025-26
2026-04-09 20:27:39,713 - INFO - Fetched OFF Regular Season WOWY stats for Team ID: 1610612737, Player ID: 1629216 across 2025-26
2026-04-09 20:27:44,468 - INFO - Saved data for player 1629216 to daily_data/2026/1629216.csv
2026-04-09 20:27:44,469 - INFO - Processing 1629312 - 1610612756.0 for 2026 (86/294)
2026-04-09 20:27:44,469 - INFO - Fetching ON Regular Season WOWY stats for Team ID: 1610612756, Player ID: 1629312  2025-26
2026-04-09 20:27:44,911 - INFO - Fetched ON Regular Season WOWY stats for Team ID: 1610612756, Player ID: 1629312 across 2025-26
2026-04-09 20:27:46,913 - INFO - Fetching OFF Regular Season WOWY stats for Team ID: 1610612756, Player ID: 1629312  2025-26
2026-04-09 20:27:50,519 - INFO - Fetched OFF Regular Season WOWY stats for Team ID: 1610612756, Player ID: 1629312 across 2025-26
2026-04-09 20:27:54,930 - INFO - Saved data for player 1629312 to daily_data/2026/1629312.csv
2026-04-09 20:27:54,930 - INFO - Processing 1629599 - 1610612749.0 for 2026 (87/294)
2026-04-09 20:27:54,930 - INFO - Fetching ON Regular Season WOWY stats for Team ID: 1610612749, Player ID: 1629599  2025-26
2026-04-09 20:27:55,956 - INFO - Fetched ON Regular Season WOWY stats for Team ID: 1610612749, Player ID: 1629599 across 2025-26
2026-04-09 20:27:57,958 - INFO - Fetching OFF Regular Season WOWY stats for Team ID: 1610612749, Player ID: 1629599  2025-26
2026-04-09 20:28:00,261 - INFO - Fetched OFF Regular Season WOWY stats for Team ID: 1610612749, Player ID: 1629599 across 2025-26
2026-04-09 20:28:05,260 - INFO - Processing 1629599 - 1610612756.0 for 2026 (87/294)
2026-04-09 20:28:05,260 - INFO - Fetching ON Regular Season WOWY stats for Team ID: 1610612756, Player ID: 1629599  2025-26
2026-04-09 20:28:06,362 - INFO - Fetched ON Regular Season WOWY stats for Team ID: 1610612756, Player ID: 1629599 across 2025-26
2026-04-09 20:28:08,364 - INFO - Fetching OFF Regular Season WOWY stats for Team ID: 1610612756, Player ID: 1629599  2025-26
2026-04-09 20:28:10,166 - INFO - Fetched OFF Regular Season WOWY stats for Team ID: 1610612756, Player ID: 1629599 across 2025-26
2026-04-09 20:28:15,013 - INFO - Saved data for player 1629599 to daily_data/2026/1629599.csv
2026-04-09 20:28:15,013 - INFO - Processing 1629618 - 1610612743.0 for 2026 (88/294)
2026-04-09 20:28:15,013 - INFO - Fetching ON Regular Season WOWY stats for Team ID: 1610612743, Player ID: 1629618  2025-26
2026-04-09 20:28:16,255 - INFO - Fetched ON Regular Season WOWY stats for Team ID: 1610612743, Player ID: 1629618 across 2025-26
2026-04-09 20:28:18,257 - INFO - Fetching OFF Regular Season WOWY stats for Team ID: 1610612743, Player ID: 1629618  2025-26
2026-04-09 20:28:19,849 - INFO - Fetched OFF Regular Season WOWY stats for Team ID: 1610612743, Player ID: 1629618 across 2025-26
2026-04-09 20:28:24,624 - INFO - Saved data for player 1629618 to daily_data/2026/1629618.csv
2026-04-09 20:28:24,625 - INFO - Processing 1629622 - 1610612739.0 for 2026 (89/294)
2026-04-09 20:28:24,625 - INFO - Fetching ON Regular Season WOWY stats for Team ID: 1610612739, Player ID: 1629622  2025-26
2026-04-09 20:28:25,668 - INFO - Fetched ON Regular Season WOWY stats for Team ID: 1610612739, Player ID: 1629622 across 2025-26
2026-04-09 20:28:27,671 - INFO - Fetching OFF Regular Season WOWY stats for Team ID: 1610612739, Player ID: 1629622  2025-26
2026-04-09 20:28:29,811 - INFO - Fetched OFF Regular Season WOWY stats for Team ID: 1610612739, Player ID: 1629622 across 2025-26
2026-04-09 20:28:34,699 - INFO - Saved data for player 1629622 to daily_data/2026/1629622.csv
2026-04-09 20:28:34,700 - INFO - Processing 1629630 - 1610612763.0 for 2026 (90/294)
2026-04-09 20:28:34,700 - INFO - Fetching ON Regular Season WOWY stats for Team ID: 1610612763, Player ID: 1629630  2025-26
2026-04-09 20:28:35,812 - INFO - Fetched ON Regular Season WOWY stats for Team ID: 1610612763, Player ID: 1629630 across 2025-26
2026-04-09 20:28:37,815 - INFO - Fetching OFF Regular Season WOWY stats for Team ID: 1610612763, Player ID: 1629630  2025-26
2026-04-09 20:28:40,231 - INFO - Fetched OFF Regular Season WOWY stats for Team ID: 1610612763, Player ID: 1629630 across 2025-26
2026-04-09 20:28:45,029 - INFO - Saved data for player 1629630 to daily_data/2026/1629630.csv
2026-04-09 20:28:45,029 - INFO - Progress: 90/294 players processed (30.6%)
2026-04-09 20:28:45,030 - INFO - Processing 1629631 - 1610612739.0 for 2026 (91/294)
2026-04-09 20:28:45,030 - INFO - Fetching ON Regular Season WOWY stats for Team ID: 1610612739, Player ID: 1629631  2025-26
2026-04-09 20:28:46,295 - INFO - Fetched ON Regular Season WOWY stats for Team ID: 1610612739, Player ID: 1629631 across 2025-26
2026-04-09 20:28:48,298 - INFO - Fetching OFF Regular Season WOWY stats for Team ID: 1610612739, Player ID: 1629631  2025-26
2026-04-09 20:28:50,149 - INFO - Fetched OFF Regular Season WOWY stats for Team ID: 1610612739, Player ID: 1629631 across 2025-26
2026-04-09 20:28:54,970 - INFO - Saved data for player 1629631 to daily_data/2026/1629631.csv
2026-04-09 20:28:54,971 - INFO - Processing 1629634 - 1610612763.0 for 2026 (92/294)
2026-04-09 20:28:54,971 - INFO - Fetching ON Regular Season WOWY stats for Team ID: 1610612763, Player ID: 1629634  2025-26
2026-04-09 20:28:55,703 - INFO - Fetched ON Regular Season WOWY stats for Team ID: 1610612763, Player ID: 1629634 across 2025-26
2026-04-09 20:28:57,705 - INFO - Fetching OFF Regular Season WOWY stats for Team ID: 1610612763, Player ID: 1629634  2025-26
2026-04-09 20:29:00,057 - INFO - Fetched OFF Regular Season WOWY stats for Team ID: 1610612763, Player ID: 1629634 across 2025-26
2026-04-09 20:29:04,769 - INFO - Saved data for player 1629634 to daily_data/2026/1629634.csv
2026-04-09 20:29:04,769 - INFO - Processing 1629636 - 1610612739.0 for 2026 (93/294)
2026-04-09 20:29:04,769 - INFO - Fetching ON Regular Season WOWY stats for Team ID: 1610612739, Player ID: 1629636  2025-26
2026-04-09 20:29:06,017 - INFO - Fetched ON Regular Season WOWY stats for Team ID: 1610612739, Player ID: 1629636 across 2025-26
2026-04-09 20:29:08,019 - INFO - Fetching OFF Regular Season WOWY stats for Team ID: 1610612739, Player ID: 1629636  2025-26
2026-04-09 20:29:10,101 - INFO - Fetched OFF Regular Season WOWY stats for Team ID: 1610612739, Player ID: 1629636 across 2025-26
2026-04-09 20:29:14,582 - INFO - Processing 1629636 - 1610612746.0 for 2026 (93/294)
2026-04-09 20:29:14,582 - INFO - Fetching ON Regular Season WOWY stats for Team ID: 1610612746, Player ID: 1629636  2025-26
2026-04-09 20:29:15,574 - INFO - Fetched ON Regular Season WOWY stats for Team ID: 1610612746, Player ID: 1629636 across 2025-26
2026-04-09 20:29:17,577 - INFO - Fetching OFF Regular Season WOWY stats for Team ID: 1610612746, Player ID: 1629636  2025-26
2026-04-09 20:29:18,076 - INFO - Fetched OFF Regular Season WOWY stats for Team ID: 1610612746, Player ID: 1629636 across 2025-26
2026-04-09 20:29:22,374 - INFO - Saved data for player 1629636 to daily_data/2026/1629636.csv
2026-04-09 20:29:22,374 - INFO - Processing 1629638 - 1610612737.0 for 2026 (94/294)
2026-04-09 20:29:22,374 - INFO - Fetching ON Regular Season WOWY stats for Team ID: 1610612737, Player ID: 1629638  2025-26
2026-04-09 20:29:26,769 - INFO - Fetched ON Regular Season WOWY stats for Team ID: 1610612737, Player ID: 1629638 across 2025-26
2026-04-09 20:29:28,771 - INFO - Fetching OFF Regular Season WOWY stats for Team ID: 1610612737, Player ID: 1629638  2025-26
2026-04-09 20:29:30,484 - INFO - Fetched OFF Regular Season WOWY stats for Team ID: 1610612737, Player ID: 1629638 across 2025-26
2026-04-09 20:29:35,452 - INFO - Saved data for player 1629638 to daily_data/2026/1629638.csv
2026-04-09 20:29:35,453 - INFO - Processing 1629640 - 1610612759.0 for 2026 (95/294)
2026-04-09 20:29:35,453 - INFO - Fetching ON Regular Season WOWY stats for Team ID: 1610612759, Player ID: 1629640  2025-26
2026-04-09 20:29:36,878 - INFO - Fetched ON Regular Season WOWY stats for Team ID: 1610612759, Player ID: 1629640 across 2025-26
2026-04-09 20:29:38,880 - INFO - Fetching OFF Regular Season WOWY stats for Team ID: 1610612759, Player ID: 1629640  2025-26
2026-04-09 20:29:40,099 - INFO - Fetched OFF Regular Season WOWY stats for Team ID: 1610612759, Player ID: 1629640 across 2025-26
2026-04-09 20:29:44,971 - INFO - Saved data for player 1629640 to daily_data/2026/1629640.csv
2026-04-09 20:29:44,971 - INFO - Processing 1629645 - 1610612749.0 for 2026 (96/294)
2026-04-09 20:29:44,972 - INFO - Fetching ON Regular Season WOWY stats for Team ID: 1610612749, Player ID: 1629645  2025-26
2026-04-09 20:29:46,114 - INFO - Fetched ON Regular Season WOWY stats for Team ID: 1610612749, Player ID: 1629645 across 2025-26
2026-04-09 20:29:48,116 - INFO - Fetching OFF Regular Season WOWY stats for Team ID: 1610612749, Player ID: 1629645  2025-26
2026-04-09 20:29:50,085 - INFO - Fetched OFF Regular Season WOWY stats for Team ID: 1610612749, Player ID: 1629645 across 2025-26
2026-04-09 20:29:54,634 - INFO - Saved data for player 1629645 to daily_data/2026/1629645.csv
2026-04-09 20:29:54,635 - INFO - Processing 1629646 - 1610612763.0 for 2026 (97/294)
2026-04-09 20:29:54,635 - INFO - Fetching ON Regular Season WOWY stats for Team ID: 1610612763, Player ID: 1629646  2025-26
2026-04-09 20:30:02,888 - WARNING - Request failed: 500 Server Error: Internal Server Error for url: https://api.pbpstats.com/get-wowy-stats/nba?0Exactly1OnFloor=1629646&TeamId=1610612763&Season=2025-26&SeasonType=Regular+Season&Type=Player. Retrying in 2.36 seconds (attempt 1/3)
2026-04-09 20:30:06,182 - INFO - Fetched ON Regular Season WOWY stats for Team ID: 1610612763, Player ID: 1629646 across 2025-26
2026-04-09 20:30:08,184 - INFO - Fetching OFF Regular Season WOWY stats for Team ID: 1610612763, Player ID: 1629646  2025-26
2026-04-09 20:30:10,981 - INFO - Fetched OFF Regular Season WOWY stats for Team ID: 1610612763, Player ID: 1629646 across 2025-26
2026-04-09 20:30:15,020 - INFO - Saved data for player 1629646 to daily_data/2026/1629646.csv
2026-04-09 20:30:15,020 - INFO - Processing 1629652 - 1610612760.0 for 2026 (98/294)
2026-04-09 20:30:15,020 - INFO - Fetching ON Regular Season WOWY stats for Team ID: 1610612760, Player ID: 1629652  2025-26
2026-04-09 20:30:17,058 - INFO - Fetched ON Regular Season WOWY stats for Team ID: 1610612760, Player ID: 1629652 across 2025-26
2026-04-09 20:30:19,060 - INFO - Fetching OFF Regular Season WOWY stats for Team ID: 1610612760, Player ID: 1629652  2025-26
2026-04-09 20:30:21,558 - INFO - Fetched OFF Regular Season WOWY stats for Team ID: 1610612760, Player ID: 1629652 across 2025-26
2026-04-09 20:30:26,067 - INFO - Saved data for player 1629652 to daily_data/2026/1629652.csv
2026-04-09 20:30:26,068 - INFO - Processing 1629655 - 1610612742.0 for 2026 (99/294)
2026-04-09 20:30:26,068 - INFO - Fetching ON Regular Season WOWY stats for Team ID: 1610612742, Player ID: 1629655  2025-26
2026-04-09 20:30:28,105 - INFO - Fetched ON Regular Season WOWY stats for Team ID: 1610612742, Player ID: 1629655 across 2025-26
2026-04-09 20:30:30,107 - INFO - Fetching OFF Regular Season WOWY stats for Team ID: 1610612742, Player ID: 1629655  2025-26
2026-04-09 20:30:30,737 - INFO - Fetched OFF Regular Season WOWY stats for Team ID: 1610612742, Player ID: 1629655 across 2025-26
2026-04-09 20:30:35,680 - INFO - Saved data for player 1629655 to daily_data/2026/1629655.csv
2026-04-09 20:30:35,681 - INFO - Processing 1629660 - 1610612763.0 for 2026 (100/294)
2026-04-09 20:30:35,681 - INFO - Fetching ON Regular Season WOWY stats for Team ID: 1610612763, Player ID: 1629660  2025-26
2026-04-09 20:30:37,329 - INFO - Fetched ON Regular Season WOWY stats for Team ID: 1610612763, Player ID: 1629660 across 2025-26
2026-04-09 20:30:39,331 - INFO - Fetching OFF Regular Season WOWY stats for Team ID: 1610612763, Player ID: 1629660  2025-26
2026-04-09 20:30:41,828 - INFO - Fetched OFF Regular Season WOWY stats for Team ID: 1610612763, Player ID: 1629660 across 2025-26
2026-04-09 20:30:46,859 - INFO - Saved data for player 1629660 to daily_data/2026/1629660.csv
2026-04-09 20:30:46,859 - INFO - Progress: 100/294 players processed (34.0%)
2026-04-09 20:30:46,859 - INFO - Processing 1629661 - 1610612743.0 for 2026 (101/294)
2026-04-09 20:30:46,859 - INFO - Fetching ON Regular Season WOWY stats for Team ID: 1610612743, Player ID: 1629661  2025-26
2026-04-09 20:30:48,050 - INFO - Fetched ON Regular Season WOWY stats for Team ID: 1610612743, Player ID: 1629661 across 2025-26
2026-04-09 20:30:50,052 - INFO - Fetching OFF Regular Season WOWY stats for Team ID: 1610612743, Player ID: 1629661  2025-26
2026-04-09 20:30:51,639 - INFO - Fetched OFF Regular Season WOWY stats for Team ID: 1610612743, Player ID: 1629661 across 2025-26
2026-04-09 20:30:56,131 - INFO - Saved data for player 1629661 to daily_data/2026/1629661.csv
2026-04-09 20:30:56,132 - INFO - Processing 1629675 - 1610612750.0 for 2026 (102/294)
2026-04-09 20:30:56,132 - INFO - Fetching ON Regular Season WOWY stats for Team ID: 1610612750, Player ID: 1629675  2025-26
2026-04-09 20:30:57,497 - INFO - Fetched ON Regular Season WOWY stats for Team ID: 1610612750, Player ID: 1629675 across 2025-26
2026-04-09 20:30:59,499 - INFO - Fetching OFF Regular Season WOWY stats for Team ID: 1610612750, Player ID: 1629675  2025-26
2026-04-09 20:31:00,861 - INFO - Fetched OFF Regular Season WOWY stats for Team ID: 1610612750, Player ID: 1629675 across 2025-26
2026-04-09 20:31:05,479 - INFO - Saved data for player 1629675 to daily_data/2026/1629675.csv
2026-04-09 20:31:05,480 - INFO - Processing 1629680 - 1610612757.0 for 2026 (103/294)
2026-04-09 20:31:05,480 - INFO - Fetching ON Regular Season WOWY stats for Team ID: 1610612757, Player ID: 1629680  2025-26
2026-04-09 20:31:13,722 - WARNING - Request failed: 500 Server Error: Internal Server Error for url: https://api.pbpstats.com/get-wowy-stats/nba?0Exactly1OnFloor=1629680&TeamId=1610612757&Season=2025-26&SeasonType=Regular+Season&Type=Player. Retrying in 2.38 seconds (attempt 1/3)
2026-04-09 20:31:17,316 - INFO - Fetched ON Regular Season WOWY stats for Team ID: 1610612757, Player ID: 1629680 across 2025-26
2026-04-09 20:31:19,318 - INFO - Fetching OFF Regular Season WOWY stats for Team ID: 1610612757, Player ID: 1629680  2025-26
2026-04-09 20:31:29,421 - INFO - Fetched OFF Regular Season WOWY stats for Team ID: 1610612757, Player ID: 1629680 across 2025-26
2026-04-09 20:31:33,496 - INFO - Saved data for player 1629680 to daily_data/2026/1629680.csv
2026-04-09 20:31:33,497 - INFO - Processing 1629723 - 1610612763.0 for 2026 (104/294)
2026-04-09 20:31:33,497 - INFO - Fetching ON Regular Season WOWY stats for Team ID: 1610612763, Player ID: 1629723  2025-26
2026-04-09 20:31:35,109 - INFO - Fetched ON Regular Season WOWY stats for Team ID: 1610612763, Player ID: 1629723 across 2025-26
2026-04-09 20:31:37,111 - INFO - Fetching OFF Regular Season WOWY stats for Team ID: 1610612763, Player ID: 1629723  2025-26
2026-04-09 20:31:49,343 - WARNING - Request failed: 500 Server Error: Internal Server Error for url: https://api.pbpstats.com/get-wowy-stats/nba?0Exactly0OnFloor=1629723&TeamId=1610612763&Season=2025-26&SeasonType=Regular+Season&Type=Player. Retrying in 2.50 seconds (attempt 1/3)
2026-04-09 20:32:15,557 - INFO - Fetched OFF Regular Season WOWY stats for Team ID: 1610612763, Player ID: 1629723 across 2025-26
2026-04-09 20:32:20,385 - INFO - Saved data for player 1629723 to daily_data/2026/1629723.csv
2026-04-09 20:32:20,386 - INFO - Processing 1629731 - 1610612739.0 for 2026 (105/294)
2026-04-09 20:32:20,386 - INFO - Fetching ON Regular Season WOWY stats for Team ID: 1610612739, Player ID: 1629731  2025-26
2026-04-09 20:32:22,583 - INFO - Fetched ON Regular Season WOWY stats for Team ID: 1610612739, Player ID: 1629731 across 2025-26
2026-04-09 20:32:24,585 - INFO - Fetching OFF Regular Season WOWY stats for Team ID: 1610612739, Player ID: 1629731  2025-26
2026-04-09 20:32:27,427 - INFO - Fetched OFF Regular Season WOWY stats for Team ID: 1610612739, Player ID: 1629731 across 2025-26
2026-04-09 20:32:32,201 - INFO - Saved data for player 1629731 to daily_data/2026/1629731.csv
2026-04-09 20:32:32,202 - INFO - Processing 1629750 - 1610612765.0 for 2026 (106/294)
2026-04-09 20:32:32,202 - INFO - Fetching ON Regular Season WOWY stats for Team ID: 1610612765, Player ID: 1629750  2025-26
2026-04-09 20:32:36,487 - INFO - Fetched ON Regular Season WOWY stats for Team ID: 1610612765, Player ID: 1629750 across 2025-26
2026-04-09 20:32:38,489 - INFO - Fetching OFF Regular Season WOWY stats for Team ID: 1610612765, Player ID: 1629750  2025-26
2026-04-09 20:32:41,784 - INFO - Fetched OFF Regular Season WOWY stats for Team ID: 1610612765, Player ID: 1629750 across 2025-26
2026-04-09 20:32:46,677 - INFO - Saved data for player 1629750 to daily_data/2026/1629750.csv
2026-04-09 20:32:46,678 - INFO - Processing 1630162 - 1610612750.0 for 2026 (107/294)
2026-04-09 20:32:46,678 - INFO - Fetching ON Regular Season WOWY stats for Team ID: 1610612750, Player ID: 1630162  2025-26
2026-04-09 20:32:47,154 - INFO - Fetched ON Regular Season WOWY stats for Team ID: 1610612750, Player ID: 1630162 across 2025-26
2026-04-09 20:32:49,156 - INFO - Fetching OFF Regular Season WOWY stats for Team ID: 1610612750, Player ID: 1630162  2025-26
2026-04-09 20:32:49,680 - INFO - Fetched OFF Regular Season WOWY stats for Team ID: 1610612750, Player ID: 1630162 across 2025-26
2026-04-09 20:32:54,654 - INFO - Saved data for player 1630162 to daily_data/2026/1630162.csv
2026-04-09 20:32:54,655 - INFO - Processing 1630166 - 1610612757.0 for 2026 (108/294)
2026-04-09 20:32:54,655 - INFO - Fetching ON Regular Season WOWY stats for Team ID: 1610612757, Player ID: 1630166  2025-26
2026-04-09 20:32:56,783 - INFO - Fetched ON Regular Season WOWY stats for Team ID: 1610612757, Player ID: 1630166 across 2025-26
2026-04-09 20:32:58,785 - INFO - Fetching OFF Regular Season WOWY stats for Team ID: 1610612757, Player ID: 1630166  2025-26
2026-04-09 20:33:02,021 - INFO - Fetched OFF Regular Season WOWY stats for Team ID: 1610612757, Player ID: 1630166 across 2025-26
2026-04-09 20:33:06,757 - INFO - Saved data for player 1630166 to daily_data/2026/1630166.csv
2026-04-09 20:33:06,757 - INFO - Processing 1630168 - 1610612737.0 for 2026 (109/294)
2026-04-09 20:33:06,757 - INFO - Fetching ON Regular Season WOWY stats for Team ID: 1610612737, Player ID: 1630168  2025-26
2026-04-09 20:33:08,204 - INFO - Fetched ON Regular Season WOWY stats for Team ID: 1610612737, Player ID: 1630168 across 2025-26
2026-04-09 20:33:10,206 - INFO - Fetching OFF Regular Season WOWY stats for Team ID: 1610612737, Player ID: 1630168  2025-26
2026-04-09 20:33:11,717 - INFO - Fetched OFF Regular Season WOWY stats for Team ID: 1610612737, Player ID: 1630168 across 2025-26
2026-04-09 20:33:16,680 - INFO - Saved data for player 1630168 to daily_data/2026/1630168.csv
2026-04-09 20:33:16,681 - INFO - Processing 1630170 - 1610612759.0 for 2026 (110/294)
2026-04-09 20:33:16,681 - INFO - Fetching ON Regular Season WOWY stats for Team ID: 1610612759, Player ID: 1630170  2025-26
2026-04-09 20:33:18,004 - INFO - Fetched ON Regular Season WOWY stats for Team ID: 1610612759, Player ID: 1630170 across 2025-26
2026-04-09 20:33:20,006 - INFO - Fetching OFF Regular Season WOWY stats for Team ID: 1610612759, Player ID: 1630170  2025-26
2026-04-09 20:33:21,384 - INFO - Fetched OFF Regular Season WOWY stats for Team ID: 1610612759, Player ID: 1630170 across 2025-26
2026-04-09 20:33:25,791 - INFO - Saved data for player 1630170 to daily_data/2026/1630170.csv
2026-04-09 20:33:25,791 - INFO - Progress: 110/294 players processed (37.4%)
2026-04-09 20:33:25,791 - INFO - Processing 1630175 - 1610612749.0 for 2026 (111/294)
2026-04-09 20:33:25,791 - INFO - Fetching ON Regular Season WOWY stats for Team ID: 1610612749, Player ID: 1630175  2025-26
2026-04-09 20:33:26,223 - INFO - Fetched ON Regular Season WOWY stats for Team ID: 1610612749, Player ID: 1630175 across 2025-26
2026-04-09 20:33:28,225 - INFO - Fetching OFF Regular Season WOWY stats for Team ID: 1610612749, Player ID: 1630175  2025-26
2026-04-09 20:33:30,057 - INFO - Fetched OFF Regular Season WOWY stats for Team ID: 1610612749, Player ID: 1630175 across 2025-26
2026-04-09 20:33:34,565 - INFO - Saved data for player 1630175 to daily_data/2026/1630175.csv
2026-04-09 20:33:34,566 - INFO - Processing 1630183 - 1610612750.0 for 2026 (112/294)
2026-04-09 20:33:34,566 - INFO - Fetching ON Regular Season WOWY stats for Team ID: 1610612750, Player ID: 1630183  2025-26
2026-04-09 20:33:35,885 - INFO - Fetched ON Regular Season WOWY stats for Team ID: 1610612750, Player ID: 1630183 across 2025-26
2026-04-09 20:33:37,887 - INFO - Fetching OFF Regular Season WOWY stats for Team ID: 1610612750, Player ID: 1630183  2025-26
2026-04-09 20:33:39,199 - INFO - Fetched OFF Regular Season WOWY stats for Team ID: 1610612750, Player ID: 1630183 across 2025-26
2026-04-09 20:33:43,546 - INFO - Saved data for player 1630183 to daily_data/2026/1630183.csv
2026-04-09 20:33:43,547 - INFO - Processing 1630191 - 1610612765.0 for 2026 (113/294)
2026-04-09 20:33:43,547 - INFO - Fetching ON Regular Season WOWY stats for Team ID: 1610612765, Player ID: 1630191  2025-26
2026-04-09 20:33:44,812 - INFO - Fetched ON Regular Season WOWY stats for Team ID: 1610612765, Player ID: 1630191 across 2025-26
2026-04-09 20:33:46,814 - INFO - Fetching OFF Regular Season WOWY stats for Team ID: 1610612765, Player ID: 1630191  2025-26
2026-04-09 20:33:48,644 - INFO - Fetched OFF Regular Season WOWY stats for Team ID: 1610612765, Player ID: 1630191 across 2025-26
2026-04-09 20:33:53,642 - INFO - Saved data for player 1630191 to daily_data/2026/1630191.csv
2026-04-09 20:33:53,642 - INFO - Processing 1630192 - 1610612743.0 for 2026 (114/294)
2026-04-09 20:33:53,643 - INFO - Fetching ON Regular Season WOWY stats for Team ID: 1610612743, Player ID: 1630192  2025-26
2026-04-09 20:33:55,179 - INFO - Fetched ON Regular Season WOWY stats for Team ID: 1610612743, Player ID: 1630192 across 2025-26
2026-04-09 20:33:57,181 - INFO - Fetching OFF Regular Season WOWY stats for Team ID: 1610612743, Player ID: 1630192  2025-26
2026-04-09 20:34:00,038 - INFO - Fetched OFF Regular Season WOWY stats for Team ID: 1610612743, Player ID: 1630192 across 2025-26
2026-04-09 20:34:04,107 - INFO - Saved data for player 1630192 to daily_data/2026/1630192.csv
2026-04-09 20:34:04,107 - INFO - Processing 1630194 - 1610612765.0 for 2026 (115/294)
2026-04-09 20:34:04,107 - INFO - Fetching ON Regular Season WOWY stats for Team ID: 1610612765, Player ID: 1630194  2025-26
2026-04-09 20:34:30,650 - INFO - Fetched ON Regular Season WOWY stats for Team ID: 1610612765, Player ID: 1630194 across 2025-26
2026-04-09 20:34:32,652 - INFO - Fetching OFF Regular Season WOWY stats for Team ID: 1610612765, Player ID: 1630194  2025-26
2026-04-09 20:34:35,242 - INFO - Fetched OFF Regular Season WOWY stats for Team ID: 1610612765, Player ID: 1630194 across 2025-26
2026-04-09 20:34:40,004 - INFO - Saved data for player 1630194 to daily_data/2026/1630194.csv
2026-04-09 20:34:40,004 - INFO - Processing 1630198 - 1610612760.0 for 2026 (116/294)
2026-04-09 20:34:40,005 - INFO - Fetching ON Regular Season WOWY stats for Team ID: 1610612760, Player ID: 1630198  2025-26
2026-04-09 20:34:40,429 - INFO - Fetched ON Regular Season WOWY stats for Team ID: 1610612760, Player ID: 1630198 across 2025-26
2026-04-09 20:34:42,432 - INFO - Fetching OFF Regular Season WOWY stats for Team ID: 1610612760, Player ID: 1630198  2025-26
2026-04-09 20:34:42,888 - INFO - Fetched OFF Regular Season WOWY stats for Team ID: 1610612760, Player ID: 1630198 across 2025-26
2026-04-09 20:34:47,563 - INFO - Saved data for player 1630198 to daily_data/2026/1630198.csv
2026-04-09 20:34:47,564 - INFO - Processing 1630208 - 1610612756.0 for 2026 (117/294)
2026-04-09 20:34:47,564 - INFO - Fetching ON Regular Season WOWY stats for Team ID: 1610612756, Player ID: 1630208  2025-26
2026-04-09 20:34:48,517 - INFO - Fetched ON Regular Season WOWY stats for Team ID: 1610612756, Player ID: 1630208 across 2025-26
2026-04-09 20:34:50,519 - INFO - Fetching OFF Regular Season WOWY stats for Team ID: 1610612756, Player ID: 1630208  2025-26
2026-04-09 20:34:52,290 - INFO - Fetched OFF Regular Season WOWY stats for Team ID: 1610612756, Player ID: 1630208 across 2025-26
2026-04-09 20:34:56,734 - INFO - Saved data for player 1630208 to daily_data/2026/1630208.csv
2026-04-09 20:34:56,735 - INFO - Processing 1630217 - 1610612753.0 for 2026 (118/294)
2026-04-09 20:34:56,735 - INFO - Fetching ON Regular Season WOWY stats for Team ID: 1610612753, Player ID: 1630217  2025-26
2026-04-09 20:34:58,074 - INFO - Fetched ON Regular Season WOWY stats for Team ID: 1610612753, Player ID: 1630217 across 2025-26
2026-04-09 20:35:00,076 - INFO - Fetching OFF Regular Season WOWY stats for Team ID: 1610612753, Player ID: 1630217  2025-26
2026-04-09 20:35:01,394 - INFO - Fetched OFF Regular Season WOWY stats for Team ID: 1610612753, Player ID: 1630217 across 2025-26
2026-04-09 20:35:06,207 - INFO - Saved data for player 1630217 to daily_data/2026/1630217.csv
2026-04-09 20:35:06,208 - INFO - Processing 1630224 - 1610612756.0 for 2026 (119/294)
2026-04-09 20:35:06,208 - INFO - Fetching ON Regular Season WOWY stats for Team ID: 1610612756, Player ID: 1630224  2025-26
2026-04-09 20:35:07,518 - INFO - Fetched ON Regular Season WOWY stats for Team ID: 1610612756, Player ID: 1630224 across 2025-26
2026-04-09 20:35:09,521 - INFO - Fetching OFF Regular Season WOWY stats for Team ID: 1610612756, Player ID: 1630224  2025-26
2026-04-09 20:35:11,512 - INFO - Fetched OFF Regular Season WOWY stats for Team ID: 1610612756, Player ID: 1630224 across 2025-26
2026-04-09 20:35:16,115 - INFO - Saved data for player 1630224 to daily_data/2026/1630224.csv
2026-04-09 20:35:16,116 - INFO - Processing 1630228 - 1610612737.0 for 2026 (120/294)
2026-04-09 20:35:16,116 - INFO - Fetching ON Regular Season WOWY stats for Team ID: 1610612737, Player ID: 1630228  2025-26
2026-04-09 20:35:17,173 - INFO - Fetched ON Regular Season WOWY stats for Team ID: 1610612737, Player ID: 1630228 across 2025-26
2026-04-09 20:35:19,174 - INFO - Fetching OFF Regular Season WOWY stats for Team ID: 1610612737, Player ID: 1630228  2025-26
2026-04-09 20:35:21,040 - INFO - Fetched OFF Regular Season WOWY stats for Team ID: 1610612737, Player ID: 1630228 across 2025-26
2026-04-09 20:35:25,950 - INFO - Saved data for player 1630228 to daily_data/2026/1630228.csv
2026-04-09 20:35:25,950 - INFO - Progress: 120/294 players processed (40.8%)
2026-04-09 20:35:25,950 - INFO - Processing 1630230 - 1610612742.0 for 2026 (121/294)
2026-04-09 20:35:25,951 - INFO - Fetching ON Regular Season WOWY stats for Team ID: 1610612742, Player ID: 1630230  2025-26
2026-04-09 20:35:26,390 - INFO - Fetched ON Regular Season WOWY stats for Team ID: 1610612742, Player ID: 1630230 across 2025-26
2026-04-09 20:35:28,392 - INFO - Fetching OFF Regular Season WOWY stats for Team ID: 1610612742, Player ID: 1630230  2025-26
2026-04-09 20:35:30,960 - INFO - Fetched OFF Regular Season WOWY stats for Team ID: 1610612742, Player ID: 1630230 across 2025-26
2026-04-09 20:35:35,692 - INFO - Saved data for player 1630230 to daily_data/2026/1630230.csv
2026-04-09 20:35:35,692 - INFO - Processing 1630241 - 1610612739.0 for 2026 (122/294)
2026-04-09 20:35:35,692 - INFO - Fetching ON Regular Season WOWY stats for Team ID: 1610612739, Player ID: 1630241  2025-26
2026-04-09 20:35:38,340 - INFO - Fetched ON Regular Season WOWY stats for Team ID: 1610612739, Player ID: 1630241 across 2025-26
2026-04-09 20:35:40,341 - INFO - Fetching OFF Regular Season WOWY stats for Team ID: 1610612739, Player ID: 1630241  2025-26
2026-04-09 20:35:43,363 - INFO - Fetched OFF Regular Season WOWY stats for Team ID: 1610612739, Player ID: 1630241 across 2025-26
2026-04-09 20:35:47,704 - INFO - Saved data for player 1630241 to daily_data/2026/1630241.csv
2026-04-09 20:35:47,704 - INFO - Processing 1630245 - 1610612750.0 for 2026 (123/294)
2026-04-09 20:35:47,705 - INFO - Fetching ON Regular Season WOWY stats for Team ID: 1610612750, Player ID: 1630245  2025-26
2026-04-09 20:35:48,765 - INFO - Fetched ON Regular Season WOWY stats for Team ID: 1610612750, Player ID: 1630245 across 2025-26
2026-04-09 20:35:50,768 - INFO - Fetching OFF Regular Season WOWY stats for Team ID: 1610612750, Player ID: 1630245  2025-26
2026-04-09 20:35:51,174 - INFO - Fetched OFF Regular Season WOWY stats for Team ID: 1610612750, Player ID: 1630245 across 2025-26
2026-04-09 20:35:55,237 - INFO - Saved data for player 1630245 to daily_data/2026/1630245.csv
2026-04-09 20:35:55,238 - INFO - Processing 1630249 - 1610612737.0 for 2026 (124/294)
2026-04-09 20:35:55,238 - INFO - Fetching ON Regular Season WOWY stats for Team ID: 1610612737, Player ID: 1630249  2025-26
2026-04-09 20:35:56,439 - INFO - Fetched ON Regular Season WOWY stats for Team ID: 1610612737, Player ID: 1630249 across 2025-26
2026-04-09 20:35:58,441 - INFO - Fetching OFF Regular Season WOWY stats for Team ID: 1610612737, Player ID: 1630249  2025-26
2026-04-09 20:35:59,920 - INFO - Fetched OFF Regular Season WOWY stats for Team ID: 1610612737, Player ID: 1630249 across 2025-26
2026-04-09 20:36:04,061 - INFO - Processing 1630249 - 1610612757.0 for 2026 (124/294)
2026-04-09 20:36:04,062 - INFO - Fetching ON Regular Season WOWY stats for Team ID: 1610612757, Player ID: 1630249  2025-26
2026-04-09 20:36:05,027 - INFO - Fetched ON Regular Season WOWY stats for Team ID: 1610612757, Player ID: 1630249 across 2025-26
2026-04-09 20:36:07,030 - INFO - Fetching OFF Regular Season WOWY stats for Team ID: 1610612757, Player ID: 1630249  2025-26
2026-04-09 20:36:28,329 - INFO - Fetched OFF Regular Season WOWY stats for Team ID: 1610612757, Player ID: 1630249 across 2025-26
2026-04-09 20:36:32,580 - INFO - Saved data for player 1630249 to daily_data/2026/1630249.csv
2026-04-09 20:36:32,581 - INFO - Processing 1630314 - 1610612742.0 for 2026 (125/294)
2026-04-09 20:36:32,581 - INFO - Fetching ON Regular Season WOWY stats for Team ID: 1610612742, Player ID: 1630314  2025-26
2026-04-09 20:36:34,096 - INFO - Fetched ON Regular Season WOWY stats for Team ID: 1610612742, Player ID: 1630314 across 2025-26
2026-04-09 20:36:36,099 - INFO - Fetching OFF Regular Season WOWY stats for Team ID: 1610612742, Player ID: 1630314  2025-26
2026-04-09 20:36:56,331 - WARNING - Request failed: 500 Server Error: Internal Server Error for url: https://api.pbpstats.com/get-wowy-stats/nba?0Exactly0OnFloor=1630314&TeamId=1610612742&Season=2025-26&SeasonType=Regular+Season&Type=Player. Retrying in 2.35 seconds (attempt 1/3)
2026-04-09 20:37:00,954 - INFO - Fetched OFF Regular Season WOWY stats for Team ID: 1610612742, Player ID: 1630314 across 2025-26
2026-04-09 20:37:05,057 - INFO - Saved data for player 1630314 to daily_data/2026/1630314.csv
2026-04-09 20:37:05,058 - INFO - Processing 1630322 - 1610612759.0 for 2026 (126/294)
2026-04-09 20:37:05,058 - INFO - Fetching ON Regular Season WOWY stats for Team ID: 1610612759, Player ID: 1630322  2025-26
2026-04-09 20:37:06,358 - INFO - Fetched ON Regular Season WOWY stats for Team ID: 1610612759, Player ID: 1630322 across 2025-26
2026-04-09 20:37:08,360 - INFO - Fetching OFF Regular Season WOWY stats for Team ID: 1610612759, Player ID: 1630322  2025-26
2026-04-09 20:37:09,994 - INFO - Fetched OFF Regular Season WOWY stats for Team ID: 1610612759, Player ID: 1630322 across 2025-26
2026-04-09 20:37:14,942 - INFO - Saved data for player 1630322 to daily_data/2026/1630322.csv
2026-04-09 20:37:14,943 - INFO - Processing 1630526 - 1610612742.0 for 2026 (127/294)
2026-04-09 20:37:14,943 - INFO - Fetching ON Regular Season WOWY stats for Team ID: 1610612742, Player ID: 1630526  2025-26
2026-04-09 20:37:15,888 - INFO - Fetched ON Regular Season WOWY stats for Team ID: 1610612742, Player ID: 1630526 across 2025-26
2026-04-09 20:37:17,890 - INFO - Fetching OFF Regular Season WOWY stats for Team ID: 1610612742, Player ID: 1630526  2025-26
2026-04-09 20:37:19,988 - INFO - Fetched OFF Regular Season WOWY stats for Team ID: 1610612742, Player ID: 1630526 across 2025-26
2026-04-09 20:37:24,770 - INFO - Saved data for player 1630526 to daily_data/2026/1630526.csv
2026-04-09 20:37:24,770 - INFO - Processing 1630532 - 1610612753.0 for 2026 (128/294)
2026-04-09 20:37:24,771 - INFO - Fetching ON Regular Season WOWY stats for Team ID: 1610612753, Player ID: 1630532  2025-26
2026-04-09 20:37:25,959 - INFO - Fetched ON Regular Season WOWY stats for Team ID: 1610612753, Player ID: 1630532 across 2025-26
2026-04-09 20:37:27,961 - INFO - Fetching OFF Regular Season WOWY stats for Team ID: 1610612753, Player ID: 1630532  2025-26
2026-04-09 20:37:29,744 - INFO - Fetched OFF Regular Season WOWY stats for Team ID: 1610612753, Player ID: 1630532 across 2025-26
2026-04-09 20:37:34,070 - INFO - Saved data for player 1630532 to daily_data/2026/1630532.csv
2026-04-09 20:37:34,071 - INFO - Processing 1630538 - 1610612750.0 for 2026 (129/294)
2026-04-09 20:37:34,071 - INFO - Fetching ON Regular Season WOWY stats for Team ID: 1610612750, Player ID: 1630538  2025-26
2026-04-09 20:37:34,499 - INFO - Fetched ON Regular Season WOWY stats for Team ID: 1610612750, Player ID: 1630538 across 2025-26
2026-04-09 20:37:36,501 - INFO - Fetching OFF Regular Season WOWY stats for Team ID: 1610612750, Player ID: 1630538  2025-26
2026-04-09 20:37:37,828 - INFO - Fetched OFF Regular Season WOWY stats for Team ID: 1610612750, Player ID: 1630538 across 2025-26
2026-04-09 20:37:42,182 - INFO - Saved data for player 1630538 to daily_data/2026/1630538.csv
2026-04-09 20:37:42,183 - INFO - Processing 1630543 - 1610612746.0 for 2026 (130/294)
2026-04-09 20:37:42,183 - INFO - Fetching ON Regular Season WOWY stats for Team ID: 1610612746, Player ID: 1630543  2025-26
2026-04-09 20:37:42,595 - INFO - Fetched ON Regular Season WOWY stats for Team ID: 1610612746, Player ID: 1630543 across 2025-26
2026-04-09 20:37:44,597 - INFO - Fetching OFF Regular Season WOWY stats for Team ID: 1610612746, Player ID: 1630543  2025-26
2026-04-09 20:37:46,580 - INFO - Fetched OFF Regular Season WOWY stats for Team ID: 1610612746, Player ID: 1630543 across 2025-26
2026-04-09 20:37:51,431 - INFO - Saved data for player 1630543 to daily_data/2026/1630543.csv
2026-04-09 20:37:51,431 - INFO - Progress: 130/294 players processed (44.2%)
2026-04-09 20:37:51,432 - INFO - Processing 1630545 - 1610612750.0 for 2026 (131/294)
2026-04-09 20:37:51,432 - INFO - Fetching ON Regular Season WOWY stats for Team ID: 1610612750, Player ID: 1630545  2025-26
2026-04-09 20:37:51,816 - INFO - Fetched ON Regular Season WOWY stats for Team ID: 1610612750, Player ID: 1630545 across 2025-26
2026-04-09 20:37:53,818 - INFO - Fetching OFF Regular Season WOWY stats for Team ID: 1610612750, Player ID: 1630545  2025-26
2026-04-09 20:37:55,086 - INFO - Fetched OFF Regular Season WOWY stats for Team ID: 1610612750, Player ID: 1630545 across 2025-26
2026-04-09 20:37:59,763 - INFO - Saved data for player 1630545 to daily_data/2026/1630545.csv
2026-04-09 20:37:59,764 - INFO - Processing 1630548 - 1610612750.0 for 2026 (132/294)
2026-04-09 20:37:59,764 - INFO - Fetching ON Regular Season WOWY stats for Team ID: 1610612750, Player ID: 1630548  2025-26
2026-04-09 20:38:00,819 - INFO - Fetched ON Regular Season WOWY stats for Team ID: 1610612750, Player ID: 1630548 across 2025-26
2026-04-09 20:38:02,822 - INFO - Fetching OFF Regular Season WOWY stats for Team ID: 1610612750, Player ID: 1630548  2025-26
2026-04-09 20:38:05,376 - INFO - Fetched OFF Regular Season WOWY stats for Team ID: 1610612750, Player ID: 1630548 across 2025-26
2026-04-09 20:38:10,167 - INFO - Saved data for player 1630548 to daily_data/2026/1630548.csv
2026-04-09 20:38:10,167 - INFO - Processing 1630552 - 1610612737.0 for 2026 (133/294)
2026-04-09 20:38:10,167 - INFO - Fetching ON Regular Season WOWY stats for Team ID: 1610612737, Player ID: 1630552  2025-26
2026-04-09 20:38:12,193 - INFO - Fetched ON Regular Season WOWY stats for Team ID: 1610612737, Player ID: 1630552 across 2025-26
2026-04-09 20:38:14,195 - INFO - Fetching OFF Regular Season WOWY stats for Team ID: 1610612737, Player ID: 1630552  2025-26
2026-04-09 20:38:16,257 - INFO - Fetched OFF Regular Season WOWY stats for Team ID: 1610612737, Player ID: 1630552 across 2025-26
2026-04-09 20:38:20,688 - INFO - Saved data for player 1630552 to daily_data/2026/1630552.csv
2026-04-09 20:38:20,689 - INFO - Processing 1630557 - 1610612737.0 for 2026 (134/294)
2026-04-09 20:38:20,689 - INFO - Fetching ON Regular Season WOWY stats for Team ID: 1610612737, Player ID: 1630557  2025-26
2026-04-09 20:38:21,801 - INFO - Fetched ON Regular Season WOWY stats for Team ID: 1610612737, Player ID: 1630557 across 2025-26
2026-04-09 20:38:23,804 - INFO - Fetching OFF Regular Season WOWY stats for Team ID: 1610612737, Player ID: 1630557  2025-26
2026-04-09 20:38:25,470 - INFO - Fetched OFF Regular Season WOWY stats for Team ID: 1610612737, Player ID: 1630557 across 2025-26
2026-04-09 20:38:29,675 - INFO - Saved data for player 1630557 to daily_data/2026/1630557.csv
2026-04-09 20:38:29,675 - INFO - Processing 1630560 - 1610612749.0 for 2026 (135/294)
2026-04-09 20:38:29,675 - INFO - Fetching ON Regular Season WOWY stats for Team ID: 1610612749, Player ID: 1630560  2025-26
2026-04-09 20:38:30,046 - INFO - Fetched ON Regular Season WOWY stats for Team ID: 1610612749, Player ID: 1630560 across 2025-26
2026-04-09 20:38:32,048 - INFO - Fetching OFF Regular Season WOWY stats for Team ID: 1610612749, Player ID: 1630560  2025-26
2026-04-09 20:38:34,489 - INFO - Fetched OFF Regular Season WOWY stats for Team ID: 1610612749, Player ID: 1630560 across 2025-26
2026-04-09 20:38:38,577 - INFO - Saved data for player 1630560 to daily_data/2026/1630560.csv
2026-04-09 20:38:38,577 - INFO - Processing 1630577 - 1610612759.0 for 2026 (136/294)
2026-04-09 20:38:38,578 - INFO - Fetching ON Regular Season WOWY stats for Team ID: 1610612759, Player ID: 1630577  2025-26
2026-04-09 20:38:39,856 - INFO - Fetched ON Regular Season WOWY stats for Team ID: 1610612759, Player ID: 1630577 across 2025-26
2026-04-09 20:38:41,858 - INFO - Fetching OFF Regular Season WOWY stats for Team ID: 1610612759, Player ID: 1630577  2025-26
2026-04-09 20:39:12,019 - WARNING - Request failed: HTTPSConnectionPool(host='api.pbpstats.com', port=443): Read timed out. (read timeout=30). Retrying in 2.79 seconds (attempt 1/3)
2026-04-09 20:39:44,946 - WARNING - Request failed: HTTPSConnectionPool(host='api.pbpstats.com', port=443): Read timed out. (read timeout=30). Retrying in 4.55 seconds (attempt 2/3)
2026-04-09 20:40:13,752 - INFO - Fetched OFF Regular Season WOWY stats for Team ID: 1610612759, Player ID: 1630577 across 2025-26
2026-04-09 20:40:18,485 - INFO - Saved data for player 1630577 to daily_data/2026/1630577.csv
2026-04-09 20:40:18,486 - INFO - Processing 1630579 - 1610612749.0 for 2026 (137/294)
2026-04-09 20:40:18,486 - INFO - Fetching ON Regular Season WOWY stats for Team ID: 1610612749, Player ID: 1630579  2025-26
2026-04-09 20:40:27,156 - INFO - Fetched ON Regular Season WOWY stats for Team ID: 1610612749, Player ID: 1630579 across 2025-26
2026-04-09 20:40:29,158 - INFO - Fetching OFF Regular Season WOWY stats for Team ID: 1610612749, Player ID: 1630579  2025-26
2026-04-09 20:40:34,694 - INFO - Fetched OFF Regular Season WOWY stats for Team ID: 1610612749, Player ID: 1630579 across 2025-26
2026-04-09 20:40:39,016 - INFO - Saved data for player 1630579 to daily_data/2026/1630579.csv
2026-04-09 20:40:39,016 - INFO - Processing 1630583 - 1610612763.0 for 2026 (138/294)
2026-04-09 20:40:39,016 - INFO - Fetching ON Regular Season WOWY stats for Team ID: 1610612763, Player ID: 1630583  2025-26
2026-04-09 20:40:43,774 - INFO - Fetched ON Regular Season WOWY stats for Team ID: 1610612763, Player ID: 1630583 across 2025-26
2026-04-09 20:40:45,776 - INFO - Fetching OFF Regular Season WOWY stats for Team ID: 1610612763, Player ID: 1630583  2025-26
2026-04-09 20:40:49,381 - INFO - Fetched OFF Regular Season WOWY stats for Team ID: 1610612763, Player ID: 1630583 across 2025-26
2026-04-09 20:40:54,331 - INFO - Saved data for player 1630583 to daily_data/2026/1630583.csv
2026-04-09 20:40:54,332 - INFO - Processing 1630587 - 1610612756.0 for 2026 (139/294)
2026-04-09 20:40:54,332 - INFO - Fetching ON Regular Season WOWY stats for Team ID: 1610612756, Player ID: 1630587  2025-26
2026-04-09 20:41:18,627 - WARNING - Request failed: 500 Server Error: Internal Server Error for url: https://api.pbpstats.com/get-wowy-stats/nba?0Exactly1OnFloor=1630587&TeamId=1610612756&Season=2025-26&SeasonType=Regular+Season&Type=Player. Retrying in 2.22 seconds (attempt 1/3)
2026-04-09 20:41:31,013 - INFO - Fetched ON Regular Season WOWY stats for Team ID: 1610612756, Player ID: 1630587 across 2025-26
2026-04-09 20:41:33,015 - INFO - Fetching OFF Regular Season WOWY stats for Team ID: 1610612756, Player ID: 1630587  2025-26
2026-04-09 20:41:47,400 - INFO - Fetched OFF Regular Season WOWY stats for Team ID: 1610612756, Player ID: 1630587 across 2025-26
2026-04-09 20:41:51,703 - INFO - Saved data for player 1630587 to daily_data/2026/1630587.csv
2026-04-09 20:41:51,703 - INFO - Processing 1630590 - 1610612763.0 for 2026 (140/294)
2026-04-09 20:41:51,703 - INFO - Fetching ON Regular Season WOWY stats for Team ID: 1610612763, Player ID: 1630590  2025-26
2026-04-09 20:41:58,023 - INFO - Fetched ON Regular Season WOWY stats for Team ID: 1610612763, Player ID: 1630590 across 2025-26
2026-04-09 20:42:00,025 - INFO - Fetching OFF Regular Season WOWY stats for Team ID: 1610612763, Player ID: 1630590  2025-26
2026-04-09 20:42:16,386 - INFO - Fetched OFF Regular Season WOWY stats for Team ID: 1610612763, Player ID: 1630590 across 2025-26
2026-04-09 20:42:21,039 - INFO - Saved data for player 1630590 to daily_data/2026/1630590.csv
2026-04-09 20:42:21,039 - INFO - Progress: 140/294 players processed (47.6%)
2026-04-09 20:42:21,040 - INFO - Processing 1630591 - 1610612753.0 for 2026 (141/294)
2026-04-09 20:42:21,040 - INFO - Fetching ON Regular Season WOWY stats for Team ID: 1610612753, Player ID: 1630591  2025-26
2026-04-09 20:42:23,239 - INFO - Fetched ON Regular Season WOWY stats for Team ID: 1610612753, Player ID: 1630591 across 2025-26
2026-04-09 20:42:25,241 - INFO - Fetching OFF Regular Season WOWY stats for Team ID: 1610612753, Player ID: 1630591  2025-26
2026-04-09 20:42:30,064 - INFO - Fetched OFF Regular Season WOWY stats for Team ID: 1610612753, Player ID: 1630591 across 2025-26
2026-04-09 20:42:34,543 - INFO - Saved data for player 1630591 to daily_data/2026/1630591.csv
2026-04-09 20:42:34,544 - INFO - Processing 1630595 - 1610612765.0 for 2026 (142/294)
2026-04-09 20:42:34,544 - INFO - Fetching ON Regular Season WOWY stats for Team ID: 1610612765, Player ID: 1630595  2025-26
2026-04-09 20:42:36,943 - INFO - Fetched ON Regular Season WOWY stats for Team ID: 1610612765, Player ID: 1630595 across 2025-26
2026-04-09 20:42:38,945 - INFO - Fetching OFF Regular Season WOWY stats for Team ID: 1610612765, Player ID: 1630595  2025-26
2026-04-09 20:42:46,986 - INFO - Fetched OFF Regular Season WOWY stats for Team ID: 1610612765, Player ID: 1630595 across 2025-26
2026-04-09 20:42:51,174 - INFO - Saved data for player 1630595 to daily_data/2026/1630595.csv
2026-04-09 20:42:51,175 - INFO - Processing 1630596 - 1610612739.0 for 2026 (143/294)
2026-04-09 20:42:51,175 - INFO - Fetching ON Regular Season WOWY stats for Team ID: 1610612739, Player ID: 1630596  2025-26
2026-04-09 20:42:53,331 - INFO - Fetched ON Regular Season WOWY stats for Team ID: 1610612739, Player ID: 1630596 across 2025-26
2026-04-09 20:42:55,333 - INFO - Fetching OFF Regular Season WOWY stats for Team ID: 1610612739, Player ID: 1630596  2025-26
2026-04-09 20:42:57,054 - INFO - Fetched OFF Regular Season WOWY stats for Team ID: 1610612739, Player ID: 1630596 across 2025-26
2026-04-09 20:43:02,067 - INFO - Saved data for player 1630596 to daily_data/2026/1630596.csv
2026-04-09 20:43:02,067 - INFO - Processing 1630598 - 1610612760.0 for 2026 (144/294)
2026-04-09 20:43:02,067 - INFO - Fetching ON Regular Season WOWY stats for Team ID: 1610612760, Player ID: 1630598  2025-26
2026-04-09 20:43:02,487 - INFO - Fetched ON Regular Season WOWY stats for Team ID: 1610612760, Player ID: 1630598 across 2025-26
2026-04-09 20:43:04,489 - INFO - Fetching OFF Regular Season WOWY stats for Team ID: 1610612760, Player ID: 1630598  2025-26
2026-04-09 20:43:07,313 - INFO - Fetched OFF Regular Season WOWY stats for Team ID: 1610612760, Player ID: 1630598 across 2025-26
2026-04-09 20:43:11,487 - INFO - Saved data for player 1630598 to daily_data/2026/1630598.csv
2026-04-09 20:43:11,487 - INFO - Processing 1630610 - 1610612763.0 for 2026 (145/294)
2026-04-09 20:43:11,487 - INFO - Fetching ON Regular Season WOWY stats for Team ID: 1610612763, Player ID: 1630610  2025-26
2026-04-09 20:43:12,780 - INFO - Fetched ON Regular Season WOWY stats for Team ID: 1610612763, Player ID: 1630610 across 2025-26
2026-04-09 20:43:14,782 - INFO - Fetching OFF Regular Season WOWY stats for Team ID: 1610612763, Player ID: 1630610  2025-26
2026-04-09 20:43:20,353 - INFO - Fetched OFF Regular Season WOWY stats for Team ID: 1610612763, Player ID: 1630610 across 2025-26
2026-04-09 20:43:25,310 - INFO - Saved data for player 1630610 to daily_data/2026/1630610.csv
2026-04-09 20:43:25,310 - INFO - Processing 1630619 - 1610612742.0 for 2026 (146/294)
2026-04-09 20:43:25,310 - INFO - Fetching ON Regular Season WOWY stats for Team ID: 1610612742, Player ID: 1630619  2025-26
2026-04-09 20:43:51,487 - WARNING - Request failed: 500 Server Error: Internal Server Error for url: https://api.pbpstats.com/get-wowy-stats/nba?0Exactly1OnFloor=1630619&TeamId=1610612742&Season=2025-26&SeasonType=Regular+Season&Type=Player. Retrying in 2.03 seconds (attempt 1/3)
2026-04-09 20:43:56,502 - INFO - Fetched ON Regular Season WOWY stats for Team ID: 1610612742, Player ID: 1630619 across 2025-26
2026-04-09 20:43:58,504 - INFO - Fetching OFF Regular Season WOWY stats for Team ID: 1610612742, Player ID: 1630619  2025-26
2026-04-09 20:44:28,644 - WARNING - Request failed: HTTPSConnectionPool(host='api.pbpstats.com', port=443): Read timed out. (read timeout=30). Retrying in 2.95 seconds (attempt 1/3)
2026-04-09 20:45:01,746 - WARNING - Request failed: HTTPSConnectionPool(host='api.pbpstats.com', port=443): Read timed out. (read timeout=30). Retrying in 4.35 seconds (attempt 2/3)
2026-04-09 20:45:21,318 - INFO - Fetched OFF Regular Season WOWY stats for Team ID: 1610612742, Player ID: 1630619 across 2025-26
2026-04-09 20:45:25,999 - INFO - Saved data for player 1630619 to daily_data/2026/1630619.csv
2026-04-09 20:45:26,000 - INFO - Processing 1630625 - 1610612746.0 for 2026 (147/294)
2026-04-09 20:45:26,000 - INFO - Fetching ON Regular Season WOWY stats for Team ID: 1610612746, Player ID: 1630625  2025-26
2026-04-09 20:45:56,192 - WARNING - Request failed: HTTPSConnectionPool(host='api.pbpstats.com', port=443): Read timed out. (read timeout=30). Retrying in 2.44 seconds (attempt 1/3)
2026-04-09 20:46:28,805 - WARNING - Request failed: HTTPSConnectionPool(host='api.pbpstats.com', port=443): Read timed out. (read timeout=30). Retrying in 4.21 seconds (attempt 2/3)
2026-04-09 20:46:50,500 - INFO - Fetched ON Regular Season WOWY stats for Team ID: 1610612746, Player ID: 1630625 across 2025-26
2026-04-09 20:46:52,502 - INFO - Fetching OFF Regular Season WOWY stats for Team ID: 1610612746, Player ID: 1630625  2025-26
2026-04-09 20:46:53,302 - INFO - Fetched OFF Regular Season WOWY stats for Team ID: 1610612746, Player ID: 1630625 across 2025-26
2026-04-09 20:46:57,464 - INFO - Saved data for player 1630625 to daily_data/2026/1630625.csv
2026-04-09 20:46:57,464 - INFO - Processing 1630649 - 1610612759.0 for 2026 (148/294)
2026-04-09 20:46:57,464 - INFO - Fetching ON Regular Season WOWY stats for Team ID: 1610612759, Player ID: 1630649  2025-26
2026-04-09 20:46:58,433 - INFO - Fetched ON Regular Season WOWY stats for Team ID: 1610612759, Player ID: 1630649 across 2025-26
2026-04-09 20:47:00,435 - INFO - Fetching OFF Regular Season WOWY stats for Team ID: 1610612759, Player ID: 1630649  2025-26
2026-04-09 20:47:04,018 - INFO - Fetched OFF Regular Season WOWY stats for Team ID: 1610612759, Player ID: 1630649 across 2025-26
2026-04-09 20:47:08,473 - INFO - Saved data for player 1630649 to daily_data/2026/1630649.csv
2026-04-09 20:47:08,473 - INFO - Processing 1630658 - 1610612753.0 for 2026 (149/294)
2026-04-09 20:47:08,474 - INFO - Fetching ON Regular Season WOWY stats for Team ID: 1610612753, Player ID: 1630658  2025-26
2026-04-09 20:47:09,301 - INFO - Fetched ON Regular Season WOWY stats for Team ID: 1610612753, Player ID: 1630658 across 2025-26
2026-04-09 20:47:11,303 - INFO - Fetching OFF Regular Season WOWY stats for Team ID: 1610612753, Player ID: 1630658  2025-26
2026-04-09 20:47:15,079 - INFO - Fetched OFF Regular Season WOWY stats for Team ID: 1610612753, Player ID: 1630658 across 2025-26
2026-04-09 20:47:19,776 - INFO - Saved data for player 1630658 to daily_data/2026/1630658.csv
2026-04-09 20:47:19,777 - INFO - Processing 1630692 - 1610612756.0 for 2026 (150/294)
2026-04-09 20:47:19,777 - INFO - Fetching ON Regular Season WOWY stats for Team ID: 1610612756, Player ID: 1630692  2025-26
2026-04-09 20:47:22,147 - INFO - Fetched ON Regular Season WOWY stats for Team ID: 1610612756, Player ID: 1630692 across 2025-26
2026-04-09 20:47:24,149 - INFO - Fetching OFF Regular Season WOWY stats for Team ID: 1610612756, Player ID: 1630692  2025-26
2026-04-09 20:47:26,474 - INFO - Fetched OFF Regular Season WOWY stats for Team ID: 1610612756, Player ID: 1630692 across 2025-26
2026-04-09 20:47:31,485 - INFO - Saved data for player 1630692 to daily_data/2026/1630692.csv
2026-04-09 20:47:31,485 - INFO - Progress: 150/294 players processed (51.0%)
2026-04-09 20:47:31,485 - INFO - Processing 1630700 - 1610612737.0 for 2026 (151/294)
2026-04-09 20:47:31,486 - INFO - Fetching ON Regular Season WOWY stats for Team ID: 1610612737, Player ID: 1630700  2025-26
2026-04-09 20:47:32,920 - INFO - Fetched ON Regular Season WOWY stats for Team ID: 1610612737, Player ID: 1630700 across 2025-26
2026-04-09 20:47:34,923 - INFO - Fetching OFF Regular Season WOWY stats for Team ID: 1610612737, Player ID: 1630700  2025-26
2026-04-09 20:47:36,465 - INFO - Fetched OFF Regular Season WOWY stats for Team ID: 1610612737, Player ID: 1630700 across 2025-26
2026-04-09 20:47:41,186 - INFO - Saved data for player 1630700 to daily_data/2026/1630700.csv
2026-04-09 20:47:41,186 - INFO - Processing 1630702 - 1610612742.0 for 2026 (152/294)
2026-04-09 20:47:41,186 - INFO - Fetching ON Regular Season WOWY stats for Team ID: 1610612742, Player ID: 1630702  2025-26
2026-04-09 20:47:41,651 - INFO - Fetched ON Regular Season WOWY stats for Team ID: 1610612742, Player ID: 1630702 across 2025-26
2026-04-09 20:47:43,651 - INFO - Fetching OFF Regular Season WOWY stats for Team ID: 1610612742, Player ID: 1630702  2025-26
2026-04-09 20:47:47,264 - INFO - Fetched OFF Regular Season WOWY stats for Team ID: 1610612742, Player ID: 1630702 across 2025-26
2026-04-09 20:47:51,343 - INFO - Saved data for player 1630702 to daily_data/2026/1630702.csv
2026-04-09 20:47:51,344 - INFO - Processing 1630703 - 1610612757.0 for 2026 (153/294)
2026-04-09 20:47:51,344 - INFO - Fetching ON Regular Season WOWY stats for Team ID: 1610612757, Player ID: 1630703  2025-26
2026-04-09 20:47:53,068 - INFO - Fetched ON Regular Season WOWY stats for Team ID: 1610612757, Player ID: 1630703 across 2025-26
2026-04-09 20:47:55,070 - INFO - Fetching OFF Regular Season WOWY stats for Team ID: 1610612757, Player ID: 1630703  2025-26
2026-04-09 20:48:01,882 - INFO - Fetched OFF Regular Season WOWY stats for Team ID: 1610612757, Player ID: 1630703 across 2025-26
2026-04-09 20:48:06,338 - INFO - Saved data for player 1630703 to daily_data/2026/1630703.csv
2026-04-09 20:48:06,338 - INFO - Processing 1630811 - 1610612737.0 for 2026 (154/294)
2026-04-09 20:48:06,338 - INFO - Fetching ON Regular Season WOWY stats for Team ID: 1610612737, Player ID: 1630811  2025-26
2026-04-09 20:48:07,603 - INFO - Fetched ON Regular Season WOWY stats for Team ID: 1610612737, Player ID: 1630811 across 2025-26
2026-04-09 20:48:09,605 - INFO - Fetching OFF Regular Season WOWY stats for Team ID: 1610612737, Player ID: 1630811  2025-26
2026-04-09 20:48:39,758 - WARNING - Request failed: HTTPSConnectionPool(host='api.pbpstats.com', port=443): Read timed out. (read timeout=30). Retrying in 2.76 seconds (attempt 1/3)
2026-04-09 20:48:44,533 - INFO - Fetched OFF Regular Season WOWY stats for Team ID: 1610612737, Player ID: 1630811 across 2025-26
2026-04-09 20:48:48,604 - INFO - Saved data for player 1630811 to daily_data/2026/1630811.csv
2026-04-09 20:48:48,605 - INFO - Processing 1630828 - 1610612749.0 for 2026 (155/294)
2026-04-09 20:48:48,605 - INFO - Fetching ON Regular Season WOWY stats for Team ID: 1610612749, Player ID: 1630828  2025-26
2026-04-09 20:48:49,439 - INFO - Fetched ON Regular Season WOWY stats for Team ID: 1610612749, Player ID: 1630828 across 2025-26
2026-04-09 20:48:51,441 - INFO - Fetching OFF Regular Season WOWY stats for Team ID: 1610612749, Player ID: 1630828  2025-26
2026-04-09 20:48:54,258 - INFO - Fetched OFF Regular Season WOWY stats for Team ID: 1610612749, Player ID: 1630828 across 2025-26
2026-04-09 20:48:58,616 - INFO - Saved data for player 1630828 to daily_data/2026/1630828.csv
2026-04-09 20:48:58,617 - INFO - Processing 1630846 - 1610612739.0 for 2026 (156/294)
2026-04-09 20:48:58,617 - INFO - Fetching ON Regular Season WOWY stats for Team ID: 1610612739, Player ID: 1630846  2025-26
2026-04-09 20:48:59,406 - INFO - Fetched ON Regular Season WOWY stats for Team ID: 1610612739, Player ID: 1630846 across 2025-26
2026-04-09 20:49:01,408 - INFO - Fetching OFF Regular Season WOWY stats for Team ID: 1610612739, Player ID: 1630846  2025-26
2026-04-09 20:49:06,392 - INFO - Fetched OFF Regular Season WOWY stats for Team ID: 1610612739, Player ID: 1630846 across 2025-26
2026-04-09 20:49:10,726 - INFO - Saved data for player 1630846 to daily_data/2026/1630846.csv
2026-04-09 20:49:10,727 - INFO - Processing 1631093 - 1610612765.0 for 2026 (157/294)
2026-04-09 20:49:10,727 - INFO - Fetching ON Regular Season WOWY stats for Team ID: 1610612765, Player ID: 1631093  2025-26
2026-04-09 20:49:13,521 - INFO - Fetched ON Regular Season WOWY stats for Team ID: 1610612765, Player ID: 1631093 across 2025-26
2026-04-09 20:49:15,523 - INFO - Fetching OFF Regular Season WOWY stats for Team ID: 1610612765, Player ID: 1631093  2025-26
2026-04-09 20:49:19,364 - INFO - Fetched OFF Regular Season WOWY stats for Team ID: 1610612765, Player ID: 1631093 across 2025-26
2026-04-09 20:49:23,926 - INFO - Saved data for player 1631093 to daily_data/2026/1631093.csv
2026-04-09 20:49:23,926 - INFO - Processing 1631094 - 1610612753.0 for 2026 (158/294)
2026-04-09 20:49:23,927 - INFO - Fetching ON Regular Season WOWY stats for Team ID: 1610612753, Player ID: 1631094  2025-26
2026-04-09 20:49:26,273 - INFO - Fetched ON Regular Season WOWY stats for Team ID: 1610612753, Player ID: 1631094 across 2025-26
2026-04-09 20:49:28,275 - INFO - Fetching OFF Regular Season WOWY stats for Team ID: 1610612753, Player ID: 1631094  2025-26
2026-04-09 20:49:30,591 - INFO - Fetched OFF Regular Season WOWY stats for Team ID: 1610612753, Player ID: 1631094 across 2025-26
2026-04-09 20:49:35,472 - INFO - Saved data for player 1631094 to daily_data/2026/1631094.csv
2026-04-09 20:49:35,473 - INFO - Processing 1631096 - 1610612760.0 for 2026 (159/294)
2026-04-09 20:49:35,473 - INFO - Fetching ON Regular Season WOWY stats for Team ID: 1610612760, Player ID: 1631096  2025-26
2026-04-09 20:49:37,071 - INFO - Fetched ON Regular Season WOWY stats for Team ID: 1610612760, Player ID: 1631096 across 2025-26
2026-04-09 20:49:39,073 - INFO - Fetching OFF Regular Season WOWY stats for Team ID: 1610612760, Player ID: 1631096  2025-26
2026-04-09 20:49:41,200 - INFO - Fetched OFF Regular Season WOWY stats for Team ID: 1610612760, Player ID: 1631096 across 2025-26
2026-04-09 20:49:45,385 - INFO - Saved data for player 1631096 to daily_data/2026/1631096.csv
2026-04-09 20:49:45,385 - INFO - Processing 1631097 - 1610612746.0 for 2026 (160/294)
2026-04-09 20:49:45,386 - INFO - Fetching ON Regular Season WOWY stats for Team ID: 1610612746, Player ID: 1631097  2025-26
2026-04-09 20:49:46,982 - INFO - Fetched ON Regular Season WOWY stats for Team ID: 1610612746, Player ID: 1631097 across 2025-26
2026-04-09 20:49:48,984 - INFO - Fetching OFF Regular Season WOWY stats for Team ID: 1610612746, Player ID: 1631097  2025-26
2026-04-09 20:49:49,502 - INFO - Fetched OFF Regular Season WOWY stats for Team ID: 1610612746, Player ID: 1631097 across 2025-26
2026-04-09 20:49:53,602 - INFO - Saved data for player 1631097 to daily_data/2026/1631097.csv
2026-04-09 20:49:53,602 - INFO - Progress: 160/294 players processed (54.4%)
2026-04-09 20:49:53,602 - INFO - Processing 1631101 - 1610612757.0 for 2026 (161/294)
2026-04-09 20:49:53,602 - INFO - Fetching ON Regular Season WOWY stats for Team ID: 1610612757, Player ID: 1631101  2025-26
2026-04-09 20:49:54,957 - INFO - Fetched ON Regular Season WOWY stats for Team ID: 1610612757, Player ID: 1631101 across 2025-26
2026-04-09 20:49:56,959 - INFO - Fetching OFF Regular Season WOWY stats for Team ID: 1610612757, Player ID: 1631101  2025-26
2026-04-09 20:49:58,684 - INFO - Fetched OFF Regular Season WOWY stats for Team ID: 1610612757, Player ID: 1631101 across 2025-26
2026-04-09 20:50:03,393 - INFO - Saved data for player 1631101 to daily_data/2026/1631101.csv
2026-04-09 20:50:03,393 - INFO - Processing 1631102 - 1610612746.0 for 2026 (162/294)
2026-04-09 20:50:03,393 - INFO - Fetching ON Regular Season WOWY stats for Team ID: 1610612746, Player ID: 1631102  2025-26
2026-04-09 20:50:04,501 - INFO - Fetched ON Regular Season WOWY stats for Team ID: 1610612746, Player ID: 1631102 across 2025-26
2026-04-09 20:50:06,502 - INFO - Fetching OFF Regular Season WOWY stats for Team ID: 1610612746, Player ID: 1631102  2025-26
2026-04-09 20:50:08,997 - INFO - Fetched OFF Regular Season WOWY stats for Team ID: 1610612746, Player ID: 1631102 across 2025-26
2026-04-09 20:50:13,295 - INFO - Saved data for player 1631102 to daily_data/2026/1631102.csv
2026-04-09 20:50:13,296 - INFO - Processing 1631104 - 1610612757.0 for 2026 (163/294)
2026-04-09 20:50:13,296 - INFO - Fetching ON Regular Season WOWY stats for Team ID: 1610612757, Player ID: 1631104  2025-26
2026-04-09 20:50:14,608 - INFO - Fetched ON Regular Season WOWY stats for Team ID: 1610612757, Player ID: 1631104 across 2025-26
2026-04-09 20:50:16,610 - INFO - Fetching OFF Regular Season WOWY stats for Team ID: 1610612757, Player ID: 1631104  2025-26
2026-04-09 20:50:18,705 - INFO - Fetched OFF Regular Season WOWY stats for Team ID: 1610612757, Player ID: 1631104 across 2025-26
2026-04-09 20:50:22,895 - INFO - Saved data for player 1631104 to daily_data/2026/1631104.csv
2026-04-09 20:50:22,896 - INFO - Processing 1631105 - 1610612765.0 for 2026 (164/294)
2026-04-09 20:50:22,896 - INFO - Fetching ON Regular Season WOWY stats for Team ID: 1610612765, Player ID: 1631105  2025-26
2026-04-09 20:50:24,292 - INFO - Fetched ON Regular Season WOWY stats for Team ID: 1610612765, Player ID: 1631105 across 2025-26
2026-04-09 20:50:26,295 - INFO - Fetching OFF Regular Season WOWY stats for Team ID: 1610612765, Player ID: 1631105  2025-26
2026-04-09 20:50:27,829 - INFO - Fetched OFF Regular Season WOWY stats for Team ID: 1610612765, Player ID: 1631105 across 2025-26
2026-04-09 20:50:31,972 - INFO - Saved data for player 1631105 to daily_data/2026/1631105.csv
2026-04-09 20:50:31,972 - INFO - Processing 1631108 - 1610612742.0 for 2026 (165/294)
2026-04-09 20:50:31,972 - INFO - Fetching ON Regular Season WOWY stats for Team ID: 1610612742, Player ID: 1631108  2025-26
2026-04-09 20:50:33,674 - INFO - Fetched ON Regular Season WOWY stats for Team ID: 1610612742, Player ID: 1631108 across 2025-26
2026-04-09 20:50:35,676 - INFO - Fetching OFF Regular Season WOWY stats for Team ID: 1610612742, Player ID: 1631108  2025-26
2026-04-09 20:50:37,729 - INFO - Fetched OFF Regular Season WOWY stats for Team ID: 1610612742, Player ID: 1631108 across 2025-26
2026-04-09 20:50:42,415 - INFO - Saved data for player 1631108 to daily_data/2026/1631108.csv
2026-04-09 20:50:42,415 - INFO - Processing 1631109 - 1610612756.0 for 2026 (166/294)
2026-04-09 20:50:42,415 - INFO - Fetching ON Regular Season WOWY stats for Team ID: 1610612756, Player ID: 1631109  2025-26
2026-04-09 20:50:43,674 - INFO - Fetched ON Regular Season WOWY stats for Team ID: 1610612756, Player ID: 1631109 across 2025-26
2026-04-09 20:50:45,676 - INFO - Fetching OFF Regular Season WOWY stats for Team ID: 1610612756, Player ID: 1631109  2025-26
2026-04-09 20:50:46,131 - INFO - Fetched OFF Regular Season WOWY stats for Team ID: 1610612756, Player ID: 1631109 across 2025-26
2026-04-09 20:50:50,420 - INFO - Saved data for player 1631109 to daily_data/2026/1631109.csv
2026-04-09 20:50:50,421 - INFO - Processing 1631110 - 1610612759.0 for 2026 (167/294)
2026-04-09 20:50:50,421 - INFO - Fetching ON Regular Season WOWY stats for Team ID: 1610612759, Player ID: 1631110  2025-26
2026-04-09 20:50:51,554 - INFO - Fetched ON Regular Season WOWY stats for Team ID: 1610612759, Player ID: 1631110 across 2025-26
2026-04-09 20:50:53,556 - INFO - Fetching OFF Regular Season WOWY stats for Team ID: 1610612759, Player ID: 1631110  2025-26
2026-04-09 20:50:55,506 - INFO - Fetched OFF Regular Season WOWY stats for Team ID: 1610612759, Player ID: 1631110 across 2025-26
2026-04-09 20:51:00,064 - INFO - Saved data for player 1631110 to daily_data/2026/1631110.csv
2026-04-09 20:51:00,065 - INFO - Processing 1631111 - 1610612765.0 for 2026 (168/294)
2026-04-09 20:51:00,065 - INFO - Fetching ON Regular Season WOWY stats for Team ID: 1610612765, Player ID: 1631111  2025-26
2026-04-09 20:51:00,967 - INFO - Fetched ON Regular Season WOWY stats for Team ID: 1610612765, Player ID: 1631111 across 2025-26
2026-04-09 20:51:02,969 - INFO - Fetching OFF Regular Season WOWY stats for Team ID: 1610612765, Player ID: 1631111  2025-26
2026-04-09 20:51:05,238 - INFO - Fetched OFF Regular Season WOWY stats for Team ID: 1610612765, Player ID: 1631111 across 2025-26
2026-04-09 20:51:10,106 - INFO - Saved data for player 1631111 to daily_data/2026/1631111.csv
2026-04-09 20:51:10,106 - INFO - Processing 1631114 - 1610612760.0 for 2026 (169/294)
2026-04-09 20:51:10,107 - INFO - Fetching ON Regular Season WOWY stats for Team ID: 1610612760, Player ID: 1631114  2025-26
2026-04-09 20:51:38,347 - WARNING - Request failed: 500 Server Error: Internal Server Error for url: https://api.pbpstats.com/get-wowy-stats/nba?0Exactly1OnFloor=1631114&TeamId=1610612760&Season=2025-26&SeasonType=Regular+Season&Type=Player. Retrying in 2.53 seconds (attempt 1/3)
2026-04-09 20:51:42,614 - INFO - Fetched ON Regular Season WOWY stats for Team ID: 1610612760, Player ID: 1631114 across 2025-26
2026-04-09 20:51:44,616 - INFO - Fetching OFF Regular Season WOWY stats for Team ID: 1610612760, Player ID: 1631114  2025-26
2026-04-09 20:51:46,743 - INFO - Fetched OFF Regular Season WOWY stats for Team ID: 1610612760, Player ID: 1631114 across 2025-26
2026-04-09 20:51:51,643 - INFO - Saved data for player 1631114 to daily_data/2026/1631114.csv
2026-04-09 20:51:51,644 - INFO - Processing 1631115 - 1610612753.0 for 2026 (170/294)
2026-04-09 20:51:51,644 - INFO - Fetching ON Regular Season WOWY stats for Team ID: 1610612753, Player ID: 1631115  2025-26
2026-04-09 20:51:52,467 - INFO - Fetched ON Regular Season WOWY stats for Team ID: 1610612753, Player ID: 1631115 across 2025-26
2026-04-09 20:51:54,469 - INFO - Fetching OFF Regular Season WOWY stats for Team ID: 1610612753, Player ID: 1631115  2025-26
2026-04-09 20:51:56,378 - INFO - Fetched OFF Regular Season WOWY stats for Team ID: 1610612753, Player ID: 1631115 across 2025-26
2026-04-09 20:52:00,745 - INFO - Saved data for player 1631115 to daily_data/2026/1631115.csv
2026-04-09 20:52:00,746 - INFO - Progress: 170/294 players processed (57.8%)
2026-04-09 20:52:00,746 - INFO - Processing 1631116 - 1610612746.0 for 2026 (171/294)
2026-04-09 20:52:00,746 - INFO - Fetching ON Regular Season WOWY stats for Team ID: 1610612746, Player ID: 1631116  2025-26
2026-04-09 20:52:01,378 - INFO - Fetched ON Regular Season WOWY stats for Team ID: 1610612746, Player ID: 1631116 across 2025-26
2026-04-09 20:52:03,381 - INFO - Fetching OFF Regular Season WOWY stats for Team ID: 1610612746, Player ID: 1631116  2025-26
2026-04-09 20:52:05,315 - INFO - Fetched OFF Regular Season WOWY stats for Team ID: 1610612746, Player ID: 1631116 across 2025-26
2026-04-09 20:52:09,723 - INFO - Saved data for player 1631116 to daily_data/2026/1631116.csv
2026-04-09 20:52:09,723 - INFO - Processing 1631119 - 1610612760.0 for 2026 (172/294)
2026-04-09 20:52:09,723 - INFO - Fetching ON Regular Season WOWY stats for Team ID: 1610612760, Player ID: 1631119  2025-26
2026-04-09 20:52:10,155 - INFO - Fetched ON Regular Season WOWY stats for Team ID: 1610612760, Player ID: 1631119 across 2025-26
2026-04-09 20:52:12,157 - INFO - Fetching OFF Regular Season WOWY stats for Team ID: 1610612760, Player ID: 1631119  2025-26
2026-04-09 20:52:13,804 - INFO - Fetched OFF Regular Season WOWY stats for Team ID: 1610612760, Player ID: 1631119 across 2025-26
2026-04-09 20:52:18,686 - INFO - Saved data for player 1631119 to daily_data/2026/1631119.csv
2026-04-09 20:52:18,686 - INFO - Processing 1631123 - 1610612756.0 for 2026 (173/294)
2026-04-09 20:52:18,686 - INFO - Fetching ON Regular Season WOWY stats for Team ID: 1610612756, Player ID: 1631123  2025-26
2026-04-09 20:52:19,120 - INFO - Fetched ON Regular Season WOWY stats for Team ID: 1610612756, Player ID: 1631123 across 2025-26
2026-04-09 20:52:21,122 - INFO - Fetching OFF Regular Season WOWY stats for Team ID: 1610612756, Player ID: 1631123  2025-26
2026-04-09 20:52:22,755 - INFO - Fetched OFF Regular Season WOWY stats for Team ID: 1610612756, Player ID: 1631123 across 2025-26
2026-04-09 20:52:26,804 - INFO - Saved data for player 1631123 to daily_data/2026/1631123.csv
2026-04-09 20:52:26,805 - INFO - Processing 1631124 - 1610612743.0 for 2026 (174/294)
2026-04-09 20:52:26,805 - INFO - Fetching ON Regular Season WOWY stats for Team ID: 1610612743, Player ID: 1631124  2025-26
2026-04-09 20:52:28,039 - INFO - Fetched ON Regular Season WOWY stats for Team ID: 1610612743, Player ID: 1631124 across 2025-26
2026-04-09 20:52:30,041 - INFO - Fetching OFF Regular Season WOWY stats for Team ID: 1610612743, Player ID: 1631124  2025-26
2026-04-09 20:52:38,296 - WARNING - Request failed: 500 Server Error: Internal Server Error for url: https://api.pbpstats.com/get-wowy-stats/nba?0Exactly0OnFloor=1631124&TeamId=1610612743&Season=2025-26&SeasonType=Regular+Season&Type=Player. Retrying in 2.24 seconds (attempt 1/3)
2026-04-09 20:52:42,144 - INFO - Fetched OFF Regular Season WOWY stats for Team ID: 1610612743, Player ID: 1631124 across 2025-26
2026-04-09 20:52:46,777 - INFO - Saved data for player 1631124 to daily_data/2026/1631124.csv
2026-04-09 20:52:46,778 - INFO - Processing 1631126 - 1610612757.0 for 2026 (175/294)
2026-04-09 20:52:46,778 - INFO - Fetching ON Regular Season WOWY stats for Team ID: 1610612757, Player ID: 1631126  2025-26
2026-04-09 20:52:48,135 - INFO - Fetched ON Regular Season WOWY stats for Team ID: 1610612757, Player ID: 1631126 across 2025-26
2026-04-09 20:52:50,137 - INFO - Fetching OFF Regular Season WOWY stats for Team ID: 1610612757, Player ID: 1631126  2025-26
2026-04-09 20:52:51,823 - INFO - Fetched OFF Regular Season WOWY stats for Team ID: 1610612757, Player ID: 1631126 across 2025-26
2026-04-09 20:52:56,542 - INFO - Saved data for player 1631126 to daily_data/2026/1631126.csv
2026-04-09 20:52:56,543 - INFO - Processing 1631127 - 1610612759.0 for 2026 (176/294)
2026-04-09 20:52:56,543 - INFO - Fetching ON Regular Season WOWY stats for Team ID: 1610612759, Player ID: 1631127  2025-26
2026-04-09 20:52:57,345 - INFO - Fetched ON Regular Season WOWY stats for Team ID: 1610612759, Player ID: 1631127 across 2025-26
2026-04-09 20:52:59,347 - INFO - Fetching OFF Regular Season WOWY stats for Team ID: 1610612759, Player ID: 1631127  2025-26
2026-04-09 20:53:00,850 - INFO - Fetched OFF Regular Season WOWY stats for Team ID: 1610612759, Player ID: 1631127 across 2025-26
2026-04-09 20:53:05,792 - INFO - Saved data for player 1631127 to daily_data/2026/1631127.csv
2026-04-09 20:53:05,793 - INFO - Processing 1631128 - 1610612743.0 for 2026 (177/294)
2026-04-09 20:53:05,793 - INFO - Fetching ON Regular Season WOWY stats for Team ID: 1610612743, Player ID: 1631128  2025-26
2026-04-09 20:53:07,456 - INFO - Fetched ON Regular Season WOWY stats for Team ID: 1610612743, Player ID: 1631128 across 2025-26
2026-04-09 20:53:09,458 - INFO - Fetching OFF Regular Season WOWY stats for Team ID: 1610612743, Player ID: 1631128  2025-26
2026-04-09 20:53:11,216 - INFO - Fetched OFF Regular Season WOWY stats for Team ID: 1610612743, Player ID: 1631128 across 2025-26
2026-04-09 20:53:15,604 - INFO - Saved data for player 1631128 to daily_data/2026/1631128.csv
2026-04-09 20:53:15,605 - INFO - Processing 1631132 - 1610612763.0 for 2026 (178/294)
2026-04-09 20:53:15,605 - INFO - Fetching ON Regular Season WOWY stats for Team ID: 1610612763, Player ID: 1631132  2025-26
2026-04-09 20:53:41,841 - WARNING - Request failed: 500 Server Error: Internal Server Error for url: https://api.pbpstats.com/get-wowy-stats/nba?0Exactly1OnFloor=1631132&TeamId=1610612763&Season=2025-26&SeasonType=Regular+Season&Type=Player. Retrying in 2.25 seconds (attempt 1/3)
2026-04-09 20:53:45,444 - INFO - Fetched ON Regular Season WOWY stats for Team ID: 1610612763, Player ID: 1631132 across 2025-26
2026-04-09 20:53:47,446 - INFO - Fetching OFF Regular Season WOWY stats for Team ID: 1610612763, Player ID: 1631132  2025-26
2026-04-09 20:54:17,582 - WARNING - Request failed: HTTPSConnectionPool(host='api.pbpstats.com', port=443): Read timed out. (read timeout=30). Retrying in 2.89 seconds (attempt 1/3)
2026-04-09 20:54:28,854 - INFO - Fetched OFF Regular Season WOWY stats for Team ID: 1610612763, Player ID: 1631132 across 2025-26
2026-04-09 20:54:32,935 - INFO - Processing 1631132 - 1610612737.0 for 2026 (178/294)
2026-04-09 20:54:32,935 - INFO - Fetching ON Regular Season WOWY stats for Team ID: 1610612737, Player ID: 1631132  2025-26
2026-04-09 20:54:37,037 - INFO - Fetched ON Regular Season WOWY stats for Team ID: 1610612737, Player ID: 1631132 across 2025-26
2026-04-09 20:54:39,039 - INFO - Fetching OFF Regular Season WOWY stats for Team ID: 1610612737, Player ID: 1631132  2025-26
2026-04-09 20:54:43,649 - INFO - Fetched OFF Regular Season WOWY stats for Team ID: 1610612737, Player ID: 1631132 across 2025-26
2026-04-09 20:54:47,751 - INFO - Saved data for player 1631132 to daily_data/2026/1631132.csv
2026-04-09 20:54:47,751 - INFO - Processing 1631157 - 1610612749.0 for 2026 (179/294)
2026-04-09 20:54:47,751 - INFO - Fetching ON Regular Season WOWY stats for Team ID: 1610612749, Player ID: 1631157  2025-26
2026-04-09 20:55:17,922 - WARNING - Request failed: HTTPSConnectionPool(host='api.pbpstats.com', port=443): Read timed out. (read timeout=30). Retrying in 2.36 seconds (attempt 1/3)
2026-04-09 20:55:30,979 - INFO - Fetched ON Regular Season WOWY stats for Team ID: 1610612749, Player ID: 1631157 across 2025-26
2026-04-09 20:55:32,981 - INFO - Fetching OFF Regular Season WOWY stats for Team ID: 1610612749, Player ID: 1631157  2025-26
2026-04-09 20:55:38,468 - INFO - Fetched OFF Regular Season WOWY stats for Team ID: 1610612749, Player ID: 1631157 across 2025-26
2026-04-09 20:55:43,443 - INFO - Saved data for player 1631157 to daily_data/2026/1631157.csv
2026-04-09 20:55:43,444 - INFO - Processing 1631159 - 1610612750.0 for 2026 (180/294)
2026-04-09 20:55:43,444 - INFO - Fetching ON Regular Season WOWY stats for Team ID: 1610612750, Player ID: 1631159  2025-26
2026-04-09 20:56:13,610 - WARNING - Request failed: HTTPSConnectionPool(host='api.pbpstats.com', port=443): Read timed out. (read timeout=30). Retrying in 2.70 seconds (attempt 1/3)
2026-04-09 20:56:46,469 - WARNING - Request failed: HTTPSConnectionPool(host='api.pbpstats.com', port=443): Read timed out. (read timeout=30). Retrying in 4.60 seconds (attempt 2/3)
2026-04-09 20:57:21,222 - WARNING - Request failed: HTTPSConnectionPool(host='api.pbpstats.com', port=443): Read timed out. (read timeout=30). Retrying in 8.23 seconds (attempt 3/3)
2026-04-09 20:57:31,232 - INFO - Fetched ON Regular Season WOWY stats for Team ID: 1610612750, Player ID: 1631159 across 2025-26
2026-04-09 20:57:33,234 - INFO - Fetching OFF Regular Season WOWY stats for Team ID: 1610612750, Player ID: 1631159  2025-26
2026-04-09 20:57:44,299 - INFO - Fetched OFF Regular Season WOWY stats for Team ID: 1610612750, Player ID: 1631159 across 2025-26
2026-04-09 20:57:49,221 - INFO - Saved data for player 1631159 to daily_data/2026/1631159.csv
2026-04-09 20:57:49,221 - INFO - Progress: 180/294 players processed (61.2%)
2026-04-09 20:57:49,222 - INFO - Processing 1631165 - 1610612739.0 for 2026 (181/294)
2026-04-09 20:57:49,222 - INFO - Fetching ON Regular Season WOWY stats for Team ID: 1610612739, Player ID: 1631165  2025-26
2026-04-09 20:57:51,835 - INFO - Fetched ON Regular Season WOWY stats for Team ID: 1610612739, Player ID: 1631165 across 2025-26
2026-04-09 20:57:53,838 - INFO - Fetching OFF Regular Season WOWY stats for Team ID: 1610612739, Player ID: 1631165  2025-26
2026-04-09 20:58:03,565 - INFO - Fetched OFF Regular Season WOWY stats for Team ID: 1610612739, Player ID: 1631165 across 2025-26
2026-04-09 20:58:08,223 - INFO - Saved data for player 1631165 to daily_data/2026/1631165.csv
2026-04-09 20:58:08,224 - INFO - Processing 1631172 - 1610612760.0 for 2026 (182/294)
2026-04-09 20:58:08,224 - INFO - Fetching ON Regular Season WOWY stats for Team ID: 1610612760, Player ID: 1631172  2025-26
2026-04-09 20:58:36,246 - INFO - Fetched ON Regular Season WOWY stats for Team ID: 1610612760, Player ID: 1631172 across 2025-26
2026-04-09 20:58:38,248 - INFO - Fetching OFF Regular Season WOWY stats for Team ID: 1610612760, Player ID: 1631172  2025-26
2026-04-09 20:59:08,419 - WARNING - Request failed: HTTPSConnectionPool(host='api.pbpstats.com', port=443): Read timed out. (read timeout=30). Retrying in 2.31 seconds (attempt 1/3)
2026-04-09 20:59:20,138 - INFO - Fetched OFF Regular Season WOWY stats for Team ID: 1610612760, Player ID: 1631172 across 2025-26
2026-04-09 20:59:24,625 - INFO - Processing 1631172 - 1610612749.0 for 2026 (182/294)
2026-04-09 20:59:24,625 - INFO - Fetching ON Regular Season WOWY stats for Team ID: 1610612749, Player ID: 1631172  2025-26
2026-04-09 20:59:28,458 - INFO - Fetched ON Regular Season WOWY stats for Team ID: 1610612749, Player ID: 1631172 across 2025-26
2026-04-09 20:59:30,460 - INFO - Fetching OFF Regular Season WOWY stats for Team ID: 1610612749, Player ID: 1631172  2025-26
2026-04-09 20:59:35,181 - INFO - Fetched OFF Regular Season WOWY stats for Team ID: 1610612749, Player ID: 1631172 across 2025-26
2026-04-09 20:59:39,935 - INFO - Saved data for player 1631172 to daily_data/2026/1631172.csv
2026-04-09 20:59:39,935 - INFO - Processing 1631174 - 1610612763.0 for 2026 (183/294)
2026-04-09 20:59:39,936 - INFO - Fetching ON Regular Season WOWY stats for Team ID: 1610612763, Player ID: 1631174  2025-26
2026-04-09 20:59:45,105 - INFO - Fetched ON Regular Season WOWY stats for Team ID: 1610612763, Player ID: 1631174 across 2025-26
2026-04-09 20:59:47,107 - INFO - Fetching OFF Regular Season WOWY stats for Team ID: 1610612763, Player ID: 1631174  2025-26
2026-04-09 21:00:03,191 - INFO - Fetched OFF Regular Season WOWY stats for Team ID: 1610612763, Player ID: 1631174 across 2025-26
2026-04-09 21:00:07,560 - INFO - Saved data for player 1631174 to daily_data/2026/1631174.csv
2026-04-09 21:00:07,561 - INFO - Processing 1631200 - 1610612757.0 for 2026 (184/294)
2026-04-09 21:00:07,561 - INFO - Fetching ON Regular Season WOWY stats for Team ID: 1610612757, Player ID: 1631200  2025-26
2026-04-09 21:00:37,702 - WARNING - Request failed: HTTPSConnectionPool(host='api.pbpstats.com', port=443): Read timed out. (read timeout=30). Retrying in 2.81 seconds (attempt 1/3)
2026-04-09 21:01:10,679 - WARNING - Request failed: HTTPSConnectionPool(host='api.pbpstats.com', port=443): Read timed out. (read timeout=30). Retrying in 4.80 seconds (attempt 2/3)
2026-04-09 21:01:20,217 - INFO - Fetched ON Regular Season WOWY stats for Team ID: 1610612757, Player ID: 1631200 across 2025-26
2026-04-09 21:01:22,219 - INFO - Fetching OFF Regular Season WOWY stats for Team ID: 1610612757, Player ID: 1631200  2025-26
2026-04-09 21:01:27,763 - INFO - Fetched OFF Regular Season WOWY stats for Team ID: 1610612757, Player ID: 1631200 across 2025-26
2026-04-09 21:01:31,905 - INFO - Saved data for player 1631200 to daily_data/2026/1631200.csv
2026-04-09 21:01:31,905 - INFO - Processing 1631204 - 1610612765.0 for 2026 (185/294)
2026-04-09 21:01:31,905 - INFO - Fetching ON Regular Season WOWY stats for Team ID: 1610612765, Player ID: 1631204  2025-26
2026-04-09 21:01:34,606 - INFO - Fetched ON Regular Season WOWY stats for Team ID: 1610612765, Player ID: 1631204 across 2025-26
2026-04-09 21:01:36,608 - INFO - Fetching OFF Regular Season WOWY stats for Team ID: 1610612765, Player ID: 1631204  2025-26
2026-04-09 21:01:40,785 - INFO - Fetched OFF Regular Season WOWY stats for Team ID: 1610612765, Player ID: 1631204 across 2025-26
2026-04-09 21:01:45,575 - INFO - Saved data for player 1631204 to daily_data/2026/1631204.csv
2026-04-09 21:01:45,575 - INFO - Processing 1631205 - 1610612760.0 for 2026 (186/294)
2026-04-09 21:01:45,576 - INFO - Fetching ON Regular Season WOWY stats for Team ID: 1610612760, Player ID: 1631205  2025-26
2026-04-09 21:01:46,615 - INFO - Fetched ON Regular Season WOWY stats for Team ID: 1610612760, Player ID: 1631205 across 2025-26
2026-04-09 21:01:48,618 - INFO - Fetching OFF Regular Season WOWY stats for Team ID: 1610612760, Player ID: 1631205  2025-26
2026-04-09 21:01:55,303 - INFO - Fetched OFF Regular Season WOWY stats for Team ID: 1610612760, Player ID: 1631205 across 2025-26
2026-04-09 21:02:00,331 - INFO - Saved data for player 1631205 to daily_data/2026/1631205.csv
2026-04-09 21:02:00,331 - INFO - Processing 1631210 - 1610612737.0 for 2026 (187/294)
2026-04-09 21:02:00,332 - INFO - Fetching ON Regular Season WOWY stats for Team ID: 1610612737, Player ID: 1631210  2025-26
2026-04-09 21:02:01,969 - INFO - Fetched ON Regular Season WOWY stats for Team ID: 1610612737, Player ID: 1631210 across 2025-26
2026-04-09 21:02:03,971 - INFO - Fetching OFF Regular Season WOWY stats for Team ID: 1610612737, Player ID: 1631210  2025-26
2026-04-09 21:02:10,688 - INFO - Fetched OFF Regular Season WOWY stats for Team ID: 1610612737, Player ID: 1631210 across 2025-26
2026-04-09 21:02:14,869 - INFO - Saved data for player 1631210 to daily_data/2026/1631210.csv
2026-04-09 21:02:14,869 - INFO - Processing 1631212 - 1610612743.0 for 2026 (188/294)
2026-04-09 21:02:14,870 - INFO - Fetching ON Regular Season WOWY stats for Team ID: 1610612743, Player ID: 1631212  2025-26
2026-04-09 21:02:17,900 - INFO - Fetched ON Regular Season WOWY stats for Team ID: 1610612743, Player ID: 1631212 across 2025-26
2026-04-09 21:02:19,903 - INFO - Fetching OFF Regular Season WOWY stats for Team ID: 1610612743, Player ID: 1631212  2025-26
2026-04-09 21:02:23,522 - INFO - Fetched OFF Regular Season WOWY stats for Team ID: 1610612743, Player ID: 1631212 across 2025-26
2026-04-09 21:02:28,207 - INFO - Saved data for player 1631212 to daily_data/2026/1631212.csv
2026-04-09 21:02:28,208 - INFO - Processing 1631216 - 1610612737.0 for 2026 (189/294)
2026-04-09 21:02:28,208 - INFO - Fetching ON Regular Season WOWY stats for Team ID: 1610612737, Player ID: 1631216  2025-26
2026-04-09 21:02:30,225 - INFO - Fetched ON Regular Season WOWY stats for Team ID: 1610612737, Player ID: 1631216 across 2025-26
2026-04-09 21:02:32,227 - INFO - Fetching OFF Regular Season WOWY stats for Team ID: 1610612737, Player ID: 1631216  2025-26
2026-04-09 21:02:37,394 - INFO - Fetched OFF Regular Season WOWY stats for Team ID: 1610612737, Player ID: 1631216 across 2025-26
2026-04-09 21:02:41,788 - INFO - Saved data for player 1631216 to daily_data/2026/1631216.csv
2026-04-09 21:02:41,789 - INFO - Processing 1631221 - 1610612756.0 for 2026 (190/294)
2026-04-09 21:02:41,789 - INFO - Fetching ON Regular Season WOWY stats for Team ID: 1610612756, Player ID: 1631221  2025-26
2026-04-09 21:02:42,408 - INFO - Fetched ON Regular Season WOWY stats for Team ID: 1610612756, Player ID: 1631221 across 2025-26
2026-04-09 21:02:44,411 - INFO - Fetching OFF Regular Season WOWY stats for Team ID: 1610612756, Player ID: 1631221  2025-26
2026-04-09 21:02:54,188 - INFO - Fetched OFF Regular Season WOWY stats for Team ID: 1610612756, Player ID: 1631221 across 2025-26
2026-04-09 21:02:58,550 - INFO - Saved data for player 1631221 to daily_data/2026/1631221.csv
2026-04-09 21:02:58,550 - INFO - Progress: 190/294 players processed (64.6%)
2026-04-09 21:02:58,551 - INFO - Processing 1631223 - 1610612743.0 for 2026 (191/294)
2026-04-09 21:02:58,551 - INFO - Fetching ON Regular Season WOWY stats for Team ID: 1610612743, Player ID: 1631223  2025-26
2026-04-09 21:03:00,860 - INFO - Fetched ON Regular Season WOWY stats for Team ID: 1610612743, Player ID: 1631223 across 2025-26
2026-04-09 21:03:02,863 - INFO - Fetching OFF Regular Season WOWY stats for Team ID: 1610612743, Player ID: 1631223  2025-26
2026-04-09 21:03:08,728 - INFO - Fetched OFF Regular Season WOWY stats for Team ID: 1610612743, Player ID: 1631223 across 2025-26
2026-04-09 21:03:12,804 - INFO - Saved data for player 1631223 to daily_data/2026/1631223.csv
2026-04-09 21:03:12,804 - INFO - Processing 1631243 - 1610612737.0 for 2026 (192/294)
2026-04-09 21:03:12,804 - INFO - Fetching ON Regular Season WOWY stats for Team ID: 1610612737, Player ID: 1631243  2025-26
2026-04-09 21:03:40,687 - INFO - Fetched ON Regular Season WOWY stats for Team ID: 1610612737, Player ID: 1631243 across 2025-26
2026-04-09 21:03:42,690 - INFO - Fetching OFF Regular Season WOWY stats for Team ID: 1610612737, Player ID: 1631243  2025-26
2026-04-09 21:03:55,046 - INFO - Fetched OFF Regular Season WOWY stats for Team ID: 1610612737, Player ID: 1631243 across 2025-26
2026-04-09 21:03:59,253 - INFO - Saved data for player 1631243 to daily_data/2026/1631243.csv
2026-04-09 21:03:59,253 - INFO - Processing 1631246 - 1610612763.0 for 2026 (193/294)
2026-04-09 21:03:59,253 - INFO - Fetching ON Regular Season WOWY stats for Team ID: 1610612763, Player ID: 1631246  2025-26
2026-04-09 21:04:19,784 - INFO - Fetched ON Regular Season WOWY stats for Team ID: 1610612763, Player ID: 1631246 across 2025-26
2026-04-09 21:04:21,786 - INFO - Fetching OFF Regular Season WOWY stats for Team ID: 1610612763, Player ID: 1631246  2025-26
2026-04-09 21:04:24,172 - INFO - Fetched OFF Regular Season WOWY stats for Team ID: 1610612763, Player ID: 1631246 across 2025-26
2026-04-09 21:04:28,570 - INFO - Saved data for player 1631246 to daily_data/2026/1631246.csv
2026-04-09 21:04:28,570 - INFO - Processing 1631247 - 1610612739.0 for 2026 (194/294)
2026-04-09 21:04:28,570 - INFO - Fetching ON Regular Season WOWY stats for Team ID: 1610612739, Player ID: 1631247  2025-26
2026-04-09 21:04:31,153 - INFO - Fetched ON Regular Season WOWY stats for Team ID: 1610612739, Player ID: 1631247 across 2025-26
2026-04-09 21:04:33,156 - INFO - Fetching OFF Regular Season WOWY stats for Team ID: 1610612739, Player ID: 1631247  2025-26
2026-04-09 21:04:35,336 - INFO - Fetched OFF Regular Season WOWY stats for Team ID: 1610612739, Player ID: 1631247 across 2025-26
2026-04-09 21:04:39,886 - INFO - Saved data for player 1631247 to daily_data/2026/1631247.csv
2026-04-09 21:04:39,886 - INFO - Processing 1631250 - 1610612749.0 for 2026 (195/294)
2026-04-09 21:04:39,886 - INFO - Fetching ON Regular Season WOWY stats for Team ID: 1610612749, Player ID: 1631250  2025-26
2026-04-09 21:04:41,282 - INFO - Fetched ON Regular Season WOWY stats for Team ID: 1610612749, Player ID: 1631250 across 2025-26
2026-04-09 21:04:43,284 - INFO - Fetching OFF Regular Season WOWY stats for Team ID: 1610612749, Player ID: 1631250  2025-26
2026-04-09 21:04:44,959 - INFO - Fetched OFF Regular Season WOWY stats for Team ID: 1610612749, Player ID: 1631250 across 2025-26
2026-04-09 21:04:49,418 - INFO - Saved data for player 1631250 to daily_data/2026/1631250.csv
2026-04-09 21:04:49,419 - INFO - Processing 1631260 - 1610612749.0 for 2026 (196/294)
2026-04-09 21:04:49,419 - INFO - Fetching ON Regular Season WOWY stats for Team ID: 1610612749, Player ID: 1631260  2025-26
2026-04-09 21:04:57,989 - INFO - Fetched ON Regular Season WOWY stats for Team ID: 1610612749, Player ID: 1631260 across 2025-26
2026-04-09 21:04:59,991 - INFO - Fetching OFF Regular Season WOWY stats for Team ID: 1610612749, Player ID: 1631260  2025-26
2026-04-09 21:05:01,572 - INFO - Fetched OFF Regular Season WOWY stats for Team ID: 1610612749, Player ID: 1631260 across 2025-26
2026-04-09 21:05:06,021 - INFO - Saved data for player 1631260 to daily_data/2026/1631260.csv
2026-04-09 21:05:06,022 - INFO - Processing 1631288 - 1610612753.0 for 2026 (197/294)
2026-04-09 21:05:06,022 - INFO - Fetching ON Regular Season WOWY stats for Team ID: 1610612753, Player ID: 1631288  2025-26
2026-04-09 21:05:07,188 - INFO - Fetched ON Regular Season WOWY stats for Team ID: 1610612753, Player ID: 1631288 across 2025-26
2026-04-09 21:05:09,191 - INFO - Fetching OFF Regular Season WOWY stats for Team ID: 1610612753, Player ID: 1631288  2025-26
2026-04-09 21:05:11,041 - INFO - Fetched OFF Regular Season WOWY stats for Team ID: 1610612753, Player ID: 1631288 across 2025-26
2026-04-09 21:05:15,604 - INFO - Saved data for player 1631288 to daily_data/2026/1631288.csv
2026-04-09 21:05:15,605 - INFO - Processing 1631321 - 1610612757.0 for 2026 (198/294)
2026-04-09 21:05:15,605 - INFO - Fetching ON Regular Season WOWY stats for Team ID: 1610612757, Player ID: 1631321  2025-26
2026-04-09 21:05:17,098 - INFO - Fetched ON Regular Season WOWY stats for Team ID: 1610612757, Player ID: 1631321 across 2025-26
2026-04-09 21:05:19,100 - INFO - Fetching OFF Regular Season WOWY stats for Team ID: 1610612757, Player ID: 1631321  2025-26
2026-04-09 21:05:21,290 - INFO - Fetched OFF Regular Season WOWY stats for Team ID: 1610612757, Player ID: 1631321 across 2025-26
2026-04-09 21:05:25,960 - INFO - Saved data for player 1631321 to daily_data/2026/1631321.csv
2026-04-09 21:05:25,961 - INFO - Processing 1631351 - 1610612763.0 for 2026 (199/294)
2026-04-09 21:05:25,961 - INFO - Fetching ON Regular Season WOWY stats for Team ID: 1610612763, Player ID: 1631351  2025-26
2026-04-09 21:05:27,028 - INFO - Fetched ON Regular Season WOWY stats for Team ID: 1610612763, Player ID: 1631351 across 2025-26
2026-04-09 21:05:29,030 - INFO - Fetching OFF Regular Season WOWY stats for Team ID: 1610612763, Player ID: 1631351  2025-26
2026-04-09 21:05:31,315 - INFO - Fetched OFF Regular Season WOWY stats for Team ID: 1610612763, Player ID: 1631351 across 2025-26
2026-04-09 21:05:36,143 - INFO - Saved data for player 1631351 to daily_data/2026/1631351.csv
2026-04-09 21:05:36,143 - INFO - Processing 1631451 - 1610612757.0 for 2026 (200/294)
2026-04-09 21:05:36,143 - INFO - Fetching ON Regular Season WOWY stats for Team ID: 1610612757, Player ID: 1631451  2025-26
2026-04-09 21:05:48,381 - WARNING - Request failed: 500 Server Error: Internal Server Error for url: https://api.pbpstats.com/get-wowy-stats/nba?0Exactly1OnFloor=1631451&TeamId=1610612757&Season=2025-26&SeasonType=Regular+Season&Type=Player. Retrying in 2.53 seconds (attempt 1/3)
2026-04-09 21:05:52,076 - INFO - Fetched ON Regular Season WOWY stats for Team ID: 1610612757, Player ID: 1631451 across 2025-26
2026-04-09 21:05:54,079 - INFO - Fetching OFF Regular Season WOWY stats for Team ID: 1610612757, Player ID: 1631451  2025-26
2026-04-09 21:05:56,441 - INFO - Fetched OFF Regular Season WOWY stats for Team ID: 1610612757, Player ID: 1631451 across 2025-26
2026-04-09 21:06:00,658 - INFO - Saved data for player 1631451 to daily_data/2026/1631451.csv
2026-04-09 21:06:00,658 - INFO - Progress: 200/294 players processed (68.0%)
2026-04-09 21:06:00,659 - INFO - Processing 1631457 - 1610612753.0 for 2026 (201/294)
2026-04-09 21:06:00,659 - INFO - Fetching ON Regular Season WOWY stats for Team ID: 1610612753, Player ID: 1631457  2025-26
2026-04-09 21:06:01,307 - INFO - Fetched ON Regular Season WOWY stats for Team ID: 1610612753, Player ID: 1631457 across 2025-26
2026-04-09 21:06:03,309 - INFO - Fetching OFF Regular Season WOWY stats for Team ID: 1610612753, Player ID: 1631457  2025-26
2026-04-09 21:06:05,193 - INFO - Fetched OFF Regular Season WOWY stats for Team ID: 1610612753, Player ID: 1631457 across 2025-26
2026-04-09 21:06:09,829 - INFO - Saved data for player 1631457 to daily_data/2026/1631457.csv
2026-04-09 21:06:09,829 - INFO - Processing 1641705 - 1610612759.0 for 2026 (202/294)
2026-04-09 21:06:09,830 - INFO - Fetching ON Regular Season WOWY stats for Team ID: 1610612759, Player ID: 1641705  2025-26
2026-04-09 21:06:11,060 - INFO - Fetched ON Regular Season WOWY stats for Team ID: 1610612759, Player ID: 1641705 across 2025-26
2026-04-09 21:06:13,062 - INFO - Fetching OFF Regular Season WOWY stats for Team ID: 1610612759, Player ID: 1641705  2025-26
2026-04-09 21:06:14,715 - INFO - Fetched OFF Regular Season WOWY stats for Team ID: 1610612759, Player ID: 1641705 across 2025-26
2026-04-09 21:06:19,449 - INFO - Saved data for player 1641705 to daily_data/2026/1641705.csv
2026-04-09 21:06:19,450 - INFO - Processing 1641707 - 1610612763.0 for 2026 (203/294)
2026-04-09 21:06:19,450 - INFO - Fetching ON Regular Season WOWY stats for Team ID: 1610612763, Player ID: 1641707  2025-26
2026-04-09 21:06:20,826 - INFO - Fetched ON Regular Season WOWY stats for Team ID: 1610612763, Player ID: 1641707 across 2025-26
2026-04-09 21:06:22,828 - INFO - Fetching OFF Regular Season WOWY stats for Team ID: 1610612763, Player ID: 1641707  2025-26
2026-04-09 21:06:32,151 - INFO - Fetched OFF Regular Season WOWY stats for Team ID: 1610612763, Player ID: 1641707 across 2025-26
2026-04-09 21:06:36,774 - INFO - Saved data for player 1641707 to daily_data/2026/1641707.csv
2026-04-09 21:06:36,775 - INFO - Processing 1641709 - 1610612765.0 for 2026 (204/294)
2026-04-09 21:06:36,775 - INFO - Fetching ON Regular Season WOWY stats for Team ID: 1610612765, Player ID: 1641709  2025-26
2026-04-09 21:06:38,126 - INFO - Fetched ON Regular Season WOWY stats for Team ID: 1610612765, Player ID: 1641709 across 2025-26
2026-04-09 21:06:40,128 - INFO - Fetching OFF Regular Season WOWY stats for Team ID: 1610612765, Player ID: 1641709  2025-26
2026-04-09 21:06:42,174 - INFO - Fetched OFF Regular Season WOWY stats for Team ID: 1610612765, Player ID: 1641709 across 2025-26
2026-04-09 21:06:47,026 - INFO - Saved data for player 1641709 to daily_data/2026/1641709.csv
2026-04-09 21:06:47,027 - INFO - Processing 1641710 - 1610612753.0 for 2026 (205/294)
2026-04-09 21:06:47,027 - INFO - Fetching ON Regular Season WOWY stats for Team ID: 1610612753, Player ID: 1641710  2025-26
2026-04-09 21:06:48,537 - INFO - Fetched ON Regular Season WOWY stats for Team ID: 1610612753, Player ID: 1641710 across 2025-26
2026-04-09 21:06:50,539 - INFO - Fetching OFF Regular Season WOWY stats for Team ID: 1610612753, Player ID: 1641710  2025-26
2026-04-09 21:06:52,038 - INFO - Fetched OFF Regular Season WOWY stats for Team ID: 1610612753, Player ID: 1641710 across 2025-26
2026-04-09 21:06:56,163 - INFO - Saved data for player 1641710 to daily_data/2026/1641710.csv
2026-04-09 21:06:56,164 - INFO - Processing 1641712 - 1610612757.0 for 2026 (206/294)
2026-04-09 21:06:56,164 - INFO - Fetching ON Regular Season WOWY stats for Team ID: 1610612757, Player ID: 1641712  2025-26
2026-04-09 21:06:57,354 - INFO - Fetched ON Regular Season WOWY stats for Team ID: 1610612757, Player ID: 1641712 across 2025-26
2026-04-09 21:06:59,356 - INFO - Fetching OFF Regular Season WOWY stats for Team ID: 1610612757, Player ID: 1641712  2025-26
2026-04-09 21:07:01,188 - INFO - Fetched OFF Regular Season WOWY stats for Team ID: 1610612757, Player ID: 1641712 across 2025-26
2026-04-09 21:07:05,518 - INFO - Processing 1641712 - 1610612763.0 for 2026 (206/294)
2026-04-09 21:07:05,518 - INFO - Fetching ON Regular Season WOWY stats for Team ID: 1610612763, Player ID: 1641712  2025-26
2026-04-09 21:07:06,582 - INFO - Fetched ON Regular Season WOWY stats for Team ID: 1610612763, Player ID: 1641712 across 2025-26
2026-04-09 21:07:08,584 - INFO - Fetching OFF Regular Season WOWY stats for Team ID: 1610612763, Player ID: 1641712  2025-26
2026-04-09 21:07:33,936 - INFO - Fetched OFF Regular Season WOWY stats for Team ID: 1610612763, Player ID: 1641712 across 2025-26
2026-04-09 21:07:38,738 - INFO - Saved data for player 1641712 to daily_data/2026/1641712.csv
2026-04-09 21:07:38,739 - INFO - Processing 1641713 - 1610612763.0 for 2026 (207/294)
2026-04-09 21:07:38,739 - INFO - Fetching ON Regular Season WOWY stats for Team ID: 1610612763, Player ID: 1641713  2025-26
2026-04-09 21:07:40,669 - INFO - Fetched ON Regular Season WOWY stats for Team ID: 1610612763, Player ID: 1641713 across 2025-26
2026-04-09 21:07:42,671 - INFO - Fetching OFF Regular Season WOWY stats for Team ID: 1610612763, Player ID: 1641713  2025-26
2026-04-09 21:07:44,599 - INFO - Fetched OFF Regular Season WOWY stats for Team ID: 1610612763, Player ID: 1641713 across 2025-26
2026-04-09 21:07:48,634 - INFO - Saved data for player 1641713 to daily_data/2026/1641713.csv
2026-04-09 21:07:48,635 - INFO - Processing 1641717 - 1610612760.0 for 2026 (208/294)
2026-04-09 21:07:48,635 - INFO - Fetching ON Regular Season WOWY stats for Team ID: 1610612760, Player ID: 1641717  2025-26
2026-04-09 21:07:50,788 - INFO - Fetched ON Regular Season WOWY stats for Team ID: 1610612760, Player ID: 1641717 across 2025-26
2026-04-09 21:07:52,790 - INFO - Fetching OFF Regular Season WOWY stats for Team ID: 1610612760, Player ID: 1641717  2025-26
2026-04-09 21:07:53,214 - INFO - Fetched OFF Regular Season WOWY stats for Team ID: 1610612760, Player ID: 1641717 across 2025-26
2026-04-09 21:07:57,420 - INFO - Saved data for player 1641717 to daily_data/2026/1641717.csv
2026-04-09 21:07:57,421 - INFO - Processing 1641724 - 1610612753.0 for 2026 (209/294)
2026-04-09 21:07:57,421 - INFO - Fetching ON Regular Season WOWY stats for Team ID: 1610612753, Player ID: 1641724  2025-26
2026-04-09 21:07:58,741 - INFO - Fetched ON Regular Season WOWY stats for Team ID: 1610612753, Player ID: 1641724 across 2025-26
2026-04-09 21:08:00,743 - INFO - Fetching OFF Regular Season WOWY stats for Team ID: 1610612753, Player ID: 1641724  2025-26
2026-04-09 21:08:02,898 - INFO - Fetched OFF Regular Season WOWY stats for Team ID: 1610612753, Player ID: 1641724 across 2025-26
2026-04-09 21:08:07,684 - INFO - Saved data for player 1641724 to daily_data/2026/1641724.csv
2026-04-09 21:08:07,685 - INFO - Processing 1641726 - 1610612742.0 for 2026 (210/294)
2026-04-09 21:08:07,685 - INFO - Fetching ON Regular Season WOWY stats for Team ID: 1610612742, Player ID: 1641726  2025-26
2026-04-09 21:08:08,659 - INFO - Fetched ON Regular Season WOWY stats for Team ID: 1610612742, Player ID: 1641726 across 2025-26
2026-04-09 21:08:10,661 - INFO - Fetching OFF Regular Season WOWY stats for Team ID: 1610612742, Player ID: 1641726  2025-26
2026-04-09 21:08:32,961 - WARNING - Request failed: 500 Server Error: Internal Server Error for url: https://api.pbpstats.com/get-wowy-stats/nba?0Exactly0OnFloor=1641726&TeamId=1610612742&Season=2025-26&SeasonType=Regular+Season&Type=Player. Retrying in 2.82 seconds (attempt 1/3)
2026-04-09 21:08:38,309 - INFO - Fetched OFF Regular Season WOWY stats for Team ID: 1610612742, Player ID: 1641726 across 2025-26
2026-04-09 21:08:42,616 - INFO - Saved data for player 1641726 to daily_data/2026/1641726.csv
2026-04-09 21:08:42,616 - INFO - Progress: 210/294 players processed (71.4%)
2026-04-09 21:08:42,617 - INFO - Processing 1641727 - 1610612763.0 for 2026 (211/294)
2026-04-09 21:08:42,617 - INFO - Fetching ON Regular Season WOWY stats for Team ID: 1610612763, Player ID: 1641727  2025-26
2026-04-09 21:08:43,467 - INFO - Fetched ON Regular Season WOWY stats for Team ID: 1610612763, Player ID: 1641727 across 2025-26
2026-04-09 21:08:45,469 - INFO - Fetching OFF Regular Season WOWY stats for Team ID: 1610612763, Player ID: 1641727  2025-26
2026-04-09 21:08:48,041 - INFO - Fetched OFF Regular Season WOWY stats for Team ID: 1610612763, Player ID: 1641727 across 2025-26
2026-04-09 21:08:52,617 - INFO - Saved data for player 1641727 to daily_data/2026/1641727.csv
2026-04-09 21:08:52,617 - INFO - Processing 1641732 - 1610612765.0 for 2026 (212/294)
2026-04-09 21:08:52,618 - INFO - Fetching ON Regular Season WOWY stats for Team ID: 1610612765, Player ID: 1641732  2025-26
2026-04-09 21:08:53,251 - INFO - Fetched ON Regular Season WOWY stats for Team ID: 1610612765, Player ID: 1641732 across 2025-26
2026-04-09 21:08:55,253 - INFO - Fetching OFF Regular Season WOWY stats for Team ID: 1610612765, Player ID: 1641732  2025-26
2026-04-09 21:08:57,913 - INFO - Fetched OFF Regular Season WOWY stats for Team ID: 1610612765, Player ID: 1641732 across 2025-26
2026-04-09 21:09:02,356 - INFO - Saved data for player 1641732 to daily_data/2026/1641732.csv
2026-04-09 21:09:02,357 - INFO - Processing 1641738 - 1610612746.0 for 2026 (213/294)
2026-04-09 21:09:02,357 - INFO - Fetching ON Regular Season WOWY stats for Team ID: 1610612746, Player ID: 1641738  2025-26
2026-04-09 21:09:04,736 - INFO - Fetched ON Regular Season WOWY stats for Team ID: 1610612746, Player ID: 1641738 across 2025-26
2026-04-09 21:09:06,738 - INFO - Fetching OFF Regular Season WOWY stats for Team ID: 1610612746, Player ID: 1641738  2025-26
2026-04-09 21:09:11,722 - INFO - Fetched OFF Regular Season WOWY stats for Team ID: 1610612746, Player ID: 1641738 across 2025-26
2026-04-09 21:09:16,542 - INFO - Saved data for player 1641738 to daily_data/2026/1641738.csv
2026-04-09 21:09:16,543 - INFO - Processing 1641739 - 1610612757.0 for 2026 (214/294)
2026-04-09 21:09:16,543 - INFO - Fetching ON Regular Season WOWY stats for Team ID: 1610612757, Player ID: 1641739  2025-26
2026-04-09 21:09:38,853 - WARNING - Request failed: 500 Server Error: Internal Server Error for url: https://api.pbpstats.com/get-wowy-stats/nba?0Exactly1OnFloor=1641739&TeamId=1610612757&Season=2025-26&SeasonType=Regular+Season&Type=Player. Retrying in 2.96 seconds (attempt 1/3)
2026-04-09 21:09:47,195 - INFO - Fetched ON Regular Season WOWY stats for Team ID: 1610612757, Player ID: 1641739 across 2025-26
2026-04-09 21:09:49,197 - INFO - Fetching OFF Regular Season WOWY stats for Team ID: 1610612757, Player ID: 1641739  2025-26
2026-04-09 21:09:54,115 - INFO - Fetched OFF Regular Season WOWY stats for Team ID: 1610612757, Player ID: 1641739 across 2025-26
2026-04-09 21:09:58,363 - INFO - Saved data for player 1641739 to daily_data/2026/1641739.csv
2026-04-09 21:09:58,363 - INFO - Processing 1641740 - 1610612750.0 for 2026 (215/294)
2026-04-09 21:09:58,363 - INFO - Fetching ON Regular Season WOWY stats for Team ID: 1610612750, Player ID: 1641740  2025-26
2026-04-09 21:10:01,430 - INFO - Fetched ON Regular Season WOWY stats for Team ID: 1610612750, Player ID: 1641740 across 2025-26
2026-04-09 21:10:03,432 - INFO - Fetching OFF Regular Season WOWY stats for Team ID: 1610612750, Player ID: 1641740  2025-26
2026-04-09 21:10:15,865 - INFO - Fetched OFF Regular Season WOWY stats for Team ID: 1610612750, Player ID: 1641740 across 2025-26
2026-04-09 21:10:20,493 - INFO - Saved data for player 1641740 to daily_data/2026/1641740.csv
2026-04-09 21:10:20,493 - INFO - Processing 1641744 - 1610612763.0 for 2026 (216/294)
2026-04-09 21:10:20,494 - INFO - Fetching ON Regular Season WOWY stats for Team ID: 1610612763, Player ID: 1641744  2025-26
2026-04-09 21:10:29,730 - INFO - Fetched ON Regular Season WOWY stats for Team ID: 1610612763, Player ID: 1641744 across 2025-26
2026-04-09 21:10:31,732 - INFO - Fetching OFF Regular Season WOWY stats for Team ID: 1610612763, Player ID: 1641744  2025-26
2026-04-09 21:10:40,947 - INFO - Fetched OFF Regular Season WOWY stats for Team ID: 1610612763, Player ID: 1641744 across 2025-26
2026-04-09 21:10:45,538 - INFO - Saved data for player 1641744 to daily_data/2026/1641744.csv
2026-04-09 21:10:45,539 - INFO - Processing 1641747 - 1610612743.0 for 2026 (217/294)
2026-04-09 21:10:45,539 - INFO - Fetching ON Regular Season WOWY stats for Team ID: 1610612743, Player ID: 1641747  2025-26
2026-04-09 21:10:47,512 - INFO - Fetched ON Regular Season WOWY stats for Team ID: 1610612743, Player ID: 1641747 across 2025-26
2026-04-09 21:10:49,514 - INFO - Fetching OFF Regular Season WOWY stats for Team ID: 1610612743, Player ID: 1641747  2025-26
2026-04-09 21:10:58,026 - INFO - Fetched OFF Regular Season WOWY stats for Team ID: 1610612743, Player ID: 1641747 across 2025-26
2026-04-09 21:11:02,434 - INFO - Saved data for player 1641747 to daily_data/2026/1641747.csv
2026-04-09 21:11:02,435 - INFO - Processing 1641748 - 1610612749.0 for 2026 (218/294)
2026-04-09 21:11:02,435 - INFO - Fetching ON Regular Season WOWY stats for Team ID: 1610612749, Player ID: 1641748  2025-26
2026-04-09 21:11:02,942 - INFO - Fetched ON Regular Season WOWY stats for Team ID: 1610612749, Player ID: 1641748 across 2025-26
2026-04-09 21:11:04,944 - INFO - Fetching OFF Regular Season WOWY stats for Team ID: 1610612749, Player ID: 1641748  2025-26
2026-04-09 21:11:35,098 - WARNING - Request failed: HTTPSConnectionPool(host='api.pbpstats.com', port=443): Read timed out. (read timeout=30). Retrying in 2.05 seconds (attempt 1/3)
2026-04-09 21:11:40,146 - INFO - Fetched OFF Regular Season WOWY stats for Team ID: 1610612749, Player ID: 1641748 across 2025-26
2026-04-09 21:11:44,882 - INFO - Saved data for player 1641748 to daily_data/2026/1641748.csv
2026-04-09 21:11:44,883 - INFO - Processing 1641752 - 1610612765.0 for 2026 (219/294)
2026-04-09 21:11:44,883 - INFO - Fetching ON Regular Season WOWY stats for Team ID: 1610612765, Player ID: 1641752  2025-26
2026-04-09 21:11:45,842 - INFO - Fetched ON Regular Season WOWY stats for Team ID: 1610612765, Player ID: 1641752 across 2025-26
2026-04-09 21:11:47,844 - INFO - Fetching OFF Regular Season WOWY stats for Team ID: 1610612765, Player ID: 1641752  2025-26
2026-04-09 21:11:51,690 - INFO - Fetched OFF Regular Season WOWY stats for Team ID: 1610612765, Player ID: 1641752 across 2025-26
2026-04-09 21:11:56,415 - INFO - Saved data for player 1641752 to daily_data/2026/1641752.csv
2026-04-09 21:11:56,416 - INFO - Processing 1641753 - 1610612739.0 for 2026 (220/294)
2026-04-09 21:11:56,416 - INFO - Fetching ON Regular Season WOWY stats for Team ID: 1610612739, Player ID: 1641753  2025-26
2026-04-09 21:12:08,635 - WARNING - Request failed: 500 Server Error: Internal Server Error for url: https://api.pbpstats.com/get-wowy-stats/nba?0Exactly1OnFloor=1641753&TeamId=1610612739&Season=2025-26&SeasonType=Regular+Season&Type=Player. Retrying in 2.18 seconds (attempt 1/3)
2026-04-09 21:12:11,530 - INFO - Fetched ON Regular Season WOWY stats for Team ID: 1610612739, Player ID: 1641753 across 2025-26
2026-04-09 21:12:13,532 - INFO - Fetching OFF Regular Season WOWY stats for Team ID: 1610612739, Player ID: 1641753  2025-26
2026-04-09 21:12:16,012 - INFO - Fetched OFF Regular Season WOWY stats for Team ID: 1610612739, Player ID: 1641753 across 2025-26
2026-04-09 21:12:20,667 - INFO - Saved data for player 1641753 to daily_data/2026/1641753.csv
2026-04-09 21:12:20,667 - INFO - Progress: 220/294 players processed (74.8%)
2026-04-09 21:12:20,668 - INFO - Processing 1641757 - 1610612746.0 for 2026 (221/294)
2026-04-09 21:12:20,668 - INFO - Fetching ON Regular Season WOWY stats for Team ID: 1610612746, Player ID: 1641757  2025-26
2026-04-09 21:12:22,805 - INFO - Fetched ON Regular Season WOWY stats for Team ID: 1610612746, Player ID: 1641757 across 2025-26
2026-04-09 21:12:24,807 - INFO - Fetching OFF Regular Season WOWY stats for Team ID: 1610612746, Player ID: 1641757  2025-26
2026-04-09 21:12:26,517 - INFO - Fetched OFF Regular Season WOWY stats for Team ID: 1610612746, Player ID: 1641757 across 2025-26
2026-04-09 21:12:30,581 - INFO - Saved data for player 1641757 to daily_data/2026/1641757.csv
2026-04-09 21:12:30,582 - INFO - Processing 1641763 - 1610612750.0 for 2026 (222/294)
2026-04-09 21:12:30,582 - INFO - Fetching ON Regular Season WOWY stats for Team ID: 1610612750, Player ID: 1641763  2025-26
2026-04-09 21:13:00,748 - WARNING - Request failed: HTTPSConnectionPool(host='api.pbpstats.com', port=443): Read timed out. (read timeout=30). Retrying in 2.56 seconds (attempt 1/3)
2026-04-09 21:13:04,376 - INFO - Fetched ON Regular Season WOWY stats for Team ID: 1610612750, Player ID: 1641763 across 2025-26
2026-04-09 21:13:06,378 - INFO - Fetching OFF Regular Season WOWY stats for Team ID: 1610612750, Player ID: 1641763  2025-26
2026-04-09 21:13:09,215 - INFO - Fetched OFF Regular Season WOWY stats for Team ID: 1610612750, Player ID: 1641763 across 2025-26
2026-04-09 21:13:13,699 - INFO - Saved data for player 1641763 to daily_data/2026/1641763.csv
2026-04-09 21:13:13,699 - INFO - Processing 1641765 - 1610612763.0 for 2026 (223/294)
2026-04-09 21:13:13,700 - INFO - Fetching ON Regular Season WOWY stats for Team ID: 1610612763, Player ID: 1641765  2025-26
2026-04-09 21:13:16,760 - INFO - Fetched ON Regular Season WOWY stats for Team ID: 1610612763, Player ID: 1641765 across 2025-26
2026-04-09 21:13:18,762 - INFO - Fetching OFF Regular Season WOWY stats for Team ID: 1610612763, Player ID: 1641765  2025-26
2026-04-09 21:13:33,976 - INFO - Fetched OFF Regular Season WOWY stats for Team ID: 1610612763, Player ID: 1641765 across 2025-26
2026-04-09 21:13:38,177 - INFO - Saved data for player 1641765 to daily_data/2026/1641765.csv
2026-04-09 21:13:38,178 - INFO - Processing 1641772 - 1610612739.0 for 2026 (224/294)
2026-04-09 21:13:38,178 - INFO - Fetching ON Regular Season WOWY stats for Team ID: 1610612739, Player ID: 1641772  2025-26
2026-04-09 21:13:57,644 - INFO - Fetched ON Regular Season WOWY stats for Team ID: 1610612739, Player ID: 1641772 across 2025-26
2026-04-09 21:13:59,646 - INFO - Fetching OFF Regular Season WOWY stats for Team ID: 1610612739, Player ID: 1641772  2025-26
2026-04-09 21:14:03,772 - INFO - Fetched OFF Regular Season WOWY stats for Team ID: 1610612739, Player ID: 1641772 across 2025-26
2026-04-09 21:14:08,218 - INFO - Saved data for player 1641772 to daily_data/2026/1641772.csv
2026-04-09 21:14:08,218 - INFO - Processing 1641783 - 1610612753.0 for 2026 (225/294)
2026-04-09 21:14:08,219 - INFO - Fetching ON Regular Season WOWY stats for Team ID: 1610612753, Player ID: 1641783  2025-26
2026-04-09 21:14:11,589 - INFO - Fetched ON Regular Season WOWY stats for Team ID: 1610612753, Player ID: 1641783 across 2025-26
2026-04-09 21:14:13,591 - INFO - Fetching OFF Regular Season WOWY stats for Team ID: 1610612753, Player ID: 1641783  2025-26
2026-04-09 21:14:15,988 - INFO - Fetched OFF Regular Season WOWY stats for Team ID: 1610612753, Player ID: 1641783 across 2025-26
2026-04-09 21:14:20,533 - INFO - Saved data for player 1641783 to daily_data/2026/1641783.csv
2026-04-09 21:14:20,534 - INFO - Processing 1641790 - 1610612763.0 for 2026 (226/294)
2026-04-09 21:14:20,534 - INFO - Fetching ON Regular Season WOWY stats for Team ID: 1610612763, Player ID: 1641790  2025-26
2026-04-09 21:14:21,403 - INFO - Fetched ON Regular Season WOWY stats for Team ID: 1610612763, Player ID: 1641790 across 2025-26
2026-04-09 21:14:23,406 - INFO - Fetching OFF Regular Season WOWY stats for Team ID: 1610612763, Player ID: 1641790  2025-26
2026-04-09 21:14:27,384 - INFO - Fetched OFF Regular Season WOWY stats for Team ID: 1610612763, Player ID: 1641790 across 2025-26
2026-04-09 21:14:31,572 - INFO - Saved data for player 1641790 to daily_data/2026/1641790.csv
2026-04-09 21:14:31,572 - INFO - Processing 1641807 - 1610612746.0 for 2026 (227/294)
2026-04-09 21:14:31,572 - INFO - Fetching ON Regular Season WOWY stats for Team ID: 1610612746, Player ID: 1641807  2025-26
2026-04-09 21:14:32,339 - INFO - Fetched ON Regular Season WOWY stats for Team ID: 1610612746, Player ID: 1641807 across 2025-26
2026-04-09 21:14:34,341 - INFO - Fetching OFF Regular Season WOWY stats for Team ID: 1610612746, Player ID: 1641807  2025-26
2026-04-09 21:14:36,515 - INFO - Fetched OFF Regular Season WOWY stats for Team ID: 1610612746, Player ID: 1641807 across 2025-26
2026-04-09 21:14:40,642 - INFO - Saved data for player 1641807 to daily_data/2026/1641807.csv
2026-04-09 21:14:40,642 - INFO - Processing 1641813 - 1610612749.0 for 2026 (228/294)
2026-04-09 21:14:40,642 - INFO - Fetching ON Regular Season WOWY stats for Team ID: 1610612749, Player ID: 1641813  2025-26
2026-04-09 21:14:40,935 - INFO - Fetched ON Regular Season WOWY stats for Team ID: 1610612749, Player ID: 1641813 across 2025-26
2026-04-09 21:14:42,937 - INFO - Fetching OFF Regular Season WOWY stats for Team ID: 1610612749, Player ID: 1641813  2025-26
2026-04-09 21:14:45,092 - INFO - Fetched OFF Regular Season WOWY stats for Team ID: 1610612749, Player ID: 1641813 across 2025-26
2026-04-09 21:14:49,224 - INFO - Saved data for player 1641813 to daily_data/2026/1641813.csv
2026-04-09 21:14:49,224 - INFO - Processing 1641816 - 1610612743.0 for 2026 (229/294)
2026-04-09 21:14:49,224 - INFO - Fetching ON Regular Season WOWY stats for Team ID: 1610612743, Player ID: 1641816  2025-26
2026-04-09 21:14:50,163 - INFO - Fetched ON Regular Season WOWY stats for Team ID: 1610612743, Player ID: 1641816 across 2025-26
2026-04-09 21:14:52,165 - INFO - Fetching OFF Regular Season WOWY stats for Team ID: 1610612743, Player ID: 1641816  2025-26
2026-04-09 21:14:53,923 - INFO - Fetched OFF Regular Season WOWY stats for Team ID: 1610612743, Player ID: 1641816 across 2025-26
2026-04-09 21:14:58,028 - INFO - Saved data for player 1641816 to daily_data/2026/1641816.csv
2026-04-09 21:14:58,029 - INFO - Processing 1641842 - 1610612765.0 for 2026 (230/294)
2026-04-09 21:14:58,029 - INFO - Fetching ON Regular Season WOWY stats for Team ID: 1610612765, Player ID: 1641842  2025-26
2026-04-09 21:14:59,839 - INFO - Fetched ON Regular Season WOWY stats for Team ID: 1610612765, Player ID: 1641842 across 2025-26
2026-04-09 21:15:01,841 - INFO - Fetching OFF Regular Season WOWY stats for Team ID: 1610612765, Player ID: 1641842  2025-26
2026-04-09 21:15:31,586 - INFO - Fetched OFF Regular Season WOWY stats for Team ID: 1610612765, Player ID: 1641842 across 2025-26
2026-04-09 21:15:35,739 - INFO - Saved data for player 1641842 to daily_data/2026/1641842.csv
2026-04-09 21:15:35,739 - INFO - Progress: 230/294 players processed (78.2%)
2026-04-09 21:15:35,740 - INFO - Processing 1641854 - 1610612739.0 for 2026 (231/294)
2026-04-09 21:15:35,740 - INFO - Fetching ON Regular Season WOWY stats for Team ID: 1610612739, Player ID: 1641854  2025-26
2026-04-09 21:15:57,970 - WARNING - Request failed: 500 Server Error: Internal Server Error for url: https://api.pbpstats.com/get-wowy-stats/nba?0Exactly1OnFloor=1641854&TeamId=1610612739&Season=2025-26&SeasonType=Regular+Season&Type=Player. Retrying in 2.42 seconds (attempt 1/3)
2026-04-09 21:16:01,953 - INFO - Fetched ON Regular Season WOWY stats for Team ID: 1610612739, Player ID: 1641854 across 2025-26
2026-04-09 21:16:03,955 - INFO - Fetching OFF Regular Season WOWY stats for Team ID: 1610612739, Player ID: 1641854  2025-26
2026-04-09 21:16:06,064 - INFO - Fetched OFF Regular Season WOWY stats for Team ID: 1610612739, Player ID: 1641854 across 2025-26
2026-04-09 21:16:10,096 - INFO - Saved data for player 1641854 to daily_data/2026/1641854.csv
2026-04-09 21:16:10,097 - INFO - Processing 1641871 - 1610612757.0 for 2026 (232/294)
2026-04-09 21:16:10,097 - INFO - Fetching ON Regular Season WOWY stats for Team ID: 1610612757, Player ID: 1641871  2025-26
2026-04-09 21:16:11,194 - INFO - Fetched ON Regular Season WOWY stats for Team ID: 1610612757, Player ID: 1641871 across 2025-26
2026-04-09 21:16:13,196 - INFO - Fetching OFF Regular Season WOWY stats for Team ID: 1610612757, Player ID: 1641871  2025-26
2026-04-09 21:16:15,567 - INFO - Fetched OFF Regular Season WOWY stats for Team ID: 1610612757, Player ID: 1641871 across 2025-26
2026-04-09 21:16:19,612 - INFO - Saved data for player 1641871 to daily_data/2026/1641871.csv
2026-04-09 21:16:19,613 - INFO - Processing 1641890 - 1610612742.0 for 2026 (233/294)
2026-04-09 21:16:19,613 - INFO - Fetching ON Regular Season WOWY stats for Team ID: 1610612742, Player ID: 1641890  2025-26
2026-04-09 21:16:21,269 - INFO - Fetched ON Regular Season WOWY stats for Team ID: 1610612742, Player ID: 1641890 across 2025-26
2026-04-09 21:16:23,271 - INFO - Fetching OFF Regular Season WOWY stats for Team ID: 1610612742, Player ID: 1641890  2025-26
2026-04-09 21:16:43,776 - INFO - Fetched OFF Regular Season WOWY stats for Team ID: 1610612742, Player ID: 1641890 across 2025-26
2026-04-09 21:16:48,609 - INFO - Saved data for player 1641890 to daily_data/2026/1641890.csv
2026-04-09 21:16:48,609 - INFO - Processing 1642258 - 1610612737.0 for 2026 (234/294)
2026-04-09 21:16:48,609 - INFO - Fetching ON Regular Season WOWY stats for Team ID: 1610612737, Player ID: 1642258  2025-26
2026-04-09 21:17:18,746 - WARNING - Request failed: HTTPSConnectionPool(host='api.pbpstats.com', port=443): Read timed out. (read timeout=30). Retrying in 2.74 seconds (attempt 1/3)
2026-04-09 21:17:22,881 - INFO - Fetched ON Regular Season WOWY stats for Team ID: 1610612737, Player ID: 1642258 across 2025-26
2026-04-09 21:17:24,883 - INFO - Fetching OFF Regular Season WOWY stats for Team ID: 1610612737, Player ID: 1642258  2025-26
2026-04-09 21:17:37,108 - WARNING - Request failed: 500 Server Error: Internal Server Error for url: https://api.pbpstats.com/get-wowy-stats/nba?0Exactly0OnFloor=1642258&TeamId=1610612737&Season=2025-26&SeasonType=Regular+Season&Type=Player. Retrying in 2.03 seconds (attempt 1/3)
2026-04-09 21:17:40,942 - INFO - Fetched OFF Regular Season WOWY stats for Team ID: 1610612737, Player ID: 1642258 across 2025-26
2026-04-09 21:17:45,252 - INFO - Saved data for player 1642258 to daily_data/2026/1642258.csv
2026-04-09 21:17:45,253 - INFO - Processing 1642260 - 1610612760.0 for 2026 (235/294)
2026-04-09 21:17:45,253 - INFO - Fetching ON Regular Season WOWY stats for Team ID: 1610612760, Player ID: 1642260  2025-26
2026-04-09 21:17:45,561 - INFO - Fetched ON Regular Season WOWY stats for Team ID: 1610612760, Player ID: 1642260 across 2025-26
2026-04-09 21:17:47,563 - INFO - Fetching OFF Regular Season WOWY stats for Team ID: 1610612760, Player ID: 1642260  2025-26
2026-04-09 21:17:50,423 - INFO - Fetched OFF Regular Season WOWY stats for Team ID: 1610612760, Player ID: 1642260 across 2025-26
2026-04-09 21:17:55,242 - INFO - Saved data for player 1642260 to daily_data/2026/1642260.csv
2026-04-09 21:17:55,242 - INFO - Processing 1642264 - 1610612759.0 for 2026 (236/294)
2026-04-09 21:17:55,242 - INFO - Fetching ON Regular Season WOWY stats for Team ID: 1610612759, Player ID: 1642264  2025-26
2026-04-09 21:17:56,542 - INFO - Fetched ON Regular Season WOWY stats for Team ID: 1610612759, Player ID: 1642264 across 2025-26
2026-04-09 21:17:58,544 - INFO - Fetching OFF Regular Season WOWY stats for Team ID: 1610612759, Player ID: 1642264  2025-26
2026-04-09 21:17:59,977 - INFO - Fetched OFF Regular Season WOWY stats for Team ID: 1610612759, Player ID: 1642264 across 2025-26
2026-04-09 21:18:04,808 - INFO - Saved data for player 1642264 to daily_data/2026/1642264.csv
2026-04-09 21:18:04,809 - INFO - Processing 1642265 - 1610612750.0 for 2026 (237/294)
2026-04-09 21:18:04,809 - INFO - Fetching ON Regular Season WOWY stats for Team ID: 1610612750, Player ID: 1642265  2025-26
2026-04-09 21:18:05,179 - INFO - Fetched ON Regular Season WOWY stats for Team ID: 1610612750, Player ID: 1642265 across 2025-26
2026-04-09 21:18:07,181 - INFO - Fetching OFF Regular Season WOWY stats for Team ID: 1610612750, Player ID: 1642265  2025-26
2026-04-09 21:18:08,714 - INFO - Fetched OFF Regular Season WOWY stats for Team ID: 1610612750, Player ID: 1642265 across 2025-26
2026-04-09 21:18:13,030 - INFO - Saved data for player 1642265 to daily_data/2026/1642265.csv
2026-04-09 21:18:13,030 - INFO - Processing 1642270 - 1610612757.0 for 2026 (238/294)
2026-04-09 21:18:13,031 - INFO - Fetching ON Regular Season WOWY stats for Team ID: 1610612757, Player ID: 1642270  2025-26
2026-04-09 21:18:15,413 - INFO - Fetched ON Regular Season WOWY stats for Team ID: 1610612757, Player ID: 1642270 across 2025-26
2026-04-09 21:18:17,416 - INFO - Fetching OFF Regular Season WOWY stats for Team ID: 1610612757, Player ID: 1642270  2025-26
2026-04-09 21:18:20,942 - INFO - Fetched OFF Regular Season WOWY stats for Team ID: 1610612757, Player ID: 1642270 across 2025-26
2026-04-09 21:18:25,128 - INFO - Saved data for player 1642270 to daily_data/2026/1642270.csv
2026-04-09 21:18:25,128 - INFO - Processing 1642272 - 1610612760.0 for 2026 (239/294)
2026-04-09 21:18:25,128 - INFO - Fetching ON Regular Season WOWY stats for Team ID: 1610612760, Player ID: 1642272  2025-26
2026-04-09 21:18:25,601 - INFO - Fetched ON Regular Season WOWY stats for Team ID: 1610612760, Player ID: 1642272 across 2025-26
2026-04-09 21:18:27,603 - INFO - Fetching OFF Regular Season WOWY stats for Team ID: 1610612760, Player ID: 1642272  2025-26
2026-04-09 21:18:28,107 - INFO - Fetched OFF Regular Season WOWY stats for Team ID: 1610612760, Player ID: 1642272 across 2025-26
2026-04-09 21:18:33,055 - INFO - Saved data for player 1642272 to daily_data/2026/1642272.csv
2026-04-09 21:18:33,055 - INFO - Processing 1642281 - 1610612739.0 for 2026 (240/294)
2026-04-09 21:18:33,055 - INFO - Fetching ON Regular Season WOWY stats for Team ID: 1610612739, Player ID: 1642281  2025-26
2026-04-09 21:18:34,717 - INFO - Fetched ON Regular Season WOWY stats for Team ID: 1610612739, Player ID: 1642281 across 2025-26
2026-04-09 21:18:36,719 - INFO - Fetching OFF Regular Season WOWY stats for Team ID: 1610612739, Player ID: 1642281  2025-26
2026-04-09 21:18:38,750 - INFO - Fetched OFF Regular Season WOWY stats for Team ID: 1610612739, Player ID: 1642281 across 2025-26
2026-04-09 21:18:43,182 - INFO - Saved data for player 1642281 to daily_data/2026/1642281.csv
2026-04-09 21:18:43,182 - INFO - Progress: 240/294 players processed (81.6%)
2026-04-09 21:18:43,182 - INFO - Processing 1642285 - 1610612763.0 for 2026 (241/294)
2026-04-09 21:18:43,183 - INFO - Fetching ON Regular Season WOWY stats for Team ID: 1610612763, Player ID: 1642285  2025-26
2026-04-09 21:18:44,905 - INFO - Fetched ON Regular Season WOWY stats for Team ID: 1610612763, Player ID: 1642285 across 2025-26
2026-04-09 21:18:46,908 - INFO - Fetching OFF Regular Season WOWY stats for Team ID: 1610612763, Player ID: 1642285  2025-26
2026-04-09 21:18:48,790 - INFO - Fetched OFF Regular Season WOWY stats for Team ID: 1610612763, Player ID: 1642285 across 2025-26
2026-04-09 21:18:53,778 - INFO - Saved data for player 1642285 to daily_data/2026/1642285.csv
2026-04-09 21:18:53,779 - INFO - Processing 1642345 - 1610612756.0 for 2026 (242/294)
2026-04-09 21:18:53,779 - INFO - Fetching ON Regular Season WOWY stats for Team ID: 1610612756, Player ID: 1642345  2025-26
2026-04-09 21:19:18,009 - WARNING - Request failed: 500 Server Error: Internal Server Error for url: https://api.pbpstats.com/get-wowy-stats/nba?0Exactly1OnFloor=1642345&TeamId=1610612756&Season=2025-26&SeasonType=Regular+Season&Type=Player. Retrying in 2.56 seconds (attempt 1/3)
2026-04-09 21:19:21,086 - INFO - Fetched ON Regular Season WOWY stats for Team ID: 1610612756, Player ID: 1642345 across 2025-26
2026-04-09 21:19:23,088 - INFO - Fetching OFF Regular Season WOWY stats for Team ID: 1610612756, Player ID: 1642345  2025-26
2026-04-09 21:19:25,507 - INFO - Fetched OFF Regular Season WOWY stats for Team ID: 1610612756, Player ID: 1642345 across 2025-26
2026-04-09 21:19:30,118 - INFO - Saved data for player 1642345 to daily_data/2026/1642345.csv
2026-04-09 21:19:30,119 - INFO - Processing 1642346 - 1610612756.0 for 2026 (243/294)
2026-04-09 21:19:30,119 - INFO - Fetching ON Regular Season WOWY stats for Team ID: 1610612756, Player ID: 1642346  2025-26
2026-04-09 21:19:30,527 - INFO - Fetched ON Regular Season WOWY stats for Team ID: 1610612756, Player ID: 1642346 across 2025-26
2026-04-09 21:19:32,529 - INFO - Fetching OFF Regular Season WOWY stats for Team ID: 1610612756, Player ID: 1642346  2025-26
2026-04-09 21:19:35,089 - INFO - Fetched OFF Regular Season WOWY stats for Team ID: 1610612756, Player ID: 1642346 across 2025-26
2026-04-09 21:19:39,393 - INFO - Saved data for player 1642346 to daily_data/2026/1642346.csv
2026-04-09 21:19:39,393 - INFO - Processing 1642349 - 1610612760.0 for 2026 (244/294)
2026-04-09 21:19:39,393 - INFO - Fetching ON Regular Season WOWY stats for Team ID: 1610612760, Player ID: 1642349  2025-26
2026-04-09 21:19:51,616 - WARNING - Request failed: 500 Server Error: Internal Server Error for url: https://api.pbpstats.com/get-wowy-stats/nba?0Exactly1OnFloor=1642349&TeamId=1610612760&Season=2025-26&SeasonType=Regular+Season&Type=Player. Retrying in 2.77 seconds (attempt 1/3)
2026-04-09 21:19:54,987 - INFO - Fetched ON Regular Season WOWY stats for Team ID: 1610612760, Player ID: 1642349 across 2025-26
2026-04-09 21:19:56,989 - INFO - Fetching OFF Regular Season WOWY stats for Team ID: 1610612760, Player ID: 1642349  2025-26
2026-04-09 21:19:57,560 - INFO - Fetched OFF Regular Season WOWY stats for Team ID: 1610612760, Player ID: 1642349 across 2025-26
2026-04-09 21:20:02,107 - INFO - Saved data for player 1642349 to daily_data/2026/1642349.csv
2026-04-09 21:20:02,108 - INFO - Processing 1642353 - 1610612746.0 for 2026 (245/294)
2026-04-09 21:20:02,108 - INFO - Fetching ON Regular Season WOWY stats for Team ID: 1610612746, Player ID: 1642353  2025-26
2026-04-09 21:20:02,745 - INFO - Fetched ON Regular Season WOWY stats for Team ID: 1610612746, Player ID: 1642353 across 2025-26
2026-04-09 21:20:04,747 - INFO - Fetching OFF Regular Season WOWY stats for Team ID: 1610612746, Player ID: 1642353  2025-26
2026-04-09 21:20:07,504 - INFO - Fetched OFF Regular Season WOWY stats for Team ID: 1610612746, Player ID: 1642353 across 2025-26
2026-04-09 21:20:11,739 - INFO - Saved data for player 1642353 to daily_data/2026/1642353.csv
2026-04-09 21:20:11,739 - INFO - Processing 1642354 - 1610612743.0 for 2026 (246/294)
2026-04-09 21:20:11,740 - INFO - Fetching ON Regular Season WOWY stats for Team ID: 1610612743, Player ID: 1642354  2025-26
2026-04-09 21:20:12,959 - INFO - Fetched ON Regular Season WOWY stats for Team ID: 1610612743, Player ID: 1642354 across 2025-26
2026-04-09 21:20:14,962 - INFO - Fetching OFF Regular Season WOWY stats for Team ID: 1610612743, Player ID: 1642354  2025-26
2026-04-09 21:20:17,738 - INFO - Fetched OFF Regular Season WOWY stats for Team ID: 1610612743, Player ID: 1642354 across 2025-26
2026-04-09 21:20:22,226 - INFO - Saved data for player 1642354 to daily_data/2026/1642354.csv
2026-04-09 21:20:22,227 - INFO - Processing 1642357 - 1610612759.0 for 2026 (247/294)
2026-04-09 21:20:22,227 - INFO - Fetching ON Regular Season WOWY stats for Team ID: 1610612759, Player ID: 1642357  2025-26
2026-04-09 21:20:23,370 - INFO - Fetched ON Regular Season WOWY stats for Team ID: 1610612759, Player ID: 1642357 across 2025-26
2026-04-09 21:20:25,372 - INFO - Fetching OFF Regular Season WOWY stats for Team ID: 1610612759, Player ID: 1642357  2025-26
2026-04-09 21:20:29,190 - INFO - Fetched OFF Regular Season WOWY stats for Team ID: 1610612759, Player ID: 1642357 across 2025-26
2026-04-09 21:20:33,565 - INFO - Saved data for player 1642357 to daily_data/2026/1642357.csv
2026-04-09 21:20:33,566 - INFO - Processing 1642358 - 1610612742.0 for 2026 (248/294)
2026-04-09 21:20:33,566 - INFO - Fetching ON Regular Season WOWY stats for Team ID: 1610612742, Player ID: 1642358  2025-26
2026-04-09 21:20:35,687 - INFO - Fetched ON Regular Season WOWY stats for Team ID: 1610612742, Player ID: 1642358 across 2025-26
2026-04-09 21:20:37,690 - INFO - Fetching OFF Regular Season WOWY stats for Team ID: 1610612742, Player ID: 1642358  2025-26
2026-04-09 21:20:40,938 - INFO - Fetched OFF Regular Season WOWY stats for Team ID: 1610612742, Player ID: 1642358 across 2025-26
2026-04-09 21:20:45,562 - INFO - Saved data for player 1642358 to daily_data/2026/1642358.csv
2026-04-09 21:20:45,563 - INFO - Processing 1642362 - 1610612760.0 for 2026 (249/294)
2026-04-09 21:20:45,563 - INFO - Fetching ON Regular Season WOWY stats for Team ID: 1610612760, Player ID: 1642362  2025-26
2026-04-09 21:20:45,784 - INFO - Fetched ON Regular Season WOWY stats for Team ID: 1610612760, Player ID: 1642362 across 2025-26
2026-04-09 21:20:47,786 - INFO - Fetching OFF Regular Season WOWY stats for Team ID: 1610612760, Player ID: 1642362  2025-26
2026-04-09 21:20:50,904 - INFO - Fetched OFF Regular Season WOWY stats for Team ID: 1610612760, Player ID: 1642362 across 2025-26
2026-04-09 21:20:55,704 - INFO - Saved data for player 1642362 to daily_data/2026/1642362.csv
2026-04-09 21:20:55,704 - INFO - Processing 1642368 - 1610612737.0 for 2026 (250/294)
2026-04-09 21:20:55,704 - INFO - Fetching ON Regular Season WOWY stats for Team ID: 1610612737, Player ID: 1642368  2025-26
2026-04-09 21:21:07,935 - WARNING - Request failed: 500 Server Error: Internal Server Error for url: https://api.pbpstats.com/get-wowy-stats/nba?0Exactly1OnFloor=1642368&TeamId=1610612737&Season=2025-26&SeasonType=Regular+Season&Type=Player. Retrying in 2.56 seconds (attempt 1/3)
2026-04-09 21:21:11,757 - INFO - Fetched ON Regular Season WOWY stats for Team ID: 1610612737, Player ID: 1642368 across 2025-26
2026-04-09 21:21:13,759 - INFO - Fetching OFF Regular Season WOWY stats for Team ID: 1610612737, Player ID: 1642368  2025-26
2026-04-09 21:21:16,890 - INFO - Fetched OFF Regular Season WOWY stats for Team ID: 1610612737, Player ID: 1642368 across 2025-26
2026-04-09 21:21:21,417 - INFO - Saved data for player 1642368 to daily_data/2026/1642368.csv
2026-04-09 21:21:21,417 - INFO - Progress: 250/294 players processed (85.0%)
2026-04-09 21:21:21,418 - INFO - Processing 1642377 - 1610612763.0 for 2026 (251/294)
2026-04-09 21:21:21,418 - INFO - Fetching ON Regular Season WOWY stats for Team ID: 1610612763, Player ID: 1642377  2025-26
2026-04-09 21:21:24,424 - INFO - Fetched ON Regular Season WOWY stats for Team ID: 1610612763, Player ID: 1642377 across 2025-26
2026-04-09 21:21:26,426 - INFO - Fetching OFF Regular Season WOWY stats for Team ID: 1610612763, Player ID: 1642377  2025-26
2026-04-09 21:21:51,331 - INFO - Fetched OFF Regular Season WOWY stats for Team ID: 1610612763, Player ID: 1642377 across 2025-26
2026-04-09 21:21:55,690 - INFO - Saved data for player 1642377 to daily_data/2026/1642377.csv
2026-04-09 21:21:55,691 - INFO - Processing 1642382 - 1610612760.0 for 2026 (252/294)
2026-04-09 21:21:55,691 - INFO - Fetching ON Regular Season WOWY stats for Team ID: 1610612760, Player ID: 1642382  2025-26
2026-04-09 21:21:58,581 - INFO - Fetched ON Regular Season WOWY stats for Team ID: 1610612760, Player ID: 1642382 across 2025-26
2026-04-09 21:22:00,584 - INFO - Fetching OFF Regular Season WOWY stats for Team ID: 1610612760, Player ID: 1642382  2025-26
2026-04-09 21:22:03,810 - INFO - Fetched OFF Regular Season WOWY stats for Team ID: 1610612760, Player ID: 1642382 across 2025-26
2026-04-09 21:22:08,138 - INFO - Saved data for player 1642382 to daily_data/2026/1642382.csv
2026-04-09 21:22:08,139 - INFO - Processing 1642383 - 1610612763.0 for 2026 (253/294)
2026-04-09 21:22:08,139 - INFO - Fetching ON Regular Season WOWY stats for Team ID: 1610612763, Player ID: 1642383  2025-26
2026-04-09 21:22:10,434 - INFO - Fetched ON Regular Season WOWY stats for Team ID: 1610612763, Player ID: 1642383 across 2025-26
2026-04-09 21:22:12,436 - INFO - Fetching OFF Regular Season WOWY stats for Team ID: 1610612763, Player ID: 1642383  2025-26
2026-04-09 21:22:14,700 - INFO - Fetched OFF Regular Season WOWY stats for Team ID: 1610612763, Player ID: 1642383 across 2025-26
2026-04-09 21:22:18,837 - INFO - Saved data for player 1642383 to daily_data/2026/1642383.csv
2026-04-09 21:22:18,838 - INFO - Processing 1642389 - 1610612750.0 for 2026 (254/294)
2026-04-09 21:22:18,838 - INFO - Fetching ON Regular Season WOWY stats for Team ID: 1610612750, Player ID: 1642389  2025-26
2026-04-09 21:22:20,858 - INFO - Fetched ON Regular Season WOWY stats for Team ID: 1610612750, Player ID: 1642389 across 2025-26
2026-04-09 21:22:22,860 - INFO - Fetching OFF Regular Season WOWY stats for Team ID: 1610612750, Player ID: 1642389  2025-26
2026-04-09 21:22:26,230 - INFO - Fetched OFF Regular Season WOWY stats for Team ID: 1610612750, Player ID: 1642389 across 2025-26
2026-04-09 21:22:30,428 - INFO - Saved data for player 1642389 to daily_data/2026/1642389.csv
2026-04-09 21:22:30,429 - INFO - Processing 1642400 - 1610612739.0 for 2026 (255/294)
2026-04-09 21:22:30,429 - INFO - Fetching ON Regular Season WOWY stats for Team ID: 1610612739, Player ID: 1642400  2025-26
2026-04-09 21:22:32,808 - INFO - Fetched ON Regular Season WOWY stats for Team ID: 1610612739, Player ID: 1642400 across 2025-26
2026-04-09 21:22:34,810 - INFO - Fetching OFF Regular Season WOWY stats for Team ID: 1610612739, Player ID: 1642400  2025-26
2026-04-09 21:22:38,891 - INFO - Fetched OFF Regular Season WOWY stats for Team ID: 1610612739, Player ID: 1642400 across 2025-26
2026-04-09 21:22:43,176 - INFO - Saved data for player 1642400 to daily_data/2026/1642400.csv
2026-04-09 21:22:43,177 - INFO - Processing 1642402 - 1610612750.0 for 2026 (256/294)
2026-04-09 21:22:43,177 - INFO - Fetching ON Regular Season WOWY stats for Team ID: 1610612750, Player ID: 1642402  2025-26
2026-04-09 21:22:44,009 - INFO - Fetched ON Regular Season WOWY stats for Team ID: 1610612750, Player ID: 1642402 across 2025-26
2026-04-09 21:22:46,012 - INFO - Fetching OFF Regular Season WOWY stats for Team ID: 1610612750, Player ID: 1642402  2025-26
2026-04-09 21:22:47,688 - INFO - Fetched OFF Regular Season WOWY stats for Team ID: 1610612750, Player ID: 1642402 across 2025-26
2026-04-09 21:22:52,621 - INFO - Saved data for player 1642402 to daily_data/2026/1642402.csv
2026-04-09 21:22:52,621 - INFO - Processing 1642403 - 1610612765.0 for 2026 (257/294)
2026-04-09 21:22:52,622 - INFO - Fetching ON Regular Season WOWY stats for Team ID: 1610612765, Player ID: 1642403  2025-26
2026-04-09 21:22:53,574 - INFO - Fetched ON Regular Season WOWY stats for Team ID: 1610612765, Player ID: 1642403 across 2025-26
2026-04-09 21:22:55,576 - INFO - Fetching OFF Regular Season WOWY stats for Team ID: 1610612765, Player ID: 1642403  2025-26
2026-04-09 21:22:59,206 - INFO - Fetched OFF Regular Season WOWY stats for Team ID: 1610612765, Player ID: 1642403 across 2025-26
2026-04-09 21:23:03,639 - INFO - Saved data for player 1642403 to daily_data/2026/1642403.csv
2026-04-09 21:23:03,640 - INFO - Processing 1642404 - 1610612765.0 for 2026 (258/294)
2026-04-09 21:23:03,640 - INFO - Fetching ON Regular Season WOWY stats for Team ID: 1610612765, Player ID: 1642404  2025-26
2026-04-09 21:23:05,315 - INFO - Fetched ON Regular Season WOWY stats for Team ID: 1610612765, Player ID: 1642404 across 2025-26
2026-04-09 21:23:07,317 - INFO - Fetching OFF Regular Season WOWY stats for Team ID: 1610612765, Player ID: 1642404  2025-26
2026-04-09 21:23:10,097 - INFO - Fetched OFF Regular Season WOWY stats for Team ID: 1610612765, Player ID: 1642404 across 2025-26
2026-04-09 21:23:14,554 - INFO - Saved data for player 1642404 to daily_data/2026/1642404.csv
2026-04-09 21:23:14,555 - INFO - Processing 1642434 - 1610612759.0 for 2026 (259/294)
2026-04-09 21:23:14,555 - INFO - Fetching ON Regular Season WOWY stats for Team ID: 1610612759, Player ID: 1642434  2025-26
2026-04-09 21:23:22,288 - INFO - Fetched ON Regular Season WOWY stats for Team ID: 1610612759, Player ID: 1642434 across 2025-26
2026-04-09 21:23:24,290 - INFO - Fetching OFF Regular Season WOWY stats for Team ID: 1610612759, Player ID: 1642434  2025-26
2026-04-09 21:23:26,381 - INFO - Fetched OFF Regular Season WOWY stats for Team ID: 1610612759, Player ID: 1642434 across 2025-26
2026-04-09 21:23:30,722 - INFO - Processing 1642434 - 1610612739.0 for 2026 (259/294)
2026-04-09 21:23:30,722 - INFO - Fetching ON Regular Season WOWY stats for Team ID: 1610612739, Player ID: 1642434  2025-26
2026-04-09 21:23:31,521 - INFO - Fetched ON Regular Season WOWY stats for Team ID: 1610612739, Player ID: 1642434 across 2025-26
2026-04-09 21:23:33,523 - INFO - Fetching OFF Regular Season WOWY stats for Team ID: 1610612739, Player ID: 1642434  2025-26
2026-04-09 21:23:36,464 - INFO - Fetched OFF Regular Season WOWY stats for Team ID: 1610612739, Player ID: 1642434 across 2025-26
2026-04-09 21:23:41,489 - INFO - Saved data for player 1642434 to daily_data/2026/1642434.csv
2026-04-09 21:23:41,489 - INFO - Processing 1642449 - 1610612765.0 for 2026 (260/294)
2026-04-09 21:23:41,489 - INFO - Fetching ON Regular Season WOWY stats for Team ID: 1610612765, Player ID: 1642449  2025-26
2026-04-09 21:23:42,559 - INFO - Fetched ON Regular Season WOWY stats for Team ID: 1610612765, Player ID: 1642449 across 2025-26
2026-04-09 21:23:44,561 - INFO - Fetching OFF Regular Season WOWY stats for Team ID: 1610612765, Player ID: 1642449  2025-26
2026-04-09 21:23:46,517 - INFO - Fetched OFF Regular Season WOWY stats for Team ID: 1610612765, Player ID: 1642449 across 2025-26
2026-04-09 21:23:51,181 - INFO - Saved data for player 1642449 to daily_data/2026/1642449.csv
2026-04-09 21:23:51,181 - INFO - Progress: 260/294 players processed (88.4%)
2026-04-09 21:23:51,182 - INFO - Processing 1642450 - 1610612765.0 for 2026 (261/294)
2026-04-09 21:23:51,182 - INFO - Fetching ON Regular Season WOWY stats for Team ID: 1610612765, Player ID: 1642450  2025-26
2026-04-09 21:24:01,405 - WARNING - Request failed: 500 Server Error: Internal Server Error for url: https://api.pbpstats.com/get-wowy-stats/nba?0Exactly1OnFloor=1642450&TeamId=1610612765&Season=2025-26&SeasonType=Regular+Season&Type=Player. Retrying in 2.62 seconds (attempt 1/3)
2026-04-09 21:24:06,498 - INFO - Fetched ON Regular Season WOWY stats for Team ID: 1610612765, Player ID: 1642450 across 2025-26
2026-04-09 21:24:08,500 - INFO - Fetching OFF Regular Season WOWY stats for Team ID: 1610612765, Player ID: 1642450  2025-26
2026-04-09 21:24:12,549 - INFO - Fetched OFF Regular Season WOWY stats for Team ID: 1610612765, Player ID: 1642450 across 2025-26
2026-04-09 21:24:16,790 - INFO - Saved data for player 1642450 to daily_data/2026/1642450.csv
2026-04-09 21:24:16,790 - INFO - Processing 1642461 - 1610612743.0 for 2026 (262/294)
2026-04-09 21:24:16,790 - INFO - Fetching ON Regular Season WOWY stats for Team ID: 1610612743, Player ID: 1642461  2025-26
2026-04-09 21:24:19,199 - INFO - Fetched ON Regular Season WOWY stats for Team ID: 1610612743, Player ID: 1642461 across 2025-26
2026-04-09 21:24:21,202 - INFO - Fetching OFF Regular Season WOWY stats for Team ID: 1610612743, Player ID: 1642461  2025-26
2026-04-09 21:24:26,054 - INFO - Fetched OFF Regular Season WOWY stats for Team ID: 1610612743, Player ID: 1642461 across 2025-26
2026-04-09 21:24:31,060 - INFO - Saved data for player 1642461 to daily_data/2026/1642461.csv
2026-04-09 21:24:31,061 - INFO - Processing 1642484 - 1610612746.0 for 2026 (263/294)
2026-04-09 21:24:31,061 - INFO - Fetching ON Regular Season WOWY stats for Team ID: 1610612746, Player ID: 1642484  2025-26
2026-04-09 21:24:31,974 - INFO - Fetched ON Regular Season WOWY stats for Team ID: 1610612746, Player ID: 1642484 across 2025-26
2026-04-09 21:24:33,977 - INFO - Fetching OFF Regular Season WOWY stats for Team ID: 1610612746, Player ID: 1642484  2025-26
2026-04-09 21:24:39,983 - INFO - Fetched OFF Regular Season WOWY stats for Team ID: 1610612746, Player ID: 1642484 across 2025-26
2026-04-09 21:24:44,506 - INFO - Processing 1642484 - 1610612737.0 for 2026 (263/294)
2026-04-09 21:24:44,506 - INFO - Fetching ON Regular Season WOWY stats for Team ID: 1610612737, Player ID: 1642484  2025-26
2026-04-09 21:24:45,546 - INFO - Fetched ON Regular Season WOWY stats for Team ID: 1610612737, Player ID: 1642484 across 2025-26
2026-04-09 21:24:47,548 - INFO - Fetching OFF Regular Season WOWY stats for Team ID: 1610612737, Player ID: 1642484  2025-26
2026-04-09 21:24:53,081 - INFO - Fetched OFF Regular Season WOWY stats for Team ID: 1610612737, Player ID: 1642484 across 2025-26
2026-04-09 21:24:57,428 - INFO - Saved data for player 1642484 to daily_data/2026/1642484.csv
2026-04-09 21:24:57,428 - INFO - Processing 1642504 - 1610612749.0 for 2026 (264/294)
2026-04-09 21:24:57,429 - INFO - Fetching ON Regular Season WOWY stats for Team ID: 1610612749, Player ID: 1642504  2025-26
2026-04-09 21:24:59,483 - INFO - Fetched ON Regular Season WOWY stats for Team ID: 1610612749, Player ID: 1642504 across 2025-26
2026-04-09 21:25:01,485 - INFO - Fetching OFF Regular Season WOWY stats for Team ID: 1610612749, Player ID: 1642504  2025-26
2026-04-09 21:25:05,228 - INFO - Fetched OFF Regular Season WOWY stats for Team ID: 1610612749, Player ID: 1642504 across 2025-26
2026-04-09 21:25:09,797 - INFO - Saved data for player 1642504 to daily_data/2026/1642504.csv
2026-04-09 21:25:09,798 - INFO - Processing 1642843 - 1610612742.0 for 2026 (265/294)
2026-04-09 21:25:09,798 - INFO - Fetching ON Regular Season WOWY stats for Team ID: 1610612742, Player ID: 1642843  2025-26
2026-04-09 21:25:11,954 - INFO - Fetched ON Regular Season WOWY stats for Team ID: 1610612742, Player ID: 1642843 across 2025-26
2026-04-09 21:25:13,956 - INFO - Fetching OFF Regular Season WOWY stats for Team ID: 1610612742, Player ID: 1642843  2025-26
2026-04-09 21:25:14,725 - INFO - Fetched OFF Regular Season WOWY stats for Team ID: 1610612742, Player ID: 1642843 across 2025-26
2026-04-09 21:25:19,385 - INFO - Saved data for player 1642843 to daily_data/2026/1642843.csv
2026-04-09 21:25:19,385 - INFO - Processing 1642844 - 1610612759.0 for 2026 (266/294)
2026-04-09 21:25:19,386 - INFO - Fetching ON Regular Season WOWY stats for Team ID: 1610612759, Player ID: 1642844  2025-26
2026-04-09 21:25:22,091 - INFO - Fetched ON Regular Season WOWY stats for Team ID: 1610612759, Player ID: 1642844 across 2025-26
2026-04-09 21:25:24,094 - INFO - Fetching OFF Regular Season WOWY stats for Team ID: 1610612759, Player ID: 1642844  2025-26
2026-04-09 21:25:27,777 - INFO - Fetched OFF Regular Season WOWY stats for Team ID: 1610612759, Player ID: 1642844 across 2025-26
2026-04-09 21:25:31,992 - INFO - Saved data for player 1642844 to daily_data/2026/1642844.csv
2026-04-09 21:25:31,993 - INFO - Processing 1642853 - 1610612756.0 for 2026 (267/294)
2026-04-09 21:25:31,993 - INFO - Fetching ON Regular Season WOWY stats for Team ID: 1610612756, Player ID: 1642853  2025-26
2026-04-09 21:25:33,941 - INFO - Fetched ON Regular Season WOWY stats for Team ID: 1610612756, Player ID: 1642853 across 2025-26
2026-04-09 21:25:35,943 - INFO - Fetching OFF Regular Season WOWY stats for Team ID: 1610612756, Player ID: 1642853  2025-26
2026-04-09 21:25:40,502 - INFO - Fetched OFF Regular Season WOWY stats for Team ID: 1610612756, Player ID: 1642853 across 2025-26
2026-04-09 21:25:45,407 - INFO - Saved data for player 1642853 to daily_data/2026/1642853.csv
2026-04-09 21:25:45,407 - INFO - Processing 1642854 - 1610612737.0 for 2026 (268/294)
2026-04-09 21:25:45,407 - INFO - Fetching ON Regular Season WOWY stats for Team ID: 1610612737, Player ID: 1642854  2025-26
2026-04-09 21:25:48,256 - INFO - Fetched ON Regular Season WOWY stats for Team ID: 1610612737, Player ID: 1642854 across 2025-26
2026-04-09 21:25:50,258 - INFO - Fetching OFF Regular Season WOWY stats for Team ID: 1610612737, Player ID: 1642854  2025-26
2026-04-09 21:25:54,692 - INFO - Fetched OFF Regular Season WOWY stats for Team ID: 1610612737, Player ID: 1642854 across 2025-26
2026-04-09 21:25:59,465 - INFO - Saved data for player 1642854 to daily_data/2026/1642854.csv
2026-04-09 21:25:59,466 - INFO - Processing 1642859 - 1610612753.0 for 2026 (269/294)
2026-04-09 21:25:59,466 - INFO - Fetching ON Regular Season WOWY stats for Team ID: 1610612753, Player ID: 1642859  2025-26
2026-04-09 21:26:02,234 - INFO - Fetched ON Regular Season WOWY stats for Team ID: 1610612753, Player ID: 1642859 across 2025-26
2026-04-09 21:26:04,236 - INFO - Fetching OFF Regular Season WOWY stats for Team ID: 1610612753, Player ID: 1642859  2025-26
2026-04-09 21:26:32,104 - WARNING - Request failed: 500 Server Error: Internal Server Error for url: https://api.pbpstats.com/get-wowy-stats/nba?0Exactly0OnFloor=1642859&TeamId=1610612753&Season=2025-26&SeasonType=Regular+Season&Type=Player. Retrying in 2.61 seconds (attempt 1/3)
2026-04-09 21:26:38,479 - INFO - Fetched OFF Regular Season WOWY stats for Team ID: 1610612753, Player ID: 1642859 across 2025-26
2026-04-09 21:26:42,940 - INFO - Saved data for player 1642859 to daily_data/2026/1642859.csv
2026-04-09 21:26:42,941 - INFO - Processing 1642863 - 1610612756.0 for 2026 (270/294)
2026-04-09 21:26:42,941 - INFO - Fetching ON Regular Season WOWY stats for Team ID: 1610612756, Player ID: 1642863  2025-26
2026-04-09 21:26:45,012 - INFO - Fetched ON Regular Season WOWY stats for Team ID: 1610612756, Player ID: 1642863 across 2025-26
2026-04-09 21:26:47,014 - INFO - Fetching OFF Regular Season WOWY stats for Team ID: 1610612756, Player ID: 1642863  2025-26
2026-04-09 21:26:57,897 - INFO - Fetched OFF Regular Season WOWY stats for Team ID: 1610612756, Player ID: 1642863 across 2025-26
2026-04-09 21:27:02,198 - INFO - Saved data for player 1642863 to daily_data/2026/1642863.csv
2026-04-09 21:27:02,198 - INFO - Progress: 270/294 players processed (91.8%)
2026-04-09 21:27:02,199 - INFO - Processing 1642866 - 1610612750.0 for 2026 (271/294)
2026-04-09 21:27:02,199 - INFO - Fetching ON Regular Season WOWY stats for Team ID: 1610612750, Player ID: 1642866  2025-26
2026-04-09 21:27:32,370 - WARNING - Request failed: HTTPSConnectionPool(host='api.pbpstats.com', port=443): Read timed out. (read timeout=30). Retrying in 2.95 seconds (attempt 1/3)
2026-04-09 21:28:05,502 - WARNING - Request failed: HTTPSConnectionPool(host='api.pbpstats.com', port=443): Read timed out. (read timeout=30). Retrying in 4.82 seconds (attempt 2/3)
2026-04-09 21:28:40,472 - WARNING - Request failed: HTTPSConnectionPool(host='api.pbpstats.com', port=443): Read timed out. (read timeout=30). Retrying in 8.96 seconds (attempt 3/3)
2026-04-09 21:28:50,042 - INFO - Fetched ON Regular Season WOWY stats for Team ID: 1610612750, Player ID: 1642866 across 2025-26
2026-04-09 21:28:52,044 - INFO - Fetching OFF Regular Season WOWY stats for Team ID: 1610612750, Player ID: 1642866  2025-26
2026-04-09 21:28:54,734 - INFO - Fetched OFF Regular Season WOWY stats for Team ID: 1610612750, Player ID: 1642866 across 2025-26
2026-04-09 21:28:59,549 - INFO - Saved data for player 1642866 to daily_data/2026/1642866.csv
2026-04-09 21:28:59,549 - INFO - Processing 1642868 - 1610612759.0 for 2026 (272/294)
2026-04-09 21:28:59,549 - INFO - Fetching ON Regular Season WOWY stats for Team ID: 1610612759, Player ID: 1642868  2025-26
2026-04-09 21:29:01,571 - INFO - Fetched ON Regular Season WOWY stats for Team ID: 1610612759, Player ID: 1642868 across 2025-26
2026-04-09 21:29:03,573 - INFO - Fetching OFF Regular Season WOWY stats for Team ID: 1610612759, Player ID: 1642868  2025-26
2026-04-09 21:29:06,016 - INFO - Fetched OFF Regular Season WOWY stats for Team ID: 1610612759, Player ID: 1642868 across 2025-26
2026-04-09 21:29:10,583 - INFO - Saved data for player 1642868 to daily_data/2026/1642868.csv
2026-04-09 21:29:10,583 - INFO - Processing 1642869 - 1610612753.0 for 2026 (273/294)
2026-04-09 21:29:10,584 - INFO - Fetching ON Regular Season WOWY stats for Team ID: 1610612753, Player ID: 1642869  2025-26
2026-04-09 21:29:11,915 - INFO - Fetched ON Regular Season WOWY stats for Team ID: 1610612753, Player ID: 1642869 across 2025-26
2026-04-09 21:29:13,917 - INFO - Fetching OFF Regular Season WOWY stats for Team ID: 1610612753, Player ID: 1642869  2025-26
2026-04-09 21:29:44,084 - WARNING - Request failed: HTTPSConnectionPool(host='api.pbpstats.com', port=443): Read timed out. (read timeout=30). Retrying in 2.30 seconds (attempt 1/3)
2026-04-09 21:29:46,838 - INFO - Fetched OFF Regular Season WOWY stats for Team ID: 1610612753, Player ID: 1642869 across 2025-26
2026-04-09 21:29:51,450 - INFO - Saved data for player 1642869 to daily_data/2026/1642869.csv
2026-04-09 21:29:51,451 - INFO - Processing 1642878 - 1610612739.0 for 2026 (274/294)
2026-04-09 21:29:51,451 - INFO - Fetching ON Regular Season WOWY stats for Team ID: 1610612739, Player ID: 1642878  2025-26
2026-04-09 21:29:52,715 - INFO - Fetched ON Regular Season WOWY stats for Team ID: 1610612739, Player ID: 1642878 across 2025-26
2026-04-09 21:29:54,718 - INFO - Fetching OFF Regular Season WOWY stats for Team ID: 1610612739, Player ID: 1642878  2025-26
2026-04-09 21:29:56,608 - INFO - Fetched OFF Regular Season WOWY stats for Team ID: 1610612739, Player ID: 1642878 across 2025-26
2026-04-09 21:30:01,397 - INFO - Saved data for player 1642878 to daily_data/2026/1642878.csv
2026-04-09 21:30:01,398 - INFO - Processing 1642886 - 1610612756.0 for 2026 (275/294)
2026-04-09 21:30:01,398 - INFO - Fetching ON Regular Season WOWY stats for Team ID: 1610612756, Player ID: 1642886  2025-26
2026-04-09 21:30:02,670 - INFO - Fetched ON Regular Season WOWY stats for Team ID: 1610612756, Player ID: 1642886 across 2025-26
2026-04-09 21:30:04,672 - INFO - Fetching OFF Regular Season WOWY stats for Team ID: 1610612756, Player ID: 1642886  2025-26
2026-04-09 21:30:05,089 - INFO - Fetched OFF Regular Season WOWY stats for Team ID: 1610612756, Player ID: 1642886 across 2025-26
2026-04-09 21:30:09,295 - INFO - Saved data for player 1642886 to daily_data/2026/1642886.csv
2026-04-09 21:30:09,296 - INFO - Processing 1642905 - 1610612757.0 for 2026 (276/294)
2026-04-09 21:30:09,296 - INFO - Fetching ON Regular Season WOWY stats for Team ID: 1610612757, Player ID: 1642905  2025-26
2026-04-09 21:30:10,646 - INFO - Fetched ON Regular Season WOWY stats for Team ID: 1610612757, Player ID: 1642905 across 2025-26
2026-04-09 21:30:12,648 - INFO - Fetching OFF Regular Season WOWY stats for Team ID: 1610612757, Player ID: 1642905  2025-26
2026-04-09 21:30:16,894 - INFO - Fetched OFF Regular Season WOWY stats for Team ID: 1610612757, Player ID: 1642905 across 2025-26
2026-04-09 21:30:20,981 - INFO - Saved data for player 1642905 to daily_data/2026/1642905.csv
2026-04-09 21:30:20,982 - INFO - Processing 1642907 - 1610612763.0 for 2026 (277/294)
2026-04-09 21:30:20,982 - INFO - Fetching ON Regular Season WOWY stats for Team ID: 1610612763, Player ID: 1642907  2025-26
2026-04-09 21:30:25,775 - INFO - Fetched ON Regular Season WOWY stats for Team ID: 1610612763, Player ID: 1642907 across 2025-26
2026-04-09 21:30:27,777 - INFO - Fetching OFF Regular Season WOWY stats for Team ID: 1610612763, Player ID: 1642907  2025-26
2026-04-09 21:30:32,946 - INFO - Fetched OFF Regular Season WOWY stats for Team ID: 1610612763, Player ID: 1642907 across 2025-26
2026-04-09 21:30:37,499 - INFO - Saved data for player 1642907 to daily_data/2026/1642907.csv
2026-04-09 21:30:37,500 - INFO - Processing 1642911 - 1610612750.0 for 2026 (278/294)
2026-04-09 21:30:37,500 - INFO - Fetching ON Regular Season WOWY stats for Team ID: 1610612750, Player ID: 1642911  2025-26
2026-04-09 21:30:38,571 - INFO - Fetched ON Regular Season WOWY stats for Team ID: 1610612750, Player ID: 1642911 across 2025-26
2026-04-09 21:30:40,573 - INFO - Fetching OFF Regular Season WOWY stats for Team ID: 1610612750, Player ID: 1642911  2025-26
2026-04-09 21:30:45,353 - INFO - Fetched OFF Regular Season WOWY stats for Team ID: 1610612750, Player ID: 1642911 across 2025-26
2026-04-09 21:30:49,703 - INFO - Saved data for player 1642911 to daily_data/2026/1642911.csv
2026-04-09 21:30:49,704 - INFO - Processing 1642914 - 1610612763.0 for 2026 (279/294)
2026-04-09 21:30:49,704 - INFO - Fetching ON Regular Season WOWY stats for Team ID: 1610612763, Player ID: 1642914  2025-26
2026-04-09 21:30:51,839 - INFO - Fetched ON Regular Season WOWY stats for Team ID: 1610612763, Player ID: 1642914 across 2025-26
2026-04-09 21:30:53,841 - INFO - Fetching OFF Regular Season WOWY stats for Team ID: 1610612763, Player ID: 1642914  2025-26
2026-04-09 21:30:56,627 - INFO - Fetched OFF Regular Season WOWY stats for Team ID: 1610612763, Player ID: 1642914 across 2025-26
2026-04-09 21:31:01,417 - INFO - Saved data for player 1642914 to daily_data/2026/1642914.csv
2026-04-09 21:31:01,418 - INFO - Processing 1642920 - 1610612746.0 for 2026 (280/294)
2026-04-09 21:31:01,418 - INFO - Fetching ON Regular Season WOWY stats for Team ID: 1610612746, Player ID: 1642920  2025-26
2026-04-09 21:31:02,951 - INFO - Fetched ON Regular Season WOWY stats for Team ID: 1610612746, Player ID: 1642920 across 2025-26
2026-04-09 21:31:04,954 - INFO - Fetching OFF Regular Season WOWY stats for Team ID: 1610612746, Player ID: 1642920  2025-26
2026-04-09 21:31:05,428 - INFO - Fetched OFF Regular Season WOWY stats for Team ID: 1610612746, Player ID: 1642920 across 2025-26
2026-04-09 21:31:09,588 - INFO - Saved data for player 1642920 to daily_data/2026/1642920.csv
2026-04-09 21:31:09,588 - INFO - Progress: 280/294 players processed (95.2%)
2026-04-09 21:31:09,589 - INFO - Processing 1642938 - 1610612743.0 for 2026 (281/294)
2026-04-09 21:31:09,589 - INFO - Fetching ON Regular Season WOWY stats for Team ID: 1610612743, Player ID: 1642938  2025-26
2026-04-09 21:31:10,600 - INFO - Fetched ON Regular Season WOWY stats for Team ID: 1610612743, Player ID: 1642938 across 2025-26
2026-04-09 21:31:12,603 - INFO - Fetching OFF Regular Season WOWY stats for Team ID: 1610612743, Player ID: 1642938  2025-26
2026-04-09 21:31:14,208 - INFO - Fetched OFF Regular Season WOWY stats for Team ID: 1610612743, Player ID: 1642938 across 2025-26
2026-04-09 21:31:19,190 - INFO - Saved data for player 1642938 to daily_data/2026/1642938.csv
2026-04-09 21:31:19,191 - INFO - Processing 1642939 - 1610612742.0 for 2026 (282/294)
2026-04-09 21:31:19,191 - INFO - Fetching ON Regular Season WOWY stats for Team ID: 1610612742, Player ID: 1642939  2025-26
2026-04-09 21:31:20,295 - INFO - Fetched ON Regular Season WOWY stats for Team ID: 1610612742, Player ID: 1642939 across 2025-26
2026-04-09 21:31:22,298 - INFO - Fetching OFF Regular Season WOWY stats for Team ID: 1610612742, Player ID: 1642939  2025-26
2026-04-09 21:31:24,530 - INFO - Fetched OFF Regular Season WOWY stats for Team ID: 1610612742, Player ID: 1642939 across 2025-26
2026-04-09 21:31:29,261 - INFO - Saved data for player 1642939 to daily_data/2026/1642939.csv
2026-04-09 21:31:29,262 - INFO - Processing 1642942 - 1610612763.0 for 2026 (283/294)
2026-04-09 21:31:29,262 - INFO - Fetching ON Regular Season WOWY stats for Team ID: 1610612763, Player ID: 1642942  2025-26
2026-04-09 21:31:30,492 - INFO - Fetched ON Regular Season WOWY stats for Team ID: 1610612763, Player ID: 1642942 across 2025-26
2026-04-09 21:31:32,494 - INFO - Fetching OFF Regular Season WOWY stats for Team ID: 1610612763, Player ID: 1642942  2025-26
2026-04-09 21:31:34,628 - INFO - Fetched OFF Regular Season WOWY stats for Team ID: 1610612763, Player ID: 1642942 across 2025-26
2026-04-09 21:31:39,318 - INFO - Saved data for player 1642942 to daily_data/2026/1642942.csv
2026-04-09 21:31:39,319 - INFO - Processing 1642948 - 1610612742.0 for 2026 (284/294)
2026-04-09 21:31:39,319 - INFO - Fetching ON Regular Season WOWY stats for Team ID: 1610612742, Player ID: 1642948  2025-26
2026-04-09 21:32:05,565 - WARNING - Request failed: 500 Server Error: Internal Server Error for url: https://api.pbpstats.com/get-wowy-stats/nba?0Exactly1OnFloor=1642948&TeamId=1610612742&Season=2025-26&SeasonType=Regular+Season&Type=Player. Retrying in 2.14 seconds (attempt 1/3)
2026-04-09 21:32:09,060 - INFO - Fetched ON Regular Season WOWY stats for Team ID: 1610612742, Player ID: 1642948 across 2025-26
2026-04-09 21:32:11,062 - INFO - Fetching OFF Regular Season WOWY stats for Team ID: 1610612742, Player ID: 1642948  2025-26
2026-04-09 21:32:13,317 - INFO - Fetched OFF Regular Season WOWY stats for Team ID: 1610612742, Player ID: 1642948 across 2025-26
2026-04-09 21:32:17,495 - INFO - Saved data for player 1642948 to daily_data/2026/1642948.csv
2026-04-09 21:32:17,495 - INFO - Processing 1642949 - 1610612746.0 for 2026 (285/294)
2026-04-09 21:32:17,496 - INFO - Fetching ON Regular Season WOWY stats for Team ID: 1610612746, Player ID: 1642949  2025-26
2026-04-09 21:32:18,652 - INFO - Fetched ON Regular Season WOWY stats for Team ID: 1610612746, Player ID: 1642949 across 2025-26
2026-04-09 21:32:20,654 - INFO - Fetching OFF Regular Season WOWY stats for Team ID: 1610612746, Player ID: 1642949  2025-26
2026-04-09 21:32:23,512 - INFO - Fetched OFF Regular Season WOWY stats for Team ID: 1610612746, Player ID: 1642949 across 2025-26
2026-04-09 21:32:28,444 - INFO - Saved data for player 1642949 to daily_data/2026/1642949.csv
2026-04-09 21:32:28,444 - INFO - Processing 1642951 - 1610612746.0 for 2026 (286/294)
2026-04-09 21:32:28,445 - INFO - Fetching ON Regular Season WOWY stats for Team ID: 1610612746, Player ID: 1642951  2025-26
2026-04-09 21:32:29,203 - INFO - Fetched ON Regular Season WOWY stats for Team ID: 1610612746, Player ID: 1642951 across 2025-26
2026-04-09 21:32:31,206 - INFO - Fetching OFF Regular Season WOWY stats for Team ID: 1610612746, Player ID: 1642951  2025-26
2026-04-09 21:32:33,139 - INFO - Fetched OFF Regular Season WOWY stats for Team ID: 1610612746, Player ID: 1642951 across 2025-26
2026-04-09 21:32:38,056 - INFO - Saved data for player 1642951 to daily_data/2026/1642951.csv
2026-04-09 21:32:38,057 - INFO - Processing 1642959 - 1610612760.0 for 2026 (287/294)
2026-04-09 21:32:38,057 - INFO - Fetching ON Regular Season WOWY stats for Team ID: 1610612760, Player ID: 1642959  2025-26
2026-04-09 21:32:39,053 - INFO - Fetched ON Regular Season WOWY stats for Team ID: 1610612760, Player ID: 1642959 across 2025-26
2026-04-09 21:32:41,055 - INFO - Fetching OFF Regular Season WOWY stats for Team ID: 1610612760, Player ID: 1642959  2025-26
2026-04-09 21:32:43,645 - INFO - Fetched OFF Regular Season WOWY stats for Team ID: 1610612760, Player ID: 1642959 across 2025-26
2026-04-09 21:32:47,812 - INFO - Processing 1642959 - 1610612757.0 for 2026 (287/294)
2026-04-09 21:32:47,812 - INFO - Fetching ON Regular Season WOWY stats for Team ID: 1610612757, Player ID: 1642959  2025-26
2026-04-09 21:32:48,491 - INFO - Fetched ON Regular Season WOWY stats for Team ID: 1610612757, Player ID: 1642959 across 2025-26
2026-04-09 21:32:50,493 - INFO - Fetching OFF Regular Season WOWY stats for Team ID: 1610612757, Player ID: 1642959  2025-26
2026-04-09 21:32:52,308 - INFO - Fetched OFF Regular Season WOWY stats for Team ID: 1610612757, Player ID: 1642959 across 2025-26
2026-04-09 21:32:56,456 - INFO - Saved data for player 1642959 to daily_data/2026/1642959.csv
2026-04-09 21:32:56,457 - INFO - Processing 1642964 - 1610612760.0 for 2026 (288/294)
2026-04-09 21:32:56,457 - INFO - Fetching ON Regular Season WOWY stats for Team ID: 1610612760, Player ID: 1642964  2025-26
2026-04-09 21:32:57,573 - INFO - Fetched ON Regular Season WOWY stats for Team ID: 1610612760, Player ID: 1642964 across 2025-26
2026-04-09 21:32:59,576 - INFO - Fetching OFF Regular Season WOWY stats for Team ID: 1610612760, Player ID: 1642964  2025-26
2026-04-09 21:33:01,551 - INFO - Fetched OFF Regular Season WOWY stats for Team ID: 1610612760, Player ID: 1642964 across 2025-26
2026-04-09 21:33:06,435 - INFO - Saved data for player 1642964 to daily_data/2026/1642964.csv
2026-04-09 21:33:06,435 - INFO - Processing 1642967 - 1610612742.0 for 2026 (289/294)
2026-04-09 21:33:06,435 - INFO - Fetching ON Regular Season WOWY stats for Team ID: 1610612742, Player ID: 1642967  2025-26
2026-04-09 21:33:35,081 - INFO - Fetched ON Regular Season WOWY stats for Team ID: 1610612742, Player ID: 1642967 across 2025-26
2026-04-09 21:33:37,083 - INFO - Fetching OFF Regular Season WOWY stats for Team ID: 1610612742, Player ID: 1642967  2025-26
2026-04-09 21:33:40,897 - INFO - Fetched OFF Regular Season WOWY stats for Team ID: 1610612742, Player ID: 1642967 across 2025-26
2026-04-09 21:33:45,423 - INFO - Saved data for player 1642967 to daily_data/2026/1642967.csv
2026-04-09 21:33:45,424 - INFO - Processing 1643047 - 1610612756.0 for 2026 (290/294)
2026-04-09 21:33:45,424 - INFO - Fetching ON Regular Season WOWY stats for Team ID: 1610612756, Player ID: 1643047  2025-26
2026-04-09 21:33:46,179 - INFO - Fetched ON Regular Season WOWY stats for Team ID: 1610612756, Player ID: 1643047 across 2025-26
2026-04-09 21:33:48,182 - INFO - Fetching OFF Regular Season WOWY stats for Team ID: 1610612756, Player ID: 1643047  2025-26
2026-04-09 21:33:50,312 - INFO - Fetched OFF Regular Season WOWY stats for Team ID: 1610612756, Player ID: 1643047 across 2025-26
2026-04-09 21:33:54,362 - INFO - Saved data for player 1643047 to daily_data/2026/1643047.csv
2026-04-09 21:33:54,362 - INFO - Progress: 290/294 players processed (98.6%)
2026-04-09 21:33:54,363 - INFO - Processing 1643133 - 1610612763.0 for 2026 (291/294)
2026-04-09 21:33:54,363 - INFO - Fetching ON Regular Season WOWY stats for Team ID: 1610612763, Player ID: 1643133  2025-26
2026-04-09 21:33:55,441 - INFO - Fetched ON Regular Season WOWY stats for Team ID: 1610612763, Player ID: 1643133 across 2025-26
2026-04-09 21:33:57,443 - INFO - Fetching OFF Regular Season WOWY stats for Team ID: 1610612763, Player ID: 1643133  2025-26
2026-04-09 21:34:05,830 - WARNING - Request failed: 500 Server Error: Internal Server Error for url: https://api.pbpstats.com/get-wowy-stats/nba?0Exactly0OnFloor=1643133&TeamId=1610612763&Season=2025-26&SeasonType=Regular+Season&Type=Player. Retrying in 2.90 seconds (attempt 1/3)
2026-04-09 21:34:36,948 - INFO - Fetched OFF Regular Season WOWY stats for Team ID: 1610612763, Player ID: 1643133 across 2025-26
2026-04-09 21:34:41,481 - INFO - Saved data for player 1643133 to daily_data/2026/1643133.csv
2026-04-09 21:34:41,482 - INFO - Processing 1643141 - 1610612746.0 for 2026 (292/294)
2026-04-09 21:34:41,482 - INFO - Fetching ON Regular Season WOWY stats for Team ID: 1610612746, Player ID: 1643141  2025-26
2026-04-09 21:34:42,972 - INFO - Fetched ON Regular Season WOWY stats for Team ID: 1610612746, Player ID: 1643141 across 2025-26
2026-04-09 21:34:44,974 - INFO - Fetching OFF Regular Season WOWY stats for Team ID: 1610612746, Player ID: 1643141  2025-26
2026-04-09 21:34:45,621 - INFO - Fetched OFF Regular Season WOWY stats for Team ID: 1610612746, Player ID: 1643141 across 2025-26
2026-04-09 21:34:50,187 - INFO - Saved data for player 1643141 to daily_data/2026/1643141.csv
2026-04-09 21:34:50,188 - INFO - Processing 1643253 - 1610612763.0 for 2026 (293/294)
2026-04-09 21:34:50,188 - INFO - Fetching ON Regular Season WOWY stats for Team ID: 1610612763, Player ID: 1643253  2025-26
2026-04-09 21:34:51,947 - INFO - Fetched ON Regular Season WOWY stats for Team ID: 1610612763, Player ID: 1643253 across 2025-26
2026-04-09 21:34:53,949 - INFO - Fetching OFF Regular Season WOWY stats for Team ID: 1610612763, Player ID: 1643253  2025-26
2026-04-09 21:34:57,105 - INFO - Fetched OFF Regular Season WOWY stats for Team ID: 1610612763, Player ID: 1643253 across 2025-26
2026-04-09 21:35:01,901 - INFO - Saved data for player 1643253 to daily_data/2026/1643253.csv
2026-04-09 21:35:01,902 - INFO - Processing 1643257 - 1610612757.0 for 2026 (294/294)
2026-04-09 21:35:01,902 - INFO - Fetching ON Regular Season WOWY stats for Team ID: 1610612757, Player ID: 1643257  2025-26
2026-04-09 21:35:04,962 - INFO - Fetched ON Regular Season WOWY stats for Team ID: 1610612757, Player ID: 1643257 across 2025-26
2026-04-09 21:35:06,964 - INFO - Fetching OFF Regular Season WOWY stats for Team ID: 1610612757, Player ID: 1643257  2025-26
2026-04-09 21:35:15,250 - WARNING - Request failed: 500 Server Error: Internal Server Error for url: https://api.pbpstats.com/get-wowy-stats/nba?0Exactly0OnFloor=1643257&TeamId=1610612757&Season=2025-26&SeasonType=Regular+Season&Type=Player. Retrying in 2.41 seconds (attempt 1/3)
2026-04-09 21:35:47,842 - WARNING - Request failed: HTTPSConnectionPool(host='api.pbpstats.com', port=443): Read timed out. (read timeout=30). Retrying in 4.42 seconds (attempt 2/3)
2026-04-09 21:36:22,424 - WARNING - Request failed: HTTPSConnectionPool(host='api.pbpstats.com', port=443): Read timed out. (read timeout=30). Retrying in 8.93 seconds (attempt 3/3)
2026-04-09 21:36:40,320 - INFO - Fetched OFF Regular Season WOWY stats for Team ID: 1610612757, Player ID: 1643257 across 2025-26
2026-04-09 21:36:45,229 - INFO - Saved data for player 1643257 to daily_data/2026/1643257.csv
2026-04-09 21:36:45,229 - INFO - Successfully processed 294/294 players. Copying files to main folder...
2026-04-09 21:36:45,229 - INFO - Copied 1642346.csv to main data folder
2026-04-09 21:36:45,230 - INFO - Copied 1630322.csv to main data folder
2026-04-09 21:36:45,230 - INFO - Copied 1629111.csv to main data folder
2026-04-09 21:36:45,230 - INFO - Copied 1631116.csv to main data folder
2026-04-09 21:36:45,230 - INFO - Copied 1629023.csv to main data folder
2026-04-09 21:36:45,231 - INFO - Copied 1630560.csv to main data folder
2026-04-09 21:36:45,231 - INFO - Copied 1629018.csv to main data folder
2026-04-09 21:36:45,231 - INFO - Copied 1631172.csv to main data folder
2026-04-09 21:36:45,231 - INFO - Copied 1630241.csv to main data folder
2026-04-09 21:36:45,231 - INFO - Copied 1631451.csv to main data folder
2026-04-09 21:36:45,232 - INFO - Copied 1631132.csv to main data folder
2026-04-09 21:36:45,232 - INFO - Copied 1641783.csv to main data folder
2026-04-09 21:36:45,232 - INFO - Copied 203484.csv to main data folder
2026-04-09 21:36:45,232 - INFO - Copied 1642959.csv to main data folder
2026-04-09 21:36:45,233 - INFO - Copied 1631127.csv to main data folder
2026-04-09 21:36:45,233 - INFO - Copied 1628978.csv to main data folder
2026-04-09 21:36:45,233 - INFO - Copied 201144.csv to main data folder
2026-04-09 21:36:45,233 - INFO - Copied 203648.csv to main data folder
2026-04-09 21:36:45,233 - INFO - Copied 1630245.csv to main data folder
2026-04-09 21:36:45,234 - INFO - Copied 1631102.csv to main data folder
2026-04-09 21:36:45,234 - INFO - Copied 1643253.csv to main data folder
2026-04-09 21:36:45,234 - INFO - Copied 1642450.csv to main data folder
2026-04-09 21:36:45,234 - INFO - Copied 1641747.csv to main data folder
2026-04-09 21:36:45,235 - INFO - Copied 1642859.csv to main data folder
2026-04-09 21:36:45,235 - INFO - Copied 1643141.csv to main data folder
2026-04-09 21:36:45,235 - INFO - Copied 202685.csv to main data folder
2026-04-09 21:36:45,235 - INFO - Copied 1641790.csv to main data folder
2026-04-09 21:36:45,235 - INFO - Copied 1642863.csv to main data folder
2026-04-09 21:36:45,236 - INFO - Copied 1642905.csv to main data folder
2026-04-09 21:36:45,236 - INFO - Copied 1642281.csv to main data folder
2026-04-09 21:36:45,236 - INFO - Copied 203939.csv to main data folder
2026-04-09 21:36:45,236 - INFO - Copied 1643047.csv to main data folder
2026-04-09 21:36:45,237 - INFO - Copied 1630598.csv to main data folder
2026-04-09 21:36:45,237 - INFO - Copied 201950.csv to main data folder
2026-04-09 21:36:45,237 - INFO - Copied 1628398.csv to main data folder
2026-04-09 21:36:45,237 - INFO - Copied 1642854.csv to main data folder
2026-04-09 21:36:45,237 - INFO - Copied 1631321.csv to main data folder
2026-04-09 21:36:45,238 - INFO - Copied 1631126.csv to main data folder
2026-04-09 21:36:45,238 - INFO - Copied 1627739.csv to main data folder
2026-04-09 21:36:45,238 - INFO - Copied 1641890.csv to main data folder
2026-04-09 21:36:45,238 - INFO - Copied 1631210.csv to main data folder
2026-04-09 21:36:45,239 - INFO - Copied 1642942.csv to main data folder
2026-04-09 21:36:45,239 - INFO - Copied 1631123.csv to main data folder
2026-04-09 21:36:45,239 - INFO - Copied 1631204.csv to main data folder
2026-04-09 21:36:45,239 - INFO - Copied 1626167.csv to main data folder
2026-04-09 21:36:45,239 - INFO - Copied 1629216.csv to main data folder
2026-04-09 21:36:45,240 - INFO - Copied 1641724.csv to main data folder
2026-04-09 21:36:45,240 - INFO - Copied 1642911.csv to main data folder
2026-04-09 21:36:45,240 - INFO - Copied 1628502.csv to main data folder
2026-04-09 21:36:45,240 - INFO - Copied 201587.csv to main data folder
2026-04-09 21:36:45,241 - INFO - Copied 1628960.csv to main data folder
2026-04-09 21:36:45,241 - INFO - Copied 1630811.csv to main data folder
2026-04-09 21:36:45,241 - INFO - Copied 204060.csv to main data folder
2026-04-09 21:36:45,241 - INFO - Copied 1631104.csv to main data folder
2026-04-09 21:36:45,241 - INFO - Copied 1642484.csv to main data folder
2026-04-09 21:36:45,242 - INFO - Copied 1642258.csv to main data folder
2026-04-09 21:36:45,242 - INFO - Copied 1629048.csv to main data folder
2026-04-09 21:36:45,242 - INFO - Copied 1631114.csv to main data folder
2026-04-09 21:36:45,242 - INFO - Copied 1642357.csv to main data folder
2026-04-09 21:36:45,243 - INFO - Copied 203468.csv to main data folder
2026-04-09 21:36:45,243 - INFO - Copied 1642878.csv to main data folder
2026-04-09 21:36:45,243 - INFO - Copied 1629312.csv to main data folder
2026-04-09 21:36:45,243 - INFO - Copied 1641712.csv to main data folder
2026-04-09 21:36:45,243 - INFO - Copied 1630591.csv to main data folder
2026-04-09 21:36:45,244 - INFO - Copied 1642434.csv to main data folder
2026-04-09 21:36:45,244 - INFO - Copied 1642948.csv to main data folder
2026-04-09 21:36:45,244 - INFO - Copied 1627741.csv to main data folder
2026-04-09 21:36:45,244 - INFO - Copied 1631109.csv to main data folder
2026-04-09 21:36:45,245 - INFO - Copied 201959.csv to main data folder
2026-04-09 21:36:45,245 - INFO - Copied 1642400.csv to main data folder
2026-04-09 21:36:45,245 - INFO - Copied 1642868.csv to main data folder
2026-04-09 21:36:45,245 - INFO - Copied 1641807.csv to main data folder
2026-04-09 21:36:45,245 - INFO - Copied 1630543.csv to main data folder
2026-04-09 21:36:45,246 - INFO - Copied 1630162.csv to main data folder
2026-04-09 21:36:45,246 - INFO - Copied 1642853.csv to main data folder
2026-04-09 21:36:45,246 - INFO - Copied 1631124.csv to main data folder
2026-04-09 21:36:45,246 - INFO - Copied 1641739.csv to main data folder
2026-04-09 21:36:45,246 - INFO - Copied 1630224.csv to main data folder
2026-04-09 21:36:45,247 - INFO - Copied 1642272.csv to main data folder
2026-04-09 21:36:45,247 - INFO - Copied 1629750.csv to main data folder
2026-04-09 21:36:45,247 - INFO - Copied 1631174.csv to main data folder
2026-04-09 21:36:45,247 - INFO - Copied 1631457.csv to main data folder
2026-04-09 21:36:45,248 - INFO - Copied 1628379.csv to main data folder
2026-04-09 21:36:45,248 - INFO - Copied 1643133.csv to main data folder
2026-04-09 21:36:45,248 - INFO - Copied 1630579.csv to main data folder
2026-04-09 21:36:45,248 - INFO - Copied 1631205.csv to main data folder
2026-04-09 21:36:45,249 - INFO - Copied 1627936.csv to main data folder
2026-04-09 21:36:45,249 - INFO - Copied 202695.csv to main data folder
2026-04-09 21:36:45,249 - INFO - Copied 1630208.csv to main data folder
2026-04-09 21:36:45,249 - INFO - Copied 1631115.csv to main data folder
2026-04-09 21:36:45,250 - INFO - Copied 1642949.csv to main data folder
2026-04-09 21:36:45,250 - INFO - Copied 1630587.csv to main data folder
2026-04-09 21:36:45,250 - INFO - Copied 1629680.csv to main data folder
2026-04-09 21:36:45,250 - INFO - Copied 1626156.csv to main data folder
2026-04-09 21:36:45,251 - INFO - Copied 1641854.csv to main data folder
2026-04-09 21:36:45,251 - INFO - Copied 1642285.csv to main data folder
2026-04-09 21:36:45,251 - INFO - Copied 1642907.csv to main data folder
2026-04-09 21:36:45,252 - INFO - Copied 1626204.csv to main data folder
2026-04-09 21:36:45,252 - INFO - Copied 1641813.csv to main data folder
2026-04-09 21:36:45,252 - INFO - Copied 1630194.csv to main data folder
2026-04-09 21:36:45,252 - INFO - Copied 1630649.csv to main data folder
2026-04-09 21:36:45,253 - INFO - Copied 1630610.csv to main data folder
2026-04-09 21:36:45,253 - INFO - Copied 201935.csv to main data folder
2026-04-09 21:36:45,253 - INFO - Copied 1626220.csv to main data folder
2026-04-09 21:36:45,253 - INFO - Copied 1642402.csv to main data folder
2026-04-09 21:36:45,254 - INFO - Copied 1642964.csv to main data folder
2026-04-09 21:36:45,254 - INFO - Copied 1627752.csv to main data folder
2026-04-09 21:36:45,254 - INFO - Copied 1627884.csv to main data folder
2026-04-09 21:36:45,254 - INFO - Copied 203114.csv to main data folder
2026-04-09 21:36:45,255 - INFO - Copied 1641752.csv to main data folder
2026-04-09 21:36:45,255 - INFO - Copied 203482.csv to main data folder
2026-04-09 21:36:45,255 - INFO - Copied 203944.csv to main data folder
2026-04-09 21:36:45,255 - INFO - Copied 201572.csv to main data folder
2026-04-09 21:36:45,256 - INFO - Copied 1642844.csv to main data folder
2026-04-09 21:36:45,256 - INFO - Copied 1628989.csv to main data folder
2026-04-09 21:36:45,256 - INFO - Copied 1631243.csv to main data folder
2026-04-09 21:36:45,256 - INFO - Copied 203992.csv to main data folder
2026-04-09 21:36:45,257 - INFO - Copied 202691.csv to main data folder
2026-04-09 21:36:45,257 - INFO - Copied 1630217.csv to main data folder
2026-04-09 21:36:45,257 - INFO - Copied 1629660.csv to main data folder
2026-04-09 21:36:45,257 - INFO - Copied 1631093.csv to main data folder
2026-04-09 21:36:45,258 - INFO - Copied 1629652.csv to main data folder
2026-04-09 21:36:45,258 - INFO - Copied 1630538.csv to main data folder
2026-04-09 21:36:45,258 - INFO - Copied 1628368.csv to main data folder
2026-04-09 21:36:45,258 - INFO - Copied 1642914.csv to main data folder
2026-04-09 21:36:45,259 - INFO - Copied 1641842.csv to main data folder
2026-04-09 21:36:45,259 - INFO - Copied 203471.csv to main data folder
2026-04-09 21:36:45,259 - INFO - Copied 1627826.csv to main data folder
2026-04-09 21:36:45,259 - INFO - Copied 1631165.csv to main data folder
2026-04-09 21:36:45,260 - INFO - Copied 1631097.csv to main data folder
2026-04-09 21:36:45,260 - INFO - Copied 1630577.csv to main data folder
2026-04-09 21:36:45,260 - INFO - Copied 1630700.csv to main data folder
2026-04-09 21:36:45,260 - INFO - Copied 101108.csv to main data folder
2026-04-09 21:36:45,261 - INFO - Copied 1641765.csv to main data folder
2026-04-09 21:36:45,261 - INFO - Copied 1626164.csv to main data folder
2026-04-09 21:36:45,261 - INFO - Copied 1641748.csv to main data folder
2026-04-09 21:36:45,261 - INFO - Copied 1630828.csv to main data folder
2026-04-09 21:36:45,262 - INFO - Copied 1629599.csv to main data folder
2026-04-09 21:36:45,262 - INFO - Copied 1628976.csv to main data folder
2026-04-09 21:36:45,262 - INFO - Copied 1628997.csv to main data folder
2026-04-09 21:36:45,262 - INFO - Copied 203914.csv to main data folder
2026-04-09 21:36:45,263 - INFO - Copied 1642260.csv to main data folder
2026-04-09 21:36:45,263 - INFO - Copied 1641738.csv to main data folder
2026-04-09 21:36:45,263 - INFO - Copied 1630703.csv to main data folder
2026-04-09 21:36:45,263 - INFO - Copied 1631119.csv to main data folder
2026-04-09 21:36:45,263 - INFO - Copied 1631247.csv to main data folder
2026-04-09 21:36:45,264 - INFO - Copied 203924.csv to main data folder
2026-04-09 21:36:45,264 - INFO - Copied 1641772.csv to main data folder
2026-04-09 21:36:45,264 - INFO - Copied 204001.csv to main data folder
2026-04-09 21:36:45,264 - INFO - Copied 1629631.csv to main data folder
2026-04-09 21:36:45,265 - INFO - Copied 1630192.csv to main data folder
2026-04-09 21:36:45,265 - INFO - Copied 1629027.csv to main data folder
2026-04-09 21:36:45,265 - INFO - Copied 1642403.csv to main data folder
2026-04-09 21:36:45,265 - INFO - Copied 1631288.csv to main data folder
2026-04-09 21:36:45,266 - INFO - Copied 1630658.csv to main data folder
2026-04-09 21:36:45,266 - INFO - Copied 1630692.csv to main data folder
2026-04-09 21:36:45,266 - INFO - Copied 1642461.csv to main data folder
2026-04-09 21:36:45,266 - INFO - Copied 1631246.csv to main data folder
2026-04-09 21:36:45,267 - INFO - Copied 1642967.csv to main data folder
2026-04-09 21:36:45,267 - INFO - Copied 1630702.csv to main data folder
2026-04-09 21:36:45,267 - INFO - Copied 1629661.csv to main data folder
2026-04-09 21:36:45,267 - INFO - Copied 1628378.csv to main data folder
2026-04-09 21:36:45,267 - INFO - Copied 1642389.csv to main data folder
2026-04-09 21:36:45,268 - INFO - Copied 1629636.csv to main data folder
2026-04-09 21:36:45,268 - INFO - Copied 1642377.csv to main data folder
2026-04-09 21:36:45,268 - INFO - Copied 203078.csv to main data folder
2026-04-09 21:36:45,268 - INFO - Copied 1642920.csv to main data folder
2026-04-09 21:36:45,269 - INFO - Copied 1628971.csv to main data folder
2026-04-09 21:36:45,269 - INFO - Copied 1630198.csv to main data folder
2026-04-09 21:36:45,269 - INFO - Copied 1626145.csv to main data folder
2026-04-09 21:36:45,270 - INFO - Copied 1629021.csv to main data folder
2026-04-09 21:36:45,270 - INFO - Copied 203076.csv to main data folder
2026-04-09 21:36:45,270 - INFO - Copied 1642270.csv to main data folder
2026-04-09 21:36:45,270 - INFO - Copied 1630590.csv to main data folder
2026-04-09 21:36:45,270 - INFO - Copied 1642382.csv to main data folder
2026-04-09 21:36:45,271 - INFO - Copied 1630545.csv to main data folder
2026-04-09 21:36:45,271 - INFO - Copied 203932.csv to main data folder
2026-04-09 21:36:45,271 - INFO - Copied 1630183.csv to main data folder
2026-04-09 21:36:45,271 - INFO - Copied 1629675.csv to main data folder
2026-04-09 21:36:45,271 - INFO - Copied 1641710.csv to main data folder
2026-04-09 21:36:45,272 - INFO - Copied 1641713.csv to main data folder
2026-04-09 21:36:45,272 - INFO - Copied 1641871.csv to main data folder
2026-04-09 21:36:45,272 - INFO - Copied 1629645.csv to main data folder
2026-04-09 21:36:45,272 - INFO - Copied 1630230.csv to main data folder
2026-04-09 21:36:45,272 - INFO - Copied 1628381.csv to main data folder
2026-04-09 21:36:45,273 - INFO - Copied 1628975.csv to main data folder
2026-04-09 21:36:45,273 - INFO - Copied 1630532.csv to main data folder
2026-04-09 21:36:45,273 - INFO - Copied 1642383.csv to main data folder
2026-04-09 21:36:45,273 - INFO - Copied 1641744.csv to main data folder
2026-04-09 21:36:45,273 - INFO - Copied 1631351.csv to main data folder
2026-04-09 21:36:45,274 - INFO - Copied 203999.csv to main data folder
2026-04-09 21:36:45,274 - INFO - Copied 1630228.csv to main data folder
2026-04-09 21:36:45,274 - INFO - Copied 1630526.csv to main data folder
2026-04-09 21:36:45,274 - INFO - Copied 1642358.csv to main data folder
2026-04-09 21:36:45,274 - INFO - Copied 1642404.csv to main data folder
2026-04-09 21:36:45,275 - INFO - Copied 1642886.csv to main data folder
2026-04-09 21:36:45,275 - INFO - Copied 1627750.csv to main data folder
2026-04-09 21:36:45,275 - INFO - Copied 1626171.csv to main data folder
2026-04-09 21:36:45,275 - INFO - Copied 1642354.csv to main data folder
2026-04-09 21:36:45,275 - INFO - Copied 1628371.csv to main data folder
2026-04-09 21:36:45,276 - INFO - Copied 1642362.csv to main data folder
2026-04-09 21:36:45,276 - INFO - Copied 1641763.csv to main data folder
2026-04-09 21:36:45,276 - INFO - Copied 1629638.csv to main data folder
2026-04-09 21:36:45,276 - INFO - Copied 1631159.csv to main data folder
2026-04-09 21:36:45,276 - INFO - Copied 1641740.csv to main data folder
2026-04-09 21:36:45,277 - INFO - Copied 1642368.csv to main data folder
2026-04-09 21:36:45,277 - INFO - Copied 1631212.csv to main data folder
2026-04-09 21:36:45,277 - INFO - Copied 1629634.csv to main data folder
2026-04-09 21:36:45,277 - INFO - Copied 1630191.csv to main data folder
2026-04-09 21:36:45,277 - INFO - Copied 1629057.csv to main data folder
2026-04-09 21:36:45,278 - INFO - Copied 1630552.csv to main data folder
2026-04-09 21:36:45,278 - INFO - Copied 1629130.csv to main data folder
2026-04-09 21:36:45,278 - INFO - Copied 1631221.csv to main data folder
2026-04-09 21:36:45,278 - INFO - Copied 1631096.csv to main data folder
2026-04-09 21:36:45,279 - INFO - Copied 1642345.csv to main data folder
2026-04-09 21:36:45,279 - INFO - Copied 1631108.csv to main data folder
2026-04-09 21:36:45,279 - INFO - Copied 1642504.csv to main data folder
2026-04-09 21:36:45,279 - INFO - Copied 1641732.csv to main data folder
2026-04-09 21:36:45,279 - INFO - Copied 1642843.csv to main data folder
2026-04-09 21:36:45,280 - INFO - Copied 1631200.csv to main data folder
2026-04-09 21:36:45,280 - INFO - Copied 1630619.csv to main data folder
2026-04-09 21:36:45,280 - INFO - Copied 1627747.csv to main data folder
2026-04-09 21:36:45,280 - INFO - Copied 1630314.csv to main data folder
2026-04-09 21:36:45,280 - INFO - Copied 1629618.csv to main data folder
2026-04-09 21:36:45,281 - INFO - Copied 1630557.csv to main data folder
2026-04-09 21:36:45,281 - INFO - Copied 1631105.csv to main data folder
2026-04-09 21:36:45,281 - INFO - Copied 1630168.csv to main data folder
2026-04-09 21:36:45,281 - INFO - Copied 203937.csv to main data folder
2026-04-09 21:36:45,281 - INFO - Copied 202699.csv to main data folder
2026-04-09 21:36:45,282 - INFO - Copied 1641757.csv to main data folder
2026-04-09 21:36:45,282 - INFO - Copied 1642866.csv to main data folder
2026-04-09 21:36:45,282 - INFO - Copied 1629162.csv to main data folder
2026-04-09 21:36:45,282 - INFO - Copied 1629731.csv to main data folder
2026-04-09 21:36:45,282 - INFO - Copied 1642938.csv to main data folder
2026-04-09 21:36:45,283 - INFO - Copied 1630846.csv to main data folder
2026-04-09 21:36:45,283 - INFO - Copied 1641727.csv to main data folder
2026-04-09 21:36:45,283 - INFO - Copied 1642349.csv to main data folder
2026-04-09 21:36:45,283 - INFO - Copied 1631110.csv to main data folder
2026-04-09 21:36:45,283 - INFO - Copied 1629026.csv to main data folder
2026-04-09 21:36:45,284 - INFO - Copied 1642939.csv to main data folder
2026-04-09 21:36:45,284 - INFO - Copied 1631260.csv to main data folder
2026-04-09 21:36:45,284 - INFO - Copied 1631101.csv to main data folder
2026-04-09 21:36:45,284 - INFO - Copied 1630249.csv to main data folder
2026-04-09 21:36:45,285 - INFO - Copied 1628366.csv to main data folder
2026-04-09 21:36:45,285 - INFO - Copied 1631223.csv to main data folder
2026-04-09 21:36:45,285 - INFO - Copied 1628415.csv to main data folder
2026-04-09 21:36:45,285 - INFO - Copied 1641707.csv to main data folder
2026-04-09 21:36:45,285 - INFO - Copied 1641816.csv to main data folder
2026-04-09 21:36:45,286 - INFO - Copied 1630595.csv to main data folder
2026-04-09 21:36:45,286 - INFO - Copied 202687.csv to main data folder
2026-04-09 21:36:45,286 - INFO - Copied 1628983.csv to main data folder
2026-04-09 21:36:45,286 - INFO - Copied 1642265.csv to main data folder
2026-04-09 21:36:45,286 - INFO - Copied 1630583.csv to main data folder
2026-04-09 21:36:45,287 - INFO - Copied 203084.csv to main data folder
2026-04-09 21:36:45,287 - INFO - Copied 1641705.csv to main data folder
2026-04-09 21:36:45,287 - INFO - Copied 1629640.csv to main data folder
2026-04-09 21:36:45,287 - INFO - Copied 1631250.csv to main data folder
2026-04-09 21:36:45,287 - INFO - Copied 203507.csv to main data folder
2026-04-09 21:36:45,288 - INFO - Copied 1641709.csv to main data folder
2026-04-09 21:36:45,288 - INFO - Copied 1630596.csv to main data folder
2026-04-09 21:36:45,288 - INFO - Copied 1631094.csv to main data folder
2026-04-09 21:36:45,288 - INFO - Copied 1641753.csv to main data folder
2026-04-09 21:36:45,289 - INFO - Copied 1629630.csv to main data folder
2026-04-09 21:36:45,289 - INFO - Copied 1631157.csv to main data folder
2026-04-09 21:36:45,289 - INFO - Copied 1630548.csv to main data folder
2026-04-09 21:36:45,289 - INFO - Copied 1631216.csv to main data folder
2026-04-09 21:36:45,289 - INFO - Copied 1641717.csv to main data folder
2026-04-09 21:36:45,289 - INFO - Copied 1628963.csv to main data folder
2026-04-09 21:36:45,290 - INFO - Copied 1630625.csv to main data folder
2026-04-09 21:36:45,290 - INFO - Copied 1642449.csv to main data folder
2026-04-09 21:36:45,290 - INFO - Copied 1631128.csv to main data folder
2026-04-09 21:36:45,290 - INFO - Copied 1629723.csv to main data folder
2026-04-09 21:36:45,290 - INFO - Copied 1631111.csv to main data folder
2026-04-09 21:36:45,291 - INFO - Copied 203501.csv to main data folder
2026-04-09 21:36:45,291 - INFO - Copied 1628396.csv to main data folder
2026-04-09 21:36:45,291 - INFO - Copied 1642264.csv to main data folder
2026-04-09 21:36:45,291 - INFO - Copied 1629622.csv to main data folder
2026-04-09 21:36:45,291 - INFO - Copied 1643257.csv to main data folder
2026-04-09 21:36:45,292 - INFO - Copied 1629646.csv to main data folder
2026-04-09 21:36:45,292 - INFO - Copied 1630170.csv to main data folder
2026-04-09 21:36:45,292 - INFO - Copied 1628386.csv to main data folder
2026-04-09 21:36:45,292 - INFO - Copied 1642951.csv to main data folder
2026-04-09 21:36:45,293 - INFO - Copied 1642353.csv to main data folder
2026-04-09 21:36:45,293 - INFO - Copied 1628392.csv to main data folder
2026-04-09 21:36:45,293 - INFO - Copied 1628418.csv to main data folder
2026-04-09 21:36:45,293 - INFO - Copied 1630166.csv to main data folder
2026-04-09 21:36:45,293 - INFO - Copied 1628436.csv to main data folder
2026-04-09 21:36:45,294 - INFO - Copied 1642869.csv to main data folder
2026-04-09 21:36:45,294 - INFO - Copied 203497.csv to main data folder
2026-04-09 21:36:45,294 - INFO - Copied 1641726.csv to main data folder
2026-04-09 21:36:45,294 - INFO - Copied 1630175.csv to main data folder
2026-04-09 21:36:45,294 - INFO - Copied 203486.csv to main data folder
2026-04-09 21:36:45,294 - INFO - Copied 1629655.csv to main data folder
2026-04-09 21:36:45,295 - INFO - Copied 1628991.csv to main data folder
2026-04-09 21:36:45,295 - INFO - Daily scraping completed successfully
2026-04-09 21:36:45,295 - INFO - Started: 2026-04-09 20:02:37
2026-04-09 21:36:45,295 - INFO - Finished: 2026-04-09 21:36:45
2026-04-09 21:36:45,295 - INFO - Total duration: 1:34:07.932470
2026-04-09 23:38:26,083 - INFO - Starting daily scrape at 2026-04-09 23:38:26
2026-04-09 23:38:26,083 - INFO - Loading player index data...
2026-04-09 23:38:26,486 - INFO - Data loaded successfully. Found 27264 regular season entries and 10759 playoff entries.
2026-04-09 23:38:26,893 - INFO - Starting daily scrape for season 2026
2026-04-09 23:38:26,896 - INFO - Processing 294 players for 2026 regular season
2026-04-09 23:38:26,897 - INFO - Processing 101108 - 1610612746.0 for 2026 (1/294)
2026-04-09 23:38:26,897 - INFO - Fetching ON Regular Season WOWY stats for Team ID: 1610612746, Player ID: 101108  2025-26
2026-04-09 23:38:27,948 - INFO - Fetched ON Regular Season WOWY stats for Team ID: 1610612746, Player ID: 101108 across 2025-26
2026-04-09 23:38:29,950 - INFO - Fetching OFF Regular Season WOWY stats for Team ID: 1610612746, Player ID: 101108  2025-26
2026-04-09 23:38:30,202 - INFO - Fetched OFF Regular Season WOWY stats for Team ID: 1610612746, Player ID: 101108 across 2025-26
2026-04-09 23:38:35,019 - INFO - Saved data for player 101108 to daily_data/2026/101108.csv
2026-04-09 23:38:35,020 - INFO - Processing 201144 - 1610612750.0 for 2026 (2/294)
2026-04-09 23:38:35,020 - INFO - Fetching ON Regular Season WOWY stats for Team ID: 1610612750, Player ID: 201144  2025-26
2026-04-09 23:38:35,963 - INFO - Fetched ON Regular Season WOWY stats for Team ID: 1610612750, Player ID: 201144 across 2025-26
2026-04-09 23:38:37,965 - INFO - Fetching OFF Regular Season WOWY stats for Team ID: 1610612750, Player ID: 201144  2025-26
2026-04-09 23:38:38,332 - INFO - Fetched OFF Regular Season WOWY stats for Team ID: 1610612750, Player ID: 201144 across 2025-26
2026-04-09 23:38:42,932 - INFO - Saved data for player 201144 to daily_data/2026/201144.csv
2026-04-09 23:38:42,932 - INFO - Processing 201572 - 1610612746.0 for 2026 (3/294)
2026-04-09 23:38:42,932 - INFO - Fetching ON Regular Season WOWY stats for Team ID: 1610612746, Player ID: 201572  2025-26
2026-04-09 23:38:44,280 - INFO - Fetched ON Regular Season WOWY stats for Team ID: 1610612746, Player ID: 201572 across 2025-26
2026-04-09 23:38:46,282 - INFO - Fetching OFF Regular Season WOWY stats for Team ID: 1610612746, Player ID: 201572  2025-26
2026-04-09 23:38:46,596 - INFO - Fetched OFF Regular Season WOWY stats for Team ID: 1610612746, Player ID: 201572 across 2025-26
2026-04-09 23:38:50,823 - INFO - Saved data for player 201572 to daily_data/2026/201572.csv
2026-04-09 23:38:50,824 - INFO - Processing 201587 - 1610612746.0 for 2026 (4/294)
2026-04-09 23:38:50,824 - INFO - Fetching ON Regular Season WOWY stats for Team ID: 1610612746, Player ID: 201587  2025-26
2026-04-09 23:38:52,133 - INFO - Fetched ON Regular Season WOWY stats for Team ID: 1610612746, Player ID: 201587 across 2025-26
2026-04-09 23:38:54,135 - INFO - Fetching OFF Regular Season WOWY stats for Team ID: 1610612746, Player ID: 201587  2025-26
2026-04-09 23:38:54,360 - INFO - Fetched OFF Regular Season WOWY stats for Team ID: 1610612746, Player ID: 201587 across 2025-26
2026-04-09 23:38:58,595 - INFO - Saved data for player 201587 to daily_data/2026/201587.csv
2026-04-09 23:38:58,595 - INFO - Processing 201935 - 1610612746.0 for 2026 (5/294)
2026-04-09 23:38:58,595 - INFO - Fetching ON Regular Season WOWY stats for Team ID: 1610612746, Player ID: 201935  2025-26
2026-04-09 23:39:05,906 - INFO - Fetched ON Regular Season WOWY stats for Team ID: 1610612746, Player ID: 201935 across 2025-26
2026-04-09 23:39:07,909 - INFO - Fetching OFF Regular Season WOWY stats for Team ID: 1610612746, Player ID: 201935  2025-26
2026-04-09 23:39:11,796 - INFO - Fetched OFF Regular Season WOWY stats for Team ID: 1610612746, Player ID: 201935 across 2025-26
2026-04-09 23:39:16,307 - INFO - Processing 201935 - 1610612739.0 for 2026 (5/294)
2026-04-09 23:39:16,307 - INFO - Fetching ON Regular Season WOWY stats for Team ID: 1610612739, Player ID: 201935  2025-26
2026-04-09 23:39:17,233 - INFO - Fetched ON Regular Season WOWY stats for Team ID: 1610612739, Player ID: 201935 across 2025-26
2026-04-09 23:39:19,235 - INFO - Fetching OFF Regular Season WOWY stats for Team ID: 1610612739, Player ID: 201935  2025-26
2026-04-09 23:39:19,780 - INFO - Fetched OFF Regular Season WOWY stats for Team ID: 1610612739, Player ID: 201935 across 2025-26
2026-04-09 23:39:24,766 - INFO - Saved data for player 201935 to daily_data/2026/201935.csv
2026-04-09 23:39:24,767 - INFO - Processing 201950 - 1610612757.0 for 2026 (6/294)
2026-04-09 23:39:24,767 - INFO - Fetching ON Regular Season WOWY stats for Team ID: 1610612757, Player ID: 201950  2025-26
2026-04-09 23:39:27,910 - INFO - Fetched ON Regular Season WOWY stats for Team ID: 1610612757, Player ID: 201950 across 2025-26
2026-04-09 23:39:29,913 - INFO - Fetching OFF Regular Season WOWY stats for Team ID: 1610612757, Player ID: 201950  2025-26
2026-04-09 23:39:36,036 - WARNING - Request failed: 500 Server Error: Internal Server Error for url: https://api.pbpstats.com/get-wowy-stats/nba?0Exactly0OnFloor=201950&TeamId=1610612757&Season=2025-26&SeasonType=Regular+Season&Type=Player. Retrying in 2.87 seconds (attempt 1/3)
2026-04-09 23:40:09,021 - WARNING - Request failed: HTTPSConnectionPool(host='api.pbpstats.com', port=443): Read timed out. (read timeout=30). Retrying in 4.13 seconds (attempt 2/3)
2026-04-09 23:40:33,333 - WARNING - Request failed: 500 Server Error: Internal Server Error for url: https://api.pbpstats.com/get-wowy-stats/nba?0Exactly0OnFloor=201950&TeamId=1610612757&Season=2025-26&SeasonType=Regular+Season&Type=Player. Retrying in 8.26 seconds (attempt 3/3)
2026-04-09 23:40:45,195 - INFO - Fetched OFF Regular Season WOWY stats for Team ID: 1610612757, Player ID: 201950 across 2025-26
2026-04-09 23:40:49,838 - INFO - Saved data for player 201950 to daily_data/2026/201950.csv
2026-04-09 23:40:49,838 - INFO - Processing 201959 - 1610612763.0 for 2026 (7/294)
2026-04-09 23:40:49,838 - INFO - Fetching ON Regular Season WOWY stats for Team ID: 1610612763, Player ID: 201959  2025-26
2026-04-09 23:40:51,632 - INFO - Fetched ON Regular Season WOWY stats for Team ID: 1610612763, Player ID: 201959 across 2025-26
2026-04-09 23:40:53,635 - INFO - Fetching OFF Regular Season WOWY stats for Team ID: 1610612763, Player ID: 201959  2025-26
2026-04-09 23:41:00,029 - INFO - Fetched OFF Regular Season WOWY stats for Team ID: 1610612763, Player ID: 201959 across 2025-26
2026-04-09 23:41:04,063 - INFO - Saved data for player 201959 to daily_data/2026/201959.csv
2026-04-09 23:41:04,064 - INFO - Processing 202685 - 1610612743.0 for 2026 (8/294)
2026-04-09 23:41:04,064 - INFO - Fetching ON Regular Season WOWY stats for Team ID: 1610612743, Player ID: 202685  2025-26
2026-04-09 23:41:34,128 - WARNING - Request failed: HTTPSConnectionPool(host='api.pbpstats.com', port=443): Read timed out. (read timeout=30). Retrying in 2.29 seconds (attempt 1/3)
2026-04-09 23:41:54,233 - WARNING - Request failed: 502 Server Error: Bad Gateway for url: https://api.pbpstats.com/get-wowy-stats/nba?0Exactly1OnFloor=202685&TeamId=1610612743&Season=2025-26&SeasonType=Regular+Season&Type=Player. Retrying in 4.06 seconds (attempt 2/3)
2026-04-09 23:41:59,854 - INFO - Fetched ON Regular Season WOWY stats for Team ID: 1610612743, Player ID: 202685 across 2025-26
2026-04-09 23:42:01,856 - INFO - Fetching OFF Regular Season WOWY stats for Team ID: 1610612743, Player ID: 202685  2025-26
2026-04-09 23:42:31,925 - WARNING - Request failed: HTTPSConnectionPool(host='api.pbpstats.com', port=443): Read timed out. (read timeout=30). Retrying in 2.16 seconds (attempt 1/3)
2026-04-09 23:42:44,683 - INFO - Fetched OFF Regular Season WOWY stats for Team ID: 1610612743, Player ID: 202685 across 2025-26
2026-04-09 23:42:48,826 - INFO - Saved data for player 202685 to daily_data/2026/202685.csv
2026-04-09 23:42:48,826 - INFO - Processing 202687 - 1610612759.0 for 2026 (9/294)
2026-04-09 23:42:48,827 - INFO - Fetching ON Regular Season WOWY stats for Team ID: 1610612759, Player ID: 202687  2025-26
2026-04-09 23:42:49,100 - INFO - Fetched ON Regular Season WOWY stats for Team ID: 1610612759, Player ID: 202687 across 2025-26
2026-04-09 23:42:51,102 - INFO - Fetching OFF Regular Season WOWY stats for Team ID: 1610612759, Player ID: 202687  2025-26
2026-04-09 23:42:55,775 - INFO - Fetched OFF Regular Season WOWY stats for Team ID: 1610612759, Player ID: 202687 across 2025-26
2026-04-09 23:43:00,210 - INFO - Saved data for player 202687 to daily_data/2026/202687.csv
2026-04-09 23:43:00,211 - INFO - Processing 202691 - 1610612742.0 for 2026 (10/294)
2026-04-09 23:43:00,211 - INFO - Fetching ON Regular Season WOWY stats for Team ID: 1610612742, Player ID: 202691  2025-26
2026-04-09 23:43:00,551 - INFO - Fetched ON Regular Season WOWY stats for Team ID: 1610612742, Player ID: 202691 across 2025-26
2026-04-09 23:43:02,554 - INFO - Fetching OFF Regular Season WOWY stats for Team ID: 1610612742, Player ID: 202691  2025-26
2026-04-09 23:43:02,762 - INFO - Fetched OFF Regular Season WOWY stats for Team ID: 1610612742, Player ID: 202691 across 2025-26
2026-04-09 23:43:07,617 - INFO - Saved data for player 202691 to daily_data/2026/202691.csv
2026-04-09 23:43:07,617 - INFO - Progress: 10/294 players processed (3.4%)
2026-04-09 23:43:07,617 - INFO - Processing 202695 - 1610612746.0 for 2026 (11/294)
2026-04-09 23:43:07,618 - INFO - Fetching ON Regular Season WOWY stats for Team ID: 1610612746, Player ID: 202695  2025-26
2026-04-09 23:43:07,844 - INFO - Fetched ON Regular Season WOWY stats for Team ID: 1610612746, Player ID: 202695 across 2025-26
2026-04-09 23:43:09,846 - INFO - Fetching OFF Regular Season WOWY stats for Team ID: 1610612746, Player ID: 202695  2025-26
2026-04-09 23:43:11,660 - INFO - Fetched OFF Regular Season WOWY stats for Team ID: 1610612746, Player ID: 202695 across 2025-26
2026-04-09 23:43:15,882 - INFO - Saved data for player 202695 to daily_data/2026/202695.csv
2026-04-09 23:43:15,883 - INFO - Processing 202699 - 1610612765.0 for 2026 (12/294)
2026-04-09 23:43:15,883 - INFO - Fetching ON Regular Season WOWY stats for Team ID: 1610612765, Player ID: 202699  2025-26
2026-04-09 23:43:17,264 - INFO - Fetched ON Regular Season WOWY stats for Team ID: 1610612765, Player ID: 202699 across 2025-26
2026-04-09 23:43:19,266 - INFO - Fetching OFF Regular Season WOWY stats for Team ID: 1610612765, Player ID: 202699  2025-26
2026-04-09 23:43:19,436 - INFO - Fetched OFF Regular Season WOWY stats for Team ID: 1610612765, Player ID: 202699 across 2025-26
2026-04-09 23:43:23,811 - INFO - Saved data for player 202699 to daily_data/2026/202699.csv
2026-04-09 23:43:23,812 - INFO - Processing 203076 - 1610612742.0 for 2026 (13/294)
2026-04-09 23:43:23,812 - INFO - Fetching ON Regular Season WOWY stats for Team ID: 1610612742, Player ID: 203076  2025-26
2026-04-09 23:43:24,641 - INFO - Fetched ON Regular Season WOWY stats for Team ID: 1610612742, Player ID: 203076 across 2025-26
2026-04-09 23:43:26,643 - INFO - Fetching OFF Regular Season WOWY stats for Team ID: 1610612742, Player ID: 203076  2025-26
2026-04-09 23:43:26,850 - INFO - Fetched OFF Regular Season WOWY stats for Team ID: 1610612742, Player ID: 203076 across 2025-26
2026-04-09 23:43:31,501 - INFO - Saved data for player 203076 to daily_data/2026/203076.csv
2026-04-09 23:43:31,502 - INFO - Processing 203078 - 1610612746.0 for 2026 (14/294)
2026-04-09 23:43:31,502 - INFO - Fetching ON Regular Season WOWY stats for Team ID: 1610612746, Player ID: 203078  2025-26
2026-04-09 23:43:32,091 - INFO - Fetched ON Regular Season WOWY stats for Team ID: 1610612746, Player ID: 203078 across 2025-26
2026-04-09 23:43:34,094 - INFO - Fetching OFF Regular Season WOWY stats for Team ID: 1610612746, Player ID: 203078  2025-26
2026-04-09 23:43:34,298 - INFO - Fetched OFF Regular Season WOWY stats for Team ID: 1610612746, Player ID: 203078 across 2025-26
2026-04-09 23:43:38,500 - INFO - Saved data for player 203078 to daily_data/2026/203078.csv
2026-04-09 23:43:38,501 - INFO - Processing 203084 - 1610612759.0 for 2026 (15/294)
2026-04-09 23:43:38,501 - INFO - Fetching ON Regular Season WOWY stats for Team ID: 1610612759, Player ID: 203084  2025-26
2026-04-09 23:43:39,511 - INFO - Fetched ON Regular Season WOWY stats for Team ID: 1610612759, Player ID: 203084 across 2025-26
2026-04-09 23:43:41,513 - INFO - Fetching OFF Regular Season WOWY stats for Team ID: 1610612759, Player ID: 203084  2025-26
2026-04-09 23:43:41,687 - INFO - Fetched OFF Regular Season WOWY stats for Team ID: 1610612759, Player ID: 203084 across 2025-26
2026-04-09 23:43:46,331 - INFO - Saved data for player 203084 to daily_data/2026/203084.csv
2026-04-09 23:43:46,331 - INFO - Processing 203114 - 1610612742.0 for 2026 (16/294)
2026-04-09 23:43:46,332 - INFO - Fetching ON Regular Season WOWY stats for Team ID: 1610612742, Player ID: 203114  2025-26
2026-04-09 23:43:47,588 - INFO - Fetched ON Regular Season WOWY stats for Team ID: 1610612742, Player ID: 203114 across 2025-26
2026-04-09 23:43:49,590 - INFO - Fetching OFF Regular Season WOWY stats for Team ID: 1610612742, Player ID: 203114  2025-26
2026-04-09 23:43:51,617 - INFO - Fetched OFF Regular Season WOWY stats for Team ID: 1610612742, Player ID: 203114 across 2025-26
2026-04-09 23:43:56,512 - INFO - Saved data for player 203114 to daily_data/2026/203114.csv
2026-04-09 23:43:56,512 - INFO - Processing 203468 - 1610612737.0 for 2026 (17/294)
2026-04-09 23:43:56,512 - INFO - Fetching ON Regular Season WOWY stats for Team ID: 1610612737, Player ID: 203468  2025-26
2026-04-09 23:43:57,533 - INFO - Fetched ON Regular Season WOWY stats for Team ID: 1610612737, Player ID: 203468 across 2025-26
2026-04-09 23:43:59,536 - INFO - Fetching OFF Regular Season WOWY stats for Team ID: 1610612737, Player ID: 203468  2025-26
2026-04-09 23:44:01,348 - INFO - Fetched OFF Regular Season WOWY stats for Team ID: 1610612737, Player ID: 203468 across 2025-26
2026-04-09 23:44:06,173 - INFO - Saved data for player 203468 to daily_data/2026/203468.csv
2026-04-09 23:44:06,173 - INFO - Processing 203471 - 1610612739.0 for 2026 (18/294)
2026-04-09 23:44:06,173 - INFO - Fetching ON Regular Season WOWY stats for Team ID: 1610612739, Player ID: 203471  2025-26
2026-04-09 23:44:07,107 - INFO - Fetched ON Regular Season WOWY stats for Team ID: 1610612739, Player ID: 203471 across 2025-26
2026-04-09 23:44:09,109 - INFO - Fetching OFF Regular Season WOWY stats for Team ID: 1610612739, Player ID: 203471  2025-26
2026-04-09 23:44:11,094 - INFO - Fetched OFF Regular Season WOWY stats for Team ID: 1610612739, Player ID: 203471 across 2025-26
2026-04-09 23:44:15,471 - INFO - Saved data for player 203471 to daily_data/2026/203471.csv
2026-04-09 23:44:15,471 - INFO - Processing 203482 - 1610612759.0 for 2026 (19/294)
2026-04-09 23:44:15,471 - INFO - Fetching ON Regular Season WOWY stats for Team ID: 1610612759, Player ID: 203482  2025-26
2026-04-09 23:44:16,276 - INFO - Fetched ON Regular Season WOWY stats for Team ID: 1610612759, Player ID: 203482 across 2025-26
2026-04-09 23:44:18,278 - INFO - Fetching OFF Regular Season WOWY stats for Team ID: 1610612759, Player ID: 203482  2025-26
2026-04-09 23:44:19,455 - INFO - Fetched OFF Regular Season WOWY stats for Team ID: 1610612759, Player ID: 203482 across 2025-26
2026-04-09 23:44:23,891 - INFO - Saved data for player 203482 to daily_data/2026/203482.csv
2026-04-09 23:44:23,892 - INFO - Processing 203484 - 1610612763.0 for 2026 (20/294)
2026-04-09 23:44:23,892 - INFO - Fetching ON Regular Season WOWY stats for Team ID: 1610612763, Player ID: 203484  2025-26
2026-04-09 23:44:25,382 - INFO - Fetched ON Regular Season WOWY stats for Team ID: 1610612763, Player ID: 203484 across 2025-26
2026-04-09 23:44:27,385 - INFO - Fetching OFF Regular Season WOWY stats for Team ID: 1610612763, Player ID: 203484  2025-26
2026-04-09 23:44:29,508 - INFO - Fetched OFF Regular Season WOWY stats for Team ID: 1610612763, Player ID: 203484 across 2025-26
2026-04-09 23:44:33,636 - INFO - Saved data for player 203484 to daily_data/2026/203484.csv
2026-04-09 23:44:33,637 - INFO - Progress: 20/294 players processed (6.8%)
2026-04-09 23:44:33,637 - INFO - Processing 203486 - 1610612759.0 for 2026 (21/294)
2026-04-09 23:44:33,637 - INFO - Fetching ON Regular Season WOWY stats for Team ID: 1610612759, Player ID: 203486  2025-26
2026-04-09 23:44:34,165 - INFO - Fetched ON Regular Season WOWY stats for Team ID: 1610612759, Player ID: 203486 across 2025-26
2026-04-09 23:44:36,167 - INFO - Fetching OFF Regular Season WOWY stats for Team ID: 1610612759, Player ID: 203486  2025-26
2026-04-09 23:44:37,621 - INFO - Fetched OFF Regular Season WOWY stats for Team ID: 1610612759, Player ID: 203486 across 2025-26
2026-04-09 23:44:41,876 - INFO - Saved data for player 203486 to daily_data/2026/203486.csv
2026-04-09 23:44:41,876 - INFO - Processing 203497 - 1610612750.0 for 2026 (22/294)
2026-04-09 23:44:41,876 - INFO - Fetching ON Regular Season WOWY stats for Team ID: 1610612750, Player ID: 203497  2025-26
2026-04-09 23:44:43,465 - INFO - Fetched ON Regular Season WOWY stats for Team ID: 1610612750, Player ID: 203497 across 2025-26
2026-04-09 23:44:45,468 - INFO - Fetching OFF Regular Season WOWY stats for Team ID: 1610612750, Player ID: 203497  2025-26
2026-04-09 23:44:45,662 - INFO - Fetched OFF Regular Season WOWY stats for Team ID: 1610612750, Player ID: 203497 across 2025-26
2026-04-09 23:44:50,363 - INFO - Saved data for player 203497 to daily_data/2026/203497.csv
2026-04-09 23:44:50,363 - INFO - Processing 203501 - 1610612743.0 for 2026 (23/294)
2026-04-09 23:44:50,363 - INFO - Fetching ON Regular Season WOWY stats for Team ID: 1610612743, Player ID: 203501  2025-26
2026-04-09 23:44:51,479 - INFO - Fetched ON Regular Season WOWY stats for Team ID: 1610612743, Player ID: 203501 across 2025-26
2026-04-09 23:44:53,481 - INFO - Fetching OFF Regular Season WOWY stats for Team ID: 1610612743, Player ID: 203501  2025-26
2026-04-09 23:44:54,650 - INFO - Fetched OFF Regular Season WOWY stats for Team ID: 1610612743, Player ID: 203501 across 2025-26
2026-04-09 23:44:59,208 - INFO - Saved data for player 203501 to daily_data/2026/203501.csv
2026-04-09 23:44:59,209 - INFO - Processing 203507 - 1610612749.0 for 2026 (24/294)
2026-04-09 23:44:59,209 - INFO - Fetching ON Regular Season WOWY stats for Team ID: 1610612749, Player ID: 203507  2025-26
2026-04-09 23:44:59,383 - INFO - Fetched ON Regular Season WOWY stats for Team ID: 1610612749, Player ID: 203507 across 2025-26
2026-04-09 23:45:01,385 - INFO - Fetching OFF Regular Season WOWY stats for Team ID: 1610612749, Player ID: 203507  2025-26
2026-04-09 23:45:03,961 - INFO - Fetched OFF Regular Season WOWY stats for Team ID: 1610612749, Player ID: 203507 across 2025-26
2026-04-09 23:45:08,094 - INFO - Saved data for player 203507 to daily_data/2026/203507.csv
2026-04-09 23:45:08,095 - INFO - Processing 203648 - 1610612749.0 for 2026 (25/294)
2026-04-09 23:45:08,095 - INFO - Fetching ON Regular Season WOWY stats for Team ID: 1610612749, Player ID: 203648  2025-26
2026-04-09 23:45:08,232 - INFO - Fetched ON Regular Season WOWY stats for Team ID: 1610612749, Player ID: 203648 across 2025-26
2026-04-09 23:45:10,233 - INFO - Fetching OFF Regular Season WOWY stats for Team ID: 1610612749, Player ID: 203648  2025-26
2026-04-09 23:45:10,427 - INFO - Fetched OFF Regular Season WOWY stats for Team ID: 1610612749, Player ID: 203648 across 2025-26
2026-04-09 23:45:15,345 - INFO - Saved data for player 203648 to daily_data/2026/203648.csv
2026-04-09 23:45:15,345 - INFO - Processing 203914 - 1610612749.0 for 2026 (26/294)
2026-04-09 23:45:15,345 - INFO - Fetching ON Regular Season WOWY stats for Team ID: 1610612749, Player ID: 203914  2025-26
2026-04-09 23:45:15,547 - INFO - Fetched ON Regular Season WOWY stats for Team ID: 1610612749, Player ID: 203914 across 2025-26
2026-04-09 23:45:17,549 - INFO - Fetching OFF Regular Season WOWY stats for Team ID: 1610612749, Player ID: 203914  2025-26
2026-04-09 23:45:19,668 - INFO - Fetched OFF Regular Season WOWY stats for Team ID: 1610612749, Player ID: 203914 across 2025-26
2026-04-09 23:45:24,655 - INFO - Saved data for player 203914 to daily_data/2026/203914.csv
2026-04-09 23:45:24,656 - INFO - Processing 203924 - 1610612757.0 for 2026 (27/294)
2026-04-09 23:45:24,656 - INFO - Fetching ON Regular Season WOWY stats for Team ID: 1610612757, Player ID: 203924  2025-26
2026-04-09 23:45:24,867 - INFO - Fetched ON Regular Season WOWY stats for Team ID: 1610612757, Player ID: 203924 across 2025-26
2026-04-09 23:45:26,869 - INFO - Fetching OFF Regular Season WOWY stats for Team ID: 1610612757, Player ID: 203924  2025-26
2026-04-09 23:45:28,554 - INFO - Fetched OFF Regular Season WOWY stats for Team ID: 1610612757, Player ID: 203924 across 2025-26
2026-04-09 23:45:33,439 - INFO - Saved data for player 203924 to daily_data/2026/203924.csv
2026-04-09 23:45:33,440 - INFO - Processing 203932 - 1610612743.0 for 2026 (28/294)
2026-04-09 23:45:33,440 - INFO - Fetching ON Regular Season WOWY stats for Team ID: 1610612743, Player ID: 203932  2025-26
2026-04-09 23:45:34,272 - INFO - Fetched ON Regular Season WOWY stats for Team ID: 1610612743, Player ID: 203932 across 2025-26
2026-04-09 23:45:36,274 - INFO - Fetching OFF Regular Season WOWY stats for Team ID: 1610612743, Player ID: 203932  2025-26
2026-04-09 23:45:37,550 - INFO - Fetched OFF Regular Season WOWY stats for Team ID: 1610612743, Player ID: 203932 across 2025-26
2026-04-09 23:45:42,019 - INFO - Saved data for player 203932 to daily_data/2026/203932.csv
2026-04-09 23:45:42,020 - INFO - Processing 203937 - 1610612763.0 for 2026 (29/294)
2026-04-09 23:45:42,020 - INFO - Fetching ON Regular Season WOWY stats for Team ID: 1610612763, Player ID: 203937  2025-26
2026-04-09 23:45:42,142 - INFO - Fetched ON Regular Season WOWY stats for Team ID: 1610612763, Player ID: 203937 across 2025-26
2026-04-09 23:45:44,145 - INFO - Fetching OFF Regular Season WOWY stats for Team ID: 1610612763, Player ID: 203937  2025-26
2026-04-09 23:45:44,401 - INFO - Fetched OFF Regular Season WOWY stats for Team ID: 1610612763, Player ID: 203937 across 2025-26
2026-04-09 23:45:48,522 - INFO - Processing 203937 - 1610612750.0 for 2026 (29/294)
2026-04-09 23:45:48,522 - INFO - Fetching ON Regular Season WOWY stats for Team ID: 1610612750, Player ID: 203937  2025-26
2026-04-09 23:45:48,679 - INFO - Fetched ON Regular Season WOWY stats for Team ID: 1610612750, Player ID: 203937 across 2025-26
2026-04-09 23:45:50,681 - INFO - Fetching OFF Regular Season WOWY stats for Team ID: 1610612750, Player ID: 203937  2025-26
2026-04-09 23:45:50,865 - INFO - Fetched OFF Regular Season WOWY stats for Team ID: 1610612750, Player ID: 203937 across 2025-26
2026-04-09 23:45:55,516 - INFO - Saved data for player 203937 to daily_data/2026/203937.csv
2026-04-09 23:45:55,517 - INFO - Processing 203939 - 1610612742.0 for 2026 (30/294)
2026-04-09 23:45:55,517 - INFO - Fetching ON Regular Season WOWY stats for Team ID: 1610612742, Player ID: 203939  2025-26
2026-04-09 23:45:56,390 - INFO - Fetched ON Regular Season WOWY stats for Team ID: 1610612742, Player ID: 203939 across 2025-26
2026-04-09 23:45:58,392 - INFO - Fetching OFF Regular Season WOWY stats for Team ID: 1610612742, Player ID: 203939  2025-26
2026-04-09 23:45:59,930 - INFO - Fetched OFF Regular Season WOWY stats for Team ID: 1610612742, Player ID: 203939 across 2025-26
2026-04-09 23:46:04,067 - INFO - Saved data for player 203939 to daily_data/2026/203939.csv
2026-04-09 23:46:04,067 - INFO - Progress: 30/294 players processed (10.2%)
2026-04-09 23:46:04,068 - INFO - Processing 203944 - 1610612750.0 for 2026 (31/294)
2026-04-09 23:46:04,068 - INFO - Fetching ON Regular Season WOWY stats for Team ID: 1610612750, Player ID: 203944  2025-26
2026-04-09 23:46:04,236 - INFO - Fetched ON Regular Season WOWY stats for Team ID: 1610612750, Player ID: 203944 across 2025-26
2026-04-09 23:46:06,238 - INFO - Fetching OFF Regular Season WOWY stats for Team ID: 1610612750, Player ID: 203944  2025-26
2026-04-09 23:46:06,421 - INFO - Fetched OFF Regular Season WOWY stats for Team ID: 1610612750, Player ID: 203944 across 2025-26
2026-04-09 23:46:11,418 - INFO - Saved data for player 203944 to daily_data/2026/203944.csv
2026-04-09 23:46:11,419 - INFO - Processing 203992 - 1610612746.0 for 2026 (32/294)
2026-04-09 23:46:11,419 - INFO - Fetching ON Regular Season WOWY stats for Team ID: 1610612746, Player ID: 203992  2025-26
2026-04-09 23:46:12,313 - INFO - Fetched ON Regular Season WOWY stats for Team ID: 1610612746, Player ID: 203992 across 2025-26
2026-04-09 23:46:14,315 - INFO - Fetching OFF Regular Season WOWY stats for Team ID: 1610612746, Player ID: 203992  2025-26
2026-04-09 23:46:14,551 - INFO - Fetched OFF Regular Season WOWY stats for Team ID: 1610612746, Player ID: 203992 across 2025-26
2026-04-09 23:46:18,955 - INFO - Saved data for player 203992 to daily_data/2026/203992.csv
2026-04-09 23:46:18,956 - INFO - Processing 203999 - 1610612743.0 for 2026 (33/294)
2026-04-09 23:46:18,956 - INFO - Fetching ON Regular Season WOWY stats for Team ID: 1610612743, Player ID: 203999  2025-26
2026-04-09 23:46:19,974 - INFO - Fetched ON Regular Season WOWY stats for Team ID: 1610612743, Player ID: 203999 across 2025-26
2026-04-09 23:46:21,977 - INFO - Fetching OFF Regular Season WOWY stats for Team ID: 1610612743, Player ID: 203999  2025-26
2026-04-09 23:46:23,260 - INFO - Fetched OFF Regular Season WOWY stats for Team ID: 1610612743, Player ID: 203999 across 2025-26
2026-04-09 23:46:28,243 - INFO - Saved data for player 203999 to daily_data/2026/203999.csv
2026-04-09 23:46:28,244 - INFO - Processing 204001 - 1610612737.0 for 2026 (34/294)
2026-04-09 23:46:28,244 - INFO - Fetching ON Regular Season WOWY stats for Team ID: 1610612737, Player ID: 204001  2025-26
2026-04-09 23:46:29,169 - INFO - Fetched ON Regular Season WOWY stats for Team ID: 1610612737, Player ID: 204001 across 2025-26
2026-04-09 23:46:31,171 - INFO - Fetching OFF Regular Season WOWY stats for Team ID: 1610612737, Player ID: 204001  2025-26
2026-04-09 23:46:32,694 - INFO - Fetched OFF Regular Season WOWY stats for Team ID: 1610612737, Player ID: 204001 across 2025-26
2026-04-09 23:46:36,820 - INFO - Saved data for player 204001 to daily_data/2026/204001.csv
2026-04-09 23:46:36,821 - INFO - Processing 204060 - 1610612750.0 for 2026 (35/294)
2026-04-09 23:46:36,821 - INFO - Fetching ON Regular Season WOWY stats for Team ID: 1610612750, Player ID: 204060  2025-26
2026-04-09 23:46:37,511 - INFO - Fetched ON Regular Season WOWY stats for Team ID: 1610612750, Player ID: 204060 across 2025-26
2026-04-09 23:46:39,513 - INFO - Fetching OFF Regular Season WOWY stats for Team ID: 1610612750, Player ID: 204060  2025-26
2026-04-09 23:46:39,692 - INFO - Fetched OFF Regular Season WOWY stats for Team ID: 1610612750, Player ID: 204060 across 2025-26
2026-04-09 23:46:44,445 - INFO - Saved data for player 204060 to daily_data/2026/204060.csv
2026-04-09 23:46:44,446 - INFO - Processing 1626145 - 1610612753.0 for 2026 (36/294)
2026-04-09 23:46:44,446 - INFO - Fetching ON Regular Season WOWY stats for Team ID: 1610612753, Player ID: 1626145  2025-26
2026-04-09 23:46:45,396 - INFO - Fetched ON Regular Season WOWY stats for Team ID: 1610612753, Player ID: 1626145 across 2025-26
2026-04-09 23:46:47,399 - INFO - Fetching OFF Regular Season WOWY stats for Team ID: 1610612753, Player ID: 1626145  2025-26
2026-04-09 23:46:47,606 - INFO - Fetched OFF Regular Season WOWY stats for Team ID: 1610612753, Player ID: 1626145 across 2025-26
2026-04-09 23:46:52,336 - INFO - Processing 1626145 - 1610612742.0 for 2026 (36/294)
2026-04-09 23:46:52,337 - INFO - Fetching ON Regular Season WOWY stats for Team ID: 1610612742, Player ID: 1626145  2025-26
2026-04-09 23:46:52,485 - INFO - Fetched ON Regular Season WOWY stats for Team ID: 1610612742, Player ID: 1626145 across 2025-26
2026-04-09 23:46:54,488 - INFO - Fetching OFF Regular Season WOWY stats for Team ID: 1610612742, Player ID: 1626145  2025-26
2026-04-09 23:46:54,701 - INFO - Fetched OFF Regular Season WOWY stats for Team ID: 1610612742, Player ID: 1626145 across 2025-26
2026-04-09 23:46:59,657 - INFO - Processing 1626145 - 1610612743.0 for 2026 (36/294)
2026-04-09 23:46:59,657 - INFO - Fetching ON Regular Season WOWY stats for Team ID: 1610612743, Player ID: 1626145  2025-26
2026-04-09 23:47:00,346 - INFO - Fetched ON Regular Season WOWY stats for Team ID: 1610612743, Player ID: 1626145 across 2025-26
2026-04-09 23:47:02,348 - INFO - Fetching OFF Regular Season WOWY stats for Team ID: 1610612743, Player ID: 1626145  2025-26
2026-04-09 23:47:03,710 - INFO - Fetched OFF Regular Season WOWY stats for Team ID: 1610612743, Player ID: 1626145 across 2025-26
2026-04-09 23:47:08,019 - INFO - Saved data for player 1626145 to daily_data/2026/1626145.csv
2026-04-09 23:47:08,020 - INFO - Processing 1626156 - 1610612742.0 for 2026 (37/294)
2026-04-09 23:47:08,020 - INFO - Fetching ON Regular Season WOWY stats for Team ID: 1610612742, Player ID: 1626156  2025-26
2026-04-09 23:47:08,184 - INFO - Fetched ON Regular Season WOWY stats for Team ID: 1610612742, Player ID: 1626156 across 2025-26
2026-04-09 23:47:10,186 - INFO - Fetching OFF Regular Season WOWY stats for Team ID: 1610612742, Player ID: 1626156  2025-26
2026-04-09 23:47:10,403 - INFO - Fetched OFF Regular Season WOWY stats for Team ID: 1610612742, Player ID: 1626156 across 2025-26
2026-04-09 23:47:14,553 - INFO - Saved data for player 1626156 to daily_data/2026/1626156.csv
2026-04-09 23:47:14,554 - INFO - Processing 1626164 - 1610612756.0 for 2026 (38/294)
2026-04-09 23:47:14,554 - INFO - Fetching ON Regular Season WOWY stats for Team ID: 1610612756, Player ID: 1626164  2025-26
2026-04-09 23:47:14,781 - INFO - Fetched ON Regular Season WOWY stats for Team ID: 1610612756, Player ID: 1626164 across 2025-26
2026-04-09 23:47:16,783 - INFO - Fetching OFF Regular Season WOWY stats for Team ID: 1610612756, Player ID: 1626164  2025-26
2026-04-09 23:47:16,983 - INFO - Fetched OFF Regular Season WOWY stats for Team ID: 1610612756, Player ID: 1626164 across 2025-26
2026-04-09 23:47:21,156 - INFO - Saved data for player 1626164 to daily_data/2026/1626164.csv
2026-04-09 23:47:21,157 - INFO - Processing 1626167 - 1610612749.0 for 2026 (39/294)
2026-04-09 23:47:21,157 - INFO - Fetching ON Regular Season WOWY stats for Team ID: 1610612749, Player ID: 1626167  2025-26
2026-04-09 23:47:21,341 - INFO - Fetched ON Regular Season WOWY stats for Team ID: 1610612749, Player ID: 1626167 across 2025-26
2026-04-09 23:47:23,343 - INFO - Fetching OFF Regular Season WOWY stats for Team ID: 1610612749, Player ID: 1626167  2025-26
2026-04-09 23:47:24,821 - INFO - Fetched OFF Regular Season WOWY stats for Team ID: 1610612749, Player ID: 1626167 across 2025-26
2026-04-09 23:47:29,012 - INFO - Saved data for player 1626167 to daily_data/2026/1626167.csv
2026-04-09 23:47:29,013 - INFO - Processing 1626171 - 1610612749.0 for 2026 (40/294)
2026-04-09 23:47:29,013 - INFO - Fetching ON Regular Season WOWY stats for Team ID: 1610612749, Player ID: 1626171  2025-26
2026-04-09 23:47:29,181 - INFO - Fetched ON Regular Season WOWY stats for Team ID: 1610612749, Player ID: 1626171 across 2025-26
2026-04-09 23:47:31,184 - INFO - Fetching OFF Regular Season WOWY stats for Team ID: 1610612749, Player ID: 1626171  2025-26
2026-04-09 23:47:47,439 - INFO - Fetched OFF Regular Season WOWY stats for Team ID: 1610612749, Player ID: 1626171 across 2025-26
2026-04-09 23:47:52,341 - INFO - Saved data for player 1626171 to daily_data/2026/1626171.csv
2026-04-09 23:47:52,342 - INFO - Progress: 40/294 players processed (13.6%)
2026-04-09 23:47:52,342 - INFO - Processing 1626204 - 1610612739.0 for 2026 (41/294)
2026-04-09 23:47:52,342 - INFO - Fetching ON Regular Season WOWY stats for Team ID: 1610612739, Player ID: 1626204  2025-26
2026-04-09 23:47:53,378 - INFO - Fetched ON Regular Season WOWY stats for Team ID: 1610612739, Player ID: 1626204 across 2025-26
2026-04-09 23:47:55,380 - INFO - Fetching OFF Regular Season WOWY stats for Team ID: 1610612739, Player ID: 1626204  2025-26
2026-04-09 23:47:57,085 - INFO - Fetched OFF Regular Season WOWY stats for Team ID: 1610612739, Player ID: 1626204 across 2025-26
2026-04-09 23:48:01,213 - INFO - Saved data for player 1626204 to daily_data/2026/1626204.csv
2026-04-09 23:48:01,213 - INFO - Processing 1626220 - 1610612756.0 for 2026 (42/294)
2026-04-09 23:48:01,213 - INFO - Fetching ON Regular Season WOWY stats for Team ID: 1610612756, Player ID: 1626220  2025-26
2026-04-09 23:48:02,479 - INFO - Fetched ON Regular Season WOWY stats for Team ID: 1610612756, Player ID: 1626220 across 2025-26
2026-04-09 23:48:04,481 - INFO - Fetching OFF Regular Season WOWY stats for Team ID: 1610612756, Player ID: 1626220  2025-26
2026-04-09 23:48:04,684 - INFO - Fetched OFF Regular Season WOWY stats for Team ID: 1610612756, Player ID: 1626220 across 2025-26
2026-04-09 23:48:09,073 - INFO - Saved data for player 1626220 to daily_data/2026/1626220.csv
2026-04-09 23:48:09,074 - INFO - Processing 1627739 - 1610612746.0 for 2026 (43/294)
2026-04-09 23:48:09,074 - INFO - Fetching ON Regular Season WOWY stats for Team ID: 1610612746, Player ID: 1627739  2025-26
2026-04-09 23:48:27,588 - INFO - Fetched ON Regular Season WOWY stats for Team ID: 1610612746, Player ID: 1627739 across 2025-26
2026-04-09 23:48:29,590 - INFO - Fetching OFF Regular Season WOWY stats for Team ID: 1610612746, Player ID: 1627739  2025-26
2026-04-09 23:48:29,788 - INFO - Fetched OFF Regular Season WOWY stats for Team ID: 1610612746, Player ID: 1627739 across 2025-26
2026-04-09 23:48:34,227 - INFO - Saved data for player 1627739 to daily_data/2026/1627739.csv
2026-04-09 23:48:34,227 - INFO - Processing 1627741 - 1610612737.0 for 2026 (44/294)
2026-04-09 23:48:34,227 - INFO - Fetching ON Regular Season WOWY stats for Team ID: 1610612737, Player ID: 1627741  2025-26
2026-04-09 23:48:34,970 - INFO - Fetched ON Regular Season WOWY stats for Team ID: 1610612737, Player ID: 1627741 across 2025-26
2026-04-09 23:48:36,972 - INFO - Fetching OFF Regular Season WOWY stats for Team ID: 1610612737, Player ID: 1627741  2025-26
2026-04-09 23:48:38,630 - INFO - Fetched OFF Regular Season WOWY stats for Team ID: 1610612737, Player ID: 1627741 across 2025-26
2026-04-09 23:48:43,188 - INFO - Saved data for player 1627741 to daily_data/2026/1627741.csv
2026-04-09 23:48:43,188 - INFO - Processing 1627747 - 1610612765.0 for 2026 (45/294)
2026-04-09 23:48:43,189 - INFO - Fetching ON Regular Season WOWY stats for Team ID: 1610612765, Player ID: 1627747  2025-26
2026-04-09 23:48:44,297 - INFO - Fetched ON Regular Season WOWY stats for Team ID: 1610612765, Player ID: 1627747 across 2025-26
2026-04-09 23:48:46,299 - INFO - Fetching OFF Regular Season WOWY stats for Team ID: 1610612765, Player ID: 1627747  2025-26
2026-04-09 23:48:46,481 - INFO - Fetched OFF Regular Season WOWY stats for Team ID: 1610612765, Player ID: 1627747 across 2025-26
2026-04-09 23:48:50,969 - INFO - Saved data for player 1627747 to daily_data/2026/1627747.csv
2026-04-09 23:48:50,969 - INFO - Processing 1627750 - 1610612743.0 for 2026 (46/294)
2026-04-09 23:48:50,970 - INFO - Fetching ON Regular Season WOWY stats for Team ID: 1610612743, Player ID: 1627750  2025-26
2026-04-09 23:48:52,011 - INFO - Fetched ON Regular Season WOWY stats for Team ID: 1610612743, Player ID: 1627750 across 2025-26
2026-04-09 23:48:54,014 - INFO - Fetching OFF Regular Season WOWY stats for Team ID: 1610612743, Player ID: 1627750  2025-26
2026-04-09 23:48:55,263 - INFO - Fetched OFF Regular Season WOWY stats for Team ID: 1610612743, Player ID: 1627750 across 2025-26
2026-04-09 23:49:00,135 - INFO - Saved data for player 1627750 to daily_data/2026/1627750.csv
2026-04-09 23:49:00,135 - INFO - Processing 1627752 - 1610612749.0 for 2026 (47/294)
2026-04-09 23:49:00,135 - INFO - Fetching ON Regular Season WOWY stats for Team ID: 1610612749, Player ID: 1627752  2025-26
2026-04-09 23:49:00,315 - INFO - Fetched ON Regular Season WOWY stats for Team ID: 1610612749, Player ID: 1627752 across 2025-26
2026-04-09 23:49:02,318 - INFO - Fetching OFF Regular Season WOWY stats for Team ID: 1610612749, Player ID: 1627752  2025-26
2026-04-09 23:49:03,781 - INFO - Fetched OFF Regular Season WOWY stats for Team ID: 1610612749, Player ID: 1627752 across 2025-26
2026-04-09 23:49:08,295 - INFO - Saved data for player 1627752 to daily_data/2026/1627752.csv
2026-04-09 23:49:08,296 - INFO - Processing 1627826 - 1610612746.0 for 2026 (48/294)
2026-04-09 23:49:08,296 - INFO - Fetching ON Regular Season WOWY stats for Team ID: 1610612746, Player ID: 1627826  2025-26
2026-04-09 23:49:08,453 - INFO - Fetched ON Regular Season WOWY stats for Team ID: 1610612746, Player ID: 1627826 across 2025-26
2026-04-09 23:49:10,456 - INFO - Fetching OFF Regular Season WOWY stats for Team ID: 1610612746, Player ID: 1627826  2025-26
2026-04-09 23:49:10,721 - INFO - Fetched OFF Regular Season WOWY stats for Team ID: 1610612746, Player ID: 1627826 across 2025-26
2026-04-09 23:49:15,117 - INFO - Saved data for player 1627826 to daily_data/2026/1627826.csv
2026-04-09 23:49:15,118 - INFO - Processing 1627884 - 1610612746.0 for 2026 (49/294)
2026-04-09 23:49:15,118 - INFO - Fetching ON Regular Season WOWY stats for Team ID: 1610612746, Player ID: 1627884  2025-26
2026-04-09 23:49:15,292 - INFO - Fetched ON Regular Season WOWY stats for Team ID: 1610612746, Player ID: 1627884 across 2025-26
2026-04-09 23:49:17,294 - INFO - Fetching OFF Regular Season WOWY stats for Team ID: 1610612746, Player ID: 1627884  2025-26
2026-04-09 23:49:17,499 - INFO - Fetched OFF Regular Season WOWY stats for Team ID: 1610612746, Player ID: 1627884 across 2025-26
2026-04-09 23:49:22,453 - INFO - Saved data for player 1627884 to daily_data/2026/1627884.csv
2026-04-09 23:49:22,454 - INFO - Processing 1627936 - 1610612760.0 for 2026 (50/294)
2026-04-09 23:49:22,454 - INFO - Fetching ON Regular Season WOWY stats for Team ID: 1610612760, Player ID: 1627936  2025-26
2026-04-09 23:49:23,604 - INFO - Fetched ON Regular Season WOWY stats for Team ID: 1610612760, Player ID: 1627936 across 2025-26
2026-04-09 23:49:25,607 - INFO - Fetching OFF Regular Season WOWY stats for Team ID: 1610612760, Player ID: 1627936  2025-26
2026-04-09 23:49:55,675 - WARNING - Request failed: HTTPSConnectionPool(host='api.pbpstats.com', port=443): Read timed out. (read timeout=30). Retrying in 2.55 seconds (attempt 1/3)
2026-04-09 23:49:58,414 - INFO - Fetched OFF Regular Season WOWY stats for Team ID: 1610612760, Player ID: 1627936 across 2025-26
2026-04-09 23:50:03,403 - INFO - Saved data for player 1627936 to daily_data/2026/1627936.csv
2026-04-09 23:50:03,403 - INFO - Progress: 50/294 players processed (17.0%)
2026-04-09 23:50:03,404 - INFO - Processing 1628366 - 1610612739.0 for 2026 (51/294)
2026-04-09 23:50:03,404 - INFO - Fetching ON Regular Season WOWY stats for Team ID: 1610612739, Player ID: 1628366  2025-26
2026-04-09 23:50:04,568 - INFO - Fetched ON Regular Season WOWY stats for Team ID: 1610612739, Player ID: 1628366 across 2025-26
2026-04-09 23:50:06,571 - INFO - Fetching OFF Regular Season WOWY stats for Team ID: 1610612739, Player ID: 1628366  2025-26
2026-04-09 23:50:06,778 - INFO - Fetched OFF Regular Season WOWY stats for Team ID: 1610612739, Player ID: 1628366 across 2025-26
2026-04-09 23:50:11,025 - INFO - Saved data for player 1628366 to daily_data/2026/1628366.csv
2026-04-09 23:50:11,026 - INFO - Processing 1628368 - 1610612759.0 for 2026 (52/294)
2026-04-09 23:50:11,026 - INFO - Fetching ON Regular Season WOWY stats for Team ID: 1610612759, Player ID: 1628368  2025-26
2026-04-09 23:50:11,225 - INFO - Fetched ON Regular Season WOWY stats for Team ID: 1610612759, Player ID: 1628368 across 2025-26
2026-04-09 23:50:13,227 - INFO - Fetching OFF Regular Season WOWY stats for Team ID: 1610612759, Player ID: 1628368  2025-26
2026-04-09 23:50:14,779 - INFO - Fetched OFF Regular Season WOWY stats for Team ID: 1610612759, Player ID: 1628368 across 2025-26
2026-04-09 23:50:19,468 - INFO - Saved data for player 1628368 to daily_data/2026/1628368.csv
2026-04-09 23:50:19,468 - INFO - Processing 1628371 - 1610612753.0 for 2026 (53/294)
2026-04-09 23:50:19,468 - INFO - Fetching ON Regular Season WOWY stats for Team ID: 1610612753, Player ID: 1628371  2025-26
2026-04-09 23:50:19,630 - INFO - Fetched ON Regular Season WOWY stats for Team ID: 1610612753, Player ID: 1628371 across 2025-26
2026-04-09 23:50:21,632 - INFO - Fetching OFF Regular Season WOWY stats for Team ID: 1610612753, Player ID: 1628371  2025-26
2026-04-09 23:50:23,201 - INFO - Fetched OFF Regular Season WOWY stats for Team ID: 1610612753, Player ID: 1628371 across 2025-26
2026-04-09 23:50:27,982 - INFO - Saved data for player 1628371 to daily_data/2026/1628371.csv
2026-04-09 23:50:27,982 - INFO - Processing 1628378 - 1610612739.0 for 2026 (54/294)
2026-04-09 23:50:27,982 - INFO - Fetching ON Regular Season WOWY stats for Team ID: 1610612739, Player ID: 1628378  2025-26
2026-04-09 23:50:29,235 - INFO - Fetched ON Regular Season WOWY stats for Team ID: 1610612739, Player ID: 1628378 across 2025-26
2026-04-09 23:50:31,238 - INFO - Fetching OFF Regular Season WOWY stats for Team ID: 1610612739, Player ID: 1628378  2025-26
2026-04-09 23:50:32,562 - INFO - Fetched OFF Regular Season WOWY stats for Team ID: 1610612739, Player ID: 1628378 across 2025-26
2026-04-09 23:50:37,553 - INFO - Saved data for player 1628378 to daily_data/2026/1628378.csv
2026-04-09 23:50:37,554 - INFO - Processing 1628379 - 1610612737.0 for 2026 (55/294)
2026-04-09 23:50:37,554 - INFO - Fetching ON Regular Season WOWY stats for Team ID: 1610612737, Player ID: 1628379  2025-26
2026-04-09 23:50:49,555 - INFO - Fetched ON Regular Season WOWY stats for Team ID: 1610612737, Player ID: 1628379 across 2025-26
2026-04-09 23:50:51,557 - INFO - Fetching OFF Regular Season WOWY stats for Team ID: 1610612737, Player ID: 1628379  2025-26
2026-04-09 23:50:51,783 - INFO - Fetched OFF Regular Season WOWY stats for Team ID: 1610612737, Player ID: 1628379 across 2025-26
2026-04-09 23:50:56,645 - INFO - Saved data for player 1628379 to daily_data/2026/1628379.csv
2026-04-09 23:50:56,645 - INFO - Processing 1628381 - 1610612746.0 for 2026 (56/294)
2026-04-09 23:50:56,645 - INFO - Fetching ON Regular Season WOWY stats for Team ID: 1610612746, Player ID: 1628381  2025-26
2026-04-09 23:50:56,823 - INFO - Fetched ON Regular Season WOWY stats for Team ID: 1610612746, Player ID: 1628381 across 2025-26
2026-04-09 23:50:58,826 - INFO - Fetching OFF Regular Season WOWY stats for Team ID: 1610612746, Player ID: 1628381  2025-26
2026-04-09 23:50:59,091 - INFO - Fetched OFF Regular Season WOWY stats for Team ID: 1610612746, Player ID: 1628381 across 2025-26
2026-04-09 23:51:03,742 - INFO - Saved data for player 1628381 to daily_data/2026/1628381.csv
2026-04-09 23:51:03,742 - INFO - Processing 1628386 - 1610612739.0 for 2026 (57/294)
2026-04-09 23:51:03,742 - INFO - Fetching ON Regular Season WOWY stats for Team ID: 1610612739, Player ID: 1628386  2025-26
2026-04-09 23:51:06,108 - INFO - Fetched ON Regular Season WOWY stats for Team ID: 1610612739, Player ID: 1628386 across 2025-26
2026-04-09 23:51:08,111 - INFO - Fetching OFF Regular Season WOWY stats for Team ID: 1610612739, Player ID: 1628386  2025-26
2026-04-09 23:51:10,488 - INFO - Fetched OFF Regular Season WOWY stats for Team ID: 1610612739, Player ID: 1628386 across 2025-26
2026-04-09 23:51:14,989 - INFO - Saved data for player 1628386 to daily_data/2026/1628386.csv
2026-04-09 23:51:14,990 - INFO - Processing 1628392 - 1610612760.0 for 2026 (58/294)
2026-04-09 23:51:14,990 - INFO - Fetching ON Regular Season WOWY stats for Team ID: 1610612760, Player ID: 1628392  2025-26
2026-04-09 23:51:15,169 - INFO - Fetched ON Regular Season WOWY stats for Team ID: 1610612760, Player ID: 1628392 across 2025-26
2026-04-09 23:51:17,171 - INFO - Fetching OFF Regular Season WOWY stats for Team ID: 1610612760, Player ID: 1628392  2025-26
2026-04-09 23:51:44,042 - INFO - Fetched OFF Regular Season WOWY stats for Team ID: 1610612760, Player ID: 1628392 across 2025-26
2026-04-09 23:51:48,705 - INFO - Saved data for player 1628392 to daily_data/2026/1628392.csv
2026-04-09 23:51:48,705 - INFO - Processing 1628396 - 1610612737.0 for 2026 (59/294)
2026-04-09 23:51:48,705 - INFO - Fetching ON Regular Season WOWY stats for Team ID: 1610612737, Player ID: 1628396  2025-26
2026-04-09 23:51:49,300 - INFO - Fetched ON Regular Season WOWY stats for Team ID: 1610612737, Player ID: 1628396 across 2025-26
2026-04-09 23:51:51,302 - INFO - Fetching OFF Regular Season WOWY stats for Team ID: 1610612737, Player ID: 1628396  2025-26
2026-04-09 23:51:51,587 - INFO - Fetched OFF Regular Season WOWY stats for Team ID: 1610612737, Player ID: 1628396 across 2025-26
2026-04-09 23:51:55,960 - INFO - Saved data for player 1628396 to daily_data/2026/1628396.csv
2026-04-09 23:51:55,961 - INFO - Processing 1628398 - 1610612749.0 for 2026 (60/294)
2026-04-09 23:51:55,961 - INFO - Fetching ON Regular Season WOWY stats for Team ID: 1610612749, Player ID: 1628398  2025-26
2026-04-09 23:51:57,039 - INFO - Fetched ON Regular Season WOWY stats for Team ID: 1610612749, Player ID: 1628398 across 2025-26
2026-04-09 23:51:59,041 - INFO - Fetching OFF Regular Season WOWY stats for Team ID: 1610612749, Player ID: 1628398  2025-26
2026-04-09 23:52:00,391 - INFO - Fetched OFF Regular Season WOWY stats for Team ID: 1610612749, Player ID: 1628398 across 2025-26
2026-04-09 23:52:04,994 - INFO - Saved data for player 1628398 to daily_data/2026/1628398.csv
2026-04-09 23:52:04,994 - INFO - Progress: 60/294 players processed (20.4%)
2026-04-09 23:52:04,995 - INFO - Processing 1628415 - 1610612756.0 for 2026 (61/294)
2026-04-09 23:52:04,995 - INFO - Fetching ON Regular Season WOWY stats for Team ID: 1610612756, Player ID: 1628415  2025-26
2026-04-09 23:52:06,040 - INFO - Fetched ON Regular Season WOWY stats for Team ID: 1610612756, Player ID: 1628415 across 2025-26
2026-04-09 23:52:08,042 - INFO - Fetching OFF Regular Season WOWY stats for Team ID: 1610612756, Player ID: 1628415  2025-26
2026-04-09 23:52:09,519 - INFO - Fetched OFF Regular Season WOWY stats for Team ID: 1610612756, Player ID: 1628415 across 2025-26
2026-04-09 23:52:14,498 - INFO - Saved data for player 1628415 to daily_data/2026/1628415.csv
2026-04-09 23:52:14,499 - INFO - Processing 1628418 - 1610612739.0 for 2026 (62/294)
2026-04-09 23:52:14,499 - INFO - Fetching ON Regular Season WOWY stats for Team ID: 1610612739, Player ID: 1628418  2025-26
2026-04-09 23:52:22,599 - INFO - Fetched ON Regular Season WOWY stats for Team ID: 1610612739, Player ID: 1628418 across 2025-26
2026-04-09 23:52:24,601 - INFO - Fetching OFF Regular Season WOWY stats for Team ID: 1610612739, Player ID: 1628418  2025-26
2026-04-09 23:52:26,398 - INFO - Fetched OFF Regular Season WOWY stats for Team ID: 1610612739, Player ID: 1628418 across 2025-26
2026-04-09 23:52:31,441 - INFO - Saved data for player 1628418 to daily_data/2026/1628418.csv
2026-04-09 23:52:31,442 - INFO - Processing 1628436 - 1610612759.0 for 2026 (63/294)
2026-04-09 23:52:31,442 - INFO - Fetching ON Regular Season WOWY stats for Team ID: 1610612759, Player ID: 1628436  2025-26
2026-04-09 23:52:32,461 - INFO - Fetched ON Regular Season WOWY stats for Team ID: 1610612759, Player ID: 1628436 across 2025-26
2026-04-09 23:52:34,463 - INFO - Fetching OFF Regular Season WOWY stats for Team ID: 1610612759, Player ID: 1628436  2025-26
2026-04-09 23:52:36,170 - INFO - Fetched OFF Regular Season WOWY stats for Team ID: 1610612759, Player ID: 1628436 across 2025-26
2026-04-09 23:52:40,916 - INFO - Saved data for player 1628436 to daily_data/2026/1628436.csv
2026-04-09 23:52:40,916 - INFO - Processing 1628502 - 1610612756.0 for 2026 (64/294)
2026-04-09 23:52:40,916 - INFO - Fetching ON Regular Season WOWY stats for Team ID: 1610612756, Player ID: 1628502  2025-26
2026-04-09 23:52:41,141 - INFO - Fetched ON Regular Season WOWY stats for Team ID: 1610612756, Player ID: 1628502 across 2025-26
2026-04-09 23:52:43,143 - INFO - Fetching OFF Regular Season WOWY stats for Team ID: 1610612756, Player ID: 1628502  2025-26
2026-04-09 23:52:44,670 - INFO - Fetched OFF Regular Season WOWY stats for Team ID: 1610612756, Player ID: 1628502 across 2025-26
2026-04-09 23:52:49,028 - INFO - Saved data for player 1628502 to daily_data/2026/1628502.csv
2026-04-09 23:52:49,029 - INFO - Processing 1628960 - 1610612756.0 for 2026 (65/294)
2026-04-09 23:52:49,029 - INFO - Fetching ON Regular Season WOWY stats for Team ID: 1610612756, Player ID: 1628960  2025-26
2026-04-09 23:52:49,202 - INFO - Fetched ON Regular Season WOWY stats for Team ID: 1610612756, Player ID: 1628960 across 2025-26
2026-04-09 23:52:51,204 - INFO - Fetching OFF Regular Season WOWY stats for Team ID: 1610612756, Player ID: 1628960  2025-26
2026-04-09 23:53:15,474 - INFO - Fetched OFF Regular Season WOWY stats for Team ID: 1610612756, Player ID: 1628960 across 2025-26
2026-04-09 23:53:20,291 - INFO - Saved data for player 1628960 to daily_data/2026/1628960.csv
2026-04-09 23:53:20,291 - INFO - Processing 1628963 - 1610612742.0 for 2026 (66/294)
2026-04-09 23:53:20,291 - INFO - Fetching ON Regular Season WOWY stats for Team ID: 1610612742, Player ID: 1628963  2025-26
2026-04-09 23:53:20,463 - INFO - Fetched ON Regular Season WOWY stats for Team ID: 1610612742, Player ID: 1628963 across 2025-26
2026-04-09 23:53:22,466 - INFO - Fetching OFF Regular Season WOWY stats for Team ID: 1610612742, Player ID: 1628963  2025-26
2026-04-09 23:53:35,312 - INFO - Fetched OFF Regular Season WOWY stats for Team ID: 1610612742, Player ID: 1628963 across 2025-26
2026-04-09 23:53:39,886 - INFO - Saved data for player 1628963 to daily_data/2026/1628963.csv
2026-04-09 23:53:39,887 - INFO - Processing 1628971 - 1610612743.0 for 2026 (67/294)
2026-04-09 23:53:39,887 - INFO - Fetching ON Regular Season WOWY stats for Team ID: 1610612743, Player ID: 1628971  2025-26
2026-04-09 23:53:41,189 - INFO - Fetched ON Regular Season WOWY stats for Team ID: 1610612743, Player ID: 1628971 across 2025-26
2026-04-09 23:53:43,192 - INFO - Fetching OFF Regular Season WOWY stats for Team ID: 1610612743, Player ID: 1628971  2025-26
2026-04-09 23:53:43,380 - INFO - Fetched OFF Regular Season WOWY stats for Team ID: 1610612743, Player ID: 1628971 across 2025-26
2026-04-09 23:53:47,760 - INFO - Saved data for player 1628971 to daily_data/2026/1628971.csv
2026-04-09 23:53:47,760 - INFO - Processing 1628975 - 1610612753.0 for 2026 (68/294)
2026-04-09 23:53:47,760 - INFO - Fetching ON Regular Season WOWY stats for Team ID: 1610612753, Player ID: 1628975  2025-26
2026-04-09 23:53:48,566 - INFO - Fetched ON Regular Season WOWY stats for Team ID: 1610612753, Player ID: 1628975 across 2025-26
2026-04-09 23:53:50,568 - INFO - Fetching OFF Regular Season WOWY stats for Team ID: 1610612753, Player ID: 1628975  2025-26
2026-04-09 23:53:50,752 - INFO - Fetched OFF Regular Season WOWY stats for Team ID: 1610612753, Player ID: 1628975 across 2025-26
2026-04-09 23:53:55,171 - INFO - Saved data for player 1628975 to daily_data/2026/1628975.csv
2026-04-09 23:53:55,171 - INFO - Processing 1628976 - 1610612753.0 for 2026 (69/294)
2026-04-09 23:53:55,171 - INFO - Fetching ON Regular Season WOWY stats for Team ID: 1610612753, Player ID: 1628976  2025-26
2026-04-09 23:53:56,177 - INFO - Fetched ON Regular Season WOWY stats for Team ID: 1610612753, Player ID: 1628976 across 2025-26
2026-04-09 23:53:58,179 - INFO - Fetching OFF Regular Season WOWY stats for Team ID: 1610612753, Player ID: 1628976  2025-26
2026-04-09 23:53:59,637 - INFO - Fetched OFF Regular Season WOWY stats for Team ID: 1610612753, Player ID: 1628976 across 2025-26
2026-04-09 23:54:04,363 - INFO - Saved data for player 1628976 to daily_data/2026/1628976.csv
2026-04-09 23:54:04,364 - INFO - Processing 1628978 - 1610612750.0 for 2026 (70/294)
2026-04-09 23:54:04,364 - INFO - Fetching ON Regular Season WOWY stats for Team ID: 1610612750, Player ID: 1628978  2025-26
2026-04-09 23:54:04,787 - INFO - Fetched ON Regular Season WOWY stats for Team ID: 1610612750, Player ID: 1628978 across 2025-26
2026-04-09 23:54:06,789 - INFO - Fetching OFF Regular Season WOWY stats for Team ID: 1610612750, Player ID: 1628978  2025-26
2026-04-09 23:54:08,263 - INFO - Fetched OFF Regular Season WOWY stats for Team ID: 1610612750, Player ID: 1628978 across 2025-26
2026-04-09 23:54:12,756 - INFO - Saved data for player 1628978 to daily_data/2026/1628978.csv
2026-04-09 23:54:12,756 - INFO - Progress: 70/294 players processed (23.8%)
2026-04-09 23:54:12,756 - INFO - Processing 1628983 - 1610612760.0 for 2026 (71/294)
2026-04-09 23:54:12,757 - INFO - Fetching ON Regular Season WOWY stats for Team ID: 1610612760, Player ID: 1628983  2025-26
2026-04-09 23:54:17,055 - INFO - Fetched ON Regular Season WOWY stats for Team ID: 1610612760, Player ID: 1628983 across 2025-26
2026-04-09 23:54:19,057 - INFO - Fetching OFF Regular Season WOWY stats for Team ID: 1610612760, Player ID: 1628983  2025-26
2026-04-09 23:54:22,920 - INFO - Fetched OFF Regular Season WOWY stats for Team ID: 1610612760, Player ID: 1628983 across 2025-26
2026-04-09 23:54:27,640 - INFO - Saved data for player 1628983 to daily_data/2026/1628983.csv
2026-04-09 23:54:27,641 - INFO - Processing 1628989 - 1610612765.0 for 2026 (72/294)
2026-04-09 23:54:27,641 - INFO - Fetching ON Regular Season WOWY stats for Team ID: 1610612765, Player ID: 1628989  2025-26
2026-04-09 23:54:29,270 - INFO - Fetched ON Regular Season WOWY stats for Team ID: 1610612765, Player ID: 1628989 across 2025-26
2026-04-09 23:54:31,272 - INFO - Fetching OFF Regular Season WOWY stats for Team ID: 1610612765, Player ID: 1628989  2025-26
2026-04-09 23:54:34,769 - INFO - Fetched OFF Regular Season WOWY stats for Team ID: 1610612765, Player ID: 1628989 across 2025-26
2026-04-09 23:54:38,822 - INFO - Saved data for player 1628989 to daily_data/2026/1628989.csv
2026-04-09 23:54:38,823 - INFO - Processing 1628991 - 1610612763.0 for 2026 (73/294)
2026-04-09 23:54:38,823 - INFO - Fetching ON Regular Season WOWY stats for Team ID: 1610612763, Player ID: 1628991  2025-26
2026-04-09 23:54:41,230 - INFO - Fetched ON Regular Season WOWY stats for Team ID: 1610612763, Player ID: 1628991 across 2025-26
2026-04-09 23:54:43,232 - INFO - Fetching OFF Regular Season WOWY stats for Team ID: 1610612763, Player ID: 1628991  2025-26
2026-04-09 23:54:47,708 - INFO - Fetched OFF Regular Season WOWY stats for Team ID: 1610612763, Player ID: 1628991 across 2025-26
2026-04-09 23:54:52,698 - INFO - Saved data for player 1628991 to daily_data/2026/1628991.csv
2026-04-09 23:54:52,699 - INFO - Processing 1628997 - 1610612742.0 for 2026 (74/294)
2026-04-09 23:54:52,699 - INFO - Fetching ON Regular Season WOWY stats for Team ID: 1610612742, Player ID: 1628997  2025-26
2026-04-09 23:54:55,187 - INFO - Fetched ON Regular Season WOWY stats for Team ID: 1610612742, Player ID: 1628997 across 2025-26
2026-04-09 23:54:57,189 - INFO - Fetching OFF Regular Season WOWY stats for Team ID: 1610612742, Player ID: 1628997  2025-26
2026-04-09 23:55:02,717 - INFO - Fetched OFF Regular Season WOWY stats for Team ID: 1610612742, Player ID: 1628997 across 2025-26
2026-04-09 23:55:07,372 - INFO - Saved data for player 1628997 to daily_data/2026/1628997.csv
2026-04-09 23:55:07,373 - INFO - Processing 1629018 - 1610612749.0 for 2026 (75/294)
2026-04-09 23:55:07,373 - INFO - Fetching ON Regular Season WOWY stats for Team ID: 1610612749, Player ID: 1629018  2025-26
2026-04-09 23:55:07,774 - INFO - Fetched ON Regular Season WOWY stats for Team ID: 1610612749, Player ID: 1629018 across 2025-26
2026-04-09 23:55:09,776 - INFO - Fetching OFF Regular Season WOWY stats for Team ID: 1610612749, Player ID: 1629018  2025-26
2026-04-09 23:55:10,149 - INFO - Fetched OFF Regular Season WOWY stats for Team ID: 1610612749, Player ID: 1629018 across 2025-26
2026-04-09 23:55:14,969 - INFO - Saved data for player 1629018 to daily_data/2026/1629018.csv
2026-04-09 23:55:14,969 - INFO - Processing 1629021 - 1610612753.0 for 2026 (76/294)
2026-04-09 23:55:14,969 - INFO - Fetching ON Regular Season WOWY stats for Team ID: 1610612753, Player ID: 1629021  2025-26
2026-04-09 23:55:18,310 - INFO - Fetched ON Regular Season WOWY stats for Team ID: 1610612753, Player ID: 1629021 across 2025-26
2026-04-09 23:55:20,312 - INFO - Fetching OFF Regular Season WOWY stats for Team ID: 1610612753, Player ID: 1629021  2025-26
2026-04-09 23:55:23,707 - INFO - Fetched OFF Regular Season WOWY stats for Team ID: 1610612753, Player ID: 1629021 across 2025-26
2026-04-09 23:55:28,512 - INFO - Saved data for player 1629021 to daily_data/2026/1629021.csv
2026-04-09 23:55:28,513 - INFO - Processing 1629023 - 1610612742.0 for 2026 (77/294)
2026-04-09 23:55:28,513 - INFO - Fetching ON Regular Season WOWY stats for Team ID: 1610612742, Player ID: 1629023  2025-26
2026-04-09 23:55:28,697 - INFO - Fetched ON Regular Season WOWY stats for Team ID: 1610612742, Player ID: 1629023 across 2025-26
2026-04-09 23:55:30,699 - INFO - Fetching OFF Regular Season WOWY stats for Team ID: 1610612742, Player ID: 1629023  2025-26
2026-04-09 23:55:32,126 - INFO - Fetched OFF Regular Season WOWY stats for Team ID: 1610612742, Player ID: 1629023 across 2025-26
2026-04-09 23:55:37,005 - INFO - Saved data for player 1629023 to daily_data/2026/1629023.csv
2026-04-09 23:55:37,006 - INFO - Processing 1629026 - 1610612760.0 for 2026 (78/294)
2026-04-09 23:55:37,006 - INFO - Fetching ON Regular Season WOWY stats for Team ID: 1610612760, Player ID: 1629026  2025-26
2026-04-09 23:55:38,319 - INFO - Fetched ON Regular Season WOWY stats for Team ID: 1610612760, Player ID: 1629026 across 2025-26
2026-04-09 23:55:40,321 - INFO - Fetching OFF Regular Season WOWY stats for Team ID: 1610612760, Player ID: 1629026  2025-26
2026-04-09 23:56:06,434 - WARNING - Request failed: 500 Server Error: Internal Server Error for url: https://api.pbpstats.com/get-wowy-stats/nba?0Exactly0OnFloor=1629026&TeamId=1610612760&Season=2025-26&SeasonType=Regular+Season&Type=Player. Retrying in 2.81 seconds (attempt 1/3)
2026-04-09 23:56:09,433 - INFO - Fetched OFF Regular Season WOWY stats for Team ID: 1610612760, Player ID: 1629026 across 2025-26
2026-04-09 23:56:13,832 - INFO - Saved data for player 1629026 to daily_data/2026/1629026.csv
2026-04-09 23:56:13,833 - INFO - Processing 1629027 - 1610612737.0 for 2026 (79/294)
2026-04-09 23:56:13,833 - INFO - Fetching ON Regular Season WOWY stats for Team ID: 1610612737, Player ID: 1629027  2025-26
2026-04-09 23:56:14,568 - INFO - Fetched ON Regular Season WOWY stats for Team ID: 1610612737, Player ID: 1629027 across 2025-26
2026-04-09 23:56:16,570 - INFO - Fetching OFF Regular Season WOWY stats for Team ID: 1610612737, Player ID: 1629027  2025-26
2026-04-09 23:56:21,171 - INFO - Fetched OFF Regular Season WOWY stats for Team ID: 1610612737, Player ID: 1629027 across 2025-26
2026-04-09 23:56:25,604 - INFO - Saved data for player 1629027 to daily_data/2026/1629027.csv
2026-04-09 23:56:25,604 - INFO - Processing 1629048 - 1610612753.0 for 2026 (80/294)
2026-04-09 23:56:25,605 - INFO - Fetching ON Regular Season WOWY stats for Team ID: 1610612753, Player ID: 1629048  2025-26
2026-04-09 23:56:26,698 - INFO - Fetched ON Regular Season WOWY stats for Team ID: 1610612753, Player ID: 1629048 across 2025-26
2026-04-09 23:56:28,699 - INFO - Fetching OFF Regular Season WOWY stats for Team ID: 1610612753, Player ID: 1629048  2025-26
2026-04-09 23:56:29,995 - INFO - Fetched OFF Regular Season WOWY stats for Team ID: 1610612753, Player ID: 1629048 across 2025-26
2026-04-09 23:56:34,144 - INFO - Saved data for player 1629048 to daily_data/2026/1629048.csv
2026-04-09 23:56:34,144 - INFO - Progress: 80/294 players processed (27.2%)
2026-04-09 23:56:34,144 - INFO - Processing 1629057 - 1610612757.0 for 2026 (81/294)
2026-04-09 23:56:34,144 - INFO - Fetching ON Regular Season WOWY stats for Team ID: 1610612757, Player ID: 1629057  2025-26
2026-04-09 23:56:35,330 - INFO - Fetched ON Regular Season WOWY stats for Team ID: 1610612757, Player ID: 1629057 across 2025-26
2026-04-09 23:56:37,332 - INFO - Fetching OFF Regular Season WOWY stats for Team ID: 1610612757, Player ID: 1629057  2025-26
2026-04-09 23:56:39,357 - INFO - Fetched OFF Regular Season WOWY stats for Team ID: 1610612757, Player ID: 1629057 across 2025-26
2026-04-09 23:56:44,097 - INFO - Saved data for player 1629057 to daily_data/2026/1629057.csv
2026-04-09 23:56:44,097 - INFO - Processing 1629111 - 1610612763.0 for 2026 (82/294)
2026-04-09 23:56:44,097 - INFO - Fetching ON Regular Season WOWY stats for Team ID: 1610612763, Player ID: 1629111  2025-26
2026-04-09 23:56:44,941 - INFO - Fetched ON Regular Season WOWY stats for Team ID: 1610612763, Player ID: 1629111 across 2025-26
2026-04-09 23:56:46,943 - INFO - Fetching OFF Regular Season WOWY stats for Team ID: 1610612763, Player ID: 1629111  2025-26
2026-04-09 23:56:47,227 - INFO - Fetched OFF Regular Season WOWY stats for Team ID: 1610612763, Player ID: 1629111 across 2025-26
2026-04-09 23:56:51,262 - INFO - Processing 1629111 - 1610612737.0 for 2026 (82/294)
2026-04-09 23:56:51,262 - INFO - Fetching ON Regular Season WOWY stats for Team ID: 1610612737, Player ID: 1629111  2025-26
2026-04-09 23:57:05,000 - INFO - Fetched ON Regular Season WOWY stats for Team ID: 1610612737, Player ID: 1629111 across 2025-26
2026-04-09 23:57:07,002 - INFO - Fetching OFF Regular Season WOWY stats for Team ID: 1610612737, Player ID: 1629111  2025-26
2026-04-09 23:57:08,717 - INFO - Fetched OFF Regular Season WOWY stats for Team ID: 1610612737, Player ID: 1629111 across 2025-26
2026-04-09 23:57:13,500 - INFO - Saved data for player 1629111 to daily_data/2026/1629111.csv
2026-04-09 23:57:13,501 - INFO - Processing 1629130 - 1610612765.0 for 2026 (83/294)
2026-04-09 23:57:13,501 - INFO - Fetching ON Regular Season WOWY stats for Team ID: 1610612765, Player ID: 1629130  2025-26
2026-04-09 23:57:14,564 - INFO - Fetched ON Regular Season WOWY stats for Team ID: 1610612765, Player ID: 1629130 across 2025-26
2026-04-09 23:57:16,566 - INFO - Fetching OFF Regular Season WOWY stats for Team ID: 1610612765, Player ID: 1629130  2025-26
2026-04-09 23:57:16,741 - INFO - Fetched OFF Regular Season WOWY stats for Team ID: 1610612765, Player ID: 1629130 across 2025-26
2026-04-09 23:57:21,318 - INFO - Saved data for player 1629130 to daily_data/2026/1629130.csv
2026-04-09 23:57:21,319 - INFO - Processing 1629162 - 1610612759.0 for 2026 (84/294)
2026-04-09 23:57:21,319 - INFO - Fetching ON Regular Season WOWY stats for Team ID: 1610612759, Player ID: 1629162  2025-26
2026-04-09 23:57:22,206 - INFO - Fetched ON Regular Season WOWY stats for Team ID: 1610612759, Player ID: 1629162 across 2025-26
2026-04-09 23:57:24,208 - INFO - Fetching OFF Regular Season WOWY stats for Team ID: 1610612759, Player ID: 1629162  2025-26
2026-04-09 23:57:24,380 - INFO - Fetched OFF Regular Season WOWY stats for Team ID: 1610612759, Player ID: 1629162 across 2025-26
2026-04-09 23:57:28,428 - INFO - Saved data for player 1629162 to daily_data/2026/1629162.csv
2026-04-09 23:57:28,429 - INFO - Processing 1629216 - 1610612737.0 for 2026 (85/294)
2026-04-09 23:57:28,429 - INFO - Fetching ON Regular Season WOWY stats for Team ID: 1610612737, Player ID: 1629216  2025-26
2026-04-09 23:57:28,599 - INFO - Fetched ON Regular Season WOWY stats for Team ID: 1610612737, Player ID: 1629216 across 2025-26
2026-04-09 23:57:30,601 - INFO - Fetching OFF Regular Season WOWY stats for Team ID: 1610612737, Player ID: 1629216  2025-26
2026-04-09 23:57:30,787 - INFO - Fetched OFF Regular Season WOWY stats for Team ID: 1610612737, Player ID: 1629216 across 2025-26
2026-04-09 23:57:35,393 - INFO - Saved data for player 1629216 to daily_data/2026/1629216.csv
2026-04-09 23:57:35,393 - INFO - Processing 1629312 - 1610612756.0 for 2026 (86/294)
2026-04-09 23:57:35,394 - INFO - Fetching ON Regular Season WOWY stats for Team ID: 1610612756, Player ID: 1629312  2025-26
2026-04-09 23:57:59,072 - INFO - Fetched ON Regular Season WOWY stats for Team ID: 1610612756, Player ID: 1629312 across 2025-26
2026-04-09 23:58:01,075 - INFO - Fetching OFF Regular Season WOWY stats for Team ID: 1610612756, Player ID: 1629312  2025-26
2026-04-09 23:58:02,715 - INFO - Fetched OFF Regular Season WOWY stats for Team ID: 1610612756, Player ID: 1629312 across 2025-26
2026-04-09 23:58:07,166 - INFO - Saved data for player 1629312 to daily_data/2026/1629312.csv
2026-04-09 23:58:07,167 - INFO - Processing 1629599 - 1610612749.0 for 2026 (87/294)
2026-04-09 23:58:07,167 - INFO - Fetching ON Regular Season WOWY stats for Team ID: 1610612749, Player ID: 1629599  2025-26
2026-04-09 23:58:07,340 - INFO - Fetched ON Regular Season WOWY stats for Team ID: 1610612749, Player ID: 1629599 across 2025-26
2026-04-09 23:58:09,342 - INFO - Fetching OFF Regular Season WOWY stats for Team ID: 1610612749, Player ID: 1629599  2025-26
2026-04-09 23:58:09,544 - INFO - Fetched OFF Regular Season WOWY stats for Team ID: 1610612749, Player ID: 1629599 across 2025-26
2026-04-09 23:58:14,504 - INFO - Processing 1629599 - 1610612756.0 for 2026 (87/294)
2026-04-09 23:58:14,504 - INFO - Fetching ON Regular Season WOWY stats for Team ID: 1610612756, Player ID: 1629599  2025-26
2026-04-09 23:58:15,335 - INFO - Fetched ON Regular Season WOWY stats for Team ID: 1610612756, Player ID: 1629599 across 2025-26
2026-04-09 23:58:17,338 - INFO - Fetching OFF Regular Season WOWY stats for Team ID: 1610612756, Player ID: 1629599  2025-26
2026-04-09 23:58:19,091 - INFO - Fetched OFF Regular Season WOWY stats for Team ID: 1610612756, Player ID: 1629599 across 2025-26
2026-04-09 23:58:24,090 - INFO - Saved data for player 1629599 to daily_data/2026/1629599.csv
2026-04-09 23:58:24,091 - INFO - Processing 1629618 - 1610612743.0 for 2026 (88/294)
2026-04-09 23:58:24,091 - INFO - Fetching ON Regular Season WOWY stats for Team ID: 1610612743, Player ID: 1629618  2025-26
2026-04-09 23:58:25,093 - INFO - Fetched ON Regular Season WOWY stats for Team ID: 1610612743, Player ID: 1629618 across 2025-26
2026-04-09 23:58:27,096 - INFO - Fetching OFF Regular Season WOWY stats for Team ID: 1610612743, Player ID: 1629618  2025-26
2026-04-09 23:58:55,319 - INFO - Fetched OFF Regular Season WOWY stats for Team ID: 1610612743, Player ID: 1629618 across 2025-26
2026-04-09 23:59:00,290 - INFO - Saved data for player 1629618 to daily_data/2026/1629618.csv
2026-04-09 23:59:00,291 - INFO - Processing 1629622 - 1610612739.0 for 2026 (89/294)
2026-04-09 23:59:00,291 - INFO - Fetching ON Regular Season WOWY stats for Team ID: 1610612739, Player ID: 1629622  2025-26
2026-04-09 23:59:01,015 - INFO - Fetched ON Regular Season WOWY stats for Team ID: 1610612739, Player ID: 1629622 across 2025-26
2026-04-09 23:59:03,017 - INFO - Fetching OFF Regular Season WOWY stats for Team ID: 1610612739, Player ID: 1629622  2025-26
2026-04-09 23:59:05,951 - INFO - Fetched OFF Regular Season WOWY stats for Team ID: 1610612739, Player ID: 1629622 across 2025-26
2026-04-09 23:59:10,478 - INFO - Saved data for player 1629622 to daily_data/2026/1629622.csv
2026-04-09 23:59:10,478 - INFO - Processing 1629630 - 1610612763.0 for 2026 (90/294)
2026-04-09 23:59:10,478 - INFO - Fetching ON Regular Season WOWY stats for Team ID: 1610612763, Player ID: 1629630  2025-26
2026-04-09 23:59:11,290 - INFO - Fetched ON Regular Season WOWY stats for Team ID: 1610612763, Player ID: 1629630 across 2025-26
2026-04-09 23:59:13,292 - INFO - Fetching OFF Regular Season WOWY stats for Team ID: 1610612763, Player ID: 1629630  2025-26
2026-04-09 23:59:15,864 - INFO - Fetched OFF Regular Season WOWY stats for Team ID: 1610612763, Player ID: 1629630 across 2025-26
2026-04-09 23:59:20,095 - INFO - Saved data for player 1629630 to daily_data/2026/1629630.csv
2026-04-09 23:59:20,095 - INFO - Progress: 90/294 players processed (30.6%)
2026-04-09 23:59:20,096 - INFO - Processing 1629631 - 1610612739.0 for 2026 (91/294)
2026-04-09 23:59:20,096 - INFO - Fetching ON Regular Season WOWY stats for Team ID: 1610612739, Player ID: 1629631  2025-26
2026-04-09 23:59:21,083 - INFO - Fetched ON Regular Season WOWY stats for Team ID: 1610612739, Player ID: 1629631 across 2025-26
2026-04-09 23:59:23,085 - INFO - Fetching OFF Regular Season WOWY stats for Team ID: 1610612739, Player ID: 1629631  2025-26
2026-04-09 23:59:24,746 - INFO - Fetched OFF Regular Season WOWY stats for Team ID: 1610612739, Player ID: 1629631 across 2025-26
2026-04-09 23:59:29,415 - INFO - Saved data for player 1629631 to daily_data/2026/1629631.csv
2026-04-09 23:59:29,415 - INFO - Processing 1629634 - 1610612763.0 for 2026 (92/294)
2026-04-09 23:59:29,415 - INFO - Fetching ON Regular Season WOWY stats for Team ID: 1610612763, Player ID: 1629634  2025-26
2026-04-09 23:59:30,050 - INFO - Fetched ON Regular Season WOWY stats for Team ID: 1610612763, Player ID: 1629634 across 2025-26
2026-04-09 23:59:32,053 - INFO - Fetching OFF Regular Season WOWY stats for Team ID: 1610612763, Player ID: 1629634  2025-26
2026-04-09 23:59:34,294 - INFO - Fetched OFF Regular Season WOWY stats for Team ID: 1610612763, Player ID: 1629634 across 2025-26
2026-04-09 23:59:38,737 - INFO - Saved data for player 1629634 to daily_data/2026/1629634.csv
2026-04-09 23:59:38,738 - INFO - Processing 1629636 - 1610612739.0 for 2026 (93/294)
2026-04-09 23:59:38,738 - INFO - Fetching ON Regular Season WOWY stats for Team ID: 1610612739, Player ID: 1629636  2025-26
2026-04-09 23:59:39,552 - INFO - Fetched ON Regular Season WOWY stats for Team ID: 1610612739, Player ID: 1629636 across 2025-26
2026-04-09 23:59:41,555 - INFO - Fetching OFF Regular Season WOWY stats for Team ID: 1610612739, Player ID: 1629636  2025-26
2026-04-10 00:00:05,529 - INFO - Fetched OFF Regular Season WOWY stats for Team ID: 1610612739, Player ID: 1629636 across 2025-26
2026-04-10 00:00:09,715 - INFO - Processing 1629636 - 1610612746.0 for 2026 (93/294)
2026-04-10 00:00:09,715 - INFO - Fetching ON Regular Season WOWY stats for Team ID: 1610612746, Player ID: 1629636  2025-26
2026-04-10 00:00:10,823 - INFO - Fetched ON Regular Season WOWY stats for Team ID: 1610612746, Player ID: 1629636 across 2025-26
2026-04-10 00:00:12,825 - INFO - Fetching OFF Regular Season WOWY stats for Team ID: 1610612746, Player ID: 1629636  2025-26
2026-04-10 00:00:13,068 - INFO - Fetched OFF Regular Season WOWY stats for Team ID: 1610612746, Player ID: 1629636 across 2025-26
2026-04-10 00:00:17,128 - INFO - Saved data for player 1629636 to daily_data/2026/1629636.csv
2026-04-10 00:00:17,128 - INFO - Processing 1629638 - 1610612737.0 for 2026 (94/294)
2026-04-10 00:00:17,129 - INFO - Fetching ON Regular Season WOWY stats for Team ID: 1610612737, Player ID: 1629638  2025-26
2026-04-10 00:00:20,072 - INFO - Fetched ON Regular Season WOWY stats for Team ID: 1610612737, Player ID: 1629638 across 2025-26
2026-04-10 00:00:22,074 - INFO - Fetching OFF Regular Season WOWY stats for Team ID: 1610612737, Player ID: 1629638  2025-26
2026-04-10 00:00:23,695 - INFO - Fetched OFF Regular Season WOWY stats for Team ID: 1610612737, Player ID: 1629638 across 2025-26
2026-04-10 00:00:28,105 - INFO - Saved data for player 1629638 to daily_data/2026/1629638.csv
2026-04-10 00:00:28,106 - INFO - Processing 1629640 - 1610612759.0 for 2026 (95/294)
2026-04-10 00:00:28,106 - INFO - Fetching ON Regular Season WOWY stats for Team ID: 1610612759, Player ID: 1629640  2025-26
2026-04-10 00:00:28,299 - INFO - Fetched ON Regular Season WOWY stats for Team ID: 1610612759, Player ID: 1629640 across 2025-26
2026-04-10 00:00:30,302 - INFO - Fetching OFF Regular Season WOWY stats for Team ID: 1610612759, Player ID: 1629640  2025-26
2026-04-10 00:00:32,323 - INFO - Fetched OFF Regular Season WOWY stats for Team ID: 1610612759, Player ID: 1629640 across 2025-26
2026-04-10 00:00:37,266 - INFO - Saved data for player 1629640 to daily_data/2026/1629640.csv
2026-04-10 00:00:37,267 - INFO - Processing 1629645 - 1610612749.0 for 2026 (96/294)
2026-04-10 00:00:37,267 - INFO - Fetching ON Regular Season WOWY stats for Team ID: 1610612749, Player ID: 1629645  2025-26
2026-04-10 00:00:38,443 - INFO - Fetched ON Regular Season WOWY stats for Team ID: 1610612749, Player ID: 1629645 across 2025-26
2026-04-10 00:00:40,445 - INFO - Fetching OFF Regular Season WOWY stats for Team ID: 1610612749, Player ID: 1629645  2025-26
2026-04-10 00:00:41,988 - INFO - Fetched OFF Regular Season WOWY stats for Team ID: 1610612749, Player ID: 1629645 across 2025-26
2026-04-10 00:00:46,996 - INFO - Saved data for player 1629645 to daily_data/2026/1629645.csv
2026-04-10 00:00:46,997 - INFO - Processing 1629646 - 1610612763.0 for 2026 (97/294)
2026-04-10 00:00:46,997 - INFO - Fetching ON Regular Season WOWY stats for Team ID: 1610612763, Player ID: 1629646  2025-26
2026-04-10 00:00:47,173 - INFO - Fetched ON Regular Season WOWY stats for Team ID: 1610612763, Player ID: 1629646 across 2025-26
2026-04-10 00:00:49,175 - INFO - Fetching OFF Regular Season WOWY stats for Team ID: 1610612763, Player ID: 1629646  2025-26
2026-04-10 00:00:49,616 - INFO - Fetched OFF Regular Season WOWY stats for Team ID: 1610612763, Player ID: 1629646 across 2025-26
2026-04-10 00:00:53,794 - INFO - Saved data for player 1629646 to daily_data/2026/1629646.csv
2026-04-10 00:00:53,795 - INFO - Processing 1629652 - 1610612760.0 for 2026 (98/294)
2026-04-10 00:00:53,795 - INFO - Fetching ON Regular Season WOWY stats for Team ID: 1610612760, Player ID: 1629652  2025-26
2026-04-10 00:00:55,763 - INFO - Fetched ON Regular Season WOWY stats for Team ID: 1610612760, Player ID: 1629652 across 2025-26
2026-04-10 00:00:57,765 - INFO - Fetching OFF Regular Season WOWY stats for Team ID: 1610612760, Player ID: 1629652  2025-26
2026-04-10 00:01:23,882 - WARNING - Request failed: 500 Server Error: Internal Server Error for url: https://api.pbpstats.com/get-wowy-stats/nba?0Exactly0OnFloor=1629652&TeamId=1610612760&Season=2025-26&SeasonType=Regular+Season&Type=Player. Retrying in 2.37 seconds (attempt 1/3)
2026-04-10 00:01:26,500 - INFO - Fetched OFF Regular Season WOWY stats for Team ID: 1610612760, Player ID: 1629652 across 2025-26
2026-04-10 00:01:30,638 - INFO - Saved data for player 1629652 to daily_data/2026/1629652.csv
2026-04-10 00:01:30,639 - INFO - Processing 1629655 - 1610612742.0 for 2026 (99/294)
2026-04-10 00:01:30,639 - INFO - Fetching ON Regular Season WOWY stats for Team ID: 1610612742, Player ID: 1629655  2025-26
2026-04-10 00:01:30,890 - INFO - Fetched ON Regular Season WOWY stats for Team ID: 1610612742, Player ID: 1629655 across 2025-26
2026-04-10 00:01:32,892 - INFO - Fetching OFF Regular Season WOWY stats for Team ID: 1610612742, Player ID: 1629655  2025-26
2026-04-10 00:01:36,557 - INFO - Fetched OFF Regular Season WOWY stats for Team ID: 1610612742, Player ID: 1629655 across 2025-26
2026-04-10 00:01:41,237 - INFO - Saved data for player 1629655 to daily_data/2026/1629655.csv
2026-04-10 00:01:41,238 - INFO - Processing 1629660 - 1610612763.0 for 2026 (100/294)
2026-04-10 00:01:41,238 - INFO - Fetching ON Regular Season WOWY stats for Team ID: 1610612763, Player ID: 1629660  2025-26
2026-04-10 00:01:42,182 - INFO - Fetched ON Regular Season WOWY stats for Team ID: 1610612763, Player ID: 1629660 across 2025-26
2026-04-10 00:01:44,184 - INFO - Fetching OFF Regular Season WOWY stats for Team ID: 1610612763, Player ID: 1629660  2025-26
2026-04-10 00:01:44,465 - INFO - Fetched OFF Regular Season WOWY stats for Team ID: 1610612763, Player ID: 1629660 across 2025-26
2026-04-10 00:01:48,991 - INFO - Saved data for player 1629660 to daily_data/2026/1629660.csv
2026-04-10 00:01:48,991 - INFO - Progress: 100/294 players processed (34.0%)
2026-04-10 00:01:48,992 - INFO - Processing 1629661 - 1610612743.0 for 2026 (101/294)
2026-04-10 00:01:48,992 - INFO - Fetching ON Regular Season WOWY stats for Team ID: 1610612743, Player ID: 1629661  2025-26
2026-04-10 00:01:49,255 - INFO - Fetched ON Regular Season WOWY stats for Team ID: 1610612743, Player ID: 1629661 across 2025-26
2026-04-10 00:01:51,257 - INFO - Fetching OFF Regular Season WOWY stats for Team ID: 1610612743, Player ID: 1629661  2025-26
2026-04-10 00:01:53,296 - INFO - Fetched OFF Regular Season WOWY stats for Team ID: 1610612743, Player ID: 1629661 across 2025-26
2026-04-10 00:01:57,621 - INFO - Saved data for player 1629661 to daily_data/2026/1629661.csv
2026-04-10 00:01:57,622 - INFO - Processing 1629675 - 1610612750.0 for 2026 (102/294)
2026-04-10 00:01:57,622 - INFO - Fetching ON Regular Season WOWY stats for Team ID: 1610612750, Player ID: 1629675  2025-26
2026-04-10 00:01:59,161 - INFO - Fetched ON Regular Season WOWY stats for Team ID: 1610612750, Player ID: 1629675 across 2025-26
2026-04-10 00:02:01,161 - INFO - Fetching OFF Regular Season WOWY stats for Team ID: 1610612750, Player ID: 1629675  2025-26
2026-04-10 00:02:01,365 - INFO - Fetched OFF Regular Season WOWY stats for Team ID: 1610612750, Player ID: 1629675 across 2025-26
2026-04-10 00:02:06,155 - INFO - Saved data for player 1629675 to daily_data/2026/1629675.csv
2026-04-10 00:02:06,156 - INFO - Processing 1629680 - 1610612757.0 for 2026 (103/294)
2026-04-10 00:02:06,156 - INFO - Fetching ON Regular Season WOWY stats for Team ID: 1610612757, Player ID: 1629680  2025-26
2026-04-10 00:02:32,279 - WARNING - Request failed: 500 Server Error: Internal Server Error for url: https://api.pbpstats.com/get-wowy-stats/nba?0Exactly1OnFloor=1629680&TeamId=1610612757&Season=2025-26&SeasonType=Regular+Season&Type=Player. Retrying in 2.41 seconds (attempt 1/3)
2026-04-10 00:02:38,833 - WARNING - Request failed: 500 Server Error: Internal Server Error for url: https://api.pbpstats.com/get-wowy-stats/nba?0Exactly1OnFloor=1629680&TeamId=1610612757&Season=2025-26&SeasonType=Regular+Season&Type=Player. Retrying in 4.24 seconds (attempt 2/3)
2026-04-10 00:02:43,230 - INFO - Fetched ON Regular Season WOWY stats for Team ID: 1610612757, Player ID: 1629680 across 2025-26
2026-04-10 00:02:45,232 - INFO - Fetching OFF Regular Season WOWY stats for Team ID: 1610612757, Player ID: 1629680  2025-26
2026-04-10 00:02:46,997 - INFO - Fetched OFF Regular Season WOWY stats for Team ID: 1610612757, Player ID: 1629680 across 2025-26
2026-04-10 00:02:51,090 - INFO - Saved data for player 1629680 to daily_data/2026/1629680.csv
2026-04-10 00:02:51,090 - INFO - Processing 1629723 - 1610612763.0 for 2026 (104/294)
2026-04-10 00:02:51,091 - INFO - Fetching ON Regular Season WOWY stats for Team ID: 1610612763, Player ID: 1629723  2025-26
2026-04-10 00:02:51,257 - INFO - Fetched ON Regular Season WOWY stats for Team ID: 1610612763, Player ID: 1629723 across 2025-26
2026-04-10 00:02:53,260 - INFO - Fetching OFF Regular Season WOWY stats for Team ID: 1610612763, Player ID: 1629723  2025-26
2026-04-10 00:02:55,685 - INFO - Fetched OFF Regular Season WOWY stats for Team ID: 1610612763, Player ID: 1629723 across 2025-26
2026-04-10 00:03:00,136 - INFO - Saved data for player 1629723 to daily_data/2026/1629723.csv
2026-04-10 00:03:00,137 - INFO - Processing 1629731 - 1610612739.0 for 2026 (105/294)
2026-04-10 00:03:00,137 - INFO - Fetching ON Regular Season WOWY stats for Team ID: 1610612739, Player ID: 1629731  2025-26
2026-04-10 00:03:01,783 - INFO - Fetched ON Regular Season WOWY stats for Team ID: 1610612739, Player ID: 1629731 across 2025-26
2026-04-10 00:03:03,785 - INFO - Fetching OFF Regular Season WOWY stats for Team ID: 1610612739, Player ID: 1629731  2025-26
2026-04-10 00:03:06,083 - INFO - Fetched OFF Regular Season WOWY stats for Team ID: 1610612739, Player ID: 1629731 across 2025-26
2026-04-10 00:03:10,247 - INFO - Saved data for player 1629731 to daily_data/2026/1629731.csv
2026-04-10 00:03:10,248 - INFO - Processing 1629750 - 1610612765.0 for 2026 (106/294)
2026-04-10 00:03:10,248 - INFO - Fetching ON Regular Season WOWY stats for Team ID: 1610612765, Player ID: 1629750  2025-26
2026-04-10 00:03:12,181 - INFO - Fetched ON Regular Season WOWY stats for Team ID: 1610612765, Player ID: 1629750 across 2025-26
2026-04-10 00:03:14,184 - INFO - Fetching OFF Regular Season WOWY stats for Team ID: 1610612765, Player ID: 1629750  2025-26
2026-04-10 00:03:16,147 - INFO - Fetched OFF Regular Season WOWY stats for Team ID: 1610612765, Player ID: 1629750 across 2025-26
2026-04-10 00:03:20,945 - INFO - Saved data for player 1629750 to daily_data/2026/1629750.csv
2026-04-10 00:03:20,945 - INFO - Processing 1630162 - 1610612750.0 for 2026 (107/294)
2026-04-10 00:03:20,946 - INFO - Fetching ON Regular Season WOWY stats for Team ID: 1610612750, Player ID: 1630162  2025-26
2026-04-10 00:03:22,034 - INFO - Fetched ON Regular Season WOWY stats for Team ID: 1610612750, Player ID: 1630162 across 2025-26
2026-04-10 00:03:24,036 - INFO - Fetching OFF Regular Season WOWY stats for Team ID: 1610612750, Player ID: 1630162  2025-26
2026-04-10 00:03:24,225 - INFO - Fetched OFF Regular Season WOWY stats for Team ID: 1610612750, Player ID: 1630162 across 2025-26
2026-04-10 00:03:28,546 - INFO - Saved data for player 1630162 to daily_data/2026/1630162.csv
2026-04-10 00:03:28,547 - INFO - Processing 1630166 - 1610612757.0 for 2026 (108/294)
2026-04-10 00:03:28,547 - INFO - Fetching ON Regular Season WOWY stats for Team ID: 1610612757, Player ID: 1630166  2025-26
2026-04-10 00:03:31,428 - INFO - Fetched ON Regular Season WOWY stats for Team ID: 1610612757, Player ID: 1630166 across 2025-26
2026-04-10 00:03:33,431 - INFO - Fetching OFF Regular Season WOWY stats for Team ID: 1610612757, Player ID: 1630166  2025-26
2026-04-10 00:03:34,864 - INFO - Fetched OFF Regular Season WOWY stats for Team ID: 1610612757, Player ID: 1630166 across 2025-26
2026-04-10 00:03:39,614 - INFO - Saved data for player 1630166 to daily_data/2026/1630166.csv
2026-04-10 00:03:39,615 - INFO - Processing 1630168 - 1610612737.0 for 2026 (109/294)
2026-04-10 00:03:39,615 - INFO - Fetching ON Regular Season WOWY stats for Team ID: 1610612737, Player ID: 1630168  2025-26
2026-04-10 00:03:39,802 - INFO - Fetched ON Regular Season WOWY stats for Team ID: 1610612737, Player ID: 1630168 across 2025-26
2026-04-10 00:03:41,804 - INFO - Fetching OFF Regular Season WOWY stats for Team ID: 1610612737, Player ID: 1630168  2025-26
2026-04-10 00:03:43,197 - INFO - Fetched OFF Regular Season WOWY stats for Team ID: 1610612737, Player ID: 1630168 across 2025-26
2026-04-10 00:03:47,590 - INFO - Saved data for player 1630168 to daily_data/2026/1630168.csv
2026-04-10 00:03:47,591 - INFO - Processing 1630170 - 1610612759.0 for 2026 (110/294)
2026-04-10 00:03:47,591 - INFO - Fetching ON Regular Season WOWY stats for Team ID: 1610612759, Player ID: 1630170  2025-26
2026-04-10 00:03:48,676 - INFO - Fetched ON Regular Season WOWY stats for Team ID: 1610612759, Player ID: 1630170 across 2025-26
2026-04-10 00:03:50,678 - INFO - Fetching OFF Regular Season WOWY stats for Team ID: 1610612759, Player ID: 1630170  2025-26
2026-04-10 00:03:51,946 - INFO - Fetched OFF Regular Season WOWY stats for Team ID: 1610612759, Player ID: 1630170 across 2025-26
2026-04-10 00:03:56,161 - INFO - Saved data for player 1630170 to daily_data/2026/1630170.csv
2026-04-10 00:03:56,161 - INFO - Progress: 110/294 players processed (37.4%)
2026-04-10 00:03:56,162 - INFO - Processing 1630175 - 1610612749.0 for 2026 (111/294)
2026-04-10 00:03:56,162 - INFO - Fetching ON Regular Season WOWY stats for Team ID: 1610612749, Player ID: 1630175  2025-26
2026-04-10 00:03:57,769 - INFO - Fetched ON Regular Season WOWY stats for Team ID: 1610612749, Player ID: 1630175 across 2025-26
2026-04-10 00:03:59,771 - INFO - Fetching OFF Regular Season WOWY stats for Team ID: 1610612749, Player ID: 1630175  2025-26
2026-04-10 00:04:01,385 - INFO - Fetched OFF Regular Season WOWY stats for Team ID: 1610612749, Player ID: 1630175 across 2025-26
2026-04-10 00:04:05,726 - INFO - Saved data for player 1630175 to daily_data/2026/1630175.csv
2026-04-10 00:04:05,727 - INFO - Processing 1630183 - 1610612750.0 for 2026 (112/294)
2026-04-10 00:04:05,727 - INFO - Fetching ON Regular Season WOWY stats for Team ID: 1610612750, Player ID: 1630183  2025-26
2026-04-10 00:04:07,024 - INFO - Fetched ON Regular Season WOWY stats for Team ID: 1610612750, Player ID: 1630183 across 2025-26
2026-04-10 00:04:09,027 - INFO - Fetching OFF Regular Season WOWY stats for Team ID: 1610612750, Player ID: 1630183  2025-26
2026-04-10 00:04:09,220 - INFO - Fetched OFF Regular Season WOWY stats for Team ID: 1610612750, Player ID: 1630183 across 2025-26
2026-04-10 00:04:14,254 - INFO - Saved data for player 1630183 to daily_data/2026/1630183.csv
2026-04-10 00:04:14,255 - INFO - Processing 1630191 - 1610612765.0 for 2026 (113/294)
2026-04-10 00:04:14,255 - INFO - Fetching ON Regular Season WOWY stats for Team ID: 1610612765, Player ID: 1630191  2025-26
2026-04-10 00:04:15,237 - INFO - Fetched ON Regular Season WOWY stats for Team ID: 1610612765, Player ID: 1630191 across 2025-26
2026-04-10 00:04:17,238 - INFO - Fetching OFF Regular Season WOWY stats for Team ID: 1610612765, Player ID: 1630191  2025-26
2026-04-10 00:04:18,571 - INFO - Fetched OFF Regular Season WOWY stats for Team ID: 1610612765, Player ID: 1630191 across 2025-26
2026-04-10 00:04:23,075 - INFO - Saved data for player 1630191 to daily_data/2026/1630191.csv
2026-04-10 00:04:23,076 - INFO - Processing 1630192 - 1610612743.0 for 2026 (114/294)
2026-04-10 00:04:23,076 - INFO - Fetching ON Regular Season WOWY stats for Team ID: 1610612743, Player ID: 1630192  2025-26
2026-04-10 00:04:23,250 - INFO - Fetched ON Regular Season WOWY stats for Team ID: 1610612743, Player ID: 1630192 across 2025-26
2026-04-10 00:04:25,252 - INFO - Fetching OFF Regular Season WOWY stats for Team ID: 1610612743, Player ID: 1630192  2025-26
2026-04-10 00:04:26,823 - INFO - Fetched OFF Regular Season WOWY stats for Team ID: 1610612743, Player ID: 1630192 across 2025-26
2026-04-10 00:04:31,116 - INFO - Saved data for player 1630192 to daily_data/2026/1630192.csv
2026-04-10 00:04:31,117 - INFO - Processing 1630194 - 1610612765.0 for 2026 (115/294)
2026-04-10 00:04:31,117 - INFO - Fetching ON Regular Season WOWY stats for Team ID: 1610612765, Player ID: 1630194  2025-26
2026-04-10 00:04:32,252 - INFO - Fetched ON Regular Season WOWY stats for Team ID: 1610612765, Player ID: 1630194 across 2025-26
2026-04-10 00:04:34,255 - INFO - Fetching OFF Regular Season WOWY stats for Team ID: 1610612765, Player ID: 1630194  2025-26
2026-04-10 00:04:35,686 - INFO - Fetched OFF Regular Season WOWY stats for Team ID: 1610612765, Player ID: 1630194 across 2025-26
2026-04-10 00:04:39,975 - INFO - Saved data for player 1630194 to daily_data/2026/1630194.csv
2026-04-10 00:04:39,976 - INFO - Processing 1630198 - 1610612760.0 for 2026 (116/294)
2026-04-10 00:04:39,976 - INFO - Fetching ON Regular Season WOWY stats for Team ID: 1610612760, Player ID: 1630198  2025-26
2026-04-10 00:04:41,030 - INFO - Fetched ON Regular Season WOWY stats for Team ID: 1610612760, Player ID: 1630198 across 2025-26
2026-04-10 00:04:43,033 - INFO - Fetching OFF Regular Season WOWY stats for Team ID: 1610612760, Player ID: 1630198  2025-26
2026-04-10 00:04:44,384 - INFO - Fetched OFF Regular Season WOWY stats for Team ID: 1610612760, Player ID: 1630198 across 2025-26
2026-04-10 00:04:49,335 - INFO - Saved data for player 1630198 to daily_data/2026/1630198.csv
2026-04-10 00:04:49,335 - INFO - Processing 1630208 - 1610612756.0 for 2026 (117/294)
2026-04-10 00:04:49,335 - INFO - Fetching ON Regular Season WOWY stats for Team ID: 1610612756, Player ID: 1630208  2025-26
2026-04-10 00:04:49,494 - INFO - Fetched ON Regular Season WOWY stats for Team ID: 1610612756, Player ID: 1630208 across 2025-26
2026-04-10 00:04:51,496 - INFO - Fetching OFF Regular Season WOWY stats for Team ID: 1610612756, Player ID: 1630208  2025-26
2026-04-10 00:04:54,011 - INFO - Fetched OFF Regular Season WOWY stats for Team ID: 1610612756, Player ID: 1630208 across 2025-26
2026-04-10 00:04:58,636 - INFO - Saved data for player 1630208 to daily_data/2026/1630208.csv
2026-04-10 00:04:58,637 - INFO - Processing 1630217 - 1610612753.0 for 2026 (118/294)
2026-04-10 00:04:58,637 - INFO - Fetching ON Regular Season WOWY stats for Team ID: 1610612753, Player ID: 1630217  2025-26
2026-04-10 00:04:59,800 - INFO - Fetched ON Regular Season WOWY stats for Team ID: 1610612753, Player ID: 1630217 across 2025-26
2026-04-10 00:05:01,802 - INFO - Fetching OFF Regular Season WOWY stats for Team ID: 1610612753, Player ID: 1630217  2025-26
2026-04-10 00:05:03,260 - INFO - Fetched OFF Regular Season WOWY stats for Team ID: 1610612753, Player ID: 1630217 across 2025-26
2026-04-10 00:05:08,013 - INFO - Saved data for player 1630217 to daily_data/2026/1630217.csv
2026-04-10 00:05:08,014 - INFO - Processing 1630224 - 1610612756.0 for 2026 (119/294)
2026-04-10 00:05:08,014 - INFO - Fetching ON Regular Season WOWY stats for Team ID: 1610612756, Player ID: 1630224  2025-26
2026-04-10 00:05:08,952 - INFO - Fetched ON Regular Season WOWY stats for Team ID: 1610612756, Player ID: 1630224 across 2025-26
2026-04-10 00:05:10,954 - INFO - Fetching OFF Regular Season WOWY stats for Team ID: 1610612756, Player ID: 1630224  2025-26
2026-04-10 00:05:11,146 - INFO - Fetched OFF Regular Season WOWY stats for Team ID: 1610612756, Player ID: 1630224 across 2025-26
2026-04-10 00:05:15,662 - INFO - Saved data for player 1630224 to daily_data/2026/1630224.csv
2026-04-10 00:05:15,663 - INFO - Processing 1630228 - 1610612737.0 for 2026 (120/294)
2026-04-10 00:05:15,663 - INFO - Fetching ON Regular Season WOWY stats for Team ID: 1610612737, Player ID: 1630228  2025-26
2026-04-10 00:05:23,745 - WARNING - Request failed: 500 Server Error: Internal Server Error for url: https://api.pbpstats.com/get-wowy-stats/nba?0Exactly1OnFloor=1630228&TeamId=1610612737&Season=2025-26&SeasonType=Regular+Season&Type=Player. Retrying in 2.69 seconds (attempt 1/3)
2026-04-10 00:05:27,302 - INFO - Fetched ON Regular Season WOWY stats for Team ID: 1610612737, Player ID: 1630228 across 2025-26
2026-04-10 00:05:29,304 - INFO - Fetching OFF Regular Season WOWY stats for Team ID: 1610612737, Player ID: 1630228  2025-26
2026-04-10 00:05:30,861 - INFO - Fetched OFF Regular Season WOWY stats for Team ID: 1610612737, Player ID: 1630228 across 2025-26
2026-04-10 00:05:35,843 - INFO - Saved data for player 1630228 to daily_data/2026/1630228.csv
2026-04-10 00:05:35,843 - INFO - Progress: 120/294 players processed (40.8%)
2026-04-10 00:05:35,844 - INFO - Processing 1630230 - 1610612742.0 for 2026 (121/294)
2026-04-10 00:05:35,844 - INFO - Fetching ON Regular Season WOWY stats for Team ID: 1610612742, Player ID: 1630230  2025-26
2026-04-10 00:06:03,949 - WARNING - Request failed: 500 Server Error: Internal Server Error for url: https://api.pbpstats.com/get-wowy-stats/nba?0Exactly1OnFloor=1630230&TeamId=1610612742&Season=2025-26&SeasonType=Regular+Season&Type=Player. Retrying in 2.83 seconds (attempt 1/3)
2026-04-10 00:06:08,441 - INFO - Fetched ON Regular Season WOWY stats for Team ID: 1610612742, Player ID: 1630230 across 2025-26
2026-04-10 00:06:10,443 - INFO - Fetching OFF Regular Season WOWY stats for Team ID: 1610612742, Player ID: 1630230  2025-26
2026-04-10 00:06:12,158 - INFO - Fetched OFF Regular Season WOWY stats for Team ID: 1610612742, Player ID: 1630230 across 2025-26
2026-04-10 00:06:16,955 - INFO - Saved data for player 1630230 to daily_data/2026/1630230.csv
2026-04-10 00:06:16,956 - INFO - Processing 1630241 - 1610612739.0 for 2026 (122/294)
2026-04-10 00:06:16,956 - INFO - Fetching ON Regular Season WOWY stats for Team ID: 1610612739, Player ID: 1630241  2025-26
2026-04-10 00:06:18,016 - INFO - Fetched ON Regular Season WOWY stats for Team ID: 1610612739, Player ID: 1630241 across 2025-26
2026-04-10 00:06:20,018 - INFO - Fetching OFF Regular Season WOWY stats for Team ID: 1610612739, Player ID: 1630241  2025-26
2026-04-10 00:06:24,251 - INFO - Fetched OFF Regular Season WOWY stats for Team ID: 1610612739, Player ID: 1630241 across 2025-26
2026-04-10 00:06:28,571 - INFO - Saved data for player 1630241 to daily_data/2026/1630241.csv
2026-04-10 00:06:28,572 - INFO - Processing 1630245 - 1610612750.0 for 2026 (123/294)
2026-04-10 00:06:28,572 - INFO - Fetching ON Regular Season WOWY stats for Team ID: 1610612750, Player ID: 1630245  2025-26
2026-04-10 00:06:31,146 - INFO - Fetched ON Regular Season WOWY stats for Team ID: 1610612750, Player ID: 1630245 across 2025-26
2026-04-10 00:06:33,148 - INFO - Fetching OFF Regular Season WOWY stats for Team ID: 1610612750, Player ID: 1630245  2025-26
2026-04-10 00:06:36,238 - INFO - Fetched OFF Regular Season WOWY stats for Team ID: 1610612750, Player ID: 1630245 across 2025-26
2026-04-10 00:06:40,498 - INFO - Saved data for player 1630245 to daily_data/2026/1630245.csv
2026-04-10 00:06:40,499 - INFO - Processing 1630249 - 1610612737.0 for 2026 (124/294)
2026-04-10 00:06:40,499 - INFO - Fetching ON Regular Season WOWY stats for Team ID: 1610612737, Player ID: 1630249  2025-26
2026-04-10 00:07:06,611 - WARNING - Request failed: 500 Server Error: Internal Server Error for url: https://api.pbpstats.com/get-wowy-stats/nba?0Exactly1OnFloor=1630249&TeamId=1610612737&Season=2025-26&SeasonType=Regular+Season&Type=Player. Retrying in 2.27 seconds (attempt 1/3)
2026-04-10 00:07:09,854 - INFO - Fetched ON Regular Season WOWY stats for Team ID: 1610612737, Player ID: 1630249 across 2025-26
2026-04-10 00:07:11,856 - INFO - Fetching OFF Regular Season WOWY stats for Team ID: 1610612737, Player ID: 1630249  2025-26
2026-04-10 00:07:13,597 - INFO - Fetched OFF Regular Season WOWY stats for Team ID: 1610612737, Player ID: 1630249 across 2025-26
2026-04-10 00:07:17,909 - INFO - Processing 1630249 - 1610612757.0 for 2026 (124/294)
2026-04-10 00:07:17,909 - INFO - Fetching ON Regular Season WOWY stats for Team ID: 1610612757, Player ID: 1630249  2025-26
2026-04-10 00:07:18,101 - INFO - Fetched ON Regular Season WOWY stats for Team ID: 1610612757, Player ID: 1630249 across 2025-26
2026-04-10 00:07:20,103 - INFO - Fetching OFF Regular Season WOWY stats for Team ID: 1610612757, Player ID: 1630249  2025-26
2026-04-10 00:07:50,149 - WARNING - Request failed: HTTPSConnectionPool(host='api.pbpstats.com', port=443): Read timed out. (read timeout=30). Retrying in 2.70 seconds (attempt 1/3)
2026-04-10 00:07:53,035 - INFO - Fetched OFF Regular Season WOWY stats for Team ID: 1610612757, Player ID: 1630249 across 2025-26
2026-04-10 00:07:57,824 - INFO - Saved data for player 1630249 to daily_data/2026/1630249.csv
2026-04-10 00:07:57,825 - INFO - Processing 1630314 - 1610612742.0 for 2026 (125/294)
2026-04-10 00:07:57,825 - INFO - Fetching ON Regular Season WOWY stats for Team ID: 1610612742, Player ID: 1630314  2025-26
2026-04-10 00:07:59,029 - INFO - Fetched ON Regular Season WOWY stats for Team ID: 1610612742, Player ID: 1630314 across 2025-26
2026-04-10 00:08:01,031 - INFO - Fetching OFF Regular Season WOWY stats for Team ID: 1610612742, Player ID: 1630314  2025-26
2026-04-10 00:08:01,247 - INFO - Fetched OFF Regular Season WOWY stats for Team ID: 1610612742, Player ID: 1630314 across 2025-26
2026-04-10 00:08:05,411 - INFO - Saved data for player 1630314 to daily_data/2026/1630314.csv
2026-04-10 00:08:05,411 - INFO - Processing 1630322 - 1610612759.0 for 2026 (126/294)
2026-04-10 00:08:05,411 - INFO - Fetching ON Regular Season WOWY stats for Team ID: 1610612759, Player ID: 1630322  2025-26
2026-04-10 00:08:06,586 - INFO - Fetched ON Regular Season WOWY stats for Team ID: 1610612759, Player ID: 1630322 across 2025-26
2026-04-10 00:08:08,588 - INFO - Fetching OFF Regular Season WOWY stats for Team ID: 1610612759, Player ID: 1630322  2025-26
2026-04-10 00:08:09,925 - INFO - Fetched OFF Regular Season WOWY stats for Team ID: 1610612759, Player ID: 1630322 across 2025-26
2026-04-10 00:08:14,406 - INFO - Saved data for player 1630322 to daily_data/2026/1630322.csv
2026-04-10 00:08:14,407 - INFO - Processing 1630526 - 1610612742.0 for 2026 (127/294)
2026-04-10 00:08:14,407 - INFO - Fetching ON Regular Season WOWY stats for Team ID: 1610612742, Player ID: 1630526  2025-26
2026-04-10 00:08:15,047 - INFO - Fetched ON Regular Season WOWY stats for Team ID: 1610612742, Player ID: 1630526 across 2025-26
2026-04-10 00:08:17,050 - INFO - Fetching OFF Regular Season WOWY stats for Team ID: 1610612742, Player ID: 1630526  2025-26
2026-04-10 00:08:19,271 - INFO - Fetched OFF Regular Season WOWY stats for Team ID: 1610612742, Player ID: 1630526 across 2025-26
2026-04-10 00:08:23,577 - INFO - Saved data for player 1630526 to daily_data/2026/1630526.csv
2026-04-10 00:08:23,578 - INFO - Processing 1630532 - 1610612753.0 for 2026 (128/294)
2026-04-10 00:08:23,578 - INFO - Fetching ON Regular Season WOWY stats for Team ID: 1610612753, Player ID: 1630532  2025-26
2026-04-10 00:08:24,445 - INFO - Fetched ON Regular Season WOWY stats for Team ID: 1610612753, Player ID: 1630532 across 2025-26
2026-04-10 00:08:26,448 - INFO - Fetching OFF Regular Season WOWY stats for Team ID: 1610612753, Player ID: 1630532  2025-26
2026-04-10 00:08:26,638 - INFO - Fetched OFF Regular Season WOWY stats for Team ID: 1610612753, Player ID: 1630532 across 2025-26
2026-04-10 00:08:30,984 - INFO - Saved data for player 1630532 to daily_data/2026/1630532.csv
2026-04-10 00:08:30,985 - INFO - Processing 1630538 - 1610612750.0 for 2026 (129/294)
2026-04-10 00:08:30,985 - INFO - Fetching ON Regular Season WOWY stats for Team ID: 1610612750, Player ID: 1630538  2025-26
2026-04-10 00:08:31,963 - INFO - Fetched ON Regular Season WOWY stats for Team ID: 1610612750, Player ID: 1630538 across 2025-26
2026-04-10 00:08:33,965 - INFO - Fetching OFF Regular Season WOWY stats for Team ID: 1610612750, Player ID: 1630538  2025-26
2026-04-10 00:08:35,003 - INFO - Fetched OFF Regular Season WOWY stats for Team ID: 1610612750, Player ID: 1630538 across 2025-26
2026-04-10 00:08:39,801 - INFO - Saved data for player 1630538 to daily_data/2026/1630538.csv
2026-04-10 00:08:39,802 - INFO - Processing 1630543 - 1610612746.0 for 2026 (130/294)
2026-04-10 00:08:39,802 - INFO - Fetching ON Regular Season WOWY stats for Team ID: 1610612746, Player ID: 1630543  2025-26
2026-04-10 00:08:41,121 - INFO - Fetched ON Regular Season WOWY stats for Team ID: 1610612746, Player ID: 1630543 across 2025-26
2026-04-10 00:08:43,124 - INFO - Fetching OFF Regular Season WOWY stats for Team ID: 1610612746, Player ID: 1630543  2025-26
2026-04-10 00:09:05,221 - WARNING - Request failed: 500 Server Error: Internal Server Error for url: https://api.pbpstats.com/get-wowy-stats/nba?0Exactly0OnFloor=1630543&TeamId=1610612746&Season=2025-26&SeasonType=Regular+Season&Type=Player. Retrying in 2.17 seconds (attempt 1/3)
2026-04-10 00:09:07,703 - INFO - Fetched OFF Regular Season WOWY stats for Team ID: 1610612746, Player ID: 1630543 across 2025-26
2026-04-10 00:09:11,901 - INFO - Saved data for player 1630543 to daily_data/2026/1630543.csv
2026-04-10 00:09:11,901 - INFO - Progress: 130/294 players processed (44.2%)
2026-04-10 00:09:11,901 - INFO - Processing 1630545 - 1610612750.0 for 2026 (131/294)
2026-04-10 00:09:11,901 - INFO - Fetching ON Regular Season WOWY stats for Team ID: 1610612750, Player ID: 1630545  2025-26
2026-04-10 00:09:16,307 - INFO - Fetched ON Regular Season WOWY stats for Team ID: 1610612750, Player ID: 1630545 across 2025-26
2026-04-10 00:09:18,309 - INFO - Fetching OFF Regular Season WOWY stats for Team ID: 1610612750, Player ID: 1630545  2025-26
2026-04-10 00:09:18,738 - INFO - Fetched OFF Regular Season WOWY stats for Team ID: 1610612750, Player ID: 1630545 across 2025-26
2026-04-10 00:09:22,834 - INFO - Saved data for player 1630545 to daily_data/2026/1630545.csv
2026-04-10 00:09:22,835 - INFO - Processing 1630548 - 1610612750.0 for 2026 (132/294)
2026-04-10 00:09:22,835 - INFO - Fetching ON Regular Season WOWY stats for Team ID: 1610612750, Player ID: 1630548  2025-26
2026-04-10 00:09:23,097 - INFO - Fetched ON Regular Season WOWY stats for Team ID: 1610612750, Player ID: 1630548 across 2025-26
2026-04-10 00:09:25,099 - INFO - Fetching OFF Regular Season WOWY stats for Team ID: 1610612750, Player ID: 1630548  2025-26
2026-04-10 00:09:25,544 - INFO - Fetched OFF Regular Season WOWY stats for Team ID: 1610612750, Player ID: 1630548 across 2025-26
2026-04-10 00:09:29,896 - INFO - Saved data for player 1630548 to daily_data/2026/1630548.csv
2026-04-10 00:09:29,897 - INFO - Processing 1630552 - 1610612737.0 for 2026 (133/294)
2026-04-10 00:09:29,897 - INFO - Fetching ON Regular Season WOWY stats for Team ID: 1610612737, Player ID: 1630552  2025-26
2026-04-10 00:09:32,799 - INFO - Fetched ON Regular Season WOWY stats for Team ID: 1610612737, Player ID: 1630552 across 2025-26
2026-04-10 00:09:34,801 - INFO - Fetching OFF Regular Season WOWY stats for Team ID: 1610612737, Player ID: 1630552  2025-26
2026-04-10 00:09:38,395 - INFO - Fetched OFF Regular Season WOWY stats for Team ID: 1610612737, Player ID: 1630552 across 2025-26
2026-04-10 00:09:42,932 - INFO - Saved data for player 1630552 to daily_data/2026/1630552.csv
2026-04-10 00:09:42,932 - INFO - Processing 1630557 - 1610612737.0 for 2026 (134/294)
2026-04-10 00:09:42,932 - INFO - Fetching ON Regular Season WOWY stats for Team ID: 1610612737, Player ID: 1630557  2025-26
2026-04-10 00:09:45,406 - INFO - Fetched ON Regular Season WOWY stats for Team ID: 1610612737, Player ID: 1630557 across 2025-26
2026-04-10 00:09:47,409 - INFO - Fetching OFF Regular Season WOWY stats for Team ID: 1610612737, Player ID: 1630557  2025-26
2026-04-10 00:09:51,691 - INFO - Fetched OFF Regular Season WOWY stats for Team ID: 1610612737, Player ID: 1630557 across 2025-26
2026-04-10 00:09:56,334 - INFO - Saved data for player 1630557 to daily_data/2026/1630557.csv
2026-04-10 00:09:56,334 - INFO - Processing 1630560 - 1610612749.0 for 2026 (135/294)
2026-04-10 00:09:56,335 - INFO - Fetching ON Regular Season WOWY stats for Team ID: 1610612749, Player ID: 1630560  2025-26
2026-04-10 00:09:58,341 - INFO - Fetched ON Regular Season WOWY stats for Team ID: 1610612749, Player ID: 1630560 across 2025-26
2026-04-10 00:10:00,344 - INFO - Fetching OFF Regular Season WOWY stats for Team ID: 1610612749, Player ID: 1630560  2025-26
2026-04-10 00:10:08,046 - INFO - Fetched OFF Regular Season WOWY stats for Team ID: 1610612749, Player ID: 1630560 across 2025-26
2026-04-10 00:10:13,058 - INFO - Saved data for player 1630560 to daily_data/2026/1630560.csv
2026-04-10 00:10:13,059 - INFO - Processing 1630577 - 1610612759.0 for 2026 (136/294)
2026-04-10 00:10:13,059 - INFO - Fetching ON Regular Season WOWY stats for Team ID: 1610612759, Player ID: 1630577  2025-26
2026-04-10 00:10:19,156 - WARNING - Request failed: 500 Server Error: Internal Server Error for url: https://api.pbpstats.com/get-wowy-stats/nba?0Exactly1OnFloor=1630577&TeamId=1610612759&Season=2025-26&SeasonType=Regular+Season&Type=Player. Retrying in 2.16 seconds (attempt 1/3)
2026-04-10 00:10:24,382 - INFO - Fetched ON Regular Season WOWY stats for Team ID: 1610612759, Player ID: 1630577 across 2025-26
2026-04-10 00:10:26,384 - INFO - Fetching OFF Regular Season WOWY stats for Team ID: 1610612759, Player ID: 1630577  2025-26
2026-04-10 00:10:28,859 - INFO - Fetched OFF Regular Season WOWY stats for Team ID: 1610612759, Player ID: 1630577 across 2025-26
2026-04-10 00:10:33,538 - INFO - Saved data for player 1630577 to daily_data/2026/1630577.csv
2026-04-10 00:10:33,539 - INFO - Processing 1630579 - 1610612749.0 for 2026 (137/294)
2026-04-10 00:10:33,539 - INFO - Fetching ON Regular Season WOWY stats for Team ID: 1610612749, Player ID: 1630579  2025-26
2026-04-10 00:10:34,498 - INFO - Fetched ON Regular Season WOWY stats for Team ID: 1610612749, Player ID: 1630579 across 2025-26
2026-04-10 00:10:36,500 - INFO - Fetching OFF Regular Season WOWY stats for Team ID: 1610612749, Player ID: 1630579  2025-26
2026-04-10 00:10:40,583 - INFO - Fetched OFF Regular Season WOWY stats for Team ID: 1610612749, Player ID: 1630579 across 2025-26
2026-04-10 00:10:44,835 - INFO - Saved data for player 1630579 to daily_data/2026/1630579.csv
2026-04-10 00:10:44,836 - INFO - Processing 1630583 - 1610612763.0 for 2026 (138/294)
2026-04-10 00:10:44,836 - INFO - Fetching ON Regular Season WOWY stats for Team ID: 1610612763, Player ID: 1630583  2025-26
2026-04-10 00:10:45,251 - INFO - Fetched ON Regular Season WOWY stats for Team ID: 1610612763, Player ID: 1630583 across 2025-26
2026-04-10 00:10:47,253 - INFO - Fetching OFF Regular Season WOWY stats for Team ID: 1610612763, Player ID: 1630583  2025-26
2026-04-10 00:10:49,363 - WARNING - Request failed: 500 Server Error: Internal Server Error for url: https://api.pbpstats.com/get-wowy-stats/nba?0Exactly0OnFloor=1630583&TeamId=1610612763&Season=2025-26&SeasonType=Regular+Season&Type=Player. Retrying in 2.12 seconds (attempt 1/3)
2026-04-10 00:10:51,785 - INFO - Fetched OFF Regular Season WOWY stats for Team ID: 1610612763, Player ID: 1630583 across 2025-26
2026-04-10 00:10:56,116 - INFO - Saved data for player 1630583 to daily_data/2026/1630583.csv
2026-04-10 00:10:56,117 - INFO - Processing 1630587 - 1610612756.0 for 2026 (139/294)
2026-04-10 00:10:56,117 - INFO - Fetching ON Regular Season WOWY stats for Team ID: 1610612756, Player ID: 1630587  2025-26
2026-04-10 00:10:58,339 - INFO - Fetched ON Regular Season WOWY stats for Team ID: 1610612756, Player ID: 1630587 across 2025-26
2026-04-10 00:11:00,341 - INFO - Fetching OFF Regular Season WOWY stats for Team ID: 1610612756, Player ID: 1630587  2025-26
2026-04-10 00:11:00,770 - INFO - Fetched OFF Regular Season WOWY stats for Team ID: 1610612756, Player ID: 1630587 across 2025-26
2026-04-10 00:11:05,775 - INFO - Saved data for player 1630587 to daily_data/2026/1630587.csv
2026-04-10 00:11:05,776 - INFO - Processing 1630590 - 1610612763.0 for 2026 (140/294)
2026-04-10 00:11:05,776 - INFO - Fetching ON Regular Season WOWY stats for Team ID: 1610612763, Player ID: 1630590  2025-26
2026-04-10 00:11:06,141 - INFO - Fetched ON Regular Season WOWY stats for Team ID: 1610612763, Player ID: 1630590 across 2025-26
2026-04-10 00:11:08,143 - INFO - Fetching OFF Regular Season WOWY stats for Team ID: 1610612763, Player ID: 1630590  2025-26
2026-04-10 00:11:12,388 - INFO - Fetched OFF Regular Season WOWY stats for Team ID: 1610612763, Player ID: 1630590 across 2025-26
2026-04-10 00:11:16,977 - INFO - Saved data for player 1630590 to daily_data/2026/1630590.csv
2026-04-10 00:11:16,978 - INFO - Progress: 140/294 players processed (47.6%)
2026-04-10 00:11:16,978 - INFO - Processing 1630591 - 1610612753.0 for 2026 (141/294)
2026-04-10 00:11:16,978 - INFO - Fetching ON Regular Season WOWY stats for Team ID: 1610612753, Player ID: 1630591  2025-26
2026-04-10 00:11:19,842 - INFO - Fetched ON Regular Season WOWY stats for Team ID: 1610612753, Player ID: 1630591 across 2025-26
2026-04-10 00:11:21,844 - INFO - Fetching OFF Regular Season WOWY stats for Team ID: 1610612753, Player ID: 1630591  2025-26
2026-04-10 00:11:29,964 - WARNING - Request failed: 500 Server Error: Internal Server Error for url: https://api.pbpstats.com/get-wowy-stats/nba?0Exactly0OnFloor=1630591&TeamId=1610612753&Season=2025-26&SeasonType=Regular+Season&Type=Player. Retrying in 2.73 seconds (attempt 1/3)
2026-04-10 00:11:35,422 - INFO - Fetched OFF Regular Season WOWY stats for Team ID: 1610612753, Player ID: 1630591 across 2025-26
2026-04-10 00:11:40,293 - INFO - Saved data for player 1630591 to daily_data/2026/1630591.csv
2026-04-10 00:11:40,294 - INFO - Processing 1630595 - 1610612765.0 for 2026 (142/294)
2026-04-10 00:11:40,294 - INFO - Fetching ON Regular Season WOWY stats for Team ID: 1610612765, Player ID: 1630595  2025-26
2026-04-10 00:11:58,439 - WARNING - Request failed: 500 Server Error: Internal Server Error for url: https://api.pbpstats.com/get-wowy-stats/nba?0Exactly1OnFloor=1630595&TeamId=1610612765&Season=2025-26&SeasonType=Regular+Season&Type=Player. Retrying in 2.46 seconds (attempt 1/3)
2026-04-10 00:12:21,993 - WARNING - Request failed: 500 Server Error: Internal Server Error for url: https://api.pbpstats.com/get-wowy-stats/nba?0Exactly1OnFloor=1630595&TeamId=1610612765&Season=2025-26&SeasonType=Regular+Season&Type=Player. Retrying in 4.16 seconds (attempt 2/3)
2026-04-10 00:12:26,333 - INFO - Fetched ON Regular Season WOWY stats for Team ID: 1610612765, Player ID: 1630595 across 2025-26
2026-04-10 00:12:28,335 - INFO - Fetching OFF Regular Season WOWY stats for Team ID: 1610612765, Player ID: 1630595  2025-26
2026-04-10 00:12:29,635 - INFO - Fetched OFF Regular Season WOWY stats for Team ID: 1610612765, Player ID: 1630595 across 2025-26
2026-04-10 00:12:33,939 - INFO - Saved data for player 1630595 to daily_data/2026/1630595.csv
2026-04-10 00:12:33,939 - INFO - Processing 1630596 - 1610612739.0 for 2026 (143/294)
2026-04-10 00:12:33,940 - INFO - Fetching ON Regular Season WOWY stats for Team ID: 1610612739, Player ID: 1630596  2025-26
2026-04-10 00:12:34,151 - INFO - Fetched ON Regular Season WOWY stats for Team ID: 1610612739, Player ID: 1630596 across 2025-26
2026-04-10 00:12:36,153 - INFO - Fetching OFF Regular Season WOWY stats for Team ID: 1610612739, Player ID: 1630596  2025-26
2026-04-10 00:12:37,517 - INFO - Fetched OFF Regular Season WOWY stats for Team ID: 1610612739, Player ID: 1630596 across 2025-26
2026-04-10 00:12:42,027 - INFO - Saved data for player 1630596 to daily_data/2026/1630596.csv
2026-04-10 00:12:42,028 - INFO - Processing 1630598 - 1610612760.0 for 2026 (144/294)
2026-04-10 00:12:42,028 - INFO - Fetching ON Regular Season WOWY stats for Team ID: 1610612760, Player ID: 1630598  2025-26
2026-04-10 00:12:43,373 - INFO - Fetched ON Regular Season WOWY stats for Team ID: 1610612760, Player ID: 1630598 across 2025-26
2026-04-10 00:12:45,375 - INFO - Fetching OFF Regular Season WOWY stats for Team ID: 1610612760, Player ID: 1630598  2025-26
2026-04-10 00:12:47,229 - INFO - Fetched OFF Regular Season WOWY stats for Team ID: 1610612760, Player ID: 1630598 across 2025-26
2026-04-10 00:12:52,173 - INFO - Saved data for player 1630598 to daily_data/2026/1630598.csv
2026-04-10 00:12:52,173 - INFO - Processing 1630610 - 1610612763.0 for 2026 (145/294)
2026-04-10 00:12:52,174 - INFO - Fetching ON Regular Season WOWY stats for Team ID: 1610612763, Player ID: 1630610  2025-26
2026-04-10 00:12:53,014 - INFO - Fetched ON Regular Season WOWY stats for Team ID: 1610612763, Player ID: 1630610 across 2025-26
2026-04-10 00:12:55,017 - INFO - Fetching OFF Regular Season WOWY stats for Team ID: 1610612763, Player ID: 1630610  2025-26
2026-04-10 00:12:55,336 - INFO - Fetched OFF Regular Season WOWY stats for Team ID: 1610612763, Player ID: 1630610 across 2025-26
2026-04-10 00:12:59,892 - INFO - Saved data for player 1630610 to daily_data/2026/1630610.csv
2026-04-10 00:12:59,892 - INFO - Processing 1630619 - 1610612742.0 for 2026 (146/294)
2026-04-10 00:12:59,892 - INFO - Fetching ON Regular Season WOWY stats for Team ID: 1610612742, Player ID: 1630619  2025-26
2026-04-10 00:13:00,941 - INFO - Fetched ON Regular Season WOWY stats for Team ID: 1610612742, Player ID: 1630619 across 2025-26
2026-04-10 00:13:02,943 - INFO - Fetching OFF Regular Season WOWY stats for Team ID: 1610612742, Player ID: 1630619  2025-26
2026-04-10 00:13:03,170 - INFO - Fetched OFF Regular Season WOWY stats for Team ID: 1610612742, Player ID: 1630619 across 2025-26
2026-04-10 00:13:07,351 - INFO - Saved data for player 1630619 to daily_data/2026/1630619.csv
2026-04-10 00:13:07,352 - INFO - Processing 1630625 - 1610612746.0 for 2026 (147/294)
2026-04-10 00:13:07,352 - INFO - Fetching ON Regular Season WOWY stats for Team ID: 1610612746, Player ID: 1630625  2025-26
2026-04-10 00:13:07,996 - INFO - Fetched ON Regular Season WOWY stats for Team ID: 1610612746, Player ID: 1630625 across 2025-26
2026-04-10 00:13:09,999 - INFO - Fetching OFF Regular Season WOWY stats for Team ID: 1610612746, Player ID: 1630625  2025-26
2026-04-10 00:13:10,312 - INFO - Fetched OFF Regular Season WOWY stats for Team ID: 1610612746, Player ID: 1630625 across 2025-26
2026-04-10 00:13:15,303 - INFO - Saved data for player 1630625 to daily_data/2026/1630625.csv
2026-04-10 00:13:15,304 - INFO - Processing 1630649 - 1610612759.0 for 2026 (148/294)
2026-04-10 00:13:15,304 - INFO - Fetching ON Regular Season WOWY stats for Team ID: 1610612759, Player ID: 1630649  2025-26
2026-04-10 00:13:15,894 - INFO - Fetched ON Regular Season WOWY stats for Team ID: 1610612759, Player ID: 1630649 across 2025-26
2026-04-10 00:13:17,896 - INFO - Fetching OFF Regular Season WOWY stats for Team ID: 1610612759, Player ID: 1630649  2025-26
2026-04-10 00:13:24,425 - INFO - Fetched OFF Regular Season WOWY stats for Team ID: 1610612759, Player ID: 1630649 across 2025-26
2026-04-10 00:13:29,356 - INFO - Saved data for player 1630649 to daily_data/2026/1630649.csv
2026-04-10 00:13:29,357 - INFO - Processing 1630658 - 1610612753.0 for 2026 (149/294)
2026-04-10 00:13:29,357 - INFO - Fetching ON Regular Season WOWY stats for Team ID: 1610612753, Player ID: 1630658  2025-26
2026-04-10 00:13:29,875 - INFO - Fetched ON Regular Season WOWY stats for Team ID: 1610612753, Player ID: 1630658 across 2025-26
2026-04-10 00:13:31,877 - INFO - Fetching OFF Regular Season WOWY stats for Team ID: 1610612753, Player ID: 1630658  2025-26
2026-04-10 00:13:57,576 - INFO - Fetched OFF Regular Season WOWY stats for Team ID: 1610612753, Player ID: 1630658 across 2025-26
2026-04-10 00:14:02,328 - INFO - Saved data for player 1630658 to daily_data/2026/1630658.csv
2026-04-10 00:14:02,328 - INFO - Processing 1630692 - 1610612756.0 for 2026 (150/294)
2026-04-10 00:14:02,328 - INFO - Fetching ON Regular Season WOWY stats for Team ID: 1610612756, Player ID: 1630692  2025-26
2026-04-10 00:14:20,456 - WARNING - Request failed: 500 Server Error: Internal Server Error for url: https://api.pbpstats.com/get-wowy-stats/nba?0Exactly1OnFloor=1630692&TeamId=1610612756&Season=2025-26&SeasonType=Regular+Season&Type=Player. Retrying in 2.82 seconds (attempt 1/3)
2026-04-10 00:14:24,555 - INFO - Fetched ON Regular Season WOWY stats for Team ID: 1610612756, Player ID: 1630692 across 2025-26
2026-04-10 00:14:26,557 - INFO - Fetching OFF Regular Season WOWY stats for Team ID: 1610612756, Player ID: 1630692  2025-26
2026-04-10 00:14:26,739 - INFO - Fetched OFF Regular Season WOWY stats for Team ID: 1610612756, Player ID: 1630692 across 2025-26
2026-04-10 00:14:31,673 - INFO - Saved data for player 1630692 to daily_data/2026/1630692.csv
2026-04-10 00:14:31,673 - INFO - Progress: 150/294 players processed (51.0%)
2026-04-10 00:14:31,674 - INFO - Processing 1630700 - 1610612737.0 for 2026 (151/294)
2026-04-10 00:14:31,674 - INFO - Fetching ON Regular Season WOWY stats for Team ID: 1610612737, Player ID: 1630700  2025-26
2026-04-10 00:14:33,009 - INFO - Fetched ON Regular Season WOWY stats for Team ID: 1610612737, Player ID: 1630700 across 2025-26
2026-04-10 00:14:35,011 - INFO - Fetching OFF Regular Season WOWY stats for Team ID: 1610612737, Player ID: 1630700  2025-26
2026-04-10 00:14:36,243 - INFO - Fetched OFF Regular Season WOWY stats for Team ID: 1610612737, Player ID: 1630700 across 2025-26
2026-04-10 00:14:41,017 - INFO - Saved data for player 1630700 to daily_data/2026/1630700.csv
2026-04-10 00:14:41,017 - INFO - Processing 1630702 - 1610612742.0 for 2026 (152/294)
2026-04-10 00:14:41,017 - INFO - Fetching ON Regular Season WOWY stats for Team ID: 1610612742, Player ID: 1630702  2025-26
2026-04-10 00:14:41,994 - INFO - Fetched ON Regular Season WOWY stats for Team ID: 1610612742, Player ID: 1630702 across 2025-26
2026-04-10 00:14:43,996 - INFO - Fetching OFF Regular Season WOWY stats for Team ID: 1610612742, Player ID: 1630702  2025-26
2026-04-10 00:14:46,200 - INFO - Fetched OFF Regular Season WOWY stats for Team ID: 1610612742, Player ID: 1630702 across 2025-26
2026-04-10 00:14:50,754 - INFO - Saved data for player 1630702 to daily_data/2026/1630702.csv
2026-04-10 00:14:50,755 - INFO - Processing 1630703 - 1610612757.0 for 2026 (153/294)
2026-04-10 00:14:50,755 - INFO - Fetching ON Regular Season WOWY stats for Team ID: 1610612757, Player ID: 1630703  2025-26
2026-04-10 00:14:52,015 - INFO - Fetched ON Regular Season WOWY stats for Team ID: 1610612757, Player ID: 1630703 across 2025-26
2026-04-10 00:14:54,018 - INFO - Fetching OFF Regular Season WOWY stats for Team ID: 1610612757, Player ID: 1630703  2025-26
2026-04-10 00:14:54,204 - INFO - Fetched OFF Regular Season WOWY stats for Team ID: 1610612757, Player ID: 1630703 across 2025-26
2026-04-10 00:14:58,841 - INFO - Saved data for player 1630703 to daily_data/2026/1630703.csv
2026-04-10 00:14:58,841 - INFO - Processing 1630811 - 1610612737.0 for 2026 (154/294)
2026-04-10 00:14:58,842 - INFO - Fetching ON Regular Season WOWY stats for Team ID: 1610612737, Player ID: 1630811  2025-26
2026-04-10 00:14:59,713 - INFO - Fetched ON Regular Season WOWY stats for Team ID: 1610612737, Player ID: 1630811 across 2025-26
2026-04-10 00:15:01,715 - INFO - Fetching OFF Regular Season WOWY stats for Team ID: 1610612737, Player ID: 1630811  2025-26
2026-04-10 00:15:03,516 - INFO - Fetched OFF Regular Season WOWY stats for Team ID: 1610612737, Player ID: 1630811 across 2025-26
2026-04-10 00:15:08,007 - INFO - Saved data for player 1630811 to daily_data/2026/1630811.csv
2026-04-10 00:15:08,008 - INFO - Processing 1630828 - 1610612749.0 for 2026 (155/294)
2026-04-10 00:15:08,008 - INFO - Fetching ON Regular Season WOWY stats for Team ID: 1610612749, Player ID: 1630828  2025-26
2026-04-10 00:15:20,098 - WARNING - Request failed: 500 Server Error: Internal Server Error for url: https://api.pbpstats.com/get-wowy-stats/nba?0Exactly1OnFloor=1630828&TeamId=1610612749&Season=2025-26&SeasonType=Regular+Season&Type=Player. Retrying in 2.20 seconds (attempt 1/3)
2026-04-10 00:15:22,959 - INFO - Fetched ON Regular Season WOWY stats for Team ID: 1610612749, Player ID: 1630828 across 2025-26
2026-04-10 00:15:24,961 - INFO - Fetching OFF Regular Season WOWY stats for Team ID: 1610612749, Player ID: 1630828  2025-26
2026-04-10 00:15:26,851 - INFO - Fetched OFF Regular Season WOWY stats for Team ID: 1610612749, Player ID: 1630828 across 2025-26
2026-04-10 00:15:31,011 - INFO - Saved data for player 1630828 to daily_data/2026/1630828.csv
2026-04-10 00:15:31,011 - INFO - Processing 1630846 - 1610612739.0 for 2026 (156/294)
2026-04-10 00:15:31,012 - INFO - Fetching ON Regular Season WOWY stats for Team ID: 1610612739, Player ID: 1630846  2025-26
2026-04-10 00:15:31,636 - INFO - Fetched ON Regular Season WOWY stats for Team ID: 1610612739, Player ID: 1630846 across 2025-26
2026-04-10 00:15:33,639 - INFO - Fetching OFF Regular Season WOWY stats for Team ID: 1610612739, Player ID: 1630846  2025-26
2026-04-10 00:15:37,718 - WARNING - Request failed: 500 Server Error: Internal Server Error for url: https://api.pbpstats.com/get-wowy-stats/nba?0Exactly0OnFloor=1630846&TeamId=1610612739&Season=2025-26&SeasonType=Regular+Season&Type=Player. Retrying in 2.84 seconds (attempt 1/3)
2026-04-10 00:15:42,764 - INFO - Fetched OFF Regular Season WOWY stats for Team ID: 1610612739, Player ID: 1630846 across 2025-26
2026-04-10 00:15:46,832 - INFO - Saved data for player 1630846 to daily_data/2026/1630846.csv
2026-04-10 00:15:46,833 - INFO - Processing 1631093 - 1610612765.0 for 2026 (157/294)
2026-04-10 00:15:46,833 - INFO - Fetching ON Regular Season WOWY stats for Team ID: 1610612765, Player ID: 1631093  2025-26
2026-04-10 00:16:05,198 - INFO - Fetched ON Regular Season WOWY stats for Team ID: 1610612765, Player ID: 1631093 across 2025-26
2026-04-10 00:16:07,200 - INFO - Fetching OFF Regular Season WOWY stats for Team ID: 1610612765, Player ID: 1631093  2025-26
2026-04-10 00:16:07,403 - INFO - Fetched OFF Regular Season WOWY stats for Team ID: 1610612765, Player ID: 1631093 across 2025-26
2026-04-10 00:16:12,112 - INFO - Saved data for player 1631093 to daily_data/2026/1631093.csv
2026-04-10 00:16:12,113 - INFO - Processing 1631094 - 1610612753.0 for 2026 (158/294)
2026-04-10 00:16:12,113 - INFO - Fetching ON Regular Season WOWY stats for Team ID: 1610612753, Player ID: 1631094  2025-26
2026-04-10 00:16:13,259 - INFO - Fetched ON Regular Season WOWY stats for Team ID: 1610612753, Player ID: 1631094 across 2025-26
2026-04-10 00:16:15,261 - INFO - Fetching OFF Regular Season WOWY stats for Team ID: 1610612753, Player ID: 1631094  2025-26
2026-04-10 00:16:16,361 - INFO - Fetched OFF Regular Season WOWY stats for Team ID: 1610612753, Player ID: 1631094 across 2025-26
2026-04-10 00:16:21,378 - INFO - Saved data for player 1631094 to daily_data/2026/1631094.csv
2026-04-10 00:16:21,378 - INFO - Processing 1631096 - 1610612760.0 for 2026 (159/294)
2026-04-10 00:16:21,378 - INFO - Fetching ON Regular Season WOWY stats for Team ID: 1610612760, Player ID: 1631096  2025-26
2026-04-10 00:16:22,563 - INFO - Fetched ON Regular Season WOWY stats for Team ID: 1610612760, Player ID: 1631096 across 2025-26
2026-04-10 00:16:24,565 - INFO - Fetching OFF Regular Season WOWY stats for Team ID: 1610612760, Player ID: 1631096  2025-26
2026-04-10 00:16:26,344 - INFO - Fetched OFF Regular Season WOWY stats for Team ID: 1610612760, Player ID: 1631096 across 2025-26
2026-04-10 00:16:31,034 - INFO - Saved data for player 1631096 to daily_data/2026/1631096.csv
2026-04-10 00:16:31,035 - INFO - Processing 1631097 - 1610612746.0 for 2026 (160/294)
2026-04-10 00:16:31,035 - INFO - Fetching ON Regular Season WOWY stats for Team ID: 1610612746, Player ID: 1631097  2025-26
2026-04-10 00:16:31,237 - INFO - Fetched ON Regular Season WOWY stats for Team ID: 1610612746, Player ID: 1631097 across 2025-26
2026-04-10 00:16:33,239 - INFO - Fetching OFF Regular Season WOWY stats for Team ID: 1610612746, Player ID: 1631097  2025-26
2026-04-10 00:16:41,328 - WARNING - Request failed: 500 Server Error: Internal Server Error for url: https://api.pbpstats.com/get-wowy-stats/nba?0Exactly0OnFloor=1631097&TeamId=1610612746&Season=2025-26&SeasonType=Regular+Season&Type=Player. Retrying in 2.16 seconds (attempt 1/3)
2026-04-10 00:16:43,744 - INFO - Fetched OFF Regular Season WOWY stats for Team ID: 1610612746, Player ID: 1631097 across 2025-26
2026-04-10 00:16:47,941 - INFO - Saved data for player 1631097 to daily_data/2026/1631097.csv
2026-04-10 00:16:47,942 - INFO - Progress: 160/294 players processed (54.4%)
2026-04-10 00:16:47,942 - INFO - Processing 1631101 - 1610612757.0 for 2026 (161/294)
2026-04-10 00:16:47,942 - INFO - Fetching ON Regular Season WOWY stats for Team ID: 1610612757, Player ID: 1631101  2025-26
2026-04-10 00:16:49,127 - INFO - Fetched ON Regular Season WOWY stats for Team ID: 1610612757, Player ID: 1631101 across 2025-26
2026-04-10 00:16:51,130 - INFO - Fetching OFF Regular Season WOWY stats for Team ID: 1610612757, Player ID: 1631101  2025-26
2026-04-10 00:16:51,320 - INFO - Fetched OFF Regular Season WOWY stats for Team ID: 1610612757, Player ID: 1631101 across 2025-26
2026-04-10 00:16:55,464 - INFO - Saved data for player 1631101 to daily_data/2026/1631101.csv
2026-04-10 00:16:55,465 - INFO - Processing 1631102 - 1610612746.0 for 2026 (162/294)
2026-04-10 00:16:55,465 - INFO - Fetching ON Regular Season WOWY stats for Team ID: 1610612746, Player ID: 1631102  2025-26
2026-04-10 00:17:15,569 - WARNING - Request failed: 500 Server Error: Internal Server Error for url: https://api.pbpstats.com/get-wowy-stats/nba?0Exactly1OnFloor=1631102&TeamId=1610612746&Season=2025-26&SeasonType=Regular+Season&Type=Player. Retrying in 2.15 seconds (attempt 1/3)
2026-04-10 00:17:31,811 - WARNING - Request failed: 500 Server Error: Internal Server Error for url: https://api.pbpstats.com/get-wowy-stats/nba?0Exactly1OnFloor=1631102&TeamId=1610612746&Season=2025-26&SeasonType=Regular+Season&Type=Player. Retrying in 4.05 seconds (attempt 2/3)
2026-04-10 00:17:35,998 - INFO - Fetched ON Regular Season WOWY stats for Team ID: 1610612746, Player ID: 1631102 across 2025-26
2026-04-10 00:17:38,000 - INFO - Fetching OFF Regular Season WOWY stats for Team ID: 1610612746, Player ID: 1631102  2025-26
2026-04-10 00:17:38,220 - INFO - Fetched OFF Regular Season WOWY stats for Team ID: 1610612746, Player ID: 1631102 across 2025-26
2026-04-10 00:17:42,640 - INFO - Saved data for player 1631102 to daily_data/2026/1631102.csv
2026-04-10 00:17:42,641 - INFO - Processing 1631104 - 1610612757.0 for 2026 (163/294)
2026-04-10 00:17:42,641 - INFO - Fetching ON Regular Season WOWY stats for Team ID: 1610612757, Player ID: 1631104  2025-26
2026-04-10 00:17:43,988 - INFO - Fetched ON Regular Season WOWY stats for Team ID: 1610612757, Player ID: 1631104 across 2025-26
2026-04-10 00:17:45,991 - INFO - Fetching OFF Regular Season WOWY stats for Team ID: 1610612757, Player ID: 1631104  2025-26
2026-04-10 00:17:47,770 - INFO - Fetched OFF Regular Season WOWY stats for Team ID: 1610612757, Player ID: 1631104 across 2025-26
2026-04-10 00:17:52,581 - INFO - Saved data for player 1631104 to daily_data/2026/1631104.csv
2026-04-10 00:17:52,582 - INFO - Processing 1631105 - 1610612765.0 for 2026 (164/294)
2026-04-10 00:17:52,582 - INFO - Fetching ON Regular Season WOWY stats for Team ID: 1610612765, Player ID: 1631105  2025-26
2026-04-10 00:17:54,309 - INFO - Fetched ON Regular Season WOWY stats for Team ID: 1610612765, Player ID: 1631105 across 2025-26
2026-04-10 00:17:56,311 - INFO - Fetching OFF Regular Season WOWY stats for Team ID: 1610612765, Player ID: 1631105  2025-26
2026-04-10 00:17:57,757 - INFO - Fetched OFF Regular Season WOWY stats for Team ID: 1610612765, Player ID: 1631105 across 2025-26
2026-04-10 00:18:02,161 - INFO - Saved data for player 1631105 to daily_data/2026/1631105.csv
2026-04-10 00:18:02,161 - INFO - Processing 1631108 - 1610612742.0 for 2026 (165/294)
2026-04-10 00:18:02,162 - INFO - Fetching ON Regular Season WOWY stats for Team ID: 1610612742, Player ID: 1631108  2025-26
2026-04-10 00:18:03,665 - INFO - Fetched ON Regular Season WOWY stats for Team ID: 1610612742, Player ID: 1631108 across 2025-26
2026-04-10 00:18:05,667 - INFO - Fetching OFF Regular Season WOWY stats for Team ID: 1610612742, Player ID: 1631108  2025-26
2026-04-10 00:18:05,885 - INFO - Fetched OFF Regular Season WOWY stats for Team ID: 1610612742, Player ID: 1631108 across 2025-26
2026-04-10 00:18:10,932 - INFO - Saved data for player 1631108 to daily_data/2026/1631108.csv
2026-04-10 00:18:10,933 - INFO - Processing 1631109 - 1610612756.0 for 2026 (166/294)
2026-04-10 00:18:10,933 - INFO - Fetching ON Regular Season WOWY stats for Team ID: 1610612756, Player ID: 1631109  2025-26
2026-04-10 00:18:12,110 - INFO - Fetched ON Regular Season WOWY stats for Team ID: 1610612756, Player ID: 1631109 across 2025-26
2026-04-10 00:18:14,112 - INFO - Fetching OFF Regular Season WOWY stats for Team ID: 1610612756, Player ID: 1631109  2025-26
2026-04-10 00:18:15,580 - INFO - Fetched OFF Regular Season WOWY stats for Team ID: 1610612756, Player ID: 1631109 across 2025-26
2026-04-10 00:18:19,932 - INFO - Saved data for player 1631109 to daily_data/2026/1631109.csv
2026-04-10 00:18:19,932 - INFO - Processing 1631110 - 1610612759.0 for 2026 (167/294)
2026-04-10 00:18:19,932 - INFO - Fetching ON Regular Season WOWY stats for Team ID: 1610612759, Player ID: 1631110  2025-26
2026-04-10 00:18:20,880 - INFO - Fetched ON Regular Season WOWY stats for Team ID: 1610612759, Player ID: 1631110 across 2025-26
2026-04-10 00:18:22,882 - INFO - Fetching OFF Regular Season WOWY stats for Team ID: 1610612759, Player ID: 1631110  2025-26
2026-04-10 00:18:24,618 - INFO - Fetched OFF Regular Season WOWY stats for Team ID: 1610612759, Player ID: 1631110 across 2025-26
2026-04-10 00:18:28,848 - INFO - Saved data for player 1631110 to daily_data/2026/1631110.csv
2026-04-10 00:18:28,848 - INFO - Processing 1631111 - 1610612765.0 for 2026 (168/294)
2026-04-10 00:18:28,848 - INFO - Fetching ON Regular Season WOWY stats for Team ID: 1610612765, Player ID: 1631111  2025-26
2026-04-10 00:18:29,545 - INFO - Fetched ON Regular Season WOWY stats for Team ID: 1610612765, Player ID: 1631111 across 2025-26
2026-04-10 00:18:31,547 - INFO - Fetching OFF Regular Season WOWY stats for Team ID: 1610612765, Player ID: 1631111  2025-26
2026-04-10 00:18:33,298 - INFO - Fetched OFF Regular Season WOWY stats for Team ID: 1610612765, Player ID: 1631111 across 2025-26
2026-04-10 00:18:37,918 - INFO - Saved data for player 1631111 to daily_data/2026/1631111.csv
2026-04-10 00:18:37,919 - INFO - Processing 1631114 - 1610612760.0 for 2026 (169/294)
2026-04-10 00:18:37,919 - INFO - Fetching ON Regular Season WOWY stats for Team ID: 1610612760, Player ID: 1631114  2025-26
2026-04-10 00:18:38,841 - INFO - Fetched ON Regular Season WOWY stats for Team ID: 1610612760, Player ID: 1631114 across 2025-26
2026-04-10 00:18:40,843 - INFO - Fetching OFF Regular Season WOWY stats for Team ID: 1610612760, Player ID: 1631114  2025-26
2026-04-10 00:18:41,022 - INFO - Fetched OFF Regular Season WOWY stats for Team ID: 1610612760, Player ID: 1631114 across 2025-26
2026-04-10 00:18:45,472 - INFO - Saved data for player 1631114 to daily_data/2026/1631114.csv
2026-04-10 00:18:45,473 - INFO - Processing 1631115 - 1610612753.0 for 2026 (170/294)
2026-04-10 00:18:45,473 - INFO - Fetching ON Regular Season WOWY stats for Team ID: 1610612753, Player ID: 1631115  2025-26
2026-04-10 00:18:45,579 - INFO - Fetched ON Regular Season WOWY stats for Team ID: 1610612753, Player ID: 1631115 across 2025-26
2026-04-10 00:18:47,582 - INFO - Fetching OFF Regular Season WOWY stats for Team ID: 1610612753, Player ID: 1631115  2025-26
2026-04-10 00:18:47,863 - INFO - Fetched OFF Regular Season WOWY stats for Team ID: 1610612753, Player ID: 1631115 across 2025-26
2026-04-10 00:18:52,745 - INFO - Saved data for player 1631115 to daily_data/2026/1631115.csv
2026-04-10 00:18:52,745 - INFO - Progress: 170/294 players processed (57.8%)
2026-04-10 00:18:52,746 - INFO - Processing 1631116 - 1610612746.0 for 2026 (171/294)
2026-04-10 00:18:52,746 - INFO - Fetching ON Regular Season WOWY stats for Team ID: 1610612746, Player ID: 1631116  2025-26
2026-04-10 00:18:52,838 - INFO - Fetched ON Regular Season WOWY stats for Team ID: 1610612746, Player ID: 1631116 across 2025-26
2026-04-10 00:18:54,841 - INFO - Fetching OFF Regular Season WOWY stats for Team ID: 1610612746, Player ID: 1631116  2025-26
2026-04-10 00:18:56,866 - INFO - Fetched OFF Regular Season WOWY stats for Team ID: 1610612746, Player ID: 1631116 across 2025-26
2026-04-10 00:19:00,949 - INFO - Saved data for player 1631116 to daily_data/2026/1631116.csv
2026-04-10 00:19:00,949 - INFO - Processing 1631119 - 1610612760.0 for 2026 (172/294)
2026-04-10 00:19:00,949 - INFO - Fetching ON Regular Season WOWY stats for Team ID: 1610612760, Player ID: 1631119  2025-26
2026-04-10 00:19:01,131 - INFO - Fetched ON Regular Season WOWY stats for Team ID: 1610612760, Player ID: 1631119 across 2025-26
2026-04-10 00:19:03,133 - INFO - Fetching OFF Regular Season WOWY stats for Team ID: 1610612760, Player ID: 1631119  2025-26
2026-04-10 00:19:04,984 - INFO - Fetched OFF Regular Season WOWY stats for Team ID: 1610612760, Player ID: 1631119 across 2025-26
2026-04-10 00:19:09,728 - INFO - Saved data for player 1631119 to daily_data/2026/1631119.csv
2026-04-10 00:19:09,728 - INFO - Processing 1631123 - 1610612756.0 for 2026 (173/294)
2026-04-10 00:19:09,728 - INFO - Fetching ON Regular Season WOWY stats for Team ID: 1610612756, Player ID: 1631123  2025-26
2026-04-10 00:19:10,731 - INFO - Fetched ON Regular Season WOWY stats for Team ID: 1610612756, Player ID: 1631123 across 2025-26
2026-04-10 00:19:12,734 - INFO - Fetching OFF Regular Season WOWY stats for Team ID: 1610612756, Player ID: 1631123  2025-26
2026-04-10 00:19:12,952 - INFO - Fetched OFF Regular Season WOWY stats for Team ID: 1610612756, Player ID: 1631123 across 2025-26
2026-04-10 00:19:17,132 - INFO - Saved data for player 1631123 to daily_data/2026/1631123.csv
2026-04-10 00:19:17,132 - INFO - Processing 1631124 - 1610612743.0 for 2026 (174/294)
2026-04-10 00:19:17,132 - INFO - Fetching ON Regular Season WOWY stats for Team ID: 1610612743, Player ID: 1631124  2025-26
2026-04-10 00:19:18,033 - INFO - Fetched ON Regular Season WOWY stats for Team ID: 1610612743, Player ID: 1631124 across 2025-26
2026-04-10 00:19:20,036 - INFO - Fetching OFF Regular Season WOWY stats for Team ID: 1610612743, Player ID: 1631124  2025-26
2026-04-10 00:19:21,364 - INFO - Fetched OFF Regular Season WOWY stats for Team ID: 1610612743, Player ID: 1631124 across 2025-26
2026-04-10 00:19:26,164 - INFO - Saved data for player 1631124 to daily_data/2026/1631124.csv
2026-04-10 00:19:26,165 - INFO - Processing 1631126 - 1610612757.0 for 2026 (175/294)
2026-04-10 00:19:26,165 - INFO - Fetching ON Regular Season WOWY stats for Team ID: 1610612757, Player ID: 1631126  2025-26
2026-04-10 00:19:27,136 - INFO - Fetched ON Regular Season WOWY stats for Team ID: 1610612757, Player ID: 1631126 across 2025-26
2026-04-10 00:19:29,138 - INFO - Fetching OFF Regular Season WOWY stats for Team ID: 1610612757, Player ID: 1631126  2025-26
2026-04-10 00:19:30,680 - INFO - Fetched OFF Regular Season WOWY stats for Team ID: 1610612757, Player ID: 1631126 across 2025-26
2026-04-10 00:19:35,585 - INFO - Saved data for player 1631126 to daily_data/2026/1631126.csv
2026-04-10 00:19:35,585 - INFO - Processing 1631127 - 1610612759.0 for 2026 (176/294)
2026-04-10 00:19:35,586 - INFO - Fetching ON Regular Season WOWY stats for Team ID: 1610612759, Player ID: 1631127  2025-26
2026-04-10 00:19:36,114 - INFO - Fetched ON Regular Season WOWY stats for Team ID: 1610612759, Player ID: 1631127 across 2025-26
2026-04-10 00:19:38,116 - INFO - Fetching OFF Regular Season WOWY stats for Team ID: 1610612759, Player ID: 1631127  2025-26
2026-04-10 00:19:39,558 - INFO - Fetched OFF Regular Season WOWY stats for Team ID: 1610612759, Player ID: 1631127 across 2025-26
2026-04-10 00:19:44,191 - INFO - Saved data for player 1631127 to daily_data/2026/1631127.csv
2026-04-10 00:19:44,191 - INFO - Processing 1631128 - 1610612743.0 for 2026 (177/294)
2026-04-10 00:19:44,191 - INFO - Fetching ON Regular Season WOWY stats for Team ID: 1610612743, Player ID: 1631128  2025-26
2026-04-10 00:19:45,172 - INFO - Fetched ON Regular Season WOWY stats for Team ID: 1610612743, Player ID: 1631128 across 2025-26
2026-04-10 00:19:47,174 - INFO - Fetching OFF Regular Season WOWY stats for Team ID: 1610612743, Player ID: 1631128  2025-26
2026-04-10 00:19:47,361 - INFO - Fetched OFF Regular Season WOWY stats for Team ID: 1610612743, Player ID: 1631128 across 2025-26
2026-04-10 00:19:52,314 - INFO - Saved data for player 1631128 to daily_data/2026/1631128.csv
2026-04-10 00:19:52,315 - INFO - Processing 1631132 - 1610612763.0 for 2026 (178/294)
2026-04-10 00:19:52,315 - INFO - Fetching ON Regular Season WOWY stats for Team ID: 1610612763, Player ID: 1631132  2025-26
2026-04-10 00:19:53,080 - INFO - Fetched ON Regular Season WOWY stats for Team ID: 1610612763, Player ID: 1631132 across 2025-26
2026-04-10 00:19:55,082 - INFO - Fetching OFF Regular Season WOWY stats for Team ID: 1610612763, Player ID: 1631132  2025-26
2026-04-10 00:19:55,364 - INFO - Fetched OFF Regular Season WOWY stats for Team ID: 1610612763, Player ID: 1631132 across 2025-26
2026-04-10 00:20:00,127 - INFO - Processing 1631132 - 1610612737.0 for 2026 (178/294)
2026-04-10 00:20:00,127 - INFO - Fetching ON Regular Season WOWY stats for Team ID: 1610612737, Player ID: 1631132  2025-26
2026-04-10 00:20:00,947 - INFO - Fetched ON Regular Season WOWY stats for Team ID: 1610612737, Player ID: 1631132 across 2025-26
2026-04-10 00:20:02,949 - INFO - Fetching OFF Regular Season WOWY stats for Team ID: 1610612737, Player ID: 1631132  2025-26
2026-04-10 00:20:05,191 - INFO - Fetched OFF Regular Season WOWY stats for Team ID: 1610612737, Player ID: 1631132 across 2025-26
2026-04-10 00:20:09,746 - INFO - Saved data for player 1631132 to daily_data/2026/1631132.csv
2026-04-10 00:20:09,747 - INFO - Processing 1631157 - 1610612749.0 for 2026 (179/294)
2026-04-10 00:20:09,747 - INFO - Fetching ON Regular Season WOWY stats for Team ID: 1610612749, Player ID: 1631157  2025-26
2026-04-10 00:20:09,949 - INFO - Fetched ON Regular Season WOWY stats for Team ID: 1610612749, Player ID: 1631157 across 2025-26
2026-04-10 00:20:11,951 - INFO - Fetching OFF Regular Season WOWY stats for Team ID: 1610612749, Player ID: 1631157  2025-26
2026-04-10 00:20:42,011 - WARNING - Request failed: HTTPSConnectionPool(host='api.pbpstats.com', port=443): Read timed out. (read timeout=30). Retrying in 2.46 seconds (attempt 1/3)
2026-04-10 00:20:44,647 - INFO - Fetched OFF Regular Season WOWY stats for Team ID: 1610612749, Player ID: 1631157 across 2025-26
2026-04-10 00:20:49,568 - INFO - Saved data for player 1631157 to daily_data/2026/1631157.csv
2026-04-10 00:20:49,568 - INFO - Processing 1631159 - 1610612750.0 for 2026 (180/294)
2026-04-10 00:20:49,568 - INFO - Fetching ON Regular Season WOWY stats for Team ID: 1610612750, Player ID: 1631159  2025-26
2026-04-10 00:20:50,202 - INFO - Fetched ON Regular Season WOWY stats for Team ID: 1610612750, Player ID: 1631159 across 2025-26
2026-04-10 00:20:52,203 - INFO - Fetching OFF Regular Season WOWY stats for Team ID: 1610612750, Player ID: 1631159  2025-26
2026-04-10 00:20:52,443 - INFO - Fetched OFF Regular Season WOWY stats for Team ID: 1610612750, Player ID: 1631159 across 2025-26
2026-04-10 00:20:56,824 - INFO - Saved data for player 1631159 to daily_data/2026/1631159.csv
2026-04-10 00:20:56,824 - INFO - Progress: 180/294 players processed (61.2%)
2026-04-10 00:20:56,825 - INFO - Processing 1631165 - 1610612739.0 for 2026 (181/294)
2026-04-10 00:20:56,825 - INFO - Fetching ON Regular Season WOWY stats for Team ID: 1610612739, Player ID: 1631165  2025-26
2026-04-10 00:20:57,029 - INFO - Fetched ON Regular Season WOWY stats for Team ID: 1610612739, Player ID: 1631165 across 2025-26
2026-04-10 00:20:59,032 - INFO - Fetching OFF Regular Season WOWY stats for Team ID: 1610612739, Player ID: 1631165  2025-26
2026-04-10 00:21:01,444 - INFO - Fetched OFF Regular Season WOWY stats for Team ID: 1610612739, Player ID: 1631165 across 2025-26
2026-04-10 00:21:06,068 - INFO - Saved data for player 1631165 to daily_data/2026/1631165.csv
2026-04-10 00:21:06,069 - INFO - Processing 1631172 - 1610612760.0 for 2026 (182/294)
2026-04-10 00:21:06,069 - INFO - Fetching ON Regular Season WOWY stats for Team ID: 1610612760, Player ID: 1631172  2025-26
2026-04-10 00:21:06,866 - INFO - Fetched ON Regular Season WOWY stats for Team ID: 1610612760, Player ID: 1631172 across 2025-26
2026-04-10 00:21:08,868 - INFO - Fetching OFF Regular Season WOWY stats for Team ID: 1610612760, Player ID: 1631172  2025-26
2026-04-10 00:21:10,700 - INFO - Fetched OFF Regular Season WOWY stats for Team ID: 1610612760, Player ID: 1631172 across 2025-26
2026-04-10 00:21:15,088 - INFO - Processing 1631172 - 1610612749.0 for 2026 (182/294)
2026-04-10 00:21:15,089 - INFO - Fetching ON Regular Season WOWY stats for Team ID: 1610612749, Player ID: 1631172  2025-26
2026-04-10 00:21:16,027 - INFO - Fetched ON Regular Season WOWY stats for Team ID: 1610612749, Player ID: 1631172 across 2025-26
2026-04-10 00:21:18,029 - INFO - Fetching OFF Regular Season WOWY stats for Team ID: 1610612749, Player ID: 1631172  2025-26
2026-04-10 00:21:18,235 - INFO - Fetched OFF Regular Season WOWY stats for Team ID: 1610612749, Player ID: 1631172 across 2025-26
2026-04-10 00:21:22,731 - INFO - Saved data for player 1631172 to daily_data/2026/1631172.csv
2026-04-10 00:21:22,731 - INFO - Processing 1631174 - 1610612763.0 for 2026 (183/294)
2026-04-10 00:21:22,731 - INFO - Fetching ON Regular Season WOWY stats for Team ID: 1610612763, Player ID: 1631174  2025-26
2026-04-10 00:21:23,841 - INFO - Fetched ON Regular Season WOWY stats for Team ID: 1610612763, Player ID: 1631174 across 2025-26
2026-04-10 00:21:25,843 - INFO - Fetching OFF Regular Season WOWY stats for Team ID: 1610612763, Player ID: 1631174  2025-26
2026-04-10 00:21:28,505 - INFO - Fetched OFF Regular Season WOWY stats for Team ID: 1610612763, Player ID: 1631174 across 2025-26
2026-04-10 00:21:33,416 - INFO - Saved data for player 1631174 to daily_data/2026/1631174.csv
2026-04-10 00:21:33,417 - INFO - Processing 1631200 - 1610612757.0 for 2026 (184/294)
2026-04-10 00:21:33,417 - INFO - Fetching ON Regular Season WOWY stats for Team ID: 1610612757, Player ID: 1631200  2025-26
2026-04-10 00:21:33,609 - INFO - Fetched ON Regular Season WOWY stats for Team ID: 1610612757, Player ID: 1631200 across 2025-26
2026-04-10 00:21:35,611 - INFO - Fetching OFF Regular Season WOWY stats for Team ID: 1610612757, Player ID: 1631200  2025-26
2026-04-10 00:21:35,797 - INFO - Fetched OFF Regular Season WOWY stats for Team ID: 1610612757, Player ID: 1631200 across 2025-26
2026-04-10 00:21:40,262 - INFO - Saved data for player 1631200 to daily_data/2026/1631200.csv
2026-04-10 00:21:40,263 - INFO - Processing 1631204 - 1610612765.0 for 2026 (185/294)
2026-04-10 00:21:40,263 - INFO - Fetching ON Regular Season WOWY stats for Team ID: 1610612765, Player ID: 1631204  2025-26
2026-04-10 00:21:46,803 - INFO - Fetched ON Regular Season WOWY stats for Team ID: 1610612765, Player ID: 1631204 across 2025-26
2026-04-10 00:21:48,805 - INFO - Fetching OFF Regular Season WOWY stats for Team ID: 1610612765, Player ID: 1631204  2025-26
2026-04-10 00:21:50,974 - INFO - Fetched OFF Regular Season WOWY stats for Team ID: 1610612765, Player ID: 1631204 across 2025-26
2026-04-10 00:21:55,566 - INFO - Saved data for player 1631204 to daily_data/2026/1631204.csv
2026-04-10 00:21:55,567 - INFO - Processing 1631205 - 1610612760.0 for 2026 (186/294)
2026-04-10 00:21:55,567 - INFO - Fetching ON Regular Season WOWY stats for Team ID: 1610612760, Player ID: 1631205  2025-26
2026-04-10 00:21:55,666 - INFO - Fetched ON Regular Season WOWY stats for Team ID: 1610612760, Player ID: 1631205 across 2025-26
2026-04-10 00:21:57,667 - INFO - Fetching OFF Regular Season WOWY stats for Team ID: 1610612760, Player ID: 1631205  2025-26
2026-04-10 00:21:57,889 - INFO - Fetched OFF Regular Season WOWY stats for Team ID: 1610612760, Player ID: 1631205 across 2025-26
2026-04-10 00:22:02,088 - INFO - Saved data for player 1631205 to daily_data/2026/1631205.csv
2026-04-10 00:22:02,088 - INFO - Processing 1631210 - 1610612737.0 for 2026 (187/294)
2026-04-10 00:22:02,088 - INFO - Fetching ON Regular Season WOWY stats for Team ID: 1610612737, Player ID: 1631210  2025-26
2026-04-10 00:22:32,156 - WARNING - Request failed: HTTPSConnectionPool(host='api.pbpstats.com', port=443): Read timed out. (read timeout=30). Retrying in 2.31 seconds (attempt 1/3)
2026-04-10 00:22:34,567 - INFO - Fetched ON Regular Season WOWY stats for Team ID: 1610612737, Player ID: 1631210 across 2025-26
2026-04-10 00:22:36,569 - INFO - Fetching OFF Regular Season WOWY stats for Team ID: 1610612737, Player ID: 1631210  2025-26
2026-04-10 00:22:38,389 - INFO - Fetched OFF Regular Season WOWY stats for Team ID: 1610612737, Player ID: 1631210 across 2025-26
2026-04-10 00:22:42,529 - INFO - Saved data for player 1631210 to daily_data/2026/1631210.csv
2026-04-10 00:22:42,530 - INFO - Processing 1631212 - 1610612743.0 for 2026 (188/294)
2026-04-10 00:22:42,530 - INFO - Fetching ON Regular Season WOWY stats for Team ID: 1610612743, Player ID: 1631212  2025-26
2026-04-10 00:22:46,462 - INFO - Fetched ON Regular Season WOWY stats for Team ID: 1610612743, Player ID: 1631212 across 2025-26
2026-04-10 00:22:48,464 - INFO - Fetching OFF Regular Season WOWY stats for Team ID: 1610612743, Player ID: 1631212  2025-26
2026-04-10 00:22:48,654 - INFO - Fetched OFF Regular Season WOWY stats for Team ID: 1610612743, Player ID: 1631212 across 2025-26
2026-04-10 00:22:53,377 - INFO - Saved data for player 1631212 to daily_data/2026/1631212.csv
2026-04-10 00:22:53,378 - INFO - Processing 1631216 - 1610612737.0 for 2026 (189/294)
2026-04-10 00:22:53,378 - INFO - Fetching ON Regular Season WOWY stats for Team ID: 1610612737, Player ID: 1631216  2025-26
2026-04-10 00:22:54,074 - INFO - Fetched ON Regular Season WOWY stats for Team ID: 1610612737, Player ID: 1631216 across 2025-26
2026-04-10 00:22:56,076 - INFO - Fetching OFF Regular Season WOWY stats for Team ID: 1610612737, Player ID: 1631216  2025-26
2026-04-10 00:22:57,843 - INFO - Fetched OFF Regular Season WOWY stats for Team ID: 1610612737, Player ID: 1631216 across 2025-26
2026-04-10 00:23:02,530 - INFO - Saved data for player 1631216 to daily_data/2026/1631216.csv
2026-04-10 00:23:02,530 - INFO - Processing 1631221 - 1610612756.0 for 2026 (190/294)
2026-04-10 00:23:02,530 - INFO - Fetching ON Regular Season WOWY stats for Team ID: 1610612756, Player ID: 1631221  2025-26
2026-04-10 00:23:02,718 - INFO - Fetched ON Regular Season WOWY stats for Team ID: 1610612756, Player ID: 1631221 across 2025-26
2026-04-10 00:23:04,720 - INFO - Fetching OFF Regular Season WOWY stats for Team ID: 1610612756, Player ID: 1631221  2025-26
2026-04-10 00:23:05,970 - INFO - Fetched OFF Regular Season WOWY stats for Team ID: 1610612756, Player ID: 1631221 across 2025-26
2026-04-10 00:23:10,936 - INFO - Saved data for player 1631221 to daily_data/2026/1631221.csv
2026-04-10 00:23:10,937 - INFO - Progress: 190/294 players processed (64.6%)
2026-04-10 00:23:10,937 - INFO - Processing 1631223 - 1610612743.0 for 2026 (191/294)
2026-04-10 00:23:10,937 - INFO - Fetching ON Regular Season WOWY stats for Team ID: 1610612743, Player ID: 1631223  2025-26
2026-04-10 00:23:11,435 - INFO - Fetched ON Regular Season WOWY stats for Team ID: 1610612743, Player ID: 1631223 across 2025-26
2026-04-10 00:23:13,437 - INFO - Fetching OFF Regular Season WOWY stats for Team ID: 1610612743, Player ID: 1631223  2025-26
2026-04-10 00:23:31,829 - INFO - Fetched OFF Regular Season WOWY stats for Team ID: 1610612743, Player ID: 1631223 across 2025-26
2026-04-10 00:23:36,807 - INFO - Saved data for player 1631223 to daily_data/2026/1631223.csv
2026-04-10 00:23:36,808 - INFO - Processing 1631243 - 1610612737.0 for 2026 (192/294)
2026-04-10 00:23:36,808 - INFO - Fetching ON Regular Season WOWY stats for Team ID: 1610612737, Player ID: 1631243  2025-26
2026-04-10 00:23:37,815 - INFO - Fetched ON Regular Season WOWY stats for Team ID: 1610612737, Player ID: 1631243 across 2025-26
2026-04-10 00:23:39,817 - INFO - Fetching OFF Regular Season WOWY stats for Team ID: 1610612737, Player ID: 1631243  2025-26
2026-04-10 00:23:41,058 - INFO - Fetched OFF Regular Season WOWY stats for Team ID: 1610612737, Player ID: 1631243 across 2025-26
2026-04-10 00:23:45,269 - INFO - Saved data for player 1631243 to daily_data/2026/1631243.csv
2026-04-10 00:23:45,269 - INFO - Processing 1631246 - 1610612763.0 for 2026 (193/294)
2026-04-10 00:23:45,269 - INFO - Fetching ON Regular Season WOWY stats for Team ID: 1610612763, Player ID: 1631246  2025-26
2026-04-10 00:23:46,208 - INFO - Fetched ON Regular Season WOWY stats for Team ID: 1610612763, Player ID: 1631246 across 2025-26
2026-04-10 00:23:48,210 - INFO - Fetching OFF Regular Season WOWY stats for Team ID: 1610612763, Player ID: 1631246  2025-26
2026-04-10 00:24:17,836 - INFO - Fetched OFF Regular Season WOWY stats for Team ID: 1610612763, Player ID: 1631246 across 2025-26
2026-04-10 00:24:22,479 - INFO - Saved data for player 1631246 to daily_data/2026/1631246.csv
2026-04-10 00:24:22,480 - INFO - Processing 1631247 - 1610612739.0 for 2026 (194/294)
2026-04-10 00:24:22,480 - INFO - Fetching ON Regular Season WOWY stats for Team ID: 1610612739, Player ID: 1631247  2025-26
2026-04-10 00:24:23,348 - INFO - Fetched ON Regular Season WOWY stats for Team ID: 1610612739, Player ID: 1631247 across 2025-26
2026-04-10 00:24:25,350 - INFO - Fetching OFF Regular Season WOWY stats for Team ID: 1610612739, Player ID: 1631247  2025-26
2026-04-10 00:24:25,870 - INFO - Fetched OFF Regular Season WOWY stats for Team ID: 1610612739, Player ID: 1631247 across 2025-26
2026-04-10 00:24:30,166 - INFO - Saved data for player 1631247 to daily_data/2026/1631247.csv
2026-04-10 00:24:30,167 - INFO - Processing 1631250 - 1610612749.0 for 2026 (195/294)
2026-04-10 00:24:30,167 - INFO - Fetching ON Regular Season WOWY stats for Team ID: 1610612749, Player ID: 1631250  2025-26
2026-04-10 00:24:30,615 - INFO - Fetched ON Regular Season WOWY stats for Team ID: 1610612749, Player ID: 1631250 across 2025-26
2026-04-10 00:24:32,617 - INFO - Fetching OFF Regular Season WOWY stats for Team ID: 1610612749, Player ID: 1631250  2025-26
2026-04-10 00:24:35,048 - INFO - Fetched OFF Regular Season WOWY stats for Team ID: 1610612749, Player ID: 1631250 across 2025-26
2026-04-10 00:24:40,001 - INFO - Saved data for player 1631250 to daily_data/2026/1631250.csv
2026-04-10 00:24:40,001 - INFO - Processing 1631260 - 1610612749.0 for 2026 (196/294)
2026-04-10 00:24:40,001 - INFO - Fetching ON Regular Season WOWY stats for Team ID: 1610612749, Player ID: 1631260  2025-26
2026-04-10 00:24:42,543 - INFO - Fetched ON Regular Season WOWY stats for Team ID: 1610612749, Player ID: 1631260 across 2025-26
2026-04-10 00:24:44,546 - INFO - Fetching OFF Regular Season WOWY stats for Team ID: 1610612749, Player ID: 1631260  2025-26
2026-04-10 00:24:45,740 - INFO - Fetched OFF Regular Season WOWY stats for Team ID: 1610612749, Player ID: 1631260 across 2025-26
2026-04-10 00:24:50,598 - INFO - Saved data for player 1631260 to daily_data/2026/1631260.csv
2026-04-10 00:24:50,599 - INFO - Processing 1631288 - 1610612753.0 for 2026 (197/294)
2026-04-10 00:24:50,599 - INFO - Fetching ON Regular Season WOWY stats for Team ID: 1610612753, Player ID: 1631288  2025-26
2026-04-10 00:24:52,991 - INFO - Fetched ON Regular Season WOWY stats for Team ID: 1610612753, Player ID: 1631288 across 2025-26
2026-04-10 00:24:54,993 - INFO - Fetching OFF Regular Season WOWY stats for Team ID: 1610612753, Player ID: 1631288  2025-26
2026-04-10 00:24:57,426 - INFO - Fetched OFF Regular Season WOWY stats for Team ID: 1610612753, Player ID: 1631288 across 2025-26
2026-04-10 00:25:02,080 - INFO - Saved data for player 1631288 to daily_data/2026/1631288.csv
2026-04-10 00:25:02,080 - INFO - Processing 1631321 - 1610612757.0 for 2026 (198/294)
2026-04-10 00:25:02,080 - INFO - Fetching ON Regular Season WOWY stats for Team ID: 1610612757, Player ID: 1631321  2025-26
2026-04-10 00:25:04,976 - INFO - Fetched ON Regular Season WOWY stats for Team ID: 1610612757, Player ID: 1631321 across 2025-26
2026-04-10 00:25:06,978 - INFO - Fetching OFF Regular Season WOWY stats for Team ID: 1610612757, Player ID: 1631321  2025-26
2026-04-10 00:25:33,418 - INFO - Fetched OFF Regular Season WOWY stats for Team ID: 1610612757, Player ID: 1631321 across 2025-26
2026-04-10 00:25:37,678 - INFO - Saved data for player 1631321 to daily_data/2026/1631321.csv
2026-04-10 00:25:37,679 - INFO - Processing 1631351 - 1610612763.0 for 2026 (199/294)
2026-04-10 00:25:37,679 - INFO - Fetching ON Regular Season WOWY stats for Team ID: 1610612763, Player ID: 1631351  2025-26
2026-04-10 00:25:38,383 - INFO - Fetched ON Regular Season WOWY stats for Team ID: 1610612763, Player ID: 1631351 across 2025-26
2026-04-10 00:25:40,385 - INFO - Fetching OFF Regular Season WOWY stats for Team ID: 1610612763, Player ID: 1631351  2025-26
2026-04-10 00:25:51,196 - INFO - Fetched OFF Regular Season WOWY stats for Team ID: 1610612763, Player ID: 1631351 across 2025-26
2026-04-10 00:25:55,476 - INFO - Saved data for player 1631351 to daily_data/2026/1631351.csv
2026-04-10 00:25:55,476 - INFO - Processing 1631451 - 1610612757.0 for 2026 (200/294)
2026-04-10 00:25:55,476 - INFO - Fetching ON Regular Season WOWY stats for Team ID: 1610612757, Player ID: 1631451  2025-26
2026-04-10 00:25:56,860 - INFO - Fetched ON Regular Season WOWY stats for Team ID: 1610612757, Player ID: 1631451 across 2025-26
2026-04-10 00:25:58,862 - INFO - Fetching OFF Regular Season WOWY stats for Team ID: 1610612757, Player ID: 1631451  2025-26
2026-04-10 00:26:02,756 - INFO - Fetched OFF Regular Season WOWY stats for Team ID: 1610612757, Player ID: 1631451 across 2025-26
2026-04-10 00:26:07,716 - INFO - Saved data for player 1631451 to daily_data/2026/1631451.csv
2026-04-10 00:26:07,716 - INFO - Progress: 200/294 players processed (68.0%)
2026-04-10 00:26:07,716 - INFO - Processing 1631457 - 1610612753.0 for 2026 (201/294)
2026-04-10 00:26:07,716 - INFO - Fetching ON Regular Season WOWY stats for Team ID: 1610612753, Player ID: 1631457  2025-26
2026-04-10 00:26:08,384 - INFO - Fetched ON Regular Season WOWY stats for Team ID: 1610612753, Player ID: 1631457 across 2025-26
2026-04-10 00:26:10,386 - INFO - Fetching OFF Regular Season WOWY stats for Team ID: 1610612753, Player ID: 1631457  2025-26
2026-04-10 00:26:10,650 - INFO - Fetched OFF Regular Season WOWY stats for Team ID: 1610612753, Player ID: 1631457 across 2025-26
2026-04-10 00:26:14,826 - INFO - Saved data for player 1631457 to daily_data/2026/1631457.csv
2026-04-10 00:26:14,827 - INFO - Processing 1641705 - 1610612759.0 for 2026 (202/294)
2026-04-10 00:26:14,827 - INFO - Fetching ON Regular Season WOWY stats for Team ID: 1610612759, Player ID: 1641705  2025-26
2026-04-10 00:26:15,871 - INFO - Fetched ON Regular Season WOWY stats for Team ID: 1610612759, Player ID: 1641705 across 2025-26
2026-04-10 00:26:17,873 - INFO - Fetching OFF Regular Season WOWY stats for Team ID: 1610612759, Player ID: 1641705  2025-26
2026-04-10 00:26:19,147 - INFO - Fetched OFF Regular Season WOWY stats for Team ID: 1610612759, Player ID: 1641705 across 2025-26
2026-04-10 00:26:23,857 - INFO - Saved data for player 1641705 to daily_data/2026/1641705.csv
2026-04-10 00:26:23,858 - INFO - Processing 1641707 - 1610612763.0 for 2026 (203/294)
2026-04-10 00:26:23,858 - INFO - Fetching ON Regular Season WOWY stats for Team ID: 1610612763, Player ID: 1641707  2025-26
2026-04-10 00:26:35,946 - WARNING - Request failed: 500 Server Error: Internal Server Error for url: https://api.pbpstats.com/get-wowy-stats/nba?0Exactly1OnFloor=1641707&TeamId=1610612763&Season=2025-26&SeasonType=Regular+Season&Type=Player. Retrying in 2.87 seconds (attempt 1/3)
2026-04-10 00:26:39,015 - INFO - Fetched ON Regular Season WOWY stats for Team ID: 1610612763, Player ID: 1641707 across 2025-26
2026-04-10 00:26:41,017 - INFO - Fetching OFF Regular Season WOWY stats for Team ID: 1610612763, Player ID: 1641707  2025-26
2026-04-10 00:27:05,104 - WARNING - Request failed: 500 Server Error: Internal Server Error for url: https://api.pbpstats.com/get-wowy-stats/nba?0Exactly0OnFloor=1641707&TeamId=1610612763&Season=2025-26&SeasonType=Regular+Season&Type=Player. Retrying in 2.40 seconds (attempt 1/3)
2026-04-10 00:27:26,790 - INFO - Fetched OFF Regular Season WOWY stats for Team ID: 1610612763, Player ID: 1641707 across 2025-26
2026-04-10 00:27:31,345 - INFO - Saved data for player 1641707 to daily_data/2026/1641707.csv
2026-04-10 00:27:31,346 - INFO - Processing 1641709 - 1610612765.0 for 2026 (204/294)
2026-04-10 00:27:31,346 - INFO - Fetching ON Regular Season WOWY stats for Team ID: 1610612765, Player ID: 1641709  2025-26
2026-04-10 00:27:45,444 - WARNING - Request failed: 500 Server Error: Internal Server Error for url: https://api.pbpstats.com/get-wowy-stats/nba?0Exactly1OnFloor=1641709&TeamId=1610612765&Season=2025-26&SeasonType=Regular+Season&Type=Player. Retrying in 2.86 seconds (attempt 1/3)
2026-04-10 00:27:52,384 - INFO - Fetched ON Regular Season WOWY stats for Team ID: 1610612765, Player ID: 1641709 across 2025-26
2026-04-10 00:27:54,386 - INFO - Fetching OFF Regular Season WOWY stats for Team ID: 1610612765, Player ID: 1641709  2025-26
2026-04-10 00:27:54,564 - INFO - Fetched OFF Regular Season WOWY stats for Team ID: 1610612765, Player ID: 1641709 across 2025-26
2026-04-10 00:27:58,942 - INFO - Saved data for player 1641709 to daily_data/2026/1641709.csv
2026-04-10 00:27:58,943 - INFO - Processing 1641710 - 1610612753.0 for 2026 (205/294)
2026-04-10 00:27:58,943 - INFO - Fetching ON Regular Season WOWY stats for Team ID: 1610612753, Player ID: 1641710  2025-26
2026-04-10 00:28:00,041 - INFO - Fetched ON Regular Season WOWY stats for Team ID: 1610612753, Player ID: 1641710 across 2025-26
2026-04-10 00:28:02,043 - INFO - Fetching OFF Regular Season WOWY stats for Team ID: 1610612753, Player ID: 1641710  2025-26
2026-04-10 00:28:02,232 - INFO - Fetched OFF Regular Season WOWY stats for Team ID: 1610612753, Player ID: 1641710 across 2025-26
2026-04-10 00:28:07,054 - INFO - Saved data for player 1641710 to daily_data/2026/1641710.csv
2026-04-10 00:28:07,054 - INFO - Processing 1641712 - 1610612757.0 for 2026 (206/294)
2026-04-10 00:28:07,055 - INFO - Fetching ON Regular Season WOWY stats for Team ID: 1610612757, Player ID: 1641712  2025-26
2026-04-10 00:28:33,270 - INFO - Fetched ON Regular Season WOWY stats for Team ID: 1610612757, Player ID: 1641712 across 2025-26
2026-04-10 00:28:35,272 - INFO - Fetching OFF Regular Season WOWY stats for Team ID: 1610612757, Player ID: 1641712  2025-26
2026-04-10 00:28:35,451 - INFO - Fetched OFF Regular Season WOWY stats for Team ID: 1610612757, Player ID: 1641712 across 2025-26
2026-04-10 00:28:39,833 - INFO - Processing 1641712 - 1610612763.0 for 2026 (206/294)
2026-04-10 00:28:39,833 - INFO - Fetching ON Regular Season WOWY stats for Team ID: 1610612763, Player ID: 1641712  2025-26
2026-04-10 00:28:40,023 - INFO - Fetched ON Regular Season WOWY stats for Team ID: 1610612763, Player ID: 1641712 across 2025-26
2026-04-10 00:28:42,025 - INFO - Fetching OFF Regular Season WOWY stats for Team ID: 1610612763, Player ID: 1641712  2025-26
2026-04-10 00:28:44,046 - INFO - Fetched OFF Regular Season WOWY stats for Team ID: 1610612763, Player ID: 1641712 across 2025-26
2026-04-10 00:28:48,404 - INFO - Saved data for player 1641712 to daily_data/2026/1641712.csv
2026-04-10 00:28:48,404 - INFO - Processing 1641713 - 1610612763.0 for 2026 (207/294)
2026-04-10 00:28:48,404 - INFO - Fetching ON Regular Season WOWY stats for Team ID: 1610612763, Player ID: 1641713  2025-26
2026-04-10 00:28:49,698 - INFO - Fetched ON Regular Season WOWY stats for Team ID: 1610612763, Player ID: 1641713 across 2025-26
2026-04-10 00:28:51,700 - INFO - Fetching OFF Regular Season WOWY stats for Team ID: 1610612763, Player ID: 1641713  2025-26
2026-04-10 00:28:51,938 - INFO - Fetched OFF Regular Season WOWY stats for Team ID: 1610612763, Player ID: 1641713 across 2025-26
2026-04-10 00:28:56,636 - INFO - Saved data for player 1641713 to daily_data/2026/1641713.csv
2026-04-10 00:28:56,636 - INFO - Processing 1641717 - 1610612760.0 for 2026 (208/294)
2026-04-10 00:28:56,636 - INFO - Fetching ON Regular Season WOWY stats for Team ID: 1610612760, Player ID: 1641717  2025-26
2026-04-10 00:28:58,320 - INFO - Fetched ON Regular Season WOWY stats for Team ID: 1610612760, Player ID: 1641717 across 2025-26
2026-04-10 00:29:00,323 - INFO - Fetching OFF Regular Season WOWY stats for Team ID: 1610612760, Player ID: 1641717  2025-26
2026-04-10 00:29:01,804 - INFO - Fetched OFF Regular Season WOWY stats for Team ID: 1610612760, Player ID: 1641717 across 2025-26
2026-04-10 00:29:06,037 - INFO - Saved data for player 1641717 to daily_data/2026/1641717.csv
2026-04-10 00:29:06,038 - INFO - Processing 1641724 - 1610612753.0 for 2026 (209/294)
2026-04-10 00:29:06,038 - INFO - Fetching ON Regular Season WOWY stats for Team ID: 1610612753, Player ID: 1641724  2025-26
2026-04-10 00:29:06,260 - INFO - Fetched ON Regular Season WOWY stats for Team ID: 1610612753, Player ID: 1641724 across 2025-26
2026-04-10 00:29:08,262 - INFO - Fetching OFF Regular Season WOWY stats for Team ID: 1610612753, Player ID: 1641724  2025-26
2026-04-10 00:29:09,651 - INFO - Fetched OFF Regular Season WOWY stats for Team ID: 1610612753, Player ID: 1641724 across 2025-26
2026-04-10 00:29:13,788 - INFO - Saved data for player 1641724 to daily_data/2026/1641724.csv
2026-04-10 00:29:13,789 - INFO - Processing 1641726 - 1610612742.0 for 2026 (210/294)
2026-04-10 00:29:13,789 - INFO - Fetching ON Regular Season WOWY stats for Team ID: 1610612742, Player ID: 1641726  2025-26
2026-04-10 00:29:13,952 - INFO - Fetched ON Regular Season WOWY stats for Team ID: 1610612742, Player ID: 1641726 across 2025-26
2026-04-10 00:29:15,955 - INFO - Fetching OFF Regular Season WOWY stats for Team ID: 1610612742, Player ID: 1641726  2025-26
2026-04-10 00:29:16,163 - INFO - Fetched OFF Regular Season WOWY stats for Team ID: 1610612742, Player ID: 1641726 across 2025-26
2026-04-10 00:29:21,122 - INFO - Saved data for player 1641726 to daily_data/2026/1641726.csv
2026-04-10 00:29:21,123 - INFO - Progress: 210/294 players processed (71.4%)
2026-04-10 00:29:21,123 - INFO - Processing 1641727 - 1610612763.0 for 2026 (211/294)
2026-04-10 00:29:21,123 - INFO - Fetching ON Regular Season WOWY stats for Team ID: 1610612763, Player ID: 1641727  2025-26
2026-04-10 00:29:21,531 - INFO - Fetched ON Regular Season WOWY stats for Team ID: 1610612763, Player ID: 1641727 across 2025-26
2026-04-10 00:29:23,533 - INFO - Fetching OFF Regular Season WOWY stats for Team ID: 1610612763, Player ID: 1641727  2025-26
2026-04-10 00:29:23,776 - INFO - Fetched OFF Regular Season WOWY stats for Team ID: 1610612763, Player ID: 1641727 across 2025-26
2026-04-10 00:29:27,951 - INFO - Saved data for player 1641727 to daily_data/2026/1641727.csv
2026-04-10 00:29:27,952 - INFO - Processing 1641732 - 1610612765.0 for 2026 (212/294)
2026-04-10 00:29:27,952 - INFO - Fetching ON Regular Season WOWY stats for Team ID: 1610612765, Player ID: 1641732  2025-26
2026-04-10 00:29:28,502 - INFO - Fetched ON Regular Season WOWY stats for Team ID: 1610612765, Player ID: 1641732 across 2025-26
2026-04-10 00:29:30,504 - INFO - Fetching OFF Regular Season WOWY stats for Team ID: 1610612765, Player ID: 1641732  2025-26
2026-04-10 00:29:32,497 - INFO - Fetched OFF Regular Season WOWY stats for Team ID: 1610612765, Player ID: 1641732 across 2025-26
2026-04-10 00:29:36,957 - INFO - Saved data for player 1641732 to daily_data/2026/1641732.csv
2026-04-10 00:29:36,958 - INFO - Processing 1641738 - 1610612746.0 for 2026 (213/294)
2026-04-10 00:29:36,958 - INFO - Fetching ON Regular Season WOWY stats for Team ID: 1610612746, Player ID: 1641738  2025-26
2026-04-10 00:29:37,796 - INFO - Fetched ON Regular Season WOWY stats for Team ID: 1610612746, Player ID: 1641738 across 2025-26
2026-04-10 00:29:39,798 - INFO - Fetching OFF Regular Season WOWY stats for Team ID: 1610612746, Player ID: 1641738  2025-26
2026-04-10 00:29:41,364 - INFO - Fetched OFF Regular Season WOWY stats for Team ID: 1610612746, Player ID: 1641738 across 2025-26
2026-04-10 00:29:46,077 - INFO - Saved data for player 1641738 to daily_data/2026/1641738.csv
2026-04-10 00:29:46,078 - INFO - Processing 1641739 - 1610612757.0 for 2026 (214/294)
2026-04-10 00:29:46,078 - INFO - Fetching ON Regular Season WOWY stats for Team ID: 1610612757, Player ID: 1641739  2025-26
2026-04-10 00:29:47,566 - INFO - Fetched ON Regular Season WOWY stats for Team ID: 1610612757, Player ID: 1641739 across 2025-26
2026-04-10 00:29:49,568 - INFO - Fetching OFF Regular Season WOWY stats for Team ID: 1610612757, Player ID: 1641739  2025-26
2026-04-10 00:30:00,006 - INFO - Fetched OFF Regular Season WOWY stats for Team ID: 1610612757, Player ID: 1641739 across 2025-26
2026-04-10 00:30:04,761 - INFO - Saved data for player 1641739 to daily_data/2026/1641739.csv
2026-04-10 00:30:04,762 - INFO - Processing 1641740 - 1610612750.0 for 2026 (215/294)
2026-04-10 00:30:04,762 - INFO - Fetching ON Regular Season WOWY stats for Team ID: 1610612750, Player ID: 1641740  2025-26
2026-04-10 00:30:04,942 - INFO - Fetched ON Regular Season WOWY stats for Team ID: 1610612750, Player ID: 1641740 across 2025-26
2026-04-10 00:30:06,944 - INFO - Fetching OFF Regular Season WOWY stats for Team ID: 1610612750, Player ID: 1641740  2025-26
2026-04-10 00:30:08,427 - INFO - Fetched OFF Regular Season WOWY stats for Team ID: 1610612750, Player ID: 1641740 across 2025-26
2026-04-10 00:30:13,069 - INFO - Saved data for player 1641740 to daily_data/2026/1641740.csv
2026-04-10 00:30:13,070 - INFO - Processing 1641744 - 1610612763.0 for 2026 (216/294)
2026-04-10 00:30:13,070 - INFO - Fetching ON Regular Season WOWY stats for Team ID: 1610612763, Player ID: 1641744  2025-26
2026-04-10 00:30:13,214 - INFO - Fetched ON Regular Season WOWY stats for Team ID: 1610612763, Player ID: 1641744 across 2025-26
2026-04-10 00:30:15,217 - INFO - Fetching OFF Regular Season WOWY stats for Team ID: 1610612763, Player ID: 1641744  2025-26
2026-04-10 00:30:15,464 - INFO - Fetched OFF Regular Season WOWY stats for Team ID: 1610612763, Player ID: 1641744 across 2025-26
2026-04-10 00:30:20,274 - INFO - Saved data for player 1641744 to daily_data/2026/1641744.csv
2026-04-10 00:30:20,275 - INFO - Processing 1641747 - 1610612743.0 for 2026 (217/294)
2026-04-10 00:30:20,275 - INFO - Fetching ON Regular Season WOWY stats for Team ID: 1610612743, Player ID: 1641747  2025-26
2026-04-10 00:30:46,387 - WARNING - Request failed: 500 Server Error: Internal Server Error for url: https://api.pbpstats.com/get-wowy-stats/nba?0Exactly1OnFloor=1641747&TeamId=1610612743&Season=2025-26&SeasonType=Regular+Season&Type=Player. Retrying in 2.72 seconds (attempt 1/3)
2026-04-10 00:30:49,931 - INFO - Fetched ON Regular Season WOWY stats for Team ID: 1610612743, Player ID: 1641747 across 2025-26
2026-04-10 00:30:51,933 - INFO - Fetching OFF Regular Season WOWY stats for Team ID: 1610612743, Player ID: 1641747  2025-26
2026-04-10 00:30:53,493 - INFO - Fetched OFF Regular Season WOWY stats for Team ID: 1610612743, Player ID: 1641747 across 2025-26
2026-04-10 00:30:58,331 - INFO - Saved data for player 1641747 to daily_data/2026/1641747.csv
2026-04-10 00:30:58,332 - INFO - Processing 1641748 - 1610612749.0 for 2026 (218/294)
2026-04-10 00:30:58,332 - INFO - Fetching ON Regular Season WOWY stats for Team ID: 1610612749, Player ID: 1641748  2025-26
2026-04-10 00:31:00,560 - INFO - Fetched ON Regular Season WOWY stats for Team ID: 1610612749, Player ID: 1641748 across 2025-26
2026-04-10 00:31:02,562 - INFO - Fetching OFF Regular Season WOWY stats for Team ID: 1610612749, Player ID: 1641748  2025-26
2026-04-10 00:31:02,789 - INFO - Fetched OFF Regular Season WOWY stats for Team ID: 1610612749, Player ID: 1641748 across 2025-26
2026-04-10 00:31:07,523 - INFO - Saved data for player 1641748 to daily_data/2026/1641748.csv
2026-04-10 00:31:07,523 - INFO - Processing 1641752 - 1610612765.0 for 2026 (219/294)
2026-04-10 00:31:07,523 - INFO - Fetching ON Regular Season WOWY stats for Team ID: 1610612765, Player ID: 1641752  2025-26
2026-04-10 00:31:08,258 - INFO - Fetched ON Regular Season WOWY stats for Team ID: 1610612765, Player ID: 1641752 across 2025-26
2026-04-10 00:31:10,260 - INFO - Fetching OFF Regular Season WOWY stats for Team ID: 1610612765, Player ID: 1641752  2025-26
2026-04-10 00:31:10,466 - INFO - Fetched OFF Regular Season WOWY stats for Team ID: 1610612765, Player ID: 1641752 across 2025-26
2026-04-10 00:31:15,472 - INFO - Saved data for player 1641752 to daily_data/2026/1641752.csv
2026-04-10 00:31:15,473 - INFO - Processing 1641753 - 1610612739.0 for 2026 (220/294)
2026-04-10 00:31:15,473 - INFO - Fetching ON Regular Season WOWY stats for Team ID: 1610612739, Player ID: 1641753  2025-26
2026-04-10 00:31:16,293 - INFO - Fetched ON Regular Season WOWY stats for Team ID: 1610612739, Player ID: 1641753 across 2025-26
2026-04-10 00:31:18,295 - INFO - Fetching OFF Regular Season WOWY stats for Team ID: 1610612739, Player ID: 1641753  2025-26
2026-04-10 00:31:30,401 - WARNING - Request failed: 500 Server Error: Internal Server Error for url: https://api.pbpstats.com/get-wowy-stats/nba?0Exactly0OnFloor=1641753&TeamId=1610612739&Season=2025-26&SeasonType=Regular+Season&Type=Player. Retrying in 2.82 seconds (attempt 1/3)
2026-04-10 00:31:54,832 - INFO - Fetched OFF Regular Season WOWY stats for Team ID: 1610612739, Player ID: 1641753 across 2025-26
2026-04-10 00:31:59,130 - INFO - Saved data for player 1641753 to daily_data/2026/1641753.csv
2026-04-10 00:31:59,130 - INFO - Progress: 220/294 players processed (74.8%)
2026-04-10 00:31:59,130 - INFO - Processing 1641757 - 1610612746.0 for 2026 (221/294)
2026-04-10 00:31:59,130 - INFO - Fetching ON Regular Season WOWY stats for Team ID: 1610612746, Player ID: 1641757  2025-26
2026-04-10 00:31:59,386 - INFO - Fetched ON Regular Season WOWY stats for Team ID: 1610612746, Player ID: 1641757 across 2025-26
2026-04-10 00:32:01,388 - INFO - Fetching OFF Regular Season WOWY stats for Team ID: 1610612746, Player ID: 1641757  2025-26
2026-04-10 00:32:01,653 - INFO - Fetched OFF Regular Season WOWY stats for Team ID: 1610612746, Player ID: 1641757 across 2025-26
2026-04-10 00:32:06,284 - INFO - Saved data for player 1641757 to daily_data/2026/1641757.csv
2026-04-10 00:32:06,285 - INFO - Processing 1641763 - 1610612750.0 for 2026 (222/294)
2026-04-10 00:32:06,285 - INFO - Fetching ON Regular Season WOWY stats for Team ID: 1610612750, Player ID: 1641763  2025-26
2026-04-10 00:32:06,935 - INFO - Fetched ON Regular Season WOWY stats for Team ID: 1610612750, Player ID: 1641763 across 2025-26
2026-04-10 00:32:08,938 - INFO - Fetching OFF Regular Season WOWY stats for Team ID: 1610612750, Player ID: 1641763  2025-26
2026-04-10 00:32:09,107 - INFO - Fetched OFF Regular Season WOWY stats for Team ID: 1610612750, Player ID: 1641763 across 2025-26
2026-04-10 00:32:13,350 - INFO - Saved data for player 1641763 to daily_data/2026/1641763.csv
2026-04-10 00:32:13,350 - INFO - Processing 1641765 - 1610612763.0 for 2026 (223/294)
2026-04-10 00:32:13,351 - INFO - Fetching ON Regular Season WOWY stats for Team ID: 1610612763, Player ID: 1641765  2025-26
2026-04-10 00:32:14,692 - INFO - Fetched ON Regular Season WOWY stats for Team ID: 1610612763, Player ID: 1641765 across 2025-26
2026-04-10 00:32:16,695 - INFO - Fetching OFF Regular Season WOWY stats for Team ID: 1610612763, Player ID: 1641765  2025-26
2026-04-10 00:32:16,944 - INFO - Fetched OFF Regular Season WOWY stats for Team ID: 1610612763, Player ID: 1641765 across 2025-26
2026-04-10 00:32:21,919 - INFO - Saved data for player 1641765 to daily_data/2026/1641765.csv
2026-04-10 00:32:21,920 - INFO - Processing 1641772 - 1610612739.0 for 2026 (224/294)
2026-04-10 00:32:21,920 - INFO - Fetching ON Regular Season WOWY stats for Team ID: 1610612739, Player ID: 1641772  2025-26
2026-04-10 00:32:23,128 - INFO - Fetched ON Regular Season WOWY stats for Team ID: 1610612739, Player ID: 1641772 across 2025-26
2026-04-10 00:32:25,130 - INFO - Fetching OFF Regular Season WOWY stats for Team ID: 1610612739, Player ID: 1641772  2025-26
2026-04-10 00:32:26,798 - INFO - Fetched OFF Regular Season WOWY stats for Team ID: 1610612739, Player ID: 1641772 across 2025-26
2026-04-10 00:32:30,923 - INFO - Saved data for player 1641772 to daily_data/2026/1641772.csv
2026-04-10 00:32:30,924 - INFO - Processing 1641783 - 1610612753.0 for 2026 (225/294)
2026-04-10 00:32:30,924 - INFO - Fetching ON Regular Season WOWY stats for Team ID: 1610612753, Player ID: 1641783  2025-26
2026-04-10 00:32:32,030 - INFO - Fetched ON Regular Season WOWY stats for Team ID: 1610612753, Player ID: 1641783 across 2025-26
2026-04-10 00:32:34,032 - INFO - Fetching OFF Regular Season WOWY stats for Team ID: 1610612753, Player ID: 1641783  2025-26
2026-04-10 00:32:35,406 - INFO - Fetched OFF Regular Season WOWY stats for Team ID: 1610612753, Player ID: 1641783 across 2025-26
2026-04-10 00:32:39,897 - INFO - Saved data for player 1641783 to daily_data/2026/1641783.csv
2026-04-10 00:32:39,898 - INFO - Processing 1641790 - 1610612763.0 for 2026 (226/294)
2026-04-10 00:32:39,898 - INFO - Fetching ON Regular Season WOWY stats for Team ID: 1610612763, Player ID: 1641790  2025-26
2026-04-10 00:32:54,025 - WARNING - Request failed: 500 Server Error: Internal Server Error for url: https://api.pbpstats.com/get-wowy-stats/nba?0Exactly1OnFloor=1641790&TeamId=1610612763&Season=2025-26&SeasonType=Regular+Season&Type=Player. Retrying in 2.96 seconds (attempt 1/3)
2026-04-10 00:32:57,559 - INFO - Fetched ON Regular Season WOWY stats for Team ID: 1610612763, Player ID: 1641790 across 2025-26
2026-04-10 00:32:59,561 - INFO - Fetching OFF Regular Season WOWY stats for Team ID: 1610612763, Player ID: 1641790  2025-26
2026-04-10 00:32:59,825 - INFO - Fetched OFF Regular Season WOWY stats for Team ID: 1610612763, Player ID: 1641790 across 2025-26
2026-04-10 00:33:04,412 - INFO - Saved data for player 1641790 to daily_data/2026/1641790.csv
2026-04-10 00:33:04,413 - INFO - Processing 1641807 - 1610612746.0 for 2026 (227/294)
2026-04-10 00:33:04,413 - INFO - Fetching ON Regular Season WOWY stats for Team ID: 1610612746, Player ID: 1641807  2025-26
2026-04-10 00:33:04,534 - INFO - Fetched ON Regular Season WOWY stats for Team ID: 1610612746, Player ID: 1641807 across 2025-26
2026-04-10 00:33:06,537 - INFO - Fetching OFF Regular Season WOWY stats for Team ID: 1610612746, Player ID: 1641807  2025-26
2026-04-10 00:33:08,255 - INFO - Fetched OFF Regular Season WOWY stats for Team ID: 1610612746, Player ID: 1641807 across 2025-26
2026-04-10 00:33:13,215 - INFO - Saved data for player 1641807 to daily_data/2026/1641807.csv
2026-04-10 00:33:13,216 - INFO - Processing 1641813 - 1610612749.0 for 2026 (228/294)
2026-04-10 00:33:13,216 - INFO - Fetching ON Regular Season WOWY stats for Team ID: 1610612749, Player ID: 1641813  2025-26
2026-04-10 00:33:13,771 - INFO - Fetched ON Regular Season WOWY stats for Team ID: 1610612749, Player ID: 1641813 across 2025-26
2026-04-10 00:33:15,773 - INFO - Fetching OFF Regular Season WOWY stats for Team ID: 1610612749, Player ID: 1641813  2025-26
2026-04-10 00:33:17,864 - INFO - Fetched OFF Regular Season WOWY stats for Team ID: 1610612749, Player ID: 1641813 across 2025-26
2026-04-10 00:33:21,949 - INFO - Saved data for player 1641813 to daily_data/2026/1641813.csv
2026-04-10 00:33:21,949 - INFO - Processing 1641816 - 1610612743.0 for 2026 (229/294)
2026-04-10 00:33:21,949 - INFO - Fetching ON Regular Season WOWY stats for Team ID: 1610612743, Player ID: 1641816  2025-26
2026-04-10 00:33:22,090 - INFO - Fetched ON Regular Season WOWY stats for Team ID: 1610612743, Player ID: 1641816 across 2025-26
2026-04-10 00:33:24,092 - INFO - Fetching OFF Regular Season WOWY stats for Team ID: 1610612743, Player ID: 1641816  2025-26
2026-04-10 00:33:25,224 - INFO - Fetched OFF Regular Season WOWY stats for Team ID: 1610612743, Player ID: 1641816 across 2025-26
2026-04-10 00:33:29,882 - INFO - Saved data for player 1641816 to daily_data/2026/1641816.csv
2026-04-10 00:33:29,882 - INFO - Processing 1641842 - 1610612765.0 for 2026 (230/294)
2026-04-10 00:33:29,883 - INFO - Fetching ON Regular Season WOWY stats for Team ID: 1610612765, Player ID: 1641842  2025-26
2026-04-10 00:33:30,956 - INFO - Fetched ON Regular Season WOWY stats for Team ID: 1610612765, Player ID: 1641842 across 2025-26
2026-04-10 00:33:32,958 - INFO - Fetching OFF Regular Season WOWY stats for Team ID: 1610612765, Player ID: 1641842  2025-26
2026-04-10 00:33:34,273 - INFO - Fetched OFF Regular Season WOWY stats for Team ID: 1610612765, Player ID: 1641842 across 2025-26
2026-04-10 00:33:38,463 - INFO - Saved data for player 1641842 to daily_data/2026/1641842.csv
2026-04-10 00:33:38,463 - INFO - Progress: 230/294 players processed (78.2%)
2026-04-10 00:33:38,464 - INFO - Processing 1641854 - 1610612739.0 for 2026 (231/294)
2026-04-10 00:33:38,464 - INFO - Fetching ON Regular Season WOWY stats for Team ID: 1610612739, Player ID: 1641854  2025-26
2026-04-10 00:33:39,995 - INFO - Fetched ON Regular Season WOWY stats for Team ID: 1610612739, Player ID: 1641854 across 2025-26
2026-04-10 00:33:41,997 - INFO - Fetching OFF Regular Season WOWY stats for Team ID: 1610612739, Player ID: 1641854  2025-26
2026-04-10 00:33:44,045 - INFO - Fetched OFF Regular Season WOWY stats for Team ID: 1610612739, Player ID: 1641854 across 2025-26
2026-04-10 00:33:49,066 - INFO - Saved data for player 1641854 to daily_data/2026/1641854.csv
2026-04-10 00:33:49,066 - INFO - Processing 1641871 - 1610612757.0 for 2026 (232/294)
2026-04-10 00:33:49,066 - INFO - Fetching ON Regular Season WOWY stats for Team ID: 1610612757, Player ID: 1641871  2025-26
2026-04-10 00:33:50,539 - INFO - Fetched ON Regular Season WOWY stats for Team ID: 1610612757, Player ID: 1641871 across 2025-26
2026-04-10 00:33:52,541 - INFO - Fetching OFF Regular Season WOWY stats for Team ID: 1610612757, Player ID: 1641871  2025-26
2026-04-10 00:34:15,245 - INFO - Fetched OFF Regular Season WOWY stats for Team ID: 1610612757, Player ID: 1641871 across 2025-26
2026-04-10 00:34:19,617 - INFO - Saved data for player 1641871 to daily_data/2026/1641871.csv
2026-04-10 00:34:19,618 - INFO - Processing 1641890 - 1610612742.0 for 2026 (233/294)
2026-04-10 00:34:19,618 - INFO - Fetching ON Regular Season WOWY stats for Team ID: 1610612742, Player ID: 1641890  2025-26
2026-04-10 00:34:20,650 - INFO - Fetched ON Regular Season WOWY stats for Team ID: 1610612742, Player ID: 1641890 across 2025-26
2026-04-10 00:34:22,652 - INFO - Fetching OFF Regular Season WOWY stats for Team ID: 1610612742, Player ID: 1641890  2025-26
2026-04-10 00:34:25,322 - INFO - Fetched OFF Regular Season WOWY stats for Team ID: 1610612742, Player ID: 1641890 across 2025-26
2026-04-10 00:34:29,510 - INFO - Saved data for player 1641890 to daily_data/2026/1641890.csv
2026-04-10 00:34:29,510 - INFO - Processing 1642258 - 1610612737.0 for 2026 (234/294)
2026-04-10 00:34:29,510 - INFO - Fetching ON Regular Season WOWY stats for Team ID: 1610612737, Player ID: 1642258  2025-26
2026-04-10 00:34:30,689 - INFO - Fetched ON Regular Season WOWY stats for Team ID: 1610612737, Player ID: 1642258 across 2025-26
2026-04-10 00:34:32,692 - INFO - Fetching OFF Regular Season WOWY stats for Team ID: 1610612737, Player ID: 1642258  2025-26
2026-04-10 00:34:34,129 - INFO - Fetched OFF Regular Season WOWY stats for Team ID: 1610612737, Player ID: 1642258 across 2025-26
2026-04-10 00:34:38,792 - INFO - Saved data for player 1642258 to daily_data/2026/1642258.csv
2026-04-10 00:34:38,793 - INFO - Processing 1642260 - 1610612760.0 for 2026 (235/294)
2026-04-10 00:34:38,793 - INFO - Fetching ON Regular Season WOWY stats for Team ID: 1610612760, Player ID: 1642260  2025-26
2026-04-10 00:34:39,551 - INFO - Fetched ON Regular Season WOWY stats for Team ID: 1610612760, Player ID: 1642260 across 2025-26
2026-04-10 00:34:41,553 - INFO - Fetching OFF Regular Season WOWY stats for Team ID: 1610612760, Player ID: 1642260  2025-26
2026-04-10 00:34:41,740 - INFO - Fetched OFF Regular Season WOWY stats for Team ID: 1610612760, Player ID: 1642260 across 2025-26
2026-04-10 00:34:46,607 - INFO - Saved data for player 1642260 to daily_data/2026/1642260.csv
2026-04-10 00:34:46,608 - INFO - Processing 1642264 - 1610612759.0 for 2026 (236/294)
2026-04-10 00:34:46,608 - INFO - Fetching ON Regular Season WOWY stats for Team ID: 1610612759, Player ID: 1642264  2025-26
2026-04-10 00:34:46,777 - INFO - Fetched ON Regular Season WOWY stats for Team ID: 1610612759, Player ID: 1642264 across 2025-26
2026-04-10 00:34:48,779 - INFO - Fetching OFF Regular Season WOWY stats for Team ID: 1610612759, Player ID: 1642264  2025-26
2026-04-10 00:34:50,067 - INFO - Fetched OFF Regular Season WOWY stats for Team ID: 1610612759, Player ID: 1642264 across 2025-26
2026-04-10 00:34:54,591 - INFO - Saved data for player 1642264 to daily_data/2026/1642264.csv
2026-04-10 00:34:54,592 - INFO - Processing 1642265 - 1610612750.0 for 2026 (237/294)
2026-04-10 00:34:54,592 - INFO - Fetching ON Regular Season WOWY stats for Team ID: 1610612750, Player ID: 1642265  2025-26
2026-04-10 00:34:55,432 - INFO - Fetched ON Regular Season WOWY stats for Team ID: 1610612750, Player ID: 1642265 across 2025-26
2026-04-10 00:34:57,435 - INFO - Fetching OFF Regular Season WOWY stats for Team ID: 1610612750, Player ID: 1642265  2025-26
2026-04-10 00:34:58,827 - INFO - Fetched OFF Regular Season WOWY stats for Team ID: 1610612750, Player ID: 1642265 across 2025-26
2026-04-10 00:35:03,068 - INFO - Saved data for player 1642265 to daily_data/2026/1642265.csv
2026-04-10 00:35:03,069 - INFO - Processing 1642270 - 1610612757.0 for 2026 (238/294)
2026-04-10 00:35:03,069 - INFO - Fetching ON Regular Season WOWY stats for Team ID: 1610612757, Player ID: 1642270  2025-26
2026-04-10 00:35:04,493 - INFO - Fetched ON Regular Season WOWY stats for Team ID: 1610612757, Player ID: 1642270 across 2025-26
2026-04-10 00:35:06,495 - INFO - Fetching OFF Regular Season WOWY stats for Team ID: 1610612757, Player ID: 1642270  2025-26
2026-04-10 00:35:07,975 - INFO - Fetched OFF Regular Season WOWY stats for Team ID: 1610612757, Player ID: 1642270 across 2025-26
2026-04-10 00:35:12,739 - INFO - Saved data for player 1642270 to daily_data/2026/1642270.csv
2026-04-10 00:35:12,740 - INFO - Processing 1642272 - 1610612760.0 for 2026 (239/294)
2026-04-10 00:35:12,740 - INFO - Fetching ON Regular Season WOWY stats for Team ID: 1610612760, Player ID: 1642272  2025-26
2026-04-10 00:35:22,631 - INFO - Fetched ON Regular Season WOWY stats for Team ID: 1610612760, Player ID: 1642272 across 2025-26
2026-04-10 00:35:24,633 - INFO - Fetching OFF Regular Season WOWY stats for Team ID: 1610612760, Player ID: 1642272  2025-26
2026-04-10 00:35:26,347 - INFO - Fetched OFF Regular Season WOWY stats for Team ID: 1610612760, Player ID: 1642272 across 2025-26
2026-04-10 00:35:30,434 - INFO - Saved data for player 1642272 to daily_data/2026/1642272.csv
2026-04-10 00:35:30,434 - INFO - Processing 1642281 - 1610612739.0 for 2026 (240/294)
2026-04-10 00:35:30,434 - INFO - Fetching ON Regular Season WOWY stats for Team ID: 1610612739, Player ID: 1642281  2025-26
2026-04-10 00:35:31,957 - INFO - Fetched ON Regular Season WOWY stats for Team ID: 1610612739, Player ID: 1642281 across 2025-26
2026-04-10 00:35:33,960 - INFO - Fetching OFF Regular Season WOWY stats for Team ID: 1610612739, Player ID: 1642281  2025-26
2026-04-10 00:35:34,160 - INFO - Fetched OFF Regular Season WOWY stats for Team ID: 1610612739, Player ID: 1642281 across 2025-26
2026-04-10 00:35:38,841 - INFO - Saved data for player 1642281 to daily_data/2026/1642281.csv
2026-04-10 00:35:38,841 - INFO - Progress: 240/294 players processed (81.6%)
2026-04-10 00:35:38,842 - INFO - Processing 1642285 - 1610612763.0 for 2026 (241/294)
2026-04-10 00:35:38,842 - INFO - Fetching ON Regular Season WOWY stats for Team ID: 1610612763, Player ID: 1642285  2025-26
2026-04-10 00:35:55,726 - INFO - Fetched ON Regular Season WOWY stats for Team ID: 1610612763, Player ID: 1642285 across 2025-26
2026-04-10 00:35:57,728 - INFO - Fetching OFF Regular Season WOWY stats for Team ID: 1610612763, Player ID: 1642285  2025-26
2026-04-10 00:35:59,274 - INFO - Fetched OFF Regular Season WOWY stats for Team ID: 1610612763, Player ID: 1642285 across 2025-26
2026-04-10 00:36:03,792 - INFO - Saved data for player 1642285 to daily_data/2026/1642285.csv
2026-04-10 00:36:03,792 - INFO - Processing 1642345 - 1610612756.0 for 2026 (242/294)
2026-04-10 00:36:03,792 - INFO - Fetching ON Regular Season WOWY stats for Team ID: 1610612756, Player ID: 1642345  2025-26
2026-04-10 00:36:04,004 - INFO - Fetched ON Regular Season WOWY stats for Team ID: 1610612756, Player ID: 1642345 across 2025-26
2026-04-10 00:36:06,007 - INFO - Fetching OFF Regular Season WOWY stats for Team ID: 1610612756, Player ID: 1642345  2025-26
2026-04-10 00:36:06,186 - INFO - Fetched OFF Regular Season WOWY stats for Team ID: 1610612756, Player ID: 1642345 across 2025-26
2026-04-10 00:36:10,743 - INFO - Saved data for player 1642345 to daily_data/2026/1642345.csv
2026-04-10 00:36:10,743 - INFO - Processing 1642346 - 1610612756.0 for 2026 (243/294)
2026-04-10 00:36:10,743 - INFO - Fetching ON Regular Season WOWY stats for Team ID: 1610612756, Player ID: 1642346  2025-26
2026-04-10 00:36:11,796 - INFO - Fetched ON Regular Season WOWY stats for Team ID: 1610612756, Player ID: 1642346 across 2025-26
2026-04-10 00:36:13,798 - INFO - Fetching OFF Regular Season WOWY stats for Team ID: 1610612756, Player ID: 1642346  2025-26
2026-04-10 00:36:13,981 - INFO - Fetched OFF Regular Season WOWY stats for Team ID: 1610612756, Player ID: 1642346 across 2025-26
2026-04-10 00:36:18,013 - INFO - Saved data for player 1642346 to daily_data/2026/1642346.csv
2026-04-10 00:36:18,014 - INFO - Processing 1642349 - 1610612760.0 for 2026 (244/294)
2026-04-10 00:36:18,014 - INFO - Fetching ON Regular Season WOWY stats for Team ID: 1610612760, Player ID: 1642349  2025-26
2026-04-10 00:36:19,371 - INFO - Fetched ON Regular Season WOWY stats for Team ID: 1610612760, Player ID: 1642349 across 2025-26
2026-04-10 00:36:21,373 - INFO - Fetching OFF Regular Season WOWY stats for Team ID: 1610612760, Player ID: 1642349  2025-26
2026-04-10 00:36:22,624 - INFO - Fetched OFF Regular Season WOWY stats for Team ID: 1610612760, Player ID: 1642349 across 2025-26
2026-04-10 00:36:27,633 - INFO - Saved data for player 1642349 to daily_data/2026/1642349.csv
2026-04-10 00:36:27,634 - INFO - Processing 1642353 - 1610612746.0 for 2026 (245/294)
2026-04-10 00:36:27,634 - INFO - Fetching ON Regular Season WOWY stats for Team ID: 1610612746, Player ID: 1642353  2025-26
2026-04-10 00:36:45,738 - WARNING - Request failed: 500 Server Error: Internal Server Error for url: https://api.pbpstats.com/get-wowy-stats/nba?0Exactly1OnFloor=1642353&TeamId=1610612746&Season=2025-26&SeasonType=Regular+Season&Type=Player. Retrying in 2.45 seconds (attempt 1/3)
2026-04-10 00:36:49,112 - INFO - Fetched ON Regular Season WOWY stats for Team ID: 1610612746, Player ID: 1642353 across 2025-26
2026-04-10 00:36:51,114 - INFO - Fetching OFF Regular Season WOWY stats for Team ID: 1610612746, Player ID: 1642353  2025-26
2026-04-10 00:36:51,379 - INFO - Fetched OFF Regular Season WOWY stats for Team ID: 1610612746, Player ID: 1642353 across 2025-26
2026-04-10 00:36:55,996 - INFO - Saved data for player 1642353 to daily_data/2026/1642353.csv
2026-04-10 00:36:55,997 - INFO - Processing 1642354 - 1610612743.0 for 2026 (246/294)
2026-04-10 00:36:55,997 - INFO - Fetching ON Regular Season WOWY stats for Team ID: 1610612743, Player ID: 1642354  2025-26
2026-04-10 00:36:56,893 - INFO - Fetched ON Regular Season WOWY stats for Team ID: 1610612743, Player ID: 1642354 across 2025-26
2026-04-10 00:36:58,895 - INFO - Fetching OFF Regular Season WOWY stats for Team ID: 1610612743, Player ID: 1642354  2025-26
2026-04-10 00:37:00,336 - INFO - Fetched OFF Regular Season WOWY stats for Team ID: 1610612743, Player ID: 1642354 across 2025-26
2026-04-10 00:37:05,218 - INFO - Saved data for player 1642354 to daily_data/2026/1642354.csv
2026-04-10 00:37:05,219 - INFO - Processing 1642357 - 1610612759.0 for 2026 (247/294)
2026-04-10 00:37:05,219 - INFO - Fetching ON Regular Season WOWY stats for Team ID: 1610612759, Player ID: 1642357  2025-26
2026-04-10 00:37:05,900 - INFO - Fetched ON Regular Season WOWY stats for Team ID: 1610612759, Player ID: 1642357 across 2025-26
2026-04-10 00:37:07,903 - INFO - Fetching OFF Regular Season WOWY stats for Team ID: 1610612759, Player ID: 1642357  2025-26
2026-04-10 00:37:30,008 - WARNING - Request failed: 500 Server Error: Internal Server Error for url: https://api.pbpstats.com/get-wowy-stats/nba?0Exactly0OnFloor=1642357&TeamId=1610612759&Season=2025-26&SeasonType=Regular+Season&Type=Player. Retrying in 2.38 seconds (attempt 1/3)
2026-04-10 00:37:34,222 - INFO - Fetched OFF Regular Season WOWY stats for Team ID: 1610612759, Player ID: 1642357 across 2025-26
2026-04-10 00:37:38,727 - INFO - Saved data for player 1642357 to daily_data/2026/1642357.csv
2026-04-10 00:37:38,727 - INFO - Processing 1642358 - 1610612742.0 for 2026 (248/294)
2026-04-10 00:37:38,728 - INFO - Fetching ON Regular Season WOWY stats for Team ID: 1610612742, Player ID: 1642358  2025-26
2026-04-10 00:37:38,994 - INFO - Fetched ON Regular Season WOWY stats for Team ID: 1610612742, Player ID: 1642358 across 2025-26
2026-04-10 00:37:40,996 - INFO - Fetching OFF Regular Season WOWY stats for Team ID: 1610612742, Player ID: 1642358  2025-26
2026-04-10 00:37:41,240 - INFO - Fetched OFF Regular Season WOWY stats for Team ID: 1610612742, Player ID: 1642358 across 2025-26
2026-04-10 00:37:45,976 - INFO - Saved data for player 1642358 to daily_data/2026/1642358.csv
2026-04-10 00:37:45,977 - INFO - Processing 1642362 - 1610612760.0 for 2026 (249/294)
2026-04-10 00:37:45,977 - INFO - Fetching ON Regular Season WOWY stats for Team ID: 1610612760, Player ID: 1642362  2025-26
2026-04-10 00:37:46,440 - INFO - Fetched ON Regular Season WOWY stats for Team ID: 1610612760, Player ID: 1642362 across 2025-26
2026-04-10 00:37:48,442 - INFO - Fetching OFF Regular Season WOWY stats for Team ID: 1610612760, Player ID: 1642362  2025-26
2026-04-10 00:37:48,633 - INFO - Fetched OFF Regular Season WOWY stats for Team ID: 1610612760, Player ID: 1642362 across 2025-26
2026-04-10 00:37:53,295 - INFO - Saved data for player 1642362 to daily_data/2026/1642362.csv
2026-04-10 00:37:53,295 - INFO - Processing 1642368 - 1610612737.0 for 2026 (250/294)
2026-04-10 00:37:53,295 - INFO - Fetching ON Regular Season WOWY stats for Team ID: 1610612737, Player ID: 1642368  2025-26
2026-04-10 00:37:53,826 - INFO - Fetched ON Regular Season WOWY stats for Team ID: 1610612737, Player ID: 1642368 across 2025-26
2026-04-10 00:37:55,828 - INFO - Fetching OFF Regular Season WOWY stats for Team ID: 1610612737, Player ID: 1642368  2025-26
2026-04-10 00:37:57,356 - INFO - Fetched OFF Regular Season WOWY stats for Team ID: 1610612737, Player ID: 1642368 across 2025-26
2026-04-10 00:38:02,094 - INFO - Saved data for player 1642368 to daily_data/2026/1642368.csv
2026-04-10 00:38:02,095 - INFO - Progress: 250/294 players processed (85.0%)
2026-04-10 00:38:02,095 - INFO - Processing 1642377 - 1610612763.0 for 2026 (251/294)
2026-04-10 00:38:02,095 - INFO - Fetching ON Regular Season WOWY stats for Team ID: 1610612763, Player ID: 1642377  2025-26
2026-04-10 00:38:02,343 - INFO - Fetched ON Regular Season WOWY stats for Team ID: 1610612763, Player ID: 1642377 across 2025-26
2026-04-10 00:38:04,345 - INFO - Fetching OFF Regular Season WOWY stats for Team ID: 1610612763, Player ID: 1642377  2025-26
2026-04-10 00:38:04,629 - INFO - Fetched OFF Regular Season WOWY stats for Team ID: 1610612763, Player ID: 1642377 across 2025-26
2026-04-10 00:38:09,591 - INFO - Saved data for player 1642377 to daily_data/2026/1642377.csv
2026-04-10 00:38:09,592 - INFO - Processing 1642382 - 1610612760.0 for 2026 (252/294)
2026-04-10 00:38:09,592 - INFO - Fetching ON Regular Season WOWY stats for Team ID: 1610612760, Player ID: 1642382  2025-26
2026-04-10 00:38:09,763 - INFO - Fetched ON Regular Season WOWY stats for Team ID: 1610612760, Player ID: 1642382 across 2025-26
2026-04-10 00:38:11,765 - INFO - Fetching OFF Regular Season WOWY stats for Team ID: 1610612760, Player ID: 1642382  2025-26
2026-04-10 00:38:13,354 - INFO - Fetched OFF Regular Season WOWY stats for Team ID: 1610612760, Player ID: 1642382 across 2025-26
2026-04-10 00:38:17,538 - INFO - Saved data for player 1642382 to daily_data/2026/1642382.csv
2026-04-10 00:38:17,539 - INFO - Processing 1642383 - 1610612763.0 for 2026 (253/294)
2026-04-10 00:38:17,539 - INFO - Fetching ON Regular Season WOWY stats for Team ID: 1610612763, Player ID: 1642383  2025-26
2026-04-10 00:38:18,493 - INFO - Fetched ON Regular Season WOWY stats for Team ID: 1610612763, Player ID: 1642383 across 2025-26
2026-04-10 00:38:20,496 - INFO - Fetching OFF Regular Season WOWY stats for Team ID: 1610612763, Player ID: 1642383  2025-26
2026-04-10 00:38:22,273 - INFO - Fetched OFF Regular Season WOWY stats for Team ID: 1610612763, Player ID: 1642383 across 2025-26
2026-04-10 00:38:27,255 - INFO - Saved data for player 1642383 to daily_data/2026/1642383.csv
2026-04-10 00:38:27,256 - INFO - Processing 1642389 - 1610612750.0 for 2026 (254/294)
2026-04-10 00:38:27,256 - INFO - Fetching ON Regular Season WOWY stats for Team ID: 1610612750, Player ID: 1642389  2025-26
2026-04-10 00:38:27,738 - INFO - Fetched ON Regular Season WOWY stats for Team ID: 1610612750, Player ID: 1642389 across 2025-26
2026-04-10 00:38:29,741 - INFO - Fetching OFF Regular Season WOWY stats for Team ID: 1610612750, Player ID: 1642389  2025-26
2026-04-10 00:38:31,141 - INFO - Fetched OFF Regular Season WOWY stats for Team ID: 1610612750, Player ID: 1642389 across 2025-26
2026-04-10 00:38:35,882 - INFO - Saved data for player 1642389 to daily_data/2026/1642389.csv
2026-04-10 00:38:35,883 - INFO - Processing 1642400 - 1610612739.0 for 2026 (255/294)
2026-04-10 00:38:35,883 - INFO - Fetching ON Regular Season WOWY stats for Team ID: 1610612739, Player ID: 1642400  2025-26
2026-04-10 00:38:36,769 - INFO - Fetched ON Regular Season WOWY stats for Team ID: 1610612739, Player ID: 1642400 across 2025-26
2026-04-10 00:38:38,771 - INFO - Fetching OFF Regular Season WOWY stats for Team ID: 1610612739, Player ID: 1642400  2025-26
2026-04-10 00:39:08,860 - WARNING - Request failed: HTTPSConnectionPool(host='api.pbpstats.com', port=443): Read timed out. (read timeout=30). Retrying in 2.67 seconds (attempt 1/3)
2026-04-10 00:39:18,801 - INFO - Fetched OFF Regular Season WOWY stats for Team ID: 1610612739, Player ID: 1642400 across 2025-26
2026-04-10 00:39:23,396 - INFO - Saved data for player 1642400 to daily_data/2026/1642400.csv
2026-04-10 00:39:23,396 - INFO - Processing 1642402 - 1610612750.0 for 2026 (256/294)
2026-04-10 00:39:23,396 - INFO - Fetching ON Regular Season WOWY stats for Team ID: 1610612750, Player ID: 1642402  2025-26
2026-04-10 00:39:24,246 - INFO - Fetched ON Regular Season WOWY stats for Team ID: 1610612750, Player ID: 1642402 across 2025-26
2026-04-10 00:39:26,248 - INFO - Fetching OFF Regular Season WOWY stats for Team ID: 1610612750, Player ID: 1642402  2025-26
2026-04-10 00:39:30,582 - INFO - Fetched OFF Regular Season WOWY stats for Team ID: 1610612750, Player ID: 1642402 across 2025-26
2026-04-10 00:39:35,010 - INFO - Saved data for player 1642402 to daily_data/2026/1642402.csv
2026-04-10 00:39:35,010 - INFO - Processing 1642403 - 1610612765.0 for 2026 (257/294)
2026-04-10 00:39:35,011 - INFO - Fetching ON Regular Season WOWY stats for Team ID: 1610612765, Player ID: 1642403  2025-26
2026-04-10 00:39:45,082 - INFO - Fetched ON Regular Season WOWY stats for Team ID: 1610612765, Player ID: 1642403 across 2025-26
2026-04-10 00:39:47,084 - INFO - Fetching OFF Regular Season WOWY stats for Team ID: 1610612765, Player ID: 1642403  2025-26
2026-04-10 00:39:58,113 - WARNING - Request failed: 500 Server Error: Internal Server Error for url: https://api.pbpstats.com/get-wowy-stats/nba?0Exactly0OnFloor=1642403&TeamId=1610612765&Season=2025-26&SeasonType=Regular+Season&Type=Player. Retrying in 2.59 seconds (attempt 1/3)
2026-04-10 00:40:04,666 - INFO - Fetched OFF Regular Season WOWY stats for Team ID: 1610612765, Player ID: 1642403 across 2025-26
2026-04-10 00:40:09,348 - INFO - Saved data for player 1642403 to daily_data/2026/1642403.csv
2026-04-10 00:40:09,349 - INFO - Processing 1642404 - 1610612765.0 for 2026 (258/294)
2026-04-10 00:40:09,349 - INFO - Fetching ON Regular Season WOWY stats for Team ID: 1610612765, Player ID: 1642404  2025-26
2026-04-10 00:40:09,520 - INFO - Fetched ON Regular Season WOWY stats for Team ID: 1610612765, Player ID: 1642404 across 2025-26
2026-04-10 00:40:11,522 - INFO - Fetching OFF Regular Season WOWY stats for Team ID: 1610612765, Player ID: 1642404  2025-26
2026-04-10 00:40:13,158 - INFO - Fetched OFF Regular Season WOWY stats for Team ID: 1610612765, Player ID: 1642404 across 2025-26
2026-04-10 00:40:17,982 - INFO - Saved data for player 1642404 to daily_data/2026/1642404.csv
2026-04-10 00:40:17,983 - INFO - Processing 1642434 - 1610612759.0 for 2026 (259/294)
2026-04-10 00:40:17,983 - INFO - Fetching ON Regular Season WOWY stats for Team ID: 1610612759, Player ID: 1642434  2025-26
2026-04-10 00:40:24,123 - WARNING - Request failed: 500 Server Error: Internal Server Error for url: https://api.pbpstats.com/get-wowy-stats/nba?0Exactly1OnFloor=1642434&TeamId=1610612759&Season=2025-26&SeasonType=Regular+Season&Type=Player. Retrying in 2.55 seconds (attempt 1/3)
2026-04-10 00:40:27,663 - INFO - Fetched ON Regular Season WOWY stats for Team ID: 1610612759, Player ID: 1642434 across 2025-26
2026-04-10 00:40:29,666 - INFO - Fetching OFF Regular Season WOWY stats for Team ID: 1610612759, Player ID: 1642434  2025-26
2026-04-10 00:40:34,445 - INFO - Fetched OFF Regular Season WOWY stats for Team ID: 1610612759, Player ID: 1642434 across 2025-26
2026-04-10 00:40:38,993 - INFO - Processing 1642434 - 1610612739.0 for 2026 (259/294)
2026-04-10 00:40:38,993 - INFO - Fetching ON Regular Season WOWY stats for Team ID: 1610612739, Player ID: 1642434  2025-26
2026-04-10 00:40:40,081 - INFO - Fetched ON Regular Season WOWY stats for Team ID: 1610612739, Player ID: 1642434 across 2025-26
2026-04-10 00:40:42,083 - INFO - Fetching OFF Regular Season WOWY stats for Team ID: 1610612739, Player ID: 1642434  2025-26
2026-04-10 00:40:47,838 - INFO - Fetched OFF Regular Season WOWY stats for Team ID: 1610612739, Player ID: 1642434 across 2025-26
2026-04-10 00:40:52,575 - INFO - Saved data for player 1642434 to daily_data/2026/1642434.csv
2026-04-10 00:40:52,576 - INFO - Processing 1642449 - 1610612765.0 for 2026 (260/294)
2026-04-10 00:40:52,576 - INFO - Fetching ON Regular Season WOWY stats for Team ID: 1610612765, Player ID: 1642449  2025-26
2026-04-10 00:40:54,758 - INFO - Fetched ON Regular Season WOWY stats for Team ID: 1610612765, Player ID: 1642449 across 2025-26
2026-04-10 00:40:56,760 - INFO - Fetching OFF Regular Season WOWY stats for Team ID: 1610612765, Player ID: 1642449  2025-26
2026-04-10 00:40:58,814 - INFO - Fetched OFF Regular Season WOWY stats for Team ID: 1610612765, Player ID: 1642449 across 2025-26
2026-04-10 00:41:03,168 - INFO - Saved data for player 1642449 to daily_data/2026/1642449.csv
2026-04-10 00:41:03,168 - INFO - Progress: 260/294 players processed (88.4%)
2026-04-10 00:41:03,169 - INFO - Processing 1642450 - 1610612765.0 for 2026 (261/294)
2026-04-10 00:41:03,169 - INFO - Fetching ON Regular Season WOWY stats for Team ID: 1610612765, Player ID: 1642450  2025-26
2026-04-10 00:41:06,259 - INFO - Fetched ON Regular Season WOWY stats for Team ID: 1610612765, Player ID: 1642450 across 2025-26
2026-04-10 00:41:08,261 - INFO - Fetching OFF Regular Season WOWY stats for Team ID: 1610612765, Player ID: 1642450  2025-26
2026-04-10 00:41:08,680 - INFO - Fetched OFF Regular Season WOWY stats for Team ID: 1610612765, Player ID: 1642450 across 2025-26
2026-04-10 00:41:13,367 - INFO - Saved data for player 1642450 to daily_data/2026/1642450.csv
2026-04-10 00:41:13,368 - INFO - Processing 1642461 - 1610612743.0 for 2026 (262/294)
2026-04-10 00:41:13,368 - INFO - Fetching ON Regular Season WOWY stats for Team ID: 1610612743, Player ID: 1642461  2025-26
2026-04-10 00:41:14,883 - INFO - Fetched ON Regular Season WOWY stats for Team ID: 1610612743, Player ID: 1642461 across 2025-26
2026-04-10 00:41:16,885 - INFO - Fetching OFF Regular Season WOWY stats for Team ID: 1610612743, Player ID: 1642461  2025-26
2026-04-10 00:41:19,535 - INFO - Fetched OFF Regular Season WOWY stats for Team ID: 1610612743, Player ID: 1642461 across 2025-26
2026-04-10 00:41:24,207 - INFO - Saved data for player 1642461 to daily_data/2026/1642461.csv
2026-04-10 00:41:24,208 - INFO - Processing 1642484 - 1610612746.0 for 2026 (263/294)
2026-04-10 00:41:24,208 - INFO - Fetching ON Regular Season WOWY stats for Team ID: 1610612746, Player ID: 1642484  2025-26
2026-04-10 00:41:24,308 - INFO - Fetched ON Regular Season WOWY stats for Team ID: 1610612746, Player ID: 1642484 across 2025-26
2026-04-10 00:41:26,310 - INFO - Fetching OFF Regular Season WOWY stats for Team ID: 1610612746, Player ID: 1642484  2025-26
2026-04-10 00:41:28,030 - INFO - Fetched OFF Regular Season WOWY stats for Team ID: 1610612746, Player ID: 1642484 across 2025-26
2026-04-10 00:41:32,535 - INFO - Processing 1642484 - 1610612737.0 for 2026 (263/294)
2026-04-10 00:41:32,535 - INFO - Fetching ON Regular Season WOWY stats for Team ID: 1610612737, Player ID: 1642484  2025-26
2026-04-10 00:41:33,406 - INFO - Fetched ON Regular Season WOWY stats for Team ID: 1610612737, Player ID: 1642484 across 2025-26
2026-04-10 00:41:35,408 - INFO - Fetching OFF Regular Season WOWY stats for Team ID: 1610612737, Player ID: 1642484  2025-26
2026-04-10 00:41:38,346 - INFO - Fetched OFF Regular Season WOWY stats for Team ID: 1610612737, Player ID: 1642484 across 2025-26
2026-04-10 00:41:43,086 - INFO - Saved data for player 1642484 to daily_data/2026/1642484.csv
2026-04-10 00:41:43,087 - INFO - Processing 1642504 - 1610612749.0 for 2026 (264/294)
2026-04-10 00:41:43,087 - INFO - Fetching ON Regular Season WOWY stats for Team ID: 1610612749, Player ID: 1642504  2025-26
2026-04-10 00:41:43,769 - INFO - Fetched ON Regular Season WOWY stats for Team ID: 1610612749, Player ID: 1642504 across 2025-26
2026-04-10 00:41:45,771 - INFO - Fetching OFF Regular Season WOWY stats for Team ID: 1610612749, Player ID: 1642504  2025-26
2026-04-10 00:41:47,319 - INFO - Fetched OFF Regular Season WOWY stats for Team ID: 1610612749, Player ID: 1642504 across 2025-26
2026-04-10 00:41:51,835 - INFO - Saved data for player 1642504 to daily_data/2026/1642504.csv
2026-04-10 00:41:51,836 - INFO - Processing 1642843 - 1610612742.0 for 2026 (265/294)
2026-04-10 00:41:51,836 - INFO - Fetching ON Regular Season WOWY stats for Team ID: 1610612742, Player ID: 1642843  2025-26
2026-04-10 00:41:53,470 - INFO - Fetched ON Regular Season WOWY stats for Team ID: 1610612742, Player ID: 1642843 across 2025-26
2026-04-10 00:41:55,472 - INFO - Fetching OFF Regular Season WOWY stats for Team ID: 1610612742, Player ID: 1642843  2025-26
2026-04-10 00:41:57,156 - INFO - Fetched OFF Regular Season WOWY stats for Team ID: 1610612742, Player ID: 1642843 across 2025-26
2026-04-10 00:42:01,405 - INFO - Saved data for player 1642843 to daily_data/2026/1642843.csv
2026-04-10 00:42:01,406 - INFO - Processing 1642844 - 1610612759.0 for 2026 (266/294)
2026-04-10 00:42:01,406 - INFO - Fetching ON Regular Season WOWY stats for Team ID: 1610612759, Player ID: 1642844  2025-26
2026-04-10 00:42:02,585 - INFO - Fetched ON Regular Season WOWY stats for Team ID: 1610612759, Player ID: 1642844 across 2025-26
2026-04-10 00:42:04,588 - INFO - Fetching OFF Regular Season WOWY stats for Team ID: 1610612759, Player ID: 1642844  2025-26
2026-04-10 00:42:04,789 - INFO - Fetched OFF Regular Season WOWY stats for Team ID: 1610612759, Player ID: 1642844 across 2025-26
2026-04-10 00:42:09,286 - INFO - Saved data for player 1642844 to daily_data/2026/1642844.csv
2026-04-10 00:42:09,286 - INFO - Processing 1642853 - 1610612756.0 for 2026 (267/294)
2026-04-10 00:42:09,286 - INFO - Fetching ON Regular Season WOWY stats for Team ID: 1610612756, Player ID: 1642853  2025-26
2026-04-10 00:42:09,599 - INFO - Fetched ON Regular Season WOWY stats for Team ID: 1610612756, Player ID: 1642853 across 2025-26
2026-04-10 00:42:11,601 - INFO - Fetching OFF Regular Season WOWY stats for Team ID: 1610612756, Player ID: 1642853  2025-26
2026-04-10 00:42:11,778 - INFO - Fetched OFF Regular Season WOWY stats for Team ID: 1610612756, Player ID: 1642853 across 2025-26
2026-04-10 00:42:16,695 - INFO - Saved data for player 1642853 to daily_data/2026/1642853.csv
2026-04-10 00:42:16,696 - INFO - Processing 1642854 - 1610612737.0 for 2026 (268/294)
2026-04-10 00:42:16,696 - INFO - Fetching ON Regular Season WOWY stats for Team ID: 1610612737, Player ID: 1642854  2025-26
2026-04-10 00:42:16,869 - INFO - Fetched ON Regular Season WOWY stats for Team ID: 1610612737, Player ID: 1642854 across 2025-26
2026-04-10 00:42:18,871 - INFO - Fetching OFF Regular Season WOWY stats for Team ID: 1610612737, Player ID: 1642854  2025-26
2026-04-10 00:42:20,572 - INFO - Fetched OFF Regular Season WOWY stats for Team ID: 1610612737, Player ID: 1642854 across 2025-26
2026-04-10 00:42:24,870 - INFO - Saved data for player 1642854 to daily_data/2026/1642854.csv
2026-04-10 00:42:24,871 - INFO - Processing 1642859 - 1610612753.0 for 2026 (269/294)
2026-04-10 00:42:24,871 - INFO - Fetching ON Regular Season WOWY stats for Team ID: 1610612753, Player ID: 1642859  2025-26
2026-04-10 00:42:25,888 - INFO - Fetched ON Regular Season WOWY stats for Team ID: 1610612753, Player ID: 1642859 across 2025-26
2026-04-10 00:42:27,890 - INFO - Fetching OFF Regular Season WOWY stats for Team ID: 1610612753, Player ID: 1642859  2025-26
2026-04-10 00:42:29,349 - INFO - Fetched OFF Regular Season WOWY stats for Team ID: 1610612753, Player ID: 1642859 across 2025-26
2026-04-10 00:42:33,466 - INFO - Saved data for player 1642859 to daily_data/2026/1642859.csv
2026-04-10 00:42:33,466 - INFO - Processing 1642863 - 1610612756.0 for 2026 (270/294)
2026-04-10 00:42:33,466 - INFO - Fetching ON Regular Season WOWY stats for Team ID: 1610612756, Player ID: 1642863  2025-26
2026-04-10 00:42:33,616 - INFO - Fetched ON Regular Season WOWY stats for Team ID: 1610612756, Player ID: 1642863 across 2025-26
2026-04-10 00:42:35,618 - INFO - Fetching OFF Regular Season WOWY stats for Team ID: 1610612756, Player ID: 1642863  2025-26
2026-04-10 00:42:37,084 - INFO - Fetched OFF Regular Season WOWY stats for Team ID: 1610612756, Player ID: 1642863 across 2025-26
2026-04-10 00:42:42,076 - INFO - Saved data for player 1642863 to daily_data/2026/1642863.csv
2026-04-10 00:42:42,076 - INFO - Progress: 270/294 players processed (91.8%)
2026-04-10 00:42:42,077 - INFO - Processing 1642866 - 1610612750.0 for 2026 (271/294)
2026-04-10 00:42:42,077 - INFO - Fetching ON Regular Season WOWY stats for Team ID: 1610612750, Player ID: 1642866  2025-26
2026-04-10 00:42:42,244 - INFO - Fetched ON Regular Season WOWY stats for Team ID: 1610612750, Player ID: 1642866 across 2025-26
2026-04-10 00:42:44,246 - INFO - Fetching OFF Regular Season WOWY stats for Team ID: 1610612750, Player ID: 1642866  2025-26
2026-04-10 00:42:45,497 - INFO - Fetched OFF Regular Season WOWY stats for Team ID: 1610612750, Player ID: 1642866 across 2025-26
2026-04-10 00:42:50,394 - INFO - Saved data for player 1642866 to daily_data/2026/1642866.csv
2026-04-10 00:42:50,395 - INFO - Processing 1642868 - 1610612759.0 for 2026 (272/294)
2026-04-10 00:42:50,395 - INFO - Fetching ON Regular Season WOWY stats for Team ID: 1610612759, Player ID: 1642868  2025-26
2026-04-10 00:42:51,339 - INFO - Fetched ON Regular Season WOWY stats for Team ID: 1610612759, Player ID: 1642868 across 2025-26
2026-04-10 00:42:53,341 - INFO - Fetching OFF Regular Season WOWY stats for Team ID: 1610612759, Player ID: 1642868  2025-26
2026-04-10 00:42:54,476 - INFO - Fetched OFF Regular Season WOWY stats for Team ID: 1610612759, Player ID: 1642868 across 2025-26
2026-04-10 00:42:58,949 - INFO - Saved data for player 1642868 to daily_data/2026/1642868.csv
2026-04-10 00:42:58,950 - INFO - Processing 1642869 - 1610612753.0 for 2026 (273/294)
2026-04-10 00:42:58,950 - INFO - Fetching ON Regular Season WOWY stats for Team ID: 1610612753, Player ID: 1642869  2025-26
2026-04-10 00:43:06,739 - INFO - Fetched ON Regular Season WOWY stats for Team ID: 1610612753, Player ID: 1642869 across 2025-26
2026-04-10 00:43:08,741 - INFO - Fetching OFF Regular Season WOWY stats for Team ID: 1610612753, Player ID: 1642869  2025-26
2026-04-10 00:43:10,042 - INFO - Fetched OFF Regular Season WOWY stats for Team ID: 1610612753, Player ID: 1642869 across 2025-26
2026-04-10 00:43:14,639 - INFO - Saved data for player 1642869 to daily_data/2026/1642869.csv
2026-04-10 00:43:14,640 - INFO - Processing 1642878 - 1610612739.0 for 2026 (274/294)
2026-04-10 00:43:14,640 - INFO - Fetching ON Regular Season WOWY stats for Team ID: 1610612739, Player ID: 1642878  2025-26
2026-04-10 00:43:14,817 - INFO - Fetched ON Regular Season WOWY stats for Team ID: 1610612739, Player ID: 1642878 across 2025-26
2026-04-10 00:43:16,819 - INFO - Fetching OFF Regular Season WOWY stats for Team ID: 1610612739, Player ID: 1642878  2025-26
2026-04-10 00:43:18,427 - INFO - Fetched OFF Regular Season WOWY stats for Team ID: 1610612739, Player ID: 1642878 across 2025-26
2026-04-10 00:43:22,516 - INFO - Saved data for player 1642878 to daily_data/2026/1642878.csv
2026-04-10 00:43:22,517 - INFO - Processing 1642886 - 1610612756.0 for 2026 (275/294)
2026-04-10 00:43:22,517 - INFO - Fetching ON Regular Season WOWY stats for Team ID: 1610612756, Player ID: 1642886  2025-26
2026-04-10 00:43:23,229 - INFO - Fetched ON Regular Season WOWY stats for Team ID: 1610612756, Player ID: 1642886 across 2025-26
2026-04-10 00:43:25,232 - INFO - Fetching OFF Regular Season WOWY stats for Team ID: 1610612756, Player ID: 1642886  2025-26
2026-04-10 00:43:26,964 - INFO - Fetched OFF Regular Season WOWY stats for Team ID: 1610612756, Player ID: 1642886 across 2025-26
2026-04-10 00:43:31,892 - INFO - Saved data for player 1642886 to daily_data/2026/1642886.csv
2026-04-10 00:43:31,893 - INFO - Processing 1642905 - 1610612757.0 for 2026 (276/294)
2026-04-10 00:43:31,893 - INFO - Fetching ON Regular Season WOWY stats for Team ID: 1610612757, Player ID: 1642905  2025-26
2026-04-10 00:43:32,769 - INFO - Fetched ON Regular Season WOWY stats for Team ID: 1610612757, Player ID: 1642905 across 2025-26
2026-04-10 00:43:34,772 - INFO - Fetching OFF Regular Season WOWY stats for Team ID: 1610612757, Player ID: 1642905  2025-26
2026-04-10 00:43:36,336 - INFO - Fetched OFF Regular Season WOWY stats for Team ID: 1610612757, Player ID: 1642905 across 2025-26
2026-04-10 00:43:40,698 - INFO - Saved data for player 1642905 to daily_data/2026/1642905.csv
2026-04-10 00:43:40,699 - INFO - Processing 1642907 - 1610612763.0 for 2026 (277/294)
2026-04-10 00:43:40,699 - INFO - Fetching ON Regular Season WOWY stats for Team ID: 1610612763, Player ID: 1642907  2025-26
2026-04-10 00:43:42,220 - INFO - Fetched ON Regular Season WOWY stats for Team ID: 1610612763, Player ID: 1642907 across 2025-26
2026-04-10 00:43:44,223 - INFO - Fetching OFF Regular Season WOWY stats for Team ID: 1610612763, Player ID: 1642907  2025-26
2026-04-10 00:43:46,069 - INFO - Fetched OFF Regular Season WOWY stats for Team ID: 1610612763, Player ID: 1642907 across 2025-26
2026-04-10 00:43:50,881 - INFO - Saved data for player 1642907 to daily_data/2026/1642907.csv
2026-04-10 00:43:50,882 - INFO - Processing 1642911 - 1610612750.0 for 2026 (278/294)
2026-04-10 00:43:50,882 - INFO - Fetching ON Regular Season WOWY stats for Team ID: 1610612750, Player ID: 1642911  2025-26
2026-04-10 00:43:51,345 - INFO - Fetched ON Regular Season WOWY stats for Team ID: 1610612750, Player ID: 1642911 across 2025-26
2026-04-10 00:43:53,347 - INFO - Fetching OFF Regular Season WOWY stats for Team ID: 1610612750, Player ID: 1642911  2025-26
2026-04-10 00:43:53,525 - INFO - Fetched OFF Regular Season WOWY stats for Team ID: 1610612750, Player ID: 1642911 across 2025-26
2026-04-10 00:43:57,626 - INFO - Saved data for player 1642911 to daily_data/2026/1642911.csv
2026-04-10 00:43:57,627 - INFO - Processing 1642914 - 1610612763.0 for 2026 (279/294)
2026-04-10 00:43:57,627 - INFO - Fetching ON Regular Season WOWY stats for Team ID: 1610612763, Player ID: 1642914  2025-26
2026-04-10 00:43:58,749 - INFO - Fetched ON Regular Season WOWY stats for Team ID: 1610612763, Player ID: 1642914 across 2025-26
2026-04-10 00:44:00,751 - INFO - Fetching OFF Regular Season WOWY stats for Team ID: 1610612763, Player ID: 1642914  2025-26
2026-04-10 00:44:08,914 - INFO - Fetched OFF Regular Season WOWY stats for Team ID: 1610612763, Player ID: 1642914 across 2025-26
2026-04-10 00:44:13,170 - INFO - Saved data for player 1642914 to daily_data/2026/1642914.csv
2026-04-10 00:44:13,171 - INFO - Processing 1642920 - 1610612746.0 for 2026 (280/294)
2026-04-10 00:44:13,171 - INFO - Fetching ON Regular Season WOWY stats for Team ID: 1610612746, Player ID: 1642920  2025-26
2026-04-10 00:44:13,763 - INFO - Fetched ON Regular Season WOWY stats for Team ID: 1610612746, Player ID: 1642920 across 2025-26
2026-04-10 00:44:15,765 - INFO - Fetching OFF Regular Season WOWY stats for Team ID: 1610612746, Player ID: 1642920  2025-26
2026-04-10 00:44:16,274 - INFO - Fetched OFF Regular Season WOWY stats for Team ID: 1610612746, Player ID: 1642920 across 2025-26
2026-04-10 00:44:21,260 - INFO - Saved data for player 1642920 to daily_data/2026/1642920.csv
2026-04-10 00:44:21,260 - INFO - Progress: 280/294 players processed (95.2%)
2026-04-10 00:44:21,261 - INFO - Processing 1642938 - 1610612743.0 for 2026 (281/294)
2026-04-10 00:44:21,261 - INFO - Fetching ON Regular Season WOWY stats for Team ID: 1610612743, Player ID: 1642938  2025-26
2026-04-10 00:44:21,394 - INFO - Fetched ON Regular Season WOWY stats for Team ID: 1610612743, Player ID: 1642938 across 2025-26
2026-04-10 00:44:23,396 - INFO - Fetching OFF Regular Season WOWY stats for Team ID: 1610612743, Player ID: 1642938  2025-26
2026-04-10 00:44:24,917 - INFO - Fetched OFF Regular Season WOWY stats for Team ID: 1610612743, Player ID: 1642938 across 2025-26
2026-04-10 00:44:29,458 - INFO - Saved data for player 1642938 to daily_data/2026/1642938.csv
2026-04-10 00:44:29,458 - INFO - Processing 1642939 - 1610612742.0 for 2026 (282/294)
2026-04-10 00:44:29,458 - INFO - Fetching ON Regular Season WOWY stats for Team ID: 1610612742, Player ID: 1642939  2025-26
2026-04-10 00:44:29,686 - INFO - Fetched ON Regular Season WOWY stats for Team ID: 1610612742, Player ID: 1642939 across 2025-26
2026-04-10 00:44:31,688 - INFO - Fetching OFF Regular Season WOWY stats for Team ID: 1610612742, Player ID: 1642939  2025-26
2026-04-10 00:44:31,932 - INFO - Fetched OFF Regular Season WOWY stats for Team ID: 1610612742, Player ID: 1642939 across 2025-26
2026-04-10 00:44:36,875 - INFO - Saved data for player 1642939 to daily_data/2026/1642939.csv
2026-04-10 00:44:36,876 - INFO - Processing 1642942 - 1610612763.0 for 2026 (283/294)
2026-04-10 00:44:36,876 - INFO - Fetching ON Regular Season WOWY stats for Team ID: 1610612763, Player ID: 1642942  2025-26
2026-04-10 00:44:37,044 - INFO - Fetched ON Regular Season WOWY stats for Team ID: 1610612763, Player ID: 1642942 across 2025-26
2026-04-10 00:44:39,047 - INFO - Fetching OFF Regular Season WOWY stats for Team ID: 1610612763, Player ID: 1642942  2025-26
2026-04-10 00:44:41,312 - INFO - Fetched OFF Regular Season WOWY stats for Team ID: 1610612763, Player ID: 1642942 across 2025-26
2026-04-10 00:44:46,182 - INFO - Saved data for player 1642942 to daily_data/2026/1642942.csv
2026-04-10 00:44:46,183 - INFO - Processing 1642948 - 1610612742.0 for 2026 (284/294)
2026-04-10 00:44:46,183 - INFO - Fetching ON Regular Season WOWY stats for Team ID: 1610612742, Player ID: 1642948  2025-26
2026-04-10 00:44:47,204 - INFO - Fetched ON Regular Season WOWY stats for Team ID: 1610612742, Player ID: 1642948 across 2025-26
2026-04-10 00:44:49,206 - INFO - Fetching OFF Regular Season WOWY stats for Team ID: 1610612742, Player ID: 1642948  2025-26
2026-04-10 00:44:50,902 - INFO - Fetched OFF Regular Season WOWY stats for Team ID: 1610612742, Player ID: 1642948 across 2025-26
2026-04-10 00:44:54,940 - INFO - Saved data for player 1642948 to daily_data/2026/1642948.csv
2026-04-10 00:44:54,941 - INFO - Processing 1642949 - 1610612746.0 for 2026 (285/294)
2026-04-10 00:44:54,941 - INFO - Fetching ON Regular Season WOWY stats for Team ID: 1610612746, Player ID: 1642949  2025-26
2026-04-10 00:44:55,152 - INFO - Fetched ON Regular Season WOWY stats for Team ID: 1610612746, Player ID: 1642949 across 2025-26
2026-04-10 00:44:57,154 - INFO - Fetching OFF Regular Season WOWY stats for Team ID: 1610612746, Player ID: 1642949  2025-26
2026-04-10 00:44:58,647 - INFO - Fetched OFF Regular Season WOWY stats for Team ID: 1610612746, Player ID: 1642949 across 2025-26
2026-04-10 00:45:03,416 - INFO - Saved data for player 1642949 to daily_data/2026/1642949.csv
2026-04-10 00:45:03,416 - INFO - Processing 1642951 - 1610612746.0 for 2026 (286/294)
2026-04-10 00:45:03,417 - INFO - Fetching ON Regular Season WOWY stats for Team ID: 1610612746, Player ID: 1642951  2025-26
2026-04-10 00:45:04,416 - INFO - Fetched ON Regular Season WOWY stats for Team ID: 1610612746, Player ID: 1642951 across 2025-26
2026-04-10 00:45:06,418 - INFO - Fetching OFF Regular Season WOWY stats for Team ID: 1610612746, Player ID: 1642951  2025-26
2026-04-10 00:45:06,644 - INFO - Fetched OFF Regular Season WOWY stats for Team ID: 1610612746, Player ID: 1642951 across 2025-26
2026-04-10 00:45:10,864 - INFO - Saved data for player 1642951 to daily_data/2026/1642951.csv
2026-04-10 00:45:10,865 - INFO - Processing 1642959 - 1610612760.0 for 2026 (287/294)
2026-04-10 00:45:10,865 - INFO - Fetching ON Regular Season WOWY stats for Team ID: 1610612760, Player ID: 1642959  2025-26
2026-04-10 00:45:11,013 - INFO - Fetched ON Regular Season WOWY stats for Team ID: 1610612760, Player ID: 1642959 across 2025-26
2026-04-10 00:45:13,015 - INFO - Fetching OFF Regular Season WOWY stats for Team ID: 1610612760, Player ID: 1642959  2025-26
2026-04-10 00:45:13,204 - INFO - Fetched OFF Regular Season WOWY stats for Team ID: 1610612760, Player ID: 1642959 across 2025-26
2026-04-10 00:45:17,412 - INFO - Processing 1642959 - 1610612757.0 for 2026 (287/294)
2026-04-10 00:45:17,412 - INFO - Fetching ON Regular Season WOWY stats for Team ID: 1610612757, Player ID: 1642959  2025-26
2026-04-10 00:45:17,511 - INFO - Fetched ON Regular Season WOWY stats for Team ID: 1610612757, Player ID: 1642959 across 2025-26
2026-04-10 00:45:19,513 - INFO - Fetching OFF Regular Season WOWY stats for Team ID: 1610612757, Player ID: 1642959  2025-26
2026-04-10 00:45:21,478 - INFO - Fetched OFF Regular Season WOWY stats for Team ID: 1610612757, Player ID: 1642959 across 2025-26
2026-04-10 00:45:26,145 - INFO - Saved data for player 1642959 to daily_data/2026/1642959.csv
2026-04-10 00:45:26,145 - INFO - Processing 1642964 - 1610612760.0 for 2026 (288/294)
2026-04-10 00:45:26,145 - INFO - Fetching ON Regular Season WOWY stats for Team ID: 1610612760, Player ID: 1642964  2025-26
2026-04-10 00:45:27,027 - INFO - Fetched ON Regular Season WOWY stats for Team ID: 1610612760, Player ID: 1642964 across 2025-26
2026-04-10 00:45:29,029 - INFO - Fetching OFF Regular Season WOWY stats for Team ID: 1610612760, Player ID: 1642964  2025-26
2026-04-10 00:45:30,978 - INFO - Fetched OFF Regular Season WOWY stats for Team ID: 1610612760, Player ID: 1642964 across 2025-26
2026-04-10 00:45:35,230 - INFO - Saved data for player 1642964 to daily_data/2026/1642964.csv
2026-04-10 00:45:35,231 - INFO - Processing 1642967 - 1610612742.0 for 2026 (289/294)
2026-04-10 00:45:35,231 - INFO - Fetching ON Regular Season WOWY stats for Team ID: 1610612742, Player ID: 1642967  2025-26
2026-04-10 00:45:35,949 - INFO - Fetched ON Regular Season WOWY stats for Team ID: 1610612742, Player ID: 1642967 across 2025-26
2026-04-10 00:45:37,951 - INFO - Fetching OFF Regular Season WOWY stats for Team ID: 1610612742, Player ID: 1642967  2025-26
2026-04-10 00:45:41,830 - INFO - Fetched OFF Regular Season WOWY stats for Team ID: 1610612742, Player ID: 1642967 across 2025-26
2026-04-10 00:45:46,509 - INFO - Saved data for player 1642967 to daily_data/2026/1642967.csv
2026-04-10 00:45:46,510 - INFO - Processing 1643047 - 1610612756.0 for 2026 (290/294)
2026-04-10 00:45:46,510 - INFO - Fetching ON Regular Season WOWY stats for Team ID: 1610612756, Player ID: 1643047  2025-26
2026-04-10 00:45:46,606 - INFO - Fetched ON Regular Season WOWY stats for Team ID: 1610612756, Player ID: 1643047 across 2025-26
2026-04-10 00:45:48,608 - INFO - Fetching OFF Regular Season WOWY stats for Team ID: 1610612756, Player ID: 1643047  2025-26
2026-04-10 00:46:05,165 - INFO - Fetched OFF Regular Season WOWY stats for Team ID: 1610612756, Player ID: 1643047 across 2025-26
2026-04-10 00:46:09,441 - INFO - Saved data for player 1643047 to daily_data/2026/1643047.csv
2026-04-10 00:46:09,441 - INFO - Progress: 290/294 players processed (98.6%)
2026-04-10 00:46:09,442 - INFO - Processing 1643133 - 1610612763.0 for 2026 (291/294)
2026-04-10 00:46:09,442 - INFO - Fetching ON Regular Season WOWY stats for Team ID: 1610612763, Player ID: 1643133  2025-26
2026-04-10 00:46:10,063 - INFO - Fetched ON Regular Season WOWY stats for Team ID: 1610612763, Player ID: 1643133 across 2025-26
2026-04-10 00:46:12,065 - INFO - Fetching OFF Regular Season WOWY stats for Team ID: 1610612763, Player ID: 1643133  2025-26
2026-04-10 00:46:13,825 - INFO - Fetched OFF Regular Season WOWY stats for Team ID: 1610612763, Player ID: 1643133 across 2025-26
2026-04-10 00:46:17,925 - INFO - Saved data for player 1643133 to daily_data/2026/1643133.csv
2026-04-10 00:46:17,925 - INFO - Processing 1643141 - 1610612746.0 for 2026 (292/294)
2026-04-10 00:46:17,925 - INFO - Fetching ON Regular Season WOWY stats for Team ID: 1610612746, Player ID: 1643141  2025-26
2026-04-10 00:46:18,051 - INFO - Fetched ON Regular Season WOWY stats for Team ID: 1610612746, Player ID: 1643141 across 2025-26
2026-04-10 00:46:20,054 - INFO - Fetching OFF Regular Season WOWY stats for Team ID: 1610612746, Player ID: 1643141  2025-26
2026-04-10 00:46:24,782 - INFO - Fetched OFF Regular Season WOWY stats for Team ID: 1610612746, Player ID: 1643141 across 2025-26
2026-04-10 00:46:29,141 - INFO - Saved data for player 1643141 to daily_data/2026/1643141.csv
2026-04-10 00:46:29,142 - INFO - Processing 1643253 - 1610612763.0 for 2026 (293/294)
2026-04-10 00:46:29,142 - INFO - Fetching ON Regular Season WOWY stats for Team ID: 1610612763, Player ID: 1643253  2025-26
2026-04-10 00:46:53,233 - WARNING - Request failed: 500 Server Error: Internal Server Error for url: https://api.pbpstats.com/get-wowy-stats/nba?0Exactly1OnFloor=1643253&TeamId=1610612763&Season=2025-26&SeasonType=Regular+Season&Type=Player. Retrying in 2.90 seconds (attempt 1/3)
2026-04-10 00:46:57,779 - INFO - Fetched ON Regular Season WOWY stats for Team ID: 1610612763, Player ID: 1643253 across 2025-26
2026-04-10 00:46:59,781 - INFO - Fetching OFF Regular Season WOWY stats for Team ID: 1610612763, Player ID: 1643253  2025-26
2026-04-10 00:47:01,702 - INFO - Fetched OFF Regular Season WOWY stats for Team ID: 1610612763, Player ID: 1643253 across 2025-26
2026-04-10 00:47:06,029 - INFO - Saved data for player 1643253 to daily_data/2026/1643253.csv
2026-04-10 00:47:06,030 - INFO - Processing 1643257 - 1610612757.0 for 2026 (294/294)
2026-04-10 00:47:06,030 - INFO - Fetching ON Regular Season WOWY stats for Team ID: 1610612757, Player ID: 1643257  2025-26
2026-04-10 00:47:06,625 - INFO - Fetched ON Regular Season WOWY stats for Team ID: 1610612757, Player ID: 1643257 across 2025-26
2026-04-10 00:47:08,627 - INFO - Fetching OFF Regular Season WOWY stats for Team ID: 1610612757, Player ID: 1643257  2025-26
2026-04-10 00:47:08,828 - INFO - Fetched OFF Regular Season WOWY stats for Team ID: 1610612757, Player ID: 1643257 across 2025-26
2026-04-10 00:47:13,649 - INFO - Saved data for player 1643257 to daily_data/2026/1643257.csv
2026-04-10 00:47:13,650 - INFO - Successfully processed 294/294 players. Copying files to main folder...
2026-04-10 00:47:13,650 - INFO - Copied 1642346.csv to main data folder
2026-04-10 00:47:13,651 - INFO - Copied 1630322.csv to main data folder
2026-04-10 00:47:13,651 - INFO - Copied 1629111.csv to main data folder
2026-04-10 00:47:13,651 - INFO - Copied 1631116.csv to main data folder
2026-04-10 00:47:13,652 - INFO - Copied 1629023.csv to main data folder
2026-04-10 00:47:13,652 - INFO - Copied 1630560.csv to main data folder
2026-04-10 00:47:13,652 - INFO - Copied 1629018.csv to main data folder
2026-04-10 00:47:13,653 - INFO - Copied 1631172.csv to main data folder
2026-04-10 00:47:13,653 - INFO - Copied 1630241.csv to main data folder
2026-04-10 00:47:13,653 - INFO - Copied 1631451.csv to main data folder
2026-04-10 00:47:13,654 - INFO - Copied 1631132.csv to main data folder
2026-04-10 00:47:13,654 - INFO - Copied 1641783.csv to main data folder
2026-04-10 00:47:13,654 - INFO - Copied 203484.csv to main data folder
2026-04-10 00:47:13,654 - INFO - Copied 1642959.csv to main data folder
2026-04-10 00:47:13,655 - INFO - Copied 1631127.csv to main data folder
2026-04-10 00:47:13,655 - INFO - Copied 1628978.csv to main data folder
2026-04-10 00:47:13,655 - INFO - Copied 201144.csv to main data folder
2026-04-10 00:47:13,656 - INFO - Copied 203648.csv to main data folder
2026-04-10 00:47:13,656 - INFO - Copied 1630245.csv to main data folder
2026-04-10 00:47:13,656 - INFO - Copied 1631102.csv to main data folder
2026-04-10 00:47:13,657 - INFO - Copied 1643253.csv to main data folder
2026-04-10 00:47:13,657 - INFO - Copied 1642450.csv to main data folder
2026-04-10 00:47:13,657 - INFO - Copied 1641747.csv to main data folder
2026-04-10 00:47:13,657 - INFO - Copied 1642859.csv to main data folder
2026-04-10 00:47:13,658 - INFO - Copied 1643141.csv to main data folder
2026-04-10 00:47:13,658 - INFO - Copied 202685.csv to main data folder
2026-04-10 00:47:13,658 - INFO - Copied 1641790.csv to main data folder
2026-04-10 00:47:13,659 - INFO - Copied 1642863.csv to main data folder
2026-04-10 00:47:13,659 - INFO - Copied 1642905.csv to main data folder
2026-04-10 00:47:13,659 - INFO - Copied 1642281.csv to main data folder
2026-04-10 00:47:13,660 - INFO - Copied 203939.csv to main data folder
2026-04-10 00:47:13,660 - INFO - Copied 1643047.csv to main data folder
2026-04-10 00:47:13,660 - INFO - Copied 1630598.csv to main data folder
2026-04-10 00:47:13,660 - INFO - Copied 201950.csv to main data folder
2026-04-10 00:47:13,661 - INFO - Copied 1628398.csv to main data folder
2026-04-10 00:47:13,661 - INFO - Copied 1642854.csv to main data folder
2026-04-10 00:47:13,661 - INFO - Copied 1631321.csv to main data folder
2026-04-10 00:47:13,662 - INFO - Copied 1631126.csv to main data folder
2026-04-10 00:47:13,662 - INFO - Copied 1627739.csv to main data folder
2026-04-10 00:47:13,662 - INFO - Copied 1641890.csv to main data folder
2026-04-10 00:47:13,663 - INFO - Copied 1631210.csv to main data folder
2026-04-10 00:47:13,663 - INFO - Copied 1642942.csv to main data folder
2026-04-10 00:47:13,663 - INFO - Copied 1631123.csv to main data folder
2026-04-10 00:47:13,663 - INFO - Copied 1631204.csv to main data folder
2026-04-10 00:47:13,664 - INFO - Copied 1626167.csv to main data folder
2026-04-10 00:47:13,664 - INFO - Copied 1629216.csv to main data folder
2026-04-10 00:47:13,664 - INFO - Copied 1641724.csv to main data folder
2026-04-10 00:47:13,665 - INFO - Copied 1642911.csv to main data folder
2026-04-10 00:47:13,665 - INFO - Copied 1628502.csv to main data folder
2026-04-10 00:47:13,665 - INFO - Copied 201587.csv to main data folder
2026-04-10 00:47:13,666 - INFO - Copied 1628960.csv to main data folder
2026-04-10 00:47:13,666 - INFO - Copied 1630811.csv to main data folder
2026-04-10 00:47:13,666 - INFO - Copied 204060.csv to main data folder
2026-04-10 00:47:13,666 - INFO - Copied 1631104.csv to main data folder
2026-04-10 00:47:13,667 - INFO - Copied 1642484.csv to main data folder
2026-04-10 00:47:13,667 - INFO - Copied 1642258.csv to main data folder
2026-04-10 00:47:13,667 - INFO - Copied 1629048.csv to main data folder
2026-04-10 00:47:13,668 - INFO - Copied 1631114.csv to main data folder
2026-04-10 00:47:13,668 - INFO - Copied 1642357.csv to main data folder
2026-04-10 00:47:13,668 - INFO - Copied 203468.csv to main data folder
2026-04-10 00:47:13,669 - INFO - Copied 1642878.csv to main data folder
2026-04-10 00:47:13,669 - INFO - Copied 1629312.csv to main data folder
2026-04-10 00:47:13,669 - INFO - Copied 1641712.csv to main data folder
2026-04-10 00:47:13,670 - INFO - Copied 1630591.csv to main data folder
2026-04-10 00:47:13,670 - INFO - Copied 1642434.csv to main data folder
2026-04-10 00:47:13,670 - INFO - Copied 1642948.csv to main data folder
2026-04-10 00:47:13,671 - INFO - Copied 1627741.csv to main data folder
2026-04-10 00:47:13,671 - INFO - Copied 1631109.csv to main data folder
2026-04-10 00:47:13,671 - INFO - Copied 201959.csv to main data folder
2026-04-10 00:47:13,671 - INFO - Copied 1642400.csv to main data folder
2026-04-10 00:47:13,672 - INFO - Copied 1642868.csv to main data folder
2026-04-10 00:47:13,672 - INFO - Copied 1641807.csv to main data folder
2026-04-10 00:47:13,672 - INFO - Copied 1630543.csv to main data folder
2026-04-10 00:47:13,673 - INFO - Copied 1630162.csv to main data folder
2026-04-10 00:47:13,673 - INFO - Copied 1642853.csv to main data folder
2026-04-10 00:47:13,673 - INFO - Copied 1631124.csv to main data folder
2026-04-10 00:47:13,674 - INFO - Copied 1641739.csv to main data folder
2026-04-10 00:47:13,674 - INFO - Copied 1630224.csv to main data folder
2026-04-10 00:47:13,674 - INFO - Copied 1642272.csv to main data folder
2026-04-10 00:47:13,675 - INFO - Copied 1629750.csv to main data folder
2026-04-10 00:47:13,675 - INFO - Copied 1631174.csv to main data folder
2026-04-10 00:47:13,675 - INFO - Copied 1631457.csv to main data folder
2026-04-10 00:47:13,675 - INFO - Copied 1628379.csv to main data folder
2026-04-10 00:47:13,676 - INFO - Copied 1643133.csv to main data folder
2026-04-10 00:47:13,676 - INFO - Copied 1630579.csv to main data folder
2026-04-10 00:47:13,676 - INFO - Copied 1631205.csv to main data folder
2026-04-10 00:47:13,676 - INFO - Copied 1627936.csv to main data folder
2026-04-10 00:47:13,677 - INFO - Copied 202695.csv to main data folder
2026-04-10 00:47:13,677 - INFO - Copied 1630208.csv to main data folder
2026-04-10 00:47:13,677 - INFO - Copied 1631115.csv to main data folder
2026-04-10 00:47:13,678 - INFO - Copied 1642949.csv to main data folder
2026-04-10 00:47:13,678 - INFO - Copied 1630587.csv to main data folder
2026-04-10 00:47:13,678 - INFO - Copied 1629680.csv to main data folder
2026-04-10 00:47:13,678 - INFO - Copied 1626156.csv to main data folder
2026-04-10 00:47:13,679 - INFO - Copied 1641854.csv to main data folder
2026-04-10 00:47:13,679 - INFO - Copied 1642285.csv to main data folder
2026-04-10 00:47:13,679 - INFO - Copied 1642907.csv to main data folder
2026-04-10 00:47:13,680 - INFO - Copied 1626204.csv to main data folder
2026-04-10 00:47:13,680 - INFO - Copied 1641813.csv to main data folder
2026-04-10 00:47:13,680 - INFO - Copied 1630194.csv to main data folder
2026-04-10 00:47:13,681 - INFO - Copied 1630649.csv to main data folder
2026-04-10 00:47:13,681 - INFO - Copied 1630610.csv to main data folder
2026-04-10 00:47:13,681 - INFO - Copied 201935.csv to main data folder
2026-04-10 00:47:13,681 - INFO - Copied 1626220.csv to main data folder
2026-04-10 00:47:13,682 - INFO - Copied 1642402.csv to main data folder
2026-04-10 00:47:13,682 - INFO - Copied 1642964.csv to main data folder
2026-04-10 00:47:13,682 - INFO - Copied 1627752.csv to main data folder
2026-04-10 00:47:13,683 - INFO - Copied 1627884.csv to main data folder
2026-04-10 00:47:13,683 - INFO - Copied 203114.csv to main data folder
2026-04-10 00:47:13,683 - INFO - Copied 1641752.csv to main data folder
2026-04-10 00:47:13,684 - INFO - Copied 203482.csv to main data folder
2026-04-10 00:47:13,684 - INFO - Copied 203944.csv to main data folder
2026-04-10 00:47:13,684 - INFO - Copied 201572.csv to main data folder
2026-04-10 00:47:13,684 - INFO - Copied 1642844.csv to main data folder
2026-04-10 00:47:13,685 - INFO - Copied 1628989.csv to main data folder
2026-04-10 00:47:13,685 - INFO - Copied 1631243.csv to main data folder
2026-04-10 00:47:13,685 - INFO - Copied 203992.csv to main data folder
2026-04-10 00:47:13,686 - INFO - Copied 202691.csv to main data folder
2026-04-10 00:47:13,686 - INFO - Copied 1630217.csv to main data folder
2026-04-10 00:47:13,686 - INFO - Copied 1629660.csv to main data folder
2026-04-10 00:47:13,687 - INFO - Copied 1631093.csv to main data folder
2026-04-10 00:47:13,687 - INFO - Copied 1629652.csv to main data folder
2026-04-10 00:47:13,687 - INFO - Copied 1630538.csv to main data folder
2026-04-10 00:47:13,687 - INFO - Copied 1628368.csv to main data folder
2026-04-10 00:47:13,688 - INFO - Copied 1642914.csv to main data folder
2026-04-10 00:47:13,688 - INFO - Copied 1641842.csv to main data folder
2026-04-10 00:47:13,688 - INFO - Copied 203471.csv to main data folder
2026-04-10 00:47:13,689 - INFO - Copied 1627826.csv to main data folder
2026-04-10 00:47:13,689 - INFO - Copied 1631165.csv to main data folder
2026-04-10 00:47:13,689 - INFO - Copied 1631097.csv to main data folder
2026-04-10 00:47:13,690 - INFO - Copied 1630577.csv to main data folder
2026-04-10 00:47:13,690 - INFO - Copied 1630700.csv to main data folder
2026-04-10 00:47:13,690 - INFO - Copied 101108.csv to main data folder
2026-04-10 00:47:13,691 - INFO - Copied 1641765.csv to main data folder
2026-04-10 00:47:13,691 - INFO - Copied 1626164.csv to main data folder
2026-04-10 00:47:13,691 - INFO - Copied 1641748.csv to main data folder
2026-04-10 00:47:13,691 - INFO - Copied 1630828.csv to main data folder
2026-04-10 00:47:13,692 - INFO - Copied 1629599.csv to main data folder
2026-04-10 00:47:13,692 - INFO - Copied 1628976.csv to main data folder
2026-04-10 00:47:13,692 - INFO - Copied 1628997.csv to main data folder
2026-04-10 00:47:13,693 - INFO - Copied 203914.csv to main data folder
2026-04-10 00:47:13,693 - INFO - Copied 1642260.csv to main data folder
2026-04-10 00:47:13,693 - INFO - Copied 1641738.csv to main data folder
2026-04-10 00:47:13,693 - INFO - Copied 1630703.csv to main data folder
2026-04-10 00:47:13,694 - INFO - Copied 1631119.csv to main data folder
2026-04-10 00:47:13,694 - INFO - Copied 1631247.csv to main data folder
2026-04-10 00:47:13,694 - INFO - Copied 203924.csv to main data folder
2026-04-10 00:47:13,695 - INFO - Copied 1641772.csv to main data folder
2026-04-10 00:47:13,695 - INFO - Copied 204001.csv to main data folder
2026-04-10 00:47:13,695 - INFO - Copied 1629631.csv to main data folder
2026-04-10 00:47:13,696 - INFO - Copied 1630192.csv to main data folder
2026-04-10 00:47:13,696 - INFO - Copied 1629027.csv to main data folder
2026-04-10 00:47:13,696 - INFO - Copied 1642403.csv to main data folder
2026-04-10 00:47:13,696 - INFO - Copied 1631288.csv to main data folder
2026-04-10 00:47:13,697 - INFO - Copied 1630658.csv to main data folder
2026-04-10 00:47:13,697 - INFO - Copied 1630692.csv to main data folder
2026-04-10 00:47:13,697 - INFO - Copied 1642461.csv to main data folder
2026-04-10 00:47:13,698 - INFO - Copied 1631246.csv to main data folder
2026-04-10 00:47:13,698 - INFO - Copied 1642967.csv to main data folder
2026-04-10 00:47:13,698 - INFO - Copied 1630702.csv to main data folder
2026-04-10 00:47:13,698 - INFO - Copied 1629661.csv to main data folder
2026-04-10 00:47:13,699 - INFO - Copied 1628378.csv to main data folder
2026-04-10 00:47:13,700 - INFO - Copied 1642389.csv to main data folder
2026-04-10 00:47:13,700 - INFO - Copied 1629636.csv to main data folder
2026-04-10 00:47:13,700 - INFO - Copied 1642377.csv to main data folder
2026-04-10 00:47:13,701 - INFO - Copied 203078.csv to main data folder
2026-04-10 00:47:13,701 - INFO - Copied 1642920.csv to main data folder
2026-04-10 00:47:13,701 - INFO - Copied 1628971.csv to main data folder
2026-04-10 00:47:13,701 - INFO - Copied 1630198.csv to main data folder
2026-04-10 00:47:13,702 - INFO - Copied 1626145.csv to main data folder
2026-04-10 00:47:13,702 - INFO - Copied 1629021.csv to main data folder
2026-04-10 00:47:13,702 - INFO - Copied 203076.csv to main data folder
2026-04-10 00:47:13,703 - INFO - Copied 1642270.csv to main data folder
2026-04-10 00:47:13,703 - INFO - Copied 1630590.csv to main data folder
2026-04-10 00:47:13,703 - INFO - Copied 1642382.csv to main data folder
2026-04-10 00:47:13,704 - INFO - Copied 1630545.csv to main data folder
2026-04-10 00:47:13,704 - INFO - Copied 203932.csv to main data folder
2026-04-10 00:47:13,704 - INFO - Copied 1630183.csv to main data folder
2026-04-10 00:47:13,705 - INFO - Copied 1629675.csv to main data folder
2026-04-10 00:47:13,705 - INFO - Copied 1641710.csv to main data folder
2026-04-10 00:47:13,705 - INFO - Copied 1641713.csv to main data folder
2026-04-10 00:47:13,705 - INFO - Copied 1641871.csv to main data folder
2026-04-10 00:47:13,706 - INFO - Copied 1629645.csv to main data folder
2026-04-10 00:47:13,706 - INFO - Copied 1630230.csv to main data folder
2026-04-10 00:47:13,706 - INFO - Copied 1628381.csv to main data folder
2026-04-10 00:47:13,707 - INFO - Copied 1628975.csv to main data folder
2026-04-10 00:47:13,707 - INFO - Copied 1630532.csv to main data folder
2026-04-10 00:47:13,707 - INFO - Copied 1642383.csv to main data folder
2026-04-10 00:47:13,708 - INFO - Copied 1641744.csv to main data folder
2026-04-10 00:47:13,708 - INFO - Copied 1631351.csv to main data folder
2026-04-10 00:47:13,708 - INFO - Copied 203999.csv to main data folder
2026-04-10 00:47:13,709 - INFO - Copied 1630228.csv to main data folder
2026-04-10 00:47:13,709 - INFO - Copied 1630526.csv to main data folder
2026-04-10 00:47:13,709 - INFO - Copied 1642358.csv to main data folder
2026-04-10 00:47:13,710 - INFO - Copied 1642404.csv to main data folder
2026-04-10 00:47:13,710 - INFO - Copied 1642886.csv to main data folder
2026-04-10 00:47:13,710 - INFO - Copied 1627750.csv to main data folder
2026-04-10 00:47:13,710 - INFO - Copied 1626171.csv to main data folder
2026-04-10 00:47:13,711 - INFO - Copied 1642354.csv to main data folder
2026-04-10 00:47:13,711 - INFO - Copied 1628371.csv to main data folder
2026-04-10 00:47:13,711 - INFO - Copied 1642362.csv to main data folder
2026-04-10 00:47:13,712 - INFO - Copied 1641763.csv to main data folder
2026-04-10 00:47:13,712 - INFO - Copied 1629638.csv to main data folder
2026-04-10 00:47:13,712 - INFO - Copied 1631159.csv to main data folder
2026-04-10 00:47:13,713 - INFO - Copied 1641740.csv to main data folder
2026-04-10 00:47:13,713 - INFO - Copied 1642368.csv to main data folder
2026-04-10 00:47:13,713 - INFO - Copied 1631212.csv to main data folder
2026-04-10 00:47:13,714 - INFO - Copied 1629634.csv to main data folder
2026-04-10 00:47:13,714 - INFO - Copied 1630191.csv to main data folder
2026-04-10 00:47:13,714 - INFO - Copied 1629057.csv to main data folder
2026-04-10 00:47:13,715 - INFO - Copied 1630552.csv to main data folder
2026-04-10 00:47:13,715 - INFO - Copied 1629130.csv to main data folder
2026-04-10 00:47:13,715 - INFO - Copied 1631221.csv to main data folder
2026-04-10 00:47:13,716 - INFO - Copied 1631096.csv to main data folder
2026-04-10 00:47:13,716 - INFO - Copied 1642345.csv to main data folder
2026-04-10 00:47:13,716 - INFO - Copied 1631108.csv to main data folder
2026-04-10 00:47:13,717 - INFO - Copied 1642504.csv to main data folder
2026-04-10 00:47:13,717 - INFO - Copied 1641732.csv to main data folder
2026-04-10 00:47:13,717 - INFO - Copied 1642843.csv to main data folder
2026-04-10 00:47:13,718 - INFO - Copied 1631200.csv to main data folder
2026-04-10 00:47:13,718 - INFO - Copied 1630619.csv to main data folder
2026-04-10 00:47:13,718 - INFO - Copied 1627747.csv to main data folder
2026-04-10 00:47:13,719 - INFO - Copied 1630314.csv to main data folder
2026-04-10 00:47:13,719 - INFO - Copied 1629618.csv to main data folder
2026-04-10 00:47:13,719 - INFO - Copied 1630557.csv to main data folder
2026-04-10 00:47:13,719 - INFO - Copied 1631105.csv to main data folder
2026-04-10 00:47:13,720 - INFO - Copied 1630168.csv to main data folder
2026-04-10 00:47:13,720 - INFO - Copied 203937.csv to main data folder
2026-04-10 00:47:13,720 - INFO - Copied 202699.csv to main data folder
2026-04-10 00:47:13,721 - INFO - Copied 1641757.csv to main data folder
2026-04-10 00:47:13,721 - INFO - Copied 1642866.csv to main data folder
2026-04-10 00:47:13,721 - INFO - Copied 1629162.csv to main data folder
2026-04-10 00:47:13,722 - INFO - Copied 1629731.csv to main data folder
2026-04-10 00:47:13,722 - INFO - Copied 1642938.csv to main data folder
2026-04-10 00:47:13,722 - INFO - Copied 1630846.csv to main data folder
2026-04-10 00:47:13,723 - INFO - Copied 1641727.csv to main data folder
2026-04-10 00:47:13,723 - INFO - Copied 1642349.csv to main data folder
2026-04-10 00:47:13,723 - INFO - Copied 1631110.csv to main data folder
2026-04-10 00:47:13,724 - INFO - Copied 1629026.csv to main data folder
2026-04-10 00:47:13,724 - INFO - Copied 1642939.csv to main data folder
2026-04-10 00:47:13,724 - INFO - Copied 1631260.csv to main data folder
2026-04-10 00:47:13,725 - INFO - Copied 1631101.csv to main data folder
2026-04-10 00:47:13,725 - INFO - Copied 1630249.csv to main data folder
2026-04-10 00:47:13,725 - INFO - Copied 1628366.csv to main data folder
2026-04-10 00:47:13,726 - INFO - Copied 1631223.csv to main data folder
2026-04-10 00:47:13,726 - INFO - Copied 1628415.csv to main data folder
2026-04-10 00:47:13,726 - INFO - Copied 1641707.csv to main data folder
2026-04-10 00:47:13,727 - INFO - Copied 1641816.csv to main data folder
2026-04-10 00:47:13,727 - INFO - Copied 1630595.csv to main data folder
2026-04-10 00:47:13,727 - INFO - Copied 202687.csv to main data folder
2026-04-10 00:47:13,728 - INFO - Copied 1628983.csv to main data folder
2026-04-10 00:47:13,728 - INFO - Copied 1642265.csv to main data folder
2026-04-10 00:47:13,728 - INFO - Copied 1630583.csv to main data folder
2026-04-10 00:47:13,729 - INFO - Copied 203084.csv to main data folder
2026-04-10 00:47:13,729 - INFO - Copied 1641705.csv to main data folder
2026-04-10 00:47:13,729 - INFO - Copied 1629640.csv to main data folder
2026-04-10 00:47:13,730 - INFO - Copied 1631250.csv to main data folder
2026-04-10 00:47:13,730 - INFO - Copied 203507.csv to main data folder
2026-04-10 00:47:13,730 - INFO - Copied 1641709.csv to main data folder
2026-04-10 00:47:13,731 - INFO - Copied 1630596.csv to main data folder
2026-04-10 00:47:13,731 - INFO - Copied 1631094.csv to main data folder
2026-04-10 00:47:13,731 - INFO - Copied 1641753.csv to main data folder
2026-04-10 00:47:13,732 - INFO - Copied 1629630.csv to main data folder
2026-04-10 00:47:13,732 - INFO - Copied 1631157.csv to main data folder
2026-04-10 00:47:13,732 - INFO - Copied 1630548.csv to main data folder
2026-04-10 00:47:13,733 - INFO - Copied 1631216.csv to main data folder
2026-04-10 00:47:13,733 - INFO - Copied 1641717.csv to main data folder
2026-04-10 00:47:13,733 - INFO - Copied 1628963.csv to main data folder
2026-04-10 00:47:13,734 - INFO - Copied 1630625.csv to main data folder
2026-04-10 00:47:13,734 - INFO - Copied 1642449.csv to main data folder
2026-04-10 00:47:13,734 - INFO - Copied 1631128.csv to main data folder
2026-04-10 00:47:13,735 - INFO - Copied 1629723.csv to main data folder
2026-04-10 00:47:13,735 - INFO - Copied 1631111.csv to main data folder
2026-04-10 00:47:13,735 - INFO - Copied 203501.csv to main data folder
2026-04-10 00:47:13,735 - INFO - Copied 1628396.csv to main data folder
2026-04-10 00:47:13,736 - INFO - Copied 1642264.csv to main data folder
2026-04-10 00:47:13,736 - INFO - Copied 1629622.csv to main data folder
2026-04-10 00:47:13,736 - INFO - Copied 1643257.csv to main data folder
2026-04-10 00:47:13,737 - INFO - Copied 1629646.csv to main data folder
2026-04-10 00:47:13,737 - INFO - Copied 1630170.csv to main data folder
2026-04-10 00:47:13,737 - INFO - Copied 1628386.csv to main data folder
2026-04-10 00:47:13,738 - INFO - Copied 1642951.csv to main data folder
2026-04-10 00:47:13,738 - INFO - Copied 1642353.csv to main data folder
2026-04-10 00:47:13,738 - INFO - Copied 1628392.csv to main data folder
2026-04-10 00:47:13,739 - INFO - Copied 1628418.csv to main data folder
2026-04-10 00:47:13,739 - INFO - Copied 1630166.csv to main data folder
2026-04-10 00:47:13,739 - INFO - Copied 1628436.csv to main data folder
2026-04-10 00:47:13,740 - INFO - Copied 1642869.csv to main data folder
2026-04-10 00:47:13,740 - INFO - Copied 203497.csv to main data folder
2026-04-10 00:47:13,740 - INFO - Copied 1641726.csv to main data folder
2026-04-10 00:47:13,741 - INFO - Copied 1630175.csv to main data folder
2026-04-10 00:47:13,741 - INFO - Copied 203486.csv to main data folder
2026-04-10 00:47:13,741 - INFO - Copied 1629655.csv to main data folder
2026-04-10 00:47:13,742 - INFO - Copied 1628991.csv to main data folder
2026-04-10 00:47:13,742 - INFO - Daily scraping completed successfully
2026-04-10 00:47:13,742 - INFO - Started: 2026-04-09 23:38:26
2026-04-10 00:47:13,742 - INFO - Finished: 2026-04-10 00:47:13
2026-04-10 00:47:13,742 - INFO - Total duration: 1:08:47.659511
