EntityId,TeamId,Name,ShortName,RowId,TeamAbbreviation,SecondsPlayed,Minutes,PlusMinus,OffPoss,DefPoss,PenaltyOffPoss,PenaltyDefPoss,SecondChanceOffPoss,TotalPoss,AtRimFGM,AtRimFGA,SecondChanceAtRimFGM,SecondChanceAtRimFGA,PenaltyAtRimFGM,PenaltyAtRimFGA,ShortMidRangeFGM,ShortMidRangeFGA,LongMidRangeFGM,LongMidRangeFGA,Corner3FGA,Arc3FGM,Arc3FGA,SecondChanceArc3FGA,PenaltyArc3FGM,PenaltyArc3FGA,FG2M,FG2A,FG3M,FG3A,FtPoints,Points,OpponentPoints,SecondChanceFG2M,SecondChanceFG2A,SecondChanceFG3A,SecondChancePoints,PenaltyFG2M,PenaltyFG2A,PenaltyFG3M,PenaltyFG3A,PenaltyPoints,PtsAssisted2s,PtsUnassisted2s,PtsAssisted3s,PtsPutbacks,NonHeaveArc3FGA,NonHeaveArc3FGM,Fg2aBlocked,ThreePtAssists,Assists,Arc3Assists,Corner3Assists,AssistPoints,OffTwoPtRebounds,DefThreePtRebounds,DefTwoPtRebounds,DefRebounds,OffRebounds,Rebounds,SelfOReb,Steals,BadPassSteals,LostBallSteals,LiveBallTurnovers,BadPassTurnovers,DeadBallTurnovers,LostBallTurnovers,Turnovers,SecondChanceTurnovers,PenaltyTurnovers,ShootingFouls,Fouls,Offensive Fouls,FoulsDrawn,Loose Ball Fouls Drawn,FTA,2pt And 1 Free Throw Trips,TwoPtShootingFoulsDrawn,Blocked2s,BlockedAtRim,BlockedShortMidRange,Blocks,RecoveredBlocks,DefensiveGoaltends,PenaltyPointsExcludingTakeFouls,PenaltyOffPossExcludingTakeFouls,Assisted2sPct,NonPutbacksAssisted2sPct,Assisted3sPct,Fg3Pct,PenaltyFg3Pct,NonHeaveFg3Pct,Fg2Pct,SecondChanceFg2Pct,PenaltyFg2Pct,EfgPct,SecondChanceEfgPct,PenaltyEfgPct,TsPct,SecondChanceTsPct,PenaltyTsPct,FG3APct,FG2APctBlocked,AtRimPctBlocked,ShortMidRangePctBlocked,Usage,LiveBallTurnoverPct,DefTwoPtReboundPct,OffTwoPtReboundPct,DefThreePtReboundPct,DefFGReboundPct,OffFGReboundPct,OffShortMidRangeReboundPct,DefShortMidRangeReboundPct,DefLongMidRangeReboundPct,DefArc3ReboundPct,SelfORebPct,BlocksRecoveredPct,AtRimFrequency,AtRimAccuracy,UnblockedAtRimAccuracy,AtRimPctAssisted,ShortMidRangeFrequency,ShortMidRangeAccuracy,UnblockedShortMidRangeAccuracy,ShortMidRangePctAssisted,LongMidRangeFrequency,LongMidRangeAccuracy,UnblockedLongMidRangeAccuracy,LongMidRangePctAssisted,Corner3Frequency,Arc3Frequency,Arc3Accuracy,UnblockedArc3Accuracy,Arc3PctAssisted,SecondChanceAtRimFrequency,SecondChanceAtRimAccuracy,SecondChanceArc3Frequency,PenaltyAtRimFrequency,PenaltyAtRimAccuracy,PenaltyArc3Frequency,PenaltyArc3Accuracy,AtRimFG3AFrequency,NonHeaveArc3Accuracy,ShotQualityAvg,SecondChanceShotQualityAvg,PenaltyShotQualityAvg,ShootingFoulsDrawnPct,TwoPtShootingFoulsDrawnPct,SecondChancePointsPct,PenaltyPointsPct,Avg2ptShotDistance,Avg3ptShotDistance,PenaltyOffPossPct,Corner3FGM,PenaltyCorner3FGM,PenaltyCorner3FGA,SecondChanceArc3FGM,SecondChanceFG3M,SecondChanceFtPoints,PenaltyFtPoints,TwoPtAssists,LongMidRangeAssists,OffThreePtRebounds,FTDefRebounds,Loose Ball Fouls,NonShootingFoulsDrawn,NonShootingPenaltyNonTakeFouls,NonShootingPenaltyNonTakeFoulsDrawn,SecondChanceFg3Pct,DefFTReboundPct,OffThreePtReboundPct,OffAtRimReboundPct,OffLongMidRangeReboundPct,OffArc3ReboundPct,OffCorner3ReboundPct,DefAtRimReboundPct,DefCorner3ReboundPct,Corner3Accuracy,UnblockedCorner3Accuracy,Corner3PctAssisted,SecondChanceArc3Accuracy,SecondChanceArc3PctAssisted,PenaltyCorner3Frequency,PenaltyCorner3Accuracy,ShortMidRangeAssists,BadPassOutOfBoundsTurnovers,Charge Fouls Drawn,Fg3aBlocked,AtRimAssists,StepOutOfBoundsTurnovers,Offensive Fouls Drawn,ThreePtShootingFoulsDrawn,BlockedLongMidRange,FG3APctBlocked,Corner3PctBlocked,ThreePtShootingFoulsDrawnPct,PtsUnassisted3s,LostBallOutOfBoundsTurnovers,Blocked3s,BlockedArc3,SecondChanceCorner3FGM,SecondChanceCorner3FGA,SecondChanceCorner3Frequency,SecondChanceCorner3Accuracy,SecondChanceCorner3PctAssisted,Arc3PctBlocked,FTOffRebounds,OffFTReboundPct,Travels,Charge Fouls,on,BlockedCorner3,Defensive 3 Seconds Violations,SecondChanceAtRimPctAssisted,LongMidRangePctBlocked,3pt And 1 Free Throw Trips,Technical Free Throw Trips,OffensiveGoaltends,Clear Path Fouls
1626167,1610612749,Myles Turner,Myles Turner,1626167,MIL,4388.1,73,-43.0,149.0,152,29.0,26,9.0,301,4.0,6.0,1.0,2.0,1.0,1.0,5.0,11.0,3.0,6.0,1.0,3.0,10.0,1.0,2.0,3.0,12.0,23.0,3.0,11.0,4.0,37.0,196.0,1.0,2.0,1.0,2.0,1.0,3.0,2.0,3.0,8.0,12.0,12.0,9.0,2.0,10.0,3.0,3.0,2.0,2.0,1.0,1.0,6.0,4.0,8.0,4.0,12.0,4.0,16.0,3.0,2.0,1.0,1.0,5.0,3.0,4.0,2.0,9.0,1.0,1.0,5.0,7.0,2.0,6.0,1.0,7.0,1.0,4.0,6.0,3.0,3.0,6.0,3.0,1.0,8.0,29.0,0.5,0.5454545454545454,1.0,0.2727272727272727,0.6666666666666666,0.2727272727272727,0.5217391304347826,0.5,0.3333333333333333,0.4852941176470588,0.3333333333333333,0.6666666666666666,0.5,0.3333333333333333,0.6666666666666666,0.3235294117647059,0.13043478260869565,0.16666666666666666,0.18181818181818182,28.930817610062892,0.5555555555555556,0.11764705882352941,0.1111111111111111,0.21621621621621623,0.16901408450704225,0.05970149253731343,0.2222222222222222,0.2,0.1,0.24242424242424243,0.1875,0.5,0.17647058823529413,0.6666666666666666,0.8,0.5,0.3235294117647059,0.45454545454545453,0.5555555555555556,0.2,0.17647058823529413,0.5,0.5,1.0,0.029411764705882353,0.29411764705882354,0.3,0.3,1.0,0.6666666666666666,0.5,0.3333333333333333,0.16666666666666666,1.0,0.5,0.6666666666666666,0.5,0.3,0.5162308823529411,0.6008666666666667,0.4997583333333333,0.10810810810810811,0.15384615384615385,0.05405405405405406,0.21621621621621623,8.665217391304349,26.045454545454547,0.19463087248322147,,,,,,,,,,,,,,,,,,,,,,,,,,,,,,,,,,,,,,,,,,,,,,,,,,,,,,,,,,True,,,,,,,,
1626171,1610612749,Bobby Portis,Bobby Portis,1626171,MIL,7571.7,126,-39.0,256.0,265,77.0,81,25.0,521,5.0,8.0,2.0,3.0,1.0,1.0,9.0,23.0,4.0,8.0,5.0,7.0,18.0,2.0,1.0,4.0,18.0,39.0,10.0,23.0,3.0,69.0,306.0,4.0,9.0,2.0,12.0,5.0,8.0,2.0,5.0,18.0,26.0,10.0,30.0,6.0,18.0,7.0,3.0,2.0,3.0,2.0,,8.0,4.0,16.0,18.0,35.0,9.0,44.0,1.0,1.0,,1.0,4.0,3.0,2.0,1.0,6.0,2.0,1.0,4.0,8.0,2.0,5.0,2.0,7.0,,2.0,1.0,1.0,,1.0,,,18.0,77.0,0.7222222222222222,0.8666666666666667,1.0,0.43478260869565216,0.4,0.43478260869565216,0.46153846153846156,0.4444444444444444,0.625,0.532258064516129,0.5,0.6153846153846154,0.5227272727272727,0.46153846153846156,0.5625,0.3709677419354839,0.07692307692307693,0.125,0.08695652173913043,25.0,0.6666666666666666,0.2727272727272727,0.05970149253731343,0.21621621621621623,0.24285714285714285,0.0743801652892562,0.047619047619047616,0.26666666666666666,0.4166666666666667,0.19672131147540983,0.03225806451612903,,0.12903225806451613,0.625,0.7142857142857143,0.4,0.3709677419354839,0.391304347826087,0.42857142857142855,0.7777777777777778,0.12903225806451613,0.5,0.5,1.0,0.08064516129032258,0.2903225806451613,0.3888888888888889,0.3888888888888889,1.0,0.2727272727272727,0.6666666666666666,0.18181818181818182,0.07692307692307693,1.0,0.3076923076923077,0.25,0.5,0.3888888888888889,0.49825806451612903,0.44556000000000007,0.4899846153846154,0.03125,0.04878048780487805,0.17391304347826086,0.2608695652173913,8.799999999999999,25.734782608695657,0.30078125,3.0,1.0,1.0,1.0,1.0,1.0,2.0,1.0,1.0,5.0,1.0,1.0,2.0,1.0,2.0,0.5,0.2,0.09259259259259259,0.09090909090909091,0.07142857142857142,0.05,0.21428571428571427,0.20833333333333334,0.3076923076923077,0.6,0.6,1.0,0.5,1.0,0.07692307692307693,1.0,,,,,,,,,,,,,,,,,,,,,,,,,,,True,,,,,,,,
1628398,1610612749,Kyle Kuzma,Kyle Kuzma,1628398,MIL,7253.5,121,-39.0,247.0,257,70.0,69,18.0,504,15.0,17.0,1.0,1.0,3.0,4.0,8.0,14.0,1.0,3.0,3.0,3.0,11.0,,2.0,6.0,24.0,34.0,3.0,14.0,17.0,74.0,303.0,1.0,1.0,,2.0,5.0,6.0,2.0,7.0,20.0,26.0,22.0,9.0,,11.0,3.0,1.0,4.0,9.0,2.0,2.0,22.0,1.0,13.0,7.0,23.0,2.0,25.0,,1.0,1.0,,4.0,1.0,3.0,3.0,7.0,,1.0,6.0,10.0,1.0,16.0,,24.0,2.0,12.0,4.0,3.0,1.0,4.0,2.0,,20.0,70.0,0.5416666666666666,0.5416666666666666,1.0,0.21428571428571427,0.2857142857142857,0.21428571428571427,0.7058823529411765,1.0,0.8333333333333334,0.59375,1.0,0.6153846153846154,0.6271186440677966,0.5,0.625,0.2916666666666667,0.029411764705882353,,0.07142857142857142,24.53531598513011,0.5714285714285714,0.11475409836065574,0.017241379310344827,0.18571428571428572,0.15267175572519084,0.01818181818181818,0.03225806451612903,0.1,0.09090909090909091,0.13793103448275862,,0.5,0.3541666666666667,0.8823529411764706,0.8823529411764706,0.6,0.2916666666666667,0.5714285714285714,0.6153846153846154,0.5,0.0625,0.3333333333333333,0.3333333333333333,,0.0625,0.22916666666666666,0.2727272727272727,0.2727272727272727,1.0,1.0,1.0,,0.3076923076923077,0.75,0.46153846153846156,0.3333333333333333,0.6458333333333334,0.2727272727272727,0.5490624999999999,,0.5516769230769231,0.20689655172413793,0.2727272727272727,0.02702702702702703,0.2702702702702703,5.897058823529412,25.864285714285717,0.2834008097165992,,,1.0,,,,4.0,5.0,4.0,1.0,3.0,,1.0,,1.0,,0.42857142857142855,0.019230769230769232,,,0.029411764705882353,,0.15,0.4166666666666667,,,,,,0.07692307692307693,,1.0,2.0,1.0,,,,,,,,,,,,,,,,,,,,,,,,True,,,,,,,,
1629599,1610612749,Amir Coffey,Amir Coffey,1629599,MIL,15904.300000000001,265,-58.0,531.0,557,157.0,172,56.0,1088,11.0,11.0,4.0,4.0,1.0,1.0,3.0,9.0,5.0,10.0,16.0,3.0,9.0,1.0,2.0,7.0,19.0,30.0,7.0,25.0,13.0,72.0,618.0,4.0,4.0,1.0,8.0,3.0,7.0,2.0,11.0,15.0,20.0,18.0,21.0,6.0,9.0,3.0,,4.0,11.0,2.0,2.0,26.0,2.0,10.0,9.0,20.0,6.0,26.0,1.0,3.0,,3.0,3.0,3.0,1.0,,4.0,,2.0,8.0,14.0,,12.0,,15.0,4.0,8.0,3.0,,2.0,3.0,1.0,,15.0,157.0,0.5263157894736842,0.625,1.0,0.28,0.18181818181818182,0.28,0.6333333333333333,1.0,0.42857142857142855,0.5363636363636364,0.8,0.3333333333333333,0.6,0.8,0.39473684210526316,0.45454545454545453,,,,10.829103214890017,0.75,0.07086614173228346,0.015384615384615385,0.07092198581560284,0.0708955223880597,0.024291497975708502,,0.03508771929824561,0.08695652173913043,0.07758620689655173,0.037037037037037035,0.3333333333333333,0.2,1.0,1.0,0.36363636363636365,0.16363636363636364,0.3333333333333333,0.3333333333333333,0.6666666666666666,0.18181818181818182,0.5,0.5,0.8,0.2909090909090909,0.16363636363636364,0.3333333333333333,0.3333333333333333,1.0,0.8,1.0,0.2,0.05555555555555555,1.0,0.3888888888888889,0.2857142857142857,0.6545454545454545,0.3333333333333333,0.5397327272727273,0.6400833333333332,0.49700555555555553,0.15,0.23529411764705882,0.1111111111111111,0.20833333333333334,8.316666666666666,24.308000000000007,0.295668549905838,4.0,,4.0,,,,3.0,7.0,2.0,4.0,1.0,,,1.0,,,0.125,0.03418803418803419,0.08333333333333333,,0.023255813953488372,0.06451612903225806,0.10638297872340426,0.04,0.25,0.26666666666666666,1.0,,,0.2222222222222222,,3.0,,,1.0,2.0,1.0,2.0,1.0,1.0,0.04,0.0625,0.038461538461538464,,,,,,,,,,,,,,,True,,,,,,,,
1630175,1610612749,Cole Anthony,Cole Anthony,1630175,MIL,8983.3,150,-24.0,303.0,311,111.0,111,37.0,614,5.0,10.0,,,2.0,4.0,10.0,29.0,5.0,10.0,3.0,4.0,20.0,3.0,3.0,4.0,20.0,49.0,4.0,23.0,2.0,54.0,319.0,1.0,3.0,3.0,2.0,5.0,16.0,3.0,5.0,19.0,6.0,34.0,9.0,,20.0,4.0,1.0,11.0,32.0,6.0,5.0,75.0,1.0,15.0,9.0,25.0,3.0,28.0,1.0,6.0,3.0,3.0,14.0,12.0,2.0,2.0,16.0,1.0,8.0,10.0,17.0,,14.0,2.0,2.0,,1.0,3.0,2.0,,4.0,2.0,,19.0,111.0,0.15,0.15,0.75,0.17391304347826086,0.6,0.17391304347826086,0.40816326530612246,0.3333333333333333,0.3125,0.3611111111111111,0.16666666666666666,0.4523809523809524,0.3698630136986301,0.16666666666666666,0.4523809523809524,0.3194444444444444,0.02040816326530612,0.1,,25.872093023255815,0.875,0.11688311688311688,0.012345679012345678,0.18518518518518517,0.1518987341772152,0.0196078431372549,,0.07142857142857142,0.14285714285714285,0.19117647058823528,0.02127659574468085,0.5,0.1388888888888889,0.5,0.5555555555555556,0.2,0.4027777777777778,0.3448275862068966,0.3448275862068966,,0.1388888888888889,0.5,0.5,0.4,0.041666666666666664,0.2777777777777778,0.2,0.2,0.75,,,0.5,0.19047619047619047,0.5,0.19047619047619047,0.75,0.4583333333333333,0.2,0.48136249999999997,0.4641,0.46085,0.0136986301369863,0.02,0.037037037037037035,0.35185185185185186,9.051020408163264,26.243478260869566,0.36633663366336633,,,1.0,,,,,21.0,2.0,2.0,1.0,,,,,,0.25,0.027777777777777776,,0.06666666666666667,0.04,,0.14285714285714285,0.15384615384615385,,,,,,0.047619047619047616,,5.0,1.0,,,14.0,,3.0,,1.0,,,,3.0,1.0,1.0,1.0,,,,,,,,,,,True,,,,,,,,
1631157,1610612749,Ryan Rollins,Ryan Rollins,1631157,MIL,6339.8,106,-33.0,213.0,227,35.0,33,17.0,440,10.0,14.0,,,2.0,2.0,6.0,11.0,1.0,9.0,3.0,9.0,18.0,3.0,1.0,1.0,17.0,34.0,11.0,21.0,3.0,70.0,270.0,,,4.0,9.0,3.0,5.0,1.0,1.0,9.0,2.0,32.0,21.0,,18.0,9.0,4.0,13.0,28.0,12.0,1.0,69.0,,9.0,2.0,11.0,,11.0,,4.0,3.0,1.0,10.0,6.0,1.0,4.0,11.0,1.0,1.0,3.0,7.0,,9.0,,5.0,3.0,4.0,,,,,,,9.0,35.0,0.058823529411764705,0.058823529411764705,0.6363636363636364,0.5238095238095238,1.0,0.5238095238095238,0.5,,0.6,0.6090909090909091,1.125,0.75,0.625,1.125,0.75,0.38181818181818183,0.11764705882352941,,0.36363636363636365,29.1304347826087,0.9090909090909091,0.03773584905660377,,0.15517241379310345,0.0990990990990991,,,0.037037037037037035,,0.13043478260869565,,,0.2545454545454545,0.7142857142857143,0.7142857142857143,0.1,0.2,0.5454545454545454,0.8571428571428571,,0.16363636363636364,0.1111111111111111,0.1111111111111111,,0.05454545454545454,0.32727272727272727,0.5,0.5,0.5555555555555556,,,0.75,0.3333333333333333,1.0,0.16666666666666666,1.0,0.6363636363636364,0.5,0.5445763636363636,0.48862500000000003,0.5387416666666667,0.07142857142857142,0.11428571428571428,0.12857142857142856,0.12857142857142856,8.135294117647062,26.261904761904756,0.1643192488262911,2.0,,,2.0,3.0,,,15.0,2.0,,,,,1.0,,0.75,,,,,,,0.0625,0.25,0.6666666666666666,0.6666666666666666,1.0,0.6666666666666666,0.5,,,6.0,1.0,,,7.0,,,,,,,,12.0,,,,1.0,1.0,0.25,1.0,1.0,,,,,,True,,,,,,,,
1629018,1610612749,Gary Trent Jr.,Gary Trent Jr.,1629018,MIL,2247.2000000000003,37,-6.0,67.0,74,22.0,22,6.0,141,,,,,,,2.0,3.0,1.0,2.0,1.0,2.0,6.0,,,1.0,3.0,5.0,3.0,7.0,3.0,18.0,94.0,,,,,1.0,1.0,1.0,2.0,8.0,6.0,,9.0,,6.0,2.0,,2.0,3.0,1.0,1.0,8.0,,3.0,,3.0,,3.0,,1.0,1.0,,,,1.0,,1.0,,,1.0,4.0,,2.0,,4.0,,2.0,,,,,,,8.0,22.0,1.0,1.0,1.0,0.42857142857142855,0.5,0.42857142857142855,0.6,,1.0,0.625,,0.8333333333333334,0.6428571428571429,,0.8,0.5833333333333334,,,,21.126760563380284,,,,0.13043478260869565,0.07894736842105263,,,,,0.10526315789473684,,,,,,,0.25,0.6666666666666666,0.6666666666666666,1.0,0.16666666666666666,0.5,0.5,1.0,0.08333333333333333,0.5,0.3333333333333333,0.3333333333333333,1.0,,,,,,0.3333333333333333,,0.5833333333333334,0.3333333333333333,0.48612083333333334,,0.48163333333333336,0.14285714285714285,0.2857142857142857,,0.4444444444444444,11.16,26.05714285714286,0.3283582089552239,1.0,1.0,1.0,,,,3.0,1.0,,,,1.0,,2.0,,,,,,,,,,0.25,1.0,1.0,1.0,,,0.3333333333333333,1.0,1.0,1.0,,,,,,,,,,,,,,,,,,,,,,,,,True,,,,,,,,
203914,1610612749,Gary Harris,Gary Harris,203914,MIL,1382.5,23,-17.0,43.0,48,16.0,14,8.0,91,1.0,1.0,,,1.0,1.0,,3.0,,,1.0,,1.0,,,,1.0,4.0,,2.0,,2.0,50.0,,1.0,,,1.0,3.0,,,2.0,2.0,,,,1.0,,,1.0,3.0,1.0,,7.0,1.0,1.0,1.0,2.0,2.0,4.0,,,,,,,,,,,,2.0,2.0,,,,,,,,,,,,,2.0,16.0,1.0,1.0,,,,,0.25,,0.3333333333333333,0.16666666666666666,,0.3333333333333333,0.16666666666666666,,0.3333333333333333,0.3333333333333333,,,,11.320754716981131,,0.06666666666666667,0.058823529411764705,0.14285714285714285,0.09090909090909091,0.07142857142857142,,0.2,,0.16666666666666666,,,0.16666666666666666,1.0,1.0,1.0,0.5,,,,,,,,0.16666666666666666,0.16666666666666666,,,,,,,0.3333333333333333,1.0,,,0.5,,0.51785,0.4566,0.5426333333333333,,,,1.0,6.45,25.45,0.37209302325581395,,,,,,,,2.0,,1.0,,,,,,,,0.09090909090909091,,0.25,0.1111111111111111,,,,,,,,,,,1.0,,,,1.0,,,,,,,,,,,,,,,,,,,,,,True,,,,,,,,
1627752,1610612749,Taurean Prince,Taurean Prince,1627752,MIL,4036.0,67,-17.0,139.0,143,32.0,37,11.0,282,1.0,2.0,,,,,1.0,1.0,1.0,1.0,5.0,5.0,9.0,,2.0,4.0,3.0,4.0,7.0,14.0,1.0,28.0,171.0,1.0,1.0,,2.0,,,4.0,8.0,12.0,4.0,2.0,21.0,,9.0,5.0,,1.0,2.0,,1.0,5.0,,2.0,3.0,5.0,,5.0,,3.0,2.0,1.0,1.0,1.0,1.0,,2.0,,1.0,4.0,8.0,,2.0,1.0,1.0,1.0,1.0,1.0,1.0,,1.0,,,12.0,32.0,0.6666666666666666,0.6666666666666666,1.0,0.5,0.5,0.5,0.75,1.0,,0.75,1.0,0.75,0.7777777777777778,1.0,0.75,0.7777777777777778,,,,13.333333333333334,0.5,0.07317073170731707,,0.05555555555555555,0.06493506493506493,,,0.16666666666666666,,0.06896551724137931,,,0.1111111111111111,0.5,0.5,1.0,0.05555555555555555,1.0,1.0,1.0,0.05555555555555555,1.0,1.0,,0.2777777777777778,0.5,0.5555555555555556,0.625,1.0,,,,,,0.5,0.5,0.8888888888888888,0.5555555555555556,0.5450388888888889,,0.52951875,0.05555555555555555,0.25,0.07142857142857142,0.42857142857142855,6.95,25.021428571428572,0.2302158273381295,2.0,2.0,4.0,,,,,1.0,,,,1.0,,,,,,,,,,,,,0.4,0.4,1.0,,,0.5,0.5,,,,1.0,1.0,,,,,0.07142857142857142,,,,1.0,,,,,,,,0.1111111111111111,,,,,True,,,,,,,,
203507,1610612749,Giannis Antetokounmpo,Giannis Antetokounmpo,203507,MIL,2145.2,36,8.0,72.0,72,34.0,24,7.0,144,11.0,12.0,1.0,2.0,4.0,5.0,1.0,3.0,1.0,4.0,,,2.0,,,,13.0,19.0,,2.0,4.0,30.0,67.0,1.0,3.0,,2.0,5.0,11.0,,,11.0,12.0,14.0,,2.0,2.0,,,2.0,6.0,2.0,,14.0,1.0,2.0,5.0,9.0,1.0,10.0,1.0,2.0,,2.0,1.0,1.0,1.0,,2.0,,,,1.0,,10.0,1.0,7.0,3.0,5.0,,,,,,1.0,11.0,34.0,0.46153846153846156,0.5,,,,,0.6842105263157895,0.3333333333333333,0.45454545454545453,0.6190476190476191,0.3333333333333333,0.45454545454545453,0.6521739130434783,0.3333333333333333,0.4230769230769231,0.09523809523809523,,,,30.48780487804878,0.5,0.23809523809523808,0.06666666666666667,0.08333333333333333,0.15555555555555556,0.02702702702702703,0.1111111111111111,0.4,0.25,0.09090909090909091,0.125,,0.5714285714285714,0.9166666666666666,0.9166666666666666,0.45454545454545453,0.14285714285714285,0.3333333333333333,0.3333333333333333,1.0,0.19047619047619047,0.25,0.25,,,0.09523809523809523,,,,0.6666666666666666,0.5,,0.45454545454545453,0.8,,,0.6666666666666666,,0.6183142857142857,0.5116,0.5526000000000001,0.21739130434782608,0.23809523809523808,0.06666666666666667,0.36666666666666664,5.663157894736842,26.2,0.4722222222222222,,,,,,,1.0,4.0,1.0,,2.0,,,1.0,,,1.0,,,,,,,,,,,,,,,,1.0,,,3.0,,,,,,,,,,,,,,,,,,,,,,True,,,,,,,,
1630579,1610612749,Jericho Sims,Jericho Sims,1630579,MIL,4333.400000000001,72,-18.0,140.0,152,44.0,65,18.0,292,3.0,3.0,1.0,1.0,1.0,1.0,,1.0,,,,,,,,,3.0,4.0,,,1.0,7.0,157.0,1.0,1.0,,3.0,1.0,1.0,,,3.0,4.0,2.0,,2.0,,,,2.0,7.0,2.0,,16.0,4.0,7.0,3.0,10.0,6.0,16.0,,,,,1.0,1.0,4.0,,5.0,,3.0,,4.0,3.0,1.0,,2.0,,1.0,2.0,1.0,1.0,2.0,1.0,,3.0,44.0,0.6666666666666666,1.0,,,,,0.75,1.0,1.0,0.75,1.0,1.0,0.7,0.75,0.75,,,,,6.369426751592356,0.2,0.10344827586206896,0.11428571428571428,0.20588235294117646,0.15873015873015872,0.09375,0.17391304347826086,0.14285714285714285,,0.16666666666666666,,0.5,0.75,1.0,1.0,0.6666666666666666,0.25,,,,,,,,,,,,,1.0,1.0,,1.0,1.0,,,0.75,,0.620475,0.6119,0.7058,0.2,0.2,0.42857142857142855,0.42857142857142855,4.025,,0.3142857142857143,,,,,,1.0,1.0,5.0,2.0,2.0,,,,,,,,0.06896551724137931,,,0.09090909090909091,,0.08333333333333333,0.3,,,,,,,,2.0,,,,1.0,,,,,,,,,,,,,,,,,,,,,,True,,,,,,,,
1631260,1610612749,AJ Green,AJ Green,1631260,MIL,2424.0,40,-16.0,83.0,85,,4,9.0,168,,,,,,,,1.0,,,2.0,1.0,5.0,1.0,,,,1.0,2.0,7.0,,6.0,110.0,,1.0,1.0,,,,,,,,,6.0,,5.0,1.0,,1.0,4.0,1.0,,9.0,1.0,2.0,1.0,3.0,1.0,4.0,,1.0,,1.0,,,,,,,,1.0,1.0,,1.0,,,,,,,,,,,,,,,1.0,0.2857142857142857,,0.2857142857142857,,,,0.375,,,0.375,,,0.875,,,,8.695652173913043,,0.1,0.045454545454545456,0.08695652173913043,0.09090909090909091,0.025,,,,0.10526315789473684,,,,,,,0.125,,,,,,,,0.25,0.625,0.2,0.2,1.0,,,0.5,,,,,0.875,0.2,0.5584749999999999,0.4948,,,,,,9.2,25.95714285714286,,1.0,,,,,,,3.0,,,,,,,,,,,0.16666666666666666,,,,0.3333333333333333,,0.5,0.5,1.0,,,,,1.0,,,,2.0,,1.0,,,,,,,,,,,,,,,,,,,,True,,,,,,,,
1629645,1610612749,Kevin Porter Jr.,Kevin Porter Jr.,1629645,MIL,514.9,9,2.0,16.0,20,7.0,10,1.0,36,1.0,1.0,,,,,2.0,2.0,,1.0,,1.0,1.0,,1.0,1.0,3.0,4.0,1.0,1.0,,9.0,25.0,,,,,1.0,1.0,1.0,1.0,5.0,4.0,2.0,,,1.0,1.0,,2.0,3.0,1.0,1.0,8.0,,,,,,,,1.0,,1.0,1.0,1.0,,,1.0,,,,,,2.0,,1.0,1.0,1.0,,,,,,,5.0,7.0,0.6666666666666666,0.6666666666666666,,1.0,1.0,1.0,0.75,,1.0,0.9,,1.25,0.9,,1.25,0.2,,,,35.29411764705882,1.0,,,,,,,,,,,,0.2,1.0,1.0,1.0,0.4,1.0,1.0,0.5,0.2,,,,,0.2,1.0,1.0,,,,,,,0.5,1.0,0.4,1.0,0.49284999999999995,,0.443975,0.2,0.25,,0.5555555555555556,9.375,25.5,0.4375,,,,,,,,1.0,,,,,,,,,,,,,,,,,,,,,,,,1.0,,,,,,1.0,,,,,,3.0,,,,,,,,,,,,,,True,,,,,,,,
1631250,1610612749,Pete Nance,Pete Nance,1631250,MIL,4620.0,77,5.0,149.0,157,40.0,47,21.0,306,3.0,3.0,1.0,1.0,1.0,1.0,2.0,6.0,,,3.0,5.0,12.0,1.0,2.0,3.0,5.0,9.0,7.0,15.0,,31.0,153.0,1.0,1.0,1.0,5.0,1.0,2.0,3.0,4.0,11.0,6.0,4.0,21.0,2.0,12.0,5.0,,1.0,4.0,1.0,,9.0,1.0,4.0,5.0,9.0,4.0,13.0,1.0,2.0,1.0,1.0,3.0,3.0,1.0,,4.0,,1.0,2.0,4.0,,,,,,,2.0,1.0,1.0,2.0,1.0,,11.0,40.0,0.6,0.75,1.0,0.4666666666666667,0.75,0.4666666666666667,0.5555555555555556,1.0,0.5,0.6458333333333334,1.25,0.9166666666666666,0.6458333333333334,1.25,0.9166666666666666,0.625,,,,16.47058823529412,0.75,0.16129032258064516,0.02702702702702703,0.09523809523809523,0.1232876712328767,0.027777777777777776,0.047619047619047616,0.13333333333333333,,0.12121212121212122,0.08333333333333333,0.5,0.125,1.0,1.0,0.6666666666666666,0.25,0.3333333333333333,0.3333333333333333,0.5,,,,,0.125,0.5,0.4166666666666667,0.4166666666666667,1.0,0.5,1.0,0.5,0.16666666666666666,1.0,0.5,0.6666666666666666,0.75,0.4166666666666667,0.5125791666666667,,0.5243833333333333,,,0.16129032258064516,0.3548387096774194,5.4,25.60666666666667,0.2684563758389262,2.0,1.0,1.0,1.0,1.0,,,3.0,,1.0,,,,,,1.0,,0.02857142857142857,,,0.04,,0.25,,0.6666666666666666,0.6666666666666666,1.0,1.0,1.0,0.16666666666666666,1.0,,1.0,,,3.0,,,,,,,,,,,,,,,,,,2.0,0.25,,,True,,,,,,,,
1641748,1610612749,Andre Jackson Jr.,Andre Jackson Jr.,1641748,MIL,3938.8,66,-12.0,132.0,140,49.0,66,19.0,272,3.0,4.0,,,1.0,2.0,,3.0,,1.0,3.0,1.0,7.0,,1.0,4.0,3.0,8.0,2.0,10.0,6.0,18.0,139.0,,1.0,1.0,4.0,1.0,4.0,2.0,5.0,14.0,4.0,2.0,3.0,,7.0,1.0,1.0,5.0,8.0,4.0,1.0,21.0,2.0,3.0,3.0,6.0,4.0,10.0,,2.0,1.0,1.0,2.0,2.0,4.0,,6.0,2.0,1.0,3.0,9.0,,6.0,2.0,6.0,,1.0,,,,,,,14.0,49.0,0.6666666666666666,0.6666666666666666,0.5,0.2,0.4,0.2,0.375,,0.25,0.3333333333333333,,0.4444444444444444,0.42857142857142855,0.5,0.5833333333333334,0.5555555555555556,0.125,,0.3333333333333333,17.763157894736842,0.3333333333333333,0.1111111111111111,0.06451612903225806,0.10714285714285714,0.10909090909090909,0.05,0.058823529411764705,0.09090909090909091,0.25,0.13043478260869565,,,0.2222222222222222,0.75,0.75,0.6666666666666666,0.16666666666666666,,,,0.05555555555555555,,,,0.16666666666666666,0.3888888888888889,0.14285714285714285,0.14285714285714285,,,,,0.2222222222222222,0.5,0.4444444444444444,0.25,0.7777777777777778,0.14285714285714285,0.49827777777777776,0.464675,0.45645,0.05263157894736842,0.1111111111111111,0.2222222222222222,0.7777777777777778,7.2875,25.74,0.3712121212121212,1.0,1.0,1.0,,,4.0,6.0,3.0,,1.0,,1.0,2.0,1.0,2.0,,,0.034482758620689655,,0.16666666666666666,0.045454545454545456,,0.08333333333333333,,0.3333333333333333,0.3333333333333333,1.0,,,0.1111111111111111,1.0,,2.0,,,3.0,,1.0,,,,,,3.0,,,,,1.0,0.5,,,,1.0,0.25,1.0,1.0,True,,,,,,,,
1641813,1610612749,Mark Sears,Mark Sears,1641813,MIL,906.0,15,6.0,29.0,32,15.0,25,4.0,61,1.0,1.0,,,,,1.0,3.0,,,,2.0,5.0,1.0,2.0,5.0,2.0,4.0,2.0,5.0,5.0,15.0,29.0,,,1.0,3.0,,1.0,2.0,5.0,11.0,,4.0,6.0,,5.0,2.0,,1.0,1.0,1.0,,3.0,,,1.0,1.0,1.0,2.0,,,,,3.0,3.0,,,3.0,1.0,,,2.0,,5.0,,6.0,,1.0,,,,,,,11.0,15.0,,,1.0,0.4,0.4,0.4,0.5,,,0.5555555555555556,1.5,0.5,0.625,1.5,0.6111111111111112,0.5555555555555556,,,,45.45454545454545,1.0,0.14285714285714285,,,0.09090909090909091,0.09090909090909091,,,,,,,0.1111111111111111,1.0,1.0,,0.3333333333333333,0.3333333333333333,0.3333333333333333,,,,,,,0.5555555555555556,0.4,0.4,1.0,,,1.0,,,0.8333333333333334,0.4,0.6666666666666666,0.4,0.4882722222222222,0.49695,0.4605083333333333,0.1,0.2,0.2,0.7333333333333333,8.274999999999999,26.78,0.5172413793103449,,,,1.0,1.0,,5.0,,,1.0,,,2.0,1.0,2.0,1.0,,0.2,,,0.2,,0.25,,,,,1.0,1.0,,,,,,,,,,,,,,,,,,,,,,,,,,,,,True,,,,,,,,
203648,1610612749,Thanasis Antetokounmpo,Thanasis Antetokounmpo,203648,MIL,2532.8,42,11.0,86.0,93,47.0,54,14.0,179,6.0,11.0,1.0,3.0,5.0,7.0,1.0,2.0,,,1.0,,,,,,7.0,13.0,,1.0,6.0,20.0,83.0,1.0,3.0,,3.0,6.0,8.0,,,16.0,10.0,4.0,,2.0,,,1.0,1.0,1.0,,1.0,3.0,4.0,1.0,3.0,4.0,5.0,9.0,,6.0,5.0,1.0,3.0,1.0,,2.0,3.0,,2.0,3.0,7.0,,6.0,,11.0,1.0,6.0,1.0,1.0,,1.0,1.0,,16.0,47.0,0.7142857142857143,0.8333333333333334,,,,,0.5384615384615384,0.3333333333333333,0.75,0.5,0.3333333333333333,0.75,0.5263157894736842,0.5,0.7272727272727273,0.07142857142857142,0.07692307692307693,0.09090909090909091,,21.782178217821784,1.0,0.15,0.19047619047619047,0.06666666666666667,0.11428571428571428,0.13513513513513514,0.3333333333333333,0.25,0.25,0.06666666666666667,,1.0,0.7857142857142857,0.5454545454545454,0.6,0.6666666666666666,0.14285714285714285,0.5,0.5,1.0,,,,,0.07142857142857142,,,,,1.0,0.3333333333333333,,0.875,0.7142857142857143,,,0.8571428571428571,,0.6530464285714286,0.57825,0.6851250000000001,0.3157894736842105,0.3333333333333333,0.15,0.8,2.3153846153846156,22.4,0.5465116279069767,,,,,,1.0,4.0,,,1.0,,,,1.0,,,,0.0625,,,0.07142857142857142,,,,,,,,,,,,,,,,,,,,,,,,,,,,,,,,,,,,,True,,,,,,,,
1626167,1610612749,Myles Turner,Myles Turner,1626167,MIL,92961.5,1549,-91.0,3180.0,3184,678.0,647,317.0,6364,64.0,99.0,16.0,28.0,18.0,25.0,29.0,75.0,13.0,30.0,60.0,94.0,253.0,14.0,18.0,57.0,106.0,204.0,121.0,313.0,106.0,681.0,3702.0,20.0,40.0,17.0,70.0,22.0,44.0,24.0,68.0,160.0,156.0,56.0,363.0,34.0,253.0,94.0,23.0,44.0,86.0,33.0,11.0,216.0,30.0,103.0,126.0,239.0,63.0,302.0,8.0,39.0,25.0,14.0,33.0,17.0,26.0,16.0,59.0,6.0,11.0,100.0,145.0,12.0,126.0,15.0,142.0,13.0,63.0,86.0,46.0,39.0,89.0,51.0,2.0,160.0,672.0,0.7358490566037735,0.8764044943820225,1.0,0.3865814696485623,0.35294117647058826,0.3865814696485623,0.5196078431372549,0.5,0.5,0.5560928433268859,0.4824561403508772,0.5178571428571429,0.5860585197934596,0.5223880597014925,0.5797101449275363,0.6054158607350096,0.11274509803921569,0.1414141414141414,0.12,18.094430308170768,0.559322033898305,0.1675531914893617,0.044182621502209134,0.133419689119171,0.15026246719160105,0.041666666666666664,0.03859649122807018,0.16886543535620052,0.2,0.1408695652173913,0.030534351145038167,0.5730337078651685,0.19148936170212766,0.6464646464646465,0.7529411764705882,0.734375,0.1450676982591876,0.38666666666666666,0.4393939393939394,0.6896551724137931,0.058027079303675046,0.43333333333333335,0.43333333333333335,0.8461538461538461,0.11605415860735009,0.48936170212765956,0.3715415019762846,0.373015873015873,1.0,0.49122807017543857,0.5714285714285714,0.24561403508771928,0.22321428571428573,0.72,0.5089285714285714,0.3157894736842105,0.7969052224371374,0.3715415019762846,0.5377327852998064,0.531718918918919,0.5248959821428573,0.11267605633802817,0.24803149606299213,0.1027900146842878,0.23494860499265785,6.700490196078431,25.91821086261981,0.21320754716981133,27.0,6.0,11.0,5.0,5.0,15.0,44.0,42.0,6.0,30.0,10.0,11.0,13.0,5.0,13.0,0.29411764705882354,0.12195121951219512,0.03942181340341656,0.05439330543933055,0.03870967741935484,0.03697183098591549,0.046632124352331605,0.14814814814814814,0.1116751269035533,0.45,0.4576271186440678,1.0,0.35714285714285715,1.0,0.09821428571428571,0.5454545454545454,6.0,1.0,,2.0,30.0,3.0,2.0,1.0,1.0,0.006389776357827476,0.016666666666666666,0.0031847133757961785,,3.0,3.0,1.0,,3.0,0.05263157894736842,,,0.003952569169960474,3.0,0.02830188679245283,3.0,1.0,False,2.0,6.0,0.125,,,,,
1626171,1610612749,Bobby Portis,Bobby Portis,1626171,MIL,80262.4,1338,-182.0,2675.0,2696,606.0,606,277.0,5371,53.0,82.0,14.0,26.0,9.0,18.0,81.0,150.0,53.0,125.0,103.0,60.0,135.0,10.0,6.0,16.0,187.0,357.0,110.0,238.0,39.0,743.0,3225.0,36.0,66.0,17.0,104.0,25.0,64.0,12.0,36.0,100.0,232.0,142.0,324.0,38.0,135.0,60.0,15.0,47.0,91.0,35.0,12.0,229.0,38.0,128.0,107.0,271.0,71.0,342.0,11.0,32.0,22.0,10.0,35.0,18.0,20.0,17.0,55.0,5.0,8.0,55.0,93.0,7.0,52.0,10.0,51.0,7.0,21.0,11.0,4.0,5.0,11.0,7.0,,100.0,604.0,0.6203208556149733,0.6904761904761905,0.9818181818181818,0.46218487394957986,0.3333333333333333,0.46218487394957986,0.5238095238095238,0.5454545454545454,0.390625,0.5915966386554622,0.5783132530120482,0.43,0.6021069692058347,0.5909090909090909,0.45871559633027525,0.4,0.04201680672268908,0.04878048780487805,0.06666666666666667,22.362728785357735,0.6363636363636364,0.19107142857142856,0.06260296540362438,0.17320703653585928,0.18090839107005388,0.05604483586869496,0.04597701149425287,0.21352313167259787,0.22826086956521738,0.1694915254237288,0.039711191335740074,0.6363636363636364,0.13781512605042018,0.6463414634146342,0.6794871794871795,0.6037735849056604,0.25210084033613445,0.54,0.5785714285714286,0.5802469135802469,0.21008403361344538,0.424,0.4274193548387097,0.6981132075471698,0.173109243697479,0.226890756302521,0.4444444444444444,0.44776119402985076,1.0,0.3132530120481928,0.5384615384615384,0.12048192771084337,0.18,0.5,0.16,0.375,0.5378151260504201,0.4444444444444444,0.5077744537815126,0.5054574074074073,0.5016905,0.034482758620689655,0.05660377358490566,0.13997308209959622,0.13458950201884254,10.404201680672273,24.990336134453784,0.22654205607476635,50.0,6.0,20.0,4.0,8.0,8.0,14.0,44.0,4.0,32.0,36.0,10.0,8.0,8.0,8.0,0.47058823529411764,0.42857142857142855,0.04984423676012461,0.10734463276836158,0.04142011834319527,0.0455531453362256,0.06077348066298342,0.13903743315508021,0.18791946308724833,0.4854368932038835,0.49019607843137253,0.96,0.4,1.0,0.2,0.3,9.0,4.0,1.0,2.0,31.0,3.0,,,2.0,0.008403361344537815,0.009708737864077669,,6.0,4.0,,,4.0,7.0,0.08433734939759036,0.5714285714285714,0.75,0.007407407407407408,1.0,0.021739130434782608,,,False,,3.0,,0.008,,,,
1627752,1610612749,Taurean Prince,Taurean Prince,1627752,MIL,6100.0,102,30.0,223.0,223,85.0,101,23.0,446,2.0,3.0,,,1.0,2.0,,2.0,,1.0,9.0,2.0,5.0,,,2.0,2.0,6.0,5.0,14.0,2.0,21.0,235.0,,,,,1.0,4.0,1.0,7.0,5.0,4.0,,15.0,,5.0,2.0,,1.0,6.0,1.0,,13.0,,4.0,3.0,8.0,,8.0,,3.0,3.0,,3.0,3.0,,,3.0,,,4.0,13.0,,2.0,,2.0,,1.0,1.0,1.0,,1.0,,,5.0,85.0,1.0,1.0,1.0,0.35714285714285715,0.14285714285714285,0.35714285714285715,0.3333333333333333,,0.25,0.475,,0.22727272727272727,0.5,,0.22727272727272727,0.7,,,,9.638554216867469,1.0,0.0625,,0.08333333333333333,0.07291666666666667,,,0.07142857142857142,,0.08823529411764706,,,0.15,0.6666666666666666,0.6666666666666666,1.0,0.1,,,,0.05,,,,0.45,0.25,0.4,0.4,1.0,,,,0.18181818181818182,0.5,0.18181818181818182,,0.85,0.4,0.5981575,,0.6105454545454546,0.047619047619047616,0.14285714285714285,,0.23809523809523808,5.333333333333333,24.407142857142855,0.3811659192825112,3.0,1.0,5.0,,,,,5.0,2.0,,1.0,1.0,,2.0,,,0.07142857142857142,,,,,,0.0625,0.07142857142857142,0.3333333333333333,0.3333333333333333,1.0,,,0.45454545454545453,0.2,,,,,3.0,,1.0,,,,,,,,,,,,,,,,,,,,False,,,,,,,,
1629018,1610612749,Gary Trent Jr.,Gary Trent Jr.,1629018,MIL,67402.0,1123,-292.0,2287.0,2296,539.0,577,234.0,4583,9.0,16.0,1.0,2.0,2.0,5.0,18.0,44.0,15.0,34.0,83.0,59.0,185.0,22.0,15.0,47.0,42.0,94.0,94.0,268.0,31.0,397.0,2807.0,3.0,7.0,31.0,43.0,12.0,25.0,21.0,63.0,102.0,46.0,38.0,261.0,2.0,185.0,59.0,8.0,19.0,66.0,13.0,6.0,151.0,3.0,30.0,16.0,47.0,7.0,54.0,3.0,27.0,16.0,11.0,20.0,14.0,9.0,6.0,29.0,6.0,5.0,36.0,65.0,6.0,33.0,,39.0,4.0,14.0,3.0,,3.0,3.0,3.0,,102.0,539.0,0.5476190476190477,0.5609756097560976,0.925531914893617,0.35074626865671643,0.3333333333333333,0.35074626865671643,0.44680851063829785,0.42857142857142855,0.48,0.505524861878453,0.5526315789473685,0.4943181818181818,0.5252659574468085,0.5512820512820513,0.5260416666666666,0.7403314917127072,0.0851063829787234,0.125,0.11363636363636363,15.857478465152703,0.6896551724137931,0.03180914512922465,0.005988023952095809,0.05660377358490566,0.044530493707647625,0.00658513640639699,0.014218009478672985,0.02390438247011952,0.05333333333333334,0.06716417910447761,0.013953488372093023,1.0,0.04419889502762431,0.5625,0.6428571428571429,0.5555555555555556,0.12154696132596685,0.4090909090909091,0.46153846153846156,0.5555555555555556,0.09392265193370165,0.4411764705882353,0.45454545454545453,0.5333333333333333,0.2292817679558011,0.511049723756906,0.31891891891891894,0.31891891891891894,0.8813559322033898,0.05263157894736842,0.5,0.5789473684210527,0.056818181818181816,0.4,0.5340909090909091,0.3191489361702128,0.7845303867403315,0.31891891891891894,0.5251969613259667,0.5194785714285715,0.5152573863636365,0.048,0.1346153846153846,0.10831234256926953,0.25692695214105793,10.934042553191487,25.382835820895522,0.23567993003935286,35.0,6.0,16.0,7.0,12.0,1.0,15.0,47.0,7.0,4.0,1.0,3.0,1.0,3.0,1.0,0.3870967741935484,0.016129032258064516,0.0071174377224199285,,,0.0069605568445475635,0.007633587786259542,0.03389830508474576,0.0234375,0.42168674698795183,0.4268292682926829,1.0,0.3181818181818182,0.8571428571428571,0.18181818181818182,0.375,7.0,,,1.0,33.0,1.0,9.0,4.0,,0.0037313432835820895,0.012048192771084338,0.014760147601476014,21.0,,,,5.0,9.0,0.23684210526315788,0.5555555555555556,1.0,,,,1.0,,False,,,1.0,0.029411764705882353,1.0,2.0,,
1631157,1610612749,Ryan Rollins,Ryan Rollins,1631157,MIL,111260.19999999998,1854,-95.0,3755.0,3771,760.0,796,368.0,7526,120.0,191.0,7.0,8.0,23.0,37.0,70.0,166.0,34.0,87.0,84.0,102.0,259.0,21.0,18.0,60.0,224.0,444.0,137.0,343.0,88.0,947.0,4430.0,14.0,24.0,26.0,66.0,43.0,85.0,27.0,76.0,211.0,114.0,334.0,267.0,6.0,259.0,102.0,51.0,146.0,305.0,86.0,60.0,756.0,24.0,122.0,101.0,229.0,47.0,276.0,11.0,89.0,50.0,39.0,104.0,62.0,44.0,42.0,148.0,6.0,20.0,78.0,156.0,4.0,114.0,8.0,114.0,7.0,42.0,26.0,15.0,11.0,26.0,15.0,2.0,208.0,752.0,0.2544642857142857,0.2579185520361991,0.6496350364963503,0.39941690962099125,0.35526315789473684,0.39941690962099125,0.5045045045045045,0.5833333333333334,0.5058823529411764,0.5457433290978398,0.58,0.5186335403726708,0.5633213859020311,0.6,0.5585106382978723,0.4358322744599746,0.11486486486486487,0.14659685863874344,0.12048192771084337,23.51396514681308,0.7027027027027027,0.11826697892271663,0.03007518796992481,0.12695109261186263,0.12286501377410468,0.024822695035460994,0.027692307692307693,0.0971563981042654,0.1506849315068493,0.1310344827586207,0.030136986301369864,0.5769230769230769,0.24269377382465057,0.6282722513089005,0.7361963190184049,0.2833333333333333,0.21092757306226176,0.42168674698795183,0.4794520547945205,0.2714285714285714,0.11054637865311309,0.39080459770114945,0.40476190476190477,0.11764705882352941,0.10673443456162643,0.3290978398983482,0.3938223938223938,0.4,0.5784313725490197,0.16,0.875,0.42,0.22981366459627328,0.6216216216216216,0.37267080745341613,0.3,0.6785260482846251,0.3938223938223938,0.5433143583227447,0.5064888888888889,0.5313680124223601,0.051094890510948905,0.08768267223382047,0.06969376979936642,0.22280887011615627,7.441891891891893,25.633527696793006,0.20239680426098536,35.0,9.0,16.0,8.0,10.0,8.0,44.0,159.0,17.0,18.0,6.0,5.0,15.0,12.0,11.0,0.38461538461538464,0.061855670103092786,0.020134228187919462,0.04659498207885305,0.010309278350515464,0.021148036253776436,0.017241379310344827,0.13286713286713286,0.11440677966101695,0.4166666666666667,0.4268292682926829,0.8571428571428571,0.38095238095238093,0.75,0.09937888198757763,0.5625,41.0,21.0,2.0,6.0,101.0,1.0,2.0,,,0.01749271137026239,0.023809523809523808,,144.0,7.0,,,2.0,5.0,0.1,0.4,1.0,0.015444015444015444,5.0,0.043478260869565216,4.0,2.0,False,,1.0,0.14285714285714285,0.034482758620689655,,4.0,,
1631260,1610612749,AJ Green,AJ Green,1631260,MIL,102698.09999999998,1712,-21.0,3488.0,3497,659.0,667,359.0,6985,8.0,14.0,1.0,1.0,2.0,4.0,8.0,16.0,7.0,15.0,124.0,105.0,285.0,20.0,17.0,57.0,23.0,45.0,167.0,409.0,33.0,580.0,4057.0,3.0,3.0,32.0,47.0,4.0,9.0,27.0,78.0,105.0,34.0,12.0,459.0,2.0,285.0,105.0,4.0,54.0,109.0,34.0,20.0,272.0,2.0,64.0,55.0,128.0,15.0,143.0,3.0,29.0,13.0,16.0,36.0,23.0,14.0,13.0,50.0,2.0,9.0,88.0,142.0,4.0,57.0,4.0,41.0,,2.0,5.0,1.0,4.0,5.0,3.0,,105.0,655.0,0.7391304347826086,0.7727272727272727,0.9161676646706587,0.4083129584352078,0.34615384615384615,0.4083129584352078,0.5111111111111111,1.0,0.4444444444444444,0.6024229074889867,0.6,0.5114942528735632,0.6124197002141327,0.6052631578947368,0.5364583333333334,0.9008810572687225,0.08888888888888889,0.14285714285714285,0.0625,13.270020533880903,0.72,0.06900878293601004,0.0026666666666666666,0.07364787111622555,0.07142857142857142,0.009439899307740718,0.0033783783783783786,0.05555555555555555,0.07692307692307693,0.07634730538922156,0.011857707509881422,0.6,0.030837004405286344,0.5714285714285714,0.6666666666666666,0.875,0.03524229074889868,0.5,0.5333333333333333,0.5,0.03303964757709251,0.4666666666666667,0.5,0.8571428571428571,0.27312775330396477,0.6277533039647577,0.3684210526315789,0.3723404255319149,0.8857142857142857,0.02857142857142857,1.0,0.5714285714285714,0.04597701149425287,0.5,0.6551724137931034,0.2982456140350877,0.9317180616740088,0.3684210526315789,0.5412458057395144,0.52938125,0.5206511494252873,0.015250544662309368,0.0425531914893617,0.08103448275862069,0.1810344827586207,10.417777777777777,25.581173594132036,0.18893348623853212,62.0,10.0,21.0,5.0,12.0,5.0,16.0,55.0,5.0,13.0,9.0,1.0,8.0,13.0,8.0,0.375,0.10112359550561797,0.015494636471990465,0.0035211267605633804,,0.0192,0.004672897196261682,0.08527131782945736,0.06467661691542288,0.5,0.5166666666666667,0.967741935483871,0.25,1.0,0.2413793103448276,0.47619047619047616,12.0,2.0,3.0,7.0,38.0,3.0,10.0,5.0,,0.017114914425427872,0.03225806451612903,0.012135922330097087,42.0,3.0,,,7.0,12.0,0.34285714285714286,0.5833333333333334,1.0,0.010526315789473684,,,2.0,,False,,,1.0,0.06666666666666667,2.0,9.0,,
1628398,1610612749,Kyle Kuzma,Kyle Kuzma,1628398,MIL,84945.5,1416,-162.0,2876.0,2899,702.0,659,280.0,5775,135.0,202.0,16.0,31.0,41.0,56.0,49.0,136.0,11.0,23.0,64.0,39.0,112.0,10.0,9.0,30.0,195.0,361.0,64.0,176.0,103.0,685.0,3444.0,21.0,44.0,16.0,61.0,56.0,86.0,14.0,44.0,188.0,258.0,132.0,177.0,32.0,112.0,39.0,30.0,72.0,141.0,38.0,34.0,354.0,36.0,112.0,73.0,201.0,49.0,250.0,7.0,33.0,25.0,8.0,52.0,24.0,32.0,28.0,84.0,8.0,21.0,67.0,106.0,5.0,123.0,2.0,142.0,24.0,76.0,17.0,11.0,5.0,17.0,9.0,1.0,186.0,696.0,0.6615384615384615,0.7206703910614525,0.921875,0.36363636363636365,0.3181818181818182,0.36363636363636365,0.5401662049861495,0.4772727272727273,0.6511627906976745,0.5418994413407822,0.5,0.5923076923076923,0.5746644295302014,0.5083333333333333,0.6438356164383562,0.32774674115456237,0.08310249307479224,0.07425742574257425,0.10294117647058823,21.309934189909118,0.6190476190476191,0.11532385466034756,0.05741626794258373,0.15033557046979865,0.13425253991291727,0.03737604881769641,0.06451612903225806,0.1485148514851485,0.08823529411764706,0.14711033274956217,0.029045643153526972,0.5294117647058824,0.3761638733705773,0.6683168316831684,0.7219251336898396,0.6962962962962963,0.2532588454376164,0.3602941176470588,0.4016393442622951,0.5714285714285714,0.04283054003724395,0.4782608695652174,0.5,0.6363636363636364,0.1191806331471136,0.2085661080074488,0.3482142857142857,0.35454545454545455,0.8974358974358975,0.5166666666666667,0.5161290322580645,0.16666666666666666,0.4307692307692308,0.7321428571428571,0.23076923076923078,0.3,0.7039106145251397,0.3482142857142857,0.5564628491620112,0.5644732558139536,0.5662023076923077,0.12903225806451613,0.18401937046004843,0.08905109489051095,0.27445255474452557,4.867590027700829,25.303977272727273,0.24408901251738527,25.0,5.0,14.0,3.0,6.0,1.0,34.0,69.0,8.0,13.0,16.0,5.0,7.0,7.0,6.0,0.375,0.2191780821917808,0.019005847953216373,0.05825242718446602,0.04225352112676056,0.018108651911468814,0.0213903743315508,0.08333333333333333,0.16091954022988506,0.390625,0.390625,0.96,0.3,1.0,0.1076923076923077,0.35714285714285715,15.0,9.0,1.0,2.0,46.0,,7.0,,1.0,0.011363636363636364,,,15.0,3.0,,,3.0,6.0,0.1,0.5,1.0,0.017857142857142856,,,10.0,4.0,False,,2.0,0.125,0.043478260869565216,,,,
1629645,1610612749,Kevin Porter Jr.,Kevin Porter Jr.,1629645,MIL,69721.79999999999,1162,-69.0,2353.0,2351,469.0,451,253.0,4704,90.0,144.0,6.0,12.0,17.0,25.0,41.0,110.0,42.0,84.0,29.0,35.0,106.0,15.0,15.0,37.0,173.0,338.0,44.0,135.0,125.0,603.0,2763.0,10.0,20.0,22.0,61.0,27.0,57.0,17.0,43.0,142.0,80.0,266.0,87.0,8.0,106.0,35.0,25.0,113.0,255.0,71.0,42.0,623.0,14.0,84.0,60.0,150.0,31.0,181.0,7.0,77.0,47.0,30.0,62.0,34.0,40.0,28.0,102.0,5.0,21.0,38.0,77.0,6.0,121.0,5.0,143.0,14.0,63.0,14.0,6.0,8.0,16.0,8.0,,138.0,461.0,0.23121387283236994,0.23668639053254437,0.6590909090909091,0.32592592592592595,0.3953488372093023,0.32592592592592595,0.5118343195266272,0.5,0.47368421052631576,0.5052854122621564,0.6666666666666666,0.525,0.5646067415730337,0.6931818181818182,0.6016949152542372,0.2854122621564482,0.07396449704142012,0.0763888888888889,0.10909090909090909,24.090909090909093,0.6078431372549019,0.11194029850746269,0.02697495183044316,0.14,0.1267605633802817,0.028730305838739572,0.021929824561403508,0.11313868613138686,0.125,0.14042553191489363,0.03111111111111111,0.5,0.3044397463002114,0.625,0.6766917293233082,0.25555555555555554,0.23255813953488372,0.37272727272727274,0.41836734693877553,0.1951219512195122,0.17758985200845667,0.5,0.5121951219512195,0.21428571428571427,0.0613107822410148,0.22410147991543342,0.330188679245283,0.33980582524271846,0.6,0.2857142857142857,0.5,0.35714285714285715,0.25,0.68,0.37,0.40540540540540543,0.5898520084566596,0.330188679245283,0.5375002114164907,0.5484295454545456,0.527003,0.1311787072243346,0.16279069767441862,0.1011608623548922,0.23548922056384744,7.955917159763312,25.531851851851858,0.19932001699957502,9.0,2.0,6.0,8.0,12.0,5.0,37.0,142.0,13.0,17.0,6.0,6.0,8.0,5.0,6.0,0.5454545454545454,0.0821917808219178,0.030357142857142857,0.03067484662576687,0.03125,0.02056555269922879,0.05263157894736842,0.10240963855421686,0.13846153846153847,0.3103448275862069,0.3103448275862069,0.8888888888888888,0.5333333333333333,0.625,0.06,0.3333333333333333,40.0,18.0,,3.0,89.0,5.0,5.0,6.0,,0.022222222222222223,,0.04316546762589928,45.0,6.0,2.0,2.0,4.0,7.0,0.16666666666666666,0.5714285714285714,0.75,0.02830188679245283,,,2.0,,False,,,,0.023809523809523808,2.0,,,
1630175,1610612749,Cole Anthony,Cole Anthony,1630175,MIL,22614.8,377,-86.0,771.0,793,218.0,264,75.0,1564,19.0,34.0,1.0,2.0,10.0,13.0,28.0,56.0,9.0,20.0,14.0,11.0,35.0,4.0,3.0,9.0,56.0,110.0,18.0,49.0,14.0,180.0,948.0,3.0,8.0,4.0,9.0,22.0,39.0,5.0,11.0,68.0,26.0,86.0,39.0,2.0,35.0,11.0,9.0,38.0,89.0,21.0,17.0,216.0,4.0,25.0,21.0,46.0,13.0,59.0,2.0,14.0,10.0,4.0,29.0,16.0,20.0,13.0,49.0,2.0,14.0,32.0,56.0,3.0,32.0,2.0,24.0,3.0,7.0,7.0,3.0,4.0,7.0,4.0,,68.0,218.0,0.23214285714285715,0.23636363636363636,0.7222222222222222,0.3673469387755102,0.45454545454545453,0.3673469387755102,0.509090909090909,0.375,0.5641025641025641,0.5220125786163522,0.375,0.59,0.5325443786982249,0.375,0.5862068965517241,0.3081761006289308,0.08181818181818182,0.08823529411764706,0.07142857142857142,25.31939605110337,0.5918367346938775,0.1320754716981132,0.022988505747126436,0.13440860215053763,0.13333333333333333,0.03735632183908046,0.012658227848101266,0.11904761904761904,0.2,0.12418300653594772,0.02702702702702703,0.5714285714285714,0.2138364779874214,0.5588235294117647,0.6129032258064516,0.2631578947368421,0.3522012578616352,0.5,0.5384615384615384,0.25,0.12578616352201258,0.45,0.5,0.1111111111111111,0.0880503144654088,0.22012578616352202,0.3142857142857143,0.3235294117647059,0.5454545454545454,0.16666666666666666,0.5,0.3333333333333333,0.26,0.7692307692307693,0.18,0.3333333333333333,0.5220125786163522,0.3142857142857143,0.5110040880503146,0.46956999999999993,0.517619,0.04878048780487805,0.06140350877192982,0.05,0.37777777777777777,8.33090909090909,25.802040816326528,0.2827496757457847,7.0,2.0,2.0,1.0,1.0,,9.0,51.0,4.0,9.0,,4.0,5.0,6.0,5.0,0.25,,0.05172413793103448,0.058823529411764705,,0.05172413793103448,0.05172413793103448,0.12,0.18181818181818182,0.5,0.5,1.0,0.25,1.0,0.04,1.0,12.0,11.0,1.0,1.0,35.0,1.0,3.0,1.0,,0.02040816326530612,,0.02,15.0,3.0,,,,,,,,0.02857142857142857,,,,1.0,False,,,1.0,0.1,,,,
203914,1610612749,Gary Harris,Gary Harris,203914,MIL,33553.2,559,-80.0,1122.0,1129,308.0,279,111.0,2251,9.0,13.0,2.0,3.0,2.0,2.0,5.0,9.0,,3.0,32.0,6.0,20.0,,1.0,7.0,14.0,25.0,22.0,52.0,8.0,102.0,1322.0,2.0,3.0,1.0,7.0,3.0,6.0,2.0,11.0,14.0,16.0,12.0,66.0,4.0,20.0,6.0,2.0,17.0,41.0,12.0,5.0,99.0,5.0,20.0,16.0,41.0,11.0,52.0,,23.0,9.0,14.0,8.0,6.0,8.0,2.0,16.0,2.0,7.0,27.0,42.0,3.0,6.0,,9.0,3.0,6.0,6.0,,6.0,7.0,6.0,,14.0,308.0,0.5714285714285714,0.6666666666666666,1.0,0.4230769230769231,0.18181818181818182,0.4230769230769231,0.56,0.6666666666666666,0.5,0.6103896103896104,0.875,0.35294117647058826,0.6375,0.875,0.3888888888888889,0.6753246753246753,0.08,0.07692307692307693,0.1111111111111111,7.6738609112709835,0.5,0.08040201005025126,0.02074688796680498,0.06779661016949153,0.0728744939271255,0.02208835341365462,0.01818181818181818,0.10091743119266056,,0.06550218340611354,,0.8571428571428571,0.16883116883116883,0.6923076923076923,0.75,0.4444444444444444,0.11688311688311688,0.5555555555555556,0.625,0.8,0.03896103896103896,,,,0.4155844155844156,0.2597402597402597,0.3,0.3157894736842105,1.0,0.75,0.6666666666666666,,0.11764705882352941,1.0,0.4117647058823529,0.14285714285714285,0.8441558441558441,0.3,0.5487733766233767,0.5418,0.5251529411764706,0.075,0.21428571428571427,0.06862745098039216,0.13725490196078433,6.412000000000001,24.426923076923078,0.27450980392156865,16.0,1.0,4.0,,1.0,,2.0,24.0,8.0,6.0,5.0,2.0,,1.0,,1.0,0.16129032258064516,0.023346303501945526,0.01639344262295082,0.02857142857142857,0.016216216216216217,0.041666666666666664,0.07352941176470588,0.07575757575757576,0.5,0.5,1.0,,,0.23529411764705882,0.25,4.0,2.0,,1.0,12.0,,,,,0.019230769230769232,,,,2.0,1.0,1.0,1.0,1.0,0.25,1.0,1.0,0.05,,,,,False,,,,,,,,
1641813,1610612749,Mark Sears,Mark Sears,1641813,MIL,658.9,11,6.0,22.0,25,12.0,9,1.0,47,,,,,,,,1.0,,,,2.0,3.0,,2.0,3.0,,1.0,2.0,3.0,1.0,7.0,28.0,,,,,,,2.0,3.0,7.0,,,3.0,,3.0,2.0,,,1.0,,,2.0,,,,,,,,,,,1.0,1.0,,,1.0,,1.0,,2.0,,1.0,,2.0,,,,,,,,,7.0,12.0,,,0.5,0.6666666666666666,0.6666666666666666,0.6666666666666666,,,,0.75,,1.0,0.7,,0.875,0.75,,,,26.08695652173913,1.0,,,,,,,,,,,,,,,,0.25,,,,,,,,,0.75,0.6666666666666666,0.6666666666666666,0.5,,,,,,1.0,0.6666666666666666,0.75,0.6666666666666666,0.466425,,0.4799,,,,1.0,5.3,26.03333333333333,0.5454545454545454,,,,,,,1.0,1.0,,,,,1.0,1.0,1.0,,,,,,,,,,,,,,,,,,,,,1.0,,,,,,,,3.0,,,,,,,,,,,,,,False,,,,,,,,
203507,1610612749,Giannis Antetokounmpo,Giannis Antetokounmpo,203507,MIL,55151.5,919,91.0,1878.0,1884,389.0,374,186.0,3762,272.0,348.0,41.0,59.0,52.0,62.0,23.0,63.0,17.0,62.0,1.0,14.0,39.0,1.0,3.0,11.0,312.0,473.0,15.0,40.0,210.0,879.0,2214.0,44.0,71.0,1.0,118.0,60.0,89.0,3.0,11.0,194.0,308.0,316.0,39.0,62.0,39.0,14.0,31.0,123.0,176.0,80.0,43.0,475.0,58.0,111.0,89.0,227.0,89.0,316.0,20.0,30.0,14.0,16.0,51.0,22.0,54.0,29.0,105.0,11.0,22.0,26.0,78.0,17.0,255.0,10.0,321.0,36.0,155.0,23.0,14.0,9.0,23.0,10.0,1.0,190.0,383.0,0.4935897435897436,0.5480427046263345,0.8666666666666667,0.375,0.2727272727272727,0.375,0.6596194503171248,0.6197183098591549,0.6741573033707865,0.652046783625731,0.6111111111111112,0.645,0.6699695121951219,0.6210526315789474,0.6783216783216783,0.07797270955165692,0.06553911205073996,0.0603448275862069,0.15873015873015872,36.091298145506414,0.4857142857142857,0.19222462203023757,0.1554959785522788,0.2534246575342466,0.22197558268590456,0.1070063694267516,0.1590909090909091,0.21052631578947367,0.27586206896551724,0.24074074074074073,0.13071895424836602,0.43478260869565216,0.6783625730994152,0.7816091954022989,0.8318042813455657,0.5036764705882353,0.12280701754385964,0.36507936507936506,0.4339622641509434,0.4782608695652174,0.12085769980506822,0.27419354838709675,0.27419354838709675,0.35294117647058826,0.001949317738791423,0.07602339181286549,0.358974358974359,0.358974358974359,0.8571428571428571,0.8194444444444444,0.6949152542372882,0.013888888888888888,0.62,0.8387096774193549,0.11,0.2727272727272727,0.7563352826510721,0.358974358974359,0.6180065429687498,0.5802436363636364,0.5961207070707071,0.24525316455696203,0.26182432432432434,0.1342434584755404,0.22070534698521047,4.32029598308668,26.405,0.2071352502662407,1.0,,,,,30.0,65.0,53.0,9.0,26.0,27.0,7.0,24.0,9.0,18.0,,0.574468085106383,0.06310679611650485,0.2088607594936709,0.04819277108433735,0.06333333333333334,0.0625,0.11486486486486487,0.2894736842105263,1.0,1.0,1.0,,,,,13.0,4.0,,,31.0,1.0,,,,,,,6.0,9.0,,,,,,,,,5.0,0.05813953488372093,6.0,7.0,False,,,0.12195121951219512,,,,2.0,
1641748,1610612749,Andre Jackson Jr.,Andre Jackson Jr.,1641748,MIL,8332.3,139,-12.0,280.0,292,85.0,133,31.0,572,4.0,9.0,1.0,3.0,,1.0,1.0,6.0,,2.0,11.0,4.0,13.0,3.0,1.0,2.0,5.0,17.0,4.0,24.0,3.0,25.0,314.0,1.0,6.0,4.0,8.0,,1.0,1.0,4.0,5.0,6.0,4.0,12.0,2.0,13.0,4.0,2.0,13.0,19.0,10.0,3.0,51.0,5.0,10.0,3.0,15.0,10.0,25.0,2.0,6.0,4.0,2.0,1.0,1.0,6.0,,7.0,1.0,2.0,10.0,17.0,,6.0,3.0,4.0,,1.0,2.0,1.0,1.0,2.0,,,5.0,85.0,0.6,0.75,1.0,0.16666666666666666,0.25,0.16666666666666666,0.29411764705882354,0.16666666666666666,,0.2682926829268293,0.4,0.3,0.29069767441860467,0.4,0.4166666666666667,0.5853658536585366,0.11764705882352941,0.2222222222222222,,15.576323987538942,0.14285714285714285,0.058823529411764705,0.09803921568627451,0.14705882352941177,0.1092436974789916,0.06944444444444445,0.1,0.10344827586206896,,0.14814814814814814,0.06666666666666667,,0.21951219512195122,0.4444444444444444,0.5714285714285714,0.5,0.14634146341463414,0.16666666666666666,0.16666666666666666,1.0,0.04878048780487805,,,,0.2682926829268293,0.3170731707317073,0.3076923076923077,0.3076923076923077,1.0,0.3,0.3333333333333333,0.3,0.2,,0.4,0.5,0.8048780487804879,0.3076923076923077,0.5506878048780488,0.464325,0.51959,0.023809523809523808,0.05555555555555555,0.32,0.2,5.358823529411766,25.179166666666664,0.30357142857142855,,,2.0,2.0,2.0,,2.0,6.0,,5.0,2.0,,1.0,3.0,1.0,0.5,0.2222222222222222,0.053763440860215055,0.058823529411764705,0.14285714285714285,0.06060606060606061,0.037037037037037035,,0.14285714285714285,,,,0.6666666666666666,1.0,0.4,,2.0,4.0,,,4.0,,,,,,,,,,,,,1.0,0.1,,,,,,1.0,,False,,,,,,,1.0,
1630560,1610612749,Cam Thomas,Cam Thomas,1630560,MIL,13569.8,226,-42.0,450.0,449,124.0,108,53.0,899,19.0,28.0,2.0,2.0,7.0,10.0,14.0,27.0,9.0,27.0,11.0,10.0,32.0,2.0,3.0,13.0,42.0,82.0,13.0,43.0,37.0,160.0,582.0,3.0,6.0,3.0,16.0,15.0,23.0,3.0,14.0,51.0,24.0,60.0,18.0,,32.0,10.0,8.0,11.0,25.0,7.0,4.0,61.0,1.0,16.0,6.0,22.0,2.0,24.0,,2.0,,2.0,11.0,5.0,7.0,6.0,18.0,2.0,5.0,5.0,9.0,,44.0,1.0,46.0,7.0,22.0,1.0,,1.0,1.0,1.0,,51.0,124.0,0.2857142857142857,0.2857142857142857,0.46153846153846156,0.3023255813953488,0.21428571428571427,0.3023255813953488,0.5121951219512195,0.5,0.6521739130434783,0.492,0.5,0.527027027027027,0.5555555555555556,0.6666666666666666,0.5795454545454546,0.344,0.0975609756097561,0.14285714285714285,0.1111111111111111,31.702544031311152,0.6111111111111112,0.08,0.010638297872340425,0.11764705882352941,0.10426540284360189,0.005208333333333333,,0.05714285714285714,,0.10204081632653061,,1.0,0.224,0.6785714285714286,0.7916666666666666,0.42105263157894735,0.216,0.5185185185185185,0.5833333333333334,0.2857142857142857,0.216,0.3333333333333333,0.34615384615384615,,0.088,0.256,0.3125,0.3125,0.3,0.2222222222222222,1.0,0.2222222222222222,0.2702702702702703,0.7,0.35135135135135137,0.23076923076923078,0.568,0.3125,0.5200632,0.5680142857142857,0.5107405405405405,0.16312056737588654,0.2268041237113402,0.1,0.31875,9.090243902439026,25.720930232558146,0.27555555555555555,3.0,,1.0,1.0,1.0,7.0,12.0,14.0,2.0,,,,3.0,,2.0,0.3333333333333333,,,0.038461538461538464,,,,0.13333333333333333,0.15789473684210525,0.2727272727272727,0.2727272727272727,1.0,0.5,1.0,0.02702702702702703,,,1.0,1.0,,12.0,,1.0,1.0,,,,0.022727272727272728,21.0,4.0,,,,1.0,0.1111111111111111,,,,1.0,0.1111111111111111,1.0,1.0,False,,,0.5,0.037037037037037035,,,,
1631172,1610612749,Ousmane Dieng,Ousmane Dieng,1631172,MIL,17061.0,284,-44.0,576.0,580,133.0,129,66.0,1156,4.0,9.0,,1.0,1.0,2.0,9.0,19.0,6.0,14.0,8.0,18.0,50.0,5.0,2.0,9.0,19.0,42.0,22.0,58.0,7.0,111.0,693.0,1.0,4.0,5.0,6.0,3.0,6.0,2.0,10.0,13.0,18.0,20.0,57.0,,50.0,18.0,6.0,11.0,31.0,4.0,7.0,73.0,4.0,26.0,16.0,42.0,7.0,49.0,,9.0,8.0,1.0,13.0,7.0,2.0,6.0,15.0,3.0,5.0,18.0,21.0,,10.0,1.0,10.0,,4.0,6.0,4.0,2.0,6.0,3.0,,13.0,133.0,0.47368421052631576,0.47368421052631576,0.8636363636363636,0.3793103448275862,0.2,0.3793103448275862,0.4523809523809524,0.25,0.5,0.52,0.2777777777777778,0.375,0.5285714285714286,0.3,0.38235294117647056,0.58,0.14285714285714285,0.4444444444444444,0.10526315789473684,18.34862385321101,0.8666666666666667,0.14285714285714285,0.030303030303030304,0.16149068322981366,0.15384615384615385,0.025547445255474453,0.018518518518518517,0.06779661016949153,0.23076923076923078,0.14754098360655737,,0.5,0.09,0.4444444444444444,0.8,0.75,0.19,0.47368421052631576,0.5294117647058824,0.3333333333333333,0.14,0.42857142857142855,0.42857142857142855,0.5,0.08,0.5,0.36,0.36,0.8333333333333334,0.1111111111111111,,0.5555555555555556,0.125,0.5,0.5625,0.2222222222222222,0.67,0.36,0.5149730000000001,0.5083333333333333,0.49622812499999996,0.038461538461538464,0.08695652173913043,0.05405405405405406,0.11711711711711711,10.35238095238095,25.801724137931025,0.2309027777777778,4.0,,1.0,1.0,1.0,1.0,1.0,20.0,3.0,3.0,,,1.0,,1.0,0.2,,0.02112676056338028,0.05,0.02631578947368421,0.020202020202020204,0.023255813953488372,0.225,0.20512820512820512,0.5,0.5,1.0,0.2,1.0,0.0625,,3.0,1.0,,,14.0,,,,,,,,9.0,1.0,,,,,,,,,,,,,False,,1.0,,,,,,
1631250,1610612749,Pete Nance,Pete Nance,1631250,MIL,16247.8,271,30.0,537.0,542,120.0,170,58.0,1079,20.0,25.0,5.0,6.0,5.0,5.0,4.0,7.0,,,19.0,11.0,27.0,3.0,3.0,7.0,24.0,32.0,22.0,46.0,,114.0,614.0,5.0,7.0,4.0,16.0,6.0,6.0,4.0,9.0,24.0,38.0,10.0,66.0,8.0,27.0,11.0,3.0,10.0,15.0,8.0,2.0,40.0,3.0,18.0,19.0,41.0,9.0,50.0,,7.0,5.0,2.0,5.0,4.0,5.0,1.0,10.0,1.0,5.0,9.0,24.0,2.0,2.0,,,,,3.0,3.0,,3.0,2.0,,24.0,120.0,0.7916666666666666,0.95,1.0,0.4782608695652174,0.4444444444444444,0.4782608695652174,0.75,0.7142857142857143,1.0,0.7307692307692307,0.7272727272727273,0.8,0.7307692307692307,0.7272727272727273,0.8,0.5897435897435898,0.09375,0.12,,14.521452145214523,0.5,0.15447154471544716,0.029411764705882353,0.11920529801324503,0.13503649635036497,0.03643724696356275,,0.13559322033898305,0.2857142857142857,0.11403508771929824,,0.6666666666666666,0.32051282051282054,0.8,0.9090909090909091,0.75,0.08974358974358974,0.5714285714285714,0.5714285714285714,1.0,,,,,0.24358974358974358,0.34615384615384615,0.4074074074074074,0.4074074074074074,1.0,0.5454545454545454,0.8333333333333334,0.2727272727272727,0.3333333333333333,1.0,0.4666666666666667,0.42857142857142855,0.9102564102564102,0.4074074074074074,0.5802993506493508,0.627,0.5752900000000001,,,0.14035087719298245,0.21052631578947367,2.6781249999999996,25.32826086956521,0.22346368715083798,11.0,1.0,2.0,1.0,2.0,,,5.0,2.0,6.0,4.0,3.0,,2.0,,0.5,0.2222222222222222,0.041379310344827586,0.05405405405405406,0.03333333333333333,0.04424778761061947,0.03125,0.11627906976744186,0.13513513513513514,0.5789473684210527,0.5789473684210527,1.0,0.3333333333333333,1.0,0.13333333333333333,0.5,2.0,1.0,,,1.0,1.0,,,,,,,,,,,1.0,1.0,0.09090909090909091,1.0,1.0,,,,,,False,,2.0,0.2,,,,,
1630579,1610612749,Jericho Sims,Jericho Sims,1630579,MIL,47311.299999999996,789,-168.0,1546.0,1574,349.0,406,182.0,3120,81.0,94.0,10.0,16.0,15.0,19.0,6.0,9.0,,,,,,,,,87.0,103.0,,,16.0,190.0,1924.0,12.0,18.0,,32.0,15.0,20.0,,,39.0,148.0,26.0,,16.0,,,6.0,29.0,47.0,18.0,11.0,123.0,40.0,99.0,40.0,150.0,78.0,228.0,1.0,10.0,7.0,3.0,15.0,8.0,28.0,7.0,43.0,2.0,10.0,47.0,88.0,18.0,38.0,15.0,27.0,5.0,12.0,11.0,3.0,8.0,11.0,10.0,1.0,39.0,349.0,0.8505747126436781,0.9367088607594937,,,,,0.8446601941747572,0.6666666666666666,0.75,0.8446601941747572,0.6666666666666666,0.75,0.8333333333333334,0.6956521739130435,0.78,,0.05825242718446602,0.06382978723404255,,8.915388983532084,0.3488372093023256,0.1388888888888889,0.11267605633802817,0.22247191011235956,0.18963165075034105,0.10909090909090909,0.13291139240506328,0.13970588235294118,0.17777777777777778,0.21176470588235294,0.1,0.9090909090909091,0.912621359223301,0.8617021276595744,0.9204545454545454,0.8395061728395061,0.08737864077669903,0.6666666666666666,0.6666666666666666,1.0,,,,,,,,,,0.8888888888888888,0.625,,0.95,0.7894736842105263,,,0.912621359223301,,0.6813601941747573,0.5615857142857142,0.673225,0.10909090909090909,0.10909090909090909,0.16842105263157894,0.20526315789473684,1.975728155339806,,0.2257438551099612,,,,,,8.0,9.0,18.0,2.0,38.0,11.0,4.0,4.0,7.0,4.0,,0.20754716981132076,0.10555555555555556,0.08139534883720931,0.10810810810810811,0.10687022900763359,0.10204081632653061,0.12149532710280374,0.2571428571428571,,,,,,,,10.0,6.0,,,6.0,1.0,1.0,,,,,,,1.0,,,,,,,,,,,2.0,,False,,,0.1,,,,,
203648,1610612749,Thanasis Antetokounmpo,Thanasis Antetokounmpo,203648,MIL,2326.4,39,-3.0,81.0,85,39.0,49,11.0,166,2.0,2.0,,,1.0,1.0,1.0,2.0,,,1.0,,,,,,3.0,4.0,,1.0,6.0,12.0,73.0,,,,,2.0,3.0,,,7.0,2.0,4.0,,,,,1.0,3.0,3.0,3.0,,9.0,,3.0,,5.0,4.0,9.0,,3.0,1.0,2.0,,,1.0,,1.0,,1.0,1.0,3.0,,6.0,,9.0,1.0,5.0,3.0,2.0,1.0,3.0,2.0,,7.0,39.0,0.3333333333333333,0.3333333333333333,,,,,0.75,,0.6666666666666666,0.6,,0.6666666666666666,0.6666666666666666,,0.875,0.2,0.25,,0.5,10.75268817204301,,,,0.13636363636363635,0.09090909090909091,0.0851063829787234,,,,0.11764705882352941,,0.6666666666666666,0.4,1.0,1.0,0.5,0.4,0.5,1.0,,,,,,0.2,,,,,,,,0.3333333333333333,1.0,,,0.6,,0.49363,,0.44913333333333333,0.5555555555555556,0.625,,0.5833333333333334,4.525,23.0,0.48148148148148145,,,,,,,3.0,,,4.0,2.0,,,,,,1.0,0.11764705882352941,,,0.07692307692307693,0.25,,0.2,,,,,,,,,,,,,,1.0,,,,,,,1.0,,,,,,,,,,,,,False,,,,,,,,
1626164,1610612756,Devin Booker,Devin Booker,1626164,PHX,1510.0,25,-7.0,52.0,52,13.0,23,9.0,104,2.0,2.0,,,,,2.0,4.0,,,,3.0,7.0,,1.0,2.0,4.0,6.0,3.0,7.0,,17.0,65.0,,,,,,1.0,1.0,2.0,3.0,4.0,4.0,3.0,,7.0,3.0,,2.0,5.0,2.0,,12.0,,,4.0,4.0,,4.0,,3.0,2.0,1.0,2.0,2.0,1.0,,3.0,,1.0,2.0,3.0,,2.0,1.0,,,,1.0,,1.0,1.0,1.0,,3.0,13.0,0.5,0.5,0.3333333333333333,0.42857142857142855,0.5,0.42857142857142855,0.6666666666666666,,,0.6538461538461539,,0.5,0.6538461538461539,,0.5,0.5384615384615384,,,,26.229508196721312,0.6666666666666666,0.26666666666666666,,,0.16666666666666666,,,0.3333333333333333,,,,1.0,0.15384615384615385,1.0,1.0,1.0,0.3076923076923077,0.5,0.5,,,,,,,0.5384615384615384,0.42857142857142855,0.42857142857142855,0.3333333333333333,,,,,,0.6666666666666666,0.5,0.6923076923076923,0.42857142857142855,0.5218192307692309,,0.47223333333333334,,,,0.17647058823529413,6.6499999999999995,26.17142857142857,0.25,,,,,,,,3.0,,,,,,,,,,,,,,,,,,,,,,,,1.0,1.0,,,2.0,,,,,,,,6.0,,,,,,,,,,,,,,True,,,,,,,,
1626220,1610612756,Royce O'Neale,Royce O'Neale,1626220,PHX,2103.7,35,-29.0,68.0,65,2.0,9,9.0,133,,,,,,,,2.0,,,3.0,4.0,8.0,2.0,1.0,1.0,,2.0,6.0,11.0,,18.0,93.0,,,3.0,6.0,,,1.0,1.0,3.0,,,18.0,,8.0,4.0,,,2.0,,,4.0,,1.0,3.0,4.0,,4.0,,1.0,1.0,,1.0,1.0,2.0,,3.0,1.0,,5.0,8.0,1.0,1.0,,,,,1.0,,1.0,1.0,1.0,,3.0,2.0,,,1.0,0.5454545454545454,1.0,0.5454545454545454,,,,0.6923076923076923,1.0,1.5,0.6923076923076923,1.0,1.5,0.8461538461538461,,,,20.77922077922078,0.3333333333333333,0.15789473684210525,,0.07692307692307693,0.125,,,0.13333333333333333,1.0,0.125,,1.0,,,,,0.15384615384615385,,,,,,,,0.23076923076923078,0.6153846153846154,0.5,0.5,1.0,,,0.6666666666666666,,,1.0,1.0,0.8461538461538461,0.5,0.5095125,,0.3393,,,0.3333333333333333,0.16666666666666666,7.300000000000001,27.727272727272727,0.029411764705882353,2.0,,,1.0,2.0,,,2.0,,,,1.0,,1.0,,0.6666666666666666,,,,,,,,,0.6666666666666666,0.6666666666666666,1.0,0.5,1.0,,,1.0,1.0,,,1.0,,,,,,,,,,,,1.0,1.0,0.3333333333333333,1.0,1.0,,,,,,True,,,,,,,,
1628415,1610612756,Dillon Brooks,Dillon Brooks,1628415,PHX,321.0,5,-2.0,8.0,9,,6,2.0,17,,,,,,,,1.0,1.0,1.0,,,2.0,,,,1.0,2.0,,2.0,,2.0,15.0,,,,,,,,,,,2.0,,,2.0,,,,,,,,,,,,1.0,1.0,,,,,,,,,,,,,,,,,,,,,,,,,,,,,,,,,,0.5,,,0.25,,,0.25,,,0.5,,,,36.36363636363637,,,,,,0.2,,,,,,,,,,,0.25,,,,0.25,1.0,1.0,,,0.5,,,,,,,,,,,0.5,,0.4559125,,,,,,,10.8,25.25,,,,,,,,,,,1.0,,,,,,,,0.25,,,0.25,,,,,,,,,,,,,,,,,,,,,,,,,,,,,,,,,,,,,True,,,,,,,,
1629599,1610612756,Amir Coffey,Amir Coffey,1629599,PHX,8993.099999999999,150,2.0,284.0,294,42.0,61,43.0,578,5.0,8.0,1.0,1.0,,,4.0,7.0,3.0,6.0,8.0,3.0,8.0,2.0,3.0,3.0,12.0,21.0,6.0,16.0,9.0,51.0,333.0,1.0,3.0,3.0,12.0,1.0,2.0,4.0,4.0,17.0,14.0,10.0,18.0,2.0,8.0,3.0,1.0,10.0,11.0,8.0,2.0,32.0,3.0,4.0,6.0,14.0,10.0,24.0,2.0,4.0,2.0,2.0,,,1.0,,1.0,,,8.0,12.0,,9.0,1.0,13.0,1.0,7.0,1.0,1.0,,1.0,1.0,,17.0,42.0,0.5833333333333334,0.6363636363636364,1.0,0.375,1.0,0.375,0.5714285714285714,0.3333333333333333,0.5,0.5675675675675675,0.6666666666666666,1.1666666666666667,0.5930232558139535,0.6666666666666666,1.0625,0.43243243243243246,0.047619047619047616,0.125,,13.333333333333334,,0.08333333333333333,0.05660377358490566,0.06060606060606061,0.07246376811594203,0.07246376811594203,0.02857142857142857,0.09615384615384616,,0.06521739130434782,0.1111111111111111,1.0,0.21621621621621623,0.625,0.7142857142857143,0.6,0.1891891891891892,0.5714285714285714,0.5714285714285714,1.0,0.16216216216216217,0.5,0.5,,0.21621621621621623,0.21621621621621623,0.375,0.375,1.0,0.16666666666666666,1.0,0.3333333333333333,,,0.5,1.0,0.6486486486486487,0.375,0.5146351351351353,0.4909833333333333,0.45793333333333336,0.16279069767441862,0.25925925925925924,0.23529411764705882,0.3333333333333333,8.652380952380952,24.768749999999997,0.14788732394366197,3.0,1.0,1.0,1.0,2.0,4.0,3.0,1.0,,7.0,4.0,,,1.0,,0.6666666666666666,0.4444444444444444,0.08235294117647059,0.18181818181818182,,0.1076923076923077,,0.06666666666666667,0.05,0.375,0.375,1.0,0.5,1.0,0.16666666666666666,1.0,,1.0,,,1.0,,1.0,,,,,,,,,,1.0,1.0,0.16666666666666666,1.0,1.0,,,,,,True,,,,,,,,
1631109,1610612756,Mark Williams,Mark Williams,1631109,PHX,1267.6999999999998,21,-33.0,41.0,42,,15,5.0,83,3.0,5.0,,1.0,,,2.0,3.0,,,,,,,,,5.0,8.0,,,,10.0,64.0,,2.0,,,,,,,,8.0,2.0,,,,,,,1.0,,,2.0,,1.0,2.0,3.0,1.0,4.0,,,,,,,,,,,,,,,,,,,,,,,,,1.0,,,0.8,0.8,,,,,0.625,,,0.625,,,0.625,,,,,,,17.02127659574468,,0.2222222222222222,,0.2,0.21428571428571427,0.047619047619047616,,0.16666666666666666,,,,,0.625,0.6,0.6,0.6666666666666666,0.375,0.6666666666666666,0.6666666666666666,1.0,,,,,,,,,,0.5,,,,,,,0.625,,0.5506500000000001,0.4424,,,,,,4.925,,,,,,,,,,1.0,,1.0,,,,,,,,0.08333333333333333,,,0.1111111111111111,,0.3333333333333333,1.0,,,,,,,,,,,,1.0,,,,,,,,,,,,,,,,,,,,,,True,,,,,,,,
1642345,1610612756,Oso Ighodaro,Oso Ighodaro,1642345,PHX,5171.6,86,26.0,165.0,171,37.0,35,24.0,336,9.0,9.0,3.0,3.0,,,6.0,11.0,,,,,,,,,15.0,20.0,,,,30.0,198.0,4.0,4.0,,8.0,2.0,2.0,,,4.0,24.0,6.0,,4.0,,,,7.0,14.0,6.0,1.0,35.0,1.0,6.0,5.0,12.0,7.0,19.0,,5.0,2.0,3.0,,,1.0,,1.0,,,1.0,5.0,1.0,2.0,,,,,3.0,1.0,2.0,4.0,3.0,1.0,4.0,37.0,0.8,0.9230769230769231,,,,,0.75,1.0,1.0,0.75,1.0,1.0,0.75,1.0,1.0,,,,,10.99476439790576,,0.1282051282051282,0.038461538461538464,0.16666666666666666,0.14666666666666667,0.08860759493670886,0.05263157894736842,0.10344827586206896,0.3333333333333333,0.15384615384615385,,0.75,0.45,1.0,1.0,0.7777777777777778,0.55,0.5454545454545454,0.5454545454545454,0.8333333333333334,,,,,,,,,,0.75,1.0,,,,,,0.45,,0.54556,0.5295,0.4246,,,0.26666666666666666,0.13333333333333333,5.140000000000001,,0.22424242424242424,,,,,,,,7.0,1.0,6.0,1.0,1.0,,,,,0.14285714285714285,0.11320754716981132,,,0.10256410256410256,0.14285714285714285,0.14285714285714285,0.2,,,,,,,,4.0,,,,2.0,,,,,,,,,,1.0,1.0,,,,,,,,,,,True,,,0.3333333333333333,,,,,
1628960,1610612756,Grayson Allen,Grayson Allen,1628960,PHX,3287.7,55,35.0,109.0,106,33.0,33,14.0,215,1.0,2.0,1.0,1.0,,,2.0,5.0,2.0,2.0,2.0,9.0,23.0,2.0,4.0,9.0,5.0,9.0,10.0,25.0,11.0,51.0,103.0,2.0,3.0,2.0,12.0,,1.0,4.0,9.0,16.0,6.0,4.0,18.0,,23.0,9.0,1.0,5.0,11.0,3.0,2.0,27.0,,2.0,2.0,4.0,1.0,5.0,,1.0,1.0,,1.0,1.0,2.0,,3.0,,,2.0,4.0,,8.0,,12.0,,1.0,,,,,,,16.0,33.0,0.6,0.6,0.6,0.4,0.4444444444444444,0.4,0.5555555555555556,0.6666666666666666,,0.5882352941176471,1.0,0.6,0.6538461538461539,1.0,0.6666666666666666,0.7352941176470589,0.1111111111111111,0.5,,33.87096774193549,0.3333333333333333,0.06451612903225806,,0.1,0.0784313725490196,0.018867924528301886,,0.045454545454545456,,0.13333333333333333,,,0.058823529411764705,0.5,1.0,1.0,0.14705882352941177,0.4,0.4,0.5,0.058823529411764705,1.0,1.0,0.5,0.058823529411764705,0.6764705882352942,0.391304347826087,0.391304347826087,0.5555555555555556,0.2,1.0,0.4,,,0.9,0.4444444444444444,0.7941176470588235,0.391304347826087,0.511264705882353,0.4502833333333333,0.47497500000000004,0.08108108108108109,0.1,0.23529411764705882,0.3137254901960784,8.266666666666667,27.836,0.30275229357798167,1.0,,,2.0,2.0,2.0,4.0,6.0,,1.0,,,2.0,,2.0,1.0,,0.02857142857142857,,,0.034482758620689655,,0.125,,0.5,0.5,1.0,1.0,1.0,,,3.0,1.0,,,3.0,,,2.0,,,,0.07407407407407407,12.0,1.0,,,,,,,,,,,,,True,,,1.0,,,,,
1630224,1610612756,Jalen Green,Jalen Green,1630224,PHX,2918.3999999999996,49,-2.0,96.0,95,15.0,22,13.0,191,7.0,9.0,,,2.0,3.0,2.0,5.0,,1.0,3.0,3.0,14.0,1.0,,1.0,9.0,15.0,4.0,17.0,4.0,34.0,111.0,,,2.0,4.0,2.0,5.0,,1.0,4.0,10.0,8.0,6.0,,14.0,3.0,1.0,3.0,4.0,3.0,,11.0,,2.0,3.0,5.0,,5.0,,3.0,1.0,2.0,2.0,,5.0,2.0,7.0,,,1.0,2.0,1.0,5.0,,5.0,1.0,3.0,,,,,,,4.0,15.0,0.5555555555555556,0.5555555555555556,0.5,0.23529411764705882,,0.23529411764705882,0.6,,0.4,0.46875,0.75,0.3333333333333333,0.5,0.6666666666666666,0.3333333333333333,0.53125,0.06666666666666667,0.1111111111111111,,36.607142857142854,0.2857142857142857,0.0967741935483871,,0.125,0.10638297872340426,,,0.125,,0.1,,,0.28125,0.7777777777777778,0.875,0.5714285714285714,0.15625,0.4,0.4,0.5,0.03125,,,,0.09375,0.4375,0.21428571428571427,0.21428571428571427,0.3333333333333333,,,0.5,0.5,0.6666666666666666,0.16666666666666666,,0.8125,0.21428571428571427,0.5539984375,0.4746,0.5610333333333334,0.08823529411764706,0.17647058823529413,0.11764705882352941,0.11764705882352941,4.5,25.605882352941173,0.15625,1.0,,,,1.0,1.0,,1.0,,,,,,,,0.5,,,,,,,,0.16666666666666666,0.3333333333333333,0.3333333333333333,1.0,,,,,,1.0,,,1.0,1.0,,,,,,,6.0,1.0,,,1.0,1.0,0.5,1.0,1.0,,,,1.0,,True,,,,,,,,
1642863,1610612756,Khaman Maluach,Khaman Maluach,1642863,PHX,2245.1000000000004,37,8.0,69.0,74,3.0,12,13.0,143,6.0,6.0,3.0,3.0,,,1.0,3.0,,,,1.0,3.0,,1.0,1.0,7.0,9.0,1.0,3.0,,17.0,64.0,4.0,5.0,,8.0,,,1.0,1.0,3.0,8.0,6.0,3.0,6.0,3.0,1.0,,,,,,,2.0,6.0,3.0,10.0,5.0,15.0,,,,,2.0,,4.0,2.0,6.0,1.0,,,3.0,2.0,3.0,1.0,1.0,1.0,1.0,2.0,,2.0,2.0,1.0,,3.0,3.0,0.5714285714285714,1.0,1.0,0.3333333333333333,1.0,0.3333333333333333,0.7777777777777778,0.8,,0.7083333333333334,0.8,1.5,0.7083333333333334,0.8,1.5,0.25,,,,21.951219512195124,0.3333333333333333,0.15789473684210525,0.13333333333333333,0.25,0.20930232558139536,0.15151515151515152,0.1111111111111111,0.16666666666666666,0.5,0.25,,0.5,0.5,1.0,1.0,0.6666666666666666,0.25,0.3333333333333333,0.3333333333333333,,,,,,,0.25,0.3333333333333333,0.3333333333333333,1.0,0.6,1.0,,,,1.0,1.0,0.75,0.3333333333333333,0.5730125,0.5835333333333333,0.4599,0.08333333333333333,0.1111111111111111,0.47058823529411764,0.17647058823529413,2.933333333333333,25.933333333333337,0.043478260869565216,,,,,,,,,,3.0,1.0,,,,,,0.5,0.16666666666666666,,0.3333333333333333,0.125,0.5,,0.25,,,,,,,,,1.0,,,,,1.0,,,,,,,,,,,,,,,,,,,1.0,True,,,0.3333333333333333,,,,,
1631221,1610612756,Collin Gillespie,Collin Gillespie,1631221,PHX,4253.4,71,6.0,129.0,137,10.0,13,19.0,266,,,,,,,2.0,5.0,2.0,3.0,1.0,9.0,18.0,,1.0,1.0,4.0,8.0,10.0,19.0,,38.0,150.0,,1.0,,,,1.0,1.0,1.0,3.0,4.0,4.0,24.0,,18.0,9.0,,7.0,16.0,2.0,5.0,39.0,1.0,,1.0,1.0,4.0,5.0,,2.0,1.0,1.0,5.0,5.0,6.0,,11.0,,,4.0,7.0,,6.0,1.0,,,,,,,1.0,,,3.0,10.0,0.5,0.5,0.8,0.5263157894736842,1.0,0.5263157894736842,0.5,,,0.7037037037037037,,0.75,0.7037037037037037,,0.75,0.7037037037037037,,,,25.333333333333332,0.45454545454545453,0.02857142857142857,0.047619047619047616,,0.017857142857142856,0.06666666666666667,0.06666666666666667,0.04,,,,,,,,,0.18518518518518517,0.4,0.4,1.0,0.1111111111111111,0.6666666666666666,0.6666666666666666,,0.037037037037037035,0.6666666666666666,0.5,0.5294117647058824,0.7777777777777778,,,,,,0.5,1.0,0.7037037037037037,0.5,0.5030296296296297,,0.464275,,,,0.07894736842105263,12.725,27.226315789473688,0.07751937984496124,1.0,,,,,,,9.0,,3.0,,,,1.0,,,,0.07692307692307693,,,0.07407407407407407,0.08333333333333333,,,1.0,1.0,1.0,,,,,3.0,3.0,,1.0,6.0,2.0,2.0,,,0.05263157894736842,,,6.0,,1.0,,,,,,,0.05555555555555555,,,,1.0,True,1.0,,,,,,,
1642346,1610612756,Ryan Dunn,Ryan Dunn,1642346,PHX,3430.8,57,-25.0,104.0,116,9.0,14,19.0,220,2.0,4.0,1.0,2.0,,,1.0,2.0,,,7.0,,1.0,,,,3.0,6.0,1.0,8.0,2.0,11.0,140.0,1.0,2.0,1.0,2.0,,,1.0,1.0,3.0,6.0,,3.0,,1.0,,1.0,1.0,4.0,,1.0,9.0,,3.0,4.0,7.0,3.0,10.0,,1.0,,1.0,1.0,,,1.0,1.0,,,3.0,4.0,,3.0,,4.0,,2.0,1.0,1.0,,1.0,1.0,,3.0,9.0,1.0,1.0,1.0,0.125,1.0,0.125,0.5,0.5,,0.32142857142857145,0.3333333333333333,1.5,0.34375,0.3333333333333333,1.5,0.5714285714285714,0.16666666666666666,,0.5,13.492063492063492,1.0,0.16,,0.13043478260869565,0.14583333333333334,0.05263157894736842,,0.1111111111111111,,0.1875,,1.0,0.2857142857142857,0.5,0.5,1.0,0.14285714285714285,0.5,1.0,1.0,,,,,0.5,0.07142857142857142,,,,0.6666666666666666,0.5,,,,,,0.8571428571428571,,0.5557321428571428,,0.53745,0.125,0.25,0.18181818181818182,0.2727272727272727,3.466666666666667,23.787499999999998,0.08653846153846154,1.0,1.0,1.0,,,,,3.0,,3.0,,1.0,,,,,,0.07692307692307693,,,0.08333333333333333,0.06666666666666667,0.4,,0.14285714285714285,0.14285714285714285,1.0,,,1.0,1.0,2.0,,,,1.0,,,,,,,,,,,,,1.0,0.3333333333333333,,,,,,,,True,,,1.0,,,,,
1630692,1610612756,Jordan Goodwin,Jordan Goodwin,1630692,PHX,1006.3,17,-12.0,34.0,36,4.0,7,3.0,70,,,,,,,1.0,1.0,,,3.0,1.0,5.0,1.0,,1.0,1.0,1.0,2.0,8.0,,8.0,49.0,,,2.0,,,,,1.0,,,2.0,3.0,,5.0,1.0,,1.0,4.0,1.0,,9.0,,2.0,,2.0,,2.0,,2.0,,2.0,,,,,,,,1.0,1.0,,,,,,,,,,,,,,4.0,,,0.5,0.25,,0.25,1.0,,,0.4444444444444444,,,0.4444444444444444,,,0.8888888888888888,,,,23.684210526315788,,,,0.4,0.16666666666666666,,,,,0.25,,,,,,,0.1111111111111111,1.0,1.0,,,,,,0.3333333333333333,0.5555555555555556,0.2,0.2,1.0,,,0.5,,,1.0,,0.8888888888888888,0.2,0.5485388888888889,,0.5622,,,,,13.8,24.775,0.11764705882352941,1.0,,,,,,,3.0,,,,,,,,,,,,,,,,1.0,0.3333333333333333,0.3333333333333333,,,,,,1.0,,,,2.0,,,,,,,,3.0,,,,,1.0,0.5,,,,,,,,True,,,,,,,,
1630587,1610612756,Isaiah Livers,Isaiah Livers,1630587,PHX,646.0,11,-9.0,22.0,23,,3,3.0,45,,,,,,,,1.0,,,,,2.0,,,,,1.0,,2.0,,,29.0,,,,,,,,,,,,,,2.0,,,,,,,,1.0,,,,1.0,1.0,,,,,,,,,,,,,,,,,,,,,,,,,,,,,,,,,,,,,,,,,,,0.6666666666666666,,,,12.0,,,0.14285714285714285,,,0.09090909090909091,,,,,,,,,,,0.3333333333333333,,,,,,,,,0.6666666666666666,,,,,,,,,,,0.6666666666666666,,0.4758166666666667,,,,,,,8.7,26.2,,,,,,,,,,,,,,,,,,,,,1.0,,,,,,,,,,,,,,,2.0,,,,,,1.0,,,,,,,,,,,,1.0,,,,,True,,,,,,,,
1631123,1610612756,Jamaree Bouyea,Jamaree Bouyea,1631123,PHX,3020.4,50,14.0,94.0,95,19.0,27,18.0,189,3.0,4.0,,,1.0,1.0,,6.0,1.0,3.0,2.0,2.0,6.0,,,,4.0,13.0,2.0,8.0,2.0,16.0,101.0,,1.0,,,1.0,1.0,,,3.0,2.0,6.0,3.0,,6.0,2.0,2.0,6.0,12.0,4.0,2.0,30.0,,5.0,2.0,7.0,1.0,8.0,,3.0,1.0,2.0,,,1.0,,1.0,,,3.0,7.0,,3.0,,4.0,,2.0,2.0,,2.0,2.0,,,3.0,19.0,0.25,0.25,0.5,0.25,,0.25,0.3076923076923077,,1.0,0.3333333333333333,,1.0,0.34782608695652173,,0.75,0.38095238095238093,0.15384615384615385,,0.3333333333333333,21.62162162162162,,0.09090909090909091,,0.14705882352941177,0.125,0.018518518518518517,,0.125,,0.08333333333333333,,,0.19047619047619047,0.75,0.75,0.3333333333333333,0.2857142857142857,,,,0.14285714285714285,0.3333333333333333,0.3333333333333333,,0.09523809523809523,0.2857142857142857,0.3333333333333333,0.3333333333333333,0.5,,,,1.0,1.0,,,0.5714285714285714,0.3333333333333333,0.500397619047619,,0.5751,0.08695652173913043,0.13333333333333333,,0.1875,8.076923076923077,25.5625,0.20212765957446807,,,,,,,1.0,6.0,,1.0,,1.0,,1.0,,,,0.034482758620689655,,,0.043478260869565216,,,0.3,,,,,,,,2.0,1.0,,,4.0,,,,,,,,3.0,,,,,,,,,,,,,,True,,,,,,,,
1642853,1610612756,Rasheer Fleming,Rasheer Fleming,1642853,PHX,3937.3,66,32.0,123.0,128,21.0,21,17.0,251,,,,,,,1.0,2.0,,,6.0,3.0,7.0,,1.0,1.0,1.0,2.0,7.0,13.0,,23.0,128.0,,1.0,1.0,3.0,1.0,1.0,1.0,3.0,5.0,2.0,,21.0,,7.0,3.0,,,2.0,,,4.0,2.0,3.0,3.0,6.0,3.0,9.0,,2.0,1.0,1.0,3.0,1.0,,2.0,3.0,,,3.0,4.0,,2.0,,,,,,,,1.0,1.0,,5.0,21.0,1.0,1.0,1.0,0.5384615384615384,0.3333333333333333,0.5384615384615384,0.5,,1.0,0.7666666666666667,0.75,0.625,0.7666666666666667,0.75,0.625,0.8666666666666667,,,,12.949640287769785,1.0,0.13043478260869565,0.09090909090909091,0.07894736842105263,0.09836065573770492,0.06,0.07142857142857142,0.11764705882352941,0.5,0.07407407407407407,,1.0,,,,,0.13333333333333333,0.5,0.5,1.0,,,,,0.4,0.4666666666666667,0.42857142857142855,0.42857142857142855,1.0,,,,,,0.25,1.0,0.8666666666666667,0.42857142857142855,0.5262433333333334,0.462775,0.513675,,,0.13043478260869565,0.21739130434782608,7.75,24.984615384615385,0.17073170731707318,4.0,,2.0,,1.0,,,2.0,,1.0,,,,,,1.0,,0.03571428571428571,,0.3333333333333333,0.043478260869565216,,,0.09090909090909091,0.6666666666666666,0.6666666666666666,1.0,,,0.5,,,,,,2.0,,,,,,,,,,1.0,,1.0,1.0,0.5,1.0,1.0,,,,,,True,1.0,,,,,,,
1629312,1610612756,Haywood Highsmith,Haywood Highsmith,1629312,PHX,36.0,1,,,2,,1,,2,,,,,,,,,,,,,,,,,,,,,,,,,,,,,,,,,,,,,,,,,,,,,,,,,,,,,,,,,,,,,,,,,,,,,,,,,,,,,,,,,,,,,,,,,,,,,,,,,,,,,,,,,,,,,,,,,,,,,,,,,,,,,,,,,,,,,,,,,,,,,,,,,,,,,,,,,,,,,,,,,,,,,,,,,,,,,,,,,,,,,,,,,,,,,,,,,,,,,,,,,,,True,,,,,,,,
1642886,1610612756,Koby Brea,Koby Brea,1642886,PHX,817.0,14,6.0,22.0,25,2.0,3,4.0,47,,,,,,,,1.0,,,1.0,2.0,2.0,,,,,1.0,3.0,3.0,,9.0,22.0,,,,,,,,,,,,9.0,,2.0,2.0,,1.0,1.0,,1.0,3.0,,,1.0,1.0,,1.0,,,,,,,,,,,,,,,,,,,,,,,,,,,2.0,,,1.0,1.0,,1.0,,,,1.125,,,1.125,,,0.75,,,,15.384615384615383,,0.2,,,0.0625,,,,1.0,,,,,,,,0.25,,,,,,,,0.25,0.5,1.0,1.0,1.0,,,,,,,,0.75,1.0,0.4993875,,,,,,,12.9,25.7,0.09090909090909091,1.0,,,,,,,,,,,,,,,,,,,,,,,,1.0,1.0,1.0,,,,,,,,,,,,,,,,,,,,,,,,,,,,,,,True,,,,,,,,
1626164,1610612756,Devin Booker,Devin Booker,1626164,PHX,94532.4,1576,166.0,3272.0,3271,772.0,925,445.0,6543,82.0,119.0,9.0,13.0,19.0,23.0,137.0,293.0,81.0,175.0,25.0,74.0,242.0,24.0,21.0,66.0,300.0,587.0,83.0,267.0,328.0,1177.0,3664.0,21.0,50.0,27.0,90.0,67.0,123.0,22.0,68.0,320.0,198.0,402.0,168.0,16.0,242.0,74.0,44.0,160.0,287.0,110.0,50.0,734.0,14.0,79.0,64.0,146.0,39.0,185.0,9.0,40.0,27.0,13.0,115.0,58.0,40.0,57.0,155.0,15.0,34.0,55.0,122.0,10.0,303.0,4.0,377.0,37.0,155.0,12.0,9.0,3.0,12.0,5.0,1.0,315.0,766.0,0.33,0.339041095890411,0.6746987951807228,0.31086142322097376,0.3235294117647059,0.31086142322097376,0.5110732538330494,0.42,0.5447154471544715,0.4970725995316159,0.4675324675324675,0.5235602094240838,0.5751730959446093,0.5174418604651163,0.6354581673306773,0.3126463700234192,0.07495741056218058,0.10084033613445378,0.09897610921501707,30.692287444064227,0.7419354838709677,0.08579088471849866,0.01876675603217158,0.1025974025974026,0.09432717678100264,0.024761904761904763,0.02406417112299465,0.09631728045325778,0.08396946564885496,0.10701754385964912,0.02132701421800948,0.4166666666666667,0.13934426229508196,0.6890756302521008,0.7663551401869159,0.4268292682926829,0.3430913348946136,0.46757679180887374,0.5189393939393939,0.2846715328467153,0.20491803278688525,0.46285714285714286,0.47093023255813954,0.30864197530864196,0.02927400468384075,0.28337236533957844,0.30578512396694213,0.30578512396694213,0.6351351351351351,0.16883116883116883,0.6923076923076923,0.3116883116883117,0.12041884816753927,0.8260869565217391,0.34554973821989526,0.3181818181818182,0.4519906323185012,0.30578512396694213,0.50221151586369,0.49725975609756107,0.47980396825396837,0.16376663254861823,0.2198581560283688,0.07646559048428207,0.27187765505522515,10.363713798977852,26.491760299625465,0.23594132029339854,9.0,1.0,2.0,10.0,10.0,18.0,120.0,127.0,10.0,25.0,3.0,10.0,34.0,15.0,31.0,0.37037037037037035,0.04225352112676056,0.030156815440289506,0.024154589371980676,,0.0264797507788162,0.0427807486631016,0.07251908396946564,0.09,0.36,0.36,1.0,0.4166666666666667,0.9,0.010471204188481676,0.5,46.0,12.0,2.0,,71.0,,13.0,5.0,,,,0.01838235294117647,81.0,7.0,,,,3.0,0.03896103896103896,,,,,,5.0,2.0,False,,,0.1111111111111111,0.017142857142857144,,16.0,,
1626220,1610612756,Royce O'Neale,Royce O'Neale,1626220,PHX,110171.59999999998,1836,-81.0,3766.0,3763,612.0,785,471.0,7529,28.0,46.0,5.0,11.0,7.0,10.0,17.0,45.0,2.0,5.0,72.0,125.0,349.0,32.0,18.0,50.0,47.0,96.0,165.0,421.0,21.0,610.0,4377.0,9.0,18.0,37.0,52.0,8.0,16.0,23.0,60.0,97.0,56.0,38.0,465.0,10.0,349.0,125.0,7.0,75.0,176.0,56.0,19.0,427.0,7.0,129.0,110.0,262.0,50.0,312.0,4.0,72.0,40.0,32.0,56.0,43.0,33.0,13.0,89.0,9.0,12.0,67.0,138.0,10.0,42.0,3.0,30.0,,6.0,19.0,8.0,8.0,22.0,13.0,1.0,97.0,605.0,0.5957446808510638,0.6666666666666666,0.9393939393939394,0.3919239904988123,0.38333333333333336,0.3919239904988123,0.4895833333333333,0.5,0.5,0.5696324951644101,0.43636363636363634,0.5592105263157895,0.5734463276836158,0.45614035087719296,0.5705882352941176,0.8143133462282398,0.07291666666666667,0.06521739130434782,0.08888888888888889,14.331946370781322,0.6292134831460674,0.12941176470588237,0.008045977011494253,0.1446188340807175,0.13719862227324914,0.025820333512641205,0.0064794816414686825,0.11286681715575621,0.1935483870967742,0.1456752655538695,0.013745704467353952,0.5909090909090909,0.08897485493230174,0.6086956521739131,0.6511627906976745,0.5714285714285714,0.08704061895551257,0.37777777777777777,0.4146341463414634,0.5882352941176471,0.009671179883945842,0.4,0.4,1.0,0.13926499032882012,0.6750483558994197,0.35816618911174786,0.35816618911174786,0.92,0.2,0.45454545454545453,0.5818181818181818,0.13157894736842105,0.7,0.6578947368421053,0.36,0.9032882011605415,0.35816618911174786,0.5442447674418602,0.5363068181818181,0.5316193333333333,0.01338432122370937,0.058823529411764705,0.08524590163934426,0.15901639344262294,5.332291666666666,26.585748218527307,0.16250663834306958,40.0,5.0,10.0,7.0,10.0,4.0,12.0,101.0,12.0,41.0,23.0,8.0,8.0,10.0,7.0,0.2702702702702703,0.27710843373493976,0.041456016177957536,0.008888888888888889,0.01098901098901099,0.04466501240694789,0.0273224043715847,0.11904761904761904,0.14163090128755365,0.5555555555555556,0.5555555555555556,1.0,0.21875,1.0,0.13157894736842105,0.5,34.0,12.0,,,55.0,3.0,7.0,1.0,3.0,,,0.0023752969121140144,30.0,1.0,3.0,2.0,3.0,5.0,0.09090909090909091,0.6,1.0,,2.0,0.03225806451612903,4.0,,False,1.0,,0.2,,1.0,1.0,,1.0
1628415,1610612756,Dillon Brooks,Dillon Brooks,1628415,PHX,91494.59999999998,1525,-31.0,3143.0,3171,566.0,763,405.0,6314,65.0,97.0,11.0,17.0,13.0,17.0,146.0,285.0,54.0,146.0,56.0,101.0,283.0,28.0,18.0,46.0,265.0,528.0,117.0,339.0,161.0,1042.0,3675.0,30.0,53.0,34.0,113.0,49.0,84.0,19.0,57.0,200.0,150.0,380.0,273.0,16.0,283.0,101.0,24.0,37.0,88.0,24.0,13.0,213.0,18.0,79.0,57.0,144.0,38.0,182.0,8.0,52.0,35.0,17.0,40.0,19.0,50.0,21.0,90.0,11.0,12.0,63.0,170.0,15.0,171.0,7.0,188.0,13.0,75.0,8.0,3.0,4.0,8.0,5.0,1.0,198.0,559.0,0.2830188679245283,0.2918287937743191,0.7777777777777778,0.34513274336283184,0.3333333333333333,0.34513274336283184,0.5018939393939394,0.5660377358490566,0.5833333333333334,0.5080738177623991,0.5517241379310345,0.549645390070922,0.5472689075630253,0.5885416666666666,0.6097560975609756,0.39100346020761245,0.045454545454545456,0.10309278350515463,0.042105263157894736,28.836565096952906,0.4444444444444444,0.08394698085419734,0.023872679045092837,0.1070460704607046,0.09597741707833451,0.025016458196181698,0.031746031746031744,0.08849557522123894,0.1015625,0.12110091743119267,0.017777777777777778,0.625,0.1118800461361015,0.6701030927835051,0.7471264367816092,0.36923076923076925,0.328719723183391,0.512280701754386,0.5347985347985348,0.2465753424657534,0.16839677047289503,0.3698630136986301,0.375,0.2777777777777778,0.06459054209919261,0.3264129181084198,0.3568904593639576,0.3607142857142857,0.7425742574257426,0.19540229885057472,0.6470588235294118,0.3218390804597701,0.12056737588652482,0.7647058823529411,0.3262411347517731,0.391304347826087,0.5028835063437139,0.3568904593639576,0.5037457900807382,0.5109509615384616,0.5007879432624114,0.08467309753483387,0.1271186440677966,0.10844529750479846,0.19193857965451055,10.401515151515149,26.036283185840716,0.1800827235125676,16.0,1.0,11.0,12.0,12.0,17.0,45.0,51.0,,20.0,8.0,12.0,19.0,15.0,12.0,0.35294117647058826,0.10526315789473684,0.026143790849673203,0.024875621890547265,0.005714285714285714,0.027375201288244767,0.020833333333333332,0.0660377358490566,0.06735751295336788,0.2857142857142857,0.2909090909090909,1.0,0.42857142857142855,0.8333333333333334,0.07801418439716312,0.09090909090909091,14.0,10.0,1.0,4.0,37.0,5.0,20.0,4.0,1.0,0.011799410029498525,0.017857142857142856,0.011661807580174927,78.0,6.0,,,,6.0,0.06896551724137931,,,0.01060070671378092,,,6.0,3.0,False,,,0.2727272727272727,0.0136986301369863,,,,
1628502,1610612756,Nigel Hayes-Davis,Nigel Hayes-Davis,1628502,PHX,11712.800000000001,195,-72.0,383.0,411,109.0,210,60.0,794,2.0,4.0,2.0,4.0,,1.0,9.0,19.0,2.0,7.0,6.0,2.0,10.0,,1.0,4.0,13.0,30.0,2.0,16.0,2.0,34.0,458.0,5.0,11.0,1.0,10.0,6.0,12.0,1.0,5.0,16.0,10.0,16.0,6.0,6.0,10.0,2.0,1.0,6.0,7.0,5.0,1.0,20.0,7.0,9.0,11.0,21.0,12.0,33.0,2.0,8.0,3.0,5.0,4.0,2.0,4.0,2.0,8.0,,1.0,7.0,16.0,2.0,4.0,,4.0,,2.0,2.0,2.0,,2.0,2.0,,16.0,109.0,0.38461538461538464,0.5,1.0,0.125,0.2,0.125,0.43333333333333335,0.45454545454545453,0.5,0.34782608695652173,0.4166666666666667,0.4411764705882353,0.3541666666666667,0.4166666666666667,0.4444444444444444,0.34782608695652173,0.03333333333333333,0.25,,12.307692307692308,0.5,0.11827956989247312,0.07368421052631578,0.10714285714285714,0.11299435028248588,0.06030150753768844,0.07407407407407407,0.07142857142857142,0.15384615384615385,0.08571428571428572,0.06896551724137931,1.0,0.08695652173913043,0.5,0.6666666666666666,,0.41304347826086957,0.47368421052631576,0.47368421052631576,0.4444444444444444,0.15217391304347827,0.2857142857142857,0.2857142857142857,0.5,0.13043478260869565,0.21739130434782608,0.2,0.2,1.0,0.3333333333333333,0.5,,0.058823529411764705,,0.23529411764705882,0.25,0.43478260869565216,0.2,0.4660076086956522,0.5062785714285714,0.4538029411764706,0.041666666666666664,0.0625,0.29411764705882354,0.47058823529411764,9.629999999999999,24.7375,0.2845953002610966,,,1.0,,,,1.0,1.0,,5.0,1.0,,,3.0,,,0.16666666666666666,0.04807692307692308,0.045454545454545456,0.10526315789473684,0.05,0.041666666666666664,0.15789473684210525,0.21428571428571427,,,,,,0.058823529411764705,,,1.0,,,1.0,,1.0,,,,,,,,,,,1.0,0.08333333333333333,,,,,,1.0,,False,,,,,,,,
1631221,1610612756,Collin Gillespie,Collin Gillespie,1631221,PHX,104878.1,1748,133.0,3566.0,3546,664.0,807,471.0,7112,23.0,45.0,3.0,6.0,4.0,9.0,55.0,124.0,20.0,48.0,72.0,152.0,371.0,30.0,22.0,55.0,98.0,217.0,186.0,443.0,65.0,819.0,3975.0,8.0,19.0,39.0,82.0,20.0,50.0,30.0,72.0,150.0,72.0,124.0,405.0,4.0,371.0,152.0,23.0,126.0,284.0,90.0,36.0,694.0,23.0,97.0,91.0,190.0,64.0,254.0,5.0,79.0,46.0,33.0,66.0,38.0,27.0,28.0,93.0,8.0,15.0,51.0,99.0,2.0,106.0,6.0,76.0,7.0,26.0,11.0,6.0,5.0,12.0,7.0,,148.0,656.0,0.3673469387755102,0.375,0.7258064516129032,0.4198645598194131,0.4166666666666667,0.4198645598194131,0.45161290322580644,0.42105263157894735,0.4,0.5712121212121212,0.6810344827586207,0.5327868852459017,0.590843023255814,0.6833333333333333,0.5643939393939394,0.6712121212121213,0.10599078341013825,0.26666666666666666,0.08870967741935484,18.947113051916546,0.7096774193548387,0.11636828644501279,0.02781136638452237,0.11714975845410629,0.11677018633540373,0.035975267003934795,0.02320185614849188,0.12470023980815348,0.13533834586466165,0.10378912685337727,0.014577259475218658,0.5833333333333334,0.06818181818181818,0.5111111111111111,0.696969696969697,0.34782608695652173,0.18787878787878787,0.4435483870967742,0.48672566371681414,0.32727272727272727,0.07272727272727272,0.4166666666666667,0.4166666666666667,0.5,0.10909090909090909,0.5621212121212121,0.40970350404312667,0.41192411924119243,0.6710526315789473,0.10344827586206896,0.5,0.5172413793103449,0.07377049180327869,0.4444444444444444,0.45081967213114754,0.4,0.7393939393939394,0.40970350404312667,0.522489481707317,0.5053696428571428,0.49438541666666663,0.045454545454545456,0.11016949152542373,0.10012210012210013,0.18315018315018314,9.908755760368665,26.43589164785553,0.1862030286034773,34.0,8.0,17.0,16.0,21.0,3.0,20.0,158.0,14.0,41.0,2.0,4.0,6.0,11.0,5.0,0.5384615384615384,0.02564102564102564,0.0430672268907563,0.04741379310344827,0.012195121951219513,0.046753246753246755,0.027472527472527472,0.09051724137931035,0.15384615384615385,0.4722222222222222,0.4722222222222222,0.9705882352941176,0.5333333333333333,0.75,0.13934426229508196,0.47058823529411764,52.0,13.0,8.0,2.0,92.0,5.0,18.0,5.0,,0.004514672686230248,,0.011210762331838564,153.0,4.0,1.0,,5.0,9.0,0.15517241379310345,0.5555555555555556,1.0,0.005390835579514825,,,2.0,,False,1.0,,,,2.0,7.0,,
1628960,1610612756,Grayson Allen,Grayson Allen,1628960,PHX,70823.6,1180,19.0,2394.0,2397,536.0,585,320.0,4791,48.0,69.0,6.0,8.0,9.0,15.0,37.0,96.0,3.0,7.0,45.0,112.0,322.0,37.0,24.0,77.0,88.0,172.0,129.0,367.0,102.0,665.0,2766.0,8.0,13.0,42.0,98.0,22.0,37.0,30.0,95.0,172.0,82.0,94.0,312.0,2.0,322.0,112.0,22.0,73.0,160.0,53.0,20.0,393.0,15.0,46.0,42.0,91.0,28.0,119.0,4.0,59.0,37.0,22.0,45.0,32.0,22.0,13.0,67.0,2.0,11.0,41.0,85.0,3.0,114.0,8.0,118.0,7.0,42.0,11.0,5.0,6.0,12.0,9.0,,168.0,529.0,0.4659090909090909,0.47126436781609193,0.8062015503875969,0.35149863760217986,0.3157894736842105,0.35149863760217986,0.5116279069767442,0.6153846153846154,0.5945945945945946,0.5222634508348795,0.8545454545454545,0.5075757575757576,0.5586734693877551,0.8596491228070176,0.5596026490066225,0.6808905380333952,0.12790697674418605,0.08695652173913043,0.15625,23.527298850574713,0.6716417910447762,0.07909604519774012,0.02737226277372263,0.08112874779541446,0.08014571948998178,0.02225886232481451,0.02702702702702703,0.07612456747404844,0.09375,0.05995203836930456,0.013745704467353952,0.75,0.1280148423005566,0.6956521739130435,0.7619047619047619,0.5,0.17810760667903525,0.3854166666666667,0.4567901234567901,0.43243243243243246,0.012987012987012988,0.42857142857142855,0.5,0.3333333333333333,0.08348794063079777,0.5974025974025974,0.34782608695652173,0.3510971786833856,0.7767857142857143,0.14545454545454545,0.75,0.6727272727272727,0.11363636363636363,0.6,0.5833333333333334,0.3116883116883117,0.8089053803339518,0.34782608695652173,0.5235949814126396,0.5039391304347827,0.49762633587786265,0.07478260869565218,0.2028985507246377,0.14736842105263157,0.2586466165413534,5.743023255813955,26.79482288828337,0.22389306599832914,17.0,6.0,18.0,22.0,26.0,4.0,38.0,87.0,5.0,12.0,3.0,7.0,13.0,9.0,10.0,0.6190476190476191,0.05084745762711865,0.01804511278195489,0.01948051948051948,0.04081632653061224,0.016853932584269662,0.022900763358778626,0.07534246575342465,0.14,0.37777777777777777,0.38636363636363635,1.0,0.5945945945945946,0.9090909090909091,0.13636363636363635,0.3333333333333333,35.0,7.0,,4.0,47.0,4.0,8.0,1.0,,0.010899182561307902,0.022222222222222223,0.002717391304347826,75.0,2.0,1.0,1.0,4.0,5.0,0.09090909090909091,0.8,1.0,0.009316770186335404,1.0,0.02127659574468085,,2.0,False,,,0.8333333333333334,0.14285714285714285,,10.0,,
1630208,1610612756,Nick Richards,Nick Richards,1630208,PHX,15212.5,254,-60.0,515.0,516,96.0,121,85.0,1031,20.0,39.0,6.0,17.0,4.0,10.0,13.0,27.0,2.0,5.0,,,,,,,35.0,71.0,,,19.0,89.0,619.0,9.0,22.0,,21.0,4.0,11.0,,,13.0,52.0,18.0,,14.0,,,12.0,3.0,8.0,3.0,,19.0,23.0,27.0,25.0,56.0,35.0,91.0,7.0,4.0,3.0,1.0,8.0,6.0,17.0,2.0,25.0,7.0,5.0,16.0,39.0,8.0,24.0,5.0,28.0,1.0,13.0,14.0,6.0,8.0,14.0,6.0,3.0,13.0,96.0,0.7428571428571429,0.9285714285714286,,,,,0.49295774647887325,0.4090909090909091,0.36363636363636365,0.49295774647887325,0.4090909090909091,0.36363636363636365,0.5238095238095238,0.42,0.4,,0.16901408450704225,0.1794871794871795,0.18518518518518517,17.52411575562701,0.32,0.22935779816513763,0.16312056737588654,0.2231404958677686,0.22608695652173913,0.13157894736842105,0.1744186046511628,0.24561403508771928,0.21428571428571427,0.20212765957446807,0.2916666666666667,0.42857142857142855,0.5492957746478874,0.5128205128205128,0.625,0.75,0.38028169014084506,0.48148148148148145,0.5909090909090909,0.6923076923076923,0.07042253521126761,0.4,0.4,1.0,,,,,,0.7727272727272727,0.35294117647058826,,0.9090909090909091,0.4,,,0.5492957746478874,,0.5289830985915493,0.5271,0.5372181818181819,0.1566265060240964,0.1566265060240964,0.23595505617977527,0.14606741573033707,5.250704225352112,,0.18640776699029127,,,,,,3.0,5.0,5.0,,12.0,4.0,6.0,1.0,1.0,1.0,,0.4444444444444444,0.096,0.2,0.05,0.10101010101010101,0.07692307692307693,0.21052631578947367,0.2962962962962963,,,,,,,,1.0,3.0,,,4.0,,,,,,,,,1.0,,,,,,,,,,,,1.0,False,,,0.16666666666666666,,,1.0,2.0,
1630692,1610612756,Jordan Goodwin,Jordan Goodwin,1630692,PHX,71381.30000000002,1190,95.0,2393.0,2417,665.0,800,385.0,4810,66.0,113.0,30.0,52.0,17.0,29.0,24.0,76.0,7.0,20.0,76.0,58.0,155.0,25.0,19.0,42.0,97.0,209.0,83.0,231.0,31.0,474.0,2677.0,39.0,72.0,37.0,116.0,31.0,57.0,28.0,67.0,165.0,84.0,110.0,222.0,58.0,155.0,58.0,25.0,45.0,116.0,34.0,11.0,277.0,55.0,78.0,56.0,151.0,103.0,254.0,11.0,78.0,39.0,39.0,31.0,20.0,21.0,11.0,52.0,6.0,16.0,39.0,101.0,3.0,48.0,7.0,43.0,3.0,12.0,9.0,4.0,5.0,11.0,5.0,1.0,164.0,661.0,0.4329896907216495,0.6176470588235294,0.891566265060241,0.3593073593073593,0.417910447761194,0.3593073593073593,0.46411483253588515,0.5416666666666666,0.543859649122807,0.5034090909090909,0.4954128440366973,0.5887096774193549,0.517467248908297,0.5132743362831859,0.6066176470588235,0.525,0.11961722488038277,0.11504424778761062,0.15789473684210525,17.88218793828892,0.5961538461538461,0.1095890410958904,0.09090909090909091,0.14054054054054055,0.12570356472795496,0.08048780487804878,0.09508196721311475,0.09665427509293681,0.09333333333333334,0.1517412935323383,0.047619047619047616,0.45454545454545453,0.25681818181818183,0.584070796460177,0.66,0.3939393939393939,0.17272727272727273,0.3157894736842105,0.375,0.375,0.045454545454545456,0.35,0.35,1.0,0.17272727272727273,0.3522727272727273,0.3741935483870968,0.37662337662337664,0.8620689655172413,0.47706422018348627,0.5769230769230769,0.22935779816513763,0.23387096774193547,0.5862068965517241,0.3387096774193548,0.4523809523809524,0.7818181818181819,0.3741935483870968,0.5500570454545453,0.5568734375,0.5475649193548386,0.033185840707964605,0.05504587155963303,0.24472573839662448,0.34810126582278483,5.755980861244019,25.421212121212122,0.2778938570831592,25.0,9.0,25.0,7.0,10.0,8.0,19.0,71.0,6.0,44.0,17.0,4.0,6.0,17.0,5.0,0.2702702702702703,0.2537313432835821,0.0704,0.1,0.06363636363636363,0.07959183673469387,0.037037037037037035,0.1377245508982036,0.1111111111111111,0.32894736842105265,0.32894736842105265,0.96,0.28,1.0,0.20161290322580644,0.36,17.0,6.0,,1.0,48.0,2.0,12.0,3.0,,0.004329004329004329,,0.01282051282051282,27.0,5.0,2.0,2.0,3.0,12.0,0.11009174311926606,0.25,1.0,0.0064516129032258064,4.0,0.07142857142857142,1.0,3.0,False,,,0.16666666666666666,,,1.0,,
1631109,1610612756,Mark Williams,Mark Williams,1631109,PHX,78039.40000000002,1301,4.0,2684.0,2690,393.0,583,341.0,5374,198.0,279.0,66.0,114.0,36.0,52.0,56.0,118.0,1.0,6.0,1.0,,,,,,255.0,403.0,1.0,1.0,125.0,638.0,3076.0,76.0,131.0,,181.0,43.0,65.0,,,113.0,350.0,160.0,3.0,118.0,,,26.0,27.0,55.0,23.0,4.0,137.0,100.0,121.0,132.0,274.0,173.0,447.0,23.0,51.0,36.0,15.0,22.0,9.0,37.0,13.0,59.0,4.0,8.0,69.0,123.0,21.0,134.0,15.0,163.0,26.0,87.0,47.0,17.0,30.0,50.0,34.0,12.0,113.0,392.0,0.6862745098039216,0.8928571428571429,1.0,1.0,,1.0,0.6327543424317618,0.5801526717557252,0.6615384615384615,0.6349009900990099,0.5801526717557252,0.6615384615384615,0.6758474576271186,0.6328671328671329,0.6975308641975309,0.0024752475247524753,0.06451612903225806,0.043010752688172046,0.11864406779661017,17.178906502749918,0.3728813559322034,0.22297297297297297,0.15015015015015015,0.17899408284023668,0.1995268138801262,0.12876506024096385,0.12835820895522387,0.24496644295302014,0.25210084033613445,0.17718940936863545,0.19008264462809918,0.68,0.6905940594059405,0.7096774193548387,0.7415730337078652,0.6818181818181818,0.29207920792079206,0.4745762711864407,0.5384615384615384,0.6964285714285714,0.01485148514851485,0.16666666666666666,0.16666666666666666,1.0,0.0024752475247524753,,,,,0.8702290076335878,0.5789473684210527,,0.8,0.6923076923076923,,,0.693069306930693,,0.597497896039604,0.5839406593406593,0.6281076923076924,0.1870967741935484,0.1875,0.2836990595611285,0.17711598746081506,3.334243176178661,23.4,0.14642324888226527,1.0,,,,,29.0,27.0,28.0,5.0,71.0,21.0,13.0,7.0,8.0,5.0,,0.3684210526315789,0.10725075528700906,0.2074468085106383,0.1258741258741259,0.1,0.13636363636363635,0.1657142857142857,0.1837837837837838,1.0,1.0,1.0,,,,,12.0,6.0,,,11.0,,2.0,,,,,,,2.0,3.0,2.0,,,,,,,2.0,0.05128205128205128,4.0,1.0,False,1.0,5.0,0.15151515151515152,,,,1.0,
1642345,1610612756,Oso Ighodaro,Oso Ighodaro,1642345,PHX,75256.40000000001,1254,119.0,2500.0,2523,598.0,661,337.0,5023,110.0,139.0,25.0,37.0,23.0,28.0,45.0,105.0,1.0,2.0,,,1.0,,,,156.0,246.0,,1.0,39.0,351.0,2769.0,30.0,43.0,,68.0,34.0,47.0,,,76.0,236.0,76.0,,38.0,1.0,,19.0,61.0,115.0,50.0,11.0,291.0,44.0,89.0,97.0,192.0,95.0,287.0,7.0,56.0,28.0,28.0,34.0,18.0,46.0,16.0,80.0,4.0,15.0,78.0,158.0,15.0,76.0,4.0,80.0,16.0,42.0,34.0,16.0,18.0,36.0,24.0,,76.0,597.0,0.7564102564102564,0.8613138686131386,,,,,0.6341463414634146,0.6976744186046512,0.723404255319149,0.631578947368421,0.6976744186046512,0.723404255319149,0.6290322580645161,0.6938775510204082,0.6909090909090909,0.004048582995951417,0.07723577235772358,0.06474820143884892,0.09523809523809523,12.36651739579745,0.425,0.1649659863945578,0.07815275310834814,0.15949820788530467,0.16230366492146597,0.0746031746031746,0.0777027027027027,0.2,0.12643678160919541,0.16136919315403422,0.09859154929577464,0.6666666666666666,0.562753036437247,0.7913669064748201,0.8461538461538461,0.7181818181818181,0.4251012145748988,0.42857142857142855,0.47368421052631576,0.8444444444444444,0.008097165991902834,0.5,0.5,1.0,,0.004048582995951417,,,,0.8604651162790697,0.6756756756756757,,0.5957446808510638,0.8214285714285714,,,0.5668016194331984,,0.5638382591093117,0.5817379310344828,0.5643553191489361,0.15384615384615385,0.15441176470588236,0.19373219373219372,0.21652421652421652,4.301219512195121,31.6,0.2392,,,,,,8.0,8.0,54.0,13.0,50.0,6.0,18.0,6.0,25.0,5.0,,0.09375,0.07173601147776183,0.0880503144654088,0.06481481481481481,0.07285974499089254,0.06756756756756757,0.1256544502617801,0.15436241610738255,,,,,,,,9.0,21.0,,1.0,32.0,,1.0,,,1.0,,,,1.0,2.0,2.0,,,,,,1.0,1.0,0.018867924528301886,1.0,3.0,False,,3.0,0.2,,,,2.0,
1642346,1610612756,Ryan Dunn,Ryan Dunn,1642346,PHX,63950.6,1066,31.0,2118.0,2163,523.0,584,299.0,4281,68.0,109.0,23.0,40.0,11.0,21.0,14.0,44.0,1.0,4.0,94.0,11.0,40.0,6.0,2.0,9.0,83.0,157.0,45.0,134.0,18.0,319.0,2393.0,25.0,43.0,17.0,67.0,13.0,30.0,8.0,29.0,54.0,106.0,60.0,135.0,40.0,40.0,11.0,19.0,38.0,79.0,26.0,12.0,196.0,30.0,68.0,58.0,148.0,79.0,227.0,10.0,46.0,28.0,18.0,22.0,15.0,24.0,7.0,46.0,7.0,12.0,59.0,113.0,5.0,27.0,2.0,36.0,2.0,18.0,22.0,10.0,12.0,23.0,12.0,2.0,54.0,521.0,0.6385542168674698,0.8412698412698413,1.0,0.3358208955223881,0.27586206896551724,0.3358208955223881,0.5286624203821656,0.5813953488372093,0.43333333333333335,0.5171821305841925,0.5416666666666666,0.423728813559322,0.5178571428571429,0.5317460317460317,0.421875,0.46048109965635736,0.12101910828025478,0.11009174311926606,0.1590909090909091,14.297253634894991,0.4782608695652174,0.11812627291242363,0.060240963855421686,0.1295238095238095,0.12401574803149606,0.07170172084130019,0.06060606060606061,0.11877394636015326,0.2125,0.12339331619537275,0.07246376811594203,0.5217391304347826,0.3745704467353952,0.6238532110091743,0.7010309278350515,0.5735294117647058,0.15120274914089346,0.3181818181818182,0.3783783783783784,0.9285714285714286,0.013745704467353952,0.25,0.25,1.0,0.3230240549828179,0.13745704467353953,0.275,0.275,1.0,0.6666666666666666,0.575,0.1,0.3559322033898305,0.5238095238095238,0.15254237288135594,0.2222222222222222,0.8350515463917526,0.275,0.5807439862542958,0.5820379310344828,0.5858161016949153,0.05863192182410423,0.10404624277456648,0.21003134796238246,0.16927899686520376,3.8560509554140125,24.145522388059703,0.2469310670443815,34.0,6.0,20.0,2.0,5.0,2.0,4.0,41.0,5.0,45.0,22.0,4.0,1.0,9.0,1.0,0.29411764705882354,0.38596491228070173,0.08211678832116788,0.0472972972972973,0.08139534883720931,0.07804878048780488,0.09420289855072464,0.06666666666666667,0.14705882352941177,0.3617021276595745,0.3655913978494624,1.0,0.3333333333333333,1.0,0.3389830508474576,0.3,11.0,4.0,,1.0,25.0,,5.0,,,0.007462686567164179,0.010638297872340425,,,3.0,1.0,,3.0,11.0,0.18333333333333332,0.2727272727272727,1.0,,4.0,0.08,3.0,4.0,False,1.0,,0.08695652173913043,,,,1.0,
1631123,1610612756,Jamaree Bouyea,Jamaree Bouyea,1631123,PHX,27700.4,462,-16.0,912.0,926,181.0,255,120.0,1838,32.0,35.0,4.0,5.0,9.0,10.0,23.0,49.0,8.0,22.0,14.0,11.0,38.0,8.0,2.0,11.0,63.0,106.0,17.0,52.0,20.0,197.0,1001.0,7.0,10.0,11.0,28.0,19.0,38.0,2.0,13.0,49.0,54.0,72.0,33.0,6.0,38.0,11.0,11.0,28.0,49.0,20.0,8.0,126.0,8.0,16.0,23.0,42.0,14.0,56.0,2.0,22.0,13.0,9.0,10.0,6.0,10.0,4.0,20.0,,2.0,10.0,24.0,,30.0,,27.0,4.0,13.0,12.0,5.0,7.0,12.0,9.0,,49.0,181.0,0.42857142857142855,0.45,0.6470588235294118,0.3269230769230769,0.15384615384615385,0.3269230769230769,0.5943396226415094,0.7,0.5,0.560126582278481,0.5476190476190477,0.43137254901960786,0.5828402366863905,0.56,0.4537037037037037,0.3291139240506329,0.10377358490566038,0.05714285714285714,0.16326530612244897,17.713214620431117,0.5,0.10454545454545454,0.03305785123966942,0.07920792079207921,0.0924170616113744,0.029723991507430998,0.03968253968253968,0.10576923076923077,0.10810810810810811,0.0738255033557047,0.03125,0.75,0.22151898734177214,0.9142857142857143,0.9696969696969697,0.5,0.310126582278481,0.46938775510204084,0.5609756097560976,0.34782608695652173,0.13924050632911392,0.36363636363636365,0.38095238095238093,0.375,0.08860759493670886,0.24050632911392406,0.2894736842105263,0.3055555555555556,0.45454545454545453,0.23809523809523808,0.8,0.38095238095238093,0.19607843137254902,0.9,0.21568627450980393,0.18181818181818182,0.5506329113924051,0.2894736842105263,0.5095117088607595,0.47062083333333327,0.4932039215686275,0.08333333333333333,0.11304347826086956,0.14213197969543148,0.24873096446700507,8.286792452830188,25.528846153846157,0.19846491228070176,6.0,,2.0,3.0,3.0,5.0,5.0,21.0,,6.0,3.0,1.0,1.0,3.0,1.0,0.2727272727272727,0.15,0.026200873362445413,,0.0625,0.03314917127071823,,0.10126582278481013,0.09433962264150944,0.42857142857142855,0.42857142857142855,1.0,0.375,0.6666666666666666,0.0392156862745098,,7.0,3.0,,2.0,14.0,,3.0,1.0,,0.038461538461538464,,0.018867924528301886,18.0,6.0,,,,3.0,0.14285714285714285,,,0.05263157894736842,,,1.0,,False,,,0.25,0.045454545454545456,,,,
1630224,1610612756,Jalen Green,Jalen Green,1630224,PHX,18982.4,316,19.0,641.0,634,87.0,122,97.0,1275,21.0,42.0,3.0,7.0,1.0,3.0,10.0,30.0,15.0,35.0,19.0,21.0,78.0,11.0,5.0,13.0,46.0,107.0,28.0,97.0,26.0,202.0,678.0,3.0,12.0,15.0,18.0,1.0,7.0,6.0,15.0,26.0,26.0,66.0,42.0,2.0,78.0,21.0,19.0,16.0,31.0,7.0,9.0,78.0,3.0,29.0,10.0,39.0,7.0,46.0,1.0,16.0,10.0,6.0,17.0,10.0,9.0,7.0,26.0,1.0,6.0,8.0,15.0,,29.0,,35.0,3.0,17.0,1.0,,1.0,1.0,,2.0,26.0,86.0,0.2826086956521739,0.28888888888888886,0.5,0.28865979381443296,0.4,0.28865979381443296,0.42990654205607476,0.25,0.14285714285714285,0.43137254901960786,0.3333333333333333,0.45454545454545453,0.4590909090909091,0.3333333333333333,0.52,0.47549019607843135,0.17757009345794392,0.21428571428571427,0.3333333333333333,32.03125,0.6538461538461539,0.06802721088435375,0.016853932584269662,0.18012422360248448,0.1266233766233766,0.01876675603217158,0.039473684210526314,0.037037037037037035,0.2222222222222222,0.1891891891891892,0.009174311926605505,,0.20588235294117646,0.5,0.6363636363636364,0.42857142857142855,0.14705882352941177,0.3333333333333333,0.5,0.1,0.1715686274509804,0.42857142857142855,0.42857142857142855,0.2,0.09313725490196079,0.38235294117647056,0.2692307692307692,0.2727272727272727,0.38095238095238093,0.25925925925925924,0.42857142857142855,0.4074074074074074,0.13636363636363635,0.3333333333333333,0.5909090909090909,0.38461538461538464,0.6813725490196079,0.2692307692307692,0.5333754901960783,0.5255666666666667,0.5289272727272728,0.0779816513761468,0.14049586776859505,0.0891089108910891,0.12871287128712872,8.820560747663553,25.782474226804126,0.1357254290171607,7.0,1.0,2.0,2.0,4.0,,6.0,15.0,1.0,4.0,,,2.0,1.0,2.0,0.26666666666666666,,0.020512820512820513,,,0.019230769230769232,0.02564102564102564,0.0625,0.16,0.3684210526315789,0.3684210526315789,0.8571428571428571,0.18181818181818182,1.0,0.09090909090909091,0.5,3.0,2.0,,1.0,11.0,,1.0,,,0.010309278350515464,,,42.0,3.0,,,2.0,4.0,0.14814814814814814,0.5,1.0,0.01282051282051282,,,2.0,1.0,False,,,,,,,,
1630587,1610612756,Isaiah Livers,Isaiah Livers,1630587,PHX,19189.0,320,31.0,659.0,672,161.0,228,91.0,1331,9.0,13.0,3.0,4.0,3.0,3.0,,5.0,1.0,3.0,17.0,6.0,20.0,2.0,2.0,4.0,10.0,21.0,12.0,37.0,9.0,65.0,726.0,3.0,5.0,5.0,10.0,3.0,4.0,2.0,8.0,14.0,10.0,10.0,36.0,4.0,20.0,6.0,4.0,15.0,21.0,11.0,4.0,57.0,4.0,22.0,16.0,41.0,18.0,59.0,1.0,12.0,10.0,2.0,10.0,9.0,2.0,1.0,12.0,3.0,2.0,18.0,27.0,,8.0,1.0,12.0,,4.0,8.0,6.0,2.0,8.0,6.0,,14.0,161.0,0.5,0.625,1.0,0.32432432432432434,0.25,0.32432432432432434,0.47619047619047616,0.6,0.75,0.4827586206896552,0.45,0.5,0.5079365079365079,0.45454545454545453,0.5384615384615384,0.6379310344827587,0.19047619047619047,0.15384615384615385,0.2,9.778357235984355,0.8333333333333334,0.09876543209876543,0.026490066225165563,0.13333333333333333,0.1162079510703364,0.050156739811912224,0.023809523809523808,0.10752688172043011,0.045454545454545456,0.11538461538461539,0.03333333333333333,0.75,0.22413793103448276,0.6923076923076923,0.8181818181818182,0.5555555555555556,0.08620689655172414,,,,0.05172413793103448,0.3333333333333333,0.5,,0.29310344827586204,0.3448275862068966,0.3,0.3,1.0,0.4,0.75,0.2,0.25,1.0,0.3333333333333333,0.5,0.8620689655172413,0.3,0.56,0.5227750000000001,0.5273333333333334,0.07936507936507936,0.16,0.15384615384615385,0.2153846153846154,4.533333333333334,25.202702702702698,0.24430955993930198,6.0,,4.0,,1.0,1.0,2.0,6.0,1.0,12.0,3.0,3.0,,3.0,,0.2,0.25,0.07142857142857142,,0.06896551724137931,0.057971014492753624,0.13333333333333333,0.10638297872340426,0.2,0.35294117647058826,0.35294117647058826,1.0,,,0.3333333333333333,,4.0,,,,1.0,2.0,,1.0,,,,0.02631578947368421,,,,,1.0,3.0,0.3,0.3333333333333333,1.0,,2.0,0.13333333333333333,,,False,,,0.3333333333333333,0.3333333333333333,,1.0,,
1642853,1610612756,Rasheer Fleming,Rasheer Fleming,1642853,PHX,16900.3,282,-23.0,552.0,569,175.0,254,103.0,1121,18.0,30.0,3.0,10.0,3.0,7.0,4.0,11.0,,2.0,33.0,8.0,28.0,5.0,3.0,11.0,22.0,43.0,18.0,61.0,8.0,106.0,622.0,3.0,14.0,8.0,25.0,4.0,10.0,8.0,21.0,34.0,36.0,8.0,54.0,6.0,28.0,8.0,2.0,4.0,7.0,3.0,1.0,18.0,15.0,16.0,9.0,29.0,30.0,59.0,4.0,7.0,3.0,4.0,7.0,5.0,3.0,2.0,10.0,1.0,1.0,16.0,27.0,,11.0,3.0,15.0,1.0,7.0,6.0,5.0,1.0,6.0,3.0,,34.0,175.0,0.8181818181818182,0.9473684210526315,1.0,0.29508196721311475,0.38095238095238093,0.29508196721311475,0.5116279069767442,0.21428571428571427,0.4,0.47115384615384615,0.4772727272727273,0.5161290322580645,0.4774774774774775,0.5208333333333334,0.5151515151515151,0.5865384615384616,0.046511627906976744,0.06666666666666667,,17.741935483870968,0.7,0.06666666666666667,0.11450381679389313,0.11764705882352941,0.09225092250922509,0.09797297297297297,0.07246376811594203,0.07142857142857142,0.07692307692307693,0.10185185185185185,0.06451612903225806,0.5,0.28846153846153844,0.6,0.6428571428571429,0.7777777777777778,0.10576923076923077,0.36363636363636365,0.36363636363636365,1.0,0.019230769230769232,,,,0.3173076923076923,0.2692307692307692,0.2857142857142857,0.2857142857142857,1.0,0.45454545454545453,0.3,0.22727272727272727,0.22580645161290322,0.42857142857142855,0.3548387096774194,0.2727272727272727,0.875,0.2857142857142857,0.5738682692307694,0.5659571428571429,0.5804516129032258,0.06363636363636363,0.14285714285714285,0.2358490566037736,0.32075471698113206,3.8395348837209307,24.596721311475417,0.3170289855072464,10.0,5.0,10.0,4.0,5.0,4.0,2.0,3.0,,14.0,4.0,2.0,1.0,5.0,1.0,0.625,0.26666666666666666,0.08484848484848485,0.075,0.3181818181818182,0.0847457627118644,0.0851063829787234,0.057692307692307696,0.17857142857142858,0.30303030303030304,0.30303030303030304,1.0,0.8,1.0,0.3225806451612903,0.5,,,,,3.0,1.0,,,,,,,,2.0,,,1.0,3.0,0.13636363636363635,0.3333333333333333,1.0,,1.0,0.0625,,,False,,2.0,,,,,,
1642863,1610612756,Khaman Maluach,Khaman Maluach,1642863,PHX,9103.599999999999,152,-11.0,297.0,314,130.0,181,55.0,611,13.0,23.0,5.0,11.0,5.0,8.0,1.0,4.0,,,3.0,,4.0,1.0,,1.0,14.0,27.0,1.0,7.0,9.0,40.0,316.0,5.0,12.0,1.0,12.0,5.0,9.0,,2.0,18.0,18.0,10.0,3.0,8.0,4.0,,6.0,3.0,4.0,1.0,2.0,11.0,8.0,12.0,12.0,25.0,18.0,43.0,3.0,2.0,,2.0,7.0,3.0,6.0,4.0,13.0,3.0,5.0,10.0,21.0,4.0,9.0,2.0,12.0,,5.0,15.0,10.0,5.0,15.0,6.0,4.0,18.0,130.0,0.6428571428571429,0.9,1.0,0.14285714285714285,,0.14285714285714285,0.5185185185185185,0.4166666666666667,0.5555555555555556,0.45588235294117646,0.38461538461538464,0.45454545454545453,0.5,0.4,0.6,0.20588235294117646,0.2222222222222222,0.21739130434782608,0.25,14.52054794520548,0.5384615384615384,0.17647058823529413,0.10526315789473684,0.16216216216216217,0.16901408450704225,0.10975609756097561,0.07692307692307693,0.22857142857142856,0.125,0.16666666666666666,0.23076923076923078,0.4,0.6764705882352942,0.5652173913043478,0.7222222222222222,0.6153846153846154,0.11764705882352941,0.25,0.3333333333333333,1.0,,,,,0.08823529411764706,0.11764705882352941,,,,0.8461538461538461,0.45454545454545453,0.07692307692307693,0.7272727272727273,0.625,0.09090909090909091,,0.8823529411764706,,0.6099529411764706,0.6285624999999999,0.6137999999999999,0.1282051282051282,0.15625,0.3,0.45,2.348148148148148,24.900000000000002,0.4377104377104377,1.0,,1.0,,,2.0,8.0,1.0,,10.0,1.0,3.0,1.0,6.0,1.0,,0.1111111111111111,0.11363636363636363,0.23809523809523808,,0.13043478260869565,0.05263157894736842,0.12,0.14285714285714285,0.3333333333333333,0.3333333333333333,1.0,,,0.09090909090909091,,1.0,1.0,,,,,,,,,,,,1.0,,,,,,,,,,,,,False,,,,,,,,
1629312,1610612756,Haywood Highsmith,Haywood Highsmith,1629312,PHX,1239.5,21,21.0,41.0,35,17.0,15,6.0,76,,,,,,,1.0,2.0,,,1.0,,1.0,,,1.0,1.0,2.0,,2.0,1.0,3.0,34.0,,1.0,,,,1.0,,1.0,1.0,2.0,,,,1.0,,,2.0,2.0,1.0,1.0,6.0,1.0,,,2.0,2.0,4.0,,1.0,1.0,,,,,,,,,1.0,2.0,,1.0,,2.0,,,,,,,,,1.0,16.0,1.0,1.0,,,,,0.5,,,0.25,,,0.3,,0.16666666666666666,0.5,,,,10.416666666666668,,,0.125,,,0.10526315789473684,,,,,,,,,,,0.5,0.5,0.5,1.0,,,,,0.25,0.25,,,,,,,,,0.5,,0.5,,0.48806249999999995,,0.483975,,,,0.3333333333333333,10.95,25.6,0.4146341463414634,,,,,,,1.0,,,1.0,2.0,,1.0,,1.0,,1.0,0.09090909090909091,1.0,,0.1111111111111111,,,,,,,,,,,,,,,,,,,,,,,,,,,,,,,,,,,,,False,,,,,,,,
1642886,1610612756,Koby Brea,Koby Brea,1642886,PHX,566.0,9,-9.0,19.0,22,15.0,21,4.0,41,1.0,1.0,,,1.0,1.0,,,,,,1.0,4.0,1.0,1.0,4.0,1.0,1.0,1.0,4.0,2.0,7.0,29.0,,,1.0,,1.0,1.0,1.0,4.0,7.0,,2.0,3.0,,4.0,1.0,,1.0,2.0,,1.0,5.0,,,1.0,1.0,,1.0,,,,,,,,,,,,,,,1.0,,2.0,,,,,,,,,7.0,15.0,,,1.0,0.25,0.25,0.25,1.0,,1.0,0.5,,0.5,0.5833333333333334,,0.5833333333333334,0.8,,,,26.08695652173913,,0.25,,,0.1,,,0.3333333333333333,,,,,0.2,1.0,1.0,,,,,,,,,,,0.8,0.25,0.25,1.0,,,1.0,0.2,1.0,0.8,0.25,1.0,0.25,0.50476,0.5085,0.50476,,,,1.0,1.3,27.5,0.7894736842105263,,,,,,,2.0,1.0,,,,,1.0,,1.0,,,,,,,,,,,,,,,,,,,,,1.0,,,,,,,,,,,,,,,,,,,,,,False,,,,,,,,
