EntityId,TeamId,Name,ShortName,RowId,TeamAbbreviation,SecondsPlayed,Minutes,PlusMinus,OffPoss,DefPoss,PenaltyOffPoss,PenaltyDefPoss,SecondChanceOffPoss,TotalPoss,AtRimFGM,AtRimFGA,SecondChanceAtRimFGM,SecondChanceAtRimFGA,PenaltyAtRimFGM,PenaltyAtRimFGA,ShortMidRangeFGM,ShortMidRangeFGA,LongMidRangeFGM,LongMidRangeFGA,Corner3FGM,Corner3FGA,SecondChanceCorner3FGM,SecondChanceCorner3FGA,PenaltyCorner3FGM,PenaltyCorner3FGA,Arc3FGM,Arc3FGA,SecondChanceArc3FGM,SecondChanceArc3FGA,PenaltyArc3FGM,PenaltyArc3FGA,FG2M,FG2A,FG3M,FG3A,FtPoints,Points,OpponentPoints,SecondChanceFG2M,SecondChanceFG2A,SecondChanceFG3M,SecondChanceFG3A,SecondChanceFtPoints,SecondChancePoints,PenaltyFG2M,PenaltyFG2A,PenaltyFG3M,PenaltyFG3A,PenaltyFtPoints,PenaltyPoints,PtsAssisted2s,PtsUnassisted2s,PtsAssisted3s,PtsUnassisted3s,PtsPutbacks,NonHeaveArc3FGA,NonHeaveArc3FGM,Fg2aBlocked,TwoPtAssists,ThreePtAssists,Assists,Arc3Assists,Corner3Assists,AtRimAssists,ShortMidRangeAssists,LongMidRangeAssists,AssistPoints,OffThreePtRebounds,OffTwoPtRebounds,DefThreePtRebounds,DefTwoPtRebounds,FTDefRebounds,DefRebounds,OffRebounds,Rebounds,SelfOReb,Steals,BadPassSteals,LostBallSteals,LiveBallTurnovers,BadPassOutOfBoundsTurnovers,BadPassTurnovers,DeadBallTurnovers,LostBallOutOfBoundsTurnovers,LostBallTurnovers,Travels,Turnovers,SecondChanceTurnovers,PenaltyTurnovers,ShootingFouls,Fouls,Charge Fouls,Loose Ball Fouls,Offensive Fouls,FoulsDrawn,Loose Ball Fouls Drawn,Offensive Fouls Drawn,FTA,2pt And 1 Free Throw Trips,TwoPtShootingFoulsDrawn,NonShootingFoulsDrawn,Blocked2s,BlockedAtRim,BlockedShortMidRange,Blocks,RecoveredBlocks,PenaltyPointsExcludingTakeFouls,PenaltyOffPossExcludingTakeFouls,NonShootingPenaltyNonTakeFouls,NonShootingPenaltyNonTakeFoulsDrawn,Assisted2sPct,NonPutbacksAssisted2sPct,Assisted3sPct,Fg3Pct,SecondChanceFg3Pct,PenaltyFg3Pct,NonHeaveFg3Pct,Fg2Pct,SecondChanceFg2Pct,PenaltyFg2Pct,EfgPct,SecondChanceEfgPct,PenaltyEfgPct,TsPct,SecondChanceTsPct,PenaltyTsPct,FG3APct,FG2APctBlocked,AtRimPctBlocked,LongMidRangePctBlocked,Usage,LiveBallTurnoverPct,DefFTReboundPct,DefTwoPtReboundPct,OffTwoPtReboundPct,DefThreePtReboundPct,OffThreePtReboundPct,DefFGReboundPct,OffFGReboundPct,OffAtRimReboundPct,OffShortMidRangeReboundPct,OffLongMidRangeReboundPct,OffArc3ReboundPct,OffCorner3ReboundPct,DefAtRimReboundPct,DefShortMidRangeReboundPct,DefLongMidRangeReboundPct,DefArc3ReboundPct,DefCorner3ReboundPct,SelfORebPct,BlocksRecoveredPct,AtRimFrequency,AtRimAccuracy,UnblockedAtRimAccuracy,AtRimPctAssisted,ShortMidRangeFrequency,ShortMidRangeAccuracy,UnblockedShortMidRangeAccuracy,ShortMidRangePctAssisted,LongMidRangeFrequency,LongMidRangeAccuracy,UnblockedLongMidRangeAccuracy,LongMidRangePctAssisted,Corner3Frequency,Corner3Accuracy,UnblockedCorner3Accuracy,Corner3PctAssisted,Arc3Frequency,Arc3Accuracy,UnblockedArc3Accuracy,Arc3PctAssisted,SecondChanceAtRimFrequency,SecondChanceAtRimAccuracy,SecondChanceAtRimPctAssisted,SecondChanceCorner3Frequency,SecondChanceCorner3Accuracy,SecondChanceCorner3PctAssisted,SecondChanceArc3Frequency,SecondChanceArc3Accuracy,SecondChanceArc3PctAssisted,PenaltyAtRimFrequency,PenaltyAtRimAccuracy,PenaltyCorner3Frequency,PenaltyCorner3Accuracy,PenaltyArc3Frequency,PenaltyArc3Accuracy,AtRimFG3AFrequency,NonHeaveArc3Accuracy,ShotQualityAvg,SecondChanceShotQualityAvg,PenaltyShotQualityAvg,ShootingFoulsDrawnPct,TwoPtShootingFoulsDrawnPct,SecondChancePointsPct,PenaltyPointsPct,Avg2ptShotDistance,Avg3ptShotDistance,PenaltyOffPossPct,BlockedLongMidRange,Fg3aBlocked,Technical Free Throw Trips,FG3APctBlocked,ShortMidRangePctBlocked,Arc3PctBlocked,FTOffRebounds,Blocked3s,BlockedArc3,BlockedCorner3,DefensiveGoaltends,OffensiveGoaltends,OffFTReboundPct,StepOutOfBoundsTurnovers,Corner3PctBlocked,Charge Fouls Drawn,ThreePtShootingFoulsDrawn,ThreePtShootingFoulsDrawnPct,3pt And 1 Free Throw Trips,on,Defensive 3 Seconds Violations
1627783,1610612754,Pascal Siakam,Pascal Siakam,1627783,IND,22606.6,377,-28,767,770,215.0,197.0,109.0,1537,36.0,50.0,7.0,11.0,8.0,10.0,31.0,68.0,6.0,27.0,5.0,10.0,1.0,2.0,1.0,1.0,15.0,39.0,2.0,7.0,4.0,12.0,73.0,145.0,20.0,49.0,58.0,264.0,903,7.0,13.0,3.0,9.0,4.0,27.0,18.0,42.0,5.0,13.0,23.0,74.0,60.0,86.0,48.0,12.0,12.0,39.0,15.0,9.0,22.0,20.0,42.0,16.0,4.0,14.0,6.0,2.0,104.0,9.0,10.0,20.0,19.0,4.0,43.0,19.0,62.0,6.0,18.0,11.0,7.0,9.0,1.0,6.0,11.0,1.0,3.0,3.0,20.0,3.0,6.0,16.0,35.0,3.0,4.0,2.0,62.0,2.0,2.0,79.0,3.0,34.0,7.0,7.0,3.0,4.0,7.0,4.0,74.0,214.0,7.0,7.0,0.410958904109589,0.44776119402985076,0.8,0.40816326530612246,0.3333333333333333,0.38461538461538464,0.40816326530612246,0.503448275862069,0.5384615384615384,0.42857142857142855,0.5309278350515464,0.5227272727272727,0.4636363636363636,0.5689655172413793,0.5625,0.5285714285714286,0.25257731958762886,0.06206896551724138,0.14,0.07407407407407407,28.062360801781736,0.45,0.13333333333333333,0.10734463276836158,0.044444444444444446,0.11235955056179775,0.05844155844155844,0.10985915492957747,0.05013192612137203,0.04477611940298507,0.0594059405940594,0.017543859649122806,0.059322033898305086,0.05555555555555555,0.08064516129032258,0.12345679012345678,0.11764705882352941,0.11888111888111888,0.08571428571428572,0.06666666666666667,0.5714285714285714,0.25773195876288657,0.72,0.8372093023255814,0.4444444444444444,0.35051546391752575,0.45588235294117646,0.45588235294117646,0.3548387096774194,0.13917525773195877,0.2222222222222222,0.24,0.5,0.05154639175257732,0.5,0.5,1.0,0.20103092783505155,0.38461538461538464,0.38461538461538464,0.7333333333333333,0.5,0.6363636363636364,0.14285714285714285,0.09090909090909091,0.5,1.0,0.3181818181818182,0.2857142857142857,0.5,0.18181818181818182,0.8,0.01818181818181818,1.0,0.21818181818181817,0.3333333333333333,0.5103092783505154,0.38461538461538464,0.5031481958762887,0.5616529411764706,0.4778481818181818,0.1511111111111111,0.19318181818181818,0.10227272727272728,0.2803030303030303,8.081379310344827,25.697959183673476,0.2803129074315515,,,,,,,,,,,,,,,,,,,,True,
1628420,1610612754,Monté Morris,Monté Morris,1628420,IND,908.6,15,-1,35,34,24.0,21.0,3.0,69,,,,,,,,2.0,1.0,1.0,,,,,,,1.0,2.0,,,,1.0,1.0,3.0,1.0,2.0,,5.0,36,,,,,,,1.0,3.0,,1.0,,2.0,2.0,,3.0,,,2.0,1.0,,2.0,1.0,3.0,1.0,,1.0,1.0,,7.0,,,1.0,1.0,,2.0,,2.0,,,,,1.0,,1.0,,,,,1.0,,1.0,,,,,,,,,,,,,1.0,,,1.0,1.0,2.0,24.0,,,1.0,1.0,1.0,0.5,,,0.5,0.3333333333333333,,0.3333333333333333,0.5,,0.25,0.5,,0.25,0.4,,,,16.216216216216218,1.0,,0.2,,0.07692307692307693,,0.1111111111111111,,,,,,,,0.5,,,0.25,,1.0,,,,,0.4,,,,0.2,1.0,1.0,1.0,,,,,0.4,0.5,0.5,1.0,,,,,,,,,,,,,,0.25,,0.4,0.5,0.47308000000000006,,0.4550375,,,,0.4,9.866666666666667,25.450000000000003,0.6857142857142857,1.0,,,,,,,,,,,,,,,,,,,True,
1628998,1610612754,Cody Martin,Cody Martin,1628998,IND,981.6,16,-8,34,37,10.0,11.0,6.0,71,,,,,,,,,,,,1.0,,,,,,,,,,,,,,1.0,1.0,1.0,37,,,,,,,,,,,1.0,1.0,,,,,,,,,1.0,,1.0,,,,,1.0,2.0,,,2.0,1.0,,3.0,,3.0,,2.0,2.0,,,,,1.0,,,,1.0,,,2.0,2.0,,,,2.0,,1.0,2.0,,,1.0,,,,,,1.0,10.0,,1.0,,,,,,,,,,,,,,0.25,,0.5,1.0,,,,7.317073170731708,,,0.14285714285714285,,0.18181818181818182,,0.16666666666666666,,,,,,,0.25,,,0.125,0.3333333333333333,,,,,,,,,,,,,,,1.0,,,,,,,,,,,,,,,,,,,,,,,1.0,,0.5811,,,,,,1.0,,24.4,0.29411764705882354,,,,,,,,,,,,,,,,,,,,True,
1630174,1610612754,Aaron Nesmith,Aaron Nesmith,1630174,IND,10935.3,182,-40,374,388,98.0,91.0,57.0,762,6.0,13.0,,3.0,2.0,3.0,5.0,13.0,2.0,5.0,6.0,11.0,1.0,2.0,3.0,5.0,14.0,39.0,2.0,6.0,3.0,9.0,13.0,31.0,20.0,50.0,12.0,98.0,454,1.0,4.0,3.0,8.0,1.0,12.0,4.0,8.0,6.0,14.0,4.0,30.0,22.0,4.0,54.0,6.0,,39.0,14.0,4.0,7.0,2.0,9.0,2.0,,1.0,5.0,1.0,20.0,2.0,3.0,5.0,10.0,,15.0,5.0,20.0,1.0,3.0,1.0,2.0,,1.0,,4.0,,,2.0,4.0,2.0,,5.0,12.0,,,1.0,18.0,2.0,6.0,13.0,,4.0,1.0,3.0,3.0,,3.0,,30.0,98.0,3.0,1.0,0.8461538461538461,0.8461538461538461,0.9,0.4,0.375,0.42857142857142855,0.4,0.41935483870967744,0.25,0.5,0.5308641975308642,0.4583333333333333,0.5909090909090909,0.5581395348837209,0.4583333333333333,0.625,0.6172839506172839,0.12903225806451613,0.23076923076923078,,20.408163265306122,,,0.11764705882352941,0.02459016393442623,0.05952380952380952,0.02666666666666667,0.08875739644970414,0.025380710659898477,0.023255813953488372,0.0196078431372549,0.03571428571428571,0.015625,0.09090909090909091,0.08,0.1282051282051282,0.14285714285714285,0.057971014492753624,0.06666666666666667,0.024390243902439025,,0.16049382716049382,0.46153846153846156,0.6,0.8333333333333334,0.16049382716049382,0.38461538461538464,0.4166666666666667,0.8,0.06172839506172839,0.4,0.4,1.0,0.13580246913580246,0.5454545454545454,0.5454545454545454,0.8333333333333334,0.48148148148148145,0.358974358974359,0.3783783783783784,0.9285714285714286,0.25,,,0.16666666666666666,0.5,,0.5,0.3333333333333333,1.0,0.13636363636363635,0.6666666666666666,0.22727272727272727,0.6,0.4090909090909091,0.3333333333333333,0.7777777777777778,0.358974358974359,0.5450506172839504,0.556425,0.5336590909090909,0.047058823529411764,0.11428571428571428,0.12244897959183673,0.30612244897959184,7.448387096774193,25.64,0.2620320855614973,,2.0,3.0,0.04,0.07692307692307693,0.05128205128205128,,,,,,,,,,,,,,True,
1630543,1610612754,Isaiah Jackson,Isaiah Jackson,1630543,IND,38284.399999999994,638,-93,1325,1341,397.0,386.0,170.0,2666,79.0,118.0,32.0,52.0,26.0,35.0,17.0,41.0,,5.0,,,,,,,,1.0,,,,1.0,96.0,164.0,,1.0,51.0,243.0,1565,34.0,57.0,,,10.0,78.0,30.0,47.0,,1.0,20.0,80.0,118.0,74.0,,,56.0,1.0,,10.0,22.0,9.0,31.0,7.0,2.0,11.0,6.0,5.0,71.0,27.0,56.0,65.0,51.0,9.0,125.0,86.0,211.0,11.0,26.0,13.0,13.0,17.0,3.0,8.0,26.0,3.0,9.0,1.0,43.0,8.0,7.0,63.0,107.0,1.0,4.0,14.0,61.0,20.0,1.0,74.0,8.0,32.0,9.0,26.0,12.0,14.0,29.0,16.0,80.0,396.0,4.0,9.0,0.6145833333333334,0.8676470588235294,,,,,,0.5853658536585366,0.5964912280701754,0.6382978723404256,0.5818181818181818,0.5964912280701754,0.625,0.6136363636363636,0.609375,0.6666666666666666,0.006060606060606061,0.06097560975609756,0.05084745762711865,0.2,15.751633986928104,0.3953488372093023,0.16981132075471697,0.16558441558441558,0.15426997245179064,0.22807017543859648,0.09854014598540146,0.19561551433389546,0.130298273155416,0.2,0.15151515151515152,0.0963855421686747,0.0891089108910891,0.125,0.14035087719298245,0.17647058823529413,0.1896551724137931,0.22026431718061673,0.25862068965517243,0.1896551724137931,0.5517241379310345,0.7151515151515152,0.6694915254237288,0.7053571428571429,0.569620253164557,0.24848484848484848,0.4146341463414634,0.4473684210526316,0.8235294117647058,0.030303030303030304,,,,,,,,0.006060606060606061,,,,0.9122807017543859,0.6153846153846154,0.0625,,,,,,,0.7291666666666666,0.7428571428571429,,,0.020833333333333332,,0.7212121212121212,,0.5820187878787879,0.599839024390244,0.5847875,0.1693121693121693,0.1702127659574468,0.32098765432098764,0.3292181069958848,3.1621951219512203,27.8,0.29962264150943396,,,,,0.07317073170731707,,3.0,3.0,2.0,1.0,1.0,3.0,0.075,,,,,,,True,
1641716,1610612754,Jarace Walker,Jarace Walker,1641716,IND,22509.1,375,-35,784,797,248.0,248.0,100.0,1581,10.0,18.0,2.0,3.0,4.0,6.0,15.0,40.0,3.0,11.0,6.0,11.0,,,1.0,4.0,17.0,51.0,2.0,4.0,9.0,17.0,28.0,69.0,23.0,62.0,27.0,152.0,910,3.0,6.0,2.0,4.0,,12.0,13.0,26.0,10.0,21.0,17.0,73.0,36.0,20.0,63.0,6.0,2.0,51.0,17.0,5.0,23.0,7.0,30.0,6.0,1.0,18.0,5.0,,67.0,6.0,3.0,23.0,29.0,7.0,59.0,9.0,68.0,1.0,6.0,4.0,2.0,22.0,3.0,12.0,12.0,3.0,10.0,3.0,34.0,5.0,12.0,15.0,27.0,1.0,2.0,1.0,25.0,,,41.0,3.0,19.0,3.0,4.0,3.0,,4.0,1.0,73.0,248.0,2.0,3.0,0.6428571428571429,0.6666666666666666,0.9130434782608695,0.3709677419354839,0.5,0.47619047619047616,0.3709677419354839,0.4057971014492754,0.5,0.5,0.4770992366412214,0.6,0.5957446808510638,0.5033333333333333,0.5454545454545454,0.6101694915254238,0.4732824427480916,0.07246376811594203,0.16666666666666666,,20.353982300884958,0.6470588235294118,0.2,0.15425531914893617,0.014218009478672985,0.13529411764705881,0.037037037037037035,0.1452513966480447,0.024128686327077747,0.01639344262295082,,0.04081632653061224,0.04,0.02702702702702703,0.07142857142857142,0.1780821917808219,0.24444444444444444,0.1386861313868613,0.12121212121212122,0.013333333333333334,0.25,0.13740458015267176,0.5555555555555556,0.6666666666666666,0.8,0.3053435114503817,0.375,0.39473684210526316,0.5333333333333333,0.08396946564885496,0.2727272727272727,0.2727272727272727,0.6666666666666666,0.08396946564885496,0.5454545454545454,0.5454545454545454,1.0,0.3893129770992366,0.3333333333333333,0.3333333333333333,0.8823529411764706,0.3,0.6666666666666666,0.5,,,,0.4,0.5,1.0,0.1276595744680851,0.6666666666666666,0.0851063829787234,0.25,0.3617021276595745,0.5294117647058824,0.6106870229007634,0.3333333333333333,0.5101774809160304,0.515375,0.5084712765957449,0.1292517006802721,0.2235294117647059,0.07894736842105263,0.48026315789473684,8.431884057971013,25.909677419354843,0.3163265306122449,1.0,,1.0,,0.05,,,,,,,,,1.0,,,,,,True,
1641767,1610612754,Ben Sheppard,Ben Sheppard,1641767,IND,16242.699999999997,271,-84,572,577,158.0,152.0,78.0,1149,10.0,14.0,1.0,1.0,2.0,3.0,3.0,7.0,2.0,4.0,2.0,16.0,,,,3.0,3.0,24.0,,2.0,1.0,7.0,15.0,25.0,5.0,40.0,10.0,55.0,695,3.0,3.0,,2.0,2.0,8.0,3.0,6.0,1.0,10.0,5.0,14.0,22.0,8.0,15.0,,2.0,24.0,3.0,2.0,13.0,8.0,21.0,5.0,3.0,6.0,7.0,,50.0,5.0,2.0,11.0,9.0,6.0,26.0,7.0,33.0,2.0,6.0,4.0,2.0,4.0,2.0,4.0,2.0,,,,6.0,1.0,3.0,14.0,17.0,,,,9.0,2.0,,11.0,1.0,4.0,2.0,3.0,1.0,2.0,3.0,1.0,12.0,157.0,,1.0,0.7333333333333333,0.7857142857142857,1.0,0.125,,0.1,0.125,0.6,1.0,0.5,0.34615384615384615,0.6,0.28125,0.39285714285714285,0.6666666666666666,0.3684210526315789,0.6153846153846154,0.08,0.07142857142857142,,11.463046757164404,0.6666666666666666,0.2608695652173913,0.06818181818181818,0.012903225806451613,0.08870967741935484,0.041666666666666664,0.078125,0.025454545454545455,,0.015384615384615385,0.02631578947368421,0.034482758620689655,0.06060606060606061,0.05172413793103448,0.017857142857142856,0.2777777777777778,0.08247422680412371,0.1111111111111111,0.04878048780487805,0.3333333333333333,0.2153846153846154,0.7142857142857143,0.7692307692307693,0.6,0.1076923076923077,0.42857142857142855,0.5,1.0,0.06153846153846154,0.5,0.5,1.0,0.24615384615384617,0.125,0.13333333333333333,1.0,0.36923076923076925,0.125,0.13043478260869565,1.0,0.2,1.0,,,,,0.4,,,0.1875,0.6666666666666666,0.1875,,0.4375,0.14285714285714285,0.8307692307692308,0.125,0.555086923076923,0.43865,0.51848125,0.058823529411764705,0.14285714285714285,0.14545454545454545,0.2545454545454545,6.14,25.619999999999997,0.2762237762237762,,2.0,,0.05,0.14285714285714285,0.041666666666666664,,,,,,,,,0.0625,,,,,True,
1629614,1610612754,Andrew Nembhard,Andrew Nembhard,1629614,IND,16864.3,281,-98,585,587,139.0,155.0,70.0,1172,9.0,17.0,,1.0,1.0,4.0,19.0,32.0,13.0,36.0,,3.0,,,,,20.0,45.0,1.0,3.0,4.0,5.0,41.0,85.0,20.0,48.0,37.0,179.0,744,3.0,6.0,1.0,3.0,2.0,11.0,9.0,22.0,4.0,5.0,16.0,46.0,18.0,64.0,36.0,24.0,,45.0,20.0,2.0,36.0,22.0,58.0,17.0,5.0,21.0,13.0,2.0,138.0,,3.0,10.0,6.0,1.0,17.0,3.0,20.0,,7.0,4.0,3.0,18.0,,8.0,4.0,2.0,10.0,1.0,22.0,2.0,9.0,9.0,20.0,,1.0,,37.0,,2.0,43.0,6.0,20.0,3.0,1.0,1.0,,1.0,,46.0,138.0,1.0,3.0,0.21951219512195122,0.21951219512195122,0.6,0.4166666666666667,0.3333333333333333,0.8,0.4166666666666667,0.4823529411764706,0.5,0.4090909090909091,0.5338345864661654,0.5,0.5555555555555556,0.59,0.55,0.6617647058823529,0.3609022556390977,0.023529411764705882,,,25.595238095238095,0.8181818181818182,0.05263157894736842,0.04285714285714286,0.01875,0.08403361344537816,,0.06177606177606178,0.010638297872340425,0.02040816326530612,0.02702702702702703,,,,0.01818181818181818,0.08333333333333333,,0.1,0.034482758620689655,,,0.12781954887218044,0.5294117647058824,0.5294117647058824,,0.24060150375939848,0.59375,0.6333333333333333,0.2631578947368421,0.2706766917293233,0.3611111111111111,0.3611111111111111,0.3076923076923077,0.022556390977443608,,,,0.3383458646616541,0.4444444444444444,0.45454545454545453,0.6,0.1111111111111111,,,,,,0.3333333333333333,0.3333333333333333,1.0,0.14814814814814814,0.25,,,0.18518518518518517,0.8,0.48872180451127817,0.4444444444444444,0.49951969696969695,0.46600833333333336,0.4688314814814815,0.1360544217687075,0.20202020202020202,0.061452513966480445,0.2569832402234637,11.235294117647062,27.15625,0.2376068376068376,,2.0,2.0,0.041666666666666664,0.0625,0.022222222222222223,,,,,,,,,0.3333333333333333,,,,,True,
204456,1610612754,T.J. McConnell,T.J. McConnell,204456,IND,10590.2,177,-9,362,362,112.0,131.0,42.0,724,12.0,17.0,1.0,1.0,4.0,5.0,21.0,43.0,13.0,27.0,1.0,1.0,1.0,1.0,1.0,1.0,1.0,7.0,,2.0,,1.0,46.0,87.0,2.0,8.0,3.0,101.0,423,1.0,1.0,1.0,3.0,,5.0,13.0,19.0,1.0,2.0,1.0,30.0,18.0,74.0,6.0,,2.0,7.0,1.0,8.0,23.0,19.0,42.0,10.0,9.0,16.0,4.0,3.0,103.0,1.0,2.0,3.0,8.0,3.0,14.0,3.0,17.0,1.0,7.0,3.0,4.0,6.0,2.0,2.0,5.0,1.0,4.0,,11.0,,4.0,4.0,11.0,,1.0,,14.0,,8.0,3.0,1.0,2.0,,3.0,1.0,2.0,3.0,2.0,30.0,112.0,1.0,,0.1956521739130435,0.2,1.0,0.25,0.3333333333333333,0.5,0.25,0.5287356321839081,1.0,0.6842105263157895,0.5157894736842106,0.625,0.6904761904761905,0.5260416666666666,0.625,0.7142857142857143,0.08421052631578947,0.09195402298850575,0.11764705882352941,0.07407407407407407,25.907990314769975,0.5454545454545454,0.13636363636363635,0.0963855421686747,0.0196078431372549,0.045454545454545456,0.015151515151515152,0.0738255033557047,0.017857142857142856,,0.0392156862745098,,0.0196078431372549,,0.12903225806451613,0.027777777777777776,0.1875,0.05555555555555555,,0.02631578947368421,0.6666666666666666,0.17894736842105263,0.7058823529411765,0.8,0.08333333333333333,0.45263157894736844,0.4883720930232558,0.5384615384615384,0.3333333333333333,0.28421052631578947,0.48148148148148145,0.52,0.07692307692307693,0.010526315789473684,1.0,1.0,1.0,0.07368421052631578,0.14285714285714285,0.16666666666666666,1.0,0.25,1.0,,0.25,1.0,1.0,0.5,,,0.23809523809523808,0.8,0.047619047619047616,1.0,0.047619047619047616,,0.2631578947368421,0.14285714285714285,0.4756263157894737,0.5101,0.47858809523809526,0.020833333333333332,0.022727272727272728,0.04950495049504951,0.297029702970297,10.332183908045979,25.025000000000002,0.30939226519337015,,1.0,,0.125,0.09302325581395349,0.14285714285714285,,,,,,,,2.0,,1.0,,,,True,
1629726,1610612754,Garrison Mathews,Garrison Mathews,1629726,IND,5374.299999999999,90,21,186,188,75.0,64.0,23.0,374,1.0,2.0,,,,,1.0,1.0,,,7.0,10.0,,,3.0,4.0,3.0,11.0,,1.0,,2.0,2.0,3.0,10.0,21.0,8.0,42.0,199,,,,1.0,4.0,4.0,,,3.0,6.0,4.0,13.0,4.0,,30.0,,,11.0,3.0,1.0,2.0,2.0,4.0,1.0,1.0,,2.0,,10.0,,,2.0,2.0,1.0,5.0,1.0,6.0,,4.0,2.0,2.0,,,,,,,,,,,4.0,7.0,,1.0,,9.0,,1.0,10.0,,3.0,,2.0,1.0,1.0,3.0,1.0,13.0,75.0,2.0,,1.0,1.0,1.0,0.47619047619047616,,0.5,0.47619047619047616,0.6666666666666666,,,0.7083333333333334,,0.75,0.75,0.6666666666666666,0.7222222222222222,0.875,0.3333333333333333,0.5,,13.270142180094787,,0.14285714285714285,0.05714285714285714,,0.05405405405405406,,0.05555555555555555,,,,,,,,,0.25,,0.2222222222222222,,0.3333333333333333,0.08333333333333333,0.5,1.0,1.0,0.041666666666666664,1.0,1.0,1.0,,,,,0.4166666666666667,0.7,0.7,1.0,0.4583333333333333,0.2727272727272727,0.2727272727272727,1.0,,,,,,,1.0,,,,,0.6666666666666666,0.75,0.3333333333333333,,0.9583333333333334,0.2727272727272727,0.5615354166666667,0.5463,0.57245,0.14285714285714285,0.5,0.09523809523809523,0.30952380952380953,4.366666666666666,25.19047619047619,0.4032258064516129,,,,,,,1.0,1.0,1.0,,,,0.25,,,3.0,1.0,0.045454545454545456,,True,
1631097,1610612754,Bennedict Mathurin,Bennedict Mathurin,1631097,IND,14503.8,242,-32,493,497,113.0,140.0,53.0,990,15.0,30.0,2.0,2.0,5.0,8.0,11.0,22.0,6.0,12.0,3.0,9.0,,,,1.0,17.0,40.0,1.0,6.0,1.0,6.0,32.0,64.0,20.0,49.0,30.0,154.0,631,3.0,3.0,1.0,6.0,6.0,15.0,8.0,13.0,1.0,7.0,12.0,31.0,38.0,26.0,39.0,21.0,4.0,40.0,17.0,6.0,12.0,9.0,21.0,6.0,3.0,3.0,4.0,5.0,51.0,2.0,5.0,9.0,14.0,2.0,25.0,7.0,32.0,2.0,7.0,3.0,4.0,11.0,1.0,4.0,6.0,4.0,7.0,,17.0,1.0,4.0,8.0,15.0,,,1.0,27.0,,,36.0,5.0,17.0,2.0,2.0,1.0,1.0,2.0,,31.0,112.0,2.0,2.0,0.59375,0.6333333333333333,0.65,0.40816326530612246,0.16666666666666666,0.14285714285714285,0.40816326530612246,0.5,1.0,0.6153846153846154,0.5486725663716814,0.5,0.475,0.6015625,0.625,0.5740740740740741,0.4336283185840708,0.09375,0.1,,26.032315978456012,0.6470588235294118,0.11764705882352941,0.11382113821138211,0.03759398496240601,0.10344827586206896,0.023255813953488372,0.10952380952380952,0.0319634703196347,0.08,0.019230769230769232,,0.015873015873015872,0.043478260869565216,0.058823529411764705,0.17391304347826086,0.11538461538461539,0.08955223880597014,0.15,0.037037037037037035,,0.26548672566371684,0.5,0.5555555555555556,0.6666666666666666,0.19469026548672566,0.5,0.5789473684210527,0.5454545454545454,0.10619469026548672,0.5,0.5,0.5,0.07964601769911504,0.3333333333333333,0.3333333333333333,1.0,0.35398230088495575,0.425,0.425,0.5882352941176471,0.2222222222222222,1.0,,,,,0.6666666666666666,0.16666666666666666,1.0,0.4,0.625,0.05,,0.3,0.16666666666666666,0.6991150442477876,0.425,0.5484464601769911,0.5292083333333333,0.5802924999999999,0.14285714285714285,0.2236842105263158,0.09740259740259741,0.2012987012987013,7.198437499999999,25.906122448979588,0.22920892494929007,,,,,0.13636363636363635,,,,,,,,,,,,1.0,0.02,,True,
1642277,1610612754,Johnny Furphy,Johnny Furphy,1642277,IND,6091.599999999999,102,-2,209,215,66.0,73.0,25.0,424,6.0,7.0,,,1.0,1.0,1.0,2.0,,1.0,,4.0,,,,,1.0,5.0,,2.0,1.0,2.0,7.0,10.0,1.0,9.0,4.0,21.0,228,,,,2.0,,,2.0,3.0,1.0,2.0,2.0,9.0,14.0,,3.0,,,5.0,1.0,,1.0,2.0,3.0,2.0,,,,1.0,8.0,3.0,1.0,4.0,4.0,4.0,12.0,4.0,16.0,,2.0,,2.0,3.0,,1.0,2.0,1.0,2.0,,5.0,1.0,1.0,2.0,5.0,,,,7.0,,1.0,9.0,1.0,4.0,1.0,,,,,,9.0,66.0,,1.0,1.0,1.0,1.0,0.1111111111111111,,0.5,0.1111111111111111,0.7,,0.6666666666666666,0.4473684210526316,,0.7,0.45652173913043476,,0.6428571428571429,0.47368421052631576,,,,11.618257261410788,0.6,0.5,0.09523809523809523,0.017543859649122806,0.08888888888888889,0.07317073170731707,0.09195402298850575,0.04081632653061224,0.05555555555555555,,,0.07407407407407407,0.07142857142857142,0.1111111111111111,0.08695652173913043,0.1,0.07692307692307693,0.16666666666666666,,,0.3684210526315789,0.8571428571428571,0.8571428571428571,1.0,0.10526315789473684,0.5,0.5,1.0,0.05263157894736842,,,,0.21052631578947367,,,,0.2631578947368421,0.2,0.2,1.0,,,,,,,1.0,,,0.2,1.0,,,0.4,0.5,0.8421052631578947,0.2,0.5945342105263158,0.542025,0.50391,0.18181818181818182,0.3076923076923077,,0.42857142857142855,3.839999999999999,25.377777777777776,0.3157894736842105,,,,,,,,,,,,,,1.0,,,,,,True,
1630526,1610612754,Jeremiah Robinson-Earl,Jeremiah Robinson-Earl,1630526,IND,5755.7,96,-37,198,208,63.0,64.0,29.0,406,7.0,12.0,3.0,5.0,2.0,3.0,,1.0,1.0,2.0,1.0,10.0,,1.0,,7.0,3.0,8.0,1.0,1.0,,3.0,8.0,15.0,4.0,18.0,4.0,32.0,264,3.0,6.0,1.0,2.0,1.0,10.0,2.0,4.0,,10.0,3.0,7.0,6.0,10.0,12.0,,6.0,8.0,3.0,5.0,3.0,2.0,5.0,1.0,1.0,3.0,,,12.0,3.0,5.0,8.0,9.0,4.0,21.0,10.0,31.0,1.0,1.0,,1.0,2.0,1.0,2.0,2.0,,,1.0,4.0,,1.0,7.0,8.0,,,,5.0,,,5.0,3.0,4.0,,1.0,1.0,,1.0,1.0,7.0,63.0,,,0.375,0.6,1.0,0.2222222222222222,0.5,,0.2222222222222222,0.5333333333333333,0.5,0.5,0.42424242424242425,0.5625,0.14285714285714285,0.47058823529411764,0.625,0.23333333333333334,0.5454545454545454,0.3333333333333333,0.3333333333333333,,16.593886462882097,0.5,0.3076923076923077,0.19148936170212766,0.10869565217391304,0.21621621621621623,0.061224489795918366,0.20238095238095238,0.08421052631578947,0.1875,0.05555555555555555,0.08333333333333333,0.05555555555555555,0.07692307692307693,0.2222222222222222,0.20833333333333334,,0.21428571428571427,0.2222222222222222,0.0625,1.0,0.36363636363636365,0.5833333333333334,0.875,0.2857142857142857,0.030303030303030304,,,,0.06060606060606061,0.5,0.5,1.0,0.30303030303030304,0.1,0.1,1.0,0.24242424242424243,0.375,0.375,1.0,0.625,0.6,,0.125,,,0.125,1.0,1.0,0.21428571428571427,0.6666666666666666,0.5,,0.21428571428571427,,0.9090909090909091,0.375,0.5697712121212123,0.53805,0.5653892857142857,0.11764705882352941,0.25,0.3125,0.21875,4.533333333333333,24.827777777777783,0.3181818181818182,,,,,1.0,,2.0,,,,,,0.25,,,,,,,True,
1631245,1610612754,Quenton Jackson,Quenton Jackson,1631245,IND,5341.6,89,38,192,191,49.0,32.0,25.0,383,11.0,15.0,,2.0,2.0,3.0,4.0,7.0,,2.0,1.0,3.0,,,,,4.0,8.0,1.0,1.0,2.0,3.0,15.0,24.0,5.0,11.0,9.0,54.0,182,1.0,5.0,1.0,1.0,2.0,7.0,4.0,6.0,2.0,3.0,4.0,18.0,14.0,16.0,15.0,,,8.0,4.0,4.0,13.0,4.0,17.0,3.0,1.0,8.0,4.0,1.0,38.0,4.0,1.0,6.0,6.0,,12.0,5.0,17.0,1.0,6.0,4.0,2.0,3.0,,,2.0,,3.0,,5.0,,,3.0,6.0,,,,13.0,2.0,2.0,12.0,,5.0,1.0,1.0,,1.0,1.0,,18.0,49.0,,1.0,0.4666666666666667,0.4666666666666667,1.0,0.45454545454545453,1.0,0.6666666666666666,0.45454545454545453,0.625,0.2,0.6666666666666666,0.6428571428571429,0.4166666666666667,0.7777777777777778,0.6585365853658537,0.5,0.8181818181818182,0.3142857142857143,0.16666666666666666,0.13333333333333333,,20.909090909090907,0.6,,0.1276595744680851,0.018518518518518517,0.13043478260869565,0.11764705882352941,0.12903225806451613,0.056818181818181816,0.058823529411764705,,,0.10344827586206896,0.2,0.125,0.1,0.18181818181818182,0.15789473684210525,,0.1,,0.42857142857142855,0.7333333333333333,0.8461538461538461,0.6363636363636364,0.2,0.5714285714285714,0.8,,0.05714285714285714,,,,0.08571428571428572,0.3333333333333333,0.3333333333333333,1.0,0.22857142857142856,0.5,0.5,1.0,0.3333333333333333,,,,,,0.16666666666666666,1.0,1.0,0.3333333333333333,0.6666666666666666,,,0.3333333333333333,0.6666666666666666,0.7428571428571429,0.5,0.5437814285714286,0.4764,0.46851111111111116,0.125,0.1724137931034483,0.12962962962962962,0.3333333333333333,4.4750000000000005,26.53636363636364,0.2552083333333333,,,,,0.2857142857142857,,,,,,,,,2.0,,,,,,True,
1630643,1610612754,Jay Huff,Jay Huff,1630643,IND,2349.6000000000004,39,-18,83,80,27.0,17.0,13.0,163,2.0,4.0,1.0,2.0,1.0,1.0,1.0,4.0,,,1.0,4.0,,,,,1.0,9.0,,,,3.0,3.0,8.0,2.0,13.0,2.0,14.0,92,1.0,3.0,,,,2.0,2.0,4.0,,3.0,2.0,6.0,6.0,,6.0,,,9.0,1.0,1.0,,3.0,3.0,2.0,1.0,,,,9.0,,1.0,4.0,,1.0,5.0,1.0,6.0,,,,,,1.0,,4.0,,,1.0,4.0,,1.0,4.0,7.0,2.0,,,2.0,1.0,,4.0,,1.0,1.0,1.0,,1.0,2.0,2.0,6.0,27.0,,1.0,1.0,1.0,1.0,0.15384615384615385,,,0.15384615384615385,0.375,0.3333333333333333,0.5,0.2857142857142857,0.3333333333333333,0.2857142857142857,0.30434782608695654,0.25,0.3333333333333333,0.6190476190476191,0.125,0.25,,26.73267326732673,,0.3333333333333333,,0.037037037037037035,0.13333333333333333,,0.09302325581395349,0.0196078431372549,0.09090909090909091,,,,,,,,0.17391304347826086,,,1.0,0.19047619047619047,0.5,0.6666666666666666,1.0,0.19047619047619047,0.25,0.25,1.0,,,,,0.19047619047619047,0.25,0.25,1.0,0.42857142857142855,0.1111111111111111,0.1111111111111111,1.0,0.6666666666666666,0.5,1.0,,,,,,,0.14285714285714285,1.0,,,0.42857142857142855,,0.8095238095238095,0.1111111111111111,0.5500595238095238,0.5874,0.5151642857142857,0.045454545454545456,0.1111111111111111,0.14285714285714285,0.42857142857142855,4.05,25.107692307692307,0.3253012048192771,,,,,,,,1.0,1.0,,,,,,,,,,,True,
1630679,1610612754,Ethan Thompson,Ethan Thompson,1630679,IND,3684.8,61,-5,123,124,50.0,54.0,15.0,247,1.0,1.0,,,1.0,1.0,,2.0,1.0,2.0,1.0,5.0,1.0,1.0,1.0,4.0,4.0,9.0,,,,2.0,2.0,5.0,5.0,14.0,5.0,24.0,142,,,1.0,1.0,,3.0,1.0,1.0,1.0,6.0,3.0,8.0,2.0,2.0,15.0,,,9.0,4.0,,3.0,4.0,7.0,2.0,2.0,2.0,1.0,,18.0,1.0,1.0,2.0,1.0,,3.0,2.0,5.0,,2.0,,2.0,1.0,,1.0,,,,,1.0,,,7.0,7.0,,,,4.0,,,7.0,,1.0,2.0,1.0,,1.0,1.0,1.0,8.0,50.0,,2.0,0.5,0.5,1.0,0.35714285714285715,1.0,0.16666666666666666,0.35714285714285715,0.4,,1.0,0.5,1.5,0.35714285714285715,0.5454545454545454,1.5,0.4444444444444444,0.7368421052631579,,,,15.972222222222223,1.0,,0.03225806451612903,0.03225806451612903,0.06896551724137931,0.037037037037037035,0.05,0.034482758620689655,0.07142857142857142,,,0.0625,,,0.0625,,0.09090909090909091,,,1.0,0.05263157894736842,1.0,1.0,,0.10526315789473684,,,,0.10526315789473684,0.5,0.5,1.0,0.2631578947368421,0.2,0.2,1.0,0.47368421052631576,0.4444444444444444,0.4444444444444444,1.0,,,,1.0,1.0,1.0,,,,0.14285714285714285,1.0,0.5714285714285714,0.25,0.2857142857142857,,0.7894736842105263,0.4444444444444444,0.5224421052631579,,0.5431428571428571,0.1,0.16666666666666666,0.125,0.3333333333333333,10.959999999999999,25.25,0.4065040650406504,,,,,,,,,,,,,,,,,1.0,0.07142857142857142,1.0,True,
1630167,1610612754,Obi Toppin,Obi Toppin,1630167,IND,188.4,3,2,7,7,6.0,5.0,,14,,,,,,,,,,,,,,,,,,,,,,,,,,,,,9,,,,,,,,,,,,,,,,,,,,,1.0,,1.0,,,1.0,,,2.0,,,1.0,,,1.0,,1.0,,,,,,,,1.0,,,,1.0,,1.0,,1.0,,,1.0,,,,,,,,,,,,,,6.0,,,,,,,,,,,,,,,,,,,,,,,12.5,,,,,0.5,,0.25,,,,,,,,,,,1.0,,,,,,,,,,,,,,,,,,,,,,,,,,,,,,,,,,,,,,,,,,,,,,,,,0.8571428571428571,,,,,,,,,,,,,,,,,,,,True,
1643007,1610612754,Taelon Peter,Taelon Peter,1643007,IND,2572.8,43,-17,94,95,27.0,24.0,9.0,189,,,,,,,,1.0,,,,3.0,,,,1.0,1.0,6.0,,,,2.0,,1.0,1.0,9.0,3.0,6.0,102,,,,,,,,,,3.0,,,,,3.0,,,6.0,1.0,,2.0,1.0,3.0,1.0,,1.0,1.0,,7.0,1.0,,2.0,2.0,1.0,5.0,1.0,6.0,,3.0,1.0,2.0,4.0,,4.0,,,,,4.0,,2.0,2.0,2.0,,,,2.0,,1.0,3.0,,,,,,,,,,27.0,,,,,1.0,0.1111111111111111,,,0.1111111111111111,,,,0.15,,,0.2727272727272727,,,0.9,,,,14.150943396226415,1.0,0.2,0.08333333333333333,,0.11764705882352941,0.041666666666666664,0.0975609756097561,0.021739130434782608,,,,0.06666666666666667,,0.125,0.06666666666666667,,0.06666666666666667,0.5,,,,,,,0.1,,,,,,,,0.3,,,,0.6,0.16666666666666666,0.16666666666666666,1.0,,,,,,,,,,,,0.3333333333333333,,0.6666666666666666,,0.9,0.16666666666666666,0.541525,,0.5236,0.09090909090909091,,,,8.5,24.9,0.2872340425531915,,,,,,,,,,,,,,,,,1.0,0.1,,True,
1630644,1610612754,Mac McClung,Mac McClung,1630644,IND,1081.0,18,-6,38,39,17.0,4.0,6.0,77,4.0,5.0,,,1.0,2.0,,1.0,,,,,,,,,,4.0,,,,1.0,4.0,6.0,,4.0,1.0,9.0,47,,,,,,,1.0,2.0,,1.0,,2.0,6.0,2.0,,,,4.0,,,,,,,,,,,,,,,2.0,,2.0,,2.0,,3.0,,3.0,1.0,,1.0,,,,,1.0,,1.0,1.0,2.0,,,,1.0,,,1.0,1.0,1.0,,,,,,,2.0,17.0,,,0.75,0.75,,,,,,0.6666666666666666,,0.5,0.4,,0.3333333333333333,0.45,,0.3333333333333333,0.4,,,,23.404255319148938,1.0,,0.25,,,,0.125,,,,,,,0.3333333333333333,0.25,,,,,,0.5,0.8,0.8,0.75,0.1,,,,,,,,,,,,0.4,,,,,,,,,,,,,0.6666666666666666,0.5,,,0.3333333333333333,,0.9,,0.614438888888889,,0.6348,0.1,0.16666666666666666,,0.2222222222222222,2.75,28.85,0.4473684210526316,,,,,,,,,,,,,,,,,,,,True,
1642484,1610612754,RayJ Dennis,RayJ Dennis,1642484,IND,1533.5,26,-9,54,55,37.0,26.0,9.0,109,,1.0,,,,,2.0,4.0,,,,2.0,,1.0,,2.0,2.0,3.0,1.0,1.0,2.0,3.0,2.0,5.0,2.0,5.0,1.0,11.0,67,,,1.0,2.0,,3.0,1.0,2.0,2.0,5.0,1.0,9.0,2.0,2.0,3.0,3.0,,3.0,2.0,1.0,4.0,,4.0,,,3.0,1.0,,8.0,,,1.0,1.0,,2.0,,2.0,,1.0,,1.0,1.0,,1.0,1.0,,,,2.0,1.0,1.0,2.0,4.0,,1.0,,1.0,,,1.0,,,,2.0,2.0,,2.0,1.0,9.0,37.0,1.0,,0.5,0.5,0.5,0.4,0.5,0.4,0.4,0.4,,0.5,0.5,0.75,0.5714285714285714,0.5,0.75,0.5714285714285714,0.5,0.2,,,17.91044776119403,0.5,,0.07142857142857142,,0.08333333333333333,,0.07692307692307693,,,,,,,,0.125,,0.09090909090909091,,,0.5,0.1,,,,0.4,0.5,0.6666666666666666,0.5,,,,,0.2,,,,0.3,0.6666666666666666,0.6666666666666666,0.5,,,,0.5,,,0.5,1.0,1.0,,,0.2857142857142857,,0.42857142857142855,0.6666666666666666,0.6,0.6666666666666666,0.496665,0.4605,0.4846071428571429,,,0.2727272727272727,0.8181818181818182,6.840000000000001,27.060000000000002,0.6851851851851852,,,1.0,,0.25,,,,,,,,,,,,,,,True,
1630164,1610612754,James Wiseman,James Wiseman,1630164,IND,93.0,2,-3,3,3,,,,6,,,,,,,,,,,,,,,,,,,,,,,,,,,,,3,,,,,,,,,,,,,,,,,,,,,,,,,,,,,,,,,,,,,,,,,,,,,,,,,,,,,,,,,,,,,,,,1.0,1.0,,1.0,,,,,,,,,,,,,,,,,,,,,,,,,,,,,,,,,,,,,,,,,,,,,,,,,,,,,,,,,,,,,,,,,,,,,,,,,,,,,,,,,,,,,,,,,,,,,,,,,,,,,,,,,,,,,,,,,True,
1630695,1610612754,Micah Potter,Micah Potter,1630695,IND,867.1,14,5,33,35,21.0,10.0,2.0,68,,1.0,,,,1.0,,,,,,1.0,,,,,,,,,,,,1.0,,1.0,2.0,2.0,23,,,,,,,,1.0,,,2.0,2.0,,,,,,,,1.0,1.0,,1.0,,,,1.0,,2.0,,,1.0,2.0,1.0,4.0,,4.0,,,,,,,,,,,,,,,,1.0,,,,1.0,,,2.0,,,1.0,,,,,,2.0,21.0,,1.0,,,,,,,,,,,,,,0.3333333333333333,,0.5,0.5,1.0,1.0,,8.333333333333334,,1.0,0.2,,0.16666666666666666,,0.1875,,,,,,,,0.3333333333333333,,0.16666666666666666,,,,0.5,,,,,,,,,,,,0.5,,,,,,,,,,,,,,,,,1.0,,,,,,1.0,,0.665575,,0.7586,,,,1.0,2.6,22.5,0.6363636363636364,,,,,,,,,,,,,,,,,,,,True,
1642880,1610612754,Kam Jones,Kam Jones,1642880,IND,2062.0,34,-6,74,75,33.0,25.0,6.0,149,,,,,,,,6.0,1.0,1.0,,2.0,,1.0,,2.0,1.0,3.0,,,,,1.0,7.0,1.0,5.0,,5.0,69,,,,1.0,,,,3.0,,2.0,,,2.0,,3.0,,,3.0,1.0,,4.0,3.0,7.0,3.0,,3.0,1.0,,17.0,,1.0,1.0,2.0,1.0,4.0,1.0,5.0,1.0,1.0,,1.0,,1.0,,2.0,1.0,,,2.0,,,,1.0,,,,2.0,1.0,,2.0,,,1.0,,,,,,,33.0,,1.0,1.0,1.0,1.0,0.2,,,0.2,0.14285714285714285,,,0.20833333333333334,,,0.19230769230769232,,,0.4166666666666667,,,,18.51851851851852,,0.25,0.1111111111111111,0.0625,0.058823529411764705,,0.08571428571428572,0.03125,,0.1,,,,0.16666666666666666,0.1,,0.06666666666666667,,0.1,,,,,,0.5,,,,0.08333333333333333,1.0,1.0,1.0,0.16666666666666666,,,,0.25,0.3333333333333333,0.3333333333333333,1.0,,,,1.0,,,,,,,,0.4,,,,0.4166666666666667,0.3333333333333333,0.46804166666666663,,0.47546999999999995,,,,,9.414285714285715,25.04,0.44594594594594594,,,,,,,,,,,,,,,,,,,,True,
1627783,1610612754,Pascal Siakam,Pascal Siakam,1627783,IND,80789.6,1346,-136,2828,2834,647.0,787.0,302.0,5662,135.0,201.0,27.0,37.0,22.0,42.0,123.0,266.0,31.0,83.0,12.0,30.0,1.0,2.0,2.0,7.0,61.0,173.0,4.0,21.0,16.0,55.0,289.0,550.0,73.0,203.0,150.0,947.0,3337,39.0,60.0,5.0,23.0,13.0,106.0,50.0,108.0,18.0,62.0,43.0,197.0,268.0,310.0,192.0,27.0,44.0,173.0,61.0,26.0,78.0,81.0,159.0,70.0,11.0,45.0,23.0,10.0,399.0,21.0,39.0,80.0,126.0,15.0,221.0,60.0,281.0,24.0,39.0,23.0,16.0,55.0,5.0,23.0,36.0,6.0,32.0,4.0,91.0,9.0,21.0,39.0,88.0,3.0,8.0,16.0,197.0,5.0,3.0,227.0,33.0,109.0,18.0,15.0,7.0,8.0,16.0,11.0,197.0,637.0,7.0,15.0,0.46366782006920415,0.50187265917603,0.8767123287671232,0.35960591133004927,0.21739130434782608,0.2903225806451613,0.35960591133004927,0.5254545454545455,0.65,0.46296296296296297,0.5292164674634794,0.5602409638554217,0.45294117647058824,0.5577149587750294,0.5888888888888889,0.4925,0.2695883134130146,0.04727272727272727,0.05472636815920398,0.012048192771084338,29.615626969124136,0.6043956043956044,0.1744186046511628,0.18421052631578946,0.057777777777777775,0.13266998341625208,0.03172205438066465,0.16006216006216006,0.04487658937920718,0.06930693069306931,0.06626506024096386,0.02127659574468085,0.02127659574468085,0.06896551724137931,0.19011406844106463,0.18387096774193548,0.17117117117117117,0.13392857142857142,0.12903225806451613,0.06611570247933884,0.6875,0.26693227091633465,0.6716417910447762,0.7105263157894737,0.6,0.35325365205843295,0.462406015037594,0.4880952380952381,0.37398373983739835,0.1102257636122178,0.37349397590361444,0.3780487804878049,0.22580645161290322,0.0398406374501992,0.4,0.4,1.0,0.2297476759628154,0.35260115606936415,0.35260115606936415,0.8524590163934426,0.4457831325301205,0.7297297297297297,0.14814814814814814,0.024096385542168676,0.5,1.0,0.25301204819277107,0.19047619047619047,1.0,0.24705882352941178,0.5238095238095238,0.041176470588235294,0.2857142857142857,0.3235294117647059,0.2909090909090909,0.5365205843293492,0.35260115606936415,0.5134273572377155,0.5330805555555556,0.5072911764705884,0.13357400722021662,0.17412140575079874,0.1119324181626188,0.20802534318901794,7.705999999999997,25.851231527093585,0.22878359264497877,,,,,0.05263157894736842,,,1.0,,1.0,1.0,,,1.0,,,2.0,0.00975609756097561,,False,1.0
1628396,1610612754,Tony Bradley,Tony Bradley,1628396,IND,24976.199999999997,416,-106,853,862,300.0,307.0,125.0,1715,40.0,62.0,13.0,30.0,18.0,25.0,15.0,36.0,3.0,6.0,1.0,2.0,,1.0,1.0,2.0,,,,,,,58.0,104.0,1.0,2.0,32.0,151.0,1033,16.0,40.0,,1.0,11.0,43.0,22.0,39.0,1.0,2.0,16.0,63.0,80.0,36.0,3.0,,20.0,,,13.0,12.0,8.0,20.0,4.0,4.0,5.0,6.0,1.0,48.0,20.0,36.0,23.0,19.0,9.0,51.0,56.0,107.0,5.0,6.0,4.0,2.0,4.0,3.0,2.0,13.0,,2.0,,17.0,4.0,9.0,30.0,61.0,,11.0,8.0,34.0,6.0,1.0,43.0,3.0,20.0,3.0,7.0,5.0,2.0,7.0,7.0,63.0,300.0,12.0,3.0,0.6896551724137931,0.8333333333333334,1.0,0.5,,0.5,0.5,0.5576923076923077,0.4,0.5641025641025641,0.5613207547169812,0.3902439024390244,0.573170731707317,0.5992063492063492,0.4479166666666667,0.6176470588235294,0.018867924528301886,0.125,0.12903225806451613,,14.074803149606298,0.23529411764705882,0.3333333333333333,0.11377245508982035,0.1422924901185771,0.12234042553191489,0.09803921568627451,0.11830985915492957,0.12253829321663019,0.19753086419753085,0.11811023622047244,0.1111111111111111,0.08917197452229299,0.1276595744680851,0.11764705882352941,0.13131313131313133,,0.08275862068965517,0.2558139534883721,0.14705882352941177,1.0,0.5849056603773585,0.6451612903225806,0.7407407407407407,0.65,0.33962264150943394,0.4166666666666667,0.4838709677419355,0.7333333333333333,0.05660377358490566,0.5,0.5,1.0,0.018867924528301886,0.5,0.5,1.0,,,,,0.7317073170731707,0.43333333333333335,0.15384615384615385,0.024390243902439025,,,,,,0.6097560975609756,0.72,0.04878048780487805,0.5,,,0.6037735849056604,,0.5519966981132076,0.5644806451612903,0.5695207317073171,0.16260162601626016,0.1652892561983471,0.2847682119205298,0.41721854304635764,4.214423076923077,23.65,0.3516998827667057,,,,,0.1388888888888889,,,,,,1.0,,,,,,,,,False,
1628420,1610612754,Monté Morris,Monté Morris,1628420,IND,2968.4000000000005,49,-28,103,109,42.0,58.0,18.0,212,4.0,6.0,,,2.0,3.0,,2.0,,1.0,,3.0,,1.0,,,1.0,3.0,1.0,1.0,,1.0,4.0,9.0,1.0,6.0,2.0,13.0,113,,,1.0,2.0,,3.0,2.0,4.0,,1.0,1.0,5.0,4.0,4.0,3.0,,,3.0,1.0,1.0,4.0,2.0,6.0,2.0,,1.0,3.0,,14.0,,1.0,3.0,1.0,,4.0,1.0,5.0,,1.0,1.0,,1.0,,,,,1.0,,1.0,,1.0,1.0,3.0,,1.0,,3.0,,,4.0,,1.0,1.0,,,,,,5.0,42.0,1.0,1.0,0.5,0.5,1.0,0.16666666666666666,0.5,,0.16666666666666666,0.4444444444444444,,0.5,0.36666666666666664,0.75,0.4,0.38235294117647056,0.75,0.4166666666666667,0.4,0.1111111111111111,,,14.285714285714286,1.0,,0.038461538461538464,0.02702702702702703,0.12,,0.0784313725490196,0.014925373134328358,0.05555555555555555,,,,,,,0.5,0.11764705882352941,0.125,,,0.4,0.6666666666666666,0.6666666666666666,0.5,0.13333333333333333,,,,0.06666666666666667,,,,0.2,,,,0.2,0.3333333333333333,0.3333333333333333,1.0,,,,0.5,,,0.5,1.0,1.0,0.6,0.6666666666666666,,,0.2,,0.8,0.3333333333333333,0.5724566666666667,0.555675,0.61241,0.0625,0.1,0.23076923076923078,0.38461538461538464,5.2666666666666675,24.700000000000003,0.4077669902912621,,,,,0.5,,,,,,,,,,,,,,,False,
1630174,1610612754,Aaron Nesmith,Aaron Nesmith,1630174,IND,47668.7,794,-66,1678,1675,457.0,490.0,190.0,3353,28.0,58.0,2.0,5.0,10.0,19.0,22.0,54.0,5.0,22.0,16.0,43.0,2.0,8.0,6.0,15.0,40.0,112.0,7.0,15.0,10.0,32.0,55.0,134.0,56.0,155.0,58.0,336.0,1961,4.0,11.0,9.0,23.0,4.0,39.0,17.0,36.0,16.0,47.0,22.0,104.0,90.0,20.0,165.0,3.0,4.0,112.0,40.0,18.0,30.0,29.0,59.0,18.0,11.0,18.0,10.0,2.0,147.0,21.0,15.0,38.0,51.0,6.0,95.0,37.0,132.0,10.0,18.0,15.0,3.0,20.0,5.0,12.0,22.0,6.0,8.0,,42.0,6.0,14.0,37.0,75.0,2.0,6.0,6.0,71.0,4.0,11.0,73.0,10.0,31.0,6.0,14.0,10.0,4.0,15.0,7.0,103.0,450.0,9.0,5.0,0.8181818181818182,0.8490566037735849,0.9821428571428571,0.36129032258064514,0.391304347826087,0.3404255319148936,0.36129032258064514,0.41044776119402987,0.36363636363636365,0.4722222222222222,0.4809688581314879,0.5147058823529411,0.4939759036144578,0.5267295597484277,0.527027027027027,0.5416666666666666,0.5363321799307958,0.13432835820895522,0.1724137931034483,0.045454545454545456,18.94736842105263,0.47619047619047616,0.13043478260869565,0.12878787878787878,0.03546099290780142,0.10674157303370786,0.05426356589147287,0.11835106382978723,0.044444444444444446,0.032679738562091505,0.0427807486631016,0.024096385542168676,0.06397306397306397,0.022222222222222223,0.0915032679738562,0.14689265536723164,0.16666666666666666,0.0996309963099631,0.12941176470588237,0.06622516556291391,0.4666666666666667,0.20069204152249134,0.4827586206896552,0.5833333333333334,0.8571428571428571,0.18685121107266436,0.4074074074074074,0.46808510638297873,0.8181818181818182,0.07612456747404844,0.22727272727272727,0.23809523809523808,0.6,0.14878892733564014,0.37209302325581395,0.38095238095238093,1.0,0.3875432525951557,0.35714285714285715,0.3669724770642202,0.975,0.14705882352941177,0.4,,0.23529411764705882,0.25,1.0,0.4411764705882353,0.4666666666666667,1.0,0.2289156626506024,0.5263157894736842,0.18072289156626506,0.4,0.3855421686746988,0.3125,0.7370242214532872,0.35714285714285715,0.5271846020761247,0.5222000000000001,0.5251090361445782,0.10576923076923077,0.2,0.11607142857142858,0.30952380952380953,7.164179104477614,25.496774193548397,0.2723480333730632,,4.0,2.0,0.025806451612903226,0.12962962962962962,0.026785714285714284,1.0,1.0,,1.0,3.0,,0.022727272727272728,,0.023255813953488372,3.0,2.0,0.012738853503184714,,False,
1641716,1610612754,Jarace Walker,Jarace Walker,1641716,IND,55303.299999999996,922,-266,1972,1978,589.0,634.0,189.0,3950,43.0,80.0,6.0,14.0,14.0,26.0,31.0,80.0,7.0,18.0,12.0,29.0,2.0,2.0,3.0,9.0,51.0,145.0,5.0,13.0,15.0,39.0,81.0,178.0,63.0,174.0,65.0,416.0,2363,10.0,24.0,7.0,15.0,1.0,42.0,26.0,53.0,18.0,48.0,27.0,133.0,104.0,58.0,177.0,12.0,8.0,145.0,51.0,15.0,45.0,32.0,77.0,23.0,9.0,34.0,7.0,4.0,186.0,6.0,10.0,67.0,77.0,10.0,154.0,19.0,173.0,7.0,36.0,20.0,16.0,37.0,8.0,21.0,18.0,4.0,16.0,2.0,55.0,5.0,18.0,46.0,64.0,2.0,2.0,1.0,56.0,3.0,,77.0,6.0,34.0,7.0,15.0,10.0,5.0,15.0,12.0,133.0,587.0,7.0,6.0,0.6419753086419753,0.6753246753246753,0.9365079365079365,0.3620689655172414,0.4666666666666667,0.375,0.3620689655172414,0.4550561797752809,0.4166666666666667,0.49056603773584906,0.49857954545454547,0.5256410256410257,0.5247524752475248,0.5361757105943152,0.5384615384615384,0.5732758620689655,0.4943181818181818,0.08426966292134831,0.0625,0.05555555555555555,20.238095238095237,0.6727272727272727,0.2222222222222222,0.16244725738396623,0.022123893805309734,0.1662531017369727,0.012474012474012475,0.16419612314709237,0.01714898177920686,0.024539877300613498,0.024390243902439025,0.011904761904761904,0.013333333333333334,0.009433962264150943,0.11458333333333333,0.18018018018018017,0.25,0.18666666666666668,0.10679611650485436,0.03723404255319149,0.8,0.22727272727272727,0.5375,0.5733333333333334,0.7441860465116279,0.22727272727272727,0.3875,0.43661971830985913,0.5161290322580645,0.05113636363636364,0.3888888888888889,0.4117647058823529,0.5714285714285714,0.08238636363636363,0.41379310344827586,0.41379310344827586,1.0,0.4119318181818182,0.35172413793103446,0.35172413793103446,0.9215686274509803,0.358974358974359,0.42857142857142855,0.3333333333333333,0.05128205128205128,1.0,1.0,0.3333333333333333,0.38461538461538464,0.8,0.25742574257425743,0.5384615384615384,0.0891089108910891,0.3333333333333333,0.38613861386138615,0.38461538461538464,0.7215909090909091,0.35172413793103446,0.5317605113636363,0.5327777777777778,0.5238400990099009,0.08947368421052632,0.1650485436893204,0.10096153846153846,0.31971153846153844,6.211797752808987,25.590229885057465,0.2986815415821501,,,1.0,,0.1125,,3.0,,,,,,0.058823529411764705,,,,,,,False,
1628998,1610612754,Cody Martin,Cody Martin,1628998,IND,2329.2,39,-20,80,85,27.0,52.0,14.0,165,1.0,1.0,,,,,1.0,4.0,,,,1.0,,,,1.0,,3.0,,,,1.0,2.0,5.0,,4.0,2.0,6.0,85,,,,,,,,1.0,,2.0,1.0,1.0,2.0,2.0,,,,3.0,,1.0,,1.0,1.0,1.0,,,,,3.0,,1.0,9.0,1.0,,10.0,1.0,11.0,,2.0,,2.0,1.0,2.0,,2.0,,1.0,,3.0,1.0,,2.0,3.0,,,,3.0,1.0,,4.0,,2.0,,2.0,1.0,,2.0,2.0,1.0,27.0,1.0,,0.5,0.5,,,,,,0.4,,,0.2222222222222222,,,0.2727272727272727,,0.125,0.4444444444444444,0.2,,,14.73684210526316,0.3333333333333333,,0.047619047619047616,0.047619047619047616,0.3333333333333333,,0.20833333333333334,0.02,0.125,,,,,,0.08333333333333333,,0.4,0.14285714285714285,,1.0,0.1111111111111111,1.0,1.0,1.0,0.4444444444444444,0.25,0.3333333333333333,,,,,,0.1111111111111111,,,,0.3333333333333333,,,,,,,,,,,,,,,0.3333333333333333,,0.3333333333333333,,0.5555555555555556,,0.5018166666666667,,0.4830666666666667,0.18181818181818182,0.2857142857142857,,0.16666666666666666,5.9799999999999995,25.075,0.3375,1.0,,,,0.25,,,,,,,,,,,,,,,False,
1643007,1610612754,Taelon Peter,Taelon Peter,1643007,IND,9158.3,153,10,320,332,110.0,154.0,32.0,652,2.0,2.0,,,1.0,1.0,1.0,1.0,,1.0,4.0,15.0,,,,4.0,11.0,29.0,,1.0,2.0,9.0,3.0,4.0,15.0,44.0,1.0,52.0,337,,1.0,,1.0,,,2.0,2.0,2.0,13.0,1.0,11.0,4.0,2.0,42.0,3.0,,29.0,11.0,,10.0,10.0,20.0,9.0,1.0,8.0,2.0,,50.0,5.0,,6.0,10.0,1.0,17.0,5.0,22.0,,6.0,2.0,4.0,2.0,3.0,2.0,4.0,,,,6.0,,3.0,7.0,10.0,,1.0,,3.0,1.0,,3.0,,,1.0,2.0,,2.0,2.0,,11.0,110.0,2.0,1.0,0.6666666666666666,0.6666666666666666,0.9333333333333333,0.3409090909090909,,0.15384615384615385,0.3409090909090909,0.75,,1.0,0.53125,,0.3333333333333333,0.5306122448979592,,0.34375,0.9166666666666666,,,,15.44943820224719,0.3333333333333333,0.125,0.15384615384615385,,0.06818181818181818,0.05319148936170213,0.10457516339869281,0.032467532467532464,,,,0.06944444444444445,,0.043478260869565216,0.21621621621621623,0.2,0.014084507042253521,0.29411764705882354,,,0.041666666666666664,1.0,1.0,1.0,0.020833333333333332,1.0,1.0,,0.020833333333333332,,,,0.3125,0.26666666666666666,0.26666666666666666,1.0,0.6041666666666666,0.3793103448275862,0.3793103448275862,0.9090909090909091,,,,,,,0.5,,,0.06666666666666667,1.0,0.26666666666666666,,0.6,0.2222222222222222,0.9583333333333334,0.3793103448275862,0.5330156249999999,0.3809,0.5092033333333333,0.020833333333333332,,,0.21153846153846154,6.75,25.870454545454546,0.34375,,,,,,,,,,,,,,,,,1.0,0.022727272727272728,1.0,False,
1629614,1610612754,Andrew Nembhard,Andrew Nembhard,1629614,IND,65988.7,1100,-193,2283,2291,507.0,562.0,230.0,4574,55.0,87.0,5.0,7.0,13.0,22.0,48.0,107.0,35.0,87.0,5.0,19.0,,,1.0,2.0,58.0,161.0,7.0,18.0,7.0,33.0,138.0,281.0,63.0,180.0,105.0,570.0,2725,11.0,23.0,7.0,18.0,4.0,47.0,29.0,57.0,8.0,35.0,26.0,108.0,106.0,170.0,132.0,57.0,4.0,161.0,58.0,27.0,150.0,113.0,263.0,85.0,28.0,91.0,52.0,7.0,639.0,3.0,12.0,55.0,32.0,5.0,92.0,15.0,107.0,6.0,32.0,16.0,16.0,59.0,4.0,35.0,24.0,3.0,24.0,3.0,83.0,5.0,17.0,33.0,75.0,2.0,5.0,5.0,114.0,,6.0,131.0,11.0,59.0,10.0,6.0,4.0,2.0,6.0,2.0,102.0,498.0,5.0,7.0,0.38405797101449274,0.3897058823529412,0.6984126984126984,0.35,0.3888888888888889,0.22857142857142856,0.35,0.49110320284697506,0.4782608695652174,0.5087719298245614,0.5043383947939263,0.524390243902439,0.44565217391304346,0.5471153846153847,0.5465116279069767,0.5,0.39045553145336226,0.09608540925266904,0.12643678160919541,0.022988505747126436,23.674911660777386,0.7108433734939759,0.07246376811594203,0.05734767025089606,0.021937842778793418,0.11652542372881355,0.00546448087431694,0.08446601941747572,0.013686131386861315,0.027624309392265192,0.024896265560165973,0.008,0.007042253521126761,,0.05504587155963303,0.040160642570281124,0.10989010989010989,0.10662824207492795,0.144,0.02643171806167401,0.3333333333333333,0.18872017353579176,0.632183908045977,0.7236842105263158,0.45454545454545453,0.23210412147505424,0.4485981308411215,0.5161290322580645,0.2916666666666667,0.18872017353579176,0.40229885057471265,0.4117647058823529,0.4,0.04121475054229935,0.2631578947368421,0.2631578947368421,1.0,0.3492407809110629,0.36024844720496896,0.36477987421383645,0.6724137931034483,0.17073170731707318,0.7142857142857143,0.4,,,,0.43902439024390244,0.3888888888888889,1.0,0.2391304347826087,0.5909090909090909,0.021739130434782608,0.5,0.358695652173913,0.21212121212121213,0.579175704989154,0.36024844720496896,0.5118656862745096,0.5127717391304348,0.5125269230769233,0.11764705882352941,0.17933130699088146,0.0824561403508772,0.18947368421052632,9.381138790035592,26.792777777777776,0.22207621550591328,,2.0,1.0,0.011111111111111112,0.1308411214953271,0.012422360248447204,,,,,,,,,,1.0,1.0,0.0055248618784530384,,False,
1629726,1610612754,Garrison Mathews,Garrison Mathews,1629726,IND,6391.699999999999,107,-23,227,228,79.0,90.0,24.0,455,1.0,2.0,,,,,1.0,1.0,,,1.0,7.0,,1.0,,1.0,6.0,18.0,1.0,1.0,2.0,4.0,2.0,3.0,7.0,25.0,11.0,36.0,259,,,1.0,2.0,,3.0,,,2.0,5.0,5.0,11.0,4.0,,21.0,,,18.0,6.0,,6.0,,6.0,,,5.0,,1.0,12.0,,,5.0,5.0,,10.0,1.0,11.0,,2.0,2.0,,2.0,,2.0,1.0,,,,3.0,,,7.0,12.0,,,,13.0,1.0,2.0,13.0,,5.0,,,,,,,11.0,79.0,3.0,,1.0,1.0,1.0,0.28,0.5,0.4,0.28,0.6666666666666666,,,0.44642857142857145,0.75,0.6,0.5294117647058824,0.75,0.6875,0.8928571428571429,,,,14.566929133858267,0.6666666666666666,,0.08333333333333333,,0.11363636363636363,,0.09615384615384616,,,,,,,0.17647058823529413,,0.18181818181818182,0.14285714285714285,,,,0.07142857142857142,0.5,0.5,1.0,0.03571428571428571,1.0,1.0,1.0,,,,,0.25,0.14285714285714285,0.14285714285714285,1.0,0.6428571428571429,0.3333333333333333,0.35294117647058826,1.0,,,,0.5,,,0.5,1.0,1.0,,,0.2,,0.8,0.5,0.9642857142857143,0.3333333333333333,0.5320267857142856,0.4977,0.45741,0.15151515151515152,0.625,0.08333333333333333,0.3055555555555556,6.599999999999999,26.004,0.34801762114537443,,1.0,,0.04,,0.05555555555555555,1.0,,,,,,0.16666666666666666,1.0,,1.0,1.0,,,False,
204456,1610612754,T.J. McConnell,T.J. McConnell,204456,IND,30209.299999999996,503,-56,1072,1070,319.0,342.0,84.0,2142,27.0,37.0,1.0,3.0,9.0,12.0,67.0,118.0,26.0,50.0,3.0,5.0,,,1.0,1.0,7.0,25.0,1.0,3.0,2.0,9.0,120.0,205.0,10.0,30.0,12.0,282.0,1222,3.0,7.0,1.0,3.0,,9.0,36.0,60.0,3.0,10.0,,81.0,78.0,162.0,27.0,3.0,4.0,25.0,7.0,11.0,67.0,83.0,150.0,54.0,29.0,44.0,18.0,5.0,383.0,7.0,7.0,30.0,24.0,3.0,57.0,14.0,71.0,2.0,38.0,24.0,14.0,26.0,5.0,17.0,12.0,2.0,9.0,2.0,38.0,3.0,14.0,25.0,38.0,,1.0,,24.0,1.0,7.0,13.0,1.0,7.0,,5.0,2.0,2.0,5.0,2.0,81.0,318.0,4.0,,0.325,0.3305084745762712,0.9,0.3333333333333333,0.3333333333333333,0.3,0.3333333333333333,0.5853658536585366,0.42857142857142855,0.6,0.574468085106383,0.45,0.5785714285714286,0.5850622406639004,0.45,0.5785714285714286,0.1276595744680851,0.05365853658536585,0.10810810810810811,,24.01032702237522,0.6842105263157895,0.08108108108108109,0.09375,0.02834008097165992,0.13761467889908258,0.03056768558951965,0.11392405063291139,0.029411764705882353,0.027777777777777776,0.02459016393442623,0.03773584905660377,0.024242424242424242,0.046875,0.0851063829787234,0.10743801652892562,0.07317073170731707,0.13609467455621302,0.14285714285714285,0.021505376344086023,0.4,0.1574468085106383,0.7297297297297297,0.8181818181818182,0.2962962962962963,0.502127659574468,0.5677966101694916,0.6036036036036037,0.2835820895522388,0.2127659574468085,0.52,0.52,0.46153846153846156,0.02127659574468085,0.6,0.6,1.0,0.10638297872340426,0.28,0.28,0.8571428571428571,0.3,0.3333333333333333,,,,,0.3,0.3333333333333333,1.0,0.17142857142857143,0.75,0.014285714285714285,1.0,0.12857142857142856,0.2222222222222222,0.2851063829787234,0.28,0.4842597872340426,0.52485,0.47935571428571433,0.029045643153526972,0.03317535545023697,0.031914893617021274,0.2872340425531915,9.993170731707314,25.830000000000002,0.29757462686567165,1.0,,,,0.059322033898305086,,,,,,,,,2.0,,1.0,,,,False,
1630526,1610612754,Jeremiah Robinson-Earl,Jeremiah Robinson-Earl,1630526,IND,12218.3,204,-38,426,433,154.0,162.0,60.0,859,9.0,25.0,5.0,13.0,6.0,12.0,4.0,9.0,,1.0,3.0,7.0,,,2.0,2.0,1.0,8.0,,1.0,,3.0,13.0,35.0,4.0,15.0,9.0,47.0,515,6.0,15.0,,1.0,,12.0,9.0,16.0,2.0,5.0,4.0,28.0,14.0,12.0,12.0,,10.0,8.0,1.0,6.0,6.0,1.0,7.0,1.0,,3.0,2.0,1.0,15.0,9.0,11.0,14.0,18.0,3.0,35.0,22.0,57.0,2.0,6.0,2.0,4.0,5.0,1.0,2.0,1.0,,3.0,,6.0,1.0,3.0,7.0,15.0,,1.0,,10.0,1.0,1.0,9.0,,3.0,,,,,,,28.0,154.0,1.0,,0.5384615384615384,0.875,1.0,0.26666666666666666,,0.4,0.26666666666666666,0.37142857142857144,0.4,0.5625,0.38,0.375,0.5714285714285714,0.4351851851851852,0.375,0.6086956521739131,0.3,0.17142857142857143,0.16,,12.048192771084336,0.8333333333333334,0.2727272727272727,0.2222222222222222,0.09322033898305085,0.1308411214953271,0.08653846153846154,0.1702127659574468,0.09009009009009009,0.07407407407407407,0.10638297872340426,0.11764705882352941,0.08333333333333333,0.1,0.13636363636363635,0.22448979591836735,0.4,0.14942528735632185,0.05,0.07407407407407407,,0.5,0.36,0.42857142857142855,0.4444444444444444,0.18,0.4444444444444444,0.5714285714285714,0.75,0.02,,,,0.14,0.42857142857142855,0.42857142857142855,1.0,0.16,0.125,0.125,1.0,0.8125,0.38461538461538464,,,,,0.0625,,,0.5714285714285714,0.5,0.09523809523809523,1.0,0.14285714285714285,,0.8,0.125,0.5574420000000001,0.5515599999999999,0.5996309523809523,0.07407407407407407,0.07894736842105263,0.2553191489361702,0.5957446808510638,3.9,24.873333333333335,0.3615023474178404,,,,,0.2222222222222222,,2.0,,,,,,0.2857142857142857,,,,1.0,0.0625,,False,
1631097,1610612754,Bennedict Mathurin,Bennedict Mathurin,1631097,IND,38951.0,649,-181,1360,1367,284.0,377.0,120.0,2727,31.0,50.0,9.0,11.0,4.0,10.0,20.0,48.0,14.0,40.0,12.0,19.0,2.0,2.0,2.0,3.0,26.0,88.0,2.0,6.0,5.0,18.0,65.0,138.0,38.0,107.0,99.0,343.0,1615,9.0,15.0,4.0,8.0,10.0,40.0,10.0,23.0,7.0,21.0,30.0,71.0,70.0,60.0,87.0,27.0,10.0,88.0,26.0,6.0,20.0,22.0,42.0,16.0,6.0,13.0,7.0,,106.0,5.0,10.0,43.0,54.0,7.0,104.0,15.0,119.0,5.0,10.0,4.0,6.0,22.0,10.0,12.0,25.0,2.0,10.0,3.0,47.0,2.0,10.0,30.0,61.0,3.0,3.0,4.0,82.0,3.0,5.0,110.0,9.0,49.0,5.0,2.0,1.0,1.0,2.0,2.0,71.0,281.0,2.0,5.0,0.5384615384615384,0.5833333333333334,0.7631578947368421,0.35514018691588783,0.5,0.3333333333333333,0.35514018691588783,0.47101449275362317,0.6,0.43478260869565216,0.49795918367346936,0.6521739130434783,0.4659090909090909,0.5807560137457045,0.7407407407407407,0.5932203389830508,0.43673469387755104,0.043478260869565216,0.04,0.025,22.47340425531915,0.46808510638297873,0.175,0.15168539325842698,0.030303030303030304,0.16165413533834586,0.01524390243902439,0.15594855305466238,0.022796352583586626,0.04040404040404041,0.040268456375838924,,0.015209125475285171,0.015384615384615385,0.1386861313868613,0.1393939393939394,0.2222222222222222,0.13402061855670103,0.2361111111111111,0.03731343283582089,1.0,0.20408163265306123,0.62,0.6458333333333334,0.5806451612903226,0.19591836734693877,0.4166666666666667,0.4444444444444444,0.45,0.16326530612244897,0.35,0.358974358974359,0.5714285714285714,0.07755102040816327,0.631578947368421,0.631578947368421,0.9166666666666666,0.35918367346938773,0.29545454545454547,0.29545454545454547,0.6923076923076923,0.4782608695652174,0.8181818181818182,0.3333333333333333,0.08695652173913043,1.0,0.5,0.2608695652173913,0.3333333333333333,1.0,0.22727272727272727,0.4,0.06818181818181818,0.6666666666666666,0.4090909090909091,0.2777777777777778,0.6408163265306123,0.29545454545454547,0.5255393877551019,0.5502031249999999,0.5159386363636363,0.17482517482517482,0.2752808988764045,0.11661807580174927,0.20699708454810495,9.025362318840575,25.922429906542053,0.2088235294117647,,,5.0,,0.0625,,,,,,,,,1.0,,1.0,1.0,0.009259259259259259,,False,
1631245,1610612754,Quenton Jackson,Quenton Jackson,1631245,IND,19467.700000000004,324,3,699,697,161.0,197.0,75.0,1396,23.0,33.0,2.0,2.0,4.0,5.0,5.0,21.0,4.0,11.0,3.0,12.0,1.0,1.0,1.0,5.0,16.0,36.0,1.0,3.0,4.0,10.0,32.0,65.0,19.0,48.0,41.0,162.0,767,3.0,4.0,2.0,4.0,,12.0,7.0,11.0,5.0,15.0,17.0,46.0,32.0,32.0,54.0,3.0,4.0,36.0,16.0,6.0,19.0,16.0,35.0,13.0,3.0,13.0,4.0,2.0,86.0,5.0,5.0,13.0,12.0,,25.0,10.0,35.0,1.0,12.0,8.0,4.0,13.0,7.0,8.0,12.0,3.0,5.0,,25.0,2.0,7.0,16.0,34.0,,2.0,1.0,53.0,2.0,11.0,53.0,2.0,17.0,9.0,4.0,3.0,1.0,4.0,2.0,44.0,157.0,3.0,8.0,0.5,0.5333333333333333,0.9473684210526315,0.3958333333333333,0.5,0.3333333333333333,0.3958333333333333,0.49230769230769234,0.75,0.6363636363636364,0.5353982300884956,0.75,0.5576923076923077,0.5869565217391305,0.75,0.6216216216216216,0.4247787610619469,0.09230769230769231,0.030303030303030304,,20.843989769820972,0.52,,0.07692307692307693,0.03184713375796178,0.07926829268292683,0.03125,0.078125,0.031545741324921134,0.04,0.039473684210526314,,0.03225806451612903,0.027777777777777776,0.1111111111111111,0.039473684210526314,0.11764705882352941,0.1016949152542373,0.021739130434782608,0.01818181818181818,0.5,0.2920353982300885,0.696969696969697,0.71875,0.43478260869565216,0.18584070796460178,0.23809523809523808,0.3125,0.6,0.09734513274336283,0.36363636363636365,0.36363636363636365,0.75,0.10619469026548672,0.25,0.25,1.0,0.3185840707964602,0.4444444444444444,0.4444444444444444,0.9375,0.25,1.0,,0.125,1.0,1.0,0.375,0.3333333333333333,1.0,0.19230769230769232,0.8,0.19230769230769232,0.2,0.38461538461538464,0.4,0.7168141592920354,0.4444444444444444,0.5423464601769912,0.5354916666666666,0.5454692307692307,0.13953488372093023,0.2125,0.07407407407407407,0.2839506172839506,6.313846153846153,25.81041666666667,0.23032904148783978,,,,,0.23809523809523808,,,,,,,,,,,,1.0,0.02040816326530612,,False,
1641767,1610612754,Ben Sheppard,Ben Sheppard,1641767,IND,40121.4,669,-121,1406,1408,413.0,466.0,150.0,2814,23.0,46.0,4.0,7.0,7.0,11.0,6.0,15.0,2.0,7.0,20.0,43.0,,2.0,5.0,10.0,30.0,76.0,2.0,11.0,5.0,18.0,31.0,68.0,50.0,119.0,17.0,229.0,1652,5.0,8.0,2.0,13.0,1.0,17.0,11.0,17.0,10.0,28.0,4.0,56.0,48.0,14.0,147.0,3.0,6.0,76.0,30.0,9.0,36.0,23.0,59.0,17.0,6.0,24.0,8.0,4.0,141.0,9.0,9.0,46.0,34.0,6.0,86.0,18.0,104.0,3.0,16.0,9.0,7.0,10.0,2.0,6.0,9.0,3.0,4.0,,19.0,2.0,3.0,41.0,59.0,1.0,2.0,1.0,21.0,,4.0,24.0,1.0,9.0,2.0,1.0,,1.0,1.0,1.0,56.0,413.0,4.0,2.0,0.7741935483870968,0.8571428571428571,0.98,0.42016806722689076,0.15384615384615385,0.35714285714285715,0.42016806722689076,0.45588235294117646,0.625,0.6470588235294118,0.5668449197860963,0.38095238095238093,0.5777777777777777,0.5761421319796954,0.38636363636363635,0.5714285714285714,0.6363636363636364,0.1323529411764706,0.15217391304347827,,13.619167717528374,0.5263157894736842,0.14634146341463414,0.09970674486803519,0.026392961876832845,0.15862068965517243,0.025495750708215296,0.12678288431061807,0.025936599423631124,0.02608695652173913,0.0196078431372549,0.0410958904109589,0.02867383512544803,0.013513513513513514,0.0743801652892562,0.1111111111111111,0.12244897959183673,0.16,0.15384615384615385,0.031578947368421054,1.0,0.24598930481283424,0.5,0.5897435897435898,0.7391304347826086,0.08021390374331551,0.4,0.46153846153846156,0.8333333333333334,0.0374331550802139,0.2857142857142857,0.2857142857142857,1.0,0.22994652406417113,0.46511627906976744,0.4878048780487805,1.0,0.40641711229946526,0.39473684210526316,0.39473684210526316,0.9666666666666667,0.3333333333333333,0.5714285714285714,0.25,0.09523809523809523,,,0.5238095238095238,0.18181818181818182,1.0,0.24444444444444444,0.6363636363636364,0.2222222222222222,0.5,0.4,0.2777777777777778,0.8823529411764706,0.39473684210526316,0.569798395721925,0.5818153846153845,0.5687177777777778,0.046153846153846156,0.11842105263157894,0.07423580786026202,0.2445414847161572,4.814705882352939,25.163865546218496,0.2937411095305832,,2.0,3.0,0.01680672268907563,0.13333333333333333,,,,,,,,,1.0,0.046511627906976744,,,,,False,1.0
1642277,1610612754,Johnny Furphy,Johnny Furphy,1642277,IND,32491.6,542,-56,1117,1130,205.0,255.0,113.0,2247,36.0,54.0,3.0,7.0,9.0,12.0,4.0,13.0,,1.0,10.0,26.0,2.0,3.0,1.0,7.0,12.0,36.0,,1.0,2.0,7.0,40.0,68.0,22.0,62.0,13.0,159.0,1341,4.0,9.0,2.0,4.0,3.0,17.0,11.0,17.0,3.0,14.0,4.0,35.0,58.0,22.0,63.0,3.0,6.0,36.0,12.0,15.0,28.0,10.0,38.0,10.0,,13.0,9.0,6.0,86.0,11.0,15.0,47.0,46.0,16.0,109.0,28.0,137.0,2.0,18.0,10.0,8.0,9.0,3.0,7.0,15.0,3.0,2.0,,24.0,2.0,4.0,39.0,60.0,2.0,,3.0,21.0,3.0,2.0,26.0,4.0,12.0,3.0,7.0,5.0,2.0,7.0,4.0,33.0,204.0,5.0,2.0,0.725,0.7837837837837838,0.9545454545454546,0.3548387096774194,0.5,0.21428571428571427,0.3548387096774194,0.5882352941176471,0.4444444444444444,0.6470588235294118,0.5615384615384615,0.5384615384615384,0.5,0.5638297872340425,0.53125,0.5,0.47692307692307695,0.22058823529411764,0.14814814814814814,1.0,13.253012048192772,0.375,0.5161290322580645,0.1684981684981685,0.05859375,0.20982142857142858,0.04526748971193416,0.18712273641851107,0.052104208416833664,0.09090909090909091,0.04918032786885246,0.03508771929824561,0.03278688524590164,0.08333333333333333,0.11702127659574468,0.208,0.16666666666666666,0.2,0.24074074074074073,0.0392156862745098,0.5714285714285714,0.4153846153846154,0.6666666666666666,0.782608695652174,0.7222222222222222,0.1,0.3076923076923077,0.5714285714285714,0.75,0.007692307692307693,,,,0.2,0.38461538461538464,0.4,1.0,0.27692307692307694,0.3333333333333333,0.34285714285714286,0.9166666666666666,0.5384615384615384,0.42857142857142855,0.3333333333333333,0.23076923076923078,0.6666666666666666,1.0,0.07692307692307693,,,0.3870967741935484,0.75,0.22580645161290322,0.14285714285714285,0.22580645161290322,0.2857142857142857,0.8923076923076924,0.3333333333333333,0.5793276923076923,0.5073125,0.5535774193548387,0.08695652173913043,0.15789473684210525,0.1069182389937107,0.22012578616352202,2.9882352941176467,25.02741935483871,0.18352730528200537,,2.0,,0.03225806451612903,0.46153846153846156,0.027777777777777776,2.0,,,,1.0,,0.06060606060606061,2.0,0.038461538461538464,,,,,False,
1630679,1610612754,Ethan Thompson,Ethan Thompson,1630679,IND,17435.300000000003,291,-11,594,607,156.0,196.0,57.0,1201,8.0,12.0,2.0,3.0,1.0,2.0,7.0,14.0,1.0,5.0,8.0,24.0,,1.0,2.0,5.0,8.0,28.0,1.0,2.0,1.0,5.0,16.0,31.0,16.0,52.0,6.0,86.0,671,2.0,3.0,1.0,3.0,,7.0,5.0,8.0,3.0,10.0,1.0,20.0,24.0,8.0,48.0,,2.0,28.0,8.0,2.0,16.0,9.0,25.0,8.0,1.0,12.0,4.0,,59.0,5.0,4.0,14.0,11.0,1.0,26.0,9.0,35.0,,11.0,5.0,6.0,6.0,2.0,5.0,5.0,,1.0,1.0,11.0,2.0,,21.0,36.0,1.0,4.0,,14.0,1.0,4.0,9.0,,,1.0,4.0,3.0,1.0,5.0,2.0,20.0,152.0,2.0,1.0,0.75,0.8,1.0,0.3076923076923077,0.3333333333333333,0.3,0.3076923076923077,0.5161290322580645,0.6666666666666666,0.625,0.4819277108433735,0.5833333333333334,0.5277777777777778,0.5,0.5833333333333334,0.5263157894736842,0.6265060240963856,0.06451612903225806,0.16666666666666666,,14.674735249621785,0.5454545454545454,0.06666666666666667,0.08270676691729323,0.02962962962962963,0.11023622047244094,0.030864197530864196,0.09615384615384616,0.030303030303030304,0.02857142857142857,0.014925373134328358,0.06060606060606061,0.04132231404958678,,0.12195121951219512,0.07042253521126761,0.047619047619047616,0.0898876404494382,0.15789473684210525,,0.4,0.14457831325301204,0.6666666666666666,0.8,0.625,0.1686746987951807,0.5,0.5,0.8571428571428571,0.060240963855421686,0.2,0.2,1.0,0.2891566265060241,0.3333333333333333,0.36363636363636365,1.0,0.3373493975903614,0.2857142857142857,0.2962962962962963,1.0,0.5,0.6666666666666666,0.5,0.16666666666666666,,,0.3333333333333333,0.5,1.0,0.1111111111111111,0.5,0.2777777777777778,0.4,0.2777777777777778,0.2,0.7710843373493976,0.2857142857142857,0.5350487951807228,0.5915833333333333,0.5064388888888889,0.023529411764705882,,0.08139534883720931,0.23255813953488372,7.161290322580645,25.15384615384615,0.26262626262626265,,3.0,1.0,0.057692307692307696,,0.03571428571428571,,1.0,1.0,,,,,1.0,0.08333333333333333,2.0,2.0,0.037037037037037035,,False,
1630167,1610612754,Obi Toppin,Obi Toppin,1630167,IND,4741.0,79,-10,167,164,68.0,76.0,18.0,331,8.0,12.0,3.0,5.0,2.0,4.0,4.0,6.0,,1.0,,4.0,,,,2.0,3.0,13.0,,1.0,1.0,6.0,12.0,19.0,3.0,17.0,9.0,42.0,197,3.0,5.0,,1.0,2.0,8.0,2.0,4.0,1.0,8.0,8.0,15.0,10.0,14.0,9.0,,4.0,13.0,3.0,2.0,3.0,1.0,4.0,1.0,,2.0,1.0,,9.0,1.0,2.0,7.0,8.0,1.0,16.0,3.0,19.0,1.0,3.0,2.0,1.0,1.0,3.0,1.0,4.0,,,1.0,5.0,,3.0,5.0,6.0,,,,5.0,,,9.0,1.0,5.0,,,,,,,15.0,68.0,,,0.4166666666666667,0.5,1.0,0.17647058823529413,,0.125,0.17647058823529413,0.631578947368421,0.6,0.5,0.4583333333333333,0.5,0.2916666666666667,0.525,0.5714285714285714,0.46875,0.4722222222222222,0.10526315789473684,0.08333333333333333,,24.06417112299465,0.2,0.25,0.18181818181818182,0.06060606060606061,0.17073170731707318,0.02040816326530612,0.17647058823529413,0.036585365853658534,0.06666666666666667,0.08333333333333333,,0.023809523809523808,,0.1875,0.17391304347826086,0.2,0.10344827586206896,0.3333333333333333,0.05555555555555555,,0.3333333333333333,0.6666666666666666,0.7272727272727273,0.375,0.16666666666666666,0.6666666666666666,0.8,0.5,0.027777777777777776,,,,0.1111111111111111,,,,0.3611111111111111,0.23076923076923078,0.23076923076923078,1.0,0.8333333333333334,0.6,0.3333333333333333,,,,0.16666666666666666,,,0.3333333333333333,0.5,0.16666666666666666,,0.5,0.16666666666666666,0.8055555555555556,0.23076923076923078,0.5449875,0.6451,0.5830041666666667,0.125,0.21739130434782608,0.19047619047619047,0.35714285714285715,5.473684210526316,25.294117647058826,0.40718562874251496,,,,,0.16666666666666666,,,,,,1.0,,,,,,,,,False,
1630643,1610612754,Jay Huff,Jay Huff,1630643,IND,63725.899999999994,1062,-189,2217,2229,495.0,585.0,211.0,4446,83.0,107.0,14.0,18.0,17.0,20.0,15.0,22.0,,,6.0,29.0,,,3.0,7.0,67.0,196.0,8.0,14.0,14.0,38.0,98.0,129.0,73.0,225.0,47.0,462.0,2553,16.0,20.0,8.0,14.0,3.0,59.0,18.0,22.0,17.0,45.0,16.0,103.0,156.0,40.0,219.0,,26.0,196.0,67.0,8.0,38.0,30.0,68.0,17.0,13.0,17.0,13.0,8.0,166.0,27.0,22.0,48.0,89.0,16.0,153.0,51.0,204.0,,31.0,23.0,8.0,15.0,5.0,9.0,24.0,3.0,6.0,3.0,39.0,4.0,8.0,84.0,128.0,,15.0,10.0,62.0,11.0,1.0,54.0,9.0,25.0,6.0,96.0,55.0,41.0,105.0,61.0,101.0,492.0,10.0,3.0,0.7959183673469388,0.9176470588235294,1.0,0.3244444444444444,0.5714285714285714,0.37777777777777777,0.3244444444444444,0.7596899224806202,0.8,0.8181818181818182,0.5861581920903954,0.8235294117647058,0.6492537313432836,0.6127320954907162,0.7972972972972973,0.6776315789473685,0.635593220338983,0.06201550387596899,0.06542056074766354,,16.91176470588235,0.38461538461538464,0.23529411764705882,0.15478260869565216,0.043478260869565216,0.09937888198757763,0.047787610619469026,0.12948960302457466,0.0457516339869281,0.05389221556886228,0.022026431718061675,0.07142857142857142,0.041666666666666664,0.07339449541284404,0.15350877192982457,0.16602316602316602,0.125,0.10704225352112676,0.078125,,0.580952380952381,0.3022598870056497,0.7757009345794392,0.83,0.8072289156626506,0.062146892655367235,0.6818181818181818,0.7142857142857143,0.7333333333333333,,,,,0.08192090395480225,0.20689655172413793,0.20689655172413793,1.0,0.5536723163841808,0.34183673469387754,0.34183673469387754,1.0,0.5294117647058824,0.7777777777777778,0.07142857142857142,,,,0.4117647058823529,0.5714285714285714,1.0,0.29850746268656714,0.85,0.1044776119402985,0.42857142857142855,0.5671641791044776,0.3684210526315789,0.9378531073446328,0.34183673469387754,0.5703206214689268,0.587095,0.5633059701492535,0.07008086253369272,0.1724137931034483,0.1277056277056277,0.22294372294372294,2.646511627906977,26.295555555555545,0.2232746955345061,,,,,0.045454545454545456,,2.0,9.0,5.0,4.0,5.0,1.0,0.043478260869565216,1.0,,1.0,1.0,0.004424778761061947,,False,1.0
1630644,1610612754,Mac McClung,Mac McClung,1630644,IND,952.4,16,-7,35,35,17.0,20.0,8.0,70,,,,,,,1.0,2.0,,,,1.0,,,,1.0,2.0,5.0,,1.0,1.0,3.0,1.0,2.0,2.0,6.0,2.0,10.0,41,1.0,1.0,,1.0,,2.0,1.0,2.0,1.0,4.0,,5.0,2.0,,3.0,3.0,,5.0,2.0,1.0,1.0,,1.0,,,,,1.0,2.0,,,2.0,,,2.0,,2.0,,2.0,1.0,1.0,1.0,,1.0,,,,,1.0,,1.0,2.0,4.0,,,,2.0,,,3.0,,1.0,,1.0,,1.0,1.0,1.0,5.0,17.0,1.0,,1.0,1.0,0.5,0.3333333333333333,,0.25,0.3333333333333333,0.5,1.0,0.5,0.5,0.5,0.4166666666666667,0.5555555555555556,0.5,0.4166666666666667,0.75,0.5,,,20.833333333333336,1.0,,,,0.5,,0.16666666666666666,,,,,,,,,,0.5,,,1.0,,,,,0.25,0.5,1.0,1.0,,,,,0.125,,,,0.625,0.4,0.4,0.5,,,,,,,0.5,,,,,0.16666666666666666,,0.5,0.3333333333333333,0.75,0.4,0.5150874999999999,0.4547,0.5055083333333333,0.2222222222222222,0.3333333333333333,0.2,0.5,8.1,27.21666666666667,0.4857142857142857,,,,,0.5,,,,,,,,,,,,1.0,0.16666666666666666,1.0,False,
1642484,1610612754,RayJ Dennis,RayJ Dennis,1642484,IND,8561.300000000001,143,-38,303,304,112.0,149.0,48.0,607,4.0,9.0,,1.0,3.0,5.0,4.0,18.0,,2.0,,4.0,,1.0,,2.0,10.0,29.0,,2.0,4.0,10.0,8.0,29.0,10.0,33.0,7.0,53.0,328,,2.0,,3.0,2.0,2.0,6.0,15.0,4.0,12.0,5.0,29.0,10.0,6.0,24.0,6.0,,29.0,10.0,1.0,16.0,6.0,22.0,5.0,1.0,12.0,2.0,2.0,50.0,5.0,3.0,6.0,5.0,,11.0,8.0,19.0,2.0,2.0,1.0,1.0,10.0,,8.0,2.0,1.0,2.0,,12.0,,4.0,8.0,12.0,,,,7.0,1.0,1.0,8.0,,1.0,3.0,2.0,,2.0,2.0,1.0,28.0,111.0,,2.0,0.625,0.625,0.8,0.30303030303030304,,0.3333333333333333,0.30303030303030304,0.27586206896551724,,0.4,0.3709677419354839,,0.4444444444444444,0.4015151515151515,0.16666666666666666,0.48333333333333334,0.532258064516129,0.034482758620689655,0.1111111111111111,,21.666666666666668,0.8333333333333334,,0.078125,0.03896103896103896,0.07894736842105263,0.04950495049504951,0.07857142857142857,0.0449438202247191,,0.05128205128205128,0.1111111111111111,0.04819277108433735,0.05555555555555555,0.15789473684210525,0.05555555555555555,,0.09433962264150944,0.043478260869565216,0.047619047619047616,0.5,0.14516129032258066,0.4444444444444444,0.5,0.75,0.2903225806451613,0.2222222222222222,0.2222222222222222,0.5,0.03225806451612903,,,,0.06451612903225806,,,,0.46774193548387094,0.3448275862068966,0.3448275862068966,0.8,0.2,,,0.2,,,0.4,,,0.18518518518518517,0.6,0.07407407407407407,,0.37037037037037035,0.4,0.6774193548387096,0.3448275862068966,0.5066330645161292,0.552975,0.4927814814814815,0.015873015873015872,0.03333333333333333,0.03773584905660377,0.5471698113207547,7.934482758620688,26.181818181818183,0.3696369636963696,,,,,,,,,,,,,,,,,,,,False,
1630164,1610612754,James Wiseman,James Wiseman,1630164,IND,3414.7,57,-6,121,120,26.0,35.0,11.0,241,5.0,7.0,1.0,1.0,1.0,1.0,1.0,2.0,,1.0,,,,,,,,,,,,,6.0,10.0,,,1.0,13.0,124,1.0,1.0,,,,2.0,2.0,2.0,,,,4.0,8.0,4.0,,,2.0,,,1.0,1.0,2.0,3.0,2.0,,1.0,,,8.0,3.0,2.0,,3.0,,3.0,5.0,8.0,,,,,4.0,1.0,,1.0,,4.0,,5.0,2.0,1.0,4.0,10.0,,3.0,,2.0,,,2.0,,1.0,,,,,,,4.0,26.0,1.0,,0.6666666666666666,0.8,,,,,,0.6,1.0,1.0,0.6,1.0,1.0,0.5909090909090909,1.0,1.0,,0.1,0.14285714285714285,,11.940298507462686,0.8,,0.0967741935483871,0.07142857142857142,,0.10344827586206896,0.05263157894736842,0.08771929824561403,0.1111111111111111,0.07692307692307693,,0.09523809523809523,0.125,0.1111111111111111,0.0625,0.16666666666666666,,,,,0.7,0.7142857142857143,0.8333333333333334,0.6,0.2,0.5,0.5,1.0,0.1,,,,,,,,,,,,1.0,1.0,,,,,,,,0.5,1.0,,,,,0.7,,0.5928099999999998,0.5925,0.63895,0.09090909090909091,0.09090909090909091,0.15384615384615385,0.3076923076923077,4.59,,0.21487603305785125,,,,,,,,,,,,,,,,,,,,False,
1642880,1610612754,Kam Jones,Kam Jones,1642880,IND,10790.199999999999,180,-34,378,388,128.0,147.0,27.0,766,9.0,10.0,,,2.0,2.0,9.0,16.0,,,,6.0,,1.0,,3.0,4.0,14.0,,2.0,3.0,6.0,18.0,26.0,4.0,20.0,2.0,50.0,462,,,,3.0,,,7.0,10.0,3.0,9.0,,23.0,14.0,22.0,12.0,,,14.0,4.0,2.0,8.0,12.0,20.0,9.0,3.0,7.0,,1.0,52.0,2.0,3.0,7.0,2.0,,9.0,5.0,14.0,,3.0,3.0,,5.0,1.0,4.0,1.0,,1.0,,6.0,,5.0,4.0,10.0,,,,3.0,,,2.0,,1.0,,,,,,,23.0,128.0,3.0,,0.3888888888888889,0.3888888888888889,1.0,0.2,,0.3333333333333333,0.2,0.6923076923076923,,0.7,0.5217391304347826,,0.6052631578947368,0.5319148936170213,,0.6052631578947368,0.43478260869565216,0.07692307692307693,,,12.990196078431373,0.8333333333333334,,0.02247191011235955,0.04477611940298507,0.08235294117647059,0.020833333333333332,0.05172413793103448,0.03067484662576687,0.08,0.03125,,0.028169014084507043,,,0.047619047619047616,,0.1111111111111111,0.03225806451612903,,,0.21739130434782608,0.9,0.9,0.5555555555555556,0.34782608695652173,0.5625,0.6428571428571429,0.2222222222222222,,,,,0.13043478260869565,,,,0.30434782608695654,0.2857142857142857,0.2857142857142857,1.0,,,,0.3333333333333333,,,0.6666666666666666,,,0.10526315789473684,1.0,0.15789473684210525,,0.3157894736842105,0.5,0.6521739130434783,0.2857142857142857,0.505575,0.5091,0.46653947368421056,0.02127659574468085,0.037037037037037035,,0.46,5.211538461538463,25.910000000000007,0.3386243386243386,,,,,0.125,,,,,,,,,,,,,,,False,
1630695,1610612754,Micah Potter,Micah Potter,1630695,IND,23607.200000000004,393,-37,845,853,280.0,305.0,71.0,1698,18.0,26.0,5.0,8.0,6.0,7.0,6.0,9.0,,2.0,12.0,36.0,,1.0,3.0,13.0,15.0,35.0,1.0,1.0,5.0,13.0,24.0,37.0,27.0,71.0,35.0,164.0,985,5.0,9.0,1.0,2.0,9.0,22.0,9.0,14.0,8.0,26.0,22.0,64.0,36.0,12.0,81.0,,6.0,35.0,15.0,4.0,17.0,14.0,31.0,12.0,2.0,9.0,6.0,2.0,76.0,7.0,10.0,25.0,40.0,8.0,73.0,18.0,91.0,1.0,8.0,6.0,2.0,7.0,2.0,4.0,9.0,,3.0,1.0,16.0,1.0,6.0,22.0,36.0,,2.0,5.0,35.0,9.0,1.0,40.0,1.0,14.0,7.0,7.0,6.0,1.0,7.0,5.0,64.0,275.0,1.0,6.0,0.75,0.8571428571428571,1.0,0.38028169014084506,0.5,0.3076923076923077,0.38028169014084506,0.6486486486486487,0.5555555555555556,0.6428571428571429,0.5972222222222222,0.5909090909090909,0.525,0.640625,0.6875,0.6153846153846154,0.6574074074074074,0.10810810810810811,0.15384615384615385,,15.442764578833694,0.4375,0.36363636363636365,0.19230769230769232,0.055865921787709494,0.14204545454545456,0.035897435897435895,0.16927083333333334,0.045454545454545456,0.047619047619047616,0.05952380952380952,0.0625,0.03731343283582089,0.03278688524590164,0.18072289156626506,0.20408163265306123,0.18518518518518517,0.14393939393939395,0.13636363636363635,0.018867924528301886,0.7142857142857143,0.24074074074074073,0.6923076923076923,0.8181818181818182,0.7777777777777778,0.08333333333333333,0.6666666666666666,0.6666666666666666,0.6666666666666666,0.018518518518518517,,,,0.3333333333333333,0.3333333333333333,0.3333333333333333,1.0,0.32407407407407407,0.42857142857142855,0.42857142857142855,1.0,0.7272727272727273,0.625,0.2,0.09090909090909091,,,0.09090909090909091,1.0,1.0,0.175,0.8571428571428571,0.325,0.23076923076923078,0.325,0.38461538461538464,0.8981481481481481,0.42857142857142855,0.5617203703703703,0.53965,0.54123375,0.11570247933884298,0.28,0.13414634146341464,0.3902439024390244,4.05135135135135,24.450704225352116,0.33136094674556216,,,,,,,1.0,,,,,,0.047619047619047616,1.0,,,,,,False,
1641738,1610612754,Kobe Brown,Kobe Brown,1641738,IND,2816.6,47,24,96,96,29.0,29.0,8.0,192,4.0,6.0,2.0,3.0,,,,1.0,,,1.0,1.0,,,,,,1.0,,,,,4.0,7.0,1.0,2.0,1.0,12.0,104,2.0,3.0,,,1.0,5.0,,1.0,,,1.0,1.0,2.0,6.0,3.0,,4.0,1.0,,1.0,1.0,3.0,4.0,3.0,,1.0,,,11.0,2.0,2.0,6.0,1.0,2.0,9.0,4.0,13.0,1.0,1.0,1.0,,1.0,,1.0,1.0,,,,2.0,,,2.0,7.0,1.0,,,2.0,1.0,,2.0,,,1.0,,,,,,1.0,29.0,,1.0,0.25,0.5,1.0,0.5,,,0.5,0.5714285714285714,0.6666666666666666,,0.6111111111111112,0.6666666666666666,,0.6,0.625,0.25,0.2222222222222222,0.14285714285714285,,,11.538461538461538,0.5,0.5,0.05263157894736842,0.1111111111111111,0.2727272727272727,0.1,0.17073170731707318,0.10526315789473684,0.25,0.1111111111111111,,0.07692307692307693,0.14285714285714285,0.07692307692307693,,,0.375,,0.3333333333333333,,0.6666666666666666,0.6666666666666666,0.6666666666666666,0.25,0.1111111111111111,,,,,,,,0.1111111111111111,1.0,1.0,1.0,0.1111111111111111,,,,1.0,0.6666666666666666,,,,,,,,,,,,,,0.8888888888888888,,0.6679388888888889,0.5945,0.4532,,,0.4166666666666667,0.08333333333333333,1.3142857142857143,24.700000000000003,0.3020833333333333,,,,,1.0,,,,,,,,,,,,,,,False,
1630543,1610612746,Isaiah Jackson,Isaiah Jackson,1630543,LAC,328.0,5,8,9,10,9.0,9.0,2.0,19,1.0,1.0,,,1.0,1.0,1.0,1.0,,,,,,,,,,,,,,,2.0,2.0,,,1.0,5.0,8,,,,,,,2.0,2.0,,,1.0,5.0,4.0,,,,,,,,,,,,,,,,,,,,1.0,,1.0,,1.0,,,,,,,,,,,,,,,,,,,,2.0,,,3.0,1.0,2.0,,,,,,,5.0,9.0,,,1.0,1.0,,,,,,1.0,,1.0,1.0,,1.0,0.8333333333333334,,0.8333333333333334,,,,,27.272727272727273,,,0.3333333333333333,,,,0.2,,,,,,,1.0,,,,,,,0.5,1.0,1.0,1.0,0.5,1.0,1.0,1.0,,,,,,,,,,,,,,,,,,,,,,0.5,1.0,,,,,0.5,,0.56525,,0.56525,0.6666666666666666,0.6666666666666666,,1.0,3.1,,1.0,,,,,,,,,,,,,,,,,,,,True,
1630625,1610612746,Dalano Banton,Dalano Banton,1630625,LAC,328.0,5,8,9,10,9.0,9.0,2.0,19,1.0,1.0,1.0,1.0,1.0,1.0,,,1.0,1.0,,,,,,,,,,,,,2.0,2.0,,,,4.0,8,1.0,1.0,,,,2.0,2.0,2.0,,,,4.0,,4.0,,,2.0,,,,1.0,1.0,2.0,,1.0,1.0,,,5.0,,1.0,,,,,1.0,1.0,,1.0,1.0,,,,,,,,,,,,,,,,,,,,,,,,,,,,,4.0,9.0,,,,,,,,,,1.0,1.0,1.0,1.0,1.0,1.0,1.0,1.0,1.0,,,,,18.181818181818183,,,,0.3333333333333333,,,,0.3333333333333333,1.0,,,,,,,,,,,,0.5,1.0,1.0,,,,,,0.5,1.0,1.0,,,,,,,,,,1.0,1.0,,,,,,,,0.5,1.0,,,,,0.5,,0.5373,0.6635,0.5373,,,0.5,1.0,7.75,,1.0,,,,,,,,,,,,,,,,,,,,True,
1631097,1610612746,Bennedict Mathurin,Bennedict Mathurin,1631097,LAC,328.0,5,8,9,10,9.0,9.0,2.0,19,2.0,2.0,,,2.0,2.0,,,,1.0,,,,,,,,,,,,,2.0,3.0,,,,4.0,8,,,,,,,2.0,3.0,,,,4.0,2.0,2.0,,,,,,,1.0,,1.0,,,1.0,,,2.0,,,,,,,,,,,,,,,,,,,,,,,1.0,2.0,,,,,,,,,,,,,,,,4.0,9.0,,,0.5,0.5,,,,,,0.6666666666666666,,0.6666666666666666,0.6666666666666666,,0.6666666666666666,0.6666666666666666,,0.6666666666666666,,,,,27.272727272727273,,,,,,,,,,,,,,,,,,,,,0.6666666666666666,1.0,1.0,0.5,,,,,0.3333333333333333,,,,,,,,,,,,,,,,,,,,,0.6666666666666666,1.0,,,,,0.6666666666666666,,0.6234333333333334,,0.6234333333333334,,,,1.0,7.333333333333333,,1.0,,,,,,,,,,,,,,,,,,,,True,
1631102,1610612746,TyTy Washington Jr.,TyTy Washington Jr.,1631102,LAC,328.0,5,8,9,10,9.0,9.0,2.0,19,,,,,,,,1.0,,,1.0,1.0,,,1.0,1.0,,,,,,,,1.0,1.0,1.0,,3.0,8,,1.0,,,,,,1.0,1.0,1.0,,3.0,,,3.0,,,,,,1.0,,1.0,,,,1.0,,2.0,,1.0,,,,,1.0,1.0,,,,,,,,,,,,,,,,2.0,,,,,,,,,,,,,,,,3.0,9.0,,,,,1.0,1.0,,1.0,1.0,,,,0.75,,0.75,0.75,,0.75,0.5,,,,18.181818181818183,,,,0.3333333333333333,,,,0.3333333333333333,,,1.0,,,,,,,,,,,,,,0.5,,,,,,,,0.5,1.0,1.0,1.0,,,,,,,,,,,,,,,,0.5,1.0,,,0.5,,0.4427,0.4288,0.4427,,,,1.0,8.6,22.9,1.0,,,,,,,,,,,,,,,,,,,,True,
1642353,1610612746,Cam Christie,Cam Christie,1642353,LAC,328.0,5,8,9,10,9.0,9.0,2.0,19,,1.0,,,,1.0,,,,,,,,,,,,,,,,,,1.0,,,,,8,,,,,,,,1.0,,,,,,,,,,,,,,,,,,,,,,,,,1.0,1.0,2.0,,2.0,,1.0,,1.0,,,,,,,,,,,,,,,,,,,,,,,,,,,,,9.0,,,,,,,,,,,,,,,,,,,,,,,9.090909090909092,,1.0,0.3333333333333333,,,,0.2,,,,,,,,0.5,,,,,,1.0,,,,,,,,,,,,,,,,,,,,,,,,,,,,,1.0,,,,,,1.0,,0.678,,0.678,,,,,2.7,,1.0,,,,,,,,,,,,,,,,,,,,True,
101108,1610612746,Chris Paul,Chris Paul,101108,LAC,13652.100000000002,228,-84,453,461,103.0,79.0,59.0,914,3.0,4.0,,,1.0,1.0,2.0,10.0,3.0,12.0,2.0,4.0,1.0,2.0,,1.0,8.0,26.0,3.0,3.0,1.0,7.0,8.0,26.0,10.0,30.0,1.0,47.0,547,,3.0,4.0,5.0,,12.0,1.0,5.0,1.0,8.0,,5.0,2.0,14.0,15.0,15.0,,26.0,8.0,3.0,28.0,25.0,53.0,21.0,4.0,11.0,15.0,2.0,131.0,5.0,1.0,11.0,10.0,1.0,22.0,6.0,28.0,1.0,11.0,5.0,6.0,12.0,2.0,11.0,4.0,1.0,1.0,1.0,16.0,2.0,6.0,11.0,23.0,,4.0,,7.0,1.0,,2.0,,,,,,,,,5.0,103.0,2.0,,0.125,0.125,0.5,0.3333333333333333,0.8,0.125,0.3333333333333333,0.3076923076923077,,0.2,0.4107142857142857,0.75,0.19230769230769232,0.4107142857142857,0.75,0.19230769230769232,0.5357142857142857,0.11538461538461539,0.25,,13.926499032882012,0.75,0.1,0.10416666666666667,0.008849557522123894,0.10185185185185185,0.04310344827586207,0.10294117647058823,0.026200873362445413,0.03225806451612903,,,0.0449438202247191,0.037037037037037035,0.13333333333333333,0.046511627906976744,0.17391304347826086,0.08333333333333333,0.16666666666666666,0.029411764705882353,,0.07142857142857142,0.75,1.0,0.3333333333333333,0.17857142857142858,0.2,0.25,,0.21428571428571427,0.25,0.25,,0.07142857142857142,0.5,0.5,0.5,0.4642857142857143,0.3076923076923077,0.3076923076923077,0.5,,,,0.25,0.5,,0.375,1.0,1.0,0.07692307692307693,1.0,0.07692307692307693,,0.5384615384615384,0.14285714285714285,0.6071428571428571,0.3076923076923077,0.48952232142857144,0.40619999999999995,0.46461923076923084,,,0.2553191489361702,0.10638297872340426,11.62692307692308,26.053333333333335,0.22737306843267108,,,1.0,,0.2,,,,,,,,,,,,,,,False,
1627739,1610612746,Kris Dunn,Kris Dunn,1627739,LAC,88906.5,1482,-26,2937,2960,612.0,515.0,305.0,5897,54.0,74.0,5.0,9.0,13.0,17.0,46.0,96.0,3.0,11.0,28.0,66.0,1.0,4.0,3.0,10.0,30.0,90.0,3.0,11.0,4.0,16.0,103.0,181.0,58.0,156.0,51.0,431.0,3459,10.0,21.0,4.0,15.0,2.0,34.0,21.0,38.0,7.0,26.0,16.0,79.0,106.0,100.0,174.0,,10.0,90.0,30.0,12.0,114.0,71.0,185.0,35.0,36.0,62.0,43.0,9.0,441.0,22.0,19.0,63.0,51.0,1.0,115.0,41.0,156.0,5.0,80.0,48.0,32.0,45.0,10.0,36.0,30.0,3.0,9.0,2.0,75.0,4.0,6.0,64.0,132.0,,4.0,5.0,58.0,3.0,6.0,65.0,7.0,29.0,7.0,8.0,1.0,7.0,8.0,4.0,77.0,607.0,13.0,6.0,0.5145631067961165,0.5408163265306123,1.0,0.3717948717948718,0.26666666666666666,0.2692307692307692,0.3717948717948718,0.569060773480663,0.47619047619047616,0.5526315789473685,0.5637982195845698,0.4444444444444444,0.4921875,0.5887978142076503,0.4594594594594595,0.541095890410959,0.4629080118694362,0.06629834254143646,0.06756756756756757,,13.359588003635263,0.6,0.020833333333333332,0.07369942196531792,0.029275808936825885,0.08762169680111266,0.0334855403348554,0.08079376328844791,0.03139356814701378,0.02857142857142857,0.02997275204359673,0.028037383177570093,0.03505154639175258,0.029069767441860465,0.0825242718446602,0.05817174515235457,0.104,0.08395522388059702,0.09836065573770492,0.03048780487804878,0.5,0.2195845697329377,0.7297297297297297,0.782608695652174,0.5370370370370371,0.28486646884273,0.4791666666666667,0.5168539325842697,0.4782608695652174,0.032640949554896145,0.2727272727272727,0.2727272727272727,0.6666666666666666,0.19584569732937684,0.42424242424242425,0.42424242424242425,1.0,0.26706231454005935,0.3333333333333333,0.3333333333333333,1.0,0.25,0.5555555555555556,0.2,0.1111111111111111,0.25,1.0,0.3055555555555556,0.2727272727272727,1.0,0.265625,0.7647058823529411,0.15625,0.3,0.25,0.25,0.6824925816023739,0.3333333333333333,0.5383541543026709,0.521182,0.5371820312500002,0.0807799442896936,0.14285714285714285,0.07888631090487239,0.18329466357308585,6.091712707182321,24.85641025641026,0.2083758937691522,,,,,0.07291666666666667,,,,,,,,,2.0,,,,,,False,
1627826,1610612746,Ivica Zubac,Ivica Zubac,1627826,LAC,79707.30000000002,1328,-2,2666,2661,573.0,460.0,305.0,5327,171.0,241.0,59.0,100.0,36.0,52.0,91.0,186.0,1.0,2.0,,,,,,,,,,,,,263.0,429.0,,,93.0,619.0,3136,71.0,123.0,,,34.0,176.0,56.0,93.0,,,52.0,164.0,350.0,176.0,,,100.0,,,30.0,60.0,36.0,96.0,27.0,9.0,44.0,11.0,5.0,228.0,43.0,105.0,153.0,158.0,14.0,325.0,148.0,473.0,26.0,16.0,11.0,5.0,45.0,8.0,20.0,37.0,6.0,25.0,6.0,82.0,5.0,21.0,62.0,105.0,,9.0,15.0,134.0,37.0,2.0,132.0,18.0,55.0,20.0,33.0,15.0,17.0,36.0,20.0,162.0,572.0,6.0,18.0,0.6653992395437263,0.8215962441314554,,,,,,0.6130536130536131,0.5772357723577236,0.6021505376344086,0.6130536130536131,0.5772357723577236,0.6021505376344086,0.6368312757201646,0.6153846153846154,0.656,,0.06993006993006994,0.07468879668049792,,18.708827404479578,0.5487804878048781,0.25925925925925924,0.2383107088989442,0.16380655226209048,0.2401883830455259,0.07719928186714542,0.23923076923076922,0.12353923205342238,0.22857142857142856,0.15489130434782608,0.08163265306122448,0.061068702290076333,0.11585365853658537,0.1891891891891892,0.25,0.27611940298507465,0.26326530612244897,0.16326530612244897,0.19117647058823528,0.5555555555555556,0.5617715617715617,0.7095435684647303,0.7668161434977578,0.6257309941520468,0.43356643356643354,0.489247311827957,0.5229885057471264,0.7362637362637363,0.004662004662004662,0.5,0.5,1.0,,,,,,,,,0.8130081300813008,0.59,0.11864406779661017,,,,,,,0.5591397849462365,0.6923076923076923,,,,,0.5617715617715617,,0.5532417249417249,0.5907979797979799,0.5660763440860215,0.11802575107296137,0.11802575107296137,0.284329563812601,0.2649434571890145,4.03752913752914,,0.21492873218304576,1.0,,,,0.06451612903225806,,,3.0,3.0,,,,,,,,,,,False,2.0
1627884,1610612746,Derrick Jones Jr.,Derrick Jones Jr.,1627884,LAC,32735.4,546,2,1090,1087,280.0,201.0,112.0,2177,43.0,53.0,11.0,14.0,12.0,12.0,8.0,23.0,1.0,2.0,15.0,36.0,2.0,3.0,4.0,10.0,13.0,34.0,,1.0,2.0,6.0,52.0,78.0,28.0,70.0,31.0,219.0,1288,12.0,16.0,2.0,4.0,3.0,33.0,16.0,19.0,6.0,16.0,8.0,58.0,74.0,30.0,84.0,,16.0,34.0,13.0,9.0,14.0,13.0,27.0,9.0,4.0,8.0,5.0,1.0,67.0,8.0,9.0,24.0,15.0,,39.0,17.0,56.0,3.0,19.0,10.0,9.0,11.0,2.0,6.0,6.0,,5.0,,17.0,1.0,4.0,23.0,44.0,2.0,1.0,2.0,38.0,2.0,6.0,40.0,12.0,24.0,,21.0,8.0,10.0,24.0,14.0,58.0,280.0,1.0,,0.7115384615384616,0.8409090909090909,1.0,0.4,0.5,0.375,0.4,0.6666666666666666,0.75,0.8421052631578947,0.6351351351351351,0.75,0.7142857142857143,0.6801242236024845,0.825,0.7631578947368421,0.47297297297297297,0.11538461538461539,0.03773584905660377,,14.566284779050736,0.6470588235294118,,0.055762081784386616,0.036885245901639344,0.09716599190283401,0.03319502074688797,0.0755813953488372,0.03505154639175258,0.03125,0.0425531914893617,0.02564102564102564,0.03664921465968586,0.02,0.056338028169014086,0.0457516339869281,0.08888888888888889,0.08854166666666667,0.12727272727272726,0.05084745762711865,0.5833333333333334,0.3581081081081081,0.8113207547169812,0.8431372549019608,0.6744186046511628,0.1554054054054054,0.34782608695652173,0.5,0.875,0.013513513513513514,0.5,0.5,1.0,0.24324324324324326,0.4166666666666667,0.4166666666666667,1.0,0.22972972972972974,0.38235294117647056,0.38235294117647056,1.0,0.7,0.7857142857142857,0.18181818181818182,0.15,0.6666666666666666,1.0,0.05,,,0.34285714285714286,1.0,0.2857142857142857,0.4,0.17142857142857143,0.3333333333333333,0.831081081081081,0.38235294117647056,0.5662141891891892,0.6204458333333333,0.5836957142857142,0.16149068322981366,0.26666666666666666,0.1506849315068493,0.2648401826484018,3.967948717948718,24.831428571428575,0.25688073394495414,3.0,,,,0.30434782608695654,,,3.0,2.0,1.0,,,,,,,2.0,0.028169014084507043,1.0,False,
1628381,1610612746,John Collins,John Collins,1628381,LAC,85536.10000000002,1426,-2,2851,2856,637.0,492.0,320.0,5707,139.0,179.0,32.0,40.0,25.0,33.0,61.0,124.0,5.0,20.0,52.0,109.0,6.0,10.0,10.0,21.0,19.0,56.0,,1.0,7.0,17.0,205.0,323.0,71.0,165.0,83.0,706.0,3316,40.0,55.0,6.0,11.0,11.0,109.0,40.0,65.0,17.0,38.0,34.0,165.0,302.0,108.0,213.0,,56.0,56.0,19.0,35.0,24.0,23.0,47.0,13.0,10.0,15.0,6.0,3.0,117.0,38.0,30.0,93.0,83.0,12.0,188.0,72.0,260.0,5.0,41.0,24.0,17.0,34.0,3.0,14.0,34.0,5.0,20.0,2.0,68.0,9.0,12.0,77.0,133.0,4.0,7.0,11.0,104.0,14.0,1.0,106.0,19.0,50.0,11.0,37.0,20.0,17.0,40.0,24.0,165.0,632.0,2.0,11.0,0.7365853658536585,0.8531073446327684,1.0,0.4303030303030303,0.5454545454545454,0.4473684210526316,0.4303030303030303,0.6346749226006192,0.7272727272727273,0.6153846153846154,0.6383196721311475,0.7424242424242424,0.6359223300970874,0.6650943396226415,0.7676056338028169,0.6653225806451613,0.33811475409836067,0.10835913312693499,0.07262569832402235,0.05,18.491032776747062,0.5,0.23529411764705882,0.12134502923976608,0.046153846153846156,0.1311706629055007,0.06041335453100159,0.12634601579325197,0.053166536356528536,0.07777777777777778,0.029490616621983913,0.05154639175257732,0.05708245243128964,0.07051282051282051,0.11855670103092783,0.11666666666666667,0.13846153846153847,0.1412639405204461,0.09941520467836257,0.02857142857142857,0.6,0.3668032786885246,0.776536312849162,0.8373493975903614,0.7122302158273381,0.2540983606557377,0.49193548387096775,0.5922330097087378,0.7868852459016393,0.040983606557377046,0.25,0.2631578947368421,0.8,0.22336065573770492,0.47706422018348627,0.47706422018348627,1.0,0.11475409836065574,0.3392857142857143,0.3392857142857143,1.0,0.6060606060606061,0.8,0.1875,0.15151515151515152,0.6,1.0,0.015151515151515152,,,0.32038834951456313,0.7575757575757576,0.20388349514563106,0.47619047619047616,0.1650485436893204,0.4117647058823529,0.7049180327868853,0.3392857142857143,0.5546476434426234,0.568565277777778,0.539414077669903,0.09826589595375723,0.14124293785310735,0.15439093484419264,0.23371104815864022,5.047368421052631,24.236363636363638,0.22343037530690985,,,2.0,,0.1693548387096774,,4.0,3.0,2.0,1.0,2.0,,0.07547169811320754,2.0,,1.0,1.0,0.006060606060606061,1.0,False,1.0
202695,1610612746,Kawhi Leonard,Kawhi Leonard,202695,LAC,80639.3,1344,132,2657,2668,463.0,342.0,279.0,5325,85.0,111.0,13.0,19.0,11.0,17.0,139.0,275.0,63.0,135.0,12.0,33.0,1.0,2.0,3.0,9.0,98.0,254.0,7.0,23.0,15.0,46.0,287.0,521.0,110.0,287.0,239.0,1143.0,3068,30.0,47.0,8.0,25.0,24.0,108.0,45.0,77.0,18.0,55.0,65.0,209.0,202.0,372.0,189.0,141.0,30.0,254.0,98.0,22.0,79.0,72.0,151.0,46.0,26.0,45.0,28.0,6.0,374.0,20.0,24.0,91.0,110.0,19.0,220.0,44.0,264.0,22.0,86.0,56.0,30.0,54.0,14.0,24.0,34.0,4.0,30.0,4.0,88.0,4.0,15.0,21.0,51.0,5.0,3.0,5.0,205.0,5.0,,262.0,29.0,113.0,20.0,17.0,7.0,8.0,21.0,11.0,207.0,459.0,5.0,18.0,0.3519163763066202,0.3713235294117647,0.5727272727272728,0.3832752613240418,0.32,0.32727272727272727,0.3832752613240418,0.5508637236084453,0.6382978723404256,0.5844155844155844,0.5594059405940595,0.5833333333333334,0.5454545454545454,0.6194111232279171,0.6506024096385542,0.6303030303030303,0.3551980198019802,0.04222648752399232,0.07207207207207207,0.014814814814814815,33.5559265442404,0.6136363636363636,0.36538461538461536,0.1676829268292683,0.040955631399317405,0.1419656786271451,0.03333333333333333,0.15497301464919044,0.03709949409780776,0.07352941176470588,0.04154302670623145,,0.0365296803652968,0.024691358024691357,0.18716577540106952,0.15625,0.17094017094017094,0.14035087719298245,0.14594594594594595,0.056847545219638244,0.5238095238095238,0.1373762376237624,0.7657657657657657,0.8252427184466019,0.4235294117647059,0.34034653465346537,0.5054545454545455,0.5285171102661597,0.26618705035971224,0.1670792079207921,0.4666666666666667,0.47368421052631576,0.4444444444444444,0.04084158415841584,0.36363636363636365,0.375,0.8333333333333334,0.31435643564356436,0.3858267716535433,0.3858267716535433,0.5408163265306123,0.2638888888888889,0.6842105263157895,,0.027777777777777776,0.5,,0.3194444444444444,0.30434782608695654,0.7142857142857143,0.12878787878787878,0.6470588235294118,0.06818181818181818,0.3333333333333333,0.3484848484848485,0.32608695652173914,0.49257425742574257,0.3858267716535433,0.5048318688118815,0.523448888888889,0.4957325757575758,0.1326644370122631,0.18677685950413223,0.09448818897637795,0.18285214348206474,9.852207293666025,25.798954703832734,0.17425668046669177,2.0,1.0,7.0,0.003484320557491289,0.04363636363636364,,,4.0,2.0,2.0,,,,,0.030303030303030304,,6.0,0.02054794520547945,1.0,False,
201935,1610612746,James Harden,James Harden,201935,LAC,93557.40000000002,1559,20,3133,3141,942.0,785.0,335.0,6274,99.0,149.0,2.0,3.0,39.0,56.0,70.0,180.0,19.0,53.0,4.0,22.0,3.0,6.0,2.0,8.0,131.0,367.0,10.0,30.0,45.0,136.0,188.0,382.0,135.0,389.0,337.0,1118.0,3749,11.0,20.0,13.0,36.0,21.0,82.0,62.0,131.0,47.0,144.0,128.0,393.0,46.0,330.0,159.0,246.0,2.0,367.0,131.0,53.0,230.0,128.0,358.0,80.0,48.0,141.0,76.0,13.0,844.0,15.0,11.0,75.0,93.0,17.0,185.0,27.0,212.0,14.0,57.0,24.0,33.0,125.0,18.0,88.0,37.0,3.0,37.0,2.0,162.0,3.0,49.0,38.0,82.0,3.0,8.0,7.0,230.0,5.0,2.0,374.0,19.0,116.0,19.0,12.0,5.0,7.0,16.0,8.0,389.0,938.0,7.0,17.0,0.12234042553191489,0.12299465240641712,0.3925925925925926,0.34704370179948585,0.3611111111111111,0.3263888888888889,0.34704370179948585,0.49214659685863876,0.55,0.4732824427480916,0.506485084306096,0.5446428571428571,0.4818181818181818,0.6011969532100109,0.640625,0.5853293413173652,0.5045395590142672,0.1387434554973822,0.1610738255033557,0.018867924528301886,30.605889014722536,0.7716049382716049,0.24285714285714285,0.12449799196787148,0.017001545595054096,0.10445682451253482,0.02029769959404601,0.11467576791808874,0.01875901875901876,0.0053475935828877,0.021739130434782608,0.021739130434782608,0.019855595667870037,0.021621621621621623,0.08928571428571429,0.13740458015267176,0.14615384615384616,0.10036496350364964,0.11764705882352941,0.03713527851458886,0.5,0.1932555123216602,0.6644295302013423,0.792,0.16161616161616163,0.23346303501945526,0.3888888888888889,0.4605263157894737,0.07142857142857142,0.06874189364461739,0.3584905660377358,0.36538461538461536,0.10526315789473684,0.028534370946822308,0.18181818181818182,0.19047619047619047,0.25,0.47600518806744485,0.3569482288828338,0.3628808864265928,0.3969465648854962,0.05357142857142857,0.6666666666666666,,0.10714285714285714,0.5,0.3333333333333333,0.5357142857142857,0.3333333333333333,0.8,0.20363636363636364,0.6964285714285714,0.02909090909090909,0.25,0.49454545454545457,0.33088235294117646,0.6977950713359273,0.3569482288828338,0.5101733766233767,0.47691296296296287,0.49524599999999996,0.17371937639198218,0.24217118997912318,0.07334525939177101,0.35152057245080504,6.825130890052357,26.517480719794346,0.3006702840727737,,7.0,14.0,0.017994858611825194,0.15555555555555556,0.01634877384196185,1.0,4.0,3.0,1.0,,,0.020833333333333332,1.0,0.045454545454545456,,42.0,0.0954653937947494,10.0,False,
203992,1610612746,Bogdan Bogdanović,Bogdan Bogdanović,203992,LAC,22321.699999999997,372,-21,728,729,233.0,244.0,79.0,1457,8.0,16.0,,1.0,2.0,5.0,9.0,21.0,4.0,10.0,5.0,10.0,,,2.0,2.0,19.0,64.0,2.0,7.0,5.0,14.0,21.0,47.0,24.0,74.0,16.0,130.0,852,,3.0,2.0,7.0,,6.0,7.0,14.0,7.0,16.0,5.0,40.0,10.0,32.0,42.0,30.0,,64.0,19.0,5.0,16.0,28.0,44.0,18.0,10.0,10.0,6.0,,116.0,3.0,2.0,31.0,10.0,1.0,42.0,5.0,47.0,2.0,8.0,5.0,3.0,18.0,,13.0,4.0,2.0,5.0,,22.0,1.0,6.0,23.0,40.0,,4.0,1.0,22.0,3.0,1.0,19.0,1.0,9.0,1.0,1.0,,1.0,1.0,,40.0,233.0,2.0,1.0,0.23809523809523808,0.23809523809523808,0.5833333333333334,0.32432432432432434,0.2857142857142857,0.4375,0.32432432432432434,0.44680851063829785,,0.5,0.47107438016528924,0.3,0.5833333333333334,0.5,0.3,0.6060606060606061,0.6115702479338843,0.10638297872340426,0.125,,18.514007308160778,0.8181818181818182,0.047619047619047616,0.055248618784530384,0.014184397163120567,0.16230366492146597,0.016304347826086956,0.11021505376344086,0.015384615384615385,,0.024390243902439025,,0.02054794520547945,,0.0847457627118644,0.05747126436781609,,0.17647058823529413,0.10526315789473684,0.029411764705882353,,0.1322314049586777,0.5,0.5714285714285714,0.125,0.17355371900826447,0.42857142857142855,0.5,0.3333333333333333,0.08264462809917356,0.4,0.4,0.25,0.08264462809917356,0.5,0.5,1.0,0.5289256198347108,0.296875,0.30158730158730157,0.47368421052631576,0.1,,,,,,0.7,0.2857142857142857,0.5,0.16666666666666666,0.4,0.06666666666666667,1.0,0.4666666666666667,0.35714285714285715,0.743801652892562,0.296875,0.5168297520661158,0.479325,0.5023483333333334,0.06976744186046512,0.16363636363636364,0.046153846153846156,0.3076923076923077,8.64468085106383,26.148648648648656,0.32005494505494503,,1.0,,0.013513513513513514,0.14285714285714285,0.015625,,,,,,,,1.0,,,,,,False,
1641757,1610612746,Jordan Miller,Jordan Miller,1641757,LAC,39104.100000000006,652,-5,1291,1308,412.0,337.0,139.0,2599,48.0,71.0,7.0,12.0,22.0,29.0,25.0,54.0,5.0,6.0,7.0,23.0,1.0,2.0,2.0,4.0,18.0,47.0,1.0,3.0,3.0,11.0,78.0,131.0,25.0,70.0,70.0,301.0,1492,8.0,17.0,2.0,5.0,16.0,38.0,30.0,50.0,5.0,15.0,25.0,100.0,70.0,86.0,75.0,,12.0,47.0,18.0,24.0,27.0,27.0,54.0,9.0,18.0,16.0,9.0,2.0,135.0,11.0,16.0,44.0,29.0,2.0,75.0,31.0,106.0,5.0,23.0,17.0,6.0,26.0,7.0,12.0,13.0,1.0,14.0,,39.0,2.0,11.0,20.0,32.0,,2.0,2.0,58.0,1.0,,89.0,3.0,42.0,4.0,5.0,1.0,4.0,5.0,4.0,100.0,409.0,2.0,4.0,0.44871794871794873,0.4861111111111111,1.0,0.35714285714285715,0.4,0.3333333333333333,0.35714285714285715,0.5954198473282443,0.47058823529411764,0.6,0.5746268656716418,0.5,0.5769230769230769,0.6168032786885246,0.6129032258064516,0.625,0.3482587064676617,0.183206106870229,0.15492957746478872,,19.343814080656184,0.6666666666666666,0.0625,0.0926517571884984,0.056140350877192984,0.13333333333333333,0.040740740740740744,0.11353032659409021,0.04864864864864865,0.07865168539325842,0.06040268456375839,,0.046153846153846156,0.02666666666666667,0.11,0.06790123456790123,0.13725490196078433,0.1450980392156863,0.09333333333333334,0.06944444444444445,0.8,0.35323383084577115,0.676056338028169,0.8,0.4791666666666667,0.26865671641791045,0.46296296296296297,0.6097560975609756,0.44,0.029850746268656716,0.8333333333333334,0.8333333333333334,0.2,0.11442786069651742,0.30434782608695654,0.3181818181818182,1.0,0.23383084577114427,0.3829787234042553,0.391304347826087,1.0,0.5454545454545454,0.5833333333333334,0.14285714285714285,0.09090909090909091,0.5,1.0,0.13636363636363635,0.3333333333333333,1.0,0.4461538461538462,0.7586206896551724,0.06153846153846154,0.5,0.16923076923076924,0.2727272727272727,0.7014925373134329,0.3829787234042553,0.53862475,0.5466906250000001,0.549203125,0.175,0.24705882352941178,0.12624584717607973,0.33222591362126247,4.926717557251909,25.57142857142857,0.31913245546088304,,2.0,,0.02857142857142857,0.24074074074074073,0.02127659574468085,4.0,,,,,,0.10256410256410256,1.0,0.043478260869565216,,,,,False,
201587,1610612746,Nicolas Batum,Nicolas Batum,201587,LAC,59496.799999999996,992,-19,1990,1988,696.0,540.0,221.0,3978,1.0,2.0,,1.0,,1.0,1.0,2.0,2.0,5.0,35.0,82.0,2.0,5.0,15.0,25.0,34.0,93.0,2.0,8.0,7.0,23.0,4.0,9.0,69.0,175.0,9.0,224.0,2326,,1.0,4.0,13.0,2.0,14.0,2.0,5.0,22.0,48.0,8.0,78.0,6.0,2.0,207.0,,,93.0,34.0,,22.0,20.0,42.0,11.0,9.0,8.0,13.0,1.0,104.0,11.0,8.0,48.0,57.0,10.0,115.0,19.0,134.0,2.0,37.0,24.0,13.0,20.0,5.0,17.0,14.0,1.0,3.0,2.0,34.0,2.0,6.0,35.0,79.0,,6.0,4.0,8.0,3.0,,11.0,,1.0,3.0,18.0,10.0,8.0,19.0,8.0,78.0,692.0,7.0,2.0,0.75,0.75,1.0,0.3942857142857143,0.3076923076923077,0.4583333333333333,0.3942857142857143,0.4444444444444444,,0.4,0.5842391304347826,0.42857142857142855,0.660377358490566,0.5925925925925926,0.4666666666666667,0.6842105263157895,0.9510869565217391,,,,9.831709477413641,0.5882352941176471,0.20408163265306123,0.11377245508982035,0.019559902200488997,0.10572687224669604,0.021611001964636542,0.1099476439790576,0.020697167755991286,0.03571428571428571,0.008888888888888889,0.027777777777777776,0.023376623376623377,0.016129032258064516,0.06369426751592357,0.13545816733067728,0.13978494623655913,0.08857142857142856,0.16346153846153846,0.01834862385321101,0.42105263157894735,0.010869565217391304,0.5,0.5,,0.010869565217391304,0.5,0.5,1.0,0.02717391304347826,0.4,0.4,1.0,0.44565217391304346,0.4268292682926829,0.4268292682926829,1.0,0.5054347826086957,0.3655913978494624,0.3695652173913043,1.0,0.07142857142857142,,,0.35714285714285715,0.4,1.0,0.5714285714285714,0.25,1.0,0.018867924528301886,,0.4716981132075472,0.6,0.4339622641509434,0.30434782608695654,0.9619565217391305,0.3655913978494624,0.5491203804347827,0.5564000000000001,0.541038679245283,0.010752688172043012,0.1,0.0625,0.3482142857142857,12.0,24.593142857142855,0.349748743718593,,1.0,,0.005714285714285714,,0.010752688172043012,,1.0,,1.0,1.0,,,,,,1.0,0.005681818181818182,,False,
201572,1610612746,Brook Lopez,Brook Lopez,201572,LAC,52430.8,874,-4,1718,1724,442.0,352.0,155.0,3442,14.0,24.0,2.0,7.0,2.0,3.0,27.0,57.0,1.0,9.0,16.0,35.0,,2.0,6.0,14.0,53.0,163.0,2.0,11.0,12.0,35.0,42.0,90.0,69.0,198.0,29.0,320.0,1966,2.0,8.0,2.0,13.0,,10.0,6.0,17.0,18.0,49.0,4.0,70.0,58.0,26.0,207.0,,4.0,163.0,53.0,10.0,19.0,27.0,46.0,18.0,9.0,11.0,5.0,3.0,119.0,9.0,7.0,41.0,63.0,4.0,108.0,16.0,124.0,2.0,25.0,13.0,12.0,15.0,3.0,7.0,23.0,1.0,8.0,2.0,38.0,5.0,11.0,48.0,81.0,1.0,6.0,12.0,48.0,2.0,2.0,34.0,4.0,17.0,2.0,50.0,35.0,15.0,50.0,27.0,70.0,440.0,7.0,2.0,0.6904761904761905,0.725,1.0,0.3484848484848485,0.15384615384615385,0.3673469387755102,0.3484848484848485,0.4666666666666667,0.25,0.35294117647058826,0.5052083333333334,0.23809523809523808,0.5,0.528052805280528,0.23809523809523808,0.5072463768115942,0.6875,0.1111111111111111,0.125,,17.937927406628088,0.39473684210526316,0.10810810810810811,0.15180722891566265,0.020958083832335328,0.09339407744874716,0.020642201834862386,0.12177985948477751,0.02077922077922078,0.03488372093023256,0.015873015873015872,0.01694915254237288,0.011730205278592375,0.05263157894736842,0.13768115942028986,0.1761904761904762,0.1044776119402985,0.09696969696969697,0.08256880733944955,0.011976047904191617,0.54,0.08333333333333333,0.5833333333333334,0.6666666666666666,0.6428571428571429,0.19791666666666666,0.47368421052631576,0.54,0.7037037037037037,0.03125,0.1111111111111111,0.1111111111111111,1.0,0.12152777777777778,0.45714285714285713,0.45714285714285713,1.0,0.5659722222222222,0.32515337423312884,0.32515337423312884,1.0,0.3333333333333333,0.2857142857142857,,0.09523809523809523,,,0.5238095238095238,0.18181818181818182,1.0,0.045454545454545456,0.6666666666666666,0.21212121212121213,0.42857142857142855,0.5303030303030303,0.34285714285714286,0.7708333333333334,0.32515337423312884,0.517697048611111,0.5456307692307693,0.5005090909090909,0.05647840531561462,0.1650485436893204,0.03125,0.21875,7.6855555555555535,26.52020202020201,0.2572759022118743,,,,,0.12280701754385964,,,,,,1.0,,,3.0,,,,,,False,1.0
203078,1610612746,Bradley Beal,Bradley Beal,203078,LAC,7255.0,121,-23,243,243,33.0,26.0,22.0,486,6.0,9.0,,1.0,1.0,1.0,2.0,12.0,3.0,8.0,1.0,4.0,1.0,1.0,,,6.0,15.0,,1.0,1.0,2.0,11.0,29.0,7.0,19.0,6.0,49.0,316,1.0,2.0,1.0,2.0,,5.0,1.0,3.0,1.0,2.0,2.0,7.0,16.0,6.0,21.0,,,15.0,6.0,1.0,7.0,3.0,10.0,2.0,1.0,6.0,1.0,,23.0,1.0,1.0,2.0,1.0,,3.0,2.0,5.0,1.0,3.0,2.0,1.0,8.0,,6.0,1.0,,2.0,,9.0,,,7.0,14.0,,1.0,1.0,11.0,1.0,2.0,8.0,,4.0,,,,,,,7.0,33.0,,,0.7272727272727273,0.7272727272727273,1.0,0.3684210526315789,0.5,0.5,0.3684210526315789,0.3793103448275862,0.5,0.3333333333333333,0.4479166666666667,0.625,0.5,0.47115384615384615,0.625,0.5833333333333334,0.3958333333333333,0.034482758620689655,0.1111111111111111,,22.761194029850746,0.8888888888888888,,0.018518518518518517,0.02,0.03333333333333333,0.0196078431372549,0.02631578947368421,0.019801980198019802,,0.03225806451612903,,0.024390243902439025,,,0.034482758620689655,,0.041666666666666664,,0.034482758620689655,,0.1875,0.6666666666666666,0.75,0.6666666666666666,0.25,0.16666666666666666,0.16666666666666666,0.5,0.16666666666666666,0.375,0.375,1.0,0.08333333333333333,0.25,0.25,1.0,0.3125,0.4,0.4,1.0,0.25,,,0.25,1.0,1.0,0.25,,,0.2,1.0,,,0.4,0.5,0.5833333333333334,0.4,0.5163354166666667,0.5190333333333333,0.53982,0.07692307692307693,0.12121212121212122,0.10204081632653061,0.14285714285714285,10.13448275862069,25.310526315789474,0.13580246913580246,,,,,,,,,,,,,,,,,,,,False,
1641738,1610612746,Kobe Brown,Kobe Brown,1641738,LAC,17676.0,295,-82,577,594,213.0,186.0,64.0,1171,17.0,24.0,2.0,4.0,4.0,5.0,3.0,9.0,,2.0,4.0,16.0,,,1.0,8.0,9.0,33.0,,2.0,1.0,9.0,20.0,35.0,13.0,49.0,21.0,100.0,696,2.0,7.0,,2.0,9.0,13.0,5.0,9.0,2.0,17.0,13.0,29.0,20.0,20.0,36.0,3.0,2.0,33.0,9.0,8.0,20.0,7.0,27.0,5.0,2.0,15.0,5.0,,61.0,11.0,6.0,19.0,11.0,5.0,35.0,18.0,53.0,4.0,9.0,5.0,4.0,14.0,,10.0,1.0,,4.0,,15.0,,8.0,6.0,16.0,,,1.0,24.0,3.0,2.0,26.0,,9.0,4.0,2.0,1.0,1.0,2.0,2.0,29.0,212.0,1.0,4.0,0.5,0.5263157894736842,0.9230769230769231,0.2653061224489796,,0.11764705882352941,0.2653061224489796,0.5714285714285714,0.2857142857142857,0.5555555555555556,0.47023809523809523,0.2222222222222222,0.3076923076923077,0.5154639175257731,0.4642857142857143,0.4393939393939394,0.5833333333333334,0.22857142857142856,0.20833333333333334,,17.04718417047184,0.9333333333333333,0.3333333333333333,0.08527131782945736,0.04838709677419355,0.12751677852348994,0.08396946564885496,0.1079136690647482,0.06666666666666667,0.07692307692307693,0.03225806451612903,0.043478260869565216,0.09433962264150944,0.04,0.06060606060606061,0.09210526315789473,0.1,0.13793103448275862,0.09090909090909091,0.0975609756097561,1.0,0.2857142857142857,0.7083333333333334,0.8947368421052632,0.5882352941176471,0.10714285714285714,0.3333333333333333,0.5,,0.023809523809523808,,,,0.19047619047619047,0.25,0.25,1.0,0.39285714285714285,0.2727272727272727,0.28125,0.8888888888888888,0.4444444444444444,0.5,0.5,,,,0.2222222222222222,,,0.19230769230769232,0.8,0.3076923076923077,0.125,0.34615384615384615,0.1111111111111111,0.8690476190476191,0.2727272727272727,0.5418083333333333,0.5580875000000001,0.5339730769230769,0.0967741935483871,0.20454545454545456,0.13,0.29,4.025714285714285,25.255102040816322,0.36915077989601386,,1.0,,0.02040816326530612,0.3333333333333333,0.030303030303030304,1.0,,,,,,0.07142857142857142,,,1.0,,,,False,
1642353,1610612746,Cam Christie,Cam Christie,1642353,LAC,22421.0,374,2,733,756,238.0,238.0,73.0,1489,21.0,34.0,3.0,4.0,6.0,12.0,9.0,30.0,1.0,1.0,5.0,12.0,,,,2.0,7.0,30.0,,1.0,3.0,10.0,31.0,65.0,12.0,42.0,32.0,130.0,813,4.0,8.0,,1.0,3.0,11.0,9.0,20.0,3.0,12.0,14.0,41.0,44.0,18.0,36.0,,6.0,30.0,7.0,8.0,12.0,10.0,22.0,10.0,,7.0,3.0,2.0,54.0,6.0,6.0,28.0,17.0,1.0,46.0,12.0,58.0,4.0,9.0,6.0,3.0,7.0,4.0,5.0,9.0,,2.0,2.0,16.0,,2.0,8.0,17.0,,1.0,1.0,25.0,1.0,,42.0,3.0,19.0,2.0,3.0,2.0,1.0,3.0,2.0,41.0,237.0,2.0,2.0,0.7096774193548387,0.7857142857142857,1.0,0.2857142857142857,,0.25,0.2857142857142857,0.47692307692307695,0.5,0.45,0.45794392523364486,0.4444444444444444,0.421875,0.5158730158730159,0.5,0.5,0.3925233644859813,0.12307692307692308,0.14705882352941177,,17.401960784313726,0.4375,0.041666666666666664,0.1,0.040268456375838924,0.1308411214953271,0.039735099337748346,0.1171875,0.04,0.04,0.05333333333333334,,0.04201680672268908,0.03125,0.125,0.09278350515463918,0.08,0.11242603550295859,0.2,0.07407407407407407,0.6666666666666666,0.3177570093457944,0.6176470588235294,0.7241379310344828,0.7142857142857143,0.2803738317757009,0.3,0.3333333333333333,0.7777777777777778,0.009345794392523364,1.0,1.0,,0.11214953271028037,0.4166666666666667,0.4166666666666667,1.0,0.2803738317757009,0.23333333333333334,0.2413793103448276,1.0,0.4444444444444444,0.75,,,,,0.1111111111111111,,,0.375,0.5,0.0625,,0.3125,0.3,0.7102803738317757,0.23333333333333334,0.5344372641509434,0.5229374999999999,0.5422725806451614,0.16129032258064516,0.2345679012345679,0.08461538461538462,0.3153846153846154,5.138461538461538,25.359523809523807,0.3246930422919509,,1.0,,0.023809523809523808,0.1,0.03333333333333333,,,,,,,,2.0,,,1.0,0.023255813953488372,,False,
1642920,1610612746,Kobe Sanders,Kobe Sanders,1642920,LAC,58384.7,973,-17,1968,1968,646.0,502.0,213.0,3936,35.0,49.0,6.0,7.0,13.0,16.0,21.0,56.0,12.0,32.0,21.0,43.0,1.0,2.0,6.0,10.0,26.0,84.0,4.0,11.0,3.0,18.0,68.0,137.0,47.0,127.0,40.0,317.0,2255,8.0,12.0,5.0,13.0,3.0,34.0,23.0,49.0,9.0,28.0,20.0,93.0,78.0,58.0,135.0,6.0,10.0,84.0,26.0,13.0,43.0,36.0,79.0,21.0,15.0,22.0,17.0,4.0,194.0,19.0,3.0,45.0,48.0,2.0,95.0,23.0,118.0,,26.0,11.0,15.0,39.0,4.0,25.0,23.0,4.0,14.0,4.0,62.0,,23.0,58.0,98.0,1.0,11.0,7.0,46.0,1.0,2.0,50.0,6.0,21.0,7.0,6.0,2.0,4.0,6.0,4.0,90.0,642.0,5.0,4.0,0.5735294117647058,0.6190476190476191,0.9574468085106383,0.3700787401574803,0.38461538461538464,0.32142857142857145,0.3700787401574803,0.49635036496350365,0.6666666666666666,0.46938775510204084,0.5246212121212122,0.62,0.474025974025974,0.5541958041958042,0.6296296296296297,0.5224719101123596,0.4810606060606061,0.0948905109489051,0.061224489795918366,,15.63342318059299,0.6290322580645161,0.0392156862745098,0.09836065573770492,0.0069767441860465115,0.09375,0.042222222222222223,0.09607438016528926,0.025,0.007936507936507936,0.00881057268722467,,0.03735632183908046,0.058823529411764705,0.0967741935483871,0.11020408163265306,0.06818181818181818,0.08446866485013624,0.12389380530973451,,0.6666666666666666,0.1856060606060606,0.7142857142857143,0.7608695652173914,0.7142857142857143,0.21212121212121213,0.375,0.45652173913043476,0.42857142857142855,0.12121212121212122,0.375,0.375,0.4166666666666667,0.16287878787878787,0.4883720930232558,0.5,1.0,0.3181818181818182,0.30952380952380953,0.30952380952380953,0.9230769230769231,0.28,0.8571428571428571,0.16666666666666666,0.08,0.5,1.0,0.44,0.36363636363636365,1.0,0.2077922077922078,0.8125,0.12987012987012986,0.6,0.23376623376623376,0.16666666666666666,0.6666666666666666,0.30952380952380953,0.5228452651515153,0.4852791666666667,0.5104493506493507,0.07526881720430108,0.13815789473684212,0.10725552050473186,0.29337539432176657,8.439416058394158,25.32755905511811,0.3282520325203252,,1.0,,0.007874015748031496,0.17857142857142858,,1.0,,,,,,0.021739130434782608,1.0,0.023255813953488372,1.0,,,,False,
1642949,1610612746,Yanic Konan Niederhäuser,Yanic Konan Niederhäuser,1642949,LAC,18376.6,306,4,605,623,250.0,210.0,71.0,1228,38.0,53.0,9.0,18.0,17.0,27.0,10.0,15.0,,,,1.0,,,,,,2.0,,,,1.0,48.0,68.0,,3.0,29.0,125.0,702,10.0,20.0,,,3.0,23.0,20.0,33.0,,1.0,16.0,56.0,70.0,26.0,,,14.0,2.0,,7.0,6.0,4.0,10.0,4.0,,5.0,1.0,,24.0,10.0,18.0,29.0,20.0,1.0,50.0,29.0,79.0,1.0,2.0,2.0,,10.0,2.0,5.0,9.0,,5.0,1.0,19.0,,10.0,30.0,47.0,,3.0,5.0,29.0,4.0,,43.0,2.0,17.0,6.0,19.0,9.0,10.0,19.0,9.0,56.0,249.0,2.0,5.0,0.7291666666666666,0.8536585365853658,,,,,,0.7058823529411765,0.5,0.6060606060606061,0.676056338028169,0.5,0.5882352941176471,0.6793478260869565,0.4791666666666667,0.6511627906976745,0.04225352112676056,0.10294117647058823,0.09433962264150944,,15.850144092219018,0.5263157894736842,0.058823529411764705,0.14285714285714285,0.13636363636363635,0.19594594594594594,0.07575757575757576,0.1701388888888889,0.10606060606060606,0.125,0.1896551724137931,0.038461538461538464,0.0625,0.15,0.11428571428571428,0.17045454545454544,0.058823529411764705,0.2072072072072072,0.16216216216216217,0.0625,0.47368421052631576,0.7464788732394366,0.7169811320754716,0.7916666666666666,0.6842105263157895,0.2112676056338028,0.6666666666666666,0.7692307692307693,0.9,,,,,0.014084507042253521,,,,0.028169014084507043,,,,0.9,0.5,0.2222222222222222,,,,,,,0.7941176470588235,0.6296296296296297,,,0.029411764705882353,,0.7887323943661971,,0.5946739436619718,0.5505846153846153,0.5969279411764706,0.19767441860465115,0.20481927710843373,0.184,0.448,2.6955882352941174,25.333333333333332,0.4132231404958678,,,,,0.13333333333333333,,1.0,,,,4.0,1.0,0.058823529411764705,,,1.0,,,,False,1.0
1643141,1610612746,Jahmyl Telfort,Jahmyl Telfort,1643141,LAC,1922.0,32,-7,64,68,47.0,34.0,7.0,132,,,,,,,,,,,,2.0,,1.0,,1.0,,2.0,,,,1.0,,,,4.0,1.0,1.0,70,,,,1.0,,,,,,2.0,,,,,,,,2.0,,,,1.0,1.0,1.0,,,,,3.0,,,2.0,1.0,,3.0,,3.0,,1.0,,1.0,,,,1.0,,,,1.0,,,2.0,5.0,,,1.0,2.0,,,4.0,,2.0,,,,,,,,47.0,2.0,,,,,,,,,,,,,,,0.08333333333333333,,,1.0,,,,9.722222222222223,,,0.08333333333333333,,0.1,,0.09375,,,,,,,,0.14285714285714285,,0.13333333333333333,,,,,,,,,,,,,,,,0.5,,,,0.5,,,,,,,1.0,,,,,,,,0.5,,0.5,,1.0,,0.5318625,,0.523575,0.3333333333333333,1.0,,,,24.025,0.734375,,,,,,,,,,,,,,,,,,,,False,
1631097,1610612746,Bennedict Mathurin,Bennedict Mathurin,1631097,LAC,3086.0,51,2,104,101,23.0,18.0,15.0,205,3.0,7.0,,2.0,,,1.0,5.0,,3.0,,,,,,,1.0,5.0,,,,,4.0,15.0,1.0,5.0,10.0,21.0,102,1.0,3.0,,,,2.0,,1.0,,,6.0,6.0,4.0,4.0,3.0,,,5.0,1.0,3.0,3.0,3.0,6.0,3.0,,2.0,1.0,,15.0,2.0,1.0,3.0,4.0,,7.0,3.0,10.0,,6.0,5.0,1.0,,1.0,,1.0,,,,1.0,,,2.0,3.0,,,,6.0,1.0,,11.0,1.0,5.0,1.0,1.0,1.0,,1.0,1.0,6.0,23.0,,1.0,0.5,0.5,1.0,0.2,,,0.2,0.26666666666666666,0.3333333333333333,,0.275,0.3333333333333333,,0.42,0.3333333333333333,0.75,0.25,0.2,0.14285714285714285,,21.13821138211382,,,0.14814814814814814,0.03225806451612903,0.15,0.09090909090909091,0.14893617021276595,0.05660377358490566,,0.07142857142857142,,0.1111111111111111,,0.16666666666666666,0.13333333333333333,0.16666666666666666,0.13333333333333333,0.2,,1.0,0.35,0.42857142857142855,0.5,0.3333333333333333,0.25,0.2,0.3333333333333333,1.0,0.15,,,,,,,,0.25,0.2,0.2,1.0,0.6666666666666666,,,,,,,,,,,,,,,0.6,0.2,0.5125474999999999,0.6662,0.4561,0.20833333333333334,0.2631578947368421,0.09523809523809523,0.2857142857142857,7.920000000000001,26.759999999999998,0.22115384615384615,,,,,0.4,,,,,,,,,,,,,,,False,
1642484,1610612746,RayJ Dennis,RayJ Dennis,1642484,LAC,212.2,4,-3,8,9,8.0,4.0,,17,,,,,,,,,,,,,,,,,,,,,,,,,,,,,6,,,,,,,,,,,,,,,,,,,,,,,,,,,,,,,,1.0,1.0,,2.0,,2.0,,,,,1.0,,1.0,,,,,1.0,,1.0,,,,,,,,,,,,,,,,,,,8.0,,,,,,,,,,,,,,,,,,,,,,,12.5,1.0,,0.3333333333333333,,0.5,,0.4,,,,,,,,,0.5,1.0,,,,,,,,,,,,,,,,,,,,,,,,,,,,,,,,,,,,,,,,,,,,,,,,,,1.0,,,,,,,,,,,,,,,,,,,,False,
1631102,1610612746,TyTy Washington Jr.,TyTy Washington Jr.,1631102,LAC,2052.0,34,-18,66,69,13.0,11.0,5.0,135,2.0,2.0,,,,,2.0,2.0,,1.0,,,,,,,2.0,5.0,,,,1.0,4.0,5.0,2.0,5.0,,14.0,93,,,,,,,,,,1.0,,,2.0,6.0,3.0,3.0,,5.0,2.0,,7.0,1.0,8.0,1.0,,4.0,3.0,,17.0,,,,1.0,,1.0,,1.0,,4.0,2.0,2.0,,1.0,,1.0,,,,1.0,,,,,,,,,,,,,,,2.0,1.0,1.0,2.0,,,13.0,,,0.25,0.25,0.5,0.4,,,0.4,0.8,,,0.7,,,0.7,,,0.5,,,,15.277777777777779,,,0.05,,,,0.03225806451612903,,,,,,,0.16666666666666666,,,,,,,0.2,1.0,1.0,,0.2,1.0,1.0,0.5,0.1,,,,,,,,0.5,0.4,0.4,0.5,,,,,,,,,,,,,,1.0,,0.7,0.4,0.5451050000000001,,0.4545,,,,,5.4,26.859999999999996,0.19696969696969696,,,,,,,,,,,,,,,,,,,,False,
1630625,1610612746,Dalano Banton,Dalano Banton,1630625,LAC,253.0,4,-6,9,9,9.0,9.0,,18,1.0,2.0,,,1.0,2.0,,,,,,,,,,,,,,,,,1.0,2.0,,,,2.0,14,,,,,,,1.0,2.0,,,,2.0,2.0,,,,,,,,,,,,,,,,,,,,,,,,,,,,,1.0,,,,,1.0,,1.0,,1.0,,,,,,,,,,,,,,,,,,2.0,9.0,,,1.0,1.0,,,,,,0.5,,0.5,0.5,,0.5,0.5,,0.5,,,,,33.333333333333336,1.0,,,,,,,,,,,,,,,,,,,,1.0,0.5,0.5,1.0,,,,,,,,,,,,,,,,,,,,,,,,,,1.0,0.5,,,,,1.0,,0.7385,,0.7385,,,,1.0,1.35,,1.0,,,,,,,,,,,,,,,,,,,,False,
1631116,1610612746,Patrick Baldwin Jr.,Patrick Baldwin Jr.,1631116,LAC,734.0,12,2,24,27,2.0,10.0,1.0,51,,,,,,,1.0,1.0,,,,,,,,,2.0,3.0,,,,,1.0,1.0,2.0,3.0,2.0,10.0,24,,,,,,,,,,,2.0,2.0,,2.0,6.0,,,3.0,2.0,,,,,,,,,,,,,1.0,,,1.0,,1.0,,,,,1.0,,1.0,,,,,1.0,1.0,,,2.0,,,,1.0,,,2.0,,,1.0,,,,,,2.0,2.0,1.0,1.0,,,1.0,0.6666666666666666,,,0.6666666666666666,1.0,,,1.0,,,1.0,,1.0,0.75,,,,24.0,1.0,,,,0.14285714285714285,,0.1,,,,,,,,,,0.2,,,,,,,,0.25,1.0,1.0,,,,,,,,,,0.75,0.6666666666666666,0.6666666666666666,1.0,,,,,,,,,,,,,,,,0.75,0.6666666666666666,0.508825,,,,,,0.2,4.2,27.366666666666664,0.08333333333333333,,,,,,,,,,,,,,,,,,,,False,
