EntityId,TeamId,Name,ShortName,RowId,TeamAbbreviation,SecondsPlayed,Minutes,PlusMinus,OffPoss,DefPoss,PenaltyOffPoss,PenaltyDefPoss,SecondChanceOffPoss,TotalPoss,AtRimFGM,AtRimFGA,PenaltyAtRimFGM,PenaltyAtRimFGA,ShortMidRangeFGM,ShortMidRangeFGA,LongMidRangeFGM,LongMidRangeFGA,Arc3FGM,Arc3FGA,PenaltyArc3FGM,PenaltyArc3FGA,FG2M,FG2A,FG3M,FG3A,FtPoints,Points,OpponentPoints,SecondChanceFG2A,PenaltyFG2M,PenaltyFG2A,PenaltyFG3M,PenaltyFG3A,PenaltyFtPoints,PenaltyPoints,PtsAssisted2s,PtsUnassisted2s,PtsAssisted3s,PtsUnassisted3s,NonHeaveArc3FGA,NonHeaveArc3FGM,TwoPtAssists,ThreePtAssists,Assists,Arc3Assists,AtRimAssists,ShortMidRangeAssists,AssistPoints,OffTwoPtRebounds,DefThreePtRebounds,DefTwoPtRebounds,FTDefRebounds,DefRebounds,OffRebounds,Rebounds,SelfOReb,Steals,BadPassSteals,LostBallSteals,LiveBallTurnovers,BadPassTurnovers,DeadBallTurnovers,LostBallOutOfBoundsTurnovers,LostBallTurnovers,StepOutOfBoundsTurnovers,Travels,Turnovers,SecondChanceTurnovers,PenaltyTurnovers,ShootingFouls,Fouls,Loose Ball Fouls,FoulsDrawn,FTA,3pt And 1 Free Throw Trips,TwoPtShootingFoulsDrawn,ThreePtShootingFoulsDrawn,PenaltyPointsExcludingTakeFouls,PenaltyOffPossExcludingTakeFouls,NonShootingPenaltyNonTakeFouls,Assisted2sPct,NonPutbacksAssisted2sPct,Assisted3sPct,Fg3Pct,PenaltyFg3Pct,NonHeaveFg3Pct,Fg2Pct,PenaltyFg2Pct,EfgPct,PenaltyEfgPct,TsPct,PenaltyTsPct,FG3APct,Usage,LiveBallTurnoverPct,DefFTReboundPct,DefTwoPtReboundPct,OffTwoPtReboundPct,DefThreePtReboundPct,DefFGReboundPct,OffFGReboundPct,OffShortMidRangeReboundPct,DefAtRimReboundPct,DefShortMidRangeReboundPct,DefArc3ReboundPct,DefCorner3ReboundPct,SelfORebPct,AtRimFrequency,AtRimAccuracy,UnblockedAtRimAccuracy,ShortMidRangeFrequency,ShortMidRangeAccuracy,UnblockedShortMidRangeAccuracy,LongMidRangeFrequency,LongMidRangeAccuracy,UnblockedLongMidRangeAccuracy,LongMidRangePctAssisted,Arc3Frequency,Arc3Accuracy,UnblockedArc3Accuracy,Arc3PctAssisted,PenaltyAtRimFrequency,PenaltyAtRimAccuracy,PenaltyArc3Frequency,PenaltyArc3Accuracy,AtRimFG3AFrequency,NonHeaveArc3Accuracy,ShotQualityAvg,SecondChanceShotQualityAvg,PenaltyShotQualityAvg,ShootingFoulsDrawnPct,TwoPtShootingFoulsDrawnPct,ThreePtShootingFoulsDrawnPct,PenaltyPointsPct,Avg2ptShotDistance,Avg3ptShotDistance,PenaltyOffPossPct,SecondChanceArc3FGA,SecondChanceFG3A,SecondChanceFtPoints,SecondChancePoints,Fg2aBlocked,OffThreePtRebounds,Blocked2s,BlockedShortMidRange,Blocks,RecoveredBlocks,SecondChanceTsPct,FG2APctBlocked,ShortMidRangePctBlocked,OffThreePtReboundPct,OffAtRimReboundPct,OffArc3ReboundPct,BlocksRecoveredPct,AtRimPctAssisted,SecondChanceArc3Frequency,SecondChancePointsPct,Corner3FGA,Blocked3s,BlockedAtRim,BlockedCorner3,Corner3Frequency,Corner3FGM,2pt And 1 Free Throw Trips,OffCorner3ReboundPct,Corner3Accuracy,UnblockedCorner3Accuracy,Corner3PctAssisted,SecondChanceAtRimFGM,SecondChanceAtRimFGA,SecondChanceCorner3FGA,PenaltyCorner3FGA,SecondChanceArc3FGM,SecondChanceFG2M,SecondChanceFG3M,PtsPutbacks,LongMidRangeAssists,Charge Fouls,Loose Ball Fouls Drawn,Offensive Fouls Drawn,BlockedLongMidRange,Defensive 3 Seconds Violations,SecondChanceFg3Pct,SecondChanceFg2Pct,SecondChanceEfgPct,AtRimPctBlocked,OffLongMidRangeReboundPct,DefLongMidRangeReboundPct,ShortMidRangePctAssisted,SecondChanceAtRimFrequency,SecondChanceAtRimAccuracy,SecondChanceCorner3Frequency,SecondChanceArc3Accuracy,SecondChanceArc3PctAssisted,PenaltyCorner3Frequency,Technical Free Throw Trips,NonShootingFoulsDrawn,NonShootingPenaltyNonTakeFoulsDrawn,Corner3Assists,Offensive Fouls,BadPassOutOfBoundsTurnovers,Charge Fouls Drawn,SecondChanceAtRimPctAssisted,on,SecondChanceCorner3FGM,PenaltyCorner3FGM,Fg3aBlocked,FTOffRebounds,BlockedArc3,DefensiveGoaltends,FG3APctBlocked,LongMidRangePctBlocked,Arc3PctBlocked,OffFTReboundPct,SecondChanceCorner3Accuracy,SecondChanceCorner3PctAssisted,PenaltyCorner3Accuracy,Corner3PctBlocked,OffensiveGoaltends,Clear Path Fouls
1627759,1610612738,Jaylen Brown,Jaylen Brown,1627759,BOS,3870.1,65.0,-14.0,125,127.0,39.0,37.0,17.0,252,2.0,3.0,1.0,1.0,2.0,7.0,4.0,9.0,8.0,13.0,1.0,5.0,8.0,19.0,8.0,13.0,15.0,55.0,176.0,1.0,1.0,4.0,1.0,5.0,6.0,11.0,2.0,14.0,12.0,12.0,13.0,8.0,9.0,5.0,14.0,5.0,8.0,1.0,33.0,1.0,6.0,6.0,1.0,13.0,1.0,14.0,1.0,3.0,1.0,2.0,4.0,1.0,4.0,1.0,3.0,1.0,1.0,8.0,1.0,2.0,4.0,7.0,2.0,13.0,17.0,1.0,8.0,1.0,11.0,38.0,2.0,0.125,0.125,0.5,0.6153846153846154,0.2,0.6153846153846154,0.42105263157894735,0.25,0.625,0.2777777777777778,0.6875,0.4583333333333333,0.40625,33.333333333333336,0.5,0.3333333333333333,0.2608695652173913,0.058823529411764705,0.17142857142857143,0.20689655172413793,0.018867924528301886,0.14285714285714285,0.3076923076923077,0.3333333333333333,0.20833333333333334,0.09090909090909091,0.0625,0.09375,0.6666666666666666,0.6666666666666666,0.21875,0.2857142857142857,0.2857142857142857,0.28125,0.4444444444444444,0.4444444444444444,0.25,0.40625,0.6153846153846154,0.6153846153846154,0.5,0.1111111111111111,1.0,0.5555555555555556,0.2,0.5,0.6153846153846154,0.4757734375,0.4189,0.4730166666666666,0.225,0.2962962962962963,0.07692307692307693,0.2,11.631578947368421,26.676923076923078,0.312,,,,,,,,,,,,,,,,,,,,,,,,,,,,,,,,,,,,,,,,,,,,,,,,,,,,,,,,,,,,,,,,,,,True,,,,,,,,,,,,,,,,
1628401,1610612738,Derrick White,Derrick White,1628401,BOS,2381.1,40.0,-10.0,78,79.0,20.0,27.0,11.0,157,1.0,1.0,,,,5.0,2.0,2.0,1.0,6.0,1.0,1.0,3.0,8.0,1.0,6.0,10.0,19.0,103.0,1.0,,1.0,1.0,1.0,4.0,7.0,4.0,2.0,,3.0,6.0,1.0,2.0,2.0,4.0,2.0,1.0,1.0,10.0,3.0,2.0,,,2.0,4.0,6.0,,1.0,1.0,,1.0,,,,1.0,,,1.0,,,2.0,2.0,,5.0,11.0,,4.0,1.0,7.0,19.0,,0.6666666666666666,0.6666666666666666,,0.16666666666666666,1.0,0.16666666666666666,0.375,,0.32142857142857145,0.75,0.5,0.875,0.42857142857142855,21.73913043478261,1.0,,,0.17647058823529413,0.09523809523809523,0.05714285714285714,0.0975609756097561,0.25,,,0.11764705882352941,,,0.07142857142857142,1.0,1.0,0.35714285714285715,,,0.14285714285714285,1.0,1.0,0.5,0.42857142857142855,0.16666666666666666,0.16666666666666666,,,,0.5,1.0,0.5,0.16666666666666666,0.49681428571428565,0.5037,0.494925,0.2631578947368421,0.3333333333333333,0.14285714285714285,0.3684210526315789,9.1,26.96666666666667,0.2564102564102564,4.0,4.0,2.0,2.0,2.0,1.0,1.0,1.0,1.0,1.0,0.16666666666666666,0.25,0.4,0.041666666666666664,0.16666666666666666,0.047619047619047616,1.0,1.0,0.8,0.10526315789473684,,,,,,,,,,,,,,,,,,,,,,,,,,,,,,,,,,,,,,,,,,,,,,,True,,,,,,,,,,,,,,,,
1628449,1610612738,Chris Boucher,Chris Boucher,1628449,BOS,400.0,7.0,7.0,12,11.0,1.0,,3.0,23,,,,,,,,1.0,,1.0,,,,1.0,,2.0,,,9.0,,,,,,,,,,,,1.0,,,,,,,,,,1.0,,1.0,2.0,,2.0,,,,,,,,,,,,,,,,,,,,,,,,1.0,,,,,,,,,,,,,,0.6666666666666666,21.428571428571427,,1.0,,,0.25,0.16666666666666666,,,,,0.25,,,,,,,,,0.3333333333333333,,,,0.3333333333333333,,,,,,,,0.6666666666666666,,0.48361666666666664,,,,,,,17.8,25.3,0.08333333333333333,,,,,,,1.0,,2.0,,,,,,,,,,,,1.0,1.0,1.0,1.0,0.3333333333333333,,,,,,,,,,,,,,,,,,,,,,,,,,,,,,,,,,,,,,,,,,True,,,,,,,,,,,,,,,,
1629014,1610612738,Anfernee Simons,Anfernee Simons,1629014,BOS,3935.9,66.0,-17.0,127,124.0,39.0,41.0,26.0,251,4.0,4.0,,,4.0,4.0,2.0,2.0,7.0,21.0,5.0,9.0,10.0,10.0,8.0,22.0,1.0,45.0,167.0,,1.0,1.0,5.0,9.0,,17.0,,20.0,18.0,6.0,21.0,7.0,1.0,2.0,3.0,2.0,,1.0,8.0,1.0,3.0,1.0,,4.0,3.0,7.0,,3.0,2.0,1.0,,,1.0,1.0,,,,1.0,,,2.0,5.0,,2.0,3.0,,2.0,,17.0,39.0,1.0,,,0.75,0.36363636363636365,0.5555555555555556,0.36363636363636365,1.0,1.0,0.6875,0.85,0.6818181818181818,0.85,0.6875,21.93548387096774,,,0.043478260869565216,0.05263157894736842,0.08823529411764706,0.07017543859649122,0.043478260869565216,,0.06666666666666667,,0.037037037037037035,0.2857142857142857,,0.125,1.0,1.0,0.125,1.0,1.0,0.0625,1.0,1.0,,0.65625,0.3333333333333333,0.3333333333333333,0.7142857142857143,,,0.9,0.5555555555555556,0.8125,0.3333333333333333,0.5294874999999999,0.5874,0.5124150000000001,0.06060606060606061,0.18181818181818182,,0.37777777777777777,8.09,26.077272727272728,0.30708661417322836,1.0,1.0,,,,2.0,1.0,,1.0,1.0,,,,0.04,0.16666666666666666,0.021739130434782608,1.0,,1.0,,1.0,,1.0,,0.03125,1.0,1.0,0.25,1.0,1.0,1.0,,,,,,,,,,,,,,,,,,,,,,,,,,,,,,,,,,,,True,,,,,,,,,,,,,,,,
1630214,1610612738,Xavier Tillman,Xavier Tillman,1630214,BOS,6685.4,111.0,-32.0,218,225.0,68.0,72.0,38.0,443,7.0,10.0,,2.0,4.0,6.0,,,3.0,10.0,,2.0,11.0,16.0,3.0,15.0,,31.0,283.0,5.0,2.0,4.0,,3.0,,4.0,16.0,6.0,9.0,,10.0,3.0,2.0,3.0,5.0,3.0,1.0,,13.0,3.0,8.0,7.0,,15.0,10.0,25.0,1.0,6.0,6.0,,3.0,2.0,2.0,1.0,1.0,,,5.0,1.0,1.0,8.0,9.0,,3.0,,,,,4.0,67.0,,0.7272727272727273,0.8888888888888888,1.0,0.2,,0.2,0.6875,0.5,0.5,0.2857142857142857,0.5,0.2857142857142857,0.4838709677419355,13.8996138996139,0.6,,0.16279069767441862,0.09375,0.13114754098360656,0.14423076923076922,0.09900990099009901,0.0625,0.047619047619047616,0.1875,0.125,0.15384615384615385,0.06666666666666667,0.3225806451612903,0.7,0.7777777777777778,0.1935483870967742,0.6666666666666666,0.8,,,,,0.3225806451612903,0.3,0.3,1.0,0.2857142857142857,,0.2857142857142857,,0.8064516129032258,0.3,0.5361645161290324,0.5223249999999999,0.49327857142857134,,,,0.12903225806451613,4.49375,24.83333333333333,0.3119266055045872,3.0,5.0,,9.0,2.0,7.0,2.0,,2.0,2.0,0.45,0.125,0.16666666666666666,0.10144927536231885,,0.09836065573770492,1.0,0.5714285714285714,0.3,0.2903225806451613,5.0,,1.0,,0.16129032258064516,,,0.125,,,,2.0,3.0,2.0,1.0,1.0,3.0,1.0,4.0,1.0,1.0,1.0,1.0,1.0,1.0,0.2,0.6,0.45,0.1,0.25,0.5,1.0,0.3,0.6666666666666666,0.2,0.3333333333333333,1.0,0.14285714285714285,,,,,,,,,True,,,,,,,,,,,,,,,,
1630202,1610612738,Payton Pritchard,Payton Pritchard,1630202,BOS,3345.6000000000004,56.0,-26.0,111,113.0,39.0,39.0,19.0,224,1.0,1.0,1.0,1.0,5.0,7.0,2.0,2.0,5.0,17.0,3.0,6.0,8.0,10.0,5.0,17.0,9.0,40.0,156.0,1.0,4.0,5.0,3.0,6.0,6.0,23.0,2.0,14.0,12.0,3.0,17.0,5.0,,3.0,3.0,3.0,,,9.0,,2.0,1.0,,3.0,,3.0,,,,,,,1.0,,,,1.0,1.0,1.0,1.0,1.0,4.0,,4.0,9.0,,2.0,,23.0,38.0,,0.125,0.125,0.8,0.29411764705882354,0.5,0.29411764705882354,0.8,0.8,0.5740740740740741,0.7727272727272727,0.6290322580645161,0.8214285714285714,0.6296296296296297,24.06015037593985,,,0.05263157894736842,,0.06060606060606061,0.057692307692307696,,,,0.14285714285714285,0.041666666666666664,0.1111111111111111,,0.037037037037037035,1.0,1.0,0.25925925925925924,0.7142857142857143,0.7142857142857143,0.07407407407407407,1.0,1.0,,0.6296296296296297,0.29411764705882354,0.29411764705882354,0.8,0.09090909090909091,1.0,0.5454545454545454,0.5,0.6666666666666666,0.29411764705882354,0.5014240740740741,0.4886,0.5081545454545455,0.06896551724137931,0.16666666666666666,,0.575,11.84,27.376470588235296,0.35135135135135137,2.0,2.0,,8.0,,,,,,,1.3333333333333333,,,,,,,1.0,0.6666666666666666,0.2,,,,,,,,,,,,,,,,2.0,1.0,2.0,,,,,,,,1.0,1.0,1.3333333333333333,,,,,,,,1.0,1.0,,1.0,2.0,2.0,,,,,,True,,,,,,,,,,,,,,,,
1630573,1610612738,Sam Hauser,Sam Hauser,1630573,BOS,3405.6000000000004,57.0,-17.0,118,115.0,41.0,36.0,21.0,233,1.0,1.0,,,,,,,2.0,12.0,,4.0,1.0,1.0,2.0,12.0,,8.0,151.0,,,,,4.0,,,2.0,,3.0,3.0,12.0,2.0,1.0,2.0,3.0,1.0,,,8.0,,2.0,3.0,,5.0,2.0,7.0,1.0,,,,1.0,,1.0,,1.0,,,2.0,,1.0,2.0,5.0,,,,,,,,41.0,,1.0,1.0,0.5,0.16666666666666666,,0.16666666666666666,1.0,,0.3076923076923077,,0.3076923076923077,,0.9230769230769231,10.638297872340425,0.5,,0.17647058823529413,,0.05128205128205128,0.08928571428571429,0.034482758620689655,,0.25,,0.03225806451612903,0.125,0.1111111111111111,0.07692307692307693,1.0,1.0,,,,,,,,0.9230769230769231,0.16666666666666666,0.16666666666666666,0.5,,,1.0,,1.0,0.16666666666666666,0.5265846153846154,,0.4268625,,,,,1.2,27.608333333333334,0.3474576271186441,2.0,2.0,,3.0,,2.0,,,,,0.75,,,0.04878048780487805,,0.05128205128205128,,1.0,1.0,0.375,,,,,,,,,,,,,,,,1.0,,1.0,,1.0,,,,,,0.5,,0.75,,,0.3333333333333333,,,,,0.5,,,,,,1.0,1.0,,,,True,,,,,,,,,,,,,,,,
1631169,1610612738,Josh Minott,Josh Minott,1631169,BOS,1848.3000000000002,31.0,-13.0,55,63.0,9.0,22.0,11.0,118,3.0,5.0,,,,1.0,,1.0,,2.0,,,3.0,7.0,,2.0,3.0,9.0,81.0,4.0,,,,,1.0,1.0,2.0,4.0,,,2.0,,3.0,2.0,5.0,1.0,2.0,1.0,12.0,2.0,3.0,5.0,,8.0,6.0,14.0,,,,,,,,,,,,,,,1.0,3.0,1.0,3.0,6.0,,2.0,,1.0,8.0,,0.3333333333333333,1.0,,,,,0.42857142857142855,,0.3333333333333333,,0.375,0.25,0.2222222222222222,17.91044776119403,,,0.2777777777777778,0.2,0.23076923076923078,0.25806451612903225,0.20689655172413793,,0.18181818181818182,0.4,0.2727272727272727,,,0.5555555555555556,0.6,0.75,0.1111111111111111,,,0.1111111111111111,,,,0.2222222222222222,,,,,,,,0.7777777777777778,,0.5635888888888889,0.6276,,0.18181818181818182,0.2222222222222222,,0.1111111111111111,4.5285714285714285,26.85,0.16363636363636364,1.0,1.0,2.0,6.0,1.0,4.0,3.0,1.0,3.0,3.0,0.5,0.14285714285714285,,0.21052631578947367,0.3333333333333333,0.125,1.0,0.3333333333333333,0.2,0.6666666666666666,,,2.0,,,,,0.6666666666666666,,,,2.0,3.0,,,,2.0,,4.0,,,,,,,,0.5,0.4,0.2,0.3333333333333333,0.5,,0.6,0.6666666666666666,,,,,,1.0,,1.0,,,,,True,,,,,,,,,,,,,,,,
1642864,1610612738,Hugo González,Hugo González,1642864,BOS,2357.5,39.0,-21.0,75,82.0,21.0,25.0,15.0,157,7.0,8.0,3.0,3.0,,1.0,,,1.0,1.0,1.0,1.0,7.0,9.0,1.0,2.0,,17.0,99.0,2.0,3.0,3.0,1.0,1.0,,9.0,8.0,6.0,3.0,,1.0,1.0,,,,,,,,1.0,1.0,3.0,,4.0,4.0,8.0,,,,,2.0,1.0,3.0,,1.0,,1.0,5.0,,1.0,4.0,8.0,,2.0,,,,,9.0,21.0,,0.5714285714285714,0.8,1.0,0.5,1.0,0.5,0.7777777777777778,1.0,0.7727272727272727,1.125,0.7727272727272727,1.125,0.18181818181818182,17.77777777777778,0.4,,0.17647058823529413,0.125,0.06666666666666667,0.125,0.12121212121212122,0.2,0.2,0.2,0.06666666666666667,,,0.7272727272727273,0.875,0.875,0.09090909090909091,,,,,,,0.09090909090909091,1.0,1.0,1.0,0.75,1.0,0.25,1.0,0.9090909090909091,1.0,0.6205681818181819,0.608,0.55795,,,,0.5294117647058824,2.188888888888889,25.3,0.28,,,,4.0,,3.0,,,,,1.0,,,0.12,,0.14285714285714285,,0.5714285714285714,,0.23529411764705882,1.0,,,,0.09090909090909091,,,,,,,2.0,2.0,,,,2.0,,4.0,,,,,,,,1.0,1.0,,,,,1.0,1.0,,,,,,,,,1.0,1.0,1.0,,True,,,,,,,,,,,,,,,,
1641775,1610612738,Jordan Walsh,Jordan Walsh,1641775,BOS,1760.0000000000002,29.0,9.0,58,59.0,23.0,12.0,13.0,117,4.0,5.0,1.0,1.0,,,,,,1.0,,1.0,4.0,5.0,1.0,2.0,4.0,15.0,62.0,3.0,1.0,1.0,,1.0,,2.0,6.0,2.0,3.0,,1.0,,1.0,,1.0,,,1.0,2.0,2.0,4.0,1.0,,5.0,5.0,10.0,,2.0,,2.0,2.0,2.0,1.0,,,,,3.0,,,1.0,5.0,,3.0,4.0,,3.0,,2.0,23.0,,0.75,1.0,1.0,0.5,,0.5,0.8,1.0,0.7857142857142857,0.5,0.9375,0.5,0.2857142857142857,15.492957746478874,0.6666666666666666,,0.08333333333333333,0.2222222222222222,0.17391304347826086,0.14285714285714285,0.19230769230769232,0.4,,,0.13333333333333333,0.25,,0.7142857142857143,0.8,1.0,,,,,,,,0.14285714285714285,,,,0.5,1.0,0.5,,1.0,,0.6813499999999999,0.7887,0.649,0.375,0.5,,0.13333333333333333,1.4200000000000002,24.85,0.39655172413793105,,,2.0,8.0,1.0,3.0,1.0,,1.0,1.0,1.3333333333333333,0.2,,0.17647058823529413,,0.1875,1.0,0.75,,0.5333333333333333,1.0,,1.0,,0.14285714285714285,1.0,2.0,,1.0,1.0,1.0,3.0,3.0,,,,3.0,,2.0,,,,,,,,1.0,1.0,0.2,,0.5,,1.0,1.0,,,,,,,,,1.0,,,0.6666666666666666,True,,,,,,,,,,,,,,,,
1631248,1610612738,Baylor Scheierman,Baylor Scheierman,1631248,BOS,1765.6000000000001,29.0,-11.0,57,63.0,20.0,23.0,9.0,120,,,,,1.0,1.0,,,,2.0,,1.0,1.0,1.0,,3.0,2.0,4.0,65.0,,,,,1.0,2.0,2.0,2.0,,,,2.0,,1.0,1.0,2.0,1.0,1.0,,5.0,,4.0,4.0,,8.0,,8.0,,3.0,2.0,1.0,2.0,,3.0,,2.0,,1.0,5.0,,,1.0,3.0,1.0,1.0,2.0,,,,2.0,20.0,,1.0,1.0,,,,,1.0,,0.25,,0.4,0.5,0.75,15.15151515151515,0.4,,0.3076923076923077,,0.26666666666666666,0.2857142857142857,,,0.2,0.42857142857142855,0.25,0.3333333333333333,,,,,0.25,1.0,1.0,,,,,0.5,,,,,,1.0,,0.75,,0.517075,,0.57045,,,,0.5,6.9,27.633333333333336,0.3508771929824561,,,,,,,,,,,,,,,,,,,,,1.0,,,,0.25,,,,,,,,,,,,,,,,,,,,,,,,,,,1.0,,,,,,,,1.0,1.0,,1.0,1.0,,,True,,,,,,,,,,,,,,,,
1642873,1610612738,Amari Williams,Amari Williams,1642873,BOS,435.6,7.0,-18.0,15,17.0,,3.0,1.0,32,,,,,,,,,,,,,,,,,3.0,3.0,26.0,,,,,,,,,,,,,,,,,,,,,1.0,,,,,1.0,1.0,,,,,,,,,,,,,,,,,,2.0,4.0,,2.0,,,,,,,,,,,,,,,0.75,,,12.5,,,,1.0,,,0.5,,,,,,,,,,,,,,,,,,,,,,,,,,,,,,1.0,1.0,,,,,,,,1.0,1.0,,,,,,,0.5,,,,1.0,,,,,0.3333333333333333,,,,,,,,,,,,,,,,,,,,,,,,,,,,,,,,,,,,,,,,,,,,,,,True,,,,,,,,,,,,,,,,
1630568,1610612738,Luka Garza,Luka Garza,1630568,BOS,473.29999999999995,8.0,3.0,16,18.0,9.0,9.0,2.0,34,,,,,,,,,,,,,,,,,2.0,2.0,12.0,,,,,,,,,,,,,,2.0,,2.0,,2.0,,4.0,,,,,,,,,1.0,1.0,,,,1.0,,,,,1.0,,1.0,,,,1.0,2.0,,1.0,,,9.0,,,,,,,,,,,,1.0,,,11.11111111111111,,,,,,,,,,,,,,,,,,,,,,,,,,,,,,,,,,,,,1.0,1.0,,,,,0.5625,,,,,,,2.0,2.0,2.0,1.0,,,,,,,0.5,,,,,,,,,,,,,,,,,,,,,,,,,,,,,,,,,,,,,,,,,,,,,,,,,,True,,,,,,,,,,,,,,,,
1631199,1610612738,Ron Harper Jr.,Ron Harper Jr.,1631199,BOS,662.0,11.0,1.0,22,25.0,8.0,13.0,3.0,47,,,,,,1.0,,,1.0,3.0,,2.0,,1.0,1.0,3.0,,3.0,22.0,,,1.0,,2.0,,,,,3.0,,3.0,1.0,,1.0,1.0,1.0,,,3.0,,1.0,,,1.0,,1.0,,1.0,1.0,,,,,,,,,,,,,,,1.0,,,,,,8.0,,,,1.0,0.3333333333333333,,0.3333333333333333,,,0.375,,0.375,,0.75,16.0,,,,,0.2,0.09090909090909091,,,,,0.2,,,,,,0.25,,,,,,,0.75,0.3333333333333333,0.3333333333333333,1.0,,,0.6666666666666666,,0.75,0.3333333333333333,0.5085375,,0.496,,,,,5.1,27.3,0.36363636363636365,,,,,,,1.0,1.0,1.0,,,,,,,,,,,,,,,,,,,,,,,,,,,,,,,,,,,,,,,,,,,,,,,,,,,,,,,,,,True,,,,,,,,,,,,,,,,
1642917,1610612738,Max Shulga,Max Shulga,1642917,BOS,101.0,2.0,-1.0,3,4.0,3.0,1.0,1.0,7,,,,,,,,1.0,,,,,,1.0,,,,,3.0,1.0,,1.0,,,,,,,,,,,,,,,,,,,,,,,,,,,,,,,,,,,,,,,,,,,,,,,,3.0,,,,,,,,,,,,,,,25.0,,,,,,,,,,,,,,,,,,,,1.0,,,,,,,,,,,,,,0.2356,,0.2356,,,,,23.5,,1.0,,,,,,,,,,,,,,,,,,,,,,,,,,,,,,,,,,,,,,,,,,,,,,,,,,,,,,,,,,,,,,,,,,,True,,,,,,,,,,,,,,,,
1627759,1610612738,Jaylen Brown,Jaylen Brown,1627759,BOS,140979.19999999995,2350.0,312.0,4719,4723.0,1118.0,980.0,649.0,9442,229.0,333.0,51.0,76.0,206.0,437.0,147.0,340.0,111.0,339.0,28.0,82.0,582.0,1110.0,130.0,388.0,406.0,1960.0,5378.0,91.0,125.0,233.0,31.0,89.0,133.0,476.0,380.0,784.0,213.0,177.0,339.0,111.0,159.0,190.0,349.0,138.0,96.0,52.0,888.0,40.0,210.0,147.0,37.0,394.0,80.0,474.0,31.0,68.0,36.0,32.0,123.0,52.0,121.0,29.0,71.0,3.0,15.0,244.0,14.0,60.0,75.0,180.0,21.0,428.0,512.0,,242.0,7.0,476.0,1104.0,15.0,0.32646048109965636,0.3333333333333333,0.5461538461538461,0.33505154639175255,0.34831460674157305,0.33505154639175255,0.5243243243243243,0.5364806866952789,0.5186915887850467,0.532608695652174,0.5700525394045534,0.59,0.2590120160213618,35.69865012769063,0.5040983606557377,0.3135593220338983,0.12782608695652173,0.03636363636363636,0.168,0.14875,0.03363518758085381,0.04038461538461539,0.12371134020618557,0.10108864696734059,0.1700404858299595,0.16030534351145037,0.04532163742690058,0.22229639519359146,0.6876876876876877,0.7557755775577558,0.2917222963951936,0.47139588100686497,0.5378590078328982,0.22696929238985314,0.4323529411764706,0.4388059701492537,0.3197278911564626,0.22630173564753003,0.3274336283185841,0.33035714285714285,0.5045045045045045,0.2360248447204969,0.6710526315789473,0.2546583850931677,0.34146341463414637,0.48130841121495327,0.3274336283185841,0.500786406145624,0.5075154761904762,0.48913369565217396,0.14777448071216617,0.1875968992248062,0.017721518987341773,0.24285714285714285,9.078468468468472,26.22036082474227,0.2369146005509642,32.0,40.0,42.0,170.0,89.0,38.0,23.0,13.0,26.0,13.0,0.5526315789473685,0.08018018018018018,0.12356979405034325,0.031173092698933553,0.039711191335740074,0.030723488602576808,0.5,0.3930131004366812,0.24427480916030533,0.08673469387755102,49.0,3.0,9.0,1.0,0.03271028037383177,19.0,62.0,0.03333333333333333,0.3877551020408163,0.3877551020408163,0.7894736842105263,21.0,39.0,8.0,7.0,14.0,40.0,16.0,24.0,11.0,9.0,4.0,4.0,1.0,1.0,0.4,0.43956043956043955,0.48854961832061067,0.09009009009009009,0.026402640264026403,0.21296296296296297,0.25728155339805825,0.29770992366412213,0.5384615384615384,0.061068702290076333,0.4375,0.8571428571428571,0.021739130434782608,10.0,28.0,27.0,52.0,27.0,23.0,1.0,0.19047619047619047,False,2.0,3.0,3.0,2.0,2.0,1.0,0.007731958762886598,0.014705882352941176,0.008849557522123894,0.021739130434782608,0.25,1.0,0.42857142857142855,,,
1628369,1610612738,Jayson Tatum,Jayson Tatum,1628369,BOS,31311.0,522.0,118.0,1047,1051.0,228.0,196.0,137.0,2098,38.0,61.0,7.0,12.0,21.0,50.0,12.0,33.0,41.0,131.0,3.0,21.0,71.0,144.0,47.0,143.0,65.0,348.0,1172.0,9.0,13.0,29.0,5.0,26.0,17.0,58.0,34.0,108.0,75.0,66.0,131.0,41.0,52.0,33.0,85.0,24.0,31.0,18.0,203.0,2.0,72.0,69.0,11.0,152.0,8.0,160.0,1.0,22.0,16.0,6.0,25.0,13.0,14.0,1.0,12.0,,1.0,39.0,3.0,9.0,10.0,26.0,2.0,54.0,79.0,1.0,25.0,7.0,55.0,222.0,1.0,0.23943661971830985,0.2463768115942029,0.5319148936170213,0.32867132867132864,0.19230769230769232,0.32867132867132864,0.4930555555555556,0.4482758620689655,0.4930313588850174,0.37272727272727274,0.5407523510971787,0.43846153846153846,0.49825783972125437,29.6849087893864,0.6410256410256411,0.6111111111111112,0.2839506172839506,0.009389671361502348,0.2491349480968858,0.2650375939849624,0.014056224899598393,0.010416666666666666,0.21052631578947367,0.2878787878787879,0.2627118644067797,0.18867924528301888,0.006289308176100629,0.21254355400696864,0.6229508196721312,0.6440677966101694,0.17421602787456447,0.42,0.4772727272727273,0.11498257839721254,0.36363636363636365,0.36363636363636365,0.16666666666666666,0.4564459930313589,0.31297709923664124,0.31297709923664124,0.4878048780487805,0.21818181818181817,0.5833333333333334,0.38181818181818183,0.14285714285714285,0.710801393728223,0.31297709923664124,0.5265932055749128,0.48731875,0.5227245454545455,0.10223642172523961,0.1524390243902439,0.04697986577181208,0.16666666666666666,7.444444444444445,26.305594405594398,0.2177650429799427,6.0,6.0,10.0,29.0,8.0,5.0,2.0,1.0,3.0,3.0,0.6904761904761905,0.05555555555555555,0.12,0.017543859649122806,,0.018018018018018018,1.0,0.2894736842105263,0.4,0.08333333333333333,12.0,1.0,,1.0,0.041811846689895474,6.0,5.0,0.015873015873015872,0.5,0.5,0.8333333333333334,3.0,4.0,,5.0,3.0,5.0,3.0,4.0,3.0,,2.0,,1.0,,0.5,0.5555555555555556,0.6333333333333333,0.03278688524590164,0.01639344262295082,0.35185185185185186,0.19047619047619047,0.26666666666666666,0.75,,0.5,0.6666666666666666,0.09090909090909091,3.0,6.0,4.0,9.0,7.0,4.0,,0.3333333333333333,False,,2.0,,1.0,,,,,,0.05263157894736842,,,0.4,,,
1628401,1610612738,Derrick White,Derrick White,1628401,BOS,154159.3,2569.0,590.0,5066,5074.0,987.0,952.0,689.0,10140,76.0,107.0,14.0,20.0,107.0,247.0,42.0,106.0,175.0,549.0,39.0,114.0,225.0,460.0,205.0,625.0,174.0,1239.0,5558.0,42.0,40.0,87.0,46.0,127.0,51.0,269.0,212.0,238.0,441.0,174.0,549.0,175.0,227.0,178.0,405.0,127.0,148.0,57.0,988.0,26.0,115.0,124.0,12.0,251.0,81.0,332.0,5.0,86.0,52.0,34.0,88.0,58.0,44.0,11.0,30.0,4.0,3.0,132.0,13.0,28.0,69.0,117.0,5.0,210.0,193.0,1.0,80.0,9.0,263.0,973.0,8.0,0.4711111111111111,0.48847926267281105,0.7170731707317073,0.328,0.36220472440944884,0.328,0.4891304347826087,0.45977011494252873,0.49078341013824883,0.5093457943925234,0.5313304721030043,0.5654008438818565,0.576036866359447,21.986777419901678,0.6666666666666666,0.10619469026548672,0.09841269841269841,0.02323503127792672,0.08556547619047619,0.09178187403993855,0.03144904458598726,0.014760147601476014,0.08253968253968254,0.1048951048951049,0.07919847328244274,0.10810810810810811,0.008156606851549755,0.09861751152073733,0.7102803738317757,0.76,0.22764976958525346,0.4331983805668016,0.4652173913043478,0.09769585253456221,0.39622641509433965,0.40384615384615385,0.4523809523809524,0.5059907834101383,0.31876138433515483,0.32169117647058826,0.6742857142857143,0.09345794392523364,0.7,0.5327102803738317,0.34210526315789475,0.6746543778801843,0.31876138433515483,0.5109289935364727,0.5114887755102042,0.492919014084507,0.07712305025996534,0.15355086372360843,0.014218009478672985,0.21711057304277642,9.304782608695655,26.469919999999995,0.19482826687722068,45.0,60.0,15.0,105.0,26.0,53.0,89.0,51.0,98.0,57.0,0.4861111111111111,0.05652173913043478,0.06882591093117409,0.03804737975592247,0.046263345195729534,0.038461538461538464,0.5816326530612245,0.47368421052631576,0.4411764705882353,0.0847457627118644,76.0,9.0,34.0,1.0,0.07004608294930875,30.0,19.0,0.03587443946188341,0.39473684210526316,0.4,0.9666666666666667,10.0,16.0,15.0,13.0,10.0,18.0,18.0,16.0,22.0,1.0,9.0,29.0,4.0,,0.3,0.42857142857142855,0.4411764705882353,0.06542056074766354,0.016891891891891893,0.1,0.4766355140186916,0.1568627450980392,0.625,0.14705882352941177,0.2222222222222222,0.8,0.06074766355140187,4.0,11.0,8.0,51.0,2.0,18.0,7.0,0.3,False,8.0,7.0,6.0,2.0,8.0,1.0,0.0096,0.018867924528301886,0.009107468123861567,0.020202020202020204,0.5333333333333333,1.0,0.5384615384615384,0.013157894736842105,,
1629674,1610612738,Neemias Queta,Neemias Queta,1629674,BOS,114785.40000000001,1913.0,467.0,3715,3737.0,648.0,571.0,514.0,7452,248.0,330.0,35.0,50.0,75.0,150.0,,9.0,,6.0,,,323.0,489.0,,7.0,123.0,769.0,4063.0,150.0,44.0,71.0,,,50.0,138.0,478.0,168.0,,,6.0,,63.0,61.0,124.0,50.0,16.0,32.0,309.0,138.0,197.0,193.0,8.0,398.0,228.0,626.0,25.0,60.0,45.0,15.0,28.0,13.0,46.0,7.0,15.0,,1.0,74.0,13.0,14.0,130.0,214.0,21.0,186.0,175.0,,75.0,,138.0,645.0,7.0,0.739938080495356,0.9446640316205533,,,,,0.6605316973415133,0.6197183098591549,0.6512096774193549,0.6197183098591549,0.668695652173913,0.6634615384615384,0.014112903225806451,14.974619289340101,0.3783783783783784,0.1038961038961039,0.20020746887966806,0.16159250585480095,0.19563058589870905,0.197869101978691,0.12296858071505959,0.18518518518518517,0.17647058823529413,0.20631970260223048,0.20901126408010012,0.14423076923076922,0.18248175182481752,0.6653225806451613,0.7515151515151515,0.8025889967637541,0.3024193548387097,0.5,0.5555555555555556,0.018145161290322582,,,,0.012096774193548387,,,,0.704225352112676,0.7,,,0.6794354838709677,,0.5742222782258066,0.5736353773584906,0.5705112676056339,0.13537906137184116,0.13711151736745886,,0.17945383615084526,3.5137014314928434,25.385714285714283,0.17442799461641992,2.0,3.0,42.0,230.0,36.0,89.0,98.0,54.0,99.0,57.0,0.6353591160220995,0.0736196319018405,0.1,0.08971774193548387,0.19069767441860466,0.09002433090024331,0.5757575757575758,0.7016129032258065,0.013071895424836602,0.29908972691807545,1.0,1.0,43.0,,0.0020161290322580645,,17.0,0.08823529411764706,,,,84.0,123.0,1.0,,,94.0,,140.0,15.0,1.0,43.0,2.0,1.0,4.0,,0.6266666666666667,0.6143790849673203,0.06363636363636363,0.09401709401709402,0.2127659574468085,0.8666666666666667,0.803921568627451,0.6829268292682927,0.006535947712418301,,,,,21.0,20.0,11.0,24.0,9.0,,0.19047619047619047,False,,,,1.0,1.0,4.0,,,,0.014705882352941176,,,,,1.0,
1630202,1610612738,Payton Pritchard,Payton Pritchard,1630202,BOS,148211.80000000005,2470.0,423.0,4848,4841.0,1211.0,1127.0,684.0,9689,92.0,135.0,20.0,30.0,145.0,268.0,47.0,111.0,180.0,490.0,31.0,99.0,284.0,514.0,202.0,536.0,110.0,1284.0,5483.0,65.0,73.0,129.0,37.0,114.0,66.0,323.0,140.0,428.0,450.0,156.0,490.0,180.0,215.0,180.0,395.0,144.0,112.0,79.0,970.0,33.0,127.0,108.0,2.0,237.0,69.0,306.0,11.0,57.0,39.0,18.0,52.0,33.0,55.0,10.0,19.0,6.0,11.0,107.0,13.0,25.0,45.0,111.0,13.0,116.0,125.0,,35.0,3.0,311.0,1199.0,6.0,0.24647887323943662,0.2564102564102564,0.7425742574257426,0.376865671641791,0.32456140350877194,0.376865671641791,0.5525291828793775,0.5658914728682171,0.559047619047619,0.5288065843621399,0.5798548094373865,0.5818181818181818,0.5104761904761905,21.326512612453698,0.48598130841121495,0.01639344262295082,0.09152542372881356,0.029596412556053813,0.1016,0.09670781893004116,0.028583264291632146,0.023297491039426525,0.08250825082508251,0.0953125,0.0989010989010989,0.11244979919678715,0.02178217821782178,0.12857142857142856,0.6814814814814815,0.7603305785123967,0.25523809523809526,0.5410447761194029,0.5846774193548387,0.10571428571428572,0.42342342342342343,0.43119266055045874,0.23404255319148937,0.4666666666666667,0.3673469387755102,0.3711340206185567,0.7277777777777777,0.12345679012345678,0.6666666666666666,0.4074074074074074,0.31313131313131315,0.6390476190476191,0.3673469387755102,0.4984399713467048,0.49760862068965533,0.47165413223140495,0.03521779425393883,0.06481481481481481,0.0055658627087198514,0.2515576323987539,9.325680933852146,26.88059701492537,0.24979372937293728,76.0,86.0,9.0,192.0,36.0,36.0,9.0,6.0,10.0,5.0,0.625,0.07003891050583658,0.07462686567164178,0.02771362586605081,0.021897810218978103,0.0285451197053407,0.5,0.34782608695652173,0.5033112582781457,0.14953271028037382,46.0,1.0,1.0,,0.04380952380952381,22.0,9.0,0.023474178403755867,0.4782608695652174,0.4782608695652174,0.8636363636363636,21.0,27.0,10.0,15.0,30.0,39.0,35.0,22.0,24.0,,7.0,4.0,2.0,1.0,0.4069767441860465,0.6,0.6059602649006622,0.1037037037037037,0.04946996466431095,0.09282700421940929,0.18620689655172415,0.17880794701986755,0.7777777777777778,0.06622516556291391,0.39473684210526316,0.8,0.06172839506172839,7.0,23.0,16.0,36.0,14.0,13.0,2.0,0.23809523809523808,False,5.0,6.0,5.0,,1.0,,0.009328358208955223,0.018018018018018018,0.01020408163265306,,0.5,1.0,0.4,,,
1630573,1610612738,Sam Hauser,Sam Hauser,1630573,BOS,110972.40000000002,1850.0,365.0,3659,3656.0,719.0,770.0,483.0,7315,22.0,27.0,3.0,3.0,19.0,34.0,12.0,34.0,144.0,384.0,21.0,61.0,53.0,95.0,188.0,480.0,17.0,687.0,4127.0,20.0,6.0,10.0,27.0,72.0,7.0,100.0,82.0,24.0,549.0,15.0,384.0,144.0,47.0,60.0,107.0,42.0,28.0,13.0,274.0,11.0,116.0,97.0,20.0,233.0,54.0,287.0,8.0,38.0,20.0,18.0,17.0,11.0,16.0,3.0,6.0,,1.0,33.0,2.0,3.0,54.0,104.0,7.0,33.0,20.0,,8.0,,98.0,709.0,8.0,0.7735849056603774,0.9318181818181818,0.973404255319149,0.39166666666666666,0.375,0.39166666666666666,0.5578947368421052,0.6,0.5826086956521739,0.5670731707317073,0.5883361921097771,0.5813953488372093,0.8347826086956521,14.555765595463138,0.5151515151515151,0.25,0.11098398169336385,0.01371571072319202,0.1187308085977482,0.11507293354943274,0.029072956664838178,0.015384615384615385,0.10599078341013825,0.11293634496919917,0.10906701708278581,0.1527777777777778,0.02476780185758514,0.04695652173913043,0.8148148148148148,0.8461538461538461,0.059130434782608696,0.5588235294117647,0.5757575757575758,0.059130434782608696,0.35294117647058826,0.36363636363636365,1.0,0.6678260869565218,0.375,0.37994722955145116,0.9652777777777778,0.036585365853658534,1.0,0.7439024390243902,0.3442622950819672,0.8817391304347826,0.375,0.5408723867595822,0.5087269230769231,0.5274384146341464,0.013793103448275862,0.08,,0.14556040756914118,10.215789473684211,25.961666666666662,0.19650177644165073,37.0,48.0,4.0,84.0,3.0,42.0,19.0,9.0,23.0,15.0,0.6,0.031578947368421054,0.029411764705882353,0.04113614103819784,0.010101010101010102,0.04104903078677309,0.6521739130434783,0.6363636363636364,0.5441176470588235,0.1222707423580786,96.0,4.0,7.0,,0.16695652173913045,44.0,3.0,0.041666666666666664,0.4583333333333333,0.4583333333333333,1.0,8.0,11.0,11.0,11.0,14.0,10.0,20.0,18.0,6.0,,6.0,7.0,3.0,,0.4166666666666667,0.5,0.5882352941176471,0.037037037037037035,0.014018691588785047,0.11176470588235295,0.7894736842105263,0.16176470588235295,0.7272727272727273,0.16176470588235295,0.3783783783783784,0.8571428571428571,0.13414634146341464,1.0,3.0,2.0,18.0,5.0,6.0,,,False,6.0,6.0,5.0,1.0,4.0,,0.010416666666666666,0.029411764705882353,0.013020833333333334,0.015384615384615385,0.5454545454545454,1.0,0.5454545454545454,,,
1631248,1610612738,Baylor Scheierman,Baylor Scheierman,1631248,BOS,80167.20000000001,1336.0,189.0,2604,2628.0,535.0,542.0,373.0,5232,19.0,27.0,6.0,6.0,23.0,45.0,8.0,10.0,48.0,137.0,12.0,19.0,50.0,82.0,89.0,221.0,17.0,384.0,2930.0,15.0,10.0,13.0,19.0,34.0,5.0,82.0,68.0,32.0,261.0,6.0,137.0,48.0,45.0,60.0,105.0,46.0,30.0,15.0,270.0,16.0,93.0,84.0,18.0,195.0,57.0,252.0,7.0,37.0,23.0,14.0,26.0,17.0,11.0,,9.0,4.0,1.0,37.0,6.0,10.0,44.0,100.0,12.0,64.0,20.0,,7.0,,82.0,530.0,13.0,0.68,0.7391304347826086,0.9775280898876404,0.40271493212669685,0.5588235294117647,0.40271493212669685,0.6097560975609756,0.7692307692307693,0.6056105610561056,0.8191489361702128,0.6137820512820513,0.82,0.7293729372937293,11.502966381015161,0.7027027027027027,0.2535211267605634,0.12804878048780488,0.027303754266211604,0.13943028485757122,0.13378684807256236,0.04169769173492182,0.030405405405405407,0.11560693641618497,0.13774104683195593,0.1471698113207547,0.10948905109489052,0.0440251572327044,0.0891089108910891,0.7037037037037037,0.76,0.1485148514851485,0.5111111111111111,0.5348837209302325,0.033003300330033,0.8,0.8,1.0,0.4521452145214521,0.35036496350364965,0.35036496350364965,0.9791666666666666,0.1276595744680851,1.0,0.40425531914893614,0.631578947368421,0.8184818481848185,0.35036496350364965,0.544401320132013,0.5327964285714285,0.5504617021276595,0.022653721682847898,0.07954545454545454,,0.21354166666666666,7.912195121951216,25.414027149321274,0.2054531490015361,15.0,30.0,2.0,48.0,4.0,40.0,4.0,,5.0,1.0,0.5217391304347826,0.04878048780487805,0.044444444444444446,0.052840158520475564,0.00641025641025641,0.0589171974522293,0.2,0.42105263157894735,0.3333333333333333,0.125,84.0,1.0,4.0,,0.27722772277227725,41.0,1.0,0.023255813953488372,0.4880952380952381,0.4880952380952381,0.975609756097561,6.0,7.0,15.0,15.0,2.0,11.0,8.0,8.0,,,11.0,24.0,,,0.26666666666666666,0.7333333333333333,0.5111111111111111,0.07407407407407407,0.04477611940298507,0.11666666666666667,0.782608695652174,0.15555555555555556,0.8571428571428571,0.3333333333333333,0.13333333333333333,1.0,0.3191489361702128,1.0,3.0,3.0,14.0,2.0,4.0,5.0,0.3333333333333333,False,6.0,7.0,,1.0,1.0,,,,,0.02127659574468085,0.4,0.8333333333333334,0.4666666666666667,,,
1641775,1610612738,Jordan Walsh,Jordan Walsh,1641775,BOS,67650.6,1128.0,83.0,2159,2204.0,492.0,483.0,337.0,4363,71.0,95.0,10.0,14.0,11.0,36.0,1.0,3.0,28.0,69.0,7.0,16.0,83.0,134.0,44.0,113.0,36.0,334.0,2556.0,43.0,13.0,24.0,10.0,22.0,14.0,70.0,98.0,68.0,132.0,,69.0,28.0,20.0,28.0,48.0,21.0,13.0,5.0,124.0,36.0,89.0,72.0,12.0,173.0,79.0,252.0,2.0,45.0,15.0,30.0,13.0,7.0,18.0,3.0,6.0,5.0,1.0,31.0,9.0,5.0,60.0,126.0,12.0,50.0,49.0,,24.0,1.0,70.0,488.0,8.0,0.5903614457831325,0.7424242424242424,1.0,0.3893805309734513,0.45454545454545453,0.3893805309734513,0.6194029850746269,0.5416666666666666,0.6032388663967612,0.6086956521739131,0.6254681647940075,0.6481481481481481,0.4574898785425101,11.608881963381378,0.41935483870967744,0.21428571428571427,0.12926391382405744,0.07422680412371134,0.16270566727605118,0.14583333333333334,0.07301293900184842,0.07569721115537849,0.1393939393939394,0.1326530612244898,0.14386792452830188,0.22764227642276422,0.019230769230769232,0.38461538461538464,0.7473684210526316,0.8068181818181818,0.145748987854251,0.3055555555555556,0.39285714285714285,0.012145748987854251,0.3333333333333333,0.3333333333333333,,0.2793522267206478,0.4057971014492754,0.4057971014492754,1.0,0.30434782608695654,0.7142857142857143,0.34782608695652173,0.4375,0.8421052631578947,0.4057971014492754,0.5834103238866397,0.5665621212121214,0.537363043478261,0.0946969696969697,0.16,0.008771929824561403,0.20958083832335328,3.0126865671641805,24.989380530973452,0.22788327929597035,13.0,16.0,11.0,80.0,15.0,43.0,23.0,14.0,28.0,17.0,0.6060606060606061,0.11194029850746269,0.2222222222222222,0.07202680067001675,0.07874015748031496,0.07171314741035857,0.6071428571428571,0.5492957746478874,0.22033898305084745,0.23952095808383234,44.0,5.0,9.0,1.0,0.17813765182186234,16.0,8.0,0.07368421052631578,0.36363636363636365,0.37209302325581395,1.0,21.0,33.0,3.0,6.0,6.0,24.0,7.0,34.0,2.0,1.0,12.0,6.0,,,0.4375,0.5581395348837209,0.5847457627118644,0.07368421052631578,0.06542056074766354,0.10204081632653061,0.9090909090909091,0.559322033898305,0.6363636363636364,0.05084745762711865,0.46153846153846156,1.0,0.13043478260869565,,3.0,3.0,7.0,2.0,6.0,,0.19047619047619047,False,1.0,3.0,1.0,,4.0,1.0,0.008849557522123894,,,,0.3333333333333333,1.0,0.5,0.022727272727272728,,
1630568,1610612738,Luka Garza,Luka Garza,1630568,BOS,63352.100000000006,1056.0,110.0,2079,2078.0,488.0,561.0,324.0,4157,98.0,136.0,19.0,28.0,38.0,68.0,2.0,4.0,48.0,101.0,12.0,23.0,138.0,208.0,52.0,118.0,82.0,514.0,2442.0,90.0,28.0,47.0,12.0,25.0,27.0,119.0,168.0,108.0,153.0,3.0,101.0,48.0,32.0,29.0,61.0,23.0,16.0,6.0,151.0,89.0,42.0,68.0,5.0,115.0,148.0,263.0,19.0,24.0,10.0,14.0,13.0,7.0,29.0,1.0,6.0,1.0,,42.0,11.0,10.0,87.0,153.0,24.0,111.0,108.0,,54.0,,119.0,488.0,7.0,0.6086956521739131,0.9333333333333333,0.9807692307692307,0.4406779661016949,0.48,0.4406779661016949,0.6634615384615384,0.5957446808510638,0.6625766871165644,0.6388888888888888,0.6890080428954424,0.6685393258426966,0.3619631901840491,16.767676767676768,0.30952380952380953,0.08771929824561403,0.14977973568281938,0.18816067653276955,0.07879924953095685,0.11144883485309018,0.13636363636363635,0.189873417721519,0.17391304347826086,0.12350597609561753,0.07004830917874397,0.1092436974789916,0.16666666666666666,0.4171779141104294,0.7205882352941176,0.7777777777777778,0.2085889570552147,0.5588235294117647,0.6666666666666666,0.012269938650306749,0.5,0.5,1.0,0.3098159509202454,0.4752475247524752,0.4752475247524752,0.9791666666666666,0.3888888888888889,0.6785714285714286,0.3194444444444444,0.5217391304347826,0.7791411042944786,0.4752475247524752,0.5495593558282209,0.5781276315789473,0.5399034722222222,0.14754098360655737,0.21774193548387097,,0.23151750972762647,3.80576923076923,25.931355932203395,0.23472823472823473,11.0,16.0,31.0,173.0,21.0,58.0,24.0,18.0,24.0,15.0,0.6975806451612904,0.10096153846153846,0.16176470588235295,0.09586776859504133,0.2966101694915254,0.09441233140655106,0.625,0.5102040816326531,0.10377358490566038,0.33657587548638135,17.0,,6.0,,0.05214723926380368,4.0,14.0,0.10465116279069768,0.23529411764705882,0.23529411764705882,1.0,54.0,78.0,5.0,2.0,7.0,59.0,8.0,96.0,10.0,1.0,27.0,2.0,,,0.5,0.6555555555555556,0.6698113207547169,0.07352941176470588,0.07627118644067797,0.19318181818181818,0.8421052631578947,0.7358490566037735,0.6923076923076923,0.04716981132075472,0.6363636363636364,1.0,0.027777777777777776,,7.0,7.0,6.0,18.0,1.0,5.0,0.12962962962962962,False,1.0,,,1.0,,,,,,0.023255813953488372,0.2,1.0,,,1.0,
1642864,1610612738,Hugo González,Hugo González,1642864,BOS,61154.29999999999,1019.0,256.0,1993,2035.0,490.0,496.0,298.0,4028,52.0,74.0,11.0,16.0,13.0,40.0,1.0,4.0,17.0,57.0,,8.0,66.0,118.0,39.0,110.0,13.0,262.0,2183.0,29.0,13.0,22.0,4.0,19.0,7.0,45.0,88.0,44.0,117.0,,57.0,17.0,16.0,23.0,39.0,14.0,8.0,7.0,101.0,26.0,92.0,66.0,18.0,176.0,58.0,234.0,1.0,39.0,23.0,16.0,21.0,11.0,12.0,1.0,10.0,2.0,3.0,33.0,4.0,10.0,46.0,112.0,4.0,50.0,26.0,,10.0,,45.0,490.0,9.0,0.6666666666666666,0.7857142857142857,1.0,0.35454545454545455,0.21052631578947367,0.35454545454545455,0.559322033898305,0.5909090909090909,0.5460526315789473,0.4634146341463415,0.5458333333333333,0.4891304347826087,0.4824561403508772,11.544991511035654,0.6363636363636364,0.34615384615384615,0.13865546218487396,0.057777777777777775,0.1678832116788321,0.154296875,0.05776892430278884,0.05063291139240506,0.1,0.14285714285714285,0.166270783847981,0.1732283464566929,0.009708737864077669,0.32456140350877194,0.7027027027027027,0.8253968253968254,0.17543859649122806,0.325,0.41935483870967744,0.017543859649122806,0.25,0.25,,0.25,0.2982456140350877,0.2982456140350877,1.0,0.3902439024390244,0.6875,0.1951219512195122,,0.8070175438596491,0.2982456140350877,0.5657910087719297,0.5903464285714286,0.5810378048780487,0.0425531914893617,0.08,,0.1717557251908397,4.222881355932203,24.749090909090906,0.24586051179126944,9.0,13.0,9.0,50.0,20.0,32.0,17.0,3.0,21.0,12.0,0.5,0.1694915254237288,0.225,0.05776173285198556,0.06504065040650407,0.058315334773218146,0.5714285714285714,0.6923076923076923,0.21428571428571427,0.19083969465648856,53.0,4.0,10.0,2.0,0.2324561403508772,22.0,3.0,0.054945054945054944,0.41509433962264153,0.41509433962264153,1.0,14.0,23.0,4.0,11.0,2.0,16.0,3.0,20.0,1.0,1.0,11.0,16.0,4.0,,0.23076923076923078,0.5517241379310345,0.4880952380952381,0.14864864864864866,0.06666666666666667,0.1782178217821782,0.6153846153846154,0.5476190476190477,0.6086956521739131,0.09523809523809523,0.2222222222222222,1.0,0.2682926829268293,,5.0,4.0,9.0,1.0,3.0,1.0,0.35714285714285715,False,1.0,4.0,,,2.0,,,,,,0.25,1.0,0.36363636363636365,,,
202696,1610612738,Nikola Vučević,Nikola Vučević,202696,BOS,19142.7,319.0,63.0,634,623.0,154.0,103.0,89.0,1257,19.0,29.0,4.0,8.0,22.0,51.0,,4.0,11.0,39.0,4.0,10.0,41.0,84.0,15.0,48.0,14.0,141.0,650.0,18.0,6.0,20.0,5.0,12.0,12.0,39.0,62.0,20.0,45.0,,39.0,11.0,15.0,12.0,27.0,9.0,8.0,6.0,66.0,12.0,36.0,39.0,3.0,78.0,24.0,102.0,4.0,7.0,7.0,,9.0,6.0,7.0,,3.0,,,16.0,2.0,4.0,18.0,29.0,2.0,28.0,17.0,,4.0,,39.0,154.0,,0.7560975609756098,0.9393939393939394,1.0,0.3125,0.4166666666666667,0.3125,0.4880952380952381,0.3,0.4810606060606061,0.421875,0.5035714285714286,0.5,0.36363636363636365,21.166892808683855,0.5625,0.17647058823529413,0.23493975903614459,0.08633093525179857,0.21428571428571427,0.2245508982035928,0.0718562874251497,0.09333333333333334,0.275,0.24210526315789474,0.21014492753623187,0.23333333333333334,0.058823529411764705,0.2196969696969697,0.6551724137931034,0.7037037037037037,0.38636363636363635,0.43137254901960786,0.46808510638297873,0.030303030303030304,,,,0.29545454545454547,0.28205128205128205,0.28205128205128205,1.0,0.25,0.5,0.3125,0.4,0.5833333333333334,0.28205128205128205,0.5107477272727273,0.5534923076923077,0.4929734375,0.02962962962962963,0.04597701149425287,,0.2765957446808511,5.972619047619047,25.995833333333334,0.24290220820189273,,2.0,,23.0,6.0,12.0,9.0,6.0,9.0,5.0,0.575,0.07142857142857142,0.0784313725490196,0.06153846153846154,0.08108108108108109,0.06535947712418301,0.5555555555555556,0.6842105263157895,,0.16312056737588654,9.0,,3.0,,0.06818181818181818,4.0,1.0,0.047619047619047616,0.4444444444444444,0.4444444444444444,1.0,7.0,11.0,2.0,2.0,,10.0,1.0,16.0,1.0,,2.0,,,,0.5,0.5555555555555556,0.575,0.06896551724137931,0.07407407407407407,0.16129032258064516,0.8181818181818182,0.55,0.6363636363636364,0.1,,,0.0625,,5.0,5.0,3.0,5.0,2.0,1.0,0.14285714285714285,False,1.0,1.0,,,,,,,,,0.5,1.0,0.5,,,
1628449,1610612738,Chris Boucher,Chris Boucher,1628449,BOS,5249.0,87.0,-2.0,170,178.0,35.0,66.0,24.0,348,5.0,7.0,1.0,1.0,1.0,2.0,,,2.0,11.0,1.0,1.0,6.0,9.0,2.0,13.0,3.0,21.0,202.0,4.0,1.0,1.0,1.0,3.0,2.0,7.0,8.0,4.0,6.0,,11.0,2.0,1.0,2.0,3.0,2.0,,1.0,8.0,,8.0,5.0,1.0,14.0,2.0,16.0,,5.0,3.0,2.0,,,1.0,,,,,1.0,1.0,,14.0,17.0,,4.0,4.0,,1.0,,7.0,35.0,,0.6666666666666666,0.8,1.0,0.15384615384615385,0.3333333333333333,0.15384615384615385,0.6666666666666666,1.0,0.4090909090909091,0.625,0.4375,0.7,0.5909090909090909,12.690355329949238,,0.3333333333333333,0.09433962264150944,,0.1951219512195122,0.13829787234042554,0.021739130434782608,,0.14285714285714285,0.037037037037037035,0.20689655172413793,0.16666666666666666,,0.3181818181818182,0.7142857142857143,0.8333333333333334,0.09090909090909091,0.5,0.5,,,,,0.5,0.18181818181818182,0.18181818181818182,1.0,0.25,1.0,0.25,1.0,0.9090909090909091,0.18181818181818182,0.563175,,0.6138999999999999,0.043478260869565216,0.1,,0.3333333333333333,2.5888888888888886,25.253846153846155,0.20588235294117646,,,,6.0,1.0,2.0,3.0,2.0,5.0,1.0,0.75,0.1111111111111111,,0.034482758620689655,,0.04081632653061224,0.2,0.6,,0.2857142857142857,2.0,2.0,1.0,1.0,0.09090909090909091,,,,,,,2.0,3.0,,2.0,,3.0,,2.0,,,2.0,1.0,,,,0.75,0.75,0.14285714285714285,,0.16666666666666666,1.0,0.75,0.6666666666666666,,,,0.5,,1.0,1.0,,1.0,,,0.5,False,,,,,1.0,,,,,,,,,,,
1629014,1610612738,Anfernee Simons,Anfernee Simons,1629014,BOS,68171.99999999999,1136.0,181.0,2257,2246.0,537.0,603.0,316.0,4503,31.0,46.0,4.0,6.0,55.0,111.0,24.0,72.0,108.0,275.0,18.0,48.0,110.0,229.0,122.0,307.0,63.0,649.0,2558.0,14.0,23.0,44.0,22.0,54.0,22.0,134.0,48.0,172.0,240.0,126.0,275.0,108.0,55.0,58.0,113.0,45.0,25.0,19.0,284.0,6.0,45.0,40.0,3.0,88.0,23.0,111.0,1.0,24.0,13.0,11.0,39.0,19.0,16.0,1.0,20.0,1.0,1.0,55.0,3.0,10.0,41.0,77.0,4.0,51.0,69.0,,25.0,4.0,128.0,531.0,11.0,0.21818181818181817,0.22429906542056074,0.6557377049180327,0.3973941368078176,0.4074074074074074,0.3973941368078176,0.48034934497816595,0.5227272727272727,0.5466417910447762,0.5714285714285714,0.5728241563055062,0.6157407407407407,0.5727611940298507,23.41796134899583,0.7090909090909091,0.05172413793103448,0.075046904315197,0.011538461538461539,0.08241758241758242,0.07877664504170528,0.01970865467009426,0.012,0.0821917808219178,0.07342657342657342,0.07565011820330969,0.10569105691056911,0.0036496350364963502,0.08582089552238806,0.6739130434782609,0.7948717948717948,0.20708955223880596,0.4954954954954955,0.5555555555555556,0.13432835820895522,0.3333333333333333,0.35294117647058826,0.20833333333333334,0.5130597014925373,0.3927272727272727,0.39416058394160586,0.6111111111111112,0.061224489795918366,0.6666666666666666,0.4897959183673469,0.375,0.6585820895522388,0.3927272727272727,0.5034173831775699,0.5527749999999999,0.48525051546391734,0.05197132616487455,0.10121457489878542,0.012861736334405145,0.20647149460708783,10.179912663755454,26.370684039087937,0.23792645104120513,35.0,41.0,7.0,78.0,23.0,17.0,5.0,2.0,5.0,2.0,0.6724137931034483,0.10043668122270742,0.10810810810810811,0.02627511591962906,0.008,0.026785714285714284,0.4,0.22580645161290322,0.6363636363636364,0.12018489984591679,32.0,,3.0,,0.05970149253731343,14.0,7.0,0.022988505747126436,0.4375,0.45161290322580644,1.0,5.0,5.0,6.0,6.0,15.0,10.0,17.0,6.0,11.0,1.0,1.0,1.0,,,0.4146341463414634,0.7142857142857143,0.6454545454545455,0.15217391304347827,0.013793103448275862,0.06930693069306931,0.21818181818181817,0.09090909090909091,1.0,0.10909090909090909,0.42857142857142855,0.7333333333333333,0.061224489795918366,4.0,5.0,2.0,13.0,2.0,7.0,,0.2,False,2.0,4.0,2.0,,,,0.006514657980456026,0.05555555555555555,0.0036363636363636364,,0.3333333333333333,1.0,0.6666666666666666,0.03125,,
1631169,1610612738,Josh Minott,Josh Minott,1631169,BOS,29691.100000000006,495.0,48.0,979,992.0,242.0,301.0,139.0,1971,26.0,32.0,10.0,12.0,6.0,21.0,,,23.0,47.0,4.0,12.0,32.0,53.0,34.0,75.0,17.0,183.0,1118.0,14.0,11.0,15.0,4.0,14.0,2.0,36.0,46.0,18.0,96.0,6.0,47.0,23.0,13.0,15.0,28.0,13.0,10.0,3.0,71.0,9.0,42.0,24.0,3.0,69.0,35.0,104.0,1.0,24.0,15.0,9.0,13.0,6.0,6.0,1.0,7.0,,1.0,19.0,2.0,4.0,23.0,49.0,5.0,20.0,20.0,1.0,9.0,1.0,36.0,242.0,6.0,0.71875,0.8214285714285714,0.9411764705882353,0.4533333333333333,0.2857142857142857,0.4533333333333333,0.6037735849056604,0.7333333333333333,0.6484375,0.5862068965517241,0.6678832116788321,0.5806451612903226,0.5859375,13.636363636363637,0.6842105263157895,0.11538461538461539,0.09716599190283401,0.04205607476635514,0.16470588235294117,0.13147410358565736,0.06387225548902195,0.037383177570093455,0.07352941176470588,0.08333333333333333,0.15566037735849056,0.20930232558139536,0.018867924528301886,0.25,0.8125,0.8666666666666667,0.1640625,0.2857142857142857,0.42857142857142855,,,,,0.3671875,0.48936170212765956,0.48936170212765956,0.9130434782608695,0.41379310344827586,0.8333333333333334,0.41379310344827586,0.3333333333333333,0.8359375,0.48936170212765956,0.567764453125,0.5151249999999999,0.5900068965517242,0.07352941176470588,0.14754098360655737,0.013333333333333334,0.19672131147540983,3.7943396226415094,25.398666666666664,0.24719101123595505,4.0,6.0,8.0,29.0,9.0,23.0,8.0,6.0,9.0,7.0,0.6041666666666666,0.16981132075471697,0.3333333333333333,0.08013937282229965,0.06382978723404255,0.08823529411764706,0.7777777777777778,0.7692307692307693,0.2,0.15846994535519127,28.0,1.0,2.0,,0.21875,11.0,1.0,0.04081632653061224,0.39285714285714285,0.39285714285714285,1.0,6.0,10.0,2.0,2.0,2.0,6.0,3.0,8.0,,,1.0,4.0,,,0.5,0.42857142857142855,0.525,0.0625,0.03333333333333333,0.1702127659574468,0.5,0.5,0.6,0.1,0.5,1.0,0.06896551724137931,,1.0,1.0,2.0,2.0,1.0,,0.3333333333333333,False,1.0,,,3.0,1.0,,,,,0.2,0.5,1.0,,,,
1642873,1610612738,Amari Williams,Amari Williams,1642873,BOS,7737.999999999999,129.0,-32.0,259,272.0,81.0,91.0,40.0,531,8.0,13.0,2.0,3.0,1.0,5.0,,1.0,,,,,9.0,19.0,,,7.0,25.0,284.0,7.0,2.0,6.0,,,5.0,9.0,14.0,4.0,,,,,2.0,7.0,9.0,7.0,2.0,,25.0,7.0,19.0,11.0,,30.0,8.0,38.0,,3.0,3.0,,6.0,5.0,4.0,,1.0,,,10.0,,4.0,9.0,17.0,,11.0,10.0,,4.0,,9.0,80.0,1.0,0.7777777777777778,1.0,,,,,0.47368421052631576,0.3333333333333333,0.47368421052631576,0.3333333333333333,0.5434782608695652,0.5,,10.749185667752444,0.6,,0.1896551724137931,0.0945945945945946,0.25333333333333335,0.22556390977443608,0.05517241379310345,0.1,0.19047619047619047,0.19230769230769232,0.2459016393442623,0.2857142857142857,,0.6842105263157895,0.6153846153846154,0.6153846153846154,0.2631578947368421,0.2,0.25,0.05263157894736842,,,,,,,,0.5,0.6666666666666666,,,0.6842105263157895,,0.5711105263157895,0.56448,0.51095,0.19047619047619047,0.19047619047619047,,0.36,3.5157894736842112,,0.3127413127413127,,,4.0,12.0,2.0,1.0,10.0,6.0,10.0,9.0,0.6,0.10526315789473684,0.2,0.014084507042253521,0.09523809523809523,,0.9,0.75,,0.48,,,4.0,,,,2.0,0.125,,,,3.0,5.0,,,,4.0,,4.0,,,4.0,,,,,0.5714285714285714,0.5714285714285714,,0.08695652173913043,0.18181818181818182,1.0,0.7142857142857143,0.6,,,,,,2.0,2.0,,4.0,,,0.3333333333333333,False,,,,,,1.0,,1.0,,,,,,,,
1629646,1610612738,Charles Bassey,Charles Bassey,1629646,BOS,1028.0,17.0,-5.0,33,38.0,7.0,11.0,8.0,71,4.0,5.0,,1.0,2.0,2.0,,,,,,,6.0,7.0,,,2.0,14.0,35.0,3.0,1.0,2.0,,,,2.0,8.0,4.0,,,,,,,,,,,,2.0,1.0,1.0,,2.0,4.0,6.0,,1.0,1.0,,1.0,,,,1.0,,,1.0,,,2.0,3.0,1.0,2.0,4.0,,2.0,,2.0,7.0,,0.6666666666666666,1.0,,,,,0.8571428571428571,0.5,0.8571428571428571,0.5,0.7777777777777778,0.5,,23.80952380952381,1.0,,0.125,0.2,0.08333333333333333,0.1,0.2,0.3333333333333333,,,,0.16666666666666666,,0.7142857142857143,0.8,0.8,0.2857142857142857,1.0,1.0,,,,,,,,,0.5,,,,0.7142857142857143,,0.5504142857142857,0.6082,0.4775,0.2222222222222222,0.2222222222222222,,0.14285714285714285,2.6571428571428575,,0.21212121212121213,,,1.0,5.0,,2.0,2.0,,2.0,2.0,0.625,,,0.2,,0.2222222222222222,1.0,0.5,,0.35714285714285715,,,2.0,,,,,,,,,2.0,3.0,,,,2.0,,4.0,,,,,,,,0.6666666666666666,0.6666666666666666,,,1.0,1.0,1.0,0.6666666666666666,,,,,,,,,,,,,False,,,,,,,,,,,,,,,,
1631199,1610612738,Ron Harper Jr.,Ron Harper Jr.,1631199,BOS,15470.599999999999,258.0,18.0,490,500.0,136.0,144.0,87.0,990,8.0,11.0,1.0,1.0,3.0,7.0,,,12.0,35.0,5.0,10.0,11.0,18.0,21.0,61.0,1.0,86.0,556.0,7.0,1.0,2.0,5.0,16.0,,17.0,8.0,14.0,63.0,,35.0,12.0,8.0,8.0,16.0,7.0,3.0,5.0,40.0,5.0,15.0,8.0,3.0,26.0,14.0,40.0,1.0,5.0,2.0,3.0,3.0,1.0,2.0,,2.0,,1.0,5.0,2.0,2.0,11.0,20.0,,5.0,2.0,,1.0,,17.0,136.0,1.0,0.36363636363636365,0.4444444444444444,1.0,0.3442622950819672,0.3125,0.3442622950819672,0.6111111111111112,0.5,0.5379746835443038,0.4722222222222222,0.5375,0.4722222222222222,0.7721518987341772,14.285714285714285,0.6,0.2,0.07272727272727272,0.04504504504504504,0.12096774193548387,0.09829059829059829,0.05185185185185185,0.03076923076923077,0.10714285714285714,0.04411764705882353,0.12371134020618557,0.1111111111111111,0.021739130434782608,0.13924050632911392,0.7272727272727273,0.7272727272727273,0.08860759493670886,0.42857142857142855,0.5,,,,,0.4430379746835443,0.34285714285714286,0.34285714285714286,1.0,0.05555555555555555,1.0,0.5555555555555556,0.5,0.9113924050632911,0.34285714285714286,0.5428601265822784,0.545,0.5173194444444443,0.0125,0.05263157894736842,,0.19767441860465115,4.511111111111112,25.044262295081964,0.27755102040816326,6.0,10.0,,9.0,1.0,9.0,5.0,4.0,8.0,4.0,0.2647058823529412,0.05555555555555555,0.14285714285714285,0.05660377358490566,0.06666666666666667,0.072,0.5,0.5,0.35294117647058826,0.10465116279069768,26.0,3.0,1.0,1.0,0.3291139240506329,9.0,,,0.34615384615384615,0.34615384615384615,1.0,2.0,4.0,4.0,6.0,1.0,3.0,1.0,4.0,,1.0,,1.0,,,0.1,0.42857142857142855,0.2647058823529412,,0.0625,0.14285714285714285,,0.23529411764705882,0.5,0.23529411764705882,0.16666666666666666,1.0,0.3333333333333333,,,,1.0,,,,,False,,,,,2.0,1.0,,,,,,,,,,
1642917,1610612738,Max Shulga,Max Shulga,1642917,BOS,672.0,11.0,-3.0,22,29.0,9.0,26.0,5.0,51,1.0,1.0,1.0,1.0,,1.0,,,,1.0,,,1.0,2.0,,1.0,2.0,4.0,20.0,1.0,1.0,1.0,,,2.0,4.0,2.0,,,,1.0,,2.0,,2.0,,,2.0,4.0,1.0,,,,,1.0,1.0,,,,,1.0,1.0,,,,,,1.0,,,3.0,5.0,,1.0,2.0,,1.0,,4.0,9.0,2.0,1.0,1.0,,,,,0.5,1.0,0.3333333333333333,1.0,0.5,1.0,0.3333333333333333,17.857142857142854,1.0,,,0.125,,,0.09090909090909091,,,,,,,0.3333333333333333,1.0,1.0,0.3333333333333333,,,,,,,0.3333333333333333,,,,1.0,1.0,,,0.6666666666666666,,0.5064333333333333,0.5804,0.5804,0.25,0.3333333333333333,,1.0,6.25,26.2,0.4090909090909091,,,2.0,4.0,,,,,,,1.0,,,,0.3333333333333333,,,1.0,,1.0,,,,,,,,,,,,1.0,1.0,,,,1.0,,,,,,,,,,1.0,1.0,,,,,1.0,1.0,,,,,,,,,,,,1.0,False,,,,,,,,,,,,,,,,
1642910,1610612738,John Tonje,John Tonje,1642910,BOS,738.3,12.0,-7.0,23,28.0,15.0,13.0,4.0,51,,,,,,,,,,2.0,,2.0,,,,2.0,2.0,2.0,30.0,,,,,2.0,2.0,2.0,,,,,2.0,,,1.0,1.0,1.0,,,3.0,,1.0,,1.0,2.0,,2.0,,1.0,1.0,,,,,,,,,,,,,1.0,,2.0,2.0,,1.0,,2.0,15.0,,,,,,,,,,,,0.3333333333333333,0.3333333333333333,1.0,10.0,,0.5,,,0.16666666666666666,0.125,,,,,,0.5,,,,,,,,,,,,1.0,,,,,,1.0,,1.0,,0.49065000000000003,0.49485,0.49065000000000003,0.3333333333333333,1.0,,1.0,,26.049999999999997,0.6521739130434783,1.0,1.0,,,,,,,,,,,,,,,,,1.0,,,,,,,,,,,,,,,,,,,,,,,,,,,,,,,,,,,,,,,,,,,,,,,,False,,,,,,,,,,,,,,,,
1630625,1610612738,Dalano Banton,Dalano Banton,1630625,BOS,928.0,15.0,-14.0,29,32.0,13.0,4.0,5.0,61,,,,,1.0,5.0,,,,,,,1.0,5.0,,,2.0,4.0,45.0,,1.0,4.0,,,2.0,4.0,,2.0,,,,,,2.0,2.0,2.0,,,6.0,,,,,,,,,,,,1.0,1.0,,,,,,1.0,,1.0,,1.0,,1.0,2.0,,1.0,,4.0,13.0,,,,,,,,0.2,0.25,0.2,0.25,0.3333333333333333,0.4,,18.91891891891892,1.0,,,,,,,,,,,,,,,,1.0,0.2,0.3333333333333333,,,,,,,,,,,,,,,0.4008,,0.407825,0.16666666666666666,0.16666666666666666,,1.0,7.339999999999999,,0.4482758620689655,,,,,2.0,,1.0,1.0,1.0,,,0.4,0.4,,,,,,,,,,,,,,,,,,,,,,,,,,,,,,,,,,,,,,,,,,,,,,,,,,,,,,False,,,,,,,,,,,,,,,,
1626192,1610612766,Pat Connaughton,Pat Connaughton,1626192,CHA,2377.0,40.0,-4.0,77,84.0,40.0,41.0,11.0,161,,1.0,,,,1.0,,,2.0,5.0,1.0,2.0,,2.0,3.0,10.0,1.0,10.0,73.0,1.0,,,2.0,4.0,1.0,7.0,,,9.0,,5.0,2.0,,1.0,1.0,1.0,,,3.0,2.0,3.0,4.0,,7.0,3.0,10.0,,3.0,3.0,,1.0,1.0,1.0,,,,,2.0,,1.0,,,,2.0,2.0,,,,7.0,40.0,,,,1.0,0.3,0.5,0.3,,,0.375,0.75,0.38461538461538464,0.7,0.8333333333333334,16.853932584269664,0.5,,0.2222222222222222,0.10526315789473684,0.23076923076923078,0.22580645161290322,0.07142857142857142,0.2222222222222222,0.25,0.2222222222222222,0.16666666666666666,1.0,,0.08333333333333333,,,0.08333333333333333,,,,,,,0.4166666666666667,0.4,0.4,1.0,,,0.5,0.5,0.9166666666666666,0.4,0.511825,0.56,0.4763625,,,,0.7,4.75,24.630000000000003,0.5194805194805194,1.0,1.0,,,1.0,1.0,,,,,,0.5,1.0,0.043478260869565216,,0.05555555555555555,,,0.5,,5.0,,,,0.4166666666666667,1.0,,,0.2,0.2,1.0,,1.0,,2.0,,,,,,,,,,,,,,,,0.2,,0.5,,,,,0.5,,1.0,1.0,,,1.0,1.0,,True,,1.0,,,,,,,,,,,0.5,,,
1629632,1610612766,Coby White,Coby White,1629632,CHA,1343.0,22.0,2.0,49,47.0,12.0,15.0,5.0,96,2.0,7.0,,1.0,,,,,2.0,5.0,1.0,1.0,2.0,7.0,2.0,5.0,1.0,11.0,50.0,,,1.0,1.0,1.0,,3.0,2.0,2.0,6.0,,5.0,2.0,,2.0,2.0,,,,6.0,,3.0,1.0,,4.0,,4.0,,,,,1.0,,2.0,,1.0,,1.0,3.0,,,1.0,2.0,,4.0,1.0,,1.0,,3.0,12.0,,0.5,0.5,1.0,0.4,1.0,0.4,0.2857142857142857,,0.4166666666666667,0.75,0.4583333333333333,0.75,0.4166666666666667,27.27272727272727,0.3333333333333333,,0.07692307692307693,,0.42857142857142855,0.2,,,0.125,,0.3333333333333333,1.0,,0.5833333333333334,0.2857142857142857,0.2857142857142857,,,,,,,,0.4166666666666667,0.4,0.4,1.0,0.5,,0.5,1.0,1.0,0.4,0.5682291666666667,0.53805,0.448225,0.08333333333333333,0.14285714285714285,,0.2727272727272727,2.528571428571429,26.419999999999998,0.24489795918367346,1.0,1.0,,3.0,,,1.0,,1.0,,1.5,,,,,,,0.5,1.0,0.2727272727272727,,,1.0,,,,1.0,,,,,,,,,1.0,,1.0,,,,,,,,1.0,,1.5,,,,,,,,1.0,1.0,,,,,2.0,,1.0,,,True,,,,,,,,,,,,,,,,
1630214,1610612766,Xavier Tillman,Xavier Tillman,1630214,CHA,4137.3,69.0,8.0,136,144.0,56.0,66.0,16.0,280,3.0,7.0,1.0,2.0,2.0,4.0,,,,3.0,,1.0,5.0,11.0,,3.0,1.0,11.0,131.0,3.0,3.0,6.0,,1.0,,6.0,8.0,2.0,,,3.0,,2.0,6.0,8.0,5.0,,1.0,22.0,4.0,2.0,4.0,1.0,7.0,9.0,16.0,1.0,3.0,3.0,,1.0,,2.0,,1.0,,,3.0,1.0,2.0,4.0,6.0,,4.0,4.0,,2.0,,6.0,56.0,,0.8,1.0,,,,,0.45454545454545453,0.5,0.35714285714285715,0.42857142857142855,0.34375,0.375,0.21428571428571427,12.337662337662337,0.3333333333333333,0.25,0.11764705882352941,0.125,0.09090909090909091,0.10714285714285714,0.125,0.07142857142857142,,0.23076923076923078,0.10526315789473684,,0.125,0.5,0.42857142857142855,0.5,0.2857142857142857,0.5,0.5,,,,,0.21428571428571427,,,,0.2857142857142857,0.5,0.14285714285714285,,0.7142857142857143,,0.5777964285714285,0.535625,0.4964857142857143,0.125,0.15384615384615385,,0.5454545454545454,4.090909090909091,25.03333333333333,0.4117647058823529,1.0,1.0,1.0,5.0,1.0,5.0,3.0,2.0,3.0,3.0,0.5,0.09090909090909091,,0.125,0.17647058823529413,0.125,1.0,0.6666666666666666,0.25,0.45454545454545453,,,1.0,,,,,0.125,,,,1.0,1.0,,,,2.0,,2.0,1.0,,1.0,1.0,,,,0.6666666666666666,0.5,0.14285714285714285,,0.125,1.0,0.25,1.0,,,,,,,,1.0,2.0,,,,True,,,,,,,,,,,,,,,,
1642851,1610612766,Kon Knueppel,Kon Knueppel,1642851,CHA,1167.3,19.0,4.0,43,44.0,6.0,14.0,4.0,87,1.0,3.0,,,,1.0,,,3.0,6.0,,1.0,1.0,4.0,3.0,6.0,5.0,16.0,41.0,,,,,1.0,,,,2.0,9.0,,6.0,3.0,,3.0,3.0,2.0,,,9.0,1.0,,2.0,1.0,3.0,1.0,4.0,1.0,2.0,,2.0,,,,,,,,,,,,1.0,,4.0,5.0,,3.0,,,6.0,1.0,,,1.0,0.5,,0.5,0.25,,0.55,,0.6666666666666666,,0.6,25.0,,0.5,0.14285714285714285,0.07142857142857142,,0.09090909090909091,0.037037037037037035,0.3333333333333333,0.125,,,,0.2,0.3,0.3333333333333333,0.5,0.1,,,,,,,0.6,0.5,0.5,1.0,,,1.0,,0.9,0.5,0.57475,,0.5607,0.25,0.5,,,2.45,26.116666666666664,0.13953488372093023,1.0,1.0,,,1.0,,,,,,,0.25,,,,,,,1.0,,,,,,,,1.0,,,,,,,,,,,,,,,1.0,,,,,,,0.3333333333333333,,0.25,,,,,,,,,,,1.0,,,,,True,,,,,,,,,,,,,,,,
1642883,1610612766,Sion James,Sion James,1642883,CHA,3472.3,58.0,12.0,114,120.0,40.0,48.0,14.0,234,,1.0,,,,3.0,,,2.0,8.0,1.0,3.0,,4.0,5.0,12.0,4.0,19.0,110.0,,,1.0,2.0,4.0,4.0,10.0,,,15.0,,8.0,2.0,6.0,4.0,10.0,2.0,4.0,2.0,24.0,,1.0,4.0,,5.0,1.0,6.0,,2.0,2.0,,1.0,1.0,1.0,1.0,,,,2.0,,1.0,,2.0,,4.0,4.0,,,1.0,10.0,40.0,,,,1.0,0.4166666666666667,0.5,0.4166666666666667,,,0.46875,0.6,0.5588235294117647,0.8333333333333334,0.75,14.615384615384615,0.5,,0.13333333333333333,,0.05,0.1,0.016129032258064516,,0.07692307692307693,0.2,0.05555555555555555,,,0.0625,,,0.1875,,,,,,,0.5,0.25,0.25,1.0,,,0.6,0.3333333333333333,0.8125,0.25,0.5595468749999999,0.47025,0.51888,0.058823529411764705,,0.07692307692307693,0.5263157894736842,4.925,25.058333333333334,0.3508771929824561,2.0,2.0,3.0,3.0,1.0,1.0,,,,,0.5,0.25,,0.02857142857142857,,0.03571428571428571,,,1.0,0.15789473684210525,4.0,,,,0.25,3.0,,,0.75,0.75,1.0,,,,1.0,,,,,,,1.0,1.0,,,,,,1.0,,0.14285714285714285,,,,,,,0.2,,,,2.0,,,,,True,,1.0,,,,,,,,,,,1.0,,,
1630163,1610612766,LaMelo Ball,LaMelo Ball,1630163,CHA,533.0,9.0,8.0,18,19.0,7.0,13.0,1.0,37,,,,,,1.0,,,3.0,5.0,1.0,2.0,,1.0,3.0,6.0,,9.0,16.0,,,1.0,1.0,3.0,,3.0,,,,9.0,5.0,3.0,1.0,1.0,2.0,1.0,,1.0,5.0,,1.0,,,1.0,,1.0,,,,,,,,,,,,,,,,,,,,,,,3.0,7.0,,,,,0.5,0.3333333333333333,0.5,,,0.6428571428571429,0.375,0.6428571428571429,0.375,0.8571428571428571,36.8421052631579,,,,,0.3333333333333333,0.14285714285714285,,,,,0.5,,,,,,0.14285714285714285,,,,,,,0.7142857142857143,0.6,0.6,,,,0.5,0.5,0.8571428571428571,0.6,0.5292,,0.512175,,,,0.3333333333333333,5.2,26.783333333333335,0.3888888888888889,,,,,,,,,,,,,,,,,,,,,1.0,,,,0.14285714285714285,,,,,,,,,,1.0,,,,,,,,,,,,,,,,,,,,,,,0.25,,,,,,,,,True,,,,,,,,,,,,,,,,
1630182,1610612766,Josh Green,Josh Green,1630182,CHA,2016.0,34.0,7.0,68,72.0,37.0,44.0,6.0,140,,1.0,,1.0,,,,,,3.0,,3.0,,1.0,2.0,6.0,,6.0,75.0,,,1.0,,3.0,,,,,6.0,,3.0,,2.0,1.0,3.0,1.0,2.0,,7.0,,1.0,,1.0,2.0,,2.0,,5.0,1.0,4.0,1.0,1.0,1.0,,,,,2.0,,1.0,1.0,2.0,1.0,,,,,,,37.0,,,,1.0,0.3333333333333333,,0.3333333333333333,,,0.42857142857142855,,0.42857142857142855,,0.8571428571428571,12.162162162162163,0.5,0.25,,,0.25,0.047619047619047616,,,,,,0.5,,0.14285714285714285,,,,,,,,,,0.42857142857142855,,,,0.25,,0.75,,1.0,,0.5637857142857142,,0.5266875,,,,,3.0,24.3,0.5441176470588235,,1.0,,3.0,,,,,,,1.5,,,,,,,,,0.5,3.0,,,,0.42857142857142855,2.0,,,0.6666666666666666,0.6666666666666666,1.0,,,1.0,,,,1.0,,,,,,,,1.0,,1.5,,,,,,,1.0,,,,,,,,,,,,True,1.0,,,,,,,,,,1.0,1.0,,,,
1641706,1610612766,Brandon Miller,Brandon Miller,1641706,CHA,935.0,16.0,4.0,32,31.0,18.0,20.0,2.0,63,1.0,3.0,1.0,2.0,3.0,6.0,1.0,1.0,2.0,4.0,,1.0,5.0,10.0,2.0,4.0,,16.0,32.0,,3.0,5.0,,1.0,,6.0,6.0,4.0,3.0,3.0,4.0,2.0,,,,,,,,,,,,,,,,1.0,1.0,,,,1.0,,,,,1.0,,1.0,,1.0,,,,,,,6.0,18.0,,0.6,0.6,0.5,0.5,,0.5,0.5,0.6,0.5714285714285714,0.5,0.5714285714285714,0.5,0.2857142857142857,44.11764705882353,,,,,,,,,,,,,,0.21428571428571427,0.3333333333333333,0.3333333333333333,0.42857142857142855,0.5,0.5,0.07142857142857142,1.0,1.0,,0.2857142857142857,0.5,0.5,0.5,0.3333333333333333,0.5,0.16666666666666666,,0.5,0.5,0.4813392857142857,,0.5136833333333333,,,,0.375,8.19,26.075000000000003,0.5625,,,,,,,1.0,1.0,1.0,1.0,,,,,,,1.0,1.0,,,,,,,,,,,,,,,,,,,,,,,,,,,,,,,,,,0.6666666666666666,,,,,,,,,,,1.0,,,,True,,,,,,,,,,,,,,,,
1630544,1610612766,Tre Mann,Tre Mann,1630544,CHA,2089.3,35.0,-1.0,64,72.0,32.0,32.0,8.0,136,2.0,3.0,1.0,2.0,2.0,5.0,2.0,3.0,3.0,9.0,1.0,5.0,6.0,11.0,4.0,10.0,2.0,26.0,55.0,,2.0,4.0,1.0,5.0,2.0,9.0,6.0,6.0,6.0,6.0,9.0,3.0,1.0,2.0,3.0,1.0,1.0,,8.0,,2.0,3.0,,5.0,,5.0,,3.0,1.0,2.0,,,2.0,,,,,2.0,,1.0,,1.0,,2.0,2.0,,,,9.0,32.0,,0.5,0.5,0.5,0.4,0.2,0.4,0.5454545454545454,0.5,0.5714285714285714,0.3888888888888889,0.5909090909090909,0.45,0.47619047619047616,32.87671232876713,,,0.17647058823529413,,0.16666666666666666,0.1724137931034483,,,0.25,0.1,0.18181818181818182,,,0.14285714285714285,0.6666666666666666,0.6666666666666666,0.23809523809523808,0.4,0.4,0.14285714285714285,0.6666666666666666,0.6666666666666666,0.5,0.42857142857142855,0.3333333333333333,0.3333333333333333,0.3333333333333333,0.2222222222222222,0.5,0.5555555555555556,0.2,0.6190476190476191,0.3333333333333333,0.48114047619047623,0.63285,0.4715944444444444,,,,0.34615384615384615,9.909090909090908,26.939999999999998,0.5,1.0,2.0,,3.0,,,1.0,1.0,1.0,1.0,0.75,,,,,,1.0,0.5,0.5,0.11538461538461539,1.0,,,,0.047619047619047616,1.0,,,1.0,1.0,1.0,,,1.0,,,,1.0,,,,,,,,0.5,,0.75,,,0.3333333333333333,0.5,,,0.5,,,,,1.0,1.0,1.0,1.0,1.0,,,True,1.0,,,,,,,,,,1.0,1.0,,,,
1641750,1610612766,Ryan Kalkbrenner,Ryan Kalkbrenner,1641750,CHA,1212.0,20.0,3.0,37,43.0,15.0,20.0,5.0,80,2.0,2.0,2.0,2.0,,,,,,,,,2.0,2.0,,1.0,,4.0,33.0,,2.0,2.0,,,,4.0,4.0,,,,,,,,,,,,,,,,,,,,,,,,,,1.0,,,,,1.0,,,,1.0,,,,,,,4.0,15.0,,1.0,1.0,,,,,1.0,1.0,0.6666666666666666,1.0,0.6666666666666666,1.0,0.3333333333333333,9.30232558139535,,,,,,,,,,,,,,0.6666666666666666,1.0,1.0,,,,,,,,,,,,1.0,1.0,,,1.0,,0.7578666666666667,,0.80725,,,,1.0,0.8,22.4,0.40540540540540543,,,,,,,,,,,,,,,,,,1.0,,,1.0,,,,0.3333333333333333,,,,,,,,,,,,,,,,,,,,,,,,,,,,,,,,,,,,,,1.0,,,,True,,,,,,,,,,,,,,,,
1642862,1610612766,Liam McNeeley,Liam McNeeley,1642862,CHA,681.0,11.0,,20,22.0,5.0,3.0,3.0,42,,1.0,,,,,,,1.0,1.0,,,,1.0,1.0,1.0,5.0,8.0,17.0,,,,,,2.0,2.0,,,3.0,,1.0,1.0,,,,,,,,,3.0,3.0,1.0,7.0,,7.0,,,,,,,,,,,,,,,,,,3.0,6.0,,2.0,,2.0,5.0,,,,1.0,1.0,,1.0,,,0.75,,0.8,1.0,0.5,20.833333333333336,,1.0,0.42857142857142855,,1.0,0.6,,,0.5,0.4,1.0,,,0.5,,,,,,,,,,0.5,1.0,1.0,1.0,,,,,1.0,1.0,0.514175,,,0.5,0.6666666666666666,,0.25,3.4,24.7,0.25,,,,,1.0,,,,,,,1.0,,,,,,,,,,,,,,,,,,,,,,,,,,,,,,,,,,,,,1.0,,,,,,,,,,,1.0,1.0,,,,,,True,,,,,,,,,,,,,,,,
1631217,1610612766,Moussa Diabaté,Moussa Diabaté,1631217,CHA,129.0,2.0,-5.0,4,4.0,,,1.0,8,,,,,,,,,,,,,,,,,,,7.0,,,,,,,,,,,,,,,,,,,,,,,,,,,,,,,,,,,,,,,,,,,,,,,,,,,,,,,,,,,,,,,,,,,,,,,,,,,,,,,,,,,,,,,,,,,,,,,,,,,,,,,,,,,,,,,,,,,,,,,,,,,,,,,,,,,,,,,,,,,,,,,,,,,,,,,,,,,,,,,,,,,,,,,,,,,,,,,,True,,,,,,,,,,,,,,,,
1641810,1610612766,Antonio Reeves,Antonio Reeves,1641810,CHA,374.0,6.0,7.0,11,10.0,8.0,10.0,3.0,21,,,,,,,,,1.0,1.0,1.0,1.0,,,1.0,1.0,,3.0,4.0,,,,1.0,1.0,,3.0,,,3.0,,1.0,1.0,1.0,,1.0,,,1.0,2.0,,1.0,1.0,,2.0,1.0,3.0,,,,,,,,,,,,,,,,,,,,,,,3.0,8.0,,,,1.0,1.0,1.0,1.0,,,1.5,1.5,1.5,1.5,1.0,7.142857142857142,,,1.0,,0.3333333333333333,0.5,0.14285714285714285,,,1.0,0.5,,,,,,,,,,,,,1.0,1.0,1.0,1.0,,,1.0,1.0,1.0,1.0,0.5715,0.5715,0.5715,,,,1.0,,25.5,0.7272727272727273,1.0,1.0,,3.0,,1.0,,,,,1.5,,,0.2,,0.2,,,1.0,1.0,,,,,,,,,,,,,,,,1.0,,1.0,,,,,,,,1.0,,1.5,,,,,,,,1.0,1.0,,,,,,,,,,True,,,,,,,,,,,,,,,,
1628970,1610612766,Miles Bridges,Miles Bridges,1628970,CHA,19.0,,3.0,1,,1.0,,1.0,1,,,,,,,,,,1.0,,1.0,,,,1.0,,,,,,,,1.0,,,,,,,1.0,,,,,,,,,,,,,,,,,,,,,,,,,,,,,,,,,,,,,,,1.0,,,,,,,,,,,,,,1.0,50.0,,,,,,,,,,,,,,,,,,,,,,,,1.0,,,,,,1.0,,1.0,,0.5292,,0.5292,,,,,,25.3,1.0,,,,,,,,,,,,,,,,,,,,,,,,,,,,,,,,,,,,,,,,,,,,,,,,,,,,,,,,,,,,,,,,,,,True,,,,,,,,,,,,,,,,
1629684,1610612766,Grant Williams,Grant Williams,1629684,CHA,103.0,2.0,-4.0,3,3.0,,,,6,,,,,,,,,,,,,,,,,,,7.0,,,,,,,,,,,,,,,,,,,,,,,,,,,,,,,,,,,,,,,,,,,,,,,,,,,,,,,,,,,,,,,,,,,,,,,,,,,,,,,,,,,,,,,,,,,,,,,,,,,,,,,,,,,,,,,,,,,,1.0,,1.0,,,,,,,,,,,,,,1.0,,,,,,,,,,,,,,,,,,,,,,,,,,,,,,,,,,,,,,,,,,,,True,,,,,,,,,,,,,,,,
1642275,1610612766,Tidjane Salaün,Tidjane Salaün,1642275,CHA,98.3,2.0,-4.0,3,5.0,3.0,4.0,,8,,,,,,,,,,,,,,,,,,,4.0,,,,,,,,,,,,,,,,,,,,,,,1.0,,1.0,,1.0,,,,,,,,,,,,,,,,,,,,,,,,3.0,,,,,,,,,,,,,,,,,,1.0,,,1.0,,,,,,,,,,,,,,,,,,,,,,,,,,,,,,,,,,,,,1.0,,,,,,,,,,,,,,,,,,,,,,,,,,,,,,,,,,,,,,,,,,,,,,,,,,,1.0,,,,,,,,,,,,,,,,True,,,,,,,,,,,,,,,,
1626192,1610612766,Pat Connaughton,Pat Connaughton,1626192,CHA,15204.100000000002,253.0,-26.0,493,513.0,153.0,158.0,81.0,1006,12.0,19.0,6.0,9.0,5.0,11.0,,,11.0,29.0,4.0,8.0,17.0,30.0,18.0,42.0,12.0,100.0,533.0,1.0,9.0,14.0,4.0,9.0,7.0,37.0,26.0,8.0,54.0,,29.0,11.0,12.0,5.0,17.0,4.0,11.0,1.0,39.0,4.0,13.0,26.0,,39.0,12.0,51.0,1.0,8.0,5.0,3.0,4.0,4.0,4.0,,,1.0,1.0,8.0,2.0,4.0,6.0,9.0,,17.0,18.0,,6.0,,37.0,153.0,1.0,0.7647058823529411,0.8125,1.0,0.42857142857142855,0.4444444444444444,0.42857142857142855,0.5666666666666667,0.6428571428571429,0.6111111111111112,0.6521739130434783,0.625,0.6607142857142857,0.5833333333333334,15.120274914089347,0.5,,0.1897810218978102,0.03361344537815126,0.11818181818181818,0.15789473684210525,0.046511627906976744,0.05357142857142857,0.16666666666666666,0.1791044776119403,0.10227272727272728,0.18181818181818182,0.03125,0.2638888888888889,0.631578947368421,0.6666666666666666,0.1527777777777778,0.45454545454545453,0.5555555555555556,,,,,0.4027777777777778,0.3793103448275862,0.3793103448275862,1.0,0.391304347826087,0.6666666666666666,0.34782608695652173,0.5,0.8472222222222222,0.3793103448275862,0.5361916666666668,0.50412,0.5107673913043478,0.07894736842105263,0.17647058823529413,,0.37,3.7133333333333334,25.492857142857144,0.3103448275862069,4.0,7.0,1.0,15.0,3.0,8.0,1.0,,1.0,1.0,0.8333333333333334,0.1,0.18181818181818182,0.05755395683453238,,0.07142857142857142,1.0,0.75,0.5,0.15,13.0,,1.0,,0.18055555555555555,7.0,2.0,0.024390243902439025,0.5384615384615384,0.5833333333333334,1.0,1.0,1.0,3.0,1.0,3.0,1.0,4.0,2.0,,,4.0,2.0,,,0.5714285714285714,1.0,0.875,0.05263157894736842,0.06666666666666667,0.2727272727272727,0.8,0.125,1.0,0.375,0.75,1.0,0.043478260869565216,,4.0,4.0,1.0,1.0,1.0,,,False,1.0,,1.0,,,,0.023809523809523808,,,,0.3333333333333333,1.0,,0.07692307692307693,,
1628970,1610612766,Miles Bridges,Miles Bridges,1628970,CHA,140364.0,2339.0,152.0,4722,4759.0,993.0,837.0,633.0,9481,197.0,309.0,49.0,73.0,123.0,258.0,6.0,21.0,102.0,311.0,19.0,69.0,326.0,588.0,147.0,438.0,204.0,1297.0,5543.0,61.0,67.0,123.0,31.0,99.0,74.0,301.0,342.0,310.0,411.0,30.0,311.0,102.0,92.0,149.0,241.0,108.0,66.0,25.0,631.0,26.0,181.0,156.0,29.0,366.0,75.0,441.0,19.0,46.0,27.0,19.0,57.0,37.0,50.0,4.0,20.0,,6.0,107.0,5.0,19.0,65.0,130.0,6.0,173.0,247.0,,110.0,4.0,293.0,981.0,3.0,0.5245398773006135,0.5533980582524272,0.9319727891156463,0.3356164383561644,0.31313131313131315,0.3356164383561644,0.5544217687074829,0.5447154471544715,0.5326510721247564,0.5112612612612613,0.569859402460457,0.5766283524904214,0.4269005847953216,22.75219298245614,0.5327102803738317,0.30526315789473685,0.13164556962025317,0.02529182879377432,0.17156398104265402,0.15044642857142856,0.03150984682713348,0.029304029304029304,0.12669683257918551,0.12274368231046931,0.17759237187127533,0.14814814814814814,0.03732809430255403,0.30116959064327486,0.6375404530744336,0.6746575342465754,0.25146198830409355,0.47674418604651164,0.5020408163265306,0.02046783625730994,0.2857142857142857,0.3,0.5,0.3031189083820663,0.3279742765273312,0.3322475570032573,0.9117647058823529,0.32882882882882886,0.6712328767123288,0.3108108108108108,0.2753623188405797,0.7280701754385965,0.3279742765273312,0.5420630859375001,0.5704014084507041,0.5370015909090908,0.10160427807486631,0.16176470588235295,0.00904977375565611,0.23207401696222052,4.931632653061223,25.629452054794534,0.210292249047014,40.0,58.0,22.0,150.0,31.0,46.0,27.0,9.0,32.0,20.0,0.5681818181818182,0.05272108843537415,0.050387596899224806,0.03659506762132061,0.024,0.034552845528455285,0.625,0.6091370558375635,0.33613445378151263,0.1156515034695451,127.0,5.0,18.0,1.0,0.12378167641325535,45.0,18.0,0.04395604395604396,0.3543307086614173,0.35714285714285715,0.9777777777777777,35.0,48.0,18.0,30.0,11.0,40.0,16.0,34.0,1.0,5.0,4.0,6.0,,,0.27586206896551724,0.6557377049180327,0.5378151260504201,0.05501618122977346,0.009345794392523364,0.1693121693121693,0.3902439024390244,0.40336134453781514,0.7291666666666666,0.15126050420168066,0.275,0.9090909090909091,0.13513513513513514,,16.0,11.0,41.0,9.0,22.0,,0.37142857142857144,False,5.0,12.0,5.0,3.0,4.0,6.0,0.01141552511415525,0.047619047619047616,0.012861736334405145,0.04225352112676056,0.2777777777777778,1.0,0.4,0.007874015748031496,1.0,
1629012,1610612766,Collin Sexton,Collin Sexton,1629012,CHA,56251.6,938.0,-34.0,1918,1928.0,515.0,474.0,265.0,3846,90.0,126.0,17.0,30.0,40.0,106.0,15.0,37.0,45.0,124.0,15.0,32.0,145.0,269.0,57.0,145.0,135.0,596.0,2228.0,38.0,28.0,61.0,17.0,35.0,59.0,166.0,108.0,182.0,135.0,36.0,124.0,45.0,96.0,61.0,157.0,43.0,67.0,27.0,375.0,9.0,32.0,26.0,4.0,62.0,18.0,80.0,4.0,36.0,17.0,19.0,50.0,26.0,39.0,5.0,24.0,1.0,3.0,89.0,4.0,21.0,29.0,75.0,4.0,145.0,154.0,,65.0,2.0,166.0,514.0,8.0,0.3724137931034483,0.38571428571428573,0.7894736842105263,0.3931034482758621,0.4857142857142857,0.3931034482758621,0.5390334572490706,0.45901639344262296,0.5567632850241546,0.5572916666666666,0.6166666666666667,0.6547619047619048,0.3502415458937198,25.538599640933572,0.5617977528089888,0.07692307692307693,0.05416666666666667,0.02142857142857143,0.07272727272727272,0.06304347826086956,0.0200445434298441,0.027522935779816515,0.07142857142857142,0.05240174672489083,0.07894736842105263,0.05102040816326531,0.0223463687150838,0.30434782608695654,0.7142857142857143,0.8181818181818182,0.2560386473429952,0.37735849056603776,0.425531914893617,0.0893719806763285,0.40540540540540543,0.4166666666666667,0.4,0.2995169082125604,0.3629032258064516,0.36585365853658536,0.7333333333333333,0.3125,0.5666666666666667,0.3333333333333333,0.46875,0.6545893719806763,0.3629032258064516,0.5342780193236717,0.4934875,0.5161651041666667,0.14377682403433475,0.20376175548589343,0.013605442176870748,0.2785234899328859,6.640892193308552,25.73448275862069,0.26850886339937435,12.0,15.0,12.0,77.0,29.0,9.0,7.0,3.0,7.0,4.0,0.652542372881356,0.10780669144981413,0.11320754716981132,0.01882845188284519,0.0196078431372549,0.01881720430107527,0.5714285714285714,0.36666666666666664,0.22641509433962265,0.12919463087248323,21.0,,3.0,,0.050724637681159424,12.0,15.0,0.018867924528301886,0.5714285714285714,0.5714285714285714,1.0,13.0,17.0,3.0,3.0,6.0,22.0,7.0,10.0,2.0,1.0,7.0,10.0,1.0,,0.4666666666666667,0.5789473684210527,0.6132075471698113,0.12698412698412698,,0.024096385542168676,0.375,0.32075471698113206,0.7647058823529411,0.05660377358490566,0.5,0.8333333333333334,0.03125,4.0,14.0,14.0,18.0,10.0,13.0,,0.23076923076923078,False,1.0,2.0,1.0,,,,0.006896551724137931,0.02702702702702703,0.008064516129032258,,0.3333333333333333,1.0,0.6666666666666666,,,
1630544,1610612766,Tre Mann,Tre Mann,1630544,CHA,37550.2,626.0,-146.0,1246,1256.0,442.0,441.0,195.0,2502,22.0,42.0,9.0,15.0,24.0,66.0,6.0,26.0,36.0,115.0,16.0,50.0,52.0,134.0,46.0,143.0,21.0,263.0,1511.0,18.0,18.0,49.0,17.0,57.0,11.0,98.0,32.0,72.0,93.0,45.0,115.0,36.0,44.0,39.0,83.0,28.0,32.0,10.0,205.0,10.0,24.0,40.0,3.0,67.0,20.0,87.0,5.0,22.0,15.0,7.0,35.0,19.0,16.0,1.0,16.0,2.0,1.0,51.0,10.0,17.0,33.0,68.0,5.0,22.0,25.0,,8.0,,98.0,442.0,8.0,0.3076923076923077,0.3076923076923077,0.6739130434782609,0.32167832167832167,0.2982456140350877,0.32167832167832167,0.3880597014925373,0.3673469387755102,0.4368231046931408,0.41037735849056606,0.45501730103806226,0.4375,0.516245487364621,23.082145281737947,0.6862745098039216,0.12,0.13937282229965156,0.034129692832764506,0.08823529411764706,0.11449016100178891,0.03129890453834116,0.029197080291970802,0.09375,0.15671641791044777,0.09433962264150944,0.06666666666666667,0.029940119760479042,0.15162454873646208,0.5238095238095238,0.55,0.23826714801444043,0.36363636363636365,0.39344262295081966,0.09386281588447654,0.23076923076923078,0.23076923076923078,0.6666666666666666,0.4151624548736462,0.3130434782608696,0.3130434782608696,0.5833333333333334,0.14150943396226415,0.6,0.4716981132075472,0.32,0.6678700361010831,0.3130434782608696,0.515189492753623,0.5100049999999999,0.5039823809523811,0.028070175438596492,0.056338028169014086,,0.3726235741444867,8.368656716417911,26.349650349650346,0.3547351524879615,14.0,21.0,,44.0,7.0,10.0,4.0,1.0,4.0,4.0,0.5641025641025641,0.05223880597014925,0.07575757575757576,0.028901734104046242,0.03418803418803419,0.015209125475285171,1.0,0.2727272727272727,0.358974358974359,0.16730038022813687,28.0,,3.0,,0.10108303249097472,10.0,,0.07228915662650602,0.35714285714285715,0.35714285714285715,1.0,2.0,4.0,7.0,7.0,8.0,7.0,10.0,,2.0,2.0,1.0,3.0,,,0.47619047619047616,0.3888888888888889,0.5641025641025641,0.047619047619047616,0.05128205128205128,0.17543859649122806,0.25,0.10256410256410256,0.5,0.1794871794871795,0.5714285714285714,0.875,0.0660377358490566,1.0,4.0,4.0,11.0,4.0,3.0,,,False,2.0,1.0,,,,,,,,,0.2857142857142857,1.0,0.14285714285714285,,,
1631217,1610612766,Moussa Diabaté,Moussa Diabaté,1631217,CHA,110764.49999999997,1846.0,357.0,3655,3710.0,869.0,761.0,577.0,7365,188.0,265.0,39.0,62.0,34.0,86.0,1.0,3.0,,1.0,,,223.0,354.0,1.0,2.0,114.0,563.0,4224.0,120.0,47.0,80.0,,,37.0,131.0,278.0,168.0,3.0,,1.0,,63.0,74.0,137.0,55.0,25.0,28.0,348.0,156.0,148.0,186.0,19.0,353.0,267.0,620.0,20.0,56.0,42.0,14.0,28.0,19.0,43.0,1.0,9.0,1.0,10.0,71.0,14.0,23.0,71.0,172.0,41.0,186.0,172.0,,77.0,,131.0,862.0,16.0,0.6233183856502242,0.8580246913580247,1.0,0.5,,0.5,0.6299435028248588,0.5875,0.6306179775280899,0.5875,0.6441647597254004,0.5954545454545455,0.0056179775280898875,11.587191891269294,0.39436619718309857,0.2676056338028169,0.20993227990970656,0.19427148194271482,0.17724550898203592,0.19407321324811155,0.1491031390134529,0.16990291262135923,0.2006172839506173,0.20240963855421687,0.17925925925925926,0.16875,0.22727272727272727,0.7443820224719101,0.7094339622641509,0.7800829875518672,0.24157303370786518,0.3953488372093023,0.4722222222222222,0.008426966292134831,0.3333333333333333,0.3333333333333333,1.0,0.0028089887640449437,,,,0.775,0.6290322580645161,,,0.75,,0.5968610955056183,0.5900247191011236,0.5973600000000001,0.18465227817745802,0.1855421686746988,,0.23268206039076378,2.9635593220338987,24.549999999999997,0.23775649794801643,1.0,1.0,39.0,193.0,38.0,110.0,68.0,28.0,68.0,38.0,0.6476510067114094,0.10734463276836158,0.16279069767441862,0.11213047910295616,0.24333333333333335,0.11237373737373738,0.5588235294117647,0.5957446808510638,0.008264462809917356,0.3428063943161634,1.0,,40.0,,0.0028089887640449437,1.0,16.0,0.1111111111111111,1.0,1.0,1.0,71.0,104.0,,,,77.0,,122.0,10.0,2.0,58.0,4.0,,1.0,,0.6416666666666667,0.6363636363636364,0.09056603773584905,0.14285714285714285,0.25170068027210885,0.7647058823529411,0.859504132231405,0.6826923076923077,,,,,,20.0,16.0,19.0,10.0,6.0,,0.1267605633802817,False,,,,1.0,,12.0,,,,0.015384615384615385,,,,,4.0,
1642851,1610612766,Kon Knueppel,Kon Knueppel,1642851,CHA,148263.39999999997,2471.0,304.0,5042,5042.0,1041.0,939.0,696.0,10084,119.0,181.0,23.0,37.0,105.0,205.0,13.0,44.0,196.0,480.0,34.0,103.0,237.0,430.0,265.0,618.0,189.0,1458.0,5817.0,49.0,40.0,85.0,43.0,127.0,67.0,276.0,280.0,194.0,732.0,63.0,480.0,196.0,137.0,128.0,265.0,83.0,90.0,43.0,658.0,36.0,158.0,153.0,13.0,324.0,94.0,418.0,15.0,53.0,30.0,23.0,103.0,58.0,53.0,15.0,45.0,7.0,5.0,156.0,21.0,33.0,88.0,165.0,14.0,178.0,220.0,4.0,79.0,16.0,272.0,1030.0,14.0,0.5907172995780591,0.6194690265486725,0.9207547169811321,0.42880258899676377,0.33858267716535434,0.42880258899676377,0.5511627906976744,0.47058823529411764,0.6054389312977099,0.49292452830188677,0.6380368098159509,0.563265306122449,0.5896946564885496,22.091636859138138,0.6602564102564102,0.12264150943396226,0.12439024390243902,0.03484995159728945,0.13775065387968613,0.13083718973496003,0.03722084367245657,0.0335195530726257,0.11724137931034483,0.1212624584717608,0.1399132321041215,0.1288888888888889,0.030864197530864196,0.17270992366412213,0.6574585635359116,0.7345679012345679,0.19561068702290077,0.5121951219512195,0.580110497237569,0.04198473282442748,0.29545454545454547,0.3170731707317073,0.6923076923076923,0.4580152671755725,0.4083333333333333,0.4100418410041841,0.8979591836734694,0.17452830188679244,0.6216216216216216,0.4858490566037736,0.3300970873786408,0.7624045801526718,0.4083333333333333,0.5381493779904304,0.537750704225352,0.5160714622641508,0.08362989323843416,0.1595959595959596,0.02384737678855326,0.18930041152263374,6.492790697674416,25.797896440129467,0.20646568821896072,59.0,83.0,19.0,169.0,46.0,54.0,17.0,9.0,18.0,11.0,0.599290780141844,0.10697674418604651,0.11707317073170732,0.03898916967509025,0.03926701570680628,0.036077705827937095,0.6111111111111112,0.6050420168067226,0.44696969696969696,0.11591220850480109,138.0,1.0,7.0,,0.1316793893129771,69.0,14.0,0.049342105263157895,0.5,0.5,0.9855072463768116,17.0,24.0,24.0,24.0,18.0,33.0,28.0,22.0,4.0,1.0,8.0,4.0,1.0,1.0,0.3373493975903614,0.673469387755102,0.5681818181818182,0.10497237569060773,0.02631578947368421,0.15025906735751296,0.5619047619047619,0.18181818181818182,0.7083333333333334,0.18181818181818182,0.3050847457627119,0.7777777777777778,0.11320754716981132,3.0,16.0,14.0,45.0,9.0,13.0,3.0,0.35294117647058826,False,10.0,9.0,2.0,4.0,1.0,1.0,0.003236245954692557,0.06818181818181818,0.004166666666666667,0.05128205128205128,0.4166666666666667,0.9,0.375,,,
1641750,1610612766,Ryan Kalkbrenner,Ryan Kalkbrenner,1641750,CHA,84931.3,1416.0,42.0,2919,2891.0,646.0,593.0,373.0,5810,188.0,237.0,46.0,58.0,23.0,40.0,1.0,2.0,,4.0,,1.0,212.0,279.0,,4.0,80.0,504.0,3300.0,99.0,49.0,66.0,,1.0,22.0,120.0,302.0,122.0,,,4.0,,20.0,31.0,51.0,23.0,10.0,9.0,133.0,79.0,84.0,111.0,11.0,206.0,162.0,368.0,10.0,31.0,25.0,6.0,19.0,8.0,39.0,4.0,11.0,4.0,1.0,58.0,14.0,16.0,60.0,103.0,10.0,92.0,113.0,,52.0,,120.0,645.0,9.0,0.7122641509433962,0.9617834394904459,,,,,0.7598566308243727,0.7424242424242424,0.7491166077738516,0.7313432835820896,0.7544910179640718,0.7317073170731707,0.014134275618374558,11.643835616438357,0.3275862068965517,0.1896551724137931,0.1510204081632653,0.1323283082077052,0.12,0.13588850174216027,0.1148014440433213,0.10062893081761007,0.15447154471544716,0.14444444444444443,0.11359404096834265,0.1411042944785276,0.22727272727272727,0.8374558303886925,0.7932489451476793,0.8703703703703703,0.1413427561837456,0.575,0.6764705882352942,0.007067137809187279,0.5,0.5,1.0,0.014134275618374558,,,,0.8656716417910447,0.7931034482758621,0.014925373134328358,,0.8515901060070671,,0.6329432862190812,0.6240856060606058,0.6238813432835822,0.1609907120743034,0.16300940438871472,,0.23809523809523808,2.163799283154122,26.125000000000004,0.22130866735183283,1.0,1.0,19.0,153.0,27.0,80.0,96.0,44.0,99.0,66.0,0.6710526315789473,0.0967741935483871,0.15,0.10152284263959391,0.19730941704035873,0.090311986863711,0.6666666666666666,0.6914893617021277,0.01,0.30357142857142855,,3.0,51.0,1.0,,,12.0,0.13966480446927373,,,,65.0,92.0,,,,67.0,,110.0,1.0,1.0,23.0,,1.0,1.0,,0.6767676767676768,0.67,0.08860759493670886,0.05357142857142857,0.16279069767441862,0.8695652173913043,0.92,0.7065217391304348,,,,,,11.0,10.0,8.0,21.0,5.0,1.0,0.15384615384615385,False,,,,3.0,2.0,5.0,,,,0.05555555555555555,,,,,2.0,
1642883,1610612766,Sion James,Sion James,1642883,CHA,104828.7,1747.0,58.0,3473,3594.0,998.0,1049.0,490.0,7067,44.0,89.0,9.0,18.0,9.0,35.0,,4.0,45.0,134.0,10.0,41.0,53.0,128.0,76.0,216.0,78.0,412.0,4017.0,23.0,12.0,25.0,17.0,65.0,32.0,107.0,56.0,50.0,216.0,12.0,134.0,45.0,63.0,88.0,151.0,58.0,47.0,14.0,390.0,14.0,108.0,95.0,22.0,225.0,48.0,273.0,6.0,49.0,29.0,20.0,30.0,19.0,31.0,3.0,11.0,3.0,9.0,61.0,2.0,14.0,54.0,145.0,4.0,92.0,94.0,,39.0,4.0,107.0,991.0,11.0,0.5283018867924528,0.5957446808510638,0.9473684210526315,0.35185185185185186,0.26153846153846155,0.35185185185185186,0.4140625,0.48,0.48546511627906974,0.4166666666666667,0.533678756476684,0.5,0.627906976744186,11.050679851668725,0.4918032786885246,0.2857142857142857,0.11020881670533643,0.019021739130434784,0.1291866028708134,0.11955241460541814,0.028554070473876064,0.026246719160104987,0.11371237458193979,0.1011764705882353,0.13050075872534142,0.12429378531073447,0.031914893617021274,0.25872093023255816,0.4943820224719101,0.5714285714285714,0.10174418604651163,0.2571428571428571,0.3333333333333333,0.011627906976744186,,,,0.38953488372093026,0.3358208955223881,0.34615384615384615,0.9111111111111111,0.2,0.5,0.45555555555555555,0.24390243902439024,0.8866279069767442,0.3358208955223881,0.5610115160349852,0.5875660714285713,0.5431382022471909,0.11286089238845144,0.2422360248447205,0.01818181818181818,0.25970873786407767,3.83046875,25.130555555555556,0.2873596314425569,18.0,24.0,12.0,44.0,20.0,33.0,20.0,7.0,20.0,10.0,0.41509433962264153,0.15625,0.22857142857142856,0.03626373626373627,0.010416666666666666,0.04261363636363636,0.5,0.5681818181818182,0.3829787234042553,0.10679611650485436,82.0,,13.0,,0.23837209302325582,31.0,6.0,0.014563106796116505,0.3780487804878049,0.3875,1.0,9.0,20.0,6.0,24.0,2.0,10.0,4.0,12.0,2.0,,8.0,19.0,,,0.16666666666666666,0.43478260869565216,0.3404255319148936,0.1348314606741573,0.014925373134328358,0.13043478260869565,0.3333333333333333,0.425531914893617,0.45,0.1276595744680851,0.1111111111111111,1.0,0.26666666666666666,,5.0,5.0,30.0,7.0,7.0,1.0,0.2222222222222222,False,2.0,7.0,6.0,1.0,,1.0,0.027777777777777776,,0.029850746268656716,0.013157894736842105,0.3333333333333333,1.0,0.2916666666666667,0.024390243902439025,,1.0
1629632,1610612766,Coby White,Coby White,1629632,CHA,21090.700000000004,352.0,96.0,688,688.0,220.0,200.0,107.0,1376,30.0,39.0,14.0,18.0,20.0,50.0,7.0,16.0,33.0,81.0,7.0,21.0,57.0,105.0,36.0,96.0,65.0,287.0,767.0,6.0,21.0,40.0,7.0,23.0,20.0,83.0,30.0,84.0,78.0,30.0,81.0,33.0,26.0,33.0,59.0,21.0,18.0,6.0,151.0,1.0,18.0,23.0,4.0,45.0,10.0,55.0,1.0,5.0,2.0,3.0,20.0,13.0,13.0,4.0,7.0,,4.0,33.0,2.0,17.0,20.0,35.0,1.0,53.0,76.0,,34.0,1.0,83.0,220.0,4.0,0.2631578947368421,0.26785714285714285,0.7222222222222222,0.375,0.30434782608695654,0.375,0.5428571428571428,0.525,0.5522388059701493,0.5,0.6111111111111112,0.5684931506849316,0.47761194029850745,32.84132841328413,0.6060606060606061,0.3076923076923077,0.12777777777777777,0.007518796992481203,0.1,0.11388888888888889,0.02727272727272727,,0.08771929824561403,0.13829787234042554,0.08,0.2,0.011111111111111112,0.19402985074626866,0.7692307692307693,0.8108108108108109,0.24875621890547264,0.4,0.46511627906976744,0.07960199004975124,0.4375,0.4375,0.2857142857142857,0.40298507462686567,0.4074074074074074,0.4074074074074074,0.696969696969697,0.2857142857142857,0.7777777777777778,0.3333333333333333,0.3333333333333333,0.6716417910447762,0.4074074074074074,0.5042770000000002,0.4966625,0.49937619047619053,0.15350877192982457,0.2595419847328244,0.010309278350515464,0.289198606271777,7.4485714285714275,26.22708333333334,0.31976744186046513,15.0,18.0,2.0,36.0,9.0,8.0,2.0,1.0,2.0,,0.72,0.08571428571428572,0.14,0.04060913705583756,0.024390243902439025,0.04697986577181208,,0.3,0.625,0.1254355400696864,15.0,,1.0,,0.07462686567164178,3.0,8.0,0.020833333333333332,0.2,0.21428571428571427,1.0,2.0,2.0,3.0,2.0,7.0,5.0,8.0,2.0,2.0,,,2.0,,,0.4444444444444444,0.8333333333333334,0.7083333333333334,0.05128205128205128,,0.1724137931034483,0.2,0.08333333333333333,1.0,0.125,0.4666666666666667,1.0,0.031746031746031744,1.0,6.0,5.0,12.0,3.0,2.0,1.0,0.5,False,1.0,,1.0,1.0,,,0.010416666666666666,,,0.05555555555555555,0.3333333333333333,1.0,,0.06666666666666667,,
1630182,1610612766,Josh Green,Josh Green,1630182,CHA,51216.5,854.0,193.0,1687,1719.0,466.0,523.0,259.0,3406,19.0,29.0,6.0,9.0,5.0,11.0,1.0,2.0,20.0,51.0,5.0,10.0,25.0,42.0,55.0,130.0,25.0,240.0,1863.0,10.0,8.0,12.0,9.0,28.0,9.0,52.0,36.0,14.0,165.0,,51.0,20.0,26.0,18.0,44.0,15.0,15.0,8.0,106.0,9.0,32.0,17.0,4.0,53.0,45.0,98.0,3.0,30.0,16.0,14.0,19.0,15.0,14.0,3.0,4.0,2.0,,33.0,10.0,12.0,26.0,62.0,4.0,42.0,28.0,,8.0,3.0,52.0,466.0,7.0,0.72,0.72,1.0,0.4230769230769231,0.32142857142857145,0.4230769230769231,0.5952380952380952,0.6666666666666666,0.625,0.5375,0.6521739130434783,0.5777777777777777,0.7558139534883721,10.866299449173761,0.5757575757575758,0.12121212121212122,0.0413625304136253,0.024793388429752067,0.07459207459207459,0.058333333333333334,0.054678007290400975,0.015873015873015872,0.05303030303030303,0.028985507246376812,0.07668711656441718,0.06796116504854369,0.034482758620689655,0.1686046511627907,0.6551724137931034,0.7307692307692307,0.06395348837209303,0.45454545454545453,0.5555555555555556,0.011627906976744186,0.5,0.5,1.0,0.29651162790697677,0.39215686274509803,0.39215686274509803,1.0,0.225,0.6666666666666666,0.25,0.5,0.9244186046511628,0.39215686274509803,0.5780043604651165,0.561223076923077,0.5725149999999999,0.055248618784530384,0.16326530612244897,0.015151515151515152,0.21666666666666667,4.0476190476190474,24.15230769230769,0.27622999407231774,13.0,23.0,3.0,44.0,5.0,36.0,5.0,4.0,5.0,3.0,0.6285714285714286,0.11904761904761904,0.18181818181818182,0.0782608695652174,0.032,0.08493150684931507,0.6,0.6842105263157895,0.3939393939393939,0.18333333333333332,79.0,,1.0,,0.45930232558139533,35.0,1.0,0.05263157894736842,0.4430379746835443,0.4430379746835443,1.0,6.0,7.0,10.0,18.0,4.0,7.0,9.0,,3.0,1.0,2.0,15.0,,,0.391304347826087,0.7,0.6212121212121212,0.10344827586206896,0.04081632653061224,0.05555555555555555,0.8,0.21212121212121213,0.8571428571428571,0.30303030303030304,0.3076923076923077,1.0,0.45,,2.0,2.0,3.0,5.0,3.0,1.0,0.8333333333333334,False,5.0,4.0,,,,,,,,,0.5,1.0,0.2222222222222222,,,
1629684,1610612766,Grant Williams,Grant Williams,1629684,CHA,40003.7,667.0,197.0,1351,1343.0,428.0,437.0,223.0,2694,9.0,14.0,2.0,4.0,12.0,26.0,3.0,6.0,31.0,82.0,9.0,21.0,24.0,46.0,50.0,128.0,44.0,242.0,1453.0,7.0,7.0,13.0,15.0,35.0,17.0,76.0,38.0,10.0,141.0,9.0,82.0,31.0,22.0,32.0,54.0,19.0,17.0,5.0,140.0,9.0,41.0,47.0,3.0,91.0,41.0,132.0,2.0,13.0,9.0,4.0,13.0,11.0,18.0,1.0,2.0,2.0,1.0,31.0,3.0,8.0,25.0,55.0,6.0,51.0,54.0,3.0,16.0,8.0,76.0,426.0,9.0,0.7916666666666666,0.8636363636363636,0.94,0.390625,0.42857142857142855,0.390625,0.5217391304347826,0.5384615384615384,0.5689655172413793,0.6145833333333334,0.6173469387755102,0.6785714285714286,0.735632183908046,13.96923076923077,0.41935483870967744,0.09375,0.1551155115511551,0.03614457831325301,0.11614730878186968,0.13414634146341464,0.05648854961832061,0.05263157894736842,0.11764705882352941,0.17901234567901234,0.13026819923371646,0.07608695652173914,0.021505376344086023,0.08045977011494253,0.6428571428571429,0.75,0.14942528735632185,0.46153846153846156,0.5,0.034482758620689655,0.5,0.5,1.0,0.47126436781609193,0.3780487804878049,0.3780487804878049,0.9354838709677419,0.08333333333333333,0.5,0.4375,0.42857142857142855,0.8160919540229885,0.3780487804878049,0.5339632183908046,0.52019,0.5168583333333333,0.12435233160621761,0.26666666666666666,0.06015037593984962,0.3140495867768595,8.226086956521739,25.014843750000008,0.3168023686158401,10.0,17.0,6.0,31.0,4.0,28.0,12.0,4.0,15.0,7.0,0.5740740740740741,0.08695652173913043,0.07692307692307693,0.06896551724137931,0.012195121951219513,0.07668711656441718,0.4666666666666667,0.6666666666666666,0.4166666666666667,0.128099173553719,46.0,3.0,8.0,,0.26436781609195403,19.0,2.0,0.0375,0.41304347826086957,0.4318181818181818,0.9473684210526315,2.0,3.0,7.0,14.0,4.0,2.0,7.0,4.0,,,5.0,2.0,,,0.4117647058823529,0.2857142857142857,0.5208333333333334,0.14285714285714285,0.029411764705882353,0.14285714285714285,0.8333333333333334,0.125,0.6666666666666666,0.2916666666666667,0.4,0.75,0.2916666666666667,,3.0,3.0,13.0,8.0,6.0,5.0,,False,3.0,6.0,2.0,4.0,3.0,1.0,0.015625,,,0.12121212121212122,0.42857142857142855,1.0,0.42857142857142855,0.043478260869565216,,
1630163,1610612766,LaMelo Ball,LaMelo Ball,1630163,CHA,116807.80000000002,1947.0,420.0,3989,3926.0,727.0,591.0,593.0,7915,97.0,169.0,23.0,44.0,113.0,274.0,21.0,53.0,219.0,612.0,33.0,99.0,231.0,496.0,258.0,702.0,154.0,1390.0,4597.0,52.0,42.0,100.0,41.0,115.0,59.0,266.0,116.0,346.0,489.0,285.0,612.0,219.0,267.0,231.0,498.0,159.0,187.0,67.0,1227.0,41.0,155.0,116.0,3.0,274.0,60.0,334.0,27.0,83.0,55.0,28.0,119.0,86.0,74.0,11.0,33.0,7.0,4.0,193.0,16.0,37.0,74.0,187.0,22.0,215.0,172.0,3.0,52.0,5.0,262.0,720.0,16.0,0.2510822510822511,0.26976744186046514,0.6317829457364341,0.36752136752136755,0.3565217391304348,0.36752136752136755,0.4657258064516129,0.42,0.5158597662771286,0.4813953488372093,0.5433412135539795,0.5365853658536586,0.5859766277128547,31.14614401363443,0.616580310880829,0.04225352112676056,0.12236286919831224,0.05030674846625767,0.17089305402425578,0.14609164420485174,0.029789419619928096,0.06682027649769585,0.05934718100890208,0.13452914798206278,0.16455696202531644,0.19387755102040816,0.04186046511627907,0.14106844741235391,0.5739644970414202,0.6423841059602649,0.2287145242070117,0.4124087591240876,0.46311475409836067,0.04424040066777963,0.39622641509433965,0.40384615384615385,0.2857142857142857,0.5108514190317195,0.35784313725490197,0.35960591133004927,0.5844748858447488,0.20465116279069767,0.5227272727272727,0.4604651162790698,0.3333333333333333,0.7270450751252087,0.35784313725490197,0.5225615159128973,0.5386159793814432,0.49886643192488256,0.04596774193548387,0.09701492537313433,0.007102272727272727,0.19136690647482013,7.145564516129032,26.88846153846153,0.18225119077463023,81.0,113.0,15.0,208.0,49.0,17.0,15.0,7.0,15.0,6.0,0.6011560693641619,0.09879032258064516,0.10948905109489052,0.015017667844522967,0.03389830508474576,0.01312910284463895,0.4,0.20618556701030927,0.4909090909090909,0.14964028776978416,90.0,,7.0,,0.07512520868113523,39.0,12.0,0.022935779816513763,0.43333333333333335,0.43333333333333335,0.8974358974358975,14.0,27.0,32.0,16.0,30.0,29.0,45.0,32.0,13.0,3.0,11.0,18.0,1.0,,0.39823008849557523,0.5576923076923077,0.5848484848484848,0.10650887573964497,0.023255813953488372,0.21818181818181817,0.2831858407079646,0.16363636363636364,0.5185185185185185,0.19393939393939394,0.37037037037037035,0.9,0.07441860465116279,12.0,29.0,23.0,72.0,14.0,23.0,,,False,15.0,8.0,3.0,2.0,,,0.004273504273504274,0.018867924528301886,0.004901960784313725,0.03333333333333333,0.46875,0.9333333333333333,0.5,,,
1641706,1610612766,Brandon Miller,Brandon Miller,1641706,CHA,113654.69999999998,1894.0,368.0,3836,3827.0,852.0,773.0,550.0,7663,101.0,148.0,20.0,27.0,110.0,263.0,25.0,74.0,167.0,446.0,33.0,96.0,236.0,485.0,197.0,513.0,191.0,1254.0,4322.0,49.0,46.0,95.0,41.0,111.0,60.0,275.0,224.0,248.0,486.0,105.0,446.0,167.0,98.0,117.0,215.0,85.0,68.0,28.0,547.0,25.0,132.0,109.0,5.0,246.0,67.0,313.0,28.0,60.0,42.0,18.0,99.0,60.0,59.0,8.0,39.0,,1.0,158.0,8.0,39.0,84.0,172.0,10.0,166.0,214.0,4.0,73.0,18.0,267.0,840.0,12.0,0.4745762711864407,0.48695652173913045,0.8223350253807107,0.3840155945419103,0.36936936936936937,0.3840155945419103,0.4865979381443299,0.4842105263157895,0.532565130260521,0.5218446601941747,0.574585635359116,0.5808510638297872,0.5140280561122245,27.706013363028955,0.6265822784810127,0.078125,0.11546610169491525,0.03125,0.14301191765980498,0.129084092126406,0.035326086956521736,0.04337899543378995,0.1144578313253012,0.12663755458515283,0.1375,0.1625615763546798,0.053742802303262956,0.14829659318637275,0.6824324324324325,0.7062937062937062,0.2635270541082164,0.41825095057034223,0.44534412955465585,0.07414829659318638,0.33783783783783783,0.3472222222222222,0.36,0.4468937875751503,0.3744394618834081,0.3778280542986425,0.7964071856287425,0.13106796116504854,0.7407407407407407,0.46601941747572817,0.34375,0.6623246492985972,0.3744394618834081,0.5165350551654966,0.4962985074626865,0.48967073170731706,0.08317757009345794,0.13394495412844037,0.030476190476190476,0.21929824561403508,8.02639175257732,26.151461988304106,0.22210636079249219,55.0,62.0,14.0,149.0,23.0,40.0,40.0,19.0,42.0,19.0,0.6324786324786325,0.04742268041237113,0.060836501901140684,0.038461538461538464,0.018315018315018316,0.039192399049881234,0.4523809523809524,0.6237623762376238,0.4954954954954955,0.11881977671451356,67.0,2.0,17.0,1.0,0.06713426853707415,30.0,13.0,0.03535353535353535,0.44776119402985076,0.46153846153846156,0.9666666666666667,7.0,13.0,7.0,15.0,25.0,24.0,29.0,12.0,2.0,2.0,6.0,6.0,4.0,,0.46774193548387094,0.4897959183673469,0.6081081081081081,0.033783783783783786,0.011235955056179775,0.08441558441558442,0.36363636363636365,0.11711711711711711,0.5384615384615384,0.06306306306306306,0.45454545454545453,0.88,0.07281553398058252,6.0,14.0,11.0,32.0,26.0,17.0,2.0,0.14285714285714285,False,4.0,8.0,6.0,2.0,1.0,3.0,0.011695906432748537,0.02702702702702703,0.008968609865470852,0.02857142857142857,0.5714285714285714,1.0,0.5333333333333333,0.029850746268656716,1.0,
1642354,1610612766,KJ Simpson,KJ Simpson,1642354,CHA,13387.600000000002,223.0,-32.0,453,454.0,153.0,103.0,66.0,907,11.0,24.0,3.0,9.0,8.0,23.0,,3.0,9.0,33.0,2.0,6.0,19.0,50.0,12.0,39.0,10.0,84.0,540.0,8.0,6.0,17.0,2.0,7.0,6.0,24.0,12.0,26.0,27.0,9.0,33.0,9.0,15.0,20.0,35.0,14.0,9.0,6.0,90.0,1.0,11.0,12.0,,23.0,5.0,28.0,2.0,16.0,13.0,3.0,16.0,12.0,8.0,3.0,4.0,,,24.0,1.0,7.0,5.0,14.0,1.0,25.0,16.0,,5.0,1.0,24.0,153.0,2.0,0.3157894736842105,0.35294117647058826,0.75,0.3076923076923077,0.2857142857142857,0.3076923076923077,0.38,0.35294117647058826,0.4157303370786517,0.375,0.4375,0.41379310344827586,0.43820224719101125,22.727272727272727,0.6666666666666666,,0.11214953271028037,0.01,0.12941176470588237,0.11979166666666667,0.023474178403755867,,0.1276595744680851,0.125,0.1527777777777778,,0.0392156862745098,0.2696629213483146,0.4583333333333333,0.5238095238095238,0.25842696629213485,0.34782608695652173,0.38095238095238093,0.033707865168539325,,,,0.3707865168539326,0.2727272727272727,0.2727272727272727,0.6666666666666666,0.375,0.3333333333333333,0.25,0.3333333333333333,0.7078651685393258,0.2727272727272727,0.538620224719101,0.48288125000000004,0.5495958333333334,0.06382978723404255,0.09259259259259259,0.025,0.2857142857142857,5.938000000000001,26.374358974358966,0.33774834437086093,2.0,4.0,,12.0,5.0,4.0,,,,,0.5,0.1,0.08695652173913043,0.035398230088495575,0.022727272727272728,0.024096385542168676,,0.45454545454545453,0.16666666666666666,0.14285714285714285,6.0,,,,0.06741573033707865,3.0,1.0,0.06666666666666667,0.5,0.5,1.0,2.0,3.0,2.0,1.0,1.0,3.0,2.0,4.0,,,4.0,3.0,,,0.5,0.375,0.5,0.125,,0.05,0.125,0.25,0.6666666666666666,0.16666666666666666,0.5,1.0,0.041666666666666664,,2.0,2.0,6.0,3.0,1.0,,,False,1.0,,,,,,,,,,0.5,1.0,,,,
1642862,1610612766,Liam McNeeley,Liam McNeeley,1642862,CHA,21112.3,352.0,15.0,701,712.0,272.0,226.0,101.0,1413,8.0,12.0,2.0,3.0,6.0,21.0,,,15.0,37.0,5.0,16.0,14.0,33.0,23.0,59.0,27.0,124.0,804.0,5.0,2.0,7.0,9.0,24.0,17.0,48.0,20.0,8.0,66.0,3.0,37.0,15.0,11.0,12.0,23.0,8.0,7.0,3.0,58.0,2.0,27.0,21.0,4.0,52.0,13.0,65.0,1.0,5.0,4.0,1.0,7.0,5.0,6.0,2.0,2.0,,2.0,13.0,2.0,5.0,17.0,36.0,2.0,25.0,33.0,,12.0,,48.0,272.0,2.0,0.7142857142857143,0.7692307692307693,0.9565217391304348,0.3898305084745763,0.375,0.3898305084745763,0.42424242424242425,0.2857142857142857,0.5271739130434783,0.5,0.5740740740740741,0.5853658536585366,0.6413043478260869,14.774114774114775,0.5384615384615384,0.3076923076923077,0.1320754716981132,0.012578616352201259,0.16463414634146342,0.14860681114551083,0.03488372093023256,,0.12962962962962962,0.12987012987012986,0.15503875968992248,0.2,0.02,0.13043478260869565,0.6666666666666666,0.7272727272727273,0.22826086956521738,0.2857142857142857,0.3333333333333333,,,,,0.40217391304347827,0.40540540540540543,0.40540540540540543,0.9333333333333333,0.0967741935483871,0.6666666666666666,0.5161290322580645,0.3125,0.7717391304347826,0.40540540540540543,0.5287857142857142,0.4519916666666666,0.4998916666666666,0.11650485436893204,0.2727272727272727,,0.3870967741935484,5.118181818181818,25.60847457627119,0.3880171184022825,7.0,8.0,6.0,19.0,4.0,10.0,3.0,1.0,3.0,2.0,0.5588235294117647,0.12121212121212122,0.14285714285714285,0.05405405405405406,0.03125,0.05921052631578947,0.6666666666666666,0.625,0.5384615384615384,0.1532258064516129,22.0,,2.0,,0.2391304347826087,8.0,1.0,0.030303030303030304,0.36363636363636365,0.36363636363636365,1.0,2.0,2.0,1.0,8.0,2.0,2.0,3.0,2.0,1.0,,3.0,2.0,,,0.375,0.4,0.5,0.08333333333333333,,0.14285714285714285,0.8333333333333334,0.15384615384615385,1.0,0.07692307692307693,0.2857142857142857,0.5,0.25806451612903225,,5.0,5.0,4.0,2.0,,,0.5,False,1.0,4.0,,1.0,,,,,,0.047619047619047616,1.0,1.0,0.5,,,
203486,1610612766,Mason Plumlee,Mason Plumlee,203486,CHA,7471.0,125.0,8.0,250,265.0,71.0,90.0,37.0,515,9.0,11.0,2.0,2.0,,1.0,,,,,,,9.0,12.0,,,8.0,26.0,306.0,3.0,2.0,2.0,,,4.0,8.0,16.0,2.0,,,,,5.0,11.0,16.0,8.0,4.0,,43.0,3.0,10.0,17.0,3.0,30.0,10.0,40.0,1.0,6.0,3.0,3.0,4.0,4.0,5.0,,,,,9.0,2.0,2.0,7.0,10.0,,13.0,12.0,,5.0,,8.0,71.0,,0.8888888888888888,1.0,,,,,0.75,1.0,0.75,1.0,0.7647058823529411,0.8,,8.754208754208754,0.4444444444444444,0.25,0.3269230769230769,0.06666666666666667,0.19230769230769232,0.25961538461538464,0.07017543859649122,0.043478260869565216,0.17647058823529413,0.5,0.1590909090909091,0.375,0.5,0.9166666666666666,0.8181818181818182,0.8181818181818182,0.08333333333333333,,,,,,,,,,,1.0,1.0,,,0.9166666666666666,,0.6959499999999998,0.5565,0.7559,0.3333333333333333,0.3333333333333333,,0.3076923076923077,1.3916666666666666,,0.284,,,,2.0,1.0,5.0,,,,,0.25,0.08333333333333333,1.0,0.07246376811594203,0.125,0.0784313725490196,,0.8888888888888888,,0.07692307692307693,,,,,,,2.0,0.05555555555555555,,,,1.0,2.0,,,,1.0,,2.0,1.0,,4.0,,,1.0,,0.3333333333333333,0.3333333333333333,,,0.1111111111111111,,0.6666666666666666,0.5,,,,,,2.0,2.0,3.0,2.0,3.0,1.0,,False,,,,2.0,,1.0,,,,0.4,,,,,,
1641810,1610612766,Antonio Reeves,Antonio Reeves,1641810,CHA,3686.5999999999995,61.0,22.0,119,118.0,42.0,39.0,22.0,237,2.0,4.0,2.0,2.0,,2.0,1.0,1.0,2.0,6.0,1.0,3.0,3.0,7.0,6.0,12.0,,24.0,120.0,1.0,2.0,3.0,3.0,5.0,,13.0,4.0,2.0,18.0,,6.0,2.0,,2.0,2.0,1.0,,,6.0,,3.0,1.0,,4.0,1.0,5.0,,1.0,1.0,,1.0,1.0,,,,,,1.0,,1.0,2.0,3.0,,,,,,,13.0,42.0,1.0,0.6666666666666666,0.6666666666666666,1.0,0.5,0.6,0.5,0.42857142857142855,0.6666666666666666,0.631578947368421,0.8125,0.631578947368421,0.8125,0.631578947368421,14.084507042253522,1.0,,0.034482758620689655,,0.125,0.07547169811320754,0.017241379310344827,,0.07142857142857142,,0.10526315789473684,0.2,,0.21052631578947367,0.5,0.6666666666666666,0.10526315789473684,,,0.05263157894736842,1.0,1.0,,0.3157894736842105,0.3333333333333333,0.3333333333333333,1.0,0.25,1.0,0.375,0.3333333333333333,0.8421052631578947,0.3333333333333333,0.553521052631579,0.4803,0.57641875,,,,0.5416666666666666,5.685714285714285,25.01666666666667,0.35294117647058826,2.0,3.0,,8.0,1.0,1.0,,,,,1.0,0.14285714285714285,,0.034482758620689655,,0.043478260869565216,,1.0,0.5,0.3333333333333333,6.0,,,,0.3157894736842105,4.0,,,0.6666666666666666,0.6666666666666666,1.0,1.0,1.0,1.0,2.0,1.0,1.0,2.0,,,,,,,,0.6666666666666666,1.0,1.0,0.25,,,,0.25,1.0,0.25,0.5,1.0,0.25,,,,1.0,,,,1.0,False,1.0,2.0,,,,,,,,,1.0,1.0,1.0,,,
1642275,1610612766,Tidjane Salaün,Tidjane Salaün,1642275,CHA,34166.5,569.0,7.0,1139,1162.0,404.0,403.0,159.0,2301,37.0,54.0,10.0,13.0,7.0,21.0,,,22.0,54.0,6.0,16.0,44.0,75.0,36.0,83.0,26.0,222.0,1318.0,11.0,14.0,22.0,13.0,29.0,12.0,79.0,66.0,22.0,105.0,3.0,54.0,22.0,10.0,17.0,27.0,15.0,6.0,3.0,71.0,13.0,70.0,48.0,4.0,122.0,26.0,148.0,1.0,16.0,9.0,7.0,12.0,6.0,13.0,2.0,6.0,1.0,1.0,25.0,1.0,6.0,25.0,54.0,3.0,35.0,40.0,,17.0,,79.0,404.0,6.0,0.75,0.8048780487804879,0.9722222222222222,0.43373493975903615,0.4482758620689655,0.43373493975903615,0.5866666666666667,0.6363636363636364,0.620253164556962,0.6568627450980392,0.6271186440677966,0.6475409836065574,0.5253164556962026,15.04491017964072,0.48,0.18181818181818182,0.1791044776119403,0.05327868852459016,0.24390243902439024,0.2126126126126126,0.04770992366412214,0.05128205128205128,0.1414141414141414,0.20161290322580644,0.2489451476793249,0.22,0.014492753623188406,0.34177215189873417,0.6851851851851852,0.74,0.13291139240506328,0.3333333333333333,0.4375,,,,,0.34177215189873417,0.4074074074074074,0.4074074074074074,1.0,0.2549019607843137,0.7692307692307693,0.3137254901960784,0.375,0.8670886075949367,0.4074074074074074,0.5577894904458596,0.5640181818181819,0.5439607843137256,0.09883720930232558,0.19101123595505617,,0.35585585585585583,3.2119999999999997,25.838554216867475,0.3546971027216857,7.0,10.0,2.0,35.0,9.0,12.0,7.0,3.0,7.0,5.0,0.7608695652173914,0.12,0.23809523809523808,0.04285714285714286,0.057692307692307696,0.027522935779816515,0.7142857142857143,0.7567567567567568,0.3333333333333333,0.15765765765765766,29.0,,3.0,,0.18354430379746836,14.0,3.0,0.0967741935483871,0.4827586206896552,0.4827586206896552,0.9285714285714286,5.0,9.0,3.0,13.0,4.0,6.0,7.0,6.0,1.0,,7.0,2.0,1.0,,0.7,0.5454545454545454,0.7857142857142857,0.07407407407407407,0.043478260869565216,0.2,0.7142857142857143,0.42857142857142855,0.5555555555555556,0.14285714285714285,0.5714285714285714,1.0,0.2549019607843137,,5.0,5.0,2.0,4.0,3.0,1.0,0.2,False,3.0,7.0,,1.0,,,,,,0.02857142857142857,1.0,1.0,0.5384615384615384,,,
1641790,1610612766,PJ Hall,PJ Hall,1641790,CHA,11202.2,187.0,-31.0,381,381.0,100.0,119.0,53.0,762,21.0,38.0,7.0,13.0,2.0,8.0,,2.0,,,,,23.0,48.0,2.0,2.0,21.0,73.0,452.0,18.0,8.0,19.0,,,8.0,24.0,32.0,14.0,6.0,,,,2.0,6.0,8.0,5.0,2.0,,22.0,17.0,19.0,15.0,2.0,36.0,30.0,66.0,,3.0,3.0,,8.0,5.0,7.0,1.0,3.0,,,15.0,2.0,3.0,14.0,18.0,1.0,19.0,26.0,,9.0,1.0,24.0,100.0,1.0,0.6956521739130435,0.8888888888888888,1.0,1.0,,1.0,0.4791666666666667,0.42105263157894735,0.52,0.42105263157894735,0.5887096774193549,0.5217391304347826,0.04,17.620137299771166,0.5333333333333333,0.25,0.16853932584269662,0.17525773195876287,0.19,0.17989417989417988,0.16666666666666666,0.125,0.19230769230769232,0.16,0.13333333333333333,0.36,,0.76,0.5526315789473685,0.6774193548387096,0.16,0.25,0.3333333333333333,0.04,,,,,,,,0.6842105263157895,0.5384615384615384,,,0.8,,0.582909,0.58835,0.5562947368421053,0.1694915254237288,0.16071428571428573,0.3333333333333333,0.3287671232876712,2.9250000000000003,23.299999999999997,0.26246719160104987,,1.0,,17.0,9.0,13.0,8.0,5.0,8.0,2.0,0.4473684210526316,0.1875,0.25,0.1566265060240964,0.22857142857142856,0.14754098360655737,0.25,0.6666666666666666,,0.2328767123287671,2.0,,3.0,,0.04,2.0,1.0,0.18181818181818182,1.0,1.0,1.0,7.0,16.0,1.0,,,7.0,1.0,10.0,,,3.0,2.0,,,1.0,0.3888888888888889,0.4473684210526316,0.18421052631578946,0.21428571428571427,0.15384615384615385,1.0,0.8421052631578947,0.4375,0.05263157894736842,,,,,3.0,3.0,1.0,1.0,3.0,,0.14285714285714285,False,1.0,,,,,,,,,,1.0,1.0,,,,
1641809,1610612766,Drew Peterson,Drew Peterson,1641809,CHA,3856.1000000000004,64.0,-10.0,128,127.0,38.0,29.0,20.0,255,2.0,3.0,1.0,1.0,,1.0,,,,7.0,,4.0,2.0,4.0,,12.0,1.0,5.0,145.0,,1.0,1.0,,4.0,,2.0,2.0,2.0,,,7.0,,1.0,1.0,2.0,,,1.0,5.0,,3.0,1.0,2.0,6.0,3.0,9.0,,3.0,1.0,2.0,,,,,,,,,,,3.0,3.0,,3.0,2.0,,1.0,,2.0,38.0,,0.5,0.5,,,,,0.5,1.0,0.125,0.2,0.14705882352941177,0.2,0.75,11.18421052631579,,0.4,0.043478260869565216,,0.11538461538461539,0.08163265306122448,0.043478260869565216,,,0.125,0.13636363636363635,,,0.1875,0.6666666666666666,0.6666666666666666,0.0625,,,,,,,0.4375,,,,0.2,1.0,0.8,,0.9375,,0.5570468749999999,0.453675,0.53985,0.058823529411764705,0.2,,0.4,3.125,25.925,0.296875,2.0,2.0,,,,3.0,1.0,,1.0,1.0,,,,0.08108108108108109,,0.07142857142857142,1.0,0.5,1.0,,5.0,,1.0,,0.3125,,,0.1111111111111111,,,,,,,,,,,,,,1.0,1.0,,,,,,,,,,,,,,,,,,,1.0,,,,,False,,,,,,,,,,,,,,,,
