EntityId,TeamId,Name,ShortName,RowId,TeamAbbreviation,SecondsPlayed,Minutes,PlusMinus,OffPoss,DefPoss,PenaltyOffPoss,PenaltyDefPoss,TotalPoss,OpponentPoints,DefThreePtRebounds,DefRebounds,Rebounds,PenaltyOffPossExcludingTakeFouls,DefThreePtReboundPct,DefFGReboundPct,DefCorner3ReboundPct,PenaltyOffPossPct,SecondChanceOffPoss,ShootingFouls,Fouls,DefArc3ReboundPct,Arc3FGA,SecondChanceArc3FGA,PenaltyArc3FGA,FG3A,FtPoints,Points,SecondChanceFG3A,PenaltyFG3A,PenaltyFtPoints,PenaltyPoints,NonHeaveArc3FGA,BadPassOutOfBoundsTurnovers,DeadBallTurnovers,Turnovers,PenaltyTurnovers,FoulsDrawn,FTA,TwoPtShootingFoulsDrawn,PenaltyPointsExcludingTakeFouls,TsPct,PenaltyTsPct,FG3APct,Usage,Arc3Frequency,SecondChanceArc3Frequency,PenaltyArc3Frequency,AtRimFG3AFrequency,ShotQualityAvg,PenaltyShotQualityAvg,ShootingFoulsDrawnPct,TwoPtShootingFoulsDrawnPct,PenaltyPointsPct,Avg3ptShotDistance,Arc3FGM,FG3M,PtsAssisted3s,NonHeaveArc3FGM,FTDefRebounds,Steals,LostBallSteals,Assisted3sPct,Fg3Pct,NonHeaveFg3Pct,EfgPct,DefFTReboundPct,Arc3Accuracy,UnblockedArc3Accuracy,Arc3PctAssisted,NonHeaveArc3Accuracy,ShortMidRangeFGA,LongMidRangeFGA,FG2A,PenaltyFG2A,Fg2aBlocked,ThreePtAssists,Assists,Arc3Assists,AssistPoints,OffThreePtRebounds,OffRebounds,FG2APctBlocked,ShortMidRangePctBlocked,OffThreePtReboundPct,OffFGReboundPct,OffArc3ReboundPct,ShortMidRangeFrequency,LongMidRangeFrequency,Avg2ptShotDistance,on,AtRimFGM,AtRimFGA,SecondChanceAtRimFGA,PenaltyAtRimFGM,PenaltyAtRimFGA,ShortMidRangeFGM,LongMidRangeFGM,Corner3FGA,SecondChanceArc3FGM,PenaltyArc3FGM,FG2M,SecondChanceFG2A,SecondChanceFG3M,SecondChanceFtPoints,SecondChancePoints,PenaltyFG2M,PenaltyFG3M,PtsAssisted2s,TwoPtAssists,Corner3Assists,AtRimAssists,ShortMidRangeAssists,OffTwoPtRebounds,FTOffRebounds,DefTwoPtRebounds,SelfOReb,BadPassSteals,LiveBallTurnovers,BadPassTurnovers,Loose Ball Fouls,Offensive Fouls,Loose Ball Fouls Drawn,Offensive Fouls Drawn,NonShootingFoulsDrawn,Blocked2s,BlockedAtRim,BlockedShortMidRange,Blocks,RecoveredBlocks,NonShootingPenaltyNonTakeFouls,NonShootingPenaltyNonTakeFoulsDrawn,Assisted2sPct,NonPutbacksAssisted2sPct,SecondChanceFg3Pct,PenaltyFg3Pct,Fg2Pct,PenaltyFg2Pct,SecondChanceEfgPct,PenaltyEfgPct,SecondChanceTsPct,AtRimPctBlocked,LiveBallTurnoverPct,OffFTReboundPct,DefTwoPtReboundPct,OffTwoPtReboundPct,OffAtRimReboundPct,OffShortMidRangeReboundPct,OffCorner3ReboundPct,DefAtRimReboundPct,DefShortMidRangeReboundPct,DefLongMidRangeReboundPct,SelfORebPct,BlocksRecoveredPct,AtRimFrequency,AtRimAccuracy,UnblockedAtRimAccuracy,AtRimPctAssisted,ShortMidRangeAccuracy,UnblockedShortMidRangeAccuracy,ShortMidRangePctAssisted,LongMidRangeAccuracy,UnblockedLongMidRangeAccuracy,LongMidRangePctAssisted,Corner3Frequency,SecondChanceAtRimFrequency,SecondChanceArc3Accuracy,SecondChanceArc3PctAssisted,PenaltyAtRimFrequency,PenaltyAtRimAccuracy,PenaltyArc3Accuracy,SecondChanceShotQualityAvg,SecondChancePointsPct,SecondChanceAtRimFGM,Corner3FGM,SecondChanceCorner3FGM,SecondChanceCorner3FGA,PenaltyCorner3FGM,PenaltyCorner3FGA,SecondChanceFG2M,PtsUnassisted2s,PtsUnassisted3s,PtsPutbacks,LongMidRangeAssists,LostBallOutOfBoundsTurnovers,LostBallTurnovers,StepOutOfBoundsTurnovers,SecondChanceTurnovers,Charge Fouls,2pt And 1 Free Throw Trips,OffensiveGoaltends,SecondChanceFg2Pct,OffLongMidRangeReboundPct,Corner3Accuracy,UnblockedCorner3Accuracy,Corner3PctAssisted,SecondChanceAtRimAccuracy,SecondChanceAtRimPctAssisted,SecondChanceCorner3Frequency,SecondChanceCorner3Accuracy,SecondChanceCorner3PctAssisted,PenaltyCorner3Frequency,PenaltyCorner3Accuracy,Travels,Blocked3s,BlockedArc3,DefensiveGoaltends,Defensive 3 Seconds Violations,Fg3aBlocked,Charge Fouls Drawn,3pt And 1 Free Throw Trips,Technical Free Throw Trips,ThreePtShootingFoulsDrawn,BlockedCorner3,FG3APctBlocked,Corner3PctBlocked,Arc3PctBlocked,ThreePtShootingFoulsDrawnPct,BlockedLongMidRange,LongMidRangePctBlocked,Clear Path Fouls
1629020,1610612747,Jarred Vanderbilt,Jarred Vanderbilt,1629020,LAL,181.0,3,-6.0,5,6,5.0,2.0,11,7,1.0,1.0,1.0,5.0,0.3333333333333333,0.3333333333333333,0.5,1.0,,,,,,,,,,,,,,,,,,,,,,,,,,,,,,,,,,,,,,,,,,,,,,,,,,,,,,,,,,,,,,,,,,,,,,,,,True,,,,,,,,,,,,,,,,,,,,,,,,,,,,,,,,,,,,,,,,,,,,,,,,,,,,,,,,,,,,,,,,,,,,,,,,,,,,,,,,,,,,,,,,,,,,,,,,,,,,,,,,,,,,,,,,,,,,,,,,,,,,,,,,,,
1631132,1610612747,Christian Koloko,Christian Koloko,1631132,LAL,381.0,6,-12.0,11,14,10.0,2.0,25,17,1.0,1.0,1.0,10.0,0.25,0.14285714285714285,,0.9090909090909091,1.0,1.0,1.0,0.5,,,,,,,,,,,,,,,,,,,,,,,,,,,,,,,,,,,,,,,,,,,,,,,,,,,,,,,,,,,,,,,,,,,,,True,,,,,,,,,,,,,,,,,,,,,,,,,,,,,,,,,,,,,,,,,,,,,,,,,,,,,,,,,,,,,,,,,,,,,,,,,,,,,,,,,,,,,,,,,,,,,,,,,,,,,,,,,,,,,,,,,,,,,,,,,,,,,,,,,,
1631222,1610612747,Jake LaRavia,Jake LaRavia,1631222,LAL,307.0,5,-12.0,10,11,10.0,2.0,21,14,,,,10.0,,,,1.0,1.0,,,,1.0,1.0,1.0,1.0,2.0,2.0,1.0,1.0,2.0,2.0,1.0,1.0,1.0,1.0,1.0,2.0,4.0,2.0,2.0,0.3333333333333333,0.3333333333333333,1.0,36.36363636363637,1.0,1.0,1.0,1.0,0.5547,0.5547,0.6666666666666666,1.0,1.0,26.8,,,,,,,,,,,,,,,,,,,,,,,,,,,,,,,,,,,,True,,,,,,,,,,,,,,,,,,,,,,,,,,,,,,,,,,,,,,,,,,,,,,,,,,,,,,,,,,,,,,,,,,,,,,,,,,,,,,,,,,,,,,,,,,,,,,,,,,,,,,,,,,,,,,,,,,,,,,,,,,,,,,,,,,
1642261,1610612747,Dalton Knecht,Dalton Knecht,1642261,LAL,381.0,6,-12.0,11,14,10.0,2.0,25,17,,1.0,1.0,10.0,,,,0.9090909090909091,1.0,,,,3.0,,2.0,3.0,,3.0,,2.0,,,3.0,,,,,,,,,0.5,,1.0,25.0,1.0,,1.0,1.0,0.4897,0.5133,,,,28.433333333333334,1.0,1.0,3.0,1.0,1.0,1.0,1.0,1.0,0.3333333333333333,0.3333333333333333,0.5,1.0,0.3333333333333333,0.3333333333333333,1.0,0.3333333333333333,,,,,,,,,,,,,,,,,,,,True,,,,,,,,,,,,,,,,,,,,,,,,,,,,,,,,,,,,,,,,,,,,,,,,,,,,,,,,,,,,,,,,,,,,,,,,,,,,,,,,,,,,,,,,,,,,,,,,,,,,,,,,,,,,,,,,,,,,,,,,,,,,,,,,,,
1642355,1610612747,Bronny James,Bronny James,1642355,LAL,381.0,6,-12.0,11,14,10.0,2.0,25,17,,,1.0,10.0,,,,0.9090909090909091,1.0,,,,,,,,,,,,,,,,,,,,,,,,,,25.0,,,,,0.4284333333333334,0.4284333333333334,,,,,,,,,,,,,,,,,,,,,2.0,1.0,3.0,3.0,1.0,1.0,1.0,1.0,3.0,1.0,1.0,0.3333333333333333,0.5,0.3333333333333333,0.16666666666666666,0.3333333333333333,0.6666666666666666,0.3333333333333333,11.933333333333332,True,,,,,,,,,,,,,,,,,,,,,,,,,,,,,,,,,,,,,,,,,,,,,,,,,,,,,,,,,,,,,,,,,,,,,,,,,,,,,,,,,,,,,,,,,,,,,,,,,,,,,,,,,,,,,,,,,,,,,,,,,,,,,,,,,,
1641733,1610612747,Nick Smith Jr.,Nick Smith Jr.,1641733,LAL,200.0,3,-6.0,6,8,5.0,,14,10,,,,5.0,,,,0.8333333333333334,1.0,,,,,,,,,,,,,,,,,,,,,,,,,,,,,,,,,,,,,,,,,,,,,,,,,,,,,,,,,,,,,,,,,,,,,,,,True,,,,,,,,,,,,,,,,,,,,,,,,,,,,,,,,,,,,,,,,,,,,,,,,,,,,,,,,,,,,,,,,,,,,,,,,,,,,,,,,,,,,,,,,,,,,,,,,,,,,,,,,,,,,,,,,,,,,,,,,,,,,,,,,,,
1643024,1610612747,Chris Mañon,Chris Mañon,1643024,LAL,74.0,1,,1,3,,,4,3,,,,,,,,,,,,,,,,,,,,,,,,,,,,,,,,,,,,,,,,,,,,,,,,,,,,,,,,,,,,,,,,,,,,,,,,,,,,,,,,,True,,,,,,,,,,,,,,,,,,,,,,,,,,,,,,,,,,,,,,,,,,,,,,,,,,,,,,,,,,,,,,,,,,,,,,,,,,,,,,,,,,,,,,,,,,,,,,,,,,,,,,,,,,,,,,,,,,,,,,,,,,,,,,,,,,
1628467,1610612747,Maxi Kleber,Maxi Kleber,1628467,LAL,13822.4,230,29.0,462,468,158.0,153.0,930,519,6.0,23.0,37.0,154.0,0.056074766355140186,0.10396039603960396,0.07407407407407407,0.341991341991342,61.0,19.0,31.0,0.05,14.0,2.0,5.0,17.0,11.0,41.0,2.0,5.0,5.0,15.0,14.0,,2.0,7.0,3.0,13.0,14.0,6.0,15.0,0.43617021276595747,0.625,0.425,10.227272727272727,0.35,0.2857142857142857,0.5555555555555556,0.725,0.5312775000000001,0.4823777777777778,0.13043478260869565,0.20689655172413793,0.36585365853658536,25.505882352941175,4.0,4.0,12.0,4.0,2.0,6.0,1.0,1.0,0.23529411764705882,0.23529411764705882,0.375,0.2,0.2857142857142857,0.2857142857142857,1.0,0.2857142857142857,7.0,4.0,23.0,4.0,4.0,11.0,14.0,10.0,39.0,8.0,14.0,0.17391304347826086,0.14285714285714285,0.0761904761904762,0.06372549019607843,0.07954545454545454,0.175,0.1,5.613043478260869,False,5.0,12.0,4.0,1.0,2.0,3.0,1.0,3.0,1.0,2.0,9.0,5.0,1.0,1.0,4.0,2.0,2.0,18.0,3.0,1.0,2.0,1.0,5.0,1.0,15.0,2.0,5.0,5.0,5.0,6.0,2.0,1.0,1.0,1.0,5.0,4.0,1.0,5.0,4.0,5.0,1.0,1.0,1.0,0.5,0.4,0.391304347826087,0.5,0.21428571428571427,0.5555555555555556,0.25,0.25,0.7142857142857143,0.07692307692307693,0.15789473684210525,0.050505050505050504,0.041666666666666664,0.07547169811320754,0.058823529411764705,0.3103448275862069,0.10638297872340426,0.05263157894736842,0.09090909090909091,0.8,0.3,0.4166666666666667,0.5555555555555556,1.0,0.42857142857142855,0.5,1.0,0.25,0.25,1.0,0.075,0.5714285714285714,0.5,1.0,0.2222222222222222,0.5,0.4,0.5678625,0.0975609756097561,,,,,,,,,,,,,,,,,,,,,,,,,,,,,,,,,,,,,,,,,,,,,,,,
1629020,1610612747,Jarred Vanderbilt,Jarred Vanderbilt,1629020,LAL,42053.09999999999,701,-5.0,1428,1438,437.0,389.0,2866,1663,64.0,126.0,183.0,436.0,0.1951219512195122,0.18396226415094338,0.19540229885057472,0.30602240896358546,191.0,33.0,69.0,0.1950207468879668,2.0,,1.0,59.0,22.0,177.0,5.0,16.0,13.0,55.0,2.0,6.0,18.0,39.0,14.0,35.0,33.0,8.0,55.0,0.5636942675159236,0.5851063829787234,0.41843971631205673,11.761158021712909,0.014184397163120567,,0.02702702702702703,0.9078014184397163,0.6093184397163122,0.6240459459459462,0.05405405405405406,0.0898876404494382,0.3107344632768362,23.603389830508473,,19.0,54.0,,9.0,31.0,7.0,0.9473684210526315,0.3220338983050847,0.3220338983050847,0.549645390070922,0.28125,,,,,12.0,1.0,82.0,21.0,14.0,17.0,49.0,14.0,115.0,30.0,57.0,0.17073170731707318,0.3333333333333333,0.08670520231213873,0.08487654320987655,0.09016393442622951,0.0851063829787234,0.0070921985815602835,2.445121951219512,False,44.0,69.0,23.0,13.0,19.0,5.0,,57.0,,,49.0,26.0,2.0,7.0,43.0,15.0,4.0,58.0,32.0,3.0,17.0,11.0,25.0,2.0,53.0,1.0,24.0,21.0,9.0,6.0,4.0,8.0,9.0,9.0,13.0,9.0,4.0,13.0,8.0,6.0,8.0,0.5918367346938775,0.7073170731707317,0.4,0.25,0.5975609756097561,0.7142857142857143,0.5806451612903226,0.5675675675675675,0.5972222222222222,0.14492753623188406,0.5384615384615384,0.047619047619047616,0.17207792207792208,0.08278145695364239,0.11827956989247312,0.060810810810810814,0.0784313725490196,0.15,0.1949685534591195,0.14285714285714285,0.01694915254237288,0.6153846153846154,0.48936170212765956,0.6376811594202898,0.7457627118644068,0.5681818181818182,0.4166666666666667,0.625,0.8,,,,0.40425531914893614,0.7419354838709677,,,0.5135135135135135,0.6842105263157895,,0.6016222222222223,0.24293785310734464,14.0,19.0,2.0,5.0,4.0,15.0,15.0,40.0,3.0,16.0,4.0,3.0,12.0,2.0,4.0,1.0,1.0,1.0,0.5769230769230769,0.08196721311475409,0.3333333333333333,0.3333333333333333,0.9473684210526315,0.6086956521739131,0.35714285714285715,0.16129032258064516,0.4,1.0,0.40540540540540543,0.26666666666666666,,,,,,,,,,,,,,,,,,
1629028,1610612747,Deandre Ayton,Deandre Ayton,1629028,LAL,68514.6,1142,-28.0,2352,2356,438.0,379.0,4708,2813,116.0,244.0,343.0,436.0,0.21284403669724772,0.20018709073900842,0.24342105263157895,0.18622448979591838,242.0,62.0,93.0,0.2010178117048346,,,,,43.0,535.0,,,11.0,89.0,,5.0,30.0,59.0,14.0,59.0,68.0,29.0,89.0,0.6621287128712872,0.6742424242424242,,17.564491654021246,,,,0.47989276139410186,0.542584450402145,0.5506017543859649,0.07323232323232323,0.07323232323232323,0.16635514018691588,,,,,,30.0,26.0,8.0,,,,0.6595174262734584,0.5263157894736842,,,,,165.0,29.0,373.0,57.0,18.0,14.0,32.0,11.0,78.0,33.0,99.0,0.04825737265415549,0.048484848484848485,0.0673469387755102,0.10040567951318459,0.0625,0.44235924932975873,0.0777479892761394,5.5847184986595195,False,138.0,179.0,51.0,23.0,32.0,93.0,15.0,,,,246.0,72.0,,6.0,98.0,39.0,,410.0,18.0,3.0,9.0,5.0,66.0,,98.0,17.0,18.0,29.0,8.0,7.0,10.0,9.0,,8.0,36.0,21.0,15.0,38.0,19.0,2.0,7.0,0.8333333333333334,0.9624413145539906,,,0.6595174262734584,0.6842105263157895,0.6388888888888888,0.6842105263157895,0.6363636363636364,0.055865921787709494,0.4915254237288136,,0.18702290076335878,0.13306451612903225,0.2204724409448819,0.11355311355311355,0.08196721311475409,0.16279069767441862,0.19157088122605365,0.21978021978021978,0.1574074074074074,0.5,0.47989276139410186,0.770949720670391,0.8165680473372781,0.782608695652174,0.5636363636363636,0.5923566878980892,0.8817204301075269,0.5172413793103449,0.5172413793103449,1.0,,0.7083333333333334,,,0.5614035087719298,0.71875,,0.5734020408163264,0.18317757009345795,34.0,,,,,,46.0,82.0,,66.0,4.0,1.0,21.0,,4.0,,6.0,2.0,0.6388888888888888,0.07291666666666667,,,,0.6666666666666666,0.23529411764705882,,,,,,4.0,2.0,2.0,2.0,1.0,,,,,,,,,,,,,
1630559,1610612747,Austin Reaves,Austin Reaves,1630559,LAL,48706.7,812,57.0,1673,1672,396.0,326.0,3345,1953,49.0,104.0,120.0,393.0,0.129973474801061,0.12998712998713,0.15384615384615385,0.2367005379557681,171.0,26.0,52.0,0.12237762237762238,152.0,7.0,26.0,170.0,172.0,612.0,12.0,29.0,61.0,160.0,152.0,10.0,24.0,75.0,18.0,137.0,197.0,65.0,158.0,0.6696230598669624,0.6810344827586207,0.45576407506702415,28.143392188336005,0.4075067024128686,0.2692307692307692,0.3170731707317073,0.6702412868632708,0.5211026809651474,0.5176097560975609,0.17674418604651163,0.26,0.26143790849673204,26.595294117647065,53.0,62.0,120.0,53.0,3.0,22.0,7.0,0.6451612903225806,0.36470588235294116,0.36470588235294116,0.5898123324396782,0.08333333333333333,0.34868421052631576,0.35570469798657717,0.5849056603773585,0.34868421052631576,98.0,25.0,203.0,53.0,11.0,44.0,144.0,31.0,332.0,13.0,16.0,0.054187192118226604,0.061224489795918366,0.036211699164345405,0.023255813953488372,0.0364963503649635,0.26273458445040215,0.06702412868632708,6.944334975369458,False,63.0,80.0,5.0,19.0,25.0,55.0,9.0,18.0,4.0,9.0,127.0,14.0,6.0,18.0,54.0,33.0,11.0,78.0,100.0,13.0,53.0,39.0,3.0,,52.0,,15.0,51.0,32.0,1.0,5.0,4.0,10.0,21.0,4.0,1.0,3.0,5.0,4.0,3.0,19.0,0.30708661417322836,0.31451612903225806,0.5,0.3793103448275862,0.625615763546798,0.6226415094339622,0.6923076923076923,0.6036585365853658,0.7794117647058824,0.0625,0.68,,0.13,0.00911854103343465,0.020833333333333332,0.005847953216374269,0.03529411764705882,0.0975609756097561,0.14427860696517414,0.14473684210526316,,0.8,0.21447721179624665,0.7875,0.84,0.30158730158730157,0.5612244897959183,0.5978260869565217,0.34545454545454546,0.36,0.36,0.1111111111111111,0.04825737265415549,0.19230769230769232,0.5714285714285714,0.75,0.3048780487804878,0.76,0.34615384615384615,0.5268375,0.08823529411764706,4.0,9.0,2.0,5.0,2.0,3.0,9.0,176.0,66.0,6.0,8.0,5.0,19.0,1.0,2.0,,18.0,,0.6428571428571429,,0.5,0.5294117647058824,1.0,0.8,0.25,0.19230769230769232,0.4,1.0,0.036585365853658534,0.6666666666666666,1.0,1.0,,,,4.0,10.0,1.0,10.0,11.0,1.0,0.023529411764705882,0.05555555555555555,0.019736842105263157,0.06111111111111111,,,
1642261,1610612747,Dalton Knecht,Dalton Knecht,1642261,LAL,26610.4,444,-29.0,894,915,293.0,270.0,1809,1028,25.0,44.0,55.0,293.0,0.11737089201877934,0.0985576923076923,0.15384615384615385,0.3277404921700224,108.0,21.0,37.0,0.10135135135135136,64.0,2.0,18.0,88.0,11.0,169.0,4.0,26.0,2.0,56.0,64.0,2.0,10.0,16.0,3.0,13.0,16.0,8.0,56.0,0.5451612903225806,0.5833333333333334,0.5945945945945946,16.830708661417322,0.43243243243243246,0.2,0.3829787234042553,0.7635135135135135,0.536025,0.5413053191489362,0.05194805194805195,0.12121212121212122,0.33136094674556216,25.761363636363637,21.0,28.0,81.0,21.0,3.0,7.0,1.0,0.9642857142857143,0.3181818181818182,0.3181818181818182,0.5337837837837838,0.14285714285714285,0.328125,0.3442622950819672,0.9523809523809523,0.328125,25.0,10.0,60.0,21.0,7.0,9.0,13.0,6.0,35.0,7.0,11.0,0.11666666666666667,0.16,0.03167420814479638,0.02763819095477387,0.041176470588235294,0.16891891891891891,0.06756756756756757,7.158333333333336,False,19.0,25.0,4.0,10.0,10.0,13.0,5.0,24.0,1.0,7.0,37.0,6.0,1.0,2.0,11.0,15.0,8.0,52.0,4.0,3.0,1.0,3.0,4.0,,16.0,1.0,6.0,6.0,3.0,,3.0,,,1.0,8.0,5.0,2.0,9.0,5.0,2.0,1.0,0.7027027027027027,0.7647058823529411,0.25,0.3076923076923077,0.6166666666666667,0.7142857142857143,0.45,0.574468085106383,0.5,0.12,0.375,,0.07881773399014778,0.022598870056497175,0.02040816326530612,0.03225806451612903,,0.08196721311475409,0.07407407407407407,0.08823529411764706,0.0136986301369863,0.5555555555555556,0.16891891891891891,0.76,0.8636363636363636,0.7368421052631579,0.52,0.6190476190476191,0.6153846153846154,0.5,0.5,0.8,0.16216216216216217,0.4,0.5,1.0,0.2127659574468085,1.0,0.3888888888888889,0.6002285714285714,0.0650887573964497,3.0,7.0,,2.0,1.0,8.0,3.0,22.0,3.0,6.0,,1.0,3.0,1.0,,1.0,2.0,,0.5,,0.2916666666666667,0.2916666666666667,1.0,0.75,,0.2,,,0.1702127659574468,0.125,,1.0,1.0,,,3.0,2.0,,,,,0.03409090909090909,,0.046875,,1.0,,
1641733,1610612747,Nick Smith Jr.,Nick Smith Jr.,1641733,LAL,17822.3,297,-8.0,603,617,244.0,198.0,1220,712,11.0,16.0,18.0,244.0,0.07006369426751592,0.060836501901140684,0.10810810810810811,0.4046434494195688,60.0,15.0,24.0,0.058333333333333334,60.0,5.0,29.0,68.0,7.0,140.0,7.0,32.0,5.0,74.0,60.0,,5.0,18.0,6.0,14.0,11.0,4.0,74.0,0.546875,0.6491228070175439,0.5483870967741935,21.43906020558003,0.4838709677419355,0.45454545454545453,0.5370370370370371,0.6048387096774194,0.48937137096774197,0.4851453703703703,0.03937007874015748,0.06896551724137931,0.5285714285714286,26.511764705882346,26.0,27.0,51.0,26.0,,8.0,4.0,0.6296296296296297,0.39705882352941174,0.39705882352941174,0.5362903225806451,,0.43333333333333335,0.43333333333333335,0.6153846153846154,0.43333333333333335,39.0,10.0,56.0,22.0,5.0,8.0,27.0,4.0,62.0,1.0,2.0,0.08928571428571429,0.10256410256410256,0.007751937984496124,0.007874015748031496,0.009345794392523364,0.31451612903225806,0.08064516129032258,10.262500000000001,False,5.0,7.0,,1.0,1.0,17.0,4.0,8.0,2.0,17.0,26.0,4.0,3.0,,13.0,9.0,17.0,14.0,19.0,4.0,14.0,2.0,1.0,,5.0,1.0,4.0,13.0,9.0,,1.0,,2.0,1.0,2.0,,2.0,2.0,2.0,2.0,1.0,0.2692307692307692,0.2692307692307692,0.42857142857142855,0.53125,0.4642857142857143,0.4090909090909091,0.5909090909090909,0.6388888888888888,0.5909090909090909,0.14285714285714285,0.7222222222222222,,0.04716981132075472,0.008,,0.014492753623188406,,0.05555555555555555,0.017857142857142856,0.14285714285714285,0.015625,1.0,0.056451612903225805,0.7142857142857143,0.8333333333333334,0.4,0.4358974358974359,0.4857142857142857,0.29411764705882354,0.4,0.4,,0.06451612903225806,,0.4,1.0,0.018518518518518517,1.0,0.5862068965517241,0.49505,0.09285714285714286,,1.0,1.0,2.0,,3.0,2.0,38.0,30.0,,3.0,3.0,4.0,1.0,,,2.0,,0.5,,0.125,0.125,1.0,,,0.18181818181818182,0.5,1.0,0.05555555555555555,,,,,,,,,,,1.0,,,,,0.014492753623188406,,,
203935,1610612747,Marcus Smart,Marcus Smart,203935,LAL,61945.40000000001,1032,76.0,2121,2128,440.0,412.0,4249,2448,46.0,86.0,112.0,434.0,0.08966861598440545,0.08795811518324607,0.08552631578947369,0.20744931636020744,231.0,46.0,102.0,0.09141274238227147,127.0,12.0,21.0,180.0,70.0,365.0,16.0,27.0,23.0,76.0,127.0,10.0,23.0,62.0,16.0,92.0,82.0,29.0,75.0,0.5598159509202454,0.7037037037037037,0.6228373702422145,16.288832913518053,0.43944636678200694,0.4,0.525,0.7854671280276817,0.5429693771626299,0.53697875,0.09584664536741214,0.2196969696969697,0.20821917808219179,25.361666666666668,36.0,59.0,159.0,36.0,2.0,48.0,12.0,0.8983050847457628,0.3277777777777778,0.3277777777777778,0.5103806228373703,0.034482758620689655,0.28346456692913385,0.288,0.8611111111111112,0.28346456692913385,52.0,10.0,109.0,13.0,7.0,28.0,102.0,21.0,232.0,18.0,26.0,0.06422018348623854,0.09615384615384616,0.03837953091684435,0.02753303964757709,0.027932960893854747,0.17993079584775087,0.03460207612456748,6.421100917431194,False,33.0,47.0,10.0,5.0,6.0,21.0,5.0,53.0,3.0,8.0,59.0,14.0,5.0,6.0,37.0,7.0,13.0,54.0,74.0,7.0,47.0,20.0,7.0,1.0,38.0,5.0,36.0,39.0,27.0,5.0,7.0,7.0,12.0,12.0,11.0,6.0,5.0,13.0,8.0,7.0,10.0,0.4576271186440678,0.5,0.3125,0.48148148148148145,0.5412844036697247,0.5384615384615384,0.5166666666666667,0.6625,0.5441176470588235,0.0425531914893617,0.6290322580645161,0.01818181818181818,0.08597285067873303,0.015945330296127564,0.009009009009009009,0.012396694214876033,0.07207207207207207,0.11627906976744186,0.039473684210526314,0.16470588235294117,0.03125,0.6153846153846154,0.16262975778546712,0.7021276595744681,0.7333333333333333,0.45454545454545453,0.40384615384615385,0.44680851063829785,0.42857142857142855,0.5,0.5,0.6,0.18339100346020762,0.3333333333333333,0.25,0.6666666666666666,0.15,0.8333333333333334,0.38095238095238093,0.5281593750000001,0.10136986301369863,8.0,23.0,2.0,4.0,5.0,6.0,8.0,64.0,18.0,10.0,7.0,1.0,12.0,,4.0,,6.0,,0.5714285714285714,0.03488372093023256,0.4339622641509434,0.4339622641509434,0.9565217391304348,0.8,0.25,0.13333333333333333,0.5,0.5,0.15,0.8333333333333334,1.0,2.0,2.0,1.0,,2.0,14.0,,,2.0,,0.011111111111111112,,0.015748031496062992,0.0055248618784530384,,,
1629029,1610612747,Luka Dončić,Luka Dončić,1629029,LAL,81006.4,1350,35.0,2811,2817,820.0,707.0,5628,3340,126.0,257.0,288.0,810.0,0.1926605504587156,0.19021310181531176,0.13559322033898305,0.2917111348274635,303.0,40.0,98.0,0.2138364779874214,360.0,18.0,113.0,382.0,336.0,1249.0,24.0,120.0,138.0,390.0,360.0,20.0,39.0,159.0,47.0,313.0,427.0,182.0,381.0,0.6149653121902874,0.645,0.45968712394705175,37.020602218700475,0.4332129963898917,0.26865671641791045,0.49344978165938863,0.5703971119133574,0.4997199638118213,0.4884232456140351,0.19938650306748465,0.3116438356164384,0.3122497998398719,27.054973821989527,125.0,131.0,150.0,125.0,16.0,57.0,16.0,0.3816793893129771,0.34293193717277487,0.34293193717277487,0.549338146811071,0.20512820512820512,0.3472222222222222,0.351123595505618,0.368,0.3472222222222222,250.0,107.0,449.0,109.0,16.0,111.0,326.0,64.0,763.0,11.0,31.0,0.035634743875278395,0.032,0.01676829268292683,0.02461799660441426,0.012244897959183673,0.3008423586040915,0.12876052948255115,9.75478841870824,False,76.0,92.0,12.0,21.0,24.0,131.0,53.0,22.0,6.0,40.0,260.0,43.0,8.0,37.0,101.0,63.0,42.0,106.0,215.0,47.0,147.0,55.0,18.0,2.0,115.0,15.0,41.0,120.0,93.0,4.0,3.0,8.0,6.0,31.0,18.0,6.0,12.0,19.0,13.0,11.0,25.0,0.20384615384615384,0.21031746031746032,0.3333333333333333,0.35,0.579064587973274,0.5779816513761468,0.47761194029850745,0.5502183406113537,0.5882352941176471,0.05434782608695652,0.7547169811320755,0.02531645569620253,0.18760195758564438,0.034482758620689655,0.023622047244094488,0.04152249134948097,0.030120481927710843,0.12154696132596685,0.19148936170212766,0.2912621359223301,0.03579952267303103,0.6842105263157895,0.11070998796630566,0.8260869565217391,0.8735632183908046,0.2236842105263158,0.524,0.5413223140495868,0.1984732824427481,0.4953271028037383,0.5096153846153846,0.18867924528301888,0.026474127557160047,0.1791044776119403,0.3333333333333333,0.5,0.10480349344978165,0.875,0.35398230088495575,0.4805675675675675,0.08086469175340272,8.0,6.0,2.0,6.0,2.0,7.0,20.0,414.0,243.0,16.0,13.0,6.0,27.0,2.0,8.0,1.0,47.0,,0.46511627906976744,0.02830188679245283,0.2727272727272727,0.2727272727272727,0.6666666666666666,0.6666666666666666,0.25,0.08955223880597014,0.3333333333333333,0.5,0.03056768558951965,0.2857142857142857,5.0,1.0,1.0,,,4.0,10.0,1.0,10.0,13.0,,0.010471204188481676,,0.011111111111111112,0.03299492385786802,,0.028037383177570093,
1629060,1610612747,Rui Hachimura,Rui Hachimura,1629060,LAL,63985.70000000001,1066,31.0,2217,2226,601.0,482.0,4443,2616,49.0,99.0,125.0,593.0,0.09477756286266925,0.09250243427458617,0.1111111111111111,0.27108705457825893,230.0,30.0,60.0,0.08847184986595175,83.0,7.0,30.0,148.0,31.0,436.0,9.0,45.0,4.0,119.0,83.0,3.0,14.0,26.0,4.0,28.0,41.0,20.0,119.0,0.6193181818181818,0.6263157894736842,0.4444444444444444,15.211267605633802,0.24924924924924924,0.2413793103448276,0.32608695652173914,0.6456456456456456,0.5293112612612612,0.5208358695652173,0.05982905982905983,0.09852216748768473,0.27293577981651373,24.84662162162162,37.0,65.0,189.0,37.0,4.0,20.0,11.0,0.9692307692307692,0.4391891891891892,0.4391891891891892,0.6081081081081081,0.07142857142857142,0.4457831325301205,0.4457831325301205,0.9459459459459459,0.4457831325301205,57.0,61.0,185.0,47.0,13.0,13.0,30.0,7.0,73.0,8.0,26.0,0.07027027027027027,0.07017543859649122,0.016632016632016633,0.026030368763557483,0.013477088948787063,0.17117117117117117,0.1831831831831832,9.470810810810812,False,44.0,67.0,10.0,10.0,18.0,25.0,36.0,65.0,4.0,14.0,105.0,20.0,5.0,8.0,41.0,26.0,21.0,160.0,17.0,6.0,8.0,7.0,16.0,2.0,46.0,6.0,9.0,12.0,8.0,6.0,7.0,1.0,1.0,1.0,11.0,4.0,6.0,11.0,5.0,8.0,1.0,0.7619047619047619,0.7920792079207921,0.5555555555555556,0.4666666666666667,0.5675675675675675,0.5531914893617021,0.5689655172413793,0.625,0.6029411764705882,0.08955223880597014,0.46153846153846156,0.03389830508474576,0.09019607843137255,0.036281179138321996,0.06557377049180328,0.02666666666666667,0.02727272727272727,0.0759493670886076,0.09505703422053231,0.10112359550561797,0.04054054054054054,0.45454545454545453,0.2012012012012012,0.6567164179104478,0.7213114754098361,0.8863636363636364,0.43859649122807015,0.4716981132075472,0.64,0.5901639344262295,0.6206896551724138,0.6944444444444444,0.19519519519519518,0.3448275862068966,0.5714285714285714,1.0,0.1956521739130435,0.5555555555555556,0.4666666666666667,0.53071,0.09403669724770643,5.0,28.0,1.0,2.0,7.0,15.0,9.0,50.0,6.0,8.0,2.0,2.0,4.0,,1.0,,2.0,1.0,0.45,0.02127659574468085,0.4307692307692308,0.4307692307692308,1.0,0.5,0.4,0.06896551724137931,0.5,1.0,0.16304347826086957,0.4666666666666667,,,,3.0,,,1.0,1.0,,1.0,,,,,0.006756756756756757,1.0,0.04918032786885246,
1631222,1610612747,Jake LaRavia,Jake LaRavia,1631222,LAL,73733.70000000003,1229,-83.0,2533,2554,667.0,620.0,5087,3061,54.0,124.0,192.0,662.0,0.09375,0.10666666666666667,0.1282051282051282,0.2633241215949467,303.0,52.0,99.0,0.08095238095238096,83.0,13.0,18.0,157.0,65.0,426.0,20.0,33.0,22.0,104.0,83.0,3.0,16.0,49.0,13.0,69.0,85.0,40.0,102.0,0.5819672131147541,0.5360824742268041,0.47720364741641336,14.374783512296501,0.25227963525835867,0.2549019607843137,0.21686746987951808,0.7872340425531915,0.5611309451219513,0.5534689024390244,0.11173184357541899,0.19900497512437812,0.24413145539906103,24.871337579617837,31.0,55.0,165.0,31.0,4.0,61.0,22.0,1.0,0.3503184713375796,0.3503184713375796,0.5486322188449848,0.0625,0.37349397590361444,0.3780487804878049,1.0,0.37349397590361444,64.0,6.0,172.0,50.0,14.0,32.0,91.0,26.0,214.0,42.0,68.0,0.08139534883720931,0.125,0.07381370826010544,0.06115107913669065,0.07801418439716312,0.1945288753799392,0.0182370820668693,4.51046511627907,False,74.0,102.0,27.0,20.0,31.0,23.0,1.0,74.0,3.0,8.0,98.0,31.0,6.0,11.0,69.0,23.0,12.0,132.0,59.0,6.0,27.0,24.0,26.0,,66.0,7.0,39.0,33.0,23.0,5.0,3.0,4.0,4.0,8.0,16.0,6.0,10.0,20.0,14.0,7.0,6.0,0.673469387755102,0.8148148148148148,0.3,0.36363636363636365,0.5697674418604651,0.46,0.5686274509803921,0.4939759036144578,0.6052631578947368,0.058823529411764705,0.673469387755102,,0.12021857923497267,0.04788213627992634,0.08333333333333333,0.02867383512544803,0.06164383561643835,0.12299465240641712,0.11481481481481481,0.13043478260869565,0.04430379746835443,0.7,0.3100303951367781,0.7254901960784313,0.7708333333333334,0.6621621621621622,0.359375,0.4107142857142857,0.7391304347826086,0.16666666666666666,0.16666666666666666,,0.22492401215805471,0.5294117647058824,0.23076923076923078,1.0,0.37349397590361444,0.6451612903225806,0.4444444444444444,0.5787807692307693,0.1619718309859155,18.0,24.0,3.0,7.0,4.0,15.0,20.0,64.0,,34.0,8.0,4.0,10.0,2.0,5.0,1.0,11.0,,0.6451612903225806,0.046296296296296294,0.32432432432432434,0.32432432432432434,1.0,0.6666666666666666,0.1111111111111111,0.13725490196078433,0.42857142857142855,1.0,0.18072289156626506,0.26666666666666666,3.0,4.0,4.0,,,1.0,1.0,,,,,0.006369426751592357,,0.012048192771084338,,,,
2544,1610612747,LeBron James,LeBron James,2544,LAL,56094.3,935,-33.0,1911,1917,454.0,435.0,3828,2279,73.0,148.0,168.0,445.0,0.16079295154185022,0.15185601799775028,0.15267175572519084,0.23757195185766614,209.0,13.0,41.0,0.16408668730650156,107.0,14.0,30.0,131.0,117.0,626.0,16.0,33.0,35.0,154.0,107.0,13.0,32.0,78.0,21.0,104.0,157.0,65.0,152.0,0.5923809523809523,0.6322314049586777,0.2847826086956522,27.942539388322523,0.2326086956521739,0.2978723404255319,0.30303030303030304,0.6369565217391304,0.5377672826086958,0.5403363636363633,0.13733075435203096,0.17105263157894737,0.24600638977635783,26.181679389312976,37.0,43.0,87.0,37.0,13.0,30.0,11.0,0.6744186046511628,0.3282442748091603,0.3282442748091603,0.5532608695652174,0.30952380952380953,0.34579439252336447,0.34579439252336447,0.6486486486486487,0.34579439252336447,109.0,58.0,329.0,66.0,22.0,68.0,188.0,40.0,444.0,4.0,20.0,0.0668693009118541,0.11009174311926606,0.009708737864077669,0.022946859903381644,0.009708737864077669,0.23695652173913043,0.12608695652173912,6.794528875379938,False,122.0,162.0,15.0,28.0,38.0,46.0,22.0,24.0,7.0,13.0,190.0,31.0,8.0,12.0,74.0,40.0,13.0,180.0,120.0,28.0,73.0,39.0,15.0,1.0,62.0,5.0,19.0,46.0,26.0,2.0,5.0,,2.0,8.0,18.0,8.0,9.0,18.0,13.0,2.0,7.0,0.47368421052631576,0.48128342245989303,0.5,0.3939393939393939,0.5775075987841946,0.6060606060606061,0.6595744680851063,0.601010101010101,0.6727272727272727,0.06172839506172839,0.5897435897435898,0.016666666666666666,0.1425287356321839,0.036057692307692304,0.03418803418803419,0.04035874439461883,0.009708737864077669,0.11666666666666667,0.13793103448275862,0.1927710843373494,0.024752475247524754,0.7222222222222222,0.3521739130434783,0.7530864197530864,0.8026315789473685,0.5737704918032787,0.42201834862385323,0.4742268041237113,0.32608695652173914,0.3793103448275862,0.3793103448275862,0.22727272727272727,0.05217391304347826,0.3191489361702128,0.5,0.8571428571428571,0.3838383838383838,0.7368421052631579,0.43333333333333335,0.5526092592592592,0.1182108626198083,9.0,6.0,1.0,2.0,,3.0,19.0,200.0,42.0,6.0,8.0,7.0,20.0,,5.0,5.0,14.0,,0.6129032258064516,0.02631578947368421,0.25,0.25,0.8333333333333334,0.6,0.4444444444444444,0.0425531914893617,0.5,1.0,0.030303030303030304,,,,,1.0,,,,,7.0,6.0,,,,,0.043795620437956206,1.0,,
1641723,1610612747,Kobe Bufkin,Kobe Bufkin,1641723,LAL,2710.0,45,-8.0,93,93,34.0,16.0,186,109,3.0,4.0,5.0,34.0,0.12,0.08695652173913043,0.16666666666666666,0.3655913978494624,8.0,2.0,3.0,0.10526315789473684,5.0,,2.0,7.0,2.0,12.0,,2.0,,3.0,5.0,,1.0,1.0,,3.0,2.0,1.0,3.0,0.5,0.75,0.6363636363636364,12.745098039215685,0.45454545454545453,,1.0,0.8181818181818182,0.5508636363636363,0.550125,0.08333333333333333,0.2,0.25,25.557142857142857,1.0,2.0,6.0,1.0,,1.0,1.0,1.0,0.2857142857142857,0.2857142857142857,0.45454545454545453,,0.2,0.2,1.0,0.2,1.0,1.0,4.0,,,2.0,2.0,2.0,6.0,1.0,1.0,,,0.05263157894736842,0.022727272727272728,,0.09090909090909091,0.09090909090909091,6.699999999999999,False,2.0,2.0,,,,,,2.0,,1.0,2.0,,,,,,1.0,2.0,,,,,,,1.0,,,,,,,,,,2.0,,2.0,3.0,,,,0.5,0.5,,0.5,0.5,,,0.75,,,,,0.047619047619047616,,,,0.25,,0.1,,,,0.18181818181818182,1.0,1.0,0.5,,,,,,,0.18181818181818182,,,,,,0.5,,,,1.0,,,,,,2.0,,,,,,,,,,,,,0.5,0.5,1.0,,,,,,,,1.0,1.0,1.0,,,,,,,,,,,,,,,
1629637,1610612747,Jaxson Hayes,Jaxson Hayes,1629637,LAL,39168.299999999996,653,-22.0,1335,1339,436.0,397.0,2674,1573,40.0,93.0,145.0,433.0,0.12618296529968454,0.14308943089430895,0.11764705882352941,0.32659176029962544,162.0,49.0,76.0,0.12931034482758622,1.0,,,1.0,42.0,235.0,,,21.0,77.0,1.0,4.0,14.0,20.0,5.0,69.0,66.0,28.0,77.0,0.7679738562091504,0.8191489361702128,0.008064516129032258,11.351706036745407,0.008064516129032258,,,0.7741935483870968,0.6191153225806453,0.6492562500000001,0.19444444444444445,0.1958041958041958,0.3276595744680851,27.3,1.0,1.0,3.0,1.0,5.0,13.0,4.0,1.0,1.0,1.0,0.7782258064516129,0.125,1.0,1.0,1.0,1.0,28.0,,123.0,32.0,5.0,15.0,30.0,9.0,75.0,26.0,52.0,0.04065040650406504,0.10714285714285714,0.07926829268292683,0.08623548922056384,0.0728744939271255,0.22580645161290322,,2.603252032520325,False,77.0,95.0,25.0,23.0,27.0,18.0,,,,,95.0,30.0,,4.0,46.0,28.0,,146.0,15.0,6.0,10.0,4.0,26.0,,48.0,2.0,9.0,6.0,3.0,8.0,8.0,10.0,5.0,9.0,22.0,10.0,11.0,24.0,10.0,6.0,8.0,0.7684210526315789,0.9240506329113924,,,0.7723577235772358,0.875,0.7,0.875,0.71875,0.021052631578947368,0.3,,0.1610738255033557,0.09454545454545454,0.12658227848101267,0.08108108108108109,0.09876543209876543,0.14457831325301204,0.175,0.14545454545454545,0.08695652173913043,0.4166666666666667,0.7661290322580645,0.8105263157894737,0.8279569892473119,0.7792207792207793,0.6428571428571429,0.72,0.7222222222222222,,,,,0.8333333333333334,,,0.84375,0.8518518518518519,,0.588945,0.19574468085106383,18.0,,,,,,21.0,44.0,,32.0,1.0,,3.0,,1.0,,8.0,,0.7,0.08333333333333333,,,,0.72,0.16666666666666666,,,,,,1.0,2.0,1.0,1.0,,,,,,,1.0,,,,,1.0,,
1642355,1610612747,Bronny James,Bronny James,1642355,LAL,9523.5,159,17.0,316,334,121.0,121.0,650,352,2.0,6.0,9.0,121.0,0.025,0.04411764705882353,,0.3829113924050633,36.0,6.0,13.0,0.031746031746031744,16.0,1.0,6.0,21.0,2.0,35.0,1.0,7.0,2.0,16.0,16.0,3.0,6.0,12.0,5.0,3.0,2.0,,16.0,0.4605263157894737,0.5714285714285714,0.5675675675675675,13.92757660167131,0.43243243243243246,0.5,0.46153846153846156,0.6756756756756757,0.4936932432432431,0.4931384615384615,,,0.45714285714285713,25.923809523809524,7.0,7.0,18.0,7.0,,9.0,3.0,0.8571428571428571,0.3333333333333333,0.3333333333333333,0.44594594594594594,,0.4375,0.4666666666666667,0.8571428571428571,0.4375,8.0,4.0,16.0,6.0,1.0,9.0,25.0,6.0,59.0,3.0,3.0,0.0625,,0.03896103896103896,0.021897810218978103,0.046875,0.21621621621621623,0.10810810810810811,9.5,False,3.0,4.0,1.0,1.0,2.0,3.0,,5.0,,4.0,6.0,1.0,,,2.0,1.0,4.0,10.0,16.0,3.0,10.0,3.0,,,4.0,,6.0,6.0,6.0,2.0,,1.0,,1.0,1.0,1.0,,1.0,,3.0,1.0,0.8333333333333334,0.8333333333333334,,0.5714285714285714,0.375,0.16666666666666666,0.5,0.5384615384615384,0.5,0.25,0.5,,0.07142857142857142,,,,,0.07692307692307693,0.07692307692307693,,,,0.10810810810810811,0.75,1.0,0.6666666666666666,0.375,0.375,1.0,,,,0.13513513513513514,0.5,,,0.15384615384615385,0.5,0.6666666666666666,0.3579,0.05714285714285714,1.0,,,,,1.0,1.0,2.0,3.0,,3.0,1.0,,1.0,2.0,,,,1.0,,,,,1.0,1.0,,,,0.07692307692307693,,,,,,,1.0,,,,,,0.047619047619047616,,0.0625,,,,
1642876,1610612747,Adou Thiero,Adou Thiero,1642876,LAL,5202.200000000001,87,-4.0,171,181,68.0,61.0,352,208,5.0,11.0,18.0,68.0,0.1724137931034483,0.1323529411764706,,0.39766081871345027,16.0,7.0,15.0,0.2,1.0,,,1.0,6.0,20.0,,,4.0,12.0,1.0,,,4.0,2.0,5.0,8.0,3.0,12.0,0.45454545454545453,0.6666666666666666,0.05555555555555555,13.089005235602095,0.05555555555555555,,,0.7222222222222222,0.6044666666666666,0.5593833333333333,0.15,0.15789473684210525,0.6,25.4,,,,,2.0,5.0,3.0,,,,0.3888888888888889,0.3333333333333333,,,,,5.0,,17.0,6.0,3.0,4.0,5.0,4.0,14.0,3.0,7.0,0.17647058823529413,0.2,0.06818181818181818,0.08974358974358974,0.07692307692307693,0.2777777777777778,,2.735294117647059,False,6.0,12.0,3.0,3.0,3.0,1.0,,,,,7.0,5.0,,4.0,10.0,4.0,,10.0,1.0,,,1.0,4.0,,4.0,1.0,2.0,4.0,3.0,1.0,,1.0,,2.0,1.0,,1.0,1.0,,2.0,2.0,0.7142857142857143,1.0,,,0.4117647058823529,0.6666666666666666,0.6,0.6666666666666666,0.7142857142857143,0.16666666666666666,1.0,,0.10256410256410256,0.11764705882352941,0.15384615384615385,0.10526315789473684,,0.15384615384615385,0.0625,0.1,0.125,,0.6666666666666666,0.5,0.6,0.8333333333333334,0.2,0.25,,,,,,0.6,,,0.5,1.0,,0.60402,0.5,2.0,,,,,,3.0,4.0,,4.0,,,1.0,,1.0,,1.0,,0.6,,,,,0.6666666666666666,0.5,,,,,,,,,,,,,,,,,,,,,,,
1629216,1610612747,Gabe Vincent,Gabe Vincent,1629216,LAL,28935.800000000003,482,14.0,991,991,274.0,207.0,1982,1195,8.0,15.0,22.0,270.0,0.03587443946188341,0.029850746268656716,0.0851063829787234,0.27648839556004035,105.0,28.0,51.0,0.022727272727272728,61.0,5.0,17.0,87.0,10.0,113.0,7.0,26.0,2.0,43.0,61.0,2.0,5.0,9.0,1.0,13.0,11.0,1.0,43.0,0.48695652173913045,0.6515151515151515,0.7837837837837838,11.181244364292155,0.5495495495495496,0.625,0.53125,0.8018018018018018,0.5220693693693693,0.5251984375,0.02631578947368421,0.04,0.3805309734513274,25.785057471264366,19.0,31.0,84.0,19.0,1.0,11.0,4.0,0.9032258064516129,0.3563218390804598,0.3563218390804598,0.46396396396396394,0.037037037037037035,0.3114754098360656,0.31666666666666665,0.8421052631578947,0.3114754098360656,17.0,5.0,24.0,6.0,3.0,10.0,33.0,7.0,76.0,5.0,7.0,0.125,0.11764705882352941,0.022321428571428572,0.0170316301703163,0.029585798816568046,0.15315315315315314,0.04504504504504504,10.499999999999998,False,1.0,2.0,,,1.0,3.0,1.0,26.0,,7.0,5.0,1.0,1.0,2.0,5.0,1.0,13.0,4.0,23.0,3.0,12.0,9.0,2.0,,6.0,,7.0,4.0,3.0,1.0,2.0,1.0,4.0,1.0,1.0,,1.0,1.0,,2.0,1.0,0.4,0.4,0.14285714285714285,0.5,0.20833333333333334,0.16666666666666666,0.1875,0.640625,0.2777777777777778,,0.4444444444444444,,0.024390243902439025,0.0106951871657754,0.038461538461538464,,,0.03614457831325301,0.02631578947368421,,,,0.018018018018018018,0.5,0.5,,0.17647058823529413,0.2,0.3333333333333333,0.2,0.25,1.0,0.23423423423423423,,,,0.03125,,0.4117647058823529,0.50195,0.04424778761061947,,12.0,1.0,2.0,6.0,9.0,,6.0,9.0,,2.0,,1.0,1.0,,,,,,,0.46153846153846156,0.48,1.0,,,0.25,0.5,1.0,0.28125,0.6666666666666666,,,,,,2.0,2.0,,1.0,2.0,,0.022988505747126436,0.038461538461538464,0.01639344262295082,0.02247191011235955,,0.2,
1631166,1610612747,Drew Timme,Drew Timme,1631166,LAL,5515.1,92,19.0,177,183,40.0,40.0,360,186,8.0,11.0,16.0,40.0,0.16,0.11956521739130435,0.1,0.22598870056497175,17.0,6.0,8.0,0.175,7.0,,1.0,10.0,,37.0,,2.0,,8.0,7.0,1.0,1.0,3.0,1.0,3.0,1.0,1.0,8.0,0.6851851851851852,0.5714285714285714,0.37037037037037035,14.77832512315271,0.25925925925925924,,0.14285714285714285,0.7407407407407407,0.5306074074074074,0.4750142857142857,0.037037037037037035,0.058823529411764705,0.21621621621621623,25.76,3.0,5.0,15.0,3.0,,5.0,3.0,1.0,0.5,0.5,0.6851851851851852,,0.42857142857142855,0.42857142857142855,1.0,0.42857142857142855,5.0,2.0,17.0,5.0,3.0,3.0,11.0,3.0,25.0,3.0,5.0,0.17647058823529413,,0.08333333333333333,0.058823529411764705,0.10714285714285714,0.18518518518518517,0.07407407407407407,4.882352941176471,False,6.0,10.0,2.0,2.0,2.0,4.0,1.0,3.0,,,11.0,2.0,,,2.0,4.0,,14.0,8.0,,4.0,1.0,2.0,,3.0,,2.0,2.0,2.0,,,,,,,,,,,,,0.6363636363636364,0.7,,,0.6470588235294118,0.8,0.5,0.5714285714285714,0.5,0.3,0.6666666666666666,,0.07142857142857142,0.04081632653061224,0.05555555555555555,,,0.06666666666666667,0.13333333333333333,,,,0.37037037037037035,0.6,0.8571428571428571,0.5,0.8,0.8,0.75,0.5,0.5,1.0,0.1111111111111111,1.0,,,0.2857142857142857,1.0,,0.6924,0.05405405405405406,1.0,2.0,,,,1.0,1.0,8.0,,2.0,3.0,,,,,,1.0,,0.5,0.07142857142857142,0.6666666666666666,0.6666666666666666,1.0,0.5,,,,,0.14285714285714285,,,,,,,,1.0,,,,,,,,,,,
1643024,1610612747,Chris Mañon,Chris Mañon,1643024,LAL,745.1,12,7.0,22,26,14.0,2.0,48,20,,2.0,3.0,14.0,,0.15384615384615385,,0.6363636363636364,7.0,1.0,3.0,,1.0,,1.0,1.0,,,,1.0,,,1.0,,,,,1.0,,,,,,1.0,3.125,1.0,,1.0,1.0,0.57405,0.57405,,,,24.8,,,,,,1.0,1.0,,,,,,,,,,,,,,,,,,,,1.0,,,,0.0625,,,,,False,,,,,,,,,,,,,,,,,,,,,,,1.0,,2.0,,,,,,,,,,2.0,,2.0,2.0,1.0,,,,,,,,,,,,,,,0.25,0.16666666666666666,,1.0,,0.5,0.2,,,0.5,,,,,,,,,,,,,,,,,,,,,,,,,,,,,,,,,,,,,,,,,,,,,,,,,,,,,,,,1.0,,,,,,,,,,,
1628991,1610612763,Jaren Jackson Jr.,Jaren Jackson Jr.,1628991,MEM,5634.6,94,26.0,201,203,68.0,44.0,404,212,7.0,20.0,21.0,68.0,0.14583333333333334,0.2,0.15384615384615385,0.3383084577114428,19.0,2.0,7.0,0.14285714285714285,11.0,,5.0,14.0,13.0,70.0,,7.0,5.0,30.0,11.0,,2.0,5.0,,16.0,18.0,8.0,30.0,0.6730769230769231,0.7894736842105263,0.3181818181818182,26.027397260273972,0.25,,0.3125,0.5227272727272727,0.4982034090909091,0.538028125,0.16,0.2222222222222222,0.42857142857142855,25.278571428571432,3.0,5.0,15.0,3.0,1.0,1.0,1.0,1.0,0.35714285714285715,0.35714285714285715,0.6477272727272727,1.0,0.2727272727272727,0.2727272727272727,1.0,0.2727272727272727,20.0,1.0,30.0,9.0,,3.0,5.0,2.0,13.0,,1.0,,,,,,0.45454545454545453,0.022727272727272728,7.246666666666667,True,8.0,9.0,,5.0,6.0,13.0,,3.0,,2.0,21.0,2.0,,,2.0,8.0,3.0,28.0,2.0,1.0,1.0,1.0,,1.0,12.0,,,3.0,2.0,2.0,1.0,2.0,,2.0,7.0,5.0,2.0,7.0,5.0,2.0,2.0,0.6666666666666666,0.6666666666666666,,0.42857142857142855,0.7,0.8888888888888888,0.5,0.78125,0.5,,0.6,0.1,0.2553191489361702,,,,,0.18181818181818182,0.2413793103448276,0.42857142857142855,,0.7142857142857143,0.20454545454545456,0.8888888888888888,0.8888888888888888,0.625,0.65,0.65,0.6923076923076923,,,,0.06818181818181818,,,,0.375,0.8333333333333334,0.4,0.4453,0.02857142857142857,,2.0,,,1.0,2.0,1.0,14.0,,,,,1.0,,,1.0,2.0,,0.5,,0.6666666666666666,0.6666666666666666,1.0,,,,,,0.125,0.5,,,,1.0,,,,,,,,,,,,,,
1629630,1610612763,Ja Morant,Ja Morant,1629630,MEM,3628.7,60,-14.0,130,128,16.0,12.0,258,159,3.0,7.0,7.0,16.0,0.125,0.14285714285714285,0.2222222222222222,0.12307692307692308,15.0,2.0,3.0,0.06666666666666667,1.0,,,1.0,8.0,48.0,,,2.0,8.0,1.0,2.0,3.0,9.0,,9.0,10.0,5.0,8.0,0.6153846153846154,0.5714285714285714,0.02857142857142857,32.432432432432435,0.02857142857142857,,,0.42857142857142855,0.5139642857142857,0.4419333333333333,0.13157894736842105,0.13513513513513514,0.16666666666666666,26.5,,,,,,2.0,1.0,,,,0.5714285714285714,,,,,,16.0,4.0,34.0,6.0,3.0,6.0,18.0,3.0,42.0,,,0.08823529411764706,0.125,,,,0.45714285714285713,0.11428571428571428,7.044117647058823,True,11.0,14.0,1.0,1.0,1.0,7.0,2.0,,,,20.0,1.0,,,2.0,3.0,,10.0,12.0,3.0,9.0,2.0,,,4.0,,1.0,6.0,3.0,,,1.0,1.0,1.0,,,,,,,1.0,0.25,0.25,,,0.5882352941176471,0.5,1.0,0.5,1.0,0.07142857142857142,0.6666666666666666,,0.16,,,,,0.3333333333333333,0.125,,,,0.4,0.7857142857142857,0.8461538461538461,0.2727272727272727,0.4375,0.5,0.2857142857142857,0.5,0.5,,,1.0,,,0.16666666666666666,1.0,,0.5395,0.041666666666666664,1.0,,,,,,1.0,30.0,,,1.0,1.0,3.0,,,,2.0,,1.0,,,,,1.0,,,,,,,,,,1.0,,,1.0,,,,,,,,,,,
1630583,1610612763,Santi Aldama,Santi Aldama,1630583,MEM,6636.199999999999,111,-10.0,233,232,79.0,39.0,465,258,11.0,20.0,28.0,79.0,0.18032786885245902,0.17592592592592593,0.35714285714285715,0.33905579399141633,39.0,5.0,5.0,0.1276595744680851,15.0,2.0,3.0,22.0,13.0,62.0,2.0,6.0,6.0,17.0,15.0,1.0,1.0,5.0,1.0,12.0,19.0,7.0,17.0,0.5081967213114754,0.4722222222222222,0.41509433962264153,23.826714801444044,0.2830188679245283,0.18181818181818182,0.21428571428571427,0.6792452830188679,0.538788679245283,0.5316821428571429,0.13559322033898305,0.19444444444444445,0.27419354838709675,24.954545454545453,3.0,7.0,21.0,3.0,1.0,4.0,1.0,1.0,0.3181818181818182,0.3181818181818182,0.46226415094339623,0.16666666666666666,0.2,0.2,1.0,0.2,14.0,3.0,31.0,8.0,4.0,4.0,11.0,1.0,26.0,3.0,8.0,0.12903225806451613,0.07142857142857142,0.04918032786885246,0.06299212598425197,0.023255813953488372,0.2641509433962264,0.05660377358490566,5.9064516129032265,True,7.0,14.0,7.0,2.0,3.0,6.0,1.0,7.0,1.0,1.0,14.0,9.0,1.0,3.0,14.0,4.0,1.0,22.0,7.0,3.0,4.0,3.0,5.0,,8.0,3.0,3.0,4.0,4.0,,,,1.0,2.0,,,,,,,2.0,0.7857142857142857,0.7857142857142857,0.5,0.16666666666666666,0.45161290322580644,0.5,0.5,0.39285714285714285,0.5384615384615384,0.21428571428571427,0.8,,0.1702127659574468,0.07575757575757576,0.043478260869565216,0.0967741935483871,0.1111111111111111,0.1875,0.22727272727272727,,0.10714285714285714,,0.2641509433962264,0.5,0.6363636363636364,0.8571428571428571,0.42857142857142855,0.46153846153846156,0.6666666666666666,0.3333333333333333,0.3333333333333333,1.0,0.1320754716981132,0.6363636363636364,0.5,1.0,0.21428571428571427,0.6666666666666666,0.3333333333333333,0.538611111111111,0.22580645161290322,3.0,4.0,,,,3.0,4.0,6.0,,,,,,,,,2.0,,0.4444444444444444,0.08333333333333333,0.5714285714285714,0.5714285714285714,1.0,0.42857142857142855,0.6666666666666666,,,,0.21428571428571427,,,,,,,,,,,1.0,,,,,0.043478260869565216,,,
1631132,1610612763,Christian Koloko,Christian Koloko,1631132,MEM,11673.4,195,24.0,408,411,121.0,80.0,819,444,12.0,25.0,44.0,121.0,0.12371134020618557,0.12365591397849462,0.06896551724137931,0.2965686274509804,55.0,15.0,20.0,0.14705882352941177,1.0,,1.0,1.0,1.0,29.0,,1.0,,4.0,1.0,1.0,5.0,7.0,2.0,7.0,4.0,1.0,4.0,0.3918918918918919,0.2857142857142857,0.02857142857142857,9.341825902335456,0.02857142857142857,,0.16666666666666666,0.6285714285714286,0.5719557142857145,0.5221583333333334,0.027777777777777776,0.02857142857142857,0.13793103448275862,26.7,,,,,2.0,10.0,2.0,,,,0.4,0.2,,,,,12.0,1.0,34.0,5.0,7.0,6.0,10.0,3.0,26.0,9.0,19.0,0.20588235294117646,0.08333333333333333,0.09375,0.09595959595959595,0.09210526315789473,0.34285714285714286,0.02857142857142857,4.214705882352942,True,11.0,21.0,8.0,1.0,3.0,3.0,,,,,14.0,13.0,,,6.0,2.0,,22.0,4.0,3.0,2.0,2.0,10.0,,11.0,1.0,8.0,2.0,1.0,1.0,3.0,1.0,1.0,1.0,12.0,7.0,5.0,13.0,9.0,1.0,1.0,0.7857142857142857,1.0,,,0.4117647058823529,0.4,0.23076923076923078,0.3333333333333333,0.23076923076923078,0.23809523809523808,0.2857142857142857,,0.12359550561797752,0.09803921568627451,0.13333333333333333,0.07272727272727272,0.1,0.038461538461538464,0.1276595744680851,0.25,0.07142857142857142,0.6923076923076923,0.6,0.5238095238095238,0.6875,0.7272727272727273,0.25,0.2727272727272727,1.0,,,,,0.6153846153846154,,,0.5,0.3333333333333333,,0.5873333333333333,0.20689655172413793,3.0,,,,,,3.0,6.0,,6.0,,,1.0,,,,,1.0,0.23076923076923078,0.11764705882352941,,,,0.375,,,,,,,,1.0,1.0,2.0,,,,,,,,,,,,,1.0,
203484,1610612763,Kentavious Caldwell-Pope,Kentavious Caldwell-Pope,203484,MEM,6631.9,111,10.0,228,233,72.0,47.0,461,247,7.0,13.0,15.0,72.0,0.125,0.12264150943396226,0.23076923076923078,0.3157894736842105,41.0,3.0,4.0,0.09302325581395349,20.0,2.0,8.0,22.0,4.0,61.0,2.0,9.0,2.0,28.0,20.0,1.0,1.0,4.0,1.0,8.0,4.0,1.0,28.0,0.6224489795918368,0.9333333333333333,0.46808510638297873,19.485294117647058,0.425531914893617,0.2857142857142857,0.5714285714285714,0.5957446808510638,0.5173851063829787,0.5178178571428572,0.020833333333333332,0.038461538461538464,0.45901639344262296,25.62727272727273,8.0,9.0,21.0,8.0,,4.0,2.0,0.7777777777777778,0.4090909090909091,0.4090909090909091,0.6063829787234043,,0.4,0.4,0.75,0.4,9.0,10.0,25.0,5.0,2.0,5.0,12.0,4.0,29.0,,2.0,0.08,0.1111111111111111,,0.01652892561983471,,0.19148936170212766,0.2127659574468085,11.136000000000001,True,4.0,6.0,3.0,1.0,1.0,4.0,7.0,2.0,2.0,5.0,15.0,5.0,2.0,2.0,14.0,4.0,6.0,26.0,7.0,1.0,5.0,2.0,2.0,,6.0,1.0,2.0,3.0,,,,1.0,4.0,1.0,2.0,,2.0,2.0,1.0,,1.0,0.8666666666666667,0.8666666666666667,1.0,0.6666666666666666,0.6,0.8,0.8571428571428571,0.9285714285714286,0.875,0.16666666666666666,0.75,,0.12,0.034482758620689655,0.05555555555555555,0.03225806451612903,,0.11764705882352941,0.041666666666666664,0.3333333333333333,0.047619047619047616,0.5,0.1276595744680851,0.6666666666666666,0.8,1.0,0.4444444444444444,0.5,1.0,0.7,0.7,0.7142857142857143,0.0425531914893617,0.42857142857142855,1.0,1.0,0.07142857142857142,1.0,0.625,0.5387500000000001,0.22950819672131148,2.0,1.0,,,1.0,1.0,3.0,4.0,6.0,,,,3.0,,,,,,0.6,,0.5,0.5,1.0,0.6666666666666666,1.0,,,,0.07142857142857142,1.0,,,,,,,,,,,,,,,,,,
1641713,1610612763,GG Jackson,GG Jackson,1641713,MEM,4464.200000000001,74,34.0,153,154,35.0,31.0,307,165,2.0,10.0,10.0,35.0,0.06451612903225806,0.08823529411764706,0.07142857142857142,0.22875816993464052,18.0,3.0,5.0,0.058823529411764705,9.0,1.0,,14.0,5.0,29.0,2.0,1.0,2.0,8.0,9.0,,1.0,2.0,1.0,5.0,8.0,5.0,8.0,0.46774193548387094,0.6666666666666666,0.5,18.857142857142858,0.32142857142857145,0.2,,0.7142857142857143,0.5363696428571428,0.46135833333333337,0.16129032258064516,0.29411764705882354,0.27586206896551724,24.878571428571426,,2.0,6.0,,4.0,4.0,2.0,1.0,0.14285714285714285,0.14285714285714285,0.42857142857142855,0.6666666666666666,,,,,6.0,2.0,14.0,5.0,,2.0,5.0,,12.0,,,,,,,,0.21428571428571427,0.07142857142857142,6.799999999999999,True,6.0,6.0,1.0,1.0,1.0,3.0,,5.0,,,9.0,3.0,1.0,,5.0,3.0,,12.0,3.0,2.0,2.0,1.0,,,4.0,,2.0,1.0,,1.0,,,,,1.0,,1.0,1.0,,,,0.6666666666666666,0.6666666666666666,0.5,,0.6428571428571429,0.6,0.5,0.5,0.5,,0.5,,0.10810810810810811,,,,,0.16666666666666666,0.058823529411764705,0.125,,,0.21428571428571427,1.0,1.0,0.6666666666666666,0.5,0.5,0.6666666666666666,,,,0.17857142857142858,0.2,,,0.16666666666666666,1.0,,0.4196,0.1724137931034483,1.0,2.0,1.0,1.0,,1.0,1.0,6.0,,,,,1.0,1.0,,,2.0,,0.3333333333333333,,0.4,0.4,1.0,1.0,1.0,0.2,1.0,1.0,0.16666666666666666,,,,,,,,,,,,,,,,,,,
1642907,1610612763,Cedric Coward,Cedric Coward,1642907,MEM,2927.3,49,-8.0,104,100,23.0,18.0,204,128,5.0,9.0,16.0,23.0,0.23809523809523808,0.24324324324324326,0.25,0.22115384615384615,9.0,1.0,4.0,0.23076923076923078,4.0,,2.0,4.0,9.0,36.0,,2.0,1.0,5.0,4.0,1.0,3.0,4.0,,5.0,9.0,4.0,5.0,0.6666666666666666,0.5,0.17391304347826086,26.495726495726498,0.17391304347826086,,0.4,0.6956521739130435,0.5576391304347826,0.50973,0.14814814814814814,0.17391304347826086,0.1388888888888889,25.549999999999997,1.0,1.0,3.0,1.0,,2.0,,1.0,0.25,0.25,0.5869565217391305,,0.25,0.25,1.0,0.25,6.0,1.0,19.0,3.0,,,8.0,,16.0,3.0,7.0,,,0.2,0.1590909090909091,0.18181818181818182,0.2608695652173913,0.043478260869565216,5.610526315789474,True,8.0,12.0,5.0,1.0,1.0,4.0,,,,,12.0,6.0,,,10.0,2.0,,12.0,8.0,,3.0,5.0,4.0,,4.0,2.0,2.0,1.0,1.0,1.0,,,,,1.0,,1.0,1.0,,1.0,,0.5,0.75,,,0.631578947368421,0.6666666666666666,0.8333333333333334,0.4,0.8333333333333334,,0.25,,0.25,0.13793103448275862,0.2,0.058823529411764705,0.25,0.5,0.18181818181818182,0.3333333333333333,0.2,,0.5217391304347826,0.6666666666666666,0.6666666666666666,0.5,0.6666666666666666,0.6666666666666666,0.5,,,,,0.8333333333333334,,,0.2,1.0,,0.5659,0.2777777777777778,4.0,,,,,,5.0,12.0,,8.0,,2.0,,,,,,,0.8333333333333334,0.5,,,,0.8,,,,,,,,,,,,,1.0,,,,,,,,,,,
1641765,1610612763,Olivier-Maxence Prosper,Olivier-Maxence Prosper,1641765,MEM,1589.1999999999998,26,-5.0,59,60,28.0,14.0,119,67,1.0,2.0,2.0,28.0,0.07142857142857142,0.07142857142857142,0.14285714285714285,0.4745762711864407,6.0,,,,1.0,,1.0,6.0,,11.0,,4.0,,6.0,1.0,1.0,1.0,2.0,2.0,1.0,,,6.0,0.7857142857142857,0.75,0.8571428571428571,14.0625,0.14285714285714285,,0.25,1.0,0.6044,0.57825,,,0.5454545454545454,25.2,,3.0,9.0,,,2.0,,1.0,0.5,0.5,0.7857142857142857,,,,,,,,1.0,,,,,,,,,,,,,,,,1.4,True,1.0,1.0,,,,,,5.0,,,1.0,,,,,,2.0,,,,,,,,1.0,,2.0,1.0,,,,,,,,,,,,,,,,,0.5,1.0,,,0.75,,,0.5,,0.07142857142857142,,,,,,0.14285714285714285,,,,0.14285714285714285,1.0,1.0,,,,,,,,0.7142857142857143,,,,,,,,,,3.0,,,2.0,3.0,,2.0,,,,,1.0,,,,,,,,0.6,0.6,1.0,,,,,,0.75,0.6666666666666666,,,,,,,1.0,,,,,,,,,,,
1642377,1610612763,Jaylen Wells,Jaylen Wells,1642377,MEM,5748.900000000001,96,5.0,202,202,67.0,34.0,404,214,10.0,13.0,18.0,67.0,0.20408163265306123,0.14130434782608695,,0.3316831683168317,29.0,4.0,9.0,0.2631578947368421,15.0,,3.0,27.0,3.0,36.0,1.0,8.0,2.0,13.0,15.0,,,4.0,2.0,6.0,6.0,3.0,13.0,0.42857142857142855,0.43333333333333335,0.675,19.65811965811966,0.375,,0.21428571428571427,0.8,0.5586050000000001,0.5022428571428572,0.07317073170731707,0.21428571428571427,0.3611111111111111,24.444444444444443,6.0,9.0,27.0,6.0,,2.0,1.0,1.0,0.3333333333333333,0.3333333333333333,0.4125,,0.4,0.4,1.0,0.4,4.0,4.0,13.0,6.0,1.0,3.0,6.0,1.0,15.0,1.0,5.0,0.07692307692307693,0.25,0.021739130434782608,0.05,0.030303030303030304,0.1,0.1,8.007692307692308,True,2.0,5.0,3.0,,,,1.0,12.0,,2.0,3.0,5.0,,,2.0,1.0,3.0,2.0,3.0,2.0,2.0,1.0,4.0,,3.0,1.0,1.0,4.0,4.0,,,,1.0,1.0,1.0,,1.0,1.0,,2.0,,0.3333333333333333,0.5,,0.375,0.23076923076923078,0.16666666666666666,0.16666666666666666,0.39285714285714285,0.16666666666666666,,1.0,,0.06976744186046512,0.07407407407407407,0.1111111111111111,0.03571428571428571,,,0.041666666666666664,0.25,0.038461538461538464,,0.125,0.4,0.4,0.5,,,,0.25,0.25,,0.3,0.5,,,,,0.6666666666666666,0.6231199999999999,0.05555555555555555,1.0,3.0,,1.0,1.0,5.0,1.0,4.0,,2.0,,,,,1.0,,2.0,,0.2,0.125,0.25,0.25,1.0,0.3333333333333333,,0.16666666666666666,,,0.35714285714285715,0.2,,,,,,,,,,,,,,,,,,
1631246,1610612763,Vince Williams Jr.,Vince Williams Jr.,1631246,MEM,2083.8999999999996,35,17.0,67,69,20.0,18.0,136,62,3.0,4.0,4.0,20.0,0.16666666666666666,0.0975609756097561,0.25,0.29850746268656714,10.0,1.0,3.0,0.14285714285714285,8.0,1.0,1.0,12.0,1.0,22.0,1.0,2.0,1.0,6.0,8.0,,1.0,1.0,,3.0,1.0,1.0,6.0,0.6111111111111112,0.75,0.6666666666666666,24.675324675324674,0.4444444444444444,0.5,0.25,0.7222222222222222,0.5496722222222222,0.4962875,0.05555555555555555,0.16666666666666666,0.2727272727272727,24.7,1.0,5.0,15.0,1.0,,,,1.0,0.4166666666666667,0.4166666666666667,0.5833333333333334,,0.125,0.125,1.0,0.125,5.0,,6.0,2.0,,3.0,8.0,3.0,19.0,,,,,,,,0.2777777777777778,,9.549999999999999,True,1.0,1.0,1.0,,,2.0,,4.0,,,3.0,1.0,,,2.0,1.0,1.0,4.0,5.0,,2.0,3.0,,,1.0,,,,,,,,1.0,,1.0,,1.0,1.0,1.0,,,0.6666666666666666,0.6666666666666666,,0.5,0.5,0.5,0.5,0.625,0.5,,,,0.043478260869565216,,,,,0.1111111111111111,,,,1.0,0.05555555555555555,1.0,1.0,1.0,0.4,0.4,0.5,,,,0.2222222222222222,0.5,,,,,,,0.09090909090909091,1.0,4.0,,,1.0,1.0,1.0,2.0,,,,,,,1.0,,1.0,,1.0,,1.0,1.0,1.0,1.0,1.0,,,,0.25,1.0,1.0,,,,,,,,,,,,,,,,,
1642285,1610612763,Cam Spencer,Cam Spencer,1642285,MEM,3775.6,63,55.0,133,133,46.0,34.0,266,111,4.0,8.0,11.0,46.0,0.13333333333333333,0.12121212121212122,0.1111111111111111,0.3458646616541353,13.0,1.0,5.0,0.14285714285714285,11.0,3.0,5.0,11.0,12.0,43.0,3.0,5.0,4.0,12.0,11.0,,,4.0,2.0,10.0,12.0,2.0,12.0,0.7777777777777778,0.6,0.4782608695652174,20.26143790849673,0.4782608695652174,1.0,0.625,0.6086956521739131,0.5214521739130433,0.5489937500000001,0.16,0.15384615384615385,0.27906976744186046,25.49090909090909,5.0,5.0,9.0,5.0,,4.0,1.0,0.6,0.45454545454545453,0.45454545454545453,0.6739130434782609,,0.45454545454545453,0.45454545454545453,0.6,0.45454545454545453,5.0,4.0,12.0,3.0,,6.0,13.0,3.0,32.0,3.0,3.0,,,0.075,0.043478260869565216,0.08823529411764706,0.21739130434782608,0.17391304347826086,11.008333333333331,True,3.0,3.0,,1.0,1.0,3.0,2.0,,2.0,2.0,8.0,,2.0,2.0,8.0,1.0,2.0,4.0,7.0,3.0,4.0,2.0,,,4.0,,3.0,4.0,3.0,,,,,2.0,,,,,,2.0,2.0,0.25,0.25,0.6666666666666666,0.4,0.6666666666666666,0.3333333333333333,1.0,0.5,1.0,,1.0,,0.1111111111111111,,,,,0.1111111111111111,0.09523809523809523,0.16666666666666666,,,0.13043478260869565,1.0,1.0,0.6666666666666666,0.6,0.6,,0.5,0.5,,,,0.6666666666666666,0.5,0.125,1.0,0.4,0.54435,0.18604651162790697,,,,,,,,12.0,6.0,,1.0,,1.0,,,,1.0,,,,,,,,,,,,,,,,,,,,,1.0,1.0,2.0,,,,,0.16666666666666666,,,
1642914,1610612763,Javon Small,Javon Small,1642914,MEM,2984.0,50,-14.0,103,108,29.0,17.0,211,136,4.0,7.0,11.0,29.0,0.13793103448275862,0.16666666666666666,0.09090909090909091,0.2815533980582524,19.0,3.0,8.0,0.16666666666666666,8.0,,3.0,9.0,3.0,21.0,1.0,3.0,2.0,5.0,8.0,2.0,2.0,8.0,5.0,3.0,3.0,1.0,5.0,0.5526315789473685,0.5,0.5,21.25984251968504,0.4444444444444444,,0.75,0.6666666666666666,0.5173222222222221,0.49403749999999996,0.05555555555555555,0.1111111111111111,0.23809523809523808,26.011111111111113,3.0,4.0,6.0,3.0,,1.0,1.0,0.5,0.4444444444444444,0.4444444444444444,0.5,,0.375,0.375,0.3333333333333333,0.375,5.0,1.0,9.0,1.0,2.0,6.0,20.0,4.0,46.0,3.0,4.0,0.2222222222222222,0.4,0.10344827586206896,0.07272727272727272,,0.2777777777777778,0.05555555555555555,8.811111111111112,True,2.0,3.0,1.0,,,1.0,,1.0,,1.0,3.0,2.0,1.0,1.0,6.0,,1.0,2.0,14.0,2.0,5.0,5.0,1.0,,3.0,,,6.0,6.0,,,,,1.0,1.0,1.0,,1.0,,,1.0,0.3333333333333333,0.3333333333333333,1.0,0.3333333333333333,0.3333333333333333,,0.8333333333333334,0.375,1.0,,0.75,,0.23076923076923078,0.038461538461538464,,0.06666666666666667,0.42857142857142855,0.25,0.5,,,,0.16666666666666666,0.6666666666666666,0.6666666666666666,0.5,0.2,0.3333333333333333,,,,,0.05555555555555555,0.3333333333333333,,,,,0.3333333333333333,,0.2857142857142857,1.0,1.0,1.0,1.0,,,1.0,4.0,6.0,,4.0,,,,,,1.0,,0.5,,1.0,1.0,1.0,1.0,1.0,0.3333333333333333,1.0,1.0,,,,,,,,,,,,,,,,,,,,
1629723,1610612763,John Konchar,John Konchar,1629723,MEM,301.9,5,1.0,10,10,,10.0,20,7,,1.0,1.0,,,0.14285714285714285,,,1.0,,1.0,,,,,1.0,,,,,,,,,,,,,,,,,,1.0,9.090909090909092,,,,1.0,0.60225,,,,,22.7,,,,,,1.0,,,,,,,,,,,,,,,,,,,,,,,,,,,,,,True,,,,,,,,1.0,,,,,,,,,,,,,,,,,1.0,,1.0,,,,,,,,,,,,,1.0,,,,,,,,,,,,,,0.3333333333333333,,,,,,1.0,,,,,,,,,,,,,,1.0,,,,,,,,,,,,,,,,,,,,,,,,,,,,,,,,,,,,,,,,,,,,,,,,,,,,,,,,
1642942,1610612763,Jahmai Mashack,Jahmai Mashack,1642942,MEM,287.20000000000005,5,-1.0,9,12,1.0,2.0,21,10,,,,1.0,,,,0.1111111111111111,1.0,,,,1.0,,,1.0,,,,,,,1.0,,,,,,,,,,,1.0,10.0,1.0,,,1.0,0.52545,,,,,26.4,,,,,,,,,,,,,,,,,,,,,,,,,,,,,,,,,,,,True,,,,,,,,,,,,,,,,,,,,,,,,,,,,,,,,,,,,,,,,,,,,,,,,,,,,,,,,,,,,,,,,,,,,,,,,,,,,,,,,,,,,,,,,,,,,,,,,,,,,,,,,,,,,,,,,,,,,,,,,,,,,,,,,,,
1628991,1610612763,Jaren Jackson Jr.,Jaren Jackson Jr.,1628991,MEM,71442.99999999999,1191,-130.0,2491,2501,634.0,607.0,4992,2861,94.0,183.0,219.0,629.0,0.13742690058479531,0.13928012519561817,0.1337579617834395,0.2545162585307106,301.0,64.0,153.0,0.13851992409867173,135.0,16.0,31.0,181.0,121.0,722.0,23.0,42.0,47.0,150.0,135.0,4.0,52.0,90.0,24.0,149.0,154.0,66.0,150.0,0.568503937007874,0.5067567567567568,0.3175438596491228,25.279329608938546,0.23684210526315788,0.24242424242424243,0.2540983606557377,0.5140350877192983,0.5059289473684211,0.4932204918032788,0.11183144246353323,0.15207373271889402,0.2077562326869806,25.26906077348066,49.0,65.0,189.0,49.0,5.0,38.0,23.0,0.9692307692307692,0.35911602209944754,0.35911602209944754,0.5271929824561403,0.0847457627118644,0.362962962962963,0.3684210526315789,0.9795918367346939,0.362962962962963,272.0,5.0,389.0,80.0,45.0,37.0,73.0,27.0,183.0,5.0,36.0,0.11568123393316196,0.08823529411764706,0.00859106529209622,0.027160493827160494,0.0069767441860465115,0.47719298245614034,0.008771929824561403,6.858354755784063,False,65.0,112.0,19.0,15.0,28.0,138.0,,46.0,11.0,7.0,203.0,43.0,14.0,12.0,82.0,41.0,7.0,230.0,36.0,10.0,19.0,16.0,28.0,3.0,84.0,11.0,15.0,38.0,16.0,26.0,23.0,7.0,5.0,17.0,57.0,28.0,29.0,58.0,33.0,17.0,16.0,0.5665024630541872,0.5867346938775511,0.6086956521739131,0.16666666666666666,0.5218508997429306,0.5125,0.5303030303030303,0.42213114754098363,0.5694444444444444,0.1875,0.4222222222222222,0.05,0.1414141414141414,0.044233807266982623,0.05699481865284974,0.04065040650406504,0.013157894736842105,0.14583333333333334,0.13782051282051283,0.14444444444444443,0.043824701195219126,0.5689655172413793,0.19649122807017544,0.5803571428571429,0.7142857142857143,0.6307692307692307,0.5073529411764706,0.5564516129032258,0.5362318840579711,,,,0.08070175438596491,0.2878787878787879,0.6875,1.0,0.22950819672131148,0.5357142857142857,0.22580645161290322,0.5155933962264152,0.11357340720221606,7.0,16.0,3.0,7.0,,11.0,14.0,176.0,6.0,14.0,1.0,4.0,22.0,1.0,8.0,8.0,21.0,,0.32558139534883723,0.028169014084507043,0.34782608695652173,0.34782608695652173,0.9375,0.3684210526315789,0.14285714285714285,0.10606060606060606,0.42857142857142855,0.6666666666666666,0.09016393442622951,,3.0,1.0,,,,2.0,1.0,1.0,,4.0,1.0,0.011049723756906077,,0.014814814814814815,0.01639344262295082,,,
1629111,1610612763,Jock Landale,Jock Landale,1629111,MEM,56936.799999999996,949,-55.0,1972,1977,437.0,445.0,3949,2384,61.0,140.0,267.0,435.0,0.1314655172413793,0.14543404735062007,0.1504424778761062,0.2216024340770791,276.0,56.0,97.0,0.12535612535612536,93.0,8.0,12.0,118.0,57.0,476.0,12.0,19.0,25.0,103.0,93.0,3.0,23.0,41.0,8.0,86.0,85.0,32.0,103.0,0.6025316455696202,0.6204819277108434,0.3333333333333333,18.79049676025918,0.2627118644067797,0.09302325581395349,0.1875,0.7175141242937854,0.5532707627118644,0.56789453125,0.08376963350785341,0.12121212121212122,0.21638655462184875,25.125423728813555,37.0,47.0,138.0,37.0,11.0,22.0,5.0,0.9787234042553191,0.3983050847457627,0.3983050847457627,0.5918079096045198,0.22,0.3978494623655914,0.3978494623655914,0.972972972972973,0.3978494623655914,86.0,14.0,236.0,45.0,23.0,38.0,71.0,31.0,180.0,58.0,127.0,0.09745762711864407,0.06976744186046512,0.11262135922330097,0.12337011033099297,0.11928934010152284,0.24293785310734464,0.03954802259887006,4.527118644067796,False,86.0,136.0,63.0,20.0,30.0,47.0,6.0,25.0,5.0,4.0,139.0,74.0,7.0,16.0,119.0,27.0,8.0,190.0,33.0,7.0,17.0,8.0,65.0,4.0,68.0,10.0,17.0,18.0,11.0,9.0,15.0,19.0,2.0,13.0,21.0,9.0,12.0,21.0,10.0,2.0,12.0,0.6834532374100719,0.8962264150943396,0.5833333333333334,0.42105263157894735,0.5889830508474576,0.6,0.5988372093023255,0.609375,0.6071428571428571,0.125,0.43902439024390244,0.1111111111111111,0.1607565011820331,0.13485477178423236,0.17834394904458598,0.11570247933884298,0.09090909090909091,0.1564625850340136,0.18141592920353983,0.08,0.06896551724137931,0.47619047619047616,0.384180790960452,0.6323529411764706,0.7226890756302521,0.6162790697674418,0.5465116279069767,0.5875,0.7659574468085106,0.42857142857142855,0.42857142857142855,1.0,0.07062146892655367,0.7325581395348837,0.625,0.8,0.46875,0.6666666666666666,0.3333333333333333,0.5716176470588235,0.25,34.0,10.0,2.0,4.0,4.0,7.0,41.0,88.0,3.0,66.0,8.0,2.0,7.0,,6.0,1.0,4.0,,0.5540540540540541,0.10843373493975904,0.4,0.4,1.0,0.5396825396825397,0.08823529411764706,0.046511627906976744,0.5,1.0,0.109375,0.5714285714285714,,,,2.0,,,1.0,,,,,,,,,,,
1629630,1610612763,Ja Morant,Ja Morant,1629630,MEM,30481.300000000003,508,-36.0,1098,1104,286.0,292.0,2202,1276,20.0,50.0,58.0,284.0,0.08403361344537816,0.09542743538767395,0.07272727272727272,0.2604735883424408,143.0,17.0,36.0,0.08743169398907104,72.0,3.0,20.0,84.0,97.0,341.0,5.0,23.0,30.0,95.0,72.0,12.0,17.0,62.0,16.0,75.0,107.0,44.0,93.0,0.5059701492537313,0.4797979797979798,0.2926829268292683,31.383399209486164,0.2508710801393728,0.1875,0.24390243902439024,0.5331010452961672,0.5175215034965033,0.48553353658536585,0.1411042944785276,0.18333333333333332,0.2785923753665689,25.804761904761904,14.0,20.0,42.0,14.0,2.0,18.0,2.0,0.7,0.23809523809523808,0.23809523809523808,0.4250871080139373,0.08333333333333333,0.19444444444444445,0.19718309859154928,0.5714285714285714,0.19444444444444445,105.0,29.0,203.0,59.0,14.0,56.0,143.0,40.0,342.0,4.0,8.0,0.06896551724137931,0.08571428571428572,0.01532567049808429,0.015037593984962405,0.02030456852791878,0.36585365853658536,0.10104529616724739,7.846305418719214,False,40.0,69.0,4.0,12.0,18.0,41.0,11.0,12.0,,4.0,92.0,11.0,,7.0,17.0,25.0,5.0,44.0,87.0,16.0,50.0,30.0,4.0,,28.0,4.0,16.0,45.0,31.0,2.0,,,8.0,9.0,6.0,4.0,2.0,6.0,5.0,2.0,8.0,0.2391304347826087,0.24175824175824176,,0.21739130434782608,0.45320197044334976,0.423728813559322,0.3125,0.39634146341463417,0.425,0.057971014492753624,0.7258064516129032,,0.10566037735849057,0.014760147601476014,,0.02857142857142857,,0.11235955056179775,0.10638297872340426,0.08571428571428572,0.025477707006369428,0.8333333333333334,0.24041811846689895,0.5797101449275363,0.6153846153846154,0.225,0.3904761904761905,0.4270833333333333,0.2682926829268293,0.3793103448275862,0.39285714285714285,0.18181818181818182,0.041811846689895474,0.25,,,0.21951219512195122,0.6666666666666666,0.2,0.5163749999999999,0.04985337243401759,1.0,6.0,,2.0,1.0,3.0,5.0,140.0,18.0,2.0,7.0,2.0,14.0,1.0,3.0,,7.0,,0.45454545454545453,,0.5,0.5,1.0,0.25,,0.125,,,0.036585365853658534,0.3333333333333333,,,,1.0,,1.0,1.0,,2.0,2.0,,0.011904761904761904,,0.013888888888888888,0.023255813953488372,,0.034482758620689655,
1629723,1610612763,John Konchar,John Konchar,1629723,MEM,22977.1,383,3.0,803,810,237.0,172.0,1613,861,31.0,65.0,81.0,237.0,0.14285714285714285,0.15609756097560976,0.15384615384615385,0.29514321295143214,110.0,19.0,29.0,0.1393939393939394,13.0,3.0,4.0,33.0,8.0,78.0,5.0,9.0,4.0,26.0,13.0,2.0,3.0,11.0,5.0,11.0,13.0,8.0,26.0,0.5909090909090909,0.6190476190476191,0.5409836065573771,8.270676691729323,0.21311475409836064,0.3,0.21052631578947367,0.9180327868852459,0.6053483606557376,0.6223236842105264,0.12121212121212122,0.24242424242424243,0.3333333333333333,24.315151515151516,4.0,10.0,30.0,4.0,1.0,29.0,19.0,1.0,0.30303030303030304,0.30303030303030304,0.5737704918032787,0.08333333333333333,0.3076923076923077,0.3076923076923077,1.0,0.3076923076923077,4.0,1.0,28.0,10.0,4.0,12.0,35.0,9.0,82.0,9.0,16.0,0.14285714285714285,,0.04326923076923077,0.038929440389294405,0.02564102564102564,0.06557377049180328,0.01639344262295082,3.117857142857143,False,18.0,23.0,5.0,8.0,9.0,2.0,,20.0,,1.0,20.0,5.0,,1.0,9.0,8.0,2.0,28.0,23.0,3.0,11.0,9.0,7.0,,33.0,1.0,10.0,8.0,8.0,1.0,,2.0,,,11.0,6.0,5.0,11.0,9.0,2.0,,0.7,0.875,,0.2222222222222222,0.7142857142857143,0.8,0.4,0.5789473684210527,0.4090909090909091,0.17391304347826086,0.7272727272727273,,0.17098445595854922,0.034482758620689655,0.05555555555555555,0.028037383177570093,0.09615384615384616,0.1791044776119403,0.1553398058252427,0.21739130434782608,0.038461538461538464,0.8181818181818182,0.3770491803278688,0.782608695652174,0.9473684210526315,0.6666666666666666,0.5,0.5,1.0,,,,0.32786885245901637,0.5,,,0.47368421052631576,0.8888888888888888,0.25,0.57842,0.11538461538461539,4.0,6.0,,2.0,1.0,5.0,4.0,12.0,,8.0,3.0,1.0,,,1.0,,3.0,,0.8,,0.3,0.3,1.0,0.8,,0.2,,,0.2631578947368421,0.2,,,,,,,,,,,,,,,,,,
1642907,1610612763,Cedric Coward,Cedric Coward,1642907,MEM,62760.40000000001,1046,49.0,2221,2227,553.0,575.0,4448,2487,112.0,194.0,248.0,545.0,0.1891891891891892,0.15821678321678323,0.2204724409448819,0.24898694281855022,288.0,36.0,79.0,0.18064516129032257,127.0,11.0,32.0,182.0,84.0,533.0,17.0,50.0,24.0,116.0,127.0,6.0,27.0,65.0,19.0,77.0,101.0,51.0,115.0,0.5768398268398268,0.5370370370370371,0.4343675417661098,20.63429913860611,0.3031026252983294,0.21568627450980393,0.3404255319148936,0.720763723150358,0.5495516706443914,0.5355755319148937,0.11353711790393013,0.18545454545454546,0.2176360225140713,24.824725274725278,48.0,63.0,174.0,48.0,13.0,21.0,9.0,0.9206349206349206,0.34615384615384615,0.34615384615384615,0.535799522673031,0.28888888888888886,0.3779527559055118,0.3779527559055118,0.8958333333333334,0.3779527559055118,103.0,14.0,237.0,44.0,31.0,38.0,108.0,26.0,254.0,28.0,54.0,0.1308016877637131,0.10679611650485436,0.05363984674329502,0.04938271604938271,0.041343669250646,0.2458233890214797,0.03341288782816229,5.550210970464135,False,83.0,120.0,21.0,13.0,21.0,42.0,5.0,55.0,4.0,13.0,130.0,34.0,5.0,16.0,77.0,19.0,18.0,128.0,70.0,12.0,41.0,25.0,24.0,2.0,69.0,12.0,12.0,38.0,15.0,9.0,5.0,4.0,4.0,4.0,14.0,10.0,4.0,15.0,11.0,6.0,3.0,0.49230769230769234,0.5565217391304348,0.29411764705882354,0.36,0.5485232067510548,0.4318181818181818,0.5980392156862745,0.48936170212765956,0.652542372881356,0.15,0.5846153846153846,0.045454545454545456,0.125,0.04519774011299435,0.04395604395604396,0.04377104377104377,0.08888888888888889,0.11413043478260869,0.12455516014234876,0.14942528735632185,0.06349206349206349,0.7333333333333333,0.2863961813842482,0.6916666666666667,0.8137254901960784,0.5301204819277109,0.4077669902912621,0.45652173913043476,0.42857142857142855,0.35714285714285715,0.4166666666666667,0.4,0.13126491646778043,0.4117647058823529,0.36363636363636365,1.0,0.22340425531914893,0.6190476190476191,0.40625,0.518340909090909,0.14446529080675422,17.0,15.0,1.0,6.0,5.0,18.0,23.0,132.0,15.0,30.0,4.0,3.0,23.0,2.0,5.0,3.0,13.0,,0.6764705882352942,0.057692307692307696,0.2727272727272727,0.2830188679245283,1.0,0.8095238095238095,0.23529411764705882,0.11764705882352941,0.16666666666666666,1.0,0.19148936170212766,0.2777777777777778,4.0,1.0,1.0,1.0,,2.0,1.0,,1.0,1.0,,0.01098901098901099,0.03636363636363636,,0.00546448087431694,,0.14285714285714285,
1630583,1610612763,Santi Aldama,Santi Aldama,1630583,MEM,63800.500000000015,1063,-53.0,2253,2258,639.0,660.0,4511,2662,91.0,195.0,253.0,636.0,0.16337522441651706,0.15823970037453183,0.15447154471544716,0.2836218375499334,280.0,34.0,61.0,0.16589861751152074,130.0,11.0,35.0,172.0,61.0,528.0,12.0,49.0,24.0,120.0,130.0,6.0,17.0,49.0,9.0,78.0,91.0,29.0,120.0,0.5919282511210763,0.47244094488188976,0.41646489104116224,19.171185127807902,0.31476997578692495,0.18032786885245902,0.3153153153153153,0.6707021791767555,0.5396015738498787,0.5367662162162162,0.08294930875576037,0.11284046692607004,0.22727272727272727,25.18546511627906,38.0,61.0,180.0,38.0,26.0,32.0,12.0,0.9836065573770492,0.3546511627906977,0.3546511627906977,0.5653753026634383,0.4262295081967213,0.2923076923076923,0.2923076923076923,0.9736842105263158,0.2923076923076923,116.0,20.0,241.0,62.0,6.0,54.0,114.0,33.0,282.0,35.0,58.0,0.024896265560165973,0.034482758620689655,0.0641025641025641,0.053742802303262956,0.0673076923076923,0.28087167070217917,0.048426150121065374,6.04273858921162,False,78.0,105.0,33.0,18.0,27.0,57.0,7.0,42.0,1.0,5.0,142.0,49.0,2.0,8.0,64.0,30.0,12.0,230.0,60.0,21.0,30.0,25.0,21.0,2.0,78.0,12.0,20.0,32.0,21.0,5.0,4.0,4.0,6.0,8.0,26.0,17.0,8.0,29.0,18.0,5.0,7.0,0.8098591549295775,0.905511811023622,0.16666666666666666,0.24489795918367346,0.5892116182572614,0.4838709677419355,0.45901639344262296,0.43243243243243246,0.47761194029850745,0.01904761904761905,0.6530612244897959,0.03773584905660377,0.15264187866927592,0.04233870967741935,0.057692307692307696,0.040892193308550186,0.05384615384615385,0.09550561797752809,0.18725099601593626,0.17073170731707318,0.0594059405940594,0.6206896551724138,0.2542372881355932,0.7428571428571429,0.7572815533980582,0.7692307692307693,0.49137931034482757,0.5089285714285714,0.8596491228070176,0.35,0.35,0.8571428571428571,0.1016949152542373,0.5409836065573771,0.09090909090909091,1.0,0.24324324324324326,0.6666666666666666,0.14285714285714285,0.5482640624999999,0.12121212121212122,17.0,23.0,1.0,1.0,7.0,14.0,25.0,54.0,3.0,30.0,5.0,3.0,11.0,,7.0,1.0,13.0,1.0,0.5102040816326531,0.014084507042253521,0.5476190476190477,0.5609756097560976,1.0,0.5151515151515151,0.11764705882352941,0.01639344262295082,1.0,1.0,0.12612612612612611,0.5,1.0,3.0,3.0,3.0,,1.0,2.0,2.0,,11.0,,0.005813953488372093,0.023809523809523808,,0.03954802259887006,1.0,,
1642377,1610612763,Jaylen Wells,Jaylen Wells,1642377,MEM,65468.20000000001,1091,-97.0,2267,2300,544.0,523.0,4567,2721,59.0,99.0,137.0,535.0,0.10314685314685315,0.08930232558139535,0.15447154471544716,0.2399647110719012,311.0,45.0,83.0,0.08908685968819599,131.0,12.0,28.0,203.0,87.0,486.0,18.0,45.0,31.0,125.0,131.0,7.0,17.0,48.0,14.0,106.0,109.0,38.0,120.0,0.5388026607538803,0.5841121495327103,0.5012345679012346,18.863636363636363,0.3234567901234568,0.21818181818181817,0.3076923076923077,0.6938271604938272,0.5370364197530864,0.5292928571428572,0.10204081632653061,0.16379310344827586,0.257201646090535,24.87290640394088,37.0,65.0,186.0,37.0,3.0,36.0,16.0,0.9538461538461539,0.32019704433497537,0.32019704433497537,0.4925925925925926,0.06521739130434782,0.2824427480916031,0.2846153846153846,0.918918918918919,0.2824427480916031,70.0,54.0,202.0,46.0,22.0,32.0,68.0,23.0,168.0,22.0,38.0,0.10891089108910891,0.12857142857142856,0.03873239436619718,0.03395889186773905,0.04245283018867924,0.1728395061728395,0.13333333333333333,8.636633663366336,False,46.0,78.0,16.0,16.0,26.0,33.0,23.0,72.0,3.0,11.0,102.0,37.0,4.0,15.0,63.0,26.0,14.0,128.0,36.0,9.0,18.0,14.0,16.0,,37.0,11.0,20.0,31.0,19.0,2.0,1.0,1.0,26.0,10.0,2.0,,2.0,2.0,,6.0,6.0,0.6274509803921569,0.6597938144329897,0.2222222222222222,0.3111111111111111,0.504950495049505,0.5652173913043478,0.43636363636363634,0.5164835164835165,0.5163934426229508,0.1282051282051282,0.6458333333333334,,0.073558648111332,0.029038112522686024,0.03910614525139665,0.02422145328719723,0.027777777777777776,0.06134969325153374,0.061068702290076333,0.14102564102564102,0.051643192488262914,,0.1925925925925926,0.5897435897435898,0.6764705882352942,0.6739130434782609,0.4714285714285714,0.5409836065573771,0.48484848484848486,0.42592592592592593,0.45098039215686275,0.7391304347826086,0.17777777777777778,0.2909090909090909,0.25,0.6666666666666666,0.2857142857142857,0.6153846153846154,0.39285714285714285,0.5161511627906977,0.12962962962962962,9.0,28.0,1.0,6.0,3.0,17.0,18.0,76.0,9.0,10.0,4.0,2.0,12.0,1.0,4.0,1.0,8.0,,0.4864864864864865,0.024096385542168676,0.3888888888888889,0.3888888888888889,1.0,0.5625,0.1111111111111111,0.10909090909090909,0.16666666666666666,1.0,0.18681318681318682,0.17647058823529413,3.0,,,,,1.0,,1.0,,7.0,,0.0049261083743842365,,0.007633587786259542,0.03349282296650718,,0.05555555555555555,
1631246,1610612763,Vince Williams Jr.,Vince Williams Jr.,1631246,MEM,36666.3,611,19.0,1256,1269,279.0,289.0,2525,1390,56.0,93.0,119.0,276.0,0.15217391304347827,0.138763197586727,0.10588235294117647,0.22213375796178345,160.0,23.0,58.0,0.16607773851590105,105.0,9.0,28.0,125.0,28.0,203.0,12.0,32.0,14.0,68.0,105.0,10.0,22.0,56.0,12.0,38.0,34.0,12.0,66.0,0.4391304347826087,0.5877192982456141,0.5841121495327103,19.751381215469614,0.49065420560747663,0.375,0.5714285714285714,0.7383177570093458,0.5278268691588784,0.5122591836734693,0.05333333333333334,0.12,0.33497536945812806,25.332799999999995,30.0,35.0,93.0,30.0,1.0,22.0,8.0,0.8857142857142857,0.28,0.28,0.4088785046728972,0.037037037037037035,0.2857142857142857,0.28846153846153844,0.8666666666666667,0.2857142857142857,50.0,6.0,89.0,17.0,7.0,60.0,131.0,38.0,322.0,9.0,26.0,0.07865168539325842,0.04,0.02903225806451613,0.0420032310177706,0.01680672268907563,0.2336448598130841,0.028037383177570093,6.788764044943821,False,14.0,33.0,7.0,4.0,7.0,20.0,1.0,20.0,2.0,12.0,35.0,12.0,2.0,8.0,26.0,6.0,14.0,24.0,71.0,22.0,33.0,33.0,17.0,,36.0,5.0,14.0,34.0,23.0,4.0,5.0,1.0,8.0,5.0,12.0,8.0,4.0,12.0,8.0,4.0,4.0,0.34285714285714286,0.3870967741935484,0.16666666666666666,0.4375,0.39325842696629215,0.35294117647058826,0.375,0.5510204081632653,0.4642857142857143,0.12121212121212122,0.6071428571428571,,0.12203389830508475,0.05501618122977346,0.1111111111111111,0.029411764705882353,0.06944444444444445,0.14772727272727273,0.09219858156028368,0.15151515151515152,0.03787878787878788,0.6666666666666666,0.1542056074766355,0.42424242424242425,0.4827586206896552,0.2857142857142857,0.4,0.4166666666666667,0.4,0.16666666666666666,0.2,,0.09345794392523364,0.2916666666666667,0.2222222222222222,1.0,0.14285714285714285,0.5714285714285714,0.42857142857142855,0.5432441176470588,0.12807881773399016,5.0,5.0,,3.0,2.0,4.0,6.0,46.0,12.0,8.0,5.0,2.0,11.0,,2.0,,1.0,,0.5,0.025,0.25,0.25,1.0,0.7142857142857143,,0.125,,,0.08163265306122448,0.5,2.0,,,,,1.0,1.0,,1.0,,,0.008,,0.009523809523809525,,,0.16666666666666666,
1642285,1610612763,Cam Spencer,Cam Spencer,1642285,MEM,57931.8,966,-3.0,1998,1994,534.0,512.0,3992,2325,36.0,89.0,108.0,532.0,0.07171314741035857,0.09275053304904052,0.09482758620689655,0.2672672672672673,264.0,32.0,63.0,0.06476683937823834,177.0,20.0,44.0,201.0,70.0,466.0,25.0,48.0,18.0,99.0,177.0,13.0,21.0,61.0,16.0,52.0,77.0,23.0,98.0,0.6494252873563219,0.5454545454545454,0.6261682242990654,17.659758203799655,0.5514018691588785,0.43478260869565216,0.55,0.7071651090342679,0.5197978193146413,0.5009800000000002,0.07602339181286549,0.16428571428571428,0.21244635193133046,25.837810945273638,81.0,92.0,216.0,81.0,2.0,26.0,8.0,0.782608695652174,0.4577114427860697,0.4577114427860697,0.616822429906542,0.04,0.4576271186440678,0.4602272727272727,0.7530864197530864,0.4576271186440678,61.0,33.0,120.0,32.0,10.0,82.0,232.0,59.0,546.0,10.0,19.0,0.08333333333333333,0.03278688524590164,0.01937984496124031,0.019289340101522844,0.017456359102244388,0.19003115264797507,0.102803738317757,10.009166666666667,False,15.0,26.0,6.0,3.0,8.0,31.0,14.0,24.0,10.0,15.0,60.0,21.0,13.0,7.0,68.0,15.0,17.0,50.0,150.0,23.0,82.0,61.0,9.0,,51.0,1.0,18.0,40.0,33.0,2.0,1.0,2.0,2.0,5.0,3.0,1.0,2.0,4.0,3.0,8.0,4.0,0.4166666666666667,0.423728813559322,0.52,0.3541666666666667,0.5,0.46875,0.6630434782608695,0.50625,0.6808510638297872,0.3076923076923077,0.6557377049180327,,0.11697247706422019,0.019189765458422176,0.01935483870967742,0.012658227848101266,0.02608695652173913,0.09933774834437085,0.12340425531914893,0.14,0.006369426751592357,0.75,0.08099688473520249,0.5769230769230769,0.8333333333333334,0.6,0.5081967213114754,0.5254237288135594,0.3870967741935484,0.42424242424242425,0.42424242424242425,0.2857142857142857,0.07476635514018691,0.13043478260869565,0.5,0.8,0.1,0.375,0.3409090909090909,0.49706599999999995,0.1459227467811159,3.0,11.0,3.0,5.0,2.0,4.0,11.0,70.0,60.0,2.0,7.0,3.0,7.0,,5.0,,3.0,,0.5238095238095238,0.03896103896103896,0.4583333333333333,0.4583333333333333,1.0,0.5,0.6666666666666666,0.10869565217391304,0.6,1.0,0.05,0.5,2.0,1.0,1.0,,,1.0,2.0,2.0,14.0,4.0,,0.004975124378109453,,0.005649717514124294,0.01485148514851485,,,1.0
1641713,1610612763,GG Jackson,GG Jackson,1641713,MEM,18835.699999999997,314,-40.0,648,657,127.0,121.0,1305,791,28.0,48.0,58.0,126.0,0.1696969696969697,0.14563106796116504,0.14285714285714285,0.19598765432098766,89.0,22.0,33.0,0.17886178861788618,28.0,5.0,5.0,55.0,21.0,150.0,5.0,10.0,2.0,26.0,28.0,4.0,11.0,20.0,3.0,20.0,27.0,16.0,26.0,0.5769230769230769,0.6190476190476191,0.46218487394957986,19.867549668874172,0.23529411764705882,0.3125,0.2631578947368421,0.7983193277310925,0.5624449579831933,0.5688710526315789,0.12307692307692308,0.21333333333333335,0.17333333333333334,24.77090909090909,5.0,17.0,48.0,5.0,3.0,13.0,6.0,0.9411764705882353,0.3090909090909091,0.3090909090909091,0.542016806722689,0.25,0.17857142857142858,0.17857142857142858,0.8,0.17857142857142858,24.0,,64.0,9.0,7.0,4.0,12.0,2.0,28.0,5.0,10.0,0.109375,0.16666666666666666,0.029940119760479042,0.03215434083601286,0.031746031746031744,0.20168067226890757,,3.8578125000000005,False,29.0,40.0,7.0,5.0,6.0,10.0,,27.0,1.0,1.0,39.0,11.0,1.0,3.0,22.0,6.0,4.0,54.0,8.0,2.0,5.0,2.0,5.0,,17.0,,7.0,9.0,6.0,1.0,,1.0,1.0,,11.0,7.0,4.0,11.0,4.0,3.0,,0.6923076923076923,0.75,0.2,0.4,0.609375,0.6666666666666666,0.59375,0.631578947368421,0.6875,0.075,0.45,,0.11805555555555555,0.034722222222222224,0.06666666666666667,0.02531645569620253,0.024390243902439025,0.10256410256410256,0.07058823529411765,0.35,,0.36363636363636365,0.33613445378151263,0.725,0.7837837837837838,0.6551724137931034,0.4166666666666667,0.5,0.8,,,,0.226890756302521,0.4375,0.2,,0.3157894736842105,0.8333333333333334,0.2,0.5845227272727272,0.14666666666666667,6.0,12.0,,,3.0,5.0,8.0,24.0,3.0,6.0,1.0,,3.0,2.0,1.0,,5.0,,0.7272727272727273,,0.4444444444444444,0.4444444444444444,1.0,0.8571428571428571,0.5,,,,0.2631578947368421,0.6,3.0,,,1.0,,,,,,,,,,,,,,
203484,1610612763,Kentavious Caldwell-Pope,Kentavious Caldwell-Pope,203484,MEM,47378.7,790,-76.0,1640,1660,402.0,400.0,3300,1960,53.0,75.0,91.0,397.0,0.14324324324324325,0.09825033647375504,0.10344827586206896,0.2451219512195122,214.0,22.0,40.0,0.15547703180212014,105.0,10.0,22.0,131.0,54.0,294.0,13.0,27.0,21.0,70.0,105.0,8.0,17.0,47.0,13.0,51.0,58.0,24.0,66.0,0.5176678445229682,0.5476190476190477,0.51171875,17.331932773109244,0.41015625,0.37037037037037035,0.41509433962264153,0.64453125,0.5191693359374999,0.5257773584905661,0.08928571428571429,0.16216216216216217,0.23809523809523808,25.18473282442748,34.0,42.0,114.0,34.0,2.0,30.0,13.0,0.9047619047619048,0.32061068702290074,0.32061068702290074,0.46875,0.044444444444444446,0.3238095238095238,0.3269230769230769,0.8823529411764706,0.3238095238095238,41.0,50.0,125.0,26.0,8.0,43.0,111.0,29.0,265.0,8.0,16.0,0.064,0.17073170731707318,0.020100502512562814,0.019704433497536946,0.015873015873015872,0.16015625,0.1953125,10.818399999999999,False,21.0,34.0,3.0,7.0,11.0,16.0,20.0,26.0,2.0,8.0,57.0,14.0,2.0,7.0,23.0,11.0,9.0,82.0,68.0,14.0,30.0,34.0,8.0,,20.0,4.0,17.0,30.0,19.0,1.0,2.0,6.0,9.0,3.0,6.0,2.0,4.0,6.0,4.0,5.0,1.0,0.7192982456140351,0.7321428571428571,0.15384615384615385,0.3333333333333333,0.456,0.4230769230769231,0.2962962962962963,0.46226415094339623,0.38333333333333336,0.029411764705882353,0.6382978723404256,,0.05361930294906166,0.01932367149758454,0.01680672268907563,0.01818181818181818,0.03614457831325301,0.06557377049180328,0.054455445544554455,0.02040816326530612,0.0273972602739726,0.6666666666666666,0.1328125,0.6176470588235294,0.6363636363636364,0.7142857142857143,0.3902439024390244,0.47058823529411764,0.75,0.4,0.4,0.7,0.1015625,0.1111111111111111,0.2,1.0,0.20754716981132076,0.6363636363636364,0.36363636363636365,0.5050526315789473,0.0782312925170068,,8.0,,3.0,1.0,5.0,5.0,32.0,12.0,2.0,4.0,4.0,11.0,,3.0,,1.0,,0.35714285714285715,0.02666666666666667,0.3076923076923077,0.3076923076923077,1.0,,,0.1111111111111111,,,0.09433962264150944,0.2,2.0,,,,,1.0,,,1.0,1.0,,0.007633587786259542,,0.009523809523809525,0.007575757575757576,,,
1629634,1610612763,Brandon Clarke,Brandon Clarke,1629634,MEM,1226.3000000000002,20,-12.0,47,47,5.0,5.0,94,55,1.0,2.0,6.0,4.0,0.1,0.08333333333333333,,0.10638297872340426,7.0,2.0,5.0,0.125,,,,,2.0,8.0,,,,,,,,,,3.0,4.0,2.0,,0.36363636363636365,,,20.0,,,,0.5555555555555556,0.5259111111111111,,0.18181818181818182,0.18181818181818182,,,,,,,,2.0,1.0,,,,0.3333333333333333,,,,,,4.0,,9.0,,3.0,1.0,1.0,1.0,3.0,,4.0,0.3333333333333333,0.25,,0.16,,0.4444444444444444,,4.133333333333334,False,2.0,5.0,3.0,,,1.0,,,,,3.0,3.0,,,2.0,,,4.0,,,,,4.0,,1.0,,1.0,,,2.0,,,,,,,,,,,,0.6666666666666666,1.0,,,0.3333333333333333,,0.3333333333333333,,0.3333333333333333,0.4,,,0.07142857142857142,0.25,0.16666666666666666,0.3,,,0.2,,,,0.5555555555555556,0.4,0.6666666666666666,0.5,0.25,0.3333333333333333,1.0,,,,,1.0,,,,,,0.504,0.25,1.0,,,,,,1.0,2.0,,2.0,,,,,,,,,0.3333333333333333,,,,,0.3333333333333333,,,,,,,,,,,,,1.0,,,,,,,,,,,
1642914,1610612763,Javon Small,Javon Small,1642914,MEM,8073.9,135,-6.0,290,297,99.0,78.0,587,332,4.0,8.0,9.0,99.0,0.04938271604938271,0.050314465408805034,0.05263157894736842,0.3413793103448276,30.0,4.0,11.0,0.04838709677419355,21.0,,9.0,23.0,11.0,46.0,,9.0,6.0,26.0,21.0,1.0,3.0,11.0,5.0,10.0,14.0,6.0,26.0,0.5,0.65,0.575,17.59259259259259,0.525,,0.5294117647058824,0.825,0.53500625,0.5327852941176471,0.15217391304347827,0.2727272727272727,0.5652173913043478,25.599999999999998,7.0,7.0,15.0,7.0,,3.0,2.0,0.7142857142857143,0.30434782608695654,0.30434782608695654,0.4375,,0.3333333333333333,0.3333333333333333,0.7142857142857143,0.3333333333333333,5.0,2.0,17.0,8.0,4.0,15.0,28.0,11.0,71.0,,1.0,0.23529411764705882,0.4,,0.007462686567164179,,0.125,0.05,6.029411764705882,False,6.0,10.0,,3.0,4.0,,1.0,2.0,,4.0,7.0,1.0,,,2.0,4.0,4.0,10.0,13.0,4.0,5.0,7.0,1.0,,4.0,,1.0,8.0,7.0,1.0,,,,,1.0,,1.0,1.0,1.0,3.0,,0.7142857142857143,0.7142857142857143,,0.4444444444444444,0.4117647058823529,0.5,1.0,0.5882352941176471,1.0,0.2,0.7272727272727273,,0.05128205128205128,0.01639344262295082,,0.029411764705882353,,0.038461538461538464,0.041666666666666664,0.25,,1.0,0.25,0.6,0.75,0.6666666666666666,,,,0.5,0.5,1.0,0.05,,,,0.23529411764705882,0.75,0.4444444444444444,0.4604,0.043478260869565216,,,,,,,1.0,4.0,6.0,,1.0,2.0,1.0,,,,1.0,,1.0,,,,,,,,,,,,,,,,,,,,,1.0,,,,,0.041666666666666664,,,
1641765,1610612763,Olivier-Maxence Prosper,Olivier-Maxence Prosper,1641765,MEM,12589.0,210,-51.0,444,456,170.0,145.0,900,530,12.0,32.0,46.0,169.0,0.1016949152542373,0.11737089201877934,0.1891891891891892,0.38288288288288286,68.0,8.0,16.0,0.06172839506172839,6.0,1.0,3.0,18.0,28.0,92.0,2.0,6.0,16.0,37.0,6.0,,5.0,12.0,5.0,21.0,30.0,12.0,37.0,0.6133333333333333,0.5606060606060606,0.29508196721311475,16.666666666666668,0.09836065573770492,0.1111111111111111,0.125,0.7540983606557377,0.5721262295081969,0.5444291666666666,0.16901408450704225,0.22641509433962265,0.40217391304347827,23.87222222222222,2.0,6.0,18.0,2.0,7.0,2.0,,1.0,0.3333333333333333,0.3333333333333333,0.5245901639344263,0.5,0.3333333333333333,0.3333333333333333,1.0,0.3333333333333333,14.0,1.0,43.0,18.0,3.0,6.0,15.0,6.0,36.0,7.0,14.0,0.06976744186046512,,0.06666666666666667,0.05909090909090909,0.0875,0.22950819672131148,0.01639344262295082,4.069767441860465,False,17.0,28.0,5.0,7.0,11.0,6.0,,12.0,,1.0,23.0,7.0,,3.0,7.0,9.0,1.0,36.0,9.0,,4.0,4.0,6.0,1.0,13.0,,2.0,7.0,6.0,3.0,1.0,2.0,,4.0,2.0,,2.0,2.0,1.0,3.0,4.0,0.782608695652174,0.782608695652174,,0.16666666666666666,0.5348837209302325,0.5,0.2222222222222222,0.4375,0.3181818181818182,0.07142857142857142,0.5833333333333334,0.07692307692307693,0.1368421052631579,0.05217391304347826,,0.078125,,0.14814814814814814,0.14545454545454545,0.07692307692307693,,0.5,0.45901639344262296,0.6071428571428571,0.6538461538461539,0.8823529411764706,0.42857142857142855,0.42857142857142855,0.5,,,,0.19672131147540983,0.5555555555555556,,,0.4583333333333333,0.6363636363636364,0.3333333333333333,0.5159,0.07608695652173914,2.0,4.0,,1.0,,3.0,2.0,10.0,,,1.0,1.0,1.0,,1.0,,2.0,,0.2857142857142857,0.06666666666666667,0.3333333333333333,0.3333333333333333,1.0,0.4,1.0,0.1111111111111111,,,0.125,,2.0,,,,,,,,,,,,,,,,1.0,
1629646,1610612763,Charles Bassey,Charles Bassey,1629646,MEM,1831.0,31,-8.0,67,66,21.0,24.0,133,79,5.0,8.0,15.0,21.0,0.4166666666666667,0.3076923076923077,0.5,0.31343283582089554,13.0,4.0,5.0,0.4,,,,,1.0,7.0,,,1.0,1.0,,,1.0,1.0,,2.0,3.0,2.0,1.0,0.3888888888888889,0.5,,12.5,,,,0.5,0.5559999999999999,,0.2222222222222222,0.2222222222222222,0.14285714285714285,,,,,,,1.0,,,,,0.375,,,,,,4.0,,8.0,,1.0,1.0,2.0,1.0,5.0,5.0,7.0,0.125,0.25,0.2631578947368421,0.19444444444444445,0.3125,0.5,,4.35,False,3.0,4.0,2.0,,,,,,,,3.0,3.0,,,2.0,,,4.0,1.0,,1.0,,2.0,,3.0,,1.0,,,,1.0,,,,1.0,1.0,,1.0,,,,0.6666666666666666,1.0,,,0.375,,0.3333333333333333,,0.3333333333333333,,,,0.21428571428571427,0.11764705882352941,,0.18181818181818182,,1.0,0.18181818181818182,,,,0.5,0.75,0.75,0.6666666666666666,,,,,,,,0.6666666666666666,,,,,,0.60465,0.2857142857142857,1.0,,,,,,1.0,2.0,,2.0,,,,,,,1.0,,0.3333333333333333,,,,,0.5,,,,,,,,,,,,,,,,,,,,,,,,
1641744,1610612763,Zach Edey,Zach Edey,1641744,MEM,17031.100000000002,284,113.0,589,577,107.0,81.0,1166,567,41.0,79.0,122.0,104.0,0.2578616352201258,0.2515923566878981,0.0967741935483871,0.18166383701188454,77.0,9.0,37.0,0.296875,5.0,1.0,1.0,5.0,25.0,150.0,1.0,1.0,12.0,30.0,5.0,1.0,15.0,26.0,3.0,37.0,32.0,15.0,30.0,0.6637168141592921,0.6,0.05102040816326531,20.501474926253685,0.05102040816326531,0.041666666666666664,0.058823529411764705,0.5918367346938775,0.5586734693877551,0.5101235294117646,0.13761467889908258,0.14423076923076922,0.2,24.860000000000003,1.0,1.0,3.0,1.0,,7.0,1.0,1.0,0.2,0.2,0.6377551020408163,,0.2,0.2,1.0,0.2,40.0,,93.0,16.0,6.0,6.0,12.0,5.0,30.0,18.0,43.0,0.06451612903225806,,0.14754098360655737,0.15671641791044777,0.16483516483516483,0.40816326530612246,,4.135483870967742,False,38.0,53.0,19.0,4.0,8.0,23.0,,,,,61.0,23.0,,13.0,37.0,9.0,,100.0,6.0,1.0,2.0,4.0,24.0,1.0,38.0,1.0,6.0,11.0,5.0,8.0,10.0,6.0,,4.0,18.0,10.0,8.0,21.0,13.0,2.0,4.0,0.819672131147541,0.9259259259259259,,,0.6559139784946236,0.5625,0.5,0.5294117647058824,0.578125,0.11320754716981132,0.4230769230769231,0.0625,0.24516129032258063,0.1643835616438356,0.10869565217391304,0.20689655172413793,0.0967741935483871,0.14285714285714285,0.34615384615384615,0.14285714285714285,0.034482758620689655,0.6190476190476191,0.5408163265306123,0.7169811320754716,0.8085106382978723,0.7368421052631579,0.575,0.575,0.9565217391304348,,,,,0.7916666666666666,,,0.47058823529411764,0.5,,0.6376999999999999,0.24666666666666667,10.0,,,,,,12.0,22.0,,14.0,,1.0,6.0,,4.0,1.0,4.0,,0.5217391304347826,0.07692307692307693,,,,0.5263157894736842,0.3,,,,,,,3.0,2.0,,,,,,,,1.0,,,,,,,
1642942,1610612763,Jahmai Mashack,Jahmai Mashack,1642942,MEM,1201.4,20,-19.0,40,44,8.0,14.0,84,49,1.0,5.0,5.0,8.0,0.14285714285714285,0.3333333333333333,0.3333333333333333,0.2,4.0,1.0,1.0,,3.0,1.0,,5.0,,6.0,1.0,1.0,,,3.0,1.0,2.0,3.0,,,,,,0.42857142857142855,,0.7142857142857143,21.27659574468085,0.42857142857142855,1.0,,0.7142857142857143,0.49472857142857146,0.4633,,,,24.98,1.0,2.0,6.0,1.0,,1.0,1.0,1.0,0.4,0.4,0.42857142857142855,,0.3333333333333333,0.3333333333333333,1.0,0.3333333333333333,2.0,,2.0,1.0,1.0,,2.0,,4.0,,,0.5,0.5,,,,0.2857142857142857,,7.35,False,,,,,,,,2.0,1.0,,,,1.0,,3.0,,,,2.0,,1.0,1.0,,,4.0,,,1.0,1.0,,,,,,,,,,,,,,,1.0,,,,1.5,,1.5,,0.3333333333333333,,0.5,,,,,0.5,0.3333333333333333,0.6666666666666666,,,,,,,,,,,,,0.2857142857142857,,1.0,1.0,,,,,0.5,,1.0,,,,1.0,,,,,,,,,,,,,,,0.5,0.5,1.0,,,,,,0.5,,1.0,,,,,,,,,,,,,,,,,
1641790,1610612763,PJ Hall,PJ Hall,1641790,MEM,1600.5,27,2.0,61,66,33.0,27.0,127,65,2.0,6.0,9.0,33.0,0.10526315789473684,0.1935483870967742,,0.5409836065573771,10.0,2.0,3.0,0.15384615384615385,2.0,,2.0,3.0,2.0,13.0,1.0,2.0,2.0,9.0,2.0,,,1.0,1.0,2.0,3.0,2.0,9.0,0.65,0.75,0.3333333333333333,15.714285714285715,0.2222222222222222,,0.4,0.7777777777777778,0.5086388888888889,0.48834999999999995,0.2,0.2857142857142857,0.6923076923076923,25.599999999999998,1.0,1.0,3.0,1.0,,,,1.0,0.3333333333333333,0.3333333333333333,0.6111111111111112,,0.5,0.5,1.0,0.5,2.0,,6.0,3.0,1.0,,2.0,,4.0,1.0,3.0,0.16666666666666666,,0.05555555555555555,0.0967741935483871,0.0625,0.2222222222222222,,4.233333333333333,False,3.0,4.0,,1.0,1.0,1.0,,1.0,,1.0,4.0,,,2.0,2.0,2.0,1.0,8.0,2.0,,1.0,,2.0,,4.0,1.0,,1.0,1.0,1.0,,,,,2.0,,2.0,2.0,1.0,,,1.0,1.0,,0.5,0.6666666666666666,0.6666666666666666,,0.7,0.5,0.25,1.0,,0.3333333333333333,0.15384615384615385,,0.25,,,0.36363636363636365,,0.3333333333333333,0.5,0.4444444444444444,0.75,1.0,1.0,0.5,0.5,1.0,,,,0.1111111111111111,,,,0.2,1.0,0.5,0.4851,0.15384615384615385,,,,1.0,,,,,,,1.0,,,,,,1.0,,,,,,,,,1.0,,,,,,,,,,,,,,,,,,,,,,
1628379,1610612737,Luke Kennard,Luke Kennard,1628379,ATL,1581.6999999999998,26,18.0,59,59,6.0,9.0,118,59,3.0,5.0,6.0,6.0,0.375,0.1111111111111111,0.3333333333333333,0.1016949152542373,3.0,,2.0,0.4,2.0,,,2.0,,3.0,,,,,2.0,,,1.0,,1.0,,,,0.5,,0.6666666666666666,6.349206349206349,0.6666666666666666,,,1.0,0.6106333333333334,,,,,25.35,1.0,1.0,3.0,1.0,2.0,,,1.0,0.5,0.5,0.5,0.6666666666666666,0.5,0.5,1.0,0.5,,,1.0,,1.0,,5.0,,10.0,1.0,1.0,1.0,,0.16666666666666666,0.05263157894736842,0.16666666666666666,,,1.5,True,,1.0,,,,,,,,,,,,,,,,,5.0,,2.0,2.0,,,,,,1.0,1.0,,,,,,,,,,,,,,,,,,,,,,1.0,1.0,,,,,,,,,,,,0.3333333333333333,,,,,,,,,,,,,,,,,,,,,,,,,,,,,1.0,,,,,,,,,,,,,,,,,,,,,,,,,,,,,,,,,,,,,
1629638,1610612737,Nickeil Alexander-Walker,Nickeil Alexander-Walker,1629638,ATL,1130.7,19,-1.0,42,45,8.0,13.0,87,48,,,,8.0,,,,0.19047619047619047,2.0,2.0,2.0,,4.0,,,5.0,2.0,10.0,,,2.0,2.0,4.0,,,2.0,,3.0,2.0,,2.0,0.7142857142857143,1.0,0.8333333333333334,20.454545454545453,0.6666666666666666,,,1.0,0.5947583333333333,,,,0.2,25.02,2.0,2.0,6.0,2.0,,2.0,2.0,1.0,0.4,0.4,0.6666666666666666,,0.5,0.5,1.0,0.5,,,1.0,,,3.0,3.0,2.0,9.0,,,,,,,,,,1.4,True,1.0,1.0,,,,,,1.0,,,1.0,,,,,,,2.0,,1.0,,,,,,,,2.0,2.0,,,,2.0,1.0,,,,,,,1.0,1.0,1.0,,,1.0,,,,,,1.0,,,,,,,,,,,,0.16666666666666666,1.0,1.0,1.0,,,,,,,0.16666666666666666,,,,,,,,,,,,,,,,,,,,,,,,,,,,,,,,,,,,,,,,,,,,,,,,,,,,,,,,
1630249,1610612737,Vít Krejčí,Vít Krejčí,1630249,ATL,677.0,11,18.0,23,23,,2.0,46,20,,2.0,2.0,,,0.18181818181818182,,,2.0,,1.0,,,,,1.0,2.0,7.0,,,,,,,,,,1.0,3.0,,,1.1666666666666667,,0.5,12.0,,,,1.0,0.596625,,0.3333333333333333,,,23.9,,1.0,3.0,,,,,1.0,1.0,1.0,1.25,,,,,,,,1.0,,,,,,,,,,,,,,,,2.7,True,1.0,1.0,,,,,,1.0,,,1.0,,,,,,,2.0,,,,,,,2.0,,,,,,,,,,,,,,,,,1.0,1.0,,,1.0,,,,,,,,0.25,,,,,,0.3333333333333333,0.5,,,0.5,1.0,1.0,1.0,,,,,,,0.5,,,,,,,,,,1.0,,,,,,,,,,,,,,,,,,,1.0,1.0,1.0,,,,,,,,,,,,,,,,,1.0,,,,,0.5,,,
1630552,1610612737,Jalen Johnson,Jalen Johnson,1630552,ATL,2257.7,38,9.0,84,83,9.0,17.0,167,89,3.0,14.0,14.0,9.0,0.25,0.3333333333333333,0.4,0.10714285714285714,5.0,1.0,1.0,0.14285714285714285,5.0,1.0,,5.0,4.0,24.0,1.0,,,2.0,5.0,,,4.0,1.0,4.0,6.0,4.0,2.0,0.5454545454545454,0.5,0.25,29.213483146067414,0.25,1.0,,0.35,0.5028999999999999,0.38305,0.18181818181818182,0.23529411764705882,0.08333333333333333,24.939999999999998,2.0,2.0,3.0,2.0,1.0,,,0.5,0.4,0.4,0.5,0.3333333333333333,0.4,0.4,0.5,0.4,10.0,3.0,15.0,2.0,1.0,1.0,10.0,1.0,21.0,,,0.06666666666666667,0.1,,,,0.5,0.15,9.853333333333333,True,2.0,2.0,,,,5.0,,,,,7.0,,,,,1.0,,6.0,9.0,,7.0,1.0,,,10.0,,,4.0,4.0,,,,,,,,,,,,,0.42857142857142855,0.42857142857142855,,,0.4666666666666667,0.5,,0.5,,,1.0,,0.37037037037037035,,,,,0.3076923076923077,0.3,0.75,,,0.1,1.0,1.0,1.0,0.5,0.5555555555555556,0.2,,,,,,,,,,,,,,,,,,,,8.0,3.0,,1.0,,,,,,2.0,,,,,,,,,,,,,,,,,,,,,,,,,,,,,,,
1631132,1610612737,Christian Koloko,Christian Koloko,1631132,ATL,2381.7,40,11.0,88,89,11.0,22.0,177,93,2.0,5.0,6.0,11.0,0.15384615384615385,0.125,0.2,0.125,6.0,4.0,9.0,0.125,1.0,,,1.0,,19.0,,,,2.0,1.0,,2.0,3.0,,1.0,,,2.0,0.8636363636363636,1.0,0.09090909090909091,14.893617021276597,0.09090909090909091,,,0.7272727272727273,0.6782272727272727,0.7767,,,0.10526315789473684,24.7,1.0,1.0,3.0,1.0,,1.0,1.0,1.0,1.0,1.0,0.8636363636363636,,1.0,1.0,1.0,1.0,2.0,1.0,10.0,1.0,2.0,,1.0,,2.0,1.0,1.0,0.2,,0.07142857142857142,0.03125,0.08333333333333333,0.18181818181818182,0.09090909090909091,4.62,True,5.0,7.0,2.0,1.0,1.0,2.0,1.0,,,,8.0,3.0,,,2.0,1.0,,16.0,1.0,,,1.0,,,3.0,,,1.0,,1.0,2.0,1.0,,,6.0,5.0,1.0,6.0,4.0,2.0,,1.0,1.0,,,0.8,1.0,0.3333333333333333,1.0,0.3333333333333333,0.2857142857142857,0.3333333333333333,,0.1111111111111111,,,,,0.23076923076923078,,,,0.6666666666666666,0.6363636363636364,0.7142857142857143,1.0,1.0,1.0,1.0,1.0,1.0,1.0,1.0,,0.6666666666666666,,,1.0,1.0,,0.6555,0.10526315789473684,,,,,,,1.0,,,,,,1.0,,,,,,0.3333333333333333,,,,,,,,,,,,,,,,,,,,,,,,,,,,,
1630700,1610612737,Dyson Daniels,Dyson Daniels,1630700,ATL,1525.0,25,11.0,56,53,8.0,12.0,109,59,,1.0,2.0,8.0,,0.037037037037037035,,0.14285714285714285,4.0,1.0,2.0,,,,,,1.0,15.0,,,,2.0,,1.0,1.0,1.0,,1.0,2.0,1.0,2.0,0.8333333333333334,1.0,,16.949152542372882,,,,0.75,0.657075,0.7212,0.1111111111111111,0.1111111111111111,0.13333333333333333,,,,,,,,,,,,0.875,,,,,,2.0,,8.0,1.0,,5.0,8.0,3.0,21.0,1.0,1.0,,,0.14285714285714285,0.05555555555555555,0.16666666666666666,0.25,,2.475,True,6.0,6.0,,1.0,1.0,1.0,,,,,7.0,,,,,1.0,,10.0,3.0,2.0,2.0,1.0,,,1.0,,,,,,,,,,,,,,,,,0.7142857142857143,0.7142857142857143,,,0.875,1.0,,1.0,,,,,0.05555555555555555,,,,,,0.14285714285714285,,,,0.75,1.0,1.0,0.6666666666666666,0.5,0.5,1.0,,,,,,,,1.0,1.0,,,,,,,,,,,4.0,,,,,,,,,,,,,,,,,,,,,,,,,,,,,,,,,,,,,,,,
203468,1610612737,CJ McCollum,CJ McCollum,203468,ATL,1509.6999999999998,25,-10.0,58,58,11.0,19.0,116,66,,3.0,4.0,11.0,,0.12,,0.1896551724137931,4.0,2.0,3.0,,5.0,,,7.0,,22.0,,1.0,,5.0,5.0,,,3.0,1.0,1.0,,,5.0,0.6470588235294118,0.625,0.4117647058823529,32.25806451612903,0.29411764705882354,,,0.5294117647058824,0.5119529411764706,0.5428375,,,0.22727272727272727,25.057142857142853,2.0,4.0,9.0,2.0,,1.0,1.0,0.75,0.5714285714285714,0.5714285714285714,0.6470588235294118,,0.4,0.4,0.5,0.4,7.0,1.0,10.0,3.0,,,2.0,,4.0,,1.0,,,,0.04,,0.4117647058823529,0.058823529411764705,6.859999999999999,True,2.0,2.0,1.0,1.0,1.0,2.0,1.0,2.0,,,5.0,1.0,,,2.0,1.0,1.0,6.0,2.0,,2.0,,1.0,,3.0,1.0,,3.0,2.0,,,,,,1.0,,1.0,1.0,,,,0.6,0.6,,1.0,0.5,0.3333333333333333,1.0,0.625,1.0,,1.0,,0.17647058823529413,0.07142857142857142,,0.1111111111111111,,0.125,0.2857142857142857,,0.125,,0.11764705882352941,1.0,1.0,0.5,0.2857142857142857,0.2857142857142857,0.5,1.0,1.0,1.0,0.11764705882352941,1.0,,,0.25,1.0,,0.75,0.09090909090909091,1.0,2.0,,,1.0,1.0,1.0,4.0,3.0,,,,1.0,,,,,,1.0,,1.0,1.0,1.0,1.0,1.0,,,,0.25,1.0,,,,,,,,,,,,,,,,,,
1631243,1610612737,Mouhamed Gueye,Mouhamed Gueye,1631243,ATL,124.0,2,2.0,4,6,2.0,5.0,10,4,1.0,1.0,2.0,2.0,1.0,1.0,,0.5,1.0,,,1.0,,,,,,4.0,,,,,,,,,,,,,,1.0,,,40.0,,,,1.0,0.7896,,,,,,,,,,,,,,,,1.0,,,,,,,,2.0,,,,,,,1.0,1.0,,,1.0,0.5,1.0,,,0.6,True,2.0,2.0,1.0,,,,,,,,2.0,1.0,,,2.0,,,,,,,,,,,,,,,,,,,,,,,,,,,,,,,1.0,,1.0,,1.0,,,,,,,,,,,,,,1.0,1.0,1.0,,,,,,,,,1.0,,,,,,,0.5,1.0,,,,,,1.0,4.0,,2.0,,,,,,,,,1.0,,,,,1.0,,,,,,,,,,,,,,,,,,,,,,,,
1630557,1610612737,Corey Kispert,Corey Kispert,1630557,ATL,641.0,11,-5.0,24,26,,9.0,50,25,1.0,2.0,2.0,,0.25,0.16666666666666666,,,2.0,1.0,1.0,0.5,3.0,,,4.0,,,,,,,3.0,,,,,,,,,,,0.8,19.23076923076923,0.6,,,1.0,0.5387299999999999,,,,,25.049999999999997,,,,,,,,,,,,,,,,,,,1.0,,,,1.0,,2.0,,,,,,,,,,3.3,True,,1.0,,,,,,1.0,,,,,,,,,,,1.0,,1.0,,,,1.0,,,,,,,,,,,,,,,,,,,,,,,,,,,,,0.125,,,,,0.3333333333333333,,,,,0.2,,,,,,,,,,0.2,,,,,,,,,,,,,,,,,,,,,,,,,,,,,,,,,,,,,,,,,,,,,,,,,,,,,,,,
1630811,1610612737,Keaton Wallace,Keaton Wallace,1630811,ATL,80.0,1,2.0,2,3,,2.0,5,2,,,,,,,,,1.0,,,,,,,,,,,,,,,,,,,,,,,,,,,,,,,,,,,,,,,,,,,,,,,,,,,,,,,,,,,,,,,,,,,,,,,,True,,,,,,,,,,,,,,,,,,,,,,,,,,,,,,,,,,,,,,,,,,,,,,,,,,,,,,,,,,,,,,,,,,,,,,,,,,,,,,,,,,,,,,,,,,,,,,,,,,,,,,,,,,,,,,,,,,,,,,,,,,,,,,,,,,
1628379,1610612737,Luke Kennard,Luke Kennard,1628379,ATL,50114.100000000006,835,-12.0,1739,1746,412.0,501.0,3485,1985,34.0,66.0,82.0,409.0,0.07657657657657657,0.07730061349693251,0.08035714285714286,0.23691776883266244,192.0,27.0,47.0,0.07530120481927711,86.0,8.0,16.0,136.0,30.0,329.0,12.0,28.0,18.0,85.0,86.0,7.0,11.0,31.0,9.0,27.0,32.0,6.0,85.0,0.7146017699115044,0.7830188679245284,0.6325581395348837,13.06558210472801,0.4,0.2962962962962963,0.35555555555555557,0.7441860465116279,0.5444781395348837,0.5469566666666666,0.03636363636363636,0.07142857142857142,0.25835866261398177,24.97205882352941,40.0,67.0,198.0,40.0,3.0,33.0,6.0,0.9850746268656716,0.49264705882352944,0.49264705882352944,0.6953488372093023,0.06,0.46511627906976744,0.47058823529411764,0.975,0.46511627906976744,35.0,20.0,79.0,17.0,8.0,50.0,89.0,36.0,228.0,8.0,16.0,0.10126582278481013,0.11428571428571428,0.018140589569160998,0.019656019656019656,0.015337423312883436,0.16279069767441862,0.09302325581395349,8.81392405063291,False,13.0,24.0,6.0,6.0,6.0,23.0,13.0,50.0,2.0,5.0,49.0,15.0,4.0,1.0,31.0,14.0,13.0,66.0,39.0,14.0,21.0,15.0,8.0,,29.0,4.0,27.0,20.0,12.0,3.0,2.0,3.0,3.0,6.0,3.0,2.0,,3.0,2.0,3.0,6.0,0.673469387755102,0.7021276595744681,0.3333333333333333,0.4642857142857143,0.620253164556962,0.8235294117647058,0.5555555555555556,0.7444444444444445,0.5555555555555556,0.16666666666666666,0.6451612903225806,,0.07816711590296496,0.021447721179624665,0.030534351145038167,0.020618556701030927,0.02608695652173913,0.04285714285714286,0.07692307692307693,0.1836734693877551,0.044444444444444446,0.6666666666666666,0.11162790697674418,0.5416666666666666,0.65,0.8461538461538461,0.6571428571428571,0.7419354838709677,0.5217391304347826,0.65,0.65,0.7692307692307693,0.23255813953488372,0.2222222222222222,0.25,1.0,0.13333333333333333,1.0,0.3125,0.5473333333333332,0.09422492401215805,3.0,27.0,2.0,4.0,8.0,12.0,9.0,32.0,3.0,4.0,3.0,,8.0,1.0,2.0,,1.0,,0.6,,0.54,0.54,1.0,0.5,0.3333333333333333,0.14814814814814814,0.5,1.0,0.26666666666666666,0.6666666666666666,1.0,,,,,1.0,,2.0,7.0,2.0,,0.007352941176470588,,0.011627906976744186,0.014705882352941176,1.0,,
1629027,1610612737,Trae Young,Trae Young,1629027,ATL,16806.199999999997,280,-37.0,627,620,200.0,194.0,1247,800,7.0,15.0,15.0,200.0,0.051470588235294115,0.06072874493927125,0.03225806451612903,0.3189792663476874,68.0,12.0,20.0,0.05714285714285714,52.0,5.0,21.0,59.0,63.0,193.0,8.0,25.0,33.0,69.0,52.0,2.0,3.0,26.0,8.0,64.0,73.0,27.0,69.0,0.5783132530120482,0.5564516129032258,0.43703703703703706,27.23404255319149,0.3851851851851852,0.3333333333333333,0.4666666666666667,0.6222222222222222,0.5176385185185185,0.4964622222222222,0.18181818181818182,0.2872340425531915,0.35751295336787564,26.82203389830508,15.0,18.0,30.0,15.0,,9.0,5.0,0.5555555555555556,0.3050847457627119,0.3050847457627119,0.48148148148148145,,0.28846153846153844,0.28846153846153844,0.4666666666666667,0.28846153846153844,34.0,17.0,76.0,20.0,2.0,32.0,89.0,20.0,210.0,,,0.02631578947368421,,,,,0.2518518518518518,0.1259259259259259,8.58421052631579,False,15.0,25.0,1.0,4.0,8.0,16.0,7.0,7.0,,4.0,38.0,7.0,2.0,3.0,17.0,9.0,6.0,30.0,57.0,12.0,40.0,16.0,,,8.0,,4.0,23.0,21.0,,,,8.0,12.0,2.0,1.0,1.0,2.0,2.0,1.0,12.0,0.39473684210526316,0.39473684210526316,0.25,0.24,0.5,0.45,0.4666666666666667,0.4,0.53125,0.08,0.8846153846153846,,0.07207207207207207,,,,,0.05454545454545454,0.08333333333333333,0.125,,1.0,0.18518518518518517,0.6,0.6521739130434783,0.4,0.47058823529411764,0.47058823529411764,0.375,0.4117647058823529,0.4117647058823529,0.42857142857142855,0.05185185185185185,0.06666666666666667,,,0.17777777777777778,0.5,0.19047619047619047,0.4948,0.08808290155440414,,3.0,2.0,3.0,2.0,4.0,4.0,46.0,24.0,,1.0,,2.0,,2.0,,9.0,,0.5714285714285714,,0.42857142857142855,0.42857142857142855,1.0,,,0.2,0.6666666666666666,1.0,0.08888888888888889,0.5,1.0,,,,,,,,1.0,1.0,,,,,0.016666666666666666,,,
1629638,1610612737,Nickeil Alexander-Walker,Nickeil Alexander-Walker,1629638,ATL,89828.29999999999,1497,-42.0,3243,3242,765.0,892.0,6485,3769,75.0,135.0,162.0,754.0,0.1016260162601626,0.085177733065057,0.0851063829787234,0.23589269195189638,344.0,53.0,94.0,0.10727272727272727,264.0,23.0,65.0,369.0,155.0,924.0,31.0,84.0,63.0,243.0,264.0,13.0,35.0,93.0,17.0,168.0,177.0,67.0,236.0,0.5842839036755386,0.6368421052631579,0.517531556802244,24.217462932454694,0.3702664796633941,0.3770491803278688,0.4140127388535032,0.7854137447405329,0.5628356039325841,0.5581185897435897,0.09727626459143969,0.1691919191919192,0.262987012987013,25.221138211382115,90.0,141.0,396.0,90.0,8.0,50.0,23.0,0.9361702127659575,0.3821138211382114,0.3821138211382114,0.5392706872370266,0.10126582278481013,0.3409090909090909,0.3474903474903475,0.9,0.3409090909090909,114.0,39.0,344.0,73.0,35.0,69.0,156.0,39.0,381.0,14.0,27.0,0.10174418604651163,0.13157894736842105,0.017879948914431672,0.01801200800533689,0.01896551724137931,0.15988779803646563,0.0546984572230014,6.009011627906976,False,113.0,191.0,18.0,29.0,49.0,44.0,16.0,105.0,10.0,25.0,173.0,30.0,11.0,10.0,75.0,36.0,36.0,184.0,87.0,30.0,56.0,24.0,13.0,,52.0,8.0,27.0,58.0,38.0,5.0,2.0,6.0,28.0,18.0,29.0,12.0,14.0,29.0,17.0,13.0,13.0,0.5317919075144508,0.5443786982248521,0.3548387096774194,0.42857142857142855,0.502906976744186,0.4931506849315068,0.5327868852459017,0.5732484076433121,0.5769230769230769,0.09947643979057591,0.6236559139784946,,0.06905710491367861,0.018156424581005588,0.021897810218978103,0.019178082191780823,0.014778325123152709,0.0859106529209622,0.05084745762711865,0.08333333333333333,0.022535211267605635,0.5862068965517241,0.26788218793828894,0.5916230366492147,0.6569767441860465,0.5221238938053098,0.38596491228070173,0.4444444444444444,0.5227272727272727,0.41025641025641024,0.42105263157894735,0.625,0.14726507713884993,0.29508196721311475,0.43478260869565216,0.9,0.31210191082802546,0.5918367346938775,0.38461538461538464,0.5556291666666667,0.08116883116883117,10.0,51.0,1.0,8.0,11.0,19.0,16.0,162.0,27.0,8.0,7.0,8.0,20.0,3.0,4.0,,15.0,,0.5333333333333333,,0.4857142857142857,0.4857142857142857,1.0,0.5555555555555556,0.5,0.13114754098360656,0.125,1.0,0.12101910828025478,0.5789473684210527,5.0,,,,,5.0,3.0,2.0,2.0,8.0,,0.013550135501355014,,0.01893939393939394,0.021333333333333333,3.0,0.02564102564102564,
1630168,1610612737,Onyeka Okongwu,Onyeka Okongwu,1630168,ATL,88470.79999999997,1475,-143.0,3172,3163,707.0,792.0,6335,3689,127.0,277.0,365.0,696.0,0.17001338688085676,0.18951048951048952,0.21311475409836064,0.2228877679697352,344.0,92.0,162.0,0.15602836879432624,182.0,20.0,38.0,250.0,97.0,747.0,29.0,53.0,38.0,165.0,182.0,9.0,50.0,91.0,15.0,109.0,124.0,60.0,161.0,0.5892575039494471,0.6212121212121212,0.4317789291882556,20.26875699888018,0.3143350604490501,0.24691358024691357,0.34545454545454546,0.7098445595854922,0.5462573402417964,0.5390999999999999,0.09615384615384616,0.16042780748663102,0.22088353413654618,25.1396,66.0,92.0,276.0,66.0,6.0,54.0,29.0,1.0,0.368,0.368,0.5613126079447323,0.09230769230769231,0.3626373626373626,0.3626373626373626,1.0,0.3626373626373626,165.0,3.0,329.0,57.0,36.0,61.0,154.0,43.0,369.0,35.0,88.0,0.1094224924012158,0.10303030303030303,0.045454545454545456,0.05866486850977748,0.041884816753926704,0.2849740932642487,0.0051813471502590676,4.769908814589663,False,114.0,161.0,38.0,23.0,29.0,73.0,,68.0,11.0,13.0,187.0,52.0,15.0,22.0,127.0,35.0,19.0,272.0,93.0,18.0,56.0,28.0,52.0,1.0,144.0,14.0,25.0,41.0,21.0,19.0,22.0,11.0,1.0,9.0,42.0,17.0,24.0,44.0,28.0,6.0,5.0,0.7272727272727273,0.8143712574850299,0.5172413793103449,0.3584905660377358,0.5683890577507599,0.6140350877192983,0.6481481481481481,0.5772727272727273,0.675531914893617,0.11801242236024845,0.45054945054945056,0.014084507042253521,0.2108345534407028,0.0729312762973352,0.07307692307692308,0.07387862796833773,0.05583756345177665,0.20817843866171004,0.21405750798722045,0.2079207920792079,0.05363984674329502,0.6363636363636364,0.27806563039723664,0.7080745341614907,0.8028169014084507,0.7631578947368421,0.44242424242424244,0.49324324324324326,0.6712328767123288,,,,0.11744386873920552,0.4691358024691358,0.55,1.0,0.2636363636363636,0.7931034482758621,0.34210526315789475,0.5544399999999999,0.17001338688085676,24.0,26.0,4.0,9.0,6.0,15.0,30.0,102.0,,40.0,9.0,6.0,20.0,4.0,4.0,1.0,15.0,,0.5769230769230769,0.06756756756756757,0.38235294117647056,0.38235294117647056,1.0,0.631578947368421,0.20833333333333334,0.1111111111111111,0.4444444444444444,1.0,0.13636363636363635,0.4,7.0,2.0,2.0,,2.0,,1.0,,1.0,,,,,,,1.0,,
1630552,1610612737,Jalen Johnson,Jalen Johnson,1630552,ATL,91729.59999999999,1529,-27.0,3286,3298,621.0,767.0,6584,3817,177.0,377.0,444.0,610.0,0.2266325224071703,0.223841059602649,0.1890547263681592,0.18898356664637858,345.0,50.0,87.0,0.2396551724137931,179.0,16.0,38.0,198.0,184.0,987.0,17.0,38.0,41.0,166.0,179.0,19.0,47.0,150.0,33.0,164.0,234.0,117.0,163.0,0.5970873786407767,0.6014492753623188,0.27348066298342544,26.467391304347828,0.2472375690607735,0.2222222222222222,0.3333333333333333,0.6049723756906077,0.5431358425414363,0.5265552631578948,0.1440886699507389,0.19055374592833876,0.16818642350557245,25.832323232323223,64.0,69.0,174.0,64.0,39.0,56.0,8.0,0.8405797101449275,0.3484848484848485,0.3484848484848485,0.5545580110497238,0.47560975609756095,0.3575418994413408,0.3575418994413408,0.828125,0.3575418994413408,235.0,51.0,526.0,76.0,50.0,156.0,339.0,95.0,834.0,25.0,67.0,0.09505703422053231,0.09361702127659574,0.033112582781456956,0.0435656836461126,0.02872531418312388,0.324585635359116,0.07044198895027624,6.339733840304185,False,173.0,240.0,36.0,34.0,41.0,102.0,23.0,19.0,6.0,9.0,298.0,55.0,7.0,30.0,119.0,49.0,9.0,314.0,183.0,61.0,123.0,51.0,40.0,2.0,161.0,16.0,48.0,103.0,70.0,6.0,6.0,4.0,4.0,12.0,20.0,16.0,4.0,22.0,12.0,6.0,10.0,0.5268456375838926,0.564748201438849,0.4117647058823529,0.23684210526315788,0.5665399239543726,0.6447368421052632,0.6180555555555556,0.5482456140350878,0.6839080459770115,0.10833333333333334,0.6866666666666666,0.027777777777777776,0.22085048010973937,0.054274084124830396,0.06810035842293907,0.05121293800539083,0.045454545454545456,0.15824915824915825,0.24233128834355827,0.330188679245283,0.05263157894736842,0.5454545454545454,0.3314917127071823,0.7208333333333333,0.8084112149532711,0.6011560693641619,0.4340425531914894,0.4788732394366197,0.45098039215686275,0.45098039215686275,0.46938775510204084,0.30434782608695654,0.026243093922651933,0.5,0.375,0.8333333333333334,0.35964912280701755,0.8292682926829268,0.23684210526315788,0.5635895348837209,0.12056737588652482,27.0,5.0,1.0,1.0,,,34.0,282.0,33.0,40.0,9.0,2.0,33.0,,3.0,5.0,29.0,,0.6181818181818182,0.022988505747126436,0.2631578947368421,0.2631578947368421,1.0,0.75,0.25925925925925924,0.013888888888888888,1.0,1.0,,,12.0,2.0,1.0,,1.0,,1.0,,5.0,,1.0,,,,,,0.0392156862745098,
1631243,1610612737,Mouhamed Gueye,Mouhamed Gueye,1631243,ATL,43798.7,730,15.0,1503,1535,377.0,454.0,3038,1719,57.0,111.0,163.0,377.0,0.1484375,0.13966480446927373,0.13414634146341464,0.25083166999334666,170.0,41.0,80.0,0.152317880794702,23.0,2.0,5.0,83.0,23.0,212.0,9.0,16.0,8.0,47.0,23.0,3.0,8.0,26.0,4.0,33.0,39.0,16.0,47.0,0.5170731707317073,0.5595238095238095,0.43915343915343913,13.548387096774192,0.12169312169312169,0.06451612903225806,0.13513513513513514,0.7619047619047619,0.5754478835978836,0.6002567567567567,0.0891089108910891,0.13675213675213677,0.22169811320754718,23.93734939759036,8.0,23.0,69.0,8.0,11.0,37.0,15.0,1.0,0.27710843373493976,0.27710843373493976,0.5,0.24444444444444444,0.34782608695652173,0.34782608695652173,1.0,0.34782608695652173,41.0,4.0,106.0,21.0,7.0,24.0,46.0,16.0,116.0,29.0,52.0,0.0660377358490566,0.07317073170731707,0.07435897435897436,0.07193229901269393,0.08273381294964029,0.21693121693121692,0.021164021164021163,4.732075471698114,False,49.0,61.0,19.0,15.0,16.0,11.0,,60.0,,2.0,60.0,22.0,4.0,9.0,49.0,15.0,3.0,92.0,22.0,8.0,15.0,6.0,22.0,1.0,43.0,4.0,22.0,18.0,12.0,12.0,,4.0,1.0,3.0,24.0,18.0,6.0,25.0,16.0,12.0,3.0,0.7666666666666667,0.9583333333333334,0.4444444444444444,0.1875,0.5660377358490566,0.7142857142857143,0.6451612903225806,0.527027027027027,0.6621621621621622,0.06557377049180328,0.6923076923076923,0.03125,0.12951807228915663,0.06896551724137931,0.04716981132075472,0.08888888888888889,0.05357142857142857,0.0625,0.17197452229299362,0.1702127659574468,0.041237113402061855,0.64,0.32275132275132273,0.8032786885245902,0.8596491228070176,0.7551020408163265,0.2682926829268293,0.2894736842105263,0.8181818181818182,,,,0.31746031746031744,0.6129032258064516,,,0.43243243243243246,0.9375,0.4,0.6016874999999999,0.23113207547169812,14.0,15.0,4.0,7.0,1.0,11.0,14.0,28.0,,24.0,1.0,1.0,6.0,,1.0,,5.0,,0.6363636363636364,0.030303030303030304,0.25,0.25,1.0,0.7368421052631579,0.14285714285714285,0.22580645161290322,0.5714285714285714,1.0,0.2972972972972973,0.09090909090909091,3.0,1.0,1.0,2.0,,,,,,2.0,,,,,0.023529411764705882,,,
204001,1610612737,Kristaps Porziņģis,Kristaps Porziņģis,204001,ATL,24785.9,413,49.0,876,881,176.0,240.0,1757,1002,30.0,66.0,87.0,176.0,0.1507537688442211,0.15365853658536585,0.21052631578947367,0.2009132420091324,103.0,28.0,54.0,0.1267605633802817,71.0,4.0,14.0,86.0,68.0,291.0,5.0,16.0,27.0,62.0,71.0,1.0,5.0,16.0,1.0,71.0,81.0,34.0,62.0,0.5890688259109311,0.6078431372549019,0.4095238095238095,26.458752515090545,0.3380952380952381,0.18181818181818182,0.4,0.6190476190476191,0.5316871428571428,0.5111,0.14225941422594143,0.2222222222222222,0.21305841924398625,26.29186046511628,21.0,31.0,93.0,21.0,3.0,9.0,1.0,1.0,0.36046511627906974,0.36046511627906974,0.530952380952381,0.12,0.29577464788732394,0.29577464788732394,1.0,0.29577464788732394,46.0,34.0,124.0,19.0,5.0,14.0,46.0,11.0,106.0,9.0,21.0,0.04032258064516129,0.06521739130434782,0.047619047619047616,0.05121951219512195,0.04861111111111111,0.21904761904761905,0.1619047619047619,8.501612903225807,False,26.0,44.0,14.0,2.0,6.0,23.0,16.0,15.0,1.0,3.0,65.0,17.0,1.0,17.0,38.0,10.0,5.0,80.0,32.0,3.0,21.0,9.0,12.0,,33.0,2.0,8.0,11.0,6.0,6.0,2.0,3.0,,8.0,20.0,11.0,6.0,22.0,12.0,8.0,8.0,0.6153846153846154,0.6896551724137931,0.2,0.3125,0.5241935483870968,0.5263157894736842,0.4772727272727273,0.5,0.6333333333333333,0.045454545454545456,0.6875,,0.15639810426540285,0.05429864253393665,0.10588235294117647,0.03225806451612903,0.044444444444444446,0.14634146341463414,0.18556701030927836,0.09375,0.01834862385321101,0.5454545454545454,0.20952380952380953,0.5909090909090909,0.6190476190476191,0.6923076923076923,0.5,0.5348837209302325,0.5652173913043478,0.47058823529411764,0.47058823529411764,0.5625,0.07142857142857142,0.6363636363636364,0.25,1.0,0.17142857142857143,0.3333333333333333,0.21428571428571427,0.5886205882352942,0.13058419243986255,8.0,10.0,,1.0,2.0,2.0,9.0,50.0,,14.0,2.0,,5.0,,4.0,1.0,5.0,,0.5294117647058824,,0.6666666666666666,0.6666666666666666,1.0,0.5714285714285714,0.25,0.045454545454545456,,,0.05714285714285714,1.0,1.0,2.0,2.0,,,,,,,,,,,,,3.0,,
1630249,1610612737,Vít Krejčí,Vít Krejčí,1630249,ATL,59004.399999999994,983,-56.0,2054,2085,508.0,698.0,4139,2355,41.0,72.0,91.0,502.0,0.0863157894736842,0.0737618545837724,0.11607142857142858,0.24732229795520935,245.0,50.0,102.0,0.07713498622589532,176.0,21.0,37.0,233.0,25.0,393.0,25.0,54.0,8.0,111.0,176.0,5.0,11.0,29.0,8.0,37.0,33.0,7.0,111.0,0.6318327974276527,0.7207792207792207,0.7845117845117845,14.511310285958173,0.5925925925925926,0.7241379310344828,0.5138888888888888,0.8821548821548821,0.5463062289562292,0.5303437500000001,0.035830618892508145,0.09859154929577464,0.2824427480916031,25.5068669527897,76.0,98.0,282.0,76.0,2.0,35.0,12.0,0.9591836734693877,0.4206008583690987,0.4206008583690987,0.6195286195286195,0.034482758620689655,0.4318181818181818,0.4342857142857143,0.9605263157894737,0.4318181818181818,32.0,3.0,64.0,18.0,6.0,29.0,67.0,25.0,163.0,12.0,19.0,0.09375,0.09375,0.0216998191681736,0.01903807615230461,0.026378896882494004,0.10774410774410774,0.010101010101010102,5.990625,False,20.0,29.0,4.0,5.0,7.0,15.0,2.0,57.0,10.0,19.0,37.0,4.0,11.0,3.0,36.0,11.0,27.0,64.0,38.0,4.0,21.0,15.0,7.0,,29.0,1.0,23.0,18.0,12.0,2.0,2.0,6.0,2.0,4.0,8.0,5.0,3.0,13.0,8.0,11.0,4.0,0.8648648648648649,0.8648648648648649,0.44,0.5,0.578125,0.6111111111111112,0.5689655172413793,0.7152777777777778,0.6,0.10344827586206896,0.6206896551724138,,0.06118143459915612,0.015730337078651686,0.01282051282051282,0.012145748987854251,0.007352941176470588,0.07766990291262135,0.05660377358490566,0.017857142857142856,0.006622516556291391,0.6153846153846154,0.09764309764309764,0.6896551724137931,0.7692307692307693,0.8,0.46875,0.5172413793103449,0.9333333333333333,0.6666666666666666,0.6666666666666666,1.0,0.1919191919191919,0.13793103448275862,0.47619047619047616,1.0,0.09722222222222222,0.7142857142857143,0.5135135135135135,0.5316233333333332,0.0916030534351145,,22.0,1.0,4.0,8.0,17.0,,10.0,12.0,,2.0,,6.0,,,2.0,,,,0.047619047619047616,0.38596491228070173,0.39285714285714285,0.9545454545454546,,,0.13793103448275862,0.25,1.0,0.2361111111111111,0.47058823529411764,2.0,5.0,3.0,2.0,,2.0,,1.0,1.0,4.0,2.0,0.008583690987124463,0.017543859649122806,0.005681818181818182,0.01694915254237288,,,
1642854,1610612737,Asa Newell,Asa Newell,1642854,ATL,21050.7,351,11.0,744,758,162.0,228.0,1502,845,12.0,35.0,63.0,162.0,0.0736196319018405,0.09451219512195122,0.06521739130434782,0.21774193548387097,99.0,39.0,53.0,0.07692307692307693,18.0,3.0,4.0,57.0,11.0,170.0,3.0,16.0,5.0,33.0,18.0,1.0,10.0,17.0,6.0,24.0,20.0,11.0,33.0,0.6692913385826772,0.532258064516129,0.475,16.842105263157894,0.15,0.1875,0.15384615384615385,0.875,0.6124904166666669,0.5571288461538461,0.088,0.16176470588235295,0.19411764705882353,24.080701754385966,9.0,25.0,75.0,9.0,4.0,12.0,6.0,1.0,0.43859649122807015,0.43859649122807015,0.6625,0.26666666666666666,0.5,0.5,1.0,0.5,15.0,,63.0,10.0,8.0,9.0,18.0,9.0,45.0,14.0,28.0,0.12698412698412698,0.06666666666666667,0.06796116504854369,0.07692307692307693,0.0738255033557047,0.125,,2.614285714285715,False,34.0,48.0,11.0,2.0,5.0,8.0,,39.0,2.0,2.0,42.0,13.0,2.0,1.0,25.0,5.0,6.0,56.0,9.0,,5.0,3.0,14.0,,19.0,2.0,6.0,7.0,4.0,5.0,4.0,6.0,1.0,2.0,11.0,5.0,6.0,11.0,8.0,1.0,2.0,0.6666666666666666,0.8484848484848485,0.6666666666666666,0.375,0.6666666666666666,0.5,0.75,0.5384615384615384,0.6944444444444444,0.14583333333333334,0.4117647058823529,,0.11515151515151516,0.08860759493670886,0.05084745762711865,0.10843373493975904,0.05263157894736842,0.16666666666666666,0.0684931506849315,0.1,0.044444444444444446,0.7272727272727273,0.4,0.7083333333333334,0.8292682926829268,0.7058823529411765,0.5333333333333333,0.5714285714285714,0.5,,,,0.325,0.6875,0.6666666666666666,1.0,0.19230769230769232,0.4,0.5,0.57204375,0.14705882352941177,7.0,16.0,,,4.0,12.0,9.0,28.0,,18.0,1.0,1.0,3.0,1.0,1.0,1.0,6.0,1.0,0.6923076923076923,0.125,0.41025641025641024,0.41025641025641024,1.0,0.6363636363636364,,,,,0.46153846153846156,0.3333333333333333,,,,,1.0,,,,,,,,,,,,,
1630700,1610612737,Dyson Daniels,Dyson Daniels,1630700,ATL,92756.5,1546,6.0,3278,3308,615.0,736.0,6586,3826,104.0,204.0,304.0,607.0,0.1368421052631579,0.12550066755674233,0.17277486910994763,0.187614399023795,356.0,48.0,99.0,0.12478031634446397,48.0,1.0,7.0,67.0,51.0,527.0,1.0,10.0,16.0,93.0,48.0,6.0,23.0,94.0,15.0,88.0,82.0,44.0,92.0,0.5217821782178218,0.5406976744186046,0.14225053078556263,16.241865509761386,0.10191082802547771,0.01694915254237288,0.0958904109589041,0.6093418259023354,0.5600420382165607,0.5595335616438355,0.08782435129740519,0.10138248847926268,0.17647058823529413,25.531343283582085,6.0,8.0,24.0,6.0,16.0,84.0,35.0,1.0,0.11940298507462686,0.11940298507462686,0.505307855626327,0.21621621621621623,0.125,0.125,1.0,0.125,182.0,2.0,404.0,63.0,26.0,120.0,279.0,88.0,678.0,46.0,100.0,0.06435643564356436,0.06043956043956044,0.06388888888888888,0.0670690811535882,0.06445672191528545,0.386411889596603,0.004246284501061571,4.3819306930693065,False,146.0,220.0,41.0,19.0,33.0,80.0,,19.0,,1.0,226.0,58.0,,1.0,71.0,34.0,3.0,256.0,159.0,32.0,101.0,46.0,54.0,,84.0,17.0,49.0,71.0,43.0,2.0,4.0,8.0,11.0,4.0,21.0,13.0,7.0,21.0,13.0,5.0,2.0,0.5663716814159292,0.6336633663366337,,0.3,0.5594059405940595,0.5396825396825397,0.5932203389830508,0.5273972602739726,0.5916666666666667,0.06818181818181818,0.7553191489361702,,0.11382113821138211,0.07003891050583658,0.06934306569343066,0.07444168734491315,0.062146892655367235,0.10738255033557047,0.11676646706586827,0.12264150943396226,0.08056872037914692,0.6190476190476191,0.46709129511677283,0.6636363636363637,0.7121951219512195,0.541095890410959,0.43956043956043955,0.4678362573099415,0.6125,,,,0.040339702760084924,0.6949152542372882,,,0.4520547945205479,0.5757575757575758,0.14285714285714285,0.5577284090909091,0.1347248576850095,25.0,2.0,,,2.0,3.0,35.0,196.0,,48.0,12.0,3.0,28.0,1.0,11.0,2.0,14.0,1.0,0.603448275862069,0.05319148936170213,0.10526315789473684,0.10526315789473684,1.0,0.6097560975609756,0.08,,,,0.0410958904109589,0.6666666666666666,5.0,,,1.0,1.0,,2.0,,,,,,,,,1.0,,
1642258,1610612737,Zaccharie Risacher,Zaccharie Risacher,1642258,ATL,53192.49999999999,887,-11.0,1929,1923,209.0,237.0,3852,2244,50.0,85.0,119.0,205.0,0.11737089201877934,0.09826589595375723,0.08411214953271028,0.10834629341627787,216.0,47.0,80.0,0.12852664576802508,108.0,12.0,9.0,159.0,34.0,403.0,14.0,14.0,6.0,40.0,108.0,,12.0,33.0,2.0,39.0,53.0,24.0,40.0,0.5597222222222222,0.5,0.47041420118343197,18.085595950299126,0.31952662721893493,0.34285714285714286,0.25,0.8017751479289941,0.5847241124260356,0.5611986111111111,0.07282913165266107,0.12244897959183673,0.09925558312655088,25.396226415094343,37.0,57.0,159.0,37.0,,32.0,8.0,0.9298245614035088,0.3584905660377358,0.3584905660377358,0.5458579881656804,,0.3425925925925926,0.34579439252336447,0.918918918918919,0.3425925925925926,39.0,28.0,179.0,22.0,19.0,23.0,52.0,14.0,127.0,20.0,34.0,0.10614525139664804,0.1794871794871795,0.046948356807511735,0.038159371492704826,0.04807692307692308,0.11538461538461539,0.08284023668639054,5.818435754189945,False,70.0,112.0,17.0,9.0,14.0,19.0,10.0,51.0,2.0,2.0,99.0,21.0,4.0,5.0,47.0,11.0,4.0,150.0,29.0,9.0,16.0,12.0,14.0,,35.0,5.0,24.0,21.0,13.0,4.0,4.0,4.0,,3.0,18.0,11.0,7.0,19.0,15.0,4.0,3.0,0.7575757575757576,0.8426966292134831,0.2857142857142857,0.2857142857142857,0.553072625698324,0.5,0.6,0.4722222222222222,0.5875,0.10714285714285714,0.6363636363636364,,0.07972665148063782,0.030107526881720432,0.047619047619047616,0.018957345971563982,0.043859649122807015,0.07386363636363637,0.06435643564356436,0.14754098360655737,0.031055900621118012,0.7894736842105263,0.33136094674556216,0.625,0.7,0.7285714285714285,0.48717948717948717,0.59375,0.7894736842105263,0.35714285714285715,0.35714285714285715,0.9,0.15088757396449703,0.4857142857142857,0.16666666666666666,1.0,0.3888888888888889,0.6428571428571429,0.2222222222222222,0.608975,0.11662531017369727,13.0,20.0,2.0,2.0,2.0,5.0,15.0,48.0,12.0,20.0,1.0,2.0,8.0,1.0,1.0,2.0,7.0,,0.7142857142857143,0.015384615384615385,0.39215686274509803,0.39215686274509803,0.95,0.7647058823529411,0.23076923076923078,0.05714285714285714,1.0,1.0,0.1388888888888889,0.4,2.0,1.0,,1.0,,1.0,,,,2.0,1.0,0.006289308176100629,,0.009259259259259259,0.012422360248447204,,,
1642368,1610612737,N'Faly Dante,N'Faly Dante,1642368,ATL,925.0,15,10.0,30,32,14.0,26.0,62,26,2.0,4.0,7.0,14.0,0.4,0.21428571428571427,0.5,0.4666666666666667,6.0,1.0,1.0,0.3333333333333333,,,,,1.0,3.0,,,1.0,3.0,,,,1.0,1.0,2.0,1.0,,3.0,0.3,0.75,,12.82051282051282,,,,0.5,0.53525,0.7897,,,1.0,,,,,,1.0,2.0,,,,,0.25,1.0,,,,,2.0,,4.0,1.0,,,,,,1.0,3.0,,,0.14285714285714285,0.16666666666666666,0.25,0.5,,4.25,False,1.0,2.0,1.0,1.0,1.0,,,,,,1.0,2.0,,,,1.0,,2.0,,,,,2.0,,1.0,1.0,2.0,1.0,1.0,,,1.0,,1.0,,,,,,,1.0,1.0,1.0,,,0.25,1.0,,1.0,,,1.0,,0.1111111111111111,0.18181818181818182,0.5,,,,0.2,,0.3333333333333333,,0.5,0.5,0.5,1.0,,,,,,,,0.5,,,1.0,1.0,,0.5039,,,,,,,,,,,,,,,,,,,,,0.5,,,,,,,,,,,,,,,,,,,,,,,,,,,,
1630557,1610612737,Corey Kispert,Corey Kispert,1630557,ATL,7826.1,130,-46.0,291,290,40.0,45.0,581,348,6.0,10.0,14.0,40.0,0.08955223880597014,0.0743801652892562,0.07142857142857142,0.13745704467353953,40.0,5.0,6.0,0.09433962264150944,24.0,1.0,1.0,30.0,13.0,65.0,1.0,1.0,2.0,8.0,24.0,,2.0,8.0,,9.0,15.0,5.0,8.0,0.5701754385964912,0.5714285714285714,0.5882352941176471,19.51951951951952,0.47058823529411764,0.2,0.16666666666666666,0.8823529411764706,0.5634245098039216,0.5117833333333334,0.12280701754385964,0.2,0.12307692307692308,25.473333333333333,7.0,10.0,30.0,7.0,1.0,5.0,,1.0,0.3333333333333333,0.3333333333333333,0.5098039215686274,0.16666666666666666,0.2916666666666667,0.30434782608695654,1.0,0.2916666666666667,6.0,,21.0,5.0,4.0,4.0,11.0,4.0,26.0,1.0,4.0,0.19047619047619047,0.16666666666666666,0.012345679012345678,0.025157232704402517,0.016666666666666666,0.11764705882352941,,3.804761904761905,False,8.0,15.0,3.0,2.0,3.0,3.0,,6.0,,,11.0,4.0,,1.0,7.0,3.0,,14.0,7.0,,5.0,1.0,3.0,,3.0,,5.0,6.0,3.0,,,1.0,,,,,,,,,,0.6363636363636364,0.875,,,0.5238095238095238,0.6,0.6,0.5,0.5833333333333334,0.2,0.75,,0.05555555555555555,0.038461538461538464,0.0967741935483871,,,,0.1,0.07692307692307693,,,0.29411764705882354,0.5333333333333333,0.6666666666666666,0.625,0.5,0.6,0.6666666666666666,,,,0.11764705882352941,0.6,,,0.5,0.6666666666666666,,0.59751,0.1076923076923077,2.0,3.0,,,,,3.0,8.0,,6.0,1.0,,3.0,1.0,1.0,1.0,1.0,,0.75,,0.5,0.5,1.0,0.6666666666666666,,,,,,,,,,,,1.0,,,,2.0,,0.03333333333333333,,0.041666666666666664,0.0625,,,
1630811,1610612737,Keaton Wallace,Keaton Wallace,1630811,ATL,26378.100000000006,440,-58.0,896,918,192.0,281.0,1814,1018,22.0,43.0,46.0,192.0,0.09482758620689655,0.09808612440191387,0.13793103448275862,0.21428571428571427,87.0,21.0,37.0,0.08045977011494253,74.0,7.0,16.0,82.0,6.0,151.0,8.0,16.0,2.0,41.0,74.0,3.0,5.0,22.0,5.0,15.0,11.0,6.0,41.0,0.5471014492753623,0.6612903225806451,0.6165413533834586,15.984015984015985,0.556390977443609,0.5384615384615384,0.5333333333333333,0.6616541353383458,0.4991349624060152,0.4528066666666667,0.043478260869565216,0.10714285714285714,0.271523178807947,26.093902439024387,29.0,33.0,90.0,29.0,2.0,21.0,7.0,0.9090909090909091,0.4024390243902439,0.4024390243902439,0.5451127819548872,0.14285714285714285,0.3918918918918919,0.3972602739726027,0.896551724137931,0.3918918918918919,32.0,13.0,51.0,14.0,3.0,36.0,79.0,29.0,194.0,3.0,3.0,0.058823529411764705,0.0625,0.012244897959183673,0.006993006993006993,0.016853932584269662,0.24060150375939848,0.09774436090225563,10.6921568627451,False,3.0,6.0,1.0,1.0,1.0,15.0,5.0,8.0,3.0,7.0,23.0,5.0,3.0,,17.0,9.0,7.0,18.0,43.0,7.0,24.0,14.0,,,19.0,1.0,14.0,17.0,8.0,1.0,1.0,1.0,1.0,,5.0,2.0,3.0,5.0,3.0,3.0,,0.391304347826087,0.391304347826087,0.375,0.4375,0.45098039215686275,0.6428571428571429,0.6538461538461539,0.65,0.6538461538461539,0.16666666666666666,0.7727272727272727,,0.10215053763440861,,,,,0.140625,0.10344827586206896,0.02857142857142857,0.013888888888888888,0.6,0.045112781954887216,0.5,0.6,,0.46875,0.5,0.4,0.38461538461538464,0.38461538461538464,0.6,0.06015037593984962,0.07692307692307693,0.42857142857142855,1.0,0.03333333333333333,1.0,0.4375,0.5158722222222223,0.11258278145695365,1.0,4.0,,1.0,,,4.0,28.0,9.0,,5.0,,9.0,,1.0,,1.0,,0.8,,0.5,0.5,1.0,1.0,,0.07692307692307693,,,,,1.0,,,,,1.0,,,,,,0.012195121951219513,,0.013513513513513514,,,,
203468,1610612737,CJ McCollum,CJ McCollum,203468,ATL,11358.6,189,46.0,398,397,123.0,156.0,795,432,10.0,18.0,22.0,122.0,0.08333333333333333,0.09045226130653267,0.06666666666666667,0.30904522613065327,45.0,6.0,12.0,0.08888888888888889,31.0,5.0,6.0,38.0,19.0,122.0,6.0,9.0,7.0,45.0,31.0,1.0,1.0,10.0,2.0,17.0,29.0,10.0,45.0,0.5258620689655172,0.5625,0.36538461538461536,27.87610619469027,0.2980769230769231,0.45454545454545453,0.16666666666666666,0.5865384615384616,0.5162235576923077,0.5128597222222223,0.10526315789473684,0.13513513513513514,0.36885245901639346,25.96578947368421,9.0,11.0,24.0,9.0,,6.0,3.0,0.7272727272727273,0.2894736842105263,0.2894736842105263,0.4951923076923077,,0.2903225806451613,0.3103448275862069,0.6666666666666666,0.2903225806451613,25.0,18.0,66.0,27.0,4.0,18.0,29.0,10.0,76.0,2.0,4.0,0.06060606060606061,0.04,0.020618556701030927,0.0213903743315508,0.02666666666666667,0.2403846153846154,0.17307692307692307,8.872727272727271,False,18.0,23.0,5.0,7.0,11.0,9.0,8.0,7.0,2.0,4.0,35.0,5.0,2.0,,12.0,13.0,4.0,26.0,11.0,8.0,3.0,8.0,2.0,,8.0,2.0,3.0,9.0,6.0,,,,,2.0,4.0,,2.0,5.0,4.0,2.0,2.0,0.37142857142857144,0.37142857142857144,0.3333333333333333,0.4444444444444444,0.5303030303030303,0.48148148148148145,0.5454545454545454,0.5277777777777778,0.5454545454545454,0.08695652173913043,0.9,,0.10126582278481013,0.022222222222222223,,0.0392156862745098,,0.04,0.11764705882352941,0.15,0.0392156862745098,0.8,0.22115384615384615,0.782608695652174,0.8571428571428571,0.4444444444444444,0.36,0.375,0.3333333333333333,0.4444444444444444,0.47058823529411764,0.25,0.0673076923076923,0.45454545454545453,0.4,1.0,0.3055555555555556,0.6363636363636364,0.6666666666666666,0.5516333333333334,0.09836065573770492,3.0,2.0,,1.0,,3.0,3.0,44.0,9.0,,,,3.0,,,,2.0,,0.6,,0.2857142857142857,0.2857142857142857,1.0,0.6,0.6666666666666666,0.09090909090909091,,,0.08333333333333333,,,1.0,1.0,,,2.0,,,1.0,2.0,,0.05263157894736842,,0.06451612903225806,0.05,2.0,0.05555555555555555,
1631216,1610612737,Caleb Houstan,Caleb Houstan,1631216,ATL,2959.0,49,-5.0,101,110,16.0,36.0,211,109,,1.0,5.0,16.0,,0.02631578947368421,,0.15841584158415842,9.0,4.0,6.0,,9.0,1.0,1.0,12.0,3.0,23.0,2.0,2.0,,3.0,9.0,,2.0,4.0,1.0,2.0,3.0,,3.0,0.71875,0.75,0.8,17.857142857142854,0.6,0.3333333333333333,0.5,0.9333333333333333,0.5367766666666667,0.5013000000000001,0.0625,,0.13043478260869565,25.083333333333332,4.0,6.0,18.0,4.0,,1.0,,1.0,0.5,0.5,0.6666666666666666,,0.4444444444444444,0.4444444444444444,1.0,0.4444444444444444,1.0,,3.0,,1.0,,2.0,,4.0,3.0,4.0,0.3333333333333333,1.0,0.09375,0.08,0.04,0.06666666666666667,,3.966666666666667,False,1.0,2.0,,,,,,3.0,,,1.0,1.0,,,,,1.0,2.0,2.0,,,2.0,1.0,,1.0,,1.0,2.0,1.0,,1.0,,,,1.0,,1.0,1.0,,,,1.0,1.0,,0.5,0.3333333333333333,,,0.75,,,0.5,,0.043478260869565216,0.05555555555555555,,0.09090909090909091,0.2857142857142857,0.09090909090909091,,,,,0.13333333333333333,0.5,0.5,1.0,,,,,,,0.2,,,,,,,0.5444249999999999,,,2.0,,1.0,1.0,1.0,,,,,,,1.0,,,,,,,,0.6666666666666666,0.6666666666666666,1.0,,,0.3333333333333333,,,0.5,1.0,1.0,,,,,,,,,1.0,,,,,0.07692307692307693,,,
1631210,1610612737,Jacob Toppin,Jacob Toppin,1631210,ATL,1012.0,17,13.0,32,39,15.0,37.0,71,25,1.0,1.0,2.0,15.0,0.14285714285714285,0.07142857142857142,,0.46875,6.0,,1.0,0.2,,,,,,8.0,,,,2.0,,,,,,1.0,,,2.0,0.6666666666666666,1.0,,15.789473684210526,,,,0.5,0.5639666666666666,0.7789,,,0.25,,,,,,,,,,,,0.6666666666666666,,,,,,3.0,,6.0,1.0,,1.0,1.0,1.0,3.0,,1.0,,,,0.07142857142857142,,0.5,,4.783333333333334,False,3.0,3.0,1.0,1.0,1.0,1.0,,,,,4.0,3.0,,,2.0,1.0,,4.0,,,,,1.0,,,,,,,,,,,,1.0,1.0,,1.0,1.0,1.0,,0.5,0.6666666666666666,,,0.6666666666666666,1.0,0.3333333333333333,1.0,0.3333333333333333,,,,,0.2,,0.25,,,,,,1.0,0.5,1.0,1.0,0.6666666666666666,0.3333333333333333,0.3333333333333333,,,,,,0.3333333333333333,,,1.0,1.0,,0.6463,0.25,1.0,,,,,,1.0,4.0,,2.0,,,,,,,,,0.3333333333333333,,,,,1.0,,,,,,,,,,,,,,,,,,,,,,,,
1642484,1610612737,RayJ Dennis,RayJ Dennis,1642484,ATL,295.0,5,12.0,11,10,3.0,,21,6,,,,3.0,,,,0.2727272727272727,,,1.0,,1.0,,,1.0,,,,,,,1.0,,,,,,,,,,,1.0,9.090909090909092,1.0,,,1.0,0.49545,,,,,24.6,,,,,,1.0,1.0,,,,,,,,,,,,,,,,4.0,,8.0,,,,,,,,,,,False,,,,,,,,,,,,,,,,,,,4.0,,2.0,1.0,,,,,,,,,,,,,,,,,,,,,,,,,,,,,,,,,,,,,,,,,,,,,,,,,,,,,,,,,,,,,,,,,,,,,,,1.0,,,,,,,,,,,,,,,,,,,,,,,,,,,,,,,,,,,,,
