EntityId,TeamId,Name,ShortName,RowId,TeamAbbreviation,SecondsPlayed,Minutes,PlusMinus,OffPoss,DefPoss,PenaltyOffPoss,PenaltyDefPoss,SecondChanceOffPoss,TotalPoss,AtRimFGM,AtRimFGA,SecondChanceAtRimFGM,SecondChanceAtRimFGA,PenaltyAtRimFGM,PenaltyAtRimFGA,ShortMidRangeFGM,ShortMidRangeFGA,LongMidRangeFGM,LongMidRangeFGA,Corner3FGM,Corner3FGA,PenaltyCorner3FGM,PenaltyCorner3FGA,Arc3FGM,Arc3FGA,SecondChanceArc3FGM,SecondChanceArc3FGA,PenaltyArc3FGM,PenaltyArc3FGA,FG2M,FG2A,FG3M,FG3A,FtPoints,Points,OpponentPoints,SecondChanceFG2M,SecondChanceFG2A,SecondChanceFG3M,SecondChanceFG3A,SecondChancePoints,PenaltyFG2M,PenaltyFG2A,PenaltyFG3M,PenaltyFG3A,PenaltyFtPoints,PenaltyPoints,PtsAssisted2s,PtsUnassisted2s,PtsAssisted3s,PtsUnassisted3s,HeaveAttempts,NonHeaveArc3FGA,NonHeaveArc3FGM,Fg2aBlocked,Fg3aBlocked,TwoPtAssists,ThreePtAssists,Assists,Arc3Assists,Corner3Assists,AtRimAssists,ShortMidRangeAssists,LongMidRangeAssists,AssistPoints,OffThreePtRebounds,OffTwoPtRebounds,DefThreePtRebounds,DefTwoPtRebounds,FTDefRebounds,DefRebounds,OffRebounds,Rebounds,SelfOReb,Steals,BadPassSteals,LostBallSteals,LiveBallTurnovers,BadPassOutOfBoundsTurnovers,BadPassTurnovers,DeadBallTurnovers,LostBallOutOfBoundsTurnovers,LostBallTurnovers,StepOutOfBoundsTurnovers,Travels,Turnovers,SecondChanceTurnovers,PenaltyTurnovers,ShootingFouls,Fouls,Charge Fouls,Clear Path Fouls,Offensive Fouls,FoulsDrawn,Charge Fouls Drawn,Loose Ball Fouls Drawn,Offensive Fouls Drawn,FTA,2pt And 1 Free Throw Trips,Technical Free Throw Trips,TwoPtShootingFoulsDrawn,NonShootingFoulsDrawn,Blocked2s,BlockedAtRim,BlockedShortMidRange,Blocks,RecoveredBlocks,Defensive 3 Seconds Violations,PenaltyPointsExcludingTakeFouls,PenaltyOffPossExcludingTakeFouls,NonShootingPenaltyNonTakeFouls,NonShootingPenaltyNonTakeFoulsDrawn,Assisted2sPct,NonPutbacksAssisted2sPct,Assisted3sPct,Fg3Pct,SecondChanceFg3Pct,PenaltyFg3Pct,NonHeaveFg3Pct,Fg2Pct,SecondChanceFg2Pct,PenaltyFg2Pct,EfgPct,SecondChanceEfgPct,PenaltyEfgPct,TsPct,SecondChanceTsPct,PenaltyTsPct,FG3APct,FG3APctBlocked,FG2APctBlocked,AtRimPctBlocked,ShortMidRangePctBlocked,Corner3PctBlocked,Usage,LiveBallTurnoverPct,DefFTReboundPct,DefTwoPtReboundPct,OffTwoPtReboundPct,DefThreePtReboundPct,OffThreePtReboundPct,DefFGReboundPct,OffFGReboundPct,OffAtRimReboundPct,OffShortMidRangeReboundPct,OffArc3ReboundPct,OffCorner3ReboundPct,DefAtRimReboundPct,DefShortMidRangeReboundPct,DefLongMidRangeReboundPct,DefArc3ReboundPct,DefCorner3ReboundPct,SelfORebPct,BlocksRecoveredPct,AtRimFrequency,AtRimAccuracy,UnblockedAtRimAccuracy,AtRimPctAssisted,ShortMidRangeFrequency,ShortMidRangeAccuracy,UnblockedShortMidRangeAccuracy,ShortMidRangePctAssisted,LongMidRangeFrequency,LongMidRangeAccuracy,UnblockedLongMidRangeAccuracy,LongMidRangePctAssisted,Corner3Frequency,Corner3Accuracy,UnblockedCorner3Accuracy,Corner3PctAssisted,Arc3Frequency,Arc3Accuracy,UnblockedArc3Accuracy,Arc3PctAssisted,SecondChanceAtRimFrequency,SecondChanceAtRimAccuracy,SecondChanceAtRimPctAssisted,SecondChanceArc3Frequency,SecondChanceArc3Accuracy,SecondChanceArc3PctAssisted,PenaltyAtRimFrequency,PenaltyAtRimAccuracy,PenaltyCorner3Frequency,PenaltyCorner3Accuracy,PenaltyArc3Frequency,PenaltyArc3Accuracy,AtRimFG3AFrequency,NonHeaveArc3Accuracy,ShotQualityAvg,SecondChanceShotQualityAvg,PenaltyShotQualityAvg,ShootingFoulsDrawnPct,TwoPtShootingFoulsDrawnPct,SecondChancePointsPct,PenaltyPointsPct,Avg2ptShotDistance,Avg3ptShotDistance,PenaltyOffPossPct,SecondChanceCorner3FGM,SecondChanceCorner3FGA,SecondChanceFtPoints,PtsPutbacks,FTOffRebounds,Loose Ball Fouls,Transition Take Fouls,DefensiveGoaltends,OffFTReboundPct,OffLongMidRangeReboundPct,SecondChanceCorner3Frequency,SecondChanceCorner3Accuracy,SecondChanceCorner3PctAssisted,OffensiveGoaltends,Blocked3s,BlockedArc3,BlockedCorner3,LongMidRangePctBlocked,ThreePtShootingFoulsDrawn,ThreePtShootingFoulsDrawnPct,on,Arc3PctBlocked,Transition Take Fouls Drawn,BlockedLongMidRange,3pt And 1 Free Throw Trips,3SecondViolations
1626156,1610612747,D'Angelo Russell,D'Angelo Russell,1626156,LAL,45803.0,763.0,47,1570.0,1564,460.0,269.0,163.0,3134,32.0,56.0,2.0,4.0,10.0,12.0,33.0,64.0,8.0,23.0,5.0,17.0,3.0,7.0,51.0,151.0,13.0,24.0,15.0,48.0,73.0,143.0,56.0,168.0,45.0,359.0,1784,3.0,7.0,13.0,24.0,45.0,18.0,28.0,18.0,55.0,19.0,109.0,62.0,84.0,108.0,60.0,1.0,150.0,51.0,8.0,1.0,86.0,49.0,135.0,42.0,7.0,59.0,17.0,10.0,319.0,4.0,4.0,33.0,36.0,3.0,72.0,8.0,80.0,3.0,23.0,19.0,4.0,30.0,7.0,22.0,20.0,1.0,8.0,1.0,1.0,50.0,1.0,19.0,24.0,53.0,1.0,1.0,8.0,55.0,1.0,1.0,7.0,53.0,4.0,1.0,23.0,5.0,4.0,1.0,3.0,4.0,1.0,1.0,107.0,454.0,2.0,4.0,0.4246575342465753,0.4246575342465753,0.6428571428571429,0.3333333333333333,0.5416666666666666,0.32727272727272727,0.33532934131736525,0.5104895104895105,0.42857142857142855,0.6428571428571429,0.5048231511254019,0.7258064516129032,0.5421686746987951,0.5343283582089552,0.7258064516129032,0.5797872340425532,0.5401929260450161,0.005952380952380952,0.055944055944055944,0.10714285714285714,0.03125,0.058823529411764705,21.91235059760956,0.6,0.125,0.09399477806788512,0.011267605633802818,0.08991825613079019,0.012012012012012012,0.092,0.011627906976744186,0.01680672268907563,0.012048192771084338,0.011235955056179775,0.015151515151515152,0.1111111111111111,0.07920792079207921,0.10909090909090909,0.08664259927797834,0.1,0.017964071856287425,0.25,0.18006430868167203,0.5714285714285714,0.64,0.625,0.2057877813504823,0.515625,0.532258064516129,0.2727272727272727,0.07395498392282958,0.34782608695652173,0.34782608695652173,0.25,0.05466237942122187,0.29411764705882354,0.3125,1.0,0.4855305466237942,0.33774834437086093,0.33774834437086093,0.6078431372549019,0.12903225806451613,0.5,1.0,0.7741935483870968,0.5416666666666666,0.6923076923076923,0.14457831325301204,0.8333333333333334,0.08433734939759036,0.42857142857142855,0.5783132530120482,0.3125,0.7202572347266881,0.34,0.5282941935483871,0.5727921052631579,0.5217774390243903,0.0696969696969697,0.1419753086419753,0.12534818941504178,0.30362116991643456,7.616783216783217,26.26726190476191,0.2929936305732484,,,,,,,,,,,,,,,,,,,,,True,,,,,
1629060,1610612747,Rui Hachimura,Rui Hachimura,1629060,LAL,24763.0,413.0,39,834.0,839,187.0,103.0,86.0,1673,25.0,42.0,6.0,15.0,5.0,7.0,7.0,28.0,3.0,9.0,7.0,17.0,,2.0,10.0,22.0,,4.0,1.0,4.0,35.0,79.0,17.0,39.0,18.0,139.0,906,7.0,20.0,2.0,7.0,22.0,7.0,11.0,1.0,6.0,4.0,21.0,60.0,10.0,51.0,,,22.0,10.0,10.0,,9.0,14.0,23.0,13.0,1.0,7.0,2.0,,60.0,13.0,9.0,29.0,13.0,6.0,48.0,23.0,71.0,2.0,15.0,11.0,4.0,12.0,,6.0,3.0,1.0,6.0,,1.0,15.0,,6.0,7.0,19.0,,,1.0,17.0,,1.0,1.0,23.0,1.0,,12.0,,8.0,4.0,4.0,8.0,8.0,,21.0,184.0,2.0,,0.8571428571428571,0.9090909090909091,1.0,0.4358974358974359,0.2857142857142857,0.16666666666666666,0.4358974358974359,0.4430379746835443,0.35,0.6363636363636364,0.5127118644067796,0.37037037037037035,0.5,0.5387596899224806,0.39285714285714285,0.525,0.3305084745762712,,0.12658227848101267,0.047619047619047616,0.2857142857142857,,15.302869287991498,0.8,0.4,0.06435643564356436,0.04285714285714286,0.13744075829383887,0.07647058823529412,0.1016949152542373,0.05789473684210526,0.057971014492753624,0.02857142857142857,0.08333333333333333,0.05263157894736842,0.056338028169014086,0.0392156862745098,0.1724137931034483,0.1342281879194631,0.14516129032258066,0.03571428571428571,1.0,0.3559322033898305,0.5952380952380952,0.625,0.8,0.23728813559322035,0.25,0.35,1.0,0.07627118644067797,0.3333333333333333,0.3333333333333333,1.0,0.1440677966101695,0.4117647058823529,0.4117647058823529,1.0,0.1864406779661017,0.45454545454545453,0.45454545454545453,1.0,0.5555555555555556,0.4,0.3333333333333333,0.14814814814814814,,,0.4117647058823529,0.7142857142857143,0.11764705882352941,,0.23529411764705882,0.25,0.6864406779661016,0.45454545454545453,0.5579461864406781,0.57165,0.5920794117647058,0.09302325581395349,0.13333333333333333,0.15827338129496402,0.1510791366906475,5.175949367088608,24.98461538461538,0.22422062350119903,2.0,3.0,2.0,4.0,1.0,3.0,1.0,1.0,0.05555555555555555,0.05555555555555555,0.1111111111111111,0.6666666666666666,1.0,,,,,,,,True,,,,,
1629216,1610612747,Gabe Vincent,Gabe Vincent,1629216,LAL,15566.0,259.0,20,545.0,534,209.0,105.0,63.0,1079,3.0,8.0,,,,2.0,2.0,5.0,1.0,1.0,7.0,19.0,3.0,9.0,11.0,24.0,,,4.0,9.0,6.0,14.0,18.0,43.0,3.0,69.0,609,1.0,1.0,1.0,2.0,5.0,,4.0,7.0,18.0,,21.0,8.0,4.0,48.0,6.0,1.0,23.0,11.0,2.0,,4.0,5.0,9.0,2.0,3.0,3.0,1.0,,23.0,3.0,3.0,8.0,8.0,,16.0,6.0,22.0,,14.0,8.0,6.0,,3.0,,4.0,,,,,4.0,,3.0,16.0,31.0,,,1.0,9.0,2.0,,1.0,6.0,,,3.0,,2.0,,2.0,2.0,1.0,,21.0,209.0,4.0,,0.6666666666666666,0.6666666666666666,0.8888888888888888,0.4186046511627907,0.5,0.3888888888888889,0.42857142857142855,0.42857142857142855,1.0,,0.5789473684210527,0.8333333333333334,0.4772727272727273,0.575,0.8333333333333334,0.4772727272727273,0.7543859649122807,,0.14285714285714285,0.125,0.2,,10.355987055016183,,,0.06153846153846154,0.024,0.06722689075630252,0.025210084033613446,0.0642570281124498,0.02459016393442623,,,0.03125,,0.1,0.029411764705882353,0.09090909090909091,0.053763440860215055,0.11538461538461539,,0.5,0.14035087719298245,0.375,0.42857142857142855,0.6666666666666666,0.08771929824561403,0.4,0.5,0.5,0.017543859649122806,1.0,1.0,1.0,0.3333333333333333,0.3684210526315789,0.3684210526315789,1.0,0.42105263157894735,0.4583333333333333,0.4583333333333333,0.8181818181818182,,,,,,,0.09090909090909091,,0.4090909090909091,0.3333333333333333,0.4090909090909091,0.4444444444444444,0.8947368421052632,0.4782608695652174,0.555000892857143,0.5051666666666667,0.5504159090909091,0.05,0.17647058823529413,0.07246376811594203,0.30434782608695654,5.064285714285715,25.55116279069767,0.3834862385321101,1.0,2.0,,,,1.0,,,,0.15,0.6666666666666666,0.5,1.0,,,,,,,,True,,,,,
1629629,1610612747,Cam Reddish,Cam Reddish,1629629,LAL,11779.0,196.0,1,394.0,405,132.0,73.0,41.0,799,8.0,9.0,1.0,1.0,5.0,6.0,2.0,3.0,,2.0,2.0,8.0,2.0,2.0,1.0,5.0,,,,,10.0,14.0,3.0,13.0,6.0,35.0,473,2.0,2.0,,2.0,4.0,5.0,7.0,2.0,2.0,,16.0,10.0,10.0,9.0,,,5.0,1.0,,,5.0,7.0,12.0,6.0,1.0,5.0,,,31.0,2.0,4.0,2.0,9.0,1.0,12.0,6.0,18.0,1.0,12.0,5.0,7.0,2.0,,1.0,3.0,2.0,1.0,,,5.0,,1.0,6.0,15.0,1.0,,,9.0,,,,12.0,2.0,,7.0,,5.0,2.0,3.0,5.0,4.0,,16.0,132.0,2.0,,0.5,0.625,1.0,0.23076923076923078,,1.0,0.23076923076923078,0.7142857142857143,1.0,0.7142857142857143,0.5370370370370371,0.5,0.8888888888888888,0.546875,0.5,0.8,0.48148148148148145,,,,,,8.466819221967963,0.4,0.1111111111111111,0.09183673469387756,0.047058823529411764,0.02197802197802198,0.023529411764705882,0.0582010582010582,0.03529411764705882,0.05263157894736842,0.02127659574468085,0.028985507246376812,,0.09090909090909091,0.1,,0.0273972602739726,,0.07142857142857142,0.8,0.3333333333333333,0.8888888888888888,0.8888888888888888,0.625,0.1111111111111111,0.6666666666666666,0.6666666666666666,,0.07407407407407407,,,,0.2962962962962963,0.25,0.25,1.0,0.18518518518518517,0.2,0.2,1.0,0.25,1.0,,,,,0.6666666666666666,0.8333333333333334,0.2222222222222222,1.0,,,0.8148148148148148,0.2,0.5889092592592593,0.46409999999999996,0.6380222222222224,0.21875,0.3684210526315789,0.11428571428571428,0.45714285714285713,4.749999999999999,24.61538461538461,0.3350253807106599,,2.0,,4.0,,,,,,0.10526315789473684,0.5,,,,,,,,,,True,,,,,
1631132,1610612747,Christian Koloko,Christian Koloko,1631132,LAL,6443.0,107.0,16,229.0,227,65.0,52.0,21.0,456,9.0,11.0,2.0,2.0,,,1.0,3.0,,,,1.0,,,,,,,,,10.0,14.0,,1.0,3.0,23.0,255,2.0,2.0,,,5.0,,,,,3.0,3.0,16.0,4.0,,,,,,2.0,,1.0,1.0,2.0,1.0,,1.0,,,5.0,3.0,4.0,5.0,6.0,2.0,13.0,7.0,20.0,,5.0,3.0,2.0,2.0,,,2.0,1.0,2.0,,,4.0,1.0,,12.0,17.0,,,,6.0,,2.0,1.0,4.0,,,1.0,1.0,5.0,3.0,2.0,5.0,2.0,,3.0,65.0,1.0,1.0,0.8,1.0,,,,,,0.7142857142857143,1.0,,0.6666666666666666,1.0,,0.6764705882352942,0.8333333333333334,0.75,0.06666666666666667,,0.14285714285714285,0.09090909090909091,0.3333333333333333,,8.366533864541834,0.5,0.4,0.11764705882352941,0.09523809523809523,0.1111111111111111,0.05555555555555555,0.11458333333333333,0.07291666666666667,0.058823529411764705,0.125,0.045454545454545456,0.1,0.25,0.08571428571428572,,0.13513513513513514,,,0.4,0.7333333333333333,0.8181818181818182,0.9,0.7777777777777778,0.2,0.3333333333333333,0.5,1.0,,,,,0.06666666666666667,,,,,,,,1.0,1.0,,,,,,,,,,,0.8,,0.6060099999999999,0.6029,,0.0625,0.06666666666666667,0.21739130434782608,0.13043478260869565,2.7142857142857144,23.3,0.2838427947598253,,,1.0,4.0,,2.0,,,,0.1111111111111111,,,,1.0,,,,,,,True,,,,,
203076,1610612747,Anthony Davis,Anthony Davis,203076,LAL,30380.0,506.0,49,1032.0,1032,343.0,179.0,112.0,2064,82.0,111.0,21.0,32.0,24.0,35.0,42.0,92.0,17.0,40.0,,1.0,,,7.0,27.0,,3.0,2.0,7.0,141.0,243.0,7.0,28.0,120.0,423.0,1165,25.0,40.0,,3.0,60.0,47.0,77.0,2.0,7.0,62.0,162.0,168.0,114.0,18.0,3.0,,27.0,7.0,17.0,,31.0,15.0,46.0,13.0,2.0,19.0,6.0,6.0,107.0,16.0,29.0,61.0,70.0,,131.0,45.0,176.0,5.0,19.0,14.0,5.0,19.0,2.0,6.0,14.0,7.0,13.0,1.0,2.0,33.0,3.0,13.0,14.0,22.0,,,2.0,105.0,1.0,2.0,1.0,153.0,16.0,1.0,60.0,24.0,31.0,12.0,19.0,33.0,25.0,,157.0,337.0,2.0,18.0,0.5957446808510638,0.6829268292682927,0.8571428571428571,0.25,,0.2857142857142857,0.25,0.5802469135802469,0.625,0.6103896103896104,0.559040590405904,0.5813953488372093,0.5952380952380952,0.6238938053097345,0.5882352941176471,0.6694214876033058,0.1033210332103321,,0.06995884773662552,0.07207207207207207,0.08695652173913043,,31.841652323580035,0.5757575757575758,,0.2702702702702703,0.11507936507936507,0.23921568627450981,0.08205128205128205,0.25486381322957197,0.10067114093959731,0.14814814814814814,0.11666666666666667,0.08641975308641975,0.06060606060606061,0.24742268041237114,0.29838709677419356,0.23684210526315788,0.2631578947368421,0.16923076923076924,0.049019607843137254,0.7575757575757576,0.4095940959409594,0.7387387387387387,0.7961165048543689,0.6341463414634146,0.33948339483394835,0.45652173913043476,0.5,0.5714285714285714,0.14760147601476015,0.425,0.4358974358974359,0.47058823529411764,0.0036900369003690036,,,,0.0996309963099631,0.25925925925925924,0.25925925925925924,0.8571428571428571,0.7441860465116279,0.65625,,0.06976744186046512,,,0.4166666666666667,0.6857142857142857,,,0.08333333333333333,0.2857142857142857,0.5129151291512916,0.25925925925925924,0.5321911439114391,0.5761566666666667,0.5215726190476191,0.19047619047619047,0.20905923344947736,0.14184397163120568,0.3829787234042553,6.751440329218106,26.153571428571432,0.3323643410852713,,,10.0,36.0,,2.0,,,,0.058823529411764705,,,,,2.0,1.0,1.0,0.025,,,True,,,,,
2544,1610612747,LeBron James,LeBron James,2544,LAL,27867.0,464.0,-18,975.0,954,260.0,187.0,94.0,1929,54.0,79.0,7.0,9.0,14.0,20.0,25.0,51.0,18.0,35.0,1.0,2.0,,,26.0,67.0,1.0,6.0,8.0,15.0,97.0,165.0,27.0,69.0,42.0,317.0,1117,12.0,17.0,1.0,6.0,31.0,23.0,38.0,8.0,15.0,6.0,76.0,88.0,106.0,63.0,18.0,,67.0,26.0,14.0,,77.0,31.0,108.0,18.0,13.0,53.0,21.0,3.0,247.0,4.0,9.0,52.0,53.0,5.0,110.0,13.0,123.0,1.0,10.0,9.0,1.0,21.0,14.0,13.0,26.0,3.0,8.0,,3.0,47.0,1.0,9.0,4.0,14.0,1.0,,3.0,53.0,3.0,4.0,,54.0,8.0,4.0,26.0,2.0,5.0,2.0,3.0,5.0,4.0,,75.0,255.0,1.0,1.0,0.4536082474226804,0.4731182795698925,0.7777777777777778,0.391304347826087,0.16666666666666666,0.5333333333333333,0.391304347826087,0.5878787878787879,0.7058823529411765,0.6052631578947368,0.5876068376068376,0.5869565217391305,0.660377358490566,0.6161417322834646,0.62,0.6785714285714286,0.2948717948717949,,0.08484848484848485,0.10126582278481013,0.11764705882352941,,27.58936755270394,0.44680851063829785,0.3333333333333333,0.2345132743362832,0.04225352112676056,0.23423423423423423,0.017777777777777778,0.234375,0.02968036529680365,0.07407407407407407,0.02247191011235955,0.011428571428571429,0.04,0.18292682926829268,0.26785714285714285,0.25,0.27485380116959063,0.09803921568627451,0.010416666666666666,0.8,0.33760683760683763,0.6835443037974683,0.7605633802816901,0.5740740740740741,0.21794871794871795,0.49019607843137253,0.5555555555555556,0.32,0.14957264957264957,0.5142857142857142,0.5142857142857142,0.2777777777777778,0.008547008547008548,0.5,0.5,1.0,0.2863247863247863,0.3880597014925373,0.3880597014925373,0.7692307692307693,0.391304347826087,0.7777777777777778,0.42857142857142855,0.2608695652173913,0.16666666666666666,1.0,0.37735849056603776,0.7,,,0.2830188679245283,0.5333333333333333,0.6324786324786325,0.3880597014925373,0.5264955128205128,0.5255321428571428,0.5057009433962264,0.10317460317460317,0.14207650273224043,0.09779179810725552,0.23974763406940064,7.202424242424241,26.575362318840572,0.26666666666666666,,,4.0,8.0,,3.0,,,,0.023255813953488372,,,,,,,,,,,True,,,,,
1629637,1610612747,Jaxson Hayes,Jaxson Hayes,1629637,LAL,6674.0,111.0,23,231.0,225,44.0,33.0,20.0,456,14.0,17.0,3.0,3.0,3.0,4.0,2.0,4.0,,,,,,,,,,,,,16.0,21.0,,,10.0,42.0,251,4.0,4.0,,,10.0,3.0,4.0,,,5.0,11.0,26.0,6.0,,,,,,,,2.0,5.0,7.0,5.0,,2.0,,,19.0,5.0,1.0,9.0,5.0,1.0,15.0,6.0,21.0,1.0,2.0,2.0,,3.0,,1.0,3.0,,2.0,1.0,,6.0,1.0,1.0,9.0,15.0,,,2.0,11.0,,3.0,1.0,12.0,,,3.0,3.0,5.0,2.0,3.0,6.0,4.0,,11.0,44.0,,3.0,0.8125,0.9285714285714286,,,,,,0.7619047619047619,1.0,0.75,0.7619047619047619,1.0,0.75,0.7777777777777778,1.0,0.7857142857142857,,,,,,,13.043478260869566,0.5,0.25,0.0847457627118644,0.025,0.17647058823529413,0.09090909090909091,0.12727272727272726,0.06315789473684211,,0.047619047619047616,0.11363636363636363,,,0.10526315789473684,0.09090909090909091,0.19444444444444445,0.13333333333333333,0.2,0.6666666666666666,0.8095238095238095,0.8235294117647058,0.8235294117647058,0.7857142857142857,0.19047619047619047,0.5,0.5,1.0,,,,,,,,,,,,,0.75,1.0,0.3333333333333333,,,,1.0,0.75,,,,,0.8095238095238095,,0.623395238095238,0.6271,0.6692,0.125,0.125,0.23809523809523808,0.2619047619047619,2.7666666666666666,,0.19047619047619047,,,2.0,4.0,,1.0,,,,,,,,,1.0,,1.0,,,,True,,,,,
1630559,1610612747,Austin Reaves,Austin Reaves,1630559,LAL,22076.0,368.0,47,760.0,757,227.0,130.0,86.0,1517,22.0,27.0,1.0,2.0,4.0,6.0,12.0,26.0,4.0,8.0,4.0,10.0,1.0,2.0,23.0,66.0,4.0,6.0,3.0,20.0,38.0,61.0,27.0,76.0,25.0,182.0,858,3.0,4.0,5.0,7.0,22.0,8.0,15.0,4.0,22.0,15.0,43.0,44.0,32.0,66.0,15.0,2.0,64.0,23.0,4.0,,41.0,23.0,64.0,14.0,9.0,29.0,9.0,3.0,151.0,7.0,4.0,23.0,13.0,,36.0,12.0,48.0,3.0,13.0,11.0,2.0,20.0,1.0,15.0,6.0,2.0,5.0,,2.0,26.0,2.0,6.0,17.0,32.0,,,1.0,38.0,1.0,1.0,5.0,36.0,4.0,2.0,14.0,5.0,1.0,1.0,,1.0,1.0,,43.0,221.0,5.0,5.0,0.5789473684210527,0.5945945945945946,0.8148148148148148,0.35526315789473684,0.7142857142857143,0.18181818181818182,0.36486486486486486,0.6229508196721312,0.75,0.5333333333333333,0.572992700729927,0.9545454545454546,0.3783783783783784,0.5921052631578947,0.9545454545454546,0.4777777777777778,0.5547445255474452,,0.06557377049180328,0.037037037037037035,0.11538461538461539,,20.818713450292396,0.7692307692307693,,0.06770833333333333,0.023255813953488372,0.12777777777777777,0.041916167664670656,0.0967741935483871,0.032448377581120944,0.015151515151515152,0.04,0.02962962962962963,0.09375,0.0625,0.05263157894736842,0.12121212121212122,0.08208955223880597,0.2608695652173913,0.046153846153846156,1.0,0.19708029197080293,0.8148148148148148,0.8461538461538461,0.6818181818181818,0.1897810218978102,0.46153846153846156,0.5217391304347826,0.3333333333333333,0.058394160583941604,0.5,0.5,0.75,0.072992700729927,0.4,0.4,1.0,0.48175182481751827,0.3484848484848485,0.3484848484848485,0.782608695652174,0.18181818181818182,0.5,,0.5454545454545454,0.6666666666666666,1.0,0.16216216216216217,0.6666666666666666,0.05405405405405406,0.5,0.5405405405405406,0.15,0.7518248175182481,0.359375,0.5296288888888888,0.46790000000000004,0.50049,0.09523809523809523,0.19718309859154928,0.12087912087912088,0.23626373626373626,6.667213114754099,27.64736842105263,0.2986842105263158,1.0,1.0,1.0,2.0,1.0,2.0,,,0.0625,,0.09090909090909091,1.0,1.0,,,,,,,,True,,,,,
1631108,1610612747,Max Christie,Max Christie,1631108,LAL,15707.0,262.0,-12,531.0,536,199.0,107.0,61.0,1067,16.0,22.0,2.0,3.0,5.0,6.0,1.0,6.0,,2.0,3.0,8.0,1.0,2.0,5.0,15.0,,1.0,3.0,7.0,17.0,30.0,8.0,23.0,19.0,77.0,626,2.0,4.0,,1.0,5.0,5.0,9.0,4.0,9.0,10.0,32.0,24.0,10.0,24.0,,,15.0,5.0,2.0,,10.0,3.0,13.0,2.0,1.0,8.0,2.0,,29.0,7.0,6.0,8.0,12.0,,20.0,13.0,33.0,3.0,11.0,9.0,2.0,4.0,2.0,1.0,3.0,,3.0,,,7.0,1.0,4.0,7.0,16.0,,,,17.0,,1.0,3.0,23.0,3.0,,11.0,2.0,7.0,4.0,3.0,7.0,6.0,,32.0,198.0,4.0,2.0,0.7058823529411765,0.75,1.0,0.34782608695652173,,0.4444444444444444,0.34782608695652173,0.5666666666666667,0.5,0.5555555555555556,0.5471698113207547,0.4,0.6111111111111112,0.6111111111111112,0.5,0.6956521739130435,0.4339622641509434,,0.06666666666666667,0.045454545454545456,0.16666666666666666,,11.76470588235294,0.5714285714285714,,0.08955223880597014,0.045112781954887216,0.06837606837606838,0.06666666666666667,0.0796812749003984,0.0546218487394958,0.08888888888888889,,0.08333333333333333,,0.07142857142857142,0.10810810810810811,0.05555555555555555,0.05434782608695652,0.12,0.13043478260869565,0.8571428571428571,0.41509433962264153,0.7272727272727273,0.7619047619047619,0.75,0.11320754716981132,0.16666666666666666,0.2,,0.03773584905660377,,,,0.1509433962264151,0.375,0.375,1.0,0.2830188679245283,0.3333333333333333,0.3333333333333333,1.0,0.6,0.6666666666666666,,0.2,,,0.3333333333333333,0.8333333333333334,0.1111111111111111,0.5,0.3888888888888889,0.42857142857142855,0.8490566037735849,0.3333333333333333,0.5696405660377358,0.6147,0.5577000000000001,0.18032786885245902,0.2894736842105263,0.06493506493506493,0.4155844155844156,4.056666666666667,25.57826086956522,0.3747645951035782,,,1.0,2.0,,1.0,,,,0.0625,,,,,,,,,,,True,,,,,
1642261,1610612747,Dalton Knecht,Dalton Knecht,1642261,LAL,20263.0,338.0,43,693.0,690,170.0,103.0,63.0,1383,17.0,19.0,1.0,1.0,2.0,3.0,6.0,17.0,2.0,6.0,9.0,22.0,2.0,4.0,21.0,58.0,2.0,2.0,9.0,19.0,25.0,42.0,30.0,80.0,12.0,152.0,797,2.0,3.0,3.0,3.0,13.0,3.0,10.0,11.0,23.0,5.0,44.0,40.0,10.0,87.0,3.0,1.0,57.0,21.0,5.0,,11.0,5.0,16.0,4.0,1.0,9.0,1.0,1.0,37.0,5.0,2.0,21.0,15.0,2.0,38.0,7.0,45.0,1.0,6.0,6.0,,6.0,1.0,4.0,4.0,,2.0,,,10.0,,5.0,7.0,13.0,1.0,,2.0,10.0,,1.0,,16.0,1.0,2.0,6.0,,1.0,1.0,,1.0,,,44.0,167.0,,,0.8,0.8,0.9666666666666667,0.375,1.0,0.4782608695652174,0.379746835443038,0.5952380952380952,0.6666666666666666,0.3,0.5737704918032787,1.0833333333333333,0.5909090909090909,0.5859375,1.0833333333333333,0.6285714285714286,0.6557377049180327,,0.11904761904761904,0.05263157894736842,0.23529411764705882,,18.062827225130892,0.6,0.25,0.08875739644970414,0.014925373134328358,0.12727272727272726,0.034722222222222224,0.10778443113772455,0.025179856115107913,0.05405405405405406,,0.02608695652173913,0.06896551724137931,0.12,0.07608695652173914,0.07407407407407407,0.12903225806451613,0.12195121951219512,0.01694915254237288,,0.1557377049180328,0.8947368421052632,0.9444444444444444,0.9411764705882353,0.13934426229508196,0.35294117647058826,0.46153846153846156,0.5,0.04918032786885246,0.3333333333333333,0.3333333333333333,0.5,0.18032786885245902,0.4090909090909091,0.4090909090909091,1.0,0.47540983606557374,0.3620689655172414,0.3620689655172414,0.9523809523809523,0.16666666666666666,1.0,1.0,0.3333333333333333,1.0,1.0,0.09090909090909091,0.6666666666666666,0.12121212121212122,0.5,0.5757575757575758,0.47368421052631576,0.8114754098360656,0.3684210526315789,0.5486305785123967,0.55263,0.5280625,0.0546875,0.1276595744680851,0.08552631578947369,0.2894736842105263,6.354761904761907,25.6125,0.2453102453102453,1.0,1.0,,,,1.0,,,,,0.16666666666666666,1.0,1.0,,,,,,1.0,0.012345679012345678,True,,,,,
1642355,1610612747,Bronny James,Bronny James,1642355,LAL,7.0,,-2,,1,,1.0,,1,,,,,,,,,,,,,,,,,,,,,,,,,,,2,,,,,,,,,,,,,,,,,,,,,,,,,,,,,,,,,,,,,,,,,,,,,,,,,,,,,,,,,,,,,,,,,,,,,,,,,,,,,,,,,,,,,,,,,,,,,,,,,,,,,,,,,,,,,,,,,,,,,,,,,,,,,,,,,,,,,,,,,,,,,,,,,,,,,,,,,,,,,,,,,,,,,,,,,,,,,,,,,,,,,,,True,,,,,
1642422,1610612747,Armel Traoré,Armel Traoré,1642422,LAL,1170.0,20.0,-18,39.0,40,3.0,3.0,3.0,79,4.0,5.0,1.0,1.0,,,,,,,,,,,,1.0,,,,,4.0,5.0,,1.0,1.0,9.0,56,1.0,1.0,,,2.0,,,,,,,6.0,2.0,,,,1.0,,,,,,,,,,,,,,1.0,3.0,1.0,,4.0,1.0,5.0,1.0,1.0,1.0,,,,,1.0,,,,,1.0,,,,2.0,1.0,,,2.0,,,,3.0,1.0,,2.0,,1.0,,1.0,1.0,1.0,,,3.0,,,0.75,1.0,,,,,,0.8,1.0,,0.6666666666666666,1.0,,0.6428571428571429,1.0,,0.16666666666666666,,,,,,19.047619047619047,,,0.1111111111111111,0.1,0.375,,0.23529411764705882,0.05263157894736842,0.3333333333333333,,,,,,1.0,0.3333333333333333,0.5,0.5,1.0,0.8333333333333334,0.8,0.8,0.75,,,,,,,,,,,,,0.16666666666666666,,,,1.0,1.0,,,,,,,,,,,1.0,,0.66315,0.4515,,0.2857142857142857,0.3333333333333333,0.2222222222222222,,1.5799999999999998,25.3,0.07692307692307693,,,,2.0,,1.0,,,,,,,,,,,,,,,True,,,,,
1642439,1610612747,Quincy Olivari,Quincy Olivari,1642439,LAL,137.0,2.0,-2,5.0,4,1.0,,,9,,,,,,,,,,,,,,,,,,,,,,,,,,,10,,,,,,,,,,,,,,,,,,,,,,,,,,,,,,,,,,,,,,,,,,,,,,,,,,,,,,,,,,,,,,,,,,,,,,,,,,1.0,,,,,,,,,,,,,,,,,,,,,,,,,,,,,,,,,,,,,,,,,,,,,,,,,,,,,,,,,,,,,,,,,,,,,,,,,,,,,,,,,,,,,,,,0.2,,,,,,,,,,,,,,,,,,,,,True,,,,,
1641721,1610612747,Maxwell Lewis,Maxwell Lewis,1641721,LAL,380.0,6.0,2,12.0,12,,,2.0,24,2.0,2.0,1.0,1.0,,,,1.0,,1.0,,,,,,,,,,,2.0,4.0,,,,4.0,11,1.0,1.0,,,2.0,,,,,,,2.0,2.0,,,,,,,,,,,,,,,,,1.0,,,,,,1.0,1.0,,,,,,,,,,,,,,,,,,,,,,,,,,,,,,,,,,,,,,,,0.5,1.0,,,,,,0.5,1.0,,0.5,1.0,,0.5,1.0,,,,,,,,28.57142857142857,,,,,,0.3333333333333333,,0.14285714285714285,,,0.3333333333333333,,,,,,,,,0.5,1.0,1.0,0.5,0.25,,,,0.25,,,,,,,,,,,,1.0,1.0,,,,,,,,,,,0.5,,0.4886,,,,,0.5,,8.65,,,,,,2.0,,,,,,,,,,,,,,,,,True,,,,,
1627827,1610612747,Dorian Finney-Smith,Dorian Finney-Smith,1627827,LAL,52345.0,872.0,226,1748.0,1748,354.0,337.0,181.0,3496,25.0,39.0,9.0,19.0,6.0,9.0,8.0,18.0,,,22.0,56.0,5.0,14.0,27.0,78.0,2.0,5.0,3.0,12.0,33.0,57.0,49.0,134.0,11.0,224.0,1900,12.0,24.0,4.0,8.0,37.0,10.0,17.0,8.0,26.0,5.0,49.0,44.0,22.0,147.0,,1.0,77.0,27.0,8.0,5.0,14.0,25.0,39.0,19.0,6.0,6.0,6.0,2.0,103.0,17.0,21.0,39.0,31.0,2.0,72.0,40.0,112.0,3.0,28.0,15.0,13.0,14.0,2.0,11.0,12.0,1.0,3.0,3.0,5.0,26.0,4.0,1.0,28.0,58.0,,,1.0,15.0,,2.0,,17.0,1.0,,7.0,2.0,3.0,3.0,,4.0,2.0,1.0,49.0,347.0,4.0,2.0,0.6666666666666666,0.8148148148148148,1.0,0.3656716417910448,0.5,0.3076923076923077,0.3684210526315789,0.5789473684210527,0.5,0.5882352941176471,0.5575916230366492,0.5625,0.5116279069767442,0.5628140703517588,0.5606060606060606,0.532608695652174,0.7015706806282722,0.03731343283582089,0.14035087719298245,0.07692307692307693,0.2777777777777778,0.03571428571428571,11.46788990825688,0.5384615384615384,0.05405405405405406,0.07142857142857142,0.06382978723404255,0.08609271523178808,0.03935185185185185,0.07891770011273957,0.04993429697766097,0.125,0.03636363636363636,0.03669724770642202,0.047619047619047616,0.05357142857142857,0.08585858585858586,0.07352941176470588,0.08868501529051988,0.07936507936507936,0.031914893617021274,0.5,0.20418848167539266,0.6410256410256411,0.6944444444444444,0.64,0.09424083769633508,0.4444444444444444,0.6153846153846154,0.75,,,,,0.2931937172774869,0.39285714285714285,0.4074074074074074,1.0,0.4083769633507853,0.34615384615384615,0.36,1.0,0.59375,0.47368421052631576,,0.15625,0.4,1.0,0.20930232558139536,0.6666666666666666,0.32558139534883723,0.35714285714285715,0.27906976744186046,0.25,0.9057591623036649,0.35064935064935066,0.563782105263158,0.5579520833333333,0.5545571428571427,0.03553299492385787,0.1111111111111111,0.16517857142857142,0.21875,3.312280701754386,25.13283582089552,0.20251716247139587,2.0,3.0,1.0,12.0,2.0,5.0,1.0,,0.041666666666666664,0.03333333333333333,0.09375,0.6666666666666666,1.0,,1.0,,1.0,,,,False,0.038461538461538464,,,,
1629003,1610612747,Shake Milton,Shake Milton,1629003,LAL,17239.0,287.0,-26,576.0,577,197.0,190.0,77.0,1153,15.0,22.0,6.0,7.0,4.0,7.0,10.0,22.0,1.0,4.0,6.0,15.0,3.0,6.0,3.0,14.0,1.0,3.0,,5.0,26.0,48.0,9.0,29.0,17.0,96.0,679,6.0,10.0,2.0,6.0,21.0,8.0,14.0,3.0,11.0,7.0,32.0,18.0,34.0,27.0,,,14.0,3.0,3.0,3.0,23.0,11.0,34.0,7.0,4.0,13.0,6.0,4.0,79.0,8.0,5.0,16.0,17.0,1.0,34.0,14.0,48.0,2.0,8.0,5.0,3.0,10.0,4.0,7.0,7.0,,3.0,2.0,,17.0,4.0,7.0,12.0,22.0,1.0,,,18.0,,,,20.0,4.0,,10.0,2.0,2.0,1.0,1.0,2.0,1.0,,32.0,195.0,1.0,2.0,0.34615384615384615,0.42857142857142855,1.0,0.3103448275862069,0.3333333333333333,0.2727272727272727,0.3103448275862069,0.5416666666666666,0.6,0.5714285714285714,0.512987012987013,0.5625,0.5,0.5647058823529412,0.6176470588235294,0.5714285714285714,0.37662337662337664,0.10344827586206896,0.0625,0.09090909090909091,0.045454545454545456,0.13333333333333333,15.407854984894259,0.5882352941176471,0.05263157894736842,0.11643835616438356,0.03597122302158273,0.11851851851851852,0.05925925925925926,0.11743772241992882,0.04744525547445255,0.02631578947368421,0.05,0.061855670103092786,0.05263157894736842,0.05660377358490566,0.17391304347826086,0.08333333333333333,0.09375,0.1794871794871795,0.058823529411764705,0.5,0.2857142857142857,0.6818181818181818,0.75,0.3333333333333333,0.2857142857142857,0.45454545454545453,0.47619047619047616,0.4,0.05194805194805195,0.25,0.25,,0.19480519480519481,0.4,0.46153846153846156,1.0,0.18181818181818182,0.21428571428571427,0.23076923076923078,1.0,0.4375,0.8571428571428571,,0.1875,0.3333333333333333,1.0,0.28,0.5714285714285714,0.24,0.5,0.2,,0.6623376623376623,0.21428571428571427,0.5263227272727273,0.498425,0.52787,0.12048192771084337,0.18518518518518517,0.21875,0.3333333333333333,6.718750000000003,24.84137931034483,0.3420138888888889,1.0,3.0,3.0,10.0,1.0,,,,0.06666666666666667,,0.1875,0.3333333333333333,1.0,,,,,,,,False,0.07142857142857142,,,,
1629020,1610612747,Jarred Vanderbilt,Jarred Vanderbilt,1629020,LAL,24413.0,407.0,24,833.0,829,244.0,260.0,106.0,1662,31.0,46.0,13.0,20.0,10.0,13.0,2.0,8.0,,,9.0,23.0,1.0,5.0,,5.0,,,,3.0,33.0,54.0,9.0,28.0,13.0,106.0,947,13.0,21.0,1.0,3.0,32.0,11.0,16.0,1.0,8.0,3.0,28.0,42.0,24.0,27.0,,1.0,4.0,,6.0,,21.0,11.0,32.0,6.0,5.0,14.0,4.0,3.0,75.0,22.0,16.0,45.0,29.0,7.0,81.0,41.0,122.0,5.0,26.0,17.0,9.0,10.0,1.0,7.0,8.0,1.0,3.0,4.0,1.0,18.0,2.0,3.0,17.0,43.0,1.0,,,26.0,,5.0,2.0,25.0,1.0,,10.0,2.0,5.0,5.0,,6.0,4.0,,28.0,244.0,8.0,2.0,0.6363636363636364,0.9130434782608695,1.0,0.32142857142857145,0.3333333333333333,0.125,0.3333333333333333,0.6111111111111112,0.6190476190476191,0.6875,0.5670731707317073,0.6041666666666666,0.5208333333333334,0.5698924731182796,0.64,0.5185185185185185,0.34146341463414637,,0.1111111111111111,0.08695652173913043,0.25,,11.550468262226847,0.5555555555555556,0.3181818181818182,0.17575757575757575,0.09411764705882353,0.2,0.10526315789473684,0.18974358974358974,0.10026385224274406,0.12698412698412698,0.08433734939759036,0.10191082802547771,0.11538461538461539,0.15942028985507245,0.14705882352941177,0.2857142857142857,0.20606060606060606,0.18333333333333332,0.15625,0.6666666666666666,0.5609756097560976,0.6739130434782609,0.7380952380952381,0.6129032258064516,0.0975609756097561,0.25,0.3333333333333333,1.0,,,,,0.2804878048780488,0.391304347826087,0.391304347826087,1.0,0.06097560975609756,,,,0.8333333333333334,0.65,0.15384615384615385,,,,0.5416666666666666,0.7692307692307693,0.20833333333333334,0.2,0.125,,0.9024390243902439,,0.6179574074074073,0.6152799999999999,0.6159934782608696,0.10989010989010989,0.15873015873015872,0.3018867924528302,0.2641509433962264,2.0740740740740744,25.47142857142857,0.2929171668667467,1.0,3.0,3.0,20.0,3.0,1.0,1.0,,0.1111111111111111,0.041666666666666664,0.125,0.3333333333333333,1.0,,1.0,1.0,,,,,False,,1.0,,,
1629029,1610612747,Luka Dončić,Luka Dončić,1629029,LAL,33034.0,551.0,119,1133.0,1124,257.0,261.0,122.0,2257,42.0,62.0,12.0,16.0,9.0,17.0,24.0,68.0,11.0,36.0,3.0,11.0,,3.0,50.0,144.0,4.0,11.0,13.0,38.0,77.0,166.0,53.0,155.0,111.0,424.0,1216,13.0,24.0,6.0,17.0,51.0,17.0,41.0,13.0,41.0,39.0,112.0,50.0,104.0,69.0,90.0,1.0,143.0,50.0,11.0,2.0,75.0,53.0,128.0,29.0,24.0,60.0,14.0,1.0,309.0,12.0,4.0,54.0,62.0,8.0,124.0,16.0,140.0,4.0,31.0,24.0,7.0,52.0,10.0,35.0,17.0,4.0,17.0,1.0,,69.0,1.0,11.0,21.0,42.0,1.0,,,97.0,,3.0,4.0,144.0,14.0,,64.0,9.0,7.0,3.0,4.0,8.0,5.0,,112.0,256.0,1.0,8.0,0.3246753246753247,0.3424657534246575,0.4339622641509434,0.3419354838709677,0.35294117647058826,0.3170731707317073,0.34415584415584416,0.463855421686747,0.5416666666666666,0.4146341463414634,0.48753894080996885,0.5365853658536586,0.4451219512195122,0.5520833333333334,0.5543478260869565,0.5436893203883495,0.48286604361370716,0.012903225806451613,0.06626506024096386,0.11290322580645161,0.04411764705882353,,35.50156739811912,0.7536231884057971,0.3333333333333333,0.22962962962962963,0.018779342723004695,0.18305084745762712,0.03986710963455149,0.20530973451327433,0.0311284046692607,0.02666666666666667,0.010101010101010102,0.03211009174311927,0.060240963855421686,0.18681318681318682,0.22580645161290322,0.3090909090909091,0.18269230769230768,0.1839080459770115,0.023121387283236993,0.625,0.19314641744548286,0.6774193548387096,0.7636363636363637,0.42857142857142855,0.2118380062305296,0.35294117647058826,0.36923076923076925,0.16666666666666666,0.11214953271028037,0.3055555555555556,0.3142857142857143,0.2727272727272727,0.03426791277258567,0.2727272727272727,0.2727272727272727,0.6666666666666666,0.4485981308411215,0.3472222222222222,0.352112676056338,0.42,0.3902439024390244,0.75,0.4166666666666667,0.2682926829268293,0.36363636363636365,0.75,0.2073170731707317,0.5294117647058824,0.036585365853658534,,0.4634146341463415,0.34210526315789475,0.67601246105919,0.34965034965034963,0.5178716088328074,0.5277833333333333,0.5119307692307691,0.18133333333333335,0.2962962962962963,0.12028301886792453,0.2641509433962264,8.429518072289158,27.6458064516129,0.22683142100617829,2.0,6.0,7.0,8.0,,2.0,,,,0.02564102564102564,0.14634146341463414,0.3333333333333333,1.0,,1.0,1.0,,0.027777777777777776,4.0,0.025157232704402517,False,0.013888888888888888,,,,
2544,1610612747,LeBron James,LeBron James,2544,LAL,93519.0,1559.0,-8,3140.0,3154,623.0,608.0,293.0,6294,180.0,236.0,16.0,25.0,34.0,43.0,105.0,218.0,41.0,110.0,10.0,26.0,2.0,4.0,95.0,249.0,7.0,21.0,18.0,52.0,326.0,564.0,105.0,275.0,166.0,1133.0,3638,26.0,51.0,9.0,27.0,87.0,57.0,92.0,20.0,56.0,49.0,223.0,226.0,426.0,198.0,117.0,2.0,247.0,95.0,32.0,1.0,255.0,132.0,387.0,85.0,47.0,179.0,61.0,15.0,906.0,21.0,25.0,151.0,137.0,19.0,307.0,46.0,353.0,21.0,42.0,31.0,11.0,114.0,37.0,87.0,65.0,8.0,27.0,2.0,6.0,179.0,9.0,34.0,29.0,71.0,1.0,,8.0,169.0,4.0,6.0,2.0,216.0,21.0,,99.0,18.0,30.0,16.0,12.0,30.0,14.0,1.0,217.0,613.0,3.0,15.0,0.34662576687116564,0.35987261146496813,0.6285714285714286,0.38181818181818183,0.3333333333333333,0.35714285714285715,0.38461538461538464,0.5780141843971631,0.5098039215686274,0.6195652173913043,0.5762812872467223,0.5064102564102564,0.5878378378378378,0.6052350427350427,0.5240963855421686,0.6194444444444445,0.32777115613825986,0.0036363636363636364,0.05673758865248227,0.07203389830508475,0.06880733944954129,,31.98508318990247,0.6368715083798883,0.27941176470588236,0.18664850136239783,0.0390625,0.1935897435897436,0.029005524861878452,0.190224570673712,0.03372434017595308,0.05612244897959184,0.03773584905660377,0.025974025974025976,0.03783783783783784,0.1862348178137652,0.17914438502673796,0.21238938053097345,0.200339558573854,0.17277486910994763,0.05675675675675676,0.4666666666666667,0.28128724672228844,0.7627118644067796,0.821917808219178,0.4111111111111111,0.2598331346841478,0.481651376146789,0.5172413793103449,0.3142857142857143,0.13110846245530394,0.37272727272727274,0.37272727272727274,0.14634146341463414,0.03098927294398093,0.38461538461538464,0.38461538461538464,1.0,0.2967818831942789,0.3815261044176707,0.38306451612903225,0.5894736842105263,0.32051282051282054,0.64,0.1875,0.2692307692307692,0.3333333333333333,0.8571428571428571,0.2905405405405405,0.7906976744186046,0.02702702702702703,0.5,0.35135135135135137,0.34615384615384615,0.6090584028605482,0.38461538461538464,0.5192903225806451,0.5109901960784315,0.5162202054794522,0.10893246187363835,0.1542056074766355,0.07678729037952339,0.1968225948808473,7.515248226950355,26.949818181818177,0.19840764331210192,2.0,6.0,8.0,24.0,,7.0,,1.0,,0.015873015873015872,0.07692307692307693,0.3333333333333333,1.0,,,,,,1.0,0.0036231884057971015,False,0.004016064257028112,,2.0,,
1629060,1610612747,Rui Hachimura,Rui Hachimura,1629060,LAL,71529.0,1192.0,86,2424.0,2429,384.0,374.0,220.0,4853,95.0,125.0,8.0,15.0,16.0,20.0,25.0,62.0,14.0,29.0,33.0,71.0,5.0,10.0,34.0,95.0,5.0,12.0,5.0,10.0,134.0,216.0,67.0,166.0,57.0,526.0,2769,10.0,19.0,8.0,18.0,53.0,17.0,26.0,10.0,20.0,5.0,69.0,224.0,44.0,192.0,9.0,,95.0,34.0,26.0,,22.0,31.0,53.0,23.0,8.0,14.0,4.0,4.0,137.0,25.0,23.0,71.0,57.0,12.0,140.0,50.0,190.0,9.0,25.0,18.0,7.0,18.0,4.0,9.0,11.0,1.0,9.0,3.0,1.0,29.0,1.0,4.0,35.0,72.0,,,2.0,59.0,1.0,1.0,2.0,75.0,9.0,,40.0,2.0,16.0,9.0,7.0,16.0,13.0,,69.0,375.0,5.0,1.0,0.835820895522388,0.8888888888888888,0.9552238805970149,0.4036144578313253,0.4444444444444444,0.5,0.4036144578313253,0.6203703703703703,0.5263157894736842,0.6538461538461539,0.6138743455497382,0.5945945945945946,0.6956521739130435,0.6337349397590362,0.6309523809523809,0.69,0.43455497382198954,,0.12037037037037036,0.088,0.24193548387096775,,16.53631284916201,0.6206896551724138,0.34285714285714286,0.09661016949152543,0.042435424354243544,0.1147011308562197,0.04734848484848485,0.10587262200165426,0.044859813084112146,0.04,0.046263345195729534,0.04987531172069826,0.03937007874015748,0.1,0.09584664536741214,0.09195402298850575,0.1127659574468085,0.12080536912751678,0.05844155844155844,0.8125,0.32722513089005234,0.76,0.8333333333333334,0.8526315789473684,0.16230366492146597,0.4032258064516129,0.5319148936170213,0.88,0.07591623036649214,0.4827586206896552,0.4827586206896552,0.6428571428571429,0.18586387434554974,0.4647887323943662,0.4647887323943662,0.9393939393939394,0.2486910994764398,0.35789473684210527,0.35789473684210527,0.9705882352941176,0.40540540540540543,0.5333333333333333,0.125,0.32432432432432434,0.4166666666666667,0.8,0.43478260869565216,0.8,0.21739130434782608,0.5,0.21739130434782608,0.5,0.7617801047120419,0.35789473684210527,0.5657956806282723,0.54182,0.6039402173913043,0.09685230024213075,0.16194331983805668,0.10076045627376426,0.1311787072243346,5.439814814814815,24.78975903614458,0.15841584158415842,3.0,6.0,9.0,16.0,2.0,12.0,1.0,2.0,0.04,0.036036036036036036,0.16216216216216217,0.5,0.6666666666666666,,,,,,,,False,,,,,
1630559,1610612747,Austin Reaves,Austin Reaves,1630559,LAL,104631.0,1744.0,127,3547.0,3554,622.0,589.0,326.0,7101,87.0,130.0,6.0,13.0,16.0,24.0,87.0,195.0,14.0,38.0,18.0,37.0,3.0,7.0,115.0,326.0,6.0,20.0,15.0,58.0,188.0,363.0,133.0,363.0,239.0,1014.0,4068,8.0,21.0,8.0,24.0,50.0,34.0,66.0,18.0,65.0,74.0,196.0,160.0,216.0,279.0,120.0,3.0,323.0,115.0,34.0,3.0,193.0,107.0,300.0,66.0,41.0,125.0,51.0,17.0,707.0,15.0,23.0,109.0,76.0,3.0,188.0,38.0,226.0,15.0,58.0,38.0,20.0,95.0,11.0,65.0,26.0,3.0,30.0,2.0,2.0,121.0,3.0,23.0,50.0,89.0,2.0,,2.0,227.0,15.0,3.0,10.0,266.0,27.0,15.0,100.0,25.0,14.0,3.0,11.0,17.0,7.0,,188.0,611.0,7.0,19.0,0.425531914893617,0.43010752688172044,0.6992481203007519,0.36639118457300274,0.3333333333333333,0.27692307692307694,0.36944444444444446,0.5179063360881543,0.38095238095238093,0.5151515151515151,0.5337465564738292,0.4444444444444444,0.46564885496183206,0.6008403361344538,0.49019607843137253,0.5792682926829268,0.5,0.008264462809917356,0.09366391184573003,0.038461538461538464,0.13846153846153847,,24.180848361696725,0.7851239669421488,0.036585365853658534,0.09245742092457421,0.030463576158940398,0.12302483069977427,0.019011406844106463,0.10831381733021077,0.02461139896373057,0.02531645569620253,0.03674540682414698,0.021922428330522766,0.01020408163265306,0.06367041198501873,0.0831353919239905,0.1791044776119403,0.13016845329249618,0.10300429184549356,0.0423728813559322,0.4117647058823529,0.1790633608815427,0.6692307692307692,0.696,0.41379310344827586,0.26859504132231404,0.4461538461538462,0.5178571428571429,0.4482758620689655,0.05234159779614325,0.3684210526315789,0.3888888888888889,0.35714285714285715,0.05096418732782369,0.4864864864864865,0.4864864864864865,1.0,0.4490358126721763,0.35276073619631904,0.3560371517027864,0.6521739130434783,0.28888888888888886,0.46153846153846156,0.5,0.4444444444444444,0.3,0.8333333333333334,0.183206106870229,0.6666666666666666,0.05343511450381679,0.42857142857142855,0.44274809160305345,0.25862068965517243,0.6790633608815427,0.3560371517027864,0.5204662742382273,0.5521228571428572,0.5028500000000001,0.13861386138613863,0.22935779816513763,0.04930966469428008,0.1932938856015779,6.99779614325069,26.71046831955923,0.17535945869749084,2.0,4.0,10.0,4.0,,5.0,,,,0.021897810218978103,0.08888888888888889,0.5,1.0,,3.0,2.0,1.0,0.05263157894736842,12.0,0.03225806451612903,False,0.009202453987730062,1.0,,3.0,
1629637,1610612747,Jaxson Hayes,Jaxson Hayes,1629637,LAL,45139.0,752.0,107,1521.0,1528,246.0,284.0,139.0,3049,96.0,120.0,12.0,19.0,10.0,11.0,11.0,27.0,,,,1.0,,1.0,,2.0,,,,1.0,107.0,147.0,,3.0,44.0,258.0,1671,12.0,22.0,,,30.0,10.0,12.0,,2.0,14.0,34.0,188.0,26.0,,,,2.0,,8.0,,18.0,26.0,44.0,19.0,7.0,6.0,10.0,2.0,114.0,28.0,26.0,67.0,59.0,8.0,134.0,56.0,190.0,3.0,24.0,14.0,10.0,11.0,4.0,9.0,17.0,,2.0,,1.0,28.0,6.0,2.0,59.0,88.0,2.0,,9.0,73.0,,10.0,3.0,67.0,9.0,,33.0,5.0,36.0,21.0,15.0,38.0,17.0,3.0,34.0,246.0,2.0,5.0,0.8785046728971962,0.9494949494949495,,,,,,0.7278911564625851,0.5454545454545454,0.8333333333333334,0.7133333333333334,0.5454545454545454,0.7142857142857143,0.7206703910614525,0.5769230769230769,0.7727272727272727,0.02,,0.05442176870748299,0.03333333333333333,0.14814814814814814,,12.212389380530974,0.39285714285714285,0.27586206896551724,0.15404699738903394,0.08843537414965986,0.17771883289124668,0.07349081364829396,0.16578947368421051,0.08,0.10526315789473684,0.0958904109589041,0.07457627118644068,0.06976744186046512,0.15267175572519084,0.1631578947368421,0.12903225806451613,0.1702127659574468,0.2,0.09375,0.4473684210526316,0.8,0.8,0.8275862068965517,0.875,0.18,0.4074074074074074,0.4782608695652174,0.9090909090909091,,,,,0.006666666666666667,,,,0.013333333333333334,,,,0.8636363636363636,0.631578947368421,0.25,,,,0.7857142857142857,0.9090909090909091,0.07142857142857142,,0.07142857142857142,,0.82,,0.6293486666666666,0.6157133333333333,0.6581499999999999,0.1896551724137931,0.19298245614035087,0.11627906976744186,0.13178294573643412,2.5857142857142854,26.399999999999995,0.16173570019723865,,,6.0,16.0,2.0,9.0,,5.0,0.06896551724137931,0.03773584905660377,,,,1.0,2.0,2.0,,,,,False,,,,,
1641998,1610612747,Trey Jemison III,Trey Jemison III,1641998,LAL,11261.0,188.0,7,375.0,373,129.0,132.0,42.0,748,19.0,26.0,3.0,6.0,10.0,12.0,4.0,12.0,,,,,,,,,,,,,23.0,38.0,,,4.0,50.0,429,5.0,9.0,,,11.0,12.0,15.0,,,3.0,27.0,38.0,8.0,,,,,,3.0,,,4.0,4.0,2.0,2.0,,,,12.0,6.0,10.0,16.0,13.0,3.0,32.0,16.0,48.0,,1.0,1.0,,4.0,,2.0,4.0,,2.0,1.0,,8.0,1.0,1.0,22.0,37.0,2.0,,1.0,7.0,,1.0,,10.0,,,3.0,2.0,8.0,3.0,5.0,8.0,4.0,2.0,27.0,129.0,4.0,2.0,0.8260869565217391,0.95,,,,,,0.6052631578947368,0.5555555555555556,0.8,0.6052631578947368,0.5555555555555556,0.8,0.5813953488372093,0.55,0.7105263157894737,,,0.07894736842105263,0.07692307692307693,0.08333333333333333,,12.056737588652481,0.5,0.2727272727272727,0.15853658536585366,0.12195121951219512,0.13675213675213677,0.08955223880597014,0.1457286432160804,0.10738255033557047,0.20833333333333334,0.09523809523809523,0.11320754716981132,,0.13793103448275862,0.16666666666666666,0.17647058823529413,0.13095238095238096,0.15151515151515152,,0.5,0.6842105263157895,0.7307692307692307,0.7916666666666666,0.8421052631578947,0.3157894736842105,0.3333333333333333,0.36363636363636365,0.75,,,,,,,,,,,,,0.6666666666666666,0.5,,,,,0.8,0.8333333333333334,,,,,0.6842105263157895,,0.5421657894736841,0.5314,0.5476266666666666,0.07317073170731707,0.07317073170731707,0.22,0.54,3.878947368421052,,0.344,,,1.0,6.0,,5.0,,2.0,,0.0625,,,,,,,,,,,False,,,,,
1629216,1610612747,Gabe Vincent,Gabe Vincent,1629216,LAL,61073.0,1018.0,-1,2066.0,2068,493.0,550.0,196.0,4134,20.0,30.0,1.0,1.0,5.0,8.0,15.0,34.0,11.0,23.0,28.0,69.0,4.0,13.0,40.0,133.0,5.0,14.0,12.0,40.0,46.0,87.0,68.0,202.0,9.0,305.0,2307,3.0,3.0,7.0,18.0,27.0,7.0,16.0,16.0,53.0,7.0,69.0,56.0,36.0,180.0,24.0,2.0,131.0,40.0,6.0,1.0,46.0,34.0,80.0,18.0,16.0,28.0,14.0,4.0,194.0,1.0,7.0,23.0,17.0,1.0,41.0,8.0,49.0,3.0,29.0,16.0,13.0,16.0,7.0,14.0,16.0,1.0,2.0,1.0,,32.0,1.0,7.0,55.0,96.0,1.0,,6.0,33.0,9.0,2.0,6.0,12.0,,,2.0,4.0,10.0,2.0,8.0,10.0,5.0,,67.0,487.0,7.0,3.0,0.6086956521739131,0.6222222222222222,0.8823529411764706,0.33663366336633666,0.3888888888888889,0.3018867924528302,0.34,0.5287356321839081,1.0,0.4375,0.5121107266435986,0.6428571428571429,0.4492753623188406,0.5169491525423728,0.6428571428571429,0.4726027397260274,0.698961937716263,0.0049504950495049506,0.06896551724137931,,0.11764705882352941,0.014492753623188406,14.248366013071896,0.5,0.02127659574468085,0.035864978902953586,0.015418502202643172,0.046,0.002036659877800407,0.04106776180698152,0.008465608465608466,0.016260162601626018,0.01680672268907563,0.002652519893899204,,0.03333333333333333,0.04,0.02702702702702703,0.03636363636363636,0.0782608695652174,0.018633540372670808,0.5,0.10380622837370242,0.6666666666666666,0.6666666666666666,0.7,0.11764705882352941,0.4411764705882353,0.5,0.6,0.07958477508650519,0.4782608695652174,0.5238095238095238,0.45454545454545453,0.23875432525951557,0.4057971014492754,0.4117647058823529,1.0,0.4602076124567474,0.3007518796992481,0.3007518796992481,0.8,0.047619047619047616,1.0,,0.6666666666666666,0.35714285714285715,1.0,0.11594202898550725,0.625,0.18840579710144928,0.3076923076923077,0.5797101449275363,0.3,0.8027681660899654,0.3053435114503817,0.5302447735191638,0.5268166666666666,0.5175552238805972,0.006872852233676976,0.02247191011235955,0.08852459016393442,0.2262295081967213,8.868965517241378,25.64059405940594,0.23862536302032913,2.0,4.0,,2.0,,4.0,,,,0.010752688172043012,0.19047619047619047,0.5,1.0,,,,,0.08695652173913043,,,False,,,,,
1630692,1610612747,Jordan Goodwin,Jordan Goodwin,1630692,LAL,21162.0,353.0,-17,714.0,720,195.0,202.0,90.0,1434,11.0,20.0,4.0,8.0,2.0,4.0,11.0,21.0,4.0,8.0,11.0,20.0,1.0,3.0,8.0,24.0,,2.0,2.0,7.0,26.0,49.0,19.0,44.0,6.0,115.0,829,7.0,12.0,1.0,3.0,18.0,5.0,10.0,3.0,10.0,5.0,24.0,22.0,30.0,54.0,3.0,,24.0,8.0,4.0,1.0,14.0,11.0,25.0,9.0,2.0,8.0,6.0,,61.0,13.0,10.0,21.0,22.0,2.0,45.0,24.0,69.0,2.0,21.0,10.0,11.0,8.0,3.0,5.0,6.0,1.0,3.0,,,14.0,1.0,2.0,22.0,27.0,,,1.0,8.0,,2.0,3.0,7.0,1.0,,1.0,3.0,9.0,5.0,3.0,9.0,4.0,,22.0,193.0,1.0,2.0,0.4230769230769231,0.55,0.9473684210526315,0.4318181818181818,0.3333333333333333,0.3,0.4318181818181818,0.5306122448979592,0.5833333333333334,0.5,0.5860215053763441,0.5666666666666667,0.475,0.5989583333333334,0.5625,0.5217391304347826,0.4731182795698925,0.022727272727272728,0.08163265306122448,0.1,0.09523809523809523,,13.447432762836186,0.5714285714285714,0.09523809523809523,0.15384615384615385,0.05952380952380952,0.11538461538461539,0.07878787878787878,0.13230769230769232,0.06906906906906907,0.08928571428571429,0.038461538461538464,0.08403361344537816,0.06521739130434782,0.125,0.11267605633802817,0.3333333333333333,0.112,0.12280701754385964,0.047619047619047616,0.4444444444444444,0.21505376344086022,0.55,0.6111111111111112,0.2727272727272727,0.22580645161290322,0.5238095238095238,0.5789473684210527,0.6363636363636364,0.08602150537634409,0.5,0.5,0.25,0.21505376344086022,0.55,0.55,1.0,0.25806451612903225,0.3333333333333333,0.34782608695652173,0.875,0.5333333333333333,0.5,,0.13333333333333333,,,0.2,0.5,0.15,0.3333333333333333,0.35,0.2857142857142857,0.6881720430107527,0.3333333333333333,0.5333569892473117,0.5462374999999999,0.5275500000000001,0.010752688172043012,0.02040816326530612,0.1565217391304348,0.20869565217391303,6.944897959183671,24.63636363636363,0.27310924369747897,1.0,1.0,1.0,12.0,1.0,,,,0.05555555555555555,0.058823529411764705,0.06666666666666667,1.0,1.0,,,,,,,,False,0.041666666666666664,,1.0,,
203076,1610612747,Anthony Davis,Anthony Davis,203076,LAL,55993.0,933.0,-28,1873.0,1880,395.0,341.0,173.0,3753,122.0,168.0,33.0,53.0,29.0,42.0,72.0,168.0,37.0,85.0,,9.0,,3.0,21.0,57.0,,2.0,7.0,17.0,231.0,421.0,21.0,66.0,133.0,658.0,2178,38.0,69.0,,2.0,93.0,49.0,81.0,7.0,20.0,36.0,155.0,276.0,186.0,63.0,,,57.0,21.0,17.0,,53.0,42.0,95.0,30.0,12.0,34.0,15.0,4.0,232.0,23.0,50.0,111.0,124.0,14.0,249.0,74.0,323.0,10.0,35.0,24.0,11.0,37.0,9.0,21.0,23.0,5.0,16.0,,,60.0,5.0,12.0,34.0,60.0,,,6.0,130.0,1.0,12.0,2.0,168.0,22.0,2.0,79.0,14.0,54.0,19.0,33.0,57.0,36.0,,153.0,391.0,1.0,11.0,0.5974025974025974,0.6831683168316832,1.0,0.3181818181818182,,0.35,0.3181818181818182,0.5486935866983373,0.5507246376811594,0.6049382716049383,0.5390143737166324,0.5352112676056338,0.5891089108910891,0.5885509838998211,0.58125,0.62,0.13552361396303902,,0.040380047505938245,0.02976190476190476,0.05952380952380952,,29.797492767598847,0.6166666666666667,0.34146341463414637,0.2799097065462754,0.11286681715575621,0.24288840262582057,0.06182795698924731,0.2611111111111111,0.08957055214723926,0.1721311475409836,0.1111111111111111,0.06859205776173286,0.042105263157894736,0.2733812949640288,0.27983539094650206,0.29508196721311475,0.2257142857142857,0.29906542056074764,0.046296296296296294,0.631578947368421,0.34496919917864477,0.7261904761904762,0.7484662576687117,0.5655737704918032,0.34496919917864477,0.42857142857142855,0.45569620253164556,0.625,0.17453798767967146,0.43529411764705883,0.4457831325301205,0.6486486486486487,0.018480492813141684,,,,0.11704312114989733,0.3684210526315789,0.3684210526315789,1.0,0.7464788732394366,0.6226415094339622,0.09090909090909091,0.028169014084507043,,,0.4158415841584158,0.6904761904761905,0.0297029702970297,,0.16831683168316833,0.4117647058823529,0.4804928131416838,0.3684210526315789,0.5177186858316221,0.5692075471698113,0.5451975247524752,0.14678899082568808,0.16527196652719664,0.1413373860182371,0.23556231003039513,7.4990498812351545,25.875757575757582,0.21089161772557394,,,17.0,58.0,1.0,10.0,,1.0,0.020833333333333332,0.041666666666666664,,,,,3.0,2.0,1.0,0.023529411764705882,1.0,0.014925373134328358,False,,1.0,2.0,,1.0
1642261,1610612747,Dalton Knecht,Dalton Knecht,1642261,LAL,62104.0,1035.0,-120,2045.0,2052,466.0,453.0,217.0,4097,61.0,83.0,8.0,13.0,14.0,20.0,24.0,54.0,9.0,18.0,30.0,68.0,5.0,8.0,54.0,162.0,6.0,15.0,11.0,35.0,94.0,155.0,84.0,230.0,48.0,488.0,2431,13.0,22.0,9.0,23.0,60.0,19.0,32.0,16.0,43.0,12.0,98.0,138.0,50.0,231.0,21.0,,162.0,54.0,14.0,3.0,25.0,21.0,46.0,13.0,8.0,13.0,11.0,1.0,113.0,19.0,6.0,72.0,42.0,13.0,127.0,25.0,152.0,7.0,17.0,13.0,4.0,15.0,1.0,11.0,9.0,3.0,4.0,,,24.0,2.0,6.0,49.0,73.0,1.0,,3.0,44.0,,3.0,1.0,64.0,3.0,3.0,22.0,3.0,4.0,3.0,1.0,5.0,1.0,,98.0,464.0,4.0,3.0,0.7340425531914894,0.7752808988764045,0.9166666666666666,0.3652173913043478,0.391304347826087,0.37209302325581395,0.3652173913043478,0.6064516129032258,0.5909090909090909,0.59375,0.5714285714285714,0.5888888888888889,0.5733333333333334,0.5912408759124088,0.6145833333333334,0.6049382716049383,0.5974025974025974,0.013043478260869565,0.09032258064516129,0.07228915662650602,0.14814814814814814,0.014705882352941176,18.872017353579174,0.625,0.25,0.09251101321585903,0.012605042016806723,0.1366223908918406,0.040169133192389,0.1162079510703364,0.026343519494204427,0.013157894736842105,0.012658227848101266,0.042134831460674156,0.03418803418803419,0.03896103896103896,0.1210762331838565,0.11688311688311688,0.14393939393939395,0.11450381679389313,0.0374331550802139,0.2,0.21558441558441557,0.7349397590361446,0.7922077922077922,0.7540983606557377,0.14025974025974025,0.4444444444444444,0.5217391304347826,0.7083333333333334,0.046753246753246755,0.5,0.5,0.6666666666666666,0.17662337662337663,0.4411764705882353,0.44776119402985076,1.0,0.42077922077922075,0.3333333333333333,0.3375,0.8703703703703703,0.28888888888888886,0.6153846153846154,0.25,0.3333333333333333,0.4,1.0,0.26666666666666666,0.7,0.10666666666666667,0.625,0.4666666666666667,0.3142857142857143,0.812987012987013,0.3333333333333333,0.5517029947916667,0.5526208333333333,0.543352027027027,0.06372549019607843,0.12643678160919541,0.12295081967213115,0.20081967213114754,5.961290322580645,25.599130434782605,0.2278728606356968,3.0,8.0,7.0,10.0,,4.0,,,,0.011494252873563218,0.17777777777777778,0.375,1.0,,1.0,1.0,,,4.0,0.017094017094017096,False,0.012345679012345678,,,,
1629629,1610612747,Cam Reddish,Cam Reddish,1629629,LAL,23586.0,393.0,-92,792.0,806,174.0,139.0,77.0,1598,12.0,21.0,1.0,2.0,5.0,10.0,2.0,11.0,1.0,1.0,5.0,15.0,,2.0,5.0,19.0,,3.0,2.0,6.0,15.0,33.0,10.0,34.0,10.0,70.0,952,1.0,3.0,,5.0,2.0,5.0,11.0,2.0,8.0,5.0,21.0,16.0,14.0,30.0,,,19.0,5.0,5.0,,7.0,4.0,11.0,1.0,3.0,6.0,1.0,,26.0,2.0,8.0,20.0,14.0,3.0,37.0,11.0,48.0,2.0,21.0,11.0,10.0,5.0,,3.0,2.0,1.0,2.0,,,7.0,1.0,3.0,20.0,28.0,,,1.0,14.0,,1.0,1.0,14.0,2.0,,6.0,2.0,5.0,,5.0,5.0,1.0,,19.0,173.0,,1.0,0.5333333333333333,0.5714285714285714,1.0,0.29411764705882354,,0.25,0.29411764705882354,0.45454545454545453,0.3333333333333333,0.45454545454545453,0.44776119402985076,0.125,0.42105263157894735,0.4794520547945205,0.125,0.45652173913043476,0.5074626865671642,,0.15151515151515152,0.14285714285714285,0.18181818181818182,,9.070294784580499,0.7142857142857143,0.15,0.07179487179487179,0.041237113402061855,0.11049723756906077,0.011299435028248588,0.09042553191489362,0.026954177897574125,0.06349206349206349,0.022222222222222223,0.015151515151515152,,0.05970149253731343,0.09090909090909091,0.034482758620689655,0.11724137931034483,0.08333333333333333,0.05714285714285714,0.2,0.31343283582089554,0.5714285714285714,0.6666666666666666,0.5,0.16417910447761194,0.18181818181818182,0.2222222222222222,0.5,0.014925373134328358,1.0,1.0,1.0,0.22388059701492538,0.3333333333333333,0.3333333333333333,1.0,0.2835820895522388,0.2631578947368421,0.2631578947368421,1.0,0.25,0.5,,0.375,,,0.5263157894736842,0.5,0.10526315789473684,,0.3157894736842105,0.3333333333333333,0.8208955223880597,0.2631578947368421,0.5610969696969698,0.6370625,0.5955131578947368,0.08450704225352113,0.16216216216216217,0.02857142857142857,0.3,4.533333333333333,24.758823529411764,0.2196969696969697,,2.0,,2.0,1.0,,,,0.058823529411764705,0.04878048780487805,0.25,,,,,,,,,,False,,,,,
1631132,1610612747,Christian Koloko,Christian Koloko,1631132,LAL,12635.0,211.0,-27,423.0,422,142.0,142.0,55.0,845,24.0,35.0,4.0,8.0,10.0,15.0,3.0,8.0,1.0,2.0,,1.0,,,,1.0,,,,1.0,28.0,45.0,,2.0,5.0,61.0,464,5.0,11.0,,1.0,12.0,12.0,17.0,,1.0,2.0,26.0,46.0,10.0,,,,1.0,,6.0,,8.0,6.0,14.0,4.0,2.0,5.0,2.0,1.0,34.0,8.0,17.0,15.0,20.0,2.0,37.0,25.0,62.0,1.0,2.0,1.0,1.0,3.0,1.0,2.0,5.0,1.0,1.0,,,8.0,2.0,3.0,21.0,24.0,,,,12.0,,4.0,,6.0,,,3.0,,6.0,2.0,4.0,6.0,2.0,,26.0,141.0,,,0.8214285714285714,0.92,,,,,,0.6222222222222222,0.45454545454545453,0.7058823529411765,0.5957446808510638,0.4166666666666667,0.6666666666666666,0.61,0.46153846153846156,0.6842105263157895,0.0425531914893617,,0.13333333333333333,0.14285714285714285,0.125,,11.958762886597938,0.375,0.2222222222222222,0.21052631578947367,0.14912280701754385,0.15463917525773196,0.07339449541284404,0.18229166666666666,0.11210762331838565,0.15789473684210525,0.18181818181818182,0.06493506493506493,0.09375,0.2926829268292683,0.1282051282051282,0.2,0.17333333333333334,0.09090909090909091,0.07692307692307693,0.3333333333333333,0.7446808510638298,0.6857142857142857,0.8,0.9166666666666666,0.1702127659574468,0.375,0.42857142857142855,0.3333333333333333,0.0425531914893617,0.5,0.5,,0.02127659574468085,,,,0.02127659574468085,,,,0.6666666666666666,0.5,0.5,,,,0.8333333333333334,0.6666666666666666,,,0.05555555555555555,,0.7872340425531915,,0.6126265957446808,0.5603222222222223,0.679925,0.06,0.0625,0.19672131147540983,0.4262295081967213,3.4622222222222225,24.5,0.33569739952718675,,1.0,2.0,6.0,,2.0,,,,0.047619047619047616,0.08333333333333333,,,2.0,,,,,,,False,,,,,
202693,1610612747,Markieff Morris,Markieff Morris,202693,LAL,5056.0,84.0,7,175.0,173,46.0,68.0,16.0,348,1.0,6.0,,1.0,1.0,6.0,3.0,8.0,,2.0,,6.0,,1.0,6.0,14.0,,2.0,1.0,3.0,4.0,16.0,6.0,20.0,5.0,31.0,197,,2.0,,2.0,,1.0,8.0,1.0,4.0,2.0,7.0,4.0,4.0,18.0,,,14.0,6.0,2.0,,6.0,4.0,10.0,3.0,1.0,4.0,2.0,,24.0,1.0,2.0,1.0,6.0,1.0,8.0,3.0,11.0,1.0,,,,1.0,,,,,1.0,,,1.0,,,5.0,10.0,,,,4.0,,,,6.0,,,3.0,,1.0,1.0,,1.0,1.0,,7.0,46.0,3.0,,0.5,0.5,1.0,0.3,,0.25,0.3,0.25,,0.125,0.3611111111111111,,0.20833333333333334,0.3974358974358974,,0.2692307692307692,0.5555555555555556,,0.125,0.3333333333333333,,,20.72538860103627,1.0,0.125,0.1875,0.05128205128205128,0.023255813953488372,0.025,0.09333333333333334,0.0379746835443038,0.07142857142857142,0.0625,,0.1,,0.29411764705882354,0.16666666666666666,0.03225806451612903,,0.041666666666666664,1.0,0.16666666666666666,0.16666666666666666,0.25,1.0,0.2222222222222222,0.375,0.375,0.3333333333333333,0.05555555555555555,,,,0.16666666666666666,,,,0.3888888888888889,0.42857142857142855,0.42857142857142855,1.0,0.25,,,0.5,,,0.5,0.16666666666666666,0.08333333333333333,,0.25,0.3333333333333333,0.7222222222222222,0.42857142857142855,0.5292402777777778,0.536475,0.55605,0.07692307692307693,0.15789473684210525,,0.22580645161290322,9.0,24.985,0.26285714285714284,,,,,,1.0,,,,,,,,,,,,,,,False,,,,,
203458,1610612747,Alex Len,Alex Len,203458,LAL,6112.0,102.0,-35,205.0,211,35.0,50.0,26.0,416,4.0,9.0,2.0,4.0,2.0,2.0,3.0,7.0,,,1.0,1.0,1.0,1.0,,1.0,,,,,7.0,16.0,1.0,2.0,1.0,18.0,265,2.0,4.0,,,5.0,4.0,4.0,1.0,1.0,1.0,12.0,10.0,4.0,3.0,,,1.0,,3.0,,4.0,3.0,7.0,2.0,1.0,2.0,1.0,1.0,17.0,5.0,8.0,7.0,7.0,1.0,15.0,13.0,28.0,1.0,1.0,1.0,,3.0,1.0,3.0,2.0,1.0,,,,5.0,,1.0,10.0,15.0,,,,2.0,,,,4.0,,,1.0,1.0,2.0,2.0,,2.0,1.0,,12.0,35.0,1.0,1.0,0.7142857142857143,0.8333333333333334,1.0,0.5,,1.0,0.5,0.4375,0.5,1.0,0.4722222222222222,0.5,1.1,0.45,0.5,0.8571428571428571,0.1111111111111111,,0.1875,0.2222222222222222,0.14285714285714285,,10.683760683760685,0.6,0.14285714285714285,0.21212121212121213,0.1702127659574468,0.1076923076923077,0.08928571428571429,0.14285714285714285,0.1262135922330097,0.14285714285714285,0.25,0.04878048780487805,0.2,0.1111111111111111,0.3,,0.11627906976744186,0.09090909090909091,0.14285714285714285,0.5,0.5,0.4444444444444444,0.5714285714285714,0.75,0.3888888888888889,0.42857142857142855,0.5,0.6666666666666666,,,,,0.05555555555555555,1.0,1.0,1.0,0.05555555555555555,,,,1.0,0.5,0.5,,,,0.4,1.0,0.2,1.0,,,0.6111111111111112,,0.5541666666666667,0.60835,0.55809,0.05263157894736842,0.058823529411764705,0.2777777777777778,0.6666666666666666,4.10625,24.75,0.17073170731707318,,,1.0,2.0,,3.0,1.0,,,,,,,,,,,,,,False,,,,,
1631108,1610612747,Max Christie,Max Christie,1631108,LAL,53538.0,892.0,-5,1786.0,1807,367.0,355.0,159.0,3593,36.0,43.0,1.0,2.0,7.0,8.0,14.0,44.0,1.0,8.0,27.0,63.0,4.0,8.0,25.0,77.0,2.0,7.0,6.0,18.0,51.0,95.0,52.0,140.0,55.0,313.0,2060,2.0,9.0,3.0,9.0,17.0,12.0,17.0,10.0,26.0,16.0,70.0,68.0,34.0,147.0,9.0,3.0,74.0,25.0,15.0,1.0,22.0,31.0,53.0,20.0,11.0,15.0,4.0,3.0,137.0,7.0,5.0,42.0,35.0,1.0,78.0,12.0,90.0,1.0,24.0,19.0,5.0,25.0,1.0,13.0,7.0,2.0,12.0,1.0,,32.0,1.0,8.0,37.0,57.0,,,3.0,45.0,,3.0,1.0,64.0,9.0,,33.0,3.0,12.0,3.0,8.0,14.0,7.0,,70.0,364.0,3.0,3.0,0.6666666666666666,0.6666666666666666,0.9423076923076923,0.37142857142857144,0.3333333333333333,0.38461538461538464,0.3795620437956204,0.5368421052631579,0.2222222222222222,0.7058823529411765,0.548936170212766,0.3611111111111111,0.627906976744186,0.5973282442748091,0.425,0.6730769230769231,0.5957446808510638,0.007142857142857143,0.15789473684210525,0.046511627906976744,0.29545454545454547,,14.803625377643504,0.78125,0.027777777777777776,0.08120649651972157,0.012315270935960592,0.09767441860465116,0.018134715025906734,0.08943089430894309,0.015151515151515152,,0.009302325581395349,0.02097902097902098,0.01,0.07352941176470588,0.084,0.08888888888888889,0.09597523219814241,0.102803738317757,0.00909090909090909,0.5,0.1829787234042553,0.8372093023255814,0.8780487804878049,0.75,0.18723404255319148,0.3181818181818182,0.45161290322580644,0.42857142857142855,0.03404255319148936,0.125,0.125,1.0,0.2680851063829787,0.42857142857142855,0.42857142857142855,0.9259259259259259,0.3276595744680851,0.3246753246753247,0.32894736842105265,0.96,0.1111111111111111,0.5,,0.3888888888888889,0.2857142857142857,1.0,0.18604651162790697,0.875,0.18604651162790697,0.5,0.4186046511627907,0.3333333333333333,0.7787234042553192,0.33783783783783783,0.5561967532467532,0.5190363636363636,0.534924358974359,0.13127413127413126,0.2773109243697479,0.054313099041533544,0.22364217252396165,5.79684210526316,25.303571428571434,0.20548712206047032,1.0,2.0,4.0,,,2.0,,,,0.037037037037037035,0.1111111111111111,0.5,1.0,,2.0,1.0,1.0,,1.0,0.007142857142857143,False,0.012987012987012988,,1.0,1.0,
1642355,1610612747,Bronny James,Bronny James,1642355,LAL,7674.0,128.0,-48,258.0,264,102.0,139.0,30.0,522,4.0,6.0,,1.0,1.0,2.0,4.0,12.0,2.0,4.0,2.0,6.0,1.0,3.0,5.0,20.0,,,4.0,9.0,10.0,22.0,7.0,26.0,9.0,50.0,308,,1.0,,,3.0,4.0,6.0,5.0,12.0,3.0,26.0,8.0,12.0,15.0,6.0,,20.0,5.0,2.0,,10.0,3.0,13.0,3.0,,8.0,2.0,,29.0,2.0,1.0,6.0,4.0,,10.0,3.0,13.0,,5.0,3.0,2.0,6.0,1.0,5.0,4.0,3.0,1.0,,,10.0,,6.0,7.0,10.0,,,,8.0,,,,12.0,1.0,1.0,6.0,,3.0,3.0,,3.0,1.0,,26.0,101.0,3.0,,0.4,0.4,0.7142857142857143,0.2692307692307692,,0.4166666666666667,0.2692307692307692,0.45454545454545453,,0.6666666666666666,0.4270833333333333,,0.6388888888888888,0.46226415094339623,0.375,0.65,0.5416666666666666,,0.09090909090909091,0.16666666666666666,0.08333333333333333,,21.42857142857143,0.6,,0.07692307692307693,0.016666666666666666,0.09230769230769231,0.029411764705882353,0.08547008547008547,0.0234375,0.05,,0.018867924528301886,0.06666666666666667,0.047619047619047616,0.09090909090909091,0.1111111111111111,0.0851063829787234,0.1111111111111111,,0.3333333333333333,0.125,0.6666666666666666,0.8,,0.25,0.3333333333333333,0.36363636363636365,0.75,0.08333333333333333,0.5,0.5,0.5,0.125,0.3333333333333333,0.3333333333333333,1.0,0.4166666666666667,0.25,0.25,0.6,1.0,,,,,,0.1111111111111111,0.5,0.16666666666666666,0.3333333333333333,0.5,0.4444444444444444,0.6666666666666666,0.25,0.49259895833333345,,0.4961055555555556,0.11320754716981132,0.2222222222222222,0.06,0.52,7.759090909090909,25.796153846153842,0.3953488372093023,,,3.0,,,,,1.0,,,,,,,,,,,,,False,,,,,
1642422,1610612747,Armel Traoré,Armel Traoré,1642422,LAL,2830.0,47.0,-31,99.0,96,57.0,37.0,13.0,195,2.0,5.0,,,1.0,3.0,,2.0,,,,5.0,,1.0,,1.0,,,,1.0,2.0,7.0,,6.0,1.0,5.0,111,,,,1.0,,1.0,4.0,,2.0,1.0,3.0,4.0,,,,,1.0,,1.0,,,1.0,1.0,1.0,,,,,3.0,,,5.0,2.0,2.0,9.0,1.0,10.0,,3.0,1.0,2.0,2.0,,,,,2.0,,,2.0,1.0,2.0,,4.0,,,,3.0,,1.0,,4.0,,,,2.0,1.0,1.0,,1.0,,,3.0,57.0,2.0,2.0,1.0,1.0,,,,,,0.2857142857142857,,0.25,0.15384615384615385,,0.16666666666666666,0.16666666666666666,,0.1875,0.46153846153846156,,0.14285714285714285,0.2,,,15.04424778761062,1.0,0.5,0.13333333333333333,,0.2631578947368421,,0.20588235294117646,,,,,,0.16666666666666666,0.14285714285714285,,0.25,0.3333333333333333,,,0.38461538461538464,0.4,0.5,1.0,0.15384615384615385,,,,,,,,0.38461538461538464,,,,0.07692307692307693,,,,,,,,,,0.5,0.3333333333333333,0.16666666666666666,,0.16666666666666666,,0.8461538461538461,,0.6163423076923078,,0.64015,,,,0.6,3.042857142857143,23.566666666666663,0.5757575757575758,,1.0,,,1.0,,,,0.14285714285714285,,1.0,,,,,,,,,,False,,,,,
1642439,1610612747,Quincy Olivari,Quincy Olivari,1642439,LAL,481.0,8.0,-16,17.0,16,,10.0,4.0,33,,,,,,,,,,,,1.0,,,1.0,4.0,,,,,,,1.0,5.0,,3.0,23,,,,,,,,,,,,,,3.0,,,4.0,1.0,,,1.0,,1.0,,,1.0,,,2.0,,,,,,,,,,,,,,1.0,,1.0,,,,,1.0,,,,,,,,1.0,,,,,,,,,,,,,,,,,,,,,1.0,0.2,,,0.2,,,,0.3,,,0.3,,,1.0,,,,,,28.571428571428573,,,,,,,,,,,,,,,,,,,,,,,,,,,,,,,,0.2,,,,0.8,0.25,0.25,1.0,,,,,,,,,,,,,1.0,0.25,0.52974,,,,,,,,25.9,,,,,,,,,,,,,,,,,,,,,,False,,,,,
1641720,1610612747,Jalen Hood-Schifino,Jalen Hood-Schifino,1641720,LAL,848.0,14.0,8,32.0,29,17.0,18.0,2.0,61,,,,,,,,,1.0,1.0,,,,,,,,,,,1.0,1.0,,,2.0,4.0,30,,,,,,1.0,1.0,,,2.0,4.0,,2.0,,,,,,,,1.0,,1.0,,,,1.0,,2.0,,1.0,,,,,1.0,1.0,,,,,1.0,,,,,1.0,,,1.0,,1.0,2.0,3.0,,,,2.0,,,,2.0,,,,1.0,1.0,,1.0,1.0,,,4.0,17.0,,1.0,,,,,,,,1.0,,1.0,1.0,,1.0,1.0,,1.0,,,,,,,8.823529411764705,1.0,,,0.14285714285714285,,,,0.09090909090909091,,,,,,,,,,,,,,,,,,,,1.0,1.0,1.0,,,,,,,,,,,,,,,,,,,,,,,,0.4493,,0.4493,,,,1.0,15.5,,0.53125,,,,,,,,,,0.3333333333333333,,,,,,,,,,,False,,,,,
1641721,1610612747,Maxwell Lewis,Maxwell Lewis,1641721,LAL,1383.0,23.0,-27,48.0,45,30.0,21.0,6.0,93,,,,,,,,,,2.0,,,,,,,,,,,,2.0,,,,,58,,,,,,,1.0,,,,,,,,,,,,,,1.0,1.0,2.0,1.0,,1.0,,,5.0,1.0,,,,,,1.0,1.0,,1.0,1.0,,,,,2.0,2.0,,,,2.0,,1.0,1.0,1.0,,,,,,,,,,,,,,,,,,,,30.0,,,,,,,,,,,,,,,,,,,,,,,,,7.4074074074074066,,,,,,0.07692307692307693,,0.037037037037037035,,,0.08333333333333333,,,,,,,,,,,,,,,,,1.0,,,,,,,,,,,,,,,,,,,,,,,,,,0.37715,,0.3503,,,,,20.3,,0.625,,,,,,,,,,,,,,,,,,,,,False,,,,,
1626156,1610612751,D'Angelo Russell,D'Angelo Russell,1626156,BKN,37764.0,629.0,-10,1260.0,1237,262.0,248.0,172.0,2497,19.0,25.0,1.0,2.0,1.0,3.0,36.0,82.0,5.0,18.0,3.0,15.0,,3.0,48.0,156.0,6.0,21.0,10.0,36.0,60.0,125.0,51.0,171.0,72.0,345.0,1404,2.0,7.0,8.0,25.0,30.0,4.0,14.0,10.0,39.0,23.0,61.0,56.0,64.0,75.0,78.0,1.0,155.0,48.0,5.0,,83.0,62.0,145.0,36.0,26.0,65.0,12.0,6.0,352.0,8.0,2.0,26.0,32.0,2.0,60.0,10.0,70.0,3.0,29.0,18.0,11.0,34.0,10.0,23.0,16.0,2.0,11.0,1.0,,50.0,4.0,10.0,28.0,56.0,,,2.0,75.0,,2.0,2.0,87.0,5.0,3.0,32.0,6.0,14.0,7.0,7.0,18.0,7.0,1.0,61.0,262.0,2.0,6.0,0.4666666666666667,0.4666666666666667,0.49019607843137253,0.2982456140350877,0.32,0.2564102564102564,0.3,0.48,0.2857142857142857,0.2857142857142857,0.46114864864864863,0.4375,0.3584905660377358,0.516566265060241,0.4393939393939394,0.45454545454545453,0.5777027027027027,,0.04,0.08,0.036585365853658534,,26.039536468984323,0.68,0.06896551724137931,0.10158730158730159,0.006557377049180328,0.08996539792387544,0.02359882005899705,0.09602649006622517,0.015527950310559006,,0.012658227848101266,0.02032520325203252,0.03225806451612903,0.0948905109489051,0.11347517730496454,0.08108108108108109,0.09230769230769231,0.0851063829787234,0.017241379310344827,0.3888888888888889,0.08445945945945946,0.76,0.8260869565217391,0.631578947368421,0.27702702702702703,0.43902439024390244,0.45569620253164556,0.3333333333333333,0.060810810810810814,0.2777777777777778,0.2777777777777778,0.8,0.05067567567567568,0.2,0.2,0.6666666666666666,0.527027027027027,0.3076923076923077,0.3076923076923077,0.4791666666666667,0.0625,0.5,1.0,0.65625,0.2857142857142857,0.5,0.05660377358490566,0.3333333333333333,0.05660377358490566,,0.6792452830188679,0.2777777777777778,0.6621621621621622,0.3096774193548387,0.5066925423728813,0.52451,0.4746518867924529,0.11349693251533742,0.21052631578947367,0.08695652173913043,0.17681159420289855,8.5816,26.28654970760235,0.20793650793650795,2.0,4.0,2.0,,,2.0,,,,,0.125,0.5,0.5,,4.0,2.0,2.0,,5.0,0.028735632183908046,True,,,,2.0,
1627732,1610612751,Ben Simmons,Ben Simmons,1627732,BKN,1020.0,17.0,9,32.0,31,9.0,7.0,4.0,63,1.0,2.0,,,,,,1.0,,,,,,,,,,,,,1.0,3.0,,,,2.0,27,,,,,,,,,,,,2.0,,,,,,,,,3.0,1.0,4.0,1.0,,1.0,1.0,1.0,9.0,,,3.0,,,3.0,,3.0,,,,,,,,1.0,,,,,1.0,,,1.0,4.0,,,1.0,,,,,,,,,,,,,1.0,1.0,,,9.0,1.0,,1.0,1.0,,,,,,0.3333333333333333,,,0.3333333333333333,,,0.3333333333333333,,,,,,,,,10.81081081081081,,,,,0.3,,0.125,,,,,,,,,0.2222222222222222,1.0,,1.0,0.6666666666666666,0.5,0.5,1.0,0.3333333333333333,,,,,,,,,,,,,,,,,,,,,,,,,,,,0.6666666666666666,,0.5994333333333334,,,,,,,4.033333333333333,,0.28125,,,,,,,,,,,,,,,1.0,1.0,,,,,True,,,,,
1629651,1610612751,Nic Claxton,Nic Claxton,1629651,BKN,26295.0,438.0,-68,880.0,872,165.0,157.0,100.0,1752,66.0,88.0,19.0,27.0,7.0,9.0,8.0,35.0,1.0,3.0,,2.0,,,,1.0,,,,,75.0,126.0,,3.0,19.0,169.0,1017,20.0,33.0,,,43.0,7.0,10.0,,,4.0,18.0,96.0,54.0,,,,1.0,,7.0,,19.0,11.0,30.0,10.0,1.0,4.0,11.0,4.0,71.0,16.0,26.0,42.0,39.0,7.0,88.0,42.0,130.0,5.0,13.0,7.0,6.0,7.0,3.0,4.0,13.0,1.0,3.0,2.0,3.0,20.0,2.0,3.0,12.0,32.0,,,4.0,34.0,1.0,5.0,1.0,28.0,2.0,,12.0,2.0,20.0,16.0,4.0,22.0,10.0,,18.0,165.0,3.0,2.0,0.64,0.7868852459016393,,,,,,0.5952380952380952,0.6060606060606061,0.7,0.5813953488372093,0.6060606060606061,0.7,0.599290780141844,0.5972222222222222,0.6923076923076923,0.023255813953488372,,0.05555555555555555,,0.2,,16.083916083916083,0.35,0.3684210526315789,0.17647058823529413,0.12440191387559808,0.2153846153846154,0.06694560669456066,0.19471153846153846,0.09375,0.1780821917808219,0.10185185185185185,0.07738095238095238,0.04225352112676056,0.15463917525773196,0.18947368421052632,0.20689655172413793,0.25547445255474455,0.1206896551724138,0.10869565217391304,0.45454545454545453,0.6821705426356589,0.75,0.75,0.6666666666666666,0.2713178294573643,0.22857142857142856,0.2857142857142857,0.375,0.023255813953488372,0.3333333333333333,0.3333333333333333,1.0,0.015503875968992248,,,,0.007751937984496124,,,,0.8181818181818182,0.7037037037037037,0.21052631578947367,,,,0.9,0.7777777777777778,,,,,0.7054263565891473,,0.5906127906976746,0.5710904761904763,0.5563300000000001,0.08633093525179857,0.08823529411764706,0.25443786982248523,0.10650887573964497,3.4063492063492062,23.96666666666667,0.1875,,,3.0,28.0,,7.0,,4.0,,0.07142857142857142,,,,,2.0,1.0,1.0,,,,True,,,,,
1629661,1610612751,Cameron Johnson,Cameron Johnson,1629661,BKN,17646.0,294.0,-31,588.0,576,102.0,110.0,80.0,1164,23.0,27.0,3.0,3.0,8.0,8.0,11.0,20.0,9.0,17.0,10.0,19.0,1.0,4.0,11.0,41.0,,1.0,2.0,5.0,43.0,64.0,21.0,60.0,21.0,170.0,686,7.0,9.0,,1.0,17.0,15.0,19.0,3.0,9.0,7.0,46.0,60.0,26.0,57.0,6.0,,41.0,11.0,2.0,,12.0,12.0,24.0,8.0,4.0,9.0,3.0,,60.0,8.0,3.0,21.0,11.0,,32.0,12.0,44.0,,9.0,7.0,2.0,11.0,1.0,4.0,5.0,1.0,7.0,1.0,,16.0,4.0,,10.0,16.0,1.0,,,20.0,,,,27.0,3.0,,10.0,4.0,3.0,1.0,2.0,4.0,1.0,,46.0,102.0,1.0,3.0,0.6976744186046512,0.75,0.9047619047619048,0.35,,0.3333333333333333,0.35,0.671875,0.7777777777777778,0.7894736842105263,0.6008064516129032,0.7,0.6964285714285714,0.625,0.7083333333333334,0.696969696969697,0.4838709677419355,,0.03125,0.07407407407407407,,,21.97962154294032,0.6875,,0.08148148148148149,0.020833333333333332,0.14189189189189189,0.047058823529411764,0.11307420494699646,0.03503184713375796,0.037037037037037035,,0.056910569105691054,0.02127659574468085,0.06779661016949153,0.08928571428571429,0.1,0.13541666666666666,0.15384615384615385,,0.25,0.21774193548387097,0.8518518518518519,0.92,0.8260869565217391,0.16129032258064516,0.55,0.55,0.6363636363636364,0.13709677419354838,0.5294117647058824,0.5294117647058824,0.4444444444444444,0.1532258064516129,0.5263157894736842,0.5263157894736842,1.0,0.33064516129032256,0.2682926829268293,0.2682926829268293,0.8181818181818182,0.3,1.0,,0.1,,,0.2857142857142857,1.0,0.14285714285714285,0.25,0.17857142857142858,0.4,0.7016129032258065,0.2682926829268293,0.5456673387096772,0.48155625,0.5160107142857143,0.08333333333333333,0.14084507042253522,0.1,0.27058823529411763,8.090625,25.86,0.17346938775510204,,,3.0,6.0,1.0,1.0,,,0.09090909090909091,0.041666666666666664,,,,,1.0,1.0,,,1.0,0.01639344262295082,True,,,,,
1630553,1610612751,Keon Johnson,Keon Johnson,1630553,BKN,20493.0,342.0,-16,695.0,679,152.0,123.0,78.0,1374,21.0,46.0,,3.0,5.0,11.0,5.0,19.0,2.0,7.0,9.0,22.0,2.0,3.0,14.0,31.0,1.0,4.0,4.0,7.0,28.0,72.0,23.0,53.0,17.0,142.0,768,,6.0,1.0,4.0,3.0,9.0,18.0,6.0,10.0,7.0,43.0,28.0,28.0,69.0,,,31.0,14.0,19.0,,22.0,7.0,29.0,4.0,3.0,20.0,2.0,,65.0,4.0,6.0,29.0,17.0,1.0,47.0,10.0,57.0,1.0,18.0,9.0,9.0,11.0,1.0,7.0,5.0,2.0,4.0,1.0,1.0,16.0,3.0,4.0,15.0,35.0,,,,18.0,2.0,1.0,,24.0,4.0,,14.0,,5.0,3.0,2.0,5.0,3.0,1.0,43.0,152.0,4.0,,0.5,0.5,1.0,0.4339622641509434,0.25,0.6,0.4339622641509434,0.3888888888888889,,0.5,0.5,0.15,0.6428571428571429,0.5259259259259259,0.15,0.6935483870967742,0.424,,0.2638888888888889,0.2608695652173913,0.3684210526315789,,19.089759797724398,0.6875,0.058823529411764705,0.10429447852760736,0.037037037037037035,0.1676300578034682,0.02197802197802198,0.13690476190476192,0.029069767441860465,0.06060606060606061,0.02564102564102564,0.031496062992125984,,0.08450704225352113,0.0945945945945946,0.2222222222222222,0.14655172413793102,0.21052631578947367,0.018867924528301886,0.6,0.368,0.45652173913043476,0.6176470588235294,0.5238095238095238,0.152,0.2631578947368421,0.4166666666666667,0.4,0.056,0.2857142857142857,0.2857142857142857,0.5,0.176,0.4090909090909091,0.4090909090909091,1.0,0.248,0.45161290322580644,0.45161290322580644,1.0,0.3,,,0.4,0.25,1.0,0.39285714285714285,0.45454545454545453,0.10714285714285714,0.6666666666666666,0.25,0.5714285714285714,0.792,0.45161290322580644,0.5504756000000001,0.458775,0.5028107142857143,0.1037037037037037,0.17073170731707318,0.02112676056338028,0.3028169014084507,5.1194444444444445,24.864150943396222,0.218705035971223,,,,,,1.0,,1.0,,,,,,,,,,,,,True,,,,,
1630533,1610612751,Ziaire Williams,Ziaire Williams,1630533,BKN,21997.0,367.0,-35,726.0,727,146.0,128.0,86.0,1453,18.0,30.0,3.0,7.0,5.0,7.0,5.0,11.0,,3.0,9.0,33.0,2.0,5.0,19.0,43.0,3.0,6.0,5.0,12.0,23.0,44.0,28.0,76.0,24.0,154.0,818,4.0,8.0,5.0,13.0,25.0,5.0,8.0,7.0,17.0,4.0,35.0,30.0,16.0,81.0,3.0,,43.0,19.0,7.0,1.0,12.0,8.0,20.0,5.0,3.0,10.0,1.0,1.0,48.0,7.0,9.0,19.0,26.0,6.0,51.0,16.0,67.0,1.0,13.0,11.0,2.0,9.0,1.0,3.0,5.0,1.0,6.0,,3.0,14.0,1.0,3.0,14.0,28.0,,,,23.0,,1.0,5.0,28.0,1.0,2.0,9.0,1.0,7.0,4.0,3.0,9.0,6.0,1.0,35.0,146.0,2.0,1.0,0.6521739130434783,0.7894736842105263,0.9642857142857143,0.3684210526315789,0.38461538461538464,0.4117647058823529,0.3684210526315789,0.5227272727272727,0.5,0.625,0.5416666666666666,0.5476190476190477,0.62,0.583969465648855,0.5681818181818182,0.6296296296296297,0.6333333333333333,0.013157894736842105,0.1590909090909091,0.2,0.09090909090909091,,17.490952955367916,0.6428571428571429,0.4,0.14444444444444443,0.04945054945054945,0.10555555555555556,0.03608247422680412,0.125,0.0425531914893617,0.03125,0.0425531914893617,0.0364963503649635,0.03508771929824561,0.11538461538461539,0.15853658536585366,0.2,0.088,0.14545454545454545,0.01694915254237288,0.6666666666666666,0.25,0.6,0.75,0.6666666666666666,0.09166666666666666,0.45454545454545453,0.5,0.6,0.025,,,,0.275,0.2727272727272727,0.2727272727272727,1.0,0.35833333333333334,0.4418604651162791,0.4523809523809524,0.9473684210526315,0.3333333333333333,0.42857142857142855,,0.2857142857142857,0.5,1.0,0.28,0.7142857142857143,0.2,0.4,0.48,0.4166666666666667,0.8833333333333333,0.4418604651162791,0.5617420833333334,0.5865071428571429,0.5602799999999999,0.09230769230769231,0.17307692307692307,0.16233766233766234,0.22727272727272727,4.6840909090909095,24.781578947368427,0.20110192837465565,2.0,7.0,2.0,8.0,,1.0,,,,0.125,0.3333333333333333,0.2857142857142857,1.0,,2.0,1.0,1.0,,3.0,0.038461538461538464,True,0.023255813953488372,,,1.0,
1641730,1610612751,Noah Clowney,Noah Clowney,1641730,BKN,7751.0,129.0,-2,264.0,255,76.0,40.0,29.0,519,6.0,7.0,2.0,2.0,2.0,2.0,,3.0,,1.0,3.0,8.0,2.0,3.0,4.0,19.0,1.0,4.0,1.0,7.0,6.0,11.0,7.0,27.0,12.0,45.0,289,2.0,2.0,1.0,4.0,8.0,2.0,2.0,3.0,10.0,3.0,16.0,8.0,4.0,21.0,,,19.0,4.0,2.0,1.0,,2.0,2.0,2.0,,,,,6.0,7.0,1.0,2.0,11.0,1.0,14.0,8.0,22.0,1.0,5.0,4.0,1.0,3.0,,2.0,3.0,2.0,1.0,,,6.0,,2.0,1.0,6.0,1.0,,,10.0,,,1.0,13.0,1.0,,7.0,,4.0,4.0,,4.0,3.0,,16.0,76.0,,,0.6666666666666666,0.8,1.0,0.25925925925925924,0.25,0.3,0.25925925925925924,0.5454545454545454,1.0,1.0,0.4342105263157895,0.5833333333333334,0.5416666666666666,0.5113636363636364,0.5714285714285714,0.6153846153846154,0.7105263157894737,0.037037037037037035,0.18181818181818182,0.14285714285714285,0.3333333333333333,,16.666666666666668,0.5,1.0,0.13253012048192772,0.01818181818181818,0.044444444444444446,0.1044776119402985,0.1015625,0.06557377049180328,0.058823529411764705,,0.08,0.17647058823529413,0.16216216216216217,0.10810810810810811,0.1111111111111111,0.06060606060606061,,0.045454545454545456,0.75,0.18421052631578946,0.8571428571428571,1.0,0.6666666666666666,0.07894736842105263,,,,0.02631578947368421,,,,0.21052631578947367,0.375,0.375,1.0,0.5,0.21052631578947367,0.2222222222222222,1.0,0.3333333333333333,1.0,,0.6666666666666666,0.25,1.0,0.16666666666666666,1.0,0.25,0.6666666666666666,0.5833333333333334,0.14285714285714285,0.8947368421052632,0.21052631578947367,0.5693118421052631,0.57,0.5722208333333333,0.1590909090909091,0.4117647058823529,0.17777777777777778,0.35555555555555557,4.118181818181818,25.27777777777778,0.2878787878787879,,,1.0,2.0,,,,,,,,,,,,,,,,,True,0.05263157894736842,,,,
1630592,1610612751,Jalen Wilson,Jalen Wilson,1630592,BKN,17978.0,300.0,24,597.0,587,138.0,130.0,88.0,1184,17.0,22.0,3.0,6.0,8.0,10.0,4.0,15.0,,1.0,8.0,23.0,1.0,3.0,6.0,28.0,2.0,2.0,2.0,9.0,21.0,38.0,14.0,51.0,11.0,95.0,646,3.0,6.0,4.0,4.0,19.0,8.0,13.0,3.0,12.0,5.0,30.0,32.0,10.0,42.0,,,28.0,6.0,1.0,,5.0,8.0,13.0,5.0,3.0,3.0,2.0,,34.0,6.0,8.0,15.0,11.0,1.0,27.0,14.0,41.0,1.0,7.0,5.0,2.0,8.0,,5.0,2.0,1.0,3.0,,,10.0,,1.0,13.0,21.0,1.0,,,14.0,,3.0,,20.0,,2.0,6.0,3.0,,,,,,,30.0,138.0,3.0,3.0,0.7619047619047619,0.8888888888888888,1.0,0.27450980392156865,1.0,0.25,0.27450980392156865,0.5526315789473685,0.5,0.6153846153846154,0.47191011235955055,0.9,0.5,0.47959183673469385,0.7916666666666666,0.5,0.5730337078651685,,0.02631578947368421,,0.06666666666666667,,15.362731152204836,0.8,0.05,0.0718954248366013,0.05517241379310345,0.12096774193548387,0.03821656050955414,0.09386281588447654,0.046357615894039736,0.022727272727272728,0.07317073170731707,0.043478260869565216,0.023809523809523808,0.06060606060606061,0.06349206349206349,0.125,0.10588235294117647,0.15384615384615385,0.0196078431372549,,0.24719101123595505,0.7727272727272727,0.7727272727272727,0.7058823529411765,0.16853932584269662,0.26666666666666666,0.2857142857142857,1.0,0.011235955056179775,,,,0.25842696629213485,0.34782608695652173,0.34782608695652173,1.0,0.3146067415730337,0.21428571428571427,0.21428571428571427,1.0,0.6,0.5,,0.2,1.0,1.0,0.4,0.8,0.12,0.3333333333333333,0.36,0.2222222222222222,0.8202247191011236,0.21428571428571427,0.5587404494382022,0.5406000000000001,0.566672,0.06315789473684211,0.13636363636363635,0.2,0.3157894736842105,4.334210526315789,24.9843137254902,0.23115577889447236,2.0,2.0,1.0,6.0,,2.0,,,,0.05263157894736842,0.2,1.0,1.0,,,,,,,,True,,,,,
1631213,1610612751,Tyrese Martin,Tyrese Martin,1631213,BKN,7846.0,131.0,-11,264.0,252,60.0,73.0,48.0,516,3.0,5.0,,,1.0,1.0,1.0,5.0,,1.0,1.0,7.0,,1.0,4.0,20.0,,2.0,,4.0,4.0,11.0,5.0,27.0,2.0,25.0,298,,2.0,,3.0,,1.0,3.0,,5.0,2.0,4.0,6.0,2.0,15.0,,1.0,19.0,4.0,2.0,,6.0,4.0,10.0,3.0,1.0,5.0,1.0,,24.0,2.0,,8.0,6.0,1.0,15.0,2.0,17.0,,5.0,3.0,2.0,6.0,1.0,4.0,2.0,1.0,2.0,,,8.0,,2.0,6.0,11.0,,,,2.0,,,,2.0,,,1.0,,,,,,,,4.0,60.0,2.0,,0.75,0.75,1.0,0.18518518518518517,,,0.19230769230769232,0.36363636363636365,,0.3333333333333333,0.3026315789473684,,0.125,0.32051282051282054,,0.2222222222222222,0.7105263157894737,,0.18181818181818182,,0.4,,14.506172839506172,0.75,0.2,0.10714285714285714,,0.1702127659574468,0.027777777777777776,0.13592233009708737,0.014184397163120567,,,,0.10526315789473684,0.09523809523809523,0.13333333333333333,,0.16129032258064516,0.1875,,,0.13157894736842105,0.6,0.6,1.0,0.13157894736842105,0.2,0.3333333333333333,,0.02631578947368421,,,,0.18421052631578946,0.14285714285714285,0.14285714285714285,1.0,0.5263157894736842,0.2,0.2,1.0,,,,0.4,,,0.125,1.0,0.125,,0.5,,0.8421052631578947,0.21052631578947367,0.5403567567567568,0.4993833333333333,0.5708285714285715,0.02564102564102564,0.08333333333333333,,0.16,5.418181818181819,27.451851851851853,0.22727272727272727,,1.0,,,,,,,,,0.2,,,,,,,,,,True,,,,,
1630549,1610612751,Day'Ron Sharpe,Day'Ron Sharpe,1630549,BKN,10546.0,176.0,47,348.0,340,76.0,83.0,67.0,688,25.0,45.0,12.0,24.0,7.0,14.0,7.0,16.0,1.0,2.0,2.0,3.0,1.0,1.0,,2.0,,,,1.0,33.0,63.0,2.0,5.0,14.0,86.0,357,13.0,27.0,,,35.0,10.0,19.0,1.0,2.0,5.0,28.0,44.0,22.0,6.0,,,2.0,,12.0,,15.0,3.0,18.0,2.0,1.0,10.0,4.0,1.0,39.0,15.0,21.0,14.0,15.0,1.0,30.0,37.0,67.0,9.0,3.0,3.0,,4.0,2.0,2.0,9.0,,2.0,,,13.0,,4.0,6.0,19.0,,,4.0,16.0,,3.0,,17.0,,,7.0,2.0,9.0,5.0,4.0,10.0,4.0,,28.0,76.0,1.0,1.0,0.6666666666666666,0.9565217391304348,1.0,0.4,,0.5,0.4,0.5238095238095238,0.48148148148148145,0.5263157894736842,0.5294117647058824,0.48148148148148145,0.5476190476190477,0.5584415584415584,0.5303030303030303,0.5833333333333334,0.07352941176470588,,0.19047619047619047,0.2,0.125,,20.794392523364486,0.3076923076923077,0.09090909090909091,0.1724137931034483,0.23595505617977527,0.16279069767441862,0.1595744680851064,0.1676300578034682,0.19672131147540983,0.3125,0.2391304347826087,0.136986301369863,0.23809523809523808,0.1111111111111111,0.22727272727272727,0.14285714285714285,0.18518518518518517,0.125,0.45,0.4,0.6617647058823529,0.5555555555555556,0.6944444444444444,0.56,0.23529411764705882,0.4375,0.5,1.0,0.029411764705882353,0.5,1.0,1.0,0.04411764705882353,0.6666666666666666,0.6666666666666666,1.0,0.029411764705882353,,,,0.8888888888888888,0.5,0.08333333333333333,,,,0.6666666666666666,0.5,0.047619047619047616,1.0,0.047619047619047616,,0.7352941176470589,,0.5559529411764705,0.5499444444444445,0.5695690476190476,0.09333333333333334,0.1,0.4069767441860465,0.32558139534883723,3.5444444444444447,24.259999999999998,0.21839080459770116,,,9.0,20.0,1.0,4.0,,,0.1111111111111111,,,,,,1.0,1.0,,0.5,,,True,,,,,3.0
1641787,1610612751,Tosan Evbuomwan,Tosan Evbuomwan,1641787,BKN,8030.0,134.0,32,263.0,256,57.0,61.0,48.0,519,9.0,10.0,3.0,3.0,1.0,2.0,5.0,18.0,1.0,2.0,2.0,7.0,,2.0,2.0,7.0,,3.0,,2.0,15.0,30.0,4.0,14.0,14.0,56.0,280,4.0,6.0,1.0,5.0,13.0,3.0,8.0,,4.0,5.0,11.0,16.0,14.0,12.0,,,7.0,2.0,5.0,,3.0,5.0,8.0,4.0,1.0,2.0,1.0,,21.0,7.0,5.0,4.0,6.0,2.0,12.0,13.0,25.0,1.0,6.0,5.0,1.0,3.0,1.0,2.0,4.0,,1.0,1.0,,7.0,,2.0,7.0,15.0,,,2.0,10.0,,,,16.0,2.0,,9.0,,3.0,1.0,2.0,3.0,1.0,,11.0,57.0,2.0,,0.5333333333333333,0.6666666666666666,1.0,0.2857142857142857,0.2,,0.2857142857142857,0.5,0.6666666666666666,0.375,0.4772727272727273,0.5,0.25,0.5490196078431373,0.5416666666666666,0.36666666666666664,0.3181818181818182,,0.16666666666666666,,0.2222222222222222,,18.012422360248447,0.42857142857142855,0.2222222222222222,0.1,0.07936507936507936,0.07407407407407407,0.0958904109589041,0.08771929824561403,0.08823529411764706,0.05555555555555555,0.02631578947368421,0.09259259259259259,0.10526315789473684,0.1,0.09090909090909091,0.14285714285714285,0.07692307692307693,0.06666666666666667,0.05,0.3333333333333333,0.22727272727272727,0.9,0.9,0.5555555555555556,0.4090909090909091,0.2777777777777778,0.35714285714285715,0.4,0.045454545454545456,0.5,1.0,1.0,0.1590909090909091,0.2857142857142857,0.2857142857142857,1.0,0.1590909090909091,0.2857142857142857,0.2857142857142857,1.0,0.2727272727272727,1.0,,0.2727272727272727,,,0.16666666666666666,0.5,0.16666666666666666,,0.16666666666666666,,0.5454545454545454,0.2857142857142857,0.5114568181818181,0.562925,0.5097625,0.17647058823529413,0.24324324324324326,0.23214285714285715,0.19642857142857142,5.919999999999999,24.592857142857138,0.21673003802281368,1.0,2.0,2.0,6.0,1.0,,,,0.16666666666666666,0.42857142857142855,0.18181818181818182,0.5,1.0,,,,,0.5,,,True,,,,,
1630570,1610612751,Trendon Watford,Trendon Watford,1630570,BKN,5106.0,85.0,19,176.0,168,28.0,37.0,31.0,344,5.0,12.0,2.0,4.0,,1.0,3.0,9.0,,1.0,2.0,2.0,,,2.0,7.0,1.0,1.0,,1.0,8.0,22.0,4.0,9.0,9.0,37.0,176,2.0,4.0,1.0,1.0,9.0,1.0,4.0,,1.0,2.0,4.0,6.0,10.0,12.0,,,7.0,2.0,3.0,,3.0,6.0,9.0,4.0,2.0,2.0,1.0,,24.0,3.0,2.0,5.0,6.0,2.0,13.0,5.0,18.0,1.0,5.0,3.0,2.0,5.0,,2.0,2.0,,3.0,,1.0,7.0,,1.0,2.0,5.0,,,1.0,10.0,1.0,,1.0,14.0,2.0,,8.0,,,,,,,,4.0,28.0,,,0.375,0.5,1.0,0.4444444444444444,1.0,,0.4444444444444444,0.36363636363636365,0.5,0.25,0.45161290322580644,0.7,0.2,0.5,0.75,0.3333333333333333,0.2903225806451613,,0.13636363636363635,0.08333333333333333,0.2222222222222222,,21.256038647342997,0.7142857142857143,1.0,0.13333333333333333,0.043478260869565216,0.10638297872340426,0.07317073170731707,0.11956521739130435,0.05747126436781609,0.0625,0.04,0.06060606060606061,0.125,0.08695652173913043,0.15789473684210525,0.3333333333333333,0.034482758620689655,0.2222222222222222,0.07692307692307693,,0.3870967741935484,0.4166666666666667,0.45454545454545453,0.4,0.2903225806451613,0.3333333333333333,0.42857142857142855,0.3333333333333333,0.03225806451612903,,,,0.06451612903225806,1.0,1.0,1.0,0.22580645161290322,0.2857142857142857,0.2857142857142857,1.0,0.8,0.5,,0.2,1.0,1.0,0.2,,,,0.2,,0.6774193548387096,0.2857142857142857,0.5313283333333334,0.5464333333333333,0.44062999999999997,0.21621621621621623,0.2857142857142857,0.24324324324324326,0.10810810810810811,5.2272727272727275,26.37777777777778,0.1590909090909091,,,2.0,4.0,,1.0,,,,,,,,,,,,,,,True,,,,,
1630560,1610612751,Cam Thomas,Cam Thomas,1630560,BKN,5430.0,90.0,-7,178.0,176,34.0,37.0,23.0,354,8.0,9.0,1.0,1.0,3.0,4.0,7.0,17.0,2.0,8.0,1.0,4.0,,,6.0,22.0,1.0,2.0,3.0,9.0,17.0,34.0,7.0,26.0,9.0,64.0,223,2.0,3.0,1.0,3.0,7.0,4.0,9.0,3.0,9.0,2.0,19.0,14.0,20.0,18.0,3.0,1.0,21.0,6.0,1.0,2.0,16.0,5.0,21.0,2.0,3.0,12.0,4.0,,47.0,,2.0,6.0,4.0,,10.0,2.0,12.0,,1.0,1.0,,6.0,,3.0,,,3.0,,,6.0,,2.0,3.0,5.0,,,,8.0,,,,11.0,1.0,,6.0,,,,,,,,19.0,34.0,,,0.4117647058823529,0.4117647058823529,0.8571428571428571,0.2692307692307692,0.3333333333333333,0.3333333333333333,0.28,0.5,0.6666666666666666,0.4444444444444444,0.4583333333333333,0.5833333333333334,0.4722222222222222,0.49230769230769234,0.5833333333333334,0.5,0.43333333333333335,0.07692307692307693,0.029411764705882353,,0.058823529411764705,,34.975369458128085,1.0,,0.07272727272727272,0.05,0.13953488372093023,,0.10204081632653061,0.02247191011235955,,0.05555555555555555,,,0.06896551724137931,0.08695652173913043,,0.08695652173913043,0.2,,,0.15,0.8888888888888888,0.8888888888888888,0.5,0.2833333333333333,0.4117647058823529,0.4375,0.2857142857142857,0.13333333333333333,0.25,0.25,0.5,0.06666666666666667,0.25,0.25,1.0,0.36666666666666664,0.2727272727272727,0.3,0.8333333333333334,0.16666666666666666,1.0,1.0,0.3333333333333333,0.5,1.0,0.2222222222222222,0.75,,,0.5,0.3333333333333333,0.5833333333333334,0.2857142857142857,0.4877025423728814,0.4492125,0.45916764705882357,0.09230769230769231,0.15384615384615385,0.109375,0.296875,9.032352941176471,27.134615384615383,0.19101123595505617,,1.0,,,,,,,,0.1,0.16666666666666666,,,,,,,,,,True,0.09090909090909091,,,,
1641736,1610612751,Reece Beekman,Reece Beekman,1641736,BKN,185.0,3.0,-6,8.0,8,,,,16,,,,,,,,,,,,,,,,,,,,,,,,,,,10,,,,,,,,,,,,,,,,,,,,,1.0,,1.0,,,1.0,,,2.0,,,,,,,,,,1.0,,1.0,,,,,,,,,,,,1.0,1.0,,,,,,,,,,,,,,,,,,,,,,,,,,,,,,,,,,,,,,,,,,,,,,,,,,,,,,,,,,,,,,,,,,,,,,,,,,,,,,,,,,,,,,,,,,,,,,,,,,,,,,,,,,,,,,,,,,,,,,,,,,,,,,,,,True,,,,,
1641721,1610612751,Maxwell Lewis,Maxwell Lewis,1641721,BKN,733.0,12.0,5,21.0,21,5.0,6.0,6.0,42,2.0,2.0,,,,,,2.0,,,,,,,,,,,,,2.0,4.0,,,,4.0,21,,1.0,,,,,,,,,,2.0,2.0,,,,,,1.0,,,2.0,2.0,1.0,1.0,,,,6.0,1.0,1.0,1.0,,,1.0,2.0,3.0,1.0,,,,,,,,,,,,,,,1.0,1.0,,,,,,,,,,,,,,,,,,,,5.0,,,0.5,0.5,,,,,,0.5,,,0.5,,,0.5,,,,,0.25,,0.5,,14.285714285714285,,,,0.2,0.3333333333333333,0.1111111111111111,0.1,0.14285714285714285,,0.3333333333333333,0.125,,,,,0.5,,1.0,,0.5,1.0,1.0,0.5,0.5,,,,,,,,,,,,,,,,,,,,,,,,,,,,0.5,,0.5213,,,,,,,3.625,,0.23809523809523808,,,,,,,,,,,,,,,,,,,,,True,,,,,
1627732,1610612751,Ben Simmons,Ben Simmons,1627732,BKN,48460.0,808.0,-78,1597.0,1609,285.0,307.0,158.0,3206,54.0,82.0,9.0,15.0,4.0,6.0,38.0,84.0,,1.0,,,,,,,,,,,92.0,167.0,,,18.0,202.0,1886,13.0,25.0,,,28.0,9.0,20.0,,,3.0,21.0,86.0,98.0,,,,,,8.0,,113.0,112.0,225.0,77.0,35.0,77.0,30.0,6.0,562.0,13.0,17.0,73.0,57.0,9.0,139.0,30.0,169.0,5.0,26.0,15.0,11.0,42.0,23.0,31.0,45.0,4.0,11.0,,3.0,87.0,8.0,13.0,32.0,77.0,2.0,,8.0,44.0,3.0,1.0,6.0,26.0,4.0,,13.0,2.0,14.0,6.0,8.0,15.0,9.0,,21.0,283.0,4.0,1.0,0.4673913043478261,0.5058823529411764,,,,,,0.5508982035928144,0.52,0.45,0.5508982035928144,0.52,0.45,0.5674157303370787,0.5384615384615384,0.4772727272727273,,,0.04790419161676647,0.036585365853658534,0.05952380952380952,,14.896008993816752,0.4827586206896552,0.23076923076923078,0.16666666666666666,0.048295454545454544,0.20797720797720798,0.034666666666666665,0.18759018759018758,0.04126547455295736,0.04316546762589928,0.04945054945054945,0.03076923076923077,0.043478260869565216,0.1357142857142857,0.1527777777777778,0.27586206896551724,0.21794871794871795,0.18803418803418803,0.078125,0.6,0.49101796407185627,0.6585365853658537,0.6835443037974683,0.5555555555555556,0.5029940119760479,0.4523809523809524,0.4810126582278481,0.34210526315789475,0.005988023952095809,,,,,,,,,,,,0.6,0.6,0.1111111111111111,,,,0.3,0.6666666666666666,,,,,0.49101796407185627,,0.5393407185628741,0.5322823529411764,0.45952000000000004,0.07386363636363637,0.07386363636363637,0.13861386138613863,0.10396039603960396,4.682035928143714,,0.17845961177207265,,,2.0,14.0,,4.0,,1.0,,0.06451612903225806,,,,,1.0,1.0,,,,,False,,1.0,,,
1627827,1610612751,Dorian Finney-Smith,Dorian Finney-Smith,1627827,BKN,34756.0,579.0,41,1147.0,1147,251.0,260.0,107.0,2294,24.0,41.0,8.0,14.0,1.0,2.0,2.0,9.0,,1.0,17.0,42.0,3.0,9.0,30.0,66.0,2.0,5.0,9.0,15.0,26.0,51.0,47.0,108.0,15.0,208.0,1330,8.0,15.0,2.0,6.0,25.0,1.0,2.0,12.0,24.0,7.0,45.0,36.0,16.0,138.0,3.0,,66.0,30.0,8.0,1.0,18.0,13.0,31.0,11.0,2.0,11.0,4.0,3.0,75.0,16.0,14.0,26.0,28.0,6.0,60.0,31.0,91.0,4.0,18.0,11.0,7.0,7.0,5.0,6.0,11.0,2.0,1.0,,2.0,18.0,2.0,4.0,28.0,54.0,1.0,,1.0,23.0,1.0,8.0,1.0,24.0,2.0,1.0,6.0,5.0,11.0,8.0,3.0,12.0,7.0,,44.0,247.0,2.0,4.0,0.6923076923076923,0.9,0.9787234042553191,0.4351851851851852,0.3333333333333333,0.5,0.4351851851851852,0.5098039215686274,0.5333333333333333,0.5,0.6069182389937107,0.5238095238095238,0.7307692307692307,0.6153846153846154,0.5681818181818182,0.7258064516129032,0.6792452830188679,0.009259259259259259,0.1568627450980392,0.12195121951219512,0.3333333333333333,,14.770932069510268,0.3888888888888889,0.23076923076923078,0.10727969348659004,0.06306306306306306,0.09923664122137404,0.05818181818181818,0.10325047801147227,0.060362173038229376,0.06422018348623854,0.034482758620689655,0.04639175257731959,0.08641975308641975,0.09821428571428571,0.1509433962264151,0.023255813953488372,0.0893854748603352,0.12048192771084337,0.0547945205479452,0.5833333333333334,0.2578616352201258,0.5853658536585366,0.6666666666666666,0.7083333333333334,0.05660377358490566,0.2222222222222222,0.3333333333333333,0.5,0.006289308176100629,,,,0.2641509433962264,0.40476190476190477,0.40476190476190477,0.9411764705882353,0.41509433962264153,0.45454545454545453,0.46153846153846156,1.0,0.6666666666666666,0.5714285714285714,0.125,0.23809523809523808,0.4,1.0,0.07692307692307693,0.5,0.34615384615384615,0.3333333333333333,0.5769230769230769,0.6,0.9371069182389937,0.45454545454545453,0.57252893081761,0.5385208333333332,0.521625,0.042682926829268296,0.10909090909090909,0.1201923076923077,0.21634615384615385,2.958823529411765,24.76944444444445,0.21883173496076722,,1.0,3.0,12.0,1.0,7.0,,1.0,0.06666666666666667,0.15384615384615385,0.047619047619047616,,,,1.0,,1.0,,1.0,0.009174311926605505,False,0.015151515151515152,,,,
1629003,1610612751,Shake Milton,Shake Milton,1629003,BKN,29498.0,492.0,-67,989.0,992,261.0,394.0,108.0,1981,16.0,29.0,4.0,9.0,6.0,8.0,25.0,52.0,4.0,4.0,6.0,21.0,,7.0,22.0,51.0,1.0,2.0,6.0,14.0,45.0,85.0,28.0,72.0,25.0,199.0,1140,6.0,11.0,1.0,3.0,18.0,12.0,17.0,6.0,21.0,9.0,51.0,30.0,60.0,84.0,,1.0,50.0,22.0,8.0,2.0,28.0,36.0,64.0,23.0,13.0,20.0,6.0,2.0,164.0,7.0,9.0,19.0,16.0,,35.0,16.0,51.0,5.0,15.0,9.0,6.0,14.0,1.0,8.0,6.0,2.0,6.0,,,20.0,1.0,7.0,18.0,43.0,,,2.0,40.0,3.0,1.0,3.0,33.0,4.0,,16.0,2.0,1.0,1.0,,1.0,,,51.0,258.0,9.0,2.0,0.3333333333333333,0.36585365853658536,1.0,0.3888888888888889,0.3333333333333333,0.2857142857142857,0.39436619718309857,0.5294117647058824,0.5454545454545454,0.7058823529411765,0.554140127388535,0.5357142857142857,0.5526315789473685,0.5818713450292398,0.5625,0.5930232558139535,0.4585987261146497,0.027777777777777776,0.09411764705882353,0.06896551724137931,0.11538461538461539,0.047619047619047616,17.176258992805757,0.7,,0.07881773399014778,0.041474654377880185,0.0892018779342723,0.028,0.08413461538461539,0.034261241970021415,0.038834951456310676,0.04950495049504951,0.0335195530726257,0.014084507042253521,0.0784313725490196,0.05063291139240506,0.18181818181818182,0.1056338028169014,0.056338028169014086,0.06944444444444445,,0.18471337579617833,0.5517241379310345,0.5925925925925926,0.3125,0.33121019108280253,0.4807692307692308,0.5434782608695652,0.4,0.025477707006369428,1.0,1.0,,0.1337579617834395,0.2857142857142857,0.3,1.0,0.3248407643312102,0.43137254901960786,0.44,1.0,0.6428571428571429,0.4444444444444444,0.25,0.14285714285714285,0.5,1.0,0.21052631578947367,0.75,0.18421052631578946,,0.3684210526315789,0.42857142857142855,0.643312101910828,0.44,0.5212820512820512,0.6189888888888889,0.5321351351351351,0.10059171597633136,0.16494845360824742,0.09045226130653267,0.2562814070351759,6.581176470588236,25.668055555555554,0.2639029322548028,,1.0,3.0,8.0,,2.0,,,,,0.07142857142857142,,,,,,,,1.0,0.013888888888888888,False,0.0196078431372549,,,1.0,
1629661,1610612751,Cameron Johnson,Cameron Johnson,1629661,BKN,83688.0,1395.0,-144,2771.0,2769,591.0,616.0,302.0,5540,88.0,127.0,11.0,23.0,18.0,26.0,31.0,81.0,18.0,43.0,29.0,70.0,6.0,18.0,103.0,254.0,9.0,23.0,15.0,45.0,137.0,251.0,132.0,324.0,164.0,834.0,3298,14.0,34.0,10.0,27.0,73.0,22.0,49.0,21.0,63.0,55.0,162.0,148.0,126.0,363.0,33.0,1.0,253.0,103.0,28.0,5.0,77.0,66.0,143.0,39.0,27.0,48.0,27.0,2.0,352.0,16.0,22.0,66.0,73.0,6.0,145.0,38.0,183.0,6.0,42.0,30.0,12.0,45.0,12.0,31.0,28.0,9.0,14.0,2.0,,73.0,5.0,12.0,35.0,84.0,2.0,,2.0,134.0,3.0,7.0,5.0,182.0,11.0,14.0,55.0,23.0,19.0,9.0,10.0,21.0,10.0,,158.0,587.0,10.0,18.0,0.5401459854014599,0.5692307692307692,0.9166666666666666,0.4074074074074074,0.37037037037037035,0.3333333333333333,0.4086687306501548,0.545816733067729,0.4117647058823529,0.4489795918367347,0.5826086956521739,0.47540983606557374,0.47767857142857145,0.6325115562403698,0.5373134328358209,0.5678571428571428,0.5634782608695652,0.015432098765432098,0.11155378486055777,0.11811023622047244,0.14814814814814814,0.04285714285714286,22.985933503836318,0.6164383561643836,0.1016949152542373,0.119281045751634,0.0352,0.10696920583468396,0.02384500745156483,0.11310008136696502,0.029320987654320986,0.029850746268656716,0.03389830508474576,0.029914529914529916,0.009852216748768473,0.12156862745098039,0.10661764705882353,0.15294117647058825,0.12383177570093458,0.06878306878306878,0.022388059701492536,0.47619047619047616,0.22086956521739132,0.6929133858267716,0.7857142857142857,0.625,0.1408695652173913,0.38271604938271603,0.4492753623188406,0.3225806451612903,0.07478260869565218,0.4186046511627907,0.42857142857142855,0.5,0.12173913043478261,0.4142857142857143,0.43283582089552236,1.0,0.44173913043478263,0.40551181102362205,0.4087301587301587,0.8932038834951457,0.3770491803278688,0.4782608695652174,0.45454545454545453,0.3770491803278688,0.391304347826087,0.8888888888888888,0.23214285714285715,0.6923076923076923,0.16071428571428573,0.3333333333333333,0.4017857142857143,0.3333333333333333,0.7843478260869565,0.40711462450592883,0.550016492146597,0.5293605263157893,0.5374138392857144,0.10063897763578275,0.1864406779661017,0.08752997601918465,0.19424460431654678,6.640637450199201,25.829320987654327,0.21328040418621436,1.0,4.0,15.0,14.0,,10.0,,1.0,,0.06451612903225806,0.06557377049180328,0.25,1.0,,2.0,1.0,1.0,0.023255813953488372,8.0,0.02416918429003021,False,0.007874015748031496,,,1.0,
1630533,1610612751,Ziaire Williams,Ziaire Williams,1630533,BKN,60109.0,1002.0,-217,1966.0,1989,421.0,543.0,230.0,3955,65.0,112.0,17.0,27.0,14.0,25.0,12.0,37.0,1.0,6.0,25.0,77.0,3.0,16.0,39.0,112.0,3.0,8.0,6.0,19.0,78.0,155.0,64.0,189.0,65.0,413.0,2404,18.0,30.0,3.0,18.0,51.0,18.0,35.0,9.0,35.0,27.0,90.0,92.0,64.0,189.0,3.0,2.0,110.0,39.0,29.0,1.0,37.0,20.0,57.0,12.0,8.0,27.0,9.0,1.0,134.0,21.0,21.0,84.0,55.0,13.0,152.0,43.0,195.0,6.0,41.0,28.0,13.0,27.0,6.0,19.0,16.0,2.0,8.0,3.0,2.0,43.0,5.0,8.0,52.0,107.0,2.0,,1.0,82.0,,8.0,14.0,80.0,2.0,1.0,28.0,10.0,11.0,6.0,5.0,14.0,11.0,1.0,88.0,419.0,18.0,8.0,0.5897435897435898,0.71875,0.984375,0.3386243386243386,0.16666666666666666,0.2571428571428571,0.3422459893048128,0.5032258064516129,0.6,0.5142857142857142,0.5058139534883721,0.46875,0.45,0.5405759162303665,0.49038461538461536,0.5294117647058824,0.5494186046511628,0.005291005291005291,0.1870967741935484,0.19642857142857142,0.1891891891891892,0.012987012987012988,18.937025457793656,0.627906976744186,0.2765957446808511,0.13647642679900746,0.046255506607929514,0.19134396355353075,0.042,0.16508313539192399,0.0440251572327044,0.04,0.04700854700854701,0.03867403314917127,0.050724637681159424,0.15204678362573099,0.13736263736263737,0.08,0.18471337579617833,0.208,0.03571428571428571,0.7857142857142857,0.32558139534883723,0.5803571428571429,0.7222222222222222,0.5692307692307692,0.10755813953488372,0.32432432432432434,0.4,0.6666666666666666,0.01744186046511628,0.16666666666666666,0.16666666666666666,1.0,0.2238372093023256,0.3246753246753247,0.32894736842105265,1.0,0.32558139534883723,0.3482142857142857,0.3482142857142857,0.9743589743589743,0.5625,0.6296296296296297,0.17647058823529413,0.16666666666666666,0.375,1.0,0.35714285714285715,0.56,0.22857142857142856,0.1875,0.2714285714285714,0.3157894736842105,0.875,0.35454545454545455,0.5736032163742691,0.5576848484848484,0.5540419117647059,0.07816711590296496,0.15469613259668508,0.1234866828087167,0.2179176755447942,3.773548387096774,25.153439153439162,0.21414038657171922,,10.0,6.0,28.0,1.0,7.0,,,0.02127659574468085,0.06666666666666667,0.20833333333333334,,,,3.0,2.0,1.0,,2.0,0.005263157894736842,False,,,,,
1630549,1610612751,Day'Ron Sharpe,Day'Ron Sharpe,1630549,BKN,41560.0,693.0,15,1366.0,1354,353.0,453.0,211.0,2720,87.0,138.0,42.0,75.0,26.0,35.0,22.0,54.0,6.0,9.0,3.0,9.0,1.0,3.0,6.0,28.0,,1.0,,6.0,115.0,201.0,9.0,37.0,42.0,299.0,1521,45.0,86.0,1.0,2.0,106.0,31.0,47.0,1.0,9.0,17.0,82.0,130.0,100.0,27.0,,,28.0,6.0,15.0,,40.0,27.0,67.0,21.0,6.0,23.0,15.0,2.0,161.0,38.0,70.0,63.0,66.0,14.0,143.0,110.0,253.0,12.0,34.0,22.0,12.0,26.0,3.0,14.0,22.0,1.0,12.0,,,48.0,9.0,9.0,38.0,91.0,,1.0,15.0,55.0,1.0,15.0,1.0,57.0,8.0,,26.0,7.0,32.0,19.0,13.0,32.0,20.0,1.0,82.0,352.0,10.0,6.0,0.5652173913043478,0.8552631578947368,1.0,0.24324324324324326,0.5,0.1111111111111111,0.24324324324324326,0.572139303482587,0.5232558139534884,0.6595744680851063,0.5399159663865546,0.5284090909090909,0.5803571428571429,0.5684410646387833,0.5578947368421052,0.6307692307692307,0.15546218487394958,,0.07462686567164178,0.08695652173913043,0.05555555555555555,,19.171304885590597,0.5416666666666666,0.3783783783783784,0.23826714801444043,0.20527859237536658,0.19090909090909092,0.1046831955922865,0.21252059308072488,0.1534090909090909,0.21374045801526717,0.21578947368421053,0.10902255639097744,0.09278350515463918,0.15151515151515152,0.2702702702702703,0.36666666666666664,0.18907563025210083,0.1956521739130435,0.125,0.625,0.5798319327731093,0.6304347826086957,0.6904761904761905,0.5057471264367817,0.226890756302521,0.4074074074074074,0.43137254901960786,0.7727272727272727,0.037815126050420166,0.6666666666666666,0.6666666666666666,0.6666666666666666,0.037815126050420166,0.3333333333333333,0.3333333333333333,1.0,0.11764705882352941,0.21428571428571427,0.21428571428571427,1.0,0.8522727272727273,0.56,0.07142857142857142,0.011363636363636364,,,0.625,0.7428571428571429,0.05357142857142857,0.3333333333333333,0.10714285714285714,,0.7352941176470589,0.21428571428571427,0.5609710084033614,0.5720801587301587,0.5689598214285715,0.1015625,0.1187214611872146,0.35451505016722407,0.27424749163879597,3.6194029850746285,25.07297297297297,0.25841874084919475,1.0,1.0,13.0,78.0,2.0,9.0,,1.0,0.06060606060606061,0.05,0.011363636363636364,1.0,1.0,1.0,,,,,,,False,,,,,2.0
1630553,1610612751,Keon Johnson,Keon Johnson,1630553,BKN,77316.0,1289.0,-319,2564.0,2593,576.0,728.0,313.0,5157,72.0,137.0,9.0,17.0,16.0,29.0,37.0,98.0,9.0,19.0,23.0,86.0,3.0,15.0,58.0,202.0,6.0,19.0,13.0,42.0,118.0,254.0,81.0,288.0,68.0,547.0,3046,15.0,27.0,9.0,31.0,66.0,26.0,55.0,16.0,57.0,21.0,121.0,112.0,124.0,228.0,15.0,1.0,201.0,58.0,43.0,6.0,46.0,62.0,108.0,47.0,15.0,30.0,11.0,5.0,278.0,26.0,22.0,85.0,61.0,2.0,148.0,49.0,197.0,12.0,54.0,36.0,18.0,48.0,5.0,31.0,23.0,8.0,17.0,,4.0,71.0,7.0,12.0,73.0,141.0,2.0,,4.0,79.0,4.0,6.0,5.0,86.0,7.0,2.0,39.0,5.0,21.0,12.0,9.0,22.0,9.0,2.0,121.0,574.0,14.0,5.0,0.4745762711864407,0.509090909090909,0.9382716049382716,0.28125,0.2903225806451613,0.2807017543859649,0.28222996515679444,0.4645669291338583,0.5555555555555556,0.4727272727272727,0.4418819188191882,0.49137931034482757,0.44642857142857145,0.4698275862068966,0.5238095238095238,0.4879032258064516,0.5313653136531366,0.020833333333333332,0.16929133858267717,0.17518248175182483,0.1836734693877551,0.046511627906976744,22.302158273381295,0.676056338028169,0.03225806451612903,0.11296296296296296,0.03571428571428571,0.1440677966101695,0.03903903903903904,0.12920353982300886,0.0374414976599064,0.056451612903225805,0.024691358024691357,0.03624733475479744,0.04568527918781726,0.12217194570135746,0.08713692946058091,0.16666666666666666,0.1572769953051643,0.10975609756097561,0.04240282685512368,0.4090909090909091,0.25276752767527677,0.5255474452554745,0.6371681415929203,0.5416666666666666,0.18081180811808117,0.37755102040816324,0.4625,0.3783783783783784,0.03505535055350553,0.47368421052631576,0.5,0.3333333333333333,0.15867158671586715,0.26744186046511625,0.2804878048780488,0.9565217391304348,0.3726937269372694,0.2871287128712871,0.29,0.9310344827586207,0.29310344827586204,0.5294117647058824,,0.3275862068965517,0.3157894736842105,0.8333333333333334,0.25892857142857145,0.5517241379310345,0.13392857142857142,0.2,0.375,0.30952380952380953,0.7841328413284133,0.2885572139303483,0.5378344795539038,0.5297772727272728,0.5145724770642202,0.06956521739130435,0.13636363636363635,0.1206581352833638,0.22120658135283364,5.464960629921258,25.35590277777776,0.22464898595943839,3.0,12.0,9.0,16.0,1.0,2.0,,5.0,0.01818181818181818,,0.20689655172413793,0.25,1.0,,1.0,1.0,,0.05263157894736842,1.0,0.0034602076124567475,False,0.009900990099009901,,,,
1630560,1610612751,Cam Thomas,Cam Thomas,1630560,BKN,41440.0,691.0,-85,1358.0,1353,283.0,331.0,146.0,2711,38.0,70.0,1.0,7.0,12.0,17.0,47.0,101.0,29.0,54.0,5.0,20.0,,3.0,56.0,149.0,3.0,13.0,11.0,34.0,114.0,225.0,61.0,169.0,124.0,535.0,1665,6.0,15.0,4.0,16.0,31.0,28.0,52.0,11.0,37.0,44.0,133.0,110.0,118.0,93.0,90.0,,149.0,56.0,24.0,1.0,42.0,32.0,74.0,19.0,13.0,33.0,8.0,1.0,180.0,4.0,9.0,33.0,23.0,2.0,58.0,13.0,71.0,8.0,14.0,10.0,4.0,34.0,2.0,16.0,22.0,6.0,18.0,1.0,6.0,56.0,3.0,9.0,21.0,39.0,1.0,,5.0,107.0,,2.0,7.0,140.0,14.0,3.0,58.0,8.0,2.0,1.0,1.0,2.0,,,133.0,281.0,2.0,8.0,0.4824561403508772,0.4824561403508772,0.5081967213114754,0.3609467455621302,0.25,0.2972972972972973,0.3609467455621302,0.5066666666666667,0.4,0.5384615384615384,0.5215736040609137,0.3870967741935484,0.5,0.5896017699115044,0.45588235294117646,0.6,0.4289340101522843,0.005917159763313609,0.10666666666666667,0.2,0.07920792079207921,,33.48714568226763,0.6071428571428571,0.05555555555555555,0.0756578947368421,0.031578947368421054,0.10576923076923077,0.011730205278592375,0.09090909090909091,0.020766773162939296,0.016666666666666666,0.04032258064516129,0.012195121951219513,0.010526315789473684,0.0423728813559322,0.09154929577464789,0.11363636363636363,0.12053571428571429,0.06818181818181818,0.0427807486631016,,0.17766497461928935,0.5428571428571428,0.6785714285714286,0.47368421052631576,0.2563451776649746,0.46534653465346537,0.5053763440860215,0.48936170212765956,0.13705583756345177,0.5370370370370371,0.5576923076923077,0.4827586206896552,0.050761421319796954,0.25,0.25,0.8,0.37817258883248733,0.37583892617449666,0.3783783783783784,0.48214285714285715,0.22580645161290322,0.14285714285714285,,0.41935483870967744,0.23076923076923078,1.0,0.19101123595505617,0.7058823529411765,0.033707865168539325,,0.38202247191011235,0.3235294117647059,0.6065989847715736,0.37583892617449666,0.5084215736040609,0.5104166666666669,0.4873095505617977,0.1463963963963964,0.21561338289962825,0.05794392523364486,0.2485981308411215,8.953777777777779,25.903550295857993,0.20839469808541974,1.0,3.0,7.0,,,2.0,,,,0.04878048780487805,0.0967741935483871,0.3333333333333333,1.0,,,,,0.037037037037037035,7.0,0.04,False,0.006711409395973154,,,1.0,
1631213,1610612751,Tyrese Martin,Tyrese Martin,1631213,BKN,59255.0,988.0,-215,1954.0,1976,500.0,627.0,251.0,3930,44.0,58.0,6.0,7.0,14.0,16.0,23.0,73.0,6.0,14.0,28.0,68.0,8.0,18.0,50.0,145.0,7.0,15.0,14.0,39.0,73.0,145.0,78.0,213.0,37.0,417.0,2268,9.0,17.0,8.0,17.0,49.0,21.0,34.0,22.0,57.0,9.0,117.0,80.0,66.0,219.0,15.0,1.0,144.0,50.0,11.0,,44.0,40.0,84.0,34.0,6.0,28.0,15.0,1.0,208.0,29.0,18.0,62.0,51.0,8.0,121.0,49.0,170.0,6.0,25.0,16.0,9.0,36.0,8.0,26.0,17.0,3.0,10.0,,2.0,53.0,4.0,13.0,19.0,53.0,1.0,,,40.0,,1.0,3.0,48.0,2.0,1.0,22.0,1.0,7.0,5.0,2.0,8.0,6.0,,117.0,498.0,6.0,1.0,0.547945205479452,0.5882352941176471,0.9358974358974359,0.36619718309859156,0.47058823529411764,0.38596491228070173,0.36792452830188677,0.503448275862069,0.5294117647058824,0.6176470588235294,0.5307262569832403,0.6176470588235294,0.5934065934065934,0.5473684210526316,0.6282051282051282,0.609375,0.5949720670391061,,0.07586206896551724,0.06896551724137931,0.0958904109589041,,19.14235190097259,0.6792452830188679,0.17777777777777778,0.13110539845758354,0.03829787234042553,0.1399548532731377,0.05420560747663551,0.13581730769230768,0.046766169154228855,0.033707865168539325,0.04081632653061224,0.06201550387596899,0.033783783783783786,0.14482758620689656,0.13541666666666666,0.07692307692307693,0.13738019169329074,0.14615384615384616,0.03208556149732621,0.75,0.16201117318435754,0.7586206896551724,0.8148148148148148,0.5909090909090909,0.20391061452513967,0.3150684931506849,0.3484848484848485,0.43478260869565216,0.03910614525139665,0.42857142857142855,0.42857142857142855,0.6666666666666666,0.18994413407821228,0.4117647058823529,0.4117647058823529,0.9642857142857143,0.40502793296089384,0.3448275862068966,0.3448275862068966,0.92,0.20588235294117646,0.8571428571428571,0.3333333333333333,0.4411764705882353,0.4666666666666667,0.8571428571428571,0.17582417582417584,0.875,0.1978021978021978,0.4444444444444444,0.42857142857142855,0.358974358974359,0.7569832402234636,0.3472222222222222,0.5308046218487393,0.5366470588235295,0.5267755555555557,0.06068601583113457,0.13333333333333333,0.11750599520383694,0.2805755395683453,6.453793103448273,25.463849765258217,0.25588536335721596,1.0,2.0,7.0,10.0,2.0,2.0,,,0.043478260869565216,0.0425531914893617,0.058823529411764705,0.5,1.0,,1.0,1.0,,,1.0,0.004672897196261682,False,,,,,
1641730,1610612751,Noah Clowney,Noah Clowney,1641730,BKN,49099.0,818.0,-248,1631.0,1618,354.0,444.0,210.0,3249,26.0,50.0,6.0,11.0,8.0,16.0,10.0,36.0,1.0,2.0,21.0,56.0,3.0,13.0,53.0,155.0,8.0,17.0,14.0,34.0,37.0,88.0,74.0,211.0,50.0,346.0,1952,7.0,13.0,11.0,24.0,55.0,10.0,26.0,17.0,47.0,24.0,95.0,52.0,22.0,210.0,12.0,1.0,154.0,53.0,15.0,6.0,13.0,19.0,32.0,17.0,2.0,6.0,5.0,2.0,83.0,14.0,14.0,47.0,53.0,7.0,107.0,31.0,138.0,6.0,17.0,8.0,9.0,18.0,1.0,10.0,16.0,1.0,8.0,2.0,4.0,34.0,4.0,9.0,52.0,88.0,2.0,,5.0,64.0,4.0,6.0,6.0,61.0,5.0,,27.0,4.0,15.0,14.0,1.0,16.0,10.0,2.0,95.0,352.0,8.0,4.0,0.7027027027027027,0.8387096774193549,0.9459459459459459,0.35071090047393366,0.4583333333333333,0.3617021276595745,0.3523809523809524,0.42045454545454547,0.5384615384615384,0.38461538461538464,0.49498327759197325,0.6351351351351351,0.4863013698630137,0.5306748466257669,0.6875,0.5397727272727273,0.705685618729097,0.02843601895734597,0.17045454545454544,0.18,0.16666666666666666,0.03571428571428571,19.169329073482427,0.5294117647058824,0.1590909090909091,0.1582089552238806,0.034912718204488775,0.13055555555555556,0.03111111111111111,0.14388489208633093,0.03290246768507638,0.041379310344827586,0.03125,0.03048780487804878,0.03278688524590164,0.1476510067114094,0.18045112781954886,0.1320754716981132,0.125,0.14285714285714285,0.036585365853658534,0.625,0.16722408026755853,0.52,0.6341463414634146,0.6923076923076923,0.12040133779264214,0.2777777777777778,0.3333333333333333,0.8,0.006688963210702341,0.5,0.5,,0.18729096989966554,0.375,0.3888888888888889,1.0,0.5183946488294314,0.3419354838709677,0.3509933774834437,0.9245283018867925,0.2972972972972973,0.5454545454545454,,0.4594594594594595,0.47058823529411764,0.625,0.2191780821917808,0.5,0.1780821917808219,0.23076923076923078,0.4657534246575342,0.4117647058823529,0.8729096989966555,0.34415584415584416,0.5458890939597313,0.5346795454545454,0.5292191780821918,0.08695652173913043,0.24545454545454545,0.15895953757225434,0.2745664739884393,4.561363636363636,25.381516587677726,0.21704475781729002,3.0,7.0,8.0,12.0,3.0,10.0,,,0.06818181818181818,0.03125,0.1891891891891892,0.42857142857142855,1.0,,1.0,,1.0,,1.0,0.0047169811320754715,False,0.025806451612903226,,,,
1630592,1610612751,Jalen Wilson,Jalen Wilson,1630592,BKN,87964.0,1466.0,-263,2889.0,2897,794.0,923.0,371.0,5786,63.0,102.0,16.0,22.0,10.0,26.0,22.0,74.0,4.0,9.0,22.0,73.0,6.0,16.0,59.0,175.0,3.0,16.0,17.0,48.0,89.0,185.0,81.0,248.0,101.0,522.0,3405,20.0,32.0,4.0,22.0,75.0,13.0,39.0,23.0,64.0,42.0,137.0,100.0,78.0,243.0,,1.0,174.0,59.0,32.0,1.0,42.0,68.0,110.0,51.0,17.0,26.0,13.0,3.0,288.0,30.0,23.0,59.0,57.0,9.0,125.0,53.0,178.0,6.0,28.0,20.0,8.0,33.0,6.0,19.0,30.0,7.0,14.0,1.0,4.0,63.0,5.0,13.0,68.0,122.0,5.0,,5.0,84.0,,7.0,3.0,115.0,8.0,8.0,44.0,14.0,3.0,,3.0,3.0,1.0,1.0,134.0,791.0,13.0,11.0,0.5617977528089888,0.6578947368421053,1.0,0.32661290322580644,0.18181818181818182,0.359375,0.32793522267206476,0.4810810810810811,0.625,0.3333333333333333,0.48614318706697457,0.48148148148148145,0.46116504854368934,0.5331262939958592,0.5681818181818182,0.5354330708661418,0.5727482678983834,0.004032258064516129,0.17297297297297298,0.14705882352941177,0.21621621621621623,,16.43546441495778,0.5238095238095238,0.1111111111111111,0.10124333925399645,0.035493827160493825,0.09062980030721966,0.03901170351105332,0.09555189456342669,0.0374029640084686,0.04477611940298507,0.02127659574468085,0.0364963503649635,0.04524886877828054,0.1232876712328767,0.07407407407407407,0.13513513513513514,0.09151785714285714,0.08866995073891626,0.026200873362445413,0.3333333333333333,0.23556581986143188,0.6176470588235294,0.7241379310344828,0.49206349206349204,0.17090069284064666,0.2972972972972973,0.3793103448275862,0.7727272727272727,0.020785219399538105,0.4444444444444444,0.5,0.5,0.16859122401847576,0.3013698630136986,0.3013698630136986,1.0,0.40415704387990764,0.33714285714285713,0.3390804597701149,1.0,0.4074074074074074,0.7272727272727273,0.0625,0.2962962962962963,0.1875,1.0,0.2524271844660194,0.38461538461538464,0.1553398058252427,0.375,0.46601941747572817,0.3541666666666667,0.8083140877598153,0.3390804597701149,0.531833564814815,0.5295749999999999,0.5376279411764706,0.09381663113006397,0.19909502262443438,0.14367816091954022,0.2624521072796935,4.871891891891895,25.64395161290324,0.2748355832467982,1.0,6.0,23.0,26.0,,9.0,,,,0.0784313725490196,0.1111111111111111,0.16666666666666666,1.0,,,,,0.1111111111111111,,,False,0.005714285714285714,1.0,,,1.0
1629651,1610612751,Nic Claxton,Nic Claxton,1629651,BKN,73544.0,1226.0,-346,2394.0,2420,529.0,527.0,274.0,4814,126.0,182.0,28.0,47.0,25.0,33.0,64.0,150.0,4.0,18.0,1.0,5.0,,2.0,,8.0,,1.0,,1.0,194.0,350.0,1.0,13.0,52.0,443.0,2885,39.0,71.0,,2.0,85.0,38.0,70.0,,3.0,8.0,84.0,274.0,114.0,3.0,,,8.0,,20.0,,59.0,47.0,106.0,34.0,13.0,32.0,17.0,10.0,259.0,45.0,51.0,114.0,103.0,18.0,235.0,96.0,331.0,14.0,43.0,28.0,15.0,25.0,5.0,12.0,31.0,,13.0,3.0,3.0,56.0,3.0,14.0,36.0,100.0,1.0,,18.0,118.0,1.0,7.0,3.0,108.0,8.0,,46.0,10.0,63.0,40.0,23.0,68.0,45.0,1.0,84.0,527.0,5.0,10.0,0.7061855670103093,0.791907514450867,1.0,0.07692307692307693,,,0.07692307692307693,0.5542857142857143,0.5492957746478874,0.5428571428571428,0.5385674931129476,0.5342465753424658,0.5205479452054794,0.5389294403892944,0.5379746835443038,0.49411764705882355,0.03581267217630854,,0.05714285714285714,0.06593406593406594,0.05333333333333334,,17.17543214417065,0.44642857142857145,0.4090909090909091,0.19507575757575757,0.08644067796610169,0.20577617328519857,0.07950530035335689,0.20055452865064696,0.08304498269896193,0.0995260663507109,0.08888888888888889,0.07425742574257425,0.09259259259259259,0.1542056074766355,0.22466960352422907,0.21839080459770116,0.2144702842377261,0.18562874251497005,0.09655172413793103,0.6617647058823529,0.5013774104683195,0.6923076923076923,0.7411764705882353,0.6825396825396826,0.4132231404958678,0.4266666666666667,0.4507042253521127,0.734375,0.049586776859504134,0.2222222222222222,0.2222222222222222,1.0,0.013774104683195593,0.2,0.2,1.0,0.02203856749311295,,,,0.6438356164383562,0.5957446808510638,0.17857142857142858,0.0136986301369863,,,0.4520547945205479,0.7575757575757576,0.0273972602739726,,0.0136986301369863,,0.5371900826446281,,0.5495825068870526,0.5451132075471697,0.5312671232876712,0.11471321695760599,0.11855670103092783,0.19187358916478556,0.18961625282167044,5.18742857142857,24.692307692307686,0.220969089390142,,1.0,7.0,42.0,,9.0,,17.0,,0.03125,0.0136986301369863,,,,5.0,4.0,1.0,,,,False,,1.0,,,1.0
203471,1610612751,Dennis Schröder,Dennis Schröder,203471,BKN,46329.0,772.0,-2,1549.0,1536,405.0,441.0,169.0,3085,46.0,81.0,1.0,3.0,9.0,21.0,24.0,63.0,19.0,31.0,7.0,14.0,1.0,2.0,51.0,136.0,7.0,16.0,10.0,35.0,89.0,175.0,58.0,150.0,72.0,424.0,1825,1.0,5.0,7.0,18.0,31.0,22.0,54.0,11.0,37.0,39.0,116.0,40.0,138.0,117.0,57.0,1.0,135.0,51.0,21.0,3.0,75.0,77.0,152.0,57.0,20.0,51.0,22.0,2.0,381.0,,3.0,36.0,27.0,1.0,64.0,4.0,68.0,,26.0,20.0,6.0,39.0,9.0,29.0,20.0,2.0,10.0,1.0,3.0,59.0,2.0,18.0,23.0,56.0,,,4.0,81.0,5.0,3.0,9.0,81.0,7.0,9.0,25.0,12.0,4.0,,4.0,4.0,4.0,,114.0,402.0,4.0,11.0,0.2247191011235955,0.2247191011235955,0.6724137931034483,0.38666666666666666,0.3888888888888889,0.2972972972972973,0.38926174496644295,0.5085714285714286,0.2,0.4074074074074074,0.5415384615384615,0.5,0.4230769230769231,0.5870786516853933,0.5769230769230769,0.5180180180180181,0.46153846153846156,0.02,0.12,0.16049382716049382,0.12698412698412698,,23.946912867859208,0.6610169491525424,0.023809523809523808,0.08181818181818182,0.009375,0.10650887573964497,,0.09431137724550898,0.00424929178470255,0.013333333333333334,0.007194244604316547,,,0.0763888888888889,0.07407407407407407,0.11764705882352941,0.09482758620689655,0.1320754716981132,,1.0,0.24923076923076923,0.5679012345679012,0.6764705882352942,0.2826086956521739,0.19384615384615383,0.38095238095238093,0.43636363636363634,0.125,0.09538461538461539,0.6129032258064516,0.6129032258064516,0.21052631578947367,0.043076923076923075,0.5,0.5,1.0,0.41846153846153844,0.375,0.38345864661654133,0.6274509803921569,0.13043478260869565,0.3333333333333333,1.0,0.6956521739130435,0.4375,0.8571428571428571,0.23076923076923078,0.42857142857142855,0.02197802197802198,0.5,0.38461538461538464,0.2857142857142857,0.7107692307692308,0.37777777777777777,0.5172054012345678,0.5419571428571429,0.4839683333333333,0.0755813953488372,0.12953367875647667,0.07311320754716981,0.27358490566037735,7.075428571428573,26.08933333333333,0.26145900581020015,,2.0,8.0,,1.0,3.0,1.0,,0.030303030303030304,,0.08695652173913043,,,,,,,,1.0,0.006622516556291391,False,0.022058823529411766,,,,
1630570,1610612751,Trendon Watford,Trendon Watford,1630570,BKN,31019.0,517.0,-34,1008.0,1005,307.0,363.0,130.0,2013,46.0,73.0,1.0,6.0,14.0,20.0,33.0,76.0,1.0,3.0,3.0,17.0,1.0,3.0,12.0,36.0,,2.0,4.0,9.0,80.0,152.0,15.0,53.0,53.0,258.0,1119,1.0,11.0,,4.0,3.0,24.0,42.0,5.0,12.0,18.0,81.0,62.0,98.0,45.0,,,36.0,12.0,23.0,3.0,28.0,38.0,66.0,28.0,10.0,19.0,6.0,3.0,170.0,9.0,10.0,23.0,37.0,8.0,68.0,19.0,87.0,7.0,17.0,11.0,6.0,23.0,4.0,11.0,25.0,3.0,12.0,1.0,5.0,48.0,1.0,16.0,31.0,66.0,2.0,,10.0,62.0,2.0,4.0,1.0,66.0,8.0,,30.0,7.0,8.0,4.0,4.0,8.0,4.0,4.0,81.0,305.0,4.0,7.0,0.3875,0.3924050632911392,1.0,0.2830188679245283,,0.4166666666666667,0.2830188679245283,0.5263157894736842,0.09090909090909091,0.5714285714285714,0.5,0.06666666666666667,0.5833333333333334,0.5512820512820513,0.09375,0.6230769230769231,0.25853658536585367,0.05660377358490566,0.1513157894736842,0.1780821917808219,0.11842105263157894,0.11764705882352941,24.102564102564106,0.4791666666666667,0.25,0.178743961352657,0.0390625,0.08778625954198473,0.03734439834024896,0.1279317697228145,0.03822937625754527,0.04716981132075472,0.03759398496240601,0.047337278106508875,0.013888888888888888,0.15789473684210525,0.19811320754716982,0.16,0.08717948717948718,0.08955223880597014,0.08433734939759036,0.5,0.35609756097560974,0.6301369863013698,0.7666666666666667,0.4782608695652174,0.37073170731707317,0.4342105263157895,0.4925373134328358,0.2727272727272727,0.014634146341463415,0.3333333333333333,0.5,,0.08292682926829269,0.17647058823529413,0.2,1.0,0.17560975609756097,0.3333333333333333,0.34285714285714286,1.0,0.4,0.16666666666666666,,0.13333333333333333,,,0.37037037037037035,0.7,0.05555555555555555,0.3333333333333333,0.16666666666666666,0.4444444444444444,0.6146341463414634,0.3333333333333333,0.5254870731707316,0.529055,0.5067092592592594,0.13215859030837004,0.1724137931034483,0.011627906976744186,0.313953488372093,5.131578947368422,25.10943396226415,0.30456349206349204,,2.0,1.0,2.0,,,1.0,,,,0.13333333333333333,,,,,,,0.3333333333333333,,,False,0.027777777777777776,,,,
1641787,1610612751,Tosan Evbuomwan,Tosan Evbuomwan,1641787,BKN,22039.0,367.0,-53,707.0,722,203.0,219.0,98.0,1429,21.0,29.0,3.0,3.0,10.0,11.0,18.0,45.0,1.0,5.0,5.0,21.0,1.0,8.0,7.0,20.0,1.0,6.0,2.0,6.0,40.0,79.0,12.0,41.0,26.0,142.0,786,3.0,8.0,1.0,7.0,13.0,14.0,20.0,3.0,14.0,12.0,49.0,44.0,36.0,36.0,,,20.0,7.0,9.0,,15.0,10.0,25.0,9.0,1.0,12.0,2.0,1.0,60.0,8.0,4.0,30.0,14.0,4.0,48.0,12.0,60.0,1.0,10.0,7.0,3.0,13.0,4.0,8.0,11.0,1.0,5.0,2.0,2.0,24.0,1.0,6.0,12.0,24.0,2.0,,,31.0,,,2.0,37.0,2.0,,17.0,1.0,4.0,2.0,2.0,4.0,2.0,,49.0,203.0,3.0,1.0,0.55,0.5641025641025641,1.0,0.2926829268292683,0.14285714285714285,0.21428571428571427,0.2926829268292683,0.5063291139240507,0.375,0.7,0.48333333333333334,0.3,0.5441176470588235,0.5182481751824818,0.38235294117647056,0.6125,0.3416666666666667,,0.11392405063291139,0.10344827586206896,0.13333333333333333,,19.444444444444446,0.5416666666666666,0.2857142857142857,0.08,0.022099447513812154,0.1694915254237288,0.045714285714285714,0.125,0.033707865168539325,,0.02727272727272727,0.046875,0.0425531914893617,0.10638297872340426,0.0707070707070707,0.06896551724137931,0.17829457364341086,0.14583333333333334,0.017543859649122806,0.5,0.24166666666666667,0.7241379310344828,0.8076923076923077,0.5714285714285714,0.375,0.4,0.46153846153846156,0.5,0.041666666666666664,0.2,0.2,1.0,0.175,0.23809523809523808,0.23809523809523808,1.0,0.16666666666666666,0.35,0.35,1.0,0.2,1.0,0.6666666666666666,0.4,0.16666666666666666,1.0,0.3235294117647059,0.9090909090909091,0.23529411764705882,0.125,0.17647058823529413,0.3333333333333333,0.5833333333333334,0.35,0.5204804166666666,0.5234624999999999,0.5402470588235293,0.1323529411764706,0.18085106382978725,0.09154929577464789,0.34507042253521125,6.549367088607594,24.48048780487805,0.2871287128712871,,1.0,4.0,2.0,,3.0,,,,0.07692307692307693,0.06666666666666667,,,,,,,,1.0,0.023809523809523808,False,,,,,
1641736,1610612751,Reece Beekman,Reece Beekman,1641736,BKN,19569.0,326.0,-58,642.0,644,225.0,248.0,97.0,1286,10.0,23.0,,,5.0,13.0,6.0,17.0,1.0,5.0,3.0,11.0,,3.0,3.0,20.0,1.0,3.0,2.0,10.0,17.0,45.0,6.0,31.0,6.0,58.0,710,1.0,3.0,1.0,5.0,5.0,6.0,21.0,2.0,13.0,3.0,21.0,14.0,20.0,18.0,,,20.0,3.0,4.0,1.0,17.0,19.0,36.0,14.0,5.0,8.0,7.0,2.0,91.0,5.0,2.0,11.0,7.0,,18.0,7.0,25.0,1.0,17.0,11.0,6.0,12.0,2.0,9.0,4.0,2.0,3.0,,,16.0,1.0,3.0,8.0,20.0,,,,21.0,,,6.0,11.0,1.0,,6.0,,1.0,,1.0,2.0,1.0,1.0,21.0,224.0,7.0,,0.4117647058823529,0.4117647058823529,1.0,0.1935483870967742,0.2,0.15384615384615385,0.1935483870967742,0.37777777777777777,0.3333333333333333,0.2857142857142857,0.34210526315789475,0.3125,0.2647058823529412,0.35802469135802467,0.3125,0.28378378378378377,0.40789473684210525,0.03225806451612903,0.08888888888888889,0.13043478260869565,0.058823529411764705,,12.881806108897742,0.75,,0.05555555555555555,0.012658227848101266,0.08029197080291971,0.02717391304347826,0.06844106463878327,0.02046783625730994,,0.02197802197802198,0.02962962962962963,0.02040816326530612,0.046511627906976744,0.05970149253731343,0.0625,0.0625,0.12195121951219512,0.022222222222222223,0.5,0.3026315789473684,0.43478260869565216,0.5,0.4,0.2236842105263158,0.35294117647058826,0.375,0.3333333333333333,0.06578947368421052,0.2,0.2,1.0,0.14473684210526316,0.2727272727272727,0.2727272727272727,1.0,0.2631578947368421,0.15,0.15789473684210525,1.0,,,,0.375,0.3333333333333333,1.0,0.38235294117647056,0.38461538461538464,0.08823529411764706,,0.29411764705882354,0.2,0.7105263157894737,0.15,0.5134368421052632,0.4860124999999999,0.5242485294117648,0.07407407407407407,0.12,0.08620689655172414,0.3620689655172414,6.1644444444444435,25.148387096774194,0.35046728971962615,,2.0,,,,,,,,,0.25,,,,1.0,1.0,,,,,False,0.05,,,,
1641727,1610612751,Dariq Whitehead,Dariq Whitehead,1641727,BKN,3517.0,59.0,-8,127.0,132,39.0,59.0,15.0,259,,1.0,,,,,1.0,3.0,,,1.0,4.0,,,11.0,19.0,,1.0,2.0,7.0,1.0,4.0,12.0,23.0,1.0,39.0,146,,1.0,,1.0,,,2.0,2.0,7.0,1.0,7.0,,2.0,36.0,,,19.0,11.0,1.0,,1.0,,1.0,,,1.0,,,2.0,,,3.0,1.0,1.0,5.0,1.0,6.0,,3.0,1.0,2.0,4.0,1.0,1.0,2.0,,3.0,,1.0,6.0,,2.0,1.0,2.0,,,,2.0,,,,3.0,1.0,,2.0,,,,,1.0,1.0,,7.0,39.0,1.0,,,,1.0,0.5217391304347826,,0.2857142857142857,0.5217391304347826,0.25,,,0.7037037037037037,,0.3333333333333333,0.6964285714285714,,0.35,0.8518518518518519,,0.25,1.0,,,23.448275862068968,0.6666666666666666,0.3333333333333333,0.058823529411764705,,0.0967741935483871,,0.08333333333333333,,,,,,0.125,,,,0.21428571428571427,,1.0,0.037037037037037035,,,,0.1111111111111111,0.3333333333333333,0.3333333333333333,,,,,,0.14814814814814814,0.25,0.25,1.0,0.7037037037037037,0.5789473684210527,0.5789473684210527,1.0,,,,0.5,,,,,,,0.7777777777777778,0.2857142857142857,0.8888888888888888,0.5789473684210527,0.5194148148148149,0.4789,0.47419444444444436,0.07142857142857142,0.4,,0.1794871794871795,7.85,26.169565217391302,0.30708661417322836,,,,,1.0,,,,0.14285714285714285,,,,,,1.0,,1.0,,,,False,,,,,
1642385,1610612751,Cui Yongxi,Cui Yongxi,1642385,BKN,619.0,10.0,2,25.0,25,13.0,25.0,1.0,50,1.0,3.0,,,,,,1.0,,,,2.0,,1.0,,1.0,,,,1.0,1.0,4.0,,3.0,1.0,3.0,19,,,,,,,1.0,,2.0,1.0,1.0,2.0,,,,,1.0,,1.0,,,,,,,,,,,,,2.0,,,2.0,,2.0,,,,,,,,,,,,,,,,,,,,,1.0,,,,2.0,,,1.0,,,,,,,,1.0,13.0,,,1.0,1.0,,,,,,0.25,,,0.14285714285714285,,,0.1875,,0.125,0.42857142857142855,,0.25,0.3333333333333333,,,30.769230769230766,,,,,0.3333333333333333,,0.2222222222222222,,,,,,,,,0.3333333333333333,,,,0.42857142857142855,0.3333333333333333,0.5,1.0,0.14285714285714285,,,,,,,,0.2857142857142857,,,,0.14285714285714285,,,,,,,,,,,,0.3333333333333333,,0.3333333333333333,,0.8571428571428571,,0.5250357142857143,,0.40536666666666665,0.125,0.2,,0.3333333333333333,3.175,24.266666666666666,0.52,,,,,,,,,,,,,,,,,,,,,False,,,,,
1641798,1610612751,Jaylen Martin,Jaylen Martin,1641798,BKN,282.0,5.0,1,12.0,11,10.0,8.0,2.0,23,,,,,,,,1.0,,,1.0,1.0,1.0,1.0,,,,,,,,1.0,1.0,1.0,,3.0,8,,,,,,,1.0,1.0,1.0,,3.0,,,3.0,,,,,,,,,,,,,,,,,,,,,,,,,,,,,,,,,,,,,,,1.0,1.0,,,,,,,,,,,,,,,,,,,3.0,10.0,,,,,1.0,1.0,,1.0,1.0,,,,0.75,,0.75,0.75,,0.75,0.5,,,,,,14.285714285714285,,,,,,,,,,,,,,,,,,,,,,,,0.5,,,,,,,,0.5,1.0,1.0,1.0,,,,,,,,,,,,,0.5,1.0,,,0.5,,0.488275,,0.488275,,,,1.0,6.1,23.2,0.8333333333333334,,,,,,,,,,,,,,,,,,,,,False,,,,,
1630165,1610612751,Killian Hayes,Killian Hayes,1630165,BKN,9740.0,162.0,-24,334.0,341,72.0,111.0,43.0,675,5.0,7.0,2.0,2.0,1.0,2.0,5.0,14.0,,1.0,1.0,3.0,,,7.0,18.0,1.0,3.0,1.0,4.0,10.0,22.0,8.0,21.0,10.0,54.0,400,3.0,4.0,1.0,3.0,9.0,1.0,3.0,1.0,4.0,4.0,9.0,8.0,12.0,24.0,,,18.0,7.0,1.0,,18.0,13.0,31.0,7.0,6.0,9.0,7.0,2.0,75.0,3.0,2.0,9.0,4.0,,13.0,5.0,18.0,1.0,4.0,2.0,2.0,7.0,1.0,6.0,2.0,,1.0,1.0,,9.0,,2.0,8.0,13.0,,,,12.0,2.0,1.0,1.0,12.0,,,4.0,2.0,4.0,3.0,1.0,4.0,3.0,,9.0,72.0,2.0,2.0,0.4,0.5,1.0,0.38095238095238093,0.3333333333333333,0.25,0.38095238095238093,0.45454545454545453,0.75,0.3333333333333333,0.5116279069767442,0.6428571428571429,0.35714285714285715,0.5510204081632653,0.6428571428571429,0.45,0.4883720930232558,,0.045454545454545456,0.14285714285714285,,,14.833759590792837,0.7777777777777778,,0.0547945205479452,0.025,0.13846153846153847,0.033707865168539325,0.09420289855072464,0.029585798816568046,,0.05128205128205128,0.029411764705882353,0.047619047619047616,0.08823529411764706,0.029411764705882353,,0.10869565217391304,0.21052631578947367,0.041666666666666664,0.75,0.16279069767441862,0.7142857142857143,0.8333333333333334,0.2,0.32558139534883723,0.35714285714285715,0.35714285714285715,0.6,0.023255813953488372,,,,0.06976744186046512,0.3333333333333333,0.3333333333333333,1.0,0.4186046511627907,0.3888888888888889,0.3888888888888889,1.0,0.2857142857142857,1.0,,0.42857142857142855,0.3333333333333333,1.0,0.2857142857142857,0.5,,,0.5714285714285714,0.25,0.6511627906976745,0.3888888888888889,0.5336116279069767,0.50645,0.5487571428571429,0.0851063829787234,0.15384615384615385,0.16666666666666666,0.16666666666666666,7.295454545454544,25.44285714285714,0.2155688622754491,,,,4.0,,,,1.0,,,,,,,,,,,,,False,,,,,
1641721,1610612751,Maxwell Lewis,Maxwell Lewis,1641721,BKN,5377.0,90.0,27,180.0,182,48.0,88.0,24.0,362,4.0,6.0,,,2.0,3.0,,4.0,1.0,2.0,3.0,5.0,,,6.0,10.0,1.0,2.0,,1.0,5.0,12.0,9.0,15.0,1.0,38.0,182,,,2.0,3.0,6.0,2.0,5.0,,1.0,,4.0,10.0,,27.0,,,10.0,6.0,2.0,,2.0,2.0,4.0,1.0,1.0,2.0,,,10.0,,1.0,9.0,2.0,2.0,13.0,1.0,14.0,,4.0,3.0,1.0,2.0,,1.0,,,1.0,,,2.0,,1.0,2.0,8.0,,,,1.0,,,,2.0,,,1.0,,1.0,1.0,,1.0,1.0,,4.0,48.0,1.0,,1.0,1.0,1.0,0.6,0.6666666666666666,,0.6,0.4166666666666667,,0.4,0.6851851851851852,1.0,0.3333333333333333,0.6785714285714286,1.0,0.3333333333333333,0.5555555555555556,,0.16666666666666666,0.16666666666666666,0.25,,14.423076923076923,1.0,0.6666666666666666,0.07692307692307693,0.022727272727272728,0.16363636363636364,,0.13580246913580246,0.011627906976744186,,0.043478260869565216,,,0.1111111111111111,0.06666666666666667,,0.17073170731707318,0.14285714285714285,,1.0,0.2222222222222222,0.6666666666666666,0.8,1.0,0.14814814814814814,,,,0.07407407407407407,0.5,0.5,1.0,0.18518518518518517,0.6,0.6,1.0,0.37037037037037035,0.6,0.6,1.0,,,,0.6666666666666666,0.5,1.0,0.5,0.6666666666666666,,,0.16666666666666666,,0.7777777777777778,0.6,0.5279462962962963,0.53445,0.5004666666666667,0.03571428571428571,0.07692307692307693,0.15789473684210525,0.10526315789473684,7.166666666666668,25.21333333333333,0.26666666666666666,1.0,1.0,,,,1.0,,,,,0.3333333333333333,1.0,1.0,,,,,,,,False,,,,,
