EntityId,TeamId,Name,ShortName,RowId,TeamAbbreviation,SecondsPlayed,Minutes,PlusMinus,OffPoss,DefPoss,PenaltyOffPoss,PenaltyDefPoss,SecondChanceOffPoss,TotalPoss,AtRimFGM,AtRimFGA,SecondChanceAtRimFGM,SecondChanceAtRimFGA,PenaltyAtRimFGM,PenaltyAtRimFGA,ShortMidRangeFGM,ShortMidRangeFGA,LongMidRangeFGM,LongMidRangeFGA,Corner3FGM,Corner3FGA,SecondChanceCorner3FGM,SecondChanceCorner3FGA,PenaltyCorner3FGM,PenaltyCorner3FGA,Arc3FGM,Arc3FGA,SecondChanceArc3FGM,SecondChanceArc3FGA,PenaltyArc3FGM,PenaltyArc3FGA,FG2M,FG2A,FG3M,FG3A,FtPoints,Points,OpponentPoints,SecondChanceFG2M,SecondChanceFG2A,SecondChanceFG3M,SecondChanceFG3A,SecondChanceFtPoints,SecondChancePoints,PenaltyFG2M,PenaltyFG2A,PenaltyFG3M,PenaltyFG3A,PenaltyFtPoints,PenaltyPoints,PtsAssisted2s,PtsUnassisted2s,PtsAssisted3s,PtsUnassisted3s,NonHeaveArc3FGA,NonHeaveArc3FGM,Fg2aBlocked,TwoPtAssists,ThreePtAssists,Assists,Arc3Assists,Corner3Assists,AtRimAssists,ShortMidRangeAssists,LongMidRangeAssists,AssistPoints,OffThreePtRebounds,OffTwoPtRebounds,DefThreePtRebounds,DefTwoPtRebounds,FTDefRebounds,DefRebounds,OffRebounds,Rebounds,SelfOReb,Steals,BadPassSteals,LostBallSteals,LiveBallTurnovers,BadPassOutOfBoundsTurnovers,BadPassTurnovers,DeadBallTurnovers,LostBallOutOfBoundsTurnovers,LostBallTurnovers,StepOutOfBoundsTurnovers,Turnovers,SecondChanceTurnovers,PenaltyTurnovers,ShootingFouls,Fouls,Loose Ball Fouls,FoulsDrawn,Loose Ball Fouls Drawn,Offensive Fouls Drawn,FTA,2pt And 1 Free Throw Trips,TwoPtShootingFoulsDrawn,NonShootingFoulsDrawn,Blocked2s,Blocked3s,BlockedArc3,BlockedAtRim,BlockedCorner3,BlockedShortMidRange,Blocks,RecoveredBlocks,PenaltyPointsExcludingTakeFouls,PenaltyOffPossExcludingTakeFouls,NonShootingPenaltyNonTakeFouls,NonShootingPenaltyNonTakeFoulsDrawn,Assisted2sPct,NonPutbacksAssisted2sPct,Assisted3sPct,Fg3Pct,SecondChanceFg3Pct,PenaltyFg3Pct,NonHeaveFg3Pct,Fg2Pct,SecondChanceFg2Pct,PenaltyFg2Pct,EfgPct,SecondChanceEfgPct,PenaltyEfgPct,TsPct,SecondChanceTsPct,PenaltyTsPct,FG3APct,FG2APctBlocked,AtRimPctBlocked,ShortMidRangePctBlocked,Usage,LiveBallTurnoverPct,DefFTReboundPct,DefTwoPtReboundPct,OffTwoPtReboundPct,DefThreePtReboundPct,OffThreePtReboundPct,DefFGReboundPct,OffFGReboundPct,OffAtRimReboundPct,OffShortMidRangeReboundPct,OffArc3ReboundPct,OffCorner3ReboundPct,DefAtRimReboundPct,DefShortMidRangeReboundPct,DefLongMidRangeReboundPct,DefArc3ReboundPct,DefCorner3ReboundPct,SelfORebPct,BlocksRecoveredPct,AtRimFrequency,AtRimAccuracy,UnblockedAtRimAccuracy,AtRimPctAssisted,ShortMidRangeFrequency,ShortMidRangeAccuracy,UnblockedShortMidRangeAccuracy,ShortMidRangePctAssisted,LongMidRangeFrequency,LongMidRangeAccuracy,UnblockedLongMidRangeAccuracy,Corner3Frequency,Corner3Accuracy,UnblockedCorner3Accuracy,Corner3PctAssisted,Arc3Frequency,Arc3Accuracy,UnblockedArc3Accuracy,Arc3PctAssisted,SecondChanceAtRimFrequency,SecondChanceAtRimAccuracy,SecondChanceAtRimPctAssisted,SecondChanceCorner3Frequency,SecondChanceCorner3Accuracy,SecondChanceCorner3PctAssisted,SecondChanceArc3Frequency,SecondChanceArc3Accuracy,SecondChanceArc3PctAssisted,PenaltyAtRimFrequency,PenaltyAtRimAccuracy,PenaltyCorner3Frequency,PenaltyCorner3Accuracy,PenaltyArc3Frequency,PenaltyArc3Accuracy,AtRimFG3AFrequency,NonHeaveArc3Accuracy,ShotQualityAvg,SecondChanceShotQualityAvg,PenaltyShotQualityAvg,ShootingFoulsDrawnPct,TwoPtShootingFoulsDrawnPct,SecondChancePointsPct,PenaltyPointsPct,Avg2ptShotDistance,Avg3ptShotDistance,PenaltyOffPossPct,PtsPutbacks,Fg3aBlocked,FTOffRebounds,Travels,Offensive Fouls,Charge Fouls Drawn,Defensive 3 Seconds Violations,FG3APctBlocked,LongMidRangePctBlocked,Corner3PctBlocked,Arc3PctBlocked,OffFTReboundPct,OffLongMidRangeReboundPct,HeaveAttempts,Charge Fouls,Technical Free Throw Trips,ThreePtShootingFoulsDrawn,LongMidRangePctAssisted,ThreePtShootingFoulsDrawnPct,BlockedLongMidRange,Transition Take Fouls Drawn,3SecondViolations,DefensiveGoaltends,on,Transition Take Fouls,3pt And 1 Free Throw Trips,OffensiveGoaltends,HeaveMakes
1627747,1610612739,Caris LeVert,Caris LeVert,1627747,CLE,28865.0,481,100.0,1013,992,377,334,84.0,2005,35.0,63.0,3.0,4.0,12.0,23.0,10.0,28.0,1.0,5.0,14.0,32.0,3.0,4.0,5.0,9.0,21.0,53.0,2.0,7.0,8.0,19.0,46.0,96.0,35.0,85.0,47.0,244.0,1134,3.0,7.0,5.0,11.0,2.0,23.0,17.0,36.0,13.0,28.0,33.0,106.0,52.0,40.0,84.0,21.0,53.0,21.0,13.0,42.0,28.0,70.0,14.0,14.0,28.0,12.0,2.0,168.0,8.0,3.0,27.0,18.0,2.0,47.0,11.0,58.0,1.0,18.0,14.0,4.0,20.0,4.0,13.0,8.0,3.0,7.0,1.0,28.0,2.0,10.0,8.0,23.0,3.0,44.0,2.0,1.0,66.0,4.0,26.0,8.0,11.0,2.0,1.0,3.0,1.0,8.0,13.0,3.0,106.0,376,6.0,8.0,0.5652173913043478,0.5652173913043478,0.8,0.4117647058823529,0.4545454545454545,0.4642857142857143,0.4117647058823529,0.4791666666666667,0.4285714285714285,0.4722222222222222,0.5441988950276243,0.5833333333333334,0.5703125,0.5781990521327014,0.6052631578947368,0.6309523809523809,0.4696132596685083,0.1354166666666666,0.1904761904761904,0.0357142857142857,21.58988256549232,0.7142857142857143,0.1333333333333333,0.0700389105058365,0.0168539325842696,0.1139240506329113,0.032,0.0910931174089068,0.0257009345794392,0.0108695652173913,0.0298507462686567,0.0382513661202185,0.0149253731343283,0.0625,0.0583333333333333,0.1219512195121951,0.0828402366863905,0.1911764705882352,0.0120481927710843,0.2307692307692307,0.3480662983425414,0.5555555555555556,0.6862745098039216,0.6285714285714286,0.154696132596685,0.3571428571428571,0.3703703703703703,0.4,0.0276243093922651,0.2,0.2,0.1767955801104972,0.4375,0.4375,1.0,0.292817679558011,0.3962264150943396,0.3962264150943396,0.6666666666666666,0.2222222222222222,0.75,1.0,0.2222222222222222,0.75,1.0,0.3888888888888889,0.2857142857142857,1.0,0.359375,0.5217391304347826,0.140625,0.5555555555555556,0.296875,0.4210526315789473,0.8176795580110497,0.3962264150943396,0.5962988950276246,0.63585,0.5979617187500001,0.1280788177339901,0.2203389830508474,0.0942622950819672,0.4344262295081967,4.529166666666667,24.81764705882354,0.3721618953603159,,,,,,,,,,,,,,,,,,,,,,,,True,,,,
1627777,1610612739,Georges Niang,Georges Niang,1627777,CLE,63200.0,1053,198.0,2185,2156,633,593,225.0,4341,46.0,68.0,7.0,11.0,10.0,14.0,30.0,53.0,,2.0,45.0,105.0,,3.0,12.0,24.0,45.0,120.0,4.0,13.0,14.0,33.0,76.0,123.0,90.0,225.0,23.0,445.0,2448,11.0,16.0,4.0,16.0,4.0,38.0,16.0,30.0,26.0,57.0,15.0,125.0,126.0,26.0,267.0,3.0,120.0,45.0,13.0,36.0,31.0,67.0,19.0,12.0,27.0,8.0,1.0,165.0,19.0,13.0,69.0,79.0,7.0,155.0,34.0,189.0,2.0,17.0,7.0,10.0,28.0,4.0,16.0,20.0,2.0,12.0,2.0,48.0,4.0,18.0,58.0,129.0,10.0,30.0,1.0,3.0,29.0,3.0,7.0,9.0,7.0,,,3.0,,4.0,7.0,2.0,123.0,626,16.0,7.0,0.8289473684210527,0.863013698630137,0.9888888888888888,0.4,0.25,0.4561403508771929,0.4,0.6178861788617886,0.6875,0.5333333333333333,0.6063218390804598,0.53125,0.632183908045977,0.6163434903047091,0.5588235294117647,0.6443298969072165,0.646551724137931,0.1056910569105691,0.088235294117647,0.0943396226415094,16.741711011051986,0.5833333333333334,0.1272727272727272,0.1449541284403669,0.0304449648711943,0.1337209302325581,0.0338680926916221,0.1394910461828463,0.0323886639676113,0.0157894736842105,0.05,0.034313725490196,0.0326797385620915,0.1276595744680851,0.1616541353383458,0.1318681318681318,0.1256684491978609,0.1549295774647887,0.0121951219512195,0.2857142857142857,0.1954022988505747,0.6764705882352942,0.7419354838709677,0.9130434782608696,0.1522988505747126,0.5660377358490566,0.625,0.7,0.0057471264367816,,,0.3017241379310345,0.4285714285714285,0.4326923076923077,1.0,0.3448275862068966,0.375,0.3813559322033898,0.9777777777777776,0.34375,0.6363636363636364,0.7142857142857143,0.09375,,,0.40625,0.3076923076923077,1.0,0.160919540229885,0.7142857142857143,0.2758620689655172,0.5,0.3793103448275862,0.4242424242424242,0.8419540229885057,0.375,0.5672132183908046,0.5868852941176472,0.5509252873563217,0.0198863636363636,0.0551181102362204,0.0853932584269663,0.2808988764044944,4.678048780487806,24.59733333333335,0.2897025171624714,6.0,3.0,2.0,5.0,6.0,2.0,3.0,0.0133333333333333,1.0,0.0095238095238095,0.0166666666666666,0.03125,0.0175438596491228,,,,,,,,,,,True,,,,
1628378,1610612739,Donovan Mitchell,Donovan Mitchell,1628378,CLE,35141.0,586,153.0,1224,1199,386,344,126.0,2423,37.0,62.0,4.0,5.0,12.0,18.0,40.0,63.0,20.0,45.0,10.0,18.0,3.0,4.0,4.0,9.0,54.0,147.0,6.0,11.0,14.0,45.0,97.0,170.0,64.0,165.0,84.0,470.0,1300,6.0,7.0,9.0,15.0,2.0,41.0,31.0,52.0,18.0,54.0,37.0,153.0,44.0,150.0,99.0,93.0,145.0,54.0,9.0,40.0,46.0,86.0,29.0,17.0,31.0,9.0,,218.0,3.0,4.0,35.0,26.0,1.0,62.0,8.0,70.0,4.0,22.0,17.0,5.0,20.0,2.0,11.0,13.0,3.0,9.0,,33.0,2.0,13.0,13.0,40.0,4.0,75.0,,3.0,103.0,9.0,34.0,11.0,3.0,,,2.0,,1.0,3.0,2.0,148.0,382,5.0,7.0,0.2268041237113402,0.231578947368421,0.515625,0.3878787878787879,0.6,0.3333333333333333,0.3926380368098159,0.5705882352941176,0.8571428571428571,0.5961538461538461,0.5761194029850746,0.8863636363636364,0.5471698113207547,0.6190476190476191,0.8913043478260869,0.59765625,0.4925373134328358,0.0529411764705882,0.0806451612903225,0.0476190476190476,29.927007299270077,0.6060606060606061,0.0333333333333333,0.0815047021943573,0.0163934426229508,0.1268115942028985,0.0090361445783132,0.1025210084033613,0.0121527777777777,,0.0377358490566037,0.0121951219512195,,0.0776699029126213,0.0421686746987951,0.22,0.1280788177339901,0.1232876712328767,0.0258064516129032,0.6666666666666666,0.1850746268656716,0.5967741935483871,0.6491228070175439,0.2432432432432432,0.1880597014925373,0.6349206349206349,0.6666666666666666,0.275,0.1343283582089552,0.4444444444444444,0.4545454545454545,0.053731343283582,0.5555555555555556,0.5555555555555556,1.0,0.4388059701492537,0.3673469387755102,0.3724137931034483,0.4259259259259259,0.2272727272727272,0.8,0.75,0.1818181818181818,0.75,1.0,0.5,0.5454545454545454,0.8333333333333334,0.1698113207547169,0.6666666666666666,0.0849056603773584,0.4444444444444444,0.4245283018867924,0.3111111111111111,0.6776119402985075,0.3724137931034483,0.5288521084337349,0.5488363636363636,0.5015100961538461,0.1117166212534059,0.1743589743589743,0.0872340425531914,0.325531914893617,8.451764705882352,26.541212121212126,0.315359477124183,4.0,2.0,1.0,2.0,3.0,1.0,1.0,0.0121212121212121,0.0222222222222222,,0.0136054421768707,0.025,,2.0,1.0,2.0,7.0,0.1,0.0406976744186046,,,,,True,,,,
1628386,1610612739,Jarrett Allen,Jarrett Allen,1628386,CLE,22070.0,368,39.0,758,757,160,159,77.0,1515,51.0,72.0,16.0,21.0,7.0,11.0,24.0,42.0,,1.0,,,,,,,,,,,,,75.0,115.0,,,41.0,191.0,902,16.0,22.0,,,7.0,39.0,16.0,21.0,,,15.0,47.0,116.0,34.0,,,,,7.0,17.0,9.0,26.0,7.0,2.0,9.0,7.0,1.0,61.0,15.0,19.0,39.0,49.0,10.0,98.0,34.0,132.0,1.0,12.0,10.0,2.0,10.0,2.0,8.0,6.0,,2.0,,16.0,3.0,4.0,11.0,16.0,1.0,47.0,4.0,2.0,61.0,5.0,29.0,4.0,8.0,,,4.0,,4.0,8.0,5.0,47.0,160,,4.0,0.7733333333333333,0.9508196721311476,,,,,,0.6521739130434783,0.7272727272727273,0.7619047619047619,0.6521739130434783,0.7272727272727273,0.7619047619047619,0.6678321678321678,0.75,0.734375,,0.0608695652173913,0.0833333333333333,0.0238095238095238,18.81656804733728,0.625,0.4545454545454545,0.2692307692307692,0.1319444444444444,0.217877094972067,0.0806451612903225,0.2437673130193905,0.103030303030303,0.1830985915492957,0.08,0.0606060606060606,0.1296296296296296,0.25,0.3076923076923077,0.1851851851851851,0.2325581395348837,0.18,0.03125,0.625,0.6260869565217392,0.7083333333333334,0.7727272727272727,0.6666666666666666,0.3652173913043478,0.5714285714285714,0.5853658536585366,1.0,0.008695652173913,,,,,,,,,,,0.9545454545454546,0.7619047619047619,0.0625,,,,,,,0.5238095238095238,0.6363636363636364,,,,,0.6260869565217392,,0.6090599999999997,0.6400000000000001,0.5900333333333334,0.2086330935251798,0.2086330935251798,0.2041884816753926,0.2460732984293193,3.812173913043479,,0.2110817941952506,28.0,,,3.0,1.0,,,,,,,,0.0869565217391304,,,,,,,,,,,True,,,,
1629636,1610612739,Darius Garland,Darius Garland,1629636,CLE,22986.0,383,24.0,808,795,220,207,79.0,1603,32.0,50.0,3.0,3.0,7.0,13.0,24.0,47.0,7.0,18.0,5.0,12.0,1.0,4.0,1.0,2.0,31.0,78.0,1.0,6.0,3.0,17.0,63.0,115.0,36.0,90.0,45.0,279.0,995,4.0,4.0,2.0,10.0,,14.0,11.0,24.0,4.0,19.0,14.0,48.0,58.0,68.0,45.0,63.0,78.0,31.0,8.0,59.0,38.0,97.0,27.0,11.0,37.0,21.0,1.0,232.0,5.0,2.0,14.0,11.0,,25.0,7.0,32.0,4.0,10.0,5.0,5.0,13.0,3.0,6.0,6.0,2.0,7.0,,19.0,3.0,6.0,12.0,24.0,2.0,48.0,,5.0,54.0,3.0,20.0,5.0,3.0,,,1.0,,1.0,3.0,2.0,45.0,214,3.0,3.0,0.4603174603174603,0.4677419354838709,0.4166666666666667,0.4,0.2,0.2105263157894736,0.4,0.5478260869565217,1.0,0.4583333333333333,0.5707317073170731,0.5,0.3953488372093023,0.6069868995633187,0.5,0.4615384615384615,0.4390243902439024,0.0695652173913043,0.1,0.0638297872340425,27.80269058295964,0.6842105263157895,,0.0569948186528497,0.0129032258064516,0.0769230769230769,0.0263157894736842,0.0666666666666666,0.0202898550724637,,0.0169491525423728,0.0289855072463768,0.0192307692307692,0.0675675675675675,0.0689655172413793,,0.0763358778625954,0.0784313725490196,0.0408163265306122,0.6666666666666666,0.2439024390243902,0.64,0.7111111111111111,0.375,0.2292682926829268,0.5106382978723404,0.5454545454545454,0.5,0.0878048780487804,0.3888888888888889,0.3888888888888889,0.0585365853658536,0.4166666666666667,0.4166666666666667,1.0,0.3804878048780488,0.3974358974358974,0.3974358974358974,0.3225806451612903,0.2142857142857142,1.0,0.3333333333333333,0.2857142857142857,0.25,1.0,0.4285714285714285,0.1666666666666666,1.0,0.3023255813953488,0.5384615384615384,0.0465116279069767,0.5,0.3953488372093023,0.1764705882352941,0.6829268292682927,0.3974358974358974,0.5493380487804878,0.5549428571428571,0.5649790697674418,0.0941704035874439,0.1515151515151515,0.050179211469534,0.1720430107526881,6.7669565217391305,26.046666666666663,0.2722772277227723,2.0,,,,,,,,,,,,0.0555555555555555,,,1.0,2.0,0.7142857142857143,0.0109890109890109,1.0,,,,True,,,,
1629660,1610612739,Ty Jerome,Ty Jerome,1629660,CLE,29807.0,497,75.0,1012,1004,246,246,122.0,2016,20.0,34.0,1.0,2.0,8.0,9.0,46.0,67.0,3.0,7.0,10.0,20.0,2.0,4.0,3.0,6.0,21.0,66.0,2.0,8.0,8.0,23.0,69.0,108.0,31.0,86.0,40.0,271.0,1134,11.0,15.0,4.0,12.0,5.0,39.0,18.0,25.0,11.0,29.0,8.0,77.0,52.0,86.0,66.0,27.0,63.0,21.0,5.0,47.0,40.0,87.0,19.0,21.0,30.0,14.0,3.0,214.0,10.0,7.0,22.0,20.0,4.0,46.0,18.0,64.0,4.0,28.0,12.0,16.0,19.0,2.0,11.0,13.0,2.0,8.0,2.0,32.0,5.0,11.0,13.0,40.0,3.0,39.0,,,44.0,9.0,25.0,1.0,1.0,,,1.0,,,1.0,1.0,77.0,245,4.0,,0.3768115942028985,0.3823529411764705,0.7096774193548387,0.3604651162790697,0.3333333333333333,0.3793103448275862,0.3734939759036144,0.6388888888888888,0.7333333333333333,0.72,0.595360824742268,0.6296296296296297,0.6388888888888888,0.6374407582938388,0.6724137931034483,0.6754385964912281,0.4432989690721649,0.0462962962962962,0.088235294117647,0.0298507462686567,20.93425605536332,0.59375,0.1333333333333333,0.08,0.0325581395348837,0.088,0.03584229390681,0.084,0.034412955465587,0.0319148936170212,0.0333333333333333,0.0298507462686567,0.0512820512820512,0.0975609756097561,0.0714285714285714,0.0714285714285714,0.1073446327683615,0.0410958904109589,0.0476190476190476,1.0,0.1752577319587628,0.5882352941176471,0.6451612903225806,0.2,0.345360824742268,0.6865671641791045,0.7076923076923077,0.4347826086956521,0.0360824742268041,0.4285714285714285,0.4285714285714285,0.1030927835051546,0.5,0.5,1.0,0.3402061855670103,0.3181818181818182,0.3230769230769231,0.5714285714285714,0.074074074074074,0.5,,0.1481481481481481,0.5,1.0,0.2962962962962963,0.25,1.0,0.1666666666666666,0.8888888888888888,0.1111111111111111,0.5,0.4259259259259259,0.3478260869565217,0.6185567010309279,0.3333333333333333,0.5304244680851065,0.481515,0.5264370000000002,0.119047619047619,0.2016129032258064,0.1439114391143911,0.2841328413284132,7.014814814814815,27.5313953488372,0.2430830039525691,2.0,1.0,1.0,4.0,1.0,,,0.0116279069767441,,,0.0151515151515151,0.0344827586206896,0.032258064516129,3.0,1.0,2.0,,0.6666666666666666,,,1.0,,,True,,,,
1630171,1610612739,Isaac Okoro,Isaac Okoro,1630171,CLE,8375.0,140,40.0,280,283,57,70,27.0,563,5.0,11.0,1.0,1.0,2.0,3.0,,1.0,,,2.0,5.0,,,,1.0,3.0,7.0,,,1.0,1.0,5.0,12.0,5.0,12.0,3.0,28.0,313,1.0,2.0,,,1.0,3.0,2.0,3.0,1.0,2.0,1.0,8.0,4.0,6.0,15.0,,7.0,3.0,3.0,5.0,3.0,8.0,1.0,2.0,4.0,1.0,,19.0,4.0,3.0,5.0,,2.0,7.0,8.0,15.0,,5.0,3.0,2.0,1.0,1.0,1.0,4.0,,,,5.0,1.0,1.0,8.0,14.0,2.0,7.0,,,6.0,,1.0,1.0,4.0,,,2.0,,1.0,4.0,1.0,8.0,57,1.0,,0.4,0.5,1.0,0.4166666666666667,,0.5,0.4166666666666667,0.4166666666666667,0.5,0.6666666666666666,0.5208333333333334,0.5,0.7,0.5185185185185185,0.375,0.6666666666666666,0.5,0.25,0.1818181818181818,1.0,9.904153354632587,0.2,0.1538461538461538,,0.0566037735849056,0.0641025641025641,0.064516129032258,0.0359712230215827,0.0608695652173913,0.0416666666666666,0.05,0.0769230769230769,0.0434782608695652,,,,0.0714285714285714,0.0454545454545454,,0.25,0.4583333333333333,0.4545454545454545,0.5555555555555556,0.4,0.0416666666666666,,,,,,,0.2083333333333333,0.4,0.4,1.0,0.2916666666666667,0.4285714285714285,0.4285714285714285,1.0,0.5,1.0,,,,,,,,0.6,0.6666666666666666,0.2,,0.2,1.0,0.9583333333333334,0.4285714285714285,0.6502479166666667,0.7484,0.70786,0.0769230769230769,0.0769230769230769,0.1071428571428571,0.2857142857142857,1.4916666666666665,24.59166666666667,0.2035714285714285,2.0,,1.0,,3.0,1.0,,,,,,0.1666666666666666,0.1111111111111111,,,,1.0,,0.0769230769230769,1.0,,,,True,,,,
1630241,1610612739,Sam Merrill,Sam Merrill,1630241,CLE,30254.0,504,130.0,1040,1031,292,329,103.0,2071,9.0,14.0,1.0,1.0,3.0,3.0,2.0,5.0,2.0,3.0,11.0,33.0,1.0,4.0,1.0,6.0,37.0,98.0,4.0,6.0,6.0,25.0,13.0,22.0,48.0,131.0,19.0,189.0,1136,1.0,1.0,5.0,10.0,3.0,20.0,4.0,6.0,7.0,31.0,13.0,42.0,22.0,4.0,144.0,,98.0,37.0,7.0,20.0,22.0,42.0,10.0,12.0,11.0,9.0,,106.0,8.0,3.0,24.0,17.0,,41.0,12.0,53.0,1.0,13.0,10.0,3.0,5.0,3.0,4.0,7.0,,1.0,1.0,12.0,4.0,4.0,14.0,44.0,2.0,23.0,3.0,3.0,20.0,,2.0,5.0,5.0,,,4.0,,1.0,5.0,3.0,41.0,286,6.0,4.0,0.8461538461538461,0.8461538461538461,1.0,0.366412213740458,0.5,0.2258064516129032,0.366412213740458,0.5909090909090909,1.0,0.6666666666666666,0.5555555555555556,0.7727272727272727,0.3918918918918919,0.5833333333333334,0.8333333333333334,0.4772727272727273,0.8562091503267973,0.3181818181818182,0.2857142857142857,0.6,15.0,0.4166666666666667,,0.0651340996168582,0.0143540669856459,0.1012658227848101,0.030188679245283,0.0823293172690763,0.0232067510548523,0.0108695652173913,,0.0360824742268041,0.0140845070422535,0.0631578947368421,0.0551181102362204,0.1025641025641025,0.1098265895953757,0.078125,0.0120481927710843,0.6,0.0915032679738562,0.6428571428571429,0.9,0.8888888888888888,0.0326797385620915,0.4,1.0,0.5,0.0196078431372549,0.6666666666666666,0.6666666666666666,0.2156862745098039,0.3333333333333333,0.34375,1.0,0.6405228758169934,0.3775510204081632,0.3775510204081632,1.0,0.0909090909090909,1.0,1.0,0.3636363636363636,0.25,1.0,0.5454545454545454,0.6666666666666666,1.0,0.081081081081081,1.0,0.1621621621621621,0.1666666666666666,0.6756756756756757,0.24,0.9477124183006536,0.3775510204081632,0.567453594771242,0.705975,0.548541891891892,0.0192307692307692,0.0833333333333333,0.1058201058201058,0.2222222222222222,5.359090909090909,25.389312977099245,0.2807692307692307,,1.0,1.0,1.0,2.0,3.0,,0.0076335877862595,,0.0303030303030303,,0.0277777777777777,0.0666666666666666,,,,2.0,1.0,0.0075757575757575,,,,,True,,,,
1630596,1610612739,Evan Mobley,Evan Mobley,1630596,CLE,30667.0,511,139.0,1074,1050,334,320,101.0,2124,88.0,121.0,16.0,22.0,24.0,29.0,18.0,54.0,1.0,6.0,3.0,7.0,1.0,1.0,1.0,2.0,13.0,37.0,,1.0,3.0,10.0,107.0,181.0,16.0,44.0,70.0,332.0,1161,16.0,26.0,1.0,2.0,14.0,49.0,32.0,45.0,4.0,12.0,19.0,95.0,140.0,74.0,42.0,6.0,36.0,13.0,17.0,21.0,33.0,54.0,24.0,9.0,12.0,8.0,1.0,141.0,20.0,22.0,56.0,70.0,10.0,136.0,42.0,178.0,7.0,17.0,10.0,7.0,13.0,3.0,5.0,20.0,5.0,8.0,,33.0,2.0,7.0,24.0,39.0,,75.0,4.0,1.0,97.0,12.0,46.0,7.0,25.0,,,16.0,,9.0,25.0,18.0,95.0,328,3.0,7.0,0.6542056074766355,0.7446808510638298,0.875,0.3636363636363636,0.5,0.3333333333333333,0.3720930232558139,0.5911602209944752,0.6153846153846154,0.7111111111111111,0.5822222222222222,0.625,0.6666666666666666,0.6217228464419475,0.7,0.6690140845070423,0.1955555555555555,0.0939226519337016,0.1157024793388429,0.0555555555555555,25.273799494524013,0.3939393939393939,0.4166666666666667,0.2564102564102564,0.1067961165048543,0.2258064516129032,0.0732600732600732,0.2418426103646833,0.0876826722338204,0.1264367816091954,0.09375,0.065,0.0958904109589041,0.1935483870967742,0.2954545454545454,0.2708333333333333,0.2378378378378378,0.1904761904761904,0.0853658536585365,0.72,0.5377777777777778,0.7272727272727273,0.822429906542056,0.6704545454545454,0.24,0.3333333333333333,0.3529411764705882,0.5555555555555556,0.0266666666666666,0.1666666666666666,0.1666666666666666,0.0311111111111111,0.4285714285714285,0.4285714285714285,1.0,0.1644444444444444,0.3513513513513513,0.3513513513513513,0.8461538461538461,0.7857142857142857,0.7272727272727273,0.1875,0.0357142857142857,1.0,1.0,0.0357142857142857,,,0.5087719298245614,0.8275862068965517,0.0350877192982456,0.5,0.175438596491228,0.3,0.7333333333333333,0.3611111111111111,0.5906254464285714,0.6098399999999999,0.5718140350877192,0.1776061776061776,0.213953488372093,0.1475903614457831,0.286144578313253,3.884530386740331,25.85454545454545,0.3109869646182495,26.0,,,5.0,4.0,,,,,,,,0.0869565217391304,1.0,2.0,,1.0,1.0,,,,1.0,,True,,,,
1629622,1610612739,Max Strus,Max Strus,1629622,CLE,15842.0,264,-13.0,559,551,166,125,54.0,1110,8.0,12.0,,1.0,,1.0,1.0,5.0,,1.0,5.0,21.0,1.0,3.0,1.0,4.0,11.0,38.0,,,4.0,9.0,9.0,18.0,16.0,59.0,3.0,69.0,676,1.0,4.0,1.0,3.0,,5.0,,2.0,5.0,13.0,,15.0,18.0,,48.0,,38.0,11.0,3.0,26.0,10.0,36.0,9.0,1.0,14.0,10.0,2.0,82.0,9.0,2.0,21.0,20.0,2.0,43.0,11.0,54.0,,4.0,3.0,1.0,7.0,1.0,4.0,2.0,,3.0,,9.0,,2.0,14.0,23.0,2.0,9.0,,2.0,4.0,,2.0,,3.0,,,2.0,,1.0,3.0,3.0,15.0,164,1.0,,1.0,1.0,1.0,0.2711864406779661,0.3333333333333333,0.3846153846153846,0.2711864406779661,0.5,0.25,,0.4285714285714285,0.3571428571428571,0.5,0.4367088607594936,0.3571428571428571,0.5,0.7662337662337663,0.1666666666666666,0.0833333333333333,0.4,14.193548387096774,0.7777777777777778,0.1538461538461538,0.145985401459854,0.0196078431372549,0.168,0.0584415584415584,0.1564885496183206,0.04296875,,0.032258064516129,0.0673076923076923,0.04,0.1666666666666666,0.1304347826086956,0.1538461538461538,0.1958762886597938,0.0714285714285714,,1.0,0.1558441558441558,0.6666666666666666,0.7272727272727273,1.0,0.0649350649350649,0.2,0.3333333333333333,1.0,0.0129870129870129,,,0.2727272727272727,0.238095238095238,0.238095238095238,1.0,0.4935064935064935,0.2894736842105263,0.2972972972972973,1.0,0.1428571428571428,,,0.4285714285714285,0.3333333333333333,1.0,,,,0.0666666666666666,,0.2666666666666666,0.25,0.6,0.4444444444444444,0.922077922077922,0.2894736842105263,0.5694941558441556,0.5228,0.5329266666666667,0.0253164556962025,0.1,0.072463768115942,0.217391304347826,4.277777777777777,25.27966101694916,0.29695885509839,,1.0,,1.0,,2.0,,0.0169491525423728,,,0.0263157894736842,,,,,,,,,,,,,True,,,,
1629731,1610612739,Dean Wade,Dean Wade,1629731,CLE,7980.0,133,48.0,276,272,83,63,32.0,548,3.0,4.0,2.0,2.0,,,,,,,3.0,7.0,1.0,2.0,1.0,2.0,7.0,17.0,2.0,2.0,2.0,4.0,3.0,4.0,10.0,24.0,2.0,38.0,293,2.0,2.0,3.0,4.0,,13.0,,,3.0,6.0,,9.0,2.0,4.0,30.0,,17.0,7.0,1.0,4.0,2.0,6.0,1.0,1.0,1.0,2.0,1.0,14.0,9.0,1.0,9.0,16.0,3.0,28.0,10.0,38.0,,3.0,1.0,2.0,2.0,,1.0,1.0,,1.0,,3.0,,3.0,8.0,11.0,,5.0,1.0,2.0,4.0,,2.0,,6.0,,,3.0,,3.0,6.0,2.0,9.0,83,,,0.3333333333333333,1.0,1.0,0.4166666666666667,0.75,0.5,0.4166666666666667,0.75,1.0,,0.6428571428571429,1.0833333333333333,0.75,0.6333333333333333,1.0833333333333333,0.75,0.8571428571428571,0.25,0.25,,10.509554140127388,0.6666666666666666,0.4285714285714285,0.1975308641975308,0.0208333333333333,0.1451612903225806,0.1125,0.1748251748251748,0.078125,,,0.1016949152542373,0.1428571428571428,0.2051282051282051,0.15625,0.3,0.1219512195121951,0.1904761904761904,,0.3333333333333333,0.1428571428571428,0.75,1.0,0.3333333333333333,,,,,,,,0.25,0.4285714285714285,0.4285714285714285,1.0,0.6071428571428571,0.4117647058823529,0.4117647058823529,1.0,0.3333333333333333,1.0,,0.3333333333333333,0.5,1.0,0.3333333333333333,1.0,1.0,,,0.3333333333333333,0.5,0.6666666666666666,0.5,1.0,0.4117647058823529,0.5765339285714287,0.5874,0.553725,0.0666666666666666,0.3333333333333333,0.3421052631578947,0.2368421052631578,1.35,24.75833333333333,0.3007246376811594,4.0,,,,,,,,,,,,0.2,,1.0,,,,,,,,,True,,,,
202684,1610612739,Tristan Thompson,Tristan Thompson,202684,CLE,5831.0,97,-5.0,189,188,60,55,29.0,377,5.0,10.0,2.0,6.0,2.0,3.0,2.0,5.0,,,,,,,,,,2.0,,,,,7.0,15.0,,2.0,4.0,18.0,214,3.0,7.0,,,3.0,9.0,2.0,5.0,,,,4.0,8.0,6.0,,,2.0,,2.0,4.0,7.0,11.0,5.0,2.0,3.0,1.0,,29.0,5.0,8.0,9.0,16.0,2.0,27.0,13.0,40.0,1.0,1.0,1.0,,1.0,,,3.0,,1.0,1.0,4.0,2.0,1.0,5.0,13.0,5.0,9.0,2.0,,13.0,1.0,6.0,1.0,4.0,,,1.0,,3.0,4.0,4.0,4.0,60,,1.0,0.5714285714285714,0.6666666666666666,,,,,,0.4666666666666667,0.4285714285714285,0.4,0.4117647058823529,0.4285714285714285,0.4,0.391304347826087,0.45,0.2857142857142857,0.1176470588235294,0.1333333333333333,0.1,0.2,12.10762331838565,0.25,0.4,0.3404255319148936,0.1739130434782608,0.1875,0.0909090909090909,0.2631578947368421,0.1287128712871287,0.25,0.1304347826086956,0.0888888888888888,0.1,0.1111111111111111,0.3461538461538461,0.5,0.2058823529411764,0.1428571428571428,0.125,1.0,0.5882352941176471,0.5,0.5555555555555556,0.4,0.2941176470588235,0.4,0.5,1.0,,,,,,,,0.1176470588235294,,,,0.8571428571428571,0.3333333333333333,0.5,,,,,,,0.6,0.6666666666666666,,,,,0.7058823529411765,,0.5891323529411765,0.5949,0.60242,0.2727272727272727,0.3,0.5,0.2222222222222222,3.1866666666666674,26.15,0.3174603174603174,2.0,,,1.0,,,1.0,,,,,,0.1428571428571428,,1.0,,,,,,,,1.0,True,,,,
1641854,1610612739,Craig Porter Jr.,Craig Porter Jr.,1641854,CLE,7624.0,127,49.0,252,251,60,50,30.0,503,8.0,12.0,1.0,1.0,,,2.0,7.0,1.0,3.0,1.0,3.0,,,1.0,1.0,3.0,4.0,1.0,1.0,,,11.0,22.0,4.0,7.0,2.0,36.0,268,1.0,1.0,1.0,1.0,,5.0,,2.0,1.0,1.0,2.0,5.0,12.0,10.0,12.0,,4.0,3.0,6.0,10.0,8.0,18.0,5.0,3.0,5.0,5.0,,44.0,2.0,1.0,6.0,5.0,1.0,12.0,3.0,15.0,1.0,5.0,3.0,2.0,4.0,1.0,1.0,1.0,,3.0,,5.0,,2.0,7.0,8.0,1.0,1.0,,,2.0,,,1.0,4.0,1.0,1.0,1.0,,3.0,5.0,4.0,5.0,59,,1.0,0.5454545454545454,0.5454545454545454,1.0,0.5714285714285714,1.0,1.0,0.5714285714285714,0.5,1.0,,0.5862068965517241,1.25,0.5,0.6,1.25,0.625,0.2413793103448276,0.2727272727272727,0.25,0.2857142857142857,12.280701754385964,0.8,0.25,0.081967213114754,0.0192307692307692,0.0833333333333333,0.0392156862745098,0.0827067669172932,0.029126213592233,,0.05,0.0512820512820512,,0.05,0.1071428571428571,0.0769230769230769,0.0925925925925925,0.0555555555555555,0.125,0.8,0.4137931034482758,0.6666666666666666,0.8888888888888888,0.625,0.2413793103448276,0.2857142857142857,0.4,0.5,0.1034482758620689,0.3333333333333333,0.5,0.1034482758620689,0.3333333333333333,0.3333333333333333,1.0,0.1379310344827586,0.75,0.75,1.0,0.5,1.0,,,,,0.5,1.0,1.0,,,0.3333333333333333,1.0,,,0.6551724137931034,0.75,0.5773844827586206,,0.4677333333333333,,,0.1388888888888889,0.1388888888888889,5.509090909090909,25.2,0.238095238095238,,,,,,,,,0.3333333333333333,,,,,,,,,,,,,,,True,,,,
1642281,1610612739,Jaylon Tyson,Jaylon Tyson,1642281,CLE,5937.0,99,-1.0,208,206,60,52,29.0,414,7.0,13.0,1.0,2.0,1.0,2.0,2.0,6.0,,,1.0,3.0,,,1.0,2.0,2.0,5.0,1.0,1.0,1.0,2.0,9.0,19.0,3.0,8.0,3.0,30.0,223,1.0,3.0,1.0,1.0,1.0,6.0,1.0,3.0,2.0,4.0,2.0,10.0,12.0,6.0,6.0,3.0,5.0,2.0,1.0,4.0,7.0,11.0,4.0,3.0,4.0,,,29.0,5.0,3.0,8.0,5.0,,13.0,8.0,21.0,1.0,2.0,2.0,,2.0,1.0,,2.0,,2.0,,4.0,,,4.0,10.0,1.0,4.0,1.0,1.0,4.0,,2.0,,,,,,,,,,10.0,59,3.0,,0.6666666666666666,0.75,0.6666666666666666,0.375,1.0,0.5,0.375,0.4736842105263157,0.3333333333333333,0.3333333333333333,0.5,0.625,0.5714285714285714,0.5172413793103449,0.6,0.625,0.2962962962962963,0.0526315789473684,0.0769230769230769,,13.46938775510204,0.5,,0.1136363636363636,0.0681818181818181,0.1428571428571428,0.0862068965517241,0.13,0.0784313725490196,0.1052631578947368,0.05,0.0888888888888888,0.0769230769230769,,0.1818181818181818,0.0909090909090909,0.073170731707317,0.3333333333333333,0.0714285714285714,,0.4814814814814814,0.5384615384615384,0.5833333333333334,0.7142857142857143,0.2222222222222222,0.3333333333333333,0.3333333333333333,0.5,,,,0.1111111111111111,0.3333333333333333,0.3333333333333333,1.0,0.1851851851851851,0.4,0.4,0.5,0.5,0.5,,,,,0.25,1.0,1.0,0.2857142857142857,0.5,0.2857142857142857,0.5,0.2857142857142857,0.5,0.7777777777777778,0.4,0.6179629629629629,0.5922666666666666,0.6455714285714286,0.0689655172413793,0.0952380952380952,0.2,0.3333333333333333,3.1,25.6125,0.2884615384615384,2.0,,,1.0,,,,,,,,,,,,,,,,,,,,True,,,,
1631247,1610612739,Luke Travers,Luke Travers,1631247,CLE,1021.0,17,12.0,33,33,17,12,4.0,66,2.0,3.0,,,1.0,1.0,,,,,,1.0,,,,1.0,,,,,,,2.0,3.0,,1.0,,4.0,32,,,,,,,1.0,1.0,,1.0,,2.0,4.0,,,,,,,1.0,1.0,2.0,1.0,,,1.0,,5.0,,,1.0,2.0,,3.0,,3.0,,1.0,1.0,,1.0,,1.0,,,,,1.0,,1.0,,,,,,,,,,,,,,,,,,,2.0,17,,,1.0,1.0,,,,,,0.6666666666666666,,1.0,0.5,,0.5,0.5,,0.5,0.25,,,,13.513513513513514,1.0,,0.2222222222222222,,0.1,,0.1578947368421052,,,,,,,0.5,,0.25,,,,0.75,0.6666666666666666,0.6666666666666666,1.0,,,,,,,,0.25,,,,,,,,,,,,,,,,,0.5,1.0,0.5,,,,1.0,,0.7194375,,0.684675,,,,0.5,1.1333333333333335,24.5,0.5151515151515151,,,,,,,,,,,,,,,,,,,,,,,,True,,,,
1641734,1610612739,Emoni Bates,Emoni Bates,1641734,CLE,278.0,5,,9,8,9,2,3.0,17,,,,,,,,,,1.0,,,,,,,,1.0,,,,1.0,,1.0,,1.0,,,7,,,,,,,,1.0,,1.0,,,,,,,1.0,,,,1.0,1.0,1.0,,,,,3.0,,,,,,,,,,,,,,,,,,,,,,,,,,,,,,,,,,,,,,,,,,9,,,,,,,,,,,,,,,,,,,0.5,,,,15.384615384615383,,,,,,,,,,,,,,,,,,,,,,,,,,,,0.5,,,,,,,0.5,,,,,,,,,,,,,,,,,0.5,,0.5,,0.434725,,0.434725,,,,,14.3,25.7,1.0,,,,,,,,,,,,,,,,,,,,,,,,True,,,,
1630550,1610612739,JT Thor,JT Thor,1630550,CLE,122.0,2,2.0,5,4,5,4,,9,1.0,1.0,,,1.0,1.0,,,,,,,,,,,,,,,,,1.0,1.0,,,,2.0,4,,,,,,,1.0,1.0,,,,2.0,2.0,,,,,,,,,,,,,,,,,,,,,,,,,,,,,,,,,,,,,,1.0,1.0,,,,,,,,,,1.0,1.0,,,,1.0,1.0,2.0,5,,,1.0,1.0,,,,,,1.0,,1.0,1.0,,1.0,1.0,,1.0,,,,,20.0,,,,,,,,,,,,,,,,,,,1.0,1.0,1.0,1.0,1.0,,,,,,,,,,,,,,,,,,,,,,,,,1.0,1.0,,,,,1.0,,0.8501,,0.8501,,,,1.0,0.8,,1.0,,,,,,,,,,,,,,,,,,,,,,,,True,,,,
1627747,1610612739,Caris LeVert,Caris LeVert,1627747,CLE,25385.0,423,138.0,899,898,313,295,95.0,1797,23.0,36.0,2.0,5.0,9.0,15.0,6.0,16.0,,2.0,9.0,19.0,,,3.0,7.0,16.0,44.0,2.0,5.0,1.0,8.0,29.0,54.0,25.0,63.0,11.0,144.0,999,3.0,7.0,2.0,5.0,1.0,13.0,12.0,23.0,4.0,15.0,2.0,38.0,34.0,24.0,63.0,12.0,44.0,16.0,2.0,34.0,36.0,70.0,26.0,10.0,27.0,6.0,1.0,176.0,8.0,3.0,20.0,16.0,2.0,38.0,11.0,49.0,,15.0,6.0,9.0,17.0,4.0,12.0,6.0,,5.0,,23.0,2.0,8.0,13.0,25.0,1.0,13.0,,,17.0,2.0,7.0,1.0,4.0,2.0,2.0,2.0,,2.0,6.0,2.0,38.0,308,5.0,1.0,0.5862068965517241,0.6071428571428571,0.84,0.3968253968253968,0.4,0.2666666666666666,0.3968253968253968,0.5370370370370371,0.4285714285714285,0.5217391304347826,0.5683760683760684,0.5,0.4736842105263157,0.5806451612903226,0.5,0.475,0.5384615384615384,0.037037037037037,0.0555555555555555,,14.685314685314683,0.7391304347826086,0.1,0.0692640692640692,0.0174418604651162,0.1015228426395939,0.0408163265306122,0.0841121495327102,0.029891304347826,0.0135135135135135,,0.0547945205479452,,0.0555555555555555,0.0505050505050505,0.1428571428571428,0.086092715231788,0.1521739130434782,,0.3333333333333333,0.3076923076923077,0.6388888888888888,0.6764705882352942,0.6521739130434783,0.1367521367521367,0.375,0.375,0.3333333333333333,0.017094017094017,,,0.1623931623931624,0.4736842105263157,0.4736842105263157,0.8888888888888888,0.376068376068376,0.3636363636363636,0.3636363636363636,0.8125,0.4166666666666667,0.4,0.5,,,,0.4166666666666667,0.4,1.0,0.3947368421052631,0.6,0.1842105263157894,0.4285714285714285,0.2105263157894736,0.125,0.8461538461538461,0.3636363636363636,0.5946452586206898,0.5513916666666666,0.5907105263157896,0.065040650406504,0.1186440677966101,0.0902777777777777,0.2638888888888889,4.233333333333335,25.07619047619048,0.3481646273637375,2.0,,,1.0,1.0,,,,,,,,0.0833333333333333,,,,1.0,,0.015625,,,,,False,,,,
1628378,1610612739,Donovan Mitchell,Donovan Mitchell,1628378,CLE,79401.0,1323,352.0,2743,2750,529,568,322.0,5493,92.0,152.0,15.0,21.0,21.0,34.0,66.0,151.0,45.0,113.0,19.0,42.0,,6.0,2.0,8.0,128.0,348.0,10.0,25.0,23.0,62.0,203.0,416.0,147.0,390.0,158.0,1005.0,3078,21.0,44.0,10.0,31.0,13.0,85.0,33.0,72.0,25.0,70.0,45.0,186.0,92.0,314.0,243.0,198.0,347.0,128.0,28.0,99.0,105.0,204.0,61.0,44.0,75.0,22.0,2.0,513.0,17.0,21.0,80.0,74.0,3.0,157.0,39.0,196.0,13.0,58.0,40.0,18.0,73.0,10.0,39.0,22.0,4.0,34.0,1.0,95.0,5.0,13.0,44.0,81.0,9.0,149.0,1.0,4.0,192.0,12.0,68.0,19.0,9.0,,,7.0,,2.0,9.0,4.0,171.0,515,6.0,7.0,0.2266009852216748,0.2346938775510204,0.5510204081632653,0.3769230769230769,0.3225806451612903,0.3571428571428571,0.377892030848329,0.4879807692307692,0.4772727272727273,0.4583333333333333,0.5254342431761787,0.48,0.4964788732394366,0.5613738738738738,0.5120481927710844,0.5479041916167665,0.4838709677419355,0.0673076923076923,0.1184210526315789,0.0596026490066225,31.420327027893556,0.7684210526315789,0.0508474576271186,0.1048158640226629,0.0360205831903945,0.1358234295415959,0.0257966616084977,0.1189189189189189,0.0305958132045088,0.0382775119617224,0.0463320463320463,0.0238095238095238,0.032258064516129,0.0985401459854014,0.1121794871794871,0.1,0.1513761467889908,0.0915032679738562,0.0311750599520383,0.4444444444444444,0.1885856079404466,0.6052631578947368,0.6865671641791045,0.2717391304347826,0.1873449131513647,0.4370860927152318,0.4647887323943662,0.2575757575757575,0.1401985111662531,0.3982300884955752,0.4017857142857143,0.0521091811414392,0.4523809523809524,0.4523809523809524,0.8947368421052632,0.4317617866004963,0.367816091954023,0.3710144927536232,0.5,0.28,0.7142857142857143,0.4,0.08,,,0.3333333333333333,0.4,1.0,0.2394366197183098,0.6176470588235294,0.056338028169014,0.25,0.4366197183098591,0.3709677419354839,0.6724565756823822,0.3688760806916426,0.5351189912826898,0.5227670731707317,0.5266845323741006,0.0886075949367088,0.1440677966101695,0.0845771144278607,0.1850746268656716,8.820673076923079,26.218205128205128,0.1928545388261028,14.0,3.0,1.0,3.0,2.0,2.0,2.0,0.0076923076923076,0.0088495575221238,,0.0086206896551724,0.0181818181818181,0.008695652173913,1.0,1.0,10.0,9.0,0.0888888888888888,0.0226700251889168,,1.0,,,False,1.0,2.0,,
1628386,1610612739,Jarrett Allen,Jarrett Allen,1628386,CLE,93073.0,1551,406.0,3235,3253,600,602,391.0,6488,222.0,281.0,43.0,65.0,39.0,49.0,74.0,127.0,2.0,5.0,,2.0,,,,,,1.0,,,,,298.0,413.0,,3.0,130.0,726.0,3625,51.0,79.0,,,29.0,131.0,48.0,64.0,,,39.0,135.0,500.0,96.0,,,1.0,,28.0,63.0,42.0,105.0,34.0,8.0,34.0,23.0,6.0,252.0,71.0,74.0,173.0,202.0,33.0,408.0,145.0,553.0,4.0,53.0,32.0,21.0,30.0,8.0,18.0,32.0,4.0,12.0,1.0,62.0,10.0,14.0,55.0,90.0,9.0,163.0,20.0,6.0,169.0,21.0,78.0,17.0,57.0,,,37.0,,20.0,57.0,31.0,134.0,588,6.0,15.0,0.8389261744966443,0.9578544061302682,,,,,,0.7215496368038741,0.6455696202531646,0.75,0.7163461538461539,0.6455696202531646,0.75,0.7408163265306122,0.6752577319587629,0.7670454545454546,0.0072115384615384,0.0677966101694915,0.0711743772241993,0.0629921259842519,14.959349593495936,0.4838709677419355,0.4459459459459459,0.2399049881235154,0.1051136363636363,0.2440056417489421,0.0922077922077922,0.241779497098646,0.098371777476255,0.1022727272727272,0.109375,0.0909090909090909,0.0962566844919786,0.173780487804878,0.2821917808219178,0.2818791946308724,0.2362948960302457,0.2666666666666666,0.0454545454545454,0.543859649122807,0.6754807692307693,0.7900355871886121,0.8505747126436781,0.8063063063063063,0.3052884615384615,0.5826771653543307,0.6218487394957983,0.9324324324324323,0.0120192307692307,0.4,0.4,0.0048076923076923,,,,0.0024038461538461,,,,0.8227848101265823,0.6615384615384615,0.1860465116279069,,,,,,,0.765625,0.7959183673469388,,,,,0.6826923076923077,,0.6302747596153847,0.5917584905660378,0.6224328124999998,0.1649048625792812,0.1659574468085106,0.1804407713498622,0.1859504132231405,3.3292978208232435,24.066666666666663,0.1854714064914992,74.0,,,4.0,9.0,1.0,2.0,,,,,,0.1,,3.0,,,1.0,,,,,2.0,False,,,1.0,
1629622,1610612739,Max Strus,Max Strus,1629622,CLE,41241.0,687,216.0,1435,1442,297,233,183.0,2877,22.0,32.0,5.0,6.0,2.0,4.0,2.0,6.0,,,23.0,52.0,4.0,11.0,2.0,6.0,46.0,115.0,3.0,9.0,9.0,26.0,24.0,38.0,69.0,167.0,19.0,274.0,1580,5.0,6.0,7.0,20.0,,31.0,2.0,5.0,11.0,32.0,12.0,49.0,30.0,18.0,198.0,9.0,114.0,46.0,4.0,60.0,24.0,84.0,18.0,6.0,45.0,14.0,1.0,192.0,18.0,7.0,35.0,47.0,5.0,87.0,25.0,112.0,4.0,19.0,13.0,6.0,18.0,2.0,13.0,9.0,2.0,5.0,4.0,27.0,5.0,5.0,30.0,54.0,6.0,33.0,2.0,4.0,21.0,1.0,2.0,6.0,6.0,1.0,1.0,2.0,,4.0,7.0,2.0,49.0,291,3.0,6.0,0.625,0.75,0.9565217391304348,0.4131736526946107,0.35,0.34375,0.4156626506024096,0.631578947368421,0.8333333333333334,0.4,0.6219512195121951,0.5961538461538461,0.5,0.6401869158878505,0.5961538461538461,0.5697674418604651,0.8146341463414634,0.1052631578947368,0.0625,0.3333333333333333,14.571948998178508,0.6666666666666666,0.1351351351351351,0.1192893401015228,0.0248226950354609,0.110062893081761,0.0486486486486486,0.1151685393258427,0.0383435582822085,0.0103092783505154,0.0206896551724137,0.0498220640569395,0.0449438202247191,0.1538461538461538,0.0918367346938775,0.1272727272727272,0.1176470588235294,0.0875,0.0384615384615384,0.2857142857142857,0.1560975609756097,0.6875,0.7333333333333333,0.6363636363636364,0.0292682926829268,0.3333333333333333,0.5,0.5,,,,0.2536585365853658,0.4423076923076923,0.4423076923076923,0.9565217391304348,0.5609756097560976,0.4,0.4,0.9565217391304348,0.2307692307692307,0.8333333333333334,0.2,0.4230769230769231,0.3636363636363636,0.75,0.3461538461538461,0.3333333333333333,1.0,0.1081081081081081,0.5,0.1621621621621621,0.3333333333333333,0.7027027027027027,0.3461538461538461,0.9707317073170731,0.4035087719298245,0.5746178921568628,0.5818285714285715,0.5381638888888889,0.0193236714975845,0.0512820512820512,0.1131386861313868,0.1788321167883211,2.3736842105263154,25.568263473053896,0.2069686411149826,8.0,,,,1.0,2.0,,,,,,,0.075,1.0,,,3.0,,0.0119047619047619,,1.0,,,False,1.0,1.0,,
1629731,1610612739,Dean Wade,Dean Wade,1629731,CLE,52973.0,883,205.0,1821,1834,317,271,209.0,3655,21.0,27.0,4.0,5.0,3.0,3.0,3.0,6.0,,2.0,24.0,64.0,4.0,8.0,2.0,10.0,28.0,93.0,2.0,10.0,7.0,18.0,24.0,35.0,52.0,157.0,11.0,215.0,2035,6.0,8.0,6.0,18.0,1.0,31.0,3.0,3.0,9.0,28.0,6.0,39.0,40.0,8.0,156.0,,93.0,28.0,6.0,27.0,32.0,59.0,26.0,6.0,14.0,11.0,2.0,150.0,23.0,12.0,72.0,64.0,9.0,145.0,35.0,180.0,3.0,34.0,24.0,10.0,9.0,1.0,4.0,7.0,,5.0,1.0,16.0,1.0,6.0,42.0,76.0,4.0,21.0,5.0,3.0,21.0,5.0,6.0,4.0,11.0,,,4.0,,7.0,11.0,6.0,38.0,312,1.0,2.0,0.8333333333333334,0.9090909090909092,1.0,0.3312101910828025,0.3333333333333333,0.3214285714285714,0.3312101910828025,0.6857142857142857,0.75,1.0,0.53125,0.5769230769230769,0.532258064516129,0.5429292929292929,0.5961538461538461,0.5571428571428572,0.8177083333333334,0.1714285714285714,0.1481481481481481,0.3333333333333333,10.37827352085354,0.5625,0.2195121951219512,0.1415929203539823,0.0328767123287671,0.1782178217821782,0.0495689655172413,0.1588785046728972,0.0422195416164053,0.037593984962406,0.0280898876404494,0.0454545454545454,0.0625,0.1213872832369942,0.1473684210526315,0.1685393258426966,0.1683168316831683,0.2079207920792079,0.02803738317757,0.5454545454545454,0.140625,0.7777777777777778,0.9130434782608696,0.8095238095238095,0.03125,0.5,0.75,1.0,0.0104166666666666,,,0.3333333333333333,0.375,0.3809523809523809,1.0,0.484375,0.3010752688172043,0.3043478260869565,1.0,0.1923076923076923,0.8,0.5,0.3076923076923077,0.5,1.0,0.3846153846153846,0.2,1.0,0.0967741935483871,1.0,0.3225806451612903,0.2,0.5806451612903226,0.3888888888888889,0.9583333333333334,0.3010752688172043,0.5895135416666667,0.5030045454545454,0.580383870967742,0.0412371134020618,0.1666666666666666,0.1441860465116279,0.1813953488372093,3.448571428571429,24.74203821656051,0.1740801757276222,4.0,2.0,,2.0,3.0,,,0.0127388535031847,,0.015625,0.010752688172043,,0.037037037037037,,,,2.0,,0.0126582278481012,,,,,False,,1.0,,
1629636,1610612739,Darius Garland,Darius Garland,1629636,CLE,92022.0,1534,428.0,3209,3199,657,615,376.0,6408,79.0,131.0,8.0,12.0,14.0,22.0,116.0,212.0,30.0,81.0,22.0,62.0,3.0,13.0,5.0,14.0,125.0,297.0,9.0,31.0,24.0,58.0,225.0,424.0,147.0,359.0,151.0,1042.0,3588,20.0,35.0,12.0,44.0,5.0,81.0,44.0,74.0,29.0,72.0,46.0,221.0,140.0,310.0,270.0,171.0,296.0,125.0,29.0,204.0,119.0,323.0,78.0,41.0,152.0,52.0,,765.0,15.0,14.0,55.0,49.0,1.0,105.0,29.0,134.0,9.0,67.0,54.0,13.0,89.0,20.0,66.0,48.0,7.0,23.0,2.0,137.0,8.0,27.0,41.0,101.0,6.0,147.0,3.0,15.0,169.0,18.0,69.0,18.0,7.0,,,4.0,,2.0,7.0,4.0,213.0,642,11.0,11.0,0.3111111111111111,0.3153153153153153,0.6122448979591837,0.4094707520891364,0.2727272727272727,0.4027777777777778,0.4106145251396648,0.5306603773584906,0.5714285714285714,0.5945945945945946,0.5689655172413793,0.4810126582278481,0.5993150684931506,0.6065573770491803,0.5,0.6547619047619048,0.458492975734355,0.0683962264150943,0.1145038167938931,0.0613207547169811,27.09818979703785,0.6496350364963503,0.0147058823529411,0.0599022004889975,0.0205882352941176,0.0773558368495077,0.0200803212851405,0.0680183126226291,0.020322354590049,0.0161943319838056,0.0220820189274447,0.0249554367201426,0.0053763440860215,0.060790273556231,0.0429799426934097,0.1,0.0786516853932584,0.0734463276836158,0.0241286863270777,0.5714285714285714,0.1673052362707535,0.6030534351145038,0.6810344827586207,0.3670886075949367,0.2707535121328225,0.5471698113207547,0.5829145728643216,0.293103448275862,0.1034482758620689,0.3703703703703703,0.375,0.0791826309067688,0.3548387096774194,0.360655737704918,0.9090909090909092,0.3793103448275862,0.4208754208754209,0.4222972972972973,0.56,0.1518987341772152,0.6666666666666666,0.375,0.1645569620253164,0.2307692307692307,1.0,0.3924050632911392,0.2903225806451613,0.5555555555555556,0.1506849315068493,0.6363636363636364,0.0958904109589041,0.3571428571428571,0.3972602739726027,0.4137931034482758,0.6257982120051085,0.4222972972972973,0.5311450064020489,0.5219348837209302,0.5186215277777778,0.0861244019138756,0.1452631578947368,0.0777351247600767,0.2120921305182341,8.368867924528303,26.263788300835643,0.2047366780928638,6.0,2.0,,7.0,7.0,3.0,1.0,0.0055710306406685,0.0123456790123456,0.0161290322580645,0.0033670033670033,,0.0258620689655172,1.0,,7.0,3.0,0.2333333333333333,0.0083102493074792,1.0,1.0,,,False,,1.0,,
1629660,1610612739,Ty Jerome,Ty Jerome,1629660,CLE,43184.0,720,243.0,1523,1511,439,366,175.0,3034,24.0,51.0,1.0,7.0,5.0,11.0,69.0,134.0,9.0,16.0,7.0,14.0,1.0,2.0,3.0,4.0,56.0,116.0,8.0,11.0,12.0,30.0,102.0,201.0,63.0,130.0,75.0,468.0,1653,12.0,24.0,9.0,13.0,7.0,58.0,30.0,49.0,15.0,34.0,26.0,131.0,70.0,134.0,129.0,60.0,116.0,56.0,21.0,71.0,45.0,116.0,34.0,11.0,53.0,17.0,1.0,277.0,14.0,13.0,44.0,23.0,2.0,69.0,27.0,96.0,12.0,45.0,22.0,23.0,39.0,2.0,20.0,10.0,3.0,19.0,1.0,49.0,2.0,20.0,18.0,53.0,11.0,68.0,2.0,1.0,86.0,9.0,40.0,5.0,,,,,,,,,131.0,438,4.0,5.0,0.3431372549019608,0.3535353535353535,0.6825396825396826,0.4846153846153846,0.6923076923076923,0.4411764705882353,0.4846153846153846,0.5074626865671642,0.5,0.6122448979591837,0.5936555891238671,0.6891891891891891,0.6325301204819277,0.6358695652173914,0.725,0.6752577319587629,0.3927492447129909,0.1044776119402985,0.1764705882352941,0.0895522388059701,24.28654630168899,0.7959183673469388,0.0571428571428571,0.0626702997275204,0.0427631578947368,0.1229050279329608,0.0404624277456647,0.0924137931034482,0.0415384615384615,0.0176991150442477,0.0723684210526315,0.0398550724637681,0.0428571428571428,0.0708661417322834,0.0441988950276243,0.1016949152542373,0.0859375,0.2156862745098039,0.0833333333333333,,0.1540785498489426,0.4705882352941176,0.5714285714285714,0.375,0.404833836858006,0.5149253731343284,0.5655737704918032,0.3768115942028985,0.0483383685800604,0.5625,0.5625,0.0422960725075528,0.5,0.5,1.0,0.3504531722054381,0.4827586206896552,0.4827586206896552,0.6428571428571429,0.1891891891891892,0.1428571428571428,,0.054054054054054,0.5,1.0,0.2972972972972973,0.7272727272727273,1.0,0.1325301204819277,0.4545454545454545,0.0481927710843373,0.75,0.3614457831325301,0.4,0.5468277945619335,0.4827586206896552,0.513311280487805,0.4952249999999999,0.4958957831325299,0.1129476584022038,0.1724137931034483,0.1239316239316239,0.2799145299145299,7.754228855721394,26.61307692307692,0.2882468811556139,6.0,,,1.0,1.0,,,,,,,,,,1.0,,1.0,,0.0076335877862595,,1.0,,,False,,,,
1630171,1610612739,Isaac Okoro,Isaac Okoro,1630171,CLE,38478.0,641,152.0,1306,1334,174,207,163.0,2640,35.0,56.0,5.0,10.0,6.0,11.0,3.0,11.0,,,23.0,62.0,1.0,9.0,1.0,9.0,13.0,36.0,2.0,5.0,1.0,5.0,38.0,67.0,36.0,98.0,18.0,202.0,1496,5.0,10.0,3.0,14.0,2.0,21.0,6.0,13.0,2.0,14.0,6.0,24.0,62.0,14.0,108.0,,36.0,13.0,13.0,27.0,20.0,47.0,14.0,6.0,21.0,5.0,1.0,114.0,17.0,11.0,29.0,20.0,1.0,50.0,29.0,79.0,2.0,18.0,15.0,3.0,5.0,1.0,2.0,8.0,2.0,3.0,2.0,13.0,1.0,1.0,35.0,66.0,5.0,26.0,2.0,3.0,25.0,1.0,10.0,3.0,9.0,2.0,1.0,4.0,1.0,5.0,11.0,6.0,22.0,170,7.0,2.0,0.8157894736842105,0.8378378378378378,1.0,0.3673469387755102,0.2142857142857142,0.1428571428571428,0.3673469387755102,0.5671641791044776,0.5,0.4615384615384615,0.5575757575757576,0.3958333333333333,0.3333333333333333,0.5706214689265536,0.4038461538461538,0.375,0.593939393939394,0.1940298507462686,0.1964285714285714,0.1818181818181818,12.692050768203073,0.3846153846153846,0.032258064516129,0.0609756097560975,0.0401459854014598,0.0969899665551839,0.0516717325227963,0.0781499202551834,0.0464344941956882,0.037037037037037,0.0333333333333333,0.0627615062761506,0.0222222222222222,0.0592592592592592,0.0354609929078014,0.1346153846153846,0.1031390134529148,0.0789473684210526,0.0259740259740259,0.5454545454545454,0.3393939393939394,0.625,0.7777777777777778,0.8285714285714286,0.0666666666666666,0.2727272727272727,0.3333333333333333,0.6666666666666666,,,,0.3757575757575757,0.3709677419354839,0.3709677419354839,1.0,0.2181818181818181,0.3611111111111111,0.3611111111111111,1.0,0.4166666666666667,0.5,0.8,0.375,0.1111111111111111,1.0,0.2083333333333333,0.4,1.0,0.4074074074074074,0.5454545454545454,0.3333333333333333,0.1111111111111111,0.1851851851851851,0.2,0.9333333333333332,0.3611111111111111,0.617459090909091,0.5903805555555557,0.6093148148148148,0.057471264367816,0.131578947368421,0.1039603960396039,0.1188118811881188,2.349253731343284,24.235714285714284,0.1332312404287902,2.0,,1.0,,1.0,1.0,,,,,,0.03125,0.0652173913043478,,1.0,,,,,,,,,False,,,,
1630241,1610612739,Sam Merrill,Sam Merrill,1630241,CLE,37102.0,618,200.0,1266,1259,318,302,163.0,2525,14.0,17.0,1.0,2.0,2.0,5.0,2.0,5.0,,2.0,17.0,39.0,2.0,5.0,5.0,10.0,46.0,129.0,5.0,19.0,9.0,30.0,16.0,24.0,63.0,168.0,9.0,230.0,1331,1.0,4.0,7.0,24.0,,23.0,4.0,8.0,14.0,40.0,4.0,54.0,24.0,8.0,189.0,,129.0,46.0,1.0,21.0,17.0,38.0,11.0,6.0,15.0,6.0,,93.0,11.0,5.0,21.0,28.0,,49.0,16.0,65.0,,25.0,16.0,9.0,5.0,4.0,3.0,9.0,,2.0,1.0,14.0,1.0,6.0,37.0,58.0,4.0,21.0,3.0,6.0,9.0,,2.0,3.0,3.0,2.0,1.0,2.0,1.0,1.0,5.0,1.0,54.0,316,3.0,2.0,0.75,0.8,1.0,0.375,0.2916666666666667,0.35,0.375,0.6666666666666666,0.25,0.5,0.5755208333333334,0.4107142857142857,0.5208333333333334,0.583756345177665,0.4107142857142857,0.54,0.875,0.0416666666666666,0.0588235294117647,,14.423076923076923,0.3571428571428571,,0.0782122905027933,0.0200803212851405,0.0724137931034482,0.031700288184438,0.0756172839506172,0.0268456375838926,0.0222222222222222,0.0080645161290322,0.0261194029850746,0.050632911392405,0.0666666666666666,0.0852272727272727,0.0806451612903225,0.0619047619047619,0.1,,0.2,0.0885416666666666,0.8235294117647058,0.875,0.7857142857142857,0.0260416666666666,0.4,0.4,0.5,0.0104166666666666,,,0.203125,0.4358974358974359,0.4358974358974359,1.0,0.671875,0.3565891472868217,0.3622047244094488,1.0,0.0714285714285714,0.5,,0.1785714285714285,0.4,1.0,0.6785714285714286,0.2631578947368421,1.0,0.1041666666666666,0.4,0.2083333333333333,0.5,0.625,0.3,0.9635416666666666,0.3565891472868217,0.5682138020833333,0.5341153846153847,0.5554895833333332,0.0103092783505154,0.0769230769230769,0.1,0.2347826086956521,4.200000000000001,25.37321428571429,0.2511848341232227,2.0,2.0,,1.0,3.0,4.0,,0.0119047619047619,,,0.0155038759689922,,0.0571428571428571,,,,,,,,,,,False,,,,
1630596,1610612739,Evan Mobley,Evan Mobley,1630596,CLE,76436.0,1274,404.0,2650,2649,532,537,307.0,5299,196.0,249.0,39.0,52.0,38.0,44.0,52.0,128.0,3.0,11.0,15.0,35.0,1.0,2.0,4.0,10.0,34.0,97.0,3.0,10.0,4.0,12.0,251.0,388.0,49.0,132.0,117.0,766.0,2916,47.0,70.0,4.0,12.0,12.0,118.0,45.0,64.0,8.0,22.0,17.0,131.0,330.0,172.0,132.0,15.0,97.0,34.0,27.0,53.0,76.0,129.0,50.0,26.0,33.0,16.0,4.0,334.0,42.0,48.0,122.0,137.0,21.0,280.0,93.0,373.0,21.0,33.0,20.0,13.0,49.0,5.0,22.0,38.0,4.0,27.0,4.0,87.0,12.0,19.0,56.0,79.0,4.0,130.0,6.0,5.0,155.0,26.0,87.0,3.0,66.0,1.0,1.0,35.0,,29.0,67.0,40.0,131.0,520,4.0,3.0,0.6573705179282868,0.7333333333333333,0.8979591836734694,0.3712121212121212,0.3333333333333333,0.3636363636363636,0.3712121212121212,0.6469072164948454,0.6714285714285714,0.703125,0.6240384615384615,0.6463414634146342,0.6627906976744186,0.6558219178082192,0.6555555555555556,0.6752577319587629,0.2538461538461538,0.0695876288659793,0.0562248995983935,0.1015625,22.39652870493992,0.5632183908045977,0.375,0.2017673048600883,0.0883977900552486,0.2040133779264214,0.069078947368421,0.2028191072826938,0.0781928757602085,0.1263157894736842,0.0833333333333333,0.0720338983050847,0.0588235294117647,0.2214022140221402,0.1860465116279069,0.1962616822429906,0.2224719101123595,0.1503267973856209,0.1117021276595744,0.5970149253731343,0.4788461538461538,0.7871485943775101,0.8340425531914893,0.7142857142857143,0.2461538461538461,0.40625,0.4521739130434782,0.4230769230769231,0.0211538461538461,0.2727272727272727,0.2727272727272727,0.0673076923076923,0.4285714285714285,0.4285714285714285,1.0,0.1865384615384615,0.3505154639175257,0.3505154639175257,0.8529411764705882,0.6341463414634146,0.75,0.2564102564102564,0.024390243902439,0.5,1.0,0.1219512195121951,0.3,0.6666666666666666,0.5116279069767442,0.8636363636363636,0.1162790697674418,0.4,0.1395348837209302,0.3333333333333333,0.7326923076923076,0.3505154639175257,0.5937977884615384,0.5585500000000001,0.5946831395348838,0.1497418244406196,0.1937639198218262,0.1540469973890339,0.171018276762402,4.017010309278348,25.165151515151518,0.200754716981132,52.0,,3.0,15.0,4.0,,4.0,,,,,0.0517241379310344,0.0297029702970297,,3.0,1.0,,1.0,,2.0,,,,False,,,2.0,
202684,1610612739,Tristan Thompson,Tristan Thompson,202684,CLE,9277.0,155,-56.0,326,326,152,95,45.0,652,12.0,18.0,3.0,4.0,5.0,9.0,4.0,15.0,,3.0,,1.0,,1.0,,1.0,,,,,,,16.0,36.0,,1.0,1.0,33.0,368,3.0,5.0,,1.0,,6.0,6.0,20.0,,1.0,1.0,13.0,26.0,6.0,,,,,4.0,6.0,5.0,11.0,5.0,,2.0,4.0,,27.0,4.0,6.0,14.0,25.0,6.0,45.0,10.0,55.0,1.0,,,,3.0,1.0,1.0,4.0,1.0,2.0,,7.0,1.0,3.0,4.0,17.0,6.0,7.0,2.0,,9.0,1.0,4.0,1.0,4.0,,,3.0,,1.0,4.0,2.0,13.0,152,5.0,1.0,0.8125,0.9285714285714286,,,,,,0.4444444444444444,0.6,0.3,0.4324324324324324,0.5,0.2857142857142857,0.4024390243902439,0.5,0.26,0.027027027027027,0.1111111111111111,0.1666666666666666,0.0666666666666666,12.83422459893048,0.4285714285714285,0.5,0.3424657534246575,0.0845070422535211,0.1489361702127659,0.048780487804878,0.2335329341317365,0.065359477124183,0.08,0.1052631578947368,0.0476190476190476,0.0526315789473684,0.3,0.4047619047619047,0.1818181818181818,0.1739130434782608,0.08,0.0588235294117647,0.5,0.4864864864864865,0.6666666666666666,0.8,0.8333333333333334,0.4054054054054054,0.2666666666666666,0.2857142857142857,0.75,0.081081081081081,,,0.027027027027027,,,,,,,,0.6666666666666666,0.75,0.3333333333333333,0.1666666666666666,,,,,,0.4285714285714285,0.5555555555555556,0.0476190476190476,,,,0.5135135135135135,,0.5499932432432432,0.6055875,0.5242309523809523,0.1,0.1025641025641025,0.1818181818181818,0.3939393939393939,5.616666666666665,24.2,0.4662576687116564,4.0,,,,2.0,,,,,,,,,,,,,,,,,,2.0,False,,,,
1641854,1610612739,Craig Porter Jr.,Craig Porter Jr.,1641854,CLE,14574.0,243,-60.0,511,511,178,131,55.0,1022,21.0,26.0,2.0,2.0,5.0,8.0,3.0,9.0,,2.0,3.0,6.0,,1.0,1.0,2.0,8.0,20.0,,2.0,3.0,6.0,24.0,37.0,11.0,26.0,9.0,90.0,612,2.0,3.0,,3.0,1.0,5.0,6.0,10.0,4.0,8.0,3.0,27.0,32.0,16.0,27.0,6.0,18.0,7.0,4.0,25.0,13.0,38.0,9.0,4.0,16.0,9.0,,89.0,6.0,2.0,15.0,8.0,2.0,25.0,8.0,33.0,,8.0,3.0,5.0,13.0,4.0,10.0,7.0,1.0,3.0,,20.0,1.0,4.0,6.0,8.0,,12.0,,,13.0,3.0,6.0,2.0,8.0,,,4.0,,4.0,8.0,4.0,27.0,178,1.0,2.0,0.6666666666666666,0.6666666666666666,0.8181818181818182,0.4230769230769231,,0.5,0.4,0.6486486486486487,0.6666666666666666,0.6,0.6428571428571429,0.3333333333333333,0.6666666666666666,0.6617647058823529,0.4166666666666667,0.675,0.4126984126984127,0.1081081081081081,0.1153846153846153,0.1111111111111111,15.465729349736378,0.65,0.0952380952380952,0.065040650406504,0.0224719101123595,0.1209677419354838,0.0517241379310344,0.0931174089068826,0.0390243902439024,,0.0392156862745098,0.0705882352941176,,0.08,0.0175438596491228,0.1875,0.075268817204301,0.2580645161290322,,0.5,0.4126984126984127,0.8076923076923077,0.9130434782608696,0.7142857142857143,0.1428571428571428,0.3333333333333333,0.375,0.3333333333333333,0.0317460317460317,,,0.0952380952380952,0.5,0.5,1.0,0.3174603174603174,0.4,0.4,0.75,0.3333333333333333,1.0,1.0,0.1666666666666666,,,0.3333333333333333,,,0.4444444444444444,0.625,0.1111111111111111,0.5,0.3333333333333333,0.5,0.8253968253968254,0.3888888888888889,0.5755379032258066,0.53709,0.5747970588235295,0.0909090909090909,0.15,0.0555555555555555,0.3,4.410810810810811,26.426923076923075,0.3483365949119373,,,,2.0,,,,,,,,,,1.0,,,,,,,2.0,,,False,,,,1.0
1642281,1610612739,Jaylon Tyson,Jaylon Tyson,1642281,CLE,16261.0,271,1.0,558,559,174,134,83.0,1117,14.0,23.0,6.0,10.0,3.0,7.0,10.0,21.0,,1.0,5.0,18.0,,,1.0,6.0,6.0,16.0,,3.0,4.0,9.0,24.0,45.0,11.0,34.0,13.0,94.0,637,7.0,14.0,,3.0,1.0,15.0,8.0,16.0,5.0,15.0,5.0,36.0,24.0,24.0,33.0,,16.0,6.0,7.0,18.0,9.0,27.0,6.0,3.0,12.0,6.0,,63.0,14.0,8.0,22.0,12.0,2.0,36.0,23.0,59.0,,7.0,6.0,1.0,9.0,,5.0,6.0,3.0,4.0,1.0,15.0,,5.0,15.0,33.0,2.0,13.0,1.0,,16.0,2.0,8.0,1.0,2.0,,,2.0,,,2.0,2.0,36.0,174,7.0,1.0,0.5,0.631578947368421,1.0,0.3235294117647059,,0.3333333333333333,0.3235294117647059,0.5333333333333333,0.5,0.5,0.5126582278481012,0.4117647058823529,0.5,0.5465116279069767,0.4411764705882353,0.5454545454545454,0.430379746835443,0.1555555555555555,0.217391304347826,0.0952380952380952,15.467075038284838,0.6,0.1052631578947368,0.0875912408759124,0.0615384615384615,0.1605839416058394,0.1085271317829457,0.1240875912408759,0.0849420849420849,0.0869565217391304,0.056338028169014,0.1134020618556701,0.09375,0.0263157894736842,0.1012658227848101,0.15,0.1584158415841584,0.1666666666666666,,1.0,0.2911392405063291,0.6086956521739131,0.7777777777777778,0.6428571428571429,0.2658227848101265,0.4761904761904761,0.5263157894736842,0.3,0.0126582278481012,,,0.2278481012658227,0.2777777777777778,0.2777777777777778,1.0,0.2025316455696202,0.375,0.375,1.0,0.5882352941176471,0.6,0.3333333333333333,,,,0.1764705882352941,,,0.2258064516129032,0.4285714285714285,0.1935483870967742,0.1666666666666666,0.2903225806451613,0.4444444444444444,0.7215189873417721,0.375,0.55133417721519,0.5858142857142857,0.5283709677419355,0.0941176470588235,0.1568627450980392,0.1595744680851064,0.3829787234042553,4.544444444444444,24.4735294117647,0.3118279569892473,10.0,,1.0,2.0,,,,,,,,0.0769230769230769,,,,,,,,,,,1.0,False,,,,
1629631,1610612739,De'Andre Hunter,De'Andre Hunter,1629631,CLE,21079.0,351,121.0,737,739,224,174,91.0,1476,11.0,20.0,3.0,4.0,6.0,7.0,13.0,30.0,3.0,7.0,9.0,22.0,,,3.0,7.0,23.0,44.0,1.0,3.0,5.0,11.0,27.0,57.0,32.0,66.0,48.0,198.0,803,4.0,8.0,1.0,3.0,5.0,16.0,10.0,14.0,8.0,18.0,21.0,65.0,24.0,30.0,75.0,21.0,43.0,23.0,7.0,10.0,7.0,17.0,4.0,3.0,9.0,1.0,,41.0,8.0,2.0,24.0,22.0,5.0,51.0,11.0,62.0,,5.0,2.0,3.0,5.0,,2.0,6.0,,3.0,1.0,11.0,,2.0,16.0,36.0,3.0,36.0,1.0,3.0,56.0,,22.0,6.0,3.0,1.0,1.0,2.0,,1.0,4.0,4.0,65.0,220,2.0,6.0,0.4444444444444444,0.48,0.78125,0.4848484848484848,0.3333333333333333,0.4444444444444444,0.4923076923076923,0.4736842105263157,0.5,0.7142857142857143,0.6097560975609756,0.5,0.6875,0.6556291390728477,0.5333333333333333,0.7386363636363636,0.5365853658536586,0.1228070175438596,0.15,0.1333333333333333,19.10377358490566,0.4545454545454545,0.238095238095238,0.1042654028436018,0.0124223602484472,0.1481481481481481,0.0465116279069767,0.1233243967828418,0.03003003003003,0.0444444444444444,,0.0476190476190476,0.0434782608695652,0.0843373493975903,0.1153846153846153,0.125,0.1403508771929824,0.1666666666666666,,1.0,0.1626016260162601,0.55,0.6470588235294118,0.4545454545454545,0.2439024390243902,0.4333333333333333,0.5,0.4615384615384615,0.056910569105691,0.4285714285714285,0.4285714285714285,0.1788617886178861,0.4090909090909091,0.4090909090909091,1.0,0.3577235772357723,0.5227272727272727,0.5227272727272727,0.6956521739130435,0.3636363636363636,0.75,0.3333333333333333,,,,0.2727272727272727,0.3333333333333333,1.0,0.21875,0.8571428571428571,0.21875,0.4285714285714285,0.34375,0.4545454545454545,0.6991869918699187,0.5348837209302325,0.5393356557377048,0.4819357142857142,0.5638241935483871,0.1517241379310344,0.2784810126582278,0.0808080808080808,0.3282828282828283,7.640350877192983,25.093939393939397,0.3039348710990502,4.0,,1.0,,3.0,,,,,,,0.0526315789473684,,1.0,,,,0.3333333333333333,,,,,,False,,,1.0,
1641734,1610612739,Emoni Bates,Emoni Bates,1641734,CLE,1364.0,23,-16.0,50,49,37,17,9.0,99,,,,,,,,1.0,,1.0,,,,,,,2.0,10.0,,1.0,1.0,6.0,,2.0,2.0,10.0,,6.0,58,,1.0,,1.0,,,,1.0,1.0,6.0,,3.0,,,6.0,,10.0,2.0,,3.0,,3.0,,,3.0,,,6.0,,,,,,,,,,1.0,,1.0,,,,,,,,,,,1.0,2.0,1.0,,,,,,,,,,,,,,,,3.0,37,1.0,,,,1.0,0.2,,0.1666666666666666,0.2,,,,0.25,,0.2142857142857142,0.25,,0.2142857142857142,0.8333333333333334,,,,20.33898305084746,,,,,,,,,,,,,,,,,,,,,,,,0.0833333333333333,,,,0.0833333333333333,,,,,,,0.8333333333333334,0.2,0.2,1.0,,,,,,,0.5,,,,,,,0.8571428571428571,0.1666666666666666,0.8333333333333334,0.2,0.478075,,0.4687214285714285,,,,0.5,14.55,27.87,0.74,,,,,,,,,,,,,,,,,,,,,,,,False,,,,
1629750,1610612739,Javonte Green,Javonte Green,1629750,CLE,2901.0,48,10.0,105,104,18,25,10.0,209,5.0,7.0,,1.0,1.0,1.0,,1.0,,,3.0,7.0,,1.0,1.0,1.0,3.0,7.0,,,1.0,3.0,5.0,8.0,6.0,14.0,3.0,31.0,121,,1.0,,1.0,,,1.0,1.0,2.0,4.0,,8.0,10.0,,18.0,,7.0,3.0,,3.0,1.0,4.0,1.0,,3.0,,,9.0,3.0,,7.0,3.0,1.0,11.0,3.0,14.0,1.0,1.0,1.0,,1.0,,,,,1.0,,1.0,1.0,,3.0,4.0,,7.0,,1.0,5.0,1.0,2.0,,,,,,,,,,8.0,18,,,1.0,1.0,1.0,0.4285714285714285,,0.5,0.4285714285714285,0.625,,1.0,0.6363636363636364,,0.8,0.6739130434782609,,0.8,0.6363636363636364,,,,20.869565217391305,1.0,1.0,0.1428571428571428,,0.2333333333333333,0.1071428571428571,0.196078431372549,0.0612244897959183,,,0.1333333333333333,0.0769230769230769,0.2142857142857142,,,0.2,0.4,0.0909090909090909,,0.3181818181818182,0.7142857142857143,0.7142857142857143,1.0,0.0454545454545454,,,,,,,0.3181818181818182,0.4285714285714285,0.4285714285714285,1.0,0.3181818181818182,0.4285714285714285,0.4285714285714285,1.0,0.5,,,0.5,,,,,,0.2,1.0,0.2,1.0,0.6,0.3333333333333333,0.9545454545454546,0.4285714285714285,0.6103431818181818,0.58785,0.5628599999999999,0.0869565217391304,0.2222222222222222,,0.2580645161290322,1.675,24.77142857142857,0.1714285714285714,,,,,,,,,,,,,,,,,,,,,,,,False,,,,
1631247,1610612739,Luke Travers,Luke Travers,1631247,CLE,2254.0,38,-16.0,75,75,19,29,11.0,150,1.0,4.0,,2.0,,3.0,,,,,,3.0,,,,,,,,,,,1.0,4.0,,3.0,2.0,4.0,98,,2.0,,,,,,3.0,,,,,2.0,,,,,,2.0,3.0,,3.0,,,2.0,,1.0,6.0,1.0,3.0,1.0,2.0,1.0,4.0,5.0,9.0,1.0,,,,4.0,,2.0,,,2.0,,4.0,1.0,2.0,1.0,4.0,,1.0,,,2.0,,1.0,,1.0,,,,,1.0,1.0,,,19,1.0,,1.0,1.0,,,,,,0.25,,,0.1428571428571428,,,0.25,,,0.4285714285714285,0.5,0.5,,13.793103448275865,1.0,0.25,0.0833333333333333,0.1666666666666666,0.05,0.0769230769230769,0.0681818181818181,0.1290322580645161,0.2222222222222222,0.1428571428571428,0.1428571428571428,,0.1666666666666666,,,,0.1666666666666666,0.5,,0.5714285714285714,0.25,0.5,1.0,,,,,,,,0.4285714285714285,,,,,,,,1.0,,,,,,,,,1.0,,,,,,1.0,,0.6661857142857143,0.67215,0.7223666666666667,0.125,0.2,,,0.775,23.366666666666664,0.2533333333333333,,1.0,1.0,,,,,0.3333333333333333,,0.3333333333333333,,0.3333333333333333,,,,,,,,,,,,False,,,,
1630550,1610612739,JT Thor,JT Thor,1630550,CLE,2427.0,40,-31.0,86,84,50,35,12.0,170,1.0,2.0,,,1.0,2.0,2.0,3.0,2.0,3.0,1.0,3.0,,,,2.0,2.0,3.0,,,,,5.0,8.0,3.0,6.0,7.0,26.0,98,2.0,2.0,,,3.0,7.0,1.0,4.0,,2.0,5.0,7.0,8.0,2.0,9.0,,3.0,2.0,,,1.0,1.0,1.0,,,,,3.0,2.0,1.0,1.0,2.0,,3.0,3.0,6.0,,2.0,1.0,1.0,3.0,2.0,1.0,3.0,,2.0,,6.0,2.0,4.0,1.0,5.0,1.0,4.0,,,8.0,,4.0,,2.0,,,,,2.0,2.0,2.0,7.0,50,,,0.8,0.8,1.0,0.5,,,0.5,0.625,1.0,0.25,0.6785714285714286,1.0,0.1666666666666666,0.7222222222222222,0.875,0.3888888888888889,0.4285714285714285,,,,24.24242424242424,0.5,,0.1,0.0476190476190476,0.0416666666666666,0.0909090909090909,0.0681818181818181,0.0697674418604651,,0.0909090909090909,0.0714285714285714,0.125,,0.0833333333333333,0.3333333333333333,0.0714285714285714,,,1.0,0.1428571428571428,0.5,0.5,1.0,0.2142857142857142,0.6666666666666666,0.6666666666666666,0.5,0.2142857142857142,0.6666666666666666,0.6666666666666666,0.2142857142857142,0.3333333333333333,0.3333333333333333,1.0,0.2142857142857142,0.6666666666666666,0.6666666666666666,1.0,,,,,,,,,,0.3333333333333333,0.5,0.3333333333333333,,,,0.5714285714285714,0.6666666666666666,0.4813392857142857,0.3278999999999999,0.5308916666666667,0.2222222222222222,0.3333333333333333,0.2692307692307692,0.2692307692307692,11.2625,24.383333333333336,0.5813953488372093,,,,,1.0,,,,,,,,,,,,,1.0,,,,,,False,,,,
1641772,1610612739,Nae'Qwan Tomlin,Nae'Qwan Tomlin,1641772,CLE,868.0,14,-2.0,30,29,7,14,5.0,59,3.0,4.0,1.0,1.0,,,1.0,2.0,,,,,,,,,,2.0,,,,,4.0,6.0,,2.0,2.0,10.0,29,1.0,1.0,,,1.0,3.0,1.0,1.0,,,1.0,3.0,6.0,2.0,,,2.0,,1.0,,,,,,,,,,,1.0,2.0,2.0,1.0,5.0,1.0,6.0,,,,,,,,1.0,,,,1.0,,,2.0,2.0,,2.0,,,3.0,1.0,2.0,,,,,,,,,,3.0,7,,,0.75,1.0,,,,,,0.6666666666666666,1.0,1.0,0.5,1.0,1.0,0.5555555555555556,1.5,0.75,0.25,0.1666666666666666,0.25,,28.571428571428573,,0.3333333333333333,0.3333333333333333,0.0909090909090909,0.2222222222222222,,0.2666666666666666,0.0714285714285714,,0.1428571428571428,,,0.5,0.3333333333333333,,0.3333333333333333,,,,0.5,0.75,1.0,0.6666666666666666,0.25,0.5,0.5,1.0,,,,,,,,0.25,,,,1.0,1.0,,,,,,,,,,,,,,0.75,,0.56664375,0.6623,0.4351,0.2222222222222222,0.2857142857142857,0.3,0.3,3.8666666666666663,25.45,0.2333333333333333,2.0,,,,,,,,,,,,,,,,,,,,,,,False,,,,
1626204,1610612737,Larry Nance Jr.,Larry Nance Jr.,1626204,ATL,944.0,16,-4.0,33,33,12,12,,66,2.0,2.0,,,2.0,2.0,1.0,1.0,1.0,1.0,,,,,,,,1.0,,,,,4.0,4.0,,1.0,,8.0,34,,,,,,,3.0,3.0,,,,6.0,6.0,2.0,,,1.0,,,,,,,,,,,,,,2.0,,,2.0,,2.0,,,,,,,,,,,,,,,1.0,1.0,,,,,,,,,,,,,,,,,6.0,12,,,0.75,0.75,,,,,,1.0,,1.0,0.8,,1.0,0.8,,1.0,0.2,,,,15.15151515151515,,,,,0.16666666666666666,,0.10526315789473684,,,,,,,,,0.2,,,,0.4,1.0,1.0,0.5,0.2,1.0,1.0,1.0,0.2,1.0,1.0,,,,,0.2,,,,,,,,,,,,,0.6666666666666666,1.0,,,,,0.6,,0.48385999999999996,,0.4653666666666667,,,,0.75,7.0249999999999995,26.4,0.36363636363636365,,,,,,,,,,,,,,,,,,1.0,,,,,,True,,,,
1627747,1610612737,Caris LeVert,Caris LeVert,1627747,ATL,15381.0,256,-30.0,546,546,171,215,57.0,1092,27.0,37.0,1.0,3.0,6.0,8.0,9.0,16.0,1.0,6.0,6.0,13.0,,1.0,4.0,5.0,9.0,27.0,,,3.0,5.0,37.0,59.0,15.0,40.0,16.0,135.0,669,1.0,3.0,,1.0,,2.0,8.0,13.0,7.0,10.0,3.0,40.0,58.0,16.0,36.0,9.0,27.0,9.0,2.0,11.0,13.0,24.0,7.0,6.0,6.0,4.0,1.0,61.0,3.0,3.0,13.0,18.0,,31.0,6.0,37.0,2.0,7.0,6.0,1.0,4.0,,3.0,3.0,,1.0,2.0,7.0,,3.0,10.0,18.0,2.0,14.0,,1.0,19.0,3.0,9.0,,3.0,1.0,1.0,2.0,,1.0,4.0,2.0,40.0,167,2.0,,0.7837837837837838,0.7837837837837838,0.8,0.375,,0.7,0.375,0.6271186440677966,0.3333333333333333,0.6153846153846154,0.601010101010101,0.25,0.8043478260869565,0.6367924528301887,0.25,0.8333333333333334,0.40404040404040403,0.03389830508474576,0.05405405405405406,,18.464052287581698,0.5714285714285714,,0.15789473684210525,0.023809523809523808,0.10655737704918032,0.02459016393442623,0.13135593220338984,0.024193548387096774,0.04,0.015384615384615385,0.033707865168539325,,0.13953488372093023,0.16,0.19047619047619047,0.12222222222222222,0.0625,0.045454545454545456,0.5,0.37373737373737376,0.7297297297297297,0.7714285714285715,0.8518518518518519,0.16161616161616163,0.5625,0.5625,0.6666666666666666,0.06060606060606061,0.16666666666666666,0.16666666666666666,0.13131313131313133,0.46153846153846156,0.46153846153846156,0.8333333333333334,0.2727272727272727,0.3333333333333333,0.34615384615384615,0.7777777777777778,0.75,0.3333333333333333,1.0,0.25,,,,,,0.34782608695652173,0.75,0.21739130434782608,0.8,0.21739130434782608,0.6,0.7777777777777778,0.3333333333333333,0.607869696969697,0.6587625,0.5952043478260869,0.10377358490566038,0.13846153846153847,0.014814814814814815,0.2962962962962963,4.82542372881356,24.784999999999997,0.3131868131868132,,1.0,,,,,,0.025,,,0.037037037037037035,,,,,,2.0,,0.04878048780487805,,,,,True,,1.0,,
1627777,1610612737,Georges Niang,Georges Niang,1627777,ATL,23210.0,387,-20.0,815,824,203,296,88.0,1639,13.0,21.0,2.0,6.0,2.0,6.0,16.0,35.0,,3.0,10.0,28.0,,1.0,2.0,5.0,29.0,75.0,3.0,5.0,7.0,19.0,29.0,59.0,39.0,103.0,17.0,192.0,993,3.0,10.0,3.0,6.0,1.0,16.0,4.0,13.0,9.0,24.0,8.0,43.0,46.0,12.0,114.0,3.0,75.0,29.0,1.0,18.0,11.0,29.0,6.0,5.0,11.0,7.0,,69.0,3.0,8.0,30.0,20.0,2.0,52.0,11.0,63.0,4.0,7.0,5.0,2.0,7.0,3.0,5.0,7.0,1.0,2.0,1.0,14.0,3.0,2.0,21.0,39.0,5.0,19.0,2.0,1.0,21.0,3.0,8.0,4.0,5.0,,,3.0,,2.0,5.0,2.0,42.0,197,2.0,3.0,0.7931034482758621,0.8214285714285714,0.9743589743589743,0.3786407766990291,0.5,0.375,0.3786407766990291,0.4915254237288136,0.3,0.3076923076923077,0.5401234567901234,0.46875,0.47297297297297297,0.5614035087719298,0.5,0.5119047619047619,0.6358024691358025,0.01694915254237288,0.047619047619047616,,20.152505446623096,0.5,0.10526315789473684,0.11764705882352941,0.041237113402061855,0.16042780748663102,0.017341040462427744,0.1400560224089636,0.02997275204359673,0.014084507042253521,0.056074766355140186,0.015384615384615385,0.023255813953488372,0.09523809523809523,0.12345679012345678,0.15384615384615385,0.16666666666666666,0.14285714285714285,0.044444444444444446,0.4,0.12962962962962962,0.6190476190476191,0.65,0.7692307692307693,0.21604938271604937,0.45714285714285713,0.45714285714285713,0.8125,0.018518518518518517,,,0.1728395061728395,0.35714285714285715,0.37037037037037035,1.0,0.46296296296296297,0.38666666666666666,0.38666666666666666,0.9655172413793104,0.375,0.3333333333333333,,0.0625,,,0.3125,0.6,1.0,0.16216216216216217,0.3333333333333333,0.13513513513513514,0.4,0.5135135135135135,0.3684210526315789,0.7654320987654321,0.38666666666666666,0.5380385802469135,0.49559615384615385,0.544604054054054,0.04790419161676647,0.125,0.08333333333333333,0.22395833333333334,5.9796610169491515,24.933009708737867,0.249079754601227,2.0,1.0,,2.0,,,,0.009708737864077669,,0.03571428571428571,,,0.0625,,,,,,,,,,,True,,,,
1629027,1610612737,Trae Young,Trae Young,1629027,ATL,15600.0,260,20.0,559,559,149,234,58.0,1118,14.0,26.0,1.0,1.0,3.0,4.0,21.0,46.0,10.0,15.0,,1.0,,,,1.0,20.0,63.0,,5.0,4.0,13.0,45.0,87.0,20.0,64.0,75.0,225.0,654,3.0,3.0,,5.0,6.0,12.0,11.0,23.0,4.0,14.0,31.0,65.0,28.0,62.0,18.0,42.0,60.0,20.0,4.0,59.0,26.0,85.0,15.0,11.0,40.0,18.0,1.0,196.0,,1.0,10.0,5.0,,15.0,1.0,16.0,1.0,5.0,4.0,1.0,21.0,6.0,15.0,12.0,3.0,6.0,,33.0,4.0,9.0,4.0,14.0,,56.0,,4.0,81.0,4.0,23.0,14.0,,1.0,,,1.0,,1.0,1.0,59.0,145,4.0,9.0,0.3111111111111111,0.3111111111111111,0.3,0.3125,,0.2857142857142857,0.32786885245901637,0.5172413793103449,1.0,0.4782608695652174,0.4966887417218543,0.375,0.4594594594594595,0.5957446808510638,0.6,0.6018518518518519,0.423841059602649,0.04597701149425287,,0.08695652173913043,34.98402555910543,0.6363636363636364,,0.041666666666666664,0.008849557522123894,0.08,,0.061224489795918366,0.004201680672268907,,,,,0.044444444444444446,0.03225806451612903,0.07692307692307693,0.10344827586206896,0.02631578947368421,0.01282051282051282,1.0,0.17218543046357615,0.5384615384615384,0.5384615384615384,0.42857142857142855,0.304635761589404,0.45652173913043476,0.5,0.3333333333333333,0.09933774834437085,0.6666666666666666,0.6666666666666666,0.006622516556291391,,,,0.41721854304635764,0.31746031746031744,0.31746031746031744,0.3,0.125,1.0,1.0,,,,0.625,,,0.10810810810810811,0.75,0.02702702702702703,,0.35135135135135137,0.3076923076923077,0.5960264900662252,0.3333333333333333,0.5023689655172414,0.52973,0.4533088235294118,0.15517241379310345,0.2169811320754717,0.05333333333333334,0.28888888888888886,8.206896551724139,28.764062500000005,0.26654740608228983,,,,2.0,1.0,1.0,,,,,,,0.09090909090909091,3.0,,1.0,4.0,0.1,0.058823529411764705,,,,,True,,,,
1629611,1610612737,Terance Mann,Terance Mann,1629611,ATL,11559.0,193,-65.0,401,410,87,133,44.0,811,9.0,11.0,3.0,4.0,3.0,3.0,11.0,17.0,2.0,3.0,6.0,13.0,,,1.0,1.0,4.0,7.0,1.0,1.0,,,22.0,31.0,10.0,20.0,12.0,86.0,515,4.0,5.0,1.0,1.0,3.0,14.0,4.0,6.0,1.0,1.0,3.0,14.0,18.0,26.0,27.0,3.0,7.0,4.0,3.0,10.0,5.0,15.0,3.0,2.0,5.0,5.0,,35.0,4.0,8.0,10.0,3.0,1.0,14.0,12.0,26.0,,5.0,4.0,1.0,7.0,2.0,5.0,2.0,,2.0,,9.0,1.0,1.0,8.0,17.0,3.0,12.0,,1.0,20.0,1.0,7.0,2.0,1.0,,,1.0,,,1.0,,14.0,85,1.0,2.0,0.4090909090909091,0.47368421052631576,0.9,0.5,1.0,1.0,0.5,0.7096774193548387,0.8,0.6666666666666666,0.7254901960784313,0.9166666666666666,0.7857142857142857,0.7166666666666667,0.7777777777777778,0.7777777777777778,0.39215686274509803,0.0967741935483871,0.09090909090909091,0.11764705882352941,15.299334811529935,0.7777777777777778,0.2,0.03896103896103896,0.07920792079207921,0.09259259259259259,0.043478260869565216,0.07027027027027027,0.06217616580310881,0.08333333333333333,0.09433962264150944,0.03076923076923077,0.07407407407407407,0.09375,,,0.08860759493670886,0.10344827586206896,,,0.21568627450980393,0.8181818181818182,0.9,0.4444444444444444,0.3333333333333333,0.6470588235294118,0.7333333333333333,0.45454545454545453,0.058823529411764705,0.6666666666666666,0.6666666666666666,0.2549019607843137,0.46153846153846156,0.5,1.0,0.13725490196078433,0.5714285714285714,0.5714285714285714,0.75,0.6666666666666666,0.75,,,,,0.16666666666666666,1.0,1.0,0.42857142857142855,1.0,0.14285714285714285,1.0,,,0.6078431372549019,0.5714285714285714,0.5329098039215686,0.53101,0.5369142857142857,0.13793103448275862,0.1891891891891892,0.16279069767441862,0.16279069767441862,6.719354838709678,24.02,0.2169576059850374,6.0,1.0,,,,,1.0,0.05,,0.07692307692307693,,,,,,,1.0,,0.047619047619047616,,,,,True,,,,
1630700,1610612737,Dyson Daniels,Dyson Daniels,1630700,ATL,14935.0,249,16.0,526,530,130,190,58.0,1056,20.0,34.0,2.0,5.0,6.0,10.0,16.0,40.0,,1.0,2.0,4.0,,,1.0,1.0,1.0,6.0,,1.0,,2.0,36.0,75.0,3.0,10.0,13.0,94.0,627,2.0,8.0,,1.0,1.0,5.0,9.0,17.0,1.0,3.0,5.0,26.0,30.0,42.0,9.0,,5.0,1.0,5.0,21.0,12.0,33.0,8.0,4.0,10.0,11.0,,78.0,3.0,7.0,15.0,14.0,6.0,35.0,10.0,45.0,4.0,25.0,12.0,13.0,8.0,1.0,6.0,6.0,1.0,2.0,1.0,14.0,1.0,4.0,13.0,19.0,,21.0,2.0,2.0,21.0,1.0,9.0,2.0,4.0,1.0,1.0,1.0,,3.0,5.0,,24.0,124,1.0,1.0,0.4166666666666667,0.4166666666666667,1.0,0.3,,0.3333333333333333,0.3333333333333333,0.48,0.25,0.5294117647058824,0.4764705882352941,0.2222222222222222,0.525,0.49473684210526314,0.22727272727272727,0.5652173913043478,0.11764705882352941,0.06666666666666667,0.08823529411764706,0.05,18.44331641285956,0.5714285714285714,0.4,0.12389380530973451,0.05426356589147287,0.13761467889908258,0.02912621359223301,0.13063063063063063,0.04310344827586207,0.08333333333333333,0.02702702702702703,0.03896103896103896,,0.07317073170731707,0.1346153846153846,0.2,0.11904761904761904,0.2,0.10256410256410256,,0.4,0.5882352941176471,0.6451612903225806,0.5,0.47058823529411764,0.4,0.42105263157894735,0.3125,0.011764705882352941,,,0.047058823529411764,0.5,0.5,1.0,0.07058823529411765,0.16666666666666666,0.2,1.0,0.5555555555555556,0.4,1.0,,,,0.1111111111111111,,,0.5,0.6,0.05,1.0,0.1,,0.5176470588235295,0.2,0.5763595238095238,0.5428571428571428,0.6430631578947368,0.0967741935483871,0.10843373493975904,0.05319148936170213,0.2765957446808511,5.278666666666666,28.620000000000005,0.24714828897338403,,1.0,,1.0,,,,0.1,,,0.16666666666666666,,0.14285714285714285,1.0,1.0,,,,,,1.0,,,True,,,1.0,
1630249,1610612737,Vít Krejčí,Vít Krejčí,1630249,ATL,3234.0,54,13.0,110,114,30,45,11.0,224,,,,,,,,,,,3.0,5.0,,,,2.0,4.0,8.0,,,,,,,7.0,13.0,,21.0,120,,,,,,,,,,2.0,,,,,18.0,3.0,8.0,4.0,,4.0,3.0,7.0,3.0,,1.0,3.0,,17.0,,,2.0,,,2.0,,2.0,,4.0,1.0,3.0,1.0,,1.0,1.0,1.0,,,2.0,1.0,1.0,2.0,7.0,2.0,,,,,,,,1.0,,,,,1.0,1.0,,,30,1.0,,,,0.8571428571428571,0.5384615384615384,,,0.5384615384615384,,,,0.8076923076923077,,,0.8076923076923077,,,1.0,,,,12.195121951219512,0.5,,,,0.06896551724137931,,0.03636363636363636,,,,,,,,,,0.25,,,,,,,,,,,,,,0.38461538461538464,0.6,0.6,1.0,0.6153846153846154,0.5,0.5,0.75,,,,,,,,,,,,1.0,,,,1.0,0.5,0.56085,,0.5828249999999999,,,,,,25.184615384615384,0.2727272727272727,,,,,,,,,,,,,,,,,,,,,,,,True,,,,
1630168,1610612737,Onyeka Okongwu,Onyeka Okongwu,1630168,ATL,12239.0,204,33.0,430,432,111,182,46.0,862,19.0,25.0,5.0,6.0,5.0,6.0,11.0,18.0,,2.0,1.0,4.0,,1.0,,2.0,2.0,9.0,,1.0,,3.0,30.0,45.0,3.0,13.0,21.0,90.0,508,6.0,10.0,,2.0,,12.0,7.0,10.0,,5.0,11.0,25.0,46.0,14.0,9.0,,9.0,2.0,3.0,8.0,10.0,18.0,7.0,3.0,5.0,3.0,,46.0,5.0,12.0,16.0,23.0,3.0,42.0,17.0,59.0,,7.0,2.0,5.0,3.0,1.0,3.0,6.0,1.0,,,9.0,1.0,3.0,7.0,17.0,2.0,20.0,,,26.0,4.0,13.0,2.0,8.0,1.0,,2.0,1.0,6.0,9.0,4.0,23.0,105,3.0,1.0,0.7666666666666667,0.92,1.0,0.23076923076923078,,,0.23076923076923078,0.6666666666666666,0.6,0.7,0.5948275862068966,0.5,0.4666666666666667,0.6521739130434783,0.5,0.625,0.22413793103448276,0.06666666666666667,0.08,0.05555555555555555,16.049382716049383,0.3333333333333333,0.21428571428571427,0.24731182795698925,0.12371134020618557,0.1839080459770115,0.05555555555555555,0.21666666666666667,0.09090909090909091,0.15384615384615385,0.09433962264150944,0.04411764705882353,0.09090909090909091,0.22580645161290322,0.2978723404255319,0.13333333333333333,0.17647058823529413,0.21052631578947367,,0.4444444444444444,0.43103448275862066,0.76,0.8260869565217391,0.7368421052631579,0.3103448275862069,0.6111111111111112,0.6470588235294118,0.8181818181818182,0.034482758620689655,,,0.06896551724137931,0.25,0.25,1.0,0.15517241379310345,0.2222222222222222,0.2222222222222222,1.0,0.5,0.8333333333333334,,0.08333333333333333,,,0.08333333333333333,,,0.4,0.8333333333333334,0.13333333333333333,,0.2,,0.6551724137931034,0.2222222222222222,0.5444327586206896,0.5251409090909092,0.5363933333333333,0.19402985074626866,0.24074074074074073,0.13333333333333333,0.2777777777777778,4.397777777777778,25.515384615384615,0.25813953488372093,10.0,,,,3.0,,,,,,,,0.2,,,,,,,,,,,True,,,1.0,
1631230,1610612737,Dominick Barlow,Dominick Barlow,1631230,ATL,2590.0,43,-21.0,91,92,36,27,7.0,183,4.0,6.0,,2.0,1.0,1.0,,2.0,1.0,2.0,,2.0,,,,1.0,,,,,,,5.0,10.0,,2.0,3.0,13.0,120,,3.0,,,,,1.0,3.0,,1.0,3.0,5.0,10.0,,,,,,2.0,4.0,1.0,5.0,1.0,,2.0,2.0,,11.0,,2.0,1.0,4.0,,5.0,2.0,7.0,,3.0,2.0,1.0,,,,1.0,,,,1.0,,,3.0,5.0,,5.0,1.0,,5.0,1.0,2.0,1.0,4.0,,,2.0,,2.0,4.0,3.0,5.0,36,,1.0,1.0,1.0,,,,,,0.5,,0.3333333333333333,0.4166666666666667,,0.25,0.4642857142857143,,0.4166666666666667,0.16666666666666666,0.2,,1.0,14.285714285714285,,,0.21052631578947367,0.08,0.058823529411764705,,0.1388888888888889,0.044444444444444446,0.2,,,,0.3333333333333333,0.2,,,0.25,,0.75,0.5,0.6666666666666666,0.6666666666666666,1.0,0.16666666666666666,,,,0.16666666666666666,0.5,0.5,0.16666666666666666,,,,,,,,0.6666666666666666,,,,,,,,,0.25,1.0,0.25,,,,0.6666666666666666,,0.5437666666666666,0.5318333333333333,0.47857500000000003,0.15384615384615385,0.18181818181818182,,0.38461538461538464,5.49,23.2,0.3956043956043956,,,,,1.0,,1.0,,,,,,,,,,,1.0,,,,,1.0,True,,,,
203991,1610612737,Clint Capela,Clint Capela,203991,ATL,7386.0,123,-26.0,260,264,43,74,35.0,524,15.0,24.0,6.0,9.0,2.0,3.0,6.0,15.0,,,,,,,,,,1.0,,,,,21.0,39.0,,1.0,3.0,45.0,329,7.0,11.0,,,1.0,15.0,2.0,4.0,,,2.0,6.0,30.0,12.0,,,1.0,,2.0,4.0,2.0,6.0,2.0,,2.0,1.0,1.0,14.0,4.0,12.0,10.0,17.0,2.0,29.0,16.0,45.0,1.0,6.0,4.0,2.0,1.0,2.0,1.0,2.0,,,,3.0,2.0,,5.0,13.0,3.0,4.0,2.0,,6.0,,2.0,1.0,5.0,,,4.0,,1.0,5.0,3.0,6.0,43,3.0,1.0,0.7142857142857143,1.0,,,,,,0.5384615384615384,0.6363636363636364,0.5,0.525,0.6363636363636364,0.5,0.5232558139534884,0.625,0.5,0.025,0.05128205128205128,0.041666666666666664,0.06666666666666667,15.699658703071671,0.3333333333333333,0.5,0.34,0.1875,0.14084507042253522,0.07272727272727272,0.2231404958677686,0.13445378151260504,0.2,0.21052631578947367,0.047619047619047616,0.15384615384615385,0.32,0.2631578947368421,0.6666666666666666,0.1702127659574468,0.08333333333333333,0.058823529411764705,0.6,0.6,0.625,0.6521739130434783,0.6,0.375,0.4,0.42857142857142855,1.0,,,,,,,,0.025,,,,0.8181818181818182,0.6666666666666666,,,,,,,,0.75,0.6666666666666666,,,,,0.625,,0.5940575000000001,0.5743199999999999,0.624725,0.047619047619047616,0.04878048780487805,0.3333333333333333,0.13333333333333333,3.3692307692307693,26.3,0.16538461538461538,12.0,,,,,,,,,,,,,,,,,,,,,,,True,,,,
1642258,1610612737,Zaccharie Risacher,Zaccharie Risacher,1642258,ATL,7880.0,131,-13.0,267,277,32,52,32.0,544,7.0,15.0,3.0,7.0,1.0,4.0,6.0,13.0,1.0,1.0,5.0,8.0,1.0,1.0,1.0,2.0,5.0,12.0,2.0,2.0,,1.0,14.0,29.0,10.0,20.0,1.0,59.0,351,4.0,8.0,3.0,3.0,,17.0,2.0,7.0,1.0,3.0,,7.0,12.0,16.0,30.0,,12.0,5.0,4.0,2.0,4.0,6.0,3.0,1.0,2.0,,,16.0,1.0,6.0,9.0,7.0,1.0,17.0,7.0,24.0,3.0,,,,5.0,1.0,3.0,3.0,1.0,2.0,,8.0,,2.0,4.0,4.0,,2.0,,,1.0,1.0,1.0,,5.0,,,2.0,,3.0,5.0,3.0,7.0,31,,,0.42857142857142855,0.5454545454545454,1.0,0.5,1.0,0.3333333333333333,0.5,0.4827586206896552,0.5,0.2857142857142857,0.5918367346938775,0.7727272727272727,0.35,0.6020408163265306,0.7727272727272727,0.35,0.40816326530612246,0.13793103448275862,0.06666666666666667,0.23076923076923078,18.387096774193548,0.625,0.25,0.12727272727272726,0.07792207792207792,0.15789473684210525,0.018867924528301886,0.14285714285714285,0.05384615384615385,0.14285714285714285,0.044444444444444446,0.023255813953488372,,0.13636363636363635,0.125,0.1111111111111111,0.18181818181818182,0.07692307692307693,0.14285714285714285,0.6,0.30612244897959184,0.4666666666666667,0.5,0.42857142857142855,0.2653061224489796,0.46153846153846156,0.6,0.5,0.02040816326530612,1.0,1.0,0.16326530612244897,0.625,0.625,1.0,0.24489795918367346,0.4166666666666667,0.4166666666666667,1.0,0.6363636363636364,0.42857142857142855,,0.09090909090909091,1.0,1.0,0.18181818181818182,1.0,1.0,0.4,0.25,0.2,0.5,0.1,,0.7142857142857143,0.4166666666666667,0.5579418367346939,0.5937166666666666,0.5681,0.02040816326530612,0.034482758620689655,0.288135593220339,0.11864406779661017,3.8517241379310336,25.124999999999996,0.1198501872659176,6.0,,,1.0,,,,,,,,,,,,,,,,,,,,True,,,,
1630811,1610612737,Keaton Wallace,Keaton Wallace,1630811,ATL,904.0,15,3.0,31,31,9,14,4.0,62,,,,,,,1.0,2.0,,1.0,,,,,,,1.0,1.0,,,,,1.0,3.0,1.0,1.0,,5.0,35,,1.0,,,,,,1.0,,,,,,2.0,3.0,,1.0,1.0,,1.0,1.0,2.0,1.0,,,1.0,,5.0,1.0,,1.0,,,1.0,1.0,2.0,,,,,,,,,,,,,,,2.0,4.0,,,,,,,,,,,,,,,,,,8,,,,,1.0,1.0,,,1.0,0.3333333333333333,,,0.625,,,0.625,,,0.25,,,,11.11111111111111,,,,,0.1,0.16666666666666666,0.0625,0.07692307692307693,,,0.16666666666666666,,,,,0.125,,,,,,,,0.5,0.5,0.5,,0.25,,,,,,,0.25,1.0,1.0,1.0,,,,,,,,,,,,,,,,0.25,1.0,0.45025,,0.4579,,,,,13.799999999999999,24.6,0.2903225806451613,,,,,,,,,,,,,,,,,,,,,,,,True,,,,
1631243,1610612737,Mouhamed Gueye,Mouhamed Gueye,1631243,ATL,188.0,3,-6.0,6,8,2,6,,14,,,,,,,,,,,,,,,,,,,,,,,,,,,,,10,,,,,,,,,,,,,,,,,,,,,,,,,,,,,,,,,,,,,,,,,,,,,,,,,,,,,,,,,,,,,,,,,,,,,,2,,,,,,,,,,,,,,,,,,,,,,,,,,,,,,,,,,,,,,,,,,,,,,,,,,,,,,,,,,,,,,,,,,,,,,,,,,,,,,,,,,,,,,,,0.3333333333333333,,,,,,,,,,,,,,,,,,,,,,,,True,,,,
1626204,1610612737,Larry Nance Jr.,Larry Nance Jr.,1626204,ATL,26850.0,448,-91.0,948,954,242,246,98.0,1902,31.0,46.0,6.0,7.0,9.0,13.0,9.0,25.0,2.0,4.0,13.0,28.0,1.0,2.0,2.0,5.0,21.0,47.0,3.0,3.0,4.0,10.0,42.0,75.0,34.0,75.0,9.0,195.0,1146,8.0,11.0,4.0,5.0,,28.0,9.0,15.0,6.0,15.0,3.0,39.0,72.0,12.0,99.0,3.0,45.0,21.0,5.0,19.0,19.0,38.0,11.0,8.0,10.0,9.0,,95.0,9.0,14.0,39.0,33.0,6.0,78.0,23.0,101.0,3.0,20.0,11.0,9.0,9.0,3.0,9.0,7.0,,,,16.0,3.0,2.0,13.0,36.0,3.0,25.0,5.0,,13.0,1.0,5.0,2.0,12.0,1.0,1.0,6.0,,6.0,13.0,10.0,39.0,241,3.0,2.0,0.8571428571428571,0.972972972972973,0.9705882352941176,0.4533333333333333,0.8,0.4,0.4657534246575342,0.56,0.7272727272727273,0.6,0.62,0.875,0.6,0.625,0.875,0.609375,0.5,0.06666666666666667,0.06521739130434782,0.04,16.165413533834585,0.5625,0.3,0.16923076923076924,0.06862745098039216,0.17972350230414746,0.0375,0.17475728155339806,0.0518018018018018,0.05555555555555555,0.09090909090909091,0.03488372093023256,0.04411764705882353,0.15384615384615385,0.17045454545454544,0.20689655172413793,0.16470588235294117,0.23404255319148937,0.045454545454545456,0.7692307692307693,0.30666666666666664,0.6739130434782609,0.7209302325581395,0.8064516129032258,0.16666666666666666,0.36,0.375,1.0,0.02666666666666667,0.5,0.6666666666666666,0.18666666666666668,0.4642857142857143,0.4642857142857143,1.0,0.31333333333333335,0.44680851063829785,0.45652173913043476,0.9523809523809523,0.4375,0.8571428571428571,0.16666666666666666,0.125,0.5,1.0,0.1875,1.0,0.6666666666666666,0.43333333333333335,0.6923076923076923,0.16666666666666666,0.4,0.3333333333333333,0.4,0.8066666666666666,0.4666666666666667,0.5616341216216216,0.5730954545454545,0.5868767857142857,0.032467532467532464,0.06329113924050633,0.14358974358974358,0.2,4.385333333333333,25.862666666666666,0.2552742616033755,10.0,1.0,,2.0,2.0,7.0,,0.013333333333333334,0.25,,0.02127659574468085,,,2.0,,,,1.0,,,,,1.0,False,,,,
1627747,1610612737,Caris LeVert,Caris LeVert,1627747,ATL,8027.0,134,29.0,282,277,78,116,51.0,559,15.0,19.0,3.0,5.0,2.0,2.0,6.0,14.0,,1.0,5.0,9.0,,,2.0,4.0,9.0,29.0,1.0,4.0,,5.0,21.0,34.0,14.0,38.0,10.0,94.0,331,4.0,7.0,1.0,4.0,2.0,13.0,2.0,4.0,2.0,9.0,6.0,16.0,24.0,18.0,33.0,9.0,29.0,9.0,1.0,9.0,2.0,11.0,2.0,,5.0,4.0,,24.0,1.0,2.0,5.0,8.0,1.0,14.0,3.0,17.0,2.0,7.0,2.0,5.0,4.0,,4.0,,,,,4.0,,1.0,4.0,10.0,,10.0,,1.0,15.0,1.0,7.0,1.0,4.0,,,3.0,,1.0,4.0,2.0,16.0,75,1.0,1.0,0.5714285714285714,0.5714285714285714,0.7857142857142857,0.3684210526315789,0.25,0.2222222222222222,0.3684210526315789,0.6176470588235294,0.5714285714285714,0.5,0.5833333333333334,0.5,0.38461538461538464,0.5949367088607594,0.5,0.47058823529411764,0.5277777777777778,0.029411764705882353,0.05263157894736842,,24.269005847953217,1.0,0.2,0.12121212121212122,0.02702702702702703,0.10416666666666667,0.015151515151515152,0.11403508771929824,0.02142857142857143,0.04,0.023255813953488372,,0.05555555555555555,0.05555555555555555,0.1794871794871795,,0.08333333333333333,0.16666666666666666,0.05555555555555555,0.5,0.2638888888888889,0.7894736842105263,0.8333333333333334,0.6666666666666666,0.19444444444444445,0.42857142857142855,0.42857142857142855,0.3333333333333333,0.013888888888888888,,,0.125,0.5555555555555556,0.5555555555555556,1.0,0.4027777777777778,0.3103448275862069,0.3103448275862069,0.6666666666666666,0.45454545454545453,0.6,0.6666666666666666,,,,0.36363636363636365,0.25,1.0,0.15384615384615385,1.0,0.3076923076923077,0.5,0.38461538461538464,,0.7916666666666666,0.3103448275862069,0.5790951388888887,0.6188714285714286,0.5779576923076923,0.08974358974358974,0.175,0.13829787234042554,0.1702127659574468,4.602941176470587,24.815789473684216,0.2765957446808511,,,,,,,,,,,,,,,,,,,,,,,,False,,,,
1629027,1610612737,Trae Young,Trae Young,1629027,ATL,121240.0,2021,-4.0,4369,4359,1026,956,533.0,8728,86.0,156.0,7.0,10.0,29.0,43.0,134.0,302.0,25.0,69.0,18.0,46.0,9.0,16.0,5.0,8.0,135.0,423.0,7.0,26.0,40.0,114.0,245.0,527.0,153.0,469.0,335.0,1284.0,5055,17.0,36.0,16.0,42.0,35.0,117.0,58.0,123.0,45.0,122.0,147.0,398.0,150.0,340.0,144.0,315.0,416.0,134.0,44.0,442.0,196.0,638.0,122.0,74.0,319.0,107.0,16.0,1472.0,12.0,17.0,103.0,51.0,2.0,156.0,30.0,186.0,12.0,66.0,39.0,27.0,203.0,39.0,170.0,69.0,10.0,33.0,,272.0,13.0,60.0,55.0,110.0,4.0,305.0,4.0,16.0,389.0,22.0,111.0,68.0,7.0,3.0,3.0,5.0,,2.0,10.0,5.0,375.0,1005,11.0,48.0,0.30612244897959184,0.30991735537190085,0.3137254901960784,0.326226012793177,0.38095238095238093,0.36885245901639346,0.3282937365010799,0.4648956356736243,0.4722222222222222,0.4715447154471545,0.4764056224899598,0.5256410256410257,0.5122448979591837,0.5429184549356223,0.6,0.6099071207430341,0.4708835341365462,0.08349146110056926,0.10256410256410256,0.08609271523178808,28.657194316589955,0.7463235294117647,0.021739130434782608,0.05252317198764161,0.016252390057361378,0.10819327731092437,0.012539184952978056,0.08008320332813312,0.014478282576135796,0.013761467889908258,0.0149812734082397,0.014285714285714285,0.007782101167315175,0.05167958656330749,0.04555808656036447,0.07586206896551724,0.11461318051575932,0.09055118110236221,0.02247191011235955,0.5,0.1566265060240964,0.5512820512820513,0.6142857142857143,0.38372093023255816,0.3032128514056225,0.44370860927152317,0.4855072463768116,0.2537313432835821,0.06927710843373494,0.36231884057971014,0.373134328358209,0.04618473895582329,0.391304347826087,0.4,0.7777777777777778,0.4246987951807229,0.3191489361702128,0.3221957040572792,0.2518518518518518,0.1282051282051282,0.7,0.42857142857142855,0.20512820512820512,0.5625,1.0,0.3333333333333333,0.2692307692307692,0.5714285714285714,0.17551020408163265,0.6744186046511628,0.0326530612244898,0.625,0.46530612244897956,0.3508771929824561,0.6275100401606426,0.32211538461538464,0.5157613265306121,0.4963583333333334,0.5004227848101267,0.11303555150410209,0.18019480519480519,0.0911214953271028,0.3099688473520249,7.97571157495256,27.527078891257993,0.23483634699015793,6.0,5.0,1.0,9.0,5.0,4.0,,0.010660980810234541,0.028985507246376812,0.021739130434782608,0.009456264775413711,0.008130081300813009,0.039473684210526314,6.0,2.0,19.0,13.0,0.32,0.02702702702702703,,3.0,,,False,2.0,1.0,,1.0
1629611,1610612737,Terance Mann,Terance Mann,1629611,ATL,10626.0,177,-6.0,364,366,57,67,56.0,730,13.0,16.0,1.0,3.0,2.0,3.0,6.0,13.0,1.0,5.0,5.0,14.0,1.0,1.0,,,4.0,15.0,1.0,1.0,,3.0,20.0,34.0,9.0,29.0,2.0,69.0,430,1.0,5.0,2.0,2.0,,8.0,3.0,5.0,,3.0,,6.0,22.0,18.0,27.0,,15.0,4.0,2.0,15.0,10.0,25.0,4.0,6.0,6.0,7.0,2.0,60.0,4.0,4.0,4.0,8.0,1.0,13.0,8.0,21.0,,1.0,1.0,,5.0,,4.0,,,1.0,,5.0,,,6.0,16.0,1.0,4.0,1.0,,4.0,2.0,3.0,,2.0,,,1.0,,1.0,2.0,1.0,6.0,56,2.0,,0.55,0.5789473684210527,1.0,0.3103448275862069,1.0,,0.3103448275862069,0.5882352941176471,0.2,0.6,0.5317460317460317,0.5714285714285714,0.375,0.5390625,0.5714285714285714,0.375,0.4603174603174603,0.058823529411764705,0.0625,0.07692307692307693,16.159250585480095,1.0,0.1111111111111111,0.08247422680412371,0.047619047619047616,0.06557377049180328,0.043478260869565216,0.0759493670886076,0.045454545454545456,,0.07407407407407407,0.03125,0.07142857142857142,0.06451612903225806,0.07692307692307693,0.14285714285714285,0.0975609756097561,,,0.5,0.25396825396825395,0.8125,0.8666666666666667,0.6153846153846154,0.20634920634920634,0.46153846153846156,0.5,0.5,0.07936507936507936,0.2,0.2,0.2222222222222222,0.35714285714285715,0.35714285714285715,1.0,0.23809523809523808,0.26666666666666666,0.26666666666666666,1.0,0.42857142857142855,0.3333333333333333,,0.14285714285714285,1.0,1.0,0.14285714285714285,1.0,1.0,0.375,0.6666666666666666,,,0.375,,0.7142857142857143,0.26666666666666666,0.5436587301587302,0.5591875,0.52220625,0.046875,0.08571428571428572,0.11594202898550725,0.08695652173913043,6.252941176470587,24.344827586206893,0.1565934065934066,2.0,,,,,,,,,,,,,,,,,,,,,,,False,,,,
1630249,1610612737,Vít Krejčí,Vít Krejčí,1630249,ATL,49958.0,833,-81.0,1749,1750,406,390,194.0,3499,25.0,37.0,7.0,9.0,5.0,7.0,14.0,30.0,3.0,5.0,11.0,28.0,,1.0,1.0,6.0,47.0,122.0,6.0,11.0,8.0,21.0,42.0,72.0,58.0,150.0,22.0,280.0,1982,7.0,10.0,6.0,12.0,2.0,34.0,7.0,17.0,9.0,27.0,6.0,47.0,50.0,34.0,159.0,15.0,122.0,47.0,8.0,63.0,43.0,106.0,26.0,17.0,41.0,19.0,3.0,255.0,6.0,9.0,44.0,47.0,4.0,95.0,15.0,110.0,1.0,27.0,16.0,11.0,21.0,7.0,17.0,17.0,6.0,4.0,1.0,38.0,,9.0,37.0,75.0,1.0,31.0,1.0,2.0,33.0,2.0,14.0,2.0,20.0,1.0,1.0,12.0,,7.0,21.0,13.0,47.0,401,3.0,1.0,0.5952380952380952,0.6410256410256411,0.9137931034482759,0.38666666666666666,0.5,0.3333333333333333,0.38666666666666666,0.5833333333333334,0.7,0.4117647058823529,0.581081081081081,0.7272727272727273,0.4659090909090909,0.5907172995780591,0.7083333333333334,0.4895833333333333,0.6756756756756757,0.1111111111111111,0.13513513513513514,0.1,13.95112016293279,0.5526315789473685,0.1,0.1172069825436409,0.023872679045092837,0.11733333333333333,0.013452914798206279,0.1172680412371134,0.018226002430133656,0.007142857142857143,0.035175879396984924,0.014705882352941176,0.009433962264150943,0.10135135135135136,0.12834224598930483,0.12121212121212122,0.12359550561797752,0.10185185185185185,0.009009009009009009,0.6190476190476191,0.16666666666666666,0.6756756756756757,0.78125,0.72,0.13513513513513514,0.4666666666666667,0.5185185185185185,0.35714285714285715,0.02252252252252252,0.6,0.6,0.12612612612612611,0.39285714285714285,0.39285714285714285,1.0,0.5495495495495496,0.38524590163934425,0.38524590163934425,0.8936170212765957,0.4090909090909091,0.7777777777777778,0.5714285714285714,0.045454545454545456,,,0.5,0.5454545454545454,1.0,0.1590909090909091,0.7142857142857143,0.13636363636363635,0.16666666666666666,0.4772727272727273,0.38095238095238093,0.8423423423423423,0.38524590163934425,0.560009009009009,0.6473730769230769,0.5431443181818181,0.06808510638297872,0.16666666666666666,0.12142857142857143,0.16785714285714284,4.797222222222223,25.62200000000001,0.23213264722698684,6.0,,,1.0,,1.0,,,,,,,0.02631578947368421,,,,2.0,0.6666666666666666,0.013245033112582781,1.0,,,,False,,1.0,,
1642258,1610612737,Zaccharie Risacher,Zaccharie Risacher,1642258,ATL,81889.0,1365,-133.0,2925,2919,358,324,349.0,5844,116.0,193.0,23.0,39.0,17.0,26.0,44.0,107.0,5.0,17.0,45.0,104.0,4.0,10.0,4.0,12.0,36.0,141.0,1.0,9.0,5.0,15.0,165.0,317.0,81.0,245.0,84.0,657.0,3406,26.0,47.0,5.0,19.0,8.0,75.0,23.0,38.0,9.0,27.0,10.0,83.0,250.0,80.0,234.0,9.0,141.0,36.0,35.0,33.0,35.0,68.0,20.0,15.0,16.0,17.0,,171.0,29.0,39.0,61.0,65.0,6.0,132.0,69.0,201.0,10.0,47.0,31.0,16.0,39.0,7.0,16.0,31.0,6.0,23.0,5.0,70.0,6.0,7.0,69.0,113.0,4.0,84.0,6.0,7.0,118.0,10.0,53.0,5.0,25.0,,,16.0,,8.0,25.0,8.0,81.0,354,4.0,4.0,0.7575757575757576,0.8278145695364238,0.9629629629629629,0.3306122448979592,0.2631578947368421,0.3333333333333333,0.3306122448979592,0.5205047318611987,0.5531914893617021,0.6052631578947368,0.5097864768683275,0.5075757575757576,0.5615384615384615,0.5350734094616639,0.528169014084507,0.5845070422535211,0.4359430604982206,0.11041009463722397,0.12953367875647667,0.09345794392523364,20.436864153201675,0.5571428571428572,0.125,0.09833585476550681,0.05263157894736842,0.09606299212598425,0.04574132492113565,0.09722222222222222,0.04945454545454545,0.07534246575342465,0.0425,0.04956896551724138,0.03529411764705882,0.1015625,0.08552631578947369,0.12871287128712872,0.09533898305084745,0.09815950920245399,0.0364963503649635,0.32,0.34341637010676157,0.6010362694300518,0.6904761904761905,0.7672413793103449,0.1903914590747331,0.411214953271028,0.4536082474226804,0.7272727272727273,0.030249110320284697,0.29411764705882354,0.29411764705882354,0.18505338078291814,0.4326923076923077,0.4411764705882353,1.0,0.2508896797153025,0.2553191489361702,0.2589928057553957,0.9166666666666666,0.5909090909090909,0.5897435897435898,0.30434782608695654,0.15151515151515152,0.4,1.0,0.13636363636363635,0.1111111111111111,1.0,0.4,0.6538461538461539,0.18461538461538463,0.3333333333333333,0.23076923076923078,0.3333333333333333,0.7793594306049823,0.2553191489361702,0.580641548042705,0.5890244186046512,0.5912769230769229,0.09210526315789473,0.14722222222222223,0.1141552511415525,0.1263318112633181,4.674132492113564,24.71469387755102,0.12239316239316239,28.0,4.0,1.0,6.0,3.0,,1.0,0.0163265306122449,,0.019230769230769232,0.014184397163120567,0.014925373134328358,,,2.0,1.0,3.0,0.8,0.012096774193548387,1.0,,,,False,1.0,,2.0,
1630700,1610612737,Dyson Daniels,Dyson Daniels,1630700,ATL,113383.0,1890,-140.0,4029,4048,782,772,514.0,8077,149.0,233.0,31.0,53.0,29.0,51.0,114.0,257.0,3.0,10.0,18.0,44.0,,2.0,5.0,7.0,46.0,141.0,3.0,16.0,5.0,25.0,266.0,500.0,64.0,185.0,60.0,784.0,4721,41.0,76.0,3.0,18.0,6.0,97.0,47.0,89.0,10.0,32.0,12.0,136.0,278.0,254.0,177.0,15.0,136.0,46.0,32.0,143.0,88.0,231.0,48.0,40.0,84.0,50.0,9.0,550.0,38.0,49.0,109.0,98.0,10.0,217.0,91.0,308.0,17.0,166.0,94.0,72.0,71.0,14.0,51.0,36.0,9.0,20.0,2.0,107.0,9.0,18.0,66.0,138.0,3.0,95.0,6.0,10.0,102.0,12.0,54.0,2.0,38.0,3.0,2.0,22.0,1.0,14.0,41.0,20.0,136.0,764,8.0,2.0,0.5225563909774437,0.5791666666666667,0.921875,0.34594594594594597,0.16666666666666666,0.3125,0.35555555555555557,0.532,0.5394736842105263,0.5280898876404494,0.5284671532846715,0.48404255319148937,0.512396694214876,0.5377229080932785,0.5,0.53125,0.27007299270072993,0.064,0.06866952789699571,0.0622568093385214,18.036677454153182,0.6635514018691588,0.12987012987012986,0.11251435132032148,0.047992164544564155,0.12557603686635946,0.04308390022675737,0.11903392754456585,0.04571728849185497,0.044226044226044224,0.05027932960893855,0.03230769230769231,0.07327586206896551,0.09776536312849161,0.12073490813648294,0.12878787878787878,0.13145539906103287,0.1091703056768559,0.054838709677419356,0.4878048780487805,0.34014598540145985,0.6394849785407726,0.6866359447004609,0.44966442953020136,0.37518248175182484,0.44357976653696496,0.4730290456431535,0.6140350877192983,0.014598540145985401,0.3,0.3,0.06423357664233577,0.4090909090909091,0.4186046511627907,1.0,0.20583941605839415,0.3262411347517731,0.32857142857142857,0.8913043478260869,0.5638297872340425,0.5849056603773585,0.16129032258064516,0.02127659574468085,,,0.1702127659574468,0.1875,1.0,0.4214876033057851,0.5686274509803921,0.05785123966942149,0.7142857142857143,0.2066115702479339,0.2,0.6102189781021898,0.3382352941176471,0.5528518382352943,0.5667139344262295,0.5526423076923077,0.07427785419532325,0.0996309963099631,0.12372448979591837,0.17346938775510204,5.041399999999998,26.141081081081072,0.1940928270042194,52.0,2.0,4.0,3.0,4.0,,,0.010810810810810811,,0.022727272727272728,0.0070921985815602835,0.0380952380952381,0.05194805194805195,5.0,2.0,,,0.6666666666666666,,2.0,,,2.0,False,,,,
1631243,1610612737,Mouhamed Gueye,Mouhamed Gueye,1631243,ATL,18993.0,317,-6.0,666,664,52,76,79.0,1330,23.0,33.0,5.0,8.0,2.0,2.0,9.0,19.0,1.0,2.0,8.0,34.0,,3.0,,1.0,6.0,21.0,1.0,1.0,,3.0,33.0,54.0,14.0,55.0,15.0,123.0,730,5.0,10.0,1.0,4.0,6.0,19.0,2.0,4.0,,4.0,,4.0,54.0,12.0,42.0,,21.0,6.0,4.0,9.0,6.0,15.0,4.0,2.0,4.0,5.0,,36.0,10.0,6.0,29.0,18.0,2.0,49.0,17.0,66.0,1.0,19.0,8.0,11.0,3.0,1.0,2.0,6.0,3.0,1.0,1.0,9.0,2.0,1.0,19.0,32.0,4.0,12.0,2.0,,19.0,1.0,9.0,,22.0,2.0,2.0,14.0,,8.0,24.0,17.0,4.0,50,1.0,,0.8181818181818182,0.8709677419354839,1.0,0.2545454545454545,0.25,,0.2545454545454545,0.6111111111111112,0.5,0.5,0.4954128440366973,0.4642857142857143,0.25,0.5256410256410257,0.5588235294117647,0.25,0.5045871559633027,0.07407407407407407,0.06060606060606061,0.10526315789473684,16.666666666666668,0.3333333333333333,0.15384615384615385,0.11842105263157894,0.03614457831325301,0.2,0.06369426751592357,0.15824915824915825,0.04953560371517028,0.08333333333333333,0.011111111111111112,0.07692307692307693,0.03773584905660377,0.05454545454545454,0.11688311688311688,0.3,0.1926605504587156,0.2222222222222222,0.017241379310344827,0.7083333333333334,0.30275229357798167,0.696969696969697,0.7419354838709677,0.782608695652174,0.1743119266055046,0.47368421052631576,0.5294117647058824,0.8888888888888888,0.01834862385321101,0.5,0.5,0.3119266055045872,0.23529411764705882,0.23529411764705882,1.0,0.1926605504587156,0.2857142857142857,0.2857142857142857,1.0,0.5714285714285714,0.625,0.6,0.21428571428571427,,,0.07142857142857142,1.0,1.0,0.25,1.0,0.125,,0.375,,0.8073394495412844,0.2857142857142857,0.5893252293577982,0.6311,0.5400499999999999,0.07692307692307693,0.14516129032258066,0.15447154471544716,0.032520325203252036,4.024074074074075,24.161818181818187,0.07807807807807808,4.0,,1.0,1.0,,,4.0,,,,,0.07692307692307693,,,,,,1.0,,,,,,False,,,,
1629631,1610612737,De'Andre Hunter,De'Andre Hunter,1629631,ATL,63818.0,1064,-59.0,2293,2303,852,812,264.0,4596,56.0,88.0,4.0,10.0,23.0,36.0,52.0,116.0,22.0,41.0,27.0,70.0,2.0,5.0,10.0,25.0,70.0,177.0,6.0,13.0,21.0,53.0,130.0,245.0,97.0,247.0,151.0,702.0,2683,12.0,24.0,8.0,18.0,10.0,58.0,48.0,84.0,31.0,78.0,84.0,273.0,178.0,82.0,273.0,18.0,176.0,70.0,27.0,34.0,23.0,57.0,17.0,6.0,19.0,14.0,1.0,137.0,13.0,13.0,71.0,40.0,7.0,118.0,27.0,145.0,1.0,31.0,22.0,9.0,32.0,10.0,12.0,27.0,6.0,20.0,5.0,59.0,4.0,15.0,41.0,88.0,5.0,152.0,9.0,11.0,176.0,13.0,58.0,30.0,3.0,2.0,1.0,,1.0,3.0,5.0,2.0,271.0,838,16.0,29.0,0.6846153846153846,0.7063492063492064,0.9381443298969072,0.39271255060728744,0.4444444444444444,0.3974358974358974,0.3943089430894309,0.5306122448979592,0.5,0.5714285714285714,0.5599593495934959,0.5714285714285714,0.5833333333333334,0.6140350877192983,0.6063829787234043,0.6476190476190476,0.5020325203252033,0.11020408163265306,0.18181818181818182,0.09482758620689655,24.28571428571429,0.5423728813559322,0.12727272727272726,0.08385744234800839,0.02564102564102564,0.1378640776699029,0.02495201535508637,0.11189516129032258,0.02529182879377432,0.03608247422680412,0.011538461538461539,0.023376623376623377,0.029411764705882353,0.06965174129353234,0.08056872037914692,0.13846153846153847,0.1320754716981132,0.1527777777777778,0.004310344827586207,0.4,0.17886178861788618,0.6363636363636364,0.7777777777777778,0.7857142857142857,0.23577235772357724,0.4482758620689655,0.49523809523809526,0.5961538461538461,0.08333333333333333,0.5365853658536586,0.5365853658536586,0.14227642276422764,0.38571428571428573,0.391304347826087,1.0,0.3597560975609756,0.3954802259887006,0.3954802259887006,0.9142857142857143,0.23809523809523808,0.4,0.5,0.11904761904761904,0.4,1.0,0.30952380952380953,0.46153846153846156,1.0,0.2222222222222222,0.6388888888888888,0.15432098765432098,0.4,0.3271604938271605,0.39622641509433965,0.6808943089430894,0.3977272727272727,0.5374760692464358,0.5147462962962963,0.5413105590062111,0.11666666666666667,0.2,0.08262108262108261,0.3888888888888889,7.502857142857144,25.14291497975709,0.37156563453990404,8.0,1.0,1.0,3.0,2.0,,,0.004048582995951417,,0.014285714285714285,,0.016129032258064516,0.05660377358490566,1.0,1.0,2.0,5.0,0.6363636363636364,0.02,,,,,False,,2.0,,
1629726,1610612737,Garrison Mathews,Garrison Mathews,1629726,ATL,46586.0,776,-70.0,1664,1662,488,469,186.0,3326,6.0,12.0,,1.0,2.0,2.0,8.0,19.0,2.0,6.0,37.0,66.0,1.0,5.0,10.0,12.0,43.0,139.0,1.0,6.0,9.0,35.0,16.0,37.0,80.0,205.0,63.0,335.0,1914,1.0,3.0,2.0,11.0,4.0,12.0,2.0,4.0,19.0,47.0,22.0,83.0,26.0,6.0,234.0,6.0,139.0,43.0,3.0,41.0,16.0,57.0,11.0,5.0,23.0,18.0,,130.0,11.0,2.0,35.0,29.0,4.0,68.0,13.0,81.0,3.0,26.0,19.0,7.0,15.0,4.0,11.0,14.0,2.0,4.0,4.0,29.0,1.0,10.0,39.0,77.0,2.0,64.0,1.0,6.0,77.0,3.0,21.0,4.0,7.0,6.0,4.0,6.0,2.0,1.0,13.0,4.0,83.0,485,10.0,3.0,0.8125,0.8125,0.975,0.3902439024390244,0.18181818181818182,0.40425531914893614,0.3902439024390244,0.43243243243243246,0.3333333333333333,0.5,0.5619834710743802,0.2857142857142857,0.5980392156862745,0.6139705882352942,0.375,0.680327868852459,0.8471074380165289,0.08108108108108109,0.16666666666666666,0.05263157894736842,16.025641025641026,0.5172413793103449,0.12121212121212122,0.07552083333333333,0.005571030640668524,0.09138381201044386,0.026634382566585957,0.08344198174706649,0.01683937823834197,,0.0056179775280898875,0.025806451612903226,0.02912621359223301,0.06289308176100629,0.0670391061452514,0.15217391304347827,0.08813559322033898,0.10227272727272728,0.02158273381294964,0.3076923076923077,0.049586776859504134,0.5,0.6,0.6666666666666666,0.07851239669421488,0.42105263157894735,0.4444444444444444,0.875,0.024793388429752067,0.3333333333333333,0.3333333333333333,0.2727272727272727,0.5606060606060606,0.5606060606060606,1.0,0.5743801652892562,0.30935251798561153,0.3115942028985507,0.9534883720930233,0.07142857142857142,,,0.35714285714285715,0.2,1.0,0.42857142857142855,0.16666666666666666,,0.0392156862745098,1.0,0.23529411764705882,0.8333333333333334,0.6862745098039216,0.2571428571428571,0.8966942148760331,0.30935251798561153,0.5525797520661154,0.5585749999999999,0.5479088235294117,0.11610486891385768,0.38181818181818183,0.03582089552238806,0.24776119402985075,7.497297297297295,24.964878048780484,0.2932692307692308,,1.0,,2.0,2.0,9.0,,0.004878048780487805,,,0.007194244604316547,,0.029411764705882353,,,4.0,11.0,1.0,0.04716981132075472,,,,,False,,3.0,,
1630552,1610612737,Jalen Johnson,Jalen Johnson,1630552,ATL,77051.0,1284,55.0,2787,2782,731,642,326.0,5569,158.0,219.0,31.0,45.0,44.0,56.0,61.0,164.0,8.0,19.0,14.0,44.0,3.0,7.0,4.0,15.0,30.0,97.0,4.0,9.0,7.0,22.0,227.0,402.0,44.0,141.0,94.0,680.0,3140,34.0,57.0,7.0,16.0,9.0,98.0,62.0,99.0,11.0,37.0,27.0,184.0,284.0,170.0,126.0,6.0,95.0,30.0,38.0,117.0,64.0,181.0,32.0,32.0,81.0,33.0,3.0,426.0,26.0,36.0,136.0,139.0,22.0,297.0,63.0,360.0,15.0,56.0,44.0,12.0,61.0,16.0,50.0,45.0,4.0,11.0,,106.0,5.0,26.0,34.0,67.0,2.0,99.0,5.0,5.0,126.0,19.0,65.0,7.0,33.0,3.0,1.0,22.0,2.0,11.0,36.0,20.0,181.0,714,2.0,5.0,0.6255506607929515,0.696078431372549,0.9545454545454546,0.3120567375886525,0.4375,0.2972972972972973,0.31654676258992803,0.5646766169154229,0.5964912280701754,0.6262626262626263,0.5395948434622467,0.6095890410958904,0.5772058823529411,0.5704697986577181,0.6282051282051282,0.6013071895424836,0.2596685082872928,0.0945273631840796,0.0684931506849315,0.1402439024390244,22.11023622047244,0.5754716981132075,0.4,0.22063492063492063,0.05333333333333334,0.20795107033639143,0.04659498207885305,0.21417445482866043,0.050283860502838604,0.05263157894736842,0.05934718100890208,0.0472636815920398,0.04487179487179487,0.20454545454545456,0.22181818181818183,0.26373626373626374,0.2231404958677686,0.16470588235294117,0.06637168141592921,0.5555555555555556,0.40331491712707185,0.7214611872146118,0.7745098039215687,0.6392405063291139,0.3020257826887661,0.3719512195121951,0.4326241134751773,0.5737704918032787,0.034990791896869246,0.42105263157894735,0.42105263157894735,0.08103130755064457,0.3181818181818182,0.32558139534883723,1.0,0.17863720073664824,0.30927835051546393,0.30927835051546393,0.9333333333333333,0.6164383561643836,0.6888888888888889,0.22580645161290322,0.0958904109589041,0.42857142857142855,1.0,0.1232876712328767,0.4444444444444444,1.0,0.4117647058823529,0.7857142857142857,0.11029411764705882,0.26666666666666666,0.16176470588235295,0.3181818181818182,0.6629834254143646,0.3157894736842105,0.5730243992606288,0.5893159574468085,0.5796985074626865,0.11035653650254669,0.14508928571428573,0.14411764705882352,0.27058823529411763,4.829850746268656,25.324822695035454,0.2622891998564765,46.0,1.0,1.0,14.0,7.0,,1.0,0.0070921985815602835,,0.022727272727272728,,0.012658227848101266,0.018867924528301886,2.0,4.0,1.0,,0.75,,,,,3.0,False,,,,
1630811,1610612737,Keaton Wallace,Keaton Wallace,1630811,ATL,26348.0,439,-35.0,914,927,214,235,103.0,1841,9.0,16.0,,,3.0,4.0,17.0,31.0,4.0,15.0,4.0,9.0,,1.0,,,21.0,63.0,5.0,11.0,6.0,13.0,30.0,62.0,25.0,72.0,11.0,146.0,1033,,,5.0,12.0,,15.0,5.0,12.0,6.0,13.0,2.0,30.0,20.0,40.0,60.0,15.0,62.0,21.0,2.0,26.0,34.0,60.0,26.0,8.0,10.0,15.0,1.0,154.0,2.0,4.0,14.0,15.0,1.0,30.0,6.0,36.0,3.0,22.0,11.0,11.0,17.0,7.0,13.0,12.0,2.0,4.0,1.0,29.0,2.0,8.0,21.0,32.0,1.0,12.0,1.0,2.0,11.0,1.0,5.0,1.0,8.0,,,5.0,,3.0,8.0,5.0,30.0,214,3.0,1.0,0.3333333333333333,0.3333333333333333,0.8,0.3472222222222222,0.4166666666666667,0.46153846153846156,0.352112676056338,0.4838709677419355,,0.4166666666666667,0.503731343283582,0.625,0.56,0.5251798561151079,0.625,0.5769230769230769,0.5373134328358209,0.03225806451612903,,0.06451612903225806,16.3265306122449,0.5862068965517241,0.06666666666666667,0.07109004739336493,0.020100502512562814,0.059322033898305086,0.009009009009009009,0.06487695749440715,0.014251781472684086,,0.030303030303030304,0.011764705882352941,,0.047058823529411764,0.1,0.038461538461538464,0.060109289617486336,0.05660377358490566,0.0410958904109589,0.625,0.11940298507462686,0.5625,0.5625,0.4444444444444444,0.23134328358208955,0.5483870967741935,0.5862068965517241,0.35294117647058826,0.11194029850746269,0.26666666666666666,0.26666666666666666,0.06716417910447761,0.4444444444444444,0.4444444444444444,1.0,0.4701492537313433,0.3333333333333333,0.3333333333333333,0.7619047619047619,,,,0.08333333333333333,,,0.9166666666666666,0.45454545454545453,0.6,0.16,0.75,,,0.52,0.46153846153846156,0.6567164179104478,0.3387096774193548,0.51631992481203,0.5450571428571429,0.4839354166666667,0.036231884057971016,0.07575757575757576,0.10273972602739725,0.2054794520547945,9.048387096774192,26.118055555555557,0.23413566739606126,,,,1.0,,,,,,,,,0.041666666666666664,1.0,,,,,,,,,,False,,,,
1630168,1610612737,Onyeka Okongwu,Onyeka Okongwu,1630168,ATL,85585.0,1426,-45.0,3062,3065,842,802,370.0,6127,197.0,286.0,54.0,96.0,50.0,66.0,53.0,109.0,,1.0,20.0,61.0,2.0,6.0,,14.0,7.0,26.0,1.0,3.0,2.0,8.0,250.0,396.0,27.0,87.0,111.0,692.0,3555,57.0,103.0,3.0,9.0,28.0,151.0,62.0,88.0,2.0,22.0,47.0,177.0,380.0,120.0,81.0,,26.0,7.0,41.0,77.0,39.0,116.0,28.0,11.0,48.0,26.0,3.0,271.0,54.0,113.0,134.0,144.0,15.0,293.0,169.0,462.0,13.0,47.0,30.0,17.0,32.0,5.0,17.0,23.0,2.0,15.0,2.0,55.0,10.0,18.0,88.0,132.0,15.0,117.0,12.0,,151.0,17.0,70.0,14.0,50.0,,,27.0,,22.0,50.0,31.0,171.0,827,9.0,11.0,0.76,0.9405940594059405,1.0,0.3103448275862069,0.3333333333333333,0.09090909090909091,0.3103448275862069,0.6313131313131313,0.5533980582524272,0.7045454545454546,0.6014492753623188,0.5491071428571429,0.5909090909090909,0.6290909090909091,0.58984375,0.6507352941176471,0.18012422360248448,0.10353535353535354,0.10139860139860139,0.11009174311926606,17.335243553008596,0.5818181818181818,0.23076923076923078,0.2236024844720497,0.15694444444444444,0.20211161387631976,0.07976366322008863,0.2127008416220352,0.11954187544738726,0.15666666666666668,0.15833333333333333,0.07346938775510205,0.0962566844919786,0.1991869918699187,0.2484076433121019,0.20238095238095238,0.19230769230769232,0.23076923076923078,0.08227848101265822,0.62,0.5921325051759835,0.6888111888111889,0.7665369649805448,0.7208121827411168,0.22567287784679088,0.48623853211009177,0.5463917525773195,0.9056603773584906,0.002070393374741201,,,0.12629399585921325,0.32786885245901637,0.32786885245901637,1.0,0.053830227743271224,0.2692307692307692,0.2692307692307692,1.0,0.8571428571428571,0.5625,0.09259259259259259,0.05357142857142857,0.3333333333333333,1.0,0.026785714285714284,0.3333333333333333,1.0,0.6,0.7575757575757576,0.12727272727272726,,0.07272727272727272,0.25,0.772256728778468,0.2692307692307692,0.6009756728778467,0.593100581395349,0.607634090909091,0.13059701492537312,0.155902004454343,0.21820809248554912,0.25578034682080925,2.982323232323232,24.003448275862066,0.2749836708033965,96.0,,2.0,2.0,8.0,,,,,,,0.02702702702702703,0.15,,2.0,,,,,1.0,,,,False,,,1.0,
203992,1610612737,Bogdan Bogdanović,Bogdan Bogdanović,203992,ATL,35874.0,598,-44.0,1289,1292,343,343,154.0,2581,21.0,38.0,1.0,5.0,7.0,10.0,10.0,26.0,8.0,14.0,12.0,39.0,1.0,5.0,4.0,12.0,32.0,107.0,3.0,7.0,6.0,23.0,39.0,78.0,44.0,146.0,30.0,240.0,1445,5.0,10.0,4.0,12.0,7.0,29.0,11.0,17.0,10.0,35.0,14.0,66.0,60.0,18.0,120.0,12.0,107.0,32.0,5.0,31.0,18.0,49.0,12.0,6.0,21.0,8.0,2.0,116.0,4.0,8.0,35.0,16.0,3.0,54.0,12.0,66.0,5.0,20.0,12.0,8.0,24.0,5.0,21.0,13.0,1.0,3.0,,37.0,2.0,6.0,27.0,57.0,2.0,39.0,2.0,6.0,34.0,3.0,12.0,3.0,6.0,,,4.0,,2.0,6.0,2.0,66.0,340,5.0,2.0,0.7692307692307693,0.7692307692307693,0.9090909090909091,0.3013698630136986,0.3333333333333333,0.2857142857142857,0.3013698630136986,0.5,0.5,0.6470588235294118,0.46875,0.5,0.5,0.5,0.58,0.55,0.6517857142857143,0.0641025641025641,0.07894736842105263,0.07692307692307693,18.601493550577054,0.6486486486486487,0.09375,0.05776173285198556,0.024096385542168676,0.11437908496732026,0.012698412698412698,0.08747855917667238,0.01854714064914992,0.033112582781456956,0.012738853503184714,0.00423728813559322,0.0379746835443038,0.07692307692307693,0.05303030303030303,0.024390243902439025,0.10762331838565023,0.13253012048192772,0.03731343283582089,0.3333333333333333,0.16964285714285715,0.5526315789473685,0.6,0.7619047619047619,0.11607142857142858,0.38461538461538464,0.4166666666666667,0.7,0.0625,0.5714285714285714,0.5714285714285714,0.17410714285714285,0.3076923076923077,0.3076923076923077,0.9166666666666666,0.47767857142857145,0.29906542056074764,0.29906542056074764,0.90625,0.22727272727272727,0.2,1.0,0.22727272727272727,0.2,1.0,0.3181818181818182,0.42857142857142855,1.0,0.19230769230769232,0.7,0.23076923076923078,0.3333333333333333,0.4423076923076923,0.2608695652173913,0.8214285714285714,0.29906542056074764,0.5538462053571428,0.5378933333333333,0.5592807692307693,0.059574468085106386,0.13793103448275862,0.12083333333333333,0.275,7.65384615384615,25.271917808219175,0.2660977501939488,,,,2.0,4.0,,,,,,,,0.041666666666666664,,1.0,2.0,2.0,0.875,0.013513513513513514,,,,,False,,,,
1631230,1610612737,Dominick Barlow,Dominick Barlow,1631230,ATL,9564.0,159,-10.0,347,350,106,112,39.0,697,15.0,21.0,4.0,5.0,3.0,5.0,6.0,14.0,,2.0,3.0,12.0,,1.0,2.0,6.0,2.0,3.0,2.0,2.0,,,21.0,37.0,5.0,15.0,8.0,65.0,381,6.0,7.0,2.0,3.0,,18.0,3.0,7.0,2.0,6.0,5.0,17.0,32.0,10.0,15.0,,3.0,2.0,3.0,,3.0,3.0,2.0,1.0,,,,9.0,3.0,5.0,12.0,10.0,1.0,23.0,8.0,31.0,1.0,3.0,,3.0,1.0,,,,,1.0,,1.0,,,10.0,13.0,,12.0,3.0,2.0,12.0,2.0,5.0,2.0,6.0,1.0,,3.0,1.0,3.0,7.0,2.0,17.0,106,,2.0,0.7619047619047619,0.9411764705882353,1.0,0.3333333333333333,0.6666666666666666,0.3333333333333333,0.3333333333333333,0.5675675675675675,0.8571428571428571,0.42857142857142855,0.5480769230769231,0.9,0.46153846153846156,0.5701754385964912,0.9,0.53125,0.28846153846153844,0.08108108108108109,0.14285714285714285,,14.987080103359173,1.0,0.1111111111111111,0.1388888888888889,0.0625,0.16901408450704225,0.0375,0.15384615384615385,0.05,,0.10869565217391304,0.05454545454545454,,0.17391304347826086,0.11428571428571428,0.14285714285714285,0.1702127659574468,0.16666666666666666,0.043478260869565216,0.2857142857142857,0.40384615384615385,0.7142857142857143,0.8333333333333334,0.7333333333333333,0.2692307692307692,0.42857142857142855,0.42857142857142855,0.8333333333333334,0.038461538461538464,,,0.23076923076923078,0.25,0.25,1.0,0.057692307692307696,0.6666666666666666,0.6666666666666666,1.0,0.5,0.8,,0.1,,,0.2,1.0,1.0,0.38461538461538464,0.6,0.46153846153846156,0.3333333333333333,,,0.6923076923076923,0.6666666666666666,0.5795346153846155,0.58775625,0.5970115384615385,0.09090909090909091,0.125,0.27692307692307694,0.26153846153846155,4.821621621621622,23.686666666666664,0.30547550432276654,8.0,,,,,,,,,,,,,,,,,,,,,,,False,,,,
203991,1610612737,Clint Capela,Clint Capela,203991,ATL,63198.0,1053,-53.0,2250,2251,321,315,306.0,4501,158.0,252.0,44.0,92.0,19.0,34.0,39.0,97.0,,1.0,,,,,,,,,,,,,197.0,350.0,,,49.0,443.0,2550,46.0,110.0,,,14.0,106.0,27.0,54.0,,,10.0,64.0,308.0,86.0,,,,,34.0,37.0,20.0,57.0,12.0,8.0,22.0,10.0,5.0,134.0,47.0,109.0,106.0,140.0,20.0,266.0,158.0,424.0,21.0,28.0,20.0,8.0,20.0,2.0,12.0,24.0,1.0,8.0,1.0,44.0,7.0,5.0,54.0,93.0,20.0,85.0,7.0,1.0,91.0,11.0,47.0,4.0,47.0,,,32.0,,14.0,47.0,30.0,64.0,318,3.0,4.0,0.7817258883248731,0.9506172839506173,,,,,,0.5628571428571428,0.41818181818181815,0.5,0.5628571428571428,0.41818181818181815,0.5,0.5679487179487179,0.4344262295081967,0.5,,0.09714285714285714,0.09126984126984126,0.1134020618556701,16.6156202143951,0.45454545454545453,0.5,0.263653483992467,0.18076285240464346,0.2019047619047619,0.09475806451612903,0.23295454545454544,0.14194722474977253,0.22267206477732793,0.1639871382636656,0.09549071618037135,0.09243697478991597,0.22321428571428573,0.2927927927927928,0.29411764705882354,0.2025974025974026,0.2,0.17796610169491525,0.6382978723404256,0.72,0.626984126984127,0.6899563318777293,0.7468354430379747,0.27714285714285714,0.4020618556701031,0.45348837209302323,0.9230769230769231,0.002857142857142857,,,,,,,,,,,0.8363636363636363,0.4782608695652174,0.13636363636363635,,,,,,,0.6296296296296297,0.5588235294117647,,,,,0.72,,0.6140305714285715,0.5870149425287355,0.6084981481481483,0.12176165803108809,0.12176165803108809,0.23927765237020315,0.14446952595936793,2.9282857142857144,,0.14266666666666666,70.0,,2.0,7.0,9.0,9.0,2.0,,,,,0.028169014084507043,0.06666666666666667,,1.0,,,,,1.0,,1.0,,False,,,1.0,
1631223,1610612737,David Roddy,David Roddy,1631223,ATL,20779.0,346,-71.0,738,746,178,165,65.0,1484,16.0,26.0,1.0,2.0,3.0,6.0,12.0,23.0,,1.0,7.0,13.0,,,3.0,4.0,9.0,30.0,,1.0,1.0,9.0,28.0,50.0,16.0,43.0,18.0,122.0,870,2.0,4.0,,1.0,,4.0,3.0,9.0,4.0,13.0,11.0,29.0,50.0,6.0,42.0,6.0,30.0,9.0,6.0,17.0,13.0,30.0,8.0,5.0,10.0,5.0,2.0,73.0,3.0,7.0,33.0,22.0,4.0,59.0,11.0,70.0,3.0,12.0,6.0,6.0,15.0,2.0,9.0,5.0,1.0,6.0,,20.0,2.0,4.0,14.0,18.0,1.0,18.0,1.0,2.0,22.0,2.0,9.0,3.0,8.0,,,4.0,,3.0,8.0,5.0,29.0,178,,3.0,0.8928571428571429,0.8928571428571429,0.875,0.37209302325581395,,0.3076923076923077,0.37209302325581395,0.56,0.5,0.3333333333333333,0.5591397849462365,0.4,0.4090909090909091,0.5922330097087378,0.4,0.5178571428571429,0.46236559139784944,0.12,0.038461538461538464,0.21739130434782608,15.185185185185185,0.75,0.25,0.13924050632911392,0.0440251572327044,0.20121951219512196,0.017857142857142856,0.17080745341614906,0.03058103975535168,0.06557377049180328,0.037037037037037035,0.023076923076923078,,0.12121212121212122,0.16176470588235295,0.125,0.25,,0.075,0.625,0.27956989247311825,0.6153846153846154,0.64,0.875,0.24731182795698925,0.5217391304347826,0.6666666666666666,0.9166666666666666,0.010752688172043012,,,0.13978494623655913,0.5384615384615384,0.5833333333333334,0.8571428571428571,0.3225806451612903,0.3,0.3,0.8888888888888888,0.4,0.5,1.0,,,,0.2,,,0.2727272727272727,0.5,0.18181818181818182,0.75,0.4090909090909091,0.1111111111111111,0.7419354838709677,0.3,0.5548258241758242,0.4801666666666667,0.5365404761904762,0.09,0.15789473684210525,0.03278688524590164,0.23770491803278687,4.465999999999999,25.644186046511624,0.24119241192411925,,1.0,1.0,1.0,1.0,,,0.023255813953488372,,0.07692307692307693,,0.07692307692307693,,,,,,,,1.0,,,,False,,,,
1631342,1610612737,Daeqwon Plowden,Daeqwon Plowden,1631342,ATL,1963.0,33,12.0,71,69,18,22,7.0,140,2.0,2.0,,,,,,,,,3.0,4.0,2.0,2.0,1.0,1.0,3.0,4.0,1.0,1.0,1.0,1.0,2.0,2.0,6.0,8.0,2.0,24.0,58,,,3.0,3.0,,9.0,,,2.0,2.0,,6.0,4.0,,18.0,,4.0,3.0,,,,,,,,,,,3.0,,1.0,1.0,,2.0,3.0,5.0,,,,,,1.0,,1.0,,,,1.0,1.0,1.0,2.0,5.0,,1.0,,,2.0,,1.0,,,,,,,,,,6.0,18,,,1.0,1.0,1.0,0.75,1.0,1.0,0.75,1.0,,,1.1,1.5,1.5,1.0909090909090908,1.5,1.5,0.8,,,,15.189873417721518,,,0.05263157894736842,,0.0625,0.15,0.05714285714285714,0.08108108108108109,,,0.16666666666666666,,,,0.3333333333333333,0.07692307692307693,,,,0.2,1.0,1.0,1.0,,,,,,,,0.4,0.75,0.75,1.0,0.4,0.75,0.75,1.0,,,,0.6666666666666666,1.0,1.0,0.3333333333333333,1.0,1.0,,,0.5,1.0,0.5,1.0,1.0,0.75,0.58411,0.59025,0.5802,0.09090909090909091,0.3333333333333333,0.375,0.25,2.15,24.2375,0.2535211267605634,,,,,,,,,,,,,,,,,,,,,,,,False,,,,
1641723,1610612737,Kobe Bufkin,Kobe Bufkin,1641723,ATL,7418.0,124,-23.0,263,266,76,81,31.0,529,7.0,14.0,1.0,3.0,3.0,6.0,6.0,11.0,1.0,3.0,1.0,6.0,,,1.0,1.0,3.0,13.0,,,2.0,5.0,14.0,28.0,4.0,19.0,13.0,53.0,285,2.0,4.0,,,,4.0,5.0,8.0,3.0,6.0,5.0,24.0,12.0,16.0,12.0,,12.0,3.0,6.0,14.0,3.0,17.0,2.0,1.0,9.0,4.0,1.0,37.0,3.0,2.0,9.0,6.0,1.0,16.0,5.0,21.0,,3.0,1.0,2.0,4.0,,4.0,4.0,2.0,,1.0,8.0,,3.0,5.0,9.0,,12.0,,1.0,18.0,2.0,9.0,1.0,2.0,,,1.0,,1.0,2.0,2.0,24.0,76,2.0,1.0,0.42857142857142855,0.42857142857142855,1.0,0.21052631578947367,,0.5,0.2222222222222222,0.5,0.5,0.625,0.425531914893617,0.5,0.6785714285714286,0.4818181818181818,0.5,0.7058823529411765,0.40425531914893614,0.21428571428571427,0.2857142857142857,0.18181818181818182,21.283783783783782,0.5,0.16666666666666666,0.10344827586206896,0.028169014084507043,0.14754098360655737,0.04918032786885246,0.12605042016806722,0.03787878787878788,0.06451612903225806,,0.075,,0.05,0.10714285714285714,0.2,0.13043478260869565,0.2,,1.0,0.2978723404255319,0.5,0.7,0.5714285714285714,0.23404255319148937,0.5454545454545454,0.6666666666666666,0.3333333333333333,0.06382978723404255,0.3333333333333333,0.3333333333333333,0.1276595744680851,0.16666666666666666,0.16666666666666666,1.0,0.2765957446808511,0.23076923076923078,0.23076923076923078,1.0,0.75,0.3333333333333333,1.0,,,,,,,0.42857142857142855,0.5,0.07142857142857142,1.0,0.35714285714285715,0.4,0.7021276595744681,0.25,0.5523456521739127,0.5969666666666668,0.5449461538461539,0.16666666666666666,0.2571428571428571,0.07547169811320754,0.4528301886792453,6.039285714285714,26.252631578947373,0.2889733840304182,,,,1.0,,,,,,,,,,1.0,,,,,,,,,,False,,,,
