EntityId,TeamId,Name,ShortName,RowId,TeamAbbreviation,SecondsPlayed,Minutes,PlusMinus,OffPoss,DefPoss,PenaltyOffPoss,PenaltyDefPoss,SecondChanceOffPoss,TotalPoss,AtRimFGM,AtRimFGA,PenaltyAtRimFGM,PenaltyAtRimFGA,ShortMidRangeFGM,ShortMidRangeFGA,LongMidRangeFGM,LongMidRangeFGA,Corner3FGM,Corner3FGA,SecondChanceCorner3FGM,SecondChanceCorner3FGA,PenaltyCorner3FGM,PenaltyCorner3FGA,Arc3FGM,Arc3FGA,SecondChanceArc3FGM,SecondChanceArc3FGA,PenaltyArc3FGM,PenaltyArc3FGA,FG2M,FG2A,FG3M,FG3A,FtPoints,Points,OpponentPoints,SecondChanceFG2M,SecondChanceFG2A,SecondChanceFG3M,SecondChanceFG3A,SecondChancePoints,PenaltyFG2M,PenaltyFG2A,PenaltyFG3M,PenaltyFG3A,PenaltyFtPoints,PenaltyPoints,PtsAssisted2s,PtsUnassisted2s,PtsAssisted3s,PtsUnassisted3s,PtsPutbacks,HeaveAttempts,NonHeaveArc3FGA,NonHeaveArc3FGM,Fg2aBlocked,TwoPtAssists,ThreePtAssists,Assists,Arc3Assists,Corner3Assists,AtRimAssists,ShortMidRangeAssists,LongMidRangeAssists,AssistPoints,OffThreePtRebounds,OffTwoPtRebounds,DefThreePtRebounds,DefTwoPtRebounds,DefRebounds,OffRebounds,Rebounds,SelfOReb,Steals,BadPassSteals,LostBallSteals,LiveBallTurnovers,BadPassOutOfBoundsTurnovers,BadPassTurnovers,DeadBallTurnovers,LostBallOutOfBoundsTurnovers,StepOutOfBoundsTurnovers,Turnovers,SecondChanceTurnovers,PenaltyTurnovers,ShootingFouls,Fouls,Loose Ball Fouls,FoulsDrawn,FTA,Technical Free Throw Trips,TwoPtShootingFoulsDrawn,Blocked2s,BlockedShortMidRange,Blocks,RecoveredBlocks,Defensive 3 Seconds Violations,PenaltyPointsExcludingTakeFouls,PenaltyOffPossExcludingTakeFouls,NonShootingPenaltyNonTakeFouls,Assisted2sPct,NonPutbacksAssisted2sPct,Assisted3sPct,Fg3Pct,SecondChanceFg3Pct,PenaltyFg3Pct,NonHeaveFg3Pct,Fg2Pct,SecondChanceFg2Pct,PenaltyFg2Pct,EfgPct,SecondChanceEfgPct,PenaltyEfgPct,TsPct,SecondChanceTsPct,PenaltyTsPct,FG3APct,FG2APctBlocked,ShortMidRangePctBlocked,LongMidRangePctBlocked,Usage,LiveBallTurnoverPct,DefTwoPtReboundPct,OffTwoPtReboundPct,DefThreePtReboundPct,OffThreePtReboundPct,DefFGReboundPct,OffFGReboundPct,OffAtRimReboundPct,OffShortMidRangeReboundPct,OffCorner3ReboundPct,DefAtRimReboundPct,DefShortMidRangeReboundPct,DefArc3ReboundPct,DefCorner3ReboundPct,SelfORebPct,BlocksRecoveredPct,AtRimFrequency,AtRimAccuracy,UnblockedAtRimAccuracy,AtRimPctAssisted,ShortMidRangeFrequency,ShortMidRangeAccuracy,UnblockedShortMidRangeAccuracy,LongMidRangeFrequency,LongMidRangeAccuracy,UnblockedLongMidRangeAccuracy,Corner3Frequency,Corner3Accuracy,UnblockedCorner3Accuracy,Arc3Frequency,Arc3Accuracy,UnblockedArc3Accuracy,Arc3PctAssisted,SecondChanceCorner3Frequency,SecondChanceCorner3Accuracy,SecondChanceArc3Frequency,SecondChanceArc3Accuracy,SecondChanceArc3PctAssisted,PenaltyAtRimFrequency,PenaltyAtRimAccuracy,PenaltyCorner3Frequency,PenaltyCorner3Accuracy,PenaltyArc3Frequency,PenaltyArc3Accuracy,AtRimFG3AFrequency,NonHeaveArc3Accuracy,ShotQualityAvg,SecondChanceShotQualityAvg,PenaltyShotQualityAvg,ShootingFoulsDrawnPct,TwoPtShootingFoulsDrawnPct,SecondChancePointsPct,PenaltyPointsPct,Avg2ptShotDistance,Avg3ptShotDistance,PenaltyOffPossPct,SecondChanceAtRimFGM,SecondChanceAtRimFGA,SecondChanceFtPoints,FTDefRebounds,LostBallTurnovers,Charge Fouls,Offensive Fouls,Charge Fouls Drawn,Loose Ball Fouls Drawn,Offensive Fouls Drawn,2pt And 1 Free Throw Trips,NonShootingFoulsDrawn,Blocked3s,BlockedAtRim,BlockedCorner3,OffensiveGoaltends,NonShootingPenaltyNonTakeFoulsDrawn,AtRimPctBlocked,DefFTReboundPct,OffLongMidRangeReboundPct,OffArc3ReboundPct,DefLongMidRangeReboundPct,ShortMidRangePctAssisted,LongMidRangePctAssisted,Corner3PctAssisted,SecondChanceAtRimFrequency,SecondChanceAtRimAccuracy,SecondChanceAtRimPctAssisted,FTOffRebounds,Travels,OffFTReboundPct,Transition Take Fouls Drawn,3pt And 1 Free Throw Trips,ThreePtShootingFoulsDrawn,ThreePtShootingFoulsDrawnPct,SecondChanceCorner3PctAssisted,BlockedLongMidRange,on,Fg3aBlocked,Transition Take Fouls,FG3APctBlocked,Corner3PctBlocked,BlockedArc3,Arc3PctBlocked,DefensiveGoaltends,HeaveMakes,3SecondViolations,Clear Path Fouls
101108,1610612759,Chris Paul,Chris Paul,101108,SAS,9063.0,151.0,-41.0,307,299.0,58.0,16.0,44.0,606,2.0,2.0,1.0,1.0,1.0,9.0,5.0,13.0,1.0,2.0,1.0,1.0,1.0,1.0,10.0,26.0,2.0,2.0,2.0,5.0,8.0,24.0,11.0,28.0,4.0,53.0,367.0,1.0,3.0,3.0,3.0,11.0,2.0,6.0,3.0,6.0,1.0,14.0,4.0,12.0,21.0,12.0,2.0,1.0,25.0,10.0,3.0,34.0,10.0,44.0,9.0,1.0,27.0,5.0,2.0,98.0,1.0,5.0,11.0,5.0,16.0,6.0,22.0,1.0,5.0,1.0,4.0,7.0,1.0,7.0,4.0,2.0,1.0,11.0,2.0,1.0,9.0,17.0,2.0,3.0,4.0,2.0,1.0,1.0,1.0,1.0,1.0,1.0,14.0,58.0,1.0,0.25,0.2857142857142857,0.6363636363636364,0.39285714285714285,1.0,0.5,0.4074074074074074,0.3333333333333333,0.3333333333333333,0.3333333333333333,0.47115384615384615,0.9166666666666666,0.5416666666666666,0.4811320754716981,0.9166666666666666,0.5416666666666666,0.5384615384615384,0.125,0.2222222222222222,0.07692307692307693,17.97752808988764,0.6363636363636364,0.07246376811594203,0.054945054945054944,0.12790697674418605,0.01282051282051282,0.1032258064516129,0.03550295857988166,0.0625,0.06976744186046512,0.045454545454545456,0.12903225806451613,0.03571428571428571,0.10294117647058823,0.2222222222222222,0.03571428571428571,1.0,0.038461538461538464,1.0,1.0,1.0,0.17307692307692307,0.1111111111111111,0.14285714285714285,0.25,0.38461538461538464,0.4166666666666667,0.038461538461538464,0.5,0.5,0.5,0.38461538461538464,0.38461538461538464,0.7,0.16666666666666666,1.0,0.3333333333333333,1.0,1.0,0.08333333333333333,1.0,0.08333333333333333,1.0,0.4166666666666667,0.4,0.5769230769230769,0.4,0.5133000000000001,0.5349700000000001,0.5014454545454545,0.018867924528301886,0.04,0.20754716981132076,0.2641509433962264,12.8125,27.10357142857143,0.18892508143322476,,,,,,,,,,,,,,,,,,,,,,,,,,,,,,,,,,,,,,True,,,,,,,,,,
1628380,1610612759,Zach Collins,Zach Collins,1628380,SAS,25415.0,424.0,-68.0,865,864.0,222.0,157.0,110.0,1729,37.0,56.0,12.0,15.0,9.0,26.0,1.0,4.0,4.0,12.0,,1.0,1.0,4.0,10.0,34.0,,2.0,,5.0,47.0,86.0,14.0,46.0,31.0,167.0,1026.0,5.0,17.0,,3.0,11.0,13.0,21.0,1.0,9.0,8.0,37.0,78.0,16.0,42.0,,4.0,,34.0,10.0,11.0,44.0,8.0,52.0,7.0,1.0,23.0,11.0,10.0,112.0,11.0,27.0,15.0,42.0,63.0,38.0,101.0,3.0,14.0,7.0,7.0,10.0,3.0,4.0,13.0,2.0,,23.0,1.0,5.0,38.0,70.0,7.0,34.0,35.0,,15.0,14.0,3.0,15.0,11.0,1.0,37.0,222.0,2.0,0.8297872340425532,0.8666666666666667,1.0,0.30434782608695654,,0.1111111111111111,0.30434782608695654,0.5465116279069767,0.29411764705882354,0.6190476190476191,0.5151515151515151,0.25,0.48333333333333334,0.5680272108843537,0.275,0.5285714285714286,0.3484848484848485,0.12790697674418605,0.038461538461538464,,17.034068136272545,0.43478260869565216,0.19090909090909092,0.11392405063291139,0.07653061224489796,0.05555555555555555,0.13701923076923078,0.08735632183908046,0.14634146341463414,0.10714285714285714,0.05454545454545454,0.14432989690721648,0.225,0.08108108108108109,0.0625,0.05084745762711865,0.7333333333333333,0.42424242424242425,0.6607142857142857,0.8043478260869565,0.8648648648648649,0.19696969696969696,0.34615384615384615,0.36,0.030303030303030304,0.25,0.25,0.09090909090909091,0.3333333333333333,0.3333333333333333,0.25757575757575757,0.29411764705882354,0.29411764705882354,1.0,0.05,,0.1,,,0.5,0.8,0.13333333333333333,0.25,0.16666666666666666,,0.7727272727272727,0.29411764705882354,0.5569026717557252,0.5280323529411765,0.5714433333333333,0.1056338028169014,0.15625,0.0658682634730539,0.2215568862275449,4.1534883720930225,25.5304347826087,0.2566473988439306,4.0,13.0,1.0,6.0,6.0,1.0,6.0,1.0,1.0,1.0,5.0,5.0,1.0,11.0,1.0,1.0,5.0,0.17857142857142858,0.3157894736842105,0.06976744186046512,0.055944055944055944,0.23255813953488372,0.6666666666666666,1.0,1.0,0.65,0.3076923076923077,0.75,,,,,,,,,,True,,,,,,,,,,
1629640,1610612759,Keldon Johnson,Keldon Johnson,1629640,SAS,16094.0,268.0,-67.0,548,548.0,172.0,127.0,71.0,1096,33.0,52.0,16.0,25.0,17.0,34.0,,3.0,3.0,17.0,,5.0,1.0,3.0,3.0,24.0,,6.0,1.0,5.0,50.0,89.0,6.0,41.0,24.0,142.0,673.0,6.0,11.0,,11.0,15.0,24.0,38.0,2.0,8.0,13.0,67.0,56.0,44.0,12.0,6.0,8.0,,24.0,3.0,8.0,7.0,13.0,20.0,6.0,7.0,6.0,,1.0,53.0,8.0,11.0,23.0,25.0,51.0,20.0,71.0,7.0,6.0,4.0,2.0,9.0,,6.0,6.0,1.0,1.0,15.0,1.0,5.0,8.0,16.0,2.0,23.0,35.0,,20.0,3.0,,3.0,1.0,,67.0,172.0,1.0,0.56,0.6086956521739131,0.6666666666666666,0.14634146341463414,,0.25,0.14634146341463414,0.5617977528089888,0.5454545454545454,0.631578947368421,0.45384615384615384,0.2727272727272727,0.5869565217391305,0.4930555555555556,0.3125,0.6320754716981132,0.3153846153846154,0.0898876404494382,0.11764705882352941,,25.078864353312305,0.6,0.19230769230769232,0.06962025316455696,0.2169811320754717,0.06557377049180328,0.2033898305084746,0.06785714285714285,0.0847457627118644,0.05333333333333334,0.05714285714285714,0.13725490196078433,0.22448979591836735,0.2345679012345679,0.16,0.10606060606060606,0.3333333333333333,0.4,0.6346153846153846,0.6875,0.5757575757575758,0.26153846153846155,0.5,0.5666666666666667,0.023076923076923078,,,0.13076923076923078,0.17647058823529413,0.17647058823529413,0.18461538461538463,0.125,0.125,0.3333333333333333,0.22727272727272727,,0.2727272727272727,,,0.5434782608695652,0.64,0.06521739130434782,0.3333333333333333,0.10869565217391304,0.2,0.7153846153846154,0.125,0.5651561538461539,0.5856321428571428,0.5748130434782609,0.13986013986013987,0.19607843137254902,0.1056338028169014,0.47183098591549294,4.360674157303372,24.821951219512194,0.31386861313868614,5.0,9.0,3.0,3.0,3.0,1.0,,,,,7.0,1.0,,3.0,,,1.0,0.07692307692307693,0.3,0.08333333333333333,0.06896551724137931,0.23333333333333334,0.5294117647058824,,1.0,0.4090909090909091,0.5555555555555556,,1.0,2.0,0.07692307692307693,,,,,,,True,,,,,,,,,,
1630170,1610612759,Devin Vassell,Devin Vassell,1630170,SAS,8779.0,146.0,-47.0,289,296.0,76.0,50.0,45.0,585,8.0,12.0,,1.0,15.0,28.0,12.0,22.0,2.0,4.0,,,1.0,2.0,9.0,27.0,,3.0,3.0,8.0,35.0,62.0,11.0,31.0,13.0,116.0,376.0,2.0,4.0,,3.0,5.0,5.0,12.0,4.0,10.0,5.0,27.0,46.0,24.0,15.0,18.0,,,27.0,9.0,1.0,6.0,9.0,15.0,6.0,3.0,5.0,1.0,,39.0,2.0,2.0,9.0,5.0,15.0,4.0,19.0,1.0,6.0,5.0,1.0,4.0,,3.0,1.0,1.0,,5.0,,1.0,8.0,13.0,,14.0,17.0,,8.0,2.0,1.0,2.0,2.0,,27.0,76.0,,0.6571428571428571,0.6571428571428571,0.45454545454545453,0.3548387096774194,,0.4,0.3548387096774194,0.5645161290322581,0.5,0.4166666666666667,0.553763440860215,0.2857142857142857,0.5,0.5858585858585859,0.35714285714285715,0.5625,0.3333333333333333,0.016129032258064516,0.03571428571428571,,30.029154518950435,0.8,0.05813953488372093,0.02127659574468085,0.16071428571428573,0.030303030303030304,0.09859154929577464,0.025,,0.045454545454545456,,0.02564102564102564,0.06451612903225806,0.17391304347826086,0.1,0.022222222222222223,1.0,0.12903225806451613,0.6666666666666666,0.6666666666666666,0.875,0.3010752688172043,0.5357142857142857,0.5555555555555556,0.23655913978494625,0.5454545454545454,0.5454545454545454,0.043010752688172046,0.5,0.5,0.2903225806451613,0.3333333333333333,0.3333333333333333,0.3333333333333333,,,0.42857142857142855,,,0.045454545454545456,,0.09090909090909091,0.5,0.36363636363636365,0.375,0.46236559139784944,0.3333333333333333,0.5001155913978496,0.43203749999999996,0.4928068181818182,0.09375,0.12307692307692308,0.04310344827586207,0.23275862068965517,10.943548387096774,25.548387096774192,0.2629757785467128,,,1.0,1.0,1.0,,,,,,5.0,3.0,,1.0,,,2.0,,0.3333333333333333,,0.038461538461538464,0.125,0.5333333333333333,0.6666666666666666,1.0,,,,,,,1.0,1.0,1.0,0.03225806451612903,,,True,,,,,,,,,,
1630577,1610612759,Julian Champagnie,Julian Champagnie,1630577,SAS,12537.0,209.0,-23.0,434,428.0,92.0,76.0,55.0,862,16.0,21.0,3.0,3.0,3.0,8.0,2.0,3.0,8.0,24.0,,2.0,1.0,5.0,11.0,35.0,3.0,7.0,,7.0,21.0,32.0,19.0,59.0,12.0,111.0,511.0,3.0,4.0,3.0,9.0,17.0,4.0,5.0,1.0,12.0,,11.0,32.0,10.0,54.0,3.0,2.0,,35.0,11.0,2.0,8.0,3.0,11.0,2.0,1.0,6.0,1.0,1.0,25.0,4.0,4.0,13.0,13.0,27.0,8.0,35.0,1.0,3.0,3.0,,6.0,2.0,4.0,4.0,1.0,1.0,10.0,2.0,1.0,7.0,9.0,,8.0,15.0,,3.0,5.0,2.0,5.0,2.0,,11.0,92.0,,0.7619047619047619,0.8,0.9473684210526315,0.3220338983050847,0.3333333333333333,0.08333333333333333,0.3220338983050847,0.65625,0.75,0.8,0.5439560439560439,0.5769230769230769,0.3235294117647059,0.578125,0.6071428571428571,0.3235294117647059,0.6483516483516484,0.0625,0.125,,21.24248496993988,0.6,0.1111111111111111,0.03389830508474576,0.12264150943396226,0.0380952380952381,0.11659192825112108,0.03587443946188341,0.046511627906976744,0.018867924528301886,0.027777777777777776,0.13333333333333333,0.05714285714285714,0.12345679012345678,0.12,0.02040816326530612,0.4,0.23076923076923078,0.7619047619047619,0.8,0.75,0.08791208791208792,0.375,0.42857142857142855,0.03296703296703297,0.6666666666666666,0.6666666666666666,0.26373626373626374,0.3333333333333333,0.3333333333333333,0.38461538461538464,0.3142857142857143,0.3142857142857143,0.9090909090909091,0.15384615384615385,,0.5384615384615384,0.42857142857142855,0.6666666666666666,0.17647058823529413,1.0,0.29411764705882354,0.2,0.4117647058823529,,0.8791208791208791,0.3142857142857143,0.566689010989011,0.5745357142857143,0.5818088235294117,0.06315789473684211,0.08823529411764706,0.15315315315315314,0.0990990990990991,4.8218749999999995,24.83728813559322,0.2119815668202765,3.0,4.0,2.0,1.0,2.0,,,,,,1.0,,,3.0,,,,0.047619047619047616,0.1111111111111111,0.045454545454545456,0.043478260869565216,0.13636363636363635,0.6666666666666666,1.0,1.0,0.3076923076923077,0.75,,,,,,1.0,4.0,0.04918032786885246,,,True,,,,,,,,,,
1631110,1610612759,Jeremy Sochan,Jeremy Sochan,1631110,SAS,7147.0,119.0,-4.0,237,236.0,73.0,25.0,33.0,473,15.0,24.0,5.0,9.0,4.0,17.0,,,,1.0,,,,,1.0,3.0,,,,1.0,19.0,41.0,1.0,4.0,8.0,49.0,270.0,3.0,8.0,,,9.0,6.0,13.0,,1.0,6.0,18.0,26.0,12.0,3.0,,6.0,,3.0,1.0,4.0,11.0,6.0,17.0,6.0,,7.0,4.0,,40.0,4.0,7.0,11.0,10.0,24.0,11.0,35.0,3.0,8.0,5.0,3.0,3.0,1.0,2.0,7.0,,2.0,10.0,,5.0,2.0,11.0,2.0,12.0,15.0,,7.0,2.0,,2.0,,,18.0,73.0,,0.6842105263157895,0.8125,1.0,0.25,,,0.25,0.4634146341463415,0.375,0.46153846153846156,0.45555555555555555,0.375,0.42857142857142855,0.4803921568627451,0.375,0.47368421052631576,0.08888888888888889,0.0975609756097561,0.11764705882352941,,21.70818505338078,0.3,0.18181818181818182,0.0958904109589041,0.18333333333333332,0.08695652173913043,0.1826086956521739,0.09243697478991597,0.04,0.1875,0.1,0.09523809523809523,0.25,0.17777777777777778,0.2,0.14285714285714285,,0.5333333333333333,0.625,0.6818181818181818,0.7333333333333333,0.37777777777777777,0.23529411764705882,0.26666666666666666,,,,0.022222222222222223,,,0.06666666666666667,0.3333333333333333,0.3333333333333333,1.0,,,,,,0.6428571428571429,0.5555555555555556,,,0.07142857142857142,,0.6222222222222222,0.3333333333333333,0.5748599999999999,0.6283799999999999,0.5854392857142857,0.14285714285714285,0.15555555555555556,0.1836734693877551,0.3673469387755102,4.031707317073171,24.95,0.3080168776371308,3.0,7.0,3.0,3.0,1.0,,3.0,,1.0,,3.0,2.0,,2.0,,,2.0,0.08333333333333333,0.42857142857142855,,0.08333333333333333,0.2,0.5,,,0.875,0.42857142857142855,,,1.0,,,,,,,,True,,,,,,,,,,
1642264,1610612759,Stephon Castle,Stephon Castle,1642264,SAS,14039.0,234.0,1.0,472,474.0,107.0,71.0,63.0,946,18.0,29.0,6.0,7.0,6.0,19.0,5.0,17.0,,2.0,,,,,9.0,24.0,1.0,3.0,4.0,6.0,29.0,65.0,9.0,26.0,11.0,96.0,541.0,3.0,5.0,1.0,3.0,10.0,9.0,15.0,4.0,6.0,3.0,33.0,28.0,30.0,15.0,12.0,,1.0,23.0,9.0,7.0,24.0,5.0,29.0,2.0,3.0,19.0,5.0,,63.0,1.0,6.0,14.0,10.0,24.0,7.0,31.0,2.0,12.0,10.0,2.0,10.0,2.0,7.0,8.0,2.0,,18.0,3.0,4.0,5.0,10.0,1.0,20.0,15.0,,9.0,6.0,2.0,6.0,3.0,,33.0,107.0,,0.4827586206896552,0.4827586206896552,0.5555555555555556,0.34615384615384615,0.3333333333333333,0.6666666666666666,0.36,0.4461538461538462,0.6,0.6,0.46703296703296704,0.5625,0.7142857142857143,0.4948453608247423,0.5555555555555556,0.717391304347826,0.2857142857142857,0.1076923076923077,0.2631578947368421,,20.87114337568058,0.5555555555555556,0.08064516129032258,0.046875,0.1414141414141414,0.00909090909090909,0.10762331838565023,0.029411764705882353,,0.10344827586206896,0.03125,0.09803921568627451,0.06666666666666667,0.12857142857142856,0.1724137931034483,0.044444444444444446,0.5,0.31868131868131866,0.6206896551724138,0.6666666666666666,0.5555555555555556,0.2087912087912088,0.3157894736842105,0.42857142857142855,0.18681318681318682,0.29411764705882354,0.29411764705882354,0.02197802197802198,,,0.26373626373626374,0.375,0.375,0.5555555555555556,,,0.375,0.3333333333333333,1.0,0.3333333333333333,0.8571428571428571,,,0.2857142857142857,0.6666666666666666,0.6043956043956044,0.391304347826087,0.5413538888888888,0.5561333333333334,0.5624214285714286,0.09278350515463918,0.1267605633802817,0.10416666666666667,0.34375,7.764615384615384,27.01923076923077,0.2266949152542373,2.0,2.0,1.0,,3.0,,,,1.0,2.0,3.0,,,4.0,,,,0.06896551724137931,,,,0.07142857142857142,0.5,0.2,,0.25,1.0,0.5,,2.0,,1.0,,,,,,True,,,,,,,,,,
203084,1610612759,Harrison Barnes,Harrison Barnes,203084,SAS,12549.0,209.0,-25.0,418,414.0,54.0,36.0,56.0,832,11.0,19.0,2.0,2.0,4.0,14.0,,,6.0,12.0,2.0,2.0,,,8.0,15.0,3.0,5.0,1.0,1.0,15.0,33.0,14.0,27.0,14.0,86.0,508.0,1.0,5.0,5.0,7.0,21.0,2.0,3.0,1.0,1.0,1.0,8.0,20.0,10.0,42.0,,,,15.0,8.0,5.0,4.0,6.0,10.0,4.0,2.0,3.0,1.0,,26.0,8.0,7.0,12.0,13.0,26.0,15.0,41.0,3.0,2.0,,2.0,3.0,1.0,3.0,1.0,,,4.0,,,2.0,3.0,1.0,13.0,19.0,,10.0,2.0,,2.0,2.0,,8.0,54.0,,0.6666666666666666,0.6666666666666666,1.0,0.5185185185185185,0.7142857142857143,1.0,0.5185185185185185,0.45454545454545453,0.2,0.6666666666666666,0.6,0.7083333333333334,0.875,0.6231884057971014,0.7,0.8,0.45,0.15151515151515152,0.07142857142857142,,14.867617107942973,0.75,0.1262135922330097,0.058823529411764705,0.1411764705882353,0.07920792079207921,0.13297872340425532,0.06818181818181818,0.0975609756097561,0.04918032786885246,0.06666666666666667,0.10256410256410256,0.1276595744680851,0.15151515151515152,0.10526315789473684,0.11538461538461539,1.0,0.31666666666666665,0.5789473684210527,0.7333333333333333,0.7272727272727273,0.23333333333333334,0.2857142857142857,0.3076923076923077,,,,0.2,0.5,0.5,0.25,0.5333333333333333,0.5333333333333333,1.0,0.16666666666666666,1.0,0.4166666666666667,0.6,1.0,0.5,1.0,,,0.25,1.0,0.7666666666666667,0.5333333333333333,0.5624983333333334,0.59317,0.5947875,0.14492753623188406,0.23809523809523808,0.2441860465116279,0.09302325581395349,4.266666666666667,24.30740740740741,0.1291866028708134,1.0,4.0,4.0,1.0,,,,,1.0,,1.0,,,2.0,,,,0.21052631578947367,0.08333333333333333,,0.08450704225352113,0.17647058823529413,0.5,,1.0,0.3333333333333333,0.25,1.0,,,,,,,,1.0,,True,,,,,,,,,,
1630200,1610612759,Tre Jones,Tre Jones,1630200,SAS,5111.0,85.0,-41.0,176,182.0,70.0,37.0,25.0,358,2.0,3.0,1.0,1.0,,4.0,,,,1.0,,1.0,,1.0,1.0,3.0,,1.0,,,2.0,7.0,1.0,4.0,5.0,12.0,224.0,,2.0,,2.0,,1.0,3.0,,1.0,5.0,7.0,2.0,2.0,3.0,,,,3.0,1.0,1.0,7.0,7.0,14.0,4.0,3.0,4.0,3.0,,35.0,2.0,1.0,2.0,9.0,11.0,3.0,14.0,,1.0,1.0,,2.0,,2.0,1.0,1.0,,3.0,,,3.0,6.0,,7.0,7.0,,1.0,2.0,,2.0,1.0,,7.0,70.0,,0.5,0.5,1.0,0.25,,,0.25,0.2857142857142857,,0.3333333333333333,0.3181818181818182,,0.25,0.42857142857142855,,0.5,0.36363636363636365,0.14285714285714285,,,8.252427184466018,0.6666666666666666,0.1836734693877551,0.021739130434782608,0.0625,0.03773584905660377,0.13580246913580246,0.030303030303030304,,,,0.2,0.17647058823529413,0.045454545454545456,0.1,,0.5,0.2727272727272727,0.6666666666666666,1.0,0.5,0.36363636363636365,,,,,,0.09090909090909091,,,0.2727272727272727,0.3333333333333333,0.3333333333333333,1.0,0.25,,0.25,,,0.25,1.0,0.25,,,,0.6363636363636364,0.3333333333333333,0.5694818181818181,0.48085,0.5276375,0.09090909090909091,0.14285714285714285,,0.5833333333333334,5.771428571428572,24.375,0.3977272727272727,,,,,,,,,1.0,1.0,1.0,3.0,,1.0,,,3.0,0.3333333333333333,,0.2,0.05128205128205128,0.16666666666666666,,,,,,,,,,,,,,,1.0,True,,,,,,,,,,
1631103,1610612759,Malaki Branham,Malaki Branham,1631103,SAS,6615.0,110.0,-17.0,233,233.0,75.0,64.0,17.0,466,7.0,8.0,,,1.0,8.0,2.0,8.0,1.0,2.0,,,1.0,1.0,8.0,16.0,,,,5.0,10.0,24.0,9.0,18.0,13.0,60.0,254.0,,2.0,,,1.0,,2.0,1.0,6.0,5.0,8.0,14.0,6.0,24.0,3.0,,,16.0,8.0,3.0,6.0,4.0,10.0,3.0,1.0,4.0,2.0,,24.0,,,3.0,9.0,12.0,,12.0,,3.0,3.0,,4.0,1.0,3.0,3.0,2.0,,7.0,,3.0,1.0,4.0,1.0,9.0,16.0,1.0,7.0,1.0,,1.0,,,8.0,75.0,1.0,0.7,0.7,0.8888888888888888,0.5,,0.16666666666666666,0.5,0.4166666666666667,,,0.5595238095238095,,0.1875,0.59,,0.3181818181818182,0.42857142857142855,0.125,0.25,,22.310756972111555,0.5714285714285714,0.15789473684210525,,0.05,,0.10256410256410256,,,,,0.1724137931034483,0.25,0.05128205128205128,0.047619047619047616,,,0.19047619047619047,0.875,1.0,0.5714285714285714,0.19047619047619047,0.125,0.16666666666666666,0.19047619047619047,0.25,0.25,0.047619047619047616,0.5,0.5,0.38095238095238093,0.5,0.5,0.875,,,,,,,,0.125,1.0,0.625,,0.6190476190476191,0.5,0.523997619047619,0.4693,0.49456250000000007,0.14285714285714285,0.22580645161290322,0.016666666666666666,0.13333333333333333,8.5125,25.58888888888889,0.3218884120171674,,,1.0,,1.0,,,,1.0,,,1.0,,1.0,,,,0.125,,,,,1.0,1.0,1.0,,,,,,,,,,,,,True,,,,,,,,,,
1631104,1610612759,Blake Wesley,Blake Wesley,1631104,SAS,6209.0,103.0,-22.0,215,212.0,58.0,74.0,22.0,427,8.0,12.0,1.0,2.0,,3.0,,2.0,,2.0,,,,1.0,1.0,7.0,,1.0,,2.0,8.0,17.0,1.0,9.0,6.0,25.0,255.0,1.0,2.0,,1.0,3.0,1.0,2.0,,3.0,1.0,3.0,12.0,4.0,,3.0,,,7.0,1.0,1.0,16.0,10.0,26.0,7.0,3.0,12.0,4.0,,62.0,,1.0,8.0,3.0,11.0,1.0,12.0,,7.0,5.0,2.0,8.0,,7.0,3.0,1.0,1.0,11.0,2.0,2.0,4.0,7.0,,8.0,9.0,,5.0,1.0,1.0,1.0,,,3.0,58.0,,0.75,0.75,,0.1111111111111111,,,0.1111111111111111,0.47058823529411764,0.5,0.5,0.36538461538461536,0.3333333333333333,0.2,0.4166666666666667,0.375,0.25,0.34615384615384615,0.058823529411764705,0.3333333333333333,,17.012448132780083,0.7272727272727273,0.06,0.02,0.14285714285714285,,0.10377358490566038,0.010869565217391304,,0.038461538461538464,,0.04,0.0625,0.18181818181818182,,,,0.46153846153846156,0.6666666666666666,0.6666666666666666,0.75,0.11538461538461539,,,0.07692307692307693,,,0.07692307692307693,,,0.2692307692307692,0.14285714285714285,0.14285714285714285,,,,0.3333333333333333,,,0.4,0.5,0.2,,0.4,,0.8076923076923077,0.14285714285714285,0.5987653846153844,0.6267833333333334,0.5599299999999999,0.16666666666666666,0.23809523809523808,0.12,0.12,4.811764705882353,24.88888888888889,0.26976744186046514,1.0,2.0,1.0,,1.0,,,,,1.0,1.0,,,,,,,,,,,0.1111111111111111,,,,0.6666666666666666,0.5,1.0,,1.0,,,,,,,,True,,,,,,,,,,
1630572,1610612759,Sandro Mamukelashvili,Sandro Mamukelashvili,1630572,SAS,2264.0,38.0,13.0,84,86.0,31.0,26.0,7.0,170,5.0,7.0,3.0,3.0,4.0,5.0,,,1.0,2.0,,,,,3.0,6.0,,,1.0,4.0,9.0,12.0,4.0,8.0,4.0,34.0,79.0,2.0,2.0,,,7.0,5.0,5.0,1.0,4.0,4.0,17.0,12.0,6.0,12.0,,4.0,,6.0,3.0,1.0,1.0,,1.0,,,,1.0,,2.0,1.0,1.0,3.0,5.0,8.0,2.0,10.0,,3.0,3.0,,2.0,,1.0,,,,2.0,,,3.0,6.0,,3.0,5.0,,2.0,2.0,1.0,2.0,,,17.0,31.0,,0.6666666666666666,0.8571428571428571,1.0,0.5,,0.25,0.5,0.75,1.0,1.0,0.75,1.0,0.7222222222222222,0.7727272727272727,0.875,0.7727272727272727,0.4,0.08333333333333333,,,26.373626373626372,1.0,0.17857142857142858,0.07692307692307693,0.1111111111111111,0.058823529411764705,0.14545454545454545,0.06666666666666667,,,,0.14285714285714285,0.2222222222222222,0.14285714285714285,,,,0.35,0.7142857142857143,0.8333333333333334,0.4,0.25,0.8,0.8,,,,0.1,0.5,0.5,0.3,0.5,0.5,1.0,,,,,,0.3333333333333333,1.0,,,0.4444444444444444,0.25,0.75,0.5,0.5573475,0.512,0.5641777777777778,0.09523809523809523,0.15384615384615385,0.20588235294117646,0.5,4.041666666666667,24.8875,0.36904761904761907,2.0,2.0,3.0,,1.0,,,,1.0,,1.0,1.0,,1.0,,,1.0,0.14285714285714285,,0.5,0.07692307692307693,0.2,1.0,,1.0,1.0,1.0,,,,,,,,,,,True,,,,,,,,,,
1629646,1610612759,Charles Bassey,Charles Bassey,1629646,SAS,475.0,8.0,-9.0,17,18.0,14.0,10.0,2.0,35,,,,,,,,,,,,,,,,,,,,,,,,,,,23.0,,,,,,,,,,,,,,,,,,,,,,,,,,,,,,,,,1.0,2.0,,2.0,,,,,1.0,,,,,,1.0,,1.0,,,,,,,,,,,,,,14.0,,,,,,,,,,,,,,,,,,,,,,5.555555555555555,1.0,1.0,,,,0.25,,,,,1.0,,,,,,,,,,,,,,,,,,,,,,,,,,,,,,,,,,,,,,,,,,,,,0.8235294117647058,,,,1.0,1.0,,,,,,,,,,,,,,1.0,,,,,,,,,,,,,,,,,,,True,,,,,,,,,,
1631321,1610612759,Sidy Cissoko,Sidy Cissoko,1631321,SAS,778.0,13.0,10.0,30,30.0,8.0,16.0,,60,2.0,2.0,,,1.0,2.0,,,,,,,,,,1.0,,,,1.0,3.0,4.0,,1.0,1.0,7.0,23.0,,,,,,1.0,1.0,,1.0,1.0,3.0,6.0,,,,,,1.0,,,,,,,,,,,,,,,1.0,1.0,,1.0,,1.0,1.0,,,1.0,,1.0,,,1.0,,1.0,1.0,2.0,,1.0,2.0,,,,,,,,3.0,8.0,,1.0,1.0,,,,,,0.75,,1.0,0.6,,0.5,0.7,,0.75,0.2,,,,20.0,,0.09090909090909091,,,,0.05263157894736842,,,,,0.14285714285714285,,,,,,0.4,1.0,1.0,1.0,0.4,0.5,0.5,,,,,,,0.2,,,,,,,,,,,,,0.5,,0.6,,0.5461199999999999,,0.39305,,,,0.42857142857142855,3.35,27.9,0.26666666666666666,,,,,,,,,,,,,,,,,,,,,,,1.0,,,,,,,,,,,,,,,True,,,,,,,,,,
101108,1610612759,Chris Paul,Chris Paul,101108,SAS,105907.9,1765.0,62.0,3626,3592.0,575.0,503.0,389.0,7218,9.0,11.0,1.0,2.0,30.0,54.0,37.0,78.0,13.0,40.0,,4.0,3.0,5.0,93.0,242.0,7.0,29.0,21.0,53.0,76.0,143.0,106.0,282.0,74.0,544.0,4209.0,6.0,8.0,7.0,33.0,37.0,20.0,35.0,24.0,58.0,35.0,147.0,40.0,112.0,150.0,168.0,,,242.0,93.0,3.0,272.0,217.0,489.0,149.0,68.0,181.0,68.0,23.0,1195.0,16.0,7.0,88.0,113.0,204.0,23.0,227.0,1.0,81.0,44.0,37.0,65.0,18.0,53.0,27.0,5.0,,92.0,3.0,9.0,49.0,104.0,10.0,73.0,79.0,21.0,6.0,13.0,6.0,13.0,7.0,,143.0,564.0,9.0,0.2631578947368421,0.2631578947368421,0.4716981132075472,0.375886524822695,0.21212121212121213,0.41379310344827586,0.375886524822695,0.5314685314685315,0.75,0.5714285714285714,0.5529411764705883,0.4024390243902439,0.6021505376344086,0.5816777041942605,0.43023255813953487,0.6697247706422018,0.6635294117647059,0.02097902097902098,0.037037037037037035,0.01282051282051282,13.298918387413963,0.7065217391304348,0.13185530921820304,0.009602194787379973,0.09887640449438202,0.016632016632016633,0.11505437893531768,0.013601419278533412,0.010869565217391304,0.003401360544217687,0.02564102564102564,0.11956521739130435,0.12048192771084337,0.10510510510510511,0.08035714285714286,0.004329004329004329,0.5384615384615384,0.02588235294117647,0.8181818181818182,0.8181818181818182,0.3333333333333333,0.12705882352941175,0.5555555555555556,0.5769230769230769,0.18352941176470589,0.47435897435897434,0.4805194805194805,0.09411764705882353,0.325,0.34210526315789475,0.5694117647058824,0.384297520661157,0.384297520661157,0.41935483870967744,0.0975609756097561,,0.7073170731707317,0.2413793103448276,0.7142857142857143,0.021505376344086023,0.5,0.053763440860215055,0.6,0.5698924731182796,0.39622641509433965,0.6894117647058824,0.384297520661157,0.5141291764705881,0.48223421052631577,0.47650913978494625,0.027586206896551724,0.040268456375838924,0.06801470588235294,0.2702205882352941,13.30489510489511,25.61631205673758,0.15857694429123,,,4.0,3.0,12.0,,3.0,,3.0,2.0,,18.0,,7.0,,,12.0,,0.041666666666666664,0.018867924528301886,0.013736263736263736,0.18471337579617833,0.36666666666666664,0.16216216216216217,0.8461538461538461,,,,,1.0,,,2.0,6.0,0.02097902097902098,,,False,2.0,1.0,0.0070921985815602835,0.05,,,,,,
1628368,1610612759,De'Aaron Fox,De'Aaron Fox,1628368,SAS,34682.0,578.0,-92.0,1209,1201.0,213.0,237.0,127.0,2410,41.0,66.0,7.0,11.0,34.0,68.0,24.0,51.0,7.0,15.0,1.0,1.0,1.0,2.0,19.0,80.0,2.0,7.0,3.0,10.0,99.0,185.0,26.0,95.0,59.0,335.0,1501.0,6.0,13.0,3.0,8.0,24.0,20.0,35.0,4.0,12.0,25.0,77.0,72.0,126.0,63.0,15.0,4.0,,80.0,19.0,10.0,66.0,50.0,116.0,38.0,12.0,55.0,8.0,3.0,282.0,3.0,6.0,38.0,24.0,64.0,9.0,73.0,2.0,25.0,10.0,15.0,25.0,7.0,14.0,16.0,3.0,,41.0,2.0,3.0,21.0,46.0,1.0,56.0,72.0,,34.0,2.0,1.0,5.0,5.0,,77.0,213.0,3.0,0.36363636363636365,0.3711340206185567,0.8076923076923077,0.2736842105263158,0.375,0.3333333333333333,0.2736842105263158,0.5351351351351351,0.46153846153846156,0.5714285714285714,0.4928571428571429,0.5,0.5531914893617021,0.5368589743589743,0.5217391304347826,0.6311475409836066,0.3392857142857143,0.05405405405405406,0.07352941176470588,,25.955882352941178,0.6097560975609756,0.10084033613445378,0.02214022140221402,0.1237785016286645,0.010169491525423728,0.11376146788990826,0.015901060070671377,0.047619047619047616,0.009433962264150943,,0.12121212121212122,0.09090909090909091,0.1277533039647577,0.1125,0.014084507042253521,1.0,0.2357142857142857,0.6212121212121212,0.6721311475409836,0.4878048780487805,0.24285714285714285,0.5,0.5396825396825397,0.18214285714285713,0.47058823529411764,0.47058823529411764,0.05357142857142857,0.4666666666666667,0.4666666666666667,0.2857142857142857,0.2375,0.24050632911392406,0.7894736842105263,0.047619047619047616,1.0,0.3333333333333333,0.2857142857142857,1.0,0.23404255319148937,0.6363636363636364,0.0425531914893617,0.5,0.2127659574468085,0.3,0.575,0.2375,0.5270905357142854,0.527103125,0.4894478723404255,0.11363636363636363,0.16037735849056603,0.07164179104477612,0.2298507462686567,8.818918918918916,25.49157894736842,0.1761786600496278,3.0,5.0,3.0,2.0,11.0,1.0,1.0,,2.0,2.0,7.0,4.0,3.0,1.0,1.0,,4.0,0.07575757575757576,0.08333333333333333,,0.013636363636363636,0.075,0.2647058823529412,0.2916666666666667,0.8571428571428571,0.23809523809523808,0.6,,,3.0,,,,1.0,0.010416666666666666,1.0,,False,1.0,,0.010526315789473684,,2.0,0.0125,,,,
1629640,1610612759,Keldon Johnson,Keldon Johnson,1629640,SAS,76603.9,1277.0,-118.0,2665,2659.0,859.0,823.0,320.0,5324,134.0,202.0,29.0,47.0,45.0,110.0,,2.0,22.0,66.0,4.0,8.0,6.0,19.0,48.0,123.0,10.0,18.0,16.0,36.0,179.0,314.0,70.0,189.0,103.0,671.0,3132.0,24.0,45.0,14.0,26.0,99.0,34.0,76.0,22.0,55.0,30.0,164.0,240.0,118.0,198.0,12.0,38.0,,123.0,48.0,22.0,48.0,31.0,79.0,20.0,11.0,42.0,6.0,,189.0,23.0,45.0,85.0,59.0,161.0,69.0,230.0,21.0,35.0,25.0,10.0,30.0,4.0,16.0,17.0,3.0,1.0,47.0,,17.0,47.0,82.0,6.0,95.0,131.0,,67.0,12.0,9.0,12.0,7.0,2.0,161.0,851.0,7.0,0.6703910614525139,0.75,0.9428571428571428,0.37037037037037035,0.5384615384615384,0.4,0.37037037037037035,0.5700636942675159,0.5333333333333333,0.4473684210526316,0.5646123260437376,0.6338028169014085,0.5114503816793893,0.6012544802867383,0.66,0.5540540540540541,0.3757455268389662,0.07006369426751592,0.07272727272727272,,19.98018494055482,0.6382978723404256,0.09624796084828711,0.06987577639751552,0.13428120063191154,0.037520391517128875,0.11556982343499198,0.05409705648369133,0.075,0.06976744186046512,0.05185185185185185,0.0931174089068826,0.09811320754716982,0.1292929292929293,0.15217391304347827,0.09375,0.5833333333333334,0.40159045725646125,0.6633663366336634,0.7127659574468085,0.6567164179104478,0.21868787276341947,0.4090909090909091,0.4411764705882353,0.003976143141153081,,,0.1312127236580517,0.3333333333333333,0.3333333333333333,0.24453280318091453,0.3902439024390244,0.39344262295081966,0.9166666666666666,0.11267605633802817,0.5,0.2535211267605634,0.5555555555555556,0.8,0.35877862595419846,0.6170212765957447,0.1450381679389313,0.3157894736842105,0.2748091603053435,0.4444444444444444,0.7773359840954275,0.3902439024390244,0.5627129482071709,0.5576559523809523,0.5368857692307691,0.122040072859745,0.18611111111111112,0.14754098360655737,0.2444113263785395,3.588535031847135,25.13544973544973,0.3223264540337711,21.0,36.0,9.0,17.0,14.0,1.0,2.0,,3.0,4.0,21.0,9.0,,3.0,,1.0,7.0,0.06930693069306931,0.265625,0.05660377358490566,0.03347280334728033,0.09900990099009901,0.7111111111111111,,1.0,0.5070422535211268,0.5833333333333334,0.14285714285714285,1.0,4.0,0.017241379310344827,,,,,1.0,,False,1.0,,0.005291005291005291,,,0.008130081300813009,,,,
1630170,1610612759,Devin Vassell,Devin Vassell,1630170,SAS,89338.9,1489.0,-205.0,3086,3086.0,758.0,681.0,352.0,6172,74.0,120.0,25.0,37.0,45.0,112.0,46.0,99.0,33.0,79.0,2.0,4.0,6.0,14.0,77.0,234.0,9.0,26.0,15.0,55.0,165.0,331.0,110.0,313.0,72.0,732.0,3706.0,13.0,29.0,11.0,30.0,66.0,37.0,76.0,21.0,69.0,20.0,157.0,180.0,150.0,291.0,39.0,12.0,4.0,230.0,77.0,23.0,76.0,61.0,137.0,37.0,24.0,45.0,17.0,14.0,335.0,12.0,13.0,108.0,46.0,161.0,26.0,187.0,7.0,61.0,50.0,11.0,41.0,7.0,24.0,25.0,6.0,3.0,66.0,3.0,21.0,41.0,74.0,2.0,73.0,90.0,2.0,42.0,29.0,9.0,30.0,15.0,,157.0,753.0,5.0,0.5454545454545454,0.5660377358490566,0.8818181818181818,0.3514376996805112,0.36666666666666664,0.30434782608695654,0.3559870550161812,0.4984894259818731,0.4482758620689655,0.4868421052631579,0.5124223602484472,0.5,0.4724137931034483,0.5382916053019146,0.5238095238095238,0.5098039215686274,0.4860248447204969,0.06948640483383686,0.08928571428571429,,21.401896006894567,0.6212121212121212,0.06084656084656084,0.018518518518518517,0.15428571428571428,0.016216216216216217,0.10576923076923077,0.017337031900138695,0.03731343283582089,0.010526315789473684,0.011363636363636364,0.05864197530864197,0.05806451612903226,0.15163147792706333,0.16201117318435754,0.021406727828746176,0.5,0.18633540372670807,0.6166666666666667,0.6915887850467289,0.5675675675675675,0.17391304347826086,0.4017857142857143,0.4411764705882353,0.15372670807453417,0.46464646464646464,0.46464646464646464,0.12267080745341614,0.4177215189873418,0.4230769230769231,0.36335403726708076,0.32905982905982906,0.3347826086956522,0.8311688311688312,0.06779661016949153,0.5,0.4406779661016949,0.34615384615384615,0.7777777777777778,0.25517241379310346,0.6756756756756757,0.09655172413793103,0.42857142857142855,0.3793103448275862,0.2727272727272727,0.672360248447205,0.3347826086956522,0.5315942879499217,0.50081875,0.5285205673758864,0.06942392909896603,0.11666666666666667,0.09016393442622951,0.21448087431693988,9.049244712990937,25.62619808306709,0.24562540505508748,9.0,15.0,7.0,7.0,17.0,1.0,2.0,,2.0,2.0,13.0,2.0,1.0,18.0,,,1.0,0.10833333333333334,0.10294117647058823,,0.01773049645390071,0.07377049180327869,0.5333333333333333,0.5217391304347826,1.0,0.2542372881355932,0.6,0.3333333333333333,1.0,5.0,0.014492753623188406,,1.0,5.0,0.015772870662460567,1.0,2.0,False,5.0,,0.01597444089456869,0.012658227848101266,1.0,0.017094017094017096,5.0,,,
1630577,1610612759,Julian Champagnie,Julian Champagnie,1630577,SAS,82037.0,1367.0,35.0,2855,2848.0,619.0,559.0,319.0,5703,51.0,82.0,9.0,15.0,8.0,29.0,1.0,3.0,45.0,105.0,2.0,6.0,10.0,18.0,76.0,224.0,7.0,18.0,14.0,37.0,60.0,114.0,121.0,329.0,52.0,535.0,3306.0,12.0,22.0,9.0,24.0,60.0,10.0,21.0,24.0,55.0,12.0,104.0,86.0,34.0,357.0,6.0,18.0,1.0,223.0,76.0,24.0,58.0,23.0,81.0,17.0,6.0,43.0,13.0,2.0,185.0,28.0,19.0,95.0,70.0,173.0,49.0,222.0,6.0,50.0,33.0,17.0,30.0,4.0,20.0,20.0,2.0,3.0,50.0,3.0,12.0,51.0,84.0,1.0,31.0,56.0,2.0,16.0,21.0,10.0,24.0,12.0,1.0,104.0,615.0,4.0,0.7166666666666667,0.8431372549019608,0.9834710743801653,0.3677811550151976,0.375,0.43636363636363634,0.36890243902439024,0.5263157894736842,0.5454545454545454,0.47619047619047616,0.5451467268623025,0.5543478260869565,0.6052631578947368,0.5743534482758621,0.5882352941176471,0.6341463414634146,0.7426636568848759,0.21052631578947367,0.3448275862068966,,15.911910669975185,0.6,0.1027900146842878,0.03156146179401993,0.13728323699421965,0.037991858887381276,0.12017479970866715,0.0351008215085885,0.057034220532319393,0.01694915254237288,0.030120481927710843,0.09152542372881356,0.08712121212121213,0.1308411214953271,0.1592356687898089,0.02564102564102564,0.5,0.18510158013544017,0.6219512195121951,0.75,0.6862745098039216,0.0654627539503386,0.27586206896551724,0.42105263157894735,0.006772009029345372,0.3333333333333333,0.3333333333333333,0.23702031602708803,0.42857142857142855,0.4326923076923077,0.5056433408577878,0.3392857142857143,0.3392857142857143,1.0,0.13043478260869565,0.3333333333333333,0.391304347826087,0.3888888888888889,1.0,0.19736842105263158,0.6,0.23684210526315788,0.5555555555555556,0.4868421052631579,0.3783783783783784,0.927765237020316,0.34080717488789236,0.5689136054421771,0.5742181818181818,0.5379586666666667,0.05411255411255411,0.12698412698412698,0.11214953271028037,0.19439252336448598,3.2754385964912287,25.118844984802422,0.21681260945709283,10.0,18.0,9.0,8.0,10.0,3.0,4.0,,2.0,,4.0,2.0,3.0,11.0,2.0,,1.0,0.17073170731707318,0.14285714285714285,,0.040280210157618214,0.16393442622950818,0.875,1.0,0.9555555555555556,0.391304347826087,0.5555555555555556,0.1,2.0,3.0,0.03389830508474576,,2.0,9.0,0.026785714285714284,0.5,,False,1.0,,0.00303951367781155,0.009523809523809525,1.0,,1.0,,,
1631110,1610612759,Jeremy Sochan,Jeremy Sochan,1631110,SAS,66328.0,1105.0,-78.0,2286,2308.0,585.0,597.0,280.0,4594,162.0,229.0,32.0,44.0,16.0,51.0,3.0,11.0,9.0,33.0,1.0,2.0,3.0,9.0,16.0,43.0,,4.0,5.0,15.0,181.0,291.0,25.0,76.0,64.0,501.0,2702.0,36.0,62.0,1.0,6.0,84.0,32.0,55.0,8.0,24.0,16.0,104.0,274.0,88.0,72.0,3.0,44.0,2.0,40.0,15.0,35.0,61.0,40.0,101.0,29.0,11.0,38.0,16.0,7.0,242.0,52.0,51.0,79.0,92.0,181.0,103.0,284.0,7.0,32.0,21.0,11.0,39.0,3.0,25.0,27.0,6.0,1.0,66.0,15.0,14.0,39.0,104.0,7.0,77.0,91.0,,47.0,20.0,8.0,22.0,12.0,1.0,104.0,582.0,9.0,0.7569060773480663,0.8616352201257862,0.96,0.32894736842105265,0.16666666666666666,0.3333333333333333,0.32432432432432434,0.6219931271477663,0.5806451612903226,0.5818181818181818,0.5953678474114441,0.5514705882352942,0.5569620253164557,0.6169950738916257,0.5753424657534246,0.5842696629213483,0.20708446866485014,0.12027491408934708,0.17647058823529413,,18.112049117421336,0.5909090909090909,0.1597222222222222,0.09845559845559845,0.14442413162705667,0.0947176684881603,0.1522707034728406,0.09653233364573571,0.10869565217391304,0.11052631578947368,0.13286713286713286,0.1423076923076923,0.1590909090909091,0.1282051282051282,0.2033898305084746,0.058333333333333334,0.5454545454545454,0.6239782016348774,0.7074235807860262,0.7980295566502463,0.7654320987654321,0.13896457765667575,0.3137254901960784,0.38095238095238093,0.02997275204359673,0.2727272727272727,0.2727272727272727,0.08991825613079019,0.2727272727272727,0.28125,0.11716621253405994,0.37209302325581395,0.3902439024390244,0.9375,0.029411764705882353,0.5,0.058823529411764705,,,0.5569620253164557,0.7272727272727273,0.11392405063291139,0.3333333333333333,0.189873417721519,0.3333333333333333,0.8310626702997275,0.375,0.6125556164383559,0.5878106382978724,0.6069558441558444,0.1172069825436409,0.14461538461538462,0.16766467065868262,0.20758483033932135,3.092439862542955,25.10921052631579,0.2559055118110236,32.0,54.0,9.0,10.0,14.0,2.0,9.0,,9.0,3.0,13.0,5.0,2.0,12.0,,2.0,5.0,0.11353711790393013,0.18867924528301888,0.05102040816326531,0.0812807881773399,0.20833333333333334,0.625,1.0,1.0,0.7941176470588235,0.5925925925925926,0.1875,,1.0,,,,,,1.0,,False,3.0,,0.039473684210526314,0.030303030303030304,2.0,0.046511627906976744,4.0,1.0,,
1642264,1610612759,Stephon Castle,Stephon Castle,1642264,SAS,89589.0,1493.0,-137.0,3098,3112.0,747.0,678.0,361.0,6210,168.0,262.0,53.0,77.0,47.0,137.0,14.0,50.0,15.0,41.0,1.0,3.0,2.0,8.0,55.0,206.0,5.0,21.0,9.0,46.0,229.0,449.0,70.0,247.0,171.0,839.0,3712.0,23.0,49.0,6.0,24.0,77.0,66.0,117.0,11.0,54.0,55.0,220.0,220.0,238.0,177.0,33.0,34.0,3.0,203.0,55.0,40.0,112.0,94.0,206.0,54.0,40.0,88.0,18.0,6.0,506.0,24.0,31.0,78.0,43.0,125.0,58.0,183.0,18.0,50.0,30.0,20.0,69.0,15.0,47.0,47.0,10.0,2.0,116.0,6.0,29.0,59.0,126.0,3.0,175.0,239.0,,120.0,8.0,4.0,10.0,6.0,,215.0,737.0,10.0,0.48034934497816595,0.5188679245283019,0.8428571428571429,0.2834008097165992,0.25,0.2037037037037037,0.28688524590163933,0.5100222717149221,0.46938775510204084,0.5641025641025641,0.47988505747126436,0.4383561643835616,0.4824561403508772,0.523067331670823,0.4695121951219512,0.5263157894736842,0.35488505747126436,0.08908685968819599,0.10948905109489052,,26.138952164009112,0.5948275862068966,0.059065934065934064,0.04552129221732746,0.10641200545702592,0.031496062992125984,0.08281998631074607,0.038115038115038115,0.06028368794326241,0.04609929078014184,0.04736842105263158,0.05825242718446602,0.04590163934426229,0.10142348754448399,0.12280701754385964,0.05217391304347826,0.6,0.3764367816091954,0.6412213740458015,0.7088607594936709,0.5238095238095238,0.1968390804597701,0.34306569343065696,0.38524590163934425,0.07183908045977011,0.28,0.28,0.05890804597701149,0.36585365853658536,0.36585365853658536,0.2959770114942529,0.2669902912621359,0.2669902912621359,0.8,0.0410958904109589,0.3333333333333333,0.2876712328767123,0.23809523809523808,1.0,0.4502923976608187,0.6883116883116883,0.04678362573099415,0.25,0.26900584795321636,0.1956521739130435,0.7313218390804598,0.270935960591133,0.5601934153400872,0.5604677777777778,0.5566323353293411,0.1520912547528517,0.22140221402214022,0.09177592371871275,0.2622169249106079,5.400668151447661,26.430769230769233,0.24112330535829568,19.0,36.0,13.0,4.0,22.0,7.0,3.0,,4.0,8.0,27.0,13.0,2.0,4.0,1.0,,9.0,0.09541984732824428,0.06896551724137931,0.008547008547008548,0.026223776223776224,0.09649122807017543,0.3829787234042553,0.2857142857142857,1.0,0.4931506849315068,0.5277777777777778,0.05263157894736842,3.0,9.0,0.036585365853658534,,,,,1.0,,False,,1.0,,,1.0,,,,,
202687,1610612759,Bismack Biyombo,Bismack Biyombo,202687,SAS,17561.0,293.0,-69.0,599,601.0,51.0,92.0,62.0,1200,26.0,37.0,3.0,4.0,14.0,22.0,,,,,,,,,,,,,,,40.0,59.0,,,7.0,87.0,747.0,8.0,13.0,,,16.0,3.0,5.0,,,1.0,7.0,62.0,18.0,,,10.0,,,,7.0,9.0,10.0,19.0,6.0,4.0,2.0,4.0,3.0,48.0,12.0,12.0,31.0,23.0,58.0,24.0,82.0,1.0,11.0,7.0,4.0,4.0,3.0,2.0,12.0,2.0,,16.0,2.0,2.0,17.0,32.0,4.0,16.0,17.0,,9.0,13.0,2.0,13.0,8.0,,7.0,51.0,1.0,0.775,0.8857142857142857,,,,,,0.6779661016949152,0.6153846153846154,0.6,0.6779661016949152,0.6153846153846154,0.6,0.6492537313432836,0.6153846153846154,0.5833333333333334,,0.11864406779661017,0.09090909090909091,,12.332838038632985,0.25,0.17293233082706766,0.08275862068965517,0.20666666666666667,0.0821917808219178,0.19081272084805653,0.08247422680412371,0.07317073170731707,0.12857142857142856,0.12195121951219512,0.14925373134328357,0.19230769230769232,0.23300970873786409,0.14893617021276595,0.08333333333333333,0.6153846153846154,0.6271186440677966,0.7027027027027027,0.8125,0.7307692307692307,0.3728813559322034,0.6363636363636364,0.7,,,,,,,,,,,,,,,,0.8,0.75,,,,,0.6271186440677966,,0.6014186440677967,0.6892285714285713,0.60946,0.13432835820895522,0.13432835820895522,0.1839080459770115,0.08045977011494253,3.8135593220338984,,0.08514190317195326,8.0,13.0,,4.0,2.0,,6.0,,4.0,2.0,1.0,,,11.0,,,,0.13513513513513514,0.3333333333333333,,0.06666666666666667,0.21428571428571427,0.8571428571428571,,,1.0,0.6153846153846154,0.375,,1.0,,,,,,,,False,,,,,,,3.0,,,
203084,1610612759,Harrison Barnes,Harrison Barnes,203084,SAS,98214.0,1637.0,-21.0,3349,3322.0,442.0,362.0,375.0,6671,107.0,155.0,12.0,17.0,36.0,77.0,,5.0,68.0,142.0,6.0,15.0,3.0,12.0,37.0,107.0,1.0,13.0,5.0,11.0,143.0,237.0,105.0,249.0,114.0,715.0,3947.0,26.0,39.0,7.0,28.0,88.0,14.0,26.0,8.0,23.0,22.0,74.0,162.0,124.0,309.0,6.0,36.0,,107.0,37.0,19.0,56.0,47.0,103.0,36.0,11.0,34.0,11.0,11.0,253.0,44.0,32.0,68.0,72.0,145.0,76.0,221.0,10.0,22.0,17.0,5.0,22.0,5.0,15.0,13.0,2.0,,35.0,3.0,3.0,35.0,58.0,2.0,109.0,146.0,,72.0,11.0,2.0,11.0,8.0,,74.0,435.0,3.0,0.5664335664335665,0.648,0.9809523809523809,0.42168674698795183,0.25,0.34782608695652173,0.42168674698795183,0.6033755274261603,0.6666666666666666,0.5384615384615384,0.6183127572016461,0.5447761194029851,0.5306122448979592,0.6464737793851718,0.5789473684210527,0.5873015873015873,0.5123456790123457,0.08016877637130802,0.03896103896103896,,15.539112050739956,0.6285714285714286,0.0903387703889586,0.0443213296398892,0.08047337278106509,0.05063291139240506,0.08526187576126674,0.04776869893148963,0.059027777777777776,0.03819444444444445,0.041474654377880185,0.08757062146892655,0.09294871794871795,0.07993730407523511,0.0821256038647343,0.046511627906976744,0.7272727272727273,0.31893004115226337,0.6903225806451613,0.7697841726618705,0.616822429906542,0.15843621399176955,0.4675324675324675,0.4864864864864865,0.0102880658436214,,,0.29218106995884774,0.4788732394366197,0.4788732394366197,0.22016460905349794,0.34579439252336447,0.34579439252336447,0.9459459459459459,0.22388059701492538,0.4,0.19402985074626866,0.07692307692307693,1.0,0.3469387755102041,0.7058823529411765,0.24489795918367346,0.25,0.22448979591836735,0.45454545454545453,0.831275720164609,0.34579439252336447,0.5735451546391751,0.591807142857143,0.5461918367346938,0.1332116788321168,0.24161073825503357,0.12307692307692308,0.1034965034965035,3.8687763713080163,24.37550200803212,0.1319796954314721,19.0,29.0,15.0,5.0,7.0,1.0,3.0,1.0,7.0,2.0,11.0,5.0,,9.0,,,5.0,0.1032258064516129,0.07936507936507936,0.0273972602739726,0.05368098159509203,0.0916030534351145,0.4166666666666667,,1.0,0.43283582089552236,0.6551724137931034,0.10526315789473684,,2.0,,1.0,,1.0,0.004,1.0,,False,,,,,,,,,,
1630572,1610612759,Sandro Mamukelashvili,Sandro Mamukelashvili,1630572,SAS,23507.0,392.0,33.0,803,803.0,212.0,208.0,101.0,1606,39.0,47.0,9.0,13.0,3.0,12.0,,2.0,6.0,19.0,1.0,3.0,1.0,2.0,35.0,78.0,5.0,5.0,12.0,19.0,42.0,61.0,41.0,97.0,24.0,231.0,909.0,9.0,12.0,6.0,8.0,39.0,9.0,17.0,13.0,21.0,14.0,71.0,64.0,20.0,123.0,,12.0,1.0,77.0,35.0,3.0,16.0,12.0,28.0,11.0,1.0,11.0,5.0,,68.0,22.0,11.0,39.0,32.0,75.0,36.0,111.0,1.0,15.0,9.0,6.0,9.0,1.0,5.0,4.0,,,13.0,1.0,3.0,18.0,34.0,5.0,23.0,33.0,,16.0,9.0,2.0,11.0,4.0,,71.0,211.0,1.0,0.7619047619047619,0.8888888888888888,1.0,0.422680412371134,0.75,0.6190476190476191,0.4270833333333333,0.6885245901639344,0.75,0.5294117647058824,0.6550632911392406,0.9,0.75,0.6676300578034682,0.8863636363636364,0.7553191489361702,0.6139240506329114,0.04918032786885246,0.08333333333333333,,20.239390642002178,0.6923076923076923,0.17486338797814208,0.0718954248366013,0.1989795918367347,0.09954751131221719,0.18733509234828497,0.08823529411764706,0.05333333333333334,0.0625,0.12962962962962962,0.1511627906976744,0.23076923076923078,0.2,0.1956521739130435,0.014285714285714285,0.36363636363636365,0.2974683544303797,0.8297872340425532,0.8666666666666667,0.7435897435897436,0.0759493670886076,0.25,0.2727272727272727,0.012658227848101266,,,0.12025316455696203,0.3157894736842105,0.3157894736842105,0.4936708860759494,0.44871794871794873,0.45454545454545453,1.0,0.15,0.3333333333333333,0.25,1.0,1.0,0.34210526315789475,0.6923076923076923,0.05263157894736842,0.5,0.5,0.631578947368421,0.9113924050632911,0.45454545454545453,0.5695621019108281,0.535385,0.5699118421052631,0.0935672514619883,0.21621621621621623,0.16883116883116883,0.30735930735930733,2.9655737704918033,25.83711340206185,0.2640099626400996,9.0,11.0,3.0,4.0,4.0,1.0,,,2.0,1.0,3.0,2.0,2.0,7.0,,,2.0,0.0425531914893617,0.2857142857142857,0.13333333333333333,0.08982035928143713,0.125,1.0,,1.0,0.55,0.8181818181818182,0.3333333333333333,3.0,1.0,0.10344827586206896,,,,,1.0,,False,1.0,,0.010309278350515464,,2.0,0.01282051282051282,,,1.0,
1641705,1610612759,Victor Wembanyama,Victor Wembanyama,1641705,SAS,91632.0,1527.0,102.0,3132,3124.0,669.0,525.0,330.0,6256,155.0,204.0,23.0,32.0,64.0,134.0,47.0,116.0,9.0,27.0,3.0,5.0,2.0,8.0,133.0,376.0,7.0,23.0,23.0,77.0,266.0,454.0,142.0,403.0,158.0,1116.0,3524.0,44.0,72.0,10.0,28.0,129.0,44.0,80.0,25.0,85.0,55.0,218.0,374.0,158.0,366.0,60.0,56.0,6.0,370.0,133.0,25.0,117.0,51.0,168.0,33.0,18.0,88.0,21.0,8.0,387.0,39.0,40.0,183.0,212.0,424.0,82.0,506.0,14.0,52.0,37.0,15.0,93.0,20.0,49.0,56.0,15.0,3.0,149.0,10.0,30.0,56.0,105.0,6.0,226.0,189.0,,80.0,165.0,55.0,176.0,116.0,1.0,211.0,659.0,6.0,0.7030075187969925,0.7857142857142857,0.8591549295774648,0.3523573200992556,0.35714285714285715,0.29411764705882354,0.35768261964735515,0.5859030837004405,0.6111111111111112,0.55,0.558926487747958,0.59,0.49393939393939396,0.5942492012779552,0.6142857142857143,0.558974358974359,0.47024504084014,0.05506607929515418,0.07462686567164178,0.008620689655172414,31.010850942318672,0.6241610738255033,0.26869455006337134,0.06666666666666667,0.23828125,0.046875,0.25369299935773926,0.055167597765363126,0.08974358974358974,0.0603448275862069,0.05583756345177665,0.20063694267515925,0.33653846153846156,0.2491638795986622,0.2,0.034229828850855744,0.6590909090909091,0.23803967327887982,0.7598039215686274,0.8157894736842105,0.6838709677419355,0.15635939323220538,0.47761194029850745,0.5161290322580645,0.1353558926487748,0.4051724137931034,0.40869565217391307,0.03150525087514586,0.3333333333333333,0.34615384615384615,0.4387397899649942,0.3537234042553192,0.3546666666666667,0.849624060150376,0.05,0.6,0.23,0.30434782608695654,0.8571428571428571,0.19393939393939394,0.71875,0.048484848484848485,0.25,0.4666666666666667,0.2987012987012987,0.7082847141190198,0.35945945945945945,0.533422385428907,0.568904347826087,0.50034,0.09347826086956522,0.15594541910331383,0.11559139784946236,0.1953405017921147,7.708149779735682,27.397766749379645,0.2136015325670498,37.0,52.0,11.0,29.0,44.0,5.0,5.0,7.0,25.0,4.0,21.0,19.0,11.0,103.0,3.0,1.0,13.0,0.06862745098039216,0.43283582089552236,0.03731343283582089,0.04409448818897638,0.26993865030674846,0.671875,0.8085106382978723,1.0,0.52,0.7115384615384616,0.1891891891891892,3.0,6.0,0.057692307692307696,,2.0,6.0,0.014742014742014743,1.0,7.0,False,2.0,,0.004962779156327543,0.037037037037037035,8.0,0.0026595744680851063,8.0,,,
1631104,1610612759,Blake Wesley,Blake Wesley,1631104,SAS,17888.0,298.0,91.0,614,620.0,176.0,200.0,51.0,1234,32.0,52.0,9.0,13.0,2.0,9.0,2.0,4.0,4.0,10.0,,,,2.0,3.0,14.0,,3.0,,3.0,36.0,65.0,7.0,24.0,17.0,110.0,643.0,,2.0,,3.0,,10.0,17.0,,5.0,8.0,28.0,46.0,26.0,21.0,,,,14.0,3.0,8.0,26.0,30.0,56.0,23.0,7.0,23.0,2.0,1.0,142.0,3.0,3.0,9.0,8.0,17.0,6.0,23.0,1.0,15.0,6.0,9.0,17.0,4.0,12.0,8.0,1.0,2.0,25.0,,8.0,8.0,16.0,,27.0,27.0,,13.0,2.0,2.0,3.0,1.0,,26.0,175.0,3.0,0.6388888888888888,0.6388888888888888,1.0,0.2916666666666667,,,0.2916666666666667,0.5538461538461539,,0.5882352941176471,0.5224719101123596,,0.45454545454545453,0.5392156862745098,,0.5,0.2696629213483146,0.12307692307692308,0.2222222222222222,,18.75923190546529,0.68,0.055944055944055944,0.0297029702970297,0.05660377358490566,0.02112676056338028,0.056291390728476824,0.024691358024691357,0.045454545454545456,,0.03571428571428571,0.05357142857142857,0.04838709677419355,0.061068702290076333,0.03571428571428571,0.027777777777777776,0.3333333333333333,0.5842696629213483,0.6153846153846154,0.6956521739130435,0.6875,0.10112359550561797,0.2222222222222222,0.2857142857142857,0.0449438202247191,0.5,0.5,0.11235955056179775,0.4,0.4,0.15730337078651685,0.21428571428571427,0.21428571428571427,1.0,,,0.6,,,0.5909090909090909,0.6923076923076923,0.09090909090909091,,0.13636363636363635,,0.8539325842696629,0.21428571428571427,0.6217921348314606,0.6782833333333333,0.6341113636363637,0.12871287128712872,0.16883116883116883,,0.2545454545454545,3.578461538461538,24.679166666666664,0.28664495114006516,,2.0,,,5.0,,,,2.0,4.0,1.0,1.0,1.0,,,,,0.11538461538461539,,0.0625,0.017543859649122806,0.08,,0.5,1.0,0.4,,,,1.0,,1.0,,,,,,False,,,,,1.0,,,,,
1629646,1610612759,Charles Bassey,Charles Bassey,1629646,SAS,21280.0,355.0,-111.0,756,753.0,234.0,216.0,97.0,1509,49.0,79.0,14.0,22.0,19.0,34.0,,3.0,,,,,,,,,,,,,68.0,116.0,,,21.0,157.0,908.0,16.0,33.0,,,38.0,21.0,36.0,,,7.0,49.0,106.0,30.0,,,22.0,,,,7.0,12.0,5.0,17.0,2.0,3.0,6.0,3.0,3.0,39.0,15.0,41.0,40.0,44.0,93.0,56.0,149.0,8.0,14.0,11.0,3.0,11.0,2.0,4.0,11.0,1.0,1.0,22.0,2.0,6.0,32.0,47.0,6.0,26.0,33.0,,14.0,28.0,10.0,29.0,19.0,3.0,49.0,233.0,2.0,0.7794117647058824,0.9298245614035088,,,,,,0.5862068965517241,0.48484848484848486,0.5833333333333334,0.5862068965517241,0.48484848484848486,0.5833333333333334,0.6038461538461538,0.5,0.5833333333333334,,0.0603448275862069,,,17.572254335260116,0.5,0.25882352941176473,0.19158878504672897,0.21390374331550802,0.09375,0.23529411764705882,0.1497326203208556,0.1797752808988764,0.2222222222222222,0.09375,0.2375,0.27692307692307694,0.2,0.2619047619047619,0.1951219512195122,0.6551724137931034,0.6810344827586207,0.620253164556962,0.6805555555555556,0.7551020408163265,0.29310344827586204,0.5588235294117647,0.5588235294117647,0.02586206896551724,,,,,,,,,,,,,,,0.6111111111111112,0.6363636363636364,,,,,0.6810344827586207,,0.5898844827586207,0.5953925925925927,0.568286111111111,0.112,0.112,0.24203821656050956,0.31210191082802546,3.4853448275862076,,0.30952380952380953,13.0,30.0,6.0,9.0,7.0,,5.0,,5.0,,5.0,5.0,1.0,18.0,,,5.0,0.08860759493670886,0.5294117647058824,0.14285714285714285,0.09375,0.28,0.8421052631578947,,,0.9090909090909091,0.43333333333333335,0.23076923076923078,,2.0,,,,,,,,False,,,,,1.0,,5.0,,,
1630200,1610612759,Tre Jones,Tre Jones,1630200,SAS,21899.9,365.0,51.0,766,760.0,239.0,232.0,81.0,1526,27.0,41.0,4.0,9.0,8.0,19.0,,,4.0,11.0,,2.0,,2.0,3.0,11.0,1.0,4.0,2.0,4.0,35.0,60.0,7.0,22.0,20.0,111.0,835.0,1.0,2.0,1.0,6.0,7.0,6.0,15.0,2.0,6.0,6.0,24.0,34.0,36.0,21.0,,2.0,1.0,9.0,2.0,2.0,40.0,50.0,90.0,34.0,16.0,27.0,9.0,4.0,230.0,6.0,6.0,17.0,12.0,32.0,12.0,44.0,1.0,17.0,6.0,11.0,13.0,1.0,12.0,5.0,2.0,,18.0,,8.0,12.0,27.0,,26.0,26.0,1.0,11.0,3.0,3.0,3.0,3.0,,24.0,238.0,1.0,0.4857142857142857,0.5,1.0,0.3181818181818182,0.16666666666666666,0.3333333333333333,0.2857142857142857,0.5833333333333334,0.5,0.4,0.5548780487804879,0.3125,0.42857142857142855,0.6032608695652174,0.3888888888888889,0.46153846153846156,0.2682926829268293,0.03333333333333333,,,12.761020881670534,0.7222222222222222,0.06451612903225806,0.03389830508474576,0.08947368421052632,0.0335195530726257,0.07712765957446809,0.033707865168539325,0.0136986301369863,0.05,0.021739130434782608,0.05405405405405406,0.06666666666666667,0.08552631578947369,0.10526315789473684,0.027777777777777776,1.0,0.5,0.6585365853658537,0.6923076923076923,0.5185185185185185,0.23170731707317074,0.42105263157894735,0.42105263157894735,,,,0.13414634146341464,0.36363636363636365,0.36363636363636365,0.13414634146341464,0.2727272727272727,0.3,1.0,0.25,,0.5,0.25,1.0,0.42857142857142855,0.4444444444444444,0.09523809523809523,,0.19047619047619047,0.5,0.7682926829268293,0.2222222222222222,0.569258024691358,0.52264,0.58393,0.125,0.16666666666666666,0.06306306306306306,0.21621621621621623,3.655,24.95909090909091,0.31201044386422977,1.0,1.0,2.0,3.0,1.0,,1.0,,,4.0,5.0,4.0,,,,,4.0,0.04878048780487805,0.15789473684210525,0.041666666666666664,0.03759398496240601,0.08108108108108109,0.375,,1.0,0.125,1.0,,,1.0,,,,,,,,False,1.0,,0.045454545454545456,,,0.09090909090909091,,1.0,,
1631103,1610612759,Malaki Branham,Malaki Branham,1631103,SAS,12074.0,201.0,-27.0,416,423.0,151.0,143.0,44.0,839,11.0,15.0,5.0,5.0,4.0,14.0,4.0,9.0,3.0,8.0,1.0,1.0,1.0,4.0,12.0,33.0,1.0,2.0,4.0,13.0,19.0,38.0,15.0,41.0,5.0,88.0,472.0,4.0,6.0,2.0,3.0,14.0,7.0,12.0,5.0,17.0,3.0,32.0,14.0,24.0,45.0,,,,33.0,12.0,4.0,11.0,6.0,17.0,3.0,3.0,8.0,2.0,1.0,40.0,2.0,1.0,12.0,10.0,23.0,3.0,26.0,2.0,5.0,3.0,2.0,9.0,3.0,5.0,13.0,8.0,1.0,22.0,2.0,8.0,8.0,13.0,1.0,7.0,6.0,,2.0,1.0,,1.0,,,32.0,150.0,,0.3684210526315789,0.3684210526315789,1.0,0.36585365853658536,0.6666666666666666,0.29411764705882354,0.36585365853658536,0.5,0.6666666666666666,0.5833333333333334,0.5253164556962026,0.7777777777777778,0.5,0.5365853658536586,0.7777777777777778,0.5161290322580645,0.5189873417721519,0.10526315789473684,0.14285714285714285,,22.413793103448278,0.4090909090909091,0.09009009009009009,0.011904761904761904,0.1188118811881188,0.019417475728155338,0.10377358490566038,0.016042780748663103,,0.03571428571428571,,0.12244897959183673,0.075,0.1282051282051282,0.08695652173913043,0.05,,0.189873417721519,0.7333333333333333,0.8461538461538461,0.36363636363636365,0.17721518987341772,0.2857142857142857,0.3333333333333333,0.11392405063291139,0.4444444444444444,0.4444444444444444,0.10126582278481013,0.375,0.375,0.4177215189873418,0.36363636363636365,0.375,1.0,0.1111111111111111,1.0,0.2222222222222222,0.5,1.0,0.1724137931034483,1.0,0.13793103448275862,0.25,0.4482758620689655,0.3076923076923077,0.7088607594936709,0.36363636363636365,0.5411468354430381,0.57885,0.553998275862069,0.024691358024691357,0.05,0.1590909090909091,0.36363636363636365,7.381578947368421,25.23658536585366,0.3629807692307692,3.0,3.0,,1.0,4.0,,,,,,,1.0,,1.0,,,1.0,0.13333333333333333,0.1111111111111111,,0.024390243902439025,0.045454545454545456,0.25,0.5,1.0,0.3333333333333333,1.0,0.6666666666666666,,1.0,,,,,,1.0,,False,1.0,,0.024390243902439025,,,0.030303030303030304,,,,
1629162,1610612759,Jordan McLaughlin,Jordan McLaughlin,1629162,SAS,1601.0,27.0,43.0,59,60.0,21.0,38.0,3.0,119,1.0,1.0,1.0,1.0,,,1.0,1.0,1.0,1.0,,,,,2.0,3.0,,,1.0,1.0,2.0,2.0,3.0,4.0,3.0,16.0,48.0,,,,,,1.0,1.0,1.0,1.0,3.0,8.0,2.0,2.0,6.0,3.0,,,3.0,2.0,,6.0,4.0,10.0,4.0,,5.0,1.0,,24.0,,,,2.0,2.0,,2.0,,1.0,,1.0,,1.0,,1.0,,,1.0,,,,1.0,,2.0,3.0,,1.0,,,,,,8.0,21.0,,0.5,0.5,0.6666666666666666,0.75,,1.0,0.75,1.0,,1.0,1.0833333333333333,,1.25,1.1428571428571428,,1.3333333333333333,0.6666666666666666,,,,13.114754098360656,,0.13333333333333333,,,,0.06451612903225806,,,,,0.16666666666666666,0.25,,,,,0.16666666666666666,1.0,1.0,1.0,,,,0.16666666666666666,1.0,1.0,0.16666666666666666,1.0,1.0,0.5,0.6666666666666666,0.6666666666666666,0.5,,,,,,0.5,1.0,,,0.5,1.0,0.8333333333333334,0.6666666666666666,0.4913999999999999,,0.46995,0.16666666666666666,0.5,,0.5,11.350000000000001,25.05,0.3559322033898305,,,,,,,,,,,1.0,1.0,,,,,,,,,,,,,1.0,,,,,,,,,,,,,False,,,,,,,,,,
1630561,1610612759,David Duke Jr.,David Duke Jr.,1630561,SAS,1059.0,18.0,11.0,39,38.0,17.0,22.0,2.0,77,2.0,3.0,,1.0,,3.0,,,,,,,,,,1.0,,,,1.0,2.0,6.0,,1.0,1.0,5.0,38.0,,,,,,,1.0,,1.0,,,2.0,2.0,,,,,1.0,,,2.0,1.0,3.0,1.0,,2.0,,,7.0,,,2.0,1.0,3.0,,3.0,,,,,1.0,,1.0,,,,1.0,,1.0,,1.0,,2.0,2.0,,1.0,,,,,,,16.0,1.0,0.5,0.5,,,,,,0.3333333333333333,,,0.2857142857142857,,,0.3125,,,0.14285714285714285,,,,22.5,1.0,0.1,,0.18181818181818182,,0.14285714285714285,,,,,0.5,,0.2,,,,0.42857142857142855,0.6666666666666666,0.6666666666666666,0.5,0.42857142857142855,,,,,,,,,0.14285714285714285,,,,,,,,,0.5,,,,0.5,,0.5714285714285714,,0.52515,,0.502725,0.125,0.14285714285714285,,,5.033333333333333,29.2,0.4358974358974359,,,,,,,,,,,,,,,,,,,,,,,,,,,,,,,,,,,,,,False,,,,,,,,,,
1631127,1610612759,Harrison Ingram,Harrison Ingram,1631127,SAS,1035.0,17.0,16.0,37,37.0,17.0,23.0,2.0,74,1.0,1.0,,,,,,1.0,,,,,,,,1.0,,,,1.0,1.0,2.0,,1.0,,2.0,34.0,1.0,1.0,,,2.0,,,,1.0,,,,2.0,,,2.0,,1.0,,,,1.0,1.0,1.0,,,,,3.0,,1.0,,4.0,4.0,1.0,5.0,,1.0,1.0,,,,,,,,,,,1.0,2.0,,,,,,,,,,,,16.0,,,,,,,,,0.5,1.0,,0.3333333333333333,1.0,,0.3333333333333333,1.0,,0.3333333333333333,,,,7.692307692307692,,0.3076923076923077,0.14285714285714285,,,0.2,0.1,,0.2,,0.25,0.42857142857142855,,,,,0.3333333333333333,1.0,1.0,,,,,0.3333333333333333,,,,,,0.3333333333333333,,,,,,,,,,,,,1.0,,0.6666666666666666,,0.4993999999999999,0.6455,0.5196,,,1.0,,10.85,25.5,0.4594594594594595,1.0,1.0,,,,,,,,,,,,,,,,,,,,,,,,1.0,1.0,,,,,,,,,,,False,,,,,,,,,,
1631321,1610612759,Sidy Cissoko,Sidy Cissoko,1631321,SAS,2486.0,41.0,-6.0,90,88.0,32.0,53.0,8.0,178,3.0,4.0,,1.0,,2.0,,1.0,2.0,2.0,,,,,1.0,4.0,,,,,3.0,7.0,3.0,6.0,,15.0,83.0,1.0,1.0,,,2.0,,2.0,,,,,4.0,2.0,9.0,,2.0,,4.0,1.0,2.0,3.0,3.0,6.0,2.0,1.0,3.0,,,15.0,2.0,1.0,1.0,3.0,6.0,3.0,9.0,1.0,,,,1.0,,1.0,,,,1.0,,1.0,3.0,4.0,,2.0,4.0,,2.0,,,,,,,32.0,,0.6666666666666666,1.0,1.0,0.5,,,0.5,0.42857142857142855,1.0,,0.5769230769230769,1.0,,0.5,1.0,,0.46153846153846156,0.2857142857142857,0.5,,16.161616161616163,1.0,0.13636363636363635,0.05555555555555555,0.041666666666666664,0.1,0.08695652173913043,0.07894736842105263,,0.14285714285714285,1.0,,,0.05555555555555555,,0.2,,0.3076923076923077,0.75,1.0,0.6666666666666666,0.15384615384615385,,,0.07692307692307693,,,0.15384615384615385,1.0,1.0,0.3076923076923077,0.25,0.25,1.0,,,,,,0.5,,,,,,0.7692307692307693,0.25,0.5277961538461539,0.5337,0.48525,0.13333333333333333,0.2222222222222222,0.13333333333333333,,5.2,25.0,0.35555555555555557,1.0,1.0,,2.0,,,,,,,,,,,,,,0.25,0.4,,0.05263157894736842,0.375,,,1.0,1.0,1.0,,,,,,,,,,,False,,,,,,,,,,
1642434,1610612759,Riley Minix,Riley Minix,1642434,SAS,405.0,7.0,,15,15.0,3.0,8.0,1.0,30,,,,,,,,,,,,,,,,1.0,,,,,,,,1.0,,,14.0,,,,,,,,,,,,,,,,,,1.0,,,,,,,,,,,,,,1.0,1.0,2.0,,2.0,,,,,,,,,,,,,,,,,,,,,,,,,,,3.0,,,,,,,,,,,,,,,,,,1.0,,,,6.25,,0.25,,0.25,,0.25,,,,,,0.3333333333333333,0.25,,,,,,,,,,,,,,,,,1.0,,,,,,,,,,,,,,,1.0,,0.483,,,,,,,,30.4,0.2,,,,,,,,,,,,,,,,,,,,,,,,,,,,,,,,,,,,,,False,,,,,,,,,,
1628366,1610612741,Lonzo Ball,Lonzo Ball,1628366,CHI,4207.0,70.0,39.0,148,148.0,20.0,13.0,17.0,296,2.0,2.0,,,1.0,3.0,2.0,4.0,3.0,5.0,1.0,2.0,,,5.0,11.0,1.0,2.0,,1.0,5.0,9.0,8.0,16.0,1.0,35.0,155.0,,,2.0,4.0,6.0,,1.0,,1.0,,,8.0,2.0,24.0,,,,11.0,5.0,,1.0,5.0,6.0,3.0,2.0,1.0,,,17.0,2.0,2.0,3.0,1.0,4.0,4.0,8.0,,3.0,1.0,2.0,1.0,1.0,,1.0,,,2.0,,,1.0,4.0,,1.0,1.0,,1.0,1.0,1.0,1.0,,,,20.0,,0.8,0.8,1.0,0.5,0.5,,0.5,0.5555555555555556,,,0.68,0.75,,0.7,0.75,,0.64,,,,15.882352941176471,0.5,0.03125,0.058823529411764705,0.09375,0.0625,0.0625,0.06060606060606061,,,0.125,,0.05,0.08,0.14285714285714285,,,0.08,1.0,1.0,1.0,0.12,0.3333333333333333,0.3333333333333333,0.16,0.5,0.5,0.2,0.6,0.6,0.44,0.45454545454545453,0.45454545454545453,1.0,0.5,0.5,0.5,0.5,1.0,,,,,0.5,,0.72,0.45454545454545453,0.533504,0.53915,0.49087499999999995,0.04,0.1111111111111111,0.17142857142857143,,11.41111111111111,25.75,0.13513513513513514,,,,,1.0,,,,,,1.0,,,,,,,,,0.2857142857142857,0.041666666666666664,,1.0,0.5,1.0,,,,,,,,,,,1.0,,True,,,,,,,,,,
1628380,1610612741,Zach Collins,Zach Collins,1628380,CHI,21704.0,362.0,43.0,760,756.0,135.0,118.0,92.0,1516,35.0,45.0,5.0,7.0,13.0,25.0,,1.0,2.0,8.0,,,,,10.0,34.0,,2.0,,4.0,48.0,71.0,12.0,42.0,30.0,162.0,836.0,13.0,19.0,,2.0,32.0,6.0,9.0,,4.0,5.0,17.0,72.0,24.0,36.0,,22.0,,34.0,10.0,5.0,17.0,16.0,33.0,13.0,3.0,11.0,5.0,1.0,82.0,11.0,33.0,32.0,41.0,77.0,44.0,121.0,6.0,12.0,6.0,6.0,14.0,1.0,8.0,9.0,,,23.0,2.0,6.0,28.0,41.0,4.0,33.0,34.0,,16.0,11.0,6.0,11.0,6.0,,17.0,133.0,1.0,0.75,0.972972972972973,1.0,0.2857142857142857,,,0.2857142857142857,0.676056338028169,0.6842105263157895,0.6666666666666666,0.584070796460177,0.6190476190476191,0.46153846153846156,0.627906976744186,0.6666666666666666,0.53125,0.37168141592920356,0.07042253521126761,0.16,,17.491369390103568,0.6086956521739131,0.22777777777777777,0.1774193548387097,0.16753926701570682,0.05612244897959184,0.1967654986522911,0.11518324607329843,0.1891891891891892,0.1702127659574468,0.023809523809523808,0.2222222222222222,0.23157894736842105,0.18620689655172415,0.10869565217391304,0.1276595744680851,0.5454545454545454,0.39823008849557523,0.7777777777777778,0.7954545454545454,0.7142857142857143,0.22123893805309736,0.52,0.6190476190476191,0.008849557522123894,,,0.07079646017699115,0.25,0.25,0.3008849557522124,0.29411764705882354,0.29411764705882354,1.0,,,0.09523809523809523,,,0.5384615384615384,0.7142857142857143,,,0.3076923076923077,,0.7699115044247787,0.29411764705882354,0.5692946902654866,0.5873309523809523,0.6153307692307692,0.12598425196850394,0.18823529411764706,0.19753086419753085,0.10493827160493827,3.585915492957747,25.30714285714286,0.17763157894736842,11.0,17.0,6.0,4.0,6.0,,4.0,,5.0,1.0,2.0,2.0,,5.0,,1.0,2.0,0.022222222222222223,0.26666666666666666,0.16666666666666666,0.06493506493506493,0.22727272727272727,0.8461538461538461,,1.0,0.8095238095238095,0.6470588235294118,0.09090909090909091,,3.0,,,,,,,,True,,,,,,,,,,
1628989,1610612741,Kevin Huerter,Kevin Huerter,1628989,CHI,9120.0,152.0,90.0,318,307.0,67.0,47.0,38.0,625,6.0,7.0,1.0,1.0,3.0,17.0,1.0,4.0,7.0,11.0,1.0,1.0,1.0,3.0,14.0,36.0,1.0,5.0,1.0,6.0,10.0,28.0,21.0,47.0,3.0,86.0,310.0,1.0,4.0,2.0,6.0,8.0,3.0,6.0,2.0,9.0,3.0,15.0,18.0,2.0,60.0,3.0,2.0,1.0,35.0,14.0,4.0,12.0,2.0,14.0,1.0,1.0,10.0,2.0,,30.0,,4.0,5.0,5.0,10.0,4.0,14.0,1.0,7.0,6.0,1.0,2.0,2.0,1.0,2.0,,,4.0,1.0,1.0,6.0,8.0,,4.0,4.0,,2.0,1.0,1.0,1.0,,,15.0,65.0,,0.9,1.0,0.9523809523809523,0.44680851063829785,0.3333333333333333,0.2222222222222222,0.45652173913043476,0.35714285714285715,0.25,0.5,0.5533333333333333,0.4,0.4,0.5657894736842105,0.4,0.46875,0.6266666666666667,0.14285714285714285,0.17647058823529413,,21.978021978021978,0.5,0.05747126436781609,0.056338028169014086,0.060240963855421686,,0.058823529411764705,0.025974025974025976,0.05,0.06976744186046512,,0.03333333333333333,0.09302325581395349,0.08064516129032258,,0.02631578947368421,,0.09333333333333334,0.8571428571428571,1.0,0.8333333333333334,0.22666666666666666,0.17647058823529413,0.21428571428571427,0.05333333333333334,0.25,0.25,0.14666666666666667,0.6363636363636364,0.6363636363636364,0.48,0.3888888888888889,0.3888888888888889,0.9285714285714286,0.1,1.0,0.5,0.2,1.0,0.06666666666666667,1.0,0.2,0.3333333333333333,0.4,0.16666666666666666,0.72,0.4,0.5180108108108109,0.42787500000000006,0.47922,0.02666666666666667,0.07142857142857142,0.09302325581395349,0.1744186046511628,7.674999999999999,26.312765957446814,0.21069182389937108,1.0,1.0,,,1.0,,,,,1.0,2.0,1.0,,,,,1.0,0.14285714285714285,,,,,1.0,1.0,1.0,0.1,1.0,,,,,,,,,1.0,,True,,,,,,,,,,
1629632,1610612741,Coby White,Coby White,1629632,CHI,15220.0,254.0,26.0,536,532.0,118.0,97.0,69.0,1068,18.0,32.0,5.0,5.0,18.0,31.0,3.0,11.0,1.0,5.0,,1.0,,2.0,15.0,63.0,,4.0,4.0,16.0,39.0,74.0,16.0,68.0,30.0,156.0,573.0,5.0,5.0,,5.0,10.0,13.0,19.0,4.0,18.0,10.0,48.0,20.0,58.0,30.0,18.0,,,63.0,15.0,6.0,10.0,20.0,30.0,10.0,10.0,5.0,4.0,1.0,80.0,1.0,,20.0,14.0,34.0,1.0,35.0,1.0,9.0,8.0,1.0,7.0,2.0,3.0,5.0,,1.0,12.0,1.0,4.0,4.0,14.0,3.0,32.0,33.0,1.0,15.0,2.0,,2.0,,,48.0,116.0,3.0,0.2564102564102564,0.2564102564102564,0.625,0.23529411764705882,,0.2222222222222222,0.23529411764705882,0.527027027027027,1.0,0.6842105263157895,0.44366197183098594,0.5,0.5135135135135135,0.5032467532467533,0.5,0.5853658536585366,0.4788732394366197,0.08108108108108109,0.06451612903225806,,26.74230145867099,0.5833333333333334,0.1076923076923077,,0.14705882352941177,0.006711409395973154,0.12781954887218044,0.0035714285714285713,,,0.027777777777777776,0.12,0.1076923076923077,0.15384615384615385,0.125,0.0125,,0.22535211267605634,0.5625,0.6428571428571429,0.4444444444444444,0.21830985915492956,0.5806451612903226,0.6206896551724138,0.07746478873239436,0.2727272727272727,0.2727272727272727,0.035211267605633804,0.2,0.2,0.44366197183098594,0.23809523809523808,0.23809523809523808,0.6,0.1,,0.4,,,0.13513513513513514,1.0,0.05405405405405406,,0.43243243243243246,0.25,0.704225352112676,0.23809523809523808,0.5337169014084507,0.49325,0.5061189189189189,0.10738255033557047,0.18518518518518517,0.0641025641025641,0.3076923076923077,6.5540540540540535,26.461764705882356,0.22014925373134328,1.0,1.0,,,4.0,1.0,,1.0,1.0,2.0,8.0,5.0,,2.0,,,4.0,0.125,,,,0.06666666666666667,0.1111111111111111,,1.0,0.1,1.0,1.0,,1.0,,,1.0,1.0,0.014705882352941176,,,True,,,,,,,,,,
1630581,1610612741,Josh Giddey,Josh Giddey,1630581,CHI,11667.0,194.0,67.0,400,403.0,51.0,45.0,47.0,803,13.0,21.0,3.0,4.0,16.0,34.0,,1.0,2.0,6.0,,2.0,,1.0,13.0,20.0,3.0,5.0,2.0,3.0,29.0,56.0,15.0,26.0,25.0,128.0,440.0,3.0,7.0,3.0,7.0,16.0,5.0,8.0,2.0,4.0,2.0,18.0,22.0,36.0,39.0,6.0,2.0,,20.0,13.0,9.0,29.0,15.0,44.0,9.0,6.0,23.0,5.0,1.0,103.0,5.0,6.0,20.0,20.0,46.0,11.0,57.0,2.0,5.0,4.0,1.0,13.0,2.0,8.0,3.0,1.0,,16.0,2.0,,8.0,13.0,2.0,24.0,30.0,,18.0,3.0,1.0,4.0,3.0,,18.0,51.0,,0.3793103448275862,0.39285714285714285,0.8666666666666667,0.5769230769230769,0.42857142857142855,0.5,0.5769230769230769,0.5178571428571429,0.42857142857142855,0.625,0.6280487804878049,0.5357142857142857,0.6666666666666666,0.6808510638297872,0.5333333333333333,0.6428571428571429,0.3170731707317073,0.16071428571428573,0.14705882352941177,1.0,24.175824175824175,0.8125,0.19047619047619047,0.06593406593406594,0.21739130434782608,0.058823529411764705,0.20304568527918782,0.0625,,0.125,0.047619047619047616,0.13157894736842105,0.21818181818181817,0.18840579710144928,0.30434782608695654,0.06896551724137931,0.75,0.25609756097560976,0.6190476190476191,0.7222222222222222,0.5384615384615384,0.4146341463414634,0.47058823529411764,0.5517241379310345,0.012195121951219513,,,0.07317073170731707,0.3333333333333333,0.3333333333333333,0.24390243902439024,0.65,0.65,0.8461538461538461,0.14285714285714285,,0.35714285714285715,0.6,1.0,0.3333333333333333,0.75,0.08333333333333333,,0.25,0.6666666666666666,0.573170731707317,0.65,0.5373524390243902,0.56255,0.5689291666666666,0.19148936170212766,0.2647058823529412,0.125,0.140625,5.830357142857143,25.66923076923077,0.1275,2.0,5.0,1.0,6.0,5.0,,,,,,6.0,,1.0,2.0,,,,0.14285714285714285,0.6666666666666666,,0.0625,0.25,0.25,,1.0,0.35714285714285715,0.4,,,,,,,,,,,True,,,,,1.0,,,,,
1641824,1610612741,Matas Buzelis,Matas Buzelis,1641824,CHI,10873.0,181.0,-12.0,385,381.0,34.0,52.0,42.0,766,22.0,34.0,,1.0,2.0,9.0,1.0,1.0,3.0,9.0,,,,2.0,3.0,19.0,,1.0,,2.0,25.0,44.0,6.0,28.0,11.0,79.0,449.0,4.0,7.0,,1.0,8.0,,1.0,,4.0,,,28.0,22.0,18.0,,6.0,,19.0,3.0,5.0,12.0,5.0,17.0,5.0,,9.0,3.0,,39.0,3.0,2.0,13.0,10.0,23.0,6.0,29.0,2.0,2.0,2.0,,4.0,3.0,2.0,8.0,2.0,,12.0,,,10.0,14.0,1.0,11.0,11.0,,6.0,4.0,,4.0,2.0,,,34.0,1.0,0.56,0.6363636363636364,1.0,0.21428571428571427,,,0.21428571428571427,0.5681818181818182,0.5714285714285714,,0.4722222222222222,0.5,,0.512987012987013,0.5,,0.3888888888888889,0.11363636363636363,0.2222222222222222,,20.649651972157773,0.3333333333333333,0.11764705882352941,0.021052631578947368,0.14444444444444443,0.033707865168539325,0.13142857142857142,0.02717391304347826,0.023809523809523808,0.021739130434782608,0.09523809523809523,0.06896551724137931,0.14285714285714285,0.1875,0.038461538461538464,0.05714285714285714,0.5,0.4722222222222222,0.6470588235294118,0.7096774193548387,0.5909090909090909,0.125,0.2222222222222222,0.2857142857142857,0.013888888888888888,1.0,1.0,0.125,0.3333333333333333,0.3333333333333333,0.2638888888888889,0.15789473684210525,0.15789473684210525,1.0,,,0.125,,,0.2,,0.4,,0.4,,0.8611111111111112,0.15789473684210525,0.5959152777777778,0.54555,0.60355,0.07792207792207792,0.12244897959183673,0.10126582278481013,,2.9863636363636363,24.999999999999996,0.08831168831168831,4.0,7.0,,,2.0,1.0,,,,1.0,1.0,,,4.0,,,,0.08823529411764706,,,0.014705882352941176,0.14285714285714285,0.5,,1.0,0.875,0.5714285714285714,0.25,1.0,2.0,0.3333333333333333,,,,,,,True,,,,,,,,,,
1630200,1610612741,Tre Jones,Tre Jones,1630200,CHI,11736.0,196.0,-33.0,401,398.0,38.0,59.0,52.0,799,14.0,23.0,,2.0,8.0,25.0,3.0,6.0,3.0,5.0,1.0,1.0,,,1.0,5.0,,,,,25.0,54.0,4.0,10.0,6.0,68.0,485.0,2.0,9.0,1.0,1.0,8.0,2.0,7.0,,,3.0,7.0,30.0,20.0,12.0,,,,5.0,1.0,6.0,22.0,12.0,34.0,9.0,3.0,12.0,10.0,,80.0,2.0,3.0,13.0,7.0,21.0,5.0,26.0,2.0,8.0,6.0,2.0,2.0,,,3.0,2.0,,5.0,,1.0,5.0,8.0,,9.0,9.0,,3.0,1.0,,1.0,,,6.0,36.0,,0.6,0.6,1.0,0.4,1.0,,0.4,0.46296296296296297,0.2222222222222222,0.2857142857142857,0.484375,0.35,0.2857142857142857,0.5,0.36363636363636365,0.3888888888888889,0.15625,0.1111111111111111,0.08,,15.698924731182794,0.4,0.07526881720430108,0.02564102564102564,0.1326530612244898,0.0196078431372549,0.10471204188481675,0.0228310502283105,0.017857142857142856,0.03773584905660377,0.047619047619047616,,0.057692307692307696,0.08571428571428572,0.25,0.06896551724137931,,0.359375,0.6086956521739131,0.7368421052631579,0.5714285714285714,0.390625,0.32,0.34782608695652173,0.09375,0.5,0.5,0.078125,0.6,0.6,0.078125,0.2,0.2,1.0,0.1,1.0,,,,0.2857142857142857,,,,,,0.515625,0.2,0.5274984375,0.53424375,0.45424285714285706,0.045454545454545456,0.05357142857142857,0.11764705882352941,0.10294117647058823,6.138888888888889,24.240000000000002,0.09476309226932668,1.0,2.0,1.0,1.0,2.0,,1.0,1.0,,,1.0,2.0,,1.0,,,1.0,0.17391304347826086,0.1,,0.012345679012345678,0.2857142857142857,0.625,0.6666666666666666,1.0,0.2,0.5,,,,,,,,,1.0,,True,,,,,,,,,,
1631207,1610612741,Dalen Terry,Dalen Terry,1631207,CHI,6597.0,110.0,-13.0,237,241.0,46.0,39.0,22.0,478,8.0,14.0,4.0,4.0,5.0,8.0,,,1.0,6.0,,,1.0,2.0,3.0,8.0,,,,,13.0,22.0,4.0,14.0,7.0,45.0,274.0,2.0,3.0,,,6.0,4.0,4.0,1.0,2.0,4.0,15.0,18.0,8.0,12.0,,2.0,,8.0,3.0,3.0,10.0,3.0,13.0,2.0,1.0,5.0,4.0,1.0,29.0,1.0,,8.0,5.0,13.0,2.0,15.0,,9.0,5.0,4.0,3.0,,1.0,1.0,,,4.0,,,8.0,10.0,,6.0,9.0,,4.0,1.0,,1.0,1.0,,15.0,46.0,,0.6923076923076923,0.75,1.0,0.2857142857142857,,0.5,0.2857142857142857,0.5909090909090909,0.6666666666666666,1.0,0.5277777777777778,0.6666666666666666,0.9166666666666666,0.5625,0.75,0.9375,0.3888888888888889,0.13636363636363635,0.125,,16.923076923076923,0.75,0.10638297872340426,,0.12121212121212122,0.015873015873015872,0.11504424778761062,0.009009009009009009,,,,0.11764705882352941,0.12,0.14545454545454545,,,1.0,0.3888888888888889,0.5714285714285714,0.6666666666666666,0.5,0.2222222222222222,0.625,0.7142857142857143,,,,0.16666666666666666,0.16666666666666666,0.16666666666666666,0.2222222222222222,0.375,0.375,1.0,,,,,,0.6666666666666666,1.0,0.3333333333333333,0.5,,,0.7777777777777778,0.375,0.587486111111111,0.6188,0.5778916666666666,0.10256410256410256,0.16,0.13333333333333333,0.3333333333333333,3.3909090909090907,24.57857142857143,0.1940928270042194,1.0,2.0,2.0,,2.0,,1.0,,,1.0,1.0,1.0,,1.0,,,1.0,0.14285714285714285,,,0.02,,1.0,,1.0,0.6666666666666666,0.5,,1.0,,0.14285714285714285,,,,,,,True,,,,,,,,,,
1641763,1610612741,Julian Phillips,Julian Phillips,1641763,CHI,7517.0,125.0,31.0,262,262.0,74.0,50.0,38.0,524,5.0,11.0,2.0,3.0,2.0,3.0,,,8.0,14.0,,,,2.0,3.0,8.0,1.0,3.0,,1.0,7.0,14.0,11.0,22.0,12.0,59.0,278.0,2.0,5.0,1.0,3.0,9.0,3.0,4.0,,3.0,3.0,9.0,8.0,6.0,33.0,,4.0,,8.0,3.0,1.0,4.0,3.0,7.0,3.0,,1.0,3.0,,17.0,3.0,5.0,5.0,9.0,15.0,8.0,23.0,2.0,5.0,1.0,4.0,1.0,,,,,,1.0,,,6.0,10.0,1.0,10.0,13.0,,6.0,2.0,1.0,3.0,1.0,,7.0,72.0,,0.5714285714285714,0.8,1.0,0.5,0.3333333333333333,,0.5,0.5,0.4,0.75,0.6527777777777778,0.4375,0.42857142857142855,0.7023809523809523,0.5,0.5625,0.6111111111111112,0.07142857142857142,,,13.870967741935484,1.0,0.140625,0.07462686567164178,0.07462686567164178,0.041666666666666664,0.10687022900763359,0.05755395683453238,0.07692307692307693,0.05714285714285714,,0.23809523809523808,0.07894736842105263,0.07407407407407407,0.07692307692307693,0.11764705882352941,0.3333333333333333,0.3055555555555556,0.45454545454545453,0.5,0.4,0.08333333333333333,0.6666666666666666,0.6666666666666666,,,,0.3888888888888889,0.5714285714285714,0.5714285714285714,0.2222222222222222,0.375,0.375,1.0,,,0.375,0.3333333333333333,1.0,0.42857142857142855,0.6666666666666666,0.2857142857142857,,0.14285714285714285,,0.9166666666666666,0.375,0.5746194444444443,0.4849833333333333,0.5643999999999999,0.14634146341463414,0.3157894736842105,0.15254237288135594,0.15254237288135594,2.621428571428571,24.3,0.2824427480916031,2.0,5.0,2.0,1.0,1.0,,,,1.0,,1.0,1.0,1.0,1.0,,,,0.09090909090909091,0.3333333333333333,0.16666666666666666,0.05454545454545454,0.2,1.0,,1.0,0.625,0.4,,,,,,,,,,,True,,,,,1.0,,,,,
1630245,1610612741,Ayo Dosunmu,Ayo Dosunmu,1630245,CHI,1744.0,29.0,1.0,59,64.0,6.0,8.0,9.0,123,5.0,6.0,,,,1.0,,,,1.0,,,,,,1.0,,,,,5.0,7.0,,2.0,2.0,12.0,57.0,,,,,,,,,,1.0,1.0,8.0,2.0,,,,,1.0,,,1.0,2.0,3.0,1.0,1.0,1.0,,,8.0,,,3.0,2.0,5.0,,5.0,,2.0,1.0,1.0,1.0,1.0,1.0,2.0,1.0,,3.0,1.0,1.0,,,,2.0,4.0,,1.0,,,,,,1.0,6.0,,0.8,0.8,,,,,,0.7142857142857143,,,0.5555555555555556,,,0.5454545454545454,,0.5,0.2222222222222222,,,,20.28985507246377,0.3333333333333333,0.08,,0.3,,0.14285714285714285,,,,,0.07142857142857142,0.1,0.375,,,,0.6666666666666666,0.8333333333333334,0.8333333333333334,0.8,0.1111111111111111,,,,,,0.1111111111111111,,,0.1111111111111111,,,,,,,,,,,,,,,0.8888888888888888,,0.692188888888889,,,0.1,0.125,,0.08333333333333333,2.857142857142857,24.75,0.1016949152542373,,,,,,,,,,,,1.0,,,,,1.0,,,,,,,,,,,,,,,,,,,,,True,,,,,,,,,,
1628975,1610612741,Jevon Carter,Jevon Carter,1628975,CHI,1108.0,18.0,-6.0,42,40.0,11.0,8.0,3.0,82,,1.0,,,1.0,2.0,,1.0,1.0,2.0,1.0,1.0,,,3.0,9.0,,,,2.0,1.0,4.0,4.0,11.0,,14.0,48.0,,1.0,1.0,1.0,3.0,,,,2.0,,,2.0,,9.0,3.0,,,9.0,3.0,1.0,1.0,3.0,4.0,1.0,2.0,1.0,,,11.0,,,2.0,,2.0,,2.0,,1.0,1.0,,1.0,,1.0,,,,1.0,,,1.0,1.0,,,,,,1.0,1.0,1.0,1.0,,,11.0,,1.0,1.0,0.75,0.36363636363636365,1.0,,0.36363636363636365,0.25,,,0.4666666666666667,0.75,,0.4666666666666667,0.75,,0.7333333333333333,0.25,,,35.55555555555556,1.0,,,0.14285714285714285,,0.09523809523809523,,,,,,,0.18181818181818182,,,1.0,0.06666666666666667,,,,0.13333333333333333,0.5,0.5,0.06666666666666667,,,0.13333333333333333,0.5,0.5,0.6,0.3333333333333333,0.3333333333333333,1.0,0.5,1.0,,,,,,,,1.0,,0.8,0.3333333333333333,0.53879,0.493725,0.4905,,,0.21428571428571427,,9.875,25.12727272727273,0.2619047619047619,,,,,,,,,,,,,,,,,,1.0,,,,,1.0,,,,,,,,,,,,,,,True,,,,,,,,,,
1629659,1610612741,Talen Horton-Tucker,Talen Horton-Tucker,1629659,CHI,2132.0,36.0,-11.0,77,77.0,14.0,16.0,11.0,154,2.0,5.0,1.0,2.0,2.0,3.0,,,,,,,,,,5.0,,1.0,,3.0,4.0,8.0,,5.0,2.0,10.0,93.0,,,,1.0,,2.0,3.0,,3.0,1.0,5.0,2.0,6.0,,,,,5.0,,,3.0,3.0,6.0,2.0,1.0,2.0,1.0,,15.0,,,3.0,,3.0,,3.0,,,,,,,,,,,,,,1.0,1.0,,2.0,3.0,,2.0,,,,,,5.0,14.0,,0.25,0.25,,,,,,0.5,,0.6666666666666666,0.3076923076923077,,0.3333333333333333,0.35714285714285715,,0.4166666666666667,0.38461538461538464,,,,15.730337078651685,,,,0.13043478260869565,,0.08571428571428572,,,,,,,0.17647058823529413,,,,0.38461538461538464,0.4,0.4,0.5,0.23076923076923078,0.6666666666666666,0.6666666666666666,,,,,,,0.38461538461538464,,,,,,1.0,,,0.3333333333333333,0.5,,,0.5,,0.7692307692307693,,0.583276923076923,,0.5589583333333333,0.14285714285714285,0.2222222222222222,,0.5,3.6,25.46,0.18181818181818182,,,,,,,,,,,1.0,,,,,,,,,,,,,,,,,,,,,,,,,,,True,,,,,,,,,,
1630172,1610612741,Patrick Williams,Patrick Williams,1630172,CHI,4241.0,71.0,-8.0,149,146.0,59.0,27.0,19.0,295,3.0,6.0,,2.0,4.0,8.0,,,1.0,2.0,,,,1.0,,4.0,,1.0,,2.0,7.0,14.0,1.0,6.0,4.0,21.0,158.0,1.0,1.0,,1.0,2.0,2.0,6.0,,3.0,4.0,8.0,6.0,8.0,3.0,,2.0,,4.0,,2.0,1.0,2.0,3.0,1.0,1.0,1.0,,,8.0,1.0,1.0,6.0,2.0,9.0,2.0,11.0,,4.0,3.0,1.0,4.0,,1.0,,,,4.0,1.0,2.0,3.0,5.0,1.0,7.0,6.0,,2.0,1.0,1.0,1.0,1.0,,8.0,59.0,1.0,0.42857142857142855,0.5,1.0,0.16666666666666666,,,0.16666666666666666,0.5,1.0,0.3333333333333333,0.425,0.5,0.2222222222222222,0.45652173913043476,0.5,0.3333333333333333,0.3,0.14285714285714285,0.125,,15.606936416184972,1.0,0.07692307692307693,0.02702702702702703,0.1276595744680851,0.022727272727272728,0.1095890410958904,0.024691358024691357,0.07692307692307693,,,0.2,0.05,0.1388888888888889,0.09090909090909091,,1.0,0.3,0.5,0.6,0.3333333333333333,0.4,0.5,0.5714285714285714,,,,0.1,0.5,0.5,0.2,,,,,,0.5,,,0.2222222222222222,,0.1111111111111111,,0.2222222222222222,,0.6,,0.509345,,0.47815,0.09090909090909091,0.125,0.09523809523809523,0.38095238095238093,5.607142857142857,26.316666666666663,0.3959731543624161,1.0,1.0,,1.0,3.0,,,,1.0,,,1.0,,,,,1.0,0.16666666666666666,0.25,,0.02564102564102564,,0.5,,1.0,0.5,1.0,,,,,,,,,,,True,,,,,,,,,,
202696,1610612741,Nikola Vučević,Nikola Vučević,202696,CHI,23.0,,,1,,1.0,,,1,,,,,,,,,,,,,,,,,,,,,,,,,,,,,,,,,,,,,,,,,,,,,,,,,,,,,,,,,,,,,,,,,,,,,,,,,,,,,,,,,,,,,,,,,,1.0,,,,,,,,,,,,,,,,,,,,,,,,,,,,,,,,,,,,,,,,,,,,,,,,,,,,,,,,,,,,,,,,,,,,,,,,,,,,,,1.0,,,,,,,,,,,,,,,,,,,,,,,,,,,,,,,,,,,,,,True,,,,,,,,,,
1630188,1610612741,Jalen Smith,Jalen Smith,1630188,CHI,631.0,11.0,1.0,25,25.0,1.0,11.0,1.0,50,2.0,2.0,,,,,,,,,,,,,,5.0,,,,,2.0,2.0,,5.0,,4.0,24.0,,,,,,,,,,,,4.0,,,,,,5.0,,,,1.0,1.0,1.0,,,,,3.0,,,3.0,1.0,5.0,,5.0,,,,,,,,,,,,,,,,,,,,,,,,,,,1.0,,1.0,1.0,,,,,,1.0,,,0.2857142857142857,,,0.2857142857142857,,,0.7142857142857143,,,,25.925925925925924,,0.14285714285714285,,0.5,,0.3076923076923077,,,,,0.3333333333333333,,0.4,1.0,,,0.2857142857142857,1.0,1.0,1.0,,,,,,,,,,0.7142857142857143,,,,,,,,,,,,,,,1.0,,0.6196785714285714,,,,,,,1.2,24.92,0.04,,,,1.0,,,,,,,,,,,,,,,1.0,,,,,,,,,,,,,,,,,,,True,,,,,,,,,,
1628366,1610612741,Lonzo Ball,Lonzo Ball,1628366,CHI,42414.0,707.0,61.0,1514,1519.0,251.0,345.0,156.0,3033,9.0,18.0,,1.0,6.0,14.0,2.0,7.0,14.0,39.0,2.0,3.0,2.0,8.0,45.0,140.0,5.0,14.0,3.0,22.0,17.0,39.0,59.0,179.0,21.0,232.0,1688.0,,3.0,7.0,17.0,24.0,1.0,4.0,5.0,30.0,10.0,27.0,16.0,18.0,153.0,24.0,,4.0,136.0,45.0,2.0,63.0,46.0,109.0,26.0,20.0,38.0,21.0,4.0,264.0,12.0,9.0,40.0,48.0,89.0,21.0,110.0,3.0,44.0,26.0,18.0,26.0,8.0,25.0,13.0,1.0,,39.0,3.0,4.0,29.0,51.0,1.0,17.0,26.0,,1.0,16.0,8.0,16.0,7.0,,25.0,247.0,4.0,0.47058823529411764,0.47058823529411764,0.864406779661017,0.329608938547486,0.4117647058823529,0.16666666666666666,0.33714285714285713,0.4358974358974359,,0.25,0.48394495412844035,0.525,0.25,0.5065502183406113,0.5714285714285714,0.3375,0.8211009174311926,0.05128205128205128,,,15.736934820904285,0.6666666666666666,0.1307901907356948,0.02786377708978328,0.10075566750629723,0.028846153846153848,0.11518324607329843,0.028416779431664412,0.035211267605633804,0.0234375,0.04,0.14285714285714285,0.1388888888888889,0.08917197452229299,0.14457831325301204,0.022900763358778626,0.4375,0.08256880733944955,0.5,0.5625,0.4444444444444444,0.06422018348623854,0.42857142857142855,0.42857142857142855,0.03211009174311927,0.2857142857142857,0.2857142857142857,0.17889908256880735,0.358974358974359,0.3684210526315789,0.6422018348623854,0.32142857142857145,0.3237410071942446,0.8222222222222222,0.15,0.6666666666666666,0.7,0.35714285714285715,1.0,0.029411764705882353,,0.23529411764705882,0.25,0.6470588235294118,0.13636363636363635,0.9036697247706422,0.33088235294117646,0.5536783018867925,0.5640999999999999,0.5302366666666666,0.02242152466367713,0.025,0.10344827586206896,0.11637931034482758,7.158974358974362,26.73351955307262,0.16578599735799207,,3.0,3.0,1.0,1.0,2.0,1.0,,1.0,2.0,,6.0,,8.0,,,4.0,0.1111111111111111,0.03125,0.018867924528301886,0.02531645569620253,0.08196721311475409,0.3333333333333333,1.0,1.0,0.15,,,,1.0,,,,4.0,0.02185792349726776,1.0,,False,2.0,,0.0111731843575419,0.02564102564102564,,0.007142857142857143,,,,
1628470,1610612741,Torrey Craig,Torrey Craig,1628470,CHI,6772.0,113.0,-28.0,235,238.0,42.0,67.0,27.0,473,4.0,5.0,1.0,1.0,3.0,4.0,,1.0,5.0,13.0,1.0,1.0,,1.0,10.0,22.0,1.0,1.0,,1.0,7.0,10.0,15.0,35.0,3.0,62.0,273.0,2.0,3.0,2.0,2.0,10.0,1.0,1.0,,2.0,2.0,4.0,8.0,6.0,42.0,3.0,2.0,,22.0,10.0,1.0,4.0,1.0,5.0,1.0,,3.0,1.0,,11.0,5.0,2.0,8.0,5.0,17.0,8.0,25.0,,2.0,2.0,,,,,,,,,,,9.0,15.0,3.0,3.0,4.0,,2.0,1.0,,1.0,1.0,,4.0,41.0,,0.5714285714285714,0.6666666666666666,0.9333333333333333,0.42857142857142855,1.0,,0.42857142857142855,0.7,0.6666666666666666,1.0,0.6555555555555556,1.0,0.3333333333333333,0.6595744680851063,1.0,0.5,0.7777777777777778,0.1,0.25,,17.407407407407405,,0.1282051282051282,0.034482758620689655,0.12121212121212122,0.07142857142857142,0.12380952380952381,0.0546875,0.047619047619047616,,0.11764705882352941,0.07142857142857142,0.1875,0.14285714285714285,,,1.0,0.1111111111111111,0.8,0.8,0.5,0.08888888888888889,0.75,1.0,0.022222222222222223,,,0.28888888888888886,0.38461538461538464,0.4166666666666667,0.4888888888888889,0.45454545454545453,0.45454545454545453,0.9,0.2,1.0,0.2,1.0,1.0,0.3333333333333333,1.0,0.3333333333333333,,0.3333333333333333,,0.8888888888888888,0.45454545454545453,0.5514811111111112,0.48944999999999994,0.6263333333333333,0.0425531914893617,0.16666666666666666,0.16129032258064516,0.06451612903225806,5.890000000000001,25.4,0.17872340425531916,1.0,2.0,,4.0,,,,,,1.0,,,,1.0,,,,,0.5,0.05555555555555555,0.05660377358490566,0.1111111111111111,0.6666666666666666,,1.0,0.4,0.5,,1.0,,0.3333333333333333,,,,,1.0,,False,1.0,,0.02857142857142857,0.07692307692307693,,,,,,
1629632,1610612741,Coby White,Coby White,1629632,CHI,110344.0,1839.0,-230.0,3931,3937.0,803.0,1000.0,377.0,7868,130.0,202.0,39.0,59.0,58.0,132.0,11.0,35.0,26.0,68.0,3.0,6.0,6.0,13.0,143.0,383.0,15.0,37.0,28.0,78.0,199.0,369.0,169.0,451.0,185.0,1090.0,4685.0,16.0,21.0,18.0,43.0,96.0,50.0,91.0,34.0,91.0,69.0,271.0,144.0,254.0,387.0,120.0,2.0,7.0,376.0,143.0,50.0,128.0,124.0,252.0,82.0,42.0,77.0,45.0,6.0,628.0,13.0,7.0,96.0,65.0,170.0,20.0,190.0,3.0,50.0,33.0,17.0,74.0,17.0,41.0,60.0,10.0,4.0,134.0,5.0,22.0,55.0,123.0,8.0,185.0,205.0,10.0,81.0,10.0,5.0,10.0,5.0,,267.0,798.0,9.0,0.36180904522613067,0.36363636363636365,0.7633136094674556,0.37472283813747226,0.4186046511627907,0.37362637362637363,0.38063063063063063,0.5392953929539296,0.7619047619047619,0.5494505494505495,0.551829268292683,0.671875,0.554945054945055,0.5984513274336283,0.6811594202898551,0.6314553990610329,0.55,0.13550135501355012,0.14393939393939395,,23.80514705882353,0.5522388059701493,0.07295173961840629,0.009009009009009009,0.10434782608695652,0.012440191387559809,0.08890115958034235,0.010976948408342482,0.011627906976744186,0.00625,0.018115942028985508,0.07396449704142012,0.05555555555555555,0.09610027855153204,0.13366336633663367,0.007772020725388601,0.5,0.24634146341463414,0.6435643564356436,0.7602339181286549,0.4,0.16097560975609757,0.4393939393939394,0.5132743362831859,0.042682926829268296,0.3142857142857143,0.3142857142857143,0.08292682926829269,0.38235294117647056,0.38235294117647056,0.46707317073170734,0.3733681462140992,0.37730870712401055,0.7272727272727273,0.09375,0.5,0.578125,0.40540540540540543,0.8,0.3241758241758242,0.6610169491525424,0.07142857142857142,0.46153846153846156,0.42857142857142855,0.358974358974359,0.7963414634146342,0.3803191489361702,0.5539121771217713,0.52705,0.5449863636363638,0.09943502824858758,0.18925233644859812,0.08807339449541285,0.2486238532110092,5.688617886178862,26.562527716186235,0.20427372169931315,9.0,11.0,10.0,9.0,33.0,5.0,7.0,,2.0,10.0,22.0,19.0,,5.0,,,15.0,0.15346534653465346,0.10465116279069768,0.008849557522123894,0.010403120936280884,0.11464968152866242,0.29310344827586204,0.2727272727272727,0.9615384615384616,0.171875,0.8181818181818182,0.3333333333333333,,12.0,,,1.0,7.0,0.015317286652078774,1.0,,False,4.0,,0.008869179600886918,,,0.010443864229765013,,,,
1630172,1610612741,Patrick Williams,Patrick Williams,1630172,CHI,74001.0,1233.0,-188.0,2642,2663.0,458.0,552.0,255.0,5305,46.0,95.0,7.0,12.0,22.0,65.0,10.0,31.0,19.0,46.0,2.0,3.0,5.0,12.0,55.0,166.0,4.0,12.0,5.0,19.0,78.0,191.0,74.0,212.0,51.0,429.0,3139.0,13.0,28.0,6.0,15.0,51.0,11.0,26.0,10.0,31.0,11.0,63.0,88.0,68.0,219.0,3.0,12.0,,166.0,55.0,28.0,51.0,46.0,97.0,35.0,11.0,25.0,22.0,4.0,240.0,13.0,22.0,87.0,58.0,152.0,35.0,187.0,6.0,35.0,15.0,20.0,33.0,7.0,20.0,31.0,5.0,4.0,64.0,7.0,11.0,36.0,66.0,8.0,54.0,70.0,,33.0,26.0,12.0,28.0,16.0,1.0,63.0,451.0,4.0,0.5641025641025641,0.6111111111111112,0.9864864864864865,0.3490566037735849,0.4,0.3225806451612903,0.3490566037735849,0.4083769633507853,0.4642857142857143,0.4230769230769231,0.46898263027295284,0.5116279069767442,0.45614035087719296,0.4942396313364055,0.5425531914893617,0.4772727272727273,0.5260545905707196,0.14659685863874344,0.18461538461538463,,16.990788126919142,0.515625,0.09602649006622517,0.038461538461538464,0.13530326594090203,0.019726858877086494,0.11627906976744186,0.02843216896831844,0.043137254901960784,0.036036036036036036,0.025806451612903226,0.05761316872427984,0.12109375,0.14145383104125736,0.11194029850746269,0.02727272727272727,0.5714285714285714,0.23573200992555832,0.4842105263157895,0.5822784810126582,0.5652173913043478,0.16129032258064516,0.3384615384615385,0.41509433962264153,0.07692307692307693,0.3225806451612903,0.3225806451612903,0.1141439205955335,0.41304347826086957,0.4222222222222222,0.4119106699751861,0.3313253012048193,0.3333333333333333,0.9818181818181818,0.06976744186046512,0.6666666666666666,0.27906976744186046,0.3333333333333333,0.75,0.21052631578947367,0.5833333333333334,0.21052631578947367,0.4166666666666667,0.3333333333333333,0.2631578947368421,0.7617866004962779,0.3313253012048193,0.5537230769230769,0.5861,0.5490324561403508,0.07906976744186046,0.15207373271889402,0.11888111888111888,0.14685314685314685,6.281151832460734,25.90943396226415,0.17335352006056018,9.0,17.0,7.0,7.0,13.0,,6.0,,5.0,1.0,7.0,4.0,2.0,14.0,,,4.0,0.16842105263157894,0.1206896551724138,0.031578947368421054,0.017857142857142856,0.12380952380952381,0.36363636363636365,1.0,1.0,0.3953488372093023,0.5294117647058824,0.3333333333333333,,7.0,,,,1.0,0.004694835680751174,1.0,,False,2.0,,0.009433962264150943,0.021739130434782608,2.0,0.006024096385542169,3.0,,,
202696,1610612741,Nikola Vučević,Nikola Vučević,202696,CHI,118044.0,1967.0,-154.0,4184,4177.0,678.0,877.0,400.0,8361,150.0,225.0,28.0,36.0,186.0,323.0,24.0,60.0,8.0,24.0,,1.0,2.0,7.0,105.0,258.0,7.0,13.0,13.0,35.0,360.0,608.0,113.0,282.0,103.0,1162.0,4948.0,61.0,113.0,7.0,14.0,158.0,48.0,79.0,15.0,42.0,29.0,170.0,544.0,176.0,336.0,3.0,76.0,1.0,257.0,105.0,32.0,92.0,119.0,211.0,90.0,29.0,66.0,18.0,8.0,541.0,56.0,86.0,211.0,240.0,483.0,143.0,626.0,29.0,50.0,36.0,14.0,59.0,12.0,37.0,42.0,4.0,2.0,101.0,11.0,17.0,95.0,147.0,7.0,150.0,128.0,,62.0,40.0,17.0,41.0,23.0,1.0,170.0,671.0,9.0,0.7555555555555555,0.84472049689441,0.9911504424778761,0.40070921985815605,0.5,0.35714285714285715,0.40213523131672596,0.5921052631578947,0.5398230088495575,0.6075949367088608,0.5949438202247191,0.562992125984252,0.5826446280991735,0.616118769883351,0.5851851851851851,0.6204379562043796,0.31685393258426964,0.05263157894736842,0.04643962848297214,0.016666666666666666,22.451612903225808,0.5841584158415841,0.2502606882168926,0.0945054945054945,0.2038647342995169,0.054901960784313725,0.22617853560682047,0.07357512953367876,0.12219451371571072,0.09141274238227147,0.06589147286821706,0.2900552486187845,0.2371638141809291,0.2078239608801956,0.1889400921658986,0.07611548556430446,0.5609756097560976,0.25280898876404495,0.6666666666666666,0.7177033492822966,0.6533333333333333,0.36292134831460676,0.5758513931888545,0.6038961038961039,0.06741573033707865,0.4,0.4067796610169492,0.02696629213483146,0.3333333333333333,0.3333333333333333,0.2898876404494382,0.4069767441860465,0.4069767441860465,0.9904761904761905,0.007874015748031496,,0.10236220472440945,0.5384615384615384,1.0,0.2975206611570248,0.7777777777777778,0.05785123966942149,0.2857142857142857,0.2892561983471074,0.37142857142857144,0.5696629213483146,0.4085603112840467,0.5242306524184475,0.5559781914893616,0.5248429166666667,0.06652360515021459,0.09538461538461539,0.1359724612736661,0.14629948364888123,6.483881578947368,25.940425531914894,0.16204588910133844,47.0,78.0,15.0,32.0,22.0,2.0,10.0,,18.0,3.0,20.0,11.0,1.0,23.0,,1.0,11.0,0.07111111111111111,0.38095238095238093,0.02702702702702703,0.051181102362204724,0.20212765957446807,0.8118279569892473,0.9583333333333334,1.0,0.6141732283464567,0.6025641025641025,0.0851063829787234,1.0,6.0,0.014925373134328358,,,,,,,False,,1.0,,,1.0,,,,2.0,
1630581,1610612741,Josh Giddey,Josh Giddey,1630581,CHI,97059.0,1618.0,-181.0,3437,3458.0,558.0,641.0,352.0,6895,109.0,190.0,17.0,35.0,80.0,166.0,5.0,20.0,28.0,66.0,4.0,7.0,5.0,11.0,48.0,149.0,6.0,13.0,7.0,23.0,194.0,376.0,76.0,215.0,106.0,722.0,4073.0,17.0,32.0,10.0,20.0,76.0,25.0,55.0,12.0,34.0,38.0,124.0,164.0,224.0,204.0,24.0,20.0,,149.0,48.0,44.0,198.0,167.0,365.0,109.0,58.0,131.0,55.0,12.0,897.0,54.0,38.0,172.0,125.0,317.0,93.0,410.0,22.0,62.0,34.0,28.0,95.0,30.0,69.0,55.0,7.0,6.0,150.0,14.0,19.0,55.0,91.0,6.0,114.0,136.0,,58.0,34.0,17.0,35.0,17.0,,121.0,555.0,6.0,0.422680412371134,0.44565217391304346,0.8947368421052632,0.35348837209302325,0.5,0.35294117647058826,0.35348837209302325,0.5159574468085106,0.53125,0.45454545454545453,0.5211505922165821,0.6153846153846154,0.48314606741573035,0.5511450381679389,0.6551724137931034,0.5535714285714286,0.3637901861252115,0.11702127659574468,0.0963855421686747,0.1,20.9375,0.6333333333333333,0.15625,0.05255878284923928,0.20116959064327486,0.06178489702517163,0.17945619335347432,0.057608015028177834,0.04335260115606936,0.05357142857142857,0.07391304347826087,0.10759493670886076,0.1737891737891738,0.20241691842900303,0.19689119170984457,0.08088235294117647,0.4857142857142857,0.32148900169204736,0.5736842105263158,0.6646341463414634,0.43119266055045874,0.2808798646362098,0.4819277108433735,0.5333333333333333,0.0338409475465313,0.25,0.2777777777777778,0.1116751269035533,0.42424242424242425,0.4375,0.2521150592216582,0.3221476510067114,0.3221476510067114,0.8958333333333334,0.1346153846153846,0.5714285714285714,0.25,0.46153846153846156,1.0,0.39325842696629215,0.4857142857142857,0.12359550561797752,0.45454545454545453,0.25842696629213485,0.30434782608695654,0.6852791878172588,0.3221476510067114,0.5585866328257192,0.5671711538461538,0.5773443820224718,0.090625,0.13647058823529412,0.10526315789473684,0.17174515235457063,5.251861702127658,25.1553488372093,0.1623508874018039,13.0,23.0,12.0,20.0,26.0,2.0,2.0,,4.0,4.0,9.0,15.0,1.0,17.0,1.0,1.0,11.0,0.1368421052631579,0.29411764705882354,0.08247422680412371,0.05745341614906832,0.22556390977443608,0.4,0.6,0.8928571428571429,0.4423076923076923,0.5652173913043478,0.23076923076923078,1.0,4.0,0.014925373134328358,1.0,,,,0.75,,False,2.0,1.0,0.009302325581395349,0.030303030303030304,,,,,,1.0
1641824,1610612741,Matas Buzelis,Matas Buzelis,1641824,CHI,59375.0,990.0,-74.0,2132,2130.0,406.0,472.0,227.0,4262,69.0,123.0,12.0,19.0,22.0,48.0,3.0,8.0,35.0,103.0,2.0,7.0,6.0,16.0,25.0,75.0,3.0,11.0,5.0,15.0,94.0,179.0,60.0,178.0,52.0,420.0,2437.0,7.0,27.0,5.0,18.0,42.0,15.0,31.0,11.0,31.0,9.0,72.0,142.0,46.0,174.0,6.0,8.0,,75.0,25.0,19.0,16.0,23.0,39.0,16.0,7.0,6.0,10.0,,101.0,22.0,16.0,78.0,56.0,145.0,38.0,183.0,13.0,16.0,11.0,5.0,23.0,3.0,7.0,19.0,4.0,6.0,42.0,2.0,10.0,75.0,96.0,6.0,47.0,63.0,,32.0,52.0,19.0,54.0,34.0,,72.0,406.0,6.0,0.7553191489361702,0.7888888888888889,0.9666666666666667,0.33707865168539325,0.2777777777777778,0.3548387096774194,0.33707865168539325,0.5251396648044693,0.25925925925925924,0.4838709677419355,0.5154061624649859,0.32222222222222224,0.5080645161290323,0.5454545454545454,0.40384615384615385,0.5294117647058824,0.49859943977591037,0.10614525139664804,0.10416666666666667,0.125,17.813934084272006,0.5476190476190477,0.1033210332103321,0.03644646924829157,0.15568862275449102,0.03880070546737213,0.12847555129434324,0.03777335984095427,0.045454545454545456,0.030864197530864196,0.04081632653061224,0.11764705882352941,0.09130434782608696,0.16020671834625322,0.14035087719298245,0.07142857142857142,0.6296296296296297,0.3445378151260504,0.5609756097560976,0.6272727272727273,0.7971014492753623,0.13445378151260504,0.4583333333333333,0.5116279069767442,0.022408963585434174,0.375,0.42857142857142855,0.28851540616246496,0.33980582524271846,0.3431372549019608,0.21008403361344538,0.3333333333333333,0.3333333333333333,0.96,0.15555555555555556,0.2857142857142857,0.24444444444444444,0.2727272727272727,1.0,0.3064516129032258,0.631578947368421,0.25806451612903225,0.375,0.24193548387096775,0.3333333333333333,0.8431372549019608,0.3333333333333333,0.5823661064425771,0.5755788461538462,0.5433104838709678,0.08333333333333333,0.1553398058252427,0.1,0.17142857142857143,3.8553072625698315,24.3320224719101,0.1904315196998124,7.0,24.0,13.0,11.0,16.0,2.0,,1.0,2.0,2.0,5.0,1.0,2.0,32.0,2.0,,1.0,0.10569105691056911,0.21568627450980393,0.017543859649122806,0.0380952380952381,0.0945945945945946,0.5909090909090909,1.0,0.9714285714285714,0.5333333333333333,0.2916666666666667,0.42857142857142855,,3.0,,,,,,1.0,1.0,False,1.0,,0.0056179775280898875,0.009708737864077669,,,2.0,,,
203897,1610612741,Zach LaVine,Zach LaVine,203897,CHI,85923.0,1432.0,10.0,3054,3063.0,505.0,642.0,282.0,6117,155.0,227.0,24.0,40.0,23.0,56.0,49.0,122.0,22.0,52.0,4.0,7.0,1.0,2.0,114.0,253.0,10.0,12.0,19.0,46.0,227.0,405.0,136.0,305.0,145.0,1007.0,3557.0,13.0,23.0,14.0,19.0,73.0,35.0,72.0,20.0,48.0,40.0,170.0,214.0,240.0,210.0,198.0,4.0,,253.0,114.0,26.0,117.0,72.0,189.0,51.0,21.0,64.0,45.0,8.0,450.0,11.0,1.0,112.0,70.0,190.0,12.0,202.0,1.0,39.0,28.0,11.0,77.0,17.0,40.0,44.0,8.0,4.0,121.0,7.0,22.0,43.0,64.0,2.0,143.0,182.0,9.0,83.0,7.0,5.0,10.0,5.0,,169.0,501.0,4.0,0.4713656387665198,0.47555555555555556,0.5147058823529411,0.4459016393442623,0.7368421052631579,0.4166666666666667,0.4459016393442623,0.5604938271604938,0.5652173913043478,0.4861111111111111,0.6070422535211267,0.8095238095238095,0.5416666666666666,0.6348600508905853,0.7934782608695652,0.5921985815602837,0.4295774647887324,0.06419753086419754,0.03571428571428571,0.01639344262295082,26.757235676314234,0.6363636363636364,0.10014306151645208,0.001524390243902439,0.14035087719298245,0.015235457063711912,0.12157648630594522,0.008708272859216255,0.0033003300330033004,,0.03333333333333333,0.05818181818181818,0.10380622837370242,0.13964686998394862,0.14285714285714285,0.003205128205128205,0.5,0.31971830985915495,0.6828193832599119,0.7560975609756098,0.5806451612903226,0.07887323943661972,0.4107142857142857,0.42592592592592593,0.17183098591549295,0.4016393442622951,0.4083333333333333,0.07323943661971831,0.4230769230769231,0.43137254901960786,0.3563380281690141,0.4505928853754941,0.4523809523809524,0.45614035087719296,0.16666666666666666,0.5714285714285714,0.2857142857142857,0.8333333333333334,0.8,0.3333333333333333,0.6,0.016666666666666666,0.5,0.38333333333333336,0.41304347826086957,0.7492957746478873,0.4505928853754941,0.5693419014084506,0.5859357142857144,0.54852,0.11068211068211069,0.17697228144989338,0.07249255213505462,0.16881827209533268,7.520987654320988,26.017704918032795,0.16535690897184022,12.0,15.0,5.0,8.0,37.0,1.0,1.0,,2.0,1.0,19.0,9.0,3.0,2.0,,,7.0,0.09691629955947137,0.11267605633802817,,0.00922509225092251,0.17777777777777778,0.30434782608695654,0.20408163265306123,0.8181818181818182,0.35714285714285715,0.8,0.5,,10.0,,,,3.0,0.00974025974025974,1.0,,False,2.0,1.0,0.006557377049180328,0.019230769230769232,3.0,0.003952569169960474,,,,1.0
1629659,1610612741,Talen Horton-Tucker,Talen Horton-Tucker,1629659,CHI,30897.0,515.0,-18.0,1100,1123.0,269.0,304.0,109.0,2223,48.0,92.0,13.0,21.0,11.0,25.0,,1.0,11.0,21.0,1.0,3.0,1.0,3.0,24.0,70.0,3.0,7.0,5.0,19.0,59.0,118.0,35.0,91.0,37.0,260.0,1280.0,4.0,12.0,4.0,10.0,23.0,17.0,28.0,6.0,22.0,8.0,60.0,46.0,72.0,93.0,12.0,6.0,,70.0,24.0,12.0,32.0,26.0,58.0,16.0,10.0,18.0,13.0,1.0,142.0,7.0,7.0,31.0,30.0,66.0,15.0,81.0,5.0,17.0,5.0,12.0,17.0,3.0,10.0,16.0,3.0,,33.0,3.0,7.0,23.0,48.0,3.0,39.0,54.0,2.0,24.0,9.0,5.0,10.0,9.0,,60.0,269.0,3.0,0.3898305084745763,0.4107142857142857,0.8857142857142857,0.38461538461538464,0.4,0.2727272727272727,0.38461538461538464,0.5,0.3333333333333333,0.6071428571428571,0.5334928229665071,0.45454545454545453,0.52,0.555793991416309,0.46,0.5263157894736842,0.4354066985645933,0.1016949152542373,0.08,,21.608448415922012,0.5151515151515151,0.11583011583011583,0.030973451327433628,0.1099290780141844,0.025547445255474453,0.11275415896487985,0.028,0.037037037037037035,0.029411764705882353,0.031746031746031744,0.1320754716981132,0.10084033613445378,0.0867579908675799,0.19047619047619047,0.049019607843137254,0.9,0.44019138755980863,0.5217391304347826,0.5853658536585366,0.3958333333333333,0.11961722488038277,0.44,0.4782608695652174,0.004784688995215311,,,0.10047846889952153,0.5238095238095238,0.5238095238095238,0.3349282296650718,0.34285714285714286,0.34285714285714286,0.875,0.13636363636363635,0.3333333333333333,0.3181818181818182,0.42857142857142855,1.0,0.42,0.6190476190476191,0.06,0.3333333333333333,0.38,0.2631578947368421,0.8755980861244019,0.34285714285714286,0.5921260765550239,0.6084192307692308,0.582185,0.10480349344978165,0.17391304347826086,0.08846153846153847,0.23076923076923078,3.0771186440677964,25.604395604395595,0.24454545454545454,4.0,9.0,3.0,5.0,7.0,4.0,1.0,1.0,3.0,2.0,4.0,4.0,1.0,4.0,1.0,,4.0,0.10869565217391304,0.18518518518518517,,0.023696682464454975,0.11764705882352941,0.36363636363636365,,0.9090909090909091,0.4090909090909091,0.4444444444444444,0.25,1.0,5.0,0.034482758620689655,,,,,1.0,,False,,,,,,,1.0,,,
1631207,1610612741,Dalen Terry,Dalen Terry,1631207,CHI,40605.0,677.0,-168.0,1441,1450.0,324.0,355.0,163.0,2891,48.0,78.0,11.0,17.0,7.0,26.0,1.0,4.0,11.0,30.0,1.0,3.0,2.0,7.0,12.0,33.0,2.0,4.0,1.0,7.0,56.0,108.0,23.0,63.0,38.0,219.0,1696.0,9.0,17.0,3.0,7.0,33.0,13.0,23.0,3.0,14.0,13.0,48.0,64.0,48.0,69.0,,10.0,,33.0,12.0,14.0,31.0,32.0,63.0,23.0,9.0,21.0,9.0,1.0,158.0,18.0,12.0,21.0,28.0,51.0,30.0,81.0,5.0,24.0,12.0,12.0,23.0,7.0,15.0,16.0,,5.0,39.0,,6.0,45.0,82.0,6.0,44.0,56.0,,25.0,11.0,3.0,13.0,10.0,,48.0,324.0,4.0,0.5714285714285714,0.6274509803921569,1.0,0.36507936507936506,0.42857142857142855,0.21428571428571427,0.36507936507936506,0.5185185185185185,0.5294117647058824,0.5652173913043478,0.5292397660818714,0.5625,0.47297297297297297,0.5586734693877551,0.6111111111111112,0.5217391304347826,0.3684210526315789,0.12962962962962962,0.23076923076923078,,14.294403892944038,0.5897435897435898,0.08187134502923976,0.03636363636363636,0.06687898089171974,0.04466501240694789,0.07469512195121951,0.040927694406548434,0.055900621118012424,0.008771929824561403,0.06363636363636363,0.07801418439716312,0.07547169811320754,0.05603448275862069,0.0975609756097561,0.06666666666666667,0.7692307692307693,0.45614035087719296,0.6153846153846154,0.6857142857142857,0.5416666666666666,0.15204678362573099,0.2692307692307692,0.35,0.023391812865497075,0.25,0.25,0.17543859649122806,0.36666666666666664,0.36666666666666664,0.19298245614035087,0.36363636363636365,0.36363636363636365,1.0,0.125,0.3333333333333333,0.16666666666666666,0.5,1.0,0.4594594594594595,0.6470588235294118,0.1891891891891892,0.2857142857142857,0.1891891891891892,0.14285714285714285,0.8245614035087719,0.36363636363636365,0.5944608187134499,0.5824333333333332,0.5957067567567568,0.13020833333333334,0.1937984496124031,0.1506849315068493,0.2191780821917808,3.386111111111111,24.60317460317461,0.2248438584316447,9.0,15.0,6.0,2.0,8.0,,1.0,,2.0,2.0,4.0,4.0,2.0,7.0,1.0,,4.0,0.10256410256410256,0.05128205128205128,0.03636363636363636,0.03754266211604096,0.11904761904761904,0.8571428571428571,,1.0,0.625,0.6,0.2222222222222222,,3.0,,1.0,,,,1.0,1.0,False,,,,,1.0,,,,,
1630188,1610612741,Jalen Smith,Jalen Smith,1630188,CHI,51533.0,859.0,-64.0,1824,1859.0,381.0,420.0,203.0,3683,80.0,118.0,11.0,16.0,17.0,31.0,1.0,7.0,12.0,37.0,,2.0,,4.0,56.0,163.0,2.0,11.0,10.0,28.0,98.0,156.0,68.0,200.0,65.0,465.0,2125.0,29.0,48.0,2.0,13.0,80.0,13.0,23.0,10.0,32.0,18.0,74.0,136.0,60.0,204.0,,52.0,1.0,161.0,55.0,13.0,33.0,21.0,54.0,15.0,6.0,19.0,10.0,4.0,129.0,29.0,49.0,110.0,109.0,234.0,79.0,313.0,3.0,15.0,12.0,3.0,12.0,4.0,8.0,22.0,2.0,1.0,34.0,1.0,6.0,54.0,89.0,6.0,76.0,79.0,,38.0,41.0,11.0,41.0,25.0,,74.0,381.0,2.0,0.6938775510204082,0.9444444444444444,1.0,0.34,0.15384615384615385,0.3125,0.33668341708542715,0.6282051282051282,0.6041666666666666,0.5652173913043478,0.5617977528089888,0.5245901639344263,0.509090909090909,0.5946291560102301,0.5714285714285714,0.5606060606060606,0.5617977528089888,0.08333333333333333,0.03225806451612903,,20.59252064108791,0.35294117647058826,0.24222222222222223,0.13649025069637882,0.24663677130044842,0.054613935969868174,0.24441964285714285,0.08764044943820225,0.16842105263157894,0.13008130081300814,0.07462686567164178,0.20103092783505155,0.2783018867924528,0.25671641791044775,0.21621621621621623,0.017241379310344827,0.6097560975609756,0.33146067415730335,0.6779661016949152,0.7547169811320755,0.675,0.08707865168539326,0.5483870967741935,0.5666666666666667,0.019662921348314606,0.14285714285714285,0.14285714285714285,0.10393258426966293,0.32432432432432434,0.32432432432432434,0.45786516853932585,0.34355828220858897,0.34355828220858897,1.0,0.03278688524590164,,0.18032786885245902,0.18181818181818182,1.0,0.2909090909090909,0.6875,0.07272727272727272,,0.509090909090909,0.35714285714285715,0.8932584269662921,0.3416149068322981,0.578507042253521,0.5858718749999999,0.5672620370370369,0.09895833333333333,0.20652173913043478,0.17204301075268819,0.15913978494623657,3.164102564102563,25.593999999999987,0.20888157894736842,28.0,42.0,16.0,15.0,4.0,2.0,10.0,3.0,18.0,4.0,10.0,7.0,,30.0,,,6.0,0.1016949152542373,0.28846153846153844,0.021739130434782608,0.04785894206549118,0.25,0.7647058823529411,1.0,1.0,0.6885245901639344,0.6666666666666666,0.07142857142857142,1.0,1.0,0.029411764705882353,,,,,,,False,,,,,,,1.0,1.0,,
1630245,1610612741,Ayo Dosunmu,Ayo Dosunmu,1630245,CHI,81887.0,1365.0,-235.0,2901,2913.0,520.0,665.0,276.0,5814,121.0,183.0,27.0,38.0,32.0,66.0,1.0,4.0,27.0,76.0,3.0,8.0,1.0,9.0,35.0,111.0,7.0,17.0,3.0,15.0,154.0,253.0,62.0,187.0,60.0,554.0,3522.0,6.0,17.0,10.0,25.0,47.0,30.0,48.0,4.0,24.0,22.0,94.0,168.0,140.0,174.0,12.0,10.0,,111.0,35.0,32.0,114.0,91.0,205.0,66.0,25.0,72.0,38.0,4.0,501.0,11.0,15.0,75.0,54.0,130.0,26.0,156.0,7.0,41.0,28.0,13.0,38.0,12.0,27.0,28.0,5.0,3.0,66.0,3.0,11.0,52.0,105.0,2.0,61.0,75.0,2.0,33.0,18.0,8.0,18.0,7.0,,94.0,516.0,9.0,0.5454545454545454,0.5637583892617449,0.9354838709677419,0.3315508021390374,0.4,0.16666666666666666,0.3315508021390374,0.6086956521739131,0.35294117647058826,0.625,0.5613636363636364,0.5,0.5,0.5859872611464968,0.5222222222222223,0.5662650602409639,0.425,0.12648221343873517,0.09090909090909091,,16.630468507601616,0.5757575757575758,0.08095952023988005,0.025252525252525252,0.1085383502170767,0.01456953642384106,0.09499263622974963,0.01927353595255745,0.027586206896551724,0.023474178403755867,0.014285714285714285,0.055944055944055944,0.09642857142857143,0.10486891385767791,0.12101910828025478,0.03825136612021858,0.3888888888888889,0.4159090909090909,0.6612021857923497,0.7707006369426752,0.5289256198347108,0.15,0.48484848484848486,0.5333333333333333,0.00909090909090909,0.25,0.25,0.17272727272727273,0.35526315789473684,0.35526315789473684,0.25227272727272726,0.3153153153153153,0.3211009174311927,0.8857142857142857,0.19047619047619047,0.375,0.40476190476190477,0.4117647058823529,1.0,0.5277777777777778,0.7105263157894737,0.125,0.1111111111111111,0.20833333333333334,0.2,0.8409090909090909,0.3153153153153153,0.5966931818181819,0.5523458333333332,0.5967583333333332,0.07127429805615551,0.11956521739130435,0.08483754512635379,0.16967509025270758,3.435573122529645,24.850802139037445,0.1792485349879352,6.0,14.0,5.0,1.0,11.0,2.0,,,3.0,3.0,10.0,8.0,,10.0,,,7.0,0.14207650273224043,0.013888888888888888,0.02197802197802198,0.014678899082568808,0.10891089108910891,0.59375,1.0,1.0,0.3333333333333333,0.42857142857142855,0.16666666666666666,,4.0,,,,,,1.0,,False,2.0,,0.0106951871657754,,,0.018018018018018018,3.0,,,
1628975,1610612741,Jevon Carter,Jevon Carter,1628975,CHI,12558.0,209.0,24.0,459,450.0,163.0,178.0,51.0,909,4.0,8.0,2.0,3.0,7.0,13.0,2.0,2.0,5.0,13.0,,2.0,,5.0,16.0,46.0,1.0,5.0,8.0,20.0,13.0,23.0,21.0,59.0,8.0,97.0,513.0,2.0,2.0,1.0,7.0,7.0,3.0,6.0,8.0,25.0,1.0,31.0,16.0,10.0,51.0,12.0,,,46.0,16.0,2.0,21.0,6.0,27.0,5.0,1.0,14.0,6.0,1.0,60.0,1.0,1.0,12.0,10.0,24.0,2.0,26.0,,8.0,6.0,2.0,5.0,1.0,2.0,3.0,2.0,,8.0,1.0,5.0,4.0,10.0,,7.0,10.0,,3.0,1.0,,1.0,1.0,,31.0,163.0,1.0,0.6153846153846154,0.6153846153846154,0.8095238095238095,0.3559322033898305,0.14285714285714285,0.32,0.3559322033898305,0.5652173913043478,1.0,0.5,0.5426829268292683,0.3888888888888889,0.4838709677419355,0.563953488372093,0.3888888888888889,0.484375,0.7195121951219512,0.08695652173913043,0.07692307692307693,,18.217054263565892,0.625,0.10638297872340426,0.011235955056179775,0.0967741935483871,0.00819672131147541,0.10091743119266056,0.009478672985781991,0.0196078431372549,,0.043478260869565216,0.023809523809523808,0.17777777777777778,0.0967741935483871,0.0967741935483871,,1.0,0.0975609756097561,0.5,0.5714285714285714,0.25,0.15853658536585366,0.5384615384615384,0.5833333333333334,0.024390243902439025,1.0,1.0,0.15853658536585366,0.38461538461538464,0.4166666666666667,0.5609756097560976,0.34782608695652173,0.34782608695652173,0.75,0.2222222222222222,,0.5555555555555556,0.2,1.0,0.0967741935483871,0.6666666666666666,0.16129032258064516,,0.6451612903225806,0.4,0.8170731707317073,0.34782608695652173,0.5262878048780488,0.49453888888888886,0.5183548387096774,0.058823529411764705,0.11538461538461539,0.07216494845360824,0.31958762886597936,6.813043478260869,25.27457627118644,0.355119825708061,,,,2.0,3.0,,,,,,,1.0,,,,,1.0,0.125,0.125,,,0.14285714285714285,0.8571428571428571,0.5,1.0,,,,,,,,2.0,2.0,0.03389830508474576,,1.0,False,1.0,,0.01694915254237288,0.07692307692307693,,,,,,
1628989,1610612741,Kevin Huerter,Kevin Huerter,1628989,CHI,18355.0,306.0,8.0,649,652.0,173.0,168.0,66.0,1301,13.0,18.0,1.0,3.0,7.0,10.0,,4.0,8.0,17.0,,2.0,3.0,6.0,16.0,58.0,,5.0,6.0,14.0,20.0,32.0,24.0,75.0,8.0,120.0,748.0,3.0,5.0,,7.0,8.0,4.0,8.0,9.0,20.0,2.0,37.0,24.0,16.0,63.0,9.0,4.0,,58.0,16.0,1.0,14.0,15.0,29.0,12.0,3.0,12.0,1.0,1.0,73.0,4.0,1.0,18.0,18.0,38.0,5.0,43.0,1.0,15.0,9.0,6.0,10.0,3.0,9.0,5.0,1.0,,15.0,1.0,6.0,13.0,26.0,2.0,11.0,11.0,,4.0,4.0,1.0,4.0,3.0,,37.0,173.0,,0.6,0.6666666666666666,0.875,0.32,,0.45,0.32,0.625,0.6,0.5,0.5233644859813084,0.25,0.625,0.5357142857142857,0.3076923076923077,0.6166666666666667,0.7009345794392523,0.03125,0.1,,17.517241379310345,0.6666666666666666,0.10588235294117647,0.007936507936507936,0.11612903225806452,0.023255813953488372,0.11076923076923077,0.016778523489932886,0.017857142857142856,,,0.0967741935483871,0.125,0.12195121951219512,0.09375,0.01639344262295082,0.75,0.16822429906542055,0.7222222222222222,0.7222222222222222,0.6923076923076923,0.09345794392523364,0.7,0.7777777777777778,0.037383177570093455,,,0.1588785046728972,0.47058823529411764,0.47058823529411764,0.5420560747663551,0.27586206896551724,0.2807017543859649,0.875,0.16666666666666666,,0.4166666666666667,,,0.10714285714285714,0.3333333333333333,0.21428571428571427,0.5,0.5,0.42857142857142855,0.8691588785046729,0.27586206896551724,0.553721495327103,0.5095833333333334,0.5502285714285714,0.044642857142857144,0.1111111111111111,0.06666666666666667,0.30833333333333335,5.75625,25.358666666666668,0.2665639445300462,2.0,4.0,2.0,2.0,1.0,,,,1.0,3.0,,,,2.0,,,,,0.16666666666666666,,0.031007751937984496,0.07142857142857142,0.42857142857142855,,0.875,0.3333333333333333,0.5,,,1.0,,,,1.0,0.013157894736842105,,1.0,False,1.0,1.0,0.013333333333333334,,,0.017241379310344827,,,,
1641763,1610612741,Julian Phillips,Julian Phillips,1641763,CHI,50645.0,844.0,-56.0,1769,1780.0,397.0,429.0,196.0,3549,46.0,76.0,13.0,18.0,11.0,24.0,,1.0,27.0,76.0,1.0,5.0,7.0,17.0,6.0,36.0,,4.0,1.0,9.0,57.0,101.0,33.0,112.0,42.0,255.0,2076.0,18.0,30.0,1.0,9.0,48.0,17.0,25.0,8.0,26.0,13.0,71.0,76.0,38.0,99.0,,28.0,,36.0,6.0,10.0,10.0,15.0,25.0,14.0,1.0,3.0,7.0,,65.0,29.0,25.0,39.0,25.0,69.0,54.0,123.0,9.0,28.0,16.0,12.0,10.0,1.0,6.0,13.0,3.0,3.0,23.0,1.0,4.0,45.0,84.0,7.0,45.0,57.0,,28.0,15.0,5.0,15.0,12.0,,71.0,397.0,10.0,0.6666666666666666,0.8837209302325582,1.0,0.29464285714285715,0.1111111111111111,0.3076923076923077,0.29464285714285715,0.5643564356435643,0.6,0.68,0.5,0.5,0.5686274509803921,0.5379746835443038,0.5454545454545454,0.5916666666666667,0.5258215962441315,0.09900990099009901,0.041666666666666664,,13.019529293940913,0.43478260869565216,0.062034739454094295,0.06702412868632708,0.08590308370044053,0.06183368869936034,0.07467911318553092,0.06413301662707839,0.11891891891891893,0.020134228187919462,0.035398230088495575,0.09580838323353294,0.038461538461538464,0.08454810495626822,0.09009009009009009,0.08181818181818182,0.8,0.3568075117370892,0.6052631578947368,0.6865671641791045,0.6304347826086957,0.11267605633802817,0.4583333333333333,0.4782608695652174,0.004694835680751174,,,0.3568075117370892,0.35526315789473684,0.3698630136986301,0.16901408450704225,0.16666666666666666,0.16666666666666666,1.0,0.1282051282051282,0.2,0.10256410256410256,,,0.35294117647058826,0.7222222222222222,0.3333333333333333,0.4117647058823529,0.17647058823529413,0.1111111111111111,0.8826291079812206,0.16666666666666666,0.5976715962441314,0.6077620689655172,0.5815666666666667,0.1206896551724138,0.23333333333333334,0.18823529411764706,0.2784313725490196,2.7178217821782185,24.171428571428578,0.22442057659694742,17.0,28.0,9.0,5.0,4.0,,1.0,,5.0,4.0,9.0,5.0,,10.0,,2.0,5.0,0.11842105263157894,0.11627906976744186,,0.0702247191011236,0.037037037037037035,0.8181818181818182,,1.0,0.717948717948718,0.6071428571428571,0.11764705882352941,,1.0,,,,,,1.0,,False,3.0,,0.026785714285714284,0.039473684210526314,,,,,,
1630537,1610612741,Chris Duarte,Chris Duarte,1630537,CHI,4467.0,74.0,12.0,167,164.0,101.0,67.0,23.0,331,4.0,8.0,3.0,5.0,2.0,3.0,,,2.0,2.0,,,1.0,1.0,4.0,13.0,2.0,4.0,2.0,9.0,6.0,11.0,6.0,15.0,6.0,36.0,169.0,1.0,2.0,2.0,4.0,9.0,3.0,5.0,3.0,10.0,4.0,19.0,8.0,4.0,12.0,6.0,,,13.0,4.0,1.0,8.0,1.0,9.0,1.0,,6.0,2.0,,19.0,3.0,2.0,8.0,7.0,15.0,5.0,20.0,,,,,1.0,,,,,,1.0,,1.0,3.0,7.0,,6.0,8.0,,4.0,,,,,,19.0,101.0,2.0,0.6666666666666666,0.6666666666666666,0.6666666666666666,0.4,0.5,0.3,0.4,0.5454545454545454,0.5,0.6,0.5769230769230769,0.6666666666666666,0.5,0.6206896551724138,0.75,0.5277777777777778,0.5769230769230769,0.09090909090909091,,,15.544041450777202,1.0,0.17073170731707318,0.0625,0.19047619047619047,0.07142857142857142,0.18072289156626506,0.06756756756756757,0.04,,0.25,0.21739130434782608,0.07692307692307693,0.20689655172413793,0.15384615384615385,,,0.3076923076923077,0.5,0.5714285714285714,0.5,0.11538461538461539,0.6666666666666666,0.6666666666666666,,,,0.07692307692307693,1.0,1.0,0.5,0.3076923076923077,0.3076923076923077,0.5,,,0.6666666666666666,0.5,0.5,0.3333333333333333,0.6,0.06666666666666667,1.0,0.6,0.2222222222222222,0.8846153846153846,0.3076923076923077,0.5549307692307691,0.4581375,0.58422,0.14285714285714285,0.3076923076923077,0.25,0.5277777777777778,2.8090909090909095,25.733333333333334,0.6047904191616766,,1.0,1.0,,1.0,,,,,1.0,2.0,1.0,,,,,1.0,0.125,,1.0,0.05263157894736842,0.2,1.0,,1.0,0.16666666666666666,,,,,,,,,,,,False,,,,,,,,,,
1630604,1610612741,E.J. Liddell,E.J. Liddell,1630604,CHI,1974.0,33.0,5.0,75,74.0,31.0,38.0,7.0,149,,,,,2.0,2.0,,,,,,,,,3.0,8.0,,,2.0,4.0,2.0,2.0,3.0,8.0,2.0,15.0,88.0,,,,,,2.0,2.0,2.0,4.0,2.0,12.0,4.0,,9.0,,,,8.0,3.0,,,3.0,3.0,3.0,,,,,9.0,1.0,,3.0,1.0,4.0,1.0,5.0,,1.0,1.0,,1.0,,,1.0,,,2.0,,1.0,2.0,8.0,,1.0,2.0,,1.0,1.0,1.0,1.0,,,12.0,31.0,2.0,1.0,1.0,1.0,0.375,,0.5,0.375,1.0,,1.0,0.65,,0.8333333333333334,0.6818181818181818,,0.8571428571428571,0.8,,,,15.66265060240964,0.5,0.058823529411764705,,0.15789473684210525,0.05,0.1111111111111111,0.037037037037037035,,,0.2,0.09090909090909091,,0.14285714285714285,0.2,,,,,,,0.2,1.0,1.0,,,,,,,0.8,0.375,0.375,1.0,,,,,,,,,,0.6666666666666666,0.5,0.8,0.375,0.48217499999999996,,0.460075,0.09090909090909091,0.3333333333333333,,0.8,10.600000000000001,26.7875,0.41333333333333333,,,,,1.0,,1.0,,,,,,,,,,,,,,,,1.0,,,,,,,,,,,,,,,False,,,,,,,1.0,,,
1641766,1610612741,Adama Sanogo,Adama Sanogo,1641766,CHI,1289.0,21.0,-5.0,46,43.0,13.0,18.0,6.0,89,3.0,5.0,1.0,1.0,1.0,2.0,,,,,,,,,,,,,,,4.0,7.0,,,,8.0,55.0,2.0,3.0,,,4.0,2.0,3.0,,,,4.0,4.0,4.0,,,4.0,,,,1.0,1.0,,1.0,,,1.0,,,2.0,2.0,3.0,1.0,,1.0,5.0,6.0,,,,,1.0,,,,,,1.0,,,1.0,1.0,,1.0,,,,,,,,,4.0,13.0,,0.5,1.0,,,,,,0.5714285714285714,0.6666666666666666,0.6666666666666666,0.5714285714285714,0.6666666666666666,0.6666666666666666,0.5714285714285714,0.6666666666666666,0.6666666666666666,,0.14285714285714285,,,15.384615384615383,1.0,,0.3,0.14285714285714285,0.16666666666666666,0.05555555555555555,0.22727272727272727,0.375,,0.25,,,0.16666666666666666,,,,0.7142857142857143,0.6,0.75,0.3333333333333333,0.2857142857142857,0.5,0.5,,,,,,,,,,,,,,,,0.3333333333333333,1.0,,,,,0.7142857142857143,,0.6064285714285714,0.6230333333333333,0.48150000000000004,,,0.5,0.5,2.085714285714286,,0.2826086956521739,2.0,3.0,,,1.0,,,,,,,,,,,,,0.2,,,0.125,,1.0,,,1.0,0.6666666666666666,,,,,,,,,,,False,,,,,,,,,,
1630200,1610612741,Tre Jones,Tre Jones,1630200,CHI,15552.0,259.0,-8.0,555,557.0,127.0,152.0,49.0,1112,29.0,39.0,6.0,7.0,18.0,29.0,,1.0,4.0,7.0,,,1.0,2.0,3.0,5.0,1.0,1.0,3.0,3.0,47.0,69.0,7.0,12.0,24.0,139.0,669.0,4.0,4.0,1.0,1.0,14.0,10.0,13.0,4.0,5.0,4.0,36.0,46.0,48.0,21.0,,2.0,,5.0,3.0,8.0,22.0,32.0,54.0,22.0,10.0,15.0,4.0,3.0,140.0,7.0,4.0,14.0,7.0,21.0,11.0,32.0,1.0,11.0,6.0,5.0,5.0,,3.0,4.0,2.0,1.0,9.0,,2.0,4.0,14.0,1.0,25.0,25.0,,13.0,4.0,2.0,4.0,2.0,,36.0,127.0,1.0,0.48936170212765956,0.5,1.0,0.5833333333333334,1.0,0.8,0.5833333333333334,0.6811594202898551,1.0,0.7692307692307693,0.7098765432098766,1.1,0.8888888888888888,0.7554347826086957,1.0,0.9,0.14814814814814814,0.11594202898550725,0.10344827586206896,,16.476345840130506,0.5555555555555556,0.05,0.03773584905660377,0.11475409836065574,0.05263157894736842,0.08015267175572519,0.04602510460251046,,0.07692307692307693,0.06060606060606061,0.034482758620689655,0.04918032786885246,0.11224489795918367,0.125,0.05555555555555555,0.5,0.48148148148148145,0.7435897435897436,0.8529411764705882,0.4482758620689655,0.35802469135802467,0.6206896551724138,0.6923076923076923,0.012345679012345678,,,0.08641975308641975,0.5714285714285714,0.5714285714285714,0.06172839506172839,0.6,0.6,1.0,,,0.2,1.0,1.0,0.3888888888888889,0.8571428571428571,0.1111111111111111,0.5,0.16666666666666666,1.0,0.6296296296296297,0.6,0.5555358024691358,0.5457,0.5638305555555555,0.14285714285714285,0.16455696202531644,0.10071942446043165,0.2589928057553957,4.469565217391303,24.28333333333333,0.22882882882882882,3.0,3.0,3.0,,2.0,,1.0,1.0,,4.0,3.0,1.0,,2.0,,,1.0,0.1282051282051282,,,0.05,0.09523809523809523,0.5555555555555556,,1.0,0.6,1.0,0.3333333333333333,,,,,,,,,,False,,,,,,,,,,
1641801,1610612741,Emanuel Miller,Emanuel Miller,1641801,CHI,143.0,2.0,-3.0,5,5.0,,5.0,,10,,,,,,,,,,,,,,,,,,,,,,,,,,,7.0,,,,,,,,,,,,,,,,,,,,,,,,,,,,,,,,,,,,,,,,,,,,,,,,,,,,,,,,,,,,,,,,,,,,,,,,,,,,,,,,,,,,,,,,,,,,,,,,,,,,,,,,,,,,,,,,,,,,,,,,,,,,,,,,,,,,,,,,,,,,,,,,,,,,,,,,,,,,,,,,,,,,,,,,,,,,,,,,,,,False,,,,,,,,,,
1642443,1610612741,Jahmir Young,Jahmir Young,1642443,CHI,143.0,2.0,-3.0,5,5.0,,5.0,,10,,,,,,,,,,,,,,,,,,,,,,,,,,,7.0,,,,,,,,,,,,,,,,,,,,,1.0,,1.0,,,1.0,,,2.0,,,1.0,,1.0,,1.0,,,,,,,,,,,,,,,,,,,,,,,,,,,,,,,,,,,,,,,,,,,,,,,,,,,,,0.5,,0.5,,,,,,,1.0,,,,,,,,,,,,,,,,,,,,,,,,,,,,,,,,,,,,,,,,,,,,,,,,,,,,,,,,,,,,,,,,,,,,,,,,,,,,,,,,,False,,,,,,,,,,
