EntityId,TeamId,Name,ShortName,RowId,TeamAbbreviation,SecondsPlayed,Minutes,PlusMinus,OffPoss,DefPoss,PenaltyOffPoss,PenaltyDefPoss,SecondChanceOffPoss,TotalPoss,AtRimFGM,AtRimFGA,SecondChanceAtRimFGM,SecondChanceAtRimFGA,PenaltyAtRimFGM,PenaltyAtRimFGA,ShortMidRangeFGM,ShortMidRangeFGA,LongMidRangeFGM,LongMidRangeFGA,Corner3FGM,Corner3FGA,SecondChanceCorner3FGM,SecondChanceCorner3FGA,PenaltyCorner3FGM,PenaltyCorner3FGA,Arc3FGM,Arc3FGA,PenaltyArc3FGA,FG2M,FG2A,FG3M,FG3A,FtPoints,Points,OpponentPoints,SecondChanceFG2M,SecondChanceFG2A,SecondChanceFG3M,SecondChanceFG3A,SecondChancePoints,PenaltyFG2M,PenaltyFG2A,PenaltyFG3M,PenaltyFG3A,PenaltyFtPoints,PenaltyPoints,PtsAssisted2s,PtsUnassisted2s,PtsAssisted3s,PtsUnassisted3s,PtsPutbacks,NonHeaveArc3FGA,NonHeaveArc3FGM,Fg2aBlocked,TwoPtAssists,ThreePtAssists,Assists,Arc3Assists,Corner3Assists,AtRimAssists,ShortMidRangeAssists,LongMidRangeAssists,AssistPoints,OffThreePtRebounds,OffTwoPtRebounds,DefThreePtRebounds,DefTwoPtRebounds,DefRebounds,OffRebounds,Rebounds,SelfOReb,Steals,BadPassSteals,LostBallSteals,LiveBallTurnovers,BadPassOutOfBoundsTurnovers,BadPassTurnovers,DeadBallTurnovers,LostBallOutOfBoundsTurnovers,LostBallTurnovers,StepOutOfBoundsTurnovers,Turnovers,PenaltyTurnovers,ShootingFouls,Fouls,Loose Ball Fouls,Offensive Fouls,FoulsDrawn,Charge Fouls Drawn,Offensive Fouls Drawn,Transition Take Fouls Drawn,FTA,2pt And 1 Free Throw Trips,TwoPtShootingFoulsDrawn,NonShootingFoulsDrawn,Blocked2s,BlockedAtRim,BlockedShortMidRange,Blocks,RecoveredBlocks,PenaltyPointsExcludingTakeFouls,PenaltyOffPossExcludingTakeFouls,NonShootingPenaltyNonTakeFouls,Assisted2sPct,NonPutbacksAssisted2sPct,Assisted3sPct,Fg3Pct,SecondChanceFg3Pct,PenaltyFg3Pct,NonHeaveFg3Pct,Fg2Pct,SecondChanceFg2Pct,PenaltyFg2Pct,EfgPct,SecondChanceEfgPct,PenaltyEfgPct,TsPct,SecondChanceTsPct,PenaltyTsPct,FG3APct,FG2APctBlocked,AtRimPctBlocked,ShortMidRangePctBlocked,Usage,LiveBallTurnoverPct,DefTwoPtReboundPct,OffTwoPtReboundPct,DefThreePtReboundPct,OffThreePtReboundPct,DefFGReboundPct,OffFGReboundPct,OffAtRimReboundPct,OffShortMidRangeReboundPct,OffLongMidRangeReboundPct,OffArc3ReboundPct,DefAtRimReboundPct,DefShortMidRangeReboundPct,DefArc3ReboundPct,DefCorner3ReboundPct,SelfORebPct,BlocksRecoveredPct,AtRimFrequency,AtRimAccuracy,UnblockedAtRimAccuracy,AtRimPctAssisted,ShortMidRangeFrequency,ShortMidRangeAccuracy,UnblockedShortMidRangeAccuracy,LongMidRangeFrequency,LongMidRangeAccuracy,UnblockedLongMidRangeAccuracy,LongMidRangePctAssisted,Corner3Frequency,Corner3Accuracy,UnblockedCorner3Accuracy,Corner3PctAssisted,Arc3Frequency,Arc3Accuracy,UnblockedArc3Accuracy,Arc3PctAssisted,SecondChanceAtRimFrequency,SecondChanceAtRimAccuracy,SecondChanceCorner3Frequency,SecondChanceCorner3Accuracy,PenaltyAtRimFrequency,PenaltyAtRimAccuracy,PenaltyCorner3Frequency,PenaltyCorner3Accuracy,PenaltyArc3Frequency,AtRimFG3AFrequency,NonHeaveArc3Accuracy,ShotQualityAvg,SecondChanceShotQualityAvg,PenaltyShotQualityAvg,ShootingFoulsDrawnPct,TwoPtShootingFoulsDrawnPct,SecondChancePointsPct,PenaltyPointsPct,Avg2ptShotDistance,Avg3ptShotDistance,PenaltyOffPossPct,PenaltyArc3FGM,FTDefRebounds,Blocked3s,BlockedArc3,DefFTReboundPct,PenaltyArc3Accuracy,SecondChanceFtPoints,Transition Take Fouls,Loose Ball Fouls Drawn,NonShootingPenaltyNonTakeFoulsDrawn,DefLongMidRangeReboundPct,ShortMidRangePctAssisted,HeaveAttempts,SecondChanceArc3FGA,SecondChanceTurnovers,SecondChanceArc3Frequency,Travels,OffCorner3ReboundPct,3pt And 1 Free Throw Trips,ThreePtShootingFoulsDrawn,ThreePtShootingFoulsDrawnPct,SecondChanceArc3FGM,SecondChanceArc3Accuracy,SecondChanceArc3PctAssisted,SecondChanceAtRimPctAssisted,on,FTOffRebounds,Charge Fouls,LongMidRangePctBlocked,OffFTReboundPct,SecondChanceCorner3PctAssisted,BlockedCorner3,DefensiveGoaltends,Fg3aBlocked,Technical Free Throw Trips,BlockedLongMidRange,FG3APctBlocked,Arc3PctBlocked,OffensiveGoaltends,3SecondViolations,Defensive 3 Seconds Violations,Corner3PctBlocked
1628997,1610612742,Caleb Martin,Caleb Martin,1628997,DAL,16491.0,275,-33.0,565,565,155.0,109.0,50,1130,16.0,26.0,3.0,5.0,3.0,7.0,3.0,17.0,5.0,13.0,3.0,11.0,1.0,2.0,1.0,2.0,1.0,5.0,1.0,24.0,56.0,4.0,16.0,15.0,75,657,3.0,5.0,1.0,2.0,9.0,5.0,15.0,1.0,3.0,7.0,20.0,16.0,32.0,9.0,3.0,4.0,5.0,1.0,4.0,12.0,14.0,26.0,8.0,6.0,8.0,3.0,1.0,66.0,1.0,9.0,17.0,14.0,31,10.0,41,5.0,12.0,10.0,2.0,5.0,3.0,2.0,8.0,1.0,3.0,1.0,13.0,3.0,14.0,24.0,1.0,2.0,20.0,3.0,1.0,1.0,24.0,2.0,12.0,1.0,3.0,2.0,1.0,3.0,2.0,20.0,153.0,1.0,0.3333333333333333,0.3636363636363636,0.75,0.25,0.5,0.3333333333333333,0.25,0.4285714285714285,0.6,0.3333333333333333,0.4166666666666667,0.6428571428571429,0.3611111111111111,0.4518072289156626,0.6428571428571429,0.4347826086956521,0.2222222222222222,0.0714285714285714,0.0384615384615384,0.1764705882352941,15.458937198067632,0.3846153846153846,0.0939597315436241,0.0666666666666666,0.1382113821138211,0.0094339622641509,0.1139705882352941,0.0414937759336099,0.0263157894736842,0.0684931506849315,0.125,0.0140845070422535,0.1272727272727272,0.0921052631578947,0.127906976744186,0.1621621621621621,0.125,0.6666666666666666,0.3611111111111111,0.6153846153846154,0.64,0.3125,0.2361111111111111,0.1764705882352941,0.2142857142857142,0.1805555555555555,0.3846153846153846,0.3846153846153846,0.6,0.1527777777777778,0.2727272727272727,0.2727272727272727,0.6666666666666666,0.0694444444444444,0.2,0.2,1.0,0.7142857142857143,0.6,0.2857142857142857,0.5,0.3888888888888889,0.4285714285714285,0.1111111111111111,0.5,0.0555555555555555,0.5833333333333334,0.2,0.5462513888888888,0.6325642857142857,0.5372166666666667,0.1463414634146341,0.1818181818181818,0.12,0.2666666666666666,7.514285714285717,23.86875,0.2743362831858407,,,,,,,,,,,,,,,,,,,,,,,,,,True,,,,,,,,,,,,,,,,
1629023,1610612742,P.J. Washington,P.J. Washington,1629023,DAL,1959.0,33,-21.0,63,69,13.0,8.0,8,132,1.0,3.0,,1.0,,,1.0,3.0,,,,1.0,,,,,1.0,2.0,2.0,2.0,6.0,1.0,3.0,6.0,13,83,,1.0,,,,,,1.0,2.0,2.0,5.0,2.0,2.0,3.0,,,2.0,1.0,1.0,1.0,2.0,3.0,2.0,,1.0,,,8.0,,1.0,2.0,2.0,5,1.0,6,,1.0,1.0,,1.0,1.0,,1.0,,1.0,,2.0,1.0,,1.0,,,4.0,,1.0,,6.0,,3.0,,,,,1.0,1.0,5.0,13.0,,0.5,0.5,1.0,0.3333333333333333,,0.5,0.3333333333333333,0.3333333333333333,,,0.3888888888888889,,0.75,0.5416666666666666,,0.8333333333333334,0.3333333333333333,0.1666666666666666,,0.3333333333333333,19.71830985915493,0.5,0.1428571428571428,0.0625,0.1818181818181818,,0.16,0.0344827586206896,,0.1428571428571428,,,,0.1666666666666666,0.1666666666666666,0.2,,1.0,0.3333333333333333,0.3333333333333333,0.3333333333333333,1.0,0.3333333333333333,0.3333333333333333,0.5,,,,,0.1111111111111111,,,,0.2222222222222222,0.5,0.5,1.0,1.0,,,,,,,,1.0,0.6666666666666666,0.5,0.5345111111111112,0.5116,0.51495,0.25,0.3333333333333333,,0.3846153846153846,5.216666666666668,24.633333333333336,0.2063492063492063,1.0,1.0,1.0,1.0,0.3333333333333333,0.5,,,,,,,,,,,,,,,,,,,,True,,,,,,,,,,,,,,,,
1629655,1610612742,Daniel Gafford,Daniel Gafford,1629655,DAL,3079.0,51,5.0,104,101,32.0,14.0,11,205,8.0,10.0,1.0,1.0,1.0,1.0,3.0,6.0,1.0,1.0,,,,,,,,,,12.0,17.0,,,11.0,35,112,1.0,1.0,,,5.0,2.0,3.0,,,3.0,7.0,22.0,2.0,,,2.0,,,1.0,1.0,,1.0,,,,,1.0,2.0,,5.0,4.0,7.0,12,5.0,17,2.0,,,,1.0,1.0,,1.0,,1.0,,2.0,1.0,5.0,6.0,,,13.0,,,,16.0,,7.0,1.0,5.0,5.0,,5.0,4.0,7.0,32.0,,0.9166666666666666,1.0,,,,,,0.7058823529411765,1.0,0.6666666666666666,0.7058823529411765,1.0,0.6666666666666666,0.7,0.8333333333333334,0.7,,0.0588235294117647,,0.1666666666666666,23.07692307692308,0.5,0.2058823529411764,0.238095238095238,0.1538461538461538,,0.1833333333333333,0.119047619047619,0.6666666666666666,0.2307692307692307,,,0.2,0.2,0.2222222222222222,,0.5,0.8,0.5882352941176471,0.8,0.8,0.875,0.3529411764705882,0.5,0.6,0.0588235294117647,1.0,1.0,1.0,,,,,,,,,1.0,1.0,,,0.3333333333333333,1.0,,,,0.5882352941176471,,0.5817764705882353,0.6142,0.5118666666666667,0.2916666666666667,0.2916666666666667,0.1428571428571428,0.2,3.605882352941177,,0.3076923076923077,,1.0,,,1.0,,3.0,1.0,2.0,1.0,0.25,1.0,,,,,,,,,,,,,,True,,,,,,,,,,,,,,,,
1630230,1610612742,Naji Marshall,Naji Marshall,1630230,DAL,9915.0,165,-10.0,340,343,85.0,65.0,27,683,11.0,14.0,2.0,2.0,4.0,5.0,11.0,23.0,1.0,2.0,2.0,4.0,,,2.0,2.0,5.0,13.0,2.0,23.0,39.0,7.0,17.0,22.0,89,390,5.0,6.0,,,10.0,7.0,10.0,2.0,4.0,14.0,34.0,22.0,24.0,21.0,,2.0,11.0,5.0,2.0,11.0,4.0,15.0,2.0,2.0,6.0,2.0,3.0,34.0,2.0,2.0,11.0,13.0,24,4.0,28,1.0,6.0,5.0,1.0,10.0,2.0,7.0,5.0,3.0,3.0,,15.0,5.0,5.0,7.0,1.0,,13.0,,,,24.0,,10.0,2.0,2.0,1.0,1.0,2.0,2.0,32.0,83.0,,0.4782608695652174,0.5,1.0,0.4117647058823529,,0.5,0.4666666666666667,0.5897435897435898,0.8333333333333334,0.7,0.5982142857142857,0.8333333333333334,0.7142857142857143,0.6544117647058824,0.8333333333333334,0.7727272727272727,0.3035714285714285,0.0512820512820512,,0.0869565217391304,22.55434782608696,0.6666666666666666,0.1413043478260869,0.0263157894736842,0.1392405063291139,0.0350877192982456,0.1403508771929824,0.0300751879699248,,0.024390243902439,0.0588235294117647,0.0512820512820512,0.1176470588235294,0.1428571428571428,0.109090909090909,0.2083333333333333,0.0476190476190476,1.0,0.25,0.7857142857142857,0.7857142857142857,0.5454545454545454,0.4107142857142857,0.4782608695652174,0.5238095238095238,0.0357142857142857,0.5,0.5,1.0,0.0714285714285714,0.5,0.5,1.0,0.2321428571428571,0.3846153846153846,0.3846153846153846,1.0,0.3333333333333333,1.0,,,0.3571428571428571,0.8,0.1428571428571428,1.0,0.1428571428571428,0.5535714285714286,0.4545454545454545,0.5157092592592591,0.4671499999999999,0.5303923076923076,0.1515151515151515,0.2040816326530612,0.1123595505617977,0.3820224719101123,6.3128205128205135,28.805882352941172,0.25,,,,,,,,,,1.0,0.2222222222222222,0.3636363636363636,2.0,,,,,,,,,,,,,True,,,,,,,,,,,,,,,,
1631108,1610612742,Max Christie,Max Christie,1631108,DAL,9999.0,167,-10.0,340,338,99.0,82.0,29,678,9.0,11.0,,,3.0,3.0,,8.0,2.0,8.0,3.0,12.0,,,,2.0,5.0,13.0,7.0,11.0,27.0,8.0,25.0,9.0,55,385,,1.0,,1.0,,3.0,6.0,3.0,9.0,1.0,16.0,16.0,6.0,21.0,3.0,,13.0,5.0,2.0,5.0,6.0,11.0,5.0,1.0,1.0,3.0,1.0,28.0,,,12.0,9.0,21,,21,,,,,6.0,2.0,3.0,3.0,1.0,3.0,,9.0,2.0,2.0,2.0,,,9.0,,1.0,1.0,11.0,1.0,5.0,2.0,1.0,,1.0,1.0,1.0,16.0,99.0,,0.7272727272727273,0.7272727272727273,0.875,0.32,,0.3333333333333333,0.32,0.4074074074074074,,0.5,0.4423076923076923,,0.5,0.4741379310344827,,0.5,0.4807692307692308,0.074074074074074,0.0909090909090909,0.125,17.24137931034483,0.6666666666666666,0.1034482758620689,,0.1643835616438356,,0.13125,,,,,,0.1,0.1063829787234042,0.2075471698113207,0.05,,1.0,0.2115384615384615,0.8181818181818182,0.9,0.7777777777777778,0.1538461538461538,,,0.1538461538461538,0.25,0.25,0.5,0.2307692307692307,0.25,0.25,1.0,0.25,0.3846153846153846,0.3846153846153846,0.8,,,,,0.2,1.0,0.1333333333333333,,0.4666666666666667,0.6923076923076923,0.3846153846153846,0.5253826923076923,0.484725,0.5315366666666667,0.0892857142857142,0.1612903225806451,,0.2909090909090909,8.78888888888889,24.54,0.2911764705882353,3.0,,,,,0.4285714285714285,,,1.0,,0.1,,,1.0,1.0,0.5,,,,,,,,,,True,,,,,,,,,,,,,,,,
202691,1610612742,Klay Thompson,Klay Thompson,202691,DAL,4779.0,80,-38.0,162,163,29.0,14.0,15,325,3.0,4.0,1.0,2.0,,,3.0,8.0,5.0,7.0,2.0,6.0,,,,1.0,5.0,16.0,1.0,11.0,19.0,7.0,22.0,2.0,45,214,3.0,4.0,,1.0,6.0,2.0,2.0,,2.0,2.0,6.0,12.0,10.0,21.0,,4.0,16.0,5.0,1.0,4.0,2.0,6.0,2.0,,3.0,1.0,,14.0,1.0,3.0,4.0,1.0,5,4.0,9,2.0,,,,2.0,1.0,2.0,2.0,,,,4.0,1.0,2.0,3.0,1.0,,2.0,,,,2.0,,,1.0,1.0,1.0,,1.0,1.0,4.0,27.0,,0.5454545454545454,0.6666666666666666,1.0,0.3181818181818182,,,0.3181818181818182,0.5789473684210527,0.75,1.0,0.524390243902439,0.6,0.5,0.5357142857142857,0.6,0.6,0.5365853658536586,0.0526315789473684,,0.125,25.69832402234637,0.5,0.0212765957446808,0.0857142857142857,0.1176470588235294,0.0256410256410256,0.0617283950617283,0.054054054054054,0.0833333333333333,0.1176470588235294,,,,0.0454545454545454,0.0869565217391304,0.1818181818181818,0.0909090909090909,1.0,0.0975609756097561,0.75,0.75,0.3333333333333333,0.1951219512195122,0.375,0.4285714285714285,0.1707317073170731,0.7142857142857143,0.7142857142857143,0.8,0.1463414634146341,0.3333333333333333,0.3333333333333333,1.0,0.3902439024390244,0.3125,0.3125,1.0,0.4,0.5,,,,,0.25,,0.25,0.6341463414634146,0.3125,0.5062829268292682,0.5075625,0.40625,,,0.1333333333333333,0.1333333333333333,11.000000000000002,25.068181818181817,0.1790123456790123,,,,,,,,,,,,0.3333333333333333,,1.0,,0.2,1.0,0.1,,,,,,,,True,,,,,,,,,,,,,,,,
203915,1610612742,Spencer Dinwiddie,Spencer Dinwiddie,203915,DAL,9149.0,152,-41.0,315,315,76.0,56.0,25,630,4.0,12.0,,,1.0,5.0,7.0,20.0,2.0,3.0,1.0,3.0,,1.0,,,8.0,25.0,6.0,13.0,35.0,9.0,28.0,12.0,65,375,,1.0,,3.0,,3.0,11.0,2.0,6.0,4.0,16.0,2.0,24.0,6.0,21.0,,25.0,8.0,2.0,14.0,7.0,21.0,7.0,,8.0,3.0,3.0,49.0,,,12.0,10.0,22,,22,,2.0,1.0,1.0,5.0,,4.0,1.0,,1.0,,6.0,1.0,5.0,8.0,1.0,,13.0,,1.0,,16.0,2.0,7.0,,,,,,,16.0,74.0,,0.0769230769230769,0.0769230769230769,0.2222222222222222,0.3214285714285714,,0.3333333333333333,0.3214285714285714,0.3714285714285714,,0.2727272727272727,0.4206349206349206,,0.3529411764705882,0.4710144927536231,,0.4210526315789473,0.4444444444444444,0.0571428571428571,,0.1,21.92982456140351,0.8333333333333334,0.1136363636363636,,0.1875,,0.1447368421052631,,,,,,0.0285714285714285,0.1136363636363636,0.1363636363636363,0.3,,,0.1904761904761904,0.3333333333333333,0.3333333333333333,0.25,0.3174603174603174,0.35,0.3888888888888889,0.0476190476190476,0.6666666666666666,0.6666666666666666,,0.0476190476190476,0.3333333333333333,0.3333333333333333,1.0,0.3968253968253968,0.32,0.32,0.125,,,0.25,,0.2941176470588235,0.2,,,0.3529411764705882,0.6349206349206349,0.32,0.4990492063492063,0.45385,0.4991058823529412,0.1304347826086956,0.175,,0.2461538461538461,7.439999999999999,25.967857142857145,0.2412698412698412,2.0,,,,,0.3333333333333333,,,,,0.4444444444444444,,,2.0,2.0,0.5,1.0,,1.0,2.0,0.0689655172413793,,,,,True,,,,,,,,,,,,,,,,
203076,1610612742,Anthony Davis,Anthony Davis,203076,DAL,4095.0,68,8.0,138,140,40.0,29.0,15,278,8.0,10.0,1.0,1.0,1.0,3.0,3.0,8.0,3.0,5.0,,,,,,,2.0,11.0,5.0,14.0,23.0,2.0,11.0,11.0,45,144,2.0,2.0,,,5.0,2.0,5.0,2.0,5.0,4.0,14.0,20.0,8.0,3.0,3.0,2.0,11.0,2.0,1.0,7.0,1.0,8.0,1.0,,7.0,,,17.0,3.0,4.0,11.0,12.0,24,7.0,31,1.0,,,,2.0,1.0,1.0,3.0,1.0,1.0,,5.0,2.0,2.0,3.0,,,11.0,,1.0,,14.0,,7.0,,3.0,3.0,,3.0,2.0,14.0,40.0,,0.7142857142857143,0.7692307692307693,0.5,0.1818181818181818,,0.4,0.1818181818181818,0.6086956521739131,1.0,0.4,0.5,1.0,0.5,0.5487804878048781,0.625,0.5833333333333334,0.3235294117647059,0.0434782608695652,0.1,,29.87012987012987,0.4,0.3157894736842105,0.1290322580645161,0.3333333333333333,0.09375,0.323943661971831,0.1111111111111111,,0.1875,0.2,0.1363636363636363,0.1333333333333333,0.3684210526315789,0.3478260869565217,0.3,0.0588235294117647,0.6666666666666666,0.2941176470588235,0.8,0.8888888888888888,0.75,0.2352941176470588,0.375,0.375,0.1470588235294117,0.6,0.6,0.6666666666666666,,,,,0.3235294117647059,0.1818181818181818,0.1818181818181818,0.5,0.5,1.0,,,0.3,0.3333333333333333,,,0.5,0.6176470588235294,0.1818181818181818,0.5367279411764706,0.5665,0.525455,0.1707317073170731,0.2333333333333333,0.1111111111111111,0.3111111111111111,8.182608695652174,25.781818181818178,0.2898550724637681,2.0,1.0,,,0.5,0.4,1.0,,,,0.75,0.6666666666666666,,,1.0,,1.0,,,,,,,,,True,,,,,,,,,,,,,,,,
1630539,1610612742,Kai Jones,Kai Jones,1630539,DAL,3320.0,55,-31.0,118,116,28.0,31.0,12,234,12.0,12.0,4.0,4.0,3.0,3.0,2.0,3.0,1.0,2.0,,,,,,,,,,15.0,17.0,,,3.0,33,143,4.0,4.0,,,8.0,4.0,4.0,,,1.0,9.0,18.0,12.0,,,8.0,,,,2.0,1.0,3.0,1.0,,2.0,,,7.0,1.0,6.0,6.0,2.0,9,7.0,16,,3.0,1.0,2.0,3.0,,3.0,,,,,3.0,1.0,4.0,5.0,,,4.0,,,,6.0,2.0,4.0,,1.0,,1.0,1.0,1.0,9.0,28.0,,0.6,0.8181818181818182,,,,,,0.8823529411764706,1.0,1.0,0.8823529411764706,1.0,1.0,0.868421052631579,1.0,1.125,,,,,16.923076923076923,1.0,0.0689655172413793,0.1935483870967742,0.2608695652173913,0.0476190476190476,0.1538461538461538,0.1346153846153846,0.3636363636363636,0.0714285714285714,0.1666666666666666,0.0714285714285714,,0.125,0.2666666666666666,0.25,,1.0,0.7058823529411765,1.0,1.0,0.5,0.1764705882352941,0.6666666666666666,0.6666666666666666,0.1176470588235294,0.5,0.5,1.0,,,,,,,,,1.0,1.0,,,0.75,1.0,,,,0.7058823529411765,,0.5727764705882352,0.6354,0.5414749999999999,0.2105263157894736,0.2105263157894736,0.2424242424242424,0.2727272727272727,4.2,,0.2372881355932203,,1.0,,,1.0,,,,,,,1.0,,,,,,,,,,,,,,True,,,,,,,,,,,,,,,,
1641726,1610612742,Dereck Lively II,Dereck Lively II,1641726,DAL,816.0,14,-3.0,28,30,,,3,58,1.0,1.0,1.0,1.0,,,,2.0,,,,,,,,,,,,1.0,3.0,,,2.0,4,30,1.0,1.0,,,2.0,,,,,,,,2.0,,,2.0,,,,1.0,,1.0,,,1.0,,,2.0,1.0,,1.0,4.0,5,1.0,6,,1.0,1.0,,,,,,,,,,,1.0,1.0,,,2.0,,,,4.0,,2.0,,1.0,,1.0,1.0,,,,,,,,,,,,0.3333333333333333,1.0,,0.3333333333333333,1.0,,0.4,1.0,,,,,,16.129032258064516,,0.4444444444444444,,0.2,0.1111111111111111,0.3571428571428571,0.0769230769230769,,,,,,0.8,0.3333333333333333,,,,0.3333333333333333,1.0,1.0,,0.6666666666666666,,,,,,,,,,,,,,,1.0,1.0,,,,,,,,0.3333333333333333,,0.4669666666666667,,,0.4,0.4,0.5,,4.733333333333333,,,,,,,,,,,,,,,,,,,,0.3333333333333333,,,,,,,,True,,,,,,,,,,,,,,,,
1630314,1610612742,Brandon Williams,Brandon Williams,1630314,DAL,4725.0,79,19.0,166,164,58.0,25.0,13,330,13.0,14.0,,,4.0,4.0,2.0,4.0,1.0,1.0,2.0,4.0,,,,,5.0,11.0,3.0,16.0,19.0,7.0,15.0,4.0,57,183,,,1.0,1.0,3.0,5.0,6.0,1.0,3.0,3.0,16.0,6.0,26.0,18.0,3.0,,11.0,5.0,1.0,7.0,4.0,11.0,2.0,2.0,3.0,2.0,2.0,26.0,,,2.0,5.0,7,,7,,3.0,1.0,2.0,2.0,1.0,2.0,3.0,1.0,,,5.0,2.0,3.0,5.0,,,7.0,,1.0,,5.0,3.0,3.0,1.0,,,,,,16.0,58.0,,0.1875,0.1875,0.8571428571428571,0.4666666666666667,1.0,0.3333333333333333,0.4666666666666667,0.8421052631578947,,0.8333333333333334,0.7794117647058824,1.5,0.7222222222222222,0.8142857142857143,1.5,0.8,0.4411764705882353,0.0526315789473684,,0.25,22.099447513812155,0.4,0.131578947368421,,0.0555555555555555,,0.0945945945945946,,,,,,0.0909090909090909,0.0952380952380952,0.0357142857142857,0.125,,,0.4117647058823529,0.9285714285714286,0.9285714285714286,0.2307692307692307,0.1176470588235294,0.5,0.6666666666666666,0.0294117647058823,1.0,1.0,,0.1176470588235294,0.5,0.5,1.0,0.3235294117647059,0.4545454545454545,0.4545454545454545,0.8,,,,,0.4444444444444444,1.0,,,0.3333333333333333,0.8529411764705882,0.4545454545454545,0.5769338235294118,0.59085,0.6093055555555557,0.088235294117647,0.1578947368421052,0.0526315789473684,0.2807017543859649,3.9105263157894736,25.88,0.3493975903614458,1.0,,,,,0.3333333333333333,,,,1.0,0.3333333333333333,,,1.0,1.0,1.0,,,,,,1.0,1.0,1.0,,True,,,,,,,,,,,,,,,,
1630702,1610612742,Jaden Hardy,Jaden Hardy,1630702,DAL,4347.0,72,-10.0,150,151,48.0,34.0,16,301,1.0,3.0,,,,,3.0,8.0,1.0,4.0,2.0,8.0,,,1.0,4.0,9.0,14.0,7.0,5.0,15.0,11.0,22.0,4.0,47,176,,,2.0,2.0,6.0,,,5.0,11.0,1.0,16.0,,10.0,21.0,12.0,,14.0,9.0,1.0,4.0,3.0,7.0,1.0,2.0,3.0,,1.0,17.0,,,1.0,3.0,4,,4,,3.0,2.0,1.0,4.0,1.0,2.0,4.0,2.0,2.0,,8.0,1.0,2.0,4.0,1.0,,8.0,,3.0,,8.0,,3.0,1.0,,,,,,16.0,48.0,,,,0.6363636363636364,0.5,1.0,0.4545454545454545,0.5,0.3333333333333333,,,0.581081081081081,1.5,0.6818181818181818,0.573170731707317,1.5,0.6666666666666666,0.5945945945945946,0.0666666666666666,0.3333333333333333,,29.166666666666668,0.5,0.0789473684210526,,0.0294117647058823,,0.0555555555555555,,,,,,,0.1052631578947368,0.0454545454545454,,,,0.081081081081081,0.3333333333333333,0.5,,0.2162162162162162,0.375,0.375,0.1081081081081081,0.25,0.25,,0.2162162162162162,0.25,0.25,1.0,0.3783783783783784,0.6428571428571429,0.6428571428571429,0.5555555555555556,,,,,,,0.3636363636363636,0.25,0.6363636363636364,0.6756756756756757,0.6428571428571429,0.5066567567567569,0.45585,0.5277545454545455,0.075,0.1666666666666666,0.1276595744680851,0.3404255319148936,10.48,24.49090909090909,0.32,4.0,,,,,0.5714285714285714,,,,1.0,0.1111111111111111,,,2.0,1.0,1.0,1.0,,,,,2.0,1.0,1.0,,True,,,,,,,,,,,,,,,,
203957,1610612742,Danté Exum,Danté Exum,203957,DAL,3168.0,53,-17.0,108,104,33.0,30.0,6,212,2.0,4.0,,,,1.0,1.0,3.0,1.0,1.0,,1.0,,,,,4.0,10.0,7.0,4.0,8.0,4.0,11.0,,20,130,,,,2.0,,1.0,4.0,3.0,7.0,,11.0,4.0,4.0,12.0,,,9.0,4.0,,4.0,2.0,6.0,,2.0,3.0,,1.0,14.0,,,2.0,3.0,5,,5,,,,,2.0,,2.0,,,,,2.0,1.0,7.0,7.0,,,1.0,,,,,,,,,,,,,11.0,33.0,,0.5,0.5,1.0,0.3636363636363636,,0.4285714285714285,0.4,0.5,,0.25,0.5263157894736842,,0.5,0.5263157894736842,,0.5,0.5789473684210527,,,,18.10344827586207,1.0,0.1034482758620689,,0.0909090909090909,,0.0980392156862745,,,,,,0.0714285714285714,0.1428571428571428,0.0625,0.1666666666666666,,,0.2105263157894736,0.5,0.5,0.5,0.1578947368421052,0.3333333333333333,0.3333333333333333,0.0526315789473684,1.0,1.0,,0.0526315789473684,,,,0.5263157894736842,0.4,0.4,1.0,,,,,0.0909090909090909,,,,0.6363636363636364,0.7894736842105263,0.4444444444444444,0.5068583333333333,0.5865,0.443335,,,,0.55,8.2125,27.85454545454545,0.3055555555555556,3.0,,,,,0.4285714285714285,,,,,,1.0,1.0,2.0,,1.0,,,,,,,,,,True,,,,,,,,,,,,,,,,
1630556,1610612742,Kessler Edwards,Kessler Edwards,1630556,DAL,2373.0,40,10.0,88,86,35.0,30.0,4,174,2.0,3.0,1.0,1.0,1.0,1.0,,1.0,,,1.0,1.0,,,,,3.0,4.0,,2.0,4.0,4.0,5.0,4.0,20,101,1.0,1.0,,,4.0,1.0,1.0,,,4.0,6.0,4.0,,12.0,,,4.0,3.0,1.0,1.0,2.0,3.0,2.0,,1.0,,,8.0,,1.0,2.0,2.0,5,1.0,6,,,,,,,,1.0,1.0,,,1.0,1.0,3.0,5.0,,,3.0,,,,4.0,,1.0,1.0,,,,,,6.0,33.0,1.0,1.0,1.0,1.0,0.8,,,0.8,0.5,1.0,1.0,0.8888888888888888,1.0,1.0,0.9090909090909092,1.0,1.0,0.5555555555555556,0.25,0.3333333333333333,,13.043478260869565,,0.0833333333333333,0.0454545454545454,0.1111111111111111,,0.0952380952380952,0.03125,0.1428571428571428,,,,0.2,,0.1538461538461538,,,,0.3333333333333333,0.6666666666666666,1.0,1.0,0.1111111111111111,,,,,,,0.1111111111111111,1.0,1.0,1.0,0.4444444444444444,0.75,0.75,1.0,1.0,1.0,,,1.0,1.0,,,,0.8888888888888888,0.75,0.5837611111111111,0.6123,0.6123,0.1,0.2,0.2,0.3,3.625,24.94,0.3977272727272727,,1.0,,,1.0,,2.0,,,1.0,,,,,,,,,,,,,,,1.0,True,,,,,,,,,,,,,,,,
203939,1610612742,Dwight Powell,Dwight Powell,203939,DAL,4240.0,71,7.0,140,140,44.0,18.0,16,280,9.0,11.0,2.0,3.0,3.0,4.0,1.0,1.0,,,,1.0,,,,1.0,,1.0,,10.0,12.0,,2.0,1.0,21,162,2.0,3.0,,,4.0,3.0,4.0,,1.0,1.0,7.0,14.0,6.0,,,4.0,1.0,,1.0,5.0,1.0,6.0,1.0,,5.0,,,13.0,4.0,3.0,3.0,9.0,12,7.0,19,,1.0,,1.0,1.0,,1.0,2.0,,,1.0,3.0,,8.0,10.0,1.0,1.0,5.0,1.0,1.0,,2.0,2.0,2.0,,,,,1.0,1.0,7.0,44.0,,0.7,0.875,,,,,,0.8333333333333334,0.6666666666666666,0.75,0.7142857142857143,0.6666666666666666,0.6,0.75,0.6666666666666666,0.7,0.1428571428571428,0.0833333333333333,0.0909090909090909,,10.759493670886076,0.3333333333333333,0.3103448275862069,0.1,0.088235294117647,0.1379310344827586,0.1904761904761904,0.1186440677966101,0.1818181818181818,0.0588235294117647,,0.0454545454545454,0.25,0.4,0.12,,,1.0,0.7857142857142857,0.8181818181818182,0.9,0.6666666666666666,0.0714285714285714,1.0,1.0,,,,,0.0714285714285714,,,,0.0714285714285714,,,,1.0,0.6666666666666666,,,0.8,0.75,0.2,,,0.9285714285714286,,0.5890750000000001,0.3713,0.57972,0.1428571428571428,0.1666666666666666,0.1904761904761904,0.3333333333333333,2.1833333333333336,23.7,0.3142857142857143,,,1.0,1.0,,,,,1.0,,0.3333333333333333,1.0,,,,,,0.4285714285714285,,,,,,,,True,,,,,,,,,,,,,,,,
1628467,1610612742,Maxi Kleber,Maxi Kleber,1628467,DAL,38206.0,637,-17.0,1303,1309,358.0,349.0,138,2612,13.0,23.0,3.0,6.0,3.0,7.0,5.0,15.0,6.0,9.0,4.0,17.0,1.0,2.0,1.0,5.0,9.0,32.0,8.0,24.0,47.0,13.0,49.0,16.0,103,1522,4.0,11.0,2.0,6.0,16.0,3.0,11.0,1.0,13.0,6.0,15.0,40.0,8.0,36.0,3.0,6.0,32.0,9.0,7.0,20.0,23.0,43.0,17.0,6.0,14.0,4.0,2.0,109.0,4.0,18.0,32.0,34.0,70,25.0,95,4.0,9.0,8.0,1.0,14.0,2.0,10.0,9.0,,4.0,3.0,23.0,7.0,41.0,66.0,5.0,3.0,29.0,,4.0,,21.0,1.0,9.0,2.0,17.0,6.0,11.0,17.0,11.0,15.0,356.0,8.0,0.8333333333333334,0.9523809523809524,0.9230769230769232,0.2653061224489796,0.3333333333333333,0.0769230769230769,0.2653061224489796,0.5106382978723404,0.3636363636363636,0.2727272727272727,0.453125,0.4117647058823529,0.1875,0.4858490566037736,0.4444444444444444,0.2678571428571428,0.5104166666666666,0.1489361702127659,0.1304347826086956,0.2,8.865979381443298,0.6086956521739131,0.1079365079365079,0.0594059405940594,0.1052631578947368,0.014388489208633,0.1066235864297253,0.0378657487091222,0.0727272727272727,0.05,0.0566037735849056,0.0145631067961165,0.1009174311926605,0.1038961038961039,0.0857142857142857,0.1489361702127659,0.0784313725490196,0.6470588235294118,0.2395833333333333,0.5652173913043478,0.65,0.7692307692307693,0.15625,0.3333333333333333,0.4166666666666667,0.09375,0.6666666666666666,0.75,0.8333333333333334,0.1770833333333333,0.2352941176470588,0.2352941176470588,1.0,0.3333333333333333,0.28125,0.28125,0.8888888888888888,0.3529411764705882,0.5,0.1176470588235294,0.5,0.2916666666666667,0.4285714285714285,0.2083333333333333,0.2,0.3333333333333333,0.75,0.28125,0.5268848958333333,0.5316125,0.5365395833333334,0.0865384615384615,0.1636363636363636,0.1553398058252427,0.145631067961165,6.555319148936168,24.814285714285717,0.2747505755947813,,4.0,,,0.1212121212121212,,2.0,1.0,6.0,2.0,0.1346153846153846,1.0,,4.0,1.0,0.2352941176470588,,0.0138888888888888,,,,1.0,0.25,1.0,,False,3.0,1.0,0.1111111111111111,0.0857142857142857,1.0,,,,,,,,,,,
1629023,1610612742,P.J. Washington,P.J. Washington,1629023,DAL,108135.0,1802,70.0,3744,3740,761.0,743.0,432,7484,124.0,184.0,26.0,34.0,25.0,34.0,78.0,215.0,6.0,21.0,32.0,84.0,2.0,6.0,7.0,18.0,58.0,152.0,24.0,208.0,420.0,90.0,236.0,137.0,823,4311,33.0,59.0,9.0,27.0,103.0,40.0,68.0,17.0,42.0,57.0,188.0,218.0,198.0,243.0,27.0,44.0,152.0,58.0,49.0,72.0,56.0,128.0,36.0,20.0,54.0,12.0,6.0,312.0,20.0,54.0,154.0,169.0,355,81.0,436,32.0,62.0,45.0,17.0,77.0,5.0,31.0,39.0,15.0,46.0,2.0,116.0,24.0,68.0,130.0,5.0,7.0,154.0,,11.0,1.0,192.0,19.0,89.0,15.0,57.0,39.0,18.0,59.0,34.0,186.0,749.0,8.0,0.5240384615384616,0.5860215053763441,0.9,0.3813559322033898,0.3333333333333333,0.4047619047619047,0.3813559322033898,0.4952380952380952,0.559322033898305,0.5882352941176471,0.5228658536585366,0.5406976744186046,0.5954545454545455,0.5545822102425876,0.5478723404255319,0.6527777777777778,0.3597560975609756,0.1166666666666666,0.092391304347826,0.1441860465116279,20.27889387851572,0.6637931034482759,0.1705348133198789,0.058695652173913,0.1859903381642512,0.0254777070063694,0.1775700934579439,0.0434017595307917,0.0780141843971631,0.062111801242236,0.0129032258064516,0.0274442538593482,0.1747311827956989,0.1592356687898089,0.1993243243243243,0.1525423728813559,0.1038961038961039,0.576271186440678,0.2804878048780488,0.6739130434782609,0.7425149700598802,0.5645161290322581,0.3277439024390244,0.3627906976744186,0.4239130434782608,0.0320121951219512,0.2857142857142857,0.3,0.5,0.1280487804878048,0.3809523809523809,0.3809523809523809,1.0,0.2317073170731707,0.3815789473684211,0.3815789473684211,0.8448275862068966,0.3953488372093023,0.7647058823529411,0.0697674418604651,0.3333333333333333,0.3090909090909091,0.7352941176470589,0.1636363636363636,0.3888888888888889,0.2181818181818181,0.6402439024390244,0.3815789473684211,0.5394851371951221,0.5470803030303031,0.5360668181818181,0.123796423658872,0.1816326530612245,0.1251518833535844,0.2284325637910085,5.373095238095239,24.59322033898306,0.203258547008547,10.0,32.0,2.0,1.0,0.3809523809523809,0.4166666666666667,10.0,,7.0,13.0,0.1959459459459459,0.4615384615384615,,21.0,5.0,0.2441860465116279,3.0,0.0198019801980198,,1.0,0.0042194092827004,7.0,0.3333333333333333,0.8571428571428571,0.2307692307692307,False,7.0,5.0,0.0476190476190476,0.0679611650485436,1.0,1.0,2.0,,,,,,,,,
1629029,1610612742,Luka Dončić,Luka Dončić,1629029,DAL,47071.0,785,168.0,1630,1616,308.0,249.0,186,3246,49.0,64.0,4.0,8.0,9.0,11.0,75.0,141.0,17.0,49.0,5.0,11.0,1.0,2.0,,1.0,70.0,201.0,41.0,141.0,254.0,75.0,212.0,112.0,619,1815,9.0,19.0,5.0,13.0,42.0,21.0,37.0,13.0,42.0,32.0,113.0,78.0,204.0,108.0,117.0,6.0,199.0,70.0,9.0,103.0,69.0,172.0,42.0,27.0,78.0,20.0,5.0,413.0,10.0,5.0,86.0,75.0,167,16.0,183,3.0,44.0,31.0,13.0,58.0,8.0,43.0,17.0,3.0,15.0,2.0,75.0,17.0,26.0,58.0,4.0,1.0,126.0,2.0,6.0,,146.0,20.0,64.0,12.0,8.0,3.0,4.0,9.0,5.0,113.0,303.0,2.0,0.2765957446808511,0.2826086956521739,0.48,0.3537735849056603,0.3846153846153846,0.3095238095238095,0.3571428571428571,0.5551181102362205,0.4736842105263157,0.5675675675675675,0.5439914163090128,0.515625,0.5126582278481012,0.5884030418250951,0.5675675675675675,0.576530612244898,0.4549356223175965,0.0354330708661417,0.046875,0.0425531914893617,32.663043478260875,0.7733333333333333,0.1870324189526184,0.0143266475644699,0.2199488491048593,0.0267379679144385,0.2032828282828283,0.0207468879668049,0.01,0.021505376344086,,0.0180505415162454,0.1857142857142857,0.1764705882352941,0.2280701754385964,0.1981132075471698,0.0130434782608695,0.5555555555555556,0.1373390557939914,0.765625,0.8032786885245902,0.4693877551020408,0.3025751072961373,0.5319148936170213,0.5555555555555556,0.1051502145922746,0.3469387755102041,0.3469387755102041,0.1764705882352941,0.0236051502145922,0.4545454545454545,0.4545454545454545,0.4,0.4313304721030043,0.3482587064676617,0.3517587939698492,0.4857142857142857,0.25,0.5,0.0625,0.5,0.1392405063291139,0.8181818181818182,0.0126582278481012,,0.5189873417721519,0.592274678111588,0.3517587939698492,0.5110866304347825,0.502675,0.4992813333333332,0.1342412451361867,0.2147651006711409,0.0678513731825525,0.1825525040387722,9.072834645669287,26.88679245283017,0.1889570552147239,13.0,6.0,1.0,,0.1764705882352941,0.3170731707317073,9.0,,3.0,11.0,0.2162162162162162,0.1733333333333333,2.0,11.0,3.0,0.34375,1.0,0.0515463917525773,1.0,5.0,0.0231481481481481,4.0,0.3636363636363636,0.5,0.25,False,1.0,,,0.0185185185185185,1.0,1.0,,2.0,1.0,1.0,0.0094339622641509,0.0099502487562189,,,,
1629655,1610612742,Daniel Gafford,Daniel Gafford,1629655,DAL,70492.0,1175,30.0,2424,2428,534.0,419.0,298,4852,228.0,308.0,64.0,92.0,48.0,67.0,43.0,78.0,,,,,,,,,,,,271.0,386.0,,,124.0,666,2837,74.0,105.0,,,185.0,54.0,81.0,,,42.0,150.0,386.0,156.0,,,112.0,,,29.0,53.0,26.0,79.0,21.0,5.0,27.0,14.0,12.0,184.0,47.0,102.0,95.0,108.0,221,150.0,371,20.0,23.0,11.0,12.0,27.0,7.0,10.0,37.0,4.0,17.0,,64.0,13.0,87.0,146.0,15.0,10.0,142.0,1.0,3.0,1.0,180.0,26.0,85.0,16.0,92.0,65.0,26.0,97.0,53.0,150.0,530.0,4.0,0.7121771217712177,0.8976744186046511,,,,,,0.7020725388601037,0.7047619047619048,0.6666666666666666,0.7020725388601037,0.7047619047619048,0.6666666666666666,0.7223427331887202,0.7283464566929134,0.6880733944954128,,0.0751295336787564,0.0649350649350649,0.1153846153846153,19.02173913043478,0.421875,0.1607142857142857,0.1711409395973154,0.1690391459074733,0.0989473684210526,0.1645056726094003,0.1391223155929038,0.198019801980198,0.1863799283154122,0.0869565217391304,0.1054131054131054,0.1184668989547038,0.2006688963210702,0.1754807692307692,0.1506849315068493,0.2325581395348837,0.5463917525773195,0.7979274611398963,0.7402597402597403,0.7916666666666666,0.706140350877193,0.2020725388601036,0.5512820512820513,0.6231884057971014,,,,,,,,,,,,,0.8761904761904762,0.6956521739130435,,,0.8271604938271605,0.7164179104477612,,,,0.7979274611398963,,0.6228251295336787,0.6249567901234567,0.6302172839506173,0.1910112359550561,0.1910112359550561,0.2777777777777778,0.2252252252252252,2.515284974093264,,0.2202970297029703,,18.0,5.0,4.0,0.3214285714285714,,37.0,,15.0,15.0,0.1627906976744186,0.7441860465116279,,,12.0,,4.0,0.0806451612903225,,,,,,,0.125,False,1.0,8.0,,0.0136986301369863,,1.0,11.0,,,1.0,,,1.0,2.0,3.0,
1629656,1610612742,Quentin Grimes,Quentin Grimes,1629656,DAL,64182.0,1070,-7.0,2194,2197,624.0,516.0,261,4391,60.0,89.0,6.0,11.0,21.0,31.0,16.0,39.0,13.0,36.0,26.0,57.0,1.0,6.0,7.0,17.0,54.0,144.0,43.0,89.0,164.0,80.0,201.0,62.0,480,2564,9.0,23.0,9.0,23.0,49.0,31.0,54.0,21.0,60.0,34.0,159.0,100.0,78.0,213.0,27.0,8.0,144.0,54.0,9.0,59.0,42.0,101.0,29.0,13.0,44.0,14.0,1.0,244.0,17.0,11.0,78.0,68.0,149,30.0,179,6.0,32.0,15.0,17.0,35.0,6.0,24.0,26.0,5.0,11.0,3.0,61.0,20.0,28.0,78.0,2.0,3.0,74.0,1.0,8.0,,81.0,9.0,27.0,11.0,10.0,3.0,7.0,10.0,6.0,156.0,618.0,6.0,0.5617977528089888,0.5882352941176471,0.8875,0.3980099502487562,0.391304347826087,0.35,0.3980099502487562,0.5426829268292683,0.391304347826087,0.5740740740740741,0.5726027397260274,0.4891304347826087,0.5482456140350878,0.6030150753768844,0.5104166666666666,0.5932835820895522,0.5506849315068493,0.0548780487804878,0.0561797752808988,0.0512820512820512,18.46339501206758,0.5737704918032787,0.1170395869191049,0.0207939508506616,0.1582150101419878,0.0358649789029535,0.1359404096834264,0.0279162512462612,0.0245398773006134,0.0182481751824817,0.0217391304347826,0.0277777777777777,0.0972222222222222,0.1003584229390681,0.1820728291316526,0.0955882352941176,0.0329670329670329,0.6,0.2438356164383561,0.6741573033707865,0.7142857142857143,0.6333333333333333,0.1068493150684931,0.4102564102564102,0.4324324324324324,0.0986301369863013,0.3611111111111111,0.3823529411764705,0.4615384615384615,0.1561643835616438,0.4561403508771929,0.4561403508771929,0.9615384615384616,0.3945205479452054,0.375,0.375,0.8518518518518519,0.2391304347826087,0.5454545454545454,0.1304347826086956,0.1666666666666666,0.2719298245614035,0.6774193548387096,0.1491228070175438,0.4117647058823529,0.3771929824561403,0.7945205479452054,0.375,0.5499779452054797,0.51567,0.5437798245614035,0.0852713178294573,0.1483516483516483,0.1020833333333333,0.33125,6.742682926829264,24.94875621890548,0.284412032816773,14.0,3.0,,,0.0555555555555555,0.3255813953488372,4.0,1.0,3.0,9.0,0.2209302325581395,0.375,,17.0,5.0,0.3695652173913043,4.0,0.0614035087719298,2.0,6.0,0.0292682926829268,8.0,0.4705882352941176,0.875,0.3333333333333333,False,2.0,3.0,0.0555555555555555,0.0266666666666666,1.0,,,,,,,,,,,
202681,1610612742,Kyrie Irving,Kyrie Irving,202681,DAL,108240.0,1804,124.0,3699,3680,732.0,675.0,439,7379,127.0,188.0,16.0,21.0,24.0,40.0,129.0,284.0,47.0,114.0,30.0,60.0,6.0,14.0,5.0,13.0,114.0,299.0,59.0,303.0,586.0,144.0,359.0,196.0,1234,4266,28.0,43.0,20.0,38.0,130.0,54.0,112.0,20.0,72.0,50.0,218.0,194.0,412.0,273.0,159.0,18.0,298.0,114.0,32.0,152.0,79.0,231.0,60.0,19.0,93.0,49.0,10.0,541.0,24.0,36.0,83.0,89.0,180,60.0,240,25.0,66.0,26.0,40.0,74.0,17.0,48.0,37.0,6.0,26.0,,111.0,21.0,48.0,101.0,4.0,8.0,164.0,2.0,3.0,1.0,214.0,25.0,85.0,18.0,22.0,9.0,13.0,23.0,14.0,214.0,722.0,4.0,0.3201320132013201,0.3299319727891156,0.6319444444444444,0.4011142061281337,0.5263157894736842,0.2777777777777778,0.4022346368715084,0.5170648464163823,0.6511627906976745,0.4821428571428571,0.5492063492063493,0.7160493827160493,0.4565217391304347,0.5907766990291262,0.7329545454545454,0.5192307692307693,0.3798941798941799,0.0546075085324232,0.0585106382978723,0.0704225352112676,27.030245296499164,0.6666666666666666,0.0915637860082304,0.0406779661016949,0.1004842615012106,0.0293398533007334,0.0956618464961067,0.0352319436288901,0.0488721804511278,0.0426966292134831,0.0229885057471264,0.0330578512396694,0.0683060109289617,0.1099365750528541,0.1045531197301855,0.0901287553648068,0.0553097345132743,0.6086956521739131,0.1989417989417989,0.675531914893617,0.7175141242937854,0.4015748031496063,0.3005291005291005,0.454225352112676,0.4886363636363636,0.1206349206349206,0.4122807017543859,0.415929203539823,0.2978723404255319,0.0634920634920634,0.5,0.5172413793103449,0.8666666666666667,0.3164021164021164,0.3812709030100334,0.3890784982935154,0.5701754385964912,0.2592592592592592,0.7619047619047619,0.1728395061728395,0.4285714285714285,0.217391304347826,0.6,0.0706521739130434,0.3846153846153846,0.3206521739130434,0.5788359788359788,0.3825503355704698,0.514042108050847,0.5289336734693877,0.4962038251366119,0.0909090909090909,0.131578947368421,0.1053484602917342,0.1766612641815235,8.074402730375427,25.97103064066852,0.1978913219789132,15.0,8.0,1.0,1.0,0.0833333333333333,0.2542372881355932,14.0,,4.0,9.0,0.0902255639097744,0.2480620155038759,1.0,24.0,7.0,0.2962962962962963,2.0,0.0187793427230046,,7.0,0.0191256830601092,14.0,0.5833333333333334,0.5714285714285714,0.375,False,,1.0,0.0087719298245614,,1.0,,,8.0,18.0,,0.022284122562674,0.020066889632107,,,,0.0333333333333333
203915,1610612742,Spencer Dinwiddie,Spencer Dinwiddie,203915,DAL,119020.0,1984,-179.0,4092,4099,893.0,897.0,411,8191,66.0,108.0,6.0,7.0,10.0,17.0,80.0,179.0,16.0,34.0,25.0,60.0,2.0,7.0,5.0,11.0,75.0,238.0,55.0,162.0,321.0,100.0,298.0,183.0,807,4817,12.0,19.0,11.0,25.0,61.0,23.0,53.0,22.0,66.0,41.0,153.0,72.0,252.0,174.0,126.0,8.0,237.0,75.0,19.0,195.0,133.0,328.0,72.0,61.0,127.0,57.0,11.0,789.0,5.0,13.0,80.0,88.0,169,18.0,187,8.0,68.0,50.0,18.0,51.0,24.0,40.0,45.0,3.0,11.0,1.0,96.0,18.0,58.0,113.0,9.0,8.0,184.0,,19.0,,227.0,27.0,101.0,10.0,14.0,8.0,6.0,17.0,6.0,149.0,886.0,9.0,0.2222222222222222,0.2278481012658227,0.58,0.3355704697986577,0.44,0.3333333333333333,0.3367003367003367,0.5046728971962616,0.631578947368421,0.4339622641509434,0.5040387722132472,0.6477272727272727,0.4705882352941176,0.5646067415730337,0.6630434782608695,0.5464285714285714,0.481421647819063,0.0591900311526479,0.0925925925925925,0.0446927374301676,17.7270732777534,0.53125,0.0824742268041237,0.013555787278415,0.0910125142207053,0.0057803468208092,0.0863309352517985,0.0098684210526315,0.0032679738562091,0.0159362549800796,0.0264900662251655,0.0032467532467532,0.074074074074074,0.0810276679841897,0.0939393939393939,0.0821917808219178,0.0245398773006134,0.3529411764705882,0.1744749596122778,0.6111111111111112,0.673469387755102,0.2424242424242424,0.2891760904684975,0.4469273743016759,0.4678362573099415,0.0549273021001615,0.4705882352941176,0.4848484848484848,0.1875,0.0969305331179321,0.4166666666666667,0.4310344827586206,0.72,0.3844911147011308,0.315126050420168,0.315126050420168,0.5333333333333333,0.1590909090909091,0.8571428571428571,0.1590909090909091,0.2857142857142857,0.1428571428571428,0.5882352941176471,0.0924369747899159,0.4545454545454545,0.4621848739495798,0.6558966074313409,0.3164556962025316,0.5146882838283826,0.4887828125000001,0.4931384615384616,0.1581196581196581,0.2556962025316455,0.0755885997521685,0.1895910780669145,7.084423676012465,25.49664429530201,0.2182306940371456,17.0,1.0,3.0,2.0,0.0113636363636363,0.3090909090909091,4.0,,1.0,8.0,0.1089743589743589,0.2125,1.0,18.0,5.0,0.4090909090909091,3.0,0.0120481927710843,1.0,10.0,0.0325732899022801,9.0,0.5,0.6666666666666666,,False,,4.0,0.0294117647058823,,0.5,1.0,,2.0,4.0,,0.0067114093959731,,,,,0.0333333333333333
1641726,1610612742,Dereck Lively II,Dereck Lively II,1641726,DAL,49153.0,819,124.0,1672,1674,300.0,301.0,209,3346,100.0,130.0,29.0,35.0,8.0,17.0,33.0,58.0,,,,,,,,,,,,133.0,188.0,,,44.0,310,1841,34.0,42.0,,,76.0,10.0,25.0,,,14.0,34.0,212.0,54.0,,,38.0,,,23.0,40.0,44.0,84.0,41.0,3.0,24.0,11.0,5.0,212.0,43.0,55.0,72.0,79.0,161,103.0,264,7.0,19.0,13.0,6.0,21.0,6.0,12.0,20.0,,9.0,1.0,41.0,6.0,60.0,99.0,11.0,9.0,49.0,,,,69.0,7.0,35.0,3.0,55.0,27.0,27.0,55.0,33.0,34.0,296.0,5.0,0.7969924812030075,0.9298245614035088,,,,,,0.7074468085106383,0.8095238095238095,0.4,0.7074468085106383,0.8095238095238095,0.4,0.7077625570776256,0.8085106382978723,0.4722222222222222,,0.1223404255319148,0.1076923076923077,0.1551724137931034,13.598326359832637,0.5121951219512195,0.1845794392523364,0.1403061224489795,0.181360201511335,0.1122715404699739,0.183030303030303,0.1264516129032258,0.1509433962264151,0.1614349775784753,0.0476190476190476,0.1184668989547038,0.1875,0.2036199095022624,0.1624548736462094,0.225,0.21875,0.6,0.6914893617021277,0.7692307692307693,0.8620689655172413,0.79,0.3085106382978723,0.5689655172413793,0.673469387755102,,,,,,,,,,,,,0.8333333333333334,0.8285714285714286,,,0.68,0.4705882352941176,,,,0.6914893617021277,,0.598655319148936,0.61270625,0.5776800000000001,0.162037037037037,0.162037037037037,0.2451612903225806,0.1096774193548387,3.1117021276595747,,0.1794258373205741,,10.0,,,0.2702702702702703,,8.0,,4.0,3.0,0.1111111111111111,0.8181818181818182,,,10.0,,3.0,0.09375,,,,,,,0.3448275862068966,False,5.0,,,0.1111111111111111,,,6.0,,,1.0,,,,1.0,4.0,
202691,1610612742,Klay Thompson,Klay Thompson,202691,DAL,113093.0,1885,-43.0,3864,3862,462.0,456.0,429,7726,45.0,67.0,5.0,9.0,3.0,4.0,40.0,109.0,49.0,129.0,58.0,148.0,5.0,26.0,7.0,16.0,151.0,383.0,41.0,134.0,305.0,209.0,531.0,65.0,960,4517,13.0,26.0,25.0,68.0,103.0,10.0,21.0,28.0,57.0,17.0,121.0,188.0,80.0,591.0,36.0,4.0,383.0,151.0,15.0,92.0,47.0,139.0,29.0,18.0,64.0,24.0,4.0,325.0,19.0,21.0,89.0,96.0,197,40.0,237,7.0,50.0,36.0,14.0,56.0,7.0,44.0,28.0,5.0,12.0,1.0,84.0,9.0,42.0,78.0,2.0,4.0,49.0,,2.0,,72.0,7.0,25.0,6.0,28.0,9.0,17.0,29.0,18.0,118.0,456.0,4.0,0.7014925373134329,0.7121212121212122,0.9425837320574164,0.3935969868173258,0.3676470588235294,0.4912280701754385,0.3935969868173258,0.4393442622950819,0.5,0.4761904761904761,0.5352870813397129,0.5372340425531915,0.6666666666666666,0.552143684820394,0.5421052631578948,0.6954022988505747,0.6351674641148325,0.0491803278688524,0.044776119402985,0.0825688073394495,21.780128794848206,0.6666666666666666,0.0933852140077821,0.0225321888412017,0.1045828437132785,0.0211817168338907,0.0984566258648217,0.021869874248223,0.0437956204379562,0.014799154334038,0.0108108108108108,0.018018018018018,0.0807291666666666,0.0934959349593495,0.0907617504051863,0.141025641025641,0.0148936170212765,0.6206896551724138,0.0801435406698564,0.6716417910447762,0.703125,0.7555555555555555,0.1303827751196172,0.3669724770642202,0.4,0.1543062200956937,0.3798449612403101,0.3888888888888889,0.7142857142857143,0.1770334928229665,0.3918918918918919,0.3945578231292517,0.9827586206896552,0.458133971291866,0.3942558746736292,0.3984168865435356,0.9271523178807948,0.0957446808510638,0.5555555555555556,0.2765957446808511,0.1923076923076923,0.0512820512820512,0.75,0.2051282051282051,0.4375,0.5256410256410257,0.715311004784689,0.3942558746736292,0.5293494545454543,0.5394735294117646,0.5148397435897436,0.0326721120186697,0.0773993808049535,0.1072916666666666,0.1260416666666666,11.585245901639343,25.07396226415095,0.1195652173913043,21.0,12.0,1.0,,0.1348314606741573,0.5121951219512195,2.0,,1.0,4.0,0.125,0.625,,42.0,10.0,0.4468085106382978,6.0,0.0303030303030303,,3.0,0.0056179775280898,20.0,0.4761904761904761,0.9,0.4,False,,2.0,0.0232558139534883,,0.8,1.0,,5.0,8.0,2.0,0.0094161958568738,0.010443864229765,,1.0,,0.0067567567567567
203939,1610612742,Dwight Powell,Dwight Powell,203939,DAL,28810.0,480,-21.0,1001,995,275.0,273.0,116,1996,27.0,37.0,6.0,8.0,3.0,3.0,3.0,7.0,,,2.0,3.0,1.0,1.0,,1.0,,,,30.0,44.0,2.0,3.0,27.0,93,1125,6.0,10.0,1.0,1.0,19.0,3.0,3.0,,1.0,9.0,15.0,48.0,12.0,6.0,,10.0,,,5.0,34.0,15.0,49.0,13.0,2.0,15.0,13.0,6.0,113.0,18.0,22.0,26.0,32.0,59,40.0,99,1.0,17.0,10.0,7.0,8.0,,4.0,7.0,,4.0,,15.0,4.0,37.0,65.0,7.0,6.0,43.0,2.0,3.0,,41.0,1.0,14.0,5.0,20.0,9.0,11.0,20.0,11.0,15.0,275.0,6.0,0.8,0.96,1.0,0.6666666666666666,1.0,,0.6666666666666666,0.6818181818181818,0.6,1.0,0.7021276595744681,0.6818181818181818,0.75,0.7153846153846154,0.6785714285714286,0.75,0.0638297872340425,0.1136363636363636,0.081081081081081,0.2857142857142857,7.073386383731211,0.5333333333333333,0.1226053639846743,0.0932203389830508,0.134020618556701,0.0803571428571428,0.1274725274725274,0.0869565217391304,0.0933333333333333,0.0948275862068965,0.0888888888888888,0.0794701986754966,0.1630434782608695,0.1293103448275862,0.1347517730496454,0.1320754716981132,0.1,0.55,0.7872340425531915,0.7297297297297297,0.7941176470588235,0.7777777777777778,0.1489361702127659,0.4285714285714285,0.6,,,,,0.0638297872340425,0.6666666666666666,0.6666666666666666,1.0,,,,,0.7272727272727273,0.75,0.0909090909090909,1.0,0.75,1.0,0.25,,,0.851063829787234,,0.6545544444444445,0.6019277777777778,0.649325,0.2333333333333333,0.2456140350877192,0.2043010752688172,0.1612903225806451,2.209090909090909,23.03333333333333,0.2747252747252747,,1.0,,,0.0625,,4.0,,9.0,5.0,0.0377358490566037,1.0,,,1.0,,,0.0821917808219178,,,,,,,0.1666666666666666,False,,1.0,,,1.0,,,,,,,,,,,
1630314,1610612742,Brandon Williams,Brandon Williams,1630314,DAL,24504.0,408,-9.0,872,869,258.0,221.0,84,1741,37.0,64.0,2.0,3.0,7.0,16.0,16.0,35.0,4.0,9.0,3.0,8.0,,,,1.0,14.0,37.0,17.0,57.0,108.0,17.0,45.0,51.0,216,972,3.0,5.0,2.0,3.0,13.0,11.0,30.0,3.0,18.0,22.0,53.0,38.0,76.0,42.0,9.0,2.0,34.0,14.0,19.0,42.0,23.0,65.0,11.0,12.0,22.0,16.0,4.0,153.0,3.0,8.0,14.0,23.0,39,12.0,51,,21.0,12.0,9.0,26.0,6.0,18.0,8.0,1.0,8.0,,34.0,6.0,20.0,28.0,1.0,1.0,50.0,,4.0,,61.0,4.0,26.0,5.0,4.0,3.0,1.0,5.0,4.0,53.0,256.0,2.0,0.3333333333333333,0.3392857142857143,0.8235294117647058,0.3777777777777777,0.6666666666666666,0.1666666666666666,0.4047619047619047,0.5277777777777778,0.6,0.3666666666666666,0.5392156862745098,0.75,0.3229166666666667,0.5966850828729282,0.7222222222222222,0.4416666666666666,0.2941176470588235,0.1759259259259259,0.140625,0.2857142857142857,22.395833333333336,0.7647058823529411,0.1116504854368932,0.0379146919431279,0.0714285714285714,0.0175438596491228,0.0920398009950248,0.0287958115183246,0.0705882352941176,0.0219780219780219,,0.0168067226890756,0.1182795698924731,0.1162790697674418,0.0845070422535211,0.037037037037037,,0.8,0.4183006535947712,0.578125,0.6727272727272727,0.3243243243243243,0.2287581699346405,0.4571428571428571,0.64,0.0588235294117647,0.4444444444444444,0.4444444444444444,0.25,0.0522875816993464,0.375,0.375,1.0,0.2418300653594771,0.3783783783783784,0.3783783783783784,0.7857142857142857,0.375,0.6666666666666666,,,0.3333333333333333,0.4375,0.0208333333333333,,0.3541666666666667,0.7124183006535948,0.4117647058823529,0.5501032142857143,0.5312875,0.5352162790697675,0.1534090909090909,0.2,0.0601851851851851,0.2453703703703703,5.325,27.46363636363636,0.2958715596330275,3.0,2.0,1.0,1.0,0.0909090909090909,0.1764705882352941,1.0,,1.0,5.0,0.074074074074074,0.375,3.0,3.0,2.0,0.375,,0.0192307692307692,,1.0,0.0217391304347826,2.0,0.6666666666666666,1.0,0.5,False,1.0,,,0.0588235294117647,,,,,,,,,,,,
1641789,1610612742,Jazian Gortman,Jazian Gortman,1641789,DAL,3395.0,57,11.0,129,125,53.0,64.0,15,254,2.0,4.0,,,2.0,4.0,1.0,5.0,2.0,3.0,2.0,5.0,,1.0,1.0,3.0,2.0,6.0,1.0,5.0,12.0,4.0,11.0,2.0,24,126,,,,1.0,,4.0,7.0,1.0,4.0,1.0,12.0,2.0,8.0,9.0,3.0,,6.0,2.0,1.0,4.0,2.0,6.0,2.0,,2.0,1.0,1.0,14.0,1.0,,,4.0,4,1.0,5,,2.0,1.0,1.0,3.0,,1.0,2.0,1.0,2.0,,5.0,3.0,4.0,9.0,,,2.0,,,,4.0,,,1.0,1.0,,1.0,1.0,,12.0,53.0,,0.2,0.2,0.75,0.3636363636363636,,0.25,0.3636363636363636,0.4166666666666667,,0.5714285714285714,0.4782608695652174,,0.5,0.5,,0.5,0.4782608695652174,0.0833333333333333,0.25,,20.0,0.6,0.1,,,0.0357142857142857,0.0677966101694915,0.0185185185185185,,,,0.05,0.0625,0.1333333333333333,,,,,0.1739130434782608,0.5,0.6666666666666666,,0.217391304347826,0.2,0.2,0.1304347826086956,0.6666666666666666,0.6666666666666666,0.5,0.217391304347826,0.4,0.4,1.0,0.2608695652173913,0.3333333333333333,0.3333333333333333,0.5,,,1.0,,0.3636363636363636,0.5,0.2727272727272727,0.3333333333333333,0.0909090909090909,0.6521739130434783,0.3333333333333333,0.5094717391304348,0.44745,0.528609090909091,,,,0.5,9.158333333333331,24.21818181818181,0.4108527131782946,,,,,,,,,,,0.1111111111111111,,,,,,1.0,,,,,,,,,False,,,,,,,,,,,,,,,,
1630230,1610612742,Naji Marshall,Naji Marshall,1630230,DAL,105233.0,1754,-127.0,3611,3627,814.0,815.0,395,7238,137.0,195.0,24.0,31.0,37.0,54.0,130.0,244.0,12.0,16.0,29.0,100.0,4.0,9.0,7.0,24.0,24.0,101.0,25.0,279.0,455.0,53.0,201.0,108.0,825,4257,38.0,54.0,8.0,19.0,105.0,74.0,113.0,13.0,49.0,41.0,228.0,270.0,288.0,159.0,,38.0,94.0,24.0,32.0,111.0,82.0,193.0,58.0,24.0,73.0,24.0,14.0,468.0,41.0,30.0,125.0,90.0,228,72.0,300,13.0,64.0,34.0,30.0,58.0,15.0,35.0,39.0,9.0,23.0,,97.0,27.0,47.0,102.0,9.0,6.0,105.0,1.0,1.0,2.0,136.0,18.0,70.0,7.0,9.0,5.0,4.0,9.0,2.0,224.0,805.0,10.0,0.4838709677419355,0.5192307692307693,1.0,0.263681592039801,0.4210526315789473,0.2653061224489796,0.2731958762886597,0.6131868131868132,0.7037037037037037,0.6548672566371682,0.5464939024390244,0.684931506849315,0.5771604938271605,0.5769230769230769,0.6818181818181818,0.6129032258064516,0.3064024390243902,0.0703296703296703,0.0871794871794871,0.0614754098360655,20.03458498023716,0.5979381443298969,0.0987925356750823,0.0344827586206896,0.155860349127182,0.0554054054054054,0.1255107997664915,0.0440993788819875,0.032258064516129,0.038876889848812,0.0234375,0.062730627306273,0.075075075075075,0.1015801354401805,0.1641025641025641,0.1336405529953917,0.0476190476190476,0.2222222222222222,0.2972560975609756,0.7025641025641025,0.7696629213483146,0.5620437956204379,0.3719512195121951,0.5327868852459017,0.5676855895196506,0.024390243902439,0.75,0.75,0.6666666666666666,0.1524390243902439,0.29,0.2959183673469387,1.0,0.1539634146341463,0.2376237623762376,0.24,1.0,0.4246575342465753,0.7741935483870968,0.1232876712328767,0.4444444444444444,0.3333333333333333,0.6851851851851852,0.1481481481481481,0.2916666666666667,0.1543209876543209,0.6036585365853658,0.2553191489361702,0.5393741185897434,0.5539579545454544,0.536250986842105,0.0988700564971751,0.1380670611439842,0.1272727272727272,0.2763636363636363,5.778901098901098,25.585572139303483,0.2254223206867903,6.0,13.0,,,0.1477272727272727,0.24,5.0,,4.0,3.0,0.1481481481481481,0.3846153846153846,7.0,10.0,7.0,0.136986301369863,6.0,0.0353535353535353,,,,4.0,0.4,1.0,0.2916666666666667,False,1.0,3.0,,0.0099009900990099,1.0,,1.0,3.0,1.0,,0.0149253731343283,0.0099009900990099,,,,0.02
1630702,1610612742,Jaden Hardy,Jaden Hardy,1630702,DAL,50102.0,835,-55.0,1751,1736,488.0,509.0,183,3487,43.0,75.0,2.0,6.0,10.0,19.0,45.0,93.0,11.0,34.0,17.0,41.0,2.0,5.0,3.0,11.0,48.0,134.0,42.0,99.0,202.0,65.0,175.0,56.0,449,1994,4.0,10.0,8.0,17.0,36.0,23.0,55.0,19.0,53.0,21.0,124.0,72.0,126.0,168.0,27.0,,133.0,48.0,21.0,51.0,23.0,74.0,12.0,11.0,36.0,14.0,1.0,171.0,4.0,5.0,40.0,33.0,76,9.0,85,1.0,25.0,15.0,10.0,45.0,7.0,22.0,29.0,7.0,23.0,3.0,74.0,22.0,47.0,86.0,5.0,5.0,60.0,2.0,4.0,,78.0,7.0,35.0,7.0,5.0,1.0,3.0,5.0,3.0,123.0,486.0,8.0,0.3636363636363636,0.3636363636363636,0.8615384615384616,0.3714285714285714,0.4705882352941176,0.3584905660377358,0.3735632183908046,0.4900990099009901,0.4,0.4181818181818181,0.5212201591511937,0.5925925925925926,0.4768518518518518,0.5436893203883495,0.6206896551724138,0.5168067226890757,0.4641909814323607,0.1039603960396039,0.1333333333333333,0.1182795698924731,24.782830863566684,0.6081081081081081,0.079136690647482,0.0119331742243436,0.1033591731266149,0.0119047619047619,0.0907960199004975,0.0119205298013245,0.0069444444444444,0.0144230769230769,0.0149253731343283,0.0121951219512195,0.1117647058823529,0.0641711229946524,0.1092715231788079,0.0823529411764705,0.0054347826086956,0.6,0.1989389920424403,0.5733333333333334,0.6615384615384615,0.4651162790697674,0.246684350132626,0.4838709677419355,0.5487804878048781,0.0901856763925729,0.3235294117647059,0.3235294117647059,0.0909090909090909,0.1087533156498673,0.4146341463414634,0.4146341463414634,1.0,0.3554376657824933,0.3582089552238806,0.3636363636363636,0.8125,0.2222222222222222,0.3333333333333333,0.1851851851851851,0.4,0.1759259259259259,0.5263157894736842,0.1018518518518518,0.2727272727272727,0.3888888888888889,0.6631299734748011,0.3609022556390977,0.5250711171662126,0.5752749999999999,0.5081238317757009,0.0864197530864197,0.1521739130434782,0.0801781737193764,0.2761692650334075,7.649999999999999,25.476571428571447,0.278697886921759,16.0,3.0,,,0.073170731707317,0.3809523809523809,4.0,,,5.0,0.0333333333333333,0.3333333333333333,1.0,12.0,3.0,0.4444444444444444,3.0,0.0111111111111111,,,,6.0,0.5,1.0,1.0,False,,3.0,,,1.0,,,2.0,2.0,1.0,0.0114285714285714,0.0149253731343283,,,,
1641765,1610612742,Olivier-Maxence Prosper,Olivier-Maxence Prosper,1641765,DAL,35038.0,584,-104.0,1214,1227,322.0,266.0,125,2441,45.0,74.0,8.0,15.0,13.0,18.0,11.0,38.0,2.0,11.0,9.0,35.0,,4.0,1.0,7.0,3.0,16.0,3.0,58.0,123.0,12.0,51.0,49.0,201,1382,8.0,21.0,,5.0,23.0,15.0,23.0,1.0,10.0,14.0,47.0,74.0,42.0,36.0,,10.0,16.0,3.0,17.0,20.0,20.0,40.0,11.0,9.0,9.0,6.0,5.0,100.0,27.0,16.0,26.0,48.0,82,44.0,126,4.0,26.0,17.0,9.0,3.0,4.0,2.0,11.0,2.0,1.0,,14.0,2.0,14.0,28.0,3.0,1.0,53.0,,2.0,,76.0,6.0,37.0,4.0,6.0,5.0,1.0,6.0,4.0,47.0,321.0,1.0,0.6379310344827587,0.6981132075471698,1.0,0.2352941176470588,,0.1,0.2352941176470588,0.4715447154471545,0.3809523809523809,0.6521739130434783,0.4367816091954023,0.3076923076923077,0.5,0.4808612440191387,0.3709677419354839,0.5222222222222223,0.293103448275862,0.1382113821138211,0.1351351351351351,0.1842105263157894,16.38501102130786,0.2142857142857142,0.1543408360128617,0.0544217687074829,0.1052631578947368,0.0971223021582733,0.1326164874551971,0.0751748251748251,0.0666666666666666,0.0381679389312977,0.0689655172413793,0.099502487562189,0.1282051282051282,0.1571428571428571,0.1075268817204301,0.0983606557377049,0.0465116279069767,0.6666666666666666,0.425287356321839,0.6081081081081081,0.703125,0.6666666666666666,0.2183908045977011,0.2894736842105263,0.3548387096774194,0.0632183908045977,0.1818181818181818,0.1818181818181818,1.0,0.2011494252873563,0.2571428571428571,0.2571428571428571,1.0,0.0919540229885057,0.1875,0.1875,1.0,0.5769230769230769,0.5333333333333333,0.1538461538461538,,0.5454545454545454,0.7222222222222222,0.2121212121212121,0.1428571428571428,0.0909090909090909,0.7183908045977011,0.1875,0.5763508620689655,0.584625,0.6391303030303029,0.1804878048780487,0.2402597402597402,0.1144278606965174,0.2338308457711442,4.673170731707317,24.04509803921568,0.2652388797364086,,8.0,,,0.2857142857142857,,7.0,,8.0,4.0,0.2037037037037037,0.4545454545454545,,1.0,2.0,0.0384615384615384,3.0,0.0909090909090909,,,,,,,0.375,False,1.0,1.0,,0.027027027027027,,,2.0,,,,,,,,,
1630556,1610612742,Kessler Edwards,Kessler Edwards,1630556,DAL,34128.0,569,-168.0,1173,1184,201.0,199.0,107,2357,30.0,46.0,8.0,12.0,2.0,5.0,12.0,27.0,1.0,4.0,9.0,27.0,1.0,4.0,1.0,5.0,9.0,22.0,5.0,43.0,77.0,18.0,49.0,8.0,148,1490,9.0,16.0,2.0,6.0,24.0,3.0,7.0,3.0,10.0,2.0,17.0,70.0,16.0,54.0,,8.0,22.0,9.0,6.0,18.0,21.0,39.0,14.0,7.0,7.0,9.0,2.0,99.0,11.0,10.0,36.0,46.0,88,21.0,109,2.0,19.0,10.0,9.0,9.0,2.0,6.0,6.0,,3.0,1.0,15.0,4.0,37.0,57.0,2.0,1.0,12.0,,1.0,,9.0,1.0,4.0,1.0,18.0,9.0,8.0,20.0,9.0,17.0,199.0,3.0,0.813953488372093,0.8974358974358975,1.0,0.3673469387755102,0.3333333333333333,0.3,0.3673469387755102,0.5584415584415584,0.5625,0.4285714285714285,0.5555555555555556,0.5454545454545454,0.4411764705882353,0.5692307692307692,0.5454545454545454,0.4722222222222222,0.3888888888888889,0.0779220779220779,0.108695652173913,0.037037037037037,11.249030256012412,0.6,0.1543624161073825,0.0374531835205992,0.1607142857142857,0.04296875,0.1570881226053639,0.0401529636711281,0.0348837209302325,0.046875,0.0188679245283018,0.0355329949238578,0.1085271317829457,0.1818181818181818,0.1636363636363636,0.1525423728813559,0.0344827586206896,0.45,0.365079365079365,0.6521739130434783,0.7317073170731707,0.7666666666666667,0.2142857142857142,0.4444444444444444,0.4615384615384615,0.0317460317460317,0.25,0.25,1.0,0.2142857142857142,0.3333333333333333,0.3333333333333333,1.0,0.1746031746031746,0.4090909090909091,0.4090909090909091,1.0,0.5454545454545454,0.6666666666666666,0.1818181818181818,0.25,0.2941176470588235,0.4,0.2941176470588235,0.2,0.2941176470588235,0.753968253968254,0.4090909090909091,0.5571785714285715,0.6018875,0.5252117647058824,0.0310077519379844,0.05,0.1621621621621621,0.1148648648648648,4.670129870129871,24.295918367346932,0.1713554987212276,2.0,6.0,2.0,2.0,0.2142857142857142,0.4,,,3.0,1.0,0.2162162162162162,0.9166666666666666,,2.0,1.0,0.0909090909090909,2.0,0.0677966101694915,,,,1.0,0.5,1.0,0.375,False,,,,,1.0,,1.0,,,1.0,,,,,,
1629650,1610612742,Moses Brown,Moses Brown,1629650,DAL,4380.0,73,-3.0,152,155,37.0,20.0,11,307,18.0,21.0,4.0,4.0,5.0,6.0,3.0,8.0,,,,,,,,,,,,21.0,29.0,,,5.0,47,167,4.0,5.0,,,10.0,7.0,10.0,,,,14.0,28.0,14.0,,,6.0,,,3.0,1.0,1.0,2.0,1.0,,,1.0,,5.0,3.0,5.0,11.0,12.0,23,8.0,31,,4.0,3.0,1.0,2.0,,2.0,3.0,,,,5.0,3.0,11.0,11.0,,,5.0,,,,6.0,2.0,4.0,,3.0,1.0,2.0,3.0,1.0,14.0,35.0,,0.6666666666666666,0.7777777777777778,,,,,,0.7241379310344828,0.8,0.7,0.7241379310344828,0.8,0.7,0.7580645161290323,0.8333333333333334,0.7,,0.1034482758620689,0.0952380952380952,0.125,21.686746987951807,0.4,0.2448979591836734,0.131578947368421,0.275,0.0967741935483871,0.2584269662921348,0.1159420289855072,0.5714285714285714,,0.1428571428571428,0.1153846153846153,0.2222222222222222,0.2702702702702703,0.2903225806451613,0.2222222222222222,,0.3333333333333333,0.7241379310344828,0.8571428571428571,0.9473684210526316,0.6111111111111112,0.2758620689655172,0.375,0.4285714285714285,,,,,,,,,,,,,0.8,1.0,,,0.6,0.8333333333333334,,,,0.7241379310344828,,0.6073448275862069,0.5808,0.5670299999999999,0.1290322580645161,0.1290322580645161,0.2127659574468085,0.2978723404255319,3.0068965517241377,,0.2434210526315789,,,,,,,2.0,,1.0,,,1.0,,,2.0,,2.0,,,,,,,,,False,,,,,,,,,,,,,,,2.0,
1631108,1610612742,Max Christie,Max Christie,1631108,DAL,48379.0,806,-56.0,1669,1683,339.0,328.0,157,3352,20.0,32.0,4.0,6.0,3.0,6.0,22.0,56.0,16.0,36.0,12.0,33.0,3.0,5.0,2.0,5.0,35.0,93.0,22.0,58.0,124.0,47.0,126.0,47.0,304,2010,5.0,10.0,8.0,15.0,36.0,8.0,21.0,12.0,27.0,27.0,79.0,58.0,58.0,138.0,3.0,6.0,93.0,35.0,17.0,41.0,28.0,69.0,18.0,10.0,27.0,8.0,6.0,166.0,6.0,7.0,48.0,47.0,101,13.0,114,5.0,29.0,19.0,10.0,26.0,9.0,14.0,14.0,1.0,12.0,,40.0,8.0,22.0,40.0,2.0,1.0,42.0,,,,54.0,2.0,20.0,6.0,8.0,5.0,2.0,9.0,5.0,75.0,332.0,4.0,0.5,0.5272727272727272,0.9787234042553192,0.373015873015873,0.5333333333333333,0.4444444444444444,0.373015873015873,0.4677419354838709,0.5,0.3809523809523809,0.514,0.68,0.5416666666666666,0.5490909090909091,0.6923076923076923,0.6370967741935484,0.504,0.1370967741935483,0.15625,0.2142857142857142,16.972972972972972,0.65,0.1127098321342925,0.0173697270471464,0.1371428571428571,0.018348623853211,0.1238591916558018,0.0178082191780821,0.017094017094017,0.0180995475113122,0.0153846153846153,0.0125523012552301,0.0670731707317073,0.1414141414141414,0.1346153846153846,0.1444444444444444,0.040650406504065,0.5555555555555556,0.128,0.625,0.7407407407407407,0.65,0.224,0.3928571428571428,0.5,0.144,0.4444444444444444,0.4444444444444444,0.375,0.132,0.3636363636363636,0.3636363636363636,1.0,0.372,0.3763440860215054,0.3846153846153846,0.9714285714285714,0.24,0.6666666666666666,0.2,0.6,0.125,0.5,0.1041666666666666,0.4,0.4583333333333333,0.632,0.3763440860215054,0.5183599999999998,0.5545184210526315,0.5195585106382979,0.0780669144981412,0.1408450704225352,0.1184210526315789,0.2598684210526316,9.37741935483871,25.237301587301594,0.2031156381066506,10.0,6.0,1.0,1.0,0.1764705882352941,0.4545454545454545,2.0,,4.0,3.0,0.1454545454545454,0.4545454545454545,,10.0,2.0,0.4,3.0,0.034090909090909,,1.0,0.0078740157480314,5.0,0.5,0.8,0.25,False,,,,,1.0,,,2.0,2.0,1.0,0.0158730158730158,0.021505376344086,,,1.0,
203957,1610612742,Danté Exum,Danté Exum,203957,DAL,19170.0,320,-31.0,661,662,102.0,91.0,70,1323,25.0,40.0,1.0,3.0,2.0,6.0,10.0,29.0,2.0,4.0,10.0,16.0,,,,1.0,9.0,26.0,2.0,37.0,73.0,19.0,42.0,23.0,154,777,2.0,6.0,1.0,2.0,7.0,2.0,11.0,1.0,3.0,6.0,13.0,30.0,44.0,51.0,6.0,,26.0,9.0,14.0,30.0,20.0,50.0,14.0,6.0,17.0,10.0,3.0,120.0,2.0,2.0,13.0,11.0,24,4.0,28,1.0,12.0,6.0,6.0,12.0,4.0,10.0,8.0,,2.0,,20.0,2.0,20.0,27.0,,1.0,30.0,2.0,3.0,,31.0,3.0,14.0,3.0,3.0,3.0,,3.0,1.0,13.0,99.0,,0.4054054054054054,0.4054054054054054,0.8947368421052632,0.4523809523809524,0.5,0.3333333333333333,0.4523809523809524,0.5068493150684932,0.3333333333333333,0.1818181818181818,0.5695652173913044,0.4375,0.25,0.5968992248062015,0.4375,0.3611111111111111,0.3652173913043478,0.1917808219178082,0.2,0.2068965517241379,20.080862533692724,0.6,0.0632183908045977,0.0112994350282485,0.0942028985507246,0.0149253731343283,0.0769230769230769,0.0128617363344051,,0.0208333333333333,,0.0196078431372549,0.0675675675675675,0.0666666666666666,0.101010101010101,0.0769230769230769,0.0227272727272727,0.3333333333333333,0.3478260869565217,0.625,0.78125,0.36,0.2521739130434782,0.3448275862068966,0.4347826086956521,0.0347826086956521,0.5,0.5,0.5,0.1391304347826087,0.625,0.625,1.0,0.2260869565217391,0.3461538461538461,0.3461538461538461,0.7777777777777778,0.375,0.3333333333333333,,,0.4285714285714285,0.3333333333333333,0.0714285714285714,,0.1428571428571428,0.7130434782608696,0.3461538461538461,0.549353043478261,0.6154999999999999,0.5811,0.1111111111111111,0.1666666666666666,0.0454545454545454,0.0844155844155844,5.020547945205479,24.945238095238096,0.1543116490166414,1.0,,,,,0.5,,,,3.0,0.04,0.5,,2.0,,0.25,1.0,,,,,1.0,0.5,1.0,1.0,False,,2.0,,,,,,,,,,,,,,
203076,1610612742,Anthony Davis,Anthony Davis,203076,DAL,11866.0,198,-4.0,407,400,23.0,59.0,34,807,23.0,36.0,3.0,4.0,,2.0,12.0,35.0,14.0,28.0,1.0,1.0,,,,,4.0,18.0,1.0,49.0,99.0,5.0,19.0,22.0,135,472,3.0,9.0,,,9.0,1.0,4.0,1.0,1.0,2.0,7.0,62.0,36.0,9.0,6.0,6.0,18.0,4.0,4.0,19.0,13.0,32.0,10.0,3.0,12.0,5.0,2.0,77.0,4.0,4.0,21.0,28.0,52,8.0,60,2.0,5.0,1.0,4.0,9.0,3.0,6.0,6.0,2.0,3.0,,15.0,1.0,10.0,13.0,1.0,1.0,27.0,,,,34.0,4.0,18.0,1.0,17.0,13.0,3.0,17.0,8.0,7.0,22.0,,0.6326530612244898,0.6739130434782609,0.6,0.2631578947368421,,1.0,0.2631578947368421,0.494949494949495,0.3333333333333333,0.25,0.4788135593220339,0.3333333333333333,0.5,0.5075187969924813,0.375,0.5833333333333334,0.1610169491525423,0.0404040404040404,0.0555555555555555,0.0571428571428571,33.18385650224215,0.6,0.2641509433962264,0.0396039603960396,0.2210526315789473,0.056338028169014,0.2437810945273631,0.0465116279069767,0.0357142857142857,0.0625,,0.0416666666666666,0.2222222222222222,0.3255813953488372,0.217391304347826,0.2307692307692307,0.0333333333333333,0.4705882352941176,0.3050847457627119,0.6388888888888888,0.6764705882352942,0.782608695652174,0.2966101694915254,0.3428571428571428,0.3636363636363636,0.2372881355932203,0.5,0.5,0.5714285714285714,0.0084745762711864,1.0,1.0,1.0,0.1525423728813559,0.2222222222222222,0.2222222222222222,0.5,0.4444444444444444,0.75,,,0.4,,,,0.2,0.4661016949152542,0.2222222222222222,0.5287122881355931,0.4612166666666666,0.5230899999999999,0.1363636363636363,0.1592920353982301,0.0666666666666666,0.0518518518518518,8.819191919191919,25.347368421052632,0.0565110565110565,1.0,3.0,,,0.3333333333333333,1.0,3.0,,1.0,1.0,0.2222222222222222,0.4166666666666667,,,,,,0.0869565217391304,,,,,,,,False,,,,,,,,,,1.0,,,,,,
1630283,1610612742,Kylor Kelley,Kylor Kelley,1630283,DAL,4005.0,67,-36.0,138,140,52.0,10.0,20,278,6.0,8.0,2.0,3.0,2.0,4.0,4.0,5.0,,,,,,,,,,,,10.0,13.0,,,4.0,24,185,4.0,6.0,,,9.0,2.0,4.0,,,1.0,5.0,16.0,4.0,,,2.0,,,,1.0,1.0,2.0,1.0,,1.0,,,5.0,6.0,2.0,7.0,5.0,13,8.0,21,,,,,1.0,,1.0,,,,,1.0,,6.0,8.0,2.0,,4.0,,,,6.0,,2.0,1.0,2.0,1.0,1.0,2.0,1.0,5.0,52.0,,0.8,0.8888888888888888,,,,,,0.7692307692307693,0.6666666666666666,0.5,0.7692307692307693,0.6666666666666666,0.5,0.75,0.6428571428571429,0.5,,,,,10.303030303030305,1.0,0.1470588235294117,0.048780487804878,0.2121212121212121,0.1764705882352941,0.1791044776119403,0.1066666666666666,0.0833333333333333,0.0384615384615384,,0.2307692307692307,0.0625,0.2857142857142857,0.16,0.375,,0.5,0.6153846153846154,0.75,0.75,0.6666666666666666,0.3846153846153846,0.8,0.8,,,,,,,,,,,,,0.5,0.6666666666666666,,,1.0,0.5,,,,0.6153846153846154,,0.5965307692307692,0.5230750000000001,0.72875,0.1333333333333333,0.1333333333333333,0.375,0.2083333333333333,2.838461538461539,,0.3768115942028985,,1.0,,,0.3333333333333333,,1.0,,2.0,1.0,,1.0,,,,,,,,,,,,,,False,,,,,,,2.0,,,,,,,,,
202693,1610612742,Markieff Morris,Markieff Morris,202693,DAL,2440.0,41,-10.0,91,91,47.0,57.0,8,182,,1.0,,,,,1.0,3.0,2.0,5.0,,2.0,,,,2.0,2.0,11.0,7.0,3.0,9.0,2.0,13.0,,12,103,1.0,1.0,1.0,1.0,5.0,2.0,4.0,2.0,9.0,,10.0,4.0,2.0,6.0,,,10.0,2.0,,2.0,2.0,4.0,1.0,1.0,1.0,1.0,,10.0,,,1.0,4.0,8,,8,,1.0,1.0,,2.0,,1.0,,,1.0,,2.0,2.0,2.0,2.0,,,1.0,,,,,,,,1.0,,1.0,1.0,1.0,10.0,47.0,,0.6666666666666666,0.6666666666666666,1.0,0.1538461538461538,1.0,0.2222222222222222,0.1666666666666666,0.3333333333333333,1.0,0.5,0.2727272727272727,1.25,0.3846153846153846,0.2727272727272727,1.25,0.3846153846153846,0.5909090909090909,,,,24.24242424242424,1.0,0.1538461538461538,,0.0714285714285714,,0.125,,,,,,0.1111111111111111,0.1818181818181818,0.0909090909090909,,,1.0,0.0454545454545454,,,,0.1363636363636363,0.3333333333333333,0.3333333333333333,0.2272727272727272,0.4,0.4,0.5,0.0909090909090909,,,,0.5,0.1818181818181818,0.1818181818181818,1.0,,,,,,,0.1538461538461538,,0.5384615384615384,0.6363636363636364,0.2,0.476647619047619,0.4959,0.4817115384615384,,,0.4166666666666667,0.8333333333333334,14.18888888888889,28.35384615384616,0.5164835164835165,2.0,3.0,,,0.5,0.2857142857142857,,,,,0.1666666666666666,1.0,1.0,1.0,,0.5,,,,,,1.0,1.0,1.0,,False,,,,,,,,,,,,,,,,
1630539,1610612742,Kai Jones,Kai Jones,1630539,DAL,12303.0,205,18.0,409,421,42.0,48.0,37,830,37.0,38.0,5.0,6.0,4.0,4.0,7.0,12.0,1.0,3.0,,,,,,,1.0,3.0,,45.0,53.0,1.0,3.0,11.0,104,475,5.0,6.0,,,11.0,4.0,5.0,,,3.0,11.0,78.0,12.0,3.0,,8.0,3.0,1.0,2.0,9.0,3.0,12.0,2.0,1.0,6.0,3.0,,27.0,5.0,13.0,19.0,23.0,45,18.0,63,,6.0,3.0,3.0,3.0,,1.0,2.0,,2.0,,5.0,1.0,15.0,22.0,,2.0,12.0,,,,14.0,4.0,9.0,,9.0,6.0,3.0,9.0,6.0,11.0,42.0,,0.8666666666666667,0.951219512195122,1.0,0.3333333333333333,,,0.3333333333333333,0.8490566037735849,0.8333333333333334,0.8,0.8303571428571429,0.8333333333333334,0.8,0.8524590163934426,0.7857142857142857,0.9166666666666666,0.0535714285714285,0.0377358490566037,0.0263157894736842,0.0833333333333333,14.76510067114094,0.6,0.209090909090909,0.1382978723404255,0.2111111111111111,0.0684931506849315,0.21,0.1077844311377245,0.1304347826086956,0.1538461538461538,0.1052631578947368,0.0384615384615384,0.2,0.217391304347826,0.2051282051282051,0.25,,0.6666666666666666,0.6785714285714286,0.9736842105263158,1.0,0.8918918918918919,0.2142857142857142,0.5833333333333334,0.6363636363636364,0.0535714285714285,0.3333333333333333,0.3333333333333333,1.0,,,,,0.0535714285714285,0.3333333333333333,0.3333333333333333,1.0,1.0,0.8333333333333334,,,0.8,1.0,,,,0.7321428571428571,0.3333333333333333,0.6776450000000002,0.615575,0.67262,0.1475409836065573,0.1551724137931034,0.1057692307692307,0.1057692307692307,3.928301886792453,25.83333333333333,0.1026894865525672,,3.0,,,0.2307692307692307,,1.0,,,,0.2105263157894736,0.7142857142857143,,,,,,0.1428571428571428,,,,,,,0.2,False,,,,,,,1.0,,,,,,,,1.0,
1626162,1610612755,Kelly Oubre Jr.,Kelly Oubre Jr.,1626162,PHI,31539.0,526,-66.0,1047,1066,209.0,224.0,119,2113,48.0,70.0,11.0,18.0,10.0,15.0,19.0,50.0,1.0,1.0,6.0,22.0,2.0,4.0,2.0,4.0,14.0,56.0,9.0,68.0,121.0,20.0,78.0,34.0,230,1226,12.0,21.0,2.0,8.0,39.0,14.0,24.0,5.0,13.0,15.0,58.0,74.0,62.0,60.0,,12.0,56.0,14.0,18.0,15.0,12.0,27.0,11.0,1.0,12.0,2.0,1.0,66.0,5.0,19.0,34.0,17.0,55,25.0,80,5.0,24.0,10.0,14.0,13.0,1.0,5.0,5.0,2.0,8.0,,18.0,2.0,21.0,49.0,3.0,1.0,42.0,1.0,8.0,,44.0,7.0,18.0,6.0,7.0,4.0,3.0,10.0,2.0,56.0,198.0,4.0,0.5441176470588235,0.5967741935483871,1.0,0.2564102564102564,0.25,0.38461538461538464,0.2564102564102564,0.5619834710743802,0.5714285714285714,0.5833333333333334,0.49246231155778897,0.5172413793103449,0.581081081081081,0.5299539170506913,0.5909090909090909,0.6304347826086957,0.39195979899497485,0.1487603305785124,0.07142857142857142,0.26,19.915254237288135,0.7222222222222222,0.07555555555555556,0.07569721115537849,0.1452991452991453,0.019157088122605363,0.1111111111111111,0.046875,0.10309278350515463,0.06060606060606061,0.05454545454545454,0.01951219512195122,0.0673076923076923,0.05063291139240506,0.16091954022988506,0.1,0.05555555555555555,0.2,0.35175879396984927,0.6857142857142857,0.7384615384615385,0.5833333333333334,0.25125628140703515,0.38,0.5135135135135135,0.005025125628140704,1.0,1.0,,0.11055276381909548,0.2727272727272727,0.2727272727272727,1.0,0.2814070351758794,0.25,0.25925925925925924,1.0,0.6206896551724138,0.6111111111111112,0.13793103448275862,0.5,0.40540540540540543,0.6666666666666666,0.10810810810810811,0.5,0.24324324324324326,0.7437185929648241,0.25,0.5650834170854272,0.5890842105263158,0.5602081081081081,0.09004739336492891,0.13636363636363635,0.16956521739130434,0.25217391304347825,4.248760330578513,25.649999999999995,0.19961795606494748,3.0,4.0,3.0,2.0,0.14814814814814814,0.3333333333333333,9.0,,1.0,4.0,0.14285714285714285,0.47368421052631576,,4.0,2.0,0.13793103448275862,1.0,0.017857142857142856,,1.0,0.012658227848101266,,,,0.36363636363636365,True,1.0,,,0.03333333333333333,1.0,1.0,,2.0,,,0.02564102564102564,0.03571428571428571,,,,
1627824,1610612755,Guerschon Yabusele,Guerschon Yabusele,1627824,PHI,28247.0,471,,929,928,201.0,243.0,107,1857,36.0,51.0,3.0,7.0,10.0,16.0,3.0,14.0,1.0,2.0,10.0,23.0,1.0,3.0,,8.0,21.0,57.0,6.0,40.0,67.0,31.0,80.0,15.0,188,1081,4.0,11.0,1.0,8.0,16.0,11.0,19.0,1.0,14.0,4.0,29.0,60.0,20.0,93.0,,6.0,57.0,21.0,9.0,20.0,15.0,35.0,14.0,1.0,13.0,2.0,5.0,85.0,14.0,10.0,23.0,34.0,64,28.0,92,3.0,18.0,9.0,9.0,5.0,2.0,3.0,15.0,2.0,2.0,,20.0,3.0,20.0,49.0,5.0,8.0,30.0,,3.0,,22.0,2.0,10.0,2.0,10.0,6.0,3.0,10.0,5.0,27.0,194.0,6.0,0.75,0.8108108108108109,1.0,0.3875,0.125,0.07142857142857142,0.3875,0.5970149253731343,0.36363636363636365,0.5789473684210527,0.5884353741496599,0.2894736842105263,0.3787878787878788,0.5987261146496815,0.36363636363636365,0.3918918918918919,0.54421768707483,0.13432835820895522,0.13725490196078433,0.14285714285714285,16.921606118546844,0.25,0.1717171717171717,0.046296296296296294,0.11004784688995216,0.06278026905829596,0.14004914004914004,0.05466970387243736,0.03296703296703297,0.06172839506172839,0.045454545454545456,0.0718232044198895,0.17045454545454544,0.1375,0.11643835616438356,0.09523809523809523,0.04477611940298507,0.5,0.3469387755102041,0.7058823529411765,0.8181818181818182,0.75,0.09523809523809523,0.21428571428571427,0.25,0.013605442176870748,0.5,0.5,1.0,0.1564625850340136,0.43478260869565216,0.43478260869565216,1.0,0.3877551020408163,0.3684210526315789,0.3684210526315789,1.0,0.3684210526315789,0.42857142857142855,0.15789473684210525,0.3333333333333333,0.48484848484848486,0.625,0.24242424242424243,,0.18181818181818182,0.891156462585034,0.3684210526315789,0.5802649659863945,0.54625,0.5804121212121213,0.06451612903225806,0.13333333333333333,0.0851063829787234,0.15425531914893617,2.940298507462687,25.396250000000002,0.2163616792249731,1.0,7.0,,,0.2692307692307692,0.16666666666666666,5.0,,8.0,1.0,0.26666666666666666,0.6666666666666666,,5.0,1.0,0.2631578947368421,3.0,0.023809523809523808,,,,,,,,True,4.0,,,0.13793103448275862,1.0,,1.0,,,1.0,,,,,,
1628997,1610612755,Caleb Martin,Caleb Martin,1628997,PHI,56586.0,943,-124.0,1872,1878,391.0,443.0,215,3750,34.0,58.0,4.0,9.0,7.0,12.0,22.0,48.0,12.0,39.0,18.0,33.0,2.0,4.0,1.0,5.0,15.0,54.0,9.0,68.0,145.0,33.0,87.0,46.0,281,2166,10.0,20.0,3.0,8.0,36.0,12.0,31.0,3.0,14.0,18.0,51.0,64.0,72.0,99.0,,10.0,52.0,15.0,9.0,35.0,34.0,69.0,24.0,10.0,24.0,9.0,2.0,172.0,21.0,21.0,48.0,38.0,93,43.0,136,4.0,34.0,24.0,10.0,25.0,1.0,7.0,18.0,4.0,18.0,3.0,43.0,13.0,23.0,63.0,5.0,2.0,61.0,1.0,10.0,,74.0,4.0,26.0,9.0,15.0,7.0,6.0,20.0,6.0,49.0,378.0,4.0,0.47058823529411764,0.5079365079365079,1.0,0.3793103448275862,0.375,0.21428571428571427,0.38823529411764707,0.4689655172413793,0.5,0.3870967741935484,0.5064655172413793,0.5178571428571429,0.36666666666666664,0.530188679245283,0.5625,0.4473684210526316,0.375,0.06206896551724138,0.05172413793103448,0.125,14.59024159166272,0.5813953488372093,0.09268292682926829,0.04585152838427948,0.11320754716981132,0.04585152838427948,0.10311750599520383,0.04585152838427948,0.033707865168539325,0.058823529411764705,0.043010752688172046,0.0446927374301676,0.09302325581395349,0.07692307692307693,0.11400651465798045,0.1111111111111111,0.03508771929824561,0.3,0.25,0.5862068965517241,0.6181818181818182,0.47058823529411764,0.20689655172413793,0.4583333333333333,0.5238095238095238,0.16810344827586207,0.3076923076923077,0.3076923076923077,0.5,0.14224137931034483,0.5454545454545454,0.5625,1.0,0.23275862068965517,0.2777777777777778,0.2830188679245283,1.0,0.32142857142857145,0.4444444444444444,0.14285714285714285,0.5,0.26666666666666666,0.5833333333333334,0.1111111111111111,0.2,0.2,0.625,0.28846153846153844,0.5221956521739127,0.5047047619047618,0.5012911111111111,0.109375,0.15568862275449102,0.12811387900355872,0.18149466192170818,8.981379310344822,25.544827586206896,0.20886752136752137,2.0,7.0,5.0,4.0,0.16279069767441862,0.2222222222222222,7.0,1.0,2.0,8.0,0.13043478260869565,0.45454545454545453,2.0,4.0,3.0,0.14285714285714285,3.0,0.05,,2.0,0.02247191011235955,1.0,0.25,1.0,,True,1.0,3.0,,0.02127659574468085,1.0,1.0,,2.0,,2.0,0.022988505747126436,0.018518518518518517,,,,0.030303030303030304
1630178,1610612755,Tyrese Maxey,Tyrese Maxey,1630178,PHI,37775.0,630,-74.0,1260,1256,265.0,308.0,145,2516,50.0,92.0,4.0,5.0,8.0,15.0,32.0,71.0,11.0,24.0,6.0,19.0,,5.0,1.0,4.0,38.0,128.0,24.0,93.0,187.0,44.0,147.0,85.0,403,1475,5.0,11.0,4.0,12.0,26.0,12.0,28.0,8.0,28.0,39.0,87.0,54.0,132.0,60.0,72.0,,126.0,38.0,17.0,41.0,51.0,92.0,34.0,17.0,27.0,10.0,4.0,235.0,2.0,2.0,28.0,19.0,48,4.0,52,1.0,34.0,19.0,15.0,17.0,7.0,9.0,19.0,3.0,8.0,1.0,36.0,5.0,14.0,32.0,,2.0,70.0,,3.0,1.0,102.0,11.0,37.0,17.0,6.0,,5.0,6.0,1.0,77.0,255.0,2.0,0.2903225806451613,0.2903225806451613,0.45454545454545453,0.29931972789115646,0.3333333333333333,0.2857142857142857,0.30344827586206896,0.49732620320855614,0.45454545454545453,0.42857142857142855,0.47604790419161674,0.4782608695652174,0.42857142857142855,0.5251989389920424,0.48,0.5379746835443038,0.44011976047904194,0.09090909090909091,0.09782608695652174,0.11267605633802817,28.771929824561404,0.4722222222222222,0.06934306569343066,0.006472491909385114,0.10408921933085502,0.006557377049180328,0.0865561694290976,0.006514657980456026,0.008064516129032258,0.007751937984496124,,0.004166666666666667,0.09565217391304348,0.037037037037037035,0.10714285714285714,0.0958904109589041,0.005747126436781609,0.16666666666666666,0.2754491017964072,0.5434782608695652,0.6024096385542169,0.34,0.2125748502994012,0.4507042253521127,0.5079365079365079,0.0718562874251497,0.4583333333333333,0.4583333333333333,0.09090909090909091,0.05688622754491018,0.3157894736842105,0.3157894736842105,0.8333333333333334,0.38323353293413176,0.296875,0.2992125984251969,0.39473684210526316,0.21739130434782608,0.8,0.21739130434782608,,0.26785714285714285,0.5333333333333333,0.07142857142857142,0.25,0.42857142857142855,0.7155688622754491,0.30158730158730157,0.5424093373493977,0.5064458333333334,0.5099722222222223,0.10277777777777777,0.17370892018779344,0.06451612903225806,0.21588089330024815,6.223529411764704,26.711564625850336,0.21031746031746032,7.0,1.0,,,0.030303030303030304,0.2916666666666667,4.0,,2.0,8.0,0.0784313725490196,0.28125,2.0,7.0,3.0,0.30434782608695654,3.0,0.015384615384615385,,,,4.0,0.5714285714285714,0.75,1.0,True,,1.0,,,,,,1.0,8.0,1.0,0.006802721088435374,0.0078125,,,,
1630231,1610612755,KJ Martin,KJ Martin,1630231,PHI,6469.0,108,-1.0,212,215,64.0,66.0,29,427,8.0,11.0,,,2.0,2.0,1.0,2.0,,,2.0,6.0,,,,1.0,1.0,2.0,1.0,9.0,13.0,3.0,8.0,5.0,32,250,1.0,1.0,,1.0,2.0,3.0,3.0,,2.0,3.0,9.0,14.0,4.0,9.0,,2.0,2.0,1.0,3.0,3.0,4.0,7.0,2.0,2.0,2.0,,1.0,18.0,1.0,1.0,4.0,6.0,11,2.0,13,,3.0,,3.0,1.0,,,,,1.0,,1.0,,11.0,14.0,,,4.0,,,,6.0,,3.0,,2.0,2.0,,2.0,1.0,9.0,63.0,,0.7777777777777778,0.875,1.0,0.375,,,0.375,0.6923076923076923,1.0,1.0,0.6428571428571429,0.5,0.6,0.6666666666666666,0.5,0.6428571428571429,0.38095238095238093,0.23076923076923078,0.2727272727272727,,10.330578512396695,1.0,0.11320754716981132,0.01694915254237288,0.10526315789473684,0.027777777777777776,0.10989010989010989,0.021052631578947368,,,0.07142857142857142,0.034482758620689655,0.10714285714285714,0.11764705882352941,0.12903225806451613,,,0.5,0.5238095238095238,0.7272727272727273,1.0,0.875,0.09523809523809523,0.5,0.5,,,,,0.2857142857142857,0.3333333333333333,0.3333333333333333,1.0,0.09523809523809523,0.5,0.5,1.0,,,,,0.4,1.0,0.2,,0.2,0.9047619047619048,0.5,0.6557809523809524,0.520325,0.6206400000000001,0.125,0.1875,0.0625,0.28125,2.1538461538461537,23.825000000000003,0.3018867924528302,,1.0,,,0.5,,,,1.0,,0.125,,,1.0,,0.5,,,,,,,,,,True,,,,,,,,,,,,,,,,
1630288,1610612755,Jeff Dowtin Jr.,Jeff Dowtin Jr.,1630288,PHI,2872.0,48,-22.0,94,96,18.0,20.0,10,190,2.0,3.0,,,,1.0,4.0,4.0,1.0,3.0,,1.0,,,,,1.0,3.0,1.0,7.0,10.0,1.0,4.0,4.0,21,111,1.0,1.0,,1.0,2.0,1.0,2.0,1.0,1.0,2.0,7.0,4.0,10.0,3.0,,,3.0,1.0,,2.0,1.0,3.0,1.0,,2.0,,,7.0,1.0,1.0,,3.0,3,2.0,5,,2.0,1.0,1.0,,,,,,,,,,,,,,5.0,,,,5.0,1.0,3.0,,1.0,,,1.0,1.0,7.0,18.0,,0.2857142857142857,0.2857142857142857,1.0,0.25,,1.0,0.25,0.7,1.0,0.5,0.6071428571428571,0.5,0.8333333333333334,0.65625,0.5,0.875,0.2857142857142857,,,,15.384615384615383,,0.125,0.05263157894736842,,0.034482758620689655,0.0625,0.041666666666666664,0.14285714285714285,,,,0.23076923076923078,,,,,1.0,0.21428571428571427,0.6666666666666666,0.6666666666666666,0.5,0.2857142857142857,1.0,1.0,0.21428571428571427,0.3333333333333333,0.3333333333333333,,0.07142857142857142,,,,0.21428571428571427,0.3333333333333333,0.3333333333333333,1.0,,,,,0.3333333333333333,,,,0.3333333333333333,0.5,0.3333333333333333,0.5255464285714285,,0.5850333333333333,0.1875,0.25,0.09523809523809523,0.3333333333333333,10.770000000000001,25.525,0.19148936170212766,1.0,,,,,1.0,,,1.0,,,0.25,,1.0,,0.5,,0.1111111111111111,,,,,,,,True,,,,,,,,,,1.0,,,,,,
1641737,1610612755,Adem Bona,Adem Bona,1641737,PHI,4325.0,72,-22.0,139,138,37.0,47.0,17,277,5.0,10.0,2.0,4.0,1.0,1.0,,,,,,,,,,,,,,5.0,10.0,,,5.0,15,167,2.0,4.0,,,7.0,1.0,1.0,,,5.0,7.0,6.0,4.0,,,4.0,,,2.0,1.0,,1.0,,,,1.0,,2.0,2.0,4.0,7.0,7.0,14,7.0,21,,,,,1.0,1.0,1.0,4.0,,,,5.0,1.0,9.0,14.0,,2.0,5.0,,,,5.0,1.0,1.0,2.0,5.0,4.0,1.0,5.0,4.0,7.0,37.0,,0.6,1.0,,,,,,0.5,0.5,1.0,0.5,0.5,1.0,0.625,0.7,1.1666666666666667,,0.2,0.2,,10.828025477707007,0.2,0.16666666666666666,0.10526315789473684,0.22580645161290322,0.058823529411764705,0.1917808219178082,0.08333333333333333,0.1875,,0.125,0.09090909090909091,0.20833333333333334,0.07692307692307693,0.25,0.14285714285714285,,0.8,1.0,0.5,0.625,0.6,,,,,,,,,,,,,,,,1.0,0.5,,,1.0,1.0,,,,1.0,,0.66404,0.637175,0.7135,0.1,0.1,0.4666666666666667,0.4666666666666667,1.09,,0.26618705035971224,,,,,,,3.0,,3.0,2.0,0.2,,,,,,,,,,,,,,,True,1.0,1.0,,0.3333333333333333,,,3.0,,,,,,,,,
1641741,1610612755,Ricky Council IV,Ricky Council IV,1641741,PHI,6532.0,109,-80.0,209,214,70.0,60.0,25,423,12.0,18.0,2.0,3.0,4.0,5.0,,5.0,,,2.0,4.0,,,1.0,1.0,2.0,7.0,4.0,12.0,23.0,4.0,11.0,15.0,51,299,2.0,3.0,,2.0,4.0,4.0,7.0,2.0,5.0,2.0,16.0,16.0,8.0,9.0,3.0,2.0,7.0,2.0,2.0,4.0,,4.0,,,4.0,,,8.0,4.0,1.0,4.0,5.0,10,5.0,15,1.0,1.0,,1.0,,,,1.0,1.0,,,1.0,,5.0,6.0,,,11.0,,,,16.0,2.0,9.0,,1.0,,1.0,1.0,1.0,16.0,70.0,1.0,0.6666666666666666,0.7272727272727273,0.75,0.36363636363636365,,0.4,0.36363636363636365,0.5217391304347826,0.6666666666666666,0.5714285714285714,0.5294117647058824,0.4,0.5833333333333334,0.6219512195121951,0.4,0.6153846153846154,0.3235294117647059,0.08695652173913043,0.1111111111111111,,17.796610169491526,,0.09090909090909091,0.016129032258064516,0.0975609756097561,0.08695652173913043,0.09375,0.046296296296296294,,0.045454545454545456,,0.03333333333333333,0.07692307692307693,0.13636363636363635,0.0625,0.2222222222222222,0.0625,1.0,0.5294117647058824,0.6666666666666666,0.75,0.6666666666666666,0.14705882352941177,,,,,,,0.11764705882352941,0.5,0.5,1.0,0.20588235294117646,0.2857142857142857,0.2857142857142857,0.5,0.6,0.6666666666666666,,,0.4166666666666667,0.8,0.08333333333333333,1.0,0.3333333333333333,0.8529411764705882,0.2857142857142857,0.592798484848485,0.648825,0.5953708333333333,0.21951219512195122,0.3,0.0784313725490196,0.3137254901960784,3.2260869565217387,27.063636363636363,0.3349282296650718,1.0,1.0,,,0.16666666666666666,0.25,,,1.0,,,,,2.0,,0.4,,0.1875,,,,,,,0.5,True,,,,,,,,,,,,,,,,
1642272,1610612755,Jared McCain,Jared McCain,1642272,PHI,14677.0,245,-26.0,481,474,92.0,85.0,60,955,18.0,31.0,3.0,3.0,2.0,4.0,8.0,18.0,5.0,8.0,5.0,13.0,,1.0,3.0,5.0,21.0,44.0,4.0,31.0,57.0,26.0,57.0,10.0,150,548,5.0,5.0,1.0,3.0,13.0,4.0,9.0,4.0,9.0,4.0,24.0,16.0,46.0,57.0,21.0,2.0,44.0,21.0,3.0,15.0,9.0,24.0,6.0,3.0,7.0,7.0,1.0,57.0,6.0,1.0,7.0,7.0,14,7.0,21,,5.0,5.0,,13.0,,6.0,3.0,2.0,7.0,,16.0,3.0,6.0,19.0,3.0,,9.0,,,,11.0,,3.0,1.0,,,,,,22.0,89.0,2.0,0.25806451612903225,0.26666666666666666,0.7307692307692307,0.45614035087719296,0.3333333333333333,0.4444444444444444,0.45614035087719296,0.543859649122807,1.0,0.4444444444444444,0.6140350877192983,0.8125,0.5555555555555556,0.6302521008403361,0.8125,0.6,0.5,0.05263157894736842,0.03225806451612903,0.1111111111111111,24.816176470588232,0.8125,0.06306306306306306,0.00847457627118644,0.059322033898305086,0.05084745762711865,0.0611353711790393,0.029661016949152543,0.02,,,0.044444444444444446,0.02127659574468085,0.08,0.05128205128205128,0.075,,,0.2719298245614035,0.5806451612903226,0.6,0.2777777777777778,0.15789473684210525,0.4444444444444444,0.5,0.07017543859649122,0.625,0.625,0.4,0.11403508771929824,0.38461538461538464,0.38461538461538464,0.8,0.38596491228070173,0.4772727272727273,0.4883720930232558,0.7142857142857143,0.375,1.0,0.125,,0.2222222222222222,0.5,0.2777777777777778,0.6,0.2222222222222222,0.7719298245614035,0.4772727272727273,0.5396864035087718,0.41259999999999997,0.5248611111111111,0.03389830508474576,0.05,0.08666666666666667,0.16,6.170175438596491,25.90526315789474,0.19126819126819128,1.0,,,,,0.25,,,,,0.14285714285714285,0.125,,2.0,1.0,0.25,,0.07142857142857142,,1.0,0.017241379310344827,1.0,0.5,1.0,0.3333333333333333,True,,1.0,,,,,,1.0,,,0.017543859649122806,0.022727272727272728,,,,
1642348,1610612755,Justin Edwards,Justin Edwards,1642348,PHI,602.0,10,-5.0,22,21,5.0,6.0,4,43,,,,,,,,,,,,,,,,,1.0,3.0,2.0,,,1.0,3.0,,3,22,,,1.0,1.0,3.0,,,,2.0,,,,,3.0,,,3.0,1.0,,,,,,,,,,,1.0,,,1.0,1,1.0,2,,,,,,,,,,,,,,1.0,1.0,,,,,,,,,,,2.0,1.0,1.0,2.0,1.0,,5.0,,,,1.0,0.3333333333333333,1.0,,0.3333333333333333,,,,0.5,1.5,,0.5,1.5,,1.0,,,,11.538461538461538,,0.14285714285714285,,,0.125,0.09090909090909091,0.0625,,,,0.14285714285714285,0.25,,,,,0.5,,,,,,,,,,,,,,,,1.0,0.3333333333333333,0.3333333333333333,1.0,,,,,,,,,1.0,1.0,0.3333333333333333,0.55055,,0.53895,,,1.0,,,26.166666666666668,0.22727272727272727,,,,,,,,,,,,,,1.0,,1.0,,,,,,1.0,1.0,1.0,,True,,,,,,,,,,,,,,,,
200768,1610612755,Kyle Lowry,Kyle Lowry,200768,PHI,20915.0,349,-62.0,691,691,123.0,161.0,67,1382,2.0,2.0,,,,,2.0,8.0,1.0,4.0,4.0,11.0,,,1.0,2.0,13.0,40.0,6.0,5.0,14.0,17.0,51.0,17.0,78,785,1.0,1.0,1.0,6.0,8.0,,1.0,3.0,8.0,7.0,16.0,8.0,2.0,48.0,3.0,,40.0,13.0,5.0,28.0,21.0,49.0,13.0,8.0,21.0,5.0,2.0,119.0,1.0,2.0,16.0,10.0,26,4.0,30,,16.0,9.0,7.0,9.0,2.0,8.0,5.0,,1.0,,14.0,1.0,15.0,29.0,2.0,1.0,23.0,4.0,,,21.0,,5.0,4.0,5.0,1.0,3.0,5.0,3.0,15.0,118.0,1.0,0.8,0.8,0.9411764705882353,0.3333333333333333,0.16666666666666666,0.375,0.3333333333333333,0.35714285714285715,1.0,,0.46923076923076923,0.35714285714285715,0.5,0.52,0.4444444444444444,0.5714285714285714,0.7846153846153846,0.35714285714285715,,0.375,11.573472041612483,0.6428571428571429,0.07352941176470588,0.012658227848101266,0.09696969696969697,0.005376344086021506,0.08637873754152824,0.00872093023255814,,0.02531645569620253,,0.00684931506849315,0.0196078431372549,0.07936507936507936,0.0847457627118644,0.1276595744680851,,0.6,0.03076923076923077,1.0,1.0,0.5,0.12307692307692308,0.25,0.4,0.06153846153846154,0.25,0.5,1.0,0.16923076923076924,0.36363636363636365,0.36363636363636365,1.0,0.6153846153846154,0.325,0.325,0.9230769230769231,,,,,,,0.2222222222222222,0.5,0.6666666666666666,0.8153846153846154,0.325,0.5190538461538461,0.4327666666666667,0.508838888888889,0.08450704225352113,0.2631578947368421,0.10256410256410256,0.20512820512820512,8.9,26.011764705882353,0.17800289435600578,2.0,,,,,0.3333333333333333,3.0,,3.0,3.0,0.18181818181818182,1.0,,6.0,2.0,0.8571428571428571,1.0,,,1.0,0.019230769230769232,1.0,0.16666666666666666,1.0,,True,1.0,,0.5,0.058823529411764705,,,,,,1.0,,,,,,
201569,1610612755,Eric Gordon,Eric Gordon,201569,PHI,11863.0,198,-16.0,394,391,107.0,132.0,51,785,6.0,13.0,,,2.0,3.0,3.0,6.0,,,1.0,3.0,,,,,8.0,32.0,8.0,9.0,19.0,9.0,35.0,5.0,50,442,,,1.0,3.0,3.0,3.0,5.0,1.0,8.0,1.0,10.0,12.0,6.0,24.0,3.0,,30.0,8.0,6.0,6.0,6.0,12.0,4.0,2.0,4.0,2.0,,30.0,1.0,1.0,4.0,4.0,9,2.0,11,,5.0,2.0,3.0,5.0,1.0,4.0,3.0,,1.0,,8.0,4.0,4.0,9.0,,,5.0,,,,7.0,1.0,3.0,1.0,3.0,,1.0,4.0,4.0,10.0,102.0,,0.6666666666666666,0.6666666666666666,0.8888888888888888,0.2571428571428571,0.3333333333333333,0.125,0.2727272727272727,0.47368421052631576,,0.6,0.4166666666666667,0.5,0.34615384615384615,0.43859649122807015,0.5,0.35714285714285715,0.6481481481481481,0.3157894736842105,0.3076923076923077,0.3333333333333333,14.380530973451329,0.625,0.0425531914893617,0.010638297872340425,0.04878048780487805,0.010638297872340425,0.045454545454545456,0.010638297872340425,0.025,,,0.012345679012345678,0.02564102564102564,0.02631578947368421,0.03389830508474576,0.08695652173913043,,1.0,0.24074074074074073,0.46153846153846156,0.6666666666666666,0.6666666666666666,0.1111111111111111,0.5,0.75,,,,,0.05555555555555555,0.3333333333333333,0.3333333333333333,1.0,0.5925925925925926,0.25,0.25,0.875,,,,,0.23076923076923078,0.6666666666666666,,,0.6153846153846154,0.8888888888888888,0.26666666666666666,0.5541865384615385,0.5784,0.559609090909091,0.05357142857142857,0.14285714285714285,0.06,0.2,3.5894736842105264,28.277142857142856,0.2715736040609137,1.0,1.0,1.0,1.0,0.07692307692307693,0.125,,,,1.0,0.11764705882352941,0.6666666666666666,2.0,3.0,1.0,1.0,1.0,,,,,1.0,0.3333333333333333,1.0,,True,,1.0,,,,,,,,2.0,,,,,,
202331,1610612755,Paul George,Paul George,202331,PHI,26958.0,449,-39.0,906,901,171.0,215.0,94,1807,21.0,30.0,1.0,2.0,4.0,5.0,8.0,30.0,17.0,43.0,3.0,17.0,,,,2.0,33.0,84.0,13.0,46.0,103.0,36.0,101.0,23.0,223,998,5.0,8.0,3.0,6.0,21.0,9.0,17.0,6.0,15.0,7.0,43.0,32.0,60.0,72.0,36.0,2.0,84.0,33.0,6.0,33.0,26.0,59.0,15.0,11.0,25.0,6.0,2.0,144.0,8.0,4.0,36.0,33.0,75,13.0,88,2.0,26.0,14.0,12.0,23.0,4.0,15.0,14.0,2.0,8.0,1.0,37.0,8.0,10.0,36.0,2.0,4.0,38.0,,,,28.0,3.0,15.0,,2.0,2.0,,2.0,1.0,43.0,164.0,6.0,0.34782608695652173,0.35555555555555557,0.6666666666666666,0.3564356435643564,0.5,0.4,0.3564356435643564,0.44660194174757284,0.625,0.5294117647058824,0.49019607843137253,0.6785714285714286,0.5625,0.5138888888888888,0.7,0.5972222222222222,0.4950980392156863,0.05825242718446602,0.13333333333333333,0.06666666666666667,25.124131082423037,0.6216216216216216,0.1783783783783784,0.018433179723502304,0.16822429906542055,0.03587443946188341,0.17293233082706766,0.02727272727272727,0.027777777777777776,0.020833333333333332,,0.040697674418604654,0.14516129032258066,0.22988505747126436,0.16560509554140126,0.17543859649122806,0.017543859649122806,0.5,0.14705882352941177,0.7,0.8076923076923077,0.2857142857142857,0.14705882352941177,0.26666666666666666,0.2857142857142857,0.2107843137254902,0.3953488372093023,0.3953488372093023,0.4117647058823529,0.08333333333333333,0.17647058823529413,0.17647058823529413,1.0,0.4117647058823529,0.39285714285714285,0.39759036144578314,0.6363636363636364,0.14285714285714285,0.5,,,0.15625,0.8,0.0625,,0.40625,0.6421568627450981,0.39285714285714285,0.5104514705882354,0.46353124999999995,0.48459062500000005,0.06944444444444445,0.13043478260869565,0.09417040358744394,0.19282511210762332,10.997087378640773,25.711881188118813,0.18874172185430463,6.0,6.0,,,0.42857142857142855,0.46153846153846156,2.0,,2.0,,0.1111111111111111,0.375,,6.0,5.0,0.42857142857142855,2.0,0.0196078431372549,,,,3.0,0.5,0.3333333333333333,,True,1.0,1.0,,0.05263157894736842,,,,1.0,1.0,,0.009900990099009901,0.011904761904761904,,,1.0,
203083,1610612755,Andre Drummond,Andre Drummond,203083,PHI,15215.0,254,-72.0,497,504,75.0,75.0,70,1001,31.0,56.0,10.0,22.0,4.0,5.0,9.0,22.0,,1.0,1.0,4.0,1.0,2.0,,1.0,,1.0,1.0,40.0,79.0,1.0,5.0,25.0,108,587,11.0,24.0,1.0,2.0,31.0,7.0,10.0,,2.0,5.0,19.0,56.0,24.0,,3.0,18.0,,,13.0,3.0,3.0,6.0,3.0,,1.0,2.0,,15.0,13.0,24.0,35.0,30.0,70,38.0,108,6.0,17.0,9.0,8.0,8.0,1.0,4.0,14.0,1.0,4.0,,22.0,5.0,20.0,38.0,2.0,7.0,31.0,,,,42.0,6.0,21.0,3.0,5.0,2.0,3.0,5.0,1.0,19.0,73.0,1.0,0.7,0.9032258064516129,,0.2,0.5,,0.25,0.5063291139240507,0.4583333333333333,0.7,0.49404761904761907,0.4807692307692308,0.5833333333333334,0.5294117647058824,0.5,0.5277777777777778,0.05952380952380952,0.16455696202531644,0.16071428571428573,0.18181818181818182,21.305841924398624,0.36363636363636365,0.2830188679245283,0.17518248175182483,0.32407407407407407,0.104,0.3037383177570093,0.14122137404580154,0.14814814814814814,0.18333333333333332,0.21739130434782608,0.0784313725490196,0.2558139534883721,0.34146341463414637,0.2976190476190476,0.4166666666666667,0.20689655172413793,0.2,0.6666666666666666,0.5535714285714286,0.6595744680851063,0.6451612903225806,0.2619047619047619,0.4090909090909091,0.5,0.011904761904761904,,,,0.047619047619047616,0.25,0.25,,0.011904761904761904,,,,0.8461538461538461,0.45454545454545453,0.07692307692307693,0.5,0.4166666666666667,0.8,0.08333333333333333,,0.08333333333333333,0.7261904761904762,,0.5907572289156626,0.6129352941176471,0.5191227272727272,0.21212121212121213,0.22340425531914893,0.28703703703703703,0.17592592592592593,2.948101265822785,31.02,0.15090543259557343,,5.0,,,0.45454545454545453,,6.0,,5.0,3.0,0.22727272727272727,0.8888888888888888,1.0,,4.0,,2.0,0.21739130434782608,,,,,,,0.1,True,1.0,2.0,,0.0625,,,1.0,,,,,,,1.0,2.0,
203954,1610612755,Joel Embiid,Joel Embiid,203954,PHI,13141.0,219,-27.0,439,446,81.0,96.0,39,885,19.0,26.0,3.0,6.0,1.0,4.0,15.0,34.0,6.0,24.0,,,,,,,8.0,27.0,2.0,40.0,84.0,8.0,27.0,61.0,165,482,5.0,8.0,,3.0,17.0,9.0,20.0,2.0,2.0,21.0,45.0,34.0,46.0,24.0,,6.0,27.0,8.0,6.0,13.0,11.0,24.0,9.0,2.0,7.0,5.0,1.0,59.0,4.0,7.0,33.0,20.0,56,11.0,67,2.0,6.0,5.0,1.0,11.0,6.0,5.0,14.0,1.0,6.0,,25.0,7.0,6.0,16.0,1.0,1.0,46.0,,,,64.0,4.0,27.0,7.0,8.0,4.0,4.0,9.0,4.0,43.0,80.0,2.0,0.425,0.4594594594594595,1.0,0.2962962962962963,,1.0,0.2962962962962963,0.47619047619047616,0.625,0.45,0.46846846846846846,0.45454545454545453,0.5454545454545454,0.5815602836879432,0.5666666666666667,0.703125,0.24324324324324326,0.07142857142857142,0.07692307692307693,0.08823529411764706,34.303534303534306,0.44,0.21739130434782608,0.06930693069306931,0.2796610169491525,0.03773584905660377,0.2523809523809524,0.05314009661835749,0.14285714285714285,0.0625,,0.02564102564102564,0.08,0.27450980392156865,0.2911392405063291,0.2564102564102564,0.03571428571428571,0.4444444444444444,0.23423423423423423,0.7307692307692307,0.7916666666666666,0.47368421052631576,0.3063063063063063,0.4411764705882353,0.4838709677419355,0.21621621621621623,0.25,0.2608695652173913,0.3333333333333333,,,,,0.24324324324324326,0.2962962962962963,0.3076923076923077,1.0,0.5454545454545454,0.5,,,0.18181818181818182,0.25,,,0.09090909090909091,0.4774774774774775,0.2962962962962963,0.4973864864864866,0.58885,0.449390909090909,0.20149253731343283,0.2523364485981308,0.10303030303030303,0.2727272727272727,9.188095238095238,26.27407407407408,0.1845102505694761,2.0,3.0,1.0,,0.5,1.0,7.0,,2.0,5.0,0.25,0.4,,3.0,,0.2727272727272727,3.0,0.07142857142857142,,,,,,,,True,,3.0,0.041666666666666664,,,1.0,,1.0,1.0,,0.037037037037037035,0.037037037037037035,,,,
202704,1610612755,Reggie Jackson,Reggie Jackson,202704,PHI,5214.0,87,16.0,168,171,46.0,34.0,23,339,2.0,3.0,1.0,1.0,,,2.0,6.0,1.0,2.0,4.0,7.0,1.0,2.0,1.0,2.0,7.0,16.0,3.0,5.0,11.0,11.0,23.0,1.0,44,191,1.0,1.0,1.0,2.0,5.0,,,2.0,5.0,1.0,7.0,,10.0,27.0,6.0,2.0,16.0,7.0,,6.0,3.0,9.0,1.0,2.0,3.0,2.0,1.0,21.0,1.0,1.0,6.0,1.0,8,2.0,10,,2.0,,2.0,2.0,1.0,2.0,1.0,,,,3.0,1.0,1.0,3.0,,,1.0,,,,2.0,,,1.0,1.0,1.0,,1.0,,7.0,46.0,,,,0.8181818181818182,0.4782608695652174,0.5,0.4,0.4782608695652174,0.45454545454545453,1.0,,0.6323529411764706,0.8333333333333334,0.6,0.6285714285714286,0.8333333333333334,0.5833333333333334,0.6764705882352942,,,,19.689119170984455,0.6666666666666666,0.02631578947368421,0.022222222222222223,0.14634146341463414,0.02631578947368421,0.08860759493670886,0.024096385542168676,0.047619047619047616,,,0.034482758620689655,,0.06666666666666667,0.12903225806451613,0.2,,,0.08823529411764706,0.6666666666666666,0.6666666666666666,,0.17647058823529413,0.3333333333333333,0.3333333333333333,0.058823529411764705,0.5,0.5,,0.20588235294117646,0.5714285714285714,0.5714285714285714,1.0,0.47058823529411764,0.4375,0.4666666666666667,0.7142857142857143,0.3333333333333333,1.0,0.6666666666666666,0.5,,,0.4,0.5,0.6,0.7647058823529411,0.4375,0.5343308823529412,0.6608,0.5465099999999999,,,0.11363636363636363,0.1590909090909091,7.7727272727272725,25.38695652173913,0.27380952380952384,1.0,1.0,,,0.25,0.3333333333333333,,,,1.0,,,,,,,,,,,,,,,,True,,,,,1.0,,,1.0,,,0.043478260869565216,0.0625,,,,
1626162,1610612755,Kelly Oubre Jr.,Kelly Oubre Jr.,1626162,PHI,93151.0,1553,-192.0,3142,3147,559.0,658.0,342,6289,145.0,218.0,29.0,51.0,25.0,36.0,59.0,147.0,5.0,13.0,24.0,63.0,2.0,4.0,2.0,10.0,27.0,101.0,14.0,209.0,378.0,51.0,164.0,105.0,676,3755,34.0,65.0,3.0,11.0,86.0,37.0,63.0,7.0,24.0,30.0,125.0,222.0,196.0,147.0,6.0,52.0,101.0,27.0,45.0,42.0,39.0,81.0,31.0,8.0,33.0,7.0,2.0,201.0,20.0,52.0,111.0,91.0,216,72.0,288,14.0,68.0,26.0,42.0,40.0,2.0,20.0,22.0,7.0,20.0,2.0,62.0,10.0,63.0,131.0,6.0,4.0,126.0,1.0,12.0,,141.0,23.0,76.0,4.0,17.0,12.0,5.0,20.0,9.0,123.0,549.0,11.0,0.5311004784688995,0.6065573770491803,0.9607843137254902,0.31097560975609756,0.2727272727272727,0.2916666666666667,0.31097560975609756,0.5529100529100529,0.5230769230769231,0.5873015873015873,0.5267527675276753,0.506578947368421,0.5459770114942529,0.5625,0.524390243902439,0.6067961165048543,0.3025830258302583,0.11904761904761904,0.11009174311926606,0.14285714285714285,18.73231465761177,0.6451612903225806,0.14845024469820556,0.06961178045515395,0.1495956873315364,0.027548209366391185,0.14907749077490776,0.048879837067209775,0.10967741935483871,0.049079754601226995,0.018018018018018018,0.029565217391304348,0.10266159695817491,0.17131474103585656,0.15875912408759124,0.12371134020618557,0.060085836909871244,0.45,0.4022140221402214,0.6651376146788991,0.7474226804123711,0.593103448275862,0.27121771217712176,0.4013605442176871,0.46825396825396826,0.023985239852398525,0.38461538461538464,0.38461538461538464,0.6,0.11623616236162361,0.38095238095238093,0.3870967741935484,1.0,0.1863468634686347,0.26732673267326734,0.26732673267326734,0.9259259259259259,0.6710526315789473,0.5686274509803921,0.05263157894736842,0.5,0.41379310344827586,0.6944444444444444,0.11494252873563218,0.2,0.16091954022988506,0.7047970479704797,0.26732673267326734,0.5633986162361623,0.5732918181818182,0.547603448275862,0.12919463087248323,0.17633410672853828,0.12721893491124261,0.1849112426035503,4.555820105820107,25.275000000000013,0.17791215786123488,5.0,14.0,3.0,2.0,0.22950819672131148,0.35714285714285715,9.0,1.0,13.0,3.0,0.21212121212121213,0.3728813559322034,,7.0,3.0,0.09210526315789473,1.0,0.019867549668874173,,1.0,0.006060606060606061,1.0,0.14285714285714285,1.0,0.1724137931034483,False,,4.0,,,1.0,1.0,,1.0,1.0,,0.006097560975609756,,,,,0.015873015873015872
1627824,1610612755,Guerschon Yabusele,Guerschon Yabusele,1627824,PHI,85515.0,1425,-119.0,2838,2840,543.0,599.0,322,5678,118.0,165.0,19.0,28.0,24.0,37.0,18.0,49.0,2.0,8.0,15.0,48.0,1.0,5.0,3.0,8.0,58.0,146.0,26.0,138.0,222.0,73.0,194.0,85.0,580,3402,21.0,37.0,5.0,12.0,74.0,28.0,45.0,15.0,34.0,25.0,126.0,198.0,78.0,219.0,,26.0,142.0,58.0,22.0,67.0,46.0,113.0,27.0,19.0,49.0,12.0,6.0,272.0,58.0,42.0,100.0,86.0,197,106.0,303,5.0,40.0,24.0,16.0,33.0,8.0,13.0,34.0,9.0,20.0,,67.0,11.0,56.0,115.0,16.0,6.0,101.0,8.0,2.0,,116.0,11.0,52.0,10.0,14.0,8.0,5.0,14.0,8.0,124.0,534.0,15.0,0.717391304347826,0.792,1.0,0.37628865979381443,0.4166666666666667,0.4411764705882353,0.38421052631578945,0.6216216216216216,0.5675675675675675,0.6222222222222222,0.5949519230769231,0.5816326530612245,0.6392405063291139,0.619914346895075,0.6271186440677966,0.6631578947368421,0.46634615384615385,0.0990990990990991,0.08484848484848485,0.14285714285714285,16.6875,0.4925373134328358,0.15357142857142858,0.06829268292682927,0.1510574018126888,0.08169014084507042,0.15220949263502456,0.07547169811320754,0.09363295880149813,0.04263565891472868,0.06666666666666667,0.08117443868739206,0.11583011583011583,0.18099547511312217,0.14549180327868852,0.16666666666666666,0.028089887640449437,0.5714285714285714,0.39663461538461536,0.7151515151515152,0.7814569536423841,0.7372881355932204,0.11778846153846154,0.3673469387755102,0.42857142857142855,0.019230769230769232,0.25,0.2857142857142857,,0.11538461538461539,0.3125,0.3125,1.0,0.35096153846153844,0.3972602739726027,0.3972602739726027,1.0,0.5714285714285714,0.6785714285714286,0.10204081632653061,0.2,0.46835443037974683,0.6486486486486487,0.10126582278481013,0.375,0.3291139240506329,0.8629807692307693,0.4084507042253521,0.5739087591240877,0.588936,0.5716953333333333,0.1137855579868709,0.19771863117870722,0.12758620689655173,0.21724137931034482,3.4225225225225224,26.256185567010313,0.19133192389006343,12.0,11.0,,,0.1774193548387097,0.46153846153846156,17.0,,10.0,8.0,0.2,0.6666666666666666,4.0,7.0,8.0,0.14285714285714285,7.0,0.08396946564885496,,,,4.0,0.5714285714285714,1.0,0.21052631578947367,False,6.0,3.0,0.125,0.08,1.0,,,,1.0,1.0,,,,1.0,,
1629022,1610612755,Lonnie Walker IV,Lonnie Walker IV,1629022,PHI,28603.0,477,-142.0,982,983,146.0,196.0,129,1965,24.0,39.0,2.0,2.0,4.0,5.0,10.0,23.0,10.0,23.0,6.0,19.0,2.0,4.0,1.0,4.0,39.0,108.0,14.0,44.0,85.0,45.0,127.0,24.0,247,1198,4.0,7.0,6.0,16.0,32.0,6.0,8.0,4.0,18.0,8.0,32.0,52.0,36.0,105.0,30.0,,105.0,39.0,6.0,32.0,18.0,50.0,17.0,1.0,23.0,8.0,1.0,118.0,,6.0,26.0,30.0,57,6.0,63,2.0,10.0,8.0,2.0,16.0,1.0,11.0,9.0,1.0,5.0,1.0,25.0,7.0,20.0,27.0,,,20.0,,,,30.0,4.0,13.0,2.0,5.0,3.0,2.0,5.0,4.0,32.0,144.0,1.0,0.5909090909090909,0.5909090909090909,0.7777777777777778,0.3543307086614173,0.375,0.2222222222222222,0.3629032258064516,0.5176470588235295,0.5714285714285714,0.75,0.5259433962264151,0.5652173913043478,0.46153846153846156,0.5513392857142857,0.64,0.5333333333333333,0.5990566037735849,0.07058823529411765,0.07692307692307693,0.13043478260869565,22.035398230088493,0.64,0.12987012987012986,0.026200873362445413,0.11403508771929824,,0.12200435729847495,0.012396694214876033,0.030927835051546393,0.021052631578947368,0.02702702702702703,,0.12631578947368421,0.09174311926605505,0.11320754716981132,0.11594202898550725,0.018018018018018018,0.8,0.18396226415094338,0.6153846153846154,0.6666666666666666,0.75,0.10849056603773585,0.43478260869565216,0.5,0.10849056603773585,0.43478260869565216,0.43478260869565216,0.3,0.08962264150943396,0.3157894736842105,0.3157894736842105,1.0,0.5094339622641509,0.3611111111111111,0.36792452830188677,0.7435897435897436,0.08695652173913043,1.0,0.17391304347826086,0.5,0.19230769230769232,0.8,0.15384615384615385,0.25,0.5384615384615384,0.7830188679245284,0.37142857142857144,0.5402215311004783,0.4993571428571429,0.5555729166666666,0.06306306306306306,0.13829787234042554,0.12955465587044535,0.12955465587044535,7.665882352941177,26.626771653543308,0.14867617107942974,3.0,1.0,,,0.05,0.21428571428571427,6.0,,1.0,2.0,0.2962962962962963,0.5,3.0,12.0,2.0,0.5217391304347826,2.0,,,1.0,0.0078125,4.0,0.3333333333333333,0.75,1.0,False,,1.0,,,1.0,,,2.0,1.0,,0.015748031496062992,0.018518518518518517,,,,
1629656,1610612755,Quentin Grimes,Quentin Grimes,1629656,PHI,56594.0,943,-254.0,1932,1930,401.0,438.0,235,3862,96.0,139.0,11.0,16.0,24.0,30.0,18.0,47.0,19.0,52.0,23.0,44.0,1.0,7.0,6.0,13.0,59.0,176.0,32.0,133.0,238.0,82.0,220.0,100.0,612,2424,14.0,23.0,9.0,23.0,67.0,34.0,59.0,17.0,45.0,35.0,154.0,96.0,170.0,171.0,75.0,14.0,176.0,59.0,23.0,70.0,57.0,127.0,43.0,14.0,48.0,16.0,6.0,311.0,18.0,10.0,70.0,42.0,116,29.0,145,7.0,42.0,21.0,21.0,53.0,9.0,28.0,27.0,11.0,25.0,,80.0,20.0,34.0,60.0,3.0,,100.0,1.0,5.0,1.0,133.0,12.0,45.0,16.0,10.0,5.0,5.0,12.0,5.0,152.0,396.0,7.0,0.3609022556390977,0.38095238095238093,0.6951219512195121,0.37272727272727274,0.391304347826087,0.37777777777777777,0.37272727272727274,0.5588235294117647,0.6086956521739131,0.576271186440678,0.5589519650655022,0.5978260869565217,0.5721153846153846,0.5935672514619883,0.6442307692307693,0.612,0.48034934497816595,0.09663865546218488,0.10071942446043165,0.19148936170212766,26.94938440492476,0.6625,0.09502262443438914,0.022573363431151242,0.15521064301552107,0.037422037422037424,0.12541993281075028,0.030303030303030304,0.027624309392265192,0.0273224043715847,,0.031914893617021274,0.08780487804878048,0.060109289617486336,0.16037735849056603,0.14285714285714285,0.03271028037383177,0.4166666666666667,0.3034934497816594,0.6906474820143885,0.768,0.40625,0.10262008733624454,0.3829787234042553,0.47368421052631576,0.11353711790393013,0.36538461538461536,0.36538461538461536,0.15789473684210525,0.09606986899563319,0.5227272727272727,0.5227272727272727,0.8260869565217391,0.38427947598253276,0.3352272727272727,0.3352272727272727,0.6440677966101694,0.34782608695652173,0.6875,0.15217391304347827,0.14285714285714285,0.28846153846153844,0.8,0.125,0.46153846153846156,0.3076923076923077,0.7838427947598253,0.3352272727272727,0.5651007658643327,0.5223940000000001,0.5609966019417475,0.10483870967741936,0.16605166051660517,0.10947712418300654,0.25163398692810457,6.352521008403361,25.804090909090917,0.20755693581780538,11.0,4.0,2.0,2.0,0.1111111111111111,0.34375,12.0,,2.0,13.0,0.24074074074074073,0.3333333333333333,,16.0,5.0,0.34782608695652173,4.0,0.05714285714285714,2.0,8.0,0.03111111111111111,8.0,0.5,0.75,0.2727272727272727,False,1.0,1.0,,0.022727272727272728,1.0,,,,5.0,,,,,,,
1630178,1610612755,Tyrese Maxey,Tyrese Maxey,1630178,PHI,79835.0,1331,-50.0,2709,2685,532.0,620.0,284,5394,138.0,226.0,11.0,16.0,28.0,46.0,62.0,149.0,23.0,51.0,8.0,26.0,2.0,3.0,3.0,8.0,109.0,305.0,63.0,223.0,426.0,117.0,331.0,169.0,966,3229,17.0,26.0,10.0,26.0,70.0,48.0,94.0,17.0,71.0,53.0,200.0,140.0,306.0,177.0,174.0,8.0,303.0,109.0,39.0,119.0,106.0,225.0,79.0,27.0,71.0,36.0,12.0,556.0,2.0,8.0,73.0,37.0,111,11.0,122,3.0,57.0,37.0,20.0,60.0,5.0,35.0,28.0,5.0,25.0,1.0,88.0,17.0,42.0,84.0,2.0,3.0,154.0,1.0,4.0,,187.0,27.0,84.0,17.0,14.0,5.0,8.0,15.0,5.0,190.0,519.0,6.0,0.31390134529147984,0.319634703196347,0.5042735042735043,0.35347432024169184,0.38461538461538464,0.23943661971830985,0.3556231003039514,0.5234741784037559,0.6538461538461539,0.5106382978723404,0.5264200792602378,0.6153846153846154,0.44545454545454544,0.5762304921968787,0.6481481481481481,0.5182291666666666,0.4372523117569353,0.09154929577464789,0.10619469026548672,0.09395973154362416,30.34300791556728,0.6818181818181818,0.06813996316758748,0.01288244766505636,0.11869918699186992,0.00315955766192733,0.09499136442141623,0.007974481658692184,0.011029411764705883,0.016,0.010101010101010102,0.001953125,0.05217391304347826,0.058823529411764705,0.12035010940919037,0.11392405063291139,0.008264462809917356,0.3333333333333333,0.2985468956406869,0.6106194690265486,0.6831683168316832,0.35507246376811596,0.19682959048877147,0.4161073825503356,0.45925925925925926,0.06737120211360634,0.45098039215686275,0.46,0.34782608695652173,0.034346103038309116,0.3076923076923077,0.32,1.0,0.40290620871862615,0.35737704918032787,0.3609271523178808,0.46788990825688076,0.3076923076923077,0.6875,0.057692307692307696,0.6666666666666666,0.2787878787878788,0.6086956521739131,0.048484848484848485,0.375,0.38181818181818183,0.7357992073976222,0.35973597359735976,0.536480066225166,0.5289785714285714,0.5138374233128835,0.1053921568627451,0.17391304347826086,0.07246376811594203,0.2070393374741201,5.914553990610331,26.72749244712991,0.19638242894056848,14.0,1.0,1.0,1.0,0.015151515151515152,0.2222222222222222,6.0,,,10.0,0.13043478260869565,0.20967741935483872,2.0,23.0,4.0,0.4423076923076923,7.0,0.008264462809917356,,2.0,0.006006006006006006,8.0,0.34782608695652173,0.875,0.18181818181818182,False,1.0,1.0,0.0196078431372549,0.017543859649122806,1.0,,,4.0,7.0,1.0,0.012084592145015106,0.009836065573770493,,,,0.038461538461538464
1630215,1610612755,Jared Butler,Jared Butler,1630215,PHI,40903.0,682,-92.0,1421,1422,303.0,330.0,150,2843,34.0,55.0,3.0,3.0,9.0,12.0,33.0,79.0,6.0,15.0,15.0,33.0,3.0,6.0,2.0,9.0,30.0,95.0,20.0,73.0,149.0,45.0,128.0,40.0,321,1673,5.0,7.0,5.0,17.0,27.0,16.0,30.0,8.0,29.0,18.0,74.0,42.0,104.0,108.0,27.0,,95.0,30.0,16.0,94.0,44.0,138.0,27.0,17.0,70.0,18.0,6.0,320.0,6.0,5.0,35.0,21.0,58,11.0,69,3.0,30.0,18.0,12.0,40.0,6.0,32.0,11.0,3.0,8.0,,51.0,7.0,28.0,57.0,2.0,,37.0,1.0,1.0,,46.0,3.0,22.0,2.0,7.0,5.0,2.0,7.0,4.0,72.0,299.0,7.0,0.2876712328767123,0.2876712328767123,0.8,0.3515625,0.29411764705882354,0.27586206896551724,0.3515625,0.4899328859060403,0.7142857142857143,0.5333333333333333,0.5072202166064982,0.5208333333333334,0.4745762711864407,0.5369127516778524,0.54,0.5362318840579711,0.4620938628158845,0.10738255033557047,0.16363636363636364,0.0759493670886076,21.93588937774984,0.7843137254901961,0.06086956521739131,0.015723270440251572,0.10510510510510511,0.017391304347826087,0.08259587020648967,0.016591251885369532,0.022900763358778626,0.015748031496062992,,0.01858736059479554,0.057692307692307696,0.06040268456375839,0.09745762711864407,0.12371134020618557,0.02158273381294964,0.5714285714285714,0.19855595667870035,0.6181818181818182,0.7391304347826086,0.29411764705882354,0.2851985559566787,0.4177215189873418,0.4520547945205479,0.05415162454873646,0.4,0.42857142857142855,0.16666666666666666,0.11913357400722022,0.45454545454545453,0.45454545454545453,0.9333333333333333,0.34296028880866425,0.3157894736842105,0.3157894736842105,0.7333333333333333,0.125,1.0,0.25,0.5,0.2033898305084746,0.75,0.15254237288135594,0.2222222222222222,0.3389830508474576,0.6606498194945848,0.3157894736842105,0.5326067272727274,0.51311,0.5229561403508771,0.07432432432432433,0.13095238095238096,0.08411214953271028,0.23052959501557632,6.831543624161076,26.011718750000004,0.21323011963406052,6.0,2.0,,,0.05128205128205128,0.3,2.0,,,1.0,0.075,0.30303030303030304,,11.0,4.0,0.4583333333333333,2.0,0.013157894736842105,,,,2.0,0.18181818181818182,1.0,,False,,,0.06666666666666667,,1.0,,,,1.0,,,,,,,
1642348,1610612755,Justin Edwards,Justin Edwards,1642348,PHI,68759.0,1146,-281.0,2321,2324,454.0,534.0,267,4645,58.0,92.0,12.0,20.0,15.0,22.0,29.0,67.0,16.0,29.0,20.0,50.0,1.0,5.0,5.0,13.0,48.0,137.0,16.0,103.0,188.0,68.0,187.0,32.0,442,2934,18.0,35.0,6.0,22.0,55.0,18.0,34.0,8.0,29.0,8.0,68.0,112.0,94.0,189.0,15.0,22.0,137.0,48.0,20.0,44.0,25.0,69.0,18.0,7.0,32.0,9.0,3.0,163.0,18.0,24.0,49.0,44.0,101,45.0,146,11.0,45.0,27.0,18.0,27.0,5.0,14.0,22.0,9.0,13.0,,49.0,8.0,57.0,97.0,2.0,1.0,38.0,1.0,3.0,,46.0,2.0,20.0,4.0,14.0,7.0,6.0,14.0,8.0,65.0,448.0,10.0,0.5436893203883495,0.6086956521739131,0.9264705882352942,0.36363636363636365,0.2727272727272727,0.27586206896551724,0.36363636363636365,0.5478723404255319,0.5142857142857142,0.5294117647058824,0.5466666666666666,0.47368421052631576,0.47619047619047616,0.5566750629722922,0.47413793103448276,0.5,0.49866666666666665,0.10638297872340426,0.11956521739130435,0.1044776119402985,16.977540921202895,0.5510204081632653,0.09263157894736843,0.043478260869565216,0.09441233140655106,0.0325497287522604,0.09356136820925554,0.03800904977375565,0.05116279069767442,0.044715447154471545,0.02197802197802198,0.03794642857142857,0.11162790697674418,0.08585858585858586,0.0918918918918919,0.10067114093959731,0.062146892655367235,0.5714285714285714,0.24533333333333332,0.6304347826086957,0.7160493827160493,0.4827586206896552,0.17866666666666667,0.43283582089552236,0.48333333333333334,0.07733333333333334,0.5517241379310345,0.5925925925925926,0.6875,0.13333333333333333,0.4,0.40816326530612246,1.0,0.36533333333333334,0.35036496350364965,0.3609022556390977,0.8958333333333334,0.3508771929824561,0.6,0.08771929824561403,0.2,0.3492063492063492,0.6818181818181818,0.20634920634920634,0.38461538461538464,0.25396825396825395,0.744,0.35036496350364965,0.5500789333333334,0.5363547619047621,0.556392857142857,0.05089058524173028,0.0970873786407767,0.1244343891402715,0.15384615384615385,6.469148936170213,25.34545454545455,0.1956053425247738,3.0,8.0,,,0.14545454545454545,0.1875,1.0,,1.0,1.0,0.04838709677419355,0.5862068965517241,,17.0,4.0,0.2982456140350877,5.0,0.009523809523809525,,,,5.0,0.29411764705882354,0.8,0.16666666666666666,False,3.0,,0.06896551724137931,0.058823529411764705,1.0,,,5.0,,1.0,0.026737967914438502,0.029197080291970802,1.0,,,0.02
203083,1610612755,Andre Drummond,Andre Drummond,203083,PHI,29827.0,497,-173.0,993,1009,149.0,176.0,136,2002,58.0,95.0,21.0,42.0,12.0,17.0,15.0,39.0,1.0,1.0,1.0,4.0,,,,,1.0,11.0,2.0,74.0,135.0,2.0,15.0,31.0,185,1253,23.0,46.0,,,59.0,14.0,20.0,,2.0,17.0,45.0,90.0,58.0,6.0,,40.0,10.0,1.0,16.0,19.0,9.0,28.0,4.0,5.0,12.0,4.0,3.0,65.0,22.0,45.0,64.0,55.0,131,71.0,202,6.0,22.0,11.0,11.0,11.0,5.0,5.0,22.0,2.0,6.0,,33.0,1.0,32.0,56.0,2.0,8.0,38.0,,1.0,,48.0,4.0,18.0,8.0,12.0,5.0,7.0,13.0,8.0,45.0,149.0,1.0,0.6081081081081081,0.8333333333333334,1.0,0.13333333333333333,,,0.14285714285714285,0.5481481481481482,0.5,0.7,0.5133333333333333,0.5,0.6363636363636364,0.5377906976744186,0.5462962962962963,0.6617647058823529,0.1,0.11851851851851852,0.08421052631578947,0.20512820512820512,17.764298093587524,0.3333333333333333,0.26066350710900477,0.15789473684210525,0.2723404255319149,0.102803738317757,0.26681614349775784,0.1342685370741483,0.13333333333333333,0.19672131147540983,0.11627906976744186,0.10303030303030303,0.22340425531914893,0.24705882352941178,0.27717391304347827,0.2549019607843137,0.10526315789473684,0.6153846153846154,0.6333333333333333,0.6105263157894737,0.6666666666666666,0.5517241379310345,0.26,0.38461538461538464,0.4838709677419355,0.006666666666666667,1.0,1.0,1.0,0.02666666666666667,0.25,0.25,1.0,0.07333333333333333,0.09090909090909091,0.09090909090909091,1.0,0.9130434782608695,0.5,,,0.7727272727272727,0.7058823529411765,,,0.09090909090909091,0.7333333333333333,0.1,0.583243288590604,0.6023171428571429,0.6065595238095238,0.10975609756097561,0.12080536912751678,0.31891891891891894,0.24324324324324326,3.3022222222222233,27.8,0.1500503524672709,,12.0,1.0,1.0,0.5714285714285714,,13.0,,10.0,8.0,0.40625,0.8,1.0,,6.0,,1.0,0.10204081632653061,,,,,,,0.09523809523809523,False,4.0,2.0,,0.16666666666666666,,,,,,,,,1.0,3.0,3.0,
1641741,1610612755,Ricky Council IV,Ricky Council IV,1641741,PHI,68468.0,1141,-79.0,2333,2330,613.0,725.0,272,4663,67.0,114.0,9.0,18.0,16.0,29.0,39.0,96.0,4.0,17.0,16.0,40.0,2.0,4.0,5.0,10.0,35.0,162.0,43.0,110.0,227.0,51.0,202.0,108.0,481,2720,11.0,25.0,7.0,21.0,45.0,30.0,52.0,12.0,53.0,41.0,137.0,110.0,110.0,144.0,9.0,10.0,158.0,35.0,22.0,48.0,45.0,93.0,29.0,16.0,34.0,10.0,4.0,231.0,22.0,22.0,91.0,45.0,153,46.0,199,13.0,31.0,19.0,12.0,25.0,7.0,13.0,26.0,4.0,12.0,,51.0,19.0,26.0,61.0,11.0,4.0,106.0,1.0,4.0,,137.0,14.0,68.0,5.0,12.0,9.0,2.0,12.0,6.0,137.0,611.0,3.0,0.5,0.5238095238095238,0.9411764705882353,0.2524752475247525,0.3333333333333333,0.22641509433962265,0.25757575757575757,0.4845814977973568,0.44,0.5769230769230769,0.4347319347319347,0.4673913043478261,0.45714285714285713,0.49077868852459017,0.4787234042553192,0.5354330708661418,0.47086247086247085,0.09691629955947137,0.05263157894736842,0.14583333333333334,20.432145564821834,0.49019607843137253,0.09109311740890688,0.043137254901960784,0.16049382716049382,0.037800687285223365,0.1281809613572102,0.040293040293040296,0.07142857142857142,0.02654867256637168,0.013513513513513514,0.03632478632478633,0.09545454545454546,0.09569377990430622,0.14457831325301204,0.20394736842105263,0.05531914893617021,0.5,0.26573426573426573,0.5877192982456141,0.6203703703703703,0.6268656716417911,0.22377622377622378,0.40625,0.47560975609756095,0.039627039627039624,0.23529411764705882,0.26666666666666666,0.25,0.09324009324009325,0.4,0.4,0.9375,0.3776223776223776,0.21604938271604937,0.21739130434782608,0.9428571428571428,0.391304347826087,0.5,0.08695652173913043,0.5,0.2761904761904762,0.5517241379310345,0.09523809523809523,0.5,0.4095238095238095,0.7365967365967366,0.22151898734177214,0.5434975235849058,0.5114083333333334,0.5360426470588237,0.14078674948240166,0.24199288256227758,0.09355509355509356,0.28482328482328484,5.545814977973568,26.82376237623763,0.26275182168881267,7.0,17.0,,,0.25757575757575757,0.16279069767441862,2.0,1.0,8.0,5.0,0.06153846153846154,0.3076923076923077,4.0,17.0,6.0,0.3695652173913043,4.0,0.043859649122807015,,,,5.0,0.29411764705882354,1.0,0.3333333333333333,False,2.0,4.0,0.11764705882352941,0.03278688524590164,0.5,,,1.0,3.0,1.0,0.0049504950495049506,0.006172839506172839,,,,
1630288,1610612755,Jeff Dowtin Jr.,Jeff Dowtin Jr.,1630288,PHI,34373.0,573,-81.0,1159,1153,340.0,316.0,151,2312,33.0,56.0,2.0,6.0,11.0,19.0,28.0,60.0,16.0,34.0,7.0,16.0,1.0,2.0,1.0,6.0,20.0,50.0,15.0,77.0,150.0,27.0,66.0,29.0,264,1381,6.0,12.0,2.0,5.0,22.0,27.0,47.0,6.0,21.0,13.0,85.0,46.0,108.0,48.0,33.0,2.0,50.0,20.0,12.0,36.0,39.0,75.0,31.0,8.0,22.0,11.0,3.0,189.0,5.0,5.0,26.0,18.0,45,10.0,55,1.0,22.0,15.0,7.0,10.0,2.0,7.0,5.0,,3.0,1.0,15.0,8.0,11.0,29.0,,1.0,33.0,,1.0,1.0,40.0,6.0,19.0,4.0,9.0,5.0,3.0,11.0,8.0,85.0,339.0,3.0,0.2987012987012987,0.3026315789473684,0.5925925925925926,0.4090909090909091,0.4,0.2857142857142857,0.4090909090909091,0.5133333333333333,0.5,0.574468085106383,0.5439814814814815,0.5294117647058824,0.5294117647058824,0.5665236051502146,0.5789473684210527,0.5592105263157895,0.3055555555555556,0.08,0.10714285714285714,0.1,18.562874251497007,0.6666666666666666,0.0728744939271255,0.017985611510791366,0.09774436090225563,0.017793594306049824,0.08576998050682261,0.017889087656529516,0.009009009009009009,0.008771929824561403,0.05660377358490566,0.022026431718061675,0.046296296296296294,0.0761904761904762,0.10362694300518134,0.0821917808219178,0.010416666666666666,0.7272727272727273,0.25925925925925924,0.5892857142857143,0.66,0.3333333333333333,0.2777777777777778,0.4666666666666667,0.5185185185185185,0.1574074074074074,0.47058823529411764,0.47058823529411764,0.4375,0.07407407407407407,0.4375,0.4375,1.0,0.23148148148148148,0.4,0.4,0.45,0.35294117647058826,0.3333333333333333,0.11764705882352941,0.5,0.27941176470588236,0.5789473684210527,0.08823529411764706,0.16666666666666666,0.22058823529411764,0.5648148148148148,0.4,0.5153840277777779,0.51936,0.5057911764705884,0.08296943231441048,0.1165644171779141,0.08333333333333333,0.32196969696969696,8.001333333333333,25.675757575757576,0.29335634167385677,5.0,1.0,2.0,1.0,0.029411764705882353,0.3333333333333333,4.0,,,4.0,0.14705882352941177,0.17857142857142858,,3.0,2.0,0.17647058823529413,,,,,,1.0,0.3333333333333333,1.0,,False,,,,,1.0,1.0,,,,1.0,,,,,,
202331,1610612755,Paul George,Paul George,202331,PHI,53058.0,884,-44.0,1802,1788,329.0,321.0,188,3590,38.0,50.0,4.0,5.0,3.0,4.0,29.0,69.0,36.0,80.0,11.0,32.0,1.0,3.0,3.0,7.0,49.0,135.0,25.0,103.0,199.0,60.0,167.0,56.0,442,2072,8.0,15.0,7.0,12.0,37.0,11.0,26.0,8.0,32.0,22.0,68.0,52.0,154.0,117.0,63.0,2.0,133.0,49.0,13.0,66.0,53.0,119.0,38.0,15.0,51.0,12.0,3.0,291.0,8.0,3.0,59.0,51.0,120,11.0,131,,49.0,32.0,17.0,46.0,11.0,29.0,23.0,2.0,17.0,1.0,69.0,11.0,32.0,65.0,4.0,5.0,72.0,2.0,5.0,,69.0,7.0,26.0,9.0,15.0,8.0,6.0,18.0,12.0,63.0,317.0,6.0,0.2524271844660194,0.2549019607843137,0.65,0.3592814371257485,0.5833333333333334,0.25,0.36363636363636365,0.5175879396984925,0.5333333333333333,0.4230769230769231,0.5273224043715847,0.6851851851851852,0.39655172413793105,0.5580808080808081,0.6851851851851852,0.4927536231884058,0.4562841530054645,0.06532663316582915,0.1,0.11594202898550725,23.050173869846002,0.6666666666666666,0.13858695652173914,0.00702576112412178,0.1368909512761021,0.019704433497536946,0.1376720901126408,0.013205282112845138,0.0111731843575419,0.006134969325153374,,0.015479876160990712,0.12258064516129032,0.15483870967741936,0.140625,0.12612612612612611,,0.6666666666666666,0.1366120218579235,0.76,0.8444444444444444,0.3684210526315789,0.1885245901639344,0.42028985507246375,0.47540983606557374,0.2185792349726776,0.45,0.45,0.16666666666666666,0.08743169398907104,0.34375,0.34375,0.8181818181818182,0.36885245901639346,0.362962962962963,0.362962962962963,0.6122448979591837,0.18518518518518517,0.8,0.1111111111111111,0.3333333333333333,0.06896551724137931,0.75,0.1206896551724138,0.42857142857142855,0.43103448275862066,0.592896174863388,0.3684210526315789,0.5065703856749312,0.47849230769230766,0.49807181818181817,0.07493540051679587,0.11926605504587157,0.083710407239819,0.15384615384615385,10.732663316582912,26.224550898203592,0.1825749167591565,5.0,10.0,3.0,2.0,0.29411764705882354,0.2,,,2.0,5.0,0.13793103448275862,0.20689655172413793,2.0,9.0,2.0,0.3333333333333333,,0.03614457831325301,1.0,3.0,0.01775147928994083,6.0,0.6666666666666666,0.6666666666666666,0.25,False,,2.0,,,1.0,1.0,1.0,,,1.0,,,,,,
1641737,1610612755,Adem Bona,Adem Bona,1641737,PHI,49799.0,830,-85.0,1705,1686,427.0,468.0,212,3391,114.0,153.0,34.0,52.0,18.0,22.0,16.0,28.0,,,,1.0,,,,1.0,,,,130.0,181.0,,1.0,62.0,322,1975,36.0,59.0,,,92.0,19.0,27.0,,1.0,22.0,60.0,182.0,78.0,,,54.0,,,11.0,16.0,10.0,26.0,5.0,5.0,8.0,5.0,3.0,62.0,28.0,55.0,60.0,70.0,139,85.0,224,4.0,26.0,16.0,10.0,23.0,3.0,13.0,33.0,8.0,10.0,1.0,56.0,13.0,59.0,111.0,9.0,17.0,85.0,,2.0,,95.0,13.0,46.0,9.0,63.0,34.0,29.0,65.0,39.0,60.0,425.0,8.0,0.7,0.883495145631068,,,,,,0.7182320441988951,0.6101694915254238,0.7037037037037037,0.7142857142857143,0.6101694915254238,0.6785714285714286,0.71875,0.6388888888888888,0.7317073170731707,0.005494505494505495,0.06077348066298342,0.05228758169934641,0.10714285714285714,14.271047227926077,0.4107142857142857,0.17676767676767677,0.13959390862944163,0.15037593984962405,0.06947890818858561,0.16352201257861634,0.10414052697616061,0.14193548387096774,0.13793103448275862,0.13846153846153847,0.0759493670886076,0.19607843137254902,0.171875,0.17314487632508835,0.09482758620689655,0.10256410256410256,0.6,0.8406593406593407,0.7450980392156863,0.7862068965517242,0.6842105263157895,0.15384615384615385,0.5714285714285714,0.64,,,,,0.005494505494505495,,,,,,,,0.8813559322033898,0.6538461538461539,,,0.7857142857142857,0.8181818181818182,0.03571428571428571,,,0.8461538461538461,,0.6385953296703295,0.598871111111111,0.6139089285714286,0.21395348837209302,0.21495327102803738,0.2857142857142857,0.18633540372670807,2.22707182320442,24.6,0.2504398826979472,,9.0,2.0,2.0,0.2,,20.0,,18.0,7.0,0.13725490196078433,0.8125,,,4.0,,1.0,0.04597701149425287,,,,,,,0.14705882352941177,False,2.0,2.0,,0.043478260869565216,,,13.0,,,,,,,,1.0,
201569,1610612755,Eric Gordon,Eric Gordon,201569,PHI,34245.0,571,-56.0,1161,1158,286.0,241.0,116,2319,15.0,25.0,2.0,3.0,1.0,3.0,5.0,19.0,2.0,4.0,9.0,16.0,,2.0,1.0,3.0,38.0,86.0,21.0,22.0,48.0,47.0,102.0,31.0,216,1407,4.0,7.0,2.0,8.0,14.0,2.0,8.0,9.0,24.0,12.0,43.0,32.0,12.0,135.0,6.0,4.0,86.0,38.0,8.0,31.0,22.0,53.0,13.0,9.0,24.0,5.0,2.0,128.0,3.0,3.0,13.0,13.0,29,6.0,35,4.0,21.0,8.0,13.0,7.0,7.0,4.0,13.0,3.0,3.0,1.0,20.0,4.0,15.0,23.0,,,28.0,,1.0,,41.0,2.0,15.0,3.0,7.0,4.0,2.0,8.0,7.0,43.0,282.0,1.0,0.7272727272727273,0.8,0.9574468085106383,0.46078431372549017,0.25,0.375,0.46078431372549017,0.4583333333333333,0.5714285714285714,0.25,0.6166666666666667,0.4666666666666667,0.484375,0.6369047619047619,0.4666666666666667,0.5375,0.68,0.16666666666666666,0.16,0.21052631578947367,14.51863354037267,0.35,0.053061224489795916,0.012145748987854251,0.05263157894736842,0.011673151750972763,0.052845528455284556,0.011904761904761904,0.01818181818181818,0.009433962264150943,,0.014563106796116505,0.030303030303030304,0.06521739130434782,0.05056179775280899,0.057971014492753624,0.05555555555555555,0.875,0.16666666666666666,0.6,0.7142857142857143,0.6666666666666666,0.12666666666666668,0.2631578947368421,0.3333333333333333,0.02666666666666667,0.5,0.5,1.0,0.10666666666666667,0.5625,0.5625,1.0,0.5733333333333334,0.4418604651162791,0.4418604651162791,0.9473684210526315,0.2,0.6666666666666666,0.13333333333333333,,0.09375,0.3333333333333333,0.09375,0.3333333333333333,0.65625,0.8466666666666667,0.4418604651162791,0.5345066666666669,0.5385444444444444,0.5324125,0.10303030303030303,0.2459016393442623,0.06481481481481481,0.19907407407407407,5.160416666666667,26.922549019607843,0.2463393626184324,8.0,3.0,1.0,1.0,0.11538461538461539,0.38095238095238093,,,2.0,2.0,0.07407407407407407,0.8,,6.0,1.0,0.4,1.0,,,2.0,0.019230769230769232,2.0,0.3333333333333333,1.0,,False,,1.0,,,,,,,2.0,1.0,,,,,,
203954,1610612755,Joel Embiid,Joel Embiid,203954,PHI,21323.0,355,-30.0,736,728,156.0,147.0,68,1464,30.0,52.0,7.0,15.0,7.0,9.0,26.0,53.0,21.0,49.0,,,,,,,15.0,50.0,5.0,77.0,154.0,15.0,50.0,88.0,287,823,9.0,24.0,,,28.0,15.0,28.0,1.0,5.0,22.0,55.0,92.0,62.0,42.0,3.0,14.0,50.0,15.0,7.0,35.0,26.0,61.0,21.0,5.0,30.0,3.0,2.0,148.0,10.0,15.0,34.0,28.0,63,25.0,88,11.0,8.0,5.0,3.0,21.0,5.0,9.0,16.0,3.0,12.0,,37.0,7.0,15.0,26.0,,3.0,71.0,,1.0,,105.0,9.0,50.0,7.0,9.0,5.0,3.0,9.0,4.0,54.0,151.0,,0.5974025974025974,0.6571428571428571,0.9333333333333333,0.3,,0.2,0.3,0.5,0.375,0.5357142857142857,0.4877450980392157,0.375,0.5,0.5694444444444444,0.4827586206896552,0.5978260869565217,0.24509803921568626,0.045454545454545456,0.038461538461538464,0.07547169811320754,35.4601226993865,0.5675675675675675,0.17721518987341772,0.09554140127388536,0.1878453038674033,0.05263157894736842,0.18289085545722714,0.07204610951008646,0.11940298507462686,0.09615384615384616,0.05263157894736842,0.04516129032258064,0.15789473684210525,0.15789473684210525,0.18840579710144928,0.18604651162790697,0.10679611650485436,0.4444444444444444,0.2549019607843137,0.5769230769230769,0.6,0.6666666666666666,0.25980392156862747,0.49056603773584906,0.5306122448979592,0.24019607843137256,0.42857142857142855,0.4375,0.5714285714285714,,,,,0.24509803921568626,0.3,0.3,0.9333333333333333,0.625,0.4666666666666667,,,0.2727272727272727,0.7777777777777778,,,0.15151515151515152,0.5,0.3,0.5029784313725489,0.5466000000000001,0.4785590909090909,0.20408163265306123,0.2564102564102564,0.0975609756097561,0.1916376306620209,9.420779220779218,26.534000000000002,0.21195652173913043,1.0,1.0,,,0.1,0.2,10.0,,1.0,6.0,0.28,0.5384615384615384,,,2.0,,,0.08571428571428572,,,,,,,0.14285714285714285,False,,4.0,0.02040816326530612,,,,,,,1.0,,,,1.0,,
1631223,1610612755,David Roddy,David Roddy,1631223,PHI,1715.0,29,7.0,57,57,2.0,28.0,10,114,4.0,5.0,1.0,1.0,,,2.0,3.0,,,,2.0,,1.0,,,2.0,9.0,,6.0,8.0,2.0,11.0,,18,62,2.0,2.0,1.0,3.0,7.0,,,,,,,4.0,8.0,3.0,3.0,,9.0,2.0,2.0,3.0,,3.0,,,3.0,,,6.0,2.0,,4.0,3.0,7,2.0,9,,2.0,2.0,,1.0,,,,,1.0,,1.0,,,1.0,1.0,,,,,,,,,,,,,,,,2.0,,0.3333333333333333,0.3333333333333333,0.5,0.18181818181818182,0.3333333333333333,,0.18181818181818182,0.75,1.0,,0.47368421052631576,0.7,,0.47368421052631576,0.7,,0.5789473684210527,0.25,0.2,0.3333333333333333,28.571428571428573,1.0,0.2727272727272727,,0.21052631578947367,0.09523809523809523,0.23333333333333334,0.06060606060606061,,,,0.1,0.4,0.25,0.2,0.25,,,0.2631578947368421,0.8,1.0,0.25,0.15789473684210525,0.6666666666666666,1.0,,,,,0.10526315789473684,,,,0.47368421052631576,0.2222222222222222,0.2222222222222222,0.5,0.2,1.0,0.2,,,,,,,0.8421052631578947,0.2222222222222222,0.5152236842105263,0.4453625,,,,0.3888888888888889,,3.8874999999999997,26.381818181818186,0.03508771929824561,,,,,,,,,,,,0.5,,2.0,1.0,0.4,,,,,,1.0,0.5,,,False,,,,,,,,,,,,,,,,
1630231,1610612755,KJ Martin,KJ Martin,1630231,PHI,22309.0,372,31.0,746,746,180.0,198.0,91,1492,36.0,54.0,6.0,8.0,6.0,10.0,7.0,10.0,1.0,1.0,5.0,9.0,,1.0,,2.0,,4.0,1.0,44.0,65.0,5.0,13.0,19.0,122,831,8.0,10.0,,1.0,18.0,6.0,10.0,,3.0,10.0,22.0,68.0,20.0,15.0,,8.0,4.0,,8.0,5.0,7.0,12.0,7.0,,3.0,2.0,,31.0,9.0,9.0,24.0,14.0,40,19.0,59,2.0,8.0,7.0,1.0,6.0,2.0,3.0,5.0,2.0,3.0,,11.0,1.0,27.0,48.0,1.0,1.0,17.0,,1.0,,23.0,3.0,12.0,1.0,14.0,6.0,8.0,14.0,10.0,22.0,178.0,2.0,0.7727272727272727,0.85,1.0,0.38461538461538464,,,0.38461538461538464,0.676923076923077,0.8,0.6,0.6602564102564102,0.7272727272727273,0.46153846153846156,0.6931818181818182,0.75,0.5789473684210527,0.16666666666666666,0.12307692307692308,0.12962962962962962,0.1,11.578947368421051,0.5454545454545454,0.0945945945945946,0.04945054945054945,0.13793103448275862,0.05660377358490566,0.11801242236024845,0.05278592375366569,0.06818181818181818,0.04838709677419355,,0.046875,0.0784313725490196,0.0821917808219178,0.13013698630136986,0.17857142857142858,0.1,0.7142857142857143,0.6923076923076923,0.6666666666666666,0.7659574468085106,0.8055555555555556,0.1282051282051282,0.7,0.7777777777777778,0.01282051282051282,1.0,1.0,1.0,0.11538461538461539,0.5555555555555556,0.625,1.0,0.05128205128205128,,,,0.7272727272727273,0.75,0.09090909090909091,,0.7692307692307693,0.6,0.15384615384615385,,0.07692307692307693,0.8589743589743589,,0.6175391025641025,0.5507428571428571,0.6133346153846153,0.13793103448275862,0.16216216216216217,0.14754098360655737,0.18032786885245902,2.686153846153846,23.807692307692303,0.24128686327077747,,2.0,,,0.11764705882352941,,2.0,1.0,,1.0,0.16666666666666666,0.5714285714285714,,,3.0,,,0.0967741935483871,,,,,,,0.16666666666666666,False,1.0,,,0.037037037037037035,,,,1.0,,,0.07692307692307693,,,,,0.1111111111111111
1642272,1610612755,Jared McCain,Jared McCain,1642272,PHI,20830.0,347,-1.0,702,707,167.0,168.0,83,1409,23.0,39.0,2.0,3.0,3.0,6.0,16.0,32.0,5.0,13.0,5.0,17.0,1.0,1.0,1.0,2.0,20.0,59.0,16.0,44.0,84.0,25.0,76.0,39.0,202,801,3.0,5.0,2.0,5.0,12.0,6.0,16.0,10.0,18.0,13.0,55.0,32.0,56.0,66.0,9.0,4.0,59.0,20.0,7.0,25.0,11.0,36.0,9.0,2.0,19.0,5.0,1.0,83.0,4.0,2.0,12.0,15.0,29,6.0,35,,10.0,5.0,5.0,15.0,2.0,8.0,6.0,,7.0,,21.0,7.0,5.0,18.0,2.0,1.0,36.0,,1.0,,45.0,3.0,18.0,3.0,,,,,,55.0,166.0,1.0,0.36363636363636365,0.38095238095238093,0.88,0.32894736842105265,0.4,0.5555555555555556,0.32894736842105265,0.5238095238095238,0.6,0.375,0.509375,0.6,0.6176470588235294,0.5611111111111111,0.6,0.6707317073170732,0.475,0.08333333333333333,0.1282051282051282,0.0625,25.28301886792453,0.7142857142857143,0.10204081632653061,0.012738853503184714,0.07792207792207792,0.024390243902439025,0.08970099667774087,0.018691588785046728,,,0.06451612903225806,0.03125,0.14814814814814814,0.056338028169014086,0.09243697478991597,0.02857142857142857,,,0.24375,0.5897435897435898,0.6764705882352942,0.391304347826087,0.2,0.5,0.5333333333333333,0.08125,0.38461538461538464,0.38461538461538464,0.4,0.10625,0.29411764705882354,0.29411764705882354,1.0,0.36875,0.3389830508474576,0.3389830508474576,0.85,0.3,0.6666666666666666,0.1,1.0,0.17647058823529413,0.5,0.058823529411764705,0.5,0.47058823529411764,0.71875,0.3389830508474576,0.5251340625000004,0.5640624999999999,0.4949382352941175,0.11299435028248588,0.18181818181818182,0.0594059405940594,0.2722772277227723,6.85952380952381,26.00263157894737,0.2378917378917379,9.0,2.0,,,0.15384615384615385,0.5625,,,1.0,3.0,0.13636363636363635,0.3125,,4.0,1.0,0.4,2.0,,,2.0,0.02564102564102564,1.0,0.25,1.0,,False,,1.0,,,1.0,,,,,,,,,,,
200768,1610612755,Kyle Lowry,Kyle Lowry,200768,PHI,18651.0,311,-9.0,633,637,187.0,205.0,76,1270,2.0,4.0,,2.0,1.0,1.0,4.0,8.0,1.0,3.0,3.0,9.0,2.0,2.0,1.0,2.0,9.0,28.0,10.0,7.0,15.0,12.0,37.0,10.0,60,706,,2.0,4.0,6.0,12.0,2.0,6.0,5.0,12.0,2.0,21.0,8.0,6.0,33.0,3.0,,26.0,9.0,2.0,28.0,19.0,47.0,13.0,6.0,24.0,2.0,2.0,113.0,4.0,2.0,17.0,13.0,30,7.0,37,,17.0,7.0,10.0,5.0,2.0,4.0,2.0,,1.0,,7.0,2.0,16.0,33.0,5.0,,14.0,2.0,1.0,,12.0,,5.0,1.0,6.0,1.0,4.0,6.0,2.0,21.0,182.0,2.0,0.5714285714285714,0.5714285714285714,0.9166666666666666,0.32432432432432434,0.6666666666666666,0.4166666666666667,0.34285714285714286,0.4666666666666667,,0.3333333333333333,0.4807692307692308,0.75,0.5277777777777778,0.5172413793103449,0.75,0.5526315789473685,0.7115384615384616,0.13333333333333333,,0.25,9.040333796940194,0.7142857142857143,0.09701492537313433,0.013513513513513514,0.09770114942528736,0.02531645569620253,0.09740259740259741,0.0196078431372549,0.01694915254237288,0.015151515151515152,,0.03225806451612903,0.023255813953488372,0.14285714285714285,0.08396946564885496,0.13953488372093023,,0.3333333333333333,0.07692307692307693,0.5,0.5,0.5,0.15384615384615385,0.5,0.6666666666666666,0.057692307692307696,0.3333333333333333,0.3333333333333333,1.0,0.17307692307692307,0.3333333333333333,0.3333333333333333,1.0,0.5384615384615384,0.32142857142857145,0.32142857142857145,0.8888888888888888,0.25,,0.25,1.0,0.05555555555555555,1.0,0.1111111111111111,0.5,0.5555555555555556,0.7884615384615384,0.34615384615384615,0.5170908163265305,0.5887142857142857,0.48864666666666673,0.08771929824561403,0.25,0.2,0.35,9.206666666666667,28.04594594594595,0.29541864139020535,4.0,,,,,0.4,,,,1.0,0.09523809523809523,0.5,2.0,4.0,1.0,0.5,,,,,,2.0,0.5,1.0,,False,1.0,,,0.058823529411764705,1.0,,,,,1.0,,,,,,
202704,1610612755,Reggie Jackson,Reggie Jackson,202704,PHI,17826.0,297,-35.0,593,593,171.0,167.0,63,1186,9.0,16.0,,1.0,1.0,4.0,10.0,22.0,3.0,10.0,2.0,8.0,,,,2.0,12.0,43.0,20.0,22.0,48.0,14.0,51.0,6.0,92,689,,2.0,2.0,2.0,6.0,4.0,10.0,5.0,22.0,3.0,26.0,24.0,20.0,33.0,9.0,,41.0,12.0,2.0,18.0,18.0,36.0,12.0,6.0,13.0,4.0,1.0,90.0,3.0,3.0,19.0,7.0,26,6.0,32,2.0,14.0,10.0,4.0,7.0,2.0,7.0,7.0,1.0,,,14.0,3.0,9.0,31.0,2.0,1.0,7.0,,1.0,,7.0,1.0,3.0,1.0,2.0,1.0,1.0,2.0,,26.0,171.0,,0.5454545454545454,0.5454545454545454,0.7857142857142857,0.27450980392156865,1.0,0.22727272727272727,0.2857142857142857,0.4583333333333333,,0.4,0.43434343434343436,0.75,0.359375,0.45098039215686275,0.75,0.38235294117647056,0.5151515151515151,0.041666666666666664,0.125,,17.41741741741742,0.5,0.06086956521739131,0.023622047244094488,0.12666666666666668,0.019867549668874173,0.09811320754716982,0.02158273381294964,,0.017241379310344827,0.11764705882352941,0.02654867256637168,0.07692307692307693,0.05084745762711865,0.12195121951219512,0.14814814814814814,0.03571428571428571,,0.16161616161616163,0.5625,0.6428571428571429,0.7777777777777778,0.2222222222222222,0.45454545454545453,0.45454545454545453,0.10101010101010101,0.3,0.3,,0.08080808080808081,0.25,0.25,1.0,0.43434343434343436,0.27906976744186046,0.27906976744186046,0.75,0.25,,,,0.125,0.25,0.0625,,0.625,0.6767676767676768,0.2926829268292683,0.5083314432989692,0.47059999999999996,0.4911566666666666,0.0297029702970297,0.06,0.06521739130434782,0.2826086956521739,7.945833333333333,27.18823529411765,0.28836424957841483,5.0,,,,,0.25,,1.0,,1.0,0.058823529411764705,0.5,2.0,2.0,1.0,0.5,1.0,,,,,2.0,1.0,1.0,,False,,1.0,,,,,,,,,,,,,,
1631250,1610612755,Pete Nance,Pete Nance,1631250,PHI,4106.0,68,-12.0,130,132,50.0,54.0,17,262,1.0,2.0,,,,,,1.0,,,1.0,1.0,,,1.0,1.0,3.0,11.0,3.0,1.0,3.0,4.0,12.0,1.0,15,158,,,1.0,1.0,3.0,,,2.0,4.0,1.0,7.0,2.0,,12.0,,,10.0,3.0,,1.0,2.0,3.0,2.0,,,1.0,,8.0,2.0,,3.0,4.0,8,2.0,10,,1.0,,1.0,,,,,,,,,,4.0,10.0,3.0,,1.0,,,,2.0,,,1.0,,,,,,7.0,50.0,3.0,1.0,1.0,1.0,0.3333333333333333,1.0,0.5,0.36363636363636365,0.3333333333333333,,,0.4666666666666667,1.5,0.75,0.46875,1.5,0.7,0.8,,,,10.666666666666666,,0.19047619047619047,,0.08333333333333333,0.058823529411764705,0.12280701754385964,0.031746031746031744,,,,0.06896551724137931,,0.2727272727272727,0.04,0.18181818181818182,,,0.13333333333333333,0.5,0.5,1.0,0.06666666666666667,,,,,,,0.06666666666666667,1.0,1.0,1.0,0.7333333333333333,0.2727272727272727,0.3,1.0,,,,,,,0.25,1.0,0.75,0.9333333333333333,0.3,0.5226392857142858,0.4779,0.5406,,,0.2,0.4666666666666667,4.5,30.733333333333334,0.38461538461538464,1.0,1.0,,,0.14285714285714285,0.3333333333333333,,,,1.0,0.14285714285714285,,1.0,1.0,,1.0,,,,,,1.0,1.0,1.0,,False,,,,,,,,1.0,,,0.08333333333333333,0.09090909090909091,,,,
1631311,1610612755,Lester Quinones,Lester Quinones,1631311,PHI,1018.0,17,-4.0,41,42,30.0,20.0,4,83,4.0,4.0,2.0,2.0,3.0,3.0,,1.0,,,,,,,,,,3.0,2.0,4.0,5.0,,3.0,1.0,9,43,2.0,2.0,,1.0,5.0,3.0,4.0,,2.0,,6.0,2.0,6.0,,,4.0,3.0,,,1.0,,1.0,,,,,1.0,2.0,1.0,2.0,1.0,,1,3.0,4,1.0,,,,3.0,,2.0,1.0,,1.0,,4.0,4.0,,,,,1.0,,,,1.0,1.0,1.0,,,,,,,6.0,30.0,,0.25,0.5,,,,,,0.8,1.0,0.75,0.5,0.6666666666666666,0.5,0.5625,0.8333333333333334,0.5,0.375,,,,26.08695652173913,0.75,,0.3333333333333333,0.09090909090909091,0.09090909090909091,0.06666666666666667,0.17647058823529413,,0.5,,0.1111111111111111,,,0.125,,0.25,,0.5,1.0,1.0,0.25,0.125,,,,,,,,,,,0.375,,,,0.6666666666666666,1.0,,,0.5,1.0,,,0.3333333333333333,0.875,,0.59383125,0.7112,0.58955,0.125,0.2,0.5555555555555556,0.6666666666666666,3.12,26.866666666666664,0.7317073170731707,,,,,,,1.0,,,,,,,1.0,,0.3333333333333333,1.0,,,,,,,,,False,,,,,,,,,,,,,,,,
1642024,1610612755,Alex Reese,Alex Reese,1642024,PHI,12850.0,214,18.0,453,456,150.0,154.0,49,909,8.0,8.0,3.0,3.0,3.0,3.0,1.0,3.0,1.0,1.0,3.0,15.0,,1.0,1.0,6.0,12.0,26.0,12.0,10.0,12.0,15.0,41.0,9.0,74,528,3.0,4.0,,4.0,6.0,4.0,6.0,9.0,18.0,4.0,39.0,14.0,6.0,45.0,,6.0,25.0,12.0,1.0,3.0,1.0,4.0,1.0,,2.0,,1.0,9.0,7.0,1.0,18.0,17.0,38,8.0,46,,10.0,8.0,2.0,5.0,,5.0,1.0,,,,6.0,,15.0,21.0,,1.0,10.0,2.0,,,12.0,2.0,6.0,1.0,10.0,7.0,2.0,10.0,4.0,39.0,150.0,1.0,0.7,1.0,1.0,0.36585365853658536,,0.5,0.375,0.8333333333333334,0.75,0.6666666666666666,0.6132075471698113,0.375,0.7291666666666666,0.6379310344827587,0.375,0.75,0.7735849056603774,0.08333333333333333,,0.3333333333333333,12.673267326732674,0.8333333333333334,0.15454545454545454,0.011904761904761904,0.16666666666666666,0.061946902654867256,0.16055045871559634,0.04060913705583756,,0.023809523809523808,,0.07058823529411765,0.17307692307692307,0.14285714285714285,0.11594202898550725,0.2564102564102564,,0.4,0.1509433962264151,1.0,1.0,0.625,0.05660377358490566,0.3333333333333333,0.5,0.018867924528301886,1.0,1.0,1.0,0.2830188679245283,0.2,0.2,1.0,0.49056603773584906,0.46153846153846156,0.46153846153846156,1.0,0.375,1.0,0.125,,0.125,1.0,0.25,0.16666666666666666,0.5,0.9245283018867925,0.48,0.5539384615384615,0.5552250000000001,0.5373173913043479,0.10526315789473684,0.375,0.08108108108108109,0.527027027027027,4.075,25.490243902439023,0.33112582781456956,8.0,3.0,,,0.3,0.6666666666666666,,,2.0,1.0,0.125,1.0,1.0,3.0,,0.375,,0.03571428571428571,,,,,,,,False,,,,,,,1.0,,,1.0,,,,,1.0,
1629643,1610612755,Chuma Okeke,Chuma Okeke,1629643,PHI,10285.0,171,-34.0,345,351,78.0,81.0,48,696,8.0,11.0,6.0,8.0,,2.0,,,,,5.0,10.0,,1.0,2.0,2.0,5.0,12.0,3.0,8.0,11.0,10.0,22.0,2.0,48,443,6.0,8.0,1.0,4.0,15.0,,2.0,4.0,5.0,,12.0,6.0,10.0,30.0,,10.0,12.0,5.0,1.0,8.0,5.0,13.0,4.0,1.0,7.0,,1.0,31.0,14.0,6.0,9.0,13.0,23,20.0,43,1.0,5.0,2.0,3.0,1.0,,,2.0,1.0,1.0,1.0,3.0,2.0,2.0,5.0,,,7.0,,1.0,,3.0,,,,1.0,1.0,,3.0,2.0,12.0,78.0,,0.375,1.0,1.0,0.45454545454545453,0.25,0.8,0.45454545454545453,0.7272727272727273,0.75,,0.696969696969697,0.625,0.8571428571428571,0.7058823529411765,0.625,0.8571428571428571,0.6666666666666666,0.09090909090909091,0.09090909090909091,,9.273182957393484,0.3333333333333333,0.18055555555555555,0.07692307692307693,0.125,0.15384615384615385,0.1527777777777778,0.11834319526627218,0.05714285714285714,0.037037037037037035,0.1875,0.15942028985507245,0.08108108108108109,0.2962962962962963,0.10638297872340426,0.16,0.07692307692307693,0.6666666666666666,0.3333333333333333,0.7272727272727273,0.8,0.375,,,,,,,,0.30303030303030304,0.5,0.5,1.0,0.36363636363636365,0.4166666666666667,0.4166666666666667,1.0,0.6666666666666666,0.75,0.08333333333333333,,0.2857142857142857,,0.2857142857142857,1.0,0.42857142857142855,1.0,0.4166666666666667,0.6027757575757577,0.6057083333333333,0.5959071428571429,0.029411764705882353,,0.3125,0.25,0.8636363636363636,24.781818181818185,0.22608695652173913,2.0,1.0,2.0,1.0,0.25,0.6666666666666666,,,5.0,,0.25,,,3.0,1.0,0.25,,0.13636363636363635,,1.0,0.043478260869565216,1.0,0.3333333333333333,1.0,0.16666666666666666,False,,,,,,1.0,,,,,,,,,,
1641720,1610612755,Jalen Hood-Schifino,Jalen Hood-Schifino,1641720,PHI,18032.0,301,-104.0,620,615,147.0,216.0,78,1235,5.0,14.0,,,1.0,5.0,10.0,18.0,7.0,19.0,3.0,6.0,,,,1.0,11.0,40.0,6.0,22.0,51.0,14.0,46.0,16.0,102,784,,1.0,2.0,3.0,6.0,5.0,13.0,2.0,7.0,4.0,20.0,14.0,30.0,24.0,18.0,,40.0,11.0,2.0,22.0,14.0,36.0,8.0,6.0,17.0,4.0,1.0,86.0,1.0,1.0,12.0,12.0,24,2.0,26,,5.0,2.0,3.0,12.0,1.0,6.0,5.0,2.0,6.0,,17.0,4.0,15.0,22.0,3.0,1.0,15.0,,1.0,,19.0,1.0,8.0,2.0,6.0,4.0,2.0,6.0,1.0,18.0,145.0,,0.3181818181818182,0.3181818181818182,0.5714285714285714,0.30434782608695654,0.6666666666666666,0.2857142857142857,0.30434782608695654,0.43137254901960786,,0.38461538461538464,0.44329896907216493,0.75,0.4,0.4811320754716981,0.75,0.45454545454545453,0.4742268041237113,0.0392156862745098,0.07142857142857142,0.05555555555555555,17.422096317280456,0.7058823529411765,0.08695652173913043,0.007462686567164179,0.08759124087591241,0.0058823529411764705,0.08727272727272728,0.006578947368421052,0.02040816326530612,,,0.007407407407407408,0.09210526315789473,0.08,0.09574468085106383,0.06976744186046512,,0.16666666666666666,0.14432989690721648,0.35714285714285715,0.38461538461538464,0.4,0.18556701030927836,0.5555555555555556,0.5882352941176471,0.1958762886597938,0.3684210526315789,0.3684210526315789,0.42857142857142855,0.061855670103092786,0.5,0.5,1.0,0.41237113402061853,0.275,0.2894736842105263,0.45454545454545453,,,,,0.25,0.2,0.05,,0.3,0.6185567010309279,0.275,0.49361546391752587,0.4778,0.4769024999999999,0.07692307692307693,0.13793103448275862,0.058823529411764705,0.19607843137254902,10.970588235294118,25.956521739130434,0.23709677419354838,2.0,,,,,0.3333333333333333,,,1.0,1.0,0.08333333333333333,0.2,,3.0,1.0,0.75,1.0,,,,,2.0,0.6666666666666666,0.5,,False,,,,,,,,2.0,,,0.043478260869565216,0.05,,,1.0,
1630542,1610612755,Marcus Bagley,Marcus Bagley,1630542,PHI,15188.0,253,-84.0,527,530,102.0,103.0,71,1057,21.0,30.0,7.0,10.0,3.0,4.0,1.0,6.0,,1.0,4.0,13.0,,3.0,1.0,3.0,1.0,19.0,3.0,22.0,37.0,5.0,32.0,8.0,67,632,8.0,13.0,,3.0,20.0,3.0,6.0,2.0,6.0,2.0,14.0,24.0,20.0,12.0,3.0,14.0,19.0,1.0,5.0,7.0,3.0,10.0,3.0,,3.0,4.0,,23.0,11.0,10.0,21.0,24.0,47,23.0,70,3.0,9.0,6.0,3.0,3.0,2.0,3.0,4.0,,,1.0,7.0,1.0,12.0,16.0,,1.0,10.0,1.0,1.0,1.0,10.0,,5.0,,8.0,3.0,4.0,12.0,6.0,14.0,102.0,,0.5454545454545454,0.8,0.8,0.15625,,0.3333333333333333,0.15625,0.5945945945945946,0.6153846153846154,0.5,0.427536231884058,0.5,0.5,0.4527027027027027,0.5555555555555556,0.5384615384615384,0.463768115942029,0.13513513513513514,0.16666666666666666,,13.278688524590164,0.42857142857142855,0.17391304347826086,0.08,0.1826086956521739,0.0728476821192053,0.17786561264822134,0.07608695652173914,0.05454545454545454,0.11363636363636363,0.07692307692307693,0.08403361344537816,0.13846153846153847,0.2,0.20253164556962025,0.1388888888888889,0.08108108108108109,0.5,0.43478260869565216,0.7,0.84,0.5714285714285714,0.08695652173913043,0.16666666666666666,0.16666666666666666,0.014492753623188406,,,,0.18840579710144928,0.3076923076923077,0.3076923076923077,0.75,0.2753623188405797,0.05263157894736842,0.05263157894736842,1.0,0.625,0.7,0.1875,,0.3333333333333333,0.75,0.25,0.3333333333333333,0.25,0.8985507246376812,0.05263157894736842,0.5878731884057974,0.5519444444444445,0.5729583333333333,0.06756756756756757,0.11904761904761904,0.29850746268656714,0.208955223880597,3.1405405405405404,25.30625,0.1935483870967742,1.0,2.0,4.0,,0.18181818181818182,0.3333333333333333,4.0,,,,0.23076923076923078,,,,2.0,,,0.03125,,,,,,,,False,2.0,,,0.16666666666666666,,4.0,,,,1.0,,,,,,
1630658,1610612755,Colin Castleton,Colin Castleton,1630658,PHI,5868.0,98,-6.0,197,201,58.0,62.0,34,398,7.0,10.0,5.0,8.0,1.0,2.0,5.0,9.0,,1.0,,2.0,,,,,,2.0,1.0,12.0,20.0,,4.0,6.0,30,239,5.0,9.0,,1.0,13.0,1.0,3.0,,1.0,2.0,4.0,14.0,10.0,,,10.0,2.0,,1.0,3.0,7.0,10.0,6.0,1.0,1.0,,2.0,27.0,4.0,11.0,7.0,11.0,21,16.0,37,1.0,1.0,1.0,,1.0,,,,,1.0,,1.0,,11.0,13.0,,,8.0,,,,9.0,1.0,4.0,1.0,1.0,,1.0,1.0,,4.0,58.0,1.0,0.5833333333333334,1.0,,,,,,0.6,0.5555555555555556,0.3333333333333333,0.5,0.5,0.25,0.5357142857142857,0.5416666666666666,0.3333333333333333,0.16666666666666666,0.05,,0.1111111111111111,12.033195020746888,1.0,0.2619047619047619,0.20754716981132076,0.1590909090909091,0.08163265306122448,0.20930232558139536,0.14705882352941177,0.3333333333333333,0.09523809523809523,0.21428571428571427,0.05,0.1111111111111111,0.3157894736842105,0.10344827586206896,0.26666666666666666,0.09090909090909091,,0.4166666666666667,0.7,0.7,0.2857142857142857,0.375,0.5555555555555556,0.625,0.041666666666666664,,,,0.08333333333333333,,,,0.08333333333333333,,,,0.8,0.625,,,0.5,0.5,,,0.25,0.5833333333333334,,0.53856875,0.6023125,0.5588375,0.14814814814814814,0.17391304347826086,0.43333333333333335,0.13333333333333333,4.61,24.275,0.29441624365482233,,3.0,,,0.5,,3.0,,2.0,1.0,0.6,1.0,,1.0,1.0,0.1,,0.2222222222222222,,,,,,,,False,1.0,,,0.125,,,1.0,,,,,,,,1.0,
1630762,1610612755,Phillip Wheeler,Phillip Wheeler,1630762,PHI,2663.0,44,13.0,88,87,10.0,21.0,14,175,3.0,11.0,,2.0,,1.0,,,,,,3.0,,1.0,,,,7.0,2.0,3.0,11.0,,10.0,2.0,8,86,,2.0,,1.0,,,1.0,,2.0,,,2.0,4.0,,,,7.0,,1.0,2.0,,2.0,,,1.0,1.0,,4.0,1.0,1.0,2.0,4.0,6,2.0,8,1.0,1.0,1.0,,,,,1.0,1.0,,,1.0,,1.0,1.0,,,1.0,,,,2.0,,1.0,,2.0,2.0,,2.0,1.0,,10.0,,0.3333333333333333,0.3333333333333333,,,,,,0.2727272727272727,,,0.14285714285714285,,,0.18181818181818182,,,0.47619047619047616,0.09090909090909091,0.09090909090909091,,22.549019607843135,,0.19047619047619047,0.05,0.08333333333333333,0.029411764705882353,0.13333333333333333,0.037037037037037035,0.09090909090909091,,,0.03571428571428571,0.23076923076923078,0.14285714285714285,0.125,,0.058823529411764705,0.5,0.5238095238095238,0.2727272727272727,0.3,0.3333333333333333,,,,,,,,0.14285714285714285,,,,0.3333333333333333,,,,0.6666666666666666,,0.3333333333333333,,0.3333333333333333,,,,0.6666666666666666,1.0,,0.5603190476190477,0.448725,0.5403,0.045454545454545456,0.08333333333333333,,,2.327272727272727,24.520000000000003,0.11363636363636363,,,,,,,,,,,,,,,,,,,,,,,,,,False,,,,,,,,,,,,,,,,
1629052,1610612755,Oshae Brissett,Oshae Brissett,1629052,PHI,8534.0,142,-31.0,294,290,72.0,67.0,31,584,9.0,14.0,4.0,4.0,2.0,4.0,4.0,7.0,,,2.0,6.0,,,,1.0,4.0,12.0,1.0,13.0,21.0,6.0,18.0,8.0,52,373,4.0,4.0,1.0,1.0,11.0,2.0,5.0,,2.0,3.0,7.0,16.0,10.0,12.0,6.0,8.0,12.0,4.0,3.0,1.0,3.0,4.0,3.0,,1.0,,,11.0,3.0,4.0,9.0,3.0,15,7.0,22,,4.0,2.0,2.0,6.0,1.0,2.0,2.0,1.0,4.0,,8.0,2.0,10.0,14.0,1.0,,12.0,2.0,,,14.0,2.0,7.0,,3.0,3.0,,3.0,,7.0,72.0,,0.6153846153846154,0.8888888888888888,0.6666666666666666,0.3333333333333333,1.0,,0.3333333333333333,0.6190476190476191,1.0,0.4,0.5641025641025641,1.1,0.2857142857142857,0.5909090909090909,0.9166666666666666,0.4375,0.46153846153846156,0.14285714285714285,0.14285714285714285,0.14285714285714285,15.902140672782874,0.75,0.05357142857142857,0.0625,0.13432835820895522,0.041666666666666664,0.0975609756097561,0.051470588235294115,0.10344827586206896,0.045454545454545456,,0.03571428571428571,0.03225806451612903,0.11764705882352941,0.14285714285714285,0.1111111111111111,,,0.358974358974359,0.6428571428571429,0.75,0.5555555555555556,0.1794871794871795,0.5714285714285714,0.6666666666666666,,,,,0.15384615384615385,0.3333333333333333,0.3333333333333333,0.5,0.3076923076923077,0.3333333333333333,0.3333333333333333,0.75,0.8,1.0,,,0.5714285714285714,0.5,0.14285714285714285,,0.14285714285714285,0.8205128205128205,0.3333333333333333,0.5650807692307693,0.6697249999999999,0.5688785714285713,0.1590909090909091,0.2692307692307692,0.21153846153846154,0.1346153846153846,2.91904761904762,25.266666666666666,0.24489795918367346,,3.0,,,0.5,,,,,,,0.75,,1.0,3.0,0.2,,0.0625,,,,1.0,1.0,1.0,,False,,,,,,,,,,,,,,,,
1630600,1610612755,Isaiah Mobley,Isaiah Mobley,1630600,PHI,1042.0,17,-6.0,40,38,13.0,17.0,4,78,1.0,1.0,,,,,,3.0,,,,1.0,,,,,1.0,2.0,,1.0,4.0,1.0,3.0,1.0,6,44,,,,1.0,1.0,,,,,,,,2.0,3.0,,,2.0,1.0,,2.0,3.0,5.0,3.0,,2.0,,,13.0,1.0,,,3.0,3,1.0,4,1.0,1.0,1.0,,,,,,,,,,,2.0,3.0,,,1.0,,,,2.0,,1.0,,1.0,1.0,,1.0,1.0,,13.0,,,,1.0,0.3333333333333333,,,0.3333333333333333,0.25,,,0.35714285714285715,,,0.375,0.25,,0.42857142857142855,,,,17.77777777777778,,0.3,,,0.09090909090909091,0.15789473684210525,0.041666666666666664,,,,0.1,0.42857142857142855,,,,0.2,1.0,0.14285714285714285,1.0,1.0,,0.42857142857142855,,,,,,,0.14285714285714285,,,,0.2857142857142857,0.5,0.5,1.0,,,,,,,,,,0.5714285714285714,0.5,0.5374214285714286,0.5361,,0.125,0.2,0.16666666666666666,,5.725,26.099999999999998,0.325,,,,,,,1.0,,,,,,,1.0,,1.0,,,,,,,,,,False,,,,,,,,,,,,,,,,
