EntityId,TeamId,Name,ShortName,RowId,TeamAbbreviation,SecondsPlayed,Minutes,PlusMinus,OffPoss,DefPoss,PenaltyOffPoss,PenaltyDefPoss,SecondChanceOffPoss,TotalPoss,AtRimFGM,AtRimFGA,SecondChanceAtRimFGM,SecondChanceAtRimFGA,PenaltyAtRimFGM,PenaltyAtRimFGA,ShortMidRangeFGM,ShortMidRangeFGA,LongMidRangeFGM,LongMidRangeFGA,FG2M,FG2A,FtPoints,Points,OpponentPoints,SecondChanceFG2M,SecondChanceFG2A,SecondChanceFtPoints,SecondChancePoints,PenaltyFG2M,PenaltyFG2A,PenaltyPoints,PtsAssisted2s,PtsUnassisted2s,PtsPutbacks,Fg2aBlocked,TwoPtAssists,ThreePtAssists,Assists,Arc3Assists,Corner3Assists,AtRimAssists,ShortMidRangeAssists,LongMidRangeAssists,AssistPoints,OffThreePtRebounds,OffTwoPtRebounds,DefThreePtRebounds,DefTwoPtRebounds,FTDefRebounds,DefRebounds,OffRebounds,Rebounds,Steals,BadPassSteals,LiveBallTurnovers,BadPassTurnovers,DeadBallTurnovers,LostBallTurnovers,Turnovers,ShootingFouls,Fouls,Offensive Fouls,FoulsDrawn,Loose Ball Fouls Drawn,Offensive Fouls Drawn,FTA,2pt And 1 Free Throw Trips,TwoPtShootingFoulsDrawn,Blocked2s,BlockedAtRim,BlockedShortMidRange,Blocks,RecoveredBlocks,PenaltyPointsExcludingTakeFouls,PenaltyOffPossExcludingTakeFouls,NonShootingPenaltyNonTakeFouls,Assisted2sPct,NonPutbacksAssisted2sPct,Fg2Pct,SecondChanceFg2Pct,PenaltyFg2Pct,EfgPct,SecondChanceEfgPct,PenaltyEfgPct,TsPct,SecondChanceTsPct,PenaltyTsPct,FG2APctBlocked,AtRimPctBlocked,ShortMidRangePctBlocked,Usage,LiveBallTurnoverPct,DefFTReboundPct,DefTwoPtReboundPct,OffTwoPtReboundPct,DefThreePtReboundPct,OffThreePtReboundPct,DefFGReboundPct,OffFGReboundPct,OffAtRimReboundPct,OffShortMidRangeReboundPct,OffLongMidRangeReboundPct,OffArc3ReboundPct,OffCorner3ReboundPct,DefAtRimReboundPct,DefShortMidRangeReboundPct,DefLongMidRangeReboundPct,DefArc3ReboundPct,DefCorner3ReboundPct,BlocksRecoveredPct,AtRimFrequency,AtRimAccuracy,UnblockedAtRimAccuracy,AtRimPctAssisted,ShortMidRangeFrequency,ShortMidRangeAccuracy,UnblockedShortMidRangeAccuracy,ShortMidRangePctAssisted,LongMidRangeFrequency,LongMidRangeAccuracy,UnblockedLongMidRangeAccuracy,LongMidRangePctAssisted,SecondChanceAtRimFrequency,SecondChanceAtRimAccuracy,SecondChanceAtRimPctAssisted,PenaltyAtRimFrequency,PenaltyAtRimAccuracy,AtRimFG3AFrequency,ShotQualityAvg,SecondChanceShotQualityAvg,PenaltyShotQualityAvg,ShootingFoulsDrawnPct,TwoPtShootingFoulsDrawnPct,SecondChancePointsPct,PenaltyPointsPct,Avg2ptShotDistance,PenaltyOffPossPct,Corner3FGM,Corner3FGA,SecondChanceCorner3FGA,PenaltyCorner3FGM,PenaltyCorner3FGA,Arc3FGM,Arc3FGA,SecondChanceArc3FGM,SecondChanceArc3FGA,PenaltyArc3FGA,FG3M,FG3A,SecondChanceFG3M,SecondChanceFG3A,PenaltyFG3M,PenaltyFG3A,PenaltyFtPoints,PtsAssisted3s,NonHeaveArc3FGA,NonHeaveArc3FGM,Fg3aBlocked,FTOffRebounds,SelfOReb,LostBallSteals,BadPassOutOfBoundsTurnovers,LostBallOutOfBoundsTurnovers,ThreePtShootingFoulsDrawn,Assisted3sPct,Fg3Pct,SecondChanceFg3Pct,PenaltyFg3Pct,NonHeaveFg3Pct,FG3APct,FG3APctBlocked,Arc3PctBlocked,OffFTReboundPct,SelfORebPct,Corner3Frequency,Corner3Accuracy,UnblockedCorner3Accuracy,Corner3PctAssisted,Arc3Frequency,Arc3Accuracy,UnblockedArc3Accuracy,Arc3PctAssisted,SecondChanceCorner3Frequency,SecondChanceArc3Frequency,SecondChanceArc3Accuracy,SecondChanceArc3PctAssisted,PenaltyCorner3Frequency,PenaltyCorner3Accuracy,PenaltyArc3Frequency,NonHeaveArc3Accuracy,ThreePtShootingFoulsDrawnPct,Avg3ptShotDistance,PenaltyArc3FGM,HeaveAttempts,PenaltyTurnovers,NonShootingFoulsDrawn,3SecondViolations,NonShootingPenaltyNonTakeFoulsDrawn,PenaltyArc3Accuracy,Loose Ball Fouls,PtsUnassisted3s,StepOutOfBoundsTurnovers,SecondChanceTurnovers,LongMidRangePctBlocked,SecondChanceCorner3FGM,Travels,SecondChanceCorner3Accuracy,SecondChanceCorner3PctAssisted,Corner3PctBlocked,Charge Fouls,Technical Free Throw Trips,Blocked3s,BlockedArc3,BlockedCorner3,OffensiveGoaltends,on,Charge Fouls Drawn,BlockedLongMidRange,Defensive 3 Seconds Violations,3pt And 1 Free Throw Trips,Transition Take Fouls Drawn,DefensiveGoaltends,Clear Path Fouls,Transition Take Fouls
1627751,1610612761,Jakob Poeltl,Jakob Poeltl,1627751,TOR,9081.0,151,-30.0,304,297,25.0,79.0,35.0,601,18.0,21.0,8.0,9.0,2.0,2.0,9.0,22.0,1.0,3.0,28.0,46.0,3.0,59.0,349,8.0,10.0,2.0,18.0,5.0,8.0,10.0,40.0,16.0,12.0,4.0,12.0,3.0,15.0,2.0,1.0,8.0,2.0,2.0,33.0,6.0,8.0,15.0,16.0,1.0,32.0,14.0,46.0,10.0,10.0,5.0,2.0,5.0,3.0,10.0,6.0,14.0,5.0,7.0,1.0,1.0,3.0,1.0,2.0,3.0,2.0,1.0,3.0,3.0,10.0,24.0,1.0,0.7142857142857143,0.9090909090909091,0.6086956521739131,0.8,0.625,0.6086956521739131,0.8,0.625,0.6276595744680851,0.8181818181818182,0.625,0.08695652173913043,0.09523809523809523,0.09090909090909091,16.14730878186969,0.5,0.1111111111111111,0.23880597014925373,0.08888888888888889,0.2112676056338028,0.1,0.2246376811594203,0.09333333333333334,0.0967741935483871,0.0851063829787234,0.08333333333333333,0.07894736842105263,0.13636363636363635,0.23809523809523808,0.22580645161290322,0.26666666666666666,0.25,0.10526315789473684,1.0,0.45652173913043476,0.8571428571428571,0.9473684210526315,0.6111111111111112,0.4782608695652174,0.4090909090909091,0.45,0.8888888888888888,0.06521739130434782,0.3333333333333333,0.3333333333333333,1.0,0.9,0.8888888888888888,0.125,0.25,1.0,0.45652173913043476,0.5597260869565217,0.6475124999999999,0.514625,0.0425531914893617,0.0425531914893617,0.3050847457627119,0.1694915254237288,5.4217391304347835,0.08223684210526316,,,,,,,,,,,,,,,,,,,,,,,,,,,,,,,,,,,,,,,,,,,,,,,,,,,,,,,,,,,,,,,,,,,,,,,,,,,,,,,True,,,,,,,,
1628449,1610612761,Chris Boucher,Chris Boucher,1628449,TOR,6178.0,103,11.0,207,203,47.0,40.0,24.0,410,7.0,9.0,1.0,1.0,1.0,1.0,3.0,7.0,1.0,2.0,11.0,18.0,11.0,57.0,216,1.0,2.0,3.0,8.0,1.0,1.0,9.0,18.0,4.0,2.0,1.0,2.0,,2.0,,,,2.0,,4.0,2.0,3.0,11.0,9.0,1.0,21.0,6.0,27.0,1.0,,1.0,1.0,2.0,,3.0,3.0,7.0,,8.0,1.0,,13.0,,5.0,1.0,,1.0,1.0,,9.0,47.0,1.0,0.8181818181818182,0.9,0.6111111111111112,0.5,1.0,0.5348837209302325,0.625,0.5714285714285714,0.5816326530612245,0.6666666666666666,0.5625,0.05555555555555555,,0.14285714285714285,21.576763485477176,0.3333333333333333,0.16666666666666666,0.19148936170212766,0.05263157894736842,0.21568627450980393,0.04081632653061224,0.20408163265306123,0.04716981132075472,0.05,0.06451612903225806,,0.03225806451612903,0.05555555555555555,0.05263157894736842,0.21052631578947367,0.4444444444444444,0.15384615384615385,0.4166666666666667,,0.20930232558139536,0.7777777777777778,0.7777777777777778,0.8571428571428571,0.16279069767441862,0.42857142857142855,0.5,0.6666666666666666,0.046511627906976744,0.5,0.5,1.0,0.25,1.0,,0.14285714285714285,1.0,0.7906976744186046,0.5610255813953487,0.5907,0.5609642857142857,0.12244897959183673,0.21739130434782608,0.14035087719298245,0.15789473684210525,5.844444444444445,0.22705314009661837,5.0,12.0,1.0,2.0,3.0,3.0,13.0,1.0,1.0,3.0,8.0,25.0,1.0,2.0,2.0,6.0,1.0,24.0,13.0,3.0,1.0,1.0,1.0,1.0,1.0,1.0,1.0,1.0,0.32,0.5,0.3333333333333333,0.32,0.5813953488372093,0.04,0.07692307692307693,0.3333333333333333,0.045454545454545456,0.27906976744186046,0.4166666666666667,0.4166666666666667,1.0,0.3023255813953488,0.23076923076923078,0.25,1.0,0.25,0.25,1.0,1.0,0.42857142857142855,0.6666666666666666,0.42857142857142855,0.23076923076923078,0.038461538461538464,24.604,,,,,,,,,,,,,,,,,,,,,,,,True,,,,,,,,
1628971,1610612761,Bruce Brown,Bruce Brown,1628971,TOR,21161.0,353,-48.0,727,711,135.0,252.0,78.0,1438,26.0,43.0,3.0,7.0,8.0,13.0,18.0,47.0,2.0,5.0,46.0,95.0,26.0,151.0,831,4.0,10.0,5.0,13.0,9.0,18.0,38.0,62.0,30.0,4.0,11.0,17.0,11.0,28.0,9.0,2.0,15.0,1.0,1.0,67.0,9.0,8.0,28.0,19.0,4.0,51.0,17.0,68.0,17.0,10.0,14.0,5.0,5.0,9.0,19.0,13.0,26.0,1.0,20.0,1.0,,29.0,3.0,14.0,3.0,2.0,1.0,3.0,1.0,36.0,134.0,1.0,0.6739130434782609,0.7045454545454546,0.4842105263157895,0.4,0.5,0.4770992366412214,0.26666666666666666,0.5555555555555556,0.5243055555555556,0.3611111111111111,0.6333333333333333,0.11578947368421053,0.09302325581395349,0.14893617021276595,19.709794437726725,0.7368421052631579,0.17391304347826086,0.12418300653594772,0.04020100502512563,0.16470588235294117,0.06293706293706294,0.14551083591331268,0.049707602339181284,0.05555555555555555,0.02912621359223301,0.041666666666666664,0.05319148936170213,0.08163265306122448,0.06896551724137931,0.17391304347826086,0.11538461538461539,0.192,0.08888888888888889,0.3333333333333333,0.3282442748091603,0.6046511627906976,0.6666666666666666,0.7307692307692307,0.35877862595419846,0.3829787234042553,0.45,0.5555555555555556,0.03816793893129771,0.4,0.4,1.0,0.4666666666666667,0.42857142857142855,0.3333333333333333,0.48148148148148145,0.6153846153846154,0.6030534351145038,0.5557446153846153,0.5718388888888889,0.597151923076923,0.09859154929577464,0.1320754716981132,0.08609271523178808,0.25165562913907286,5.935789473684209,0.1856946354883081,9.0,20.0,1.0,3.0,5.0,2.0,16.0,,4.0,4.0,11.0,36.0,,5.0,4.0,9.0,8.0,33.0,15.0,2.0,,,4.0,7.0,2.0,1.0,,1.0,0.3055555555555556,,0.4444444444444444,0.3142857142857143,0.2748091603053435,,,,0.06557377049180328,0.15267175572519084,0.45,0.45,1.0,0.12213740458015267,0.125,0.125,1.0,0.06666666666666667,0.26666666666666666,,,0.18518518518518517,0.6,0.14814814814814814,0.13333333333333333,,25.022222222222222,1.0,1.0,2.0,2.0,1.0,1.0,0.25,,,,,,,,,,,,,,,,,True,,,,,,,,
1629628,1610612761,RJ Barrett,RJ Barrett,1629628,TOR,7938.0,132,-22.0,272,272,29.0,81.0,30.0,544,15.0,25.0,4.0,5.0,1.0,4.0,6.0,12.0,,1.0,21.0,38.0,11.0,71.0,317,4.0,8.0,,8.0,2.0,6.0,7.0,24.0,18.0,2.0,5.0,14.0,5.0,19.0,3.0,2.0,6.0,7.0,1.0,43.0,2.0,2.0,10.0,8.0,5.0,23.0,4.0,27.0,3.0,2.0,2.0,1.0,1.0,1.0,3.0,8.0,13.0,,17.0,1.0,1.0,26.0,2.0,13.0,,,,,,7.0,28.0,1.0,0.5714285714285714,0.6,0.5526315789473685,0.5,0.3333333333333333,0.5263157894736842,0.4,0.2857142857142857,0.5144927536231884,0.36363636363636365,0.4375,0.13157894736842105,0.2,,22.929936305732483,0.6666666666666666,0.45454545454545453,0.1568627450980392,0.024390243902439025,0.14285714285714285,0.05128205128205128,0.1487603305785124,0.03305785123966942,,0.05128205128205128,,0.07142857142857142,,0.2,0.13333333333333333,0.16666666666666666,0.14545454545454545,0.13333333333333333,,0.43859649122807015,0.6,0.75,0.6666666666666666,0.21052631578947367,0.5,0.5,0.3333333333333333,0.017543859649122806,,,,0.5,0.8,0.25,0.5714285714285714,0.25,0.7719298245614035,0.6100684210526317,0.642525,0.5775500000000001,0.19117647058823528,0.2653061224489796,0.11267605633802817,0.09859154929577464,3.3868421052631574,0.10661764705882353,3.0,6.0,1.0,,,3.0,13.0,,1.0,1.0,6.0,19.0,,2.0,,1.0,3.0,18.0,13.0,3.0,1.0,,,1.0,1.0,,,1.0,0.3157894736842105,,,0.3157894736842105,0.3333333333333333,0.05263157894736842,0.07692307692307693,,,0.10526315789473684,0.5,0.5,1.0,0.22807017543859648,0.23076923076923078,0.25,1.0,0.1,0.1,,,,,0.14285714285714285,0.23076923076923078,,25.02631578947369,,,,1.0,,1.0,,3.0,,,,,,,,,,,,,,,,True,,,,,,,,
1630558,1610612761,Davion Mitchell,Davion Mitchell,1630558,TOR,6263.0,104,8.0,215,214,31.0,54.0,20.0,429,4.0,9.0,1.0,1.0,1.0,1.0,1.0,2.0,1.0,1.0,6.0,12.0,2.0,44.0,236,1.0,1.0,,2.0,2.0,2.0,11.0,2.0,10.0,,1.0,12.0,6.0,18.0,1.0,5.0,8.0,4.0,,42.0,,,4.0,2.0,,6.0,,6.0,3.0,2.0,6.0,4.0,1.0,2.0,7.0,4.0,12.0,,7.0,,5.0,2.0,2.0,2.0,,,,,,11.0,31.0,3.0,0.16666666666666666,0.16666666666666666,0.5,1.0,1.0,0.75,0.5,0.8333333333333334,0.7857142857142857,0.5,0.9166666666666666,0.08333333333333333,0.1111111111111111,,14.644351464435145,0.8571428571428571,,0.044444444444444446,,0.08163265306122448,,0.06382978723404255,,,,,,,0.05,,0.16666666666666666,0.05263157894736842,0.18181818181818182,,0.32142857142857145,0.4444444444444444,0.5,0.25,0.07142857142857142,0.5,0.5,,0.03571428571428571,1.0,1.0,,0.5,1.0,,0.16666666666666666,1.0,0.8928571428571429,0.5985125,,0.5952666666666667,0.07142857142857142,0.16666666666666666,0.045454545454545456,0.25,4.166666666666667,0.14418604651162792,2.0,2.0,,,,8.0,14.0,,1.0,4.0,10.0,16.0,,1.0,2.0,4.0,1.0,18.0,14.0,8.0,,,,1.0,,,,0.6,0.625,,0.5,0.625,0.5714285714285714,,,,,0.07142857142857142,1.0,1.0,1.0,0.5,0.5714285714285714,0.5714285714285714,0.5,,0.5,,,,,0.6666666666666666,0.5714285714285714,,25.7625,2.0,,1.0,,,,0.5,1.0,12.0,1.0,,,,,,,,,,,,,,True,,,,,,,,
1641711,1610612761,Gradey Dick,Gradey Dick,1641711,TOR,3652.0,61,5.0,123,118,12.0,34.0,17.0,241,8.0,13.0,1.0,3.0,,,,1.0,1.0,3.0,9.0,17.0,7.0,34.0,140,1.0,3.0,,2.0,,1.0,3.0,18.0,,,3.0,2.0,2.0,4.0,1.0,1.0,2.0,,,10.0,1.0,2.0,1.0,3.0,2.0,6.0,4.0,10.0,3.0,2.0,3.0,3.0,,,3.0,5.0,5.0,,6.0,,,9.0,,3.0,,,,,,3.0,12.0,,1.0,1.0,0.5294117647058824,0.3333333333333333,,0.46551724137931033,0.25,,0.5151515151515151,0.25,0.375,0.17647058823529413,0.07692307692307693,1.0,25.35211267605634,1.0,0.4,0.1,0.06060606060606061,0.037037037037037035,0.047619047619047616,0.07017543859649122,0.05555555555555555,0.07142857142857142,0.06666666666666667,,0.08333333333333333,,0.2,,0.14285714285714285,0.045454545454545456,,,0.4482758620689655,0.6153846153846154,0.6666666666666666,1.0,0.034482758620689655,,,,0.10344827586206896,0.3333333333333333,0.5,1.0,0.75,0.3333333333333333,1.0,,,0.8620689655172413,0.5834241379310343,0.5839375,0.35736666666666667,0.12121212121212122,0.15,0.058823529411764705,0.08823529411764706,4.370588235294117,0.0975609756097561,1.0,5.0,,,1.0,2.0,7.0,,1.0,1.0,3.0,12.0,,1.0,,2.0,3.0,6.0,7.0,2.0,,1.0,,1.0,,,1.0,0.6666666666666666,0.25,,,0.25,0.41379310344827586,,,0.2,,0.1724137931034483,0.2,0.2,1.0,0.2413793103448276,0.2857142857142857,0.2857142857142857,0.5,,0.25,,,0.3333333333333333,,0.3333333333333333,0.2857142857142857,0.07692307692307693,25.458333333333332,,,,,,,,,3.0,,1.0,0.3333333333333333,,,,,,,,,,,,True,,,,,,,,
1642347,1610612761,Jamal Shead,Jamal Shead,1642347,TOR,10740.0,179,-45.0,370,362,78.0,172.0,44.0,732,9.0,14.0,1.0,1.0,3.0,4.0,4.0,13.0,1.0,1.0,14.0,28.0,11.0,69.0,432,1.0,1.0,1.0,12.0,3.0,5.0,13.0,20.0,8.0,,3.0,22.0,7.0,29.0,6.0,1.0,18.0,2.0,2.0,65.0,2.0,2.0,2.0,1.0,,3.0,4.0,7.0,5.0,5.0,9.0,8.0,7.0,1.0,16.0,4.0,19.0,2.0,13.0,1.0,2.0,13.0,3.0,7.0,2.0,,2.0,2.0,1.0,13.0,77.0,4.0,0.7142857142857143,0.7142857142857143,0.5,1.0,0.6,0.5178571428571429,0.7857142857142857,0.6,0.5655737704918032,0.8571428571428571,0.65,0.10714285714285714,0.14285714285714285,0.07692307692307693,17.94871794871795,0.5625,,0.012658227848101266,0.018691588785046728,0.024096385542168676,0.02564102564102564,0.018518518518518517,0.021621621621621623,,0.03571428571428571,,0.019230769230769232,0.038461538461538464,0.03571428571428571,,,0.031746031746031744,,0.5,0.25,0.6428571428571429,0.75,0.7777777777777778,0.23214285714285715,0.3076923076923077,0.3333333333333333,0.5,0.017857142857142856,1.0,1.0,1.0,0.14285714285714285,1.0,1.0,0.4,0.75,0.75,0.5533927272727271,0.54875,0.5870150000000001,0.11666666666666667,0.21875,0.17391304347826086,0.18840579710144928,5.942857142857142,0.21081081081081082,4.0,9.0,2.0,2.0,2.0,6.0,19.0,2.0,4.0,3.0,10.0,28.0,3.0,6.0,2.0,5.0,1.0,30.0,18.0,6.0,,,1.0,,3.0,1.0,,1.0,0.35714285714285715,0.5,0.4,0.37037037037037035,0.5,,,,0.038461538461538464,0.16071428571428573,0.4444444444444444,0.4444444444444444,1.0,0.3392857142857143,0.3157894736842105,0.3157894736842105,1.0,0.2857142857142857,0.5714285714285714,0.5,1.0,0.2,1.0,0.3,0.3333333333333333,,26.053571428571427,,1.0,2.0,1.0,,,,1.0,,,1.0,,1.0,1.0,0.5,1.0,,,,,,,,True,,,,,,,,
1630534,1610612761,Ochai Agbaji,Ochai Agbaji,1630534,TOR,6997.0,117,-22.0,241,230,43.0,98.0,22.0,471,11.0,14.0,1.0,2.0,2.0,2.0,1.0,1.0,,1.0,12.0,16.0,1.0,40.0,269,1.0,2.0,,5.0,3.0,4.0,6.0,22.0,2.0,2.0,1.0,3.0,2.0,5.0,1.0,1.0,2.0,,1.0,12.0,4.0,2.0,4.0,7.0,1.0,12.0,6.0,18.0,6.0,5.0,2.0,1.0,2.0,1.0,4.0,3.0,6.0,,1.0,,,2.0,,,8.0,6.0,2.0,8.0,6.0,6.0,43.0,1.0,0.9166666666666666,1.0,0.75,0.5,0.75,0.5909090909090909,0.5,0.42857142857142855,0.6060606060606061,0.5,0.42857142857142855,0.0625,0.07142857142857142,,13.909774436090224,0.5,0.16666666666666666,0.1206896551724138,0.03225806451612903,0.06896551724137931,0.09302325581395349,0.09482758620689655,0.05714285714285714,0.05263157894736842,,0.14285714285714285,0.04,0.16666666666666666,0.125,0.0625,0.3,0.075,0.05555555555555555,0.75,0.42424242424242425,0.7857142857142857,0.8461538461538461,0.9090909090909091,0.030303030303030304,1.0,1.0,1.0,0.030303030303030304,,,,0.4,0.5,,0.2857142857142857,1.0,0.9393939393939394,0.624998484848485,0.7193,0.5126357142857143,,,0.125,0.15,2.8437499999999996,0.17842323651452283,2.0,10.0,1.0,,2.0,3.0,7.0,1.0,2.0,1.0,5.0,17.0,1.0,3.0,,3.0,,15.0,7.0,3.0,3.0,,1.0,1.0,,,,1.0,0.29411764705882354,0.3333333333333333,,0.29411764705882354,0.5151515151515151,0.17647058823529413,0.14285714285714285,,0.08333333333333333,0.30303030303030304,0.2,0.25,1.0,0.21212121212121213,0.42857142857142855,0.5,1.0,0.2,0.4,0.5,1.0,0.2857142857142857,,0.14285714285714285,0.42857142857142855,,24.205882352941178,,,,,,,,1.0,,,,,,1.0,,,0.2,,,,,,,True,,,,,,,,
1630567,1610612761,Scottie Barnes,Scottie Barnes,1630567,TOR,13252.0,221,-19.0,469,458,119.0,179.0,49.0,927,19.0,29.0,3.0,7.0,3.0,7.0,19.0,47.0,6.0,19.0,44.0,95.0,30.0,127.0,520,6.0,11.0,1.0,13.0,8.0,17.0,30.0,38.0,50.0,8.0,4.0,27.0,14.0,41.0,6.0,8.0,18.0,8.0,1.0,96.0,6.0,7.0,25.0,15.0,2.0,42.0,13.0,55.0,12.0,9.0,12.0,7.0,4.0,5.0,16.0,7.0,16.0,,32.0,1.0,2.0,35.0,5.0,16.0,6.0,6.0,,7.0,3.0,30.0,118.0,1.0,0.4318181818181818,0.475,0.4631578947368421,0.5454545454545454,0.47058823529411764,0.4217391304347826,0.42857142857142855,0.36363636363636365,0.4844961240310077,0.4642857142857143,0.5,0.042105263157894736,0.034482758620689655,0.06382978723404255,27.25563909774436,0.75,0.13333333333333333,0.15789473684210525,0.05426356589147287,0.22935779816513763,0.06666666666666667,0.19607843137254902,0.0593607305936073,0.06521739130434782,0.015625,0.15789473684210525,0.06779661016949153,0.06451612903225806,0.23255813953488372,0.08571428571428572,0.11764705882352941,0.20253164556962025,0.3,0.42857142857142855,0.25217391304347825,0.6551724137931034,0.6785714285714286,0.5789473684210527,0.40869565217391307,0.40425531914893614,0.4318181818181818,0.2631578947368421,0.16521739130434782,0.3157894736842105,0.3157894736842105,0.5,0.5,0.42857142857142855,,0.3181818181818182,0.42857142857142855,0.4260869565217391,0.49892850877192985,0.5057722222222222,0.5025409090909091,0.12698412698412698,0.1509433962264151,0.10236220472440945,0.23622047244094488,8.403157894736841,0.2537313432835821,,5.0,1.0,,1.0,3.0,15.0,,2.0,4.0,3.0,20.0,,3.0,,5.0,14.0,9.0,14.0,3.0,,,4.0,3.0,1.0,,,1.0,0.15,,,0.15789473684210525,0.17391304347826086,,,,0.06779661016949153,0.043478260869565216,,,,0.13043478260869565,0.2,0.2,1.0,0.07142857142857142,0.14285714285714285,,,0.045454545454545456,,0.18181818181818182,0.21428571428571427,,27.610000000000003,,1.0,1.0,3.0,,3.0,,2.0,,,3.0,,,2.0,,,,1.0,2.0,1.0,1.0,,,True,,,,,,,,
1630193,1610612761,Immanuel Quickley,Immanuel Quickley,1630193,TOR,2601.0,43,-15.0,86,82,15.0,11.0,7.0,168,3.0,5.0,,,,2.0,1.0,4.0,,1.0,4.0,10.0,7.0,21.0,104,1.0,1.0,,2.0,,3.0,2.0,4.0,4.0,,1.0,4.0,4.0,8.0,1.0,3.0,2.0,2.0,,20.0,,,,1.0,,1.0,,1.0,2.0,,2.0,1.0,1.0,1.0,3.0,,,,7.0,,,8.0,,3.0,,,,1.0,,2.0,15.0,,0.5,0.5,0.4,1.0,,0.2916666666666667,0.5,,0.375,0.5,0.1111111111111111,0.1,0.2,,32.97872340425532,0.6666666666666666,,0.0625,,,,0.024390243902439025,,,,,,,,0.125,,,,,0.20833333333333334,0.6,0.75,0.3333333333333333,0.16666666666666666,0.25,0.25,1.0,0.041666666666666664,,,,,,,0.25,,0.7916666666666666,0.5511020833333333,,0.51898125,0.1111111111111111,0.23076923076923078,0.09523809523809523,0.09523809523809523,6.3,0.1744186046511628,,3.0,,,1.0,2.0,11.0,,1.0,4.0,2.0,14.0,,1.0,,5.0,2.0,3.0,11.0,2.0,,,,2.0,1.0,,,0.5,0.14285714285714285,,,0.14285714285714285,0.5833333333333334,,,,,0.125,,,,0.4583333333333333,0.18181818181818182,0.18181818181818182,0.5,,0.5,,,0.125,,0.5,0.18181818181818182,,25.585714285714282,,,,1.0,,1.0,,,3.0,,,,,,,,,,,1.0,,1.0,,True,,,,,,,,
1642266,1610612761,Ja'Kobe Walter,Ja'Kobe Walter,1642266,TOR,4765.0,79,-2.0,163,161,41.0,79.0,16.0,324,4.0,8.0,,,,,3.0,4.0,,1.0,7.0,13.0,6.0,29.0,187,,,2.0,2.0,1.0,2.0,9.0,8.0,6.0,,3.0,6.0,1.0,7.0,,1.0,3.0,3.0,,15.0,2.0,,3.0,5.0,1.0,9.0,2.0,11.0,4.0,2.0,1.0,,,1.0,1.0,5.0,5.0,,8.0,,,8.0,2.0,5.0,,,,,,9.0,41.0,,0.5714285714285714,0.5714285714285714,0.5384615384615384,,0.5,0.46,,0.5,0.5178571428571429,1.0,0.5,0.23076923076923078,0.25,0.25,15.846994535519125,1.0,0.16666666666666666,0.15151515151515152,,0.07894736842105263,0.06060606060606061,0.11267605633802817,0.02564102564102564,,,,0.08695652173913043,,0.3125,,,0.07692307692307693,0.08333333333333333,,0.32,0.5,0.6666666666666666,0.75,0.16,0.75,1.0,0.3333333333333333,0.04,,,,,,,,,0.8,0.577982,,0.5262625,0.17857142857142858,0.3125,0.06896551724137931,0.3103448275862069,4.153846153846154,0.25153374233128833,,4.0,,,2.0,3.0,8.0,,,4.0,3.0,12.0,,,2.0,6.0,1.0,3.0,8.0,3.0,,,,2.0,,,,0.3333333333333333,0.25,,0.3333333333333333,0.25,0.48,,,,,0.16,,,,0.32,0.375,0.375,0.3333333333333333,,,,,0.25,,0.5,0.375,,24.925,2.0,,,,,,0.5,,6.0,,,,,,,,,,,,,,,True,,,,,,,,
1642419,1610612761,Jamison Battle,Jamison Battle,1642419,TOR,1297.0,22,-18.0,41,41,,7.0,3.0,82,,1.0,,1.0,,,,,,,,1.0,,6.0,63,,1.0,,,,,,,,,,,2.0,2.0,,2.0,,,,6.0,1.0,,,2.0,,2.0,1.0,3.0,,,,,1.0,,1.0,1.0,3.0,,,,,,,,,,,,,,,,,,,,,0.42857142857142855,,,0.42857142857142855,,,,,,17.77777777777778,,,0.2857142857142857,,,0.09090909090909091,0.125,0.047619047619047616,,,,0.125,,0.5,0.2,,,,,0.14285714285714285,,,,,,,,,,,,1.0,,,,,1.0,0.5410928571428572,,,,,,,3.7,,1.0,3.0,,,,1.0,3.0,,,,2.0,6.0,,,,,,6.0,3.0,1.0,,,,,,1.0,,1.0,0.3333333333333333,,,0.3333333333333333,0.8571428571428571,,,,,0.42857142857142855,0.3333333333333333,0.3333333333333333,1.0,0.42857142857142855,0.3333333333333333,0.3333333333333333,1.0,,,,,,,,0.3333333333333333,,24.649999999999995,,,,,,,,1.0,,,1.0,,,,,,,,,,,,,True,,,,,,,,
1642367,1610612761,Jonathan Mogbo,Jonathan Mogbo,1642367,TOR,1367.0,23,,48,47,11.0,31.0,4.0,95,1.0,1.0,,,,,,3.0,1.0,1.0,2.0,5.0,,10.0,58,,1.0,,,,,3.0,4.0,,,1.0,,2.0,2.0,1.0,1.0,,,,6.0,,2.0,1.0,1.0,,2.0,2.0,4.0,,,,,,,,2.0,2.0,,1.0,,,1.0,1.0,1.0,1.0,1.0,,1.0,1.0,3.0,11.0,,1.0,1.0,0.4,,,0.625,,1.5,0.625,,1.5,0.2,,0.3333333333333333,15.384615384615383,,,0.09090909090909091,0.25,0.14285714285714285,,0.1111111111111111,0.1111111111111111,,0.3333333333333333,,,,,0.16666666666666666,,0.14285714285714285,,1.0,0.125,1.0,1.0,1.0,0.375,,,,0.125,1.0,1.0,1.0,,,,,,0.5,0.53685,0.4629,0.6039,0.125,0.2,,0.3,8.02,0.22916666666666666,1.0,1.0,,1.0,1.0,1.0,2.0,,,,2.0,3.0,,,1.0,1.0,,6.0,2.0,1.0,,,1.0,,,,,1.0,0.6666666666666666,,1.0,0.6666666666666666,0.375,,,,0.3333333333333333,0.125,1.0,1.0,1.0,0.25,0.5,0.5,1.0,,,,,1.0,1.0,,0.5,,24.599999999999998,,,,,,,,,,,,,,,,,,,,,,,,True,,,,,,,,
203482,1610612761,Kelly Olynyk,Kelly Olynyk,203482,TOR,7912.0,132,-22.0,274,265,71.0,82.0,27.0,539,11.0,14.0,4.0,5.0,5.0,6.0,3.0,8.0,,,14.0,22.0,13.0,53.0,326,4.0,5.0,3.0,11.0,5.0,6.0,19.0,18.0,10.0,6.0,,20.0,2.0,22.0,2.0,,13.0,5.0,2.0,46.0,3.0,2.0,3.0,8.0,4.0,15.0,5.0,20.0,4.0,3.0,4.0,3.0,8.0,1.0,12.0,9.0,15.0,2.0,10.0,,,15.0,1.0,6.0,3.0,2.0,1.0,4.0,2.0,19.0,71.0,1.0,0.6428571428571429,0.8181818181818182,0.6363636363636364,0.8,0.8333333333333334,0.5882352941176471,0.8,0.5909090909090909,0.6463414634146342,0.7857142857142857,0.6785714285714286,,,,17.37704918032787,0.3333333333333333,0.5,0.14814814814814814,0.03333333333333333,0.046153846153846156,0.05172413793103448,0.09243697478991597,0.0423728813559322,,0.06451612903225806,,0.075,,0.11538461538461539,0.23809523809523808,,0.043478260869565216,0.05263157894736842,0.5,0.4117647058823529,0.7857142857142857,0.7857142857142857,0.6363636363636364,0.23529411764705882,0.375,0.375,0.6666666666666666,,,,,1.0,0.8,0.25,0.5454545454545454,0.8333333333333334,0.7647058823529411,0.5637294117647059,0.6278,0.602859090909091,0.15384615384615385,0.2222222222222222,0.20754716981132076,0.3584905660377358,4.172727272727273,0.2591240875912409,,,,,,4.0,12.0,,,5.0,4.0,12.0,,,1.0,5.0,6.0,12.0,12.0,4.0,,,,1.0,2.0,3.0,,1.0,0.3333333333333333,,0.2,0.3333333333333333,0.35294117647058826,,,,,,,,,0.35294117647058826,0.3333333333333333,0.3333333333333333,1.0,,,,,,,0.45454545454545453,0.3333333333333333,,26.308333333333334,1.0,,2.0,2.0,,2.0,0.2,1.0,,,,,,,,,,,,1.0,1.0,,1.0,True,,,,,,,,
1631115,1610612761,Orlando Robinson,Orlando Robinson,1631115,TOR,2493.0,42,-16.0,91,90,18.0,60.0,13.0,181,1.0,3.0,,,,,2.0,5.0,,,3.0,8.0,6.0,12.0,99,1.0,2.0,2.0,4.0,1.0,1.0,3.0,6.0,,,2.0,1.0,,1.0,,,1.0,,,2.0,1.0,3.0,1.0,6.0,1.0,8.0,4.0,12.0,2.0,2.0,2.0,2.0,,,2.0,5.0,8.0,,6.0,1.0,,9.0,1.0,5.0,2.0,1.0,1.0,2.0,2.0,3.0,18.0,,1.0,1.0,0.375,0.5,1.0,0.3333333333333333,0.5,1.0,0.46153846153846156,0.5,0.75,0.25,0.6666666666666666,,14.018691588785046,1.0,0.3333333333333333,0.3157894736842105,0.08108108108108109,0.05555555555555555,0.058823529411764705,0.1891891891891892,0.07407407407407407,0.13333333333333333,0.058823529411764705,,,0.25,0.2857142857142857,0.2222222222222222,0.6666666666666666,0.07692307692307693,,1.0,0.3333333333333333,0.3333333333333333,1.0,1.0,0.5555555555555556,0.4,0.4,1.0,,,,,,,,,,0.4444444444444444,0.5154000000000001,0.4062,0.4285,0.38461538461538464,0.4166666666666667,0.3333333333333333,0.25,5.1875,0.1978021978021978,,,,,,,1.0,,,,,1.0,,,,,1.0,,1.0,,,,,,,,,,,,,,0.1111111111111111,,,,,,,,,0.1111111111111111,,,,,,,,,,,,,25.2,,,,,,,,1.0,,,,,,,,,,,,,,,,True,,,,,,,,
1630639,1610612761,A.J. Lawson,A.J. Lawson,1630639,TOR,108.0,2,-5.0,4,4,,1.0,1.0,8,,,,,,,,,,,,,,,8,,,,,,,,,,,,,,,,,,,,,1.0,,,,,,1.0,1.0,,,,,,,,,,,,,,,,,,,,,,,,,,,,,,,,,,,,,,,16.666666666666668,,,,,,0.3333333333333333,,0.2,,,,0.3333333333333333,,,,,,,,,,,,,,,,,,,,,,,,,1.0,0.56655,,,,,,,,,,,,,,,1.0,,,,,1.0,,,,,,,1.0,,,,,,,,,,,,,,1.0,,,,,,,,,1.0,,,,,,,,,,,,,27.5,,,,,,,,,,,,,,,,,,,,,,,,True,,,,,,,,
1627751,1610612761,Jakob Poeltl,Jakob Poeltl,1627751,TOR,87193.0,1453,-3.0,3011,3034,520.0,673.0,370.0,6045,194.0,272.0,66.0,111.0,27.0,38.0,112.0,208.0,6.0,17.0,312.0,497.0,92.0,719.0,3448,81.0,136.0,11.0,173.0,41.0,69.0,118.0,464.0,160.0,114.0,30.0,103.0,33.0,136.0,18.0,15.0,68.0,27.0,8.0,305.0,43.0,120.0,128.0,164.0,17.0,309.0,164.0,473.0,55.0,39.0,56.0,37.0,38.0,19.0,94.0,85.0,156.0,14.0,120.0,15.0,4.0,138.0,19.0,65.0,64.0,36.0,27.0,64.0,39.0,115.0,515.0,13.0,0.7435897435897436,0.9098039215686274,0.6277665995975855,0.5955882352941176,0.5942028985507246,0.627,0.5955882352941176,0.5857142857142857,0.6431127012522362,0.6006944444444444,0.6210526315789474,0.060362173038229376,0.0625,0.0625,18.958999709217796,0.5957446808510638,0.21794871794871795,0.23597122302158274,0.14742014742014742,0.18181818181818182,0.0780399274047187,0.2087205146533238,0.11941391941391942,0.19469026548672566,0.11979166666666667,0.08791208791208792,0.06923076923076923,0.09937888198757763,0.24603174603174602,0.23823529411764705,0.20388349514563106,0.1760154738878143,0.19786096256684493,0.609375,0.544,0.7132352941176471,0.7607843137254902,0.6597938144329897,0.416,0.5384615384615384,0.5743589743589743,0.8839285714285714,0.034,0.35294117647058826,0.35294117647058826,0.8333333333333334,0.8161764705882353,0.5945945945945946,0.13636363636363635,0.5428571428571428,0.7105263157894737,0.55,0.5679646292585169,0.5999330357142856,0.5772811594202899,0.11904761904761904,0.11970534069981584,0.24061196105702365,0.16411682892906815,4.69456740442656,0.17270009963467287,1.0,1.0,,,,,2.0,,,1.0,1.0,3.0,,,,1.0,36.0,3.0,1.0,,,1.0,20.0,16.0,10.0,4.0,,1.0,0.3333333333333333,,,0.5,0.006,,,0.012658227848101266,0.13071895424836602,0.002,1.0,1.0,1.0,0.004,,,,,,,,,,0.014285714285714285,,,38.0,,1.0,22.0,13.0,2.0,10.0,,17.0,,,8.0,,,5.0,,,,1.0,,,,,,False,1.0,1.0,2.0,,,,,
1628449,1610612761,Chris Boucher,Chris Boucher,1628449,TOR,45564.0,759,-6.0,1529,1537,394.0,487.0,218.0,3066,79.0,110.0,28.0,42.0,22.0,29.0,15.0,33.0,7.0,16.0,101.0,159.0,57.0,445.0,1804,31.0,47.0,22.0,93.0,27.0,37.0,124.0,126.0,76.0,52.0,17.0,19.0,13.0,32.0,11.0,2.0,15.0,4.0,,77.0,24.0,38.0,68.0,53.0,12.0,133.0,64.0,197.0,23.0,14.0,13.0,6.0,13.0,7.0,26.0,39.0,61.0,3.0,61.0,9.0,2.0,74.0,9.0,36.0,18.0,9.0,8.0,24.0,10.0,124.0,394.0,6.0,0.6237623762376238,0.84,0.6352201257861635,0.6595744680851063,0.7297297297297297,0.5932721712538226,0.5461538461538461,0.675,0.6183844011142061,0.6118421052631579,0.6966292134831461,0.1069182389937107,0.13636363636363635,0.06060606060606061,21.544487968662562,0.5,0.2926829268292683,0.15963855421686746,0.09290953545232274,0.18085106382978725,0.07164179104477612,0.1709039548022599,0.08333333333333333,0.08875739644970414,0.0979381443298969,0.08695652173913043,0.06926406926406926,0.07692307692307693,0.10687022900763359,0.1858974358974359,0.2222222222222222,0.18411552346570398,0.1717171717171717,0.4166666666666667,0.3363914373088685,0.7181818181818181,0.8315789473684211,0.5949367088607594,0.10091743119266056,0.45454545454545453,0.4838709677419355,0.8,0.04892966360856269,0.4375,0.4375,0.5714285714285714,0.6461538461538462,0.6666666666666666,0.07142857142857142,0.3625,0.7586206896551724,0.8501529051987767,0.5782896024464832,0.5809880952380951,0.5802775,0.1016949152542373,0.1935483870967742,0.20898876404494382,0.2786516853932584,3.8471698113207555,0.25768476128188356,29.0,75.0,8.0,7.0,15.0,33.0,93.0,1.0,10.0,28.0,62.0,168.0,3.0,18.0,18.0,43.0,16.0,183.0,93.0,33.0,,2.0,5.0,9.0,2.0,2.0,,0.9838709677419355,0.36904761904761907,0.16666666666666666,0.4186046511627907,0.36904761904761907,0.5137614678899083,,,0.058823529411764705,0.03496503496503497,0.22935779816513763,0.38666666666666666,0.38666666666666666,1.0,0.28440366972477066,0.3548387096774194,0.3548387096774194,0.9696969696969697,0.12307692307692308,0.15384615384615385,0.1,1.0,0.1875,0.4666666666666667,0.35,0.3548387096774194,,24.905357142857156,11.0,,8.0,5.0,,5.0,0.39285714285714285,,3.0,2.0,3.0,,2.0,1.0,0.25,1.0,,3.0,1.0,6.0,4.0,2.0,,False,2.0,1.0,2.0,,,,,
1629628,1610612761,RJ Barrett,RJ Barrett,1629628,TOR,98326.0,1639,-146.0,3434,3437,642.0,811.0,418.0,6871,213.0,353.0,24.0,39.0,40.0,68.0,90.0,224.0,7.0,17.0,310.0,594.0,177.0,1079.0,4016,27.0,49.0,8.0,107.0,57.0,113.0,199.0,278.0,342.0,18.0,65.0,182.0,100.0,282.0,61.0,39.0,128.0,45.0,9.0,664.0,20.0,28.0,153.0,97.0,22.0,272.0,50.0,322.0,39.0,23.0,110.0,76.0,48.0,34.0,158.0,74.0,120.0,4.0,201.0,3.0,10.0,265.0,29.0,139.0,14.0,9.0,5.0,15.0,9.0,198.0,638.0,7.0,0.4483870967741935,0.46179401993355484,0.5218855218855218,0.5510204081632653,0.504424778761062,0.5256410256410257,0.5755813953488372,0.4940119760479042,0.5539014373716632,0.5815217391304348,0.5155440414507773,0.10942760942760943,0.12181303116147309,0.09821428571428571,28.921819110884005,0.6962025316455697,0.29333333333333333,0.13197278911564625,0.030601092896174863,0.18411552346570398,0.030441400304414,0.15964240102171137,0.030534351145038167,0.043583535108958835,0.022277227722772276,0.01020408163265306,0.032327586206896554,0.025906735751295335,0.0912280701754386,0.1495601173020528,0.1834862385321101,0.18151815181518152,0.19111111111111112,0.6,0.4114219114219114,0.603399433427762,0.6870967741935484,0.5258215962441315,0.26107226107226106,0.4017857142857143,0.44554455445544555,0.2777777777777778,0.019813519813519812,0.4117647058823529,0.4117647058823529,0.2857142857142857,0.45348837209302323,0.6153846153846154,0.375,0.40718562874251496,0.5882352941176471,0.7191142191142191,0.5660110397196264,0.5781207547169812,0.5533678787878789,0.1446280991735537,0.19744318181818182,0.09916589434661724,0.18443002780352177,4.368855218855221,0.18695398951659872,26.0,61.0,9.0,3.0,7.0,68.0,203.0,11.0,28.0,47.0,94.0,264.0,15.0,37.0,17.0,54.0,34.0,258.0,201.0,68.0,3.0,2.0,11.0,16.0,22.0,10.0,1.0,0.9148936170212766,0.3560606060606061,0.40540540540540543,0.3148148148148148,0.35877862595419846,0.3076923076923077,0.011363636363636364,0.009852216748768473,0.02040816326530612,0.029177718832891247,0.07109557109557109,0.4262295081967213,0.43333333333333335,0.8846153846153846,0.2365967365967366,0.33497536945812806,0.3383084577114428,0.9264705882352942,0.10465116279069768,0.32558139534883723,0.39285714285714285,0.8181818181818182,0.041916167664670656,0.42857142857142855,0.281437125748503,0.3383084577114428,0.003787878787878788,25.567424242424238,14.0,2.0,29.0,6.0,,5.0,0.2978723404255319,5.0,24.0,3.0,7.0,,4.0,7.0,0.4444444444444444,0.5,0.01639344262295082,2.0,1.0,1.0,,1.0,,False,3.0,,,1.0,,,,
1630193,1610612761,Immanuel Quickley,Immanuel Quickley,1630193,TOR,46749.0,779,-26.0,1595,1606,302.0,359.0,207.0,3201,30.0,51.0,,,8.0,10.0,46.0,107.0,10.0,22.0,86.0,180.0,100.0,485.0,1824,9.0,14.0,4.0,55.0,22.0,43.0,95.0,66.0,106.0,2.0,21.0,104.0,52.0,156.0,32.0,20.0,58.0,38.0,8.0,364.0,10.0,4.0,57.0,28.0,5.0,90.0,14.0,104.0,18.0,14.0,33.0,24.0,18.0,9.0,51.0,23.0,56.0,2.0,82.0,6.0,3.0,116.0,10.0,51.0,3.0,1.0,2.0,3.0,3.0,95.0,299.0,2.0,0.38372093023255816,0.38823529411764707,0.4777777777777778,0.6428571428571429,0.5116279069767442,0.5303030303030303,0.6710526315789473,0.48507462686567165,0.5837378640776699,0.6875,0.5740740740740741,0.11666666666666667,0.1568627450980392,0.12149532710280374,25.17672648178358,0.6470588235294118,0.16129032258064516,0.08022922636103152,0.009070294784580499,0.14615384615384616,0.030303030303030304,0.11502029769959404,0.018158236057068743,,0.017167381974248927,,0.027888446215139442,0.0379746835443038,0.05737704918032787,0.08791208791208792,0.1111111111111111,0.13448275862068965,0.18,1.0,0.14049586776859505,0.5882352941176471,0.6976744186046512,0.4,0.29476584022038566,0.42990654205607476,0.48936170212765956,0.391304347826087,0.06060606060606061,0.45454545454545453,0.45454545454545453,0.3,,,,0.14925373134328357,0.8,0.6446280991735537,0.513661218836565,0.48889130434782613,0.4703007575757576,0.1330049261083744,0.23076923076923078,0.1134020618556701,0.1958762886597938,7.72944444444444,0.18934169278996865,9.0,20.0,6.0,1.0,3.0,62.0,163.0,8.0,18.0,21.0,71.0,183.0,11.0,24.0,7.0,24.0,30.0,156.0,161.0,62.0,1.0,,3.0,4.0,5.0,3.0,3.0,0.7323943661971831,0.3879781420765027,0.4583333333333333,0.2916666666666667,0.39226519337016574,0.5041322314049587,0.00546448087431694,0.006134969325153374,,0.01694915254237288,0.05509641873278237,0.45,0.45,0.8888888888888888,0.4490358126721763,0.3803680981595092,0.38271604938271603,0.7096774193548387,0.15789473684210525,0.47368421052631576,0.4444444444444444,1.0,0.04477611940298507,0.3333333333333333,0.31343283582089554,0.38509316770186336,0.016216216216216217,26.46338797814209,6.0,2.0,16.0,6.0,,6.0,0.2857142857142857,2.0,57.0,2.0,4.0,,3.0,1.0,0.5,0.6666666666666666,,4.0,5.0,,,,,False,,,,1.0,,,,
1630534,1610612761,Ochai Agbaji,Ochai Agbaji,1630534,TOR,88346.0,1472,-191.0,3050,3067,547.0,836.0,361.0,6117,117.0,183.0,16.0,31.0,18.0,30.0,15.0,45.0,4.0,6.0,136.0,234.0,32.0,550.0,3517,17.0,32.0,,64.0,23.0,42.0,92.0,218.0,54.0,22.0,25.0,47.0,40.0,87.0,23.0,17.0,27.0,15.0,5.0,214.0,18.0,28.0,78.0,67.0,14.0,159.0,48.0,207.0,40.0,28.0,23.0,14.0,20.0,9.0,43.0,62.0,108.0,3.0,41.0,3.0,1.0,45.0,4.0,20.0,21.0,16.0,5.0,21.0,10.0,92.0,544.0,10.0,0.8014705882352942,0.872,0.5811965811965812,0.53125,0.5476190476190477,0.5886363636363636,0.64,0.6212121212121212,0.5978260869565217,0.64,0.6301369863013698,0.10683760683760683,0.1092896174863388,0.1111111111111111,14.53757225433526,0.5348837209302325,0.16470588235294117,0.0975254730713246,0.036036036036036036,0.10143042912873862,0.028037383177570093,0.09958791208791208,0.03241719520789288,0.042682926829268296,0.031161473087818695,0.03125,0.02708803611738149,0.03015075376884422,0.10526315789473684,0.08059701492537313,0.13333333333333333,0.08994708994708994,0.13366336633663367,0.47619047619047616,0.4159090909090909,0.639344262295082,0.7177914110429447,0.811965811965812,0.10227272727272728,0.3333333333333333,0.375,0.7333333333333333,0.013636363636363636,0.6666666666666666,0.6666666666666666,0.75,0.62,0.5161290322580645,0.3125,0.45454545454545453,0.6,0.884090909090909,0.6080071590909092,0.6180485294117647,0.6125318181818183,0.045951859956236324,0.08,0.11636363636363636,0.16727272727272727,3.111965811965812,0.17934426229508196,54.0,125.0,11.0,9.0,17.0,28.0,81.0,3.0,7.0,7.0,82.0,206.0,10.0,18.0,12.0,24.0,10.0,237.0,81.0,28.0,2.0,2.0,6.0,12.0,2.0,5.0,1.0,0.9634146341463414,0.39805825242718446,0.5555555555555556,0.5,0.39805825242718446,0.4681818181818182,0.009708737864077669,0.012345679012345678,0.025,0.030927835051546393,0.2840909090909091,0.432,0.43548387096774194,0.9814814814814815,0.18409090909090908,0.345679012345679,0.35,0.9285714285714286,0.22,0.14,0.42857142857142855,1.0,0.25757575757575757,0.5294117647058824,0.10606060606060606,0.345679012345679,0.004830917874396135,24.36990291262135,3.0,,5.0,3.0,,3.0,0.42857142857142855,8.0,9.0,3.0,4.0,,7.0,5.0,0.6363636363636364,1.0,0.008,2.0,,,,,,False,,,,,2.0,,,
1630567,1610612761,Scottie Barnes,Scottie Barnes,1630567,TOR,103196.0,1720,-112.0,3549,3569,688.0,946.0,435.0,7118,139.0,212.0,22.0,37.0,23.0,33.0,127.0,279.0,46.0,111.0,312.0,602.0,187.0,1006.0,4045,36.0,70.0,20.0,98.0,49.0,105.0,184.0,288.0,336.0,30.0,30.0,203.0,99.0,302.0,71.0,28.0,144.0,56.0,3.0,703.0,36.0,45.0,168.0,123.0,22.0,313.0,86.0,399.0,76.0,44.0,99.0,70.0,56.0,29.0,155.0,40.0,91.0,11.0,199.0,14.0,8.0,246.0,19.0,110.0,48.0,33.0,15.0,53.0,29.0,182.0,682.0,11.0,0.46153846153846156,0.48484848484848486,0.5182724252491694,0.5142857142857142,0.4666666666666667,0.489247311827957,0.47560975609756095,0.42517006802721086,0.5285412262156448,0.5212765957446809,0.49728260869565216,0.04983388704318937,0.0660377358490566,0.05734767025089606,26.94478527607362,0.6387096774193548,0.23404255319148937,0.15471698113207547,0.04833512352309345,0.19534883720930232,0.04730617608409987,0.17583081570996978,0.047872340425531915,0.03485254691689008,0.0645879732739421,0.027522935779816515,0.05415162454873646,0.028985507246376812,0.12297734627831715,0.15844155844155844,0.2376237623762376,0.18396226415094338,0.22767857142857142,0.5471698113207547,0.2532855436081243,0.6556603773584906,0.702020202020202,0.5899280575539568,0.3333333333333333,0.4551971326164875,0.4828897338403042,0.33858267716535434,0.13261648745519714,0.4144144144144144,0.4144144144144144,0.41304347826086957,0.45121951219512196,0.5945945945945946,0.18181818181818182,0.22448979591836735,0.696969696969697,0.5340501792114696,0.52336818727491,0.5262259259259259,0.4873321678321679,0.11853448275862069,0.15873015873015872,0.09741550695825049,0.18290258449304175,7.707308970099662,0.1938574246266554,13.0,34.0,1.0,3.0,6.0,52.0,201.0,2.0,11.0,36.0,65.0,235.0,2.0,12.0,9.0,42.0,59.0,150.0,197.0,52.0,2.0,5.0,27.0,32.0,21.0,12.0,,0.7692307692307693,0.2765957446808511,0.16666666666666666,0.21428571428571427,0.2813852813852814,0.2807646356033453,0.00851063829787234,0.004975124378109453,0.05555555555555555,0.06490384615384616,0.04062126642771804,0.38235294117647056,0.3939393939393939,0.9230769230769231,0.24014336917562723,0.25870646766169153,0.26,0.7307692307692307,0.012195121951219513,0.13414634146341464,0.18181818181818182,1.0,0.04081632653061224,0.5,0.24489795918367346,0.2639593908629442,,26.182978723404258,6.0,4.0,36.0,18.0,,14.0,0.16666666666666666,5.0,45.0,,9.0,,,5.0,,,0.029411764705882353,4.0,8.0,5.0,3.0,2.0,,False,,,1.0,,,5.0,,
1641711,1610612761,Gradey Dick,Gradey Dick,1641711,TOR,91593.0,1527,-215.0,3168,3180,588.0,733.0,376.0,6348,75.0,145.0,11.0,19.0,12.0,21.0,43.0,103.0,24.0,56.0,142.0,304.0,126.0,743.0,3759,19.0,35.0,16.0,93.0,21.0,45.0,131.0,222.0,62.0,10.0,30.0,56.0,38.0,94.0,26.0,12.0,42.0,14.0,,226.0,17.0,21.0,84.0,57.0,2.0,143.0,40.0,183.0,45.0,28.0,58.0,30.0,22.0,28.0,80.0,53.0,115.0,3.0,121.0,4.0,10.0,146.0,5.0,55.0,9.0,4.0,5.0,10.0,6.0,129.0,583.0,17.0,0.7816901408450704,0.8102189781021898,0.46710526315789475,0.5428571428571428,0.4666666666666667,0.49919093851132684,0.6209677419354839,0.42857142857142855,0.5386861313868613,0.647887323943662,0.4962121212121212,0.09868421052631579,0.1103448275862069,0.10679611650485436,21.176797113516514,0.725,0.02197802197802198,0.08309037900874636,0.025210084033613446,0.112,0.026194144838212634,0.09818941504178273,0.02564102564102564,0.0215633423180593,0.027932960893854747,0.028846153846153848,0.029045643153526972,0.017964071856287425,0.09774436090225563,0.05228758169934641,0.13157894736842105,0.11829944547134935,0.09569377990430622,0.6,0.23462783171521034,0.5172413793103449,0.5813953488372093,0.8266666666666667,0.16666666666666666,0.4174757281553398,0.4673913043478261,0.7441860465116279,0.09061488673139159,0.42857142857142855,0.4528301886792453,0.7083333333333334,0.3064516129032258,0.5789473684210527,0.36363636363636365,0.1875,0.5714285714285714,0.7427184466019418,0.5519123987034033,0.5617962499999999,0.5268166666666666,0.08779761904761904,0.1553672316384181,0.12516823687752354,0.17631224764468373,6.906907894736841,0.1856060606060606,29.0,83.0,7.0,6.0,20.0,82.0,231.0,9.0,20.0,47.0,111.0,314.0,13.0,27.0,18.0,67.0,35.0,318.0,230.0,82.0,3.0,2.0,10.0,17.0,5.0,4.0,4.0,0.954954954954955,0.3535031847133758,0.48148148148148145,0.26865671641791045,0.3546325878594249,0.5080906148867314,0.009554140127388535,0.004329004329004329,0.028169014084507043,0.030395136778115502,0.1343042071197411,0.3493975903614458,0.35802469135802467,1.0,0.3737864077669903,0.354978354978355,0.3565217391304348,0.9390243902439024,0.11290322580645161,0.3225806451612903,0.45,1.0,0.17857142857142858,0.3,0.41964285714285715,0.3565217391304348,0.012578616352201259,25.661464968152853,12.0,1.0,17.0,13.0,,9.0,0.2553191489361702,2.0,15.0,5.0,8.0,0.05357142857142857,4.0,1.0,0.5714285714285714,1.0,0.024096385542168676,4.0,5.0,1.0,1.0,,,False,6.0,,,,,1.0,,
1642266,1610612761,Ja'Kobe Walter,Ja'Kobe Walter,1642266,TOR,51200.0,853,-92.0,1738,1748,343.0,551.0,239.0,3486,43.0,89.0,3.0,15.0,7.0,13.0,29.0,63.0,6.0,18.0,78.0,170.0,48.0,336.0,2014,11.0,27.0,5.0,39.0,14.0,27.0,68.0,106.0,50.0,4.0,32.0,36.0,23.0,59.0,16.0,7.0,28.0,4.0,4.0,141.0,17.0,25.0,36.0,34.0,5.0,75.0,45.0,120.0,27.0,18.0,24.0,15.0,16.0,9.0,40.0,46.0,79.0,2.0,55.0,4.0,5.0,63.0,6.0,31.0,7.0,3.0,4.0,8.0,4.0,68.0,343.0,8.0,0.6794871794871795,0.6973684210526315,0.4588235294117647,0.4074074074074074,0.5185185185185185,0.4645161290322581,0.425,0.40350877192982454,0.49851632047477745,0.45348837209302323,0.4927536231884058,0.18823529411764706,0.23595505617977527,0.15873015873015872,18.681863230921707,0.6,0.08928571428571429,0.08717948717948718,0.053763440860215055,0.09022556390977443,0.04381443298969072,0.08871989860583017,0.0492379835873388,0.05504587155963303,0.05235602094240838,0.05357142857142857,0.02867383512544803,0.08256880733944955,0.08280254777070063,0.08571428571428572,0.10344827586206896,0.08666666666666667,0.10101010101010101,0.5,0.2870967741935484,0.48314606741573035,0.6323529411764706,0.7674418604651163,0.2032258064516129,0.4603174603174603,0.5471698113207547,0.6206896551724138,0.05806451612903226,0.3333333333333333,0.35294117647058826,0.3333333333333333,0.375,0.2,0.3333333333333333,0.22807017543859648,0.5384615384615384,0.7387096774193549,0.5508264610389609,0.5212574074074074,0.5376454545454545,0.09850746268656717,0.15897435897435896,0.11607142857142858,0.20238095238095238,5.905294117647058,0.19735327963176064,13.0,46.0,6.0,1.0,7.0,31.0,94.0,2.0,7.0,23.0,44.0,140.0,4.0,13.0,6.0,30.0,22.0,132.0,92.0,31.0,2.0,3.0,9.0,9.0,1.0,4.0,2.0,1.0,0.3142857142857143,0.3076923076923077,0.2,0.3188405797101449,0.45161290322580644,0.014285714285714285,0.010638297872340425,0.06818181818181818,0.05921052631578947,0.14838709677419354,0.2826086956521739,0.28888888888888886,1.0,0.3032258064516129,0.32978723404255317,0.3333333333333333,1.0,0.15,0.175,0.2857142857142857,1.0,0.12280701754385964,0.14285714285714285,0.40350877192982454,0.33695652173913043,0.014285714285714285,25.327857142857145,5.0,2.0,7.0,2.0,,2.0,0.21739130434782608,3.0,,3.0,6.0,0.05555555555555555,2.0,4.0,0.3333333333333333,1.0,0.021739130434782608,,1.0,1.0,1.0,,,False,3.0,,,2.0,,,,
1642347,1610612761,Jamal Shead,Jamal Shead,1642347,TOR,64108.0,1068,-173.0,2199,2212,547.0,748.0,294.0,4411,44.0,68.0,3.0,5.0,9.0,18.0,47.0,111.0,4.0,17.0,95.0,196.0,28.0,374.0,2586,4.0,12.0,2.0,25.0,21.0,51.0,102.0,74.0,116.0,4.0,17.0,126.0,105.0,231.0,66.0,39.0,79.0,34.0,13.0,567.0,6.0,14.0,37.0,29.0,3.0,69.0,21.0,90.0,38.0,25.0,52.0,44.0,35.0,8.0,87.0,62.0,118.0,3.0,71.0,,18.0,40.0,10.0,20.0,5.0,2.0,3.0,7.0,3.0,100.0,545.0,12.0,0.3894736842105263,0.3978494623655914,0.4846938775510204,0.3333333333333333,0.4117647058823529,0.4914772727272727,0.38333333333333336,0.48947368421052634,0.5095628415300546,0.4032258064516129,0.51,0.08673469387755102,0.11764705882352941,0.08108108108108109,17.820613690007868,0.5977011494252874,0.04411764705882353,0.05918367346938776,0.02356902356902357,0.07326732673267326,0.012987012987012988,0.06633165829145729,0.01893939393939394,0.008438818565400843,0.03180212014134275,0.04054054054054054,0.01875,,0.04639175257731959,0.05405405405405406,0.10810810810810811,0.06842105263157895,0.088,0.42857142857142855,0.19318181818181818,0.6470588235294118,0.7333333333333333,0.4090909090909091,0.3153409090909091,0.42342342342342343,0.46078431372549017,0.3829787234042553,0.048295454545454544,0.23529411764705882,0.23529411764705882,0.25,0.16666666666666666,0.6,,0.18947368421052632,0.5,0.6363636363636364,0.5186398280802293,0.555564705882353,0.5002064516129032,0.05785123966942149,0.0970873786407767,0.06684491978609626,0.2727272727272727,7.132142857142855,0.24874943155979992,9.0,21.0,2.0,4.0,8.0,43.0,135.0,5.0,16.0,36.0,52.0,156.0,5.0,18.0,17.0,44.0,9.0,138.0,133.0,43.0,1.0,1.0,6.0,13.0,18.0,5.0,1.0,0.8846153846153846,0.3333333333333333,0.2777777777777778,0.38636363636363635,0.33766233766233766,0.4431818181818182,0.00641025641025641,0.007407407407407408,0.01818181818181818,0.03296703296703297,0.05965909090909091,0.42857142857142855,0.42857142857142855,1.0,0.3835227272727273,0.31851851851851853,0.3208955223880597,0.8604651162790697,0.06666666666666667,0.5333333333333333,0.3125,1.0,0.08421052631578947,0.5,0.37894736842105264,0.3233082706766917,0.006369426751592357,26.21025641025642,13.0,2.0,26.0,3.0,,2.0,0.3611111111111111,2.0,18.0,,6.0,,,6.0,,,,1.0,1.0,2.0,1.0,1.0,,False,8.0,,,,,,,
1642419,1610612761,Jamison Battle,Jamison Battle,1642419,TOR,45526.0,759,-122.0,1568,1569,390.0,523.0,224.0,3137,14.0,26.0,2.0,6.0,2.0,4.0,13.0,30.0,5.0,9.0,32.0,65.0,16.0,314.0,1803,3.0,11.0,5.0,41.0,6.0,13.0,71.0,54.0,10.0,6.0,11.0,20.0,17.0,37.0,12.0,5.0,11.0,9.0,,91.0,17.0,10.0,41.0,42.0,3.0,86.0,29.0,115.0,9.0,6.0,13.0,8.0,3.0,5.0,16.0,31.0,70.0,,21.0,5.0,3.0,18.0,1.0,6.0,8.0,4.0,4.0,8.0,5.0,71.0,389.0,9.0,0.84375,0.9310344827586207,0.49230769230769234,0.2727272727272727,0.46153846153846156,0.58203125,0.47368421052631576,0.5833333333333334,0.5928030303030303,0.5125,0.6120689655172413,0.16923076923076924,0.23076923076923078,0.16666666666666666,15.14657980456026,0.8125,0.06666666666666667,0.11797752808988764,0.02320185614849188,0.11357340720221606,0.04709141274238227,0.11576011157601115,0.03409090909090909,0.017142857142857144,0.027149321266968326,0.02857142857142857,0.044715447154471545,0.05217391304347826,0.13953488372093023,0.10227272727272728,0.11764705882352941,0.11552346570397112,0.10714285714285714,0.625,0.1015625,0.5384615384615384,0.7,0.8571428571428571,0.1171875,0.43333333333333335,0.52,0.8461538461538461,0.03515625,0.5555555555555556,0.5555555555555556,0.8,0.15789473684210525,0.3333333333333333,,0.07407407407407407,0.5,0.84765625,0.5452423529411765,0.5442961538461538,0.5285339622641508,0.022988505747126436,0.08571428571428572,0.1305732484076433,0.22611464968152867,7.176923076923077,0.24872448979591838,33.0,81.0,15.0,4.0,15.0,45.0,110.0,4.0,12.0,26.0,78.0,191.0,10.0,27.0,17.0,41.0,8.0,228.0,110.0,45.0,1.0,2.0,3.0,3.0,1.0,,,0.9743589743589743,0.4083769633507853,0.37037037037037035,0.4146341463414634,0.4083769633507853,0.74609375,0.005235602094240838,,0.05555555555555555,0.023076923076923078,0.31640625,0.4074074074074074,0.4125,0.9696969696969697,0.4296875,0.4090909090909091,0.4090909090909091,0.9777777777777777,0.39473684210526316,0.3157894736842105,0.3333333333333333,1.0,0.2777777777777778,0.26666666666666666,0.48148148148148145,0.4090909090909091,,24.960732984293195,13.0,,4.0,3.0,,2.0,0.5,8.0,6.0,2.0,4.0,,6.0,,0.4,0.8333333333333334,0.012345679012345678,,2.0,,,,,False,1.0,,,,,,1.0,
1630558,1610612761,Davion Mitchell,Davion Mitchell,1630558,TOR,58550.0,976,-75.0,2009,2009,427.0,554.0,261.0,4018,37.0,66.0,,1.0,5.0,9.0,19.0,39.0,2.0,10.0,58.0,115.0,23.0,235.0,2312,2.0,6.0,,19.0,9.0,17.0,44.0,44.0,72.0,,13.0,114.0,71.0,185.0,43.0,28.0,62.0,46.0,6.0,441.0,10.0,6.0,40.0,22.0,1.0,63.0,16.0,79.0,28.0,15.0,46.0,35.0,25.0,11.0,71.0,38.0,104.0,4.0,61.0,,22.0,35.0,6.0,13.0,7.0,4.0,3.0,8.0,3.0,44.0,425.0,11.0,0.3793103448275862,0.3793103448275862,0.5043478260869565,0.3333333333333333,0.5294117647058824,0.49074074074074076,0.4318181818181818,0.4342105263157895,0.508695652173913,0.4318181818181818,0.4782608695652174,0.11304347826086956,0.13636363636363635,0.10256410256410256,13.052905464006939,0.647887323943662,0.015873015873015872,0.04856512141280353,0.011741682974559686,0.07920792079207921,0.022988505747126436,0.06471816283924843,0.016913319238900635,0.00425531914893617,0.0182648401826484,0.017543859649122806,0.02572347266881029,0.016129032258064516,0.04819277108433735,0.05188679245283019,0.04,0.07988980716253444,0.07746478873239436,0.375,0.3055555555555556,0.5606060606060606,0.6491228070175439,0.2972972972972973,0.18055555555555555,0.48717948717948717,0.5428571428571428,0.5263157894736842,0.046296296296296294,0.2,0.2,0.5,0.045454545454545456,,,0.23684210526315788,0.5555555555555556,0.7731481481481481,0.5563377358490565,0.5006736842105264,0.5280728571428571,0.05829596412556054,0.10655737704918032,0.08085106382978724,0.18723404255319148,5.172173913043477,0.21254355400696864,5.0,19.0,5.0,1.0,2.0,27.0,82.0,5.0,11.0,19.0,32.0,101.0,5.0,16.0,5.0,21.0,11.0,81.0,79.0,27.0,,,2.0,13.0,13.0,3.0,,0.84375,0.31683168316831684,0.3125,0.23809523809523808,0.32653061224489793,0.4675925925925926,,,,0.018691588785046728,0.08796296296296297,0.2631578947368421,0.2631578947368421,1.0,0.37962962962962965,0.32926829268292684,0.32926829268292684,0.8148148148148148,0.22727272727272727,0.5,0.45454545454545453,0.8,0.05263157894736842,0.5,0.5,0.34177215189873417,,26.233663366336632,4.0,3.0,16.0,7.0,,7.0,0.21052631578947367,2.0,15.0,,5.0,,,1.0,,,,1.0,1.0,1.0,,1.0,,False,7.0,,,,,,,
1642367,1610612761,Jonathan Mogbo,Jonathan Mogbo,1642367,TOR,59029.0,984,-212.0,2021,2021,471.0,698.0,263.0,4042,83.0,144.0,16.0,37.0,13.0,22.0,14.0,51.0,2.0,11.0,99.0,206.0,54.0,288.0,2352,19.0,47.0,7.0,45.0,18.0,39.0,62.0,134.0,64.0,24.0,21.0,62.0,32.0,94.0,23.0,9.0,38.0,20.0,4.0,220.0,37.0,53.0,64.0,71.0,11.0,146.0,91.0,237.0,42.0,21.0,26.0,18.0,25.0,8.0,51.0,56.0,111.0,7.0,62.0,3.0,4.0,74.0,10.0,39.0,23.0,10.0,13.0,26.0,8.0,62.0,469.0,17.0,0.6767676767676768,0.7701149425287356,0.48058252427184467,0.40425531914893614,0.46153846153846156,0.46062992125984253,0.3877551020408163,0.4528301886792453,0.5034965034965035,0.4166666666666667,0.5,0.10194174757281553,0.09722222222222222,0.13725490196078433,14.420196833547282,0.5098039215686274,0.18032786885245902,0.16136363636363638,0.0974264705882353,0.13530655391120508,0.08333333333333333,0.14786418400876233,0.09109311740890688,0.11372549019607843,0.09090909090909091,0.057971014492753624,0.06624605678233439,0.12598425196850394,0.1712707182320442,0.14516129032258066,0.1780821917808219,0.14497041420118342,0.1111111111111111,0.3076923076923077,0.5669291338582677,0.5763888888888888,0.6384615384615384,0.6987951807228916,0.20078740157480315,0.27450980392156865,0.3181818181818182,0.5714285714285714,0.04330708661417323,0.18181818181818182,0.18181818181818182,0.5,0.7551020408163265,0.43243243243243246,0.25,0.41509433962264153,0.5909090909090909,0.7559055118110236,0.5911656746031744,0.581731081081081,0.5473519607843137,0.13780918727915195,0.16595744680851063,0.15625,0.2152777777777778,3.9291262135922316,0.2330529440870856,7.0,23.0,2.0,3.0,7.0,5.0,25.0,,,7.0,12.0,48.0,,2.0,4.0,14.0,14.0,36.0,23.0,5.0,1.0,1.0,11.0,21.0,6.0,5.0,,1.0,0.25,,0.2857142857142857,0.2608695652173913,0.1889763779527559,0.020833333333333332,0.04,0.017241379310344827,0.09565217391304348,0.09055118110236221,0.30434782608695654,0.30434782608695654,1.0,0.0984251968503937,0.2,0.20833333333333334,1.0,0.04081632653061224,,,,0.1320754716981132,0.42857142857142855,0.1320754716981132,0.21739130434782608,,26.093749999999996,1.0,2.0,14.0,3.0,,3.0,0.14285714285714285,13.0,,1.0,7.0,,,4.0,,,,1.0,,3.0,3.0,,,False,,,4.0,,,1.0,,
202066,1610612761,Garrett Temple,Garrett Temple,202066,TOR,10952.0,183,-18.0,395,395,159.0,159.0,56.0,790,2.0,8.0,,1.0,1.0,3.0,1.0,8.0,1.0,6.0,4.0,22.0,9.0,32.0,443,,1.0,2.0,2.0,1.0,7.0,16.0,4.0,4.0,,3.0,14.0,12.0,26.0,7.0,5.0,8.0,5.0,1.0,64.0,4.0,1.0,9.0,9.0,1.0,19.0,5.0,24.0,14.0,2.0,5.0,2.0,5.0,3.0,10.0,14.0,23.0,,14.0,1.0,1.0,10.0,,4.0,2.0,,2.0,2.0,2.0,16.0,159.0,,0.5,0.5,0.18181818181818182,,0.14285714285714285,0.27380952380952384,,0.3235294117647059,0.3404255319148936,0.25,0.4,0.13636363636363635,0.125,0.25,12.28448275862069,0.5,0.07692307692307693,0.10465116279069768,0.01,0.10227272727272728,0.04878048780487805,0.10344827586206896,0.027472527472527472,,0.01818181818181818,,0.06557377049180328,,0.07407407407407407,0.15555555555555556,,0.10606060606060606,0.09090909090909091,1.0,0.19047619047619047,0.25,0.2857142857142857,1.0,0.19047619047619047,0.125,0.16666666666666666,,0.14285714285714285,0.16666666666666666,0.16666666666666666,,0.3333333333333333,,,0.17647058823529413,0.3333333333333333,0.6666666666666666,0.5194880952380952,0.4902,0.5248352941176471,0.08695652173913043,0.15384615384615385,0.0625,0.5,8.895454545454548,0.40253164556962023,2.0,7.0,,1.0,3.0,3.0,13.0,,2.0,7.0,5.0,20.0,,2.0,3.0,10.0,5.0,15.0,13.0,3.0,,,,12.0,1.0,3.0,,1.0,0.25,,0.3,0.25,0.47619047619047616,,,,,0.16666666666666666,0.2857142857142857,0.2857142857142857,1.0,0.30952380952380953,0.23076923076923078,0.23076923076923078,1.0,,0.6666666666666666,,,0.17647058823529413,0.3333333333333333,0.4117647058823529,0.23076923076923078,,25.065,2.0,,6.0,1.0,,1.0,0.2857142857142857,2.0,,1.0,1.0,,,,,,,,,,,,,False,1.0,,,,1.0,,,
1630618,1610612761,D.J. Carton,D.J. Carton,1630618,TOR,2003.0,33,12.0,76,75,16.0,22.0,9.0,151,1.0,2.0,,,,,,2.0,,,1.0,4.0,1.0,3.0,73,,,,,,,,2.0,,,1.0,2.0,1.0,3.0,,1.0,1.0,1.0,,7.0,,,1.0,3.0,,4.0,,4.0,2.0,1.0,2.0,,2.0,2.0,4.0,1.0,1.0,,1.0,,,1.0,1.0,1.0,,,,,,,14.0,,1.0,1.0,0.25,,,0.14285714285714285,,,0.21428571428571427,,,0.25,0.5,,12.64367816091954,0.5,,0.13043478260869565,,0.07142857142857142,,0.10810810810810811,,,,,,,0.125,0.1,0.2,0.08333333333333333,,,0.2857142857142857,0.5,1.0,1.0,0.2857142857142857,,,,,,,,,,,,,0.7142857142857143,0.5370928571428571,0.49695,0.49695,0.14285714285714285,0.25,,,4.45,0.21052631578947367,,1.0,,,,,2.0,,1.0,1.0,,3.0,,1.0,,1.0,,,2.0,,1.0,,,1.0,1.0,1.0,,,,,,,0.42857142857142855,0.3333333333333333,0.5,,,0.14285714285714285,,,,0.2857142857142857,,,,,1.0,,,,,1.0,,,25.633333333333336,,,,,,,,,,,,,,,,,,,,,,,,False,,,,,,,,
1630639,1610612761,A.J. Lawson,A.J. Lawson,1630639,TOR,18808.0,313,,659,652,203.0,208.0,107.0,1311,21.0,42.0,3.0,8.0,6.0,8.0,5.0,15.0,,,26.0,57.0,22.0,146.0,734,3.0,8.0,1.0,31.0,9.0,16.0,57.0,40.0,12.0,6.0,10.0,9.0,7.0,16.0,7.0,,2.0,6.0,1.0,39.0,4.0,6.0,28.0,9.0,4.0,41.0,11.0,52.0,6.0,4.0,5.0,4.0,3.0,1.0,8.0,8.0,29.0,,20.0,,,34.0,3.0,14.0,1.0,1.0,,2.0,2.0,57.0,203.0,7.0,0.7692307692307693,0.8695652173913043,0.45614035087719296,0.375,0.5625,0.484375,0.6818181818181818,0.6153846153846154,0.5104895104895105,0.6739130434782609,0.6195652173913043,0.17543859649122806,0.14285714285714285,0.26666666666666666,19.260204081632654,0.625,0.13333333333333333,0.057692307692307696,0.029411764705882353,0.16374269005847952,0.029411764705882353,0.11314984709480122,0.029411764705882353,0.05194805194805195,0.017391304347826087,,0.03,0.027777777777777776,0.05970149253731343,0.04225352112676056,0.1111111111111111,0.2032520325203252,0.0625,1.0,0.328125,0.5,0.5833333333333334,0.7142857142857143,0.1171875,0.3333333333333333,0.45454545454545453,1.0,,,,,0.36363636363636365,0.375,,0.20512820512820512,0.75,0.8828125,0.5782953125000001,0.576246875,0.5321884615384616,0.10714285714285714,0.20588235294117646,0.21232876712328766,0.3904109589041096,3.014035087719298,0.30804248861911987,9.0,28.0,4.0,1.0,4.0,15.0,43.0,6.0,10.0,19.0,24.0,71.0,8.0,14.0,10.0,23.0,9.0,69.0,43.0,15.0,,1.0,3.0,2.0,2.0,1.0,1.0,0.9583333333333334,0.3380281690140845,0.5714285714285714,0.43478260869565216,0.3380281690140845,0.5546875,,,0.038461538461538464,0.045454545454545456,0.21875,0.32142857142857145,0.32142857142857145,0.8888888888888888,0.3359375,0.3488372093023256,0.3488372093023256,1.0,0.18181818181818182,0.45454545454545453,0.6,1.0,0.10256410256410256,0.25,0.48717948717948717,0.3488372093023256,0.013888888888888888,24.783098591549294,9.0,,4.0,3.0,,3.0,0.47368421052631576,2.0,3.0,,,,2.0,,0.5,0.5,,,,1.0,1.0,,,False,,,,,,,,
1631197,1610612761,Jared Rhoden,Jared Rhoden,1631197,TOR,8813.0,147,27.0,305,308,117.0,67.0,61.0,613,13.0,22.0,3.0,7.0,3.0,6.0,1.0,3.0,,1.0,14.0,26.0,15.0,67.0,328,3.0,7.0,2.0,17.0,4.0,8.0,26.0,18.0,10.0,6.0,6.0,4.0,2.0,6.0,1.0,1.0,3.0,1.0,,14.0,4.0,5.0,6.0,7.0,4.0,17.0,9.0,26.0,6.0,3.0,3.0,3.0,3.0,,6.0,6.0,12.0,,10.0,,,18.0,,8.0,1.0,,,2.0,1.0,26.0,117.0,1.0,0.6428571428571429,0.8181818181818182,0.5384615384615384,0.42857142857142855,0.5,0.5,0.6818181818181818,0.6052631578947368,0.5491803278688525,0.6538461538461539,0.6190476190476191,0.23076923076923078,0.22727272727272727,0.3333333333333333,17.63157894736842,0.5,0.3076923076923077,0.08433734939759036,0.052083333333333336,0.07792207792207792,0.056338028169014086,0.08125,0.05389221556886228,0.06976744186046512,0.044444444444444446,,0.06521739130434782,0.04,0.05128205128205128,0.13333333333333333,0.07142857142857142,0.10526315789473684,,0.5,0.4230769230769231,0.5909090909090909,0.7647058823529411,0.6153846153846154,0.057692307692307696,0.3333333333333333,0.5,1.0,0.019230769230769232,,,,0.6363636363636364,0.42857142857142855,,0.3157894736842105,0.5,0.9230769230769231,0.6055596153846153,0.5874428571428572,0.5753421052631579,0.13333333333333333,0.23529411764705882,0.2537313432835821,0.3880597014925373,2.9846153846153842,0.3836065573770492,6.0,13.0,2.0,4.0,6.0,2.0,13.0,2.0,2.0,5.0,8.0,26.0,3.0,4.0,5.0,11.0,3.0,18.0,13.0,2.0,,,1.0,3.0,3.0,,,0.75,0.3076923076923077,0.75,0.45454545454545453,0.3076923076923077,0.5,,,,0.043478260869565216,0.25,0.46153846153846156,0.46153846153846156,0.6666666666666666,0.25,0.15384615384615385,0.15384615384615385,1.0,0.18181818181818182,0.18181818181818182,1.0,1.0,0.3157894736842105,0.6666666666666666,0.2631578947368421,0.15384615384615385,,24.238461538461536,1.0,,2.0,1.0,,1.0,0.2,1.0,6.0,,1.0,,1.0,,0.5,1.0,,,,1.0,1.0,,,False,,1.0,,,,,,
1630658,1610612761,Colin Castleton,Colin Castleton,1630658,TOR,15530.0,259,-25.0,539,543,163.0,96.0,92.0,1082,14.0,21.0,6.0,11.0,4.0,9.0,11.0,28.0,,,25.0,49.0,13.0,69.0,589,9.0,17.0,3.0,24.0,4.0,14.0,17.0,36.0,14.0,10.0,9.0,9.0,9.0,18.0,7.0,2.0,3.0,6.0,,45.0,13.0,18.0,18.0,18.0,5.0,41.0,33.0,74.0,6.0,6.0,11.0,5.0,10.0,6.0,21.0,18.0,26.0,,14.0,3.0,1.0,17.0,1.0,8.0,8.0,5.0,2.0,8.0,4.0,17.0,163.0,,0.72,0.9,0.5102040816326531,0.5294117647058824,0.2857142857142857,0.49122807017543857,0.5833333333333334,0.4375,0.5307692307692308,0.6,0.4722222222222222,0.1836734693877551,0.14285714285714285,0.21428571428571427,13.109756097560977,0.5238095238095238,0.35714285714285715,0.13138686131386862,0.10975609756097561,0.11920529801324503,0.09774436090225563,0.125,0.10437710437710437,0.17857142857142858,0.07291666666666667,0.08333333333333333,0.10227272727272728,0.08888888888888889,0.08928571428571429,0.1791044776119403,0.07142857142857142,0.10810810810810811,0.15,0.5,0.3684210526315789,0.6666666666666666,0.7777777777777778,0.5714285714285714,0.49122807017543857,0.39285714285714285,0.5,0.9090909090909091,,,,,0.6111111111111112,0.5454545454545454,0.16666666666666666,0.5625,0.4444444444444444,0.5087719298245614,0.5349684210526316,0.5882454545454545,0.5491593750000001,0.125,0.14285714285714285,0.34782608695652173,0.2463768115942029,4.869387755102041,0.30241187384044527,2.0,7.0,1.0,2.0,2.0,,1.0,,,,2.0,8.0,1.0,1.0,2.0,2.0,3.0,6.0,1.0,,,2.0,4.0,,3.0,,,1.0,0.25,1.0,1.0,0.25,0.14035087719298245,,,0.125,0.19047619047619047,0.12280701754385964,0.2857142857142857,0.2857142857142857,1.0,0.017543859649122806,,,,0.05555555555555555,,,,0.125,1.0,,,,23.999999999999996,,,8.0,1.0,1.0,1.0,,3.0,,1.0,3.0,,1.0,4.0,1.0,1.0,,1.0,,,,,,False,,1.0,,,,2.0,,
1631115,1610612761,Orlando Robinson,Orlando Robinson,1631115,TOR,30444.0,507,-97.0,1051,1059,318.0,339.0,168.0,2110,44.0,74.0,20.0,34.0,14.0,23.0,25.0,72.0,1.0,3.0,70.0,149.0,35.0,202.0,1205,25.0,48.0,16.0,66.0,23.0,50.0,59.0,92.0,48.0,38.0,17.0,25.0,25.0,50.0,18.0,7.0,13.0,11.0,1.0,125.0,21.0,40.0,41.0,44.0,4.0,89.0,61.0,150.0,9.0,6.0,18.0,9.0,17.0,9.0,35.0,40.0,63.0,8.0,32.0,3.0,1.0,40.0,,19.0,11.0,4.0,7.0,11.0,7.0,59.0,318.0,6.0,0.6571428571428571,0.9019607843137255,0.4697986577181208,0.5208333333333334,0.46,0.4717514124293785,0.5,0.4406779661016949,0.5126903553299492,0.559322033898305,0.46825396825396826,0.11409395973154363,0.10810810810810811,0.125,18.456642800318217,0.5142857142857142,0.14285714285714285,0.19047619047619047,0.12232415902140673,0.148014440433213,0.08641975308641975,0.1673228346456693,0.10701754385964912,0.13709677419354838,0.11764705882352941,0.09090909090909091,0.08139534883720931,0.09859154929577464,0.2087912087912088,0.1891891891891892,0.13793103448275862,0.14832535885167464,0.14705882352941177,0.6363636363636364,0.4180790960451977,0.5945945945945946,0.6666666666666666,0.5909090909090909,0.4067796610169492,0.3472222222222222,0.3968253968253968,0.76,0.01694915254237288,0.3333333333333333,0.3333333333333333,1.0,0.68,0.5882352941176471,0.15,0.3898305084745763,0.6086956521739131,0.576271186440678,0.5399599431818184,0.5842212499999999,0.54935,0.09693877551020408,0.1130952380952381,0.32673267326732675,0.29207920792079206,4.847651006711412,0.30256898192197906,1.0,3.0,,,1.0,8.0,25.0,,2.0,8.0,9.0,28.0,,2.0,2.0,9.0,7.0,27.0,25.0,8.0,1.0,,3.0,3.0,1.0,2.0,,1.0,0.32142857142857145,,0.2222222222222222,0.32142857142857145,0.15819209039548024,0.03571428571428571,0.04,,0.0379746835443038,0.01694915254237288,0.3333333333333333,0.3333333333333333,1.0,0.14124293785310735,0.32,0.3333333333333333,1.0,,0.04,,,0.01694915254237288,,0.13559322033898305,0.32,,26.146428571428572,2.0,,12.0,1.0,2.0,1.0,0.25,7.0,,1.0,6.0,,,2.0,,,,,,,,,1.0,False,,,,,,4.0,,
1628981,1610612761,Bruno Fernando,Bruno Fernando,1628981,TOR,8796.0,147,-22.0,295,299,71.0,116.0,52.0,594,22.0,33.0,8.0,11.0,4.0,10.0,4.0,14.0,,2.0,26.0,49.0,6.0,58.0,339,8.0,15.0,2.0,18.0,5.0,12.0,12.0,34.0,18.0,14.0,7.0,14.0,4.0,18.0,4.0,,7.0,6.0,1.0,40.0,5.0,16.0,11.0,14.0,5.0,30.0,21.0,51.0,4.0,4.0,5.0,4.0,9.0,1.0,14.0,12.0,27.0,3.0,10.0,2.0,,8.0,,4.0,9.0,5.0,4.0,9.0,8.0,12.0,71.0,3.0,0.6538461538461539,0.8947368421052632,0.5306122448979592,0.5333333333333333,0.4166666666666667,0.5306122448979592,0.5333333333333333,0.4166666666666667,0.5471698113207547,0.5625,0.46153846153846156,0.14285714285714285,0.15151515151515152,0.14285714285714285,18.76750700280112,0.35714285714285715,0.5555555555555556,0.24561403508771928,0.17204301075268819,0.1506849315068493,0.07692307692307693,0.19230769230769232,0.13291139240506328,0.2,0.1951219512195122,,0.06521739130434782,0.10526315789473684,0.2631578947368421,0.2608695652173913,0.2,0.13559322033898305,0.21428571428571427,0.8888888888888888,0.673469387755102,0.6666666666666666,0.7857142857142857,0.5909090909090909,0.2857142857142857,0.2857142857142857,0.3333333333333333,1.0,0.04081632653061224,,,,0.7333333333333333,0.7272727272727273,,0.8333333333333334,0.4,0.673469387755102,0.5616306122448979,0.5191933333333334,0.5828666666666668,0.07547169811320754,0.07547169811320754,0.3103448275862069,0.20689655172413793,4.0836734693877546,0.24067796610169492,,,,,,,,,,,,,,,,,2.0,,,,,,5.0,,2.0,,,,,,,,,,,,0.3125,,,,,,,,,,,,,,,,,,,,,5.0,,,,,6.0,,,3.0,,,3.0,,,,,,,,,,False,,,,,,2.0,,
203482,1610612761,Kelly Olynyk,Kelly Olynyk,203482,TOR,15057.0,251,-18.0,526,526,93.0,169.0,57.0,1052,17.0,29.0,4.0,8.0,3.0,5.0,7.0,17.0,2.0,7.0,26.0,53.0,21.0,118.0,617,4.0,9.0,5.0,16.0,3.0,8.0,19.0,32.0,20.0,8.0,4.0,20.0,14.0,34.0,11.0,3.0,19.0,,1.0,82.0,9.0,11.0,19.0,21.0,9.0,49.0,20.0,69.0,12.0,6.0,11.0,9.0,12.0,2.0,23.0,24.0,44.0,5.0,26.0,1.0,1.0,28.0,,13.0,4.0,1.0,3.0,4.0,3.0,19.0,93.0,5.0,0.6153846153846154,0.7272727272727273,0.49056603773584906,0.4444444444444444,0.375,0.5773809523809523,0.55,0.5454545454545454,0.6020408163265306,0.6153846153846154,0.59375,0.07547169811320754,0.13793103448275862,,20.43918918918919,0.4782608695652174,0.5294117647058824,0.18421052631578946,0.08870967741935484,0.152,0.08108108108108109,0.16736401673640167,0.0851063829787234,0.10526315789473684,0.06,0.11764705882352941,0.08333333333333333,0.07407407407407407,0.1590909090909091,0.16666666666666666,0.3125,0.1595744680851064,0.12903225806451613,0.75,0.34523809523809523,0.5862068965517241,0.68,0.7058823529411765,0.20238095238095238,0.4117647058823529,0.4117647058823529,0.42857142857142855,0.08333333333333333,0.2857142857142857,0.2857142857142857,0.5,0.8,0.5,,0.45454545454545453,0.6,0.7142857142857143,0.5617351190476192,0.6789944444444445,0.5935909090909092,0.13402061855670103,0.19696969696969696,0.13559322033898305,0.16101694915254236,5.728301886792453,0.17680608365019013,2.0,3.0,,1.0,1.0,13.0,28.0,1.0,1.0,2.0,15.0,31.0,1.0,1.0,2.0,3.0,7.0,36.0,28.0,13.0,,,2.0,6.0,4.0,1.0,,0.8,0.4838709677419355,1.0,0.6666666666666666,0.4838709677419355,0.36904761904761907,,,,0.05128205128205128,0.03571428571428571,0.6666666666666666,0.6666666666666666,1.0,0.3333333333333333,0.4642857142857143,0.4642857142857143,0.7692307692307693,,0.1,1.0,1.0,0.09090909090909091,1.0,0.18181818181818182,0.4642857142857143,,25.603225806451615,1.0,,6.0,1.0,,1.0,0.5,2.0,9.0,,3.0,,,2.0,,,,,,,,,,False,,,,,,,,2.0
1642279,1610612761,Ulrich Chomche,Ulrich Chomche,1642279,TOR,1930.0,32,-24.0,64,62,19.0,38.0,8.0,126,1.0,2.0,,1.0,,,1.0,2.0,,1.0,2.0,5.0,1.0,5.0,87,,1.0,1.0,1.0,,,1.0,4.0,,,,1.0,1.0,2.0,1.0,,1.0,,,5.0,1.0,3.0,2.0,2.0,,4.0,4.0,8.0,,,2.0,1.0,,1.0,2.0,5.0,5.0,,1.0,,,2.0,,,1.0,,1.0,1.0,1.0,1.0,19.0,,1.0,1.0,0.4,,,0.4,,,0.4166666666666667,0.25,0.5,,,,10.95890410958904,1.0,,0.2222222222222222,0.21428571428571427,0.2222222222222222,0.07142857142857142,0.2222222222222222,0.14285714285714285,0.2,0.25,,0.1111111111111111,,,0.4,,0.125,1.0,1.0,0.4,0.5,0.5,1.0,0.4,0.5,0.5,1.0,0.2,,,,1.0,,,,,0.4,0.49326,0.5896,,,,0.2,0.2,6.88,0.296875,,,,,,,,,,,,,,,,,1.0,,,,,,,,,,,,,,,,,,,,,,,,,,,,,,,,,,,,,,,,,1.0,1.0,,1.0,,,,,1.0,,,,,,,,,,,,,False,,,,,,,,
1631306,1610612761,Cole Swider,Cole Swider,1631306,TOR,1182.0,20,13.0,44,42,12.0,22.0,9.0,86,1.0,1.0,,,,,,,1.0,2.0,2.0,3.0,,7.0,35,,,,,,,,4.0,,,,,,,,,,,,,,,2.0,,1.0,3.0,,3.0,1.0,,,,,,,,2.0,,1.0,,,1.0,1.0,1.0,,,,,,,12.0,1.0,1.0,1.0,0.6666666666666666,,,0.5,,,0.5,,,,,,13.20754716981132,,0.5,,,0.16666666666666666,,0.08695652173913043,,,,,,,,,,0.2222222222222222,,,0.14285714285714285,1.0,1.0,1.0,,,,,0.2857142857142857,0.5,0.5,1.0,,,,,,0.7142857142857143,0.5548785714285714,,0.550125,0.14285714285714285,0.3333333333333333,,,13.166666666666666,0.2727272727272727,,1.0,,,1.0,1.0,3.0,,,1.0,1.0,4.0,,,,2.0,,3.0,3.0,1.0,,,,1.0,,,,1.0,0.25,,,0.25,0.5714285714285714,,,,,0.14285714285714285,,,,0.42857142857142855,0.3333333333333333,0.3333333333333333,1.0,,,,,0.5,,0.5,0.3333333333333333,,26.049999999999997,,,,,,,,,,,,,,,,,,,,,,,,False,,,,,,,,
1628964,1610612740,Mo Bamba,Mo Bamba,1628964,NOP,548.0,9,-13.0,16,18,,,1.0,34,2.0,2.0,1.0,1.0,,,,,,,2.0,2.0,,4.0,35,1.0,1.0,,2.0,,,,4.0,,,,,,,,,,,,,,1.0,1.0,2.0,1.0,4.0,1.0,5.0,,,,,,,,2.0,2.0,,,,,,,,1.0,1.0,,1.0,1.0,,,,1.0,1.0,1.0,1.0,,1.0,1.0,,1.0,1.0,,,,,11.11111111111111,,0.5,1.0,0.3333333333333333,1.0,,1.0,0.125,,,1.0,,,1.0,1.0,,1.0,,1.0,1.0,1.0,1.0,1.0,,,,,,,,,1.0,1.0,1.0,,,1.0,0.7792,,,,,0.5,,0.8999999999999999,,,,,,,,,,,,,,,,,,,,,,,,,,,,,,,,,,,,,,,,,,,,,,,,,,,,,,,,,,,,,,,,,,,,,,,,,,,,,,,,True,,,,,,,,
1628971,1610612740,Bruce Brown,Bruce Brown,1628971,NOP,24262.0,404,-148.0,821,827,226.0,239.0,102.0,1648,26.0,42.0,5.0,5.0,6.0,12.0,10.0,38.0,,5.0,36.0,85.0,18.0,126.0,1021,6.0,7.0,3.0,15.0,7.0,19.0,30.0,46.0,26.0,8.0,6.0,24.0,17.0,41.0,9.0,8.0,13.0,10.0,1.0,99.0,11.0,6.0,26.0,14.0,2.0,42.0,17.0,59.0,12.0,9.0,12.0,6.0,3.0,6.0,15.0,15.0,34.0,,19.0,,1.0,24.0,4.0,11.0,1.0,1.0,,1.0,,29.0,221.0,7.0,0.6388888888888888,0.71875,0.4235294117647059,0.8571428571428571,0.3684210526315789,0.453781512605042,0.6666666666666666,0.4107142857142857,0.4883720930232558,0.75,0.45454545454545453,0.07058823529411765,0.047619047619047616,0.10526315789473684,15.286624203821656,0.8,0.06060606060606061,0.09032258064516129,0.026785714285714284,0.1326530612244898,0.06077348066298342,0.11396011396011396,0.04197530864197531,0.041666666666666664,0.020202020202020204,,0.06818181818181818,0.04081632653061224,0.13043478260869565,0.034482758620689655,0.10714285714285714,0.12080536912751678,0.1702127659574468,,0.35294117647058826,0.6190476190476191,0.65,0.6153846153846154,0.31932773109243695,0.2631578947368421,0.29411764705882354,0.7,0.04201680672268908,,,,0.5555555555555556,1.0,0.4,0.42857142857142855,0.5,0.6386554621848739,0.5464844537815124,0.6456500000000001,0.5626267857142857,0.0873015873015873,0.11956521739130435,0.11904761904761904,0.23809523809523808,5.8494117647058825,0.27527405602923266,7.0,20.0,1.0,1.0,5.0,5.0,14.0,,1.0,4.0,12.0,34.0,,2.0,3.0,9.0,7.0,33.0,14.0,5.0,1.0,,4.0,3.0,3.0,,,0.9166666666666666,0.35294117647058826,,0.3333333333333333,0.35294117647058826,0.2857142857142857,0.029411764705882353,,,0.0625,0.16806722689075632,0.35,0.3684210526315789,1.0,0.11764705882352941,0.35714285714285715,0.35714285714285715,0.8,0.1111111111111111,0.1111111111111111,,,0.17857142857142858,0.2,0.14285714285714285,0.35714285714285715,,24.15294117647059,2.0,,4.0,3.0,,2.0,0.5,3.0,3.0,,,,,,,,0.05,,,,,,,True,,,,,,,,
1630530,1610612740,Trey Murphy III,Trey Murphy III,1630530,NOP,13848.0,231,-114.0,473,474,139.0,135.0,61.0,947,17.0,26.0,1.0,3.0,8.0,10.0,12.0,28.0,1.0,4.0,30.0,58.0,17.0,113.0,588,1.0,3.0,3.0,5.0,13.0,21.0,47.0,42.0,18.0,2.0,5.0,20.0,7.0,27.0,2.0,5.0,11.0,8.0,1.0,61.0,3.0,3.0,13.0,5.0,5.0,23.0,6.0,29.0,6.0,4.0,19.0,7.0,5.0,12.0,24.0,8.0,15.0,1.0,15.0,2.0,1.0,20.0,1.0,5.0,7.0,5.0,2.0,7.0,4.0,45.0,134.0,1.0,0.7,0.7241379310344828,0.5172413793103449,0.3333333333333333,0.6190476190476191,0.48,0.25,0.47297297297297297,0.5092592592592593,0.4,0.5357142857142857,0.08620689655172414,0.07692307692307693,0.10714285714285714,24.220183486238533,0.7916666666666666,0.29411764705882354,0.060240963855421686,0.022388059701492536,0.11403508771929824,0.030927835051546393,0.09137055837563451,0.025974025974025976,0.05263157894736842,,,0.039473684210526314,,0.02702702702702703,0.0625,0.14285714285714285,0.11494252873563218,0.1111111111111111,0.5714285714285714,0.26,0.6538461538461539,0.7083333333333334,0.7647058823529411,0.28,0.42857142857142855,0.48,0.5833333333333334,0.04,0.25,0.25,1.0,0.75,0.3333333333333333,,0.2702702702702703,0.8,0.68,0.5433779999999999,0.58155,0.5555337837837837,0.04807692307692308,0.08064516129032258,0.04424778761061947,0.415929203539823,5.601724137931035,0.2938689217758985,3.0,6.0,,,,9.0,36.0,,1.0,16.0,12.0,42.0,,1.0,3.0,16.0,12.0,33.0,36.0,9.0,,,1.0,2.0,2.0,1.0,,0.9166666666666666,0.2857142857142857,,0.1875,0.2857142857142857,0.42,,,,0.019230769230769232,0.06,0.5,0.5,1.0,0.36,0.25,0.25,0.8888888888888888,,0.25,,,,,0.43243243243243246,0.25,,26.961904761904755,3.0,,5.0,4.0,,3.0,0.1875,,3.0,,3.0,,,,,,,,3.0,,,,,True,,,,,,,,
1630631,1610612740,Jose Alvarado,Jose Alvarado,1630631,NOP,10471.0,175,-55.0,359,356,94.0,118.0,48.0,715,3.0,7.0,,,1.0,4.0,6.0,14.0,,1.0,9.0,22.0,1.0,46.0,433,1.0,1.0,,2.0,3.0,7.0,16.0,6.0,12.0,2.0,1.0,29.0,6.0,35.0,4.0,2.0,19.0,9.0,1.0,76.0,1.0,2.0,9.0,9.0,1.0,19.0,3.0,22.0,7.0,5.0,2.0,2.0,1.0,,3.0,5.0,13.0,,6.0,,2.0,1.0,1.0,1.0,,,,,,16.0,92.0,4.0,0.3333333333333333,0.375,0.4090909090909091,1.0,0.42857142857142855,0.4090909090909091,0.2,0.4411764705882353,0.41818181818181815,0.2,0.47058823529411764,0.045454545454545456,0.14285714285714285,,13.942307692307692,0.6666666666666666,0.0625,0.125,0.019801980198019802,0.12162162162162163,0.012195121951219513,0.1232876712328767,0.01639344262295082,,0.02040816326530612,0.08333333333333333,0.017241379310344827,,0.12903225806451613,0.10714285714285714,0.15384615384615385,0.08771929824561403,0.23529411764705882,,0.12727272727272726,0.42857142857142855,0.5,0.3333333333333333,0.2545454545454545,0.42857142857142855,0.42857142857142855,0.3333333333333333,0.01818181818181818,,,,,,,0.23529411764705882,0.25,0.7272727272727273,0.5082527272727272,0.5759624999999999,0.5058088235294117,0.01818181818181818,0.045454545454545456,0.043478260869565216,0.34782608695652173,7.359090909090909,0.2618384401114206,4.0,11.0,2.0,1.0,2.0,5.0,22.0,,2.0,8.0,9.0,33.0,,4.0,3.0,10.0,1.0,27.0,22.0,5.0,1.0,,2.0,2.0,1.0,,,1.0,0.2727272727272727,,0.3,0.2727272727272727,0.6,0.030303030303030304,0.045454545454545456,,0.058823529411764705,0.2,0.36363636363636365,0.36363636363636365,1.0,0.4,0.22727272727272727,0.23809523809523808,1.0,0.4,0.4,,,0.11764705882352941,0.5,0.47058823529411764,0.22727272727272727,,25.25151515151515,2.0,,,,,,0.25,,,,,,,,,,,,,,,,,True,,,,,,,,
1631255,1610612740,Karlo Matković,Karlo Matković,1631255,NOP,10756.0,179,-51.0,362,364,96.0,115.0,42.0,726,15.0,24.0,1.0,7.0,1.0,2.0,4.0,10.0,,,19.0,34.0,5.0,52.0,421,2.0,8.0,,4.0,1.0,2.0,6.0,32.0,6.0,2.0,1.0,5.0,3.0,8.0,3.0,,2.0,3.0,,19.0,7.0,5.0,14.0,19.0,3.0,36.0,12.0,48.0,1.0,1.0,6.0,5.0,7.0,1.0,13.0,15.0,27.0,6.0,6.0,2.0,,7.0,1.0,4.0,7.0,4.0,3.0,7.0,5.0,6.0,96.0,1.0,0.8421052631578947,0.8888888888888888,0.5588235294117647,0.25,0.5,0.5222222222222223,0.2222222222222222,0.5,0.5416666666666666,0.2222222222222222,0.6,0.029411764705882353,0.041666666666666664,,14.734299516908214,0.46153846153846156,0.2,0.2878787878787879,0.04950495049504951,0.13861386138613863,0.08235294117647059,0.19760479041916168,0.06451612903225806,0.05128205128205128,0.022222222222222223,0.11764705882352941,0.1016949152542373,0.038461538461538464,0.2727272727272727,0.3076923076923077,0.2857142857142857,0.1282051282051282,0.17391304347826086,0.7142857142857143,0.5333333333333333,0.625,0.6521739130434783,0.8,0.2222222222222222,0.4,0.4,1.0,,,,,0.7777777777777778,0.14285714285714285,,0.4,0.5,0.7777777777777778,0.5641566666666666,0.5214399999999999,0.6295399999999999,0.08333333333333333,0.10810810810810811,0.07692307692307693,0.11538461538461539,3.5852941176470585,0.26519337016574585,3.0,7.0,,1.0,2.0,,4.0,,1.0,1.0,3.0,11.0,,1.0,1.0,3.0,1.0,9.0,4.0,,,,1.0,,1.0,,,1.0,0.2727272727272727,,0.3333333333333333,0.2727272727272727,0.24444444444444444,,,,0.045454545454545456,0.15555555555555556,0.42857142857142855,0.42857142857142855,1.0,0.08888888888888889,,,,,0.1111111111111111,,,0.4,0.5,0.2,,,24.30909090909091,,,2.0,,,,,2.0,,,,,,,,,,,,,,,,True,,,1.0,,,,,
203468,1610612740,CJ McCollum,CJ McCollum,203468,NOP,14338.0,239,-89.0,493,499,137.0,140.0,52.0,992,14.0,24.0,4.0,4.0,8.0,12.0,24.0,42.0,4.0,13.0,42.0,79.0,14.0,152.0,614,6.0,7.0,1.0,19.0,12.0,25.0,44.0,34.0,50.0,4.0,1.0,24.0,12.0,36.0,3.0,9.0,17.0,6.0,1.0,84.0,2.0,4.0,12.0,9.0,1.0,22.0,6.0,28.0,12.0,7.0,13.0,9.0,8.0,4.0,21.0,12.0,23.0,,16.0,,,21.0,2.0,7.0,,,,,,42.0,132.0,,0.40476190476190477,0.425,0.5316455696202531,0.8571428571428571,0.48,0.48936170212765956,0.6,0.42857142857142855,0.5066666666666667,0.6333333333333333,0.46808510638297873,0.012658227848101266,0.041666666666666664,,30.75539568345324,0.6190476190476191,0.043478260869565216,0.08737864077669903,0.032520325203252036,0.11009174311926606,0.019230769230769232,0.09905660377358491,0.02643171806167401,0.017543859649122806,0.041666666666666664,0.05555555555555555,0.02531645569620253,,0.046511627906976744,0.15384615384615385,0.047619047619047616,0.0641025641025641,0.22580645161290322,,0.1702127659574468,0.5833333333333334,0.6086956521739131,0.2857142857142857,0.2978723404255319,0.5714285714285714,0.5714285714285714,0.4583333333333333,0.09219858156028368,0.3076923076923077,0.3076923076923077,0.5,0.26666666666666666,1.0,,0.2857142857142857,0.6666666666666666,0.6099290780141844,0.5272971428571427,0.5454722222222222,0.5417341463414634,0.05442176870748299,0.08333333333333333,0.125,0.2894736842105263,8.311392405063291,0.2778904665314402,2.0,9.0,2.0,,1.0,16.0,53.0,2.0,6.0,16.0,18.0,62.0,2.0,8.0,4.0,17.0,8.0,33.0,53.0,16.0,,,5.0,5.0,2.0,1.0,1.0,0.6111111111111112,0.2903225806451613,0.25,0.23529411764705882,0.2903225806451613,0.4397163120567376,,,,0.06329113924050633,0.06382978723404255,0.2222222222222222,0.2222222222222222,1.0,0.375886524822695,0.3018867924528302,0.3018867924528302,0.5625,0.13333333333333333,0.4,0.3333333333333333,1.0,0.023809523809523808,,0.38095238095238093,0.3018867924528302,0.015873015873015872,25.911290322580644,4.0,,5.0,3.0,,2.0,0.25,2.0,21.0,3.0,,,,1.0,,,,,,,,,,True,1.0,,,,,,,
1641722,1610612740,Jordan Hawkins,Jordan Hawkins,1641722,NOP,12962.0,216,-100.0,434,436,109.0,141.0,56.0,870,11.0,14.0,2.0,2.0,3.0,4.0,2.0,9.0,4.0,11.0,17.0,34.0,11.0,108.0,564,4.0,7.0,2.0,19.0,6.0,7.0,29.0,16.0,18.0,4.0,2.0,9.0,6.0,15.0,6.0,,8.0,1.0,,36.0,4.0,1.0,21.0,7.0,2.0,30.0,5.0,35.0,7.0,4.0,3.0,,5.0,3.0,8.0,3.0,10.0,1.0,12.0,,2.0,13.0,1.0,5.0,3.0,3.0,,3.0,3.0,29.0,109.0,,0.47058823529411764,0.5333333333333333,0.5,0.5714285714285714,0.8571428571428571,0.521505376344086,0.5666666666666667,0.5454545454545454,0.5454545454545454,0.59375,0.58,0.058823529411764705,0.07142857142857142,0.1111111111111111,21.4859437751004,0.375,0.13333333333333333,0.08974358974358974,0.008771929824561403,0.20388349514563106,0.03389830508474576,0.15469613259668508,0.021551724137931036,,0.01694915254237288,,0.04597701149425287,,0.1111111111111111,0.037037037037037035,0.13333333333333333,0.2125,0.17391304347826086,1.0,0.15053763440860216,0.7857142857142857,0.8461538461538461,0.45454545454545453,0.0967741935483871,0.2222222222222222,0.25,1.0,0.11827956989247312,0.36363636363636365,0.36363636363636365,0.25,0.13333333333333333,1.0,,0.18181818181818182,0.75,0.7849462365591398,0.5391822580645161,0.47156666666666663,0.5333931818181818,0.05154639175257732,0.13157894736842105,0.17592592592592593,0.26851851851851855,8.33235294117647,0.2511520737327189,8.0,18.0,4.0,2.0,6.0,13.0,41.0,1.0,4.0,9.0,21.0,59.0,3.0,8.0,4.0,15.0,5.0,60.0,41.0,13.0,1.0,,1.0,3.0,1.0,1.0,,0.9523809523809523,0.3559322033898305,0.375,0.26666666666666666,0.3559322033898305,0.6344086021505376,0.01694915254237288,0.024390243902439025,,0.0196078431372549,0.1935483870967742,0.4444444444444444,0.4444444444444444,1.0,0.44086021505376344,0.3170731707317073,0.325,0.9230769230769231,0.26666666666666666,0.26666666666666666,0.25,1.0,0.2727272727272727,0.3333333333333333,0.4090909090909091,0.3170731707317073,,25.05593220338983,2.0,,2.0,2.0,,2.0,0.2222222222222222,,3.0,1.0,1.0,,2.0,1.0,0.5,1.0,,,,,,,,True,,,,,,,,
1641810,1610612740,Antonio Reeves,Antonio Reeves,1641810,NOP,3288.0,55,-27.0,106,112,37.0,23.0,13.0,218,2.0,4.0,2.0,4.0,,,1.0,2.0,,,3.0,6.0,2.0,23.0,147,2.0,4.0,1.0,8.0,,,3.0,2.0,4.0,4.0,1.0,1.0,3.0,4.0,2.0,1.0,1.0,,,11.0,2.0,4.0,,1.0,1.0,2.0,6.0,8.0,,,1.0,,2.0,1.0,3.0,1.0,2.0,,2.0,,,3.0,1.0,2.0,1.0,1.0,,1.0,,3.0,37.0,,0.3333333333333333,1.0,0.5,0.5,,0.7,0.7,0.75,0.71875,0.6666666666666666,0.75,0.16666666666666666,0.25,,15.573770491803279,0.3333333333333333,0.2,0.05555555555555555,0.11764705882352941,,0.1,0.0196078431372549,0.1111111111111111,0.15789473684210525,0.08333333333333333,,0.18181818181818182,,0.09090909090909091,,,,,,0.26666666666666666,0.5,0.6666666666666666,,0.13333333333333333,0.5,0.5,1.0,,,,,0.8,0.5,,,,0.8666666666666667,0.56124,0.618075,0.5601,0.125,0.2857142857142857,0.34782608695652173,0.13043478260869565,2.05,0.3490566037735849,2.0,4.0,,,,3.0,5.0,1.0,1.0,2.0,5.0,9.0,1.0,1.0,1.0,2.0,,12.0,5.0,3.0,1.0,,1.0,,,1.0,,0.8,0.5555555555555556,1.0,0.5,0.5555555555555556,0.6,0.1111111111111111,,,0.2,0.26666666666666666,0.5,0.6666666666666666,1.0,0.3333333333333333,0.6,0.6,0.6666666666666666,,0.2,1.0,1.0,,,1.0,0.6,,24.522222222222222,1.0,,1.0,,,,0.5,,3.0,,1.0,,,,,,0.25,,,,,,,True,,,,,,,,
1629627,1610612740,Zion Williamson,Zion Williamson,1629627,NOP,6501.0,108,-1.0,235,229,89.0,88.0,30.0,464,26.0,37.0,5.0,6.0,8.0,12.0,11.0,18.0,,,37.0,55.0,15.0,92.0,259,6.0,7.0,5.0,17.0,13.0,17.0,29.0,26.0,48.0,8.0,5.0,9.0,11.0,20.0,8.0,3.0,7.0,2.0,,51.0,2.0,7.0,12.0,4.0,5.0,21.0,9.0,30.0,5.0,1.0,5.0,4.0,8.0,1.0,13.0,10.0,17.0,2.0,17.0,,,20.0,4.0,12.0,1.0,1.0,,2.0,1.0,29.0,84.0,1.0,0.35135135135135137,0.3939393939393939,0.6727272727272727,0.8571428571428571,0.7647058823529411,0.6754385964912281,0.8571428571428571,0.8055555555555556,0.7076923076923077,0.85,0.8055555555555556,0.09090909090909091,0.08108108108108109,0.1111111111111111,28.782287822878228,0.38461538461538464,0.35714285714285715,0.12903225806451613,0.10144927536231885,0.1875,0.045454545454545456,0.16842105263157894,0.07964601769911504,0.14814814814814814,0.075,,0.034482758620689655,0.06666666666666667,0.13333333333333333,0.25,,0.22,0.07142857142857142,0.5,0.6491228070175439,0.7027027027027027,0.7647058823529411,0.34615384615384615,0.3157894736842105,0.6111111111111112,0.6875,0.36363636363636365,,,,,0.8571428571428571,0.8333333333333334,0.2,0.6666666666666666,0.6666666666666666,0.6842105263157895,0.5487807017543859,0.5890833333333333,0.5859583333333334,0.18461538461538463,0.19047619047619047,0.18478260869565216,0.31521739130434784,3.5345454545454547,0.37872340425531914,,,,,,1.0,2.0,,,1.0,1.0,2.0,,,1.0,1.0,,3.0,2.0,1.0,,,4.0,4.0,2.0,2.0,,1.0,0.5,,1.0,0.5,0.03508771929824561,,,,0.2857142857142857,,,,,0.03508771929824561,0.5,0.5,1.0,,,,,,,0.05555555555555555,0.5,,25.049999999999997,1.0,,3.0,,,,1.0,,,,,,,1.0,,,,1.0,,1.0,1.0,,,True,,,,,,1.0,,
1630526,1610612740,Jeremiah Robinson-Earl,Jeremiah Robinson-Earl,1630526,NOP,4332.0,72,-34.0,144,152,50.0,60.0,12.0,296,3.0,5.0,,,,,,2.0,1.0,2.0,4.0,9.0,6.0,32.0,207,,,,3.0,,1.0,7.0,6.0,2.0,,2.0,3.0,5.0,8.0,3.0,2.0,2.0,1.0,,21.0,3.0,1.0,1.0,5.0,2.0,8.0,4.0,12.0,2.0,1.0,1.0,1.0,1.0,,2.0,5.0,5.0,,4.0,,,6.0,,2.0,,,,,,7.0,50.0,,0.75,0.75,0.4444444444444444,,,0.5909090909090909,0.75,0.5,0.64,0.75,0.7,0.2222222222222222,0.4,,16.9811320754717,0.5,0.5,0.15625,0.038461538461538464,0.03333333333333333,0.08571428571428572,0.0967741935483871,0.06557377049180328,0.09090909090909091,,,0.08695652173913043,0.08333333333333333,0.21428571428571427,0.2222222222222222,,,0.16666666666666666,,0.22727272727272727,0.6,1.0,1.0,0.09090909090909091,,,,0.09090909090909091,0.5,0.5,,,,,,,0.8181818181818182,0.5550340909090911,0.5253749999999999,0.4578166666666667,0.08333333333333333,0.18181818181818182,0.09375,0.21875,7.7555555555555555,0.3472222222222222,5.0,8.0,2.0,,,1.0,5.0,,,2.0,6.0,13.0,1.0,2.0,1.0,2.0,4.0,15.0,5.0,1.0,,,,1.0,,,,0.8333333333333334,0.46153846153846156,0.5,0.5,0.46153846153846156,0.5909090909090909,,,,,0.36363636363636365,0.625,0.625,0.8,0.22727272727272727,0.2,0.2,1.0,1.0,,,,,,0.6666666666666666,0.2,,24.03076923076923,1.0,,2.0,1.0,,1.0,0.5,,3.0,1.0,,,1.0,,0.5,,,,,,,,,True,,,,,,,,
1642274,1610612740,Yves Missi,Yves Missi,1642274,NOP,9373.0,156,-97.0,312,317,77.0,41.0,45.0,629,17.0,40.0,5.0,16.0,1.0,7.0,2.0,5.0,,1.0,19.0,46.0,12.0,50.0,403,7.0,18.0,4.0,18.0,1.0,8.0,6.0,32.0,6.0,6.0,9.0,3.0,3.0,6.0,2.0,1.0,2.0,1.0,,15.0,6.0,14.0,10.0,17.0,1.0,28.0,20.0,48.0,1.0,1.0,4.0,2.0,4.0,2.0,8.0,8.0,12.0,2.0,16.0,1.0,,21.0,1.0,9.0,7.0,5.0,2.0,7.0,6.0,6.0,77.0,,0.8421052631578947,1.0,0.41304347826086957,0.3888888888888889,0.125,0.41304347826086957,0.3888888888888889,0.125,0.44642857142857145,0.4090909090909091,0.2727272727272727,0.1956521739130435,0.175,0.4,17.63085399449036,0.5,0.1,0.3269230769230769,0.15053763440860216,0.1388888888888889,0.09375,0.21774193548387097,0.12738853503184713,0.2222222222222222,0.05405405405405406,0.18181818181818182,0.12244897959183673,,0.3181818181818182,0.3181818181818182,0.375,0.1320754716981132,0.15789473684210525,0.8571428571428571,0.8695652173913043,0.425,0.5151515151515151,0.8235294117647058,0.10869565217391304,0.4,0.6666666666666666,1.0,0.021739130434782608,,,,0.8888888888888888,0.3125,0.4,0.875,0.14285714285714285,0.8695652173913043,0.6052869565217391,0.62456875,0.5553,0.16666666666666666,0.16666666666666666,0.36,0.12,2.6934782608695653,0.2467948717948718,,,,,,,,,,,,,,,,,4.0,,,,,,2.0,,,,,,,,,,,,,,0.11764705882352941,,,,,,,,,,,,,,,,,,,,,3.0,2.0,,2.0,,1.0,,,,,,,,,,,,,,,2.0,True,,,,,,3.0,,
203482,1610612740,Kelly Olynyk,Kelly Olynyk,203482,NOP,8168.0,136,-11.0,272,267,56.0,59.0,38.0,539,16.0,20.0,2.0,3.0,1.0,1.0,7.0,10.0,1.0,5.0,24.0,35.0,9.0,66.0,309,3.0,6.0,1.0,7.0,3.0,5.0,14.0,26.0,22.0,6.0,1.0,11.0,6.0,17.0,3.0,3.0,9.0,2.0,,40.0,,6.0,9.0,6.0,4.0,19.0,7.0,26.0,3.0,1.0,7.0,7.0,3.0,,10.0,12.0,17.0,2.0,16.0,2.0,,12.0,,4.0,3.0,1.0,2.0,3.0,1.0,13.0,53.0,1.0,0.5416666666666666,0.6190476190476191,0.6857142857142857,0.5,0.6,0.6333333333333333,0.375,0.6428571428571429,0.6470588235294118,0.3888888888888889,0.7,0.02857142857142857,0.05,,19.30379746835443,0.7,0.36363636363636365,0.1,0.07792207792207792,0.13432835820895522,,0.11811023622047244,0.046511627906976744,0.08571428571428572,0.07142857142857142,0.07142857142857142,,,0.08695652173913043,0.07142857142857142,0.2222222222222222,0.16,0.058823529411764705,0.3333333333333333,0.4444444444444444,0.8,0.8421052631578947,0.625,0.2222222222222222,0.7,0.7,0.42857142857142855,0.1111111111111111,0.2,0.2,,0.375,0.6666666666666666,,0.14285714285714285,1.0,0.6666666666666666,0.5427311111111112,0.5402285714285714,0.4496857142857143,0.08163265306122448,0.10256410256410256,0.10606060606060606,0.21212121212121213,5.331428571428571,0.20588235294117646,1.0,1.0,,1.0,1.0,2.0,9.0,,2.0,1.0,3.0,10.0,,2.0,1.0,2.0,5.0,9.0,9.0,2.0,,1.0,3.0,2.0,1.0,,,1.0,0.3,,0.5,0.3,0.2222222222222222,,,0.14285714285714285,0.2,0.022222222222222223,1.0,1.0,1.0,0.2,0.2222222222222222,0.2222222222222222,1.0,,0.25,,,0.14285714285714285,1.0,0.14285714285714285,0.2222222222222222,,25.7,,,3.0,2.0,,1.0,,2.0,,,,,,,,,,,,,,,,True,2.0,,,,,,,
1629750,1610612740,Javonte Green,Javonte Green,1629750,NOP,433.0,7,2.0,15,16,9.0,4.0,,31,2.0,2.0,,,,,,,,,2.0,2.0,,4.0,20,,,,,,,,2.0,2.0,,,,,,,,,,,,,,,1.0,,1.0,,1.0,1.0,1.0,,,,,,,,,,,,,,,1.0,1.0,,1.0,1.0,,9.0,,0.5,0.5,1.0,,,1.0,,,1.0,,,,,,13.333333333333334,,,0.125,,,,0.1111111111111111,,,,,,,,,0.25,,,1.0,1.0,1.0,1.0,0.5,,,,,,,,,,,,,,1.0,0.8639,,,,,,,0.95,0.6,,,,,,,,,,,,,,,,,,,,,,,,,,,,,,,,,,,,,,,,,,,,,,,,,,,,,,,,,,,,,,,,,,,,,,,,,,,,,,,True,,,,,,,,
1631232,1610612740,Keion Brooks Jr.,Keion Brooks Jr.,1631232,NOP,998.0,17,-16.0,31,32,9.0,21.0,5.0,63,1.0,1.0,,,,,,,,,1.0,1.0,,2.0,51,,,,,,,,2.0,,,,,,,,,,,,,,,,,,,,,,,,,,,,,1.0,,,,,,,,2.0,1.0,1.0,2.0,2.0,,9.0,,1.0,1.0,1.0,,,0.5,,,0.5,,,,,,5.405405405405405,,,,,,,,,,,,,,,,,,,1.0,0.5,1.0,1.0,1.0,,,,,,,,,,,,,,1.0,0.7038500000000001,,,,,,,0.7,0.2903225806451613,,1.0,,,,,,,,,,1.0,,,,,,,,,,,,,,,,,,,,,0.5,,,,,0.5,,,,,,,,,,,,,,,,,23.8,,,,,,,,,,,,,,,,,,,,,,,,True,,,,,,,,
1631288,1610612740,Jamal Cain,Jamal Cain,1631288,NOP,1032.0,17,14.0,32,36,2.0,11.0,5.0,68,,3.0,,1.0,,,,,,,,3.0,,3.0,33,,1.0,,,,,,,,,,,,,,,,,,,,1.0,,2.0,,2.0,1.0,3.0,2.0,2.0,,,,,,1.0,2.0,,1.0,,1.0,,,,1.0,,,1.0,,,2.0,1.0,,,,,,0.375,,,0.375,,,,,,10.526315789473685,,,0.3333333333333333,0.08333333333333333,,,0.125,0.058823529411764705,,,0.5,,,0.6666666666666666,,,,,,0.75,,,,,,,,,,,,1.0,,,,,1.0,0.6002,0.6227,,,,,,2.466666666666667,0.0625,,,,,,1.0,1.0,,,,1.0,1.0,,,,,,3.0,1.0,1.0,,,,,,,,1.0,1.0,,,1.0,0.25,,,,,,,,,0.25,1.0,1.0,1.0,,,,,,,,1.0,,24.5,,,,,,,,,,,,,,,,,,,,,,,,True,,1.0,,,,,,
1627742,1610612740,Brandon Ingram,Brandon Ingram,1627742,NOP,35701.0,595,-128.0,1191,1186,224.0,162.0,157.0,2377,38.0,53.0,9.0,11.0,8.0,11.0,37.0,84.0,37.0,81.0,112.0,218.0,47.0,400.0,1422,18.0,31.0,3.0,66.0,20.0,33.0,62.0,90.0,134.0,8.0,16.0,55.0,38.0,93.0,25.0,13.0,37.0,11.0,7.0,224.0,3.0,14.0,39.0,39.0,5.0,83.0,17.0,100.0,16.0,10.0,42.0,21.0,27.0,21.0,69.0,22.0,45.0,7.0,66.0,2.0,1.0,55.0,4.0,24.0,11.0,4.0,7.0,11.0,6.0,62.0,222.0,2.0,0.4017857142857143,0.4166666666666667,0.5137614678899083,0.5806451612903226,0.6060606060606061,0.53003003003003,0.65625,0.5178571428571429,0.5575842696629213,0.673469387755102,0.5263157894736842,0.07339449541284404,0.05660377358490566,0.13095238095238096,30.97667638483965,0.6086956521739131,0.20833333333333334,0.1368421052631579,0.04416403785488959,0.14285714285714285,0.011152416356877323,0.13978494623655913,0.02901023890784983,0.02040816326530612,0.06382978723404255,0.038461538461538464,0.010050251256281407,0.014285714285714285,0.10569105691056911,0.12605042016806722,0.2558139534883721,0.15306122448979592,0.11688311688311688,0.5454545454545454,0.15915915915915915,0.7169811320754716,0.76,0.47368421052631576,0.25225225225225223,0.44047619047619047,0.5068493150684932,0.32432432432432434,0.24324324324324326,0.4567901234567901,0.46835443037974683,0.40540540540540543,0.22916666666666666,0.8181818181818182,0.1111111111111111,0.19642857142857142,0.7272727272727273,0.5045045045045045,0.4959527027027026,0.49470937499999995,0.483825,0.07323943661971831,0.10084033613445378,0.165,0.155,10.766513761467891,0.18807724601175482,3.0,11.0,1.0,,1.0,40.0,104.0,8.0,16.0,22.0,43.0,115.0,9.0,17.0,6.0,23.0,4.0,108.0,104.0,40.0,5.0,,10.0,6.0,7.0,5.0,2.0,0.8372093023255814,0.3739130434782609,0.5294117647058824,0.2608695652173913,0.3739130434782609,0.34534534534534533,0.043478260869565216,0.04807692307692308,,0.06493506493506493,0.03303303303303303,0.2727272727272727,0.2727272727272727,1.0,0.3123123123123123,0.38461538461538464,0.40404040404040403,0.825,0.020833333333333332,0.3333333333333333,0.5,0.75,0.017857142857142856,,0.39285714285714285,0.38461538461538464,0.017094017094017096,25.92695652173913,6.0,,13.0,1.0,1.0,1.0,0.2727272727272727,2.0,21.0,1.0,5.0,0.024691358024691357,1.0,,1.0,1.0,,6.0,3.0,,,,,False,,,,,1.0,,,
1627749,1610612740,Dejounte Murray,Dejounte Murray,1627749,NOP,60729.0,1012,-207.0,2131,2122,526.0,526.0,244.0,4253,61.0,109.0,3.0,6.0,14.0,31.0,52.0,135.0,29.0,76.0,142.0,320.0,102.0,542.0,2567,4.0,21.0,6.0,38.0,30.0,85.0,127.0,74.0,210.0,2.0,20.0,141.0,87.0,228.0,53.0,34.0,87.0,38.0,16.0,543.0,10.0,7.0,113.0,61.0,9.0,183.0,17.0,200.0,62.0,45.0,69.0,45.0,36.0,24.0,105.0,21.0,61.0,2.0,82.0,2.0,1.0,124.0,11.0,50.0,12.0,8.0,4.0,12.0,6.0,127.0,524.0,10.0,0.2605633802816901,0.2624113475177305,0.44375,0.19047619047619047,0.35294117647058826,0.44534412955465585,0.42105263157894735,0.372,0.4945155393053016,0.4634146341463415,0.44405594405594406,0.0625,0.11009174311926606,0.044444444444444446,26.76518883415435,0.6571428571428571,0.20454545454545456,0.13232104121475055,0.012389380530973451,0.2359081419624217,0.020833333333333332,0.1851063829787234,0.016267942583732056,0.009259259259259259,0.015503875968992248,0.01098901098901099,0.02425876010781671,0.009174311926605505,0.09424083769633508,0.11764705882352941,0.25301204819277107,0.23563218390804597,0.2366412213740458,0.5,0.22064777327935223,0.5596330275229358,0.6288659793814433,0.26229508196721313,0.2732793522267207,0.3851851851851852,0.40310077519379844,0.25,0.15384615384615385,0.3815789473684211,0.3918918918918919,0.27586206896551724,0.15789473684210525,0.5,0.3333333333333333,0.248,0.45161290322580644,0.5728744939271255,0.5189722672064778,0.5108090909090909,0.503936,0.1038961038961039,0.1392757660167131,0.07011070110701106,0.23431734317343172,8.8290625,0.24683247301736275,10.0,29.0,2.0,1.0,3.0,42.0,145.0,7.0,15.0,37.0,52.0,174.0,8.0,17.0,11.0,40.0,34.0,99.0,145.0,42.0,,,4.0,17.0,16.0,12.0,6.0,0.6346153846153846,0.2988505747126437,0.47058823529411764,0.275,0.2988505747126437,0.3522267206477733,,,,0.014705882352941176,0.058704453441295545,0.3448275862068966,0.3448275862068966,0.9,0.2935222672064777,0.2896551724137931,0.2896551724137931,0.5714285714285714,0.05263157894736842,0.39473684210526316,0.4666666666666667,0.7142857142857143,0.024,0.3333333333333333,0.296,0.2896551724137931,0.03333333333333333,25.694252873563215,10.0,,22.0,8.0,,7.0,0.2702702702702703,7.0,57.0,,4.0,0.02631578947368421,1.0,3.0,0.5,1.0,,1.0,1.0,,,,,False,,,,,,,,
1628464,1610612740,Daniel Theis,Daniel Theis,1628464,NOP,37276.0,621,-61.0,1292,1281,295.0,292.0,163.0,2573,35.0,53.0,12.0,19.0,9.0,14.0,15.0,33.0,2.0,6.0,52.0,92.0,31.0,162.0,1516,15.0,24.0,11.0,44.0,10.0,19.0,37.0,78.0,26.0,24.0,7.0,37.0,23.0,60.0,21.0,2.0,20.0,7.0,10.0,143.0,19.0,24.0,58.0,58.0,4.0,120.0,44.0,164.0,18.0,9.0,11.0,8.0,14.0,3.0,25.0,40.0,70.0,5.0,45.0,13.0,1.0,37.0,3.0,15.0,20.0,17.0,3.0,20.0,14.0,37.0,294.0,7.0,0.75,0.975,0.5652173913043478,0.625,0.5263157894736842,0.5077519379844961,0.66,0.42592592592592593,0.5547945205479452,0.7586206896551724,0.5285714285714286,0.07608695652173914,0.09433962264150944,0.06060606060606061,11.554054054054053,0.44,0.12903225806451613,0.2116788321167883,0.07017543859649122,0.19528619528619529,0.058823529411764705,0.2031523642732049,0.06466165413533835,0.10743801652892562,0.05732484076433121,0.03125,0.05622489959839357,0.06756756756756757,0.22413793103448276,0.23636363636363636,0.125,0.20095693779904306,0.18181818181818182,0.7,0.4108527131782946,0.660377358490566,0.7291666666666666,0.6857142857142857,0.2558139534883721,0.45454545454545453,0.4838709677419355,0.8666666666666667,0.046511627906976744,0.3333333333333333,0.3333333333333333,1.0,0.76,0.631578947368421,0.08333333333333333,0.5185185185185185,0.6428571428571429,0.6976744186046512,0.537644921875,0.5216142857142857,0.5430796296296296,0.10638297872340426,0.14423076923076922,0.2716049382716049,0.22839506172839505,5.293478260869565,0.228328173374613,,9.0,,,2.0,9.0,28.0,1.0,1.0,6.0,9.0,37.0,1.0,1.0,1.0,8.0,14.0,27.0,28.0,9.0,,1.0,2.0,9.0,6.0,2.0,,1.0,0.24324324324324326,1.0,0.125,0.24324324324324326,0.2868217054263566,,,0.037037037037037035,0.034482758620689655,0.06976744186046512,,,,0.21705426356589147,0.32142857142857145,0.32142857142857145,1.0,,0.04,1.0,1.0,0.07407407407407407,,0.2222222222222222,0.32142857142857145,,25.64054054054055,1.0,,6.0,5.0,1.0,5.0,0.16666666666666666,6.0,,,1.0,,,,,,,,,,,,,False,3.0,,,,,4.0,,1.0
1629750,1610612740,Javonte Green,Javonte Green,1629750,NOP,65092.0,1085,-262.0,2232,2250,524.0,413.0,279.0,4482,50.0,78.0,11.0,21.0,13.0,16.0,10.0,34.0,,3.0,60.0,115.0,50.0,284.0,2732,14.0,30.0,14.0,57.0,16.0,23.0,79.0,74.0,46.0,16.0,13.0,31.0,14.0,45.0,7.0,7.0,16.0,13.0,2.0,104.0,32.0,15.0,61.0,50.0,17.0,128.0,49.0,177.0,54.0,34.0,17.0,12.0,11.0,5.0,28.0,48.0,77.0,3.0,60.0,6.0,2.0,66.0,11.0,35.0,28.0,21.0,6.0,29.0,16.0,79.0,524.0,6.0,0.6166666666666667,0.7115384615384616,0.5217391304347826,0.4666666666666667,0.6956521739130435,0.5246636771300448,0.5375,0.696078431372549,0.568,0.6063829787234043,0.7181818181818181,0.11304347826086956,0.1282051282051282,0.08823529411764706,10.829762368523568,0.6071428571428571,0.34,0.10224948875255624,0.024630541871921183,0.11233885819521179,0.0636182902584493,0.10755813953488372,0.04226618705035971,0.017699115044247787,0.033707865168539325,0.017241379310344827,0.07049608355091384,0.041666666666666664,0.08372093023255814,0.12935323383084577,0.0821917808219178,0.12928759894459102,0.07317073170731707,0.5517241379310345,0.34977578475336324,0.6410256410256411,0.7352941176470589,0.64,0.15246636771300448,0.29411764705882354,0.3225806451612903,0.5,0.013452914798206279,,,,0.525,0.5238095238095238,0.36363636363636365,0.3137254901960784,0.8125,0.8340807174887892,0.5864004484304932,0.5903305555555556,0.5813990196078432,0.14516129032258066,0.2517985611510791,0.2007042253521127,0.27816901408450706,3.6878260869565214,0.23476702508960573,19.0,57.0,4.0,8.0,18.0,19.0,51.0,3.0,6.0,10.0,38.0,108.0,5.0,10.0,13.0,28.0,8.0,114.0,51.0,19.0,,2.0,3.0,20.0,2.0,2.0,1.0,1.0,0.35185185185185186,0.5,0.4642857142857143,0.35185185185185186,0.484304932735426,,,0.029411764705882353,0.026785714285714284,0.2556053811659193,0.3333333333333333,0.3333333333333333,1.0,0.22869955156950672,0.37254901960784315,0.37254901960784315,1.0,0.1,0.15,0.5,1.0,0.35294117647058826,0.4444444444444444,0.19607843137254902,0.37254901960784315,0.009174311926605505,24.4462962962963,5.0,,6.0,2.0,,2.0,0.5,3.0,,1.0,5.0,,2.0,2.0,0.5,1.0,,,,1.0,1.0,,,False,1.0,1.0,1.0,,1.0,,,
1630529,1610612740,Herbert Jones,Herbert Jones,1630529,NOP,38888.0,648,-20.0,1333,1340,233.0,336.0,149.0,2673,35.0,57.0,4.0,11.0,2.0,2.0,11.0,34.0,7.0,9.0,53.0,100.0,33.0,205.0,1536,6.0,18.0,1.0,19.0,5.0,7.0,27.0,74.0,32.0,4.0,10.0,39.0,26.0,65.0,19.0,7.0,23.0,13.0,3.0,156.0,9.0,13.0,26.0,29.0,1.0,56.0,22.0,78.0,37.0,24.0,24.0,14.0,11.0,10.0,35.0,37.0,66.0,1.0,39.0,1.0,6.0,40.0,2.0,19.0,7.0,3.0,3.0,9.0,3.0,27.0,232.0,10.0,0.6981132075471698,0.7254901960784313,0.53,0.3333333333333333,0.7142857142857143,0.5,0.391304347826087,0.5277777777777778,0.5366492146596858,0.3958333333333333,0.6136363636363636,0.1,0.10526315789473684,0.11764705882352941,14.897824653922214,0.6857142857142857,0.043478260869565216,0.09731543624161074,0.0391566265060241,0.08,0.030508474576271188,0.08828250401284109,0.03508771929824561,0.03007518796992481,0.0547945205479452,0.018867924528301886,0.0273972602739726,0.039473684210526314,0.072,0.10743801652892562,0.1346153846153846,0.07480314960629922,0.09859154929577464,0.3333333333333333,0.3313953488372093,0.6140350877192983,0.6862745098039216,0.7142857142857143,0.19767441860465115,0.3235294117647059,0.36666666666666664,0.45454545454545453,0.05232558139534884,0.7777777777777778,0.7777777777777778,1.0,0.4782608695652174,0.36363636363636365,0.25,0.1111111111111111,1.0,0.75,0.5611769005847953,0.5480366666666667,0.5374235294117646,0.10052910052910052,0.1623931623931624,0.09268292682926829,0.13170731707317074,5.5120000000000005,0.17479369842460615,14.0,37.0,2.0,3.0,7.0,8.0,35.0,,3.0,4.0,22.0,72.0,2.0,5.0,3.0,11.0,8.0,66.0,34.0,8.0,,,5.0,13.0,6.0,1.0,,1.0,0.3055555555555556,0.4,0.2727272727272727,0.30985915492957744,0.4186046511627907,,,,0.05813953488372093,0.21511627906976744,0.3783783783783784,0.3783783783783784,1.0,0.20348837209302326,0.22857142857142856,0.22857142857142856,1.0,0.08695652173913043,0.13043478260869565,,,0.3888888888888889,0.42857142857142855,0.2222222222222222,0.23529411764705882,,24.665277777777774,,1.0,3.0,2.0,,2.0,,4.0,,,4.0,,2.0,2.0,1.0,1.0,,,,2.0,1.0,1.0,,False,4.0,1.0,1.0,,,,,
203468,1610612740,CJ McCollum,CJ McCollum,203468,NOP,95569.0,1593,-189.0,3320,3286,673.0,665.0,388.0,6606,102.0,162.0,6.0,15.0,20.0,28.0,95.0,219.0,34.0,81.0,231.0,462.0,110.0,1031.0,4013,12.0,37.0,6.0,87.0,41.0,89.0,232.0,208.0,254.0,6.0,35.0,119.0,72.0,191.0,45.0,27.0,83.0,30.0,6.0,454.0,17.0,16.0,66.0,71.0,11.0,148.0,36.0,184.0,34.0,21.0,62.0,40.0,23.0,22.0,85.0,47.0,101.0,4.0,120.0,,1.0,152.0,12.0,62.0,22.0,8.0,12.0,24.0,14.0,230.0,671.0,6.0,0.45021645021645024,0.45614035087719296,0.5,0.32432432432432434,0.4606741573033708,0.5360884749708964,0.5625,0.5833333333333334,0.5561555075593952,0.5723684210526315,0.5979381443298969,0.07575757575757576,0.09876543209876543,0.0867579908675799,26.60695468914647,0.7294117647058823,0.14473684210526316,0.1,0.018497109826589597,0.08078335373317014,0.02351313969571231,0.08971840209561231,0.020780856423173802,0.02064896755162242,0.02,0.007936507936507936,0.027726432532347505,0.01098901098901099,0.09900990099009901,0.10915492957746478,0.08130081300813008,0.08760330578512397,0.06132075471698113,0.5833333333333334,0.18859138533178113,0.6296296296296297,0.6986301369863014,0.4019607843137255,0.2549476135040745,0.4337899543378995,0.475,0.47368421052631576,0.09429569266589057,0.41975308641975306,0.41975308641975306,0.5294117647058824,0.20833333333333334,0.4,0.6666666666666666,0.16666666666666666,0.7142857142857143,0.6507566938300349,0.5245804423748545,0.5142854166666666,0.507890476190476,0.07236842105263158,0.12109375,0.08438409311348205,0.22502424830261883,7.95064935064935,0.202710843373494,22.0,59.0,9.0,7.0,13.0,131.0,338.0,14.0,26.0,66.0,153.0,397.0,19.0,35.0,38.0,79.0,36.0,345.0,338.0,131.0,3.0,3.0,5.0,13.0,13.0,3.0,4.0,0.7516339869281046,0.3853904282115869,0.5428571428571428,0.4810126582278481,0.3853904282115869,0.46216530849825377,0.007556675062972292,0.005917159763313609,0.0379746835443038,0.011574074074074073,0.06868451688009314,0.3728813559322034,0.3793103448275862,0.9090909090909091,0.39348079161816063,0.3875739644970414,0.3898809523809524,0.7251908396946565,0.125,0.3611111111111111,0.5384615384615384,1.0,0.07738095238095238,0.5384615384615384,0.39285714285714285,0.3875739644970414,0.01,25.66196473551637,31.0,,18.0,14.0,,12.0,0.4696969696969697,5.0,114.0,2.0,4.0,,5.0,1.0,0.5555555555555556,0.8,0.01694915254237288,,3.0,2.0,2.0,,,False,1.0,2.0,,1.0,1.0,,,1.0
1630530,1610612740,Trey Murphy III,Trey Murphy III,1630530,NOP,97403.0,1623,-270.0,3402,3381,778.0,744.0,393.0,6783,131.0,185.0,16.0,22.0,20.0,32.0,52.0,132.0,10.0,26.0,193.0,343.0,187.0,1011.0,4092,23.0,35.0,22.0,110.0,34.0,67.0,200.0,266.0,120.0,16.0,21.0,95.0,66.0,161.0,45.0,21.0,47.0,40.0,8.0,388.0,16.0,24.0,107.0,77.0,14.0,198.0,41.0,239.0,50.0,32.0,52.0,27.0,27.0,25.0,79.0,48.0,97.0,2.0,171.0,4.0,9.0,210.0,25.0,98.0,31.0,19.0,11.0,32.0,18.0,200.0,777.0,11.0,0.689119170984456,0.7189189189189189,0.5626822157434402,0.6571428571428571,0.5074626865671642,0.557510148849797,0.6111111111111112,0.5163398692810458,0.6034897713598074,0.6875,0.5657142857142857,0.061224489795918366,0.043243243243243246,0.09090909090909091,23.28943971081849,0.6582278481012658,0.1891891891891892,0.10476190476190476,0.027842227378190254,0.13017031630170317,0.02064516129032258,0.11817597944765575,0.02443494196701283,0.02694610778443114,0.03389830508474576,0.008695652173913044,0.023131672597864767,0.014084507042253521,0.09121621621621621,0.10596026490066225,0.13138686131386862,0.12478920741989882,0.14410480349344978,0.5625,0.2503382949932341,0.7081081081081081,0.7401129943502824,0.7175572519083969,0.17861975642760486,0.3939393939393939,0.43333333333333335,0.6346153846153846,0.035182679296346414,0.38461538461538464,0.4,0.6,0.3055555555555556,0.7272727272727273,0.1875,0.20915032679738563,0.625,0.7861975642760487,0.5509704206241519,0.5383946808510638,0.5202388157894737,0.12177121771217712,0.23557692307692307,0.10880316518298715,0.19782393669634027,5.545189504373178,0.22868900646678425,31.0,67.0,6.0,8.0,13.0,115.0,329.0,10.0,31.0,73.0,146.0,396.0,14.0,37.0,30.0,86.0,42.0,369.0,328.0,115.0,3.0,1.0,15.0,18.0,10.0,5.0,1.0,0.8424657534246576,0.3686868686868687,0.3783783783783784,0.3488372093023256,0.369620253164557,0.5358592692828146,0.007575757575757576,0.0060790273556231,0.011494252873563218,0.040214477211796246,0.09066305818673884,0.4626865671641791,0.4696969696969697,0.9354838709677419,0.44519621109607577,0.3495440729483283,0.3516819571865443,0.8173913043478261,0.08333333333333333,0.4305555555555556,0.3225806451612903,0.9,0.08496732026143791,0.6153846153846154,0.477124183006536,0.35060975609756095,0.0025188916876574307,26.74545454545454,22.0,1.0,22.0,18.0,,10.0,0.3013698630136986,5.0,69.0,5.0,6.0,0.038461538461538464,4.0,1.0,0.6666666666666666,1.0,0.014925373134328358,3.0,8.0,1.0,1.0,,,False,,1.0,,,1.0,1.0,,
1642274,1610612740,Yves Missi,Yves Missi,1642274,NOP,98656.0,1644,-366.0,3360,3354,537.0,526.0,424.0,6714,193.0,315.0,70.0,127.0,26.0,43.0,30.0,81.0,,,223.0,396.0,103.0,549.0,4117,75.0,141.0,26.0,176.0,28.0,53.0,71.0,294.0,152.0,108.0,55.0,49.0,33.0,82.0,24.0,9.0,20.0,17.0,12.0,197.0,71.0,138.0,155.0,112.0,12.0,279.0,213.0,492.0,34.0,17.0,46.0,29.0,24.0,17.0,70.0,81.0,123.0,8.0,131.0,17.0,2.0,161.0,17.0,87.0,85.0,61.0,24.0,85.0,49.0,71.0,534.0,8.0,0.6591928251121076,0.8698224852071006,0.5631313131313131,0.5319148936170213,0.5283018867924528,0.5617128463476071,0.5319148936170213,0.5283018867924528,0.5852878464818764,0.5641025641025641,0.5461538461538461,0.1388888888888889,0.13015873015873017,0.1728395061728395,13.881019830028329,0.6571428571428571,0.1935483870967742,0.15217391304347827,0.15081967213114755,0.18299881936245574,0.09916201117318436,0.16866708780795958,0.12814224402207236,0.16809116809116809,0.15294117647058825,0.10071942446043165,0.09191176470588236,0.12209302325581395,0.13580246913580246,0.18305084745762712,0.11965811965811966,0.18025078369905956,0.19138755980861244,0.5764705882352941,0.7934508816120907,0.6126984126984127,0.7043795620437956,0.6269430051813472,0.2040302267002519,0.37037037037037035,0.44776119402985076,0.8666666666666667,,,,,0.900709219858156,0.5511811023622047,0.14285714285714285,0.8113207547169812,0.6046511627906976,0.7959697732997482,0.6069267676767678,0.6042269230769232,0.6008188679245283,0.18629550321199143,0.18669527896995708,0.3205828779599271,0.12932604735883424,2.4881313131313125,0.15982142857142856,,,,,,,1.0,,,,,1.0,,,,,15.0,,,,,4.0,18.0,17.0,5.0,3.0,,,,,,,0.0025188916876574307,,,0.045454545454545456,0.15384615384615385,,,,,0.0025188916876574307,,,,,,,,,,,,,42.5,,1.0,8.0,2.0,1.0,1.0,,13.0,,2.0,17.0,,,3.0,,,,,,,,,1.0,False,,,1.0,,,12.0,,
1630526,1610612740,Jeremiah Robinson-Earl,Jeremiah Robinson-Earl,1630526,NOP,57094.0,952,-213.0,1944,1938,488.0,425.0,275.0,3882,59.0,88.0,21.0,31.0,17.0,24.0,12.0,35.0,5.0,9.0,76.0,132.0,35.0,304.0,2358,22.0,35.0,14.0,79.0,24.0,35.0,89.0,110.0,42.0,34.0,11.0,33.0,29.0,62.0,21.0,8.0,21.0,10.0,2.0,153.0,42.0,34.0,82.0,64.0,13.0,159.0,84.0,243.0,31.0,21.0,23.0,15.0,13.0,8.0,36.0,36.0,63.0,2.0,38.0,7.0,2.0,43.0,4.0,20.0,7.0,5.0,2.0,7.0,1.0,89.0,488.0,7.0,0.7236842105263158,0.9322033898305084,0.5757575757575758,0.6285714285714286,0.6857142857142857,0.5423387096774194,0.6372549019607843,0.6666666666666666,0.5671641791044776,0.6694915254237288,0.6846153846153846,0.08333333333333333,0.06818181818181818,0.14285714285714285,13.365681517423907,0.6388888888888888,0.3170731707317073,0.16580310880829016,0.06666666666666667,0.16977225672877846,0.09190371991247265,0.16800920598388952,0.07859358841778696,0.09714285714285714,0.05533596837944664,0.036585365853658534,0.10670731707317073,0.05426356589147287,0.13372093023255813,0.18120805369127516,0.2153846153846154,0.14782608695652175,0.2246376811594203,0.14285714285714285,0.3548387096774194,0.6704545454545454,0.7195121951219512,0.6949152542372882,0.14112903225806453,0.34285714285714286,0.4,0.8333333333333334,0.036290322580645164,0.5555555555555556,0.5555555555555556,0.8,0.6078431372549019,0.6774193548387096,0.19047619047619047,0.4444444444444444,0.7083333333333334,0.8225806451612904,0.574461088709677,0.5859696969696969,0.5653648148148148,0.07575757575757576,0.13513513513513514,0.2598684210526316,0.29276315789473684,4.119696969696969,0.25102880658436216,28.0,69.0,13.0,6.0,15.0,11.0,47.0,2.0,3.0,4.0,39.0,116.0,7.0,16.0,8.0,19.0,17.0,114.0,47.0,11.0,,8.0,1.0,10.0,4.0,4.0,,0.9743589743589743,0.33620689655172414,0.4375,0.42105263157894735,0.33620689655172414,0.46774193548387094,,,0.17391304347826086,0.008333333333333333,0.2782258064516129,0.4057971014492754,0.4057971014492754,0.9642857142857143,0.18951612903225806,0.23404255319148937,0.23404255319148937,1.0,0.2549019607843137,0.058823529411764705,0.6666666666666666,1.0,0.2777777777777778,0.4,0.07407407407407407,0.23404255319148937,,24.235344827586225,2.0,,10.0,4.0,,3.0,0.5,9.0,3.0,1.0,6.0,,5.0,1.0,0.38461538461538464,1.0,,,,,,,1.0,False,,,,,,1.0,,
1630527,1610612740,Brandon Boston,Brandon Boston,1630527,NOP,59564.0,993,-141.0,2011,2020,428.0,432.0,250.0,4031,64.0,102.0,6.0,19.0,10.0,23.0,18.0,63.0,35.0,76.0,117.0,241.0,67.0,448.0,2379,9.0,26.0,10.0,49.0,23.0,56.0,99.0,118.0,116.0,2.0,23.0,46.0,46.0,92.0,38.0,8.0,34.0,9.0,3.0,230.0,12.0,16.0,74.0,29.0,3.0,106.0,28.0,134.0,53.0,32.0,34.0,20.0,18.0,14.0,52.0,33.0,73.0,4.0,67.0,,7.0,85.0,3.0,39.0,7.0,6.0,1.0,9.0,8.0,99.0,428.0,7.0,0.5042735042735043,0.5086206896551724,0.4854771784232365,0.34615384615384615,0.4107142857142857,0.5,0.47560975609756095,0.5116279069767442,0.5296208530805687,0.5106382978723404,0.532258064516129,0.0954356846473029,0.0784313725490196,0.12698412698412698,20.42314335060449,0.6538461538461539,0.075,0.06775700934579439,0.02973977695167286,0.15163934426229508,0.02575107296137339,0.11244541484716157,0.027888446215139442,0.03571428571428571,0.01293103448275862,0.05454545454545454,0.027777777777777776,0.018867924528301886,0.04522613065326633,0.06329113924050633,0.14084507042253522,0.14326647564469913,0.17266187050359713,0.8888888888888888,0.2677165354330709,0.6274509803921569,0.6808510638297872,0.609375,0.16535433070866143,0.2857142857142857,0.32727272727272727,0.5,0.1994750656167979,0.4605263157894737,0.5072463768115942,0.3142857142857143,0.4634146341463415,0.3157894736842105,0.3333333333333333,0.26744186046511625,0.43478260869565216,0.6351706036745407,0.537209711286089,0.5565574074074074,0.5108348837209302,0.09352517985611511,0.1407942238267148,0.109375,0.22098214285714285,8.804149377593362,0.21282943809050223,10.0,32.0,4.0,5.0,10.0,39.0,108.0,5.0,11.0,20.0,49.0,140.0,7.0,15.0,14.0,30.0,11.0,126.0,108.0,39.0,1.0,,9.0,21.0,8.0,2.0,,0.8571428571428571,0.35,0.4666666666666667,0.4666666666666667,0.35,0.3674540682414698,0.007142857142857143,0.009259259259259259,,0.047872340425531915,0.08398950131233596,0.3125,0.3125,0.9,0.28346456692913385,0.3611111111111111,0.3644859813084112,0.8461538461538461,0.0975609756097561,0.2682926829268293,0.45454545454545453,1.0,0.11627906976744186,0.5,0.23255813953488372,0.3611111111111111,,25.43785714285715,9.0,,12.0,5.0,,4.0,0.45,1.0,21.0,,2.0,0.09210526315789473,2.0,2.0,0.5,1.0,,1.0,1.0,2.0,2.0,,,False,1.0,,1.0,,,,,1.0
1629627,1610612740,Zion Williamson,Zion Williamson,1629627,NOP,44934.0,749,-41.0,1552,1545,331.0,265.0,217.0,3097,154.0,245.0,32.0,47.0,29.0,50.0,93.0,190.0,1.0,5.0,248.0,440.0,143.0,645.0,1877,41.0,65.0,10.0,92.0,47.0,87.0,129.0,236.0,260.0,46.0,56.0,62.0,77.0,139.0,60.0,17.0,30.0,20.0,12.0,355.0,18.0,48.0,63.0,50.0,6.0,119.0,67.0,186.0,32.0,13.0,46.0,22.0,31.0,24.0,77.0,31.0,65.0,4.0,153.0,3.0,,221.0,31.0,121.0,20.0,12.0,6.0,25.0,16.0,129.0,328.0,5.0,0.47580645161290325,0.5244444444444445,0.5636363636363636,0.6307692307692307,0.5402298850574713,0.5565410199556541,0.6212121212121212,0.5222222222222223,0.5906593406593407,0.6216216216216216,0.5657894736842105,0.12727272727272726,0.10612244897959183,0.15789473684210525,34.17443773998903,0.5974025974025974,0.16216216216216217,0.14367816091954022,0.10596026490066225,0.15632754342431762,0.06040268456375839,0.15046604527296936,0.08788282290279627,0.13903743315508021,0.10328638497652583,,0.06976744186046512,0.03614457831325301,0.0949367088607595,0.16,0.23076923076923078,0.17123287671232876,0.11711711711711711,0.64,0.5432372505543237,0.6285714285714286,0.7031963470319634,0.4675324675324675,0.4212860310421286,0.48947368421052634,0.58125,0.4838709677419355,0.011086474501108648,0.2,0.2,1.0,0.7121212121212122,0.6808510638297872,0.25,0.5555555555555556,0.58,0.5676274944567627,0.545099777282851,0.5434718750000002,0.5386855555555554,0.22365988909426987,0.22830188679245284,0.14263565891472868,0.2,4.207045454545456,0.21327319587628865,,1.0,,,,2.0,10.0,,1.0,3.0,2.0,11.0,,1.0,,3.0,35.0,3.0,9.0,2.0,,1.0,23.0,19.0,7.0,7.0,,0.5,0.18181818181818182,,,0.2,0.024390243902439025,,,0.017857142857142856,0.16428571428571428,0.0022172949002217295,,,,0.022172949002217297,0.2,0.2,0.5,,0.015151515151515152,,,,,0.03333333333333333,0.2222222222222222,,29.400000000000002,,1.0,20.0,5.0,,5.0,,,3.0,,9.0,,,1.0,,,,10.0,,5.0,3.0,2.0,,False,,2.0,,,2.0,2.0,,
1630631,1610612740,Jose Alvarado,Jose Alvarado,1630631,NOP,59921.0,999,-85.0,2038,2024,481.0,354.0,251.0,4062,26.0,50.0,3.0,3.0,5.0,7.0,30.0,73.0,3.0,11.0,59.0,134.0,41.0,423.0,2403,6.0,14.0,4.0,31.0,12.0,27.0,98.0,50.0,68.0,4.0,16.0,129.0,64.0,193.0,49.0,15.0,83.0,35.0,11.0,450.0,8.0,8.0,39.0,34.0,2.0,75.0,18.0,93.0,60.0,35.0,40.0,29.0,17.0,11.0,57.0,21.0,71.0,1.0,53.0,,11.0,51.0,3.0,19.0,11.0,1.0,8.0,12.0,7.0,98.0,479.0,6.0,0.423728813559322,0.43859649122807015,0.44029850746268656,0.42857142857142855,0.4444444444444444,0.5305555555555556,0.45,0.5576923076923077,0.554089709762533,0.484375,0.5833333333333334,0.11940298507462686,0.1,0.136986301369863,18.728522336769757,0.7017543859649122,0.043478260869565216,0.0734341252699784,0.01646090534979424,0.07647058823529412,0.01702127659574468,0.0750256937307297,0.016736401673640166,0.02040816326530612,0.013636363636363636,0.014285714285714285,0.0169971671388102,0.017094017094017096,0.07407407407407407,0.04519774011299435,0.14285714285714285,0.0797872340425532,0.06716417910447761,0.5833333333333334,0.1388888888888889,0.52,0.5777777777777777,0.38461538461538464,0.20277777777777778,0.410958904109589,0.47619047619047616,0.5,0.030555555555555555,0.2727272727272727,0.3,,0.1,1.0,0.6666666666666666,0.08974358974358974,0.7142857142857143,0.7666666666666667,0.525110445682451,0.4636526315789475,0.49752272727272734,0.05305039787798409,0.12666666666666668,0.07328605200945626,0.23167848699763594,6.648507462686567,0.23601570166830227,18.0,50.0,3.0,8.0,16.0,70.0,176.0,3.0,13.0,35.0,88.0,226.0,5.0,16.0,21.0,51.0,11.0,189.0,175.0,70.0,2.0,2.0,5.0,25.0,12.0,,1.0,0.7159090909090909,0.3893805309734513,0.3125,0.4117647058823529,0.39111111111111113,0.6277777777777778,0.008849557522123894,0.005681818181818182,0.034482758620689655,0.02617801047120419,0.1388888888888889,0.36,0.3673469387755102,0.9444444444444444,0.4888888888888889,0.3977272727272727,0.4,0.6571428571428571,0.1,0.43333333333333335,0.23076923076923078,1.0,0.20512820512820512,0.5,0.44871794871794873,0.4,0.004405286343612335,25.690707964601753,13.0,1.0,20.0,2.0,,2.0,0.37142857142857144,3.0,75.0,,4.0,0.09090909090909091,2.0,4.0,0.6666666666666666,1.0,0.02,,5.0,1.0,,1.0,,False,3.0,2.0,,,,,,
1641722,1610612740,Jordan Hawkins,Jordan Hawkins,1641722,NOP,64635.0,1077,-213.0,2239,2215,514.0,464.0,275.0,4454,21.0,43.0,4.0,5.0,3.0,9.0,27.0,71.0,32.0,73.0,80.0,187.0,67.0,488.0,2660,11.0,19.0,6.0,49.0,13.0,38.0,124.0,106.0,54.0,8.0,18.0,31.0,19.0,50.0,8.0,11.0,20.0,10.0,1.0,119.0,9.0,9.0,62.0,30.0,7.0,99.0,19.0,118.0,23.0,15.0,29.0,16.0,21.0,13.0,50.0,27.0,41.0,2.0,60.0,4.0,3.0,83.0,1.0,17.0,19.0,13.0,5.0,20.0,14.0,121.0,511.0,2.0,0.6625,0.6973684210526315,0.42780748663101603,0.5789473684210527,0.34210526315789475,0.46467991169977924,0.5119047619047619,0.5260416666666666,0.496900826446281,0.5333333333333333,0.5660377358490566,0.0962566844919786,0.2558139534883721,0.09859154929577464,20.88384825967931,0.58,0.1206896551724138,0.06060606060606061,0.015985790408525755,0.1111111111111111,0.016853932584269662,0.08736942070275404,0.016408386508659983,0.024154589371980676,0.01532567049808429,,0.0225,,0.05405405405405406,0.04568527918781726,0.11842105263157894,0.11380145278450363,0.10344827586206896,0.7,0.09492273730684327,0.4883720930232558,0.65625,0.5714285714285714,0.15673289183222958,0.38028169014084506,0.421875,0.6296296296296297,0.16114790286975716,0.4383561643835616,0.4383561643835616,0.75,0.11904761904761904,0.8,0.25,0.09375,0.3333333333333333,0.6821192052980133,0.5229039735099339,0.5079783333333333,0.5139791666666668,0.05660377358490566,0.08374384236453201,0.10040983606557377,0.2540983606557377,10.659358288770056,0.22956677087985708,27.0,68.0,11.0,7.0,12.0,60.0,198.0,3.0,12.0,46.0,87.0,266.0,7.0,23.0,25.0,58.0,23.0,234.0,198.0,60.0,4.0,1.0,8.0,8.0,6.0,5.0,10.0,0.896551724137931,0.32706766917293234,0.30434782608695654,0.43103448275862066,0.32706766917293234,0.58719646799117,0.015037593984962405,0.020202020202020204,0.01694915254237288,0.03088803088803089,0.15011037527593818,0.39705882352941174,0.39705882352941174,0.9259259259259259,0.4370860927152318,0.30303030303030304,0.30927835051546393,0.8833333333333333,0.2619047619047619,0.2857142857142857,0.25,1.0,0.125,0.5833333333333334,0.4791666666666667,0.30303030303030304,0.0364963503649635,25.46541353383459,18.0,,11.0,7.0,,6.0,0.391304347826087,1.0,27.0,5.0,5.0,,4.0,2.0,0.36363636363636365,0.75,,,8.0,1.0,1.0,,,False,1.0,1.0,,2.0,,3.0,,1.0
1629669,1610612740,Jaylen Nowell,Jaylen Nowell,1629669,NOP,10085.0,168,-42.0,330,326,79.0,67.0,48.0,656,6.0,11.0,2.0,2.0,2.0,3.0,12.0,31.0,,4.0,18.0,46.0,7.0,67.0,383,2.0,5.0,,10.0,4.0,10.0,14.0,10.0,26.0,2.0,3.0,13.0,5.0,18.0,2.0,3.0,11.0,2.0,,41.0,3.0,3.0,6.0,8.0,,14.0,6.0,20.0,1.0,1.0,4.0,4.0,4.0,,8.0,7.0,9.0,,9.0,,1.0,11.0,1.0,6.0,4.0,3.0,1.0,4.0,2.0,14.0,79.0,1.0,0.2777777777777778,0.29411764705882354,0.391304347826087,0.4,0.4,0.410958904109589,0.5,0.4117647058823529,0.42948717948717946,0.5,0.4117647058823529,0.06521739130434782,,0.0967741935483871,22.27979274611399,0.5,,0.10526315789473684,0.0297029702970297,0.07894736842105263,0.043478260869565216,0.09210526315789473,0.03529411764705882,,0.018518518518518517,0.1,0.05660377358490566,,0.07692307692307693,0.13157894736842105,0.08333333333333333,0.0975609756097561,0.05714285714285714,0.5,0.1506849315068493,0.5454545454545454,0.5454545454545454,0.3333333333333333,0.4246575342465753,0.3870967741935484,0.42857142857142855,0.25,0.0547945205479452,,,,0.2,1.0,0.5,0.17647058823529413,0.6666666666666666,0.5205479452054794,0.4888349315068494,0.5359999999999999,0.4705735294117647,0.07692307692307693,0.11764705882352941,0.14925373134328357,0.208955223880597,8.11304347826087,0.23939393939393938,3.0,6.0,2.0,1.0,2.0,5.0,21.0,1.0,3.0,5.0,8.0,27.0,2.0,5.0,2.0,7.0,,24.0,21.0,5.0,,,1.0,,2.0,1.0,,1.0,0.2962962962962963,0.4,0.2857142857142857,0.2962962962962963,0.3698630136986301,,,,0.024390243902439025,0.0821917808219178,0.5,0.5,1.0,0.2876712328767123,0.23809523809523808,0.23809523809523808,1.0,0.2,0.3,0.3333333333333333,1.0,0.11764705882352941,0.5,0.29411764705882354,0.23809523809523808,,25.34814814814815,1.0,,2.0,,,,0.2,,,,,,1.0,1.0,0.5,1.0,,,,,,,,False,,,,,,,,
1641810,1610612740,Antonio Reeves,Antonio Reeves,1641810,NOP,19513.0,325,-42.0,671,662,195.0,156.0,91.0,1333,18.0,33.0,3.0,5.0,6.0,11.0,9.0,19.0,2.0,5.0,29.0,57.0,9.0,145.0,784,5.0,8.0,3.0,22.0,10.0,18.0,54.0,40.0,18.0,4.0,10.0,9.0,11.0,20.0,5.0,6.0,7.0,2.0,,51.0,4.0,4.0,12.0,10.0,,22.0,8.0,30.0,13.0,8.0,9.0,6.0,5.0,3.0,14.0,13.0,16.0,,7.0,1.0,,10.0,2.0,5.0,2.0,2.0,,2.0,1.0,54.0,195.0,,0.6896551724137931,0.7407407407407407,0.5087719298245614,0.625,0.5555555555555556,0.5483870967741935,0.7307692307692307,0.5952380952380952,0.56640625,0.7333333333333333,0.6136363636363636,0.17543859649122806,0.24242424242424243,0.10526315789473684,18.39378238341969,0.6428571428571429,,0.07874015748031496,0.023952095808383235,0.0759493670886076,0.027777777777777776,0.07719298245614035,0.02572347266881029,0.05660377358490566,0.011627906976744186,,0.020202020202020204,0.044444444444444446,0.05555555555555555,0.038461538461538464,0.23809523809523808,0.07894736842105263,0.06818181818181818,0.5,0.2661290322580645,0.5454545454545454,0.72,0.6111111111111112,0.1532258064516129,0.47368421052631576,0.5294117647058824,0.7777777777777778,0.04032258064516129,0.4,0.4,1.0,0.38461538461538464,0.6,0.3333333333333333,0.2619047619047619,0.5454545454545454,0.8064516129032258,0.5486353658536587,0.5450214285714285,0.5570829268292683,0.03937007874015748,0.08333333333333333,0.15172413793103448,0.3724137931034483,5.663157894736844,0.2906110283159464,8.0,28.0,1.0,4.0,12.0,18.0,39.0,2.0,4.0,12.0,26.0,67.0,3.0,5.0,10.0,24.0,4.0,69.0,38.0,18.0,,,2.0,5.0,4.0,,,0.8846153846153846,0.3880597014925373,0.6,0.4166666666666667,0.3939393939393939,0.5403225806451613,,,,0.03508771929824561,0.22580645161290322,0.2857142857142857,0.2857142857142857,1.0,0.31451612903225806,0.46153846153846156,0.46153846153846156,0.8333333333333334,0.07692307692307693,0.3076923076923077,0.5,1.0,0.2857142857142857,0.3333333333333333,0.2857142857142857,0.47368421052631576,,25.33432835820896,6.0,1.0,3.0,1.0,,1.0,0.5,,9.0,,2.0,,1.0,,1.0,1.0,,,,,,,,False,,,1.0,,,,,
203901,1610612740,Elfrid Payton,Elfrid Payton,203901,NOP,10825.0,180,-13.0,370,367,93.0,76.0,44.0,737,5.0,14.0,2.0,3.0,1.0,2.0,20.0,38.0,1.0,4.0,26.0,56.0,1.0,53.0,417,3.0,5.0,1.0,7.0,5.0,10.0,11.0,8.0,44.0,2.0,6.0,45.0,18.0,63.0,14.0,4.0,34.0,6.0,5.0,144.0,3.0,3.0,12.0,12.0,,24.0,6.0,30.0,11.0,7.0,22.0,18.0,3.0,4.0,25.0,5.0,12.0,1.0,3.0,,1.0,2.0,,1.0,4.0,2.0,1.0,5.0,2.0,11.0,93.0,2.0,0.15384615384615385,0.16,0.4642857142857143,0.6,0.5,0.45614035087719296,0.6,0.45454545454545453,0.45689655172413796,0.5833333333333334,0.4583333333333333,0.10714285714285714,0.2857142857142857,0.05263157894736842,19.71496437054632,0.88,,0.14634146341463414,0.030303030303030304,0.10434782608695652,0.04285714285714286,0.1218274111675127,0.03550295857988166,0.05128205128205128,0.021739130434782608,,0.021739130434782608,0.08333333333333333,0.16279069767441862,0.043478260869565216,0.25,0.12643678160919541,0.03571428571428571,0.4,0.24561403508771928,0.35714285714285715,0.5,0.2,0.6666666666666666,0.5263157894736842,0.5555555555555556,0.15,0.07017543859649122,0.25,0.25,,0.6,0.6666666666666666,,0.18181818181818182,0.5,0.2631578947368421,0.4750543859649124,0.52895,0.4074636363636364,0.017241379310344827,0.017543859649122806,0.1320754716981132,0.20754716981132076,7.123214285714288,0.25135135135135134,,,,,,,1.0,,,1.0,,1.0,,,,1.0,1.0,,1.0,,,,,4.0,2.0,,,,,,,,0.017543859649122806,,,,,,,,,0.017543859649122806,,,,,,,,,,0.09090909090909091,,,33.7,,,12.0,,,,,,,,,,,,,,,,,1.0,1.0,,,False,,1.0,,,,,,
1631288,1610612740,Jamal Cain,Jamal Cain,1631288,NOP,18393.0,307,-86.0,626,616,166.0,126.0,88.0,1242,11.0,15.0,3.0,4.0,3.0,3.0,5.0,15.0,1.0,2.0,17.0,32.0,17.0,90.0,764,3.0,6.0,4.0,16.0,5.0,7.0,33.0,20.0,14.0,,,9.0,7.0,16.0,3.0,4.0,4.0,4.0,1.0,39.0,9.0,10.0,13.0,18.0,3.0,34.0,19.0,53.0,11.0,6.0,8.0,6.0,4.0,2.0,12.0,12.0,27.0,1.0,16.0,2.0,,26.0,2.0,11.0,7.0,6.0,1.0,7.0,5.0,33.0,166.0,5.0,0.5882352941176471,0.5882352941176471,0.53125,0.5,0.7142857142857143,0.48026315789473684,0.6,0.6578947368421053,0.5113636363636364,0.5714285714285714,0.6875,,,,13.812154696132596,0.6666666666666666,0.2727272727272727,0.14173228346456693,0.055865921787709494,0.08333333333333333,0.06870229007633588,0.10954063604240283,0.06129032258064516,0.04918032786885246,0.043010752688172046,0.12,0.09523809523809523,0.02127659574468085,0.07692307692307693,0.15254237288135594,0.3125,0.06896551724137931,0.125,0.7142857142857143,0.19736842105263158,0.7333333333333333,0.7333333333333333,0.6363636363636364,0.19736842105263158,0.3333333333333333,0.3333333333333333,0.6,0.02631578947368421,0.5,0.5,,0.4,0.75,,0.15789473684210525,1.0,0.7763157894736842,0.5416756578947369,0.6140125000000001,0.5138236842105263,0.12941176470588237,0.2682926829268293,0.17777777777777778,0.36666666666666664,6.034375000000001,0.26517571884984026,8.0,30.0,4.0,3.0,5.0,5.0,14.0,,,7.0,13.0,44.0,2.0,4.0,5.0,12.0,8.0,36.0,14.0,5.0,,,2.0,5.0,1.0,,,0.9230769230769231,0.29545454545454547,0.5,0.4166666666666667,0.29545454545454547,0.5789473684210527,,,,0.045454545454545456,0.39473684210526316,0.26666666666666666,0.26666666666666666,1.0,0.18421052631578946,0.35714285714285715,0.35714285714285715,0.8,0.4,,,,0.2631578947368421,0.6,0.3684210526315789,0.35714285714285715,,24.02045454545454,2.0,,2.0,3.0,,3.0,0.2857142857142857,3.0,3.0,,2.0,,2.0,,0.5,1.0,,1.0,,,,,,False,,,,,,,,
1641998,1610612740,Trey Jemison III,Trey Jemison III,1641998,NOP,9976.0,166,-18.0,331,331,94.0,111.0,50.0,662,12.0,19.0,4.0,7.0,4.0,6.0,3.0,12.0,,1.0,15.0,32.0,8.0,38.0,368,4.0,8.0,4.0,12.0,5.0,9.0,14.0,22.0,8.0,6.0,6.0,8.0,2.0,10.0,1.0,1.0,5.0,3.0,,22.0,10.0,12.0,16.0,6.0,,22.0,22.0,44.0,7.0,5.0,5.0,2.0,5.0,3.0,10.0,11.0,27.0,5.0,11.0,,,21.0,1.0,9.0,6.0,3.0,3.0,6.0,5.0,14.0,94.0,,0.7333333333333333,0.9166666666666666,0.46875,0.5,0.5555555555555556,0.46875,0.5,0.5555555555555556,0.4523809523809524,0.46153846153846156,0.5,0.1875,0.15789473684210525,0.25,13.29923273657289,0.5,,0.08,0.12121212121212122,0.17777777777777778,0.16129032258064516,0.13333333333333333,0.13664596273291926,0.1,0.14893617021276595,0.09090909090909091,0.0975609756097561,0.2857142857142857,0.037037037037037035,0.14285714285714285,,0.18518518518518517,0.16666666666666666,0.8333333333333334,0.59375,0.631578947368421,0.75,0.6666666666666666,0.375,0.25,0.3333333333333333,1.0,0.03125,,,,0.875,0.5714285714285714,,0.6666666666666666,0.6666666666666666,0.59375,0.5683687499999999,0.6135666666666667,0.5655333333333332,0.225,0.225,0.3157894736842105,0.3684210526315789,4.0718749999999995,0.283987915407855,,,,,,,,,,,,,,,,,4.0,,,,,,1.0,2.0,,,,,,,,,,,,,0.1111111111111111,,,,,,,,,,,,,,,,,,,,,1.0,2.0,,2.0,,4.0,,,1.0,,,,,,,,,,,,,False,,,,,,2.0,,
1631255,1610612740,Karlo Matković,Karlo Matković,1631255,NOP,27313.0,455,-20.0,949,946,233.0,227.0,125.0,1895,46.0,61.0,17.0,24.0,16.0,20.0,15.0,30.0,,,61.0,91.0,24.0,185.0,1134,19.0,26.0,4.0,42.0,21.0,29.0,60.0,80.0,42.0,32.0,6.0,16.0,11.0,27.0,9.0,2.0,8.0,6.0,2.0,65.0,19.0,27.0,33.0,42.0,1.0,76.0,47.0,123.0,15.0,10.0,10.0,8.0,14.0,2.0,24.0,40.0,61.0,3.0,24.0,4.0,,30.0,6.0,14.0,27.0,15.0,12.0,28.0,15.0,60.0,233.0,1.0,0.6557377049180327,0.8888888888888888,0.6703296703296703,0.7307692307692307,0.7241379310344828,0.644,0.7037037037037037,0.6486486486486487,0.6751824817518248,0.7241379310344828,0.6976744186046512,0.06593406593406594,0.06557377049180328,0.06666666666666667,14.716636197440586,0.4166666666666667,0.07692307692307693,0.2079207920792079,0.12217194570135746,0.13807531380753138,0.09134615384615384,0.17006802721088435,0.10722610722610723,0.13953488372093023,0.125,0.06451612903225806,0.06993006993006994,0.13846153846153847,0.1518987341772152,0.2619047619047619,0.20512820512820512,0.13736263736263737,0.14035087719298245,0.5357142857142857,0.488,0.7540983606557377,0.8070175438596491,0.5869565217391305,0.24,0.5,0.5357142857142857,0.8666666666666667,,,,,0.8888888888888888,0.7083333333333334,0.058823529411764705,0.5405405405405406,0.8,0.76,0.5768923999999999,0.5661738095238095,0.5794202702702702,0.10526315789473684,0.1414141414141414,0.22702702702702704,0.32432432432432434,3.175824175824175,0.24552160168598525,8.0,21.0,,1.0,5.0,5.0,13.0,,1.0,3.0,13.0,34.0,,1.0,2.0,8.0,12.0,39.0,13.0,5.0,1.0,1.0,3.0,5.0,5.0,1.0,,1.0,0.38235294117647056,,0.25,0.38235294117647056,0.272,0.029411764705882353,,0.041666666666666664,0.06976744186046512,0.168,0.38095238095238093,0.4,1.0,0.104,0.38461538461538464,0.38461538461538464,1.0,,0.037037037037037035,,,0.13513513513513514,0.2,0.08108108108108109,0.38461538461538464,,24.38235294117647,1.0,,5.0,4.0,,3.0,0.3333333333333333,2.0,,,3.0,,,1.0,,,0.047619047619047616,1.0,,1.0,1.0,,1.0,False,,,,,,5.0,,
1628964,1610612740,Mo Bamba,Mo Bamba,1628964,NOP,3114.0,52,-9.0,98,97,16.0,29.0,16.0,195,1.0,2.0,1.0,1.0,1.0,1.0,1.0,1.0,,,2.0,3.0,2.0,6.0,112,1.0,1.0,2.0,4.0,2.0,2.0,4.0,2.0,2.0,2.0,,1.0,1.0,2.0,1.0,,1.0,,,5.0,1.0,4.0,8.0,7.0,,15.0,5.0,20.0,,,1.0,,,1.0,1.0,3.0,5.0,,1.0,,,2.0,,1.0,1.0,1.0,,2.0,1.0,4.0,16.0,,0.5,1.0,0.6666666666666666,1.0,1.0,0.2857142857142857,1.0,0.6666666666666666,0.375,1.0,0.6666666666666666,,,,7.964601769911505,1.0,,0.28,0.17391304347826086,0.25,0.043478260869565216,0.2631578947368421,0.10869565217391304,,0.3,0.3333333333333333,,0.2,0.36363636363636365,0.375,,0.3333333333333333,,0.5,0.2857142857142857,0.5,0.5,,0.14285714285714285,1.0,1.0,1.0,,,,,1.0,1.0,,0.3333333333333333,1.0,0.8571428571428571,0.5259857142857143,0.6193,0.5432,0.125,0.25,0.6666666666666666,0.6666666666666666,4.033333333333334,0.16326530612244897,,2.0,,,1.0,,2.0,,,,,4.0,,,,1.0,,,2.0,,,,,,,,,,,,,,0.5714285714285714,,,,,0.2857142857142857,,,,0.2857142857142857,,,,,,,,0.3333333333333333,,,,,24.45,,,,,,,,,,,,,,,,,,,,1.0,,1.0,,False,,,,,,,,
203482,1610612740,Kelly Olynyk,Kelly Olynyk,203482,NOP,15206.0,253,36.0,514,517,73.0,46.0,76.0,1031,15.0,29.0,7.0,12.0,2.0,4.0,7.0,15.0,3.0,5.0,25.0,49.0,19.0,96.0,581,10.0,17.0,2.0,22.0,6.0,9.0,19.0,28.0,22.0,16.0,5.0,29.0,14.0,43.0,12.0,2.0,19.0,10.0,,100.0,9.0,11.0,24.0,20.0,6.0,50.0,21.0,71.0,9.0,6.0,14.0,10.0,9.0,4.0,23.0,20.0,31.0,,26.0,3.0,1.0,25.0,3.0,10.0,6.0,3.0,3.0,6.0,2.0,19.0,73.0,1.0,0.56,0.8235294117647058,0.5102040816326531,0.5882352941176471,0.6666666666666666,0.5579710144927537,0.5555555555555556,0.6,0.6,0.5789473684210527,0.6333333333333333,0.10204081632653061,0.10344827586206896,0.13333333333333333,17.024793388429753,0.6086956521739131,0.5,0.16806722689075632,0.08333333333333333,0.15789473684210525,0.09375,0.16236162361623616,0.08771929824561403,0.09859154929577464,0.07547169811320754,,0.08823529411764706,0.10714285714285714,0.12244897959183673,0.21739130434782608,0.16666666666666666,0.15966386554621848,0.15151515151515152,0.3333333333333333,0.42028985507246375,0.5172413793103449,0.5769230769230769,0.4666666666666667,0.21739130434782608,0.4666666666666667,0.5384615384615384,0.7142857142857143,0.07246376811594203,0.6,0.6,0.6666666666666666,0.6666666666666666,0.5833333333333334,,0.4,0.5,0.7101449275362319,0.5487557971014493,0.537584375,0.49944,0.13157894736842105,0.17857142857142858,0.22916666666666666,0.19791666666666666,4.877551020408162,0.14202334630350194,2.0,4.0,,,,7.0,16.0,,1.0,1.0,9.0,20.0,,1.0,,1.0,7.0,18.0,16.0,7.0,,1.0,2.0,3.0,4.0,2.0,,0.6666666666666666,0.45,,,0.45,0.2898550724637681,,,0.058823529411764705,0.06896551724137931,0.057971014492753624,0.5,0.5,0.5,0.2318840579710145,0.4375,0.4375,0.7142857142857143,,0.05555555555555555,,,,,0.1,0.4375,,25.96,,,3.0,4.0,1.0,4.0,,5.0,9.0,,,,,1.0,,,,,,,,,,False,2.0,,,,,1.0,,
1631232,1610612740,Keion Brooks Jr.,Keion Brooks Jr.,1631232,NOP,3850.0,64,-27.0,132,132,69.0,17.0,11.0,264,2.0,2.0,,,,,2.0,6.0,1.0,1.0,5.0,9.0,2.0,21.0,166,,,1.0,4.0,2.0,4.0,9.0,10.0,,,,3.0,1.0,4.0,,1.0,1.0,2.0,,9.0,1.0,,5.0,4.0,1.0,10.0,1.0,11.0,1.0,1.0,1.0,,3.0,1.0,4.0,4.0,6.0,1.0,2.0,1.0,,4.0,,1.0,1.0,1.0,,1.0,1.0,9.0,69.0,,1.0,1.0,0.5555555555555556,,0.5,0.59375,1.5,0.5,0.5833333333333334,1.0,0.5,,,,14.76510067114094,0.25,0.25,0.16,,0.1388888888888889,0.037037037037037035,0.14754098360655737,0.018518518518518517,,,,0.05555555555555555,,0.08333333333333333,0.3,,0.13333333333333333,0.16666666666666666,1.0,0.125,1.0,1.0,1.0,0.375,0.3333333333333333,0.3333333333333333,1.0,0.0625,1.0,1.0,1.0,,,,,,0.5625,0.522715625,,0.47787142857142856,0.058823529411764705,0.1,0.19047619047619047,0.42857142857142855,7.866666666666666,0.5227272727272727,2.0,4.0,1.0,,1.0,1.0,3.0,,,2.0,3.0,7.0,1.0,1.0,1.0,3.0,2.0,9.0,3.0,1.0,,,,,,,,1.0,0.42857142857142855,1.0,0.3333333333333333,0.42857142857142855,0.4375,,,,,0.25,0.5,0.5,1.0,0.1875,0.3333333333333333,0.3333333333333333,1.0,1.0,,,,0.14285714285714285,,0.2857142857142857,0.3333333333333333,,23.914285714285715,1.0,,3.0,1.0,,1.0,0.5,,,,,,1.0,1.0,1.0,1.0,,1.0,,,,,,False,,,,,,,,
1631311,1610612740,Lester Quinones,Lester Quinones,1631311,NOP,653.0,11,2.0,19,19,,1.0,1.0,38,1.0,1.0,,,,,,,,1.0,1.0,2.0,,5.0,24,,,,,,,,2.0,,,,,,,,,,,,,,,,,,,,,1.0,1.0,1.0,1.0,,,1.0,1.0,1.0,,,,,,,,,,,,,,,,1.0,1.0,0.5,,,0.8333333333333334,,,0.8333333333333334,,,,,,20.0,1.0,,,,,,,,,,,,,,,,,,,0.3333333333333333,1.0,1.0,1.0,,,,,0.3333333333333333,,,,,,,,,0.6666666666666666,0.5267499999999999,,,,,,,8.8,,,,,,,1.0,1.0,,,,1.0,1.0,,,,,,3.0,1.0,1.0,,,,,,,,1.0,1.0,,,1.0,0.3333333333333333,,,,,,,,,0.3333333333333333,1.0,1.0,1.0,,,,,,,,1.0,,25.2,,,,,,,,,,,,,,,,,,,,,,,,False,,,,,,,,
