EntityId,TeamId,Name,ShortName,RowId,TeamAbbreviation,SecondsPlayed,Minutes,PlusMinus,OffPoss,DefPoss,PenaltyOffPoss,PenaltyDefPoss,SecondChanceOffPoss,TotalPoss,AtRimFGM,AtRimFGA,PenaltyAtRimFGM,PenaltyAtRimFGA,ShortMidRangeFGM,ShortMidRangeFGA,LongMidRangeFGA,Corner3FGM,Corner3FGA,PenaltyCorner3FGM,PenaltyCorner3FGA,Arc3FGM,Arc3FGA,SecondChanceArc3FGM,SecondChanceArc3FGA,PenaltyArc3FGA,FG2M,FG2A,FG3M,FG3A,FtPoints,Points,OpponentPoints,SecondChanceFG3M,SecondChanceFG3A,SecondChancePoints,PenaltyFG2M,PenaltyFG2A,PenaltyFG3M,PenaltyFG3A,PenaltyPoints,PtsAssisted2s,PtsUnassisted2s,PtsAssisted3s,NonHeaveArc3FGA,NonHeaveArc3FGM,TwoPtAssists,ThreePtAssists,Assists,Arc3Assists,AtRimAssists,AssistPoints,OffThreePtRebounds,OffTwoPtRebounds,DefThreePtRebounds,DefTwoPtRebounds,FTDefRebounds,DefRebounds,OffRebounds,Rebounds,Steals,BadPassSteals,BadPassOutOfBoundsTurnovers,DeadBallTurnovers,Turnovers,ShootingFouls,Fouls,FoulsDrawn,FTA,TwoPtShootingFoulsDrawn,Blocked2s,BlockedAtRim,BlockedShortMidRange,Blocks,RecoveredBlocks,PenaltyPointsExcludingTakeFouls,PenaltyOffPossExcludingTakeFouls,Assisted2sPct,NonPutbacksAssisted2sPct,Assisted3sPct,Fg3Pct,SecondChanceFg3Pct,PenaltyFg3Pct,NonHeaveFg3Pct,Fg2Pct,PenaltyFg2Pct,EfgPct,SecondChanceEfgPct,PenaltyEfgPct,TsPct,SecondChanceTsPct,PenaltyTsPct,FG3APct,Usage,DefFTReboundPct,DefTwoPtReboundPct,OffTwoPtReboundPct,DefThreePtReboundPct,OffThreePtReboundPct,DefFGReboundPct,OffFGReboundPct,OffShortMidRangeReboundPct,OffArc3ReboundPct,DefShortMidRangeReboundPct,DefArc3ReboundPct,DefCorner3ReboundPct,BlocksRecoveredPct,AtRimFrequency,AtRimAccuracy,UnblockedAtRimAccuracy,AtRimPctAssisted,ShortMidRangeFrequency,ShortMidRangeAccuracy,UnblockedShortMidRangeAccuracy,ShortMidRangePctAssisted,LongMidRangeFrequency,Corner3Frequency,Corner3Accuracy,UnblockedCorner3Accuracy,Corner3PctAssisted,Arc3Frequency,Arc3Accuracy,UnblockedArc3Accuracy,Arc3PctAssisted,SecondChanceArc3Frequency,SecondChanceArc3Accuracy,SecondChanceArc3PctAssisted,PenaltyAtRimFrequency,PenaltyAtRimAccuracy,PenaltyCorner3Frequency,PenaltyCorner3Accuracy,PenaltyArc3Frequency,AtRimFG3AFrequency,NonHeaveArc3Accuracy,ShotQualityAvg,SecondChanceShotQualityAvg,PenaltyShotQualityAvg,ShootingFoulsDrawnPct,TwoPtShootingFoulsDrawnPct,SecondChancePointsPct,PenaltyPointsPct,Avg2ptShotDistance,Avg3ptShotDistance,PenaltyOffPossPct,SecondChanceAtRimFGM,SecondChanceAtRimFGA,LongMidRangeFGM,SecondChanceFG2M,SecondChanceFG2A,SecondChanceFtPoints,ShortMidRangeAssists,Travels,Loose Ball Fouls,SecondChanceFg2Pct,DefAtRimReboundPct,LongMidRangeAccuracy,UnblockedLongMidRangeAccuracy,SecondChanceAtRimFrequency,SecondChanceAtRimAccuracy,SecondChanceAtRimPctAssisted,SecondChanceCorner3FGM,SecondChanceCorner3FGA,PenaltyArc3FGM,PenaltyFtPoints,PtsPutbacks,Fg2aBlocked,Fg3aBlocked,Corner3Assists,LongMidRangeAssists,FTOffRebounds,LostBallSteals,LiveBallTurnovers,BadPassTurnovers,LostBallTurnovers,PenaltyTurnovers,Charge Fouls,2pt And 1 Free Throw Trips,NonShootingFoulsDrawn,Blocked3s,BlockedCorner3,NonShootingPenaltyNonTakeFoulsDrawn,FG3APctBlocked,FG2APctBlocked,AtRimPctBlocked,ShortMidRangePctBlocked,Corner3PctBlocked,LiveBallTurnoverPct,OffFTReboundPct,OffCorner3ReboundPct,SecondChanceCorner3Frequency,SecondChanceCorner3Accuracy,SecondChanceCorner3PctAssisted,PenaltyArc3Accuracy,LostBallOutOfBoundsTurnovers,Offensive Fouls,NonShootingPenaltyNonTakeFouls,ThreePtShootingFoulsDrawn,DefLongMidRangeReboundPct,ThreePtShootingFoulsDrawnPct,SelfOReb,BlockedLongMidRange,OffAtRimReboundPct,SelfORebPct,PtsUnassisted3s,Arc3PctBlocked,LongMidRangePctAssisted,Offensive Fouls Drawn,OffLongMidRangeReboundPct,SecondChanceTurnovers,Loose Ball Fouls Drawn,Charge Fouls Drawn,on,HeaveAttempts,3pt And 1 Free Throw Trips,Technical Free Throw Trips,BlockedArc3,DefensiveGoaltends,LongMidRangePctBlocked,StepOutOfBoundsTurnovers,Transition Take Fouls,Transition Take Fouls Drawn,OffensiveGoaltends,Defensive 3 Seconds Violations,Clear Path Fouls
1628970,1610612766,Miles Bridges,Miles Bridges,1628970,CHA,2997.0,50,21,104,105,34.0,44,15.0,209,7.0,8.0,3.0,4.0,6.0,8.0,1.0,1.0,3.0,1.0,1.0,3.0,10.0,1.0,2.0,6.0,13.0,17.0,4.0,13.0,5.0,43.0,107,1.0,2.0,3.0,4.0,7.0,1.0,7.0,11.0,8.0,18.0,12.0,10.0,3.0,3.0,1.0,4.0,1.0,3.0,9.0,1.0,1.0,7.0,4.0,1.0,12.0,2.0,14.0,1.0,1.0,1.0,1.0,1.0,1.0,1.0,7.0,6.0,3.0,3.0,1.0,2.0,3.0,1.0,11.0,34.0,0.3076923076923077,0.3076923076923077,1.0,0.3076923076923077,0.5,0.1428571428571428,0.3076923076923077,0.7647058823529411,0.5714285714285714,0.6333333333333333,0.75,0.3928571428571428,0.6515151515151515,0.75,0.3928571428571428,0.4333333333333333,28.09917355371901,0.5,0.2105263157894736,0.0454545454545454,0.2413793103448276,0.037037037037037,0.2291666666666666,0.0408163265306122,0.1,0.0526315789473684,0.3076923076923077,0.2,0.3333333333333333,0.3333333333333333,0.2666666666666666,0.875,0.875,0.2857142857142857,0.2666666666666666,0.75,0.75,0.3333333333333333,0.0333333333333333,0.1,0.3333333333333333,0.3333333333333333,1.0,0.3333333333333333,0.3,0.3,1.0,1.0,0.5,1.0,0.2857142857142857,0.75,0.0714285714285714,1.0,0.4285714285714285,0.7,0.3,0.5127966666666667,0.2892,0.484025,0.0909090909090909,0.15,0.0697674418604651,0.2558139534883721,5.476470588235294,26.246153846153845,0.3269230769230769,,,,,,,,,,,,,,,,,,,,,,,,,,,,,,,,,,,,,,,,,,,,,,,,,,,,,,,,,,,,,,,,,,,,True,,,,,,,,,,,,
1628998,1610612766,Cody Martin,Cody Martin,1628998,CHA,1668.0,28,11,54,51,9.0,13,9.0,105,2.0,3.0,1.0,1.0,,1.0,1.0,1.0,2.0,,,,1.0,,,,3.0,5.0,1.0,3.0,2.0,11.0,62,,,3.0,1.0,1.0,,,2.0,4.0,2.0,3.0,1.0,,5.0,3.0,8.0,3.0,3.0,19.0,1.0,1.0,2.0,3.0,,5.0,2.0,7.0,1.0,1.0,,1.0,1.0,2.0,3.0,2.0,4.0,2.0,2.0,1.0,1.0,2.0,,2.0,9.0,0.6666666666666666,0.6666666666666666,1.0,0.3333333333333333,,,0.3333333333333333,0.6,1.0,0.5625,1.0,1.0,0.55,0.75,1.0,0.375,16.666666666666664,,0.2307692307692307,0.0666666666666666,0.1666666666666666,0.1,0.2,0.08,0.1428571428571428,0.1666666666666666,0.1666666666666666,0.2222222222222222,,,0.375,0.6666666666666666,0.6666666666666666,1.0,0.125,,,,0.125,0.25,0.5,0.5,1.0,0.125,,,,,,,1.0,1.0,,,,0.75,,0.5962875000000001,0.7961,0.8714,0.2,0.2857142857142857,0.2727272727272727,0.1818181818181818,7.080000000000001,23.7,0.1666666666666666,1.0,1.0,1.0,1.0,1.0,1.0,2.0,1.0,1.0,1.0,0.2857142857142857,1.0,1.0,1.0,1.0,1.0,,,,,,,,,,,,,,,,,,,,,,,,,,,,,,,,,,,,,,,,,,,,,,,,,,,,True,,,,,,,,,,,,
1629006,1610612766,Josh Okogie,Josh Okogie,1629006,CHA,8917.0,149,47,295,294,83.0,113,44.0,589,11.0,15.0,2.0,2.0,3.0,13.0,2.0,4.0,12.0,1.0,3.0,5.0,11.0,1.0,1.0,4.0,14.0,30.0,9.0,23.0,15.0,70.0,309,2.0,4.0,18.0,5.0,8.0,3.0,7.0,24.0,16.0,12.0,27.0,11.0,5.0,4.0,6.0,10.0,4.0,1.0,26.0,6.0,1.0,8.0,3.0,4.0,15.0,9.0,24.0,19.0,12.0,2.0,3.0,9.0,4.0,11.0,14.0,19.0,10.0,4.0,2.0,2.0,5.0,4.0,24.0,83.0,0.5714285714285714,0.6666666666666666,1.0,0.391304347826087,0.5,0.4285714285714285,0.391304347826087,0.4666666666666667,0.625,0.5188679245283019,0.6666666666666666,0.6333333333333333,0.5737704918032787,0.6923076923076923,0.6666666666666666,0.4339622641509434,20.0,0.4444444444444444,0.0535714285714285,0.0136986301369863,0.1081081081081081,0.0857142857142857,0.0846153846153846,0.0489510489510489,0.03125,0.0943396226415094,0.0833333333333333,0.0943396226415094,0.1428571428571428,0.8,0.2830188679245283,0.7333333333333333,0.7857142857142857,0.4545454545454545,0.2452830188679245,0.2307692307692307,0.3333333333333333,1.0,0.0377358490566037,0.2264150943396226,0.3333333333333333,0.3636363636363636,1.0,0.2075471698113207,0.4545454545454545,0.4545454545454545,1.0,0.0833333333333333,1.0,1.0,0.1333333333333333,1.0,0.2,0.3333333333333333,0.2666666666666666,0.7169811320754716,0.4545454545454545,0.5690933962264152,0.5387166666666666,0.5266566666666667,0.1666666666666666,0.2702702702702703,0.2571428571428571,0.3428571428571428,4.353333333333334,24.67391304347826,0.2813559322033898,4.0,6.0,,5.0,8.0,2.0,2.0,,,0.625,0.037037037037037,,,0.5,0.6666666666666666,,1.0,3.0,2.0,5.0,4.0,5.0,1.0,2.0,1.0,2.0,7.0,6.0,5.0,1.0,3.0,1.0,3.0,1.0,1.0,1.0,1.0,0.0434782608695652,0.1666666666666666,0.0666666666666666,0.3076923076923077,0.0833333333333333,0.6666666666666666,0.2857142857142857,0.0588235294117647,0.25,0.3333333333333333,1.0,0.5,,,,,,,,,,,,,,,,,,,True,,,,,,,,,,,,
1630163,1610612766,LaMelo Ball,LaMelo Ball,1630163,CHA,2184.0,36,12,77,70,19.0,20,9.0,147,1.0,2.0,,,1.0,4.0,1.0,1.0,1.0,,,5.0,10.0,2.0,2.0,2.0,3.0,7.0,6.0,11.0,6.0,30.0,83,2.0,2.0,6.0,1.0,2.0,2.0,2.0,9.0,,6.0,18.0,10.0,5.0,6.0,4.0,10.0,1.0,3.0,24.0,,,3.0,1.0,,4.0,,4.0,2.0,2.0,,2.0,4.0,,3.0,8.0,8.0,4.0,,,,,,9.0,19.0,,,1.0,0.5454545454545454,1.0,1.0,0.5454545454545454,0.4285714285714285,0.5,0.6666666666666666,1.0,1.0,0.6818181818181818,1.0,0.9,0.6111111111111112,29.885057471264368,,0.0666666666666666,,0.1764705882352941,,0.125,,,,0.125,0.1428571428571428,0.3333333333333333,,0.1111111111111111,0.5,0.5,,0.2222222222222222,0.25,0.3333333333333333,,0.0555555555555555,0.0555555555555555,1.0,1.0,1.0,0.5555555555555556,0.5,0.5,1.0,0.6666666666666666,1.0,1.0,,,,,0.5,0.7222222222222222,0.5,0.5177638888888889,0.5457,0.4968375,0.1818181818181818,0.3636363636363636,0.2,0.3,8.242857142857144,26.41818181818182,0.2467532467532467,,1.0,1.0,,1.0,,3.0,,,,,1.0,1.0,0.3333333333333333,,,,,2.0,1.0,,1.0,,3.0,,,,2.0,1.0,1.0,,,,,,,,,0.1428571428571428,,0.25,,0.5,,,,,,1.0,1.0,1.0,1.0,,,,,,,,,,,,,,,,True,,,,,,,,,,,,
1630182,1610612766,Josh Green,Josh Green,1630182,CHA,3255.0,54,18,114,114,46.0,51,14.0,228,1.0,1.0,1.0,1.0,1.0,3.0,1.0,3.0,4.0,3.0,4.0,3.0,5.0,,,3.0,3.0,5.0,6.0,9.0,7.0,31.0,118,,,,2.0,2.0,5.0,7.0,24.0,2.0,4.0,18.0,5.0,3.0,2.0,2.0,4.0,1.0,1.0,10.0,,,4.0,3.0,1.0,8.0,,8.0,3.0,1.0,,,,4.0,4.0,3.0,7.0,1.0,,,,,,24.0,46.0,0.3333333333333333,0.3333333333333333,1.0,0.6666666666666666,,0.7142857142857143,0.6666666666666666,0.6,1.0,0.8571428571428571,,1.0555555555555556,0.9117647058823528,,1.0909090909090908,0.6428571428571429,12.87878787878788,0.5,0.1304347826086956,,0.1481481481481481,,0.14,,,,0.1428571428571428,0.2,,,0.0714285714285714,1.0,1.0,,0.2142857142857142,0.3333333333333333,0.3333333333333333,1.0,0.0714285714285714,0.2857142857142857,0.75,0.75,1.0,0.3571428571428571,0.6,0.6,1.0,,,,0.1111111111111111,1.0,0.4444444444444444,0.75,0.3333333333333333,0.7142857142857143,0.6,0.5181321428571428,,0.5353055555555556,0.125,0.1666666666666666,,0.7741935483870968,7.739999999999999,24.611111111111107,0.4035087719298245,,,1.0,,,,1.0,,,,0.0909090909090909,1.0,1.0,,,,,,2.0,5.0,,,,1.0,,,2.0,,,,,,,1.0,,,1.0,,,,,,,,,,,,0.6666666666666666,,,,1.0,0.2,0.1,,,,,,,,,,,,,True,,,,,,,,,,,,
1631109,1610612766,Mark Williams,Mark Williams,1631109,CHA,2891.0,48,16,97,95,23.0,29,10.0,192,9.0,15.0,2.0,2.0,4.0,7.0,,,,,,,,,,,13.0,22.0,,,6.0,32.0,106,,,2.0,2.0,3.0,,,7.0,20.0,6.0,,,,2.0,5.0,7.0,5.0,1.0,19.0,2.0,3.0,4.0,3.0,,7.0,5.0,12.0,,,,1.0,1.0,3.0,6.0,5.0,7.0,4.0,4.0,2.0,1.0,4.0,3.0,7.0,23.0,0.7692307692307693,0.8333333333333334,,,,,,0.5909090909090909,0.6666666666666666,0.5909090909090909,0.25,0.6666666666666666,0.64,0.25,0.875,,23.21428571428571,,0.15,0.1363636363636363,0.1538461538461538,0.1052631578947368,0.1521739130434782,0.1219512195121951,,0.0666666666666666,0.2,0.15,0.1666666666666666,0.75,0.6818181818181818,0.6,0.6,0.7777777777777778,0.3181818181818182,0.5714285714285714,0.5714285714285714,0.75,,,,,,,,,,,,,0.6666666666666666,1.0,,,,0.6818181818181818,,0.580840909090909,0.571925,0.6841,0.16,0.16,0.0625,0.21875,3.4909090909090907,,0.2371134020618556,1.0,4.0,,1.0,4.0,,,,2.0,0.25,0.1111111111111111,,,1.0,0.25,,,,,3.0,2.0,,,,1.0,,,,,,,,1.0,,,,,,,,,,,,0.25,,,,,,1.0,1.0,,,,2.0,1.0,0.2727272727272727,0.2222222222222222,,,,,,,,,True,,,,,,,,,,,,
1629610,1610612766,DaQuan Jeffries,DaQuan Jeffries,1629610,CHA,2064.0,34,15,67,68,24.0,46,13.0,135,,,,,,1.0,,2.0,4.0,1.0,1.0,1.0,3.0,,,1.0,,1.0,3.0,7.0,,9.0,63,,,,,,1.0,2.0,3.0,,,9.0,3.0,1.0,1.0,2.0,3.0,,,8.0,2.0,,1.0,3.0,,4.0,2.0,6.0,2.0,1.0,,,,5.0,6.0,1.0,,,,,,,,3.0,24.0,,,1.0,0.4285714285714285,,0.5,0.4285714285714285,,,0.5625,,0.75,0.5625,,0.75,0.875,9.63855421686747,,0.2307692307692307,,0.0625,0.1176470588235294,0.1379310344827586,0.0555555555555555,,0.1428571428571428,0.3333333333333333,,0.25,,,,,,0.125,,,,,0.5,0.5,0.5,1.0,0.375,0.3333333333333333,0.3333333333333333,1.0,,,,,,0.5,1.0,0.5,0.875,0.3333333333333333,0.5460812500000001,,0.5142,,,,0.3333333333333333,9.4,24.27142857142857,0.3582089552238806,,,,,,,1.0,,,,,,,,,,,,,,,,,2.0,,,1.0,,,,,,,,,,,,,,,,,,,,,,,,,,,,,,,,,,,,,,,,,True,,,,,,,,,,,,
1641733,1610612766,Nick Smith Jr.,Nick Smith Jr.,1641733,CHA,3204.0,53,1,109,108,17.0,43,13.0,217,,,,,2.0,3.0,2.0,,1.0,,,2.0,17.0,,,2.0,4.0,5.0,2.0,18.0,2.0,16.0,109,,,,,,,2.0,,6.0,2.0,3.0,17.0,2.0,4.0,2.0,6.0,2.0,3.0,14.0,,,5.0,2.0,,7.0,,7.0,1.0,,,,5.0,2.0,4.0,2.0,2.0,1.0,1.0,,,1.0,,,17.0,0.75,0.75,0.5,0.1111111111111111,,,0.1111111111111111,0.8,,0.3043478260869565,,,0.3333333333333333,,,0.782608695652174,23.2,,0.0952380952380952,,0.1470588235294117,,0.1272727272727272,,,,,0.0909090909090909,0.25,,,,,,0.1304347826086956,0.6666666666666666,0.6666666666666666,1.0,0.0869565217391304,0.0434782608695652,,,,0.7391304347826086,0.1176470588235294,0.125,0.5,,,,,,,,1.0,0.782608695652174,0.1176470588235294,0.5031673913043478,,0.489225,0.0416666666666666,0.1666666666666666,,,11.08,25.955555555555552,0.1559633027522936,,,2.0,,,,1.0,,,,0.1333333333333333,1.0,1.0,,,,,,,,,,1.0,,,,1.0,5.0,4.0,1.0,1.0,,,,,,,0.0555555555555555,,,,,1.0,,,,,,,,,,,,,,1.0,,,3.0,0.0588235294117647,0.5,,,,,,True,,,,,,,,,,,,
1642354,1610612766,KJ Simpson,KJ Simpson,1642354,CHA,2578.0,43,-1,83,87,30.0,41,15.0,170,4.0,7.0,1.0,1.0,,3.0,1.0,,1.0,,1.0,1.0,5.0,,,2.0,4.0,11.0,1.0,6.0,7.0,18.0,98,,,4.0,1.0,2.0,,3.0,6.0,2.0,6.0,,5.0,1.0,1.0,4.0,5.0,3.0,1.0,14.0,1.0,3.0,1.0,2.0,,3.0,4.0,7.0,1.0,1.0,,,2.0,4.0,6.0,6.0,8.0,4.0,2.0,1.0,1.0,2.0,2.0,6.0,30.0,0.25,0.25,,0.1666666666666666,,,0.1666666666666666,0.3636363636363636,0.5,0.3235294117647059,0.3333333333333333,0.2,0.4285714285714285,0.5,0.4285714285714285,0.3529411764705882,22.54901960784313,,0.1428571428571428,0.1363636363636363,0.05,0.0454545454545454,0.088235294117647,0.0909090909090909,0.3333333333333333,0.0526315789473684,0.25,0.0625,,1.0,0.4117647058823529,0.5714285714285714,0.6666666666666666,0.25,0.1764705882352941,,,,0.0588235294117647,0.0588235294117647,,,,0.2941176470588235,0.2,0.2,,,,,0.2,1.0,0.2,,0.4,0.7647058823529411,0.2,0.5801676470588234,0.5997,0.5687800000000001,0.1904761904761904,0.2666666666666666,0.2222222222222222,0.3333333333333333,4.345454545454546,25.816666666666663,0.3614457831325301,1.0,2.0,,1.0,3.0,2.0,,,,0.3333333333333333,0.125,,,0.6666666666666666,0.5,,,,,4.0,,1.0,,1.0,,,,2.0,2.0,,1.0,,,,,,,,0.0909090909090909,0.1428571428571428,,,1.0,,,,,,,,,2.0,,,,3.0,,,0.3,3.0,,,1.0,,,,,True,,,,,,,,,,,,
203552,1610612766,Seth Curry,Seth Curry,203552,CHA,2910.0,48,18,93,94,19.0,33,18.0,187,,2.0,,,1.0,1.0,2.0,3.0,4.0,,,3.0,7.0,1.0,2.0,,1.0,5.0,6.0,11.0,2.0,22.0,105,2.0,3.0,6.0,,1.0,,,2.0,2.0,,18.0,7.0,3.0,2.0,1.0,3.0,,,7.0,1.0,1.0,2.0,2.0,,4.0,2.0,6.0,1.0,1.0,1.0,1.0,2.0,2.0,3.0,3.0,2.0,,,,,,,2.0,19.0,1.0,1.0,1.0,0.5454545454545454,0.6666666666666666,,0.5454545454545454,0.2,,0.625,0.75,,0.6470588235294118,0.75,0.5,0.6875,16.8141592920354,,0.1176470588235294,0.037037037037037,0.0952380952380952,0.0526315789473684,0.1052631578947368,0.0434782608695652,,0.0714285714285714,0.125,0.1176470588235294,,,0.125,,,,0.0625,1.0,1.0,1.0,0.125,0.25,0.75,0.75,1.0,0.4375,0.4285714285714285,0.4285714285714285,1.0,0.5,0.5,1.0,,,,,,0.8125,0.4285714285714285,0.5316687499999999,0.5064625,0.3928,,,0.2727272727272727,0.0909090909090909,9.1,24.58181818181818,0.2043010752688172,,,,,1.0,,2.0,,,,,,,,,,1.0,1.0,,2.0,,1.0,,1.0,,,,1.0,1.0,,,,,1.0,,,1.0,,0.2,0.5,,,0.5,,,0.25,1.0,1.0,,,,1.0,,1.0,,1.0,,,0.125,,,,,0.2,,,,True,,,,,,,,,,,,
203995,1610612766,Vasilije Micić,Vasilije Micić,203995,CHA,4551.0,76,39,146,145,42.0,48,22.0,291,3.0,6.0,1.0,3.0,,3.0,5.0,,,,,3.0,9.0,,,,4.0,14.0,3.0,9.0,5.0,22.0,143,,,4.0,2.0,7.0,,,5.0,4.0,4.0,9.0,9.0,3.0,9.0,7.0,16.0,4.0,6.0,39.0,1.0,1.0,4.0,1.0,,5.0,2.0,7.0,,,,2.0,12.0,3.0,6.0,5.0,6.0,2.0,,,,,,5.0,42.0,0.5,0.5,1.0,0.3333333333333333,,,0.3333333333333333,0.2857142857142857,0.2857142857142857,0.3695652173913043,0.4,0.2857142857142857,0.4230769230769231,0.4,0.3125,0.391304347826087,21.83908045977012,,0.0344827586206896,0.025,0.0975609756097561,0.0303030303030303,0.0714285714285714,0.0273972602739726,,,,0.0714285714285714,0.1538461538461538,,0.2608695652173913,0.5,0.6,0.3333333333333333,0.1304347826086956,,,,0.217391304347826,,,,,0.391304347826087,0.3333333333333333,0.3333333333333333,1.0,,,,0.4285714285714285,0.3333333333333333,,,,0.6521739130434783,0.3333333333333333,0.5243934782608695,0.83155,0.4831285714285714,0.08,0.125,0.1818181818181818,0.2272727272727272,8.157142857142857,26.688888888888886,0.2876712328767123,2.0,3.0,1.0,2.0,5.0,,3.0,1.0,,0.4,0.0714285714285714,0.2,0.2,0.6,0.6666666666666666,0.5,,,,1.0,,1.0,,3.0,,,,10.0,6.0,4.0,,,,1.0,,,1.0,,0.0714285714285714,0.1666666666666666,,,0.8333333333333334,,0.1428571428571428,,,,,1.0,,1.0,,,,1.0,,,0.0666666666666666,,,1.0,,0.1666666666666666,2.0,,,True,,,,,,,,,,,,
1631217,1610612766,Moussa Diabaté,Moussa Diabaté,1631217,CHA,4818.0,80,22,155,157,47.0,60,28.0,312,11.0,17.0,2.0,5.0,3.0,6.0,,,,,,,,,,,14.0,23.0,,,6.0,34.0,161,,,13.0,4.0,8.0,,,12.0,16.0,12.0,,,,2.0,3.0,5.0,1.0,2.0,13.0,3.0,12.0,7.0,3.0,3.0,13.0,15.0,28.0,5.0,2.0,,,3.0,2.0,3.0,11.0,9.0,3.0,3.0,2.0,1.0,3.0,,12.0,47.0,0.5714285714285714,0.8,,,,,,0.6086956521739131,0.5,0.6086956521739131,0.6,0.5,0.6296296296296297,0.5909090909090909,0.6,,15.873015873015872,0.5,0.1153846153846153,0.2926829268292683,0.2,0.073170731707317,0.1639344262295081,0.1829268292682926,0.2105263157894736,0.0666666666666666,0.125,0.2692307692307692,,,0.7391304347826086,0.6470588235294118,0.7333333333333333,0.4545454545454545,0.2608695652173913,0.5,0.6,1.0,,,,,,,,,,,,,0.625,0.4,,,,0.7391304347826086,,0.6123478260869565,0.6582666666666667,0.5613874999999999,0.12,0.12,0.3823529411764705,0.3529411764705882,2.530434782608696,,0.3032258064516129,6.0,10.0,,6.0,10.0,1.0,,,,0.6,0.0714285714285714,,,1.0,0.6,,,,,4.0,8.0,3.0,,2.0,,,3.0,3.0,2.0,1.0,1.0,,1.0,2.0,,,2.0,,0.1304347826086956,0.1176470588235294,0.1666666666666666,,1.0,,0.0909090909090909,,,,,,,1.0,,0.25,,1.0,,0.4117647058823529,0.1666666666666666,,,,,0.2,3.0,4.0,,True,,,,,,,,,,,,
201959,1610612766,Taj Gibson,Taj Gibson,201959,CHA,661.0,11,-5,22,22,3.0,5,2.0,44,,2.0,,,,1.0,,,,,,,,,,,,3.0,,,,,26,,,,,,,,,,,,,,,,,,,,1.0,,1.0,2.0,,3.0,1.0,4.0,,,,,,1.0,1.0,,,,2.0,2.0,,2.0,1.0,,3.0,,,,,,,,,,,,,,,,,12.5,,0.5,,0.125,0.1666666666666666,0.25,0.0833333333333333,,0.2,,0.3333333333333333,,0.5,0.6666666666666666,,,,0.3333333333333333,,,,,,,,,,,,,,,,,,,,,0.6666666666666666,,0.515,,,,,,,4.533333333333333,,0.1363636363636363,,,,,,,,,,,0.5,,,,,,,,,,,2.0,,,,,,,,,,,,,,,,,0.6666666666666666,1.0,,,,,,,,,,,,,,,,,,,,,,,,,,,,True,,,,,,,,,,,,
1631209,1610612766,Isaiah Wong,Isaiah Wong,1631209,CHA,1887.0,31,21,59,60,19.0,19,8.0,119,2.0,4.0,,1.0,,,1.0,,1.0,,,2.0,4.0,,,1.0,3.0,5.0,2.0,5.0,6.0,18.0,55,,,2.0,1.0,2.0,,1.0,4.0,4.0,2.0,6.0,4.0,2.0,1.0,1.0,2.0,1.0,1.0,5.0,,1.0,1.0,1.0,,2.0,1.0,3.0,2.0,2.0,,1.0,3.0,1.0,3.0,5.0,6.0,3.0,,,,,,4.0,19.0,0.6666666666666666,0.6666666666666666,1.0,0.4,,,0.4,0.6,0.5,0.6,1.0,0.3333333333333333,0.6923076923076923,1.0,0.5,0.5,22.22222222222222,,0.1,0.0588235294117647,0.1,,0.1,0.037037037037037,,,,,0.2,,0.4,0.5,0.5,1.0,,,,,0.1,0.1,,,,0.4,0.5,0.5,1.0,,,,0.3333333333333333,,,,0.3333333333333333,0.9,0.5,0.558905,0.356,0.4310833333333333,0.2307692307692307,0.375,0.1111111111111111,0.2222222222222222,4.26,25.5,0.3220338983050847,,,1.0,1.0,1.0,,,,,1.0,0.25,1.0,1.0,,,,,,,2.0,,,,,,,,2.0,2.0,,1.0,,,,,,,,,,,,0.6666666666666666,,,,,,,,1.0,1.0,,,,,,0.1111111111111111,,,,,,,,,1.0,True,,,,,,,,,,,,
1628970,1610612766,Miles Bridges,Miles Bridges,1628970,CHA,94401.0,1573,-232,3239,3238,584.0,606,412.0,6477,167.0,259.0,24.0,37.0,78.0,216.0,26.0,33.0,87.0,7.0,16.0,78.0,253.0,14.0,31.0,59.0,254.0,501.0,111.0,340.0,175.0,1016.0,3750,19.0,48.0,151.0,49.0,89.0,26.0,75.0,228.0,256.0,252.0,300.0,248.0,78.0,111.0,74.0,185.0,52.0,75.0,444.0,23.0,28.0,183.0,110.0,28.0,321.0,56.0,377.0,37.0,27.0,12.0,31.0,105.0,41.0,79.0,139.0,199.0,94.0,30.0,14.0,14.0,31.0,16.0,224.0,577.0,0.5039370078740157,0.5446808510638298,0.9009009009009008,0.3264705882352941,0.3958333333333333,0.3466666666666667,0.3313432835820895,0.5069860279441117,0.550561797752809,0.5,0.6519607843137255,0.5365853658536586,0.5488069414316703,0.6926605504587156,0.5957446808510638,0.4042806183115339,27.588061306802903,0.3943661971830985,0.1564722617354196,0.0329799764428739,0.2125435540069686,0.0283600493218249,0.1873401534526854,0.030722891566265,0.0295454545454545,0.0294117647058823,0.1678082191780822,0.2233576642335766,0.1704545454545454,0.5161290322580645,0.3079667063020214,0.6447876447876448,0.7136752136752137,0.5748502994011976,0.2568370986920333,0.3611111111111111,0.4105263157894737,0.3461538461538461,0.0309155766944114,0.1034482758620689,0.3793103448275862,0.3928571428571428,0.9696969696969696,0.3008323424494649,0.308300395256917,0.3132530120481928,0.8717948717948718,0.3039215686274509,0.4516129032258064,1.0,0.2256097560975609,0.6486486486486487,0.0975609756097561,0.4375,0.3597560975609756,0.7122473246135553,0.314516129032258,0.536193181818182,0.546225806451613,0.4913405660377359,0.1086717892425905,0.1654929577464788,0.1486220472440945,0.2244094488188976,5.141716566866268,25.950882352941157,0.180302562519296,29.0,40.0,9.0,38.0,54.0,18.0,31.0,6.0,8.0,0.7037037037037037,0.1176470588235294,0.3461538461538461,0.375,0.392156862745098,0.725,0.2758620689655172,5.0,17.0,19.0,52.0,38.0,53.0,7.0,22.0,5.0,5.0,10.0,74.0,41.0,33.0,22.0,4.0,27.0,11.0,1.0,,8.0,0.0205882352941176,0.1057884231536926,0.0965250965250965,0.1203703703703703,0.0344827586206896,0.7047619047619048,0.0704225352112676,0.0251256281407035,0.1666666666666666,0.2941176470588235,1.0,0.3220338983050847,5.0,3.0,7.0,5.0,0.2086330935251798,0.0145772594752186,15.0,2.0,0.0423452768729641,0.0367647058823529,33.0,0.0158102766798418,0.5555555555555556,4.0,0.0196078431372549,4.0,2.0,1.0,False,5.0,2.0,6.0,1.0,3.0,0.0769230769230769,,,,,,
1628998,1610612766,Cody Martin,Cody Martin,1628998,CHA,56365.0,939,-64,1928,1945,518.0,623,278.0,3873,52.0,75.0,17.0,22.0,10.0,32.0,32.0,19.0,59.0,6.0,16.0,20.0,62.0,2.0,8.0,12.0,73.0,139.0,39.0,121.0,32.0,295.0,2198,3.0,12.0,30.0,21.0,37.0,11.0,28.0,81.0,80.0,66.0,111.0,62.0,20.0,35.0,46.0,81.0,33.0,24.0,208.0,26.0,9.0,74.0,43.0,14.0,131.0,38.0,169.0,42.0,26.0,6.0,15.0,41.0,32.0,69.0,46.0,45.0,16.0,24.0,16.0,6.0,24.0,15.0,79.0,511.0,0.547945205479452,0.5633802816901409,0.9487179487179488,0.3223140495867768,0.25,0.3928571428571428,0.3223140495867768,0.5251798561151079,0.5675675675675675,0.5057692307692307,0.4464285714285714,0.5769230769230769,0.5230496453900709,0.4838709677419355,0.5704225352112676,0.4653846153846154,14.413208389112004,0.2592592592592592,0.1,0.0201342281879194,0.1485943775100401,0.0503875968992248,0.1260775862068965,0.0363447559709241,0.0142857142857142,0.0620347394540942,0.1098901098901098,0.1301020408163265,0.2169811320754717,0.625,0.2884615384615384,0.6933333333333334,0.7536231884057971,0.5384615384615384,0.123076923076923,0.3125,0.3333333333333333,0.7,0.123076923076923,0.2269230769230769,0.3220338983050847,0.3220338983050847,0.9473684210526316,0.2384615384615384,0.3225806451612903,0.3278688524590163,0.95,0.2857142857142857,0.25,1.0,0.3384615384615385,0.7727272727272727,0.2461538461538461,0.375,0.1846153846153846,0.7538461538461538,0.3225806451612903,0.555413653846154,0.5472187500000002,0.568346923076923,0.0613718411552346,0.1032258064516129,0.1016949152542373,0.2745762711864407,7.133812949640287,24.728099173553723,0.2686721991701244,7.0,11.0,11.0,8.0,16.0,5.0,9.0,,8.0,0.5,0.0952380952380952,0.34375,0.34375,0.3928571428571428,0.6363636363636364,0.7142857142857143,1.0,4.0,5.0,6.0,4.0,8.0,1.0,13.0,2.0,3.0,16.0,26.0,15.0,11.0,18.0,,,5.0,,,4.0,0.0082644628099173,0.0575539568345323,0.08,0.0625,,0.6341463414634146,0.0526315789473684,0.0088495575221238,0.1428571428571428,0.25,1.0,0.4166666666666667,4.0,,8.0,1.0,0.0847457627118644,0.0081967213114754,3.0,2.0,0.0314465408805031,0.0222222222222222,6.0,0.0161290322580645,0.4545454545454545,8.0,0.0128205128205128,5.0,7.0,2.0,False,,,,,,,4.0,,,,,
1629610,1610612766,DaQuan Jeffries,DaQuan Jeffries,1629610,CHA,32191.0,537,-82,1055,1064,295.0,263,132.0,2119,18.0,34.0,5.0,9.0,9.0,21.0,3.0,8.0,33.0,2.0,11.0,11.0,40.0,1.0,4.0,10.0,30.0,58.0,19.0,73.0,14.0,131.0,1238,2.0,7.0,22.0,8.0,14.0,4.0,21.0,32.0,46.0,14.0,54.0,39.0,11.0,15.0,13.0,28.0,11.0,9.0,69.0,10.0,10.0,33.0,16.0,2.0,51.0,23.0,74.0,15.0,7.0,1.0,8.0,17.0,38.0,51.0,15.0,17.0,8.0,12.0,7.0,3.0,13.0,9.0,32.0,295.0,0.7666666666666667,0.8214285714285714,0.9473684210526316,0.2602739726027397,0.2857142857142857,0.1904761904761904,0.2638888888888889,0.5172413793103449,0.5714285714285714,0.4465648854961832,0.5384615384615384,0.4,0.4712230215827338,0.6470588235294118,0.4324324324324324,0.5572519083969466,12.839506172839506,0.0714285714285714,0.0723981900452488,0.0348432055749128,0.1122448979591836,0.0416666666666666,0.0951456310679611,0.0379506641366223,0.0328947368421052,0.0378378378378378,0.0777777777777777,0.100418410041841,0.1636363636363636,0.6923076923076923,0.2595419847328244,0.5294117647058824,0.6206896551724138,0.8888888888888888,0.1603053435114503,0.4285714285714285,0.5294117647058824,0.6666666666666666,0.0229007633587786,0.2519083969465648,0.2424242424242424,0.2424242424242424,1.0,0.3053435114503817,0.275,0.275,0.9090909090909092,0.3076923076923077,0.25,1.0,0.2571428571428571,0.5555555555555556,0.3142857142857143,0.1818181818181818,0.2857142857142857,0.816793893129771,0.282051282051282,0.5505599999999998,0.57462,0.5526808823529411,0.0579710144927536,0.123076923076923,0.1679389312977099,0.2442748091603053,4.843103448275863,25.22191780821917,0.2796208530805687,3.0,4.0,3.0,4.0,6.0,8.0,6.0,3.0,,0.6666666666666666,0.0652173913043478,1.0,1.0,0.3076923076923077,0.75,0.3333333333333333,1.0,3.0,2.0,4.0,4.0,9.0,,2.0,,3.0,8.0,9.0,6.0,3.0,8.0,,1.0,1.0,1.0,,1.0,,0.1551724137931034,0.1470588235294117,0.1904761904761904,,0.5294117647058824,0.0857142857142857,0.0545454545454545,0.2307692307692307,0.3333333333333333,1.0,0.2,2.0,,3.0,,0.0769230769230769,,2.0,2.0,0.0198019801980198,0.0285714285714285,3.0,,0.3333333333333333,2.0,0.088235294117647,3.0,2.0,,False,1.0,,,1.0,1.0,,1.0,,,,,
1630163,1610612766,LaMelo Ball,LaMelo Ball,1630163,CHA,77245.0,1287,-110,2662,2653,486.0,556,363.0,5315,85.0,155.0,15.0,20.0,99.0,217.0,43.0,14.0,46.0,6.0,17.0,137.0,417.0,12.0,44.0,65.0,201.0,415.0,151.0,463.0,163.0,1018.0,3136,18.0,61.0,109.0,37.0,73.0,27.0,82.0,217.0,96.0,306.0,255.0,412.0,137.0,166.0,113.0,279.0,75.0,119.0,671.0,9.0,31.0,96.0,73.0,2.0,171.0,41.0,212.0,47.0,33.0,24.0,71.0,141.0,45.0,135.0,194.0,196.0,76.0,11.0,6.0,4.0,12.0,6.0,212.0,478.0,0.2388059701492537,0.2487046632124352,0.5629139072847682,0.326133909287257,0.2950819672131147,0.3292682926829268,0.3296943231441048,0.4843373493975904,0.5068493150684932,0.4869020501138952,0.4230769230769231,0.5,0.5244282744282744,0.4736842105263157,0.5654450261780105,0.5273348519362187,35.41733805994199,0.0350877192982456,0.132007233273056,0.0501618122977346,0.1428571428571428,0.0118733509234828,0.1379591836734693,0.0290697674418604,0.0512820512820512,0.0087873462214411,0.1300813008130081,0.143389199255121,0.1407407407407407,0.5,0.1765375854214123,0.5483870967741935,0.5862068965517241,0.2235294117647059,0.2471526195899772,0.456221198156682,0.5103092783505154,0.2121212121212121,0.0489749430523918,0.0523917995444191,0.3043478260869565,0.3111111111111111,0.7857142857142857,0.4749430523917995,0.328537170263789,0.3317191283292978,0.5401459854014599,0.4230769230769231,0.2727272727272727,0.8333333333333334,0.1290322580645161,0.75,0.1096774193548387,0.3529411764705882,0.4193548387096774,0.7038724373576309,0.3325242718446602,0.521950803673938,0.5182008064516128,0.501653642384106,0.0839532412327311,0.16,0.1070726915520628,0.2131630648330059,6.761204819277107,27.55053995680346,0.1825694966190834,12.0,23.0,17.0,17.0,43.0,21.0,35.0,8.0,16.0,0.3953488372093023,0.110091743119266,0.3953488372093023,0.4047619047619047,0.2211538461538461,0.5217391304347826,0.1666666666666666,6.0,17.0,21.0,62.0,16.0,34.0,5.0,38.0,12.0,1.0,14.0,70.0,50.0,20.0,22.0,1.0,16.0,21.0,1.0,1.0,14.0,0.0107991360691144,0.0819277108433735,0.064516129032258,0.1059907834101382,0.0217391304347826,0.4964539007092198,0.0185185185185185,0.0211640211640211,0.1634615384615384,0.3529411764705882,0.8333333333333334,0.3230769230769231,10.0,16.0,18.0,3.0,0.1910112359550561,0.0064377682403433,18.0,1.0,0.0382978723404255,0.0377358490566037,198.0,0.0095923261390887,0.4705882352941176,9.0,0.0845070422535211,11.0,9.0,,False,5.0,,13.0,,,0.0232558139534883,11.0,3.0,1.0,,,
1630208,1610612766,Nick Richards,Nick Richards,1630208,CHA,26424.0,440,-75,893,897,200.0,209,131.0,1790,53.0,81.0,12.0,18.0,10.0,29.0,3.0,,1.0,,,,,,,,64.0,113.0,,1.0,59.0,187.0,1060,,,62.0,15.0,23.0,,,52.0,82.0,46.0,,,,17.0,11.0,28.0,8.0,8.0,67.0,17.0,34.0,58.0,41.0,8.0,107.0,51.0,158.0,7.0,6.0,3.0,16.0,33.0,27.0,48.0,58.0,87.0,40.0,26.0,19.0,7.0,26.0,14.0,52.0,199.0,0.640625,0.8541666666666666,,,,,,0.5663716814159292,0.6521739130434783,0.5614035087719298,0.6,0.6521739130434783,0.6111111111111112,0.6458333333333334,0.7027027027027027,0.0087719298245614,17.748091603053435,0.3076923076923077,0.2029702970297029,0.1545454545454545,0.2521739130434782,0.0758928571428571,0.2291666666666666,0.1148648648648648,0.1894736842105263,0.0621468926553672,0.2528735632183908,0.2553191489361702,0.238095238095238,0.5384615384615384,0.7105263157894737,0.654320987654321,0.7571428571428571,0.6037735849056604,0.2543859649122807,0.3448275862068966,0.4761904761904761,0.8,0.0263157894736842,0.0087719298245614,,,,,,,,,,,0.782608695652174,0.6666666666666666,,,,0.7192982456140351,,0.5924885964912281,0.5628521739130435,0.5952260869565218,0.2758620689655172,0.2777777777777778,0.3315508021390374,0.2780748663101604,3.23362831858407,24.5,0.2239641657334826,19.0,28.0,1.0,21.0,35.0,20.0,5.0,2.0,5.0,0.6,0.1494252873563218,0.3333333333333333,0.3333333333333333,0.8,0.6785714285714286,0.1052631578947368,,,,22.0,32.0,19.0,,3.0,4.0,,1.0,17.0,7.0,10.0,6.0,,9.0,8.0,,,8.0,,0.168141592920354,0.1358024691358024,0.2758620689655172,,0.5151515151515151,,0.1276595744680851,,,,,2.0,7.0,4.0,,0.2142857142857142,,2.0,,0.1428571428571428,0.064516129032258,,,1.0,3.0,0.0975609756097561,3.0,6.0,2.0,False,,,,,3.0,,1.0,,,1.0,3.0,
1629684,1610612766,Grant Williams,Grant Williams,1629684,CHA,28743.0,479,10,975,979,213.0,283,136.0,1954,17.0,24.0,4.0,4.0,9.0,20.0,5.0,5.0,16.0,1.0,2.0,22.0,58.0,1.0,6.0,14.0,27.0,49.0,27.0,74.0,31.0,166.0,1133,2.0,8.0,18.0,7.0,10.0,7.0,16.0,48.0,44.0,10.0,81.0,58.0,22.0,13.0,24.0,37.0,15.0,8.0,98.0,12.0,5.0,25.0,39.0,,64.0,18.0,82.0,18.0,10.0,2.0,15.0,28.0,24.0,46.0,43.0,37.0,13.0,11.0,7.0,4.0,13.0,9.0,45.0,206.0,0.8148148148148148,0.88,1.0,0.3648648648648648,0.25,0.4375,0.3648648648648648,0.5510204081632653,0.7,0.5487804878048781,0.4444444444444444,0.6730769230769231,0.5886524822695035,0.4736842105263157,0.6857142857142857,0.6016260162601627,14.95575221238938,,0.1830985915492957,0.0236966824644549,0.1091703056768559,0.0434782608695652,0.1447963800904977,0.0349075975359342,0.0224719101123595,0.0497737556561085,0.1219512195121951,0.0928961748633879,0.1739130434782608,0.6923076923076923,0.1951219512195122,0.7083333333333334,0.7727272727272727,0.8235294117647058,0.1626016260162601,0.45,0.5294117647058824,0.7777777777777778,0.040650406504065,0.1300813008130081,0.3125,0.3125,1.0,0.4715447154471545,0.3793103448275862,0.3859649122807017,1.0,0.3333333333333333,0.1666666666666666,1.0,0.1538461538461538,1.0,0.0769230769230769,0.5,0.5384615384615384,0.7967479674796748,0.3793103448275862,0.5400158536585367,0.5200590909090909,0.5013346153846154,0.0962962962962963,0.2131147540983606,0.108433734939759,0.2891566265060241,6.10204081632653,25.678378378378376,0.2184615384615384,3.0,4.0,1.0,5.0,10.0,2.0,3.0,2.0,1.0,0.5,0.2264150943396226,0.2,0.2,0.2222222222222222,0.75,0.3333333333333333,1.0,2.0,6.0,13.0,4.0,5.0,1.0,9.0,2.0,1.0,8.0,13.0,5.0,8.0,8.0,,1.0,6.0,2.0,,4.0,0.0135135135135135,0.1020408163265306,0.0833333333333333,0.15,,0.4642857142857143,0.0714285714285714,0.0181818181818181,0.1111111111111111,0.5,1.0,0.4285714285714285,4.0,7.0,2.0,,0.2,,1.0,,0.0219780219780219,0.0161290322580645,,0.0172413793103448,1.0,2.0,0.032258064516129,2.0,4.0,5.0,False,,,,2.0,1.0,,,1.0,,,1.0,
1630182,1610612766,Josh Green,Josh Green,1630182,CHA,96253.0,1604,-321,3262,3268,419.0,448,422.0,6530,42.0,74.0,7.0,8.0,16.0,47.0,19.0,50.0,129.0,3.0,6.0,25.0,72.0,3.0,12.0,12.0,66.0,140.0,75.0,201.0,34.0,391.0,3790,13.0,30.0,64.0,10.0,15.0,5.0,18.0,40.0,80.0,52.0,219.0,71.0,25.0,51.0,37.0,88.0,29.0,31.0,213.0,38.0,13.0,61.0,36.0,2.0,99.0,52.0,151.0,61.0,30.0,11.0,30.0,56.0,53.0,143.0,72.0,55.0,21.0,11.0,6.0,3.0,13.0,6.0,39.0,410.0,0.6060606060606061,0.6557377049180327,0.9733333333333334,0.373134328358209,0.4333333333333333,0.2777777777777778,0.375,0.4714285714285714,0.6666666666666666,0.5234604105571847,0.6702127659574468,0.5303030303030303,0.5356164383561643,0.6666666666666666,0.5263157894736842,0.5894428152492669,11.20276742948377,0.03125,0.051063829787234,0.015439429928741,0.0734939759036144,0.0443925233644859,0.0631921824104234,0.0300353356890459,0.0075949367088607,0.0481366459627329,0.0542372881355932,0.0712121212121212,0.0823529411764705,0.4615384615384615,0.2170087976539589,0.5675675675675675,0.6885245901639344,0.4761904761904761,0.1378299120234604,0.3404255319148936,0.3809523809523809,0.8125,0.0557184750733137,0.3782991202346041,0.3875968992248062,0.3937007874015748,0.98,0.2111436950146627,0.3472222222222222,0.3472222222222222,0.96,0.2553191489361702,0.25,1.0,0.2424242424242424,0.875,0.1818181818181818,0.5,0.3636363636363636,0.8064516129032258,0.352112676056338,0.5743688235294118,0.5702732142857142,0.5542843750000002,0.0690607734806629,0.1329113924050632,0.1636828644501279,0.1023017902813299,5.755714285714286,24.302985074626868,0.1284488044144696,10.0,11.0,8.0,12.0,17.0,1.0,15.0,1.0,6.0,0.7058823529411765,0.0387323943661971,0.4210526315789473,0.4210526315789473,0.2340425531914893,0.9090909090909092,0.5,10.0,18.0,2.0,5.0,10.0,18.0,2.0,8.0,5.0,1.0,31.0,26.0,19.0,7.0,7.0,2.0,3.0,3.0,2.0,,2.0,0.0099502487562189,0.1285714285714285,0.1756756756756756,0.1063829787234042,0.0155038759689922,0.4642857142857143,0.0147058823529411,0.0330188679245283,0.3829787234042553,0.5555555555555556,0.9,0.1666666666666666,2.0,11.0,11.0,4.0,0.0714285714285714,0.0196078431372549,2.0,2.0,0.0148809523809523,0.0111731843575419,6.0,,0.875,19.0,0.045045045045045,7.0,5.0,,False,1.0,1.0,,2.0,,,3.0,,,,,
1630544,1610612766,Tre Mann,Tre Mann,1630544,CHA,19141.0,319,-55,633,642,175.0,247,97.0,1275,23.0,51.0,9.0,15.0,18.0,38.0,12.0,6.0,15.0,2.0,3.0,18.0,45.0,6.0,7.0,13.0,46.0,101.0,24.0,60.0,19.0,183.0,756,8.0,10.0,43.0,13.0,29.0,7.0,16.0,57.0,16.0,76.0,39.0,45.0,18.0,15.0,24.0,39.0,18.0,11.0,102.0,6.0,6.0,13.0,12.0,1.0,26.0,12.0,38.0,7.0,3.0,3.0,10.0,25.0,13.0,24.0,21.0,21.0,9.0,3.0,2.0,1.0,4.0,3.0,53.0,169.0,0.1739130434782608,0.1860465116279069,0.5416666666666666,0.4,0.8,0.4375,0.4,0.4554455445544554,0.4482758620689655,0.5093167701863354,0.8260869565217391,0.5222222222222223,0.538235294117647,0.8269230769230769,0.5816326530612245,0.3726708074534161,26.04026845637584,0.0526315789473684,0.081081081081081,0.0394736842105263,0.087248322147651,0.0342857142857142,0.0841750841750841,0.036697247706422,0.0327868852459016,0.0359712230215827,0.0566037735849056,0.0887096774193548,0.08,0.75,0.3167701863354037,0.4509803921568627,0.5348837209302325,0.1304347826086956,0.2360248447204969,0.4736842105263157,0.5294117647058824,0.1666666666666666,0.0745341614906832,0.093167701863354,0.4,0.4,0.8333333333333334,0.2795031055900621,0.4,0.4,0.4444444444444444,0.3043478260869565,0.8571428571428571,0.3333333333333333,0.3333333333333333,0.6,0.0666666666666666,0.6666666666666666,0.2888888888888888,0.6894409937888198,0.4,0.5271978260869566,0.5788909090909091,0.5368255555555558,0.0538922155688622,0.0841121495327102,0.2349726775956284,0.3114754098360656,6.205940594059405,25.975,0.2764612954186414,4.0,10.0,5.0,7.0,13.0,5.0,4.0,,2.0,0.5384615384615384,0.1012658227848101,0.4166666666666667,0.4545454545454545,0.4347826086956521,0.4,,2.0,3.0,5.0,10.0,6.0,13.0,,6.0,,,4.0,15.0,7.0,8.0,5.0,,3.0,3.0,1.0,,,,0.1287128712871287,0.1568627450980392,0.1052631578947368,,0.6,,0.0277777777777777,0.1304347826086956,0.6666666666666666,0.5,0.3846153846153846,1.0,4.0,2.0,,0.0625,,5.0,,0.0606060606060606,0.0657894736842105,33.0,,0.4,1.0,,1.0,1.0,,False,,,1.0,1.0,,0.0833333333333333,2.0,,,,,
1631217,1610612766,Moussa Diabaté,Moussa Diabaté,1631217,CHA,56009.0,933,-90,1838,1867,488.0,514,317.0,3705,89.0,137.0,22.0,35.0,21.0,48.0,,,1.0,,,,1.0,,,1.0,110.0,185.0,,2.0,44.0,264.0,2098,,,83.0,29.0,46.0,,1.0,80.0,164.0,56.0,,1.0,,20.0,23.0,43.0,17.0,10.0,109.0,61.0,85.0,79.0,101.0,11.0,191.0,146.0,337.0,34.0,16.0,2.0,19.0,46.0,37.0,86.0,80.0,78.0,33.0,31.0,21.0,10.0,32.0,18.0,80.0,486.0,0.7454545454545455,0.9111111111111112,,,,,,0.5945945945945946,0.6304347826086957,0.5882352941176471,0.5625,0.6170212765957447,0.5919282511210763,0.5533333333333333,0.625,0.0106951871657754,12.099322799097068,0.2682926829268293,0.2531328320802005,0.1774530271398747,0.1816091954022988,0.1222444889779559,0.2158273381294964,0.1492842535787321,0.1735537190082644,0.1243386243386243,0.2620689655172414,0.1710914454277286,0.21875,0.5625,0.732620320855615,0.6496350364963503,0.7063492063492064,0.7191011235955056,0.2566844919786096,0.4375,0.4666666666666667,0.8571428571428571,,0.0053475935828877,,,,0.0053475935828877,,,,,,,0.7446808510638298,0.6285714285714286,,,0.0212765957446808,0.7433155080213903,,0.6028189839572191,0.5804155555555556,0.5950106382978724,0.1556603773584905,0.1571428571428571,0.3143939393939394,0.303030303030303,3.0297297297297283,26.6,0.26550598476605,30.0,52.0,,36.0,64.0,11.0,6.0,4.0,13.0,0.5625,0.2474226804123711,,,0.8125,0.5769230769230769,0.2666666666666666,,,,22.0,40.0,14.0,1.0,6.0,4.0,,18.0,27.0,16.0,11.0,13.0,,8.0,11.0,1.0,,10.0,0.5,0.0756756756756756,0.0802919708029197,0.0625,,0.5869565217391305,,0.1157024793388429,,,,,2.0,7.0,13.0,,0.25,,10.0,,0.1875,0.1612903225806451,,1.0,,4.0,0.1639344262295081,7.0,23.0,,False,,,,1.0,3.0,,1.0,,,1.0,2.0,
1641706,1610612766,Brandon Miller,Brandon Miller,1641706,CHA,55414.0,924,-125,1870,1875,316.0,398,263.0,3745,44.0,65.0,5.0,6.0,40.0,101.0,32.0,8.0,26.0,1.0,3.0,96.0,267.0,13.0,29.0,54.0,94.0,198.0,104.0,293.0,68.0,568.0,2160,16.0,37.0,90.0,15.0,29.0,15.0,57.0,104.0,96.0,92.0,252.0,262.0,96.0,57.0,41.0,98.0,28.0,45.0,237.0,12.0,13.0,57.0,42.0,7.0,106.0,25.0,131.0,29.0,22.0,14.0,42.0,76.0,27.0,74.0,72.0,79.0,31.0,17.0,10.0,7.0,20.0,14.0,102.0,313.0,0.5106382978723404,0.5647058823529412,0.8076923076923077,0.3549488054607508,0.4324324324324324,0.2631578947368421,0.3611111111111111,0.4747474747474747,0.5172413793103449,0.5091649694501018,0.6885245901639344,0.436046511627907,0.5380952380952381,0.703125,0.5148514851485149,0.5967413441955194,27.58620689655172,0.1489361702127659,0.1079691516709511,0.0277185501066098,0.1278026905829596,0.0238095238095238,0.118562874251497,0.0256937307297019,0.0338164251207729,0.0251256281407035,0.1233766233766233,0.1329479768786127,0.11,0.7,0.1323828920570264,0.676923076923077,0.7719298245614035,0.5227272727272727,0.2057026476578411,0.396039603960396,0.4444444444444444,0.475,0.065173116089613,0.0529531568228105,0.3076923076923077,0.3076923076923077,1.0,0.5437881873727087,0.3595505617977528,0.3609022556390977,0.7916666666666666,0.4754098360655737,0.4482758620689655,0.8461538461538461,0.0697674418604651,0.8333333333333334,0.0348837209302325,0.3333333333333333,0.627906976744186,0.7291242362525459,0.366412213740458,0.5235915637860084,0.5200687499999999,0.4776695121951219,0.0655105973025048,0.1383928571428571,0.1584507042253521,0.1830985915492957,7.5414141414141405,26.7433447098976,0.1689839572192513,11.0,13.0,10.0,18.0,24.0,6.0,7.0,2.0,1.0,0.75,0.1156069364161849,0.3125,0.3225806451612903,0.2131147540983606,0.8461538461538461,0.1818181818181818,3.0,8.0,14.0,29.0,18.0,20.0,1.0,13.0,5.0,,7.0,34.0,18.0,16.0,12.0,,5.0,6.0,3.0,2.0,4.0,0.0034129692832764,0.101010101010101,0.123076923076923,0.1089108910891089,,0.4473684210526316,,0.0188679245283018,0.1311475409836065,0.375,1.0,0.2592592592592592,10.0,12.0,6.0,3.0,0.0483870967741935,0.0101694915254237,8.0,,0.0317460317460317,0.0307692307692307,60.0,0.0037453183520599,0.6,2.0,,5.0,1.0,2.0,False,5.0,1.0,4.0,1.0,2.0,0.03125,1.0,,,,,
203552,1610612766,Seth Curry,Seth Curry,203552,CHA,43403.0,723,-105,1464,1446,337.0,351,210.0,2910,17.0,20.0,2.0,3.0,11.0,36.0,53.0,22.0,42.0,5.0,10.0,35.0,88.0,5.0,13.0,17.0,55.0,109.0,57.0,130.0,18.0,299.0,1674,8.0,18.0,56.0,12.0,25.0,13.0,27.0,67.0,76.0,34.0,138.0,88.0,35.0,19.0,14.0,33.0,6.0,12.0,80.0,14.0,7.0,31.0,25.0,5.0,61.0,21.0,82.0,22.0,16.0,2.0,7.0,21.0,19.0,45.0,35.0,23.0,8.0,5.0,2.0,3.0,7.0,2.0,67.0,333.0,0.6909090909090909,0.7307692307692307,0.8070175438596491,0.4384615384615384,0.4444444444444444,0.4814814814814814,0.4384615384615384,0.5045871559633027,0.48,0.5878661087866108,0.6341463414634146,0.6057692307692307,0.5987903225806451,0.6547619047619048,0.6203703703703703,0.5439330543933054,15.635939323220535,0.1111111111111111,0.0762195121951219,0.0185676392572944,0.0831099195710455,0.035264483627204,0.0798858773181169,0.0271317829457364,0.015625,0.0319488817891373,0.0928571428571428,0.0852459016393442,0.0735294117647058,0.2857142857142857,0.0836820083682008,0.85,0.85,0.4117647058823529,0.1506276150627615,0.3055555555555556,0.3333333333333333,0.8181818181818182,0.2217573221757322,0.1757322175732217,0.5238095238095238,0.5238095238095238,0.9090909090909092,0.3682008368200837,0.3977272727272727,0.3977272727272727,0.7428571428571429,0.3170731707317073,0.3846153846153846,0.8,0.0576923076923076,0.6666666666666666,0.1923076923076923,0.5,0.3269230769230769,0.6276150627615062,0.3977272727272727,0.4992640167364016,0.4751022727272728,0.4707346153846153,0.0326530612244898,0.0695652173913043,0.1872909698996655,0.2240802675585284,11.766972477064224,25.319230769230774,0.2301912568306011,7.0,7.0,27.0,14.0,23.0,4.0,6.0,1.0,3.0,0.6086956521739131,0.0652173913043478,0.5094339622641509,0.5094339622641509,0.1707317073170731,1.0,0.1428571428571428,3.0,5.0,8.0,4.0,6.0,3.0,,8.0,1.0,,6.0,14.0,8.0,6.0,4.0,,2.0,3.0,2.0,,2.0,,0.0275229357798165,,0.0833333333333333,,0.6666666666666666,,0.0476190476190476,0.1219512195121951,0.6,1.0,0.4705882352941176,2.0,1.0,6.0,,0.06,,7.0,,0.0234375,0.0583333333333333,33.0,,0.8148148148148148,3.0,0.0175438596491228,1.0,2.0,2.0,False,,,4.0,2.0,,,1.0,,,,,
203995,1610612766,Vasilije Micić,Vasilije Micić,203995,CHA,41307.0,688,-168,1362,1356,220.0,224,192.0,2718,23.0,46.0,4.0,4.0,11.0,46.0,42.0,1.0,4.0,,,41.0,112.0,6.0,14.0,21.0,46.0,134.0,42.0,116.0,29.0,247.0,1551,6.0,14.0,24.0,4.0,12.0,5.0,21.0,27.0,30.0,62.0,63.0,112.0,41.0,79.0,32.0,111.0,20.0,50.0,254.0,7.0,11.0,32.0,28.0,2.0,62.0,18.0,80.0,15.0,11.0,6.0,18.0,62.0,20.0,38.0,43.0,35.0,12.0,,,,,,27.0,219.0,0.3260869565217391,0.3260869565217391,0.5,0.3620689655172414,0.4285714285714285,0.238095238095238,0.3620689655172414,0.3432835820895522,0.3333333333333333,0.436,0.4230769230769231,0.3484848484848485,0.4659090909090909,0.4285714285714285,0.3648648648648648,0.464,20.6984126984127,0.0606060606060606,0.0888888888888888,0.0279898218829516,0.0919540229885057,0.0210843373493975,0.090497737556561,0.0248275862068965,0.0457142857142857,0.0192307692307692,0.0916666666666666,0.096085409252669,0.0746268656716417,,0.184,0.5,0.696969696969697,0.3478260869565217,0.184,0.2391304347826087,0.282051282051282,0.0909090909090909,0.168,0.016,0.25,0.25,1.0,0.448,0.3660714285714285,0.3693693693693693,0.4878048780487805,0.5384615384615384,0.4285714285714285,0.6666666666666666,0.1212121212121212,1.0,,,0.6363636363636364,0.648,0.3660714285714285,0.5176487999999999,0.4950843749999999,0.5074833333333334,0.0538461538461538,0.0845070422535211,0.097165991902834,0.1093117408906882,9.231343283582088,26.22586206896551,0.1615271659324522,1.0,3.0,12.0,2.0,12.0,2.0,22.0,6.0,3.0,0.1666666666666666,0.0928571428571428,0.2857142857142857,0.2926829268292683,0.1153846153846153,0.3333333333333333,1.0,,,5.0,4.0,,21.0,1.0,12.0,7.0,,4.0,44.0,31.0,13.0,10.0,,4.0,4.0,,,4.0,0.0086206896551724,0.1567164179104477,0.2826086956521739,0.1521739130434782,,0.7096774193548387,,0.0277777777777777,,,,0.238095238095238,3.0,2.0,3.0,2.0,0.0727272727272727,0.0169491525423728,7.0,,0.0141843971631205,0.0514705882352941,63.0,0.0089285714285714,0.5,7.0,0.0129870129870129,4.0,1.0,1.0,False,,,1.0,,,0.0238095238095238,,,1.0,,,
1642275,1610612766,Tidjane Salaün,Tidjane Salaün,1642275,CHA,54892.0,915,-229,1820,1828,502.0,508,267.0,3648,28.0,53.0,6.0,12.0,6.0,42.0,7.0,14.0,35.0,2.0,6.0,30.0,117.0,1.0,11.0,34.0,37.0,102.0,44.0,152.0,46.0,252.0,2064,4.0,15.0,31.0,11.0,27.0,10.0,40.0,77.0,50.0,24.0,120.0,117.0,30.0,30.0,22.0,52.0,14.0,17.0,126.0,33.0,21.0,76.0,59.0,11.0,146.0,56.0,202.0,26.0,17.0,1.0,20.0,43.0,32.0,58.0,54.0,64.0,26.0,11.0,7.0,4.0,12.0,7.0,77.0,502.0,0.6756756756756757,0.8064516129032258,0.9090909090909092,0.2894736842105263,0.2666666666666666,0.25,0.2894736842105263,0.3627450980392157,0.4074074074074074,0.405511811023622,0.3888888888888889,0.3880597014925373,0.4436619718309859,0.4189189189189189,0.4695121951219512,0.5984251968503937,15.3267512929008,0.2619047619047619,0.168091168091168,0.0449678800856531,0.1627408993576017,0.0661322645290581,0.1650366748166259,0.0559006211180124,0.0416666666666666,0.0583756345177665,0.1324503311258278,0.171195652173913,0.1313131313131313,0.5833333333333334,0.2086614173228346,0.5283018867924528,0.6222222222222222,0.6428571428571429,0.1653543307086614,0.1428571428571428,0.1714285714285714,0.6666666666666666,0.0275590551181102,0.1377952755905512,0.4,0.4375,0.8571428571428571,0.4606299212598425,0.2564102564102564,0.2631578947368421,0.9333333333333332,0.3055555555555556,0.0909090909090909,1.0,0.1791044776119403,0.5,0.0895522388059701,0.3333333333333333,0.5074626865671642,0.8070866141732284,0.2564102564102564,0.5422088582677164,0.5851225,0.5140500000000001,0.0974729241877256,0.2096774193548387,0.123015873015873,0.3055555555555556,5.256862745098041,26.301973684210527,0.2758241758241758,7.0,16.0,3.0,8.0,21.0,3.0,6.0,4.0,4.0,0.3809523809523809,0.1854304635761589,0.4285714285714285,0.4285714285714285,0.4444444444444444,0.4375,,3.0,4.0,8.0,25.0,12.0,15.0,6.0,8.0,7.0,2.0,9.0,23.0,12.0,11.0,11.0,4.0,4.0,7.0,1.0,,6.0,0.0394736842105263,0.1470588235294117,0.1509433962264151,0.1666666666666666,0.0857142857142857,0.5348837209302325,0.0416666666666666,0.0952380952380952,0.1111111111111111,0.75,1.0,0.2352941176470588,5.0,4.0,3.0,1.0,0.2244897959183673,0.0065359477124183,11.0,,0.0443037974683544,0.0733333333333333,12.0,0.0256410256410256,1.0,1.0,0.0579710144927536,5.0,7.0,2.0,False,,,,1.0,,,2.0,,1.0,,1.0,
1631109,1610612766,Mark Williams,Mark Williams,1631109,CHA,45114.0,752,-201,1560,1550,189.0,146,192.0,3110,142.0,204.0,22.0,27.0,36.0,95.0,4.0,,,,,,1.0,,,,179.0,303.0,,1.0,98.0,456.0,1853,,,97.0,24.0,35.0,,,65.0,296.0,62.0,,1.0,,27.0,36.0,63.0,24.0,10.0,162.0,32.0,59.0,100.0,88.0,15.0,203.0,91.0,294.0,21.0,18.0,3.0,18.0,36.0,43.0,71.0,94.0,126.0,68.0,30.0,15.0,15.0,34.0,16.0,65.0,188.0,0.8268156424581006,0.9866666666666668,,,,,,0.5907590759075908,0.6857142857142857,0.5888157894736842,0.5652173913043478,0.6857142857142857,0.6404494382022472,0.6139240506329114,0.7386363636363636,0.0032894736842105,21.997755331088666,0.4411764705882353,0.2732919254658385,0.131403118040089,0.234192037470726,0.0851063829787234,0.2510013351134846,0.1103030303030303,0.1458333333333333,0.07380073800738,0.273972602739726,0.2299168975069252,0.2575757575757575,0.4705882352941176,0.6710526315789473,0.696078431372549,0.7357512953367875,0.8028169014084507,0.3125,0.3789473684210526,0.4137931034482758,0.9166666666666666,0.0131578947368421,,,,,0.0032894736842105,,,,,,,0.7714285714285715,0.8148148148148148,,,,0.6743421052631579,,0.5830273026315791,0.5863692307692309,0.5989742857142858,0.1942857142857142,0.1948424068767908,0.212719298245614,0.1425438596491228,3.618481848184818,27.8,0.1211538461538461,35.0,62.0,1.0,39.0,69.0,19.0,10.0,4.0,9.0,0.5652173913043478,0.2761904761904762,0.25,0.25,0.8985507246376812,0.5645161290322581,0.2,,,,17.0,58.0,19.0,,12.0,7.0,,3.0,18.0,7.0,11.0,4.0,,22.0,6.0,4.0,3.0,6.0,,0.0627062706270627,0.0539215686274509,0.0842105263157894,,0.5,,0.1142857142857142,,,,,4.0,7.0,2.0,,0.2676056338028169,,18.0,,0.1390728476821192,0.1698113207547169,,,1.0,3.0,0.0517241379310344,4.0,5.0,,False,,,,1.0,7.0,,,,1.0,,3.0,
201959,1610612766,Taj Gibson,Taj Gibson,201959,CHA,17720.0,295,-68,586,584,113.0,98,73.0,1170,23.0,42.0,3.0,4.0,7.0,16.0,7.0,1.0,2.0,,,,,,,,33.0,65.0,1.0,2.0,11.0,80.0,647,,,25.0,4.0,9.0,,,10.0,42.0,24.0,3.0,,,7.0,9.0,16.0,6.0,2.0,41.0,11.0,29.0,26.0,23.0,3.0,52.0,40.0,92.0,8.0,5.0,4.0,14.0,20.0,22.0,42.0,15.0,16.0,6.0,10.0,4.0,6.0,10.0,5.0,10.0,113.0,0.6363636363636364,0.9130434782608696,1.0,0.5,,,0.5,0.5076923076923077,0.4444444444444444,0.5149253731343284,0.6,0.4444444444444444,0.5333333333333333,0.5681818181818182,0.4545454545454545,0.0298507462686567,13.925925925925926,0.2,0.1716417910447761,0.1620111731843575,0.1502890173410404,0.0802919708029197,0.1596091205211726,0.1265822784810126,0.1521739130434782,0.0841121495327102,0.1940298507462686,0.145985401459854,0.1666666666666666,0.5,0.6268656716417911,0.5476190476190477,0.6388888888888888,0.5652173913043478,0.2388059701492537,0.4375,0.5,0.7142857142857143,0.1044776119402985,0.0298507462686567,0.5,0.5,1.0,,,,,,,,0.4444444444444444,0.75,,,,0.6567164179104478,,0.5537544776119403,0.5760352941176472,0.4957999999999999,0.0833333333333333,0.0857142857142857,0.3125,0.125,4.6707692307692295,23.35,0.1928327645051194,11.0,17.0,3.0,12.0,20.0,1.0,2.0,1.0,7.0,0.6,0.1818181818181818,0.4285714285714285,0.4285714285714285,0.85,0.6470588235294118,0.0909090909090909,,,,2.0,20.0,8.0,,3.0,3.0,,3.0,6.0,3.0,3.0,4.0,,1.0,3.0,,,2.0,,0.123076923076923,0.1428571428571428,0.125,,0.3,,0.0666666666666666,,,,,2.0,5.0,2.0,,0.0869565217391304,,5.0,,0.2131147540983606,0.2,,,1.0,,0.0769230769230769,2.0,3.0,1.0,False,,,,,,,,,,2.0,3.0,
1631209,1610612766,Isaiah Wong,Isaiah Wong,1631209,CHA,14041.0,234,-27,472,470,165.0,157,59.0,942,7.0,19.0,5.0,12.0,15.0,38.0,10.0,1.0,3.0,,,10.0,25.0,1.0,2.0,11.0,25.0,67.0,11.0,28.0,19.0,102.0,499,1.0,2.0,13.0,9.0,27.0,5.0,11.0,36.0,18.0,32.0,24.0,24.0,10.0,15.0,11.0,26.0,8.0,7.0,63.0,7.0,6.0,10.0,6.0,,16.0,13.0,29.0,9.0,4.0,2.0,5.0,15.0,11.0,18.0,19.0,28.0,14.0,,,,,,36.0,164.0,0.36,0.375,0.7272727272727273,0.3928571428571428,0.5,0.4545454545454545,0.4074074074074074,0.373134328358209,0.3333333333333333,0.4368421052631579,0.9,0.4342105263157895,0.4722222222222222,0.9285714285714286,0.4390243902439024,0.2947368421052631,22.820037105751396,,0.081081081081081,0.0491803278688524,0.072463768115942,0.0673076923076923,0.0754716981132075,0.0575221238938053,0.0285714285714285,0.073170731707317,0.0344827586206896,0.0707964601769911,0.08,,0.2,0.3684210526315789,0.5384615384615384,0.2857142857142857,0.4,0.3947368421052631,0.46875,0.4,0.1052631578947368,0.031578947368421,0.3333333333333333,0.3333333333333333,1.0,0.2631578947368421,0.4,0.4,0.7,0.4,0.5,1.0,0.3157894736842105,0.4166666666666667,,,0.2894736842105263,0.4947368421052631,0.4166666666666667,0.4829494680851063,0.4930625,0.5031229729729728,0.1308411214953271,0.1772151898734177,0.1274509803921568,0.3529411764705882,8.276119402985072,27.278571428571432,0.3495762711864407,1.0,1.0,3.0,3.0,3.0,4.0,5.0,1.0,1.0,1.0,0.0606060606060606,0.3,0.3333333333333333,0.2,1.0,,,,5.0,3.0,2.0,13.0,,3.0,3.0,,5.0,10.0,6.0,4.0,4.0,,2.0,1.0,,,1.0,,0.1940298507462686,0.3157894736842105,0.1578947368421052,,0.6666666666666666,,0.0454545454545454,,,,0.4545454545454545,1.0,,2.0,,0.25,,1.0,,0.0512820512820512,0.0238095238095238,9.0,,0.3333333333333333,2.0,0.1538461538461538,4.0,,,False,1.0,,,,,0.1,,,,,,
1641733,1610612766,Nick Smith Jr.,Nick Smith Jr.,1641733,CHA,56078.0,935,-274,1914,1903,463.0,409,251.0,3817,18.0,33.0,4.0,6.0,47.0,107.0,40.0,17.0,47.0,2.0,10.0,48.0,154.0,8.0,15.0,38.0,83.0,180.0,65.0,201.0,20.0,381.0,2274,11.0,20.0,49.0,19.0,35.0,11.0,48.0,81.0,56.0,110.0,168.0,153.0,48.0,50.0,35.0,85.0,25.0,28.0,205.0,5.0,5.0,40.0,25.0,6.0,71.0,10.0,81.0,15.0,10.0,4.0,14.0,50.0,26.0,54.0,25.0,22.0,8.0,4.0,2.0,2.0,5.0,1.0,79.0,458.0,0.3373493975903614,0.3373493975903614,0.8615384615384616,0.3233830845771144,0.55,0.2291666666666666,0.325,0.4611111111111111,0.5428571428571428,0.473753280839895,0.6125,0.4277108433734939,0.487146529562982,0.6125,0.4545454545454545,0.5275590551181102,19.954545454545453,0.12,0.0609756097560975,0.0092936802973977,0.08130081300813,0.010593220338983,0.0720620842572062,0.0099009900990099,0.0068728522336769,0.0116279069767441,0.0419161676646706,0.0870646766169154,0.0555555555555555,0.2,0.0866141732283464,0.5454545454545454,0.6,0.4444444444444444,0.2808398950131233,0.4392523364485981,0.4747474747474747,0.3404255319148936,0.1049868766404199,0.1233595800524934,0.3617021276595745,0.3695652173913043,1.0,0.4041994750656168,0.3116883116883117,0.3157894736842105,0.8125,0.375,0.5333333333333333,0.75,0.072289156626506,0.6666666666666666,0.1204819277108433,0.2,0.4578313253012048,0.6141732283464567,0.3137254901960784,0.5097596052631579,0.4761884615384615,0.4912670731707319,0.0207253886010362,0.0432432432432432,0.1286089238845144,0.2125984251968504,9.928333333333338,25.73880597014925,0.241901776384535,1.0,4.0,18.0,8.0,20.0,,19.0,3.0,2.0,0.4,0.0526315789473684,0.45,0.45,0.1,0.25,1.0,3.0,5.0,9.0,10.0,,11.0,3.0,10.0,3.0,,5.0,36.0,24.0,12.0,11.0,,3.0,3.0,1.0,,2.0,0.0149253731343283,0.0611111111111111,0.0909090909090909,0.0747663551401869,0.0212765957446808,0.72,,0.0078125,0.125,0.6,1.0,0.2368421052631578,5.0,2.0,4.0,,0.125,,4.0,,0.0109289617486338,0.018348623853211,27.0,0.0129870129870129,0.2222222222222222,3.0,0.015625,1.0,,,False,1.0,,3.0,1.0,,,,,,,,1.0
1642354,1610612766,KJ Simpson,KJ Simpson,1642354,CHA,25627.0,427,-127,855,866,228.0,214,125.0,1721,21.0,34.0,8.0,15.0,16.0,49.0,8.0,2.0,11.0,1.0,4.0,13.0,57.0,5.0,8.0,12.0,39.0,91.0,15.0,68.0,23.0,146.0,1009,5.0,12.0,33.0,10.0,30.0,4.0,16.0,42.0,28.0,50.0,30.0,57.0,13.0,29.0,26.0,55.0,23.0,14.0,136.0,15.0,9.0,23.0,12.0,,35.0,24.0,59.0,18.0,10.0,3.0,11.0,30.0,17.0,29.0,47.0,29.0,12.0,2.0,2.0,,2.0,1.0,42.0,228.0,0.358974358974359,0.3888888888888889,0.6666666666666666,0.2205882352941176,0.4166666666666667,0.25,0.2205882352941176,0.4285714285714285,0.3333333333333333,0.3867924528301887,0.5535714285714286,0.3478260869565217,0.4269005847953216,0.55,0.4038461538461538,0.4276729559748428,19.960278053624627,,0.0631578947368421,0.0347490347490347,0.1090047393364928,0.072463768115942,0.0872817955112219,0.0515021459227467,0.0211267605633802,0.0754716981132075,0.0449438202247191,0.108433734939759,0.1111111111111111,0.5,0.2138364779874214,0.6176470588235294,0.7,0.3333333333333333,0.3081761006289308,0.3265306122448979,0.3720930232558139,0.375,0.050314465408805,0.0691823899371069,0.1818181818181818,0.2222222222222222,1.0,0.3584905660377358,0.2280701754385964,0.2321428571428571,0.6153846153846154,0.2857142857142857,0.625,0.8,0.3260869565217391,0.5333333333333333,0.0869565217391304,0.25,0.2608695652173913,0.6415094339622641,0.2280701754385964,0.5199333333333334,0.5267535714285715,0.5404967391304346,0.072289156626506,0.1224489795918367,0.2260273972602739,0.2876712328767123,6.82197802197802,25.58970588235294,0.2666666666666666,7.0,11.0,2.0,8.0,16.0,2.0,11.0,4.0,3.0,0.5,0.0704225352112676,0.25,0.25,0.3928571428571428,0.6363636363636364,0.1428571428571428,,4.0,3.0,10.0,6.0,10.0,3.0,3.0,4.0,,8.0,19.0,12.0,7.0,6.0,,5.0,5.0,,,5.0,0.0441176470588235,0.1098901098901098,0.1176470588235294,0.1224489795918367,0.1818181818181818,0.6333333333333333,,0.0625,0.1428571428571428,,,0.25,2.0,1.0,2.0,,0.1,,3.0,,0.0512820512820512,0.0326086956521739,15.0,0.0175438596491228,0.5,7.0,0.0512820512820512,4.0,2.0,1.0,False,,,,,,,1.0,,,,,
203994,1610612766,Jusuf Nurkić,Jusuf Nurkić,203994,CHA,9652.0,161,-36,331,326,96.0,86,39.0,657,13.0,21.0,3.0,6.0,10.0,14.0,1.0,,,,,2.0,19.0,,1.0,3.0,23.0,36.0,2.0,19.0,14.0,66.0,370,,1.0,16.0,3.0,6.0,1.0,3.0,12.0,34.0,12.0,6.0,18.0,2.0,16.0,14.0,30.0,11.0,7.0,74.0,6.0,13.0,31.0,19.0,1.0,51.0,19.0,70.0,10.0,6.0,1.0,7.0,13.0,8.0,19.0,18.0,22.0,10.0,8.0,4.0,4.0,8.0,6.0,12.0,95.0,0.7391304347826086,0.9444444444444444,1.0,0.1052631578947368,,0.3333333333333333,0.1111111111111111,0.6388888888888888,0.5,0.4727272727272727,0.5454545454545454,0.5,0.5076923076923077,0.6153846153846154,0.5,0.3454545454545454,20.689655172413797,0.1,0.2794117647058823,0.1604938271604938,0.3369565217391304,0.0618556701030927,0.3125,0.1067415730337078,0.1666666666666666,0.056338028169014,0.4,0.3424657534246575,0.3157894736842105,0.75,0.3818181818181818,0.6190476190476191,0.6190476190476191,0.6153846153846154,0.2545454545454545,0.7142857142857143,0.7142857142857143,0.9,0.0181818181818181,,,,,0.3454545454545454,0.1052631578947368,0.1052631578947368,1.0,0.0909090909090909,,,0.6666666666666666,0.5,,,0.3333333333333333,0.7272727272727273,0.1111111111111111,0.556751851851852,0.5961000000000001,0.66359375,0.1587301587301587,0.2272727272727272,0.2424242424242424,0.1818181818181818,3.794444444444445,27.126315789473683,0.2900302114803625,5.0,9.0,,6.0,10.0,4.0,7.0,1.0,,0.6,0.0588235294117647,,,0.8181818181818182,0.5555555555555556,0.2,,,1.0,3.0,10.0,,,3.0,2.0,,4.0,6.0,5.0,1.0,5.0,1.0,2.0,2.0,,,2.0,,,,,,0.4615384615384615,,0.0769230769230769,,,,0.3333333333333333,1.0,3.0,4.0,,0.25,,5.0,,0.2,0.1724137931034483,,,,,,2.0,4.0,,False,1.0,,,,,,,,,,,
1630201,1610612766,Malachi Flynn,Malachi Flynn,1630201,CHA,2621.0,44,1,84,85,13.0,14,8.0,169,2.0,2.0,,,2.0,7.0,,,,,,1.0,4.0,1.0,1.0,,4.0,9.0,1.0,4.0,5.0,16.0,96,1.0,1.0,5.0,,2.0,,,,4.0,4.0,3.0,4.0,1.0,5.0,2.0,7.0,1.0,2.0,16.0,2.0,1.0,4.0,,,4.0,3.0,7.0,3.0,1.0,,,4.0,3.0,4.0,5.0,6.0,2.0,,,,,,,13.0,0.5,0.5,1.0,0.25,1.0,,0.25,0.4444444444444444,,0.4230769230769231,1.25,,0.5333333333333333,1.25,,0.3076923076923077,20.0,,,0.0555555555555555,0.1333333333333333,0.1,0.0851063829787234,0.0789473684210526,,0.0714285714285714,,0.0833333333333333,0.3333333333333333,,0.1538461538461538,1.0,1.0,,0.5384615384615384,0.2857142857142857,0.2857142857142857,1.0,,,,,,0.3076923076923077,0.25,0.25,1.0,0.5,1.0,1.0,,,,,,0.4615384615384615,0.25,0.5157615384615385,0.55755,0.43715,0.2,0.2,0.3125,,6.677777777777778,25.925,0.1547619047619047,1.0,1.0,,1.0,1.0,,3.0,,,1.0,,,,0.5,1.0,,,,,,,,,1.0,,,2.0,4.0,2.0,2.0,,,1.0,,,,,,,,,,1.0,,0.1666666666666666,,,,,,,,1.0,,0.2,,,0.0833333333333333,,,,,,,,,,False,,,,,,,,,,,,
1641878,1610612766,Damion Baugh,Damion Baugh,1641878,CHA,15216.0,254,-121,512,513,145.0,128,79.0,1025,13.0,24.0,4.0,5.0,8.0,22.0,2.0,1.0,13.0,,3.0,8.0,28.0,,2.0,6.0,22.0,48.0,9.0,41.0,9.0,80.0,650,,3.0,,6.0,12.0,1.0,9.0,19.0,16.0,28.0,27.0,28.0,8.0,23.0,15.0,38.0,8.0,16.0,91.0,5.0,2.0,10.0,7.0,1.0,18.0,7.0,25.0,13.0,10.0,4.0,5.0,18.0,7.0,16.0,14.0,11.0,5.0,1.0,1.0,,1.0,1.0,19.0,143.0,0.3636363636363636,0.3636363636363636,1.0,0.2195121951219512,,0.1111111111111111,0.2195121951219512,0.4583333333333333,0.5,0.398876404494382,,0.3571428571428571,0.425531914893617,,0.4130434782608695,0.4606741573033708,18.48184818481848,0.0833333333333333,0.0707070707070707,0.0139860139860139,0.0806451612903225,0.0381679389312977,0.0762331838565022,0.0255474452554744,,0.0329670329670329,0.0697674418604651,0.0816326530612244,0.0769230769230769,1.0,0.2696629213483146,0.5416666666666666,0.5652173913043478,0.1538461538461538,0.247191011235955,0.3636363636363636,0.4444444444444444,0.625,0.0224719101123595,0.146067415730337,0.0769230769230769,0.0769230769230769,1.0,0.3146067415730337,0.2857142857142857,0.2857142857142857,1.0,0.2222222222222222,,,0.238095238095238,0.8,0.1428571428571428,,0.2857142857142857,0.7303370786516854,0.2857142857142857,0.5384966292134831,0.47766,0.5147904761904761,0.053763440860215,0.0961538461538461,,0.2375,4.635416666666667,25.46829268292683,0.283203125,,4.0,1.0,,6.0,,6.0,1.0,,,0.0303030303030303,0.5,0.5,0.4444444444444444,,,,1.0,1.0,4.0,,5.0,,7.0,1.0,,3.0,13.0,12.0,1.0,4.0,,1.0,1.0,,,1.0,,0.1041666666666666,0.0416666666666666,0.1818181818181818,,0.7222222222222222,,0.05,0.1111111111111111,,,0.1666666666666666,,,3.0,,0.1304347826086956,,,,0.0384615384615384,,,,1.0,1.0,,3.0,1.0,,False,,,,,,,,,,,,
203901,1610612766,Elfrid Payton,Elfrid Payton,203901,CHA,7399.0,123,-54,247,251,76.0,65,26.0,498,,1.0,,,3.0,19.0,1.0,,,,,,,,,,3.0,21.0,,,,6.0,275,,,2.0,1.0,6.0,,,2.0,,6.0,,,,11.0,9.0,20.0,6.0,2.0,49.0,,1.0,8.0,4.0,,12.0,1.0,13.0,6.0,5.0,2.0,2.0,7.0,5.0,12.0,1.0,,,3.0,2.0,1.0,3.0,2.0,2.0,76.0,,,,,,,,0.1428571428571428,0.1666666666666666,0.1428571428571428,0.3333333333333333,0.1666666666666666,0.1428571428571428,0.3333333333333333,0.1666666666666666,,10.071942446043169,,0.0677966101694915,0.0123456790123456,0.1159420289855072,,0.09375,0.0073529411764705,0.0185185185185185,,0.064516129032258,0.0943396226415094,0.1875,0.6666666666666666,0.0476190476190476,,,,0.9047619047619048,0.1578947368421052,0.1764705882352941,,0.0476190476190476,,,,,,,,,,,,,,,,,0.0476190476190476,,0.4522333333333332,0.4548,0.4371833333333333,,,0.3333333333333333,0.3333333333333333,8.69047619047619,,0.3076923076923077,,,,1.0,3.0,,8.0,,2.0,0.3333333333333333,0.0588235294117647,,,,,,,,,,,2.0,,3.0,1.0,,1.0,5.0,4.0,1.0,4.0,,,,,,,,0.0952380952380952,,0.1052631578947368,,0.7142857142857143,,,,,,,,,2.0,,0.0909090909090909,,,,,,,,,,,,,,False,,,,,,,,,,,,
1631111,1610612766,Wendell Moore Jr.,Wendell Moore Jr.,1631111,CHA,5560.0,93,-75,192,194,75.0,45,32.0,386,8.0,15.0,3.0,7.0,1.0,3.0,3.0,3.0,4.0,2.0,2.0,1.0,5.0,,1.0,1.0,9.0,21.0,4.0,9.0,2.0,32.0,253,,1.0,4.0,3.0,8.0,2.0,3.0,14.0,14.0,4.0,12.0,5.0,1.0,,3.0,3.0,2.0,,9.0,4.0,6.0,7.0,2.0,,9.0,10.0,19.0,1.0,1.0,3.0,3.0,4.0,4.0,6.0,3.0,3.0,2.0,,,,1.0,,14.0,75.0,0.7777777777777778,1.0,1.0,0.4444444444444444,,0.6666666666666666,0.4444444444444444,0.4285714285714285,0.375,0.5,0.2857142857142857,0.5454545454545454,0.5161290322580645,0.2857142857142857,0.5833333333333334,0.3,15.02145922746781,,0.0666666666666666,0.0983606557377049,0.1489361702127659,0.08,0.1168831168831168,0.09009009009009,0.0967741935483871,0.0930232558139534,0.0833333333333333,0.1578947368421052,0.1111111111111111,,0.5,0.5333333333333333,0.6153846153846154,0.75,0.1,0.3333333333333333,0.5,1.0,0.1,0.1333333333333333,0.75,0.75,1.0,0.1666666666666666,0.2,0.2,1.0,0.1428571428571428,,,0.6363636363636364,0.4285714285714285,0.1818181818181818,1.0,0.0909090909090909,0.8,0.2,0.5555416666666667,0.575675,0.598740909090909,0.064516129032258,0.0909090909090909,0.125,0.4375,4.809523809523808,24.366666666666667,0.390625,2.0,6.0,,2.0,6.0,,,,,0.3333333333333333,0.0666666666666666,,,0.8571428571428571,0.3333333333333333,,,,,2.0,4.0,3.0,,1.0,,,,1.0,,1.0,,,1.0,,1.0,,,,0.1428571428571428,0.1333333333333333,0.3333333333333333,,0.25,,,,,,,,,1.0,,,,1.0,,0.0909090909090909,0.0769230769230769,,,,,0.125,,1.0,,False,,,,1.0,,,,,,,,
1631197,1610612766,Jared Rhoden,Jared Rhoden,1631197,CHA,699.0,12,8,26,25,14.0,23,6.0,51,1.0,3.0,,1.0,1.0,2.0,1.0,,1.0,,1.0,,1.0,,,,2.0,6.0,,2.0,,4.0,16,,,2.0,1.0,4.0,,1.0,2.0,,4.0,,1.0,,1.0,1.0,2.0,1.0,1.0,5.0,,2.0,2.0,,,2.0,2.0,4.0,1.0,1.0,,1.0,1.0,,1.0,1.0,,,,,,,,2.0,14.0,,,,,,,,0.3333333333333333,0.25,0.25,0.25,0.2,0.25,0.25,0.2,0.25,27.27272727272727,,,0.25,0.4,,0.2,0.1176470588235294,0.25,,,,1.0,,0.375,0.3333333333333333,0.3333333333333333,,0.25,0.5,0.5,,0.125,0.125,,,,0.125,,,,,,,0.2,,0.2,,,0.625,,0.5078875,0.6621,0.4540499999999999,,,0.5,0.5,7.1000000000000005,24.55,0.5384615384615384,1.0,3.0,,1.0,4.0,,,,,0.25,,,,0.75,0.3333333333333333,,,,,,2.0,,,,,,,,,,1.0,,,,,,,,,,,,,,,,,,,1.0,,1.0,,,,1.0,,0.3333333333333333,0.1666666666666666,,,,,,,,,False,,,,,1.0,,,,,,,
1626145,1610612756,Tyus Jones,Tyus Jones,1626145,PHX,8623.0,144,-26,283,286,71.0,46,48.0,569,5.0,5.0,2.0,2.0,5.0,15.0,1.0,2.0,7.0,,3.0,6.0,21.0,1.0,7.0,8.0,10.0,21.0,8.0,28.0,6.0,50.0,346,1.0,7.0,5.0,2.0,4.0,2.0,11.0,11.0,8.0,12.0,18.0,21.0,6.0,21.0,11.0,32.0,8.0,9.0,75.0,1.0,2.0,6.0,8.0,,14.0,3.0,17.0,2.0,1.0,,2.0,3.0,3.0,7.0,5.0,8.0,2.0,,,,,,11.0,71.0,0.4,0.4444444444444444,0.75,0.2857142857142857,0.14285714285714285,0.18181818181818182,0.2857142857142857,0.47619047619047616,0.5,0.4489795918367347,0.2777777777777778,0.3333333333333333,0.4716981132075472,0.2777777777777778,0.34375,0.5714285714285714,16.519174041297934,,0.125,0.02666666666666667,0.0967741935483871,0.014492753623188406,0.1111111111111111,0.020833333333333332,0.022222222222222223,0.022727272727272728,0.21428571428571427,0.10204081632653061,0.07692307692307693,,0.10204081632653061,1.0,1.0,0.6,0.30612244897959184,0.3333333333333333,0.38461538461538464,0.2,0.02040816326530612,0.14285714285714285,0.2857142857142857,0.2857142857142857,1.0,0.42857142857142855,0.2857142857142857,0.3157894736842105,0.6666666666666666,0.7777777777777778,0.14285714285714285,1.0,0.13333333333333333,1.0,0.2,,0.5333333333333333,0.673469387755102,0.2857142857142857,0.5161346938775511,0.5336642857142857,0.53506,0.0392156862745098,0.08695652173913043,0.1,0.22,7.980952380952382,25.55,0.2508833922261484,1.0,1.0,,1.0,2.0,,12.0,,1.0,0.5,0.08,,,0.1111111111111111,1.0,,,,2.0,1.0,2.0,2.0,2.0,3.0,,,1.0,1.0,,1.0,1.0,,,2.0,,,1.0,0.07142857142857142,0.09523809523809523,,0.13333333333333333,,0.3333333333333333,,,,,,0.25,1.0,1.0,,,,,2.0,,0.04,0.07407407407407407,6.0,0.09523809523809523,,1.0,,,,,True,,,,,,,,,,,,
1626164,1610612756,Devin Booker,Devin Booker,1626164,PHX,9985.0,166,-11,326,333,78.0,64,45.0,659,8.0,20.0,,4.0,11.0,25.0,15.0,1.0,4.0,1.0,2.0,10.0,27.0,1.0,3.0,5.0,29.0,60.0,11.0,31.0,30.0,121.0,392,2.0,4.0,14.0,4.0,11.0,2.0,7.0,27.0,16.0,42.0,18.0,27.0,10.0,20.0,14.0,34.0,7.0,7.0,82.0,2.0,4.0,9.0,10.0,,19.0,6.0,25.0,3.0,2.0,2.0,6.0,13.0,6.0,12.0,23.0,32.0,10.0,2.0,1.0,1.0,2.0,1.0,27.0,78.0,0.27586206896551724,0.2857142857142857,0.5454545454545454,0.3548387096774194,0.5,0.2857142857142857,0.3548387096774194,0.48333333333333334,0.36363636363636365,0.5,0.4666666666666667,0.3888888888888889,0.5673076923076923,0.4666666666666667,0.5416666666666666,0.34065934065934067,30.36649214659686,,0.11494252873563218,0.04819277108433735,0.1232876712328767,0.02631578947368421,0.11875,0.03773584905660377,,0.04,0.14634146341463414,0.09259259259259259,0.21052631578947367,0.5,0.21978021978021978,0.4,0.5,0.25,0.27472527472527475,0.44,0.5238095238095238,0.2727272727272727,0.16483516483516483,0.04395604395604396,0.25,0.25,1.0,0.2967032967032967,0.37037037037037035,0.37037037037037035,0.5,0.2,0.3333333333333333,,0.2222222222222222,,0.1111111111111111,0.5,0.2777777777777778,0.5604395604395604,0.37037037037037035,0.5091582417582419,0.5091136363636364,0.5137083333333332,0.11,0.14705882352941177,0.11570247933884298,0.2231404958677686,9.178333333333335,25.809677419354834,0.2392638036809816,1.0,5.0,10.0,4.0,11.0,,10.0,,,0.36363636363636365,0.1,0.6666666666666666,0.6666666666666666,0.3333333333333333,0.2,,1.0,1.0,1.0,13.0,2.0,8.0,,7.0,3.0,,1.0,7.0,4.0,3.0,4.0,1.0,2.0,4.0,,,3.0,,0.13333333333333333,0.2,0.16,,0.5384615384615384,,,0.06666666666666667,1.0,1.0,0.2,,2.0,,1.0,0.0625,0.03125,5.0,,0.15384615384615385,0.11627906976744186,15.0,,0.3,1.0,,,1.0,,True,,,4.0,,1.0,,,,,,,
1626220,1610612756,Royce O'Neale,Royce O'Neale,1626220,PHX,6307.0,105,-19,207,220,63.0,44,31.0,427,4.0,9.0,1.0,2.0,4.0,8.0,,2.0,3.0,,,3.0,21.0,2.0,5.0,6.0,8.0,17.0,5.0,24.0,,31.0,256,2.0,5.0,10.0,3.0,5.0,,6.0,6.0,12.0,4.0,9.0,20.0,3.0,7.0,8.0,15.0,3.0,2.0,38.0,1.0,6.0,10.0,10.0,,20.0,7.0,27.0,4.0,2.0,,3.0,6.0,7.0,12.0,,,,4.0,1.0,2.0,4.0,3.0,6.0,63.0,0.75,0.8571428571428571,0.6,0.20833333333333334,0.4,,0.21739130434782608,0.47058823529411764,0.6,0.3780487804878049,0.625,0.2727272727272727,0.3780487804878049,0.625,0.2727272727272727,0.5853658536585366,18.951612903225808,,0.2127659574468085,0.1276595744680851,0.2127659574468085,0.017543859649122806,0.2127659574468085,0.0673076923076923,0.041666666666666664,0.025,0.25,0.23255813953488372,,0.75,0.21951219512195122,0.4444444444444444,0.4444444444444444,0.75,0.1951219512195122,0.5,0.5,0.75,,0.07317073170731707,0.6666666666666666,0.6666666666666666,0.5,0.5121951219512195,0.14285714285714285,0.14285714285714285,0.6666666666666666,0.625,0.4,0.5,0.18181818181818182,0.5,,,0.5454545454545454,0.8048780487804879,0.15,0.5320374999999999,0.52223,0.52612,,,0.3225806451612903,0.1935483870967742,4.1764705882352935,26.883333333333336,0.30434782608695654,1.0,2.0,,2.0,3.0,,3.0,,1.0,0.6666666666666666,0.21428571428571427,,,0.25,0.5,,,,,,2.0,,,5.0,2.0,,2.0,3.0,1.0,2.0,4.0,,,,,,,,,,,,0.5,,,,,,,,1.0,,,0.1111111111111111,,4.0,1.0,0.2631578947368421,0.14814814814814814,6.0,,,,,1.0,,,True,1.0,,,,,,1.0,,,,,
1628960,1610612756,Grayson Allen,Grayson Allen,1628960,PHX,7417.0,124,11,245,243,57.0,46,34.0,488,3.0,5.0,1.0,1.0,2.0,5.0,,4.0,8.0,1.0,1.0,8.0,22.0,1.0,3.0,4.0,5.0,10.0,12.0,30.0,7.0,53.0,284,1.0,3.0,5.0,1.0,1.0,3.0,5.0,14.0,10.0,,36.0,22.0,8.0,6.0,4.0,10.0,2.0,6.0,24.0,1.0,1.0,5.0,7.0,2.0,14.0,2.0,16.0,2.0,2.0,1.0,4.0,7.0,2.0,8.0,9.0,10.0,4.0,,,,,,14.0,57.0,1.0,1.0,1.0,0.4,0.3333333333333333,0.6,0.4,0.5,1.0,0.575,0.5,0.9166666666666666,0.6022727272727273,0.5,0.875,0.75,17.586206896551726,0.3333333333333333,0.14583333333333334,0.014925373134328358,0.0847457627118644,0.018518518518518517,0.11214953271028037,0.01652892561983471,,0.025,0.15789473684210525,0.11363636363636363,,,0.125,0.6,0.6,1.0,0.125,0.4,0.4,1.0,,0.2,0.5,0.5,1.0,0.55,0.36363636363636365,0.36363636363636365,1.0,0.6,0.3333333333333333,1.0,0.16666666666666666,1.0,0.16666666666666666,1.0,0.6666666666666666,0.875,0.36363636363636365,0.5266387499999999,0.5132,0.4850666666666666,0.11363636363636363,0.3076923076923077,0.09433962264150944,0.2641509433962264,5.96,26.099999999999998,0.23265306122448978,1.0,2.0,,1.0,2.0,,,,1.0,0.5,0.05555555555555555,,,0.4,0.5,1.0,,,2.0,3.0,,,,2.0,,,,3.0,3.0,,,,1.0,,,,,,,,,,0.42857142857142855,,,,,,0.5,1.0,2.0,1.0,1.0,0.2727272727272727,0.03225806451612903,,,,,,,,1.0,0.08333333333333333,1.0,,,True,,,,,,,,,,,,
1629006,1610612756,Josh Okogie,Josh Okogie,1629006,PHX,21031.0,351,-22,690,702,181.0,144,108.0,1392,31.0,49.0,9.0,14.0,8.0,21.0,2.0,12.0,30.0,4.0,9.0,4.0,12.0,1.0,3.0,6.0,40.0,72.0,16.0,42.0,22.0,150.0,803,1.0,5.0,34.0,11.0,23.0,7.0,15.0,46.0,54.0,26.0,48.0,12.0,4.0,7.0,7.0,14.0,3.0,6.0,35.0,22.0,9.0,27.0,10.0,3.0,40.0,32.0,72.0,21.0,11.0,2.0,8.0,16.0,15.0,28.0,34.0,32.0,17.0,8.0,3.0,5.0,10.0,7.0,46.0,180.0,0.675,0.8181818181818182,1.0,0.38095238095238093,0.2,0.4666666666666667,0.38095238095238093,0.5555555555555556,0.4782608695652174,0.5614035087719298,0.5952380952380952,0.5657894736842105,0.5859375,0.6071428571428571,0.575,0.3684210526315789,17.433414043583536,0.1875,0.06535947712418301,0.049723756906077346,0.1588235294117647,0.12643678160919541,0.11455108359133127,0.08732394366197183,0.056074766355140186,0.13114754098360656,0.0410958904109589,0.1678832116788321,0.12121212121212122,0.7,0.4298245614035088,0.6326530612244898,0.7209302325581395,0.6129032258064516,0.18421052631578946,0.38095238095238093,0.5333333333333333,0.875,0.017543859649122806,0.2631578947368421,0.4,0.4,1.0,0.10526315789473684,0.3333333333333333,0.3333333333333333,1.0,0.14285714285714285,0.3333333333333333,1.0,0.3684210526315789,0.6428571428571429,0.23684210526315788,0.4444444444444444,0.15789473684210525,0.7982456140350878,0.3333333333333333,0.568336842105263,0.5859812499999999,0.543853947368421,0.13385826771653545,0.2,0.22666666666666666,0.30666666666666664,3.702777777777778,24.09047619047619,0.26231884057971017,11.0,14.0,1.0,11.0,16.0,9.0,1.0,1.0,2.0,0.6875,0.07692307692307693,0.5,1.0,0.6666666666666666,0.7857142857142857,0.18181818181818182,,2.0,3.0,3.0,14.0,13.0,,4.0,,1.0,10.0,8.0,4.0,4.0,3.0,1.0,4.0,1.0,2.0,1.0,1.0,,0.18055555555555555,0.12244897959183673,0.2857142857142857,,0.5,0.05555555555555555,0.11538461538461539,0.09523809523809523,,,0.5,1.0,,4.0,,0.10714285714285714,,1.0,,0.05555555555555555,0.023809523809523808,,,1.0,7.0,,4.0,1.0,,True,,,,1.0,,0.5,3.0,,1.0,,,
1642345,1610612756,Oso Ighodaro,Oso Ighodaro,1642345,PHX,10037.0,167,17,337,346,103.0,61,41.0,683,14.0,17.0,2.0,3.0,10.0,24.0,,,,,,,,,,,24.0,41.0,,,3.0,51.0,359,,,6.0,4.0,7.0,,,8.0,40.0,8.0,,,,8.0,3.0,11.0,,5.0,25.0,3.0,9.0,17.0,11.0,1.0,29.0,12.0,41.0,6.0,2.0,1.0,3.0,8.0,11.0,14.0,10.0,6.0,4.0,4.0,2.0,2.0,4.0,2.0,8.0,102.0,0.8333333333333334,0.9523809523809523,,,,,,0.5853658536585366,0.5714285714285714,0.5853658536585366,0.3333333333333333,0.5714285714285714,0.5930232558139535,0.3333333333333333,0.5714285714285714,,13.076923076923077,0.125,0.1375,0.10843373493975904,0.2125,0.04,0.175,0.0759493670886076,0.11538461538461539,0.02,0.15789473684210525,0.22727272727272727,0.14285714285714285,0.5,0.4146341463414634,0.8235294117647058,0.875,0.7142857142857143,0.5853658536585366,0.4166666666666667,0.45454545454545453,1.0,,,,,,,,,,,,,0.42857142857142855,0.6666666666666666,,,,0.4146341463414634,,0.532217073170732,0.5140166666666667,0.5488000000000001,0.09302325581395349,0.09302325581395349,0.11764705882352941,0.1568627450980392,6.085365853658537,,0.3056379821958457,3.0,4.0,,3.0,9.0,,2.0,,,0.3333333333333333,0.16,,,0.4444444444444444,0.75,,,,,,6.0,3.0,,3.0,1.0,,4.0,5.0,1.0,4.0,4.0,,2.0,,,,,,0.07317073170731707,0.058823529411764705,0.08333333333333333,,0.625,,0.08,,,,,,2.0,1.0,,0.058823529411764705,,1.0,,0.08695652173913043,0.07142857142857142,,,,,0.125,,3.0,,True,,,,,,,,,,,,
1642346,1610612756,Ryan Dunn,Ryan Dunn,1642346,PHX,6106.0,102,-39,198,207,47.0,51,31.0,405,5.0,7.0,,1.0,4.0,9.0,1.0,4.0,9.0,1.0,2.0,1.0,10.0,,1.0,2.0,10.0,17.0,5.0,19.0,2.0,37.0,253,,1.0,2.0,1.0,2.0,1.0,4.0,5.0,14.0,6.0,15.0,10.0,1.0,4.0,1.0,5.0,1.0,2.0,11.0,4.0,5.0,7.0,4.0,1.0,12.0,9.0,21.0,2.0,1.0,,4.0,4.0,5.0,11.0,2.0,4.0,2.0,6.0,3.0,2.0,6.0,3.0,5.0,46.0,0.7,0.7777777777777778,1.0,0.2631578947368421,,0.25,0.2631578947368421,0.5882352941176471,0.5,0.4861111111111111,0.2,0.4166666666666667,0.4868421052631579,0.2,0.4166666666666667,0.5277777777777778,17.573221757322173,0.3333333333333333,0.1,0.09615384615384616,0.12280701754385964,0.08333333333333333,0.1134020618556701,0.09,0.07894736842105263,0.11764705882352941,0.05,0.13043478260869565,0.09090909090909091,0.5,0.19444444444444445,0.7142857142857143,0.7142857142857143,0.6,0.25,0.4444444444444444,0.5,0.75,0.027777777777777776,0.25,0.4444444444444444,0.4444444444444444,1.0,0.2777777777777778,0.1,0.1,1.0,0.2,,,0.16666666666666666,,0.3333333333333333,0.5,0.3333333333333333,0.7222222222222222,0.1,0.52585,0.5373399999999999,0.4814333333333333,0.05263157894736842,0.10526315789473684,0.05405405405405406,0.13513513513513514,5.647058823529411,24.468421052631573,0.23737373737373738,1.0,3.0,1.0,1.0,4.0,,2.0,1.0,1.0,0.25,,1.0,1.0,0.6,0.3333333333333333,,,,,,2.0,1.0,,,,,1.0,,,,2.0,1.0,,,,,,,0.058823529411764705,,0.1111111111111111,,,,,,,,,2.0,,3.0,,0.5,,4.0,1.0,0.08333333333333333,0.21052631578947367,,,1.0,,0.5,1.0,,,True,,,,,,,,,,,,
203486,1610612756,Mason Plumlee,Mason Plumlee,203486,PHX,6469.0,108,5,208,210,55.0,55,41.0,418,6.0,9.0,1.0,3.0,,5.0,,,,,,,,,,,6.0,14.0,,,7.0,19.0,245,,,8.0,1.0,5.0,,,2.0,6.0,6.0,,,,7.0,5.0,12.0,2.0,4.0,29.0,10.0,6.0,12.0,11.0,2.0,25.0,16.0,41.0,2.0,2.0,1.0,6.0,8.0,11.0,13.0,13.0,11.0,6.0,4.0,2.0,2.0,4.0,2.0,2.0,55.0,0.5,1.0,,,,,,0.42857142857142855,0.2,0.42857142857142855,0.5,0.2,0.5,0.5714285714285714,0.2,,10.424710424710426,0.4,0.24444444444444444,0.1111111111111111,0.24,0.17543859649122806,0.24210526315789474,0.14414414414414414,0.06060606060606061,0.15789473684210525,0.20833333333333334,0.2564102564102564,0.18181818181818182,0.5,0.6428571428571429,0.6666666666666666,0.75,0.5,0.35714285714285715,,,,,,,,,,,,,,,,0.6,0.3333333333333333,,,,0.6428571428571429,,0.5762428571428571,0.646325,0.56524,0.3157894736842105,0.3157894736842105,0.42105263157894735,0.10526315789473684,3.2428571428571424,,0.2644230769230769,3.0,6.0,,3.0,6.0,2.0,2.0,2.0,,0.5,0.2857142857142857,,,1.0,0.5,,,,,,6.0,3.0,,3.0,1.0,,,2.0,,2.0,2.0,1.0,1.0,,,,,,0.21428571428571427,0.1111111111111111,0.4,,0.25,,0.21052631578947367,,,,,1.0,,,,0.2857142857142857,,1.0,,0.25,0.25,,,,,,4.0,3.0,,True,,,,,,,,,,,,
203994,1610612756,Jusuf Nurkić,Jusuf Nurkić,203994,PHX,3893.0,65,-28,125,128,12.0,13,26.0,253,2.0,5.0,,,,2.0,,,,,,2.0,9.0,,2.0,1.0,2.0,7.0,2.0,9.0,6.0,16.0,158,,2.0,4.0,,,,1.0,,2.0,2.0,6.0,9.0,2.0,3.0,3.0,6.0,1.0,1.0,15.0,4.0,4.0,4.0,6.0,2.0,12.0,8.0,20.0,1.0,,,2.0,6.0,7.0,10.0,10.0,12.0,6.0,4.0,2.0,2.0,4.0,4.0,,12.0,0.5,1.0,1.0,0.2222222222222222,,,0.2222222222222222,0.2857142857142857,,0.3125,0.2,,0.36363636363636365,0.2857142857142857,,0.5625,17.72151898734177,0.6666666666666666,0.20689655172413793,0.10256410256410256,0.13793103448275862,0.1,0.1724137931034483,0.10126582278481013,0.0625,0.08823529411764706,0.25,0.13043478260869565,0.16666666666666666,1.0,0.3125,0.4,0.6666666666666666,0.5,0.125,,,,,,,,,0.5625,0.2222222222222222,0.2222222222222222,1.0,0.4,,,,,,,1.0,0.875,0.2222222222222222,0.526678125,0.46673749999999997,0.516,0.2727272727272727,0.46153846153846156,0.25,,3.0571428571428574,25.955555555555556,0.096,1.0,2.0,,1.0,3.0,2.0,,,,0.3333333333333333,0.14285714285714285,,,0.4,0.5,,,,,,2.0,2.0,,2.0,2.0,,1.0,4.0,2.0,2.0,1.0,,,,,,,,0.2857142857142857,0.4,,,0.6666666666666666,,0.16666666666666666,,,,,,2.0,,,0.3333333333333333,,2.0,,0.11764705882352941,0.2,,,,,0.16666666666666666,,1.0,,True,,,,,,,,,,,,
1628420,1610612756,Monté Morris,Monté Morris,1628420,PHX,10015.0,167,51,330,325,91.0,58,51.0,655,7.0,7.0,3.0,3.0,11.0,21.0,9.0,6.0,13.0,1.0,3.0,3.0,17.0,,3.0,8.0,23.0,37.0,9.0,30.0,10.0,83.0,337,,3.0,6.0,6.0,8.0,3.0,11.0,23.0,18.0,28.0,27.0,17.0,3.0,14.0,6.0,20.0,4.0,5.0,46.0,1.0,2.0,10.0,5.0,,15.0,3.0,18.0,6.0,5.0,,1.0,5.0,2.0,5.0,7.0,11.0,5.0,,,,,,23.0,91.0,0.391304347826087,0.391304347826087,1.0,0.3,,0.2727272727272727,0.3,0.6216216216216216,0.75,0.5447761194029851,0.42857142857142855,0.5526315789473685,0.5763888888888888,0.42857142857142855,0.575,0.44776119402985076,19.154228855721396,,0.06329113924050633,0.023255813953488372,0.11764705882352941,0.011494252873563218,0.09146341463414634,0.017341040462427744,0.0196078431372549,0.015625,0.024390243902439025,0.1267605633802817,0.07142857142857142,,0.1044776119402985,1.0,1.0,0.2857142857142857,0.31343283582089554,0.5238095238095238,0.55,0.45454545454545453,0.13432835820895522,0.19402985074626866,0.46153846153846156,0.5,1.0,0.2537313432835821,0.17647058823529413,0.17647058823529413,1.0,0.42857142857142855,,,0.15789473684210525,1.0,0.15789473684210525,0.3333333333333333,0.42105263157894735,0.5522388059701493,0.17647058823529413,0.5039328358208955,0.49235999999999996,0.5122815789473685,0.07042253521126761,0.12195121951219512,0.07228915662650602,0.27710843373493976,9.8,24.90333333333333,0.27575757575757576,,,5.0,3.0,4.0,,8.0,1.0,2.0,0.75,0.16,0.5555555555555556,0.625,,,,,,2.0,2.0,,2.0,1.0,2.0,1.0,,1.0,4.0,3.0,1.0,1.0,,1.0,1.0,,,1.0,0.03333333333333333,0.05405405405405406,,0.047619047619047616,0.07692307692307693,0.8,,,,,,0.25,,,1.0,,,,1.0,,0.041666666666666664,0.03125,,,0.4,,,,,,True,,,,,,0.1111111111111111,,,,,,
1631102,1610612756,TyTy Washington Jr.,TyTy Washington Jr.,1631102,PHX,987.0,16,-6,35,34,14.0,20,7.0,69,,,,,1.0,2.0,,1.0,2.0,,,1.0,1.0,,,,1.0,2.0,2.0,3.0,,8.0,44,,,,1.0,1.0,,,2.0,2.0,,6.0,1.0,1.0,2.0,,2.0,,,4.0,,,,,,,,,1.0,1.0,,1.0,1.0,,,1.0,,,,,,,,2.0,14.0,1.0,1.0,1.0,0.6666666666666666,,,0.6666666666666666,0.5,1.0,0.8,,1.0,0.8,,1.0,0.6,14.285714285714286,,,,,,,,,,,,,,,,,,0.4,0.5,0.5,1.0,,0.4,0.5,0.5,1.0,0.2,1.0,1.0,1.0,,,,,,,,,0.6,1.0,0.51652,,0.4728,,,,0.25,5.25,23.53333333333333,0.4,,,,,,,2.0,,,,,,,,,,,,,,,,,,,,,,,,1.0,,,,,,,,,,,,,,,,,,,,,,,,,,,,,,,,,,,,,True,,,,,,,1.0,,,,,
201142,1610612756,Kevin Durant,Kevin Durant,201142,PHX,5303.0,88,-20,176,180,68.0,50,27.0,356,6.0,9.0,2.0,3.0,12.0,25.0,10.0,1.0,3.0,1.0,1.0,2.0,9.0,,1.0,2.0,24.0,44.0,3.0,12.0,25.0,82.0,211,1.0,2.0,9.0,6.0,14.0,1.0,3.0,23.0,20.0,28.0,9.0,9.0,2.0,6.0,3.0,9.0,1.0,3.0,21.0,,2.0,7.0,6.0,3.0,16.0,2.0,18.0,1.0,,1.0,1.0,10.0,2.0,3.0,17.0,28.0,12.0,3.0,1.0,2.0,4.0,2.0,23.0,67.0,0.4166666666666667,0.43478260869565216,1.0,0.25,0.5,0.3333333333333333,0.25,0.5454545454545454,0.42857142857142855,0.5089285714285714,0.4375,0.4411764705882353,0.6044776119402985,0.5,0.5238095238095238,0.21428571428571427,37.01923076923077,0.6,0.1875,0.038461538461538464,0.14285714285714285,,0.16049382716049382,0.02197802197802198,0.05405405405405406,,0.058823529411764705,0.1282051282051282,0.2,0.5,0.16071428571428573,0.6666666666666666,0.6666666666666666,0.6666666666666666,0.44642857142857145,0.48,0.48,0.4166666666666667,0.17857142857142858,0.05357142857142857,0.3333333333333333,0.3333333333333333,1.0,0.16071428571428573,0.2222222222222222,0.2222222222222222,1.0,0.125,,,0.17647058823529413,0.6666666666666666,0.058823529411764705,1.0,0.11764705882352941,0.375,0.2222222222222222,0.4744491071428572,0.4672428571428571,0.42568529411764705,0.208955223880597,0.22641509433962265,0.10975609756097561,0.2804878048780488,10.063636363636364,25.53333333333333,0.38636363636363635,2.0,2.0,6.0,2.0,6.0,2.0,2.0,,,0.3333333333333333,0.25,0.6,0.6,0.25,1.0,0.5,1.0,1.0,,8.0,2.0,,,2.0,1.0,,1.0,9.0,5.0,4.0,3.0,,3.0,,1.0,,,,,,,,0.9,,,0.125,1.0,1.0,,,,,2.0,0.42857142857142855,0.14285714285714285,2.0,,,0.07142857142857142,,,0.16666666666666666,,,,1.0,,True,,,1.0,1.0,,,,,,,,
203078,1610612756,Bradley Beal,Bradley Beal,203078,PHX,6644.0,111,-26,210,216,36.0,31,37.0,426,5.0,9.0,1.0,2.0,8.0,22.0,11.0,2.0,4.0,,1.0,4.0,15.0,,4.0,2.0,19.0,42.0,6.0,19.0,6.0,62.0,257,,4.0,8.0,3.0,8.0,,3.0,8.0,14.0,24.0,9.0,15.0,4.0,6.0,3.0,9.0,2.0,3.0,21.0,,4.0,2.0,3.0,2.0,7.0,4.0,11.0,5.0,2.0,3.0,3.0,8.0,6.0,9.0,6.0,6.0,2.0,2.0,,2.0,3.0,1.0,6.0,35.0,0.3684210526315789,0.4117647058823529,0.5,0.3157894736842105,,,0.3157894736842105,0.4523809523809524,0.375,0.45901639344262296,0.375,0.2727272727272727,0.484375,0.4444444444444444,0.3333333333333333,0.3114754098360656,28.458498023715418,0.4,0.06521739130434782,0.06666666666666667,0.03571428571428571,,0.049019607843137254,0.034482758620689655,0.05405405405405406,,0.05,0.022727272727272728,0.08333333333333333,0.3333333333333333,0.14754098360655737,0.5555555555555556,0.625,0.2,0.36065573770491804,0.36363636363636365,0.36363636363636365,0.375,0.18032786885245902,0.06557377049180328,0.5,0.5,0.5,0.2459016393442623,0.26666666666666666,0.2857142857142857,0.5,0.5,,,0.18181818181818182,0.5,0.09090909090909091,,0.18181818181818182,0.45901639344262296,0.26666666666666666,0.4907409836065574,0.508,0.4689090909090909,0.031746031746031744,0.045454545454545456,0.12903225806451613,0.12903225806451613,9.96904761904762,25.615789473684206,0.17142857142857143,1.0,2.0,6.0,3.0,4.0,2.0,2.0,,1.0,0.75,0.11764705882352941,0.5454545454545454,0.5454545454545454,0.25,0.5,,,,,2.0,4.0,1.0,1.0,1.0,1.0,,3.0,5.0,4.0,1.0,1.0,,,1.0,1.0,1.0,,0.05263157894736842,0.023809523809523808,0.1111111111111111,,,0.625,,,,,,,,,1.0,,,,3.0,,0.07692307692307693,0.09090909090909091,9.0,0.06666666666666667,0.5,,0.1,1.0,,,True,,,,,,,,,,,,
1629626,1610612756,Bol Bol,Bol Bol,1629626,PHX,947.0,16,2,33,32,13.0,13,9.0,65,,,,,2.0,2.0,1.0,1.0,2.0,,1.0,,1.0,,1.0,1.0,3.0,3.0,1.0,3.0,1.0,10.0,37,1.0,2.0,5.0,1.0,1.0,,2.0,3.0,4.0,2.0,3.0,1.0,,,,,,,,1.0,,2.0,,,2.0,1.0,3.0,,,,,,,,1.0,2.0,1.0,2.0,2.0,,2.0,,3.0,13.0,0.6666666666666666,1.0,1.0,0.3333333333333333,0.5,,0.3333333333333333,1.0,1.0,0.75,0.8333333333333334,0.3333333333333333,0.7142857142857143,0.8333333333333334,0.375,0.5,16.27906976744186,,,,0.2222222222222222,0.08333333333333333,0.125,0.05555555555555555,,,,0.25,,,,,,,0.3333333333333333,1.0,1.0,0.5,0.16666666666666666,0.3333333333333333,0.5,0.5,1.0,0.16666666666666666,,,,0.3333333333333333,,,,,0.3333333333333333,,0.3333333333333333,0.5,,0.482875,,0.4858,0.14285714285714285,0.25,0.5,0.3,10.533333333333333,24.2,0.3939393939393939,,,1.0,1.0,1.0,,,,,1.0,,1.0,1.0,,,,1.0,1.0,,1.0,2.0,,,,,,,,,,,,,,,,,,,,,,,,0.25,0.3333333333333333,1.0,1.0,,,,,,,,,,,,,,1.0,,,,,,True,,,,,,,,,,,,
1627814,1610612756,Damion Lee,Damion Lee,1627814,PHX,1043.0,17,4,37,37,13.0,18,4.0,74,,,,,2.0,5.0,1.0,,4.0,,2.0,,3.0,,,,2.0,6.0,,7.0,4.0,8.0,27,,,,2.0,3.0,,2.0,8.0,4.0,,,3.0,,1.0,,1.0,,1.0,2.0,1.0,,,,,,1.0,1.0,1.0,,,,2.0,,1.0,2.0,4.0,1.0,,,,,,8.0,13.0,1.0,1.0,,,,,,0.3333333333333333,0.6666666666666666,0.15384615384615385,,0.4,0.26666666666666666,,0.5714285714285714,0.5384615384615384,41.463414634146346,,,,,0.09090909090909091,,0.05555555555555555,,0.14285714285714285,,,,,,,,,0.38461538461538464,0.4,0.4,1.0,0.07692307692307693,0.3076923076923077,,,,0.23076923076923078,,,,,,,,,0.4,,,0.5384615384615384,,0.47773846153846156,,0.47221,0.07142857142857142,0.14285714285714285,,1.0,8.533333333333333,25.12857142857143,0.35135135135135137,,,,,,,,,,,,,,,,,,,,4.0,,,,,,,1.0,2.0,1.0,1.0,,,,1.0,,,1.0,,,,,,1.0,,,,,,,,,,,,,,,,,,,,,,,,,True,,,,,,,,,,,,
1641779,1610612756,Jalen Bridges,Jalen Bridges,1641779,PHX,348.0,6,-3,10,11,3.0,6,,21,,,,,,,,,,,,,1.0,,,,,,,1.0,,,6,,,,,,,,,,,,1.0,,,,,,,,,,2.0,,,2.0,,2.0,,,,,,,,1.0,,,,,,,,,3.0,,,,,,,,,,,,,,,,1.0,10.0,,,,0.4,,0.3333333333333333,,,,,0.5,,,,,,,,,,,,,,,,1.0,,,,,,,,,,,,1.0,,0.546,,,,,,,,26.7,0.3,,,,,,,,,,,,,,,,,,,,,,,,,,,,,,,,,,,,,,,,,,,,,,,,,,,,,,,,,,,,,,,,,,,,True,,,,,,,,,,,,
1626145,1610612756,Tyus Jones,Tyus Jones,1626145,PHX,100136.0,1669,-74,3412,3389,550.0,502,317.0,6801,33.0,45.0,4.0,5.0,61.0,143.0,25.0,54.0,113.0,7.0,13.0,66.0,170.0,5.0,18.0,20.0,103.0,213.0,120.0,283.0,40.0,606.0,4023,11.0,28.0,50.0,15.0,25.0,11.0,33.0,79.0,88.0,118.0,318.0,170.0,66.0,162.0,177.0,339.0,127.0,68.0,855.0,18.0,11.0,62.0,37.0,10.0,109.0,29.0,138.0,54.0,32.0,14.0,27.0,81.0,23.0,49.0,60.0,44.0,10.0,5.0,2.0,2.0,7.0,4.0,77.0,541.0,0.42718446601941745,0.44,0.8833333333333333,0.42402826855123676,0.39285714285714285,0.3333333333333333,0.42402826855123676,0.4835680751173709,0.6,0.5705645161290323,0.618421052631579,0.5431034482758621,0.5872093023255814,0.6410256410256411,0.5895522388059702,0.5705645161290323,15.886109632783397,0.11363636363636363,0.04431137724550898,0.015089163237311385,0.07451923076923077,0.022222222222222223,0.0593881223755249,0.018843404808317088,0.019138755980861243,0.024518388791593695,0.03686635944700461,0.06790123456790123,0.09782608695652174,0.5714285714285714,0.0907258064516129,0.7333333333333333,0.7674418604651163,0.48484848484848486,0.28830645161290325,0.42657342657342656,0.45864661654135336,0.32786885245901637,0.05040322580645161,0.22782258064516128,0.4778761061946903,0.5094339622641509,0.9814814814814815,0.34274193548387094,0.38823529411764707,0.38823529411764707,0.803030303030303,0.47368421052631576,0.2777777777777778,1.0,0.08620689655172414,0.8,0.22413793103448276,0.5384615384615384,0.3448275862068966,0.6612903225806451,0.38823529411764707,0.5235736363636362,0.5379361111111112,0.5118403508771929,0.027559055118110236,0.04484304932735426,0.08250825082508251,0.13036303630363036,8.501408450704224,25.108833922261475,0.1611957796014068,2.0,2.0,9.0,7.0,10.0,3.0,67.0,3.0,2.0,0.7,0.05405405405405406,0.36,0.375,0.05263157894736842,1.0,,6.0,10.0,4.0,16.0,6.0,13.0,7.0,50.0,27.0,,22.0,54.0,47.0,7.0,11.0,1.0,,8.0,2.0,,7.0,0.024734982332155476,0.06103286384976526,0.044444444444444446,0.06993006993006994,0.061946902654867256,0.6666666666666666,,0.016736401673640166,0.2631578947368421,0.6,0.8333333333333334,0.2,1.0,1.0,3.0,4.0,0.04929577464788732,0.014035087719298246,8.0,1.0,0.013793103448275862,0.0321285140562249,42.0,,0.8888888888888888,11.0,0.006024096385542169,7.0,3.0,,False,,2.0,,2.0,,0.04,4.0,1.0,1.0,,,
1626164,1610612756,Devin Booker,Devin Booker,1626164,PHX,122640.0,2044,-86,4182,4162,847.0,797,409.0,8344,95.0,136.0,24.0,36.0,140.0,286.0,175.0,24.0,63.0,3.0,11.0,122.0,361.0,10.0,30.0,63.0,322.0,597.0,146.0,424.0,329.0,1411.0,4982,12.0,37.0,105.0,55.0,119.0,22.0,74.0,290.0,294.0,350.0,324.0,361.0,122.0,163.0,207.0,370.0,120.0,86.0,947.0,29.0,23.0,84.0,77.0,3.0,164.0,52.0,216.0,59.0,32.0,19.0,51.0,154.0,61.0,146.0,300.0,370.0,138.0,12.0,7.0,5.0,12.0,8.0,282.0,831.0,0.45652173913043476,0.4696485623003195,0.7397260273972602,0.3443396226415094,0.32432432432432434,0.2972972972972973,0.3443396226415094,0.5393634840871022,0.46218487394957986,0.5298726738491675,0.5641025641025641,0.45595854922279794,0.5918712955122777,0.5919540229885057,0.56640625,0.4152791380999021,28.815391266753135,0.02857142857142857,0.07676969092721835,0.026285714285714287,0.08408408408408409,0.02914572864321608,0.08041958041958042,0.027807486631016044,0.02404809619238477,0.028328611898016998,0.07839388145315487,0.08376288659793814,0.08520179372197309,0.6666666666666666,0.13320274240940255,0.6985294117647058,0.7661290322580645,0.5684210526315789,0.2801175318315377,0.48951048951048953,0.5303030303030303,0.35714285714285715,0.1714005876591577,0.061704211557296766,0.38095238095238093,0.38095238095238093,0.9583333333333334,0.3535749265426053,0.3379501385041551,0.3398328690807799,0.6967213114754098,0.38461538461538464,0.3333333333333333,0.9,0.18652849740932642,0.6666666666666666,0.05699481865284974,0.2727272727272727,0.32642487046632124,0.5484818805093046,0.3379501385041551,0.5082364215686275,0.5010569767441861,0.5015247395833334,0.13047285464098074,0.19436619718309858,0.0744153082919915,0.20552799433026223,10.120603015075373,25.896462264150937,0.2025346724055476,6.0,10.0,87.0,26.0,41.0,17.0,52.0,9.0,8.0,0.6341463414634146,0.0670926517571885,0.49714285714285716,0.5178571428571429,0.1282051282051282,0.6,0.16666666666666666,2.0,7.0,19.0,114.0,18.0,41.0,2.0,87.0,25.0,,27.0,103.0,68.0,35.0,28.0,2.0,25.0,37.0,,,29.0,0.0047169811320754715,0.06867671691792294,0.08823529411764706,0.07692307692307693,,0.6688311688311688,,0.031141868512110725,0.08974358974358974,0.2857142857142857,1.0,0.30158730158730157,8.0,9.0,13.0,13.0,0.08982035928143713,0.02546296296296296,24.0,,0.042105263157894736,0.047619047619047616,114.0,0.00554016620498615,0.4942528735632184,20.0,0.016129032258064516,12.0,8.0,2.0,False,,3.0,14.0,,,0.04,2.0,2.0,,,1.0,
1626220,1610612756,Royce O'Neale,Royce O'Neale,1626220,PHX,83558.0,1393,-54,2853,2856,777.0,756,263.0,5709,34.0,51.0,10.0,12.0,10.0,39.0,5.0,44.0,88.0,13.0,20.0,96.0,232.0,8.0,20.0,53.0,45.0,95.0,140.0,320.0,19.0,529.0,3354,9.0,22.0,43.0,14.0,24.0,31.0,73.0,128.0,60.0,30.0,411.0,229.0,96.0,57.0,54.0,111.0,36.0,31.0,276.0,21.0,17.0,103.0,89.0,26.0,218.0,40.0,258.0,54.0,43.0,5.0,9.0,45.0,66.0,108.0,27.0,26.0,11.0,23.0,6.0,16.0,23.0,11.0,126.0,760.0,0.6666666666666666,0.7142857142857143,0.9785714285714285,0.4375,0.4090909090909091,0.4246575342465753,0.4416403785488959,0.47368421052631576,0.5833333333333334,0.6144578313253012,0.5540540540540541,0.6237113402061856,0.6194379391100703,0.5657894736842105,0.6336633663366337,0.7710843373493976,15.012722646310431,0.3058823529411765,0.13088235294117648,0.028428093645484948,0.15749235474006115,0.03125,0.14392803598200898,0.029921259842519685,0.019498607242339833,0.03549060542797495,0.12290502793296089,0.14694656488549618,0.2,0.4782608695652174,0.12289156626506025,0.6666666666666666,0.723404255319149,0.5882352941176471,0.09397590361445783,0.2564102564102564,0.35714285714285715,0.9,0.012048192771084338,0.21204819277108433,0.5,0.5,0.9772727272727273,0.5590361445783133,0.41379310344827586,0.41739130434782606,0.9791666666666666,0.5405405405405406,0.4,0.875,0.12371134020618557,0.8333333333333334,0.20618556701030927,0.65,0.5463917525773195,0.8939759036144578,0.4192139737991266,0.5471870145631068,0.5383477272727272,0.5272052631578946,0.025943396226415096,0.10576923076923077,0.08128544423440454,0.24196597353497165,4.487368421052632,25.976562500000007,0.2723449001051525,6.0,13.0,1.0,7.0,15.0,2.0,16.0,1.0,2.0,0.4666666666666667,0.13658536585365855,0.2,0.2,0.35135135135135137,0.46153846153846156,,1.0,2.0,18.0,7.0,6.0,15.0,2.0,18.0,10.0,2.0,11.0,36.0,26.0,10.0,16.0,,2.0,3.0,,,2.0,0.00625,0.15789473684210525,0.0784313725490196,0.28205128205128205,,0.8,0.030303030303030304,0.02072538860103627,0.05405405405405406,0.5,1.0,0.33962264150943394,,3.0,9.0,,0.1452991452991453,,8.0,1.0,0.07563025210084033,0.03902439024390244,9.0,0.008620689655172414,1.0,2.0,0.008333333333333333,2.0,3.0,,False,3.0,,,,1.0,,,,,,1.0,
1627814,1610612756,Damion Lee,Damion Lee,1627814,PHX,5025.0,84,6,180,176,74.0,88,18.0,356,4.0,5.0,3.0,3.0,6.0,12.0,3.0,3.0,7.0,,1.0,2.0,12.0,,,4.0,10.0,20.0,5.0,19.0,12.0,47.0,179,,,3.0,5.0,7.0,1.0,5.0,22.0,14.0,6.0,15.0,12.0,2.0,5.0,2.0,7.0,2.0,1.0,16.0,1.0,,9.0,3.0,,12.0,1.0,13.0,3.0,2.0,,2.0,5.0,2.0,4.0,8.0,13.0,4.0,,,,,,22.0,74.0,0.7,0.7777777777777778,1.0,0.2631578947368421,,0.2,0.2631578947368421,0.5,0.7142857142857143,0.44871794871794873,0.3333333333333333,0.5416666666666666,0.5222222222222223,0.375,0.6875,0.48717948717948717,25.0,,0.07317073170731707,,0.1875,0.022222222222222223,0.1348314606741573,0.012048192771084338,,0.034482758620689655,0.08,0.22580645161290322,0.11764705882352941,,0.1282051282051282,0.8,1.0,0.5,0.3076923076923077,0.5,0.6,0.8333333333333334,0.07692307692307693,0.1794871794871795,0.42857142857142855,0.42857142857142855,1.0,0.3076923076923077,0.16666666666666666,0.16666666666666666,1.0,,,,0.25,1.0,0.08333333333333333,,0.3333333333333333,0.6153846153846154,0.16666666666666666,0.49535256410256406,0.40045,0.4933166666666667,0.09523809523809523,0.17391304347826086,0.06382978723404255,0.46808510638297873,8.045,25.242105263157892,0.4111111111111111,1.0,1.0,,1.0,3.0,1.0,3.0,,,0.3333333333333333,,,,0.3333333333333333,1.0,,,,1.0,9.0,2.0,3.0,,,1.0,,1.0,3.0,2.0,1.0,1.0,,1.0,3.0,,,3.0,,0.15,0.2,0.16666666666666666,,0.6,,,,,,0.25,1.0,1.0,,,0.14285714285714285,,,,,,,,,,,,,,False,,,,,,,,,,,,
203994,1610612756,Jusuf Nurkić,Jusuf Nurkić,203994,PHX,31614.0,527,-41,1085,1078,153.0,144,89.0,2163,38.0,59.0,5.0,8.0,15.0,38.0,,5.0,10.0,,,12.0,40.0,1.0,2.0,3.0,53.0,97.0,17.0,50.0,42.0,199.0,1272,1.0,3.0,28.0,10.0,13.0,2.0,3.0,33.0,72.0,34.0,48.0,40.0,12.0,26.0,15.0,41.0,12.0,17.0,97.0,11.0,27.0,85.0,83.0,3.0,171.0,38.0,209.0,22.0,9.0,5.0,22.0,51.0,36.0,68.0,53.0,57.0,27.0,12.0,7.0,4.0,12.0,8.0,33.0,152.0,0.6792452830188679,0.7659574468085106,0.9411764705882353,0.34,0.3333333333333333,0.6666666666666666,0.34,0.5463917525773195,0.7692307692307693,0.5340136054421769,0.525,0.8125,0.5784883720930233,0.5384615384615384,0.7857142857142857,0.3401360544217687,18.78172588832487,0.1875,0.32421875,0.12735849056603774,0.33073929961089493,0.0421455938697318,0.32748538011695905,0.080338266384778,0.15789473684210525,0.04433497536945813,0.3458646616541353,0.33181818181818185,0.32432432432432434,0.6666666666666666,0.4013605442176871,0.6440677966101694,0.6666666666666666,0.6842105263157895,0.2585034013605442,0.39473684210526316,0.4838709677419355,0.6666666666666666,,0.06802721088435375,0.5,0.5,1.0,0.272108843537415,0.3,0.3,0.9166666666666666,0.1,0.5,1.0,0.5,0.625,,,0.1875,0.7414965986394558,0.3,0.551457931034483,0.5640035714285714,0.53363,0.16071428571428573,0.2288135593220339,0.1407035175879397,0.1658291457286432,3.951546391752577,26.291999999999998,0.14101382488479264,7.0,13.0,,9.0,17.0,7.0,7.0,,5.0,0.5294117647058824,0.2839506172839506,,,0.65,0.5384615384615384,0.14285714285714285,,1.0,2.0,7.0,12.0,9.0,,3.0,2.0,,13.0,29.0,20.0,9.0,8.0,,6.0,4.0,,,3.0,,0.09278350515463918,0.03389830508474576,0.18421052631578946,,0.5686274509803921,,0.034482758620689655,0.05,,,0.6666666666666666,2.0,15.0,3.0,,0.3333333333333333,,4.0,1.0,0.1346153846153846,0.05970149253731343,3.0,,,2.0,0.043478260869565216,4.0,5.0,,False,,,,,,,,,,,,
1628420,1610612756,Monté Morris,Monté Morris,1628420,PHX,21286.0,355,5,720,718,248.0,247,71.0,1438,5.0,10.0,1.0,2.0,13.0,38.0,13.0,6.0,25.0,3.0,8.0,7.0,18.0,,1.0,3.0,24.0,61.0,13.0,43.0,24.0,111.0,821,1.0,4.0,12.0,8.0,24.0,4.0,11.0,42.0,28.0,20.0,33.0,18.0,7.0,31.0,15.0,46.0,9.0,13.0,107.0,3.0,4.0,20.0,12.0,,32.0,7.0,39.0,11.0,5.0,2.0,3.0,12.0,8.0,16.0,20.0,29.0,10.0,2.0,1.0,1.0,3.0,2.0,42.0,248.0,0.5833333333333334,0.5833333333333334,0.8461538461538461,0.3023255813953488,0.25,0.36363636363636365,0.3023255813953488,0.39344262295081966,0.3333333333333333,0.4182692307692308,0.55,0.4,0.4703389830508475,0.5454545454545454,0.4883720930232558,0.41346153846153844,16.270337922403,,0.06486486486486487,0.026490066225165563,0.11049723756906077,0.01875,0.08743169398907104,0.022508038585209004,0.0425531914893617,,0.07142857142857142,0.11347517730496454,0.1,0.6666666666666666,0.09615384615384616,0.5,0.625,0.8,0.36538461538461536,0.34210526315789475,0.40625,0.5384615384615384,0.125,0.2403846153846154,0.24,0.24,1.0,0.17307692307692307,0.3888888888888889,0.3888888888888889,0.7142857142857143,0.1,,,0.05714285714285714,0.5,0.22857142857142856,0.375,0.08571428571428572,0.5096153846153846,0.3888888888888889,0.49521346153846163,0.49934999999999996,0.46596000000000004,0.09565217391304348,0.14084507042253522,0.10810810810810811,0.3783783783783784,9.265573770491804,24.413953488372087,0.34444444444444444,1.0,1.0,6.0,4.0,6.0,1.0,6.0,,3.0,0.6666666666666666,0.06779661016949153,0.46153846153846156,0.46153846153846156,0.1,1.0,1.0,1.0,3.0,1.0,14.0,,8.0,,6.0,12.0,,6.0,9.0,6.0,3.0,2.0,,,3.0,1.0,,3.0,,0.13114754098360656,0.2,0.15789473684210525,,0.75,,0.07317073170731707,0.3,0.3333333333333333,1.0,0.3333333333333333,,,5.0,1.0,0.03571428571428571,0.022727272727272728,2.0,,,0.034482758620689655,6.0,,0.5,3.0,,,1.0,,False,,,,1.0,,,1.0,,,,,
1642345,1610612756,Oso Ighodaro,Oso Ighodaro,1642345,PHX,26527.0,442,-18,894,905,256.0,308,76.0,1799,27.0,32.0,7.0,10.0,11.0,31.0,2.0,,,,,,2.0,,,2.0,38.0,65.0,,2.0,16.0,92.0,1015,,,11.0,9.0,15.0,,2.0,23.0,62.0,14.0,,1.0,,17.0,13.0,30.0,7.0,3.0,73.0,11.0,12.0,40.0,29.0,1.0,70.0,23.0,93.0,12.0,8.0,4.0,9.0,15.0,31.0,48.0,20.0,30.0,11.0,11.0,5.0,6.0,11.0,6.0,22.0,254.0,0.8157894736842105,0.8611111111111112,,,,,,0.5846153846153846,0.6,0.5671641791044776,0.5555555555555556,0.5294117647058824,0.5679012345679012,0.55,0.5,0.029850746268656716,9.836065573770492,0.038461538461538464,0.13551401869158877,0.06451612903225806,0.17094017094017094,0.052884615384615384,0.15401785714285715,0.0583756345177665,0.06837606837606838,0.04195804195804196,0.1188118811881188,0.19318181818181818,0.10344827586206896,0.5454545454545454,0.47761194029850745,0.84375,0.8709677419354839,0.8148148148148148,0.4626865671641791,0.3548387096774194,0.4074074074074074,0.8181818181818182,0.029850746268656716,,,,,0.029850746268656716,,,,,,,0.5882352941176471,0.7,,,0.11764705882352941,0.5074626865671642,,0.5509174242424243,0.5305,0.5911343750000001,0.14473684210526316,0.14864864864864866,0.11956521739130435,0.25,5.556923076923076,44.4,0.28635346756152125,2.0,3.0,,5.0,9.0,1.0,8.0,,5.0,0.5555555555555556,0.17073170731707318,,,0.3333333333333333,0.6666666666666666,,,,,5.0,4.0,5.0,,6.0,6.0,,4.0,6.0,3.0,3.0,4.0,1.0,2.0,5.0,,,4.0,,0.07692307692307693,0.03125,0.12903225806451613,,0.4,,0.07692307692307693,,,,,1.0,2.0,7.0,,0.0967741935483871,,2.0,,,0.08695652173913043,,,,,0.08,1.0,1.0,,False,1.0,,,,,,,,,1.0,2.0,
1628960,1610612756,Grayson Allen,Grayson Allen,1628960,PHX,71595.0,1193,-22,2456,2427,830.0,676,223.0,4883,33.0,50.0,13.0,19.0,13.0,44.0,1.0,40.0,80.0,15.0,25.0,77.0,187.0,15.0,25.0,48.0,47.0,95.0,117.0,267.0,70.0,515.0,2953,18.0,30.0,58.0,17.0,34.0,37.0,73.0,166.0,68.0,26.0,345.0,187.0,77.0,62.0,44.0,106.0,22.0,35.0,256.0,18.0,9.0,60.0,60.0,2.0,122.0,27.0,149.0,45.0,21.0,2.0,12.0,50.0,39.0,73.0,80.0,85.0,28.0,19.0,8.0,11.0,19.0,11.0,161.0,816.0,0.723404255319149,0.723404255319149,0.9829059829059829,0.43820224719101125,0.6,0.5068493150684932,0.43820224719101125,0.49473684210526314,0.5,0.6146408839779005,0.8,0.677570093457944,0.64375,0.8055555555555556,0.6916666666666667,0.7375690607734806,16.660496112550906,0.03508771929824561,0.10526315789473684,0.0200445434298441,0.1048951048951049,0.03208556149732621,0.10507880910683012,0.026732673267326732,0.015748031496062992,0.02962962962962963,0.1254125412541254,0.1091314031180401,0.08943089430894309,0.5789473684210527,0.13812154696132597,0.66,0.7333333333333333,0.696969696969697,0.12154696132596685,0.29545454545454547,0.34210526315789475,0.7692307692307693,0.0027624309392265192,0.22099447513812154,0.5,0.5063291139240507,1.0,0.5165745856353591,0.4117647058823529,0.4207650273224044,0.974025974025974,0.7142857142857143,0.6,1.0,0.17757009345794392,0.6842105263157895,0.2336448598130841,0.6,0.4485981308411215,0.8756906077348067,0.4117647058823529,0.5361864640883979,0.5306861111111112,0.5190242990654206,0.08226221079691516,0.23333333333333334,0.11262135922330097,0.32233009708737864,5.000000000000001,25.7322097378277,0.33794788273615634,,,1.0,1.0,5.0,2.0,18.0,,3.0,0.2,0.0935672514619883,1.0,1.0,,,,3.0,5.0,22.0,21.0,,11.0,5.0,22.0,9.0,,24.0,38.0,29.0,9.0,13.0,,3.0,11.0,,,7.0,0.018726591760299626,0.11578947368421053,0.1,0.13636363636363635,0.0125,0.76,,0.038461538461538464,0.14285714285714285,0.6,1.0,0.4583333333333333,4.0,4.0,4.0,4.0,0.0625,0.01486988847583643,2.0,,0.03773584905660377,0.0111731843575419,6.0,0.0213903743315508,1.0,6.0,0.011235955056179775,3.0,3.0,1.0,False,,2.0,,,,,1.0,,,,,
1629626,1610612756,Bol Bol,Bol Bol,1629626,PHX,23252.0,388,-35,805,806,154.0,160,70.0,1611,12.0,16.0,2.0,2.0,29.0,41.0,21.0,14.0,42.0,4.0,10.0,13.0,40.0,,3.0,7.0,55.0,78.0,27.0,82.0,17.0,208.0,963,,3.0,18.0,10.0,14.0,7.0,17.0,47.0,92.0,18.0,81.0,40.0,13.0,12.0,6.0,18.0,6.0,3.0,42.0,12.0,5.0,42.0,27.0,8.0,77.0,17.0,94.0,6.0,3.0,1.0,5.0,16.0,14.0,18.0,16.0,22.0,9.0,18.0,6.0,11.0,22.0,14.0,46.0,153.0,0.8363636363636363,0.9387755102040817,1.0,0.32926829268292684,,0.4117647058823529,0.32926829268292684,0.7051282051282052,0.7142857142857143,0.596875,0.5294117647058824,0.6612903225806451,0.611764705882353,0.5294117647058824,0.6714285714285714,0.5125,21.088435374149658,0.3333333333333333,0.14917127071823205,0.02976190476190476,0.18666666666666668,0.06666666666666667,0.16995073891625614,0.04885057471264368,0.017857142857142856,0.06153846153846154,0.13861386138613863,0.1875,0.18461538461538463,0.6363636363636364,0.1,0.75,0.75,0.5833333333333334,0.25625,0.7073170731707317,0.7073170731707317,0.8620689655172413,0.13125,0.2625,0.3333333333333333,0.3333333333333333,1.0,0.25,0.325,0.325,1.0,0.17647058823529413,,,0.06451612903225806,1.0,0.3225806451612903,0.4,0.22580645161290322,0.6125,0.325,0.5154784375,0.5150954545454545,0.4898419354838709,0.05389221556886228,0.10588235294117647,0.08653846153846154,0.22596153846153846,9.747435897435897,24.70731707317073,0.19130434782608696,4.0,6.0,14.0,9.0,14.0,,6.0,3.0,1.0,0.6428571428571429,0.14285714285714285,0.6666666666666666,0.6666666666666666,0.35294117647058826,0.6666666666666666,,,,3.0,6.0,12.0,,,,3.0,,3.0,11.0,5.0,6.0,4.0,,2.0,3.0,4.0,1.0,2.0,,,,,,0.6875,,0.08,,,,0.42857142857142855,1.0,,2.0,,0.20833333333333334,,2.0,1.0,0.1,0.025974025974025976,,,1.0,,0.027777777777777776,3.0,1.0,,False,,,,3.0,5.0,,,,,,,
1630208,1610612756,Nick Richards,Nick Richards,1630208,PHX,34674.0,578,-85,1164,1183,115.0,100,123.0,2347,77.0,102.0,6.0,9.0,21.0,52.0,7.0,,1.0,,,,,,,,101.0,161.0,,1.0,46.0,248.0,1447,,1.0,64.0,7.0,13.0,,,23.0,148.0,54.0,,,,6.0,10.0,16.0,4.0,,42.0,26.0,35.0,94.0,73.0,8.0,175.0,62.0,237.0,4.0,3.0,1.0,16.0,33.0,42.0,68.0,44.0,57.0,28.0,22.0,10.0,12.0,22.0,14.0,23.0,115.0,0.7326732673267327,0.925,,,,,,0.6273291925465838,0.5384615384615384,0.6234567901234568,0.7714285714285715,0.5384615384615384,0.6595744680851063,0.7804878048780488,0.6388888888888888,0.006172839506172839,16.97388632872504,0.24242424242424243,0.2616487455197133,0.13011152416356878,0.30128205128205127,0.10236220472440945,0.2825719120135364,0.11663479923518165,0.12883435582822086,0.08839779005524862,0.3125,0.3148936170212766,0.2597402597402597,0.6363636363636364,0.6296296296296297,0.7549019607843137,0.8461538461538461,0.6753246753246753,0.32098765432098764,0.40384615384615385,0.5121951219512195,0.9047619047619048,0.043209876543209874,0.006172839506172839,,,,,,,,,,,0.6923076923076923,0.6666666666666666,,,,0.6358024691358025,,0.5590234567901234,0.5556846153846153,0.5199384615384615,0.15135135135135136,0.15217391304347827,0.25806451612903225,0.09274193548387097,4.141614906832299,22.3,0.09879725085910653,26.0,31.0,3.0,27.0,34.0,10.0,5.0,1.0,3.0,0.7941176470588235,0.22093023255813954,0.42857142857142855,0.42857142857142855,0.8857142857142857,0.8387096774193549,0.15384615384615385,,1.0,,9.0,42.0,22.0,,6.0,1.0,1.0,1.0,17.0,7.0,10.0,3.0,,5.0,3.0,,,3.0,,0.13664596273291926,0.10784313725490197,0.21153846153846154,,0.5151515151515151,0.05263157894736842,0.136986301369863,0.02857142857142857,,,,1.0,12.0,1.0,,0.1836734693877551,,3.0,,0.21568627450980393,0.07692307692307693,,,1.0,1.0,0.05454545454545454,4.0,8.0,1.0,False,,,,,5.0,,,,,1.0,2.0,
1642346,1610612756,Ryan Dunn,Ryan Dunn,1642346,PHX,51896.0,865,-64,1734,1773,290.0,344,209.0,3507,46.0,63.0,8.0,10.0,27.0,58.0,7.0,27.0,86.0,4.0,11.0,18.0,61.0,1.0,4.0,17.0,74.0,128.0,45.0,147.0,9.0,292.0,2044,6.0,15.0,48.0,9.0,16.0,9.0,28.0,46.0,116.0,32.0,135.0,61.0,18.0,16.0,23.0,39.0,11.0,7.0,101.0,21.0,21.0,60.0,41.0,9.0,110.0,43.0,153.0,20.0,15.0,3.0,11.0,21.0,62.0,108.0,17.0,21.0,8.0,21.0,9.0,12.0,24.0,14.0,45.0,285.0,0.7837837837837838,0.90625,1.0,0.30612244897959184,0.4,0.32142857142857145,0.30612244897959184,0.578125,0.5625,0.5145454545454545,0.5454545454545454,0.5113636363636364,0.512280701754386,0.5454545454545454,0.5111111111111111,0.5345454545454545,15.548780487804878,0.1956521739130435,0.0876068376068376,0.05398457583547558,0.1360544217687075,0.0481651376146789,0.1111111111111111,0.05090909090909091,0.045662100456621,0.047619047619047616,0.08403361344537816,0.13793103448275862,0.12903225806451613,0.5833333333333334,0.2290909090909091,0.7301587301587301,0.8214285714285714,0.717391304347826,0.2109090909090909,0.46551724137931033,0.5192307692307693,0.8888888888888888,0.025454545454545455,0.31272727272727274,0.313953488372093,0.3176470588235294,1.0,0.22181818181818183,0.29508196721311475,0.3,1.0,0.09090909090909091,0.25,1.0,0.22727272727272727,0.8,0.25,0.36363636363636365,0.38636363636363635,0.7636363636363637,0.29508196721311475,0.5559616363636363,0.5368819999999999,0.5581625,0.03169014084507042,0.058823529411764705,0.1643835616438356,0.15753424657534246,5.307031249999999,24.399319727891168,0.16724336793540945,11.0,20.0,1.0,15.0,29.0,,7.0,1.0,3.0,0.5172413793103449,0.09090909090909091,0.14285714285714285,0.14285714285714285,0.45454545454545453,0.55,0.18181818181818182,5.0,11.0,5.0,1.0,20.0,13.0,2.0,12.0,2.0,1.0,5.0,10.0,7.0,3.0,1.0,2.0,,1.0,3.0,1.0,,0.013605442176870748,0.1015625,0.1111111111111111,0.10344827586206896,0.011627906976744186,0.47619047619047616,0.02127659574468085,0.04929577464788732,0.25,0.45454545454545453,1.0,0.29411764705882354,1.0,4.0,8.0,1.0,0.09210526315789473,0.006756756756756757,3.0,,0.04819277108433735,0.021739130434782608,,0.01639344262295082,1.0,3.0,0.08045977011494253,2.0,,,False,,,,2.0,2.0,,,,,,,
201142,1610612756,Kevin Durant,Kevin Durant,201142,PHX,110486.0,1841,25,3786,3768,927.0,795,315.0,7554,84.0,106.0,19.0,25.0,178.0,333.0,161.0,37.0,74.0,9.0,15.0,90.0,232.0,12.0,27.0,64.0,353.0,600.0,127.0,306.0,232.0,1319.0,4458,15.0,32.0,95.0,83.0,141.0,31.0,79.0,355.0,310.0,396.0,330.0,232.0,90.0,139.0,78.0,217.0,46.0,86.0,512.0,11.0,7.0,137.0,129.0,17.0,283.0,18.0,301.0,43.0,31.0,12.0,48.0,147.0,46.0,87.0,263.0,281.0,115.0,59.0,20.0,36.0,64.0,34.0,355.0,913.0,0.43909348441926344,0.4454022988505747,0.8661417322834646,0.4150326797385621,0.46875,0.3924050632911392,0.4150326797385621,0.5883333333333334,0.5886524822695035,0.5998896247240618,0.6953125,0.5886363636363636,0.6400778210116731,0.7196969696969697,0.6483516483516484,0.33774834437086093,28.45036319612591,0.1717171717171717,0.14576271186440679,0.009114583333333334,0.1451271186440678,0.01437908496732026,0.14543466375068342,0.011741682974559686,0.008928571428571428,0.014814814814814815,0.14132762312633834,0.13728129205921938,0.17412935323383086,0.53125,0.11699779249448124,0.7924528301886793,0.8316831683168316,0.6190476190476191,0.3675496688741722,0.5345345345345346,0.5650793650793651,0.34831460674157305,0.17770419426048564,0.08167770419426049,0.5,0.5,1.0,0.2560706401766004,0.3879310344827586,0.3930131004366812,0.8111111111111111,0.421875,0.4444444444444444,1.0,0.11363636363636363,0.76,0.06818181818181818,0.6,0.2909090909090909,0.45474613686534215,0.3879310344827586,0.49570248344370826,0.4644851351351353,0.4769675000000001,0.11947791164658635,0.16739446870451238,0.07202426080363912,0.26914329037149354,10.306499999999996,25.488562091503272,0.24484944532488115,4.0,6.0,91.0,22.0,32.0,6.0,46.0,3.0,3.0,0.6875,0.09363295880149813,0.5652173913043478,0.56875,0.09375,0.6666666666666666,0.5,3.0,5.0,22.0,96.0,10.0,24.0,3.0,32.0,7.0,,12.0,99.0,68.0,31.0,36.0,2.0,28.0,32.0,5.0,2.0,32.0,0.00980392156862745,0.04,0.04716981132075472,0.05405405405405406,,0.673469387755102,,0.013333333333333334,0.078125,0.6,1.0,0.34375,9.0,13.0,7.0,4.0,0.25165562913907286,0.012944983818770227,5.0,3.0,0.012578616352201259,0.01272264631043257,51.0,0.01293103448275862,0.45054945054945056,5.0,0.006211180124223602,7.0,11.0,1.0,False,,1.0,3.0,3.0,,0.006211180124223602,6.0,2.0,,,,
203078,1610612756,Bradley Beal,Bradley Beal,203078,PHX,81570.0,1360,-182,2793,2787,655.0,604,214.0,5580,82.0,110.0,23.0,33.0,77.0,142.0,87.0,29.0,71.0,3.0,11.0,53.0,130.0,5.0,10.0,25.0,195.0,339.0,82.0,201.0,90.0,726.0,3379,8.0,15.0,54.0,37.0,68.0,13.0,36.0,151.0,214.0,176.0,219.0,130.0,53.0,88.0,72.0,160.0,45.0,41.0,392.0,10.0,18.0,57.0,52.0,10.0,119.0,29.0,148.0,42.0,23.0,8.0,25.0,80.0,68.0,107.0,95.0,112.0,44.0,19.0,6.0,12.0,22.0,15.0,146.0,645.0,0.5487179487179488,0.5631578947368421,0.8902439024390244,0.4079601990049751,0.5333333333333333,0.3611111111111111,0.4079601990049751,0.5752212389380531,0.5441176470588235,0.5888888888888889,0.6578947368421053,0.5432692307692307,0.612141652613828,0.6428571428571429,0.58984375,0.37222222222222223,22.185539782106307,0.13513513513513514,0.07819548872180451,0.03220035778175313,0.08962264150943396,0.017123287671232876,0.08378170637970792,0.024496937882764653,0.025974025974025976,0.01488833746898263,0.06376811594202898,0.07572815533980583,0.1487603305785124,0.6818181818181818,0.2037037037037037,0.7454545454545455,0.780952380952381,0.5365853658536586,0.26296296296296295,0.5422535211267606,0.5746268656716418,0.5324675324675324,0.16111111111111112,0.13148148148148148,0.4084507042253521,0.4084507042253521,1.0,0.24074074074074073,0.4076923076923077,0.4108527131782946,0.8301886792452831,0.2631578947368421,0.5,0.8,0.3173076923076923,0.696969696969697,0.10576923076923077,0.2727272727272727,0.2403846153846154,0.575925925925926,0.4076923076923077,0.5180877777777779,0.5195065217391304,0.5216019230769231,0.07785467128027682,0.11671087533156499,0.0743801652892562,0.20798898071625344,8.897640117994104,25.14527363184079,0.23451485857500895,4.0,10.0,36.0,13.0,23.0,4.0,30.0,5.0,4.0,0.5652173913043478,0.07035175879396985,0.41379310344827586,0.4235294117647059,0.2631578947368421,0.4,,3.0,5.0,10.0,38.0,10.0,15.0,1.0,27.0,17.0,1.0,19.0,55.0,36.0,19.0,22.0,1.0,6.0,15.0,3.0,,10.0,0.004975124378109453,0.04424778761061947,0.045454545454545456,0.056338028169014086,,0.6875,0.01694915254237288,0.022099447513812154,0.13157894736842105,0.6,1.0,0.4,8.0,1.0,11.0,1.0,0.1322314049586777,0.004975124378109453,5.0,1.0,0.017094017094017096,0.020833333333333332,27.0,0.007692307692307693,0.6111111111111112,6.0,0.05970149253731343,2.0,5.0,3.0,False,,1.0,,3.0,,0.022988505747126436,2.0,1.0,,,,1.0
203486,1610612756,Mason Plumlee,Mason Plumlee,203486,PHX,63487.0,1058,76,2152,2126,590.0,495,217.0,4278,93.0,122.0,31.0,38.0,14.0,44.0,1.0,,1.0,,,,2.0,,,1.0,107.0,167.0,,3.0,66.0,280.0,2506,,,67.0,34.0,49.0,,1.0,99.0,168.0,46.0,,1.0,,71.0,37.0,108.0,26.0,28.0,253.0,36.0,53.0,129.0,130.0,18.0,277.0,89.0,366.0,27.0,16.0,3.0,22.0,44.0,78.0,128.0,87.0,102.0,45.0,38.0,19.0,19.0,39.0,27.0,98.0,585.0,0.7850467289719626,0.9438202247191011,,,,,,0.6407185628742516,0.6938775510204082,0.6294117647058823,0.625,0.68,0.6422018348623854,0.6203703703703703,0.7071428571428572,0.01764705882352941,10.96234309623431,0.34615384615384615,0.23897058823529413,0.11963882618510158,0.26326530612244897,0.0767590618336887,0.2504835589941973,0.09758771929824561,0.128,0.075,0.2568493150684932,0.2777777777777778,0.21428571428571427,0.6923076923076923,0.7176470588235294,0.7622950819672131,0.8454545454545455,0.7741935483870968,0.25882352941176473,0.3181818181818182,0.42424242424242425,0.8571428571428571,0.0058823529411764705,0.0058823529411764705,,,,0.011764705882352941,,,,,,,0.76,0.8157894736842105,,,0.02,0.7352941176470589,,0.5811300595238097,0.5889484848484848,0.5987387755102043,0.215311004784689,0.21844660194174756,0.2392857142857143,0.3535714285714286,3.1023952095808376,39.5,0.2741635687732342,24.0,33.0,,25.0,40.0,17.0,29.0,2.0,11.0,0.625,0.14743589743589744,,,0.825,0.7272727272727273,0.20833333333333334,,,,31.0,36.0,23.0,,11.0,14.0,,11.0,22.0,12.0,10.0,14.0,2.0,6.0,9.0,1.0,,8.0,,0.1377245508982036,0.09836065573770492,0.25,,0.5,,0.08053691275167785,,,,,1.0,13.0,4.0,,0.3333333333333333,,9.0,,0.1553398058252427,0.25,,,,2.0,0.05555555555555555,7.0,13.0,1.0,False,1.0,,,1.0,1.0,,,,,,3.0,
1631102,1610612756,TyTy Washington Jr.,TyTy Washington Jr.,1631102,PHX,4595.0,77,-16,155,159,53.0,52,20.0,314,,,,,6.0,12.0,4.0,1.0,6.0,,1.0,,9.0,,2.0,3.0,7.0,16.0,1.0,15.0,3.0,20.0,176,,2.0,2.0,1.0,5.0,,4.0,4.0,8.0,6.0,3.0,9.0,,8.0,2.0,10.0,1.0,5.0,22.0,2.0,2.0,7.0,1.0,,8.0,4.0,12.0,2.0,1.0,1.0,1.0,2.0,2.0,3.0,2.0,4.0,2.0,,,,,,4.0,53.0,0.5714285714285714,0.5714285714285714,1.0,0.06666666666666667,,,0.06666666666666667,0.4375,0.2,0.27419354838709675,0.3333333333333333,0.1111111111111111,0.30303030303030304,0.3333333333333333,0.2,0.4838709677419355,19.774011299435028,,0.025,0.05263157894736842,0.1891891891891892,0.044444444444444446,0.1038961038961039,0.04819277108433735,0.08333333333333333,0.06666666666666667,,0.2222222222222222,0.1,,,,,,0.3870967741935484,0.5,0.5,0.5,0.12903225806451613,0.1935483870967742,0.16666666666666666,0.16666666666666666,1.0,0.2903225806451613,,,,0.6666666666666666,,,,,0.1111111111111111,,0.3333333333333333,0.4838709677419355,,0.4829435483870968,,0.45265,0.06060606060606061,0.1111111111111111,0.1,0.2,11.081250000000002,25.25333333333333,0.3419354838709677,,,1.0,1.0,1.0,,2.0,,1.0,1.0,,0.25,0.25,,,,,,,2.0,,,,1.0,1.0,,1.0,1.0,1.0,,1.0,,,,,,,,,,,,0.5,,,,,,,,,,,0.16666666666666666,,,,,,,,1.0,,,,,,False,,,,,,,,,,,,
1631221,1610612756,Collin Gillespie,Collin Gillespie,1631221,PHX,6250.0,104,9,215,218,89.0,96,23.0,433,6.0,7.0,2.0,3.0,3.0,9.0,6.0,3.0,4.0,2.0,2.0,5.0,13.0,,,6.0,12.0,22.0,8.0,17.0,6.0,54.0,238,,1.0,,6.0,9.0,4.0,8.0,25.0,10.0,14.0,21.0,12.0,5.0,13.0,7.0,20.0,3.0,6.0,47.0,1.0,6.0,5.0,5.0,,10.0,7.0,17.0,3.0,2.0,,2.0,5.0,5.0,11.0,8.0,7.0,4.0,2.0,1.0,1.0,2.0,2.0,25.0,88.0,0.4166666666666667,0.4166666666666667,0.875,0.47058823529411764,,0.5,0.5,0.5454545454545454,0.6666666666666666,0.6153846153846154,,0.7058823529411765,0.6428571428571429,,0.7352941176470589,0.4358974358974359,19.665271966527197,,0.1111111111111111,0.13043478260869565,0.09803921568627451,0.022222222222222223,0.10416666666666667,0.07692307692307693,0.12,0.03333333333333333,0.10526315789473684,0.10810810810810811,0.07142857142857142,1.0,0.1794871794871795,0.8571428571428571,1.0,0.5,0.23076923076923078,0.3333333333333333,0.5,0.3333333333333333,0.15384615384615385,0.10256410256410256,0.75,0.75,1.0,0.3333333333333333,0.38461538461538464,0.38461538461538464,0.8,,,,0.17647058823529413,0.6666666666666666,0.11764705882352941,1.0,0.35294117647058826,0.6153846153846154,0.4166666666666667,0.5018368421052632,0.4001,0.5134970588235294,0.09523809523809523,0.16,,0.46296296296296297,8.759090909090908,27.158823529411762,0.413953488372093,,,3.0,,2.0,,5.0,,,,0.10526315789473684,0.5,0.5,,,,,1.0,2.0,1.0,,4.0,,4.0,2.0,,1.0,3.0,2.0,1.0,1.0,1.0,1.0,,,,,,0.18181818181818182,0.14285714285714285,0.3333333333333333,,0.6,,,0.3333333333333333,,,0.3333333333333333,1.0,,2.0,,0.14285714285714285,,,,0.125,,3.0,,0.3333333333333333,1.0,0.15384615384615385,,1.0,,False,1.0,,,,,,,,,,,
1641779,1610612756,Jalen Bridges,Jalen Bridges,1641779,PHX,1159.0,19,3,41,40,22.0,22,2.0,81,,,,,,,,1.0,2.0,1.0,1.0,,1.0,,,1.0,,,1.0,3.0,1.0,4.0,43,,,,,,1.0,2.0,3.0,,,3.0,1.0,,,,,,,,,,1.0,,,1.0,,1.0,,,,1.0,4.0,,,1.0,2.0,1.0,,,,,,3.0,22.0,,,1.0,0.3333333333333333,,0.5,0.3333333333333333,,,0.5,,0.75,0.5,,0.75,1.0,18.6046511627907,,,,0.09090909090909091,,0.05263157894736842,,,,,0.16666666666666666,,,,,,,,,,,,0.6666666666666666,0.5,0.5,1.0,0.3333333333333333,,,,,,,,,0.5,1.0,0.5,1.0,,0.5082,,0.485175,0.25,1.0,,0.75,,24.3,0.5365853658536586,,,,,,,,,,,,,,,,,,,,,,,,,,,,3.0,,3.0,1.0,,,,,,,,,,,,0.75,,,,,,,1.0,,,,,,,,,,,,,,,,,,False,,,,,,,,,,,,
203995,1610612756,Vasilije Micić,Vasilije Micić,203995,PHX,95.0,2,3,3,4,,4,1.0,7,,,,,,,,,,,,,,,,,,,,,,,2,,,,,,,,,,,,,,,,,,,,,,,,,,,,,,,,,,,,,,,,,,,,,,,,,,,,,,,,,,,,,,,,,,,,,,,,,,,,,,,,,,,,,,,,,,,,,,,,,,,,,,,,,,,,,,,,,,,,,,,,,,,,,,,,,,,,,,,,,,,,,,,,,,,,,,,,,,,,,,,,,,,,,,,,,,,,,,,,,,,False,,,,,,,,,,,,
