EntityId,TeamId,Name,ShortName,RowId,TeamAbbreviation,SecondsPlayed,Minutes,PlusMinus,OffPoss,DefPoss,PenaltyOffPoss,PenaltyDefPoss,SecondChanceOffPoss,TotalPoss,AtRimFGM,AtRimFGA,SecondChanceAtRimFGM,SecondChanceAtRimFGA,PenaltyAtRimFGM,PenaltyAtRimFGA,ShortMidRangeFGM,ShortMidRangeFGA,LongMidRangeFGM,LongMidRangeFGA,Corner3FGM,Corner3FGA,PenaltyCorner3FGA,Arc3FGM,Arc3FGA,SecondChanceArc3FGM,SecondChanceArc3FGA,PenaltyArc3FGM,PenaltyArc3FGA,FG2M,FG2A,FG3M,FG3A,FtPoints,Points,OpponentPoints,SecondChanceFG2M,SecondChanceFG2A,SecondChanceFG3M,SecondChanceFG3A,SecondChancePoints,PenaltyFG2M,PenaltyFG2A,PenaltyFG3M,PenaltyFG3A,PenaltyFtPoints,PenaltyPoints,PtsAssisted2s,PtsUnassisted2s,PtsAssisted3s,PtsPutbacks,NonHeaveArc3FGA,NonHeaveArc3FGM,Fg2aBlocked,TwoPtAssists,ThreePtAssists,Assists,Arc3Assists,AtRimAssists,ShortMidRangeAssists,AssistPoints,OffThreePtRebounds,OffTwoPtRebounds,DefThreePtRebounds,DefTwoPtRebounds,FTDefRebounds,DefRebounds,OffRebounds,Rebounds,Steals,BadPassSteals,LostBallSteals,LiveBallTurnovers,BadPassOutOfBoundsTurnovers,DeadBallTurnovers,LostBallTurnovers,StepOutOfBoundsTurnovers,Turnovers,PenaltyTurnovers,ShootingFouls,Fouls,Offensive Fouls,FoulsDrawn,Offensive Fouls Drawn,FTA,2pt And 1 Free Throw Trips,Technical Free Throw Trips,TwoPtShootingFoulsDrawn,NonShootingFoulsDrawn,DefensiveGoaltends,PenaltyPointsExcludingTakeFouls,PenaltyOffPossExcludingTakeFouls,NonShootingPenaltyNonTakeFoulsDrawn,Assisted2sPct,NonPutbacksAssisted2sPct,Assisted3sPct,Fg3Pct,SecondChanceFg3Pct,PenaltyFg3Pct,NonHeaveFg3Pct,Fg2Pct,SecondChanceFg2Pct,PenaltyFg2Pct,EfgPct,SecondChanceEfgPct,PenaltyEfgPct,TsPct,SecondChanceTsPct,PenaltyTsPct,FG3APct,FG2APctBlocked,ShortMidRangePctBlocked,Usage,LiveBallTurnoverPct,DefFTReboundPct,DefTwoPtReboundPct,OffTwoPtReboundPct,DefThreePtReboundPct,OffThreePtReboundPct,DefFGReboundPct,OffFGReboundPct,OffAtRimReboundPct,OffShortMidRangeReboundPct,OffArc3ReboundPct,DefAtRimReboundPct,DefShortMidRangeReboundPct,DefLongMidRangeReboundPct,DefArc3ReboundPct,DefCorner3ReboundPct,AtRimFrequency,AtRimAccuracy,UnblockedAtRimAccuracy,AtRimPctAssisted,ShortMidRangeFrequency,ShortMidRangeAccuracy,UnblockedShortMidRangeAccuracy,ShortMidRangePctAssisted,LongMidRangeFrequency,LongMidRangeAccuracy,UnblockedLongMidRangeAccuracy,LongMidRangePctAssisted,Corner3Frequency,Corner3Accuracy,UnblockedCorner3Accuracy,Corner3PctAssisted,Arc3Frequency,Arc3Accuracy,UnblockedArc3Accuracy,Arc3PctAssisted,SecondChanceAtRimFrequency,SecondChanceAtRimAccuracy,SecondChanceArc3Frequency,SecondChanceArc3Accuracy,SecondChanceArc3PctAssisted,PenaltyAtRimFrequency,PenaltyAtRimAccuracy,PenaltyCorner3Frequency,PenaltyArc3Frequency,PenaltyArc3Accuracy,AtRimFG3AFrequency,NonHeaveArc3Accuracy,ShotQualityAvg,SecondChanceShotQualityAvg,PenaltyShotQualityAvg,ShootingFoulsDrawnPct,TwoPtShootingFoulsDrawnPct,SecondChancePointsPct,PenaltyPointsPct,Avg2ptShotDistance,Avg3ptShotDistance,PenaltyOffPossPct,SecondChanceCorner3FGA,PenaltyCorner3FGM,SecondChanceFtPoints,Corner3Assists,SelfOReb,BadPassTurnovers,LostBallOutOfBoundsTurnovers,Travels,SecondChanceTurnovers,Charge Fouls,Loose Ball Fouls,Loose Ball Fouls Drawn,ThreePtShootingFoulsDrawn,Blocked2s,BlockedAtRim,BlockedShortMidRange,Blocks,RecoveredBlocks,NonShootingPenaltyNonTakeFouls,AtRimPctBlocked,OffCorner3ReboundPct,SelfORebPct,BlocksRecoveredPct,SecondChanceAtRimPctAssisted,SecondChanceCorner3Frequency,PenaltyCorner3Accuracy,ThreePtShootingFoulsDrawnPct,PtsUnassisted3s,HeaveAttempts,Fg3aBlocked,FTOffRebounds,Blocked3s,BlockedArc3,FG3APctBlocked,LongMidRangePctBlocked,Corner3PctBlocked,OffFTReboundPct,SecondChanceCorner3FGM,LongMidRangeAssists,Transition Take Fouls,Charge Fouls Drawn,OffLongMidRangeReboundPct,SecondChanceCorner3Accuracy,Defensive 3 Seconds Violations,Arc3PctBlocked,SecondChanceCorner3PctAssisted,3pt And 1 Free Throw Trips,on,OffensiveGoaltends,Transition Take Fouls Drawn,3SecondViolations,BlockedCorner3,BlockedLongMidRange,HeaveMakes,Clear Path Fouls
1628374,1610612762,Lauri Markkanen,Lauri Markkanen,1628374,UTA,7483.0,125.0,-41.0,261,270.0,84.0,88.0,26.0,531,12.0,13.0,3.0,3.0,4.0,4.0,1.0,6.0,2.0,2.0,1.0,2.0,1.0,8.0,25.0,1.0,1.0,1.0,8.0,15.0,21.0,9.0,27.0,12.0,69.0,322.0,4.0,4.0,1.0,1.0,11.0,5.0,7.0,1.0,9.0,5.0,18.0,16.0,14.0,27.0,6.0,25.0,8.0,1.0,5.0,4.0,9.0,4.0,3.0,2.0,22.0,2.0,2.0,12.0,10.0,2.0,24.0,4.0,28.0,5.0,4.0,1.0,2.0,1.0,3.0,2.0,1.0,5.0,2.0,7.0,11.0,1.0,11.0,2.0,12.0,1.0,1.0,5.0,1.0,2.0,18.0,84.0,1.0,0.5333333333333333,0.6666666666666666,1.0,0.3333333333333333,1.0,0.1111111111111111,0.3333333333333333,0.7142857142857143,1.0,0.7142857142857143,0.59375,1.1,0.40625,0.6415094339622641,1.1,0.4722222222222222,0.5625,0.0476190476190476,0.1666666666666666,19.93127147766323,0.4,0.3333333333333333,0.1818181818181818,0.0363636363636363,0.2,0.0307692307692307,0.1913043478260869,0.0333333333333333,0.0625,0.0285714285714285,0.0363636363636363,0.1176470588235294,0.1818181818181818,0.4,0.2,0.2,0.2708333333333333,0.9230769230769232,0.9230769230769232,0.5,0.125,0.1666666666666666,0.2,1.0,0.0416666666666666,1.0,1.0,0.5,0.0416666666666666,0.5,0.5,1.0,0.5208333333333334,0.32,0.32,1.0,0.6,1.0,0.2,1.0,1.0,0.25,1.0,0.0625,0.5,0.125,0.8333333333333334,0.32,0.5437364583333334,0.5412625,0.534453125,0.0961538461538461,0.2,0.1594202898550724,0.2608695652173913,5.180952380952381,26.27407407407408,0.3218390804597701,,,,,,,,,,,,,,,,,,,,,,,,,,,,,,,,,,,,,,,,,,,,,,,,True,,,,,,,
1628381,1610612762,John Collins,John Collins,1628381,UTA,9761.0,163.0,-6.0,357,347.0,100.0,92.0,51.0,704,20.0,30.0,7.0,10.0,6.0,8.0,17.0,35.0,1.0,3.0,2.0,5.0,2.0,,7.0,,,,1.0,38.0,68.0,2.0,12.0,30.0,112.0,392.0,9.0,13.0,,1.0,20.0,9.0,18.0,1.0,3.0,10.0,31.0,44.0,32.0,6.0,14.0,7.0,,10.0,4.0,9.0,13.0,7.0,2.0,2.0,35.0,3.0,12.0,21.0,15.0,2.0,38.0,15.0,53.0,7.0,4.0,3.0,10.0,2.0,9.0,4.0,,19.0,2.0,4.0,14.0,2.0,32.0,,35.0,6.0,,17.0,2.0,,31.0,100.0,2.0,0.5789473684210527,0.7096774193548387,1.0,0.1666666666666666,,0.3333333333333333,0.1666666666666666,0.5588235294117647,0.6923076923076923,0.5,0.5125,0.6428571428571429,0.5,0.5957446808510638,0.6666666666666666,0.5740740740740741,0.15,0.1470588235294117,0.1714285714285714,27.294685990338166,0.5263157894736842,0.25,0.1875,0.1428571428571428,0.2413793103448276,0.0434782608695652,0.2155688622754491,0.0980392156862745,0.1428571428571428,0.1636363636363636,0.0377358490566037,0.1071428571428571,0.2,0.3333333333333333,0.2741935483870967,0.16,0.375,0.6666666666666666,0.7692307692307693,0.6,0.4375,0.4857142857142857,0.5862068965517241,0.5294117647058824,0.0375,0.3333333333333333,0.3333333333333333,1.0,0.0625,0.4,0.4,1.0,0.0875,,,,0.7142857142857143,0.7,,,,0.3809523809523809,0.75,0.0952380952380952,0.0476190476190476,,0.525,,0.525308125,0.5694038461538462,0.5336000000000001,0.1956521739130435,0.2151898734177215,0.1785714285714285,0.2767857142857143,4.894117647058823,24.65833333333333,0.2801120448179272,1.0,1.0,2.0,2.0,5.0,6.0,3.0,1.0,2.0,1.0,1.0,1.0,1.0,4.0,1.0,3.0,4.0,3.0,1.0,0.1333333333333333,0.0625,0.1724137931034483,0.75,0.1428571428571428,0.0714285714285714,0.5,0.0769230769230769,,,,,,,,,,,,,,,,,,,,,True,,,,,,,
1629012,1610612762,Collin Sexton,Collin Sexton,1629012,UTA,12189.0,203.0,-35.0,417,424.0,92.0,109.0,42.0,841,12.0,18.0,,,,1.0,17.0,40.0,5.0,10.0,3.0,6.0,2.0,8.0,24.0,1.0,2.0,1.0,6.0,34.0,68.0,11.0,30.0,31.0,132.0,505.0,1.0,4.0,1.0,2.0,5.0,5.0,14.0,1.0,8.0,9.0,22.0,20.0,48.0,21.0,,23.0,8.0,9.0,16.0,12.0,28.0,7.0,7.0,9.0,68.0,2.0,3.0,7.0,4.0,,11.0,6.0,17.0,6.0,3.0,3.0,7.0,3.0,5.0,4.0,,12.0,2.0,7.0,12.0,1.0,24.0,,37.0,3.0,4.0,16.0,2.0,,22.0,92.0,2.0,0.2941176470588235,0.2941176470588235,0.6363636363636364,0.3666666666666666,0.5,0.125,0.3793103448275862,0.5,0.25,0.3571428571428571,0.5153061224489796,0.4166666666666667,0.2954545454545454,0.5663716814159292,0.4166666666666667,0.3793103448275862,0.3061224489795918,0.1323529411764706,0.2,26.70940170940171,0.5833333333333334,,0.0421052631578947,0.0309278350515463,0.0642201834862385,0.0204081632653061,0.0539215686274509,0.0256410256410256,,0.05,0.0133333333333333,0.0666666666666666,0.0181818181818181,0.1,0.0823529411764705,,0.1836734693877551,0.6666666666666666,0.6666666666666666,0.1666666666666666,0.4081632653061224,0.425,0.53125,0.3529411764705882,0.1020408163265306,0.5,0.5555555555555556,0.4,0.0612244897959183,0.5,0.6,0.6666666666666666,0.2448979591836734,0.3333333333333333,0.3333333333333333,0.625,,,0.3333333333333333,0.5,1.0,0.0454545454545454,,0.0909090909090909,0.2727272727272727,0.1666666666666666,0.4897959183673469,0.3478260869565217,0.4906463917525772,0.4557166666666667,0.4700857142857143,0.1441441441441441,0.1975308641975308,0.0378787878787878,0.1666666666666666,6.894117647058824,26.02333333333333,0.2206235011990407,,,,5.0,2.0,3.0,,1.0,2.0,,,1.0,,,,,1.0,1.0,,,0.0434782608695652,0.048780487804878,1.0,,,,,12.0,1.0,1.0,1.0,1.0,1.0,0.0333333333333333,0.1,0.1666666666666666,0.0769230769230769,,,,,,,,,,,True,,,,,,,
1629234,1610612762,Drew Eubanks,Drew Eubanks,1629234,UTA,34096.0,568.0,-117.0,1189,1198.0,313.0,312.0,120.0,2387,49.0,66.0,9.0,19.0,10.0,15.0,36.0,74.0,,,3.0,4.0,1.0,,1.0,,,,,85.0,140.0,3.0,5.0,36.0,215.0,1422.0,12.0,27.0,1.0,2.0,31.0,13.0,23.0,1.0,1.0,8.0,37.0,140.0,30.0,6.0,14.0,1.0,,14.0,22.0,23.0,45.0,18.0,9.0,7.0,113.0,12.0,28.0,61.0,56.0,11.0,128.0,40.0,168.0,10.0,6.0,4.0,17.0,3.0,14.0,6.0,,31.0,7.0,28.0,46.0,5.0,52.0,1.0,57.0,2.0,,25.0,5.0,1.0,37.0,313.0,4.0,0.8235294117647058,0.8974358974358975,0.6666666666666666,0.6,0.5,1.0,0.6,0.6071428571428571,0.4444444444444444,0.5652173913043478,0.6172413793103448,0.4655172413793103,0.6041666666666666,0.6213872832369942,0.484375,0.578125,0.0344827586206896,0.1,0.1351351351351351,15.27464258841234,0.5483870967741935,0.3666666666666666,0.2196078431372549,0.1064638783269961,0.1967741935483871,0.0444444444444444,0.2070796460176991,0.075046904315197,0.1029411764705882,0.10828025477707,0.0465116279069767,0.1481481481481481,0.2482269503546099,0.2727272727272727,0.1924686192468619,0.2112676056338028,0.4551724137931034,0.7424242424242424,0.7903225806451613,0.8367346938775511,0.5103448275862069,0.4864864864864865,0.5625,0.8055555555555556,,,,,0.0275862068965517,0.75,0.75,0.6666666666666666,0.0068965517241379,,,,0.6551724137931034,0.4736842105263157,,,,0.625,0.6666666666666666,0.0416666666666666,,,0.4896551724137931,,0.5133482758620689,0.5266717391304347,0.5036312499999999,0.1488095238095238,0.1533742331288343,0.1441860465116279,0.1720930232558139,4.840714285714285,23.940000000000005,0.2632464255677039,2.0,1.0,4.0,5.0,4.0,11.0,3.0,3.0,4.0,,3.0,7.0,,32.0,20.0,12.0,32.0,17.0,1.0,0.0606060606060606,0.0363636363636363,0.0930232558139534,0.53125,0.2222222222222222,0.0689655172413793,1.0,,3.0,,,,,,,,,,1.0,6.0,1.0,1.0,0.1052631578947368,0.5,,,,,True,,,,,,,
1641718,1610612762,Keyonte George,Keyonte George,1641718,UTA,10405.0,173.0,-64.0,373,374.0,108.0,128.0,39.0,747,6.0,9.0,,,2.0,4.0,10.0,25.0,2.0,10.0,2.0,4.0,1.0,16.0,46.0,1.0,1.0,5.0,15.0,18.0,44.0,18.0,50.0,38.0,128.0,490.0,,1.0,1.0,2.0,6.0,5.0,12.0,6.0,16.0,19.0,47.0,12.0,24.0,42.0,,46.0,16.0,6.0,20.0,13.0,33.0,8.0,10.0,10.0,79.0,1.0,1.0,11.0,2.0,2.0,15.0,2.0,17.0,5.0,2.0,3.0,5.0,,6.0,,2.0,11.0,2.0,4.0,10.0,,26.0,1.0,41.0,2.0,3.0,14.0,3.0,,47.0,108.0,3.0,0.3333333333333333,0.3333333333333333,0.7777777777777778,0.36,0.5,0.375,0.36,0.4090909090909091,,0.4166666666666667,0.4787234042553192,0.5,0.5,0.5630630630630631,0.75,0.6216216216216216,0.5319148936170213,0.1363636363636363,0.12,29.256594724220623,0.4545454545454545,0.1666666666666666,0.0285714285714285,0.0120481927710843,0.1264367816091954,0.0123456790123456,0.0828025477707006,0.0121951219512195,,0.0188679245283018,,,0.0465116279069767,,0.1111111111111111,0.1666666666666666,0.0957446808510638,0.6666666666666666,0.8571428571428571,0.5,0.2659574468085106,0.4,0.4545454545454545,0.3,0.1063829787234042,0.2,0.2222222222222222,,0.0425531914893617,0.5,0.5,1.0,0.4893617021276595,0.3478260869565217,0.3478260869565217,0.75,,,0.3333333333333333,1.0,1.0,0.1428571428571428,0.5,0.0357142857142857,0.5357142857142857,0.3333333333333333,0.6276595744680851,0.3478260869565217,0.5018440860215052,0.5035833333333334,0.5231111111111111,0.1481481481481481,0.25,0.046875,0.3671875,8.747727272727273,25.908,0.289544235924933,1.0,1.0,3.0,5.0,,5.0,2.0,2.0,2.0,,,2.0,2.0,1.0,,1.0,1.0,1.0,2.0,0.2222222222222222,0.0714285714285714,,1.0,,0.3333333333333333,1.0,0.0384615384615384,12.0,,,,,,,0.1,,,,,,,,,,,,,True,,,,,,,
1630548,1610612762,Johnny Juzang,Johnny Juzang,1630548,UTA,11206.0,187.0,-42.0,396,401.0,96.0,102.0,35.0,797,5.0,8.0,,2.0,1.0,1.0,4.0,10.0,4.0,6.0,4.0,10.0,2.0,15.0,36.0,1.0,3.0,7.0,10.0,13.0,24.0,19.0,46.0,9.0,92.0,474.0,2.0,7.0,1.0,5.0,7.0,1.0,3.0,8.0,12.0,3.0,29.0,16.0,10.0,54.0,4.0,36.0,15.0,2.0,5.0,5.0,10.0,5.0,2.0,2.0,25.0,9.0,2.0,11.0,9.0,,20.0,11.0,31.0,3.0,1.0,2.0,2.0,,2.0,,,4.0,1.0,14.0,18.0,,7.0,,11.0,1.0,,3.0,,,29.0,96.0,,0.6153846153846154,0.7272727272727273,0.9473684210526316,0.4130434782608695,0.2,0.6666666666666666,0.4130434782608695,0.5416666666666666,0.2857142857142857,0.3333333333333333,0.5928571428571429,0.2916666666666667,0.8666666666666667,0.6216216216216216,0.2916666666666667,0.90625,0.6571428571428571,0.0833333333333333,0.2,17.767653758542142,0.5,,0.1011235955056179,0.024390243902439,0.11,0.0918367346938775,0.1058201058201058,0.0611111111111111,,0.0408163265306122,0.108433734939759,0.0606060606060606,0.1063829787234042,0.2222222222222222,0.0789473684210526,0.2083333333333333,0.1142857142857142,0.625,0.625,1.0,0.1428571428571428,0.4,0.5,0.5,0.0857142857142857,0.6666666666666666,0.6666666666666666,0.25,0.1428571428571428,0.4,0.4,1.0,0.5142857142857142,0.4166666666666667,0.4166666666666667,0.9333333333333332,0.1666666666666666,,0.25,0.3333333333333333,1.0,0.0666666666666666,1.0,0.1333333333333333,0.6666666666666666,0.7,0.7714285714285715,0.4166666666666667,0.5210921428571428,0.501,0.5356,0.0675675675675675,0.1153846153846153,0.0760869565217391,0.3152173913043478,7.774999999999999,25.87826086956522,0.2424242424242424,2.0,1.0,,,1.0,2.0,,1.0,,1.0,,1.0,2.0,2.0,,2.0,2.0,1.0,1.0,,,0.0285714285714285,0.5,,0.1666666666666666,0.5,0.0416666666666666,3.0,,,,,,,,,,,1.0,,,,,1.0,,,,True,,,,,,,
1642268,1610612762,Isaiah Collier,Isaiah Collier,1642268,UTA,15926.0,265.0,-84.0,555,564.0,171.0,166.0,47.0,1119,18.0,32.0,,,6.0,11.0,7.0,23.0,3.0,10.0,3.0,6.0,1.0,4.0,17.0,,1.0,1.0,6.0,28.0,65.0,7.0,23.0,5.0,82.0,697.0,1.0,3.0,1.0,2.0,5.0,10.0,20.0,2.0,7.0,2.0,28.0,16.0,40.0,15.0,,15.0,4.0,10.0,41.0,29.0,70.0,16.0,23.0,18.0,169.0,,2.0,16.0,8.0,1.0,25.0,2.0,27.0,11.0,6.0,5.0,20.0,10.0,19.0,9.0,1.0,39.0,11.0,11.0,27.0,2.0,12.0,1.0,8.0,2.0,,3.0,2.0,,28.0,171.0,2.0,0.2857142857142857,0.2857142857142857,0.7142857142857143,0.3043478260869565,0.5,0.2857142857142857,0.3333333333333333,0.4307692307692308,0.3333333333333333,0.5,0.4375,0.5,0.4814814814814814,0.4505494505494505,0.5,0.4827586206896552,0.2613636363636363,0.1538461538461538,0.3478260869565217,21.346469622331693,0.5128205128205128,0.0526315789473684,0.0689655172413793,0.016260162601626,0.1159420289855072,,0.0944881889763779,0.0085836909871244,,0.0285714285714285,,0.054054054054054,0.078125,0.0666666666666666,0.1214953271028037,0.0967741935483871,0.3636363636363636,0.5625,0.6,0.2222222222222222,0.2613636363636363,0.3043478260869565,0.4666666666666667,0.2857142857142857,0.1136363636363636,0.3,0.3,0.6666666666666666,0.0681818181818181,0.5,0.5,1.0,0.1931818181818181,0.2352941176470588,0.25,0.5,,,0.2,,,0.4074074074074074,0.5454545454545454,0.037037037037037,0.2222222222222222,0.1666666666666666,0.625,0.2666666666666666,0.5266441176470588,0.4983166666666666,0.511918,0.0337078651685393,0.0454545454545454,0.0609756097560975,0.3414634146341463,6.330769230769231,28.643478260869564,0.3081081081081081,1.0,1.0,,13.0,1.0,11.0,3.0,,2.0,1.0,1.0,1.0,,2.0,,2.0,2.0,1.0,6.0,0.0625,,0.0263157894736842,0.5,,0.2,1.0,,6.0,2.0,1.0,,,,0.0434782608695652,,,,1.0,,,,,1.0,,0.0588235294117647,1.0,,True,,,,,,,
203903,1610612762,Jordan Clarkson,Jordan Clarkson,203903,UTA,8177.0,136.0,-42.0,285,281.0,97.0,69.0,37.0,566,7.0,12.0,2.0,3.0,1.0,3.0,12.0,23.0,1.0,3.0,,1.0,,10.0,38.0,,4.0,4.0,17.0,20.0,38.0,10.0,39.0,16.0,86.0,354.0,2.0,4.0,,4.0,4.0,6.0,12.0,4.0,17.0,8.0,32.0,12.0,28.0,15.0,2.0,36.0,10.0,5.0,11.0,4.0,15.0,2.0,10.0,1.0,34.0,2.0,3.0,8.0,5.0,,13.0,5.0,18.0,4.0,3.0,1.0,5.0,3.0,7.0,3.0,,12.0,5.0,2.0,7.0,2.0,13.0,,18.0,3.0,,6.0,2.0,,32.0,97.0,1.0,0.3,0.3157894736842105,0.5,0.2564102564102564,,0.2352941176470588,0.2702702702702703,0.5263157894736842,0.5,0.5,0.4545454545454545,0.25,0.4137931034482758,0.5119047619047619,0.25,0.4848484848484848,0.5064935064935064,0.131578947368421,0.1304347826086956,28.87537993920973,0.4166666666666667,,0.0961538461538461,0.0434782608695652,0.1176470588235294,0.0344827586206896,0.1083333333333333,0.0393700787401574,0.0909090909090909,0.0227272727272727,0.0425531914893617,0.0666666666666666,0.1176470588235294,,0.1481481481481481,,0.1558441558441558,0.5833333333333334,0.7,0.1428571428571428,0.2987012987012987,0.5217391304347826,0.6,0.4166666666666667,0.0389610389610389,0.3333333333333333,0.3333333333333333,,0.0129870129870129,,,,0.4935064935064935,0.2631578947368421,0.2702702702702703,0.5,0.375,0.6666666666666666,0.5,,,0.1034482758620689,0.3333333333333333,,0.5862068965517241,0.2352941176470588,0.6623376623376623,0.2777777777777778,0.5000033333333335,0.5534,0.5022,0.0975609756097561,0.1463414634146341,0.0465116279069767,0.3720930232558139,6.855263157894737,27.379487179487185,0.3403508771929824,,,,2.0,2.0,2.0,1.0,1.0,,,,,2.0,2.0,1.0,1.0,2.0,1.0,1.0,0.1666666666666666,,0.0526315789473684,0.5,,,,0.048780487804878,15.0,2.0,1.0,,,,0.0256410256410256,,,,,,,,,,,0.0263157894736842,,,True,,,,,,,
201988,1610612762,Patty Mills,Patty Mills,201988,UTA,9195.0,153.0,-5.0,326,323.0,76.0,68.0,34.0,649,,1.0,,,,,3.0,7.0,2.0,6.0,2.0,6.0,3.0,11.0,35.0,,3.0,2.0,9.0,5.0,14.0,13.0,41.0,2.0,51.0,348.0,,1.0,,4.0,,1.0,2.0,3.0,12.0,,11.0,6.0,4.0,30.0,,35.0,11.0,1.0,8.0,7.0,15.0,7.0,3.0,4.0,37.0,,3.0,7.0,2.0,1.0,10.0,3.0,13.0,8.0,2.0,6.0,7.0,3.0,3.0,1.0,,10.0,1.0,4.0,7.0,,8.0,4.0,2.0,,1.0,,,,11.0,76.0,,0.6,0.6,0.7692307692307693,0.3170731707317073,,0.25,0.3170731707317073,0.3571428571428571,,0.5,0.4454545454545454,,0.3928571428571428,0.4545454545454545,,0.3928571428571428,0.7454545454545455,0.0714285714285714,,17.90633608815427,0.7,0.1666666666666666,0.027027027027027,0.0428571428571428,0.0729166666666666,,0.0529411764705882,0.0197368421052631,0.0555555555555555,0.0512820512820512,,0.0869565217391304,,,0.0833333333333333,0.0416666666666666,0.0181818181818181,,,,0.1272727272727272,0.4285714285714285,0.4285714285714285,0.3333333333333333,0.109090909090909,0.3333333333333333,0.4,1.0,0.109090909090909,0.3333333333333333,0.3333333333333333,1.0,0.6363636363636364,0.3142857142857143,0.3235294117647059,0.7272727272727273,,,0.6,,,,,0.2142857142857142,0.6428571428571429,0.2222222222222222,0.7636363636363637,0.3142857142857143,0.5256081818181818,0.4728375,0.528175,0.0181818181818181,,,0.2156862745098039,11.400000000000002,25.57317073170732,0.2331288343558282,1.0,1.0,,,,6.0,,,,,,,1.0,,,,1.0,1.0,1.0,,,,1.0,,0.2,0.3333333333333333,0.024390243902439,9.0,,1.0,,1.0,1.0,0.024390243902439,0.1666666666666666,,,,1.0,,1.0,,,,0.0285714285714285,,1.0,True,,,,,,,
1629004,1610612762,Svi Mykhailiuk,Svi Mykhailiuk,1629004,UTA,7617.0,127.0,-11.0,264,263.0,50.0,46.0,32.0,527,7.0,10.0,1.0,2.0,2.0,2.0,5.0,7.0,2.0,2.0,5.0,12.0,3.0,11.0,37.0,1.0,1.0,1.0,6.0,14.0,19.0,16.0,49.0,3.0,79.0,310.0,1.0,2.0,1.0,1.0,5.0,3.0,3.0,2.0,9.0,,12.0,12.0,16.0,33.0,,36.0,11.0,1.0,9.0,3.0,12.0,3.0,3.0,6.0,27.0,2.0,1.0,9.0,4.0,1.0,14.0,3.0,17.0,7.0,5.0,2.0,8.0,1.0,6.0,3.0,1.0,14.0,,4.0,11.0,,4.0,,4.0,2.0,,3.0,,,12.0,50.0,,0.4285714285714285,0.4285714285714285,0.6875,0.3265306122448979,1.0,0.2222222222222222,0.3333333333333333,0.7368421052631579,0.5,1.0,0.5588235294117647,0.8333333333333334,0.5,0.572463768115942,0.8333333333333334,0.5,0.7205882352941176,0.0526315789473684,,27.574750830564785,0.5714285714285714,0.1666666666666666,0.0634920634920634,0.0178571428571428,0.1323529411764706,0.0338983050847457,0.099236641221374,0.0260869565217391,,0.0344827586206896,0.0425531914893617,,0.0588235294117647,0.25,0.1296296296296296,0.1428571428571428,0.1470588235294117,0.7,0.7777777777777778,0.5714285714285714,0.1029411764705882,0.7142857142857143,0.7142857142857143,0.4,0.0294117647058823,1.0,1.0,,0.1764705882352941,0.4166666666666667,0.4166666666666667,0.8,0.5441176470588235,0.2972972972972973,0.2972972972972973,0.6363636363636364,0.6666666666666666,0.5,0.3333333333333333,1.0,1.0,0.1666666666666666,1.0,0.25,0.5,0.1666666666666666,0.8676470588235294,0.3055555555555556,0.5377902985074627,0.6211,0.5368166666666666,0.0434782608695652,0.15,0.0632911392405063,0.1518987341772152,6.931578947368422,25.922448979591827,0.1893939393939394,,1.0,,,1.0,5.0,1.0,2.0,1.0,,1.0,,,4.0,4.0,,4.0,2.0,2.0,0.1,,0.0277777777777777,0.5,1.0,,0.3333333333333333,,15.0,1.0,,,,,,,,,,,,,,,,,,,True,,,,,,,
1642262,1610612762,Cody Williams,Cody Williams,1642262,UTA,11743.0,196.0,-53.0,396,402.0,103.0,98.0,39.0,798,1.0,4.0,,1.0,,,4.0,13.0,1.0,5.0,4.0,9.0,1.0,5.0,11.0,,2.0,3.0,5.0,6.0,22.0,9.0,20.0,8.0,47.0,462.0,,3.0,,2.0,1.0,,2.0,3.0,6.0,3.0,12.0,8.0,4.0,27.0,,11.0,5.0,6.0,8.0,5.0,13.0,2.0,3.0,4.0,31.0,2.0,3.0,9.0,8.0,1.0,18.0,5.0,23.0,7.0,5.0,2.0,5.0,,2.0,2.0,1.0,7.0,3.0,14.0,24.0,1.0,9.0,,14.0,2.0,,8.0,,,12.0,103.0,,0.6666666666666666,0.6666666666666666,1.0,0.45,,0.5,0.45,0.2727272727272727,,,0.4642857142857143,,0.5625,0.4895833333333333,0.0714285714285714,0.6,0.4761904761904761,0.2727272727272727,0.3076923076923077,12.528473804100228,0.7142857142857143,0.0909090909090909,0.08,0.032258064516129,0.0762711864406779,0.0210526315789473,0.0779816513761468,0.026595744680851,0.0454545454545454,0.0185185185185185,0.027027027027027,0.1333333333333333,0.0526315789473684,0.0769230769230769,0.1034482758620689,,0.0952380952380952,0.25,0.5,1.0,0.3095238095238095,0.3076923076923077,0.4444444444444444,0.75,0.119047619047619,0.2,0.2,,0.2142857142857142,0.4444444444444444,0.4444444444444444,1.0,0.2619047619047619,0.4545454545454545,0.4545454545454545,1.0,0.2,,0.4,,,,,0.125,0.625,0.6,0.5714285714285714,0.4545454545454545,0.5053416666666668,0.4663625,0.4788687499999999,0.1666666666666666,0.2857142857142857,0.0212765957446808,0.2553191489361702,9.554545454545456,25.13,0.2601010101010101,,,1.0,3.0,1.0,3.0,,,,,2.0,1.0,,3.0,,3.0,4.0,1.0,2.0,0.5,,0.05,0.25,,,,,,,,,1.0,1.0,,,,,,1.0,,,0.0588235294117647,,,,,,True,,,,,,,
1642271,1610612762,Kyle Filipowski,Kyle Filipowski,1642271,UTA,8041.0,134.0,-19.0,273,277.0,84.0,81.0,24.0,550,3.0,4.0,,1.0,,,4.0,6.0,,,8.0,11.0,4.0,2.0,7.0,,1.0,1.0,2.0,7.0,10.0,10.0,18.0,5.0,49.0,340.0,,1.0,,1.0,,1.0,1.0,5.0,6.0,,17.0,8.0,6.0,30.0,,7.0,2.0,,4.0,4.0,8.0,1.0,4.0,,20.0,1.0,2.0,21.0,8.0,1.0,30.0,5.0,35.0,3.0,3.0,,6.0,,1.0,3.0,,7.0,1.0,8.0,13.0,1.0,7.0,,9.0,2.0,,4.0,1.0,,17.0,84.0,1.0,0.5714285714285714,0.5714285714285714,1.0,0.5555555555555556,,0.8333333333333334,0.5555555555555556,0.7,,1.0,0.7857142857142857,,1.2142857142857142,0.7903225806451613,,1.0625,0.6428571428571429,,,12.624584717607974,0.8571428571428571,0.2,0.1777777777777777,0.037037037037037,0.2692307692307692,0.0166666666666666,0.2357723577235772,0.0263157894736842,,0.032258064516129,0.0188679245283018,0.25,0.1428571428571428,0.125,0.1636363636363636,0.5217391304347826,0.1428571428571428,0.75,0.75,0.3333333333333333,0.2142857142857142,0.6666666666666666,0.6666666666666666,0.75,,,,,0.3928571428571428,0.7272727272727273,0.7272727272727273,1.0,0.25,0.2857142857142857,0.2857142857142857,1.0,0.5,,0.5,,,,,0.5714285714285714,0.2857142857142857,0.5,0.7857142857142857,0.2857142857142857,0.5364232142857143,0.427525,0.5267214285714286,0.1666666666666666,0.3333333333333333,,0.3469387755102041,4.880000000000001,24.416666666666668,0.3076923076923077,,4.0,,3.0,,3.0,,,1.0,,2.0,,1.0,,,,,,,,,,,,,1.0,0.0555555555555555,,,,2.0,,,,,,0.2222222222222222,,,,,0.1,,,,,1.0,True,,,,,,,
1630695,1610612762,Micah Potter,Micah Potter,1630695,UTA,7872.0,131.0,-24.0,269,273.0,37.0,20.0,23.0,542,2.0,2.0,1.0,1.0,1.0,1.0,2.0,3.0,,,4.0,13.0,2.0,3.0,7.0,,1.0,,,4.0,5.0,7.0,20.0,,29.0,314.0,1.0,1.0,,1.0,2.0,1.0,1.0,1.0,2.0,,5.0,6.0,2.0,21.0,2.0,7.0,3.0,1.0,4.0,,4.0,,3.0,1.0,8.0,1.0,1.0,11.0,8.0,,19.0,2.0,21.0,,,,2.0,,4.0,1.0,,6.0,,4.0,8.0,1.0,2.0,1.0,,,,,,,5.0,37.0,,0.75,1.0,1.0,0.35,,0.5,0.35,0.8,1.0,1.0,0.58,0.5,0.8333333333333334,0.58,0.5,0.8333333333333334,0.8,0.2,0.3333333333333333,10.333333333333334,0.3333333333333333,,0.1311475409836065,0.0144927536231884,0.1375,0.015625,0.1347517730496454,0.0150375939849624,,0.024390243902439,0.0208333333333333,0.2142857142857142,0.1351351351351351,,0.1343283582089552,0.1538461538461538,0.08,1.0,1.0,0.5,0.12,0.6666666666666666,1.0,1.0,,,,,0.52,0.3076923076923077,0.3076923076923077,1.0,0.28,0.4285714285714285,0.4285714285714285,1.0,0.5,1.0,0.5,,,0.3333333333333333,1.0,0.6666666666666666,,,0.88,0.4285714285714285,0.544164,0.6101749999999999,0.5390666666666667,,,0.0689655172413793,0.1724137931034483,3.76,24.665,0.137546468401487,,1.0,,,,1.0,,3.0,,,1.0,,,4.0,2.0,2.0,4.0,2.0,1.0,,,,0.5,,,0.5,,,,,,,,,,,,,,,,,,,,,,True,,,,,,,
1641707,1610612762,Taylor Hendricks,Taylor Hendricks,1641707,UTA,19.0,,,1,2.0,,,,3,,,,,,,,,,,,,,,,,,,,,,,,,,,,,,,,,,,,,,,,,,,,,,,,,,,,,,,,,,,,,,,,,,,,,,,,,,,,,,,,,,,,,,,,,,,,,,,,,,,,,,,,,,,,,,,,,,,,,,,,,,,,,,,,,,,,,,,,,,,,,,,,,,,,,,,,,,,,,,,,,,,,,,,,,,,,,,,,,,,,,,,,,,,,,,,,,,,,,,,,,,,,,,,,,True,,,,,,,
1641729,1610612762,Brice Sensabaugh,Brice Sensabaugh,1641729,UTA,12724.0,212.0,-49.0,447,453.0,133.0,153.0,33.0,900,11.0,12.0,2.0,2.0,3.0,3.0,11.0,18.0,,4.0,6.0,13.0,6.0,17.0,45.0,1.0,3.0,3.0,14.0,22.0,34.0,23.0,58.0,12.0,125.0,545.0,2.0,2.0,1.0,3.0,9.0,8.0,13.0,6.0,20.0,4.0,38.0,20.0,24.0,57.0,,44.0,17.0,3.0,10.0,8.0,18.0,3.0,4.0,6.0,44.0,1.0,1.0,14.0,7.0,,21.0,2.0,23.0,6.0,1.0,5.0,10.0,2.0,7.0,5.0,,17.0,4.0,7.0,16.0,,9.0,,12.0,3.0,1.0,6.0,1.0,,38.0,133.0,1.0,0.4545454545454545,0.4545454545454545,0.8260869565217391,0.396551724137931,0.3333333333333333,0.3,0.4035087719298245,0.6470588235294118,1.0,0.6153846153846154,0.6141304347826086,0.7,0.5151515151515151,0.6458333333333334,0.75,0.5428571428571428,0.6304347826086957,0.088235294117647,0.0555555555555555,23.25102880658436,0.5882352941176471,,0.0736842105263157,0.0131578947368421,0.1228070175438596,0.009090909090909,0.1004784688995215,0.010752688172043,,0.0222222222222222,0.0123456790123456,0.1111111111111111,0.0227272727272727,0.1333333333333333,0.1304347826086956,0.0909090909090909,0.1304347826086956,0.9166666666666666,1.0,0.5454545454545454,0.1956521739130435,0.6111111111111112,0.6470588235294118,0.3636363636363636,0.0434782608695652,,,,0.1413043478260869,0.4615384615384615,0.5,1.0,0.4891304347826087,0.3777777777777777,0.3777777777777777,0.7647058823529411,0.4,1.0,0.6,0.3333333333333333,1.0,0.0909090909090909,1.0,0.1818181818181818,0.4242424242424242,0.2142857142857142,0.7608695652173914,0.3863636363636363,0.5128593406593408,0.5457666666666667,0.489403125,0.0631578947368421,0.1621621621621621,0.072,0.304,8.047058823529412,25.97413793103448,0.2975391498881432,,3.0,2.0,5.0,,5.0,1.0,2.0,,1.0,2.0,,,2.0,1.0,1.0,2.0,1.0,3.0,0.0833333333333333,,,0.5,0.5,,0.5,,12.0,1.0,1.0,,,,0.0172413793103448,0.25,0.0769230769230769,,,,,,,,,,,,True,,,,,,,
1641989,1610612762,Elijah Harkless,Elijah Harkless,1641989,UTA,3973.0,66.0,7.0,134,136.0,19.0,26.0,18.0,270,1.0,2.0,,,,,,2.0,,1.0,,1.0,,2.0,6.0,,1.0,,,1.0,5.0,2.0,7.0,1.0,9.0,133.0,,,,1.0,,,1.0,,,,,,2.0,3.0,,6.0,2.0,,1.0,3.0,4.0,2.0,1.0,,11.0,3.0,1.0,7.0,2.0,,9.0,4.0,13.0,4.0,1.0,3.0,,,1.0,,,1.0,,5.0,8.0,1.0,7.0,2.0,2.0,,,1.0,,,,19.0,,,,0.5,0.2857142857142857,,,0.2857142857142857,0.2,,,0.3333333333333333,,,0.3461538461538461,,,0.5833333333333334,,,9.032258064516128,,,0.08,0.0256410256410256,0.1944444444444444,0.1,0.1475409836065573,0.0579710144927536,0.1,,0.0833333333333333,,0.1428571428571428,,0.1935483870967742,0.2,0.1666666666666666,0.5,0.5,,0.1666666666666666,,,,0.0833333333333333,,,,0.0833333333333333,,,,0.5,0.3333333333333333,0.3333333333333333,0.5,,,1.0,,,,,,,,0.75,0.3333333333333333,0.5472916666666667,,0.464,0.0769230769230769,0.1666666666666666,,,6.08,25.185714285714287,0.1417910447761194,,,,1.0,,,,,,,,1.0,,,,,,,,,0.1666666666666666,,,,,,,3.0,,,,,,,,,,,,,,,,,,,,True,,,,,,,
1631117,1610612762,Walker Kessler,Walker Kessler,1631117,UTA,53.0,1.0,,2,2.0,2.0,2.0,,4,,,,,,,,,,,,,,,,,,,,,,,,,,2.0,,,,,,,,,,,,,,,,,,,,,,,,,,,,,,,,,,,,,,,,,,,,,,,,,,,,,,,,2.0,,,,,,,,,,,,,,,,,,,,,,,,,,,,,,,,,,,,,,,,,,,,,,,,,,,,,,,,,,,,,,,,,,,,,,,,,,,,,,,1.0,,,,,,,,,,,,,,,,,,,,,,,,,,,,,,,,,,,,,,,,,,,,,,,,True,,,,,,,
1628374,1610612762,Lauri Markkanen,Lauri Markkanen,1628374,UTA,79644.0,1327.0,-128.0,2750,2741.0,655.0,557.0,387.0,5491,76.0,122.0,21.0,44.0,14.0,24.0,56.0,123.0,5.0,27.0,29.0,70.0,13.0,99.0,294.0,9.0,26.0,23.0,73.0,137.0,272.0,128.0,364.0,149.0,807.0,3286.0,34.0,68.0,10.0,37.0,110.0,31.0,57.0,28.0,86.0,70.0,216.0,182.0,92.0,384.0,30.0,293.0,99.0,31.0,26.0,34.0,60.0,18.0,16.0,7.0,154.0,35.0,30.0,92.0,75.0,13.0,180.0,68.0,248.0,28.0,21.0,7.0,38.0,6.0,22.0,25.0,,60.0,14.0,32.0,67.0,7.0,147.0,6.0,172.0,12.0,12.0,58.0,22.0,1.0,216.0,652.0,19.0,0.6642335766423357,0.7459016393442623,1.0,0.3516483516483517,0.2702702702702703,0.3255813953488372,0.3526170798898072,0.5036764705882353,0.5,0.543859649122807,0.5172955974842768,0.4666666666666667,0.5104895104895105,0.5627644569816643,0.4782608695652174,0.6079545454545454,0.5723270440251572,0.1139705882352941,0.1219512195121951,23.788819875776397,0.6333333333333333,0.1780821917808219,0.1237623762376237,0.0490196078431372,0.1343065693430657,0.0494350282485875,0.1293570875290472,0.0492424242424242,0.0657276995305164,0.0407523510971786,0.0465549348230912,0.0967741935483871,0.123076923076923,0.1789473684210526,0.1379962192816635,0.1217948717948717,0.1918238993710692,0.6229508196721312,0.7037037037037037,0.6973684210526315,0.1933962264150943,0.4552845528455284,0.5185185185185185,0.6607142857142857,0.0424528301886792,0.1851851851851851,0.2,0.2,0.110062893081761,0.4142857142857143,0.4202898550724637,1.0,0.4622641509433962,0.336734693877551,0.3425605536332179,1.0,0.419047619047619,0.4772727272727273,0.2476190476190476,0.3461538461538461,1.0,0.1678321678321678,0.5833333333333334,0.0909090909090909,0.5104895104895105,0.3150684931506849,0.7641509433962265,0.3378839590443686,0.5337113385826769,0.536973846153846,0.5087116197183098,0.0917030567685589,0.1823899371069182,0.1363073110285006,0.2676579925650557,5.779411764705882,25.90824175824176,0.2381818181818182,11.0,5.0,12.0,16.0,17.0,13.0,2.0,,8.0,3.0,3.0,6.0,5.0,16.0,9.0,7.0,16.0,5.0,6.0,0.1147540983606557,0.0584795321637426,0.0515151515151515,0.3125,0.3809523809523809,0.1047619047619047,0.3846153846153846,0.013550135501355,,1.0,6.0,3.0,,,0.0164835164835164,0.074074074074074,0.0142857142857142,0.0434782608695652,1.0,3.0,,,0.0375,0.0909090909090909,,0.0170068027210884,1.0,,False,3.0,,,,,,
1628381,1610612762,John Collins,John Collins,1628381,UTA,63468.0,1058.0,-10.0,2174,2181.0,511.0,365.0,290.0,4355,98.0,142.0,35.0,46.0,15.0,25.0,68.0,134.0,17.0,39.0,23.0,53.0,9.0,34.0,83.0,2.0,4.0,6.0,12.0,183.0,315.0,57.0,136.0,109.0,646.0,2534.0,41.0,60.0,2.0,4.0,108.0,25.0,52.0,10.0,21.0,31.0,111.0,242.0,124.0,165.0,60.0,83.0,34.0,43.0,38.0,29.0,67.0,24.0,24.0,13.0,163.0,29.0,43.0,107.0,75.0,18.0,200.0,74.0,274.0,32.0,18.0,14.0,47.0,4.0,37.0,23.0,,84.0,22.0,56.0,102.0,15.0,122.0,1.0,129.0,18.0,,65.0,7.0,5.0,111.0,507.0,7.0,0.6612021857923497,0.7908496732026143,0.9649122807017544,0.4191176470588235,0.5,0.4761904761904761,0.4191176470588235,0.580952380952381,0.6833333333333333,0.4807692307692308,0.5953436807095344,0.6875,0.547945205479452,0.6383399209486166,0.75,0.6166666666666667,0.3015521064301552,0.1365079365079365,0.1343283582089552,23.431294678316124,0.5595238095238095,0.3461538461538461,0.1559251559251559,0.088659793814433,0.1780366056572379,0.0589430894308943,0.1682070240295748,0.0736949846468782,0.1168831168831168,0.0716981132075471,0.0729729729729729,0.1629629629629629,0.1461538461538461,0.1744186046511628,0.1904761904761904,0.1366906474820144,0.3148558758314856,0.6901408450704225,0.8099173553719008,0.5918367346938775,0.2971175166297117,0.5074626865671642,0.5862068965517241,0.7352941176470589,0.0864745011086474,0.4358974358974359,0.4857142857142857,0.7647058823529411,0.1175166297117516,0.4339622641509434,0.4423076923076923,0.9565217391304348,0.1840354767184035,0.4096385542168674,0.4096385542168674,0.9705882352941176,0.71875,0.7608695652173914,0.0625,0.5,1.0,0.3424657534246575,0.6,0.1232876712328767,0.1643835616438356,0.5,0.6164079822616408,0.4096385542168674,0.5354284922394679,0.5706187500000001,0.5310006849315071,0.1322645290581162,0.1795580110497237,0.1671826625386996,0.1718266253869969,5.954920634920633,24.53382352941176,0.2350505979760809,,4.0,20.0,5.0,13.0,24.0,4.0,8.0,5.0,3.0,6.0,5.0,1.0,36.0,16.0,20.0,36.0,23.0,2.0,0.1478873239436619,0.0163934426229508,0.0778443113772455,0.6388888888888888,0.0857142857142857,,0.4444444444444444,0.0072992700729927,6.0,,1.0,2.0,,,0.0073529411764705,0.1025641025641025,0.0188679245283018,0.0357142857142857,,1.0,,2.0,0.0909090909090909,,,,,,False,,1.0,,,,,
1629004,1610612762,Svi Mykhailiuk,Svi Mykhailiuk,1629004,UTA,26219.0,437.0,-6.0,909,905.0,171.0,170.0,121.0,1814,11.0,21.0,,,2.0,3.0,11.0,30.0,1.0,6.0,10.0,29.0,3.0,30.0,85.0,5.0,10.0,5.0,12.0,23.0,57.0,40.0,114.0,16.0,182.0,1044.0,1.0,4.0,6.0,14.0,21.0,4.0,11.0,5.0,15.0,8.0,31.0,16.0,30.0,105.0,,85.0,30.0,11.0,24.0,18.0,42.0,8.0,17.0,6.0,102.0,7.0,5.0,21.0,16.0,2.0,39.0,12.0,51.0,9.0,8.0,1.0,21.0,5.0,8.0,7.0,1.0,29.0,7.0,13.0,26.0,,17.0,3.0,20.0,1.0,,7.0,3.0,,31.0,171.0,3.0,0.3478260869565217,0.3478260869565217,0.875,0.3508771929824561,0.4285714285714285,0.3333333333333333,0.3508771929824561,0.4035087719298245,0.25,0.3636363636363636,0.4853801169590643,0.5555555555555556,0.4423076923076923,0.5055555555555555,0.5526315789473685,0.5166666666666667,0.6666666666666666,0.1929824561403508,0.2,19.8292220113852,0.7241379310344828,0.0769230769230769,0.0761904761904762,0.0234741784037558,0.0921052631578947,0.0286885245901639,0.0844748858447488,0.0262582056892779,,0.0403225806451612,0.0382513661202185,0.0129870129870129,0.099009900990099,0.15625,0.0893854748603352,0.1020408163265306,0.1228070175438596,0.5238095238095238,0.6875,0.6363636363636364,0.175438596491228,0.3666666666666666,0.4583333333333333,0.0909090909090909,0.0350877192982456,0.1666666666666666,0.1666666666666666,,0.1695906432748538,0.3448275862068966,0.3448275862068966,1.0,0.4970760233918128,0.3529411764705882,0.3529411764705882,0.8333333333333334,,,0.5555555555555556,0.5,0.8,0.1153846153846153,0.6666666666666666,0.1153846153846153,0.4615384615384615,0.4166666666666667,0.7894736842105263,0.3529411764705882,0.5281114035087717,0.49563,0.5113288461538461,0.0451977401129943,0.1111111111111111,0.1153846153846153,0.1703296703296703,7.035087719298246,25.57982456140351,0.1881188118811881,4.0,,1.0,10.0,,14.0,2.0,,2.0,,2.0,1.0,1.0,2.0,2.0,,2.0,2.0,3.0,0.238095238095238,,,1.0,,0.2222222222222222,,0.0087719298245614,15.0,,,,,,,,,,1.0,1.0,,,,0.25,,,1.0,1.0,False,,,,,,,
1629012,1610612762,Collin Sexton,Collin Sexton,1629012,UTA,77281.0,1288.0,-102.0,2648,2657.0,582.0,460.0,381.0,5305,79.0,134.0,12.0,27.0,16.0,27.0,118.0,239.0,17.0,51.0,19.0,46.0,11.0,63.0,158.0,5.0,16.0,11.0,32.0,214.0,424.0,82.0,204.0,152.0,826.0,3133.0,29.0,55.0,7.0,24.0,87.0,37.0,76.0,16.0,43.0,56.0,178.0,162.0,266.0,171.0,22.0,157.0,63.0,50.0,110.0,85.0,195.0,63.0,62.0,40.0,475.0,20.0,30.0,54.0,31.0,1.0,86.0,50.0,136.0,29.0,21.0,8.0,79.0,16.0,48.0,40.0,3.0,127.0,30.0,49.0,105.0,6.0,158.0,7.0,173.0,22.0,2.0,80.0,16.0,,176.0,579.0,14.0,0.3785046728971962,0.3990147783251231,0.6951219512195121,0.4019607843137255,0.2916666666666667,0.3720930232558139,0.4039408866995074,0.5047169811320755,0.5272727272727272,0.4868421052631579,0.5366242038216561,0.5,0.5126050420168067,0.5868945868945868,0.5370370370370371,0.6061643835616438,0.3248407643312102,0.1179245283018868,0.104602510460251,26.744186046511626,0.6220472440944882,0.0151515151515151,0.0518394648829431,0.048076923076923,0.08,0.0315955766192733,0.0667714061272584,0.0397772474144789,0.0691244239631336,0.0422960725075528,0.0231092436974789,0.0320855614973262,0.0477707006369426,0.1030927835051546,0.0704761904761904,0.1133333333333333,0.2133757961783439,0.5895522388059702,0.7053571428571429,0.3670886075949367,0.3805732484076433,0.4937238493723849,0.5514018691588785,0.4067796610169492,0.0812101910828025,0.3333333333333333,0.3541666666666667,0.2352941176470588,0.0732484076433121,0.4130434782608695,0.4222222222222222,0.8947368421052632,0.2515923566878981,0.3987341772151899,0.3987341772151899,0.6349206349206349,0.3417721518987341,0.4444444444444444,0.2025316455696202,0.3125,1.0,0.226890756302521,0.5925925925925926,0.0924369747899159,0.2689075630252101,0.34375,0.5382165605095541,0.4012738853503185,0.5131820287539939,0.5269038461538461,0.5097047008547009,0.1166180758017492,0.1659751037344398,0.1053268765133172,0.2154963680387409,7.422877358490567,25.46470588235294,0.2197885196374622,8.0,5.0,8.0,22.0,12.0,39.0,13.0,5.0,7.0,,4.0,5.0,,4.0,3.0,1.0,4.0,2.0,10.0,0.1641791044776119,0.0573248407643312,0.043010752688172,0.5,0.0833333333333333,0.1012658227848101,0.4545454545454545,,75.0,1.0,1.0,,,,0.0049019607843137,0.0588235294117647,0.0217391304347826,,2.0,8.0,1.0,,0.0131578947368421,0.25,,,1.0,,False,1.0,1.0,1.0,,,,
1631117,1610612762,Walker Kessler,Walker Kessler,1631117,UTA,93080.0,1551.0,-206.0,3194,3204.0,750.0,486.0,467.0,6398,219.0,288.0,91.0,124.0,45.0,61.0,34.0,59.0,,1.0,2.0,3.0,,1.0,10.0,,1.0,1.0,5.0,253.0,348.0,3.0,13.0,77.0,592.0,3817.0,96.0,136.0,,1.0,219.0,56.0,77.0,1.0,5.0,36.0,151.0,318.0,188.0,9.0,160.0,9.0,1.0,37.0,40.0,42.0,82.0,26.0,18.0,20.0,206.0,84.0,150.0,204.0,166.0,26.0,396.0,240.0,636.0,30.0,20.0,10.0,39.0,6.0,39.0,22.0,1.0,78.0,18.0,69.0,111.0,20.0,121.0,2.0,142.0,26.0,,73.0,11.0,7.0,151.0,748.0,11.0,0.6284584980237155,0.9190751445086706,1.0,0.2307692307692307,,0.2,0.25,0.7270114942528736,0.7058823529411765,0.7272727272727273,0.7132963988919667,0.7007299270072993,0.7012195121951219,0.7064439140811456,0.6886792452830188,0.6741071428571429,0.0360110803324099,0.1063218390804597,0.135593220338983,13.278119155757414,0.5,0.3513513513513513,0.2292817679558011,0.2051983584131327,0.24,0.1046077210460772,0.2350698856416772,0.1525423728813559,0.2288135593220339,0.208955223880597,0.0890410958904109,0.1651376146788991,0.2493506493506493,0.2809917355371901,0.2450532724505327,0.2227979274611398,0.7977839335180056,0.7604166666666666,0.8423076923076923,0.6073059360730594,0.1634349030470914,0.576271186440678,0.6666666666666666,0.7647058823529411,0.002770083102493,,,,0.0083102493074792,0.6666666666666666,0.6666666666666666,1.0,0.0277008310249307,0.1,0.1,1.0,0.9051094890510948,0.7338709677419355,0.0072992700729927,,,0.7439024390243902,0.7377049180327869,,0.0609756097560975,0.2,0.8337950138504155,0.1111111111111111,0.59154375,0.5931099009900987,0.583017901234568,0.1789215686274509,0.1848101265822785,0.3699324324324324,0.2550675675675675,2.3502873563218385,27.61538461538462,0.234815278647464,,,27.0,16.0,10.0,17.0,7.0,2.0,19.0,,10.0,17.0,,117.0,55.0,57.0,124.0,79.0,2.0,0.0972222222222222,0.1461187214611872,0.1492537313432835,0.6370967741935484,0.1098901098901098,,,,,1.0,,6.0,7.0,5.0,,1.0,,0.0705882352941176,,2.0,,,0.1290322580645161,,,,,,False,2.0,,1.0,2.0,5.0,,
203903,1610612762,Jordan Clarkson,Jordan Clarkson,203903,UTA,45713.0,762.0,-176.0,1583,1597.0,499.0,393.0,191.0,3180,26.0,45.0,4.0,8.0,8.0,15.0,54.0,140.0,8.0,22.0,11.0,23.0,5.0,59.0,153.0,8.0,17.0,19.0,50.0,88.0,207.0,70.0,176.0,90.0,476.0,1907.0,12.0,18.0,9.0,21.0,62.0,28.0,74.0,21.0,55.0,41.0,160.0,48.0,128.0,147.0,6.0,150.0,59.0,28.0,66.0,48.0,114.0,26.0,36.0,28.0,276.0,7.0,12.0,38.0,29.0,5.0,72.0,19.0,91.0,27.0,15.0,12.0,40.0,8.0,21.0,22.0,,61.0,25.0,22.0,44.0,3.0,90.0,2.0,114.0,8.0,2.0,38.0,13.0,2.0,158.0,496.0,11.0,0.2727272727272727,0.2823529411764706,0.7,0.3977272727272727,0.4285714285714285,0.3818181818181818,0.4046242774566474,0.4251207729468599,0.6666666666666666,0.3783783783783784,0.5039164490861618,0.6538461538461539,0.4612403100775193,0.5486111111111112,0.7045454545454546,0.5298013245033113,0.4595300261096606,0.1352657004830917,0.1285714285714285,27.107438016528928,0.6557377049180327,0.1041666666666666,0.0863095238095238,0.0341880341880341,0.0947630922693266,0.0177215189873417,0.0909090909090909,0.0254691689008042,0.0099009900990099,0.0536585365853658,0.0196721311475409,0.0961538461538461,0.081967213114754,0.0816326530612244,0.1052631578947368,0.0618556701030927,0.1174934725848564,0.5777777777777777,0.7027027027027027,0.2307692307692307,0.3655352480417754,0.3857142857142857,0.4426229508196721,0.2407407407407407,0.0574412532637075,0.3636363636363636,0.4,0.625,0.0600522193211488,0.4782608695652174,0.4782608695652174,1.0,0.3994778067885117,0.3856209150326797,0.3933333333333333,0.6440677966101694,0.2051282051282051,0.5,0.4358974358974359,0.4705882352941176,0.375,0.1162790697674418,0.5333333333333333,0.0387596899224806,0.3875968992248062,0.38,0.577023498694517,0.3933333333333333,0.4950139473684207,0.5307666666666667,0.4761750000000001,0.107398568019093,0.160337552742616,0.1302521008403361,0.3361344537815126,8.08695652173913,26.19090909090909,0.3152242577384712,4.0,2.0,11.0,22.0,12.0,18.0,3.0,2.0,5.0,1.0,1.0,4.0,7.0,6.0,4.0,2.0,6.0,4.0,4.0,0.1777777777777777,0.0111111111111111,0.0641711229946524,0.6666666666666666,,0.1025641025641025,0.4,0.0384615384615384,63.0,3.0,3.0,,,,0.0170454545454545,0.0909090909090909,,,1.0,2.0,,,,0.25,,0.0196078431372549,1.0,1.0,False,,,,,,,
1642268,1610612762,Isaiah Collier,Isaiah Collier,1642268,UTA,74430.0,1240.0,-169.0,2580,2575.0,599.0,519.0,333.0,5155,76.0,113.0,4.0,9.0,16.0,31.0,40.0,111.0,6.0,17.0,9.0,30.0,7.0,15.0,78.0,,3.0,2.0,10.0,122.0,241.0,24.0,108.0,70.0,386.0,3076.0,7.0,16.0,2.0,10.0,22.0,29.0,60.0,4.0,17.0,29.0,99.0,84.0,160.0,42.0,4.0,74.0,14.0,33.0,153.0,148.0,301.0,102.0,71.0,71.0,750.0,13.0,11.0,84.0,56.0,2.0,142.0,24.0,166.0,40.0,22.0,18.0,80.0,24.0,60.0,20.0,3.0,140.0,31.0,51.0,102.0,10.0,93.0,3.0,105.0,11.0,,45.0,13.0,,99.0,598.0,13.0,0.3442622950819672,0.35,0.5833333333333334,0.2222222222222222,0.2,0.2352941176470588,0.219047619047619,0.5062240663900415,0.4375,0.4833333333333333,0.4527220630372492,0.3846153846153846,0.4545454545454545,0.4873737373737373,0.4074074074074074,0.5103092783505154,0.3094555873925501,0.1369294605809128,0.1891891891891892,18.09588116137745,0.5714285714285714,0.0303030303030303,0.1005385996409335,0.0197132616487455,0.1229868228404099,0.0206677265500794,0.1129032258064516,0.0202190395956192,0.0123456790123456,0.0243161094224924,0.018348623853211,0.0978260869565217,0.0972222222222222,0.1176470588235294,0.1231617647058823,0.1223021582733813,0.3237822349570201,0.672566371681416,0.7524752475247525,0.3684210526315789,0.318051575931232,0.3603603603603603,0.4444444444444444,0.3,0.0487106017191977,0.3529411764705882,0.3529411764705882,0.3333333333333333,0.0859598853868194,0.3,0.3333333333333333,0.8888888888888888,0.2234957020057306,0.1923076923076923,0.1923076923076923,0.4,0.3461538461538461,0.4444444444444444,0.1153846153846153,,,0.4025974025974026,0.5161290322580645,0.0909090909090909,0.1298701298701298,0.2,0.6332378223495702,0.1891891891891892,0.522323410404624,0.5159708333333334,0.5118993333333333,0.1174934725848564,0.1636363636363636,0.0569948186528497,0.2564766839378238,5.690871369294604,25.995370370370367,0.2321705426356589,7.0,2.0,2.0,46.0,7.0,60.0,11.0,6.0,5.0,3.0,2.0,4.0,,8.0,4.0,4.0,10.0,6.0,12.0,0.1061946902654867,0.0259067357512953,0.0432098765432098,0.6,0.25,0.2692307692307692,0.2857142857142857,,30.0,3.0,3.0,,2.0,2.0,0.0277777777777777,,0.1,,2.0,11.0,,3.0,0.0149253731343283,0.2857142857142857,,,1.0,,False,,,,,,1.0,
1641718,1610612762,Keyonte George,Keyonte George,1641718,UTA,89512.0,1492.0,-312.0,3078,3092.0,831.0,680.0,410.0,6170,50.0,76.0,9.0,10.0,10.0,20.0,69.0,170.0,10.0,31.0,29.0,55.0,16.0,93.0,303.0,8.0,27.0,15.0,74.0,129.0,277.0,122.0,358.0,141.0,765.0,3789.0,13.0,26.0,10.0,35.0,74.0,27.0,64.0,24.0,90.0,63.0,189.0,104.0,154.0,246.0,10.0,303.0,93.0,38.0,163.0,118.0,281.0,60.0,92.0,66.0,680.0,12.0,7.0,81.0,77.0,7.0,165.0,19.0,184.0,33.0,28.0,5.0,91.0,18.0,46.0,33.0,8.0,137.0,40.0,31.0,79.0,4.0,150.0,11.0,184.0,24.0,2.0,80.0,16.0,,185.0,829.0,13.0,0.4031007751937984,0.4193548387096774,0.6721311475409836,0.3407821229050279,0.2857142857142857,0.2666666666666666,0.3407821229050279,0.4657039711191336,0.5,0.421875,0.4913385826771653,0.4590163934426229,0.4090909090909091,0.535814606741573,0.5285714285714286,0.4921465968586387,0.5637795275590551,0.1371841155234657,0.1470588235294117,23.780145821648908,0.6642335766423357,0.0833333333333333,0.1147540983606557,0.0106221547799696,0.1081441922563418,0.0156453715775749,0.1112676056338028,0.0133239831697054,0.0095238095238095,0.0080428954423592,0.0142857142857142,0.1213592233009708,0.0883977900552486,0.1941747572815534,0.1030741410488245,0.1224489795918367,0.1196850393700787,0.6578947368421053,0.78125,0.4,0.2677165354330709,0.4058823529411764,0.4758620689655172,0.4057971014492754,0.0488188976377952,0.3225806451612903,0.3333333333333333,0.4,0.0866141732283464,0.5272727272727272,0.5370370370370371,0.9655172413793104,0.4771653543307086,0.3069306930693069,0.3141891891891892,0.5806451612903226,0.1639344262295081,0.9,0.4426229508196721,0.2962962962962963,0.875,0.1298701298701298,0.5,0.1038961038961039,0.4805194805194805,0.2027027027027027,0.6834645669291338,0.3069306930693069,0.5068103149606297,0.5153951219512194,0.4837360389610389,0.1221264367816092,0.2402402402402402,0.0967320261437908,0.2470588235294117,7.499638989169674,25.69608938547485,0.2699805068226121,8.0,9.0,18.0,58.0,4.0,58.0,8.0,3.0,14.0,1.0,2.0,4.0,5.0,7.0,4.0,3.0,8.0,1.0,8.0,0.1578947368421052,0.0193236714975845,0.0120845921450151,0.125,0.3333333333333333,0.1311475409836065,0.5625,0.0137741046831955,120.0,,8.0,,1.0,1.0,0.0223463687150838,0.032258064516129,0.0181818181818181,,2.0,5.0,,4.0,0.0263157894736842,0.25,,0.0231023102310231,1.0,,False,1.0,,,,,,
1642271,1610612762,Kyle Filipowski,Kyle Filipowski,1642271,UTA,60023.0,1000.0,-175.0,2081,2080.0,500.0,505.0,258.0,4161,74.0,111.0,18.0,34.0,16.0,27.0,43.0,84.0,2.0,5.0,13.0,45.0,9.0,34.0,82.0,1.0,7.0,6.0,18.0,119.0,200.0,47.0,127.0,66.0,445.0,2484.0,20.0,39.0,3.0,11.0,55.0,23.0,40.0,10.0,27.0,26.0,102.0,138.0,100.0,126.0,28.0,81.0,34.0,26.0,63.0,44.0,107.0,28.0,37.0,23.0,258.0,38.0,36.0,78.0,103.0,23.0,204.0,77.0,281.0,33.0,27.0,6.0,38.0,7.0,30.0,13.0,2.0,68.0,17.0,69.0,117.0,8.0,87.0,2.0,102.0,12.0,,50.0,7.0,2.0,102.0,498.0,7.0,0.5798319327731093,0.6571428571428571,0.8936170212765957,0.3700787401574803,0.2727272727272727,0.3703703703703703,0.373015873015873,0.595,0.5128205128205128,0.575,0.5795107033639144,0.49,0.5671641791044776,0.5981182795698925,0.4824561403508772,0.6219512195121951,0.3883792048929663,0.13,0.1428571428571428,18.510727808161548,0.5588235294117647,0.4107142857142857,0.2384259259259259,0.0801781737193764,0.1578947368421052,0.074656188605108,0.1954643628509719,0.0772442588726513,0.1159420289855072,0.0608365019011406,0.0756302521008403,0.2341772151898734,0.2589285714285714,0.16,0.1469816272965879,0.1946902654867256,0.3394495412844037,0.6666666666666666,0.7551020408163265,0.5135135135135135,0.2568807339449541,0.5119047619047619,0.5972222222222222,0.6744186046511628,0.0152905198776758,0.4,0.5,1.0,0.1376146788990825,0.2888888888888888,0.2888888888888888,1.0,0.2507645259938837,0.4146341463414634,0.419753086419753,0.8529411764705882,0.68,0.5294117647058824,0.14,0.1428571428571428,1.0,0.4029850746268656,0.5925925925925926,0.1343283582089552,0.2686567164179104,0.3333333333333333,0.72782874617737,0.419753086419753,0.5299731595092024,0.5242871794871794,0.5173159090909091,0.136986301369863,0.2100840336134453,0.1235955056179775,0.2292134831460674,4.398999999999999,25.132283464566928,0.2402691013935607,4.0,4.0,6.0,16.0,10.0,25.0,5.0,4.0,8.0,2.0,12.0,17.0,,10.0,6.0,4.0,10.0,4.0,10.0,0.1171171171171171,0.0723684210526315,0.0769230769230769,0.4,,0.08,0.4444444444444444,,15.0,1.0,1.0,3.0,,,0.0078740157480314,0.2,,0.0491803278688524,2.0,3.0,,1.0,0.0833333333333333,0.5,2.0,0.0121951219512195,1.0,,False,,,1.0,,,,
1630548,1610612762,Johnny Juzang,Johnny Juzang,1630548,UTA,44312.0,739.0,-154.0,1528,1518.0,352.0,337.0,192.0,3046,18.0,26.0,5.0,7.0,4.0,7.0,18.0,38.0,9.0,19.0,29.0,78.0,20.0,35.0,105.0,4.0,13.0,8.0,23.0,45.0,83.0,64.0,183.0,29.0,311.0,1838.0,9.0,12.0,5.0,18.0,37.0,8.0,17.0,17.0,43.0,10.0,77.0,52.0,38.0,168.0,8.0,105.0,35.0,5.0,19.0,18.0,37.0,13.0,11.0,8.0,92.0,16.0,2.0,50.0,29.0,11.0,90.0,20.0,110.0,22.0,14.0,8.0,13.0,1.0,9.0,7.0,2.0,22.0,10.0,50.0,80.0,2.0,29.0,2.0,35.0,5.0,,11.0,6.0,,77.0,352.0,6.0,0.5777777777777777,0.6341463414634146,0.875,0.3497267759562841,0.2777777777777778,0.3953488372093023,0.3497267759562841,0.5421686746987951,0.75,0.4705882352941176,0.5300751879699248,0.55,0.5583333333333333,0.5553571428571429,0.578125,0.5833333333333334,0.6879699248120301,0.0602409638554216,0.0263157894736842,17.346352670878805,0.5909090909090909,0.275,0.0950819672131147,0.0063694267515923,0.1322751322751322,0.0395061728395061,0.1156661786237188,0.0250347705146036,0.0120481927710843,0.0052631578947368,0.0457746478873239,0.0652173913043478,0.1,0.1320754716981132,0.1136363636363636,0.2142857142857142,0.0977443609022556,0.6923076923076923,0.782608695652174,0.6111111111111112,0.1428571428571428,0.4736842105263157,0.4864864864864865,0.6111111111111112,0.0714285714285714,0.4736842105263157,0.5,0.4444444444444444,0.2932330827067669,0.3717948717948718,0.3866666666666666,0.9310344827586208,0.3947368421052631,0.3333333333333333,0.3365384615384615,0.8285714285714286,0.2333333333333333,0.7142857142857143,0.4333333333333333,0.3076923076923077,0.75,0.1166666666666666,0.5714285714285714,0.3333333333333333,0.3833333333333333,0.3478260869565217,0.7857142857142857,0.3333333333333333,0.5301045112781956,0.5553,0.5234816666666666,0.0474452554744525,0.1235955056179775,0.1189710610932476,0.247588424437299,8.537349397590361,25.00273224043717,0.2303664921465968,5.0,9.0,4.0,5.0,2.0,6.0,3.0,1.0,2.0,,4.0,4.0,2.0,5.0,2.0,3.0,5.0,2.0,3.0,0.1153846153846153,0.024793388429752,0.0136986301369863,0.4,0.2,0.1666666666666666,0.45,0.0108108108108108,24.0,,4.0,2.0,,,0.0218579234972677,0.0526315789473684,0.0384615384615384,0.0476190476190476,1.0,,,2.0,,0.2,,0.0095238095238095,,,False,,,,,,,
1641729,1610612762,Brice Sensabaugh,Brice Sensabaugh,1641729,UTA,51593.0,860.0,-186.0,1822,1804.0,508.0,389.0,241.0,3626,22.0,33.0,7.0,10.0,5.0,8.0,46.0,96.0,7.0,18.0,36.0,76.0,20.0,49.0,137.0,6.0,14.0,8.0,35.0,75.0,147.0,85.0,213.0,35.0,440.0,2204.0,14.0,26.0,10.0,24.0,64.0,18.0,38.0,16.0,55.0,13.0,97.0,92.0,58.0,222.0,18.0,137.0,49.0,10.0,41.0,20.0,61.0,12.0,29.0,12.0,142.0,18.0,12.0,55.0,41.0,3.0,99.0,31.0,130.0,26.0,14.0,12.0,37.0,14.0,30.0,8.0,5.0,67.0,20.0,35.0,66.0,4.0,29.0,1.0,40.0,8.0,1.0,21.0,3.0,,97.0,508.0,2.0,0.6133333333333333,0.696969696969697,0.8705882352941177,0.3990610328638497,0.4166666666666667,0.2909090909090909,0.3990610328638497,0.5102040816326531,0.5384615384615384,0.4736842105263157,0.5625,0.58,0.4516129032258064,0.5837765957446809,0.6057692307692307,0.485,0.5916666666666667,0.0680272108843537,0.0729166666666666,21.05764649833254,0.5522388059701493,0.0483870967741935,0.1108108108108108,0.0292682926829268,0.1175213675213675,0.0395604395604395,0.1145584725536992,0.0346820809248554,0.0165289256198347,0.0340425531914893,0.0279503105590062,0.1129032258064516,0.0862944162436548,0.2040816326530612,0.1117318435754189,0.1363636363636363,0.0916666666666666,0.6666666666666666,0.7333333333333333,0.4090909090909091,0.2666666666666666,0.4791666666666667,0.5168539325842697,0.6739130434782609,0.05,0.3888888888888889,0.3888888888888889,0.8571428571428571,0.2111111111111111,0.4736842105263157,0.5070422535211268,0.9444444444444444,0.3805555555555555,0.3576642335766423,0.3576642335766423,0.8163265306122449,0.2,0.7,0.28,0.4285714285714285,0.8333333333333334,0.086021505376344,0.625,0.2150537634408602,0.3763440860215054,0.2285714285714285,0.6833333333333333,0.3576642335766423,0.5205306944444443,0.5166875000000001,0.510167741935484,0.0563002680965147,0.13125,0.1454545454545454,0.2204545454545454,8.080272108843534,25.00845070422534,0.278814489571899,10.0,8.0,6.0,8.0,12.0,29.0,4.0,1.0,9.0,,8.0,1.0,,3.0,2.0,1.0,3.0,2.0,4.0,0.0909090909090909,0.0676691729323308,0.0655737704918032,0.6666666666666666,,0.2,0.4,,33.0,,5.0,1.0,,,0.0234741784037558,,0.0657894736842105,0.0196078431372549,4.0,,,,0.037037037037037,0.4,1.0,,1.0,,False,,,,,,,
1630695,1610612762,Micah Potter,Micah Potter,1630695,UTA,23428.0,390.0,-31.0,798,789.0,205.0,146.0,105.0,1587,12.0,18.0,6.0,9.0,6.0,7.0,,3.0,1.0,1.0,13.0,37.0,4.0,8.0,20.0,1.0,3.0,1.0,3.0,13.0,22.0,21.0,57.0,12.0,101.0,933.0,6.0,9.0,1.0,4.0,20.0,6.0,8.0,3.0,7.0,7.0,28.0,14.0,12.0,63.0,10.0,20.0,8.0,3.0,7.0,12.0,19.0,10.0,3.0,3.0,50.0,17.0,13.0,32.0,32.0,6.0,70.0,31.0,101.0,10.0,9.0,1.0,6.0,5.0,10.0,3.0,1.0,16.0,3.0,19.0,31.0,2.0,20.0,2.0,14.0,2.0,,6.0,2.0,1.0,28.0,205.0,2.0,0.5384615384615384,0.875,1.0,0.3684210526315789,0.25,0.4285714285714285,0.3684210526315789,0.5909090909090909,0.6666666666666666,0.75,0.5632911392405063,0.5769230769230769,0.7,0.5941176470588235,0.6666666666666666,0.7777777777777778,0.7215189873417721,0.1363636363636363,0.6666666666666666,11.014176663031623,0.375,0.3,0.1711229946524064,0.0802469135802469,0.1428571428571428,0.0783410138248847,0.1557177615571776,0.079155672823219,0.125,0.0606060606060606,0.0802469135802469,0.2133333333333333,0.1363636363636363,0.1666666666666666,0.1379310344827586,0.16,0.2278481012658227,0.6666666666666666,0.7058823529411765,0.5,0.0379746835443038,,,,0.0126582278481012,1.0,1.0,1.0,0.4683544303797468,0.3513513513513513,0.3611111111111111,1.0,0.2531645569620253,0.4,0.4,1.0,0.6923076923076923,0.6666666666666666,0.2307692307692307,0.3333333333333333,1.0,0.4666666666666667,0.8571428571428571,0.2666666666666666,0.2,0.3333333333333333,0.9493670886075948,0.4,0.5734474683544304,0.57535,0.59174,0.072289156626506,0.2307692307692307,0.198019801980198,0.2772277227722772,3.2772727272727264,24.452631578947376,0.2568922305764411,1.0,2.0,5.0,2.0,2.0,3.0,,1.0,1.0,1.0,5.0,3.0,,7.0,4.0,3.0,7.0,5.0,3.0,0.0555555555555555,0.0727272727272727,0.048780487804878,0.7142857142857143,,0.0769230769230769,0.5,,,,1.0,1.0,,,0.0175438596491228,,0.027027027027027,0.05,,1.0,,1.0,0.0666666666666666,,,,,,False,,,,,,,
1642262,1610612762,Cody Williams,Cody Williams,1642262,UTA,41556.0,693.0,-209.0,1457,1467.0,468.0,303.0,185.0,2924,15.0,28.0,4.0,8.0,2.0,4.0,19.0,47.0,,4.0,14.0,51.0,13.0,8.0,34.0,,2.0,2.0,10.0,34.0,79.0,22.0,85.0,21.0,155.0,1792.0,4.0,10.0,1.0,7.0,11.0,10.0,26.0,5.0,23.0,7.0,42.0,34.0,34.0,66.0,6.0,34.0,8.0,9.0,17.0,22.0,39.0,12.0,8.0,6.0,100.0,11.0,11.0,29.0,27.0,2.0,58.0,22.0,80.0,13.0,10.0,3.0,21.0,1.0,10.0,13.0,1.0,31.0,8.0,28.0,54.0,2.0,19.0,2.0,24.0,2.0,,12.0,1.0,,42.0,468.0,1.0,0.5,0.5483870967741935,1.0,0.2588235294117647,0.1428571428571428,0.217391304347826,0.2588235294117647,0.430379746835443,0.4,0.3846153846153846,0.4085365853658536,0.3235294117647059,0.3571428571428571,0.4428571428571428,0.3235294117647059,0.4038461538461538,0.5182926829268293,0.1139240506329113,0.0638297872340425,12.298507462686567,0.6774193548387096,0.0512820512820512,0.0798816568047337,0.032258064516129,0.0838150289017341,0.0306406685236768,0.0818713450292397,0.0314285714285714,0.0341880341880341,0.03125,0.0350194552529182,0.0869565217391304,0.0862068965517241,0.0408163265306122,0.0950570342205323,0.0481927710843373,0.1707317073170731,0.5357142857142857,0.6818181818181818,0.6666666666666666,0.2865853658536585,0.4042553191489361,0.4318181818181818,0.3684210526315789,0.024390243902439,,,,0.3109756097560975,0.2745098039215686,0.2745098039215686,1.0,0.2073170731707317,0.2352941176470588,0.2352941176470588,1.0,0.4705882352941176,0.5,0.1176470588235294,,,0.0816326530612244,0.5,0.2653061224489796,0.2040816326530612,0.2,0.6890243902439024,0.2352941176470588,0.5268378048780489,0.5461083333333334,0.4762530612244897,0.0689655172413793,0.1348314606741573,0.0709677419354838,0.2709677419354839,6.146835443037976,24.540000000000006,0.3212079615648593,5.0,3.0,,10.0,2.0,8.0,3.0,2.0,2.0,,1.0,,,6.0,3.0,2.0,10.0,8.0,2.0,0.2142857142857142,0.0196078431372549,0.0208333333333333,0.8,0.25,0.2941176470588235,0.2307692307692307,,,,,,4.0,3.0,,,,,1.0,3.0,,,0.03125,0.2,,,1.0,,False,,,,1.0,1.0,,
201988,1610612762,Patty Mills,Patty Mills,201988,UTA,6411.0,107.0,3.0,222,223.0,77.0,36.0,26.0,445,3.0,3.0,,,1.0,1.0,,,1.0,2.0,2.0,4.0,2.0,2.0,12.0,,2.0,1.0,4.0,4.0,5.0,4.0,16.0,3.0,23.0,241.0,,,,2.0,,1.0,2.0,1.0,6.0,,5.0,2.0,6.0,12.0,,12.0,2.0,,4.0,2.0,6.0,1.0,4.0,,14.0,,,2.0,6.0,,8.0,,8.0,4.0,4.0,,5.0,,,1.0,,5.0,1.0,3.0,5.0,,4.0,,3.0,,,,,,5.0,77.0,,0.25,0.25,1.0,0.25,,0.1666666666666666,0.25,0.8,,0.5,0.4761904761904761,,0.3125,0.5227272727272727,,0.3125,0.7619047619047619,,,10.588235294117649,1.0,,0.12,,0.0350877192982456,,0.0747663551401869,,,,,0.125,0.0833333333333333,0.2,0.0217391304347826,0.0909090909090909,0.1428571428571428,1.0,1.0,0.3333333333333333,,,,,0.0952380952380952,0.5,0.5,,0.1904761904761904,0.5,0.5,1.0,0.5714285714285714,0.1666666666666666,0.1666666666666666,1.0,,,1.0,,,0.125,1.0,0.25,0.5,0.25,0.9047619047619048,0.1666666666666666,0.5459880952380952,0.546,0.55555625,0.0454545454545454,,,0.217391304347826,8.88,25.2875,0.3468468468468468,,,,1.0,,4.0,,,,,,,1.0,2.0,,2.0,2.0,1.0,,,,,0.5,,,,0.0588235294117647,,,,,,,,,,,,,,2.0,,,,,,,False,,,,,,,
1630231,1610612762,KJ Martin,KJ Martin,1630231,UTA,18307.0,305.0,-120.0,653,658.0,144.0,129.0,75.0,1311,20.0,27.0,1.0,4.0,6.0,10.0,9.0,17.0,,,6.0,19.0,2.0,,4.0,,3.0,,1.0,29.0,44.0,6.0,23.0,9.0,85.0,832.0,1.0,4.0,,3.0,3.0,9.0,15.0,,3.0,4.0,22.0,52.0,6.0,18.0,2.0,4.0,,5.0,8.0,9.0,17.0,6.0,5.0,1.0,43.0,5.0,3.0,18.0,13.0,2.0,33.0,8.0,41.0,5.0,3.0,2.0,6.0,2.0,4.0,2.0,1.0,10.0,,18.0,29.0,,10.0,,14.0,4.0,,9.0,,,22.0,144.0,,0.896551724137931,0.9285714285714286,1.0,0.2608695652173913,,,0.2608695652173913,0.6590909090909091,0.25,0.6,0.5671641791044776,0.1428571428571428,0.5,0.5902777777777778,0.1666666666666666,0.55,0.3432835820895522,0.1136363636363636,0.1764705882352941,11.186903137789905,0.6,0.1,0.0942028985507246,0.0208333333333333,0.109090909090909,0.0328947368421052,0.1023102310231023,0.027027027027027,0.0476190476190476,,0.0396039603960396,0.0754716981132075,0.1269841269841269,0.0454545454545454,0.106060606060606,0.1212121212121212,0.4029850746268656,0.7407407407407407,0.8,0.85,0.2537313432835821,0.5294117647058824,0.6428571428571429,1.0,,,,,0.2835820895522388,0.3157894736842105,0.3157894736842105,1.0,0.0597014925373134,,,,0.5714285714285714,0.25,0.4285714285714285,,,0.5555555555555556,0.6,0.1111111111111111,0.0555555555555555,,0.746268656716418,,0.5536514925373133,0.5795499999999999,0.5706222222222223,0.125,0.1836734693877551,0.0352941176470588,0.2588235294117647,3.3295454545454546,23.695652173913043,0.2205206738131699,,,1.0,3.0,1.0,4.0,1.0,,,,1.0,1.0,,6.0,4.0,2.0,6.0,3.0,2.0,0.074074074074074,0.0196078431372549,0.037037037037037,0.5,,,,,,,,,,,,,,,,2.0,,,0.05,,,,,,False,,,,,,,
1641707,1610612762,Taylor Hendricks,Taylor Hendricks,1641707,UTA,4452.0,74.0,-22.0,157,160.0,53.0,19.0,23.0,317,1.0,2.0,,1.0,1.0,2.0,,3.0,,1.0,3.0,7.0,2.0,,5.0,,,,2.0,1.0,6.0,3.0,12.0,3.0,14.0,178.0,,1.0,,,3.0,1.0,3.0,2.0,4.0,3.0,11.0,2.0,,9.0,,5.0,,,2.0,,2.0,,2.0,,4.0,2.0,3.0,6.0,4.0,,10.0,5.0,15.0,5.0,3.0,2.0,2.0,,,,,2.0,2.0,5.0,8.0,,2.0,,4.0,,,2.0,,,11.0,53.0,,1.0,1.0,1.0,0.25,,0.5,0.25,0.1666666666666666,,0.3333333333333333,0.3055555555555556,,0.5714285714285714,0.35,0.5,0.6111111111111112,0.6666666666666666,,,11.76470588235294,1.0,,0.125,0.0576923076923076,0.12,0.0625,0.1219512195121951,0.0595238095238095,,0.0357142857142857,0.0416666666666666,0.125,0.1,0.25,0.0588235294117647,0.25,0.1111111111111111,0.5,0.5,1.0,0.1666666666666666,,,,0.0555555555555555,,,,0.3888888888888889,0.4285714285714285,0.4285714285714285,1.0,0.2777777777777778,,,,1.0,,,,,0.2857142857142857,0.5,0.2857142857142857,0.2857142857142857,,0.7777777777777778,,0.5522777777777779,,0.5745142857142858,0.1,0.25,0.2142857142857142,0.7857142857142857,7.366666666666666,24.5,0.3375796178343949,,2.0,3.0,,,2.0,,,,,,,,4.0,1.0,3.0,4.0,3.0,,,0.125,,0.75,,,1.0,,,,,,,,,,,,,,,,0.2,,,,,,False,,,,,,,
1641989,1610612762,Elijah Harkless,Elijah Harkless,1641989,UTA,4307.0,72.0,24.0,145,143.0,27.0,51.0,24.0,288,2.0,2.0,,,,,1.0,3.0,,,3.0,7.0,1.0,2.0,11.0,,3.0,,2.0,3.0,5.0,5.0,18.0,2.0,23.0,161.0,,,,3.0,2.0,,1.0,1.0,3.0,,3.0,6.0,,15.0,,11.0,2.0,,1.0,3.0,4.0,2.0,1.0,,11.0,4.0,1.0,2.0,1.0,,3.0,5.0,8.0,6.0,1.0,5.0,1.0,,1.0,,,2.0,,3.0,10.0,,5.0,1.0,4.0,,,2.0,,,3.0,27.0,,1.0,1.0,1.0,0.2777777777777778,,0.3333333333333333,0.2777777777777778,0.6,,,0.4565217391304347,,0.375,0.46,0.25,0.375,0.782608695652174,,,15.254237288135592,0.5,,0.0476190476190476,0.0333333333333333,0.054054054054054,0.0888888888888888,0.0517241379310344,0.0666666666666666,0.1111111111111111,,0.088235294117647,,0.0909090909090909,,0.0689655172413793,,0.0869565217391304,1.0,1.0,1.0,0.1304347826086956,0.3333333333333333,0.3333333333333333,1.0,,,,,0.3043478260869565,0.4285714285714285,0.4285714285714285,1.0,0.4782608695652174,0.1818181818181818,0.1818181818181818,1.0,,,1.0,,,,,0.25,0.5,,0.8695652173913043,0.1818181818181818,0.5462065217391304,0.5036999999999999,0.5267875,0.08,0.2857142857142857,0.0869565217391304,0.1304347826086956,6.14,24.861111111111114,0.1862068965517241,,1.0,2.0,1.0,,1.0,,1.0,,,,,,1.0,,1.0,1.0,,2.0,,0.0909090909090909,,,,,1.0,,,,,,,,,,,,,,,1.0,,,,,,,False,,,,,,,
1630531,1610612762,Jaden Springer,Jaden Springer,1630531,UTA,4994.0,83.0,-18.0,176,178.0,44.0,30.0,22.0,354,3.0,3.0,,,,,3.0,6.0,,1.0,1.0,3.0,,2.0,6.0,2.0,3.0,1.0,2.0,6.0,10.0,3.0,9.0,6.0,27.0,204.0,,1.0,2.0,3.0,8.0,1.0,3.0,1.0,2.0,3.0,8.0,10.0,2.0,9.0,,6.0,2.0,,7.0,5.0,12.0,4.0,4.0,3.0,29.0,1.0,2.0,2.0,2.0,1.0,5.0,3.0,8.0,5.0,2.0,3.0,3.0,1.0,3.0,1.0,,6.0,1.0,1.0,10.0,,11.0,1.0,10.0,,,4.0,1.0,,8.0,44.0,1.0,0.8333333333333334,0.8333333333333334,1.0,0.3333333333333333,0.6666666666666666,0.5,0.3333333333333333,0.6,,0.3333333333333333,0.5526315789473685,0.75,0.5,0.5625,0.8,0.5714285714285714,0.4736842105263157,,,15.075376884422113,0.5,0.2,0.0512820512820512,0.054054054054054,0.0465116279069767,0.0277777777777777,0.048780487804878,0.0410958904109589,,0.0333333333333333,0.0384615384615384,,0.074074074074074,,0.064516129032258,,0.1578947368421052,1.0,1.0,1.0,0.3157894736842105,0.5,0.5,0.6666666666666666,0.0526315789473684,,,,0.1578947368421052,0.3333333333333333,0.3333333333333333,1.0,0.3157894736842105,0.3333333333333333,0.3333333333333333,1.0,,,0.75,0.6666666666666666,1.0,,,,0.4,0.5,0.631578947368421,0.3333333333333333,0.5187184210526317,0.547725,0.48327,0.1739130434782608,0.2857142857142857,0.2962962962962963,0.2962962962962963,6.81,25.05555555555556,0.25,,,2.0,1.0,,2.0,2.0,,,,,,,2.0,,2.0,2.0,1.0,1.0,,,,0.5,,,,,,,,,,,,,,,,,,,0.3333333333333333,,,,,,False,,,,,,,
1631131,1610612762,Oscar Tshiebwe,Oscar Tshiebwe,1631131,UTA,5990.0,100.0,22.0,205,203.0,54.0,65.0,34.0,408,12.0,16.0,4.0,4.0,7.0,9.0,3.0,7.0,,,,,,,,,,,,15.0,23.0,,,9.0,39.0,237.0,4.0,5.0,,,12.0,8.0,10.0,,,4.0,20.0,22.0,8.0,,8.0,,,2.0,1.0,2.0,3.0,1.0,,1.0,8.0,8.0,8.0,20.0,13.0,3.0,36.0,16.0,52.0,6.0,4.0,2.0,,,2.0,,,2.0,,8.0,14.0,,8.0,,12.0,2.0,,7.0,,,20.0,54.0,,0.7333333333333333,1.0,,,,,,0.6521739130434783,0.8,0.8,0.6521739130434783,0.8,0.8,0.6964285714285714,0.8571428571428571,0.9090909090909092,,0.0869565217391304,,12.195121951219512,,0.3333333333333333,0.3714285714285714,0.1666666666666666,0.303030303030303,0.1403508771929824,0.3267326732673267,0.1523809523809524,,0.2162162162162162,0.1428571428571428,0.1666666666666666,0.5,,0.3137254901960784,0.2666666666666666,0.6956521739130435,0.75,0.8571428571428571,0.6666666666666666,0.3043478260869565,0.4285714285714285,0.4285714285714285,1.0,,,,,,,,,,,,,0.8,1.0,,,,0.9,0.7777777777777778,,,,0.6956521739130435,,0.5398173913043478,0.6238666666666667,0.5334800000000001,0.25,0.25,0.3076923076923077,0.5128205128205128,3.7913043478260864,,0.2634146341463415,,,4.0,1.0,1.0,,,1.0,,1.0,1.0,,,,,,,,2.0,0.125,0.1333333333333333,0.1666666666666666,,,,,,,,,,,,,,,,,,,1.0,,,,,,,False,,,,,,,
1626181,1610612746,Norman Powell,Norman Powell,1626181,LAC,664.0,11.0,-4.0,23,21.0,,,6.0,44,2.0,3.0,,,,,,4.0,,,,1.0,,1.0,3.0,1.0,1.0,,,2.0,7.0,1.0,4.0,,7.0,26.0,,,1.0,1.0,3.0,,,,,,,4.0,,3.0,,3.0,1.0,1.0,,,,,,,,,,,,,,,,,,,1.0,,,,,1.0,,,,,,,,,,,,,,,,1.0,1.0,1.0,0.25,1.0,,0.25,0.2857142857142857,,,0.3181818181818182,1.5,,0.3181818181818182,1.5,,0.36363636363636365,0.14285714285714285,,40.0,1.0,,,,,,,,,,,,,,,,0.2727272727272727,0.6666666666666666,1.0,1.0,0.36363636363636365,,,,,,,,0.09090909090909091,,,,0.2727272727272727,0.3333333333333333,0.3333333333333333,1.0,,,1.0,1.0,1.0,,,,,,0.6363636363636364,0.3333333333333333,0.5294954545454545,0.59985,,,,0.42857142857142855,,5.242857142857142,25.2,,,,,,,1.0,,,,,,,,,,,,,,0.3333333333333333,,,,,,,,,,,,,,,,,,,,,,,,,,,,True,,,,,,,
1627732,1610612746,Ben Simmons,Ben Simmons,1627732,LAC,925.0,15.0,10.0,32,32.0,6.0,3.0,4.0,64,1.0,4.0,,2.0,1.0,1.0,1.0,3.0,,,,,,,,,,,,2.0,7.0,,,,4.0,29.0,,2.0,,,,1.0,2.0,,,,2.0,4.0,,,,,,,5.0,1.0,6.0,1.0,3.0,2.0,13.0,,2.0,2.0,1.0,1.0,4.0,2.0,6.0,,,,,,,,,,,,,,,,,,,,,,2.0,6.0,,1.0,1.0,,,,,,0.2857142857142857,,0.5,0.2857142857142857,,0.5,0.2857142857142857,,0.5,,,,19.444444444444446,,1.0,0.1111111111111111,0.2,0.18181818181818182,,0.15,0.13333333333333333,0.2,0.25,,,0.14285714285714285,,0.16666666666666666,0.2,0.5714285714285714,0.25,0.25,1.0,0.42857142857142855,0.3333333333333333,0.3333333333333333,1.0,,,,,,,,,,,,,1.0,,,,,0.5,1.0,,,,0.5714285714285714,,0.5174142857142857,0.5636,0.49685,,,,0.5,4.428571428571429,,0.1875,,,,,,,,,,,,,,,,,,,,,,,,,,,,,,,,,,,,,,,,,,,,,,,,True,,,,,,,
1629234,1610612746,Drew Eubanks,Drew Eubanks,1629234,LAC,6996.0,117.0,-23.0,231,233.0,77.0,82.0,33.0,464,12.0,17.0,3.0,6.0,3.0,5.0,5.0,14.0,,,,1.0,1.0,,,,,,,17.0,31.0,,1.0,8.0,42.0,274.0,5.0,8.0,,,10.0,4.0,9.0,,1.0,5.0,13.0,22.0,12.0,,8.0,,,7.0,4.0,1.0,5.0,1.0,1.0,3.0,11.0,5.0,10.0,9.0,12.0,,21.0,15.0,36.0,1.0,1.0,,2.0,1.0,3.0,,,5.0,2.0,7.0,10.0,1.0,6.0,,10.0,,,5.0,,,13.0,77.0,,0.6470588235294118,0.8461538461538461,,,,,,0.5483870967741935,0.625,0.4444444444444444,0.53125,0.625,0.4,0.5675675675675675,0.625,0.5,0.03125,0.22580645161290322,0.35714285714285715,15.789473684210526,0.4,,0.26666666666666666,0.15625,0.16981132075471697,0.09803921568627451,0.21428571428571427,0.13043478260869565,0.13636363636363635,0.18181818181818182,0.10256410256410256,0.4,0.26666666666666666,,0.19444444444444445,0.11764705882352941,0.53125,0.7058823529411765,0.8,0.75,0.4375,0.35714285714285715,0.5555555555555556,0.4,,,,,0.03125,,,,,,,,0.75,0.5,,,,0.5,0.6,0.1,,,0.5625,,0.5439390625,0.5736166666666666,0.551755,0.13513513513513514,0.1388888888888889,0.23809523809523808,0.30952380952380953,3.7516129032258063,23.6,0.3333333333333333,,,,,1.0,2.0,1.0,,2.0,,1.0,,,4.0,3.0,1.0,4.0,2.0,,0.11764705882352941,0.08333333333333333,0.125,0.5,,,,,,,,,,,,,,,,,,,0.1111111111111111,,,,,,True,,,,,,,
1629599,1610612746,Amir Coffey,Amir Coffey,1629599,LAC,6142.0,102.0,-19.0,201,204.0,69.0,69.0,29.0,405,4.0,10.0,,3.0,3.0,5.0,4.0,7.0,1.0,5.0,4.0,7.0,3.0,4.0,5.0,2.0,2.0,2.0,2.0,9.0,22.0,8.0,12.0,9.0,51.0,244.0,,4.0,2.0,2.0,6.0,4.0,9.0,5.0,5.0,4.0,27.0,12.0,6.0,24.0,,5.0,4.0,1.0,,2.0,2.0,1.0,,,6.0,,2.0,3.0,3.0,,6.0,2.0,8.0,2.0,1.0,1.0,1.0,,,,,1.0,,4.0,7.0,,6.0,,10.0,,,5.0,,,27.0,69.0,,0.6666666666666666,0.6666666666666666,1.0,0.6666666666666666,1.0,1.0,0.6666666666666666,0.4090909090909091,,0.4444444444444444,0.6176470588235294,0.5,0.8214285714285714,0.6538461538461539,0.5,0.84375,0.35294117647058826,0.045454545454545456,,17.167381974248926,1.0,,0.06818181818181818,0.034482758620689655,0.06666666666666667,,0.06741573033707865,0.02,0.1,,,,0.1,,0.06666666666666667,0.06666666666666667,0.29411764705882354,0.4,0.4444444444444444,0.75,0.20588235294117646,0.5714285714285714,0.5714285714285714,0.5,0.14705882352941177,0.2,0.2,1.0,0.20588235294117646,0.5714285714285714,0.6666666666666666,1.0,0.14705882352941177,0.8,0.8,1.0,0.5,,0.3333333333333333,1.0,1.0,0.35714285714285715,0.6,0.21428571428571427,0.14285714285714285,1.0,0.6470588235294118,0.8,0.5609911764705883,0.7099666666666667,0.5865821428571428,0.1282051282051282,0.18518518518518517,0.11764705882352941,0.5294117647058824,7.295454545454546,24.76666666666667,0.34328358208955223,,3.0,,1.0,1.0,1.0,,,,,1.0,1.0,,,,,,,,0.1,,0.06666666666666667,,,,1.0,,,,1.0,,,,0.08333333333333333,,0.14285714285714285,,,,,,,,,,,,True,,,,,,,
203992,1610612746,Bogdan Bogdanović,Bogdan Bogdanović,203992,LAC,2464.0,41.0,24.0,83,83.0,15.0,15.0,12.0,166,,1.0,,,,,3.0,5.0,1.0,4.0,,1.0,,,4.0,,,,,4.0,10.0,,5.0,1.0,9.0,77.0,,,,,,,,,,,,6.0,2.0,,,4.0,,,8.0,2.0,10.0,,7.0,1.0,22.0,,,3.0,3.0,,6.0,,6.0,1.0,,1.0,,,,,,,,2.0,5.0,,1.0,,2.0,,,1.0,,,,15.0,,0.75,0.75,,,,,,0.4,,,0.26666666666666666,,,0.28125,,,0.3333333333333333,,,16.842105263157894,,,0.15789473684210525,,0.13043478260869565,,0.14285714285714285,,,,,,0.13333333333333333,1.0,0.23076923076923078,,0.06666666666666667,,,,0.3333333333333333,0.6,0.6,1.0,0.26666666666666666,0.25,0.25,,0.06666666666666667,,,,0.26666666666666666,,,,,,,,,,,,,,0.4,,0.45982666666666666,,,0.0625,0.09090909090909091,,,13.15,26.360000000000003,0.18072289156626506,,,,2.0,,,,,,,,,,1.0,,1.0,1.0,1.0,,,,,1.0,,,,,,,,,,,,,,,,,,,,,,,,,True,,,,,,,
1627739,1610612746,Kris Dunn,Kris Dunn,1627739,LAC,1493.0,25.0,-5.0,46,51.0,7.0,3.0,7.0,97,1.0,2.0,,,,,1.0,1.0,,,,,,,2.0,,,,,2.0,3.0,,2.0,1.0,5.0,58.0,,,,,,,,,,,,,4.0,,,2.0,,,,3.0,3.0,2.0,,,9.0,,,,3.0,,3.0,,3.0,1.0,1.0,,1.0,,,,,1.0,,3.0,3.0,,1.0,,2.0,,,1.0,,,,7.0,,,,,,,,,0.6666666666666666,,,0.4,,,0.4166666666666667,,,0.4,,,13.461538461538462,1.0,,0.16666666666666666,,,,0.1,,,,,,0.18181818181818182,0.5,,,0.4,0.5,0.5,,0.2,1.0,1.0,,,,,,,,,,0.4,,,,,,,,,,,,,,0.8,,0.51696,,,0.16666666666666666,0.25,,,3.9333333333333336,25.049999999999997,0.15217391304347827,,,,1.0,,1.0,,,,,,,,2.0,,2.0,2.0,2.0,,,,,1.0,,,,,,,,,,,,,,,,,,,,,,,,,True,,,,,,,
202695,1610612746,Kawhi Leonard,Kawhi Leonard,202695,LAC,1636.0,27.0,-34.0,54,55.0,3.0,2.0,9.0,109,,2.0,,1.0,,,5.0,12.0,2.0,3.0,,,,1.0,4.0,,,,,7.0,17.0,1.0,4.0,7.0,24.0,75.0,1.0,3.0,,,4.0,,2.0,,,,,4.0,10.0,,,4.0,1.0,,,,,,,,,,,2.0,1.0,,3.0,1.0,4.0,1.0,,1.0,3.0,,,1.0,,3.0,,3.0,3.0,,5.0,,8.0,,1.0,3.0,,,,3.0,,0.2857142857142857,0.2857142857142857,,0.25,,,0.25,0.4117647058823529,0.3333333333333333,,0.40476190476190477,0.3333333333333333,,0.5,0.5,,0.19047619047619047,,,41.53846153846154,1.0,,0.09090909090909091,,0.16666666666666666,,0.13043478260869565,,,,,,,0.5,0.18181818181818182,,0.09523809523809523,,,,0.5714285714285714,0.4166666666666667,0.4166666666666667,0.4,0.14285714285714285,0.6666666666666666,0.6666666666666666,,,,,,0.19047619047619047,0.25,0.25,,0.3333333333333333,,,,,,,,,,0.2857142857142857,0.25,0.4408214285714286,0.28190000000000004,0.3003,0.16666666666666666,0.15,0.16666666666666666,,8.9,25.525,0.05555555555555555,,,2.0,,,2.0,,,1.0,,,,1.0,,,,,,,,,,,,,,0.25,3.0,,,1.0,,,,,,0.5,,,,,,,,,,1.0,True,,,,,,,
1627884,1610612746,Derrick Jones Jr.,Derrick Jones Jr.,1627884,LAC,1792.0,30.0,-11.0,61,59.0,14.0,19.0,5.0,120,6.0,6.0,1.0,1.0,2.0,2.0,,3.0,,,1.0,1.0,,,,,,,,6.0,9.0,1.0,1.0,3.0,18.0,70.0,1.0,2.0,,,2.0,2.0,3.0,,,2.0,6.0,10.0,2.0,3.0,2.0,,,1.0,,,,,,,,2.0,,3.0,1.0,,4.0,2.0,6.0,1.0,,1.0,,,1.0,,,1.0,,2.0,2.0,,4.0,,6.0,,,2.0,1.0,,6.0,14.0,1.0,0.8333333333333334,1.0,1.0,1.0,,,1.0,0.6666666666666666,0.5,0.6666666666666666,0.75,0.5,0.6666666666666666,0.6923076923076923,0.5,0.6,0.1,0.1111111111111111,0.3333333333333333,21.21212121212121,,,0.1111111111111111,,0.17647058823529413,0.16666666666666666,0.15384615384615385,0.07407407407407407,,,0.1,,0.25,,,0.42857142857142855,0.6,1.0,1.0,0.8333333333333334,0.3,,,,,,,,0.1,1.0,1.0,1.0,,,,,0.5,1.0,,,,0.6666666666666666,1.0,,,,0.7,,0.5896049999999999,0.4454,0.6746,0.16666666666666666,0.18181818181818182,0.1111111111111111,0.3333333333333333,3.133333333333333,23.9,0.22950819672131148,,,,,,,,1.0,1.0,,,,,,,,,,,,0.5,,,,,,,,,,,,,,,,,,,,,,,,,,,True,,,,,,,
201935,1610612746,James Harden,James Harden,201935,LAC,2931.0,49.0,-15.0,101,101.0,52.0,47.0,15.0,202,,1.0,,,,,5.0,8.0,,,,,,8.0,25.0,,,5.0,15.0,5.0,9.0,8.0,25.0,8.0,42.0,122.0,,,,,3.0,2.0,4.0,5.0,15.0,4.0,23.0,,10.0,3.0,,25.0,8.0,1.0,9.0,4.0,13.0,2.0,6.0,2.0,30.0,1.0,,5.0,2.0,1.0,8.0,1.0,9.0,1.0,,1.0,4.0,,,,,4.0,2.0,1.0,1.0,,10.0,,13.0,,2.0,3.0,1.0,,23.0,52.0,,,,0.125,0.32,,0.3333333333333333,0.32,0.5555555555555556,,0.5,0.5,,0.5,0.5256410256410257,0.75,0.5476190476190477,0.7352941176470589,0.1111111111111111,0.125,36.8421052631579,1.0,0.5,0.125,,0.22727272727272727,0.04,0.18421052631578946,0.02127659574468085,,,0.047619047619047616,,0.2222222222222222,,0.21428571428571427,0.25,0.029411764705882353,,,,0.23529411764705882,0.625,0.7142857142857143,,,,,,,,,,0.7352941176470589,0.32,0.3333333333333333,0.125,,,,,,,,,0.7894736842105263,0.3333333333333333,0.7647058823529411,0.32,0.46727121212121214,,0.46010833333333334,0.13157894736842105,0.25,0.07142857142857142,0.5476190476190477,7.5,27.608,0.5148514851485149,,,3.0,2.0,,4.0,,,,,,,2.0,,,,,,,,,,,,,,0.07692307692307693,21.0,,1.0,,,,0.04,,,,,1.0,,,,,,0.04,,1.0,True,,,,,,,
201587,1610612746,Nicolas Batum,Nicolas Batum,201587,LAC,2893.0,48.0,-7.0,95,98.0,32.0,25.0,14.0,193,,,,,,,,,,,1.0,5.0,3.0,1.0,4.0,,,1.0,3.0,,,2.0,9.0,,6.0,116.0,,,,2.0,,,,1.0,6.0,,3.0,,,6.0,,4.0,1.0,,,,,,,,,3.0,,2.0,4.0,,6.0,3.0,9.0,2.0,2.0,,1.0,,,,,1.0,,2.0,4.0,,1.0,,,,,,,,3.0,32.0,,,,1.0,0.2222222222222222,,0.16666666666666666,0.2222222222222222,,,,0.3333333333333333,,0.25,0.3333333333333333,,0.25,1.0,,,9.345794392523365,1.0,,0.17391304347826086,,0.08695652173913043,0.15789473684210525,0.13043478260869565,0.06666666666666667,,,0.21428571428571427,0.4,0.0625,0.5,0.14285714285714285,,,,,,,,,,,,,,0.5555555555555556,0.2,0.2,1.0,0.4444444444444444,0.25,0.25,1.0,,,,,,,,0.5,0.5,0.3333333333333333,1.0,0.25,0.5571375000000001,0.60645,0.5631600000000001,,,,0.5,,25.788888888888884,0.3368421052631579,2.0,,,,,1.0,,,,,,1.0,,1.0,,1.0,1.0,1.0,,,,,1.0,,1.0,,,,,,,,,,,,,,,,,,,,,,,True,,,,,,,
201988,1610612746,Patty Mills,Patty Mills,201988,LAC,1947.0,32.0,-9.0,63,61.0,29.0,40.0,9.0,124,,,,,,,,,,,1.0,1.0,,3.0,9.0,,,1.0,3.0,,,4.0,10.0,3.0,15.0,75.0,,,,,,,,1.0,3.0,1.0,4.0,,,6.0,,9.0,3.0,,1.0,1.0,2.0,1.0,1.0,,5.0,,,,,,,,,1.0,,1.0,1.0,,,1.0,,1.0,,1.0,6.0,,4.0,,4.0,,,1.0,1.0,,4.0,29.0,1.0,,,0.5,0.4,,0.3333333333333333,0.4,,,,0.6,,0.5,0.625,,0.5,1.0,,,17.56756756756757,1.0,,,,,,,,,,,,,,,,,,,,,,,,,,,,0.1,1.0,1.0,1.0,0.9,0.3333333333333333,0.3333333333333333,0.3333333333333333,,,,,,,,,1.0,0.3333333333333333,1.0,0.3333333333333333,0.5053650000000001,,0.48245,0.09090909090909091,1.0,,0.26666666666666666,,26.619999999999997,0.4603174603174603,,,,,,,,,,,,,,,,,,,3.0,,,,,,,,,6.0,,,,,,,,,,,,,1.0,,,,,,,True,,,,,,,
1627826,1610612746,Ivica Zubac,Ivica Zubac,1627826,LAC,3.0,,,1,,1.0,,1.0,1,,1.0,,1.0,,1.0,,,,,,,,,,,,,,,1.0,,,,,,,1.0,,,,,1.0,,,,,,,,,,,,,,,,,,,,1.0,,,,,1.0,1.0,,,,,,,,,,,,,,,,,,,,,,,1.0,,,,,,,,,,,,,,,,,,,,,33.333333333333336,,,,1.0,,,,1.0,,1.0,,,,,,,1.0,,,,,,,,,,,,,,,,,,,,1.0,,,,,1.0,,,,,1.0,,0.5453,0.5453,0.5453,,,,,2.4,,1.0,,,,,,,,,,,,,,,,,,,,,,,,,,,,,,,,,,,,,,,,,,,,,,,,True,,,,,,,
1641757,1610612746,Jordan Miller,Jordan Miller,1641757,LAC,1439.0,24.0,-16.0,47,48.0,23.0,20.0,5.0,95,2.0,2.0,1.0,1.0,,,,1.0,,,,,,,,,,,,2.0,3.0,,,,4.0,66.0,1.0,1.0,,,2.0,,1.0,,,,,,4.0,,2.0,,,,1.0,,1.0,,,1.0,2.0,,1.0,1.0,1.0,,2.0,1.0,3.0,2.0,,2.0,1.0,,1.0,,,2.0,2.0,2.0,3.0,,1.0,,,,,,,,,23.0,,,,,,,,,0.6666666666666666,1.0,,0.6666666666666666,1.0,,0.6666666666666666,1.0,,,,,9.615384615384615,0.5,,0.14285714285714285,0.09090909090909091,0.125,,0.13333333333333333,0.05,0.5,,,1.0,,,0.16666666666666666,,0.6666666666666666,1.0,1.0,,0.3333333333333333,,,,,,,,,,,,,,,,1.0,1.0,,,,,,,,,0.6666666666666666,,0.5723666666666667,0.6342,0.4375,,,0.5,,2.733333333333334,,0.48936170212765956,,,,,,1.0,1.0,,,,,,,,,,,,1.0,,,,,,,,,,,,,,,,,,,,,,,,,,,,,True,,,,,,,
1641738,1610612746,Kobe Brown,Kobe Brown,1641738,LAC,1957.0,33.0,-9.0,62,64.0,32.0,41.0,9.0,126,2.0,3.0,2.0,2.0,,,1.0,1.0,,,,,,,2.0,,,,1.0,3.0,4.0,,2.0,,6.0,79.0,3.0,3.0,,,6.0,,,,1.0,,,2.0,4.0,,4.0,2.0,,,3.0,1.0,4.0,1.0,3.0,,9.0,1.0,2.0,3.0,,,3.0,3.0,6.0,2.0,,2.0,1.0,,,1.0,,1.0,,,2.0,,,,,,,,,,,32.0,,0.3333333333333333,1.0,,,,,,0.75,1.0,,0.5,1.0,,0.5,1.0,,0.3333333333333333,,,9.589041095890412,1.0,,,0.1111111111111111,0.3,0.07142857142857142,0.17647058823529413,0.09375,,0.2857142857142857,0.1,,,,0.3333333333333333,,0.5,0.6666666666666666,0.6666666666666666,,0.16666666666666666,1.0,1.0,1.0,,,,,,,,,0.3333333333333333,,,,0.6666666666666666,1.0,,,,,,,1.0,,0.8333333333333334,,0.5462333333333333,0.60135,0.4449,,,1.0,,2.225,26.0,0.5161290322580645,,,,,,,,,,,1.0,,,1.0,,1.0,1.0,,,,,,,,,,,,,,,,,,,,,,,,,,,,,,,True,,,,,,,
1630699,1610612746,MarJon Beauchamp,MarJon Beauchamp,1630699,LAC,290.0,5.0,-1.0,9,9.0,7.0,9.0,2.0,18,,1.0,,1.0,,1.0,,,,,,,,1.0,1.0,,,1.0,1.0,,1.0,1.0,1.0,1.0,4.0,13.0,,1.0,,,,,1.0,1.0,1.0,,3.0,,,,,1.0,1.0,,,1.0,1.0,,,,3.0,1.0,,,,,,1.0,1.0,,,,1.0,,,,,1.0,1.0,,1.0,,1.0,,2.0,,,1.0,,,3.0,7.0,,,,,1.0,,1.0,1.0,,,,0.75,,0.75,0.6666666666666666,,0.75,0.5,,,33.333333333333336,1.0,,,,,0.3333333333333333,,0.2,,,,,,,,,0.5,,,,,,,,,,,,,,,,0.5,1.0,1.0,,1.0,,,,,0.5,,,0.5,1.0,1.0,1.0,0.6584,,0.6584,0.3333333333333333,0.5,,0.75,1.3,24.2,0.7777777777777778,,,,1.0,,1.0,,,,,,,,,,,,,1.0,,1.0,,,,,,,3.0,,,,,,,,,,,,,,,,,,,,True,,,,,,,
1642353,1610612746,Cam Christie,Cam Christie,1642353,LAC,572.0,10.0,4.0,18,18.0,12.0,11.0,3.0,36,1.0,1.0,,,1.0,1.0,,,,,,1.0,1.0,,1.0,,,,,1.0,1.0,,2.0,,2.0,18.0,,,,,,1.0,1.0,,1.0,,2.0,2.0,,,,1.0,,,3.0,,3.0,,1.0,2.0,6.0,,,,1.0,,1.0,,1.0,1.0,1.0,,,,,,,,,,,,,,,,,,,,2.0,12.0,,1.0,1.0,,,,,,1.0,,1.0,0.3333333333333333,,0.5,0.3333333333333333,,0.5,0.6666666666666666,,,13.636363636363637,,,0.3333333333333333,,,,0.14285714285714285,,,,,,0.3333333333333333,,,,0.3333333333333333,1.0,1.0,1.0,,,,,,,,,0.3333333333333333,,,,0.3333333333333333,,,,,,,,,0.5,1.0,0.5,,,1.0,,0.6660333333333334,,0.752975,,,,1.0,0.5,24.9,0.6666666666666666,,,,,,,,,,,,,,,,,,,,,,,,,,,,,,,,,,,,,,,,,,,,,,,,True,,,,,,,
1629611,1610612746,Terance Mann,Terance Mann,1629611,LAC,418.0,7.0,,14,14.0,3.0,12.0,1.0,28,,,,,,,,,,1.0,,,,,2.0,,,,1.0,,1.0,,2.0,,,14.0,,,,,,,,,1.0,,,,,,,2.0,,,1.0,,1.0,,1.0,,2.0,,,,,1.0,1.0,,1.0,1.0,1.0,,,,,,,,,,,,,,,,,,,,,3.0,,,,,,,,,,,,,,,,,,0.6666666666666666,,,20.0,,0.5,,,,,,,,,,,,,,,,,,,,,,,0.3333333333333333,,,,,,,,0.6666666666666666,,,,,,,,,,,,1.0,,0.6666666666666666,,0.44530000000000003,,0.44625,,,,,17.5,27.8,0.21428571428571427,,,,,,,,,,,,,,,,,,,,,,,,,,,,,,,,,,,,,,,,,,,,,,,,True,,,,,,,
1630538,1610612746,Bones Hyland,Bones Hyland,1630538,LAC,418.0,7.0,,14,14.0,3.0,12.0,1.0,28,2.0,2.0,,,1.0,1.0,,,,,,1.0,,2.0,2.0,1.0,1.0,,,2.0,2.0,2.0,3.0,2.0,12.0,14.0,,,1.0,1.0,3.0,1.0,1.0,,,,2.0,4.0,,3.0,,2.0,2.0,,,,,,,,,,,,,,,,,1.0,1.0,,1.0,,,,,1.0,1.0,1.0,3.0,,1.0,,2.0,,,1.0,,,2.0,3.0,,1.0,1.0,0.5,0.6666666666666666,1.0,,0.6666666666666666,1.0,,1.0,1.0,1.5,1.0,1.0,1.5,1.0,0.6,,,46.66666666666667,1.0,,,,,,,,,,,,,,,,0.4,1.0,1.0,1.0,,,,,,,,,0.2,,,,0.4,1.0,1.0,0.5,,,1.0,1.0,1.0,1.0,1.0,,,,1.0,1.0,0.62194,,0.9591,0.16666666666666666,0.3333333333333333,0.25,0.16666666666666666,2.0,25.133333333333336,0.21428571428571427,,,,,,1.0,,,,,1.0,,,,,,,,1.0,,,,,,,,,3.0,,,,,,,,,,,,,,,,,,,,True,,,,,,,
1626181,1610612746,Norman Powell,Norman Powell,1626181,LAC,91908.0,1532.0,224.0,3148,3150.0,632.0,569.0,333.0,6298,130.0,202.0,6.0,7.0,39.0,53.0,79.0,168.0,20.0,45.0,22.0,50.0,10.0,129.0,306.0,14.0,28.0,34.0,63.0,229.0,415.0,151.0,356.0,183.0,1094.0,3453.0,14.0,23.0,16.0,37.0,88.0,65.0,99.0,39.0,73.0,57.0,304.0,274.0,184.0,366.0,6.0,303.0,129.0,36.0,68.0,33.0,101.0,11.0,48.0,19.0,235.0,4.0,13.0,84.0,57.0,4.0,145.0,17.0,162.0,61.0,39.0,22.0,56.0,7.0,36.0,26.0,7.0,92.0,17.0,48.0,86.0,3.0,172.0,6.0,223.0,11.0,3.0,77.0,20.0,,296.0,621.0,12.0,0.5982532751091703,0.6061946902654868,0.8079470198675497,0.4241573033707865,0.43243243243243246,0.5342465753424658,0.42776203966005666,0.5518072289156627,0.6086956521739131,0.6565656565656566,0.5907911802853437,0.6333333333333333,0.7180232558139535,0.6284562211981567,0.6567164179104478,0.7414634146341463,0.46173800259403375,0.08674698795180723,0.08333333333333333,27.039232289020603,0.6086956521739131,0.057971014492753624,0.07927677329624479,0.01699346405228758,0.11067193675889328,0.0064,0.09539918809201624,0.01223021582733813,0.02158273381294964,0.015189873417721518,0.004158004158004158,0.06422018348623854,0.08,0.10317460317460317,0.11965811965811966,0.08045977011494253,0.2619974059662776,0.6435643564356436,0.7182320441988951,0.5,0.2178988326848249,0.47023809523809523,0.512987012987013,0.6835443037974683,0.058365758754863814,0.4444444444444444,0.45454545454545453,0.9,0.0648508430609598,0.44,0.44,0.8636363636363636,0.3968871595330739,0.4215686274509804,0.4215686274509804,0.7984496124031008,0.11666666666666667,0.8571428571428571,0.4666666666666667,0.5,0.9285714285714286,0.3081395348837209,0.7358490566037735,0.05813953488372093,0.36627906976744184,0.5396825396825397,0.7237354085603113,0.42574257425742573,0.5353873697916667,0.5271666666666667,0.5203218934911242,0.10849056603773585,0.1600831600831601,0.08043875685557587,0.27787934186471663,6.1650602409638555,26.199438202247197,0.20076238881829733,9.0,5.0,12.0,22.0,8.0,30.0,9.0,2.0,8.0,4.0,4.0,3.0,15.0,5.0,,4.0,8.0,5.0,7.0,0.10396039603960396,0.013888888888888888,0.02318840579710145,0.625,0.3333333333333333,0.15,0.5,0.04087193460490463,87.0,3.0,,,3.0,,,0.022222222222222223,,,2.0,1.0,,,0.010869565217391304,0.2222222222222222,,,0.5,4.0,False,1.0,,,3.0,1.0,,1.0
1627732,1610612746,Ben Simmons,Ben Simmons,1627732,LAC,7353.0,123.0,-13.0,249,248.0,56.0,84.0,23.0,497,7.0,13.0,,4.0,,1.0,6.0,11.0,,,,,,,,,,,,13.0,24.0,,,6.0,32.0,291.0,1.0,5.0,,,2.0,3.0,4.0,,,,6.0,18.0,8.0,,,,,1.0,13.0,13.0,26.0,11.0,7.0,4.0,65.0,,5.0,10.0,5.0,3.0,18.0,6.0,24.0,9.0,5.0,4.0,,2.0,2.0,,,2.0,1.0,8.0,12.0,,8.0,1.0,7.0,1.0,,4.0,,,6.0,55.0,,0.6923076923076923,0.6923076923076923,,,,,,0.5416666666666666,0.2,0.75,0.5416666666666666,0.2,0.75,0.5925925925925926,0.2,0.75,,0.041666666666666664,,10.545454545454545,,0.75,0.1282051282051282,0.09259259259259259,0.18181818181818182,,0.1595744680851064,0.04310344827586207,0.11764705882352941,0.11538461538461539,,,0.13043478260869565,0.25,0.19047619047619047,0.15384615384615385,0.5416666666666666,0.5384615384615384,0.5833333333333334,0.7142857142857143,0.4583333333333333,0.5454545454545454,0.5454545454545454,0.6666666666666666,,,,,,,,,,,,,0.8,,,,,0.25,,,,,0.5416666666666666,,0.5119833333333333,0.41852500000000004,0.39537500000000003,0.14814814814814814,0.14814814814814814,0.0625,0.1875,4.675,,0.2248995983935743,,,,2.0,3.0,,,,,,,1.0,,3.0,,3.0,4.0,3.0,,0.07692307692307693,,0.3,0.75,,,,,,,,1.0,1.0,1.0,,,,0.125,,2.0,,1.0,,,,,,,False,,,,,,,
1627739,1610612746,Kris Dunn,Kris Dunn,1627739,LAC,85057.0,1418.0,161.0,2875,2878.0,475.0,545.0,289.0,5753,46.0,68.0,7.0,10.0,11.0,13.0,48.0,99.0,2.0,8.0,25.0,79.0,16.0,28.0,94.0,1.0,2.0,5.0,10.0,96.0,175.0,53.0,173.0,8.0,359.0,3116.0,9.0,14.0,3.0,7.0,30.0,14.0,23.0,8.0,26.0,2.0,54.0,98.0,94.0,144.0,12.0,93.0,28.0,11.0,99.0,81.0,180.0,49.0,59.0,36.0,441.0,25.0,24.0,91.0,66.0,1.0,158.0,49.0,207.0,109.0,71.0,38.0,37.0,7.0,24.0,10.0,6.0,61.0,16.0,80.0,154.0,5.0,29.0,6.0,14.0,2.0,,6.0,2.0,,53.0,466.0,,0.5104166666666666,0.5444444444444444,0.9056603773584906,0.3063583815028902,0.42857142857142855,0.3076923076923077,0.3081395348837209,0.5485714285714286,0.6428571428571429,0.6086956521739131,0.5043103448275862,0.6428571428571429,0.5306122448979592,0.5070621468926554,0.6521739130434783,0.5294117647058824,0.49712643678160917,0.06285714285714286,0.050505050505050504,12.892202547374962,0.6065573770491803,0.01639344262295082,0.10153846153846154,0.036308623298033284,0.1324599708879185,0.04032258064516129,0.11742707554225879,0.03825136612021858,0.018604651162790697,0.036312849162011177,0.04148471615720524,0.09497206703910614,0.10951008645533142,0.08870967741935484,0.13518518518518519,0.12244897959183673,0.19540229885057472,0.6764705882352942,0.7301587301587301,0.5434782608695652,0.28448275862068967,0.48484848484848486,0.5106382978723404,0.4583333333333333,0.022988505747126436,0.25,0.2857142857142857,1.0,0.22701149425287356,0.31645569620253167,0.31645569620253167,0.92,0.27011494252873564,0.2978723404255319,0.2978723404255319,0.8928571428571429,0.47619047619047616,0.7,0.09523809523809523,0.5,1.0,0.2653061224489796,0.8461538461538461,0.32653061224489793,0.20408163265306123,0.5,0.6925287356321839,0.3010752688172043,0.5408038904899137,0.5422846153846155,0.5640561224489796,0.017045454545454544,0.0335195530726257,0.08356545961002786,0.15041782729805014,6.140571428571428,25.18497109826589,0.16521739130434782,5.0,3.0,3.0,32.0,2.0,27.0,5.0,,1.0,,6.0,7.0,,21.0,7.0,12.0,21.0,9.0,6.0,0.07352941176470588,0.037037037037037035,0.0106951871657754,0.42857142857142855,,0.23809523809523808,0.1875,,15.0,1.0,,,,,,0.125,,,2.0,4.0,1.0,,0.07954545454545454,0.4,,,,,False,,,,,2.0,,
201587,1610612746,Nicolas Batum,Nicolas Batum,201587,LAC,68533.0,1142.0,103.0,2321,2321.0,528.0,612.0,237.0,4642,11.0,20.0,4.0,7.0,3.0,3.0,1.0,7.0,2.0,6.0,36.0,83.0,14.0,33.0,81.0,4.0,7.0,6.0,19.0,14.0,33.0,69.0,164.0,15.0,250.0,2496.0,4.0,9.0,4.0,11.0,21.0,5.0,6.0,12.0,33.0,6.0,52.0,14.0,14.0,207.0,8.0,81.0,33.0,5.0,46.0,30.0,76.0,22.0,27.0,15.0,182.0,25.0,15.0,52.0,74.0,13.0,139.0,40.0,179.0,43.0,31.0,12.0,15.0,5.0,12.0,2.0,1.0,27.0,5.0,47.0,91.0,4.0,18.0,1.0,18.0,1.0,,6.0,2.0,1.0,52.0,519.0,2.0,0.5,0.7,1.0,0.42073170731707316,0.36363636363636365,0.36363636363636365,0.42073170731707316,0.42424242424242425,0.4444444444444444,0.8333333333333334,0.5964467005076142,0.5,0.5897435897435898,0.6097560975609756,0.525,0.6190476190476191,0.8324873096446701,0.15151515151515152,0.2857142857142857,8.919646289888504,0.5555555555555556,0.203125,0.13479052823315119,0.027985074626865673,0.09352517985611511,0.04789272030651341,0.11402714932126697,0.03780718336483932,0.03409090909090909,0.01845018450184502,0.05357142857142857,0.1188118811881188,0.13970588235294118,0.16,0.08705357142857142,0.12037037037037036,0.10152284263959391,0.55,0.6470588235294118,0.36363636363636365,0.03553299492385787,0.14285714285714285,0.2,1.0,0.030456852791878174,0.3333333333333333,0.3333333333333333,1.0,0.4213197969543147,0.43373493975903615,0.43373493975903615,1.0,0.41116751269035534,0.4074074074074074,0.4074074074074074,1.0,0.35,0.5714285714285714,0.35,0.5714285714285714,1.0,0.07692307692307693,1.0,0.358974358974359,0.48717948717948717,0.3157894736842105,0.934010152284264,0.4074074074074074,0.5515071065989846,0.5595406250000001,0.526774358974359,0.034482758620689655,0.15789473684210525,0.084,0.208,5.8454545454545475,24.778658536585358,0.22748815165876776,4.0,6.0,1.0,8.0,1.0,13.0,,2.0,3.0,,5.0,3.0,1.0,24.0,10.0,14.0,30.0,21.0,9.0,0.15,0.03076923076923077,0.009523809523809525,0.7,,0.2,0.42857142857142855,0.006060606060606061,,,,,6.0,4.0,,,,,,4.0,,1.0,0.0449438202247191,,,,,,False,,,,2.0,,,
201935,1610612746,James Harden,James Harden,201935,LAC,133701.0,2228.0,227.0,4542,4528.0,1060.0,1122.0,504.0,9070,93.0,160.0,10.0,19.0,26.0,43.0,103.0,270.0,29.0,66.0,8.0,24.0,10.0,179.0,515.0,12.0,43.0,41.0,134.0,225.0,496.0,187.0,539.0,409.0,1420.0,5012.0,17.0,40.0,15.0,51.0,101.0,60.0,121.0,44.0,144.0,134.0,386.0,78.0,372.0,198.0,16.0,514.0,179.0,53.0,391.0,161.0,552.0,104.0,235.0,138.0,1265.0,13.0,28.0,147.0,141.0,43.0,331.0,43.0,374.0,97.0,63.0,34.0,209.0,34.0,80.0,79.0,3.0,289.0,79.0,53.0,131.0,22.0,292.0,7.0,465.0,27.0,19.0,144.0,29.0,,375.0,1046.0,23.0,0.17333333333333334,0.17972350230414746,0.35294117647058826,0.3469387755102041,0.29411764705882354,0.3055555555555556,0.3475836431226766,0.4536290322580645,0.425,0.49586776859504134,0.48840579710144927,0.4340659340659341,0.47547169811320755,0.5745290745290745,0.4950980392156863,0.5748502994011976,0.5207729468599034,0.10685483870967742,0.08518518518518518,29.440436732306495,0.7231833910034602,0.38738738738738737,0.13557692307692307,0.026845637583892617,0.1384180790960452,0.013039117352056168,0.13701236917221693,0.020098039215686276,0.0377906976744186,0.019230769230769232,0.010554089709762533,0.13414634146341464,0.12092130518234165,0.17801047120418848,0.1449814126394052,0.11764705882352941,0.15458937198067632,0.58125,0.7045454545454546,0.15053763440860216,0.2608695652173913,0.3814814814814815,0.41700404858299595,0.21359223300970873,0.06376811594202898,0.4393939393939394,0.453125,0.10344827586206896,0.02318840579710145,0.3333333333333333,0.34782608695652173,0.5,0.4975845410628019,0.34757281553398056,0.3489278752436647,0.3463687150837989,0.2087912087912088,0.5263157894736842,0.4725274725274725,0.27906976744186046,0.75,0.16226415094339622,0.6046511627906976,0.03773584905660377,0.5056603773584906,0.30597014925373134,0.6753623188405797,0.34824902723735407,0.5081978682170543,0.5269827586206896,0.4969937022900763,0.16023489932885907,0.23491027732463296,0.07112676056338028,0.271830985915493,7.604435483870968,26.570129870129858,0.23337736679876706,8.0,3.0,22.0,57.0,13.0,130.0,8.0,3.0,9.0,5.0,10.0,2.0,47.0,31.0,7.0,23.0,41.0,26.0,15.0,0.175,0.02092050209205021,0.023508137432188065,0.6341463414634146,0.2,0.08791208791208792,0.3,0.08117443868739206,363.0,1.0,3.0,2.0,10.0,4.0,0.0055658627087198514,0.030303030303030304,0.041666666666666664,0.017699115044247787,3.0,18.0,1.0,2.0,0.031496062992125984,0.375,1.0,0.003883495145631068,0.3333333333333333,7.0,False,,,,6.0,1.0,,
203992,1610612746,Bogdan Bogdanović,Bogdan Bogdanović,203992,LAC,22725.0,379.0,28.0,761,736.0,149.0,199.0,79.0,1497,11.0,17.0,4.0,5.0,1.0,1.0,21.0,37.0,5.0,9.0,7.0,15.0,3.0,25.0,66.0,3.0,8.0,3.0,11.0,37.0,63.0,32.0,81.0,16.0,186.0,864.0,6.0,8.0,5.0,11.0,27.0,10.0,15.0,5.0,14.0,7.0,42.0,28.0,46.0,84.0,6.0,66.0,25.0,4.0,22.0,15.0,37.0,8.0,11.0,10.0,89.0,4.0,3.0,23.0,17.0,1.0,41.0,7.0,48.0,8.0,4.0,4.0,13.0,2.0,11.0,6.0,,24.0,2.0,12.0,31.0,2.0,21.0,2.0,18.0,1.0,,6.0,3.0,,42.0,148.0,3.0,0.3783783783783784,0.4117647058823529,0.875,0.3950617283950617,0.45454545454545453,0.35714285714285715,0.3950617283950617,0.5873015873015873,0.75,0.6666666666666666,0.5902777777777778,0.7105263157894737,0.603448275862069,0.6118421052631579,0.7105263157894737,0.6363636363636364,0.5625,0.06349206349206349,0.10810810810810811,20.705882352941178,0.5416666666666666,0.05263157894736842,0.10493827160493827,0.01764705882352941,0.1393939393939394,0.022988505747126436,0.12232415902140673,0.020348837209302327,,0.021505376344086023,0.03225806451612903,0.06521739130434782,0.10227272727272728,0.17857142857142858,0.12698412698412698,0.1794871794871795,0.11805555555555555,0.6470588235294118,0.6470588235294118,0.36363636363636365,0.2569444444444444,0.5675675675675675,0.6363636363636364,0.3333333333333333,0.0625,0.5555555555555556,0.5555555555555556,0.6,0.10416666666666667,0.4666666666666667,0.4666666666666667,1.0,0.4583333333333333,0.3787878787878788,0.3787878787878788,0.84,0.2631578947368421,0.8,0.42105263157894735,0.375,0.6666666666666666,0.034482758620689655,1.0,0.10344827586206896,0.3793103448275862,0.2727272727272727,0.6805555555555556,0.3787878787878788,0.508967013888889,0.5415583333333333,0.44376551724137936,0.04697986577181208,0.08823529411764706,0.14516129032258066,0.22580645161290322,8.538095238095238,26.217283950617293,0.19579500657030224,3.0,2.0,,7.0,1.0,7.0,2.0,3.0,,1.0,1.0,2.0,1.0,1.0,1.0,,2.0,2.0,3.0,,,0.014285714285714285,1.0,0.25,0.15789473684210525,0.6666666666666666,0.012345679012345678,12.0,,,,1.0,,,,,,2.0,1.0,,,0.038461538461538464,0.6666666666666666,1.0,,1.0,1.0,False,,,,1.0,,,
1627826,1610612746,Ivica Zubac,Ivica Zubac,1627826,LAC,129116.0,2152.0,354.0,4371,4360.0,743.0,787.0,470.0,8731,290.0,409.0,88.0,154.0,50.0,71.0,180.0,340.0,5.0,13.0,,,,,,,,,,475.0,762.0,,,120.0,1070.0,4758.0,103.0,182.0,,,232.0,65.0,105.0,,,37.0,167.0,668.0,282.0,,154.0,,,51.0,105.0,66.0,171.0,55.0,48.0,36.0,408.0,69.0,173.0,274.0,275.0,29.0,578.0,243.0,821.0,49.0,29.0,20.0,64.0,7.0,46.0,37.0,1.0,110.0,9.0,91.0,142.0,13.0,203.0,3.0,188.0,32.0,,99.0,11.0,3.0,166.0,737.0,10.0,0.7031578947368421,0.8391959798994975,,,,,,0.6233595800524935,0.5659340659340659,0.6190476190476191,0.6233595800524935,0.5659340659340659,0.6190476190476191,0.6369047619047619,0.5888324873096447,0.6423076923076924,,0.06692913385826772,0.061764705882352944,19.2971765183831,0.5818181818181818,0.3118279569892473,0.27638190954773867,0.1606313834726091,0.26220095693779905,0.08136792452830188,0.2691176470588235,0.12571428571428572,0.19130434782608696,0.15599343185550082,0.07208588957055215,0.26755852842809363,0.27606177606177607,0.29213483146067415,0.26,0.2693877551020408,0.536745406824147,0.7090464547677262,0.7651715039577837,0.6724137931034483,0.4461942257217848,0.5294117647058824,0.5642633228840125,0.7444444444444445,0.01706036745406824,0.38461538461538464,0.38461538461538464,1.0,,,,,,,,,0.8461538461538461,0.5714285714285714,,,,0.6761904761904762,0.704225352112676,,,,0.536745406824147,,0.5405979002624671,0.5796450000000001,0.5700704761904761,0.11942098914354644,0.11942098914354644,0.21682242990654205,0.1560747663551402,4.35748031496063,,0.16998398535804163,,,26.0,11.0,31.0,27.0,6.0,10.0,17.0,4.0,8.0,26.0,,74.0,37.0,36.0,77.0,47.0,5.0,0.07334963325183375,0.11224489795918367,0.13135593220338984,0.6103896103896104,0.13636363636363635,,,,,,,1.0,3.0,2.0,,,,0.010638297872340425,,21.0,1.0,,0.0975609756097561,,4.0,,,,False,1.0,,2.0,1.0,1.0,,
1627884,1610612746,Derrick Jones Jr.,Derrick Jones Jr.,1627884,LAC,92082.0,1535.0,175.0,3128,3132.0,606.0,595.0,343.0,6260,148.0,216.0,29.0,49.0,28.0,41.0,42.0,89.0,4.0,9.0,34.0,94.0,14.0,29.0,82.0,2.0,5.0,4.0,12.0,194.0,314.0,63.0,176.0,66.0,643.0,3466.0,34.0,61.0,5.0,11.0,89.0,33.0,56.0,10.0,26.0,15.0,111.0,288.0,100.0,189.0,52.0,81.0,29.0,23.0,30.0,19.0,49.0,14.0,17.0,9.0,117.0,26.0,49.0,72.0,60.0,4.0,136.0,77.0,213.0,68.0,52.0,16.0,36.0,5.0,19.0,19.0,,55.0,5.0,70.0,126.0,6.0,82.0,14.0,92.0,16.0,,50.0,4.0,2.0,111.0,599.0,4.0,0.7422680412371134,0.8571428571428571,1.0,0.35795454545454547,0.45454545454545453,0.38461538461538464,0.36,0.6178343949044586,0.5573770491803278,0.5892857142857143,0.5887755102040816,0.5763888888888888,0.5853658536585366,0.6089015151515151,0.5933333333333334,0.6235955056179775,0.35918367346938773,0.0732484076433121,0.1348314606741573,16.520260697081326,0.6545454545454545,0.06779661016949153,0.08608321377331421,0.06330749354005168,0.0993103448275862,0.041401273885350316,0.09282700421940929,0.05349500713266762,0.10294117647058823,0.0477326968973747,0.04938271604938271,0.08411214953271028,0.09631728045325778,0.06153846153846154,0.10181818181818182,0.09142857142857143,0.44081632653061226,0.6851851851851852,0.7219512195121951,0.7027027027027027,0.1816326530612245,0.47191011235955055,0.5454545454545454,0.8571428571428571,0.018367346938775512,0.4444444444444444,0.4444444444444444,1.0,0.19183673469387755,0.3617021276595745,0.3617021276595745,1.0,0.1673469387755102,0.35365853658536583,0.35365853658536583,1.0,0.6805555555555556,0.5918367346938775,0.06944444444444445,0.4,1.0,0.5,0.6829268292682927,0.17073170731707318,0.14634146341463414,0.3333333333333333,0.8,0.35802469135802467,0.5829804703476483,0.564824,0.592938888888889,0.09541984732824428,0.14367816091954022,0.13841368584758942,0.17262830482115085,3.564331210191083,24.862500000000008,0.19373401534526855,6.0,6.0,6.0,5.0,22.0,17.0,3.0,2.0,3.0,1.0,4.0,2.0,,20.0,7.0,10.0,23.0,11.0,9.0,0.05092592592592592,0.014084507042253521,0.10628019323671498,0.4782608695652174,0.13793103448275862,0.08333333333333333,0.42857142857142855,,,1.0,,2.0,3.0,2.0,,,,0.02857142857142857,3.0,4.0,,,0.012048192771084338,0.5,,,1.0,,False,1.0,1.0,,1.0,3.0,,
1629599,1610612746,Amir Coffey,Amir Coffey,1629599,LAC,94775.0,1580.0,-22.0,3200,3195.0,779.0,839.0,335.0,6395,60.0,90.0,4.0,9.0,13.0,18.0,41.0,91.0,25.0,53.0,38.0,85.0,13.0,52.0,140.0,3.0,10.0,5.0,30.0,126.0,234.0,90.0,225.0,99.0,621.0,3589.0,18.0,30.0,8.0,19.0,77.0,25.0,39.0,11.0,43.0,21.0,104.0,174.0,78.0,261.0,10.0,140.0,52.0,21.0,43.0,29.0,72.0,18.0,25.0,13.0,173.0,11.0,18.0,70.0,39.0,7.0,116.0,29.0,145.0,36.0,14.0,22.0,23.0,6.0,18.0,12.0,1.0,41.0,11.0,57.0,108.0,5.0,84.0,6.0,109.0,10.0,3.0,50.0,5.0,,103.0,770.0,3.0,0.6904761904761905,0.71900826446281,0.9666666666666667,0.4,0.42105263157894735,0.2558139534883721,0.4,0.5384615384615384,0.6,0.6410256410256411,0.5686274509803921,0.6122448979591837,0.5060975609756098,0.6118811881188119,0.6754385964912281,0.5714285714285714,0.49019607843137253,0.08974358974358974,0.13186813186813187,15.202231520223151,0.5609756097560976,0.07692307692307693,0.0546984572230014,0.023653088042049936,0.09009009009009009,0.017001545595054096,0.07315436241610739,0.020596590909090908,0.0375,0.017994858611825194,0.020366598778004074,0.05668016194331984,0.054285714285714284,0.05172413793103448,0.09333333333333334,0.07909604519774012,0.19607843137254902,0.6666666666666666,0.7407407407407407,0.7666666666666667,0.19825708061002179,0.45054945054945056,0.5189873417721519,0.6829268292682927,0.11546840958605664,0.4716981132075472,0.4716981132075472,0.52,0.18518518518518517,0.4470588235294118,0.4470588235294118,1.0,0.30501089324618735,0.37142857142857144,0.38235294117647056,0.9423076923076923,0.1836734693877551,0.4444444444444444,0.20408163265306123,0.3,1.0,0.21951219512195122,0.7222222222222222,0.15853658536585366,0.36585365853658536,0.16666666666666666,0.6862745098039216,0.37142857142857144,0.5415027352297591,0.5098342857142857,0.544048125,0.102,0.18248175182481752,0.12399355877616747,0.16747181964573268,7.63162393162393,25.428888888888878,0.2434375,9.0,6.0,17.0,11.0,6.0,11.0,2.0,3.0,1.0,,5.0,5.0,1.0,7.0,3.0,4.0,7.0,4.0,7.0,0.1,0.00641025641025641,0.028708133971291867,0.5714285714285714,0.25,0.1836734693877551,0.46153846153846156,0.004424778761061947,9.0,,4.0,,,,0.017777777777777778,,,,5.0,5.0,,3.0,0.015151515151515152,0.5555555555555556,,0.02857142857142857,1.0,,False,,,,,,,
202695,1610612746,Kawhi Leonard,Kawhi Leonard,202695,LAC,43099.0,718.0,159.0,1442,1449.0,138.0,164.0,137.0,2891,56.0,72.0,9.0,12.0,12.0,15.0,53.0,124.0,25.0,61.0,7.0,18.0,,39.0,105.0,5.0,8.0,5.0,9.0,134.0,257.0,46.0,123.0,46.0,452.0,1576.0,9.0,19.0,5.0,11.0,35.0,19.0,31.0,5.0,9.0,6.0,59.0,118.0,150.0,108.0,14.0,105.0,39.0,5.0,43.0,29.0,72.0,16.0,19.0,21.0,173.0,12.0,12.0,54.0,43.0,5.0,102.0,24.0,126.0,35.0,18.0,17.0,28.0,8.0,21.0,19.0,1.0,49.0,5.0,11.0,35.0,5.0,67.0,,63.0,7.0,2.0,27.0,1.0,,59.0,136.0,1.0,0.44029850746268656,0.4645669291338583,0.782608695652174,0.37398373983739835,0.45454545454545453,0.5555555555555556,0.37398373983739835,0.5214007782101168,0.47368421052631576,0.6129032258064516,0.5342105263157895,0.55,0.6625,0.5555555555555556,0.5645161290322581,0.686046511627907,0.3236842105263158,0.019455252918287938,0.008064516129032258,28.198757763975152,0.5714285714285714,0.19230769230769232,0.12721893491124261,0.03278688524590164,0.15126050420168066,0.04285714285714286,0.13956834532374102,0.03715170278637771,0.05454545454545454,0.029411764705882353,0.04225352112676056,0.0898876404494382,0.13333333333333333,0.16666666666666666,0.14963503649635038,0.1566265060240964,0.18947368421052632,0.7777777777777778,0.8235294117647058,0.5714285714285714,0.3263157894736842,0.4274193548387097,0.43089430894308944,0.32075471698113206,0.16052631578947368,0.4098360655737705,0.4098360655737705,0.4,0.04736842105263158,0.3888888888888889,0.4117647058823529,1.0,0.27631578947368424,0.37142857142857144,0.37142857142857144,0.7435897435897436,0.4,0.75,0.26666666666666666,0.625,0.8,0.375,0.8,,0.225,0.5555555555555556,0.5131578947368421,0.37142857142857144,0.5157032894736842,0.5292842105263159,0.5545562499999999,0.07673267326732673,0.09747292418772563,0.07743362831858407,0.13053097345132744,9.400778210116732,25.826829268292688,0.0957004160887656,3.0,,2.0,13.0,3.0,9.0,4.0,1.0,4.0,,5.0,1.0,4.0,11.0,2.0,9.0,12.0,7.0,,0.05555555555555555,0.04477611940298507,0.015706806282722512,0.5833333333333334,0.2222222222222222,0.1,,0.031496062992125984,30.0,,1.0,,1.0,,0.008130081300813009,,0.05555555555555555,,,3.0,,,,,,,,,False,,,,1.0,,,
1629645,1610612746,Kevin Porter Jr.,Kevin Porter Jr.,1629645,LAC,53027.0,884.0,-27.0,1810,1811.0,412.0,513.0,187.0,3621,52.0,78.0,6.0,10.0,10.0,18.0,55.0,130.0,39.0,93.0,5.0,11.0,3.0,21.0,95.0,3.0,9.0,6.0,22.0,146.0,301.0,26.0,106.0,49.0,419.0,1982.0,11.0,23.0,4.0,11.0,36.0,24.0,55.0,8.0,25.0,13.0,85.0,78.0,214.0,42.0,10.0,94.0,21.0,23.0,84.0,60.0,144.0,48.0,55.0,26.0,348.0,19.0,9.0,74.0,54.0,3.0,131.0,29.0,160.0,43.0,21.0,22.0,51.0,10.0,33.0,22.0,,84.0,26.0,33.0,70.0,4.0,75.0,4.0,76.0,4.0,,29.0,6.0,,84.0,411.0,5.0,0.2671232876712329,0.2765957446808511,0.5384615384615384,0.24528301886792453,0.36363636363636365,0.32,0.24761904761904763,0.4850498338870432,0.4782608695652174,0.43636363636363634,0.45454545454545453,0.5,0.45,0.47505668934240364,0.4864864864864865,0.47752808988764045,0.26044226044226043,0.07641196013289037,0.11538461538461539,25.913129318854885,0.6071428571428571,0.061224489795918366,0.13106796116504854,0.020179372197309416,0.15982721382289417,0.050666666666666665,0.1462857142857143,0.0341047503045067,0.02112676056338028,0.022935779816513763,0.03819444444444445,0.12142857142857143,0.14356435643564355,0.11428571428571428,0.1510989010989011,0.1919191919191919,0.19164619164619165,0.6666666666666666,0.7222222222222222,0.40384615384615385,0.3194103194103194,0.4230769230769231,0.4782608695652174,0.2,0.2285012285012285,0.41935483870967744,0.42857142857142855,0.1794871794871795,0.02702702702702703,0.45454545454545453,0.5,1.0,0.2334152334152334,0.22105263157894736,0.23076923076923078,0.42857142857142855,0.29411764705882354,0.6,0.2647058823529412,0.3333333333333333,0.6666666666666666,0.225,0.5555555555555556,0.0375,0.275,0.2727272727272727,0.4520884520884521,0.22340425531914893,0.4963317733990147,0.50119,0.4782125,0.07586206896551724,0.08895705521472393,0.08591885441527446,0.20286396181384247,9.8046511627907,25.901886792452835,0.2276243093922652,2.0,2.0,2.0,12.0,4.0,29.0,8.0,4.0,6.0,3.0,5.0,4.0,4.0,9.0,5.0,4.0,11.0,7.0,6.0,0.07692307692307693,0.09195402298850575,0.02,0.6363636363636364,0.16666666666666666,0.058823529411764705,0.6666666666666666,0.03669724770642202,36.0,1.0,5.0,1.0,2.0,2.0,0.04716981132075472,0.021505376344086023,0.09090909090909091,0.024390243902439025,1.0,3.0,1.0,,0.011627906976744186,0.5,,0.042105263157894736,1.0,1.0,False,,,,,,,
1641757,1610612746,Jordan Miller,Jordan Miller,1641757,LAC,23231.0,387.0,-43.0,785,796.0,200.0,227.0,96.0,1581,30.0,55.0,9.0,13.0,5.0,11.0,15.0,32.0,2.0,4.0,2.0,12.0,2.0,6.0,25.0,1.0,4.0,,3.0,47.0,91.0,8.0,37.0,26.0,144.0,875.0,10.0,14.0,1.0,4.0,24.0,7.0,17.0,,5.0,8.0,22.0,48.0,46.0,24.0,14.0,25.0,6.0,11.0,20.0,13.0,33.0,8.0,14.0,4.0,79.0,8.0,14.0,13.0,19.0,1.0,33.0,22.0,55.0,15.0,6.0,9.0,17.0,1.0,5.0,6.0,,22.0,2.0,11.0,22.0,3.0,24.0,,33.0,2.0,,12.0,4.0,,22.0,199.0,4.0,0.5106382978723404,0.6,1.0,0.21621621621621623,0.25,,0.21621621621621623,0.5164835164835165,0.7142857142857143,0.4117647058823529,0.4609375,0.6388888888888888,0.3181818181818182,0.5034965034965035,0.631578947368421,0.39285714285714285,0.2890625,0.12087912087912088,0.125,18.435754189944134,0.7727272727272727,0.034482758620689655,0.13380281690140844,0.07216494845360824,0.06435643564356436,0.04395604395604396,0.09302325581395349,0.05851063829787234,0.08433734939759036,0.09210526315789473,0.03355704697986577,0.15555555555555556,0.14084507042253522,0.07692307692307693,0.07432432432432433,0.037037037037037035,0.4296875,0.5454545454545454,0.625,0.5,0.25,0.46875,0.5357142857142857,0.5333333333333333,0.03125,0.5,0.5,0.5,0.09375,0.16666666666666666,0.16666666666666666,1.0,0.1953125,0.24,0.24,1.0,0.7222222222222222,0.6923076923076923,0.2222222222222222,0.25,1.0,0.5,0.45454545454545453,0.09090909090909091,0.13636363636363635,,0.71875,0.24,0.5389871093749999,0.5826272727272728,0.5398977272727272,0.09352517985611511,0.1188118811881188,0.16666666666666666,0.1527777777777778,4.40989010989011,25.0972972972973,0.25477707006369427,,,1.0,5.0,10.0,11.0,,,1.0,1.0,1.0,1.0,1.0,3.0,3.0,,5.0,1.0,3.0,0.12727272727272726,0.09090909090909091,0.16666666666666666,0.2,0.1111111111111111,,,0.02631578947368421,,,,,2.0,2.0,,,,,,2.0,,,,,1.0,,,,False,,,,,,,
1629611,1610612746,Terance Mann,Terance Mann,1629611,LAC,43517.0,725.0,-80.0,1461,1479.0,284.0,406.0,179.0,2940,43.0,65.0,3.0,6.0,3.0,6.0,14.0,39.0,4.0,15.0,15.0,32.0,6.0,11.0,41.0,1.0,6.0,2.0,5.0,61.0,119.0,26.0,73.0,23.0,223.0,1691.0,5.0,9.0,3.0,8.0,21.0,8.0,25.0,4.0,11.0,3.0,31.0,82.0,40.0,66.0,2.0,41.0,11.0,17.0,38.0,20.0,58.0,15.0,22.0,15.0,136.0,17.0,14.0,36.0,33.0,5.0,74.0,32.0,106.0,27.0,15.0,12.0,14.0,4.0,11.0,9.0,,25.0,6.0,29.0,68.0,2.0,31.0,4.0,32.0,2.0,,15.0,2.0,,31.0,281.0,2.0,0.6721311475409836,0.6833333333333333,0.8461538461538461,0.3561643835616438,0.375,0.36363636363636365,0.3561643835616438,0.5126050420168067,0.5555555555555556,0.32,0.5208333333333334,0.5588235294117647,0.3888888888888889,0.538647342995169,0.5833333333333334,0.40789473684210525,0.3802083333333333,0.14285714285714285,0.1282051282051282,13.892215568862277,0.56,0.09803921568627451,0.1064516129032258,0.03932584269662921,0.10682492581602374,0.04927536231884058,0.10664605873261206,0.0442225392296719,0.040983606557377046,0.03468208092485549,0.051094890510948905,0.12173913043478261,0.06896551724137931,0.18,0.09055118110236221,0.1566265060240964,0.3385416666666667,0.6615384615384615,0.8113207547169812,0.8372093023255814,0.203125,0.358974358974359,0.4117647058823529,0.2857142857142857,0.078125,0.26666666666666666,0.26666666666666666,0.25,0.16666666666666666,0.46875,0.46875,0.9333333333333333,0.21354166666666666,0.2682926829268293,0.275,0.7272727272727273,0.35294117647058826,0.5,0.35294117647058826,0.16666666666666666,1.0,0.16666666666666666,0.5,0.16666666666666666,0.1388888888888889,0.4,0.71875,0.2682926829268293,0.5574557291666666,0.555865,0.46779305555555556,0.07317073170731707,0.11363636363636363,0.09417040358744394,0.13901345291479822,6.052941176470589,24.82054794520548,0.1943874058863792,2.0,2.0,2.0,5.0,1.0,5.0,2.0,1.0,5.0,2.0,7.0,6.0,,10.0,4.0,6.0,11.0,8.0,8.0,0.18461538461538463,0.04225352112676056,0.011904761904761904,0.7272727272727273,0.6666666666666666,0.11764705882352941,0.3333333333333333,,12.0,,1.0,1.0,1.0,1.0,0.0136986301369863,,,0.03333333333333333,2.0,1.0,,,0.04918032786885246,1.0,,0.024390243902439025,1.0,,False,,,,,,,
1630538,1610612746,Bones Hyland,Bones Hyland,1630538,LAC,12896.0,215.0,-34.0,437,437.0,125.0,150.0,50.0,874,6.0,13.0,,1.0,2.0,7.0,2.0,9.0,4.0,11.0,4.0,7.0,3.0,25.0,70.0,1.0,4.0,5.0,20.0,12.0,33.0,29.0,77.0,21.0,132.0,480.0,1.0,4.0,2.0,5.0,8.0,5.0,15.0,8.0,23.0,7.0,41.0,8.0,16.0,39.0,,69.0,25.0,4.0,18.0,10.0,28.0,5.0,10.0,6.0,66.0,2.0,3.0,11.0,5.0,3.0,19.0,5.0,24.0,17.0,11.0,6.0,14.0,6.0,9.0,5.0,,23.0,10.0,15.0,23.0,1.0,16.0,,24.0,1.0,3.0,7.0,1.0,,41.0,125.0,1.0,0.3333333333333333,0.3333333333333333,0.4482758620689655,0.37662337662337664,0.4,0.34782608695652173,0.3815789473684211,0.36363636363636365,0.25,0.3333333333333333,0.5045454545454545,0.4444444444444444,0.4473684210526316,0.5462184873949579,0.4444444444444444,0.5,0.7,0.12121212121212122,,28.629032258064516,0.6086956521739131,0.1875,0.06172839506172839,0.02727272727272727,0.09565217391304348,0.01834862385321101,0.08163265306122448,0.0228310502283105,0.019230769230769232,0.04878048780487805,0.022222222222222223,,0.08888888888888889,0.06666666666666667,0.08333333333333333,0.12903225806451613,0.11818181818181818,0.46153846153846156,0.5454545454545454,0.3333333333333333,0.08181818181818182,0.2222222222222222,0.2222222222222222,0.5,0.1,0.36363636363636365,0.4444444444444444,0.25,0.06363636363636363,0.5714285714285714,0.5714285714285714,1.0,0.6363636363636364,0.35714285714285715,0.36231884057971014,0.36,0.1111111111111111,,0.4444444444444444,0.25,,0.18421052631578946,0.2857142857142857,0.07894736842105263,0.5263157894736842,0.25,0.8181818181818182,0.36231884057971014,0.49803532110091747,0.42765,0.4727527027027027,0.07627118644067797,0.1794871794871795,0.06060606060606061,0.3106060606060606,9.203030303030303,26.63246753246753,0.28604118993135014,1.0,3.0,,5.0,2.0,9.0,2.0,,3.0,,,,2.0,3.0,,2.0,4.0,3.0,2.0,0.15384615384615385,,0.03278688524590164,0.75,,0.1111111111111111,1.0,0.02531645569620253,48.0,1.0,1.0,,1.0,1.0,0.012987012987012988,0.18181818181818182,,,1.0,2.0,,,,1.0,,0.014285714285714285,1.0,,False,,,,,1.0,,
1628964,1610612746,Mo Bamba,Mo Bamba,1628964,LAC,21147.0,352.0,-53.0,702,709.0,135.0,170.0,73.0,1411,25.0,33.0,14.0,20.0,2.0,4.0,6.0,17.0,2.0,3.0,5.0,17.0,5.0,10.0,33.0,,2.0,,2.0,33.0,53.0,15.0,50.0,17.0,128.0,804.0,15.0,21.0,,2.0,35.0,4.0,7.0,,7.0,5.0,13.0,42.0,24.0,45.0,22.0,33.0,10.0,4.0,9.0,7.0,16.0,4.0,6.0,3.0,39.0,6.0,20.0,48.0,36.0,10.0,94.0,26.0,120.0,9.0,6.0,3.0,7.0,2.0,12.0,3.0,2.0,19.0,4.0,29.0,49.0,5.0,18.0,,25.0,3.0,,14.0,,2.0,13.0,135.0,,0.6363636363636364,0.9545454545454546,1.0,0.3,,,0.3,0.6226415094339622,0.7142857142857143,0.5714285714285714,0.5388349514563107,0.6521739130434783,0.2857142857142857,0.5614035087719298,0.6730769230769231,0.3611111111111111,0.4854368932038835,0.07547169811320754,0.11764705882352941,16.89961880559085,0.3684210526315789,0.45454545454545453,0.23376623376623376,0.12738853503184713,0.2823529411764706,0.03614457831325301,0.25925925925925924,0.0804953560371517,0.14285714285714285,0.1038961038961039,0.047619047619047616,0.1746031746031746,0.2786885245901639,0.26666666666666666,0.2900763358778626,0.2564102564102564,0.32038834951456313,0.7575757575757576,0.8064516129032258,0.52,0.1650485436893204,0.35294117647058826,0.4,1.0,0.02912621359223301,0.6666666666666666,0.6666666666666666,1.0,0.1650485436893204,0.29411764705882354,0.29411764705882354,1.0,0.32038834951456313,0.30303030303030304,0.3225806451612903,1.0,0.8695652173913043,0.7,0.08695652173913043,,,0.2857142857142857,0.5,0.35714285714285715,0.14285714285714285,,0.8058252427184466,0.30303030303030304,0.5555684466019418,0.6280406249999999,0.5760821428571429,0.12280701754385964,0.21875,0.2734375,0.1015625,4.030188679245283,25.105999999999998,0.19230769230769232,,,5.0,3.0,3.0,4.0,,1.0,1.0,1.0,8.0,3.0,,26.0,18.0,7.0,28.0,15.0,4.0,0.06060606060606061,,0.0625,0.5357142857142857,0.21428571428571427,,,,,,2.0,,2.0,1.0,0.04,,,,,,,,0.16129032258064516,,,0.06060606060606061,,,False,,,,1.0,1.0,,
1630539,1610612746,Kai Jones,Kai Jones,1630539,LAC,12479.0,208.0,-8.0,422,420.0,151.0,160.0,48.0,842,22.0,25.0,3.0,3.0,8.0,8.0,4.0,9.0,,,,1.0,,,1.0,,,,1.0,26.0,34.0,,2.0,9.0,61.0,445.0,4.0,4.0,,,10.0,11.0,11.0,,1.0,4.0,26.0,46.0,6.0,,4.0,1.0,,1.0,6.0,4.0,10.0,4.0,1.0,4.0,24.0,5.0,10.0,14.0,15.0,2.0,31.0,15.0,46.0,6.0,2.0,4.0,7.0,,3.0,2.0,,10.0,3.0,15.0,23.0,1.0,11.0,,12.0,2.0,,7.0,,4.0,26.0,150.0,,0.8846153846153846,0.9583333333333334,,,,,,0.7647058823529411,1.0,1.0,0.7222222222222222,1.0,0.9166666666666666,0.7439024390243902,1.0,0.9285714285714286,0.05555555555555555,0.029411764705882353,,10.714285714285715,0.7,0.09523809523809523,0.17647058823529413,0.10752688172043011,0.125,0.04672897196261682,0.14720812182741116,0.075,0.08823529411764706,0.1388888888888889,0.034482758620689655,0.13793103448275862,0.20454545454545456,0.16666666666666666,0.11764705882352941,0.14814814814814814,0.6944444444444444,0.88,0.9166666666666666,0.8636363636363636,0.25,0.4444444444444444,0.4444444444444444,1.0,,,,,0.027777777777777776,,,,0.027777777777777776,,,,0.75,1.0,,,,0.6666666666666666,1.0,,0.08333333333333333,,0.75,,0.665726388888889,0.6591,0.6584458333333334,0.17073170731707318,0.1794871794871795,0.16393442622950818,0.4262295081967213,2.935294117647059,24.6,0.3578199052132701,,,2.0,,,5.0,1.0,1.0,2.0,,3.0,2.0,,12.0,4.0,7.0,12.0,7.0,3.0,0.04,0.1,,0.5833333333333334,0.3333333333333333,,,,,,,,,,,,,,,1.0,,,0.08695652173913043,,,,,,False,,,,,1.0,,
1641738,1610612746,Kobe Brown,Kobe Brown,1641738,LAC,11693.0,195.0,-43.0,390,389.0,122.0,137.0,56.0,779,18.0,27.0,6.0,9.0,5.0,7.0,5.0,10.0,,1.0,2.0,5.0,4.0,2.0,14.0,,,1.0,4.0,23.0,38.0,4.0,19.0,4.0,62.0,449.0,7.0,11.0,,1.0,14.0,7.0,12.0,3.0,8.0,2.0,25.0,26.0,20.0,12.0,12.0,14.0,2.0,2.0,13.0,3.0,16.0,2.0,9.0,3.0,35.0,10.0,5.0,18.0,14.0,3.0,35.0,15.0,50.0,4.0,1.0,3.0,2.0,3.0,5.0,1.0,,7.0,2.0,12.0,18.0,,9.0,1.0,5.0,3.0,,4.0,,,25.0,122.0,,0.5652173913043478,0.7647058823529411,1.0,0.21052631578947367,,0.375,0.21052631578947367,0.6052631578947368,0.6363636363636364,0.5833333333333334,0.5087719298245614,0.5833333333333334,0.575,0.5344827586206896,0.5833333333333334,0.5952380952380952,0.3333333333333333,0.05263157894736842,0.1,14.380530973451329,0.2857142857142857,0.5,0.1917808219178082,0.054945054945054944,0.16981132075471697,0.10204081632653061,0.1787709497206704,0.07936507936507936,0.075,0.08333333333333333,0.11627906976744186,0.21052631578947367,0.175,0.21428571428571427,0.11392405063291139,0.3333333333333333,0.47368421052631576,0.6666666666666666,0.6923076923076923,0.6111111111111112,0.17543859649122806,0.5,0.5555555555555556,0.4,0.017543859649122806,,,,0.08771929824561403,0.4,0.4,1.0,0.24561403508771928,0.14285714285714285,0.14285714285714285,1.0,0.75,0.6666666666666666,,,,0.35,0.7142857142857143,0.2,0.2,0.25,0.8070175438596491,0.14285714285714285,0.5588464912280702,0.52184,0.541275,0.06896551724137931,0.10256410256410256,0.22580645161290322,0.4032258064516129,3.647368421052632,25.436842105263157,0.3128205128205128,1.0,2.0,,1.0,6.0,1.0,,1.0,1.0,1.0,1.0,3.0,,3.0,1.0,2.0,3.0,1.0,1.0,0.037037037037037035,,0.23076923076923078,0.3333333333333333,0.16666666666666666,0.08333333333333333,0.5,,,,,,,,,,,,,1.0,,,,,,,,,False,,,,,,,
1630699,1610612746,MarJon Beauchamp,MarJon Beauchamp,1630699,LAC,744.0,12.0,6.0,28,26.0,16.0,14.0,2.0,54,1.0,1.0,1.0,1.0,1.0,1.0,,,1.0,2.0,,,,1.0,2.0,,,1.0,2.0,2.0,3.0,1.0,2.0,1.0,8.0,33.0,1.0,1.0,,,2.0,1.0,1.0,1.0,2.0,,5.0,2.0,2.0,3.0,2.0,2.0,1.0,,,1.0,1.0,1.0,,,3.0,,1.0,1.0,,,1.0,1.0,2.0,,,,,,,,,,,1.0,1.0,,1.0,,2.0,,,1.0,,,5.0,16.0,,0.5,1.0,1.0,0.5,,0.5,0.5,0.6666666666666666,1.0,1.0,0.7,1.0,0.8333333333333334,0.6666666666666666,1.0,0.8333333333333334,0.4,,,19.35483870967742,,,,0.3333333333333333,0.3333333333333333,,0.16666666666666666,0.125,,1.0,,,,,0.3333333333333333,,0.2,1.0,1.0,,,,,,0.4,0.5,0.5,1.0,,,,,0.4,0.5,0.5,1.0,1.0,1.0,,,,0.3333333333333333,1.0,,0.6666666666666666,0.5,0.6,0.5,0.49456,0.6259,0.5439333333333334,0.16666666666666666,0.25,0.25,0.625,12.9,26.049999999999997,0.5714285714285714,,,,,,,,,,,,,,,,,,,,,,,,,,,,,,,,,,,,,,,,,,,,,,,,False,,,,,,,
201988,1610612746,Patty Mills,Patty Mills,201988,LAC,319.0,5.0,3.0,14,11.0,13.0,4.0,1.0,25,,,,,,,,,,,,,,,,,,,,,,,,,,16.0,,,,,,,,,,,,,,,,,,,,2.0,2.0,2.0,,,6.0,,,,,,,,,,,,,,,,,,,1.0,1.0,,,,,,,,,,,13.0,,,,,,,,,,,,,,,,,,,,,,,,,,,,,,,,,,,,,,,,,,,,,,,,,,,,,,,,,,,,,,,,,,,,,,,,,,,,,,,0.9285714285714286,,,,,,,,,,,,,,,,,,,,,,,,,,,,,,,,,,,,,,,,,,,,,,,,False,,,,,,,
1642353,1610612746,Cam Christie,Cam Christie,1642353,LAC,1873.0,31.0,5.0,65,66.0,33.0,30.0,9.0,131,2.0,3.0,,1.0,2.0,2.0,,,,1.0,,1.0,,2.0,7.0,1.0,1.0,1.0,4.0,2.0,4.0,2.0,8.0,1.0,11.0,63.0,,1.0,1.0,1.0,3.0,2.0,3.0,1.0,4.0,1.0,8.0,2.0,2.0,6.0,,7.0,2.0,1.0,,2.0,2.0,1.0,,,6.0,,1.0,4.0,1.0,,5.0,1.0,6.0,2.0,2.0,,1.0,,1.0,,,2.0,1.0,1.0,2.0,,2.0,,2.0,,,1.0,,,8.0,33.0,,0.5,0.5,1.0,0.25,1.0,0.25,0.25,0.5,,0.6666666666666666,0.4166666666666667,0.75,0.5,0.4230769230769231,0.75,0.5,0.6666666666666666,0.25,,20.0,0.5,,0.09090909090909091,0.07142857142857142,0.17391304347826086,,0.14705882352941177,0.03333333333333333,0.2,,,,0.14285714285714285,,0.19047619047619047,,0.25,0.6666666666666666,1.0,0.5,,,,,0.08333333333333333,,,,0.08333333333333333,,,,0.5833333333333334,0.2857142857142857,0.2857142857142857,1.0,0.5,,0.5,1.0,1.0,0.2857142857142857,1.0,,0.5714285714285714,0.25,0.9166666666666666,0.2857142857142857,0.5233875,0.51115,0.5088142857142858,0.07692307692307693,0.2,0.2727272727272727,0.7272727272727273,6.95,26.387500000000003,0.5076923076923077,,,,1.0,,1.0,,,,,,,,,,,,,1.0,0.3333333333333333,,,,,,,,,,,,,,,,,,,,,,,,,,,,False,,,,,,,
1642280,1610612746,Trentyn Flowers,Trentyn Flowers,1642280,LAC,945.0,16.0,13.0,34,34.0,23.0,18.0,4.0,68,2.0,5.0,,1.0,2.0,2.0,2.0,2.0,,,,1.0,1.0,,1.0,,,,1.0,4.0,7.0,,2.0,1.0,9.0,26.0,,1.0,,,,2.0,2.0,,2.0,1.0,5.0,4.0,4.0,,,1.0,,,,,,,,,,,1.0,1.0,1.0,1.0,3.0,1.0,4.0,,,,1.0,,,1.0,,1.0,,1.0,3.0,,1.0,,1.0,1.0,,1.0,,,5.0,23.0,,0.5,0.5,,,,,,0.5714285714285714,,1.0,0.4444444444444444,,0.5,0.5,,0.625,0.2222222222222222,,,26.31578947368421,1.0,0.25,0.2,0.14285714285714285,0.1,,0.13333333333333333,0.07142857142857142,0.25,,,1.0,,,0.125,,0.5555555555555556,0.4,0.4,0.5,0.2222222222222222,1.0,1.0,0.5,,,,,0.1111111111111111,,,,0.1111111111111111,,,,1.0,,,,,0.5,1.0,0.25,0.25,,0.7777777777777778,,0.50765,0.5247,0.5162625,0.1111111111111111,0.14285714285714285,,0.5555555555555556,4.557142857142857,25.15,0.6764705882352942,,,,,1.0,,,,,,,,,,,,,,,,,0.2,,,,,,,,,,,,,,,,,,,,,,,,,,False,,,,,,,
