EntityId,TeamId,Name,ShortName,RowId,TeamAbbreviation,SecondsPlayed,Minutes,PlusMinus,OffPoss,DefPoss,PenaltyOffPoss,PenaltyDefPoss,SecondChanceOffPoss,TotalPoss,AtRimFGM,AtRimFGA,SecondChanceAtRimFGM,SecondChanceAtRimFGA,PenaltyAtRimFGM,PenaltyAtRimFGA,ShortMidRangeFGM,ShortMidRangeFGA,LongMidRangeFGM,LongMidRangeFGA,Corner3FGM,Corner3FGA,SecondChanceCorner3FGM,SecondChanceCorner3FGA,PenaltyCorner3FGA,Arc3FGM,Arc3FGA,SecondChanceArc3FGA,PenaltyArc3FGA,FG2M,FG2A,FG3M,FG3A,FtPoints,Points,OpponentPoints,SecondChanceFG2M,SecondChanceFG2A,SecondChanceFG3M,SecondChanceFG3A,SecondChanceFtPoints,SecondChancePoints,PenaltyFG2M,PenaltyFG2A,PenaltyFG3A,PenaltyFtPoints,PenaltyPoints,PtsAssisted2s,PtsUnassisted2s,PtsAssisted3s,PtsUnassisted3s,PtsPutbacks,NonHeaveArc3FGA,NonHeaveArc3FGM,Fg2aBlocked,TwoPtAssists,ThreePtAssists,Assists,Arc3Assists,Corner3Assists,AtRimAssists,ShortMidRangeAssists,LongMidRangeAssists,AssistPoints,OffThreePtRebounds,OffTwoPtRebounds,FTOffRebounds,DefThreePtRebounds,DefTwoPtRebounds,FTDefRebounds,DefRebounds,OffRebounds,Rebounds,Steals,BadPassSteals,LiveBallTurnovers,BadPassOutOfBoundsTurnovers,BadPassTurnovers,DeadBallTurnovers,LostBallTurnovers,Turnovers,PenaltyTurnovers,ShootingFouls,Fouls,Loose Ball Fouls,Offensive Fouls,FoulsDrawn,Loose Ball Fouls Drawn,Offensive Fouls Drawn,FTA,TwoPtShootingFoulsDrawn,NonShootingFoulsDrawn,Blocked2s,BlockedAtRim,BlockedShortMidRange,Blocks,RecoveredBlocks,PenaltyPointsExcludingTakeFouls,PenaltyOffPossExcludingTakeFouls,NonShootingPenaltyNonTakeFouls,NonShootingPenaltyNonTakeFoulsDrawn,Assisted2sPct,NonPutbacksAssisted2sPct,Assisted3sPct,Fg3Pct,SecondChanceFg3Pct,NonHeaveFg3Pct,Fg2Pct,SecondChanceFg2Pct,PenaltyFg2Pct,EfgPct,SecondChanceEfgPct,PenaltyEfgPct,TsPct,SecondChanceTsPct,PenaltyTsPct,FG3APct,FG2APctBlocked,AtRimPctBlocked,Usage,LiveBallTurnoverPct,DefFTReboundPct,OffFTReboundPct,DefTwoPtReboundPct,OffTwoPtReboundPct,DefThreePtReboundPct,OffThreePtReboundPct,DefFGReboundPct,OffFGReboundPct,OffAtRimReboundPct,OffShortMidRangeReboundPct,OffLongMidRangeReboundPct,OffArc3ReboundPct,DefAtRimReboundPct,DefShortMidRangeReboundPct,DefLongMidRangeReboundPct,DefArc3ReboundPct,DefCorner3ReboundPct,BlocksRecoveredPct,AtRimFrequency,AtRimAccuracy,UnblockedAtRimAccuracy,AtRimPctAssisted,ShortMidRangeFrequency,ShortMidRangeAccuracy,UnblockedShortMidRangeAccuracy,ShortMidRangePctAssisted,LongMidRangeFrequency,LongMidRangeAccuracy,UnblockedLongMidRangeAccuracy,LongMidRangePctAssisted,Corner3Frequency,Corner3Accuracy,UnblockedCorner3Accuracy,Corner3PctAssisted,Arc3Frequency,Arc3Accuracy,UnblockedArc3Accuracy,Arc3PctAssisted,SecondChanceAtRimFrequency,SecondChanceAtRimAccuracy,SecondChanceCorner3Frequency,SecondChanceCorner3Accuracy,SecondChanceCorner3PctAssisted,SecondChanceArc3Frequency,PenaltyAtRimFrequency,PenaltyAtRimAccuracy,PenaltyCorner3Frequency,PenaltyArc3Frequency,AtRimFG3AFrequency,NonHeaveArc3Accuracy,ShotQualityAvg,SecondChanceShotQualityAvg,PenaltyShotQualityAvg,ShootingFoulsDrawnPct,TwoPtShootingFoulsDrawnPct,SecondChancePointsPct,PenaltyPointsPct,Avg2ptShotDistance,Avg3ptShotDistance,PenaltyOffPossPct,PenaltyCorner3FGM,SecondChanceArc3FGM,PenaltyArc3FGM,PenaltyFG3M,SelfOReb,LostBallSteals,LostBallOutOfBoundsTurnovers,StepOutOfBoundsTurnovers,Travels,SecondChanceTurnovers,2pt And 1 Free Throw Trips,Blocked3s,BlockedCorner3,DefensiveGoaltends,PenaltyFg3Pct,ShortMidRangePctBlocked,SelfORebPct,SecondChanceAtRimPctAssisted,SecondChanceArc3Accuracy,SecondChanceArc3PctAssisted,PenaltyCorner3Accuracy,PenaltyArc3Accuracy,HeaveAttempts,Fg3aBlocked,Technical Free Throw Trips,ThreePtShootingFoulsDrawn,FG3APctBlocked,Arc3PctBlocked,OffCorner3ReboundPct,ThreePtShootingFoulsDrawnPct,Charge Fouls,BlockedLongMidRange,3SecondViolations,Transition Take Fouls,Charge Fouls Drawn,3pt And 1 Free Throw Trips,LongMidRangePctBlocked,Corner3PctBlocked,Defensive 3 Seconds Violations,on,Transition Take Fouls Drawn,BlockedArc3,OffensiveGoaltends
1628467,1610612742,Maxi Kleber,Maxi Kleber,1628467,DAL,21058.0,351,-45.0,713,716,205.0,181,75,1429,6.0,12.0,1.0,3.0,1.0,2.0,2.0,5.0,2.0,3.0,3.0,10.0,1.0,1.0,2.0,4.0,18.0,2.0,5.0,10.0,20,7.0,28.0,12.0,53.0,848,1.0,5.0,1.0,3.0,2.0,7.0,1.0,4.0,7.0,6.0,8.0,18.0,2.0,18.0,3.0,2.0,18.0,4.0,2.0,10.0,13.0,23.0,11.0,2.0,6.0,2.0,2.0,59.0,2.0,9.0,3.0,19.0,21.0,2.0,42.0,14.0,56.0,4.0,4.0,7.0,1.0,5.0,3.0,2.0,10.0,4.0,18.0,29.0,1.0,2.0,18.0,3.0,1.0,16.0,6.0,2.0,8.0,3.0,5.0,8.0,6.0,8.0,203.0,3.0,2.0,0.9,1.0,0.8571428571428571,0.25,0.3333333333333333,0.25,0.5,0.2,0.25,0.4270833333333333,0.3125,0.0909090909090909,0.4732142857142857,0.3888888888888889,0.2666666666666666,0.5833333333333334,0.1,0.1666666666666666,8.333333333333334,0.7,0.1176470588235294,0.1304347826086956,0.1304347826086956,0.0526315789473684,0.1151515151515151,0.0127388535031847,0.1226993865030674,0.0335365853658536,0.0714285714285714,0.0357142857142857,0.064516129032258,0.017094017094017,0.1481481481481481,0.1012658227848101,0.1785714285714285,0.087719298245614,0.1764705882352941,0.75,0.25,0.5,0.6,0.8333333333333334,0.1041666666666666,0.4,0.4,1.0,0.0625,0.6666666666666666,0.6666666666666666,1.0,0.2083333333333333,0.3,0.3,1.0,0.375,0.2222222222222222,0.2222222222222222,0.75,0.375,0.3333333333333333,0.125,1.0,1.0,0.25,0.1818181818181818,0.5,0.1818181818181818,0.4545454545454545,0.8333333333333334,0.2222222222222222,0.5384895833333334,0.5190428571428571,0.5144818181818182,0.1111111111111111,0.2307692307692307,0.1320754716981132,0.1509433962264151,5.965000000000001,24.682142857142857,0.2875175315568022,,,,,,,,,,,,,,,,,,,,,,,,,,,,,,,,,,,,,,,,True,,,
1629023,1610612742,P.J. Washington,P.J. Washington,1629023,DAL,31619.0,527,-25.0,1091,1091,277.0,219,139,2182,41.0,62.0,10.0,14.0,10.0,13.0,28.0,87.0,1.0,9.0,12.0,23.0,1.0,2.0,9.0,17.0,44.0,10.0,9.0,70.0,158,29.0,67.0,46.0,273.0,1300,14.0,26.0,4.0,12.0,5.0,45.0,13.0,28.0,18.0,20.0,76.0,58.0,82.0,87.0,,20.0,44.0,17.0,18.0,22.0,20.0,42.0,14.0,6.0,17.0,3.0,2.0,104.0,6.0,25.0,4.0,41.0,56.0,12.0,109.0,35.0,144.0,12.0,8.0,20.0,1.0,5.0,9.0,15.0,29.0,8.0,23.0,33.0,3.0,,48.0,2.0,1.0,58.0,30.0,4.0,13.0,7.0,6.0,14.0,7.0,76.0,271.0,1.0,3.0,0.4142857142857143,0.4833333333333333,1.0,0.4328358208955223,0.3333333333333333,0.4328358208955223,0.4430379746835443,0.5384615384615384,0.4642857142857143,0.5044444444444445,0.5263157894736842,0.6086956521739131,0.5481927710843374,0.5487804878048781,0.6785714285714286,0.2977777777777777,0.1139240506329113,0.1129032258064516,22.275641025641026,0.6896551724137931,0.4615384615384615,0.1081081081081081,0.1917808219178082,0.0865051903114186,0.1715481171548117,0.025531914893617,0.1826741996233521,0.0591603053435114,0.1046511627906976,0.0967741935483871,0.0208333333333333,0.0337078651685393,0.2475247524752475,0.1506849315068493,0.2,0.1761363636363636,0.1587301587301587,0.5,0.2755555555555555,0.6612903225806451,0.7454545454545455,0.4390243902439024,0.3866666666666666,0.3218390804597701,0.3684210526315789,0.3928571428571428,0.04,0.1111111111111111,0.1111111111111111,,0.1022222222222222,0.5217391304347826,0.5217391304347826,1.0,0.1955555555555555,0.3863636363636363,0.3863636363636363,1.0,0.3684210526315789,0.7142857142857143,0.0526315789473684,0.5,1.0,0.2631578947368421,0.2826086956521739,0.7692307692307693,0.1956521739130435,0.1956521739130435,0.5733333333333334,0.3863636363636363,0.5245417777777777,0.532494827586207,0.5200391304347826,0.1224489795918367,0.1685393258426966,0.1648351648351648,0.2783882783882784,5.634810126582278,24.58955223880597,0.2538955087076077,6.0,3.0,4.0,10.0,16.0,4.0,5.0,1.0,2.0,1.0,10.0,1.0,1.0,1.0,0.5555555555555556,0.1264367816091954,0.1495327102803738,0.1,0.3,1.0,0.6666666666666666,0.4444444444444444,,,,,,,,,,,,,,,,,,True,,,
1629029,1610612742,Luka Dončić,Luka Dončić,1629029,DAL,13696.0,228,37.0,475,477,136.0,100,55,952,16.0,19.0,,1.0,5.0,5.0,27.0,48.0,2.0,10.0,2.0,3.0,,1.0,,19.0,60.0,4.0,18.0,45.0,77,21.0,63.0,33.0,186.0,553,2.0,5.0,3.0,5.0,2.0,15.0,13.0,21.0,18.0,12.0,56.0,20.0,70.0,33.0,30.0,,59.0,19.0,1.0,32.0,25.0,57.0,16.0,9.0,23.0,8.0,1.0,139.0,2.0,1.0,,24.0,23.0,1.0,48.0,3.0,51.0,15.0,11.0,20.0,3.0,16.0,4.0,4.0,24.0,4.0,6.0,11.0,,,40.0,1.0,1.0,47.0,17.0,5.0,1.0,,1.0,1.0,1.0,56.0,133.0,,4.0,0.2222222222222222,0.2222222222222222,0.5238095238095238,0.3333333333333333,0.6,0.3387096774193548,0.5844155844155844,0.4,0.6190476190476191,0.5464285714285714,0.65,0.5641025641025641,0.5886075949367089,0.6818181818181818,0.5957446808510638,0.45,0.0129870129870129,,33.7037037037037,0.8333333333333334,0.1,,0.1854838709677419,0.0104166666666666,0.233009708737864,0.0186915887850467,0.2070484581497797,0.0147783251231527,,0.0181818181818181,,0.0123456790123456,0.2127659574468085,0.1509433962264151,0.2083333333333333,0.2191780821917808,0.2666666666666666,1.0,0.1357142857142857,0.8421052631578947,0.8421052631578947,0.375,0.3428571428571428,0.5625,0.574468085106383,0.1111111111111111,0.0714285714285714,0.2,0.2,0.5,0.0214285714285714,0.6666666666666666,0.6666666666666666,,0.4285714285714285,0.3166666666666666,0.3220338983050847,0.5789473684210527,0.1,,0.1,,,0.4,0.1282051282051282,1.0,,0.4615384615384615,0.5857142857142857,0.3220338983050847,0.5004147482014388,0.45621875,0.492232894736842,0.130718954248366,0.1954022988505747,0.0806451612903225,0.3010752688172043,8.096103896103893,26.657142857142865,0.2863157894736842,,3.0,6.0,6.0,1.0,4.0,,1.0,,1.0,7.0,,,,0.3333333333333333,0.0208333333333333,0.0140845070422535,,0.75,0.6666666666666666,,0.3333333333333333,1.0,1.0,1.0,3.0,0.0158730158730158,0.0166666666666666,0.0384615384615384,0.0454545454545454,,,,,,,,,,True,,,
1629655,1610612742,Daniel Gafford,Daniel Gafford,1629655,DAL,25795.0,430,-15.0,886,891,260.0,182,112,1777,81.0,104.0,23.0,31.0,25.0,33.0,17.0,38.0,,,,,,,,,,,,98.0,142,,,59.0,255.0,1056,26.0,36.0,,,14.0,66.0,29.0,42.0,,21.0,79.0,138.0,58.0,,,44.0,,,12.0,16.0,13.0,29.0,10.0,3.0,7.0,6.0,3.0,71.0,20.0,28.0,,23.0,40.0,7.0,70.0,48.0,118.0,7.0,5.0,13.0,3.0,4.0,13.0,9.0,26.0,8.0,38.0,68.0,10.0,5.0,60.0,4.0,,87.0,42.0,7.0,39.0,26.0,12.0,39.0,23.0,79.0,257.0,3.0,6.0,0.7040816326530612,0.9078947368421052,,,,,0.6901408450704225,0.7222222222222222,0.6904761904761905,0.6901408450704225,0.7222222222222222,0.6904761904761905,0.7162921348314607,0.75,0.7053571428571429,,0.0845070422535211,0.0576923076923076,20.218037661050545,0.5,0.3043478260869565,,0.1673640167364016,0.1238938053097345,0.110576923076923,0.1162790697674418,0.1409395973154362,0.1206030150753768,0.1470588235294117,0.1415929203539823,0.0444444444444444,0.1176470588235294,0.116504854368932,0.2285714285714285,0.1290322580645161,0.1081081081081081,0.1166666666666666,0.5897435897435898,0.7323943661971831,0.7788461538461539,0.826530612244898,0.691358024691358,0.2676056338028169,0.4473684210526316,0.53125,0.7647058823529411,,,,,,,,,,,,,0.8611111111111112,0.7419354838709677,,,,,0.7857142857142857,0.7575757575757576,,,0.7323943661971831,,0.6157626760563382,0.6226454545454546,0.6260785714285712,0.2456140350877192,0.2456140350877192,0.2588235294117647,0.3098039215686274,2.6950704225352102,,0.2934537246049661,,,,,3.0,2.0,,,1.0,4.0,13.0,,,4.0,,0.1578947368421052,0.09375,0.0434782608695652,,,,,,,,,,,0.1111111111111111,,3.0,1.0,1.0,,,,,,,True,,,
1629656,1610612742,Quentin Grimes,Quentin Grimes,1629656,DAL,64182.0,1070,-7.0,2194,2197,624.0,516,261,4391,60.0,89.0,6.0,11.0,21.0,31.0,16.0,39.0,13.0,36.0,26.0,57.0,1.0,6.0,17.0,54.0,144.0,17.0,43.0,89.0,164,80.0,201.0,62.0,480.0,2564,9.0,23.0,9.0,23.0,4.0,49.0,31.0,54.0,60.0,34.0,159.0,100.0,78.0,213.0,27.0,8.0,144.0,54.0,9.0,59.0,42.0,101.0,29.0,13.0,44.0,14.0,1.0,244.0,17.0,11.0,2.0,78.0,68.0,3.0,149.0,30.0,179.0,32.0,15.0,35.0,6.0,24.0,26.0,11.0,61.0,20.0,28.0,78.0,2.0,3.0,74.0,3.0,8.0,81.0,27.0,11.0,10.0,3.0,7.0,10.0,6.0,156.0,618.0,6.0,9.0,0.5617977528089888,0.5882352941176471,0.8875,0.3980099502487562,0.391304347826087,0.3980099502487562,0.5426829268292683,0.391304347826087,0.5740740740740741,0.5726027397260274,0.4891304347826087,0.5482456140350878,0.6030150753768844,0.5104166666666666,0.5932835820895522,0.5506849315068493,0.0548780487804878,0.0561797752808988,18.46339501206758,0.5737704918032787,0.0555555555555555,0.0266666666666666,0.1170395869191049,0.0207939508506616,0.1582150101419878,0.0358649789029535,0.1359404096834264,0.0279162512462612,0.0245398773006134,0.0182481751824817,0.0217391304347826,0.0277777777777777,0.0972222222222222,0.1003584229390681,0.2209302325581395,0.1820728291316526,0.0955882352941176,0.6,0.2438356164383561,0.6741573033707865,0.7142857142857143,0.6333333333333333,0.1068493150684931,0.4102564102564102,0.4324324324324324,0.375,0.0986301369863013,0.3611111111111111,0.3823529411764705,0.4615384615384615,0.1561643835616438,0.4561403508771929,0.4561403508771929,0.9615384615384616,0.3945205479452054,0.375,0.375,0.8518518518518519,0.2391304347826087,0.5454545454545454,0.1304347826086956,0.1666666666666666,1.0,0.3695652173913043,0.2719298245614035,0.6774193548387096,0.1491228070175438,0.3771929824561403,0.7945205479452054,0.375,0.5499779452054797,0.51567,0.5437798245614035,0.0852713178294573,0.1483516483516483,0.1020833333333333,0.33125,6.742682926829264,24.94875621890548,0.284412032816773,7.0,8.0,14.0,21.0,6.0,17.0,5.0,3.0,4.0,5.0,9.0,,,,0.35,0.0512820512820512,0.0329670329670329,0.3333333333333333,0.4705882352941176,0.875,0.4117647058823529,0.3255813953488372,,,,6.0,,,0.0614035087719298,0.0292682926829268,3.0,,,1.0,1.0,2.0,0.0555555555555555,,,True,,,
203915,1610612742,Spencer Dinwiddie,Spencer Dinwiddie,203915,DAL,31557.0,526,-14.0,1085,1081,345.0,281,106,2166,15.0,27.0,2.0,2.0,2.0,5.0,18.0,48.0,4.0,9.0,8.0,18.0,,2.0,5.0,24.0,73.0,7.0,19.0,37.0,84,32.0,91.0,64.0,234.0,1251,4.0,4.0,5.0,9.0,2.0,25.0,7.0,17.0,24.0,14.0,46.0,8.0,66.0,60.0,36.0,4.0,72.0,24.0,6.0,35.0,38.0,73.0,20.0,18.0,27.0,4.0,4.0,184.0,2.0,5.0,,17.0,27.0,1.0,45.0,7.0,52.0,13.0,9.0,14.0,7.0,11.0,14.0,3.0,28.0,7.0,15.0,36.0,3.0,3.0,57.0,1.0,4.0,76.0,29.0,5.0,5.0,2.0,3.0,6.0,2.0,44.0,341.0,2.0,4.0,0.1081081081081081,0.1142857142857142,0.625,0.3516483516483517,0.5555555555555556,0.3555555555555555,0.4404761904761904,1.0,0.4117647058823529,0.4857142857142857,0.8846153846153846,0.3902439024390244,0.5658536585365853,0.8928571428571429,0.4791666666666667,0.52,0.0714285714285714,0.1481481481481481,19.449081803005008,0.5,0.0476190476190476,,0.0947368421052631,0.0193050193050193,0.0656370656370656,0.009090909090909,0.0808823529411764,0.0146137787056367,,0.0212765957446808,0.0571428571428571,0.0059171597633136,0.0980392156862745,0.1063829787234042,0.0476190476190476,0.0744680851063829,0.0422535211267605,0.3333333333333333,0.1542857142857142,0.5555555555555556,0.6521739130434783,0.2,0.2742857142857143,0.375,0.391304347826087,,0.0514285714285714,0.4444444444444444,0.4444444444444444,0.25,0.1028571428571428,0.4444444444444444,0.4444444444444444,0.875,0.4171428571428571,0.3287671232876712,0.3287671232876712,0.5416666666666666,0.1538461538461538,1.0,0.1538461538461538,,,0.5384615384615384,0.1219512195121951,0.4,0.1219512195121951,0.4634146341463415,0.6742857142857143,0.3333333333333333,0.5110002890173411,0.48583,0.49397375,0.17,0.2788461538461538,0.1068376068376068,0.1965811965811965,7.336904761904764,25.72747252747253,0.3179723502304147,3.0,5.0,3.0,6.0,3.0,4.0,1.0,,1.0,,9.0,1.0,1.0,,0.25,0.0416666666666666,0.031578947368421,,0.7142857142857143,0.8,0.6,0.1578947368421052,1.0,,2.0,5.0,,,0.0196078431372549,0.0520833333333333,2.0,,,,,,,,,True,,,
1630314,1610612742,Brandon Williams,Brandon Williams,1630314,DAL,3548.0,59,-17.0,129,124,55.0,36,16,253,5.0,7.0,1.0,1.0,3.0,4.0,,,,,,1.0,,,1.0,3.0,6.0,1.0,4.0,5.0,7,3.0,7.0,6.0,25.0,142,1.0,1.0,1.0,1.0,1.0,6.0,3.0,4.0,5.0,5.0,14.0,6.0,4.0,9.0,,,6.0,3.0,,3.0,4.0,7.0,1.0,3.0,,3.0,,18.0,1.0,1.0,,1.0,3.0,,4.0,2.0,6.0,1.0,,3.0,1.0,3.0,1.0,,4.0,,3.0,6.0,,,7.0,,,9.0,3.0,,,,,,,14.0,55.0,2.0,,0.6,0.6,1.0,0.4285714285714285,1.0,0.4285714285714285,0.7142857142857143,1.0,0.75,0.6785714285714286,1.25,0.5,0.6944444444444444,1.0,0.5833333333333334,0.5,,,15.068493150684931,0.75,,,0.1071428571428571,0.0357142857142857,0.032258064516129,0.0303030303030303,0.0677966101694915,0.0327868852459016,,0.0769230769230769,,0.0434782608695652,0.0833333333333333,0.1538461538461538,,0.0454545454545454,,,0.5,0.7142857142857143,0.7142857142857143,0.6,,,,,,,,,0.0714285714285714,,,,0.4285714285714285,0.5,0.5,1.0,0.5,1.0,,,,0.5,0.4444444444444444,0.75,0.1111111111111111,0.4444444444444444,1.0,0.5,0.616125,0.46245,0.6444888888888889,0.2222222222222222,0.3,0.24,0.56,1.7428571428571429,25.014285714285712,0.4263565891472868,,1.0,1.0,1.0,,1.0,,,,,,,,,0.2,,,1.0,1.0,1.0,,0.25,,,,1.0,,,,0.125,,,,,,,,,,True,,,
1641789,1610612742,Jazian Gortman,Jazian Gortman,1641789,DAL,713.0,12,-10.0,25,22,10.0,7,4,47,,1.0,,,,1.0,,,1.0,2.0,,,,,,,,,,1.0,3,,,1.0,3.0,31,,,,,,,,1.0,,,,,2.0,,,,,,1.0,1.0,1.0,2.0,1.0,,,1.0,,5.0,,,,,,,,,,,,1.0,,,,1.0,1.0,,1.0,1.0,,,1.0,,,2.0,,,,,,,,,10.0,,,,,,,,,0.3333333333333333,,,0.3333333333333333,,,0.5,,,,0.3333333333333333,1.0,13.793103448275865,1.0,,,,,,,,,,,,,,,,,,,0.3333333333333333,,,,,,,,0.6666666666666666,0.5,0.5,,,,,,,,,,,,,,,,1.0,,,,0.3333333333333333,,0.4462666666666666,,0.4743,,,,,11.3,,0.4,,,,,,,,,,,,,,,,,,,,,,,,,,,,,,,,,,,,,,,,True,,,
202681,1610612742,Kyrie Irving,Kyrie Irving,202681,DAL,30387.0,506,15.0,1035,1029,274.0,240,128,2064,31.0,44.0,4.0,4.0,9.0,16.0,35.0,77.0,15.0,38.0,8.0,12.0,2.0,3.0,6.0,37.0,100.0,9.0,29.0,81.0,159,45.0,112.0,63.0,360.0,1232,4.0,8.0,7.0,12.0,2.0,31.0,19.0,42.0,35.0,23.0,91.0,48.0,114.0,69.0,66.0,6.0,99.0,37.0,9.0,46.0,25.0,71.0,21.0,4.0,32.0,13.0,1.0,167.0,5.0,8.0,,23.0,28.0,4.0,55.0,13.0,68.0,20.0,10.0,26.0,7.0,19.0,12.0,7.0,38.0,9.0,17.0,33.0,2.0,4.0,50.0,,2.0,67.0,23.0,8.0,6.0,4.0,2.0,6.0,3.0,87.0,271.0,1.0,4.0,0.2962962962962963,0.3076923076923077,0.5111111111111111,0.4017857142857143,0.5833333333333334,0.4054054054054054,0.5094339622641509,0.5,0.4523809523809524,0.5479704797047971,0.725,0.4415584415584415,0.5932203389830508,0.7142857142857143,0.5113636363636364,0.4132841328413284,0.0566037735849056,0.0681818181818181,27.95608108108108,0.6842105263157895,0.1142857142857142,,0.0989399293286219,0.0327868852459016,0.0991379310344827,0.0219298245614035,0.0990291262135922,0.0275423728813559,0.054054054054054,0.025,0.02,0.0228571428571428,0.0654205607476635,0.1333333333333333,0.073170731707317,0.0838323353293413,0.1384615384615384,0.5,0.1623616236162361,0.7045454545454546,0.7560975609756098,0.2903225806451613,0.2841328413284132,0.4545454545454545,0.4929577464788732,0.2,0.1402214022140221,0.3947368421052631,0.3947368421052631,0.5333333333333333,0.044280442804428,0.6666666666666666,0.6666666666666666,0.75,0.3690036900369003,0.37,0.3775510204081632,0.4594594594594595,0.2,1.0,0.15,0.6666666666666666,1.0,0.45,0.2077922077922078,0.5625,0.0779220779220779,0.3766233766233766,0.5756457564575646,0.3737373737373737,0.5045218518518517,0.5332107142857143,0.5052184210526317,0.0871080139372822,0.1329479768786127,0.0861111111111111,0.2527777777777777,8.633962264150945,26.606249999999992,0.2647342995169082,3.0,5.0,7.0,10.0,5.0,10.0,1.0,,,3.0,9.0,,,,0.2857142857142857,0.0779220779220779,0.037593984962406,0.25,0.5555555555555556,0.8,0.5,0.2413793103448276,1.0,2.0,10.0,2.0,0.0178571428571428,0.02,0.0188679245283018,0.0175438596491228,,,,,,,,,,True,,,
1630230,1610612742,Naji Marshall,Naji Marshall,1630230,DAL,19070.0,318,3.0,632,640,196.0,187,84,1272,22.0,32.0,3.0,3.0,4.0,5.0,26.0,55.0,,1.0,6.0,23.0,1.0,2.0,7.0,8.0,22.0,4.0,7.0,48.0,88,14.0,45.0,23.0,161.0,738,6.0,10.0,3.0,6.0,,21.0,16.0,27.0,14.0,8.0,55.0,44.0,52.0,42.0,,8.0,20.0,8.0,10.0,17.0,14.0,31.0,9.0,5.0,11.0,3.0,3.0,76.0,3.0,7.0,,17.0,9.0,1.0,27.0,10.0,37.0,10.0,7.0,5.0,6.0,3.0,11.0,2.0,16.0,3.0,7.0,19.0,2.0,1.0,17.0,1.0,,25.0,13.0,1.0,1.0,,1.0,1.0,,55.0,196.0,,1.0,0.4583333333333333,0.5,1.0,0.3111111111111111,0.5,0.3255813953488372,0.5454545454545454,0.6,0.5925925925925926,0.518796992481203,0.65625,0.573170731707317,0.5590277777777778,0.65625,0.6111111111111112,0.3383458646616541,0.1136363636363636,0.125,22.19140083217753,0.3125,0.0588235294117647,,0.0502793296089385,0.0434782608695652,0.1164383561643835,0.0223880597014925,0.08,0.0338983050847457,0.0384615384615384,0.0555555555555555,,0.03125,0.0338983050847457,0.0638297872340425,0.0384615384615384,0.0970873786407767,0.1627906976744186,,0.2406015037593984,0.6875,0.7857142857142857,0.5,0.4135338345864661,0.4727272727272727,0.5306122448979592,0.4230769230769231,0.0075187969924812,,,,0.1729323308270676,0.2608695652173913,0.2727272727272727,1.0,0.1654135338345864,0.3636363636363636,0.3636363636363636,1.0,0.1875,1.0,0.125,0.5,1.0,0.25,0.1219512195121951,0.8,0.1707317073170731,0.1707317073170731,0.5789473684210527,0.4,0.5252312977099237,0.5160178571428571,0.4755551282051283,0.0909090909090909,0.1326530612244898,0.1304347826086956,0.3416149068322981,5.939772727272728,26.117777777777786,0.310126582278481,2.0,2.0,3.0,5.0,4.0,3.0,2.0,,1.0,1.0,3.0,,,,0.3571428571428571,0.109090909090909,0.0714285714285714,,0.5,1.0,0.2857142857142857,0.4285714285714285,2.0,1.0,,,0.0222222222222222,,,,1.0,,,,,,,0.0434782608695652,,True,,,
1630702,1610612742,Jaden Hardy,Jaden Hardy,1630702,DAL,16975.0,283,21.0,584,585,179.0,164,74,1169,18.0,27.0,2.0,3.0,4.0,8.0,16.0,31.0,3.0,11.0,7.0,11.0,1.0,2.0,3.0,23.0,51.0,6.0,18.0,37.0,69,30.0,62.0,17.0,181.0,648,3.0,4.0,3.0,8.0,2.0,17.0,10.0,21.0,21.0,7.0,60.0,30.0,44.0,78.0,12.0,,51.0,23.0,6.0,16.0,8.0,24.0,1.0,7.0,14.0,2.0,,56.0,1.0,2.0,,15.0,11.0,1.0,27.0,3.0,30.0,11.0,8.0,9.0,3.0,7.0,10.0,2.0,19.0,5.0,21.0,32.0,1.0,1.0,20.0,,2.0,26.0,12.0,2.0,2.0,,1.0,2.0,1.0,60.0,178.0,2.0,2.0,0.4054054054054054,0.4054054054054054,0.8666666666666667,0.4838709677419355,0.375,0.4838709677419355,0.5362318840579711,0.75,0.4761904761904761,0.6259541984732825,0.625,0.6309523809523809,0.6373239436619719,0.6538461538461539,0.6382978723404256,0.4732824427480916,0.0869565217391304,0.074074074074074,24.3202416918429,0.4736842105263157,0.0666666666666666,,0.0709677419354838,0.0139860139860139,0.125,0.0083333333333333,0.0945454545454545,0.0114068441064638,0.0208333333333333,0.0138888888888888,,0.0111111111111111,0.0714285714285714,0.0952380952380952,,0.1195652173913043,0.1428571428571428,0.5,0.2061068702290076,0.6666666666666666,0.72,0.5555555555555556,0.2366412213740458,0.5161290322580645,0.5925925925925926,0.3125,0.0839694656488549,0.2727272727272727,0.2727272727272727,,0.0839694656488549,0.6363636363636364,0.6363636363636364,1.0,0.3893129770992366,0.4509803921568627,0.4693877551020408,0.8260869565217391,0.25,0.6666666666666666,0.1666666666666666,0.5,1.0,0.5,0.1904761904761904,0.5,0.0714285714285714,0.4285714285714285,0.6793893129770993,0.4509803921568627,0.5373374045801529,0.5794,0.5292345238095236,0.0857142857142857,0.1538461538461538,0.0939226519337016,0.3314917127071823,7.320289855072465,25.76129032258065,0.3065068493150685,1.0,2.0,10.0,11.0,,3.0,3.0,2.0,,2.0,3.0,,,,0.5238095238095238,0.1290322580645161,,1.0,0.3333333333333333,1.0,0.3333333333333333,0.5555555555555556,,2.0,1.0,,0.032258064516129,0.0392156862745098,,,1.0,1.0,,,,,,,,True,,,
1641726,1610612742,Dereck Lively II,Dereck Lively II,1641726,DAL,18952.0,316,66.0,636,642,140.0,118,81,1278,39.0,52.0,10.0,14.0,3.0,7.0,11.0,21.0,,,,,,,,,,,,50.0,73,,,19.0,119.0,706,12.0,17.0,,,5.0,29.0,5.0,11.0,,8.0,18.0,80.0,20.0,,,12.0,,,10.0,16.0,17.0,33.0,16.0,1.0,9.0,6.0,1.0,83.0,18.0,20.0,2.0,31.0,37.0,4.0,72.0,40.0,112.0,7.0,5.0,7.0,3.0,5.0,8.0,2.0,15.0,3.0,26.0,43.0,4.0,2.0,19.0,1.0,,30.0,16.0,,20.0,9.0,10.0,20.0,14.0,18.0,138.0,1.0,,0.8,0.9090909090909092,,,,,0.684931506849315,0.7058823529411765,0.4545454545454545,0.684931506849315,0.7058823529411765,0.4545454545454545,0.6839080459770115,0.725,0.5294117647058824,,0.136986301369863,0.1153846153846153,13.991769547325102,0.4666666666666667,0.25,0.0909090909090909,0.2078651685393258,0.136986301369863,0.2,0.1208053691275167,0.2042042042042042,0.1288135593220339,0.175,0.144578313253012,0.0434782608695652,0.1238938053097345,0.2456140350877192,0.1979166666666666,0.16,0.1826086956521739,0.25,0.7,0.7123287671232876,0.75,0.8478260869565217,0.7948717948717948,0.2876712328767123,0.5238095238095238,0.6470588235294118,0.8181818181818182,,,,,,,,,,,,,0.8235294117647058,0.7142857142857143,,,,,0.6363636363636364,0.4285714285714285,,,0.7123287671232876,,0.6012506849315069,0.6243499999999998,0.5287181818181819,0.1839080459770115,0.1839080459770115,0.2436974789915966,0.1512605042016806,2.995890410958904,,0.220125786163522,,,,,3.0,2.0,,,2.0,4.0,2.0,,,2.0,,0.1904761904761904,0.2307692307692307,0.3,,,,,,,,,,,0.1111111111111111,,,1.0,1.0,,,,,,1.0,True,,,
202691,1610612742,Klay Thompson,Klay Thompson,202691,DAL,16855.0,281,18.0,577,573,99.0,85,62,1150,6.0,10.0,,1.0,1.0,1.0,3.0,16.0,4.0,16.0,9.0,29.0,1.0,4.0,7.0,23.0,54.0,4.0,9.0,13.0,42,32.0,83.0,7.0,129.0,677,1.0,5.0,2.0,8.0,2.0,10.0,1.0,2.0,16.0,,23.0,14.0,12.0,93.0,3.0,,54.0,23.0,2.0,13.0,9.0,22.0,3.0,6.0,11.0,1.0,1.0,53.0,1.0,3.0,,15.0,7.0,4.0,26.0,4.0,30.0,10.0,6.0,10.0,3.0,8.0,5.0,2.0,15.0,5.0,6.0,15.0,,1.0,9.0,,1.0,9.0,5.0,,7.0,2.0,4.0,7.0,3.0,23.0,99.0,2.0,,0.5384615384615384,0.5384615384615384,0.96875,0.3855421686746988,0.25,0.3855421686746988,0.3095238095238095,0.2,0.5,0.488,0.3076923076923077,0.6388888888888888,0.5,0.3571428571428571,0.6388888888888888,0.664,0.0476190476190476,0.1,22.18798151001541,0.6666666666666666,0.2222222222222222,,0.0451612903225806,0.0223880597014925,0.1171875,0.0075187969924812,0.07773851590106,0.0149812734082397,0.0526315789473684,0.0147058823529411,,,0.0333333333333333,0.0375,0.1333333333333333,0.0947368421052631,0.1818181818181818,0.4285714285714285,0.08,0.6,0.6666666666666666,0.8333333333333334,0.128,0.1875,0.2,,0.128,0.25,0.25,0.5,0.232,0.3103448275862069,0.3103448275862069,1.0,0.432,0.4259259259259259,0.4339622641509434,0.9565217391304348,0.0769230769230769,,0.3076923076923077,0.25,1.0,0.3076923076923077,0.0555555555555555,1.0,0.3888888888888889,0.5,0.744,0.4259259259259259,0.5280300000000001,0.45413125,0.5189305555555557,0.0387596899224806,0.108695652173913,0.0775193798449612,0.1782945736434108,10.90952380952381,24.832530120481927,0.1715771230502599,2.0,1.0,5.0,7.0,2.0,4.0,1.0,,,2.0,1.0,,,,0.4375,0.0625,0.0259740259740259,,0.25,1.0,0.2857142857142857,0.5555555555555556,,1.0,,,0.0120481927710843,0.0185185185185185,0.03125,,,1.0,,,,,,,,True,,,
1641765,1610612742,Olivier-Maxence Prosper,Olivier-Maxence Prosper,1641765,DAL,11798.0,197,-32.0,405,408,145.0,90,49,813,16.0,28.0,2.0,4.0,6.0,8.0,2.0,8.0,,1.0,3.0,10.0,,,2.0,1.0,10.0,1.0,2.0,18.0,37,4.0,20.0,9.0,57.0,465,2.0,6.0,,1.0,2.0,6.0,6.0,8.0,4.0,2.0,14.0,28.0,8.0,12.0,,2.0,10.0,1.0,5.0,4.0,5.0,9.0,2.0,3.0,2.0,2.0,,23.0,9.0,7.0,,10.0,14.0,1.0,25.0,16.0,41.0,6.0,4.0,,1.0,,4.0,,4.0,1.0,4.0,9.0,2.0,,14.0,4.0,,18.0,8.0,2.0,3.0,2.0,1.0,3.0,2.0,14.0,145.0,,2.0,0.7777777777777778,0.8235294117647058,1.0,0.2,,0.2,0.4864864864864865,0.3333333333333333,0.75,0.4210526315789473,0.2857142857142857,0.5,0.4384615384615384,0.3333333333333333,0.4666666666666667,0.3508771929824561,0.1351351351351351,0.1428571428571428,14.870689655172416,,0.1428571428571428,,0.1414141414141414,0.0786516853932584,0.119047619047619,0.0927835051546391,0.1311475409836065,0.086021505376344,0.0294117647058823,0.081081081081081,0.1666666666666666,0.1,0.1388888888888889,0.1489361702127659,0.125,0.1333333333333333,0.0833333333333333,0.6666666666666666,0.4912280701754385,0.5714285714285714,0.6666666666666666,0.75,0.1403508771929824,0.25,0.2857142857142857,1.0,0.0175438596491228,,,,0.175438596491228,0.3,0.3,1.0,0.175438596491228,0.1,0.1,1.0,0.5714285714285714,0.5,,,,0.1428571428571428,0.6666666666666666,0.75,0.1666666666666666,0.1666666666666666,0.8421052631578947,0.1,0.6101921052631578,0.5627916666666667,0.6662250000000001,0.1269841269841269,0.1860465116279069,0.1052631578947368,0.2456140350877192,3.1945945945945957,24.585,0.3580246913580246,,,,,2.0,2.0,2.0,,1.0,,2.0,,,,,0.125,0.0689655172413793,0.5,,,,,,,,,,,0.0588235294117647,,,,,,,,,,,True,,,
203939,1610612742,Dwight Powell,Dwight Powell,203939,DAL,7970.0,133,12.0,278,278,90.0,99,33,556,4.0,6.0,2.0,2.0,2.0,2.0,1.0,2.0,,,,,,,,,,,,5.0,8,,,7.0,17.0,297,2.0,3.0,,,,4.0,2.0,2.0,,3.0,7.0,8.0,2.0,,,2.0,,,2.0,8.0,6.0,14.0,6.0,,6.0,1.0,1.0,34.0,8.0,4.0,,6.0,13.0,1.0,20.0,12.0,32.0,7.0,4.0,3.0,,1.0,1.0,2.0,4.0,1.0,9.0,19.0,2.0,1.0,14.0,3.0,1.0,12.0,3.0,2.0,10.0,5.0,5.0,10.0,5.0,7.0,90.0,4.0,2.0,0.8,1.0,,,,,0.625,0.6666666666666666,1.0,0.625,0.6666666666666666,1.0,0.6538461538461539,0.6666666666666666,0.875,,0.25,0.3333333333333333,5.448717948717949,0.75,0.25,,0.1625,0.0634920634920634,0.1132075471698113,0.1379310344827586,0.1428571428571428,0.0991735537190082,,0.1176470588235294,,0.119047619047619,0.1935483870967742,0.1944444444444444,,0.1282051282051282,0.0714285714285714,0.5,0.75,0.6666666666666666,1.0,0.75,0.25,0.5,0.5,1.0,,,,,,,,,,,,,0.6666666666666666,1.0,,,,,1.0,1.0,,,0.75,,0.5920875,0.5253,0.7044,0.2727272727272727,0.2727272727272727,0.2352941176470588,0.4117647058823529,2.8000000000000003,,0.3237410071942446,,,,,,3.0,,,,1.0,,,,,,,,0.5,,,,,,,,,,,0.1875,,,,,,1.0,,,,,True,,,
1630556,1610612742,Kessler Edwards,Kessler Edwards,1630556,DAL,3976.0,66,-9.0,131,136,47.0,45,14,267,2.0,3.0,2.0,2.0,,1.0,,,,,2.0,4.0,,,2.0,,3.0,,2.0,2.0,3,2.0,7.0,2.0,12.0,179,2.0,2.0,,,,4.0,,1.0,4.0,2.0,5.0,,4.0,6.0,,4.0,3.0,,1.0,3.0,1.0,4.0,1.0,,1.0,2.0,,9.0,3.0,,,6.0,8.0,1.0,15.0,3.0,18.0,2.0,,1.0,,1.0,,,1.0,,3.0,5.0,,,1.0,1.0,,2.0,,1.0,2.0,2.0,,2.0,1.0,5.0,47.0,1.0,1.0,,,1.0,0.2857142857142857,,0.2857142857142857,0.6666666666666666,1.0,,0.5,1.0,0.3,0.5454545454545454,1.0,0.4166666666666667,0.7,0.3333333333333333,0.3333333333333333,8.108108108108109,1.0,0.25,,0.2051282051282051,,0.2222222222222222,0.1111111111111111,0.2121212121212121,0.0566037735849056,,,,0.1304347826086956,0.1052631578947368,0.2142857142857142,0.5,0.238095238095238,0.1666666666666666,0.5,0.3,0.6666666666666666,1.0,,,,,,,,,,0.4,0.5,0.5,1.0,0.3,,,,1.0,1.0,,,,,0.2,,0.4,0.4,1.0,,0.5762400000000001,,0.50814,,,0.3333333333333333,0.4166666666666667,0.9333333333333332,23.81428571428572,0.3587786259541984,1.0,,,1.0,,2.0,,,,,,,,,0.25,,,,,,0.5,,,,,,,,,,,,,,,,,,,True,,,
203957,1610612742,Danté Exum,Danté Exum,203957,DAL,281.0,5,-15.0,9,10,5.0,9,2,19,,2.0,,1.0,,2.0,,2.0,,,,,,,,,1.0,,1.0,,4,,1.0,,,17,,2.0,,,,,,4.0,1.0,,,,,,,,1.0,,2.0,,,,,,,,,,1.0,,,,,,,1.0,1.0,,,1.0,,1.0,,,1.0,,,,,,2.0,,,,,,,,,,,,5.0,,,,,,,,,,,,,,,,,,0.2,0.5,0.5,46.15384615384615,1.0,,,,,,0.3333333333333333,,0.1,,,,0.5,,,,,,,0.4,,,,0.4,,,,,,,,,,,,0.2,,,,0.5,,,,,,0.4,,,0.2,0.6,,0.55552,0.8464,0.55552,,,,,3.85,25.8,0.5555555555555556,,,,,1.0,,,,,,,,,,,0.5,0.3333333333333333,,,,,,,,,,,,,,,,,,,,,,,True,,,
1630283,1610612742,Kylor Kelley,Kylor Kelley,1630283,DAL,1358.0,23,-16.0,47,45,12.0,8,9,92,2.0,3.0,1.0,2.0,,1.0,,1.0,,,,,,,,,,,,2.0,4,,,3.0,7.0,67,1.0,3.0,,,,2.0,,1.0,,,,2.0,2.0,,,2.0,,,,1.0,,1.0,,,1.0,,,2.0,2.0,1.0,,4.0,3.0,,7.0,3.0,10.0,,,,,,,,,,2.0,4.0,2.0,,3.0,1.0,,4.0,2.0,,,,,,,,12.0,,,0.5,1.0,,,,,0.5,0.3333333333333333,,0.5,0.3333333333333333,,0.5833333333333334,0.3333333333333333,,,,,9.836065573770492,,,,0.25,0.0454545454545454,0.4444444444444444,0.2,0.3333333333333333,0.09375,0.1428571428571428,,,0.4,,0.4285714285714285,,0.4,0.5,,0.75,0.6666666666666666,0.6666666666666666,0.5,0.25,,,,,,,,,,,,,,,,0.6666666666666666,0.5,,,,,1.0,,,,0.75,,0.6515500000000001,0.5485500000000001,0.6759,0.3333333333333333,0.3333333333333333,0.2857142857142857,,1.45,,0.2553191489361702,,,,,,,,,,,,,,1.0,,,,,,,,,,,,,,,,,,,,,,,,,,True,,,
202693,1610612742,Markieff Morris,Markieff Morris,202693,DAL,1120.0,19,-2.0,38,40,21.0,13,1,78,,,,,,,1.0,3.0,,1.0,,1.0,,,1.0,1.0,4.0,,1.0,1.0,4,1.0,5.0,,5.0,49,,,,,,,,2.0,2.0,,3.0,2.0,,3.0,,,3.0,1.0,,,,,,,,,,,,,,,1.0,1.0,2.0,,2.0,1.0,1.0,2.0,,1.0,,1.0,2.0,2.0,1.0,1.0,,,1.0,,,,,,1.0,,1.0,1.0,1.0,3.0,21.0,,,1.0,1.0,1.0,0.2,,0.25,0.25,,,0.2777777777777778,,0.375,0.2777777777777778,,0.375,0.5555555555555556,,,28.205128205128204,1.0,0.5,,0.1,,,,0.0588235294117647,,,,,,,0.1666666666666666,,,,1.0,,,,,0.3333333333333333,0.3333333333333333,0.3333333333333333,1.0,0.1111111111111111,,,,0.1111111111111111,,,,0.4444444444444444,0.25,0.25,1.0,,,,,,,,,0.25,0.25,0.5555555555555556,0.3333333333333333,0.48206875,,0.4844125,,,,0.6,11.9,33.34,0.5526315789473685,,,1.0,1.0,,,,,,,,,,,0.5,,,,,,,1.0,1.0,,,,,,,,,,,,,,,,,True,,,
1628467,1610612742,Maxi Kleber,Maxi Kleber,1628467,DAL,17148.0,286,28.0,590,593,153.0,168,63,1183,7.0,11.0,2.0,3.0,2.0,5.0,3.0,10.0,4.0,6.0,1.0,7.0,,1.0,3.0,5.0,14.0,2.0,3.0,14.0,27,6.0,21.0,4.0,50.0,674,3.0,6.0,1.0,3.0,,9.0,2.0,7.0,6.0,,7.0,22.0,6.0,18.0,,4.0,14.0,5.0,5.0,10.0,10.0,20.0,6.0,4.0,8.0,2.0,,50.0,2.0,9.0,,13.0,13.0,2.0,28.0,11.0,39.0,5.0,4.0,7.0,1.0,5.0,6.0,2.0,13.0,3.0,23.0,37.0,4.0,1.0,11.0,3.0,3.0,5.0,3.0,,9.0,3.0,6.0,9.0,5.0,7.0,153.0,5.0,,0.7857142857142857,0.9166666666666666,1.0,0.2857142857142857,0.3333333333333333,0.2857142857142857,0.5185185185185185,0.5,0.2857142857142857,0.4791666666666667,0.5,0.2692307692307692,0.5,0.5,0.2692307692307692,0.4375,0.1851851851851851,0.0909090909090909,9.502262443438914,0.5384615384615384,0.125,,0.0844155844155844,0.0681818181818181,0.0935251798561151,0.0165289256198347,0.0887372013651877,0.0434782608695652,0.074074074074074,0.0714285714285714,0.0454545454545454,0.0112359550561797,0.0545454545454545,0.1066666666666666,0.0833333333333333,0.0833333333333333,0.1162790697674418,0.5555555555555556,0.2291666666666666,0.6363636363636364,0.7,0.7142857142857143,0.2083333333333333,0.3,0.4285714285714285,1.0,0.125,0.6666666666666666,0.8,0.75,0.1458333333333333,0.1428571428571428,0.1428571428571428,1.0,0.2916666666666667,0.3571428571428571,0.3571428571428571,1.0,0.3333333333333333,0.6666666666666666,0.1111111111111111,,,0.2222222222222222,0.3846153846153846,0.4,0.2307692307692307,0.2307692307692307,0.6666666666666666,0.3571428571428571,0.5152802083333334,0.5413888888888888,0.5552038461538461,0.06,0.1034482758620689,0.18,0.14,6.992592592592593,24.990476190476187,0.2593220338983051,1.0,1.0,,1.0,4.0,1.0,,3.0,,1.0,1.0,,,,0.1666666666666666,0.3,0.1739130434782608,,0.5,1.0,0.3333333333333333,,,,,,,,0.03125,,1.0,,,1.0,,,0.1666666666666666,,,False,,,
1629023,1610612742,P.J. Washington,P.J. Washington,1629023,DAL,74902.0,1248,76.0,2591,2591,494.0,531,290,5182,80.0,117.0,16.0,20.0,15.0,21.0,50.0,129.0,5.0,11.0,17.0,58.0,1.0,4.0,9.0,40.0,105.0,11.0,16.0,135.0,257,57.0,163.0,94.0,535.0,2950,19.0,33.0,5.0,15.0,5.0,58.0,27.0,40.0,25.0,39.0,117.0,154.0,116.0,144.0,27.0,24.0,105.0,40.0,32.0,45.0,37.0,82.0,24.0,13.0,32.0,9.0,4.0,201.0,13.0,29.0,2.0,110.0,112.0,19.0,241.0,44.0,285.0,48.0,35.0,54.0,4.0,24.0,30.0,30.0,84.0,17.0,44.0,97.0,2.0,7.0,106.0,5.0,11.0,134.0,59.0,11.0,43.0,31.0,12.0,45.0,28.0,115.0,488.0,7.0,10.0,0.5703703703703704,0.6260162601626016,0.8421052631578947,0.3496932515337423,0.3333333333333333,0.3496932515337423,0.5252918287937743,0.5757575757575758,0.675,0.525,0.5520833333333334,0.6,0.5549792531120332,0.5471698113207547,0.65,0.3880952380952381,0.1245136186770428,0.0854700854700854,19.396847155586016,0.6428571428571429,0.3454545454545454,0.0303030303030303,0.165680473372781,0.0464743589743589,0.1926444833625218,0.0240295748613678,0.1780272654370489,0.0360515021459227,0.0670103092783505,0.0457317073170731,0.0098039215686274,0.025062656641604,0.1511627906976744,0.1702786377708978,0.1894736842105263,0.2103960396039604,0.1497005988023952,0.6222222222222222,0.2785714285714286,0.6837606837606838,0.7476635514018691,0.625,0.3071428571428571,0.3875968992248062,0.4629629629629629,0.48,0.0261904761904761,0.4545454545454545,0.5,0.6,0.1380952380952381,0.293103448275862,0.293103448275862,1.0,0.25,0.3809523809523809,0.3809523809523809,0.775,0.4166666666666667,0.8,0.0833333333333333,0.25,1.0,0.2291666666666666,0.3230769230769231,0.7142857142857143,0.1384615384615384,0.2461538461538461,0.6666666666666666,0.3809523809523809,0.5455115476190476,0.5585121621621622,0.5471838461538461,0.1273885350318471,0.1921824104234527,0.108411214953271,0.2186915887850467,5.273929961089494,24.61472392638038,0.1906599768429178,1.0,4.0,7.0,8.0,16.0,13.0,10.0,1.0,1.0,4.0,9.0,2.0,,1.0,0.32,0.1627906976744186,0.0816326530612244,0.3125,0.3636363636363636,0.75,0.1111111111111111,0.4375,,,,1.0,,,0.0211267605633802,0.0060975609756097,5.0,,,,,,0.0909090909090909,,,False,1.0,2.0,
1629029,1610612742,Luka Dončić,Luka Dončić,1629029,DAL,33375.0,556,131.0,1155,1139,172.0,149,131,2294,33.0,45.0,4.0,7.0,4.0,6.0,48.0,93.0,15.0,39.0,3.0,8.0,1.0,1.0,1.0,51.0,141.0,7.0,23.0,96.0,177,54.0,149.0,79.0,433.0,1262,7.0,14.0,2.0,8.0,7.0,27.0,8.0,16.0,24.0,20.0,57.0,58.0,134.0,75.0,87.0,6.0,140.0,51.0,8.0,71.0,44.0,115.0,26.0,18.0,55.0,12.0,4.0,274.0,8.0,4.0,1.0,62.0,52.0,5.0,119.0,13.0,132.0,29.0,20.0,38.0,5.0,27.0,13.0,11.0,51.0,13.0,20.0,47.0,4.0,1.0,86.0,2.0,5.0,99.0,47.0,7.0,7.0,3.0,3.0,8.0,4.0,57.0,170.0,2.0,7.0,0.3020833333333333,0.3118279569892473,0.4629629629629629,0.3624161073825503,0.25,0.3648648648648648,0.5423728813559322,0.5,0.5,0.5429447852760736,0.4545454545454545,0.4625,0.5883152173913043,0.5192307692307693,0.5588235294117647,0.4570552147239264,0.0451977401129943,0.0666666666666666,32.23076923076923,0.7450980392156863,0.2083333333333333,0.03125,0.187725631768953,0.0158102766798418,0.2152777777777778,0.0299625468164794,0.2017699115044247,0.023076923076923,0.0133333333333333,0.0229007633587786,,0.0204081632653061,0.1720430107526881,0.1865671641791045,0.22,0.2311320754716981,0.1710526315789473,0.5,0.1380368098159509,0.7333333333333333,0.7857142857142857,0.5151515151515151,0.2852760736196319,0.5161290322580645,0.5454545454545454,0.2083333333333333,0.1196319018404908,0.3846153846153846,0.3846153846153846,0.1333333333333333,0.0245398773006134,0.375,0.375,0.6666666666666666,0.4325153374233129,0.3617021276595745,0.3642857142857142,0.4509803921568627,0.3181818181818182,0.5714285714285714,0.0454545454545454,1.0,1.0,0.3181818181818182,0.15,0.6666666666666666,0.025,0.575,0.5950920245398773,0.3642857142857142,0.5157077881619938,0.53984,0.5065202702702702,0.1357340720221606,0.2227488151658767,0.0623556581986143,0.1316397228637413,9.49774011299435,26.983892617449666,0.1489177489177489,,1.0,7.0,7.0,2.0,9.0,3.0,1.0,1.0,2.0,13.0,1.0,1.0,,0.2916666666666667,0.053763440860215,0.0125786163522012,0.25,0.1428571428571428,,,0.3043478260869565,1.0,1.0,,2.0,0.0067114093959731,0.0070921985815602,0.056338028169014,0.0133333333333333,,1.0,,,2.0,1.0,,,,False,,,
1629655,1610612742,Daniel Gafford,Daniel Gafford,1629655,DAL,44569.0,743,54.0,1531,1529,284.0,237,181,3060,142.0,198.0,36.0,56.0,23.0,34.0,27.0,43.0,,,,,,,,,,,,169.0,241,,,66.0,404.0,1771,43.0,64.0,,,23.0,109.0,25.0,40.0,,21.0,71.0,252.0,86.0,,,60.0,,,18.0,33.0,13.0,46.0,11.0,2.0,17.0,7.0,9.0,105.0,27.0,71.0,1.0,71.0,69.0,11.0,151.0,99.0,250.0,15.0,5.0,15.0,2.0,6.0,22.0,9.0,37.0,5.0,49.0,77.0,5.0,5.0,85.0,12.0,3.0,96.0,44.0,9.0,53.0,39.0,14.0,58.0,30.0,71.0,283.0,1.0,9.0,0.7455621301775148,0.9064748201438848,,,,,0.7012448132780082,0.671875,0.625,0.7012448132780082,0.671875,0.625,0.7163120567375887,0.689873417721519,0.6574074074074074,,0.0746887966804979,0.0707070707070707,18.333333333333336,0.4054054054054054,0.34375,0.0256410256410256,0.1589861751152073,0.1955922865013774,0.2028571428571428,0.0891089108910891,0.1785714285714285,0.1471471471471471,0.2283464566929134,0.2048192771084337,0.1142857142857142,0.0972222222222222,0.1277777777777777,0.185,0.1666666666666666,0.2129277566539923,0.1724137931034483,0.5172413793103449,0.8215767634854771,0.7171717171717171,0.7717391304347826,0.7464788732394366,0.1784232365145228,0.627906976744186,0.6923076923076923,0.7407407407407407,,,,,,,,,,,,,0.875,0.6428571428571429,,,,,0.85,0.6764705882352942,,,0.8215767634854771,,0.6233294605809129,0.6214555555555556,0.6253600000000001,0.1611721611721611,0.1611721611721611,0.2698019801980198,0.1757425742574257,2.4680497925311204,,0.1854996734160679,,,,,18.0,10.0,4.0,,3.0,8.0,12.0,5.0,1.0,7.0,,0.0930232558139534,0.3333333333333333,0.1666666666666666,,,,,,,,,,,0.0689655172413793,,5.0,,1.0,,1.0,,,,3.0,False,1.0,4.0,1.0
202681,1610612742,Kyrie Irving,Kyrie Irving,202681,DAL,77853.0,1298,109.0,2664,2651,458.0,435,311,5315,96.0,144.0,12.0,17.0,15.0,24.0,94.0,207.0,32.0,76.0,22.0,48.0,4.0,11.0,7.0,77.0,199.0,15.0,30.0,222.0,427,99.0,247.0,133.0,874.0,3034,24.0,35.0,13.0,26.0,12.0,99.0,35.0,70.0,37.0,27.0,127.0,146.0,298.0,204.0,93.0,12.0,199.0,77.0,23.0,106.0,54.0,160.0,39.0,15.0,61.0,36.0,9.0,374.0,19.0,28.0,,60.0,61.0,4.0,125.0,47.0,172.0,46.0,16.0,48.0,10.0,29.0,25.0,19.0,73.0,12.0,31.0,68.0,2.0,4.0,114.0,4.0,1.0,147.0,62.0,10.0,16.0,5.0,11.0,17.0,11.0,127.0,451.0,3.0,5.0,0.3288288288288288,0.3379629629629629,0.6868686868686869,0.4008097165991903,0.5,0.4008097165991903,0.5199063231850117,0.6857142857142857,0.5,0.5497032640949555,0.7131147540983607,0.4672897196261682,0.5897959183673469,0.7388059701492538,0.525,0.3664688427299703,0.0538641686182669,0.0555555555555555,26.666666666666668,0.6575342465753424,0.0655737704918032,,0.0885341074020319,0.0436817472698908,0.101010101010101,0.0322033898305084,0.0943102104442712,0.0381803411860276,0.046875,0.0492307692307692,0.0241935483870967,0.0372093023255813,0.0694980694980695,0.1005917159763313,0.0978260869565217,0.1126760563380281,0.0714285714285714,0.6470588235294118,0.2136498516320474,0.6666666666666666,0.7058823529411765,0.4375,0.3071216617210682,0.4541062801932367,0.4870466321243523,0.2659574468085106,0.1127596439169139,0.4210526315789473,0.4266666666666667,0.1875,0.0712166172106825,0.4583333333333333,0.4782608695652174,0.9090909090909092,0.2952522255192878,0.3869346733668342,0.3948717948717948,0.6233766233766234,0.2786885245901639,0.7058823529411765,0.180327868852459,0.3636363636363636,1.0,0.2459016393442623,0.2242990654205607,0.625,0.0654205607476635,0.2803738317757009,0.5801186943620178,0.3869346733668342,0.5178558605341246,0.5272228571428572,0.4898009345794393,0.0924137931034482,0.1310782241014799,0.1132723112128146,0.1453089244851258,7.866042154566745,25.682995951417,0.1719219219219219,2.0,9.0,8.0,10.0,20.0,30.0,5.0,,2.0,4.0,16.0,1.0,,,0.2702702702702703,0.0676328502415458,0.0626959247648902,0.4166666666666667,0.6,0.4444444444444444,0.2857142857142857,0.2666666666666666,,6.0,8.0,5.0,0.0242914979757085,0.0201005025125628,0.01875,0.0198412698412698,1.0,,,,2.0,,0.0131578947368421,0.0416666666666666,,False,1.0,1.0,
1641726,1610612742,Dereck Lively II,Dereck Lively II,1641726,DAL,29037.0,484,43.0,993,991,160.0,183,122,1984,56.0,73.0,17.0,19.0,5.0,10.0,20.0,35.0,,,,,,,,,,,,76.0,108,,,27.0,179.0,1093,20.0,23.0,,,3.0,43.0,5.0,14.0,,6.0,16.0,122.0,30.0,,,22.0,,,13.0,25.0,27.0,52.0,25.0,2.0,16.0,5.0,4.0,131.0,24.0,34.0,3.0,41.0,40.0,5.0,86.0,61.0,147.0,12.0,8.0,12.0,3.0,6.0,12.0,6.0,24.0,3.0,32.0,54.0,7.0,7.0,31.0,3.0,,43.0,21.0,3.0,36.0,18.0,18.0,36.0,19.0,16.0,158.0,4.0,3.0,0.8026315789473685,0.9384615384615383,,,,,0.7037037037037037,0.8695652173913043,0.3571428571428571,0.7037037037037037,0.8695652173913043,0.3571428571428571,0.7047244094488189,0.86,0.4210526315789473,,0.1203703703703703,0.1095890410958904,13.315696649029984,0.5,0.2631578947368421,0.1363636363636363,0.1666666666666666,0.1428571428571428,0.1798245614035087,0.105726872246696,0.173076923076923,0.1247311827956989,0.125,0.1764705882352941,0.0526315789473684,0.1176470588235294,0.15,0.2131147540983606,0.0526315789473684,0.1568627450980392,0.2266666666666666,0.5277777777777778,0.6759259259259259,0.7671232876712328,0.8615384615384616,0.8035714285714286,0.324074074074074,0.5714285714285714,0.6666666666666666,0.8,,,,,,,,,,,,,0.8260869565217391,0.8947368421052632,,,,,0.7142857142857143,0.5,,,0.6759259259259259,,0.5918750000000002,0.604778947368421,0.6161500000000001,0.1693548387096774,0.1693548387096774,0.2402234636871508,0.0893854748603352,3.200925925925926,,0.161127895266868,,,,,4.0,4.0,,1.0,1.0,6.0,5.0,,,3.0,,0.1428571428571428,0.2105263157894736,0.4117647058823529,,,,,,,,,,,0.0701754385964912,,,,,,,,,,3.0,False,,,
203915,1610612742,Spencer Dinwiddie,Spencer Dinwiddie,203915,DAL,92710.0,1545,-168.0,3187,3201,608.0,664,315,6388,55.0,93.0,4.0,5.0,9.0,17.0,69.0,147.0,14.0,28.0,18.0,43.0,2.0,5.0,6.0,57.0,185.0,12.0,42.0,138.0,268,75.0,228.0,124.0,625.0,3765,8.0,16.0,6.0,17.0,2.0,36.0,19.0,47.0,48.0,31.0,123.0,66.0,210.0,117.0,108.0,4.0,185.0,57.0,14.0,167.0,98.0,265.0,57.0,41.0,104.0,54.0,9.0,628.0,3.0,8.0,,72.0,69.0,,141.0,11.0,152.0,56.0,42.0,37.0,17.0,28.0,32.0,9.0,69.0,12.0,48.0,83.0,6.0,5.0,137.0,,16.0,160.0,77.0,5.0,9.0,6.0,3.0,11.0,4.0,121.0,603.0,6.0,4.0,0.2391304347826087,0.2426470588235294,0.52,0.3289473684210526,0.3529411764705882,0.3289473684210526,0.5149253731343284,0.5,0.4042553191489361,0.5050403225806451,0.5151515151515151,0.4842105263157895,0.5551601423487544,0.5294117647058824,0.5540540540540541,0.4596774193548387,0.0522388059701492,0.064516129032258,17.76463963963964,0.5362318840579711,,,0.0822407628128724,0.0107095046854083,0.110091743119266,0.0044247787610619,0.0944407233757535,0.007719298245614,0.0042372881355932,0.0128205128205128,0.0165289256198347,0.0021186440677966,0.0652173913043478,0.0780856423173803,0.1416666666666666,0.1075050709939148,0.1180124223602484,0.3636363636363636,0.1875,0.5913978494623656,0.632183908045977,0.2545454545454545,0.2963709677419355,0.4693877551020408,0.4928571428571429,0.2463768115942029,0.0564516129032258,0.5,0.5185185185185185,0.1428571428571428,0.0866935483870967,0.4186046511627907,0.4390243902439024,0.6666666666666666,0.3729838709677419,0.3081081081081081,0.3081081081081081,0.4736842105263157,0.1515151515151515,0.8,0.1515151515151515,0.4,0.5,0.3636363636363636,0.1789473684210526,0.5294117647058824,0.0631578947368421,0.4421052631578947,0.6471774193548387,0.3081081081081081,0.5141462886597941,0.4848152173913043,0.4938622340425532,0.1490125673249551,0.2369230769230769,0.0576,0.1968,7.05074626865672,25.480263157894736,0.1907750235331032,2.0,4.0,16.0,18.0,5.0,14.0,2.0,1.0,3.0,6.0,20.0,2.0,,,0.375,0.0476190476190476,0.0192307692307692,,0.3333333333333333,0.5,0.3333333333333333,0.3809523809523809,,2.0,2.0,6.0,0.0087719298245614,,0.0097087378640776,0.0258620689655172,2.0,,,,,2.0,0.0357142857142857,0.0465116279069767,,False,,2.0,
202691,1610612742,Klay Thompson,Klay Thompson,202691,DAL,98226.0,1637,-85.0,3355,3356,391.0,385,373,6711,42.0,61.0,6.0,10.0,2.0,3.0,38.0,99.0,50.0,118.0,50.0,121.0,4.0,22.0,10.0,131.0,337.0,38.0,33.0,130.0,278,181.0,458.0,60.0,863.0,3934,15.0,25.0,23.0,60.0,,99.0,11.0,21.0,43.0,19.0,104.0,184.0,76.0,510.0,33.0,8.0,337.0,131.0,14.0,82.0,38.0,120.0,26.0,12.0,56.0,23.0,3.0,278.0,19.0,21.0,,77.0,88.0,8.0,173.0,40.0,213.0,38.0,28.0,48.0,5.0,38.0,25.0,10.0,73.0,5.0,38.0,66.0,3.0,3.0,42.0,1.0,1.0,65.0,20.0,7.0,22.0,8.0,13.0,23.0,16.0,99.0,383.0,2.0,4.0,0.7076923076923077,0.7301587301587301,0.9392265193370166,0.3951965065502183,0.3833333333333333,0.3951965065502183,0.4676258992805755,0.6,0.5238095238095238,0.545516304347826,0.5823529411764706,0.6640625,0.5631578947368421,0.5823529411764706,0.7027027027027027,0.6222826086956522,0.0503597122302158,0.0327868852459016,22.06622516556292,0.6575342465753424,0.1159420289855072,,0.0986547085201793,0.025830258302583,0.1046195652173913,0.0241730279898218,0.1013513513513513,0.0250156347717323,0.0458333333333333,0.0192307692307692,0.0127388535031847,0.0206185567010309,0.0818181818181818,0.1035294117647058,0.1240875912408759,0.0909090909090909,0.1394230769230769,0.6956521739130435,0.0828804347826086,0.6885245901639344,0.711864406779661,0.7142857142857143,0.1345108695652173,0.3838383838383838,0.4222222222222222,0.6578947368421053,0.1603260869565217,0.423728813559322,0.4347826086956521,0.74,0.1644021739130435,0.4132231404958678,0.4166666666666667,0.98,0.4578804347826087,0.3887240356083086,0.3922155688622754,0.9236641221374046,0.1176470588235294,0.6,0.2588235294117647,0.1818181818181818,0.75,0.4470588235294118,0.046875,0.6666666666666666,0.15625,0.515625,0.7051630434782609,0.3887240356083086,0.5281446896551724,0.5512840425531915,0.50690234375,0.0305444887118193,0.0684931506849315,0.1147161066048667,0.1205098493626883,11.61402877697842,25.125382932166296,0.1165424739195231,5.0,19.0,16.0,21.0,7.0,10.0,4.0,1.0,7.0,8.0,6.0,1.0,1.0,,0.4883720930232558,0.0909090909090909,0.0173267326732673,0.3333333333333333,0.5,0.8947368421052632,0.5,0.4848484848484848,,4.0,8.0,3.0,0.0087336244541484,0.0089020771513353,0.034313725490196,0.0065075921908893,2.0,1.0,1.0,,,,0.0254237288135593,0.0082644628099173,,False,,,
203939,1610612742,Dwight Powell,Dwight Powell,203939,DAL,23818.0,397,-16.0,823,817,212.0,192,95,1640,31.0,40.0,6.0,8.0,4.0,5.0,3.0,6.0,,,1.0,2.0,1.0,1.0,1.0,,1.0,,,34.0,46,1.0,3.0,20.0,91.0,939,6.0,9.0,1.0,1.0,3.0,18.0,4.0,5.0,1.0,6.0,14.0,52.0,16.0,3.0,,12.0,1.0,,4.0,31.0,10.0,41.0,8.0,2.0,14.0,12.0,5.0,92.0,14.0,20.0,,23.0,26.0,,49.0,34.0,83.0,10.0,6.0,6.0,,4.0,8.0,2.0,14.0,3.0,36.0,55.0,6.0,6.0,33.0,6.0,3.0,29.0,13.0,2.0,10.0,4.0,6.0,11.0,7.0,14.0,212.0,2.0,2.0,0.7647058823529411,0.9285714285714286,1.0,0.3333333333333333,1.0,0.3333333333333333,0.7391304347826086,0.6666666666666666,0.8,0.7244897959183674,0.75,0.6666666666666666,0.7459016393442623,0.75,0.7777777777777778,0.0612244897959183,0.0869565217391304,0.05,8.047210300429184,0.4285714285714285,,,0.1313131313131313,0.1025641025641025,0.1385542168674698,0.075268817204301,0.1346153846153846,0.0892388451443569,0.1212121212121212,0.0833333333333333,0.1212121212121212,0.0634920634920634,0.1830985915492957,0.1176470588235294,0.0714285714285714,0.1428571428571428,0.1276595744680851,0.6363636363636364,0.8163265306122449,0.775,0.8157894736842105,0.7419354838709677,0.1224489795918367,0.5,0.75,1.0,,,,,0.0408163265306122,0.5,0.5,1.0,0.0204081632653061,,,,0.8,0.75,0.1,1.0,1.0,,0.8333333333333334,0.8,0.1666666666666666,,0.8775510204081632,,0.6468148936170214,0.5999916666666666,0.5872833333333333,0.2203389830508474,0.2321428571428571,0.1978021978021978,0.1538461538461538,2.130434782608696,23.666666666666668,0.2575941676792223,,,,,1.0,4.0,,1.0,,,3.0,1.0,,,,0.3333333333333333,0.1111111111111111,,,,,,,,,,,,0.1,,1.0,,,,2.0,,,,,False,,1.0,
1630230,1610612742,Naji Marshall,Naji Marshall,1630230,DAL,90541.0,1509,-124.0,3127,3139,675.0,667,313,6266,120.0,169.0,22.0,29.0,37.0,54.0,108.0,198.0,13.0,16.0,25.0,77.0,3.0,7.0,19.0,17.0,85.0,5.0,20.0,241.0,383,42.0,162.0,104.0,712.0,3701,34.0,47.0,4.0,12.0,5.0,85.0,64.0,94.0,39.0,45.0,203.0,234.0,248.0,126.0,,30.0,78.0,17.0,21.0,93.0,69.0,162.0,51.0,18.0,60.0,21.0,12.0,393.0,39.0,24.0,1.0,114.0,92.0,12.0,218.0,64.0,282.0,58.0,30.0,58.0,10.0,34.0,30.0,24.0,88.0,28.0,42.0,86.0,8.0,5.0,99.0,3.0,1.0,131.0,65.0,8.0,10.0,6.0,4.0,10.0,4.0,197.0,664.0,10.0,3.0,0.4854771784232365,0.5176991150442478,1.0,0.2592592592592592,0.3333333333333333,0.2709677419354839,0.6292428198433421,0.723404255319149,0.6808510638297872,0.5577981651376147,0.6779661016949152,0.5939849624060151,0.5903814262023217,0.6746031746031746,0.634375,0.2972477064220183,0.0548302872062663,0.0710059171597633,19.84469370146678,0.6590909090909091,0.1690140845070422,0.0125,0.119325551232166,0.0324324324324324,0.1654571843251088,0.0625,0.1410958904109589,0.0461876832844574,0.0303030303030303,0.032994923857868,0.0347826086956521,0.0697167755991285,0.0912280701754386,0.119047619047619,0.1944444444444444,0.1789264413518886,0.1290322580645161,0.4,0.3100917431192661,0.7100591715976331,0.7643312101910829,0.575,0.363302752293578,0.5454545454545454,0.5714285714285714,0.3611111111111111,0.0293577981651376,0.8125,0.8125,0.6923076923076923,0.1412844036697247,0.3246753246753247,0.3289473684210526,1.0,0.1559633027522936,0.2,0.2023809523809523,1.0,0.4915254237288136,0.7586206896551724,0.1186440677966101,0.4285714285714285,1.0,0.0847457627118644,0.4060150375939849,0.6851851851851852,0.1428571428571428,0.150375939849624,0.6073394495412844,0.2179487179487179,0.5405941520467835,0.5566725806451612,0.5567919354838708,0.1092436974789916,0.1501154734411085,0.1193820224719101,0.2851123595505618,5.761879895561358,25.83888888888889,0.2158618484170131,7.0,1.0,3.0,10.0,10.0,28.0,9.0,,5.0,6.0,15.0,,,1.0,0.2564102564102564,0.0454545454545454,0.0442477876106194,0.3181818181818182,0.2,1.0,0.3684210526315789,0.15,7.0,2.0,1.0,,0.0123456790123456,0.0117647058823529,0.0424242424242424,,1.0,,,,1.0,,,0.0129870129870129,,False,2.0,,
1630314,1610612742,Brandon Williams,Brandon Williams,1630314,DAL,23925.0,399,27.0,850,846,245.0,210,72,1696,40.0,64.0,1.0,2.0,5.0,13.0,18.0,38.0,5.0,10.0,5.0,11.0,,,,14.0,40.0,3.0,15.0,63.0,112,19.0,51.0,48.0,231.0,934,2.0,4.0,2.0,3.0,,10.0,10.0,29.0,15.0,20.0,46.0,34.0,92.0,48.0,9.0,2.0,37.0,14.0,19.0,43.0,23.0,66.0,12.0,11.0,25.0,14.0,4.0,155.0,2.0,7.0,,13.0,23.0,2.0,38.0,9.0,47.0,22.0,12.0,23.0,5.0,16.0,8.0,7.0,31.0,8.0,18.0,23.0,1.0,,47.0,1.0,5.0,54.0,24.0,6.0,2.0,1.0,1.0,3.0,2.0,46.0,243.0,,6.0,0.2698412698412698,0.2741935483870967,0.8421052631578947,0.3725490196078431,0.6666666666666666,0.3958333333333333,0.5625,0.5,0.3448275862068966,0.5613496932515337,0.7142857142857143,0.2954545454545454,0.6176470588235294,0.7142857142857143,0.4259259259259259,0.3128834355828221,0.1696428571428571,0.140625,23.542116630669547,0.7419354838709677,0.1,,0.1133004926108374,0.0334928229665071,0.0687830687830687,0.0127388535031847,0.0918367346938775,0.0245901639344262,0.0779220779220779,0.0101010101010101,,0.009090909090909,0.1046511627906976,0.1111111111111111,0.1481481481481481,0.072463768115942,0.0588235294117647,0.6666666666666666,0.3926380368098159,0.625,0.7272727272727273,0.25,0.2331288343558282,0.4736842105263157,0.6428571428571429,0.3333333333333333,0.0613496932515337,0.5,0.5,0.2,0.0674846625766871,0.4545454545454545,0.4545454545454545,1.0,0.2453987730061349,0.35,0.35,0.7857142857142857,0.2857142857142857,0.5,,,,0.4285714285714285,0.2954545454545454,0.3846153846153846,,0.3409090909090909,0.7055214723926381,0.3783783783783784,0.5425803333333332,0.5633874999999999,0.5112679487179488,0.1325966850828729,0.1846153846153846,0.0432900432900432,0.1991341991341991,5.5098214285714295,27.303999999999995,0.288235294117647,,2.0,2.0,2.0,,10.0,2.0,,,3.0,6.0,1.0,,,0.1333333333333333,0.2631578947368421,,,0.6666666666666666,1.0,,0.1333333333333333,3.0,,,,,,0.0212765957446808,,,,,,,,,,,False,,1.0,
1630702,1610612742,Jaden Hardy,Jaden Hardy,1630702,DAL,34998.0,583,-39.0,1231,1215,331.0,369,117,2446,26.0,50.0,,3.0,6.0,11.0,29.0,66.0,8.0,24.0,12.0,37.0,1.0,3.0,11.0,31.0,86.0,7.0,26.0,63.0,140,43.0,123.0,40.0,295.0,1404,1.0,5.0,6.0,10.0,2.0,22.0,13.0,33.0,37.0,14.0,76.0,40.0,86.0,102.0,27.0,,85.0,31.0,15.0,35.0,18.0,53.0,12.0,6.0,22.0,11.0,2.0,124.0,3.0,3.0,,24.0,23.0,2.0,49.0,6.0,55.0,16.0,9.0,38.0,4.0,15.0,22.0,23.0,60.0,17.0,26.0,55.0,5.0,4.0,45.0,,5.0,56.0,25.0,5.0,3.0,1.0,2.0,3.0,2.0,75.0,330.0,6.0,3.0,0.3174603174603174,0.3174603174603174,0.7906976744186046,0.3495934959349593,0.6,0.3524590163934426,0.45,0.2,0.3939393939393939,0.4847908745247148,0.6666666666666666,0.4428571428571428,0.5086505190311419,0.6875,0.4934210526315789,0.467680608365019,0.1071428571428571,0.16,25.438596491228072,0.6333333333333333,0.0769230769230769,,0.082437275985663,0.0101694915254237,0.0857142857142857,0.0135135135135135,0.0840787119856887,0.011605415860735,,0.0137931034482758,0.0204081632653061,0.0127388535031847,0.1287128712871287,0.0588235294117647,0.0476190476190476,0.0972222222222222,0.046875,0.6666666666666666,0.1901140684410646,0.52,0.6190476190476191,0.3846153846153846,0.2509505703422053,0.4393939393939394,0.4915254237288136,0.3448275862068966,0.091254752851711,0.3333333333333333,0.3333333333333333,,0.1406844106463878,0.3243243243243243,0.3243243243243243,1.0,0.3269961977186312,0.3604651162790697,0.3604651162790697,0.7096774193548387,0.2,,0.2,0.3333333333333333,1.0,0.4666666666666667,0.1571428571428571,0.5454545454545454,0.1571428571428571,0.3714285714285714,0.6577946768060836,0.3647058823529411,0.5191385375494071,0.551538888888889,0.4976507246376811,0.0880281690140845,0.15527950310559,0.0745762711864406,0.2576271186440678,7.882857142857143,25.16747967479675,0.2688870836718115,3.0,5.0,9.0,12.0,1.0,7.0,6.0,1.0,4.0,2.0,4.0,,,,0.3243243243243243,0.106060606060606,0.0072992700729927,,0.7142857142857143,1.0,0.2727272727272727,0.3461538461538461,1.0,,1.0,,,,0.0153846153846153,,2.0,,,,2.0,,,,,False,,,
1641789,1610612742,Jazian Gortman,Jazian Gortman,1641789,DAL,2682.0,45,21.0,104,103,43.0,57,11,207,2.0,3.0,,,2.0,3.0,1.0,5.0,1.0,1.0,2.0,5.0,,1.0,3.0,2.0,6.0,,1.0,4.0,9,4.0,11.0,1.0,21.0,95,,,,1.0,,,4.0,6.0,4.0,1.0,12.0,2.0,6.0,9.0,3.0,,6.0,2.0,,3.0,1.0,4.0,1.0,,2.0,,1.0,9.0,1.0,,,,4.0,,4.0,1.0,5.0,2.0,1.0,2.0,,1.0,2.0,1.0,4.0,3.0,3.0,8.0,,,1.0,,,2.0,,1.0,1.0,,1.0,1.0,,12.0,43.0,,,0.25,0.25,0.75,0.3636363636363636,,0.3636363636363636,0.4444444444444444,,0.6666666666666666,0.5,,0.55,0.5,,0.5454545454545454,0.55,,,21.55172413793104,0.5,,,0.1111111111111111,,,0.0434782608695652,0.0784313725490196,0.0227272727272727,,,,0.0625,0.0666666666666666,0.1428571428571428,0.1428571428571428,,,,0.15,0.6666666666666666,0.6666666666666666,,0.25,0.2,0.2,,0.05,1.0,1.0,1.0,0.25,0.4,0.4,1.0,0.3,0.3333333333333333,0.3333333333333333,0.5,,,1.0,,,,0.3,0.6666666666666666,0.3,0.1,0.7,0.3333333333333333,0.5189524999999999,0.44745,0.5340400000000001,,,,0.5714285714285714,8.444444444444445,24.21818181818181,0.4134615384615384,1.0,,,1.0,,1.0,1.0,,1.0,,,,,,0.25,,,,,,0.3333333333333333,,,,,,,,,,,,,,,,,,,False,,,
1630556,1610612742,Kessler Edwards,Kessler Edwards,1630556,DAL,32525.0,542,-149.0,1130,1134,189.0,184,97,2264,30.0,46.0,7.0,11.0,3.0,5.0,12.0,28.0,1.0,4.0,8.0,24.0,1.0,4.0,3.0,12.0,23.0,2.0,3.0,43.0,78,20.0,47.0,10.0,156.0,1412,8.0,15.0,2.0,6.0,2.0,24.0,4.0,7.0,6.0,4.0,18.0,74.0,12.0,60.0,,4.0,23.0,12.0,6.0,16.0,22.0,38.0,15.0,7.0,7.0,7.0,2.0,98.0,8.0,11.0,,32.0,40.0,6.0,78.0,19.0,97.0,17.0,10.0,8.0,2.0,5.0,7.0,3.0,15.0,5.0,37.0,57.0,2.0,1.0,14.0,2.0,1.0,11.0,5.0,1.0,16.0,7.0,8.0,18.0,8.0,18.0,185.0,3.0,1.0,0.8604651162790697,0.902439024390244,1.0,0.425531914893617,0.3333333333333333,0.425531914893617,0.5512820512820513,0.5333333333333333,0.5714285714285714,0.584,0.5238095238095238,0.5384615384615384,0.6,0.5454545454545454,0.6,0.376,0.0769230769230769,0.108695652173913,11.759935117599351,0.5333333333333333,0.24,,0.1413427561837456,0.0418250950570342,0.1488372093023255,0.0334728033472803,0.144578313253012,0.0378486055776892,0.0481927710843373,0.0465116279069767,0.0196078431372549,0.0220994475138121,0.1166666666666666,0.1627906976744186,0.1470588235294117,0.1528662420382165,0.1379310344827586,0.4444444444444444,0.368,0.6521739130434783,0.7317073170731707,0.8333333333333334,0.224,0.4285714285714285,0.4444444444444444,0.9166666666666666,0.032,0.25,0.25,1.0,0.192,0.3333333333333333,0.3333333333333333,1.0,0.184,0.5217391304347826,0.5217391304347826,1.0,0.5238095238095238,0.6363636363636364,0.1904761904761904,0.25,1.0,0.0952380952380952,0.3846153846153846,0.6,0.2307692307692307,0.2307692307692307,0.744,0.5217391304347826,0.5575675999999999,0.6025,0.5384769230769231,0.0387596899224806,0.0609756097560975,0.1538461538461538,0.1153846153846153,4.76025641025641,24.43617021276595,0.1672566371681416,,1.0,2.0,2.0,2.0,7.0,1.0,1.0,2.0,1.0,1.0,2.0,,1.0,0.3333333333333333,0.0357142857142857,0.0363636363636363,0.5714285714285714,0.5,1.0,,0.6666666666666666,,,,,,,0.0689655172413793,,,1.0,,,,,,,,False,,2.0,
1641765,1610612742,Olivier-Maxence Prosper,Olivier-Maxence Prosper,1641765,DAL,23240.0,387,-72.0,809,819,177.0,176,76,1628,29.0,46.0,6.0,11.0,7.0,10.0,9.0,30.0,2.0,10.0,6.0,25.0,,4.0,5.0,2.0,6.0,,1.0,40.0,86,8.0,31.0,40.0,144.0,917,6.0,15.0,,4.0,5.0,17.0,9.0,15.0,6.0,12.0,33.0,46.0,34.0,24.0,,8.0,6.0,2.0,12.0,16.0,15.0,31.0,9.0,6.0,7.0,4.0,5.0,77.0,18.0,9.0,1.0,16.0,34.0,7.0,57.0,28.0,85.0,20.0,13.0,3.0,3.0,2.0,7.0,1.0,10.0,1.0,10.0,19.0,1.0,1.0,39.0,4.0,2.0,58.0,29.0,2.0,3.0,3.0,,3.0,2.0,33.0,176.0,1.0,2.0,0.575,0.6388888888888888,1.0,0.2580645161290322,,0.2580645161290322,0.4651162790697674,0.4,0.6,0.4444444444444444,0.3157894736842105,0.5,0.5,0.3863636363636363,0.55,0.2649572649572649,0.1395348837209302,0.1304347826086956,17.16833890746934,0.3,0.3333333333333333,0.05,0.160377358490566,0.0439024390243902,0.0981595092024539,0.0994475138121546,0.1333333333333333,0.0699481865284974,0.0845070422535211,0.0212765957446808,0.025,0.0991735537190082,0.1234567901234567,0.1612903225806451,0.2368421052631578,0.0952380952380952,0.1081081081081081,0.6666666666666666,0.3931623931623931,0.6304347826086957,0.725,0.6206896551724138,0.2564102564102564,0.3,0.375,0.3333333333333333,0.0854700854700854,0.2,0.2,1.0,0.2136752136752136,0.24,0.24,1.0,0.0512820512820512,0.3333333333333333,0.3333333333333333,1.0,0.5789473684210527,0.5454545454545454,0.2105263157894736,,,,0.4761904761904761,0.7,0.238095238095238,0.0476190476190476,0.6581196581196581,0.3333333333333333,0.5598641025641025,0.601,0.623647619047619,0.204225352112676,0.2612612612612612,0.1180555555555555,0.2291666666666666,5.309302325581395,23.696774193548386,0.2187886279357231,1.0,,,1.0,2.0,7.0,,,2.0,2.0,4.0,,,2.0,0.1666666666666666,0.2,0.0350877192982456,0.3333333333333333,,,0.2,,,,,,,,0.1,,1.0,,,,,,,,,False,,,
1628997,1610612742,Caleb Martin,Caleb Martin,1628997,DAL,12684.0,211,-23.0,436,437,119.0,93,35,873,12.0,19.0,3.0,3.0,3.0,5.0,3.0,12.0,2.0,6.0,1.0,7.0,,1.0,1.0,1.0,4.0,,,17.0,37,2.0,11.0,12.0,52.0,518,3.0,3.0,,1.0,,6.0,5.0,9.0,1.0,4.0,14.0,8.0,26.0,6.0,,4.0,4.0,1.0,3.0,10.0,11.0,21.0,6.0,5.0,6.0,3.0,1.0,53.0,1.0,4.0,,13.0,13.0,,26.0,5.0,31.0,8.0,7.0,3.0,2.0,,6.0,3.0,9.0,1.0,12.0,18.0,1.0,2.0,16.0,,1.0,18.0,10.0,,3.0,2.0,1.0,3.0,2.0,14.0,117.0,,,0.2352941176470588,0.2666666666666666,1.0,0.1818181818181818,,0.1818181818181818,0.4594594594594595,1.0,0.5555555555555556,0.4166666666666667,0.75,0.5,0.4642857142857143,0.75,0.5384615384615384,0.2291666666666666,0.081081081081081,0.0526315789473684,13.71308016877637,0.3333333333333333,,,0.1120689655172413,0.0392156862745098,0.1413043478260869,0.0126582278481012,0.125,0.0276243093922651,0.032258064516129,0.0357142857142857,0.0666666666666666,0.0181818181818181,0.1395348837209302,0.1166666666666666,,0.123076923076923,0.1851851851851851,0.6666666666666666,0.3958333333333333,0.631578947368421,0.6666666666666666,0.3333333333333333,0.25,0.25,0.3,,0.125,0.3333333333333333,0.3333333333333333,,0.1458333333333333,0.1428571428571428,0.1428571428571428,1.0,0.0833333333333333,0.25,0.25,1.0,0.75,1.0,0.25,,,,0.5,0.6,0.1,,0.625,0.25,0.5649531249999998,0.657325,0.5783799999999999,0.1785714285714285,0.2222222222222222,0.1153846153846153,0.2692307692307692,6.302702702702704,24.118181818181814,0.2729357798165137,,,,,2.0,1.0,,1.0,,,2.0,,,,,0.1666666666666666,0.0769230769230769,,,,,,,,,,,,,,,,,,3.0,,,,,False,1.0,,
203076,1610612742,Anthony Davis,Anthony Davis,203076,DAL,12131.0,202,-7.0,413,406,58.0,88,37,819,20.0,32.0,3.0,4.0,1.0,5.0,14.0,38.0,15.0,28.0,1.0,1.0,,,,5.0,22.0,,5.0,49.0,98,6.0,23.0,28.0,144.0,473,4.0,10.0,,,3.0,11.0,3.0,9.0,5.0,6.0,21.0,62.0,36.0,9.0,9.0,6.0,22.0,5.0,2.0,17.0,7.0,24.0,5.0,2.0,14.0,2.0,1.0,55.0,4.0,6.0,,24.0,32.0,1.0,57.0,10.0,67.0,5.0,1.0,8.0,2.0,6.0,6.0,2.0,14.0,2.0,9.0,13.0,1.0,1.0,32.0,1.0,1.0,41.0,21.0,1.0,12.0,10.0,2.0,12.0,7.0,21.0,57.0,,1.0,0.6326530612244898,0.6739130434782609,0.5,0.2608695652173913,,0.2608695652173913,0.5,0.4,0.3333333333333333,0.4793388429752066,0.4,0.5357142857142857,0.5142857142857142,0.3928571428571428,0.6176470588235294,0.1900826446280991,0.0204081632653061,0.03125,33.84615384615385,0.5714285714285714,0.2,,0.3168316831683168,0.0555555555555555,0.2448979591836734,0.0493827160493827,0.2814070351758794,0.0529100529100529,0.0333333333333333,0.0892857142857142,,0.0545454545454545,0.238095238095238,0.3478260869565217,0.4615384615384615,0.2638888888888889,0.1923076923076923,0.5833333333333334,0.2644628099173554,0.625,0.6451612903225806,0.8,0.3140495867768595,0.3684210526315789,0.3783783783783784,0.5,0.2314049586776859,0.5357142857142857,0.5357142857142857,0.5333333333333333,0.0082644628099173,1.0,1.0,1.0,0.1818181818181818,0.2272727272727272,0.2272727272727272,0.4,0.4,0.75,,,,,0.3571428571428571,0.2,,0.3571428571428571,0.4545454545454545,0.2272727272727272,0.5116359504132231,0.4875375,0.5191142857142858,0.1510791366906475,0.1810344827586207,0.0763888888888889,0.1458333333333333,9.198979591836732,25.56956521739131,0.1404358353510895,,,3.0,3.0,2.0,4.0,3.0,,,,3.0,,,,0.6,0.0263157894736842,0.03125,,,,,0.6,,,,,,,0.0384615384615384,,,,,,,,,,,False,,,
1630539,1610612742,Kai Jones,Kai Jones,1630539,DAL,14047.0,234,6.0,470,481,59.0,67,44,951,45.0,46.0,9.0,10.0,5.0,5.0,8.0,13.0,2.0,5.0,,,,,,1.0,2.0,,,55.0,64,1.0,2.0,13.0,126.0,547,9.0,10.0,,,1.0,19.0,6.0,7.0,,4.0,16.0,86.0,24.0,3.0,,16.0,2.0,1.0,2.0,9.0,4.0,13.0,3.0,1.0,6.0,3.0,,30.0,4.0,19.0,,23.0,21.0,4.0,48.0,23.0,71.0,8.0,3.0,4.0,,3.0,2.0,1.0,6.0,2.0,19.0,27.0,,2.0,15.0,,,18.0,12.0,,10.0,6.0,4.0,10.0,7.0,16.0,59.0,,,0.7818181818181819,0.9148936170212766,1.0,0.5,,0.5,0.859375,0.9,0.8571428571428571,0.8560606060606061,0.9,0.8571428571428571,0.875,0.8636363636363636,1.0,0.0303030303030303,0.03125,0.0217391304347826,15.116279069767442,0.6666666666666666,0.2857142857142857,,0.1666666666666666,0.1637931034482758,0.2346938775510204,0.0493827160493827,0.1964285714285714,0.116751269035533,0.21875,0.1451612903225806,0.1363636363636363,0.0357142857142857,0.1428571428571428,0.1785714285714285,0.1904761904761904,0.225,0.2777777777777778,0.7,0.696969696969697,0.9782608695652174,1.0,0.7777777777777778,0.1969696969696969,0.6153846153846154,0.6666666666666666,0.75,0.0757575757575757,0.4,0.4,1.0,,,,,0.0303030303030303,0.5,0.5,1.0,1.0,0.9,,,,,0.7142857142857143,1.0,,,0.7272727272727273,0.5,0.64906,0.6254875000000001,0.5699,0.1666666666666666,0.1714285714285714,0.1507936507936507,0.1269841269841269,4.043750000000001,26.0,0.125531914893617,,,,,,5.0,,,,,6.0,,,1.0,,0.0769230769230769,,0.1111111111111111,,,,,,,,,,,0.08,,,,,,,,,,1.0,False,,,
1631108,1610612742,Max Christie,Max Christie,1631108,DAL,52569.0,876,-47.0,1812,1820,407.0,384,163,3632,21.0,34.0,3.0,5.0,5.0,8.0,20.0,60.0,16.0,39.0,12.0,36.0,3.0,5.0,6.0,39.0,101.0,11.0,28.0,57.0,133,51.0,137.0,50.0,317.0,2167,4.0,10.0,8.0,16.0,2.0,34.0,10.0,25.0,34.0,28.0,93.0,56.0,58.0,147.0,6.0,4.0,101.0,39.0,18.0,44.0,29.0,73.0,19.0,10.0,27.0,10.0,7.0,175.0,6.0,6.0,,51.0,52.0,6.0,109.0,12.0,121.0,27.0,18.0,24.0,10.0,12.0,16.0,12.0,40.0,8.0,22.0,40.0,2.0,1.0,45.0,5.0,1.0,57.0,21.0,8.0,7.0,3.0,3.0,7.0,5.0,89.0,400.0,4.0,3.0,0.4912280701754385,0.509090909090909,0.9607843137254902,0.3722627737226277,0.5,0.3722627737226277,0.4285714285714285,0.4,0.4,0.4944444444444444,0.6153846153846154,0.5508474576271186,0.5303030303030303,0.6296296296296297,0.6283783783783784,0.5074074074074074,0.1353383458646616,0.1470588235294117,16.650049850448656,0.6,0.1764705882352941,,0.1155555555555555,0.0132450331125827,0.1378378378378378,0.0171919770773638,0.1256097560975609,0.0149625935162094,0.0079365079365079,0.0157480314960629,0.0136986301369863,0.0119047619047619,0.0769230769230769,0.1339285714285714,0.1578947368421052,0.1376811594202898,0.1382978723404255,0.7142857142857143,0.1259259259259259,0.6176470588235294,0.7241379310344828,0.6190476190476191,0.2222222222222222,0.3333333333333333,0.425531914893617,0.45,0.1444444444444444,0.4102564102564102,0.4102564102564102,0.375,0.1333333333333333,0.3333333333333333,0.3333333333333333,1.0,0.374074074074074,0.3861386138613861,0.3939393939393939,0.9487179487179488,0.1923076923076923,0.6,0.1923076923076923,0.6,1.0,0.4230769230769231,0.135593220338983,0.625,0.1016949152542373,0.4745762711864407,0.6333333333333333,0.3861386138613861,0.5161539622641508,0.545175,0.5202439655172415,0.0761245674740484,0.1390728476821192,0.1072555205047318,0.2933753943217665,9.419548872180451,25.205839416058403,0.2246136865342163,2.0,5.0,13.0,15.0,5.0,9.0,2.0,,3.0,2.0,3.0,,,,0.4411764705882353,0.2166666666666666,0.0359712230215827,0.3333333333333333,0.4545454545454545,0.8,0.3333333333333333,0.4642857142857143,,2.0,2.0,1.0,0.0145985401459854,0.0198019801980198,0.0309278350515463,0.0072463768115942,,1.0,,,,,,,1.0,False,1.0,,
203957,1610612742,Danté Exum,Danté Exum,203957,DAL,20363.0,339,-49.0,698,696,122.0,95,65,1394,26.0,40.0,1.0,2.0,2.0,5.0,10.0,29.0,3.0,5.0,9.0,15.0,,,1.0,12.0,31.0,2.0,5.0,39.0,74,21.0,46.0,23.0,164.0,831,1.0,3.0,1.0,2.0,,5.0,3.0,11.0,6.0,6.0,21.0,34.0,44.0,57.0,6.0,,31.0,12.0,12.0,29.0,21.0,50.0,14.0,7.0,16.0,10.0,3.0,121.0,1.0,2.0,,13.0,13.0,,26.0,3.0,29.0,12.0,6.0,10.0,4.0,8.0,8.0,2.0,18.0,2.0,24.0,31.0,,1.0,27.0,,3.0,31.0,14.0,3.0,3.0,3.0,,3.0,1.0,21.0,119.0,,3.0,0.4358974358974359,0.4358974358974359,0.9047619047619048,0.4565217391304347,0.5,0.4565217391304347,0.527027027027027,0.3333333333333333,0.2727272727272727,0.5875,0.5,0.4411764705882353,0.6119402985074627,0.5,0.5,0.3833333333333333,0.1621621621621621,0.175,19.66364812419146,0.5555555555555556,,,0.0714285714285714,0.0111731843575419,0.0935251798561151,0.0068965517241379,0.0809968847352024,0.0092592592592592,,0.0204081632653061,,0.009009009009009,0.0779220779220779,0.074074074074074,0.0416666666666666,0.088235294117647,0.1081081081081081,0.3333333333333333,0.3333333333333333,0.65,0.7878787878787878,0.3846153846153846,0.2416666666666666,0.3448275862068966,0.4166666666666667,0.6,0.0416666666666666,0.6,0.6,0.3333333333333333,0.125,0.6,0.6,1.0,0.2583333333333333,0.3870967741935484,0.3870967741935484,0.8333333333333334,0.4,0.5,,,,0.4,0.2941176470588235,0.4,0.0588235294117647,0.2941176470588235,0.7166666666666667,0.3870967741935484,0.5427183333333334,0.6287,0.5102235294117646,0.1068702290076335,0.1647058823529411,0.0304878048780487,0.1280487804878048,5.464864864864865,25.260869565217387,0.1747851002865329,,1.0,3.0,3.0,,6.0,,,1.0,,3.0,,,,0.5,0.1724137931034483,,1.0,0.5,1.0,,0.6,,,,,,,,,2.0,,,,1.0,,,,,False,,,
1629650,1610612742,Moses Brown,Moses Brown,1629650,DAL,4380.0,73,-3.0,152,155,37.0,20,11,307,18.0,21.0,4.0,4.0,5.0,6.0,3.0,8.0,,,,,,,,,,,,21.0,29,,,5.0,47.0,167,4.0,5.0,,,2.0,10.0,7.0,10.0,,,14.0,28.0,14.0,,,6.0,,,3.0,1.0,1.0,2.0,1.0,,,1.0,,5.0,3.0,5.0,,11.0,12.0,,23.0,8.0,31.0,4.0,3.0,2.0,,2.0,3.0,,5.0,3.0,11.0,11.0,,,5.0,1.0,,6.0,4.0,,3.0,1.0,2.0,3.0,1.0,14.0,35.0,,,0.6666666666666666,0.7777777777777778,,,,,0.7241379310344828,0.8,0.7,0.7241379310344828,0.8,0.7,0.7580645161290323,0.8333333333333334,0.7,,0.1034482758620689,0.0952380952380952,21.686746987951807,0.4,,,0.2448979591836734,0.131578947368421,0.275,0.0967741935483871,0.2584269662921348,0.1159420289855072,0.5714285714285714,,0.1428571428571428,0.1153846153846153,0.2222222222222222,0.2702702702702703,,0.2903225806451613,0.2222222222222222,0.3333333333333333,0.7241379310344828,0.8571428571428571,0.9473684210526316,0.6111111111111112,0.2758620689655172,0.375,0.4285714285714285,1.0,,,,,,,,,,,,,0.8,1.0,,,,,0.6,0.8333333333333334,,,0.7241379310344828,,0.6073448275862069,0.5808,0.5670299999999999,0.1290322580645161,0.1290322580645161,0.2127659574468085,0.2978723404255319,3.0068965517241377,,0.2434210526315789,,,,,,1.0,,,2.0,2.0,2.0,,,,,0.125,,,,,,,,,,,,,,,,,,,,,,,2.0,False,,,
1630283,1610612742,Kylor Kelley,Kylor Kelley,1630283,DAL,2647.0,44,-20.0,91,95,40.0,2,11,186,4.0,5.0,1.0,1.0,2.0,3.0,4.0,4.0,,,,,,,,,,,,8.0,9,,,1.0,17.0,118,3.0,3.0,,,1.0,7.0,2.0,3.0,,1.0,5.0,14.0,2.0,,,,,,,,1.0,1.0,1.0,,,,,3.0,4.0,1.0,,3.0,2.0,1.0,6.0,5.0,11.0,,,1.0,,1.0,,,1.0,,4.0,4.0,,,1.0,1.0,,2.0,,1.0,2.0,1.0,1.0,2.0,1.0,5.0,40.0,,1.0,0.875,0.875,,,,,0.8888888888888888,1.0,0.6666666666666666,0.8888888888888888,1.0,0.6666666666666666,0.85,0.875,0.625,,,,10.576923076923077,1.0,0.3333333333333333,,0.0909090909090909,0.0526315789473684,0.125,0.1666666666666666,0.108695652173913,0.1162790697674418,,0.0714285714285714,,0.1904761904761904,0.0769230769230769,0.1428571428571428,,0.1,0.25,0.5,0.5555555555555556,0.8,0.8,0.75,0.4444444444444444,1.0,1.0,1.0,,,,,,,,,,,,,0.3333333333333333,1.0,,,,,1.0,0.6666666666666666,,,0.5555555555555556,,0.5720777777777778,0.4976,0.7463666666666667,,,0.4117647058823529,0.2941176470588235,3.455555555555556,,0.4395604395604395,,,,,,,,,,,,,,1.0,,,,,,,,,,,,,,,,,,,,,,,,,,False,,,
202693,1610612742,Markieff Morris,Markieff Morris,202693,DAL,1320.0,22,-8.0,53,51,26.0,44,7,104,,1.0,,,,,,,2.0,4.0,,1.0,,,1.0,1.0,7.0,1.0,6.0,2.0,5,1.0,8.0,,7.0,54,1.0,1.0,1.0,1.0,,5.0,2.0,2.0,7.0,,7.0,2.0,2.0,3.0,,,7.0,1.0,,2.0,2.0,4.0,1.0,1.0,1.0,1.0,,10.0,,,,1.0,3.0,2.0,6.0,,6.0,,,,,,,,,,1.0,1.0,,,,,,,,,,,,,,7.0,26.0,,,0.5,0.5,1.0,0.125,1.0,0.125,0.4,1.0,1.0,0.2692307692307692,1.25,0.3888888888888889,0.2692307692307692,1.25,0.3888888888888889,0.6153846153846154,,,21.666666666666668,,0.5,,0.1875,,0.1428571428571428,,0.1739130434782608,,,,,,0.1428571428571428,0.2,0.25,0.25,,,0.0769230769230769,,,,,,,,0.3076923076923077,0.5,0.5,0.5,0.0769230769230769,,,,0.5384615384615384,0.1428571428571428,0.1428571428571428,1.0,,,,,,0.5,,,0.1111111111111111,0.6666666666666666,0.6923076923076923,0.1428571428571428,0.4733115384615385,0.4959,0.480511111111111,,,0.7142857142857143,1.0,16.02,25.2375,0.490566037735849,,1.0,1.0,1.0,,,,,,,,,,,0.1428571428571428,,,,1.0,1.0,,0.1666666666666666,,,,,,,,,,,,,,,,,,False,,,
1626162,1610612755,Kelly Oubre Jr.,Kelly Oubre Jr.,1626162,PHI,19132.0,319,-77.0,649,649,76.0,110,85,1298,43.0,57.0,7.0,11.0,3.0,4.0,16.0,42.0,,3.0,4.0,12.0,,,,3.0,18.0,2.0,2.0,59.0,102,7.0,30.0,24.0,163.0,812,9.0,16.0,,2.0,,18.0,4.0,7.0,2.0,4.0,12.0,66.0,52.0,18.0,3.0,18.0,18.0,3.0,14.0,7.0,6.0,13.0,4.0,2.0,3.0,3.0,1.0,32.0,4.0,12.0,,18.0,10.0,1.0,29.0,16.0,45.0,15.0,1.0,7.0,,6.0,6.0,1.0,13.0,1.0,17.0,30.0,,1.0,27.0,3.0,4.0,28.0,16.0,,5.0,3.0,2.0,5.0,3.0,12.0,75.0,,,0.559322033898305,0.66,0.8571428571428571,0.23333333333333334,,0.23333333333333334,0.5784313725490197,0.5625,0.5714285714285714,0.5265151515151515,0.5,0.4444444444444444,0.5659722222222222,0.5,0.5454545454545454,0.22727272727272727,0.13725490196078433,0.12280701754385964,20.989304812834224,0.5384615384615384,0.25,,0.07692307692307693,0.0718562874251497,0.10714285714285714,0.024390243902439025,0.09395973154362416,0.04833836858006042,0.09722222222222222,0.05194805194805195,0.05555555555555555,0.030534351145038167,0.046875,0.12244897959183673,0.058823529411764705,0.11206896551724138,0.09615384615384616,0.6,0.4318181818181818,0.7543859649122807,0.86,0.627906976744186,0.3181818181818182,0.38095238095238093,0.45714285714285713,0.375,0.022727272727272728,,,,0.09090909090909091,0.3333333333333333,0.3333333333333333,1.0,0.13636363636363635,0.16666666666666666,0.16666666666666666,0.6666666666666666,0.6111111111111112,0.6363636363636364,,,,0.1111111111111111,0.4444444444444444,0.75,,0.2222222222222222,0.6590909090909091,0.16666666666666666,0.5665356060606062,0.55465,0.508661111111111,0.1111111111111111,0.14035087719298245,0.11042944785276074,0.0736196319018405,4.650980392156863,25.166666666666664,0.11710323574730354,,,,,3.0,14.0,2.0,2.0,,,4.0,,,,,0.16666666666666666,0.058823529411764705,,,,,,,,,,,,,,1.0,,,,1.0,,,,,True,,,
1627824,1610612755,Guerschon Yabusele,Guerschon Yabusele,1627824,PHI,25871.0,431,-68.0,865,860,120.0,134,97,1725,34.0,50.0,7.0,9.0,4.0,7.0,4.0,15.0,1.0,3.0,2.0,16.0,,1.0,1.0,20.0,54.0,,5.0,39.0,68,22.0,70.0,24.0,168.0,1083,8.0,14.0,,1.0,1.0,17.0,4.0,8.0,6.0,6.0,20.0,44.0,34.0,66.0,,10.0,53.0,20.0,9.0,23.0,12.0,35.0,5.0,7.0,15.0,6.0,2.0,82.0,15.0,13.0,2.0,22.0,23.0,2.0,47.0,30.0,77.0,15.0,9.0,9.0,3.0,4.0,10.0,5.0,19.0,2.0,16.0,33.0,3.0,2.0,32.0,3.0,,34.0,16.0,2.0,3.0,2.0,1.0,3.0,2.0,20.0,117.0,4.0,2.0,0.5641025641025641,0.6470588235294118,1.0,0.3142857142857143,,0.3188405797101449,0.5735294117647058,0.5714285714285714,0.5,0.5217391304347826,0.5333333333333333,0.5,0.5454545454545454,0.53125,0.5555555555555556,0.5072463768115942,0.1323529411764706,0.12,17.67109295199183,0.47368421052631576,0.11764705882352941,0.09090909090909091,0.11794871794871795,0.07027027027027027,0.10576923076923077,0.06880733944954129,0.11166253101736973,0.06947890818858561,0.1125,0.05128205128205128,,0.07386363636363637,0.08737864077669903,0.16176470588235295,0.125,0.10666666666666667,0.10344827586206896,0.6666666666666666,0.36231884057971014,0.68,0.7727272727272727,0.5882352941176471,0.10869565217391304,0.26666666666666666,0.3333333333333333,0.5,0.021739130434782608,0.3333333333333333,0.3333333333333333,,0.11594202898550725,0.125,0.125,1.0,0.391304347826087,0.37037037037037035,0.37037037037037035,1.0,0.6,0.7777777777777778,0.06666666666666667,,,,0.5,0.5714285714285714,0.07142857142857142,0.35714285714285715,0.8695652173913043,0.37735849056603776,0.5738894160583942,0.591315,0.5825571428571428,0.10526315789473684,0.1951219512195122,0.10119047619047619,0.11904761904761904,3.420588235294118,26.291428571428572,0.13872832369942195,,,2.0,2.0,1.0,6.0,2.0,,2.0,1.0,2.0,,,,0.3333333333333333,0.2,0.014925373134328358,,,,,0.4,1.0,,,,,,0.047619047619047616,,1.0,,,,2.0,,,,,True,,,
1629022,1610612755,Lonnie Walker IV,Lonnie Walker IV,1629022,PHI,11102.0,185,-77.0,368,371,80.0,97,51,739,11.0,14.0,1.0,1.0,3.0,3.0,5.0,11.0,2.0,5.0,,7.0,,1.0,3.0,11.0,37.0,3.0,9.0,18.0,30,11.0,44.0,9.0,78.0,467,2.0,2.0,1.0,4.0,2.0,9.0,3.0,3.0,12.0,3.0,15.0,26.0,10.0,33.0,,,35.0,11.0,4.0,8.0,6.0,14.0,5.0,1.0,8.0,,,34.0,,3.0,,10.0,9.0,,19.0,3.0,22.0,5.0,4.0,4.0,1.0,3.0,4.0,1.0,8.0,4.0,4.0,6.0,,,8.0,1.0,,12.0,5.0,2.0,3.0,2.0,1.0,3.0,2.0,15.0,78.0,1.0,2.0,0.7222222222222222,0.7222222222222222,1.0,0.25,0.25,0.2619047619047619,0.6,1.0,1.0,0.46621621621621623,0.5833333333333334,0.4,0.4936708860759494,0.6428571428571429,0.4411764705882353,0.5945945945945946,0.13333333333333333,0.07142857142857142,20.5188679245283,0.5,,,0.1125,0.03409090909090909,0.11235955056179775,,0.11242603550295859,0.016666666666666666,0.05555555555555555,0.023809523809523808,,,0.13793103448275862,0.10256410256410256,0.08333333333333333,0.09375,0.16,0.6666666666666666,0.1891891891891892,0.7857142857142857,0.8461538461538461,0.8181818181818182,0.14864864864864866,0.45454545454545453,0.625,0.6,0.06756756756756757,0.4,0.4,0.5,0.0945945945945946,,,,0.5,0.2972972972972973,0.3142857142857143,1.0,0.16666666666666666,1.0,0.16666666666666666,,,0.5,0.2,1.0,0.2,0.6,0.7837837837837838,0.3142857142857143,0.5488277777777778,0.5763625,0.5897428571428571,0.06493506493506493,0.15151515151515152,0.11538461538461539,0.19230769230769232,6.483333333333333,27.04318181818182,0.21739130434782608,,1.0,2.0,2.0,1.0,1.0,1.0,,1.0,1.0,2.0,,,,0.16666666666666666,0.2727272727272727,0.02702702702702703,1.0,0.3333333333333333,1.0,,0.2222222222222222,2.0,2.0,,,0.045454545454545456,0.05405405405405406,,,,,,,,,,,,True,,,
1629656,1610612755,Quentin Grimes,Quentin Grimes,1629656,PHI,50430.0,840,-237.0,1710,1708,351.0,403,207,3418,89.0,129.0,11.0,16.0,22.0,28.0,14.0,37.0,19.0,46.0,22.0,39.0,1.0,7.0,12.0,53.0,151.0,12.0,27.0,122.0,212,75.0,190.0,89.0,558.0,2174,14.0,23.0,8.0,19.0,10.0,62.0,32.0,55.0,39.0,31.0,146.0,90.0,154.0,159.0,66.0,14.0,151.0,53.0,20.0,60.0,50.0,110.0,37.0,13.0,42.0,12.0,6.0,270.0,16.0,9.0,1.0,58.0,32.0,3.0,93.0,26.0,119.0,39.0,19.0,46.0,9.0,23.0,25.0,23.0,71.0,17.0,31.0,55.0,3.0,,90.0,2.0,5.0,117.0,40.0,14.0,9.0,5.0,4.0,11.0,4.0,144.0,346.0,7.0,12.0,0.36885245901639346,0.391304347826087,0.7066666666666667,0.39473684210526316,0.42105263157894735,0.39473684210526316,0.5754716981132075,0.6086956521739131,0.5818181818181818,0.5833333333333334,0.6190476190476191,0.6117021276595744,0.6180400890868597,0.6595744680851063,0.6473214285714286,0.472636815920398,0.09433962264150944,0.10852713178294573,26.725025746652932,0.647887323943662,0.10344827586206896,0.02702702702702703,0.0851063829787234,0.022727272727272728,0.14250614250614252,0.03818615751789976,0.11494252873563218,0.03067484662576687,0.030120481927710843,0.024390243902439025,,0.03353658536585366,0.08426966292134831,0.039473684210526314,0.2391304347826087,0.14335664335664336,0.14049586776859505,0.36363636363636365,0.3208955223880597,0.689922480620155,0.7739130434782608,0.4157303370786517,0.09203980099502487,0.3783783783783784,0.45161290322580644,0.35714285714285715,0.11442786069651742,0.41304347826086957,0.41304347826086957,0.15789473684210525,0.09701492537313433,0.5641025641025641,0.5641025641025641,0.8181818181818182,0.3756218905472637,0.3509933774834437,0.3509933774834437,0.660377358490566,0.38095238095238093,0.6875,0.16666666666666666,0.14285714285714285,1.0,0.2857142857142857,0.2978723404255319,0.7857142857142857,0.1276595744680851,0.2872340425531915,0.7935323383084577,0.3509933774834437,0.5680951371571074,0.5182869565217392,0.5634870967741935,0.10599078341013825,0.16666666666666666,0.1111111111111111,0.2616487455197133,6.185849056603773,25.817894736842103,0.20526315789473684,6.0,7.0,11.0,17.0,6.0,20.0,11.0,,3.0,4.0,12.0,2.0,,,0.4358974358974359,0.16216216216216217,0.03333333333333333,0.2727272727272727,0.5833333333333334,0.7142857142857143,0.5,0.4074074074074074,,,5.0,7.0,,,0.054945054945054944,0.030927835051546393,,,,,1.0,2.0,,,,True,1.0,2.0,
1630178,1610612755,Tyrese Maxey,Tyrese Maxey,1630178,PHI,12773.0,213,-75.0,444,443,91.0,129,52,887,15.0,32.0,2.0,4.0,2.0,5.0,4.0,22.0,6.0,9.0,,,,,,13.0,37.0,3.0,13.0,25.0,63,13.0,37.0,23.0,112.0,581,3.0,5.0,2.0,3.0,1.0,13.0,3.0,11.0,13.0,4.0,22.0,26.0,24.0,21.0,18.0,2.0,36.0,13.0,7.0,17.0,16.0,33.0,10.0,6.0,13.0,4.0,,82.0,,1.0,,10.0,4.0,,14.0,1.0,15.0,5.0,3.0,7.0,1.0,3.0,5.0,4.0,12.0,2.0,4.0,10.0,,,20.0,,2.0,25.0,14.0,,2.0,2.0,,2.0,1.0,22.0,90.0,2.0,,0.52,0.5416666666666666,0.5384615384615384,0.35135135135135137,0.6666666666666666,0.3611111111111111,0.3968253968253968,0.6,0.2727272727272727,0.445,0.75,0.375,0.5091743119266054,0.8125,0.4230769230769231,0.37,0.1111111111111111,0.125,24.055666003976143,0.5833333333333334,,,0.04040404040404041,0.009433962264150943,0.10204081632653061,,0.07106598984771574,0.004524886877828055,,0.02631578947368421,,,0.018867924528301886,,0.1875,0.08571428571428572,0.14285714285714285,0.5,0.32,0.46875,0.5357142857142857,0.5333333333333333,0.22,0.18181818181818182,0.21052631578947367,0.25,0.09,0.6666666666666666,0.6666666666666666,0.6666666666666666,,,,,0.37,0.35135135135135137,0.35135135135135137,0.5384615384615384,0.5,0.5,,,,0.375,0.20833333333333334,0.4,,0.5416666666666666,0.69,0.3611111111111111,0.5361898989898989,0.6163500000000001,0.5127934782608695,0.12844036697247707,0.19444444444444445,0.11607142857142858,0.19642857142857142,6.4555555555555575,27.24594594594594,0.20495495495495494,,2.0,4.0,4.0,,2.0,1.0,,,,5.0,,,,0.3076923076923077,0.13636363636363635,,0.5,0.6666666666666666,1.0,,0.3076923076923077,1.0,,2.0,,,,,,,,,,,,,,,True,,,
1630215,1610612755,Jared Butler,Jared Butler,1630215,PHI,19822.0,330,-66.0,682,680,144.0,154,66,1362,16.0,25.0,1.0,1.0,3.0,3.0,14.0,38.0,2.0,5.0,8.0,15.0,1.0,2.0,3.0,8.0,34.0,1.0,4.0,32.0,68,16.0,49.0,18.0,130.0,851,1.0,2.0,1.0,3.0,,5.0,4.0,8.0,7.0,11.0,25.0,18.0,46.0,39.0,9.0,,34.0,8.0,6.0,44.0,24.0,68.0,16.0,8.0,34.0,7.0,3.0,160.0,,2.0,,18.0,12.0,1.0,31.0,2.0,33.0,11.0,5.0,17.0,2.0,14.0,4.0,3.0,21.0,2.0,13.0,24.0,1.0,,17.0,,,23.0,10.0,2.0,3.0,2.0,1.0,3.0,2.0,23.0,140.0,3.0,1.0,0.28125,0.28125,0.8125,0.32653061224489793,0.3333333333333333,0.32653061224489793,0.47058823529411764,0.5,0.5,0.47863247863247865,0.5,0.4666666666666667,0.5078740157480315,0.5,0.5952380952380952,0.4188034188034188,0.08823529411764706,0.16,19.602649006622517,0.8095238095238095,0.058823529411764705,,0.0759493670886076,0.013513513513513514,0.1111111111111111,,0.09375,0.006644518272425249,,0.03278688524590164,,,0.06666666666666667,0.07575757575757576,0.11764705882352941,0.09649122807017543,0.14583333333333334,0.6666666666666666,0.21367521367521367,0.64,0.7619047619047619,0.375,0.3247863247863248,0.3684210526315789,0.3888888888888889,0.21428571428571427,0.042735042735042736,0.4,0.4,,0.1282051282051282,0.5333333333333333,0.5333333333333333,0.875,0.2905982905982906,0.23529411764705882,0.23529411764705882,0.75,0.2,1.0,0.4,0.5,1.0,0.2,0.2,1.0,0.2,0.26666666666666666,0.6324786324786325,0.23529411764705882,0.5362762931034483,0.54373,0.5394821428571428,0.08,0.13157894736842105,0.038461538461538464,0.19230769230769232,6.601470588235294,25.822448979591837,0.21114369501466276,1.0,,1.0,2.0,2.0,6.0,,,2.0,4.0,2.0,,,,0.2857142857142857,0.05263157894736842,0.03225806451612903,,,,0.3333333333333333,0.25,,,1.0,,,,,,,,,,1.0,,,,,True,,,
1642348,1610612755,Justin Edwards,Justin Edwards,1642348,PHI,24727.0,412,-165.0,830,833,162.0,183,101,1663,24.0,36.0,5.0,9.0,5.0,8.0,14.0,28.0,7.0,14.0,6.0,18.0,1.0,4.0,6.0,16.0,42.0,5.0,6.0,45.0,78,22.0,60.0,13.0,169.0,1100,8.0,15.0,2.0,9.0,,22.0,7.0,15.0,12.0,3.0,23.0,46.0,44.0,63.0,3.0,10.0,42.0,16.0,10.0,16.0,8.0,24.0,5.0,3.0,11.0,3.0,2.0,56.0,7.0,9.0,1.0,14.0,16.0,1.0,31.0,17.0,48.0,17.0,12.0,14.0,3.0,6.0,8.0,8.0,22.0,3.0,19.0,32.0,1.0,,15.0,1.0,,17.0,8.0,1.0,8.0,3.0,5.0,8.0,4.0,21.0,160.0,3.0,,0.5111111111111111,0.575,0.9545454545454546,0.36666666666666664,0.2222222222222222,0.36666666666666664,0.5769230769230769,0.5333333333333333,0.4666666666666667,0.5652173913043478,0.4583333333333333,0.37037037037037035,0.5787671232876712,0.4583333333333333,0.4107142857142857,0.43478260869565216,0.1282051282051282,0.1111111111111111,17.815482502651115,0.6363636363636364,0.0625,0.05263157894736842,0.08290155440414508,0.04736842105263158,0.07407407407407407,0.035,0.07853403141361257,0.041025641025641026,0.07042253521126761,0.03614457831325301,0.027777777777777776,0.04487179487179487,0.11956521739130435,0.06578947368421052,,0.046153846153846156,0.13559322033898305,0.5,0.2608695652173913,0.6666666666666666,0.75,0.4166666666666667,0.2028985507246377,0.5,0.5833333333333334,0.5714285714285714,0.10144927536231885,0.5,0.5833333333333334,0.7142857142857143,0.13043478260869565,0.3333333333333333,0.3333333333333333,1.0,0.30434782608695654,0.38095238095238093,0.3902439024390244,0.9375,0.375,0.5555555555555556,0.16666666666666666,0.25,1.0,0.20833333333333334,0.2962962962962963,0.625,0.2222222222222222,0.2222222222222222,0.6956521739130435,0.38095238095238093,0.5544202898550724,0.533990625,0.5351370370370371,0.05517241379310345,0.09411764705882353,0.1301775147928994,0.13609467455621302,6.958974358974358,25.248333333333328,0.19518072289156627,1.0,1.0,1.0,2.0,4.0,5.0,2.0,,2.0,2.0,1.0,,,,0.16666666666666666,0.14285714285714285,0.06896551724137931,0.2,0.2,1.0,0.16666666666666666,0.16666666666666666,,1.0,,,0.016666666666666666,0.023809523809523808,,,,,,,1.0,,0.14285714285714285,,,True,,,1.0
203083,1610612755,Andre Drummond,Andre Drummond,203083,PHI,10046.0,167,-99.0,327,334,34.0,55,52,661,17.0,31.0,8.0,13.0,2.0,4.0,8.0,22.0,1.0,1.0,1.0,2.0,,,,1.0,6.0,,,26.0,54,2.0,8.0,18.0,76.0,449,10.0,17.0,,,8.0,28.0,4.0,7.0,,12.0,20.0,30.0,22.0,6.0,,20.0,6.0,1.0,8.0,8.0,5.0,13.0,3.0,2.0,3.0,2.0,3.0,31.0,13.0,17.0,1.0,22.0,16.0,4.0,42.0,31.0,73.0,5.0,2.0,2.0,2.0,1.0,4.0,1.0,6.0,,14.0,22.0,1.0,1.0,15.0,4.0,,24.0,7.0,5.0,5.0,2.0,3.0,6.0,4.0,20.0,34.0,,5.0,0.5769230769230769,0.9375,1.0,0.25,,0.25,0.48148148148148145,0.5882352941176471,0.5714285714285714,0.46774193548387094,0.5882352941176471,0.5714285714285714,0.5135135135135135,0.6666666666666666,0.6666666666666666,0.12903225806451613,0.14814814814814814,0.12903225806451613,20.671834625322997,0.3333333333333333,0.5714285714285714,0.16666666666666666,0.21333333333333335,0.1588785046728972,0.22916666666666666,0.17333333333333334,0.2222222222222222,0.16483516483516483,0.05405405405405406,0.23636363636363636,0.13333333333333333,0.14754098360655737,0.21621621621621623,0.17857142857142858,0.3,0.18840579710144928,0.3333333333333333,0.6666666666666666,0.5,0.5483870967741935,0.6296296296296297,0.47058823529411764,0.3548387096774194,0.36363636363636365,0.4444444444444444,0.75,0.016129032258064516,1.0,1.0,1.0,0.03225806451612903,0.5,0.5,1.0,0.0967741935483871,0.16666666666666666,0.16666666666666666,1.0,0.7647058823529411,0.6153846153846154,,,,,0.5714285714285714,0.5,,,0.6290322580645161,0.16666666666666666,0.567549193548387,0.5818923076923077,0.5493857142857143,0.10144927536231885,0.11475409836065574,0.3684210526315789,0.2631578947368421,3.875925925925925,25.775,0.10397553516819572,,,,,1.0,3.0,,,,2.0,,1.0,,,,0.18181818181818182,0.038461538461538464,,,,,,,,,,,,0.2857142857142857,,,,1.0,,,,,,1.0,True,,1.0,
201569,1610612755,Eric Gordon,Eric Gordon,201569,PHI,1156.0,19,-23.0,41,40,12.0,19,1,81,,1.0,,,,,,,,,,,,,,,3.0,,1.0,,1,,3.0,,,66,,,,,,,,,1.0,,,,,,,,3.0,,,2.0,1.0,3.0,1.0,,,1.0,1.0,7.0,,,,1.0,2.0,,3.0,,3.0,,,1.0,1.0,1.0,2.0,,3.0,1.0,1.0,1.0,,,2.0,2.0,,,,,,,,,,,12.0,,,,,,,,,,,,,,,,,,0.75,,,16.666666666666668,0.3333333333333333,,,0.15384615384615385,,0.125,,0.14285714285714285,,,,,,,0.5,,0.16666666666666666,,,0.25,,,,,,,,,,,,,,,,0.75,,,,,,,,,,,,,1.0,1.0,,0.53925,,0.57885,,,,,3.1,26.100000000000005,0.2926829268292683,,,,,,,,1.0,,,,,,,,,,,,,,,,,,,,,,,,,,,,,,,,True,,,
202331,1610612755,Paul George,Paul George,202331,PHI,13599.0,227,-30.0,466,464,78.0,72,56,930,10.0,12.0,2.0,2.0,,,7.0,12.0,9.0,17.0,3.0,9.0,,1.0,3.0,9.0,35.0,2.0,5.0,26.0,41,12.0,44.0,11.0,99.0,540,4.0,4.0,1.0,3.0,,11.0,1.0,4.0,8.0,6.0,14.0,8.0,44.0,27.0,9.0,2.0,34.0,9.0,2.0,16.0,6.0,22.0,5.0,1.0,13.0,3.0,,50.0,,1.0,,12.0,17.0,1.0,30.0,1.0,31.0,15.0,7.0,11.0,2.0,6.0,2.0,5.0,13.0,2.0,7.0,14.0,1.0,,14.0,,,13.0,2.0,3.0,6.0,3.0,3.0,7.0,5.0,12.0,77.0,1.0,2.0,0.15384615384615385,0.16,0.75,0.2727272727272727,0.3333333333333333,0.27906976744186046,0.6341463414634146,1.0,0.25,0.5176470588235295,0.7857142857142857,0.3333333333333333,0.5439560439560439,0.7857142857142857,0.4666666666666667,0.5176470588235295,0.04878048780487805,0.08333333333333333,19.659735349716446,0.8461538461538461,0.3333333333333333,,0.17708333333333334,0.009009009009009009,0.10434782608695652,,0.13744075829383887,0.004347826086956522,0.017241379310344827,,,,0.1276595744680851,0.24324324324324326,0.16666666666666666,0.1038961038961039,0.10526315789473684,0.7142857142857143,0.1411764705882353,0.8333333333333334,0.9090909090909091,0.2,0.1411764705882353,0.5833333333333334,0.6363636363636364,0.14285714285714285,0.2,0.5294117647058824,0.5294117647058824,0.1111111111111111,0.10588235294117647,0.3333333333333333,0.3333333333333333,1.0,0.4117647058823529,0.2571428571428571,0.2571428571428571,0.6666666666666666,0.2857142857142857,1.0,0.14285714285714285,,,0.2857142857142857,,,0.25,0.4166666666666667,0.6588235294117647,0.2647058823529412,0.5210244047619046,0.475525,0.49079999999999996,0.03409090909090909,0.046511627906976744,0.1111111111111111,0.1414141414141414,10.078048780487807,26.088636363636365,0.16738197424892703,1.0,1.0,1.0,2.0,,8.0,,,,,,1.0,1.0,,0.25,0.08333333333333333,,,0.5,1.0,0.3333333333333333,0.2,1.0,,,1.0,,,,0.022222222222222223,,,,,,,,,,True,,,
203954,1610612755,Joel Embiid,Joel Embiid,203954,PHI,5436.0,91,-32.0,189,194,42.0,51,24,383,6.0,15.0,3.0,7.0,1.0,2.0,4.0,6.0,3.0,8.0,,,,,,2.0,11.0,,2.0,13.0,29,2.0,11.0,25.0,57.0,225,3.0,8.0,,,5.0,11.0,4.0,6.0,2.0,4.0,12.0,16.0,10.0,6.0,,6.0,11.0,2.0,,9.0,5.0,14.0,4.0,1.0,8.0,1.0,,33.0,3.0,6.0,,9.0,8.0,,17.0,9.0,26.0,2.0,2.0,7.0,,3.0,2.0,4.0,9.0,3.0,,4.0,,1.0,18.0,,1.0,29.0,15.0,1.0,3.0,1.0,2.0,3.0,,12.0,42.0,,1.0,0.6153846153846154,0.8,1.0,0.18181818181818182,,0.18181818181818182,0.4482758620689655,0.375,0.6666666666666666,0.4,0.375,0.5,0.5377358490566038,0.55,0.6,0.275,,,28.310502283105023,0.7777777777777778,,,0.18181818181818182,0.125,0.21951219512195122,0.05555555555555555,0.2,0.08823529411764706,0.10714285714285714,0.07142857142857142,0.3333333333333333,0.06521739130434782,0.16666666666666666,0.1111111111111111,0.375,0.26666666666666666,0.09090909090909091,,0.375,0.4,0.4,0.5,0.15,0.6666666666666666,0.6666666666666666,0.5,0.2,0.375,0.375,1.0,,,,,0.275,0.18181818181818182,0.18181818181818182,1.0,0.875,0.42857142857142855,,,,,0.25,0.5,,0.25,0.65,0.18181818181818182,0.5299174999999999,0.59055,0.5251750000000001,0.28846153846153844,0.36585365853658536,0.19298245614035087,0.21052631578947367,7.382758620689655,26.69090909090909,0.2222222222222222,,,,,3.0,,1.0,,,,3.0,,,,,,0.12,,,,,,,,,,,,,,,,,,,,,,,True,,,
1641741,1610612755,Ricky Council IV,Ricky Council IV,1641741,PHI,13166.0,219,-47.0,448,448,99.0,137,50,896,9.0,13.0,3.0,5.0,3.0,4.0,10.0,21.0,1.0,4.0,2.0,5.0,1.0,1.0,2.0,8.0,33.0,2.0,5.0,20.0,38,10.0,38.0,14.0,84.0,573,3.0,6.0,3.0,3.0,,15.0,7.0,9.0,7.0,4.0,24.0,16.0,24.0,30.0,,4.0,31.0,8.0,2.0,2.0,14.0,16.0,11.0,3.0,1.0,1.0,,46.0,3.0,4.0,,23.0,7.0,4.0,34.0,7.0,41.0,4.0,1.0,2.0,2.0,1.0,4.0,1.0,6.0,3.0,6.0,11.0,2.0,1.0,18.0,1.0,,17.0,10.0,,1.0,,,1.0,1.0,24.0,97.0,,,0.4,0.4444444444444444,1.0,0.2631578947368421,1.0,0.2777777777777778,0.5263157894736842,0.5,0.7777777777777778,0.4605263157894737,0.8333333333333334,0.625,0.5060240963855421,0.8333333333333334,0.7058823529411765,0.5,0.05263157894736842,,17.658730158730158,0.3333333333333333,0.36363636363636365,,0.07692307692307693,0.0425531914893617,0.19827586206896552,0.02654867256637168,0.14492753623188406,0.033816425120772944,0.05555555555555555,0.02564102564102564,0.05263157894736842,0.02197802197802198,0.05,0.07142857142857142,0.2222222222222222,0.18518518518518517,0.22857142857142856,1.0,0.17105263157894737,0.6923076923076923,0.6923076923076923,0.4444444444444444,0.27631578947368424,0.47619047619047616,0.5263157894736842,0.4,0.05263157894736842,0.25,0.25,,0.06578947368421052,0.4,0.4,1.0,0.4342105263157895,0.24242424242424243,0.24242424242424243,1.0,0.5555555555555556,0.6,0.1111111111111111,1.0,1.0,0.2222222222222222,0.25,0.75,0.125,0.3125,0.6710526315789473,0.25806451612903225,0.521983108108108,0.5809,0.5224233333333334,0.12048192771084337,0.2222222222222222,0.17857142857142858,0.2857142857142857,7.610526315789475,27.200000000000003,0.22098214285714285,1.0,2.0,1.0,2.0,2.0,3.0,,,1.0,,3.0,,,,0.2857142857142857,0.09523809523809523,0.047619047619047616,0.3333333333333333,1.0,1.0,0.5,0.2,2.0,,,,,,0.045454545454545456,,,1.0,,,,,,,,True,,,
1630288,1610612755,Jeff Dowtin Jr.,Jeff Dowtin Jr.,1630288,PHI,7766.0,129,-18.0,261,260,82.0,57,40,521,8.0,12.0,1.0,2.0,5.0,7.0,8.0,14.0,1.0,4.0,4.0,5.0,1.0,1.0,1.0,3.0,10.0,1.0,2.0,17.0,30,7.0,15.0,2.0,57.0,310,3.0,4.0,1.0,2.0,,9.0,9.0,14.0,3.0,,21.0,18.0,16.0,15.0,6.0,2.0,10.0,3.0,1.0,7.0,7.0,14.0,6.0,1.0,2.0,5.0,,35.0,1.0,4.0,,6.0,5.0,,11.0,5.0,16.0,4.0,4.0,3.0,,3.0,,,3.0,,2.0,6.0,,,4.0,,,5.0,2.0,1.0,1.0,1.0,,3.0,2.0,21.0,82.0,1.0,1.0,0.5294117647058824,0.5625,0.7142857142857143,0.4666666666666667,0.5,0.4666666666666667,0.5666666666666667,0.75,0.6428571428571429,0.6111111111111112,0.75,0.6176470588235294,0.6063829787234043,0.75,0.5833333333333334,0.3333333333333333,0.03333333333333333,,16.393442622950822,1.0,,,0.07462686567164178,0.058823529411764705,0.11320754716981132,0.015151515151515152,0.09166666666666666,0.03731343283582089,0.03125,,0.23076923076923078,0.02,0.03125,0.13333333333333333,,0.10256410256410256,0.14285714285714285,0.6666666666666666,0.26666666666666666,0.6666666666666666,0.6666666666666666,0.625,0.3111111111111111,0.5714285714285714,0.6153846153846154,0.5,0.08888888888888889,0.25,0.25,,0.1111111111111111,0.8,0.8,1.0,0.2222222222222222,0.3,0.3,0.3333333333333333,0.3333333333333333,0.5,0.16666666666666666,1.0,1.0,0.16666666666666666,0.4117647058823529,0.7142857142857143,0.058823529411764705,0.11764705882352941,0.6,0.3,0.5218677777777778,0.5430699999999999,0.49333529411764715,0.043478260869565216,0.06451612903225806,0.15789473684210525,0.3684210526315789,7.363333333333333,25.1,0.31417624521072796,,,1.0,1.0,,,,,,2.0,1.0,2.0,1.0,,0.3333333333333333,0.07142857142857142,,,,,,0.5,,,,,,,,,,,,,,,,,,True,,1.0,
1631223,1610612755,David Roddy,David Roddy,1631223,PHI,595.0,10,,19,19,2.0,10,2,38,1.0,1.0,,,,,,,,,,1.0,,,,,2.0,1.0,,1.0,1,,3.0,,2.0,26,,,,1.0,,,,,,,,,2.0,,,,2.0,,,2.0,,2.0,,,2.0,,,4.0,,,,1.0,1.0,,2.0,,2.0,,,,,,,,,,,1.0,1.0,,,,,,,,,,,,,,2.0,,,,,,,,,1.0,,,0.25,,,0.25,,,0.75,,,19.047619047619047,,,,0.5,,0.14285714285714285,,0.2222222222222222,,,,,,0.5,,,,0.3333333333333333,,0.25,1.0,1.0,,,,,,,,,,0.25,,,,0.5,,,,,,,,,1.0,,,,,1.0,,0.5389375,0.5262,,,,,,2.0,25.96666666666667,0.10526315789473684,,,,,,,,,,,,,,,,,,,,,,,,,,,,,,,,,,,,,,,,True,,,
1641737,1610612755,Adem Bona,Adem Bona,1641737,PHI,11384.0,190,-41.0,379,367,91.0,115,51,746,30.0,42.0,10.0,15.0,5.0,7.0,4.0,8.0,,,,,,,,,,,,34.0,50,,,6.0,74.0,473,10.0,18.0,,,1.0,21.0,5.0,8.0,,1.0,11.0,48.0,20.0,,,18.0,,,4.0,5.0,5.0,10.0,3.0,2.0,2.0,2.0,1.0,25.0,8.0,13.0,1.0,11.0,16.0,1.0,28.0,22.0,50.0,5.0,3.0,4.0,1.0,3.0,6.0,1.0,10.0,1.0,8.0,26.0,3.0,4.0,14.0,5.0,,10.0,6.0,,12.0,5.0,7.0,13.0,8.0,11.0,89.0,2.0,,0.7058823529411765,0.96,,,,,0.68,0.5555555555555556,0.625,0.68,0.5555555555555556,0.625,0.6851851851851852,0.5526315789473685,0.6111111111111112,,0.08,0.047619047619047616,14.780600461893764,0.4,0.25,0.1111111111111111,0.17391304347826086,0.14772727272727273,0.14102564102564102,0.09523809523809523,0.1588235294117647,0.12209302325581395,0.1111111111111111,0.1388888888888889,0.25,0.1076923076923077,0.1388888888888889,0.1836734693877551,0.2857142857142857,0.19607843137254902,0.037037037037037035,0.6153846153846154,0.84,0.7142857142857143,0.75,0.6666666666666666,0.16,0.5,0.6666666666666666,1.0,,,,,,,,,,,,,0.8333333333333334,0.6666666666666666,,,,,0.875,0.7142857142857143,,,0.84,,0.6492479999999999,0.5989923076923077,0.6759,0.1111111111111111,0.1111111111111111,0.28378378378378377,0.14864864864864866,1.9200000000000004,,0.24010554089709762,,,,,1.0,2.0,,,1.0,,2.0,1.0,,4.0,,0.25,0.09090909090909091,,,,,,,,,,,,0.05263157894736842,,,,,,,,,,,True,,1.0,
200768,1610612755,Kyle Lowry,Kyle Lowry,200768,PHI,1847.0,31,-7.0,63,65,31.0,34,7,128,,1.0,,1.0,,,,,,,,,,,,,,,,,1,,,2.0,2.0,82,,1.0,,,,,,,,,,,,,,,,,,4.0,1.0,5.0,1.0,,4.0,,,11.0,,1.0,,3.0,,,3.0,1.0,4.0,1.0,,,,,,,,,,1.0,1.0,,3.0,,,2.0,1.0,,2.0,1.0,1.0,2.0,,,31.0,,,,,,,,,,,,,,,0.5,,,,,,2.857142857142857,,,,,0.06666666666666667,0.16666666666666666,,0.08571428571428572,0.037037037037037035,0.3333333333333333,,,,,,,0.1,0.25,,1.0,,,,,,,,,,,,,,,,,,,,1.0,,,,,,,,,,1.0,,0.7078,0.7078,,0.5,0.5,,,0.8,,0.49206349206349204,,,,,,1.0,,,,,,,,,,,,,,,,,,,,,,,,,,,,,,,,,,True,,,
1630542,1610612755,Marcus Bagley,Marcus Bagley,1630542,PHI,2738.0,46,-44.0,91,92,21.0,17,16,183,6.0,7.0,3.0,4.0,1.0,1.0,,,,,,2.0,,1.0,,,1.0,,,6.0,7,,3.0,,12.0,126,3.0,4.0,,1.0,,6.0,1.0,1.0,,,2.0,6.0,6.0,,,6.0,1.0,,,1.0,,1.0,,,1.0,,,2.0,2.0,3.0,,1.0,6.0,,7.0,5.0,12.0,,,1.0,1.0,1.0,1.0,,2.0,,2.0,3.0,,,,,,,,,1.0,,1.0,3.0,,2.0,21.0,,,0.5,1.0,,,,,0.8571428571428571,0.75,1.0,0.6,0.6,1.0,0.6,0.6,1.0,0.3,,,11.11111111111111,0.5,,,0.25,0.1111111111111111,0.05,0.07407407407407407,0.1590909090909091,0.09259259259259259,0.07692307692307693,0.1111111111111111,0.2,0.09090909090909091,0.25,0.2,0.5,0.06666666666666667,,,0.7,0.8571428571428571,0.8571428571428571,0.5,,,,,,,,,0.2,,,,0.1,,,,0.8,0.75,0.2,,,,1.0,1.0,,,1.0,,0.64082,0.6231,0.6156,,,0.5,0.16666666666666666,0.5999999999999999,23.566666666666663,0.23076923076923078,,,,,1.0,,,,,,,2.0,2.0,,,,0.25,,,,,,,,,,,,,,,,,,,,,,,True,,,
1630658,1610612755,Colin Castleton,Colin Castleton,1630658,PHI,1386.0,23,-15.0,46,49,7.0,18,7,95,2.0,3.0,1.0,2.0,1.0,1.0,2.0,3.0,,,,1.0,,,,,,,,4.0,6,,1.0,,8.0,64,1.0,2.0,,,,2.0,1.0,1.0,,,2.0,6.0,2.0,,,2.0,,,,1.0,2.0,3.0,2.0,,1.0,,,8.0,,2.0,,2.0,3.0,,5.0,2.0,7.0,,,,,,,,,,4.0,4.0,,,,,,,,,,,,,,2.0,7.0,,,0.75,1.0,,,,,0.6666666666666666,0.5,1.0,0.5714285714285714,0.5,1.0,0.5714285714285714,0.5,1.0,0.14285714285714285,,,13.20754716981132,,,,0.75,0.15384615384615385,0.2222222222222222,,0.38461538461538464,0.09090909090909091,0.4,,,,,1.0,1.0,0.3333333333333333,,,0.42857142857142855,0.6666666666666666,0.6666666666666666,0.5,0.42857142857142855,0.6666666666666666,0.6666666666666666,1.0,,,,,0.14285714285714285,,,,,,,,1.0,0.5,,,,,1.0,1.0,,,0.5714285714285714,,0.5565928571428571,0.5851,0.6103,,,0.25,0.25,4.0,22.9,0.15217391304347827,,,,,,,,,,,,,,,,,,,,,,,,,,,,,,,,,,,,,,,,True,,,
1642024,1610612755,Alex Reese,Alex Reese,1642024,PHI,4189.0,70,-9.0,149,148,75.0,56,16,297,1.0,1.0,,,1.0,1.0,,,1.0,1.0,1.0,8.0,,1.0,2.0,5.0,8.0,1.0,6.0,2.0,2,6.0,16.0,3.0,25.0,197,,,,2.0,,,2.0,2.0,8.0,3.0,22.0,4.0,,18.0,,,7.0,5.0,,2.0,1.0,3.0,1.0,,2.0,,,7.0,,1.0,,5.0,6.0,1.0,12.0,1.0,13.0,2.0,1.0,,,,1.0,,1.0,,7.0,10.0,,1.0,3.0,,,3.0,2.0,,,,,,,22.0,75.0,1.0,,1.0,1.0,1.0,0.375,,0.4,1.0,,1.0,0.6111111111111112,,0.95,0.6578947368421053,,1.0,0.8888888888888888,,,12.121212121212121,,0.25,,0.20689655172413793,0.03571428571428571,0.16129032258064516,,0.18333333333333332,0.016666666666666666,,0.07142857142857142,,,0.3076923076923077,0.13333333333333333,,0.14285714285714285,0.2,,0.05555555555555555,1.0,1.0,1.0,,,,,0.05555555555555555,1.0,1.0,1.0,0.4444444444444444,0.125,0.125,1.0,0.4444444444444444,0.625,0.625,1.0,,,0.5,,,0.5,0.1,1.0,0.2,0.6,0.9444444444444444,0.7142857142857143,0.5658382352941176,0.5552250000000001,0.5567222222222222,0.10526315789473684,0.6666666666666666,,0.88,9.55,25.806250000000002,0.5033557046979866,1.0,,4.0,5.0,,1.0,,,,,1.0,,,,0.625,,,,,,0.5,0.6666666666666666,1.0,,,,,,,,,,,,1.0,,,,1.0,True,,,
1641720,1610612755,Jalen Hood-Schifino,Jalen Hood-Schifino,1641720,PHI,5160.0,86,-40.0,182,180,68.0,89,19,362,,1.0,,,,1.0,1.0,4.0,3.0,5.0,2.0,4.0,,,1.0,3.0,7.0,,1.0,4.0,10,5.0,11.0,5.0,28.0,241,,1.0,,,,,2.0,4.0,2.0,4.0,11.0,,8.0,12.0,3.0,,7.0,3.0,1.0,3.0,3.0,6.0,1.0,2.0,2.0,1.0,,15.0,,,,3.0,4.0,,7.0,,7.0,1.0,,2.0,,2.0,,,2.0,,4.0,5.0,1.0,,5.0,,1.0,6.0,1.0,2.0,1.0,,1.0,1.0,,9.0,66.0,,1.0,,,0.8,0.45454545454545453,,0.45454545454545453,0.4,,0.5,0.5476190476190477,,0.5833333333333334,0.5833333333333334,,0.6875,0.5238095238095238,0.1,,12.807881773399016,1.0,,,0.14285714285714285,,0.07317073170731707,,0.10144927536231885,,,,,,0.18181818181818182,0.07692307692307693,0.25,0.058823529411764705,0.14285714285714285,,0.047619047619047616,,,,0.19047619047619047,0.25,0.3333333333333333,,0.23809523809523808,0.6,0.6,,0.19047619047619047,0.5,0.5,1.0,0.3333333333333333,0.42857142857142855,0.42857142857142855,0.6666666666666666,,,,,,,0.16666666666666666,,0.16666666666666666,0.16666666666666666,0.5714285714285714,0.42857142857142855,0.4745,0.444,0.435475,0.045454545454545456,0.09090909090909091,,0.39285714285714285,13.34,25.472727272727273,0.37362637362637363,,,1.0,1.0,,1.0,,,,1.0,,,,,0.5,0.25,,,,,,1.0,,,,,,,,,,,,,,,,,1.0,True,,,
1629052,1610612755,Oshae Brissett,Oshae Brissett,1629052,PHI,4669.0,78,-7.0,164,161,50.0,40,12,325,5.0,7.0,1.0,1.0,1.0,2.0,,,,,1.0,3.0,,,,1.0,6.0,,1.0,5.0,7,2.0,9.0,4.0,20.0,206,1.0,1.0,,,,2.0,1.0,2.0,1.0,3.0,5.0,8.0,2.0,6.0,,2.0,6.0,1.0,1.0,1.0,1.0,2.0,1.0,,1.0,,,5.0,1.0,1.0,,6.0,3.0,2.0,11.0,2.0,13.0,2.0,1.0,2.0,1.0,1.0,1.0,1.0,3.0,2.0,7.0,9.0,1.0,,6.0,,,5.0,2.0,,2.0,2.0,,2.0,,5.0,50.0,,,0.8,1.0,1.0,0.2222222222222222,,0.2222222222222222,0.7142857142857143,1.0,0.5,0.5,1.0,0.3333333333333333,0.5882352941176471,1.0,0.625,0.5625,0.14285714285714285,0.14285714285714285,11.363636363636363,0.6666666666666666,0.4,,0.09090909090909091,0.034482758620689655,0.14634146341463414,0.02631578947368421,0.12162162162162163,0.029850746268656716,,0.1,,0.038461538461538464,0.058823529411764705,0.18181818181818182,,0.15625,0.1111111111111111,,0.4375,0.7142857142857143,0.8333333333333334,0.8,,,,,,,,,0.1875,0.3333333333333333,0.3333333333333333,1.0,0.375,0.16666666666666666,0.16666666666666666,1.0,1.0,1.0,,,,,0.6666666666666666,0.5,,0.3333333333333333,1.0,0.16666666666666666,0.60513125,0.5935,0.5536,0.11764705882352941,0.25,0.1,0.25,1.5285714285714285,25.3,0.3048780487804878,,,,,,1.0,,,,,1.0,,,,,,,,,,,,,,,,,,,,,,,,1.0,,,,,True,,,
1629643,1610612755,Chuma Okeke,Chuma Okeke,1629643,PHI,4714.0,79,-9.0,162,162,39.0,30,20,324,3.0,5.0,1.0,2.0,,1.0,,,,,2.0,3.0,,,1.0,1.0,2.0,,,3.0,5,3.0,5.0,,15.0,210,1.0,2.0,,,,2.0,,1.0,1.0,,3.0,6.0,,9.0,,,2.0,1.0,1.0,3.0,3.0,6.0,2.0,1.0,3.0,,,15.0,4.0,1.0,,3.0,4.0,1.0,8.0,5.0,13.0,,,1.0,,,1.0,1.0,2.0,1.0,,,,,3.0,3.0,,,,,1.0,1.0,,1.0,1.0,3.0,39.0,,,1.0,1.0,1.0,0.6,,0.6,0.6,0.5,,0.75,0.5,0.75,0.75,0.5,0.75,0.5,0.2,0.2,6.521739130434782,0.5,0.5,,0.12903225806451613,0.03225806451612903,0.07894736842105263,0.1111111111111111,0.10144927536231885,0.07462686567164178,0.0625,,,0.12,0.058823529411764705,0.3,,0.08333333333333333,0.07142857142857142,1.0,0.5,0.6,0.75,1.0,,,,,,,,,0.3,0.6666666666666666,0.6666666666666666,1.0,0.2,0.5,0.5,1.0,1.0,0.5,,,,,0.5,,0.5,,1.0,0.5,0.6879199999999999,0.8655,0.7246,,,0.13333333333333333,0.2,0.96,24.28,0.24074074074074073,1.0,,,1.0,1.0,,,1.0,,,,,,,1.0,,0.3333333333333333,1.0,,,1.0,,,,,,,,0.09090909090909091,,,,,,,,,,,True,,,
1630762,1610612755,Phillip Wheeler,Phillip Wheeler,1630762,PHI,442.0,7,1.0,15,13,,5,3,28,,1.0,,1.0,,,,,,,,1.0,,1.0,,,2.0,,,,1,,3.0,,,14,,1.0,,1.0,,,,,,,,,,,,,2.0,,1.0,,,,,,,,,,1.0,,,,1.0,,1.0,1.0,2.0,,,,,,,,,,,,,,,,,,,,,,,,,,,,,,,,,,,,,,,,,,,,0.75,1.0,1.0,23.52941176470588,,,,0.3333333333333333,,,0.125,0.2,0.1,,,,0.16666666666666666,1.0,,,,,,0.25,,,,,,,,,,,,0.25,,,,0.5,,,,0.5,,0.5,,,,,,,,1.0,,0.508,0.47445,,,,,,1.9,24.266666666666666,,,,,,,,,,,,,,,,,,,,,,,,,,,,,,,,,,,,,,,,,True,,,
1626162,1610612755,Kelly Oubre Jr.,Kelly Oubre Jr.,1626162,PHI,105558.0,1759,-181.0,3540,3564,692.0,772,376,7104,150.0,231.0,33.0,58.0,32.0,47.0,62.0,155.0,6.0,11.0,26.0,73.0,4.0,8.0,14.0,38.0,139.0,9.0,21.0,218.0,397,64.0,212.0,115.0,743.0,4169,37.0,70.0,5.0,17.0,18.0,107.0,47.0,80.0,35.0,41.0,171.0,230.0,206.0,189.0,3.0,46.0,139.0,38.0,49.0,50.0,45.0,95.0,38.0,7.0,42.0,6.0,2.0,235.0,21.0,59.0,1.0,127.0,98.0,17.0,242.0,81.0,323.0,77.0,35.0,46.0,3.0,19.0,21.0,27.0,67.0,11.0,67.0,150.0,9.0,4.0,141.0,11.0,16.0,157.0,78.0,10.0,19.0,13.0,6.0,25.0,8.0,167.0,672.0,15.0,7.0,0.5275229357798165,0.5897435897435898,0.984375,0.3018867924528302,0.29411764705882354,0.3018867924528302,0.5491183879093199,0.5285714285714286,0.5875,0.5155993431855501,0.5114942528735632,0.5652173913043478,0.5512630014858841,0.5515463917525774,0.6195652173913043,0.34811165845648606,0.12342569269521411,0.09523809523809523,18.65859808371155,0.6865671641791045,0.20238095238095238,0.011363636363636364,0.1384180790960452,0.07099879663056559,0.15717821782178218,0.02551640340218712,0.14841688654353563,0.04836759371221282,0.11044776119402985,0.05172413793103448,0.02702702702702703,0.026194144838212634,0.10231023102310231,0.14590747330960854,0.20967741935483872,0.16831683168316833,0.12376237623762376,0.32,0.3793103448275862,0.6493506493506493,0.7177033492822966,0.58,0.2545155993431856,0.4,0.484375,0.4032258064516129,0.0180623973727422,0.5454545454545454,0.5454545454545454,0.5,0.11986863711001643,0.3561643835616438,0.3611111111111111,1.0,0.22824302134646962,0.2733812949640288,0.2773722627737226,0.9736842105263158,0.6666666666666666,0.5689655172413793,0.09195402298850575,0.5,1.0,0.10344827586206896,0.40869565217391307,0.6808510638297872,0.12173913043478261,0.1826086956521739,0.7274220032840722,0.2733812949640288,0.5632692118226599,0.5826425,0.5547065217391304,0.12066365007541478,0.17371937639198218,0.1440107671601615,0.23014804845222073,4.437783375314863,25.42830188679245,0.19548022598870057,4.0,1.0,8.0,12.0,16.0,42.0,7.0,,2.0,5.0,26.0,6.0,2.0,,0.34285714285714286,0.17419354838709677,0.058823529411764705,0.2727272727272727,0.1111111111111111,1.0,0.2857142857142857,0.38095238095238093,,3.0,1.0,2.0,0.014150943396226415,0.014388489208633094,0.022988505747126436,0.009345794392523364,3.0,,,1.0,1.0,,,0.0136986301369863,,False,,4.0,
1627824,1610612755,Guerschon Yabusele,Guerschon Yabusele,1627824,PHI,87891.0,1465,-51.0,2902,2908,624.0,708,332,5810,120.0,166.0,15.0,26.0,30.0,46.0,17.0,48.0,2.0,7.0,23.0,55.0,2.0,7.0,15.0,59.0,149.0,12.0,27.0,139.0,221,82.0,204.0,76.0,600.0,3400,17.0,34.0,6.0,19.0,21.0,73.0,35.0,56.0,42.0,23.0,135.0,214.0,64.0,246.0,,22.0,146.0,59.0,22.0,64.0,49.0,113.0,36.0,13.0,47.0,8.0,9.0,275.0,57.0,39.0,8.0,101.0,97.0,16.0,214.0,104.0,318.0,43.0,24.0,29.0,7.0,12.0,39.0,17.0,68.0,12.0,60.0,131.0,18.0,12.0,99.0,15.0,5.0,104.0,46.0,10.0,21.0,12.0,7.0,21.0,11.0,131.0,611.0,17.0,7.0,0.7697841726618705,0.8359375,1.0,0.4019607843137255,0.3157894736842105,0.4079601990049751,0.6289592760180995,0.5,0.625,0.6164705882352941,0.49056603773584906,0.5714285714285714,0.6372340425531915,0.5615384615384615,0.5921052631578947,0.48,0.09954751131221719,0.09036144578313253,16.467707376798284,0.4264705882352941,0.22535211267605634,0.0975609756097561,0.17229129662522202,0.06037151702786378,0.15233785822021115,0.07972027972027972,0.16150081566068517,0.07053637031594416,0.0683453237410072,0.04597701149425287,0.07476635514018691,0.08047945205479452,0.14754098360655737,0.17167381974248927,0.2441860465116279,0.1487603305785124,0.16201117318435754,0.5238095238095238,0.3905882352941176,0.7228915662650602,0.7947019867549668,0.7833333333333333,0.11294117647058824,0.3541666666666667,0.40476190476190477,0.7058823529411765,0.01647058823529412,0.2857142857142857,0.3333333333333333,0.5,0.12941176470588237,0.41818181818181815,0.41818181818181815,1.0,0.35058823529411764,0.3959731543624161,0.3959731543624161,1.0,0.49056603773584906,0.5769230769230769,0.1320754716981132,0.2857142857142857,1.0,0.22641509433962265,0.46938775510204084,0.6521739130434783,0.15306122448979592,0.2755102040816326,0.8705882352941177,0.4041095890410959,0.5761344418052257,0.5682678571428571,0.5731377659574468,0.1,0.1796875,0.12166666666666667,0.225,3.276923076923076,25.906862745098042,0.21502412129565818,3.0,4.0,11.0,14.0,7.0,19.0,9.0,,8.0,8.0,11.0,,,1.0,0.3333333333333333,0.125,0.03932584269662921,0.26666666666666666,0.3333333333333333,1.0,0.2,0.4074074074074074,3.0,,1.0,,,,0.07633587786259542,,2.0,2.0,1.0,,6.0,,0.14285714285714285,,,False,,,
1628997,1610612755,Caleb Martin,Caleb Martin,1628997,PHI,56586.0,943,-124.0,1872,1878,391.0,443,215,3750,34.0,58.0,4.0,9.0,7.0,12.0,22.0,48.0,12.0,39.0,18.0,33.0,2.0,4.0,5.0,15.0,54.0,4.0,9.0,68.0,145,33.0,87.0,46.0,281.0,2166,10.0,20.0,3.0,8.0,7.0,36.0,12.0,31.0,14.0,18.0,51.0,64.0,72.0,99.0,,10.0,52.0,15.0,9.0,35.0,34.0,69.0,24.0,10.0,24.0,9.0,2.0,172.0,21.0,21.0,1.0,48.0,38.0,7.0,93.0,43.0,136.0,34.0,24.0,25.0,1.0,7.0,18.0,18.0,43.0,13.0,23.0,63.0,5.0,2.0,61.0,2.0,10.0,74.0,26.0,9.0,15.0,7.0,6.0,20.0,6.0,49.0,378.0,4.0,8.0,0.47058823529411764,0.5079365079365079,1.0,0.3793103448275862,0.375,0.38823529411764707,0.4689655172413793,0.5,0.3870967741935484,0.5064655172413793,0.5178571428571429,0.36666666666666664,0.530188679245283,0.5625,0.4473684210526316,0.375,0.06206896551724138,0.05172413793103448,14.59024159166272,0.5813953488372093,0.16279069767441862,0.02127659574468085,0.09268292682926829,0.04585152838427948,0.11320754716981132,0.04585152838427948,0.10311750599520383,0.04585152838427948,0.033707865168539325,0.058823529411764705,0.043010752688172046,0.0446927374301676,0.09302325581395349,0.07692307692307693,0.13043478260869565,0.11400651465798045,0.1111111111111111,0.3,0.25,0.5862068965517241,0.6181818181818182,0.47058823529411764,0.20689655172413793,0.4583333333333333,0.5238095238095238,0.45454545454545453,0.16810344827586207,0.3076923076923077,0.3076923076923077,0.5,0.14224137931034483,0.5454545454545454,0.5625,1.0,0.23275862068965517,0.2777777777777778,0.2830188679245283,1.0,0.32142857142857145,0.4444444444444444,0.14285714285714285,0.5,1.0,0.14285714285714285,0.26666666666666666,0.5833333333333334,0.1111111111111111,0.2,0.625,0.28846153846153844,0.5221956521739127,0.5047047619047618,0.5012911111111111,0.109375,0.15568862275449102,0.12811387900355872,0.18149466192170818,8.981379310344822,25.544827586206896,0.20886752136752137,1.0,1.0,2.0,3.0,4.0,10.0,4.0,3.0,3.0,3.0,4.0,5.0,1.0,,0.21428571428571427,0.125,0.03508771929824561,,0.25,1.0,0.2,0.2222222222222222,2.0,2.0,,2.0,0.022988505747126436,0.018518518518518517,0.05,0.02247191011235955,3.0,2.0,,1.0,1.0,,,0.030303030303030304,,False,,4.0,
1630178,1610612755,Tyrese Maxey,Tyrese Maxey,1630178,PHI,104837.0,1747,-49.0,3525,3498,706.0,799,377,7023,173.0,286.0,13.0,17.0,34.0,56.0,90.0,198.0,28.0,66.0,14.0,45.0,2.0,8.0,12.0,134.0,396.0,27.0,74.0,291.0,550,148.0,441.0,231.0,1257.0,4123,19.0,32.0,12.0,35.0,9.0,83.0,57.0,111.0,86.0,88.0,265.0,168.0,414.0,216.0,228.0,6.0,393.0,134.0,49.0,143.0,141.0,284.0,103.0,38.0,85.0,42.0,16.0,709.0,4.0,9.0,1.0,91.0,52.0,2.0,145.0,14.0,159.0,86.0,53.0,70.0,11.0,41.0,42.0,29.0,112.0,20.0,52.0,106.0,2.0,5.0,204.0,2.0,5.0,264.0,107.0,34.0,18.0,3.0,13.0,19.0,5.0,245.0,684.0,6.0,18.0,0.28865979381443296,0.2916666666666667,0.4864864864864865,0.3356009070294785,0.34285714285714286,0.3378995433789954,0.5290909090909091,0.59375,0.5135135135135135,0.5176589303733602,0.5522388059701493,0.44923857868020306,0.5653950953678474,0.5704225352112676,0.5346938775510204,0.4450050454086781,0.0890909090909091,0.10139860139860139,30.576631259484067,0.625,0.021739130434782608,0.011235955056179775,0.07242339832869081,0.010922330097087379,0.11577608142493638,0.004860267314702308,0.09507978723404255,0.007893139040680024,0.011730205278592375,0.011730205278592375,0.007042253521126761,0.0030441400304414,0.07534246575342465,0.056856187290969896,0.10236220472440945,0.12006861063464837,0.10344827586206896,0.2631578947368421,0.2885973763874874,0.6048951048951049,0.6731517509727627,0.3352601156069364,0.19979818365287588,0.45454545454545453,0.5027932960893855,0.23333333333333334,0.06659939455095863,0.42424242424242425,0.4307692307692308,0.17857142857142858,0.045408678102926335,0.3111111111111111,0.3181818181818182,0.9285714285714286,0.39959636730575177,0.3383838383838384,0.34183673469387754,0.44029850746268656,0.2537313432835821,0.7647058823529411,0.11940298507462686,0.25,1.0,0.40298507462686567,0.28426395939086296,0.6071428571428571,0.06091370558375635,0.3756345177664975,0.7336024217961655,0.34096692111959287,0.5385015688259109,0.5168761363636363,0.512885309278351,0.1021555763823805,0.17147435897435898,0.066030230708035,0.21081941129673826,5.957636363636369,26.67868480725625,0.2002836879432624,4.0,10.0,17.0,21.0,4.0,33.0,7.0,2.0,10.0,7.0,33.0,1.0,,,0.2441860465116279,0.09595959595959595,0.008281573498964804,0.38461538461538464,0.37037037037037035,0.8,0.3333333333333333,0.22972972972972974,3.0,5.0,13.0,2.0,0.011337868480725623,0.010101010101010102,0.012048192771084338,0.004514672686230248,2.0,2.0,,,1.0,,0.015151515151515152,0.022222222222222223,,False,1.0,1.0,
1630231,1610612755,KJ Martin,KJ Martin,1630231,PHI,28778.0,480,30.0,958,961,244.0,264,120,1919,44.0,65.0,6.0,8.0,8.0,12.0,8.0,12.0,1.0,1.0,7.0,15.0,,1.0,3.0,1.0,6.0,1.0,2.0,53.0,78,8.0,21.0,24.0,154.0,1081,9.0,11.0,,2.0,2.0,20.0,9.0,13.0,5.0,13.0,31.0,82.0,24.0,24.0,,10.0,6.0,1.0,11.0,8.0,11.0,19.0,9.0,2.0,5.0,2.0,1.0,49.0,10.0,10.0,1.0,28.0,20.0,3.0,51.0,21.0,72.0,11.0,7.0,7.0,2.0,3.0,5.0,4.0,12.0,1.0,38.0,62.0,1.0,1.0,21.0,1.0,1.0,29.0,15.0,1.0,16.0,8.0,8.0,16.0,11.0,31.0,241.0,2.0,1.0,0.7735849056603774,0.8541666666666666,1.0,0.38095238095238093,,0.38095238095238093,0.6794871794871795,0.8181818181818182,0.6923076923076923,0.6565656565656566,0.6923076923076923,0.5,0.6875,0.7142857142857143,0.5961538461538461,0.21212121212121213,0.14102564102564102,0.15384615384615385,11.30355515041021,0.5833333333333334,0.15789473684210525,0.03125,0.09950248756218906,0.04149377593360996,0.1320754716981132,0.05128205128205128,0.1162227602905569,0.045871559633027525,0.05217391304347826,0.0375,0.021739130434782608,0.044585987261146494,0.08860759493670886,0.08888888888888889,0.15625,0.12994350282485875,0.14285714285714285,0.6875,0.6565656565656566,0.676923076923077,0.8,0.8181818181818182,0.12121212121212122,0.6666666666666666,0.7272727272727273,0.5,0.010101010101010102,1.0,1.0,1.0,0.15151515151515152,0.4666666666666667,0.5,1.0,0.06060606060606061,0.16666666666666666,0.16666666666666666,1.0,0.6153846153846154,0.75,0.07692307692307693,,,0.07692307692307693,0.6666666666666666,0.6666666666666666,0.16666666666666666,0.1111111111111111,0.8686868686868687,0.16666666666666666,0.62565101010101,0.5439833333333334,0.6153638888888887,0.13513513513513514,0.16666666666666666,0.12987012987012986,0.2012987012987013,2.597435897435898,23.814285714285713,0.2546972860125261,,,,,2.0,4.0,2.0,,,3.0,3.0,,,,,0.08333333333333333,0.07692307692307693,0.16666666666666666,,,,,,1.0,,,0.047619047619047616,,0.07894736842105263,,,,,1.0,,,,0.06666666666666667,,False,,,
1630288,1610612755,Jeff Dowtin Jr.,Jeff Dowtin Jr.,1630288,PHI,25974.0,433,-95.0,868,865,226.0,241,101,1733,23.0,42.0,1.0,4.0,4.0,10.0,24.0,45.0,12.0,26.0,3.0,10.0,,,3.0,14.0,36.0,3.0,12.0,59.0,113,17.0,46.0,27.0,196.0,1039,3.0,8.0,1.0,3.0,4.0,13.0,14.0,28.0,15.0,14.0,57.0,28.0,90.0,30.0,21.0,,36.0,14.0,9.0,29.0,29.0,58.0,22.0,7.0,21.0,5.0,3.0,145.0,5.0,2.0,,20.0,16.0,1.0,37.0,7.0,44.0,16.0,10.0,7.0,1.0,4.0,4.0,3.0,11.0,7.0,9.0,21.0,,1.0,29.0,1.0,1.0,34.0,17.0,3.0,8.0,4.0,2.0,8.0,6.0,57.0,225.0,,3.0,0.23728813559322035,0.23728813559322035,0.5882352941176471,0.3695652173913043,0.3333333333333333,0.3695652173913043,0.5221238938053098,0.375,0.5,0.5314465408805031,0.4090909090909091,0.5,0.5664739884393064,0.5,0.57,0.2893081761006289,0.07964601769911504,0.14285714285714285,18.71820956256358,0.6363636363636364,0.04,,0.0903954802259887,0.010101010101010102,0.0947867298578199,0.023148148148148147,0.09278350515463918,0.016908212560386472,0.012987012987012988,0.012345679012345678,,0.02247191011235955,0.08860759493670886,0.05714285714285714,0.17857142857142858,0.10256410256410256,0.07272727272727272,0.75,0.2641509433962264,0.5476190476190477,0.6388888888888888,0.21739130434782608,0.2830188679245283,0.5333333333333333,0.5714285714285714,0.08333333333333333,0.16352201257861634,0.46153846153846156,0.46153846153846156,0.5833333333333334,0.06289308176100629,0.3,0.3,1.0,0.22641509433962265,0.3888888888888889,0.3888888888888889,0.5,0.36363636363636365,0.25,,,,0.2727272727272727,0.23255813953488372,0.4,0.06976744186046512,0.27906976744186046,0.5534591194968553,0.3888888888888889,0.5119836477987423,0.5209125,0.4984372093023256,0.1,0.13709677419354838,0.0663265306122449,0.29081632653061223,8.167256637168142,25.613043478260874,0.26036866359447003,1.0,1.0,4.0,5.0,1.0,6.0,,1.0,,,6.0,,,,0.3333333333333333,0.06666666666666667,0.013888888888888888,,0.3333333333333333,1.0,0.3333333333333333,0.3333333333333333,,,,,,,0.02631578947368421,,,2.0,,,,,,,,False,1.0,,
1641737,1610612755,Adem Bona,Adem Bona,1641737,PHI,34943.0,582,-33.0,1186,1180,311.0,371,142,2366,67.0,92.0,23.0,35.0,12.0,14.0,7.0,13.0,,,,,,,,,,,,74.0,105,,,48.0,196.0,1353,24.0,38.0,,,17.0,65.0,13.0,17.0,,22.0,48.0,98.0,50.0,,,34.0,,,7.0,12.0,3.0,15.0,1.0,2.0,6.0,4.0,2.0,33.0,18.0,38.0,1.0,51.0,47.0,5.0,103.0,57.0,160.0,18.0,11.0,14.0,2.0,8.0,25.0,6.0,39.0,7.0,54.0,89.0,5.0,12.0,62.0,15.0,2.0,69.0,30.0,10.0,46.0,29.0,17.0,47.0,29.0,48.0,311.0,5.0,8.0,0.6621621621621622,0.8596491228070176,,,,,0.7047619047619048,0.631578947368421,0.7647058823529411,0.7047619047619048,0.631578947368421,0.7647058823529411,0.7205882352941176,0.6914893617021277,0.8275862068965517,,0.06666666666666667,0.06521739130434782,12.805329385640267,0.358974358974359,0.1388888888888889,0.03225806451612903,0.17216117216117216,0.13380281690140844,0.17647058823529413,0.06593406593406594,0.17437722419928825,0.10053859964093358,0.16964285714285715,0.1297709923664122,0.04878048780487805,0.07407407407407407,0.23893805309734514,0.125,0.125,0.19523809523809524,0.12658227848101267,0.6170212765957447,0.8761904761904762,0.7282608695652174,0.7790697674418605,0.6567164179104478,0.12380952380952381,0.5384615384615384,0.5833333333333334,0.7142857142857143,,,,,,,,,,,,,0.9210526315789473,0.6571428571428571,,,,,0.8235294117647058,0.8571428571428571,,,0.8761904761904762,,0.6390114285714286,0.6221967741935486,0.5959588235294118,0.23809523809523808,0.23809523809523808,0.33163265306122447,0.24489795918367346,2.097142857142856,,0.2622259696458685,,,,,2.0,7.0,6.0,1.0,,3.0,9.0,1.0,,10.0,,0.07692307692307693,0.08333333333333333,0.21739130434782608,,,,,,,,,,,0.03508771929824561,,3.0,,,,,,,,1.0,False,,1.0,
1641741,1610612755,Ricky Council IV,Ricky Council IV,1641741,PHI,55952.0,933,-111.0,1883,1887,514.0,594,217,3770,68.0,113.0,7.0,15.0,16.0,27.0,26.0,72.0,3.0,13.0,16.0,38.0,1.0,3.0,9.0,26.0,120.0,17.0,34.0,97.0,198,42.0,158.0,97.0,417.0,2229,9.0,21.0,4.0,20.0,,30.0,26.0,46.0,43.0,32.0,120.0,104.0,90.0,114.0,12.0,6.0,119.0,26.0,19.0,47.0,27.0,74.0,16.0,11.0,35.0,8.0,4.0,175.0,18.0,18.0,2.0,64.0,38.0,12.0,114.0,38.0,152.0,27.0,17.0,20.0,3.0,10.0,18.0,10.0,38.0,12.0,24.0,55.0,9.0,3.0,86.0,8.0,2.0,121.0,60.0,4.0,11.0,8.0,3.0,11.0,6.0,120.0,514.0,4.0,4.0,0.5360824742268041,0.5531914893617021,0.9047619047619048,0.26582278481012656,0.2,0.267515923566879,0.4898989898989899,0.42857142857142855,0.5652173913043478,0.449438202247191,0.36585365853658536,0.4943820224719101,0.508557457212714,0.36585365853658536,0.5560747663551402,0.4438202247191011,0.09595959595959595,0.061946902654867256,21.045197740112997,0.5263157894736842,0.22641509433962265,0.0425531914893617,0.09290953545232274,0.04186046511627907,0.14746543778801843,0.039735099337748346,0.12099644128113879,0.04077010192525481,0.06951871657754011,0.026595744680851064,,0.03333333333333333,0.09836065573770492,0.10588235294117647,0.03571428571428571,0.12804878048780488,0.20754716981132076,0.5454545454545454,0.31741573033707865,0.6017699115044248,0.6415094339622641,0.6617647058823529,0.20224719101123595,0.3611111111111111,0.41935483870967744,0.23076923076923078,0.03651685393258427,0.23076923076923078,0.2727272727272727,0.3333333333333333,0.10674157303370786,0.42105263157894735,0.42105263157894735,0.9375,0.33707865168539325,0.21666666666666667,0.2184873949579832,0.8846153846153846,0.36585365853658536,0.4666666666666667,0.07317073170731707,0.3333333333333333,,0.4146341463414634,0.30337078651685395,0.5925925925925926,0.10112359550561797,0.38202247191011235,0.7612359550561798,0.2184873949579832,0.5539403682719547,0.5079500000000001,0.5460994318181819,0.14814814814814814,0.242914979757085,0.07194244604316546,0.28776978417266186,4.916161616161616,26.474683544303808,0.27296866702071165,5.0,3.0,7.0,12.0,11.0,10.0,2.0,,3.0,5.0,11.0,,,,0.27906976744186046,0.1388888888888889,0.05789473684210526,0.42857142857142855,0.17647058823529413,1.0,0.5555555555555556,0.20588235294117646,1.0,1.0,2.0,,0.006329113924050633,0.008333333333333333,0.06451612903225806,,4.0,,,1.0,,,0.15384615384615385,,,False,,,
1642272,1610612755,Jared McCain,Jared McCain,1642272,PHI,35507.0,592,-27.0,1183,1181,259.0,253,143,2364,41.0,70.0,5.0,6.0,5.0,10.0,24.0,50.0,10.0,21.0,10.0,30.0,1.0,2.0,7.0,41.0,103.0,6.0,20.0,75.0,141,51.0,133.0,49.0,352.0,1349,8.0,10.0,3.0,8.0,,25.0,10.0,25.0,27.0,17.0,79.0,48.0,102.0,123.0,30.0,6.0,103.0,41.0,10.0,40.0,20.0,60.0,15.0,5.0,26.0,12.0,2.0,140.0,10.0,3.0,,19.0,22.0,2.0,43.0,13.0,56.0,15.0,10.0,28.0,2.0,14.0,9.0,14.0,37.0,10.0,11.0,37.0,5.0,1.0,45.0,1.0,1.0,56.0,21.0,4.0,,,,,,77.0,255.0,3.0,3.0,0.32,0.3333333333333333,0.803921568627451,0.38345864661654133,0.375,0.38345864661654133,0.5319148936170213,0.8,0.4,0.5529197080291971,0.6944444444444444,0.5961538461538461,0.5886287625418061,0.6944444444444444,0.6475409836065574,0.4854014598540146,0.07092198581560284,0.08571428571428572,25.093353248693052,0.7567567567567568,0.09523809523809523,,0.08527131782945736,0.01090909090909091,0.06985294117647059,0.03546099290780142,0.07735849056603773,0.02333931777378815,0.00847457627118644,,0.038461538461538464,0.03669724770642202,0.0891089108910891,0.06611570247933884,0.1388888888888889,0.07614213197969544,0.05333333333333334,,0.25547445255474455,0.5857142857142857,0.640625,0.34146341463414637,0.18248175182481752,0.48,0.5217391304347826,0.25,0.07664233576642336,0.47619047619047616,0.47619047619047616,0.4,0.10948905109489052,0.3333333333333333,0.3333333333333333,0.9,0.3759124087591241,0.39805825242718446,0.4019607843137255,0.7804878048780488,0.3333333333333333,0.8333333333333334,0.1111111111111111,0.5,1.0,0.3333333333333333,0.19230769230769232,0.5,0.1346153846153846,0.38461538461538464,0.7408759124087592,0.39805825242718446,0.5311886861313868,0.48833125,0.5052961538461538,0.08135593220338982,0.1320754716981132,0.07102272727272728,0.22443181818181818,6.580851063829789,25.960902255639095,0.21893491124260356,4.0,2.0,10.0,14.0,,5.0,2.0,,2.0,2.0,3.0,,,,0.5185185185185185,0.08,,0.2,0.3333333333333333,1.0,0.5714285714285714,0.5,,1.0,,3.0,0.007518796992481203,0.009708737864077669,0.03125,0.022058823529411766,2.0,,,,,,,,,False,,,
1642348,1610612755,Justin Edwards,Justin Edwards,1642348,PHI,44634.0,744,-121.0,1513,1512,297.0,357,170,3025,34.0,56.0,7.0,11.0,10.0,14.0,15.0,39.0,9.0,15.0,14.0,32.0,,1.0,7.0,33.0,98.0,13.0,12.0,58.0,110,47.0,130.0,19.0,276.0,1856,10.0,20.0,5.0,14.0,1.0,36.0,11.0,19.0,19.0,5.0,45.0,66.0,50.0,129.0,12.0,12.0,98.0,33.0,10.0,28.0,17.0,45.0,13.0,4.0,21.0,6.0,1.0,107.0,12.0,15.0,2.0,35.0,29.0,7.0,71.0,29.0,100.0,28.0,15.0,13.0,2.0,8.0,14.0,5.0,27.0,5.0,39.0,66.0,1.0,1.0,23.0,,3.0,29.0,12.0,3.0,8.0,5.0,2.0,8.0,5.0,44.0,293.0,7.0,1.0,0.5689655172413793,0.6346153846153846,0.9148936170212766,0.36153846153846153,0.35714285714285715,0.36153846153846153,0.5272727272727272,0.5,0.5789473684210527,0.5354166666666667,0.5147058823529411,0.5263157894736842,0.5433070866141733,0.5142857142857142,0.5357142857142857,0.5416666666666666,0.09090909090909091,0.125,16.432748538011694,0.48148148148148145,0.175,0.058823529411764705,0.10034602076124567,0.04054054054054054,0.10479041916167664,0.0332409972299169,0.10272873194221509,0.036935704514363885,0.039735099337748346,0.04878048780487805,0.01818181818181818,0.03678929765886288,0.11023622047244094,0.096,0.08108108108108109,0.11570247933884298,0.07608695652173914,0.625,0.23333333333333334,0.6071428571428571,0.6938775510204082,0.5294117647058824,0.1625,0.38461538461538464,0.4166666666666667,0.6,0.0625,0.6,0.6,0.6666666666666666,0.13333333333333333,0.4375,0.45161290322580644,1.0,0.4083333333333333,0.336734693877551,0.3473684210526316,0.8787878787878788,0.3235294117647059,0.6363636363636364,0.029411764705882353,,,0.38235294117647056,0.3684210526315789,0.7142857142857143,0.18421052631578946,0.3157894736842105,0.775,0.336734693877551,0.5475885416666667,0.5378096153846155,0.5705776315789474,0.04780876494023904,0.09917355371900827,0.13043478260869565,0.16304347826086957,6.121818181818179,25.40923076923078,0.19629874421678783,4.0,5.0,2.0,6.0,7.0,13.0,7.0,,3.0,2.0,1.0,,,,0.3157894736842105,0.07692307692307693,0.05785123966942149,0.14285714285714285,0.38461538461538464,0.8,0.5714285714285714,0.16666666666666666,,4.0,,,0.03076923076923077,0.030612244897959183,0.016129032258064516,,,1.0,,,,,,0.03125,,False,,,
200768,1610612755,Kyle Lowry,Kyle Lowry,200768,PHI,36505.0,608,-58.0,1224,1226,269.0,327,129,2450,4.0,5.0,,1.0,1.0,1.0,6.0,16.0,1.0,6.0,6.0,19.0,1.0,1.0,3.0,22.0,65.0,10.0,15.0,11.0,27,28.0,84.0,25.0,131.0,1362,1.0,2.0,4.0,11.0,3.0,17.0,2.0,7.0,18.0,9.0,34.0,14.0,8.0,78.0,6.0,,64.0,22.0,7.0,51.0,39.0,90.0,25.0,14.0,40.0,7.0,4.0,219.0,5.0,3.0,2.0,30.0,22.0,,52.0,10.0,62.0,32.0,16.0,14.0,4.0,12.0,7.0,2.0,21.0,3.0,31.0,60.0,6.0,1.0,34.0,3.0,1.0,31.0,9.0,5.0,9.0,1.0,6.0,9.0,5.0,33.0,259.0,3.0,4.0,0.6363636363636364,0.6363636363636364,0.9285714285714286,0.3333333333333333,0.36363636363636365,0.3373493975903614,0.4074074074074074,0.5,0.2857142857142857,0.4774774774774775,0.5384615384615384,0.5,0.5198412698412699,0.5666666666666667,0.5483870967741935,0.7567567567567568,0.25925925925925924,,10.706482155863073,0.6666666666666666,,0.0625,0.09053497942386832,0.010638297872340425,0.09646302250803858,0.015625,0.09386281588447654,0.013289036544850499,,0.022388059701492536,,0.020161290322580645,0.024096385542168676,0.11864406779661017,0.14285714285714285,0.0851063829787234,0.13157894736842105,0.5555555555555556,0.04504504504504504,0.8,0.8,0.5,0.14414414414414414,0.375,0.5454545454545454,0.6666666666666666,0.05405405405405406,0.16666666666666666,0.25,1.0,0.17117117117117117,0.3157894736842105,0.3157894736842105,1.0,0.5855855855855856,0.3384615384615385,0.3384615384615385,0.9090909090909091,0.07692307692307693,,0.07692307692307693,1.0,1.0,0.7692307692307693,0.04,1.0,0.12,0.6,0.8018018018018018,0.34375,0.5167389908256881,0.5169187500000001,0.49274347826086956,0.08264462809917356,0.25,0.1297709923664122,0.2595419847328244,9.133333333333335,26.583333333333318,0.21977124183006536,1.0,3.0,6.0,7.0,,16.0,,,1.0,3.0,,,,,0.3888888888888889,0.3125,,,0.3,1.0,0.3333333333333333,0.4,1.0,,,1.0,,,,0.011764705882352941,,2.0,,,6.0,,0.3333333333333333,,,False,,,
201569,1610612755,Eric Gordon,Eric Gordon,201569,PHI,44952.0,749,-49.0,1514,1509,381.0,354,166,3023,21.0,37.0,2.0,3.0,3.0,6.0,8.0,25.0,2.0,4.0,10.0,19.0,,2.0,3.0,46.0,115.0,9.0,28.0,31.0,66,56.0,134.0,36.0,266.0,1783,4.0,7.0,3.0,11.0,,17.0,5.0,13.0,31.0,13.0,53.0,44.0,18.0,159.0,9.0,4.0,113.0,46.0,14.0,35.0,27.0,62.0,16.0,11.0,28.0,6.0,1.0,151.0,4.0,4.0,,16.0,15.0,4.0,35.0,8.0,43.0,26.0,10.0,11.0,7.0,7.0,14.0,4.0,25.0,7.0,18.0,31.0,,,31.0,,1.0,48.0,18.0,4.0,10.0,4.0,3.0,12.0,11.0,53.0,372.0,1.0,3.0,0.7096774193548387,0.7586206896551724,0.9464285714285714,0.417910447761194,0.2727272727272727,0.42424242424242425,0.4696969696969697,0.5714285714285714,0.38461538461538464,0.575,0.4722222222222222,0.45454545454545453,0.5972850678733032,0.4722222222222222,0.5,0.67,0.21212121212121213,0.21621621621621623,14.428739693757361,0.44,0.10256410256410256,,0.046012269938650305,0.011869436201780416,0.04984423676012461,0.011799410029498525,0.04791344667697063,0.011834319526627219,0.02027027027027027,0.007042253521126761,,0.014492753623188406,0.030303030303030304,0.03968253968253968,0.08823529411764706,0.04329004329004329,0.06666666666666667,0.9166666666666666,0.185,0.5675675675675675,0.7241379310344828,0.6666666666666666,0.125,0.32,0.42105263157894735,0.75,0.02,0.5,0.5,1.0,0.095,0.5263157894736842,0.5263157894736842,1.0,0.575,0.4,0.4,0.9347826086956522,0.16666666666666666,0.6666666666666666,0.1111111111111111,,,0.5,0.13636363636363635,0.5,0.06818181818181818,0.6363636363636364,0.855,0.40707964601769914,0.5395792929292933,0.54253,0.538429761904762,0.09216589861751152,0.2222222222222222,0.06390977443609022,0.19924812030075187,4.739393939393939,27.294776119402986,0.25165125495376484,1.0,3.0,9.0,10.0,4.0,16.0,3.0,,2.0,2.0,3.0,2.0,,,0.3225806451612903,0.24,0.041666666666666664,,0.3333333333333333,1.0,0.3333333333333333,0.32142857142857145,2.0,,2.0,2.0,,,,0.014705882352941176,2.0,3.0,,,,,,,,False,,2.0,
202331,1610612755,Paul George,Paul George,202331,PHI,66417.0,1107,-53.0,2242,2225,422.0,464,226,4467,49.0,68.0,3.0,5.0,7.0,9.0,30.0,87.0,44.0,106.0,11.0,40.0,1.0,2.0,6.0,73.0,184.0,13.0,33.0,123.0,261,84.0,224.0,68.0,566.0,2530,9.0,19.0,9.0,15.0,2.0,47.0,19.0,39.0,39.0,23.0,97.0,76.0,170.0,162.0,90.0,2.0,183.0,73.0,17.0,83.0,73.0,156.0,48.0,25.0,63.0,15.0,5.0,385.0,16.0,6.0,1.0,83.0,67.0,15.0,165.0,23.0,188.0,60.0,39.0,58.0,13.0,38.0,35.0,20.0,93.0,17.0,35.0,87.0,5.0,9.0,96.0,4.0,5.0,84.0,39.0,6.0,11.0,7.0,3.0,13.0,8.0,94.0,404.0,11.0,3.0,0.3089430894308943,0.3114754098360656,0.6428571428571429,0.375,0.6,0.37668161434977576,0.47126436781609193,0.47368421052631576,0.48717948717948717,0.51340206185567,0.6617647058823529,0.47435897435897434,0.5422264875239923,0.6714285714285714,0.5388888888888889,0.4618556701030928,0.06513409961685823,0.11764705882352941,24.60859092733842,0.6236559139784946,0.3333333333333333,0.02,0.14660831509846828,0.01125703564727955,0.15660377358490565,0.03137254901960784,0.1519756838905775,0.02109300095877277,0.015544041450777202,0.013513513513513514,,0.029925187032418952,0.12941176470588237,0.17073170731707318,0.12195121951219512,0.1575,0.15384615384615385,0.6153846153846154,0.1402061855670103,0.7205882352941176,0.8166666666666667,0.3673469387755102,0.17938144329896907,0.3448275862068966,0.38461538461538464,0.26666666666666666,0.21855670103092784,0.41509433962264153,0.41509433962264153,0.2727272727272727,0.08247422680412371,0.275,0.275,0.8181818181818182,0.37938144329896906,0.3967391304347826,0.3989071038251366,0.6164383561643836,0.14705882352941177,0.6,0.058823529411764705,0.5,1.0,0.38235294117647056,0.11538461538461539,0.7777777777777778,0.07692307692307693,0.4230769230769231,0.6020618556701031,0.3989071038251366,0.5056958592132506,0.47215,0.49344802631578943,0.07961165048543689,0.13448275862068965,0.08303886925795052,0.17137809187279152,10.939846743295018,26.02008928571429,0.18822479928635147,2.0,8.0,10.0,12.0,2.0,21.0,4.0,2.0,2.0,7.0,10.0,2.0,,1.0,0.3076923076923077,0.10344827586206896,0.0078125,0.3333333333333333,0.6153846153846154,0.5,0.3333333333333333,0.30303030303030304,1.0,1.0,1.0,2.0,0.004464285714285714,0.005434782608695652,0.03669724770642202,0.008888888888888889,3.0,1.0,,,2.0,1.0,,,1.0,False,,2.0,
203083,1610612755,Andre Drummond,Andre Drummond,203083,PHI,34996.0,583,-146.0,1163,1179,190.0,196,154,2342,72.0,120.0,23.0,51.0,14.0,18.0,16.0,39.0,,1.0,1.0,6.0,1.0,2.0,1.0,,6.0,,3.0,88.0,160,1.0,12.0,38.0,217.0,1391,24.0,53.0,1.0,2.0,11.0,62.0,17.0,23.0,4.0,10.0,44.0,116.0,60.0,,3.0,38.0,4.0,,21.0,14.0,7.0,21.0,4.0,3.0,10.0,4.0,,49.0,22.0,52.0,4.0,77.0,69.0,13.0,159.0,78.0,237.0,34.0,18.0,17.0,4.0,8.0,32.0,9.0,49.0,6.0,38.0,72.0,3.0,14.0,54.0,11.0,1.0,66.0,32.0,6.0,12.0,5.0,7.0,12.0,5.0,44.0,188.0,2.0,6.0,0.6590909090909091,0.8405797101449275,,0.08333333333333333,0.5,0.1,0.55,0.4528301886792453,0.7391304347826086,0.5203488372093024,0.4636363636363636,0.6296296296296297,0.5425,0.484375,0.5945945945945946,0.06976744186046512,0.13125,0.10833333333333334,18.458117123795404,0.3469387755102041,0.52,0.11764705882352941,0.28512396694214875,0.16507936507936508,0.3117408906882591,0.08333333333333333,0.2985685071574642,0.12780656303972365,0.16058394160583941,0.1732283464566929,0.1568627450980392,0.07766990291262135,0.24,0.30612244897959184,0.3409090909090909,0.3165829145728643,0.2916666666666667,0.4166666666666667,0.6976744186046512,0.6,0.6728971962616822,0.6111111111111112,0.22674418604651161,0.41025641025641024,0.5161290322580645,0.875,0.005813953488372093,,,,0.03488372093023256,0.16666666666666666,0.16666666666666666,,0.03488372093023256,,,,0.9272727272727272,0.45098039215686275,0.03636363636363636,0.5,,,0.6666666666666666,0.7777777777777778,0.037037037037037035,0.1111111111111111,0.7674418604651163,,0.5926355882352939,0.6137538461538461,0.584096,0.16494845360824742,0.17582417582417584,0.2857142857142857,0.20276497695852536,2.933750000000001,30.491666666666664,0.16337059329320722,,,,,11.0,16.0,3.0,,3.0,8.0,10.0,,,1.0,,0.20512820512820512,0.18333333333333332,0.13043478260869565,,,,,2.0,,,,,,0.10344827586206896,,4.0,,3.0,,,,,,4.0,False,,,1.0
203954,1610612755,Joel Embiid,Joel Embiid,203954,PHI,29028.0,484,-25.0,986,980,195.0,192,83,1966,43.0,63.0,7.0,14.0,7.0,11.0,37.0,81.0,24.0,65.0,,,,,,21.0,66.0,3.0,5.0,104.0,209,21.0,66.0,124.0,395.0,1080,11.0,24.0,,3.0,12.0,34.0,20.0,42.0,5.0,39.0,88.0,110.0,98.0,60.0,3.0,14.0,66.0,21.0,13.0,39.0,32.0,71.0,26.0,6.0,29.0,7.0,3.0,174.0,11.0,16.0,,58.0,40.0,4.0,102.0,27.0,129.0,12.0,8.0,25.0,11.0,11.0,28.0,14.0,53.0,11.0,21.0,38.0,1.0,3.0,99.0,3.0,,140.0,62.0,13.0,14.0,8.0,5.0,15.0,8.0,85.0,189.0,2.0,10.0,0.5288461538461539,0.5670103092783505,0.9523809523809523,0.3181818181818182,,0.3181818181818182,0.49760765550239233,0.4583333333333333,0.47619047619047616,0.49272727272727274,0.4074074074074074,0.5212765957446809,0.5794117647058824,0.5,0.6470588235294118,0.24,0.06220095693779904,0.06349206349206349,36.397400185701024,0.4716981132075472,0.26666666666666666,,0.1941747572815534,0.0761904761904762,0.2248062015503876,0.045454545454545456,0.21120689655172414,0.059734513274336286,0.13432835820895522,0.08139534883720931,,0.03208556149732621,0.125,0.22018348623853212,0.24242424242424243,0.2192513368983957,0.23943661971830985,0.5333333333333333,0.2290909090909091,0.6825396825396826,0.7288135593220338,0.6046511627906976,0.29454545454545455,0.4567901234567901,0.5,0.4864864864864865,0.23636363636363636,0.36923076923076925,0.38095238095238093,0.4583333333333333,,,,,0.24,0.3181818181818182,0.3230769230769231,0.9523809523809523,0.5185185185185185,0.5,,,,0.1111111111111111,0.23404255319148937,0.6363636363636364,,0.10638297872340426,0.4690909090909091,0.3181818181818182,0.496802909090909,0.5524275000000001,0.4569712765957446,0.18960244648318042,0.23754789272030652,0.08607594936708861,0.22278481012658227,9.610047846889952,26.401515151515152,0.19776876267748478,,,3.0,3.0,10.0,4.0,3.0,,3.0,2.0,10.0,1.0,1.0,,0.6,0.08641975308641975,0.07462686567164178,0.14285714285714285,,,,0.6,,1.0,1.0,,0.015151515151515152,0.015151515151515152,0.09090909090909091,,7.0,1.0,1.0,,,,0.03076923076923077,,,False,,,
202704,1610612755,Reggie Jackson,Reggie Jackson,202704,PHI,23040.0,384,-19.0,761,764,217.0,201,86,1525,11.0,19.0,1.0,2.0,1.0,4.0,12.0,28.0,4.0,12.0,6.0,15.0,1.0,2.0,4.0,19.0,59.0,2.0,23.0,27.0,59,25.0,74.0,7.0,136.0,880,1.0,3.0,3.0,4.0,,11.0,4.0,10.0,27.0,4.0,33.0,24.0,30.0,60.0,15.0,2.0,57.0,19.0,2.0,24.0,21.0,45.0,13.0,8.0,16.0,6.0,2.0,111.0,4.0,4.0,,25.0,8.0,1.0,34.0,8.0,42.0,16.0,10.0,9.0,3.0,9.0,8.0,,17.0,4.0,10.0,34.0,2.0,1.0,8.0,,1.0,9.0,3.0,2.0,3.0,2.0,1.0,3.0,,33.0,217.0,,2.0,0.4444444444444444,0.46153846153846156,0.8,0.33783783783783783,0.75,0.3472222222222222,0.4576271186440678,0.3333333333333333,0.4,0.4849624060150376,0.7857142857142857,0.3918918918918919,0.49635036496350365,0.7857142857142857,0.4125,0.556390977443609,0.03389830508474576,0.10526315789473684,17.92782305005821,0.5294117647058824,0.06666666666666667,,0.05228758169934641,0.023255813953488372,0.13089005235602094,0.021164021164021163,0.09593023255813954,0.0221606648199446,0.0136986301369863,0.013888888888888888,0.07407407407407407,0.028169014084507043,0.05172413793103448,0.05405405405405406,0.047619047619047616,0.12337662337662338,0.16216216216216217,,0.14285714285714285,0.5789473684210527,0.6470588235294118,0.6363636363636364,0.21052631578947367,0.42857142857142855,0.42857142857142855,0.4166666666666667,0.09022556390977443,0.3333333333333333,0.3333333333333333,,0.11278195488721804,0.4,0.4,1.0,0.44360902255639095,0.3220338983050847,0.3275862068965517,0.7368421052631579,0.2857142857142857,0.5,0.2857142857142857,0.5,1.0,0.2857142857142857,0.10810810810810811,0.25,0.10810810810810811,0.6216216216216216,0.6992481203007519,0.3333333333333333,0.515079389312977,0.51815,0.49906428571428574,0.022222222222222223,0.04918032786885246,0.08088235294117647,0.2426470588235294,7.913559322033897,26.62837837837838,0.2851511169513798,1.0,2.0,6.0,7.0,2.0,6.0,1.0,,1.0,1.0,1.0,,,,0.25925925925925924,,0.0273972602739726,,1.0,1.0,0.25,0.2608695652173913,2.0,1.0,,,0.013513513513513514,0.01694915254237288,,,1.0,,,1.0,,,,,,False,,,
1629022,1610612755,Lonnie Walker IV,Lonnie Walker IV,1629022,PHI,9782.0,163,-43.0,352,352,33.0,91,38,704,8.0,17.0,1.0,1.0,,1.0,2.0,7.0,2.0,4.0,3.0,6.0,1.0,2.0,,12.0,32.0,2.0,3.0,12.0,28,15.0,38.0,4.0,73.0,411,1.0,2.0,2.0,4.0,,8.0,,1.0,3.0,,3.0,16.0,8.0,30.0,15.0,,31.0,12.0,2.0,18.0,10.0,28.0,10.0,,12.0,5.0,1.0,66.0,,2.0,,11.0,15.0,1.0,27.0,2.0,29.0,3.0,3.0,7.0,,6.0,2.0,1.0,9.0,2.0,9.0,10.0,,,5.0,,,5.0,2.0,,1.0,1.0,,1.0,1.0,3.0,33.0,,,0.6666666666666666,0.6666666666666666,0.6666666666666666,0.39473684210526316,0.5,0.40540540540540543,0.42857142857142855,0.5,,0.5227272727272727,0.6666666666666666,0.375,0.5367647058823529,0.6666666666666666,0.375,0.5757575757575758,0.07142857142857142,0.11764705882352941,19.543147208121827,0.7777777777777778,0.1,,0.1875,0.024691358024691357,0.14285714285714285,,0.16560509554140126,0.011764705882352941,0.02631578947368421,0.03125,,,0.15789473684210525,0.11764705882352941,0.625,0.13725490196078433,0.15384615384615385,1.0,0.25757575757575757,0.47058823529411764,0.5333333333333333,0.75,0.10606060606060606,0.2857142857142857,0.2857142857142857,0.5,0.06060606060606061,0.5,0.5,0.5,0.09090909090909091,0.5,0.5,1.0,0.48484848484848486,0.375,0.375,0.5833333333333334,0.16666666666666666,1.0,0.3333333333333333,0.5,1.0,0.3333333333333333,0.25,,,0.75,0.8333333333333334,0.3870967741935484,0.5493392307692307,0.48135,0.5096833333333334,0.029411764705882353,0.06666666666666667,0.1095890410958904,0.0410958904109589,5.689285714285714,26.826315789473686,0.09375,,1.0,1.0,1.0,1.0,,,1.0,,1.0,,,,,0.3333333333333333,,0.027777777777777776,1.0,0.5,1.0,,0.3333333333333333,1.0,,1.0,,,,,,1.0,,,,,,,,,False,,,
1630215,1610612755,Jared Butler,Jared Butler,1630215,PHI,14516.0,242,,501,503,95.0,130,60,1004,11.0,19.0,1.0,1.0,4.0,5.0,12.0,25.0,2.0,6.0,6.0,11.0,1.0,1.0,4.0,15.0,44.0,7.0,10.0,25.0,50,21.0,55.0,13.0,126.0,562,3.0,4.0,2.0,8.0,2.0,14.0,8.0,11.0,14.0,5.0,30.0,12.0,38.0,51.0,12.0,,44.0,15.0,8.0,36.0,14.0,50.0,8.0,6.0,24.0,9.0,3.0,114.0,3.0,2.0,,10.0,6.0,1.0,17.0,5.0,22.0,11.0,9.0,14.0,4.0,12.0,6.0,2.0,20.0,4.0,9.0,23.0,1.0,,13.0,,1.0,14.0,7.0,,3.0,2.0,1.0,3.0,2.0,30.0,95.0,4.0,,0.24,0.24,0.8095238095238095,0.38181818181818183,0.25,0.38181818181818183,0.5,0.75,0.7272727272727273,0.5380952380952381,0.5,0.5,0.5625,0.5384615384615384,0.5357142857142857,0.5238095238095238,0.16,0.21052631578947367,23.198594024604567,0.7,0.07142857142857142,,0.04878048780487805,0.01680672268907563,0.08695652173913043,0.024193548387096774,0.06722689075630252,0.0205761316872428,0.03278688524590164,,,0.027777777777777776,0.05357142857142857,0.05660377358490566,,0.09876543209876543,0.058823529411764705,0.6666666666666666,0.18095238095238095,0.5789473684210527,0.7333333333333333,0.18181818181818182,0.23809523809523808,0.48,0.5454545454545454,0.25,0.05714285714285714,0.3333333333333333,0.4,0.5,0.10476190476190476,0.5454545454545454,0.5454545454545454,1.0,0.41904761904761906,0.3409090909090909,0.3409090909090909,0.7333333333333333,0.08333333333333333,1.0,0.08333333333333333,1.0,1.0,0.5833333333333334,0.2,0.8,0.16,0.4,0.7047619047619048,0.3409090909090909,0.5277697115384616,0.49218125,0.5216604166666666,0.0625,0.12280701754385964,0.1111111111111111,0.23809523809523808,6.641999999999999,26.107272727272733,0.18962075848303392,1.0,1.0,2.0,3.0,,2.0,2.0,,,,,,,,0.21428571428571427,0.12,,,0.14285714285714285,1.0,0.25,0.2,,,,,,,,,,,,,,,0.16666666666666666,,,False,,,
1631250,1610612755,Pete Nance,Pete Nance,1631250,PHI,4106.0,68,-12.0,130,132,50.0,54,17,262,1.0,2.0,,,,,,1.0,,,1.0,1.0,,,1.0,3.0,11.0,1.0,3.0,1.0,3,4.0,12.0,1.0,15.0,158,,,1.0,1.0,,3.0,,,4.0,1.0,7.0,2.0,,12.0,,,10.0,3.0,,1.0,2.0,3.0,2.0,,,1.0,,8.0,2.0,,,3.0,4.0,1.0,8.0,2.0,10.0,1.0,,,,,,,,,4.0,10.0,3.0,,1.0,,,2.0,,1.0,,,,,,7.0,50.0,3.0,1.0,1.0,1.0,1.0,0.3333333333333333,1.0,0.36363636363636365,0.3333333333333333,,,0.4666666666666667,1.5,0.75,0.46875,1.5,0.7,0.8,,,10.666666666666666,,0.14285714285714285,,0.19047619047619047,,0.08333333333333333,0.058823529411764705,0.12280701754385964,0.031746031746031744,,,,0.06896551724137931,,0.2727272727272727,0.14285714285714285,0.04,0.18181818181818182,,0.13333333333333333,0.5,0.5,1.0,0.06666666666666667,,,,,,,,0.06666666666666667,1.0,1.0,1.0,0.7333333333333333,0.2727272727272727,0.3,1.0,,,,,,1.0,,,0.25,0.75,0.9333333333333333,0.3,0.5226392857142858,0.4779,0.5406,,,0.2,0.4666666666666667,4.5,30.733333333333334,0.38461538461538464,1.0,1.0,1.0,2.0,,1.0,,,,,,,,,0.5,,,,1.0,1.0,1.0,0.3333333333333333,1.0,1.0,,,0.08333333333333333,0.09090909090909091,,,,,,,,,,,,False,,,
1631311,1610612755,Lester Quinones,Lester Quinones,1631311,PHI,1018.0,17,-4.0,41,42,30.0,20,4,83,4.0,4.0,2.0,2.0,3.0,3.0,,1.0,,,,,,,,,3.0,1.0,2.0,4.0,5,,3.0,1.0,9.0,43,2.0,2.0,,1.0,1.0,5.0,3.0,4.0,2.0,,6.0,2.0,6.0,,,4.0,3.0,,,1.0,,1.0,,,,,1.0,2.0,1.0,2.0,,1.0,,,1.0,3.0,4.0,,,3.0,,2.0,1.0,1.0,4.0,4.0,,,,,1.0,,,1.0,1.0,,,,,,,6.0,30.0,,,0.25,0.5,,,,,0.8,1.0,0.75,0.5,0.6666666666666666,0.5,0.5625,0.8333333333333334,0.5,0.375,,,26.08695652173913,0.75,,,,0.3333333333333333,0.09090909090909091,0.09090909090909091,0.06666666666666667,0.17647058823529413,,0.5,,0.1111111111111111,,,,0.125,,,0.5,1.0,1.0,0.25,0.125,,,,,,,,,,,,0.375,,,,0.6666666666666666,1.0,,,,0.3333333333333333,0.5,1.0,,0.3333333333333333,0.875,,0.59383125,0.7112,0.58955,0.125,0.2,0.5555555555555556,0.6666666666666666,3.12,26.866666666666664,0.7317073170731707,,,,,1.0,,,,1.0,,1.0,,,,,,0.25,,,,,,,,,,,,,,,,,,,,,,,False,,,
1642024,1610612755,Alex Reese,Alex Reese,1642024,PHI,7632.0,127,39.0,266,268,62.0,95,30,534,7.0,7.0,3.0,3.0,2.0,2.0,1.0,3.0,,,1.0,4.0,,,2.0,6.0,15.0,2.0,5.0,8.0,10,7.0,19.0,5.0,42.0,284,3.0,4.0,,2.0,,6.0,2.0,4.0,7.0,1.0,17.0,10.0,6.0,21.0,,6.0,15.0,6.0,1.0,1.0,,1.0,,,,,1.0,2.0,7.0,,,10.0,10.0,2.0,22.0,7.0,29.0,7.0,6.0,4.0,,4.0,,,4.0,,7.0,10.0,,,6.0,2.0,,7.0,3.0,1.0,8.0,6.0,2.0,8.0,4.0,17.0,62.0,,1.0,0.625,1.0,1.0,0.3684210526315789,,0.3684210526315789,0.8,0.75,0.5,0.6379310344827587,0.5,0.7272727272727273,0.65625,0.5,0.7083333333333334,0.6551724137931034,0.1,,12.080536912751677,1.0,0.4,,0.1388888888888889,,0.14492753623188406,0.10144927536231885,0.14184397163120568,0.059322033898305086,,,,0.10714285714285714,0.1111111111111111,0.16666666666666666,0.16666666666666666,0.07142857142857142,0.25925925925925924,0.5,0.2413793103448276,1.0,1.0,0.5714285714285714,0.10344827586206896,0.3333333333333333,0.5,1.0,,,,,0.13793103448275862,0.25,0.25,1.0,0.5172413793103449,0.4,0.4,1.0,0.5,1.0,,,,0.3333333333333333,0.18181818181818182,1.0,0.18181818181818182,0.45454545454545453,0.896551724137931,0.4,0.5490241379310344,,0.5149409090909091,0.0967741935483871,0.25,0.14285714285714285,0.40476190476190477,2.98,25.53684210526316,0.23308270676691728,,,4.0,4.0,,1.0,,,,,1.0,,,1.0,0.5714285714285714,0.3333333333333333,,,,,,0.8,,,,,,,0.07692307692307693,,,,,,1.0,,,,,False,,,
1629643,1610612755,Chuma Okeke,Chuma Okeke,1629643,PHI,5571.0,93,-25.0,183,189,39.0,51,28,372,5.0,6.0,5.0,6.0,,1.0,,,,,3.0,7.0,,1.0,1.0,4.0,10.0,3.0,3.0,5.0,6,7.0,17.0,2.0,33.0,233,5.0,6.0,1.0,4.0,,13.0,,1.0,4.0,,9.0,,10.0,21.0,,10.0,10.0,4.0,,5.0,2.0,7.0,2.0,,4.0,,1.0,16.0,10.0,5.0,,6.0,9.0,,15.0,15.0,30.0,5.0,2.0,,,,1.0,,1.0,1.0,2.0,5.0,,,4.0,2.0,1.0,3.0,,,,,,2.0,1.0,9.0,39.0,,,,,1.0,0.4117647058823529,0.25,0.4117647058823529,0.8333333333333334,0.8333333333333334,,0.6739130434782609,0.65,0.9,0.6875,0.65,0.9,0.7391304347826086,,,11.627906976744187,,,,0.21951219512195122,0.10638297872340426,0.17647058823529413,0.18181818181818182,0.2,0.14705882352941177,0.05263157894736842,0.058823529411764705,0.2727272727272727,0.18181818181818182,0.1,0.29411764705882354,0.5,0.13043478260869565,0.2727272727272727,0.5,0.2608695652173913,0.8333333333333334,0.8333333333333334,,,,,,,,,,0.30434782608695654,0.42857142857142855,0.42857142857142855,1.0,0.43478260869565216,0.4,0.4,1.0,0.6,0.8333333333333334,0.1,,,0.3,0.2,,0.2,0.6,1.0,0.4,0.5657565217391304,0.55375,0.54443,0.041666666666666664,,0.3939393939393939,0.2727272727272727,0.7833333333333333,24.92941176470588,0.21311475409836064,1.0,1.0,2.0,3.0,,3.0,1.0,,,1.0,,2.0,1.0,,0.75,,,,0.3333333333333333,1.0,1.0,0.6666666666666666,,,,1.0,,,0.18181818181818182,0.05555555555555555,,,,,,,,,,False,,1.0,
1641720,1610612755,Jalen Hood-Schifino,Jalen Hood-Schifino,1641720,PHI,8122.0,135,-38.0,274,273,53.0,84,37,547,4.0,9.0,,,1.0,4.0,7.0,8.0,4.0,10.0,1.0,2.0,,,,6.0,25.0,2.0,4.0,15.0,27,7.0,27.0,9.0,60.0,343,,,1.0,2.0,,3.0,2.0,7.0,4.0,,7.0,12.0,18.0,12.0,9.0,,25.0,6.0,1.0,13.0,7.0,20.0,5.0,2.0,10.0,2.0,1.0,47.0,,1.0,,4.0,5.0,,9.0,1.0,10.0,4.0,2.0,9.0,1.0,4.0,4.0,5.0,13.0,4.0,7.0,12.0,1.0,1.0,8.0,1.0,,11.0,6.0,,5.0,4.0,1.0,5.0,1.0,7.0,53.0,,,0.4,0.4,0.5714285714285714,0.25925925925925924,0.5,0.25925925925925924,0.5555555555555556,,0.2857142857142857,0.4722222222222222,0.75,0.3181818181818182,0.5084745762711864,0.75,0.3181818181818182,0.5,0.037037037037037035,0.1111111111111111,23.003194888178914,0.6923076923076923,,,0.07692307692307693,0.019230769230769232,0.07142857142857142,,0.0743801652892562,0.007518796992481203,0.045454545454545456,,,,0.08108108108108109,0.08695652173913043,,0.12121212121212122,,0.2,0.16666666666666666,0.4444444444444444,0.5,0.5,0.14814814814814814,0.875,0.875,0.14285714285714285,0.18518518518518517,0.4,0.4,0.75,0.037037037037037035,0.5,0.5,1.0,0.46296296296296297,0.24,0.2608695652173913,0.5,,,,,,1.0,0.36363636363636365,0.25,,0.36363636363636365,0.6666666666666666,0.24,0.4972194444444445,0.53385,0.5052818181818182,0.1016949152542373,0.1875,0.05,0.11666666666666667,10.62222222222222,26.08518518518518,0.19343065693430658,,1.0,1.0,1.0,,2.0,2.0,,,,1.0,,,,0.25,,,,0.5,1.0,,0.25,,2.0,,,0.07407407407407407,0.08,,,,,,,,,,,,False,,,
1630542,1610612755,Marcus Bagley,Marcus Bagley,1630542,PHI,4516.0,75,-33.0,150,159,20.0,45,18,309,5.0,7.0,2.0,3.0,,,1.0,3.0,,,,1.0,,,,,9.0,,1.0,6.0,10,,10.0,3.0,15.0,179,3.0,5.0,,,,6.0,,,1.0,,,6.0,6.0,,,4.0,9.0,,1.0,,1.0,1.0,1.0,,,,,3.0,3.0,2.0,,7.0,5.0,2.0,14.0,5.0,19.0,3.0,1.0,,,,,,,,3.0,3.0,,,3.0,,,4.0,2.0,,4.0,2.0,1.0,4.0,2.0,,20.0,,,0.5,0.75,,,,,0.6,0.6,,0.3,0.6,,0.3409090909090909,0.6,,0.5,0.1,0.14285714285714285,12.941176470588236,,0.6666666666666666,,0.11904761904761904,0.058823529411764705,0.21212121212121213,0.06976744186046512,0.16,0.06493506493506493,,0.2,,0.08571428571428572,0.09523809523809523,0.17647058823529413,,0.25,0.15384615384615385,0.5,0.35,0.7142857142857143,0.8333333333333334,0.6,0.15,0.3333333333333333,0.3333333333333333,,,,,,0.05,,,,0.45,,,,0.6,0.6666666666666666,,,,,,,,1.0,0.85,,0.5389649999999999,0.47953333333333337,0.5112,0.09090909090909091,0.16666666666666666,0.4,,4.17,26.609999999999996,0.13333333333333333,,,,,1.0,2.0,,,,,,,,,,,0.07692307692307693,,,,,,,,,,,,,,,1.0,,,,,,,,False,,,
1630658,1610612755,Colin Castleton,Colin Castleton,1630658,PHI,483.0,8,-2.0,17,14,3.0,8,3,31,,,,,,,,1.0,,,,1.0,,,,,1.0,1.0,,,1,,2.0,,,16,,,,1.0,,,,,,,,,,,,,1.0,,,,2.0,2.0,2.0,,,,,6.0,,,,1.0,1.0,,2.0,,2.0,,,,,,,,,,2.0,2.0,,,1.0,,,2.0,1.0,,,,,,,,3.0,,,,,,,,,,,,,,,,,,0.6666666666666666,,,19.047619047619047,,,,0.25,,0.3333333333333333,,0.2857142857142857,,,,,,0.3333333333333333,,,0.3333333333333333,,,,,,,0.3333333333333333,,,,,,,,0.3333333333333333,,,,0.3333333333333333,,,,,,,,,1.0,,,,,0.6666666666666666,,0.4986833333333333,0.5082,,0.25,0.5,,,5.8,23.95,0.17647058823529413,,,,,,,,,,,,,,,,,,,,,,,,,,,,,,,,,,,,,,,,False,,,
1630762,1610612755,Phillip Wheeler,Phillip Wheeler,1630762,PHI,2221.0,37,12.0,73,74,10.0,16,11,147,3.0,10.0,,1.0,,1.0,,,,,,2.0,,,,,5.0,,2.0,3.0,10,,7.0,2.0,8.0,72,,1.0,,,,,,1.0,2.0,,,2.0,4.0,,,,5.0,,,2.0,,2.0,,,1.0,1.0,,4.0,,1.0,,2.0,3.0,,5.0,1.0,6.0,1.0,1.0,,,,1.0,,1.0,,1.0,1.0,,,1.0,,,2.0,1.0,,2.0,2.0,,2.0,1.0,,10.0,,,0.3333333333333333,0.3333333333333333,,,,,0.3,,,0.17647058823529413,,,0.2222222222222222,,,0.4117647058823529,,,22.35294117647059,,,,0.16666666666666666,0.05555555555555555,0.09090909090909091,,0.125,0.022727272727272728,0.1,,,,0.16666666666666666,0.2,,0.13333333333333333,,0.5,0.5882352941176471,0.3,0.3,0.3333333333333333,,,,,,,,,0.11764705882352941,,,,0.29411764705882354,,,,1.0,,,,,,0.3333333333333333,,,0.6666666666666666,1.0,,0.5726294117647059,0.423,0.5403,0.05555555555555555,0.09090909090909091,,,2.37,24.62857142857143,0.136986301369863,,,,,1.0,,1.0,,,,,,,,,,0.07142857142857142,,,,,,,,,,,,,,,,,,,,,,,False,,,
1629052,1610612755,Oshae Brissett,Oshae Brissett,1629052,PHI,3865.0,64,-24.0,130,129,22.0,27,19,259,4.0,7.0,3.0,3.0,1.0,2.0,4.0,7.0,,,1.0,3.0,,,1.0,3.0,6.0,1.0,,8.0,14,4.0,9.0,4.0,32.0,167,3.0,3.0,1.0,1.0,,9.0,1.0,3.0,1.0,,2.0,8.0,8.0,6.0,6.0,6.0,6.0,3.0,2.0,,2.0,2.0,2.0,,,,,6.0,2.0,3.0,,3.0,,1.0,4.0,5.0,9.0,2.0,1.0,4.0,,1.0,1.0,3.0,5.0,,3.0,5.0,,,6.0,,,9.0,5.0,,1.0,1.0,,1.0,,2.0,22.0,,,0.5,0.8,0.5,0.4444444444444444,1.0,0.4444444444444444,0.5714285714285714,1.0,0.3333333333333333,0.6086956521739131,1.125,0.25,0.5925925925925926,0.9,0.25,0.391304347826087,0.14285714285714285,0.14285714285714285,21.192052980132452,0.8,1.0,,,0.08571428571428572,0.11538461538461539,0.058823529411764705,0.061224489795918366,0.07246376811594203,0.15789473684210525,,,0.03333333333333333,,,,0.11764705882352941,0.1111111111111111,,0.30434782608695654,0.5714285714285714,0.6666666666666666,0.25,0.30434782608695654,0.5714285714285714,0.6666666666666666,0.75,,,,,0.13043478260869565,0.3333333333333333,0.3333333333333333,,0.2608695652173913,0.5,0.5,0.6666666666666666,0.75,1.0,,,,0.25,0.5,0.5,0.25,,0.6956521739130435,0.5,0.5372195652173913,0.6951333333333333,0.5803375,0.18518518518518517,0.2777777777777778,0.28125,0.0625,3.6142857142857143,25.233333333333334,0.16923076923076924,,1.0,,,,1.0,1.0,,,3.0,1.0,,,,,0.14285714285714285,,,1.0,1.0,,,,,,,,,0.25,,,,,,1.0,,,,,False,,,
1631223,1610612755,David Roddy,David Roddy,1631223,PHI,1120.0,19,7.0,38,38,,18,8,76,3.0,4.0,1.0,1.0,,,2.0,3.0,,,,1.0,,1.0,,2.0,7.0,1.0,,5.0,7,2.0,8.0,,16.0,36,2.0,2.0,1.0,2.0,,7.0,,,,,,4.0,6.0,3.0,3.0,,7.0,2.0,2.0,1.0,,1.0,,,1.0,,,2.0,2.0,,,3.0,2.0,,5.0,2.0,7.0,2.0,2.0,1.0,,,,1.0,1.0,,,,,,,,,,,,,,,,,,,,,0.4,0.4,0.5,0.25,0.5,0.25,0.7142857142857143,1.0,,0.5333333333333333,0.875,,0.5333333333333333,0.875,,0.5333333333333333,0.2857142857142857,0.25,32.6530612244898,1.0,,,0.2222222222222222,,0.25,0.11764705882352941,0.23809523809523808,0.07407407407407407,,,,0.125,0.3333333333333333,0.25,,0.2727272727272727,,,0.26666666666666666,0.75,1.0,0.3333333333333333,0.2,0.6666666666666666,1.0,0.5,,,,,0.06666666666666667,,,,0.4666666666666667,0.2857142857142857,0.2857142857142857,0.5,0.25,1.0,0.25,,,0.25,,,,,0.8,0.2857142857142857,0.5089,0.41841666666666666,,,,0.4375,,4.157142857142857,26.5375,,,1.0,,,,,,,,1.0,,,,,,0.3333333333333333,,,1.0,,,,,,,,,,,,,,,,,,,,,False,,,
