EntityId,TeamId,Name,ShortName,RowId,TeamAbbreviation,SecondsPlayed,Minutes,PlusMinus,OffPoss,DefPoss,PenaltyDefPoss,SecondChanceOffPoss,TotalPoss,AtRimFGM,AtRimFGA,ShortMidRangeFGA,Arc3FGM,Arc3FGA,FG2M,FG2A,FG3M,FG3A,Points,OpponentPoints,SecondChanceFG2A,PtsAssisted2s,PtsAssisted3s,NonHeaveArc3FGA,NonHeaveArc3FGM,TwoPtAssists,Assists,AtRimAssists,ShortMidRangeAssists,AssistPoints,OffTwoPtRebounds,DefThreePtRebounds,DefRebounds,OffRebounds,Rebounds,Steals,BadPassSteals,Assisted2sPct,NonPutbacksAssisted2sPct,Assisted3sPct,Fg3Pct,NonHeaveFg3Pct,Fg2Pct,EfgPct,TsPct,FG3APct,Usage,OffTwoPtReboundPct,DefThreePtReboundPct,DefFGReboundPct,OffFGReboundPct,OffShortMidRangeReboundPct,DefArc3ReboundPct,AtRimFrequency,AtRimAccuracy,UnblockedAtRimAccuracy,AtRimPctAssisted,ShortMidRangeFrequency,Arc3Frequency,Arc3Accuracy,UnblockedArc3Accuracy,Arc3PctAssisted,AtRimFG3AFrequency,NonHeaveArc3Accuracy,ShotQualityAvg,SecondChanceShotQualityAvg,Avg2ptShotDistance,Avg3ptShotDistance,FoulsDrawn,PenaltyOffPoss,SecondChanceAtRimFGM,SecondChanceAtRimFGA,PenaltyAtRimFGM,PenaltyAtRimFGA,ShortMidRangeFGM,FtPoints,SecondChanceFG2M,SecondChancePoints,PenaltyFG2M,PenaltyFG2A,PenaltyPoints,PtsUnassisted2s,PtsPutbacks,FTOffRebounds,DefTwoPtRebounds,FTDefRebounds,LiveBallTurnovers,BadPassTurnovers,DeadBallTurnovers,Turnovers,PenaltyTurnovers,ShootingFouls,Fouls,Offensive Fouls,FTA,2pt And 1 Free Throw Trips,TwoPtShootingFoulsDrawn,Blocked2s,BlockedAtRim,Blocks,RecoveredBlocks,OffensiveGoaltends,PenaltyPointsExcludingTakeFouls,PenaltyOffPossExcludingTakeFouls,SecondChanceFg2Pct,PenaltyFg2Pct,SecondChanceEfgPct,PenaltyEfgPct,SecondChanceTsPct,PenaltyTsPct,LiveBallTurnoverPct,DefFTReboundPct,OffFTReboundPct,DefTwoPtReboundPct,OffAtRimReboundPct,DefAtRimReboundPct,DefShortMidRangeReboundPct,DefLongMidRangeReboundPct,DefCorner3ReboundPct,BlocksRecoveredPct,ShortMidRangeAccuracy,UnblockedShortMidRangeAccuracy,ShortMidRangePctAssisted,SecondChanceAtRimFrequency,SecondChanceAtRimAccuracy,PenaltyAtRimFrequency,PenaltyAtRimAccuracy,PenaltyShotQualityAvg,ShootingFoulsDrawnPct,TwoPtShootingFoulsDrawnPct,SecondChancePointsPct,PenaltyPointsPct,PenaltyOffPossPct,SecondChanceArc3FGA,SecondChanceFG3A,PenaltyFtPoints,PtsUnassisted3s,BadPassOutOfBoundsTurnovers,LostBallTurnovers,SecondChanceTurnovers,NonShootingFoulsDrawn,NonShootingPenaltyNonTakeFoulsDrawn,SecondChanceArc3Frequency,LongMidRangeFGA,OffThreePtRebounds,LostBallSteals,Travels,Offensive Fouls Drawn,OffThreePtReboundPct,OffArc3ReboundPct,LongMidRangeFrequency,ThreePtAssists,Arc3Assists,Corner3Assists,LostBallOutOfBoundsTurnovers,Loose Ball Fouls Drawn,Corner3FGM,Corner3FGA,SecondChanceCorner3FGM,SecondChanceCorner3FGA,PenaltyCorner3FGM,PenaltyCorner3FGA,PenaltyArc3FGA,SecondChanceFG3M,PenaltyFG3M,PenaltyFG3A,Fg2aBlocked,BlockedShortMidRange,SecondChanceFg3Pct,PenaltyFg3Pct,FG2APctBlocked,AtRimPctBlocked,ShortMidRangePctBlocked,Corner3Frequency,Corner3Accuracy,UnblockedCorner3Accuracy,Corner3PctAssisted,SecondChanceCorner3Frequency,SecondChanceCorner3Accuracy,SecondChanceCorner3PctAssisted,PenaltyCorner3Frequency,PenaltyCorner3Accuracy,PenaltyArc3Frequency,PenaltyArc3FGM,NonShootingPenaltyNonTakeFouls,PenaltyArc3Accuracy,SecondChanceFtPoints,Technical Free Throw Trips,on,LongMidRangeFGM,SecondChanceArc3FGM,HeaveAttempts,Fg3aBlocked,LongMidRangeAssists,SelfOReb,StepOutOfBoundsTurnovers,Charge Fouls,Loose Ball Fouls,Transition Take Fouls Drawn,ThreePtShootingFoulsDrawn,Blocked3s,BlockedArc3,BlockedCorner3,BlockedLongMidRange,DefensiveGoaltends,FG3APctBlocked,Arc3PctBlocked,OffLongMidRangeReboundPct,OffCorner3ReboundPct,SelfORebPct,LongMidRangeAccuracy,UnblockedLongMidRangeAccuracy,SecondChanceAtRimPctAssisted,SecondChanceArc3Accuracy,SecondChanceArc3PctAssisted,ThreePtShootingFoulsDrawnPct,Corner3PctBlocked,LongMidRangePctAssisted,LongMidRangePctBlocked,Charge Fouls Drawn,3SecondViolations,Defensive 3 Seconds Violations,3pt And 1 Free Throw Trips,Transition Take Fouls
1627783,1610612754,Pascal Siakam,Pascal Siakam,1627783,IND,1152.0,19,-6,41,43,3.0,6.0,84,1.0,1.0,2.0,1.0,1.0,1.0,3.0,1.0,1.0,5.0,41,1.0,2.0,3.0,1.0,1.0,3.0,3.0,2.0,1.0,6.0,1.0,2.0,2.0,1.0,3.0,1.0,1.0,1.0,1.0,1.0,1.0,1.0,0.3333333333333333,0.625,0.625,0.25,8.333333333333334,0.0625,0.1428571428571428,0.1052631578947368,0.0434782608695652,0.0909090909090909,0.2,0.25,1.0,1.0,1.0,0.5,0.25,1.0,1.0,1.0,0.5,1.0,0.577375,0.4078,5.566666666666666,26.1,,,,,,,,,,,,,,,,,,,,,,,,,,,,,,,,,,,,,,,,,,,,,,,,,,,,,,,,,,,,,,,,,,,,,,,,,,,,,,,,,,,,,,,,,,,,,,,,,,,,,,,,,,,,,,,,,,,,,,,,,True,,,,,,,,,,,,,,,,,,,,,,,,,,,,,,,,,,,
1629614,1610612754,Andrew Nembhard,Andrew Nembhard,1629614,IND,186.0,3,-7,7,8,,,15,,,,,1.0,,,,1.0,,7,,,,1.0,,,,,,,,,,,,,,,,,,,,,,1.0,14.285714285714285,,,,,,,,,,,,1.0,,,,1.0,,0.55965,,,26.6,1.0,,,,,,,,,,,,,,,,,,,,,,,,,,,,,,,,,,,,,,,,,,,,,,,,,,,,,,,,,,,,,,,,,,,,,,,,,,,,,,,,,,,,,,,,,,,,,,,,,,,,,,,,,,,,,,,,,,,,,,,,True,,,,,,,,,,,,,,,,,,,,,,,,,,,,,,,,,,,
1629650,1610612754,Moses Brown,Moses Brown,1629650,IND,2734.0,46,-11,105,109,48.0,10.0,214,11.0,13.0,7.0,,,13.0,20.0,,,29.0,118,5.0,16.0,,,,,,,,,3.0,3.0,9.0,4.0,13.0,2.0,2.0,0.6153846153846154,0.8,,,,0.65,0.65,0.6590909090909091,,23.728813559322035,0.1,0.1071428571428571,0.1395348837209302,0.0638297872340425,0.0625,0.0454545454545454,0.65,0.8461538461538461,0.8461538461538461,0.6363636363636364,0.35,,,,,0.65,,0.6222399999999999,0.67196,3.305,,3.0,22.0,3.0,4.0,2.0,3.0,2.0,3.0,4.0,8.0,2.0,3.0,4.0,10.0,6.0,1.0,3.0,3.0,3.0,3.0,3.0,6.0,1.0,5.0,6.0,1.0,5.0,1.0,3.0,1.0,1.0,1.0,1.0,1.0,4.0,22.0,0.8,0.6666666666666666,0.8,0.6666666666666666,0.8,0.6666666666666666,0.5,0.5,0.5,0.2,0.1818181818181818,0.2,0.1428571428571428,0.3333333333333333,0.3333333333333333,1.0,0.2857142857142857,0.2857142857142857,0.5,0.8,0.75,1.0,0.6666666666666666,0.7130333333333333,0.1363636363636363,0.1363636363636363,0.2758620689655172,0.1379310344827586,0.2095238095238095,,,,,,,,,,,,,,,,,,,,,,,,,,,,,,,,,,,,,,,,,,,,,,,,,,,,,,,,True,,,,,,,,,,,,,,,,,,,,,,,,,,,,,,,,,,,
1641716,1610612754,Jarace Walker,Jarace Walker,1641716,IND,1859.0,31,-22,69,74,27.0,5.0,143,1.0,2.0,2.0,1.0,5.0,1.0,4.0,1.0,5.0,7.0,78,,,,5.0,1.0,1.0,1.0,,1.0,2.0,,4.0,4.0,,4.0,1.0,1.0,,,,0.2,0.2,0.25,0.2777777777777778,0.35,0.5555555555555556,18.666666666666668,,0.2,0.1333333333333333,,,0.1764705882352941,0.2222222222222222,0.5,0.5,,0.2222222222222222,0.5555555555555556,0.2,0.2,,0.7777777777777778,0.2,0.5559944444444445,,5.7250000000000005,27.6,1.0,9.0,,,,1.0,,2.0,,,,1.0,2.0,2.0,,,,,2.0,1.0,2.0,4.0,,2.0,4.0,,2.0,,,,,,,,2.0,9.0,,,,,,0.5,0.5,,,,,,,,0.3333333333333333,,,,,,,1.0,,0.7455,,,,0.2857142857142857,0.1304347826086956,1.0,1.0,2.0,3.0,2.0,1.0,1.0,1.0,1.0,1.0,,,,,,,,,,,,,,,,,,,,,,,,,,,,,,,,,,,,,,,,,,,,,,True,,,,,,,,,,,,,,,,,,,,,,,,,,,,,,,,,,,
204456,1610612754,T.J. McConnell,T.J. McConnell,204456,IND,1255.0,21,-26,43,47,8.0,4.0,90,1.0,5.0,6.0,,1.0,4.0,12.0,,1.0,8.0,55,,4.0,,1.0,,2.0,2.0,2.0,,4.0,1.0,,1.0,2.0,3.0,1.0,,0.5,0.5,,,,0.3333333333333333,0.3076923076923077,0.3076923076923077,0.0769230769230769,31.25,0.0526315789473684,,0.0555555555555555,0.0769230769230769,,,0.3846153846153846,0.2,0.2,,0.4615384615384615,0.0769230769230769,,,,0.4615384615384615,,0.5435846153846154,,7.166666666666667,25.9,1.0,3.0,,,1.0,1.0,3.0,,,,1.0,1.0,2.0,4.0,,,1.0,,,,2.0,2.0,,1.0,1.0,,,,,,,,,,2.0,3.0,,1.0,,1.0,,1.0,,,,0.1666666666666666,0.1666666666666666,,,0.3333333333333333,,,0.5,0.5,0.6666666666666666,,,1.0,1.0,0.745,,,,0.25,0.0697674418604651,,,,,1.0,,,,,,1.0,1.0,1.0,1.0,1.0,0.1428571428571428,0.1428571428571428,0.0769230769230769,,,,,,,,,,,,,,,,,,,,,,,,,,,,,,,,,,,,,,True,,,,,,,,,,,,,,,,,,,,,,,,,,,,,,,,,,,
1630169,1610612754,Tyrese Haliburton,Tyrese Haliburton,1630169,IND,816.0,14,7,29,30,,2.0,59,1.0,1.0,1.0,2.0,3.0,1.0,3.0,2.0,3.0,8.0,36,,2.0,3.0,3.0,2.0,5.0,7.0,5.0,,16.0,,2.0,3.0,,3.0,,,1.0,1.0,0.5,0.6666666666666666,0.6666666666666666,0.3333333333333333,0.6666666666666666,0.6666666666666666,0.5,19.35483870967742,,0.2,0.2142857142857142,,,0.1428571428571428,0.1666666666666666,1.0,1.0,1.0,0.1666666666666666,0.5,0.6666666666666666,0.6666666666666666,0.5,0.6666666666666666,0.6666666666666666,0.5372166666666667,,11.333333333333334,29.666666666666668,1.0,3.0,,,,,,,,,,1.0,,,,,1.0,,,,,,,,,,,,,,,,,,,3.0,,,,,,,,,,0.25,,1.0,,,0.3333333333333333,,,,,,,,,0.4355,,,,,0.1034482758620689,,,,3.0,,,,,,,1.0,,,,1.0,,,0.1666666666666666,2.0,1.0,1.0,,,,,,,,,,,,,,,,,,,,,,,,,,,,,,,,,,,True,,,,,,,,,,,,,,,,,,,,,,,,,,,,,,,,,,,
1631097,1610612754,Bennedict Mathurin,Bennedict Mathurin,1631097,IND,1376.0,23,-5,46,48,8.0,6.0,94,,1.0,,,3.0,,1.0,,3.0,2.0,56,,,,3.0,,1.0,2.0,1.0,,5.0,,,2.0,,2.0,,,,,,,,,,0.2,0.75,15.094339622641508,,,0.0952380952380952,,,,0.25,,,,,0.75,,,,1.0,,0.6078250000000001,,0.5,29.366666666666664,2.0,,,,,,,2.0,,,,,,,,,2.0,,2.0,1.0,1.0,3.0,,1.0,1.0,,2.0,,1.0,,,,,,,,,,,,,,0.6666666666666666,,,0.25,,0.5,0.25,,,,,,,,,,,,0.2,0.5,,,,,,,,,1.0,1.0,,,,,,,,,,,,1.0,1.0,,1.0,1.0,,,,,,,,,,,,,,,,,,,,,,,,,,,,,,,,,True,,,,,,,,,,,,,,,,,,,,,,,,,,,,,,,,,,,
1631245,1610612754,Quenton Jackson,Quenton Jackson,1631245,IND,1129.0,19,17,47,46,27.0,5.0,93,4.0,5.0,2.0,1.0,3.0,4.0,7.0,3.0,6.0,22.0,49,,2.0,9.0,3.0,1.0,3.0,4.0,2.0,1.0,9.0,2.0,1.0,1.0,2.0,3.0,2.0,2.0,0.25,0.25,1.0,0.5,0.5,0.5714285714285714,0.6538461538461539,0.6875,0.4615384615384615,29.629629629629623,0.2222222222222222,0.0909090909090909,0.0526315789473684,0.125,0.4,0.1428571428571428,0.3846153846153846,0.8,1.0,0.25,0.1538461538461538,0.2307692307692307,0.3333333333333333,0.3333333333333333,1.0,0.8461538461538461,0.3333333333333333,0.5790076923076923,0.4098,2.3428571428571425,24.666666666666668,3.0,13.0,,,2.0,2.0,,5.0,,6.0,2.0,2.0,10.0,6.0,,,,,,,,,,,1.0,,6.0,,2.0,1.0,,1.0,,,10.0,13.0,,1.0,1.0,0.7,1.0,0.7142857142857143,,,,,,,,,,,,,,,,0.4,1.0,0.61034,0.1333333333333333,0.2222222222222222,0.2727272727272727,0.4545454545454545,0.2765957446808511,,3.0,3.0,,,,,1.0,,,,,,,1.0,,,,1.0,1.0,,,,2.0,3.0,2.0,3.0,1.0,2.0,1.0,2.0,1.0,3.0,2.0,1.0,0.6666666666666666,0.3333333333333333,0.2857142857142857,0.2,0.5,0.2307692307692307,0.6666666666666666,0.6666666666666666,1.0,1.0,0.6666666666666666,1.0,0.4,0.5,0.2,,,,,,True,,,,,,,,,,,,,,,,,,,,,,,,,,,,,,,,,,,
1642277,1610612754,Johnny Furphy,Johnny Furphy,1642277,IND,869.0,14,1,40,41,41.0,4.0,81,2.0,3.0,,1.0,1.0,2.0,3.0,1.0,1.0,7.0,40,,4.0,3.0,1.0,1.0,1.0,2.0,1.0,,5.0,,,,1.0,1.0,2.0,,1.0,1.0,1.0,1.0,1.0,0.6666666666666666,0.875,0.875,0.25,10.869565217391305,,,,0.0625,,,0.75,0.6666666666666666,0.6666666666666666,1.0,,0.25,1.0,1.0,1.0,1.0,1.0,0.6584875,,2.2666666666666666,24.8,2.0,19.0,,,1.0,1.0,,,,,1.0,1.0,5.0,,,,,,1.0,1.0,,1.0,,,1.0,,,,,1.0,1.0,1.0,,,5.0,19.0,,1.0,,1.25,,1.25,1.0,,,,,,,,,,,,,,,0.5,1.0,0.6239250000000001,,,,0.7142857142857143,0.475,,,,,,,,,,,,1.0,2.0,,,0.1428571428571428,0.1666666666666666,,1.0,,1.0,,1.0,,,,,,,1.0,,1.0,1.0,,,,1.0,,,,,,,,,,,,,0.5,1.0,1.0,1.0,,,True,,,,,,,,,,,,,,,,,,,,,,,,,,,,,,,,,,,
1630167,1610612754,Obi Toppin,Obi Toppin,1630167,IND,713.0,12,-6,24,26,5.0,,50,2.0,2.0,1.0,,1.0,3.0,3.0,2.0,3.0,12.0,37,,4.0,3.0,1.0,,1.0,1.0,1.0,,2.0,,4.0,5.0,,5.0,,,0.6666666666666666,0.6666666666666666,0.5,0.6666666666666666,0.6666666666666666,1.0,1.0,1.0,0.5,25.0,,0.6666666666666666,0.4,,,0.6,0.3333333333333333,1.0,1.0,1.0,0.1666666666666666,0.1666666666666666,,,,0.8333333333333334,,0.6195416666666667,,2.4,24.566666666666663,,3.0,,,1.0,1.0,1.0,,,,1.0,1.0,2.0,2.0,,,,1.0,,,,,,,,,,,,,,,,,2.0,3.0,,1.0,,1.0,,1.0,,0.5,,,,,,,1.0,,1.0,1.0,,,,1.0,1.0,0.7609,,,,0.1666666666666666,0.125,,,,3.0,,,,,,,,,,,,,,,,,,,,2.0,2.0,,,,,,,,,,,,,,,,0.3333333333333333,1.0,1.0,0.5,,,,,,,,,,,,True,,,,,,,,,,,,,,,,,,,,,,,,,,,,,,,,,,,
1642402,1610612754,Enrique Freeman,Enrique Freeman,1642402,IND,869.0,14,1,40,40,40.0,4.0,80,1.0,2.0,,,,1.0,2.0,,,2.0,40,,2.0,,,,,1.0,,,3.0,,,1.0,1.0,2.0,,,1.0,1.0,,,,0.5,0.5,0.3333333333333333,,6.521739130434782,,,0.0714285714285714,0.0625,,,1.0,0.5,0.5,1.0,,,,,,1.0,,0.6769,,2.4,,1.0,19.0,,,,1.0,,,,,,1.0,,,,,1.0,,,,,,,,,,2.0,,,,,,,,,19.0,,,,,,,,,,0.1666666666666666,,,0.3333333333333333,,,,,,,,,1.0,,0.6655,,,,,0.475,,,,,,,,1.0,1.0,,,1.0,,,,0.1428571428571428,0.1666666666666666,,1.0,,1.0,,,,,,,,,,,,,,,,,,,,,,,,,,,,,,,,,,,True,,,,,,,,,,,,,,,,,,,,,,,,,,,,,,,,,,,
1641803,1610612754,Tristen Newton,Tristen Newton,1641803,IND,445.0,7,-2,21,21,21.0,3.0,42,1.0,1.0,1.0,,3.0,1.0,2.0,,3.0,3.0,25,,,,3.0,,,1.0,,,3.0,,,,,,,,,,,,,0.5,0.2,0.2,0.6,23.07692307692308,,,,,,,0.2,1.0,1.0,,0.2,0.6,,,,0.8,,0.51451,,6.55,27.366666666666664,1.0,13.0,,,1.0,1.0,,1.0,,1.0,1.0,1.0,3.0,2.0,,,,,,,1.0,1.0,,1.0,2.0,,1.0,,,,,,,,3.0,13.0,,1.0,,0.25,,0.25,,,,,,,,,,,,,,,,0.25,1.0,0.5403625,,,0.3333333333333333,1.0,0.6190476190476191,,,1.0,,1.0,,,,1.0,,,,,,,,,,1.0,1.0,,,,,,,,,,3.0,,,3.0,,,,,,,,,,,,,,,,,0.75,,1.0,,1.0,1.0,True,,,,,,,,,,,,,,,,,,,,,,,,,,,,,,,,,,,
201949,1610612754,James Johnson,James Johnson,201949,IND,267.0,4,4,13,12,12.0,1.0,25,1.0,1.0,,,,1.0,2.0,,,2.0,8,,,,,,1.0,1.0,1.0,,2.0,,2.0,2.0,,2.0,,,,,,,,0.5,0.5,0.5,,28.57142857142857,,0.4,0.3333333333333333,,,0.4,0.5,1.0,1.0,,,,,,,0.5,,0.6259,,10.15,,,6.0,,,1.0,1.0,,,,,1.0,1.0,2.0,2.0,,,,,2.0,1.0,,2.0,,,,,,,,,,,,,2.0,6.0,,1.0,,1.0,,1.0,1.0,,,,,,,,,,,,,,,1.0,1.0,0.8134,,,,1.0,0.4615384615384615,,,,,,1.0,,,,,1.0,,,,,,,0.5,,,,,,,,,,,,,,,,,,,,,,,,,,,,,,,,,,,,,,True,,,,,,,,,,,,,,,,,,,,,,,,,,,,,,,,,,,
1626143,1610612754,Jahlil Okafor,Jahlil Okafor,1626143,IND,202.0,3,5,8,8,,2.0,16,,,,,,,,,,,5,,,,,,1.0,1.0,1.0,,2.0,,,1.0,,1.0,,,,,,,,,,,,,,,0.25,,,,,,,,,,,,,,,,,,,,8.0,,,,,,,,,,,,,,,1.0,,,,,,,,,,,,,,,,,,,8.0,,,,,,,,,,0.5,,,0.5,,,,,,,,,,,,,,,,1.0,,,,,,,,,,,,,,,,,,,,,,,,,,,,,,,,,,,,,,,,,,,,,,,,,,,,,,,,False,,,,,,,,,,,,,,,,,,,,,,,,,,,,,,,,,,,
1630167,1610612754,Obi Toppin,Obi Toppin,1630167,IND,92005.0,1533,-74,3226,3224,843.0,321.0,6450,158.0,202.0,86.0,56.0,180.0,204.0,295.0,108.0,298.0,821.0,3847,33.0,310.0,315.0,175.0,56.0,87.0,127.0,48.0,28.0,294.0,27.0,105.0,257.0,56.0,313.0,46.0,36.0,0.7598039215686274,0.8288770053475936,0.9722222222222222,0.3624161073825503,0.3686006825938566,0.6915254237288135,0.6172006745362564,0.6384136858475894,0.5025295109612141,19.77165135059872,0.0375,0.1528384279475982,0.1548205489092188,0.038787023977433,0.0384615384615384,0.1545801526717557,0.3406408094435076,0.7821782178217822,0.8404255319148937,0.7658227848101266,0.1450252951096121,0.3035413153456998,0.3111111111111111,0.3163841807909605,1.0,0.8431703204047217,0.32,0.5758250850340138,0.5999232142857143,3.7864406779661017,25.93691275167784,89.0,977.0,20.0,31.0,49.0,63.0,44.0,89.0,21.0,76.0,61.0,85.0,241.0,98.0,34.0,1.0,115.0,37.0,38.0,25.0,30.0,68.0,16.0,61.0,108.0,7.0,114.0,12.0,47.0,25.0,12.0,28.0,13.0,2.0,241.0,975.0,0.6363636363636364,0.7176470588235294,0.6477272727272727,0.58,0.6785714285714286,0.599502487562189,0.5588235294117647,0.425287356321839,0.0113636363636363,0.1566757493188011,0.040650406504065,0.1164383561643835,0.1786743515850144,0.2,0.147239263803681,0.4642857142857143,0.5116279069767442,0.5641025641025641,0.7727272727272727,0.7045454545454546,0.6451612903225806,0.36,0.7777777777777778,0.5842959064327485,0.0777777777777777,0.1424242424242424,0.0925700365408039,0.2935444579780755,0.3028518288902666,8.0,11.0,38.0,9.0,7.0,13.0,6.0,13.0,12.0,0.1818181818181818,7.0,28.0,10.0,4.0,1.0,0.0401146131805157,0.041015625,0.0118043844856661,40.0,22.0,18.0,6.0,9.0,52.0,118.0,1.0,3.0,15.0,37.0,53.0,5.0,27.0,90.0,22.0,12.0,0.4545454545454545,0.3,0.0745762711864406,0.0693069306930693,0.0930232558139534,0.1989881956155143,0.4406779661016949,0.4406779661016949,0.9423076923076924,0.0681818181818181,0.3333333333333333,1.0,0.2114285714285714,0.4054054054054054,0.3028571428571429,12.0,7.0,0.2264150943396226,19.0,1.0,False,2.0,4.0,5.0,3.0,11.0,9.0,1.0,1.0,9.0,1.0,2.0,3.0,2.0,1.0,1.0,5.0,0.0100671140939597,0.0166666666666666,0.0294117647058823,0.0376344086021505,0.0379746835443038,0.2857142857142857,0.2857142857142857,0.2,0.5,1.0,0.0066666666666666,,,,,,,,
1641716,1610612754,Jarace Walker,Jarace Walker,1641716,IND,69335.0,1156,-125,2408,2423,594.0,234.0,4831,45.0,79.0,69.0,55.0,134.0,94.0,171.0,74.0,180.0,454.0,2792,20.0,134.0,201.0,133.0,55.0,66.0,109.0,48.0,14.0,261.0,16.0,97.0,200.0,25.0,225.0,53.0,19.0,0.7127659574468085,0.7204301075268817,0.9054054054054054,0.4111111111111111,0.4134078212290503,0.5497076023391813,0.584045584045584,0.5989445910290238,0.5128205128205128,16.947250280583614,0.0279720279720279,0.189083820662768,0.1782178217821782,0.021355617455896,0.0222222222222222,0.1627906976744186,0.225071225071225,0.569620253164557,0.6164383561643836,0.8222222222222222,0.1965811965811965,0.3817663817663818,0.4104477611940298,0.4135338345864661,0.8727272727272727,0.7378917378917379,0.4135338345864661,0.5374248571428567,0.540075,6.549122807017544,25.72888888888888,62.0,642.0,6.0,11.0,9.0,21.0,40.0,44.0,10.0,38.0,27.0,47.0,124.0,54.0,2.0,2.0,83.0,20.0,48.0,28.0,26.0,74.0,21.0,58.0,111.0,1.0,67.0,10.0,34.0,21.0,10.0,25.0,14.0,,124.0,639.0,0.5,0.574468085106383,0.5833333333333334,0.578125,0.59375,0.5961538461538461,0.6486486486486487,0.3225806451612903,0.0344827586206896,0.1670020120724346,0.0357142857142857,0.1443850267379679,0.1615720524017467,0.2345679012345679,0.2698412698412698,0.56,0.5797101449275363,0.5970149253731343,0.625,0.3666666666666666,0.5454545454545454,0.21875,0.4285714285714285,0.5284156250000002,0.0906666666666666,0.1743589743589743,0.0837004405286343,0.2731277533039647,0.2666112956810631,7.0,10.0,13.0,21.0,11.0,20.0,6.0,4.0,4.0,0.2333333333333333,23.0,7.0,34.0,3.0,4.0,0.0138613861386138,0.0182291666666666,0.0655270655270655,43.0,25.0,18.0,2.0,4.0,19.0,46.0,1.0,3.0,8.0,16.0,33.0,5.0,19.0,49.0,8.0,10.0,0.5,0.3877551020408163,0.0467836257309941,0.0759493670886076,0.0289855072463768,0.131054131054131,0.4130434782608695,0.4222222222222222,1.0,0.1,0.3333333333333333,1.0,0.1666666666666666,0.5,0.34375,11.0,8.0,0.3333333333333333,3.0,1.0,False,9.0,4.0,1.0,2.0,4.0,7.0,4.0,5.0,5.0,,,4.0,3.0,1.0,1.0,,0.0111111111111111,0.0074626865671641,0.0283018867924528,,0.0416666666666666,0.391304347826087,0.391304347826087,0.8333333333333334,0.5714285714285714,1.0,,0.0217391304347826,0.5555555555555556,,,,,,
1641767,1610612754,Ben Sheppard,Ben Sheppard,1641767,IND,73667.0,1228,-56,2545,2576,695.0,268.0,5121,41.0,60.0,23.0,28.0,81.0,52.0,88.0,68.0,199.0,332.0,2982,14.0,76.0,201.0,81.0,28.0,60.0,85.0,32.0,21.0,195.0,22.0,74.0,133.0,44.0,177.0,38.0,25.0,0.7307692307692307,0.7755102040816326,0.9852941176470588,0.3417085427135678,0.3417085427135678,0.5909090909090909,0.5365853658536586,0.5553691275167785,0.6933797909407665,11.239901650860556,0.0375426621160409,0.1312056737588652,0.1045296167247386,0.0372940156114484,0.0278745644599303,0.1412037037037037,0.2090592334494773,0.6833333333333333,0.7884615384615384,0.7317073170731707,0.0801393728222996,0.2822299651567944,0.345679012345679,0.345679012345679,0.9642857142857144,0.902439024390244,0.345679012345679,0.572565331010453,0.5445199999999999,4.317045454545453,24.40502512562813,35.0,622.0,6.0,11.0,12.0,19.0,8.0,24.0,7.0,42.0,15.0,28.0,118.0,28.0,6.0,1.0,46.0,13.0,11.0,9.0,11.0,22.0,2.0,85.0,125.0,1.0,27.0,3.0,10.0,14.0,4.0,14.0,7.0,,117.0,620.0,0.5,0.5357142857142857,0.640625,0.7191780821917808,0.65625,0.740506329113924,0.5,0.1884057971014492,0.0149253731343283,0.0787671232876712,0.0486486486486486,0.0521327014218009,0.0760869565217391,0.1443298969072164,0.0984848484848484,0.5,0.3478260869565217,0.4210526315789473,0.75,0.34375,0.5454545454545454,0.2602739726027397,0.631578947368421,0.5696301369863014,0.0372881355932203,0.1052631578947368,0.1265060240963855,0.3554216867469879,0.2444007858546169,7.0,18.0,13.0,3.0,3.0,2.0,1.0,3.0,1.0,0.21875,5.0,21.0,13.0,,12.0,0.037037037037037,0.0466321243523316,0.0174216027874564,25.0,20.0,5.0,3.0,3.0,40.0,118.0,5.0,11.0,17.0,27.0,18.0,9.0,25.0,45.0,13.0,9.0,0.5,0.5555555555555556,0.1477272727272727,0.1333333333333333,0.1739130434782608,0.4111498257839721,0.3389830508474576,0.3389830508474576,1.0,0.34375,0.4545454545454545,1.0,0.3698630136986301,0.6296296296296297,0.2465753424657534,8.0,5.0,0.4444444444444444,1.0,1.0,False,3.0,4.0,,,7.0,3.0,4.0,,4.0,,1.0,,,,1.0,,,,0.043859649122807,0.0165745856353591,0.0197368421052631,0.6,0.75,0.3333333333333333,0.5714285714285714,1.0,0.005,,0.6666666666666666,0.2,,,,,
1642277,1610612754,Johnny Furphy,Johnny Furphy,1642277,IND,21899.0,365,21,778,771,261.0,89.0,1549,15.0,28.0,9.0,6.0,27.0,18.0,39.0,14.0,49.0,96.0,831,8.0,30.0,39.0,27.0,6.0,12.0,17.0,9.0,1.0,39.0,11.0,28.0,48.0,22.0,70.0,16.0,9.0,0.8333333333333334,0.9375,0.9285714285714286,0.2857142857142857,0.2857142857142857,0.4615384615384615,0.4431818181818182,0.4948453608247423,0.5568181818181818,12.231030577576444,0.0594594594594594,0.1627906976744186,0.1314984709480122,0.0615835777126099,0.0675675675675675,0.1655172413793103,0.3181818181818182,0.5357142857142857,0.7142857142857143,0.8,0.1022727272727272,0.3068181818181818,0.2222222222222222,0.24,1.0,0.875,0.2222222222222222,0.5641107954545453,0.4888333333333333,3.815384615384616,24.97142857142858,21.0,246.0,2.0,6.0,4.0,10.0,3.0,18.0,2.0,5.0,5.0,14.0,38.0,6.0,4.0,1.0,15.0,5.0,7.0,3.0,4.0,11.0,2.0,21.0,40.0,1.0,22.0,4.0,7.0,8.0,4.0,10.0,7.0,,34.0,244.0,0.25,0.3571428571428571,0.1818181818181818,0.4629629629629629,0.2272727272727272,0.5588235294117647,0.6363636363636364,0.1851851851851851,0.0833333333333333,0.0967741935483871,0.057471264367816,0.0344827586206896,0.1643835616438356,0.0416666666666666,0.1481481481481481,0.7,0.3333333333333333,0.4285714285714285,1.0,0.5454545454545454,0.3333333333333333,0.3703703703703703,0.4,0.5487962962962963,0.0769230769230769,0.1666666666666666,0.0520833333333333,0.3958333333333333,0.3161953727506427,2.0,3.0,13.0,3.0,,4.0,2.0,6.0,4.0,0.1818181818181818,2.0,10.0,7.0,,1.0,0.0641025641025641,0.0495867768595041,0.0227272727272727,5.0,5.0,,1.0,3.0,8.0,22.0,,1.0,4.0,7.0,6.0,,5.0,13.0,9.0,3.0,,0.3846153846153846,0.2307692307692307,0.25,0.2222222222222222,0.25,0.3636363636363636,0.3636363636363636,0.875,0.0909090909090909,,,0.2592592592592592,0.5714285714285714,0.2222222222222222,1.0,8.0,0.1666666666666666,1.0,,False,,,,2.0,2.0,3.0,,1.0,3.0,,,2.0,2.0,,1.0,,0.0408163265306122,0.074074074074074,0.0416666666666666,0.1142857142857142,0.0697674418604651,,,,,,,,,,1.0,,,,
1626167,1610612754,Myles Turner,Myles Turner,1626167,IND,130417.0,2174,202,4448,4452,813.0,397.0,8900,128.0,185.0,165.0,128.0,338.0,234.0,417.0,156.0,394.0,1120.0,5061,53.0,396.0,459.0,338.0,128.0,82.0,111.0,50.0,24.0,251.0,54.0,154.0,381.0,90.0,471.0,54.0,34.0,0.8461538461538461,0.9383886255924172,0.9807692307692308,0.3959390862944162,0.3959390862944162,0.5611510791366906,0.5770653514180024,0.6100217864923747,0.4858199753390875,21.251789732051545,0.0553846153846153,0.152324431256182,0.1744460160301744,0.0456644433042585,0.0616740088105726,0.1552878179384203,0.2281134401972873,0.6918918918918919,0.7619047619047619,0.78125,0.2034525277435265,0.4167694204685573,0.378698224852071,0.378698224852071,0.9765625,0.7139334155363748,0.378698224852071,0.5338036991368679,0.5394449152542373,6.7688249400479625,26.219543147208118,204.0,824.0,25.0,39.0,15.0,25.0,69.0,184.0,33.0,111.0,24.0,52.0,175.0,72.0,46.0,1.0,216.0,11.0,59.0,37.0,64.0,123.0,16.0,103.0,183.0,28.0,238.0,25.0,116.0,140.0,88.0,144.0,77.0,1.0,175.0,806.0,0.6226415094339622,0.4615384615384615,0.5670731707317073,0.5560344827586207,0.5904255319148937,0.6161971830985915,0.4796747967479675,0.1145833333333333,0.0097087378640776,0.1945945945945946,0.0608974358974358,0.2045977011494253,0.1937984496124031,0.1698113207547169,0.1439393939393939,0.5347222222222222,0.4181818181818181,0.4758620689655172,0.927536231884058,0.4756097560975609,0.6410256410256411,0.2155172413793103,0.6,0.5255943965517241,0.1295681063122923,0.2283464566929134,0.0991071428571428,0.15625,0.185251798561151,25.0,29.0,46.0,9.0,6.0,22.0,9.0,15.0,13.0,0.3048780487804878,67.0,35.0,20.0,7.0,1.0,0.0359342915811088,0.0368421052631578,0.0826140567200986,29.0,21.0,8.0,10.0,18.0,28.0,56.0,2.0,4.0,6.0,11.0,53.0,9.0,27.0,64.0,37.0,51.0,0.3103448275862069,0.421875,0.0887290167865707,0.0918918918918919,0.1212121212121212,0.0690505548705302,0.5,0.5,1.0,0.048780487804878,0.5,1.0,0.0948275862068965,0.5454545454545454,0.4568965517241379,21.0,6.0,0.3962264150943396,18.0,,False,37.0,7.0,,,8.0,6.0,3.0,3.0,13.0,,1.0,4.0,1.0,3.0,1.0,8.0,,,0.0334928229665071,0.0327102803738317,0.0158730158730158,0.5522388059701493,0.5522388059701493,0.12,0.28,0.8571428571428571,0.0025316455696202,,0.918918918918919,,,5.0,1.0,,
1627783,1610612754,Pascal Siakam,Pascal Siakam,1627783,IND,151716.0,2529,318,5205,5219,1002.0,485.0,10424,246.0,336.0,369.0,86.0,226.0,486.0,855.0,125.0,323.0,1573.0,5818,114.0,572.0,366.0,225.0,86.0,151.0,260.0,88.0,50.0,629.0,80.0,180.0,405.0,132.0,537.0,69.0,27.0,0.588477366255144,0.639821029082774,0.976,0.3869969040247678,0.3881987577639751,0.5684210526315789,0.5717317487266553,0.5994664634146342,0.2741935483870967,24.66562445718256,0.0670578373847443,0.1492537313432835,0.1565040650406504,0.0570440795159896,0.0746003552397868,0.1529808773903262,0.2852292020373514,0.7321428571428571,0.7711598746081505,0.6829268292682927,0.3132427843803056,0.1918505942275042,0.3805309734513274,0.3822222222222222,0.9651162790697676,0.5594227504244482,0.3822222222222222,0.5229040781648259,0.5299912087912086,7.488070175438597,25.45665634674924,266.0,1010.0,41.0,71.0,42.0,60.0,178.0,226.0,60.0,167.0,90.0,154.0,299.0,400.0,78.0,,205.0,20.0,64.0,34.0,45.0,109.0,15.0,84.0,189.0,15.0,308.0,39.0,151.0,41.0,24.0,42.0,24.0,,298.0,984.0,0.5263157894736842,0.5844155844155844,0.5176056338028169,0.5555555555555556,0.5387096774193548,0.5956175298804781,0.5871559633027523,0.1769911504424778,,0.1634768740031898,0.0868421052631579,0.1394849785407725,0.1775544388609715,0.1780104712041884,0.138801261829653,0.5714285714285714,0.4823848238482385,0.5144508670520231,0.4719101123595505,0.5,0.5774647887323944,0.2777777777777778,0.7,0.5170851162790698,0.1185127807900852,0.156153050672182,0.1061665607120152,0.1900826446280991,0.1940441882804995,24.0,28.0,59.0,9.0,6.0,30.0,8.0,21.0,19.0,0.1690140845070422,150.0,52.0,42.0,5.0,8.0,0.0463871543264942,0.0485781990521327,0.1273344651952462,109.0,88.0,21.0,12.0,11.0,39.0,97.0,2.0,4.0,8.0,13.0,49.0,9.0,20.0,62.0,41.0,17.0,0.3214285714285714,0.3225806451612903,0.047953216374269,0.050595238095238,0.062330623306233,0.0823429541595925,0.4020618556701031,0.4148936170212766,1.0,0.028169014084507,0.5,1.0,0.0601851851851851,0.6153846153846154,0.2268518518518518,12.0,18.0,0.2448979591836734,20.0,,False,62.0,7.0,1.0,4.0,13.0,38.0,1.0,4.0,15.0,2.0,2.0,1.0,,1.0,,3.0,0.0123839009287925,0.0044247787610619,0.02,0.03971119133574,0.0733590733590733,0.4133333333333333,0.4161073825503356,0.2195121951219512,0.2916666666666667,1.0,0.0061728395061728,0.0309278350515463,0.5483870967741935,0.0066666666666666,,,3.0,1.0,
1629614,1610612754,Andrew Nembhard,Andrew Nembhard,1629614,IND,112656.0,1878,213,3878,3885,738.0,345.0,7763,81.0,116.0,152.0,37.0,127.0,196.0,364.0,51.0,174.0,653.0,4369,16.0,186.0,126.0,126.0,37.0,202.0,326.0,109.0,67.0,776.0,16.0,100.0,182.0,34.0,216.0,79.0,50.0,0.4744897959183674,0.4793814432989691,0.8235294117647058,0.293103448275862,0.2947976878612717,0.5384615384615384,0.5065055762081785,0.5433333333333333,0.3234200743494423,16.69793621013133,0.0187134502923976,0.1153402537485582,0.0937669376693766,0.0192644483362521,0.0273631840796019,0.1091492776886035,0.2156133828996282,0.6982758620689655,0.7570093457943925,0.5308641975308642,0.2825278810408922,0.2360594795539033,0.2913385826771653,0.2983870967741935,0.7567567567567568,0.5390334572490706,0.2936507936507936,0.5114431902985074,0.4919133333333334,9.353021978021978,26.517816091954025,129.0,817.0,4.0,5.0,22.0,29.0,72.0,108.0,10.0,35.0,56.0,89.0,182.0,206.0,4.0,1.0,73.0,9.0,72.0,41.0,40.0,112.0,25.0,66.0,149.0,11.0,136.0,11.0,55.0,9.0,3.0,11.0,5.0,,176.0,796.0,0.625,0.6292134831460674,0.5178571428571429,0.5541666666666667,0.53125,0.610738255033557,0.6428571428571429,0.108433734939759,0.0120481927710843,0.074642126789366,0.0155038759689922,0.0785340314136125,0.0490405117270788,0.1574803149606299,0.1311475409836065,0.4545454545454545,0.4736842105263157,0.5255474452554745,0.4722222222222222,0.1785714285714285,0.8,0.2416666666666666,0.7586206896551724,0.4859760504201681,0.0945017182130584,0.1348039215686274,0.0535987748851454,0.2787136294027565,0.2106756059824651,10.0,12.0,49.0,27.0,14.0,31.0,5.0,18.0,15.0,0.3571428571428571,96.0,17.0,29.0,4.0,9.0,0.0198135198135198,0.0209580838323353,0.1784386617100371,124.0,94.0,30.0,8.0,1.0,14.0,47.0,,2.0,1.0,8.0,23.0,3.0,7.0,31.0,24.0,6.0,0.25,0.2258064516129032,0.0659340659340659,0.0775862068965517,0.0986842105263157,0.087360594795539,0.2978723404255319,0.3181818181818182,1.0,0.0714285714285714,,,0.0666666666666666,0.125,0.1916666666666666,6.0,14.0,0.2608695652173913,6.0,1.0,False,43.0,3.0,1.0,6.0,26.0,2.0,,,6.0,,,2.0,1.0,1.0,,,0.0344827586206896,0.0236220472440944,0.0051282051282051,0.0157894736842105,0.0078125,0.4479166666666667,0.4479166666666667,0.5,0.3,1.0,,0.0638297872340425,0.3720930232558139,,6.0,,,,
1630169,1610612754,Tyrese Haliburton,Tyrese Haliburton,1630169,IND,146221.0,2437,215,5054,5010,1011.0,471.0,10064,92.0,129.0,192.0,197.0,515.0,257.0,441.0,216.0,559.0,1351.0,5822,25.0,200.0,342.0,507.0,197.0,400.0,666.0,236.0,123.0,1598.0,22.0,106.0,213.0,42.0,255.0,105.0,91.0,0.3891050583657587,0.3952569169960474,0.5277777777777778,0.3864042933810375,0.3920145190562613,0.5827664399092971,0.581,0.6101928374655647,0.559,21.51422946124933,0.0201834862385321,0.0965391621129326,0.0896610896610896,0.0185922974767596,0.0239043824701195,0.0914709517923362,0.129,0.7131782945736435,0.7666666666666667,0.3478260869565217,0.192,0.515,0.3825242718446602,0.384765625,0.5126903553299492,0.688,0.388560157790927,0.5183919028340082,0.4994657894736841,9.33628117913832,27.16779964221826,174.0,1160.0,5.0,12.0,21.0,27.0,106.0,189.0,13.0,87.0,62.0,108.0,322.0,314.0,8.0,,103.0,4.0,74.0,52.0,46.0,120.0,38.0,49.0,92.0,3.0,222.0,21.0,78.0,37.0,14.0,49.0,32.0,,310.0,1137.0,0.52,0.5740740740740741,0.5422535211267606,0.5304347826086957,0.564935064935065,0.5842696629213483,0.6166666666666667,0.0377358490566037,,0.0835360908353609,0.0163043478260869,0.0658436213991769,0.0913793103448275,0.1077844311377245,0.1107266435986159,0.6530612244897959,0.5520833333333334,0.5760869565217391,0.4528301886792453,0.1690140845070422,0.4166666666666667,0.117391304347826,0.7777777777777778,0.4918734374999999,0.0774315391879131,0.1566265060240964,0.0643967431532198,0.238341968911917,0.2295211713494262,39.0,46.0,78.0,306.0,24.0,22.0,6.0,30.0,15.0,0.5492957746478874,120.0,20.0,14.0,5.0,8.0,0.0171086398631308,0.0145576707726763,0.12,266.0,173.0,93.0,4.0,7.0,19.0,44.0,4.0,7.0,5.0,10.0,112.0,17.0,40.0,122.0,18.0,18.0,0.3695652173913043,0.3278688524590163,0.0408163265306122,0.0697674418604651,0.0416666666666666,0.044,0.4318181818181818,0.4523809523809524,0.6842105263157895,0.0985915492957746,0.5714285714285714,0.5,0.0434782608695652,0.5,0.4869565217391304,35.0,8.0,0.3125,10.0,26.0,False,59.0,13.0,8.0,5.0,41.0,14.0,5.0,1.0,1.0,1.0,4.0,12.0,9.0,3.0,5.0,,0.0089445438282647,0.0058252427184466,0.0181818181818181,0.0253623188405797,0.0286885245901639,0.4916666666666666,0.4957983193277311,0.2,0.3333333333333333,0.6153846153846154,0.0071301247771836,0.0454545454545454,0.3389830508474576,0.0083333333333333,,,,2.0,
1630543,1610612754,Isaiah Jackson,Isaiah Jackson,1630543,IND,5033.0,84,10,175,180,47.0,21.0,355,13.0,21.0,2.0,,,14.0,23.0,,,35.0,197,6.0,24.0,,,,3.0,5.0,2.0,,12.0,8.0,10.0,17.0,11.0,28.0,3.0,3.0,0.8571428571428571,0.9230769230769232,,,,0.6086956521739131,0.6086956521739131,0.5833333333333334,,17.15686274509804,0.1702127659574468,0.2040816326530612,0.1616161616161616,0.1428571428571428,0.1333333333333333,0.25,0.9130434782608696,0.6190476190476191,0.6842105263157895,0.8461538461538461,0.0869565217391304,,,,,0.9130434782608696,,0.6452608695652173,0.61414,1.8869565217391304,,7.0,27.0,1.0,6.0,1.0,5.0,1.0,7.0,1.0,5.0,1.0,5.0,5.0,4.0,2.0,,6.0,1.0,2.0,2.0,3.0,5.0,2.0,8.0,14.0,2.0,14.0,,6.0,8.0,5.0,8.0,4.0,,5.0,27.0,0.1666666666666666,0.2,0.1666666666666666,0.2,0.3125,0.3125,0.4,0.5,,0.12,0.25,0.0689655172413793,0.0769230769230769,0.375,0.0769230769230769,0.5,0.5,0.5,1.0,1.0,0.1666666666666666,1.0,0.2,0.6296999999999999,0.2068965517241379,0.2068965517241379,0.1428571428571428,0.1428571428571428,0.1542857142857142,,,3.0,,,,1.0,1.0,1.0,,,3.0,,,,0.1,0.15,,2.0,,2.0,,,,,,,,,,,,,2.0,3.0,,,0.0869565217391304,0.0952380952380952,,,,,,,,,,,,,,,3.0,,False,,,,,1.0,1.0,,1.0,1.0,,,,,,,1.0,,,0.0833333333333333,,0.1428571428571428,,,,,,,,,,,,,,
1630174,1610612754,Aaron Nesmith,Aaron Nesmith,1630174,IND,67395.0,1123,196,2313,2333,396.0,207.0,4646,68.0,100.0,66.0,45.0,117.0,108.0,184.0,84.0,195.0,541.0,2658,23.0,166.0,243.0,117.0,45.0,36.0,54.0,21.0,7.0,126.0,17.0,75.0,141.0,37.0,178.0,35.0,23.0,0.7685185185185185,0.8383838383838383,0.9642857142857144,0.4307692307692308,0.4307692307692308,0.5869565217391305,0.6174142480211082,0.656934306569343,0.5145118733509235,17.589320769532783,0.0346938775510204,0.1381215469613259,0.1175942549371633,0.0343473994111874,0.0272727272727272,0.1435768261964735,0.2638522427440633,0.68,0.7640449438202247,0.75,0.1741424802110818,0.3087071240105541,0.3846153846153846,0.3947368421052631,0.9777777777777776,0.7783641160949868,0.3846153846153846,0.5531238786279687,0.5716942307692308,5.740760869565217,25.05589743589744,77.0,456.0,13.0,18.0,16.0,21.0,33.0,73.0,15.0,57.0,28.0,40.0,137.0,50.0,18.0,2.0,56.0,10.0,19.0,12.0,18.0,37.0,3.0,63.0,114.0,5.0,80.0,14.0,34.0,17.0,12.0,17.0,6.0,,124.0,438.0,0.6521739130434783,0.7,0.6,0.7051282051282052,0.6363636363636364,0.7527472527472527,0.5135135135135135,0.2040816326530612,0.0434782608695652,0.0980735551663747,0.0404624277456647,0.0803571428571428,0.1115384615384615,0.1034482758620689,0.1232876712328767,0.3529411764705882,0.5,0.5689655172413793,0.8181818181818182,0.45,0.7222222222222222,0.2692307692307692,0.7619047619047619,0.5468358974358974,0.0875,0.1666666666666666,0.1053604436229205,0.2532347504621072,0.1971465629053177,7.0,17.0,27.0,9.0,4.0,7.0,1.0,11.0,4.0,0.175,18.0,18.0,12.0,2.0,9.0,0.0340264650283553,0.041025641025641,0.0474934036939313,18.0,13.0,5.0,3.0,3.0,39.0,78.0,3.0,10.0,11.0,16.0,22.0,6.0,18.0,38.0,19.0,5.0,0.3529411764705882,0.4736842105263157,0.1032608695652173,0.11,0.1212121212121212,0.2058047493403693,0.5,0.5,0.9487179487179488,0.25,0.3,0.6666666666666666,0.2051282051282051,0.6875,0.282051282051282,7.0,8.0,0.3181818181818182,9.0,1.0,False,7.0,3.0,,3.0,8.0,3.0,1.0,3.0,6.0,,1.0,,,,,3.0,0.0153846153846153,0.0256410256410256,0.0412371134020618,0.014388489208633,0.0182926829268292,0.3888888888888889,0.3888888888888889,0.2307692307692307,0.4285714285714285,1.0,0.0051020408163265,,0.7142857142857143,,7.0,,2.0,,
1631097,1610612754,Bennedict Mathurin,Bennedict Mathurin,1631097,IND,127580.0,2126,99,4393,4411,905.0,426.0,8804,180.0,292.0,182.0,80.0,240.0,293.0,564.0,98.0,285.0,1154.0,5034,81.0,342.0,210.0,237.0,80.0,80.0,134.0,46.0,21.0,322.0,43.0,147.0,294.0,87.0,381.0,47.0,29.0,0.5836177474402731,0.6309963099630996,0.7142857142857143,0.343859649122807,0.3475177304964539,0.5195035460992907,0.5182567726737338,0.5763052208835341,0.3356890459363957,23.05015353121801,0.0425321463897131,0.1429961089494163,0.1338164251207729,0.0441787941787941,0.0303687635574837,0.1498028909329829,0.3439340400471142,0.6164383561643836,0.7086614173228346,0.6111111111111112,0.2143698468786808,0.2826855123674912,0.3333333333333333,0.3333333333333333,0.6625,0.6796230859835101,0.3375527426160337,0.5427633569739956,0.5418274193548388,6.49432624113475,26.21087719298245,243.0,929.0,27.0,54.0,34.0,59.0,81.0,274.0,37.0,122.0,46.0,102.0,236.0,244.0,44.0,2.0,130.0,17.0,83.0,41.0,49.0,132.0,31.0,85.0,161.0,12.0,330.0,28.0,155.0,24.0,18.0,24.0,13.0,,228.0,912.0,0.4567901234567901,0.4509803921568627,0.4423076923076923,0.4936305732484076,0.5041666666666667,0.5845771144278606,0.6287878787878788,0.1619047619047619,0.0186915887850467,0.1247600767754318,0.0789473684210526,0.0969267139479905,0.1351351351351351,0.1739130434782608,0.1235955056179775,0.5416666666666666,0.445054945054945,0.5225806451612903,0.5555555555555556,0.5192307692307693,0.5,0.375796178343949,0.576271186440678,0.5421616883116882,0.1605316973415133,0.2243125904486251,0.1057192374350086,0.2045060658578856,0.2114727976325973,17.0,23.0,81.0,84.0,8.0,42.0,7.0,18.0,12.0,0.1634615384615384,90.0,42.0,18.0,5.0,7.0,0.0460021905805038,0.0368794326241134,0.1060070671378091,54.0,31.0,23.0,12.0,10.0,18.0,45.0,2.0,6.0,4.0,7.0,48.0,6.0,21.0,55.0,67.0,6.0,0.2608695652173913,0.3818181818181818,0.1187943262411347,0.1301369863013698,0.1483516483516483,0.0530035335689045,0.4,0.4,0.9444444444444444,0.0576923076923076,0.3333333333333333,1.0,0.0445859872611464,0.5714285714285714,0.3057324840764331,17.0,8.0,0.3541666666666667,30.0,6.0,False,32.0,4.0,3.0,,13.0,18.0,2.0,7.0,10.0,1.0,2.0,,,,,1.0,,,0.0096153846153846,0.0769230769230769,0.0472440944881889,0.3555555555555555,0.3636363636363636,0.1851851851851851,0.2352941176470588,0.5,0.0069686411149825,,0.5,0.0222222222222222,1.0,,1.0,,
1628396,1610612754,Tony Bradley,Tony Bradley,1628396,IND,6764.0,113,44,240,246,69.0,36.0,486,20.0,31.0,10.0,,,28.0,42.0,1.0,3.0,61.0,233,12.0,42.0,3.0,,,3.0,6.0,2.0,,15.0,12.0,10.0,24.0,18.0,42.0,2.0,2.0,0.75,0.9545454545454546,1.0,0.3333333333333333,0.3333333333333333,0.6666666666666666,0.6555555555555556,0.6354166666666666,0.0666666666666666,18.59649122807017,0.1904761904761904,0.1612903225806451,0.1711711711711711,0.1636363636363636,0.2222222222222222,0.18,0.6888888888888889,0.6451612903225806,0.7407407407407407,0.65,0.2222222222222222,,,,,0.7555555555555555,,0.5919877777777778,0.5787199999999999,2.9047619047619047,24.0,10.0,81.0,6.0,10.0,11.0,17.0,7.0,2.0,7.0,14.0,14.0,21.0,29.0,14.0,12.0,,9.0,5.0,3.0,1.0,2.0,5.0,1.0,6.0,11.0,2.0,6.0,,2.0,9.0,5.0,9.0,5.0,,29.0,79.0,0.5833333333333334,0.6666666666666666,0.5833333333333334,0.6666666666666666,0.5833333333333334,0.6304347826086957,0.6,0.5555555555555556,,0.1836734693877551,0.1794871794871795,0.1428571428571428,0.1739130434782608,0.4,0.0833333333333333,0.5555555555555556,0.7,0.7,1.0,0.8333333333333334,0.6,0.8095238095238095,0.6470588235294118,0.5988380952380952,0.0425531914893617,0.0454545454545454,0.2295081967213114,0.4754098360655737,0.3375,,,1.0,,,2.0,,1.0,1.0,,1.0,6.0,,,1.0,0.1276595744680851,0.1612903225806451,0.0222222222222222,3.0,3.0,,,1.0,1.0,3.0,,,,,,,,,4.0,4.0,,,0.0952380952380952,0.1290322580645161,,0.0666666666666666,0.3333333333333333,0.3333333333333333,1.0,,,,,,,,2.0,,,,False,1.0,,,,1.0,,,,,,,,,,,,,,0.1666666666666666,0.0625,,1.0,1.0,,,,,,1.0,,,,,,
204456,1610612754,T.J. McConnell,T.J. McConnell,204456,IND,83672.0,1395,-30,2910,2929,685.0,267.0,5839,123.0,188.0,294.0,9.0,32.0,305.0,563.0,15.0,48.0,712.0,3412,26.0,236.0,33.0,30.0,9.0,196.0,349.0,111.0,65.0,851.0,16.0,80.0,148.0,42.0,190.0,82.0,58.0,0.3868852459016393,0.390728476821192,0.7333333333333333,0.3125,0.3260869565217391,0.5417406749555951,0.5360065466448445,0.5502318392581144,0.0785597381342062,23.47447073474471,0.0240601503759398,0.123076923076923,0.1072261072261072,0.0339805825242718,0.0179640718562874,0.1075050709939148,0.3076923076923077,0.6542553191489362,0.7454545454545455,0.4308943089430894,0.481178396072013,0.0523731587561374,0.28125,0.2903225806451613,0.5555555555555556,0.3862520458265139,0.3,0.5045556650246306,0.5144724999999999,7.678330373001775,26.110416666666666,94.0,708.0,7.0,13.0,29.0,39.0,140.0,57.0,12.0,30.0,80.0,134.0,198.0,374.0,6.0,,58.0,10.0,72.0,48.0,35.0,107.0,27.0,43.0,78.0,,77.0,5.0,31.0,20.0,6.0,21.0,8.0,,191.0,703.0,0.4615384615384615,0.5970149253731343,0.5,0.593103448275862,0.5,0.6149068322981367,0.6728971962616822,0.1333333333333333,,0.0910518053375196,0.0285714285714285,0.0524017467248908,0.110738255033557,0.1181818181818181,0.1719745222929936,0.3809523809523809,0.4761904761904761,0.5054151624548736,0.3214285714285714,0.4333333333333333,0.5384615384615384,0.2689655172413793,0.7435897435897436,0.4907673611111111,0.0486656200941915,0.0526315789473684,0.0421348314606741,0.2780898876404494,0.2432989690721649,4.0,4.0,26.0,12.0,15.0,24.0,9.0,10.0,6.0,0.1333333333333333,81.0,26.0,24.0,3.0,24.0,0.0455341506129597,0.0576441102756892,0.132569558101473,153.0,89.0,64.0,12.0,2.0,6.0,16.0,,,,3.0,8.0,2.0,4.0,11.0,41.0,14.0,0.5,0.3636363636363636,0.0728241563055062,0.1223404255319148,0.0578231292517006,0.0261865793780687,0.375,0.375,1.0,,,,0.0206896551724137,,0.0551724137931034,4.0,4.0,0.5,,,False,42.0,2.0,2.0,1.0,20.0,4.0,2.0,1.0,1.0,,,1.0,1.0,,,,0.0208333333333333,0.03125,0.0330578512396694,0.0174418604651162,0.0165289256198347,0.5185185185185185,0.525,0.1428571428571428,0.5,1.0,,,0.4761904761904761,0.0123456790123456,7.0,,,,
1631245,1610612754,Quenton Jackson,Quenton Jackson,1631245,IND,21733.0,362,-18,757,769,194.0,83.0,1526,33.0,58.0,10.0,10.0,24.0,39.0,75.0,12.0,34.0,140.0,865,10.0,46.0,33.0,24.0,10.0,34.0,49.0,26.0,5.0,113.0,9.0,14.0,29.0,12.0,41.0,19.0,10.0,0.5897435897435898,0.6388888888888888,0.9166666666666666,0.3529411764705882,0.3529411764705882,0.52,0.5229357798165137,0.5645161290322581,0.3119266055045872,16.33605600933489,0.0517241379310344,0.0853658536585365,0.087087087087087,0.0341880341880341,0.0666666666666666,0.0625,0.5321100917431193,0.5689655172413793,0.6875,0.6363636363636364,0.091743119266055,0.2201834862385321,0.4166666666666667,0.4166666666666667,0.9,0.8440366972477065,0.4166666666666667,0.6139064220183487,0.5894388888888888,3.858666666666666,25.41764705882352,41.0,197.0,3.0,7.0,8.0,14.0,5.0,26.0,4.0,18.0,9.0,17.0,39.0,32.0,6.0,,15.0,,9.0,7.0,7.0,16.0,2.0,21.0,42.0,1.0,34.0,4.0,15.0,4.0,1.0,4.0,2.0,,39.0,193.0,0.4,0.5294117647058824,0.5384615384615384,0.6,0.5625,0.6290322580645161,0.5625,,,0.0887573964497041,0.0561797752808988,0.0795454545454545,0.0806451612903225,0.1578947368421052,0.1666666666666666,0.5,0.5,0.5555555555555556,0.4,0.5384615384615384,0.4285714285714285,0.56,0.5714285714285714,0.6137880000000001,0.125,0.1744186046511628,0.1285714285714285,0.2785714285714286,0.2602377807133421,1.0,3.0,9.0,3.0,2.0,2.0,2.0,4.0,4.0,0.0769230769230769,7.0,3.0,9.0,2.0,17.0,0.0169491525423728,0.015267175572519,0.0642201834862385,15.0,12.0,3.0,,,2.0,10.0,1.0,2.0,,1.0,7.0,2.0,4.0,8.0,11.0,3.0,0.6666666666666666,0.5,0.1466666666666666,0.1724137931034483,0.1,0.091743119266055,0.2,0.2,1.0,0.1538461538461538,0.5,1.0,0.04,,0.28,4.0,5.0,0.5714285714285714,4.0,,False,1.0,1.0,,,3.0,2.0,,2.0,1.0,,,,,,,,,,,0.0217391304347826,0.0425531914893617,0.1428571428571428,0.1428571428571428,,1.0,1.0,,,,,,,,,1.0
1642402,1610612754,Enrique Freeman,Enrique Freeman,1642402,IND,9977.0,166,-19,354,357,126.0,42.0,711,13.0,20.0,5.0,,2.0,14.0,25.0,1.0,10.0,44.0,403,7.0,22.0,3.0,2.0,,5.0,8.0,2.0,2.0,19.0,3.0,8.0,18.0,10.0,28.0,3.0,2.0,0.7857142857142857,1.0,1.0,0.1,0.1,0.56,0.4428571428571428,0.5238095238095238,0.2857142857142857,11.793611793611792,0.034090909090909,0.0952380952380952,0.1006711409395973,0.0523255813953488,0.0294117647058823,0.1076923076923077,0.5714285714285714,0.65,0.7647058823529411,0.7692307692307693,0.1428571428571428,0.0571428571428571,,,,0.8571428571428571,,0.6098371428571429,0.6098800000000001,2.588,23.89,14.0,119.0,4.0,5.0,5.0,8.0,1.0,13.0,4.0,13.0,5.0,10.0,18.0,6.0,6.0,1.0,7.0,3.0,2.0,2.0,4.0,6.0,2.0,13.0,21.0,1.0,17.0,1.0,5.0,2.0,2.0,3.0,3.0,,18.0,117.0,0.5714285714285714,0.5,0.5,0.3846153846153846,0.5909090909090909,0.5,0.3333333333333333,0.3333333333333333,0.1111111111111111,0.1076923076923077,0.05,0.1428571428571428,0.0869565217391304,,0.0526315789473684,1.0,0.2,0.2,1.0,0.625,0.8,0.6153846153846154,0.625,0.6184653846153846,0.1282051282051282,0.1724137931034483,0.2954545454545454,0.4090909090909091,0.3361581920903955,,1.0,8.0,,3.0,,,3.0,3.0,,,6.0,1.0,,1.0,0.0714285714285714,0.0793650793650793,,3.0,2.0,1.0,,6.0,1.0,8.0,,1.0,,2.0,1.0,,,3.0,3.0,,,,0.12,0.15,,0.2285714285714285,0.125,0.125,1.0,0.125,,,0.1538461538461538,,0.0769230769230769,,2.0,,5.0,,False,,,,,1.0,1.0,,,1.0,,,1.0,1.0,,,2.0,,,,0.0476190476190476,0.0588235294117647,,,0.25,,,,,,,,,1.0,,
1628418,1610612754,Thomas Bryant,Thomas Bryant,1628418,IND,50886.0,848,-57,1761,1756,350.0,176.0,3517,79.0,116.0,36.0,21.0,81.0,109.0,162.0,42.0,131.0,388.0,2058,58.0,146.0,123.0,81.0,21.0,37.0,49.0,20.0,15.0,110.0,54.0,72.0,142.0,77.0,219.0,27.0,18.0,0.6697247706422018,0.935897435897436,0.9761904761904762,0.3206106870229007,0.3206106870229007,0.6728395061728395,0.5870307167235495,0.6198083067092651,0.447098976109215,17.380224260958204,0.1270588235294117,0.1836734693877551,0.1741854636591478,0.0963704630788485,0.1111111111111111,0.1904761904761904,0.3959044368600682,0.6810344827586207,0.7596153846153846,0.6075949367088608,0.1228668941979522,0.2764505119453925,0.2592592592592592,0.2592592592592592,1.0,0.8430034129692833,0.2592592592592592,0.5609677474402729,0.575428,3.802469135802469,24.975572519083972,54.0,376.0,32.0,53.0,22.0,30.0,22.0,44.0,35.0,83.0,30.0,42.0,99.0,72.0,62.0,,67.0,3.0,11.0,8.0,17.0,28.0,3.0,43.0,67.0,5.0,53.0,9.0,29.0,32.0,13.0,32.0,13.0,1.0,99.0,373.0,0.603448275862069,0.7142857142857143,0.5384615384615384,0.6214285714285714,0.5845070422535211,0.66,0.3928571428571428,0.0714285714285714,,0.1650246305418719,0.1739130434782608,0.1794871794871795,0.1450777202072538,0.1929824561403508,0.1632653061224489,0.40625,0.6111111111111112,0.6875,0.8636363636363636,0.8153846153846154,0.6037735849056604,0.4285714285714285,0.7333333333333333,0.5546699999999998,0.0926517571884984,0.1593406593406593,0.2139175257731958,0.2551546391752577,0.2135150482680295,5.0,7.0,12.0,3.0,4.0,3.0,3.0,,,0.0769230769230769,10.0,23.0,9.0,2.0,2.0,0.0614973262032085,0.057471264367816,0.0341296928327645,12.0,10.0,2.0,2.0,9.0,21.0,50.0,,2.0,4.0,11.0,17.0,,9.0,28.0,16.0,19.0,,0.3214285714285714,0.0987654320987654,0.1034482758620689,0.1111111111111111,0.1706484641638225,0.42,0.42,0.9523809523809524,0.0307692307692307,,,0.1571428571428571,0.3636363636363636,0.2428571428571428,5.0,3.0,0.2941176470588235,13.0,,False,8.0,,,,2.0,9.0,,1.0,6.0,,,,,,,5.0,,,0.0875,0.0707964601769911,0.073170731707317,0.8,0.8,0.0625,,,,,0.75,,1.0,1.0,1.0,,
1630164,1610612754,James Wiseman,James Wiseman,1630164,IND,278.0,5,-4,11,12,,,23,,,2.0,,1.0,2.0,3.0,,1.0,6.0,17,,4.0,,1.0,,,,,,,,,1.0,,1.0,,,1.0,1.0,,,,0.6666666666666666,0.5,0.6,0.25,45.45454545454545,,,0.25,,,,,,,,0.5,0.25,,,,0.25,,0.476275,,10.3,25.6,1.0,2.0,,,,,2.0,2.0,,,,,,,,,1.0,,,,,,,,,,2.0,,1.0,,,,,,,2.0,,,,,,,,,,0.5,,0.5,,,,,1.0,1.0,1.0,,,,,0.561,0.2,0.25,,,0.1818181818181818,,,,,,,,,,,1.0,,,,,,,0.25,,,,,,,,,,,,1.0,,,1.0,,,,,,,,,,,,,,,,,1.0,,,,,,False,,,,,,,,,,,,,,,,,,,,,,,,,,,,,,,,,,,
1642484,1610612754,RayJ Dennis,RayJ Dennis,1642484,IND,4223.0,70,44,151,152,57.0,21.0,303,2.0,2.0,8.0,6.0,18.0,5.0,12.0,6.0,21.0,30.0,132,,2.0,12.0,17.0,6.0,12.0,14.0,9.0,3.0,30.0,,5.0,10.0,2.0,12.0,7.0,,0.2,0.2,0.6666666666666666,0.2857142857142857,0.3,0.4166666666666667,0.4242424242424242,0.4411764705882353,0.6363636363636364,21.787709497206706,,0.1041666666666666,0.1234567901234567,0.0273972602739726,,0.1219512195121951,0.0606060606060606,1.0,1.0,,0.2424242424242424,0.5454545454545454,0.3333333333333333,0.3529411764705882,0.6666666666666666,0.696969696969697,0.3529411764705882,0.4947203125,0.4501,9.233333333333333,27.4952380952381,2.0,58.0,,,1.0,1.0,1.0,2.0,,6.0,1.0,4.0,2.0,8.0,,,5.0,,4.0,4.0,1.0,5.0,2.0,2.0,7.0,,2.0,,1.0,2.0,1.0,2.0,2.0,,2.0,56.0,,0.25,0.75,0.0769230769230769,0.75,0.0769230769230769,0.8,,,0.1515151515151515,,0.1764705882352941,0.1428571428571428,,,1.0,0.125,0.1666666666666666,,,,0.0769230769230769,1.0,0.5004583333333333,0.0294117647058823,0.0769230769230769,0.2,0.0666666666666666,0.3841059602649007,3.0,4.0,,6.0,,,,,,0.75,2.0,2.0,7.0,1.0,,0.064516129032258,0.0769230769230769,0.0606060606060606,2.0,2.0,,,,,3.0,,1.0,,2.0,7.0,2.0,,9.0,2.0,1.0,0.5,,0.1666666666666666,,0.25,0.0909090909090909,,,,0.25,,,0.1538461538461538,,0.5384615384615384,,2.0,,,,False,2.0,2.0,1.0,1.0,,1.0,,,1.0,,,,,,,,0.0476190476190476,0.0555555555555555,,,0.0555555555555555,1.0,1.0,,0.6666666666666666,1.0,,,0.5,,,,,,
201949,1610612754,James Johnson,James Johnson,201949,IND,1930.0,32,-13,63,64,36.0,9.0,127,2.0,3.0,,,3.0,3.0,6.0,,3.0,6.0,76,2.0,6.0,,3.0,,3.0,3.0,2.0,1.0,6.0,,2.0,4.0,,4.0,,,1.0,1.0,,,,0.5,0.3333333333333333,0.3333333333333333,0.3333333333333333,14.473684210526317,,0.1538461538461538,0.1818181818181818,,,0.0833333333333333,0.3333333333333333,0.6666666666666666,0.6666666666666666,1.0,,0.3333333333333333,,,,0.6666666666666666,,0.50765,0.3227,10.366666666666667,25.76666666666667,1.0,34.0,,,2.0,2.0,,,,,3.0,4.0,6.0,,,,2.0,,,,2.0,2.0,1.0,4.0,5.0,,1.0,1.0,1.0,2.0,2.0,2.0,1.0,,6.0,34.0,,0.75,,0.75,,0.75,,,,0.2222222222222222,,,0.25,1.0,1.0,0.5,,,,,,0.5,1.0,0.526975,0.1111111111111111,0.1666666666666666,,1.0,0.5396825396825397,,,,,,,,,,,3.0,,,,,,,0.3333333333333333,,,,1.0,,,,,,,,,,,,,,,,,,,,,,,,,,,,,,,,,,False,1.0,,,,,,,,,,,,,,,,,,,,,0.3333333333333333,0.3333333333333333,,,,,,1.0,,,,,,
1641803,1610612754,Tristen Newton,Tristen Newton,1641803,IND,41.0,1,-1,2,3,3.0,,5,,,1.0,,,,1.0,,,,3,,,,,,,,,,,,,,,,,,,,,,,,,,,50.0,,,,,,,,,,,1.0,,,,,,,0.3831,,5.7,,,2.0,,,,,,,,,,1.0,,,,,,,,,,,,,,,,,,,,,,,,2.0,,,,,,,,,,,,,,,,,,,,,,,,0.3831,,,,,1.0,,,,,,,,,,,,,,,,,,,,,,,,,,,,,,,,,,,,,,,,,,,,,,,,,,,,,,,,False,,,,,,,,,,,,,,,,,,,,,,,,,,,,,,,,,,,
1629023,1610612742,P.J. Washington,P.J. Washington,1629023,DAL,1719.0,29,-18,61,63,14.0,5.0,124,1.0,2.0,5.0,,4.0,3.0,7.0,,5.0,8.0,78,,2.0,,4.0,,,1.0,,,3.0,1.0,3.0,6.0,1.0,7.0,1.0,1.0,0.3333333333333333,0.3333333333333333,,,,0.42857142857142855,0.25,0.2857142857142857,0.4166666666666667,22.058823529411764,0.06666666666666667,0.17647058823529413,0.18181818181818182,0.03333333333333333,0.1111111111111111,0.18181818181818182,0.16666666666666666,0.5,0.5,1.0,0.4166666666666667,0.3333333333333333,,,,0.5833333333333334,,0.49942916666666665,0.55545,6.128571428571427,24.919999999999998,6.0,14.0,,,,1.0,2.0,2.0,,1.0,,2.0,,4.0,,,3.0,,,,1.0,1.0,,2.0,3.0,,5.0,1.0,3.0,,,,,,,14.0,,,,,0.25,,,,,0.1875,,,0.21428571428571427,,0.16666666666666666,,0.4,0.6666666666666666,,,,0.3333333333333333,,0.5142,0.21428571428571427,0.3333333333333333,0.125,,0.22950819672131148,1.0,1.0,,,1.0,,,,,1.0,,,,,1.0,,,,1.0,1.0,,,,,1.0,,,,,1.0,,,1.0,2.0,,,,0.2857142857142857,,0.4,0.08333333333333333,,,,,,,,,0.3333333333333333,,,,1.0,,True,,,,,,1.0,,,,,,,,,,,,,,,0.14285714285714285,,,,,,,,,,,,,,
1629650,1610612742,Moses Brown,Moses Brown,1629650,DAL,4380.0,73,-3,152,155,20.0,11.0,307,18.0,21.0,8.0,,,21.0,29.0,,,47.0,167,5.0,28.0,,,,1.0,2.0,,1.0,5.0,5.0,11.0,23.0,8.0,31.0,4.0,3.0,0.6666666666666666,0.7777777777777778,,,,0.7241379310344828,0.7241379310344828,0.7580645161290323,,21.686746987951807,0.13157894736842105,0.275,0.25842696629213485,0.11594202898550725,,0.2903225806451613,0.7241379310344828,0.8571428571428571,0.9473684210526315,0.6111111111111112,0.27586206896551724,,,,,0.7241379310344828,,0.6073448275862069,0.5808,3.0068965517241377,,5.0,37.0,4.0,4.0,5.0,6.0,3.0,5.0,4.0,10.0,7.0,10.0,14.0,14.0,6.0,,12.0,,2.0,2.0,3.0,5.0,3.0,11.0,11.0,,6.0,2.0,4.0,3.0,1.0,3.0,1.0,,14.0,35.0,0.8,0.7,0.8,0.7,0.8333333333333334,0.7,0.4,,,0.24489795918367346,0.5714285714285714,0.2222222222222222,0.2702702702702703,,0.2222222222222222,0.3333333333333333,0.375,0.42857142857142855,1.0,0.8,1.0,0.6,0.8333333333333334,0.5670299999999999,0.12903225806451613,0.12903225806451613,0.2127659574468085,0.2978723404255319,0.24342105263157895,,,,,,,2.0,,,,,3.0,1.0,2.0,,0.0967741935483871,0.11538461538461539,,1.0,1.0,,,1.0,,,,,,,,,,,3.0,2.0,,,0.10344827586206896,0.09523809523809523,0.125,,,,,,,,,,,,,,2.0,,True,,,,,,,,,,,,,,,,,,,0.14285714285714285,,,,,,,,,,,,,,2.0,,
1630230,1610612742,Naji Marshall,Naji Marshall,1630230,DAL,2624.0,44,7,89,90,16.0,7.0,179,,1.0,5.0,,3.0,1.0,6.0,1.0,7.0,8.0,92,1.0,,3.0,3.0,,7.0,9.0,5.0,1.0,20.0,1.0,1.0,7.0,1.0,8.0,1.0,,,,1.0,0.14285714285714285,0.14285714285714285,0.16666666666666666,0.19230769230769232,0.26666666666666666,0.5384615384615384,21.649484536082475,0.045454545454545456,0.058823529411764705,0.12727272727272726,0.02631578947368421,,0.06666666666666667,0.07692307692307693,,,,0.38461538461538464,0.23076923076923078,,,,0.6153846153846154,,0.5289307692307693,0.6634,7.849999999999999,24.02857142857143,2.0,17.0,,1.0,,1.0,1.0,3.0,,,,1.0,1.0,2.0,,,6.0,,4.0,3.0,2.0,6.0,1.0,1.0,1.0,,4.0,,1.0,,,,,,,15.0,,,,,,0.16666666666666666,0.6666666666666666,,,0.15789473684210525,,0.25,0.1111111111111111,0.3333333333333333,,,0.2,0.2,,1.0,,0.5,,0.633275,0.07142857142857142,0.14285714285714285,,0.125,0.19101123595505617,,,1.0,,,1.0,,1.0,,,,,1.0,1.0,,,,,2.0,2.0,,1.0,,1.0,4.0,,,,1.0,,,,1.0,,,,,,,,0.3076923076923077,0.25,0.25,1.0,,,,0.5,,,,,,,,True,,,,,1.0,,,,,,,,,,,,,,0.25,,,,,,,,,,,,,,,,
1631108,1610612742,Max Christie,Max Christie,1631108,DAL,3137.0,52,-4,110,111,16.0,6.0,221,,,4.0,4.0,8.0,6.0,9.0,4.0,8.0,24.0,128,,4.0,12.0,8.0,4.0,5.0,6.0,3.0,2.0,13.0,,5.0,7.0,,7.0,1.0,1.0,0.3333333333333333,0.3333333333333333,1.0,0.5,0.5,0.6666666666666666,0.7058823529411765,0.7058823529411765,0.47058823529411764,16.10169491525424,,0.2,0.1206896551724138,,,0.21052631578947367,,,,,0.23529411764705882,0.47058823529411764,0.5,0.5,1.0,0.47058823529411764,0.5,0.4746588235294118,,14.922222222222224,25.825000000000003,3.0,16.0,,,,,3.0,,,,,1.0,,8.0,,,2.0,,2.0,1.0,,2.0,,3.0,3.0,,,,,,,,,,,14.0,,,,,,,1.0,,,0.06060606060606061,,0.2,0.038461538461538464,,0.16666666666666666,,0.75,0.75,0.3333333333333333,,,,,0.51035,,,,,0.14545454545454545,,,,,,1.0,,,,,5.0,,,,,,,0.29411764705882354,1.0,1.0,,,1.0,,,,,,,1.0,,,1.0,,,,,,,,,,,,,,,,,0.5,,,,,,True,3.0,,,,,,,,,,,,,,,,,,,,,0.6,0.6,,,,,,0.3333333333333333,,,,,,
203915,1610612742,Spencer Dinwiddie,Spencer Dinwiddie,203915,DAL,1624.0,27,-4,56,59,14.0,4.0,115,,,2.0,,3.0,2.0,2.0,,3.0,5.0,61,,2.0,,3.0,,2.0,4.0,1.0,1.0,10.0,,2.0,6.0,,6.0,1.0,1.0,0.5,0.5,,,,1.0,0.4,0.4166666666666667,0.6,14.754098360655737,,0.2222222222222222,0.2,,,,,,,,0.4,0.6,,,,0.6,,0.50734,,6.550000000000001,25.400000000000002,1.0,19.0,,,,,2.0,1.0,,,,,,2.0,,,4.0,,1.0,,2.0,3.0,,,2.0,1.0,2.0,,1.0,,,,,,,19.0,,,,,,,0.3333333333333333,,,0.19047619047619047,,0.3333333333333333,0.1875,,0.6666666666666666,,1.0,1.0,0.5,,,,,0.5693250000000001,0.16666666666666666,0.3333333333333333,,,0.3392857142857143,,,,,,1.0,,,,,,,,1.0,,,,,2.0,1.0,1.0,,,,,,,,,2.0,,,2.0,,,,,,,,,,,,,,,,,1.0,,1.0,,,,True,,,,,,,,,,,,,,,,,,,,,,,,,,,,,,,,,,,
202681,1610612742,Kyrie Irving,Kyrie Irving,202681,DAL,3093.0,52,-10,105,106,10.0,8.0,211,2.0,2.0,8.0,2.0,7.0,6.0,14.0,2.0,8.0,24.0,119,,4.0,3.0,7.0,2.0,2.0,6.0,1.0,1.0,16.0,,1.0,4.0,1.0,5.0,1.0,,0.3333333333333333,0.3333333333333333,0.5,0.25,0.25,0.42857142857142855,0.4090909090909091,0.5,0.36363636363636365,22.608695652173914,,0.038461538461538464,0.06451612903225806,0.01818181818181818,,0.05263157894736842,0.09090909090909091,1.0,1.0,0.5,0.36363636363636365,0.3181818181818182,0.2857142857142857,0.2857142857142857,0.5,0.45454545454545453,0.2857142857142857,0.5093045454545455,,10.450000000000001,26.05,4.0,21.0,,,,,2.0,6.0,,,,3.0,2.0,8.0,,,3.0,,1.0,,1.0,2.0,,2.0,3.0,1.0,6.0,1.0,1.0,,,,,,2.0,19.0,,,,,,0.2,0.5,,,0.08333333333333333,,,0.11538461538461539,,,,0.25,0.25,0.5,,,,,0.469425,0.08695652173913043,0.07142857142857142,,0.08333333333333333,0.2,,,2.0,3.0,,1.0,,1.0,1.0,,4.0,1.0,1.0,,,0.038461538461538464,0.047619047619047616,0.18181818181818182,4.0,4.0,,,,,1.0,,,,1.0,,,,1.0,,,,,,,,0.045454545454545456,,,,,,,0.25,,,,,,,,True,2.0,,,,,,,,,,1.0,,,,,,,,,,,0.5,0.5,,,,0.1111111111111111,,,,,,,,
202691,1610612742,Klay Thompson,Klay Thompson,202691,DAL,2658.0,44,3,89,90,6.0,5.0,179,,,5.0,5.0,10.0,2.0,8.0,6.0,11.0,24.0,98,,2.0,15.0,10.0,5.0,3.0,4.0,3.0,,9.0,,,1.0,1.0,2.0,1.0,,0.5,0.5,0.8333333333333334,0.5454545454545454,0.5454545454545454,0.25,0.5789473684210527,0.6,0.5789473684210527,21.875,,,0.017857142857142856,0.02564102564102564,,,,,,,0.2631578947368421,0.5263157894736842,0.5,0.5,1.0,0.5789473684210527,0.5,0.5129631578947368,,12.5125,25.58181818181818,3.0,7.0,,,,,2.0,2.0,,3.0,,1.0,1.0,2.0,,,1.0,,,,1.0,1.0,,,,,3.0,1.0,1.0,1.0,,1.0,1.0,,,5.0,,,0.75,,0.75,0.25,,,,0.03225806451612903,,,0.043478260869565216,,,1.0,0.4,0.6666666666666666,0.5,,,,,0.423,0.05263157894736842,0.125,0.125,0.041666666666666664,0.07865168539325842,1.0,2.0,1.0,3.0,,,,1.0,,0.5,3.0,1.0,1.0,,1.0,0.05555555555555555,0.06666666666666667,0.15789473684210525,1.0,1.0,,,,1.0,1.0,1.0,1.0,,,,1.0,,,2.0,1.0,0.5,,0.25,,0.4,0.05263157894736842,1.0,1.0,,0.5,1.0,,,,,,,,,,True,,,,,,,,,,,,,,,,,,,,,,,,,,,,,,,,,,,
203957,1610612742,Danté Exum,Danté Exum,203957,DAL,932.0,16,-5,31,32,,4.0,63,1.0,2.0,1.0,1.0,2.0,1.0,3.0,1.0,2.0,7.0,27,1.0,,3.0,2.0,1.0,,1.0,,,3.0,,,1.0,,1.0,2.0,1.0,,,1.0,0.5,0.5,0.3333333333333333,0.5,0.5833333333333334,0.4,16.666666666666668,,,0.05,,,,0.4,0.5,1.0,,0.2,0.4,0.5,0.5,1.0,0.8,0.5,0.57905,,5.566666666666666,25.2,1.0,5.0,,,,,,2.0,,,,,,2.0,,,1.0,,,,,,,,,,2.0,,1.0,,,,,,,5.0,,,,,,,,,,0.07142857142857142,,,0.1111111111111111,,,,,,,,,,,,0.16666666666666666,0.25,,,0.16129032258064516,,,,,,,,,,,,,1.0,,,,,,1.0,1.0,,,,,,,,,,,,,,1.0,,,,0.3333333333333333,0.5,,,,,,,,,,,,,,,,,True,,,,,,,,,,,,,,,,,,,,,,,,,,,,,,,,,,,
1630702,1610612742,Jaden Hardy,Jaden Hardy,1630702,DAL,607.0,10,6,22,23,4.0,2.0,45,,,2.0,3.0,3.0,1.0,2.0,3.0,3.0,12.0,25,,,6.0,3.0,3.0,1.0,1.0,,1.0,2.0,,1.0,1.0,,1.0,,,,,0.6666666666666666,1.0,1.0,0.5,1.1,1.2,0.6,28.0,,0.09090909090909091,0.07692307692307693,,,0.1111111111111111,,,,,0.4,0.6,1.0,1.0,0.6666666666666666,0.6,1.0,0.45446,,7.65,26.26666666666667,1.0,16.0,,,,,1.0,1.0,,,1.0,2.0,12.0,2.0,,,,,2.0,1.0,,2.0,2.0,,1.0,,1.0,1.0,1.0,,,,,,12.0,16.0,,0.5,,1.1,,1.2,1.0,,,,,,,,,,0.5,0.5,,,,,,0.45446,0.2,0.5,,1.0,0.7272727272727273,,,1.0,3.0,,1.0,,,,,,,,,,,,,,,,,,,,,,,,3.0,,3.0,3.0,,,,1.0,,,,,,,,,,,,,0.6,3.0,,1.0,,,True,,,,,,,,,,,,,,,,,,,,,,,,,,,,,,,,,,,
1641765,1610612742,Olivier-Maxence Prosper,Olivier-Maxence Prosper,1641765,DAL,488.0,8,5,19,20,,1.0,39,,,,,1.0,,1.0,,1.0,1.0,16,,,,1.0,,,,,,,,,1.0,,1.0,1.0,1.0,,,,,,,,0.16666666666666666,0.5,15.0,,,,,,,,,,,,0.5,,,,0.5,,0.4662,,14.9,25.3,1.0,11.0,,,,,,1.0,,,,,1.0,,,,,1.0,,,,,,,,,2.0,,1.0,,,,,,1.0,11.0,,,,,,0.5,,1.0,,,,,,,,,,,,,,,,,0.3333333333333333,0.5,,1.0,0.5789473684210527,,,1.0,,,,,,,,1.0,,,,,,,0.5,,,,,,,,,,,,,,,,,,,,,,,,,,,,,,,,,,,,,,True,,,,,,,,,,,,,,,,,,,,,,,,,,,,,,,,,,,
1630283,1610612742,Kylor Kelley,Kylor Kelley,1630283,DAL,319.0,5,4,13,13,,1.0,26,,1.0,1.0,,,1.0,2.0,,,2.0,12,,2.0,,,,,1.0,,,3.0,,1.0,1.0,,1.0,,,1.0,1.0,,,,0.5,0.5,0.5,,14.285714285714285,,0.125,0.1111111111111111,,,0.14285714285714285,0.5,,,,0.5,,,,,0.5,,0.6277,,2.75,,,11.0,,,,1.0,1.0,,,,,1.0,,,,,,,,,,,,,,,,,,,,,,,,11.0,,,,,,,,,,,,,,,,,1.0,1.0,1.0,,,1.0,,0.8424,,,,,0.8461538461538461,,,,,,,,,,,,,,,,,,,1.0,1.0,,,,,,,,,,,,,,,,,,,,,,,,,,,,,,,,,,,,True,,,,,,,,,,,,,,,,,,,,,,,,,,,,,,,,,,,
1630314,1610612742,Brandon Williams,Brandon Williams,1630314,DAL,319.0,5,4,13,13,,1.0,26,,,1.0,,,,1.0,,,2.0,12,,,,,,1.0,1.0,,1.0,2.0,,,,,,,,,,,,,,,0.5,,14.285714285714285,,,,,,,,,,,1.0,,,,,,,0.4435,,6.5,,1.0,11.0,,,,,,2.0,,,,1.0,2.0,,,,,,,,,,,,,,2.0,,1.0,,,1.0,1.0,,2.0,11.0,,,,,,0.5,,,,,,,,,,1.0,,,,,,,,0.4435,0.5,0.5,,1.0,0.8461538461538461,,,2.0,,,,,,,,,,,,,,,,,,,,,,,,,,,,,,,1.0,,,,1.0,,1.0,,,,,,,,,,,,,,,,True,,,,,,,,,,,,1.0,1.0,,,,,,,,,,,,,,,,,,,,,,
1628467,1610612742,Maxi Kleber,Maxi Kleber,1628467,DAL,38206.0,637,-17,1303,1309,349.0,138.0,2612,13.0,23.0,15.0,9.0,32.0,24.0,47.0,13.0,49.0,103.0,1522,11.0,40.0,36.0,32.0,9.0,20.0,43.0,14.0,4.0,109.0,18.0,32.0,70.0,25.0,95.0,9.0,8.0,0.8333333333333334,0.9523809523809523,0.9230769230769231,0.2653061224489796,0.2653061224489796,0.5106382978723404,0.453125,0.4858490566037736,0.5104166666666666,8.865979381443298,0.0594059405940594,0.10526315789473684,0.10662358642972536,0.0378657487091222,0.05,0.08571428571428572,0.23958333333333334,0.5652173913043478,0.65,0.7692307692307693,0.15625,0.3333333333333333,0.28125,0.28125,0.8888888888888888,0.75,0.28125,0.5268848958333333,0.5316125,6.555319148936168,24.814285714285713,29.0,358.0,3.0,6.0,3.0,7.0,5.0,16.0,4.0,16.0,3.0,11.0,15.0,8.0,6.0,3.0,34.0,4.0,14.0,10.0,9.0,23.0,7.0,41.0,66.0,3.0,21.0,1.0,9.0,17.0,6.0,17.0,11.0,,15.0,356.0,0.36363636363636365,0.2727272727272727,0.4117647058823529,0.1875,0.4444444444444444,0.26785714285714285,0.6086956521739131,0.12121212121212122,0.08571428571428572,0.10793650793650794,0.07272727272727272,0.10091743119266056,0.1038961038961039,0.1346153846153846,0.14893617021276595,0.6470588235294118,0.3333333333333333,0.4166666666666667,1.0,0.35294117647058826,0.5,0.2916666666666667,0.42857142857142855,0.5365395833333334,0.08653846153846154,0.16363636363636364,0.1553398058252427,0.14563106796116504,0.2747505755947813,4.0,6.0,6.0,3.0,2.0,4.0,1.0,2.0,2.0,0.23529411764705882,9.0,4.0,1.0,,4.0,0.014388489208633094,0.014563106796116505,0.09375,23.0,17.0,6.0,,6.0,4.0,17.0,1.0,2.0,1.0,5.0,8.0,2.0,1.0,13.0,7.0,11.0,0.3333333333333333,0.07692307692307693,0.14893617021276595,0.13043478260869565,0.2,0.17708333333333334,0.23529411764705882,0.23529411764705882,1.0,0.11764705882352941,0.5,1.0,0.20833333333333334,0.2,0.3333333333333333,,8.0,,2.0,,False,6.0,1.0,,,2.0,4.0,3.0,1.0,5.0,,,,,,,,,,0.05660377358490566,0.013888888888888888,0.0784313725490196,0.6666666666666666,0.75,,0.25,1.0,,,0.8333333333333334,0.1111111111111111,,,,,1.0
1629023,1610612742,P.J. Washington,P.J. Washington,1629023,DAL,108375.0,1806,67,3746,3746,737.0,435.0,7492,124.0,185.0,213.0,59.0,150.0,207.0,419.0,91.0,234.0,828.0,4316,60.0,218.0,246.0,150.0,59.0,73.0,130.0,55.0,12.0,317.0,54.0,153.0,354.0,81.0,435.0,62.0,45.0,0.5265700483091788,0.5891891891891892,0.9010989010989011,0.3888888888888889,0.3888888888888889,0.49403341288782815,0.5260336906584993,0.5594594594594594,0.35834609494640124,20.240906943788378,0.05863192182410423,0.18613138686131386,0.17725013804527884,0.04342723004694836,0.062370062370062374,0.19931856899488926,0.2833078101071976,0.6702702702702703,0.7380952380952381,0.5645161290322581,0.32618683001531396,0.22970903522205208,0.3933333333333333,0.3933333333333333,0.847457627118644,0.6416539050535988,0.3933333333333333,0.5401526799387444,0.546415909090909,5.358233890214799,24.586752136752143,152.0,760.0,26.0,35.0,25.0,33.0,77.0,141.0,33.0,102.0,40.0,66.0,193.0,196.0,44.0,7.0,168.0,33.0,78.0,31.0,39.0,117.0,25.0,66.0,128.0,7.0,193.0,18.0,89.0,57.0,39.0,60.0,35.0,,191.0,748.0,0.55,0.6060606060606061,0.5406976744186046,0.6146788990825688,0.5483870967741935,0.6701388888888888,0.6666666666666666,0.3793103448275862,0.0673076923076923,0.1698685540950455,0.07719298245614035,0.1742627345844504,0.15778251599147122,0.19727891156462585,0.15319148936170213,0.5833333333333334,0.3615023474178404,0.4207650273224044,0.4675324675324675,0.4069767441860465,0.7428571428571429,0.30275229357798167,0.7575757575757576,0.5362811926605505,0.12413793103448276,0.1816326530612245,0.12318840579710146,0.23309178743961353,0.20288307528029897,20.0,26.0,59.0,27.0,5.0,47.0,5.0,15.0,13.0,0.23255813953488372,21.0,20.0,17.0,3.0,11.0,0.02554278416347382,0.02768166089965398,0.03215926493108729,57.0,37.0,20.0,15.0,7.0,32.0,84.0,2.0,6.0,7.0,18.0,25.0,9.0,18.0,43.0,48.0,18.0,0.34615384615384615,0.4186046511627907,0.11455847255369929,0.0918918918918919,0.14084507042253522,0.12863705972434916,0.38095238095238093,0.38095238095238093,1.0,0.06976744186046512,0.3333333333333333,1.0,0.1651376146788991,0.3888888888888889,0.22935779816513763,11.0,8.0,0.44,9.0,,False,6.0,7.0,,,6.0,31.0,2.0,5.0,5.0,1.0,1.0,3.0,2.0,1.0,,2.0,,,0.012903225806451613,0.01951219512195122,0.10130718954248366,0.2857142857142857,0.3,0.23076923076923078,0.35,0.8571428571428571,0.00425531914893617,,0.5,0.047619047619047616,,,,,
1629029,1610612742,Luka Dončić,Luka Dončić,1629029,DAL,47071.0,785,168,1630,1616,249.0,186.0,3246,49.0,64.0,141.0,70.0,201.0,141.0,254.0,75.0,212.0,619.0,1815,19.0,78.0,108.0,199.0,70.0,103.0,172.0,78.0,20.0,413.0,5.0,86.0,167.0,16.0,183.0,44.0,31.0,0.2765957446808511,0.2826086956521739,0.48,0.35377358490566035,0.35714285714285715,0.5551181102362205,0.5439914163090128,0.5884030418250951,0.45493562231759654,32.663043478260875,0.014326647564469915,0.21994884910485935,0.2032828282828283,0.02074688796680498,0.021505376344086023,0.22807017543859648,0.13733905579399142,0.765625,0.8032786885245902,0.46938775510204084,0.30257510729613735,0.4313304721030043,0.3482587064676617,0.35175879396984927,0.4857142857142857,0.592274678111588,0.35175879396984927,0.5110866304347825,0.502675,9.072834645669289,26.886792452830175,126.0,308.0,4.0,8.0,9.0,11.0,75.0,112.0,9.0,42.0,21.0,37.0,113.0,204.0,6.0,1.0,75.0,6.0,58.0,43.0,17.0,75.0,17.0,26.0,58.0,1.0,146.0,20.0,64.0,8.0,3.0,9.0,5.0,,113.0,303.0,0.47368421052631576,0.5675675675675675,0.515625,0.5126582278481012,0.5675675675675675,0.576530612244898,0.7733333333333333,0.17647058823529413,0.018518518518518517,0.18703241895261846,0.01,0.18571428571428572,0.17647058823529413,0.21621621621621623,0.19811320754716982,0.5555555555555556,0.5319148936170213,0.5555555555555556,0.17333333333333334,0.25,0.5,0.13924050632911392,0.8181818181818182,0.4992813333333332,0.13424124513618677,0.21476510067114093,0.06785137318255251,0.1825525040387722,0.18895705521472392,11.0,13.0,32.0,117.0,8.0,15.0,3.0,12.0,11.0,0.34375,49.0,10.0,13.0,1.0,6.0,0.026737967914438502,0.018050541516245487,0.10515021459227468,69.0,42.0,27.0,3.0,3.0,5.0,11.0,1.0,2.0,,1.0,41.0,5.0,13.0,42.0,9.0,4.0,0.38461538461538464,0.30952380952380953,0.03543307086614173,0.046875,0.0425531914893617,0.023605150214592276,0.45454545454545453,0.45454545454545453,0.4,0.0625,0.5,1.0,0.012658227848101266,,0.5189873417721519,13.0,2.0,0.3170731707317073,9.0,1.0,False,17.0,4.0,2.0,2.0,5.0,3.0,2.0,,4.0,,5.0,1.0,,1.0,1.0,,0.009433962264150943,0.009950248756218905,,0.05154639175257732,0.013043478260869565,0.3469387755102041,0.3469387755102041,0.25,0.36363636363636365,0.5,0.023148148148148147,,0.17647058823529413,,2.0,,,1.0,
1629655,1610612742,Daniel Gafford,Daniel Gafford,1629655,DAL,73571.0,1226,35,2528,2529,433.0,309.0,5057,236.0,318.0,84.0,,,283.0,403.0,,,701.0,2949,106.0,408.0,,,,54.0,80.0,27.0,14.0,186.0,107.0,99.0,233.0,155.0,388.0,23.0,11.0,0.7208480565371025,0.9026548672566371,,,,0.7022332506203474,0.7022332506203474,0.7211934156378601,,19.1866527632951,0.17341977309562398,0.1683673469387755,0.16537867078825347,0.13836477987421383,0.18835616438356165,0.1774193548387097,0.7890818858560794,0.7421383647798742,0.7919463087248322,0.711864406779661,0.20843672456575682,,,,,0.7890818858560794,,0.6210935483870967,0.6248256097560975,2.561290322580645,,155.0,566.0,65.0,93.0,49.0,68.0,46.0,135.0,75.0,190.0,56.0,84.0,157.0,158.0,114.0,1.0,115.0,19.0,28.0,10.0,38.0,66.0,14.0,92.0,152.0,10.0,196.0,26.0,92.0,97.0,70.0,102.0,57.0,1.0,157.0,562.0,0.7075471698113207,0.6666666666666666,0.7075471698113207,0.6666666666666666,0.7307692307692307,0.6885964912280702,0.42424242424242425,0.3333333333333333,0.012987012987012988,0.16288951841359772,0.2048780487804878,0.12251655629139073,0.20063694267515925,0.16666666666666666,0.14285714285714285,0.5588235294117647,0.5476190476190477,0.6216216216216216,0.7608695652173914,0.8773584905660378,0.6989247311827957,0.8095238095238095,0.7205882352941176,0.6259904761904762,0.19616204690831557,0.19616204690831557,0.2710413694721826,0.2239657631954351,0.22389240506329114,,,45.0,,8.0,18.0,12.0,17.0,16.0,,1.0,47.0,12.0,4.0,3.0,0.09475806451612903,0.10164835164835165,0.0024813895781637717,26.0,21.0,5.0,4.0,17.0,,,,,,,,,,,30.0,26.0,,,0.07444168734491315,0.06289308176100629,0.11904761904761904,,,,,,,,,,,,4.0,,40.0,,False,1.0,,,,13.0,22.0,,8.0,15.0,1.0,,5.0,4.0,1.0,1.0,11.0,,,0.08333333333333333,0.07575757575757576,0.24444444444444444,1.0,1.0,0.12307692307692308,,,,,1.0,,1.0,2.0,3.0,,1.0
1629656,1610612742,Quentin Grimes,Quentin Grimes,1629656,DAL,64182.0,1070,-7,2194,2197,516.0,261.0,4391,60.0,89.0,39.0,54.0,144.0,89.0,164.0,80.0,201.0,480.0,2564,23.0,100.0,213.0,144.0,54.0,59.0,101.0,44.0,14.0,244.0,11.0,78.0,149.0,30.0,179.0,32.0,15.0,0.5617977528089888,0.5882352941176471,0.8875,0.39800995024875624,0.39800995024875624,0.5426829268292683,0.5726027397260274,0.6030150753768844,0.5506849315068493,18.46339501206758,0.020793950850661626,0.15821501014198783,0.13594040968342644,0.027916251246261216,0.01824817518248175,0.18207282913165265,0.24383561643835616,0.6741573033707865,0.7142857142857143,0.6333333333333333,0.10684931506849316,0.39452054794520547,0.375,0.375,0.8518518518518519,0.7945205479452054,0.375,0.5499779452054797,0.51567,6.742682926829264,24.948756218905476,74.0,624.0,6.0,11.0,21.0,31.0,16.0,62.0,9.0,49.0,31.0,54.0,159.0,78.0,8.0,2.0,68.0,3.0,35.0,24.0,26.0,61.0,20.0,28.0,78.0,3.0,81.0,9.0,27.0,10.0,3.0,10.0,6.0,,156.0,618.0,0.391304347826087,0.5740740740740741,0.4891304347826087,0.5482456140350878,0.5104166666666666,0.5932835820895522,0.5737704918032787,0.05555555555555555,0.02666666666666667,0.11703958691910499,0.024539877300613498,0.09722222222222222,0.1003584229390681,0.22093023255813954,0.09558823529411764,0.6,0.41025641025641024,0.43243243243243246,0.375,0.2391304347826087,0.5454545454545454,0.2719298245614035,0.6774193548387096,0.5437798245614035,0.08527131782945736,0.14835164835164835,0.10208333333333333,0.33125,0.284412032816773,17.0,23.0,34.0,27.0,6.0,11.0,5.0,11.0,9.0,0.3695652173913043,36.0,17.0,17.0,4.0,8.0,0.035864978902953586,0.027777777777777776,0.09863013698630137,42.0,29.0,13.0,5.0,3.0,26.0,57.0,1.0,6.0,7.0,17.0,43.0,9.0,21.0,60.0,9.0,7.0,0.391304347826087,0.35,0.054878048780487805,0.056179775280898875,0.05128205128205128,0.15616438356164383,0.45614035087719296,0.45614035087719296,0.9615384615384616,0.13043478260869565,0.16666666666666666,1.0,0.14912280701754385,0.4117647058823529,0.37719298245614036,14.0,6.0,0.32558139534883723,4.0,,False,13.0,8.0,,,1.0,6.0,3.0,3.0,2.0,,6.0,,,,,,,,0.021739130434782608,0.06140350877192982,0.03296703296703297,0.3611111111111111,0.38235294117647056,0.3333333333333333,0.47058823529411764,0.875,0.02926829268292683,,0.46153846153846156,0.05555555555555555,1.0,,,2.0,1.0
202681,1610612742,Kyrie Irving,Kyrie Irving,202681,DAL,105147.0,1752,134,3594,3574,665.0,431.0,7168,125.0,186.0,276.0,112.0,292.0,297.0,572.0,142.0,351.0,1210.0,4147,43.0,190.0,270.0,291.0,112.0,150.0,225.0,92.0,48.0,525.0,36.0,82.0,176.0,59.0,235.0,65.0,26.0,0.31986531986531985,0.3298611111111111,0.6338028169014085,0.4045584045584046,0.4057142857142857,0.5192307692307693,0.5525460455037919,0.5929423459244533,0.38028169014084506,27.15475024485798,0.04205607476635514,0.1025,0.0967741935483871,0.035800970873786406,0.04460093896713615,0.10627177700348432,0.20151679306608883,0.6720430107526881,0.7142857142857143,0.4,0.2990249187432286,0.3163596966413868,0.3835616438356164,0.3916083916083916,0.5714285714285714,0.581798483206934,0.3848797250859107,0.5141551518438174,0.5289336734693877,8.016258741258744,25.969230769230766,160.0,711.0,16.0,21.0,24.0,40.0,127.0,190.0,28.0,130.0,54.0,109.0,216.0,404.0,18.0,,86.0,8.0,73.0,48.0,36.0,109.0,21.0,46.0,98.0,7.0,208.0,24.0,84.0,22.0,9.0,23.0,14.0,,212.0,703.0,0.6511627906976745,0.4954128440366973,0.7160493827160493,0.4666666666666667,0.7329545454545454,0.5270935960591133,0.6697247706422018,0.08602150537634409,,0.09188034188034189,0.049429657794676805,0.06983240223463687,0.10961968680089486,0.0916030534351145,0.09292035398230089,0.6086956521739131,0.4601449275362319,0.49609375,0.2440944881889764,0.25925925925925924,0.7619047619047619,0.2222222222222222,0.6,0.49680223463687134,0.0910010111223458,0.13291139240506328,0.10743801652892562,0.17851239669421487,0.19782971619365608,24.0,38.0,48.0,156.0,17.0,25.0,7.0,17.0,8.0,0.2962962962962963,110.0,23.0,39.0,2.0,3.0,0.02904040404040404,0.032534246575342464,0.11917659804983749,75.0,56.0,19.0,6.0,4.0,30.0,59.0,6.0,14.0,5.0,12.0,59.0,20.0,20.0,71.0,32.0,13.0,0.5263157894736842,0.28169014084507044,0.055944055944055944,0.05913978494623656,0.07246376811594203,0.06392199349945829,0.5084745762711864,0.5263157894736842,0.8666666666666667,0.1728395061728395,0.42857142857142855,1.0,0.06666666666666667,0.4166666666666667,0.3277777777777778,15.0,4.0,0.2542372881355932,14.0,18.0,False,45.0,14.0,1.0,8.0,10.0,25.0,,1.0,4.0,1.0,6.0,1.0,1.0,,,,0.022792022792022793,0.02054794520547945,0.023952095808383235,0.019230769230769232,0.05707762557077625,0.4090909090909091,0.41284403669724773,0.375,0.5833333333333334,0.5714285714285714,0.01680672268907563,0.03389830508474576,0.3111111111111111,0.00909090909090909,2.0,,,,
203915,1610612742,Spencer Dinwiddie,Spencer Dinwiddie,203915,DAL,126545.0,2109,-216,4351,4355,939.0,432.0,8706,70.0,120.0,197.0,83.0,260.0,173.0,354.0,109.0,323.0,867.0,5131,20.0,72.0,180.0,259.0,83.0,207.0,345.0,134.0,59.0,828.0,13.0,90.0,185.0,18.0,203.0,69.0,50.0,0.20809248554913296,0.21301775147928995,0.5504587155963303,0.33746130030959753,0.3385093167701863,0.4887005649717514,0.49704579025110784,0.5574193548387096,0.4771048744460857,18.061582971688367,0.012720156555772993,0.09635974304068523,0.08897485493230174,0.009302325581395349,0.0148975791433892,0.09742120343839542,0.17725258493353027,0.5833333333333334,0.6363636363636364,0.24285714285714285,0.29098966026587886,0.38404726735598227,0.3192307692307692,0.3192307692307692,0.4939759036144578,0.654357459379616,0.3204633204633205,0.5132597891566264,0.48672794117647067,7.1225988700565,25.53839009287925,196.0,950.0,6.0,7.0,11.0,22.0,85.0,194.0,12.0,61.0,26.0,64.0,169.0,274.0,8.0,,94.0,1.0,55.0,44.0,44.0,99.0,19.0,63.0,119.0,7.0,241.0,29.0,107.0,14.0,8.0,17.0,6.0,,165.0,941.0,0.6,0.40625,0.59375,0.4626865671641791,0.61,0.5382165605095541,0.5555555555555556,0.011111111111111112,,0.08289241622574955,0.003076923076923077,0.06864988558352403,0.08052434456928839,0.12883435582822086,0.09322033898305085,0.35294117647058826,0.43147208121827413,0.45454545454545453,0.18823529411764706,0.14583333333333334,0.8571428571428571,0.16417910447761194,0.5,0.49275265151515163,0.15555555555555556,0.24768518518518517,0.07035755478662054,0.19492502883506344,0.2183406113537118,20.0,28.0,45.0,147.0,24.0,11.0,7.0,10.0,8.0,0.4166666666666667,37.0,5.0,19.0,3.0,20.0,0.00547645125958379,0.0030959752321981426,0.05465288035450517,138.0,78.0,60.0,3.0,1.0,26.0,63.0,2.0,8.0,5.0,11.0,59.0,11.0,24.0,70.0,21.0,6.0,0.39285714285714285,0.34285714285714286,0.059322033898305086,0.08333333333333333,0.050761421319796954,0.0930576070901034,0.4126984126984127,0.4262295081967213,0.7307692307692307,0.16666666666666666,0.25,0.5,0.08208955223880597,0.45454545454545453,0.44029850746268656,19.0,8.0,0.3220338983050847,4.0,4.0,False,18.0,9.0,1.0,2.0,14.0,8.0,1.0,4.0,10.0,,12.0,3.0,2.0,1.0,,,0.006191950464396285,,0.025,0.011235955056179775,0.022222222222222223,0.4864864864864865,0.5,,0.45,0.6666666666666666,0.036036036036036036,0.031746031746031744,0.16666666666666666,0.02702702702702703,,,,2.0,
1641726,1610612742,Dereck Lively II,Dereck Lively II,1641726,DAL,49969.0,833,121,1700,1704,301.0,212.0,3404,101.0,131.0,60.0,,,134.0,191.0,,,314.0,1871,43.0,212.0,,,,41.0,85.0,25.0,11.0,214.0,55.0,73.0,166.0,104.0,270.0,20.0,14.0,0.7910447761194029,0.9298245614035088,,,,0.7015706806282722,0.7015706806282722,0.7008928571428571,,13.63870303654143,0.1388888888888889,0.18159203980099503,0.18593563766388557,0.12563451776649745,0.16,0.16428571428571428,0.6858638743455497,0.7709923664122137,0.8632478632478633,0.7821782178217822,0.31413612565445026,,,,,0.6858638743455497,,0.5965869109947642,0.61270625,3.1371727748691094,,51.0,300.0,30.0,36.0,8.0,17.0,33.0,46.0,35.0,78.0,10.0,25.0,34.0,56.0,40.0,5.0,83.0,10.0,21.0,12.0,20.0,41.0,6.0,61.0,100.0,9.0,73.0,7.0,37.0,56.0,27.0,56.0,33.0,,34.0,296.0,0.813953488372093,0.4,0.813953488372093,0.4,0.8125,0.4722222222222222,0.5121951219512195,0.2631578947368421,0.10638297872340426,0.18993135011441648,0.1509433962264151,0.18620689655172415,0.2168141592920354,0.10606060606060606,0.22131147540983606,0.5892857142857143,0.55,0.6470588235294118,0.8181818181818182,0.8372093023255814,0.8333333333333334,0.68,0.47058823529411764,0.5776800000000001,0.167420814479638,0.167420814479638,0.2484076433121019,0.10828025477707007,0.17647058823529413,,,14.0,,6.0,9.0,10.0,3.0,3.0,,,44.0,6.0,3.0,,0.11224489795918367,0.11604095563139932,,44.0,41.0,3.0,,4.0,,,,,,,,,,,23.0,28.0,,,0.12041884816753927,0.10687022900763359,0.15,,,,,,,,,,,,5.0,,8.0,,False,,,,,5.0,7.0,1.0,,11.0,,,,,,1.0,6.0,,,0.046153846153846156,0.10101010101010101,0.20588235294117646,,,0.3333333333333333,,,,,,,,1.0,4.0,,
202691,1610612742,Klay Thompson,Klay Thompson,202691,DAL,115214.0,1920,-84,3937,3935,464.0,439.0,7872,48.0,71.0,112.0,151.0,389.0,143.0,316.0,210.0,542.0,981.0,4633,30.0,198.0,597.0,389.0,151.0,93.0,141.0,64.0,25.0,330.0,24.0,93.0,201.0,43.0,244.0,49.0,36.0,0.6923076923076923,0.7122302158273381,0.9476190476190476,0.3874538745387454,0.3874538745387454,0.4525316455696203,0.5337995337995338,0.5502824858757062,0.6317016317016317,21.936357481381176,0.02536997885835095,0.10813953488372093,0.09926470588235294,0.023068669527896997,0.018907563025210083,0.09339774557165861,0.08275058275058275,0.676056338028169,0.7058823529411765,0.7291666666666666,0.13053613053613053,0.4533799533799534,0.38817480719794345,0.3922077922077922,0.9271523178807947,0.7144522144522144,0.38817480719794345,0.5286004722550175,0.5371527272727272,11.526582278481014,25.0634011090573,48.0,484.0,6.0,11.0,3.0,4.0,41.0,65.0,16.0,106.0,12.0,22.0,126.0,88.0,8.0,,96.0,12.0,58.0,46.0,29.0,87.0,10.0,44.0,81.0,4.0,71.0,6.0,24.0,28.0,10.0,29.0,18.0,,122.0,478.0,0.5333333333333333,0.5454545454545454,0.5360824742268041,0.6666666666666666,0.5408163265306123,0.7,0.6666666666666666,0.13333333333333333,,0.09195402298850575,0.045936395759717315,0.07848101265822785,0.09368635437881874,0.12025316455696203,0.14644351464435146,0.6206896551724138,0.36607142857142855,0.3942307692307692,0.6097560975609756,0.1134020618556701,0.5454545454545454,0.04938271604938271,0.75,0.5106111111111111,0.030716723549488054,0.0718562874251497,0.10805300713557595,0.12844036697247707,0.12293624587249175,42.0,67.0,18.0,33.0,8.0,12.0,10.0,6.0,4.0,0.4329896907216495,133.0,19.0,13.0,7.0,1.0,0.020697167755991286,0.016176470588235296,0.155011655011655,48.0,30.0,18.0,5.0,1.0,59.0,153.0,4.0,25.0,7.0,17.0,42.0,24.0,28.0,59.0,14.0,16.0,0.3582089552238806,0.4745762711864407,0.04430379746835443,0.04225352112676056,0.07142857142857142,0.17832167832167833,0.38562091503267976,0.3881578947368421,1.0,0.25773195876288657,0.16,1.0,0.20987654320987653,0.4117647058823529,0.5185185185185185,21.0,4.0,0.5,2.0,8.0,False,54.0,20.0,,5.0,4.0,9.0,1.0,2.0,3.0,,3.0,1.0,,1.0,2.0,,0.00922509225092251,0.010282776349614395,0.0106951871657754,0.03361344537815126,0.018633540372670808,0.40601503759398494,0.4153846153846154,0.3333333333333333,0.47619047619047616,0.9,0.005504587155963303,0.006535947712418301,0.7222222222222222,0.022556390977443608,,1.0,,,
203939,1610612742,Dwight Powell,Dwight Powell,203939,DAL,33050.0,551,-14,1141,1135,291.0,132.0,2276,36.0,48.0,8.0,,1.0,40.0,56.0,2.0,5.0,114.0,1287,13.0,62.0,6.0,1.0,,39.0,55.0,20.0,13.0,126.0,25.0,29.0,71.0,47.0,118.0,18.0,10.0,0.775,0.9393939393939394,1.0,0.4,0.4,0.7142857142857143,0.7049180327868853,0.7215189873417721,0.08196721311475409,7.525213343677269,0.09398496240601503,0.12719298245614036,0.13513513513513514,0.0905587668593449,0.09022556390977443,0.13253012048192772,0.7868852459016393,0.75,0.8181818181818182,0.75,0.13114754098360656,0.01639344262295082,,,,0.8688524590163934,,0.6390169491525425,0.5788650000000001,2.203571428571429,23.3,48.0,319.0,8.0,11.0,6.0,7.0,4.0,28.0,8.0,23.0,6.0,7.0,22.0,18.0,14.0,,41.0,1.0,9.0,5.0,9.0,18.0,4.0,45.0,75.0,7.0,43.0,3.0,16.0,20.0,9.0,21.0,12.0,,22.0,319.0,0.6153846153846154,0.8571428571428571,0.6785714285714286,0.6666666666666666,0.6764705882352942,0.7333333333333333,0.5,0.058823529411764705,,0.1413793103448276,0.10465116279069768,0.17592592592592593,0.15079365079365079,0.05357142857142857,0.11290322580645161,0.5714285714285714,0.5,0.6666666666666666,1.0,0.7857142857142857,0.7272727272727273,0.7777777777777778,0.8571428571428571,0.6106555555555555,0.21621621621621623,0.2318840579710145,0.20175438596491227,0.19298245614035087,0.27957931638913236,,1.0,10.0,,,4.0,1.0,5.0,5.0,,,22.0,8.0,,4.0,0.08695652173913043,0.07514450867052024,,16.0,14.0,2.0,,10.0,2.0,4.0,1.0,1.0,,2.0,,1.0,,2.0,6.0,11.0,1.0,,0.10714285714285714,0.08333333333333333,0.25,0.06557377049180328,0.5,0.5,1.0,0.07142857142857142,1.0,1.0,0.2222222222222222,,,,6.0,,4.0,,False,,,,,6.0,1.0,1.0,1.0,8.0,,,1.0,1.0,,,,,,0.0851063829787234,0.1125,0.08333333333333333,,,0.125,,,,,,,3.0,,,,
1630314,1610612742,Brandon Williams,Brandon Williams,1630314,DAL,28910.0,482,6,1025,1020,246.0,96.0,2045,50.0,78.0,38.0,19.0,48.0,73.0,126.0,24.0,60.0,271.0,1143,5.0,44.0,60.0,45.0,19.0,48.0,75.0,25.0,17.0,177.0,8.0,16.0,46.0,12.0,58.0,24.0,13.0,0.3013698630136986,0.3055555555555556,0.8333333333333334,0.4,0.42105263157894735,0.5793650793650794,0.5860215053763441,0.633177570093458,0.3225806451612903,22.448979591836736,0.032,0.07142857142857142,0.09421841541755889,0.024553571428571428,0.017391304347826087,0.07975460122699386,0.41935483870967744,0.6410256410256411,0.7246376811594203,0.3,0.20430107526881722,0.25806451612903225,0.3958333333333333,0.3958333333333333,0.7894736842105263,0.7419354838709677,0.4222222222222222,0.555992485549133,0.5432,5.102380952380952,27.061016949152545,56.0,305.0,2.0,3.0,11.0,20.0,18.0,53.0,3.0,16.0,16.0,35.0,67.0,102.0,2.0,1.0,28.0,2.0,28.0,20.0,11.0,39.0,8.0,23.0,33.0,1.0,64.0,7.0,28.0,4.0,3.0,4.0,3.0,,67.0,303.0,0.6,0.45714285714285713,0.8333333333333334,0.39285714285714285,0.8,0.49264705882352944,0.717948717948718,0.08695652173913043,0.05263157894736842,0.11522633744855967,0.06315789473684211,0.11538461538461539,0.11320754716981132,0.12121212121212122,0.04918032786885246,0.75,0.47368421052631576,0.6428571428571429,0.3333333333333333,0.3333333333333333,0.6666666666666666,0.35714285714285715,0.55,0.5500892156862746,0.13942307692307693,0.19047619047619047,0.05904059040590406,0.24723247232472326,0.2975609756097561,4.0,4.0,23.0,12.0,7.0,8.0,3.0,6.0,6.0,0.4444444444444444,10.0,3.0,11.0,,5.0,0.015151515151515152,0.014598540145985401,0.053763440860215055,27.0,13.0,14.0,2.0,1.0,5.0,12.0,,,,1.0,20.0,3.0,4.0,21.0,19.0,1.0,0.75,0.19047619047619047,0.15079365079365079,0.11538461538461539,0.2631578947368421,0.06451612903225806,0.4166666666666667,0.4166666666666667,1.0,,,,0.017857142857142856,,0.35714285714285715,4.0,2.0,0.2,1.0,,False,5.0,3.0,3.0,,6.0,,,,1.0,,1.0,,,,,,,,,0.01639344262295082,,0.5,0.5,0.5,0.75,1.0,0.01639344262295082,,0.2,,,,,,
1641789,1610612742,Jazian Gortman,Jazian Gortman,1641789,DAL,3395.0,57,11,129,125,64.0,15.0,254,2.0,4.0,5.0,2.0,6.0,5.0,12.0,4.0,11.0,24.0,126,,2.0,9.0,6.0,2.0,4.0,6.0,2.0,1.0,14.0,,,4.0,1.0,5.0,2.0,1.0,0.2,0.2,0.75,0.36363636363636365,0.36363636363636365,0.4166666666666667,0.4782608695652174,0.5,0.4782608695652174,20.0,,,0.06779661016949153,0.018518518518518517,,,0.17391304347826086,0.5,0.6666666666666666,,0.21739130434782608,0.2608695652173913,0.3333333333333333,0.3333333333333333,0.5,0.6521739130434783,0.3333333333333333,0.5094717391304348,0.44745,9.158333333333333,24.218181818181815,2.0,53.0,,,2.0,4.0,1.0,2.0,,,4.0,7.0,12.0,8.0,,,4.0,,3.0,1.0,2.0,5.0,3.0,4.0,9.0,,4.0,,,1.0,,1.0,,,12.0,53.0,,0.5714285714285714,,0.5,,0.5,0.6,,,0.1,,0.0625,0.13333333333333333,0.1111111111111111,,,0.2,0.2,,,,0.36363636363636365,0.5,0.528609090909091,,,,0.5,0.4108527131782946,,1.0,1.0,3.0,,2.0,,1.0,,,3.0,1.0,1.0,1.0,,0.03571428571428571,0.05,0.13043478260869565,2.0,2.0,,1.0,,2.0,5.0,,1.0,1.0,3.0,1.0,,1.0,4.0,1.0,1.0,,0.25,0.08333333333333333,0.25,,0.21739130434782608,0.4,0.4,1.0,1.0,,,0.2727272727272727,0.3333333333333333,0.09090909090909091,,,,,,False,2.0,,,,1.0,,,,,,,,,,,,,,,,,0.6666666666666666,0.6666666666666666,,,,,,0.5,,,,,,
1630230,1610612742,Naji Marshall,Naji Marshall,1630230,DAL,112524.0,1875,-144,3862,3880,864.0,415.0,7742,148.0,208.0,262.0,29.0,111.0,301.0,488.0,59.0,211.0,906.0,4555,59.0,292.0,177.0,102.0,29.0,115.0,199.0,74.0,25.0,482.0,31.0,135.0,245.0,75.0,320.0,69.0,39.0,0.4850498338870432,0.5195729537366548,1.0,0.2796208530805687,0.29207920792079206,0.6168032786885246,0.5572246065808297,0.58984375,0.30185979971387694,20.213012271359112,0.03354978354978355,0.15625,0.1268452706396938,0.04340175953079179,0.03885480572597137,0.1616,0.29756795422031473,0.7115384615384616,0.774869109947644,0.5608108108108109,0.3748211731044349,0.15879828326180256,0.26126126126126126,0.2636363636363636,1.0,0.5994277539341917,0.28431372549019607,0.5376566165413533,0.5442414893617019,5.796106557377045,25.896682464454976,116.0,882.0,26.0,32.0,41.0,58.0,140.0,127.0,43.0,115.0,81.0,122.0,261.0,310.0,40.0,1.0,97.0,13.0,64.0,39.0,42.0,106.0,31.0,51.0,108.0,6.0,156.0,18.0,79.0,11.0,6.0,11.0,4.0,,256.0,873.0,0.7288135593220338,0.6639344262295082,0.7051282051282052,0.5948275862068966,0.7012195121951219,0.6365853658536585,0.6037735849056604,0.14606741573033707,0.00909090909090909,0.10051813471502591,0.030612244897959183,0.07520891364902507,0.1053763440860215,0.14893617021276595,0.14225941422594143,0.36363636363636365,0.5343511450381679,0.5714285714285714,0.38571428571428573,0.41025641025641024,0.8125,0.3333333333333333,0.7068965517241379,0.5345932515337423,0.10394736842105264,0.14389799635701275,0.12693156732891833,0.28807947019867547,0.22837907819782496,10.0,19.0,54.0,,17.0,25.0,7.0,8.0,4.0,0.1282051282051282,18.0,43.0,30.0,5.0,1.0,0.05505761843790013,0.06338028169014084,0.02575107296137339,84.0,58.0,26.0,11.0,4.0,30.0,100.0,4.0,9.0,9.0,25.0,27.0,8.0,15.0,52.0,34.0,5.0,0.42105263157894735,0.28846153846153844,0.06967213114754098,0.08173076923076923,0.0648854961832061,0.1430615164520744,0.3,0.30612244897959184,1.0,0.11538461538461539,0.4444444444444444,1.0,0.14367816091954022,0.36,0.15517241379310345,6.0,10.0,0.2222222222222222,5.0,1.0,False,13.0,4.0,9.0,3.0,16.0,14.0,,3.0,10.0,2.0,,,,,,1.0,0.014218009478672985,0.009009009009009009,0.02127659574468085,0.03286384976525822,0.04946996466431095,0.7222222222222222,0.7222222222222222,0.2692307692307692,0.4,1.0,,0.02,0.6923076923076923,,1.0,,,,
1630702,1610612742,Jaden Hardy,Jaden Hardy,1630702,DAL,53842.0,897,-71,1879,1864,539.0,197.0,3743,44.0,78.0,99.0,54.0,145.0,103.0,215.0,73.0,194.0,484.0,2145,10.0,72.0,183.0,144.0,54.0,54.0,80.0,39.0,13.0,186.0,5.0,40.0,79.0,9.0,88.0,28.0,17.0,0.34951456310679613,0.34951456310679613,0.8356164383561644,0.37628865979381443,0.37823834196891193,0.4790697674418605,0.519559902200489,0.5390625,0.4743276283618582,25.095238095238095,0.011013215859030838,0.0975609756097561,0.0880648899188876,0.011029411764705883,0.013333333333333334,0.10476190476190476,0.19070904645476772,0.5641025641025641,0.6567164179104478,0.45454545454545453,0.24205378973105135,0.3545232273838631,0.3724137931034483,0.3776223776223776,0.7777777777777778,0.6650366748166259,0.375,0.5242483709273182,0.5620055555555554,7.847441860465117,25.35257731958766,67.0,520.0,2.0,6.0,10.0,19.0,47.0,59.0,4.0,42.0,22.0,53.0,128.0,134.0,,,36.0,3.0,47.0,23.0,33.0,80.0,21.0,49.0,89.0,5.0,85.0,6.0,37.0,5.0,1.0,5.0,3.0,,127.0,518.0,0.4,0.41509433962264153,0.6551724137931034,0.4692982456140351,0.6774193548387096,0.503968253968254,0.5875,0.075,,0.07947019867549669,0.006535947712418301,0.10555555555555556,0.06862745098039216,0.043478260869565216,0.07368421052631578,0.6,0.47474747474747475,0.5340909090909091,0.3191489361702128,0.20689655172413793,0.3333333333333333,0.16666666666666666,0.5263157894736842,0.5124092920353981,0.08409090909090909,0.15040650406504066,0.08677685950413223,0.2644628099173554,0.2767429483767962,14.0,19.0,21.0,36.0,8.0,24.0,4.0,8.0,6.0,0.4827586206896552,38.0,4.0,11.0,4.0,7.0,0.011049723756906077,0.011583011583011582,0.09290953545232274,26.0,13.0,13.0,9.0,,19.0,49.0,2.0,5.0,4.0,15.0,46.0,10.0,21.0,61.0,22.0,3.0,0.5263157894736842,0.3442622950819672,0.10232558139534884,0.14102564102564102,0.1111111111111111,0.1198044009779951,0.3877551020408163,0.3877551020408163,1.0,0.1724137931034483,0.4,1.0,0.13157894736842105,0.26666666666666666,0.40350877192982454,17.0,8.0,0.3695652173913043,4.0,2.0,False,12.0,8.0,1.0,2.0,2.0,1.0,3.0,3.0,6.0,,,,,,1.0,,0.010309278350515464,0.013793103448275862,0.013157894736842105,0.009708737864077669,0.0049504950495049506,0.3157894736842105,0.3157894736842105,1.0,0.5714285714285714,1.0,,,0.08333333333333333,,2.0,,,,
1641765,1610612742,Olivier-Maxence Prosper,Olivier-Maxence Prosper,1641765,DAL,34550.0,576,-109,1195,1207,266.0,124.0,2402,45.0,74.0,38.0,3.0,15.0,58.0,122.0,12.0,50.0,200.0,1366,21.0,74.0,36.0,15.0,3.0,20.0,40.0,9.0,6.0,100.0,16.0,26.0,81.0,44.0,125.0,25.0,16.0,0.6379310344827587,0.6981132075471698,1.0,0.24,0.24,0.47540983606557374,0.4418604651162791,0.4854368932038835,0.29069767441860467,16.405667412378822,0.05536332179930796,0.1087866108786611,0.13528336380255943,0.07610619469026549,0.03875968992248062,0.11173184357541899,0.43023255813953487,0.6081081081081081,0.703125,0.6666666666666666,0.22093023255813954,0.0872093023255814,0.2,0.2,1.0,0.7209302325581395,0.2,0.5776316860465115,0.584625,4.589344262295082,24.019999999999996,52.0,311.0,8.0,15.0,13.0,18.0,11.0,48.0,8.0,23.0,15.0,23.0,46.0,42.0,10.0,1.0,48.0,7.0,3.0,2.0,11.0,14.0,2.0,14.0,28.0,1.0,74.0,6.0,36.0,6.0,5.0,6.0,4.0,,46.0,310.0,0.38095238095238093,0.6521739130434783,0.3076923076923077,0.5,0.3709677419354839,0.5227272727272727,0.21428571428571427,0.25925925925925924,0.02702702702702703,0.15584415584415584,0.0673076923076923,0.1282051282051282,0.16058394160583941,0.2037037037037037,0.1,0.6666666666666666,0.2894736842105263,0.3548387096774194,0.45454545454545453,0.5769230769230769,0.5333333333333333,0.5454545454545454,0.7222222222222222,0.6391303030303029,0.1782178217821782,0.23684210526315788,0.115,0.23,0.2602510460251046,1.0,5.0,13.0,,4.0,1.0,2.0,4.0,4.0,0.038461538461538464,10.0,27.0,9.0,3.0,2.0,0.09782608695652174,0.10050251256281408,0.05813953488372093,20.0,11.0,9.0,2.0,8.0,9.0,35.0,,4.0,1.0,7.0,3.0,,1.0,10.0,17.0,1.0,,0.1,0.13934426229508196,0.13513513513513514,0.18421052631578946,0.20348837209302326,0.2571428571428571,0.2571428571428571,1.0,0.15384615384615385,,,0.21212121212121213,0.14285714285714285,0.09090909090909091,,1.0,,7.0,,False,2.0,,,,5.0,4.0,,1.0,3.0,,,,,,,2.0,,,0.07142857142857142,0.09090909090909091,0.047619047619047616,0.2,0.2,0.375,,,,,1.0,,,,,,
1630556,1610612742,Kessler Edwards,Kessler Edwards,1630556,DAL,36501.0,608,-158,1261,1270,229.0,111.0,2531,32.0,49.0,28.0,12.0,26.0,45.0,81.0,22.0,54.0,168.0,1591,17.0,74.0,66.0,26.0,12.0,19.0,42.0,8.0,9.0,107.0,11.0,38.0,93.0,22.0,115.0,19.0,10.0,0.8222222222222222,0.9024390243902439,1.0,0.4074074074074074,0.4074074074074074,0.5555555555555556,0.5777777777777777,0.5957446808510638,0.4,11.368573497465604,0.03806228373702422,0.15702479338842976,0.1524822695035461,0.03963963963963964,0.04285714285714286,0.16292134831460675,0.362962962962963,0.6530612244897959,0.7441860465116279,0.78125,0.2074074074074074,0.1925925925925926,0.46153846153846156,0.46153846153846156,1.0,0.762962962962963,0.46153846153846156,0.5589507407407408,0.6025,4.618518518518519,24.35555555555555,15.0,236.0,9.0,13.0,3.0,6.0,12.0,12.0,10.0,28.0,4.0,8.0,23.0,16.0,8.0,,48.0,7.0,9.0,6.0,7.0,16.0,5.0,40.0,62.0,1.0,13.0,1.0,5.0,18.0,9.0,20.0,9.0,,23.0,232.0,0.5882352941176471,0.5,0.5652173913043478,0.4722222222222222,0.5833333333333334,0.5476190476190477,0.5625,0.2413793103448276,,0.14906832298136646,0.043010752688172046,0.11510791366906475,0.16783216783216784,0.2,0.140625,0.45,0.42857142857142855,0.4444444444444444,0.9166666666666666,0.5652173913043478,0.6923076923076923,0.3333333333333333,0.5,0.5300499999999999,0.03597122302158273,0.058823529411764705,0.16666666666666666,0.13690476190476192,0.18715305313243458,2.0,6.0,6.0,,2.0,3.0,1.0,2.0,2.0,0.08695652173913043,4.0,11.0,9.0,2.0,1.0,0.041353383458646614,0.03431372549019608,0.02962962962962963,23.0,16.0,7.0,1.0,3.0,10.0,28.0,1.0,4.0,1.0,5.0,5.0,2.0,3.0,10.0,7.0,8.0,0.3333333333333333,0.3,0.08641975308641975,0.12244897959183673,0.03571428571428571,0.2074074074074074,0.35714285714285715,0.35714285714285715,1.0,0.17391304347826086,0.25,1.0,0.2777777777777778,0.2,0.2777777777777778,2.0,4.0,0.4,2.0,,False,1.0,1.0,,,2.0,2.0,1.0,,2.0,,,2.0,2.0,,1.0,1.0,,,0.017857142857142856,0.06451612903225806,0.03333333333333333,0.25,0.25,0.4444444444444444,0.5,1.0,,,1.0,,,,,,
1628997,1610612742,Caleb Martin,Caleb Martin,1628997,DAL,16491.0,275,-33,565,565,109.0,50.0,1130,16.0,26.0,17.0,1.0,5.0,24.0,56.0,4.0,16.0,75.0,657,5.0,16.0,9.0,5.0,1.0,12.0,26.0,8.0,3.0,66.0,9.0,17.0,31.0,10.0,41.0,12.0,10.0,0.3333333333333333,0.36363636363636365,0.75,0.25,0.25,0.42857142857142855,0.4166666666666667,0.45180722891566266,0.2222222222222222,15.458937198067632,0.06666666666666667,0.13821138211382114,0.11397058823529412,0.04149377593360996,0.0684931506849315,0.12790697674418605,0.3611111111111111,0.6153846153846154,0.64,0.3125,0.2361111111111111,0.06944444444444445,0.2,0.2,1.0,0.5833333333333334,0.2,0.5462513888888888,0.6325642857142857,7.514285714285717,23.86875,20.0,155.0,3.0,5.0,3.0,7.0,3.0,15.0,3.0,9.0,5.0,15.0,20.0,32.0,4.0,,14.0,,5.0,2.0,8.0,13.0,3.0,14.0,24.0,2.0,24.0,2.0,12.0,3.0,2.0,3.0,2.0,,20.0,153.0,0.6,0.3333333333333333,0.6428571428571429,0.3611111111111111,0.6428571428571429,0.43478260869565216,0.38461538461538464,,,0.09395973154362416,0.02631578947368421,0.12727272727272726,0.09210526315789473,,0.16216216216216217,0.6666666666666666,0.17647058823529413,0.21428571428571427,,0.7142857142857143,0.6,0.3888888888888889,0.42857142857142855,0.5372166666666667,0.14634146341463414,0.18181818181818182,0.12,0.26666666666666666,0.2743362831858407,,2.0,7.0,3.0,3.0,3.0,,1.0,,,13.0,1.0,2.0,,1.0,0.009433962264150943,0.014084507042253521,0.18055555555555555,14.0,8.0,6.0,1.0,,3.0,11.0,1.0,2.0,1.0,2.0,1.0,1.0,1.0,3.0,4.0,1.0,0.5,0.3333333333333333,0.07142857142857142,0.038461538461538464,0.17647058823529413,0.1527777777777778,0.2727272727272727,0.2727272727272727,0.6666666666666666,0.2857142857142857,0.5,,0.1111111111111111,0.5,0.05555555555555555,,1.0,,,,False,5.0,,,,1.0,5.0,1.0,,1.0,1.0,,,,,,,,,0.125,,0.125,0.38461538461538464,0.38461538461538464,,,,,,0.6,,3.0,,,,
1631108,1610612742,Max Christie,Max Christie,1631108,DAL,55241.0,921,-62,1899,1910,394.0,180.0,3809,29.0,43.0,60.0,36.0,98.0,63.0,142.0,51.0,143.0,335.0,2267,11.0,70.0,147.0,98.0,36.0,41.0,74.0,25.0,9.0,181.0,7.0,55.0,115.0,13.0,128.0,28.0,18.0,0.5555555555555556,0.5833333333333334,0.9607843137254902,0.35664335664335667,0.35664335664335667,0.44366197183098594,0.48947368421052634,0.5268987341772152,0.5017543859649123,17.069701280227598,0.014861995753715499,0.13819095477386933,0.12543153049482164,0.015643802647412757,0.01556420233463035,0.14285714285714285,0.15087719298245614,0.6744186046511628,0.7837837837837838,0.6896551724137931,0.21052631578947367,0.34385964912280703,0.3673469387755102,0.375,0.9444444444444444,0.6526315789473685,0.3673469387755102,0.5223175,0.5478714285714285,8.914084507042253,25.082517482517492,48.0,422.0,4.0,6.0,6.0,9.0,19.0,56.0,5.0,36.0,11.0,26.0,95.0,56.0,6.0,,54.0,6.0,30.0,16.0,17.0,47.0,10.0,21.0,39.0,1.0,65.0,3.0,25.0,9.0,5.0,10.0,6.0,,91.0,417.0,0.45454545454545453,0.4230769230769231,0.6296296296296297,0.5491803278688525,0.6206896551724138,0.625,0.6382978723404256,0.16666666666666666,,0.11464968152866242,0.014705882352941176,0.06878306878306878,0.1461187214611872,0.14285714285714285,0.125,0.6,0.31666666666666665,0.40425531914893614,0.47368421052631576,0.2222222222222222,0.6666666666666666,0.14754098360655737,0.6666666666666666,0.5228600000000002,0.08441558441558442,0.1524390243902439,0.10746268656716418,0.2835820895522388,0.2222222222222222,11.0,16.0,28.0,6.0,11.0,14.0,3.0,8.0,3.0,0.4074074074074074,39.0,6.0,10.0,3.0,1.0,0.016666666666666666,0.011811023622047244,0.1368421052631579,33.0,22.0,11.0,2.0,4.0,15.0,45.0,3.0,5.0,2.0,7.0,28.0,8.0,15.0,35.0,19.0,3.0,0.5,0.42857142857142855,0.13380281690140844,0.13953488372093023,0.21666666666666667,0.15789473684210525,0.3333333333333333,0.3333333333333333,1.0,0.18518518518518517,0.6,1.0,0.11475409836065574,0.2857142857142857,0.45901639344262296,13.0,4.0,0.4642857142857143,2.0,2.0,False,15.0,5.0,,2.0,7.0,5.0,,,2.0,1.0,1.0,1.0,1.0,,1.0,,0.013986013986013986,0.02040816326530612,0.01282051282051282,0.02830188679245283,0.033783783783783786,0.38461538461538464,0.38461538461538464,0.25,0.45454545454545453,0.8,0.006944444444444444,,0.4,,,,1.0,,
203076,1610612742,Anthony Davis,Anthony Davis,203076,DAL,15961.0,266,4,545,540,88.0,49.0,1085,31.0,46.0,43.0,6.0,29.0,63.0,122.0,7.0,30.0,180.0,616,11.0,82.0,12.0,29.0,6.0,26.0,40.0,19.0,5.0,94.0,8.0,32.0,76.0,15.0,91.0,5.0,1.0,0.6507936507936508,0.6949152542372882,0.5714285714285714,0.23333333333333334,0.23333333333333334,0.5163934426229508,0.48355263157894735,0.5172413793103449,0.19736842105263158,32.333333333333336,0.06060606060606061,0.25,0.2647058823529412,0.06382978723404255,0.09375,0.25,0.3026315789473684,0.6739130434782609,0.7209302325581395,0.7741935483870968,0.28289473684210525,0.19078947368421054,0.20689655172413793,0.20689655172413793,0.5,0.5,0.20689655172413793,0.5305052631578945,0.4875375,8.699180327868852,25.50666666666667,38.0,63.0,4.0,5.0,1.0,5.0,15.0,33.0,5.0,14.0,3.0,9.0,21.0,44.0,8.0,,40.0,4.0,11.0,7.0,9.0,20.0,3.0,12.0,16.0,1.0,48.0,4.0,25.0,20.0,16.0,20.0,10.0,,21.0,62.0,0.45454545454545453,0.3333333333333333,0.45454545454545453,0.5,0.4375,0.5833333333333334,0.55,0.36363636363636365,,0.2777777777777778,0.02631578947368421,0.2,0.3387096774193548,0.3181818181818182,0.25,0.5,0.3488372093023256,0.36585365853658536,0.4666666666666667,0.45454545454545453,0.8,0.3333333333333333,0.2,0.5246666666666667,0.14450867052023122,0.17482517482517482,0.07777777777777778,0.11666666666666667,0.11559633027522936,,,6.0,9.0,4.0,4.0,1.0,1.0,1.0,,33.0,7.0,4.0,1.0,1.0,0.06796116504854369,0.07142857142857142,0.21710526315789475,14.0,11.0,3.0,3.0,1.0,1.0,1.0,,,,,6.0,,3.0,6.0,5.0,3.0,,0.5,0.040983606557377046,0.06521739130434782,0.046511627906976744,0.006578947368421052,1.0,1.0,1.0,,,,,,0.4,3.0,,0.5,4.0,,False,17.0,,,,2.0,3.0,,,1.0,,,,,,1.0,,,,0.03333333333333333,0.06060606060606061,0.03896103896103896,0.5151515151515151,0.5151515151515151,,,,,,0.5882352941176471,,,,,,
1630539,1610612742,Kai Jones,Kai Jones,1630539,DAL,15623.0,260,-13,527,537,79.0,49.0,1064,49.0,50.0,15.0,1.0,3.0,60.0,70.0,1.0,3.0,137.0,618,10.0,96.0,3.0,3.0,1.0,11.0,15.0,8.0,3.0,34.0,19.0,25.0,54.0,25.0,79.0,9.0,4.0,0.8,0.9230769230769231,1.0,0.3333333333333333,0.3333333333333333,0.8571428571428571,0.8424657534246576,0.85625,0.0410958904109589,15.251299826689776,0.152,0.22123893805309736,0.1984126984126984,0.1141552511415525,0.13636363636363635,0.21505376344086022,0.684931506849315,0.98,1.0,0.7959183673469388,0.2054794520547945,0.0410958904109589,0.3333333333333333,0.3333333333333333,1.0,0.726027397260274,0.3333333333333333,0.6510365671641791,0.6254875000000001,3.9942857142857147,25.833333333333332,16.0,70.0,9.0,10.0,7.0,7.0,9.0,14.0,9.0,19.0,8.0,9.0,20.0,24.0,16.0,,25.0,4.0,6.0,4.0,2.0,8.0,2.0,19.0,27.0,2.0,20.0,6.0,13.0,10.0,6.0,10.0,7.0,,20.0,70.0,0.9,0.8888888888888888,0.9,0.8888888888888888,0.8636363636363636,1.0,0.75,0.2857142857142857,,0.17985611510791366,0.20588235294117646,0.16666666666666666,0.1935483870967742,0.17391304347826086,0.25,0.7,0.6,0.6428571428571429,0.7777777777777778,1.0,0.9,0.7777777777777778,1.0,0.6143333333333333,0.1625,0.16883116883116883,0.1386861313868613,0.145985401459854,0.13282732447817835,,,4.0,,,2.0,,,,,5.0,6.0,5.0,,,0.06382978723404255,0.045454545454545456,0.0684931506849315,4.0,3.0,1.0,,,,,,,,,,,,,2.0,4.0,,,0.02857142857142857,0.02,0.06666666666666667,,,,,,,,,,,,,,1.0,,False,2.0,,,,,,,,,,,,,,,1.0,,,0.12,0.10714285714285714,,0.4,0.4,0.1111111111111111,,,,,1.0,,,,1.0,,
203957,1610612742,Danté Exum,Danté Exum,203957,DAL,21406.0,357,-43,738,734,121.0,72.0,1472,26.0,42.0,31.0,12.0,34.0,40.0,78.0,22.0,51.0,167.0,880,5.0,34.0,60.0,33.0,12.0,34.0,55.0,20.0,10.0,131.0,2.0,15.0,28.0,4.0,32.0,10.0,5.0,0.425,0.425,0.9090909090909091,0.43137254901960786,0.44,0.5128205128205128,0.5658914728682171,0.5880281690140845,0.3953488372093023,19.95133819951338,0.010582010582010581,0.09740259740259741,0.08163265306122448,0.011940298507462687,0.0196078431372549,0.1,0.32558139534883723,0.6190476190476191,0.7428571428571429,0.38461538461538464,0.24031007751937986,0.26356589147286824,0.35294117647058826,0.35294117647058826,0.8333333333333334,0.7209302325581395,0.36363636363636365,0.5422171875000001,0.6106666666666666,5.326923076923076,25.56274509803921,30.0,130.0,1.0,3.0,2.0,7.0,11.0,21.0,2.0,7.0,3.0,15.0,24.0,46.0,,,13.0,,14.0,12.0,8.0,22.0,3.0,27.0,34.0,1.0,29.0,3.0,13.0,3.0,3.0,3.0,1.0,,24.0,127.0,0.4,0.2,0.3888888888888889,0.36,0.3888888888888889,0.41379310344827586,0.6363636363636364,,,0.06878306878306878,,0.07142857142857142,0.075,0.04,0.09090909090909091,0.3333333333333333,0.3548387096774194,0.44,0.5454545454545454,0.3333333333333333,0.3333333333333333,0.28,0.2857142857142857,0.5236979166666667,0.09352517985611511,0.14772727272727273,0.041916167664670656,0.1437125748502994,0.17615176151761516,4.0,4.0,6.0,6.0,4.0,2.0,,3.0,3.0,0.4444444444444444,5.0,2.0,5.0,1.0,3.0,0.0136986301369863,0.01818181818181818,0.03875968992248062,21.0,13.0,8.0,,,10.0,17.0,,,,1.0,9.0,1.0,4.0,10.0,13.0,,0.25,0.4,0.16666666666666666,0.16666666666666666,0.1935483870967742,0.13178294573643412,0.5882352941176471,0.5882352941176471,1.0,,,,0.04,,0.36,4.0,,0.4444444444444444,,,False,3.0,1.0,1.0,,4.0,1.0,,2.0,,,,,,,,,,,,,0.019230769230769232,0.6,0.6,1.0,0.25,1.0,,,0.3333333333333333,,2.0,,,,
1630283,1610612742,Kylor Kelley,Kylor Kelley,1630283,DAL,3686.0,61,-40,125,127,10.0,19.0,252,6.0,7.0,4.0,,,9.0,11.0,,,22.0,173,6.0,14.0,,,,1.0,1.0,1.0,,2.0,2.0,6.0,12.0,8.0,20.0,,,0.7777777777777778,0.875,,,,0.8181818181818182,0.8181818181818182,0.7857142857142857,,9.933774834437086,0.05263157894736842,0.24,0.1896551724137931,0.1111111111111111,0.041666666666666664,0.16666666666666666,0.6363636363636364,0.8571428571428571,0.8571428571428571,0.6666666666666666,0.36363636363636365,,,,,0.6363636363636364,,0.5908636363636363,0.5230750000000001,2.8545454545454545,,4.0,41.0,2.0,3.0,2.0,3.0,3.0,4.0,4.0,9.0,2.0,3.0,5.0,4.0,2.0,,5.0,1.0,1.0,1.0,,1.0,,6.0,8.0,,6.0,,2.0,2.0,1.0,2.0,1.0,,5.0,41.0,0.6666666666666666,0.6666666666666666,0.6666666666666666,0.6666666666666666,0.6428571428571429,0.625,1.0,0.3333333333333333,,0.15151515151515152,0.09090909090909091,0.0625,0.3076923076923077,,0.42857142857142855,0.5,0.75,0.75,1.0,0.5,0.6666666666666666,1.0,0.6666666666666666,0.6908666666666666,0.15384615384615385,0.15384615384615385,0.4090909090909091,0.22727272727272727,0.328,,,1.0,,,,,1.0,1.0,,,6.0,,,,0.17647058823529413,0.23076923076923078,,,,,,2.0,,,,,,,,,,,,1.0,,,,,,,,,,,,,,,,,,,1.0,,False,,,,,,,,,2.0,,,,,,,2.0,,,,,,,,,,,,,,,,,,,
202693,1610612742,Markieff Morris,Markieff Morris,202693,DAL,2440.0,41,-10,91,91,57.0,8.0,182,,1.0,3.0,2.0,11.0,3.0,9.0,2.0,13.0,12.0,103,1.0,4.0,6.0,10.0,2.0,2.0,4.0,1.0,1.0,10.0,,1.0,8.0,,8.0,1.0,1.0,0.6666666666666666,0.6666666666666666,1.0,0.15384615384615385,0.16666666666666666,0.3333333333333333,0.2727272727272727,0.2727272727272727,0.5909090909090909,24.242424242424242,,0.07142857142857142,0.125,,,0.09090909090909091,0.045454545454545456,,,,0.13636363636363635,0.5,0.18181818181818182,0.18181818181818182,1.0,0.6363636363636364,0.2,0.476647619047619,0.4959,14.18888888888889,28.35384615384616,1.0,47.0,,,,,1.0,,1.0,5.0,2.0,4.0,10.0,2.0,,,4.0,3.0,2.0,1.0,,2.0,2.0,2.0,2.0,,,,,1.0,,1.0,1.0,,10.0,47.0,1.0,0.5,1.25,0.38461538461538464,1.25,0.38461538461538464,1.0,0.5,,0.15384615384615385,,0.1111111111111111,0.18181818181818182,0.16666666666666666,,1.0,0.3333333333333333,0.3333333333333333,1.0,,,,,0.48171153846153847,,,0.4166666666666667,0.8333333333333334,0.5164835164835165,1.0,1.0,,,,1.0,,,,0.5,5.0,,,,,,,0.22727272727272727,2.0,1.0,1.0,,,,2.0,,,,2.0,7.0,1.0,2.0,9.0,,1.0,1.0,0.2222222222222222,,,,0.09090909090909091,,,,,,,0.15384615384615385,,0.5384615384615384,2.0,,0.2857142857142857,,,False,2.0,1.0,1.0,,,,,,,,,,,,,,,,,,,0.4,0.4,,1.0,1.0,,,0.5,,,,,,
