EntityId,TeamId,Name,ShortName,RowId,TeamAbbreviation,SecondsPlayed,Minutes,PlusMinus,OffPoss,DefPoss,PenaltyOffPoss,PenaltyDefPoss,SecondChanceOffPoss,TotalPoss,ShortMidRangeFGM,ShortMidRangeFGA,LongMidRangeFGA,Arc3FGM,Arc3FGA,PenaltyArc3FGM,PenaltyArc3FGA,FG2M,FG2A,FG3M,FG3A,FtPoints,Points,OpponentPoints,SecondChanceFG2M,SecondChanceFG2A,SecondChancePoints,PenaltyFG2A,PenaltyFG3M,PenaltyFG3A,PenaltyPoints,PtsAssisted2s,PtsAssisted3s,PtsUnassisted3s,NonHeaveArc3FGA,NonHeaveArc3FGM,Fg2aBlocked,TwoPtAssists,ThreePtAssists,Assists,Arc3Assists,AtRimAssists,ShortMidRangeAssists,AssistPoints,DefThreePtRebounds,DefTwoPtRebounds,DefRebounds,Rebounds,Steals,BadPassSteals,LostBallSteals,LiveBallTurnovers,BadPassOutOfBoundsTurnovers,BadPassTurnovers,DeadBallTurnovers,Turnovers,ShootingFouls,Fouls,Loose Ball Fouls,FoulsDrawn,FTA,Technical Free Throw Trips,Blocked2s,BlockedShortMidRange,Blocks,RecoveredBlocks,PenaltyPointsExcludingTakeFouls,PenaltyOffPossExcludingTakeFouls,Assisted2sPct,NonPutbacksAssisted2sPct,Assisted3sPct,Fg3Pct,PenaltyFg3Pct,NonHeaveFg3Pct,Fg2Pct,SecondChanceFg2Pct,EfgPct,SecondChanceEfgPct,PenaltyEfgPct,TsPct,SecondChanceTsPct,PenaltyTsPct,FG3APct,FG2APctBlocked,ShortMidRangePctBlocked,Usage,LiveBallTurnoverPct,DefTwoPtReboundPct,DefThreePtReboundPct,DefFGReboundPct,DefAtRimReboundPct,DefShortMidRangeReboundPct,DefLongMidRangeReboundPct,DefArc3ReboundPct,DefCorner3ReboundPct,BlocksRecoveredPct,ShortMidRangeFrequency,ShortMidRangeAccuracy,UnblockedShortMidRangeAccuracy,ShortMidRangePctAssisted,LongMidRangeFrequency,Arc3Frequency,Arc3Accuracy,UnblockedArc3Accuracy,Arc3PctAssisted,PenaltyArc3Frequency,PenaltyArc3Accuracy,AtRimFG3AFrequency,NonHeaveArc3Accuracy,ShotQualityAvg,SecondChanceShotQualityAvg,PenaltyShotQualityAvg,SecondChancePointsPct,PenaltyPointsPct,Avg2ptShotDistance,Avg3ptShotDistance,PenaltyOffPossPct,AtRimFGM,AtRimFGA,SecondChanceAtRimFGM,SecondChanceAtRimFGA,PenaltyAtRimFGM,PenaltyAtRimFGA,Corner3FGA,PenaltyFG2M,PenaltyFtPoints,PtsUnassisted2s,PtsPutbacks,LongMidRangeAssists,OffThreePtRebounds,OffTwoPtRebounds,FTDefRebounds,OffRebounds,SelfOReb,LostBallTurnovers,SecondChanceTurnovers,PenaltyTurnovers,Offensive Fouls,2pt And 1 Free Throw Trips,TwoPtShootingFoulsDrawn,NonShootingFoulsDrawn,Blocked3s,BlockedAtRim,BlockedCorner3,Defensive 3 Seconds Violations,NonShootingPenaltyNonTakeFouls,NonShootingPenaltyNonTakeFoulsDrawn,PenaltyFg2Pct,AtRimPctBlocked,DefFTReboundPct,OffTwoPtReboundPct,OffThreePtReboundPct,OffFGReboundPct,OffAtRimReboundPct,OffShortMidRangeReboundPct,OffArc3ReboundPct,OffCorner3ReboundPct,SelfORebPct,AtRimFrequency,AtRimAccuracy,UnblockedAtRimAccuracy,AtRimPctAssisted,Corner3Frequency,SecondChanceAtRimFrequency,SecondChanceAtRimAccuracy,PenaltyAtRimFrequency,PenaltyAtRimAccuracy,ShootingFoulsDrawnPct,TwoPtShootingFoulsDrawnPct,Corner3FGM,SecondChanceCorner3FGM,SecondChanceCorner3FGA,PenaltyCorner3FGM,PenaltyCorner3FGA,SecondChanceArc3FGM,SecondChanceArc3FGA,SecondChanceFG3M,SecondChanceFG3A,SecondChanceFtPoints,Corner3Assists,LostBallOutOfBoundsTurnovers,StepOutOfBoundsTurnovers,Travels,Loose Ball Fouls Drawn,OffensiveGoaltends,SecondChanceFg3Pct,OffLongMidRangeReboundPct,Corner3Accuracy,UnblockedCorner3Accuracy,Corner3PctAssisted,SecondChanceAtRimPctAssisted,SecondChanceCorner3Frequency,SecondChanceCorner3Accuracy,SecondChanceCorner3PctAssisted,SecondChanceArc3Frequency,SecondChanceArc3Accuracy,SecondChanceArc3PctAssisted,PenaltyCorner3Frequency,PenaltyCorner3Accuracy,HeaveMakes,HeaveAttempts,Fg3aBlocked,Offensive Fouls Drawn,BlockedLongMidRange,FG3APctBlocked,Arc3PctBlocked,FTOffRebounds,3pt And 1 Free Throw Trips,ThreePtShootingFoulsDrawn,BlockedArc3,OffFTReboundPct,ThreePtShootingFoulsDrawnPct,LongMidRangeFGM,Charge Fouls,Transition Take Fouls,LongMidRangeAccuracy,UnblockedLongMidRangeAccuracy,LongMidRangePctAssisted,DefensiveGoaltends,Corner3PctBlocked,on,LongMidRangePctBlocked,Transition Take Fouls Drawn,3SecondViolations,Charge Fouls Drawn,Clear Path Fouls
101108,1610612759,Chris Paul,Chris Paul,101108,SAS,4472.9,75,17.0,148,141,31.0,9,10,289,1.0,4.0,1.0,4.0,10.0,2.0,3.0,1.0,5.0,4.0,10.0,3.0,17.0,164,1.0,2.0,2.0,1.0,2.0,3.0,6.0,2.0,6.0,6.0,10.0,4.0,1.0,10.0,7.0,17.0,7.0,9.0,1.0,41.0,2.0,3.0,5,5,2.0,1.0,1.0,3.0,1.0,3.0,1.0,4.0,1.0,5.0,1.0,4.0,3.0,3.0,1.0,1.0,1.0,1.0,6.0,30.0,1.0,1.0,0.5,0.4,0.6666666666666666,0.4,0.2,0.5,0.4666666666666667,0.5,0.75,0.4666666666666667,0.5,0.75,0.6666666666666666,0.2,0.25,11.875,0.75,0.1,0.0512820512820512,0.072463768115942,0.1111111111111111,0.0833333333333333,0.1111111111111111,0.0357142857142857,0.0909090909090909,1.0,0.2666666666666666,0.25,0.3333333333333333,1.0,0.0666666666666666,0.6666666666666666,0.4,0.4,0.5,0.75,0.6666666666666666,0.6666666666666666,0.4,0.4962933333333333,0.4172,0.4407374999999999,0.1176470588235294,0.3529411764705882,11.5,25.65,0.2094594594594594,,,,,,,,,,,,,,,,,,,,,,,,,,,,,,,,,,,,,,,,,,,,,,,,,,,,,,,,,,,,,,,,,,,,,,,,,,,,,,,,,,,,,,,,,,,,,,,,,,,,,,,,True,,,,,
1628380,1610612759,Zach Collins,Zach Collins,1628380,SAS,5111.0,85,-41.0,176,182,70.0,37,25,358,1.0,4.0,2.0,1.0,5.0,,3.0,8.0,16.0,1.0,6.0,7.0,26.0,224,1.0,4.0,2.0,6.0,,3.0,9.0,12.0,3.0,,5.0,1.0,2.0,6.0,,6.0,,1.0,4.0,12.0,1.0,9.0,11,22,4.0,2.0,2.0,1.0,2.0,,3.0,4.0,7.0,15.0,3.0,6.0,9.0,,3.0,1.0,4.0,3.0,9.0,70.0,0.75,0.8571428571428571,1.0,0.1666666666666666,,0.1666666666666666,0.5,0.25,0.4318181818181818,0.25,0.4444444444444444,0.5,0.25,0.45,0.2727272727272727,0.125,,14.563106796116504,0.25,0.1836734693877551,0.03125,0.1234567901234567,0.15,0.1764705882352941,0.25,,0.1,0.75,0.1818181818181818,0.25,0.25,,0.0909090909090909,0.2272727272727272,0.2,0.2,1.0,0.3333333333333333,,0.7272727272727273,0.2,0.5455045454545453,0.492125,0.5928833333333334,0.0769230769230769,0.3461538461538461,4.7562500000000005,25.166666666666668,0.3977272727272727,7.0,10.0,1.0,3.0,3.0,4.0,1.0,4.0,1.0,4.0,2.0,1.0,3.0,8.0,1.0,11.0,1.0,1.0,1.0,2.0,1.0,1.0,4.0,1.0,1.0,2.0,1.0,1.0,1.0,1.0,0.6666666666666666,0.2,0.2,0.1739130434782608,0.0566037735849056,0.1111111111111111,0.3333333333333333,0.0869565217391304,0.0512820512820512,0.0714285714285714,0.0909090909090909,0.4545454545454545,0.7,0.875,0.8571428571428571,0.0454545454545454,0.75,0.3333333333333333,0.4444444444444444,0.75,0.16,0.2105263157894736,,,,,,,,,,,,,,,,,,,,,,,,,,,,,,,,,,,,,,,,,,,,,,,,,,,,True,,,,,
1629640,1610612759,Keldon Johnson,Keldon Johnson,1629640,SAS,21955.9,366,21.0,778,774,256.0,240,82,1552,19.0,42.0,1.0,17.0,40.0,7.0,13.0,62.0,112.0,27.0,65.0,26.0,231.0,876,11.0,19.0,36.0,35.0,11.0,20.0,92.0,88.0,72.0,9.0,40.0,17.0,7.0,12.0,12.0,24.0,6.0,10.0,2.0,60.0,25.0,20.0,51,73,8.0,5.0,3.0,8.0,,2.0,4.0,12.0,9.0,20.0,1.0,24.0,35.0,,4.0,3.0,4.0,4.0,92.0,256.0,0.7096774193548387,0.8301886792452831,0.8888888888888888,0.4153846153846154,0.55,0.4153846153846154,0.5535714285714286,0.5789473684210527,0.5790960451977402,0.6071428571428571,0.6818181818181818,0.5984455958549223,0.6206896551724138,0.71875,0.3672316384180791,0.0625,0.0476190476190476,23.428571428571427,0.6666666666666666,0.108695652173913,0.1373626373626373,0.1229508196721311,0.0735294117647058,0.1447368421052631,0.1,0.1360544217687075,0.1428571428571428,1.0,0.2372881355932203,0.4523809523809524,0.475,0.7894736842105263,0.0056497175141242,0.2259887005649717,0.425,0.425,0.8235294117647058,0.2363636363636363,0.5384615384615384,0.7570621468926554,0.425,0.5635781249999998,0.48156,0.5532166666666668,0.1558441558441558,0.3982683982683982,3.904464285714286,25.264615384615382,0.3290488431876606,43.0,69.0,10.0,15.0,14.0,22.0,25.0,21.0,17.0,36.0,18.0,,8.0,14.0,6.0,22.0,4.0,6.0,,5.0,,3.0,14.0,5.0,,1.0,,,3.0,5.0,0.6,0.072463768115942,0.3529411764705882,0.0773480662983425,0.0446927374301676,0.0611111111111111,0.0909090909090909,0.0609756097560975,0.037593984962406,0.0652173913043478,0.0493827160493827,0.3898305084745763,0.6231884057971014,0.671875,0.6744186046511628,0.1412429378531073,0.5357142857142857,0.6666666666666666,0.4,0.6363636363636364,0.0744680851063829,0.1138211382113821,10.0,1.0,4.0,4.0,7.0,3.0,5.0,4.0,9.0,2.0,6.0,1.0,1.0,1.0,1.0,1.0,0.4444444444444444,0.0909090909090909,0.4,0.4,1.0,0.1,0.1428571428571428,0.25,1.0,0.1785714285714285,0.6,0.3333333333333333,0.1272727272727272,0.5714285714285714,,,,,,,,,,,,,,,,,,,,,,True,,,,,
1630200,1610612759,Tre Jones,Tre Jones,1630200,SAS,27010.9,450,10.0,942,942,309.0,269,106,1884,8.0,23.0,,4.0,14.0,2.0,4.0,37.0,67.0,8.0,26.0,25.0,123.0,1059,1.0,4.0,7.0,18.0,2.0,7.0,31.0,36.0,24.0,,12.0,3.0,3.0,47.0,57.0,104.0,38.0,31.0,12.0,265.0,19.0,21.0,43,58,18.0,7.0,11.0,15.0,1.0,14.0,6.0,21.0,15.0,33.0,,33.0,33.0,1.0,5.0,3.0,5.0,4.0,31.0,308.0,0.4864864864864865,0.5,1.0,0.3076923076923077,0.2857142857142857,0.28,0.5522388059701493,0.25,0.5268817204301075,0.2083333333333333,0.4,0.5801886792452831,0.2692307692307692,0.4696969696969697,0.2795698924731182,0.044776119402985,,11.891385767790265,0.7142857142857143,0.0893617021276595,0.0855855855855855,0.087527352297593,0.0851063829787234,0.0869565217391304,0.1020408163265306,0.0804597701149425,0.1041666666666666,0.8,0.2473118279569892,0.3478260869565217,0.3478260869565217,0.375,,0.1505376344086021,0.2857142857142857,0.3076923076923077,1.0,0.16,0.5,0.7526881720430108,0.25,0.5692847826086956,0.50696875,0.5745479166666667,0.056910569105691,0.2520325203252032,3.8761194029850734,24.869230769230764,0.3280254777070063,29.0,44.0,1.0,1.0,5.0,10.0,12.0,7.0,11.0,38.0,2.0,4.0,8.0,7.0,3.0,15.0,1.0,1.0,,8.0,1.0,6.0,12.0,7.0,,1.0,,,1.0,7.0,0.3888888888888889,0.0681818181818181,0.125,0.0313901345291479,0.0344827586206896,0.0329670329670329,0.0109890109890109,0.0388349514563106,0.0406976744186046,0.0166666666666666,0.0232558139534883,0.4731182795698925,0.6590909090909091,0.7073170731707317,0.5172413793103449,0.1290322580645161,0.0833333333333333,1.0,0.4,0.5,0.1212121212121212,0.1643835616438356,4.0,,3.0,,3.0,1.0,5.0,1.0,8.0,2.0,19.0,3.0,,1.0,1.0,,0.125,0.0689655172413793,0.3333333333333333,0.3333333333333333,1.0,,0.25,,,0.4166666666666667,0.2,1.0,0.12,,1.0,1.0,1.0,5.0,1.0,0.0384615384615384,0.0714285714285714,,,,,,,,,,,,,,,True,,,,,
1630577,1610612759,Julian Champagnie,Julian Champagnie,1630577,SAS,17933.0,299,33.0,634,634,208.0,192,70,1268,2.0,8.0,,17.0,61.0,2.0,16.0,11.0,22.0,31.0,92.0,10.0,125.0,702,3.0,4.0,14.0,4.0,6.0,25.0,22.0,14.0,93.0,,60.0,17.0,6.0,15.0,6.0,21.0,6.0,11.0,3.0,48.0,19.0,13.0,33,43,11.0,8.0,3.0,6.0,1.0,2.0,4.0,10.0,7.0,9.0,,6.0,11.0,,6.0,2.0,8.0,4.0,22.0,208.0,0.6363636363636364,0.7777777777777778,1.0,0.3369565217391304,0.24,0.3406593406593406,0.5,0.75,0.5043859649122807,0.5454545454545454,0.3448275862068966,0.5296610169491526,0.5833333333333334,0.3666666666666666,0.8070175438596491,0.2727272727272727,0.25,18.0028129395218,0.6,0.0838709677419354,0.1283783783783783,0.1056105610561056,0.1176470588235294,0.0555555555555555,0.0606060606060606,0.1416666666666666,0.0714285714285714,0.5,0.0701754385964912,0.25,0.3333333333333333,1.0,,0.5350877192982456,0.2786885245901639,0.2786885245901639,1.0,0.5517241379310345,0.125,0.9298245614035088,0.2833333333333333,0.5629203539823008,0.55767,0.5558124999999999,0.112,0.176,3.4681818181818183,25.257608695652177,0.3280757097791798,9.0,14.0,3.0,4.0,1.0,2.0,31.0,1.0,2.0,8.0,4.0,1.0,7.0,2.0,1.0,10.0,,4.0,2.0,2.0,,,3.0,,2.0,4.0,1.0,,1.0,,0.25,0.2857142857142857,0.0769230769230769,0.0140845070422535,0.0421686746987951,0.0292207792207792,0.032258064516129,,0.056910569105691,,,0.1228070175438596,0.6428571428571429,0.9,0.5555555555555556,0.2719298245614035,0.3636363636363636,0.75,0.0689655172413793,0.5,0.0427350427350427,0.12,14.0,,,4.0,9.0,2.0,7.0,2.0,7.0,2.0,,2.0,,1.0,,,0.2857142857142857,,0.4516129032258064,0.4516129032258064,1.0,,,,,0.6363636363636364,0.2857142857142857,1.0,0.3103448275862069,0.4444444444444444,,1.0,,,,,,1.0,2.0,3.0,1.0,0.0714285714285714,0.0217391304347826,,,,,,,,,True,,,,,
1642264,1610612759,Stephon Castle,Stephon Castle,1642264,SAS,12104.0,202,39.0,420,424,130.0,114,51,844,7.0,19.0,11.0,5.0,27.0,2.0,11.0,25.0,55.0,7.0,31.0,19.0,90.0,431,,3.0,3.0,17.0,3.0,12.0,30.0,22.0,15.0,6.0,27.0,5.0,9.0,23.0,16.0,39.0,10.0,18.0,1.0,94.0,12.0,8.0,20,25,5.0,2.0,3.0,9.0,1.0,8.0,11.0,20.0,4.0,20.0,,21.0,30.0,,1.0,1.0,1.0,1.0,30.0,129.0,0.44,0.44,0.7142857142857143,0.2258064516129032,0.25,0.2258064516129032,0.4545454545454545,,0.4127906976744186,,0.396551724137931,0.45,0.15,0.4411764705882353,0.3604651162790697,0.1636363636363636,0.2105263157894736,24.69135802469136,0.45,0.0714285714285714,0.1111111111111111,0.0909090909090909,0.0769230769230769,0.0566037735849056,0.1,0.072289156626506,0.24,1.0,0.2209302325581395,0.3684210526315789,0.4666666666666667,0.4285714285714285,0.127906976744186,0.313953488372093,0.1851851851851851,0.1851851851851851,0.6,0.3793103448275862,0.1818181818181818,0.6511627906976745,0.1851851851851851,0.525235465116279,0.4977833333333333,0.5127362068965516,0.0333333333333333,0.3333333333333333,7.412727272727274,26.20967741935484,0.3095238095238095,14.0,25.0,,1.0,3.0,6.0,4.0,7.0,7.0,28.0,,4.0,1.0,4.0,,5.0,1.0,1.0,,4.0,,2.0,13.0,3.0,,,,,3.0,3.0,0.4117647058823529,0.2,,0.0388349514563106,0.009090909090909,0.0234741784037558,0.0789473684210526,0.02,0.0123456790123456,,0.0227272727272727,0.2906976744186046,0.56,0.7,0.5,0.0465116279069767,0.1666666666666666,,0.2068965517241379,0.5,0.134020618556701,0.1969696969696969,2.0,,,1.0,1.0,,3.0,,3.0,3.0,6.0,4.0,,3.0,1.0,,,,0.5,0.5,1.0,,,,,0.5,,,0.0344827586206896,1.0,,,,3.0,,,,,,,,,,4.0,3.0,1.0,0.3636363636363636,0.3636363636363636,0.25,,,True,,,,,
1630572,1610612759,Sandro Mamukelashvili,Sandro Mamukelashvili,1630572,SAS,987.0,16,7.0,36,40,18.0,4,3,76,,,,,2.0,,2.0,1.0,1.0,1.0,5.0,4.0,9.0,26,,,2.0,,,3.0,4.0,2.0,3.0,,2.0,,,,,,,,,,2.0,2.0,5,6,1.0,1.0,,,,,,,,1.0,1.0,2.0,4.0,,,,1.0,1.0,4.0,18.0,1.0,1.0,1.0,0.2,,0.2,1.0,,0.4166666666666667,,,0.5625,1.0,0.4,0.8333333333333334,,,20.0,,0.1428571428571428,0.2222222222222222,0.1739130434782608,,0.6666666666666666,,0.2857142857142857,,1.0,,,,,,0.3333333333333333,,,,0.6666666666666666,,1.0,,0.57945,,0.5696500000000001,0.2222222222222222,0.4444444444444444,3.4,23.74,0.5,1.0,1.0,,,,,3.0,,4.0,,,,,1.0,1.0,1.0,,,,,,,,2.0,1.0,,,,,2.0,,,1.0,0.1666666666666666,,0.0476190476190476,,0.3333333333333333,,,,0.1666666666666666,1.0,1.0,1.0,0.5,,,,,,,1.0,,,,1.0,,,,,2.0,,,,,1.0,,,,0.3333333333333333,0.3333333333333333,1.0,,,,,,,,0.3333333333333333,,,,,,,,,,,,1.0,,,,,,,,,,,True,,,,,
203084,1610612759,Harrison Barnes,Harrison Barnes,203084,SAS,10289.0,171,10.0,352,347,75.0,76,44,699,6.0,11.0,,7.0,16.0,2.0,2.0,22.0,31.0,12.0,27.0,17.0,97.0,392,3.0,4.0,12.0,8.0,2.0,2.0,23.0,22.0,36.0,,16.0,7.0,4.0,8.0,3.0,11.0,1.0,7.0,,25.0,8.0,5.0,16,25,4.0,3.0,1.0,3.0,2.0,3.0,2.0,5.0,4.0,9.0,,16.0,21.0,,1.0,,1.0,1.0,23.0,74.0,0.5,0.55,1.0,0.4444444444444444,1.0,0.4444444444444444,0.7096774193548387,0.75,0.6896551724137931,0.75,0.8,0.7132352941176471,0.75,0.7666666666666667,0.4655172413793103,0.1290322580645161,,17.980295566502466,0.6,0.0543478260869565,0.1025641025641025,0.0764705882352941,0.0526315789473684,0.054054054054054,0.0588235294117647,0.1186440677966101,0.0526315789473684,1.0,0.1896551724137931,0.5454545454545454,0.5454545454545454,0.3333333333333333,,0.2758620689655172,0.4375,0.4375,1.0,0.2,1.0,0.8103448275862069,0.4375,0.5720578947368421,0.54515,0.60503,0.1237113402061855,0.2371134020618556,3.974193548387096,25.27037037037037,0.2130681818181818,16.0,20.0,3.0,4.0,5.0,5.0,11.0,5.0,7.0,22.0,4.0,1.0,5.0,4.0,3.0,9.0,1.0,,,1.0,,1.0,9.0,2.0,,1.0,,,1.0,2.0,0.625,0.2,0.2142857142857142,0.0439560439560439,0.0641025641025641,0.0532544378698224,0.0512820512820512,0.0476190476190476,0.0925925925925925,,0.0526315789473684,0.3448275862068966,0.8,1.0,0.5625,0.1896551724137931,0.6666666666666666,0.75,0.5,1.0,0.1363636363636363,0.2307692307692307,5.0,1.0,1.0,,,,1.0,1.0,2.0,3.0,2.0,,,,2.0,,0.5,,0.4545454545454545,0.4545454545454545,1.0,,0.1666666666666666,1.0,1.0,0.1666666666666666,,,,,,,,1.0,,,,,,,,,,,,,,,,,,True,,,,,
1629646,1610612759,Charles Bassey,Charles Bassey,1629646,SAS,5328.0,89,-6.0,192,186,80.0,52,32,378,3.0,8.0,1.0,,,,,18.0,31.0,,,9.0,45.0,225,5.0,9.0,13.0,16.0,,,24.0,28.0,,,,,1.0,2.0,1.0,3.0,1.0,,2.0,7.0,9.0,7.0,19,41,5.0,5.0,,1.0,1.0,,2.0,3.0,6.0,11.0,3.0,10.0,14.0,,10.0,4.0,11.0,6.0,24.0,80.0,0.7777777777777778,1.0,,,,,0.5806451612903226,0.5555555555555556,0.5806451612903226,0.5555555555555556,0.625,0.6081081081081081,0.5416666666666666,0.631578947368421,,0.032258064516129,,17.316017316017316,0.3333333333333333,0.1794871794871795,0.2307692307692307,0.2051282051282051,0.2222222222222222,0.1764705882352941,,0.2424242424242424,0.1666666666666666,0.5454545454545454,0.2580645161290322,0.375,0.375,0.6666666666666666,0.032258064516129,,,,,,,0.7096774193548387,,0.5931064516129032,0.5597624999999999,0.6038,0.2888888888888888,0.5333333333333333,2.987096774193548,,0.4166666666666667,15.0,22.0,4.0,8.0,9.0,11.0,,10.0,4.0,8.0,8.0,,5.0,17.0,3.0,22.0,4.0,1.0,1.0,1.0,,2.0,5.0,3.0,1.0,6.0,,1.0,1.0,3.0,0.625,0.0454545454545454,0.5,0.265625,0.119047619047619,0.2075471698113207,0.217391304347826,0.3142857142857143,0.1176470588235294,0.125,0.3333333333333333,0.7096774193548387,0.6818181818181818,0.7142857142857143,0.8,,0.8888888888888888,0.5,0.6875,0.8181818181818182,0.1470588235294117,0.1470588235294117,,,,,,,,,,3.0,,,1.0,,4.0,,,0.1666666666666666,,,,0.25,,,,,,,,,,,,,,,,,,,1.0,,,,,,,,,2.0,,True,,,,,
1630170,1610612759,Devin Vassell,Devin Vassell,1630170,SAS,8010.9,134,-85.0,275,280,121.0,96,38,555,5.0,17.0,11.0,13.0,31.0,7.0,13.0,17.0,40.0,16.0,36.0,15.0,97.0,380,,4.0,5.0,18.0,8.0,14.0,46.0,20.0,42.0,6.0,31.0,13.0,3.0,6.0,5.0,11.0,1.0,5.0,1.0,27.0,7.0,5.0,12,14,4.0,3.0,1.0,5.0,2.0,2.0,4.0,9.0,2.0,6.0,1.0,8.0,15.0,,2.0,,2.0,1.0,46.0,121.0,0.5882352941176471,0.5882352941176471,0.875,0.4444444444444444,0.5714285714285714,0.4444444444444444,0.425,,0.5394736842105263,0.1875,0.625,0.5843373493975904,0.2777777777777778,0.6571428571428571,0.4736842105263157,0.075,0.1176470588235294,28.84012539184953,0.5555555555555556,0.0746268656716417,0.125,0.0975609756097561,0.0357142857142857,0.037037037037037,0.25,0.1395348837209302,0.0769230769230769,0.5,0.2236842105263158,0.2941176470588235,0.3333333333333333,0.4,0.1447368421052631,0.4078947368421052,0.4193548387096774,0.4193548387096774,0.8461538461538461,0.40625,0.5384615384615384,0.631578947368421,0.4193548387096774,0.511604605263158,0.3861666666666667,0.51271875,0.0515463917525773,0.4742268041237113,9.41,25.647222222222226,0.44,7.0,12.0,,1.0,4.0,5.0,5.0,8.0,6.0,14.0,,,1.0,,,2.0,,3.0,,5.0,,,6.0,,,1.0,,,,,0.4444444444444444,0.0833333333333333,,,0.0158730158730158,0.0072463768115942,,,0.0188679245283018,,,0.1578947368421052,0.5833333333333334,0.6363636363636364,0.7142857142857143,0.0657894736842105,0.125,,0.15625,0.8,0.0843373493975903,0.1304347826086956,3.0,,,1.0,1.0,1.0,4.0,1.0,4.0,2.0,4.0,2.0,,,,,0.25,,0.6,0.6,1.0,,,,,0.5,0.25,,0.03125,1.0,,,,,1.0,,,1.0,,1.0,,0.2,0.027027027027027,5.0,,,0.4545454545454545,0.4545454545454545,0.6,,,True,,,,,
1641705,1610612759,Victor Wembanyama,Victor Wembanyama,1641705,SAS,13558.0,226,45.0,469,469,141.0,144,38,938,4.0,16.0,21.0,20.0,57.0,4.0,18.0,31.0,64.0,21.0,63.0,34.0,159.0,497,3.0,4.0,9.0,16.0,4.0,20.0,41.0,44.0,57.0,6.0,53.0,20.0,4.0,24.0,6.0,30.0,5.0,18.0,5.0,66.0,30.0,41.0,73,79,6.0,4.0,2.0,14.0,4.0,10.0,9.0,23.0,8.0,11.0,,41.0,37.0,,28.0,9.0,28.0,14.0,39.0,140.0,0.7096774193548387,0.7586206896551724,0.9047619047619048,0.3333333333333333,0.2,0.3559322033898305,0.484375,0.75,0.4921259842519685,0.5,0.3055555555555556,0.5598591549295775,0.6428571428571429,0.4555555555555555,0.4960629921259842,0.0625,,32.28962818003914,0.6086956521739131,0.3445378151260504,0.238095238095238,0.2897959183673469,0.2954545454545454,0.3541666666666667,0.4074074074074074,0.2574257425742574,0.16,0.5,0.1259842519685039,0.25,0.25,0.25,0.1653543307086614,0.4488188976377952,0.3508771929824561,0.3508771929824561,0.9,0.5,0.2222222222222222,0.7086614173228346,0.3773584905660377,0.5202508130081301,0.6287874999999999,0.4791303030303031,0.0566037735849056,0.2578616352201258,8.2921875,29.377777777777776,0.3006396588486141,18.0,27.0,3.0,4.0,2.0,5.0,6.0,5.0,19.0,18.0,4.0,1.0,4.0,2.0,2.0,6.0,1.0,4.0,,6.0,1.0,3.0,11.0,5.0,,18.0,,,1.0,4.0,0.3125,0.1481481481481481,0.2,0.0232558139534883,0.0344827586206896,0.0297029702970297,0.027027027027027,0.03125,0.0481927710843373,,0.015625,0.2125984251968504,0.6666666666666666,0.782608695652174,0.7777777777777778,0.0472440944881889,0.6666666666666666,0.75,0.1388888888888889,0.4,0.1094890510948905,0.1527777777777778,1.0,,1.0,,2.0,,1.0,,2.0,3.0,1.0,1.0,,3.0,5.0,,,,0.1666666666666666,0.2,1.0,0.3333333333333333,0.1666666666666666,,,0.1666666666666666,,,0.0555555555555555,,,4.0,1.0,,1.0,0.0158730158730158,,,2.0,4.0,,,0.0615384615384615,9.0,,,0.4285714285714285,0.4285714285714285,0.7777777777777778,,0.1666666666666666,True,,,,,
1631110,1610612759,Jeremy Sochan,Jeremy Sochan,1631110,SAS,5933.0,99,-21.0,201,205,55.0,78,24,406,2.0,6.0,1.0,2.0,4.0,,,12.0,21.0,3.0,6.0,1.0,34.0,250,1.0,4.0,2.0,5.0,,,2.0,20.0,9.0,,4.0,2.0,1.0,3.0,6.0,9.0,4.0,2.0,1.0,24.0,13.0,10.0,24,29,5.0,1.0,4.0,4.0,1.0,4.0,3.0,7.0,5.0,12.0,,2.0,3.0,,2.0,1.0,2.0,2.0,2.0,55.0,0.8333333333333334,0.8333333333333334,1.0,0.5,,0.5,0.5714285714285714,0.25,0.6111111111111112,0.25,0.2,0.6071428571428571,0.25,0.2,0.2222222222222222,0.0476190476190476,,15.217391304347828,0.5714285714285714,0.1851851851851851,0.26,0.2211538461538461,0.1818181818181818,0.1176470588235294,0.2666666666666666,0.225,0.4,1.0,0.2222222222222222,0.3333333333333333,0.3333333333333333,1.0,0.037037037037037,0.1481481481481481,0.5,0.5,1.0,,,0.7407407407407407,0.5,0.5735796296296297,0.4914333333333333,0.56482,0.0588235294117647,0.0588235294117647,3.7904761904761903,25.28333333333333,0.2736318407960199,9.0,14.0,1.0,3.0,1.0,2.0,2.0,1.0,,4.0,,,1.0,4.0,1.0,5.0,,,1.0,4.0,1.0,1.0,2.0,,,1.0,,,,,0.2,0.0714285714285714,0.25,0.0754716981132075,0.025,0.053763440860215,0.0833333333333333,0.0869565217391304,0.032258064516129,,,0.5185185185185185,0.6428571428571429,0.6923076923076923,0.7777777777777778,0.074074074074074,0.75,0.3333333333333333,0.4,0.5,0.0714285714285714,0.0909090909090909,1.0,,,,,,,,,,2.0,,1.0,,,,,,0.5,0.5,1.0,,,,,,,,,,,,,,,,,,,,,,,1.0,,,1.0,1.0,1.0,,,True,,,,,
1631104,1610612759,Blake Wesley,Blake Wesley,1631104,SAS,1010.0,17,16.0,40,36,20.0,21,1,76,,,,1.0,2.0,,1.0,3.0,4.0,1.0,3.0,1.0,10.0,24,,,,2.0,,2.0,3.0,4.0,,3.0,2.0,1.0,,1.0,,1.0,,1.0,,2.0,3.0,,3,3,1.0,,1.0,2.0,,2.0,,2.0,1.0,1.0,,2.0,2.0,,,,,,3.0,20.0,0.6666666666666666,0.6666666666666666,,0.3333333333333333,,0.3333333333333333,0.75,,0.6428571428571429,,0.25,0.625,,0.3,0.4285714285714285,,,24.390243902439025,1.0,,0.2307692307692307,0.15,,,,0.25,0.2,,,,,,,0.2857142857142857,0.5,0.5,,0.25,,1.0,0.5,0.6584857142857142,,0.5949375,,0.3,1.6,24.23333333333333,0.5,3.0,4.0,,,1.0,2.0,1.0,1.0,1.0,2.0,,,,,,,,,,1.0,,,1.0,,,,,,,,0.5,,,,,,,,,,,0.5714285714285714,0.75,0.75,0.6666666666666666,0.1428571428571428,,,0.5,0.5,0.125,0.2,,,,,1.0,,,,,,,,,,,,,,,,,,,,,,,,0.25,,,,,1.0,,,,,,,,,,,,,,,,,,True,,,,,
1631103,1610612759,Malaki Branham,Malaki Branham,1631103,SAS,1350.0,22,5.0,47,50,31.0,13,6,97,,3.0,,,5.0,,3.0,2.0,5.0,,5.0,2.0,6.0,45,1.0,2.0,2.0,3.0,,3.0,4.0,2.0,,,5.0,,2.0,1.0,1.0,2.0,,,1.0,5.0,,4.0,4,5,,,,1.0,,,1.0,2.0,3.0,5.0,,2.0,2.0,,,,,,4.0,31.0,0.5,0.5,,,,,0.4,0.5,0.2,0.3333333333333333,0.1666666666666666,0.2727272727272727,0.3333333333333333,0.2857142857142857,0.5,0.4,0.6666666666666666,23.21428571428571,0.5,0.2222222222222222,,0.1538461538461538,0.2727272727272727,0.25,,,,,0.3,,,,,0.5,,,,0.5,,0.7,,0.57609,0.4895,0.5558500000000001,0.3333333333333333,0.6666666666666666,4.3,25.4,0.6595744680851063,2.0,2.0,1.0,1.0,1.0,1.0,,1.0,2.0,2.0,,,1.0,,,1.0,1.0,1.0,,,,,,1.0,,,,,,1.0,0.3333333333333333,,,,0.0526315789473684,0.037037037037037,,,0.0625,,0.1666666666666666,0.2,1.0,1.0,0.5,,0.3333333333333333,1.0,0.1666666666666666,1.0,,,,,,,,,1.0,,1.0,,1.0,1.0,,,,,,,,,,,,,,0.3333333333333333,,,,,,,,,,,,,,,,,,,,,,,,,,True,,,,,
101108,1610612759,Chris Paul,Chris Paul,101108,SAS,125199.0,2087,11.0,4304,4257,660.0,590,467,8561,37.0,71.0,101.0,114.0,296.0,23.0,62.0,98.0,188.0,130.0,342.0,76.0,662.0,5014,7.0,12.0,57.0,41.0,27.0,68.0,163.0,46.0,195.0,195.0,294.0,114.0,5.0,322.0,243.0,565.0,166.0,219.0,77.0,1373.0,112.0,127.0,243,274,95.0,47.0,48.0,80.0,19.0,66.0,35.0,115.0,64.0,133.0,12.0,74.0,81.0,21.0,19.0,8.0,19.0,10.0,159.0,650.0,0.2346938775510204,0.2371134020618556,0.5,0.3801169590643274,0.3970588235294117,0.3823529411764705,0.5212765957446809,0.5833333333333334,0.5528301886792453,0.5,0.5825688073394495,0.5769230769230769,0.5181818181818182,0.644,0.6452830188679245,0.026595744680851,0.0422535211267605,13.8658940397351,0.6956521739130435,0.1264940239043824,0.1054613935969868,0.1156824782187802,0.1201814058956916,0.1113989637305699,0.1751412429378531,0.1086142322097378,0.0957854406130268,0.5263157894736842,0.1339622641509434,0.5211267605633803,0.5441176470588235,0.2702702702702703,0.190566037735849,0.5584905660377358,0.3851351351351351,0.3864406779661017,0.4561403508771929,0.5688073394495413,0.3709677419354839,0.6754716981132075,0.3877551020408163,0.5150503816793893,0.493976923076923,0.4826042857142856,0.0861027190332326,0.2462235649546827,13.180851063829786,25.82339181286549,0.1533457249070632,13.0,16.0,,,3.0,4.0,46.0,23.0,36.0,150.0,2.0,26.0,18.0,13.0,4.0,31.0,3.0,14.0,7.0,12.0,4.0,,7.0,18.0,,11.0,,1.0,11.0,12.0,0.5609756097560976,,0.0481927710843373,0.0146067415730337,0.0157618213660245,0.015255905511811,0.0144508670520231,0.0110803324099723,0.0127020785219399,0.0253623188405797,0.0105633802816901,0.030188679245283,0.8125,0.8125,0.3846153846153846,0.0867924528301886,,,0.036697247706422,0.75,0.0240295748613678,0.0358974358974358,16.0,1.0,5.0,4.0,6.0,12.0,36.0,13.0,41.0,4.0,77.0,8.0,1.0,3.0,4.0,,0.3170731707317073,0.0218579234972677,0.3478260869565217,0.3636363636363636,0.8125,,0.0943396226415094,0.2,,0.6792452830188679,0.3333333333333333,0.8333333333333334,0.055045871559633,0.6666666666666666,,2.0,3.0,2.0,,0.0087719298245614,0.0033783783783783,,2.0,6.0,,,0.0173410404624277,48.0,,1.0,0.4752475247524752,0.4848484848484848,0.1666666666666666,,0.0434782608695652,False,0.0198019801980198,,,,
1628368,1610612759,De'Aaron Fox,De'Aaron Fox,1628368,SAS,34682.0,578,-92.0,1209,1201,213.0,237,127,2410,34.0,68.0,51.0,19.0,80.0,3.0,10.0,99.0,185.0,26.0,95.0,59.0,335.0,1501,6.0,13.0,24.0,35.0,4.0,12.0,77.0,72.0,63.0,15.0,80.0,19.0,10.0,66.0,50.0,116.0,38.0,55.0,8.0,282.0,38.0,24.0,64,73,25.0,10.0,15.0,25.0,7.0,14.0,16.0,41.0,21.0,46.0,1.0,56.0,72.0,,2.0,1.0,5.0,5.0,77.0,213.0,0.3636363636363636,0.3711340206185567,0.8076923076923077,0.2736842105263158,0.3333333333333333,0.2736842105263158,0.5351351351351351,0.4615384615384615,0.4928571428571429,0.5,0.5531914893617021,0.5368589743589743,0.5217391304347826,0.6311475409836066,0.3392857142857143,0.054054054054054,0.0735294117647058,25.955882352941178,0.6097560975609756,0.1008403361344537,0.1237785016286645,0.1137614678899082,0.1212121212121212,0.0909090909090909,0.075,0.1277533039647577,0.1125,1.0,0.2428571428571428,0.5,0.5396825396825397,0.2647058823529412,0.1821428571428571,0.2857142857142857,0.2375,0.240506329113924,0.7894736842105263,0.2127659574468085,0.3,0.575,0.2375,0.5270905357142854,0.527103125,0.4894478723404255,0.0716417910447761,0.2298507462686567,8.818918918918916,25.49157894736842,0.1761786600496278,41.0,66.0,3.0,5.0,7.0,11.0,15.0,20.0,25.0,126.0,4.0,3.0,3.0,6.0,2.0,9.0,2.0,11.0,2.0,3.0,1.0,7.0,34.0,4.0,3.0,1.0,1.0,,3.0,4.0,0.5714285714285714,0.0757575757575757,0.0833333333333333,0.022140221402214,0.0101694915254237,0.0159010600706713,0.0476190476190476,0.0094339622641509,0.0136363636363636,,0.0140845070422535,0.2357142857142857,0.6212121212121212,0.6721311475409836,0.4878048780487805,0.0535714285714285,0.238095238095238,0.6,0.2340425531914893,0.6363636363636364,0.1136363636363636,0.160377358490566,7.0,1.0,1.0,1.0,2.0,2.0,7.0,3.0,8.0,3.0,12.0,3.0,,3.0,2.0,,0.375,,0.4666666666666667,0.4666666666666667,0.8571428571428571,,0.0476190476190476,1.0,1.0,0.3333333333333333,0.2857142857142857,1.0,0.0425531914893617,0.5,,,1.0,2.0,,0.0105263157894736,0.0125,,,1.0,2.0,,0.0104166666666666,24.0,1.0,,0.4705882352941176,0.4705882352941176,0.2916666666666667,,,False,,,,,
1629640,1610612759,Keldon Johnson,Keldon Johnson,1629640,SAS,82301.0,1372,-234.0,2832,2829,868.0,823,362,5661,48.0,120.0,5.0,41.0,127.0,11.0,34.0,199.0,347.0,58.0,195.0,118.0,690.0,3402,23.0,43.0,90.0,98.0,14.0,53.0,169.0,250.0,159.0,15.0,127.0,41.0,26.0,51.0,45.0,96.0,27.0,46.0,4.0,237.0,101.0,73.0,190,270,40.0,30.0,10.0,38.0,4.0,23.0,22.0,60.0,52.0,89.0,7.0,107.0,150.0,,13.0,6.0,14.0,5.0,166.0,860.0,0.628140703517588,0.6906077348066298,0.913793103448276,0.2974358974358974,0.2641509433962264,0.2974358974358974,0.5734870317002881,0.5348837209302325,0.5276752767527675,0.5,0.4569536423841059,0.572139303482587,0.5421686746987951,0.5029761904761905,0.3597785977859778,0.0749279538904899,0.1,20.444033302497687,0.6333333333333333,0.1181229773462783,0.1527987897125567,0.1360437842064112,0.1156716417910447,0.108433734939759,0.1485148514851485,0.1445544554455445,0.1794871794871795,0.3571428571428571,0.2214022140221402,0.4,0.4444444444444444,0.6041666666666666,0.0092250922509225,0.2343173431734317,0.3228346456692913,0.3253968253968254,0.8780487804878049,0.2251655629139073,0.3235294117647059,0.7693726937269373,0.3228346456692913,0.5668773921200747,0.5969847826086957,0.5572905405405404,0.1304347826086956,0.244927536231884,3.701729106628243,24.98358974358974,0.3064971751412429,151.0,222.0,19.0,35.0,42.0,66.0,68.0,48.0,31.0,148.0,36.0,1.0,29.0,49.0,16.0,80.0,29.0,15.0,1.0,18.0,2.0,28.0,82.0,7.0,1.0,7.0,,2.0,7.0,4.0,0.4897959183673469,0.063063063063063,0.2539682539682539,0.0676795580110497,0.0443425076452599,0.0566037735849056,0.0711974110032362,0.0711864406779661,0.043222003929273,0.0482758620689655,0.116,0.4095940959409594,0.6801801801801802,0.7259615384615384,0.6357615894039735,0.1254612546125461,0.4605263157894737,0.5428571428571428,0.4370860927152318,0.6363636363636364,0.1375838926174496,0.2044887780548628,17.0,3.0,10.0,3.0,19.0,7.0,23.0,10.0,33.0,14.0,18.0,4.0,1.0,6.0,2.0,,0.303030303030303,0.05,0.25,0.25,1.0,0.1052631578947368,0.131578947368421,0.3,1.0,0.3026315789473684,0.3043478260869565,1.0,0.1258278145695364,0.1578947368421052,,,1.0,4.0,,0.0051282051282051,0.0078740157480314,2.0,,,1.0,0.032258064516129,,,3.0,,,,,,,False,,,,,
1630170,1610612759,Devin Vassell,Devin Vassell,1630170,SAS,105923.0,1765,-151.0,3648,3642,809.0,740,413,7290,65.0,143.0,127.0,97.0,283.0,13.0,57.0,211.0,406.0,135.0,372.0,78.0,905.0,4322,16.0,32.0,77.0,79.0,19.0,72.0,158.0,238.0,345.0,60.0,279.0,97.0,21.0,92.0,73.0,165.0,46.0,58.0,20.0,403.0,136.0,55.0,199,228,74.0,60.0,14.0,43.0,7.0,25.0,27.0,70.0,51.0,96.0,2.0,86.0,101.0,2.0,30.0,10.0,31.0,17.0,158.0,804.0,0.5639810426540285,0.5804878048780487,0.8518518518518519,0.3629032258064516,0.2638888888888889,0.3668478260869565,0.5197044334975369,0.5,0.531491002570694,0.5298507462686567,0.4470198675496689,0.553921568627451,0.55,0.490625,0.4781491002570694,0.0517241379310344,0.0629370629370629,21.51714077315828,0.6142857142857143,0.0625,0.1605667060212514,0.1105964099594672,0.0544041450777202,0.0687679083094555,0.0689655172413793,0.1627172195892575,0.1542056074766355,0.5483870967741935,0.1838046272493573,0.4545454545454545,0.4850746268656716,0.5538461538461539,0.1632390745501285,0.3637532133676092,0.342756183745583,0.3476702508960573,0.7938144329896907,0.3774834437086092,0.2280701754385964,0.6529562982005142,0.3476702508960573,0.5301378324468086,0.5157535714285714,0.5266788194444444,0.0850828729281767,0.174585635359116,9.346551724137932,25.59864498644987,0.2217653508771929,85.0,136.0,9.0,15.0,24.0,37.0,89.0,39.0,23.0,184.0,12.0,14.0,14.0,15.0,8.0,29.0,8.0,18.0,4.0,19.0,3.0,19.0,48.0,6.0,1.0,19.0,,,8.0,4.0,0.4936708860759494,0.088235294117647,0.1159420289855072,0.0178784266984505,0.0158013544018058,0.0168115942028985,0.0303030303030303,0.0148367952522255,0.0163934426229508,0.013953488372093,0.0204081632653061,0.1748071979434447,0.625,0.6854838709677419,0.5882352941176471,0.1143958868894601,0.2238805970149253,0.6,0.2450331125827814,0.6486486486486487,0.0654320987654321,0.1103448275862069,38.0,2.0,5.0,6.0,15.0,11.0,30.0,13.0,35.0,6.0,27.0,5.0,3.0,6.0,3.0,,0.3714285714285714,,0.4269662921348314,0.4318181818181818,1.0,0.3333333333333333,0.0746268656716417,0.4,1.0,0.4477611940298507,0.3666666666666666,0.9090909090909092,0.0993377483443708,0.4,,4.0,5.0,2.0,1.0,0.0134408602150537,0.0141342756183745,,2.0,5.0,1.0,,0.0133333333333333,61.0,2.0,,0.4803149606299212,0.4803149606299212,0.5409836065573771,5.0,0.0112359550561797,False,,1.0,,,
1630577,1610612759,Julian Champagnie,Julian Champagnie,1630577,SAS,89898.0,1498,-67.0,3115,3103,578.0,538,355,6218,10.0,34.0,7.0,85.0,243.0,13.0,33.0,83.0,148.0,130.0,356.0,70.0,626.0,3651,17.0,31.0,73.0,31.0,21.0,49.0,122.0,122.0,375.0,15.0,243.0,85.0,22.0,57.0,26.0,83.0,16.0,44.0,11.0,192.0,102.0,85.0,198,254,49.0,32.0,17.0,35.0,7.0,27.0,25.0,60.0,61.0,99.0,1.0,44.0,77.0,2.0,23.0,10.0,24.0,12.0,122.0,574.0,0.7349397590361446,0.8591549295774648,0.9615384615384616,0.3651685393258427,0.4285714285714285,0.3651685393258427,0.5608108108108109,0.5483870967741935,0.5515873015873016,0.5423728813559322,0.64375,0.5864661654135338,0.5703125,0.6931818181818182,0.7063492063492064,0.1486486486486486,0.2941176470588235,16.723259762308995,0.5833333333333334,0.1159618008185538,0.1333333333333333,0.1248331108144192,0.1005917159763313,0.0959409594095941,0.2016129032258064,0.1211072664359861,0.1711229946524064,0.5,0.0674603174603174,0.2941176470588235,0.4166666666666667,0.8,0.0138888888888888,0.4821428571428571,0.3497942386831276,0.3497942386831276,0.9647058823529412,0.4125,0.3939393939393939,0.9186507936507936,0.3497942386831276,0.5701899193548383,0.58265,0.5557456249999999,0.1166134185303514,0.194888178913738,3.5472972972972965,25.10224719101123,0.185553772070626,70.0,107.0,15.0,25.0,18.0,24.0,113.0,20.0,19.0,44.0,24.0,2.0,28.0,27.0,11.0,56.0,8.0,8.0,4.0,12.0,5.0,6.0,21.0,2.0,1.0,13.0,1.0,1.0,4.0,1.0,0.6451612903225806,0.1121495327102803,0.180327868852459,0.0387931034482758,0.0349563046192259,0.0367401469605878,0.0562913907284768,0.0329670329670329,0.0342577487765089,0.0372340425531914,0.0300751879699248,0.2123015873015873,0.6542056074766355,0.7368421052631579,0.7142857142857143,0.2242063492063492,0.423728813559322,0.6,0.3,0.75,0.0587121212121212,0.1288343558282208,45.0,2.0,8.0,8.0,16.0,8.0,20.0,10.0,28.0,9.0,10.0,1.0,6.0,2.0,2.0,,0.3571428571428571,0.0082644628099173,0.3982300884955752,0.4054054054054054,0.9555555555555556,0.1333333333333333,0.135593220338983,0.25,0.5,0.3389830508474576,0.4,0.875,0.2,0.5,,,2.0,,,0.0056179775280898,,1.0,1.0,12.0,,0.0158730158730158,0.0273972602739726,3.0,3.0,,0.4285714285714285,0.4285714285714285,1.0,3.0,0.0176991150442477,False,,,,,
1631110,1610612759,Jeremy Sochan,Jeremy Sochan,1631110,SAS,76115.0,1269,-72.0,2621,2633,672.0,608,326,5254,20.0,68.0,11.0,15.0,49.0,5.0,18.0,210.0,354.0,25.0,86.0,86.0,581.0,3073,40.0,70.0,97.0,68.0,8.0,28.0,131.0,312.0,72.0,3.0,46.0,14.0,42.0,72.0,47.0,119.0,36.0,46.0,19.0,285.0,89.0,99.0,201,323,40.0,28.0,12.0,43.0,3.0,23.0,33.0,76.0,43.0,119.0,10.0,103.0,122.0,,23.0,7.0,25.0,13.0,131.0,669.0,0.7428571428571429,0.8571428571428571,0.96,0.2906976744186046,0.2857142857142857,0.2857142857142857,0.5932203389830508,0.5714285714285714,0.5625,0.5460526315789473,0.53125,0.5892494929006086,0.563953488372093,0.5695652173913044,0.1954545454545454,0.1186440677966101,0.1617647058823529,18.97931954636424,0.5657894736842105,0.15814696485623,0.1408227848101265,0.1494435612082671,0.1433447098976109,0.1652542372881356,0.1855670103092783,0.130879345603272,0.1748251748251748,0.52,0.1545454545454545,0.2941176470588235,0.3508771929824561,0.55,0.025,0.1113636363636363,0.3061224489795918,0.3191489361702128,0.9333333333333332,0.1875,0.2777777777777778,0.8204545454545454,0.3043478260869565,0.6122927752293577,0.6006226415094339,0.6103218085106383,0.1669535283993115,0.225473321858864,3.108757062146892,24.99767441860464,0.2563906905761159,188.0,275.0,36.0,62.0,38.0,55.0,37.0,39.0,29.0,108.0,56.0,7.0,60.0,62.0,13.0,122.0,13.0,20.0,14.0,17.0,12.0,16.0,59.0,10.0,2.0,16.0,,1.0,9.0,10.0,0.5735294117647058,0.1127272727272727,0.2166666666666666,0.1008130081300813,0.0952380952380952,0.0979919678714859,0.1044776119402985,0.1201716738197424,0.0813704496788008,0.1349693251533742,0.0833333333333333,0.625,0.6836363636363636,0.7704918032786885,0.7606382978723404,0.084090909090909,0.8157894736842105,0.5806451612903226,0.5729166666666666,0.6909090909090909,0.1221532091097308,0.1486146095717884,10.0,1.0,2.0,3.0,10.0,,4.0,1.0,6.0,14.0,11.0,6.0,2.0,3.0,11.0,2.0,0.1666666666666666,0.0526315789473684,0.2702702702702703,0.2777777777777778,1.0,0.1666666666666666,0.0263157894736842,0.5,1.0,0.0526315789473684,,,0.1041666666666666,0.3,1.0,2.0,3.0,3.0,,0.0348837209302325,0.0408163265306122,,,,2.0,,,2.0,2.0,,0.1818181818181818,0.1818181818181818,1.0,4.0,0.027027027027027,False,,,,,
1642264,1610612759,Stephon Castle,Stephon Castle,1642264,SAS,107627.0,1794,-223.0,3700,3725,811.0,717,431,7425,63.0,178.0,60.0,67.0,238.0,12.0,44.0,278.0,555.0,82.0,282.0,200.0,1002.0,4495,31.0,66.0,98.0,131.0,14.0,52.0,243.0,260.0,198.0,48.0,234.0,67.0,53.0,143.0,116.0,259.0,67.0,110.0,28.0,634.0,102.0,61.0,169,249,65.0,43.0,22.0,89.0,22.0,59.0,52.0,141.0,65.0,133.0,5.0,211.0,275.0,,16.0,7.0,18.0,9.0,238.0,802.0,0.4676258992805755,0.5058365758754864,0.8048780487804879,0.2907801418439716,0.2692307692307692,0.2949640287769784,0.5009009009009009,0.4696969696969697,0.4790919952210274,0.4623655913978494,0.5136612021857924,0.5229645093945721,0.494949494949495,0.5497737556561086,0.3369175627240143,0.0954954954954954,0.1235955056179775,26.16043799095453,0.6312056737588653,0.0717647058823529,0.1173762945914844,0.0948225712623618,0.0652173913043478,0.0621301775147929,0.1111111111111111,0.1099236641221374,0.1401869158878504,0.5,0.2126642771804062,0.3539325842696629,0.4038461538461538,0.3174603174603174,0.07168458781362,0.2843488649940263,0.2815126050420168,0.2827004219409282,0.7611940298507462,0.2404371584699453,0.2727272727272727,0.7156511350059738,0.2863247863247863,0.5594441176470593,0.5665675925925926,0.5624641242937851,0.0978043912175648,0.2425149700598802,5.363423423423424,26.46347517730497,0.2191891891891892,199.0,317.0,25.0,45.0,60.0,87.0,44.0,73.0,55.0,296.0,42.0,5.0,35.0,42.0,6.0,80.0,22.0,30.0,13.0,32.0,3.0,33.0,143.0,11.0,2.0,9.0,1.0,,7.0,7.0,0.5572519083969466,0.0977917981072555,0.0869565217391304,0.0502392344497607,0.038716814159292,0.0442528735632183,0.0573065902578796,0.0603448275862069,0.0341753343239227,0.0519480519480519,0.0535279805352798,0.3787335722819593,0.6277602523659306,0.6958041958041958,0.5276381909547738,0.052568697729988,0.4838709677419355,0.5555555555555556,0.4754098360655737,0.6896551724137931,0.1510031678986272,0.2150375939849624,15.0,1.0,4.0,2.0,8.0,7.0,23.0,8.0,27.0,12.0,49.0,9.0,2.0,8.0,4.0,,0.2962962962962963,0.0071942446043165,0.3409090909090909,0.3409090909090909,1.0,0.08,0.043010752688172,0.25,1.0,0.2473118279569892,0.3043478260869565,1.0,0.0437158469945355,0.25,,4.0,1.0,9.0,,0.0035460992907801,0.0042016806722689,3.0,,,1.0,0.032258064516129,,16.0,5.0,,0.2666666666666666,0.2666666666666666,0.3125,,,False,,1.0,,,
202687,1610612759,Bismack Biyombo,Bismack Biyombo,202687,SAS,26420.0,440,-64.0,900,898,91.0,125,88,1798,20.0,34.0,,,,,,55.0,85.0,,,10.0,120.0,1080,10.0,18.0,20.0,7.0,,,9.0,86.0,,,,,9.0,14.0,14.0,28.0,10.0,2.0,7.0,70.0,47.0,40.0,92,126,15.0,10.0,5.0,5.0,3.0,3.0,14.0,19.0,25.0,43.0,5.0,27.0,24.0,,22.0,6.0,22.0,14.0,9.0,91.0,0.7818181818181819,0.8958333333333334,,,,,0.6470588235294118,0.5555555555555556,0.6470588235294118,0.5555555555555556,0.5714285714285714,0.625,0.5555555555555556,0.5625,,0.1058823529411764,0.0588235294117647,11.431411530815108,0.2631578947368421,0.1886792452830188,0.2070484581497797,0.1981776765375854,0.1578947368421052,0.2159090909090909,0.2068965517241379,0.2256097560975609,0.1587301587301587,0.6363636363636364,0.4,0.5882352941176471,0.625,0.9,,,,,,,,0.6,,0.5862914634146343,0.66821,0.6326999999999999,0.1666666666666666,0.075,3.742352941176471,,0.1011111111111111,35.0,51.0,10.0,18.0,4.0,6.0,,4.0,1.0,24.0,14.0,5.0,18.0,16.0,5.0,34.0,3.0,2.0,2.0,3.0,6.0,2.0,13.0,,,16.0,,1.0,1.0,,0.5714285714285714,0.1372549019607843,0.2777777777777778,0.08,0.076595744680851,0.0781609195402298,0.1016949152542373,0.1020408163265306,0.0625,0.1186440677966101,0.1428571428571428,0.6,0.6862745098039216,0.7954545454545454,0.7142857142857143,,1.0,0.5555555555555556,0.8571428571428571,0.6666666666666666,0.1354166666666666,0.1354166666666666,,,,,,,,,,,4.0,2.0,,2.0,9.0,,,,,,,0.3,,,,,,,,,,,,3.0,,,,,,,,,,,,,,,,4.0,,False,,,1.0,,
203084,1610612759,Harrison Barnes,Harrison Barnes,203084,SAS,114482.0,1908,-52.0,3913,3877,476.0,373,428,7790,43.0,95.0,5.0,46.0,131.0,4.0,12.0,160.0,280.0,128.0,304.0,129.0,833.0,4619,24.0,43.0,102.0,28.0,10.0,28.0,78.0,190.0,378.0,6.0,130.0,46.0,23.0,61.0,58.0,119.0,45.0,36.0,14.0,296.0,80.0,90.0,173,259,27.0,17.0,10.0,27.0,5.0,17.0,15.0,42.0,40.0,60.0,3.0,120.0,163.0,,13.0,3.0,13.0,10.0,78.0,470.0,0.59375,0.6597222222222222,0.984375,0.4210526315789473,0.3571428571428571,0.4224422442244224,0.5714285714285714,0.5581395348837209,0.6027397260273972,0.5454545454545454,0.5357142857142857,0.6329787234042553,0.5795454545454546,0.582089552238806,0.5205479452054794,0.0821428571428571,0.0421052631578947,15.85144927536232,0.6428571428571429,0.0984682713347921,0.081799591002045,0.0898520084566596,0.0957178841309823,0.0986301369863013,0.1052631578947368,0.0841248303934871,0.0746887966804979,0.7692307692307693,0.1626712328767123,0.4526315789473684,0.4725274725274725,0.3953488372093023,0.0085616438356164,0.2243150684931507,0.3511450381679389,0.3538461538461538,0.9565217391304348,0.2142857142857142,0.3333333333333333,0.8287671232876712,0.3538461538461538,0.5730675958188152,0.5985750000000001,0.5457722222222222,0.1224489795918367,0.0936374549819928,3.961071428571428,24.35433333333333,0.1216457960644007,117.0,180.0,17.0,32.0,13.0,21.0,173.0,15.0,18.0,130.0,32.0,11.0,49.0,37.0,3.0,86.0,13.0,10.0,3.0,4.0,3.0,14.0,83.0,4.0,,10.0,,,2.0,4.0,0.5357142857142857,0.1055555555555555,0.0428571428571428,0.0437869822485207,0.047434656340755,0.0457933972310969,0.0617647058823529,0.0348837209302325,0.0478036175710594,0.0463320463320463,0.048689138576779,0.3082191780821918,0.65,0.7267080745341615,0.6666666666666666,0.2962328767123288,0.4155844155844156,0.53125,0.375,0.6190476190476191,0.128440366972477,0.2378223495702005,82.0,8.0,17.0,6.0,16.0,4.0,17.0,12.0,34.0,18.0,13.0,2.0,,3.0,7.0,,0.3529411764705882,0.0248447204968944,0.4739884393063583,0.4739884393063583,1.0,0.1764705882352941,0.2207792207792207,0.4705882352941176,1.0,0.2207792207792207,0.2352941176470588,1.0,0.2857142857142857,0.375,,1.0,1.0,1.0,,0.0032894736842105,0.0076335877862595,,,1.0,,,0.0032786885245901,,1.0,,,,,,,False,,1.0,,1.0,
1630572,1610612759,Sandro Mamukelashvili,Sandro Mamukelashvili,1630572,SAS,33702.0,562,-15.0,1157,1158,287.0,298,149,2315,9.0,25.0,2.0,47.0,107.0,14.0,23.0,63.0,98.0,55.0,134.0,33.0,324.0,1357,15.0,22.0,58.0,30.0,15.0,28.0,96.0,90.0,165.0,,106.0,47.0,7.0,20.0,19.0,39.0,18.0,14.0,6.0,97.0,55.0,44.0,103,158,19.0,12.0,7.0,18.0,1.0,12.0,4.0,22.0,30.0,53.0,6.0,34.0,48.0,,13.0,3.0,15.0,5.0,96.0,286.0,0.7142857142857143,0.8823529411764706,1.0,0.4104477611940298,0.5357142857142857,0.4135338345864661,0.6428571428571429,0.6818181818181818,0.6271551724137931,0.8225806451612904,0.6810344827586207,0.6377952755905512,0.7837837837837838,0.6857142857142857,0.5775862068965517,0.0714285714285714,0.08,20.767494356659142,0.8181818181818182,0.180327868852459,0.1864406779661017,0.1836734693877551,0.1592920353982301,0.2183908045977011,0.1590909090909091,0.1846846846846846,0.1917808219178082,0.3333333333333333,0.1077586206896551,0.36,0.391304347826087,0.8888888888888888,0.0086206896551724,0.4612068965517241,0.4392523364485981,0.4433962264150943,1.0,0.396551724137931,0.6086956521739131,0.8836206896551724,0.4433962264150943,0.5708168888888889,0.571615625,0.5637929824561404,0.1790123456790123,0.2962962962962963,3.133673469387756,25.71268656716418,0.2480553154710458,54.0,71.0,15.0,21.0,14.0,20.0,27.0,17.0,17.0,36.0,24.0,,32.0,20.0,4.0,55.0,2.0,6.0,3.0,5.0,,4.0,25.0,1.0,2.0,10.0,1.0,,3.0,1.0,0.5666666666666667,0.0704225352112676,0.1904761904761904,0.0851063829787234,0.1052631578947368,0.0964749536178107,0.0636363636363636,0.0714285714285714,0.0921052631578947,0.1447368421052631,0.019047619047619,0.3060344827586206,0.7605633802816901,0.8181818181818182,0.6851851851851852,0.1163793103448275,0.6774193548387096,0.7142857142857143,0.3448275862068966,0.7,0.0988142292490118,0.2100840336134453,8.0,1.0,3.0,1.0,5.0,6.0,6.0,7.0,9.0,7.0,1.0,,,1.0,3.0,,0.7777777777777778,0.1707317073170731,0.2962962962962963,0.2962962962962963,1.0,0.2666666666666666,0.0967741935483871,0.3333333333333333,1.0,0.1935483870967742,1.0,1.0,0.0862068965517241,0.2,,1.0,1.0,1.0,,0.0074626865671641,0.0093457943925233,3.0,,,1.0,0.075,,,1.0,,,,,1.0,,False,,,1.0,,
1641705,1610612759,Victor Wembanyama,Victor Wembanyama,1641705,SAS,78074.0,1301,57.0,2663,2655,528.0,381,292,5318,60.0,118.0,95.0,113.0,319.0,19.0,59.0,235.0,390.0,121.0,340.0,124.0,957.0,3027,41.0,68.0,120.0,64.0,21.0,65.0,177.0,330.0,309.0,54.0,317.0,113.0,21.0,93.0,45.0,138.0,28.0,70.0,16.0,321.0,153.0,171.0,351,427,46.0,33.0,13.0,79.0,16.0,39.0,47.0,126.0,48.0,94.0,6.0,185.0,152.0,,137.0,46.0,148.0,102.0,172.0,519.0,0.7021276595744681,0.7894736842105263,0.8512396694214877,0.3558823529411765,0.3230769230769231,0.3579881656804733,0.6025641025641025,0.6029411764705882,0.5705479452054795,0.5957446808510638,0.5465116279069767,0.6003764115432874,0.6122448979591837,0.59,0.4657534246575342,0.0538461538461538,0.0847457627118644,30.792377131394183,0.626984126984127,0.2552238805970149,0.2383177570093458,0.2469512195121951,0.1851851851851851,0.3333333333333333,0.2426470588235294,0.2474849094567404,0.2068965517241379,0.6891891891891891,0.1616438356164383,0.5084745762711864,0.5555555555555556,0.7,0.1301369863013698,0.436986301369863,0.3542319749216301,0.3553459119496855,0.8407079646017699,0.4573643410852713,0.3220338983050847,0.7082191780821918,0.3564668769716088,0.5356478021978018,0.565219230769231,0.505851181102362,0.1253918495297805,0.1849529780564263,7.612307692307692,27.03088235294117,0.1982726248591813,137.0,177.0,34.0,48.0,21.0,27.0,21.0,39.0,36.0,140.0,52.0,7.0,35.0,38.0,27.0,76.0,13.0,40.0,10.0,24.0,4.0,18.0,69.0,14.0,11.0,85.0,3.0,1.0,5.0,9.0,0.609375,0.0564971751412429,0.4736842105263157,0.0739299610894941,0.0488826815642458,0.0593495934959349,0.1015228426395939,0.065,0.0434782608695652,0.0670731707317073,0.0376811594202898,0.2424657534246575,0.7740112994350282,0.8203592814371258,0.6715328467153284,0.0287671232876712,0.5106382978723404,0.7083333333333334,0.2093023255813953,0.7777777777777778,0.090676883780332,0.1564625850340136,8.0,3.0,4.0,2.0,6.0,7.0,22.0,10.0,26.0,8.0,17.0,14.0,3.0,3.0,20.0,1.0,0.3846153846153846,0.0427350427350427,0.3809523809523809,0.3809523809523809,1.0,0.1764705882352941,0.0425531914893617,0.75,1.0,0.2340425531914893,0.3181818181818182,0.8571428571428571,0.0465116279069767,0.3333333333333333,,2.0,1.0,4.0,6.0,0.0029411764705882,0.0031347962382445,3.0,,2.0,8.0,0.0697674418604651,0.0058479532163742,38.0,5.0,,0.4,0.4042553191489361,0.8157894736842105,8.0,,False,0.0105263157894736,,,7.0,
1631104,1610612759,Blake Wesley,Blake Wesley,1631104,SAS,33872.0,565,-16.0,1155,1167,293.0,353,127,2322,5.0,18.0,8.0,9.0,34.0,,6.0,50.0,102.0,16.0,51.0,32.0,180.0,1326,2.0,12.0,8.0,22.0,1.0,9.0,34.0,64.0,48.0,,34.0,9.0,12.0,50.0,45.0,95.0,34.0,41.0,8.0,235.0,17.0,15.0,33,49,31.0,20.0,11.0,33.0,5.0,22.0,13.0,46.0,18.0,37.0,1.0,47.0,52.0,,3.0,3.0,4.0,1.0,32.0,292.0,0.64,0.6530612244897959,1.0,0.3137254901960784,0.1111111111111111,0.3137254901960784,0.4901960784313725,0.1666666666666666,0.4836601307189542,0.1944444444444444,0.3709677419354839,0.5056179775280899,0.2,0.4358974358974359,0.3333333333333333,0.1176470588235294,0.2222222222222222,17.112299465240643,0.717391304347826,0.0595238095238095,0.0576271186440678,0.0585009140767824,0.0434782608695652,0.0638297872340425,0.0930232558139534,0.0655021834061135,0.0303030303030303,0.25,0.1176470588235294,0.2777777777777778,0.3571428571428571,0.2,0.0522875816993464,0.2222222222222222,0.2647058823529412,0.2647058823529412,1.0,0.1935483870967742,,0.8300653594771242,0.2647058823529412,0.6050681506849315,0.6300727272727272,0.60641,0.0444444444444444,0.1888888888888888,3.984313725490195,24.842,0.2536796536796536,43.0,76.0,2.0,12.0,9.0,16.0,17.0,10.0,11.0,36.0,2.0,1.0,5.0,11.0,1.0,16.0,4.0,11.0,3.0,12.0,,2.0,25.0,2.0,1.0,,,,4.0,1.0,0.4545454545454545,0.1052631578947368,0.0434782608695652,0.0452674897119341,0.0183823529411764,0.0310679611650485,0.0776699029126213,0.019047619047619,0.0144230769230769,0.03125,0.0555555555555555,0.4967320261437908,0.5657894736842105,0.6323529411764706,0.6976744186046512,0.1111111111111111,0.6666666666666666,0.1666666666666666,0.5161290322580645,0.5625,0.1420454545454545,0.2,7.0,,,1.0,3.0,1.0,6.0,1.0,6.0,1.0,11.0,2.0,4.0,2.0,3.0,,0.1666666666666666,0.0285714285714285,0.4117647058823529,0.4117647058823529,1.0,0.5,,,,0.3333333333333333,0.1666666666666666,1.0,0.0967741935483871,0.3333333333333333,,,,5.0,,,,,,,1.0,,,2.0,,,0.25,0.25,0.5,,,False,,1.0,,,
1628380,1610612759,Zach Collins,Zach Collins,1628380,SAS,20304.0,338,-27.0,689,682,152.0,120,85,1371,8.0,22.0,2.0,9.0,29.0,,2.0,39.0,70.0,13.0,40.0,24.0,141.0,802,4.0,13.0,9.0,15.0,1.0,6.0,28.0,66.0,39.0,,29.0,9.0,9.0,38.0,8.0,46.0,7.0,22.0,7.0,100.0,14.0,33.0,52,79,10.0,5.0,5.0,9.0,1.0,4.0,10.0,19.0,31.0,55.0,4.0,28.0,26.0,,11.0,2.0,11.0,8.0,28.0,152.0,0.8461538461538461,0.868421052631579,1.0,0.325,0.1666666666666666,0.325,0.5571428571428572,0.3076923076923077,0.5318181818181819,0.25,0.5,0.5826446280991735,0.28125,0.56,0.3636363636363636,0.1285714285714285,0.0454545454545454,17.67676767676768,0.4736842105263157,0.1929824561403508,0.0853658536585365,0.1402985074626865,0.1428571428571428,0.238095238095238,0.2258064516129032,0.0952380952380952,0.0526315789473684,0.7272727272727273,0.2,0.3636363636363636,0.3809523809523809,0.75,0.0181818181818181,0.2636363636363636,0.3103448275862069,0.3103448275862069,1.0,0.0952380952380952,,0.7818181818181819,0.3103448275862069,0.5592032110091744,0.5390807692307692,0.5622547619047619,0.0638297872340425,0.1985815602836879,4.015714285714285,25.585,0.2206095791001451,30.0,46.0,3.0,10.0,9.0,11.0,11.0,9.0,7.0,12.0,2.0,9.0,8.0,19.0,5.0,27.0,2.0,5.0,,3.0,5.0,4.0,11.0,4.0,,9.0,,,1.0,4.0,0.6,0.1739130434782608,0.3571428571428571,0.0994764397905759,0.0551724137931034,0.0803571428571428,0.09375,0.1123595505617977,0.0576923076923076,0.048780487804878,0.0416666666666666,0.4181818181818181,0.6521739130434783,0.7894736842105263,0.8666666666666667,0.1,0.625,0.3,0.5238095238095238,0.8181818181818182,0.094017094017094,0.1428571428571428,4.0,,1.0,1.0,4.0,,2.0,,3.0,1.0,1.0,2.0,,,1.0,1.0,,0.0789473684210526,0.3636363636363636,0.3636363636363636,1.0,1.0,0.0625,,,0.125,,,0.1904761904761904,0.25,,,,1.0,,,,,,,,,,1.0,1.0,,0.5,0.5,1.0,,,False,,,,1.0,
1631103,1610612759,Malaki Branham,Malaki Branham,1631103,SAS,20261.0,338,-59.0,702,707,231.0,228,68,1409,9.0,27.0,21.0,22.0,54.0,5.0,19.0,37.0,74.0,27.0,66.0,22.0,177.0,810,4.0,7.0,17.0,15.0,7.0,25.0,43.0,34.0,75.0,6.0,54.0,22.0,5.0,21.0,11.0,32.0,8.0,15.0,5.0,75.0,15.0,17.0,34,37,9.0,7.0,2.0,13.0,4.0,9.0,16.0,29.0,8.0,17.0,2.0,18.0,27.0,1.0,2.0,,2.0,,43.0,230.0,0.4594594594594595,0.4594594594594595,0.925925925925926,0.4090909090909091,0.28,0.4090909090909091,0.5,0.5714285714285714,0.5535714285714286,0.7777777777777778,0.4625,0.5751633986928104,0.8,0.4772727272727273,0.4714285714285714,0.0675675675675675,0.074074074074074,23.415265200517464,0.4482758620689655,0.1011904761904761,0.0852272727272727,0.0930232558139534,0.1333333333333333,0.0983606557377049,0.03125,0.09375,0.0625,,0.1928571428571428,0.3333333333333333,0.36,0.4444444444444444,0.15,0.3857142857142857,0.4074074074074074,0.4150943396226415,0.9090909090909092,0.475,0.2631578947368421,0.6571428571428571,0.4074074074074074,0.5249170289855074,0.5136833333333333,0.5319013157894736,0.096045197740113,0.2429378531073446,8.032432432432435,25.41818181818181,0.329059829059829,20.0,26.0,3.0,3.0,5.0,6.0,12.0,8.0,6.0,40.0,,1.0,1.0,2.0,2.0,3.0,1.0,4.0,2.0,12.0,,1.0,13.0,1.0,,2.0,,,1.0,,0.5333333333333333,0.1153846153846153,0.0909090909090909,0.0130718954248366,0.0066666666666666,0.0099009900990099,,0.0344827586206896,0.0084033613445378,,0.0144927536231884,0.1857142857142857,0.7692307692307693,0.8695652173913043,0.45,0.0857142857142857,0.3333333333333333,1.0,0.15,0.8333333333333334,0.0855263157894736,0.1511627906976744,5.0,1.0,1.0,2.0,6.0,1.0,1.0,2.0,2.0,3.0,3.0,9.0,1.0,1.0,1.0,,1.0,,0.4166666666666667,0.4166666666666667,1.0,0.6666666666666666,0.1111111111111111,1.0,1.0,0.1111111111111111,1.0,1.0,0.15,0.3333333333333333,,,1.0,,,0.0151515151515151,0.0185185185185185,,,,,,,8.0,1.0,,0.3809523809523809,0.3809523809523809,0.5,,,False,,,,,
1629162,1610612759,Jordan McLaughlin,Jordan McLaughlin,1629162,SAS,4923.0,82,42.0,173,174,62.0,82,16,347,,1.0,1.0,6.0,10.0,4.0,5.0,3.0,4.0,7.0,11.0,5.0,32.0,190,,,,3.0,4.0,5.0,21.0,2.0,18.0,3.0,10.0,6.0,,11.0,7.0,18.0,6.0,8.0,3.0,43.0,1.0,2.0,4,4,3.0,1.0,2.0,1.0,1.0,1.0,1.0,2.0,2.0,3.0,,5.0,5.0,,,,,,21.0,62.0,0.3333333333333333,0.3333333333333333,0.8571428571428571,0.6363636363636364,0.8,0.6363636363636364,0.75,,0.9,,1.0,0.9411764705882352,,1.05,0.7333333333333333,,,10.052910052910054,0.5,0.0512820512820512,0.0238095238095238,0.037037037037037,0.0625,0.0714285714285714,,0.0357142857142857,,,0.0666666666666666,,,,0.0666666666666666,0.6666666666666666,0.6,0.6,0.8333333333333334,0.625,0.8,0.8666666666666667,0.6,0.5018124999999999,,0.46371,,0.65625,8.675,25.55454545454546,0.3583815028901734,2.0,2.0,,,2.0,2.0,1.0,2.0,5.0,4.0,,,,,1.0,,,,,,,1.0,1.0,2.0,,,,,,1.0,0.6666666666666666,,0.2,,,,,,,,,0.1333333333333333,1.0,1.0,0.5,0.0666666666666666,,,0.25,1.0,0.0666666666666666,0.25,1.0,,,,,,,,,,1.0,,,,,,,,1.0,1.0,1.0,,,,,,,,,,,,,1.0,,,,,,,,,,1.0,,,1.0,1.0,,,,False,,,,,
1629646,1610612759,Charles Bassey,Charles Bassey,1629646,SAS,17204.0,287,-124.0,608,614,177.0,185,68,1222,16.0,26.0,2.0,,,,,50.0,86.0,,,12.0,112.0,744,11.0,24.0,25.0,20.0,,,25.0,78.0,,,,,6.0,10.0,4.0,14.0,1.0,6.0,1.0,32.0,31.0,39.0,77,111,9.0,6.0,3.0,11.0,1.0,4.0,9.0,20.0,28.0,39.0,4.0,16.0,19.0,,19.0,6.0,19.0,14.0,25.0,176.0,0.78,0.9069767441860463,,,,,0.5813953488372093,0.4583333333333333,0.5813953488372093,0.4583333333333333,0.55,0.5957446808510638,0.4807692307692308,0.5434782608695652,,0.0697674418604651,,16.764705882352942,0.55,0.2867647058823529,0.1949685534591195,0.2372881355932203,0.2615384615384615,0.3,0.3333333333333333,0.1794871794871795,0.238095238095238,0.7368421052631579,0.3023255813953488,0.6153846153846154,0.6153846153846154,0.875,0.0232558139534883,,,,,,,0.6744186046511628,,0.5882279069767442,0.6103947368421053,0.5398750000000001,0.2232142857142857,0.2232142857142857,3.659302325581395,,0.2911184210526316,34.0,58.0,9.0,22.0,5.0,11.0,,11.0,3.0,22.0,14.0,3.0,10.0,24.0,7.0,34.0,4.0,7.0,1.0,6.0,5.0,3.0,9.0,2.0,,13.0,,2.0,1.0,2.0,0.55,0.1034482758620689,0.4666666666666667,0.1528662420382165,0.0787401574803149,0.1197183098591549,0.1594202898550724,0.1607142857142857,0.0792079207920792,0.0769230769230769,0.1333333333333333,0.6744186046511628,0.5862068965517241,0.6538461538461539,0.7352941176470589,,0.9166666666666666,0.4090909090909091,0.55,0.4545454545454545,0.0978260869565217,0.0978260869565217,,,,,,,,,,3.0,3.0,1.0,,2.0,1.0,,,0.125,,,,0.2222222222222222,,,,,,,,,,,,,,,,,,,,,,,,,,,,3.0,,False,,,,,
1631321,1610612759,Sidy Cissoko,Sidy Cissoko,1631321,SAS,3264.0,54,4.0,120,118,40.0,69,8,238,1.0,4.0,1.0,1.0,5.0,,1.0,6.0,11.0,3.0,7.0,1.0,22.0,106,1.0,1.0,2.0,3.0,,1.0,3.0,10.0,9.0,,5.0,1.0,2.0,3.0,3.0,6.0,2.0,3.0,,15.0,1.0,4.0,7,10,1.0,1.0,,1.0,1.0,1.0,1.0,2.0,4.0,6.0,,3.0,6.0,,,,,,3.0,40.0,0.8333333333333334,1.0,1.0,0.4285714285714285,,0.4285714285714285,0.5454545454545454,1.0,0.5833333333333334,1.0,0.25,0.55,1.0,0.25,0.3888888888888889,0.1818181818181818,0.25,17.05426356589147,0.5,0.1212121212121212,0.03125,0.0769230769230769,0.0769230769230769,,0.3333333333333333,0.0416666666666666,,,0.2222222222222222,0.25,0.3333333333333333,1.0,0.0555555555555555,0.2777777777777778,0.2,0.2,1.0,0.25,,0.7222222222222222,0.2,0.5328861111111112,0.5337,0.43915,0.0909090909090909,0.1363636363636363,4.527272727272727,25.41428571428571,0.3333333333333333,5.0,6.0,1.0,1.0,,1.0,2.0,1.0,1.0,2.0,2.0,,2.0,1.0,2.0,3.0,1.0,,,2.0,,,2.0,,,,,,,,0.3333333333333333,0.1666666666666666,0.4,0.0454545454545454,0.0869565217391304,0.0666666666666666,,0.0909090909090909,0.0476190476190476,0.5,0.1428571428571428,0.3333333333333333,0.8333333333333334,1.0,0.8,0.1111111111111111,1.0,1.0,0.25,,0.1,0.1538461538461538,2.0,,,,,,,,,,1.0,,,,,,,,1.0,1.0,1.0,,,,,,,,,,,,,,,,,,,,,,,,,,,,,,,False,,,,,
1630561,1610612759,David Duke Jr.,David Duke Jr.,1630561,SAS,1059.0,18,11.0,39,38,17.0,22,2,77,,3.0,,,1.0,,1.0,2.0,6.0,,1.0,1.0,5.0,38,,,,1.0,,1.0,,2.0,,,1.0,,,2.0,1.0,3.0,1.0,2.0,,7.0,2.0,1.0,3,3,,,,1.0,,1.0,,1.0,,1.0,,2.0,2.0,,,,,,,16.0,0.5,0.5,,,,,0.3333333333333333,,0.2857142857142857,,,0.3125,,,0.1428571428571428,,,22.5,1.0,0.1,0.1818181818181818,0.1428571428571428,0.5,,,0.2,,,0.4285714285714285,,,,,0.1428571428571428,,,,0.5,,0.5714285714285714,,0.52515,,0.502725,,,5.033333333333333,29.2,0.4358974358974359,2.0,3.0,,,,1.0,,,,2.0,,,,,,,,,,1.0,,,1.0,,,,,,1.0,,,,,,,,,,,,,0.4285714285714285,0.6666666666666666,0.6666666666666666,0.5,,,,0.5,,0.125,0.1428571428571428,,,,,,,,,,,,,,,,,,,,,,,,,,,,,,,,,,,,,,,,,,,,,,,,,,,,False,,,,,
1631127,1610612759,Harrison Ingram,Harrison Ingram,1631127,SAS,1035.0,17,16.0,37,37,17.0,23,2,74,,,1.0,,1.0,,1.0,1.0,2.0,,1.0,,2.0,34,1.0,1.0,2.0,,,1.0,,,,,1.0,,,,1.0,1.0,1.0,,,3.0,,4.0,4,5,1.0,1.0,,,,,,,1.0,2.0,,,,,,,,,,16.0,,,,,,,0.5,1.0,0.3333333333333333,1.0,,0.3333333333333333,1.0,,0.3333333333333333,,,7.692307692307692,,0.3076923076923077,,0.2,0.25,0.4285714285714285,,,,,,,,,0.3333333333333333,0.3333333333333333,,,,1.0,,0.6666666666666666,,0.4993999999999999,0.6455,0.5196,1.0,,10.85,25.5,0.4594594594594595,1.0,1.0,1.0,1.0,,,,,,2.0,2.0,,,1.0,,1.0,,,,,,,,,,,,,,,,,,0.1428571428571428,,0.1,,0.2,,,,0.3333333333333333,1.0,1.0,,,1.0,1.0,,,,,,,,,,,,,,,,,,,,,,,,,,,,,,,,,,,,,,,,,,,,,,,,,,,,,,,,False,,,,,
1642434,1610612759,Riley Minix,Riley Minix,1642434,SAS,405.0,7,,15,15,3.0,8,1,30,,,,,1.0,,,,,,1.0,,,14,,,,,,,,,,,1.0,,,,,,,,,,1.0,1.0,2,2,,,,,,,,,,,,,,,,,,,,3.0,,,,,,,,,,,,,,,1.0,,,6.25,,0.25,0.25,0.25,,0.3333333333333333,,0.25,,,,,,,,1.0,,,,,,1.0,,0.483,,,,,,30.4,0.2,,,,,,,,,,,,,,,,,,,,,,,,,,,,,,,,,,,,,,,,,,,,,,,,,,,,,,,,,,,,,,,,,,,,,,,,,,,,,,,,,,,,,,,,,,,,,,,,,,,,,,,,False,,,,,
1628366,1610612741,Lonzo Ball,Lonzo Ball,1628366,CHI,949.0,16,10.0,28,29,,2,4,57,,,,,1.0,,,,,,1.0,,,33,,,,,,,,,,,1.0,,,1.0,1.0,2.0,,1.0,,5.0,1.0,,1,3,2.0,1.0,1.0,,,,,,,,,,,,1.0,1.0,1.0,,,,,,,,,,,,,,,,,,1.0,,,2.857142857142857,,,0.14285714285714285,0.08333333333333333,,,,0.2,,,,,,,,1.0,,,,,,1.0,,0.4917,0.4917,,,,,29.5,,,,,,,,,,,,,,1.0,1.0,,2.0,,,,,,,,,,,,,,,,,,0.125,0.25,0.16666666666666666,,,0.25,,,,,,,,,,,,,,,,,,,,1.0,,1.0,,1.0,,,,,,,1.0,,,,,,,,1.0,,,,,,,,,,,,,,,,,,,,,,,,,,True,,,,,
1628380,1610612741,Zach Collins,Zach Collins,1628380,CHI,11736.0,196,-33.0,401,398,38.0,59,52,799,8.0,15.0,,5.0,20.0,,2.0,30.0,46.0,6.0,25.0,12.0,90.0,485,9.0,15.0,19.0,2.0,,2.0,,44.0,18.0,,20.0,5.0,2.0,10.0,8.0,18.0,7.0,6.0,4.0,44.0,18.0,22.0,42,69,6.0,3.0,3.0,7.0,1.0,5.0,4.0,11.0,18.0,27.0,4.0,17.0,15.0,,4.0,4.0,4.0,1.0,,36.0,0.7333333333333333,0.9565217391304348,1.0,0.24,,0.24,0.6521739130434783,0.6,0.5492957746478874,0.5625,,0.5769230769230769,0.59375,,0.352112676056338,0.043478260869565216,0.06666666666666667,19.139784946236556,0.6363636363636364,0.23655913978494625,0.1836734693877551,0.2094240837696335,0.2222222222222222,0.23076923076923078,0.2857142857142857,0.21428571428571427,0.10714285714285714,0.25,0.2112676056338028,0.5333333333333333,0.5714285714285714,0.75,,0.28169014084507044,0.25,0.25,1.0,0.5,,0.7887323943661971,0.25,0.5824774647887324,0.60120625,0.6093,0.2111111111111111,,3.0869565217391313,25.22,0.09476309226932668,22.0,31.0,7.0,13.0,,2.0,5.0,,,16.0,14.0,,5.0,22.0,2.0,27.0,5.0,2.0,1.0,2.0,2.0,1.0,8.0,,,,,,1.0,,,0.03225806451612903,0.2,0.18803418803418803,0.049019607843137254,0.1232876712328767,0.21428571428571427,0.16981132075471697,0.06172839506172839,,0.15151515151515152,0.43661971830985913,0.7096774193548387,0.7333333333333333,0.7272727272727273,0.07042253521126761,0.8125,0.5384615384615384,0.5,,0.10256410256410256,0.1509433962264151,1.0,,,,,,1.0,,1.0,1.0,1.0,,,,3.0,1.0,,0.125,0.2,0.2,1.0,0.14285714285714285,,,,0.0625,,,,,,,,1.0,,,,,,,,,,,,,,,,,,True,,,,,
1628989,1610612741,Kevin Huerter,Kevin Huerter,1628989,CHI,15600.0,260,36.0,548,544,114.0,117,51,1092,9.0,19.0,5.0,19.0,55.0,3.0,10.0,21.0,40.0,28.0,70.0,10.0,136.0,637,2.0,3.0,9.0,10.0,6.0,16.0,37.0,30.0,75.0,9.0,54.0,19.0,4.0,14.0,9.0,23.0,7.0,11.0,2.0,55.0,11.0,11.0,24,27,13.0,10.0,3.0,6.0,2.0,4.0,4.0,10.0,13.0,22.0,1.0,11.0,13.0,,4.0,2.0,4.0,3.0,37.0,112.0,0.7142857142857143,0.75,0.8928571428571429,0.4,0.375,0.4057971014492754,0.525,0.6666666666666666,0.5727272727272728,0.2916666666666667,0.6153846153846154,0.591304347826087,0.34615384615384615,0.6379310344827587,0.6363636363636364,0.1,0.15789473684210525,20.491803278688526,0.6,0.07482993197278912,0.08461538461538462,0.07942238267148015,0.057692307692307696,0.08823529411764706,0.07407407407407407,0.09090909090909091,0.06451612903225806,0.75,0.17272727272727273,0.47368421052631576,0.5625,0.6666666666666666,0.045454545454545456,0.5,0.34545454545454546,0.35185185185185186,0.8947368421052632,0.38461538461538464,0.3,0.7818181818181819,0.35185185185185186,0.5334711009174313,0.49155000000000004,0.5291788461538461,0.0661764705882353,0.27205882352941174,6.764999999999998,25.914285714285715,0.20802919708029197,12.0,16.0,1.0,2.0,2.0,3.0,15.0,7.0,5.0,12.0,2.0,1.0,1.0,2.0,2.0,3.0,1.0,2.0,,4.0,,2.0,5.0,1.0,,2.0,,,,1.0,0.7,0.0625,0.2,0.017391304347826087,0.007407407407407408,0.012,0.022727272727272728,0.01639344262295082,0.00980392156862745,,0.018518518518518517,0.14545454545454545,0.75,0.8,0.75,0.13636363636363635,0.16666666666666666,0.5,0.11538461538461539,0.6666666666666666,0.05263157894736842,0.11627906976744186,9.0,1.0,2.0,3.0,6.0,,7.0,1.0,9.0,2.0,2.0,1.0,,1.0,1.0,,0.1111111111111111,,0.6,0.6,0.8888888888888888,,0.16666666666666666,0.5,1.0,0.5833333333333334,,,0.23076923076923078,0.5,,1.0,1.0,1.0,,0.014285714285714285,0.01818181818181818,,,1.0,,,0.014084507042253521,,,1.0,,,,,,True,,,,,
1630200,1610612741,Tre Jones,Tre Jones,1630200,CHI,27288.0,455,-41.0,956,955,165.0,211,101,1911,26.0,54.0,7.0,4.0,10.0,3.0,3.0,72.0,123.0,11.0,22.0,30.0,207.0,1154,6.0,13.0,22.0,20.0,4.0,5.0,43.0,76.0,33.0,,10.0,4.0,14.0,44.0,44.0,88.0,31.0,27.0,14.0,220.0,27.0,14.0,42,58,19.0,12.0,7.0,7.0,,3.0,7.0,14.0,9.0,22.0,1.0,34.0,34.0,,5.0,2.0,5.0,2.0,42.0,163.0,0.5277777777777778,0.5352112676056338,1.0,0.5,0.8,0.5,0.5853658536585366,0.46153846153846156,0.6103448275862069,0.6,0.72,0.646875,0.6111111111111112,0.7413793103448276,0.15172413793103448,0.11382113821138211,0.09259259259259259,16.14100185528757,0.5,0.060085836909871244,0.12272727272727273,0.09050772626931568,0.023529411764705882,0.05309734513274336,0.17142857142857143,0.10119047619047619,0.19230769230769232,0.4,0.3724137931034483,0.48148148148148145,0.5306122448979592,0.5769230769230769,0.04827586206896552,0.06896551724137931,0.4,0.4,1.0,0.12,1.0,0.5793103448275863,0.4,0.5431606896551724,0.5355166666666666,0.533146,0.10628019323671498,0.20772946859903382,5.202439024390243,24.263636363636362,0.17259414225941422,43.0,62.0,4.0,5.0,6.0,9.0,12.0,12.0,7.0,68.0,2.0,3.0,9.0,7.0,1.0,16.0,3.0,4.0,,3.0,2.0,4.0,16.0,3.0,,3.0,,,1.0,2.0,0.6,0.14516129032258066,0.041666666666666664,0.03139013452914798,0.03829787234042553,0.034934497816593885,0.00980392156862745,0.05714285714285714,0.03314917127071823,0.05555555555555555,0.06382978723404255,0.42758620689655175,0.6935483870967742,0.8113207547169812,0.4883720930232558,0.08275862068965517,0.3333333333333333,0.8,0.36,0.6666666666666666,0.10191082802547771,0.11851851851851852,7.0,1.0,1.0,1.0,2.0,1.0,1.0,2.0,2.0,4.0,13.0,4.0,1.0,,,,1.0,,0.5833333333333334,0.5833333333333334,1.0,0.25,0.06666666666666667,1.0,1.0,0.06666666666666667,1.0,1.0,0.08,0.5,,,,4.0,,,,,,,,,,3.0,,,0.42857142857142855,0.42857142857142855,0.6666666666666666,,,True,,,,2.0,
1630581,1610612741,Josh Giddey,Josh Giddey,1630581,CHI,10147.0,169,18.0,347,348,49.0,80,46,695,12.0,21.0,1.0,9.0,17.0,1.0,4.0,31.0,54.0,10.0,23.0,25.0,117.0,418,4.0,7.0,17.0,7.0,1.0,5.0,14.0,26.0,27.0,3.0,17.0,9.0,6.0,30.0,11.0,41.0,8.0,21.0,8.0,93.0,13.0,15.0,32,45,3.0,3.0,,8.0,3.0,7.0,4.0,12.0,5.0,10.0,2.0,19.0,31.0,,5.0,2.0,6.0,2.0,14.0,49.0,0.41935483870967744,0.4482758620689655,0.9,0.43478260869565216,0.2,0.43478260869565216,0.5740740740740741,0.5714285714285714,0.5974025974025974,0.5384615384615384,0.4583333333333333,0.6428571428571429,0.5666666666666667,0.5,0.2987012987012987,0.1111111111111111,0.09523809523809523,25.621890547263686,0.6666666666666666,0.16483516483516483,0.16883116883116883,0.16666666666666666,0.08571428571428572,0.21951219512195122,0.2,0.14035087719298245,0.25,0.3333333333333333,0.2727272727272727,0.5714285714285714,0.631578947368421,0.4166666666666667,0.012987012987012988,0.22077922077922077,0.5294117647058824,0.5294117647058824,0.8888888888888888,0.3333333333333333,0.25,0.7142857142857143,0.5294117647058824,0.5688512987012988,0.5833642857142857,0.5915,0.1452991452991453,0.11965811965811966,4.2592592592592595,25.460869565217386,0.14121037463976946,19.0,32.0,4.0,7.0,3.0,6.0,6.0,4.0,3.0,36.0,4.0,1.0,8.0,5.0,4.0,13.0,2.0,1.0,1.0,1.0,,3.0,16.0,1.0,1.0,3.0,,,,,0.5714285714285714,0.09375,0.4444444444444444,0.0625,0.1038961038961039,0.08280254777070063,,0.14705882352941177,0.0967741935483871,0.13333333333333333,0.06666666666666667,0.4155844155844156,0.59375,0.6551724137931034,0.42105263157894735,0.07792207792207792,0.5384615384615384,0.5714285714285714,0.5,0.5,0.17777777777777778,0.23880597014925373,1.0,1.0,3.0,,1.0,1.0,3.0,2.0,6.0,3.0,3.0,,1.0,,1.0,,0.3333333333333333,,0.16666666666666666,0.16666666666666666,1.0,0.25,0.23076923076923078,0.3333333333333333,1.0,0.23076923076923078,0.3333333333333333,1.0,0.08333333333333333,,,,,,,,,,,,1.0,,,,,,,,,,,True,1.0,,,,
1629632,1610612741,Coby White,Coby White,1629632,CHI,16852.0,281,-59.0,589,588,105.0,161,60,1177,16.0,30.0,6.0,23.0,61.0,2.0,7.0,43.0,77.0,27.0,73.0,34.0,201.0,728,1.0,1.0,9.0,17.0,2.0,8.0,32.0,34.0,51.0,30.0,61.0,23.0,9.0,15.0,17.0,32.0,9.0,7.0,7.0,81.0,22.0,13.0,35,37,4.0,3.0,1.0,14.0,3.0,6.0,7.0,21.0,4.0,13.0,1.0,35.0,36.0,,2.0,1.0,2.0,,32.0,103.0,0.3953488372093023,0.3953488372093023,0.6296296296296297,0.3698630136986301,0.25,0.3698630136986301,0.5584415584415584,1.0,0.5566666666666666,0.5,0.44,0.6128048780487805,0.5,0.5333333333333333,0.4866666666666667,0.11688311688311688,0.13333333333333333,27.83661119515885,0.6666666666666666,0.09352517985611511,0.16793893129770993,0.12962962962962962,0.0851063829787234,0.09722222222222222,0.1,0.14285714285714285,0.24242424242424243,,0.2,0.5333333333333333,0.6153846153846154,0.1875,0.04,0.4066666666666667,0.3770491803278688,0.3770491803278688,0.5652173913043478,0.28,0.2857142857142857,0.76,0.3770491803278688,0.5387846666666667,0.5815,0.545504,0.04477611940298507,0.15920398009950248,5.55064935064935,26.36438356164384,0.17826825127334464,24.0,41.0,1.0,1.0,7.0,10.0,12.0,8.0,10.0,52.0,,1.0,2.0,,,2.0,1.0,8.0,1.0,5.0,1.0,8.0,17.0,5.0,,1.0,,,3.0,4.0,0.47058823529411764,0.12195121951219512,,,0.012658227848101266,0.006944444444444444,,,,0.044444444444444446,0.014492753623188406,0.2733333333333333,0.5853658536585366,0.6666666666666666,0.5416666666666666,0.08,0.125,1.0,0.4,0.7,0.11320754716981132,0.19767441860465115,4.0,1.0,2.0,,1.0,1.0,5.0,2.0,7.0,1.0,8.0,1.0,,1.0,1.0,,0.2857142857142857,,0.3333333333333333,0.3333333333333333,1.0,1.0,0.25,0.5,1.0,0.625,0.2,1.0,0.04,,,,,2.0,,,,,1.0,1.0,,,0.0136986301369863,3.0,1.0,,0.5,0.5,0.3333333333333333,,,True,,,,,
1631207,1610612741,Dalen Terry,Dalen Terry,1631207,CHI,4456.0,74,-29.0,164,163,28.0,19,15,327,5.0,9.0,,1.0,7.0,,2.0,7.0,18.0,1.0,8.0,6.0,23.0,200,1.0,2.0,2.0,2.0,,2.0,7.0,14.0,3.0,,7.0,1.0,5.0,3.0,2.0,5.0,1.0,2.0,1.0,12.0,5.0,3.0,8,10,4.0,1.0,3.0,5.0,,3.0,1.0,6.0,9.0,10.0,,5.0,9.0,,,,,,7.0,28.0,1.0,1.0,1.0,0.125,,0.125,0.3888888888888889,0.5,0.3269230769230769,0.3333333333333333,0.5,0.38333333333333336,0.3333333333333333,0.5833333333333334,0.3076923076923077,0.2777777777777778,0.1111111111111111,20.0,0.8333333333333334,0.08571428571428572,0.1282051282051282,0.10810810810810811,0.14285714285714285,0.0625,,0.14285714285714285,,,0.34615384615384615,0.5555555555555556,0.625,1.0,,0.2692307692307692,0.14285714285714285,0.14285714285714285,1.0,0.5,,0.6538461538461539,0.14285714285714285,0.5268442307692308,0.5407333333333334,0.40658750000000005,0.08695652173913043,0.30434782608695654,4.3500000000000005,25.6875,0.17073170731707318,2.0,9.0,,1.0,1.0,1.0,1.0,2.0,3.0,,,,1.0,,,2.0,,2.0,,,,1.0,5.0,,,,,,1.0,,1.0,0.4444444444444444,,,0.03225806451612903,0.013157894736842105,,,0.041666666666666664,,,0.34615384615384615,0.2222222222222222,0.4,1.0,0.038461538461538464,0.3333333333333333,,0.25,1.0,0.16666666666666666,0.22727272727272727,,,1.0,,,,,,1.0,,1.0,,1.0,,,,,,,,,,0.3333333333333333,,,,,,,,,,,,,,,1.0,,,,0.25,,,,,,,,,,True,,,,,
1641824,1610612741,Matas Buzelis,Matas Buzelis,1641824,CHI,14735.0,246,-76.0,513,517,48.0,90,55,1030,4.0,14.0,2.0,6.0,29.0,2.0,4.0,31.0,55.0,11.0,45.0,11.0,106.0,638,3.0,7.0,9.0,4.0,2.0,5.0,12.0,46.0,33.0,,29.0,6.0,6.0,12.0,4.0,16.0,4.0,7.0,5.0,36.0,14.0,13.0,30,38,1.0,1.0,,5.0,2.0,1.0,6.0,11.0,20.0,25.0,1.0,14.0,12.0,,7.0,2.0,7.0,3.0,12.0,48.0,0.7419354838709677,0.7931034482758621,1.0,0.24444444444444444,0.4,0.24444444444444444,0.5636363636363636,0.42857142857142855,0.475,0.5,0.6666666666666666,0.5096153846153846,0.5,0.6666666666666666,0.45,0.10909090909090909,0.14285714285714285,19.96527777777778,0.45454545454545453,0.1015625,0.1206896551724138,0.11065573770491803,0.09302325581395349,0.12903225806451613,0.043478260869565216,0.1348314606741573,0.07407407407407407,0.42857142857142855,0.14,0.2857142857142857,0.3333333333333333,1.0,0.02,0.29,0.20689655172413793,0.20689655172413793,1.0,0.4444444444444444,0.5,0.84,0.20689655172413793,0.5795935,0.5660333333333334,0.5525222222222221,0.08490566037735849,0.11320754716981132,3.649090909090908,24.755555555555556,0.0935672514619883,25.0,39.0,3.0,7.0,2.0,3.0,16.0,3.0,,16.0,4.0,,5.0,3.0,3.0,8.0,3.0,4.0,1.0,1.0,,2.0,6.0,,,4.0,,,1.0,,0.75,0.10256410256410256,0.21428571428571427,0.024793388429752067,0.03759398496240601,0.031496062992125984,0.017241379310344827,0.03508771929824561,0.028846153846153848,0.06896551724137931,0.058823529411764705,0.39,0.6410256410256411,0.7142857142857143,0.72,0.16,0.7777777777777778,0.42857142857142855,0.3333333333333333,0.6666666666666666,0.057692307692307696,0.1016949152542373,5.0,,,,1.0,1.0,2.0,1.0,2.0,,,2.0,,2.0,,,0.5,,0.3125,0.3125,1.0,0.3333333333333333,,,,0.2222222222222222,0.5,1.0,0.1111111111111111,,,,,2.0,1.0,,,,,,,,,2.0,,,1.0,1.0,0.5,,,True,,,,,
202696,1610612741,Nikola Vučević,Nikola Vučević,202696,CHI,9122.0,152,-17.0,325,329,63.0,82,24,654,10.0,26.0,5.0,11.0,24.0,2.0,2.0,19.0,42.0,13.0,26.0,7.0,84.0,396,5.0,7.0,12.0,10.0,3.0,3.0,19.0,24.0,39.0,,24.0,11.0,3.0,10.0,8.0,18.0,3.0,7.0,3.0,44.0,13.0,19.0,35,44,1.0,1.0,,4.0,2.0,4.0,5.0,9.0,8.0,12.0,,9.0,10.0,,4.0,1.0,4.0,2.0,19.0,63.0,0.631578947368421,0.7058823529411765,1.0,0.5,1.0,0.5,0.4523809523809524,0.7142857142857143,0.5661764705882353,0.5555555555555556,0.6538461538461539,0.5753424657534246,0.6,0.6785714285714286,0.38235294117647056,0.07142857142857142,0.038461538461538464,23.098591549295776,0.4444444444444444,0.2375,0.19402985074626866,0.21768707482993196,0.3448275862068966,0.2571428571428571,,0.16666666666666666,0.3076923076923077,0.5,0.38235294117647056,0.38461538461538464,0.4,0.6,0.07352941176470588,0.35294117647058826,0.4583333333333333,0.4583333333333333,1.0,0.15384615384615385,1.0,0.5441176470588235,0.4583333333333333,0.5083529411764706,0.5691625,0.49956923076923077,0.14285714285714285,0.2261904761904762,7.300000000000001,25.800000000000008,0.19384615384615383,7.0,11.0,3.0,3.0,1.0,2.0,2.0,4.0,2.0,14.0,4.0,,4.0,5.0,3.0,9.0,1.0,,2.0,,1.0,,4.0,1.0,,3.0,,,,2.0,0.4,0.09090909090909091,0.375,0.07246376811594203,0.05555555555555555,0.06382978723404255,0.07142857142857142,0.08333333333333333,0.05357142857142857,0.0625,0.030303030303030304,0.16176470588235295,0.6363636363636364,0.7,0.5714285714285714,0.029411764705882353,0.3333333333333333,1.0,0.15384615384615385,0.5,0.05555555555555555,0.08695652173913043,2.0,,,1.0,1.0,,2.0,,2.0,2.0,5.0,,1.0,1.0,2.0,,,,1.0,1.0,1.0,,,,,0.2222222222222222,,,0.07692307692307693,1.0,,,,,,,,,,,,,,2.0,,,0.4,0.5,1.0,,,True,0.2,,,,
1628975,1610612741,Jevon Carter,Jevon Carter,1628975,CHI,1060.0,18,-18.0,42,41,17.0,13,2,83,,,,2.0,8.0,,3.0,,,2.0,9.0,2.0,8.0,52,,,,,,4.0,,,6.0,,8.0,2.0,,2.0,1.0,3.0,1.0,2.0,,7.0,,1.0,1,1,1.0,1.0,,,,,,,1.0,1.0,,1.0,2.0,,1.0,1.0,1.0,1.0,,17.0,,,1.0,0.2222222222222222,,0.2222222222222222,,,0.3333333333333333,,,0.4,,,1.0,,,22.727272727272727,,0.14285714285714285,,0.05,,0.16666666666666666,,,,1.0,,,,,,0.8888888888888888,0.25,0.25,1.0,0.75,,1.0,0.25,0.5623499999999999,0.44055,0.5191125,,,,25.477777777777778,0.40476190476190477,,,,,,,1.0,,,,,,,,,,,,,,,,1.0,,,,,,,,,,,,,,,,,,,,,,,0.1111111111111111,,,,,0.1,1.0,,,,,1.0,,1.0,,1.0,,,,,,,,,,,,,,,,,1.0,,,0.25,,,,1.0,,,0.1111111111111111,,,,,,,,,,,,,,,1.0,True,,,,,
1629659,1610612741,Talen Horton-Tucker,Talen Horton-Tucker,1629659,CHI,2925.0,49,-33.0,105,106,11.0,12,9,211,,1.0,,,6.0,,3.0,5.0,10.0,1.0,8.0,1.0,14.0,146,,,,2.0,,3.0,2.0,4.0,3.0,,6.0,,,3.0,3.0,6.0,2.0,2.0,1.0,15.0,5.0,2.0,8,8,1.0,1.0,,2.0,1.0,1.0,3.0,5.0,4.0,5.0,1.0,2.0,2.0,,2.0,1.0,2.0,2.0,2.0,11.0,0.4,0.4,1.0,0.125,,0.125,0.5,,0.3611111111111111,,0.2,0.3684210526315789,,0.2,0.4444444444444444,,,20.869565217391305,0.4,0.1111111111111111,0.16666666666666666,0.14583333333333334,0.3333333333333333,,,0.18181818181818182,0.125,1.0,0.05555555555555555,,,,,0.3333333333333333,,,,0.6,,0.9444444444444444,,0.6333694444444444,,0.5410299999999999,,0.14285714285714285,2.0,25.5,0.10476190476190476,5.0,9.0,,,1.0,1.0,2.0,1.0,,6.0,,,,,1.0,,,1.0,,,,,1.0,,,1.0,,,,,0.5,,0.3333333333333333,,,,,,,,,0.5,0.5555555555555556,0.5555555555555556,0.4,0.1111111111111111,,,0.2,1.0,0.05263157894736842,0.09090909090909091,1.0,,,,,,,,,,1.0,,,2.0,,,,,0.5,0.5,1.0,,,,,,,,,,,,,,,,,,,,,,,,,,,,,,,True,,,,,
1630172,1610612741,Patrick Williams,Patrick Williams,1630172,CHI,6171.0,103,-8.0,219,213,68.0,57,25,432,3.0,9.0,1.0,3.0,11.0,1.0,3.0,4.0,12.0,5.0,13.0,4.0,27.0,263,,,1.0,4.0,1.0,3.0,11.0,2.0,15.0,,11.0,3.0,1.0,3.0,2.0,5.0,1.0,2.0,1.0,12.0,7.0,1.0,10,11,3.0,3.0,,3.0,,2.0,2.0,5.0,3.0,12.0,1.0,6.0,6.0,,1.0,,1.0,1.0,11.0,68.0,0.25,0.25,1.0,0.38461538461538464,0.3333333333333333,0.38461538461538464,0.3333333333333333,,0.46,,0.5,0.48214285714285715,0.125,0.55,0.52,0.08333333333333333,0.1111111111111111,13.2,0.6,0.02127659574468085,0.14,0.08247422680412371,0.045454545454545456,,,0.17142857142857143,0.06666666666666667,1.0,0.36,0.3333333333333333,0.375,,0.04,0.44,0.2727272727272727,0.2727272727272727,1.0,0.42857142857142855,0.3333333333333333,0.6,0.2727272727272727,0.482876,0.56385,0.46281428571428573,0.037037037037037035,0.4074074074074074,6.583333333333333,26.846153846153847,0.3105022831050228,1.0,2.0,,,,,2.0,2.0,4.0,6.0,,,,1.0,2.0,1.0,,1.0,,1.0,,,2.0,1.0,,1.0,,,3.0,1.0,0.5,,0.2857142857142857,0.016666666666666666,,0.009615384615384616,,0.03333333333333333,,,,0.08,0.5,0.5,1.0,0.08,,,,,0.07407407407407407,0.14285714285714285,2.0,,,,,,3.0,,3.0,1.0,1.0,1.0,,1.0,1.0,,,,1.0,1.0,1.0,,,,,1.0,,,,,,,,,,,,,,,,,,,,,,,,1.0,,True,,,,,
1641763,1610612741,Julian Phillips,Julian Phillips,1641763,CHI,9025.0,150,26.0,313,319,58.0,86,35,632,2.0,3.0,,3.0,9.0,,1.0,7.0,14.0,9.0,22.0,10.0,51.0,370,3.0,5.0,8.0,2.0,1.0,3.0,9.0,8.0,27.0,,9.0,3.0,3.0,4.0,3.0,7.0,3.0,,4.0,17.0,5.0,8.0,14,21,5.0,3.0,2.0,1.0,,,2.0,3.0,9.0,13.0,1.0,10.0,10.0,,2.0,1.0,3.0,2.0,7.0,56.0,0.5714285714285714,1.0,1.0,0.4090909090909091,0.3333333333333333,0.4090909090909091,0.5,0.6,0.5694444444444444,0.42857142857142855,0.7,0.6219512195121951,0.5,0.75,0.6111111111111112,0.21428571428571427,,12.18836565096953,0.3333333333333333,0.11428571428571428,0.06756756756756757,0.09027777777777778,0.2222222222222222,0.05555555555555555,,0.08064516129032258,,0.6666666666666666,0.08333333333333333,0.6666666666666666,0.6666666666666666,1.0,,0.25,0.3333333333333333,0.3333333333333333,1.0,0.2,,0.9166666666666666,0.3333333333333333,0.5628472222222222,0.5339833333333334,0.54456,0.1568627450980392,0.17647058823529413,2.557142857142857,24.513636363636362,0.1853035143769968,5.0,11.0,3.0,5.0,1.0,1.0,13.0,2.0,2.0,6.0,6.0,,2.0,5.0,1.0,7.0,2.0,1.0,,,,,4.0,1.0,1.0,1.0,,,1.0,,1.0,0.2727272727272727,0.16666666666666666,0.07042253521126761,0.025974025974025976,0.0472972972972973,0.11764705882352941,0.03225806451612903,0.017543859649122806,0.05,0.11764705882352941,0.3055555555555556,0.45454545454545453,0.625,0.4,0.3611111111111111,0.7142857142857143,0.6,0.2,1.0,0.1,0.2222222222222222,6.0,,,1.0,2.0,,2.0,,2.0,2.0,,1.0,,,,1.0,,,0.46153846153846156,0.46153846153846156,1.0,,,,,0.2857142857142857,,,0.4,0.5,,,,1.0,,,,,,,1.0,,,,,,,,,,,True,,,,,
1630245,1610612741,Ayo Dosunmu,Ayo Dosunmu,1630245,CHI,1553.0,26,-5.0,57,56,12.0,20,4,113,1.0,1.0,,,2.0,,,6.0,9.0,,3.0,6.0,18.0,62,,1.0,,3.0,,,4.0,4.0,,,2.0,,,2.0,2.0,4.0,1.0,2.0,,10.0,,1.0,1,1,4.0,3.0,1.0,,1.0,,1.0,1.0,,2.0,1.0,5.0,8.0,,,,,,4.0,12.0,0.3333333333333333,0.3333333333333333,,,,,0.6666666666666666,,0.5,,0.6666666666666666,0.6,,0.6666666666666666,0.25,,,26.229508196721312,,0.045454545454545456,,0.034482758620689655,0.08333333333333333,,,,,,0.08333333333333333,1.0,1.0,,,0.16666666666666666,,,,,,0.9166666666666666,,0.6598166666666667,0.586525,0.7823666666666668,,0.2222222222222222,2.2888888888888888,25.0,0.21052631578947367,5.0,8.0,,1.0,2.0,3.0,1.0,2.0,,8.0,,,,,,,,,,,,2.0,5.0,,,,,,,,0.6666666666666666,,,,,,,,,,,0.6666666666666666,0.625,0.625,0.4,0.08333333333333333,0.5,,1.0,0.6666666666666666,0.3333333333333333,0.4166666666666667,,,1.0,,,,,,1.0,,1.0,,,,,,,,,,,,0.5,,,,,,,,,,,,,,,,,,,,,,,,,,,,,True,,,,,
1630188,1610612741,Jalen Smith,Jalen Smith,1630188,CHI,4821.0,80,24.0,173,169,49.0,46,22,342,,1.0,,6.0,20.0,1.0,4.0,5.0,7.0,6.0,25.0,3.0,31.0,188,1.0,2.0,2.0,1.0,1.0,5.0,3.0,8.0,18.0,,20.0,6.0,,7.0,1.0,8.0,1.0,5.0,2.0,17.0,10.0,12.0,24,30,2.0,2.0,,1.0,,,1.0,2.0,4.0,6.0,,2.0,4.0,,3.0,1.0,3.0,2.0,3.0,49.0,0.8,1.0,1.0,0.24,0.2,0.24,0.7142857142857143,0.5,0.4375,0.3333333333333333,0.25,0.45588235294117646,0.3333333333333333,0.25,0.78125,,,18.274111675126903,0.5,0.24,0.24390243902439024,0.24175824175824176,0.08695652173913043,0.36,0.5,0.1935483870967742,0.4,0.6666666666666666,0.03125,,,,,0.625,0.3,0.3,1.0,0.6666666666666666,0.25,0.96875,0.3,0.5575359375000001,0.54515,0.5041333333333333,0.06451612903225806,0.0967741935483871,1.9285714285714286,25.164000000000005,0.2832369942196532,5.0,6.0,1.0,1.0,,,5.0,,,2.0,2.0,,2.0,4.0,2.0,6.0,,1.0,,1.0,,,2.0,,,2.0,,,,,,,0.3333333333333333,0.13793103448275862,0.041666666666666664,0.07792207792207792,0.21428571428571427,0.08333333333333333,0.029411764705882353,0.07142857142857142,,0.1875,0.8333333333333334,0.8333333333333334,0.8,0.15625,0.3333333333333333,1.0,,,0.058823529411764705,0.2222222222222222,,,1.0,,1.0,,,,1.0,,,,,,,,,,,,,,0.3333333333333333,,,,,,0.16666666666666666,,,,,,,,,,,,,,,,1.0,,,,,,,True,,,,,
1628366,1610612741,Lonzo Ball,Lonzo Ball,1628366,CHI,45672.0,761,90.0,1634,1638,271.0,356,169,3272,7.0,17.0,11.0,50.0,150.0,3.0,23.0,22.0,48.0,67.0,194.0,22.0,267.0,1810,,3.0,30.0,5.0,5.0,31.0,27.0,24.0,177.0,24.0,146.0,50.0,2.0,63.0,50.0,113.0,29.0,38.0,21.0,276.0,42.0,49.0,92,115,45.0,26.0,19.0,27.0,9.0,25.0,14.0,41.0,30.0,55.0,1.0,18.0,27.0,,16.0,8.0,16.0,7.0,25.0,267.0,0.5454545454545454,0.5454545454545454,0.8805970149253731,0.34536082474226804,0.16129032258064516,0.3526315789473684,0.4583333333333333,,0.506198347107438,0.5869565217391305,0.2361111111111111,0.5276679841897233,0.625,0.32142857142857145,0.8016528925619835,0.041666666666666664,,15.995647442872688,0.6585365853658537,0.12436548223350254,0.0995260663507109,0.11151960784313726,0.13432835820895522,0.13131313131313133,0.08064516129032258,0.08682634730538923,0.14772727272727273,0.4375,0.07024793388429752,0.4117647058823529,0.4117647058823529,0.42857142857142855,0.045454545454545456,0.6198347107438017,0.3333333333333333,0.33557046979865773,0.84,0.6388888888888888,0.13043478260869565,0.8842975206611571,0.3424657534246575,0.551803813559322,0.5639115384615384,0.5277765624999999,0.11235955056179775,0.10112359550561797,7.956250000000001,26.638144329896903,0.16585067319461444,11.0,20.0,,3.0,,1.0,44.0,1.0,10.0,20.0,,4.0,13.0,10.0,1.0,23.0,3.0,2.0,3.0,4.0,1.0,1.0,2.0,6.0,,8.0,,,4.0,4.0,0.2,0.1,0.030303030303030304,0.02865329512893983,0.02927927927927928,0.029003783102143757,0.034722222222222224,0.02054794520547945,0.023809523809523808,0.046296296296296294,0.02112676056338028,0.08264462809917356,0.55,0.6111111111111112,0.5454545454545454,0.18181818181818182,0.13043478260869565,,0.027777777777777776,,0.024291497975708502,0.04081632653061224,17.0,3.0,5.0,2.0,8.0,6.0,15.0,9.0,20.0,3.0,21.0,1.0,,1.0,1.0,,0.45,0.03389830508474576,0.38636363636363635,0.3953488372093023,1.0,,0.21739130434782608,0.6,1.0,0.6521739130434783,0.4,1.0,0.2222222222222222,0.25,,4.0,2.0,2.0,,0.010309278350515464,0.006666666666666667,,,4.0,,,0.020202020202020204,4.0,2.0,,0.36363636363636365,0.36363636363636365,0.75,,0.022727272727272728,False,,,,,
1628380,1610612741,Zach Collins,Zach Collins,1628380,CHI,16158.0,269,86.0,578,584,149.0,104,67,1162,11.0,18.0,1.0,8.0,20.0,1.0,4.0,34.0,46.0,10.0,26.0,20.0,118.0,588,7.0,7.0,23.0,12.0,1.0,4.0,26.0,58.0,30.0,,20.0,8.0,3.0,14.0,17.0,31.0,13.0,11.0,2.0,79.0,22.0,32.0,59,85,8.0,3.0,5.0,10.0,1.0,5.0,8.0,18.0,18.0,26.0,1.0,27.0,22.0,,9.0,2.0,9.0,6.0,26.0,149.0,0.8529411764705882,1.0,1.0,0.38461538461538464,0.25,0.38461538461538464,0.7391304347826086,1.0,0.6805555555555556,0.85,0.65625,0.7195121951219512,0.8846153846153846,0.6842105263157895,0.3611111111111111,0.06521739130434782,0.16666666666666666,15.337423312883436,0.5555555555555556,0.2222222222222222,0.14666666666666667,0.1836734693877551,0.2,0.26865671641791045,0.11764705882352941,0.16666666666666666,0.06666666666666667,0.6666666666666666,0.25,0.6111111111111112,0.7333333333333333,1.0,0.013888888888888888,0.2777777777777778,0.4,0.4,1.0,0.25,0.25,0.7361111111111112,0.4,0.5584902777777779,0.5461785714285715,0.545784375,0.19491525423728814,0.22033898305084745,4.215217391304347,25.165384615384614,0.2577854671280277,23.0,27.0,6.0,6.0,5.0,5.0,6.0,9.0,5.0,10.0,10.0,1.0,12.0,14.0,5.0,26.0,2.0,5.0,2.0,5.0,4.0,2.0,10.0,2.0,,7.0,,1.0,1.0,2.0,0.75,,0.5555555555555556,0.12389380530973451,0.08,0.09885931558935361,0.1,0.14285714285714285,0.06086956521739131,0.14285714285714285,0.08333333333333333,0.375,0.8518518518518519,0.8518518518518519,0.782608695652174,0.08333333333333333,0.6,1.0,0.3125,1.0,0.125,0.18518518518518517,2.0,,,,,1.0,3.0,1.0,3.0,6.0,4.0,,,3.0,3.0,,0.3333333333333333,0.11764705882352941,0.3333333333333333,0.3333333333333333,1.0,0.16666666666666666,,,,0.3,0.3333333333333333,1.0,,,,,,2.0,,,,,,,,,,,,,,,,,,False,,,,1.0,
1628989,1610612741,Kevin Huerter,Kevin Huerter,1628989,CHI,24412.0,407,99.0,870,862,208.0,163,103,1732,5.0,17.0,5.0,20.0,63.0,7.0,15.0,28.0,51.0,29.0,89.0,4.0,147.0,938,5.0,10.0,16.0,11.0,8.0,22.0,36.0,42.0,81.0,6.0,63.0,20.0,2.0,23.0,18.0,41.0,12.0,20.0,3.0,100.0,22.0,18.0,40,47,13.0,9.0,4.0,10.0,4.0,10.0,6.0,16.0,9.0,18.0,1.0,8.0,6.0,,3.0,2.0,3.0,2.0,36.0,204.0,0.75,0.84,0.9310344827586207,0.3258426966292135,0.36363636363636365,0.3258426966292135,0.5490196078431373,0.5,0.5107142857142857,0.4,0.5151515151515151,0.513986013986014,0.4,0.5294117647058824,0.6357142857142857,0.0392156862745098,0.11764705882352941,16.06060606060606,0.625,0.08181818181818182,0.1004566210045662,0.09111617312072894,0.0625,0.10909090909090909,0.03333333333333333,0.11904761904761904,0.0392156862745098,0.6666666666666666,0.12142857142857143,0.29411764705882354,0.3333333333333333,0.4,0.03571428571428571,0.45,0.31746031746031744,0.31746031746031744,0.9,0.45454545454545453,0.4666666666666667,0.8428571428571429,0.31746031746031744,0.5617542857142858,0.49503,0.5474106060606061,0.10884353741496598,0.24489795918367346,5.107843137254902,25.349438202247196,0.23908045977011494,22.0,29.0,5.0,6.0,3.0,6.0,26.0,5.0,2.0,14.0,6.0,,4.0,3.0,,7.0,1.0,,2.0,4.0,,,2.0,1.0,,,,,,1.0,0.45454545454545453,,,0.015544041450777202,0.01951219512195122,0.017587939698492462,0.010416666666666666,0.024390243902439025,0.026490066225165563,,0.0125,0.20714285714285716,0.7586206896551724,0.7586206896551724,0.8181818181818182,0.18571428571428572,0.3,0.8333333333333334,0.18181818181818182,0.5,0.014084507042253521,0.03773584905660377,9.0,,4.0,1.0,7.0,2.0,6.0,2.0,10.0,,6.0,,,2.0,,,0.2,,0.34615384615384615,0.36,1.0,0.4,0.2,,,0.3,0.3333333333333333,0.5,0.21212121212121213,0.14285714285714285,,,1.0,4.0,1.0,0.011235955056179775,,,,,,,,1.0,,,0.2,0.2,1.0,,0.038461538461538464,False,,,,,
1629632,1610612741,Coby White,Coby White,1629632,CHI,123088.0,2051,-115.0,4400,4404,926.0,1015,440,8804,70.0,150.0,48.0,155.0,426.0,36.0,98.0,232.0,430.0,182.0,494.0,225.0,1235.0,5137,20.0,28.0,104.0,107.0,43.0,114.0,342.0,150.0,426.0,120.0,418.0,155.0,60.0,139.0,142.0,281.0,94.0,85.0,48.0,704.0,108.0,76.0,194,216,62.0,44.0,18.0,76.0,19.0,42.0,70.0,146.0,58.0,133.0,10.0,218.0,253.0,15.0,11.0,4.0,11.0,5.0,335.0,917.0,0.3232758620689655,0.3246753246753247,0.7802197802197802,0.3684210526315789,0.37719298245614036,0.37448559670781895,0.5395348837209303,0.7142857142857143,0.5465367965367965,0.6438356164383562,0.581447963800905,0.5943579766536965,0.6558441558441559,0.6525096525096525,0.5346320346320347,0.13953488372093023,0.15333333333333332,23.952585325975885,0.5205479452054794,0.07502467917077986,0.10325047801147227,0.08936376881981545,0.07161125319693094,0.06167400881057269,0.11904761904761904,0.0984009840098401,0.12017167381974249,0.45454545454545453,0.16233766233766234,0.4666666666666667,0.5511811023622047,0.2571428571428571,0.05194805194805195,0.461038961038961,0.36384976525821594,0.3681710213776722,0.7483870967741936,0.4434389140271493,0.3673469387755102,0.7857142857142857,0.3708133971291866,0.5540371724890828,0.5232131578947367,0.5383425233644861,0.08421052631578947,0.27692307692307694,5.828372093023253,26.58137651821861,0.21045454545454545,150.0,232.0,9.0,13.0,44.0,63.0,68.0,64.0,85.0,314.0,2.0,6.0,12.0,10.0,10.0,22.0,3.0,34.0,5.0,25.0,7.0,25.0,99.0,24.0,,7.0,,,9.0,18.0,0.5981308411214953,0.15948275862068967,0.11235955056179775,0.011210762331838564,0.01059135039717564,0.010864197530864197,0.01272264631043257,0.010810810810810811,0.009512485136741973,0.0136986301369863,0.006944444444444444,0.2510822510822511,0.646551724137931,0.7692307692307693,0.36666666666666664,0.0735930735930736,0.1780821917808219,0.6923076923076923,0.2850678733031674,0.6984126984126984,0.10557768924302789,0.19642857142857142,27.0,2.0,5.0,7.0,16.0,16.0,40.0,18.0,45.0,10.0,48.0,13.0,6.0,14.0,2.0,,0.4,0.007751937984496124,0.39705882352941174,0.39705882352941174,0.9629629629629629,0.3333333333333333,0.0684931506849315,0.4,1.0,0.547945205479452,0.4,0.8125,0.07239819004524888,0.4375,,8.0,5.0,10.0,,0.010121457489878543,0.011737089201877934,,1.0,7.0,,,0.014,12.0,6.0,,0.25,0.25,0.16666666666666666,,,False,,,,2.0,
1630581,1610612741,Josh Giddey,Josh Giddey,1630581,CHI,112400.0,1873,-111.0,3996,4012,641.0,667,404,8008,95.0,209.0,22.0,60.0,172.0,9.0,24.0,222.0,446.0,90.0,243.0,140.0,854.0,4682,19.0,41.0,87.0,68.0,14.0,36.0,149.0,180.0,243.0,27.0,170.0,59.0,58.0,244.0,199.0,443.0,133.0,156.0,76.0,1085.0,204.0,156.0,385,495,78.0,42.0,36.0,119.0,36.0,86.0,62.0,181.0,70.0,109.0,7.0,150.0,182.0,,35.0,17.0,36.0,21.0,146.0,635.0,0.40540540540540543,0.42857142857142855,0.9,0.37037037037037035,0.3888888888888889,0.3677685950413223,0.4977578475336323,0.4634146341463415,0.5181422351233672,0.6015625,0.5096153846153846,0.5523932729624839,0.6304347826086957,0.573076923076923,0.35268505079825835,0.13004484304932734,0.10526315789473684,21.382095579986537,0.6574585635359116,0.16631130063965885,0.20773930753564154,0.1875,0.13150684931506848,0.17176470588235293,0.23648648648648649,0.20899470899470898,0.20353982300884957,0.5833333333333334,0.3033381712626996,0.45454545454545453,0.5080213903743316,0.35789473684210527,0.03193033381712627,0.24963715529753266,0.3488372093023256,0.3488372093023256,0.9,0.23076923076923078,0.375,0.6647314949201741,0.34705882352941175,0.5529523255813954,0.5414085714285714,0.5636781553398058,0.10187353629976581,0.17447306791569087,5.411434977578477,25.30534979423868,0.1604104104104104,122.0,215.0,13.0,26.0,21.0,38.0,71.0,32.0,43.0,264.0,24.0,12.0,61.0,48.0,25.0,110.0,29.0,33.0,17.0,23.0,2.0,15.0,84.0,15.0,1.0,18.0,1.0,,6.0,12.0,0.47058823529411764,0.15813953488372093,0.32051282051282054,0.05653710247349823,0.061866125760649086,0.05940054495912807,0.048223350253807105,0.061224489795918366,0.05955678670360111,0.06818181818181818,0.09294871794871795,0.31204644412191584,0.5674418604651162,0.6740331491712708,0.4344262295081967,0.10304789550072568,0.40625,0.5,0.36538461538461536,0.5526315789473685,0.11081794195250659,0.16310679611650486,30.0,3.0,6.0,5.0,12.0,10.0,17.0,13.0,23.0,10.0,66.0,9.0,5.0,4.0,3.0,1.0,0.5652173913043478,0.07142857142857142,0.4225352112676056,0.43478260869565216,0.9,0.15384615384615385,0.09375,0.5,0.6666666666666666,0.265625,0.5882352941176471,1.0,0.11538461538461539,0.4166666666666667,1.0,1.0,2.0,4.0,,0.00823045267489712,,1.0,,,,0.012987012987012988,,5.0,2.0,1.0,0.22727272727272727,0.25,0.6,,0.028169014084507043,False,0.09090909090909091,1.0,,,1.0
1641824,1610612741,Matas Buzelis,Matas Buzelis,1641824,CHI,68068.0,1134,18.0,2460,2442,448.0,462,257,4902,23.0,50.0,8.0,35.0,89.0,4.0,15.0,110.0,209.0,74.0,199.0,67.0,509.0,2755,14.0,36.0,54.0,35.0,11.0,34.0,76.0,154.0,216.0,6.0,89.0,35.0,21.0,23.0,29.0,52.0,21.0,11.0,12.0,133.0,98.0,70.0,176,218,24.0,16.0,8.0,28.0,5.0,10.0,26.0,54.0,74.0,97.0,7.0,57.0,82.0,,59.0,22.0,62.0,40.0,76.0,445.0,0.7,0.7549019607843137,0.972972972972973,0.37185929648241206,0.3235294117647059,0.37185929648241206,0.5263157894736842,0.3888888888888889,0.5416666666666666,0.37735849056603776,0.47101449275362317,0.570627802690583,0.45,0.5,0.4877450980392157,0.10047846889952153,0.12,18.12907904278463,0.5185185185185185,0.11456628477905073,0.1680960548885077,0.1407035175879397,0.12595419847328243,0.10112359550561797,0.12195121951219512,0.16780045351473924,0.16901408450704225,0.6451612903225806,0.12254901960784313,0.46,0.5227272727272727,0.4782608695652174,0.0196078431372549,0.2181372549019608,0.39325842696629215,0.39325842696629215,0.9714285714285714,0.21739130434782608,0.26666666666666666,0.8578431372549019,0.39325842696629215,0.5886145833333335,0.5780883333333333,0.551759420289855,0.10609037328094302,0.14931237721021612,3.5081339712918655,24.498994974874364,0.1821138211382114,84.0,151.0,13.0,32.0,13.0,23.0,110.0,16.0,11.0,66.0,16.0,,22.0,19.0,8.0,42.0,12.0,18.0,2.0,11.0,,6.0,43.0,1.0,3.0,37.0,2.0,,6.0,1.0,0.45714285714285713,0.09271523178807947,0.1509433962264151,0.03639846743295019,0.03571428571428571,0.03602811950790861,0.04597701149425287,0.030927835051546393,0.03524229074889868,0.037037037037037035,0.05970149253731343,0.3700980392156863,0.5562913907284768,0.6131386861313869,0.75,0.2696078431372549,0.6037735849056604,0.40625,0.3333333333333333,0.5652173913043478,0.09662921348314607,0.17479674796747968,39.0,2.0,7.0,7.0,19.0,2.0,10.0,4.0,17.0,14.0,8.0,7.0,6.0,3.0,2.0,,0.23529411764705882,0.014925373134328358,0.35454545454545455,0.3577981651376147,0.9743589743589743,0.38461538461538464,0.1320754716981132,0.2857142857142857,1.0,0.18867924528301888,0.2,1.0,0.2753623188405797,0.3684210526315789,,,1.0,1.0,,0.005025125628140704,,1.0,,,1.0,0.022727272727272728,,3.0,4.0,,0.375,0.42857142857142855,1.0,2.0,0.00909090909090909,False,0.125,,,1.0,
1631207,1610612741,Dalen Terry,Dalen Terry,1631207,CHI,50574.0,843,-127.0,1804,1820,401.0,445,200,3624,9.0,32.0,5.0,18.0,46.0,2.0,7.0,70.0,132.0,33.0,85.0,41.0,280.0,2083,10.0,19.0,40.0,29.0,5.0,16.0,63.0,80.0,99.0,,46.0,18.0,12.0,48.0,37.0,85.0,27.0,30.0,16.0,207.0,30.0,39.0,71,107,36.0,22.0,14.0,22.0,8.0,13.0,20.0,42.0,53.0,97.0,6.0,49.0,58.0,,13.0,3.0,15.0,12.0,63.0,399.0,0.5714285714285714,0.625,1.0,0.38823529411764707,0.3125,0.38823529411764707,0.5303030303030303,0.5263157894736842,0.5506912442396313,0.5333333333333333,0.5444444444444444,0.5761316872427984,0.5882352941176471,0.5833333333333334,0.391705069124424,0.09090909090909091,0.1875,13.922813873961896,0.5238095238095238,0.0896551724137931,0.07352941176470588,0.08185053380782918,0.07514450867052024,0.08955223880597014,0.13114754098360656,0.06907894736842106,0.08653846153846154,0.8,0.14746543778801843,0.28125,0.34615384615384615,0.8888888888888888,0.02304147465437788,0.2119815668202765,0.391304347826087,0.391304347826087,1.0,0.15555555555555556,0.2857142857142857,0.8294930875576036,0.391304347826087,0.5928214285714283,0.5797277777777777,0.5974766666666668,0.14285714285714285,0.225,3.499242424242425,24.71411764705883,0.2222838137472284,60.0,95.0,10.0,17.0,15.0,22.0,39.0,17.0,14.0,60.0,12.0,2.0,21.0,15.0,2.0,36.0,6.0,9.0,,6.0,2.0,4.0,25.0,5.0,2.0,9.0,1.0,,4.0,5.0,0.5862068965517241,0.06315789473684211,0.0425531914893617,0.0375,0.04233870967741935,0.04017857142857143,0.06282722513089005,0.006756756756756757,0.03523035230352303,0.06299212598425197,0.058823529411764705,0.4377880184331797,0.631578947368421,0.6741573033707865,0.5333333333333333,0.17972350230414746,0.5666666666666667,0.5882352941176471,0.4888888888888889,0.6818181818181818,0.10504201680672269,0.16339869281045752,15.0,1.0,2.0,3.0,9.0,3.0,9.0,4.0,11.0,8.0,10.0,,7.0,3.0,2.0,,0.36363636363636365,0.03278688524590164,0.38461538461538464,0.38461538461538464,1.0,0.2,0.06666666666666667,0.5,1.0,0.3,0.3333333333333333,1.0,0.2,0.3333333333333333,,,,3.0,1.0,,,,,,1.0,,,1.0,,,0.2,0.2,,,,False,,1.0,,,
1641763,1610612741,Julian Phillips,Julian Phillips,1641763,CHI,52933.0,882,-34.0,1854,1861,466.0,439,211,3715,13.0,27.0,1.0,6.0,37.0,1.0,10.0,60.0,105.0,36.0,116.0,44.0,272.0,2143,17.0,30.0,49.0,28.0,8.0,29.0,74.0,82.0,108.0,,37.0,6.0,9.0,12.0,16.0,28.0,15.0,5.0,7.0,72.0,39.0,31.0,75,130,30.0,15.0,15.0,12.0,1.0,7.0,11.0,23.0,44.0,86.0,7.0,46.0,60.0,,15.0,5.0,15.0,11.0,74.0,466.0,0.6833333333333333,0.8723404255319149,1.0,0.3103448275862069,0.27586206896551724,0.3103448275862069,0.5714285714285714,0.5666666666666667,0.5158371040723982,0.5,0.5263157894736842,0.5528455284552846,0.5444444444444444,0.5606060606060606,0.5248868778280543,0.08571428571428572,0.07407407407407407,12.840095465393794,0.5217391304347826,0.07142857142857142,0.08108108108108109,0.07650273224043716,0.09142857142857143,0.04591836734693878,0.09523809523809523,0.07734806629834254,0.09243697478991597,0.7333333333333333,0.12217194570135746,0.48148148148148145,0.52,0.8461538461538461,0.004524886877828055,0.167420814479638,0.16216216216216217,0.16216216216216217,1.0,0.17543859649122806,0.1,0.8733031674208145,0.16216216216216217,0.597498416289593,0.5976241379310345,0.5792938596491227,0.1801470588235294,0.27205882352941174,2.798095238095238,24.13879310344828,0.2513484358144552,47.0,77.0,16.0,28.0,14.0,20.0,79.0,18.0,14.0,38.0,26.0,,30.0,25.0,5.0,55.0,9.0,5.0,1.0,4.0,1.0,10.0,30.0,5.0,,10.0,,,9.0,5.0,0.6428571428571429,0.09090909090909091,0.11627906976744186,0.06493506493506493,0.060240963855421686,0.0622876557191393,0.10869565217391304,0.025157232704402517,0.0712401055408971,0.025210084033613446,0.07964601769911504,0.34841628959276016,0.6103896103896104,0.6714285714285714,0.6382978723404256,0.3574660633484163,0.7,0.5714285714285714,0.3508771929824561,0.7,0.12448132780082988,0.24,30.0,1.0,5.0,7.0,19.0,1.0,5.0,2.0,10.0,9.0,1.0,2.0,3.0,1.0,6.0,1.0,0.2,0.023809523809523808,0.379746835443038,0.39473684210526316,1.0,0.125,0.125,0.2,1.0,0.125,0.2,1.0,0.3333333333333333,0.3684210526315789,,,3.0,3.0,,0.02586206896551724,,,,,,,,,,,,,,,0.0379746835443038,False,,,,,
1630245,1610612741,Ayo Dosunmu,Ayo Dosunmu,1630245,CHI,82078.0,1368,-229.0,2903,2921,514.0,653,281,5824,31.0,66.0,4.0,35.0,110.0,3.0,15.0,153.0,251.0,62.0,186.0,56.0,548.0,3517,6.0,16.0,47.0,45.0,4.0,24.0,91.0,172.0,174.0,12.0,110.0,35.0,32.0,113.0,91.0,204.0,66.0,71.0,38.0,499.0,78.0,55.0,134,160,39.0,26.0,13.0,39.0,12.0,28.0,29.0,68.0,52.0,103.0,1.0,58.0,71.0,2.0,18.0,8.0,18.0,7.0,91.0,510.0,0.5620915032679739,0.581081081081081,0.9354838709677419,0.3333333333333333,0.16666666666666666,0.3333333333333333,0.6095617529880478,0.375,0.562929061784897,0.525,0.4927536231884058,0.5845824411134903,0.5465116279069767,0.5617283950617284,0.425629290617849,0.12749003984063745,0.09090909090909091,16.52739090064995,0.5735294117647058,0.08208955223880597,0.11239193083573487,0.09750733137829912,0.05555555555555555,0.09929078014184398,0.11,0.10966542750929369,0.12179487179487179,0.3888888888888889,0.15102974828375287,0.4696969696969697,0.5166666666666667,0.6129032258064516,0.009153318077803204,0.2517162471395881,0.3181818181818182,0.32407407407407407,0.8857142857142857,0.21739130434782608,0.2,0.8398169336384439,0.3181818181818182,0.5969265446224257,0.5492386363636362,0.5886884057971012,0.08576642335766424,0.16605839416058393,3.4605577689243034,24.847311827957,0.17705821563899415,121.0,181.0,6.0,13.0,25.0,35.0,76.0,28.0,23.0,134.0,10.0,4.0,11.0,15.0,1.0,26.0,7.0,11.0,4.0,12.0,,8.0,29.0,9.0,,10.0,,,9.0,8.0,0.6222222222222222,0.143646408839779,0.0136986301369863,0.02508361204013378,0.014492753623188406,0.01915991156963891,0.02768166089965398,0.02336448598130841,0.014598540145985401,0.014218009478672985,0.03867403314917127,0.41418764302059496,0.6685082872928176,0.7806451612903226,0.5454545454545454,0.17391304347826086,0.325,0.46153846153846156,0.5072463768115942,0.7142857142857143,0.06331877729257641,0.10661764705882353,27.0,3.0,7.0,1.0,9.0,7.0,17.0,10.0,24.0,5.0,25.0,6.0,3.0,4.0,3.0,,0.4166666666666667,0.021052631578947368,0.35526315789473684,0.35526315789473684,1.0,0.16666666666666666,0.175,0.42857142857142855,1.0,0.425,0.4117647058823529,1.0,0.13043478260869565,0.1111111111111111,,,2.0,3.0,,0.010752688172043012,0.01818181818181818,,,,,,,1.0,2.0,,0.25,0.25,1.0,3.0,,False,,,,,
1628470,1610612741,Torrey Craig,Torrey Craig,1628470,CHI,6772.0,113,-28.0,235,238,42.0,67,27,473,3.0,4.0,1.0,10.0,22.0,,1.0,7.0,10.0,15.0,35.0,3.0,62.0,273,2.0,3.0,10.0,1.0,,2.0,4.0,8.0,42.0,3.0,22.0,10.0,1.0,4.0,1.0,5.0,1.0,3.0,1.0,11.0,8.0,5.0,17,25,2.0,2.0,,,,,,,9.0,15.0,3.0,3.0,4.0,,1.0,,1.0,1.0,4.0,41.0,0.5714285714285714,0.6666666666666666,0.9333333333333333,0.42857142857142855,,0.42857142857142855,0.7,0.6666666666666666,0.6555555555555556,1.0,0.3333333333333333,0.6595744680851063,1.0,0.5,0.7777777777777778,0.1,0.25,17.407407407407405,,0.1282051282051282,0.12121212121212122,0.12380952380952381,0.07142857142857142,0.1875,0.1111111111111111,0.14285714285714285,,1.0,0.08888888888888889,0.75,1.0,0.6666666666666666,0.022222222222222223,0.4888888888888889,0.45454545454545453,0.45454545454545453,0.9,0.3333333333333333,,0.8888888888888888,0.45454545454545453,0.5514811111111112,0.48944999999999994,0.6263333333333333,0.16129032258064516,0.06451612903225806,5.890000000000001,25.4,0.17872340425531916,4.0,5.0,1.0,2.0,1.0,1.0,13.0,1.0,2.0,6.0,2.0,,5.0,2.0,4.0,8.0,,,,,,,2.0,,,1.0,,,,,1.0,,0.5,0.034482758620689655,0.07142857142857142,0.0546875,0.047619047619047616,,0.05660377358490566,0.11764705882352941,,0.1111111111111111,0.8,0.8,0.5,0.28888888888888886,0.4,0.5,0.3333333333333333,1.0,0.0425531914893617,0.16666666666666666,5.0,1.0,1.0,,1.0,1.0,1.0,2.0,2.0,,,,,,,,1.0,0.05555555555555555,0.38461538461538464,0.4166666666666667,1.0,,0.2,1.0,1.0,0.2,1.0,1.0,0.3333333333333333,,,,1.0,1.0,,0.02857142857142857,,1.0,,,,0.3333333333333333,,,,,,,,,0.07692307692307693,False,,,,,
1630172,1610612741,Patrick Williams,Patrick Williams,1630172,CHI,81426.0,1357,-215.0,2917,2948,526.0,592,289,5865,28.0,71.0,31.0,62.0,185.0,5.0,22.0,92.0,212.0,81.0,237.0,52.0,479.0,3445,17.0,32.0,61.0,35.0,11.0,36.0,72.0,110.0,231.0,12.0,185.0,62.0,32.0,54.0,55.0,109.0,43.0,27.0,23.0,273.0,93.0,71.0,171,211,38.0,16.0,22.0,37.0,9.0,20.0,35.0,72.0,44.0,70.0,8.0,56.0,72.0,,28.0,14.0,30.0,17.0,72.0,519.0,0.5978260869565217,0.6547619047619048,0.9506172839506173,0.34177215189873417,0.3055555555555556,0.34177215189873417,0.4339622641509434,0.53125,0.4755011135857461,0.5851063829787234,0.4295774647887324,0.4979209979209979,0.61,0.45,0.5278396436525612,0.1509433962264151,0.18309859154929578,17.062634989200866,0.5138888888888888,0.10692771084337349,0.1297071129707113,0.11875452570601014,0.08527131782945736,0.1152542372881356,0.13513513513513514,0.13240418118466898,0.11888111888111888,0.5666666666666667,0.15812917594654788,0.39436619718309857,0.4827586206896552,0.5357142857142857,0.06904231625835189,0.41202672605790647,0.33513513513513515,0.33695652173913043,0.9354838709677419,0.30985915492957744,0.22727272727272727,0.7728285077951003,0.33513513513513515,0.5529585746102451,0.5953071428571428,0.5480669014084506,0.12734864300626306,0.15031315240083507,6.056132075471701,25.915189873417724,0.1803222488858416,53.0,110.0,13.0,21.0,9.0,19.0,52.0,14.0,11.0,74.0,16.0,4.0,15.0,25.0,7.0,40.0,6.0,17.0,10.0,16.0,7.0,7.0,34.0,4.0,2.0,14.0,,1.0,2.0,4.0,0.4,0.17272727272727273,0.11290322580645161,0.04019292604501608,0.020107238605898123,0.029239766081871343,0.05054151624548736,0.032388663967611336,0.019332161687170474,0.022598870056497175,0.025,0.24498886414253898,0.4818181818181818,0.5824175824175825,0.5471698113207547,0.11581291759465479,0.44680851063829785,0.6190476190476191,0.2676056338028169,0.47368421052631576,0.07337526205450734,0.14225941422594143,19.0,2.0,3.0,6.0,14.0,5.0,12.0,7.0,15.0,6.0,12.0,6.0,5.0,6.0,5.0,,0.4666666666666667,0.030612244897959183,0.36538461538461536,0.37254901960784315,1.0,0.38461538461538464,0.06382978723404255,0.6666666666666666,1.0,0.2553191489361702,0.4166666666666667,0.8,0.19718309859154928,0.42857142857142855,,,2.0,1.0,,0.008438818565400843,0.005405405405405406,,,1.0,2.0,,0.004201680672268907,11.0,,,0.3548387096774194,0.3548387096774194,1.0,2.0,0.019230769230769232,False,,,,,
202696,1610612741,Nikola Vučević,Nikola Vučević,202696,CHI,120816.0,2014,-136.0,4300,4277,688.0,839,419,8577,198.0,335.0,58.0,102.0,257.0,13.0,36.0,382.0,636.0,111.0,282.0,109.0,1206.0,5072,64.0,120.0,164.0,77.0,14.0,42.0,172.0,586.0,330.0,3.0,256.0,102.0,31.0,97.0,121.0,218.0,93.0,71.0,16.0,557.0,214.0,248.0,496,649,54.0,40.0,14.0,61.0,12.0,39.0,42.0,103.0,94.0,146.0,7.0,151.0,133.0,,43.0,20.0,44.0,26.0,169.0,677.0,0.7670157068062827,0.861764705882353,0.990990990990991,0.39361702127659576,0.3333333333333333,0.39501779359430605,0.60062893081761,0.5333333333333333,0.5974945533769063,0.5518518518518518,0.5882352941176471,0.6197327852004111,0.5734265734265734,0.6277372262773723,0.30718954248366015,0.04874213836477988,0.04477611940298507,22.496341208446584,0.5922330097087378,0.25101214574898784,0.2015065913370998,0.2253658536585366,0.27540106951871657,0.24242424242424243,0.22162162162162163,0.20768307322929172,0.17903930131004367,0.5909090909090909,0.36492374727668847,0.591044776119403,0.61875,0.8434343434343434,0.06318082788671024,0.27995642701525053,0.3968871595330739,0.3968871595330739,0.9901960784313726,0.3025210084033613,0.3611111111111111,0.5718954248366013,0.3984375,0.5252335332606323,0.560408095238095,0.5300101694915254,0.13598673300165837,0.14262023217247097,6.363050314465408,25.960638297872343,0.16,161.0,243.0,52.0,87.0,30.0,39.0,25.0,49.0,32.0,178.0,84.0,10.0,55.0,97.0,34.0,153.0,33.0,22.0,10.0,17.0,11.0,21.0,64.0,12.0,1.0,23.0,,1.0,9.0,9.0,0.6363636363636364,0.06584362139917696,0.4,0.10286320254506894,0.053501945525291826,0.07711821410451547,0.13176470588235295,0.10054347826086957,0.049738219895287955,0.06439393939393939,0.08461538461538462,0.2647058823529412,0.6625514403292181,0.7092511013215859,0.6521739130434783,0.027233115468409588,0.6444444444444445,0.5977011494252874,0.3277310924369748,0.7692307692307693,0.06659729448491156,0.09425625920471281,9.0,,1.0,1.0,6.0,7.0,14.0,7.0,15.0,15.0,28.0,4.0,1.0,5.0,17.0,1.0,0.4666666666666667,0.02666666666666667,0.36,0.36,1.0,0.09615384615384616,0.007407407407407408,,,0.1037037037037037,0.5,1.0,0.05042016806722689,0.16666666666666666,,1.0,,3.0,,,,1.0,,,1.0,0.014285714285714285,,23.0,2.0,1.0,0.39655172413793105,0.39655172413793105,0.9130434782608695,,,False,,,3.0,,
203897,1610612741,Zach LaVine,Zach LaVine,203897,CHI,85923.0,1432,10.0,3054,3063,505.0,642,282,6117,23.0,56.0,122.0,114.0,253.0,19.0,46.0,227.0,405.0,136.0,305.0,145.0,1007.0,3557,13.0,23.0,73.0,72.0,20.0,48.0,170.0,214.0,210.0,198.0,253.0,114.0,26.0,117.0,72.0,189.0,51.0,64.0,45.0,450.0,112.0,70.0,190,202,39.0,28.0,11.0,77.0,17.0,40.0,44.0,121.0,43.0,64.0,2.0,143.0,182.0,9.0,7.0,5.0,10.0,5.0,169.0,501.0,0.4713656387665198,0.47555555555555556,0.5147058823529411,0.4459016393442623,0.4166666666666667,0.4459016393442623,0.5604938271604938,0.5652173913043478,0.6070422535211267,0.8095238095238095,0.5416666666666666,0.6348600508905853,0.7934782608695652,0.5921985815602837,0.4295774647887324,0.06419753086419754,0.03571428571428571,26.757235676314234,0.6363636363636364,0.10014306151645208,0.14035087719298245,0.12157648630594522,0.05818181818181818,0.10380622837370242,0.17777777777777778,0.13964686998394862,0.14285714285714285,0.5,0.07887323943661972,0.4107142857142857,0.42592592592592593,0.30434782608695654,0.17183098591549295,0.3563380281690141,0.4505928853754941,0.4523809523809524,0.45614035087719296,0.38333333333333336,0.41304347826086957,0.7492957746478873,0.4505928853754941,0.5693419014084506,0.5859357142857144,0.54852,0.07249255213505462,0.16881827209533268,7.520987654320988,26.017704918032795,0.16535690897184022,155.0,227.0,12.0,15.0,24.0,40.0,52.0,35.0,40.0,240.0,4.0,8.0,11.0,1.0,8.0,12.0,1.0,37.0,7.0,22.0,1.0,19.0,83.0,9.0,3.0,2.0,,,4.0,7.0,0.4861111111111111,0.09691629955947137,0.11267605633802817,0.001524390243902439,0.015235457063711912,0.008708272859216255,0.0033003300330033004,,0.00922509225092251,0.03333333333333333,0.003205128205128205,0.31971830985915495,0.6828193832599119,0.7560975609756098,0.5806451612903226,0.07323943661971831,0.35714285714285715,0.8,0.3333333333333333,0.6,0.11068211068211069,0.17697228144989338,22.0,4.0,7.0,1.0,2.0,10.0,12.0,14.0,19.0,5.0,21.0,8.0,4.0,10.0,2.0,,0.7368421052631579,,0.4230769230769231,0.43137254901960786,0.8181818181818182,0.5,0.16666666666666666,0.5714285714285714,1.0,0.2857142857142857,0.8333333333333334,0.8,0.016666666666666666,0.5,,,2.0,1.0,,0.006557377049180328,0.003952569169960474,,,3.0,3.0,,0.00974025974025974,49.0,1.0,1.0,0.4016393442622951,0.4083333333333333,0.20408163265306123,,0.019230769230769232,False,0.01639344262295082,,,,1.0
1629659,1610612741,Talen Horton-Tucker,Talen Horton-Tucker,1629659,CHI,34162.0,569,40.0,1221,1244,338.0,340,125,2465,17.0,33.0,1.0,28.0,77.0,6.0,20.0,72.0,135.0,38.0,101.0,54.0,312.0,1386,5.0,14.0,25.0,38.0,7.0,26.0,89.0,52.0,102.0,12.0,77.0,28.0,14.0,34.0,29.0,63.0,17.0,20.0,13.0,155.0,32.0,30.0,66,84,17.0,5.0,12.0,16.0,2.0,9.0,14.0,30.0,21.0,47.0,2.0,51.0,74.0,2.0,7.0,4.0,8.0,7.0,89.0,338.0,0.3611111111111111,0.38235294117647056,0.8947368421052632,0.37623762376237624,0.2692307692307692,0.37623762376237624,0.5333333333333333,0.35714285714285715,0.5466101694915254,0.44,0.5703125,0.5780669144981413,0.44642857142857145,0.5933333333333334,0.4279661016949153,0.1037037037037037,0.09090909090909091,21.840759678597518,0.5333333333333333,0.09803921568627451,0.10191082802547771,0.1,0.0975609756097561,0.09929078014184398,0.09523809523809523,0.08433734939759036,0.16923076923076924,0.875,0.13983050847457626,0.5151515151515151,0.5666666666666667,0.29411764705882354,0.00423728813559322,0.326271186440678,0.36363636363636365,0.36363636363636365,0.8928571428571429,0.3125,0.3,0.8559322033898306,0.36363636363636365,0.5895116525423729,0.6206366666666666,0.5861898437499999,0.08012820512820513,0.28525641025641024,3.186666666666667,25.56633663366336,0.27682227682227684,55.0,101.0,5.0,11.0,19.0,28.0,24.0,26.0,16.0,92.0,8.0,1.0,8.0,9.0,4.0,18.0,6.0,7.0,3.0,7.0,1.0,6.0,33.0,6.0,1.0,3.0,1.0,,3.0,6.0,0.6842105263157895,0.10891089108910891,0.14285714285714285,0.036290322580645164,0.02631578947368421,0.030797101449275364,0.04,0.02702702702702703,0.021645021645021644,0.0410958904109589,0.05405405405405406,0.4279661016949153,0.5445544554455446,0.6111111111111112,0.38181818181818183,0.1016949152542373,0.44,0.45454545454545453,0.4375,0.6785714285714286,0.12547528517110265,0.2037037037037037,10.0,1.0,3.0,1.0,6.0,3.0,8.0,4.0,11.0,3.0,12.0,3.0,,3.0,3.0,,0.36363636363636365,0.041666666666666664,0.4166666666666667,0.4166666666666667,0.9,0.2,0.12,0.3333333333333333,1.0,0.32,0.375,1.0,0.09375,0.16666666666666666,,,,2.0,,,,1.0,,,,0.03225806451612903,,,5.0,,,,,1.0,,False,,,,2.0,
1630188,1610612741,Jalen Smith,Jalen Smith,1630188,CHI,49772.0,830,-64.0,1766,1806,366.0,416,190,3572,18.0,32.0,7.0,51.0,156.0,9.0,28.0,105.0,163.0,64.0,189.0,64.0,466.0,2064,31.0,50.0,84.0,26.0,9.0,31.0,80.0,144.0,192.0,,154.0,50.0,13.0,30.0,23.0,53.0,17.0,16.0,10.0,129.0,111.0,102.0,228,306,14.0,11.0,3.0,12.0,4.0,8.0,21.0,33.0,54.0,88.0,6.0,77.0,78.0,,40.0,11.0,40.0,25.0,80.0,366.0,0.6857142857142857,0.935064935064935,1.0,0.3386243386243386,0.2903225806451613,0.3351063829787234,0.6441717791411042,0.62,0.5710227272727273,0.5483870967741935,0.5350877192982456,0.6036269430051814,0.5915492957746479,0.5882352941176471,0.5369318181818182,0.07975460122699386,0.03125,20.944249121044702,0.36363636363636365,0.2361111111111111,0.25517241379310346,0.24567474048442905,0.22598870056497175,0.2549019607843137,0.19607843137254902,0.27134146341463417,0.205607476635514,0.625,0.09090909090909091,0.5625,0.5806451612903226,0.7777777777777778,0.019886363636363636,0.4431818181818182,0.3269230769230769,0.3269230769230769,1.0,0.49122807017543857,0.32142857142857145,0.8892045454545454,0.3246753246753247,0.5797313390313389,0.5845622448979592,0.5718598214285714,0.18025751072961374,0.17167381974248927,3.190184049079754,25.65978835978835,0.2072480181200453,86.0,124.0,30.0,45.0,15.0,20.0,33.0,17.0,19.0,66.0,56.0,4.0,28.0,49.0,15.0,78.0,4.0,4.0,1.0,5.0,10.0,12.0,38.0,8.0,,29.0,,,2.0,6.0,0.6538461538461539,0.0967741935483871,0.3125,0.14,0.05436893203883495,0.08901734104046242,0.17204301075268819,0.13333333333333333,0.04639175257731959,0.07874015748031496,0.023668639053254437,0.3522727272727273,0.6935483870967742,0.7678571428571429,0.6627906976744186,0.09375,0.7258064516129032,0.6666666666666666,0.3508771929824561,0.75,0.10052910052910052,0.20105820105820105,13.0,,1.0,,3.0,2.0,11.0,2.0,12.0,16.0,6.0,2.0,1.0,1.0,19.0,,0.16666666666666666,0.022727272727272728,0.3939393939393939,0.3939393939393939,1.0,0.06666666666666667,0.016129032258064516,,,0.1774193548387097,0.18181818181818182,1.0,0.05263157894736842,,1.0,1.0,,4.0,,,,1.0,,,,0.030303030303030304,,1.0,1.0,,0.14285714285714285,0.14285714285714285,1.0,1.0,,False,,,,3.0,
1628975,1610612741,Jevon Carter,Jevon Carter,1628975,CHI,13921.0,232,43.0,511,501,180.0,190,57,1012,9.0,18.0,3.0,21.0,54.0,9.0,22.0,16.0,31.0,28.0,72.0,6.0,122.0,568,3.0,4.0,12.0,8.0,9.0,27.0,36.0,20.0,63.0,21.0,54.0,21.0,3.0,21.0,10.0,31.0,6.0,13.0,7.0,72.0,15.0,10.0,27,30,8.0,6.0,2.0,6.0,1.0,3.0,3.0,9.0,4.0,11.0,,6.0,8.0,,2.0,1.0,2.0,1.0,36.0,180.0,0.625,0.6666666666666666,0.75,0.3888888888888889,0.3333333333333333,0.3888888888888889,0.5161290322580645,0.75,0.5631067961165048,0.5,0.5,0.5754716981132075,0.5,0.5,0.6990291262135923,0.0967741935483871,0.05555555555555555,20.034843205574912,0.6666666666666666,0.09090909090909091,0.10869565217391304,0.10080645161290322,0.021739130434782608,0.14,0.14285714285714285,0.10784313725490197,0.1111111111111111,0.5,0.17475728155339806,0.5,0.5294117647058824,0.8888888888888888,0.02912621359223301,0.5242718446601942,0.3888888888888889,0.3888888888888889,0.7142857142857143,0.6285714285714286,0.4090909090909091,0.7961165048543689,0.3888888888888889,0.5200616504854367,0.4987318181818182,0.5123371428571427,0.09836065573770492,0.29508196721311475,7.254838709677419,25.252777777777784,0.3522504892367906,5.0,10.0,1.0,1.0,2.0,3.0,18.0,4.0,1.0,12.0,2.0,1.0,1.0,2.0,2.0,3.0,1.0,3.0,1.0,5.0,,,2.0,1.0,,,,,1.0,1.0,0.5,0.2,0.11764705882352941,0.021052631578947368,0.007462686567164179,0.013100436681222707,0.018518518518518517,0.029411764705882353,,0.037037037037037035,0.018518518518518517,0.0970873786407767,0.5,0.625,0.2,0.17475728155339806,0.08333333333333333,1.0,0.08571428571428572,0.6666666666666666,0.0380952380952381,0.06060606060606061,7.0,1.0,3.0,,5.0,1.0,5.0,2.0,8.0,,4.0,2.0,,,,,0.25,,0.3888888888888889,0.3888888888888889,0.8571428571428571,,0.25,0.3333333333333333,,0.4166666666666667,0.2,1.0,0.14285714285714285,,,,,,1.0,,,,2.0,2.0,,,0.027777777777777776,2.0,,,0.6666666666666666,0.6666666666666666,0.5,,,False,,,,,
1630537,1610612741,Chris Duarte,Chris Duarte,1630537,CHI,4467.0,74,12.0,167,164,101.0,67,23,331,2.0,3.0,,4.0,13.0,2.0,9.0,6.0,11.0,6.0,15.0,6.0,36.0,169,1.0,2.0,9.0,5.0,3.0,10.0,19.0,8.0,12.0,6.0,13.0,4.0,1.0,8.0,1.0,9.0,1.0,6.0,2.0,19.0,8.0,7.0,15,20,,,,1.0,,,,1.0,3.0,7.0,,6.0,8.0,,,,,,19.0,101.0,0.6666666666666666,0.6666666666666666,0.6666666666666666,0.4,0.3,0.4,0.5454545454545454,0.5,0.5769230769230769,0.6666666666666666,0.5,0.6206896551724138,0.75,0.5277777777777778,0.5769230769230769,0.09090909090909091,,15.544041450777202,1.0,0.17073170731707318,0.19047619047619047,0.18072289156626506,0.21739130434782608,0.07692307692307693,0.2,0.20689655172413793,0.15384615384615385,,0.11538461538461539,0.6666666666666666,0.6666666666666666,1.0,,0.5,0.3076923076923077,0.3076923076923077,0.5,0.6,0.2222222222222222,0.8846153846153846,0.3076923076923077,0.5549307692307691,0.4581375,0.58422,0.25,0.5277777777777778,2.8090909090909095,25.733333333333334,0.6047904191616766,4.0,8.0,,1.0,3.0,5.0,2.0,3.0,4.0,4.0,,,3.0,2.0,,5.0,,1.0,,1.0,,2.0,4.0,1.0,,,,,2.0,1.0,0.6,0.125,,0.0625,0.07142857142857142,0.06756756756756757,0.04,,0.05263157894736842,0.25,,0.3076923076923077,0.5,0.5714285714285714,0.5,0.07692307692307693,0.16666666666666666,,0.3333333333333333,0.6,0.14285714285714285,0.3076923076923077,2.0,,,1.0,1.0,2.0,4.0,2.0,4.0,1.0,,,,,,,0.5,1.0,1.0,1.0,1.0,,,,,0.6666666666666666,0.5,0.5,0.06666666666666667,1.0,,,,1.0,,,,,,,,,,,,,,,,,,False,,,,,
1630604,1610612741,E.J. Liddell,E.J. Liddell,1630604,CHI,2132.0,36,-3.0,82,81,38.0,42,8,163,2.0,2.0,,3.0,8.0,2.0,4.0,2.0,2.0,3.0,8.0,2.0,15.0,104,,,,2.0,2.0,4.0,12.0,4.0,9.0,,8.0,3.0,,,3.0,3.0,3.0,,,9.0,3.0,1.0,4,5,1.0,1.0,,1.0,,,1.0,2.0,2.0,8.0,,1.0,2.0,,1.0,1.0,1.0,,12.0,38.0,1.0,1.0,1.0,0.375,0.5,0.375,1.0,,0.65,,0.8333333333333334,0.6818181818181818,,0.8571428571428571,0.8,,,14.285714285714285,0.5,0.05555555555555555,0.14285714285714285,0.10256410256410256,0.08333333333333333,,,0.125,0.2,,0.2,1.0,1.0,1.0,,0.8,0.375,0.375,1.0,0.6666666666666666,0.5,0.8,0.375,0.48217499999999996,,0.460075,,0.8,10.600000000000001,26.7875,0.4634146341463415,,,,,,,,2.0,2.0,,,,1.0,,,1.0,,1.0,,1.0,1.0,,1.0,,,,,,2.0,,1.0,,,,0.045454545454545456,0.03333333333333333,,,,0.2,,,,,,,,,,,0.09090909090909091,0.3333333333333333,,,,,,,,,,,,,,,,,,,,,,,,,,,,,,,,,,,,,,,,,,,,,,,,,,1.0,,False,,,,,
1641766,1610612741,Adama Sanogo,Adama Sanogo,1641766,CHI,1289.0,21,-5.0,46,43,13.0,18,6,89,1.0,2.0,,,,,,4.0,7.0,,,,8.0,55,2.0,3.0,4.0,3.0,,,4.0,4.0,,,,,1.0,1.0,,1.0,,1.0,,2.0,1.0,,1,6,,,,1.0,,,,1.0,1.0,1.0,,1.0,,,,,,,4.0,13.0,0.5,1.0,,,,,0.5714285714285714,0.6666666666666666,0.5714285714285714,0.6666666666666666,0.6666666666666666,0.5714285714285714,0.6666666666666666,0.6666666666666666,,0.14285714285714285,,15.384615384615383,1.0,,0.14285714285714285,0.05555555555555555,,,,0.16666666666666666,,,0.2857142857142857,0.5,0.5,1.0,,,,,,,,0.7142857142857143,,0.6064285714285714,0.6230333333333333,0.48150000000000004,0.5,0.5,2.085714285714286,,0.2826086956521739,3.0,5.0,2.0,3.0,1.0,1.0,,2.0,,4.0,4.0,,2.0,3.0,,5.0,,1.0,,,,,,,,,,,,,0.6666666666666666,0.2,,0.3,0.16666666666666666,0.22727272727272727,0.375,,0.125,0.25,,0.7142857142857143,0.6,0.75,0.3333333333333333,,1.0,0.6666666666666666,0.3333333333333333,1.0,,,,,,,,,,,,,,,,,,,,,,,,,,,,,,,,,,,,,,,,,,,,,,,,,,,,,,False,,,,,
1642443,1610612741,Jahmir Young,Jahmir Young,1642443,CHI,449.0,7,-7.0,18,17,7.0,9,1,35,,,,,1.0,,1.0,,,,1.0,,,29,,,,,,1.0,,,,,1.0,,,1.0,,1.0,,1.0,,2.0,1.0,,1,1,,,,,,,,,1.0,1.0,,,,,,,,,,7.0,,,,,,,,,,,,,,,1.0,,,5.2631578947368425,,,0.2,0.14285714285714285,,,,0.25,,,,,,,,1.0,,,,1.0,,1.0,,0.4107,,0.4107,,,,26.4,0.3888888888888889,,,,,,,,,,,,,,,,,,,,,,,,,,,,,,,,,,,,,,,,,,,,,,,,,,,,,,,,,,,,,,,,,,,,,,,,,,,,,,,,,,,,,1.0,,,1.0,1.0,,,,,,,,,,,,,,,False,,,,,
1641801,1610612741,Emanuel Miller,Emanuel Miller,1641801,CHI,348.0,6,-9.0,14,14,7.0,9,1,28,,,,,,,,,1.0,,,,,25,,,,1.0,,,,,,,,,,,1.0,1.0,1.0,,,3.0,1.0,,1,1,,,,,,,,,,,,,,,,,,,,7.0,,,,,,,,,,,,,,,,,,6.666666666666667,,,0.2,0.16666666666666666,,,,0.25,,,,,,,,,,,,,,1.0,,0.8391,,0.8391,,,0.8,,0.5,,1.0,,,,1.0,,,,,,,,,,,,,,,,,,,,,,,,,,,,,,,,,,,,1.0,,,,,,,1.0,,,,,,,,,,,,,,,,,,,,,,,,,,,,,,,,,,,,,,,,,,,,,,,,,,,,,,,False,,,,,
