EntityId,TeamId,Name,ShortName,RowId,TeamAbbreviation,SecondsPlayed,Minutes,PlusMinus,OffPoss,DefPoss,PenaltyOffPoss,PenaltyDefPoss,SecondChanceOffPoss,TotalPoss,AtRimFGM,AtRimFGA,ShortMidRangeFGA,LongMidRangeFGA,Corner3FGM,Corner3FGA,PenaltyCorner3FGM,PenaltyCorner3FGA,Arc3FGM,Arc3FGA,SecondChanceArc3FGA,PenaltyArc3FGA,FG2M,FG2A,FG3M,FG3A,Points,OpponentPoints,SecondChanceFG3A,PenaltyFG2A,PenaltyFG3M,PenaltyFG3A,PenaltyPoints,PtsAssisted2s,PtsAssisted3s,NonHeaveArc3FGA,NonHeaveArc3FGM,Fg2aBlocked,TwoPtAssists,ThreePtAssists,Assists,Arc3Assists,ShortMidRangeAssists,AssistPoints,OffTwoPtRebounds,DefThreePtRebounds,DefTwoPtRebounds,DefRebounds,OffRebounds,Rebounds,SelfOReb,Steals,BadPassSteals,LiveBallTurnovers,BadPassOutOfBoundsTurnovers,DeadBallTurnovers,LostBallTurnovers,Turnovers,PenaltyTurnovers,ShootingFouls,Fouls,Offensive Fouls,FoulsDrawn,Blocked2s,BlockedLongMidRange,Blocks,RecoveredBlocks,PenaltyPointsExcludingTakeFouls,PenaltyOffPossExcludingTakeFouls,Assisted2sPct,NonPutbacksAssisted2sPct,Assisted3sPct,Fg3Pct,PenaltyFg3Pct,NonHeaveFg3Pct,Fg2Pct,EfgPct,PenaltyEfgPct,TsPct,PenaltyTsPct,FG3APct,FG2APctBlocked,AtRimPctBlocked,Usage,LiveBallTurnoverPct,DefTwoPtReboundPct,OffTwoPtReboundPct,DefThreePtReboundPct,DefFGReboundPct,OffFGReboundPct,OffShortMidRangeReboundPct,DefShortMidRangeReboundPct,DefArc3ReboundPct,SelfORebPct,BlocksRecoveredPct,AtRimFrequency,AtRimAccuracy,UnblockedAtRimAccuracy,AtRimPctAssisted,ShortMidRangeFrequency,LongMidRangeFrequency,Corner3Frequency,Corner3Accuracy,UnblockedCorner3Accuracy,Corner3PctAssisted,Arc3Frequency,Arc3Accuracy,UnblockedArc3Accuracy,Arc3PctAssisted,SecondChanceArc3Frequency,PenaltyCorner3Frequency,PenaltyCorner3Accuracy,PenaltyArc3Frequency,AtRimFG3AFrequency,NonHeaveArc3Accuracy,ShotQualityAvg,SecondChanceShotQualityAvg,PenaltyShotQualityAvg,PenaltyPointsPct,Avg2ptShotDistance,Avg3ptShotDistance,PenaltyOffPossPct,ShortMidRangeFGM,LongMidRangeFGM,FtPoints,SecondChanceFG2A,SecondChanceFtPoints,SecondChancePoints,PenaltyFtPoints,PtsUnassisted2s,Corner3Assists,BadPassTurnovers,SecondChanceTurnovers,Charge Fouls,Loose Ball Fouls Drawn,FTA,NonShootingFoulsDrawn,NonShootingPenaltyNonTakeFoulsDrawn,SecondChanceTsPct,OffLongMidRangeReboundPct,DefLongMidRangeReboundPct,DefCorner3ReboundPct,ShortMidRangeAccuracy,UnblockedShortMidRangeAccuracy,ShortMidRangePctAssisted,LongMidRangeAccuracy,UnblockedLongMidRangeAccuracy,SecondChancePointsPct,PenaltyAtRimFGM,PenaltyAtRimFGA,PenaltyArc3FGM,PenaltyFG2M,LostBallSteals,Blocked3s,BlockedArc3,PenaltyFg2Pct,DefAtRimReboundPct,PenaltyAtRimFrequency,PenaltyAtRimAccuracy,PenaltyArc3Accuracy,Technical Free Throw Trips,SecondChanceAtRimFGM,SecondChanceAtRimFGA,SecondChanceArc3FGM,SecondChanceFG2M,SecondChanceFG3M,PtsUnassisted3s,PtsPutbacks,Fg3aBlocked,AtRimAssists,OffThreePtRebounds,FTDefRebounds,LostBallOutOfBoundsTurnovers,Travels,Charge Fouls Drawn,TwoPtShootingFoulsDrawn,BlockedAtRim,Defensive 3 Seconds Violations,SecondChanceFg3Pct,SecondChanceFg2Pct,SecondChanceEfgPct,FG3APctBlocked,ShortMidRangePctBlocked,Arc3PctBlocked,DefFTReboundPct,OffThreePtReboundPct,OffAtRimReboundPct,OffArc3ReboundPct,OffCorner3ReboundPct,SecondChanceAtRimFrequency,SecondChanceAtRimAccuracy,SecondChanceArc3Accuracy,SecondChanceArc3PctAssisted,ShootingFoulsDrawnPct,TwoPtShootingFoulsDrawnPct,FTOffRebounds,BlockedShortMidRange,NonShootingPenaltyNonTakeFouls,OffFTReboundPct,StepOutOfBoundsTurnovers,Offensive Fouls Drawn,SecondChanceAtRimPctAssisted,DefensiveGoaltends,LongMidRangeAssists,ThreePtShootingFoulsDrawn,ThreePtShootingFoulsDrawnPct,Loose Ball Fouls,2pt And 1 Free Throw Trips,LongMidRangePctAssisted,on,SecondChanceCorner3FGM,SecondChanceCorner3FGA,SecondChanceCorner3Frequency,SecondChanceCorner3Accuracy,SecondChanceCorner3PctAssisted,Transition Take Fouls,OffensiveGoaltends,LongMidRangePctBlocked,Corner3PctBlocked,HeaveAttempts,3pt And 1 Free Throw Trips,3SecondViolations,HeaveMakes,BlockedCorner3,Clear Path Fouls,Transition Take Fouls Drawn
1626153,1610612749,Delon Wright,Delon Wright,1626153,MIL,2777.0,46.0,16.0,95,93.0,22.0,50.0,13.0,188,1.0,4.0,4.0,1.0,1.0,3.0,1.0,1.0,2.0,5.0,1.0,1.0,1.0,9.0,3.0,8.0,11.0,66.0,1.0,2.0,1.0,2.0,3.0,2.0,9.0,5.0,2.0,1.0,1.0,4.0,5.0,4.0,1.0,14.0,1.0,3.0,1.0,4.0,1.0,5.0,1.0,3.0,3.0,1.0,1.0,2.0,1.0,3.0,1.0,2.0,3.0,1.0,1.0,2.0,2.0,2.0,1.0,3.0,22.0,1.0,1.0,1.0,0.375,0.5,0.375,0.1111111111111111,0.3235294117647059,0.375,0.3235294117647059,0.375,0.4705882352941176,0.1111111111111111,0.25,18.01801801801801,0.3333333333333333,0.04,0.0294117647058823,0.0909090909090909,0.0689655172413793,0.0188679245283018,0.0769230769230769,0.0909090909090909,0.1071428571428571,0.0833333333333333,0.5,0.2352941176470588,0.25,0.3333333333333333,1.0,0.2352941176470588,0.0588235294117647,0.1764705882352941,0.3333333333333333,0.3333333333333333,1.0,0.2941176470588235,0.4,0.4,1.0,1.0,0.25,1.0,0.25,0.7058823529411765,0.4,0.5140205882352942,0.4941,0.461825,0.2727272727272727,6.122222222222224,25.6,0.231578947368421,,,,,,,,,,,,,,,,,,,,,,,,,,,,,,,,,,,,,,,,,,,,,,,,,,,,,,,,,,,,,,,,,,,,,,,,,,,,,,,,,,,,,,,,True,,,,,,,,,,,,,,,,
1626171,1610612749,Bobby Portis,Bobby Portis,1626171,MIL,1188.0,20.0,10.0,40,38.0,13.0,15.0,6.0,78,,,7.0,3.0,,,,,,1.0,,,3.0,10.0,,1.0,8.0,38.0,,,,,2.0,4.0,,1.0,,,1.0,1.0,2.0,,1.0,5.0,2.0,3.0,1.0,4.0,2.0,6.0,1.0,,,1.0,,1.0,,2.0,1.0,2.0,4.0,,1.0,,,,,2.0,13.0,0.6666666666666666,0.6666666666666666,,,,,0.3,0.2727272727272727,,0.3333333333333333,1.0,0.0909090909090909,,,29.787234042553195,0.5,0.125,0.1428571428571428,0.2,0.1739130434782608,0.0909090909090909,0.1428571428571428,,0.1666666666666666,0.125,,,,,,0.6363636363636364,0.2727272727272727,,,,,0.0909090909090909,,,,,,,,0.0909090909090909,,0.4256590909090909,0.4402333333333333,,0.25,12.09,26.4,0.325,2.0,1.0,2.0,3.0,2.0,2.0,2.0,2.0,1.0,1.0,1.0,1.0,1.0,2.0,1.0,1.0,0.25,0.25,0.3333333333333333,0.3333333333333333,0.2857142857142857,0.2857142857142857,1.0,0.3333333333333333,0.3333333333333333,0.25,,,,,,,,,,,,,,,,,,,,,,,,,,,,,,,,,,,,,,,,,,,,,,,,,,,,,,,,,,,,,,True,,,,,,,,,,,,,,,,
1626192,1610612749,Pat Connaughton,Pat Connaughton,1626192,MIL,1691.0,28.0,10.0,58,54.0,26.0,23.0,8.0,112,1.0,1.0,2.0,,,,,,2.0,3.0,1.0,2.0,2.0,3.0,2.0,3.0,10.0,52.0,1.0,1.0,1.0,2.0,5.0,4.0,6.0,3.0,2.0,,,2.0,2.0,2.0,,6.0,1.0,1.0,5.0,6.0,1.0,7.0,,1.0,,,,,,,,1.0,3.0,,1.0,,,1.0,1.0,5.0,26.0,1.0,1.0,1.0,0.6666666666666666,0.5,0.6666666666666666,0.6666666666666666,0.8333333333333334,0.8333333333333334,0.8333333333333334,0.8333333333333334,0.5,,,8.823529411764705,,0.3571428571428571,0.0476190476190476,0.0714285714285714,0.2142857142857142,0.0344827586206896,0.1111111111111111,0.4,0.0909090909090909,,1.0,0.1666666666666666,1.0,1.0,1.0,0.3333333333333333,,,,,,0.5,0.6666666666666666,0.6666666666666666,1.0,1.0,,,0.6666666666666666,0.6666666666666666,0.6666666666666666,0.54835,0.5187,0.6433,0.5,4.433333333333334,26.26666666666667,0.4482758620689655,1.0,,,,,,,,,,,,,,,,,,0.1666666666666666,,0.5,0.5,1.0,,,,1.0,1.0,1.0,1.0,1.0,1.0,1.0,1.0,0.6666666666666666,0.3333333333333333,1.0,0.5,,,,,,,,,,,,,,,,,,,,,,,,,,,,,,,,,,,,,,,,,,,,,,,,,,True,,,,,,,,,,,,,,,,
1629018,1610612749,Gary Trent Jr.,Gary Trent Jr.,1629018,MIL,918.0,15.0,-13.0,30,28.0,5.0,6.0,2.0,58,,,1.0,2.0,,,,,2.0,3.0,,2.0,2.0,3.0,2.0,3.0,11.0,40.0,,,1.0,2.0,3.0,2.0,6.0,3.0,2.0,,,,,,,,,,,,,,,1.0,,1.0,,,1.0,1.0,,1.0,1.0,,,,,,,3.0,5.0,0.5,0.5,1.0,0.6666666666666666,0.5,0.6666666666666666,0.6666666666666666,0.8333333333333334,0.75,0.8333333333333334,0.75,0.5,,,21.21212121212121,1.0,,,,,,,,,,,,,,,0.1666666666666666,0.3333333333333333,,,,,0.5,0.6666666666666666,0.6666666666666666,1.0,,,,1.0,0.5,0.6666666666666666,0.47985,,0.5577,0.2727272727272727,17.466666666666665,25.3,0.1666666666666666,1.0,1.0,1.0,,,,,2.0,,,,,,1.0,,,,,,,1.0,1.0,1.0,0.5,0.5,,,,1.0,,1.0,,,,,,,0.5,1.0,,,,,,,,,,,,,,,,,,,,,,,,,,,,,,,,,,,,,,,,,,,,,,,,,True,,,,,,,,,,,,,,,,
1630699,1610612749,MarJon Beauchamp,MarJon Beauchamp,1630699,MIL,7311.0,122.0,12.0,263,262.0,109.0,138.0,34.0,525,6.0,9.0,8.0,9.0,3.0,10.0,,1.0,4.0,11.0,2.0,9.0,11.0,26.0,7.0,21.0,52.0,233.0,2.0,10.0,2.0,10.0,19.0,4.0,18.0,11.0,4.0,4.0,7.0,1.0,8.0,1.0,,17.0,2.0,11.0,10.0,25.0,7.0,32.0,,3.0,1.0,5.0,2.0,8.0,2.0,13.0,7.0,6.0,10.0,1.0,8.0,1.0,,1.0,1.0,19.0,109.0,0.1818181818181818,0.2222222222222222,0.8571428571428571,0.3333333333333333,0.2,0.3333333333333333,0.4230769230769231,0.4574468085106383,0.4,0.490566037735849,0.4318181818181818,0.4468085106382978,0.1538461538461538,0.1111111111111111,21.639344262295083,0.3846153846153846,0.175438596491228,0.0289855072463768,0.1571428571428571,0.1653543307086614,0.0546875,0.0384615384615384,0.15,0.1724137931034483,,1.0,0.1914893617021276,0.6666666666666666,0.75,0.3333333333333333,0.1702127659574468,0.1914893617021276,0.2127659574468085,0.3,0.3,0.6666666666666666,0.2340425531914893,0.3636363636363636,0.4,1.0,0.3333333333333333,0.05,,0.45,0.6382978723404256,0.3636363636363636,0.5249882978723405,0.47005,0.531745,0.3653846153846153,9.73846153846154,24.79047619047619,0.4144486692015209,3.0,2.0,9.0,4.0,,9.0,3.0,18.0,,3.0,2.0,,,12.0,,,0.75,,0.3333333333333333,0.0833333333333333,0.375,0.6,,0.2222222222222222,0.2222222222222222,0.173076923076923,3.0,4.0,2.0,5.0,2.0,,,0.5,0.12,0.2,0.75,0.2222222222222222,,3.0,3.0,1.0,3.0,1.0,3.0,4.0,1.0,7.0,5.0,4.0,2.0,3.0,1.0,6.0,1.0,1.0,0.5,0.75,0.75,0.0476190476190476,0.375,0.0909090909090909,0.3636363636363636,0.0847457627118644,0.04,0.0975609756097561,0.0555555555555555,0.5,1.0,0.5,1.0,0.1132075471698113,0.1875,,,,,,,,,,,,,,,True,,,,,,,,,,,,,,,,
1630649,1610612749,Stanley Umude,Stanley Umude,1630649,MIL,3338.0,56.0,-12.0,124,123.0,50.0,70.0,18.0,247,2.0,3.0,3.0,3.0,1.0,6.0,1.0,2.0,1.0,4.0,2.0,3.0,2.0,9.0,2.0,10.0,12.0,112.0,2.0,2.0,2.0,5.0,8.0,2.0,6.0,4.0,1.0,1.0,2.0,,2.0,,1.0,4.0,2.0,8.0,1.0,10.0,4.0,14.0,,3.0,3.0,1.0,1.0,1.0,,2.0,,3.0,5.0,,2.0,2.0,,2.0,1.0,8.0,50.0,0.5,0.5,1.0,0.2,0.4,0.2,0.2222222222222222,0.2631578947368421,0.5714285714285714,0.2857142857142857,0.5714285714285714,0.5263157894736842,0.1111111111111111,,15.54054054054054,0.5,0.037037037037037,0.0555555555555555,0.2962962962962963,0.1666666666666666,0.0454545454545454,0.0833333333333333,,0.2,,0.5,0.1578947368421052,0.6666666666666666,0.6666666666666666,0.5,0.1578947368421052,0.1578947368421052,0.3157894736842105,0.1666666666666666,0.1666666666666666,1.0,0.2105263157894736,0.25,0.25,1.0,0.4,0.2857142857142857,0.5,0.4285714285714285,0.6842105263157895,0.25,0.5134342105263158,0.4849,0.4944285714285715,0.6666666666666666,7.888888888888889,25.08,0.4032258064516129,,,2.0,3.0,,2.0,,2.0,,1.0,,,,4.0,,,0.2,,,0.5714285714285714,,,,,,0.1666666666666666,1.0,1.0,1.0,1.0,,,,0.5,0.0666666666666666,0.1428571428571428,1.0,0.3333333333333333,,1.0,1.0,,1.0,,,,,1.0,1.0,1.0,,,,2.0,1.0,,,0.3333333333333333,0.2,,0.3333333333333333,,0.1428571428571428,0.0333333333333333,0.0714285714285714,0.0555555555555555,,0.2,1.0,,,0.0952380952380952,0.1818181818181818,1.0,1.0,2.0,0.5,,,,,,,,,,,True,,,,,,,,,,,,,,,,
1641857,1610612749,Liam Robbins,Liam Robbins,1641857,MIL,3209.0,53.0,-3.0,118,116.0,45.0,77.0,16.0,234,1.0,4.0,2.0,,,,,,,2.0,,,2.0,6.0,,2.0,9.0,101.0,,3.0,,,5.0,4.0,,2.0,,3.0,,2.0,2.0,1.0,,6.0,2.0,3.0,2.0,5.0,7.0,12.0,,2.0,1.0,3.0,1.0,2.0,1.0,5.0,2.0,5.0,7.0,1.0,8.0,2.0,,2.0,2.0,5.0,45.0,1.0,1.0,,,,,0.3333333333333333,0.25,0.3333333333333333,0.3461538461538461,0.4166666666666667,0.25,0.5,0.75,13.043478260869566,0.6,0.0869565217391304,0.0666666666666666,0.1,0.0943396226415094,0.1206896551724138,0.0909090909090909,0.125,0.0833333333333333,,1.0,0.5,0.25,1.0,1.0,0.25,,,,,,0.25,,,,,,,,0.75,,0.577,0.6172,0.5866666666666668,0.5555555555555556,3.5500000000000003,25.35,0.3813559322033898,1.0,,5.0,2.0,,,3.0,,1.0,2.0,2.0,,1.0,10.0,,,,,,0.1666666666666666,0.5,0.5,1.0,,,,,2.0,,1.0,1.0,,,0.3333333333333333,0.1,0.6666666666666666,,,,,2.0,,,,,,,,5.0,,,,,5.0,,,,,,,,,,0.1785714285714285,0.1111111111111111,0.2631578947368421,,1.0,,,,0.3846153846153846,0.4545454545454545,,2.0,,,,,,,,,,,,,True,,,,,,,,,,,,,,,,
1641890,1610612749,Tyler Smith,Tyler Smith,1641890,MIL,3036.0,51.0,28.0,110,111.0,55.0,59.0,14.0,221,6.0,8.0,3.0,1.0,1.0,2.0,,,4.0,8.0,,5.0,8.0,12.0,5.0,10.0,32.0,77.0,,4.0,2.0,5.0,12.0,14.0,12.0,8.0,4.0,,,,,,,,3.0,3.0,5.0,10.0,3.0,13.0,1.0,1.0,1.0,,,3.0,,3.0,1.0,2.0,6.0,1.0,2.0,2.0,,2.0,2.0,12.0,55.0,0.875,1.0,0.8,0.5,0.4,0.5,0.6666666666666666,0.7045454545454546,0.6666666666666666,0.6956521739130435,0.6666666666666666,0.4545454545454545,,,20.8,,0.217391304347826,0.1363636363636363,0.0909090909090909,0.1428571428571428,0.0638297872340425,,0.1111111111111111,0.074074074074074,0.1111111111111111,1.0,0.3636363636363636,0.75,0.75,0.8333333333333334,0.1363636363636363,0.0454545454545454,0.0909090909090909,0.5,0.5,1.0,0.3636363636363636,0.5,0.5,0.75,,,,0.5555555555555556,0.8181818181818182,0.5,0.5583681818181818,0.5243333333333333,0.5425444444444444,0.375,4.1,26.01,0.5,2.0,,1.0,6.0,,6.0,,2.0,,,1.0,,,2.0,,,0.5,,,0.1666666666666666,0.6666666666666666,0.6666666666666666,1.0,,,0.1875,3.0,3.0,2.0,3.0,,,,0.75,0.3333333333333333,0.3333333333333333,1.0,0.4,,2.0,4.0,,3.0,,3.0,2.0,,,,2.0,1.0,,,1.0,2.0,,,0.5,0.5,,,,0.3333333333333333,,0.2727272727272727,,,0.6666666666666666,0.5,,,0.0434782608695652,0.0769230769230769,,,1.0,,1.0,1.0,0.5,,,,,,,,True,,,,,,,,,,,,,,,,
1642358,1610612749,AJ Johnson,AJ Johnson,1642358,MIL,1524.0,25.0,22.0,56,56.0,24.0,20.0,5.0,112,3.0,5.0,3.0,,,,,,1.0,2.0,,,3.0,8.0,1.0,2.0,9.0,31.0,,3.0,,,2.0,2.0,,2.0,1.0,2.0,,4.0,4.0,3.0,,12.0,,3.0,2.0,5.0,,5.0,,1.0,,3.0,,,2.0,3.0,2.0,,,,,,,,,2.0,24.0,0.3333333333333333,0.3333333333333333,,0.5,,0.5,0.375,0.45,0.3333333333333333,0.45,0.3333333333333333,0.2,0.25,,20.967741935483872,1.0,0.1176470588235294,,0.1428571428571428,0.131578947368421,,,0.1428571428571428,0.1052631578947368,,,0.5,0.6,0.6,0.3333333333333333,0.3,,,,,,0.2,0.5,0.5,,,,,,0.7,0.5,0.544025,0.3666,0.6042666666666667,0.2222222222222222,3.5500000000000003,28.1,0.4285714285714285,,,,1.0,,,,4.0,1.0,1.0,,,,,,,,,,0.5,,,,,,,1.0,2.0,,1.0,1.0,,,0.3333333333333333,0.125,0.6666666666666666,0.5,,,,,,,,3.0,,,,,,,,,,,,,,,,0.6666666666666666,,,,,,,,,,,,,,,,,,,,1.0,,,,,,,True,,,,,,,,,,,,,,,,
201572,1610612749,Brook Lopez,Brook Lopez,201572,MIL,402.0,7.0,-1.0,15,15.0,,,1.0,30,,,,,,,,,1.0,3.0,,,,,1.0,3.0,3.0,22.0,,,,,,,3.0,3.0,1.0,,1.0,,1.0,,,2.0,,1.0,,1.0,,1.0,,,,,,,,,,,,,,,,,,,,,,1.0,0.3333333333333333,,0.3333333333333333,,0.5,,0.5,,1.0,,,18.75,,,,0.2,0.1666666666666666,,,,0.2,,,,,,,,,,,,,1.0,0.3333333333333333,0.3333333333333333,1.0,,,,,1.0,0.3333333333333333,0.54955,,,,,25.866666666666664,,,,,,,,,,,,,,,,,,,,,,,,,,,,,,,,,,,,,,,,,,,,,,,,,,,,,,,,,,,,,,,,,,,,,,,,,,,,,,,,,,,1.0,,,,,,True,,,,,,,,,,,,,,,,
203081,1610612749,Damian Lillard,Damian Lillard,203081,MIL,829.0,14.0,16.0,30,30.0,13.0,14.0,4.0,60,1.0,1.0,1.0,1.0,,,,,2.0,5.0,,3.0,2.0,3.0,2.0,5.0,17.0,26.0,,2.0,1.0,3.0,8.0,,6.0,5.0,2.0,,1.0,3.0,4.0,3.0,,11.0,,1.0,,1.0,1.0,2.0,,,,1.0,1.0,1.0,,2.0,,,,,4.0,,,,,8.0,13.0,,,1.0,0.4,0.3333333333333333,0.4,0.6666666666666666,0.625,0.5,0.7727272727272727,0.6666666666666666,0.625,,,38.23529411764706,0.5,,,0.0714285714285714,0.0555555555555555,,,,0.0909090909090909,,,0.125,1.0,1.0,,0.125,0.125,,,,,0.625,0.4,0.4,1.0,,,,0.6,0.75,0.4,0.55299375,,0.57689,0.4705882352941176,7.7,26.52,0.4333333333333333,1.0,,7.0,,,,3.0,4.0,,1.0,,,,8.0,,,,,,,1.0,1.0,,,,,1.0,1.0,1.0,1.0,,,,0.5,,0.2,1.0,0.3333333333333333,,,,,,,,,,1.0,,,,,,1.0,,,,,,,,,,,,,,,,,,0.2727272727272727,0.25,1.0,,,1.0,,,,,,2.0,0.2857142857142857,,,,True,,,,,,,,,,,,,,,,
1627752,1610612749,Taurean Prince,Taurean Prince,1627752,MIL,279.0,5.0,-3.0,9,9.0,,5.0,1.0,18,,,,,,1.0,,,,1.0,,,,,,2.0,,10.0,,,,,,,,1.0,,,1.0,1.0,2.0,1.0,,5.0,,1.0,,1.0,,1.0,,,,,,,,,,1.0,1.0,,,,,,,,,,,,,,,,,,,,1.0,,,20.0,,,,0.25,0.1666666666666666,,,,0.3333333333333333,,,,,,,,,0.5,,,,0.5,,,,,,,,1.0,,0.5206500000000001,,,,,24.85,,,,,,,,,,,,,,,,,,,,,,,,,,,,,,,,,,,,,,,,,,,,,,,,,1.0,,,,,,,,,,,,,,,,,,,,,,,,,,,,,,,,,,,,,,,,True,,,,,,,,,,,,,,,,
1631157,1610612749,Ryan Rollins,Ryan Rollins,1631157,MIL,3821.0,64.0,-15.0,139,139.0,62.0,81.0,17.0,278,5.0,9.0,7.0,2.0,1.0,3.0,,1.0,2.0,9.0,2.0,6.0,11.0,18.0,3.0,12.0,34.0,137.0,2.0,5.0,1.0,7.0,10.0,2.0,6.0,9.0,2.0,2.0,7.0,2.0,9.0,1.0,3.0,20.0,,3.0,1.0,4.0,,4.0,,6.0,3.0,6.0,2.0,2.0,1.0,8.0,3.0,5.0,7.0,,4.0,1.0,,1.0,,10.0,62.0,0.0909090909090909,0.0909090909090909,0.6666666666666666,0.25,0.1428571428571428,0.25,0.6111111111111112,0.5166666666666667,0.2916666666666667,0.53125,0.3571428571428571,0.4,0.1111111111111111,0.1111111111111111,24.844720496894407,0.75,0.04,,0.1111111111111111,0.0769230769230769,,,,0.125,,,0.3,0.5555555555555556,0.625,0.2,0.2333333333333333,0.0666666666666666,0.1,0.3333333333333333,0.3333333333333333,1.0,0.3,0.2222222222222222,0.2222222222222222,0.5,1.0,0.0833333333333333,,0.5,0.7,0.2222222222222222,0.5502916666666666,0.3549,0.4844083333333333,0.2941176470588235,5.51111111111111,25.475,0.4460431654676259,5.0,1.0,3.0,,,3.0,3.0,20.0,1.0,5.0,,,,4.0,1.0,1.0,0.75,,0.125,,0.7142857142857143,0.8333333333333334,,0.5,0.5,0.088235294117647,,2.0,1.0,2.0,3.0,,,0.4,,0.1666666666666666,,0.1666666666666666,,,,1.0,,1.0,3.0,,,4.0,,,,,,1.0,,,0.5,,0.75,,0.1428571428571428,,,,,,,,,0.5,1.0,0.032258064516129,0.0526315789473684,,1.0,1.0,,,2.0,,,,,,,,,True,,,,,,,,,,,,,,,,
1641748,1610612749,Andre Jackson Jr.,Andre Jackson Jr.,1641748,MIL,1743.0,29.0,-11.0,64,69.0,35.0,43.0,10.0,133,3.0,8.0,1.0,,,,,,1.0,1.0,,,3.0,9.0,1.0,1.0,10.0,71.0,,6.0,,,4.0,,3.0,1.0,1.0,,,4.0,4.0,3.0,,12.0,2.0,2.0,3.0,5.0,4.0,9.0,,3.0,1.0,1.0,2.0,2.0,,3.0,2.0,1.0,4.0,,2.0,2.0,,2.0,1.0,4.0,35.0,,,1.0,1.0,,1.0,0.3333333333333333,0.45,0.3333333333333333,0.4545454545454545,0.3333333333333333,0.1,,,18.42105263157895,0.3333333333333333,0.2142857142857142,0.1111111111111111,0.25,0.2272727272727272,0.1176470588235294,,0.3333333333333333,0.4,,0.5,0.8,0.375,0.375,,0.1,,,,,,0.1,1.0,1.0,1.0,,,,,0.9,1.0,0.6781399999999999,0.789,0.7171666666666666,0.4,2.233333333333333,25.6,0.546875,,,1.0,2.0,,4.0,,6.0,1.0,1.0,2.0,,,2.0,,,1.0,0.5,,,,,,,,0.4,2.0,6.0,,2.0,2.0,,,0.3333333333333333,0.2222222222222222,1.0,0.3333333333333333,,,2.0,2.0,,2.0,,,4.0,,,2.0,,,,,1.0,2.0,,,1.0,1.0,,,,,0.125,0.1111111111111111,0.1818181818181818,,1.0,1.0,,,0.0909090909090909,0.1,,,2.0,,,1.0,,,,,,1.0,,,True,,,,,,,,,,,,,,,,
1641753,1610612749,Chris Livingston,Chris Livingston,1641753,MIL,2362.0,39.0,-2.0,84,85.0,33.0,32.0,12.0,169,3.0,4.0,1.0,,,,,,,3.0,,,3.0,5.0,,3.0,9.0,70.0,,3.0,,,5.0,4.0,,3.0,,1.0,,,,,,,3.0,5.0,4.0,9.0,5.0,14.0,,1.0,1.0,,,,,,,1.0,3.0,,3.0,,,,,5.0,33.0,0.6666666666666666,1.0,,,,,0.6,0.375,0.3333333333333333,0.45,0.5,0.375,0.2,,9.803921568627452,,0.16,0.1153846153846153,0.217391304347826,0.1875,0.1136363636363636,0.1111111111111111,0.1818181818181818,0.2,,,0.5,0.75,0.75,0.6666666666666666,0.125,,,,,,0.375,,,,,,,,0.875,,0.627725,0.6987,0.6402333333333333,0.5555555555555556,1.6800000000000002,26.2,0.3928571428571428,,,3.0,2.0,2.0,4.0,3.0,2.0,,,,,,5.0,,,0.6666666666666666,0.1666666666666666,,0.3333333333333333,,,,,,0.4444444444444444,1.0,2.0,,1.0,,,,0.3333333333333333,0.2,0.6666666666666666,0.5,,,1.0,1.0,,1.0,,,2.0,,,2.0,,,,,3.0,,,,0.5,0.5,,1.0,,,0.1111111111111111,0.0909090909090909,0.1,0.125,0.5,1.0,,,0.3,0.4285714285714285,,,1.0,,,,,,,,,1.0,1.0,,True,,,,,,,,,,,,,,,,
203507,1610612749,Giannis Antetokounmpo,Giannis Antetokounmpo,203507,MIL,583.0,10.0,12.0,19,20.0,17.0,17.0,3.0,39,2.0,4.0,,1.0,,,,,,,,,3.0,5.0,,,8.0,14.0,,5.0,,,7.0,2.0,,,,,,2.0,2.0,2.0,,6.0,,3.0,1.0,4.0,,4.0,,,,,,1.0,,1.0,1.0,1.0,2.0,,2.0,1.0,,1.0,,7.0,17.0,0.3333333333333333,0.3333333333333333,,,,,0.6,0.6,0.6,0.5714285714285714,0.5833333333333334,,,,36.36363636363637,,0.2,,0.3333333333333333,0.2857142857142857,,,,0.1666666666666666,,,0.8,0.5,0.5,0.5,,0.2,,,,,,,,,,,,,0.8,,0.63242,,0.63242,0.875,4.36,,0.8947368421052632,,1.0,2.0,,,,1.0,4.0,,,,,,4.0,,,,,0.5,0.6666666666666666,,,,1.0,1.0,,2.0,4.0,,3.0,,,,0.6,,0.8,0.5,,,,,,,,,,,,,,,1.0,,2.0,,,,,,,,,,,,,,,,,,0.2857142857142857,0.2857142857142857,,1.0,1.0,,,,,,,,,,,,True,,,,,,,,,,,,,,,,
203114,1610612749,Khris Middleton,Khris Middleton,203114,MIL,309.0,5.0,-2.0,12,12.0,,,1.0,24,,,,1.0,,,,,,,,,1.0,1.0,,,2.0,17.0,,,,,,2.0,,,,,1.0,,1.0,,1.0,2.0,,,,,,,,,,,,,,,,,,,1.0,,,,,,,1.0,1.0,,,,,1.0,1.0,,1.0,,,,,7.692307692307692,,,,,,,,,,,,,,,,,1.0,,,,,,,,,,,,,,,0.4631,,,,17.1,,,,1.0,,,,,,,,,,,1.0,,,,,,,,,,,1.0,1.0,,,,,,,,,,,,,,,,,,,,,,,,,,,,,,,,,,,,,,,,,,,,,,,,,,,,,,,,,,,,,,1.0,True,,,,,,,,,,,,,,,,
1631260,1610612749,AJ Green,AJ Green,1631260,MIL,1235.0,21.0,-4.0,49,50.0,36.0,40.0,5.0,99,,,,1.0,,,,,2.0,5.0,,5.0,,1.0,2.0,5.0,8.0,48.0,,1.0,2.0,5.0,8.0,,6.0,5.0,2.0,,2.0,1.0,3.0,,,7.0,,1.0,,2.0,,2.0,,,,,,,,,,,,,1.0,,,,,8.0,36.0,,,1.0,0.4,0.4,0.4,,0.5,0.5,0.5714285714285714,0.5714285714285714,0.8333333333333334,,,12.962962962962962,,,,0.1111111111111111,0.0769230769230769,,,,0.1111111111111111,,,,,,,,0.1666666666666666,,,,,0.8333333333333334,0.4,0.4,1.0,,,,0.8333333333333334,0.8333333333333334,0.4,0.481975,,0.481975,1.0,16.5,25.94,0.7346938775510204,,,2.0,,,,2.0,,1.0,,,,1.0,2.0,1.0,1.0,,,,,,,,,,,,,2.0,,,,,,,,,0.4,,,,,,,,,,2.0,,1.0,,,,,,,,,,,,,0.3333333333333333,,,,,,,,,,,,,,,,,,,,,,,,,True,,,,,,,,,,,,,,,,
1626153,1610612749,Delon Wright,Delon Wright,1626153,MIL,21500.0,358.0,-8.0,729,725.0,175.0,153.0,68.0,1454,7.0,13.0,11.0,,5.0,10.0,1.0,2.0,4.0,31.0,,5.0,9.0,24.0,9.0,41.0,54.0,794.0,1.0,6.0,3.0,7.0,12.0,4.0,27.0,31.0,4.0,4.0,20.0,23.0,43.0,11.0,8.0,109.0,6.0,14.0,13.0,27.0,14.0,41.0,,20.0,16.0,9.0,,2.0,4.0,11.0,4.0,9.0,14.0,,19.0,7.0,1.0,7.0,5.0,12.0,175.0,0.2222222222222222,0.25,1.0,0.2195121951219512,0.4285714285714285,0.2195121951219512,0.375,0.3461538461538461,0.4230769230769231,0.3698630136986301,0.4285714285714285,0.6307692307692307,0.1666666666666666,0.1538461538461538,10.3831891223733,0.8181818181818182,0.0677083333333333,0.0352941176470588,0.0833333333333333,0.075,0.0409356725146198,0.046875,,0.0769230769230769,,0.7142857142857143,0.2,0.5384615384615384,0.6363636363636364,0.2857142857142857,0.1692307692307692,,0.1538461538461538,0.5,0.5,1.0,0.4769230769230769,0.1290322580645161,0.1333333333333333,1.0,,0.1538461538461538,0.5,0.3846153846153846,0.8307692307692308,0.1290322580645161,0.540166923076923,0.54285,0.5021615384615384,0.2222222222222222,4.854166666666667,25.341463414634145,0.2400548696844993,2.0,,9.0,4.0,1.0,8.0,1.0,14.0,12.0,5.0,,1.0,1.0,16.0,1.0,1.0,0.5714285714285714,0.0238095238095238,0.1212121212121212,0.1052631578947368,0.1818181818181818,0.2222222222222222,,,,0.1481481481481481,1.0,4.0,2.0,1.0,4.0,,,0.1666666666666666,0.1139240506329113,0.3076923076923077,0.25,0.4,,2.0,2.0,,2.0,1.0,,2.0,1.0,5.0,8.0,,1.0,,1.0,7.0,4.0,,1.0,0.5,0.7,0.024390243902439,0.1818181818181818,0.032258064516129,,0.0465116279069767,0.03125,0.0378787878787878,0.075,0.4,1.0,,,0.0972222222222222,0.2258064516129032,,2.0,,,,3.0,0.5,,7.0,,,,,,False,1.0,1.0,0.2,1.0,1.0,,,,,,,,,,,
1626171,1610612749,Bobby Portis,Bobby Portis,1626171,MIL,73433.0,1224.0,85.0,2528,2514.0,622.0,508.0,238.0,5042,83.0,127.0,164.0,116.0,21.0,48.0,4.0,14.0,44.0,129.0,11.0,31.0,209.0,407.0,65.0,177.0,672.0,2863.0,14.0,83.0,12.0,45.0,149.0,216.0,189.0,129.0,44.0,29.0,47.0,55.0,102.0,39.0,7.0,259.0,49.0,137.0,156.0,317.0,88.0,405.0,12.0,35.0,22.0,28.0,6.0,27.0,12.0,55.0,12.0,54.0,90.0,7.0,71.0,24.0,1.0,26.0,17.0,149.0,615.0,0.5167464114832536,0.5869565217391305,0.9692307692307692,0.3672316384180791,0.2666666666666666,0.3672316384180791,0.5135135135135135,0.5248287671232876,0.515625,0.5463414634146342,0.5437956204379562,0.3030821917808219,0.0712530712530712,0.1102362204724409,23.971377459749554,0.509090909090909,0.2574257425742574,0.0859649122807017,0.2124031007751938,0.2342126298960831,0.0773286467486819,0.074235807860262,0.2744360902255639,0.2065439672801636,0.0436363636363636,0.6538461538461539,0.2174657534246575,0.6535433070866141,0.7345132743362832,0.5542168674698795,0.2808219178082192,0.1986301369863013,0.0821917808219178,0.4375,0.4375,1.0,0.2208904109589041,0.3410852713178294,0.3464566929133858,0.9545454545454546,0.1264367816091954,0.109375,0.2857142857142857,0.2421875,0.5205479452054794,0.3410852713178294,0.514546404109589,0.5433342105263158,0.507409765625,0.2217261904761904,9.055282555282552,25.58813559322034,0.2460443037974683,76.0,50.0,59.0,73.0,8.0,112.0,17.0,202.0,16.0,16.0,3.0,,10.0,71.0,7.0,7.0,0.6153846153846154,0.0409356725146198,0.2301587301587301,0.2307692307692307,0.4634146341463415,0.5066666666666667,0.4473684210526316,0.4310344827586206,0.4347826086956521,0.1666666666666666,18.0,25.0,8.0,48.0,13.0,2.0,2.0,0.5783132530120482,0.2523364485981308,0.1953125,0.72,0.2580645161290322,,26.0,48.0,6.0,40.0,8.0,6.0,50.0,2.0,33.0,39.0,24.0,2.0,7.0,,33.0,13.0,1.0,0.5714285714285714,0.547945205479452,0.5977011494252874,0.0112994350282485,0.0853658536585365,0.0155038759689922,0.4067796610169492,0.0686619718309859,0.1470588235294117,0.0538641686182669,0.1134751773049645,0.5517241379310345,0.5416666666666666,0.5454545454545454,0.8333333333333334,0.0542763157894736,0.0765661252900232,,10.0,4.0,,4.0,2.0,0.0384615384615384,1.0,7.0,,,6.0,9.0,0.56,False,2.0,3.0,0.0344827586206896,0.6666666666666666,1.0,1.0,1.0,0.0086206896551724,,,,,,,,
1626192,1610612749,Pat Connaughton,Pat Connaughton,1626192,MIL,34478.0,575.0,-23.0,1162,1147.0,307.0,309.0,112.0,2309,42.0,67.0,23.0,3.0,4.0,20.0,1.0,5.0,20.0,58.0,7.0,10.0,55.0,93.0,24.0,78.0,206.0,1367.0,8.0,23.0,3.0,15.0,48.0,76.0,63.0,58.0,20.0,8.0,39.0,29.0,68.0,18.0,8.0,165.0,10.0,41.0,38.0,84.0,18.0,102.0,2.0,8.0,6.0,16.0,5.0,8.0,3.0,24.0,5.0,29.0,42.0,,30.0,6.0,,10.0,8.0,48.0,305.0,0.6909090909090909,0.7450980392156863,0.875,0.3076923076923077,0.2,0.3076923076923077,0.5913978494623656,0.5321637426900585,0.4868421052631579,0.5567567567567567,0.5333333333333333,0.4561403508771929,0.086021505376344,0.0746268656716417,16.124031007751938,0.6666666666666666,0.1319444444444444,0.0392156862745098,0.1423611111111111,0.1371527777777778,0.0335305719921104,0.0192307692307692,0.1612903225806451,0.1396396396396396,0.0263157894736842,0.8,0.391812865497076,0.6268656716417911,0.6774193548387096,0.7380952380952381,0.1345029239766081,0.0175438596491228,0.1169590643274853,0.2,0.2105263157894736,1.0,0.3391812865497076,0.3448275862068966,0.3508771929824561,0.85,0.4666666666666667,0.131578947368421,0.2,0.2631578947368421,0.847953216374269,0.3448275862068966,0.5774281065088758,0.5445,0.5790472972972974,0.233009708737864,3.5569892473118268,25.72564102564102,0.2641996557659208,12.0,1.0,24.0,7.0,,24.0,11.0,34.0,11.0,13.0,1.0,1.0,,31.0,4.0,4.0,0.8,0.0847457627118644,0.0681818181818181,0.1515151515151515,0.5217391304347826,0.6,0.5833333333333334,0.3333333333333333,0.3333333333333333,0.116504854368932,10.0,15.0,2.0,14.0,2.0,4.0,4.0,0.6086956521739131,0.125,0.3947368421052631,0.6666666666666666,0.2,,6.0,6.0,4.0,6.0,4.0,9.0,8.0,2.0,27.0,7.0,5.0,1.0,1.0,,12.0,4.0,2.0,0.5,0.8571428571428571,0.8,0.0256410256410256,0.1304347826086956,0.0172413793103448,0.217391304347826,0.0277777777777777,0.0326086956521739,0.0220994475138121,0.0422535211267605,0.4,1.0,0.5714285714285714,1.0,0.0666666666666666,0.1176470588235294,1.0,2.0,2.0,0.0256410256410256,,5.0,0.3333333333333333,,4.0,1.0,,1.0,3.0,,False,,1.0,0.0666666666666666,,,,,,0.05,,,,,,,
1627752,1610612749,Taurean Prince,Taurean Prince,1627752,MIL,129674.0,2161.0,-19.0,4455,4445.0,838.0,668.0,371.0,8900,58.0,99.0,64.0,16.0,78.0,172.0,10.0,30.0,69.0,161.0,8.0,27.0,88.0,179.0,147.0,333.0,656.0,5205.0,17.0,36.0,20.0,57.0,117.0,136.0,435.0,159.0,69.0,20.0,101.0,52.0,153.0,25.0,24.0,358.0,12.0,129.0,117.0,252.0,34.0,286.0,8.0,76.0,51.0,53.0,12.0,29.0,15.0,82.0,17.0,86.0,164.0,4.0,60.0,14.0,1.0,15.0,5.0,112.0,825.0,0.7727272727272727,0.8095238095238095,0.9863945578231292,0.4414414414414414,0.3508771929824561,0.4441087613293051,0.4916201117318435,0.6025390625,0.5053763440860215,0.6146616541353384,0.5518867924528302,0.650390625,0.1117318435754189,0.1515151515151515,12.589706786959196,0.6463414634146342,0.1068493150684931,0.0123711340206185,0.1180237877401646,0.1124314442413162,0.0155440414507772,0.0130548302872062,0.1013384321223709,0.114521841794569,0.032,0.3333333333333333,0.193359375,0.5858585858585859,0.6904761904761905,0.7931034482758621,0.125,0.03125,0.3359375,0.4534883720930232,0.4588235294117647,0.9871794871794872,0.314453125,0.4285714285714285,0.4285714285714285,0.9855072463768116,0.2352941176470588,0.3225806451612903,0.3333333333333333,0.2903225806451613,0.84375,0.4339622641509434,0.5659963725490197,0.60393,0.5407384615384617,0.1783536585365853,5.321229050279331,24.82072072072072,0.1881032547699214,23.0,7.0,39.0,17.0,2.0,44.0,23.0,40.0,27.0,38.0,10.0,,5.0,48.0,10.0,7.0,0.6285714285714286,,0.0913705583756345,0.1300813008130081,0.359375,0.3898305084745763,0.6956521739130435,0.4375,0.4375,0.0670731707317073,8.0,21.0,10.0,17.0,25.0,1.0,1.0,0.4722222222222222,0.1226666666666666,0.2258064516129032,0.3809523809523809,0.3703703703703703,3.0,8.0,14.0,3.0,9.0,8.0,6.0,8.0,2.0,65.0,18.0,6.0,3.0,7.0,4.0,12.0,7.0,,0.4705882352941176,0.5294117647058824,0.6176470588235294,0.006006006006006,0.078125,,0.075,0.01875,0.0202312138728323,0.0181058495821727,0.0206611570247933,0.4117647058823529,0.5714285714285714,0.375,0.6666666666666666,0.0268199233716475,0.0638297872340425,4.0,6.0,10.0,0.0310077519379844,2.0,13.0,0.5,2.0,12.0,2.0,0.0059880239520958,10.0,3.0,0.8571428571428571,False,5.0,9.0,0.2647058823529412,0.5555555555555556,1.0,,,,0.0116279069767441,2.0,1.0,,,,,
1629018,1610612749,Gary Trent Jr.,Gary Trent Jr.,1629018,MIL,112687.0,1878.0,83.0,3850,3847.0,1032.0,804.0,331.0,7697,31.0,58.0,87.0,76.0,51.0,107.0,17.0,35.0,127.0,323.0,29.0,79.0,101.0,221.0,178.0,430.0,813.0,4493.0,40.0,46.0,42.0,114.0,207.0,96.0,483.0,323.0,127.0,10.0,52.0,35.0,87.0,22.0,17.0,209.0,9.0,102.0,42.0,148.0,20.0,168.0,6.0,71.0,30.0,21.0,,20.0,10.0,41.0,7.0,43.0,123.0,6.0,71.0,5.0,,5.0,1.0,205.0,1024.0,0.4752475247524752,0.4848484848484848,0.904494382022472,0.413953488372093,0.3684210526315789,0.413953488372093,0.4570135746606334,0.565284178187404,0.51875,0.5901162790697675,0.575,0.6605222734254992,0.0452488687782805,0.1034482758620689,17.258522727272727,0.5121951219512195,0.0469273743016759,0.0108173076923076,0.1059190031152648,0.077502691065662,0.0118906064209274,0.0087463556851311,0.0482758620689655,0.1065246338215712,0.0169014084507042,0.2,0.0890937019969278,0.5344827586206896,0.5961538461538461,0.5161290322580645,0.1336405529953917,0.1167434715821812,0.1643625192012288,0.4766355140186916,0.4811320754716981,0.9607843137254902,0.4961597542242703,0.3931888544891641,0.3931888544891641,0.8818897637795275,0.5370370370370371,0.21875,0.4857142857142857,0.49375,0.7496159754224271,0.3931888544891641,0.528786098310292,0.5308532258064517,0.5242303125000001,0.2546125461254612,10.319004524886871,25.626046511627905,0.268051948051948,42.0,28.0,77.0,14.0,5.0,71.0,41.0,106.0,13.0,11.0,4.0,2.0,8.0,91.0,6.0,5.0,0.6228070175438597,0.0091324200913242,0.0685714285714285,0.1037735849056603,0.4827586206896552,0.4941176470588235,0.5476190476190477,0.3684210526315789,0.3783783783783784,0.087330873308733,8.0,14.0,25.0,20.0,41.0,,,0.4347826086956521,0.031578947368421,0.0875,0.5714285714285714,0.3164556962025316,1.0,1.0,6.0,13.0,6.0,18.0,51.0,4.0,1.0,27.0,11.0,4.0,6.0,3.0,,32.0,2.0,,0.45,0.4285714285714285,0.6111111111111112,0.0023255813953488,0.0229885057471264,,0.0459770114942528,0.0129411764705882,0.0148148148148148,0.0089153046062407,0.0282485875706214,0.1111111111111111,0.1666666666666666,0.4482758620689655,0.9230769230769232,0.0586510263929618,0.1295546558704453,,3.0,7.0,,1.0,11.0,1.0,,8.0,8.0,0.0183908045977011,3.0,6.0,0.3214285714285714,False,5.0,11.0,0.2037037037037037,0.4545454545454545,0.8,,,0.0263157894736842,0.0093457943925233,,3.0,1.0,,,,
1631260,1610612749,AJ Green,AJ Green,1631260,MIL,98310.0,1638.0,231.0,3373,3353.0,790.0,673.0,288.0,6726,8.0,13.0,11.0,36.0,59.0,112.0,13.0,22.0,94.0,246.0,13.0,52.0,27.0,60.0,153.0,358.0,533.0,3700.0,27.0,12.0,34.0,74.0,124.0,40.0,432.0,242.0,93.0,1.0,37.0,68.0,105.0,49.0,9.0,278.0,8.0,70.0,66.0,154.0,18.0,172.0,2.0,37.0,17.0,21.0,6.0,19.0,8.0,40.0,6.0,90.0,157.0,6.0,49.0,6.0,,7.0,3.0,124.0,786.0,0.7407407407407407,0.7407407407407407,0.9411764705882352,0.4273743016759777,0.4594594594594595,0.428169014084507,0.45,0.6136363636363636,0.6511627906976745,0.6241217798594848,0.6739130434782609,0.8564593301435407,0.0166666666666666,,12.659257251287611,0.525,0.0798065296251511,0.0110192837465564,0.0858895705521472,0.0828258221680877,0.0094979647218453,0.0037037037037037,0.0729166666666666,0.0982286634460547,0.0088495575221238,0.4285714285714285,0.0311004784688995,0.6153846153846154,0.6153846153846154,0.875,0.0263157894736842,0.0861244019138756,0.2679425837320574,0.5267857142857143,0.5267857142857143,0.9322033898305084,0.5885167464114832,0.3821138211382114,0.3852459016393442,0.946808510638298,0.40625,0.2558139534883721,0.5909090909090909,0.6046511627906976,0.8875598086124402,0.384297520661157,0.5364413834951457,0.5153295454545455,0.5043666666666665,0.2326454033771107,12.673333333333336,25.890502793296108,0.2342128668840794,5.0,14.0,20.0,5.0,2.0,43.0,12.0,14.0,19.0,13.0,1.0,,2.0,25.0,4.0,4.0,0.6515151515151515,0.0185185185185185,0.0782122905027933,0.0463917525773195,0.4545454545454545,0.5,0.4,0.3888888888888889,0.3888888888888889,0.0806754221388367,,,21.0,5.0,20.0,1.0,1.0,0.4166666666666667,0.0909090909090909,,,0.4038461538461538,1.0,,1.0,6.0,1.0,13.0,27.0,,2.0,23.0,6.0,18.0,2.0,1.0,5.0,3.0,2.0,,0.4814814814814814,0.2,0.640625,0.0055865921787709,0.0909090909090909,0.008130081300813,0.225,0.0080213903743315,0.0125,0.010507880910683,,0.03125,,0.4615384615384615,1.0,0.0165484633569739,0.0491803278688524,4.0,4.0,12.0,0.04,3.0,13.0,,,5.0,4.0,0.011049723756906,5.0,2.0,0.7857142857142857,False,7.0,14.0,0.4375,0.5,0.8571428571428571,,,,,3.0,,,1.0,,,
201572,1610612749,Brook Lopez,Brook Lopez,201572,MIL,152368.0,2539.0,135.0,5216,5190.0,899.0,758.0,430.0,10406,154.0,198.0,163.0,40.0,22.0,39.0,2.0,3.0,116.0,331.0,13.0,47.0,255.0,401.0,138.0,370.0,1038.0,5959.0,16.0,65.0,21.0,50.0,180.0,380.0,408.0,331.0,116.0,20.0,77.0,65.0,142.0,51.0,15.0,349.0,66.0,108.0,173.0,288.0,113.0,401.0,13.0,50.0,27.0,36.0,5.0,48.0,14.0,84.0,22.0,97.0,171.0,32.0,135.0,144.0,1.0,148.0,102.0,180.0,890.0,0.7450980392156863,0.8636363636363636,0.9855072463768116,0.372972972972973,0.42,0.372972972972973,0.6359102244389028,0.5992217898832685,0.6391304347826087,0.6260554885404102,0.6766917293233082,0.4798962386511025,0.0498753117206982,0.0606060606060606,15.98389355742297,0.4285714285714285,0.1358994501178319,0.0577427821522309,0.0838509316770186,0.1097227645450995,0.0449978156400174,0.0844444444444444,0.1400329489291598,0.0895372233400402,0.037037037037037,0.6891891891891891,0.2568093385214007,0.7777777777777778,0.8279569892473119,0.7012987012987013,0.2114137483787289,0.0518806744487678,0.0505836575875486,0.5641025641025641,0.5641025641025641,0.9545454545454546,0.4293125810635538,0.3504531722054381,0.3504531722054381,0.9913793103448276,0.1494252873563218,0.0260869565217391,0.6666666666666666,0.408695652173913,0.7367055771725033,0.3504531722054381,0.5457878728923475,0.538430701754386,0.5457408695652175,0.1734104046242774,6.044887780548628,26.77054054054053,0.1723542944785276,84.0,17.0,114.0,71.0,15.0,138.0,33.0,130.0,14.0,22.0,1.0,1.0,9.0,138.0,7.0,7.0,0.7419354838709677,0.0292207792207792,0.1195219123505976,0.064625850340136,0.5153374233128835,0.5419354838709678,0.7976190476190477,0.425,0.425,0.1329479768786127,30.0,38.0,19.0,42.0,23.0,4.0,1.0,0.6461538461538462,0.1397590361445783,0.3304347826086956,0.7894736842105263,0.4042553191489361,,38.0,53.0,6.0,48.0,9.0,6.0,70.0,,51.0,37.0,7.0,1.0,3.0,,73.0,77.0,11.0,0.5625,0.676056338028169,0.7068965517241379,,0.0490797546012269,,0.0795454545454545,0.0322862129144851,0.0493506493506493,0.0269058295964125,0.0511811023622047,0.6091954022988506,0.7169811320754716,0.4615384615384615,0.8333333333333334,0.0888077858880778,0.161504424778761,10.0,66.0,7.0,0.072463768115942,1.0,3.0,0.0526315789473684,2.0,11.0,,,15.0,22.0,0.8823529411764706,False,3.0,3.0,0.0344827586206896,1.0,0.6666666666666666,,,,,,,5.0,,3.0,,
203507,1610612749,Giannis Antetokounmpo,Giannis Antetokounmpo,203507,MIL,136737.0,2279.0,322.0,4686,4663.0,1073.0,930.0,425.0,9349,557.0,742.0,260.0,249.0,,3.0,,,14.0,60.0,6.0,13.0,776.0,1251.0,14.0,63.0,2028.0,5324.0,6.0,237.0,2.0,13.0,450.0,666.0,21.0,59.0,14.0,76.0,175.0,256.0,431.0,166.0,35.0,1118.0,97.0,324.0,286.0,647.0,147.0,794.0,37.0,58.0,36.0,100.0,19.0,105.0,50.0,205.0,47.0,66.0,153.0,19.0,505.0,76.0,1.0,77.0,53.0,440.0,1056.0,0.4291237113402061,0.4657342657342657,0.5,0.2222222222222222,0.1538461538461538,0.2258064516129032,0.6203037569944044,0.606544901065449,0.624,0.6282527881040892,0.6428571428571429,0.047945205479452,0.0607513988808952,0.0619946091644204,35.2724452200892,0.4878048780487805,0.2528735632183908,0.0979797979797979,0.2788296041308089,0.2660270388137811,0.073559670781893,0.1038251366120218,0.2513761467889908,0.2753950338600451,0.0835214446952596,0.6883116883116883,0.5646879756468798,0.7506738544474394,0.8002873563218391,0.4829443447037702,0.197869101978691,0.1894977168949771,0.002283105022831,,,,0.045662100456621,0.2333333333333333,0.2333333333333333,0.5,0.0413793103448275,,,0.052,0.6126331811263318,0.2372881355932203,0.589169092987805,0.5740256880733945,0.5771885080645163,0.2218934911242603,6.061390887290168,26.749206349206343,0.2289799402475459,107.0,112.0,434.0,139.0,47.0,233.0,138.0,886.0,90.0,50.0,11.0,13.0,16.0,703.0,41.0,32.0,0.6581920903954802,0.0343511450381679,0.3521739130434783,0.2898550724637681,0.4115384615384615,0.4632034632034632,0.2990654205607476,0.4497991967871486,0.4516129032258064,0.1148915187376725,105.0,137.0,2.0,153.0,22.0,1.0,,0.6455696202531646,0.1910112359550561,0.548,0.7664233576642335,0.1538461538461538,,78.0,105.0,2.0,90.0,2.0,21.0,122.0,,118.0,46.0,37.0,13.0,25.0,,350.0,48.0,1.0,0.3333333333333333,0.6474820143884892,0.6413793103448275,,0.1115384615384615,,0.425287356321839,0.0482180293501048,0.1381215469613259,0.0541666666666666,0.0299145299145299,0.7241379310344828,0.7428571428571429,0.3333333333333333,0.5,0.2231404958677686,0.2319416832339297,4.0,27.0,12.0,0.0212765957446808,5.0,3.0,0.1282051282051282,7.0,22.0,1.0,0.015625,8.0,92.0,0.2857142857142857,False,,,,,,1.0,1.0,0.0040160642570281,,1.0,,1.0,,1.0,,
1641748,1610612749,Andre Jackson Jr.,Andre Jackson Jr.,1641748,MIL,57064.0,951.0,-22.0,1952,1959.0,269.0,330.0,187.0,3911,48.0,70.0,35.0,7.0,16.0,43.0,1.0,5.0,13.0,32.0,4.0,1.0,61.0,112.0,29.0,75.0,220.0,2253.0,8.0,16.0,2.0,6.0,29.0,84.0,84.0,32.0,13.0,7.0,38.0,41.0,79.0,29.0,8.0,199.0,31.0,61.0,45.0,112.0,61.0,173.0,2.0,31.0,21.0,29.0,7.0,26.0,5.0,55.0,8.0,50.0,110.0,9.0,25.0,11.0,,12.0,8.0,29.0,263.0,0.6885245901639344,0.7636363636363637,0.9655172413793104,0.3866666666666666,0.3333333333333333,0.3866666666666666,0.5446428571428571,0.5588235294117647,0.6363636363636364,0.5583756345177665,0.58,0.4010695187165775,0.0625,0.0571428571428571,11.60755412252418,0.5272727272727272,0.093167701863354,0.0736342042755344,0.1292372881355932,0.1109947643979057,0.0679501698754246,0.0736196319018405,0.0723981900452488,0.1274787535410765,0.0224719101123595,0.6666666666666666,0.374331550802139,0.6857142857142857,0.7272727272727273,0.6666666666666666,0.1871657754010695,0.0374331550802139,0.2299465240641711,0.3720930232558139,0.3720930232558139,1.0,0.1711229946524064,0.40625,0.40625,0.9230769230769232,0.1538461538461538,0.2272727272727272,0.2,0.0454545454545454,0.7754010695187166,0.40625,0.5961543010752687,0.55735,0.6027613636363638,0.1318181818181818,4.572321428571428,24.72266666666666,0.1378073770491803,10.0,3.0,11.0,18.0,1.0,36.0,1.0,38.0,12.0,24.0,4.0,,4.0,22.0,,,0.6666666666666666,0.0571428571428571,0.1267605633802817,0.134453781512605,0.2857142857142857,0.3125,0.7,0.4285714285714285,0.4285714285714285,0.1636363636363636,8.0,9.0,1.0,11.0,10.0,1.0,1.0,0.6875,0.1047120418848167,0.4090909090909091,0.8888888888888888,1.0,,7.0,13.0,3.0,10.0,5.0,3.0,12.0,,24.0,29.0,6.0,3.0,4.0,,12.0,8.0,,0.625,0.5555555555555556,0.6730769230769231,,0.0857142857142857,,0.1875,0.0627705627705627,0.0849673202614379,0.0646067415730337,0.0566037735849056,0.5,0.5384615384615384,0.75,1.0,0.0609137055837563,0.0983606557377049,1.0,3.0,12.0,0.0185185185185185,2.0,6.0,0.1428571428571428,1.0,6.0,,,10.0,2.0,1.0,False,2.0,4.0,0.1538461538461538,0.5,1.0,,1.0,,,,,,,,,
203081,1610612749,Damian Lillard,Damian Lillard,203081,MIL,124744.0,2079.0,37.0,4306,4276.0,891.0,777.0,393.0,8582,120.0,199.0,115.0,151.0,17.0,42.0,4.0,10.0,178.0,477.0,34.0,101.0,245.0,465.0,195.0,519.0,1430.0,5001.0,39.0,78.0,35.0,111.0,301.0,78.0,333.0,473.0,178.0,33.0,247.0,159.0,406.0,114.0,56.0,971.0,15.0,137.0,98.0,241.0,28.0,269.0,10.0,70.0,39.0,119.0,27.0,41.0,35.0,160.0,38.0,54.0,97.0,1.0,295.0,9.0,,10.0,8.0,293.0,876.0,0.1591836734693877,0.1611570247933884,0.5692307692307692,0.3757225433526011,0.3153153153153153,0.3786407766990291,0.5268817204301075,0.546239837398374,0.5105820105820106,0.6190893169877408,0.6141078838174274,0.5274390243902439,0.0709677419354838,0.0954773869346733,27.38370869290676,0.74375,0.09450337512054,0.016025641025641,0.1285178236397748,0.1117451260104612,0.0145681581685744,0.0171428571428571,0.1026694045174538,0.1312272174969623,0.020703933747412,0.8,0.2022357723577235,0.6030150753768844,0.6666666666666666,0.125,0.1168699186991869,0.1534552845528455,0.0426829268292682,0.4047619047619047,0.4146341463414634,0.7647058823529411,0.4847560975609756,0.3731656184486373,0.3803418803418803,0.550561797752809,0.5573770491803278,0.0529100529100529,0.4,0.5343915343915344,0.7296747967479674,0.3763213530655391,0.5369341700819673,0.5189540540540541,0.5122570652173914,0.2104895104895104,8.60774193548387,27.276107899807325,0.206920575940548,51.0,74.0,355.0,22.0,10.0,81.0,108.0,412.0,45.0,84.0,9.0,,5.0,385.0,36.0,31.0,0.6136363636363636,0.0079681274900398,0.0961538461538461,0.1193415637860082,0.4434782608695652,0.504950495049505,0.2352941176470588,0.4900662251655629,0.4900662251655629,0.0566433566433566,24.0,41.0,31.0,44.0,31.0,1.0,1.0,0.5641025641025641,0.0818713450292397,0.2169312169312169,0.5853658536585366,0.3069306930693069,16.0,5.0,12.0,15.0,10.0,17.0,252.0,6.0,10.0,169.0,13.0,6.0,6.0,3.0,2.0,114.0,3.0,,0.4358974358974359,0.4545454545454545,0.5819672131147541,0.0192678227360308,0.1217391304347826,0.0188679245283018,0.0659340659340659,0.0131845841784989,0.0208955223880597,0.0104575163398692,0.0226244343891402,0.1967213114754098,0.4166666666666667,0.4411764705882353,0.8,0.1338155515370705,0.2043010752688172,,6.0,8.0,,3.0,6.0,0.4,,22.0,34.0,0.0620437956204379,5.0,21.0,0.1621621621621621,False,2.0,5.0,0.081967213114754,0.4,0.5,,,,0.0238095238095238,4.0,5.0,,,,,
1631157,1610612749,Ryan Rollins,Ryan Rollins,1631157,MIL,45351.0,756.0,98.0,1557,1551.0,366.0,305.0,131.0,3108,42.0,62.0,51.0,20.0,24.0,49.0,8.0,12.0,22.0,59.0,5.0,16.0,72.0,133.0,46.0,108.0,315.0,1754.0,12.0,22.0,15.0,28.0,80.0,56.0,129.0,58.0,22.0,19.0,60.0,35.0,95.0,24.0,19.0,225.0,9.0,49.0,30.0,83.0,21.0,104.0,1.0,36.0,23.0,27.0,6.0,18.0,6.0,45.0,12.0,44.0,81.0,5.0,43.0,14.0,1.0,16.0,8.0,76.0,363.0,0.3888888888888889,0.4057971014492754,0.9347826086956522,0.4259259259259259,0.5357142857142857,0.4299065420560747,0.5413533834586466,0.5850622406639004,0.69,0.6085271317829457,0.7181818181818181,0.4481327800829875,0.1428571428571428,0.1612903225806451,17.813051146384478,0.6,0.0771208226221079,0.0276923076923076,0.1259640102827763,0.1015424164524421,0.0328125,0.0196078431372549,0.0952380952380952,0.1384083044982699,0.01,0.5,0.2572614107883817,0.6774193548387096,0.8076923076923077,0.4285714285714285,0.2116182572614107,0.0829875518672199,0.2033195020746888,0.4897959183673469,0.4897959183673469,1.0,0.2448132780082987,0.3728813559322034,0.3728813559322034,0.8636363636363636,0.2272727272727272,0.24,0.6666666666666666,0.32,0.7053941908713693,0.3793103448275862,0.5517639583333335,0.5265892857142856,0.5195469387755102,0.2539682539682539,6.420300751879702,25.103703703703705,0.2350674373795761,23.0,7.0,33.0,10.0,,28.0,11.0,88.0,11.0,21.0,2.0,1.0,3.0,41.0,4.0,2.0,0.6363636363636364,0.0481927710843373,0.0694444444444444,0.09,0.4509803921568627,0.5348837209302325,0.3478260869565217,0.35,0.3684210526315789,0.0888888888888888,6.0,9.0,7.0,12.0,13.0,2.0,2.0,0.5454545454545454,0.0546875,0.18,0.6666666666666666,0.4375,1.0,3.0,4.0,2.0,5.0,6.0,9.0,6.0,,28.0,12.0,4.0,4.0,1.0,,19.0,7.0,,0.5,0.5,0.6363636363636364,,0.1568627450980392,,0.125,0.0380952380952381,0.0224719101123595,0.039647577092511,0.034090909090909,0.1818181818181818,0.75,0.4,0.5,0.0748031496062992,0.1301369863013698,,6.0,4.0,,,4.0,,,13.0,,,3.0,6.0,0.2857142857142857,False,4.0,7.0,0.3181818181818182,0.5714285714285714,1.0,,,0.05,,1.0,,,,,,
203114,1610612749,Khris Middleton,Khris Middleton,203114,MIL,31728.0,529.0,60.0,1115,1110.0,321.0,312.0,107.0,2225,13.0,23.0,51.0,50.0,5.0,14.0,1.0,5.0,30.0,72.0,7.0,21.0,72.0,124.0,35.0,86.0,288.0,1283.0,8.0,29.0,8.0,26.0,83.0,54.0,69.0,72.0,30.0,6.0,64.0,37.0,101.0,27.0,9.0,239.0,2.0,34.0,41.0,80.0,5.0,85.0,1.0,17.0,10.0,26.0,6.0,11.0,11.0,37.0,6.0,20.0,52.0,,36.0,5.0,,5.0,2.0,83.0,316.0,0.375,0.380281690140845,0.6571428571428571,0.4069767441860465,0.3076923076923077,0.4069767441860465,0.5806451612903226,0.5928571428571429,0.5636363636363636,0.62882096069869,0.6287878787878788,0.4095238095238095,0.0483870967741935,0.1739130434782608,21.57339821573398,0.7027027027027027,0.1806167400881057,0.0077519379844961,0.1137123745819397,0.1425855513307984,0.0105042016806722,0.0113636363636363,0.1428571428571428,0.1300448430493273,0.0108695652173913,0.4,0.1095238095238095,0.5652173913043478,0.6842105263157895,0.4615384615384615,0.2428571428571428,0.238095238095238,0.0666666666666666,0.3571428571428571,0.3571428571428571,0.8,0.3428571428571428,0.4166666666666667,0.4225352112676056,0.6333333333333333,0.4375,0.0909090909090909,0.2,0.3818181818181818,0.5190476190476191,0.4166666666666667,0.4949131578947368,0.5375416666666667,0.4839759259259258,0.2881944444444444,11.25967741935484,25.968604651162792,0.2878923766816143,32.0,27.0,39.0,8.0,3.0,33.0,21.0,90.0,10.0,15.0,3.0,,3.0,46.0,7.0,7.0,0.9166666666666666,,0.2407407407407407,0.0657894736842105,0.6274509803921569,0.64,0.375,0.54,0.5510204081632653,0.1145833333333333,3.0,6.0,7.0,19.0,7.0,,,0.6551724137931034,0.1829268292682926,0.109090909090909,0.5,0.3333333333333333,,3.0,3.0,5.0,6.0,6.0,36.0,2.0,1.0,50.0,3.0,5.0,3.0,,1.0,12.0,1.0,,0.75,0.75,0.9375,0.0116279069767441,0.0196078431372549,0.0138888888888888,0.1470588235294117,0.0137614678899082,0.0113636363636363,0.0113636363636363,0.0238095238095238,0.1875,1.0,0.7142857142857143,0.8,0.0765765765765765,0.0902255639097744,,4.0,11.0,,,,0.3333333333333333,,5.0,5.0,0.0561797752808988,5.0,3.0,0.3333333333333333,False,1.0,1.0,0.0625,1.0,1.0,,,0.02,,,2.0,,,,,
1641890,1610612749,Tyler Smith,Tyler Smith,1641890,MIL,4257.0,71.0,-20.0,146,153.0,54.0,44.0,18.0,299,2.0,4.0,2.0,2.0,3.0,8.0,3.0,7.0,5.0,12.0,,5.0,3.0,8.0,8.0,20.0,35.0,185.0,1.0,2.0,4.0,12.0,14.0,4.0,24.0,12.0,5.0,1.0,3.0,1.0,4.0,,1.0,9.0,1.0,5.0,4.0,9.0,3.0,12.0,1.0,2.0,,4.0,,1.0,1.0,5.0,2.0,3.0,5.0,,5.0,1.0,,2.0,2.0,14.0,53.0,0.6666666666666666,1.0,1.0,0.4,0.3333333333333333,0.4,0.375,0.5357142857142857,0.5,0.5833333333333334,0.5,0.7142857142857143,0.125,,21.34146341463415,0.8,0.16,0.037037037037037,0.1219512195121951,0.1363636363636363,0.0461538461538461,,0.1428571428571428,0.1470588235294117,0.0666666666666666,1.0,0.1428571428571428,0.5,0.5,0.5,0.0714285714285714,0.0714285714285714,0.2857142857142857,0.375,0.375,1.0,0.4285714285714285,0.4166666666666667,0.4166666666666667,1.0,,0.5,0.4285714285714285,0.3571428571428571,0.8571428571428571,0.4166666666666667,0.5189999999999999,0.546475,0.4934678571428571,0.4,7.1,24.75,0.3698630136986301,,1.0,5.0,3.0,2.0,4.0,,2.0,1.0,3.0,,,1.0,6.0,,,0.4,,,,,,,0.5,0.5,0.1142857142857142,1.0,2.0,1.0,1.0,2.0,1.0,1.0,0.5,0.2857142857142857,0.1428571428571428,0.5,0.2,,1.0,2.0,,1.0,,,2.0,,2.0,2.0,,,1.0,1.0,2.0,,,,0.3333333333333333,0.25,,0.5,,,0.0526315789473684,0.0833333333333333,0.0384615384615384,0.0833333333333333,0.5,0.5,,,0.1,0.2222222222222222,,1.0,,,,,,,,1.0,0.0476190476190476,,1.0,1.0,False,,1.0,0.25,,,,,,,,,,,,,
1642358,1610612749,AJ Johnson,AJ Johnson,1642358,MIL,1101.0,18.0,-9.0,41,42.0,17.0,5.0,6.0,83,1.0,4.0,2.0,,1.0,1.0,,,1.0,2.0,,1.0,2.0,6.0,2.0,3.0,11.0,48.0,,1.0,1.0,1.0,3.0,4.0,6.0,2.0,1.0,1.0,,3.0,3.0,2.0,,9.0,,2.0,,2.0,,2.0,,,,1.0,,,,1.0,,,,,1.0,,,,,3.0,17.0,1.0,1.0,1.0,0.6666666666666666,1.0,0.6666666666666666,0.3333333333333333,0.5555555555555556,0.75,0.55,0.75,0.3333333333333333,0.1666666666666666,0.25,23.404255319148938,1.0,,,0.25,0.1176470588235294,,,,0.3333333333333333,,,0.4444444444444444,0.25,0.3333333333333333,1.0,0.2222222222222222,,0.1111111111111111,1.0,1.0,1.0,0.2222222222222222,0.5,0.5,1.0,,,,0.5,0.7777777777777778,0.5,0.5832055555555555,,0.43315,0.2727272727272727,3.483333333333333,26.166666666666668,0.4146341463414634,1.0,,1.0,,,,,,1.0,1.0,,,,2.0,,,,,,,0.5,0.5,1.0,,,,,,1.0,,,,,,,,,1.0,,,,,,,,,,,,,,,,1.0,,,,,,,,,,,,,,,,,,0.1,0.1428571428571428,,,,,,,,,,,,,,,False,,,,,,,,,,,,,,,,
1641753,1610612749,Chris Livingston,Chris Livingston,1641753,MIL,3986.0,66.0,-27.0,141,141.0,51.0,54.0,16.0,282,5.0,10.0,4.0,,,3.0,,2.0,,2.0,,1.0,6.0,14.0,,5.0,21.0,165.0,,6.0,,3.0,7.0,6.0,,2.0,,4.0,4.0,1.0,5.0,1.0,2.0,11.0,2.0,10.0,4.0,16.0,5.0,21.0,1.0,4.0,,4.0,,2.0,2.0,6.0,1.0,2.0,5.0,1.0,7.0,,,,,7.0,51.0,0.5,0.75,,,,,0.4285714285714285,0.3157894736842105,0.1111111111111111,0.4375,0.2916666666666667,0.2631578947368421,0.2857142857142857,0.3,19.108280254777068,0.6666666666666666,0.1333333333333333,0.064516129032258,0.2857142857142857,0.2153846153846154,0.0862068965517241,,0.1176470588235294,0.2666666666666666,0.1111111111111111,,0.5263157894736842,0.5,0.7142857142857143,0.4,0.2105263157894736,,0.1578947368421052,,,,0.1052631578947368,,,,,0.2222222222222222,,0.1111111111111111,0.7894736842105263,,0.6078763157894737,0.6590666666666667,0.5776888888888889,0.3333333333333333,2.7928571428571423,24.54,0.3617021276595745,1.0,,9.0,4.0,3.0,9.0,5.0,6.0,,2.0,,,,11.0,,,0.9,,0.3333333333333333,0.4,0.25,0.3333333333333333,1.0,,,0.4285714285714285,1.0,4.0,,1.0,4.0,,,0.1666666666666666,0.1,0.4444444444444444,0.25,,,3.0,4.0,,3.0,,,4.0,,2.0,3.0,2.0,1.0,,,6.0,,,,0.75,0.75,,0.25,,0.3333333333333333,0.1111111111111111,0.1818181818181818,0.1111111111111111,0.1111111111111111,1.0,0.75,,,0.25,0.3157894736842105,,,,,,,0.3333333333333333,,,,,2.0,1.0,,False,,,,,,,,,,,,,,,,
1641857,1610612749,Liam Robbins,Liam Robbins,1641857,MIL,209.0,3.0,-2.0,8,8.0,6.0,7.0,,16,,,,,,,,,,,,,,,,,,6.0,,,,,,,,,,,,,,,,,,,,,,,,,,,,1.0,,1.0,,,2.0,1.0,1.0,,,,,,5.0,,,,,,,,,,,,,,,12.5,,,,,,,,,,,,,,,,,,,,,,,,,,,,,,,,,,,,,,0.75,,,,,,,,,,,,,,,,,,,,,,,,,,,,,,,,,,,,,,,,,,,,,,,,,,,,,,,,,,,,,,,,,,,,,,,,,,,,,,,,,,,,,,,,False,,,,,,,,,,,,,,,,
1629645,1610612749,Kevin Porter Jr.,Kevin Porter Jr.,1629645,MIL,35891.0,598.0,54.0,1216,1230.0,344.0,241.0,101.0,2446,34.0,60.0,62.0,52.0,5.0,13.0,1.0,2.0,24.0,58.0,4.0,15.0,92.0,174.0,29.0,71.0,352.0,1378.0,6.0,51.0,9.0,17.0,110.0,46.0,39.0,58.0,24.0,17.0,59.0,53.0,112.0,39.0,21.0,277.0,5.0,59.0,44.0,105.0,13.0,118.0,1.0,38.0,29.0,34.0,10.0,18.0,12.0,52.0,11.0,16.0,49.0,7.0,69.0,1.0,,2.0,2.0,106.0,339.0,0.25,0.25,0.4482758620689655,0.4084507042253521,0.5294117647058824,0.4084507042253521,0.5287356321839081,0.5530612244897959,0.5514705882352942,0.6219081272084805,0.6470588235294118,0.2897959183673469,0.0977011494252873,0.1166666666666666,25.26395173453997,0.6538461538461539,0.1522491349480969,0.018796992481203,0.2006802721088435,0.176672384219554,0.025844930417495,0.0175438596491228,0.1973684210526315,0.1806167400881057,0.0097087378640776,1.0,0.2448979591836734,0.5666666666666667,0.6415094339622641,0.3235294117647059,0.2530612244897959,0.2122448979591836,0.0530612244897959,0.3846153846153846,0.4166666666666667,0.6,0.236734693877551,0.4137931034482758,0.4285714285714285,0.4166666666666667,0.3076923076923077,0.0294117647058823,0.5,0.2205882352941176,0.5346938775510204,0.4137931034482758,0.5317202040816327,0.581125,0.551,0.3125,8.597126436781611,25.704225352112687,0.2828947368421052,32.0,26.0,81.0,7.0,7.0,15.0,35.0,138.0,14.0,22.0,3.0,,2.0,93.0,8.0,6.0,0.4411764705882353,0.0240963855421686,0.106060606060606,0.2686567164179104,0.5161290322580645,0.6153846153846154,0.3125,0.5,0.5,0.0426136363636363,13.0,25.0,8.0,24.0,9.0,1.0,,0.4705882352941176,0.0985915492957746,0.3676470588235294,0.52,0.5333333333333333,,1.0,4.0,1.0,1.0,2.0,48.0,,3.0,34.0,8.0,2.0,,1.0,,30.0,,,0.3333333333333333,0.1428571428571428,0.3076923076923077,0.0422535211267605,0.1612903225806451,0.0344827586206896,0.0606060606060606,0.0337552742616033,0.0144927536231884,0.0280898876404494,0.0508474576271186,0.3076923076923077,0.25,0.25,1.0,0.1418181818181818,0.1530612244897959,,1.0,5.0,,,6.0,,1.0,4.0,9.0,0.1139240506329113,,8.0,0.0769230769230769,False,1.0,2.0,0.1538461538461538,0.5,1.0,,,,0.0769230769230769,,1.0,,,1.0,,
1628398,1610612749,Kyle Kuzma,Kyle Kuzma,1628398,MIL,62963.0,1049.0,-16.0,2177,2171.0,507.0,335.0,186.0,4348,80.0,113.0,107.0,20.0,15.0,48.0,3.0,10.0,36.0,105.0,8.0,31.0,128.0,240.0,51.0,153.0,478.0,2538.0,11.0,41.0,11.0,41.0,96.0,154.0,144.0,101.0,35.0,17.0,34.0,39.0,73.0,26.0,9.0,185.0,15.0,76.0,71.0,158.0,27.0,185.0,5.0,16.0,10.0,40.0,9.0,33.0,18.0,73.0,16.0,44.0,67.0,4.0,79.0,12.0,,12.0,3.0,96.0,502.0,0.6015625,0.6260162601626016,0.9411764705882352,0.3333333333333333,0.2682926829268293,0.3333333333333333,0.5333333333333333,0.5203562340966921,0.4817073170731707,0.545662100456621,0.5161290322580645,0.3893129770992366,0.0708333333333333,0.0707964601769911,21.41659681475273,0.547945205479452,0.1422845691382765,0.0331858407079646,0.1397058823529411,0.1409395973154362,0.0270855904658721,0.0541871921182266,0.1547619047619047,0.1473429951690821,0.0260416666666666,0.25,0.2875318066157761,0.7079646017699115,0.7619047619047619,0.7,0.272264631043257,0.0508905852417302,0.1221374045801526,0.3125,0.3125,1.0,0.2671755725190839,0.3428571428571428,0.3428571428571428,0.9166666666666666,0.2758620689655172,0.1219512195121951,0.3,0.3780487804878049,0.6768447837150128,0.3465346534653465,0.5486794871794872,0.5605205882352942,0.5315825000000001,0.200836820083682,5.789999999999998,26.02549019607844,0.2328892971979788,41.0,7.0,69.0,18.0,6.0,33.0,17.0,102.0,13.0,22.0,6.0,4.0,2.0,104.0,2.0,2.0,0.5,0.0098039215686274,0.160377358490566,0.1153846153846153,0.3831775700934579,0.4183673469387755,0.4634146341463415,0.35,0.35,0.0690376569037656,17.0,24.0,8.0,23.0,6.0,,,0.5609756097560976,0.1063829787234042,0.2926829268292683,0.7083333333333334,0.2580645161290322,,5.0,11.0,3.0,9.0,3.0,9.0,10.0,,20.0,10.0,11.0,7.0,5.0,5.0,54.0,4.0,1.0,0.2727272727272727,0.5,0.4655172413793103,,0.0841121495327102,,0.2340425531914893,0.0212314225053078,0.0204081632653061,0.0229226361031518,0.0163934426229508,0.3793103448275862,0.4545454545454545,0.375,1.0,0.1261467889908256,0.1908127208480565,2.0,8.0,6.0,0.0344827586206896,1.0,3.0,0.4,,5.0,1.0,0.0065359477124183,2.0,11.0,0.2857142857142857,False,,3.0,0.1034482758620689,,,,1.0,,,3.0,1.0,1.0,1.0,,,
1630579,1610612749,Jericho Sims,Jericho Sims,1630579,MIL,12570.0,210.0,-1.0,434,434.0,121.0,77.0,44.0,868,15.0,21.0,4.0,,,,,,,,,,17.0,25.0,,,34.0,482.0,,5.0,,,6.0,32.0,,,,2.0,4.0,7.0,11.0,6.0,4.0,29.0,10.0,23.0,19.0,48.0,20.0,68.0,1.0,2.0,1.0,5.0,3.0,7.0,5.0,12.0,3.0,11.0,19.0,3.0,3.0,9.0,,9.0,8.0,6.0,120.0,0.9411764705882352,1.0,,,,,0.68,0.68,0.6,0.68,0.6,,0.08,0.0952380952380952,7.660455486542443,0.4166666666666667,0.1792452830188679,0.108695652173913,0.2473118279569892,0.2110552763819095,0.1032608695652173,0.0967741935483871,0.1666666666666666,0.24,0.1666666666666666,0.8888888888888888,0.84,0.7142857142857143,0.7894736842105263,0.9333333333333332,0.16,,,,,,,,,,,,,,0.84,,0.6351359999999999,0.5493,0.58708,0.1764705882352941,2.652,,0.2788018433179723,2.0,,,4.0,,2.0,,2.0,1.0,,4.0,,2.0,,,,0.25,0.1034482758620689,0.32,0.2777777777777778,0.5,0.5,1.0,,,0.0588235294117647,2.0,3.0,,3.0,1.0,,,0.6,0.074074074074074,0.6,0.6666666666666666,,,1.0,4.0,,1.0,,,2.0,,,9.0,6.0,1.0,,,,2.0,,,0.25,0.25,,,,0.4,0.0978260869565217,0.125,0.0789473684210526,0.1875,1.0,0.25,,,,,1.0,7.0,1.0,0.0909090909090909,,,,,,,,1.0,,,False,,,,,,,,,,,,,,,,
1631123,1610612749,Jamaree Bouyea,Jamaree Bouyea,1631123,MIL,3702.0,62.0,2.0,128,126.0,36.0,50.0,11.0,254,3.0,4.0,3.0,,,,,,1.0,5.0,,4.0,5.0,7.0,1.0,5.0,17.0,152.0,,1.0,1.0,4.0,8.0,4.0,,5.0,1.0,1.0,3.0,7.0,10.0,5.0,,27.0,1.0,3.0,1.0,4.0,1.0,5.0,,4.0,4.0,5.0,,3.0,2.0,8.0,2.0,1.0,2.0,,6.0,2.0,,2.0,2.0,6.0,35.0,0.4,0.4,,0.2,0.25,0.2,0.7142857142857143,0.5416666666666666,0.5,0.5666666666666667,0.5714285714285714,0.4166666666666667,0.1428571428571428,0.25,16.666666666666668,0.625,0.04,0.0454545454545454,0.073170731707317,0.0606060606060606,0.0204081632653061,,,0.0285714285714285,,1.0,0.3333333333333333,0.75,1.0,,0.25,,,,,,0.4166666666666667,0.2,0.2,,,,,0.8,0.75,0.2,0.5678291666666667,0.394,0.53243,0.4705882352941176,5.1000000000000005,26.96,0.28125,2.0,,4.0,1.0,,2.0,3.0,6.0,2.0,3.0,1.0,,1.0,6.0,2.0,1.0,1.0,,,0.3333333333333333,0.6666666666666666,0.6666666666666666,1.0,,,0.1176470588235294,1.0,1.0,1.0,1.0,,,,1.0,0.1111111111111111,0.2,1.0,0.25,,,,,1.0,,3.0,,,2.0,,,2.0,1.0,,1.0,,,,1.0,1.0,,,,,,0.125,,,,,,,0.0769230769230769,0.125,,2.0,,,,1.0,,,1.0,,,1.0,,,False,,,,,,,,,,,,,,,,
1631250,1610612749,Pete Nance,Pete Nance,1631250,MIL,4184.0,70.0,-2.0,142,142.0,37.0,41.0,10.0,284,3.0,3.0,,2.0,,1.0,,,5.0,11.0,1.0,2.0,4.0,5.0,5.0,12.0,23.0,160.0,1.0,1.0,,2.0,2.0,6.0,15.0,11.0,5.0,,5.0,2.0,7.0,2.0,1.0,16.0,1.0,1.0,6.0,8.0,3.0,11.0,,1.0,1.0,1.0,1.0,3.0,,4.0,,4.0,7.0,1.0,,2.0,,2.0,2.0,2.0,36.0,0.75,0.75,1.0,0.4166666666666667,,0.4166666666666667,0.8,0.6764705882352942,0.3333333333333333,0.6764705882352942,0.3333333333333333,0.7058823529411765,,,13.72549019607843,0.25,0.25,0.0357142857142857,0.0217391304347826,0.1,0.0491803278688524,0.0666666666666666,0.2727272727272727,,,1.0,0.1764705882352941,1.0,1.0,1.0,,0.1176470588235294,0.0588235294117647,,,,0.6470588235294118,0.4545454545454545,0.4545454545454545,1.0,0.5,,,0.6666666666666666,0.8823529411764706,0.4545454545454545,0.5349970588235294,,0.5542333333333334,0.0869565217391304,8.8,26.016666666666666,0.2605633802816901,,1.0,,1.0,,,,2.0,,1.0,,,,,,,,,0.5,0.0909090909090909,,,,0.5,0.5,,1.0,1.0,,1.0,,,,1.0,0.1818181818181818,0.3333333333333333,1.0,,,,,,,,,,,4.0,2.0,1.0,,1.0,,,2.0,1.0,,,,,,,0.3333333333333333,0.0606060606060606,,0.074074074074074,,,,,,,,,,,,,,,,,,,1.0,,,False,,,,,,,,,,,,,,,,
1630649,1610612749,Stanley Umude,Stanley Umude,1630649,MIL,1808.0,30.0,-3.0,68,63.0,29.0,24.0,7.0,131,,,2.0,,1.0,4.0,1.0,3.0,,1.0,,,,2.0,1.0,5.0,3.0,70.0,1.0,,1.0,3.0,3.0,,3.0,1.0,,,2.0,,2.0,,2.0,4.0,,,3.0,3.0,,3.0,,,,,,1.0,,1.0,1.0,,3.0,1.0,,4.0,,4.0,3.0,3.0,28.0,,,1.0,0.2,0.3333333333333333,0.2,,0.2142857142857142,0.5,0.2142857142857142,0.5,0.7142857142857143,,,10.81081081081081,,0.2,,,0.0909090909090909,,,0.2,,,0.75,,,,,0.2857142857142857,,0.5714285714285714,0.25,0.25,1.0,0.1428571428571428,,,,,1.0,0.3333333333333333,,0.7142857142857143,,0.5225214285714286,0.6558,0.59895,1.0,8.75,24.1,0.4264705882352941,,,,,,3.0,,,,,,,,,,,1.5,,1.0,,,,,,,1.0,,,,,,,,,,,,,,,,,,1.0,,,,,,,,,,,1.0,,1.0,,1.5,,,,,,,,,,,,,,,,3.0,,,,,,,,,,,,,False,1.0,1.0,1.0,1.0,1.0,,,,,,,,,,,
1627732,1610612746,Ben Simmons,Ben Simmons,1627732,LAC,466.0,8.0,5.0,17,17.0,5.0,10.0,2.0,34,1.0,1.0,,,,,,,,,,,1.0,1.0,,,2.0,17.0,,,,,,,,,,,1.0,,1.0,,,2.0,,,,,,,,1.0,1.0,,1.0,1.0,,1.0,1.0,1.0,1.0,,,,,,,,5.0,,,,,,,1.0,1.0,,1.0,,,,,10.0,,,,,,,,,,,,1.0,1.0,1.0,,,,,,,,,,,,,,,,1.0,,0.7662,,,,1.9,,0.2941176470588235,,,,,,,,2.0,,,,,,,,,,,,,,,,,,,,,,,,,,,,,,,,,,,,,,,,,,,,,,,,,,,,,,,,,,,,,,,,,,,,,,,,,,1.0,,,,,,True,,,,,,,,,,,,,,,,
1627826,1610612746,Ivica Zubac,Ivica Zubac,1627826,LAC,417.0,7.0,5.0,15,14.0,4.0,8.0,2.0,29,1.0,1.0,1.0,,,,,,,,,,2.0,2.0,,,8.0,17.0,,,,,2.0,2.0,,,,,,,,,,,,,1.0,1.0,1.0,2.0,,,,,,,,,,,,,2.0,,,,,2.0,4.0,0.5,1.0,,,,,1.0,1.0,,1.0,1.0,,,,23.52941176470588,,1.0,,,0.5,0.2,,1.0,,,,0.5,1.0,1.0,1.0,0.5,,,,,,,,,,,,,,0.5,,0.4588,,,0.25,3.6,,0.2666666666666666,1.0,,4.0,1.0,,2.0,2.0,2.0,,,,,,4.0,,,1.0,,,,1.0,1.0,,,,0.25,,,,,,,,,,,,,,,,,1.0,,,2.0,,,1.0,,,,,2.0,,,,1.0,1.0,,,,,0.3333333333333333,,0.3333333333333333,,,,,,0.5,0.5,,,,,,,,,,,,,,,True,,,,,,,,,,,,,,,,
1630699,1610612746,MarJon Beauchamp,MarJon Beauchamp,1630699,LAC,1034.0,17.0,5.0,37,35.0,23.0,23.0,4.0,72,1.0,2.0,,2.0,,,,,2.0,3.0,,3.0,2.0,4.0,2.0,3.0,12.0,46.0,,2.0,2.0,3.0,8.0,2.0,3.0,3.0,2.0,,,2.0,2.0,1.0,,6.0,1.0,1.0,,1.0,2.0,3.0,,,,1.0,,,,1.0,1.0,1.0,2.0,,2.0,,,,,8.0,23.0,0.5,1.0,0.5,0.6666666666666666,0.6666666666666666,0.6666666666666666,0.5,0.7142857142857143,0.8,0.6666666666666666,0.8,0.4285714285714285,,,23.25581395348837,1.0,,0.2,0.25,0.1428571428571428,0.1538461538461538,1.0,,0.25,,,0.2857142857142857,0.5,0.5,,,0.2857142857142857,,,,,0.4285714285714285,0.6666666666666666,0.6666666666666666,0.5,,,,0.6,0.7142857142857143,0.6666666666666666,0.5413714285714285,0.6259,0.58972,0.6666666666666666,10.0,25.433333333333334,0.6216216216216216,,1.0,2.0,2.0,,2.0,,2.0,1.0,1.0,,,,4.0,,,0.5,,,,,,,0.5,0.5,0.1666666666666666,1.0,2.0,2.0,1.0,,,,0.5,,0.4,0.5,0.6666666666666666,,1.0,2.0,,1.0,,3.0,2.0,,,1.0,,,,,2.0,,,,0.5,0.5,,,,,0.125,,,1.0,1.0,0.5,,,0.2222222222222222,0.3333333333333333,,,1.0,,,,,,,,,,,1.0,True,,,,,,,,,,,,,,,,
1641738,1610612746,Kobe Brown,Kobe Brown,1641738,LAC,817.0,14.0,3.0,28,27.0,19.0,15.0,3.0,55,2.0,3.0,,,,,,,,1.0,,1.0,2.0,3.0,,1.0,4.0,35.0,,2.0,,1.0,4.0,4.0,,1.0,,1.0,2.0,,2.0,,1.0,4.0,,,1.0,1.0,,1.0,,1.0,,,,,,,,,1.0,,,,,,,4.0,19.0,1.0,1.0,,,,,0.6666666666666666,0.5,0.6666666666666666,0.5,0.6666666666666666,0.25,0.3333333333333333,0.3333333333333333,12.12121212121212,,0.5,,,0.1666666666666666,,,0.5,,,,0.75,0.6666666666666666,1.0,1.0,,,,,,,0.25,,,,,,,0.3333333333333333,1.0,,0.52555,,0.5655666666666667,1.0,2.766666666666667,26.3,0.6785714285714286,,,,,,,,,,,,,,,,,,,,,,,,,,,2.0,2.0,,2.0,1.0,,,1.0,,0.6666666666666666,1.0,,,,,,,,,,,1.0,,,,,,,,,,,,,,,,,,,,,,,,,,,,,,,,,,,,,,,,True,,,,,,,,,,,,,,,,
203992,1610612746,Bogdan Bogdanović,Bogdan Bogdanović,203992,LAC,466.0,8.0,5.0,17,17.0,5.0,10.0,2.0,34,1.0,1.0,1.0,,,,,,1.0,3.0,,,1.0,2.0,1.0,3.0,6.0,17.0,,1.0,,,,,3.0,3.0,1.0,,,,,,,,,,,,,,,,,,,,,,,,,,1.0,,,,,,5.0,,,1.0,0.3333333333333333,,0.3333333333333333,0.5,0.5,,0.6,,0.6,,,25.0,,,,,,,,,,,,0.2,1.0,1.0,,0.2,,,,,,0.6,0.3333333333333333,0.3333333333333333,1.0,,,,,0.8,0.3333333333333333,0.54501,,0.4529,,5.2,25.23333333333333,0.2941176470588235,,,1.0,,,,,2.0,,,,,,1.0,,,,,,,,,,,,,,,,,,,,,,,,,,,,,,,,,,,,,,,,,,,,,,,,,,,,,,,,,,0.2,,,,,,,,,,,1.0,0.3333333333333333,,,,True,,,,,,,,,,,1.0,,,,,
201935,1610612746,James Harden,James Harden,201935,LAC,266.0,4.0,2.0,11,11.0,5.0,10.0,1.0,22,,,,,,,,,,1.0,,,,,,1.0,1.0,11.0,,,,,1.0,,,1.0,,,1.0,1.0,2.0,1.0,,5.0,,1.0,,1.0,,1.0,,2.0,1.0,1.0,,,,1.0,,,,,1.0,,,,,1.0,5.0,,,,,,,,,,0.25,0.5,1.0,,,23.07692307692308,1.0,,,1.0,0.5,,,,1.0,,,,,,,,,,,,,1.0,,,,,,,,1.0,,0.5292,,,1.0,,28.9,0.4545454545454545,,,1.0,,,,1.0,,,1.0,,,,2.0,1.0,1.0,,,,,,,,,,,,,,,1.0,,,,,,,,,,,,,,,,,1.0,,,,,,,,,,,,,,,,,,,,,,,,,,,,,,,,,,,,,,,,True,,,,,,,,,,,,,,,,
1629234,1610612746,Drew Eubanks,Drew Eubanks,1629234,LAC,290.0,5.0,-1.0,9,9.0,7.0,9.0,2.0,18,,,1.0,,,1.0,,1.0,,,,,1.0,1.0,,1.0,2.0,13.0,,1.0,,1.0,2.0,,,,,,,,,,,,1.0,,,,1.0,1.0,,,,,,,,,,,,,,,,,,2.0,7.0,,,,,,,1.0,0.5,0.5,0.5,0.5,0.5,,,16.666666666666668,,,0.5,,,0.2,,,,,,,,,,0.5,,0.5,,,,,,,,,0.5,,,0.5,,0.481425,0.4473,0.481425,1.0,5.9,23.6,0.7777777777777778,1.0,,,1.0,,2.0,,2.0,,,,,,,,,1.0,,,,1.0,1.0,,,,1.0,,,,1.0,,,,1.0,,,,,,,,,1.0,,,2.0,,,,,,,,,,,,1.0,1.0,,,,,,0.5,,,,,,,,,,,,,,,,,,,,,,,True,,,,,,,,,,,,,,,,
1629599,1610612746,Amir Coffey,Amir Coffey,1629599,LAC,410.0,7.0,2.0,14,13.0,12.0,13.0,2.0,27,,1.0,,,,,,,1.0,1.0,,1.0,,1.0,1.0,1.0,5.0,20.0,,1.0,1.0,1.0,5.0,,3.0,1.0,1.0,,,,,,,,,,,,,,,,,,,,,,,,,,1.0,,,,,5.0,12.0,,,1.0,1.0,1.0,1.0,,0.75,0.75,0.8333333333333334,0.8333333333333334,0.5,,,17.64705882352941,,,,,,,,,,,,0.5,,,,,,,,,,0.5,1.0,1.0,1.0,,,,0.5,1.0,1.0,0.51545,0.5458,0.51545,1.0,3.4,29.0,0.8571428571428571,,,2.0,1.0,,,2.0,,,,,,,2.0,,,,,,,,,,,,,,1.0,1.0,,,,,,,0.5,,1.0,,,1.0,,,,,,,,,,,,,1.0,,,,,,,,,,,,,,1.0,,,,0.3333333333333333,0.5,,,,,,,,,,,,,,,True,,,,,,,,,,,,,,,,
201988,1610612746,Patty Mills,Patty Mills,201988,LAC,568.0,9.0,,20,18.0,18.0,13.0,2.0,38,,,,,1.0,1.0,,,,1.0,,1.0,,,1.0,2.0,4.0,29.0,,,,1.0,1.0,,3.0,1.0,,,,2.0,2.0,2.0,,6.0,,,,,,,,,,,,,,,,1.0,2.0,,1.0,,,,,1.0,18.0,,,1.0,0.5,,0.5,,0.75,,0.6666666666666666,0.25,1.0,,,13.043478260869565,,,,,,,,,,,,,,,,,,0.5,1.0,1.0,1.0,0.5,,,,,,,1.0,1.0,,0.502875,,0.47775,0.25,,24.55,0.9,,,1.0,,,,1.0,,,,,,,2.0,1.0,1.0,,,,,,,,,,,,,,,,,,,,,,,,,,,,,,,,,,,,,,,,,,,,,,,,,,,,,,,,,,,,1.0,,,,,,,,,,,,True,,,,,,,,,,,,,,,,
1641757,1610612746,Jordan Miller,Jordan Miller,1641757,LAC,120.0,2.0,3.0,5,4.0,5.0,4.0,,9,,,,,,,,,,,,,,,,,,7.0,,,,,,,,,,,2.0,,2.0,,,4.0,,,,,,,,,,,,,,,,,1.0,,,,,,,,5.0,,,,,,,,,,,,,,,,,,,,,,,,,,,,,,,,,,,,,,,,,,,,,,,,,,,,,1.0,,,,,,,,,,,,,,,,,,,,,,,,,,,,,,,,,,,,,,,,,,,,,,,,2.0,,,,,,,,,,,,,,,,,,,,,,,,,,,,1.0,,,,,,,,,,,,True,,,,,,,,,,,,,,,,
1630539,1610612746,Kai Jones,Kai Jones,1630539,LAC,158.0,3.0,-2.0,6,5.0,6.0,,,11,,,1.0,,,,,,,,,,1.0,1.0,,,2.0,9.0,,1.0,,,2.0,2.0,,,,,,,,,,,,,1.0,1.0,,1.0,,,,,,,,,,,,,,,,,,2.0,6.0,1.0,1.0,,,,,1.0,1.0,1.0,1.0,1.0,,,,16.666666666666668,,0.5,,,0.5,,,0.5,,,,,,,,1.0,,,,,,,,,,,,,,,,0.3637,,0.3637,1.0,6.3,,1.0,1.0,,,,,,,,,,,,,,,,,,,,1.0,1.0,1.0,,,,,,,1.0,,,,1.0,,,,,,,,,,,,,,,,,,,,,,,,,,,,,,,,,,,,,,,,,,,,,,,,,,,,,,True,,,,,,,,,,,,,,,,
1642353,1610612746,Cam Christie,Cam Christie,1642353,LAC,158.0,3.0,-2.0,6,5.0,6.0,,,11,1.0,1.0,,,,,,,1.0,2.0,,2.0,1.0,1.0,1.0,2.0,5.0,9.0,,1.0,1.0,2.0,5.0,2.0,3.0,2.0,1.0,,,,,,,,,,,,,,,,,,,,,,,,,,,,,,,5.0,6.0,1.0,1.0,1.0,0.5,0.5,0.5,1.0,0.8333333333333334,0.8333333333333334,0.8333333333333334,0.8333333333333334,0.6666666666666666,,,50.0,,,,,,,,,,,,0.3333333333333333,1.0,1.0,1.0,,,,,,,0.6666666666666666,0.5,0.5,1.0,,,,0.6666666666666666,1.0,0.5,0.5529333333333334,,0.5529333333333334,1.0,1.3,26.65,1.0,,,,,,,,,,,,,,,,,,,,,,,,,,,1.0,1.0,1.0,1.0,,,,1.0,,0.3333333333333333,1.0,0.5,,,,,,,,,,,,,,,,,,,,,,,,,,,,,,,,,,,,,,,,,,,,,,,,,,True,,,,,,,,,,,,,,,,
1626181,1610612746,Norman Powell,Norman Powell,1626181,LAC,117485.0,1958.0,352.0,4008,4006.0,747.0,672.0,411.0,8014,158.0,241.0,214.0,62.0,26.0,66.0,5.0,12.0,153.0,362.0,33.0,69.0,278.0,517.0,179.0,428.0,1306.0,4371.0,44.0,110.0,44.0,81.0,335.0,334.0,426.0,359.0,153.0,49.0,82.0,43.0,125.0,16.0,25.0,293.0,15.0,97.0,68.0,169.0,21.0,190.0,10.0,73.0,45.0,66.0,8.0,42.0,32.0,108.0,19.0,62.0,114.0,5.0,208.0,6.0,1.0,9.0,6.0,327.0,734.0,0.6007194244604317,0.6094890510948905,0.7932960893854749,0.4182242990654206,0.5432098765432098,0.4211764705882353,0.5377176015473888,0.5783068783068783,0.7172774869109948,0.6134651600753296,0.7411504424778761,0.4529100529100529,0.0947775628626692,0.1161825726141078,25.972870802757395,0.6111111111111112,0.0744797371303395,0.015432098765432,0.1016771488469601,0.0883770755222281,0.011986301369863,0.0134099616858237,0.0661157024793388,0.1112637362637362,0.0235294117647058,0.6666666666666666,0.255026455026455,0.6556016597510373,0.7417840375586855,0.5316455696202531,0.2264550264550264,0.0656084656084656,0.0698412698412698,0.3939393939393939,0.4,0.8076923076923077,0.383068783068783,0.4226519337016574,0.425,0.7908496732026143,0.4459459459459459,0.06282722513089,0.4166666666666667,0.3612565445026178,0.707936507936508,0.426183844011142,0.5324765674814029,0.5250193877551022,0.518585294117647,0.2565084226646248,6.402514506769829,26.09672897196262,0.186377245508982,94.0,26.0,213.0,30.0,14.0,106.0,61.0,222.0,27.0,34.0,9.0,4.0,3.0,265.0,21.0,13.0,0.6463414634146342,0.0086206896551724,0.1118421052631579,0.0707964601769911,0.4392523364485981,0.4845360824742268,0.6595744680851063,0.4193548387096774,0.4262295081967213,0.0811638591117917,42.0,58.0,39.0,71.0,28.0,3.0,,0.6454545454545455,0.0685920577617328,0.3036649214659686,0.7241379310344828,0.5652173913043478,3.0,7.0,10.0,17.0,16.0,20.0,111.0,8.0,3.0,55.0,6.0,4.0,10.0,4.0,,96.0,1.0,,0.4545454545454545,0.5333333333333333,0.6216216216216216,0.0070093457943925,0.0934579439252336,0.005524861878453,0.043010752688172,0.0076923076923076,0.0209580838323353,0.0050847457627118,0.0157894736842105,0.1351351351351351,0.7,0.5151515151515151,0.9411764705882352,0.1075888568683957,0.1597337770382695,,4.0,8.0,,7.0,8.0,0.2857142857142857,,2.0,16.0,0.0363636363636363,6.0,12.0,0.8076923076923077,False,3.0,11.0,0.1486486486486486,0.2727272727272727,0.3333333333333333,,1.0,0.0161290322580645,0.0151515151515151,3.0,4.0,,,3.0,1.0,
1627732,1610612746,Ben Simmons,Ben Simmons,1627732,LAC,17231.0,287.0,8.0,582,581.0,153.0,156.0,49.0,1163,10.0,24.0,28.0,,,,,,,,,,22.0,52.0,,,50.0,676.0,,13.0,,,14.0,32.0,,,,2.0,28.0,27.0,55.0,21.0,9.0,137.0,12.0,29.0,15.0,52.0,17.0,69.0,3.0,11.0,5.0,9.0,3.0,4.0,1.0,13.0,6.0,13.0,25.0,1.0,14.0,6.0,,7.0,5.0,14.0,152.0,0.7272727272727273,0.7619047619047619,,,,,0.4230769230769231,0.4230769230769231,0.5384615384615384,0.4545454545454545,0.5384615384615384,,0.0384615384615384,0.0416666666666666,10.641627543035996,0.6923076923076923,0.1293103448275862,0.0895522388059701,0.2116788321167883,0.1739130434782608,0.0622568093385214,0.0958904109589041,0.1379310344827586,0.198019801980198,0.1071428571428571,0.7142857142857143,0.4615384615384615,0.4166666666666667,0.4347826086956521,0.8,0.5384615384615384,,,,,,,,,,,,,,0.4615384615384615,,0.5023269230769231,0.5129,0.4928076923076923,0.28,5.198076923076924,,0.2628865979381443,12.0,,6.0,11.0,,6.0,,12.0,6.0,8.0,1.0,,2.0,7.0,,,0.2727272727272727,0.05,0.2,0.25,0.4285714285714285,0.4444444444444444,0.6666666666666666,,,0.12,3.0,7.0,,7.0,6.0,1.0,1.0,0.5384615384615384,0.0789473684210526,0.5384615384615384,0.4285714285714285,,,2.0,10.0,,3.0,,,2.0,,18.0,4.0,8.0,,,1.0,4.0,2.0,,,0.2727272727272727,0.2727272727272727,,0.0357142857142857,,0.4705882352941176,0.032520325203252,0.0975609756097561,0.0348837209302325,0.027027027027027,0.9090909090909092,0.2,,,0.0727272727272727,0.0727272727272727,1.0,4.0,,0.0714285714285714,,3.0,0.5,1.0,1.0,,,,1.0,,False,,,,,,,,,,,,,,,,
1627739,1610612746,Kris Dunn,Kris Dunn,1627739,LAC,106979.0,1783.0,262.0,3606,3618.0,578.0,615.0,363.0,7224,59.0,86.0,118.0,9.0,39.0,112.0,4.0,19.0,36.0,112.0,3.0,11.0,117.0,213.0,75.0,224.0,474.0,3919.0,9.0,29.0,10.0,30.0,70.0,130.0,210.0,111.0,36.0,13.0,117.0,93.0,210.0,58.0,41.0,513.0,25.0,110.0,87.0,198.0,53.0,251.0,2.0,128.0,81.0,47.0,8.0,27.0,13.0,74.0,20.0,102.0,197.0,7.0,36.0,27.0,2.0,27.0,14.0,69.0,569.0,0.5555555555555556,0.5855855855855856,0.9333333333333332,0.3348214285714285,0.3333333333333333,0.336322869955157,0.5492957746478874,0.5251716247139588,0.5423728813559322,0.5302013422818792,0.5555555555555556,0.5125858123569794,0.0610328638497652,0.0697674418604651,12.921626984126984,0.6351351351351351,0.1048192771084337,0.029940119760479,0.1297169811320754,0.1174016686531585,0.0331664580725907,0.0281995661605206,0.1146067415730337,0.1280487804878048,0.0086580086580086,0.5185185185185185,0.1967963386727688,0.686046511627907,0.7375,0.576271186440678,0.2700228832951945,0.0205949656750572,0.2562929061784897,0.3482142857142857,0.3482142857142857,0.9487179487179488,0.2562929061784897,0.3214285714285714,0.3214285714285714,0.9166666666666666,0.125,0.3220338983050847,0.2105263157894736,0.1864406779661017,0.7093821510297483,0.3243243243243243,0.544021100917431,0.5522366666666666,0.5583652542372882,0.1476793248945147,5.94507042253521,25.024999999999984,0.1602884082085413,56.0,2.0,15.0,15.0,5.0,37.0,6.0,104.0,35.0,34.0,1.0,,8.0,22.0,4.0,2.0,0.6851851851851852,0.073394495412844,0.1025641025641025,0.1354166666666666,0.4745762711864407,0.5,0.5178571428571429,0.2222222222222222,0.25,0.0780590717299578,13.0,16.0,6.0,17.0,47.0,,,0.5862068965517241,0.0873362445414847,0.2711864406779661,0.8125,0.5454545454545454,,8.0,11.0,2.0,10.0,4.0,15.0,12.0,,71.0,28.0,1.0,5.0,,,8.0,8.0,,0.4444444444444444,0.6666666666666666,0.6666666666666666,,0.0508474576271186,,0.0128205128205128,0.036697247706422,0.0150943396226415,0.0390070921985815,0.0301507537688442,0.4583333333333333,0.7272727272727273,0.6666666666666666,1.0,0.0180586907449209,0.0365296803652968,,17.0,11.0,,6.0,7.0,0.125,,5.0,,,8.0,2.0,1.0,False,2.0,6.0,0.25,0.3333333333333333,,1.0,,0.1111111111111111,,1.0,,,,,,
1627826,1610612746,Ivica Zubac,Ivica Zubac,1627826,LAC,157050.0,2618.0,509.0,5297,5285.0,883.0,896.0,561.0,10582,355.0,497.0,430.0,13.0,,,,,,,,,590.0,940.0,,,1332.0,5751.0,,126.0,,,193.0,830.0,,,,58.0,131.0,83.0,214.0,70.0,44.0,511.0,216.0,338.0,337.0,709.0,299.0,1008.0,39.0,55.0,34.0,73.0,8.0,54.0,41.0,127.0,10.0,107.0,168.0,17.0,240.0,87.0,1.0,90.0,58.0,192.0,875.0,0.7033898305084746,0.8417849898580122,,,,,0.6276595744680851,0.6276595744680851,0.6031746031746031,0.6416184971098265,0.6266233766233766,,0.0617021276595744,0.0684104627766599,19.54697986577181,0.5748031496062992,0.2792046396023198,0.1645087585681645,0.2667719021310181,0.2728375101050929,0.1287257019438445,0.1591511936339522,0.2859399684044234,0.2684703433922997,0.134020618556701,0.6444444444444445,0.5287234042553192,0.7142857142857143,0.7667386609071274,0.6647887323943662,0.4574468085106383,0.0138297872340425,,,,,,,,,,,,,0.5287234042553192,,0.5361147872340428,0.5815581920903955,0.5633190476190476,0.1448948948948949,4.390531914893617,,0.1666981310175571,230.0,5.0,152.0,227.0,37.0,297.0,41.0,350.0,13.0,32.0,21.0,4.0,30.0,232.0,12.0,11.0,0.5963855421686747,0.1013513513513513,0.2922374429223744,0.261437908496732,0.5348837209302325,0.5665024630541872,0.7565217391304347,0.3846153846153846,0.3846153846153846,0.2229729729729729,55.0,80.0,,76.0,21.0,3.0,2.0,0.6031746031746031,0.2591549295774648,0.6349206349206349,0.6875,,,113.0,193.0,,130.0,,,194.0,,64.0,82.0,34.0,6.0,11.0,,122.0,46.0,6.0,,0.5726872246696035,0.5726872246696035,,0.055813953488372,,0.2905982905982906,0.0818363273453093,0.1970802919708029,0.0774278215223097,0.0958333333333333,0.8502202643171806,0.5854922279792746,,,0.1189083820662768,0.1189083820662768,1.0,40.0,6.0,0.009009009009009,1.0,4.0,0.1415929203539823,3.0,23.0,,,9.0,36.0,1.0,False,,,,,,1.0,1.0,,,,,2.0,,1.0,,
203992,1610612746,Bogdan Bogdanović,Bogdan Bogdanović,203992,LAC,44519.0,742.0,145.0,1484,1455.0,343.0,363.0,148.0,2939,14.0,28.0,76.0,19.0,11.0,23.0,5.0,7.0,49.0,117.0,10.0,30.0,65.0,123.0,60.0,140.0,337.0,1653.0,13.0,27.0,17.0,37.0,92.0,50.0,144.0,116.0,49.0,7.0,58.0,39.0,97.0,19.0,24.0,233.0,5.0,43.0,35.0,81.0,12.0,93.0,2.0,21.0,12.0,24.0,2.0,13.0,9.0,37.0,8.0,31.0,70.0,4.0,33.0,4.0,,5.0,4.0,92.0,341.0,0.3846153846153846,0.4166666666666667,0.8,0.4285714285714285,0.4594594594594595,0.4316546762589928,0.5284552845528455,0.5893536121673004,0.6484375,0.6061151079136691,0.6666666666666666,0.532319391634981,0.056910569105691,0.1071428571428571,19.033232628398792,0.6486486486486487,0.1067073170731707,0.0143266475644699,0.121813031161473,0.1145374449339207,0.0186915887850467,0.0194174757281553,0.12,0.1284046692607003,0.0158730158730158,0.8,0.1064638783269961,0.5,0.56,0.3571428571428571,0.2889733840304182,0.0722433460076045,0.0874524714828897,0.4782608695652174,0.4782608695652174,1.0,0.4448669201520912,0.4188034188034188,0.4188034188034188,0.7551020408163265,0.3448275862068966,0.109375,0.7142857142857143,0.46875,0.6387832699619772,0.4224137931034483,0.5039590038314176,0.528,0.4857903225806451,0.2729970326409495,9.30650406504065,26.3,0.2311320754716981,42.0,9.0,27.0,16.0,,38.0,9.0,80.0,20.0,15.0,,1.0,2.0,31.0,3.0,3.0,0.6551724137931034,0.0238095238095238,0.1428571428571428,0.1041666666666666,0.5526315789473685,0.5833333333333334,0.3809523809523809,0.4736842105263157,0.4736842105263157,0.1127596439169139,3.0,5.0,12.0,16.0,9.0,1.0,,0.5925925925925926,0.0618556701030927,0.078125,0.6,0.4,,5.0,8.0,4.0,10.0,6.0,36.0,10.0,,30.0,7.0,3.0,2.0,3.0,,13.0,3.0,1.0,0.4615384615384615,0.625,0.6551724137931034,,0.0526315789473684,,0.0714285714285714,0.0238907849829351,,0.0325581395348837,,0.2758620689655172,0.625,0.4,0.75,0.0472727272727272,0.0962962962962963,,1.0,5.0,,,3.0,0.2,,4.0,,,1.0,1.0,0.4444444444444444,False,2.0,3.0,0.1034482758620689,0.6666666666666666,1.0,,,,,1.0,,,,1.0,,
201587,1610612746,Nicolas Batum,Nicolas Batum,201587,LAC,82032.0,1367.0,152.0,2772,2780.0,679.0,737.0,284.0,5552,12.0,21.0,7.0,7.0,47.0,102.0,9.0,22.0,41.0,101.0,8.0,27.0,16.0,35.0,88.0,203.0,313.0,2996.0,14.0,6.0,17.0,49.0,67.0,16.0,261.0,101.0,41.0,5.0,50.0,34.0,84.0,24.0,17.0,202.0,17.0,63.0,92.0,171.0,47.0,218.0,1.0,52.0,40.0,20.0,5.0,14.0,3.0,34.0,5.0,55.0,111.0,6.0,21.0,30.0,,36.0,25.0,67.0,670.0,0.5,0.7272727272727273,0.9886363636363636,0.4334975369458128,0.3469387755102041,0.4334975369458128,0.4571428571428571,0.6218487394957983,0.5545454545454546,0.6336032388663968,0.5775862068965517,0.8529411764705882,0.1428571428571428,0.1428571428571428,9.052835051546392,0.5882352941176471,0.1393939393939394,0.026275115919629,0.0943113772455089,0.1167168674698795,0.0373906125696101,0.0206489675516224,0.1388888888888889,0.0926275992438563,0.0080645161290322,0.6944444444444444,0.088235294117647,0.5714285714285714,0.6666666666666666,0.4166666666666667,0.0294117647058823,0.0294117647058823,0.4285714285714285,0.4607843137254901,0.4607843137254901,0.9787234042553192,0.4243697478991596,0.4059405940594059,0.4059405940594059,1.0,0.3333333333333333,0.4,0.4090909090909091,0.4909090909090909,0.9411764705882352,0.4059405940594059,0.5505145569620253,0.5434289473684212,0.5307898148148148,0.2140575079872204,6.242857142857145,24.85812807881774,0.2449494949494949,1.0,3.0,17.0,10.0,2.0,24.0,6.0,16.0,10.0,17.0,3.0,,4.0,21.0,2.0,2.0,0.5,0.0404040404040404,0.1555555555555555,0.1007194244604316,0.1428571428571428,0.2,1.0,0.4285714285714285,0.4285714285714285,0.0766773162939297,3.0,3.0,8.0,5.0,12.0,6.0,4.0,0.8333333333333334,0.1341463414634146,0.0545454545454545,1.0,0.2962962962962963,,4.0,7.0,4.0,5.0,4.0,3.0,10.0,,28.0,30.0,16.0,,2.0,1.0,8.0,13.0,,0.2857142857142857,0.5,0.4583333333333333,,0.2857142857142857,,0.1951219512195122,0.0491803278688524,0.0287081339712918,0.0562770562770562,0.027027027027027,0.2916666666666667,0.5714285714285714,0.5,1.0,0.036734693877551,0.1951219512195122,,17.0,11.0,,1.0,1.0,,1.0,5.0,1.0,0.0049019607843137,6.0,2.0,0.6666666666666666,False,,6.0,0.25,,,,,,,,,,,2.0,,
201935,1610612746,James Harden,James Harden,201935,LAC,167084.0,2785.0,342.0,5660,5650.0,1369.0,1369.0,621.0,11310,118.0,201.0,356.0,70.0,12.0,30.0,6.0,13.0,223.0,637.0,47.0,177.0,296.0,627.0,235.0,667.0,1801.0,6267.0,57.0,161.0,62.0,190.0,505.0,104.0,261.0,636.0,223.0,61.0,490.0,195.0,685.0,125.0,183.0,1565.0,34.0,170.0,172.0,400.0,55.0,455.0,20.0,116.0,74.0,246.0,42.0,94.0,86.0,340.0,99.0,70.0,162.0,26.0,370.0,41.0,1.0,55.0,31.0,493.0,1353.0,0.1756756756756756,0.1818181818181818,0.3702127659574468,0.3523238380809595,0.3263157894736842,0.3528528528528528,0.4720893141945773,0.5011591962905718,0.4843304843304843,0.5843175853018373,0.5768348623853211,0.5154559505409583,0.0972886762360446,0.1641791044776119,29.19147602632404,0.7235294117647059,0.1329211746522411,0.0261739799846035,0.1302681992337164,0.131589072720277,0.0211239537664408,0.0207182320441988,0.1215384615384615,0.1361788617886178,0.029585798816568,0.5636363636363636,0.1553323029366306,0.5870646766169154,0.7023809523809523,0.1610169491525423,0.2751159196290572,0.0540958268933539,0.0231839258114374,0.4,0.4137931034482758,0.5833333333333334,0.4922720247295208,0.3500784929356358,0.3517350157728706,0.358744394618834,0.4433962264150943,0.037037037037037,0.4615384615384615,0.5042735042735043,0.6707882534775889,0.35062893081761,0.5061071761055081,0.5208811594202898,0.4906015895953756,0.280399777901166,7.371451355661882,26.595802098950514,0.2418727915194346,148.0,30.0,504.0,49.0,30.0,121.0,165.0,488.0,70.0,160.0,11.0,5.0,3.0,576.0,35.0,27.0,0.4959016393442623,0.0261437908496732,0.1645569620253164,0.1121495327102803,0.4157303370786517,0.4484848484848485,0.2027027027027027,0.4285714285714285,0.4411764705882353,0.0671848972792892,29.0,52.0,56.0,77.0,42.0,14.0,6.0,0.4782608695652174,0.1326781326781326,0.1481481481481481,0.5576923076923077,0.3163841807909605,23.0,12.0,23.0,13.0,20.0,17.0,444.0,20.0,4.0,286.0,19.0,58.0,10.0,3.0,2.0,180.0,14.0,1.0,0.2982456140350877,0.4081632653061224,0.4292452830188679,0.0059970014992503,0.0730337078651685,0.0047095761381475,0.4,0.0157024793388429,0.0355450236966824,0.0152838427947598,0.0170068027210884,0.2169811320754717,0.5217391304347826,0.2765957446808511,0.7692307692307693,0.1611820013431833,0.2328589909443725,2.0,26.0,17.0,0.0145985401459854,3.0,8.0,0.1666666666666666,,21.0,60.0,0.0837988826815642,12.0,34.0,0.1,False,4.0,10.0,0.0943396226415094,0.4,0.5,1.0,,0.0285714285714285,0.0333333333333333,1.0,11.0,,,8.0,,
202695,1610612746,Kawhi Leonard,Kawhi Leonard,202695,LAC,70797.0,1180.0,296.0,2353,2357.0,250.0,249.0,213.0,4710,83.0,115.0,221.0,97.0,11.0,28.0,,1.0,67.0,162.0,9.0,20.0,232.0,433.0,78.0,190.0,796.0,2581.0,12.0,52.0,10.0,21.0,104.0,200.0,159.0,162.0,67.0,9.0,68.0,48.0,116.0,26.0,34.0,280.0,20.0,99.0,74.0,184.0,35.0,219.0,9.0,59.0,36.0,43.0,11.0,29.0,26.0,72.0,6.0,23.0,56.0,6.0,122.0,16.0,1.0,17.0,9.0,103.0,246.0,0.4310344827586206,0.4504504504504504,0.6794871794871795,0.4105263157894737,0.4761904761904761,0.4105263157894737,0.535796766743649,0.5601926163723917,0.589041095890411,0.5892857142857143,0.6265060240963856,0.304975922953451,0.0207852193995381,0.0434782608695652,28.50574712643678,0.5972222222222222,0.1352833638025594,0.0336700336700336,0.1764705882352941,0.1561371841155234,0.033563672260612,0.0324483775811209,0.1428571428571428,0.1702127659574468,0.0302013422818791,0.5294117647058824,0.1845906902086677,0.7217391304347827,0.7545454545454545,0.5542168674698795,0.3547351524879615,0.1556982343499197,0.0449438202247191,0.3928571428571428,0.4230769230769231,1.0,0.2600321027287319,0.4135802469135802,0.4135802469135802,0.6268656716417911,0.2,0.0136986301369863,,0.273972602739726,0.4895666131621188,0.4135802469135802,0.5087658105939004,0.5064568965517241,0.5192609589041094,0.1306532663316583,9.40646651270208,25.824736842105263,0.1062473438164045,106.0,43.0,98.0,33.0,4.0,47.0,18.0,264.0,22.0,17.0,6.0,,4.0,121.0,6.0,5.0,0.5,,0.1368421052631579,0.1956521739130435,0.4796380090497738,0.488479262672811,0.3396226415094339,0.4432989690721649,0.4432989690721649,0.0590452261306532,16.0,20.0,10.0,28.0,23.0,1.0,,0.5384615384615384,0.1180555555555555,0.273972602739726,0.8,0.5,5.0,12.0,18.0,5.0,14.0,5.0,75.0,20.0,2.0,29.0,14.0,11.0,6.0,2.0,,52.0,2.0,,0.4166666666666667,0.4242424242424242,0.4777777777777778,0.0105263157894736,0.0180995475113122,,0.25,0.0334128878281622,0.0529411764705882,0.032051282051282,0.0373831775700934,0.4,0.6666666666666666,0.5555555555555556,0.8,0.0855855855855855,0.1101694915254237,1.0,13.0,1.0,0.025,1.0,,0.1666666666666666,,5.0,5.0,0.0257731958762886,6.0,13.0,0.4186046511627907,False,,3.0,0.0666666666666666,,,,,,0.0714285714285714,,1.0,,,1.0,,
1627884,1610612746,Derrick Jones Jr.,Derrick Jones Jr.,1627884,LAC,112401.0,1873.0,249.0,3812,3812.0,779.0,763.0,418.0,7624,180.0,256.0,105.0,9.0,43.0,119.0,6.0,17.0,35.0,100.0,5.0,17.0,232.0,370.0,78.0,219.0,781.0,4238.0,12.0,65.0,11.0,34.0,132.0,344.0,234.0,99.0,35.0,25.0,35.0,25.0,60.0,19.0,10.0,145.0,56.0,88.0,77.0,170.0,93.0,263.0,24.0,79.0,58.0,44.0,5.0,22.0,22.0,66.0,7.0,88.0,153.0,7.0,102.0,30.0,3.0,33.0,14.0,132.0,771.0,0.7413793103448276,0.86,1.0,0.3561643835616438,0.3235294117647059,0.3577981651376147,0.6270270270270271,0.5925297113752123,0.5505050505050505,0.6111111111111112,0.5892857142857143,0.3718166383701188,0.0675675675675675,0.046875,16.3953488372093,0.6666666666666666,0.0899532710280373,0.0598290598290598,0.1005714285714285,0.095320623916811,0.0536556603773584,0.0448343079922027,0.0930232558139534,0.094224924012158,0.095617529880478,0.4242424242424242,0.4346349745331069,0.703125,0.7377049180327869,0.7166666666666667,0.1782682512733446,0.0152801358234295,0.2020373514431239,0.361344537815126,0.361344537815126,1.0,0.1697792869269949,0.35,0.35,1.0,0.0595238095238095,0.1717171717171717,0.3529411764705882,0.1717171717171717,0.8064516129032258,0.3535353535353535,0.5837534863945578,0.5701824561403509,0.58562806122449,0.1690140845070422,3.493783783783784,24.784474885844748,0.2043546694648478,48.0,4.0,83.0,72.0,6.0,108.0,23.0,120.0,6.0,22.0,6.0,1.0,4.0,118.0,6.0,6.0,0.6206896551724138,0.0194174757281553,0.0792682926829268,0.1198156682027649,0.4571428571428571,0.5217391304347826,0.8125,0.4444444444444444,0.4444444444444444,0.1382842509603073,31.0,46.0,5.0,38.0,21.0,3.0,2.0,0.5846153846153846,0.0916030534351145,0.4646464646464646,0.6739130434782609,0.2941176470588235,,36.0,58.0,2.0,42.0,6.0,,64.0,,20.0,35.0,5.0,3.0,3.0,,62.0,11.0,,0.5,0.5833333333333334,0.6071428571428571,,0.1238095238095238,,0.0609756097560975,0.0460526315789473,0.096875,0.0550774526678141,0.0167597765363128,0.6904761904761905,0.6206896551724138,0.4,1.0,0.0979462875197472,0.1497584541062802,2.0,16.0,10.0,0.0235294117647058,,15.0,0.1388888888888889,2.0,5.0,,,4.0,18.0,1.0,False,4.0,7.0,0.0833333333333333,0.5714285714285714,1.0,,2.0,,,1.0,,,,1.0,,1.0
1629599,1610612746,Amir Coffey,Amir Coffey,1629599,LAC,104440.0,1741.0,-68.0,3524,3524.0,882.0,944.0,375.0,7048,67.0,102.0,100.0,60.0,43.0,94.0,9.0,16.0,57.0,152.0,12.0,34.0,139.0,262.0,100.0,246.0,691.0,3981.0,21.0,47.0,16.0,50.0,130.0,190.0,291.0,152.0,57.0,22.0,43.0,34.0,77.0,22.0,13.0,188.0,20.0,77.0,44.0,129.0,32.0,161.0,7.0,40.0,17.0,25.0,6.0,20.0,13.0,45.0,13.0,64.0,120.0,5.0,94.0,7.0,,7.0,4.0,129.0,873.0,0.6834532374100719,0.7089552238805971,0.97,0.4065040650406504,0.32,0.4065040650406504,0.5305343511450382,0.5688976377952756,0.5463917525773195,0.61101243339254,0.6018518518518519,0.484251968503937,0.0839694656488549,0.0980392156862745,15.36319919007846,0.5555555555555556,0.0559085133418043,0.0236127508854781,0.0898483080513418,0.0736009732360097,0.0205128205128205,0.0159090909090909,0.058080808080808,0.0946564885496183,0.0300429184549356,0.5714285714285714,0.2007874015748031,0.6568627450980392,0.7282608695652174,0.746268656716418,0.1968503937007874,0.1181102362204724,0.1850393700787401,0.4574468085106383,0.4623655913978494,1.0,0.2992125984251969,0.375,0.3851351351351351,0.9473684210526316,0.2222222222222222,0.1649484536082474,0.5625,0.3505154639175257,0.6850393700787402,0.375,0.5427836956521737,0.5250891891891892,0.5503136842105263,0.1881331403762662,7.653435114503815,25.37886178861787,0.2502837684449489,45.0,27.0,113.0,33.0,18.0,84.0,24.0,88.0,12.0,12.0,1.0,,6.0,127.0,6.0,4.0,0.6666666666666666,0.0140845070422535,0.0491803278688524,0.0742574257425742,0.45,0.5113636363636364,0.6666666666666666,0.45,0.45,0.1215629522431259,16.0,22.0,7.0,29.0,23.0,,,0.6170212765957447,0.0557620817843866,0.2268041237113402,0.7272727272727273,0.2058823529411764,3.0,4.0,11.0,5.0,18.0,10.0,9.0,10.0,5.0,25.0,12.0,8.0,3.0,3.0,3.0,58.0,3.0,,0.4761904761904761,0.5454545454545454,0.6111111111111112,0.0203252032520325,0.12,0.0263157894736842,0.0776699029126213,0.0168302945301542,0.0415094339622641,0.0202578268876611,0.0058823529411764,0.2037037037037037,0.3636363636363636,0.4166666666666667,1.0,0.1059245960502693,0.1870967741935484,,4.0,9.0,,2.0,6.0,0.25,,5.0,1.0,0.0040485829959514,7.0,10.0,0.5555555555555556,False,5.0,9.0,0.1666666666666666,0.5555555555555556,1.0,,,,0.0106382978723404,,,,,,,
1629234,1610612746,Drew Eubanks,Drew Eubanks,1629234,LAC,10373.0,173.0,-8.0,350,350.0,120.0,120.0,47.0,700,19.0,29.0,18.0,,,,,,,,,,26.0,47.0,,,63.0,396.0,,14.0,,,20.0,36.0,,,,12.0,5.0,4.0,9.0,4.0,3.0,22.0,14.0,17.0,18.0,38.0,19.0,57.0,1.0,2.0,1.0,5.0,2.0,5.0,1.0,10.0,5.0,11.0,17.0,2.0,11.0,7.0,,7.0,3.0,20.0,120.0,0.6923076923076923,0.8181818181818182,,,,,0.5531914893617021,0.5531914893617021,0.5,0.5833333333333334,0.5555555555555556,,0.2553191489361702,0.2068965517241379,16.0,0.5,0.2432432432432432,0.1473684210526315,0.2098765432098765,0.2258064516129032,0.1144578313253012,0.1568627450980392,0.2666666666666666,0.2745098039215686,0.1111111111111111,0.4285714285714285,0.6170212765957447,0.6551724137931034,0.8260869565217391,0.7368421052631579,0.3829787234042553,,,,,,,,,,,,,,0.6170212765957447,,0.5492297872340426,0.5471111111111112,0.5699785714285714,0.3174603174603174,3.508510638297873,,0.3428571428571428,7.0,,11.0,12.0,3.0,15.0,6.0,16.0,,4.0,2.0,,1.0,14.0,1.0,1.0,0.5357142857142857,0.1666666666666666,,0.1,0.3888888888888889,0.5833333333333334,0.5714285714285714,,,0.238095238095238,6.0,9.0,,7.0,1.0,,,0.5,0.3,0.6428571428571429,0.6666666666666666,,,5.0,10.0,,6.0,,,8.0,,1.0,5.0,3.0,1.0,,,6.0,4.0,,,0.5,0.5,,0.3333333333333333,,0.25,0.0704225352112676,0.125,0.0701754385964912,0.0714285714285714,0.8333333333333334,0.5,,,0.1132075471698113,0.1132075471698113,,3.0,,,,,0.2,,1.0,,,1.0,,,False,,,,,,,,,,,,,,,,
1629645,1610612746,Kevin Porter Jr.,Kevin Porter Jr.,1629645,LAC,53027.0,884.0,-27.0,1810,1811.0,412.0,513.0,187.0,3621,52.0,78.0,130.0,93.0,5.0,11.0,2.0,3.0,21.0,95.0,9.0,22.0,146.0,301.0,26.0,106.0,419.0,1982.0,11.0,55.0,8.0,25.0,85.0,78.0,42.0,94.0,21.0,23.0,84.0,60.0,144.0,48.0,26.0,348.0,9.0,74.0,54.0,131.0,29.0,160.0,4.0,43.0,21.0,51.0,10.0,33.0,22.0,84.0,26.0,33.0,70.0,4.0,75.0,9.0,,11.0,7.0,84.0,411.0,0.2671232876712329,0.2765957446808511,0.5384615384615384,0.2452830188679245,0.32,0.2476190476190476,0.4850498338870432,0.4545454545454545,0.45,0.4750566893424036,0.4775280898876404,0.2604422604422604,0.0764119601328903,0.0769230769230769,25.913129318854885,0.6071428571428571,0.1310679611650485,0.0201793721973094,0.1598272138228941,0.1462857142857143,0.0341047503045067,0.0229357798165137,0.1435643564356435,0.1510989010989011,0.02,0.6363636363636364,0.1916461916461916,0.6666666666666666,0.7222222222222222,0.4038461538461538,0.3194103194103194,0.2285012285012285,0.027027027027027,0.4545454545454545,0.5,1.0,0.2334152334152334,0.2210526315789473,0.2307692307692307,0.4285714285714285,0.2647058823529412,0.0375,0.6666666666666666,0.275,0.4520884520884521,0.2234042553191489,0.4963317733990147,0.50119,0.4782125,0.2028639618138424,9.8046511627907,25.901886792452835,0.2276243093922652,55.0,39.0,49.0,23.0,2.0,36.0,13.0,214.0,12.0,29.0,6.0,3.0,4.0,76.0,6.0,5.0,0.4864864864864865,0.0116279069767441,0.1142857142857142,0.1919191919191919,0.4230769230769231,0.4782608695652174,0.2,0.4193548387096774,0.4285714285714285,0.0859188544152744,10.0,18.0,6.0,24.0,22.0,2.0,2.0,0.4363636363636363,0.1214285714285714,0.225,0.5555555555555556,0.2727272727272727,,6.0,10.0,3.0,11.0,4.0,36.0,10.0,5.0,55.0,19.0,3.0,8.0,4.0,,29.0,5.0,,0.3636363636363636,0.4782608695652174,0.5,0.0471698113207547,0.1153846153846153,0.0421052631578947,0.0612244897959183,0.0506666666666666,0.0211267605633802,0.0381944444444444,0.0919540229885057,0.2941176470588235,0.6,0.3333333333333333,0.6666666666666666,0.0758620689655172,0.0889570552147239,1.0,4.0,6.0,0.024390243902439,,4.0,0.1666666666666666,,3.0,4.0,0.036697247706422,5.0,4.0,0.1794871794871795,False,1.0,2.0,0.0588235294117647,0.5,1.0,1.0,,0.021505376344086,0.0909090909090909,1.0,1.0,,,,,
1641757,1610612746,Jordan Miller,Jordan Miller,1641757,LAC,25095.0,418.0,-66.0,848,861.0,228.0,254.0,105.0,1709,33.0,58.0,34.0,4.0,2.0,13.0,,2.0,6.0,25.0,4.0,3.0,50.0,96.0,8.0,38.0,152.0,961.0,4.0,19.0,,5.0,24.0,48.0,24.0,25.0,6.0,12.0,19.0,13.0,32.0,8.0,5.0,77.0,15.0,14.0,20.0,35.0,23.0,58.0,10.0,17.0,6.0,19.0,1.0,7.0,7.0,26.0,6.0,14.0,25.0,3.0,26.0,3.0,,5.0,1.0,24.0,227.0,0.48,0.5714285714285714,1.0,0.2105263157894736,,0.2105263157894736,0.5208333333333334,0.4626865671641791,0.3333333333333333,0.5066666666666667,0.4,0.2835820895522388,0.125,0.1206896551724138,18.181818181818183,0.7307692307692307,0.1298701298701298,0.0704225352112676,0.0660377358490566,0.0928961748633879,0.0565110565110565,0.0813953488372093,0.1298701298701298,0.0769230769230769,0.1612903225806451,0.2,0.4328358208955223,0.5689655172413793,0.6470588235294118,0.4545454545454545,0.2537313432835821,0.0298507462686567,0.0970149253731343,0.1538461538461538,0.1538461538461538,1.0,0.1865671641791045,0.24,0.24,1.0,0.2105263157894736,0.0833333333333333,,0.125,0.7164179104477612,0.24,0.540564552238806,0.586925,0.5427479166666667,0.1578947368421052,4.3500000000000005,25.05,0.2688679245283019,15.0,2.0,28.0,15.0,3.0,28.0,8.0,52.0,5.0,12.0,1.0,1.0,1.0,35.0,4.0,4.0,0.6666666666666666,,0.074074074074074,0.0357142857142857,0.4411764705882353,0.5172413793103449,0.5333333333333333,0.5,0.5,0.1842105263157894,6.0,12.0,,8.0,11.0,2.0,2.0,0.4210526315789473,0.16,0.5,0.5,,,10.0,14.0,1.0,11.0,1.0,,16.0,,12.0,8.0,1.0,2.0,,,13.0,3.0,1.0,0.25,0.7333333333333333,0.6578947368421053,,0.1470588235294117,,0.032258064516129,0.0412371134020618,0.0888888888888888,0.032051282051282,0.0789473684210526,0.7368421052631579,0.7142857142857143,0.25,1.0,0.0958904109589041,0.1214953271028037,,,3.0,,,,0.1,,2.0,1.0,0.0256410256410256,1.0,2.0,0.5,False,,,,,,,,,,,,,,,,
1629611,1610612746,Terance Mann,Terance Mann,1629611,LAC,43935.0,732.0,-80.0,1475,1493.0,287.0,418.0,180.0,2968,43.0,65.0,39.0,16.0,15.0,32.0,2.0,6.0,11.0,43.0,6.0,6.0,61.0,120.0,26.0,75.0,223.0,1705.0,8.0,25.0,4.0,12.0,31.0,82.0,66.0,43.0,11.0,17.0,39.0,20.0,59.0,15.0,15.0,138.0,14.0,36.0,33.0,75.0,32.0,107.0,1.0,28.0,16.0,14.0,4.0,11.0,9.0,25.0,6.0,29.0,68.0,2.0,31.0,10.0,,11.0,8.0,31.0,284.0,0.6721311475409836,0.6833333333333333,0.8461538461538461,0.3466666666666667,0.3333333333333333,0.3466666666666667,0.5083333333333333,0.5128205128205128,0.3783783783783784,0.530952380952381,0.3974358974358974,0.3846153846153846,0.1416666666666666,0.1846153846153846,13.946587537091988,0.56,0.1064516129032258,0.0392156862745098,0.1058823529411764,0.1061538461538461,0.0437853107344632,0.0346820809248554,0.0689655172413793,0.0894941634241245,0.0114942528735632,0.7272727272727273,0.3333333333333333,0.6615384615384615,0.8113207547169812,0.8372093023255814,0.2,0.082051282051282,0.1641025641025641,0.46875,0.46875,0.9333333333333332,0.2205128205128205,0.2558139534883721,0.2619047619047619,0.7272727272727273,0.3529411764705882,0.1621621621621621,0.3333333333333333,0.1621621621621621,0.717948717948718,0.2558139534883721,0.5557302564102563,0.555865,0.4672108108108108,0.1390134529147982,6.148333333333334,24.9,0.1945762711864407,14.0,4.0,23.0,9.0,2.0,21.0,3.0,40.0,5.0,5.0,5.0,2.0,6.0,32.0,2.0,2.0,0.5833333333333334,0.0483870967741935,0.18,0.1566265060240964,0.358974358974359,0.4117647058823529,0.2857142857142857,0.25,0.25,0.0941704035874439,3.0,6.0,2.0,8.0,12.0,1.0,1.0,0.32,0.1217391304347826,0.1621621621621621,0.5,0.3333333333333333,,3.0,6.0,1.0,5.0,3.0,12.0,2.0,1.0,23.0,17.0,6.0,2.0,1.0,,15.0,4.0,,0.375,0.5555555555555556,0.5588235294117647,0.0133333333333333,0.1282051282051282,0.0232558139534883,0.1132075471698113,0.0484330484330484,0.040983606557377,0.050179211469534,0.0416666666666666,0.3529411764705882,0.5,0.1666666666666666,1.0,0.0721153846153846,0.112781954887218,1.0,6.0,8.0,0.0333333333333333,,4.0,0.6666666666666666,,1.0,,,7.0,2.0,0.25,False,2.0,2.0,0.1176470588235294,1.0,1.0,,,,,,,,,,,
1630538,1610612746,Bones Hyland,Bones Hyland,1630538,LAC,13314.0,222.0,-34.0,451,451.0,128.0,162.0,51.0,902,8.0,15.0,9.0,11.0,4.0,8.0,3.0,3.0,27.0,72.0,5.0,20.0,14.0,35.0,31.0,80.0,144.0,494.0,6.0,16.0,8.0,23.0,43.0,12.0,42.0,71.0,27.0,4.0,18.0,10.0,28.0,5.0,6.0,66.0,3.0,11.0,5.0,19.0,5.0,24.0,2.0,18.0,12.0,15.0,6.0,9.0,5.0,24.0,11.0,16.0,26.0,1.0,17.0,3.0,1.0,4.0,3.0,43.0,128.0,0.4285714285714285,0.4285714285714285,0.4516129032258064,0.3875,0.3478260869565217,0.3924050632911392,0.4,0.5260869565217391,0.4615384615384615,0.568,0.5119047619047619,0.6956521739130435,0.1142857142857142,0.1333333333333333,29.158512720156555,0.625,0.0617283950617283,0.027027027027027,0.0932203389830508,0.0804020100502512,0.0221238938053097,0.048780487804878,0.0888888888888888,0.0804597701149425,0.032258064516129,0.75,0.1304347826086956,0.5333333333333333,0.6153846153846154,0.5,0.0782608695652174,0.0956521739130434,0.0695652173913043,0.5,0.5,1.0,0.6260869565217392,0.375,0.380281690140845,0.3703703703703703,0.5,0.0769230769230769,1.0,0.5128205128205128,0.8260869565217391,0.380281690140845,0.5034697368421053,0.42765,0.4855513157894736,0.2986111111111111,8.791428571428572,26.57625,0.2838137472283814,2.0,4.0,23.0,4.0,,11.0,7.0,16.0,5.0,10.0,3.0,,,26.0,1.0,1.0,0.55,,0.0666666666666666,0.1290322580645161,0.2222222222222222,0.2222222222222222,0.5,0.3636363636363636,0.4444444444444444,0.0763888888888889,3.0,8.0,5.0,6.0,6.0,1.0,1.0,0.375,,0.2051282051282051,0.375,0.25,3.0,,1.0,2.0,1.0,3.0,51.0,,1.0,10.0,2.0,3.0,2.0,,,8.0,,,0.5,0.25,0.55,0.0125,,0.0138888888888888,0.1666666666666666,0.017391304347826,0.0192307692307692,0.0210526315789473,,0.1,,0.4,0.5,0.0806451612903225,0.1904761904761904,,2.0,3.0,,,,,,2.0,2.0,0.024390243902439,1.0,1.0,0.25,False,1.0,1.0,0.1,1.0,1.0,,,0.1818181818181818,,1.0,,,,,,
1628964,1610612746,Mo Bamba,Mo Bamba,1628964,LAC,21147.0,352.0,-53.0,702,709.0,135.0,170.0,73.0,1411,25.0,33.0,17.0,3.0,5.0,17.0,,5.0,10.0,33.0,2.0,2.0,33.0,53.0,15.0,50.0,128.0,804.0,2.0,7.0,,7.0,13.0,42.0,45.0,33.0,10.0,4.0,9.0,7.0,16.0,4.0,3.0,39.0,20.0,48.0,36.0,94.0,26.0,120.0,3.0,9.0,6.0,7.0,2.0,12.0,3.0,19.0,4.0,29.0,49.0,5.0,18.0,26.0,1.0,28.0,15.0,13.0,135.0,0.6363636363636364,0.9545454545454546,1.0,0.3,,0.3,0.6226415094339622,0.5388349514563107,0.2857142857142857,0.5614035087719298,0.3611111111111111,0.4854368932038835,0.0754716981132075,0.0606060606060606,16.89961880559085,0.3684210526315789,0.2337662337662337,0.1273885350318471,0.2823529411764706,0.2592592592592592,0.0804953560371517,0.1038961038961039,0.2786885245901639,0.2900763358778626,0.0625,0.5357142857142857,0.3203883495145631,0.7575757575757576,0.8064516129032258,0.52,0.1650485436893204,0.029126213592233,0.1650485436893204,0.2941176470588235,0.2941176470588235,1.0,0.3203883495145631,0.303030303030303,0.3225806451612903,1.0,0.0869565217391304,0.3571428571428571,,0.1428571428571428,0.8058252427184466,0.303030303030303,0.5555684466019418,0.6280406249999999,0.5760821428571429,0.1015625,4.030188679245283,25.106,0.1923076923076923,6.0,2.0,17.0,21.0,5.0,35.0,5.0,24.0,3.0,4.0,1.0,1.0,3.0,25.0,,,0.6730769230769231,0.1612903225806451,0.2666666666666666,0.2564102564102564,0.3529411764705882,0.4,1.0,0.6666666666666666,0.6666666666666666,0.2734375,2.0,4.0,,4.0,3.0,2.0,1.0,0.5714285714285714,0.1746031746031746,0.2857142857142857,0.5,,,14.0,20.0,,15.0,,,22.0,2.0,6.0,6.0,10.0,,1.0,,14.0,18.0,,,0.7142857142857143,0.6521739130434783,0.04,0.1176470588235294,0.0606060606060606,0.4545454545454545,0.036144578313253,0.1428571428571428,0.0476190476190476,,0.8695652173913043,0.7,,,0.1228070175438596,0.21875,,7.0,4.0,,2.0,,0.2142857142857142,2.0,,,,8.0,3.0,1.0,False,,,,,,,,,,,,,,1.0,,
1630539,1610612746,Kai Jones,Kai Jones,1630539,LAC,12321.0,205.0,-6.0,416,415.0,145.0,160.0,48.0,831,22.0,25.0,8.0,,,1.0,,,,1.0,,1.0,25.0,33.0,,2.0,59.0,436.0,,10.0,,1.0,24.0,44.0,,1.0,,1.0,6.0,4.0,10.0,4.0,4.0,24.0,10.0,14.0,14.0,30.0,15.0,45.0,,6.0,2.0,7.0,,3.0,2.0,10.0,3.0,15.0,23.0,1.0,11.0,12.0,1.0,12.0,7.0,24.0,144.0,0.88,0.9565217391304348,,,,,0.7575757575757576,0.7142857142857143,0.9090909090909092,0.7375,0.9230769230769232,0.0571428571428571,0.0303030303030303,0.04,10.638297872340424,0.7,0.1686746987951807,0.1075268817204301,0.125,0.1435897435897435,0.0757575757575757,0.1388888888888889,0.1904761904761904,0.1176470588235294,,0.5833333333333334,0.7142857142857143,0.88,0.9166666666666666,0.8636363636363636,0.2285714285714285,,0.0285714285714285,,,,0.0285714285714285,,,,,,,0.0909090909090909,0.7714285714285715,,0.6743557142857144,0.6591,0.6852409090909092,0.4067796610169492,2.833333333333334,24.6,0.3485576923076923,3.0,,9.0,4.0,2.0,10.0,4.0,6.0,,5.0,2.0,,2.0,12.0,,,1.0,0.0869565217391304,0.1666666666666666,0.1481481481481481,0.375,0.375,1.0,,,0.1694915254237288,8.0,8.0,,10.0,4.0,,,1.0,0.1379310344827586,0.7272727272727273,1.0,,,3.0,3.0,,4.0,,,4.0,,1.0,5.0,2.0,1.0,1.0,,7.0,4.0,,,1.0,1.0,,,,0.0952380952380952,0.0476190476190476,0.088235294117647,0.0352941176470588,0.1,0.75,1.0,,,0.175,0.1842105263157894,,7.0,3.0,,,,0.3333333333333333,4.0,1.0,,,3.0,2.0,,False,,,,,,,,,,,,,,,,
1641738,1610612746,Kobe Brown,Kobe Brown,1641738,LAC,15514.0,259.0,-56.0,520,520.0,177.0,212.0,70.0,1040,18.0,29.0,13.0,1.0,3.0,6.0,3.0,5.0,3.0,19.0,,6.0,25.0,43.0,6.0,25.0,73.0,606.0,1.0,11.0,4.0,11.0,25.0,26.0,18.0,19.0,3.0,2.0,16.0,6.0,22.0,5.0,3.0,50.0,7.0,24.0,16.0,45.0,19.0,64.0,6.0,6.0,1.0,3.0,5.0,9.0,2.0,12.0,3.0,13.0,22.0,,11.0,5.0,,5.0,1.0,25.0,177.0,0.52,0.7647058823529411,1.0,0.24,0.3636363636363636,0.24,0.5813953488372093,0.5,0.5,0.5214285714285715,0.5208333333333334,0.3676470588235294,0.0465116279069767,0.0344827586206896,13.73534338358459,0.25,0.1553398058252427,0.056910569105691,0.1860465116279069,0.1724137931034483,0.0778688524590164,0.1081081081081081,0.135593220338983,0.1473684210526315,0.1875,0.2,0.4264705882352941,0.6206896551724138,0.6428571428571429,0.5,0.1911764705882352,0.0147058823529411,0.088235294117647,0.5,0.5,1.0,0.2794117647058823,0.1578947368421052,0.1578947368421052,1.0,,0.2272727272727272,0.6,0.2727272727272727,0.7941176470588235,0.1578947368421052,0.5495911764705883,0.544557142857143,0.5345272727272727,0.3424657534246575,3.6930232558139537,25.600000000000005,0.3403846153846154,7.0,,5.0,14.0,,20.0,3.0,24.0,1.0,1.0,1.0,1.0,3.0,7.0,1.0,1.0,0.6666666666666666,,0.1875,0.2941176470588235,0.5384615384615384,0.5833333333333334,0.5714285714285714,,,0.273972602739726,3.0,6.0,1.0,5.0,5.0,,,0.4545454545454545,0.1785714285714285,0.2727272727272727,0.5,0.1666666666666666,,8.0,11.0,,10.0,,,16.0,,12.0,12.0,5.0,1.0,1.0,,4.0,1.0,,,0.7142857142857143,0.6666666666666666,,0.0769230769230769,,0.3333333333333333,0.0991735537190082,0.0545454545454545,0.1153846153846153,,0.7333333333333333,0.7272727272727273,,,0.0579710144927536,0.0909090909090909,,4.0,2.0,,,1.0,0.125,,1.0,,,2.0,3.0,,False,,1.0,0.0666666666666666,,,,,,,,,,,,,
201988,1610612746,Patty Mills,Patty Mills,201988,LAC,3066.0,51.0,-13.0,105,101.0,45.0,69.0,13.0,206,,1.0,,1.0,1.0,1.0,1.0,1.0,7.0,15.0,1.0,5.0,1.0,2.0,8.0,16.0,33.0,123.0,1.0,,4.0,6.0,17.0,2.0,15.0,15.0,7.0,1.0,2.0,1.0,3.0,1.0,1.0,7.0,1.0,,,,1.0,1.0,,1.0,,1.0,,,1.0,1.0,,4.0,10.0,,5.0,,,,,17.0,45.0,1.0,1.0,0.625,0.5,0.6666666666666666,0.5,0.5,0.7222222222222222,1.0,0.7857142857142857,1.0625,0.8888888888888888,0.5,1.0,18.333333333333336,1.0,,0.04,,,0.0208333333333333,,,,,,0.0555555555555555,,,,,0.0555555555555555,0.0555555555555555,1.0,1.0,1.0,0.8333333333333334,0.4666666666666667,0.4666666666666667,0.5714285714285714,1.0,0.1666666666666666,1.0,0.8333333333333334,0.9444444444444444,0.4666666666666667,0.504638888888889,0.5325,0.5081000000000001,0.5151515151515151,10.45,26.175,0.4285714285714285,,1.0,7.0,,,3.0,5.0,,,,,,,7.0,1.0,1.0,1.5,,,,,,,1.0,1.0,0.0909090909090909,,,3.0,,1.0,,,,,,,0.6,,,,1.0,,1.0,9.0,,,1.0,,,,,1.0,1.0,,,1.0,,1.5,,,,,,0.0909090909090909,,,,,1.0,,0.1,0.3333333333333333,,,4.0,,,,,,,1.0,0.0588235294117647,,,1.0,False,,,,,,,,,,,,,,,,
1642353,1610612746,Cam Christie,Cam Christie,1642353,LAC,3360.0,56.0,-8.0,117,119.0,55.0,64.0,17.0,236,3.0,7.0,2.0,1.0,,3.0,,1.0,1.0,8.0,1.0,3.0,4.0,10.0,1.0,11.0,13.0,124.0,1.0,4.0,,4.0,7.0,4.0,3.0,8.0,1.0,1.0,3.0,3.0,6.0,2.0,2.0,15.0,3.0,6.0,3.0,9.0,3.0,12.0,2.0,5.0,3.0,1.0,,1.0,,2.0,1.0,2.0,4.0,,3.0,1.0,,1.0,1.0,7.0,55.0,0.5,0.6666666666666666,1.0,0.0909090909090909,,0.0909090909090909,0.4,0.2619047619047619,0.375,0.2826086956521739,0.3888888888888889,0.5238095238095238,0.1,0.1428571428571428,18.24817518248175,0.5,0.1428571428571428,0.0909090909090909,0.1875,0.1698113207547169,0.0535714285714285,,0.2307692307692307,0.2142857142857142,0.1333333333333333,1.0,0.3333333333333333,0.4285714285714285,0.5,0.3333333333333333,0.0952380952380952,0.0476190476190476,0.1428571428571428,,,,0.3809523809523809,0.125,0.125,1.0,0.25,0.125,,0.375,0.8571428571428571,0.125,0.5486880952380953,0.5452,0.5417375,0.5384615384615384,4.62,25.509090909090904,0.4700854700854701,1.0,,2.0,3.0,,5.0,1.0,4.0,1.0,1.0,,,,4.0,,,0.625,,,,0.5,0.5,1.0,,,0.3846153846153846,2.0,2.0,,3.0,2.0,,,0.75,,0.25,1.0,,,1.0,3.0,1.0,1.0,1.0,,2.0,,1.0,,,,,,2.0,1.0,,1.0,0.3333333333333333,0.625,,,,,,0.1875,,,0.75,0.3333333333333333,1.0,1.0,0.0869565217391304,0.1666666666666666,,,2.0,,,,,,,,,,,,False,,,,,,,,,,,,,,,,
1631116,1610612746,Patrick Baldwin Jr.,Patrick Baldwin Jr.,1631116,LAC,370.0,6.0,-5.0,14,13.0,6.0,7.0,,27,,,,,,,,,2.0,2.0,,,,,2.0,2.0,6.0,16.0,,,,,,,6.0,2.0,2.0,,1.0,,1.0,,,2.0,,1.0,1.0,3.0,,3.0,,,,,,,,,,2.0,2.0,,,,,,,,6.0,,,1.0,1.0,,1.0,,1.5,,1.5,,1.0,,,14.285714285714285,,1.0,,0.5,0.6666666666666666,,,,1.0,,,,,,,,,,,,,1.0,1.0,1.0,1.0,,,,,1.0,1.0,0.53055,,,,,24.7,0.4285714285714285,,,,,,,,,,,,,,,,,,,,,,,,,,,,,,,,,,,1.0,,,,,,,,,,,,,1.0,,1.0,,,,,,,,,,,,,1.0,,,,,,,,,,,,,,,,,,,,,,,,,False,,,,,,,,,,,,,,,,
1642280,1610612746,Trentyn Flowers,Trentyn Flowers,1642280,LAC,1590.0,26.0,-6.0,59,59.0,34.0,32.0,6.0,118,2.0,5.0,3.0,1.0,,1.0,,1.0,,1.0,,1.0,4.0,9.0,,2.0,11.0,60.0,,2.0,,2.0,7.0,4.0,,1.0,,,,,,,,,1.0,1.0,1.0,3.0,1.0,4.0,1.0,,,1.0,,,1.0,1.0,,1.0,4.0,,2.0,,,,,7.0,34.0,0.5,0.5,,,,,0.4444444444444444,0.3636363636363636,0.5,0.4583333333333333,0.7,0.1818181818181818,,,20.0,1.0,0.0909090909090909,0.0769230769230769,0.0769230769230769,0.0833333333333333,0.0416666666666666,,,0.1,0.1428571428571428,,0.4545454545454545,0.4,0.4,0.5,0.2727272727272727,0.0909090909090909,0.0909090909090909,,,,0.0909090909090909,,,,,0.25,,0.25,0.6363636363636364,,0.4778318181818182,0.5247,0.5162625,0.6363636363636364,7.088888888888889,25.15,0.576271186440678,2.0,,3.0,1.0,,,3.0,4.0,,,,,,3.0,1.0,1.0,,,,,0.6666666666666666,0.6666666666666666,0.5,,,,2.0,2.0,,2.0,,,,1.0,0.3333333333333333,0.5,1.0,,,,1.0,,,,,,,,,1.0,,,,1.0,,,,,,,,,0.1666666666666666,,0.1428571428571428,,,1.0,,,,0.0909090909090909,0.1111111111111111,,,,,,,,,,,,,1.0,,False,,,,,,,,,,,,,,,,
1626153,1610612752,Delon Wright,Delon Wright,1626153,NYK,419.0,7.0,-10.0,15,15.0,1.0,12.0,2.0,30,,,,,,,,,,,,,,,,,,16.0,,,,,,,,,,,,,,,,,,,1.0,1.0,1.0,2.0,,,,,1.0,1.0,,1.0,,1.0,1.0,,,,,,,,1.0,,,,,,,,,,,,,,,5.88235294117647,,0.3333333333333333,,,0.16666666666666666,0.1111111111111111,,0.3333333333333333,,,,,,,,,,,,,,,,,,,,,,,,,,,,,,0.06666666666666667,,,,,,,,,,,1.0,,,,,,,,,,,,,,,,,,,,,,,,,,,,,,,,,,,,,,1.0,,,,,,,,,,,,,,,0.25,,0.25,,,,,,,,,,,,,,,,,,,,,,True,,,,,,,,,,,,,,,,
1629011,1610612752,Mitchell Robinson,Mitchell Robinson,1629011,NYK,19.0,,,1,,,,1.0,1,,,,,,,,,,,,,,,,,,,,,,,,,,,,,,,,,,,,,,,,,,,,,,,,,,,,,,,,,,,,,,,,,,,,,,,,,,,,,,,,,,,,,,,,,,,,,,,,,,,,,,,,,,,,,,,,,,,,,,,,,,,,,,,,,,,,,,,,,,,,,,,,,,,,,,,,,,,,,,,,,,,,,,,,,,,,,,,,,,,,,,,,,,,,,,,,,,,,,,,,True,,,,,,,,,,,,,,,,
1629013,1610612752,Landry Shamet,Landry Shamet,1629013,NYK,826.0,14.0,-1.0,32,32.0,20.0,29.0,5.0,64,,,,,,,,,2.0,2.0,,1.0,,,2.0,2.0,6.0,31.0,,,1.0,1.0,3.0,,6.0,2.0,2.0,,,,,,,,,1.0,,1.0,,1.0,,,,,,,,,,,,,,,,,,3.0,20.0,,,1.0,1.0,1.0,1.0,,1.5,1.5,1.5,1.5,1.0,,,5.405405405405405,,,,0.2,0.07142857142857142,,,,,,,,,,,,,,,,,1.0,1.0,1.0,1.0,,,,1.0,1.0,1.0,0.533625,,0.53655,0.5,,25.6,0.625,,,,,,,,,,,,,,,,,,,,1.0,,,,,,,,,1.0,,,,,,,,,1.0,,,,,,,,,,,,,,,,,,,,,,,,,,,,,,,,,,,,,,,,,,,,,,,,,,True,,,,,,,,,,,,,,,,
1630699,1610612752,MarJon Beauchamp,MarJon Beauchamp,1630699,NYK,1030.0,17.0,-8.0,40,41.0,25.0,35.0,5.0,81,4.0,4.0,1.0,1.0,,,,,1.0,5.0,1.0,3.0,4.0,6.0,1.0,5.0,15.0,41.0,1.0,5.0,,3.0,12.0,4.0,,5.0,1.0,,,1.0,1.0,1.0,,3.0,1.0,2.0,3.0,7.0,2.0,9.0,,1.0,1.0,1.0,,,,1.0,,,2.0,,2.0,,,,,12.0,25.0,0.5,0.6666666666666666,,0.2,,0.2,0.6666666666666666,0.5,0.5,0.5769230769230769,0.6,0.45454545454545453,,,31.11111111111111,1.0,0.3333333333333333,0.1,0.2857142857142857,0.3125,0.1,,0.3333333333333333,0.2,,,0.36363636363636365,1.0,1.0,0.5,0.09090909090909091,0.09090909090909091,,,,,0.45454545454545453,0.2,0.2,,0.5,,,0.375,0.8181818181818182,0.2,0.5905363636363636,0.5968249999999999,0.63435625,0.8,5.6000000000000005,25.74,0.625,,,4.0,1.0,,2.0,4.0,4.0,,1.0,,,,4.0,1.0,1.0,0.5,,,0.5,,,,,,0.13333333333333333,4.0,4.0,,4.0,,,,0.8,0.3333333333333333,0.5,1.0,,,1.0,1.0,,1.0,,3.0,2.0,,,1.0,2.0,,,,1.0,,,,1.0,0.5,,,,1.0,0.1,0.5,0.1,,0.5,1.0,,,0.08333333333333333,0.14285714285714285,,,1.0,,,,,,,,,,,,True,,,,,,,,,,,,,,,,
1642278,1610612752,Tyler Kolek,Tyler Kolek,1642278,NYK,828.0,14.0,-7.0,31,32.0,16.0,26.0,5.0,63,,,1.0,,,,,,,5.0,,1.0,,1.0,,5.0,,30.0,,1.0,,1.0,,,,5.0,,,2.0,,2.0,,,4.0,,,,,,,,,,,,1.0,,1.0,,1.0,2.0,,2.0,,,,,,16.0,,,,,,,,,,,,0.8333333333333334,,,19.444444444444446,,,,,,,,,,,,,,,,0.16666666666666666,,,,,,0.8333333333333334,,,,,,,0.5,0.8333333333333334,,0.5128666666666666,,0.495275,,4.2,26.839999999999996,0.5161290322580645,,,,,,,,,,,,1.0,,,,,,,,,,,,,,,,,,,,,,,,,,,,,,,,,,,,2.0,,,,,,,,,,,,,,,,,,,,,,,,,,,,,,,,,,,,,,,,True,,,,,,,,,,,,,,,,
1641817,1610612752,Anton Watson,Anton Watson,1641817,NYK,807.0,13.0,-1.0,31,32.0,20.0,29.0,4.0,63,2.0,3.0,3.0,,,,,,,1.0,,1.0,2.0,6.0,,1.0,4.0,31.0,,3.0,,1.0,4.0,2.0,,1.0,,1.0,,1.0,1.0,1.0,,3.0,1.0,1.0,1.0,2.0,1.0,3.0,,1.0,,1.0,,,,1.0,,1.0,2.0,,,,,,,4.0,20.0,0.5,1.0,,,,,0.3333333333333333,0.2857142857142857,0.5,0.2857142857142857,0.5,0.14285714285714285,0.16666666666666666,,22.857142857142858,1.0,0.1111111111111111,0.125,0.2,0.14285714285714285,0.06666666666666667,0.16666666666666666,,0.25,,,0.42857142857142855,0.6666666666666666,0.6666666666666666,0.5,0.42857142857142855,,,,,,0.14285714285714285,,,,,,,0.25,0.5714285714285714,,0.5421714285714285,0.6992,0.63405,1.0,3.6999999999999997,25.8,0.6451612903225806,,,,1.0,,2.0,,2.0,,1.0,,,,,,,1.0,,,,,,,,,0.5,2.0,3.0,,2.0,1.0,,,0.6666666666666666,0.16666666666666666,0.75,0.6666666666666666,,,1.0,1.0,,1.0,,,2.0,,,,,,,,,,,,1.0,1.0,,0.3333333333333333,,,,,,,1.0,1.0,,,,,,,,,,,,,,,,,,,True,,,,,,,,,,,,,,,,
1641755,1610612752,Kevin McCullar Jr.,Kevin McCullar Jr.,1641755,NYK,292.0,5.0,-4.0,12,12.0,9.0,9.0,,24,,,1.0,,,,,,,,,,,1.0,,,,14.0,,1.0,,,,,,,,,1.0,,1.0,,,2.0,,1.0,,1.0,,1.0,,,,,,,,,,1.0,1.0,,,,,,,,9.0,,,,,,,,,,,,,,,8.333333333333334,,,,0.5,0.3333333333333333,,,,1.0,,,,,,,1.0,,,,,,,,,,,,,,,,0.3571,,0.3571,,11.4,,0.75,,,,,,,,,,,,,,,,,,,,,,,,,,,,,,,,,,,,,,,,,,,,,,,,1.0,,,,,,,,,,,,,,,,,,,,,,,,,,,,,,,,,,,,,,,,True,,,,,,,,,,,,,,,,
200782,1610612752,P.J. Tucker,P.J. Tucker,200782,NYK,90.0,2.0,-3.0,3,3.0,,,,6,,,,,,,,,,,,,,,,,,3.0,,,,,,,,,,,,,,,,,,,,,,,,,,,,,,,,,,,,,,,,,,,,,,,,,,,,,,,,,,,,,,,,,,,,,,,,,,,,,,,,,,,,,,,,,,,,,,,,,,,,,,,,,,,,,,,,,,,,,,,,,,,,,,,,,,,,,,,,,,,,,,,,,,,,,,,,,,,,,,,,,,,,,,,,,,,,,,,,,,,,,,True,,,,,,,,,,,,,,,,
1626157,1610612752,Karl-Anthony Towns,Karl-Anthony Towns,1626157,NYK,46.0,1.0,2.0,2,3.0,2.0,2.0,,5,,,,,,,,,,,,,,,,,3.0,1.0,,,,,3.0,,,,,,,,,,,,,,1.0,1.0,,1.0,,,,,,,,,,,,,2.0,,,,,3.0,2.0,,,,,,,,,,0.75,0.75,,,,100.0,,0.5,,,0.5,,,,,,,,,,,,,,,,,,,,,,,,,,,,,,1.0,,,1.0,,,3.0,,,,3.0,,,,,,,4.0,,,,,,,,,,,,,,,,,,,,,0.5,,,,,,,,,,,,,,,,,,,2.0,,,,,,,,,,,,,,,,,,1.0,1.0,,,,,,,,,,,,,,,True,,,,,,,,,,,,,,,,
1626166,1610612752,Cameron Payne,Cameron Payne,1626166,NYK,202.0,3.0,-1.0,9,9.0,9.0,9.0,,18,,1.0,,,,,,,1.0,1.0,,1.0,,1.0,1.0,1.0,3.0,11.0,,1.0,1.0,1.0,3.0,,3.0,1.0,1.0,1.0,,,,,,,,,,,,,,,,,,1.0,,1.0,1.0,,,,,,,,,3.0,9.0,,,1.0,1.0,1.0,1.0,,0.75,0.75,0.75,0.75,0.5,1.0,1.0,33.333333333333336,,,,,,,,,,,,0.5,,,,,,,,,,0.5,1.0,1.0,1.0,,,,0.5,1.0,1.0,0.5422,,0.5422,1.0,3.0,25.4,1.0,,,,,,,,,,,,,,,,,,,,,,,,,,,,1.0,1.0,,,,,,,0.5,,1.0,,,,,,,,,,,,,1.0,,,,,,,,,,,,,,,,,,,,,,,,,,,,,,,,,,,,,True,,,,,,,,,,,,,,,,
1630173,1610612752,Precious Achiuwa,Precious Achiuwa,1630173,NYK,477.0,8.0,-3.0,19,20.0,18.0,18.0,3.0,39,1.0,1.0,2.0,,,,,,,1.0,,,1.0,3.0,,1.0,2.0,20.0,,3.0,,,2.0,2.0,,1.0,,,1.0,,1.0,,,2.0,,1.0,,1.0,,1.0,,,,,,,,,,,1.0,,,1.0,,1.0,1.0,2.0,18.0,1.0,1.0,,,,,0.3333333333333333,0.25,0.3333333333333333,0.25,0.3333333333333333,0.25,,,18.181818181818183,,,,0.25,0.14285714285714285,,,,0.25,,1.0,0.25,1.0,1.0,1.0,0.5,,,,,,0.25,,,,,,,,0.5,,0.5547,,0.5788,1.0,5.3999999999999995,25.7,0.9473684210526315,,,,1.0,,,,,,,,,,,,,,,,,,,,,,,1.0,1.0,,1.0,,,,0.3333333333333333,,0.3333333333333333,1.0,,,,,,,,,,,1.0,,,,,,,1.0,,,,,,,,,,,,,,,,,,,,,1.0,,,,,,,,,,,,True,,,,,,,,,,,,,,,,
1630540,1610612752,Miles McBride,Miles McBride,1630540,NYK,114.0,2.0,-4.0,5,6.0,5.0,6.0,,11,,,,,,,,,,,,,,,,,,7.0,,,,,,,,,,,,1.0,1.0,1.0,,3.0,,,,,,,,,,1.0,,,,1.0,1.0,1.0,1.0,,,,,,,,5.0,,,,,,,,,,,,,,,20.0,1.0,,,,,,,,,,,,,,,,,,,,,,,,,,,,,,,,,,,,,1.0,,,,,,,,,,1.0,,,,,,,,,,,,,,,,,,,,,,,,,,,,,,,,,,,,,,,,,,,,,,,,,,,,,,,,,,,,,,,,,,,,,,,,,,,,,,True,,,,,,,,,,,,,,,,
1626153,1610612752,Delon Wright,Delon Wright,1626153,NYK,13374.0,223.0,3.0,441,440.0,143.0,85.0,58.0,881,12.0,19.0,5.0,1.0,3.0,8.0,,1.0,5.0,16.0,4.0,5.0,15.0,25.0,8.0,24.0,60.0,511.0,6.0,8.0,1.0,6.0,17.0,16.0,24.0,16.0,5.0,1.0,15.0,14.0,29.0,10.0,3.0,72.0,7.0,7.0,,7.0,11.0,18.0,1.0,12.0,9.0,5.0,2.0,2.0,2.0,7.0,1.0,6.0,7.0,,11.0,3.0,,3.0,2.0,17.0,143.0,0.5333333333333333,0.6666666666666666,1.0,0.3333333333333333,0.16666666666666666,0.3333333333333333,0.6,0.5510204081632653,0.5357142857142857,0.5660377358490566,0.5666666666666667,0.4897959183673469,0.04,0.05263157894736842,11.834319526627219,0.7142857142857143,,0.0603448275862069,0.07142857142857142,0.03954802259887006,0.05670103092783505,0.06557377049180328,,0.05555555555555555,0.041666666666666664,0.6666666666666666,0.3877551020408163,0.631578947368421,0.6666666666666666,0.5833333333333334,0.10204081632653061,0.02040816326530612,0.16326530612244897,0.375,0.375,1.0,0.32653061224489793,0.3125,0.3125,1.0,0.2857142857142857,0.07142857142857142,,0.35714285714285715,0.8775510204081632,0.3125,0.5912979591836734,0.6135649999999999,0.5919857142857143,0.2833333333333333,3.392,24.854166666666668,0.3242630385487528,2.0,1.0,6.0,8.0,1.0,15.0,2.0,14.0,4.0,3.0,1.0,,1.0,9.0,,,0.5,0.07142857142857142,,0.11538461538461539,0.4,0.4,0.5,1.0,1.0,0.25,5.0,6.0,1.0,6.0,3.0,,,0.75,,0.42857142857142855,0.8333333333333334,0.2,,4.0,7.0,1.0,4.0,2.0,,6.0,,8.0,4.0,,,,,5.0,2.0,,0.3333333333333333,0.5,0.5,,,,,0.05128205128205128,0.04878048780487805,0.057692307692307696,0.038461538461538464,0.5,0.5714285714285714,0.25,1.0,0.09433962264150944,0.1724137931034483,,1.0,,,,1.0,,,4.0,,,,1.0,,False,1.0,2.0,0.14285714285714285,0.5,1.0,,,,,,,,,,,
1626157,1610612752,Karl-Anthony Towns,Karl-Anthony Towns,1626157,NYK,150964.0,2516.0,376.0,5105,5065.0,1017.0,730.0,582.0,10170,342.0,511.0,302.0,64.0,7.0,22.0,1.0,3.0,135.0,316.0,20.0,56.0,497.0,877.0,142.0,338.0,1756.0,5849.0,24.0,173.0,23.0,59.0,333.0,582.0,414.0,316.0,135.0,81.0,171.0,49.0,220.0,27.0,39.0,489.0,141.0,313.0,347.0,707.0,212.0,919.0,36.0,71.0,51.0,86.0,25.0,106.0,32.0,192.0,39.0,131.0,249.0,37.0,343.0,50.0,1.0,50.0,31.0,333.0,1014.0,0.5855130784708249,0.6995192307692307,0.971830985915493,0.42011834319526625,0.3898305084745763,0.42011834319526625,0.5667046750285063,0.5843621399176955,0.5237068965517241,0.6334300217548948,0.6102941176470589,0.2781893004115226,0.09236031927023945,0.09980430528375733,27.190855559404223,0.4479166666666667,0.28940783986655544,0.11463414634146342,0.27384076990376205,0.28181041844577287,0.09234828496042216,0.1227106227106227,0.3145454545454546,0.26887871853546913,0.0743801652892562,0.62,0.4205761316872428,0.6692759295499021,0.7434782608695653,0.5964912280701754,0.248559670781893,0.05267489711934156,0.01810699588477366,0.3181818181818182,0.3181818181818182,1.0,0.26008230452674896,0.4272151898734177,0.4299363057324841,0.9703703703703703,0.09803921568627451,0.01293103448275862,0.3333333333333333,0.2413793103448276,0.6987654320987654,0.4272151898734177,0.5549132107023409,0.5897074324324324,0.5544402222222223,0.1896355353075171,4.731927023945268,26.45473372781065,0.19921645445641528,134.0,21.0,336.0,180.0,57.0,308.0,90.0,412.0,22.0,54.0,25.0,10.0,19.0,405.0,11.0,11.0,0.6652173913043479,0.07853403141361257,0.3148148148148148,0.2899628252788104,0.44370860927152317,0.4908424908424908,0.5223880597014925,0.328125,0.3333333333333333,0.17539863325740318,69.0,110.0,22.0,87.0,20.0,,,0.5028901734104047,0.24480369515011546,0.47413793103448276,0.6272727272727273,0.39285714285714285,13.0,97.0,139.0,9.0,112.0,9.0,12.0,162.0,2.0,124.0,69.0,47.0,10.0,12.0,,216.0,34.0,1.0,0.375,0.6222222222222222,0.6151960784313726,0.005917159763313609,0.09602649006622517,0.006329113924050633,0.4351851851851852,0.06609195402298851,0.11967545638945233,0.047106325706594884,0.11295681063122924,0.6813725490196079,0.697841726618705,0.45,1.0,0.15862573099415206,0.2099125364431487,2.0,15.0,15.0,0.019417475728155338,5.0,5.0,0.15463917525773196,2.0,8.0,1.0,0.0029498525073746312,22.0,64.0,0.8095238095238095,False,,4.0,0.0196078431372549,,,,1.0,0.015625,,,,3.0,,,,
1626166,1610612752,Cameron Payne,Cameron Payne,1626166,NYK,65195.0,1087.0,205.0,2195,2205.0,432.0,403.0,267.0,4400,36.0,75.0,96.0,18.0,9.0,28.0,2.0,6.0,83.0,227.0,17.0,40.0,86.0,189.0,92.0,255.0,497.0,2437.0,21.0,33.0,20.0,46.0,111.0,52.0,177.0,227.0,83.0,8.0,130.0,73.0,203.0,42.0,34.0,479.0,9.0,49.0,39.0,90.0,14.0,104.0,6.0,39.0,18.0,33.0,5.0,18.0,11.0,51.0,11.0,52.0,111.0,4.0,61.0,14.0,1.0,16.0,7.0,111.0,431.0,0.3023255813953488,0.3023255813953488,0.6413043478260869,0.3607843137254902,0.43478260869565216,0.3607843137254902,0.455026455026455,0.5045045045045045,0.569620253164557,0.5311158798283262,0.6235955056179775,0.5743243243243243,0.042328042328042326,0.04,20.64696485623003,0.6470588235294118,0.07169117647058823,0.017077798861480076,0.09859154929577464,0.0845341018251681,0.01348747591522158,0.0228310502283105,0.055793991416309016,0.10106382978723404,0.023715415019762844,0.4375,0.16891891891891891,0.48,0.5,0.25,0.21621621621621623,0.04054054054054054,0.06306306306306306,0.32142857142857145,0.3333333333333333,0.8888888888888888,0.5112612612612613,0.3656387665198238,0.3688888888888889,0.6144578313253012,0.4722222222222222,0.0759493670886076,0.3333333333333333,0.5063291139240507,0.7432432432432432,0.3656387665198238,0.5283081632653063,0.52685,0.5236240506329114,0.22334004024144868,6.606878306878307,26.042352941176464,0.19681093394077448,44.0,6.0,49.0,15.0,3.0,31.0,21.0,120.0,31.0,22.0,3.0,,4.0,54.0,6.0,6.0,0.40540540540540543,0.014084507042253521,0.0707070707070707,0.09090909090909091,0.4583333333333333,0.4782608695652174,0.3409090909090909,0.3333333333333333,0.35294117647058826,0.06237424547283702,7.0,15.0,18.0,15.0,21.0,2.0,1.0,0.45454545454545453,0.08962264150943396,0.189873417721519,0.4666666666666667,0.45,3.0,1.0,7.0,4.0,5.0,6.0,99.0,,3.0,84.0,5.0,2.0,2.0,,12.0,18.0,6.0,,0.2857142857142857,0.3333333333333333,0.3888888888888889,0.011764705882352941,0.041666666666666664,0.00881057268722467,0.044444444444444446,0.009784735812133072,0.012658227848101266,0.0078125,0.015748031496062992,0.19444444444444445,0.14285714285714285,0.23529411764705882,1.0,0.04565217391304348,0.08866995073891626,,7.0,5.0,,5.0,6.0,1.0,,12.0,3.0,0.011673151750972763,5.0,4.0,0.3333333333333333,False,2.0,4.0,0.1111111111111111,0.5,1.0,,,0.05555555555555555,0.03571428571428571,,1.0,,,1.0,1.0,
1629013,1610612752,Landry Shamet,Landry Shamet,1629013,NYK,44868.0,748.0,89.0,1502,1503.0,394.0,310.0,177.0,3005,24.0,35.0,29.0,10.0,29.0,63.0,7.0,17.0,31.0,91.0,10.0,21.0,44.0,74.0,60.0,154.0,280.0,1648.0,15.0,21.0,16.0,38.0,84.0,72.0,165.0,90.0,31.0,10.0,18.0,9.0,27.0,7.0,7.0,63.0,3.0,28.0,17.0,49.0,11.0,60.0,2.0,23.0,14.0,13.0,5.0,9.0,6.0,22.0,6.0,29.0,52.0,1.0,36.0,2.0,,2.0,2.0,84.0,394.0,0.8181818181818182,0.8181818181818182,0.9166666666666666,0.38961038961038963,0.42105263157894735,0.39215686274509803,0.5945945945945946,0.5877192982456141,0.6779661016949152,0.5957446808510638,0.6885245901639344,0.6754385964912281,0.13513513513513514,0.17142857142857143,15.108759553203996,0.5909090909090909,0.044386422976501305,0.00804289544235925,0.0856269113149847,0.06338028169014084,0.015827338129496403,0.005649717514124294,0.026595744680851064,0.08641975308641975,0.01834862385321101,1.0,0.15350877192982457,0.6857142857142857,0.8275862068965517,0.875,0.12719298245614036,0.043859649122807015,0.27631578947368424,0.4603174603174603,0.47540983606557374,1.0,0.3991228070175439,0.34065934065934067,0.34065934065934067,0.8387096774193549,0.5555555555555556,0.288135593220339,0.4117647058823529,0.3559322033898305,0.8289473684210527,0.34444444444444444,0.5450006818181818,0.5382375,0.5423701754385966,0.3,7.205405405405406,25.00909090909092,0.2623169107856192,16.0,4.0,12.0,3.0,2.0,22.0,4.0,16.0,2.0,7.0,,,3.0,18.0,1.0,1.0,0.5789473684210527,,0.06,0.08333333333333333,0.5517241379310345,0.64,0.6875,0.4,0.4,0.07857142857142857,8.0,10.0,9.0,16.0,9.0,,,0.7619047619047619,0.06206896551724138,0.1694915254237288,0.8,0.42857142857142855,,1.0,2.0,3.0,1.0,6.0,15.0,,2.0,9.0,8.0,4.0,2.0,,1.0,8.0,1.0,,0.4,0.3333333333333333,0.5555555555555556,0.012987012987012988,0.13793103448275862,,0.12903225806451613,0.024844720496894408,0.0136986301369863,0.0205761316872428,0.0379746835443038,0.1111111111111111,0.5,0.3,0.6666666666666666,0.038461538461538464,0.10126582278481013,,1.0,1.0,,,8.0,1.0,,2.0,1.0,0.0064516129032258064,1.0,3.0,1.0,False,3.0,5.0,0.2777777777777778,0.6,1.0,,,,0.031746031746031744,1.0,,,,,,
1630173,1610612752,Precious Achiuwa,Precious Achiuwa,1630173,NYK,69701.0,1162.0,-45.0,2338,2371.0,632.0,507.0,296.0,4709,117.0,189.0,93.0,6.0,8.0,28.0,2.0,7.0,2.0,7.0,1.0,2.0,153.0,288.0,10.0,35.0,377.0,2709.0,2.0,75.0,3.0,9.0,100.0,212.0,30.0,7.0,2.0,24.0,35.0,19.0,54.0,17.0,10.0,127.0,71.0,89.0,107.0,215.0,101.0,316.0,12.0,47.0,28.0,21.0,6.0,24.0,12.0,45.0,12.0,53.0,80.0,7.0,51.0,38.0,,41.0,29.0,100.0,631.0,0.6928104575163399,0.803030303030303,1.0,0.2857142857142857,0.3333333333333333,0.2857142857142857,0.53125,0.5201238390092879,0.5416666666666666,0.5355113636363636,0.5434782608695652,0.10835913312693499,0.08333333333333333,0.10052910052910052,14.791356184798808,0.4666666666666667,0.185121107266436,0.11451612903225807,0.1831275720164609,0.18421052631578946,0.0891089108910891,0.10622710622710622,0.19111111111111112,0.17796610169491525,0.08823529411764706,0.7073170731707317,0.5851393188854489,0.6190476190476191,0.6882352941176471,0.6837606837606838,0.28792569659442724,0.018575851393188854,0.08668730650154799,0.2857142857142857,0.2857142857142857,1.0,0.021671826625386997,0.2857142857142857,0.2857142857142857,1.0,0.013157894736842105,0.08333333333333333,0.2857142857142857,0.023809523809523808,0.6934984520123839,0.2857142857142857,0.5907047468354432,0.5765866666666667,0.5795884146341463,0.26525198938992045,3.9559027777777778,23.76571428571429,0.2703165098374679,34.0,2.0,41.0,74.0,16.0,92.0,9.0,94.0,2.0,9.0,7.0,3.0,6.0,69.0,2.0,2.0,0.5348837209302325,0.10309278350515463,0.22727272727272727,0.19696969696969696,0.3655913978494624,0.38636363636363635,0.7352941176470589,0.3333333333333333,0.3333333333333333,0.2440318302387268,33.0,51.0,1.0,41.0,19.0,3.0,3.0,0.5466666666666666,0.16049382716049382,0.6071428571428571,0.6470588235294118,0.5,,29.0,62.0,1.0,35.0,2.0,,42.0,,17.0,28.0,19.0,4.0,4.0,,36.0,31.0,1.0,1.0,0.47297297297297297,0.5,,0.053763440860215055,,0.4523809523809524,0.05702647657841141,0.128,0.06686046511627906,0.034013605442176874,0.8157894736842105,0.46774193548387094,1.0,1.0,0.10285714285714286,0.11428571428571428,2.0,7.0,3.0,0.038461538461538464,,2.0,0.2413793103448276,3.0,8.0,,,6.0,9.0,0.5,False,1.0,1.0,0.013157894736842105,1.0,1.0,,,,,,,,,,,1.0
200782,1610612752,P.J. Tucker,P.J. Tucker,200782,NYK,3382.0,56.0,-19.0,108,108.0,30.0,38.0,13.0,216,,,1.0,,3.0,5.0,,,,1.0,,,,1.0,3.0,6.0,9.0,141.0,,,,,,,9.0,1.0,,,,,,,,,1.0,2.0,2.0,4.0,4.0,8.0,1.0,1.0,,,1.0,1.0,,1.0,,2.0,8.0,,1.0,1.0,,1.0,1.0,,30.0,,,1.0,0.5,,0.5,,0.6428571428571429,,0.6428571428571429,,0.8571428571428571,,,6.349206349206349,,0.1,0.034482758620689655,0.13333333333333333,0.11428571428571428,0.05263157894736842,0.07692307692307693,0.09090909090909091,0.2222222222222222,0.3333333333333333,1.0,,,,,0.14285714285714285,,0.7142857142857143,0.6,0.6,1.0,0.14285714285714285,,,,,,,,0.8571428571428571,,0.5707916666666667,,,,11.6,25.899999999999995,0.2777777777777778,,,,,,,,,,,,,1.0,,,,,,0.5,,,,,,,,,,,,1.0,,,,,,,,,,,,,,,,,,2.0,,,,,,,1.0,,,,,,,,0.07142857142857142,,,0.2222222222222222,,,,,,,1.0,1.0,,0.3333333333333333,,,,,,,,,,,False,,,,,,,,,,,,,,,,
1628384,1610612752,OG Anunoby,OG Anunoby,1628384,NYK,162348.0,2706.0,301.0,5419,5417.0,1211.0,912.0,647.0,10836,252.0,385.0,111.0,67.0,79.0,213.0,19.0,56.0,92.0,247.0,26.0,44.0,314.0,563.0,171.0,460.0,1324.0,6187.0,49.0,119.0,35.0,100.0,280.0,450.0,477.0,246.0,92.0,85.0,100.0,64.0,164.0,39.0,32.0,392.0,50.0,144.0,97.0,261.0,97.0,358.0,19.0,110.0,67.0,54.0,11.0,48.0,27.0,102.0,21.0,98.0,172.0,4.0,175.0,49.0,2.0,65.0,42.0,280.0,1208.0,0.7165605095541401,0.7679180887372014,0.9298245614035088,0.3717391304347826,0.35,0.37254901960784315,0.5577264653641207,0.5576735092864125,0.5547945205479452,0.589572192513369,0.5857740585774058,0.4496578690127077,0.15097690941385436,0.17402597402597403,19.86690472325921,0.5294117647058824,0.07637795275590552,0.03717472118959108,0.11584875301689461,0.09590131317150816,0.03869407496977025,0.03322259136212625,0.07414104882459313,0.1109936575052854,0.043478260869565216,0.6461538461538462,0.3763440860215054,0.6545454545454545,0.7924528301886793,0.7301587301587301,0.10850439882697947,0.06549364613880743,0.20821114369501467,0.37089201877934275,0.3744075829383886,0.9493670886075949,0.24144672531769307,0.3724696356275304,0.37551020408163266,0.9130434782608695,0.23636363636363636,0.2557077625570776,0.3392857142857143,0.2009132420091324,0.8260019550342131,0.37398373983739835,0.5938665169660678,0.557509090909091,0.5923380952380952,0.21148036253776434,4.523268206039076,24.656455142231955,0.22347296549178816,42.0,20.0,183.0,61.0,14.0,136.0,37.0,178.0,25.0,27.0,14.0,6.0,5.0,226.0,8.0,8.0,0.576271186440678,0.013392857142857142,0.11013215859030837,0.13131313131313133,0.3783783783783784,0.44680851063829785,0.6666666666666666,0.29850746268656714,0.30303030303030304,0.1027190332326284,57.0,81.0,16.0,69.0,43.0,16.0,10.0,0.5798319327731093,0.06326530612244897,0.3698630136986301,0.7037037037037037,0.36363636363636365,1.0,27.0,44.0,9.0,34.0,18.0,36.0,42.0,4.0,64.0,46.0,20.0,10.0,9.0,3.0,116.0,28.0,2.0,0.3673469387755102,0.5573770491803278,0.5545454545454546,0.008695652173913044,0.15315315315315314,0.008097165991902834,0.18518518518518517,0.040492957746478875,0.05202312138728324,0.042606516290726815,0.03550295857988166,0.4,0.6136363636363636,0.34615384615384615,1.0,0.10502692998204669,0.1776416539050536,1.0,19.0,10.0,0.009259259259259259,7.0,11.0,0.25925925925925924,,4.0,1.0,0.0021691973969631237,9.0,26.0,0.65,False,9.0,23.0,0.20909090909090908,0.391304347826087,0.8888888888888888,,,0.014925373134328358,0.009389671361502348,1.0,,,,6.0,,1.0
1628404,1610612752,Josh Hart,Josh Hart,1628404,NYK,173809.0,2897.0,203.0,5795,5817.0,1301.0,992.0,679.0,11612,245.0,346.0,127.0,44.0,20.0,66.0,3.0,16.0,64.0,186.0,18.0,41.0,319.0,517.0,84.0,252.0,1049.0,6752.0,21.0,120.0,16.0,57.0,241.0,392.0,219.0,184.0,64.0,55.0,263.0,189.0,452.0,130.0,62.0,1093.0,95.0,238.0,303.0,576.0,161.0,737.0,9.0,119.0,71.0,102.0,25.0,56.0,28.0,158.0,36.0,109.0,201.0,4.0,182.0,26.0,,27.0,14.0,239.0,1296.0,0.6144200626959248,0.6829268292682927,0.8690476190476191,0.3333333333333333,0.2807017543859649,0.336,0.6170212765957447,0.5786736020806242,0.536723163841808,0.6120186697782963,0.5878048780487805,0.32769830949284784,0.10638297872340426,0.11560693641618497,15.420844728046188,0.6455696202531646,0.22312223858615612,0.06606397774687066,0.18057663125948406,0.20216741405082211,0.06045627376425856,0.06542056074766354,0.22521008403361345,0.17889447236180905,0.030716723549488054,0.5185185185185185,0.44993498049414826,0.708092485549133,0.8006535947712419,0.5959183673469388,0.16514954486345904,0.05721716514954486,0.0858257477243173,0.30303030303030304,0.3076923076923077,0.95,0.24187256176853056,0.34408602150537637,0.34972677595628415,0.84375,0.17307692307692307,0.0903954802259887,0.1875,0.23163841807909605,0.7776332899869961,0.34782608695652173,0.5846714097496706,0.5810006097560976,0.5789644508670518,0.22974261201143947,4.494197292069631,25.223015873015868,0.22450388265746332,56.0,18.0,159.0,83.0,12.0,139.0,51.0,246.0,59.0,74.0,8.0,,17.0,205.0,14.0,13.0,0.6150442477876106,0.03305785123966942,0.2777777777777778,0.18575851393188855,0.4409448818897638,0.49557522123893805,0.6785714285714286,0.4090909090909091,0.4186046511627907,0.1325071496663489,54.0,82.0,13.0,71.0,48.0,1.0,1.0,0.5916666666666667,0.19659735349716445,0.4632768361581921,0.6585365853658537,0.3170731707317073,,40.0,67.0,11.0,47.0,11.0,33.0,64.0,4.0,179.0,64.0,35.0,7.0,12.0,2.0,103.0,14.0,,0.5238095238095238,0.5662650602409639,0.6105769230769231,0.015873015873015872,0.11023622047244094,0.016129032258064516,0.2892561983471074,0.053691275167785234,0.0812274368231047,0.04342581423401689,0.07713498622589532,0.6442307692307693,0.5970149253731343,0.6111111111111112,0.7272727272727273,0.1221826809015421,0.17428087986463622,2.0,12.0,11.0,0.01694915254237288,5.0,10.0,0.1,,22.0,,,21.0,29.0,0.6666666666666666,False,,3.0,0.028846153846153848,,,1.0,1.0,0.022727272727272728,0.015151515151515152,2.0,,,,,,
1628969,1610612752,Mikal Bridges,Mikal Bridges,1628969,NYK,182161.0,3036.0,334.0,6090,6118.0,1408.0,1070.0,730.0,12208,182.0,240.0,357.0,123.0,93.0,217.0,22.0,48.0,71.0,246.0,23.0,60.0,428.0,720.0,164.0,463.0,1444.0,7008.0,51.0,116.0,39.0,108.0,279.0,584.0,471.0,234.0,71.0,24.0,173.0,133.0,306.0,83.0,53.0,745.0,31.0,116.0,69.0,188.0,71.0,259.0,7.0,75.0,55.0,75.0,26.0,57.0,22.0,132.0,32.0,51.0,127.0,4.0,130.0,37.0,,43.0,27.0,279.0,1405.0,0.6822429906542056,0.7209876543209877,0.9573170731707317,0.3542116630669546,0.3611111111111111,0.36363636363636365,0.5944444444444444,0.569737954353339,0.546875,0.5851581508515815,0.5743801652892562,0.39137785291631444,0.03333333333333333,0.0625,19.71403812824957,0.5681818181818182,0.04745529573590096,0.02069425901201602,0.08498168498168499,0.0656261085491309,0.025808796801163214,0.011940298507462687,0.04173354735152488,0.087248322147651,0.012867647058823529,0.627906976744186,0.2028740490278952,0.7583333333333333,0.8088888888888889,0.7747252747252747,0.30177514792899407,0.10397295012679628,0.1834319526627219,0.42857142857142855,0.42857142857142855,0.978494623655914,0.20794590025359255,0.2886178861788618,0.2886178861788618,0.9295774647887324,0.17557251908396945,0.21428571428571427,0.4583333333333333,0.26785714285714285,0.5942519019442096,0.3034188034188034,0.5381367532467535,0.5413528169014084,0.518994976076555,0.19321329639889195,7.916805555555559,25.282251082251086,0.23119868637110016,184.0,62.0,96.0,80.0,14.0,165.0,34.0,272.0,50.0,53.0,15.0,2.0,4.0,118.0,11.0,11.0,0.6021897810218978,0.026923076923076925,0.05813953488372093,0.07763975155279502,0.5154061624649859,0.5287356321839081,0.6086956521739131,0.5040650406504065,0.5040650406504065,0.11426592797783934,25.0,35.0,17.0,64.0,20.0,6.0,4.0,0.5517241379310345,0.04886561954624782,0.15625,0.7142857142857143,0.2833333333333333,2.0,25.0,34.0,8.0,53.0,15.0,21.0,46.0,,113.0,40.0,3.0,20.0,2.0,,51.0,26.0,1.0,0.29411764705882354,0.6625,0.5763358778625954,,0.025210084033613446,,0.02459016393442623,0.03192338387869114,0.028169014084507043,0.029239766081871343,0.03768844221105527,0.2595419847328244,0.7352941176470589,0.34782608695652173,1.0,0.04337152209492635,0.06737120211360634,,11.0,8.0,,3.0,11.0,0.4,1.0,7.0,2.0,0.004301075268817204,2.0,14.0,0.6290322580645161,False,7.0,28.0,0.21374045801526717,0.25,1.0,,,,,12.0,,,,2.0,,1.0
1629011,1610612752,Mitchell Robinson,Mitchell Robinson,1629011,NYK,17389.0,290.0,23.0,553,574.0,150.0,150.0,87.0,1127,36.0,53.0,3.0,,,,,,,,,,37.0,56.0,,,87.0,635.0,,14.0,,,28.0,28.0,,,,1.0,7.0,6.0,13.0,4.0,1.0,32.0,41.0,22.0,24.0,49.0,52.0,101.0,6.0,16.0,11.0,5.0,,5.0,1.0,10.0,3.0,19.0,26.0,2.0,17.0,15.0,,18.0,10.0,28.0,150.0,0.3783783783783784,0.7777777777777778,,,,,0.6607142857142857,0.6607142857142857,0.7857142857142857,0.6692307692307692,0.7777777777777778,,0.017857142857142856,,11.432926829268293,0.5,0.183206106870229,0.26282051282051283,0.17054263565891473,0.17692307692307693,0.1897810218978102,0.22388059701492538,0.15,0.16666666666666666,0.3333333333333333,0.5555555555555556,0.9464285714285714,0.6792452830188679,0.6792452830188679,0.3611111111111111,0.05357142857142857,,,,,,,,,,,,,,0.9464285714285714,,0.6628321428571429,0.631876,0.6286714285714287,0.3218390804597701,1.0714285714285714,,0.27124773960216997,1.0,,13.0,32.0,5.0,47.0,6.0,46.0,2.0,4.0,3.0,,4.0,19.0,4.0,2.0,0.6714285714285714,0.25,0.4,0.18518518518518517,0.3333333333333333,0.5,1.0,,,0.5402298850574713,10.0,13.0,,11.0,5.0,3.0,1.0,0.7857142857142857,0.16071428571428573,0.9285714285714286,0.7692307692307693,,,21.0,32.0,,21.0,,,38.0,,4.0,11.0,3.0,,,,6.0,11.0,,,0.65625,0.65625,,0.3333333333333333,,0.25,0.09322033898305085,0.3157894736842105,0.10588235294117647,0.06060606060606061,1.0,0.65625,,,0.09836065573770492,0.09836065573770492,,4.0,1.0,,,,0.047619047619047616,2.0,2.0,,,1.0,1.0,,False,,,,,,,1.0,,,,,2.0,,2.0,,
1630540,1610612752,Miles McBride,Miles McBride,1630540,NYK,95489.0,1591.0,215.0,3193,3226.0,813.0,692.0,404.0,6419,46.0,91.0,76.0,68.0,34.0,91.0,11.0,27.0,81.0,221.0,20.0,55.0,107.0,235.0,115.0,312.0,611.0,3618.0,36.0,47.0,26.0,82.0,132.0,84.0,279.0,218.0,81.0,32.0,95.0,91.0,186.0,59.0,30.0,463.0,21.0,61.0,52.0,114.0,47.0,161.0,4.0,67.0,43.0,28.0,2.0,12.0,9.0,40.0,13.0,49.0,107.0,1.0,69.0,15.0,,17.0,10.0,132.0,809.0,0.3925233644859813,0.4158415841584158,0.808695652173913,0.3685897435897436,0.3170731707317073,0.37216828478964403,0.4553191489361702,0.5109689213893968,0.4573643410852713,0.5313043478260869,0.48175182481751827,0.5703839122486288,0.13617021276595745,0.26373626373626374,16.76221676221676,0.7,0.06403940886699508,0.026683608640406607,0.08603667136812412,0.07429322813938198,0.02977346278317152,0.01729106628242075,0.07397260273972603,0.08695652173913043,0.014234875444839857,0.5882352941176471,0.1663619744058501,0.5054945054945055,0.6865671641791045,0.41304347826086957,0.13893967093235832,0.12431444241316271,0.1663619744058501,0.37362637362637363,0.37777777777777777,1.0,0.4040219378427788,0.3665158371040724,0.3665158371040724,0.7283950617283951,0.32786885245901637,0.20930232558139536,0.4074074074074074,0.4263565891472868,0.7367458866544789,0.37155963302752293,0.5325953038674033,0.5212975,0.5160895999999999,0.2160392798690671,8.923404255319149,25.427564102564098,0.25461948011274665,28.0,33.0,52.0,25.0,6.0,63.0,14.0,130.0,32.0,19.0,2.0,1.0,4.0,64.0,7.0,6.0,0.4846153846153846,0.022556390977443608,0.03787878787878788,0.08333333333333333,0.3684210526315789,0.4117647058823529,0.32142857142857145,0.4852941176470588,0.4852941176470588,0.10310965630114566,7.0,15.0,15.0,20.0,24.0,2.0,2.0,0.425531914893617,0.06349206349206349,0.11627906976744186,0.4666666666666667,0.2727272727272727,2.0,9.0,13.0,8.0,15.0,9.0,66.0,12.0,1.0,57.0,25.0,1.0,2.0,4.0,2.0,19.0,4.0,,0.25,0.6,0.4672131147540984,0.003205128205128205,0.10526315789473684,,0.013513513513513514,0.032981530343007916,0.03908794788273615,0.0347985347985348,0.02830188679245283,0.21311475409836064,0.6923076923076923,0.4,0.75,0.04401408450704225,0.07509881422924901,1.0,11.0,13.0,0.015151515151515152,1.0,12.0,0.1111111111111111,,8.0,6.0,0.01904761904761905,5.0,1.0,0.42424242424242425,False,1.0,16.0,0.26229508196721313,0.0625,1.0,1.0,,,0.01098901098901099,3.0,3.0,,,,,
1641755,1610612752,Kevin McCullar Jr.,Kevin McCullar Jr.,1641755,NYK,1458.0,24.0,2.0,51,51.0,27.0,16.0,3.0,102,1.0,1.0,4.0,,,,,,,1.0,,1.0,2.0,5.0,,1.0,6.0,48.0,,1.0,,1.0,2.0,2.0,,1.0,,1.0,,1.0,1.0,1.0,,3.0,,4.0,3.0,7.0,,7.0,,1.0,,,,,,,,5.0,5.0,,3.0,1.0,,1.0,1.0,2.0,27.0,0.5,0.5,,,,,0.4,0.3333333333333333,,0.42857142857142855,0.3333333333333333,0.16666666666666666,0.2,,12.962962962962962,,0.42857142857142855,,0.2857142857142857,0.3333333333333333,,,0.5,0.36363636363636365,,1.0,0.16666666666666666,1.0,1.0,1.0,0.6666666666666666,,,,,,0.16666666666666666,,,,,,,0.5,0.3333333333333333,,0.49115,,0.4558,0.3333333333333333,5.96,24.3,0.5294117647058824,1.0,,2.0,,,,2.0,2.0,,,,,1.0,2.0,,,,,,,0.25,0.3333333333333333,,,,,,,,,1.0,,,,0.3333333333333333,,,,,,,,,,,,,,,,,,,1.0,1.0,,,,,,0.25,,,,,,,,,,,0.14285714285714285,0.16666666666666666,,,,,,,,,,,,,,,False,,,,,,,,,,,,,,,,
1630574,1610612752,Ariel Hukporti,Ariel Hukporti,1630574,NYK,13042.0,217.0,-63.0,447,452.0,161.0,115.0,44.0,899,16.0,22.0,9.0,,,,,,,,,,21.0,31.0,,,48.0,514.0,,7.0,,,13.0,40.0,,,,2.0,6.0,5.0,11.0,4.0,2.0,27.0,6.0,15.0,20.0,37.0,14.0,51.0,,1.0,,14.0,3.0,7.0,5.0,21.0,6.0,24.0,32.0,4.0,13.0,15.0,,15.0,7.0,13.0,161.0,0.9523809523809523,1.0,,,,,0.6774193548387096,0.6774193548387096,0.8571428571428571,0.6486486486486487,0.8125,,0.06451612903225806,0.09090909090909091,11.693548387096774,0.6666666666666666,0.1724137931034483,0.05660377358490566,0.1271186440677966,0.14957264957264957,0.07216494845360824,0.06,0.19444444444444445,0.12121212121212122,,0.4666666666666667,0.7096774193548387,0.7272727272727273,0.8,0.9375,0.2903225806451613,,,,,,,,,,,,,,0.7096774193548387,,0.6327999999999999,0.6304000000000001,0.7146285714285714,0.2708333333333333,3.4451612903225817,,0.36017897091722595,5.0,,6.0,5.0,1.0,5.0,1.0,2.0,1.0,9.0,4.0,,2.0,13.0,1.0,1.0,0.4166666666666667,0.08333333333333333,0.07142857142857142,0.15789473684210525,0.5555555555555556,0.5555555555555556,1.0,,,0.10416666666666667,5.0,6.0,,6.0,1.0,,,0.8571428571428571,0.18181818181818182,0.8571428571428571,0.8333333333333334,,,2.0,5.0,,2.0,,,2.0,,3.0,8.0,2.0,,,,6.0,14.0,,,0.4,0.4,,,,0.3333333333333333,0.09090909090909091,0.045454545454545456,0.09523809523809523,0.08,1.0,0.4,,,0.16666666666666666,0.16666666666666666,,1.0,,,,,0.5,,1.0,,,3.0,1.0,,False,,,,,,,,,,,,,,,,
1642359,1610612752,Pacôme Dadiet,Pacôme Dadiet,1642359,NYK,6670.0,111.0,-16.0,228,223.0,76.0,86.0,15.0,451,2.0,4.0,4.0,4.0,1.0,8.0,,3.0,5.0,11.0,,1.0,4.0,12.0,6.0,19.0,30.0,260.0,,6.0,,4.0,8.0,8.0,18.0,11.0,5.0,1.0,4.0,1.0,5.0,1.0,1.0,11.0,1.0,7.0,6.0,15.0,3.0,18.0,1.0,3.0,3.0,4.0,,,2.0,4.0,1.0,3.0,7.0,,6.0,2.0,,2.0,,8.0,76.0,1.0,1.0,1.0,0.3157894736842105,,0.3157894736842105,0.3333333333333333,0.41935483870967744,0.2,0.45454545454545453,0.3333333333333333,0.6129032258064516,0.08333333333333333,0.25,14.919354838709678,1.0,0.12244897959183673,0.024390243902439025,0.11475409836065574,0.11818181818181818,0.030927835051546393,,0.09523809523809523,0.1346153846153846,0.05,,0.12903225806451613,0.5,0.6666666666666666,1.0,0.12903225806451613,0.12903225806451613,0.25806451612903225,0.125,0.125,1.0,0.3548387096774194,0.45454545454545453,0.45454545454545453,1.0,,0.3,,0.1,0.7419354838709677,0.45454545454545453,0.525640322580645,,0.561265,0.26666666666666666,8.774999999999999,24.536842105263155,0.3333333333333333,,2.0,4.0,,2.0,2.0,4.0,,,2.0,,,1.0,6.0,1.0,1.0,1.0,,0.25,,,,,0.5,0.5,0.06666666666666667,1.0,3.0,,2.0,,,,0.3333333333333333,0.125,0.3,0.3333333333333333,,,,,,,,,,,2.0,2.0,2.0,,,,3.0,1.0,,,,,,,,0.3333333333333333,0.03571428571428571,0.0625,0.05128205128205128,,,,,,0.09375,0.23076923076923078,,1.0,1.0,,,1.0,,,1.0,,,1.0,2.0,1.0,False,,,,,,,,,,,,,,,,
1641817,1610612752,Anton Watson,Anton Watson,1641817,NYK,523.0,9.0,-8.0,20,18.0,4.0,12.0,,38,,,1.0,,,,,,,,,,1.0,1.0,,,2.0,31.0,,,,,,2.0,,,,,1.0,,1.0,,,2.0,,,,,,,,,,,,1.0,,1.0,,,1.0,1.0,,,,,,,4.0,1.0,1.0,,,,,1.0,1.0,,1.0,,,,,10.0,,,,,,,,,,,,,,,,1.0,,,,,,,,,,,,,,,,0.4043,,,,9.1,,0.2,1.0,,,,,,,,,,,,,,,,,,,,1.0,1.0,1.0,,,,,,,,,,,,,,,,,,,,,,,,,1.0,,,,,,,,,,,,,,,,,,,,,,,,,,,,,,,,,,,,,,,,False,,,,,,,,,,,,,,,,
1642278,1610612752,Tyler Kolek,Tyler Kolek,1642278,NYK,16940.0,282.0,6.0,584,584.0,142.0,149.0,59.0,1168,6.0,15.0,18.0,1.0,4.0,11.0,1.0,2.0,10.0,31.0,3.0,8.0,13.0,34.0,14.0,42.0,81.0,629.0,6.0,13.0,2.0,10.0,20.0,6.0,42.0,30.0,10.0,3.0,31.0,36.0,67.0,23.0,10.0,170.0,3.0,7.0,11.0,19.0,8.0,27.0,,12.0,9.0,9.0,8.0,8.0,2.0,17.0,4.0,15.0,24.0,,19.0,4.0,,4.0,4.0,20.0,142.0,0.23076923076923078,0.23076923076923078,1.0,0.3333333333333333,0.2,0.34146341463414637,0.38235294117647056,0.4473684210526316,0.30434782608695654,0.48214285714285715,0.37037037037037035,0.5526315789473685,0.08823529411764706,0.2,15.443425076452598,0.5294117647058824,0.0738255033557047,0.022556390977443608,0.04964539007092199,0.06206896551724138,0.025925925925925925,0.017857142857142856,0.057971014492753624,0.041666666666666664,,1.0,0.19736842105263158,0.4,0.5,0.16666666666666666,0.23684210526315788,0.013157894736842105,0.14473684210526316,0.36363636363636365,0.36363636363636365,1.0,0.40789473684210525,0.3225806451612903,0.3225806451612903,1.0,0.375,0.08695652173913043,0.5,0.34782608695652173,0.75,0.3333333333333333,0.5235881944444445,0.4679166666666667,0.48217857142857146,0.24691358024691357,5.623529411764705,25.633333333333336,0.24315068493150685,6.0,1.0,13.0,2.0,,11.0,6.0,20.0,13.0,7.0,2.0,,,17.0,2.0,2.0,0.6875,0.08,0.058823529411764705,0.09523809523809523,0.3333333333333333,0.3333333333333333,0.16666666666666666,1.0,1.0,0.13580246913580246,1.0,5.0,1.0,4.0,3.0,,,0.3076923076923077,0.09523809523809523,0.21739130434782608,0.2,0.125,,,,2.0,1.0,3.0,,,,20.0,4.0,1.0,,,1.0,7.0,1.0,,0.5,0.5,0.6875,,,,0.0625,0.029197080291970802,,0.029411764705882353,0.02857142857142857,,,0.6666666666666666,1.0,0.08536585365853659,0.175,1.0,3.0,3.0,0.1111111111111111,,2.0,,,1.0,,,2.0,1.0,1.0,False,1.0,3.0,0.375,0.3333333333333333,1.0,1.0,,,,1.0,,,,,,
1630346,1610612752,Matt Ryan,Matt Ryan,1630346,NYK,4070.0,68.0,-40.0,145,143.0,63.0,58.0,13.0,288,3.0,5.0,3.0,4.0,2.0,8.0,1.0,1.0,4.0,11.0,,8.0,4.0,12.0,6.0,19.0,28.0,160.0,1.0,6.0,4.0,9.0,18.0,8.0,18.0,11.0,4.0,1.0,2.0,1.0,3.0,1.0,,7.0,,3.0,5.0,8.0,,8.0,,2.0,2.0,2.0,1.0,1.0,1.0,3.0,3.0,1.0,1.0,,2.0,,,,,18.0,63.0,1.0,1.0,1.0,0.3157894736842105,0.4444444444444444,0.3157894736842105,0.3333333333333333,0.41935483870967744,0.5333333333333333,0.4375,0.5625,0.6129032258064516,0.08333333333333333,0.2,21.472392638036812,0.6666666666666666,0.1388888888888889,,0.09090909090909091,0.11594202898550725,,,0.15384615384615385,0.10344827586206896,,,0.16129032258064516,0.6,0.75,1.0,0.0967741935483871,0.12903225806451613,0.25806451612903225,0.25,0.2857142857142857,1.0,0.3548387096774194,0.36363636363636365,0.36363636363636365,1.0,,0.06666666666666667,1.0,0.5333333333333333,0.7741935483870968,0.36363636363636365,0.5195983870967742,,0.46804333333333337,0.6428571428571429,8.700000000000001,24.9,0.43448275862068964,1.0,,2.0,,,,2.0,,,1.0,,,,2.0,1.0,1.0,,,0.4,,0.3333333333333333,0.3333333333333333,1.0,,,,1.0,1.0,3.0,2.0,,,,0.3333333333333333,0.05555555555555555,0.06666666666666667,1.0,0.375,,,,,,,,,1.0,1.0,,,,,1.0,,,1.0,,,,0.05263157894736842,,,,,,,,,,,,,,,,,,,,,,1.0,,,,,,False,,1.0,1.0,,,,,,0.125,,,,,,,
1628973,1610612752,Jalen Brunson,Jalen Brunson,1628973,NYK,138049.0,2301.0,146.0,4625,4601.0,1182.0,825.0,536.0,9226,145.0,226.0,408.0,169.0,24.0,59.0,9.0,15.0,128.0,338.0,22.0,110.0,433.0,803.0,152.0,397.0,1690.0,5412.0,34.0,215.0,57.0,125.0,595.0,204.0,210.0,338.0,128.0,43.0,328.0,147.0,475.0,90.0,76.0,1097.0,10.0,85.0,71.0,160.0,27.0,187.0,11.0,60.0,38.0,112.0,26.0,52.0,39.0,164.0,41.0,60.0,138.0,4.0,410.0,8.0,,8.0,6.0,588.0,1177.0,0.23556581986143188,0.23665893271461716,0.4605263157894737,0.38287153652392947,0.456,0.38287153652392947,0.539227895392279,0.5508333333333333,0.6220588235294118,0.6031002162941601,0.6801385681293303,0.3308333333333333,0.053549190535491904,0.0752212389380531,29.561068702290076,0.6829268292682927,0.06641721234798878,0.008865248226950355,0.08349705304518663,0.07474844274077623,0.013094083414161009,0.00980392156862745,0.05639913232104121,0.08093994778067885,0.019891500904159132,0.75,0.18833333333333332,0.6415929203539823,0.69377990430622,0.30344827586206896,0.34,0.14083333333333334,0.049166666666666664,0.4067796610169492,0.42105263157894735,0.875,0.2816666666666667,0.378698224852071,0.3843843843843844,0.3828125,0.2972972972972973,0.04411764705882353,0.6,0.3235294117647059,0.5191666666666667,0.378698224852071,0.5070558749999999,0.5038130434782608,0.5027614705882353,0.3520710059171598,8.587422166874227,25.634508816120903,0.25556756756756754,215.0,73.0,368.0,40.0,16.0,110.0,172.0,662.0,57.0,73.0,10.0,2.0,7.0,448.0,55.0,48.0,0.6646341463414634,0.00980392156862745,0.11235955056179775,0.09126984126984126,0.5269607843137255,0.5598958333333334,0.20930232558139536,0.4319526627218935,0.437125748502994,0.0650887573964497,44.0,59.0,48.0,126.0,22.0,,,0.586046511627907,0.05813953488372093,0.17352941176470588,0.7457627118644068,0.43636363636363634,20.0,8.0,10.0,14.0,20.0,18.0,246.0,4.0,7.0,220.0,17.0,4.0,17.0,2.0,20.0,164.0,3.0,,0.5294117647058824,0.5,0.6351351351351351,0.017632241813602016,0.058823529411764705,0.014792899408284023,0.045454545454545456,0.018201284796573874,0.007246376811594203,0.019138755980861243,0.016286644951140065,0.13513513513513514,0.8,0.6363636363636364,0.7857142857142857,0.13298271975957926,0.1772972972972973,,5.0,17.0,,1.0,30.0,0.25,,32.0,14.0,0.03201970443349754,9.0,42.0,0.1780821917808219,False,4.0,12.0,0.16216216216216217,0.3333333333333333,1.0,,,0.011834319526627219,0.03389830508474576,,4.0,,,,,
1630579,1610612752,Jericho Sims,Jericho Sims,1630579,NYK,25302.0,422.0,26.0,824,828.0,240.0,196.0,114.0,1652,26.0,39.0,7.0,,,,,,,,,,28.0,46.0,,,64.0,937.0,,12.0,,,15.0,40.0,,,,7.0,11.0,11.0,22.0,7.0,5.0,55.0,31.0,39.0,38.0,78.0,51.0,129.0,3.0,8.0,8.0,8.0,1.0,13.0,5.0,21.0,7.0,25.0,46.0,8.0,19.0,10.0,,10.0,7.0,15.0,240.0,0.7142857142857143,1.0,,,,,0.6086956521739131,0.6086956521739131,0.5,0.6153846153846154,0.5,,0.15217391304347827,0.15384615384615385,7.660020986358867,0.38095238095238093,0.19791666666666666,0.15577889447236182,0.19306930693069307,0.19543147208121828,0.12781954887218044,0.18604651162790697,0.19540229885057472,0.21794871794871795,0.2727272727272727,0.7,0.8478260869565217,0.6666666666666666,0.7878787878787878,0.6923076923076923,0.15217391304347827,,,,,,,,,,,,,,0.8478260869565217,,0.6581673913043479,0.6527,0.6775833333333333,0.234375,2.2869565217391297,,0.2912621359223301,2.0,,8.0,16.0,2.0,24.0,3.0,16.0,4.0,3.0,5.0,,7.0,13.0,2.0,2.0,0.6666666666666666,0.15555555555555556,0.16,0.10869565217391304,0.2857142857142857,0.3333333333333333,1.0,,,0.375,5.0,9.0,,6.0,,,,0.5,0.2125,0.75,0.5555555555555556,,,11.0,14.0,,11.0,,,16.0,,2.0,20.0,1.0,1.0,2.0,,5.0,6.0,1.0,,0.6875,0.6875,,0.14285714285714285,,0.05263157894736842,0.1,0.11764705882352941,0.0962962962962963,0.1076923076923077,0.875,0.7857142857142857,,,0.1,0.1,,4.0,2.0,,1.0,1.0,0.2727272727272727,2.0,4.0,,,5.0,1.0,,False,,,,,,,,,,,,,,,,
1631210,1610612752,Jacob Toppin,Jacob Toppin,1631210,NYK,2916.0,49.0,-18.0,102,101.0,59.0,49.0,11.0,203,2.0,7.0,1.0,,,,,,,2.0,1.0,2.0,3.0,8.0,,2.0,6.0,99.0,1.0,3.0,,2.0,2.0,2.0,,2.0,,1.0,2.0,2.0,4.0,1.0,,10.0,1.0,4.0,4.0,9.0,2.0,11.0,,2.0,,1.0,,1.0,,2.0,2.0,2.0,3.0,,,,,,,2.0,59.0,0.3333333333333333,0.3333333333333333,,,,,0.375,0.3,0.2,0.3,0.2,0.2,0.125,0.14285714285714285,10.434782608695652,0.5,0.15384615384615385,0.041666666666666664,0.14285714285714285,0.14814814814814814,0.043478260869565216,0.1111111111111111,0.2,0.16666666666666666,,,0.7,0.2857142857142857,0.3333333333333333,0.5,0.1,,,,,,0.2,,,,0.25,,,0.4,0.9,,0.631035,0.6297999999999999,0.6063500000000001,0.3333333333333333,2.7874999999999996,25.2,0.5784313725490197,1.0,,,3.0,,,,4.0,1.0,1.0,,1.0,,,,,,,,,1.0,1.0,,,,,1.0,3.0,,1.0,2.0,,,0.3333333333333333,0.14285714285714285,0.6,0.3333333333333333,,,,3.0,,,,,,,1.0,1.0,1.0,,,,,,,,,,,,,1.0,0.045454545454545456,,0.05555555555555555,,0.75,,,,,,,,,,,,,,1.0,,,,,,False,,,,,,,,,,,,,,,,
