EntityId,TeamId,Name,ShortName,RowId,TeamAbbreviation,SecondsPlayed,Minutes,PlusMinus,OffPoss,DefPoss,PenaltyOffPoss,PenaltyDefPoss,SecondChanceOffPoss,TotalPoss,AtRimFGM,AtRimFGA,SecondChanceAtRimFGM,SecondChanceAtRimFGA,PenaltyAtRimFGM,PenaltyAtRimFGA,ShortMidRangeFGM,ShortMidRangeFGA,LongMidRangeFGA,Corner3FGA,PenaltyCorner3FGA,FG2M,FG2A,FG3A,FtPoints,Points,OpponentPoints,SecondChanceFG2M,SecondChanceFG2A,SecondChanceFtPoints,SecondChancePoints,PenaltyFG2M,PenaltyFG2A,PenaltyFG3A,PenaltyFtPoints,PenaltyPoints,PtsAssisted2s,PtsUnassisted2s,PtsPutbacks,TwoPtAssists,Assists,ShortMidRangeAssists,AssistPoints,OffThreePtRebounds,OffTwoPtRebounds,DefThreePtRebounds,DefTwoPtRebounds,DefRebounds,OffRebounds,Rebounds,SelfOReb,LiveBallTurnovers,BadPassOutOfBoundsTurnovers,DeadBallTurnovers,LostBallTurnovers,Turnovers,PenaltyTurnovers,ShootingFouls,Fouls,FoulsDrawn,Offensive Fouls Drawn,FTA,TwoPtShootingFoulsDrawn,Blocked2s,BlockedAtRim,BlockedShortMidRange,Blocks,RecoveredBlocks,3SecondViolations,PenaltyPointsExcludingTakeFouls,PenaltyOffPossExcludingTakeFouls,Assisted2sPct,NonPutbacksAssisted2sPct,Fg2Pct,SecondChanceFg2Pct,PenaltyFg2Pct,EfgPct,SecondChanceEfgPct,PenaltyEfgPct,TsPct,SecondChanceTsPct,PenaltyTsPct,FG3APct,Usage,LiveBallTurnoverPct,DefTwoPtReboundPct,OffTwoPtReboundPct,DefThreePtReboundPct,OffThreePtReboundPct,DefFGReboundPct,OffFGReboundPct,OffShortMidRangeReboundPct,OffLongMidRangeReboundPct,OffArc3ReboundPct,DefAtRimReboundPct,DefShortMidRangeReboundPct,DefArc3ReboundPct,DefCorner3ReboundPct,SelfORebPct,BlocksRecoveredPct,AtRimFrequency,AtRimAccuracy,UnblockedAtRimAccuracy,AtRimPctAssisted,ShortMidRangeFrequency,ShortMidRangeAccuracy,UnblockedShortMidRangeAccuracy,ShortMidRangePctAssisted,LongMidRangeFrequency,Corner3Frequency,SecondChanceAtRimFrequency,SecondChanceAtRimAccuracy,SecondChanceAtRimPctAssisted,PenaltyAtRimFrequency,PenaltyAtRimAccuracy,PenaltyCorner3Frequency,AtRimFG3AFrequency,ShotQualityAvg,SecondChanceShotQualityAvg,PenaltyShotQualityAvg,ShootingFoulsDrawnPct,TwoPtShootingFoulsDrawnPct,SecondChancePointsPct,PenaltyPointsPct,Avg2ptShotDistance,Avg3ptShotDistance,PenaltyOffPossPct,Arc3FGM,Arc3FGA,SecondChanceArc3FGA,FG3M,SecondChanceFG3A,PtsUnassisted3s,NonHeaveArc3FGA,NonHeaveArc3FGM,Fg2aBlocked,ThreePtAssists,Arc3Assists,AtRimAssists,Fg3Pct,NonHeaveFg3Pct,FG2APctBlocked,AtRimPctBlocked,ShortMidRangePctBlocked,OffCorner3ReboundPct,DefLongMidRangeReboundPct,Arc3Frequency,Arc3Accuracy,UnblockedArc3Accuracy,SecondChanceArc3Frequency,NonHeaveArc3Accuracy,LongMidRangeFGM,Corner3FGM,SecondChanceArc3FGM,PenaltyArc3FGM,PenaltyArc3FGA,SecondChanceFG3M,PenaltyFG3M,PtsAssisted3s,Corner3Assists,LongMidRangeAssists,FTDefRebounds,Steals,BadPassSteals,LostBallSteals,BadPassTurnovers,SecondChanceTurnovers,Charge Fouls,Offensive Fouls,Charge Fouls Drawn,Transition Take Fouls Drawn,2pt And 1 Free Throw Trips,Technical Free Throw Trips,NonShootingFoulsDrawn,NonShootingPenaltyNonTakeFouls,NonShootingPenaltyNonTakeFoulsDrawn,Assisted3sPct,SecondChanceFg3Pct,PenaltyFg3Pct,LongMidRangePctBlocked,DefFTReboundPct,OffAtRimReboundPct,LongMidRangeAccuracy,UnblockedLongMidRangeAccuracy,LongMidRangePctAssisted,Corner3Accuracy,UnblockedCorner3Accuracy,Corner3PctAssisted,Arc3PctAssisted,SecondChanceArc3Accuracy,SecondChanceArc3PctAssisted,PenaltyArc3Frequency,PenaltyArc3Accuracy,SecondChanceCorner3FGM,SecondChanceCorner3FGA,PenaltyCorner3FGM,FTOffRebounds,Loose Ball Fouls,Blocked3s,BlockedArc3,DefensiveGoaltends,OffFTReboundPct,SecondChanceCorner3Frequency,SecondChanceCorner3Accuracy,SecondChanceCorner3PctAssisted,PenaltyCorner3Accuracy,HeaveAttempts,Fg3aBlocked,Travels,FG3APctBlocked,Arc3PctBlocked,Loose Ball Fouls Drawn,LostBallOutOfBoundsTurnovers,OffensiveGoaltends,Defensive 3 Seconds Violations,ThreePtShootingFoulsDrawn,ThreePtShootingFoulsDrawnPct,StepOutOfBoundsTurnovers,on,BlockedLongMidRange,Clear Path Fouls,Transition Take Fouls,3pt And 1 Free Throw Trips,BlockedCorner3,Corner3PctBlocked
1626158,1610612764,Richaun Holmes,Richaun Holmes,1626158,WAS,3402.0,57,-2.0,117,114,43.0,45.0,22,231,8.0,12.0,4.0,8.0,5.0,6.0,2.0,6.0,1.0,1.0,1.0,10.0,19.0,1.0,3.0,23.0,136,4.0,9.0,1.0,9.0,6.0,9.0,1.0,2.0,14.0,14.0,6.0,4.0,1.0,1.0,1.0,2.0,3.0,5.0,6.0,4.0,10.0,8.0,18.0,1.0,1.0,1.0,2.0,1.0,3.0,2.0,4.0,6.0,3.0,1.0,4.0,2.0,4.0,3.0,1.0,4.0,2.0,1.0,14.0,43.0,0.7,0.875,0.5263157894736842,0.4444444444444444,0.6666666666666666,0.5,0.4444444444444444,0.6,0.5227272727272727,0.45,0.6363636363636364,0.05,17.857142857142858,0.3333333333333333,0.1666666666666666,0.125,0.2222222222222222,0.1071428571428571,0.196078431372549,0.1176470588235294,0.1739130434782608,0.1666666666666666,0.1428571428571428,0.0909090909090909,0.3,0.1818181818181818,0.4,0.1,0.5,0.6,0.6666666666666666,0.6666666666666666,0.75,0.3,0.3333333333333333,0.3333333333333333,0.5,0.05,0.05,0.8888888888888888,0.5,0.5,0.6,0.8333333333333334,0.1,0.65,0.5942675,0.6374249999999999,0.631575,0.0909090909090909,0.0952380952380952,0.391304347826087,0.6086956521739131,4.473684210526316,22.7,0.3675213675213675,,,,,,,,,,,,,,,,,,,,,,,,,,,,,,,,,,,,,,,,,,,,,,,,,,,,,,,,,,,,,,,,,,,,,,,,,,,,,,,,,,,,,,,,,,,,True,,,,,,
1628398,1610612764,Kyle Kuzma,Kyle Kuzma,1628398,WAS,1835.0,31,-23.0,64,66,5.0,13.0,11,130,2.0,4.0,1.0,1.0,,,1.0,3.0,2.0,,,3.0,9.0,4.0,2.0,11.0,84,1.0,1.0,,2.0,,,,,,4.0,2.0,,1.0,2.0,,5.0,1.0,,5.0,4.0,9.0,1.0,10.0,,2.0,1.0,1.0,2.0,3.0,1.0,1.0,1.0,3.0,,4.0,2.0,1.0,,1.0,1.0,1.0,,,5.0,0.6666666666666666,0.6666666666666666,0.3333333333333333,1.0,,0.3461538461538461,0.5,,0.3666666666666666,0.5,,0.3076923076923077,24.324324324324326,0.6666666666666666,0.25,,0.3333333333333333,0.0588235294117647,0.2903225806451613,0.0285714285714285,,,,,0.3333333333333333,0.4,0.2,,1.0,0.3076923076923077,0.5,1.0,1.0,0.2307692307692307,0.3333333333333333,0.5,,0.1538461538461538,,0.5,1.0,1.0,,,,0.6153846153846154,0.5046875000000001,0.4863,,0.1333333333333333,0.1818181818181818,0.1818181818181818,,8.288888888888888,29.625,0.078125,1.0,4.0,1.0,1.0,1.0,3.0,4.0,1.0,3.0,1.0,1.0,1.0,0.25,0.25,0.3333333333333333,0.5,0.3333333333333333,0.3333333333333333,0.5,0.3076923076923077,0.25,0.25,0.5,0.25,,,,,,,,,,,,,,,,,,,,,,,,,,,,,,,,,,,,,,,,,,,,,,,,,,,,,,,,,,,,,,,,,,,,True,,,,,,
1630215,1610612764,Jared Butler,Jared Butler,1630215,WAS,21718.0,362,-39.0,760,762,258.0,284.0,112,1522,38.0,52.0,6.0,8.0,13.0,17.0,25.0,69.0,14.0,5.0,,70.0,135.0,41.0,35.0,220.0,880,8.0,15.0,3.0,25.0,24.0,43.0,11.0,21.0,84.0,32.0,108.0,8.0,56.0,82.0,19.0,190.0,2.0,12.0,11.0,15.0,27.0,14.0,41.0,4.0,23.0,3.0,6.0,5.0,29.0,6.0,21.0,40.0,37.0,1.0,45.0,21.0,5.0,2.0,3.0,5.0,2.0,,84.0,258.0,0.2285714285714285,0.2424242424242424,0.5185185185185185,0.5333333333333333,0.5581395348837209,0.5255681818181818,0.5,0.5833333333333334,0.5706806282722513,0.5434782608695652,0.6384615384615384,0.2329545454545454,24.52407614781635,0.7931034482758621,0.0892857142857142,0.0545454545454545,0.0582010582010582,0.0115606936416184,0.072829131652661,0.0356234096692111,0.0763358778625954,,0.0148148148148148,0.1698113207547169,0.0638297872340425,0.0629370629370629,0.0434782608695652,0.0597014925373134,0.4,0.2954545454545454,0.7307692307692307,0.7916666666666666,0.2894736842105263,0.3920454545454545,0.3623188405797101,0.4716981132075472,0.12,0.0795454545454545,0.0284090909090909,0.3636363636363636,0.75,0.3333333333333333,0.3148148148148148,0.7647058823529411,,0.5284090909090909,0.4998757142857142,0.52340625,0.4761944444444445,0.1141304347826086,0.1468531468531468,0.1136363636363636,0.3818181818181818,6.417037037037038,26.73170731707317,0.3394736842105263,13.0,36.0,7.0,15.0,7.0,12.0,36.0,13.0,22.0,26.0,17.0,33.0,0.3658536585365853,0.3658536585365853,0.1629629629629629,0.0769230769230769,0.2318840579710145,,,0.2045454545454545,0.3611111111111111,0.3611111111111111,0.3181818181818182,0.3611111111111111,7.0,2.0,2.0,5.0,11.0,2.0,5.0,33.0,9.0,4.0,1.0,12.0,7.0,5.0,18.0,1.0,1.0,1.0,1.0,1.0,13.0,3.0,7.0,6.0,5.0,0.7333333333333333,0.2857142857142857,0.4545454545454545,0.1428571428571428,0.0434782608695652,0.0303030303030303,0.5,0.5833333333333334,0.2857142857142857,0.4,0.4,1.0,0.6923076923076923,0.2857142857142857,1.0,0.2037037037037037,0.4545454545454545,,,,,,,,,,,,,,,,,,,,,,,,,,True,,,,,,
1630551,1610612764,Justin Champagnie,Justin Champagnie,1630551,WAS,9224.0,154,-9.0,319,325,100.0,84.0,53,644,14.0,20.0,6.0,10.0,4.0,5.0,,9.0,1.0,9.0,2.0,14.0,30.0,28.0,5.0,63.0,377,6.0,12.0,2.0,17.0,4.0,9.0,9.0,3.0,23.0,12.0,16.0,10.0,5.0,10.0,2.0,25.0,4.0,12.0,6.0,9.0,18.0,17.0,35.0,2.0,5.0,,,3.0,5.0,1.0,13.0,20.0,4.0,1.0,6.0,2.0,4.0,1.0,3.0,5.0,2.0,,23.0,100.0,0.4285714285714285,0.6666666666666666,0.4666666666666667,0.5,0.4444444444444444,0.5,0.5,0.5555555555555556,0.5163934426229508,0.53125,0.575,0.4827586206896552,17.1875,1.0,0.1071428571428571,0.1290322580645161,0.0769230769230769,0.0512820512820512,0.0925925925925925,0.0935672514619883,0.1228070175438596,0.0769230769230769,0.0508474576271186,0.05,0.06,0.0526315789473684,0.1428571428571428,0.0714285714285714,0.4,0.3448275862068966,0.7,0.7368421052631579,0.4285714285714285,0.1551724137931034,,,,0.0172413793103448,0.1551724137931034,0.6666666666666666,0.6,0.1666666666666666,0.2777777777777778,0.8,0.1111111111111111,0.8275862068965517,0.5536344827586206,0.567925,0.5264916666666667,0.0333333333333333,0.0625,0.2698412698412698,0.365079365079365,3.3800000000000003,26.135714285714283,0.3134796238244514,8.0,19.0,2.0,10.0,3.0,3.0,19.0,8.0,6.0,5.0,4.0,3.0,0.3571428571428571,0.3571428571428571,0.2,0.05,0.5555555555555556,0.0526315789473684,0.3571428571428571,0.3275862068965517,0.4210526315789473,0.4210526315789473,0.1333333333333333,0.4210526315789473,,2.0,,3.0,7.0,1.0,4.0,27.0,1.0,,3.0,5.0,4.0,1.0,2.0,,,,,,,,1.0,2.0,1.0,0.9,0.3333333333333333,0.4444444444444444,,0.4285714285714285,0.1739130434782608,,,,0.2222222222222222,0.2222222222222222,1.0,0.875,,,0.3888888888888889,0.4285714285714285,1.0,1.0,1.0,1.0,2.0,1.0,1.0,1.0,0.125,0.0666666666666666,1.0,1.0,0.5,,,,,,,,,,,,,True,,,,,,
1630557,1610612764,Corey Kispert,Corey Kispert,1630557,WAS,8740.0,146,-11.0,300,304,83.0,91.0,39,604,10.0,14.0,2.0,3.0,3.0,3.0,3.0,5.0,,4.0,1.0,13.0,19.0,33.0,7.0,57.0,357,2.0,3.0,,4.0,3.0,3.0,8.0,,12.0,22.0,4.0,2.0,4.0,9.0,,23.0,2.0,,7.0,6.0,14.0,2.0,16.0,,2.0,1.0,3.0,,5.0,1.0,6.0,10.0,6.0,2.0,8.0,4.0,1.0,1.0,,1.0,,,12.0,83.0,0.8461538461538461,0.9166666666666666,0.6842105263157895,0.6666666666666666,1.0,0.4807692307692308,0.4,0.5454545454545454,0.509090909090909,0.4,0.5454545454545454,0.6346153846153846,17.291066282420747,0.4,0.0821917808219178,,0.0909090909090909,0.0307692307692307,0.0866666666666666,0.0136986301369863,,,0.0363636363636363,0.05,0.119047619047619,0.087719298245614,0.1,,,0.2692307692307692,0.7142857142857143,0.8333333333333334,0.9,0.0961538461538461,0.6,0.75,0.6666666666666666,,0.0769230769230769,0.6,0.6666666666666666,0.5,0.2727272727272727,1.0,0.0909090909090909,0.903846153846154,0.555078431372549,0.742,0.57171,0.0727272727272727,0.1818181818181818,0.0701754385964912,0.2105263157894736,3.4368421052631577,26.8969696969697,0.2766666666666666,8.0,29.0,2.0,8.0,2.0,,28.0,8.0,3.0,5.0,3.0,4.0,0.2424242424242424,0.25,0.1578947368421052,0.1428571428571428,0.2,,,0.5576923076923077,0.2758620689655172,0.2857142857142857,0.4,0.2857142857142857,,,,2.0,7.0,,2.0,24.0,2.0,,1.0,2.0,1.0,1.0,2.0,,,1.0,,,1.0,1.0,,2.0,,1.0,,0.25,,0.2,,,,,,,,1.0,,,0.6363636363636364,0.2857142857142857,,,,,,,,,,,,,,1.0,1.0,1.0,0.0303030303030303,0.0344827586206896,,,,,,,,True,,,,,,
1642267,1610612764,Bub Carrington,Bub Carrington,1642267,WAS,6901.0,115,-57.0,240,244,38.0,94.0,29,484,2.0,6.0,,1.0,1.0,1.0,6.0,8.0,3.0,4.0,1.0,10.0,17.0,19.0,2.0,34.0,290,,1.0,,3.0,3.0,3.0,2.0,,9.0,6.0,14.0,,8.0,12.0,1.0,28.0,1.0,,13.0,5.0,19.0,1.0,20.0,,4.0,1.0,2.0,2.0,6.0,1.0,7.0,10.0,5.0,,3.0,,1.0,1.0,,1.0,1.0,,9.0,38.0,0.3,0.3,0.5882352941176471,,1.0,0.4444444444444444,0.375,0.9,0.4583333333333333,0.375,0.9,0.5277777777777778,15.32846715328467,0.6666666666666666,0.0925925925925925,,0.2131147540983606,0.0169491525423728,0.1565217391304348,0.008130081300813,,,0.0217391304347826,0.0454545454545454,0.08,0.2448979591836734,0.0833333333333333,,1.0,0.1666666666666666,0.3333333333333333,0.4,0.5,0.2222222222222222,0.75,0.75,,0.0833333333333333,0.1111111111111111,0.25,,,0.2,1.0,0.2,0.6944444444444444,0.5291250000000001,0.5247666666666667,0.4779999999999999,,,0.088235294117647,0.2647058823529412,8.5,26.30526315789473,0.1583333333333333,3.0,15.0,2.0,4.0,3.0,6.0,15.0,3.0,1.0,4.0,4.0,6.0,0.2105263157894736,0.2105263157894736,0.0588235294117647,0.1666666666666666,,,0.2857142857142857,0.4166666666666667,0.2,0.2,0.5,0.2,2.0,1.0,1.0,1.0,1.0,1.0,1.0,6.0,,1.0,1.0,1.0,1.0,,2.0,,,1.0,,,,1.0,,,,0.5,0.3333333333333333,0.5,,0.0909090909090909,,0.6666666666666666,0.6666666666666666,1.0,0.25,0.25,1.0,0.3333333333333333,0.5,1.0,0.2,1.0,,1.0,,,,,,,,0.25,,,,,,,,,2.0,,,,,,,True,,,,,,
1641731,1610612764,Bilal Coulibaly,Bilal Coulibaly,1641731,WAS,5251.0,88,-27.0,179,181,61.0,90.0,29,360,3.0,7.0,,1.0,2.0,3.0,2.0,9.0,7.0,4.0,1.0,7.0,23.0,11.0,8.0,34.0,236,1.0,2.0,2.0,4.0,3.0,9.0,2.0,1.0,7.0,4.0,10.0,,4.0,8.0,2.0,20.0,5.0,1.0,4.0,2.0,8.0,6.0,14.0,1.0,4.0,1.0,2.0,,6.0,2.0,3.0,7.0,7.0,,10.0,4.0,2.0,2.0,,2.0,,,7.0,61.0,0.2857142857142857,0.2857142857142857,0.3043478260869565,0.5,0.3333333333333333,0.3823529411764705,0.5,0.2727272727272727,0.4358974358974359,0.6666666666666666,0.2916666666666667,0.3235294117647059,20.737327188940093,0.6666666666666666,0.0512820512820512,0.0181818181818181,0.0888888888888888,0.1282051282051282,0.0714285714285714,0.0638297872340425,,,0.1666666666666666,0.0714285714285714,,0.1111111111111111,,0.0526315789473684,,0.2058823529411764,0.4285714285714285,0.6,0.3333333333333333,0.2647058823529412,0.2222222222222222,0.2857142857142857,,0.2058823529411764,0.1176470588235294,0.5,,,0.2727272727272727,0.6666666666666666,0.0909090909090909,0.5294117647058824,0.5134573529411766,0.6359,0.5278681818181818,0.1052631578947368,0.1481481481481481,0.1176470588235294,0.2058823529411764,8.41304347826087,25.727272727272727,0.3407821229050279,2.0,7.0,,4.0,,,7.0,2.0,4.0,4.0,3.0,1.0,0.3636363636363636,0.3636363636363636,0.1739130434782608,0.2857142857142857,0.2222222222222222,,0.2,0.2058823529411764,0.2857142857142857,0.2857142857142857,,0.2857142857142857,2.0,2.0,,,1.0,,,12.0,1.0,1.0,2.0,3.0,3.0,,4.0,,,,,,,,1.0,3.0,1.0,1.0,,,,0.1818181818181818,0.05,0.2857142857142857,0.2857142857142857,0.5,0.5,0.5,1.0,1.0,,,0.0909090909090909,,,,,,,,,,,,,,,,,,,,,1.0,,,,,,True,,,,,,
1630264,1610612764,Anthony Gill,Anthony Gill,1630264,WAS,7946.0,132,-5.0,286,284,120.0,131.0,46,570,5.0,8.0,2.0,2.0,1.0,2.0,5.0,12.0,1.0,6.0,2.0,10.0,21.0,9.0,15.0,47.0,312,2.0,2.0,5.0,9.0,5.0,11.0,4.0,14.0,30.0,14.0,6.0,4.0,4.0,7.0,1.0,17.0,3.0,3.0,13.0,4.0,19.0,6.0,25.0,1.0,2.0,1.0,2.0,1.0,4.0,,5.0,10.0,15.0,2.0,21.0,7.0,1.0,,1.0,1.0,1.0,,30.0,120.0,0.7,0.875,0.4761904761904761,1.0,0.4545454545454545,0.5333333333333333,0.6666666666666666,0.5333333333333333,0.6025641025641025,0.75,0.6521739130434783,0.3,12.835820895522389,0.5,0.08,0.0352941176470588,0.1805555555555555,0.0483870967741935,0.1393442622950819,0.0408163265306122,0.0175438596491228,,0.0212765957446808,0.1538461538461538,0.0606060606060606,0.1785714285714285,0.1875,0.0833333333333333,1.0,0.2666666666666666,0.625,0.625,0.6,0.4,0.4166666666666667,0.5555555555555556,0.8,0.0333333333333333,0.2,0.6666666666666666,1.0,,0.1333333333333333,0.5,0.1333333333333333,0.5666666666666667,0.5002016666666667,0.471975,0.4402733333333333,0.1944444444444444,0.2592592592592592,0.1914893617021276,0.6382978723404256,5.490476190476191,24.47777777777777,0.4195804195804196,2.0,3.0,1.0,4.0,1.0,,3.0,2.0,4.0,3.0,2.0,3.0,0.4444444444444444,0.4444444444444444,0.1904761904761904,,0.25,0.1333333333333333,,0.1,0.6666666666666666,0.6666666666666666,0.3333333333333333,0.6666666666666666,,2.0,,1.0,2.0,,2.0,12.0,1.0,,2.0,5.0,2.0,3.0,1.0,,,1.0,,,1.0,,3.0,,3.0,1.0,,0.5,1.0,0.3333333333333333,0.1,,,,0.3333333333333333,0.3333333333333333,1.0,1.0,,,0.1333333333333333,0.5,,,1.0,,1.0,,,,,,,,0.5,,,,,,3.0,,,,,,,True,,,,,,
1631098,1610612764,Johnny Davis,Johnny Davis,1631098,WAS,9107.0,152,15.0,323,321,155.0,163.0,51,644,10.0,14.0,1.0,2.0,6.0,7.0,5.0,17.0,3.0,9.0,5.0,17.0,34.0,22.0,9.0,58.0,350,2.0,4.0,,7.0,8.0,20.0,9.0,3.0,28.0,24.0,10.0,,4.0,6.0,,14.0,2.0,2.0,9.0,4.0,13.0,4.0,17.0,1.0,2.0,,2.0,,4.0,2.0,6.0,9.0,8.0,,13.0,5.0,3.0,1.0,2.0,3.0,2.0,,28.0,155.0,0.7058823529411765,0.7058823529411765,0.5,0.5,0.4,0.4375,0.4375,0.4310344827586206,0.4596774193548387,0.4375,0.4354838709677419,0.3928571428571428,17.322834645669293,0.5,0.0634920634920634,0.0204081632653061,0.1184210526315789,0.0298507462686567,0.0935251798561151,0.0242424242424242,0.015625,,0.0204081632653061,0.1,0.0512820512820512,0.0666666666666666,0.3125,0.03125,0.6666666666666666,0.25,0.7142857142857143,0.7692307692307693,0.7,0.3035714285714285,0.2941176470588235,0.3125,0.8,0.0535714285714285,0.1607142857142857,0.25,0.5,1.0,0.2413793103448276,0.8571428571428571,0.1724137931034483,0.6428571428571429,0.5308098214285714,0.52425,0.5273775862068966,0.081967213114754,0.1282051282051282,0.1206896551724138,0.4827586206896552,6.067647058823528,25.23636363636364,0.479876160990712,3.0,13.0,3.0,5.0,4.0,,13.0,3.0,2.0,2.0,2.0,4.0,0.2272727272727272,0.2272727272727272,0.0588235294117647,0.0714285714285714,0.0588235294117647,0.0555555555555555,,0.2321428571428571,0.2307692307692307,0.2307692307692307,0.375,0.2307692307692307,2.0,2.0,1.0,2.0,4.0,1.0,3.0,15.0,,,,8.0,5.0,3.0,2.0,,,,,,,1.0,1.0,2.0,1.0,1.0,0.25,0.3333333333333333,,,0.04,0.6666666666666666,0.6666666666666666,0.5,0.2222222222222222,0.2222222222222222,1.0,1.0,0.3333333333333333,1.0,0.1379310344827586,0.5,,1.0,1.0,,,,,,,0.125,,,0.2,,,,,,1.0,2.0,,,,,,True,,,,,,
1631116,1610612764,Patrick Baldwin Jr.,Patrick Baldwin Jr.,1631116,WAS,4896.0,82,22.0,176,173,110.0,89.0,31,349,6.0,8.0,1.0,3.0,5.0,6.0,,2.0,,4.0,2.0,6.0,10.0,19.0,1.0,43.0,184,1.0,3.0,,5.0,5.0,8.0,10.0,1.0,26.0,10.0,2.0,,1.0,1.0,,2.0,1.0,2.0,6.0,7.0,13.0,4.0,17.0,,3.0,,,2.0,3.0,2.0,4.0,5.0,2.0,,2.0,,2.0,2.0,,2.0,2.0,,26.0,110.0,0.8333333333333334,0.8333333333333334,0.6,0.3333333333333333,0.625,0.7241379310344828,0.625,0.6944444444444444,0.7166666666666667,0.625,0.6842105263157895,0.6551724137931034,15.42056074766355,1.0,0.2058823529411764,0.0350877192982456,0.1578947368421052,0.0256410256410256,0.1805555555555555,0.03125,0.0277777777777777,,,0.2222222222222222,0.2272727272727272,0.2142857142857142,,,1.0,0.2758620689655172,0.75,0.8571428571428571,0.8333333333333334,0.0689655172413793,,,,,0.1379310344827586,0.75,0.3333333333333333,,0.3333333333333333,0.8333333333333334,0.1111111111111111,0.9310344827586208,0.5293862068965517,0.41785,0.5394722222222222,,,0.1162790697674418,0.6046511627906976,3.02,26.12105263157895,0.625,7.0,15.0,1.0,10.0,1.0,,15.0,7.0,2.0,,,1.0,0.5263157894736842,0.5263157894736842,0.2,0.125,0.5,0.0833333333333333,,0.5172413793103449,0.4666666666666667,0.4666666666666667,0.25,0.4666666666666667,,3.0,1.0,3.0,8.0,1.0,5.0,30.0,,,,2.0,2.0,,1.0,2.0,,,,,,,1.0,,1.0,1.0,1.0,0.5,,,0.0588235294117647,,,,0.75,0.75,1.0,1.0,1.0,1.0,0.4444444444444444,0.375,,,2.0,1.0,,,,,0.0909090909090909,,,,1.0,,,,,,,,,,,,,True,,,,,,
1642273,1610612764,Kyshawn George,Kyshawn George,1642273,WAS,7727.0,129,5.0,270,270,78.0,70.0,34,540,6.0,10.0,1.0,1.0,2.0,2.0,,3.0,2.0,3.0,1.0,7.0,15.0,30.0,4.0,42.0,299,1.0,2.0,,5.0,2.0,2.0,10.0,3.0,16.0,8.0,6.0,2.0,4.0,10.0,,26.0,3.0,3.0,7.0,9.0,16.0,6.0,22.0,2.0,5.0,1.0,2.0,3.0,7.0,3.0,10.0,14.0,6.0,,7.0,3.0,3.0,1.0,2.0,4.0,,,16.0,78.0,0.5714285714285714,0.6666666666666666,0.4666666666666667,0.5,1.0,0.4222222222222222,0.5,0.5416666666666666,0.4375,0.5,0.5714285714285714,0.6666666666666666,17.57188498402556,0.7142857142857143,0.1607142857142857,0.0389610389610389,0.0945945945945946,0.0476190476190476,0.123076923076923,0.0428571428571428,0.025,0.125,0.0377358490566037,0.1666666666666666,0.1724137931034483,0.1,0.0833333333333333,0.08,,0.2222222222222222,0.6,0.75,0.5,0.0666666666666666,,,,0.0444444444444444,0.0666666666666666,0.2,1.0,,0.1666666666666666,1.0,0.0833333333333333,0.8888888888888888,0.5375383720930232,0.4450900000000001,0.5488949999999999,0.0638297872340425,0.1764705882352941,0.119047619047619,0.3809523809523809,4.3533333333333335,27.736666666666665,0.2888888888888888,7.0,27.0,3.0,8.0,3.0,,26.0,7.0,4.0,6.0,5.0,4.0,0.2666666666666666,0.2758620689655172,0.2666666666666666,0.2,0.3333333333333333,0.1,0.1111111111111111,0.6,0.2592592592592592,0.2592592592592592,0.6,0.2692307692307692,1.0,1.0,1.0,3.0,9.0,1.0,3.0,24.0,1.0,,,7.0,5.0,2.0,2.0,1.0,,,,,1.0,,1.0,1.0,1.0,1.0,0.3333333333333333,0.3,0.5,,0.0344827586206896,0.5,1.0,1.0,0.3333333333333333,0.3333333333333333,1.0,1.0,0.3333333333333333,1.0,0.75,0.3333333333333333,,,,,,1.0,1.0,,,,,,,1.0,,,,,,1.0,,,,,,True,,,,,,
1641774,1610612764,Tristan Vukcevic,Tristan Vukcevic,1641774,WAS,1232.0,21,-5.0,45,43,20.0,15.0,7,88,2.0,2.0,2.0,2.0,,,,1.0,1.0,1.0,,3.0,4.0,5.0,2.0,11.0,52,2.0,2.0,2.0,6.0,,,2.0,,,2.0,4.0,4.0,1.0,1.0,,2.0,,3.0,,1.0,1.0,3.0,4.0,,,1.0,1.0,,1.0,,3.0,3.0,2.0,,2.0,1.0,1.0,1.0,,1.0,1.0,,,20.0,0.3333333333333333,1.0,0.75,1.0,,0.5,1.0,,0.55,1.0,,0.5555555555555556,20.754716981132077,,0.1111111111111111,0.2307692307692307,,,0.0588235294117647,0.12,0.1,,,,0.1666666666666666,,,,1.0,0.2222222222222222,1.0,1.0,,0.1111111111111111,,,,0.1111111111111111,0.1111111111111111,1.0,1.0,,,,,0.7777777777777778,0.5072555555555556,0.6349,0.47085,0.1,0.2,0.5454545454545454,,7.300000000000001,25.74,0.4444444444444444,1.0,4.0,,1.0,,,4.0,1.0,,,,1.0,0.2,0.2,,,,,,0.4444444444444444,0.25,0.25,,0.25,1.0,,,,2.0,,,3.0,,,,,,,,,,,,,,,,,,1.0,,,,,1.0,1.0,1.0,1.0,,,,1.0,,,1.0,,,,,,,,,,,,,,,,,,,,,,,,,,,True,,,,,,
1627763,1610612764,Malcolm Brogdon,Malcolm Brogdon,1627763,WAS,689.0,11,-6.0,23,22,4.0,3.0,3,45,1.0,2.0,,,,,,2.0,1.0,1.0,,1.0,5.0,2.0,,5.0,32,,1.0,,,,,,,,,2.0,,2.0,3.0,2.0,7.0,,1.0,1.0,,1.0,1.0,2.0,,2.0,,,1.0,2.0,1.0,,,1.0,,,,,,,,,,,4.0,,,0.2,,,0.3571428571428571,,,0.3571428571428571,,,0.2857142857142857,33.33333333333333,1.0,,0.1428571428571428,0.1666666666666666,,0.0833333333333333,0.0833333333333333,,0.5,,,,0.25,,,,0.2857142857142857,0.5,0.5,,0.2857142857142857,,,,0.1428571428571428,0.1428571428571428,,,,,,,0.5714285714285714,0.5536,0.4744,,,,,,7.340000000000001,24.9,0.1739130434782608,1.0,1.0,,1.0,,,1.0,1.0,2.0,1.0,1.0,,0.5,0.5,0.4,,0.5,,,0.1428571428571428,1.0,1.0,,1.0,,,,,,,,3.0,,,,,,,1.0,1.0,,,,,,,,,,1.0,,,1.0,,,,,,,,,1.0,,,,,,,,,,,,,,,,,,,,,,,,,,,,,,True,,,,,,
1642259,1610612764,Alex Sarr,Alex Sarr,1642259,WAS,3883.0,65,9.0,137,136,28.0,37.0,22,273,3.0,4.0,2.0,2.0,2.0,3.0,2.0,13.0,1.0,,,6.0,18.0,15.0,1.0,28.0,134,3.0,4.0,,6.0,2.0,3.0,4.0,,13.0,8.0,4.0,4.0,3.0,6.0,,15.0,1.0,4.0,12.0,4.0,18.0,5.0,23.0,1.0,1.0,,1.0,1.0,2.0,,4.0,5.0,2.0,,2.0,1.0,3.0,1.0,2.0,3.0,1.0,,13.0,28.0,0.6666666666666666,1.0,0.3333333333333333,0.75,0.6666666666666666,0.4090909090909091,0.75,0.9285714285714286,0.4117647058823529,0.75,0.9285714285714286,0.4545454545454545,21.951219512195124,0.5,0.1739130434782608,0.0869565217391304,0.2553191489361702,0.0263157894736842,0.2285714285714285,0.0595238095238095,0.074074074074074,,0.03125,0.1,0.1818181818181818,0.1621621621621621,0.6,0.0454545454545454,0.3333333333333333,0.1212121212121212,0.75,0.75,0.3333333333333333,0.3939393939393939,0.1538461538461538,0.1538461538461538,1.0,0.0303030303030303,,0.5,1.0,,0.4285714285714285,0.6666666666666666,,0.5757575757575758,0.4966803030303029,0.5874,0.5583857142857143,0.0294117647058823,0.0526315789473684,0.2142857142857142,0.4642857142857143,7.777777777777778,27.12,0.2043795620437956,5.0,15.0,,5.0,,,15.0,5.0,,3.0,3.0,2.0,0.3333333333333333,0.3333333333333333,,,,,0.5,0.4545454545454545,0.3333333333333333,0.3333333333333333,,0.3333333333333333,1.0,,,3.0,4.0,,3.0,15.0,,1.0,2.0,1.0,1.0,,,2.0,,1.0,,,,,,,,1.0,,0.75,,0.4,0.125,1.0,1.0,1.0,,,,1.0,,,0.5714285714285714,0.75,,,,,,,,1.0,,,,,,,,,,,,,,,,,,True,,,,,,
202685,1610612764,Jonas Valančiūnas,Jonas Valančiūnas,202685,WAS,7350.0,122,-54.0,254,261,73.0,78.0,26,515,16.0,24.0,5.0,11.0,3.0,6.0,12.0,24.0,4.0,,,30.0,52.0,,14.0,74.0,333,6.0,14.0,,12.0,11.0,17.0,,5.0,27.0,40.0,20.0,8.0,5.0,12.0,1.0,31.0,4.0,8.0,16.0,19.0,37.0,12.0,49.0,4.0,10.0,,3.0,6.0,13.0,2.0,6.0,11.0,15.0,,18.0,8.0,5.0,4.0,1.0,5.0,4.0,,27.0,73.0,0.6666666666666666,0.7692307692307693,0.5769230769230769,0.4285714285714285,0.6470588235294118,0.5769230769230769,0.4285714285714285,0.6470588235294118,0.6065573770491803,0.4285714285714285,0.675,,25.964912280701757,0.7692307692307693,0.2923076923076923,0.135593220338983,0.2758620689655172,0.08,0.2845528455284553,0.110091743119266,0.088235294117647,,0.0769230769230769,0.3333333333333333,0.2647058823529412,0.25,0.3333333333333333,0.2105263157894736,0.8,0.4615384615384615,0.6666666666666666,0.7272727272727273,0.5,0.4615384615384615,0.5,0.5217391304347826,0.8333333333333334,0.0769230769230769,,0.7857142857142857,0.4545454545454545,0.2,0.3529411764705882,0.5,,0.4615384615384615,0.5053615384615384,0.5516272727272727,0.5013705882352941,0.1333333333333333,0.1333333333333333,0.1621621621621621,0.3648648648648648,5.626923076923077,,0.2874015748031496,,,,,,,,,3.0,7.0,7.0,1.0,,,0.0576923076923076,0.0833333333333333,0.0416666666666666,0.0909090909090909,0.3,,,,,,2.0,,,,,,,,,3.0,2.0,1.0,1.0,,4.0,1.0,,2.0,,,,,1.0,1.0,1.0,,,,,0.2857142857142857,0.2777777777777778,0.5,0.5,1.0,,,,,,,,,,,,,2.0,,,,,,,,,,,,,,3.0,,1.0,1.0,,,,True,,,,,,
1629673,1610612764,Jordan Poole,Jordan Poole,1629673,WAS,2962.0,49,-18.0,104,103,31.0,28.0,14,207,2.0,2.0,,,1.0,1.0,2.0,6.0,,1.0,,4.0,8.0,13.0,10.0,30.0,130,,1.0,,6.0,1.0,1.0,7.0,3.0,14.0,4.0,4.0,,7.0,9.0,1.0,20.0,,1.0,1.0,3.0,4.0,1.0,5.0,,1.0,,1.0,1.0,2.0,1.0,1.0,3.0,12.0,1.0,13.0,4.0,2.0,1.0,1.0,2.0,1.0,,14.0,31.0,0.5,0.5,0.5,,1.0,0.4761904761904761,0.75,0.6875,0.5555555555555556,0.75,0.7,0.6190476190476191,23.96694214876033,0.5,0.1,0.037037037037037,0.0384615384615384,,0.0714285714285714,0.0192307692307692,0.0476190476190476,,,,0.1333333333333333,0.0416666666666666,,,0.5,0.0952380952380952,1.0,1.0,1.0,0.2857142857142857,0.3333333333333333,0.5,,,0.0476190476190476,,,,0.125,1.0,,0.7142857142857143,0.5005880952380953,0.53615,0.5307437500000001,0.1923076923076923,0.3333333333333333,0.2,0.4666666666666667,5.500000000000001,26.0,0.2980769230769231,4.0,12.0,3.0,4.0,3.0,6.0,12.0,4.0,2.0,2.0,2.0,6.0,0.3076923076923077,0.3076923076923077,0.25,,0.3333333333333333,,0.2,0.5714285714285714,0.3333333333333333,0.3636363636363636,0.75,0.3333333333333333,,,2.0,3.0,7.0,2.0,3.0,6.0,,,,4.0,2.0,2.0,,,,,,,,,1.0,1.0,1.0,0.5,0.6666666666666666,0.4285714285714285,,,,,,,,,,0.5,0.6666666666666666,1.0,0.875,0.4285714285714285,,,,,,,,,,,,,,,1.0,1.0,0.0769230769230769,0.0833333333333333,,,,,1.0,0.0714285714285714,,True,,,,,,
1628963,1610612764,Marvin Bagley III,Marvin Bagley III,1628963,WAS,5727.0,95,10.0,203,201,83.0,105.0,31,404,20.0,25.0,8.0,9.0,9.0,11.0,5.0,13.0,1.0,1.0,1.0,25.0,39.0,7.0,8.0,61.0,214,8.0,10.0,1.0,17.0,10.0,15.0,3.0,4.0,24.0,22.0,28.0,14.0,3.0,5.0,,12.0,4.0,10.0,3.0,7.0,12.0,14.0,26.0,3.0,4.0,,1.0,3.0,5.0,3.0,7.0,9.0,13.0,,15.0,9.0,5.0,2.0,3.0,5.0,2.0,,24.0,83.0,0.44,0.6111111111111112,0.6410256410256411,0.8,0.6666666666666666,0.5760869565217391,0.7272727272727273,0.5555555555555556,0.5865384615384616,0.6538461538461539,0.6,0.1521739130434782,23.456790123456788,0.8,0.1521739130434782,0.1666666666666666,0.0625,0.0888888888888888,0.1063829787234042,0.1333333333333333,0.131578947368421,0.2,0.0555555555555555,0.1538461538461538,0.1379310344827586,0.0555555555555555,0.0833333333333333,0.1578947368421052,0.4,0.5434782608695652,0.8,0.8333333333333334,0.35,0.2826086956521739,0.3846153846153846,0.3846153846153846,0.8,0.0217391304347826,0.0217391304347826,0.8181818181818182,0.8888888888888888,,0.6111111111111112,0.8181818181818182,0.0555555555555555,0.6956521739130435,0.5703880434782608,0.5948312499999999,0.6083972222222221,0.173076923076923,0.2,0.2786885245901639,0.3934426229508196,4.041025641025641,26.67142857142857,0.4088669950738916,1.0,6.0,1.0,1.0,1.0,,6.0,1.0,1.0,2.0,2.0,2.0,0.1428571428571428,0.1428571428571428,0.0256410256410256,0.04,,0.2222222222222222,0.25,0.1304347826086956,0.1666666666666666,0.1666666666666666,0.0909090909090909,0.1666666666666666,,,,,2.0,,,3.0,,1.0,2.0,4.0,2.0,2.0,1.0,1.0,,,1.0,,3.0,,,2.0,,1.0,,,,0.25,0.2352941176470588,,,,,,,1.0,,,0.1111111111111111,,,,,,,,,,,,,,,,,,,,1.0,,,,,,1.0,True,,,,,,
1626158,1610612764,Richaun Holmes,Richaun Holmes,1626158,WAS,28647.0,477,-34.0,979,973,211.0,238.0,123,1952,65.0,86.0,24.0,36.0,8.0,15.0,15.0,31.0,,1.0,,80.0,117.0,2.0,47.0,207.0,1142,26.0,39.0,13.0,65.0,10.0,19.0,,19.0,39.0,100.0,60.0,44.0,20.0,41.0,9.0,103.0,10.0,44.0,42.0,60.0,105.0,54.0,159.0,2.0,8.0,1.0,10.0,6.0,18.0,2.0,26.0,43.0,50.0,2.0,56.0,31.0,18.0,8.0,9.0,19.0,12.0,,39.0,211.0,0.625,0.8620689655172413,0.6837606837606838,0.6666666666666666,0.5263157894736842,0.6722689075630253,0.65,0.5263157894736842,0.71875,0.6770833333333334,0.6724137931034483,0.0168067226890756,14.439461883408072,0.4444444444444444,0.2272727272727272,0.2135922330097087,0.203883495145631,0.0427350427350427,0.2170212765957447,0.1227272727272727,0.2307692307692307,0.125,0.0471204188481675,0.2117647058823529,0.2446043165467626,0.2012195121951219,0.2142857142857142,0.0689655172413793,0.631578947368421,0.7226890756302521,0.7558139534883721,0.8125,0.6,0.2605042016806723,0.4838709677419355,0.5555555555555556,0.7333333333333333,,0.0084033613445378,0.9,0.6666666666666666,0.125,0.7894736842105263,0.5333333333333333,,0.7394957983193278,0.5753365546218487,0.5693142857142857,0.5225631578947368,0.2183098591549295,0.2214285714285714,0.3140096618357488,0.1884057971014492,2.9264957264957263,25.1,0.2155260469867211,,1.0,,,1.0,,1.0,,10.0,21.0,19.0,9.0,,,0.0854700854700854,0.0697674418604651,0.1290322580645161,0.0232558139534883,0.2,0.0084033613445378,,,,,,,,,,,,,2.0,2.0,3.0,9.0,6.0,3.0,2.0,2.0,1.0,5.0,,,8.0,,2.0,,1.0,,,,,0.2142857142857142,0.2285714285714285,,,,,,,,,,,,,1.0,,,6.0,1.0,1.0,6.0,,0.025,,,,,,1.0,,,10.0,,,,,,,False,1.0,,,,,
1627763,1610612764,Malcolm Brogdon,Malcolm Brogdon,1627763,WAS,33155.0,553,-114.0,1152,1156,211.0,269.0,123,2308,54.0,83.0,5.0,8.0,9.0,11.0,24.0,66.0,30.0,4.0,2.0,87.0,179.0,54.0,81.0,300.0,1383,8.0,13.0,5.0,27.0,16.0,29.0,9.0,27.0,62.0,64.0,110.0,6.0,53.0,95.0,15.0,232.0,8.0,12.0,34.0,34.0,69.0,20.0,89.0,6.0,20.0,7.0,16.0,8.0,36.0,5.0,10.0,30.0,67.0,1.0,92.0,35.0,5.0,,4.0,5.0,3.0,,61.0,210.0,0.367816091954023,0.3809523809523809,0.4860335195530726,0.6153846153846154,0.5517241379310345,0.4699570815450644,0.5789473684210527,0.4605263157894737,0.5437956204379562,0.6136363636363636,0.5754716981132075,0.2317596566523605,23.919753086419757,0.5555555555555556,0.1278195488721804,0.0424028268551236,0.1287878787878787,0.0316205533596837,0.1283018867924528,0.0373134328358208,0.0536912751677852,0.0181818181818181,0.0289855072463768,0.0625,0.1349206349206349,0.1293532338308457,0.1269841269841269,0.054054054054054,0.6,0.3562231759656652,0.6506024096385542,0.72,0.3148148148148148,0.2832618025751073,0.3636363636363636,0.4067796610169492,0.5,0.1287553648068669,0.0171673819742489,0.4210526315789473,0.625,0.2,0.2894736842105263,0.8181818181818182,0.0526315789473684,0.5879828326180258,0.5385450431034482,0.5306625,0.5216283783783784,0.1401515151515151,0.1682692307692307,0.09,0.2066666666666666,6.910614525139663,26.70555555555556,0.1831597222222222,13.0,50.0,6.0,15.0,6.0,3.0,49.0,13.0,15.0,42.0,30.0,33.0,0.2777777777777778,0.2830188679245283,0.0837988826815642,0.0963855421686747,0.106060606060606,0.0434782608695652,0.2,0.2145922746781116,0.26,0.2708333333333333,0.3157894736842105,0.2653061224489796,9.0,2.0,2.0,1.0,7.0,2.0,1.0,42.0,12.0,5.0,1.0,13.0,8.0,5.0,12.0,5.0,,1.0,,,6.0,2.0,10.0,5.0,9.0,0.9333333333333332,0.3333333333333333,0.1111111111111111,,0.0303030303030303,0.0379746835443038,0.3,0.3,0.3333333333333333,0.5,0.5,1.0,0.9230769230769232,0.3333333333333333,1.0,0.1842105263157894,0.1428571428571428,,,,,1.0,,,,,,,,,1.0,2.0,,0.037037037037037,0.04,1.0,8.0,,,2.0,0.0357142857142857,,False,1.0,,,,,
1628398,1610612764,Kyle Kuzma,Kyle Kuzma,1628398,WAS,51381.0,856,-380.0,1815,1824,292.0,321.0,203,3639,83.0,117.0,7.0,14.0,7.0,14.0,52.0,140.0,29.0,37.0,4.0,143.0,286.0,156.0,57.0,475.0,2195,12.0,24.0,1.0,40.0,12.0,32.0,23.0,20.0,53.0,156.0,130.0,6.0,39.0,77.0,10.0,192.0,11.0,15.0,95.0,42.0,149.0,26.0,175.0,8.0,38.0,7.0,32.0,19.0,70.0,14.0,24.0,51.0,77.0,5.0,94.0,39.0,5.0,4.0,1.0,6.0,4.0,,53.0,291.0,0.5454545454545454,0.5571428571428572,0.5,0.5,0.375,0.4728506787330316,0.4875,0.3,0.4896694214876033,0.4651162790697674,0.3785714285714285,0.3529411764705882,26.932425862907145,0.5428571428571428,0.1052631578947368,0.031578947368421,0.2199074074074074,0.0239651416122004,0.1648616125150421,0.0278372591006423,0.0377358490566037,0.0147058823529411,0.0217983651226158,0.0983606557377049,0.1105990783410138,0.2167182662538699,0.2293577981651376,0.0347826086956521,0.6666666666666666,0.2647058823529412,0.7094017094017094,0.7545454545454545,0.6024096385542169,0.3167420814479638,0.3714285714285714,0.40625,0.4807692307692308,0.0656108597285067,0.083710407239819,0.35,0.5,0.5714285714285714,0.2545454545454545,0.5,0.0727272727272727,0.6176470588235294,0.5268147727272728,0.5347214285714286,0.5008250000000001,0.0842105263157894,0.1226415094339622,0.0842105263157894,0.111578947368421,6.397202797202797,25.90128205128205,0.1608815426997245,30.0,119.0,10.0,44.0,16.0,30.0,118.0,30.0,19.0,38.0,29.0,24.0,0.282051282051282,0.2838709677419355,0.0664335664335664,0.0598290598290598,0.0857142857142857,0.0326086956521739,0.1,0.2692307692307692,0.2521008403361344,0.2521008403361344,0.25,0.2542372881355932,8.0,14.0,2.0,3.0,19.0,5.0,3.0,102.0,9.0,5.0,12.0,20.0,15.0,5.0,19.0,2.0,4.0,5.0,4.0,,7.0,2.0,9.0,1.0,9.0,0.7727272727272727,0.3125,0.1304347826086956,,0.3529411764705882,0.028169014084507,0.2758620689655172,0.2758620689655172,0.375,0.3783783783783784,0.3783783783783784,0.9285714285714286,0.7,0.2,0.5,0.3454545454545454,0.1578947368421052,3.0,6.0,,,1.0,1.0,1.0,1.0,,0.15,0.5,0.6666666666666666,,1.0,,3.0,,,5.0,10.0,3.0,,1.0,0.0063694267515923,,False,,1.0,,,,
1629673,1610612764,Jordan Poole,Jordan Poole,1629673,WAS,114390.0,1906,-525.0,4077,4042,780.0,828.0,439,8119,142.0,209.0,9.0,14.0,30.0,41.0,51.0,150.0,55.0,55.0,10.0,210.0,414.0,593.0,229.0,1327.0,4860,14.0,26.0,6.0,76.0,42.0,81.0,135.0,94.0,328.0,146.0,274.0,6.0,184.0,285.0,51.0,671.0,15.0,12.0,80.0,84.0,167.0,28.0,195.0,11.0,120.0,26.0,79.0,45.0,199.0,33.0,81.0,191.0,271.0,20.0,257.0,85.0,21.0,6.0,15.0,25.0,15.0,,326.0,777.0,0.3476190476190476,0.3526570048309179,0.5072463768115942,0.5384615384615384,0.5185185185185185,0.5451837140019861,0.4794520547945205,0.5416666666666666,0.5889186773905273,0.5,0.6150943396226415,0.5888778550148958,28.674225904928043,0.6030150753768844,0.0851063829787234,0.0127931769722814,0.0862998921251348,0.0139925373134328,0.0856844305120167,0.0134328358208955,0.0101626016260162,0.0258064516129032,0.015819209039548,0.0954063604240282,0.086080586080586,0.0804597701149425,0.1038961038961039,0.0222672064777327,0.6,0.2075471698113207,0.6794258373205742,0.7717391304347826,0.3450704225352112,0.1489572989076464,0.34,0.4180327868852459,0.3529411764705882,0.054617676266137,0.054617676266137,0.1917808219178082,0.6428571428571429,0.3333333333333333,0.1898148148148148,0.7317073170731707,0.0462962962962962,0.7964250248262165,0.5387953861584754,0.5250727272727272,0.5266738095238096,0.0883977900552486,0.1748971193415638,0.0572720422004521,0.2471740768651092,6.169323671497584,27.676053962900507,0.191317144959529,207.0,538.0,38.0,226.0,47.0,291.0,534.0,207.0,56.0,101.0,75.0,122.0,0.3811129848229342,0.3837011884550085,0.1352657004830917,0.1196172248803827,0.1866666666666666,0.0053475935828877,0.0632911392405063,0.5342601787487586,0.3847583643122677,0.3890977443609023,0.5205479452054794,0.3876404494382022,17.0,19.0,11.0,46.0,125.0,14.0,50.0,387.0,26.0,11.0,3.0,82.0,65.0,17.0,75.0,11.0,3.0,13.0,,,13.0,12.0,33.0,18.0,30.0,0.5707964601769911,0.2978723404255319,0.3703703703703703,0.0545454545454545,0.0329670329670329,0.0103092783505154,0.3090909090909091,0.3269230769230769,0.3529411764705882,0.3454545454545454,0.3518518518518518,0.9473684210526316,0.5362318840579711,0.2894736842105263,0.6363636363636364,0.5787037037037037,0.368,3.0,9.0,4.0,1.0,7.0,4.0,2.0,,0.0126582278481012,0.1232876712328767,0.3333333333333333,1.0,0.4,4.0,7.0,12.0,0.0118043844856661,0.0111524163568773,8.0,15.0,,1.0,11.0,0.0183333333333333,5.0,False,,1.0,2.0,4.0,2.0,0.0181818181818181
1630557,1610612764,Corey Kispert,Corey Kispert,1630557,WAS,87357.0,1456,-263.0,3058,3024,711.0,779.0,352,6082,81.0,118.0,9.0,12.0,18.0,30.0,41.0,95.0,3.0,53.0,12.0,122.0,216.0,297.0,68.0,648.0,3647,11.0,18.0,18.0,73.0,24.0,45.0,69.0,9.0,138.0,192.0,52.0,12.0,53.0,94.0,19.0,229.0,20.0,14.0,61.0,61.0,131.0,34.0,165.0,3.0,39.0,4.0,20.0,16.0,59.0,11.0,44.0,88.0,54.0,4.0,80.0,28.0,13.0,9.0,3.0,13.0,7.0,,137.0,708.0,0.7868852459016393,0.8275862068965517,0.5648148148148148,0.6111111111111112,0.5333333333333333,0.5653021442495126,0.5392156862745098,0.5657894736842105,0.5886654478976234,0.6016949152542372,0.5708333333333333,0.5789473684210527,17.47179635522129,0.6610169491525424,0.0839064649243466,0.0198300283286118,0.0849582172701949,0.0280504908835904,0.0844290657439446,0.0239605355884425,0.0157068062827225,0.0103092783505154,0.0302013422818791,0.1188118811881188,0.0608272506082725,0.0722222222222222,0.1235955056179775,0.0125,0.5384615384615384,0.2300194931773879,0.6864406779661016,0.7714285714285715,0.7654320987654321,0.1851851851851851,0.431578947368421,0.5061728395061729,0.8292682926829268,0.0058479532163742,0.1033138401559454,0.2352941176470588,0.75,0.3333333333333333,0.2631578947368421,0.6,0.1052631578947368,0.8089668615984406,0.537534381139489,0.5220520833333332,0.5365085585585584,0.0644567219152854,0.1161825726141078,0.1126543209876543,0.2129629629629629,4.755092592592593,26.54814814814815,0.2325049051667756,91.0,244.0,24.0,112.0,33.0,21.0,240.0,91.0,27.0,41.0,28.0,25.0,0.3771043771043771,0.3822525597269625,0.125,0.1101694915254237,0.1473684210526315,0.017094017094017,0.1052631578947368,0.4756335282651072,0.3729508196721312,0.3744855967078189,0.4705882352941176,0.3791666666666666,,21.0,7.0,24.0,57.0,11.0,27.0,315.0,13.0,9.0,9.0,24.0,13.0,11.0,23.0,4.0,2.0,3.0,,,3.0,4.0,4.0,4.0,1.0,0.9375,0.3333333333333333,0.391304347826087,,0.1168831168831168,0.0308370044052863,,,,0.3962264150943396,0.4117647058823529,0.9047619047619048,0.945054945054945,0.2916666666666667,0.7142857142857143,0.5,0.4210526315789473,4.0,9.0,3.0,,5.0,,,1.0,,0.1764705882352941,0.4444444444444444,0.5,0.25,4.0,3.0,7.0,0.0101010101010101,0.0040983606557377,1.0,2.0,,,7.0,0.0231788079470198,1.0,False,1.0,,,2.0,,0.0377358490566037
1630551,1610612764,Justin Champagnie,Justin Champagnie,1630551,WAS,59923.0,999,-235.0,2093,2112,423.0,454.0,243,4205,75.0,105.0,22.0,29.0,15.0,20.0,23.0,46.0,1.0,45.0,7.0,98.0,152.0,134.0,40.0,383.0,2527,25.0,38.0,6.0,71.0,22.0,31.0,24.0,15.0,77.0,114.0,82.0,44.0,27.0,45.0,8.0,108.0,25.0,49.0,90.0,77.0,185.0,75.0,260.0,5.0,22.0,7.0,18.0,5.0,40.0,4.0,38.0,78.0,43.0,3.0,59.0,23.0,27.0,14.0,12.0,30.0,16.0,,77.0,421.0,0.5816326530612245,0.75,0.6447368421052632,0.6578947368421053,0.7096774193548387,0.5996503496503497,0.7065217391304348,0.5636363636363636,0.6197411003236246,0.71,0.6209677419354839,0.4685314685314685,14.646464646464644,0.55,0.148076923076923,0.1049250535331905,0.1734104046242774,0.0461254612546125,0.1607314725697786,0.0733399405351833,0.0869565217391304,0.1428571428571428,0.0440528634361233,0.1071428571428571,0.1541353383458646,0.1954887218045112,0.1,0.0413223140495867,0.5333333333333333,0.3671328671328671,0.7142857142857143,0.7575757575757576,0.5333333333333333,0.1608391608391608,0.5,0.5897435897435898,0.7391304347826086,0.0034965034965034,0.1573426573426573,0.6304347826086957,0.7586206896551724,,0.3636363636363636,0.75,0.1272727272727272,0.8356643356643356,0.5754377192982456,0.5673999999999999,0.56995,0.0891089108910891,0.1377245508982036,0.185378590078329,0.2010443864229765,3.295394736842105,26.11940298507463,0.2021022455805064,33.0,89.0,5.0,49.0,8.0,,88.0,33.0,13.0,18.0,16.0,16.0,0.3656716417910448,0.3684210526315789,0.0855263157894736,0.0571428571428571,0.1521739130434782,0.0568181818181818,0.2093023255813953,0.3111888111888112,0.3707865168539326,0.375,0.108695652173913,0.375,,16.0,3.0,4.0,17.0,5.0,6.0,147.0,2.0,3.0,18.0,52.0,32.0,20.0,17.0,7.0,,3.0,,,8.0,,6.0,7.0,5.0,1.0,0.625,0.25,,0.3829787234042553,0.1125,,,,0.3555555555555555,0.3636363636363636,1.0,1.0,0.6,1.0,0.3090909090909091,0.2352941176470588,2.0,3.0,2.0,1.0,2.0,3.0,2.0,2.0,0.02,0.0652173913043478,0.6666666666666666,1.0,0.2857142857142857,1.0,2.0,2.0,0.0149253731343283,0.0112359550561797,4.0,2.0,2.0,,4.0,0.0294117647058823,2.0,False,1.0,,,2.0,1.0,0.0222222222222222
1641731,1610612764,Bilal Coulibaly,Bilal Coulibaly,1641731,WAS,111602.0,1860,-560.0,3928,3945,776.0,904.0,414,7873,136.0,191.0,18.0,33.0,29.0,43.0,44.0,137.0,49.0,52.0,10.0,193.0,377.0,213.0,130.0,693.0,4723,23.0,43.0,9.0,70.0,38.0,73.0,35.0,40.0,143.0,200.0,186.0,36.0,87.0,192.0,31.0,489.0,42.0,43.0,111.0,68.0,195.0,85.0,280.0,23.0,75.0,18.0,44.0,30.0,119.0,22.0,50.0,132.0,136.0,3.0,175.0,93.0,36.0,19.0,16.0,39.0,22.0,,143.0,773.0,0.5181347150259067,0.5714285714285714,0.5119363395225465,0.5348837209302325,0.5205479452054794,0.4771186440677966,0.4841269841269841,0.4768518518518518,0.5210843373493976,0.4929577464788732,0.5542635658914729,0.3610169491525424,17.763157894736842,0.6302521008403361,0.0722635494155154,0.0477777777777777,0.1238839285714285,0.0415430267062314,0.0974414806750136,0.0444793301936159,0.0518358531317494,0.032258064516129,0.0391923990498812,0.074074074074074,0.0517241379310344,0.1185410334346504,0.1386554621848739,0.0784982935153583,0.5641025641025641,0.323728813559322,0.7120418848167539,0.7727272727272727,0.5955882352941176,0.2322033898305084,0.3211678832116788,0.3893805309734513,0.3409090909090909,0.0830508474576271,0.0881355932203389,0.5238095238095238,0.5454545454545454,0.1111111111111111,0.3981481481481481,0.6744186046511628,0.0925925925925925,0.6847457627118644,0.5543348305084743,0.53905,0.5588180555555556,0.1415525114155251,0.2094594594594594,0.101010101010101,0.2063492063492063,6.143766578249337,25.84694835680752,0.1975560081466395,42.0,161.0,17.0,59.0,20.0,18.0,161.0,42.0,40.0,105.0,80.0,48.0,0.2769953051643192,0.2769953051643192,0.1061007957559681,0.0785340314136125,0.1751824817518248,0.0532544378698224,0.1409395973154362,0.2728813559322033,0.2608695652173913,0.2641509433962264,0.2698412698412698,0.2608695652173913,13.0,17.0,4.0,6.0,25.0,5.0,9.0,159.0,25.0,8.0,16.0,75.0,52.0,23.0,45.0,9.0,3.0,4.0,1.0,,26.0,1.0,7.0,18.0,7.0,0.8983050847457628,0.25,0.2571428571428571,0.0204081632653061,0.1684210526315789,0.0496453900709219,0.2653061224489796,0.2708333333333333,0.3076923076923077,0.3269230769230769,0.3269230769230769,0.9411764705882352,0.8809523809523809,0.2352941176470588,1.0,0.2314814814814814,0.24,1.0,3.0,3.0,,4.0,3.0,2.0,,,0.0476190476190476,0.3333333333333333,1.0,0.3,,2.0,4.0,0.0093896713615023,0.0124223602484472,3.0,8.0,,,,,5.0,False,1.0,,,,1.0,
1642267,1610612764,Bub Carrington,Bub Carrington,1642267,WAS,129381.0,2156,-687.0,4517,4520,888.0,998.0,498,9037,42.0,75.0,4.0,9.0,8.0,14.0,42.0,105.0,105.0,55.0,12.0,134.0,285.0,353.0,61.0,701.0,5487,8.0,20.0,1.0,41.0,26.0,48.0,68.0,24.0,166.0,136.0,132.0,2.0,181.0,316.0,59.0,767.0,20.0,10.0,164.0,94.0,267.0,31.0,298.0,4.0,76.0,16.0,47.0,23.0,123.0,25.0,101.0,168.0,99.0,10.0,73.0,26.0,16.0,10.0,6.0,17.0,9.0,,164.0,886.0,0.5074626865671642,0.5112781954887218,0.4701754385964912,0.4,0.5416666666666666,0.5015673981191222,0.4081632653061224,0.6120689655172413,0.5224550898203593,0.4183673469387755,0.64453125,0.5532915360501567,15.543328748280604,0.6178861788617886,0.0875232774674115,0.0094696969696969,0.1539906103286385,0.0173761946133796,0.1206171107994389,0.0135931128228364,0.0073529411764705,0.0114942528735632,0.0158562367864693,0.0875,0.0784982935153583,0.1520100502512562,0.1598513011152416,0.0112676056338028,0.5294117647058824,0.1175548589341692,0.56,0.6086956521739131,0.6904761904761905,0.164576802507837,0.4,0.4516129032258064,0.3333333333333333,0.164576802507837,0.0862068965517241,0.1836734693877551,0.4444444444444444,0.5,0.1206896551724138,0.5714285714285714,0.1034482758620689,0.670846394984326,0.5144451257861636,0.5122854838709678,0.506728879310345,0.0426179604261796,0.0858085808580858,0.0584878744650499,0.2368045649072753,10.545614035087723,26.25410764872521,0.1965906575160504,105.0,298.0,23.0,124.0,29.0,120.0,297.0,105.0,18.0,135.0,103.0,109.0,0.3512747875354107,0.3522727272727273,0.0631578947368421,0.08,0.1142857142857142,0.024390243902439,0.119047619047619,0.4670846394984326,0.3523489932885906,0.3535353535353535,0.4693877551020408,0.3535353535353535,50.0,19.0,7.0,23.0,56.0,8.0,30.0,252.0,32.0,13.0,9.0,52.0,29.0,23.0,53.0,15.0,2.0,6.0,2.0,1.0,8.0,3.0,11.0,12.0,10.0,0.6774193548387096,0.2758620689655172,0.4411764705882353,,0.0841121495327102,0.0118343195266272,0.4761904761904761,0.4761904761904761,0.5,0.3454545454545454,0.3454545454545454,1.0,0.6190476190476191,0.3043478260869565,0.8571428571428571,0.4827586206896552,0.4107142857142857,1.0,6.0,7.0,1.0,4.0,1.0,,,0.0103092783505154,0.1224489795918367,0.1666666666666666,1.0,0.5833333333333334,1.0,1.0,8.0,0.0028328611898017,0.0033557046979865,5.0,11.0,,3.0,2.0,0.0056497175141242,3.0,False,,,1.0,1.0,1.0,
1642273,1610612764,Kyshawn George,Kyshawn George,1642273,WAS,95193.0,1587,-354.0,3306,3302,628.0,810.0,377,6608,52.0,92.0,8.0,12.0,10.0,16.0,21.0,60.0,13.0,68.0,15.0,75.0,165.0,303.0,63.0,510.0,3937,8.0,18.0,,34.0,11.0,28.0,53.0,25.0,104.0,86.0,64.0,8.0,85.0,151.0,21.0,368.0,21.0,21.0,101.0,87.0,208.0,43.0,251.0,6.0,52.0,9.0,36.0,21.0,88.0,13.0,105.0,179.0,81.0,5.0,81.0,34.0,43.0,14.0,28.0,46.0,29.0,,104.0,623.0,0.5733333333333334,0.6056338028169014,0.4545454545454545,0.4444444444444444,0.3928571428571428,0.4775641025641026,0.4857142857142857,0.4876543209876543,0.5029644268774703,0.4722222222222222,0.5360824742268041,0.6474358974358975,15.902386698846875,0.5909090909090909,0.1091593475533249,0.0275590551181102,0.1288265306122449,0.0252100840336134,0.1189120809614168,0.0263322884012539,0.0201005025125628,0.032258064516129,0.0218340611353711,0.0815450643776824,0.1292517006802721,0.1351819757365684,0.1111111111111111,0.0231660231660231,0.6304347826086957,0.1965811965811965,0.5652173913043478,0.6419753086419753,0.6538461538461539,0.1282051282051282,0.35,0.4565217391304347,0.4285714285714285,0.0277777777777777,0.1452991452991453,0.3428571428571428,0.6666666666666666,0.375,0.1975308641975308,0.625,0.1851851851851851,0.844017094017094,0.5429796774193548,0.5231380952380953,0.5396352564102563,0.0684104627766599,0.1752577319587628,0.0666666666666666,0.2039215686274509,5.36060606060606,26.35346534653465,0.1899576527525711,75.0,235.0,14.0,99.0,17.0,24.0,233.0,75.0,26.0,66.0,56.0,58.0,0.3267326732673267,0.3289036544850498,0.1575757575757575,0.1195652173913043,0.2333333333333333,0.0410958904109589,0.089430894308943,0.5021367521367521,0.3191489361702128,0.3246753246753247,0.4,0.3218884120171674,2.0,24.0,6.0,11.0,38.0,6.0,19.0,273.0,10.0,6.0,20.0,59.0,36.0,23.0,31.0,8.0,,9.0,1.0,,5.0,1.0,9.0,16.0,8.0,0.9191919191919192,0.3529411764705882,0.3584905660377358,0.0769230769230769,0.2531645569620253,0.0375,0.1538461538461538,0.1666666666666666,,0.3529411764705882,0.3529411764705882,1.0,0.8933333333333333,0.4285714285714285,0.5,0.4691358024691358,0.2894736842105263,,3.0,8.0,1.0,2.0,3.0,3.0,,0.0178571428571428,0.0857142857142857,,,0.5333333333333333,2.0,4.0,7.0,0.0132013201320132,0.0170212765957446,10.0,7.0,,4.0,,,3.0,False,1.0,,,,,
1642259,1610612764,Alex Sarr,Alex Sarr,1642259,WAS,97084.0,1618,-533.0,3440,3458,548.0,590.0,356,6898,115.0,180.0,27.0,51.0,24.0,30.0,67.0,211.0,35.0,52.0,5.0,194.0,426.0,300.0,103.0,776.0,4143,37.0,76.0,26.0,133.0,34.0,60.0,39.0,35.0,133.0,276.0,112.0,48.0,82.0,137.0,22.0,329.0,43.0,69.0,102.0,154.0,268.0,113.0,381.0,15.0,67.0,5.0,34.0,34.0,101.0,16.0,84.0,134.0,112.0,1.0,154.0,72.0,92.0,47.0,45.0,92.0,61.0,,133.0,546.0,0.711340206185567,0.8117647058823529,0.4553990610328638,0.4868421052631579,0.5666666666666667,0.4634986225895317,0.481981981981982,0.494949494949495,0.4868255959849435,0.540650406504065,0.5450819672131147,0.4132231404958678,23.29442282749676,0.6633663366336634,0.1871202916160388,0.0877862595419847,0.1259259259259259,0.0454545454545454,0.1567666870789957,0.0646651270207852,0.0737100737100737,0.0512820512820512,0.045045045045045,0.1642857142857142,0.2056737588652482,0.117252931323283,0.1502347417840375,0.037593984962406,0.6630434782608695,0.2479338842975206,0.6388888888888888,0.71875,0.7217391304347827,0.290633608815427,0.3175355450236967,0.3366834170854271,0.6716417910447762,0.0482093663911845,0.071625344352617,0.4594594594594595,0.5294117647058824,0.1851851851851851,0.303030303030303,0.8,0.0505050505050505,0.6611570247933884,0.5306353305785124,0.5383215189873418,0.5356232323232323,0.0913705583756345,0.1475409836065573,0.1713917525773196,0.1713917525773196,5.986619718309859,25.82766666666665,0.1593023255813953,76.0,248.0,30.0,95.0,35.0,15.0,248.0,76.0,33.0,55.0,47.0,52.0,0.3166666666666666,0.3166666666666666,0.0774647887323943,0.1111111111111111,0.0568720379146919,0.0473372781065088,0.175,0.3415977961432507,0.3064516129032258,0.3076923076923077,0.2702702702702703,0.3064516129032258,12.0,19.0,11.0,10.0,34.0,11.0,10.0,270.0,8.0,8.0,12.0,41.0,33.0,8.0,33.0,12.0,3.0,10.0,,,10.0,,9.0,5.0,9.0,0.9473684210526316,0.3142857142857143,0.2564102564102564,0.0285714285714285,0.1428571428571428,0.1259541984732824,0.3428571428571428,0.3529411764705882,0.8333333333333334,0.3653846153846153,0.3725490196078431,1.0,0.9342105263157896,0.3666666666666666,0.8181818181818182,0.3434343434343434,0.2941176470588235,,5.0,,1.0,5.0,,,7.0,0.0129870129870129,0.045045045045045,,,,,2.0,4.0,0.0066666666666666,0.0040322580645161,9.0,7.0,,3.0,,,3.0,False,,,1.0,,,0.0192307692307692
1642358,1610612764,AJ Johnson,AJ Johnson,1642358,WAS,25106.0,418,-68.0,867,863,166.0,171.0,96,1730,29.0,47.0,,2.0,3.0,6.0,10.0,27.0,1.0,7.0,2.0,39.0,75.0,58.0,25.0,151.0,1016,,3.0,1.0,4.0,5.0,12.0,18.0,7.0,29.0,46.0,32.0,,29.0,53.0,7.0,130.0,4.0,3.0,18.0,18.0,36.0,7.0,43.0,1.0,16.0,2.0,9.0,3.0,25.0,2.0,23.0,30.0,21.0,,29.0,15.0,3.0,3.0,,3.0,1.0,,29.0,166.0,0.5897435897435898,0.5897435897435898,0.52,,0.4166666666666667,0.4736842105263157,0.1666666666666666,0.3666666666666666,0.5171232876712328,0.2,0.4393939393939394,0.4360902255639097,17.46680286006129,0.64,0.09,0.0148514851485148,0.0818181818181818,0.0180995475113122,0.0857142857142857,0.0165484633569739,0.0224719101123595,,0.0056497175141242,0.0952380952380952,0.1142857142857142,0.0783132530120482,0.0925925925925925,0.0144927536231884,0.3333333333333333,0.3533834586466165,0.6170212765957447,0.6444444444444445,0.6551724137931034,0.2030075187969924,0.3703703703703703,0.4166666666666667,0.4,0.0075187969924812,0.0526315789473684,0.2222222222222222,,,0.2,0.5,0.0666666666666666,0.7894736842105263,0.5490223076923078,0.5529833333333333,0.5202814814814816,0.1034482758620689,0.1724137931034483,0.0264900662251655,0.1920529801324503,3.885333333333332,27.52068965517242,0.1914648212226067,14.0,51.0,5.0,16.0,6.0,18.0,49.0,14.0,5.0,24.0,21.0,20.0,0.2758620689655172,0.2857142857142857,0.0666666666666666,0.0425531914893617,0.1111111111111111,0.0681818181818181,,0.3834586466165413,0.2745098039215686,0.2857142857142857,0.5555555555555556,0.2857142857142857,,2.0,1.0,4.0,16.0,1.0,4.0,30.0,3.0,2.0,,9.0,8.0,1.0,13.0,2.0,,2.0,,,3.0,,1.0,1.0,1.0,0.625,0.1666666666666666,0.2222222222222222,,,0.0116279069767441,,,,0.2857142857142857,0.2857142857142857,1.0,0.5714285714285714,0.2,1.0,0.5333333333333333,0.25,,1.0,,,,,,,,0.1111111111111111,,,,2.0,2.0,3.0,0.0344827586206896,0.0392156862745098,,1.0,,,,,,False,,,1.0,,,
1629667,1610612764,Jalen McDaniels,Jalen McDaniels,1629667,WAS,439.0,7,-1.0,14,18,14.0,17.0,1,32,,,,,,,,,,,,,,,,,14,,,,,,,,,,,,,,1.0,,3.0,,,,,,,,,,,,,,,,,,,,,,,,,,,,14.0,,,,,,,,,,,,,,,,,,,,,,,,,,,,,,,,,,,,,,,,,,,,,,,,,,,,,,,,1.0,,,,,,,,,,1.0,,,,,,,,,,,,,,,,,,,,,,,1.0,,,1.0,,1.0,,,,,,,,,,,,,,,,,,,,,,,,,,,,,,,,,,,,,,,,,,,,,,,,,,,,,,False,,,,,,
203935,1610612764,Marcus Smart,Marcus Smart,203935,WAS,16807.0,280,-45.0,584,587,162.0,188.0,69,1171,8.0,12.0,1.0,2.0,3.0,3.0,17.0,40.0,6.0,14.0,3.0,28.0,58.0,51.0,24.0,140.0,662,2.0,4.0,1.0,8.0,5.0,12.0,15.0,15.0,46.0,20.0,36.0,2.0,22.0,38.0,6.0,92.0,4.0,,11.0,14.0,25.0,4.0,29.0,,12.0,3.0,7.0,4.0,19.0,6.0,10.0,22.0,35.0,5.0,35.0,10.0,3.0,3.0,,3.0,1.0,,45.0,161.0,0.3571428571428571,0.3703703703703703,0.4827586206896552,0.5,0.4166666666666667,0.5321100917431193,0.5,0.5740740740740741,0.56,0.5,0.6216216216216216,0.4678899082568807,21.851289833080425,0.631578947368421,0.0939597315436241,,0.0814814814814814,0.0277777777777777,0.0880281690140845,0.0140845070422535,,,0.0363636363636363,0.1063829787234042,0.0941176470588235,0.0792079207920792,0.088235294117647,,0.3333333333333333,0.110091743119266,0.6666666666666666,0.8,0.625,0.3669724770642202,0.425,0.425,0.2941176470588235,0.055045871559633,0.128440366972477,0.2857142857142857,0.5,1.0,0.1111111111111111,1.0,0.1111111111111111,0.5779816513761468,0.4996601851851852,0.5783699999999999,0.495723076923077,0.0862068965517241,0.1538461538461538,0.0571428571428571,0.3285714285714285,7.660344827586206,26.62941176470588,0.2773972602739726,12.0,37.0,3.0,20.0,3.0,9.0,36.0,12.0,2.0,16.0,9.0,14.0,0.392156862745098,0.4,0.0344827586206896,0.1666666666666666,,,0.0588235294117647,0.3394495412844037,0.3243243243243243,0.3243243243243243,0.4285714285714285,0.3333333333333333,3.0,8.0,1.0,4.0,12.0,1.0,7.0,51.0,7.0,2.0,,16.0,11.0,5.0,8.0,2.0,,3.0,2.0,,3.0,,9.0,2.0,8.0,0.85,0.3333333333333333,0.4666666666666667,,,,0.5,0.5,,0.5714285714285714,0.5714285714285714,1.0,0.75,0.3333333333333333,1.0,0.4444444444444444,0.3333333333333333,,,3.0,,2.0,,,,,,,,1.0,1.0,,,,,2.0,,,,,,,False,,,,,,
1630264,1610612764,Anthony Gill,Anthony Gill,1630264,WAS,14201.0,237,-35.0,476,486,106.0,140.0,52,962,13.0,21.0,3.0,7.0,2.0,2.0,9.0,12.0,1.0,7.0,2.0,22.0,34.0,19.0,14.0,76.0,546,3.0,7.0,2.0,11.0,2.0,2.0,5.0,6.0,19.0,24.0,20.0,4.0,5.0,8.0,1.0,19.0,3.0,6.0,14.0,9.0,23.0,9.0,32.0,1.0,3.0,1.0,3.0,1.0,6.0,,15.0,19.0,18.0,1.0,25.0,12.0,1.0,1.0,,1.0,1.0,,19.0,106.0,0.5454545454545454,0.6,0.6470588235294118,0.4285714285714285,1.0,0.5849056603773585,0.5,0.9285714285714286,0.6031746031746031,0.55,0.95,0.3584905660377358,12.921348314606742,0.5,0.0833333333333333,0.0594059405940594,0.1029411764705882,0.02803738317757,0.0942622950819672,0.0432692307692307,0.04,0.0555555555555555,0.0229885057471264,0.1071428571428571,0.0508474576271186,0.1188118811881188,0.0571428571428571,0.0434782608695652,1.0,0.3962264150943396,0.6190476190476191,0.6842105263157895,0.6153846153846154,0.2264150943396226,0.75,0.75,0.4444444444444444,0.0188679245283018,0.1320754716981132,0.7777777777777778,0.4285714285714285,,0.2857142857142857,1.0,0.2857142857142857,0.7547169811320755,0.5343443396226414,0.5695285714285714,0.5572714285714285,0.1935483870967742,0.2790697674418604,0.1447368421052631,0.25,4.076470588235294,25.03684210526316,0.2226890756302521,4.0,12.0,2.0,6.0,2.0,,12.0,4.0,2.0,3.0,3.0,4.0,0.3157894736842105,0.3157894736842105,0.0588235294117647,0.0952380952380952,,0.05,0.1428571428571428,0.2264150943396226,0.3333333333333333,0.3333333333333333,0.2222222222222222,0.3333333333333333,,2.0,1.0,2.0,3.0,1.0,3.0,18.0,,,,4.0,4.0,,2.0,,,1.0,,,3.0,,1.0,,1.0,1.0,0.5,0.6,,,0.0909090909090909,,,,0.2857142857142857,0.2857142857142857,1.0,1.0,0.5,1.0,0.4285714285714285,0.6666666666666666,,,1.0,,2.0,,,1.0,,,,,0.5,,,,,,2.0,1.0,,,,,,False,,,,,,
1641732,1610612764,Colby Jones,Colby Jones,1641732,WAS,13274.0,221,-59.0,447,440,103.0,83.0,44,887,9.0,13.0,4.0,4.0,3.0,3.0,11.0,15.0,4.0,6.0,1.0,21.0,32.0,25.0,15.0,84.0,549,4.0,5.0,,11.0,7.0,9.0,4.0,9.0,32.0,20.0,22.0,6.0,15.0,19.0,2.0,42.0,4.0,2.0,11.0,13.0,25.0,7.0,32.0,1.0,6.0,1.0,2.0,1.0,8.0,2.0,7.0,15.0,19.0,1.0,23.0,8.0,4.0,2.0,2.0,4.0,2.0,,32.0,103.0,0.4761904761904761,0.5555555555555556,0.65625,0.8,0.7777777777777778,0.6052631578947368,0.9166666666666666,0.8846153846153846,0.6268656716417911,0.9166666666666666,0.8421052631578947,0.4385964912280701,14.910536779324056,0.75,0.125,0.017094017094017,0.1157894736842105,0.0416666666666666,0.1206030150753768,0.028169014084507,0.0153846153846153,,0.050632911392405,0.0909090909090909,0.1034482758620689,0.1492537313432835,0.0357142857142857,0.0434782608695652,0.5,0.2280701754385964,0.6923076923076923,0.75,0.3333333333333333,0.2631578947368421,0.7333333333333333,0.7857142857142857,0.5454545454545454,0.0701754385964912,0.1052631578947368,0.6666666666666666,1.0,0.25,0.2307692307692307,1.0,0.0769230769230769,0.6666666666666666,0.513588596491228,0.596325,0.4622923076923077,0.1428571428571428,0.2105263157894736,0.1309523809523809,0.3809523809523809,6.665625,25.616,0.2304250559284116,7.0,19.0,1.0,9.0,1.0,,19.0,7.0,2.0,4.0,4.0,13.0,0.36,0.36,0.0625,0.0769230769230769,0.0666666666666666,,0.3076923076923077,0.3333333333333333,0.3684210526315789,0.3684210526315789,0.1666666666666666,0.3684210526315789,1.0,2.0,1.0,3.0,3.0,1.0,3.0,27.0,,,1.0,13.0,9.0,4.0,5.0,,,1.0,1.0,,2.0,,4.0,,4.0,1.0,1.0,0.75,,0.0909090909090909,0.0263157894736842,0.25,0.25,1.0,0.3333333333333333,0.3333333333333333,1.0,1.0,1.0,1.0,0.2307692307692307,1.0,,,,1.0,1.0,,,,0.0625,,,,,,,,,,,,,,1.0,0.04,,False,,,,1.0,,
1641798,1610612764,Jaylen Martin,Jaylen Martin,1641798,WAS,12259.0,204,-107.0,416,415,82.0,91.0,46,831,17.0,25.0,3.0,5.0,2.0,4.0,4.0,17.0,2.0,5.0,1.0,21.0,44.0,19.0,7.0,67.0,507,4.0,8.0,,11.0,2.0,9.0,2.0,,4.0,30.0,12.0,6.0,8.0,14.0,5.0,34.0,3.0,6.0,18.0,10.0,31.0,9.0,40.0,1.0,7.0,2.0,3.0,1.0,10.0,1.0,6.0,10.0,5.0,,7.0,3.0,,,,,,,4.0,82.0,0.7142857142857143,0.8333333333333334,0.4772727272727273,0.5,0.2222222222222222,0.4761904761904761,0.4583333333333333,0.1818181818181818,0.5153846153846153,0.4583333333333333,0.1818181818181818,0.3015873015873015,15.789473684210526,0.7,0.119047619047619,0.0495867768595041,0.1764705882352941,0.0303030303030303,0.1505376344086021,0.0409090909090909,0.0588235294117647,,0.0352941176470588,0.0625,0.1219512195121951,0.1506849315068493,0.2413793103448276,0.0344827586206896,,0.3968253968253968,0.68,0.7391304347826086,0.7058823529411765,0.2698412698412698,0.2352941176470588,0.2666666666666666,0.75,0.0317460317460317,0.0793650793650793,0.4166666666666667,0.6,,0.3636363636363636,0.5,0.0909090909090909,0.6984126984126984,0.5264634920634921,0.54198,0.4768090909090908,0.0461538461538461,0.0652173913043478,0.1641791044776119,0.0597014925373134,5.265909090909092,25.3,0.1971153846153846,6.0,14.0,3.0,6.0,4.0,,14.0,6.0,4.0,6.0,4.0,3.0,0.3157894736842105,0.3157894736842105,0.0909090909090909,0.08,0.1176470588235294,,0.2727272727272727,0.2222222222222222,0.4285714285714285,0.4285714285714285,0.25,0.4285714285714285,,,1.0,,1.0,1.0,,18.0,2.0,,3.0,5.0,4.0,1.0,6.0,,,,,,1.0,,,,,1.0,0.25,,,0.3,0.05,,,,,,,1.0,0.3333333333333333,1.0,0.0909090909090909,,,1.0,,,,,,,,0.0833333333333333,,,,,,,,,1.0,1.0,,,,,,False,,,,,,
203114,1610612764,Khris Middleton,Khris Middleton,203114,WAS,18553.0,309,-19.0,670,665,147.0,159.0,70,1335,7.0,9.0,1.0,1.0,4.0,4.0,19.0,44.0,26.0,8.0,1.0,39.0,79.0,47.0,33.0,150.0,767,6.0,9.0,3.0,21.0,7.0,14.0,12.0,4.0,21.0,34.0,44.0,6.0,26.0,48.0,3.0,118.0,3.0,5.0,20.0,21.0,44.0,8.0,52.0,1.0,11.0,3.0,8.0,4.0,19.0,4.0,9.0,23.0,32.0,,38.0,17.0,3.0,1.0,2.0,3.0,3.0,,21.0,145.0,0.4358974358974359,0.4722222222222222,0.4936708860759494,0.6666666666666666,0.5,0.4642857142857143,0.6923076923076923,0.3269230769230769,0.528169014084507,0.75,0.375,0.373015873015873,21.552878179384205,0.5789473684210527,0.125,0.0342465753424657,0.1298701298701298,0.0182926829268292,0.1273291925465838,0.0258064516129032,0.0428571428571428,0.0357142857142857,0.0155038759689922,0.1186440677966101,0.1208791208791208,0.1271186440677966,0.1388888888888889,0.0151515151515151,1.0,0.0714285714285714,0.7777777777777778,0.7777777777777778,0.8571428571428571,0.3492063492063492,0.4318181818181818,0.4634146341463415,0.3157894736842105,0.2063492063492063,0.0634920634920634,0.0769230769230769,1.0,,0.1538461538461538,1.0,0.0384615384615384,0.4444444444444444,0.4883044,0.4570785714285713,0.47302,0.1366906474820144,0.1847826086956521,0.14,0.14,10.954430379746832,26.73829787234042,0.2194029850746268,11.0,39.0,4.0,13.0,4.0,,38.0,11.0,4.0,22.0,14.0,22.0,0.2765957446808511,0.2826086956521739,0.050632911392405,,0.0681818181818181,0.0285714285714285,0.1666666666666666,0.3095238095238095,0.282051282051282,0.2894736842105263,0.3076923076923077,0.2894736842105263,13.0,2.0,2.0,1.0,11.0,2.0,1.0,39.0,8.0,1.0,3.0,18.0,14.0,4.0,7.0,2.0,,1.0,4.0,,4.0,,3.0,2.0,2.0,1.0,0.5,0.0833333333333333,0.0384615384615384,0.1363636363636363,0.0208333333333333,0.5,0.52,0.3846153846153846,0.25,0.2857142857142857,1.0,1.0,0.5,1.0,0.4230769230769231,0.0909090909090909,,,,,,,,,,,,,,1.0,2.0,1.0,0.0425531914893617,0.0256410256410256,,1.0,,,2.0,0.0425531914893617,,False,,,,2.0,,0.125
1641774,1610612764,Tristan Vukcevic,Tristan Vukcevic,1641774,WAS,24207.0,403,-86.0,841,839,261.0,230.0,82,1680,37.0,50.0,6.0,9.0,14.0,21.0,20.0,50.0,12.0,10.0,3.0,64.0,112.0,82.0,35.0,250.0,979,9.0,12.0,3.0,27.0,22.0,33.0,24.0,10.0,84.0,106.0,22.0,12.0,20.0,31.0,6.0,73.0,8.0,9.0,35.0,45.0,88.0,18.0,106.0,5.0,19.0,4.0,13.0,13.0,32.0,7.0,26.0,43.0,43.0,1.0,47.0,26.0,18.0,8.0,10.0,19.0,9.0,,84.0,261.0,0.828125,0.913793103448276,0.5714285714285714,0.75,0.6666666666666666,0.5541237113402062,0.7058823529411765,0.6491228070175439,0.5868544600938967,0.7105263157894737,0.6666666666666666,0.422680412371134,26.147278548559235,0.59375,0.2195121951219512,0.0483870967741935,0.1627906976744186,0.0382775119617224,0.1904761904761904,0.0430379746835443,0.0392156862745098,,0.0357142857142857,0.1836734693877551,0.2403100775193798,0.1592356687898089,0.1724137931034483,0.0543478260869565,0.4736842105263157,0.2577319587628865,0.74,0.7708333333333334,0.8108108108108109,0.2577319587628865,0.4,0.4347826086956521,0.9,0.0618556701030927,0.0515463917525773,0.5294117647058824,0.6666666666666666,,0.3684210526315789,0.6666666666666666,0.0526315789473684,0.6804123711340206,0.5175114583333331,0.5652727272727274,0.5262445454545455,0.1273584905660377,0.2,0.108,0.336,6.430357142857145,26.801219512195114,0.3103448275862069,26.0,72.0,3.0,29.0,5.0,,70.0,26.0,6.0,11.0,10.0,11.0,0.3536585365853658,0.3625,0.0535714285714285,0.04,0.08,0.048780487804878,0.1851851851851851,0.3711340206185567,0.3611111111111111,0.3611111111111111,0.1764705882352941,0.3714285714285714,7.0,3.0,1.0,10.0,21.0,2.0,10.0,87.0,1.0,3.0,8.0,11.0,5.0,6.0,6.0,3.0,,5.0,4.0,1.0,8.0,,1.0,3.0,1.0,1.0,0.4,0.4166666666666667,,0.3636363636363636,0.0735294117647058,0.5833333333333334,0.5833333333333334,0.7142857142857143,0.3,0.3,1.0,1.0,0.3333333333333333,1.0,0.3684210526315789,0.4761904761904761,1.0,2.0,,1.0,8.0,1.0,1.0,1.0,0.0333333333333333,0.1176470588235294,0.5,1.0,,2.0,,3.0,,,3.0,1.0,,2.0,1.0,0.0121951219512195,,False,,,,1.0,,
202685,1610612764,Jonas Valančiūnas,Jonas Valančiūnas,202685,WAS,51602.0,860,-274.0,1799,1782,331.0,485.0,218,3581,97.0,142.0,46.0,78.0,16.0,21.0,72.0,148.0,53.0,1.0,1.0,194.0,343.0,27.0,81.0,490.0,2201,59.0,103.0,18.0,136.0,26.0,46.0,4.0,32.0,87.0,220.0,168.0,78.0,61.0,96.0,19.0,227.0,31.0,76.0,101.0,132.0,247.0,108.0,355.0,20.0,37.0,7.0,38.0,11.0,75.0,15.0,43.0,86.0,95.0,1.0,88.0,42.0,23.0,10.0,13.0,23.0,13.0,1.0,87.0,331.0,0.5670103092783505,0.7096774193548387,0.565597667638484,0.5728155339805825,0.5652173913043478,0.5527027027027027,0.5619047619047619,0.55,0.5990220048899756,0.5964912280701754,0.6590909090909091,0.0729729729729729,23.575255723331708,0.4933333333333333,0.34375,0.1610169491525423,0.2348837209302325,0.0798969072164948,0.2862407862407862,0.1244186046511627,0.1506276150627615,0.1075268817204301,0.0792682926829268,0.2886597938144329,0.3636363636363636,0.2626582278481013,0.1578947368421052,0.1360544217687075,0.5652173913043478,0.3837837837837838,0.6830985915492958,0.7293233082706767,0.4329896907216495,0.4,0.4864864864864865,0.5294117647058824,0.6666666666666666,0.1432432432432432,0.0027027027027027,0.7428571428571429,0.5897435897435898,0.108695652173913,0.42,0.7619047619047619,0.02,0.4567567567567567,0.505484054054054,0.5523930232558139,0.512832,0.1044776119402985,0.112,0.2775510204081632,0.1775510204081632,6.7151603498542265,25.92592592592593,0.1839911061700945,7.0,26.0,2.0,7.0,2.0,,26.0,7.0,21.0,35.0,32.0,38.0,0.2592592592592592,0.2592592592592592,0.0612244897959183,0.0633802816901408,0.081081081081081,0.0833333333333333,0.358974358974359,0.0702702702702702,0.2692307692307692,0.2692307692307692,0.019047619047619,0.2692307692307692,25.0,,,1.0,3.0,,1.0,21.0,3.0,4.0,14.0,21.0,17.0,4.0,26.0,7.0,1.0,18.0,,,10.0,,7.0,6.0,6.0,1.0,,0.25,,0.3414634146341463,0.2142857142857142,0.4716981132075472,0.4716981132075472,0.8,,,,1.0,,,0.06,0.3333333333333333,,,,1.0,9.0,,,1.0,0.0384615384615384,,,,,,,1.0,,,19.0,8.0,1.0,1.0,,,,False,,,,,,
1628963,1610612764,Marvin Bagley III,Marvin Bagley III,1628963,WAS,4262.0,71,-36.0,149,151,29.0,10.0,18,300,9.0,14.0,5.0,9.0,,,1.0,7.0,1.0,1.0,,11.0,22.0,3.0,7.0,32.0,178,6.0,11.0,,12.0,2.0,3.0,,2.0,6.0,12.0,10.0,8.0,1.0,2.0,,5.0,7.0,6.0,8.0,9.0,17.0,13.0,30.0,2.0,3.0,2.0,3.0,,6.0,1.0,2.0,3.0,7.0,,8.0,3.0,,,,,,,6.0,29.0,0.5454545454545454,0.8571428571428571,0.5,0.5454545454545454,0.6666666666666666,0.5,0.5454545454545454,0.6666666666666666,0.5517241379310345,0.5454545454545454,0.75,0.12,20.114942528735632,0.5,0.2727272727272727,0.1428571428571428,0.1818181818181818,0.1707317073170731,0.2207792207792207,0.1566265060240964,0.0416666666666666,,0.2,0.375,0.3157894736842105,0.1794871794871795,0.2,0.1818181818181818,,0.56,0.6428571428571429,0.6923076923076923,0.4444444444444444,0.28,0.1428571428571428,0.1666666666666666,1.0,0.04,0.04,0.8181818181818182,0.5555555555555556,,,,,0.68,0.565636,0.58065,0.4624,0.1071428571428571,0.12,0.375,0.1875,4.081818181818182,25.5,0.1946308724832214,1.0,2.0,,1.0,,,2.0,1.0,2.0,1.0,1.0,1.0,0.3333333333333333,0.3333333333333333,0.0909090909090909,0.0714285714285714,0.1428571428571428,0.0909090909090909,,0.08,0.5,0.5,,0.5,1.0,,,,,,,3.0,,,,3.0,3.0,,3.0,2.0,,,,,,,1.0,,1.0,1.0,,,,,0.4545454545454545,1.0,1.0,1.0,,,,1.0,,,,,,,,,,,,,,,,,,,,,,,,1.0,,,,,,False,,,,,,
1631098,1610612764,Johnny Davis,Johnny Davis,1631098,WAS,5389.0,90,-41.0,194,205,48.0,84.0,19,399,6.0,11.0,1.0,2.0,1.0,2.0,2.0,4.0,,3.0,3.0,8.0,15.0,7.0,,22.0,232,1.0,2.0,,2.0,1.0,4.0,3.0,,2.0,10.0,6.0,2.0,2.0,5.0,1.0,13.0,4.0,2.0,8.0,7.0,15.0,6.0,21.0,1.0,1.0,,2.0,,3.0,2.0,4.0,9.0,6.0,2.0,2.0,1.0,3.0,1.0,1.0,3.0,2.0,,2.0,48.0,0.625,0.7142857142857143,0.5333333333333333,0.5,0.25,0.5,0.5,0.1428571428571428,0.4782608695652174,0.5,0.1428571428571428,0.3181818181818182,12.149532710280374,0.3333333333333333,0.1590909090909091,0.0526315789473684,0.125,0.0784313725490196,0.1388888888888889,0.0674157303370786,0.0952380952380952,,0.048780487804878,0.1428571428571428,0.1851851851851851,0.1568627450980392,,0.0909090909090909,0.6666666666666666,0.5,0.5454545454545454,0.6,0.6666666666666666,0.1818181818181818,0.5,0.5,0.5,,0.1363636363636363,1.0,0.5,,0.2857142857142857,0.5,0.4285714285714285,0.8181818181818182,0.5611522727272727,0.6602,0.5222857142857142,0.0434782608695652,0.0625,0.0909090909090909,0.0909090909090909,3.96,25.357142857142858,0.2474226804123711,2.0,4.0,,2.0,,,4.0,2.0,1.0,3.0,2.0,,0.2857142857142857,0.2857142857142857,0.0666666666666666,0.0909090909090909,,0.2,,0.1818181818181818,0.5,0.5,,0.5,,,,,,,,6.0,1.0,1.0,,7.0,4.0,3.0,1.0,1.0,,,,,,,,,,1.0,,,,,,,,,,,,1.0,,,,,,,,,1.0,,,,,,,,,,,2.0,,,,,,,,,,False,1.0,,,,,
1630550,1610612764,JT Thor,JT Thor,1630550,WAS,7860.0,131,-21.0,268,266,53.0,65.0,26,534,7.0,10.0,2.0,5.0,1.0,2.0,2.0,8.0,1.0,6.0,2.0,10.0,19.0,11.0,4.0,30.0,312,2.0,6.0,1.0,5.0,2.0,3.0,4.0,,7.0,12.0,8.0,4.0,1.0,5.0,1.0,14.0,10.0,2.0,10.0,5.0,16.0,12.0,28.0,1.0,2.0,,,,2.0,1.0,7.0,9.0,6.0,,8.0,4.0,3.0,1.0,2.0,3.0,3.0,,7.0,53.0,0.6,0.75,0.5263157894736842,0.3333333333333333,0.6666666666666666,0.4333333333333333,0.2857142857142857,0.5,0.4411764705882353,0.3125,0.5,0.3666666666666666,12.0,1.0,0.0769230769230769,0.0327868852459016,0.1470588235294117,0.1470588235294117,0.112781954887218,0.0930232558139534,0.027027027027027,,0.1272727272727272,0.1052631578947368,0.0571428571428571,0.0851063829787234,0.2857142857142857,0.0625,1.0,0.3333333333333333,0.7,0.7,0.7142857142857143,0.2666666666666666,0.25,0.3333333333333333,0.5,0.0333333333333333,0.2,0.7142857142857143,0.4,,0.2857142857142857,0.5,0.2857142857142857,0.7,0.5421733333333332,0.50575,0.6190714285714286,0.1176470588235294,0.1739130434782608,0.1666666666666666,0.2333333333333333,5.063157894736841,24.42727272727273,0.1977611940298507,2.0,5.0,1.0,2.0,1.0,,5.0,2.0,2.0,4.0,4.0,,0.1818181818181818,0.1818181818181818,0.1052631578947368,,0.25,0.2307692307692307,0.0909090909090909,0.1666666666666666,0.4,0.4,0.1428571428571428,0.4,1.0,,,1.0,2.0,,1.0,6.0,,,1.0,5.0,3.0,2.0,2.0,1.0,,,,,,,,2.0,,1.0,,0.25,,0.1111111111111111,0.0526315789473684,1.0,1.0,,,,,1.0,,,0.2857142857142857,0.5,,,,,,,,1.0,,,,,,,,,,,,,,,,,,False,,,,,,
1631116,1610612764,Patrick Baldwin Jr.,Patrick Baldwin Jr.,1631116,WAS,1138.0,19,12.0,40,42,10.0,21.0,6,82,,2.0,,1.0,,,,,,,,,2.0,2.0,1.0,4.0,38,,1.0,,,,,2.0,,3.0,,,,1.0,1.0,1.0,2.0,,1.0,3.0,1.0,4.0,1.0,5.0,1.0,2.0,,,1.0,2.0,1.0,,,1.0,,2.0,1.0,,,,,,,3.0,10.0,,,,,,0.375,,0.75,0.4,,0.75,0.5,14.893617021276595,1.0,0.125,0.1111111111111111,0.1875,,0.1666666666666666,0.0555555555555555,,,,0.3333333333333333,,0.1538461538461538,0.3333333333333333,0.3333333333333333,,0.5,,,,,,,,,,1.0,,,,,,1.0,0.5368375000000001,0.5423,0.502425,0.2,0.3333333333333333,,0.75,1.1,25.55,0.25,1.0,2.0,,1.0,,,2.0,1.0,,,,,0.5,0.5,,,,,,0.5,0.5,0.5,,0.5,,,,1.0,2.0,,1.0,3.0,,,,1.0,1.0,,1.0,,,,,,,,,,,1.0,,0.5,,,0.25,,,,,,,1.0,,,1.0,0.5,,,,,,,,,,,,,,,,,,,,,,,,,,False,,,,,,
1626162,1610612755,Kelly Oubre Jr.,Kelly Oubre Jr.,1626162,PHI,5808.0,97,-44.0,200,201,27.0,32.0,24,401,13.0,16.0,2.0,2.0,1.0,1.0,2.0,12.0,,4.0,1.0,15.0,28.0,11.0,9.0,45.0,244,2.0,3.0,,7.0,2.0,3.0,2.0,3.0,7.0,22.0,8.0,4.0,2.0,5.0,1.0,13.0,,3.0,10.0,,11.0,3.0,14.0,1.0,1.0,,3.0,,4.0,,6.0,13.0,11.0,1.0,15.0,8.0,2.0,2.0,,2.0,,,7.0,27.0,0.7333333333333333,0.8461538461538461,0.5357142857142857,0.6666666666666666,0.6666666666666666,0.46153846153846156,0.7,0.4,0.4891304347826087,0.7,0.5,0.28205128205128205,22.123893805309738,0.25,,0.0625,0.20408163265306123,,0.10869565217391304,0.0297029702970297,,,,,,0.21212121212121213,0.1875,0.05555555555555555,,0.41025641025641024,0.8125,0.9285714285714286,0.7692307692307693,0.3076923076923077,0.16666666666666666,0.2,0.5,,0.10256410256410256,0.4,1.0,,0.2,1.0,0.2,0.6923076923076923,0.5850397435897436,0.6142625,0.5606099999999999,0.17391304347826086,0.22857142857142856,0.15555555555555556,0.15555555555555556,3.635714285714286,25.345454545454547,0.135,1.0,7.0,2.0,2.0,2.0,,7.0,1.0,4.0,3.0,1.0,1.0,0.18181818181818182,0.18181818181818182,0.14285714285714285,0.125,0.16666666666666666,,,0.1794871794871795,0.14285714285714285,0.14285714285714285,0.4,0.14285714285714285,,1.0,1.0,,1.0,1.0,,6.0,2.0,,1.0,1.0,1.0,,1.0,,1.0,1.0,,,1.0,,,1.0,,1.0,0.5,,,0.5,0.1875,,,,0.25,0.25,1.0,1.0,0.5,1.0,0.2,,,,,,,,,,,,,,,,,,,,2.0,1.0,,,,,,True,,,,,,
1627824,1610612755,Guerschon Yabusele,Guerschon Yabusele,1627824,PHI,16551.0,276,-19.0,544,548,85.0,93.0,60,1092,28.0,41.0,2.0,3.0,4.0,8.0,2.0,6.0,3.0,9.0,1.0,31.0,50.0,40.0,19.0,117.0,653,3.0,5.0,4.0,16.0,4.0,8.0,4.0,4.0,18.0,42.0,20.0,4.0,15.0,22.0,3.0,51.0,8.0,6.0,16.0,21.0,40.0,15.0,55.0,,5.0,2.0,8.0,1.0,13.0,2.0,11.0,20.0,21.0,,24.0,12.0,1.0,,1.0,1.0,1.0,,18.0,83.0,0.6774193548387096,0.7241379310344828,0.62,0.6,0.5,0.5444444444444444,0.75,0.5833333333333334,0.58,0.8,0.6428571428571429,0.4444444444444444,18.43393148450245,0.38461538461538464,0.17073170731707318,0.05454545454545454,0.125,0.05673758865248227,0.14741035856573706,0.055776892430278883,,0.0625,0.06306306306306306,0.1206896551724138,0.19607843137254902,0.13829787234042554,0.08823529411764706,,1.0,0.45555555555555555,0.6829268292682927,0.7567567567567568,0.6785714285714286,0.06666666666666667,0.3333333333333333,0.4,1.0,0.03333333333333333,0.1,0.375,0.6666666666666666,,0.6666666666666666,0.5,0.08333333333333333,0.9,0.5850294444444444,0.5638875,0.5968874999999999,0.12121212121212122,0.2033898305084746,0.13675213675213677,0.15384615384615385,3.3100000000000005,25.382499999999997,0.15625,11.0,31.0,2.0,12.0,3.0,,31.0,11.0,5.0,7.0,3.0,10.0,0.3,0.3,0.1,0.0975609756097561,0.16666666666666666,0.03333333333333333,0.2857142857142857,0.34444444444444444,0.3548387096774194,0.3548387096774194,0.25,0.3548387096774194,1.0,1.0,2.0,2.0,3.0,2.0,2.0,36.0,4.0,2.0,3.0,7.0,6.0,1.0,4.0,,,1.0,1.0,,3.0,1.0,1.0,2.0,1.0,1.0,0.6666666666666666,0.5,,0.16666666666666666,0.09259259259259259,0.3333333333333333,0.3333333333333333,,0.1111111111111111,0.1111111111111111,1.0,1.0,1.0,1.0,0.25,0.6666666666666666,,1.0,,1.0,2.0,,,,0.07692307692307693,0.125,,,,,,2.0,,,2.0,3.0,,,,,,True,,,,,,
1629022,1610612755,Lonnie Walker IV,Lonnie Walker IV,1629022,PHI,9637.0,161,-17.0,350,344,62.0,87.0,37,694,13.0,23.0,2.0,2.0,3.0,4.0,3.0,9.0,5.0,3.0,,19.0,37.0,29.0,6.0,71.0,401,2.0,3.0,,4.0,3.0,4.0,4.0,3.0,12.0,26.0,12.0,,14.0,22.0,1.0,52.0,,3.0,12.0,15.0,28.0,3.0,31.0,2.0,7.0,1.0,1.0,1.0,8.0,4.0,6.0,6.0,8.0,,10.0,3.0,1.0,1.0,,1.0,1.0,,12.0,60.0,0.6842105263157895,0.6842105263157895,0.5135135135135135,0.6666666666666666,0.75,0.49242424242424243,0.6666666666666666,0.5625,0.5071428571428571,0.6666666666666666,0.6,0.4393939393939394,20.051413881748072,0.875,0.17045454545454544,0.03488372093023256,0.17647058823529413,,0.17307692307692307,0.01935483870967742,0.05714285714285714,,,0.16216216216216217,0.09302325581395349,0.14893617021276595,0.23809523809523808,0.06060606060606061,1.0,0.3484848484848485,0.5652173913043478,0.6190476190476191,0.6923076923076923,0.13636363636363635,0.3333333333333333,0.42857142857142855,0.6666666666666666,0.07575757575757576,0.045454545454545456,0.6666666666666666,1.0,1.0,0.5,0.75,,0.7878787878787878,0.5742115384615386,0.7531,0.6099928571428571,0.04411764705882353,0.07692307692307693,0.056338028169014086,0.16901408450704225,5.224324324324324,26.989655172413794,0.17714285714285713,8.0,26.0,,9.0,,6.0,25.0,8.0,4.0,8.0,8.0,12.0,0.3103448275862069,0.32142857142857145,0.10810810810810811,0.08695652173913043,0.2222222222222222,,0.625,0.3939393939393939,0.3076923076923077,0.3076923076923077,,0.32,3.0,1.0,,1.0,4.0,,1.0,21.0,,1.0,1.0,3.0,3.0,,6.0,2.0,,,,,1.0,1.0,2.0,,2.0,0.7777777777777778,,0.25,,0.1,0.023255813953488372,0.6,0.6,0.6666666666666666,0.3333333333333333,0.3333333333333333,1.0,0.75,,,0.5,0.25,,,,,,,,,,,,,,1.0,,,,,1.0,,,,,,,True,,,,,,
1629656,1610612755,Quentin Grimes,Quentin Grimes,1629656,PHI,19822.0,330,-66.0,682,680,144.0,154.0,66,1362,43.0,59.0,2.0,3.0,9.0,11.0,4.0,14.0,28.0,23.0,7.0,59.0,101.0,78.0,46.0,272.0,851,4.0,7.0,2.0,16.0,11.0,21.0,17.0,21.0,64.0,56.0,62.0,6.0,24.0,40.0,5.0,96.0,4.0,1.0,20.0,12.0,34.0,6.0,40.0,1.0,24.0,3.0,10.0,13.0,34.0,10.0,12.0,24.0,39.0,,60.0,17.0,5.0,2.0,3.0,6.0,1.0,,62.0,140.0,0.4745762711864407,0.5,0.5841584158415841,0.5714285714285714,0.5238095238095238,0.6312849162011173,0.5,0.5657894736842105,0.6650246305418719,0.5333333333333333,0.63,0.43575418994413406,31.258278145695364,0.7058823529411765,0.0759493670886076,0.006756756756756757,0.12345679012345678,0.026143790849673203,0.1,0.016611295681063124,0.01639344262295082,,0.02631578947368421,0.06666666666666667,0.07575757575757576,0.10526315789473684,0.16666666666666666,0.0136986301369863,0.16666666666666666,0.329608938547486,0.7288135593220338,0.7962962962962963,0.5116279069767442,0.0782122905027933,0.2857142857142857,0.4,0.75,0.1564245810055866,0.12849162011173185,0.21428571428571427,0.6666666666666666,,0.2894736842105263,0.8181818181818182,0.18421052631578946,0.7653631284916201,0.571226815642458,0.49918333333333337,0.5681276315789475,0.1134020618556701,0.1504424778761062,0.058823529411764705,0.23529411764705882,6.7029702970297045,25.716666666666672,0.21114369501466276,24.0,55.0,3.0,36.0,7.0,33.0,55.0,24.0,9.0,16.0,12.0,15.0,0.46153846153846156,0.46153846153846156,0.0891089108910891,0.0847457627118644,0.2857142857142857,0.02564102564102564,0.11764705882352941,0.30726256983240224,0.43636363636363634,0.43636363636363634,0.21428571428571427,0.43636363636363634,12.0,12.0,2.0,4.0,10.0,2.0,7.0,75.0,4.0,4.0,2.0,22.0,10.0,12.0,11.0,1.0,,,,1.0,5.0,3.0,9.0,4.0,7.0,0.6944444444444444,0.2857142857142857,0.4117647058823529,,0.11764705882352941,,0.42857142857142855,0.42857142857142855,0.25,0.5217391304347826,0.5217391304347826,0.6666666666666666,0.7083333333333334,0.6666666666666666,1.0,0.2631578947368421,0.4,,4.0,3.0,1.0,2.0,1.0,1.0,,0.058823529411764705,0.2857142857142857,,,0.42857142857142855,,,1.0,,,1.0,6.0,,,5.0,0.06172839506172839,,True,,,,2.0,,
1630215,1610612755,Jared Butler,Jared Butler,1630215,PHI,34338.0,572,-66.0,1183,1183,239.0,284.0,126,2366,27.0,44.0,2.0,2.0,7.0,8.0,26.0,63.0,11.0,26.0,7.0,57.0,118.0,104.0,31.0,256.0,1413,4.0,6.0,2.0,19.0,12.0,19.0,21.0,16.0,55.0,30.0,84.0,,80.0,118.0,16.0,274.0,3.0,4.0,28.0,18.0,48.0,7.0,55.0,2.0,31.0,6.0,10.0,5.0,41.0,6.0,22.0,47.0,30.0,1.0,37.0,17.0,6.0,4.0,2.0,6.0,4.0,,53.0,235.0,0.2631578947368421,0.2631578947368421,0.4830508474576271,0.6666666666666666,0.631578947368421,0.5067567567567568,0.5,0.4875,0.5334728033472803,0.5277777777777778,0.5612244897959183,0.46846846846846846,21.148036253776436,0.7560975609756098,0.06405693950177936,0.0149812734082397,0.10108303249097472,0.010830324909747292,0.08243727598566308,0.012867647058823529,0.019417475728155338,,0.013513513513513514,0.061068702290076333,0.06722689075630252,0.09743589743589744,0.10975609756097561,0.01818181818181818,0.6666666666666666,0.1981981981981982,0.6136363636363636,0.75,0.2962962962962963,0.28378378378378377,0.4126984126984127,0.4482758620689655,0.23076923076923078,0.04954954954954955,0.11711711711711711,0.11764705882352941,1.0,,0.2,0.875,0.175,0.6666666666666666,0.5322549999999999,0.5120076923076923,0.5282263157894738,0.07172995780590717,0.12781954887218044,0.07421875,0.21484375,6.6186440677966125,25.97307692307693,0.20202874049027894,23.0,78.0,8.0,37.0,11.0,21.0,78.0,23.0,14.0,38.0,24.0,58.0,0.3557692307692308,0.3557692307692308,0.11864406779661017,0.18181818181818182,0.07936507936507936,,0.06451612903225806,0.35135135135135137,0.2948717948717949,0.2948717948717949,0.47058823529411764,0.2948717948717949,4.0,14.0,1.0,3.0,14.0,3.0,5.0,90.0,14.0,6.0,2.0,22.0,14.0,8.0,26.0,4.0,,,1.0,,2.0,1.0,2.0,7.0,1.0,0.8108108108108109,0.2727272727272727,0.23809523809523808,0.09090909090909091,0.06451612903225806,0.017241379310344827,0.36363636363636365,0.4,0.25,0.5384615384615384,0.5384615384615384,0.9285714285714286,0.7391304347826086,0.125,1.0,0.35,0.21428571428571427,2.0,3.0,2.0,,2.0,,,,,0.17647058823529413,0.6666666666666666,1.0,0.2857142857142857,,,2.0,,,,2.0,,,,,,True,,,,,,
1630288,1610612755,Jeff Dowtin Jr.,Jeff Dowtin Jr.,1630288,PHI,5257.0,88,-1.0,179,178,64.0,67.0,20,357,5.0,11.0,1.0,2.0,3.0,6.0,6.0,8.0,6.0,3.0,,15.0,25.0,8.0,6.0,42.0,214,2.0,3.0,,4.0,5.0,9.0,3.0,6.0,19.0,10.0,20.0,,4.0,9.0,1.0,23.0,2.0,1.0,3.0,3.0,7.0,3.0,10.0,,1.0,,,1.0,1.0,1.0,1.0,3.0,6.0,1.0,7.0,3.0,3.0,1.0,2.0,3.0,1.0,,19.0,64.0,0.3333333333333333,0.3333333333333333,0.6,0.6666666666666666,0.5555555555555556,0.5454545454545454,0.6666666666666666,0.5416666666666666,0.5833333333333334,0.6666666666666666,0.6333333333333333,0.24242424242424243,18.04878048780488,1.0,0.07692307692307693,0.02564102564102564,0.07894736842105263,0.047619047619047616,0.07792207792207792,0.037037037037037035,,0.14285714285714285,0.05555555555555555,,0.058823529411764705,0.07142857142857142,0.1,,0.3333333333333333,0.3333333333333333,0.45454545454545453,0.625,0.2,0.24242424242424243,0.75,0.75,0.16666666666666666,0.18181818181818182,0.09090909090909091,0.6666666666666666,0.5,,0.5,0.5,,0.5757575757575758,0.5288121212121214,0.55925,0.5767125000000001,0.08571428571428572,0.1111111111111111,0.09523809523809523,0.4523809523809524,7.792000000000001,25.0625,0.3575418994413408,1.0,5.0,,2.0,,3.0,5.0,1.0,3.0,5.0,5.0,2.0,0.25,0.25,0.12,0.2727272727272727,,,0.3333333333333333,0.15151515151515152,0.2,0.2,,0.2,4.0,1.0,,1.0,3.0,,1.0,3.0,,1.0,1.0,5.0,3.0,2.0,,,,,,,1.0,,1.0,,1.0,0.5,,0.3333333333333333,,0.1111111111111111,,0.6666666666666666,0.6666666666666666,0.75,0.3333333333333333,0.3333333333333333,1.0,,,,0.25,0.3333333333333333,,,,,,,,,,,,,,,,,,,,,,,,,,True,,,,,,
1642348,1610612755,Justin Edwards,Justin Edwards,1642348,PHI,18151.0,303,-80.0,619,631,114.0,132.0,59,1250,17.0,31.0,4.0,8.0,5.0,9.0,14.0,26.0,14.0,15.0,6.0,39.0,71.0,53.0,12.0,147.0,784,6.0,13.0,,12.0,6.0,15.0,10.0,3.0,18.0,46.0,32.0,6.0,11.0,23.0,2.0,58.0,2.0,8.0,13.0,16.0,30.0,10.0,40.0,5.0,9.0,1.0,2.0,3.0,11.0,2.0,12.0,20.0,12.0,,17.0,8.0,4.0,,3.0,4.0,2.0,,16.0,112.0,0.5897435897435898,0.6388888888888888,0.5492957746478874,0.46153846153846156,0.4,0.5443548387096774,0.3333333333333333,0.3,0.5568181818181818,0.3333333333333333,0.34615384615384615,0.4274193548387097,20.845481049562682,0.8181818181818182,0.11188811188811189,0.05442176870748299,0.08783783783783784,0.014084507042253521,0.09965635738831616,0.03460207612456748,0.015625,0.038461538461538464,0.01904761904761905,0.15492957746478872,0.08771929824561403,0.04716981132075472,0.19047619047619047,0.0847457627118644,0.5,0.25,0.5483870967741935,0.6071428571428571,0.47058823529411764,0.20967741935483872,0.5384615384615384,0.5833333333333334,0.5714285714285714,0.11290322580645161,0.12096774193548387,0.4444444444444444,0.5,0.25,0.36,0.5555555555555556,0.24,0.6774193548387096,0.5385592741935484,0.5208392857142857,0.543648,0.061068702290076333,0.10256410256410256,0.08163265306122448,0.12244897959183673,7.485915492957745,25.08490566037735,0.1841680129240711,13.0,38.0,3.0,19.0,5.0,6.0,38.0,13.0,6.0,12.0,9.0,8.0,0.3584905660377358,0.3584905660377358,0.08450704225352113,0.0967741935483871,0.07692307692307693,,,0.3064516129032258,0.34210526315789475,0.35135135135135137,0.16666666666666666,0.34210526315789475,8.0,6.0,,,4.0,,1.0,51.0,3.0,1.0,1.0,15.0,9.0,6.0,6.0,,,,1.0,,1.0,,1.0,1.0,,0.8947368421052632,,0.1,0.07142857142857142,0.0625,0.10526315789473684,0.5714285714285714,0.6153846153846154,0.875,0.4,0.4,1.0,0.8461538461538461,,,0.16,,,2.0,1.0,,,,,,,0.1111111111111111,,,0.16666666666666666,,1.0,,0.018867924528301886,0.02631578947368421,1.0,1.0,,,,,,True,1.0,,,,,
202331,1610612755,Paul George,Paul George,202331,PHI,2569.0,43,,89,88,18.0,11.0,6,177,1.0,2.0,1.0,1.0,,1.0,1.0,2.0,3.0,1.0,,3.0,7.0,7.0,,6.0,84,1.0,1.0,,2.0,,2.0,,,,,6.0,,5.0,5.0,,10.0,,,4.0,5.0,9.0,,9.0,,1.0,,1.0,1.0,2.0,,,2.0,,,,,1.0,,1.0,1.0,1.0,,,18.0,,,0.42857142857142855,1.0,,0.21428571428571427,1.0,,0.21428571428571427,1.0,,0.5,16.842105263157894,0.5,0.3125,,0.16,,0.21951219512195122,,,,,,0.8,0.23529411764705882,,,1.0,0.14285714285714285,0.5,1.0,,0.14285714285714285,0.5,0.5,,0.21428571428571427,0.07142857142857142,1.0,1.0,,0.5,,,0.6428571428571429,0.5399607142857142,,0.566,,,0.3333333333333333,,10.685714285714285,25.85714285714286,0.20224719101123595,,6.0,,,,,6.0,,1.0,,,5.0,,,0.14285714285714285,0.5,,,0.5,0.42857142857142855,,,,,1.0,,,,,,,,,,,4.0,3.0,1.0,,,1.0,,,,,,,,,,,,,,,0.3333333333333333,0.3333333333333333,,,,,,,,,,,,,,,,,,,,,,,,,,,,,,,,,,,True,,,,,,
1630178,1610612755,Tyrese Maxey,Tyrese Maxey,1630178,PHI,738.0,12,-11.0,26,27,6.0,9.0,3,53,,,,,,,,,,,,,,2.0,,3.0,34,,,,,,,2.0,,3.0,,,,,1.0,,3.0,,,1.0,,1.0,,1.0,,1.0,,,1.0,1.0,,1.0,1.0,,,,,,,,,,,3.0,6.0,,,,,,0.75,,0.75,0.75,,0.75,1.0,10.714285714285714,1.0,,,0.1111111111111111,,0.07692307692307693,,,,,,,,0.5,,,,,,,,,,,,,,,,,,,1.0,0.445125,,0.445125,,,,1.0,,28.0,0.23076923076923078,1.0,2.0,,1.0,,3.0,2.0,1.0,,1.0,1.0,,0.5,0.5,,,,,,1.0,0.5,0.5,,0.5,,,,1.0,2.0,,1.0,,,,,,,,,,,,,,,,,,,,,0.5,,,,,,,,,,,,,1.0,0.5,,,,,,,,,,,,,,,,,,,,,,,,,,True,,,,,,
1641741,1610612755,Ricky Council IV,Ricky Council IV,1641741,PHI,14482.0,241,3.0,513,510,92.0,154.0,53,1023,16.0,26.0,1.0,3.0,1.0,1.0,8.0,20.0,8.0,2.0,,27.0,54.0,37.0,28.0,109.0,595,1.0,3.0,,8.0,4.0,4.0,7.0,7.0,21.0,34.0,20.0,2.0,6.0,20.0,,54.0,2.0,3.0,24.0,13.0,41.0,5.0,46.0,3.0,7.0,1.0,3.0,5.0,10.0,4.0,6.0,13.0,29.0,,35.0,19.0,5.0,4.0,,5.0,3.0,,21.0,90.0,0.6296296296296297,0.6538461538461539,0.5,0.3333333333333333,1.0,0.44505494505494503,0.6666666666666666,0.6363636363636364,0.5190476190476191,0.6666666666666666,0.7,0.4065934065934066,19.96527777777778,0.7,0.10077519379844961,0.025423728813559324,0.1951219512195122,0.017699115044247787,0.14682539682539683,0.021645021645021644,0.02631578947368421,0.047619047619047616,0.01020408163265306,0.1111111111111111,0.09259259259259259,0.18888888888888888,0.21212121212121213,0.061224489795918366,0.6,0.2857142857142857,0.6153846153846154,0.6666666666666666,0.875,0.21978021978021978,0.4,0.4444444444444444,0.25,0.08791208791208792,0.02197802197802198,0.5,0.3333333333333333,,0.09090909090909091,1.0,,0.6923076923076923,0.5718073033707866,0.5214166666666666,0.551455,0.18269230769230768,0.2835820895522388,0.07339449541284404,0.1926605504587156,6.207407407407407,27.74864864864865,0.1793372319688109,8.0,35.0,3.0,9.0,3.0,,33.0,8.0,4.0,14.0,8.0,6.0,0.24324324324324326,0.2571428571428571,0.07407407407407407,0.07692307692307693,0.1,0.06666666666666667,0.08333333333333333,0.38461538461538464,0.22857142857142856,0.22857142857142856,0.5,0.24242424242424243,3.0,1.0,2.0,2.0,7.0,2.0,2.0,27.0,6.0,,4.0,5.0,3.0,2.0,2.0,,,,,,6.0,1.0,1.0,2.0,1.0,1.0,0.6666666666666666,0.2857142857142857,,0.2857142857142857,0.01694915254237288,0.375,0.375,0.3333333333333333,0.5,0.5,1.0,1.0,0.6666666666666666,1.0,0.6363636363636364,0.2857142857142857,,,,,4.0,,,,,,,,,2.0,,1.0,,,4.0,1.0,,,,,,True,1.0,,,,,
203083,1610612755,Andre Drummond,Andre Drummond,203083,PHI,2833.0,47,-50.0,99,100,5.0,32.0,12,199,4.0,6.0,,1.0,,,1.0,4.0,,,,5.0,10.0,3.0,5.0,18.0,142,,1.0,2.0,2.0,,,,2.0,2.0,8.0,2.0,,,2.0,,6.0,2.0,1.0,4.0,3.0,8.0,3.0,11.0,,,,,,,,3.0,4.0,4.0,,6.0,2.0,4.0,2.0,2.0,4.0,3.0,,2.0,5.0,0.8,0.8,0.5,,,0.5,,,0.5625,0.5,1.0,0.23076923076923078,14.545454545454545,,0.13636363636363635,0.034482758620689655,0.16666666666666666,0.08,0.15217391304347827,0.05555555555555555,0.07142857142857142,,0.09090909090909091,0.3333333333333333,,0.11764705882352941,0.2857142857142857,,0.75,0.46153846153846156,0.6666666666666666,1.0,0.75,0.3076923076923077,0.25,0.3333333333333333,1.0,,,1.0,,,,,,0.6923076923076923,0.5890576923076923,0.638,,0.13333333333333333,0.16666666666666666,0.1111111111111111,0.1111111111111111,3.3200000000000003,26.5,0.050505050505050504,1.0,3.0,,1.0,,,3.0,1.0,3.0,2.0,,,0.3333333333333333,0.3333333333333333,0.3,0.3333333333333333,0.25,,,0.23076923076923078,0.3333333333333333,0.3333333333333333,,0.3333333333333333,,,,,,,,3.0,2.0,,1.0,1.0,,1.0,,,,,,,,,1.0,,1.0,1.0,,,,0.5,,,,,,,,1.0,,,,,,,,,,,,,,,,,,,,,,,2.0,,,,,,,True,,,,,,
203954,1610612755,Joel Embiid,Joel Embiid,203954,PHI,1617.0,27,-4.0,53,54,3.0,,7,107,2.0,2.0,,,,,,,3.0,,,2.0,5.0,3.0,6.0,10.0,51,,,4.0,4.0,,,1.0,,,4.0,,,1.0,3.0,,8.0,,1.0,6.0,2.0,8.0,1.0,9.0,,2.0,,2.0,,4.0,,,2.0,5.0,,7.0,4.0,2.0,,2.0,2.0,,,,3.0,1.0,1.0,0.4,,,0.25,,,0.45454545454545453,1.0,,0.375,24.193548387096776,0.5,0.13333333333333333,0.06666666666666667,0.35294117647058826,,0.25,0.03225806451612903,,0.2,,0.2,,0.5,,,,0.25,1.0,1.0,1.0,,,,,0.375,,,,,,,,0.625,0.47776874999999996,,0.42375,0.36363636363636365,0.5,0.4,,11.64,26.633333333333336,0.05660377358490566,,3.0,,,,,3.0,,,2.0,2.0,1.0,,,,,,,0.2,0.375,,,,,,,,,1.0,,,,,,,1.0,1.0,,2.0,,,1.0,,,1.0,,,,,,,,,,,,,,,,,,,,1.0,,,,,,,,,,,,,,,,,,,,,1.0,,,,,,True,,,,,,
1641737,1610612755,Adem Bona,Adem Bona,1641737,PHI,12864.0,214,9.0,452,443,106.0,121.0,50,895,38.0,53.0,10.0,18.0,6.0,9.0,4.0,6.0,,,,42.0,59.0,,9.0,93.0,503,10.0,19.0,4.0,24.0,7.0,12.0,,2.0,16.0,62.0,22.0,16.0,5.0,9.0,2.0,22.0,9.0,14.0,17.0,22.0,42.0,24.0,66.0,2.0,7.0,,8.0,2.0,15.0,,12.0,28.0,19.0,,15.0,8.0,20.0,13.0,7.0,22.0,15.0,,16.0,104.0,0.7380952380952381,0.9117647058823529,0.711864406779661,0.5263157894736842,0.5833333333333334,0.711864406779661,0.5263157894736842,0.5833333333333334,0.7045454545454546,0.5454545454545454,0.5714285714285714,,15.94488188976378,0.4666666666666667,0.18487394957983194,0.13592233009708737,0.18085106382978725,0.09574468085106383,0.18309859154929578,0.116751269035533,0.16216216216216217,0.14285714285714285,0.11688311688311688,0.19607843137254902,0.17543859649122806,0.23809523809523808,0.06451612903225806,0.13333333333333333,0.6818181818181818,0.8983050847457628,0.7169811320754716,0.7307692307692307,0.7105263157894737,0.1016949152542373,0.6666666666666666,0.8,1.0,,,0.9473684210526315,0.5555555555555556,,0.75,0.6666666666666666,,0.8983050847457628,0.6775338983050846,0.6290214285714286,0.6162583333333335,0.12121212121212122,0.12121212121212122,0.25806451612903225,0.17204301075268819,1.5220338983050847,,0.2345132743362832,,,,,,,,,2.0,4.0,2.0,1.0,,,0.03389830508474576,0.018867924528301886,0.16666666666666666,,0.18181818181818182,,,,,,,,,,,,,,2.0,2.0,3.0,9.0,4.0,5.0,5.0,1.0,,3.0,,,1.0,,,1.0,,,,,,0.2727272727272727,0.11538461538461539,,,,,,,,,,,,,,,1.0,4.0,2.0,2.0,3.0,0.06666666666666667,,,,,,,,,,6.0,4.0,,,,,,True,,,,,,
1630542,1610612755,Marcus Bagley,Marcus Bagley,1630542,PHI,3647.0,61,-28.0,120,126,10.0,13.0,17,246,6.0,6.0,2.0,2.0,,,1.0,2.0,,3.0,,7.0,8.0,7.0,3.0,17.0,149,3.0,3.0,,6.0,,,,,,8.0,6.0,4.0,,1.0,,3.0,2.0,1.0,4.0,6.0,11.0,3.0,14.0,1.0,,1.0,1.0,,1.0,,2.0,3.0,3.0,,4.0,2.0,3.0,2.0,1.0,3.0,1.0,,,10.0,0.5714285714285714,0.8,0.875,1.0,,0.4666666666666667,0.75,,0.5,0.75,,0.4666666666666667,13.043478260869566,,0.16216216216216217,0.03225806451612903,0.13793103448275862,0.0625,0.15151515151515152,0.047619047619047616,0.125,,0.07692307692307693,0.125,0.16666666666666666,0.13043478260869565,0.16666666666666666,0.125,0.3333333333333333,0.4,1.0,1.0,0.6666666666666666,0.13333333333333333,0.5,0.5,,,0.2,0.5,1.0,,,,,0.8666666666666667,0.55556,0.487,,0.11764705882352941,0.2,0.35294117647058826,,4.2749999999999995,25.014285714285712,0.08333333333333333,,4.0,,,1.0,,4.0,,,1.0,1.0,,,,,,,,0.3333333333333333,0.26666666666666666,,,,,,,,,,,,,,,1.0,2.0,,2.0,,,,,,,,,,,,,,,,0.3333333333333333,,,,,,,,,,,,,,1.0,,,,,,,,0.25,,,,,,,,,,,,,,,,True,,,,,,
1630658,1610612755,Colin Castleton,Colin Castleton,1630658,PHI,905.0,15,-9.0,32,32,1.0,5.0,3,64,,,,,,,1.0,1.0,,,,1.0,1.0,,,2.0,42,,,,,,,,,,2.0,,,1.0,2.0,,5.0,,,2.0,3.0,5.0,,5.0,,,,,,,,3.0,3.0,,,,,,,,,,,,1.0,1.0,1.0,1.0,,,1.0,,,1.0,,,,2.857142857142857,,0.6,,0.2857142857142857,,0.4166666666666667,,,,,0.5,0.5,0.5,,,,,,,,1.0,1.0,1.0,1.0,,,,,,,,,,0.4309,,,,,,,7.3,,0.03125,,,,,,,,,,1.0,1.0,1.0,,,,,,,1.0,,,,,,,,,,,,,,,,,,,,,,,,,,,,,,,,,,,,,,,,,,,,,,,,,,,,,,,,,,,,,,,,,,,,,,,,,True,,,,,,
1642024,1610612755,Alex Reese,Alex Reese,1642024,PHI,6012.0,100,48.0,218,211,72.0,86.0,24,429,6.0,6.0,3.0,3.0,2.0,2.0,,1.0,,3.0,1.0,6.0,7.0,17.0,7.0,46.0,235,3.0,4.0,,6.0,2.0,3.0,10.0,3.0,28.0,6.0,6.0,6.0,3.0,4.0,,9.0,5.0,1.0,8.0,11.0,22.0,6.0,28.0,,3.0,,,,3.0,,8.0,11.0,8.0,,8.0,5.0,5.0,3.0,2.0,5.0,4.0,,28.0,72.0,0.5,1.0,0.8571428571428571,0.75,0.6666666666666666,0.8125,0.6,0.9615384615384616,0.8518518518518519,0.6,1.0,0.7083333333333334,12.244897959183673,1.0,0.21153846153846154,0.02564102564102564,0.1568627450980392,0.10869565217391304,0.18446601941747573,0.07058823529411765,0.05555555555555555,,0.10810810810810811,0.2,0.25,0.12903225806451613,0.2,,0.8,0.25,1.0,1.0,0.5,0.041666666666666664,,,,,0.125,0.6,1.0,,0.15384615384615385,1.0,0.07692307692307693,0.9583333333333334,0.5703630434782608,,0.5388375,0.18518518518518517,0.5,0.13043478260869565,0.6086956521739131,2.257142857142857,26.735294117647058,0.3302752293577982,7.0,14.0,1.0,9.0,1.0,,13.0,7.0,,1.0,1.0,2.0,0.5294117647058824,0.5625,,,,0.1111111111111111,0.14285714285714285,0.5833333333333334,0.5,0.5,0.2,0.5384615384615384,,2.0,,6.0,9.0,,7.0,27.0,,1.0,3.0,5.0,4.0,1.0,3.0,,,,2.0,,2.0,,,1.0,,1.0,,0.7,,0.6,,,,,0.6666666666666666,0.6666666666666666,1.0,1.0,,,0.6923076923076923,0.6666666666666666,,,1.0,,,,,1.0,,,,,1.0,1.0,,,,,1.0,,,1.0,,,,True,,,,,,
1641720,1610612755,Jalen Hood-Schifino,Jalen Hood-Schifino,1641720,PHI,3410.0,57,-5.0,120,119,44.0,55.0,10,239,,,,,,,2.0,2.0,7.0,1.0,,5.0,9.0,7.0,5.0,27.0,150,,,,,2.0,3.0,1.0,2.0,9.0,2.0,8.0,,7.0,8.0,,17.0,,,4.0,4.0,8.0,,8.0,,1.0,,,1.0,1.0,,1.0,4.0,4.0,1.0,6.0,2.0,1.0,1.0,,1.0,,,7.0,42.0,0.2,0.2,0.5555555555555556,,0.6666666666666666,0.6875,,0.875,0.7105263157894737,,0.9,0.4375,15.267175572519083,1.0,0.15384615384615385,,0.18181818181818182,,0.16666666666666666,,,,,0.125,0.2222222222222222,0.17647058823529413,0.2,,,,,,,0.125,1.0,1.0,,0.4375,0.0625,,,,,,,0.4375,0.45996875,,0.3985125,0.1111111111111111,0.18181818181818182,,0.3333333333333333,15.544444444444444,25.24285714285714,0.36666666666666664,3.0,6.0,,4.0,,3.0,6.0,3.0,,1.0,1.0,7.0,0.5714285714285714,0.5714285714285714,,,,,,0.375,0.5,0.5,,0.5,3.0,1.0,,1.0,1.0,,1.0,9.0,,,,1.0,,1.0,,,,,,,,,1.0,,,0.75,,1.0,,,,0.42857142857142855,0.42857142857142855,0.3333333333333333,1.0,1.0,1.0,0.6666666666666666,,,0.25,1.0,,,,,1.0,,,,,,,,,,,,,,,,,,,,,True,,,,,,
1629052,1610612755,Oshae Brissett,Oshae Brissett,1629052,PHI,5482.0,91,-19.0,185,185,56.0,41.0,18,370,6.0,10.0,2.0,2.0,1.0,3.0,1.0,4.0,,2.0,,7.0,14.0,8.0,8.0,28.0,235,2.0,2.0,,7.0,1.0,4.0,,3.0,5.0,10.0,4.0,4.0,1.0,3.0,,8.0,1.0,2.0,8.0,2.0,12.0,3.0,15.0,,3.0,1.0,1.0,2.0,4.0,2.0,7.0,11.0,10.0,,12.0,6.0,3.0,3.0,,3.0,,,5.0,56.0,0.7142857142857143,1.0,0.5,1.0,0.25,0.45454545454545453,1.1666666666666667,0.25,0.5384615384615384,1.1666666666666667,0.5,0.36363636363636365,14.705882352941176,0.75,0.05128205128205128,0.047619047619047616,0.1568627450980392,0.022727272727272728,0.1111111111111111,0.03488372093023256,0.06666666666666667,,0.029411764705882353,0.04,0.1,0.1891891891891892,0.07142857142857142,,,0.45454545454545453,0.6,0.6666666666666666,0.6666666666666666,0.18181818181818182,0.25,0.3333333333333333,1.0,,0.09090909090909091,0.6666666666666666,1.0,,0.75,0.3333333333333333,,0.8181818181818182,0.5658772727272726,0.62015,0.5441750000000001,0.23076923076923078,0.3333333333333333,0.25,0.17857142857142858,2.9,25.7125,0.3027027027027027,1.0,6.0,1.0,2.0,1.0,3.0,6.0,1.0,2.0,2.0,2.0,1.0,0.25,0.25,0.14285714285714285,0.1,0.25,,,0.2727272727272727,0.16666666666666666,0.16666666666666666,0.3333333333333333,0.16666666666666666,,1.0,1.0,,,1.0,,3.0,,,2.0,2.0,1.0,1.0,1.0,1.0,,,1.0,,2.0,,,,,0.5,1.0,,,0.4,0.05555555555555555,,,,0.5,0.5,,1.0,1.0,1.0,,,,,,,1.0,,,,,,,,,,,,,,,,,,,,,True,,,,,,
1629643,1610612755,Chuma Okeke,Chuma Okeke,1629643,PHI,4868.0,81,24.0,159,162,32.0,21.0,19,321,5.0,5.0,3.0,3.0,,,,,,4.0,,5.0,5.0,10.0,2.0,24.0,188,3.0,3.0,,6.0,,,3.0,,6.0,4.0,6.0,6.0,4.0,8.0,,20.0,7.0,3.0,5.0,9.0,14.0,10.0,24.0,,,,,,,,1.0,3.0,4.0,,3.0,,1.0,1.0,,2.0,1.0,,6.0,32.0,0.4,1.0,1.0,1.0,,0.7333333333333333,0.5,1.0,0.75,0.5,1.0,0.6666666666666666,8.88888888888889,,0.225,0.07894736842105263,0.13513513513513514,0.18421052631578946,0.18181818181818182,0.13157894736842105,,0.25,0.18518518518518517,0.15,0.2857142857142857,0.13043478260869565,0.14285714285714285,,0.5,0.3333333333333333,1.0,1.0,0.4,,,,,,0.26666666666666666,0.5,1.0,,,,,1.0,0.5661333333333333,0.4985833333333333,0.43975000000000003,0.0625,,0.25,0.25,1.24,24.869999999999997,0.20125786163522014,2.0,6.0,2.0,4.0,3.0,,6.0,2.0,,4.0,4.0,4.0,0.4,0.4,,,,0.18181818181818182,0.3333333333333333,0.4,0.3333333333333333,0.3333333333333333,0.3333333333333333,0.3333333333333333,,2.0,,2.0,3.0,,2.0,12.0,,,,2.0,1.0,1.0,,,,,,,,,,,,1.0,,0.6666666666666666,,,0.06666666666666667,,,,0.5,0.5,1.0,1.0,,,1.0,0.6666666666666666,,1.0,,,,1.0,1.0,,,0.16666666666666666,,,,,,,,,3.0,,,,1.0,0.09090909090909091,,True,,,,,,
1631223,1610612755,David Roddy,David Roddy,1631223,PHI,500.0,8,2.0,18,18,,5.0,3,36,1.0,2.0,,,,,1.0,1.0,,,,2.0,3.0,7.0,,10.0,15,,,,3.0,,,,,,,4.0,,,,,,,,1.0,1.0,2.0,,2.0,,1.0,,,1.0,1.0,,,,,,,,,,,,,,,,,,0.6666666666666666,,,0.5,1.5,,0.5,1.5,,0.7,52.38095238095238,1.0,0.2,,0.14285714285714285,,0.16666666666666666,,,,,,0.3333333333333333,0.16666666666666666,,,,0.2,0.5,1.0,,0.1,1.0,1.0,,,,,,,,,,0.9,0.496835,0.4314,,,,0.3,,5.433333333333334,27.014285714285716,,2.0,7.0,1.0,2.0,1.0,3.0,7.0,2.0,1.0,,,,0.2857142857142857,0.2857142857142857,0.3333333333333333,0.5,,,,0.7,0.2857142857142857,0.2857142857142857,1.0,0.2857142857142857,,,1.0,,,1.0,,3.0,,,,1.0,1.0,,,1.0,,,,,,,,,,0.5,1.0,,,,,,,,,,,0.5,1.0,,,,,,,,,,,,,,,,,,,,,,,,,,,,,True,,,,,,
1630762,1610612755,Phillip Wheeler,Phillip Wheeler,1630762,PHI,1316.0,22,10.0,43,44,1.0,8.0,8,87,2.0,7.0,,1.0,,,,,,1.0,,2.0,7.0,5.0,,4.0,45,,1.0,,,,,1.0,,,2.0,2.0,,2.0,2.0,1.0,4.0,1.0,,1.0,2.0,3.0,1.0,4.0,,,,,,,,1.0,1.0,,,,,,,,,,,,1.0,0.5,0.5,0.2857142857142857,,,0.16666666666666666,,,0.16666666666666666,,,0.4166666666666667,22.641509433962263,,0.2,,0.07692307692307693,0.07142857142857142,0.13043478260869565,0.03571428571428571,,,0.07692307692307693,0.2,0.25,0.1111111111111111,,,,0.5833333333333334,0.2857142857142857,0.3333333333333333,0.5,,,,,,0.08333333333333333,1.0,,,,,,1.0,0.5875083333333334,,0.5016,,,,,2.142857142857143,24.72,0.023255813953488372,,4.0,,,,,4.0,,1.0,,,1.0,,,0.14285714285714285,0.14285714285714285,,,,0.3333333333333333,,,,,,,,,1.0,,,,,,,1.0,1.0,,,,,,,,,,,,,,,,,,,,,,,,,,,,1.0,,,,,,,,,,,,,,,,,,,,,,,,,,,True,,,,,,
200768,1610612755,Kyle Lowry,Kyle Lowry,200768,PHI,883.0,15,-7.0,31,31,14.0,10.0,5,62,,,,,,,,,,,,,,,,,37,,,,,,,,,,,,,2.0,2.0,,4.0,,,1.0,,1.0,,1.0,,1.0,,,,1.0,,,,2.0,,,,,,,,,,,14.0,,,,,,,,,,,,,2.7777777777777777,1.0,,,0.16666666666666666,,0.058823529411764705,,,,,,,,0.25,,,,,,,,,,,,,,,,,,,,,,,,,,,,,0.45161290322580644,,,,,,,,,,,,2.0,,,,,,,,,,,,,,,,,,,,,,,,2.0,1.0,1.0,1.0,,,,,,,,,,,,,,,,,,,,,,,,,,,,,,,,,,,,,,,,,,,,,,,,,,,,,True,,,,,,
1626162,1610612755,Kelly Oubre Jr.,Kelly Oubre Jr.,1626162,PHI,118882.0,1981,-214.0,3989,4012,741.0,850.0,437,8001,180.0,272.0,38.0,67.0,34.0,50.0,76.0,185.0,14.0,81.0,13.0,262.0,471.0,231.0,130.0,861.0,4737,44.0,83.0,18.0,118.0,49.0,84.0,35.0,42.0,176.0,274.0,250.0,60.0,55.0,103.0,8.0,254.0,25.0,68.0,135.0,108.0,260.0,94.0,354.0,18.0,52.0,3.0,24.0,28.0,76.0,12.0,78.0,167.0,157.0,19.0,170.0,86.0,22.0,14.0,8.0,28.0,11.0,,172.0,720.0,0.5229007633587787,0.5905172413793104,0.5562632696390658,0.5301204819277109,0.5833333333333334,0.5206552706552706,0.5,0.5630252100840336,0.5577172503242542,0.5363636363636364,0.6197183098591549,0.32905982905982906,18.872549019607842,0.6842105263157895,0.13584905660377358,0.07157894736842105,0.14563106796116504,0.02676659528907923,0.14111498257839722,0.04936305732484077,0.05472636815920398,0.03184713375796178,0.02857142857142857,0.09714285714285714,0.15210355987055016,0.1567489114658926,0.1134453781512605,0.05901639344262295,0.39285714285714285,0.38746438746438744,0.6617647058823529,0.7346938775510204,0.5777777777777777,0.26353276353276356,0.41081081081081083,0.49673202614379086,0.39473684210526316,0.019943019943019943,0.11538461538461539,0.67,0.5671641791044776,0.23684210526315788,0.42016806722689076,0.68,0.1092436974789916,0.7165242165242165,0.5626739316239312,0.5752371428571429,0.5509760504201682,0.11563731931668857,0.16287878787878787,0.13704994192799072,0.20441347270615565,4.531634819532908,25.398268398268396,0.18576084231637002,40.0,150.0,9.0,69.0,17.0,6.0,150.0,40.0,59.0,48.0,41.0,44.0,0.2987012987012987,0.2987012987012987,0.12526539278131635,0.09926470588235294,0.17297297297297298,0.020100502512562814,0.19852941176470587,0.21367521367521367,0.26666666666666666,0.2702702702702703,0.09,0.26666666666666666,6.0,29.0,,8.0,22.0,4.0,12.0,201.0,7.0,3.0,17.0,91.0,35.0,56.0,24.0,5.0,3.0,4.0,2.0,,29.0,1.0,10.0,14.0,7.0,0.9710144927536232,0.23529411764705882,0.34285714285714286,,0.19767441860465115,0.10485933503836317,0.42857142857142855,0.42857142857142855,0.5,0.35802469135802467,0.3625,1.0,0.95,,,0.18487394957983194,0.36363636363636365,4.0,8.0,4.0,1.0,9.0,6.0,4.0,,0.010752688172043012,0.08,0.5,1.0,0.3076923076923077,,3.0,2.0,0.012987012987012988,0.013333333333333334,12.0,8.0,,,2.0,0.008583690987124463,2.0,False,,,1.0,,2.0,0.012345679012345678
1627824,1610612755,Guerschon Yabusele,Guerschon Yabusele,1627824,PHI,97211.0,1620,-100.0,3223,3220,659.0,749.0,369,6443,126.0,175.0,20.0,32.0,30.0,45.0,19.0,57.0,7.0,62.0,15.0,147.0,239.0,234.0,81.0,651.0,3830,22.0,43.0,18.0,74.0,35.0,56.0,44.0,25.0,137.0,216.0,78.0,28.0,72.0,126.0,11.0,306.0,64.0,46.0,107.0,99.0,221.0,119.0,340.0,8.0,33.0,8.0,41.0,21.0,74.0,12.0,65.0,144.0,110.0,5.0,114.0,50.0,23.0,14.0,7.0,23.0,12.0,1.0,133.0,645.0,0.7346938775510204,0.8120300751879699,0.6150627615062761,0.5116279069767442,0.625,0.6025369978858351,0.4666666666666667,0.56,0.6211832061068703,0.5211267605633803,0.5805084745762712,0.49471458773784355,16.460225708780623,0.44594594594594594,0.15590551181102363,0.0638002773925104,0.1440107671601615,0.08080808080808081,0.14949201741654572,0.07270323859881031,0.05351170568561873,0.059322033898305086,0.08166409861325115,0.1314878892733564,0.164,0.1388888888888889,0.15763546798029557,0.0392156862745098,0.5217391304347826,0.3699788583509514,0.72,0.7974683544303798,0.753968253968254,0.12050739957716702,0.3333333333333333,0.3877551020408163,0.631578947368421,0.014799154334038054,0.13107822410147993,0.5333333333333333,0.625,0.2,0.45,0.6666666666666666,0.15,0.864693446088795,0.5737666666666669,0.5755617647058823,0.5715427083333333,0.09746588693957114,0.17921146953405018,0.11367127496159754,0.21044546850998463,3.3108786610878664,26.111538461538462,0.2044678870617437,68.0,172.0,10.0,92.0,17.0,,168.0,68.0,26.0,54.0,38.0,52.0,0.39316239316239315,0.4,0.1087866108786611,0.09714285714285714,0.14035087719298245,0.07692307692307693,0.20833333333333334,0.36363636363636365,0.3953488372093023,0.3953488372093023,0.16666666666666666,0.40476190476190477,2.0,24.0,2.0,11.0,29.0,4.0,14.0,276.0,16.0,9.0,15.0,51.0,27.0,24.0,12.0,9.0,3.0,13.0,7.0,,10.0,,11.0,19.0,8.0,1.0,0.23529411764705882,0.3181818181818182,0.14285714285714285,0.21428571428571427,0.0756578947368421,0.2857142857142857,0.3333333333333333,0.5,0.3870967741935484,0.3870967741935484,1.0,1.0,0.2,1.0,0.29,0.3793103448275862,2.0,7.0,3.0,9.0,19.0,,,1.0,0.0989010989010989,0.11666666666666667,0.2857142857142857,1.0,0.2,4.0,,8.0,,,16.0,8.0,,,,,,False,2.0,,,,,
1628997,1610612755,Caleb Martin,Caleb Martin,1628997,PHI,56586.0,943,-124.0,1872,1878,391.0,443.0,215,3750,34.0,58.0,4.0,9.0,7.0,12.0,22.0,48.0,39.0,33.0,5.0,68.0,145.0,87.0,46.0,281.0,2166,10.0,20.0,7.0,36.0,12.0,31.0,14.0,18.0,51.0,64.0,72.0,10.0,35.0,69.0,9.0,172.0,21.0,21.0,48.0,38.0,93.0,43.0,136.0,4.0,25.0,1.0,18.0,18.0,43.0,13.0,23.0,63.0,61.0,10.0,74.0,26.0,15.0,7.0,6.0,20.0,6.0,,49.0,378.0,0.47058823529411764,0.5079365079365079,0.4689655172413793,0.5,0.3870967741935484,0.5064655172413793,0.5178571428571429,0.36666666666666664,0.530188679245283,0.5625,0.4473684210526316,0.375,14.59024159166272,0.5813953488372093,0.09268292682926829,0.04585152838427948,0.11320754716981132,0.04585152838427948,0.10311750599520383,0.04585152838427948,0.058823529411764705,0.043010752688172046,0.0446927374301676,0.09302325581395349,0.07692307692307693,0.11400651465798045,0.1111111111111111,0.03508771929824561,0.3,0.25,0.5862068965517241,0.6181818181818182,0.47058823529411764,0.20689655172413793,0.4583333333333333,0.5238095238095238,0.45454545454545453,0.16810344827586207,0.14224137931034483,0.32142857142857145,0.4444444444444444,,0.26666666666666666,0.5833333333333334,0.1111111111111111,0.625,0.5221956521739127,0.5047047619047618,0.5012911111111111,0.109375,0.15568862275449102,0.12811387900355872,0.18149466192170818,8.981379310344822,25.544827586206896,0.20886752136752137,15.0,54.0,4.0,33.0,8.0,,52.0,15.0,9.0,34.0,24.0,24.0,0.3793103448275862,0.38823529411764707,0.06206896551724138,0.05172413793103448,0.125,0.05,0.13043478260869565,0.23275862068965517,0.2777777777777778,0.2830188679245283,0.14285714285714285,0.28846153846153844,12.0,18.0,1.0,2.0,9.0,3.0,3.0,99.0,10.0,2.0,7.0,34.0,24.0,10.0,7.0,3.0,3.0,2.0,1.0,,4.0,,9.0,4.0,8.0,1.0,0.375,0.21428571428571427,,0.16279069767441862,0.033707865168539325,0.3076923076923077,0.3076923076923077,0.5,0.5454545454545454,0.5625,1.0,1.0,0.25,1.0,0.2,0.2222222222222222,2.0,4.0,1.0,1.0,5.0,5.0,4.0,,0.02127659574468085,0.14285714285714285,0.5,1.0,0.2,2.0,2.0,3.0,0.022988505747126436,0.018518518518518517,2.0,4.0,,,2.0,0.02247191011235955,3.0,False,2.0,,1.0,,1.0,0.030303030303030304
1630178,1610612755,Tyrese Maxey,Tyrese Maxey,1630178,PHI,116872.0,1948,-113.0,3943,3914,791.0,919.0,426,7857,188.0,318.0,15.0,21.0,36.0,61.0,94.0,220.0,75.0,45.0,12.0,316.0,613.0,476.0,254.0,1366.0,4670,22.0,37.0,10.0,96.0,60.0,122.0,97.0,92.0,284.0,194.0,438.0,8.0,160.0,316.0,46.0,788.0,4.0,10.0,100.0,56.0,158.0,15.0,173.0,4.0,76.0,12.0,47.0,32.0,123.0,22.0,55.0,115.0,224.0,7.0,289.0,121.0,20.0,5.0,13.0,21.0,6.0,,264.0,768.0,0.3069620253164557,0.3108974358974359,0.5154975530179445,0.5945945945945946,0.4918032786885246,0.5105601469237833,0.5733333333333334,0.4383561643835616,0.5600165562913907,0.5949367088607594,0.5223048327137546,0.43709825528007346,29.96161661774667,0.6178861788617886,0.06888068880688807,0.01079913606911447,0.11428571428571428,0.004314994606256742,0.0924170616113744,0.007555315704263357,0.013262599469496022,0.006493506493506494,0.002699055330634278,0.06686046511627906,0.051829268292682924,0.11764705882352941,0.10480349344978165,0.007462686567164179,0.2857142857142857,0.29201101928374656,0.5911949685534591,0.6596491228070176,0.35106382978723405,0.20202020202020202,0.42727272727272725,0.47474747474747475,0.23404255319148937,0.06887052341597796,0.04132231404958678,0.28,0.7142857142857143,0.4,0.2785388127853881,0.5901639344262295,0.0547945205479452,0.72910927456382,0.5384627649769588,0.5232255319148935,0.5135058139534886,0.10477001703577513,0.17385057471264367,0.07027818448023426,0.20790629575402636,6.0088091353996775,26.717226890756308,0.20060867359878265,146.0,431.0,30.0,160.0,38.0,243.0,427.0,146.0,56.0,156.0,112.0,98.0,0.33613445378151263,0.3389830508474576,0.09135399673735727,0.10377358490566038,0.1,0.010752688172043012,0.11347517730496454,0.3957759412304867,0.33874709976798145,0.34192037470725994,0.4,0.34192037470725994,34.0,14.0,12.0,20.0,85.0,14.0,24.0,237.0,44.0,16.0,2.0,91.0,56.0,35.0,44.0,7.0,2.0,5.0,1.0,1.0,38.0,15.0,34.0,8.0,18.0,0.49375,0.3684210526315789,0.24742268041237114,0.013333333333333334,0.02040816326530612,0.010126582278481013,0.4533333333333333,0.4594594594594595,0.2647058823529412,0.3111111111111111,0.3181818181818182,0.9285714285714286,0.4520547945205479,0.4,0.8333333333333334,0.3881278538812785,0.23529411764705882,2.0,8.0,4.0,1.0,2.0,1.0,1.0,,0.010638297872340425,0.10666666666666667,0.25,1.0,0.3333333333333333,4.0,5.0,10.0,0.01050420168067227,0.009280742459396751,2.0,8.0,,,2.0,0.0041841004184100415,2.0,False,2.0,,,,,0.022222222222222223
1630231,1610612755,KJ Martin,KJ Martin,1630231,PHI,28778.0,480,30.0,958,961,244.0,264.0,120,1919,44.0,65.0,6.0,8.0,8.0,12.0,8.0,12.0,1.0,15.0,3.0,53.0,78.0,21.0,24.0,154.0,1081,9.0,11.0,2.0,20.0,9.0,13.0,5.0,13.0,31.0,82.0,24.0,10.0,8.0,19.0,2.0,49.0,10.0,10.0,28.0,20.0,51.0,21.0,72.0,2.0,7.0,2.0,5.0,4.0,12.0,1.0,38.0,62.0,21.0,1.0,29.0,15.0,16.0,8.0,8.0,16.0,11.0,,31.0,241.0,0.7735849056603774,0.8541666666666666,0.6794871794871795,0.8181818181818182,0.6923076923076923,0.6565656565656566,0.6923076923076923,0.5,0.6875,0.7142857142857143,0.5961538461538461,0.21212121212121213,11.30355515041021,0.5833333333333334,0.09950248756218906,0.04149377593360996,0.1320754716981132,0.05128205128205128,0.1162227602905569,0.045871559633027525,0.0375,0.021739130434782608,0.044585987261146494,0.08860759493670886,0.08888888888888889,0.12994350282485875,0.14285714285714285,0.07692307692307693,0.6875,0.6565656565656566,0.676923076923077,0.8,0.8181818181818182,0.12121212121212122,0.6666666666666666,0.7272727272727273,0.5,0.010101010101010102,0.15151515151515152,0.6153846153846154,0.75,0.16666666666666666,0.6666666666666666,0.6666666666666666,0.16666666666666666,0.8686868686868687,0.62565101010101,0.5439833333333334,0.6153638888888887,0.13513513513513514,0.16666666666666666,0.12987012987012986,0.2012987012987013,2.597435897435898,23.814285714285713,0.2546972860125261,1.0,6.0,1.0,8.0,2.0,,6.0,1.0,11.0,11.0,9.0,5.0,0.38095238095238093,0.38095238095238093,0.14102564102564102,0.15384615384615385,0.08333333333333333,0.07894736842105263,0.15625,0.06060606060606061,0.16666666666666666,0.16666666666666666,0.07692307692307693,0.16666666666666666,1.0,7.0,,,2.0,,,24.0,2.0,1.0,3.0,11.0,7.0,4.0,3.0,3.0,,1.0,,,3.0,,1.0,2.0,1.0,1.0,,,,0.15789473684210525,0.05217391304347826,1.0,1.0,1.0,0.4666666666666667,0.5,1.0,1.0,,,0.1111111111111111,,,1.0,,1.0,1.0,,,,0.03125,0.07692307692307693,,,,,1.0,,0.047619047619047616,,1.0,2.0,,,,,,False,,,1.0,,,0.06666666666666667
1630288,1610612755,Jeff Dowtin Jr.,Jeff Dowtin Jr.,1630288,PHI,28483.0,475,-112.0,950,947,244.0,231.0,121,1897,26.0,43.0,1.0,4.0,6.0,11.0,26.0,51.0,24.0,12.0,4.0,61.0,118.0,53.0,23.0,211.0,1135,4.0,9.0,4.0,18.0,18.0,33.0,15.0,8.0,59.0,36.0,86.0,2.0,32.0,63.0,9.0,157.0,4.0,5.0,23.0,18.0,41.0,9.0,50.0,1.0,9.0,1.0,4.0,2.0,13.0,6.0,10.0,24.0,27.0,,32.0,16.0,6.0,4.0,,8.0,7.0,,59.0,243.0,0.29508196721311475,0.3,0.5169491525423728,0.4444444444444444,0.5454545454545454,0.5497076023391813,0.5,0.53125,0.5733695652173914,0.5625,0.5566037735849056,0.30994152046783624,18.19021237303786,0.6923076923076923,0.08780487804878048,0.022026431718061675,0.10176991150442478,0.016666666666666666,0.0951276102088167,0.019271948608137045,0.010752688172043012,0.043478260869565216,0.015625,0.08421052631578947,0.08433734939759036,0.10778443113772455,0.0847457627118644,0.01282051282051282,0.875,0.25146198830409355,0.6046511627906976,0.65,0.34615384615384615,0.2982456140350877,0.5098039215686274,0.5531914893617021,0.19230769230769232,0.14035087719298245,0.07017543859649122,0.2857142857142857,0.25,,0.22916666666666666,0.5454545454545454,0.08333333333333333,0.5614035087719298,0.5113371345029241,0.5257857142857143,0.4770614583333333,0.08839779005524862,0.125,0.08530805687203792,0.2796208530805687,8.042372881355933,25.55094339622642,0.25684210526315787,16.0,41.0,4.0,22.0,5.0,24.0,41.0,16.0,7.0,31.0,23.0,21.0,0.41509433962264153,0.41509433962264153,0.059322033898305086,0.06976744186046512,0.0784313725490196,0.020833333333333332,0.1111111111111111,0.23976608187134502,0.3902439024390244,0.3902439024390244,0.2857142857142857,0.3902439024390244,9.0,6.0,1.0,4.0,11.0,2.0,5.0,42.0,8.0,2.0,,15.0,11.0,4.0,7.0,2.0,,1.0,,1.0,6.0,,3.0,1.0,3.0,0.6363636363636364,0.4,0.3333333333333333,,,0.022727272727272728,0.375,0.375,0.4444444444444444,0.5,0.5,1.0,0.5,0.25,1.0,0.22916666666666666,0.36363636363636365,1.0,1.0,1.0,,,2.0,1.0,,,0.07142857142857142,1.0,1.0,0.25,,,,,,1.0,,,,,,1.0,False,2.0,,,,1.0,
1641737,1610612755,Adem Bona,Adem Bona,1641737,PHI,33463.0,558,-83.0,1113,1104,296.0,365.0,143,2217,59.0,81.0,23.0,32.0,11.0,12.0,7.0,15.0,,,,66.0,96.0,,45.0,177.0,1323,24.0,37.0,14.0,62.0,11.0,13.0,,21.0,43.0,84.0,48.0,36.0,12.0,16.0,4.0,36.0,17.0,37.0,45.0,41.0,89.0,55.0,144.0,1.0,11.0,3.0,23.0,5.0,34.0,8.0,50.0,87.0,57.0,2.0,64.0,28.0,38.0,21.0,17.0,38.0,22.0,,43.0,296.0,0.6363636363636364,0.875,0.6875,0.6486486486486487,0.8461538461538461,0.6875,0.6486486486486487,0.8461538461538461,0.7137096774193549,0.7045454545454546,0.8958333333333334,,12.225705329153605,0.3235294117647059,0.16666666666666666,0.137546468401487,0.16483516483516483,0.06463878326996197,0.16570327552986513,0.10150375939849623,0.12307692307692308,0.09302325581395349,0.06862745098039216,0.22448979591836735,0.125,0.18181818181818182,0.12,0.05,0.5789473684210527,0.84375,0.7283950617283951,0.7972972972972973,0.6271186440677966,0.15625,0.4666666666666667,0.5384615384615384,0.7142857142857143,,,0.8648648648648649,0.71875,0.21739130434782608,0.9230769230769231,0.9166666666666666,,0.84375,0.6206677083333335,0.6089566666666669,0.6264153846153846,0.24561403508771928,0.24561403508771928,0.3502824858757062,0.24293785310734464,2.3583333333333325,,0.265947888589398,,,,,,,,,9.0,4.0,2.0,7.0,,,0.09375,0.08641975308641975,0.13333333333333333,0.05084745762711865,0.1388888888888889,,,,,,,,,,,,,,2.0,1.0,3.0,14.0,10.0,4.0,6.0,2.0,3.0,13.0,,,10.0,,10.0,6.0,8.0,,,,,0.10344827586206896,0.17708333333333334,,,,,,,,,,,,,,,1.0,4.0,,,11.0,0.04,,,,,,,1.0,,,14.0,2.0,,1.0,,,1.0,False,,,,,,
1641741,1610612755,Ricky Council IV,Ricky Council IV,1641741,PHI,54636.0,911,-161.0,1818,1825,521.0,577.0,214,3643,61.0,100.0,9.0,17.0,18.0,30.0,28.0,73.0,9.0,41.0,11.0,90.0,182.0,159.0,83.0,392.0,2207,11.0,24.0,,37.0,29.0,51.0,43.0,29.0,123.0,86.0,94.0,8.0,43.0,70.0,9.0,167.0,19.0,19.0,63.0,32.0,107.0,40.0,147.0,10.0,15.0,4.0,19.0,6.0,34.0,11.0,24.0,53.0,75.0,2.0,103.0,51.0,7.0,4.0,3.0,7.0,4.0,,123.0,521.0,0.4777777777777778,0.5,0.4945054945054945,0.4583333333333333,0.5686274509803921,0.4530791788856305,0.42045454545454547,0.5,0.5051679586563308,0.42045454545454547,0.5596330275229358,0.4662756598240469,20.516569200779728,0.4411764705882353,0.0862533692722372,0.046798029556650245,0.14754098360655737,0.04194260485651214,0.11904761904761904,0.04423748544819558,0.026455026455026454,,0.036827195467422094,0.08125,0.10126582278481013,0.12539184952978055,0.21296296296296297,0.0546448087431694,0.5714285714285714,0.2932551319648094,0.61,0.6421052631578947,0.5737704918032787,0.21407624633431085,0.3835616438356164,0.4444444444444444,0.2857142857142857,0.026392961876832845,0.12023460410557185,0.38636363636363635,0.5294117647058824,0.4444444444444444,0.3191489361702128,0.6,0.11702127659574468,0.7595307917888563,0.5422392011834322,0.5220521739130435,0.5417048387096774,0.1328125,0.22666666666666666,0.09438775510204081,0.3137755102040816,5.095604395604393,26.35157232704403,0.28657865786578657,26.0,118.0,16.0,43.0,20.0,12.0,117.0,26.0,17.0,27.0,19.0,30.0,0.27044025157232704,0.2721518987341772,0.09340659340659341,0.05,0.136986301369863,0.06,0.05660377358490566,0.3460410557184751,0.22033898305084745,0.2222222222222222,0.36363636363636365,0.2222222222222222,1.0,17.0,3.0,6.0,32.0,5.0,12.0,117.0,8.0,4.0,12.0,26.0,15.0,11.0,9.0,5.0,4.0,4.0,,,8.0,1.0,3.0,2.0,3.0,0.9069767441860465,0.25,0.27906976744186046,0.2222222222222222,0.24,0.08536585365853659,0.1111111111111111,0.14285714285714285,,0.4146341463414634,0.4146341463414634,0.9411764705882353,0.8846153846153846,0.1875,1.0,0.3404255319148936,0.1875,2.0,4.0,6.0,2.0,7.0,,,,0.045454545454545456,0.09090909090909091,0.5,0.5,0.5454545454545454,1.0,1.0,3.0,0.006289308176100629,0.00847457627118644,5.0,1.0,,,,,,False,,,1.0,,,
1642272,1610612755,Jared McCain,Jared McCain,1642272,PHI,35507.0,592,-27.0,1183,1181,259.0,253.0,143,2364,41.0,70.0,5.0,6.0,5.0,10.0,24.0,50.0,21.0,30.0,7.0,75.0,141.0,133.0,49.0,352.0,1349,8.0,10.0,,25.0,10.0,25.0,27.0,17.0,79.0,48.0,102.0,6.0,40.0,60.0,12.0,140.0,10.0,3.0,19.0,22.0,43.0,13.0,56.0,,28.0,2.0,9.0,14.0,37.0,10.0,11.0,37.0,45.0,1.0,56.0,21.0,,,,,,,77.0,255.0,0.32,0.3333333333333333,0.5319148936170213,0.8,0.4,0.5529197080291971,0.6944444444444444,0.5961538461538461,0.5886287625418061,0.6944444444444444,0.6475409836065574,0.4854014598540146,25.093353248693052,0.7567567567567568,0.08527131782945736,0.01090909090909091,0.06985294117647059,0.03546099290780142,0.07735849056603773,0.02333931777378815,,0.038461538461538464,0.03669724770642202,0.0891089108910891,0.06611570247933884,0.07614213197969544,0.05333333333333334,,,0.25547445255474455,0.5857142857142857,0.640625,0.34146341463414637,0.18248175182481752,0.48,0.5217391304347826,0.25,0.07664233576642336,0.10948905109489052,0.3333333333333333,0.8333333333333334,0.2,0.19230769230769232,0.5,0.1346153846153846,0.7408759124087592,0.5311886861313868,0.48833125,0.5052961538461538,0.08135593220338982,0.1320754716981132,0.07102272727272728,0.22443181818181818,6.580851063829789,25.960902255639095,0.21893491124260356,41.0,103.0,6.0,51.0,8.0,30.0,103.0,41.0,10.0,20.0,15.0,26.0,0.38345864661654133,0.38345864661654133,0.07092198581560284,0.08571428571428572,0.08,0.03125,0.1388888888888889,0.3759124087591241,0.39805825242718446,0.4019607843137255,0.3333333333333333,0.39805825242718446,10.0,10.0,2.0,10.0,20.0,3.0,14.0,123.0,5.0,2.0,2.0,15.0,10.0,5.0,14.0,2.0,2.0,1.0,,,3.0,,4.0,3.0,3.0,0.803921568627451,0.375,0.5185185185185185,,0.09523809523809523,0.00847457627118644,0.47619047619047616,0.47619047619047616,0.4,0.3333333333333333,0.3333333333333333,0.9,0.7804878048780488,0.3333333333333333,1.0,0.38461538461538464,0.5,1.0,2.0,4.0,,5.0,,,,,0.1111111111111111,0.5,1.0,0.5714285714285714,,1.0,2.0,0.007518796992481203,0.009708737864077669,1.0,2.0,,,3.0,0.022058823529411766,,False,,,,,,
1642348,1610612755,Justin Edwards,Justin Edwards,1642348,PHI,51210.0,854,-206.0,1724,1714,345.0,408.0,212,3438,41.0,61.0,8.0,12.0,10.0,13.0,15.0,41.0,15.0,35.0,7.0,64.0,117.0,137.0,20.0,298.0,2172,12.0,22.0,1.0,46.0,12.0,19.0,21.0,5.0,50.0,66.0,62.0,16.0,33.0,46.0,7.0,105.0,17.0,16.0,36.0,29.0,72.0,36.0,108.0,6.0,18.0,4.0,20.0,10.0,38.0,6.0,46.0,78.0,26.0,3.0,29.0,12.0,12.0,8.0,4.0,12.0,7.0,,49.0,341.0,0.515625,0.5892857142857143,0.5470085470085471,0.5454545454545454,0.631578947368421,0.547244094488189,0.5625,0.5625,0.5559701492537313,0.5609756097560976,0.5681818181818182,0.5393700787401575,15.556685307574986,0.47368421052631576,0.0855457227138643,0.0387409200968523,0.096,0.0405727923627685,0.09103641456582633,0.039663461538461536,0.0546448087431694,0.015384615384615385,0.045714285714285714,0.0945945945945946,0.08333333333333333,0.10902255639097744,0.06422018348623854,0.05,0.5833333333333334,0.24015748031496062,0.6721311475409836,0.7735849056603774,0.4878048780487805,0.16141732283464566,0.36585365853658536,0.4166666666666667,0.6,0.05905511811023622,0.1377952755905512,0.3,0.6666666666666666,0.125,0.325,0.7692307692307693,0.175,0.7795275590551181,0.5557082677165351,0.5441125,0.56348625,0.045283018867924525,0.09375,0.15436241610738255,0.16778523489932887,5.852136752136751,25.46423357664234,0.20011600928074247,36.0,102.0,15.0,50.0,18.0,9.0,102.0,36.0,14.0,13.0,9.0,24.0,0.36496350364963503,0.36496350364963503,0.11965811965811966,0.13114754098360656,0.12195121951219512,0.014492753623188406,0.06382978723404255,0.4015748031496063,0.35294117647058826,0.36363636363636365,0.375,0.35294117647058826,8.0,14.0,6.0,3.0,14.0,7.0,7.0,141.0,4.0,2.0,7.0,30.0,18.0,12.0,8.0,4.0,,1.0,,,1.0,,3.0,9.0,1.0,0.94,0.3888888888888889,0.3333333333333333,0.06666666666666667,0.175,0.030303030303030304,0.5333333333333333,0.5714285714285714,0.5,0.4,0.4117647058823529,1.0,0.9166666666666666,0.4,0.8333333333333334,0.35,0.21428571428571427,1.0,3.0,4.0,3.0,2.0,,,,0.06666666666666667,0.075,0.3333333333333333,1.0,0.5714285714285714,,4.0,5.0,0.029197080291970802,0.029411764705882353,,8.0,1.0,,,,,False,,,,,,0.02857142857142857
200768,1610612755,Kyle Lowry,Kyle Lowry,200768,PHI,37469.0,624,-58.0,1256,1260,286.0,351.0,131,2516,4.0,6.0,,2.0,1.0,1.0,6.0,16.0,6.0,19.0,3.0,11.0,28.0,84.0,27.0,133.0,1407,1.0,3.0,3.0,17.0,2.0,7.0,18.0,9.0,34.0,14.0,8.0,,53.0,93.0,7.0,226.0,5.0,4.0,32.0,22.0,54.0,11.0,65.0,,13.0,4.0,7.0,2.0,20.0,3.0,31.0,61.0,35.0,1.0,33.0,10.0,11.0,2.0,7.0,11.0,5.0,,33.0,276.0,0.6363636363636364,0.6363636363636364,0.39285714285714285,0.3333333333333333,0.2857142857142857,0.4732142857142857,0.5,0.5,0.51953125,0.53125,0.5483870967741935,0.75,10.518834399431414,0.65,0.08835341365461848,0.013888888888888888,0.09907120743034056,0.015337423312883436,0.0944055944055944,0.014657980456026058,0.021897810218978103,,0.0196078431372549,0.022988505747126436,0.11570247933884298,0.08641975308641975,0.1375,,0.45454545454545453,0.05357142857142857,0.6666666666666666,0.6666666666666666,0.5,0.14285714285714285,0.375,0.5454545454545454,0.6666666666666666,0.05357142857142857,0.16964285714285715,0.14285714285714285,,,0.04,1.0,0.12,0.8035714285714286,0.518475909090909,0.5381277777777779,0.49274347826086956,0.08943089430894309,0.2631578947368421,0.12781954887218044,0.2556390977443609,8.835714285714287,26.583333333333318,0.22770700636942676,22.0,65.0,10.0,28.0,11.0,6.0,64.0,22.0,7.0,40.0,26.0,42.0,0.3333333333333333,0.3373493975903614,0.25,,0.3125,,0.14634146341463414,0.5803571428571429,0.3384615384615385,0.3384615384615385,0.7142857142857143,0.34375,1.0,6.0,3.0,6.0,15.0,4.0,7.0,78.0,14.0,4.0,,31.0,15.0,16.0,11.0,3.0,,1.0,6.0,,,,5.0,3.0,4.0,0.9285714285714286,0.36363636363636365,0.3888888888888889,0.3333333333333333,,0.00980392156862745,0.16666666666666666,0.25,1.0,0.3157894736842105,0.3157894736842105,1.0,0.9090909090909091,0.3,1.0,0.6,0.4,1.0,1.0,1.0,2.0,7.0,,,,0.0625,0.07142857142857142,1.0,1.0,0.3333333333333333,1.0,,1.0,,,3.0,,,,1.0,0.011764705882352941,,False,2.0,,,,,
201569,1610612755,Eric Gordon,Eric Gordon,201569,PHI,46108.0,768,-72.0,1555,1549,393.0,373.0,167,3104,21.0,38.0,2.0,3.0,3.0,6.0,8.0,25.0,4.0,19.0,3.0,31.0,67.0,137.0,36.0,266.0,1849,4.0,7.0,,17.0,5.0,13.0,32.0,13.0,53.0,44.0,18.0,4.0,37.0,65.0,7.0,158.0,4.0,4.0,17.0,17.0,38.0,8.0,46.0,4.0,12.0,8.0,16.0,4.0,28.0,8.0,19.0,32.0,33.0,1.0,48.0,18.0,10.0,4.0,3.0,12.0,11.0,,53.0,384.0,0.7096774193548387,0.7586206896551724,0.4626865671641791,0.5714285714285714,0.38461538461538464,0.5637254901960784,0.4722222222222222,0.4444444444444444,0.5866666666666667,0.4722222222222222,0.49074074074074076,0.6715686274509803,14.482758620689657,0.42857142857142855,0.05014749262536873,0.011730205278592375,0.05167173252279635,0.011396011396011397,0.05089820359281437,0.011560693641618497,0.006993006993006993,,0.013937282229965157,0.028985507246376812,0.05384615384615385,0.046413502109704644,0.06521739130434782,0.04,0.9166666666666666,0.18627450980392157,0.5526315789473685,0.7,0.6666666666666666,0.12254901960784313,0.32,0.42105263157894735,0.75,0.0196078431372549,0.09313725490196079,0.16666666666666666,0.6666666666666666,,0.13333333333333333,0.5,0.06666666666666667,0.8578431372549019,0.539572772277228,0.54253,0.5393697674418605,0.09049773755656108,0.21951219512195122,0.06390977443609022,0.19924812030075187,4.714925373134329,27.268613138686135,0.2527331189710611,46.0,118.0,9.0,56.0,11.0,9.0,116.0,46.0,14.0,28.0,17.0,28.0,0.40875912408759124,0.4148148148148148,0.208955223880597,0.21052631578947367,0.24,,0.08450704225352113,0.5784313725490197,0.3898305084745763,0.3898305084745763,0.5,0.39655172413793105,2.0,10.0,3.0,9.0,29.0,3.0,10.0,159.0,11.0,2.0,4.0,26.0,10.0,16.0,8.0,2.0,2.0,,,,3.0,2.0,4.0,1.0,3.0,0.9464285714285714,0.2727272727272727,0.3125,,0.10256410256410256,0.02,0.5,0.5,1.0,0.5263157894736842,0.5263157894736842,1.0,0.9347826086956522,0.3333333333333333,1.0,0.6444444444444445,0.3103448275862069,,2.0,1.0,,,2.0,2.0,,,0.1111111111111111,,,0.3333333333333333,2.0,,2.0,,,2.0,3.0,,,2.0,0.014388489208633094,1.0,False,3.0,,,,,
202331,1610612755,Paul George,Paul George,202331,PHI,77447.0,1291,-83.0,2619,2601,482.0,525.0,276,5220,58.0,78.0,4.0,6.0,7.0,8.0,36.0,97.0,120.0,48.0,9.0,146.0,295.0,261.0,79.0,659.0,2986,12.0,22.0,2.0,56.0,20.0,41.0,47.0,29.0,111.0,84.0,208.0,4.0,94.0,173.0,18.0,425.0,16.0,7.0,91.0,79.0,186.0,24.0,210.0,2.0,68.0,15.0,36.0,24.0,104.0,19.0,42.0,99.0,110.0,5.0,97.0,41.0,16.0,10.0,5.0,19.0,12.0,,106.0,463.0,0.2876712328767123,0.2916666666666667,0.49491525423728816,0.5454545454545454,0.4878048780487805,0.5215827338129496,0.675,0.4659090909090909,0.5501672240802675,0.6829268292682927,0.5388349514563107,0.4694244604316547,23.965811965811966,0.6538461538461539,0.14711359404096835,0.011111111111111112,0.14677419354838708,0.026622296173044926,0.14693171996542784,0.01868399675060926,0.011764705882352941,,0.025423728813559324,0.1346153846153846,0.16877637130801687,0.14565217391304347,0.15,0.006896551724137931,0.631578947368421,0.14028776978417265,0.7435897435897436,0.8285714285714286,0.3448275862068966,0.17446043165467626,0.3711340206185567,0.41379310344827586,0.25,0.2158273381294964,0.08633093525179857,0.15,0.6666666666666666,0.25,0.09090909090909091,0.875,0.10227272727272728,0.6097122302158273,0.50715678119349,0.4727928571428571,0.49139823529411764,0.07470288624787776,0.12576687116564417,0.08497723823975721,0.16843702579666162,10.826101694915254,26.03601532567051,0.18403970981290568,82.0,213.0,15.0,96.0,18.0,99.0,211.0,82.0,18.0,79.0,53.0,71.0,0.367816091954023,0.37065637065637064,0.061016949152542375,0.10256410256410256,0.10309278350515463,0.031007751937984496,0.11956521739130435,0.3830935251798561,0.38497652582159625,0.3867924528301887,0.375,0.3886255924170616,52.0,14.0,9.0,11.0,38.0,10.0,14.0,189.0,26.0,5.0,16.0,71.0,43.0,28.0,44.0,7.0,2.0,9.0,2.0,,10.0,1.0,9.0,12.0,5.0,0.65625,0.5555555555555556,0.2978723404255319,,0.3404255319148936,0.0163265306122449,0.43333333333333335,0.43333333333333335,0.25,0.2916666666666667,0.2916666666666667,0.8571428571428571,0.6219512195121951,0.6,0.5555555555555556,0.4318181818181818,0.2894736842105263,1.0,3.0,3.0,1.0,6.0,3.0,2.0,1.0,0.01818181818181818,0.075,0.3333333333333333,1.0,0.3333333333333333,2.0,1.0,2.0,0.0038314176245210726,0.004694835680751174,4.0,4.0,,1.0,3.0,0.011406844106463879,2.0,False,1.0,,,1.0,1.0,
203083,1610612755,Andre Drummond,Andre Drummond,203083,PHI,42209.0,703,-195.0,1391,1413,219.0,219.0,194,2804,85.0,145.0,31.0,63.0,16.0,22.0,23.0,57.0,2.0,8.0,1.0,109.0,204.0,17.0,51.0,275.0,1698,34.0,69.0,17.0,88.0,21.0,30.0,4.0,20.0,62.0,138.0,80.0,58.0,22.0,32.0,6.0,74.0,33.0,68.0,95.0,82.0,193.0,106.0,299.0,12.0,19.0,6.0,36.0,10.0,55.0,6.0,49.0,90.0,65.0,1.0,84.0,37.0,13.0,5.0,8.0,14.0,6.0,4.0,62.0,217.0,0.6330275229357798,0.8625,0.5343137254901961,0.4927536231884058,0.7,0.5067873303167421,0.5,0.6176470588235294,0.5329457364341085,0.5301204819277109,0.6078431372549019,0.07692307692307693,19.24969249692497,0.34545454545454546,0.27796610169491526,0.17302798982188294,0.29780564263322884,0.10509554140127389,0.28827361563517917,0.14285714285714285,0.20238095238095238,0.1724137931034483,0.09387755102040816,0.2265625,0.30701754385964913,0.2948207171314741,0.3088235294117647,0.14634146341463414,0.42857142857142855,0.6561085972850679,0.5862068965517241,0.6538461538461539,0.5764705882352941,0.2579185520361991,0.40350877192982454,0.5,0.8260869565217391,0.00904977375565611,0.03619909502262444,0.8873239436619719,0.49206349206349204,0.0967741935483871,0.6470588235294118,0.7272727272727273,0.029411764705882353,0.7330316742081447,0.5857458904109587,0.605156862745098,0.576503125,0.14919354838709678,0.16017316017316016,0.32,0.22545454545454546,3.1642156862745106,28.97647058823529,0.15744069015097054,,9.0,,2.0,2.0,3.0,7.0,,26.0,10.0,7.0,13.0,0.11764705882352941,0.13333333333333333,0.12745098039215685,0.10344827586206896,0.19298245614035087,0.14492753623188406,0.33962264150943394,0.04072398190045249,,,,,1.0,2.0,,,3.0,1.0,,3.0,3.0,3.0,16.0,38.0,20.0,18.0,9.0,10.0,4.0,15.0,,,10.0,,10.0,2.0,10.0,0.5,0.5,,,0.5333333333333333,0.1437125748502994,0.5,0.5,1.0,0.25,0.25,0.5,,,,0.08823529411764706,,1.0,2.0,,5.0,4.0,1.0,1.0,1.0,0.1282051282051282,0.028169014084507043,0.5,,,2.0,,3.0,,,13.0,3.0,1.0,5.0,,,,False,,,,,,
203954,1610612755,Joel Embiid,Joel Embiid,203954,PHI,32847.0,547,-53.0,1122,1120,234.0,243.0,100,2242,47.0,76.0,10.0,21.0,8.0,13.0,41.0,87.0,70.0,,,115.0,233.0,74.0,143.0,442.0,1254,14.0,32.0,13.0,41.0,24.0,48.0,6.0,43.0,100.0,122.0,108.0,20.0,47.0,82.0,8.0,199.0,14.0,21.0,61.0,46.0,111.0,35.0,146.0,13.0,30.0,11.0,28.0,18.0,58.0,14.0,21.0,40.0,112.0,1.0,162.0,73.0,15.0,9.0,5.0,16.0,8.0,1.0,97.0,228.0,0.5304347826086957,0.580952380952381,0.49356223175965663,0.4375,0.5,0.48697068403908794,0.4,0.5277777777777778,0.5772251308900523,0.4880952380952381,0.6493506493506493,0.24104234527687296,35.575364667747166,0.5172413793103449,0.19574468085106383,0.08641975308641975,0.21631205673758866,0.05,0.20696324951644102,0.06692160611854685,0.0851063829787234,0.017241379310344827,0.04128440366972477,0.12987012987012986,0.21311475409836064,0.2097560975609756,0.23376623376623376,0.08496732026143791,0.5,0.247557003257329,0.618421052631579,0.6527777777777778,0.574468085106383,0.28338762214983715,0.47126436781609193,0.5125,0.4878048780487805,0.2280130293159609,,0.6,0.47619047619047616,0.1,0.24074074074074073,0.6153846153846154,,0.48859934853420195,0.5016135179153095,0.561225,0.4676907407407407,0.1983695652173913,0.24829931972789115,0.09276018099547512,0.22624434389140272,9.289270386266095,26.435135135135134,0.20855614973262032,23.0,74.0,3.0,23.0,3.0,3.0,74.0,23.0,13.0,35.0,28.0,36.0,0.3108108108108108,0.3108108108108108,0.055793991416309016,0.05263157894736842,0.08045977011494253,0.08064516129032258,0.2777777777777778,0.24104234527687296,0.3108108108108108,0.3150684931506849,0.08571428571428572,0.3108108108108108,27.0,,,3.0,6.0,,3.0,66.0,7.0,3.0,4.0,13.0,9.0,4.0,12.0,2.0,7.0,3.0,,,12.0,1.0,14.0,2.0,11.0,0.9565217391304348,,0.5,0.02857142857142857,0.25,0.13186813186813187,0.38571428571428573,0.39705882352941174,0.5185185185185185,,,,0.9565217391304348,,,0.1111111111111111,0.5,,,,,1.0,1.0,,,,,,,,,1.0,3.0,0.013513513513513514,0.013513513513513514,3.0,3.0,,,,,,False,1.0,,,,1.0,
202704,1610612755,Reggie Jackson,Reggie Jackson,202704,PHI,23040.0,384,-19.0,761,764,217.0,201.0,86,1525,11.0,19.0,1.0,2.0,1.0,4.0,12.0,28.0,12.0,15.0,4.0,27.0,59.0,74.0,7.0,136.0,880,1.0,3.0,,11.0,4.0,10.0,27.0,4.0,33.0,24.0,30.0,2.0,24.0,45.0,6.0,111.0,4.0,4.0,25.0,8.0,34.0,8.0,42.0,2.0,9.0,3.0,8.0,,17.0,4.0,10.0,34.0,8.0,1.0,9.0,3.0,3.0,2.0,1.0,3.0,,,33.0,217.0,0.4444444444444444,0.46153846153846156,0.4576271186440678,0.3333333333333333,0.4,0.4849624060150376,0.7857142857142857,0.3918918918918919,0.49635036496350365,0.7857142857142857,0.4125,0.556390977443609,17.92782305005821,0.5294117647058824,0.05228758169934641,0.023255813953488372,0.13089005235602094,0.021164021164021163,0.09593023255813954,0.0221606648199446,0.013888888888888888,0.07407407407407407,0.028169014084507043,0.05172413793103448,0.05405405405405406,0.12337662337662338,0.16216216216216217,0.0273972602739726,,0.14285714285714285,0.5789473684210527,0.6470588235294118,0.6363636363636364,0.21052631578947367,0.42857142857142855,0.42857142857142855,0.4166666666666667,0.09022556390977443,0.11278195488721804,0.2857142857142857,0.5,,0.10810810810810811,0.25,0.10810810810810811,0.6992481203007519,0.515079389312977,0.51815,0.49906428571428574,0.022222222222222223,0.04918032786885246,0.08088235294117647,0.2426470588235294,7.913559322033897,26.62837837837838,0.2851511169513798,19.0,59.0,2.0,25.0,4.0,15.0,57.0,19.0,2.0,21.0,13.0,16.0,0.33783783783783783,0.3472222222222222,0.03389830508474576,0.10526315789473684,,,0.047619047619047616,0.44360902255639095,0.3220338983050847,0.3275862068965517,0.2857142857142857,0.3333333333333333,4.0,6.0,2.0,6.0,23.0,3.0,7.0,60.0,8.0,2.0,1.0,16.0,10.0,6.0,9.0,1.0,1.0,1.0,,,1.0,,2.0,,2.0,0.8,0.75,0.25925925925925924,,0.06666666666666667,0.0136986301369863,0.3333333333333333,0.3333333333333333,,0.4,0.4,1.0,0.7368421052631579,1.0,1.0,0.6216216216216216,0.2608695652173913,1.0,2.0,1.0,,2.0,,,,,0.2857142857142857,0.5,1.0,0.25,2.0,1.0,1.0,0.013513513513513514,0.01694915254237288,,1.0,,,,,,False,,,1.0,,,
1629022,1610612755,Lonnie Walker IV,Lonnie Walker IV,1629022,PHI,11247.0,187,-103.0,370,379,51.0,101.0,52,749,6.0,8.0,,,,,4.0,9.0,4.0,10.0,3.0,11.0,21.0,53.0,7.0,80.0,477,1.0,1.0,2.0,13.0,,,11.0,,6.0,16.0,6.0,,12.0,20.0,4.0,48.0,,2.0,9.0,9.0,18.0,2.0,20.0,,4.0,,5.0,1.0,9.0,2.0,7.0,10.0,5.0,,7.0,4.0,3.0,2.0,1.0,3.0,2.0,,6.0,51.0,0.7272727272727273,0.7272727272727273,0.5238095238095238,1.0,,0.49324324324324326,0.6111111111111112,0.2727272727272727,0.5194805194805194,0.65,0.2727272727272727,0.7162162162162162,20.046620046620045,0.4444444444444444,0.125,0.024096385542168676,0.09183673469387756,,0.10588235294117647,0.010256410256410256,,,,0.13333333333333333,0.13333333333333333,0.08823529411764706,0.1,,0.6666666666666666,0.10810810810810811,0.75,0.8571428571428571,1.0,0.12162162162162163,0.4444444444444444,0.5,0.5,0.05405405405405406,0.13513513513513514,,,,,,0.2727272727272727,0.8243243243243243,0.5263736111111111,0.50301,0.55155,0.05194805194805195,0.16666666666666666,0.1625,0.075,7.642857142857143,26.91698113207547,0.13783783783783785,15.0,43.0,5.0,17.0,8.0,9.0,41.0,15.0,2.0,8.0,7.0,8.0,0.32075471698113206,0.3333333333333333,0.09523809523809523,0.125,0.1111111111111111,,0.08333333333333333,0.581081081081081,0.3488372093023256,0.36585365853658536,0.5555555555555556,0.36585365853658536,1.0,2.0,2.0,2.0,8.0,3.0,2.0,42.0,1.0,,,5.0,4.0,1.0,3.0,,1.0,,,,1.0,,,1.0,,0.8235294117647058,0.375,0.18181818181818182,,,0.06451612903225806,0.25,0.25,,0.2,0.2,1.0,0.8,0.4,1.0,0.7272727272727273,0.25,1.0,3.0,,,,,,,,0.3333333333333333,0.3333333333333333,1.0,,2.0,2.0,1.0,0.03773584905660377,0.046511627906976744,,1.0,,,,,1.0,False,,,,,,
1629656,1610612755,Quentin Grimes,Quentin Grimes,1629656,PHI,30608.0,510,-171.0,1028,1028,207.0,249.0,141,2056,46.0,70.0,9.0,13.0,13.0,17.0,10.0,23.0,18.0,16.0,5.0,63.0,111.0,112.0,43.0,286.0,1323,10.0,16.0,8.0,46.0,21.0,34.0,22.0,10.0,82.0,34.0,92.0,8.0,36.0,70.0,7.0,174.0,12.0,8.0,38.0,20.0,59.0,20.0,79.0,5.0,22.0,6.0,15.0,10.0,37.0,7.0,19.0,31.0,51.0,5.0,57.0,23.0,4.0,3.0,1.0,5.0,3.0,,82.0,206.0,0.2698412698412698,0.288135593220339,0.5675675675675675,0.625,0.6176470588235294,0.5448430493273543,0.6785714285714286,0.6428571428571429,0.5792682926829268,0.71875,0.6612903225806451,0.5022421524663677,23.841617523167653,0.5945945945945946,0.09174311926605505,0.03225806451612903,0.15510204081632653,0.045112781954887216,0.12526997840172785,0.038910505836575876,0.02912621359223301,,0.037383177570093455,0.0970873786407767,0.011627906976744186,0.1686046511627907,0.1232876712328767,0.04672897196261682,0.6,0.31390134529147984,0.6571428571428571,0.7540983606557377,0.32608695652173914,0.1031390134529148,0.43478260869565216,0.47619047619047616,0.2,0.08071748878923767,0.07174887892376682,0.4642857142857143,0.6923076923076923,0.3333333333333333,0.30357142857142855,0.7647058823529411,0.08928571428571429,0.8161434977578476,0.5655700450450452,0.5305678571428573,0.5602809090909092,0.1,0.18110236220472442,0.16083916083916083,0.2867132867132867,5.7153153153153164,25.88839285714286,0.20136186770428016,29.0,96.0,9.0,39.0,12.0,33.0,96.0,29.0,11.0,34.0,25.0,27.0,0.3482142857142857,0.3482142857142857,0.0990990990990991,0.12857142857142856,0.08695652173913043,0.07692307692307693,0.3103448275862069,0.4304932735426009,0.3020833333333333,0.3020833333333333,0.32142857142857145,0.3020833333333333,7.0,10.0,5.0,7.0,17.0,6.0,10.0,84.0,9.0,2.0,1.0,17.0,9.0,8.0,12.0,3.0,,,1.0,,7.0,2.0,5.0,3.0,5.0,0.717948717948718,0.5,0.45454545454545453,,0.08333333333333333,0.04504504504504504,0.3888888888888889,0.3888888888888889,,0.625,0.625,1.0,0.6206896551724138,0.5555555555555556,0.6,0.30357142857142855,0.4117647058823529,1.0,3.0,3.0,,1.0,1.0,1.0,,,0.10714285714285714,0.3333333333333333,1.0,0.6,,,2.0,,,1.0,5.0,,,2.0,0.008849557522123894,,False,,,,,,
1631223,1610612755,David Roddy,David Roddy,1631223,PHI,1215.0,20,5.0,39,39,2.0,23.0,7,78,3.0,3.0,1.0,1.0,,,1.0,2.0,,2.0,,4.0,5.0,4.0,,8.0,47,2.0,2.0,,4.0,,,,,,4.0,4.0,,3.0,3.0,,6.0,2.0,,3.0,2.0,5.0,2.0,7.0,,,,,,,,,1.0,,,,,,,,,,,,2.0,0.5,0.5,0.8,1.0,,0.4444444444444444,0.5,,0.4444444444444444,0.5,,0.4444444444444444,18.367346938775512,,0.3333333333333333,,0.25,0.15384615384615385,0.2777777777777778,0.1,,,0.16666666666666666,0.5,,0.2222222222222222,0.3333333333333333,,,0.3333333333333333,1.0,1.0,0.3333333333333333,0.2222222222222222,0.5,1.0,1.0,,0.2222222222222222,0.25,1.0,,,,,0.7777777777777778,0.5356555555555556,0.4500166666666667,,,,0.5,,2.96,25.275,0.05128205128205128,,2.0,1.0,,2.0,,2.0,,1.0,,,3.0,,,0.2,,0.5,,,0.2222222222222222,,,0.25,,,,,,,,,,,,,1.0,1.0,,,,,,,,,,,,,,,,,,,,,,,,,,,,,,,1.0,,,1.0,,,,,0.25,,,,,,,,,,,,,,,,False,,,,,,
1631250,1610612755,Pete Nance,Pete Nance,1631250,PHI,4106.0,68,-12.0,130,132,50.0,54.0,17,262,1.0,2.0,,,,,,1.0,,1.0,1.0,1.0,3.0,12.0,1.0,15.0,158,,,,3.0,,,4.0,1.0,7.0,2.0,,,1.0,3.0,1.0,8.0,2.0,,3.0,4.0,8.0,2.0,10.0,,,,,,,,4.0,10.0,1.0,,2.0,,,,,,,,7.0,50.0,1.0,1.0,0.3333333333333333,,,0.4666666666666667,1.5,0.75,0.46875,1.5,0.7,0.8,10.666666666666666,,0.19047619047619047,,0.08333333333333333,0.058823529411764705,0.12280701754385964,0.031746031746031744,,,0.06896551724137931,,0.2727272727272727,0.04,0.18181818181818182,,,0.13333333333333333,0.5,0.5,1.0,0.06666666666666667,,,,,0.06666666666666667,,,,,,0.25,0.9333333333333333,0.5226392857142858,0.4779,0.5406,,,0.2,0.4666666666666667,4.5,30.733333333333334,0.38461538461538464,3.0,11.0,1.0,4.0,1.0,,10.0,3.0,,2.0,2.0,,0.3333333333333333,0.36363636363636365,,,,,0.14285714285714285,0.7333333333333333,0.2727272727272727,0.3,1.0,0.3,,1.0,1.0,1.0,3.0,1.0,2.0,12.0,,,1.0,1.0,,1.0,,,,,,,,,1.0,3.0,1.0,1.0,1.0,0.5,,0.14285714285714285,,,,,1.0,1.0,1.0,1.0,1.0,1.0,0.75,0.3333333333333333,,,1.0,,3.0,,,,,,,,1.0,1.0,1.0,,0.08333333333333333,0.09090909090909091,,,,,,,,False,,,,,,
1631311,1610612755,Lester Quinones,Lester Quinones,1631311,PHI,1018.0,17,-4.0,41,42,30.0,20.0,4,83,4.0,4.0,2.0,2.0,3.0,3.0,,1.0,,,,4.0,5.0,3.0,1.0,9.0,43,2.0,2.0,1.0,5.0,3.0,4.0,2.0,,6.0,2.0,6.0,4.0,1.0,1.0,,2.0,1.0,2.0,1.0,,1.0,3.0,4.0,1.0,3.0,,1.0,1.0,4.0,4.0,,,1.0,,1.0,1.0,,,,,,,6.0,30.0,0.25,0.5,0.8,1.0,0.75,0.5,0.6666666666666666,0.5,0.5625,0.8333333333333334,0.5,0.375,26.08695652173913,0.75,,0.3333333333333333,0.09090909090909091,0.09090909090909091,0.06666666666666667,0.17647058823529413,0.5,,0.1111111111111111,,,0.125,,0.25,,0.5,1.0,1.0,0.25,0.125,,,,,,0.6666666666666666,1.0,,0.5,1.0,,0.875,0.59383125,0.7112,0.58955,0.125,0.2,0.5555555555555556,0.6666666666666666,3.12,26.866666666666664,0.7317073170731707,,3.0,1.0,,1.0,,3.0,,,,,,,,,,,,,0.375,,,0.3333333333333333,,,,,,2.0,,,,,1.0,,,,,2.0,,,,,,1.0,,,,,,,,,,,,,,,,,,,,0.3333333333333333,,,,,,,,,,,,,,,,,1.0,,,,,,,,,,False,,,,,,
1642024,1610612755,Alex Reese,Alex Reese,1642024,PHI,5809.0,97,-18.0,197,205,65.0,65.0,22,402,2.0,2.0,,,1.0,1.0,1.0,2.0,1.0,9.0,3.0,4.0,5.0,18.0,1.0,21.0,246,,,,,2.0,3.0,5.0,1.0,11.0,8.0,,,,,,,2.0,,7.0,5.0,12.0,2.0,14.0,,1.0,,1.0,,2.0,,6.0,9.0,1.0,,2.0,,3.0,3.0,,3.0,,,11.0,65.0,1.0,1.0,0.8,,0.6666666666666666,0.43478260869565216,,0.625,0.4375,,0.6111111111111112,0.782608695652174,11.926605504587155,0.5,0.10204081632653061,,0.14285714285714285,0.03636363636363636,0.12244897959183673,0.021505376344086023,,,0.05128205128205128,0.125,0.05263157894736842,0.0625,0.29411764705882354,,,0.08695652173913043,1.0,1.0,1.0,0.08695652173913043,0.5,1.0,1.0,0.043478260869565216,0.391304347826087,,,,0.125,1.0,0.375,0.8695652173913043,0.5401130434782608,0.5552250000000001,0.5261,,,,0.5238095238095238,6.62,24.644444444444446,0.3299492385786802,4.0,9.0,2.0,4.0,3.0,,9.0,4.0,1.0,,,,0.2222222222222222,0.2222222222222222,0.2,,0.5,,0.16666666666666666,0.391304347826087,0.4444444444444444,0.4444444444444444,0.6666666666666666,0.4444444444444444,1.0,,,2.0,2.0,,2.0,12.0,,,,4.0,3.0,1.0,1.0,,,1.0,,,,,1.0,,1.0,1.0,,0.4,,,,1.0,1.0,1.0,,,,1.0,,,0.25,1.0,,1.0,,,,,,,,0.3333333333333333,,,,,,,,,1.0,,,,,,,False,,,,,,
1629643,1610612755,Chuma Okeke,Chuma Okeke,1629643,PHI,5417.0,90,-58.0,186,189,46.0,60.0,29,375,3.0,6.0,3.0,5.0,,2.0,,,,6.0,2.0,3.0,6.0,12.0,,24.0,255,3.0,5.0,,9.0,,2.0,2.0,,6.0,2.0,4.0,4.0,4.0,5.0,,11.0,7.0,3.0,4.0,4.0,9.0,10.0,19.0,1.0,1.0,,2.0,1.0,3.0,2.0,1.0,2.0,3.0,1.0,,,,,,1.0,1.0,,6.0,46.0,0.3333333333333333,1.0,0.5,0.6,,0.6666666666666666,0.75,0.75,0.6666666666666666,0.75,0.75,0.6666666666666666,9.589041095890412,0.3333333333333333,0.125,0.075,0.11428571428571428,0.1320754716981132,0.11940298507462686,0.10752688172043011,0.08333333333333333,0.125,0.14285714285714285,,0.3076923076923077,0.08333333333333333,0.18181818181818182,0.125,1.0,0.3333333333333333,0.5,0.6,0.3333333333333333,,,,,,0.3333333333333333,0.8333333333333334,0.6,0.3333333333333333,0.5,,0.5,1.0,0.6333111111111112,0.7128333333333333,0.713025,,,0.375,0.25,0.5499999999999999,24.708333333333332,0.24731182795698925,3.0,6.0,1.0,6.0,1.0,,6.0,3.0,1.0,1.0,,3.0,0.5,0.5,0.16666666666666666,0.16666666666666666,,0.09090909090909091,,0.3333333333333333,0.5,0.5,0.16666666666666666,0.5,,3.0,1.0,,,1.0,2.0,18.0,1.0,1.0,1.0,3.0,1.0,2.0,,1.0,,,,,,,,,,1.0,1.0,1.0,,0.5,0.05,,,,0.5,0.5,1.0,1.0,1.0,1.0,,,,,2.0,,,1.0,,,,,,,1.0,,,,,,2.0,1.0,,,,,1.0,False,,,,,1.0,
1641720,1610612755,Jalen Hood-Schifino,Jalen Hood-Schifino,1641720,PHI,9872.0,165,-73.0,336,334,77.0,118.0,46,670,4.0,10.0,,,1.0,5.0,6.0,10.0,8.0,5.0,1.0,14.0,28.0,31.0,9.0,61.0,434,,1.0,,3.0,2.0,8.0,5.0,2.0,9.0,10.0,18.0,,9.0,18.0,3.0,45.0,,1.0,3.0,5.0,8.0,1.0,9.0,,10.0,1.0,4.0,4.0,14.0,4.0,10.0,13.0,9.0,,11.0,5.0,5.0,3.0,2.0,5.0,1.0,,9.0,77.0,0.35714285714285715,0.35714285714285715,0.5,,0.25,0.4406779661016949,0.5,0.2692307692307692,0.4765625,0.5,0.32142857142857145,0.5254237288135594,20.25974025974026,0.7142857142857143,0.07462686567164178,0.016129032258064516,0.04,,0.056338028169014086,0.006134969325153374,,,,0.09375,0.037037037037037035,0.06,,,0.2,0.1694915254237288,0.4,0.4444444444444444,0.5,0.1694915254237288,0.6,0.6666666666666666,0.16666666666666666,0.13559322033898305,0.0847457627118644,,,,0.38461538461538464,0.2,0.07692307692307693,0.6949152542372882,0.4992347457627119,0.48892500000000005,0.5059153846153847,0.07936507936507936,0.15625,0.04918032786885246,0.14754098360655737,10.010714285714286,26.058064516129022,0.22916666666666666,6.0,26.0,2.0,8.0,2.0,9.0,26.0,6.0,2.0,9.0,5.0,5.0,0.25806451612903225,0.25806451612903225,0.07142857142857142,0.1,0.1,,0.125,0.4406779661016949,0.23076923076923078,0.25,0.6666666666666666,0.23076923076923078,4.0,2.0,1.0,1.0,4.0,1.0,1.0,15.0,4.0,1.0,,4.0,2.0,2.0,6.0,1.0,,1.0,,,1.0,,1.0,,1.0,0.625,0.5,0.2,,,0.041666666666666664,0.5,0.5,0.5,0.4,0.4,1.0,0.5,0.5,1.0,0.3076923076923077,0.25,,,,,1.0,,,,,,,,,,2.0,,0.06451612903225806,0.07692307692307693,1.0,2.0,,1.0,,,,False,,,,,,
1630542,1610612755,Marcus Bagley,Marcus Bagley,1630542,PHI,3607.0,60,-49.0,121,125,31.0,49.0,17,246,5.0,8.0,3.0,5.0,1.0,1.0,,1.0,,,,5.0,9.0,6.0,,10.0,156,3.0,6.0,,6.0,1.0,1.0,1.0,,2.0,4.0,6.0,6.0,1.0,1.0,,2.0,3.0,4.0,4.0,5.0,10.0,7.0,17.0,1.0,1.0,,,,1.0,,3.0,3.0,,,,,2.0,,1.0,4.0,1.0,,2.0,31.0,0.4,1.0,0.5555555555555556,0.5,1.0,0.3333333333333333,0.5,0.5,0.3333333333333333,0.5,0.5,0.4,11.428571428571429,1.0,0.1724137931034483,0.13333333333333333,0.16666666666666666,0.07894736842105263,0.16981132075471697,0.10294117647058823,0.18181818181818182,0.2,0.0967741935483871,0.17647058823529413,0.2222222222222222,0.25,0.08333333333333333,0.1111111111111111,0.25,0.5333333333333333,0.625,0.7142857142857143,0.4,0.06666666666666667,,,,,,0.8333333333333334,0.6,,0.5,1.0,,0.9333333333333333,0.5902733333333334,0.56418,0.5634,,,0.6,0.2,1.3,26.950000000000003,0.256198347107438,,6.0,,,,,6.0,,1.0,,,1.0,,,0.1111111111111111,0.125,,,,0.4,,,,,,,,,1.0,,,,,,1.0,1.0,1.0,,1.0,,,,,,,,,,,,,,,1.0,0.07142857142857142,,,,,,,,,,0.5,,,,,,,2.0,,,,,,,,,,,,,,,,,,,,False,1.0,,,,2.0,
1630658,1610612755,Colin Castleton,Colin Castleton,1630658,PHI,964.0,16,-8.0,31,31,9.0,21.0,7,62,2.0,3.0,1.0,2.0,1.0,1.0,1.0,3.0,,2.0,,3.0,6.0,3.0,,6.0,38,1.0,2.0,,2.0,1.0,1.0,,,2.0,4.0,2.0,2.0,,3.0,,9.0,,2.0,1.0,1.0,2.0,2.0,4.0,,,,,,,,3.0,3.0,1.0,,2.0,1.0,,,,,,,2.0,9.0,0.6666666666666666,1.0,0.5,0.5,1.0,0.3333333333333333,0.3333333333333333,1.0,0.3,0.3333333333333333,0.5,0.3333333333333333,25.64102564102564,,0.3333333333333333,0.18181818181818182,0.2,,0.25,0.09523809523809523,,,,,,0.2,,,,0.3333333333333333,0.6666666666666666,0.6666666666666666,0.5,0.3333333333333333,0.3333333333333333,0.3333333333333333,1.0,,0.2222222222222222,0.6666666666666666,0.5,,1.0,1.0,,0.6666666666666666,0.5512555555555556,0.5594666666666667,0.6103,0.1,0.14285714285714285,0.3333333333333333,0.3333333333333333,3.75,23.599999999999998,0.2903225806451613,,1.0,1.0,,1.0,,1.0,,,3.0,3.0,,,,,,,,1.0,0.1111111111111111,,,0.3333333333333333,,,,,,,,,,,,,,,,,,,,,,,,,,,,,,,,0.5,,,,,,,,,,,,,,,,,,,,,,,,,,,,,,,,,,,,,False,,,,,,
1630762,1610612755,Phillip Wheeler,Phillip Wheeler,1630762,PHI,1347.0,22,3.0,45,43,9.0,13.0,6,88,1.0,4.0,,1.0,,1.0,,,,2.0,,1.0,4.0,5.0,2.0,4.0,41,,1.0,,,,1.0,1.0,,,,2.0,,,,,,,1.0,1.0,2.0,3.0,1.0,4.0,1.0,,,1.0,,1.0,,,,1.0,,2.0,1.0,2.0,2.0,,2.0,1.0,,,9.0,,,0.25,,,0.1111111111111111,,,0.2,,,0.5555555555555556,22.448979591836736,,0.18181818181818182,0.16666666666666666,0.09090909090909091,,0.13636363636363635,0.038461538461538464,,,,0.25,,0.14285714285714285,,0.125,0.5,0.4444444444444444,0.25,0.25,,,,,,,0.2222222222222222,0.5,,,0.5,,,1.0,0.5240666666666667,0.448725,0.55965,0.1,0.2,,,2.6500000000000004,24.32,0.2,,3.0,,,1.0,,3.0,,,,,,,,,,,,,0.3333333333333333,,,,,,,,,1.0,,,,,,,,,,,,,,,,,,,,,,,,,,0.3333333333333333,,,,,,,,,,0.5,,,1.0,,,,,,,,0.5,,,,,,,,,,1.0,,,,,,False,,,,,,
1629052,1610612755,Oshae Brissett,Oshae Brissett,1629052,PHI,3052.0,51,-12.0,109,105,16.0,26.0,13,214,3.0,4.0,2.0,2.0,1.0,1.0,3.0,3.0,,4.0,1.0,6.0,7.0,10.0,,24.0,138,2.0,2.0,,4.0,1.0,1.0,2.0,,2.0,6.0,6.0,4.0,,1.0,,3.0,2.0,2.0,1.0,1.0,3.0,4.0,7.0,,3.0,,1.0,2.0,4.0,,3.0,3.0,2.0,,2.0,1.0,,,,,,,2.0,16.0,0.5,0.75,0.8571428571428571,1.0,1.0,0.7058823529411765,1.0,0.3333333333333333,0.6666666666666666,0.6666666666666666,0.3333333333333333,0.5882352941176471,17.88617886178862,0.75,0.058823529411764705,0.09090909090909091,0.0625,0.07142857142857142,0.06060606060606061,0.08,,,0.045454545454545456,,0.14285714285714285,,0.25,,,0.23529411764705882,0.75,1.0,0.3333333333333333,0.17647058823529413,1.0,1.0,0.6666666666666666,,0.23529411764705882,1.0,1.0,,0.3333333333333333,1.0,0.3333333333333333,0.8235294117647058,0.56405,0.7193,0.6018166666666667,0.05555555555555555,0.125,0.16666666666666666,0.08333333333333333,2.957142857142857,24.91,0.14678899082568808,3.0,6.0,,4.0,,3.0,6.0,3.0,1.0,1.0,1.0,,0.4,0.4,0.14285714285714285,0.25,,0.16666666666666666,,0.35294117647058826,0.5,0.5,,0.5,,1.0,,,1.0,,,9.0,,,1.0,2.0,1.0,1.0,1.0,2.0,,,1.0,,,,,,,0.75,,,,1.0,0.18181818181818182,,,,0.25,0.25,1.0,0.6666666666666666,,,0.3333333333333333,,,,,,,,,,,,,,,,,,,,,1.0,,,,,,False,,,,,,
