EntityId,TeamId,Name,ShortName,RowId,TeamAbbreviation,SecondsPlayed,Minutes,PlusMinus,OffPoss,DefPoss,PenaltyOffPoss,PenaltyDefPoss,SecondChanceOffPoss,TotalPoss,AtRimFGM,AtRimFGA,SecondChanceAtRimFGM,SecondChanceAtRimFGA,PenaltyAtRimFGM,PenaltyAtRimFGA,ShortMidRangeFGM,ShortMidRangeFGA,FG2M,FG2A,FtPoints,Points,OpponentPoints,SecondChanceFG2M,SecondChanceFG2A,SecondChanceFtPoints,SecondChancePoints,PenaltyFG2M,PenaltyFG2A,PenaltyFtPoints,PenaltyPoints,PtsAssisted2s,PtsUnassisted2s,PtsPutbacks,Fg2aBlocked,TwoPtAssists,ThreePtAssists,Assists,Arc3Assists,AtRimAssists,AssistPoints,OffTwoPtRebounds,DefThreePtRebounds,DefTwoPtRebounds,DefRebounds,OffRebounds,Rebounds,Steals,BadPassSteals,LostBallSteals,LiveBallTurnovers,BadPassOutOfBoundsTurnovers,BadPassTurnovers,DeadBallTurnovers,LostBallTurnovers,Turnovers,PenaltyTurnovers,ShootingFouls,Fouls,Loose Ball Fouls,FoulsDrawn,FTA,2pt And 1 Free Throw Trips,TwoPtShootingFoulsDrawn,Blocked2s,BlockedShortMidRange,Blocks,PenaltyPointsExcludingTakeFouls,PenaltyOffPossExcludingTakeFouls,NonShootingPenaltyNonTakeFouls,Assisted2sPct,NonPutbacksAssisted2sPct,Fg2Pct,SecondChanceFg2Pct,PenaltyFg2Pct,EfgPct,SecondChanceEfgPct,PenaltyEfgPct,TsPct,SecondChanceTsPct,PenaltyTsPct,FG2APctBlocked,AtRimPctBlocked,ShortMidRangePctBlocked,Usage,LiveBallTurnoverPct,DefTwoPtReboundPct,OffTwoPtReboundPct,DefThreePtReboundPct,DefFGReboundPct,OffFGReboundPct,OffAtRimReboundPct,DefShortMidRangeReboundPct,DefLongMidRangeReboundPct,DefArc3ReboundPct,DefCorner3ReboundPct,AtRimFrequency,AtRimAccuracy,UnblockedAtRimAccuracy,AtRimPctAssisted,ShortMidRangeFrequency,ShortMidRangeAccuracy,UnblockedShortMidRangeAccuracy,ShortMidRangePctAssisted,SecondChanceAtRimFrequency,SecondChanceAtRimAccuracy,SecondChanceAtRimPctAssisted,PenaltyAtRimFrequency,PenaltyAtRimAccuracy,AtRimFG3AFrequency,ShotQualityAvg,SecondChanceShotQualityAvg,PenaltyShotQualityAvg,ShootingFoulsDrawnPct,TwoPtShootingFoulsDrawnPct,SecondChancePointsPct,PenaltyPointsPct,Avg2ptShotDistance,PenaltyOffPossPct,LongMidRangeFGA,Corner3FGA,PenaltyCorner3FGA,Arc3FGM,Arc3FGA,PenaltyArc3FGA,FG3M,FG3A,PenaltyFG3A,PtsAssisted3s,NonHeaveArc3FGA,NonHeaveArc3FGM,Corner3Assists,ShortMidRangeAssists,FTDefRebounds,BlockedAtRim,Assisted3sPct,Fg3Pct,NonHeaveFg3Pct,FG3APct,DefFTReboundPct,DefAtRimReboundPct,LongMidRangeFrequency,Corner3Frequency,Arc3Frequency,Arc3Accuracy,UnblockedArc3Accuracy,Arc3PctAssisted,PenaltyCorner3Frequency,PenaltyArc3Frequency,NonHeaveArc3Accuracy,Avg3ptShotDistance,LongMidRangeFGM,OffThreePtRebounds,SelfOReb,SecondChanceTurnovers,Loose Ball Fouls Drawn,Offensive Fouls Drawn,OffThreePtReboundPct,OffShortMidRangeReboundPct,OffLongMidRangeReboundPct,OffArc3ReboundPct,OffCorner3ReboundPct,SelfORebPct,LongMidRangeAccuracy,UnblockedLongMidRangeAccuracy,Corner3FGM,SecondChanceCorner3FGM,SecondChanceCorner3FGA,PenaltyCorner3FGM,SecondChanceArc3FGM,SecondChanceArc3FGA,PenaltyArc3FGM,SecondChanceFG3M,SecondChanceFG3A,PenaltyFG3M,PtsUnassisted3s,NonShootingFoulsDrawn,Blocked3s,BlockedArc3,BlockedLongMidRange,RecoveredBlocks,NonShootingPenaltyNonTakeFoulsDrawn,SecondChanceFg3Pct,PenaltyFg3Pct,BlocksRecoveredPct,Corner3Accuracy,UnblockedCorner3Accuracy,Corner3PctAssisted,SecondChanceCorner3Frequency,SecondChanceCorner3Accuracy,SecondChanceCorner3PctAssisted,SecondChanceArc3Frequency,SecondChanceArc3Accuracy,SecondChanceArc3PctAssisted,PenaltyCorner3Accuracy,PenaltyArc3Accuracy,LostBallOutOfBoundsTurnovers,FTOffRebounds,DefensiveGoaltends,OffFTReboundPct,StepOutOfBoundsTurnovers,Offensive Fouls,on,HeaveAttempts,LongMidRangeAssists,Travels,Charge Fouls,Charge Fouls Drawn,3SecondViolations,Defensive 3 Seconds Violations,LongMidRangePctAssisted,Fg3aBlocked,Technical Free Throw Trips,ThreePtShootingFoulsDrawn,BlockedCorner3,FG3APctBlocked,Arc3PctBlocked,ThreePtShootingFoulsDrawnPct,3pt And 1 Free Throw Trips,Corner3PctBlocked,LongMidRangePctBlocked,Transition Take Fouls Drawn,Clear Path Fouls,OffensiveGoaltends,Transition Take Fouls
1627751,1610612761,Jakob Poeltl,Jakob Poeltl,1627751,TOR,2522.0,42.0,29.0,94,90,14,10.0,14.0,184,8.0,9.0,4.0,4.0,2.0,2.0,4.0,7.0,12.0,16.0,4.0,28.0,81.0,5.0,6.0,2.0,12.0,2.0,2.0,1.0,5.0,16.0,8.0,6.0,2.0,4.0,1.0,5.0,1.0,4.0,11.0,3.0,5.0,3.0,8.0,3.0,11.0,5.0,3.0,2.0,3.0,1.0,2.0,1.0,1.0,4.0,1.0,2.0,5.0,2.0,4.0,4.0,2.0,3.0,2.0,2.0,2.0,5.0,14,1.0,0.6666666666666666,0.8888888888888888,0.75,0.8333333333333334,1.0,0.75,0.8333333333333334,1.0,0.8235294117647058,1.0,1.25,0.125,0.1111111111111111,0.1428571428571428,19.09090909090909,0.75,0.1111111111111111,0.1071428571428571,0.2083333333333333,0.1568627450980392,0.0638297872340425,0.2727272727272727,0.1818181818181818,0.2,0.1578947368421052,0.4,0.5625,0.8888888888888888,1.0,0.625,0.4375,0.5714285714285714,0.6666666666666666,0.75,0.6666666666666666,1.0,0.5,1.0,1.0,0.5625,0.57091875,0.60612,0.8604,0.1764705882352941,0.1764705882352941,0.4285714285714285,0.1785714285714285,4.1875,0.1489361702127659,,,,,,,,,,,,,,,,,,,,,,,,,,,,,,,,,,,,,,,,,,,,,,,,,,,,,,,,,,,,,,,,,,,,,,,,,,,,,,,,,,,,True,,,,,,,,,,,,,,,,,,,,,,
1629628,1610612761,RJ Barrett,RJ Barrett,1629628,TOR,1977.0,33.0,5.0,68,66,21,6.0,12.0,134,6.0,8.0,3.0,3.0,2.0,3.0,2.0,6.0,8.0,16.0,6.0,25.0,81.0,3.0,3.0,,6.0,2.0,4.0,2.0,6.0,4.0,12.0,2.0,,4.0,3.0,7.0,2.0,3.0,17.0,1.0,5.0,1.0,7.0,1.0,8.0,1.0,,1.0,7.0,,5.0,,2.0,7.0,3.0,1.0,2.0,,4.0,7.0,1.0,4.0,1.0,,1.0,6.0,21,,0.25,0.2857142857142857,0.5,1.0,0.5,0.4523809523809524,1.0,0.3333333333333333,0.5208333333333334,1.0,0.4285714285714285,,,,36.90476190476191,1.0,0.0666666666666666,0.0434782608695652,0.3333333333333333,0.2,0.0277777777777777,0.1,,,0.3571428571428571,,0.3809523809523809,0.75,0.75,0.1666666666666666,0.2857142857142857,0.3333333333333333,0.3333333333333333,0.5,1.0,1.0,0.3333333333333333,0.5,0.6666666666666666,0.6190476190476191,0.5298904761904761,0.5976,0.5902833333333333,0.1666666666666666,0.2105263157894736,0.24,0.24,5.46875,0.3088235294117647,2.0,2.0,1.0,1.0,3.0,1.0,1.0,5.0,2.0,3.0,3.0,1.0,1.0,1.0,1.0,1.0,1.0,0.2,0.2,0.238095238095238,0.3333333333333333,0.125,0.0952380952380952,0.0952380952380952,0.1428571428571428,0.3333333333333333,0.3333333333333333,1.0,0.1666666666666666,0.1666666666666666,0.3333333333333333,24.76,,,,,,,,,,,,,,,,,,,,,,,,,,,,,,,,,,,,,,,,,,,,,,,,,,,,True,,,,,,,,,,,,,,,,,,,,,,
1630567,1610612761,Scottie Barnes,Scottie Barnes,1630567,TOR,3054.0,51.0,16.0,102,105,22,37.0,24.0,207,5.0,12.0,2.0,3.0,1.0,1.0,6.0,11.0,12.0,25.0,16.0,40.0,119.0,4.0,6.0,2.0,10.0,2.0,2.0,5.0,9.0,14.0,10.0,2.0,4.0,6.0,2.0,8.0,2.0,4.0,18.0,4.0,2.0,6.0,10.0,10.0,20.0,1.0,,1.0,4.0,,2.0,,2.0,4.0,1.0,,,,16.0,21.0,1.0,11.0,1.0,,1.0,9.0,22,,0.5833333333333334,0.6363636363636364,0.48,0.6666666666666666,1.0,0.4285714285714285,0.6666666666666666,0.5,0.5263157894736842,0.7142857142857143,0.6428571428571429,0.16,0.1666666666666666,0.1818181818181818,31.11111111111111,1.0,0.2142857142857142,0.1081081081081081,0.0869565217391304,0.1568627450980392,0.15625,0.1052631578947368,0.1428571428571428,0.4,0.1176470588235294,,0.4285714285714285,0.4166666666666667,0.5,0.6,0.3928571428571428,0.5454545454545454,0.6666666666666666,0.6666666666666666,0.5,0.6666666666666666,,0.25,1.0,0.5357142857142857,0.5337875000000001,0.4740749999999999,0.5787125,0.2894736842105263,0.3142857142857143,0.25,0.225,5.456000000000001,0.2156862745098039,2.0,,,,3.0,2.0,,3.0,2.0,,3.0,,,2.0,2.0,1.0,,,,0.1071428571428571,0.3333333333333333,0.1875,0.0714285714285714,,0.1071428571428571,,,,,0.5,,25.866666666666664,1.0,6.0,2.0,3.0,1.0,1.0,0.2222222222222222,0.0666666666666666,0.3333333333333333,0.2222222222222222,0.2222222222222222,0.1666666666666666,0.5,0.5,,,,,,,,,,,,,,,,,,,,,,,,,,,,,,,,,,,,,,True,,,,,,,,,,,,,,,,,,,,,,
1631197,1610612761,Jared Rhoden,Jared Rhoden,1631197,TOR,10045.0,167.0,36.0,348,351,127,81.0,66.0,699,17.0,26.0,3.0,7.0,3.0,6.0,1.0,3.0,18.0,30.0,18.0,81.0,376.0,3.0,7.0,2.0,20.0,4.0,8.0,3.0,26.0,24.0,12.0,6.0,6.0,5.0,4.0,9.0,2.0,3.0,22.0,7.0,7.0,9.0,20.0,11.0,31.0,7.0,4.0,3.0,3.0,3.0,3.0,3.0,,6.0,2.0,7.0,14.0,1.0,12.0,21.0,1.0,10.0,1.0,,2.0,26.0,127,1.0,0.6666666666666666,0.8,0.6,0.4285714285714285,0.5,0.525,0.75,0.6052631578947368,0.5785714285714286,0.7142857142857143,0.6190476190476191,0.2,0.1923076923076923,0.3333333333333333,17.715617715617714,0.5,0.0978260869565217,0.0648148148148148,0.0795454545454545,0.0888888888888888,0.0585106382978723,0.0816326530612244,0.1470588235294117,0.0666666666666666,0.1044776119402985,,0.4333333333333333,0.6538461538461539,0.8095238095238095,0.6470588235294118,0.05,0.3333333333333333,0.5,1.0,0.5833333333333334,0.4285714285714285,,0.3157894736842105,0.5,0.9333333333333332,0.6070841666666665,0.57455625,0.5753421052631579,0.144927536231884,0.2564102564102564,0.2469135802469135,0.3209876543209876,2.806666666666666,0.3649425287356322,1.0,14.0,6.0,3.0,16.0,5.0,9.0,30.0,11.0,21.0,16.0,3.0,2.0,2.0,4.0,,0.7777777777777778,0.3,0.3,0.5,0.2857142857142857,0.0697674418604651,0.0166666666666666,0.2333333333333333,0.2666666666666666,0.1875,0.1875,1.0,0.3157894736842105,0.2631578947368421,0.1875,24.38333333333333,,4.0,1.0,1.0,,,0.05,0.0408163265306122,0.1,0.0576923076923076,0.0357142857142857,0.0384615384615384,,,6.0,1.0,2.0,4.0,3.0,3.0,1.0,4.0,5.0,5.0,6.0,1.0,1.0,1.0,1.0,1.0,1.0,0.8,0.4545454545454545,0.5,0.4285714285714285,0.4285714285714285,0.6666666666666666,0.1666666666666666,0.5,1.0,0.25,1.0,1.0,0.6666666666666666,0.2,,,,,,,True,,,,,,,,,,,,,,,,,,,,,,
1642347,1610612761,Jamal Shead,Jamal Shead,1642347,TOR,4389.0,73.0,17.0,152,150,75,47.0,26.0,302,8.0,11.0,1.0,1.0,4.0,6.0,4.0,10.0,12.0,22.0,3.0,33.0,151.0,1.0,1.0,,2.0,5.0,11.0,2.0,18.0,2.0,22.0,2.0,3.0,9.0,7.0,16.0,5.0,6.0,39.0,2.0,3.0,2.0,5.0,2.0,7.0,2.0,,2.0,3.0,1.0,2.0,2.0,1.0,5.0,2.0,7.0,8.0,1.0,5.0,3.0,1.0,2.0,1.0,1.0,1.0,18.0,75,,0.0833333333333333,0.0909090909090909,0.5454545454545454,1.0,0.4545454545454545,0.4545454545454545,1.0,0.5,0.4852941176470588,1.0,0.5294117647058824,0.1363636363636363,0.1818181818181818,0.1,21.787709497206706,0.6,0.048780487804878,0.0476190476190476,0.075,0.0617283950617283,0.025,,,0.2,0.0909090909090909,,0.3333333333333333,0.7272727272727273,0.8888888888888888,0.125,0.303030303030303,0.4,0.4444444444444444,,1.0,1.0,,0.375,0.6666666666666666,0.6666666666666666,0.555169696969697,0.628,0.57173125,0.0588235294117647,0.0869565217391304,0.0606060606060606,0.5454545454545454,5.586363636363635,0.4934210526315789,1.0,2.0,2.0,1.0,9.0,3.0,2.0,11.0,5.0,6.0,9.0,1.0,2.0,3.0,,,1.0,0.1818181818181818,0.1818181818181818,0.3333333333333333,,0.0555555555555555,0.0303030303030303,0.0606060606060606,0.2727272727272727,0.1111111111111111,0.1111111111111111,1.0,0.125,0.1875,0.1111111111111111,25.44545454545454,,,1.0,,,2.0,,0.1052631578947368,,,,0.0625,,,1.0,,,1.0,,,1.0,,,2.0,,,,,,1.0,,,0.4,1.0,0.5,0.5,1.0,,,,,,,0.5,0.3333333333333333,1.0,,,,,,True,,,,,,,,,,,,,,,,,,,,,,
1630639,1610612761,A.J. Lawson,A.J. Lawson,1630639,TOR,6759.0,113.0,22.0,234,235,90,55.0,43.0,469,10.0,19.0,2.0,5.0,6.0,7.0,,4.0,10.0,23.0,13.0,60.0,255.0,2.0,5.0,,13.0,6.0,11.0,5.0,38.0,12.0,8.0,4.0,4.0,4.0,4.0,8.0,3.0,1.0,20.0,3.0,11.0,2.0,13.0,6.0,19.0,2.0,1.0,1.0,3.0,2.0,2.0,2.0,1.0,5.0,2.0,3.0,9.0,1.0,12.0,19.0,1.0,9.0,2.0,,2.0,38.0,90,2.0,0.6,0.75,0.4347826086956521,0.4,0.5454545454545454,0.47,0.65,0.6346153846153846,0.5084745762711864,0.65,0.6333333333333333,0.1739130434782608,0.1052631578947368,0.5,22.45614035087719,0.6,0.0327868852459016,0.0422535211267605,0.180327868852459,0.1065573770491803,0.05,0.0588235294117647,0.0952380952380952,,0.2045454545454545,0.1176470588235294,0.38,0.5263157894736842,0.5882352941176471,0.6,0.08,,,,0.5,0.4,,0.2692307692307692,0.8571428571428571,0.92,0.608554,0.5922,0.5880307692307694,0.1551724137931034,0.2903225806451613,0.2166666666666666,0.6333333333333333,2.752173913043478,0.3846153846153846,,12.0,4.0,7.0,15.0,11.0,9.0,27.0,15.0,21.0,15.0,7.0,1.0,3.0,,2.0,0.7777777777777778,0.3333333333333333,0.3333333333333333,0.54,,,,0.24,0.3,0.4666666666666667,0.4666666666666667,0.8571428571428571,0.1538461538461538,0.4230769230769231,0.4666666666666667,24.38148148148148,,3.0,1.0,,,,0.0612244897959183,0.03125,,0.0909090909090909,,0.0384615384615384,,,2.0,1.0,2.0,1.0,2.0,3.0,6.0,3.0,5.0,7.0,6.0,1.0,,,,1.0,1.0,0.6,0.4666666666666667,0.5,0.1666666666666666,0.1666666666666666,0.5,0.2,0.5,,0.3,0.6666666666666666,1.0,0.25,0.5454545454545454,,,,,,,True,,,,,,,,,,,,,,,,,,,,,,
1630658,1610612761,Colin Castleton,Colin Castleton,1630658,TOR,5224.0,87.0,21.0,181,187,78,27.0,35.0,368,4.0,7.0,1.0,3.0,1.0,3.0,2.0,8.0,6.0,15.0,2.0,14.0,181.0,2.0,4.0,,4.0,1.0,6.0,1.0,3.0,8.0,4.0,,4.0,2.0,6.0,8.0,5.0,,22.0,1.0,7.0,8.0,18.0,7.0,25.0,2.0,2.0,,3.0,1.0,,1.0,3.0,4.0,4.0,5.0,6.0,,5.0,3.0,1.0,2.0,4.0,1.0,4.0,3.0,78,,0.6666666666666666,0.6666666666666666,0.4,0.5,0.1666666666666666,0.4,0.5,0.1666666666666666,0.4375,0.5,0.2142857142857142,0.2666666666666666,0.1428571428571428,0.375,8.88888888888889,0.75,0.1538461538461538,0.0192307692307692,0.1372549019607843,0.145631067961165,0.0520833333333333,0.05,0.1666666666666666,0.1428571428571428,0.1282051282051282,0.1666666666666666,0.4666666666666667,0.5714285714285714,0.6666666666666666,0.5,0.5333333333333333,0.25,0.4,1.0,0.75,0.3333333333333333,,0.5,0.3333333333333333,0.4666666666666667,0.5598399999999999,0.6632,0.57085,0.125,0.125,0.2857142857142857,0.2142857142857142,4.433333333333334,0.430939226519337,,,,,,,,,,,,,1.0,2.0,3.0,2.0,,,,,0.375,0.1481481481481481,,,,,,,,,,,,4.0,1.0,1.0,2.0,,0.0909090909090909,,,0.1111111111111111,0.0588235294117647,0.2,,,,,,,,,,,,,,,,,1.0,2.0,,,,0.5,,,,,,,,,,,,,2.0,1.0,0.4,,,True,,,,,,,,,,,,,,,,,,,,,,
1631115,1610612761,Orlando Robinson,Orlando Robinson,1631115,TOR,5941.0,99.0,,198,202,86,46.0,42.0,400,4.0,13.0,1.0,4.0,3.0,5.0,4.0,13.0,8.0,26.0,10.0,38.0,237.0,2.0,7.0,5.0,9.0,6.0,10.0,6.0,24.0,14.0,2.0,2.0,4.0,7.0,8.0,15.0,5.0,5.0,38.0,11.0,11.0,9.0,20.0,15.0,35.0,2.0,2.0,,3.0,,1.0,1.0,2.0,4.0,1.0,5.0,8.0,1.0,8.0,12.0,,5.0,2.0,1.0,2.0,24.0,86,1.0,0.875,1.0,0.3076923076923077,0.2857142857142857,0.6,0.3888888888888889,0.25,0.6,0.4523809523809524,0.4090909090909091,0.6666666666666666,0.1538461538461538,0.2307692307692307,0.0769230769230769,18.326693227091635,0.75,0.1666666666666666,0.1746031746031746,0.2115384615384615,0.1886792452830188,0.1351351351351351,0.2413793103448276,0.1428571428571428,0.25,0.1842105263157894,0.2857142857142857,0.3611111111111111,0.3076923076923077,0.4,0.75,0.3611111111111111,0.3076923076923077,0.3333333333333333,1.0,0.5,0.25,,0.3333333333333333,0.6,0.6388888888888888,0.5330875,0.5973642857142857,0.5439100000000001,0.1219512195121951,0.1612903225806451,0.2368421052631578,0.631578947368421,5.046153846153846,0.4343434343434343,,,,4.0,10.0,5.0,4.0,10.0,5.0,12.0,10.0,4.0,3.0,2.0,,1.0,1.0,0.4,0.4,0.2777777777777778,,0.16,,,0.2777777777777778,0.4,0.4,1.0,,0.3333333333333333,0.4,25.9,,4.0,1.0,2.0,,1.0,0.0833333333333333,0.1379310344827586,,0.064516129032258,0.1176470588235294,0.05,,,,,,,,1.0,2.0,,1.0,2.0,,1.0,,,,2.0,1.0,,0.4,1.0,,,,,,,0.125,,,,0.4,,,2.0,,1.0,,True,,,,,,,,,,,,,,,,,,,,,,
1642266,1610612761,Ja'Kobe Walter,Ja'Kobe Walter,1642266,TOR,715.0,12.0,10.0,26,26,18,18.0,7.0,52,1.0,3.0,,1.0,,1.0,,1.0,1.0,5.0,6.0,14.0,24.0,,2.0,2.0,5.0,,3.0,6.0,12.0,2.0,,,1.0,,,,,,,2.0,,1.0,1.0,3.0,4.0,1.0,1.0,,,,,,,,,,,,3.0,6.0,,2.0,,,,12.0,18,,1.0,1.0,0.2,,,0.5714285714285714,0.5,0.6,0.7,0.625,0.75,0.2,0.3333333333333333,,29.41176470588235,,0.5,0.1818181818181818,,0.1666666666666666,0.2,0.3333333333333333,,1.0,,,0.4285714285714285,0.3333333333333333,0.5,1.0,0.1428571428571428,,,,0.3333333333333333,,,0.2,,0.7142857142857143,0.5385571428571428,0.5476333333333333,0.46338,0.2222222222222222,0.2857142857142857,0.3571428571428571,0.8571428571428571,5.6,0.6923076923076923,1.0,,,2.0,2.0,2.0,2.0,2.0,2.0,6.0,2.0,2.0,,,,,1.0,1.0,1.0,0.2857142857142857,,,0.1428571428571428,,0.2857142857142857,1.0,1.0,1.0,,0.4,1.0,25.6,,1.0,,,,,0.25,,,,0.5,,,,,,,,1.0,1.0,2.0,1.0,1.0,2.0,,1.0,,,,,1.0,1.0,1.0,,,,,,,,0.3333333333333333,1.0,1.0,,1.0,,,,,,,True,,,,,,,,,,,,,,,,,,,,,,
1630193,1610612761,Immanuel Quickley,Immanuel Quickley,1630193,TOR,2591.0,43.0,12.0,89,93,11,21.0,17.0,182,1.0,2.0,,,,1.0,3.0,8.0,4.0,12.0,6.0,35.0,102.0,,1.0,,6.0,,1.0,4.0,4.0,2.0,6.0,,2.0,7.0,2.0,9.0,,5.0,20.0,1.0,5.0,3.0,8.0,2.0,10.0,1.0,1.0,,1.0,,1.0,1.0,,2.0,2.0,,1.0,,4.0,8.0,,3.0,,,,4.0,11,,0.25,0.25,0.3333333333333333,,,0.6041666666666666,0.75,,0.625,0.75,0.5,0.1666666666666666,0.5,0.125,26.548672566371685,0.5,0.15,0.0294117647058823,0.2083333333333333,0.1818181818181818,0.0363636363636363,,,0.4,0.1764705882352941,0.2857142857142857,0.0833333333333333,0.5,1.0,,0.3333333333333333,0.375,0.4285714285714285,0.3333333333333333,,,,0.5,,0.5833333333333334,0.48771875,0.4649833333333333,0.460425,0.1111111111111111,0.2,0.1714285714285714,0.1142857142857142,10.133333333333333,0.1235955056179775,2.0,1.0,,6.0,11.0,1.0,7.0,12.0,1.0,15.0,11.0,6.0,2.0,2.0,,,0.7142857142857143,0.5833333333333334,0.5833333333333334,0.5,,0.1,0.0833333333333333,0.0416666666666666,0.4583333333333333,0.5454545454545454,0.5454545454545454,0.6666666666666666,,0.5,0.5454545454545454,25.725000000000005,,1.0,,,,,0.0476190476190476,0.0666666666666666,,,0.125,,,,1.0,1.0,1.0,,1.0,2.0,,2.0,3.0,,6.0,1.0,,,,,1.0,0.6666666666666666,,,1.0,1.0,1.0,0.25,1.0,1.0,0.5,0.5,1.0,,,,,,,,1.0,True,,,,,,,,,,,,,,,,,,,,,,
1631306,1610612761,Cole Swider,Cole Swider,1631306,TOR,979.0,16.0,5.0,35,35,4,7.0,4.0,70,,,,,,,1.0,1.0,2.0,3.0,,13.0,40.0,1.0,1.0,,5.0,,,,3.0,2.0,2.0,,,,,,,,,1.0,2.0,1.0,4.0,1.0,5.0,,,,,,,,,,,,,,,,,,,,,3.0,4,,0.5,0.5,0.6666666666666666,1.0,,0.7222222222222222,1.25,1.5,0.7222222222222222,1.25,1.5,,,,23.07692307692308,,0.1111111111111111,0.125,0.2,0.1578947368421052,0.0588235294117647,0.25,,,0.2222222222222222,,,,,,0.1111111111111111,1.0,1.0,1.0,,,,,,0.6666666666666666,0.5024333333333334,0.481575,0.5532,,,0.3846153846153846,0.2307692307692307,15.1,0.1142857142857142,2.0,4.0,1.0,1.0,2.0,,3.0,6.0,1.0,9.0,2.0,1.0,,,1.0,,1.0,0.5,0.5,0.6666666666666666,1.0,0.25,0.2222222222222222,0.4444444444444444,0.2222222222222222,0.5,0.5,1.0,1.0,,0.5,24.116666666666664,1.0,,,,,,,,,,,,0.5,0.5,2.0,,,1.0,1.0,1.0,,1.0,1.0,1.0,,,,,,,,1.0,1.0,,0.5,0.5,1.0,,,,0.5,1.0,1.0,1.0,,,,,,,,True,,,,,,,,,,,,,,,,,,,,,,
1642367,1610612761,Jonathan Mogbo,Jonathan Mogbo,1642367,TOR,407.0,7.0,9.0,15,15,9,12.0,3.0,30,,1.0,,,,,,,,1.0,,,16.0,,,,,,,,,,,,,1.0,,1.0,,1.0,2.0,,1.0,,1.0,,1.0,,,,,,,,,,,2.0,2.0,,,,,,,,1.0,,9,,,,,,,,,,,,,,,,5.2631578947368425,,,,0.3333333333333333,0.1666666666666666,,,,,0.3333333333333333,,1.0,,,,,,,,,,,,,1.0,0.552,,,,,,,3.3,0.6,,,,,,,,,,,,,,,,,,,,,,,,,,,,,,,,,,,,,,,,,,,,,,,,,,,,,,,,,,,1.0,1.0,,1.0,,,,1.0,,,,,,,,,,,,,,,,,,True,,,,,,,,,,,,,,,,,,,,,,
1642419,1610612761,Jamison Battle,Jamison Battle,1642419,TOR,3980.0,66.0,-8.0,139,138,52,22.0,31.0,277,1.0,1.0,,,,,,3.0,1.0,4.0,,23.0,159.0,,1.0,,9.0,,1.0,,3.0,2.0,,,,1.0,,1.0,,1.0,2.0,3.0,5.0,4.0,10.0,5.0,15.0,,,,4.0,,2.0,,2.0,4.0,2.0,2.0,5.0,1.0,2.0,,,,,,,3.0,52,,1.0,1.0,0.25,,,0.4791666666666667,0.6428571428571429,0.3,0.4791666666666667,0.6428571428571429,0.3,,,,15.819209039548022,1.0,0.1111111111111111,0.0681818181818181,0.1666666666666666,0.1363636363636363,0.05,0.0526315789473684,0.0769230769230769,,0.1904761904761904,0.1111111111111111,0.0416666666666666,1.0,1.0,1.0,0.125,,,,,,,,,0.875,0.557575,0.5476599999999999,0.53657,,,0.391304347826087,0.1304347826086956,6.324999999999999,0.3741007194244604,,10.0,1.0,3.0,10.0,3.0,7.0,20.0,4.0,18.0,10.0,3.0,,,1.0,,0.8571428571428571,0.35,0.35,0.8333333333333334,0.3333333333333333,0.1764705882352941,,0.4166666666666667,0.4166666666666667,0.3,0.3,1.0,0.2,0.6,0.3,24.61,,1.0,1.0,1.0,,1.0,0.0277777777777777,0.0869565217391304,,0.0384615384615384,,0.0625,,,4.0,3.0,5.0,,,1.0,1.0,3.0,6.0,1.0,3.0,,,,,,,0.5,0.25,,0.4,0.4,0.75,0.7142857142857143,0.6,0.6666666666666666,0.1428571428571428,,,,0.3333333333333333,,1.0,,0.25,,,True,,,,,,,,,,,,,,,,,,,,,,
202066,1610612761,Garrett Temple,Garrett Temple,202066,TOR,1642.0,27.0,6.0,59,62,28,16.0,6.0,121,,2.0,,,,,,1.0,1.0,5.0,,8.0,58.0,,,,,,1.0,,6.0,,2.0,,2.0,1.0,2.0,3.0,1.0,1.0,8.0,,,2.0,2.0,,2.0,2.0,,2.0,,1.0,,2.0,,2.0,1.0,3.0,6.0,1.0,2.0,,,,,,,6.0,28,,,,0.2,,,0.5714285714285714,,1.0,0.5714285714285714,,1.0,0.4,0.5,1.0,13.846153846153843,,0.1,,,0.0571428571428571,,,0.1,,,,0.2857142857142857,,,,0.1428571428571428,,,,,,,,,0.5714285714285714,0.4995714285714285,,0.5043666666666667,,,,0.75,9.64,0.4745762711864407,2.0,1.0,1.0,1.0,1.0,1.0,2.0,2.0,2.0,6.0,1.0,1.0,1.0,,,,1.0,1.0,1.0,0.2857142857142857,,0.1666666666666666,0.2857142857142857,0.1428571428571428,0.1428571428571428,1.0,1.0,1.0,0.3333333333333333,0.3333333333333333,1.0,24.55,1.0,,,,,,,,,,,,0.5,0.5,1.0,,,1.0,,,1.0,,,2.0,,,,,,,,,1.0,,1.0,1.0,1.0,,,,,,,1.0,1.0,1.0,,,,,,True,,,,,,,,,,,,,,,,,,,,,,
1627751,1610612761,Jakob Poeltl,Jakob Poeltl,1627751,TOR,98622.0,1644.0,-66.0,3387,3411,534,778.0,414.0,6798,219.0,300.0,73.0,119.0,27.0,38.0,124.0,240.0,350.0,560.0,93.0,796.0,3911.0,87.0,144.0,11.0,185.0,44.0,76.0,35.0,123.0,524.0,176.0,126.0,33.0,114.0,39.0,153.0,23.0,73.0,345.0,134.0,146.0,185.0,350.0,186.0,536.0,61.0,47.0,14.0,65.0,9.0,40.0,42.0,25.0,107.0,21.0,94.0,171.0,15.0,125.0,140.0,19.0,66.0,69.0,29.0,69.0,120.0,528,13.0,0.7485714285714286,0.9128919860627178,0.625,0.6041666666666666,0.5789473684210527,0.6243339253996447,0.6041666666666666,0.5714285714285714,0.6388443017656501,0.6045751633986928,0.6029411764705882,0.0589285714285714,0.0633333333333333,0.0583333333333333,18.827479338842977,0.6074766355140186,0.2362707535121328,0.1458106637649619,0.1859872611464968,0.2110969387755102,0.119277885235332,0.1805929919137466,0.2394736842105263,0.2033898305084746,0.1865284974093264,0.1844660194174757,0.5328596802841918,0.73,0.7793594306049823,0.6621004566210046,0.4262877442273534,0.5166666666666667,0.5486725663716814,0.8951612903225806,0.8263888888888888,0.6134453781512605,0.1095890410958904,0.4935064935064935,0.7105263157894737,0.5381882770870338,0.5682967081850532,0.603986440677966,0.5614355263157895,0.1081967213114754,0.1087314662273476,0.2324120603015075,0.1545226130653266,4.807500000000001,0.1576616474756421,20.0,1.0,,,2.0,1.0,1.0,3.0,1.0,3.0,1.0,,16.0,31.0,19.0,39.0,1.0,0.3333333333333333,0.5,0.0053285968028419,0.2134831460674157,0.2456140350877192,0.0355239786856127,0.0017761989342806,0.0035523978685612,,,,,0.0129870129870129,,38.0,7.0,51.0,22.0,10.0,16.0,5.0,0.0806962025316455,0.1261261261261261,0.1057692307692307,0.0695067264573991,0.1075268817204301,0.1257142857142857,0.35,0.35,1.0,,,,,,,,,,,13.0,,,1.0,44.0,10.0,,,0.6376811594202898,1.0,1.0,1.0,,,,,,,,,4.0,1.0,,0.0108695652173913,,19.0,False,1.0,10.0,5.0,1.0,1.0,2.0,2.0,0.8571428571428571,,,,,,,,,,,,,,
1628449,1610612761,Chris Boucher,Chris Boucher,1628449,TOR,51742.0,862.0,5.0,1736,1740,441,527.0,242.0,3476,86.0,119.0,29.0,43.0,23.0,30.0,18.0,40.0,112.0,177.0,68.0,502.0,2020.0,32.0,49.0,25.0,101.0,28.0,38.0,17.0,133.0,144.0,80.0,54.0,18.0,21.0,13.0,34.0,11.0,15.0,81.0,41.0,79.0,62.0,154.0,70.0,224.0,24.0,14.0,10.0,14.0,3.0,7.0,15.0,7.0,29.0,8.0,42.0,68.0,,69.0,87.0,9.0,41.0,19.0,9.0,25.0,133.0,441,7.0,0.6428571428571429,0.8470588235294118,0.632768361581921,0.6530612244897959,0.7368421052631579,0.5864864864864865,0.5507246376811594,0.6666666666666666,0.6139705882352942,0.6158536585365854,0.6855670103092784,0.1016949152542373,0.1260504201680672,0.075,21.548323471400398,0.4827586206896552,0.1635883905013192,0.0879828326180257,0.1850117096018735,0.1749379652605459,0.0788235294117647,0.0846560846560846,0.1885714285714285,0.2592592592592592,0.180379746835443,0.1981981981981982,0.3216216216216216,0.7226890756302521,0.8269230769230769,0.6162790697674418,0.1081081081081081,0.45,0.4864864864864865,0.7777777777777778,0.6231884057971014,0.6744186046511628,0.0689655172413793,0.3448275862068966,0.7666666666666667,0.8432432432432433,0.5762832432432432,0.5816355555555555,0.5787235632183908,0.1042183622828784,0.1961722488038277,0.2011952191235059,0.2649402390438247,4.050282485875708,0.2540322580645161,18.0,87.0,18.0,36.0,106.0,31.0,70.0,193.0,49.0,207.0,106.0,36.0,2.0,6.0,13.0,9.0,0.9857142857142858,0.3626943005181347,0.3626943005181347,0.5216216216216216,0.2765957446808511,0.1,0.0486486486486486,0.2351351351351351,0.2864864864864865,0.3396226415094339,0.3428571428571428,0.9722222222222222,0.2068965517241379,0.3563218390804598,0.3396226415094339,24.866321243523323,8.0,26.0,6.0,3.0,10.0,2.0,0.0677083333333333,0.0933333333333333,0.0769230769230769,0.0648854961832061,0.0737704918032786,0.0363636363636363,0.4444444444444444,0.4444444444444444,34.0,2.0,9.0,9.0,2.0,11.0,11.0,4.0,20.0,20.0,3.0,5.0,6.0,4.0,1.0,10.0,5.0,0.2,0.4081632653061224,0.4,0.3908045977011494,0.3908045977011494,1.0,0.1304347826086956,0.2222222222222222,1.0,0.1594202898550724,0.1818181818181818,1.0,0.5,0.3548387096774194,3.0,3.0,,0.081081081081081,2.0,3.0,False,,,1.0,3.0,2.0,,2.0,0.625,1.0,1.0,1.0,2.0,0.005181347150259,0.0094339622641509,0.0051546391752577,,,,,,,
1628971,1610612761,Bruce Brown,Bruce Brown,1628971,TOR,21161.0,353.0,-48.0,727,711,135,252.0,78.0,1438,26.0,43.0,3.0,7.0,8.0,13.0,18.0,47.0,46.0,95.0,26.0,151.0,831.0,4.0,10.0,5.0,13.0,9.0,18.0,8.0,38.0,62.0,30.0,4.0,11.0,17.0,11.0,28.0,9.0,15.0,67.0,8.0,28.0,19.0,51.0,17.0,68.0,17.0,10.0,7.0,14.0,2.0,5.0,5.0,9.0,19.0,2.0,13.0,26.0,,20.0,29.0,3.0,14.0,3.0,1.0,3.0,36.0,134,1.0,0.6739130434782609,0.7045454545454546,0.4842105263157895,0.4,0.5,0.4770992366412214,0.2666666666666666,0.5555555555555556,0.5243055555555556,0.3611111111111111,0.6333333333333333,0.1157894736842105,0.0930232558139534,0.1489361702127659,19.709794437726725,0.7368421052631579,0.1241830065359477,0.0402010050251256,0.1647058823529411,0.1455108359133126,0.0497076023391812,0.0555555555555555,0.1739130434782608,0.1153846153846153,0.192,0.0888888888888888,0.3282442748091603,0.6046511627906976,0.6666666666666666,0.7307692307692307,0.3587786259541984,0.3829787234042553,0.45,0.5555555555555556,0.4666666666666667,0.4285714285714285,0.3333333333333333,0.4814814814814814,0.6153846153846154,0.6030534351145038,0.5557446153846153,0.5718388888888889,0.597151923076923,0.0985915492957746,0.1320754716981132,0.086092715231788,0.2516556291390728,5.935789473684209,0.1856946354883081,5.0,20.0,5.0,2.0,16.0,4.0,11.0,36.0,9.0,33.0,15.0,2.0,2.0,1.0,4.0,2.0,1.0,0.3055555555555556,0.3142857142857143,0.2748091603053435,0.1739130434782608,0.0689655172413793,0.0381679389312977,0.1526717557251908,0.1221374045801526,0.125,0.125,1.0,0.1851851851851851,0.1481481481481481,0.1333333333333333,25.022222222222226,2.0,9.0,4.0,,1.0,,0.0629370629370629,0.029126213592233,0.0416666666666666,0.0531914893617021,0.0816326530612244,0.0655737704918032,0.4,0.4,9.0,,1.0,3.0,,4.0,1.0,,5.0,4.0,,2.0,,,,1.0,1.0,,0.4444444444444444,0.3333333333333333,0.45,0.45,1.0,0.0666666666666666,,,0.2666666666666666,,,0.6,0.25,1.0,,,,,1.0,False,1.0,1.0,,,,1.0,,1.0,,,,,,,,,,,,,,
1629628,1610612761,RJ Barrett,RJ Barrett,1629628,TOR,107572.0,1793.0,-150.0,3754,3759,678,905.0,450.0,7513,236.0,389.0,27.0,44.0,42.0,72.0,97.0,239.0,340.0,644.0,185.0,1174.0,4366.0,30.0,58.0,9.0,114.0,62.0,121.0,35.0,210.0,316.0,364.0,22.0,75.0,195.0,108.0,303.0,67.0,134.0,714.0,32.0,162.0,106.0,294.0,57.0,351.0,44.0,26.0,18.0,107.0,25.0,74.0,51.0,33.0,158.0,27.0,84.0,135.0,9.0,221.0,293.0,31.0,153.0,14.0,5.0,15.0,209.0,673,8.0,0.4647058823529412,0.4802431610942249,0.5279503105590062,0.5172413793103449,0.512396694214876,0.5294432548179872,0.5357142857142857,0.4971590909090909,0.5522107243650047,0.5377358490566038,0.5198019801980198,0.1164596273291925,0.1336760925449871,0.0962343096234309,28.554724041159965,0.6772151898734177,0.1315136476426799,0.0316831683168316,0.1782178217821782,0.156268221574344,0.0320886814469078,0.0419426048565121,0.1497326203208556,0.1810344827586207,0.1759398496240601,0.1844262295081967,0.4164882226980728,0.6066838046272494,0.7002967359050445,0.5466101694915254,0.2558886509635974,0.405857740585774,0.449074074074074,0.2783505154639175,0.4489795918367347,0.6136363636363636,0.3333333333333333,0.4090909090909091,0.5833333333333334,0.7269807280513919,0.5703741952789705,0.5840458333333332,0.5546908045977013,0.1458333333333333,0.1997389033942558,0.0971039182282793,0.1788756388415673,4.247204968944101,0.1806073521576984,16.0,67.0,6.0,74.0,223.0,49.0,103.0,290.0,55.0,285.0,221.0,74.0,41.0,51.0,26.0,9.0,0.9223300970873788,0.3551724137931034,0.3576388888888889,0.310492505353319,0.3095238095238095,0.0917721518987341,0.0171306209850107,0.0717344753747323,0.2387580299785867,0.3318385650224215,0.3363636363636363,0.9324324324324323,0.034090909090909,0.2784090909090909,0.334841628959276,25.54103448275861,7.0,23.0,12.0,7.0,4.0,11.0,0.0326704545454545,0.0264900662251655,0.0096153846153846,0.0337972166998011,0.0298507462686567,0.0299251870324189,0.4375,0.4375,29.0,4.0,10.0,3.0,11.0,30.0,14.0,15.0,40.0,17.0,24.0,7.0,1.0,,,10.0,6.0,0.375,0.3090909090909091,0.6666666666666666,0.4328358208955223,0.4393939393939394,0.896551724137931,0.1020408163265306,0.4,0.5,0.3061224489795918,0.3666666666666666,0.8181818181818182,0.5,0.2857142857142857,10.0,2.0,,0.017391304347826,3.0,4.0,False,2.0,10.0,7.0,2.0,3.0,,,0.2857142857142857,4.0,1.0,1.0,1.0,0.0137931034482758,0.0134529147982062,0.0034482758620689,1.0,0.0149253731343283,,,,,
1630558,1610612761,Davion Mitchell,Davion Mitchell,1630558,TOR,64813.0,1080.0,-67.0,2224,2223,458,608.0,281.0,4447,41.0,75.0,1.0,2.0,6.0,10.0,20.0,41.0,64.0,127.0,25.0,279.0,2548.0,3.0,7.0,,21.0,11.0,19.0,12.0,55.0,46.0,82.0,,14.0,126.0,77.0,203.0,44.0,70.0,483.0,6.0,44.0,24.0,69.0,16.0,85.0,31.0,17.0,14.0,52.0,13.0,39.0,26.0,13.0,78.0,17.0,42.0,116.0,3.0,68.0,37.0,8.0,15.0,7.0,3.0,8.0,55.0,456,14.0,0.359375,0.359375,0.5039370078740157,0.4285714285714285,0.5789473684210527,0.5204918032786885,0.4375,0.4886363636363636,0.5387596899224806,0.4375,0.5288461538461539,0.1102362204724409,0.1333333333333333,0.0975609756097561,13.202357563850688,0.6666666666666666,0.0481927710843373,0.0106382978723404,0.0794223826714801,0.0646387832699619,0.0153994225216554,0.004,0.0476190476190476,0.0493827160493827,0.0773067331670823,0.0849673202614379,0.3073770491803279,0.5466666666666666,0.6307692307692307,0.2926829268292683,0.1680327868852459,0.4878048780487805,0.5405405405405406,0.5,0.0833333333333333,0.5,,0.2272727272727272,0.6,0.7868852459016393,0.561258125,0.5006736842105264,0.5379060975609755,0.0597609561752988,0.1119402985074626,0.075268817204301,0.1971326164874552,5.077165354330709,0.2059352517985611,11.0,21.0,2.0,35.0,96.0,23.0,42.0,117.0,25.0,99.0,93.0,35.0,33.0,50.0,1.0,4.0,0.7857142857142857,0.358974358974359,0.3684210526315789,0.4795081967213114,0.0140845070422535,0.0483870967741935,0.0450819672131147,0.0860655737704918,0.3934426229508196,0.3645833333333333,0.3645833333333333,0.7428571428571429,0.0454545454545454,0.5227272727272727,0.3763440860215054,26.16923076923076,3.0,10.0,2.0,5.0,,27.0,0.0210526315789473,0.0160642570281124,0.0153846153846153,0.0236686390532544,0.0145985401459854,0.0169491525423728,0.2727272727272727,0.2727272727272727,7.0,,5.0,1.0,5.0,12.0,6.0,5.0,17.0,7.0,27.0,7.0,1.0,,,3.0,7.0,0.2941176470588235,0.28,0.375,0.3333333333333333,0.3333333333333333,1.0,0.2083333333333333,,,0.5,0.4166666666666667,0.8,0.5,0.2608695652173913,3.0,,,,1.0,4.0,False,3.0,6.0,1.0,1.0,7.0,,,0.3333333333333333,,1.0,,1.0,,,,,,,,,,
1641711,1610612761,Gradey Dick,Gradey Dick,1641711,TOR,95245.0,1587.0,-210.0,3291,3298,600,767.0,393.0,6589,83.0,158.0,12.0,22.0,12.0,21.0,43.0,104.0,151.0,321.0,133.0,777.0,3899.0,20.0,38.0,16.0,95.0,21.0,46.0,38.0,134.0,240.0,62.0,10.0,33.0,58.0,40.0,98.0,27.0,44.0,236.0,23.0,85.0,60.0,149.0,44.0,193.0,48.0,30.0,18.0,61.0,5.0,33.0,22.0,28.0,83.0,17.0,58.0,120.0,2.0,127.0,155.0,5.0,58.0,9.0,5.0,10.0,132.0,595,17.0,0.7947019867549668,0.821917808219178,0.470404984423676,0.5263157894736842,0.4565217391304347,0.4976816074188562,0.5984848484848485,0.417391304347826,0.5376044568245125,0.6266666666666667,0.4926470588235294,0.102803738317757,0.1075949367088607,0.1153846153846153,21.335113484646197,0.7349397590361446,0.0837988826815642,0.0265588914549653,0.1093951093951094,0.0971198928332217,0.0266927083333333,0.0233766233766233,0.0501567398119122,0.1322314049586777,0.1154529307282415,0.0934579439252336,0.2442040185471406,0.5253164556962026,0.5886524822695035,0.8433734939759037,0.160741885625966,0.4134615384615384,0.4673913043478261,0.7441860465116279,0.3333333333333333,0.5454545454545454,0.4166666666666667,0.1826086956521739,0.5714285714285714,0.7480680061823802,0.5533270123839006,0.5638090909090908,0.5223574561403508,0.0893617021276595,0.1550802139037433,0.1222651222651222,0.1724581724581724,6.772585669781932,0.1823154056517775,59.0,88.0,21.0,84.0,238.0,48.0,114.0,326.0,69.0,324.0,237.0,84.0,13.0,14.0,4.0,4.0,0.9473684210526316,0.3496932515337423,0.3507692307692308,0.5038639876352395,0.0416666666666666,0.1014492753623188,0.0911901081916537,0.1360123647604327,0.3678516228748068,0.3529411764705882,0.3544303797468354,0.9285714285714286,0.1826086956521739,0.417391304347826,0.3544303797468354,25.65398773006133,25.0,18.0,10.0,9.0,4.0,10.0,0.026865671641791,0.0294906166219839,0.0277777777777777,0.0303643724696356,0.0170454545454545,0.0291545189504373,0.423728813559322,0.4545454545454545,30.0,4.0,7.0,6.0,9.0,21.0,12.0,13.0,28.0,18.0,18.0,13.0,1.0,1.0,,6.0,9.0,0.4642857142857143,0.2608695652173913,0.6,0.3409090909090909,0.3488372093023256,1.0,0.106060606060606,0.5714285714285714,1.0,0.3181818181818182,0.4285714285714285,1.0,0.2857142857142857,0.25,4.0,3.0,1.0,0.0394736842105263,5.0,3.0,False,1.0,,1.0,4.0,6.0,,,0.72,3.0,5.0,5.0,,0.00920245398773,0.0042016806722689,0.0151057401812688,,0.0227272727272727,0.0677966101694915,,,,
1642347,1610612761,Jamal Shead,Jamal Shead,1642347,TOR,77704.0,1295.0,-252.0,2672,2681,599,937.0,341.0,5353,51.0,87.0,4.0,6.0,9.0,19.0,58.0,134.0,114.0,241.0,45.0,471.0,3150.0,6.0,14.0,3.0,42.0,22.0,54.0,13.0,108.0,100.0,128.0,4.0,21.0,153.0,121.0,274.0,78.0,101.0,669.0,16.0,40.0,31.0,74.0,26.0,100.0,51.0,36.0,15.0,62.0,21.0,53.0,41.0,9.0,103.0,26.0,63.0,141.0,3.0,88.0,60.0,14.0,30.0,7.0,5.0,9.0,106.0,596,17.0,0.4385964912280701,0.4464285714285714,0.4730290456431535,0.4285714285714285,0.4074074074074074,0.4885321100917431,0.5,0.4702970297029702,0.5131004366812227,0.525,0.5046728971962616,0.0871369294605809,0.1379310344827586,0.0671641791044776,18.220201364079248,0.6019417475728155,0.0521885521885521,0.021680216802168,0.066334991708126,0.0593149540517961,0.0192012288786482,0.0069204152249134,0.0485074626865671,0.0769230769230769,0.0577777777777777,0.0915032679738562,0.1995412844036697,0.5862068965517241,0.68,0.5098039215686274,0.3073394495412844,0.4328358208955223,0.464,0.3793103448275862,0.1538461538461538,0.6666666666666666,0.25,0.1881188118811881,0.4736842105263157,0.6467889908256881,0.5240078703703707,0.5557785714285716,0.5029353535353535,0.0684326710816777,0.1167315175097276,0.0891719745222929,0.2292993630573248,6.978423236514523,0.2241766467065868,20.0,32.0,9.0,53.0,163.0,38.0,66.0,195.0,47.0,174.0,160.0,53.0,43.0,35.0,3.0,2.0,0.8787878787878788,0.3384615384615385,0.34375,0.4472477064220183,0.0394736842105263,0.0468085106382978,0.0458715596330275,0.073394495412844,0.3738532110091743,0.3251533742331288,0.3271604938271605,0.8490566037735849,0.0891089108910891,0.3762376237623762,0.33125,26.171794871794887,5.0,9.0,7.0,7.0,1.0,18.0,0.0159574468085106,0.0277008310249307,0.0454545454545454,0.0179948586118251,0.0114285714285714,0.0309734513274336,0.25,0.25,13.0,1.0,4.0,5.0,8.0,21.0,12.0,9.0,25.0,17.0,24.0,5.0,2.0,1.0,,4.0,3.0,0.36,0.3617021276595745,0.4444444444444444,0.40625,0.40625,1.0,0.1025641025641025,0.25,1.0,0.5384615384615384,0.3809523809523809,1.0,0.5555555555555556,0.3157894736842105,5.0,1.0,,0.0151515151515151,,5.0,False,3.0,17.0,7.0,1.0,8.0,,,0.4,1.0,1.0,1.0,1.0,0.0051282051282051,0.0061349693251533,0.0051020408163265,,,,,,,
1630534,1610612761,Ochai Agbaji,Ochai Agbaji,1630534,TOR,98131.0,1636.0,-205.0,3393,3398,628,956.0,397.0,6791,134.0,205.0,18.0,34.0,23.0,35.0,16.0,49.0,154.0,262.0,33.0,614.0,3894.0,19.0,37.0,,74.0,29.0,50.0,10.0,107.0,250.0,58.0,24.0,28.0,52.0,43.0,95.0,24.0,31.0,233.0,30.0,83.0,78.0,176.0,55.0,231.0,49.0,35.0,14.0,26.0,2.0,16.0,23.0,10.0,49.0,6.0,65.0,116.0,9.0,44.0,47.0,4.0,20.0,29.0,7.0,29.0,107.0,625,12.0,0.8116883116883117,0.8802816901408451,0.5877862595419847,0.5135135135135135,0.58,0.5892494929006086,0.6166666666666667,0.6217948717948718,0.5984405458089669,0.6166666666666667,0.6294117647058823,0.1068702290076335,0.1073170731707317,0.1020408163265306,14.62018730489074,0.5306122448979592,0.1020942408376963,0.0345224395857307,0.097877358490566,0.0998759305210918,0.0337150127226463,0.0413223140495867,0.0833333333333333,0.146551724137931,0.0881410256410256,0.125,0.4158215010141988,0.6536585365853659,0.73224043715847,0.8208955223880597,0.0993914807302231,0.3265306122448979,0.3636363636363636,0.75,0.5666666666666667,0.5294117647058824,0.3333333333333333,0.4487179487179487,0.6571428571428571,0.8843813387423936,0.6077345841784991,0.6181269230769232,0.6043596153846155,0.0411764705882352,0.0719424460431654,0.1205211726384364,0.1742671009771987,3.176717557251909,0.1850869437076333,8.0,137.0,19.0,34.0,94.0,9.0,91.0,231.0,28.0,264.0,94.0,34.0,19.0,15.0,15.0,22.0,0.967032967032967,0.3939393939393939,0.3939393939393939,0.4685598377281947,0.1648351648351648,0.108695652173913,0.0162271805273833,0.2778904665314402,0.1906693711967545,0.3617021276595745,0.3695652173913043,0.9411764705882352,0.2435897435897435,0.1153846153846153,0.3617021276595745,24.375324675324663,4.0,23.0,7.0,4.0,3.0,1.0,0.0327169274537695,0.0275689223057644,0.0373831775700934,0.0292275574112734,0.0401785714285714,0.0327102803738317,0.5,0.5714285714285714,57.0,7.0,12.0,9.0,5.0,11.0,4.0,12.0,23.0,13.0,9.0,3.0,,,,16.0,3.0,0.5217391304347826,0.4642857142857143,0.5517241379310345,0.4160583941605839,0.4253731343283582,0.9824561403508772,0.2,0.5833333333333334,1.0,0.1833333333333333,0.4545454545454545,1.0,0.4736842105263157,0.4444444444444444,5.0,2.0,,0.0219780219780219,3.0,3.0,False,,6.0,7.0,2.0,,,,0.75,5.0,,1.0,,0.0216450216450216,0.0212765957446808,0.0043103448275862,,0.0218978102189781,0.125,2.0,,,
1630567,1610612761,Scottie Barnes,Scottie Barnes,1630567,TOR,119747.0,1996.0,-137.0,4138,4145,820,1137.0,485.0,8283,160.0,243.0,23.0,41.0,27.0,41.0,143.0,326.0,357.0,705.0,207.0,1134.0,4691.0,38.0,76.0,21.0,103.0,57.0,125.0,68.0,212.0,324.0,390.0,36.0,32.0,239.0,115.0,354.0,78.0,168.0,823.0,49.0,193.0,145.0,360.0,91.0,451.0,91.0,55.0,36.0,113.0,22.0,79.0,60.0,34.0,173.0,38.0,48.0,111.0,7.0,221.0,269.0,24.0,120.0,54.0,16.0,60.0,210.0,813,12.0,0.453781512605042,0.4778761061946903,0.5063829787234042,0.5,0.456,0.4768518518518518,0.4408602150537634,0.4186046511627907,0.5169880624426079,0.4904761904761904,0.4929245283018867,0.0453900709219858,0.0617283950617283,0.0521472392638036,26.66243117323168,0.653179190751445,0.1564185544768069,0.0451197053406998,0.1941649899396378,0.1759500260281103,0.0440122824974411,0.0352941176470588,0.1548974943052392,0.226890756302521,0.1807065217391304,0.2325581395348837,0.25,0.6584362139917695,0.7017543859649122,0.5875,0.3353909465020576,0.4386503067484663,0.4627831715210356,0.3076923076923077,0.4408602150537634,0.5609756097560976,0.1739130434782608,0.2383720930232558,0.6585365853658537,0.5246913580246914,0.5204684591520164,0.5232786885245903,0.488379761904762,0.1123595505617977,0.149812734082397,0.0908289241622574,0.1869488536155202,7.920283687943261,0.1981633639439342,136.0,41.0,7.0,57.0,226.0,40.0,71.0,267.0,47.0,162.0,221.0,57.0,37.0,65.0,22.0,38.0,0.7605633802816901,0.2659176029962546,0.2709923664122137,0.2746913580246913,0.2115384615384615,0.1355013550135501,0.139917695473251,0.0421810699588477,0.2325102880658436,0.252212389380531,0.2533333333333333,0.7192982456140351,0.0406976744186046,0.2325581395348837,0.2579185520361991,26.258426966292134,54.0,37.0,30.0,10.0,14.0,9.0,0.042626728110599,0.054820415879017,0.0378787878787878,0.0490506329113924,0.0254237288135593,0.0608519269776876,0.3970588235294117,0.3970588235294117,14.0,,2.0,3.0,2.0,15.0,7.0,2.0,17.0,10.0,51.0,21.0,6.0,4.0,,33.0,17.0,0.1176470588235294,0.2127659574468085,0.55,0.3414634146341463,0.35,0.9285714285714286,0.021505376344086,,,0.1612903225806451,0.1333333333333333,1.0,0.4285714285714285,0.175,12.0,5.0,5.0,0.0490196078431372,,11.0,False,5.0,6.0,7.0,5.0,,,1.0,0.4444444444444444,2.0,10.0,,2.0,0.0074906367041198,0.0044247787610619,,,0.024390243902439,,,,,
1630193,1610612761,Immanuel Quickley,Immanuel Quickley,1630193,TOR,51615.0,860.0,-57.0,1758,1764,309,383.0,220.0,3522,35.0,60.0,,1.0,8.0,11.0,48.0,117.0,94.0,200.0,105.0,521.0,2021.0,10.0,15.0,4.0,57.0,22.0,46.0,28.0,93.0,74.0,114.0,2.0,22.0,117.0,64.0,181.0,39.0,64.0,426.0,3.0,58.0,29.0,92.0,13.0,105.0,22.0,15.0,7.0,36.0,7.0,26.0,20.0,10.0,56.0,14.0,25.0,59.0,2.0,91.0,120.0,10.0,53.0,3.0,2.0,4.0,93.0,306,2.0,0.3936170212765957,0.3978494623655914,0.47,0.6666666666666666,0.4782608695652174,0.5098039215686274,0.6162790697674418,0.4391891891891892,0.5631808278867102,0.6333333333333333,0.5229885057471264,0.11,0.1666666666666666,0.1025641025641025,25.62189054726368,0.6428571428571429,0.0739795918367346,0.0063829787234042,0.1367924528301886,0.1066176470588235,0.0154761904761904,,0.0833333333333333,0.1041666666666666,0.1333333333333333,0.146788990825688,0.1470588235294117,0.5833333333333334,0.7,0.4,0.2867647058823529,0.4102564102564102,0.4571428571428571,0.3958333333333333,0.0232558139534883,,,0.1486486486486486,0.7272727272727273,0.6568627450980392,0.5172976600985222,0.4961782608695652,0.4727787671232877,0.1236203090507726,0.2181069958847736,0.109404990403071,0.1785028790786948,7.575499999999998,0.1757679180887372,23.0,24.0,4.0,67.0,184.0,24.0,76.0,208.0,28.0,168.0,182.0,67.0,25.0,43.0,5.0,1.0,0.7368421052631579,0.3653846153846153,0.3689320388349514,0.5098039215686274,0.1470588235294117,0.05,0.0563725490196078,0.0588235294117647,0.4509803921568627,0.3641304347826087,0.366120218579235,0.7164179104477612,0.054054054054054,0.3243243243243243,0.3681318681318681,26.41298076923078,11.0,10.0,3.0,4.0,6.0,3.0,0.027027027027027,0.0119521912350597,,0.0282685512367491,0.0229885057471264,0.0144927536231884,0.4782608695652174,0.4782608695652174,9.0,2.0,6.0,1.0,9.0,22.0,6.0,11.0,28.0,7.0,60.0,6.0,1.0,,,3.0,6.0,0.3928571428571428,0.25,0.75,0.375,0.375,0.8888888888888888,0.1395348837209302,0.3333333333333333,0.5,0.5116279069767442,0.4090909090909091,0.8888888888888888,0.25,0.25,4.0,,,,2.0,1.0,False,2.0,10.0,1.0,4.0,,,,0.3636363636363636,1.0,5.0,3.0,1.0,0.0048076923076923,0.0054347826086956,0.0142857142857142,1.0,,,,,,
1642266,1610612761,Ja'Kobe Walter,Ja'Kobe Walter,1642266,TOR,64414.0,1074.0,-101.0,2198,2206,434,690.0,289.0,4404,52.0,108.0,5.0,17.0,8.0,15.0,35.0,73.0,93.0,202.0,58.0,427.0,2544.0,14.0,31.0,5.0,54.0,16.0,32.0,21.0,80.0,116.0,70.0,10.0,35.0,49.0,30.0,79.0,19.0,36.0,188.0,29.0,47.0,44.0,97.0,54.0,151.0,40.0,22.0,18.0,29.0,2.0,18.0,19.0,11.0,48.0,9.0,56.0,92.0,3.0,68.0,75.0,8.0,38.0,8.0,4.0,9.0,80.0,434,8.0,0.6236559139784946,0.6590909090909091,0.4603960396039604,0.4516129032258064,0.5,0.4855263157894737,0.5104166666666666,0.4154929577464789,0.5182038834951457,0.5294117647058824,0.4819277108433735,0.1732673267326732,0.2037037037037037,0.1643835616438356,18.131651556957035,0.6041666666666666,0.0901639344262295,0.0480928689883913,0.0953346855983772,0.0927624872579001,0.046875,0.0474452554744525,0.0857142857142857,0.0735294117647058,0.0899182561307901,0.1111111111111111,0.2842105263157894,0.4814814814814814,0.6046511627906976,0.6923076923076923,0.1921052631578947,0.4794520547945205,0.5737704918032787,0.5714285714285714,0.3541666666666667,0.2941176470588235,0.2,0.2112676056338028,0.5333333333333333,0.7526315789473684,0.5548253968253967,0.5222064516129032,0.552031884057971,0.0975609756097561,0.1637931034482758,0.126463700234192,0.1873536299765808,5.726237623762374,0.197452229299363,21.0,57.0,10.0,43.0,121.0,29.0,61.0,178.0,39.0,174.0,119.0,43.0,11.0,9.0,6.0,4.0,0.9508196721311476,0.3426966292134831,0.3465909090909091,0.4684210526315789,0.09375,0.1,0.0552631578947368,0.15,0.3184210526315789,0.3553719008264462,0.3583333333333333,0.9302325581395348,0.1408450704225352,0.4084507042253521,0.361344537815126,25.224157303370774,6.0,22.0,10.0,8.0,4.0,6.0,0.045360824742268,0.05,0.0434782608695652,0.0343839541547277,0.0735294117647058,0.053475935828877,0.2857142857142857,0.3,18.0,3.0,7.0,2.0,4.0,10.0,7.0,7.0,17.0,9.0,9.0,2.0,1.0,1.0,,5.0,2.0,0.4117647058823529,0.2307692307692307,0.5555555555555556,0.3157894736842105,0.3214285714285714,1.0,0.1458333333333333,0.4285714285714285,1.0,0.2083333333333333,0.4,0.75,0.2,0.2413793103448276,5.0,3.0,,0.0555555555555555,3.0,2.0,False,2.0,4.0,4.0,1.0,4.0,,,0.3333333333333333,2.0,1.0,2.0,,0.0112359550561797,0.0082644628099173,0.0112359550561797,2.0,0.0175438596491228,0.0476190476190476,,,,
1642419,1610612761,Jamison Battle,Jamison Battle,1642419,TOR,50943.0,849.0,-161.0,1755,1757,391,587.0,229.0,3512,15.0,31.0,2.0,8.0,3.0,5.0,14.0,29.0,35.0,70.0,16.0,338.0,2043.0,3.0,12.0,5.0,35.0,8.0,14.0,8.0,84.0,58.0,12.0,6.0,12.0,23.0,23.0,46.0,16.0,11.0,115.0,9.0,43.0,49.0,94.0,30.0,124.0,12.0,8.0,4.0,12.0,3.0,8.0,8.0,4.0,20.0,2.0,33.0,74.0,8.0,21.0,18.0,1.0,6.0,9.0,4.0,9.0,84.0,390,10.0,0.8285714285714286,0.90625,0.5,0.25,0.5714285714285714,0.5919117647058824,0.4285714285714285,0.6440677966101694,0.6017857142857143,0.4729729729729729,0.6666666666666666,0.1714285714285714,0.2258064516129032,0.1724137931034483,14.714566929133856,0.6,0.1253196930946291,0.0189873417721519,0.1085858585858585,0.1168996188055908,0.0331807780320366,0.0211640211640211,0.1052631578947368,0.1458333333333333,0.1114754098360655,0.0989010989010989,0.1139705882352941,0.4838709677419355,0.625,0.8666666666666667,0.1066176470588235,0.4827586206896552,0.5833333333333334,0.8571428571428571,0.2285714285714285,0.25,,0.0847457627118644,0.6,0.8566176470588235,0.5438669741697416,0.5538318181818181,0.5224896551724136,0.0216606498194945,0.08,0.1035502958579881,0.2485207100591716,6.951428571428571,0.2227920227920228,10.0,85.0,17.0,49.0,117.0,28.0,84.0,202.0,45.0,249.0,117.0,49.0,7.0,12.0,2.0,5.0,0.988095238095238,0.4158415841584158,0.4158415841584158,0.7426470588235294,0.0434782608695652,0.1437908496732026,0.0367647058823529,0.3125,0.4301470588235294,0.4188034188034188,0.4188034188034188,0.979591836734694,0.288135593220339,0.4745762711864407,0.4188034188034188,24.983663366336632,6.0,20.0,3.0,4.0,5.0,2.0,0.05,0.0166666666666666,0.0222222222222222,0.0481481481481481,0.0538461538461538,0.0222222222222222,0.6,0.6,35.0,3.0,10.0,6.0,5.0,13.0,14.0,8.0,23.0,20.0,3.0,3.0,,,,6.0,2.0,0.3478260869565217,0.4444444444444444,0.6666666666666666,0.4117647058823529,0.4166666666666667,1.0,0.2857142857142857,0.3,1.0,0.3714285714285714,0.3846153846153846,1.0,0.3529411764705882,0.5,2.0,1.0,,0.027027027027027,2.0,,False,,,1.0,,1.0,,,0.6666666666666666,1.0,2.0,,,0.0049504950495049,,,,0.0117647058823529,,,1.0,,
1642367,1610612761,Jonathan Mogbo,Jonathan Mogbo,1642367,TOR,68281.0,1138.0,-256.0,2360,2356,557,832.0,299.0,4716,97.0,166.0,18.0,41.0,16.0,28.0,16.0,62.0,117.0,242.0,56.0,338.0,2733.0,22.0,53.0,9.0,53.0,21.0,46.0,14.0,74.0,166.0,68.0,24.0,26.0,66.0,42.0,108.0,29.0,41.0,258.0,58.0,74.0,81.0,168.0,99.0,267.0,45.0,22.0,23.0,32.0,9.0,22.0,29.0,10.0,61.0,17.0,64.0,123.0,13.0,65.0,77.0,11.0,41.0,25.0,13.0,29.0,74.0,555,18.0,0.7094017094017094,0.7904761904761904,0.4834710743801653,0.4150943396226415,0.4565217391304347,0.47,0.4,0.4761904761904761,0.5075075075075075,0.4344262295081967,0.5138888888888888,0.1074380165289256,0.1024096385542168,0.1451612903225806,14.51731761238025,0.5245901639344263,0.1588235294117647,0.0928,0.1378026070763501,0.1480420248328557,0.0847750865051903,0.1052631578947368,0.1462264150943396,0.1772151898734177,0.1494845360824742,0.1073825503355704,0.5533333333333333,0.5843373493975904,0.6510067114093959,0.7216494845360825,0.2066666666666666,0.2580645161290322,0.3018867924528302,0.625,0.7454545454545455,0.4390243902439024,0.3333333333333333,0.4444444444444444,0.5714285714285714,0.7466666666666667,0.5951510067114087,0.5918646341463414,0.5637647540983606,0.1242424242424242,0.150735294117647,0.1568047337278106,0.2189349112426035,4.083057851239669,0.2360169491525423,14.0,29.0,10.0,6.0,29.0,7.0,16.0,58.0,17.0,48.0,27.0,6.0,13.0,21.0,13.0,12.0,1.0,0.2758620689655172,0.2857142857142857,0.1933333333333333,0.1940298507462686,0.1643835616438356,0.0466666666666666,0.0966666666666666,0.0966666666666666,0.2068965517241379,0.2142857142857142,1.0,0.1587301587301587,0.1111111111111111,0.2222222222222222,25.772413793103446,4.0,40.0,13.0,8.0,3.0,5.0,0.0753295668549905,0.0919540229885057,0.050632911392405,0.0580474934036939,0.1184210526315789,0.0970149253731343,0.2857142857142857,0.2857142857142857,10.0,,2.0,5.0,,,1.0,,2.0,6.0,,3.0,4.0,4.0,,10.0,3.0,,0.3529411764705882,0.3448275862068966,0.3448275862068966,0.3448275862068966,1.0,0.0363636363636363,,,,,,0.5,0.1428571428571428,5.0,1.0,1.0,0.015625,1.0,7.0,False,2.0,4.0,4.0,2.0,,,4.0,0.75,1.0,,,,0.0172413793103448,0.0344827586206896,,,,,,,,
202066,1610612761,Garrett Temple,Garrett Temple,202066,TOR,9310.0,155.0,-24.0,336,333,131,143.0,50.0,669,2.0,6.0,,1.0,1.0,3.0,1.0,7.0,3.0,17.0,9.0,24.0,385.0,,1.0,2.0,2.0,1.0,6.0,5.0,10.0,4.0,2.0,,1.0,13.0,10.0,23.0,6.0,7.0,56.0,1.0,9.0,7.0,17.0,5.0,22.0,12.0,2.0,10.0,5.0,,2.0,3.0,3.0,8.0,5.0,11.0,17.0,1.0,12.0,10.0,,4.0,2.0,2.0,2.0,10.0,131,,0.6666666666666666,0.6666666666666666,0.1764705882352941,,0.1666666666666666,0.2142857142857142,,0.1785714285714285,0.3,0.25,0.2941176470588235,0.0588235294117647,,0.1428571428571428,12.030075187969924,0.625,0.106060606060606,0.0117647058823529,0.1232876712328767,0.1151079136690647,0.0316455696202531,,0.1714285714285714,,0.1272727272727272,0.1111111111111111,0.1714285714285714,0.3333333333333333,0.3333333333333333,1.0,0.2,0.1428571428571428,0.1666666666666666,,0.3333333333333333,,,0.2142857142857142,0.3333333333333333,0.6857142857142857,0.5234714285714286,0.4902,0.5292214285714285,0.1025641025641025,0.1904761904761904,0.0833333333333333,0.4166666666666667,8.676470588235293,0.3898809523809524,4.0,6.0,2.0,2.0,12.0,6.0,3.0,18.0,8.0,9.0,12.0,2.0,4.0,5.0,1.0,,1.0,0.1666666666666666,0.1666666666666666,0.5142857142857142,0.1,0.0476190476190476,0.1142857142857142,0.1714285714285714,0.3428571428571428,0.1666666666666666,0.1666666666666666,1.0,0.1428571428571428,0.4285714285714285,0.1666666666666666,25.12222222222222,,4.0,,1.0,1.0,1.0,0.0547945205479452,0.0212765957446808,,0.0714285714285714,,,,,1.0,,,,,2.0,1.0,,2.0,1.0,,1.0,,,,2.0,1.0,,0.125,1.0,0.1666666666666666,0.1666666666666666,1.0,,,,0.6666666666666666,,,,0.1666666666666666,2.0,,,,1.0,,False,,1.0,,,1.0,,,,,,,,,,,,,,1.0,,,
1630618,1610612761,D.J. Carton,D.J. Carton,1630618,TOR,2003.0,33.0,12.0,76,75,16,22.0,9.0,151,1.0,2.0,,,,,,2.0,1.0,4.0,1.0,3.0,73.0,,,,,,,,,2.0,,,1.0,2.0,1.0,3.0,,1.0,7.0,,1.0,3.0,4.0,,4.0,2.0,1.0,1.0,2.0,1.0,,2.0,2.0,4.0,,1.0,1.0,,1.0,1.0,1.0,1.0,,,,,14,,1.0,1.0,0.25,,,0.1428571428571428,,,0.2142857142857142,,,0.25,0.5,,12.64367816091954,0.5,0.1304347826086956,,0.0714285714285714,0.1081081081081081,,,0.1,0.2,0.0833333333333333,,0.2857142857142857,0.5,1.0,1.0,0.2857142857142857,,,,,,,,,0.7142857142857143,0.5370928571428571,0.49695,0.49695,0.1428571428571428,0.25,,,4.45,0.2105263157894736,,1.0,,,2.0,1.0,,3.0,1.0,,2.0,,1.0,1.0,,,,,,0.4285714285714285,,0.125,,0.1428571428571428,0.2857142857142857,,,,,1.0,,25.633333333333336,,,,,,,,,,,,,,,,,,,,1.0,,,1.0,,,,,,,,,,,,,,,,,,1.0,,,,,1.0,,,,,,False,,,,,,,,,1.0,,,,0.3333333333333333,0.5,,,,,,,,
1630639,1610612761,A.J. Lawson,A.J. Lawson,1630639,TOR,16248.0,271.0,-36.0,576,572,149,212.0,81.0,1148,20.0,34.0,2.0,4.0,5.0,7.0,6.0,13.0,26.0,47.0,14.0,123.0,662.0,2.0,4.0,1.0,23.0,9.0,13.0,4.0,34.0,34.0,18.0,4.0,6.0,8.0,6.0,14.0,5.0,3.0,34.0,4.0,28.0,8.0,40.0,10.0,50.0,7.0,4.0,3.0,5.0,1.0,4.0,2.0,1.0,7.0,3.0,8.0,28.0,1.0,15.0,24.0,3.0,10.0,3.0,1.0,4.0,34.0,149,6.0,0.6538461538461539,0.7083333333333334,0.5531914893617021,0.5,0.6923076923076923,0.5190476190476191,0.7333333333333333,0.625,0.5347826086956522,0.71875,0.6296296296296297,0.1276595744680851,0.1176470588235294,0.1538461538461538,18.181818181818183,0.7142857142857143,0.065040650406504,0.0236686390532544,0.2014388489208633,0.1374045801526717,0.0304054054054054,0.0483870967741935,0.0169491525423728,0.2,0.2352941176470588,0.1081081081081081,0.3238095238095238,0.5882352941176471,0.6666666666666666,0.55,0.1238095238095238,0.4615384615384615,0.5454545454545454,1.0,0.2666666666666666,0.5,,0.2916666666666667,0.7142857142857143,0.8761904761904762,0.5720947619047617,0.5638388888888888,0.5152062500000001,0.0973451327433628,0.1851851851851851,0.1869918699186991,0.2764227642276423,3.1,0.2586805555555556,,22.0,1.0,11.0,36.0,10.0,19.0,58.0,11.0,57.0,36.0,11.0,1.0,4.0,4.0,1.0,1.0,0.3275862068965517,0.3275862068965517,0.5523809523809524,0.1666666666666666,0.0925925925925925,,0.2095238095238095,0.3428571428571428,0.3055555555555556,0.3055555555555556,1.0,0.0416666666666666,0.4166666666666667,0.3055555555555556,24.93620689655172,,5.0,3.0,,,,0.0393700787401574,0.0103092783505154,,0.0416666666666666,0.032258064516129,0.0566037735849056,,,8.0,2.0,3.0,,4.0,8.0,4.0,6.0,11.0,4.0,,2.0,1.0,1.0,1.0,3.0,2.0,0.5454545454545454,0.3636363636363636,0.75,0.3636363636363636,0.3636363636363636,1.0,0.2,0.6666666666666666,1.0,0.5333333333333333,0.5,1.0,,0.4,1.0,1.0,,0.05,,,False,,1.0,,,,,,,,,1.0,,,,0.0169491525423728,,,,,,,
1630658,1610612761,Colin Castleton,Colin Castleton,1630658,TOR,10306.0,172.0,-46.0,358,356,85,69.0,57.0,714,10.0,14.0,5.0,8.0,3.0,6.0,9.0,20.0,19.0,34.0,11.0,55.0,408.0,7.0,13.0,3.0,20.0,3.0,8.0,2.0,14.0,28.0,10.0,10.0,5.0,7.0,3.0,10.0,2.0,3.0,23.0,17.0,11.0,10.0,23.0,26.0,49.0,4.0,4.0,,8.0,2.0,5.0,9.0,3.0,17.0,4.0,13.0,20.0,3.0,9.0,14.0,,6.0,4.0,1.0,4.0,14.0,85,,0.7368421052631579,1.0,0.5588235294117647,0.5384615384615384,0.375,0.5238095238095238,0.6071428571428571,0.6,0.5612244897959183,0.625,0.6363636363636364,0.1470588235294117,0.1428571428571428,0.15,15.313225058004642,0.4705882352941176,0.1176470588235294,0.1517857142857142,0.11,0.1135135135135135,0.1293532338308457,0.25,0.1836734693877551,,0.0972222222222222,0.1428571428571428,0.3333333333333333,0.7142857142857143,0.8333333333333334,0.6,0.4761904761904761,0.45,0.5294117647058824,0.8888888888888888,0.5714285714285714,0.625,0.2,0.6,0.5,0.5238095238095238,0.5260857142857143,0.58075,0.536145,0.125,0.15,0.3636363636363636,0.2545454545454545,5.061764705882354,0.2374301675977653,,7.0,2.0,,1.0,,2.0,8.0,2.0,6.0,1.0,,1.0,4.0,2.0,3.0,1.0,0.25,0.25,0.1904761904761904,0.3333333333333333,0.0344827586206896,,0.1666666666666666,0.0238095238095238,,,,0.2,,,24.0,,9.0,3.0,2.0,1.0,1.0,0.1011235955056179,0.1044776119402985,0.1111111111111111,0.0983606557377049,0.1071428571428571,0.1875,,,2.0,1.0,1.0,2.0,,,,1.0,1.0,2.0,,1.0,,,,2.0,1.0,1.0,1.0,0.5,0.2857142857142857,0.2857142857142857,1.0,0.0714285714285714,1.0,1.0,,,,1.0,,,,1.0,,1.0,,False,,,4.0,1.0,,1.0,,,,,,,,,,,,,,,,
1631115,1610612761,Orlando Robinson,Orlando Robinson,1631115,TOR,33505.0,558.0,-116.0,1172,1172,292,409.0,166.0,2344,45.0,74.0,21.0,33.0,12.0,21.0,29.0,80.0,76.0,158.0,38.0,226.0,1316.0,27.0,47.0,14.0,68.0,21.0,48.0,4.0,46.0,100.0,52.0,40.0,20.0,26.0,21.0,47.0,17.0,14.0,115.0,38.0,34.0,52.0,92.0,60.0,152.0,12.0,8.0,4.0,21.0,1.0,13.0,16.0,8.0,37.0,11.0,50.0,79.0,9.0,37.0,47.0,1.0,23.0,13.0,8.0,13.0,46.0,292,7.0,0.6578947368421053,0.8928571428571429,0.4810126582278481,0.574468085106383,0.4375,0.4921465968586387,0.5625,0.3888888888888889,0.5280373831775701,0.5964912280701754,0.4035087719298245,0.1265822784810126,0.1486486486486486,0.1125,18.28113619810633,0.5675675675675675,0.2023346303501945,0.1027027027027027,0.1152542372881356,0.1557971014492753,0.09375,0.1214285714285714,0.1833333333333333,0.2068965517241379,0.1272727272727272,0.08,0.387434554973822,0.6081081081081081,0.7142857142857143,0.5777777777777777,0.418848167539267,0.3625,0.4084507042253521,0.7586206896551724,0.6875,0.6363636363636364,0.1428571428571428,0.3888888888888889,0.5714285714285714,0.5602094240837696,0.5351660526315789,0.5793162162162162,0.5414575471698113,0.107981220657277,0.1277777777777777,0.3008849557522124,0.2035398230088495,5.1335443037974695,0.2491467576791808,4.0,5.0,1.0,10.0,28.0,5.0,12.0,33.0,6.0,36.0,28.0,10.0,4.0,11.0,6.0,5.0,1.0,0.3636363636363636,0.3636363636363636,0.1727748691099476,0.24,0.2222222222222222,0.0209424083769633,0.0261780104712041,0.1465968586387434,0.3571428571428571,0.3703703703703703,1.0,0.0185185185185185,0.0925925925925925,0.3571428571428571,26.00909090909091,2.0,22.0,3.0,4.0,5.0,,0.0814814814814814,0.094240837696335,0.0769230769230769,0.0757575757575757,0.0972222222222222,0.037037037037037,0.5,0.5,2.0,,,,,1.0,,,1.0,,,1.0,,,,9.0,1.0,,,0.6923076923076923,0.4,0.4,1.0,,,,0.0208333333333333,,,,,2.0,,2.0,,,8.0,False,,1.0,2.0,,,2.0,,1.0,1.0,,,,0.0303030303030303,0.0357142857142857,,,,,,,1.0,
1631306,1610612761,Cole Swider,Cole Swider,1631306,TOR,5418.0,90.0,1.0,195,186,44,66.0,30.0,381,1.0,3.0,,,,,,1.0,4.0,9.0,,26.0,201.0,1.0,1.0,,5.0,,1.0,,3.0,6.0,2.0,,2.0,,,,,,,1.0,4.0,2.0,7.0,2.0,9.0,3.0,1.0,2.0,,,,,,,,6.0,9.0,,1.0,1.0,1.0,1.0,1.0,1.0,1.0,3.0,44,1.0,0.75,0.75,0.4444444444444444,1.0,,0.3823529411764705,1.25,0.1875,0.3823529411764705,1.25,0.1875,0.2222222222222222,0.6666666666666666,,15.04424778761062,,0.0392156862745098,0.02,0.0888888888888888,0.0625,0.0192307692307692,0.05,0.0476190476190476,,0.1212121212121212,,0.088235294117647,0.3333333333333333,1.0,1.0,0.0294117647058823,,,,,,,,,0.8235294117647058,0.5387088235294117,0.5113000000000001,0.50756875,0.0294117647058823,0.1111111111111111,0.1923076923076923,0.1153846153846153,11.622222222222224,0.2256410256410256,5.0,8.0,4.0,5.0,17.0,3.0,6.0,25.0,7.0,18.0,17.0,5.0,,,1.0,,1.0,0.24,0.24,0.7352941176470589,0.3333333333333333,0.04,0.1470588235294117,0.2352941176470588,0.5,0.2941176470588235,0.3125,1.0,0.5,0.375,0.2941176470588235,25.032,3.0,1.0,,,,,0.0185185185185185,,,0.0263157894736842,,,0.6,0.6,1.0,,,,1.0,1.0,1.0,1.0,1.0,1.0,,,,,,1.0,,1.0,0.1428571428571428,1.0,0.125,0.125,1.0,,,,0.5,1.0,1.0,,0.3333333333333333,,,,,,,False,,,,,,,,0.6666666666666666,1.0,,,,0.04,0.0588235294117647,,,,,,,,
203482,1610612761,Kelly Olynyk,Kelly Olynyk,203482,TOR,22969.0,383.0,-40.0,800,791,164,251.0,84.0,1591,28.0,43.0,8.0,13.0,8.0,11.0,10.0,25.0,40.0,75.0,34.0,171.0,943.0,8.0,14.0,8.0,27.0,8.0,14.0,13.0,38.0,50.0,30.0,14.0,4.0,40.0,16.0,56.0,13.0,32.0,128.0,13.0,22.0,29.0,64.0,25.0,89.0,16.0,9.0,7.0,15.0,6.0,12.0,20.0,3.0,35.0,8.0,33.0,59.0,3.0,36.0,43.0,1.0,19.0,7.0,4.0,8.0,38.0,164,6.0,0.625,0.7575757575757576,0.5333333333333333,0.5714285714285714,0.5714285714285714,0.5805084745762712,0.6333333333333333,0.5681818181818182,0.6151079136690647,0.675,0.6333333333333333,0.0533333333333333,0.0930232558139534,,19.39799331103679,0.4285714285714285,0.1726190476190476,0.0706521739130434,0.1157894736842105,0.1424581005586592,0.0708215297450425,0.075,0.1866666666666666,0.217391304347826,0.1214285714285714,0.1,0.3644067796610169,0.6511627906976745,0.717948717948718,0.6785714285714286,0.211864406779661,0.4,0.4,0.5,0.8666666666666667,0.6153846153846154,0.125,0.5,0.7272727272727273,0.7288135593220338,0.5623097457627119,0.6696863636363637,0.598225,0.1397058823529411,0.2043010752688172,0.1578947368421052,0.2222222222222222,5.271999999999999,0.205,7.0,3.0,1.0,17.0,40.0,7.0,19.0,43.0,8.0,48.0,40.0,17.0,3.0,5.0,13.0,3.0,0.8421052631578947,0.4418604651162791,0.4418604651162791,0.3644067796610169,0.52,0.1428571428571428,0.059322033898305,0.0254237288135593,0.3389830508474576,0.425,0.425,0.8235294117647058,0.0454545454545454,0.3181818181818182,0.425,25.8,2.0,12.0,2.0,3.0,1.0,1.0,0.0710059171597633,0.0617283950617283,0.0869565217391304,0.0806451612903225,0.0444444444444444,0.0363636363636363,0.2857142857142857,0.2857142857142857,2.0,,,1.0,1.0,1.0,2.0,1.0,1.0,3.0,9.0,3.0,1.0,1.0,,5.0,3.0,1.0,0.375,0.625,0.6666666666666666,0.6666666666666666,1.0,,,,0.0666666666666666,1.0,1.0,1.0,0.2857142857142857,4.0,,,,,7.0,False,,3.0,2.0,,,,,0.5,,,,,,,,,,,,,1.0,2.0
1628981,1610612761,Bruno Fernando,Bruno Fernando,1628981,TOR,8796.0,147.0,-22.0,295,299,71,116.0,52.0,594,22.0,33.0,8.0,11.0,4.0,10.0,4.0,14.0,26.0,49.0,6.0,58.0,339.0,8.0,15.0,2.0,18.0,5.0,12.0,2.0,12.0,34.0,18.0,14.0,7.0,14.0,4.0,18.0,4.0,7.0,40.0,16.0,11.0,14.0,30.0,21.0,51.0,4.0,4.0,,5.0,2.0,4.0,9.0,1.0,14.0,5.0,12.0,27.0,6.0,10.0,8.0,,4.0,9.0,4.0,9.0,12.0,71,3.0,0.6538461538461539,0.8947368421052632,0.5306122448979592,0.5333333333333333,0.4166666666666667,0.5306122448979592,0.5333333333333333,0.4166666666666667,0.5471698113207547,0.5625,0.4615384615384615,0.1428571428571428,0.1515151515151515,0.1428571428571428,18.76750700280112,0.3571428571428571,0.2456140350877192,0.1720430107526881,0.1506849315068493,0.1923076923076923,0.1329113924050632,0.2,0.2608695652173913,0.2,0.135593220338983,0.2142857142857142,0.673469387755102,0.6666666666666666,0.7857142857142857,0.5909090909090909,0.2857142857142857,0.2857142857142857,0.3333333333333333,1.0,0.7333333333333333,0.7272727272727273,,0.8333333333333334,0.4,0.673469387755102,0.5616306122448979,0.5191933333333334,0.5828666666666668,0.0754716981132075,0.0754716981132075,0.3103448275862069,0.2068965517241379,4.0836734693877546,0.2406779661016949,2.0,,,,,,,,,,,,,6.0,5.0,5.0,,,,,0.5555555555555556,0.2631578947368421,0.0408163265306122,,,,,,,,,,,5.0,5.0,3.0,2.0,,0.0769230769230769,0.1951219512195122,,0.0652173913043478,0.1052631578947368,0.3125,,,,,,,,,,,,,,,,,,8.0,,,,0.8888888888888888,,,,,,,,,,,,,,2.0,,,3.0,False,,1.0,3.0,,,,,,,,,,,,,,,,,,,
1642279,1610612761,Ulrich Chomche,Ulrich Chomche,1642279,TOR,1930.0,32.0,-24.0,64,62,19,38.0,8.0,126,1.0,2.0,,1.0,,,1.0,2.0,2.0,5.0,1.0,5.0,87.0,,1.0,1.0,1.0,,,1.0,1.0,4.0,,,,1.0,1.0,2.0,1.0,1.0,5.0,3.0,2.0,2.0,4.0,4.0,8.0,,,,2.0,,1.0,,1.0,2.0,1.0,5.0,5.0,,1.0,2.0,,,1.0,1.0,1.0,1.0,19,,1.0,1.0,0.4,,,0.4,,,0.4166666666666667,0.25,0.5,,,,10.95890410958904,1.0,0.2222222222222222,0.2142857142857142,0.2222222222222222,0.2222222222222222,0.1428571428571428,0.2,0.4,,0.125,1.0,0.4,0.5,0.5,1.0,0.4,0.5,0.5,1.0,1.0,,,,,0.4,0.49326,0.5896,,,,0.2,0.2,6.88,0.296875,1.0,,,,,,,,,,,,,,,,,,,,,,0.2,,,,,,,,,,,1.0,,1.0,,,0.0714285714285714,0.25,,0.1111111111111111,,,,,,,,,,,,,,,,1.0,,,,1.0,1.0,,,1.0,,,,,,,,,,,,,,,,,,False,,,,,,,,,,,,,,,,,,,,,,
1630163,1610612766,LaMelo Ball,LaMelo Ball,1630163,CHA,30.0,,1.0,1,2,1,2.0,,3,1.0,1.0,,,1.0,1.0,,,1.0,1.0,1.0,3.0,2.0,,,,,1.0,1.0,1.0,3.0,,2.0,,,,,,,,,,,,,,,1.0,,1.0,,,,,,,,,,,1.0,1.0,1.0,1.0,,,,3.0,1,,,,1.0,,1.0,1.0,,1.0,1.5,,1.5,,,,100.0,,,,,,,,,,,,1.0,1.0,1.0,,,,,,,,,1.0,1.0,1.0,0.9392,,0.9392,1.0,1.0,,1.0,0.5,1.0,,,,,,,,,,,,,,,,,,,,,,,,,,,,,,,,,,,,,,,,,,,,,,,,,,,,,,,,,,,,,,,,,,,,,,,,,,,,,,,,,,,,True,,,,,,,,,,,,,,,,,,,,,,
1631197,1610612766,Jared Rhoden,Jared Rhoden,1631197,CHA,699.0,12.0,8.0,26,25,14,23.0,6.0,51,1.0,3.0,1.0,3.0,,1.0,1.0,2.0,2.0,6.0,,4.0,16.0,1.0,4.0,,2.0,1.0,4.0,,2.0,,4.0,2.0,,1.0,1.0,2.0,1.0,1.0,5.0,2.0,2.0,,2.0,2.0,4.0,1.0,1.0,,,,,1.0,,1.0,1.0,,1.0,,1.0,,,,,,,2.0,14,1.0,,,0.3333333333333333,0.25,0.25,0.25,0.25,0.2,0.25,0.25,0.2,,,,27.27272727272727,,,0.25,0.4,0.2,0.11764705882352941,0.3333333333333333,,,,1.0,0.375,0.3333333333333333,0.3333333333333333,,0.25,0.5,0.5,,0.75,0.3333333333333333,,0.2,,0.625,0.5078875,0.6621,0.45404999999999995,,,0.5,0.5,7.1000000000000005,0.5384615384615384,1.0,1.0,1.0,,1.0,,,2.0,1.0,,1.0,,,,,,,,,0.25,,,0.125,0.125,0.125,,,,0.2,,,24.549999999999997,,,1.0,,,,,0.25,,,,0.16666666666666666,,,,,,,,,,,,,,,,,,,,,,,,,,,,,,,,,,1.0,,1.0,,,,True,,,,,,,,,,,,,,,,,,,,,,
1631217,1610612766,Moussa Diabaté,Moussa Diabaté,1631217,CHA,699.0,12.0,8.0,26,25,14,23.0,6.0,51,1.0,1.0,1.0,1.0,,,,,1.0,1.0,,2.0,16.0,1.0,1.0,,2.0,,,,,,2.0,2.0,,,,,,,,1.0,,3.0,3.0,1.0,4.0,,,,,,,1.0,,1.0,,,,,,,,,,,,,14,,,,1.0,1.0,,1.0,1.0,,1.0,1.0,,,,,6.0606060606060606,,0.6,0.125,,0.3,0.058823529411764705,,1.0,,,,1.0,1.0,1.0,,,,,,1.0,1.0,,,,1.0,0.6242,0.6242,,,,1.0,,0.9,0.5384615384615384,,,,,,,,,,,,,,,,,,,,,,0.5,,,,,,,,,,,,,,,,,,0.25,,,,,,,,,,,,,,,,,,,,,,,,,,,,,,,,,,,,,,,,,,,,True,,,1.0,,,,,,,,,,,,,,,,,,,
1641733,1610612766,Nick Smith Jr.,Nick Smith Jr.,1641733,CHA,699.0,12.0,8.0,26,25,14,23.0,6.0,51,,,,,,,,2.0,,2.0,,3.0,16.0,,1.0,,,,1.0,,,,,,,,1.0,1.0,1.0,,3.0,,,,,,,1.0,1.0,,1.0,,,,1.0,1.0,,,,,,,,,,,,,14,,,,,,,0.3,,,0.3,,,,,,18.18181818181818,1.0,,,,,,,,,,,,,,,0.4,,,,,,,,,0.6,0.48273,,0.48173333333333335,,,,,13.100000000000001,0.5384615384615384,,1.0,1.0,1.0,2.0,1.0,1.0,3.0,2.0,3.0,2.0,1.0,,,,,1.0,0.3333333333333333,0.3333333333333333,0.6,,,,0.2,0.4,0.5,0.5,1.0,0.3333333333333333,0.3333333333333333,0.5,24.633333333333336,,,,,,,,,,,,,,,,,,,,,,,,,,,,,,,,,,,,,,,,,,,,,,,,,,,,True,,,,,,,,,,,,,,,,,,,,,,
1642275,1610612766,Tidjane Salaün,Tidjane Salaün,1642275,CHA,699.0,12.0,8.0,26,25,14,23.0,6.0,51,1.0,2.0,,,,,,1.0,1.0,3.0,,8.0,16.0,,,,,,1.0,,3.0,2.0,,,,,,,,,,,2.0,,2.0,1.0,3.0,1.0,1.0,,,,,1.0,,1.0,,1.0,2.0,,,,,,,,,3.0,14,,1.0,1.0,0.3333333333333333,,,0.4444444444444444,,0.5,0.4444444444444444,,0.5,,,,30.3030303030303,,,,0.4,0.2,0.058823529411764705,,,,0.6666666666666666,,0.2222222222222222,0.5,0.5,1.0,0.1111111111111111,,,,,,,,,0.8888888888888888,0.5084333333333333,,0.39798333333333336,,,,0.375,5.8,0.5384615384615384,,2.0,,2.0,4.0,2.0,2.0,6.0,2.0,6.0,4.0,2.0,,,,,1.0,0.3333333333333333,0.3333333333333333,0.6666666666666666,,,,0.2222222222222222,0.4444444444444444,0.5,0.6666666666666666,1.0,,0.6666666666666666,0.5,26.316666666666666,,1.0,,,,,0.1111111111111111,,,,0.25,,,,,,,,,,1.0,,,1.0,,,,,,,,,0.5,,,,,,,,,,,,0.5,,,,,,,True,,,,1.0,,,,,2.0,,,,0.3333333333333333,0.25,,,0.5,,,,,
1630544,1610612766,Tre Mann,Tre Mann,1630544,CHA,74.0,1.0,,3,2,3,,,5,,,,,,,,,,,,,,,,,,,,,,,,,,,,,,,,,,,,,,,,,,,,,,,,,,,,,,,,,,,3,,,,,,,,,,,,,,,,,,,,,,,,,,,,,,,,,,,,,,,,,,,,,,,,,,1.0,,,,,,,,,,,,,,,,,,,,,,,,,,,,,,,,,,,,,,,,,,,,,,,,,,,,,,,,,,,,,,,,,,,,,,,,,,,,,,,,,,,,True,,,,,,,,,,,,,,,,,,,,,,
1642354,1610612766,KJ Simpson,KJ Simpson,1642354,CHA,413.0,7.0,7.0,14,15,2,15.0,3.0,29,1.0,1.0,1.0,1.0,1.0,1.0,,,1.0,1.0,,2.0,9.0,1.0,1.0,,2.0,1.0,1.0,,2.0,,2.0,2.0,,,1.0,1.0,1.0,,3.0,,,1.0,1.0,2.0,3.0,,,,,,,,,,,,,,2.0,,,,,,,2.0,2,,,,1.0,1.0,1.0,0.5,1.0,1.0,0.5,1.0,1.0,,,,10.526315789473685,,0.5,,,0.25,0.2222222222222222,,,,,,0.5,1.0,1.0,,,,,,1.0,1.0,,1.0,1.0,1.0,0.666775,,0.8201,,,1.0,1.0,1.4,0.14285714285714285,,,,,1.0,,,1.0,,,1.0,,,,,,,,,0.5,,0.5,,,0.5,,,,,,,25.9,,2.0,,,,1.0,0.3333333333333333,,,0.3333333333333333,0.3333333333333333,,,,,,,,,,,,,,,,,,,,,,,,,,,,,,,,,,,,,,,,,True,,,,,,,,,,,,,,,,,,,,,,
203995,1610612766,Vasilije Micić,Vasilije Micić,203995,CHA,182.0,3.0,,8,6,8,6.0,3.0,14,,,,,,,,,,,2.0,2.0,5.0,,,,,,,2.0,2.0,,,,,,,,,,,,,,,,,,,,,,,,,,,,,,2.0,4.0,,,,,,2.0,8,,,,,,,,,,0.5,,0.5,,,,20.0,,,,,,,,,,,,,,,,,,,,,,,,,,,,,,,,1.0,,1.0,,,,,,,,,,,,,,,,,,,,,,,,,,,,,,,,,,,,,,,,,,,,,,,,,,,,,,,,,,2.0,,,,,2.0,,,,,,,,,,,,,,,,,,,,,True,,,,,,,,,,,,,,,,,,,,,,
1628970,1610612766,Miles Bridges,Miles Bridges,1628970,CHA,118755.0,1979.0,-223.0,4070,4063,695,778.0,508.0,8133,210.0,317.0,37.0,49.0,30.0,45.0,103.0,274.0,323.0,624.0,215.0,1278.0,4704.0,47.0,67.0,21.0,184.0,58.0,104.0,60.0,263.0,312.0,334.0,50.0,63.0,150.0,93.0,243.0,69.0,106.0,579.0,35.0,231.0,135.0,399.0,72.0,471.0,44.0,31.0,13.0,97.0,13.0,52.0,34.0,45.0,131.0,25.0,49.0,90.0,8.0,175.0,246.0,32.0,118.0,42.0,20.0,44.0,259.0,686,7.0,0.48297213622291024,0.5234899328859061,0.5176282051282052,0.7014925373134329,0.5576923076923077,0.49953007518796994,0.6417322834645669,0.5126262626262627,0.5459227467811159,0.6814814814814815,0.5707964601769911,0.10096153846153846,0.0914826498422713,0.11313868613138686,27.78969957081545,0.7404580152671756,0.15,0.0341130604288499,0.21388888888888888,0.18484848484848485,0.032432432432432434,0.04201680672268908,0.15364583333333334,0.20238095238095238,0.2213209733487833,0.18433179723502305,0.29793233082706766,0.6624605678233438,0.7291666666666666,0.5523809523809524,0.2575187969924812,0.3759124087591241,0.42386831275720166,0.33980582524271846,0.3858267716535433,0.7551020408163265,0.21621621621621623,0.22727272727272727,0.6666666666666666,0.7114661654135338,0.5349826589595376,0.5417826666666669,0.4931208994708996,0.10667823070251518,0.16619718309859155,0.14397496087636932,0.20579029733959311,5.175160256410256,0.17076167076167076,33.0,106.0,18.0,98.0,334.0,76.0,139.0,440.0,94.0,378.0,327.0,98.0,24.0,38.0,33.0,20.0,0.9064748201438849,0.3159090909090909,0.3210161662817552,0.41353383458646614,0.3793103448275862,0.1206896551724138,0.03101503759398496,0.09962406015037593,0.31390977443609025,0.2934131736526946,0.296969696969697,0.8877551020408163,0.09090909090909091,0.3838383838383838,0.2996941896024465,26.074657534246562,10.0,31.0,19.0,6.0,2.0,5.0,0.030723488602576808,0.03308823529411765,0.016,0.03263707571801567,0.024691358024691357,0.036468330134357005,0.30303030303030304,0.3333333333333333,41.0,7.0,22.0,9.0,16.0,38.0,20.0,23.0,60.0,29.0,39.0,12.0,2.0,1.0,2.0,23.0,9.0,0.38333333333333336,0.30851063829787234,0.5227272727272727,0.3867924528301887,0.39805825242718446,0.9512195121951219,0.1732283464566929,0.3181818181818182,1.0,0.2992125984251969,0.42105263157894735,1.0,0.5,0.2631578947368421,7.0,6.0,3.0,0.06976744186046512,,3.0,False,7.0,6.0,6.0,4.0,2.0,,,0.5,7.0,8.0,5.0,1.0,0.015909090909090907,0.011976047904191617,0.011286681715575621,2.0,0.02830188679245283,0.09090909090909091,,,,
1628998,1610612766,Cody Martin,Cody Martin,1628998,CHA,58033.0,967.0,-53.0,1982,1996,527,636.0,287.0,3978,54.0,78.0,8.0,12.0,18.0,23.0,10.0,33.0,76.0,144.0,34.0,306.0,2260.0,9.0,17.0,6.0,33.0,22.0,38.0,6.0,83.0,84.0,68.0,4.0,8.0,40.0,49.0,89.0,36.0,27.0,227.0,10.0,76.0,46.0,136.0,40.0,176.0,43.0,27.0,16.0,26.0,6.0,15.0,16.0,11.0,42.0,18.0,34.0,72.0,9.0,48.0,49.0,,18.0,26.0,7.0,26.0,81.0,520,8.0,0.5526315789473685,0.5675675675675675,0.5277777777777778,0.5294117647058824,0.5789473684210527,0.5074626865671642,0.46551724137931033,0.5833333333333334,0.523972602739726,0.5,0.5763888888888888,0.05555555555555555,0.07692307692307693,0.06060606060606061,14.477676636324231,0.6190476190476191,0.1038374717832957,0.021645021645021644,0.14901960784313725,0.12801678908709338,0.03744939271255061,0.030120481927710843,0.11170212765957446,0.0847457627118644,0.13216957605985039,0.21100917431192662,0.291044776119403,0.6923076923076923,0.75,0.5555555555555556,0.12313432835820895,0.30303030303030304,0.3225806451612903,0.7,0.41379310344827586,0.6666666666666666,0.75,0.3484848484848485,0.782608695652174,0.753731343283582,0.5566337686567167,0.5571740000000002,0.5729386363636364,0.06620209059233449,0.1111111111111111,0.10784313725490197,0.27124183006535946,7.131944444444445,0.2658930373360242,33.0,61.0,16.0,20.0,63.0,12.0,40.0,124.0,28.0,114.0,63.0,20.0,13.0,11.0,14.0,17.0,0.95,0.3225806451612903,0.3225806451612903,0.4626865671641791,0.25925925925925924,0.10204081632653061,0.12313432835820895,0.22761194029850745,0.23507462686567165,0.31746031746031744,0.3225806451612903,0.95,0.24242424242424243,0.18181818181818182,0.31746031746031744,24.703225806451613,12.0,27.0,3.0,5.0,7.0,8.0,0.051330798479087454,0.018433179723502304,0.012658227848101266,0.06356968215158924,0.008547008547008548,0.02158273381294964,0.36363636363636365,0.36363636363636365,20.0,1.0,4.0,6.0,2.0,8.0,5.0,3.0,12.0,11.0,6.0,5.0,,,2.0,15.0,4.0,0.25,0.39285714285714285,0.5769230769230769,0.32786885245901637,0.32786885245901637,0.95,0.13793103448275862,0.25,1.0,0.27586206896551724,0.25,1.0,0.375,0.4166666666666667,4.0,3.0,,0.05,4.0,,False,,2.0,1.0,,2.0,,,0.4166666666666667,1.0,,1.0,,0.008064516129032258,0.015873015873015872,0.008,,,,,,,
1629006,1610612766,Josh Okogie,Josh Okogie,1629006,CHA,11977.0,200.0,28.0,404,403,114,144.0,59.0,807,13.0,18.0,4.0,6.0,2.0,2.0,4.0,18.0,17.0,38.0,26.0,90.0,427.0,5.0,9.0,5.0,21.0,5.0,9.0,7.0,29.0,20.0,14.0,4.0,6.0,6.0,6.0,12.0,4.0,3.0,30.0,1.0,11.0,6.0,21.0,10.0,31.0,24.0,15.0,9.0,7.0,2.0,6.0,3.0,1.0,10.0,3.0,6.0,16.0,,23.0,32.0,4.0,17.0,5.0,2.0,6.0,29.0,114,,0.5882352941176471,0.6666666666666666,0.4473684210526316,0.5555555555555556,0.5555555555555556,0.47058823529411764,0.5714285714285714,0.6470588235294118,0.5487804878048781,0.6176470588235294,0.6904761904761905,0.15789473684210525,0.05555555555555555,0.2777777777777778,19.36842105263158,0.7,0.07058823529411765,0.009523809523809525,0.10891089108910891,0.0913978494623656,0.03980099502487562,,0.09375,0.09090909090909091,0.09090909090909091,0.16666666666666666,0.2647058823529412,0.7222222222222222,0.7647058823529411,0.46153846153846156,0.2647058823529412,0.2222222222222222,0.3076923076923077,1.0,0.42857142857142855,0.6666666666666666,,0.11764705882352941,1.0,0.7058823529411765,0.5647000000000002,0.5387166666666666,0.5256852941176471,0.20987654320987653,0.3333333333333333,0.23333333333333334,0.32222222222222224,4.63421052631579,0.28217821782178215,2.0,12.0,3.0,6.0,18.0,5.0,10.0,30.0,8.0,30.0,18.0,6.0,2.0,2.0,4.0,3.0,1.0,0.3333333333333333,0.3333333333333333,0.4411764705882353,0.36363636363636365,0.047619047619047616,0.029411764705882353,0.17647058823529413,0.2647058823529412,0.3333333333333333,0.3333333333333333,1.0,0.17647058823529413,0.29411764705882354,0.3333333333333333,25.110000000000003,,7.0,,,,1.0,0.07291666666666667,0.020833333333333332,,0.06666666666666667,0.09523809523809523,,,,4.0,1.0,3.0,1.0,1.0,2.0,3.0,2.0,5.0,4.0,,1.0,1.0,,,4.0,1.0,0.4,0.5,0.6666666666666666,0.3333333333333333,0.36363636363636365,1.0,0.21428571428571427,0.3333333333333333,1.0,0.14285714285714285,0.5,1.0,0.3333333333333333,0.6,,2.0,,0.18181818181818182,,,False,,1.0,,1.0,,,,,1.0,,,1.0,0.03333333333333333,,,,0.08333333333333333,,,,,
1630163,1610612766,LaMelo Ball,LaMelo Ball,1630163,CHA,90243.0,1504.0,-131.0,3113,3093,564,650.0,418.0,6206,95.0,176.0,14.0,28.0,14.0,19.0,112.0,249.0,226.0,474.0,192.0,1181.0,3703.0,19.0,49.0,21.0,134.0,40.0,80.0,66.0,251.0,106.0,346.0,20.0,37.0,203.0,143.0,346.0,93.0,148.0,835.0,36.0,104.0,79.0,185.0,47.0,232.0,53.0,39.0,14.0,85.0,26.0,60.0,82.0,25.0,167.0,26.0,50.0,157.0,19.0,220.0,228.0,19.0,90.0,12.0,4.0,13.0,246.0,556,25.0,0.2345132743362832,0.24537037037037038,0.4767932489451477,0.3877551020408163,0.5,0.4935129740518962,0.47478991596638653,0.5225988700564972,0.5327272727272727,0.5155038759689923,0.5787037037037037,0.07805907172995781,0.056818181818181816,0.10441767068273092,34.91844069670998,0.5089820359281437,0.11951588502269289,0.049586776859504134,0.13612565445026178,0.12842105263157894,0.0290955091714105,0.04727272727272727,0.11589403973509933,0.1875,0.13539967373572595,0.1390728476821192,0.17564870259481039,0.5397727272727273,0.572289156626506,0.22105263157894736,0.24850299401197604,0.4497991967871486,0.5022421524663677,0.21428571428571427,0.23529411764705882,0.5,0.14285714285714285,0.10734463276836158,0.7368421052631579,0.7025948103792415,0.5215342346938774,0.5206456521739131,0.49893538011695904,0.0872794800371402,0.1651376146788991,0.11346316680779,0.21253175275190517,6.820464135021097,0.18117571474461933,49.0,49.0,17.0,164.0,479.0,80.0,179.0,528.0,97.0,333.0,472.0,164.0,50.0,43.0,2.0,7.0,0.6201117318435754,0.3390151515151515,0.3435700575815739,0.5269461077844312,0.03076923076923077,0.09885931558935361,0.04890219560878244,0.04890219560878244,0.4780439121756487,0.34237995824634654,0.3459915611814346,0.6036585365853658,0.096045197740113,0.4519774011299435,0.3474576271186441,27.6292220113852,19.0,10.0,20.0,14.0,10.0,9.0,0.011695906432748537,0.045576407506702415,0.07692307692307693,0.0078125,0.023255813953488372,0.03690036900369004,0.3877551020408163,0.3958333333333333,15.0,6.0,18.0,6.0,19.0,52.0,29.0,25.0,70.0,35.0,204.0,23.0,1.0,,1.0,7.0,16.0,0.35714285714285715,0.36082474226804123,0.5384615384615384,0.30612244897959184,0.3125,0.8,0.15126050420168066,0.3333333333333333,0.8333333333333334,0.4369747899159664,0.36538461538461536,0.8947368421052632,0.35294117647058826,0.3625,14.0,1.0,,0.016129032258064516,11.0,20.0,False,7.0,12.0,8.0,1.0,,,,0.42105263157894735,6.0,13.0,4.0,1.0,0.011363636363636364,0.010438413361169102,0.007518796992481203,,0.02040816326530612,0.02040816326530612,1.0,,,3.0
1630182,1610612766,Josh Green,Josh Green,1630182,CHA,113243.0,1887.0,-364.0,3848,3848,510,559.0,482.0,7696,53.0,88.0,11.0,12.0,8.0,9.0,21.0,60.0,83.0,173.0,49.0,506.0,4503.0,13.0,18.0,1.0,72.0,13.0,19.0,12.0,71.0,102.0,64.0,10.0,24.0,62.0,46.0,108.0,34.0,38.0,262.0,14.0,69.0,44.0,116.0,56.0,172.0,74.0,36.0,38.0,34.0,17.0,25.0,36.0,9.0,70.0,7.0,65.0,165.0,7.0,87.0,72.0,4.0,25.0,13.0,3.0,15.0,68.0,499,11.0,0.6144578313253012,0.6538461538461539,0.4797687861271676,0.7222222222222222,0.6842105263157895,0.5427553444180523,0.6698113207547169,0.6555555555555556,0.5597345132743363,0.6666666666666666,0.6698113207547169,0.13872832369942195,0.17045454545454544,0.11666666666666667,11.812627291242363,0.4857142857142857,0.05182567726737338,0.014462809917355372,0.07128099173553719,0.06219042377545404,0.02816180235535074,0.013227513227513227,0.05333333333333334,0.07801418439716312,0.06994818652849741,0.07653061224489796,0.20902612826603326,0.6022727272727273,0.726027397260274,0.5283018867924528,0.14251781472684086,0.35,0.39622641509433965,0.7619047619047619,0.22641509433962265,0.9166666666666666,0.5454545454545454,0.2,0.8888888888888888,0.7980997624703088,0.5694121686746986,0.5778765625000001,0.5400761363636364,0.06935123042505593,0.12886597938144329,0.1422924901185771,0.14031620553359683,6.024277456647398,0.13253638253638253,25.0,150.0,10.0,37.0,98.0,16.0,97.0,248.0,26.0,285.0,97.0,37.0,12.0,18.0,3.0,8.0,0.979381443298969,0.3911290322580645,0.39271255060728744,0.5890736342042755,0.03896103896103896,0.03903903903903904,0.05938242280285035,0.35629453681710216,0.2327790973871734,0.37755102040816324,0.37755102040816324,0.972972972972973,0.2222222222222222,0.35555555555555557,0.38144329896907214,24.35469387755102,9.0,41.0,2.0,7.0,6.0,21.0,0.0416243654822335,0.006437768240343348,0.04838709677419355,0.04441453566621804,0.03305785123966942,0.009345794392523364,0.36,0.391304347826087,60.0,10.0,19.0,6.0,5.0,16.0,5.0,15.0,35.0,11.0,6.0,5.0,2.0,2.0,2.0,7.0,3.0,0.42857142857142855,0.4230769230769231,0.4666666666666667,0.4,0.40540540540540543,0.9833333333333333,0.3584905660377358,0.5263157894736842,0.9,0.3018867924528302,0.3125,1.0,0.6,0.3125,2.0,1.0,,0.011904761904761904,3.0,11.0,False,1.0,6.0,1.0,2.0,,,,0.7777777777777778,2.0,,6.0,,0.008064516129032258,,0.023715415019762844,1.0,0.013333333333333334,0.08,,,,
1631109,1610612766,Mark Williams,Mark Williams,1631109,CHA,65072.0,1085.0,-231.0,2233,2222,268,236.0,263.0,4455,201.0,278.0,49.0,83.0,26.0,32.0,51.0,127.0,254.0,410.0,123.0,631.0,2678.0,54.0,92.0,21.0,129.0,30.0,44.0,23.0,83.0,412.0,96.0,86.0,21.0,47.0,56.0,103.0,37.0,19.0,262.0,84.0,138.0,135.0,294.0,125.0,419.0,28.0,22.0,6.0,30.0,6.0,15.0,31.0,15.0,61.0,6.0,54.0,96.0,13.0,121.0,154.0,24.0,82.0,47.0,19.0,51.0,83.0,265,4.0,0.8110236220472441,0.976303317535545,0.6195121951219512,0.5869565217391305,0.6818181818181818,0.616504854368932,0.5869565217391305,0.6818181818181818,0.6614255765199162,0.6262135922330098,0.7410714285714286,0.05121951219512195,0.04316546762589928,0.07086614173228346,21.15611482500983,0.4918032786885246,0.27892561983471076,0.13838550247116968,0.22660098522167488,0.24977127172918573,0.11150758251561106,0.17733990147783252,0.29385964912280704,0.26136363636363635,0.22745098039215686,0.2222222222222222,0.6747572815533981,0.7230215827338129,0.7556390977443609,0.7810945273631841,0.308252427184466,0.4015748031496063,0.4322033898305085,0.9215686274509803,0.9021739130434783,0.5903614457831325,0.14285714285714285,0.7272727272727273,0.8125,0.6796116504854369,0.5818716748768475,0.5863694444444442,0.5895795454545455,0.17446808510638298,0.1752136752136752,0.20443740095087162,0.13153724247226625,3.558048780487805,0.1200179131213614,5.0,1.0,,,1.0,,,2.0,,,1.0,,19.0,19.0,21.0,27.0,,,,0.0048543689320388345,0.4375,0.26785714285714285,0.012135922330097087,0.0024271844660194173,0.0024271844660194173,,,,,,,26.1,2.0,41.0,20.0,6.0,7.0,3.0,0.07976653696498054,0.1345565749235474,0.05194805194805195,0.07258064516129033,0.09859154929577464,0.14705882352941177,0.4,0.4,,,,,,,,,,,,7.0,4.0,1.0,1.0,25.0,7.0,,,0.49019607843137253,,,,,,,,,,,,6.0,,9.0,,,13.0,False,,9.0,5.0,,,1.0,4.0,1.0,1.0,,,3.0,0.5,,,,1.0,,1.0,,,1.0
1629610,1610612766,DaQuan Jeffries,DaQuan Jeffries,1629610,CHA,56100.0,935.0,-172.0,1857,1865,416,435.0,230.0,3722,35.0,68.0,7.0,10.0,8.0,12.0,16.0,39.0,56.0,115.0,20.0,282.0,2234.0,8.0,14.0,8.0,36.0,13.0,21.0,4.0,54.0,84.0,28.0,6.0,16.0,26.0,21.0,47.0,15.0,15.0,115.0,11.0,48.0,36.0,86.0,31.0,117.0,24.0,14.0,10.0,18.0,3.0,13.0,14.0,5.0,32.0,11.0,64.0,93.0,1.0,23.0,25.0,1.0,12.0,22.0,9.0,23.0,54.0,416,7.0,0.75,0.7924528301886793,0.48695652173913045,0.5714285714285714,0.6190476190476191,0.5057915057915058,0.4827586206896552,0.49019607843137253,0.5202952029520295,0.5454545454545454,0.5094339622641509,0.1391304347826087,0.1323529411764706,0.15384615384615385,14.192037470725994,0.5625,0.08352668213457076,0.022,0.10084033613445378,0.0926130099228225,0.03076923076923077,0.011363636363636364,0.09042553191489362,0.12121212121212122,0.08923884514435695,0.14736842105263157,0.2625482625482625,0.5147058823529411,0.5932203389830508,0.8571428571428571,0.15057915057915058,0.41025641025641024,0.48484848484848486,0.625,0.3448275862068966,0.7,0.5714285714285714,0.23529411764705882,0.6666666666666666,0.8185328185328186,0.5556607287449391,0.559285294117647,0.547415,0.044444444444444446,0.09523809523809523,0.1276595744680851,0.19148936170212766,4.925217391304346,0.22401723209477653,8.0,72.0,18.0,22.0,72.0,12.0,50.0,144.0,30.0,144.0,71.0,22.0,6.0,11.0,2.0,10.0,0.96,0.3472222222222222,0.34965034965034963,0.555984555984556,0.041666666666666664,0.062146892655367235,0.03088803088803089,0.277992277992278,0.277992277992278,0.3055555555555556,0.3055555555555556,0.9090909090909091,0.35294117647058826,0.23529411764705882,0.30985915492957744,24.849650349650346,5.0,17.0,2.0,3.0,3.0,2.0,0.041463414634146344,0.02214022140221402,0.05660377358490566,0.03571428571428571,0.058823529411764705,0.015037593984962405,0.625,0.7142857142857143,28.0,2.0,8.0,6.0,2.0,7.0,2.0,4.0,15.0,8.0,6.0,1.0,1.0,1.0,3.0,15.0,1.0,0.26666666666666666,0.26666666666666666,0.6521739130434783,0.3888888888888889,0.3888888888888889,1.0,0.27586206896551724,0.25,1.0,0.2413793103448276,0.2857142857142857,1.0,0.3333333333333333,0.16666666666666666,5.0,3.0,1.0,0.06382978723404255,1.0,1.0,False,1.0,,3.0,,,,,0.4,,,,,,,,,,0.125,,,,
1630208,1610612766,Nick Richards,Nick Richards,1630208,CHA,26424.0,440.0,-75.0,893,897,200,209.0,131.0,1790,53.0,81.0,19.0,28.0,12.0,18.0,10.0,29.0,64.0,113.0,59.0,187.0,1060.0,21.0,35.0,20.0,62.0,15.0,23.0,22.0,52.0,82.0,46.0,32.0,19.0,17.0,11.0,28.0,8.0,8.0,67.0,34.0,58.0,41.0,107.0,51.0,158.0,7.0,6.0,1.0,17.0,3.0,7.0,16.0,10.0,33.0,6.0,27.0,48.0,5.0,58.0,87.0,9.0,40.0,26.0,7.0,26.0,52.0,199,4.0,0.640625,0.8541666666666666,0.5663716814159292,0.6,0.6521739130434783,0.5614035087719298,0.6,0.6521739130434783,0.6111111111111112,0.6458333333333334,0.7027027027027027,0.168141592920354,0.13580246913580246,0.27586206896551724,17.748091603053435,0.5151515151515151,0.20297029702970298,0.15454545454545454,0.25217391304347825,0.22916666666666666,0.11486486486486487,0.14285714285714285,0.25287356321839083,0.21428571428571427,0.2553191489361702,0.23809523809523808,0.7105263157894737,0.654320987654321,0.7571428571428571,0.6037735849056604,0.2543859649122807,0.3448275862068966,0.47619047619047616,0.8,0.8,0.6785714285714286,0.10526315789473684,0.782608695652174,0.6666666666666666,0.7192982456140351,0.5924885964912281,0.5628521739130435,0.5952260869565218,0.27586206896551724,0.2777777777777778,0.3315508021390374,0.27807486631016043,3.2336283185840706,0.22396416573348266,3.0,1.0,,,,,,1.0,,,,,3.0,5.0,8.0,19.0,,,,0.008771929824561403,0.3076923076923077,0.14942528735632185,0.02631578947368421,0.008771929824561403,,,,,,,,24.5,1.0,17.0,2.0,3.0,6.0,3.0,0.07589285714285714,0.18947368421052632,0.0975609756097561,0.062146892655367235,0.1276595744680851,0.06451612903225806,0.3333333333333333,0.3333333333333333,,,,,,,,,,,,8.0,,,,14.0,8.0,,,0.5384615384615384,,,,,,,,,,,,2.0,,3.0,,1.0,7.0,False,,4.0,2.0,,2.0,,3.0,1.0,,,,,,,,,,,,,1.0,
1629684,1610612766,Grant Williams,Grant Williams,1629684,CHA,28743.0,479.0,10.0,975,979,213,283.0,136.0,1954,17.0,24.0,3.0,4.0,4.0,4.0,9.0,20.0,27.0,49.0,31.0,166.0,1133.0,5.0,10.0,2.0,18.0,7.0,10.0,13.0,48.0,44.0,10.0,4.0,5.0,13.0,24.0,37.0,15.0,8.0,98.0,5.0,25.0,39.0,64.0,18.0,82.0,18.0,10.0,8.0,13.0,2.0,5.0,15.0,8.0,28.0,8.0,24.0,46.0,1.0,43.0,37.0,1.0,13.0,11.0,4.0,13.0,45.0,206,2.0,0.8148148148148148,0.88,0.5510204081632653,0.5,0.7,0.5487804878048781,0.4444444444444444,0.6730769230769231,0.5886524822695035,0.47368421052631576,0.6857142857142857,0.10204081632653061,0.08333333333333333,0.15,14.95575221238938,0.4642857142857143,0.18309859154929578,0.023696682464454975,0.1091703056768559,0.14479638009049775,0.03490759753593429,0.02197802197802198,0.12195121951219512,0.2,0.09289617486338798,0.17391304347826086,0.1951219512195122,0.7083333333333334,0.7727272727272727,0.8235294117647058,0.16260162601626016,0.45,0.5294117647058824,0.7777777777777778,0.2222222222222222,0.75,0.3333333333333333,0.15384615384615385,1.0,0.7967479674796748,0.5400158536585367,0.5200590909090909,0.5013346153846154,0.0962962962962963,0.21311475409836064,0.10843373493975904,0.2891566265060241,6.10204081632653,0.21846153846153846,5.0,16.0,2.0,22.0,58.0,14.0,27.0,74.0,16.0,81.0,58.0,22.0,9.0,3.0,,7.0,1.0,0.36486486486486486,0.36486486486486486,0.6016260162601627,,0.22641509433962265,0.04065040650406504,0.13008130081300814,0.4715447154471545,0.3793103448275862,0.38596491228070173,1.0,0.07692307692307693,0.5384615384615384,0.3793103448275862,25.678378378378376,1.0,12.0,1.0,2.0,4.0,2.0,0.043478260869565216,0.02247191011235955,0.03225806451612903,0.049773755656108594,0.01818181818181818,0.016129032258064516,0.2,0.2,5.0,1.0,2.0,1.0,1.0,6.0,6.0,2.0,8.0,7.0,,6.0,2.0,2.0,,9.0,4.0,0.25,0.4375,0.6923076923076923,0.3125,0.3125,1.0,0.1111111111111111,0.5,1.0,0.3333333333333333,0.16666666666666666,1.0,0.5,0.42857142857142855,4.0,1.0,1.0,0.07142857142857142,,7.0,False,,2.0,2.0,,5.0,,1.0,1.0,1.0,,,,0.013513513513513514,0.017241379310344827,,,,,,,,1.0
1630544,1610612766,Tre Mann,Tre Mann,1630544,CHA,19067.0,318.0,-55.0,630,640,172,247.0,97.0,1270,23.0,51.0,4.0,10.0,9.0,15.0,18.0,38.0,46.0,101.0,19.0,183.0,756.0,7.0,13.0,5.0,43.0,13.0,29.0,10.0,57.0,16.0,76.0,6.0,13.0,15.0,24.0,39.0,18.0,11.0,102.0,6.0,13.0,12.0,26.0,12.0,38.0,7.0,3.0,4.0,15.0,3.0,7.0,10.0,8.0,25.0,5.0,13.0,24.0,2.0,21.0,21.0,3.0,9.0,3.0,1.0,4.0,53.0,166,2.0,0.17391304347826086,0.18604651162790697,0.45544554455445546,0.5384615384615384,0.4482758620689655,0.5093167701863354,0.8260869565217391,0.5222222222222223,0.538235294117647,0.8269230769230769,0.5816326530612245,0.12871287128712872,0.1568627450980392,0.10526315789473684,26.1455525606469,0.6,0.08108108108108109,0.039735099337748346,0.08843537414965986,0.0847457627118644,0.036923076923076927,0.06060606060606061,0.05660377358490566,0.0625,0.08943089430894309,0.08333333333333333,0.3167701863354037,0.45098039215686275,0.5348837209302325,0.13043478260869565,0.2360248447204969,0.47368421052631576,0.5294117647058824,0.16666666666666666,0.43478260869565216,0.4,,0.3333333333333333,0.6,0.6894409937888198,0.5271978260869566,0.5788909090909091,0.5368255555555558,0.05389221556886228,0.08411214953271028,0.23497267759562843,0.3114754098360656,6.205940594059405,0.273015873015873,12.0,15.0,3.0,18.0,45.0,13.0,24.0,60.0,16.0,39.0,45.0,18.0,6.0,4.0,1.0,2.0,0.5416666666666666,0.4,0.4,0.37267080745341613,0.05263157894736842,0.10126582278481013,0.07453416149068323,0.09316770186335403,0.2795031055900621,0.4,0.4,0.4444444444444444,0.06666666666666667,0.28888888888888886,0.4,25.975,5.0,6.0,5.0,1.0,1.0,1.0,0.034482758620689655,0.03333333333333333,,0.036231884057971016,0.027777777777777776,0.06578947368421052,0.4166666666666667,0.45454545454545453,6.0,2.0,3.0,2.0,6.0,7.0,5.0,8.0,10.0,7.0,33.0,3.0,1.0,1.0,,3.0,,0.8,0.4375,0.75,0.4,0.4,0.8333333333333334,0.13043478260869565,0.6666666666666666,0.5,0.30434782608695654,0.8571428571428571,0.3333333333333333,0.6666666666666666,0.38461538461538464,1.0,,,,2.0,4.0,False,,,,,,,,0.4,,1.0,,,,,,,,0.08333333333333333,,,,
1631217,1610612766,Moussa Diabaté,Moussa Diabaté,1631217,CHA,69890.0,1165.0,-140.0,2290,2315,619,650.0,390.0,4605,122.0,184.0,38.0,68.0,27.0,47.0,32.0,69.0,154.0,254.0,65.0,373.0,2644.0,45.0,84.0,16.0,106.0,40.0,67.0,30.0,110.0,232.0,76.0,52.0,21.0,25.0,29.0,54.0,21.0,12.0,137.0,109.0,102.0,119.0,236.0,180.0,416.0,42.0,21.0,21.0,34.0,3.0,21.0,23.0,13.0,57.0,17.0,45.0,104.0,14.0,109.0,109.0,11.0,47.0,36.0,11.0,38.0,110.0,617,15.0,0.7532467532467533,0.90625,0.6062992125984252,0.5357142857142857,0.5970149253731343,0.5968992248062015,0.5294117647058824,0.5882352941176471,0.6055194805194806,0.5353535353535354,0.6111111111111112,0.08267716535433071,0.08695652173913043,0.07246376811594203,13.221939702143116,0.5964912280701754,0.24285714285714285,0.1781045751633987,0.18853974121996303,0.21435499515033948,0.14891846921797006,0.2062780269058296,0.2692307692307692,0.2328767123287671,0.1895734597156398,0.18487394957983194,0.7131782945736435,0.6630434782608695,0.7261904761904762,0.7295081967213115,0.26744186046511625,0.463768115942029,0.5,0.84375,0.8,0.5588235294117647,0.23684210526315788,0.6911764705882353,0.574468085106383,0.7286821705426356,0.5986042635658915,0.5779796875000002,0.5765705882352943,0.1598639455782313,0.16206896551724137,0.28418230563002683,0.2949061662198391,3.188976377952757,0.2703056768558952,1.0,2.0,,,2.0,1.0,,4.0,1.0,,2.0,,8.0,7.0,15.0,25.0,,,,0.015503875968992248,0.2777777777777778,0.225531914893617,0.003875968992248062,0.007751937984496124,0.007751937984496124,,,,,0.014705882352941176,,25.625,,70.0,13.0,10.0,30.0,6.0,0.11864406779661017,0.16828478964401294,0.1375,0.12189616252821671,0.10884353741496598,0.15853658536585366,,,,,,,,1.0,,,1.0,,,14.0,2.0,2.0,,20.0,13.0,,,0.5263157894736842,,,,,,,0.011764705882352941,,,,,3.0,1.0,3.0,0.01694915254237288,1.0,8.0,False,,6.0,4.0,1.0,,,2.0,,1.0,,,,0.25,0.5,,,,,,,1.0,
1641706,1610612766,Brandon Miller,Brandon Miller,1641706,CHA,55414.0,924.0,-125.0,1870,1875,316,398.0,263.0,3745,44.0,65.0,11.0,13.0,5.0,6.0,40.0,101.0,94.0,198.0,68.0,568.0,2160.0,18.0,24.0,6.0,90.0,15.0,29.0,29.0,104.0,96.0,92.0,18.0,20.0,57.0,41.0,98.0,28.0,45.0,237.0,13.0,57.0,42.0,106.0,25.0,131.0,29.0,22.0,7.0,34.0,14.0,18.0,42.0,16.0,76.0,12.0,27.0,74.0,1.0,72.0,79.0,5.0,31.0,17.0,7.0,20.0,102.0,313,6.0,0.5106382978723404,0.5647058823529412,0.47474747474747475,0.75,0.5172413793103449,0.5091649694501018,0.6885245901639344,0.436046511627907,0.5380952380952381,0.703125,0.5148514851485149,0.10101010101010101,0.12307692307692308,0.10891089108910891,27.586206896551722,0.4473684210526316,0.10796915167095116,0.02771855010660981,0.12780269058295965,0.118562874251497,0.025693730729701953,0.031746031746031744,0.12337662337662338,0.04838709677419355,0.1329479768786127,0.11,0.13238289205702647,0.676923076923077,0.7719298245614035,0.5227272727272727,0.20570264765784113,0.39603960396039606,0.4444444444444444,0.475,0.21311475409836064,0.8461538461538461,0.18181818181818182,0.06976744186046512,0.8333333333333334,0.7291242362525459,0.5235915637860084,0.5200687499999999,0.47766951219512194,0.06551059730250482,0.13839285714285715,0.15845070422535212,0.18309859154929578,7.5414141414141405,0.16898395721925133,32.0,26.0,3.0,96.0,267.0,54.0,104.0,293.0,57.0,252.0,262.0,96.0,13.0,7.0,7.0,10.0,0.8076923076923077,0.35494880546075086,0.3611111111111111,0.5967413441955194,0.14893617021276595,0.11560693641618497,0.06517311608961303,0.05295315682281059,0.5437881873727087,0.3595505617977528,0.3609022556390977,0.7916666666666666,0.03488372093023256,0.627906976744186,0.366412213740458,26.7433447098976,10.0,12.0,8.0,5.0,1.0,2.0,0.023809523809523808,0.033816425120772944,,0.02512562814070352,0.018867924528301886,0.03076923076923077,0.3125,0.3225806451612903,8.0,3.0,8.0,1.0,13.0,29.0,14.0,16.0,37.0,15.0,60.0,6.0,3.0,1.0,,14.0,4.0,0.43243243243243246,0.2631578947368421,0.7,0.3076923076923077,0.3076923076923077,1.0,0.13114754098360656,0.375,1.0,0.47540983606557374,0.4482758620689655,0.8461538461538461,0.3333333333333333,0.25925925925925924,10.0,,2.0,,1.0,12.0,False,5.0,5.0,2.0,,2.0,,,0.6,1.0,4.0,3.0,2.0,0.0034129692832764505,0.003745318352059925,0.010169491525423728,1.0,,0.03125,,,,
203552,1610612766,Seth Curry,Seth Curry,203552,CHA,60350.0,1006.0,-143.0,2028,2011,465,503.0,287.0,4039,22.0,28.0,8.0,8.0,3.0,5.0,16.0,51.0,75.0,153.0,30.0,408.0,2347.0,15.0,27.0,4.0,70.0,17.0,39.0,7.0,92.0,90.0,60.0,6.0,7.0,29.0,28.0,57.0,15.0,16.0,142.0,8.0,47.0,33.0,86.0,24.0,110.0,26.0,19.0,7.0,21.0,3.0,13.0,9.0,8.0,30.0,4.0,25.0,56.0,5.0,49.0,35.0,4.0,12.0,5.0,3.0,7.0,92.0,461,9.0,0.6,0.625,0.49019607843137253,0.5555555555555556,0.4358974358974359,0.5833333333333334,0.6470588235294118,0.5985915492957746,0.6023738872403561,0.6634615384615384,0.6216216216216216,0.0457516339869281,0.03571428571428571,0.11764705882352941,15.475687103594082,0.7,0.07221006564551423,0.01509433962264151,0.09215686274509804,0.0827300930713547,0.022792022792022793,0.017241379310344827,0.07462686567164178,0.1044776119402985,0.09692671394799054,0.06896551724137931,0.08641975308641975,0.7857142857142857,0.8148148148148148,0.3181818181818182,0.1574074074074074,0.3137254901960784,0.35555555555555557,0.6875,0.1568627450980392,1.0,0.125,0.07042253521126761,0.6,0.6141975308641975,0.49964906249999963,0.4845064516129033,0.4665094202898549,0.042042042042042045,0.07453416149068323,0.1715686274509804,0.22549019607843138,11.590196078431374,0.22928994082840237,74.0,56.0,12.0,45.0,115.0,20.0,76.0,171.0,32.0,192.0,115.0,45.0,13.0,11.0,6.0,2.0,0.8421052631578947,0.4444444444444444,0.4444444444444444,0.5277777777777778,0.10344827586206896,0.0582010582010582,0.22839506172839505,0.1728395061728395,0.3549382716049383,0.391304347826087,0.391304347826087,0.8,0.16901408450704225,0.28169014084507044,0.391304347826087,25.24235294117647,37.0,16.0,8.0,1.0,3.0,3.0,0.030592734225621414,0.011029411764705883,0.023809523809523808,0.029339853300733496,0.03508771929824561,0.049689440993788817,0.5,0.5,31.0,4.0,6.0,7.0,8.0,18.0,10.0,12.0,24.0,17.0,36.0,4.0,2.0,2.0,,2.0,3.0,0.5,0.53125,0.2857142857142857,0.5535714285714286,0.5535714285714286,0.9032258064516129,0.11764705882352941,0.6666666666666666,1.0,0.35294117647058826,0.4444444444444444,0.875,0.5833333333333334,0.5,3.0,,,,1.0,1.0,False,,2.0,1.0,,2.0,,,0.7297297297297297,,4.0,2.0,,,,0.011627906976744186,1.0,,,,,,
203995,1610612766,Vasilije Micić,Vasilije Micić,203995,CHA,45676.0,761.0,-129.0,1500,1495,254,266.0,211.0,2995,26.0,52.0,3.0,6.0,5.0,7.0,11.0,49.0,50.0,148.0,32.0,267.0,1689.0,4.0,17.0,2.0,28.0,6.0,19.0,3.0,30.0,34.0,66.0,,22.0,88.0,39.0,127.0,24.0,56.0,293.0,12.0,36.0,29.0,67.0,20.0,87.0,15.0,11.0,4.0,54.0,6.0,37.0,20.0,17.0,74.0,10.0,23.0,44.0,3.0,46.0,37.0,4.0,14.0,,,,30.0,253,4.0,0.34,0.34,0.33783783783783783,0.23529411764705882,0.3157894736842105,0.43040293040293043,0.41935483870967744,0.3375,0.4618055555555556,0.4375,0.3488372093023256,0.14864864864864866,0.2692307692307692,0.14285714285714285,20.816561242093158,0.7297297297297297,0.08504398826979472,0.027972027972027972,0.09278350515463918,0.08916323731138547,0.025252525252525252,0.01282051282051282,0.08333333333333333,0.07017543859649122,0.09415584415584416,0.0875,0.19047619047619047,0.5,0.6842105263157895,0.34615384615384615,0.1794871794871795,0.22448979591836735,0.2619047619047619,0.09090909090909091,0.1935483870967742,0.5,0.6666666666666666,0.175,0.7142857142857143,0.6483516483516484,0.5182170329670331,0.5324694444444444,0.50322125,0.056140350877192984,0.08860759493670886,0.10486891385767791,0.11235955056179775,9.129729729729728,0.16933333333333334,47.0,4.0,,44.0,121.0,21.0,45.0,125.0,21.0,72.0,121.0,44.0,15.0,25.0,2.0,,0.5333333333333333,0.36,0.36,0.45787545787545786,0.05714285714285714,0.09210526315789473,0.17216117216117216,0.014652014652014652,0.4432234432234432,0.36363636363636365,0.36666666666666664,0.5227272727272727,,0.525,0.36363636363636365,26.259199999999993,13.0,8.0,8.0,6.0,1.0,7.0,0.02203856749311295,0.041884816753926704,0.024390243902439025,0.017543859649122806,0.038461538461538464,0.052980132450331126,0.2765957446808511,0.2826086956521739,1.0,,,,6.0,14.0,5.0,6.0,14.0,5.0,63.0,3.0,,,,,3.0,0.42857142857142855,0.23809523809523808,,0.25,0.25,1.0,,,,0.45161290322580644,0.42857142857142855,0.6666666666666666,,0.23809523809523808,4.0,,,,,2.0,False,,7.0,7.0,,1.0,,,0.5384615384615384,1.0,1.0,2.0,,0.008,0.008264462809917356,0.015748031496062992,,,0.02127659574468085,1.0,,,
1642275,1610612766,Tidjane Salaün,Tidjane Salaün,1642275,CHA,65254.0,1088.0,-296.0,2162,2172,604,583.0,314.0,4334,36.0,63.0,9.0,19.0,10.0,16.0,9.0,50.0,48.0,120.0,61.0,307.0,2487.0,10.0,24.0,5.0,40.0,16.0,34.0,38.0,100.0,64.0,32.0,16.0,19.0,38.0,26.0,64.0,17.0,21.0,154.0,26.0,90.0,75.0,179.0,66.0,245.0,28.0,18.0,10.0,28.0,1.0,14.0,20.0,14.0,48.0,12.0,38.0,70.0,4.0,70.0,82.0,6.0,32.0,13.0,5.0,14.0,99.0,602,7.0,0.6666666666666666,0.8,0.4,0.4166666666666667,0.47058823529411764,0.4212328767123288,0.4268292682926829,0.38271604938271603,0.46515151515151515,0.46511627906976744,0.49019607843137253,0.15833333333333333,0.14285714285714285,0.2,14.948453608247423,0.5833333333333334,0.17688679245283018,0.04642857142857143,0.16216216216216217,0.16853932584269662,0.05653710247349823,0.047619047619047616,0.13903743315508021,0.2459016393442623,0.17381489841986456,0.11607142857142858,0.21575342465753425,0.5714285714285714,0.6666666666666666,0.6388888888888888,0.17123287671232876,0.18,0.225,0.6666666666666666,0.4634146341463415,0.47368421052631576,,0.19753086419753085,0.625,0.8047945205479452,0.5444017301038061,0.5798000000000001,0.5197129629629631,0.10344827586206896,0.2191780821917808,0.13029315960912052,0.3257328990228013,4.956666666666669,0.2793709528214616,7.0,42.0,9.0,35.0,130.0,38.0,50.0,172.0,47.0,132.0,130.0,35.0,9.0,9.0,14.0,8.0,0.88,0.29069767441860467,0.29069767441860467,0.589041095890411,0.2692307692307692,0.19318181818181818,0.023972602739726026,0.14383561643835616,0.4452054794520548,0.2692307692307692,0.2734375,0.9142857142857143,0.1111111111111111,0.4691358024691358,0.2692307692307692,26.186046511627897,3.0,38.0,12.0,5.0,8.0,2.0,0.06643356643356643,0.044673539518900345,0.05,0.057649667405764965,0.09917355371900827,0.07142857142857142,0.42857142857142855,0.42857142857142855,15.0,4.0,6.0,2.0,1.0,11.0,8.0,5.0,17.0,10.0,18.0,11.0,1.0,1.0,,8.0,9.0,0.29411764705882354,0.2127659574468085,0.5714285714285714,0.35714285714285715,0.38461538461538464,0.8,0.14634146341463414,0.6666666666666666,0.75,0.2682926829268293,0.09090909090909091,1.0,0.2222222222222222,0.21052631578947367,5.0,2.0,,0.034482758620689655,2.0,4.0,False,,8.0,5.0,3.0,4.0,,1.0,1.0,5.0,,1.0,,0.029069767441860465,0.015384615384615385,0.005780346820809248,,0.07142857142857142,,1.0,,,
201959,1610612766,Taj Gibson,Taj Gibson,201959,CHA,21330.0,356.0,-113.0,710,708,156,136.0,94.0,1418,27.0,50.0,13.0,19.0,7.0,9.0,8.0,19.0,38.0,77.0,12.0,91.0,813.0,14.0,23.0,2.0,30.0,8.0,14.0,3.0,19.0,46.0,30.0,24.0,10.0,9.0,9.0,18.0,6.0,4.0,45.0,33.0,30.0,25.0,60.0,45.0,105.0,9.0,6.0,3.0,6.0,4.0,3.0,16.0,3.0,22.0,5.0,26.0,47.0,8.0,18.0,20.0,1.0,6.0,15.0,7.0,15.0,19.0,156,3.0,0.6052631578947368,0.8846153846153846,0.4935064935064935,0.6086956521739131,0.5714285714285714,0.5,0.6086956521739131,0.5714285714285714,0.5112359550561798,0.5769230769230769,0.5277777777777778,0.12987012987012986,0.16,0.10526315789473684,13.414634146341465,0.2727272727272727,0.15527950310559005,0.15,0.1485148514851485,0.15151515151515152,0.11780104712041885,0.2,0.17105263157894737,0.07142857142857142,0.1518987341772152,0.13636363636363635,0.6329113924050633,0.54,0.6428571428571429,0.5555555555555556,0.24050632911392406,0.42105263157894735,0.47058823529411764,0.625,0.8260869565217391,0.6842105263157895,0.07692307692307693,0.6428571428571429,0.7777777777777778,0.6582278481012658,0.5586626582278481,0.5623800000000002,0.56755,0.07142857142857142,0.07317073170731707,0.32967032967032966,0.2087912087912088,4.7012987012987,0.21971830985915494,8.0,2.0,,,,,1.0,2.0,,3.0,,,3.0,2.0,5.0,8.0,1.0,0.5,0.5,0.02531645569620253,0.2777777777777778,0.17543859649122806,0.10126582278481013,0.02531645569620253,,,,,,,,23.35,3.0,12.0,5.0,2.0,6.0,,0.07407407407407407,0.14285714285714285,0.06060606060606061,0.07751937984496124,0.06060606060606061,0.16666666666666666,0.375,0.375,1.0,,,,,,,,,,,5.0,,,,8.0,4.0,,,0.5333333333333333,0.5,0.5,1.0,,,,,,,,,3.0,,,,,5.0,False,,3.0,2.0,,1.0,,3.0,1.0,,,,,,,,,,,,,2.0,
1631209,1610612766,Isaiah Wong,Isaiah Wong,1631209,CHA,15928.0,265.0,-6.0,531,530,184,176.0,67.0,1061,9.0,23.0,1.0,1.0,5.0,13.0,15.0,38.0,28.0,72.0,25.0,120.0,554.0,4.0,4.0,4.0,15.0,10.0,29.0,5.0,40.0,22.0,34.0,2.0,13.0,16.0,12.0,28.0,9.0,8.0,68.0,7.0,11.0,7.0,18.0,14.0,32.0,11.0,6.0,5.0,12.0,2.0,8.0,6.0,4.0,18.0,5.0,12.0,21.0,1.0,24.0,34.0,2.0,17.0,,,,40.0,183,3.0,0.39285714285714285,0.4074074074074074,0.3888888888888889,1.0,0.3448275862068966,0.4523809523809524,0.9166666666666666,0.4268292682926829,0.49586776859504134,0.9375,0.4444444444444444,0.18055555555555555,0.2608695652173913,0.15789473684210525,22.749590834697216,0.6666666666666666,0.08333333333333333,0.050359712230215826,0.07432432432432433,0.07758620689655173,0.05533596837944664,0.0625,0.029411764705882353,0.23076923076923078,0.06779661016949153,0.1,0.21904761904761905,0.391304347826087,0.5294117647058824,0.4444444444444444,0.3619047619047619,0.39473684210526316,0.46875,0.4,0.16666666666666666,1.0,,0.3170731707317073,0.38461538461538464,0.5333333333333333,0.4902528846153847,0.46564999999999995,0.4977199999999999,0.14166666666666666,0.19540229885057472,0.125,0.3333333333333333,7.99722222222222,0.3465160075329567,11.0,4.0,,12.0,29.0,12.0,13.0,33.0,12.0,30.0,28.0,12.0,3.0,5.0,,,0.7692307692307693,0.3939393939393939,0.40625,0.3142857142857143,,0.08108108108108109,0.10476190476190476,0.0380952380952381,0.2761904761904762,0.41379310344827586,0.41379310344827586,0.75,,0.2926829268292683,0.42857142857142855,27.00909090909091,4.0,7.0,1.0,4.0,,2.0,0.06140350877192982,0.025974025974025976,0.14285714285714285,0.06666666666666667,0.041666666666666664,0.02127659574468085,0.36363636363636365,0.4,1.0,,,,1.0,2.0,5.0,1.0,2.0,5.0,9.0,1.0,,,,,1.0,0.5,0.4166666666666667,,0.25,0.25,1.0,,,,0.3333333333333333,0.5,1.0,,0.4166666666666667,1.0,,,,,1.0,False,1.0,3.0,1.0,,1.0,,,0.25,,,,,,,,,,0.09090909090909091,,,,
1641733,1610612766,Nick Smith Jr.,Nick Smith Jr.,1641733,CHA,75999.0,1267.0,-367.0,2582,2568,618,596.0,328.0,5150,25.0,44.0,3.0,7.0,5.0,8.0,63.0,148.0,111.0,246.0,34.0,535.0,3057.0,14.0,28.0,1.0,71.0,26.0,58.0,21.0,121.0,88.0,134.0,,19.0,76.0,48.0,124.0,35.0,46.0,296.0,6.0,60.0,33.0,101.0,13.0,114.0,16.0,10.0,6.0,57.0,9.0,41.0,21.0,16.0,78.0,16.0,41.0,74.0,2.0,36.0,37.0,3.0,11.0,5.0,2.0,6.0,119.0,613,4.0,0.3963963963963964,0.3963963963963964,0.45121951219512196,0.5,0.4482758620689655,0.47714285714285715,0.6730769230769231,0.423728813559322,0.4935064935064935,0.6730769230769231,0.46875,0.07723577235772358,0.06818181818181818,0.10810810810810811,20.908166723144696,0.7307692307692307,0.0582010582010582,0.0084985835694051,0.09049773755656108,0.07560975609756097,0.00984102952308857,0.008298755186721992,0.04680851063829787,0.11363636363636363,0.08768656716417911,0.10236220472440945,0.0838095238095238,0.5681818181818182,0.6097560975609756,0.56,0.2819047619047619,0.42567567567567566,0.4772727272727273,0.36507936507936506,0.1346153846153846,0.42857142857142855,1.0,0.06779661016949153,0.625,0.6152380952380953,0.5063333984374998,0.4753893939393939,0.4757153508771931,0.02247191011235955,0.04330708661417323,0.13271028037383178,0.2261682242990654,9.772357723577242,0.2393493415956623,54.0,60.0,13.0,72.0,219.0,47.0,93.0,279.0,60.0,234.0,217.0,72.0,13.0,25.0,8.0,2.0,0.8387096774193549,0.3333333333333333,0.33574007220216606,0.5314285714285715,0.11940298507462686,0.04918032786885246,0.10285714285714286,0.11428571428571428,0.41714285714285715,0.3287671232876712,0.3333333333333333,0.7916666666666666,0.11016949152542373,0.3983050847457627,0.3317972350230415,25.889492753623188,23.0,7.0,4.0,5.0,2.0,3.0,0.011382113821138212,0.007978723404255319,0.011235955056179775,0.013215859030837005,0.006211180124223602,0.013559322033898305,0.42592592592592593,0.42592592592592593,21.0,4.0,6.0,5.0,10.0,18.0,11.0,14.0,24.0,16.0,45.0,5.0,1.0,1.0,1.0,1.0,4.0,0.5833333333333334,0.26666666666666666,0.16666666666666666,0.35,0.3559322033898305,1.0,0.11538461538461539,0.6666666666666666,1.0,0.34615384615384615,0.5555555555555556,0.8,0.38461538461538464,0.23404255319148937,5.0,,,,,2.0,False,2.0,5.0,4.0,,1.0,,,0.30434782608695654,4.0,5.0,1.0,,0.014336917562724014,0.0136986301369863,0.0035714285714285713,,0.016666666666666666,,,1.0,,
1642354,1610612766,KJ Simpson,KJ Simpson,1642354,CHA,41389.0,690.0,-178.0,1377,1387,339,316.0,196.0,2764,33.0,55.0,9.0,14.0,8.0,15.0,23.0,71.0,58.0,138.0,39.0,236.0,1640.0,10.0,21.0,4.0,42.0,12.0,35.0,16.0,52.0,38.0,78.0,8.0,13.0,46.0,44.0,90.0,34.0,26.0,224.0,14.0,37.0,18.0,55.0,32.0,87.0,26.0,16.0,10.0,29.0,4.0,19.0,17.0,10.0,46.0,9.0,26.0,48.0,3.0,67.0,47.0,5.0,20.0,6.0,1.0,6.0,52.0,337,4.0,0.3275862068965517,0.35185185185185186,0.42028985507246375,0.47619047619047616,0.34285714285714286,0.4020408163265306,0.5277777777777778,0.3157894736842105,0.44360902255639095,0.5384615384615384,0.3939393939393939,0.09420289855072464,0.10909090909090909,0.09859154929577464,19.342839429634225,0.6304347826086957,0.05901639344262295,0.03571428571428571,0.10818713450292397,0.08500772797527048,0.04317548746518106,0.03225806451612903,0.058823529411764705,0.06382978723404255,0.1103202846975089,0.09836065573770492,0.22448979591836735,0.6,0.673469387755102,0.3333333333333333,0.2897959183673469,0.323943661971831,0.359375,0.30434782608695654,0.3888888888888889,0.6428571428571429,0.1111111111111111,0.2631578947368421,0.5333333333333333,0.6612244897959184,0.520730042016807,0.530685,0.5291454545454544,0.07692307692307693,0.13071895424836602,0.17796610169491525,0.22033898305084745,6.658695652173911,0.24618736383442266,12.0,16.0,5.0,23.0,91.0,17.0,27.0,107.0,22.0,51.0,91.0,23.0,10.0,15.0,,5.0,0.6296296296296297,0.2523364485981308,0.2523364485981308,0.43673469387755104,,0.05737704918032787,0.04897959183673469,0.0653061224489796,0.37142857142857144,0.25274725274725274,0.25555555555555554,0.5652173913043478,0.08771929824561403,0.2982456140350877,0.25274725274725274,25.683177570093463,2.0,17.0,6.0,5.0,2.0,9.0,0.05214723926380368,0.03271028037383177,0.05555555555555555,0.05859375,0.02857142857142857,0.04225352112676056,0.16666666666666666,0.16666666666666666,4.0,,5.0,1.0,6.0,10.0,3.0,6.0,15.0,4.0,30.0,6.0,,,,4.0,6.0,0.4,0.18181818181818182,0.6666666666666666,0.25,0.2857142857142857,1.0,0.1388888888888889,,,0.2777777777777778,0.6,0.8333333333333334,0.2,0.17647058823529413,3.0,1.0,,0.034482758620689655,3.0,3.0,False,,5.0,4.0,,1.0,,,0.5,3.0,,,,0.028037383177570093,0.01098901098901099,,,0.125,,,,,
203994,1610612766,Jusuf Nurkić,Jusuf Nurkić,203994,CHA,22918.0,382.0,-78.0,768,767,192,191.0,90.0,1535,30.0,54.0,7.0,15.0,6.0,13.0,24.0,45.0,54.0,101.0,31.0,166.0,888.0,10.0,21.0,8.0,31.0,10.0,21.0,7.0,33.0,78.0,30.0,10.0,4.0,28.0,28.0,56.0,22.0,18.0,140.0,21.0,51.0,56.0,109.0,33.0,142.0,13.0,9.0,4.0,15.0,4.0,8.0,15.0,7.0,30.0,11.0,23.0,41.0,1.0,51.0,49.0,5.0,23.0,16.0,4.0,16.0,33.0,191,4.0,0.7222222222222222,0.7959183673469388,0.5346534653465347,0.47619047619047616,0.47619047619047616,0.5,0.5,0.4642857142857143,0.5286624203821656,0.5535714285714286,0.4714285714285714,0.039603960396039604,0.018518518518518517,0.06666666666666667,21.39588100686499,0.5,0.30939226519337015,0.11052631578947368,0.2670157068062827,0.28763440860215056,0.08483290488431877,0.11940298507462686,0.38636363636363635,0.22857142857142856,0.2692307692307692,0.2571428571428571,0.4,0.5555555555555556,0.5660377358490566,0.7,0.3333333333333333,0.5333333333333333,0.5714285714285714,0.75,0.6521739130434783,0.4666666666666667,0.2857142857142857,0.4642857142857143,0.46153846153846156,0.6518518518518519,0.5398534883720929,0.5415184210526315,0.5413374999999999,0.1503267973856209,0.19327731092436976,0.18674698795180722,0.19879518072289157,4.207920792079208,0.25,2.0,,,9.0,34.0,7.0,9.0,34.0,7.0,27.0,33.0,9.0,6.0,8.0,2.0,12.0,1.0,0.2647058823529412,0.2727272727272727,0.2518518518518518,0.1,0.2413793103448276,0.014814814814814815,,0.2518518518518518,0.2647058823529412,0.2647058823529412,1.0,,0.25,0.2727272727272727,26.397058823529413,,12.0,8.0,4.0,7.0,,0.06030150753768844,0.1188118811881188,0.045454545454545456,0.06493506493506493,0.044444444444444446,0.12121212121212122,,,,,,,1.0,2.0,2.0,1.0,2.0,2.0,,4.0,,,,12.0,4.0,0.5,0.2857142857142857,0.75,,,,,,,0.08695652173913043,0.5,1.0,,0.2857142857142857,1.0,,,,,8.0,False,1.0,2.0,1.0,1.0,,,,,,,,,,,,,,,,,,
1641878,1610612766,Damion Baugh,Damion Baugh,1641878,CHA,18244.0,304.0,-159.0,617,617,170,156.0,91.0,1234,17.0,32.0,,5.0,5.0,8.0,8.0,30.0,26.0,64.0,11.0,93.0,789.0,,7.0,,,7.0,17.0,4.0,21.0,20.0,32.0,,7.0,29.0,17.0,46.0,8.0,19.0,109.0,4.0,14.0,10.0,26.0,10.0,36.0,14.0,10.0,4.0,16.0,5.0,14.0,7.0,2.0,23.0,5.0,8.0,20.0,,16.0,13.0,1.0,6.0,1.0,,1.0,21.0,168,3.0,0.38461538461538464,0.38461538461538464,0.40625,,0.4117647058823529,0.3761467889908257,,0.3148148148148148,0.4043478260869565,,0.3620689655172414,0.109375,0.0625,0.16666666666666666,19.060773480662984,0.6956521739130435,0.0847457627118644,0.022598870056497175,0.09333333333333334,0.08955223880597014,0.03076923076923077,0.05,0.07547169811320754,0.12,0.10084033613445378,0.06451612903225806,0.29357798165137616,0.53125,0.5666666666666667,0.23529411764705882,0.27522935779816515,0.26666666666666666,0.32,0.625,0.45454545454545453,,,0.2962962962962963,0.625,0.7064220183486238,0.5355894495412844,0.47766000000000003,0.5268925925925926,0.05263157894736842,0.08695652173913043,,0.22580645161290322,4.632812499999999,0.2755267423014587,2.0,15.0,4.0,9.0,30.0,6.0,10.0,45.0,10.0,30.0,30.0,9.0,9.0,9.0,2.0,1.0,1.0,0.2222222222222222,0.2222222222222222,0.41284403669724773,0.14285714285714285,0.075,0.01834862385321101,0.13761467889908258,0.27522935779816515,0.3,0.3,1.0,0.14814814814814814,0.2222222222222222,0.3,25.39777777777778,1.0,6.0,1.0,4.0,1.0,1.0,0.04054054054054054,0.009615384615384616,,0.04081632653061224,0.04,0.015384615384615385,0.5,0.5,1.0,,1.0,,,3.0,1.0,,4.0,1.0,,1.0,,,,1.0,1.0,,0.1,1.0,0.06666666666666667,0.06666666666666667,1.0,0.09090909090909091,,,0.2727272727272727,,,,0.16666666666666666,,,,,,1.0,False,,1.0,1.0,,,,,1.0,,,,,,,,,,,,,,
1631111,1610612766,Wendell Moore Jr.,Wendell Moore Jr.,1631111,CHA,13728.0,229.0,-114.0,469,466,147,123.0,68.0,935,17.0,29.0,5.0,9.0,7.0,12.0,4.0,9.0,22.0,43.0,5.0,70.0,579.0,6.0,11.0,1.0,13.0,8.0,16.0,2.0,24.0,24.0,20.0,10.0,7.0,4.0,10.0,14.0,9.0,2.0,38.0,10.0,16.0,9.0,28.0,17.0,45.0,8.0,6.0,2.0,9.0,4.0,5.0,4.0,4.0,13.0,2.0,11.0,15.0,,9.0,8.0,2.0,5.0,1.0,,2.0,24.0,147,1.0,0.5454545454545454,0.7058823529411765,0.5116279069767442,0.5454545454545454,0.5,0.5241935483870968,0.5,0.5789473684210527,0.5384615384615384,0.5,0.6,0.16279069767441862,0.1724137931034483,0.2222222222222222,14.233576642335766,0.6923076923076923,0.08653846153846154,0.07194244604316546,0.16494845360824742,0.12437810945273632,0.06772908366533864,0.07407407407407407,0.08163265306122448,0.18181818181818182,0.14102564102564102,0.2631578947368421,0.46774193548387094,0.5862068965517241,0.7083333333333334,0.5882352941176471,0.14516129032258066,0.4444444444444444,0.5714285714285714,0.5,0.75,0.5555555555555556,,0.631578947368421,0.5833333333333334,0.7741935483870968,0.5639556451612903,0.556325,0.5585394736842106,0.07692307692307693,0.10869565217391304,0.18571428571428572,0.34285714285714286,4.697674418604652,0.31343283582089554,5.0,7.0,2.0,3.0,12.0,1.0,7.0,19.0,3.0,21.0,12.0,3.0,1.0,2.0,3.0,1.0,1.0,0.3684210526315789,0.3684210526315789,0.3064516129032258,0.3,0.06818181818181818,0.08064516129032258,0.11290322580645161,0.1935483870967742,0.25,0.25,1.0,0.10526315789473684,0.05263157894736842,0.25,24.847368421052632,1.0,7.0,2.0,,1.0,,0.0625,0.07936507936507936,0.045454545454545456,0.05747126436781609,0.08,0.08,0.2,0.2,4.0,,,2.0,,1.0,,,1.0,2.0,,,1.0,1.0,,,,,0.6666666666666666,,0.5714285714285714,0.5714285714285714,1.0,,,,0.08333333333333333,,,1.0,,,,,,,,False,,,,,,,,,,,,,,,,,,,,,,
1631301,1610612766,Jaylen Sims,Jaylen Sims,1631301,CHA,1245.0,21.0,-14.0,44,42,29,13.0,5.0,86,,,,,,,,1.0,,1.0,4.0,7.0,57.0,,,,,,,4.0,4.0,,,,,2.0,2.0,4.0,2.0,1.0,10.0,,,1.0,1.0,,1.0,,,,2.0,,,1.0,2.0,3.0,2.0,1.0,2.0,,3.0,4.0,,2.0,,,,4.0,29,,,,,,,0.5,,,0.7,,1.0,,,,15.686274509803921,0.6666666666666666,0.1,,,0.0625,,,,0.3333333333333333,,,,,,,0.3333333333333333,,,,,,,,,0.6666666666666666,0.52415,,,0.4,0.6666666666666666,,0.5714285714285714,5.7,0.6590909090909091,,1.0,,,1.0,,1.0,2.0,,3.0,1.0,,,1.0,,,1.0,0.5,0.5,0.6666666666666666,,,,0.3333333333333333,0.3333333333333333,,,,,,,25.25,,,,,,,,,,,,,,,1.0,,,,,,,,,,,,,,,,,,,,1.0,1.0,1.0,,,,,,,,,,,,,,1.0,False,,,,,,,,,,,,,,,,,,,,,,
1630201,1610612766,Malachi Flynn,Malachi Flynn,1630201,CHA,2621.0,44.0,1.0,84,85,13,14.0,8.0,169,2.0,2.0,1.0,1.0,,,2.0,7.0,4.0,9.0,5.0,16.0,96.0,1.0,1.0,,5.0,,2.0,,,4.0,4.0,,,5.0,2.0,7.0,1.0,2.0,16.0,1.0,4.0,,4.0,3.0,7.0,3.0,1.0,2.0,4.0,,2.0,,2.0,4.0,,3.0,4.0,,5.0,6.0,1.0,2.0,,,,,13,,0.5,0.5,0.4444444444444444,1.0,,0.4230769230769231,1.25,,0.5333333333333333,1.25,,,,,20.0,1.0,,0.05555555555555555,0.13333333333333333,0.0851063829787234,0.07894736842105263,0.08333333333333333,,,0.08333333333333333,0.3333333333333333,0.15384615384615385,1.0,1.0,,0.5384615384615384,0.2857142857142857,0.2857142857142857,1.0,0.5,1.0,,,,0.46153846153846156,0.5157615384615385,0.55755,0.43715000000000004,0.2,0.2,0.3125,,6.677777777777778,0.15476190476190477,,,,1.0,4.0,,1.0,4.0,,3.0,4.0,1.0,1.0,3.0,,,1.0,0.25,0.25,0.3076923076923077,,,,,0.3076923076923077,0.25,0.25,1.0,,,0.25,25.924999999999997,,2.0,,,,,0.1,,,0.07142857142857142,0.16666666666666666,,,,,,,,1.0,1.0,,1.0,1.0,,,,,,,,,1.0,,,,,,,,,0.5,1.0,1.0,,,,,,,,,False,,,,,,,,,,,1.0,,,,0.2,,,,,,,
1630585,1610612766,Marcus Garrett,Marcus Garrett,1630585,CHA,4763.0,79.0,-39.0,156,155,39,27.0,16.0,311,3.0,5.0,,,,,4.0,12.0,8.0,19.0,3.0,28.0,192.0,1.0,1.0,,2.0,,1.0,3.0,6.0,4.0,12.0,,3.0,9.0,4.0,13.0,1.0,6.0,30.0,1.0,1.0,4.0,5.0,1.0,6.0,3.0,,3.0,,3.0,,6.0,,6.0,,6.0,10.0,,3.0,4.0,,,2.0,1.0,2.0,6.0,39,,0.25,0.25,0.42105263157894735,1.0,,0.46296296296296297,0.5,0.75,0.4827586206896552,0.5,0.75,0.15789473684210525,0.2,0.16666666666666666,20.0,,0.0851063829787234,0.02631578947368421,0.02631578947368421,0.058823529411764705,0.013888888888888888,,0.05555555555555555,,0.034482758620689655,,0.18518518518518517,0.6,0.75,,0.4444444444444444,0.3333333333333333,0.4,0.25,,,,,,0.48148148148148145,0.48584074074074074,0.44877500000000003,0.4218,,,0.07142857142857142,0.21428571428571427,6.926315789473685,0.25,2.0,3.0,,2.0,5.0,1.0,3.0,8.0,1.0,9.0,5.0,2.0,3.0,3.0,,1.0,1.0,0.375,0.375,0.2962962962962963,,0.15,0.07407407407407407,0.1111111111111111,0.18518518518518517,0.4,0.4,1.0,,0.5,0.4,25.5,1.0,,,,2.0,,,0.043478260869565216,,,,,0.5,0.5,1.0,,,,,1.0,1.0,,1.0,1.0,,2.0,,,,2.0,2.0,,1.0,1.0,0.3333333333333333,0.3333333333333333,1.0,,,,0.5,,,,1.0,,,,,1.0,,False,,,2.0,,,,,1.0,,,,,,,,,,,,,,
203901,1610612766,Elfrid Payton,Elfrid Payton,203901,CHA,7399.0,123.0,-54.0,247,251,76,65.0,26.0,498,,1.0,,,,,3.0,19.0,3.0,21.0,,6.0,275.0,1.0,3.0,,2.0,1.0,6.0,,2.0,,6.0,,2.0,11.0,9.0,20.0,6.0,2.0,49.0,1.0,8.0,4.0,12.0,1.0,13.0,6.0,5.0,1.0,5.0,2.0,4.0,2.0,1.0,7.0,4.0,5.0,12.0,2.0,1.0,,,,3.0,1.0,3.0,2.0,76,2.0,,,0.14285714285714285,0.3333333333333333,0.16666666666666666,0.14285714285714285,0.3333333333333333,0.16666666666666666,0.14285714285714285,0.3333333333333333,0.16666666666666666,0.09523809523809523,,0.10526315789473684,10.071942446043167,0.7142857142857143,0.06779661016949153,0.012345679012345678,0.11594202898550725,0.09375,0.007352941176470588,,0.06451612903225806,0.09090909090909091,0.09433962264150944,0.1875,0.047619047619047616,,,,0.9047619047619048,0.15789473684210525,0.17647058823529413,,,,,,,0.047619047619047616,0.45223333333333327,0.45480000000000004,0.4371833333333333,,,0.3333333333333333,0.3333333333333333,8.69047619047619,0.3076923076923077,1.0,,,,,,,,,,,,3.0,8.0,,2.0,,,,,,0.058823529411764705,0.047619047619047616,,,,,,,,,,,,,,,,,0.018518518518518517,,,,,,,,,,,,,,,,,,,,,,2.0,,,,0.6666666666666666,,,,,,,,,,,,,,,,,,False,,1.0,,,,,,,,,,,,,,,,,,,,
