EntityId,TeamId,Name,ShortName,RowId,TeamAbbreviation,SecondsPlayed,Minutes,PlusMinus,OffPoss,DefPoss,PenaltyOffPoss,PenaltyDefPoss,SecondChanceOffPoss,TotalPoss,AtRimFGM,AtRimFGA,SecondChanceAtRimFGA,PenaltyAtRimFGM,PenaltyAtRimFGA,ShortMidRangeFGM,ShortMidRangeFGA,LongMidRangeFGM,LongMidRangeFGA,Corner3FGA,PenaltyCorner3FGA,Arc3FGM,Arc3FGA,SecondChanceArc3FGM,SecondChanceArc3FGA,PenaltyArc3FGM,PenaltyArc3FGA,FG2M,FG2A,FG3M,FG3A,FtPoints,Points,OpponentPoints,SecondChanceFG2M,SecondChanceFG2A,SecondChanceFG3M,SecondChanceFG3A,SecondChancePoints,PenaltyFG2M,PenaltyFG2A,PenaltyFG3M,PenaltyFG3A,PenaltyFtPoints,PenaltyPoints,PtsAssisted2s,PtsUnassisted2s,PtsAssisted3s,PtsUnassisted3s,NonHeaveArc3FGA,NonHeaveArc3FGM,Fg2aBlocked,TwoPtAssists,ThreePtAssists,Assists,Arc3Assists,Corner3Assists,AtRimAssists,ShortMidRangeAssists,LongMidRangeAssists,AssistPoints,OffThreePtRebounds,OffTwoPtRebounds,DefThreePtRebounds,DefTwoPtRebounds,DefRebounds,OffRebounds,Rebounds,SelfOReb,Steals,BadPassSteals,LostBallSteals,LiveBallTurnovers,BadPassOutOfBoundsTurnovers,BadPassTurnovers,DeadBallTurnovers,LostBallOutOfBoundsTurnovers,LostBallTurnovers,Turnovers,PenaltyTurnovers,ShootingFouls,Fouls,Offensive Fouls,FoulsDrawn,Charge Fouls Drawn,Offensive Fouls Drawn,FTA,2pt And 1 Free Throw Trips,TwoPtShootingFoulsDrawn,Blocked2s,BlockedAtRim,BlockedShortMidRange,Blocks,RecoveredBlocks,PenaltyPointsExcludingTakeFouls,PenaltyOffPossExcludingTakeFouls,Assisted2sPct,NonPutbacksAssisted2sPct,Assisted3sPct,Fg3Pct,SecondChanceFg3Pct,PenaltyFg3Pct,NonHeaveFg3Pct,Fg2Pct,SecondChanceFg2Pct,PenaltyFg2Pct,EfgPct,SecondChanceEfgPct,PenaltyEfgPct,TsPct,SecondChanceTsPct,PenaltyTsPct,FG3APct,FG2APctBlocked,AtRimPctBlocked,ShortMidRangePctBlocked,Usage,LiveBallTurnoverPct,DefTwoPtReboundPct,OffTwoPtReboundPct,DefThreePtReboundPct,OffThreePtReboundPct,DefFGReboundPct,OffFGReboundPct,OffAtRimReboundPct,OffShortMidRangeReboundPct,OffArc3ReboundPct,DefAtRimReboundPct,DefShortMidRangeReboundPct,DefLongMidRangeReboundPct,DefArc3ReboundPct,DefCorner3ReboundPct,SelfORebPct,BlocksRecoveredPct,AtRimFrequency,AtRimAccuracy,UnblockedAtRimAccuracy,AtRimPctAssisted,ShortMidRangeFrequency,ShortMidRangeAccuracy,UnblockedShortMidRangeAccuracy,ShortMidRangePctAssisted,LongMidRangeFrequency,LongMidRangeAccuracy,UnblockedLongMidRangeAccuracy,LongMidRangePctAssisted,Corner3Frequency,Arc3Frequency,Arc3Accuracy,UnblockedArc3Accuracy,Arc3PctAssisted,SecondChanceAtRimFrequency,SecondChanceArc3Frequency,SecondChanceArc3Accuracy,SecondChanceArc3PctAssisted,PenaltyAtRimFrequency,PenaltyAtRimAccuracy,PenaltyCorner3Frequency,PenaltyArc3Frequency,PenaltyArc3Accuracy,AtRimFG3AFrequency,NonHeaveArc3Accuracy,ShotQualityAvg,SecondChanceShotQualityAvg,PenaltyShotQualityAvg,ShootingFoulsDrawnPct,TwoPtShootingFoulsDrawnPct,SecondChancePointsPct,PenaltyPointsPct,Avg2ptShotDistance,Avg3ptShotDistance,PenaltyOffPossPct,SecondChanceAtRimFGM,Corner3FGM,SecondChanceCorner3FGM,SecondChanceCorner3FGA,PenaltyCorner3FGM,SecondChanceFtPoints,PtsPutbacks,FTOffRebounds,FTDefRebounds,StepOutOfBoundsTurnovers,Travels,Loose Ball Fouls,Loose Ball Fouls Drawn,NonShootingFoulsDrawn,DefensiveGoaltends,NonShootingPenaltyNonTakeFouls,NonShootingPenaltyNonTakeFoulsDrawn,DefFTReboundPct,OffFTReboundPct,OffLongMidRangeReboundPct,OffCorner3ReboundPct,Corner3Accuracy,UnblockedCorner3Accuracy,Corner3PctAssisted,SecondChanceAtRimAccuracy,SecondChanceAtRimPctAssisted,SecondChanceCorner3Frequency,SecondChanceCorner3Accuracy,SecondChanceCorner3PctAssisted,PenaltyCorner3Accuracy,HeaveAttempts,Fg3aBlocked,SecondChanceTurnovers,3pt And 1 Free Throw Trips,ThreePtShootingFoulsDrawn,Blocked3s,BlockedArc3,BlockedCorner3,BlockedLongMidRange,FG3APctBlocked,Arc3PctBlocked,ThreePtShootingFoulsDrawnPct,Technical Free Throw Trips,3SecondViolations,LongMidRangePctBlocked,Charge Fouls,OffensiveGoaltends,Defensive 3 Seconds Violations,Transition Take Fouls,on,Clear Path Fouls,Corner3PctBlocked,Transition Take Fouls Drawn
1626156,1610612747,D'Angelo Russell,D'Angelo Russell,1626156,LAL,15707.0,262,-12.0,531,536,199.0,107.0,61,1067,8.0,16.0,1.0,5.0,6.0,11.0,20.0,4.0,11.0,4.0,1.0,17.0,48.0,5.0,6.0,6.0,20.0,23.0,47.0,17.0,52.0,11.0,108.0,626,1.0,3.0,5.0,6.0,17.0,7.0,11.0,6.0,21.0,4.0,36.0,16.0,30.0,24.0,27.0,48.0,17.0,5.0,34.0,21.0,55.0,17.0,4.0,27.0,6.0,1.0,131.0,1.0,2.0,11.0,18.0,29.0,3.0,32.0,1.0,8.0,7.0,1.0,9.0,4.0,8.0,9.0,1.0,1.0,18.0,8.0,8.0,16.0,3.0,17.0,1.0,2.0,11.0,1.0,6.0,2.0,1.0,1.0,2.0,1.0,36.0,198.0,0.3478260869565217,0.3478260869565217,0.4705882352941176,0.3269230769230769,0.8333333333333334,0.2857142857142857,0.3269230769230769,0.4893617021276595,0.3333333333333333,0.6363636363636364,0.4898989898989899,0.9444444444444444,0.5,0.5192307692307693,0.9444444444444444,0.5294117647058824,0.5252525252525253,0.1063829787234042,0.25,0.05,20.504201680672267,0.5,0.1343283582089552,0.0150375939849624,0.094017094017094,0.0095238095238095,0.1155378486055776,0.0126050420168067,0.0222222222222222,0.0178571428571428,0.0119047619047619,0.1904761904761904,0.081081081081081,0.2222222222222222,0.0978260869565217,0.08,0.0192307692307692,0.5,0.1616161616161616,0.5,0.6666666666666666,0.375,0.202020202020202,0.55,0.5789473684210527,0.2727272727272727,0.1111111111111111,0.3636363636363636,0.3636363636363636,0.5,0.0404040404040404,0.4848484848484848,0.3541666666666667,0.3541666666666667,0.4705882352941176,0.1111111111111111,0.6666666666666666,0.8333333333333334,0.6,0.1875,0.8333333333333334,0.03125,0.625,0.3,0.6868686868686869,0.3541666666666667,0.5249166666666666,0.6212749999999999,0.5373234375000001,0.0576923076923076,0.1153846153846153,0.1574074074074074,0.3333333333333333,8.521276595744679,26.20961538461538,0.3747645951035782,,,,,,,,,,,,,,,,,,,,,,,,,,,,,,,,,,,,,,,,,,,,,,,,,,True,,,
1629060,1610612747,Rui Hachimura,Rui Hachimura,1629060,LAL,39099.0,652,-9.0,1308,1321,230.0,210.0,120,2629,56.0,75.0,11.0,8.0,8.0,10.0,31.0,2.0,7.0,41.0,6.0,14.0,39.0,2.0,6.0,1.0,2.0,68.0,113.0,36.0,80.0,28.0,272.0,1500,5.0,11.0,5.0,11.0,32.0,8.0,10.0,5.0,8.0,4.0,35.0,122.0,14.0,105.0,3.0,39.0,14.0,15.0,13.0,14.0,27.0,11.0,3.0,8.0,2.0,3.0,68.0,8.0,13.0,42.0,29.0,80.0,22.0,102.0,5.0,16.0,12.0,4.0,13.0,2.0,9.0,10.0,2.0,4.0,23.0,7.0,21.0,41.0,2.0,30.0,,1.0,37.0,5.0,20.0,10.0,5.0,5.0,10.0,8.0,35.0,227.0,0.8970588235294118,0.9242424242424242,0.9722222222222222,0.45,0.4545454545454545,0.625,0.45,0.6017699115044248,0.4545454545454545,0.8,0.6321243523316062,0.5681818181818182,0.8611111111111112,0.6507177033492823,0.6153846153846154,0.8333333333333334,0.4145077720207253,0.1327433628318584,0.08,0.2903225806451613,15.945017182130584,0.5652173913043478,0.0876132930513595,0.0404984423676012,0.1324921135646687,0.0298507462686567,0.1095679012345679,0.0356536502546689,0.0348837209302325,0.0481927710843373,0.0259067357512953,0.1020408163265306,0.0773195876288659,0.1025641025641025,0.1208333333333333,0.1688311688311688,0.0675675675675675,0.8,0.38860103626943,0.7466666666666667,0.8115942028985508,0.8928571428571429,0.160621761658031,0.3225806451612903,0.4545454545454545,0.9,0.0362694300518134,0.2857142857142857,0.2857142857142857,1.0,0.2124352331606217,0.2020725388601036,0.358974358974359,0.358974358974359,1.0,0.5,0.2727272727272727,0.3333333333333333,1.0,0.4444444444444444,1.0,0.3333333333333333,0.1111111111111111,0.5,0.8031088082901554,0.358974358974359,0.5858766839378238,0.557,0.6563138888888889,0.0961538461538461,0.15625,0.1176470588235294,0.1286764705882352,4.05221238938053,24.5025,0.1758409785932721,5.0,22.0,3.0,5.0,4.0,7.0,4.0,1.0,9.0,3.0,1.0,7.0,2.0,1.0,2.0,1.0,1.0,0.5,0.037037037037037,0.0289855072463768,0.04,0.5365853658536586,0.5365853658536586,0.9545454545454546,0.4545454545454545,0.4,0.2272727272727272,0.6,1.0,0.6666666666666666,,,,,,,,,,,,,,,,,,,,True,,,
1629216,1610612747,Gabe Vincent,Gabe Vincent,1629216,LAL,21201.0,353,-50.0,702,710,185.0,176.0,67,1412,4.0,8.0,,,2.0,5.0,13.0,7.0,9.0,17.0,5.0,10.0,45.0,2.0,3.0,4.0,19.0,16.0,30.0,16.0,62.0,4.0,84.0,826,1.0,1.0,3.0,5.0,11.0,1.0,6.0,5.0,24.0,1.0,18.0,24.0,8.0,42.0,6.0,45.0,10.0,2.0,18.0,12.0,30.0,7.0,5.0,8.0,9.0,1.0,72.0,,5.0,7.0,7.0,14.0,5.0,19.0,2.0,11.0,7.0,4.0,8.0,3.0,6.0,7.0,1.0,2.0,15.0,4.0,17.0,36.0,2.0,11.0,2.0,2.0,6.0,,2.0,4.0,1.0,3.0,4.0,2.0,18.0,185.0,0.75,0.75,0.875,0.2580645161290322,0.6,0.2083333333333333,0.2580645161290322,0.5333333333333333,1.0,0.1666666666666666,0.4347826086956521,0.9166666666666666,0.2833333333333333,0.4421052631578947,0.9166666666666666,0.2903225806451613,0.6739130434782609,0.0666666666666666,,0.1538461538461538,14.084507042253522,0.5333333333333333,0.0424242424242424,0.0285714285714285,0.0448717948717948,,0.043613707165109,0.0153374233128834,,0.0210526315789473,,0.0566037735849056,0.0425531914893617,,0.0317460317460317,0.1,0.0357142857142857,0.5,0.0869565217391304,0.5,0.5,1.0,0.1413043478260869,0.3846153846153846,0.4545454545454545,0.8,0.0978260869565217,0.7777777777777778,0.7777777777777778,0.5714285714285714,0.1847826086956521,0.4891304347826087,0.2222222222222222,0.2222222222222222,0.8,,0.5,0.6666666666666666,1.0,0.0666666666666666,,0.1666666666666666,0.6333333333333333,0.2105263157894736,0.7608695652173914,0.2222222222222222,0.5219217391304349,0.5146900000000001,0.5110116666666665,0.0212765957446808,0.0625,0.1309523809523809,0.2142857142857142,9.98,25.646774193548392,0.2635327635327635,,6.0,1.0,2.0,1.0,,,,,1.0,,2.0,1.0,1.0,,5.0,1.0,,,0.088235294117647,,0.3529411764705882,0.3529411764705882,1.0,,,0.3333333333333333,0.5,1.0,0.2,,,,,,,,,,,,,,,,,,,,True,,,
1631108,1610612747,Max Christie,Max Christie,1631108,LAL,69245.0,1154,-17.0,2317,2343,566.0,462.0,220,4660,52.0,65.0,5.0,12.0,14.0,15.0,50.0,1.0,10.0,71.0,10.0,30.0,92.0,2.0,8.0,9.0,25.0,68.0,125.0,60.0,163.0,74.0,390.0,2686,4.0,13.0,3.0,10.0,22.0,17.0,26.0,14.0,35.0,26.0,102.0,92.0,44.0,171.0,9.0,89.0,30.0,17.0,32.0,34.0,66.0,22.0,12.0,23.0,6.0,3.0,166.0,14.0,11.0,50.0,47.0,98.0,25.0,123.0,4.0,35.0,28.0,7.0,29.0,3.0,14.0,10.0,2.0,15.0,39.0,12.0,44.0,73.0,3.0,62.0,,4.0,87.0,12.0,44.0,19.0,7.0,11.0,21.0,13.0,102.0,562.0,0.6764705882352942,0.6865671641791045,0.95,0.3680981595092024,0.3,0.4,0.375,0.544,0.3076923076923077,0.6538461538461539,0.5486111111111112,0.3695652173913043,0.6229508196721312,0.6,0.44,0.68,0.5659722222222222,0.136,0.0461538461538461,0.28,14.103060829135996,0.7435897435897436,0.0831858407079646,0.0204081632653061,0.0914076782449725,0.0285132382892057,0.0872302158273381,0.0242718446601941,0.0258064516129032,0.007380073800738,0.0351351351351351,0.0730337078651685,0.0895061728395061,0.0793650793650793,0.0867469879518072,0.106060606060606,0.0300751879699248,0.6190476190476191,0.2256944444444444,0.8,0.8387096774193549,0.75,0.1736111111111111,0.3,0.4166666666666667,0.4,0.0347222222222222,0.1,0.1,1.0,0.2465277777777778,0.3194444444444444,0.3260869565217391,0.3296703296703296,0.9666666666666668,0.217391304347826,0.3478260869565217,0.25,1.0,0.2295081967213114,0.8571428571428571,0.1639344262295081,0.4098360655737705,0.36,0.7916666666666666,0.3370786516853932,0.5587056338028169,0.5489312500000001,0.5421166666666667,0.140625,0.2802547770700637,0.0564102564102564,0.2615384615384615,5.379200000000001,25.34233128834357,0.2442813983599482,3.0,30.0,1.0,2.0,5.0,5.0,2.0,,1.0,1.0,,3.0,4.0,5.0,,7.0,5.0,0.0238095238095238,,0.0442477876106194,0.0082644628099173,0.4225352112676056,0.4225352112676056,0.9333333333333332,0.6,,0.0869565217391304,0.5,1.0,0.5,3.0,1.0,2.0,1.0,1.0,2.0,1.0,1.0,1.0,0.0061349693251533,0.0108695652173913,0.0061349693251533,,,,,,,,True,,,
203076,1610612747,Anthony Davis,Anthony Davis,203076,LAL,48081.0,801,39.0,1599,1616,400.0,304.0,163,3215,111.0,150.0,46.0,29.0,43.0,72.0,161.0,35.0,80.0,8.0,2.0,14.0,41.0,,3.0,1.0,9.0,218.0,391.0,14.0,49.0,130.0,608.0,1811,38.0,62.0,,3.0,100.0,54.0,90.0,1.0,11.0,50.0,161.0,240.0,196.0,39.0,3.0,41.0,14.0,16.0,44.0,36.0,80.0,25.0,11.0,26.0,13.0,5.0,196.0,22.0,49.0,101.0,109.0,218.0,72.0,290.0,12.0,27.0,19.0,8.0,30.0,7.0,14.0,22.0,9.0,16.0,52.0,13.0,24.0,44.0,3.0,124.0,1.0,3.0,161.0,23.0,75.0,51.0,17.0,34.0,53.0,38.0,159.0,397.0,0.5504587155963303,0.6451612903225806,0.9285714285714286,0.2857142857142857,,0.0909090909090909,0.2857142857142857,0.5575447570332481,0.6129032258064516,0.6,0.5431818181818182,0.5846153846153846,0.5495049504950495,0.5984251968503937,0.6410256410256411,0.6145038167938931,0.1113636363636363,0.0409207161125319,0.0333333333333333,0.062111801242236,31.17679866146124,0.5769230769230769,0.2745591939546599,0.1253196930946291,0.2596401028277635,0.06875,0.2671755725190839,0.0998593530239099,0.1881188118811881,0.1274509803921568,0.0705394190871369,0.2231404958677686,0.3100436681222707,0.2340425531914893,0.2559726962457337,0.2708333333333333,0.0631578947368421,0.7169811320754716,0.3409090909090909,0.74,0.7655172413793103,0.5585585585585585,0.3659090909090909,0.4472049689440994,0.4768211920529801,0.5833333333333334,0.1818181818181818,0.4375,0.4430379746835443,0.4571428571428571,0.0181818181818181,0.0931818181818181,0.3414634146341463,0.3414634146341463,0.9285714285714286,0.7076923076923077,0.0461538461538461,,,0.4257425742574257,0.6744186046511628,0.0198019801980198,0.0891089108910891,0.1111111111111111,0.4522727272727272,0.3414634146341463,0.5144621590909091,0.5739719999999999,0.5284460396039604,0.1524390243902439,0.1693002257336343,0.1644736842105263,0.2648026315789473,7.648337595907928,25.79591836734694,0.2501563477173233,31.0,,,,,24.0,64.0,1.0,8.0,1.0,1.0,7.0,10.0,16.0,1.0,,14.0,0.2666666666666666,0.0256410256410256,0.0465116279069767,0.0632911392405063,,,,0.6739130434782609,,,,,,,,5.0,,,2.0,2.0,,,,,,1.0,1.0,0.0125,,,,,True,,,
1629629,1610612747,Cam Reddish,Cam Reddish,1629629,LAL,9667.0,161,-33.0,321,339,112.0,85.0,31,660,6.0,9.0,3.0,5.0,7.0,1.0,2.0,,,5.0,1.0,2.0,8.0,,1.0,1.0,3.0,7.0,11.0,3.0,13.0,7.0,30.0,398,2.0,3.0,,2.0,4.0,5.0,7.0,2.0,4.0,2.0,18.0,8.0,6.0,9.0,,8.0,2.0,2.0,4.0,3.0,7.0,1.0,2.0,3.0,1.0,,17.0,1.0,4.0,8.0,5.0,14.0,6.0,20.0,,9.0,6.0,3.0,3.0,,1.0,2.0,2.0,2.0,5.0,2.0,6.0,11.0,,6.0,,,9.0,1.0,4.0,3.0,1.0,2.0,3.0,2.0,16.0,111.0,0.5714285714285714,0.8,1.0,0.2307692307692307,,0.5,0.2307692307692307,0.6363636363636364,0.6666666666666666,0.7142857142857143,0.4791666666666667,0.4,0.7272727272727273,0.5357142857142857,0.4,0.6923076923076923,0.5416666666666666,0.1818181818181818,0.1111111111111111,0.5,9.217877094972067,0.6,0.0568181818181818,0.05,0.1126760563380281,0.0133333333333333,0.0817610062893081,0.032258064516129,0.1363636363636363,0.025,0.0169491525423728,0.0357142857142857,0.0714285714285714,,0.1132075471698113,0.1111111111111111,,0.6666666666666666,0.375,0.6666666666666666,0.75,0.6666666666666666,0.0833333333333333,0.5,1.0,,,,,,0.2083333333333333,0.3333333333333333,0.25,0.25,1.0,0.6,0.2,,,0.6363636363636364,0.7142857142857143,0.0909090909090909,0.2727272727272727,0.3333333333333333,0.9166666666666666,0.25,0.5894395833333334,0.6434666666666665,0.6323681818181819,0.1481481481481481,0.2857142857142857,0.1333333333333333,0.6,2.3545454545454545,24.646153846153844,0.3489096573208722,2.0,1.0,,1.0,1.0,,4.0,1.0,1.0,,,,,1.0,,1.0,,0.2,0.125,,,0.2,0.2,1.0,0.6666666666666666,,0.2,,,1.0,,,1.0,,,,,,,,,,,,,,,,,True,,,
1642261,1610612747,Dalton Knecht,Dalton Knecht,1642261,LAL,22084.0,368,-65.0,722,730,182.0,141.0,73,1452,24.0,31.0,4.0,4.0,6.0,7.0,19.0,1.0,5.0,24.0,3.0,18.0,56.0,1.0,3.0,9.0,17.0,32.0,55.0,32.0,80.0,23.0,183.0,899,3.0,7.0,3.0,5.0,19.0,5.0,12.0,11.0,20.0,11.0,54.0,50.0,14.0,90.0,6.0,56.0,18.0,5.0,13.0,4.0,17.0,2.0,2.0,9.0,3.0,1.0,38.0,10.0,1.0,22.0,24.0,52.0,11.0,63.0,3.0,6.0,3.0,3.0,5.0,,3.0,4.0,,2.0,9.0,6.0,9.0,17.0,2.0,16.0,,,27.0,3.0,11.0,,,,,,54.0,182.0,0.78125,0.8064516129032258,0.9375,0.4,0.6,0.55,0.4,0.5818181818181818,0.4285714285714285,0.4166666666666667,0.5925925925925926,0.625,0.671875,0.6232876712328768,0.6785714285714286,0.7297297297297297,0.5925925925925926,0.0909090909090909,0.032258064516129,0.2105263157894736,19.06519065190652,0.5555555555555556,0.1420118343195266,0.0058823529411764,0.1189189189189189,0.0649350649350649,0.1299435028248587,0.0339506172839506,0.025,,0.0508474576271186,0.109090909090909,0.1666666666666666,0.1111111111111111,0.1224489795918367,0.1052631578947368,0.046875,,0.2296296296296296,0.7741935483870968,0.8,0.8333333333333334,0.1407407407407407,0.3684210526315789,0.4666666666666667,0.5714285714285714,0.037037037037037,0.2,0.2,1.0,0.1777777777777777,0.4148148148148148,0.3214285714285714,0.3272727272727272,0.8888888888888888,0.3333333333333333,0.25,0.3333333333333333,1.0,0.1875,0.6666666666666666,0.09375,0.53125,0.5294117647058824,0.8222222222222222,0.3214285714285714,0.563056343283582,0.5322625,0.562325806451613,0.0833333333333333,0.1746031746031746,0.1038251366120218,0.2950819672131147,5.505454545454546,25.51,0.2520775623268698,2.0,14.0,2.0,2.0,2.0,4.0,2.0,,6.0,,,1.0,1.0,2.0,,,2.0,0.4615384615384615,,,0.1111111111111111,0.5833333333333334,0.5833333333333334,1.0,0.5,0.5,0.1666666666666666,1.0,1.0,0.6666666666666666,,1.0,1.0,,1.0,,,,,0.0125,0.0178571428571428,0.0123456790123456,1.0,,,1.0,,,,True,,,
2544,1610612747,LeBron James,LeBron James,2544,LAL,39095.0,652,-14.0,1331,1336,314.0,271.0,112,2667,75.0,103.0,14.0,17.0,23.0,38.0,68.0,20.0,53.0,6.0,1.0,41.0,110.0,2.0,7.0,4.0,22.0,133.0,224.0,45.0,116.0,53.0,454.0,1547,13.0,24.0,2.0,8.0,40.0,31.0,49.0,5.0,23.0,19.0,96.0,100.0,166.0,93.0,42.0,108.0,41.0,11.0,120.0,50.0,170.0,27.0,23.0,82.0,30.0,8.0,390.0,7.0,14.0,47.0,62.0,115.0,21.0,136.0,6.0,20.0,15.0,5.0,42.0,17.0,29.0,32.0,3.0,13.0,74.0,13.0,10.0,27.0,3.0,63.0,4.0,,75.0,9.0,32.0,7.0,4.0,2.0,7.0,4.0,96.0,311.0,0.3759398496240601,0.390625,0.6888888888888889,0.3879310344827586,0.25,0.217391304347826,0.3947368421052631,0.59375,0.5416666666666666,0.6326530612244898,0.5897058823529412,0.5,0.5347222222222222,0.6102150537634409,0.5405405405405406,0.5647058823529412,0.3411764705882353,0.0491071428571428,0.0776699029126213,0.0441176470588235,30.44368600682594,0.5675675675675675,0.1987179487179487,0.0503597122302158,0.1577181208053691,0.0243055555555555,0.1786885245901639,0.0371024734982332,0.0681818181818181,0.0458015267175572,0.0189573459715639,0.2164948453608247,0.2102272727272727,0.1025641025641025,0.1644444444444444,0.136986301369863,0.0402684563758389,0.5714285714285714,0.3029411764705882,0.7281553398058253,0.7894736842105263,0.4133333333333333,0.2,0.5588235294117647,0.5846153846153846,0.3947368421052631,0.1558823529411764,0.3773584905660377,0.3773584905660377,0.2,0.0176470588235294,0.3235294117647059,0.3727272727272727,0.3761467889908257,0.6585365853658537,0.4375,0.21875,0.2857142857142857,1.0,0.3194444444444444,0.7391304347826086,0.0138888888888888,0.3055555555555556,0.1818181818181818,0.6441176470588236,0.3796296296296296,0.5271653846153848,0.5116181818181819,0.5223971428571428,0.0881542699724518,0.1295546558704453,0.0881057268722467,0.211453744493392,7.579910714285715,27.55517241379311,0.2359128474830954,10.0,4.0,,1.0,1.0,8.0,10.0,,6.0,1.0,5.0,2.0,1.0,9.0,,2.0,9.0,0.25,,0.0338983050847457,0.0389610389610389,0.6666666666666666,0.6666666666666666,1.0,0.7142857142857143,0.4,0.03125,,,1.0,2.0,1.0,3.0,,,,,,1.0,0.0086206896551724,0.009090909090909,,,,,,,,,True,,,
1630559,1610612747,Austin Reaves,Austin Reaves,1630559,LAL,46033.0,767,52.0,1546,1559,311.0,230.0,147,3105,30.0,47.0,6.0,6.0,11.0,44.0,98.0,5.0,15.0,17.0,3.0,42.0,123.0,6.0,10.0,5.0,26.0,79.0,160.0,47.0,140.0,82.0,381.0,1763,3.0,10.0,6.0,10.0,29.0,12.0,27.0,5.0,29.0,36.0,75.0,62.0,96.0,105.0,36.0,121.0,42.0,14.0,89.0,53.0,142.0,32.0,21.0,53.0,29.0,7.0,337.0,8.0,14.0,49.0,36.0,86.0,22.0,108.0,10.0,29.0,19.0,10.0,41.0,6.0,27.0,10.0,1.0,14.0,51.0,11.0,18.0,36.0,1.0,90.0,7.0,5.0,91.0,10.0,31.0,,,,,,71.0,307.0,0.3924050632911392,0.3974358974358974,0.7446808510638298,0.3357142857142857,0.6,0.1724137931034483,0.3405797101449275,0.49375,0.3,0.4444444444444444,0.4983333333333333,0.6,0.3482142857142857,0.5593471810089021,0.6086956521739131,0.4932432432432432,0.4666666666666667,0.0875,0.0212765957446808,0.1326530612244898,22.55813953488372,0.803921568627451,0.0952380952380952,0.0398860398860398,0.1289473684210526,0.0249221183800623,0.1121372031662269,0.0327380952380952,0.0392156862745098,0.0546448087431694,0.0254237288135593,0.0530973451327433,0.0737327188940092,0.2916666666666667,0.1174377224199288,0.1616161616161616,0.065359477124183,,0.1566666666666666,0.6382978723404256,0.6521739130434783,0.4,0.3266666666666666,0.4489795918367347,0.5176470588235295,0.3863636363636363,0.05,0.3333333333333333,0.3333333333333333,0.4,0.0566666666666666,0.41,0.3414634146341463,0.3442622950819672,0.7142857142857143,0.3,0.5,0.6,1.0,0.1964285714285714,0.5454545454545454,0.0535714285714285,0.4642857142857143,0.1923076923076923,0.6233333333333333,0.3471074380165289,0.5107868686868687,0.5383461538461538,0.4930018867924528,0.1049382716049382,0.1712707182320442,0.0761154855643044,0.1968503937007874,7.308125000000001,26.75785714285714,0.2011642949547218,1.0,5.0,,,,5.0,2.0,,1.0,,1.0,,2.0,13.0,,4.0,11.0,0.0384615384615384,,,0.0235294117647058,0.2941176470588235,0.2941176470588235,1.0,0.1666666666666666,,,,,,2.0,1.0,,,3.0,,,,,0.0071428571428571,0.008130081300813,0.0209790209790209,4.0,,,,,,,True,,,
1629637,1610612747,Jaxson Hayes,Jaxson Hayes,1629637,LAL,10874.0,181,-34.0,365,376,71.0,75.0,28,741,19.0,28.0,11.0,3.0,3.0,3.0,4.0,,,1.0,1.0,,,,,,,22.0,32.0,,1.0,15.0,59.0,448,5.0,11.0,,,12.0,3.0,3.0,,1.0,2.0,8.0,30.0,14.0,,,,,2.0,5.0,4.0,9.0,2.0,2.0,2.0,2.0,1.0,22.0,6.0,10.0,17.0,11.0,31.0,16.0,47.0,2.0,6.0,3.0,3.0,5.0,2.0,4.0,8.0,,1.0,13.0,1.0,15.0,23.0,2.0,14.0,,1.0,16.0,2.0,8.0,5.0,3.0,2.0,7.0,4.0,8.0,71.0,0.6818181818181818,0.8333333333333334,,,,,,0.6875,0.4545454545454545,1.0,0.6666666666666666,0.4545454545454545,0.75,0.7375,0.5,0.8,0.0303030303030303,0.0625,0.0714285714285714,,13.11881188118812,0.3846153846153846,0.1358024691358024,0.125,0.2073170731707317,0.0681818181818181,0.1717791411042944,0.0952380952380952,0.1666666666666666,0.1081081081081081,0.078125,0.1538461538461538,0.1363636363636363,0.0909090909090909,0.1935483870967742,0.25,0.2222222222222222,0.5714285714285714,0.8484848484848485,0.6785714285714286,0.7307692307692307,0.631578947368421,0.1212121212121212,0.75,0.75,1.0,,,,,0.0303030303030303,,,,,1.0,,,,0.75,1.0,0.25,,,0.8787878787878788,,0.6350030303030303,0.6148888888888888,0.6891,0.2051282051282051,0.2105263157894736,0.2033898305084746,0.135593220338983,2.028125,23.4,0.1945205479452054,5.0,,,,,2.0,8.0,,3.0,1.0,1.0,2.0,,1.0,3.0,1.0,1.0,0.3333333333333333,,0.0769230769230769,0.0416666666666666,,,,0.4545454545454545,,,,,,,,3.0,,,2.0,2.0,,,,,,,,,1.0,1.0,1.0,,True,,,
1631132,1610612747,Christian Koloko,Christian Koloko,1631132,LAL,5643.0,94,-9.0,194,193,69.0,62.0,16,387,8.0,12.0,2.0,2.0,3.0,,2.0,1.0,1.0,,,,1.0,,,,1.0,9.0,15.0,,1.0,,18.0,237,,2.0,,,,2.0,3.0,,1.0,,4.0,16.0,2.0,,,1.0,,3.0,3.0,2.0,5.0,1.0,1.0,3.0,,,12.0,2.0,5.0,3.0,8.0,13.0,7.0,20.0,1.0,1.0,1.0,,,,,1.0,1.0,,1.0,1.0,9.0,13.0,,1.0,,,,,,3.0,1.0,2.0,3.0,1.0,4.0,69.0,0.8888888888888888,0.8888888888888888,,,,,,0.6,,0.6666666666666666,0.5625,,0.5,0.5625,,0.5,0.0625,0.2,0.1666666666666666,0.5,7.943925233644859,,0.2105263157894736,0.131578947368421,0.075,0.0416666666666666,0.141025641025641,0.0813953488372093,0.125,0.1764705882352941,0.048780487804878,0.3333333333333333,0.1304347826086956,,0.064516129032258,0.1111111111111111,0.25,0.3333333333333333,0.75,0.6666666666666666,0.8,1.0,0.125,,,,0.0625,1.0,1.0,,,0.0625,,,,1.0,,,,0.75,0.6666666666666666,,0.25,,0.8125,,0.6206281250000001,0.6184000000000001,0.6987125,,,,0.2222222222222222,3.2066666666666674,25.4,0.3556701030927835,,,,,,,,,2.0,,,2.0,,,,,,0.5,,,,,,,,,,,,,,,,,,,,,,,,,,,,,,,,True,,,
1642422,1610612747,Armel Traoré,Armel Traoré,1642422,LAL,2448.0,41,-18.0,83,83,34.0,28.0,9,166,2.0,3.0,,,,,1.0,,,3.0,1.0,,2.0,,,,1.0,2.0,4.0,,5.0,1.0,5.0,92,,,,1.0,,,,,2.0,,,4.0,,,,2.0,,,,1.0,1.0,1.0,,,,,3.0,,,5.0,1.0,8.0,,8.0,,4.0,2.0,2.0,1.0,,,1.0,,1.0,2.0,1.0,,5.0,,4.0,,,5.0,1.0,2.0,2.0,1.0,1.0,2.0,1.0,,34.0,1.0,1.0,,,,,,0.5,,,0.2222222222222222,,,0.2272727272727272,,,0.5555555555555556,,,,13.978494623655914,0.5,0.0666666666666666,,0.3125,,0.1935483870967742,,,,,0.25,,,0.2307692307692307,0.6666666666666666,,0.5,0.3333333333333333,0.6666666666666666,0.6666666666666666,1.0,0.1111111111111111,,,,,,,,0.3333333333333333,0.2222222222222222,,,,,,,,,,0.5,0.5,,0.8888888888888888,,0.5873111111111111,,0.522,0.2,0.4,,,2.3,24.12,0.4096385542168674,,,,1.0,,,,,2.0,,,1.0,1.0,1.0,,2.0,1.0,0.5,,,,,,,,,1.0,,,,,,,,,,,,,,,,,,,1.0,,,,True,,,
1641721,1610612747,Maxwell Lewis,Maxwell Lewis,1641721,LAL,1272.0,21,-10.0,42,41,19.0,16.0,4,83,2.0,2.0,1.0,,,,1.0,,2.0,,,,,,,,,2.0,5.0,,,,4.0,49,1.0,1.0,,,2.0,,,,,,,2.0,2.0,,,,,,1.0,1.0,2.0,1.0,,1.0,,,5.0,2.0,,,,,2.0,2.0,,1.0,1.0,,,,,1.0,1.0,,1.0,1.0,1.0,1.0,,,,,,,,,,,,,,19.0,0.5,1.0,,,,,,0.4,1.0,,0.4,1.0,,0.4,1.0,,,,,,13.043478260869565,,,,,0.1538461538461538,,0.0952380952380952,,,0.1538461538461538,,,,,,,,0.4,1.0,1.0,0.5,0.2,,,,0.4,,,,,,,,,1.0,,,,,,,,,0.4,,0.47168,,,,,0.5,,10.62,,0.4523809523809524,1.0,,,,,,2.0,,,,,,,,,,,,,,,,,,1.0,,,,,,,,,,,,,,,,,,,,,,,,,True,,,
1627827,1610612747,Dorian Finney-Smith,Dorian Finney-Smith,1627827,LAL,9788.0,163,70.0,327,332,73.0,62.0,29,659,4.0,4.0,2.0,1.0,1.0,1.0,3.0,,,12.0,1.0,5.0,15.0,,,1.0,2.0,5.0,7.0,12.0,27.0,2.0,48.0,332,2.0,2.0,,,5.0,1.0,3.0,2.0,3.0,,8.0,6.0,4.0,36.0,,15.0,5.0,,1.0,3.0,4.0,3.0,,,1.0,,11.0,2.0,2.0,10.0,8.0,19.0,5.0,24.0,,6.0,3.0,3.0,3.0,,2.0,3.0,1.0,1.0,6.0,1.0,9.0,13.0,1.0,3.0,,,3.0,1.0,2.0,,,,,,8.0,72.0,0.6,0.75,1.0,0.4444444444444444,,0.6666666666666666,0.4444444444444444,0.7142857142857143,1.0,0.3333333333333333,0.6764705882352942,1.0,0.6666666666666666,0.6857142857142857,0.8333333333333334,0.6666666666666666,0.7941176470588235,,,,11.263736263736265,0.5,0.0888888888888888,0.0298507462686567,0.1123595505617977,0.0303030303030303,0.1005586592178771,0.0300751879699248,0.0869565217391304,,0.0208333333333333,0.081081081081081,0.0816326530612244,0.25,0.1269841269841269,0.0769230769230769,,,0.1176470588235294,1.0,1.0,0.5,0.088235294117647,0.3333333333333333,0.3333333333333333,1.0,,,,,0.3529411764705882,0.4411764705882353,0.3333333333333333,0.3333333333333333,1.0,1.0,,,,0.1666666666666666,1.0,0.1666666666666666,0.3333333333333333,0.5,0.9117647058823528,0.3333333333333333,0.5666191176470589,0.6801999999999999,0.5088333333333334,0.0571428571428571,0.25,0.1041666666666666,0.1666666666666666,3.757142857142857,24.751851851851857,0.2232415902140672,2.0,7.0,,,1.0,1.0,2.0,1.0,1.0,,1.0,,1.0,,,,,0.1428571428571428,0.1666666666666666,,0.0555555555555555,0.5833333333333334,0.5833333333333334,1.0,1.0,,,,,1.0,,,,,,,,,,,,,,,,,,,1.0,True,,,
1629020,1610612747,Jarred Vanderbilt,Jarred Vanderbilt,1629020,LAL,1656.0,28,10.0,53,56,9.0,9.0,7,109,2.0,4.0,1.0,1.0,1.0,,1.0,,,1.0,,,,,,,,2.0,5.0,,1.0,,4.0,57,,1.0,,,,1.0,1.0,,,,2.0,2.0,2.0,,,,,,1.0,,1.0,,,,1.0,,2.0,2.0,1.0,2.0,4.0,6.0,3.0,9.0,,4.0,3.0,1.0,1.0,,1.0,,,,1.0,,2.0,4.0,,1.0,,,,,,,,,,,2.0,9.0,0.5,0.5,,,,,,0.4,,1.0,0.3333333333333333,,1.0,0.3333333333333333,,1.0,0.1666666666666666,,,,11.11111111111111,1.0,0.2352941176470588,0.1111111111111111,0.1666666666666666,0.1538461538461538,0.2068965517241379,0.1363636363636363,0.3333333333333333,,0.1,0.25,0.1428571428571428,0.5,,0.4,,,0.6666666666666666,0.5,0.5,0.5,0.1666666666666666,,,,,,,,0.1666666666666666,,,,,1.0,,,,1.0,1.0,,,,0.8333333333333334,,0.660375,0.5942,0.9067,,,,0.5,1.82,22.5,0.1698113207547169,,,,,,,,,,,,,1.0,,,,,,,,0.3333333333333333,,,,,,,,,,,,,,,,,,,,,,,,,,,,,True,,,
1642355,1610612747,Bronny James,Bronny James,1642355,LAL,1556.0,26,-3.0,53,53,20.0,37.0,4,106,1.0,1.0,,,,,3.0,1.0,1.0,1.0,,,4.0,,,,2.0,2.0,5.0,,5.0,5.0,9.0,64,,,,,,1.0,1.0,,2.0,2.0,4.0,,4.0,,,4.0,,,5.0,,5.0,,,5.0,,,10.0,,,,1.0,1.0,,1.0,,3.0,2.0,1.0,1.0,,1.0,,,,1.0,,2.0,4.0,,4.0,,,5.0,1.0,3.0,,,,,,4.0,20.0,,,,,,,,0.4,,1.0,0.2,,0.3333333333333333,0.375,,0.5,0.5,,,,22.80701754385965,1.0,0.125,,,,0.0625,,,,,0.25,,,,,,,0.1,1.0,1.0,,0.3,,,,0.1,1.0,1.0,,0.1,0.4,,,,,,,,,,,0.6666666666666666,,0.6,,0.45068,,0.453,0.25,0.4285714285714285,,0.4444444444444444,8.319999999999999,25.12,0.3773584905660377,,,,,,,,,,,,,,,,2.0,,,,,,,,,,,,,,,,,,,,,,,,,,,,,,,,,,True,,,
1629003,1610612747,Shake Milton,Shake Milton,1629003,LAL,1266.0,21,9.0,40,42,13.0,9.0,4,82,1.0,2.0,,1.0,1.0,,,,,,,1.0,2.0,,,,1.0,1.0,2.0,1.0,2.0,2.0,7.0,47,,,,,,1.0,1.0,,1.0,,2.0,,2.0,3.0,,2.0,1.0,,3.0,1.0,4.0,1.0,,1.0,,2.0,9.0,1.0,,1.0,2.0,3.0,1.0,4.0,,1.0,1.0,,,1.0,,1.0,,,1.0,1.0,2.0,4.0,,1.0,,,2.0,,1.0,,,,,,2.0,13.0,,,1.0,0.5,,,0.5,0.5,,1.0,0.625,,0.5,0.7,,0.5,0.5,,,,12.765957446808512,,0.1428571428571428,,0.1666666666666666,0.0833333333333333,0.15,0.0526315789473684,,,0.125,,0.125,1.0,0.25,,,,0.5,0.5,0.5,,,,,,,,,,,0.5,0.5,0.5,1.0,,,,,0.5,1.0,,0.5,,1.0,0.5,0.5877874999999999,,0.6597,0.2,0.3333333333333333,,0.2857142857142857,2.05,27.200000000000003,0.325,,,,,,,,,,,,,,,,,,,,,,,,,,,,,,,,,,,,,,,,,,,,,,,,,,True,,,
1641998,1610612747,Trey Jemison III,Trey Jemison III,1641998,LAL,662.0,11,1.0,19,20,6.0,8.0,3,39,,,,,,,1.0,,,,,,,,,,,,1.0,,,1.0,1.0,18,,,,,1.0,,,,,,,,,,,,,,,,,,,,,,,,2.0,1.0,1.0,2.0,2.0,4.0,,,,,,,,,,,,,,2.0,,1.0,,,2.0,,1.0,2.0,,2.0,2.0,,,6.0,,,,,,,,,,,,,,0.25,0.5,,,,,,9.090909090909092,,0.1111111111111111,0.2857142857142857,0.125,,0.1176470588235294,0.2,,0.3333333333333333,,0.3333333333333333,,,,0.5,,,,,,,1.0,,,,,,,,,,,,,,,,,,,,,,,,0.3759,,,0.5,0.5,1.0,,5.8,,0.3157894736842105,,,,,,1.0,,,,,,,,,,,,,,,,,,,,,,,,,,,,,,,,,,,,,,,,,,,,True,,,
1641720,1610612747,Jalen Hood-Schifino,Jalen Hood-Schifino,1641720,LAL,848.0,14,8.0,32,29,17.0,18.0,2,61,,,,,,,,1.0,1.0,,,,,,,,,1.0,1.0,,,2.0,4.0,30,,,,,,1.0,1.0,,,2.0,4.0,,2.0,,,,,,1.0,,1.0,,,,1.0,,2.0,,1.0,,,,1.0,1.0,,,,,1.0,,,,,1.0,1.0,1.0,2.0,3.0,,2.0,,,2.0,,,1.0,,1.0,1.0,,4.0,17.0,,,,,,,,1.0,,1.0,1.0,,1.0,1.0,,1.0,,,,,8.823529411764705,1.0,,0.1428571428571428,,,,0.0909090909090909,,,,,,,,,,,,,,,,,,,1.0,1.0,1.0,,,,,,,,,,,,,,,,,,0.4493,,0.4493,,,,1.0,15.5,,0.53125,,,,,,,,,,,,,,1.0,,,1.0,,,0.3333333333333333,,,,,,,,,,,,,,,,,,,,,,,,,,,,,,True,,,
1626156,1610612747,D'Angelo Russell,D'Angelo Russell,1626156,LAL,30096.0,502,59.0,1039,1028,261.0,162.0,102,2067,24.0,40.0,3.0,5.0,6.0,22.0,44.0,4.0,12.0,13.0,6.0,34.0,103.0,8.0,18.0,9.0,28.0,50.0,96.0,39.0,116.0,34.0,251.0,1158,2.0,4.0,8.0,18.0,28.0,11.0,17.0,12.0,34.0,15.0,73.0,46.0,54.0,84.0,33.0,102.0,34.0,3.0,52.0,28.0,80.0,25.0,3.0,32.0,11.0,9.0,188.0,3.0,2.0,22.0,18.0,43.0,5.0,48.0,2.0,15.0,12.0,3.0,21.0,3.0,14.0,11.0,,7.0,32.0,11.0,16.0,37.0,5.0,38.0,,5.0,42.0,3.0,17.0,2.0,,2.0,2.0,,71.0,256.0,0.46,0.46,0.717948717948718,0.3362068965517241,0.4444444444444444,0.3529411764705882,0.3391304347826087,0.5208333333333334,0.5,0.6470588235294118,0.5117924528301887,0.6363636363636364,0.5686274509803921,0.5411255411255411,0.6363636363636364,0.6083333333333333,0.5471698113207547,0.03125,0.05,0.0227272727272727,22.633390705679865,0.65625,0.072289156626506,0.009009009009009,0.088,0.0131578947368421,0.0801603206412825,0.0111111111111111,0.0135135135135135,0.009090909090909,0.0109289617486338,0.0714285714285714,0.078125,0.054054054054054,0.081081081081081,0.1076923076923077,0.017391304347826,,0.1886792452830188,0.6,0.631578947368421,0.7083333333333334,0.2075471698113207,0.5,0.5116279069767442,0.2727272727272727,0.0566037735849056,0.3333333333333333,0.3333333333333333,,0.0613207547169811,0.4858490566037736,0.3300970873786408,0.3300970873786408,0.6764705882352942,0.1363636363636363,0.8181818181818182,0.4444444444444444,0.75,0.1176470588235294,0.8333333333333334,0.1176470588235294,0.5490196078431373,0.3214285714285714,0.7358490566037735,0.3333333333333333,0.5298789099526068,0.5504153846153846,0.511828,0.0752212389380531,0.1545454545454545,0.1115537848605577,0.2908366533864542,7.173958333333331,26.293103448275865,0.2512030798845043,2.0,5.0,,,3.0,,,,3.0,1.0,1.0,,1.0,5.0,,2.0,4.0,0.1666666666666666,,,0.0222222222222222,0.3846153846153846,0.4166666666666667,1.0,0.6666666666666666,1.0,,,,0.5,1.0,1.0,1.0,,,,,,,0.0086206896551724,,,1.0,,,1.0,,1.0,,False,1.0,0.0769230769230769,
1629060,1610612747,Rui Hachimura,Rui Hachimura,1629060,LAL,57193.0,953,134.0,1950,1947,341.0,267.0,186,3897,64.0,92.0,19.0,13.0,19.0,22.0,59.0,15.0,31.0,47.0,6.0,30.0,78.0,3.0,10.0,5.0,12.0,101.0,182.0,48.0,125.0,47.0,393.0,2175,12.0,28.0,5.0,14.0,43.0,16.0,27.0,6.0,18.0,5.0,55.0,162.0,40.0,138.0,6.0,78.0,30.0,21.0,18.0,31.0,49.0,25.0,6.0,13.0,4.0,1.0,129.0,30.0,19.0,58.0,41.0,108.0,51.0,159.0,6.0,24.0,17.0,7.0,17.0,2.0,6.0,4.0,,11.0,21.0,3.0,21.0,50.0,1.0,46.0,1.0,2.0,61.0,5.0,32.0,14.0,8.0,6.0,14.0,13.0,55.0,332.0,0.801980198019802,0.8709677419354839,0.9583333333333334,0.384,0.3571428571428571,0.3333333333333333,0.384,0.554945054945055,0.4285714285714285,0.5925925925925926,0.5635179153094463,0.4642857142857143,0.5555555555555556,0.5865671641791045,0.4886363636363636,0.5612244897959183,0.4071661237785016,0.1153846153846153,0.0760869565217391,0.2372881355932203,16.397973284200827,0.8095238095238095,0.088937093275488,0.0440835266821345,0.1130604288499025,0.0697674418604651,0.1016427104722792,0.056910569105691,0.0526315789473684,0.0363636363636363,0.0764705882352941,0.0797546012269938,0.085972850678733,0.1168831168831168,0.1160949868073878,0.1044776119402985,0.0441176470588235,0.9285714285714286,0.2996742671009772,0.6956521739130435,0.7529411764705882,0.796875,0.1921824104234527,0.3728813559322034,0.4888888888888889,0.9090909090909092,0.1009771986970684,0.4838709677419355,0.4838709677419355,0.6666666666666666,0.1530944625407166,0.254071661237785,0.3846153846153846,0.3846153846153846,0.9666666666666668,0.4523809523809524,0.238095238095238,0.3,0.6666666666666666,0.4222222222222222,0.6842105263157895,0.1333333333333333,0.2666666666666666,0.4166666666666667,0.7068403908794788,0.3846153846153846,0.550154397394137,0.552840625,0.57851,0.0958083832335329,0.1531100478468899,0.1094147582697201,0.1399491094147582,6.186813186813188,25.0344,0.1748717948717948,9.0,18.0,2.0,4.0,1.0,4.0,16.0,2.0,9.0,,1.0,8.0,,1.0,1.0,6.0,,0.28125,0.048780487804878,0.0512820512820512,0.0444444444444444,0.3829787234042553,0.3829787234042553,0.9444444444444444,0.4736842105263157,0.1111111111111111,0.0952380952380952,0.5,0.5,0.1666666666666666,,,1.0,,,,,,,,,,,,,,,,2.0,False,,,
1629216,1610612747,Gabe Vincent,Gabe Vincent,1629216,LAL,50887.0,848,59.0,1745,1727,486.0,426.0,173,3472,19.0,30.0,1.0,5.0,8.0,10.0,22.0,5.0,13.0,67.0,17.0,34.0,98.0,1.0,8.0,10.0,26.0,34.0,65.0,61.0,165.0,7.0,258.0,1926,2.0,2.0,3.0,12.0,13.0,6.0,14.0,16.0,43.0,6.0,66.0,36.0,32.0,159.0,24.0,95.0,34.0,5.0,29.0,24.0,53.0,11.0,13.0,20.0,6.0,3.0,130.0,4.0,5.0,21.0,17.0,39.0,9.0,48.0,1.0,30.0,17.0,13.0,8.0,6.0,8.0,10.0,,,18.0,6.0,49.0,82.0,4.0,27.0,7.0,4.0,10.0,,2.0,8.0,1.0,7.0,8.0,4.0,64.0,480.0,0.5294117647058824,0.5454545454545454,0.8688524590163934,0.3696969696969697,0.25,0.3720930232558139,0.3765432098765432,0.5230769230769231,1.0,0.4285714285714285,0.5456521739130434,0.4642857142857143,0.5263157894736842,0.548936170212766,0.4642857142857143,0.55,0.717391304347826,0.0769230769230769,0.0333333333333333,0.1363636363636363,13.001027749229188,0.4444444444444444,0.0426065162907268,0.0135869565217391,0.0498812351543943,0.009501187648456,0.0463414634146341,0.0114068441064638,0.0186915887850467,0.010752688172043,0.0124610591900311,0.0491803278688524,0.0338164251207729,0.0571428571428571,0.0403726708074534,0.0808080808080808,0.008130081300813,0.5,0.1304347826086956,0.6333333333333333,0.6551724137931034,0.631578947368421,0.0956521739130434,0.4545454545454545,0.5263157894736842,0.4,0.0565217391304347,0.3846153846153846,0.4166666666666667,0.4,0.2913043478260869,0.4260869565217391,0.3469387755102041,0.3469387755102041,0.7647058823529411,0.0714285714285714,0.5714285714285714,0.125,1.0,0.1403508771929824,0.625,0.2982456140350877,0.4561403508771929,0.3846153846153846,0.8478260869565217,0.3578947368421052,0.5405370044052864,0.52789,0.53454,0.0086206896551724,0.0298507462686567,0.0503875968992248,0.2558139534883721,7.3307692307692305,25.53515151515153,0.2785100286532951,1.0,27.0,2.0,4.0,6.0,,2.0,,1.0,,,2.0,1.0,3.0,,6.0,2.0,0.027027027027027,,0.0133333333333333,,0.4029850746268656,0.4090909090909091,1.0,1.0,,0.2857142857142857,0.5,1.0,0.3529411764705882,3.0,1.0,1.0,,,,,,,0.006060606060606,,,,,0.0769230769230769,,,,,False,,0.0149253731343283,
1629629,1610612747,Cam Reddish,Cam Reddish,1629629,LAL,24357.0,406,-41.0,819,827,190.0,102.0,80,1646,14.0,19.0,,5.0,8.0,3.0,10.0,,2.0,17.0,3.0,4.0,16.0,,2.0,1.0,3.0,17.0,31.0,10.0,33.0,9.0,73.0,970,1.0,2.0,,5.0,2.0,5.0,10.0,2.0,6.0,3.0,19.0,16.0,18.0,30.0,,16.0,4.0,3.0,8.0,8.0,16.0,6.0,2.0,8.0,,,40.0,3.0,6.0,13.0,18.0,33.0,9.0,42.0,1.0,22.0,10.0,12.0,4.0,,3.0,3.0,1.0,1.0,7.0,2.0,20.0,32.0,1.0,16.0,,1.0,17.0,3.0,9.0,7.0,1.0,6.0,7.0,3.0,19.0,190.0,0.4705882352941176,0.5,1.0,0.303030303030303,,0.3333333333333333,0.303030303030303,0.5483870967741935,0.5,0.5,0.5,0.1428571428571428,0.5,0.5140845070422535,0.1428571428571428,0.5,0.515625,0.0967741935483871,0.1052631578947368,0.1,8.61878453038674,0.5714285714285714,0.0918367346938775,0.0324324324324324,0.0677083333333333,0.0169491525423728,0.0798969072164948,0.0248618784530386,,0.0224719101123595,0.0220588235294117,0.0833333333333333,0.1145833333333333,0.0357142857142857,0.0764331210191082,0.0285714285714285,0.0303030303030303,0.4285714285714285,0.296875,0.7368421052631579,0.8235294117647058,0.5,0.15625,0.3,0.3333333333333333,0.3333333333333333,0.03125,,,,0.265625,0.25,0.25,0.25,1.0,,0.2857142857142857,,,0.5,0.625,0.1875,0.1875,0.3333333333333333,0.8125,0.25,0.5740563492063493,0.5153500000000001,0.59775,0.1285714285714285,0.2432432432432432,0.0273972602739726,0.2602739726027397,4.558064516129033,24.809090909090912,0.231990231990232,,6.0,,3.0,1.0,,2.0,,2.0,,,,1.0,1.0,,1.0,1.0,0.0952380952380952,,0.0975609756097561,,0.3529411764705882,0.3529411764705882,1.0,,,0.4285714285714285,,,0.3333333333333333,,,,,,,,,,,,,,,,1.0,,,,False,,,
1631132,1610612747,Christian Koloko,Christian Koloko,1631132,LAL,12065.0,201,5.0,413,409,120.0,110.0,55,822,23.0,32.0,8.0,7.0,11.0,2.0,7.0,,1.0,2.0,,,,,,,,25.0,40.0,,2.0,8.0,58.0,433,7.0,11.0,,1.0,17.0,7.0,11.0,,,5.0,19.0,40.0,10.0,,,,,5.0,5.0,5.0,10.0,4.0,1.0,3.0,1.0,1.0,25.0,9.0,14.0,14.0,16.0,32.0,23.0,55.0,,6.0,3.0,3.0,3.0,1.0,,6.0,1.0,3.0,9.0,1.0,21.0,25.0,,17.0,,1.0,10.0,,4.0,8.0,4.0,4.0,8.0,3.0,19.0,120.0,0.8,1.0,,,,,,0.625,0.6363636363636364,0.6363636363636364,0.5952380952380952,0.5833333333333334,0.6363636363636364,0.6170212765957447,0.6071428571428571,0.6785714285714286,0.0476190476190476,0.125,0.125,0.1428571428571428,11.8895966029724,0.3333333333333333,0.1632653061224489,0.1296296296296296,0.1590909090909091,0.09,0.1612903225806451,0.110576923076923,0.1081081081081081,0.1666666666666666,0.0714285714285714,0.2727272727272727,0.1020408163265306,0.125,0.1971830985915492,,,0.375,0.7619047619047619,0.71875,0.8214285714285714,0.8260869565217391,0.1666666666666666,0.2857142857142857,0.3333333333333333,0.5,0.0238095238095238,,,,0.0476190476190476,,,,,0.6666666666666666,,,,1.0,0.6363636363636364,,,,0.8095238095238095,,0.6162345238095237,0.5568777777777778,0.7143,0.0869565217391304,0.0909090909090909,0.293103448275862,0.3275862068965517,2.9925,23.450000000000003,0.2905569007263922,6.0,,,1.0,,3.0,10.0,,2.0,,,2.0,6.0,1.0,,1.0,1.0,0.2,,0.0869565217391304,0.1333333333333333,,,,0.75,0.3333333333333333,0.0833333333333333,,,,,,3.0,,,,,,,,,,,,,,3.0,,,False,,,
203076,1610612747,Anthony Davis,Anthony Davis,203076,LAL,38292.0,638,-18.0,1306,1296,338.0,216.0,122,2602,93.0,129.0,39.0,24.0,34.0,42.0,99.0,19.0,45.0,2.0,1.0,14.0,43.0,,2.0,8.0,15.0,154.0,273.0,14.0,45.0,123.0,473.0,1532,25.0,47.0,,2.0,53.0,42.0,68.0,8.0,16.0,48.0,156.0,204.0,104.0,42.0,,43.0,14.0,18.0,40.0,21.0,61.0,18.0,3.0,27.0,8.0,5.0,143.0,17.0,30.0,71.0,85.0,162.0,47.0,209.0,3.0,27.0,19.0,8.0,26.0,4.0,13.0,15.0,3.0,13.0,41.0,12.0,24.0,38.0,5.0,111.0,1.0,,160.0,15.0,64.0,34.0,14.0,18.0,37.0,23.0,151.0,331.0,0.6623376623376623,0.7338129496402878,1.0,0.3111111111111111,,0.5,0.3111111111111111,0.5641025641025641,0.5319148936170213,0.6176470588235294,0.550314465408805,0.5102040816326531,0.6428571428571429,0.6064102564102564,0.5,0.6782608695652174,0.1415094339622641,0.0659340659340659,0.0620155038759689,0.0808080808080808,29.72972972972973,0.6341463414634146,0.2786885245901639,0.0986842105263157,0.2198142414860681,0.068825910931174,0.2484076433121019,0.0852994555353902,0.1372549019607843,0.0921985815602836,0.0808080808080808,0.3043478260869565,0.2463768115942029,0.3076923076923077,0.2186234817813765,0.2236842105263158,0.0234375,0.6216216216216216,0.4056603773584906,0.7209302325581395,0.768595041322314,0.6344086021505376,0.3113207547169811,0.4242424242424242,0.4615384615384615,0.6428571428571429,0.1415094339622641,0.4222222222222222,0.4418604651162791,0.8421052631578947,0.0062893081761006,0.1352201257861635,0.3255813953488372,0.3255813953488372,1.0,0.7959183673469388,0.0408163265306122,,,0.4047619047619047,0.7058823529411765,0.0119047619047619,0.1785714285714285,0.5333333333333333,0.5471698113207547,0.3255813953488372,0.5345580188679244,0.5683060606060606,0.5417142857142856,0.1766304347826087,0.1987577639751552,0.1120507399577167,0.3298097251585624,6.61978021978022,26.13555555555556,0.2588055130168453,23.0,,,,,3.0,30.0,,6.0,,1.0,5.0,4.0,22.0,,3.0,15.0,0.25,,0.0491803278688524,0.0204081632653061,,,,0.5897435897435898,0.1304347826086956,,,,,,,3.0,,1.0,3.0,1.0,2.0,2.0,,,0.0217391304347826,2.0,,0.0444444444444444,,,,,False,,,1.0
2544,1610612747,LeBron James,LeBron James,2544,LAL,82291.0,1372,-12.0,2784,2772,569.0,524.0,275,5556,159.0,212.0,20.0,31.0,40.0,92.0,201.0,39.0,92.0,22.0,3.0,80.0,206.0,6.0,20.0,22.0,45.0,290.0,505.0,87.0,228.0,155.0,996.0,3208,25.0,44.0,8.0,25.0,78.0,49.0,81.0,23.0,48.0,36.0,203.0,214.0,366.0,168.0,93.0,206.0,80.0,35.0,212.0,113.0,325.0,76.0,37.0,150.0,52.0,10.0,763.0,18.0,20.0,156.0,128.0,302.0,38.0,340.0,16.0,32.0,25.0,7.0,93.0,34.0,71.0,59.0,8.0,22.0,152.0,30.0,23.0,58.0,8.0,159.0,3.0,2.0,195.0,20.0,93.0,28.0,14.0,13.0,28.0,14.0,196.0,557.0,0.3689655172413793,0.3835125448028674,0.6436781609195402,0.3815789473684211,0.32,0.4791666666666667,0.3815789473684211,0.5742574257425742,0.5681818181818182,0.6049382716049383,0.5736698499317872,0.5362318840579711,0.6472868217054264,0.6063569682151589,0.5492957746478874,0.6721854304635762,0.311050477489768,0.0693069306930693,0.080188679245283,0.0895522388059701,31.16966580976864,0.6118421052631579,0.1975308641975308,0.0347826086956521,0.2215909090909091,0.0272314674735249,0.2100591715976331,0.0307443365695792,0.0582010582010582,0.0289855072463768,0.0238568588469184,0.1724137931034483,0.1935483870967742,0.2641509433962264,0.2392523364485981,0.165680473372781,0.0504731861198738,0.5,0.2892223738062756,0.75,0.8153846153846154,0.4654088050314465,0.2742155525238745,0.4577114427860697,0.5027322404371585,0.2826086956521739,0.1255115961800818,0.4239130434782608,0.4239130434782608,0.1794871794871795,0.0300136425648021,0.2810368349249659,0.3883495145631068,0.3883495145631068,0.6125,0.2898550724637681,0.2898550724637681,0.3,0.8333333333333334,0.3100775193798449,0.775,0.0232558139534883,0.3488372093023256,0.4888888888888889,0.6002728512960437,0.3883495145631068,0.5179591405184173,0.515403488372093,0.5085465116279069,0.1164807930607187,0.1608996539792387,0.0783132530120482,0.2038152610441767,7.384356435643563,26.528508771929808,0.2043821839080459,13.0,7.0,2.0,5.0,1.0,4.0,22.0,,18.0,1.0,4.0,8.0,9.0,11.0,1.0,2.0,7.0,0.3050847457627119,,0.009090909090909,0.0379746835443038,0.3181818181818182,0.3181818181818182,1.0,0.65,0.1538461538461538,0.072463768115942,0.4,1.0,0.3333333333333333,,,7.0,,1.0,,,,1.0,,,0.0043668122270742,4.0,,,2.0,,1.0,,False,,,
1629637,1610612747,Jaxson Hayes,Jaxson Hayes,1629637,LAL,36867.0,614,137.0,1245,1238,209.0,224.0,121,2483,82.0,98.0,11.0,10.0,12.0,9.0,25.0,,,,,,1.0,,,,1.0,91.0,123.0,,1.0,35.0,217.0,1325,11.0,15.0,,,28.0,10.0,13.0,,1.0,17.0,37.0,168.0,14.0,,,1.0,,5.0,13.0,23.0,36.0,18.0,5.0,6.0,6.0,1.0,95.0,25.0,16.0,46.0,48.0,99.0,42.0,141.0,2.0,17.0,11.0,6.0,8.0,2.0,6.0,10.0,,2.0,18.0,2.0,50.0,74.0,8.0,62.0,,3.0,55.0,7.0,24.0,34.0,20.0,14.0,35.0,16.0,37.0,209.0,0.9230769230769232,0.9882352941176472,,,,,,0.7398373983739838,0.7333333333333333,0.7692307692307693,0.7338709677419355,0.7333333333333333,0.7142857142857143,0.7331081081081081,0.7368421052631579,0.7708333333333334,0.0080645161290322,0.040650406504065,0.0204081632653061,0.12,11.92528735632184,0.4444444444444444,0.147239263803681,0.0701754385964912,0.1474358974358974,0.0778816199376947,0.1473354231974921,0.0746812386156648,0.0704225352112676,0.0869565217391304,0.0826771653543307,0.1296296296296296,0.1614906832298136,0.1403508771929824,0.1478260869565217,0.1463414634146341,0.08,0.4571428571428571,0.7903225806451613,0.8367346938775511,0.8541666666666666,0.9146341463414634,0.2016129032258064,0.36,0.4090909090909091,1.0,,,,,,0.0080645161290322,,,,0.7333333333333333,,,,0.8571428571428571,0.8333333333333334,,0.0714285714285714,,0.7983870967741935,,0.6214354838709676,0.6184,0.6524642857142856,0.1702127659574468,0.1714285714285714,0.1290322580645161,0.1705069124423963,2.7878048780487807,29.4,0.1678714859437751,10.0,,,,,6.0,12.0,1.0,5.0,,,8.0,13.0,7.0,1.0,1.0,7.0,0.238095238095238,0.04,0.0238095238095238,0.0597014925373134,,,,0.9090909090909092,0.4,,,,,,,4.0,,,1.0,,1.0,,,,,,,,,,2.0,,False,,,
1630559,1610612747,Austin Reaves,Austin Reaves,1630559,LAL,76337.0,1272,91.0,2609,2601,524.0,467.0,252,5210,73.0,103.0,9.0,13.0,18.0,50.0,116.0,11.0,28.0,29.0,6.0,90.0,250.0,4.0,16.0,13.0,50.0,134.0,247.0,106.0,279.0,177.0,763.0,2993,8.0,15.0,7.0,21.0,43.0,28.0,52.0,17.0,56.0,52.0,159.0,134.0,134.0,225.0,93.0,247.0,90.0,23.0,138.0,70.0,208.0,44.0,26.0,94.0,31.0,13.0,486.0,14.0,13.0,77.0,47.0,126.0,28.0,154.0,8.0,38.0,28.0,10.0,72.0,5.0,52.0,21.0,4.0,20.0,93.0,18.0,47.0,83.0,2.0,171.0,9.0,10.0,206.0,20.0,80.0,14.0,3.0,11.0,17.0,8.0,155.0,511.0,0.5,0.5075757575757576,0.7075471698113207,0.3799283154121863,0.3333333333333333,0.3035714285714285,0.3840579710144927,0.5425101214574899,0.5333333333333333,0.5384615384615384,0.5570342205323194,0.5138888888888888,0.4953703703703703,0.6174055829228243,0.5512820512820513,0.5916030534351145,0.5304182509505704,0.0931174089068826,0.0388349514563106,0.146551724137931,24.08809359944941,0.7741935483870968,0.0779436152570481,0.0236363636363636,0.1180981595092024,0.0232558139534883,0.098804780876494,0.0234375,0.0157894736842105,0.027027027027027,0.0235546038543897,0.0676328502415458,0.0747330960854092,0.1043478260869565,0.1182572614107883,0.1176470588235294,0.0316205533596837,0.4705882352941176,0.1958174904942966,0.7087378640776699,0.7373737373737373,0.5068493150684932,0.2205323193916349,0.4310344827586206,0.5050505050505051,0.48,0.053231939163498,0.3928571428571428,0.4230769230769231,0.5454545454545454,0.0551330798479087,0.4752851711026616,0.36,0.3629032258064516,0.6555555555555556,0.25,0.4444444444444444,0.25,0.75,0.1666666666666666,0.7222222222222222,0.0555555555555555,0.4629629629629629,0.26,0.7262357414448669,0.3643724696356275,0.5282388145315485,0.5431592592592592,0.5083514285714287,0.1503378378378378,0.260586319218241,0.0563564875491481,0.2083879423328964,6.682995951417004,26.88888888888889,0.2008432349559218,6.0,16.0,3.0,5.0,4.0,6.0,4.0,1.0,2.0,2.0,3.0,7.0,2.0,17.0,,8.0,13.0,0.0298507462686567,0.015625,0.0297029702970297,0.0222222222222222,0.5517241379310345,0.5517241379310345,1.0,0.6666666666666666,0.5,0.1388888888888889,0.6,1.0,0.6666666666666666,3.0,2.0,5.0,3.0,9.0,3.0,2.0,1.0,,0.007168458781362,0.008,0.031578947368421,13.0,,0.0714285714285714,2.0,,,,False,,,1.0
1642261,1610612747,Dalton Knecht,Dalton Knecht,1642261,LAL,55682.0,928,9.0,1860,1851,416.0,374.0,193,3711,52.0,66.0,9.0,11.0,15.0,20.0,45.0,10.0,17.0,62.0,8.0,49.0,148.0,6.0,13.0,10.0,33.0,82.0,128.0,74.0,210.0,29.0,415.0,2148,11.0,16.0,8.0,20.0,49.0,15.0,26.0,15.0,41.0,6.0,81.0,122.0,42.0,204.0,18.0,147.0,49.0,13.0,20.0,18.0,38.0,13.0,5.0,13.0,6.0,1.0,94.0,13.0,7.0,67.0,31.0,104.0,20.0,124.0,4.0,16.0,15.0,1.0,14.0,2.0,10.0,8.0,2.0,4.0,22.0,4.0,45.0,67.0,3.0,32.0,,1.0,42.0,1.0,13.0,4.0,3.0,1.0,5.0,1.0,81.0,412.0,0.7439024390243902,0.782051282051282,0.918918918918919,0.3523809523809524,0.4,0.3658536585365853,0.354066985645933,0.640625,0.6875,0.5769230769230769,0.5710059171597633,0.6388888888888888,0.5597014925373134,0.5819209039548022,0.6486486486486487,0.5785714285714286,0.621301775147929,0.1015625,0.0909090909090909,0.1555555555555555,18.03357314148681,0.6363636363636364,0.0731132075471698,0.017156862745098,0.1447084233261339,0.0308056872037914,0.1104847801578354,0.0240963855421686,0.0218978102189781,0.0153061224489795,0.0340557275541795,0.0434782608695652,0.0784313725490196,0.1097560975609756,0.151603498542274,0.125,0.0245398773006134,0.2,0.1952662721893491,0.7878787878787878,0.8666666666666667,0.7884615384615384,0.1331360946745562,0.4444444444444444,0.5263157894736842,0.7,0.0502958579881656,0.5882352941176471,0.5882352941176471,0.6,0.1834319526627219,0.4378698224852071,0.3310810810810811,0.3333333333333333,0.8775510204081632,0.25,0.3611111111111111,0.4615384615384615,1.0,0.2238805970149253,0.7333333333333333,0.1194029850746268,0.4925373134328358,0.303030303030303,0.8165680473372781,0.3333333333333333,0.5502482195845697,0.5641875,0.5359643939393939,0.0453257790368272,0.0928571428571428,0.1180722891566265,0.1951807228915662,6.082031250000001,25.601428571428578,0.2236559139784946,6.0,25.0,2.0,7.0,5.0,3.0,8.0,,6.0,,,4.0,3.0,1.0,,4.0,1.0,0.1395348837209302,,0.0133333333333333,0.0202020202020202,0.4032258064516129,0.4098360655737705,1.0,0.6666666666666666,0.3333333333333333,0.1944444444444444,0.2857142857142857,1.0,0.625,1.0,2.0,1.0,,3.0,1.0,1.0,,,0.0095238095238095,0.0067567567567567,0.0140845070422535,4.0,,,1.0,,,,False,,0.0161290322580645,
1642355,1610612747,Bronny James,Bronny James,1642355,LAL,3944.0,66,-5.0,134,137,61.0,62.0,16,271,2.0,4.0,1.0,1.0,2.0,1.0,5.0,,2.0,5.0,3.0,2.0,10.0,,,2.0,4.0,3.0,11.0,4.0,15.0,3.0,21.0,144,,1.0,,,3.0,2.0,4.0,3.0,7.0,1.0,14.0,,6.0,9.0,3.0,10.0,2.0,2.0,2.0,1.0,3.0,1.0,,2.0,,,7.0,2.0,1.0,4.0,2.0,6.0,3.0,9.0,,2.0,1.0,1.0,2.0,1.0,2.0,3.0,2.0,,5.0,4.0,2.0,2.0,,3.0,,,6.0,,3.0,2.0,2.0,,2.0,1.0,14.0,61.0,,,0.75,0.2666666666666666,,0.4285714285714285,0.2666666666666666,0.2727272727272727,,0.5,0.3461538461538461,,0.5909090909090909,0.3620689655172414,0.375,0.5833333333333334,0.5769230769230769,0.1818181818181818,0.25,0.2,22.36842105263158,0.4,0.0588235294117647,0.0333333333333333,0.1081081081081081,0.0588235294117647,0.0845070422535211,0.046875,0.0909090909090909,,0.037037037037037,,0.1818181818181818,,0.0769230769230769,0.1818181818181818,,0.5,0.1538461538461538,0.5,0.6666666666666666,,0.1923076923076923,0.2,0.25,,0.0769230769230769,,,,0.1923076923076923,0.3846153846153846,0.2,0.2,0.5,1.0,,,,0.1818181818181818,0.5,0.2727272727272727,0.3636363636363636,0.5,0.7307692307692307,0.2,0.5057865384615384,,0.5099181818181818,0.1034482758620689,0.2142857142857142,0.1428571428571428,0.6666666666666666,7.409090909090909,25.75333333333333,0.4552238805970149,,2.0,,,1.0,3.0,,,,,,,,,1.0,,,,,,0.1428571428571428,0.4,0.4,1.0,,,,,,0.3333333333333333,,,,,,,,,,,,,,,,,,,,False,,,
1642422,1610612747,Armel Traoré,Armel Traoré,1642422,LAL,1552.0,26,-31.0,55,53,26.0,12.0,7,108,4.0,7.0,1.0,1.0,3.0,,1.0,,,2.0,,,,,,,,4.0,8.0,,2.0,1.0,9.0,75,1.0,1.0,,,2.0,1.0,4.0,,,1.0,3.0,6.0,2.0,,,,,1.0,,,,,,,,,,,1.0,3.0,2.0,5.0,2.0,7.0,1.0,,,,1.0,,,,,1.0,1.0,1.0,,1.0,,1.0,,,2.0,,,,,,,,3.0,26.0,0.75,1.0,,,,,,0.5,1.0,0.25,0.4,1.0,0.25,0.4090909090909091,1.0,0.3,0.2,0.125,0.1428571428571428,,19.35483870967742,1.0,0.2222222222222222,0.0714285714285714,0.2727272727272727,,0.25,0.0416666666666666,0.2,,,,0.3333333333333333,0.5,0.3333333333333333,,0.2,,0.7,0.5714285714285714,0.6666666666666666,0.75,0.1,,,,,,,,0.2,,,,,1.0,,,,0.75,0.3333333333333333,,,,0.9,,0.670555,0.4515,0.699225,,,0.2222222222222222,0.3333333333333333,2.5,23.05,0.4727272727272727,1.0,,,,,,2.0,1.0,,,,,,1.0,,,1.0,,0.25,,,,,,1.0,,,,,,,,1.0,,,,,,,,,,,,,,,,,False,,,
1642439,1610612747,Quincy Olivari,Quincy Olivari,1642439,LAL,618.0,10,-18.0,22,20,1.0,10.0,4,42,,,,,,,,,,1.0,,1.0,4.0,,,,,,,1.0,5.0,,3.0,33,,,,,,,,,,,,,,3.0,,4.0,1.0,,1.0,,1.0,,,1.0,,,2.0,,,,,,,,,,,,,1.0,,1.0,,,1.0,,,,,1.0,,,,,,,,,,,,1.0,,,1.0,0.2,,,0.2,,,,0.3,,,0.3,,,1.0,,,,23.07692307692308,,,,,,,,,,,,,,,,,,,,,,,,,,,,,,0.2,0.8,0.25,0.25,1.0,,,,,,,,,,1.0,0.25,0.52974,,,,,,,,25.9,0.0454545454545454,,,,,,,,,,,,,,,,,,,,,,,,,,,,,,,,,,,,,,,,,,,,,,,,,,False,,,
1627827,1610612747,Dorian Finney-Smith,Dorian Finney-Smith,1627827,LAL,39066.0,651,117.0,1302,1298,274.0,272.0,143,2600,18.0,30.0,14.0,5.0,8.0,7.0,13.0,,,39.0,13.0,18.0,56.0,2.0,5.0,2.0,9.0,25.0,43.0,30.0,95.0,7.0,147.0,1439,9.0,18.0,4.0,7.0,30.0,9.0,12.0,6.0,22.0,5.0,41.0,34.0,16.0,90.0,,55.0,18.0,6.0,11.0,19.0,30.0,13.0,6.0,5.0,5.0,1.0,79.0,14.0,17.0,26.0,22.0,49.0,32.0,81.0,3.0,21.0,11.0,10.0,11.0,2.0,9.0,9.0,,2.0,20.0,,18.0,43.0,,10.0,,,10.0,,3.0,3.0,3.0,,4.0,2.0,41.0,268.0,0.68,0.85,1.0,0.3157894736842105,0.5714285714285714,0.2727272727272727,0.3191489361702128,0.5813953488372093,0.5,0.75,0.5072463768115942,0.6,0.5294117647058824,0.513986013986014,0.6,0.5540540540540541,0.6884057971014492,0.1395348837209302,0.1,0.2307692307692307,11.08843537414966,0.55,0.0696202531645569,0.0699588477366255,0.0773809523809523,0.0410557184750733,0.0736196319018405,0.0530821917808219,0.1232876712328767,0.0476190476190476,0.0386100386100386,0.0504201680672268,0.088235294117647,0.0655737704918032,0.0860655737704918,0.0543478260869565,0.0428571428571428,0.5,0.217391304347826,0.6,0.6666666666666666,0.6666666666666666,0.0942028985507246,0.5384615384615384,0.7,0.7142857142857143,,,,,0.2826086956521739,0.4057971014492754,0.3214285714285714,0.3396226415094339,1.0,0.56,0.2,0.4,1.0,0.2352941176470588,0.625,0.3823529411764705,0.2647058823529412,0.2222222222222222,0.9057971014492754,0.3272727272727272,0.5614281021897811,0.542086842105263,0.5715999999999999,0.0212765957446808,0.0652173913043478,0.2040816326530612,0.2789115646258503,3.346511627906977,25.19578947368421,0.2104454685099846,6.0,12.0,2.0,2.0,4.0,,10.0,1.0,1.0,3.0,4.0,5.0,1.0,2.0,,4.0,2.0,0.0344827586206896,0.0263157894736842,0.0454545454545454,0.048780487804878,0.3076923076923077,0.3243243243243243,1.0,0.4285714285714285,,0.08,1.0,1.0,0.3076923076923077,1.0,5.0,4.0,,,1.0,,1.0,,0.0526315789473684,0.0535714285714285,,,,,,,,,False,,0.0512820512820512,
1629003,1610612747,Shake Milton,Shake Milton,1629003,LAL,13805.0,230,9.0,469,465,175.0,154.0,62,934,12.0,16.0,5.0,3.0,6.0,9.0,17.0,1.0,4.0,14.0,6.0,2.0,11.0,1.0,3.0,,4.0,22.0,37.0,8.0,25.0,14.0,82.0,529,4.0,5.0,2.0,5.0,17.0,7.0,13.0,3.0,10.0,7.0,30.0,16.0,28.0,24.0,,11.0,2.0,1.0,16.0,10.0,26.0,6.0,4.0,12.0,4.0,,62.0,5.0,2.0,15.0,13.0,29.0,8.0,37.0,1.0,6.0,3.0,3.0,9.0,2.0,7.0,5.0,,2.0,14.0,6.0,7.0,11.0,,16.0,,,16.0,4.0,8.0,2.0,1.0,1.0,2.0,1.0,30.0,174.0,0.3636363636363636,0.4210526315789473,1.0,0.32,0.4,0.3,0.32,0.5945945945945946,0.8,0.5384615384615384,0.5483870967741935,0.7,0.5,0.6029411764705882,0.7727272727272727,0.5769230769230769,0.4032258064516129,0.027027027027027,0.0625,,15.413533834586463,0.6428571428571429,0.1092436974789916,0.018018018018018,0.1327433628318584,0.0490196078431372,0.1206896551724138,0.0328638497652582,,0.0317460317460317,0.04,0.0652173913043478,0.1764705882352941,0.0454545454545454,0.1,0.2121212121212121,0.0384615384615384,0.5,0.2580645161290322,0.75,0.8,0.4166666666666667,0.2741935483870967,0.5294117647058824,0.5294117647058824,0.3333333333333333,0.064516129032258,0.25,0.25,,0.2258064516129032,0.1774193548387097,0.1818181818181818,0.2,1.0,0.5,0.3,0.3333333333333333,1.0,0.2608695652173913,0.5,0.2608695652173913,0.1739130434782608,,0.6612903225806451,0.1818181818181818,0.5244177419354838,0.4225666666666667,0.5164065217391304,0.1212121212121212,0.1951219512195122,0.2073170731707317,0.3658536585365853,7.083783783783786,24.492000000000008,0.373134328358209,4.0,6.0,1.0,2.0,3.0,3.0,6.0,1.0,1.0,2.0,,,,2.0,,,2.0,0.0714285714285714,0.0714285714285714,,0.074074074074074,0.4285714285714285,0.5,1.0,0.8,,0.2,0.5,1.0,0.5,,3.0,4.0,,,,,,,0.12,0.0909090909090909,,,,,1.0,,,,False,,0.1428571428571428,
1629020,1610612747,Jarred Vanderbilt,Jarred Vanderbilt,1629020,LAL,20773.0,346,10.0,709,705,219.0,232.0,94,1414,24.0,35.0,18.0,9.0,11.0,2.0,7.0,,,22.0,5.0,,4.0,,,,3.0,26.0,42.0,9.0,26.0,11.0,90.0,815,12.0,19.0,1.0,3.0,30.0,10.0,14.0,1.0,8.0,3.0,26.0,32.0,20.0,27.0,,3.0,,5.0,18.0,11.0,29.0,6.0,5.0,13.0,2.0,3.0,69.0,19.0,15.0,43.0,23.0,73.0,37.0,110.0,5.0,19.0,11.0,8.0,8.0,1.0,5.0,5.0,,3.0,13.0,3.0,14.0,36.0,,24.0,,2.0,23.0,1.0,9.0,5.0,5.0,,6.0,4.0,26.0,219.0,0.6153846153846154,0.9411764705882352,1.0,0.3461538461538461,0.3333333333333333,0.125,0.36,0.6190476190476191,0.631578947368421,0.7142857142857143,0.5808823529411765,0.6136363636363636,0.5227272727272727,0.5769230769230769,0.6521739130434783,0.52,0.3823529411764705,0.119047619047619,0.0857142857142857,0.2857142857142857,11.070559610705596,0.6153846153846154,0.1755725190839694,0.0986842105263157,0.2182741116751269,0.1055555555555555,0.2012195121951219,0.1024096385542168,0.1272727272727272,0.0921052631578947,0.1044776119402985,0.1509433962264151,0.1454545454545454,0.3043478260869565,0.2312925170068027,0.18,0.1923076923076923,0.6666666666666666,0.5147058823529411,0.6857142857142857,0.75,0.5833333333333334,0.1029411764705882,0.2857142857142857,0.4,1.0,,,,,0.3235294117647059,0.0588235294117647,,,,0.8181818181818182,,,,0.5,0.8181818181818182,0.2272727272727272,0.1363636363636363,,0.8970588235294118,,0.6055253731343283,0.6167857142857143,0.6094452380952381,0.1184210526315789,0.18,0.3333333333333333,0.2888888888888888,2.1666666666666674,25.611538461538466,0.308885754583921,12.0,9.0,1.0,3.0,1.0,3.0,18.0,3.0,7.0,2.0,1.0,1.0,4.0,2.0,,8.0,2.0,0.3181818181818182,0.1304347826086956,0.0476190476190476,0.108695652173913,0.4090909090909091,0.4090909090909091,1.0,0.6666666666666666,0.1666666666666666,0.1363636363636363,0.3333333333333333,1.0,0.2,1.0,,1.0,,,1.0,1.0,,,,,,,,,1.0,,,1.0,False,,,1.0
1629029,1610612747,Luka Dončić,Luka Dončić,1629029,LAL,29062.0,484,80.0,992,985,236.0,230.0,110,1977,38.0,55.0,15.0,9.0,17.0,20.0,55.0,9.0,31.0,11.0,3.0,45.0,128.0,4.0,10.0,13.0,36.0,67.0,141.0,48.0,139.0,94.0,372.0,1079,11.0,22.0,6.0,16.0,46.0,16.0,37.0,13.0,39.0,34.0,105.0,44.0,90.0,63.0,81.0,127.0,45.0,9.0,65.0,42.0,107.0,22.0,20.0,52.0,12.0,1.0,256.0,10.0,4.0,48.0,54.0,109.0,14.0,123.0,4.0,26.0,21.0,5.0,45.0,8.0,29.0,15.0,4.0,16.0,60.0,10.0,19.0,38.0,,84.0,,4.0,121.0,12.0,55.0,5.0,2.0,3.0,6.0,4.0,105.0,235.0,0.3283582089552239,0.34375,0.4375,0.3453237410071942,0.375,0.3333333333333333,0.3478260869565217,0.475177304964539,0.5,0.4324324324324324,0.4964285714285714,0.5263157894736842,0.4671052631578947,0.5585585585585585,0.5476190476190477,0.5585106382978723,0.4964285714285714,0.0638297872340425,0.109090909090909,0.0363636363636363,34.99554764024933,0.75,0.2317596566523605,0.0213903743315508,0.1839080459770115,0.0366300366300366,0.2064777327935222,0.0304347826086956,0.0303030303030303,0.0117647058823529,0.0353535353535353,0.189873417721519,0.2358490566037736,0.2916666666666667,0.1777777777777777,0.1975308641975308,0.0268456375838926,0.6666666666666666,0.1964285714285714,0.6909090909090909,0.7755102040816326,0.4210526315789473,0.1964285714285714,0.3636363636363636,0.3773584905660377,0.2,0.1107142857142857,0.2903225806451613,0.3,0.2222222222222222,0.0392857142857142,0.4571428571428571,0.3515625,0.3571428571428571,0.4222222222222222,0.3947368421052631,0.2631578947368421,0.4,0.75,0.2236842105263158,0.5294117647058824,0.0394736842105263,0.4736842105263157,0.3611111111111111,0.6928571428571428,0.3543307086614173,0.5207989130434781,0.5152178571428572,0.5157624999999999,0.1779141104294478,0.2989130434782608,0.1236559139784946,0.282258064516129,8.369503546099292,27.67266187050359,0.2379032258064516,11.0,3.0,2.0,6.0,,6.0,6.0,,7.0,1.0,,2.0,3.0,7.0,,1.0,7.0,0.3181818181818182,,0.0277777777777777,0.04,0.2727272727272727,0.2727272727272727,0.6666666666666666,0.7333333333333333,0.4545454545454545,0.1578947368421052,0.3333333333333333,1.0,,1.0,2.0,1.0,,3.0,1.0,1.0,,,0.014388489208633,0.015625,0.0211267605633802,,,0.032258064516129,1.0,,,,False,,,
1641998,1610612747,Trey Jemison III,Trey Jemison III,1641998,LAL,9620.0,160,25.0,324,320,120.0,102.0,33,644,18.0,24.0,5.0,10.0,12.0,3.0,10.0,,,,,,,,,,,21.0,34.0,,,3.0,45.0,366,4.0,7.0,,,8.0,12.0,15.0,,,3.0,27.0,34.0,8.0,,,,,3.0,,4.0,4.0,2.0,2.0,,,,12.0,5.0,7.0,13.0,11.0,27.0,12.0,39.0,,1.0,1.0,,3.0,,2.0,4.0,,1.0,7.0,1.0,21.0,34.0,1.0,5.0,,,8.0,,2.0,6.0,3.0,3.0,6.0,4.0,27.0,120.0,0.8095238095238095,0.9444444444444444,,,,,,0.6176470588235294,0.5714285714285714,0.8,0.6176470588235294,0.5714285714285714,0.8,0.5921052631578947,0.5714285714285714,0.7105263157894737,,0.088235294117647,0.0833333333333333,0.1,12.5,0.4285714285714285,0.1617647058823529,0.109375,0.1287128712871287,0.087719298245614,0.1420118343195266,0.0991735537190082,0.25,0.0344827586206896,0.1136363636363636,0.12,0.1724137931034483,0.2142857142857142,0.1267605633802817,0.1333333333333333,,0.6666666666666666,0.7058823529411765,0.75,0.8181818181818182,0.8333333333333334,0.2941176470588235,0.3,0.3333333333333333,0.6666666666666666,,,,,,,,,,0.7142857142857143,,,,0.8,0.8333333333333334,,,,0.7058823529411765,,0.5468294117647059,0.5135400000000001,0.5476266666666666,0.0555555555555555,0.0555555555555555,0.1777777777777777,0.6,3.858823529411764,,0.3703703703703703,3.0,,,,,,6.0,,3.0,1.0,,5.0,1.0,2.0,2.0,4.0,2.0,0.3333333333333333,,0.0666666666666666,,,,,0.6,,,,,,,,1.0,,,,,,,,,,,,,2.0,,2.0,,False,,,
1630692,1610612747,Jordan Goodwin,Jordan Goodwin,1630692,LAL,15751.0,263,-9.0,533,538,159.0,170.0,72,1071,7.0,15.0,6.0,1.0,3.0,9.0,15.0,4.0,7.0,11.0,2.0,7.0,21.0,,1.0,1.0,6.0,20.0,37.0,14.0,32.0,2.0,84.0,609,5.0,10.0,1.0,2.0,14.0,4.0,7.0,2.0,8.0,1.0,15.0,14.0,26.0,39.0,3.0,21.0,7.0,4.0,6.0,8.0,14.0,6.0,2.0,3.0,3.0,,36.0,12.0,8.0,17.0,15.0,33.0,21.0,54.0,1.0,13.0,6.0,7.0,4.0,3.0,2.0,6.0,1.0,2.0,10.0,2.0,20.0,24.0,1.0,5.0,,2.0,3.0,1.0,1.0,6.0,5.0,1.0,6.0,2.0,15.0,158.0,0.35,0.4375,0.9285714285714286,0.4375,0.5,0.25,0.4375,0.5405405405405406,0.5,0.5714285714285714,0.5942028985507246,0.5416666666666666,0.4666666666666667,0.6,0.5384615384615384,0.46875,0.463768115942029,0.1081081081081081,0.1333333333333333,0.1333333333333333,12.965964343598054,0.4,0.1401869158878504,0.0610687022900763,0.1180555555555555,0.0983606557377049,0.1274900398406374,0.0790513833992094,0.0888888888888888,0.0344827586206896,0.1022727272727272,0.1219512195121951,0.1063829787234042,0.2631578947368421,0.12,0.1136363636363636,0.0344827586206896,0.3333333333333333,0.217391304347826,0.4666666666666667,0.5384615384615384,0.1428571428571428,0.217391304347826,0.6,0.6923076923076923,0.5555555555555556,0.1014492753623188,0.5714285714285714,0.5714285714285714,0.25,0.1594202898550724,0.3043478260869565,0.3333333333333333,0.35,0.8571428571428571,0.5,0.0833333333333333,,,0.2,0.3333333333333333,0.1333333333333333,0.4,0.1666666666666666,0.6811594202898551,0.3333333333333333,0.5306659420289854,0.5284583333333334,0.5263866666666667,0.0144927536231884,0.027027027027027,0.1666666666666666,0.1785714285714285,7.23243243243243,24.83437499999999,0.298311444652908,2.0,7.0,1.0,1.0,1.0,1.0,8.0,1.0,1.0,,,,1.0,1.0,,,1.0,0.0588235294117647,0.0833333333333333,0.0714285714285714,0.088235294117647,0.6363636363636364,0.6363636363636364,1.0,0.3333333333333333,,0.0833333333333333,1.0,1.0,0.5,,1.0,1.0,,,,,,,0.03125,0.0476190476190476,,,,,,,,,False,,,
202693,1610612747,Markieff Morris,Markieff Morris,202693,LAL,3351.0,56,,118,117,28.0,62.0,10,235,,4.0,1.0,,4.0,2.0,6.0,,2.0,4.0,1.0,5.0,9.0,,1.0,1.0,2.0,2.0,12.0,5.0,13.0,3.0,22.0,142,,2.0,,1.0,,,6.0,1.0,3.0,2.0,5.0,,4.0,15.0,,9.0,5.0,1.0,6.0,2.0,8.0,2.0,,4.0,2.0,,18.0,,2.0,1.0,3.0,5.0,2.0,7.0,,,,,1.0,,,,,1.0,1.0,,4.0,8.0,,2.0,,,4.0,,2.0,,,,,,5.0,28.0,,,1.0,0.3846153846153846,,0.3333333333333333,0.3846153846153846,0.1666666666666666,,,0.38,,0.1666666666666666,0.4074074074074074,,0.25,0.52,0.0833333333333333,0.25,,21.705426356589147,1.0,0.1578947368421052,0.08,0.037037037037037,,0.0869565217391304,0.0384615384615384,0.1,0.1,,,0.2857142857142857,0.25,0.0476190476190476,,,,0.16,,,,0.24,0.3333333333333333,0.3333333333333333,,0.08,,,,0.16,0.36,0.5555555555555556,0.5555555555555556,1.0,0.3333333333333333,0.3333333333333333,,,0.4444444444444444,,0.1111111111111111,0.2222222222222222,0.5,0.68,0.5555555555555556,0.517816,0.5232,0.5334944444444445,0.074074074074074,0.1428571428571428,,0.2272727272727272,9.733333333333333,24.8,0.2372881355932203,,,,,,,,,1.0,,,,,,,3.0,,0.1666666666666666,,,,,,,,,,,,,,,,,,,,,,,,,,,,,,,,False,,,
203458,1610612747,Alex Len,Alex Len,203458,LAL,5075.0,85,-31.0,169,175,16.0,32.0,21,344,2.0,6.0,3.0,1.0,1.0,2.0,5.0,,,,,,,,,,,4.0,11.0,,,,8.0,226,1.0,3.0,,,2.0,2.0,2.0,,,,4.0,6.0,2.0,,,,,2.0,4.0,2.0,6.0,1.0,1.0,2.0,1.0,1.0,14.0,3.0,6.0,2.0,7.0,10.0,9.0,19.0,1.0,,,,1.0,,1.0,1.0,1.0,,2.0,,7.0,11.0,,,,,,,,2.0,2.0,,2.0,1.0,4.0,16.0,0.75,0.75,,,,,,0.3636363636363636,0.3333333333333333,1.0,0.3636363636363636,0.3333333333333333,1.0,0.3636363636363636,0.3333333333333333,1.0,,0.1818181818181818,0.3333333333333333,,6.770833333333334,0.5,0.2413793103448276,0.1578947368421052,0.0377358490566037,0.0625,0.1097560975609756,0.1046511627906976,0.1818181818181818,0.2,,0.125,0.3333333333333333,,0.0571428571428571,,0.2,0.5,0.5454545454545454,0.3333333333333333,0.5,1.0,0.4545454545454545,0.4,0.4,0.5,,,,,,,,,,1.0,,,,0.5,1.0,,,,0.5454545454545454,,0.5574,0.60835,0.5715,,,0.25,0.5,4.545454545454546,,0.0946745562130177,1.0,,,,,,,,1.0,,,3.0,,,,1.0,,0.2,,,0.2142857142857142,,,,0.3333333333333333,1.0,,,,,,,,,,,,,,,,,,,,,,,1.0,False,,,
1641721,1610612747,Maxwell Lewis,Maxwell Lewis,1641721,LAL,491.0,8,-15.0,18,16,11.0,5.0,4,34,,,,,,,,,1.0,,,,,,,,,,1.0,,,,,20,,,,,,,1.0,,,,,,,,,,,,,,,,,,,,,,,,,,,,,,,,,,,1.0,1.0,,1.0,,,,,,,,,,,,,,,,,11.0,,,,,,,,,,,,,,,,,,,,,9.090909090909092,,,,,,,,,,,,,,,,,,,,,,,,,,1.0,,,,,,,,,,,,,,,,,,,,0.3503,,0.3503,,,,,22.1,,0.6111111111111112,,,,,,,,,,,,,,,,,,,,,,,,,,,,,,,,,,,,,,,,,,,,,,,,,,False,,,
1628997,1610612742,Caleb Martin,Caleb Martin,1628997,DAL,3137.0,52,-3.0,111,109,28.0,28.0,4,220,4.0,8.0,1.0,2.0,4.0,,1.0,,2.0,,,,2.0,,,,,4.0,11.0,,2.0,3.0,11.0,135,1.0,1.0,,,2.0,2.0,4.0,,,,4.0,2.0,6.0,,,2.0,,1.0,1.0,5.0,6.0,3.0,2.0,1.0,,,17.0,,1.0,1.0,4.0,5.0,1.0,6.0,,1.0,1.0,,1.0,,,1.0,,1.0,2.0,1.0,3.0,3.0,,5.0,1.0,1.0,5.0,1.0,3.0,2.0,1.0,1.0,2.0,1.0,4.0,28.0,0.25,0.3333333333333333,,,,,,0.36363636363636365,1.0,0.5,0.3076923076923077,1.0,0.5,0.36666666666666664,1.0,0.5,0.15384615384615385,0.09090909090909091,0.125,,14.285714285714286,0.5,0.14814814814814814,0.030303030303030304,0.05555555555555555,,0.1111111111111111,0.02,,,,,0.2222222222222222,,0.06666666666666667,,,0.5,0.6153846153846154,0.5,0.5714285714285714,0.25,0.07692307692307693,,,,0.15384615384615385,,,,,0.15384615384615385,,,,1.0,,,,1.0,0.5,,,,0.7692307692307693,,0.6108923076923076,0.6789,0.663375,0.2,0.23076923076923078,0.18181818181818182,0.36363636363636365,5.163636363636363,25.95,0.25225225225225223,1.0,,,,,,2.0,,,,,,,,,,,,,0.3333333333333333,,,,,1.0,,,,,,,,,,,,,,,,,,,,,,,,,True,,,
1630230,1610612742,Naji Marshall,Naji Marshall,1630230,DAL,25256.0,421,-58.0,881,892,190.0,167.0,80,1773,33.0,45.0,10.0,9.0,13.0,30.0,64.0,6.0,8.0,24.0,5.0,6.0,36.0,,1.0,,7.0,69.0,117.0,12.0,60.0,39.0,213.0,1077,8.0,13.0,,4.0,21.0,17.0,26.0,2.0,12.0,9.0,49.0,64.0,74.0,36.0,,35.0,6.0,9.0,27.0,26.0,53.0,20.0,6.0,15.0,10.0,2.0,132.0,18.0,8.0,35.0,37.0,78.0,26.0,104.0,4.0,16.0,7.0,9.0,15.0,1.0,8.0,6.0,3.0,7.0,21.0,7.0,15.0,26.0,2.0,30.0,,,46.0,3.0,22.0,3.0,,3.0,3.0,2.0,47.0,184.0,0.463768115942029,0.48484848484848486,1.0,0.2,,0.16666666666666666,0.2033898305084746,0.5897435897435898,0.6153846153846154,0.6538461538461539,0.4915254237288136,0.47058823529411764,0.5263157894736842,0.5378787878787878,0.525,0.5568181818181818,0.3389830508474576,0.07692307692307693,0.06666666666666667,0.09375,22.530864197530864,0.7142857142857143,0.1615720524017467,0.03686635944700461,0.19662921348314608,0.09574468085106383,0.1769041769041769,0.06419753086419754,0.05357142857142857,0.030534351145038167,0.1079136690647482,0.1282051282051282,0.15384615384615385,0.2647058823529412,0.25,0.043478260869565216,0.04819277108433735,0.6666666666666666,0.2542372881355932,0.7333333333333333,0.7857142857142857,0.5151515151515151,0.3615819209039548,0.46875,0.5172413793103449,0.3333333333333333,0.04519774011299435,0.75,0.75,0.8333333333333334,0.13559322033898305,0.2033898305084746,0.16666666666666666,0.16666666666666666,1.0,0.5882352941176471,0.058823529411764705,,,0.34210526315789475,0.6923076923076923,0.13157894736842105,0.18421052631578946,,0.5932203389830508,0.17142857142857143,0.5285170454545454,0.5747555555555555,0.5385,0.11224489795918367,0.16176470588235295,0.09859154929577464,0.2300469483568075,6.272649572649573,25.69,0.21566401816118047,8.0,6.0,,3.0,2.0,5.0,6.0,,6.0,,,3.0,2.0,2.0,1.0,3.0,,0.3,,0.03333333333333333,0.061224489795918366,0.25,0.25,1.0,0.8,0.375,0.17647058823529413,,,0.4,1.0,,2.0,,,,,,,,,,1.0,,,,,,,True,,,
1630314,1610612742,Brandon Williams,Brandon Williams,1630314,DAL,8354.0,139,-13.0,301,301,47.0,60.0,20,602,18.0,22.0,1.0,,,9.0,15.0,2.0,4.0,7.0,,6.0,18.0,,,,5.0,29.0,41.0,10.0,25.0,13.0,101.0,352,,2.0,,,,1.0,3.0,,5.0,3.0,5.0,20.0,38.0,24.0,6.0,17.0,6.0,4.0,12.0,6.0,18.0,4.0,2.0,8.0,4.0,,42.0,1.0,1.0,8.0,9.0,17.0,2.0,19.0,,11.0,5.0,6.0,6.0,1.0,5.0,1.0,,1.0,7.0,1.0,11.0,13.0,,12.0,,1.0,16.0,2.0,7.0,,,,,,5.0,46.0,0.3448275862068966,0.3448275862068966,0.8,0.4,,,0.4166666666666667,0.7073170731707317,,0.3333333333333333,0.6666666666666666,,0.125,0.6917808219178082,,0.25,0.3787878787878788,0.0975609756097561,0.045454545454545456,0.2,24.76780185758514,0.8571428571428571,0.1267605633802817,0.012345679012345678,0.13114754098360656,0.01639344262295082,0.12878787878787878,0.014084507042253521,0.04,,0.021739130434782608,0.07142857142857142,0.14285714285714285,0.25,0.11627906976744186,0.16666666666666666,,,0.3333333333333333,0.8181818181818182,0.8571428571428571,0.2777777777777778,0.22727272727272727,0.6,0.75,0.4444444444444444,0.06060606060606061,0.5,0.5,0.5,0.10606060606060606,0.2727272727272727,0.3333333333333333,0.3333333333333333,0.6666666666666666,0.5,,,,,,,0.625,,0.7121212121212122,0.35294117647058826,0.5571392307692308,0.7151,0.4981714285714286,0.09859154929577464,0.15217391304347827,,0.04950495049504951,5.609756097560976,26.703999999999997,0.15614617940199335,,4.0,,,,,,,,,,,1.0,2.0,,,2.0,,,,,0.5714285714285714,0.5714285714285714,1.0,,,,,,,1.0,,,,,,,,,,,,,,,,,,,True,,,
1630556,1610612742,Kessler Edwards,Kessler Edwards,1630556,DAL,14693.0,245,-37.0,506,514,64.0,59.0,43,1020,18.0,28.0,6.0,,2.0,7.0,19.0,,,10.0,1.0,8.0,10.0,,,,,25.0,47.0,11.0,20.0,4.0,87.0,628,2.0,8.0,1.0,3.0,7.0,,3.0,,1.0,,,44.0,6.0,33.0,,10.0,8.0,5.0,7.0,9.0,16.0,8.0,1.0,4.0,3.0,,41.0,3.0,8.0,14.0,12.0,28.0,11.0,39.0,2.0,7.0,5.0,2.0,2.0,2.0,1.0,3.0,,1.0,5.0,1.0,13.0,21.0,1.0,8.0,,1.0,5.0,1.0,3.0,9.0,4.0,5.0,11.0,5.0,,62.0,0.88,0.9166666666666666,1.0,0.55,0.3333333333333333,,0.55,0.5319148936170213,0.25,,0.6194029850746269,0.3181818181818182,,0.6304347826086957,0.3181818181818182,,0.29850746268656714,0.10638297872340426,0.14285714285714285,0.05263157894736842,13.35740072202166,0.4,0.09523809523809523,0.06611570247933884,0.12727272727272726,0.027522935779816515,0.11016949152542373,0.04782608695652174,0.08571428571428572,0.07462686567164178,0.023809523809523808,0.05454545454545454,0.11475409836065574,0.2,0.15384615384615385,0.0625,0.07692307692307693,0.45454545454545453,0.417910447761194,0.6428571428571429,0.75,0.8888888888888888,0.2835820895522388,0.3684210526315789,0.3888888888888889,0.8571428571428571,,,,,0.14925373134328357,0.14925373134328357,0.8,0.8,1.0,0.5454545454545454,,,,0.5,,0.25,,,0.7164179104477612,0.8,0.5593582089552238,0.5897600000000001,0.543925,0.043478260869565216,0.061224489795918366,0.08045977011494253,,4.157446808510637,24.115000000000002,0.12648221343873517,2.0,3.0,1.0,3.0,,,2.0,,2.0,,,1.0,2.0,,1.0,1.0,,0.18181818181818182,,,0.04,0.3,0.3,1.0,0.3333333333333333,,0.2727272727272727,0.3333333333333333,1.0,,,,1.0,,,2.0,2.0,,,,,,,,,,,,,True,,,
1631108,1610612742,Max Christie,Max Christie,1631108,DAL,36818.0,614,-64.0,1269,1276,241.0,218.0,112,2545,13.0,21.0,3.0,2.0,5.0,16.0,48.0,12.0,26.0,23.0,2.0,31.0,78.0,3.0,7.0,12.0,24.0,41.0,95.0,39.0,101.0,27.0,226.0,1537,3.0,7.0,4.0,9.0,20.0,6.0,16.0,13.0,26.0,16.0,67.0,42.0,40.0,114.0,3.0,78.0,31.0,17.0,34.0,26.0,60.0,18.0,8.0,22.0,7.0,5.0,146.0,3.0,4.0,41.0,28.0,74.0,7.0,81.0,1.0,17.0,10.0,7.0,18.0,7.0,8.0,11.0,2.0,10.0,29.0,6.0,17.0,30.0,1.0,28.0,,1.0,33.0,1.0,12.0,7.0,3.0,3.0,7.0,5.0,63.0,235.0,0.5121951219512195,0.525,0.9743589743589743,0.38613861386138615,0.4444444444444444,0.5,0.38613861386138615,0.43157894736842106,0.42857142857142855,0.375,0.5076530612244898,0.5625,0.6071428571428571,0.5308056872037915,0.5882352941176471,0.6568627450980392,0.5153061224489796,0.17894736842105263,0.19047619047619047,0.2708333333333333,17.106200997861727,0.6206896551724138,0.0856269113149847,0.012422360248447204,0.1524163568773234,0.011111111111111112,0.11577181208053691,0.011824324324324325,,0.016304347826086956,0.01020408163265306,0.06896551724137931,0.10059171597633136,0.07142857142857142,0.14795918367346939,0.1643835616438356,0.010638297872340425,0.7142857142857143,0.10714285714285714,0.6190476190476191,0.7647058823529411,0.6923076923076923,0.24489795918367346,0.3333333333333333,0.45714285714285713,0.5,0.1326530612244898,0.46153846153846156,0.46153846153846156,0.3333333333333333,0.11734693877551021,0.3979591836734694,0.3974358974358974,0.40789473684210525,0.967741935483871,0.1875,0.4375,0.42857142857142855,0.6666666666666666,0.11904761904761904,0.4,0.047619047619047616,0.5714285714285714,0.5,0.6224489795918368,0.3974358974358974,0.5129357142857143,0.54254,0.5242333333333333,0.057971014492753624,0.11320754716981132,0.08849557522123894,0.29646017699115046,9.57052631578947,25.37029702970298,0.18991331757289204,2.0,8.0,1.0,2.0,1.0,2.0,2.0,,5.0,,1.0,2.0,5.0,4.0,,3.0,2.0,0.21739130434782608,,0.018518518518518517,0.013513513513513514,0.34782608695652173,0.34782608695652173,1.0,0.6666666666666666,0.5,0.125,0.5,1.0,0.5,,2.0,2.0,,,,,,1.0,0.019801980198019802,0.02564102564102564,,2.0,,,,,,,True,,,
202691,1610612742,Klay Thompson,Klay Thompson,202691,DAL,18239.0,304,-50.0,627,631,65.0,63.0,58,1258,10.0,14.0,5.0,,1.0,12.0,26.0,11.0,30.0,18.0,1.0,34.0,70.0,4.0,7.0,1.0,4.0,33.0,70.0,42.0,88.0,18.0,210.0,763,5.0,9.0,6.0,10.0,28.0,3.0,6.0,2.0,5.0,1.0,13.0,44.0,22.0,108.0,18.0,70.0,34.0,3.0,19.0,11.0,30.0,7.0,4.0,15.0,4.0,,71.0,5.0,6.0,15.0,21.0,37.0,11.0,48.0,1.0,9.0,7.0,2.0,7.0,,5.0,3.0,,2.0,10.0,1.0,6.0,11.0,1.0,13.0,,1.0,20.0,1.0,6.0,6.0,2.0,4.0,7.0,4.0,12.0,62.0,0.6666666666666666,0.7096774193548387,0.8571428571428571,0.4772727272727273,0.6,0.4,0.4772727272727273,0.4714285714285714,0.5555555555555556,0.5,0.6075949367088608,0.7368421052631579,0.5454545454545454,0.6295180722891566,0.7368421052631579,0.5416666666666666,0.5569620253164557,0.04285714285714286,,0.07692307692307693,25.17882689556509,0.7,0.11666666666666667,0.03550295857988166,0.11811023622047244,0.033112582781456956,0.11726384364820847,0.034375,0.07317073170731707,0.03296703296703297,0.03669724770642202,0.08620689655172414,0.1485148514851485,0.047619047619047616,0.0898876404494382,0.18421052631578946,0.0125,0.5714285714285714,0.08860759493670886,0.7142857142857143,0.7142857142857143,0.7,0.16455696202531644,0.46153846153846156,0.5,0.6666666666666666,0.189873417721519,0.36666666666666664,0.3793103448275862,0.6363636363636364,0.11392405063291139,0.4430379746835443,0.4857142857142857,0.4857142857142857,0.8529411764705882,0.2631578947368421,0.3684210526315789,0.5714285714285714,1.0,0.09090909090909091,,0.09090909090909091,0.36363636363636365,0.25,0.6455696202531646,0.4857142857142857,0.5144908227848098,0.5604307692307693,0.5044136363636365,0.048484848484848485,0.08,0.13333333333333333,0.06190476190476191,11.622857142857143,25.492045454545448,0.10366826156299841,3.0,8.0,2.0,3.0,1.0,,4.0,,1.0,,1.0,,,1.0,,,,0.16666666666666666,,,0.023809523809523808,0.4444444444444444,0.4444444444444444,0.875,0.6,0.3333333333333333,0.15789473684210525,0.6666666666666666,0.5,1.0,,,1.0,,2.0,1.0,,1.0,,,,0.022222222222222223,1.0,,0.03333333333333333,,,,,True,,,
203915,1610612742,Spencer Dinwiddie,Spencer Dinwiddie,203915,DAL,21090.0,352,-71.0,725,732,172.0,139.0,61,1457,11.0,14.0,1.0,1.0,3.0,15.0,36.0,4.0,6.0,7.0,1.0,13.0,45.0,1.0,5.0,3.0,11.0,30.0,56.0,14.0,52.0,32.0,134.0,901,1.0,4.0,1.0,6.0,5.0,3.0,9.0,4.0,12.0,7.0,25.0,14.0,46.0,18.0,24.0,45.0,13.0,3.0,31.0,25.0,56.0,16.0,9.0,18.0,13.0,,137.0,,2.0,13.0,16.0,29.0,2.0,31.0,1.0,8.0,5.0,3.0,8.0,4.0,6.0,11.0,1.0,2.0,19.0,3.0,11.0,22.0,4.0,35.0,,6.0,44.0,7.0,23.0,3.0,2.0,1.0,4.0,1.0,23.0,171.0,0.23333333333333334,0.23333333333333334,0.42857142857142855,0.2692307692307692,0.16666666666666666,0.3333333333333333,0.2692307692307692,0.5357142857142857,0.25,0.3333333333333333,0.4722222222222222,0.25,0.42857142857142855,0.5317460317460317,0.25,0.5,0.48148148148148145,0.05357142857142857,,0.08333333333333333,18.125,0.42105263157894735,0.08791208791208792,0.011299435028248588,0.08609271523178808,,0.08708708708708708,0.0061162079510703364,0.021739130434782608,0.009345794392523364,,0.04918032786885246,0.09782608695652174,0.13793103448275862,0.0847457627118644,0.09090909090909091,0.016666666666666666,0.25,0.12962962962962962,0.7857142857142857,0.7857142857142857,0.09090909090909091,0.3333333333333333,0.4166666666666667,0.45454545454545453,0.4,0.05555555555555555,0.6666666666666666,0.6666666666666666,,0.06481481481481481,0.4166666666666667,0.28888888888888886,0.28888888888888886,0.38461538461538464,0.1,0.5,0.2,,0.14285714285714285,0.3333333333333333,0.047619047619047616,0.5238095238095238,0.2727272727272727,0.6111111111111112,0.28888888888888886,0.5028587962962962,0.4785857142857143,0.5006642857142857,0.1935483870967742,0.3194444444444444,0.03731343283582089,0.1865671641791045,7.6607142857142865,25.79615384615385,0.23724137931034484,1.0,1.0,,1.0,1.0,,,,,,,1.0,,2.0,,1.0,1.0,,,,,0.14285714285714285,0.16666666666666666,1.0,1.0,,0.1,,,1.0,,1.0,1.0,1.0,1.0,1.0,1.0,,,0.019230769230769232,,0.019230769230769232,,,,2.0,,,,True,,0.14285714285714285,
203939,1610612742,Dwight Powell,Dwight Powell,203939,DAL,5947.0,99,-49.0,205,204,20.0,17.0,19,409,9.0,13.0,1.0,1.0,1.0,2.0,4.0,,,,,,,,,,,11.0,17.0,,,,22.0,269,1.0,2.0,,,2.0,1.0,1.0,,,,2.0,18.0,4.0,,,,,1.0,10.0,4.0,14.0,4.0,,6.0,3.0,1.0,32.0,2.0,5.0,6.0,4.0,10.0,7.0,17.0,1.0,1.0,1.0,,3.0,,3.0,2.0,,,5.0,,8.0,12.0,2.0,7.0,,1.0,,,,3.0,1.0,2.0,3.0,2.0,2.0,20.0,0.8181818181818182,0.9,,,,,,0.6470588235294118,0.5,1.0,0.6470588235294118,0.5,1.0,0.6470588235294118,0.5,1.0,,0.058823529411764705,,0.25,9.56521739130435,0.6,0.0851063829787234,0.09803921568627451,0.15384615384615385,0.03636363636363636,0.11627906976744186,0.0660377358490566,0.09090909090909091,0.1,0.05405405405405406,0.1111111111111111,0.10526315789473684,,0.08,0.2857142857142857,0.2,0.6666666666666666,0.7647058823529411,0.6923076923076923,0.6923076923076923,0.7777777777777778,0.23529411764705882,0.5,0.6666666666666666,1.0,,,,,,,,,,0.5,,,,1.0,1.0,,,,0.7647058823529411,,0.6109470588235295,0.7979,0.5401,,,0.09090909090909091,0.09090909090909091,2.9823529411764707,,0.0975609756097561,1.0,,,,,,2.0,,,,,,4.0,,,,,,,0.1,,,,,1.0,,,,,,,,,,,,,,,,,,,,,,,,,True,,,
203957,1610612742,Danté Exum,Danté Exum,203957,DAL,9032.0,151,18.0,304,303,68.0,53.0,31,607,10.0,15.0,1.0,1.0,3.0,5.0,15.0,2.0,3.0,6.0,1.0,7.0,12.0,,,3.0,4.0,17.0,33.0,11.0,18.0,12.0,79.0,366,1.0,2.0,,,2.0,2.0,8.0,3.0,5.0,6.0,19.0,16.0,18.0,30.0,3.0,12.0,7.0,6.0,11.0,8.0,19.0,7.0,1.0,7.0,2.0,2.0,46.0,1.0,1.0,6.0,4.0,10.0,2.0,12.0,,5.0,3.0,2.0,3.0,2.0,2.0,2.0,,1.0,5.0,,13.0,15.0,,17.0,1.0,2.0,14.0,2.0,5.0,2.0,2.0,,2.0,1.0,19.0,65.0,0.47058823529411764,0.47058823529411764,0.9090909090909091,0.6111111111111112,,0.6,0.6111111111111112,0.5151515151515151,0.5,0.25,0.6568627450980392,0.5,0.5,0.6929824561403509,0.5,0.5588235294117647,0.35294117647058826,0.18181818181818182,0.13333333333333333,0.26666666666666666,18.18181818181818,0.6,0.0547945205479452,0.01282051282051282,0.09230769230769231,0.017857142857142856,0.07246376811594203,0.014925373134328358,,0.02127659574468085,0.023809523809523808,0.03571428571428571,0.05263157894736842,0.14285714285714285,0.09090909090909091,0.09523809523809523,,0.5,0.29411764705882354,0.6666666666666666,0.7692307692307693,0.5,0.29411764705882354,0.3333333333333333,0.45454545454545453,0.6,0.058823529411764705,0.6666666666666666,0.6666666666666666,,0.11764705882352941,0.23529411764705882,0.5833333333333334,0.5833333333333334,0.8571428571428571,0.5,,,,0.23076923076923078,0.3333333333333333,0.07692307692307693,0.3076923076923077,0.75,0.6470588235294118,0.5833333333333334,0.523029411764706,0.8328,0.49522307692307693,0.09259259259259259,0.1388888888888889,0.02531645569620253,0.24050632911392406,6.1484848484848476,25.494444444444447,0.2236842105263158,1.0,4.0,,,,,,,,,,,,3.0,,,3.0,,,,,0.6666666666666666,0.6666666666666666,1.0,1.0,1.0,,,,,,,,,,,,,,,,,,,,,,,,True,,,
1629023,1610612742,P.J. Washington,P.J. Washington,1629023,DAL,6113.0,102,-19.0,220,220,81.0,65.0,20,440,7.0,12.0,1.0,4.0,7.0,7.0,16.0,,1.0,3.0,,1.0,8.0,,2.0,1.0,4.0,14.0,29.0,2.0,11.0,7.0,41.0,259,1.0,1.0,,3.0,3.0,8.0,14.0,1.0,4.0,,19.0,18.0,10.0,6.0,,8.0,1.0,4.0,4.0,5.0,9.0,3.0,2.0,3.0,1.0,,23.0,1.0,4.0,12.0,7.0,20.0,5.0,25.0,2.0,2.0,2.0,,4.0,1.0,2.0,2.0,1.0,2.0,6.0,3.0,4.0,7.0,,13.0,,2.0,13.0,3.0,8.0,5.0,3.0,2.0,5.0,3.0,19.0,80.0,0.6428571428571429,0.6923076923076923,1.0,0.18181818181818182,,0.25,0.18181818181818182,0.4827586206896552,1.0,0.5714285714285714,0.425,0.25,0.5277777777777778,0.45555555555555555,0.3,0.5277777777777778,0.275,0.13793103448275862,,0.25,20.73170731707317,0.6666666666666666,0.14285714285714285,0.06153846153846154,0.20689655172413793,0.021739130434782608,0.17757009345794392,0.04504504504504504,0.09523809523809523,0.05405405405405406,,0.125,0.1724137931034483,,0.19444444444444445,0.22727272727272727,0.1,0.6,0.3,0.5833333333333334,0.5833333333333334,0.8571428571428571,0.4,0.4375,0.5833333333333334,0.42857142857142855,0.025,,,,0.075,0.2,0.125,0.125,1.0,0.25,0.5,,,0.3888888888888889,0.5714285714285714,,0.2222222222222222,0.25,0.575,0.125,0.52568375,0.516325,0.5501111111111112,0.17777777777777778,0.23529411764705882,0.07317073170731707,0.4634146341463415,5.341379310344828,24.88181818181818,0.36818181818181817,1.0,1.0,,1.0,,1.0,2.0,,1.0,,,,,,,1.0,,0.2,,,0.08333333333333333,0.3333333333333333,0.3333333333333333,1.0,1.0,,0.25,,,,,,,,,,,,,,,,,,,,,,,True,,,1.0
1629650,1610612742,Moses Brown,Moses Brown,1629650,DAL,3137.0,52,-4.0,110,111,16.0,16.0,6,221,13.0,16.0,2.0,2.0,3.0,2.0,5.0,,,,,,,,,,,15.0,21.0,,,4.0,34.0,128,2.0,2.0,,,6.0,4.0,5.0,,,,8.0,20.0,10.0,,,,,3.0,1.0,1.0,2.0,1.0,,,1.0,,5.0,2.0,2.0,5.0,9.0,14.0,4.0,18.0,,4.0,3.0,1.0,,,,1.0,,,1.0,1.0,6.0,6.0,,3.0,,,5.0,1.0,3.0,1.0,,1.0,1.0,,8.0,14.0,0.6666666666666666,0.7142857142857143,,,,,,0.7142857142857143,1.0,0.8,0.7142857142857143,1.0,0.8,0.7391304347826086,1.0,0.8,,0.14285714285714285,0.125,0.2,20.33898305084746,,0.2727272727272727,0.08,0.2,0.09090909090909091,0.2413793103448276,0.0851063829787234,0.4,,0.1111111111111111,0.2,0.3076923076923077,,0.2631578947368421,,,,0.7619047619047619,0.8125,0.9285714285714286,0.6153846153846154,0.23809523809523808,0.4,0.5,1.0,,,,,,,,,,1.0,,,,0.6,0.6666666666666666,,,,0.7619047619047619,,0.6096904761904762,0.6278,0.52778,0.13043478260869565,0.13043478260869565,0.17647058823529413,0.23529411764705882,2.9761904761904763,,0.14545454545454545,2.0,,,,,2.0,2.0,,,,1.0,,,,,,,,,,,,,,1.0,,,,,,,,,,,,,,,,,,,,,,,1.0,,True,,,
202681,1610612742,Kyrie Irving,Kyrie Irving,202681,DAL,15888.0,265,18.0,540,532,110.0,93.0,58,1072,27.0,38.0,3.0,3.0,6.0,21.0,49.0,5.0,12.0,8.0,1.0,22.0,49.0,2.0,3.0,4.0,9.0,53.0,99.0,26.0,57.0,37.0,221.0,626,4.0,6.0,4.0,7.0,25.0,5.0,15.0,4.0,10.0,9.0,31.0,36.0,70.0,54.0,24.0,49.0,22.0,5.0,18.0,12.0,30.0,9.0,3.0,8.0,6.0,4.0,72.0,1.0,8.0,13.0,11.0,24.0,9.0,33.0,6.0,15.0,5.0,10.0,7.0,3.0,4.0,9.0,1.0,3.0,16.0,1.0,5.0,16.0,2.0,30.0,2.0,,38.0,4.0,14.0,8.0,3.0,5.0,8.0,4.0,31.0,106.0,0.33962264150943394,0.35294117647058826,0.6923076923076923,0.45614035087719296,0.5714285714285714,0.4,0.45614035087719296,0.5353535353535354,0.6666666666666666,0.3333333333333333,0.5897435897435898,0.7692307692307693,0.44,0.6345029239766082,0.8333333333333334,0.5344827586206896,0.36538461538461536,0.050505050505050504,0.05263157894736842,0.061224489795918366,30.578512396694215,0.4375,0.07913669064748201,0.057971014492753624,0.104,0.008264462809917356,0.09090909090909091,0.03474903474903475,0.05714285714285714,0.0641025641025641,0.011904761904761904,0.0392156862745098,0.10810810810810811,0.07142857142857142,0.11363636363636363,0.08108108108108109,0.08695652173913043,0.5,0.24358974358974358,0.7105263157894737,0.75,0.4444444444444444,0.3141025641025641,0.42857142857142855,0.45652173913043476,0.2857142857142857,0.07692307692307693,0.4166666666666667,0.4166666666666667,,0.05128205128205128,0.3141025641025641,0.4489795918367347,0.4583333333333333,0.6818181818181818,0.23076923076923078,0.23076923076923078,0.6666666666666666,0.5,0.24,0.5,0.04,0.36,0.4444444444444444,0.6089743589743589,0.4489795918367347,0.5222266025641026,0.5543785714285715,0.48202000000000006,0.09523809523809523,0.12844036697247707,0.11312217194570136,0.14027149321266968,7.216161616161617,26.142105263157895,0.2037037037037037,3.0,4.0,2.0,4.0,,5.0,4.0,,,,1.0,1.0,2.0,3.0,,,1.0,,,0.04,,0.5,0.5,0.75,1.0,0.6666666666666666,0.3076923076923077,0.5,1.0,,,1.0,1.0,,2.0,,,,,0.017543859649122806,0.02040816326530612,0.03389830508474576,4.0,,,1.0,,,,True,,,
1629655,1610612742,Daniel Gafford,Daniel Gafford,1629655,DAL,3713.0,62,24.0,115,117,21.0,15.0,13,232,6.0,8.0,4.0,,,1.0,4.0,,,,,,,,,,,7.0,12.0,,,3.0,17.0,137,3.0,5.0,,,8.0,,1.0,,,1.0,1.0,10.0,4.0,,,,,1.0,5.0,1.0,6.0,1.0,,1.0,3.0,1.0,13.0,2.0,7.0,5.0,6.0,12.0,9.0,21.0,2.0,1.0,,1.0,1.0,,,,,1.0,1.0,,3.0,5.0,,5.0,,1.0,7.0,1.0,4.0,8.0,6.0,2.0,8.0,1.0,1.0,21.0,0.7142857142857143,1.0,,,,,,0.5833333333333334,0.6,,0.5833333333333334,0.6,,0.5666666666666667,0.5714285714285714,0.25,,0.08333333333333333,0.125,,12.121212121212121,1.0,0.15789473684210525,0.22580645161290322,0.19230769230769232,0.11764705882352941,0.171875,0.1875,0.3333333333333333,0.2222222222222222,0.08333333333333333,0.21428571428571427,0.15,,0.21739130434782608,,0.5,0.125,0.6666666666666666,0.75,0.8571428571428571,0.6666666666666666,0.3333333333333333,0.25,0.25,1.0,,,,,,,,,,0.8,,,,,,,,,0.6666666666666666,,0.613425,0.6962999999999999,0.4687,0.26666666666666666,0.26666666666666666,0.47058823529411764,0.058823529411764705,3.5750000000000006,,0.1826086956521739,2.0,,,,,2.0,4.0,,1.0,,,1.0,,,,,,0.5,,0.2,0.2,,,,0.5,,,,,,,,1.0,,,,,,,,,,,,,,,,,True,,,
1630702,1610612742,Jaden Hardy,Jaden Hardy,1630702,DAL,2313.0,39,18.0,83,82,20.0,21.0,6,165,,,,,,2.0,6.0,,,3.0,1.0,1.0,6.0,,,,1.0,2.0,6.0,2.0,9.0,3.0,13.0,85,,,,,,1.0,2.0,,2.0,1.0,3.0,,4.0,6.0,,6.0,1.0,1.0,2.0,2.0,4.0,1.0,1.0,1.0,1.0,,10.0,,,3.0,1.0,4.0,,4.0,,,,,,1.0,,1.0,,,1.0,1.0,3.0,3.0,,6.0,1.0,1.0,6.0,,2.0,,,,,,3.0,20.0,,,1.0,0.2222222222222222,,,0.2222222222222222,0.3333333333333333,,0.5,0.3333333333333333,,0.25,0.3611111111111111,,0.3,0.6,0.16666666666666666,,0.16666666666666666,21.34831460674157,,0.047619047619047616,,0.15789473684210525,,0.1,,,,,0.1,,,0.13333333333333333,0.25,,,,,,,0.4,0.3333333333333333,0.4,,,,,,0.2,0.4,0.16666666666666666,0.16666666666666666,1.0,,,,,,,0.25,0.25,,0.6,0.16666666666666666,0.5039033333333333,,0.47519999999999996,0.11764705882352941,0.25,,0.23076923076923078,6.233333333333333,25.08888888888889,0.24096385542168675,,1.0,,,,,,,,,,,,1.0,,,1.0,,,,,0.3333333333333333,0.3333333333333333,1.0,,,,,,,,,,,,,,,,,,,,,,,,,,True,,,
1641765,1610612742,Olivier-Maxence Prosper,Olivier-Maxence Prosper,1641765,DAL,7710.0,128,-7.0,263,270,46.0,63.0,24,533,12.0,21.0,2.0,,1.0,2.0,7.0,,3.0,7.0,2.0,1.0,1.0,,,,,14.0,31.0,2.0,8.0,10.0,44.0,297,,3.0,,1.0,,,1.0,,2.0,4.0,4.0,22.0,6.0,6.0,,1.0,1.0,6.0,7.0,3.0,10.0,3.0,,3.0,3.0,1.0,23.0,6.0,3.0,5.0,10.0,15.0,9.0,24.0,,9.0,6.0,3.0,,1.0,,2.0,,,2.0,,5.0,6.0,,9.0,,1.0,14.0,2.0,7.0,1.0,1.0,,1.0,,4.0,45.0,0.7857142857142857,0.7857142857142857,1.0,0.25,,,0.25,0.45161290322580644,,,0.4358974358974359,,,0.4888888888888889,,0.3333333333333333,0.20512820512820512,0.1935483870967742,0.19047619047619047,0.2857142857142857,16.095890410958905,,0.14492753623188406,0.04411764705882353,0.0847457627118644,0.1016949152542373,0.1171875,0.07086614173228346,0.13636363636363635,,0.13157894736842105,0.14285714285714285,0.14814814814814814,0.14285714285714285,0.06521739130434782,0.15384615384615385,,,0.5384615384615384,0.5714285714285714,0.7058823529411765,0.75,0.1794871794871795,0.2857142857142857,0.4,1.0,0.07692307692307693,,,,0.1794871794871795,0.02564102564102564,1.0,1.0,1.0,0.5,,,,0.3333333333333333,,0.6666666666666666,,,0.7435897435897436,1.0,0.5791320512820514,0.5008,0.5542333333333334,0.1590909090909091,0.19444444444444445,,0.09090909090909091,4.416129032258064,23.412499999999998,0.17490494296577946,,1.0,,1.0,,,,,,,1.0,,,1.0,,1.0,1.0,,,,0.047619047619047616,0.14285714285714285,0.14285714285714285,1.0,,,0.25,,,,,,1.0,,,,,,,,,,,,,,,,,True,,,
203076,1610612742,Anthony Davis,Anthony Davis,203076,DAL,928.0,15,-10.0,30,29,3.0,5.0,1,59,,,,,,1.0,3.0,1.0,2.0,,,,,,,,,2.0,5.0,,,1.0,5.0,40,,,,,,,,,,,,,4.0,,,,,,1.0,1.0,2.0,1.0,,,,1.0,5.0,,,1.0,2.0,3.0,,3.0,,,,,,,,1.0,1.0,,1.0,1.0,,,,1.0,,,2.0,,1.0,,,,,,,3.0,,,,,,,,0.4,,,0.4,,,0.4166666666666667,,,,,,,22.580645161290324,,0.18181818181818182,,0.25,,0.2,,,,,0.25,0.16666666666666666,,0.5,,,,,,,,0.6,0.3333333333333333,0.3333333333333333,,0.4,0.5,0.5,,,,,,,,,,,,,,,,,,0.41331999999999997,,,0.16666666666666666,0.16666666666666666,,,12.5,,0.1,,,,,,,,,,,,,,,,,,,,,,,,,,,,,,,,,,,,,,,,,,,,,,,,,,True,,,
1630283,1610612742,Kylor Kelley,Kylor Kelley,1630283,DAL,351.0,6,-5.0,11,12,7.0,,3,23,,,,,,,,,,,,,,,,,,,,,,1.0,1.0,23,,,,,1.0,,,,,1.0,1.0,,,,,,,,,,,,,,,,,1.0,,,,,1.0,1.0,,,,,,,,,,,,,1.0,1.0,,1.0,,,2.0,,,,,,,,1.0,7.0,,,,,,,,,,,,,,0.5,0.5,0.5,,,,,6.25,,,,,0.2,,0.125,,,0.25,,,,,,,,,,,,,,,,,,,,,,,,,,,,,,,,,,,,,,,,,1.0,1.0,,,0.6363636363636364,,,,,,1.0,,,,,,,1.0,1.0,1.0,,1.0,,,,,,,,,,,,,,,,,,,,,,,,,,,,,,,,,True,,,
1630539,1610612742,Kai Jones,Kai Jones,1630539,DAL,1371.0,23,-8.0,44,45,6.0,8.0,1,89,6.0,6.0,1.0,,,,,,1.0,,,,,,,,,6.0,7.0,,,2.0,14.0,62,1.0,1.0,,,2.0,,,,,2.0,2.0,10.0,2.0,,,,,,,,,,,,,,,,1.0,1.0,2.0,3.0,1.0,4.0,,,,,1.0,,1.0,,,,1.0,1.0,1.0,1.0,,1.0,,,2.0,,1.0,1.0,1.0,,1.0,1.0,2.0,6.0,0.8333333333333334,1.0,,,,,,0.8571428571428571,1.0,,0.8571428571428571,1.0,,0.875,1.0,1.0,,,,,20.0,1.0,0.16666666666666666,0.2,0.1111111111111111,,0.14285714285714285,0.08333333333333333,,0.3333333333333333,,,0.14285714285714285,0.5,0.1111111111111111,,,1.0,0.8571428571428571,1.0,1.0,0.8333333333333334,,,,,0.14285714285714285,,,,,,,,,1.0,,,,,,,,,0.8571428571428571,,0.7059285714285713,0.6173,,0.125,0.125,0.14285714285714285,0.14285714285714285,3.257142857142857,,0.13636363636363635,1.0,,,,,,2.0,,,,,,,,1.0,,,,,,,,,,1.0,,,,,,,,,,,,,,,,,,,,,,,,,True,,,
1628467,1610612742,Maxi Kleber,Maxi Kleber,1628467,DAL,38206.0,637,-17.0,1303,1309,358.0,349.0,138,2612,13.0,23.0,6.0,3.0,7.0,5.0,15.0,6.0,9.0,17.0,5.0,9.0,32.0,1.0,4.0,,8.0,24.0,47.0,13.0,49.0,16.0,103.0,1522,4.0,11.0,2.0,6.0,16.0,3.0,11.0,1.0,13.0,6.0,15.0,40.0,8.0,36.0,3.0,32.0,9.0,7.0,20.0,23.0,43.0,17.0,6.0,14.0,4.0,2.0,109.0,4.0,18.0,32.0,34.0,70.0,25.0,95.0,4.0,9.0,8.0,1.0,14.0,2.0,10.0,9.0,,4.0,23.0,7.0,41.0,66.0,3.0,29.0,,4.0,21.0,1.0,9.0,17.0,6.0,11.0,17.0,11.0,15.0,356.0,0.8333333333333334,0.9523809523809523,0.9230769230769231,0.2653061224489796,0.3333333333333333,0.07692307692307693,0.2653061224489796,0.5106382978723404,0.36363636363636365,0.2727272727272727,0.453125,0.4117647058823529,0.1875,0.4858490566037736,0.4444444444444444,0.26785714285714285,0.5104166666666666,0.14893617021276595,0.13043478260869565,0.2,8.865979381443298,0.6086956521739131,0.10793650793650794,0.0594059405940594,0.10526315789473684,0.014388489208633094,0.10662358642972536,0.0378657487091222,0.07272727272727272,0.05,0.014563106796116505,0.10091743119266056,0.1038961038961039,0.1346153846153846,0.08571428571428572,0.14893617021276595,0.0784313725490196,0.6470588235294118,0.23958333333333334,0.5652173913043478,0.65,0.7692307692307693,0.15625,0.3333333333333333,0.4166666666666667,1.0,0.09375,0.6666666666666666,0.75,0.8333333333333334,0.17708333333333334,0.3333333333333333,0.28125,0.28125,0.8888888888888888,0.35294117647058826,0.23529411764705882,0.25,1.0,0.2916666666666667,0.42857142857142855,0.20833333333333334,0.3333333333333333,,0.75,0.28125,0.5268848958333333,0.5316125,0.5365395833333334,0.08653846153846154,0.16363636363636364,0.1553398058252427,0.14563106796116504,6.555319148936168,24.814285714285713,0.2747505755947813,3.0,4.0,1.0,2.0,1.0,2.0,6.0,3.0,4.0,3.0,,5.0,6.0,2.0,,8.0,2.0,0.12121212121212122,0.08571428571428572,0.05660377358490566,0.013888888888888888,0.23529411764705882,0.23529411764705882,1.0,0.5,,0.11764705882352941,0.5,1.0,0.2,,,1.0,,,,,,,,,,,,0.1111111111111111,1.0,,,1.0,False,,,
1629023,1610612742,P.J. Washington,P.J. Washington,1629023,DAL,86676.0,1445,124.0,2985,2981,622.0,585.0,371,5966,100.0,148.0,32.0,21.0,26.0,55.0,168.0,4.0,17.0,68.0,17.0,48.0,122.0,7.0,19.0,8.0,18.0,159.0,333.0,72.0,190.0,111.0,645.0,3394,32.0,55.0,9.0,23.0,100.0,30.0,50.0,15.0,35.0,50.0,155.0,158.0,160.0,195.0,21.0,122.0,48.0,39.0,55.0,48.0,103.0,33.0,15.0,40.0,10.0,5.0,254.0,18.0,48.0,125.0,146.0,295.0,72.0,367.0,28.0,54.0,37.0,17.0,58.0,2.0,24.0,28.0,9.0,34.0,86.0,19.0,56.0,108.0,6.0,118.0,,8.0,146.0,15.0,67.0,44.0,31.0,13.0,45.0,24.0,153.0,613.0,0.4968553459119497,0.572463768115942,0.9027777777777778,0.37894736842105264,0.391304347826087,0.42857142857142855,0.37894736842105264,0.4774774774774775,0.5818181818181818,0.6,0.5105162523900574,0.5833333333333334,0.6176470588235294,0.548469387755102,0.5882352941176471,0.6919642857142857,0.3632887189292543,0.11711711711711711,0.10810810810810811,0.13095238095238096,19.823529411764707,0.6744186046511628,0.18024691358024691,0.06512890094979647,0.18968133535660092,0.027906976744186046,0.18447923757658272,0.04775687409551375,0.08849557522123894,0.06770833333333333,0.03285420944558522,0.1986754966887417,0.16020671834625322,0.19834710743801653,0.211864406779661,0.13368983957219252,0.1111111111111111,0.5333333333333333,0.2829827915869981,0.6756756756756757,0.7575757575757576,0.54,0.32122370936902483,0.3273809523809524,0.3767123287671233,0.41818181818181815,0.032504780114722756,0.23529411764705882,0.25,0.5,0.13001912045889102,0.2332695984703633,0.39344262295081966,0.39344262295081966,0.8541666666666666,0.41025641025641024,0.24358974358974358,0.3684210526315789,0.8571428571428571,0.3058823529411765,0.8076923076923077,0.2,0.21176470588235294,0.4444444444444444,0.6462715105162524,0.39344262295081966,0.5413849904397706,0.5509508474576271,0.5392800000000001,0.11805555555555555,0.17402597402597403,0.15503875968992248,0.24031007751937986,5.396696696696695,24.57526315789473,0.20837520938023452,25.0,24.0,2.0,4.0,7.0,9.0,42.0,6.0,24.0,2.0,3.0,5.0,6.0,12.0,2.0,6.0,10.0,0.3870967741935484,0.07894736842105263,0.015748031496062992,0.012658227848101266,0.35294117647058826,0.35294117647058826,1.0,0.78125,0.24,0.05128205128205128,0.5,1.0,0.4117647058823529,,,4.0,,1.0,1.0,,1.0,,,,0.005235602094240838,,,0.058823529411764705,5.0,,,,False,,,
1629029,1610612742,Luka Dončić,Luka Dončić,1629029,DAL,47071.0,785,168.0,1630,1616,308.0,249.0,186,3246,49.0,64.0,8.0,9.0,11.0,75.0,141.0,17.0,49.0,11.0,1.0,70.0,201.0,4.0,11.0,13.0,41.0,141.0,254.0,75.0,212.0,112.0,619.0,1815,9.0,19.0,5.0,13.0,42.0,21.0,37.0,13.0,42.0,32.0,113.0,78.0,204.0,108.0,117.0,199.0,70.0,9.0,103.0,69.0,172.0,42.0,27.0,78.0,20.0,5.0,413.0,10.0,5.0,86.0,75.0,167.0,16.0,183.0,3.0,44.0,31.0,13.0,58.0,8.0,43.0,17.0,3.0,15.0,75.0,17.0,26.0,58.0,1.0,126.0,2.0,6.0,146.0,20.0,64.0,8.0,3.0,4.0,9.0,5.0,113.0,303.0,0.2765957446808511,0.2826086956521739,0.48,0.35377358490566035,0.38461538461538464,0.30952380952380953,0.35714285714285715,0.5551181102362205,0.47368421052631576,0.5675675675675675,0.5439914163090128,0.515625,0.5126582278481012,0.5884030418250951,0.5675675675675675,0.576530612244898,0.45493562231759654,0.03543307086614173,0.046875,0.0425531914893617,32.663043478260875,0.7733333333333333,0.18703241895261846,0.014326647564469915,0.21994884910485935,0.026737967914438502,0.2032828282828283,0.02074688796680498,0.01,0.021505376344086023,0.018050541516245487,0.18571428571428572,0.17647058823529413,0.21621621621621623,0.22807017543859648,0.19811320754716982,0.013043478260869565,0.5555555555555556,0.13733905579399142,0.765625,0.8032786885245902,0.46938775510204084,0.30257510729613735,0.5319148936170213,0.5555555555555556,0.17333333333333334,0.10515021459227468,0.3469387755102041,0.3469387755102041,0.17647058823529413,0.023605150214592276,0.4313304721030043,0.3482587064676617,0.35175879396984927,0.4857142857142857,0.25,0.34375,0.36363636363636365,0.5,0.13924050632911392,0.8181818181818182,0.012658227848101266,0.5189873417721519,0.3170731707317073,0.592274678111588,0.35175879396984927,0.5110866304347825,0.502675,0.4992813333333332,0.13424124513618677,0.21476510067114093,0.06785137318255251,0.1825525040387722,9.072834645669289,26.886792452830175,0.18895705521472392,4.0,5.0,1.0,2.0,,9.0,6.0,1.0,6.0,2.0,1.0,4.0,3.0,12.0,,2.0,11.0,0.17647058823529413,0.018518518518518517,,0.05154639175257732,0.45454545454545453,0.45454545454545453,0.4,0.5,0.25,0.0625,0.5,1.0,,2.0,2.0,3.0,1.0,5.0,1.0,,1.0,1.0,0.009433962264150943,0.009950248756218905,0.023148148148148147,1.0,,,,,,,False,,,
1629655,1610612742,Daniel Gafford,Daniel Gafford,1629655,DAL,63199.0,1053,24.0,2188,2189,502.0,386.0,268,4377,206.0,280.0,80.0,48.0,66.0,40.0,70.0,,,,,,,,,,,246.0,350.0,,,118.0,610.0,2550,63.0,91.0,,,159.0,54.0,78.0,,,41.0,149.0,358.0,134.0,,,,,28.0,43.0,24.0,67.0,19.0,5.0,22.0,10.0,11.0,158.0,43.0,86.0,86.0,98.0,199.0,130.0,329.0,16.0,20.0,10.0,10.0,25.0,5.0,10.0,35.0,4.0,15.0,60.0,13.0,77.0,131.0,10.0,132.0,1.0,2.0,166.0,24.0,77.0,83.0,58.0,24.0,88.0,52.0,149.0,498.0,0.7276422764227642,0.8994974874371859,,,,,,0.7028571428571428,0.6923076923076923,0.6923076923076923,0.7028571428571428,0.6923076923076923,0.6923076923076923,0.7279236276849642,0.7293577981651376,0.7163461538461539,,0.08,0.06785714285714285,0.12857142857142856,19.23694779116466,0.4166666666666667,0.1625207296849088,0.16165413533834586,0.16962524654832348,0.09817351598173515,0.16576576576576577,0.13298969072164948,0.18085106382978725,0.1814516129032258,0.10736196319018405,0.11494252873563218,0.20912547528517111,0.16455696202531644,0.1742627345844504,0.15671641791044777,0.21052631578947367,0.5909090909090909,0.8,0.7357142857142858,0.789272030651341,0.7233009708737864,0.2,0.5714285714285714,0.6557377049180327,0.75,,,,,,,,,,0.8791208791208791,,,,0.8461538461538461,0.7272727272727273,,,,0.8,,0.6218114285714286,0.6194289855072463,0.6341166666666666,0.19106699751861042,0.19106699751861042,0.260655737704918,0.2442622950819672,2.5085714285714285,,0.22943327239488118,55.0,,,,,33.0,94.0,1.0,15.0,,4.0,14.0,15.0,16.0,10.0,4.0,15.0,0.29411764705882354,0.015625,0.07291666666666667,0.07142857142857142,,,,0.6875,0.12727272727272726,,,,,,,10.0,,,5.0,4.0,1.0,1.0,,,,,2.0,,8.0,1.0,3.0,,False,,,
1629656,1610612742,Quentin Grimes,Quentin Grimes,1629656,DAL,64182.0,1070,-7.0,2194,2197,624.0,516.0,261,4391,60.0,89.0,11.0,21.0,31.0,16.0,39.0,13.0,36.0,57.0,17.0,54.0,144.0,8.0,17.0,14.0,43.0,89.0,164.0,80.0,201.0,62.0,480.0,2564,9.0,23.0,9.0,23.0,49.0,31.0,54.0,21.0,60.0,34.0,159.0,100.0,78.0,213.0,27.0,144.0,54.0,9.0,59.0,42.0,101.0,29.0,13.0,44.0,14.0,1.0,244.0,17.0,11.0,78.0,68.0,149.0,30.0,179.0,6.0,32.0,15.0,17.0,35.0,6.0,24.0,26.0,5.0,11.0,61.0,20.0,28.0,78.0,3.0,74.0,1.0,8.0,81.0,9.0,27.0,10.0,3.0,7.0,10.0,6.0,156.0,618.0,0.5617977528089888,0.5882352941176471,0.8875,0.39800995024875624,0.391304347826087,0.35,0.39800995024875624,0.5426829268292683,0.391304347826087,0.5740740740740741,0.5726027397260274,0.4891304347826087,0.5482456140350878,0.6030150753768844,0.5104166666666666,0.5932835820895522,0.5506849315068493,0.054878048780487805,0.056179775280898875,0.05128205128205128,18.46339501206758,0.5737704918032787,0.11703958691910499,0.020793950850661626,0.15821501014198783,0.035864978902953586,0.13594040968342644,0.027916251246261216,0.024539877300613498,0.01824817518248175,0.027777777777777776,0.09722222222222222,0.1003584229390681,0.22093023255813954,0.18207282913165265,0.09558823529411764,0.03296703296703297,0.6,0.24383561643835616,0.6741573033707865,0.7142857142857143,0.6333333333333333,0.10684931506849316,0.41025641025641024,0.43243243243243246,0.375,0.09863013698630137,0.3611111111111111,0.38235294117647056,0.46153846153846156,0.15616438356164383,0.39452054794520547,0.375,0.375,0.8518518518518519,0.2391304347826087,0.3695652173913043,0.47058823529411764,0.875,0.2719298245614035,0.6774193548387096,0.14912280701754385,0.37719298245614036,0.32558139534883723,0.7945205479452054,0.375,0.5499779452054797,0.51567,0.5437798245614035,0.08527131782945736,0.14835164835164835,0.10208333333333333,0.33125,6.742682926829264,24.948756218905476,0.284412032816773,6.0,26.0,1.0,6.0,7.0,4.0,8.0,2.0,3.0,3.0,4.0,2.0,3.0,11.0,,6.0,9.0,0.05555555555555555,0.02666666666666667,0.021739130434782608,0.06140350877192982,0.45614035087719296,0.45614035087719296,0.9615384615384616,0.5454545454545454,0.3333333333333333,0.13043478260869565,0.16666666666666666,1.0,0.4117647058823529,,,5.0,2.0,6.0,,,,,,,0.02926829268292683,,,0.05555555555555555,3.0,,,1.0,False,,,
202681,1610612742,Kyrie Irving,Kyrie Irving,202681,DAL,92352.0,1539,106.0,3159,3148,622.0,582.0,381,6307,100.0,150.0,18.0,21.0,34.0,108.0,235.0,42.0,102.0,52.0,12.0,92.0,250.0,12.0,21.0,11.0,50.0,250.0,487.0,118.0,302.0,159.0,1013.0,3640,24.0,37.0,16.0,31.0,105.0,49.0,97.0,16.0,62.0,41.0,187.0,158.0,342.0,219.0,135.0,249.0,92.0,27.0,134.0,67.0,201.0,51.0,16.0,85.0,43.0,6.0,469.0,23.0,28.0,70.0,78.0,156.0,51.0,207.0,19.0,51.0,21.0,30.0,67.0,14.0,44.0,28.0,5.0,23.0,95.0,20.0,43.0,85.0,6.0,134.0,,3.0,176.0,21.0,71.0,14.0,6.0,8.0,15.0,10.0,183.0,616.0,0.316,0.32510288065843623,0.6186440677966102,0.39072847682119205,0.5161290322580645,0.25806451612903225,0.3920265780730897,0.5133470225872689,0.6486486486486487,0.5051546391752577,0.541191381495564,0.7058823529411765,0.4591194968553459,0.5820721769499418,0.7123287671232876,0.5167597765363129,0.38276299112801015,0.055441478439425054,0.06,0.07234042553191489,26.432943795214246,0.7052631578947368,0.0936374549819928,0.03748326639892905,0.09985734664764621,0.03299856527977044,0.09647979139504563,0.035318559556786706,0.047619047619047616,0.03814713896457766,0.036468330134357005,0.07301587301587302,0.11027568922305764,0.09243697478991597,0.10297029702970296,0.09183673469387756,0.04960835509138381,0.6666666666666666,0.19011406844106463,0.6666666666666666,0.7092198581560284,0.39,0.29784537389100124,0.4595744680851064,0.4954128440366973,0.24074074074074073,0.12927756653992395,0.4117647058823529,0.4158415841584158,0.3333333333333333,0.06590621039290241,0.31685678073510776,0.368,0.37551020408163266,0.5434782608695652,0.2647058823529412,0.3088235294117647,0.5714285714285714,0.5833333333333334,0.2138364779874214,0.6176470588235294,0.07547169811320754,0.31446540880503143,0.22,0.5728770595690748,0.36947791164658633,0.5124218274111672,0.5246928571428571,0.4984481012658228,0.09004739336492891,0.13221601489757914,0.10365251727541955,0.18460019743336623,8.248870636550308,25.938741721854296,0.196897752453308,13.0,26.0,4.0,10.0,5.0,9.0,14.0,,8.0,,1.0,3.0,2.0,15.0,,4.0,8.0,0.09523809523809523,,0.020134228187919462,0.022727272727272728,0.5,0.52,0.8846153846153846,0.7222222222222222,0.3076923076923077,0.14705882352941177,0.4,1.0,0.4166666666666667,1.0,7.0,6.0,,5.0,1.0,1.0,,,0.023178807947019868,0.02,0.016286644951140065,14.0,,0.00980392156862745,,,,,False,,0.038461538461538464,1.0
203915,1610612742,Spencer Dinwiddie,Spencer Dinwiddie,203915,DAL,83235.0,1387,-45.0,2854,2853,684.0,660.0,302,5707,46.0,82.0,5.0,9.0,17.0,54.0,125.0,10.0,24.0,46.0,8.0,56.0,173.0,8.0,13.0,13.0,44.0,110.0,231.0,77.0,219.0,125.0,576.0,3264,6.0,11.0,9.0,18.0,41.0,20.0,48.0,16.0,52.0,33.0,121.0,44.0,176.0,138.0,93.0,172.0,56.0,14.0,109.0,89.0,198.0,48.0,41.0,72.0,28.0,9.0,485.0,5.0,7.0,59.0,60.0,120.0,12.0,132.0,5.0,47.0,34.0,13.0,33.0,15.0,27.0,27.0,2.0,6.0,60.0,15.0,41.0,79.0,4.0,127.0,,11.0,150.0,17.0,65.0,8.0,3.0,5.0,10.0,5.0,119.0,678.0,0.2,0.205607476635514,0.5974025974025974,0.3515981735159817,0.5,0.3076923076923077,0.3532110091743119,0.47619047619047616,0.5454545454545454,0.4166666666666667,0.5011111111111111,0.6724137931034483,0.44,0.560546875,0.6833333333333333,0.521551724137931,0.4866666666666667,0.06060606060606061,0.0975609756097561,0.04,17.925415230335318,0.55,0.07853403141361257,0.010510510510510511,0.09262166405023547,0.008012820512820512,0.08493932905067808,0.009302325581395349,,0.014925373134328358,0.0045045045045045045,0.07508532423208192,0.08196721311475409,0.0761904761904762,0.09421841541755889,0.08823529411764706,0.02092050209205021,0.5,0.18222222222222223,0.5609756097560976,0.6216216216216216,0.2608695652173913,0.2777777777777778,0.432,0.45,0.14814814814814814,0.05333333333333334,0.4166666666666667,0.43478260869565216,0.2,0.10222222222222223,0.3844444444444444,0.3236994219653179,0.3236994219653179,0.5357142857142857,0.1724137931034483,0.4482758620689655,0.6153846153846154,0.75,0.17,0.5294117647058824,0.08,0.44,0.29545454545454547,0.6688888888888889,0.32558139534883723,0.517999330357143,0.501802380952381,0.4980626262626264,0.14257425742574256,0.23297491039426524,0.07118055555555555,0.21006944444444445,6.977489177489182,25.51506849315068,0.2396636299929923,4.0,21.0,1.0,5.0,3.0,2.0,6.0,,1.0,1.0,2.0,7.0,1.0,7.0,,6.0,6.0,0.01694915254237288,,0.018867924528301886,0.016666666666666666,0.45652173913043476,0.45652173913043476,0.7619047619047619,0.8,,0.1724137931034483,0.2,,0.375,1.0,,4.0,,7.0,2.0,1.0,1.0,,,,0.030973451327433628,2.0,,0.041666666666666664,2.0,,,,False,,,
1641726,1610612742,Dereck Lively II,Dereck Lively II,1641726,DAL,46109.0,768,124.0,1561,1568,298.0,299.0,199,3129,93.0,123.0,33.0,8.0,17.0,31.0,54.0,,,,,,,,,,,124.0,177.0,,,44.0,292.0,1716,32.0,40.0,,,72.0,10.0,25.0,,,14.0,34.0,198.0,50.0,,,,,22.0,40.0,44.0,84.0,41.0,3.0,24.0,11.0,5.0,212.0,41.0,53.0,70.0,73.0,152.0,99.0,251.0,7.0,17.0,11.0,6.0,19.0,6.0,11.0,20.0,,8.0,39.0,6.0,57.0,94.0,9.0,48.0,,,69.0,7.0,35.0,54.0,27.0,26.0,54.0,33.0,34.0,294.0,0.7983870967741935,0.9252336448598131,,,,,,0.7005649717514124,0.8,0.4,0.7005649717514124,0.8,0.4,0.7019230769230769,0.8,0.4722222222222222,,0.12429378531073447,0.11382113821138211,0.14814814814814814,13.791178112786152,0.48717948717948717,0.1806930693069307,0.1424731182795699,0.18867924528301888,0.1132596685082873,0.18451612903225806,0.12806539509536785,0.14705882352941177,0.16666666666666666,0.1213235294117647,0.18796992481203006,0.2028301886792453,0.0847457627118644,0.16666666666666666,0.23893805309734514,0.22580645161290322,0.6111111111111112,0.6949152542372882,0.7560975609756098,0.8532110091743119,0.7956989247311828,0.3050847457627119,0.5740740740740741,0.6739130434782609,0.8064516129032258,,,,,,,,,,0.825,,,,0.68,0.47058823529411764,,,,0.6949152542372882,,0.5976242937853107,0.6123548387096774,0.5776800000000001,0.17073170731707318,0.17073170731707318,0.2465753424657534,0.11643835616438356,3.0728813559322035,,0.190903267136451,27.0,,,,,8.0,34.0,5.0,9.0,1.0,3.0,10.0,4.0,3.0,4.0,5.0,3.0,0.2571428571428571,0.11904761904761904,0.05,0.08888888888888889,,,,0.8181818181818182,0.37037037037037035,,,,,,,10.0,,,,,,1.0,,,,,1.0,,,,4.0,,False,,,
202691,1610612742,Klay Thompson,Klay Thompson,202691,DAL,83229.0,1387,41.0,2835,2829,402.0,361.0,338,5664,31.0,47.0,5.0,3.0,3.0,27.0,81.0,37.0,91.0,110.0,15.0,105.0,277.0,14.0,32.0,20.0,38.0,95.0,219.0,147.0,387.0,39.0,670.0,3291,10.0,19.0,17.0,51.0,73.0,9.0,17.0,26.0,53.0,14.0,110.0,134.0,56.0,426.0,15.0,277.0,105.0,12.0,68.0,33.0,101.0,20.0,13.0,46.0,18.0,4.0,235.0,13.0,18.0,64.0,66.0,140.0,31.0,171.0,7.0,37.0,25.0,12.0,45.0,7.0,36.0,26.0,5.0,9.0,71.0,8.0,35.0,64.0,3.0,32.0,,1.0,43.0,6.0,17.0,21.0,7.0,12.0,21.0,13.0,108.0,398.0,0.7052631578947368,0.7204301075268817,0.9659863945578231,0.3798449612403101,0.3333333333333333,0.49056603773584906,0.3798449612403101,0.4337899543378995,0.5263157894736842,0.5294117647058824,0.5206270627062707,0.5071428571428571,0.6857142857142857,0.5361736334405145,0.5140845070422535,0.7142857142857143,0.6386138613861386,0.0547945205479452,0.0425531914893617,0.09876543209876543,21.561916614810205,0.6338028169014085,0.08764940239043825,0.02710843373493976,0.10094637223974763,0.019548872180451128,0.09372746935832732,0.023325808878856283,0.049019607843137254,0.018072289156626505,0.013972055888223553,0.07931034482758621,0.07163323782234957,0.15789473684210525,0.08991228070175439,0.12921348314606743,0.020289855072463767,0.6190476190476191,0.07755775577557755,0.6595744680851063,0.6888888888888889,0.7419354838709677,0.13366336633663367,0.3333333333333333,0.3698630136986301,0.6296296296296297,0.15016501650165018,0.4065934065934066,0.4157303370786517,0.7297297297297297,0.18151815181518152,0.4570957095709571,0.37906137184115524,0.38461538461538464,0.9523809523809523,0.07142857142857142,0.45714285714285713,0.4375,0.8571428571428571,0.04285714285714286,1.0,0.21428571428571427,0.5428571428571428,0.5263157894736842,0.7161716171617162,0.37906137184115524,0.5289799504950495,0.5284223684210525,0.5125085714285714,0.02912621359223301,0.07391304347826087,0.10895522388059702,0.16417910447761194,11.51826484018265,25.048062015503863,0.14179894179894179,2.0,42.0,3.0,19.0,6.0,2.0,4.0,,10.0,1.0,6.0,3.0,1.0,4.0,,3.0,3.0,0.14705882352941177,,0.015625,0.036585365853658534,0.38181818181818183,0.38181818181818183,1.0,0.4,0.5,0.2714285714285714,0.15789473684210525,1.0,0.4,,4.0,8.0,,1.0,,,,2.0,0.0103359173126615,0.01444043321299639,0.002577319587628866,4.0,1.0,0.02197802197802198,2.0,,,,False,,,
203939,1610612742,Dwight Powell,Dwight Powell,203939,DAL,18830.0,314,24.0,652,648,200.0,211.0,83,1300,21.0,24.0,6.0,4.0,4.0,1.0,3.0,,,2.0,1.0,,,,,,,22.0,27.0,1.0,2.0,23.0,70.0,699,5.0,7.0,1.0,1.0,14.0,4.0,4.0,,1.0,9.0,17.0,34.0,10.0,3.0,,,,3.0,18.0,10.0,28.0,9.0,1.0,9.0,6.0,3.0,66.0,19.0,13.0,18.0,28.0,47.0,32.0,79.0,,12.0,7.0,5.0,5.0,,2.0,4.0,,3.0,9.0,3.0,29.0,47.0,3.0,32.0,1.0,1.0,37.0,3.0,14.0,17.0,8.0,9.0,18.0,10.0,17.0,200.0,0.7727272727272727,0.9444444444444444,1.0,0.5,1.0,,0.5,0.8148148148148148,0.7142857142857143,1.0,0.8103448275862069,0.8125,0.8,0.7954545454545454,0.7777777777777778,0.85,0.06896551724137931,0.1111111111111111,0.08333333333333333,0.3333333333333333,7.162162162162161,0.5555555555555556,0.16374269005847952,0.08843537414965986,0.13636363636363635,0.12418300653594772,0.15181518151815182,0.10666666666666667,0.06521739130434782,0.12857142857142856,0.102803738317757,0.21311475409836064,0.15789473684210525,0.08823529411764706,0.15625,0.08333333333333333,,0.5555555555555556,0.8275862068965517,0.875,0.9545454545454546,0.7619047619047619,0.10344827586206896,0.3333333333333333,0.5,1.0,,,,,0.06896551724137931,,,,,0.75,,,,0.8,1.0,0.2,,,0.896551724137931,,0.6563396551724139,0.5635916666666667,0.64114,0.35,0.3684210526315789,0.2,0.24285714285714285,1.8333333333333333,23.25,0.3067484662576687,5.0,1.0,1.0,1.0,,1.0,8.0,,1.0,1.0,,5.0,4.0,4.0,,5.0,4.0,0.1,,0.03225806451612903,0.17391304347826086,0.5,0.5,1.0,0.8333333333333334,0.2,0.125,1.0,1.0,,,,1.0,,,1.0,1.0,,,,,,,,,,,,,False,,,
1630314,1610612742,Brandon Williams,Brandon Williams,1630314,DAL,12636.0,211,-10.0,450,443,175.0,116.0,50,893,12.0,24.0,1.0,5.0,10.0,5.0,12.0,2.0,3.0,5.0,1.0,8.0,20.0,2.0,3.0,2.0,11.0,19.0,39.0,9.0,25.0,22.0,87.0,502,1.0,1.0,2.0,3.0,9.0,8.0,17.0,2.0,12.0,16.0,38.0,10.0,28.0,24.0,3.0,19.0,8.0,8.0,23.0,11.0,34.0,5.0,6.0,11.0,10.0,2.0,79.0,1.0,3.0,5.0,11.0,17.0,4.0,21.0,,4.0,3.0,1.0,13.0,3.0,8.0,3.0,,5.0,16.0,1.0,5.0,9.0,,24.0,,2.0,25.0,2.0,8.0,2.0,1.0,1.0,3.0,2.0,38.0,175.0,0.2631578947368421,0.2631578947368421,0.8888888888888888,0.36,0.6666666666666666,0.16666666666666666,0.375,0.48717948717948717,1.0,0.47058823529411764,0.5078125,1.0,0.3793103448275862,0.58,0.9,0.5135135135135135,0.390625,0.20512820512820512,0.20833333333333334,0.25,18.127490039840637,0.8125,0.1,0.03,0.04672897196261682,0.010309278350515464,0.07373271889400922,0.02030456852791878,0.05555555555555555,0.02127659574468085,0.015151515151515152,0.10869565217391304,0.12,,0.06493506493506493,,,0.6666666666666666,0.375,0.5,0.631578947368421,0.4166666666666667,0.1875,0.4166666666666667,0.5555555555555556,,0.046875,0.6666666666666666,0.6666666666666666,,0.078125,0.3125,0.4,0.4,0.875,0.25,0.75,0.6666666666666666,1.0,0.3448275862068966,0.5,0.034482758620689655,0.3793103448275862,0.18181818181818182,0.765625,0.42105263157894735,0.548568253968254,0.5266500000000001,0.5564464285714286,0.1267605633802817,0.17777777777777778,0.10344827586206896,0.4367816091954023,5.179487179487179,26.083999999999996,0.3888888888888889,1.0,1.0,,,,1.0,,,1.0,,,,,4.0,,2.0,4.0,0.1111111111111111,,,,0.2,0.2,1.0,1.0,1.0,,,,,1.0,,2.0,,1.0,1.0,1.0,,,,,0.038461538461538464,,,,,,,,False,,,
1641789,1610612742,Jazian Gortman,Jazian Gortman,1641789,DAL,3395.0,57,11.0,129,125,53.0,64.0,15,254,2.0,4.0,,2.0,4.0,1.0,5.0,2.0,3.0,5.0,3.0,2.0,6.0,,,,1.0,5.0,12.0,4.0,11.0,2.0,24.0,126,,,,1.0,,4.0,7.0,1.0,4.0,1.0,12.0,2.0,8.0,9.0,3.0,6.0,2.0,1.0,4.0,2.0,6.0,2.0,,2.0,1.0,1.0,14.0,1.0,,,4.0,4.0,1.0,5.0,,2.0,1.0,1.0,3.0,,1.0,2.0,1.0,2.0,5.0,3.0,4.0,9.0,,2.0,,,4.0,,,1.0,,1.0,1.0,,12.0,53.0,0.2,0.2,0.75,0.36363636363636365,,0.25,0.36363636363636365,0.4166666666666667,,0.5714285714285714,0.4782608695652174,,0.5,0.5,,0.5,0.4782608695652174,0.08333333333333333,0.25,,20.0,0.6,0.1,,,0.03571428571428571,0.06779661016949153,0.018518518518518517,,,0.05,0.0625,0.13333333333333333,0.1111111111111111,,,,,0.17391304347826086,0.5,0.6666666666666666,,0.21739130434782608,0.2,0.2,,0.13043478260869565,0.6666666666666666,0.6666666666666666,0.5,0.21739130434782608,0.2608695652173913,0.3333333333333333,0.3333333333333333,0.5,,,,,0.36363636363636365,0.5,0.2727272727272727,0.09090909090909091,,0.6521739130434783,0.3333333333333333,0.5094717391304348,0.44745,0.528609090909091,,,,0.5,9.158333333333333,24.218181818181815,0.4108527131782946,,2.0,,1.0,1.0,,,,,,1.0,,,1.0,,,,,,,,0.4,0.4,1.0,,,1.0,,,0.3333333333333333,,,,,,,,,,,,,,,,,,,,False,,,
1630230,1610612742,Naji Marshall,Naji Marshall,1630230,DAL,63954.0,1066,-40.0,2170,2180,530.0,507.0,258,4350,80.0,116.0,16.0,22.0,33.0,71.0,133.0,5.0,6.0,70.0,20.0,16.0,58.0,3.0,8.0,5.0,15.0,156.0,255.0,40.0,128.0,64.0,496.0,2524,22.0,32.0,6.0,13.0,62.0,46.0,71.0,12.0,35.0,29.0,157.0,154.0,158.0,120.0,,54.0,16.0,20.0,64.0,44.0,108.0,31.0,13.0,47.0,10.0,7.0,260.0,18.0,18.0,67.0,48.0,121.0,36.0,157.0,8.0,44.0,25.0,19.0,36.0,14.0,25.0,30.0,5.0,11.0,66.0,17.0,25.0,59.0,3.0,59.0,1.0,1.0,76.0,11.0,38.0,5.0,3.0,2.0,5.0,,153.0,526.0,0.4935897435897436,0.5347222222222222,1.0,0.3125,0.46153846153846156,0.34285714285714286,0.3225806451612903,0.611764705882353,0.6875,0.647887323943662,0.5639686684073107,0.6888888888888889,0.6037735849056604,0.5961538461538461,0.6888888888888889,0.6434426229508197,0.3342036553524804,0.0784313725490196,0.09482758620689655,0.06766917293233082,19.616639477977163,0.5454545454545454,0.08695652173913043,0.03501945525291829,0.13111545988258316,0.03896103896103896,0.10818438381937912,0.036885245901639344,0.02857142857142857,0.04182509505703422,0.04477611940298507,0.061855670103092786,0.08540925266903915,0.15584415584415584,0.125,0.1456953642384106,0.05161290322580645,,0.3028720626631854,0.6896551724137931,0.7619047619047619,0.5375,0.3472584856396867,0.5338345864661654,0.5725806451612904,0.43661971830985913,0.015665796344647518,0.8333333333333334,0.8333333333333334,0.6,0.18276762402088773,0.1514360313315927,0.27586206896551724,0.2807017543859649,1.0,0.35555555555555557,0.17777777777777778,0.375,1.0,0.3113207547169811,0.6666666666666666,0.18867924528301888,0.14150943396226415,0.3333333333333333,0.6370757180156658,0.2962962962962963,0.5457494722955144,0.5304017241379311,0.5362281553398056,0.09268292682926829,0.1347517730496454,0.125,0.3165322580645161,5.487058823529414,25.323437499999994,0.24423963133640553,12.0,24.0,3.0,5.0,7.0,,24.0,,6.0,,6.0,5.0,2.0,6.0,,3.0,3.0,0.11320754716981132,,0.02631578947368421,0.023622047244094488,0.34285714285714286,0.35294117647058826,1.0,0.75,0.25,0.1111111111111111,0.6,1.0,0.35,4.0,3.0,5.0,,,,,,,0.0234375,0.017241379310344827,,,,,2.0,,,,False,,0.02857142857142857,2.0
1630702,1610612742,Jaden Hardy,Jaden Hardy,1630702,DAL,39530.0,659,-39.0,1379,1369,363.0,397.0,156,2748,36.0,61.0,5.0,8.0,15.0,33.0,70.0,5.0,25.0,27.0,8.0,44.0,115.0,6.0,12.0,16.0,37.0,74.0,156.0,56.0,142.0,38.0,354.0,1558,3.0,7.0,7.0,15.0,31.0,15.0,39.0,18.0,45.0,12.0,96.0,58.0,90.0,144.0,24.0,114.0,44.0,16.0,40.0,20.0,60.0,10.0,10.0,31.0,8.0,1.0,140.0,4.0,4.0,32.0,25.0,59.0,8.0,67.0,1.0,22.0,14.0,8.0,38.0,6.0,18.0,25.0,7.0,20.0,63.0,14.0,35.0,68.0,4.0,45.0,1.0,3.0,55.0,7.0,27.0,5.0,1.0,3.0,5.0,3.0,96.0,362.0,0.3918918918918919,0.3918918918918919,0.8571428571428571,0.39436619718309857,0.4666666666666667,0.4,0.3971631205673759,0.47435897435897434,0.42857142857142855,0.38461538461538464,0.5302013422818792,0.6136363636363636,0.5,0.5496894409937888,0.6458333333333334,0.5333333333333333,0.47651006711409394,0.10256410256410256,0.13114754098360656,0.11428571428571428,24.67866323907455,0.6031746031746031,0.07462686567164178,0.011627906976744186,0.1038961038961039,0.014652014652014652,0.08864696734059098,0.012965964343598054,0.008620689655172414,0.011560693641618497,0.01485148514851485,0.10294117647058823,0.06493506493506493,0.022222222222222223,0.10833333333333334,0.08823529411764706,0.006896551724137931,0.6,0.20469798657718122,0.5901639344262295,0.6792452830188679,0.4722222222222222,0.2348993288590604,0.4714285714285714,0.532258064516129,0.36363636363636365,0.08389261744966443,0.2,0.2,,0.09060402684563758,0.3859060402684564,0.3826086956521739,0.3893805309734513,0.8181818181818182,0.22727272727272727,0.5454545454545454,0.5,1.0,0.17857142857142858,0.5333333333333333,0.09523809523809523,0.44047619047619047,0.43243243243243246,0.6812080536912751,0.38596491228070173,0.5295350168350169,0.5696749999999999,0.5202738095238095,0.08490566037735849,0.1534090909090909,0.08757062146892655,0.2711864406779661,7.360897435897437,25.66760563380283,0.2632342277012328,2.0,12.0,1.0,3.0,2.0,4.0,,,2.0,3.0,2.0,4.0,,4.0,,8.0,3.0,0.06451612903225806,,0.01818181818181818,0.014084507042253521,0.4444444444444444,0.4444444444444444,1.0,0.4,1.0,0.13636363636363635,0.3333333333333333,1.0,0.25,1.0,2.0,3.0,,,,,,1.0,0.014084507042253521,0.017391304347826087,,1.0,,,2.0,,,,False,,,
1641765,1610612742,Olivier-Maxence Prosper,Olivier-Maxence Prosper,1641765,DAL,27328.0,455,-97.0,951,957,276.0,203.0,101,1908,33.0,53.0,13.0,13.0,17.0,9.0,31.0,2.0,8.0,28.0,5.0,2.0,15.0,,1.0,,3.0,44.0,92.0,10.0,43.0,39.0,157.0,1085,8.0,18.0,,4.0,23.0,15.0,22.0,1.0,8.0,10.0,43.0,52.0,36.0,30.0,,15.0,2.0,11.0,13.0,17.0,30.0,8.0,9.0,6.0,3.0,4.0,77.0,21.0,13.0,21.0,38.0,67.0,35.0,102.0,4.0,17.0,11.0,6.0,3.0,3.0,2.0,9.0,2.0,1.0,12.0,2.0,9.0,22.0,1.0,44.0,,1.0,62.0,4.0,30.0,5.0,4.0,1.0,5.0,4.0,43.0,276.0,0.5909090909090909,0.6666666666666666,1.0,0.23255813953488372,,0.125,0.23255813953488372,0.4782608695652174,0.4444444444444444,0.6818181818181818,0.43703703703703706,0.36363636363636365,0.55,0.47865853658536583,0.42592592592592593,0.5512820512820513,0.31851851851851853,0.11956521739130435,0.11320754716981132,0.16129032258064516,16.46398503274088,0.25,0.15702479338842976,0.05752212389380531,0.11170212765957446,0.0958904109589041,0.1372093023255814,0.07640449438202247,0.04819277108433735,0.050505050505050504,0.09202453987730061,0.12359550561797752,0.1592920353982301,0.225,0.12142857142857143,0.08333333333333333,0.057971014492753624,0.8,0.3925925925925926,0.6226415094339622,0.7021276595744681,0.6363636363636364,0.22962962962962963,0.2903225806451613,0.34615384615384615,0.3333333333333333,0.05925925925925926,0.25,0.25,1.0,0.2074074074074074,0.1111111111111111,0.13333333333333333,0.13333333333333333,1.0,0.5909090909090909,0.045454545454545456,,,0.5666666666666667,0.7647058823529411,0.16666666666666666,0.1,,0.7111111111111111,0.13333333333333333,0.5755474074074074,0.5985958333333333,0.6476200000000001,0.18633540372670807,0.2542372881355932,0.1464968152866242,0.27388535031847133,4.7597826086956525,24.162790697674414,0.2902208201892745,8.0,8.0,,3.0,1.0,7.0,10.0,1.0,8.0,,2.0,3.0,8.0,3.0,2.0,,3.0,0.32,0.030303030303030304,0.09090909090909091,0.10714285714285714,0.2857142857142857,0.2857142857142857,1.0,0.6153846153846154,0.375,0.13636363636363635,,,0.2,,,1.0,,,,,,,,,,,,,1.0,,,,False,,,
1630556,1610612742,Kessler Edwards,Kessler Edwards,1630556,DAL,19425.0,324,-87.0,669,669,158.0,143.0,65,1338,14.0,20.0,7.0,3.0,4.0,5.0,9.0,1.0,4.0,16.0,4.0,3.0,14.0,1.0,2.0,2.0,5.0,20.0,33.0,8.0,30.0,8.0,72.0,836,8.0,9.0,1.0,3.0,21.0,4.0,5.0,3.0,9.0,6.0,23.0,30.0,10.0,24.0,,14.0,3.0,2.0,12.0,13.0,25.0,7.0,6.0,4.0,6.0,2.0,63.0,8.0,3.0,23.0,33.0,59.0,11.0,70.0,,11.0,4.0,7.0,7.0,,5.0,3.0,1.0,2.0,10.0,3.0,22.0,35.0,,7.0,,,8.0,,2.0,9.0,5.0,3.0,9.0,4.0,23.0,156.0,0.75,0.8823529411764706,1.0,0.26666666666666666,0.3333333333333333,0.3333333333333333,0.26666666666666666,0.6060606060606061,0.8888888888888888,0.8,0.5079365079365079,0.7916666666666666,0.6071428571428571,0.5373134328358209,0.8076923076923077,0.6764705882352942,0.47619047619047616,0.06060606060606061,0.1,,10.433604336043361,0.7,0.1793478260869565,0.020689655172413793,0.19327731092436976,0.05517241379310345,0.1848184818481848,0.03793103448275862,0.020833333333333332,0.015151515151515152,0.045871559633027525,0.15,0.19736842105263158,0.21428571428571427,0.19101123595505617,0.2,,0.4444444444444444,0.31746031746031744,0.7,0.7777777777777778,0.6428571428571429,0.14285714285714285,0.5555555555555556,0.5555555555555556,1.0,0.06349206349206349,0.25,0.25,1.0,0.25396825396825395,0.2222222222222222,0.21428571428571427,0.21428571428571427,1.0,0.5833333333333334,0.16666666666666666,0.5,1.0,0.2857142857142857,0.75,0.2857142857142857,0.35714285714285715,0.4,0.7936507936507936,0.21428571428571427,0.5593873015873015,0.6207,0.5260857142857143,0.03076923076923077,0.05714285714285714,0.2916666666666667,0.3194444444444444,5.309090909090909,24.526666666666664,0.23617339312406577,7.0,5.0,,1.0,1.0,2.0,6.0,,3.0,1.0,1.0,1.0,1.0,2.0,,2.0,2.0,0.2,,0.03225806451612903,0.08333333333333333,0.3125,0.3125,1.0,1.0,0.5714285714285714,0.08333333333333333,,,0.25,,,,,,,,,1.0,,,,,,,,,,,False,,,
1628997,1610612742,Caleb Martin,Caleb Martin,1628997,DAL,2627.0,44,-6.0,90,89,30.0,17.0,9,179,2.0,2.0,,,,1.0,1.0,1.0,3.0,3.0,,1.0,1.0,,,,,4.0,6.0,1.0,4.0,1.0,12.0,111,,,,,,,,,,,,,8.0,3.0,,1.0,1.0,,3.0,2.0,5.0,1.0,1.0,1.0,2.0,,12.0,1.0,,4.0,1.0,5.0,1.0,6.0,,2.0,1.0,1.0,,2.0,,2.0,,,2.0,,3.0,3.0,,2.0,1.0,,1.0,1.0,1.0,,,,,,,28.0,,,1.0,0.25,,,0.25,0.6666666666666666,,,0.55,,,0.6,,,0.4,,,,12.244897959183673,,0.045454545454545456,,0.15384615384615385,0.05263157894736842,0.10416666666666667,0.02857142857142857,,,0.06666666666666667,,0.125,,0.16666666666666666,0.125,,,0.2,1.0,1.0,,0.1,1.0,1.0,,0.3,0.3333333333333333,0.3333333333333333,,0.3,0.1,1.0,1.0,1.0,,,,,,,,,,0.6,1.0,0.544435,,,0.1,0.16666666666666666,,,11.65,23.8,0.3333333333333333,,,,,,,,,,,,,,,,,,,,,,,,,,,,,,,,,,,,,,,,,,,,,,,,,,False,,,
203957,1610612742,Danté Exum,Danté Exum,203957,DAL,11612.0,194,-82.0,403,403,59.0,51.0,36,806,16.0,27.0,2.0,1.0,4.0,5.0,16.0,1.0,2.0,9.0,,5.0,20.0,1.0,2.0,,2.0,22.0,45.0,10.0,29.0,11.0,85.0,482,,3.0,1.0,2.0,3.0,1.0,7.0,,2.0,,2.0,18.0,26.0,27.0,3.0,20.0,5.0,8.0,18.0,13.0,31.0,7.0,6.0,9.0,8.0,1.0,75.0,1.0,1.0,7.0,9.0,16.0,2.0,18.0,1.0,7.0,3.0,4.0,8.0,2.0,7.0,6.0,,1.0,14.0,2.0,11.0,16.0,1.0,12.0,,1.0,17.0,1.0,9.0,1.0,1.0,,1.0,,2.0,59.0,0.4090909090909091,0.4090909090909091,0.9,0.3448275862068966,0.5,,0.3448275862068966,0.4888888888888889,,0.14285714285714285,0.5,0.3,0.1111111111111111,0.5182926829268293,0.3,0.1111111111111111,0.3918918918918919,0.17777777777777778,0.2222222222222222,0.125,21.573033707865168,0.5714285714285714,0.08181818181818182,0.009259259259259259,0.09210526315789473,0.010869565217391304,0.08602150537634409,0.01,,0.018518518518518517,0.014084507042253521,0.10204081632653061,0.09302325581395349,,0.08620689655172414,0.1111111111111111,0.029411764705882353,,0.36486486486486486,0.5925925925925926,0.7619047619047619,0.3125,0.21621621621621623,0.3125,0.35714285714285715,0.6,0.02702702702702703,0.5,0.5,1.0,0.12162162162162163,0.2702702702702703,0.25,0.25,0.8,0.4,0.4,0.5,1.0,0.4444444444444444,0.25,,0.2222222222222222,,0.7567567567567568,0.25,0.5571527027027027,0.6332333333333334,0.5570555555555555,0.10975609756097561,0.16981132075471697,0.03529411764705882,0.023529411764705882,4.82,25.134482758620692,0.14640198511166252,,5.0,,,,,,,,,1.0,,,,,,,,,,,0.5555555555555556,0.5555555555555556,1.0,,,,,,,,,,,,,,,,,,,,,,2.0,,,,False,,,
1629650,1610612742,Moses Brown,Moses Brown,1629650,DAL,1243.0,21,1.0,42,44,21.0,4.0,5,86,5.0,5.0,2.0,3.0,3.0,1.0,3.0,,,,,,,,,,,6.0,8.0,,,1.0,13.0,39,2.0,3.0,,,4.0,3.0,5.0,,,,6.0,8.0,4.0,,,,,,,,,,,,,,,1.0,3.0,6.0,3.0,9.0,4.0,13.0,,,,,2.0,,2.0,2.0,,,4.0,2.0,5.0,5.0,,2.0,,,1.0,1.0,1.0,2.0,1.0,1.0,2.0,1.0,6.0,21.0,0.6666666666666666,1.0,,,,,,0.75,0.6666666666666666,0.6,0.75,0.6666666666666666,0.6,0.8125,0.6666666666666666,0.6,,,,,25.0,0.5,0.1875,0.23076923076923078,0.4,0.1111111111111111,0.2903225806451613,0.18181818181818182,1.0,,0.125,0.25,0.18181818181818182,,0.3333333333333333,0.6666666666666666,,0.5,0.625,1.0,1.0,0.6,0.375,0.3333333333333333,0.3333333333333333,1.0,,,,,,,,,,0.6666666666666666,,,,0.6,1.0,,,,0.625,,0.6011875,0.5338,0.60628,0.125,0.125,0.3076923076923077,0.46153846153846156,3.0875000000000004,,0.5,2.0,,,,,,4.0,,,,1.0,,1.0,,,,,,,0.25,,,,,1.0,,,,,,,,2.0,,,,,,,,,,,,,,,1.0,,False,,,
203076,1610612742,Anthony Davis,Anthony Davis,203076,DAL,929.0,15,19.0,30,30,3.0,13.0,4,60,3.0,5.0,2.0,,,2.0,4.0,1.0,2.0,,,2.0,2.0,,,1.0,1.0,6.0,11.0,2.0,2.0,3.0,21.0,31,2.0,3.0,,,6.0,,,1.0,1.0,,3.0,4.0,8.0,3.0,3.0,2.0,2.0,,3.0,2.0,5.0,,2.0,2.0,1.0,,12.0,2.0,2.0,4.0,5.0,9.0,4.0,13.0,1.0,,,,,,,,,,,,,,,2.0,,,4.0,,2.0,3.0,2.0,1.0,3.0,2.0,3.0,3.0,0.3333333333333333,0.5,0.5,1.0,,1.0,1.0,0.5454545454545454,0.6666666666666666,,0.6923076923076923,0.6666666666666666,1.5,0.7,0.75,1.5,0.15384615384615385,,,,41.66666666666667,,0.5,0.2222222222222222,0.5,0.4,0.5,0.2857142857142857,0.3333333333333333,0.25,0.5,0.5,0.6,,0.5,0.5,0.2,0.6666666666666666,0.38461538461538464,0.6,0.6,0.3333333333333333,0.3076923076923077,0.5,0.5,,0.15384615384615385,0.5,0.5,1.0,,0.15384615384615385,1.0,1.0,0.5,0.6666666666666666,,,,,,,1.0,1.0,0.5384615384615384,1.0,0.5792,0.6222,0.55995,0.13333333333333333,0.15384615384615385,0.2857142857142857,0.14285714285714285,5.7272727272727275,25.0,0.1,2.0,,,,,2.0,4.0,,,,,,,,,,,,,,,,,,1.0,,,,,,,,,,,,,,,,,,,,,,,,,False,,,
1630283,1610612742,Kylor Kelley,Kylor Kelley,1630283,DAL,3654.0,61,-31.0,127,128,45.0,10.0,17,255,6.0,8.0,3.0,2.0,4.0,4.0,5.0,,,,,,,,,,,10.0,13.0,,,3.0,23.0,162,4.0,6.0,,,8.0,2.0,4.0,,,,4.0,16.0,4.0,,,,,,1.0,1.0,2.0,1.0,,1.0,,,5.0,5.0,2.0,7.0,5.0,13.0,7.0,20.0,,,,,1.0,,1.0,,,,1.0,,5.0,7.0,,3.0,,,4.0,,2.0,2.0,1.0,1.0,2.0,1.0,4.0,45.0,0.8,0.8888888888888888,,,,,,0.7692307692307693,0.6666666666666666,0.5,0.7692307692307693,0.6666666666666666,0.5,0.7666666666666667,0.6666666666666666,0.5,,,,,10.738255033557047,1.0,0.15151515151515152,0.05263157894736842,0.22580645161290322,0.1724137931034483,0.1875,0.1044776119402985,0.08333333333333333,0.043478260869565216,0.22727272727272727,0.06666666666666667,0.2857142857142857,,0.17391304347826086,0.375,,0.5,0.6153846153846154,0.75,0.75,0.6666666666666666,0.38461538461538464,0.8,0.8,1.0,,,,,,,,,,0.5,,,,1.0,0.5,,,,0.6153846153846154,,0.5965307692307692,0.5230750000000001,0.72875,0.13333333333333333,0.13333333333333333,0.34782608695652173,0.17391304347826086,2.838461538461539,,0.3543307086614173,2.0,,,,,,2.0,,1.0,,,2.0,1.0,,1.0,,,0.5,,,,,,,0.6666666666666666,,,,,,,,,,,,,,,,,,,,,,,,,False,,,
202693,1610612742,Markieff Morris,Markieff Morris,202693,DAL,2440.0,41,-10.0,91,91,47.0,57.0,8,182,,1.0,,,,1.0,3.0,2.0,5.0,2.0,2.0,2.0,11.0,1.0,1.0,2.0,7.0,3.0,9.0,2.0,13.0,,12.0,103,1.0,1.0,1.0,1.0,5.0,2.0,4.0,2.0,9.0,,10.0,4.0,2.0,6.0,,10.0,2.0,,2.0,2.0,4.0,1.0,1.0,1.0,1.0,,10.0,,,1.0,4.0,8.0,,8.0,,1.0,1.0,,2.0,,1.0,,,1.0,2.0,2.0,2.0,2.0,,1.0,,,,,,1.0,,1.0,1.0,1.0,10.0,47.0,0.6666666666666666,0.6666666666666666,1.0,0.15384615384615385,1.0,0.2222222222222222,0.16666666666666666,0.3333333333333333,1.0,0.5,0.2727272727272727,1.25,0.38461538461538464,0.2727272727272727,1.25,0.38461538461538464,0.5909090909090909,,,,24.242424242424242,1.0,0.15384615384615385,,0.07142857142857142,,0.125,,,,,0.1111111111111111,0.18181818181818182,0.16666666666666666,0.09090909090909091,,,1.0,0.045454545454545456,,,,0.13636363636363635,0.3333333333333333,0.3333333333333333,1.0,0.22727272727272727,0.4,0.4,0.5,0.09090909090909091,0.5,0.18181818181818182,0.18181818181818182,1.0,,0.5,1.0,1.0,,,0.15384615384615385,0.5384615384615384,0.2857142857142857,0.6363636363636364,0.2,0.476647619047619,0.4959,0.48171153846153847,,,0.4166666666666667,0.8333333333333334,14.18888888888889,28.35384615384616,0.5164835164835165,,,,,,,,,3.0,,,,,,,,,0.5,,,,,,,,,,,,,1.0,,,,,,,,,,,,,,,,,,,False,,,
1630539,1610612742,Kai Jones,Kai Jones,1630539,DAL,648.0,11,-1.0,18,19,,,4,37,3.0,3.0,1.0,,,,,,,,,,,,,,,3.0,3.0,,,1.0,7.0,21,1.0,1.0,,,3.0,,,,,,,6.0,,,,,,,,,,,,,,,,,1.0,2.0,1.0,3.0,1.0,4.0,,,,,,,,,,,,,,1.0,,2.0,,,2.0,,1.0,,,,,,,,1.0,1.0,,,,,,1.0,1.0,,1.0,1.0,,0.875,0.75,,,,,,18.181818181818183,,0.2,0.14285714285714285,0.5,,0.3333333333333333,0.09090909090909091,0.5,,,,,0.5,0.3333333333333333,1.0,,,1.0,1.0,1.0,1.0,,,,,,,,,,,,,,1.0,,,,,,,,,1.0,,0.8262666666666666,,,0.25,0.25,0.42857142857142855,,0.9333333333333332,,,1.0,,,,,1.0,,,,,,,,,,,,,,,,,,,1.0,1.0,,,,,,,,,,,,,,,,,,,,,,,,False,,,
