EntityId,TeamId,Name,ShortName,RowId,TeamAbbreviation,SecondsPlayed,Minutes,PlusMinus,OffPoss,DefPoss,PenaltyOffPoss,PenaltyDefPoss,SecondChanceOffPoss,TotalPoss,Arc3FGM,Arc3FGA,PenaltyArc3FGM,PenaltyArc3FGA,FG3M,FG3A,FtPoints,Points,OpponentPoints,PenaltyFG3M,PenaltyFG3A,PenaltyPoints,PtsAssisted3s,NonHeaveArc3FGA,NonHeaveArc3FGM,ShootingFouls,Fouls,FoulsDrawn,FTA,TwoPtShootingFoulsDrawn,PenaltyPointsExcludingTakeFouls,PenaltyOffPossExcludingTakeFouls,Assisted3sPct,Fg3Pct,PenaltyFg3Pct,NonHeaveFg3Pct,EfgPct,PenaltyEfgPct,TsPct,PenaltyTsPct,FG3APct,Usage,Arc3Frequency,Arc3Accuracy,UnblockedArc3Accuracy,Arc3PctAssisted,PenaltyArc3Frequency,PenaltyArc3Accuracy,AtRimFG3AFrequency,NonHeaveArc3Accuracy,ShotQualityAvg,PenaltyShotQualityAvg,ShootingFoulsDrawnPct,TwoPtShootingFoulsDrawnPct,PenaltyPointsPct,Avg3ptShotDistance,PenaltyOffPossPct,AtRimFGM,AtRimFGA,ShortMidRangeFGM,ShortMidRangeFGA,LongMidRangeFGM,LongMidRangeFGA,Corner3FGA,FG2M,FG2A,SecondChanceFG2A,PenaltyFG2M,PenaltyFG2A,PenaltyFtPoints,PtsAssisted2s,PtsUnassisted2s,PtsUnassisted3s,Fg2aBlocked,TwoPtAssists,ThreePtAssists,Assists,Arc3Assists,Corner3Assists,AtRimAssists,ShortMidRangeAssists,AssistPoints,OffThreePtRebounds,DefThreePtRebounds,DefRebounds,OffRebounds,Rebounds,SelfOReb,Steals,LostBallSteals,LiveBallTurnovers,BadPassOutOfBoundsTurnovers,BadPassTurnovers,DeadBallTurnovers,Turnovers,2pt And 1 Free Throw Trips,Blocked2s,BlockedAtRim,BlockedShortMidRange,Blocks,RecoveredBlocks,Assisted2sPct,NonPutbacksAssisted2sPct,Fg2Pct,PenaltyFg2Pct,FG2APctBlocked,ShortMidRangePctBlocked,LiveBallTurnoverPct,DefThreePtReboundPct,OffThreePtReboundPct,DefFGReboundPct,OffFGReboundPct,OffArc3ReboundPct,DefArc3ReboundPct,DefCorner3ReboundPct,SelfORebPct,BlocksRecoveredPct,AtRimFrequency,AtRimAccuracy,UnblockedAtRimAccuracy,AtRimPctAssisted,ShortMidRangeFrequency,ShortMidRangeAccuracy,UnblockedShortMidRangeAccuracy,LongMidRangeFrequency,LongMidRangeAccuracy,UnblockedLongMidRangeAccuracy,Corner3Frequency,Avg2ptShotDistance,PenaltyAtRimFGM,PenaltyAtRimFGA,Corner3FGM,SecondChanceCorner3FGM,SecondChanceCorner3FGA,PenaltyCorner3FGM,PenaltyCorner3FGA,SecondChanceArc3FGM,SecondChanceArc3FGA,SecondChanceFG2M,SecondChanceFG3M,SecondChanceFG3A,SecondChancePoints,DefTwoPtRebounds,FTDefRebounds,LostBallTurnovers,PenaltyTurnovers,SecondChanceFg3Pct,SecondChanceFg2Pct,SecondChanceEfgPct,SecondChanceTsPct,DefFTReboundPct,DefTwoPtReboundPct,DefAtRimReboundPct,DefLongMidRangeReboundPct,ShortMidRangePctAssisted,Corner3Accuracy,UnblockedCorner3Accuracy,Corner3PctAssisted,SecondChanceCorner3Frequency,SecondChanceCorner3Accuracy,SecondChanceCorner3PctAssisted,SecondChanceArc3Frequency,SecondChanceArc3Accuracy,SecondChanceArc3PctAssisted,PenaltyAtRimFrequency,PenaltyAtRimAccuracy,PenaltyCorner3Frequency,PenaltyCorner3Accuracy,SecondChanceShotQualityAvg,SecondChancePointsPct,LostBallOutOfBoundsTurnovers,SecondChanceTurnovers,Blocked3s,BlockedArc3,BlockedLongMidRange,DefShortMidRangeReboundPct,SecondChanceAtRimFGM,SecondChanceAtRimFGA,SecondChanceFtPoints,PtsPutbacks,BadPassSteals,Loose Ball Fouls,Offensive Fouls,Loose Ball Fouls Drawn,SecondChanceAtRimFrequency,SecondChanceAtRimAccuracy,NonShootingPenaltyNonTakeFouls,AtRimPctBlocked,OffTwoPtRebounds,Charge Fouls Drawn,ThreePtShootingFoulsDrawn,OffTwoPtReboundPct,OffShortMidRangeReboundPct,OffLongMidRangeReboundPct,ThreePtShootingFoulsDrawnPct,Travels,OffCorner3ReboundPct,on,Fg3aBlocked,LongMidRangeAssists,FTOffRebounds,StepOutOfBoundsTurnovers,Offensive Fouls Drawn,NonShootingFoulsDrawn,BlockedCorner3,DefensiveGoaltends,Defensive 3 Seconds Violations,NonShootingPenaltyNonTakeFoulsDrawn,FG3APctBlocked,Corner3PctBlocked,Arc3PctBlocked,OffFTReboundPct,OffAtRimReboundPct,LongMidRangePctAssisted,SecondChanceAtRimPctAssisted,Charge Fouls,Transition Take Fouls Drawn,OffensiveGoaltends,3SecondViolations,LongMidRangePctBlocked,HeaveAttempts,Transition Take Fouls,Technical Free Throw Trips,3pt And 1 Free Throw Trips,Clear Path Fouls
1626168,1610612758,Trey Lyles,Trey Lyles,1626168,SAC,623.0,10,-12,23,22,6.0,16.0,2.0,45,1.0,2.0,1.0,1.0,1.0,2.0,1.0,4.0,30,1.0,1.0,3.0,3.0,2.0,1.0,1.0,1.0,1.0,2.0,1.0,3.0,6.0,1.0,0.5,1.0,0.5,0.75,1.5,0.6666666666666666,1.5,1.0,12.5,1.0,0.5,0.5,1.0,1.0,1.0,1.0,0.5,0.5556749999999999,0.5526,0.3333333333333333,1.0,0.75,26.45,0.2608695652173913,,,,,,,,,,,,,,,,,,,,,,,,,,,,,,,,,,,,,,,,,,,,,,,,,,,,,,,,,,,,,,,,,,,,,,,,,,,,,,,,,,,,,,,,,,,,,,,,,,,,,,,,,,,,,,,,,,,,,,,,,,,,,,,,,,,,,,,,,,,,,True,,,,,,,,,,,,,,,,,,,,,,,,,,,
1628368,1610612758,De'Aaron Fox,De'Aaron Fox,1628368,SAC,1760.0,29,8,55,54,18.0,20.0,7.0,109,2.0,6.0,2.0,4.0,2.0,7.0,2.0,24.0,61,2.0,4.0,9.0,,6.0,2.0,,1.0,6.0,5.0,3.0,9.0,18.0,,0.2857142857142857,0.5,0.2857142857142857,0.5238095238095238,0.5,0.5217391304347826,0.5,0.3333333333333333,40.625,0.2857142857142857,0.3333333333333333,0.3333333333333333,,0.5,0.5,0.47619047619047616,0.3333333333333333,0.46879047619047626,0.44070000000000004,0.13043478260869565,0.1875,0.375,26.485714285714288,0.32727272727272727,3.0,3.0,3.0,6.0,2.0,5.0,1.0,8.0,14.0,2.0,1.0,4.0,1.0,2.0,14.0,6.0,1.0,4.0,3.0,7.0,1.0,2.0,3.0,1.0,17.0,2.0,4.0,4.0,2.0,6.0,1.0,1.0,1.0,2.0,1.0,2.0,1.0,3.0,1.0,2.0,1.0,1.0,2.0,2.0,0.125,0.125,0.5714285714285714,0.25,0.07142857142857142,0.16666666666666666,0.6666666666666666,0.21052631578947367,0.14285714285714285,0.125,0.08333333333333333,0.16666666666666666,0.15384615384615385,0.3333333333333333,0.1,1.0,0.14285714285714285,1.0,1.0,0.3333333333333333,0.2857142857142857,0.5,0.6,0.23809523809523808,0.4,0.4,0.047619047619047616,10.914285714285713,,,,,,,,,,,,,,,,,,,,,,,,,,,,,,,,,,,,,,,,,,,,,,,,,,,,,,,,,,,,,,,,,,,,,True,,,,,,,,,,,,,,,,,,,,,,,,,,,
1628989,1610612758,Kevin Huerter,Kevin Huerter,1628989,SAC,2040.0,34,-1,65,69,24.0,25.0,9.0,134,3.0,9.0,3.0,6.0,7.0,13.0,,29.0,82,4.0,7.0,16.0,21.0,9.0,3.0,1.0,2.0,,,,16.0,24.0,1.0,0.5384615384615384,0.5714285714285714,0.5384615384615384,0.8529411764705882,0.8888888888888888,0.8529411764705882,0.8888888888888888,0.7647058823529411,26.31578947368421,0.5294117647058824,0.3333333333333333,0.3333333333333333,1.0,0.6666666666666666,0.5,0.8235294117647058,0.3333333333333333,0.5357176470588234,0.5261555555555556,,,0.5517241379310345,25.776923076923076,0.36923076923076925,1.0,1.0,3.0,3.0,,,4.0,4.0,4.0,1.0,2.0,2.0,,6.0,2.0,,,2.0,1.0,3.0,,1.0,1.0,1.0,7.0,,2.0,5.0,,5.0,,1.0,1.0,2.0,1.0,1.0,1.0,3.0,,1.0,,1.0,1.0,1.0,0.75,0.75,1.0,1.0,,,0.6666666666666666,0.1111111111111111,,0.12121212121212122,,,0.08333333333333333,0.16666666666666666,,1.0,0.058823529411764705,1.0,1.0,1.0,0.17647058823529413,1.0,1.0,,,,0.23529411764705882,7.824999999999999,1.0,1.0,4.0,1.0,1.0,1.0,1.0,1.0,3.0,1.0,2.0,4.0,8.0,2.0,1.0,1.0,1.0,0.5,1.0,0.8,0.8,0.25,0.13333333333333333,0.25,0.2,0.6666666666666666,1.0,1.0,1.0,0.2,1.0,1.0,0.6,0.3333333333333333,1.0,0.1111111111111111,1.0,0.1111111111111111,1.0,0.5074833333333334,0.27586206896551724,,,,,,,,,,,,,,,,,,,,,,,,,,,,True,,,,,,,,,,,,,,,,,,,,,,,,,,,
1631099,1610612758,Keegan Murray,Keegan Murray,1631099,SAC,1783.0,30,1,56,59,14.0,17.0,7.0,115,2.0,3.0,,,2.0,3.0,,12.0,69,,,2.0,6.0,3.0,2.0,3.0,3.0,2.0,,,2.0,14.0,1.0,0.6666666666666666,,0.6666666666666666,0.8571428571428571,1.0,0.8571428571428571,1.0,0.42857142857142855,15.873015873015873,0.42857142857142855,0.6666666666666666,0.6666666666666666,1.0,,,0.7142857142857143,0.6666666666666666,0.5409785714285714,0.5731,,,0.16666666666666666,26.566666666666666,0.25,2.0,2.0,1.0,2.0,,,,3.0,4.0,,1.0,1.0,,4.0,2.0,,1.0,,1.0,1.0,,1.0,,,3.0,,3.0,10.0,,10.0,,,,1.0,1.0,,2.0,3.0,,1.0,,,2.0,1.0,0.6666666666666666,0.6666666666666666,0.75,1.0,0.25,0.5,0.3333333333333333,0.17647058823529413,,0.25,,,0.09090909090909091,0.3333333333333333,,0.5,0.2857142857142857,1.0,1.0,1.0,0.2857142857142857,0.5,1.0,,,,,6.175,1.0,1.0,,,,,,,,,,,,5.0,2.0,1.0,,,,,,0.5,0.3333333333333333,0.5,0.5,,,,,,,,,,,1.0,1.0,,,,,1.0,1.0,1.0,1.0,1.0,0.14285714285714285,,,,,,,,,,,,,,,,,,,,,,True,,,,,,,,,,,,,,,,,,,,,,,,,,,
1631115,1610612758,Orlando Robinson,Orlando Robinson,1631115,SAC,3427.0,57,5,111,112,39.0,48.0,14.0,223,1.0,4.0,,1.0,1.0,5.0,4.0,19.0,128,,2.0,5.0,3.0,4.0,1.0,4.0,6.0,5.0,7.0,4.0,5.0,39.0,1.0,0.2,,0.2,0.4411764705882353,0.4,0.475,0.4166666666666667,0.29411764705882354,18.89763779527559,0.23529411764705882,0.25,0.25,1.0,0.2,,0.6470588235294118,0.25,0.5364676470588235,0.58668,0.2,0.26666666666666666,0.2631578947368421,25.859999999999996,0.35135135135135137,4.0,6.0,2.0,5.0,,1.0,1.0,6.0,12.0,2.0,2.0,3.0,1.0,10.0,2.0,,,4.0,5.0,9.0,4.0,1.0,2.0,2.0,23.0,3.0,3.0,11.0,3.0,14.0,,3.0,2.0,3.0,,,1.0,4.0,1.0,,,,1.0,,0.8333333333333334,1.0,0.5,0.6666666666666666,,,0.75,0.10714285714285714,0.11538461538461539,0.1702127659574468,0.06666666666666667,0.13043478260869565,0.14285714285714285,,,,0.35294117647058826,0.6666666666666666,0.6666666666666666,0.75,0.29411764705882354,0.4,0.4,0.058823529411764705,,,0.058823529411764705,4.841666666666667,2.0,3.0,,,,,1.0,,,1.0,,,3.0,5.0,3.0,3.0,,,0.5,0.5,0.5,0.42857142857142855,0.2631578947368421,0.16666666666666666,0.3333333333333333,1.0,,,,,,,,,,0.6,0.6666666666666666,0.2,,0.4411,0.15789473684210525,,,1.0,1.0,,0.2857142857142857,1.0,1.0,1.0,2.0,1.0,1.0,1.0,1.0,0.5,1.0,,,,,,,,,,,,True,,,,,,,,,,,,,,,,,,,,,,,,,,,
1629162,1610612758,Jordan McLaughlin,Jordan McLaughlin,1629162,SAC,1832.0,31,2,61,62,23.0,33.0,8.0,123,1.0,2.0,,1.0,1.0,3.0,,3.0,66,,1.0,,3.0,2.0,1.0,1.0,3.0,,,,,23.0,1.0,0.3333333333333333,,0.3333333333333333,0.3,,0.3,,0.6,10.144927536231885,0.4,0.5,0.5,1.0,1.0,,0.8,0.5,0.52486,0.5682,,,,25.133333333333336,0.3770491803278688,,1.0,,1.0,,,1.0,,2.0,,,,,,,,1.0,2.0,4.0,6.0,3.0,1.0,1.0,1.0,16.0,1.0,1.0,2.0,1.0,3.0,,2.0,1.0,2.0,,1.0,,2.0,,,,,,,,,,,0.5,,1.0,0.09090909090909091,0.06666666666666667,0.05555555555555555,0.041666666666666664,0.07142857142857142,0.1111111111111111,,,,0.2,,,,0.2,,,,,,0.2,7.6,,,,,,,,,,,,,,,1.0,1.0,1.0,,,,,0.14285714285714285,,,,,,,,,,,,,,,,,,,,,,,,,,,,,,1.0,1.0,,,,,1.0,1.0,,,,,,,,,,True,,,,,,,,,,,,,,,,,,,,,,,,,,,
1630222,1610612758,Mason Jones,Mason Jones,1630222,SAC,499.0,8,-1,16,18,6.0,15.0,2.0,34,,2.0,,1.0,,2.0,,,17,,1.0,,,2.0,,,,,,,,6.0,,,,,,,,,1.0,11.11111111111111,1.0,,,,1.0,,1.0,,0.55725,0.5538,,,,26.05,0.375,,,,,,,,,,,,,,,,,,,3.0,3.0,3.0,,,,9.0,1.0,3.0,3.0,1.0,4.0,,,,,,,,,,,,,,,,,,,,,,0.75,0.14285714285714285,0.5,0.125,0.14285714285714285,0.6666666666666666,1.0,,,,,,,,,,,,,,,,,,,,,,,,,,,,,,,,,,,,,,,,,,,,,,,,,,,,,,,,,,,,,,,,,,,,,,,,,,,,,,,,,,,True,,,,,,,,,,,,,,,,,,,,,,,,,,,
203926,1610612758,Doug McDermott,Doug McDermott,203926,SAC,813.0,14,8,27,26,18.0,20.0,5.0,53,4.0,6.0,3.0,5.0,4.0,6.0,,12.0,25,3.0,5.0,9.0,12.0,6.0,4.0,2.0,3.0,,,,9.0,18.0,1.0,0.6666666666666666,0.6,0.6666666666666666,1.0,0.9,1.0,0.9,1.0,21.875,1.0,0.6666666666666666,0.6666666666666666,1.0,1.0,0.6,1.0,0.6666666666666666,0.4959,0.48723,,,0.75,27.349999999999998,0.6666666666666666,,,,,,,,,,,,,,,,,,,1.0,1.0,1.0,,,,3.0,,,,,,,,,,,,1.0,1.0,,,,,,,,,,,,,,,,,,,,,,,,,,,,,,,,,,,,,,,,,,1.0,1.0,,1.0,1.0,3.0,,,,,1.0,,1.5,1.5,,,,,,,,,,,,1.0,1.0,1.0,,,,,,0.25,,,,,,,,,,,,,1.0,,,,,,,,,,,,,,,True,,,,,,,,,,,,,,,,,,,,,,,,,,,
1631165,1610612758,Keon Ellis,Keon Ellis,1631165,SAC,1686.0,28,-5,54,54,14.0,11.0,5.0,108,1.0,3.0,,1.0,3.0,5.0,5.0,16.0,70,,1.0,2.0,6.0,3.0,1.0,1.0,4.0,3.0,5.0,1.0,2.0,14.0,0.6666666666666666,0.6,,0.6,0.6875,,0.8,0.5,0.625,21.311475409836067,0.375,0.3333333333333333,0.3333333333333333,,1.0,,0.875,0.3333333333333333,0.5608625,0.5409,0.2,0.25,0.125,25.2,0.25925925925925924,1.0,2.0,,,,1.0,2.0,1.0,3.0,1.0,,,2.0,,2.0,3.0,,,1.0,1.0,1.0,,,,3.0,1.0,,,3.0,3.0,,1.0,1.0,3.0,,2.0,,3.0,,,,,,,,,0.3333333333333333,,,,1.0,,0.09090909090909091,,0.13636363636363635,0.1111111111111111,,,,,0.25,0.5,0.5,,,,,0.125,,,0.25,6.166666666666667,,,2.0,,,,,1.0,1.0,1.0,1.0,1.0,7.0,,,1.0,1.0,1.0,1.0,1.25,1.1666666666666667,,,,,,1.0,1.0,1.0,,,,0.5,1.0,,,,,,,0.4375,,,,,,,1.0,1.0,2.0,2.0,,,,,0.5,1.0,1.0,,2.0,1.0,1.0,0.18181818181818182,0.2,0.2,0.16666666666666666,,,True,,,,,,,,,,,,,,,,,,,,,,,,,,,
1641732,1610612758,Colby Jones,Colby Jones,1641732,SAC,1136.0,19,21,37,36,17.0,9.0,5.0,73,1.0,1.0,1.0,1.0,1.0,1.0,,7.0,32,1.0,1.0,5.0,3.0,1.0,1.0,,2.0,2.0,,,5.0,17.0,1.0,1.0,1.0,1.0,0.7,0.625,0.7,0.625,0.2,13.636363636363637,0.2,1.0,1.0,1.0,0.25,1.0,0.2,1.0,0.39936000000000005,0.395475,,,0.7142857142857143,26.5,0.4594594594594595,,,2.0,4.0,,,,2.0,4.0,1.0,1.0,3.0,,2.0,2.0,,,,,,,,,,,1.0,1.0,2.0,1.0,3.0,,1.0,1.0,,,,1.0,1.0,,,,,,,0.5,0.5,0.5,0.3333333333333333,,,,0.125,0.1,0.14285714285714285,0.0625,0.125,0.14285714285714285,,,,,,,,0.8,0.5,0.5,,,,,9.275,,,,,,,,,,,,,,1.0,,,,,,,,,0.16666666666666666,,,0.5,,,,,,,,,,,,,,,,,,,,,0.25,,,,,,1.0,,1.0,,,1.0,,,,,,,,,1.0,,True,,,,,,,,,,,,,,,,,,,,,,,,,,,
201942,1610612758,DeMar DeRozan,DeMar DeRozan,201942,SAC,70.0,1,-1,2,2,,,,4,,,,,,,,,3,,,,,,,,1.0,,,,,,,,,,,,,,,,,,,,,,,,,,,,,,,,,,,,,,,,,,,,,,,,,,,,,,,,,,,,,,,,,,,,,,,,,,,,,,,,,,,,,,,,,,,,,,,,,,,,,,,,,,,,,,,,,,,,,,,,,,,,,,,,,,,,,,,,,,,,,,,,,,,,,,,,,,,1.0,,,,,,,,,,,,,,,,True,,,,,,,,,,,,,,,,,,,,,,,,,,,
203109,1610612758,Jae Crowder,Jae Crowder,203109,SAC,129.0,2,1,4,3,,,,7,,,,,,,,,4,,,,,,,,,,,,,,,,,,,,,,,,,,,,,,,,,,,,,,,,,,,,,,,,,,,,,,,,,,,,,,,,,,,,,,,,,,,,,,,,,,,,,,,,,,,,,,,,,,,,,,,,,,,,,,,,,,,,,,,,,,,,,,,,,,,,,,,,,,,,,,,,,,,,,,,,,,,,,,,,,,,,,,,,,,,,,,,,,,,True,,,,,,,,,,,,,,,,,,,,,,,,,,,
1628370,1610612758,Malik Monk,Malik Monk,1628370,SAC,37.0,1,-3,1,2,,,,3,,,,,,,,,5,,,,,,,,,,,,,,,,,,,,,,,,,,,,,,,,,,,,,,,,,,,,,,,,,,,,,,,,,,,,,,,,,,,,,,,,,,,,,,,,,,,,,,,,,,,,,,,,,,,,,,,,,,,,,,,,,,,,,,,,,,,,,,,,,,,,,,,,,,,,,,,,,,,,,,,,,,,,,,,,,,,,,,,,,,,,,,,,,,,True,,,,,,,,,,,,,,,,,,,,,,,,,,,
1642403,1610612758,Isaac Jones,Isaac Jones,1642403,SAC,502.0,8,6,17,17,8.0,6.0,2.0,34,,,,,,,2.0,2.0,16,,,,,,,,1.0,1.0,2.0,1.0,,8.0,,,,,,,1.0,,,10.526315789473685,,,,,,,,,,,1.0,1.0,,,0.47058823529411764,,,,,,,,,,,,,,,,,,,,,,,,,,1.0,,,1.0,1.0,,,,1.0,,1.0,,1.0,,,,,,,,,,,,,1.0,,0.3333333333333333,,0.2,0.3333333333333333,,,,,,,,,,,,,,,,,,,,,,,,,,,,,,,,,1.0,,,,,,,,,,,,,,,,,,,,,,,,,,,,,,,,,,,,,,,,,1.0,,,,,,,,,,,True,,,,,,,,,,,,,,,,,,,,,,,,,,,
1642269,1610612758,Devin Carter,Devin Carter,1642269,SAC,399.0,7,-2,13,12,4.0,10.0,2.0,25,1.0,2.0,,,1.0,2.0,,3.0,16,,,,3.0,2.0,1.0,,,,,,,4.0,1.0,0.5,,0.5,0.5,,0.5,,0.6666666666666666,26.666666666666668,0.6666666666666666,0.5,0.5,1.0,,,1.0,0.5,0.5683666666666667,,,,,25.75,0.3076923076923077,,1.0,,,,,,,1.0,,,,,,,,1.0,,1.0,1.0,1.0,,,,3.0,,2.0,2.0,,2.0,,,,1.0,,1.0,,1.0,,,,,,,,,,,1.0,,1.0,0.6666666666666666,,0.4,,,0.6666666666666666,,,,0.3333333333333333,,,,,,,,,,,2.1,,,,,,,,1.0,1.0,,1.0,1.0,3.0,,,,,1.0,,1.5,1.5,,,,,,,,,,,,1.0,1.0,1.0,,,,,,1.0,,,,,,,,,,,,,,,,,,1.0,,,,,,,,,,True,,,,,,,,,,,,,,,,,,,,,,,,,,,
203458,1610612758,Alex Len,Alex Len,203458,SAC,399.0,7,-2,13,12,4.0,10.0,2.0,25,,,,,,,,2.0,16,,,,,,,,,,,,,4.0,,,,,1.0,,1.0,,,6.666666666666667,,,,,,,,,0.4583,,,,,,0.3076923076923077,,,1.0,1.0,,,,1.0,1.0,,,,,2.0,,,,1.0,,1.0,,,,1.0,2.0,1.0,,,1.0,1.0,,,,,,,,,,1.0,1.0,,1.0,,1.0,1.0,1.0,,,,,,0.5,,0.2,,,,,,,,,,1.0,1.0,1.0,,,,,11.2,,,,,,,,,,,,,,,,,,,,,,,,,,1.0,,,,,,,,,,,,,,,,,,,,,,,,,,,,,,,,,,,,,,,,,,1.0,True,,,,,,,,,,,,,,,,,,,,,,,,,,,
1626168,1610612758,Trey Lyles,Trey Lyles,1626168,SAC,62808.0,1047,-49,2139,2145,566.0,602.0,271.0,4284,43.0,132.0,4.0,26.0,67.0,193.0,45.0,366.0,2487,11.0,41.0,68.0,201.0,132.0,43.0,43.0,68.0,63.0,62.0,30.0,68.0,564.0,1.0,0.3471502590673575,0.2682926829268293,0.3471502590673575,0.5279605263157895,0.4552238805970149,0.5495495495495496,0.4722222222222222,0.6348684210526315,14.938775510204081,0.4342105263157895,0.32575757575757575,0.3282442748091603,1.0,0.3880597014925373,0.15384615384615385,0.881578947368421,0.32575757575757575,0.5606559210526317,0.5525671641791046,0.09090909090909091,0.21897810218978103,0.18579234972677597,25.23419689119172,0.2646096306685367,45.0,75.0,9.0,27.0,6.0,9.0,61.0,60.0,111.0,32.0,14.0,26.0,7.0,96.0,24.0,,8.0,39.0,29.0,68.0,22.0,7.0,23.0,11.0,165.0,29.0,92.0,198.0,62.0,260.0,7.0,33.0,15.0,13.0,10.0,7.0,20.0,33.0,4.0,20.0,9.0,11.0,21.0,11.0,0.8,0.9230769230769231,0.5405405405405406,0.5384615384615384,0.07207207207207207,0.07407407407407407,0.3939393939393939,0.1814595660749507,0.05390334572490706,0.18144329896907216,0.05820610687022901,0.04830917874396135,0.1891891891891892,0.16058394160583941,0.043209876543209874,0.5238095238095238,0.24671052631578946,0.6,0.6521739130434783,0.8,0.08881578947368421,0.3333333333333333,0.36,0.029605263157894735,0.6666666666666666,0.6666666666666666,0.20065789473684212,4.08918918918919,9.0,18.0,24.0,5.0,10.0,7.0,15.0,3.0,7.0,16.0,8.0,17.0,71.0,84.0,22.0,6.0,1.0,0.47058823529411764,0.5,0.5714285714285714,0.6228070175438597,0.4230769230769231,0.18142548596112312,0.15702479338842976,0.16666666666666666,0.7777777777777778,0.39344262295081966,0.4,1.0,0.20408163265306123,0.5,1.0,0.14285714285714285,0.42857142857142855,1.0,0.26865671641791045,0.5,0.22388059701492538,0.4666666666666667,0.5721383333333333,0.19398907103825136,4.0,4.0,1.0,,,0.1962962962962963,13.0,26.0,15.0,16.0,18.0,6.0,4.0,8.0,0.5306122448979592,0.5,4.0,0.08,32.0,9.0,,0.06274509803921569,0.045454545454545456,0.06363636363636363,,1.0,0.07258064516129033,False,2.0,5.0,1.0,1.0,2.0,3.0,1.0,4.0,1.0,3.0,0.010362694300518135,0.01639344262295082,0.007575757575757576,0.020833333333333332,0.09558823529411764,0.8333333333333334,0.38461538461538464,,,,,,,,,,
1627734,1610612758,Domantas Sabonis,Domantas Sabonis,1627734,SAC,120939.0,2016,171,4163,4145,871.0,830.0,468.0,8308,53.0,127.0,13.0,25.0,57.0,134.0,181.0,1112.0,4764,13.0,26.0,220.0,168.0,127.0,53.0,90.0,193.0,233.0,242.0,109.0,218.0,869.0,0.9824561403508771,0.4253731343283582,0.5,0.4253731343283582,0.6316146540027137,0.6735537190082644,0.6595492289442467,0.7006369426751592,0.18181818181818182,21.493740717165288,0.1723202170963365,0.41732283464566927,0.41732283464566927,0.9811320754716981,0.2066115702479339,0.52,0.7028493894165536,0.41732283464566927,0.557858344640434,0.5690979338842975,0.1329268292682927,0.1588921282798834,0.19784172661870503,25.930597014925375,0.20922411722315637,272.0,384.0,87.0,170.0,21.0,49.0,7.0,380.0,603.0,160.0,62.0,95.0,57.0,484.0,276.0,3.0,50.0,227.0,134.0,361.0,98.0,36.0,98.0,73.0,856.0,66.0,250.0,581.0,223.0,804.0,30.0,37.0,16.0,90.0,22.0,44.0,80.0,170.0,26.0,23.0,8.0,15.0,23.0,16.0,0.6368421052631579,0.7857142857142857,0.6301824212271974,0.6526315789473685,0.08291873963515754,0.11176470588235295,0.5294117647058824,0.2617801047120419,0.07268722466960352,0.2752577319587629,0.11699895068205667,0.06277372262773723,0.2793696275071633,0.2140077821011673,0.12,0.6956521739130435,0.5210312075983717,0.7083333333333334,0.768361581920904,0.6286764705882353,0.23066485753052918,0.5117647058823529,0.5761589403973509,0.06648575305291723,0.42857142857142855,0.4375,0.009497964721845319,4.361028192371475,46.0,72.0,4.0,,,,1.0,8.0,10.0,97.0,8.0,10.0,254.0,284.0,47.0,46.0,30.0,0.8,0.60625,0.6411764705882353,0.671957671957672,0.5529411764705883,0.2883248730964467,0.2743055555555556,0.2392638036809816,0.632183908045977,0.5714285714285714,0.5714285714285714,1.0,,,,0.058823529411764705,0.8,0.875,0.5950413223140496,0.6388888888888888,0.008264462809917356,,0.5555457364341085,0.22841726618705036,9.0,20.0,,,,0.31086142322097376,79.0,124.0,36.0,144.0,21.0,29.0,30.0,25.0,0.7294117647058823,0.6370967741935484,25.0,0.078125,157.0,,,0.15731462925851702,0.17194570135746606,0.1056338028169014,,8.0,0.1031390134529148,False,,56.0,,,4.0,23.0,,1.0,1.0,22.0,,,,,0.1875,0.7619047619047619,0.16455696202531644,6.0,1.0,1.0,2.0,0.02040816326530612,,,,,
1628368,1610612758,De'Aaron Fox,De'Aaron Fox,1628368,SAC,98026.0,1634,15,3398,3387,864.0,869.0,377.0,6785,74.0,229.0,15.0,56.0,90.0,279.0,202.0,1100.0,3926,19.0,69.0,327.0,174.0,227.0,74.0,42.0,117.0,199.0,241.0,112.0,327.0,863.0,0.6444444444444445,0.3225806451612903,0.2753623188405797,0.3249097472924188,0.5208816705336426,0.5042553191489362,0.5664263645726055,0.5839285714285715,0.3236658932714617,28.616024973985432,0.265661252900232,0.3231441048034934,0.32456140350877194,0.5945945945945946,0.23829787234042554,0.26785714285714285,0.5208816705336426,0.32599118942731276,0.5089685465116279,0.5055145922746781,0.12004175365344467,0.16568047337278108,0.2972727272727273,25.968458781362003,0.2542672160094173,116.0,170.0,148.0,288.0,50.0,125.0,50.0,314.0,583.0,44.0,90.0,166.0,90.0,194.0,434.0,96.0,43.0,161.0,108.0,269.0,79.0,29.0,95.0,46.0,646.0,16.0,99.0,176.0,43.0,219.0,12.0,65.0,33.0,84.0,18.0,40.0,46.0,130.0,19.0,14.0,4.0,10.0,18.0,8.0,0.3089171974522293,0.3211920529801324,0.5385934819897084,0.5421686746987951,0.07375643224699828,0.09027777777777778,0.6461538461538462,0.12857142857142856,0.020671834625323,0.10990415335463259,0.026875,0.02276707530647986,0.1254355400696864,0.1377551020408163,0.029339853300733496,0.4444444444444444,0.19721577726218098,0.6823529411764706,0.7435897435897436,0.4051724137931034,0.33410672853828305,0.5138888888888888,0.5648854961832062,0.14501160092807425,0.4,0.4098360655737705,0.058004640371229696,8.59210977701544,30.0,46.0,16.0,2.0,4.0,4.0,13.0,9.0,28.0,23.0,11.0,32.0,89.0,73.0,4.0,44.0,32.0,0.34375,0.5227272727272727,0.5197368421052632,0.5493827160493827,0.05263157894736842,0.09182389937106918,0.0673076923076923,0.1702127659574468,0.24324324324324326,0.32,0.32,0.875,0.05263157894736842,0.5,0.5,0.3684210526315789,0.32142857142857145,0.5555555555555556,0.19574468085106383,0.6521739130434783,0.05531914893617021,0.3076923076923077,0.5258795918367347,0.0809090909090909,15.0,6.0,4.0,1.0,,0.07847533632286996,14.0,21.0,10.0,24.0,32.0,3.0,3.0,2.0,0.27631578947368424,0.6666666666666666,14.0,0.08235294117647059,27.0,1.0,3.0,0.03268765133171913,0.04477611940298507,0.02304147465437788,0.010638297872340425,4.0,0.014778325123152709,False,1.0,20.0,,1.0,23.0,13.0,3.0,,,12.0,0.0035842293906810036,,0.004366812227074236,,0.01932367149758454,0.28,0.21428571428571427,3.0,,,,0.024,2.0,2.0,,,
1628370,1610612758,Malik Monk,Malik Monk,1628370,SAC,114059.0,1901,106,3938,3923,871.0,910.0,455.0,7861,106.0,351.0,24.0,80.0,130.0,398.0,143.0,1047.0,4587,30.0,92.0,263.0,315.0,349.0,106.0,101.0,148.0,141.0,164.0,71.0,261.0,868.0,0.8076923076923077,0.32663316582914576,0.32608695652173914,0.3282828282828283,0.5189437428243399,0.5497382198952879,0.5542553191489362,0.5990783410138248,0.4569460390355913,24.066204428539475,0.40298507462686567,0.301994301994302,0.3072463768115942,0.7830188679245284,0.418848167539267,0.3,0.6440872560275546,0.3037249283667622,0.5201164746543778,0.5013174603174604,0.08008658008658008,0.13575525812619502,0.2511938872970392,26.264070351758797,0.2211782630777044,105.0,163.0,117.0,235.0,35.0,75.0,47.0,257.0,473.0,31.0,60.0,99.0,53.0,220.0,294.0,75.0,44.0,229.0,112.0,341.0,77.0,35.0,149.0,58.0,794.0,14.0,110.0,193.0,29.0,222.0,4.0,58.0,20.0,98.0,21.0,67.0,41.0,139.0,21.0,31.0,12.0,17.0,38.0,21.0,0.4280155642023346,0.4330708661417323,0.5433403805496829,0.6060606060606061,0.09302325581395349,0.1148936170212766,0.7050359712230215,0.12471655328798185,0.016073478760045924,0.10552763819095477,0.014762165117550574,0.016320474777448073,0.10917721518987342,0.164,0.009592326139088728,0.5526315789473685,0.18714121699196326,0.6441717791411042,0.7094594594594594,0.5142857142857142,0.269804822043628,0.4978723404255319,0.5625,0.08610792192881746,0.4666666666666667,0.4794520547945205,0.0539609644087256,7.477801268498942,23.0,32.0,24.0,3.0,6.0,6.0,12.0,8.0,30.0,18.0,11.0,36.0,74.0,79.0,4.0,31.0,25.0,0.3055555555555556,0.5806451612903226,0.5149253731343284,0.5362318840579711,0.05128205128205128,0.08690869086908691,0.07692307692307693,0.12751677852348994,0.358974358974359,0.5106382978723404,0.5217391304347826,0.9166666666666666,0.08955223880597014,0.5,1.0,0.44776119402985076,0.26666666666666666,0.75,0.16753926701570682,0.71875,0.06282722513089005,0.5,0.511752380952381,0.07067812798471824,7.0,8.0,7.0,4.0,2.0,0.08,10.0,13.0,5.0,6.0,38.0,,6.0,3.0,0.19402985074626866,0.7692307692307693,7.0,0.09202453987730061,13.0,2.0,3.0,0.013569937369519834,0.013363028953229399,0.011627906976744186,0.007481296758104738,3.0,0.015228426395939087,False,7.0,22.0,2.0,,18.0,16.0,3.0,,,12.0,0.017587939698492462,0.02127659574468085,0.017094017094017096,0.029850746268656716,0.01593625498007968,0.4,0.5,3.0,1.0,,,0.02666666666666667,2.0,,5.0,,
1628989,1610612758,Kevin Huerter,Kevin Huerter,1628989,SAC,51922.0,865,-64,1785,1787,343.0,355.0,192.0,3572,44.0,149.0,6.0,22.0,55.0,192.0,20.0,309.0,2072,7.0,30.0,58.0,156.0,148.0,44.0,47.0,68.0,21.0,28.0,13.0,56.0,342.0,0.9454545454545454,0.2864583333333333,0.23333333333333334,0.2879581151832461,0.4931740614334471,0.51,0.5032679738562091,0.5370370370370371,0.6552901023890785,16.940707523667164,0.5085324232081911,0.2953020134228188,0.2953020134228188,0.9318181818181818,0.44,0.2727272727272727,0.8191126279863481,0.2972972972972973,0.547132191780822,0.5662,0.04262295081967213,0.11504424778761062,0.18770226537216828,25.820833333333326,0.19215686274509805,34.0,48.0,21.0,41.0,7.0,12.0,43.0,62.0,101.0,12.0,15.0,20.0,7.0,98.0,26.0,9.0,5.0,44.0,27.0,71.0,22.0,5.0,34.0,6.0,169.0,12.0,47.0,96.0,19.0,115.0,3.0,35.0,10.0,29.0,2.0,23.0,5.0,34.0,1.0,15.0,2.0,11.0,15.0,9.0,0.7903225806451613,0.8448275862068966,0.6138613861386139,0.75,0.04950495049504951,0.04878048780487805,0.8529411764705882,0.11463414634146342,0.02696629213483146,0.11435523114355231,0.02261904761904762,0.021538461538461538,0.13043478260869565,0.07207207207207207,0.017857142857142856,0.6,0.16382252559726962,0.7083333333333334,0.7555555555555555,0.7647058823529411,0.13993174061433447,0.5121951219512195,0.5384615384615384,0.040955631399317405,0.5833333333333334,0.5833333333333334,0.14675767918088736,6.397029702970296,10.0,12.0,11.0,4.0,8.0,1.0,8.0,6.0,17.0,7.0,10.0,25.0,47.0,47.0,2.0,6.0,6.0,0.4,0.5833333333333334,0.5945945945945946,0.6025641025641025,0.047619047619047616,0.11407766990291263,0.12380952380952381,0.1388888888888889,0.8571428571428571,0.2558139534883721,0.2619047619047619,1.0,0.21621621621621623,0.5,1.0,0.4594594594594595,0.35294117647058826,1.0,0.24,0.8333333333333334,0.16,0.125,0.5310705882352942,0.15210355987055016,2.0,2.0,,,2.0,0.10212765957446808,5.0,8.0,3.0,8.0,25.0,1.0,1.0,1.0,0.21621621621621623,0.625,1.0,0.0625,7.0,,,0.017721518987341773,0.015873015873015872,0.020833333333333332,,,0.041666666666666664,False,1.0,4.0,,,4.0,1.0,,,,,0.005208333333333333,0.023255813953488372,,,0.01818181818181818,0.7142857142857143,0.4,,,,,,1.0,,1.0,,
1629162,1610612758,Jordan McLaughlin,Jordan McLaughlin,1629162,SAC,9556.0,159,-1,317,323,105.0,111.0,33.0,640,7.0,14.0,1.0,4.0,9.0,23.0,11.0,50.0,370,1.0,4.0,12.0,12.0,13.0,7.0,7.0,10.0,16.0,16.0,4.0,12.0,105.0,0.4444444444444444,0.391304347826087,0.25,0.4090909090909091,0.5,0.3181818181818182,0.5319148936170213,0.4,0.5897435897435898,15.909090909090908,0.358974358974359,0.5,0.5,0.2857142857142857,0.36363636363636365,0.25,0.717948717948718,0.5384615384615384,0.5094368421052632,0.513015,0.09302325581395349,0.2,0.24,25.860869565217396,0.3312302839116719,2.0,5.0,2.0,7.0,2.0,4.0,9.0,6.0,16.0,1.0,2.0,7.0,5.0,6.0,6.0,15.0,3.0,9.0,9.0,18.0,4.0,5.0,3.0,4.0,45.0,2.0,4.0,15.0,3.0,18.0,,9.0,2.0,8.0,1.0,4.0,1.0,9.0,,,,,,,0.5,0.5,0.375,0.2857142857142857,0.1875,,0.8888888888888888,0.0547945205479452,0.02702702702702703,0.0763888888888889,0.022388059701492536,0.0196078431372549,0.03636363636363636,0.1111111111111111,,,0.1282051282051282,0.4,1.0,0.5,0.1794871794871795,0.2857142857142857,0.2857142857142857,0.10256410256410256,0.5,0.5,0.23076923076923078,8.74375,1.0,3.0,2.0,,,,,1.0,3.0,,1.0,3.0,5.0,7.0,4.0,4.0,4.0,0.3333333333333333,,0.375,0.5,0.26666666666666666,0.09859154929577464,,0.25,,0.2222222222222222,0.2222222222222222,1.0,,,,0.75,0.3333333333333333,,0.2727272727272727,0.3333333333333333,,,0.54405,0.1,,,,,,0.11904761904761904,,,2.0,,7.0,,,2.0,,,1.0,0.6,1.0,2.0,,0.016666666666666666,0.027777777777777776,,,,0.043478260869565216,False,,2.0,,,3.0,4.0,,,1.0,4.0,,,,,,1.0,,,,,,,1.0,,,,
1631099,1610612758,Keegan Murray,Keegan Murray,1631099,SAC,135650.0,2261,54,4633,4644,995.0,997.0,519.0,9277,87.0,268.0,15.0,45.0,127.0,381.0,55.0,800.0,5384,26.0,68.0,163.0,375.0,267.0,87.0,93.0,166.0,69.0,66.0,36.0,163.0,993.0,0.984251968503937,0.3333333333333333,0.38235294117647056,0.33421052631578946,0.5283687943262412,0.5507246376811594,0.5471956224350205,0.5659722222222222,0.5404255319148936,14.987574077614223,0.3801418439716312,0.3246268656716418,0.3283018867924528,0.9770114942528736,0.32608695652173914,0.3333333333333333,0.7361702127659574,0.3258426966292135,0.5429170697012804,0.5350783088235295,0.05198358413132695,0.10344827586206896,0.20375,25.845931758530188,0.21476365206129938,106.0,138.0,62.0,144.0,14.0,42.0,113.0,182.0,324.0,57.0,37.0,70.0,11.0,248.0,116.0,6.0,21.0,55.0,42.0,97.0,26.0,16.0,27.0,19.0,236.0,75.0,166.0,305.0,132.0,437.0,13.0,52.0,18.0,31.0,6.0,12.0,22.0,53.0,12.0,53.0,26.0,26.0,54.0,32.0,0.6813186813186813,0.7560975609756098,0.5617283950617284,0.5285714285714286,0.06481481481481481,0.06944444444444445,0.5849056603773585,0.1549953314659197,0.07433102081268583,0.13232600732600733,0.0600375234521576,0.07583547557840617,0.14728682170542637,0.1750841750841751,0.03571428571428571,0.5925925925925926,0.19574468085106383,0.7681159420289855,0.8346456692913385,0.6981132075471698,0.20425531914893616,0.4305555555555556,0.4626865671641791,0.059574468085106386,0.3333333333333333,0.3333333333333333,0.16028368794326242,6.66358024691358,24.0,33.0,40.0,4.0,8.0,11.0,23.0,4.0,21.0,32.0,8.0,29.0,98.0,123.0,16.0,19.0,7.0,0.27586206896551724,0.5614035087719298,0.5116279069767442,0.550561797752809,0.14953271028037382,0.1105121293800539,0.11912225705329153,0.1111111111111111,0.6612903225806451,0.35398230088495575,0.35398230088495575,1.0,0.09302325581395349,0.5,1.0,0.2441860465116279,0.19047619047619047,1.0,0.2391304347826087,0.7272727272727273,0.16666666666666666,0.4782608695652174,0.5433399999999999,0.1225,2.0,10.0,1.0,1.0,1.0,0.10578512396694215,24.0,36.0,10.0,36.0,34.0,5.0,,3.0,0.4186046511627907,0.6666666666666666,10.0,0.07971014492753623,53.0,9.0,2.0,0.04719501335707925,0.03780718336483932,0.05806451612903226,0.005221932114882507,5.0,0.06926406926406926,False,3.0,9.0,4.0,7.0,5.0,,,3.0,,,0.007874015748031496,,0.011194029850746268,0.04395604395604396,0.0528169014084507,0.6428571428571429,0.20833333333333334,2.0,1.0,,,,1.0,,,,
1631165,1610612758,Keon Ellis,Keon Ellis,1631165,SAC,91065.0,1518,86,3057,3092,645.0,729.0,373.0,6149,69.0,172.0,16.0,40.0,111.0,259.0,56.0,533.0,3551,27.0,59.0,127.0,318.0,172.0,69.0,68.0,136.0,73.0,66.0,25.0,127.0,644.0,0.954954954954955,0.42857142857142855,0.4576271186440678,0.42857142857142855,0.6326259946949602,0.6294117647058823,0.6580246913580247,0.6614583333333334,0.6870026525198939,13.114754098360654,0.4562334217506631,0.4011627906976744,0.40588235294117647,0.927536231884058,0.47058823529411764,0.4,0.830238726790451,0.4011627906976744,0.5465244031830236,0.5354758823529411,0.07052896725440806,0.18518518518518517,0.23827392120075047,25.24980694980695,0.21099116781157998,42.0,54.0,23.0,46.0,7.0,18.0,87.0,72.0,118.0,21.0,13.0,26.0,20.0,98.0,46.0,15.0,11.0,53.0,36.0,89.0,18.0,18.0,34.0,13.0,214.0,32.0,49.0,117.0,47.0,164.0,3.0,95.0,39.0,27.0,9.0,21.0,26.0,53.0,8.0,44.0,17.0,24.0,51.0,29.0,0.6805555555555556,0.7424242424242424,0.6101694915254238,0.5,0.09322033898305085,0.08695652173913043,0.5094339622641509,0.07050359712230216,0.044755244755244755,0.08137044967880086,0.03244005641748942,0.04247787610619469,0.055445544554455446,0.11052631578947368,0.017045454545454544,0.5686274509803921,0.14323607427055704,0.7777777777777778,0.8936170212765957,0.6666666666666666,0.1220159151193634,0.5,0.5476190476190477,0.04774535809018567,0.3888888888888889,0.3888888888888889,0.23076923076923078,6.873728813559322,7.0,10.0,42.0,3.0,10.0,11.0,19.0,7.0,17.0,11.0,10.0,27.0,56.0,65.0,3.0,6.0,9.0,0.37037037037037035,0.5238095238095238,0.5416666666666666,0.5490196078431373,0.0410958904109589,0.09206798866855524,0.09569377990430622,0.08849557522123894,0.6956521739130435,0.4827586206896552,0.4827586206896552,1.0,0.20833333333333334,0.3,1.0,0.3541666666666667,0.4117647058823529,1.0,0.11764705882352941,0.7,0.2235294117647059,0.5789473684210527,0.5061477272727273,0.1050656660412758,5.0,2.0,7.0,6.0,3.0,0.09114583333333333,7.0,10.0,4.0,12.0,56.0,4.0,6.0,7.0,0.20833333333333334,0.7,13.0,0.12962962962962962,14.0,,3.0,0.01991465149359886,0.012121212121212121,0.031746031746031744,0.011450381679389313,4.0,0.05333333333333334,False,2.0,6.0,1.0,,8.0,8.0,1.0,,,6.0,0.007722007722007722,,0.011627906976744186,0.014492753623188406,0.021739130434782608,0.7142857142857143,0.42857142857142855,,1.0,,,,,1.0,1.0,,
201942,1610612758,DeMar DeRozan,DeMar DeRozan,201942,SAC,137543.0,2292,93,4710,4674,929.0,945.0,527.0,9384,44.0,128.0,6.0,36.0,73.0,205.0,310.0,1423.0,5487,9.0,48.0,292.0,201.0,125.0,44.0,73.0,121.0,256.0,357.0,170.0,292.0,926.0,0.9178082191780822,0.35609756097560974,0.1875,0.3613861386138614,0.5196078431372549,0.44130434782608696,0.5774299835255354,0.5236363636363637,0.19140989729225025,24.51127819548872,0.11951447245564893,0.34375,0.3464566929133858,0.8636363636363636,0.1565217391304348,0.16666666666666666,0.2857142857142857,0.352,0.464211152764761,0.44904471365638776,0.14725457570715475,0.17137096774193547,0.20520028109627547,25.86487804878049,0.19723991507431,74.0,101.0,185.0,365.0,188.0,400.0,77.0,447.0,866.0,72.0,88.0,182.0,89.0,350.0,544.0,18.0,47.0,129.0,137.0,266.0,95.0,42.0,71.0,48.0,669.0,16.0,114.0,212.0,40.0,252.0,14.0,59.0,21.0,60.0,12.0,32.0,31.0,91.0,44.0,24.0,7.0,15.0,24.0,18.0,0.39149888143176736,0.39863325740318906,0.5161662817551963,0.4835164835164835,0.054272517321016164,0.09041095890410959,0.6593406593406593,0.10497237569060773,0.01606425702811245,0.09405255878284924,0.01782449725776965,0.013071895424836602,0.10362047440699126,0.10877192982456141,0.028629856850715747,0.75,0.09430438842203548,0.7326732673267327,0.7789473684210526,0.5135135135135135,0.3408029878618114,0.5068493150684932,0.5572289156626506,0.3734827264239029,0.47,0.47959183673469385,0.0718954248366013,12.591801385681292,20.0,28.0,29.0,3.0,8.0,3.0,12.0,3.0,13.0,32.0,6.0,21.0,105.0,90.0,8.0,28.0,20.0,0.2857142857142857,0.4444444444444444,0.44086021505376344,0.5048543689320388,0.0761904761904762,0.08310249307479224,0.05592105263157895,0.09137055837563451,0.31351351351351353,0.37662337662337664,0.37662337662337664,1.0,0.08602150537634409,0.375,1.0,0.13978494623655913,0.23076923076923078,1.0,0.12173913043478261,0.7142857142857143,0.05217391304347826,0.25,0.4560066666666667,0.07378777231201687,7.0,6.0,,,2.0,0.09450171821305842,7.0,16.0,23.0,16.0,38.0,9.0,6.0,1.0,0.17204301075268819,0.4375,8.0,0.0594059405940594,23.0,3.0,7.0,0.01929530201342282,0.02276707530647986,0.008670520231213872,0.03333333333333333,3.0,0.025974025974025976,False,1.0,10.0,1.0,1.0,10.0,12.0,,,1.0,11.0,0.004878048780487805,,0.0078125,0.011627906976744186,0.025454545454545455,0.42021276595744683,0.42857142857142855,2.0,,,,0.02,3.0,1.0,21.0,2.0,
1642269,1610612758,Devin Carter,Devin Carter,1642269,SAC,16519.0,275,7,567,566,158.0,166.0,69.0,1133,8.0,29.0,2.0,5.0,13.0,45.0,24.0,111.0,650,4.0,11.0,35.0,27.0,29.0,8.0,14.0,24.0,37.0,40.0,15.0,35.0,158.0,0.6923076923076923,0.28888888888888886,0.36363636363636365,0.28888888888888886,0.47282608695652173,0.48,0.5045454545454545,0.5147058823529411,0.4891304347826087,18.818040435458787,0.31521739130434784,0.27586206896551724,0.27586206896551724,0.625,0.2,0.4,0.7282608695652174,0.27586206896551724,0.5333329670329671,0.5257812500000001,0.14018691588785046,0.24193548387096775,0.3153153153153153,25.92888888888888,0.2786596119929453,15.0,22.0,8.0,24.0,1.0,1.0,16.0,24.0,47.0,9.0,6.0,14.0,11.0,20.0,28.0,12.0,3.0,17.0,16.0,33.0,14.0,2.0,6.0,7.0,82.0,5.0,29.0,45.0,13.0,58.0,1.0,13.0,7.0,8.0,2.0,7.0,3.0,11.0,,2.0,1.0,,3.0,1.0,0.4166666666666667,0.5,0.5106382978723404,0.42857142857142855,0.06382978723404255,0.08333333333333333,0.7272727272727273,0.25,0.03875968992248062,0.18106995884773663,0.050387596899224806,0.04950495049504951,0.24719101123595505,0.25925925925925924,0.020833333333333332,0.3333333333333333,0.2391304347826087,0.6818181818181818,0.7142857142857143,0.5333333333333333,0.2608695652173913,0.3333333333333333,0.36363636363636365,0.010869565217391304,1.0,1.0,0.17391304347826086,5.268085106382979,4.0,5.0,5.0,2.0,3.0,2.0,6.0,2.0,4.0,5.0,4.0,7.0,23.0,15.0,1.0,1.0,3.0,0.5714285714285714,0.5555555555555556,0.6875,0.6764705882352942,0.08333333333333333,0.11811023622047244,0.10810810810810811,0.1111111111111111,0.25,0.3125,0.3125,0.8,0.1875,0.6666666666666666,0.5,0.25,0.5,0.5,0.2,0.8,0.24,0.3333333333333333,0.5242583333333332,0.2072072072072072,,1.0,1.0,1.0,1.0,0.125,3.0,4.0,1.0,8.0,6.0,,,3.0,0.25,0.75,,0.045454545454545456,8.0,2.0,,0.06201550387596899,0.10294117647058823,,,,,False,,4.0,,,5.0,3.0,,,1.0,3.0,,,,,0.034482758620689655,,0.3333333333333333,1.0,1.0,,,,,,,,
203926,1610612758,Doug McDermott,Doug McDermott,203926,SAC,16323.0,272,5,555,548,117.0,155.0,68.0,1103,20.0,51.0,4.0,10.0,29.0,72.0,3.0,100.0,649,5.0,14.0,19.0,87.0,50.0,20.0,12.0,24.0,3.0,5.0,1.0,19.0,117.0,1.0,0.4027777777777778,0.35714285714285715,0.4084507042253521,0.5705882352941176,0.4473684210526316,0.5747126436781609,0.475,0.8470588235294118,14.580031695721079,0.6,0.39215686274509803,0.40816326530612246,1.0,0.5263157894736842,0.4,0.9294117647058824,0.4,0.5335809523809522,0.5222555555555555,0.022988505747126436,0.07142857142857142,0.19,25.60138888888889,0.21081081081081082,4.0,7.0,,3.0,1.0,3.0,21.0,5.0,13.0,,1.0,5.0,2.0,10.0,,,1.0,3.0,,3.0,,,,1.0,6.0,1.0,7.0,16.0,2.0,18.0,,4.0,2.0,4.0,,3.0,1.0,5.0,,1.0,,1.0,2.0,1.0,1.0,1.0,0.38461538461538464,0.2,0.07692307692307693,,0.8,0.05263157894736842,0.00819672131147541,0.06201550387596899,0.007722007722007722,0.010869565217391304,0.04081632653061224,0.08571428571428572,,0.5,0.08235294117647059,0.5714285714285714,0.6666666666666666,1.0,0.03529411764705882,,,0.03529411764705882,0.3333333333333333,0.3333333333333333,0.24705882352941178,8.1,1.0,3.0,9.0,,1.0,1.0,4.0,2.0,6.0,,2.0,7.0,6.0,9.0,,1.0,,0.2857142857142857,,0.42857142857142855,0.42857142857142855,,0.072,0.08571428571428572,0.058823529411764705,,0.42857142857142855,0.42857142857142855,1.0,0.14285714285714285,,,0.8571428571428571,0.3333333333333333,1.0,0.15789473684210525,0.3333333333333333,0.21052631578947367,0.25,0.5093625,0.06,,,1.0,1.0,,0.0684931506849315,,,,,2.0,3.0,1.0,,,,,0.14285714285714285,1.0,,1.0,0.0072992700729927005,0.014084507042253521,,0.0136986301369863,,,False,2.0,2.0,,,,,,,,,0.027777777777777776,,0.0392156862745098,,,1.0,,,,,,,1.0,,,,
203458,1610612758,Alex Len,Alex Len,203458,SAC,15061.0,251,-93,510,512,148.0,156.0,52.0,1022,1.0,3.0,,,1.0,6.0,7.0,50.0,622,,,16.0,3.0,3.0,1.0,17.0,35.0,16.0,13.0,7.0,16.0,148.0,1.0,0.16666666666666666,,0.16666666666666666,0.5375,0.47058823529411764,0.5434782608695652,0.47058823529411764,0.15,10.0,0.075,0.3333333333333333,0.3333333333333333,1.0,,,0.625,0.3333333333333333,0.53914,0.5090941176470588,0.15217391304347827,0.175,0.32,24.3,0.2901960784313726,13.0,19.0,7.0,14.0,,1.0,3.0,20.0,34.0,8.0,8.0,17.0,,30.0,10.0,,4.0,11.0,18.0,29.0,13.0,5.0,3.0,5.0,76.0,7.0,17.0,39.0,24.0,63.0,3.0,8.0,,5.0,,3.0,6.0,11.0,1.0,14.0,5.0,9.0,17.0,11.0,0.75,1.0,0.5882352941176471,0.47058823529411764,0.11764705882352941,0.07142857142857142,0.45454545454545453,0.13821138211382114,0.05263157894736842,0.14655172413793102,0.08914728682170543,0.0380952380952381,0.12121212121212122,0.20833333333333334,0.21428571428571427,0.6470588235294118,0.475,0.6842105263157895,0.8125,0.6923076923076923,0.35,0.5,0.5384615384615384,0.025,,,0.075,4.4676470588235295,5.0,8.0,,,,,,,,5.0,,,10.0,17.0,5.0,2.0,5.0,,0.625,0.625,0.625,0.2631578947368421,0.1559633027522936,0.35,0.17391304347826086,0.8571428571428571,,,,,,,,,,0.47058823529411764,0.625,,,0.5939,0.2,,2.0,3.0,3.0,,0.09090909090909091,4.0,7.0,,10.0,8.0,4.0,4.0,1.0,0.875,0.5714285714285714,1.0,0.15789473684210525,16.0,,,0.128,0.14473684210526316,0.06666666666666667,,1.0,0.10714285714285714,False,,3.0,1.0,,,,,1.0,,,,,,0.14285714285714285,0.15789473684210525,,,,,,1.0,,,,,,
1631222,1610612758,Jake LaRavia,Jake LaRavia,1631222,SAC,18063.0,301,-25,599,605,153.0,144.0,77.0,1204,12.0,32.0,5.0,13.0,16.0,42.0,9.0,91.0,739,6.0,15.0,31.0,45.0,30.0,12.0,19.0,36.0,16.0,15.0,7.0,31.0,153.0,0.9375,0.38095238095238093,0.4,0.4,0.5394736842105263,0.56,0.5481927710843374,0.5535714285714286,0.5526315789473685,14.141414141414142,0.42105263157894735,0.375,0.375,0.9166666666666666,0.52,0.38461538461538464,0.7368421052631579,0.4,0.520202027027027,0.5155413043478262,0.08536585365853659,0.175,0.34065934065934067,26.459523809523812,0.25542570951585974,11.0,14.0,6.0,19.0,,1.0,10.0,17.0,34.0,6.0,5.0,10.0,3.0,12.0,22.0,3.0,4.0,12.0,10.0,22.0,8.0,2.0,4.0,4.0,54.0,10.0,12.0,26.0,23.0,49.0,3.0,13.0,6.0,11.0,2.0,6.0,4.0,15.0,1.0,3.0,2.0,,3.0,3.0,0.35294117647058826,0.4,0.5,0.5,0.11764705882352941,0.15789473684210525,0.7333333333333333,0.09917355371900827,0.07352941176470588,0.10416666666666667,0.08455882352941177,0.07627118644067797,0.09210526315789473,0.1111111111111111,0.08108108108108109,1.0,0.18421052631578946,0.7857142857142857,0.8461538461538461,0.2727272727272727,0.25,0.3157894736842105,0.375,0.013157894736842105,,,0.13157894736842105,5.444117647058822,3.0,5.0,4.0,,,1.0,2.0,2.0,3.0,2.0,2.0,3.0,12.0,13.0,1.0,5.0,2.0,0.6666666666666666,0.3333333333333333,0.5555555555555556,0.6,0.05263157894736842,0.1092436974789916,0.10344827586206896,0.13043478260869565,0.5,0.4,0.4,1.0,,,,0.3333333333333333,0.6666666666666666,0.5,0.2,0.6,0.08,0.5,0.5115928571428572,0.13186813186813187,1.0,3.0,,,1.0,0.1044776119402985,2.0,4.0,2.0,4.0,7.0,1.0,,5.0,0.4444444444444444,0.5,4.0,0.07142857142857142,13.0,,,0.09558823529411764,0.1044776119402985,0.08823529411764706,,,0.05555555555555555,False,,4.0,,,2.0,1.0,,,,1.0,,,,,0.08571428571428572,,,1.0,,,,,2.0,,,,
1642403,1610612758,Isaac Jones,Isaac Jones,1642403,SAC,14907.0,248,-72,520,521,174.0,153.0,59.0,1041,,2.0,,1.0,2.0,6.0,19.0,113.0,629,2.0,5.0,38.0,6.0,2.0,,16.0,26.0,28.0,32.0,17.0,38.0,174.0,1.0,0.3333333333333333,0.4,0.3333333333333333,0.6911764705882353,0.64,0.6975308641975309,0.6333333333333333,0.08823529411764706,15.85160202360877,0.029411764705882353,,,,0.04,,0.6617647058823529,,0.5696301470588234,0.516292,0.21518987341772153,0.2328767123287671,0.336283185840708,23.8,0.3346153846153846,31.0,39.0,13.0,23.0,,,4.0,44.0,62.0,10.0,13.0,20.0,6.0,70.0,18.0,,10.0,5.0,5.0,10.0,5.0,,,4.0,25.0,8.0,9.0,28.0,17.0,45.0,2.0,4.0,2.0,8.0,2.0,2.0,5.0,13.0,6.0,8.0,4.0,4.0,8.0,4.0,0.7954545454545454,0.875,0.7096774193548387,0.65,0.16129032258064516,0.21739130434782608,0.6153846153846154,0.08256880733944955,0.07272727272727272,0.1261682242990654,0.06779661016949153,0.09333333333333334,0.09523809523809523,0.04,0.2,0.5,0.5735294117647058,0.7948717948717948,0.9117647058823529,0.8709677419354839,0.3382352941176471,0.5652173913043478,0.7222222222222222,,,,0.058823529411764705,3.1548387096774193,6.0,8.0,2.0,,,2.0,4.0,,,8.0,,,17.0,18.0,1.0,6.0,4.0,,0.8,0.8,0.7083333333333334,0.06666666666666667,0.17142857142857143,0.2,0.13333333333333333,0.6153846153846154,0.5,0.6666666666666666,1.0,,,,,,,0.32,0.75,0.16,0.5,0.57454,0.1504424778761062,,4.0,,,,0.16666666666666666,5.0,7.0,1.0,8.0,2.0,3.0,1.0,4.0,0.7,0.7142857142857143,1.0,0.1282051282051282,8.0,,,0.06349206349206349,0.058823529411764705,0.13043478260869565,,,0.02857142857142857,False,1.0,1.0,1.0,1.0,1.0,2.0,,3.0,,2.0,0.16666666666666666,0.25,,0.07142857142857142,0.02857142857142857,,0.4,,,,,,,,,,
203897,1610612758,Zach LaVine,Zach LaVine,203897,SAC,41399.0,690,4,1407,1395,306.0,257.0,143.0,2802,43.0,107.0,5.0,20.0,57.0,133.0,62.0,417.0,1680,6.0,23.0,61.0,105.0,107.0,43.0,13.0,25.0,49.0,69.0,33.0,61.0,306.0,0.6140350877192983,0.42857142857142855,0.2608695652173913,0.42857142857142855,0.6163194444444444,0.42857142857142855,0.6529968454258676,0.5,0.4618055555555556,23.369221025965803,0.3715277777777778,0.40186915887850466,0.4056603773584906,0.5813953488372093,0.40816326530612246,0.25,0.6840277777777778,0.40186915887850466,0.5254079861111111,0.5001622448979592,0.10543130990415335,0.18333333333333332,0.14628297362110312,26.333834586466164,0.21748400852878466,46.0,64.0,27.0,52.0,19.0,39.0,26.0,92.0,155.0,8.0,12.0,26.0,19.0,100.0,84.0,66.0,10.0,45.0,29.0,74.0,16.0,13.0,20.0,18.0,177.0,2.0,38.0,64.0,5.0,69.0,2.0,15.0,6.0,40.0,6.0,23.0,12.0,52.0,8.0,2.0,,2.0,2.0,,0.5434782608695652,0.5494505494505495,0.5935483870967742,0.46153846153846156,0.06451612903225806,0.07692307692307693,0.7692307692307693,0.12297734627831715,0.007168458781362007,0.1008,0.0067226890756302525,0.008968609865470852,0.12322274881516587,0.12244897959183673,0.016666666666666666,,0.2222222222222222,0.71875,0.7931034482758621,0.6304347826086957,0.18055555555555555,0.5192307692307693,0.5625,0.13541666666666666,0.48717948717948717,0.48717948717948717,0.09027777777777778,7.562580645161289,6.0,11.0,14.0,2.0,3.0,1.0,3.0,4.0,7.0,4.0,6.0,10.0,27.0,25.0,1.0,17.0,16.0,0.6,0.5,0.7222222222222222,0.7222222222222222,0.029411764705882353,0.07911392405063292,0.05714285714285714,0.14,0.5185185185185185,0.5384615384615384,0.5384615384615384,0.7142857142857143,0.16666666666666666,0.6666666666666666,1.0,0.3888888888888889,0.5714285714285714,0.75,0.22448979591836735,0.5454545454545454,0.061224489795918366,0.3333333333333333,0.5246576923076923,0.06474820143884892,2.0,2.0,,,,0.07453416149068323,3.0,4.0,1.0,2.0,9.0,2.0,1.0,,0.2222222222222222,0.75,2.0,0.09375,2.0,,,0.006329113924050633,0.007142857142857143,0.012048192771084338,,2.0,,False,1.0,7.0,1.0,,1.0,4.0,,,,3.0,0.007518796992481203,,0.009345794392523364,0.038461538461538464,,0.3684210526315789,1.0,,,,,,,,3.0,,
1641732,1610612758,Colby Jones,Colby Jones,1641732,SAC,6650.0,111,-17,227,232,47.0,65.0,30.0,459,3.0,7.0,,1.0,3.0,9.0,,19.0,252,,1.0,2.0,9.0,7.0,3.0,6.0,11.0,3.0,,,2.0,47.0,1.0,0.3333333333333333,,0.3333333333333333,0.4523809523809524,0.3333333333333333,0.4523809523809524,0.3333333333333333,0.42857142857142855,10.227272727272727,0.3333333333333333,0.42857142857142855,0.42857142857142855,1.0,0.3333333333333333,,0.5238095238095238,0.42857142857142855,0.5159119047619047,0.453,,,0.10526315789473684,24.61111111111111,0.20704845814977973,2.0,2.0,1.0,7.0,2.0,3.0,2.0,5.0,12.0,2.0,1.0,2.0,,6.0,4.0,,3.0,2.0,5.0,7.0,4.0,1.0,,2.0,19.0,4.0,8.0,13.0,7.0,20.0,,5.0,1.0,4.0,1.0,3.0,2.0,6.0,,7.0,4.0,3.0,7.0,5.0,0.6,0.6,0.4166666666666667,0.5,0.25,0.42857142857142855,0.6666666666666666,0.15384615384615385,0.08163265306122448,0.12149532710280374,0.06363636363636363,0.10256410256410256,0.13953488372093023,0.2222222222222222,,0.7142857142857143,0.09523809523809523,1.0,1.0,0.5,0.3333333333333333,0.14285714285714285,0.25,0.14285714285714285,0.6666666666666666,0.6666666666666666,0.09523809523809523,9.325000000000001,,,,,,,,1.0,2.0,,1.0,2.0,3.0,5.0,,1.0,3.0,0.5,,0.375,0.375,,0.09090909090909091,0.05555555555555555,,1.0,,,,,,,0.5,0.5,1.0,,,,,0.4738,0.15789473684210525,,2.0,,,,0.14814814814814814,,,,,4.0,,,1.0,,,1.0,,3.0,,,0.04918032786885246,0.058823529411764705,,,,,False,,,,1.0,1.0,,,,,,,,,,0.07692307692307693,0.5,,,,,,,,,,,
1628365,1610612758,Markelle Fultz,Markelle Fultz,1628365,SAC,5271.0,88,15,179,178,45.0,33.0,18.0,357,,1.0,,,2.0,5.0,1.0,31.0,189,,1.0,8.0,6.0,1.0,,2.0,5.0,2.0,1.0,1.0,8.0,45.0,1.0,0.4,,0.4,0.40540540540540543,0.4,0.4189189189189189,0.4,0.13513513513513514,23.618090452261306,0.02702702702702703,,,,,,0.16216216216216217,,0.44881666666666664,0.44737,0.02702702702702703,0.03125,0.25806451612903225,26.419999999999998,0.25139664804469275,,1.0,9.0,23.0,3.0,8.0,4.0,12.0,32.0,,4.0,9.0,,12.0,12.0,,2.0,3.0,7.0,10.0,5.0,2.0,2.0,1.0,27.0,,3.0,5.0,2.0,7.0,1.0,6.0,4.0,8.0,1.0,7.0,2.0,10.0,1.0,1.0,1.0,,1.0,1.0,0.5,0.5,0.375,0.4444444444444444,0.0625,0.08695652173913043,0.8,0.07692307692307693,,0.06172839506172839,0.025974025974025976,,0.04,0.14285714285714285,0.05,1.0,0.02702702702702703,,,,0.6216216216216216,0.391304347826087,0.42857142857142855,0.21621621621621623,0.375,0.375,0.10810810810810811,10.403125,,,2.0,,,,1.0,,,,,,,2.0,,1.0,3.0,,,,,,0.047619047619047616,,0.2,0.4444444444444444,0.5,0.5,1.0,,,,,,,,,0.1,,,,,1.0,,,,0.03333333333333333,,,,,2.0,,,,,,1.0,,2.0,,,0.043478260869565216,0.07142857142857142,,,,,False,,,,,,,,,,,,,,,,0.6666666666666666,,1.0,,,,,,,,,
1642384,1610612758,Isaiah Crawford,Isaiah Crawford,1642384,SAC,2220.0,37,12,80,77,39.0,32.0,12.0,157,,3.0,,1.0,1.0,4.0,2.0,13.0,74,1.0,2.0,8.0,3.0,3.0,,,2.0,1.0,4.0,1.0,8.0,39.0,1.0,0.25,0.5,0.25,0.6111111111111112,0.7,0.5909090909090909,0.6666666666666666,0.4444444444444444,12.903225806451612,0.3333333333333333,,,,0.2,,0.5555555555555556,,0.4836722222222223,0.5058900000000001,0.1,0.16666666666666666,0.6153846153846154,26.299999999999997,0.4875,1.0,1.0,3.0,4.0,,,1.0,4.0,5.0,1.0,2.0,3.0,1.0,6.0,2.0,,,,,,,,,,,,3.0,7.0,1.0,8.0,,1.0,,,1.0,,1.0,1.0,,1.0,,1.0,1.0,,0.75,1.0,0.8,0.6666666666666666,,,,0.21428571428571427,,0.14705882352941177,0.029411764705882353,,0.2,0.25,,,0.1111111111111111,1.0,1.0,,0.4444444444444444,0.75,0.75,,,,0.1111111111111111,6.5,1.0,1.0,1.0,,,1.0,1.0,,,1.0,,,2.0,2.0,2.0,,1.0,,1.0,1.0,1.0,0.6666666666666666,0.1,0.25,,1.0,1.0,1.0,1.0,,,,,,,0.2,1.0,0.2,1.0,0.6145,0.15384615384615385,,,,,,0.0625,1.0,1.0,,2.0,1.0,,,,1.0,1.0,,,1.0,,,0.05555555555555555,0.09090909090909091,,,,,False,,,,,,1.0,,,,1.0,,,,,,,,,,,,,,,,,
203109,1610612758,Jae Crowder,Jae Crowder,203109,SAC,5364.0,89,-15,178,184,38.0,61.0,24.0,362,1.0,5.0,,1.0,3.0,12.0,5.0,20.0,209,1.0,3.0,5.0,9.0,5.0,1.0,8.0,10.0,3.0,6.0,,5.0,38.0,1.0,0.25,0.3333333333333333,0.25,0.4411764705882353,0.5,0.5263157894736842,0.5,0.7058823529411765,11.057692307692307,0.29411764705882354,0.2,0.2,1.0,0.2,,0.7647058823529411,0.2,0.5173647058823531,0.50537,0.10526315789473684,,0.25,24.50833333333333,0.21348314606741572,1.0,1.0,1.0,3.0,1.0,1.0,7.0,3.0,5.0,2.0,1.0,2.0,,4.0,2.0,,1.0,3.0,1.0,4.0,,1.0,2.0,1.0,9.0,3.0,5.0,11.0,6.0,17.0,,3.0,1.0,4.0,,4.0,,4.0,,,,,,,0.6666666666666666,1.0,0.6,0.5,0.2,0.3333333333333333,1.0,0.10869565217391304,0.0625,0.1125,0.054945054945054944,0.05714285714285714,0.15625,,,,0.058823529411764705,1.0,1.0,1.0,0.17647058823529413,0.3333333333333333,0.5,0.058823529411764705,1.0,1.0,0.4117647058823529,10.0,,,2.0,,1.0,1.0,2.0,,1.0,1.0,,2.0,2.0,4.0,2.0,,,,0.5,0.25,0.25,0.4,0.11764705882352941,0.09090909090909091,0.2,,0.2857142857142857,0.2857142857142857,1.0,0.25,,,0.25,,,,,0.4,0.5,0.46814999999999996,0.1,,3.0,,,,0.1111111111111111,,,,2.0,2.0,,,,,,1.0,,2.0,,2.0,0.046511627906976744,0.041666666666666664,0.09090909090909091,0.14285714285714285,,0.07692307692307693,False,,,1.0,,,,,,,,,,,0.2,,1.0,,,,,,,,,,,
202685,1610612758,Jonas Valančiūnas,Jonas Valančiūnas,202685,SAC,22334.0,372,7,745,741,129.0,132.0,94.0,1486,1.0,6.0,,,1.0,6.0,31.0,180.0,893,,,22.0,3.0,6.0,1.0,32.0,54.0,38.0,39.0,18.0,22.0,129.0,1.0,0.16666666666666666,,0.16666666666666666,0.5321428571428571,0.7777777777777778,0.569620253164557,0.8461538461538461,0.04285714285714286,20.85747392815759,0.04285714285714286,0.16666666666666666,0.16666666666666666,1.0,,,0.5214285714285715,0.16666666666666666,0.49972321428571426,0.4653222222222222,0.11612903225806452,0.12080536912751678,0.12222222222222222,26.166666666666668,0.17315436241610738,43.0,67.0,25.0,53.0,5.0,14.0,,73.0,134.0,41.0,7.0,9.0,8.0,84.0,62.0,,10.0,26.0,16.0,42.0,15.0,1.0,7.0,10.0,100.0,11.0,49.0,104.0,52.0,156.0,12.0,12.0,5.0,6.0,1.0,2.0,16.0,22.0,3.0,17.0,4.0,13.0,17.0,12.0,0.5753424657534246,0.8076923076923077,0.5447761194029851,0.7777777777777778,0.07462686567164178,0.03773584905660377,0.2727272727272727,0.28823529411764703,0.07586206896551724,0.2883435582822086,0.14985590778097982,0.06837606837606838,0.3103448275862069,0.24074074074074073,0.21818181818181817,0.7058823529411765,0.4785714285714286,0.6417910447761194,0.7288135593220338,0.5348837209302325,0.37857142857142856,0.4716981132075472,0.49019607843137253,0.1,0.35714285714285715,0.35714285714285715,,5.601492537313432,3.0,4.0,,,,,,,,26.0,,,67.0,45.0,10.0,4.0,1.0,,0.6341463414634146,0.6341463414634146,0.67,0.45454545454545453,0.28846153846153844,0.22857142857142856,0.3235294117647059,0.6,,,,,,,,,,0.4444444444444444,0.75,,,0.5231838709677418,0.37222222222222223,2.0,1.0,,,,0.2988505747126437,20.0,33.0,15.0,42.0,7.0,4.0,11.0,7.0,0.8048780487804879,0.6060606060606061,2.0,0.11940298507462686,41.0,,,0.20297029702970298,0.19,0.16666666666666666,,,0.10714285714285714,False,,9.0,,,,3.0,,1.0,3.0,3.0,,,,,0.2708333333333333,0.8,0.05,,,,2.0,,,,,,
1630222,1610612758,Mason Jones,Mason Jones,1630222,SAC,2069.0,34,2,72,72,40.0,24.0,10.0,144,1.0,5.0,1.0,4.0,1.0,6.0,4.0,23.0,79,1.0,5.0,12.0,3.0,5.0,1.0,1.0,3.0,3.0,5.0,3.0,12.0,40.0,1.0,0.16666666666666666,0.2,0.16666666666666666,0.59375,0.5,0.6388888888888888,0.5454545454545454,0.375,22.61904761904762,0.3125,0.2,0.2,1.0,0.4444444444444444,0.25,0.5625,0.2,0.50439375,0.535938888888889,0.16666666666666666,0.25,0.5217391304347826,27.366666666666664,0.5555555555555556,3.0,3.0,5.0,7.0,,,1.0,8.0,10.0,1.0,3.0,4.0,3.0,8.0,8.0,,,6.0,1.0,7.0,,1.0,4.0,1.0,15.0,1.0,2.0,3.0,1.0,4.0,,,,1.0,,1.0,,1.0,1.0,1.0,,1.0,1.0,,0.5,0.5,0.8,0.75,,,1.0,0.125,0.08333333333333333,0.09375,0.037037037037037035,0.1111111111111111,0.16666666666666666,,,,0.1875,1.0,1.0,0.6666666666666666,0.4375,0.7142857142857143,0.7142857142857143,,,,0.0625,5.629999999999999,2.0,2.0,,,,,1.0,1.0,2.0,1.0,1.0,2.0,5.0,1.0,,,1.0,0.5,1.0,0.8333333333333334,0.8333333333333334,,0.0625,,1.0,0.4,,,,,,,0.6666666666666666,0.5,1.0,0.2222222222222222,1.0,0.1111111111111111,,,0.21739130434782608,,,,,,,,,,,,1.0,,,,,,,,,,,,,,,,False,,1.0,,,,,,,,,,,,,,,,,,,,,,,,,
1627746,1610612758,Skal Labissiere,Skal Labissiere,1627746,SAC,717.0,12,-1,26,24,17.0,4.0,4.0,50,1.0,1.0,1.0,1.0,1.0,1.0,,5.0,32,1.0,1.0,5.0,3.0,1.0,1.0,1.0,1.0,,,,5.0,17.0,1.0,1.0,1.0,1.0,0.625,0.625,0.625,0.625,0.25,13.333333333333334,0.25,1.0,1.0,1.0,0.25,1.0,0.25,1.0,0.43220000000000003,0.43220000000000003,,,1.0,27.7,0.6538461538461539,,,1.0,2.0,,1.0,,1.0,3.0,,1.0,3.0,,2.0,,,,,1.0,1.0,,1.0,,,3.0,1.0,,2.0,1.0,3.0,,,,,,,,,,,,,,,1.0,1.0,0.3333333333333333,0.3333333333333333,,,,,0.2,0.2857142857142857,0.09090909090909091,0.25,,,,,,,,,0.5,0.5,0.5,0.25,,,,11.1,,,,,,,,,,,,,,2.0,,,,,,,,,0.5,,,1.0,,,,,,,,,,,,,,,,,,,,,0.5,,,,,,,,,,,,,,,,,,,,,,False,,,,,,,,,1.0,,,,,,,,,,,,,,,,,,
1627751,1610612761,Jakob Poeltl,Jakob Poeltl,1627751,TOR,563.0,9,-14,19,20,10.0,13.0,3.0,39,,,,,,,,2.0,31,,,,,,,,,2.0,2.0,,,10.0,,,,,0.25,,0.2,,,26.08695652173913,,,,,,,0.5,,0.550975,0.4587,,,,,0.5263157894736842,1.0,2.0,,2.0,,,,1.0,4.0,2.0,,1.0,,,2.0,,1.0,,,,,,,,,,1.0,2.0,2.0,4.0,,,,1.0,,1.0,,1.0,,1.0,1.0,,1.0,1.0,,,0.25,,0.25,0.5,1.0,0.14285714285714285,,0.2,0.18181818181818182,,0.14285714285714285,,,1.0,0.5,0.5,0.5,,0.5,,,,,,,3.35,,,,,,,,,,1.0,,,2.0,1.0,,,1.0,,0.5,0.5,0.3333333333333333,,0.3333333333333333,0.5,,,,,,,,,,,,,,,,0.6500999999999999,1.0,,,,,,,1.0,2.0,,2.0,,,,1.0,1.0,0.5,,,2.0,,,0.2,0.2,,,,,True,,,,,,1.0,,,,1.0,,,,,0.3333333333333333,,,,,,,,,,,,
1629628,1610612761,RJ Barrett,RJ Barrett,1629628,TOR,11043.0,184,-32,371,376,74.0,70.0,53.0,747,10.0,23.0,2.0,6.0,12.0,29.0,21.0,115.0,447,2.0,6.0,22.0,36.0,23.0,10.0,9.0,11.0,23.0,36.0,19.0,22.0,74.0,1.0,0.41379310344827586,0.3333333333333333,0.41379310344827586,0.5,0.46153846153846156,0.5227272727272727,0.55,0.30851063829787234,28.14645308924485,0.24468085106382978,0.43478260869565216,0.43478260869565216,1.0,0.46153846153846156,0.3333333333333333,0.6276595744680851,0.43478260869565216,0.5461329787234042,0.5563807692307692,0.1743119266055046,0.2375,0.19130434782608696,25.310344827586206,0.19946091644204852,15.0,30.0,13.0,33.0,1.0,2.0,6.0,29.0,65.0,7.0,3.0,7.0,10.0,22.0,36.0,,8.0,18.0,13.0,31.0,9.0,4.0,12.0,5.0,75.0,3.0,21.0,28.0,7.0,35.0,1.0,4.0,2.0,10.0,1.0,6.0,3.0,13.0,4.0,2.0,1.0,1.0,2.0,1.0,0.3793103448275862,0.39285714285714285,0.4461538461538462,0.42857142857142855,0.12307692307692308,0.06060606060606061,0.7692307692307693,0.23333333333333334,0.04054054054054054,0.15432098765432098,0.031413612565445025,0.03636363636363636,0.22058823529411764,0.2727272727272727,0.022727272727272728,0.5,0.3191489361702128,0.5,0.625,0.4,0.35106382978723405,0.3939393939393939,0.41935483870967744,0.02127659574468085,0.5,0.5,0.06382978723404255,5.43846153846154,1.0,4.0,2.0,,,,,,2.0,5.0,,2.0,11.0,4.0,3.0,4.0,4.0,,0.7142857142857143,0.5555555555555556,0.55,0.375,0.05555555555555555,,,0.3076923076923077,0.3333333333333333,0.3333333333333333,1.0,,,,0.2222222222222222,,,0.3076923076923077,0.25,,,0.6132666666666666,0.09565217391304348,,,,,,0.125,4.0,4.0,1.0,2.0,2.0,,2.0,,0.4444444444444444,1.0,,0.2,3.0,,,0.02564102564102564,0.017241379310344827,,,,0.05263157894736842,True,,1.0,1.0,,,1.0,,,,1.0,,,,0.09090909090909091,0.04081632653061224,1.0,,,,,,,,,,,
1630639,1610612761,A.J. Lawson,A.J. Lawson,1630639,TOR,9010.0,150,-35,309,310,116.0,108.0,49.0,619,8.0,20.0,4.0,11.0,11.0,34.0,10.0,75.0,371,5.0,14.0,36.0,33.0,20.0,8.0,3.0,17.0,9.0,16.0,7.0,36.0,116.0,1.0,0.3235294117647059,0.35714285714285715,0.3235294117647059,0.5241935483870968,0.62,0.5434782608695652,0.6206896551724138,0.5483870967741935,19.40700808625337,0.3225806451612903,0.4,0.4,1.0,0.44,0.36363636363636365,0.8548387096774194,0.4,0.5659887096774194,0.5250440000000001,0.1044776119402985,0.21212121212121213,0.48,24.917647058823526,0.37540453074433655,11.0,19.0,5.0,9.0,,,14.0,16.0,28.0,6.0,8.0,11.0,5.0,24.0,8.0,,3.0,5.0,2.0,7.0,2.0,,2.0,2.0,16.0,3.0,17.0,24.0,6.0,30.0,1.0,4.0,1.0,3.0,,2.0,,3.0,2.0,1.0,1.0,,2.0,2.0,0.75,0.9230769230769231,0.5714285714285714,0.7272727272727273,0.10714285714285714,0.1111111111111111,1.0,0.2236842105263158,0.04054054054054054,0.1513157894736842,0.03592814371257485,0.05660377358490566,0.2545454545454545,0.14285714285714285,0.03333333333333333,1.0,0.3064516129032258,0.5789473684210527,0.6470588235294118,0.6363636363636364,0.14516129032258066,0.5555555555555556,0.625,,,,0.22580645161290322,3.0785714285714283,5.0,6.0,3.0,,2.0,1.0,3.0,3.0,5.0,3.0,3.0,7.0,16.0,6.0,1.0,1.0,3.0,0.42857142857142855,0.5,0.5769230769230769,0.5714285714285714,0.09090909090909091,0.07894736842105263,0.06666666666666667,0.18181818181818182,1.0,0.21428571428571427,0.21428571428571427,1.0,0.15384615384615385,,,0.38461538461538464,0.6,1.0,0.24,0.8333333333333334,0.12,0.3333333333333333,0.5806888888888889,0.21333333333333335,,,1.0,1.0,,0.05714285714285714,3.0,6.0,1.0,6.0,3.0,2.0,,,0.46153846153846156,0.5,4.0,0.10526315789473684,3.0,,,0.03225806451612903,0.02040816326530612,,,,,True,,1.0,,,,2.0,,,,2.0,,,,,0.05405405405405406,,,,,,,,,,,,
1631115,1610612761,Orlando Robinson,Orlando Robinson,1631115,TOR,29000.0,483,-85,1004,1009,316.0,353.0,157.0,2013,6.0,23.0,2.0,8.0,7.0,26.0,39.0,184.0,1151,2.0,9.0,60.0,21.0,23.0,6.0,36.0,57.0,37.0,47.0,23.0,60.0,316.0,1.0,0.2692307692307692,0.2222222222222222,0.2692307692307692,0.4559748427672956,0.48148148148148145,0.5054945054945055,0.5084745762711864,0.16352201257861634,17.809364548494983,0.14465408805031446,0.2608695652173913,0.2727272727272727,1.0,0.14814814814814814,0.25,0.559748427672956,0.2608695652173913,0.5356569620253164,0.5412150943396227,0.1270718232044199,0.14838709677419354,0.32608695652173914,26.161538461538463,0.3147410358565737,37.0,63.0,24.0,68.0,1.0,2.0,3.0,62.0,133.0,40.0,23.0,45.0,8.0,80.0,44.0,,14.0,24.0,23.0,47.0,16.0,7.0,12.0,11.0,117.0,22.0,34.0,79.0,58.0,137.0,2.0,11.0,3.0,17.0,1.0,8.0,14.0,31.0,1.0,12.0,5.0,7.0,12.0,9.0,0.6451612903225806,0.8888888888888888,0.46616541353383456,0.5111111111111111,0.10526315789473684,0.10294117647058823,0.5483870967741935,0.13654618473895583,0.09606986899563319,0.15822784810126583,0.10800744878957169,0.08536585365853659,0.13440860215053763,0.14285714285714285,0.02702702702702703,0.75,0.39622641509433965,0.5873015873015873,0.6607142857142857,0.5405405405405406,0.4276729559748428,0.35294117647058826,0.39344262295081966,0.012578616352201259,0.5,0.5,0.018867924528301886,4.946616541353384,13.0,19.0,1.0,,,,1.0,,2.0,23.0,,2.0,62.0,41.0,4.0,9.0,9.0,,0.575,0.5476190476190477,0.5961538461538461,0.15384615384615385,0.18222222222222223,0.19318181818181818,0.2,0.7916666666666666,0.3333333333333333,0.3333333333333333,1.0,,,,0.047619047619047616,,,0.35185185185185186,0.6842105263157895,0.018518518518518517,,0.5793629032258064,0.33695652173913043,2.0,5.0,,,,0.16822429906542055,18.0,28.0,16.0,34.0,8.0,8.0,6.0,4.0,0.6666666666666666,0.6428571428571429,4.0,0.1111111111111111,36.0,,,0.11688311688311688,0.09937888198757763,0.08571428571428572,,2.0,0.12307692307692308,True,1.0,1.0,,1.0,1.0,1.0,,4.0,,1.0,0.038461538461538464,,0.043478260869565216,,0.15178571428571427,1.0,0.1111111111111111,,,,2.0,,,,,,
1631197,1610612761,Jared Rhoden,Jared Rhoden,1631197,TOR,5335.0,89,-1,177,181,79.0,34.0,40.0,358,2.0,9.0,1.0,4.0,6.0,15.0,12.0,48.0,211,4.0,8.0,23.0,12.0,9.0,2.0,4.0,9.0,7.0,14.0,6.0,23.0,79.0,0.6666666666666666,0.4,0.5,0.4,0.6,0.6666666666666666,0.6486486486486487,0.6764705882352942,0.5,17.98245614035088,0.3,0.2222222222222222,0.2222222222222222,1.0,0.26666666666666666,0.25,0.9333333333333333,0.2222222222222222,0.6121583333333332,0.5888399999999999,0.16666666666666666,0.2857142857142857,0.4791666666666667,24.57333333333333,0.4463276836158192,8.0,13.0,1.0,2.0,,,6.0,9.0,15.0,5.0,4.0,7.0,3.0,12.0,6.0,6.0,3.0,3.0,2.0,5.0,1.0,1.0,2.0,1.0,12.0,3.0,1.0,10.0,5.0,15.0,,2.0,1.0,1.0,3.0,1.0,3.0,4.0,,1.0,,,2.0,1.0,0.6666666666666666,0.8571428571428571,0.6,0.5714285714285714,0.2,,0.25,0.020833333333333332,0.07142857142857142,0.061224489795918366,0.04950495049504951,0.07407407407407407,0.029411764705882353,,,0.5,0.43333333333333335,0.6153846153846154,0.8,0.625,0.06666666666666667,0.5,0.5,,,,0.2,2.5533333333333337,3.0,5.0,4.0,1.0,1.0,3.0,4.0,2.0,2.0,2.0,3.0,3.0,14.0,5.0,4.0,,2.0,1.0,0.4,0.8125,0.7777777777777778,0.5,0.1,0.08333333333333333,,1.0,0.6666666666666666,0.6666666666666666,0.5,0.125,1.0,1.0,0.25,1.0,1.0,0.3333333333333333,0.6,0.26666666666666666,0.75,0.5907199999999999,0.2916666666666667,,1.0,1.0,1.0,1.0,0.15789473684210525,2.0,5.0,1.0,4.0,1.0,1.0,,,0.625,0.4,1.0,0.23076923076923078,2.0,,,0.03389830508474576,,,,,0.06666666666666667,True,,,,,,1.0,,,,1.0,,,,,0.07407407407407407,,,,,,,,,,,,
1630534,1610612761,Ochai Agbaji,Ochai Agbaji,1630534,TOR,6202.0,103,-44,222,222,58.0,115.0,26.0,444,2.0,5.0,1.0,2.0,4.0,17.0,3.0,37.0,260,1.0,4.0,10.0,12.0,5.0,2.0,3.0,5.0,3.0,4.0,1.0,10.0,58.0,1.0,0.23529411764705882,0.25,0.23529411764705882,0.4857142857142857,0.4375,0.5,0.5,0.4857142857142857,16.867469879518072,0.14285714285714285,0.4,0.4,1.0,0.25,0.5,0.8571428571428571,0.4,0.5927942857142858,0.5757749999999999,0.027777777777777776,0.05263157894736842,0.2702702702702703,24.252941176470582,0.26126126126126126,9.0,13.0,1.0,3.0,1.0,2.0,12.0,11.0,18.0,2.0,2.0,4.0,3.0,16.0,6.0,,1.0,1.0,3.0,4.0,3.0,,,,11.0,4.0,8.0,16.0,6.0,22.0,1.0,3.0,1.0,4.0,,2.0,1.0,5.0,,,,,,,0.7272727272727273,0.8,0.6111111111111112,0.5,0.05555555555555555,,0.8,0.12698412698412698,0.07692307692307693,0.12264150943396226,0.05454545454545454,0.03225806451612903,0.12244897959183673,0.14285714285714285,0.05555555555555555,,0.37142857142857144,0.6923076923076923,0.75,0.7777777777777778,0.08571428571428572,0.3333333333333333,0.3333333333333333,0.05714285714285714,0.5,0.5,0.34285714285714286,4.755555555555555,2.0,3.0,2.0,,1.0,,2.0,1.0,1.0,1.0,1.0,2.0,5.0,5.0,3.0,2.0,,0.5,0.5,0.625,0.625,0.375,0.11627906976744186,0.13333333333333333,0.2,,0.16666666666666666,0.18181818181818182,1.0,0.25,,,0.25,1.0,1.0,0.375,0.6666666666666666,0.25,,0.44520000000000004,0.13513513513513514,,,,,,0.08695652173913043,1.0,2.0,,2.0,2.0,,,1.0,0.5,0.5,1.0,0.07692307692307693,2.0,,,0.034482758620689655,,0.08333333333333333,,,0.14285714285714285,True,1.0,1.0,,,,1.0,,,,1.0,0.058823529411764705,0.08333333333333333,,,0.058823529411764705,1.0,,,,,,,,,,,
1630567,1610612761,Scottie Barnes,Scottie Barnes,1630567,TOR,14275.0,238,-36,499,501,135.0,206.0,78.0,1000,3.0,22.0,,6.0,4.0,26.0,36.0,140.0,557,,6.0,29.0,12.0,21.0,3.0,1.0,7.0,34.0,46.0,22.0,29.0,135.0,1.0,0.15384615384615385,,0.16,0.40310077519379844,0.32142857142857145,0.46357615894039733,0.4142857142857143,0.20155038759689922,27.62063227953411,0.17054263565891473,0.13636363636363635,0.13636363636363635,1.0,0.21428571428571427,,0.49612403100775193,0.14285714285714285,0.5161839843750001,0.4872944444444445,0.1476510067114094,0.17886178861788618,0.20714285714285716,26.06923076923077,0.27054108216432865,19.0,38.0,22.0,53.0,5.0,12.0,4.0,46.0,103.0,15.0,9.0,22.0,11.0,50.0,42.0,,6.0,23.0,11.0,34.0,10.0,1.0,18.0,5.0,79.0,4.0,21.0,43.0,13.0,56.0,3.0,15.0,7.0,11.0,1.0,7.0,4.0,15.0,2.0,5.0,3.0,2.0,6.0,3.0,0.5434782608695652,0.5555555555555556,0.44660194174757284,0.4090909090909091,0.05825242718446602,0.03773584905660377,0.7333333333333333,0.1721311475409836,0.037383177570093455,0.1625,0.04477611940298507,0.0375,0.1595744680851064,0.21428571428571427,0.04477611940298507,0.5,0.29457364341085274,0.5,0.5588235294117647,0.5789473684210527,0.4108527131782946,0.41509433962264153,0.43137254901960786,0.09302325581395349,0.4166666666666667,0.4166666666666667,0.031007751937984496,7.600000000000001,5.0,8.0,1.0,,,,,,3.0,6.0,,3.0,14.0,18.0,4.0,4.0,4.0,,0.4,0.3333333333333333,0.3684210526315789,0.3333333333333333,0.15254237288135594,0.09803921568627451,0.16666666666666666,0.5454545454545454,0.25,0.25,1.0,,,,0.16666666666666666,,,0.2857142857142857,0.625,,,0.5160923076923077,0.1,1.0,1.0,1.0,,,0.2,3.0,9.0,2.0,2.0,8.0,1.0,1.0,2.0,0.5,0.3333333333333333,4.0,0.10526315789473684,8.0,,,0.049689440993788817,0.05555555555555555,0.07142857142857142,,1.0,0.037037037037037035,True,,,1.0,,,2.0,1.0,,,2.0,,,,0.06666666666666667,0.03508771929824561,0.4,0.3333333333333333,,,,,,1.0,,,,
1642347,1610612761,Jamal Shead,Jamal Shead,1642347,TOR,15039.0,251,-50,525,524,184.0,202.0,72.0,1049,9.0,35.0,5.0,17.0,13.0,42.0,10.0,83.0,601,7.0,19.0,33.0,36.0,35.0,9.0,14.0,33.0,13.0,12.0,5.0,33.0,184.0,0.9230769230769231,0.30952380952380953,0.3684210526315789,0.30952380952380953,0.43452380952380953,0.44285714285714284,0.4659090909090909,0.4583333333333333,0.5,17.491749174917494,0.4166666666666667,0.2571428571428571,0.2571428571428571,0.8888888888888888,0.4857142857142857,0.29411764705882354,0.6190476190476191,0.2571428571428571,0.503170238095238,0.5185371428571429,0.05813953488372093,0.11363636363636363,0.39759036144578314,25.888095238095236,0.3504761904761905,6.0,10.0,11.0,28.0,,4.0,7.0,17.0,42.0,1.0,5.0,16.0,2.0,10.0,24.0,3.0,2.0,29.0,26.0,55.0,17.0,9.0,16.0,11.0,136.0,2.0,9.0,14.0,5.0,19.0,1.0,9.0,3.0,9.0,3.0,8.0,9.0,18.0,3.0,1.0,,1.0,2.0,1.0,0.29411764705882354,0.29411764705882354,0.40476190476190477,0.3125,0.047619047619047616,0.03571428571428571,0.5,0.06870229007633588,0.01694915254237288,0.05785123966942149,0.018518518518518517,0.02247191011235955,0.08163265306122448,0.030303030303030304,0.0196078431372549,0.5,0.11904761904761904,0.6,0.6666666666666666,0.3333333333333333,0.3333333333333333,0.39285714285714285,0.4074074074074074,0.047619047619047616,,,0.08333333333333333,8.066666666666666,3.0,7.0,4.0,,,2.0,2.0,,1.0,,,1.0,,5.0,,1.0,8.0,,,,,,0.04504504504504504,0.025,0.05555555555555555,0.2727272727272727,0.5714285714285714,0.5714285714285714,1.0,,,,0.5,,,0.2,0.42857142857142855,0.05714285714285714,1.0,0.55095,,4.0,2.0,1.0,1.0,,0.05660377358490566,,,,,6.0,1.0,1.0,,,,6.0,0.1,3.0,1.0,,0.019736842105263157,0.013513513513513514,0.045454545454545456,,1.0,,True,,2.0,,,2.0,2.0,,,,1.0,,,,,0.017857142857142856,,,,,,,,,,1.0,,
1642419,1610612761,Jamison Battle,Jamison Battle,1642419,TOR,7389.0,123,-48,251,257,91.0,83.0,46.0,508,6.0,19.0,2.0,7.0,10.0,32.0,,40.0,309,2.0,9.0,10.0,30.0,19.0,6.0,4.0,10.0,2.0,,,10.0,91.0,1.0,0.3125,0.2222222222222222,0.3125,0.425531914893617,0.35714285714285715,0.425531914893617,0.35714285714285715,0.6808510638297872,16.61237785016287,0.40425531914893614,0.3157894736842105,0.3157894736842105,1.0,0.5,0.2857142857142857,0.7446808510638298,0.3157894736842105,0.5229326086956521,0.5114115384615384,,,0.25,25.181250000000002,0.36254980079681276,1.0,3.0,2.0,7.0,2.0,5.0,13.0,5.0,15.0,3.0,2.0,5.0,,6.0,4.0,,4.0,2.0,,2.0,,,,2.0,4.0,2.0,6.0,11.0,5.0,16.0,1.0,,,4.0,,2.0,,4.0,,2.0,2.0,,2.0,2.0,0.6,0.75,0.3333333333333333,0.4,0.26666666666666666,0.2857142857142857,1.0,0.10526315789473684,0.03225806451612903,0.08870967741935484,0.027972027972027972,0.022222222222222223,0.13043478260869565,,0.037037037037037035,1.0,0.06382978723404255,0.3333333333333333,1.0,,0.14893617021276595,0.2857142857142857,0.4,0.10638297872340426,0.4,0.4,0.2765957446808511,10.219999999999999,,1.0,4.0,2.0,4.0,,2.0,,3.0,1.0,2.0,7.0,8.0,5.0,,2.0,2.0,0.2857142857142857,0.3333333333333333,0.4,0.4,,0.07462686567164178,0.047619047619047616,0.1,1.0,0.3076923076923077,0.3076923076923077,1.0,0.4,0.5,1.0,0.3,,,0.07142857142857142,,0.14285714285714285,,0.5128833333333334,0.2,,1.0,,,,0.08333333333333333,1.0,1.0,,2.0,,,,,0.1,1.0,,0.6666666666666666,2.0,,,0.024691358024691357,0.0392156862745098,,,,0.058823529411764705,True,,,1.0,,,,,,,,,,,0.16666666666666666,,0.5,,,,,,,,,,,
202066,1610612761,Garrett Temple,Garrett Temple,202066,TOR,5073.0,85,-20,186,182,96.0,81.0,29.0,368,1.0,9.0,1.0,4.0,2.0,12.0,5.0,17.0,213,1.0,5.0,10.0,6.0,9.0,1.0,7.0,11.0,9.0,6.0,2.0,10.0,96.0,1.0,0.16666666666666666,0.2,0.16666666666666666,0.24,0.25,0.30357142857142855,0.38461538461538464,0.48,14.999999999999998,0.36,0.1111111111111111,0.1111111111111111,1.0,0.4,0.25,0.68,0.1111111111111111,0.5155040000000001,0.5265350000000001,0.07407407407407407,0.13333333333333333,0.5882352941176471,25.399999999999995,0.5161290322580645,2.0,5.0,,3.0,1.0,5.0,3.0,3.0,13.0,,1.0,5.0,5.0,4.0,2.0,,1.0,6.0,6.0,12.0,3.0,3.0,2.0,4.0,30.0,1.0,2.0,5.0,2.0,7.0,,4.0,3.0,3.0,1.0,2.0,2.0,5.0,,1.0,,1.0,1.0,1.0,0.6666666666666666,0.6666666666666666,0.23076923076923078,0.2,0.07692307692307693,,0.6,0.05128205128205128,0.02127659574468085,0.060240963855421686,0.020833333333333332,0.02857142857142857,0.06896551724137931,,,1.0,0.2,0.4,0.5,1.0,0.12,,,0.2,0.2,0.2,0.12,9.523076923076923,1.0,2.0,1.0,,,,1.0,,2.0,,,2.0,,3.0,,1.0,3.0,,,,,,0.06818181818181818,,,,0.3333333333333333,0.3333333333333333,1.0,,,,1.0,,,0.2,0.5,0.1,,0.4902,,1.0,,,,,0.13043478260869565,,,,,1.0,1.0,,1.0,,,,0.2,1.0,1.0,,0.02040816326530612,0.038461538461538464,,,,,True,,,,,1.0,1.0,,,,1.0,,,,,,,,,,,,,,,,,
1628449,1610612761,Chris Boucher,Chris Boucher,1628449,TOR,4336.0,72,3,146,148,40.0,38.0,20.0,294,2.0,8.0,,2.0,4.0,15.0,3.0,25.0,155,2.0,4.0,10.0,12.0,8.0,2.0,2.0,8.0,5.0,3.0,,10.0,40.0,1.0,0.26666666666666666,0.5,0.26666666666666666,0.4583333333333333,0.8333333333333334,0.5,0.8333333333333334,0.625,16.568047337278106,0.3333333333333333,0.25,0.25,1.0,0.3333333333333333,,0.9583333333333334,0.25,0.6021979166666668,0.6018916666666666,0.04,,0.4,24.740000000000002,0.273972602739726,4.0,8.0,1.0,1.0,,,7.0,5.0,9.0,3.0,2.0,2.0,,8.0,2.0,,1.0,1.0,1.0,2.0,1.0,,1.0,,5.0,1.0,9.0,16.0,5.0,21.0,1.0,,,1.0,,,2.0,3.0,,1.0,,1.0,1.0,,0.8,1.0,0.5555555555555556,1.0,0.1111111111111111,,0.3333333333333333,0.21951219512195122,0.02702702702702703,0.22857142857142856,0.0641025641025641,0.03571428571428571,0.25806451612903225,0.1,0.07142857142857142,,0.3333333333333333,0.5,0.5714285714285714,1.0,0.041666666666666664,1.0,1.0,,,,0.2916666666666667,1.6444444444444446,2.0,2.0,2.0,,2.0,2.0,2.0,,,1.0,,2.0,2.0,7.0,,1.0,,,0.3333333333333333,0.2,0.2,,0.2413793103448276,0.2222222222222222,0.4,,0.2857142857142857,0.2857142857142857,1.0,0.4,,,,,,0.3333333333333333,1.0,0.3333333333333333,1.0,0.5283333333333333,0.08,,1.0,,,,0.2,,2.0,,2.0,,,1.0,2.0,0.4,,1.0,0.125,4.0,,1.0,0.0975609756097561,0.14285714285714285,,0.0625,,,True,,,,,1.0,,,,1.0,,,,,,0.07142857142857142,,,1.0,,,,,,,,,
1628971,1610612761,Bruce Brown,Bruce Brown,1628971,TOR,2493.0,42,-16,91,90,18.0,60.0,13.0,181,,3.0,,1.0,,3.0,2.0,16.0,99,,1.0,2.0,,3.0,,2.0,3.0,2.0,2.0,1.0,2.0,18.0,,,,,0.35,0.2,0.38095238095238093,0.2,0.15,23.36448598130841,0.15,,,,0.2,,0.5,,0.5399849999999999,0.55012,0.047619047619047616,0.05555555555555555,0.125,25.666666666666668,0.1978021978021978,4.0,7.0,3.0,9.0,,1.0,,7.0,17.0,3.0,1.0,4.0,,8.0,6.0,,2.0,2.0,1.0,3.0,1.0,,2.0,,7.0,1.0,3.0,5.0,3.0,8.0,1.0,5.0,3.0,1.0,1.0,1.0,3.0,4.0,,1.0,1.0,,1.0,,0.5714285714285714,0.8,0.4117647058823529,0.25,0.11764705882352941,0.2222222222222222,0.25,0.16666666666666666,0.058823529411764705,0.13513513513513514,0.05555555555555555,,0.15384615384615385,0.2,0.09090909090909091,,0.35,0.5714285714285714,0.5714285714285714,0.5,0.45,0.3333333333333333,0.42857142857142855,0.05,,,,7.076470588235294,1.0,3.0,,,,,,,1.0,3.0,,1.0,8.0,2.0,,,,,1.0,0.75,0.8,,0.10526315789473684,,,0.6666666666666666,,,,,,,0.25,,,0.6,0.3333333333333333,,,0.5213666666666666,0.5,1.0,,,,,0.2222222222222222,2.0,2.0,2.0,4.0,2.0,,1.0,,0.5,1.0,,,2.0,,,0.05405405405405406,0.058823529411764705,,,,0.25,True,,,,,,,,,,,,,,,0.06666666666666667,,,,,,,,,,,,
1630558,1610612761,Davion Mitchell,Davion Mitchell,1630558,TOR,1587.0,26,-8,56,57,5.0,9.0,5.0,113,2.0,5.0,,1.0,2.0,5.0,1.0,11.0,61,,1.0,,,5.0,2.0,,1.0,3.0,1.0,1.0,,5.0,,0.4,,0.4,0.625,,0.6875,,0.625,16.129032258064516,0.625,0.4,0.4,,1.0,,0.875,0.4,0.6064375000000001,0.5601,0.125,0.3333333333333333,,25.74,0.08928571428571429,2.0,2.0,,,,1.0,,2.0,3.0,,,,,2.0,2.0,6.0,,2.0,1.0,3.0,1.0,,,2.0,7.0,,1.0,1.0,,1.0,,1.0,1.0,2.0,,2.0,,2.0,1.0,,,,,,0.5,0.5,0.6666666666666666,,,,1.0,0.07142857142857142,,0.043478260869565216,,,,0.2,,,0.25,1.0,1.0,0.5,,,,0.125,,,,7.166666666666667,,,,,,,,,,,,,,,,,,,,,,,,,,,,,,,,,,,,,,,,,,,,,,,,,,,,,,,,,,1.0,,,,,,,,,,,True,,,,,2.0,,,,,,,,,,,,,,,,,,,,,,
1642266,1610612761,Ja'Kobe Walter,Ja'Kobe Walter,1642266,TOR,9580.0,160,3,338,336,105.0,150.0,48.0,674,6.0,19.0,1.0,9.0,7.0,25.0,8.0,57.0,356,1.0,9.0,19.0,21.0,18.0,6.0,6.0,13.0,9.0,9.0,4.0,19.0,105.0,1.0,0.28,0.1111111111111111,0.2916666666666667,0.4375,0.39473684210526316,0.475,0.4523809523809524,0.44642857142857145,16.834170854271356,0.3392857142857143,0.3157894736842105,0.3157894736842105,1.0,0.47368421052631576,0.1111111111111111,0.6964285714285714,0.3333333333333333,0.5396,0.5396666666666666,0.06779661016949153,0.11764705882352941,0.3333333333333333,25.988000000000003,0.3106508875739645,10.0,14.0,2.0,12.0,2.0,5.0,6.0,14.0,31.0,3.0,6.0,10.0,4.0,22.0,6.0,,9.0,8.0,4.0,12.0,1.0,3.0,4.0,2.0,28.0,1.0,7.0,15.0,7.0,22.0,1.0,9.0,3.0,5.0,,2.0,2.0,7.0,1.0,1.0,,1.0,1.0,,0.7857142857142857,0.7857142857142857,0.45161290322580644,0.6,0.2903225806451613,0.3333333333333333,0.7142857142857143,0.09090909090909091,0.012345679012345678,0.0958904109589041,0.04,0.01694915254237288,0.0847457627118644,0.1111111111111111,0.04,,0.25,0.7142857142857143,1.0,0.9,0.21428571428571427,0.16666666666666666,0.25,0.08928571428571429,0.4,0.5,0.10714285714285714,7.096774193548386,4.0,4.0,1.0,,1.0,,,,,1.0,,1.0,4.0,7.0,1.0,3.0,1.0,,0.3333333333333333,0.25,0.4,0.09090909090909091,0.10144927536231885,0.13793103448275862,,0.5,0.16666666666666666,0.16666666666666666,1.0,0.25,,,,,,0.21052631578947367,1.0,,,0.46595000000000003,0.07017543859649122,1.0,1.0,,,,0.1,,,2.0,,6.0,,,1.0,,,3.0,0.2857142857142857,6.0,1.0,,0.06382978723404255,0.06521739130434782,0.09090909090909091,,,,True,,2.0,,,1.0,1.0,,,,1.0,,,,,0.05405405405405406,0.5,,,,,,0.2,1.0,,,,
1630193,1610612761,Immanuel Quickley,Immanuel Quickley,1630193,TOR,9369.0,156,41,328,330,88.0,108.0,58.0,658,15.0,38.0,4.0,7.0,18.0,43.0,33.0,133.0,343,5.0,9.0,51.0,39.0,38.0,15.0,5.0,12.0,20.0,35.0,15.0,51.0,88.0,0.7222222222222222,0.4186046511627907,0.5555555555555556,0.4186046511627907,0.5952380952380952,0.8043478260869565,0.6565656565656566,0.875,0.5119047619047619,28.25,0.4523809523809524,0.39473684210526316,0.39473684210526316,0.6666666666666666,0.30434782608695654,0.5714285714285714,0.6666666666666666,0.39473684210526316,0.5115238095238096,0.48414782608695656,0.15463917525773196,0.2777777777777778,0.38345864661654133,25.793023255813953,0.2682926829268293,9.0,13.0,11.0,22.0,3.0,6.0,5.0,23.0,41.0,5.0,11.0,14.0,14.0,14.0,32.0,15.0,3.0,17.0,6.0,23.0,5.0,1.0,10.0,6.0,52.0,5.0,12.0,22.0,6.0,28.0,,6.0,1.0,9.0,1.0,7.0,5.0,14.0,2.0,,,,,,0.30434782608695654,0.30434782608695654,0.5609756097560976,0.7857142857142857,0.07317073170731707,0.045454545454545456,0.6428571428571429,0.14285714285714285,0.07142857142857142,0.12883435582822086,0.03550295857988166,0.061224489795918366,0.140625,0.15,,,0.15476190476190477,0.6923076923076923,0.8181818181818182,0.2222222222222222,0.2619047619047619,0.5,0.5238095238095238,0.07142857142857142,0.5,0.5,0.05952380952380952,8.146341463414636,5.0,6.0,3.0,2.0,4.0,1.0,2.0,2.0,3.0,3.0,4.0,7.0,20.0,9.0,1.0,2.0,4.0,0.5714285714285714,0.6,0.75,0.7692307692307693,0.16666666666666666,0.11392405063291139,0.13333333333333333,0.25,0.2727272727272727,0.6,0.6,1.0,0.3333333333333333,0.5,1.0,0.25,0.6666666666666666,1.0,0.2608695652173913,0.8333333333333334,0.08695652173913043,0.5,0.4860928571428572,0.15037593984962405,1.0,2.0,,,,0.07317073170731707,,,2.0,,5.0,,1.0,1.0,,,1.0,0.15384615384615385,1.0,,,0.010101010101010102,0.017543859649122806,,,,0.09523809523809523,True,,1.0,,,,2.0,,,,2.0,,,,,,0.6666666666666666,,2.0,,,,,,,3.0,,
1641711,1610612761,Gradey Dick,Gradey Dick,1641711,TOR,6322.0,105,-45,215,222,49.0,58.0,32.0,437,10.0,16.0,3.0,3.0,12.0,24.0,9.0,51.0,271,4.0,8.0,14.0,33.0,16.0,10.0,6.0,8.0,10.0,9.0,5.0,14.0,49.0,0.9166666666666666,0.5,0.5,0.5,0.5384615384615384,0.5,0.5930232558139535,0.5384615384615384,0.6153846153846154,20.318725099601597,0.41025641025641024,0.625,0.625,0.9,0.25,1.0,0.7948717948717948,0.625,0.5340115384615384,0.5002375,0.11627906976744186,0.2631578947368421,0.27450980392156865,24.900000000000002,0.22790697674418606,2.0,7.0,1.0,3.0,,5.0,8.0,3.0,15.0,5.0,,4.0,2.0,6.0,,3.0,1.0,3.0,1.0,4.0,1.0,,1.0,2.0,9.0,3.0,6.0,15.0,6.0,21.0,1.0,5.0,3.0,5.0,1.0,3.0,3.0,8.0,1.0,2.0,,2.0,2.0,1.0,1.0,1.0,0.2,,0.06666666666666667,,0.625,0.1111111111111111,0.06,0.1595744680851064,0.05128205128205128,0.09090909090909091,0.14705882352941177,0.05,0.043478260869565216,0.5,0.1794871794871795,0.2857142857142857,0.2857142857142857,1.0,0.07692307692307693,0.3333333333333333,0.3333333333333333,0.1282051282051282,,,0.20512820512820512,9.086666666666666,,1.0,2.0,,,1.0,5.0,,,,,,4.0,9.0,,2.0,3.0,,,,0.2857142857142857,,0.225,0.3333333333333333,0.5,1.0,0.25,0.25,1.0,,,,,,,0.08333333333333333,,0.4166666666666667,0.2,0.518,0.0784313725490196,,2.0,,,,0.09523809523809523,,2.0,4.0,,2.0,,,,0.4,,,,3.0,,,0.04477611940298507,0.058823529411764705,,,1.0,,True,,,,1.0,3.0,,,1.0,,,,,,,0.041666666666666664,,,,,,,0.2,,,,,
1642367,1610612761,Jonathan Mogbo,Jonathan Mogbo,1642367,TOR,3624.0,60,-11,124,119,26.0,43.0,20.0,243,,,,,,2.0,1.0,9.0,129,,2.0,3.0,,,,4.0,5.0,1.0,2.0,1.0,3.0,26.0,,,,,0.3076923076923077,0.3333333333333333,0.32142857142857145,0.375,0.15384615384615385,10.738255033557047,,,,,,,0.6923076923076923,,0.5729115384615384,0.5948166666666667,0.07142857142857142,0.08333333333333333,0.3333333333333333,23.1,0.20967741935483872,3.0,7.0,1.0,3.0,,1.0,2.0,4.0,11.0,1.0,1.0,1.0,1.0,4.0,4.0,,1.0,1.0,1.0,2.0,1.0,,,1.0,5.0,3.0,4.0,9.0,4.0,13.0,,4.0,1.0,1.0,,1.0,1.0,2.0,,3.0,2.0,1.0,3.0,3.0,0.5,0.5,0.36363636363636365,1.0,0.09090909090909091,,0.5,0.13793103448275862,0.1111111111111111,0.16363636363636364,0.05714285714285714,0.15,0.1,0.2222222222222222,,1.0,0.5384615384615384,0.42857142857142855,0.5,0.6666666666666666,0.23076923076923078,0.3333333333333333,0.3333333333333333,0.07692307692307693,,,0.15384615384615385,4.672727272727273,1.0,1.0,,,1.0,,2.0,,,,,1.0,1.0,5.0,,,,,,,0.16666666666666666,,0.19230769230769232,0.2,0.4,,,,,0.5,,,,,,0.3333333333333333,1.0,0.6666666666666666,,0.49965,0.1111111111111111,,,,,,0.09090909090909091,,1.0,1.0,,3.0,,1.0,,0.5,,,0.14285714285714285,1.0,,,0.023255813953488372,0.05263157894736842,,,,,True,,,,,,,,,,,,,,,,,,,,,,,,,,,
1630658,1610612761,Colin Castleton,Colin Castleton,1630658,TOR,4674.0,78,-24,155,158,86.0,31.0,35.0,313,,,,,1.0,3.0,3.0,22.0,184,1.0,1.0,8.0,3.0,,,3.0,4.0,4.0,4.0,2.0,8.0,86.0,1.0,0.3333333333333333,1.0,0.3333333333333333,0.5277777777777778,0.5,0.55,0.5,0.16666666666666666,13.432835820895523,,,,,,,0.6666666666666666,,0.5885666666666666,0.6009571428571429,0.1,0.11764705882352941,0.36363636363636365,23.666666666666668,0.5548387096774193,6.0,9.0,2.0,6.0,,,3.0,8.0,15.0,9.0,2.0,6.0,1.0,6.0,10.0,,2.0,1.0,1.0,2.0,1.0,,1.0,,5.0,5.0,6.0,13.0,18.0,31.0,3.0,,,3.0,1.0,2.0,4.0,7.0,,3.0,2.0,1.0,3.0,1.0,0.375,0.6,0.5333333333333333,0.3333333333333333,0.13333333333333333,0.3333333333333333,0.42857142857142855,0.13333333333333333,0.11904761904761904,0.13333333333333333,0.17204301075268819,0.15384615384615385,0.12121212121212122,0.16666666666666666,0.42857142857142855,0.3333333333333333,0.5,0.6666666666666666,0.6666666666666666,0.3333333333333333,0.3333333333333333,0.3333333333333333,0.5,,,,0.16666666666666666,3.5133333333333336,2.0,4.0,1.0,1.0,1.0,1.0,1.0,,,4.0,1.0,1.0,13.0,6.0,1.0,1.0,3.0,1.0,0.4444444444444444,0.55,0.5909090909090909,0.25,0.13333333333333333,0.2,,0.5,0.3333333333333333,0.3333333333333333,1.0,0.1,1.0,1.0,,,,0.5714285714285714,0.5,0.14285714285714285,1.0,0.5922333333333334,0.5909090909090909,,,,,,0.09523809523809523,3.0,6.0,2.0,6.0,,,,2.0,0.6,0.5,,,11.0,,,0.21568627450980393,0.16129032258064516,0.25,,2.0,0.0625,True,,,2.0,1.0,,,,1.0,,,,,,0.4,0.3125,,,,,,,,,,,,
1642279,1610612761,Ulrich Chomche,Ulrich Chomche,1642279,TOR,86.0,1,-3,4,3,4.0,3.0,1.0,7,,,,,,,1.0,1.0,6,,,1.0,,,,,,1.0,2.0,,1.0,4.0,,,,,,,0.5,0.5,,20.0,,,,,,,,,,,,,1.0,,1.0,,,,,,,,,,,,,1.0,,,,,1.0,,1.0,,,1.0,,2.0,,1.0,1.0,1.0,2.0,,,,,,,,,,,,,,,,,,,,,,1.0,,1.0,0.5,,1.0,,,,,,,,,,,,,,,,,,,,,,,,,,,,1.0,,,,,,,,0.5,,,,,,,,,,,,,,,,,,,,1.0,,,,,,,,,1.0,,,,,,,,,,1.0,,,0.5,1.0,,,,,True,,,,,,1.0,,,,1.0,,,,,,,,,,,,,,,,,
1627751,1610612761,Jakob Poeltl,Jakob Poeltl,1627751,TOR,94163.0,1569,-28,3238,3253,523.0,727.0,394.0,6491,,2.0,,1.0,1.0,3.0,94.0,755.0,3710,,1.0,125.0,3.0,1.0,,91.0,169.0,124.0,137.0,66.0,122.0,517.0,1.0,0.3333333333333333,,0.5,0.6247637051039697,0.6,0.6431005110732538,0.6377551020408163,0.005671077504725898,18.56255066198325,0.003780718336483932,,,,0.013333333333333334,,0.5482041587901701,,0.5694016098484845,0.5765432432432432,0.11478260869565217,0.11538461538461539,0.16556291390728478,38.0,0.1615194564546016,208.0,287.0,116.0,221.0,5.0,18.0,1.0,329.0,526.0,140.0,45.0,74.0,35.0,486.0,172.0,,33.0,114.0,36.0,150.0,20.0,16.0,76.0,29.0,336.0,48.0,140.0,331.0,173.0,504.0,19.0,63.0,16.0,58.0,10.0,36.0,43.0,101.0,20.0,63.0,36.0,26.0,63.0,39.0,0.7386018237082067,0.9067164179104478,0.6254752851711026,0.6081081081081081,0.06273764258555133,0.06334841628959276,0.5742574257425742,0.18396846254927726,0.08067226890756303,0.20944148936170212,0.11684782608695653,0.06937799043062201,0.1813285457809695,0.19117647058823528,0.11728395061728394,0.6190476190476191,0.5425330812854442,0.7247386759581882,0.7761194029850746,0.6586538461538461,0.41776937618147447,0.5248868778280543,0.5603864734299517,0.034026465028355386,0.2777777777777778,0.2777777777777778,0.001890359168241966,4.685931558935361,29.0,40.0,1.0,,,,,,,85.0,,,183.0,175.0,16.0,22.0,19.0,,0.6071428571428571,0.6071428571428571,0.6182432432432432,0.1927710843373494,0.23553162853297444,0.24344569288389514,0.20689655172413793,0.8793103448275862,1.0,1.0,1.0,,,,,,,0.5333333333333333,0.725,,,0.6036139130434782,0.2423841059602649,4.0,7.0,,,1.0,0.2388888888888889,71.0,115.0,13.0,122.0,47.0,17.0,19.0,15.0,0.8214285714285714,0.6173913043478261,14.0,0.06620209059233449,124.0,1.0,,0.14139110604332952,0.11594202898550725,0.09,,5.0,0.10734463276836158,False,,9.0,1.0,,5.0,12.0,,,2.0,9.0,,,,0.011111111111111112,0.18457300275482094,0.8,0.1267605633802817,1.0,,,2.0,,1.0,,,,
1628449,1610612761,Chris Boucher,Chris Boucher,1628449,TOR,47406.0,790,2,1590,1592,401.0,489.0,222.0,3182,34.0,98.0,11.0,29.0,66.0,178.0,65.0,477.0,1865,18.0,45.0,123.0,195.0,98.0,34.0,40.0,60.0,64.0,84.0,41.0,123.0,401.0,0.9848484848484849,0.3707865168539326,0.4,0.3707865168539326,0.5953757225433526,0.654320987654321,0.6214099216710183,0.6758241758241759,0.5144508670520231,22.001075847229693,0.2832369942196532,0.3469387755102041,0.35051546391752575,0.9705882352941176,0.35802469135802467,0.3793103448275862,0.8352601156069365,0.3469387755102041,0.5744856936416184,0.5770074074074074,0.10846560846560846,0.205,0.2578616352201258,24.87696629213484,0.2522012578616352,82.0,111.0,17.0,39.0,8.0,18.0,80.0,107.0,168.0,46.0,26.0,36.0,17.0,136.0,78.0,3.0,17.0,20.0,12.0,32.0,10.0,2.0,14.0,6.0,76.0,25.0,70.0,138.0,65.0,203.0,5.0,24.0,10.0,13.0,3.0,7.0,13.0,26.0,9.0,18.0,9.0,8.0,24.0,10.0,0.6355140186915887,0.8395061728395061,0.6369047619047619,0.7222222222222222,0.10119047619047619,0.07692307692307693,0.5,0.18134715025906736,0.07204610951008646,0.16983695652173914,0.08031088082901554,0.06837606837606838,0.17192982456140352,0.2079207920792079,0.033112582781456956,0.4166666666666667,0.3208092485549133,0.7387387387387387,0.845360824742268,0.5975609756097561,0.11271676300578035,0.4358974358974359,0.4722222222222222,0.05202312138728324,0.4444444444444444,0.4444444444444444,0.23121387283236994,4.179166666666667,21.0,28.0,32.0,2.0,7.0,7.0,16.0,2.0,11.0,31.0,4.0,18.0,99.0,55.0,13.0,6.0,8.0,0.2222222222222222,0.6739130434782609,0.578125,0.6428571428571429,0.3023255813953488,0.15714285714285714,0.09219858156028368,0.24489795918367346,0.8235294117647058,0.4,0.4,1.0,0.109375,0.2857142857142857,1.0,0.171875,0.18181818181818182,1.0,0.345679012345679,0.75,0.19753086419753085,0.4375,0.585442857142857,0.20754716981132076,3.0,2.0,6.0,4.0,1.0,0.1875,29.0,41.0,25.0,52.0,14.0,,2.0,8.0,0.640625,0.7073170731707317,6.0,0.12612612612612611,37.0,2.0,,0.08705882352941176,0.08823529411764706,0.08695652173913043,,1.0,0.07964601769911504,False,1.0,,3.0,2.0,1.0,5.0,2.0,,1.0,5.0,0.0056179775280898875,,0.01020408163265306,0.08823529411764706,0.08571428571428572,0.625,0.06896551724137931,2.0,,,,,,,1.0,,
1628971,1610612761,Bruce Brown,Bruce Brown,1628971,TOR,18668.0,311,-32,636,621,117.0,192.0,65.0,1257,2.0,13.0,1.0,3.0,11.0,33.0,24.0,135.0,732,4.0,8.0,36.0,33.0,12.0,2.0,11.0,23.0,18.0,27.0,13.0,34.0,116.0,1.0,0.3333333333333333,0.5,0.34375,0.5,0.6363636363636364,0.5487804878048781,0.72,0.2972972972972973,19.166666666666668,0.11711711711711711,0.15384615384615385,0.15384615384615385,1.0,0.13636363636363635,0.3333333333333333,0.6216216216216216,0.16666666666666666,0.5586100000000002,0.6083500000000001,0.10743801652892562,0.14772727272727273,0.26666666666666666,24.96363636363636,0.18396226415094338,22.0,36.0,15.0,38.0,2.0,4.0,20.0,39.0,78.0,7.0,8.0,14.0,8.0,54.0,24.0,,9.0,15.0,10.0,25.0,8.0,2.0,13.0,1.0,60.0,8.0,25.0,46.0,14.0,60.0,3.0,12.0,4.0,13.0,1.0,4.0,2.0,15.0,3.0,2.0,1.0,1.0,2.0,1.0,0.6923076923076923,0.6923076923076923,0.5,0.5714285714285714,0.11538461538461539,0.13157894736842105,0.8666666666666667,0.16447368421052633,0.06349206349206349,0.14685314685314685,0.04861111111111111,0.06172839506172839,0.19642857142857142,0.075,0.06,0.5,0.32432432432432434,0.6111111111111112,0.6875,0.7727272727272727,0.34234234234234234,0.39473684210526316,0.45454545454545453,0.036036036036036036,0.5,0.5,0.18018018018018017,5.6871794871794865,7.0,10.0,9.0,,1.0,3.0,5.0,,3.0,1.0,,4.0,5.0,17.0,4.0,9.0,2.0,,0.14285714285714285,0.09090909090909091,0.19230769230769232,0.2,0.12686567164179105,0.0784313725490196,0.13043478260869565,0.5333333333333333,0.45,0.45,1.0,0.09090909090909091,,,0.2727272727272727,,,0.45454545454545453,0.7,0.22727272727272727,0.6,0.5970749999999999,0.037037037037037035,,,,,,0.16666666666666666,1.0,5.0,3.0,,8.0,,,1.0,0.45454545454545453,0.2,1.0,0.1111111111111111,6.0,,,0.037037037037037035,0.023255813953488372,0.05263157894736842,,,0.06666666666666667,False,,1.0,,,,2.0,,,,1.0,,,,,0.05263157894736842,1.0,1.0,,,,1.0,,1.0,,,,
1629628,1610612761,RJ Barrett,RJ Barrett,1629628,TOR,91716.0,1529,-137,3213,3208,588.0,802.0,375.0,6421,59.0,184.0,12.0,41.0,86.0,244.0,162.0,1002.0,3762,15.0,47.0,184.0,234.0,182.0,59.0,71.0,117.0,187.0,246.0,128.0,183.0,583.0,0.9069767441860465,0.3524590163934426,0.3191489361702128,0.35537190082644626,0.5309734513274337,0.4937106918238994,0.557285873192436,0.5139664804469274,0.3084702907711757,28.516588977241568,0.23261694058154236,0.32065217391304346,0.3259668508287293,0.9152542372881356,0.2578616352201258,0.2926829268292683,0.7281921618204804,0.3241758241758242,0.5702558301647658,0.5541108280254777,0.1444568868980963,0.19722650231124808,0.18363273453093812,25.574999999999996,0.1830065359477124,203.0,332.0,82.0,199.0,6.0,16.0,60.0,291.0,547.0,46.0,56.0,112.0,27.0,264.0,318.0,24.0,62.0,173.0,90.0,263.0,54.0,36.0,118.0,46.0,616.0,19.0,133.0,255.0,46.0,301.0,10.0,38.0,15.0,96.0,21.0,67.0,45.0,141.0,26.0,12.0,8.0,4.0,13.0,8.0,0.4536082474226804,0.46808510638297873,0.5319926873857403,0.5,0.113345521023766,0.10050251256281408,0.6808510638297872,0.17272727272727273,0.03225806451612903,0.15778688524590165,0.031424581005586594,0.036057692307692304,0.17259786476868327,0.17307692307692307,0.029585798816568046,0.6153846153846154,0.4197218710493047,0.6114457831325302,0.7,0.5369458128078818,0.2515802781289507,0.4120603015075377,0.4581005586592179,0.020227560050568902,0.375,0.375,0.07585335018963338,4.205667276051187,40.0,68.0,27.0,4.0,10.0,3.0,6.0,10.0,24.0,25.0,14.0,34.0,99.0,98.0,24.0,29.0,23.0,0.4117647058823529,0.5434782608695652,0.575,0.5755813953488372,0.3076923076923077,0.14121037463976946,0.10384615384615385,0.20192307692307693,0.2682926829268293,0.45,0.4576271186440678,0.8888888888888888,0.125,0.4,0.5,0.3,0.4166666666666667,0.8,0.4276729559748428,0.5882352941176471,0.03773584905660377,0.5,0.5818791666666666,0.09880239520958084,10.0,6.0,1.0,,,0.15151515151515152,23.0,37.0,7.0,18.0,23.0,8.0,2.0,4.0,0.4625,0.6216216216216216,7.0,0.12650602409638553,26.0,3.0,1.0,0.03084223013048636,0.02425876010781671,0.010416666666666666,0.004098360655737705,7.0,0.023121387283236993,False,4.0,9.0,1.0,3.0,10.0,6.0,1.0,,,5.0,0.01639344262295082,0.016666666666666666,0.016304347826086956,0.010101010101010102,0.0425531914893617,0.16666666666666666,0.391304347826087,2.0,,,,,2.0,,1.0,1.0,
1630558,1610612761,Davion Mitchell,Davion Mitchell,1630558,TOR,63226.0,1054,-59,2168,2166,453.0,599.0,276.0,4334,33.0,91.0,6.0,22.0,40.0,112.0,24.0,268.0,2487,7.0,24.0,55.0,99.0,88.0,33.0,42.0,115.0,65.0,36.0,14.0,55.0,451.0,0.825,0.35714285714285715,0.2916666666666667,0.3669724770642202,0.5169491525423728,0.5,0.534,0.5392156862745098,0.4745762711864407,13.129279097865487,0.3855932203389831,0.3626373626373626,0.3626373626373626,0.7878787878787878,0.5116279069767442,0.2727272727272727,0.7838983050847458,0.375,0.5597002155172414,0.53735125,0.05761316872427984,0.10687022900763359,0.20522388059701493,26.18839285714285,0.20894833948339483,39.0,73.0,20.0,41.0,3.0,10.0,21.0,62.0,124.0,7.0,11.0,19.0,12.0,44.0,80.0,21.0,14.0,124.0,76.0,200.0,43.0,33.0,70.0,48.0,476.0,10.0,43.0,68.0,16.0,84.0,2.0,30.0,13.0,50.0,13.0,37.0,26.0,76.0,7.0,7.0,4.0,3.0,8.0,3.0,0.3548387096774194,0.3548387096774194,0.5,0.5789473684210527,0.11290322580645161,0.0975609756097561,0.6578947368421053,0.07962962962962963,0.021739130434782608,0.06511175898931001,0.015904572564612324,0.024615384615384615,0.07908163265306123,0.08108108108108109,0.017543859649122806,0.375,0.3093220338983051,0.5342465753424658,0.6190476190476191,0.28205128205128205,0.17372881355932204,0.4878048780487805,0.5405405405405406,0.0423728813559322,0.3,0.3,0.08898305084745763,5.026612903225806,6.0,10.0,7.0,,5.0,1.0,2.0,5.0,12.0,3.0,5.0,17.0,21.0,24.0,1.0,13.0,17.0,0.29411764705882354,0.42857142857142855,0.4375,0.4375,0.014492753623188406,0.049079754601226995,0.049723756906077346,0.05,0.5,0.3333333333333333,0.3333333333333333,1.0,0.20833333333333334,,,0.5,0.4166666666666667,0.8,0.23255813953488372,0.6,0.046511627906976744,0.5,0.5006736842105264,0.07835820895522388,3.0,5.0,1.0,,,0.04824561403508772,1.0,2.0,,,17.0,3.0,4.0,,0.08333333333333333,0.5,13.0,0.136986301369863,6.0,7.0,,0.01098901098901099,0.016666666666666666,0.016129032258064516,,1.0,0.014814814814814815,False,,6.0,,1.0,25.0,7.0,1.0,,,7.0,,,,,0.004098360655737705,0.3333333333333333,,1.0,,,,,3.0,,1.0,,
1641711,1610612761,Gradey Dick,Gradey Dick,1641711,TOR,88923.0,1482,-165,3076,3076,551.0,709.0,361.0,6152,74.0,222.0,9.0,45.0,102.0,302.0,124.0,726.0,3628,14.0,61.0,120.0,291.0,221.0,74.0,52.0,112.0,117.0,146.0,53.0,118.0,546.0,0.9509803921568627,0.33774834437086093,0.22950819672131148,0.3388704318936877,0.49506578947368424,0.4077669902912621,0.534074074074074,0.4878048780487805,0.4967105263157895,21.40812821980538,0.3651315789473684,0.3333333333333333,0.334841628959276,0.9324324324324325,0.4368932038834951,0.2,0.7450657894736842,0.334841628959276,0.5545680395387148,0.5249598039215686,0.08761329305135952,0.14929577464788732,0.1652892561983471,25.7139072847682,0.1791287386215865,81.0,151.0,42.0,101.0,25.0,54.0,80.0,148.0,306.0,33.0,21.0,42.0,36.0,234.0,62.0,15.0,32.0,55.0,39.0,94.0,26.0,13.0,43.0,12.0,227.0,15.0,79.0,134.0,38.0,172.0,9.0,43.0,15.0,56.0,4.0,30.0,19.0,75.0,4.0,7.0,4.0,3.0,8.0,5.0,0.7905405405405406,0.8181818181818182,0.48366013071895425,0.5,0.10457516339869281,0.1188118811881188,0.7466666666666667,0.10926694329183956,0.024193548387096774,0.09292351679771266,0.02466525722339676,0.026030368763557483,0.11342155009451796,0.0979381443298969,0.028125,0.625,0.24835526315789475,0.5364238410596026,0.6044776119402985,0.8395061728395061,0.16611842105263158,0.4158415841584158,0.47191011235955055,0.08881578947368421,0.46296296296296297,0.49019607843137253,0.13157894736842105,6.659150326797387,12.0,20.0,28.0,4.0,7.0,5.0,16.0,9.0,21.0,20.0,13.0,28.0,91.0,51.0,4.0,26.0,14.0,0.4642857142857143,0.6060606060606061,0.6475409836065574,0.6617647058823529,0.043478260869565216,0.07544378698224852,0.08812260536398467,0.11965811965811966,0.7380952380952381,0.35,0.358974358974359,1.0,0.11475409836065574,0.5714285714285714,1.0,0.3442622950819672,0.42857142857142855,1.0,0.1941747572815534,0.6,0.1553398058252427,0.3125,0.5696820512820513,0.12534435261707988,4.0,7.0,1.0,1.0,,0.04697986577181208,12.0,20.0,12.0,10.0,28.0,2.0,3.0,4.0,0.32786885245901637,0.6,17.0,0.11258278145695365,20.0,6.0,5.0,0.025031289111389236,0.02654867256637168,0.030303030303030304,0.016286644951140065,,0.018867924528301886,False,3.0,,3.0,4.0,7.0,13.0,,,,9.0,0.009933774834437087,0.025,0.0045045045045045045,0.0410958904109589,0.0221606648199446,0.72,0.4166666666666667,4.0,,,,0.05555555555555555,1.0,,5.0,,
1642347,1610612761,Jamal Shead,Jamal Shead,1642347,TOR,55509.0,925,-176,1894,1897,436.0,690.0,241.0,3791,35.0,104.0,8.0,22.0,44.0,125.0,24.0,322.0,2268,12.0,30.0,82.0,117.0,101.0,35.0,51.0,99.0,62.0,33.0,17.0,80.0,433.0,0.8863636363636364,0.352,0.4,0.36065573770491804,0.5102739726027398,0.5285714285714286,0.5296052631578947,0.5540540540540541,0.4280821917808219,17.64436296975252,0.3561643835616438,0.33653846153846156,0.33980582524271846,0.8571428571428571,0.3142857142857143,0.36363636363636365,0.6575342465753424,0.3465346534653465,0.5276659722222223,0.5035374999999999,0.059602649006622516,0.09659090909090909,0.2546583850931677,26.4592,0.23020063357972545,43.0,67.0,36.0,87.0,4.0,13.0,21.0,83.0,167.0,11.0,19.0,40.0,8.0,78.0,88.0,15.0,16.0,108.0,80.0,188.0,49.0,31.0,74.0,22.0,456.0,6.0,25.0,52.0,17.0,69.0,5.0,29.0,9.0,49.0,17.0,43.0,32.0,81.0,8.0,6.0,2.0,4.0,7.0,3.0,0.46987951807228917,0.48148148148148145,0.49700598802395207,0.475,0.09580838323353294,0.09195402298850575,0.6049382716049383,0.061274509803921566,0.015706806282722512,0.058682634730538925,0.019318181818181818,0.019455252918287938,0.05211726384364821,0.0891089108910891,0.03546099290780142,0.42857142857142855,0.22945205479452055,0.6417910447761194,0.7288135593220338,0.4883720930232558,0.2979452054794521,0.41379310344827586,0.45569620253164556,0.04452054794520548,0.3076923076923077,0.3076923076923077,0.07191780821917808,6.708383233532934,9.0,15.0,9.0,1.0,3.0,4.0,8.0,7.0,17.0,5.0,8.0,20.0,37.0,24.0,3.0,6.0,20.0,0.4,0.45454545454545453,0.5483870967741935,0.578125,0.046875,0.05620608899297424,0.05325443786982249,0.10294117647058823,0.4444444444444444,0.42857142857142855,0.42857142857142855,1.0,0.0967741935483871,0.3333333333333333,1.0,0.5483870967741935,0.4117647058823529,1.0,0.21428571428571427,0.6,0.11428571428571428,0.5,0.5545062500000001,0.11490683229813664,2.0,5.0,1.0,,,0.042105263157894736,4.0,5.0,3.0,4.0,20.0,2.0,4.0,1.0,0.16129032258064516,0.8,10.0,0.11940298507462686,11.0,6.0,1.0,0.02208835341365462,0.0371900826446281,0.03278688524590164,0.007936507936507936,6.0,0.008,False,1.0,12.0,,,17.0,2.0,1.0,,,1.0,0.008,,0.009615384615384616,,,0.5,0.25,1.0,,,,,3.0,,,,
1630534,1610612761,Ochai Agbaji,Ochai Agbaji,1630534,TOR,84254.0,1404,-173,2896,2903,513.0,759.0,334.0,5799,26.0,78.0,2.0,6.0,80.0,194.0,28.0,530.0,3346,11.0,22.0,86.0,234.0,78.0,26.0,58.0,102.0,37.0,41.0,18.0,86.0,510.0,0.975,0.41237113402061853,0.5,0.41237113402061853,0.6092233009708737,0.6370967741935484,0.6177156177156177,0.6417910447761194,0.470873786407767,14.294441050702504,0.18932038834951456,0.3333333333333333,0.34210526315789475,0.9615384615384616,0.0967741935483871,0.3333333333333333,0.8956310679611651,0.3333333333333333,0.6125654126213593,0.6083887096774195,0.04449648711943794,0.07758620689655173,0.16226415094339622,24.35515463917525,0.17714088397790057,114.0,175.0,14.0,38.0,3.0,5.0,116.0,131.0,218.0,30.0,23.0,40.0,7.0,214.0,48.0,6.0,23.0,42.0,38.0,80.0,20.0,18.0,25.0,13.0,198.0,17.0,68.0,140.0,44.0,184.0,4.0,43.0,12.0,20.0,2.0,12.0,19.0,39.0,4.0,29.0,22.0,7.0,29.0,16.0,0.816793893129771,0.8842975206611571,0.6009174311926605,0.575,0.10550458715596331,0.10526315789473684,0.5128205128205128,0.09444444444444444,0.028960817717206135,0.09314079422382672,0.03177004538577912,0.02962962962962963,0.0831758034026465,0.1256544502617801,0.023121387283236993,0.5517241379310345,0.42475728155339804,0.6514285714285715,0.7307692307692307,0.8157894736842105,0.09223300970873786,0.3684210526315789,0.4117647058823529,0.012135922330097087,0.6,0.6,0.2815533980582524,2.911926605504588,17.0,28.0,54.0,7.0,10.0,9.0,16.0,3.0,8.0,16.0,10.0,18.0,62.0,61.0,11.0,8.0,5.0,0.5555555555555556,0.5333333333333333,0.6458333333333334,0.6458333333333334,0.14473684210526316,0.09172932330827067,0.09401709401709402,0.1320754716981132,0.8571428571428571,0.46551724137931033,0.47368421052631576,0.9814814814814815,0.20833333333333334,0.7,1.0,0.16666666666666666,0.375,1.0,0.45161290322580644,0.6071428571428571,0.25806451612903225,0.5625,0.643459677419355,0.1169811320754717,5.0,4.0,,,,0.07692307692307693,16.0,30.0,,20.0,31.0,9.0,3.0,2.0,0.625,0.5333333333333333,8.0,0.10857142857142857,25.0,,1.0,0.034013605442176874,0.02976190476190476,0.033707865168539325,0.005128205128205128,5.0,0.027472527472527472,False,4.0,4.0,2.0,2.0,1.0,2.0,,,,2.0,0.020618556701030927,0.017241379310344827,0.02564102564102564,0.02531645569620253,0.03870967741935484,0.6666666666666666,0.3125,2.0,2.0,,,,,,,,
1630567,1610612761,Scottie Barnes,Scottie Barnes,1630567,TOR,97048.0,1617,-115,3334,3338,643.0,872.0,373.0,6672,50.0,186.0,6.0,34.0,61.0,217.0,172.0,943.0,3821,9.0,40.0,175.0,138.0,182.0,50.0,44.0,96.0,190.0,224.0,98.0,173.0,636.0,0.7540983606557377,0.28110599078341014,0.225,0.2863849765258216,0.49486521181001286,0.4227941176470588,0.5342857142857143,0.5029239766081871,0.2785622593068036,26.869220607661823,0.23876765083440307,0.26881720430107525,0.2702702702702703,0.72,0.25,0.17647058823529413,0.5224646983311938,0.27472527472527475,0.5201972903225809,0.48883721804511276,0.11448598130841121,0.15336463223787167,0.1855779427359491,26.38571428571429,0.1928614277144571,129.0,190.0,121.0,260.0,44.0,112.0,31.0,294.0,562.0,63.0,44.0,96.0,60.0,256.0,332.0,45.0,26.0,197.0,93.0,290.0,59.0,34.0,137.0,56.0,673.0,35.0,163.0,296.0,79.0,375.0,27.0,68.0,25.0,93.0,17.0,65.0,52.0,145.0,21.0,45.0,34.0,11.0,50.0,27.0,0.43537414965986393,0.4620938628158845,0.5231316725978647,0.4583333333333333,0.046263345195729534,0.06153846153846154,0.6413793103448275,0.20375,0.050143266475644696,0.18110749185667752,0.04928664072632944,0.055776892430278883,0.1921768707482993,0.2358490566037736,0.07012987012987013,0.54,0.24390243902439024,0.6789473684210526,0.7166666666666667,0.5736434108527132,0.3337612323491656,0.4653846153846154,0.4959016393442623,0.14377406931964057,0.39285714285714285,0.39285714285714285,0.03979460847240052,7.866192170818502,20.0,31.0,11.0,,2.0,3.0,6.0,1.0,9.0,34.0,1.0,11.0,87.0,115.0,18.0,28.0,30.0,0.09090909090909091,0.5396825396825397,0.4797297297297297,0.5240963855421686,0.1978021978021978,0.1564625850340136,0.1443661971830986,0.22115384615384615,0.2975206611570248,0.3548387096774194,0.36666666666666664,0.9090909090909091,0.02702702702702703,,,0.12162162162162163,0.1111111111111111,1.0,0.22794117647058823,0.6451612903225806,0.04411764705882353,0.5,0.5307885416666667,0.09225874867444327,11.0,11.0,5.0,4.0,,0.14697406340057637,20.0,33.0,16.0,34.0,43.0,5.0,10.0,13.0,0.44594594594594594,0.6060606060606061,8.0,0.05263157894736842,41.0,,,0.0485781990521327,0.055415617128463476,0.045454545454545456,,6.0,0.03571428571428571,False,2.0,4.0,3.0,,10.0,19.0,1.0,5.0,1.0,15.0,0.009216589861751152,0.03225806451612903,0.005376344086021506,0.03614457831325301,0.04154302670623145,0.4090909090909091,0.1,5.0,,,,,4.0,,10.0,,
1630193,1610612761,Immanuel Quickley,Immanuel Quickley,1630193,TOR,38440.0,641,-92,1296,1299,216.0,249.0,147.0,2595,46.0,127.0,2.0,18.0,52.0,145.0,66.0,352.0,1528,2.0,20.0,44.0,111.0,125.0,46.0,17.0,43.0,64.0,81.0,36.0,44.0,213.0,0.7115384615384616,0.3586206896551724,0.1,0.36363636363636365,0.49825783972125437,0.28,0.5450310559006211,0.3728813559322034,0.5052264808362369,24.573378839590443,0.4425087108013937,0.36220472440944884,0.36507936507936506,0.6956521739130435,0.36,0.1111111111111111,0.6445993031358885,0.368,0.5161154385964911,0.4732897959183674,0.11949685534591195,0.21052631578947367,0.125,26.524137931034492,0.16666666666666666,22.0,40.0,36.0,85.0,7.0,17.0,18.0,65.0,142.0,9.0,11.0,30.0,16.0,56.0,74.0,45.0,17.0,84.0,50.0,134.0,28.0,22.0,48.0,31.0,318.0,5.0,44.0,67.0,6.0,73.0,2.0,13.0,5.0,25.0,4.0,17.0,13.0,38.0,7.0,2.0,1.0,1.0,3.0,2.0,0.4307692307692308,0.4375,0.45774647887323944,0.36666666666666664,0.11971830985915492,0.12941176470588237,0.6578947368421053,0.13580246913580246,0.01893939393939394,0.10588235294117647,0.009819967266775777,0.019704433497536946,0.1271186440677966,0.1590909090909091,0.0136986301369863,0.6666666666666666,0.13937282229965156,0.55,0.6470588235294118,0.5,0.2961672473867596,0.4235294117647059,0.4864864864864865,0.059233449477351915,0.4117647058823529,0.4117647058823529,0.0627177700348432,7.605633802816901,3.0,6.0,6.0,1.0,2.0,,2.0,6.0,15.0,7.0,7.0,17.0,37.0,19.0,4.0,8.0,12.0,0.4117647058823529,0.7777777777777778,0.6730769230769231,0.6851851851851852,0.18181818181818182,0.07011070110701106,0.03225806451612903,0.07894736842105263,0.4444444444444444,0.3333333333333333,0.3333333333333333,0.8333333333333334,0.07692307692307693,0.5,,0.5769230769230769,0.4,1.0,0.12,0.5,0.04,,0.48713,0.10511363636363637,2.0,2.0,1.0,,,0.09285714285714286,,,2.0,2.0,8.0,2.0,1.0,5.0,,,1.0,0.15,1.0,,2.0,0.002881844380403458,0.005813953488372093,,0.013605442176870748,1.0,0.01639344262295082,False,1.0,5.0,,2.0,3.0,4.0,1.0,,,4.0,0.006896551724137931,,0.007874015748031496,,,0.14285714285714285,,2.0,,,,,2.0,,2.0,,
1642266,1610612761,Ja'Kobe Walter,Ja'Kobe Walter,1642266,TOR,43142.0,719,-84,1450,1459,252.0,432.0,182.0,2909,25.0,75.0,5.0,16.0,37.0,116.0,42.0,287.0,1725,6.0,24.0,53.0,105.0,74.0,25.0,43.0,68.0,48.0,58.0,30.0,53.0,252.0,0.9459459459459459,0.31896551724137934,0.25,0.3217391304347826,0.4841897233201581,0.46153846153846156,0.5180505415162455,0.5408163265306123,0.45849802371541504,18.629807692307693,0.2964426877470356,0.3333333333333333,0.33783783783783783,0.92,0.41025641025641024,0.3125,0.7351778656126482,0.33783783783783783,0.5534436507936508,0.5286355263157894,0.11594202898550725,0.1875,0.18466898954703834,25.203448275862076,0.17379310344827587,33.0,70.0,30.0,53.0,4.0,14.0,41.0,67.0,137.0,21.0,9.0,15.0,17.0,88.0,46.0,6.0,21.0,27.0,17.0,44.0,12.0,5.0,20.0,5.0,105.0,18.0,31.0,68.0,36.0,104.0,7.0,22.0,8.0,20.0,1.0,13.0,13.0,33.0,7.0,6.0,3.0,3.0,7.0,4.0,0.6567164179104478,0.6666666666666666,0.48905109489051096,0.6,0.15328467153284672,0.11320754716981132,0.6060606060606061,0.09451219512195122,0.05787781350482315,0.09531013615733737,0.048034934497816595,0.04035874439461883,0.09090909090909091,0.10465116279069768,0.056,0.5714285714285714,0.2766798418972332,0.4714285714285714,0.6,0.7575757575757576,0.20948616600790515,0.5660377358490566,0.6382978723404256,0.05533596837944664,0.2857142857142857,0.2857142857142857,0.16205533596837945,5.804379562043795,3.0,5.0,12.0,2.0,5.0,1.0,8.0,1.0,6.0,9.0,3.0,11.0,32.0,32.0,5.0,7.0,6.0,0.2727272727272727,0.42857142857142855,0.421875,0.45714285714285713,0.10204081632653061,0.0960960960960961,0.10606060606060606,0.11538461538461539,0.6,0.2926829268292683,0.3,1.0,0.15625,0.4,1.0,0.1875,0.16666666666666666,1.0,0.1282051282051282,0.6,0.20512820512820512,0.125,0.5161725,0.11149825783972125,2.0,5.0,1.0,1.0,,0.08053691275167785,2.0,12.0,5.0,2.0,14.0,3.0,2.0,3.0,0.375,0.16666666666666666,5.0,0.21428571428571427,15.0,1.0,2.0,0.0398936170212766,0.044585987261146494,0.043478260869565216,0.017241379310344827,4.0,0.10227272727272728,False,2.0,2.0,3.0,3.0,2.0,1.0,,,,1.0,0.017241379310344827,0.024390243902439025,0.013333333333333334,0.075,0.03468208092485549,0.25,0.5,,,,,,1.0,,1.0,2.0,
1642419,1610612761,Jamison Battle,Jamison Battle,1642419,TOR,35055.0,584,-89,1198,1193,272.0,389.0,159.0,2391,36.0,83.0,11.0,18.0,64.0,150.0,12.0,256.0,1397,15.0,30.0,57.0,186.0,83.0,36.0,23.0,55.0,13.0,14.0,5.0,57.0,271.0,0.96875,0.4266666666666667,0.5,0.4266666666666667,0.6288659793814433,0.7162162162162162,0.6375,0.7307692307692307,0.7731958762886598,15.218951902368989,0.42783505154639173,0.43373493975903615,0.43373493975903615,0.9722222222222222,0.4864864864864865,0.6111111111111112,0.8814432989690721,0.43373493975903615,0.5492420103092784,0.5284337837837836,0.025252525252525252,0.10416666666666667,0.22265625,24.89266666666667,0.2270450751252087,13.0,21.0,10.0,19.0,3.0,4.0,67.0,26.0,44.0,7.0,4.0,7.0,4.0,46.0,6.0,6.0,5.0,18.0,18.0,36.0,11.0,7.0,11.0,7.0,90.0,15.0,29.0,65.0,23.0,88.0,2.0,7.0,2.0,9.0,1.0,6.0,4.0,13.0,1.0,6.0,2.0,4.0,6.0,3.0,0.8846153846153846,0.9583333333333334,0.5909090909090909,0.5714285714285714,0.11363636363636363,0.10526315789473684,0.6923076923076923,0.10661764705882353,0.05514705882352941,0.11632270168855535,0.03773584905660377,0.06077348066298342,0.10576923076923077,0.109375,0.021052631578947368,0.5,0.10824742268041238,0.6190476190476191,0.7222222222222222,0.9230769230769231,0.0979381443298969,0.5263157894736842,0.5882352941176471,0.020618556701030927,0.75,0.75,0.34536082474226804,6.095454545454545,2.0,2.0,28.0,4.0,11.0,4.0,12.0,3.0,7.0,2.0,7.0,18.0,28.0,33.0,3.0,3.0,2.0,0.3888888888888889,0.2857142857142857,0.5,0.5384615384615384,0.08333333333333333,0.12643678160919541,0.15,0.11428571428571428,0.8,0.417910447761194,0.42424242424242425,0.9642857142857143,0.44,0.36363636363636365,0.75,0.28,0.42857142857142855,1.0,0.05405405405405406,1.0,0.32432432432432434,0.3333333333333333,0.5366156249999999,0.109375,1.0,4.0,,,,0.1111111111111111,1.0,4.0,3.0,4.0,5.0,7.0,,3.0,0.16,0.25,8.0,0.14285714285714285,7.0,1.0,,0.022508038585209004,0.0196078431372549,0.03571428571428571,,,0.04395604395604396,False,1.0,,1.0,2.0,1.0,2.0,,,,1.0,0.006666666666666667,0.014925373134328358,,0.03571428571428571,0.023076923076923078,1.0,,,,,,,,,2.0,,1.0
1642367,1610612761,Jonathan Mogbo,Jonathan Mogbo,1642367,TOR,52287.0,871,-192,1784,1789,431.0,615.0,220.0,3573,6.0,25.0,1.0,6.0,14.0,45.0,45.0,259.0,2114,5.0,12.0,54.0,42.0,24.0,6.0,51.0,98.0,55.0,63.0,35.0,54.0,429.0,1.0,0.3111111111111111,0.4166666666666667,0.3181818181818182,0.4798206278026906,0.4574468085106383,0.5200803212851406,0.5,0.20179372197309417,14.383561643835616,0.11210762331838565,0.24,0.25,1.0,0.1276595744680851,0.16666666666666666,0.7443946188340808,0.25,0.5914968468468468,0.5503826086956521,0.1417004048582996,0.17326732673267325,0.2084942084942085,25.38222222222222,0.24159192825112108,73.0,121.0,10.0,46.0,3.0,11.0,20.0,86.0,178.0,39.0,14.0,35.0,11.0,122.0,50.0,,19.0,53.0,30.0,83.0,21.0,9.0,30.0,19.0,196.0,31.0,53.0,124.0,76.0,200.0,10.0,34.0,19.0,22.0,5.0,15.0,23.0,45.0,11.0,19.0,9.0,10.0,22.0,6.0,0.7093023255813954,0.7922077922077922,0.48314606741573035,0.4,0.10674157303370786,0.17391304347826086,0.4888888888888889,0.1315136476426799,0.0792838874680307,0.14267834793491865,0.08994082840236686,0.06159420289855073,0.14930555555555555,0.08695652173913043,0.10204081632653061,0.2727272727272727,0.5426008968609866,0.6033057851239669,0.6636363636363637,0.726027397260274,0.2062780269058296,0.21739130434782608,0.2631578947368421,0.04932735426008968,0.2727272727272727,0.2727272727272727,0.08968609865470852,4.087078651685394,11.0,20.0,8.0,,1.0,4.0,6.0,,,14.0,,1.0,34.0,61.0,10.0,7.0,12.0,,0.358974358974359,0.35,0.38636363636363635,0.19230769230769232,0.15404040404040403,0.16463414634146342,0.15151515151515152,0.6,0.4,0.4,1.0,0.025,,,,,,0.425531914893617,0.55,0.1276595744680851,0.6666666666666666,0.5814633333333333,0.13127413127413126,5.0,7.0,3.0,3.0,,0.14457831325301204,12.0,30.0,6.0,18.0,15.0,12.0,6.0,3.0,0.75,0.4,14.0,0.09090909090909091,45.0,,,0.09911894273127753,0.0967741935483871,0.06779661016949153,,4.0,0.12173913043478261,False,1.0,4.0,,1.0,4.0,2.0,,1.0,4.0,2.0,0.022222222222222223,,0.04,,0.11004784688995216,0.6666666666666666,0.25,1.0,,,,,1.0,,,,
202066,1610612761,Garrett Temple,Garrett Temple,202066,TOR,5686.0,95,5,203,207,63.0,78.0,25.0,410,2.0,4.0,1.0,3.0,3.0,8.0,4.0,15.0,223,2.0,5.0,6.0,9.0,4.0,2.0,7.0,12.0,5.0,4.0,2.0,6.0,63.0,1.0,0.375,0.4,0.375,0.34375,0.42857142857142855,0.4166666666666667,0.42857142857142855,0.5,9.82905982905983,0.25,0.5,0.5,1.0,0.42857142857142855,0.3333333333333333,0.625,0.5,0.51360625,0.5224071428571428,0.1111111111111111,0.2,0.4,24.5625,0.3103448275862069,,2.0,1.0,5.0,,1.0,4.0,1.0,8.0,1.0,,2.0,,,2.0,,2.0,8.0,6.0,14.0,4.0,2.0,6.0,1.0,34.0,3.0,7.0,14.0,3.0,17.0,,10.0,9.0,2.0,,,3.0,5.0,,1.0,,1.0,1.0,1.0,,,0.125,,0.25,0.4,0.4,0.14583333333333334,0.09090909090909091,0.14606741573033707,0.0375,0.125,0.13513513513513514,0.18181818181818182,,1.0,0.125,,,,0.3125,0.2,0.3333333333333333,0.0625,,,0.25,8.825000000000001,,1.0,1.0,,,1.0,2.0,,,,,,2.0,6.0,1.0,2.0,3.0,,,,0.5,0.1,0.14634146341463414,0.15384615384615385,,,0.25,0.25,1.0,,,,,,,0.14285714285714285,,0.2857142857142857,0.5,,0.13333333333333333,2.0,1.0,,,,0.19047619047619047,,1.0,2.0,,1.0,1.0,,,1.0,,,,,,,,,,,,,False,,1.0,,1.0,,,,,,,,,,,,,,,1.0,,,,,,,,
1630618,1610612761,D.J. Carton,D.J. Carton,1630618,TOR,2003.0,33,12,76,75,16.0,22.0,9.0,151,,2.0,,1.0,,3.0,1.0,3.0,73,,1.0,,,2.0,,1.0,1.0,1.0,1.0,1.0,,14.0,,,,,0.14285714285714285,,0.21428571428571427,,0.42857142857142855,12.64367816091954,0.2857142857142857,,,,1.0,,0.7142857142857143,,0.5370928571428571,0.49695,0.14285714285714285,0.25,,25.633333333333336,0.21052631578947367,1.0,2.0,,2.0,,,1.0,1.0,4.0,,,,,2.0,,,1.0,2.0,1.0,3.0,,1.0,1.0,1.0,7.0,,1.0,4.0,,4.0,,2.0,1.0,2.0,1.0,,2.0,4.0,1.0,,,,,,1.0,1.0,0.25,,0.25,,0.5,0.07142857142857142,,0.10810810810810811,,,0.08333333333333333,,,,0.2857142857142857,0.5,1.0,1.0,0.2857142857142857,,,,,,0.14285714285714285,4.45,,,,,,,,,1.0,,,1.0,,3.0,,2.0,,,,,,,0.13043478260869565,0.125,0.2,,,,,,,,1.0,,,,,,,0.49695,,1.0,,,,,0.1,,,,,1.0,,,,,,,0.5,,,,,,,,,,False,1.0,,,,,,,,,,0.3333333333333333,,0.5,,,,,,,,,,,,,,
1630639,1610612761,A.J. Lawson,A.J. Lawson,1630639,TOR,7578.0,126,23,271,264,66.0,63.0,46.0,535,6.0,18.0,5.0,7.0,12.0,31.0,11.0,61.0,288,5.0,8.0,21.0,33.0,18.0,6.0,3.0,10.0,10.0,16.0,6.0,21.0,66.0,0.9166666666666666,0.3870967741935484,0.625,0.3870967741935484,0.46296296296296297,0.7083333333333334,0.5,0.7,0.5740740740740741,20.43343653250774,0.3333333333333333,0.3333333333333333,0.3333333333333333,1.0,0.5833333333333334,0.7142857142857143,0.9074074074074074,0.3333333333333333,0.584886111111111,0.5535708333333333,0.11666666666666667,0.21428571428571427,0.3442622950819672,24.570967741935483,0.24354243542435425,7.0,18.0,,5.0,,,13.0,7.0,23.0,2.0,1.0,4.0,4.0,12.0,2.0,3.0,6.0,3.0,4.0,7.0,4.0,,,3.0,18.0,2.0,8.0,12.0,6.0,18.0,2.0,,,2.0,2.0,2.0,3.0,5.0,1.0,,,,,,0.8571428571428571,0.8571428571428571,0.30434782608695654,0.25,0.2608695652173913,0.6,0.4,0.11428571428571428,0.04081632653061224,0.08396946564885496,0.037037037037037035,0.025,0.15384615384615385,,0.06896551724137931,,0.3333333333333333,0.3888888888888889,0.4666666666666667,0.8571428571428571,0.09259259259259259,,,,,,0.24074074074074073,3.013043478260869,1.0,2.0,6.0,2.0,2.0,,1.0,2.0,3.0,,4.0,5.0,12.0,3.0,1.0,,1.0,0.8,,0.8571428571428571,0.8571428571428571,0.09090909090909091,0.04918032786885246,0.07142857142857142,,,0.46153846153846156,0.46153846153846156,0.8333333333333334,0.2857142857142857,1.0,0.5,0.42857142857142855,0.6666666666666666,1.0,0.16666666666666666,0.5,0.08333333333333333,,0.5739749999999999,0.19672131147540983,1.0,,,,,0.038461538461538464,,2.0,,,,,,,0.2857142857142857,,3.0,0.16666666666666666,3.0,,1.0,0.03488372093023256,0.02,,0.03125,,0.1111111111111111,False,,,1.0,,,1.0,,,,1.0,,,,0.09090909090909091,0.06060606060606061,,,,,,,,,,,,
1631197,1610612761,Jared Rhoden,Jared Rhoden,1631197,TOR,3478.0,58,28,128,127,38.0,33.0,21.0,255,,4.0,,1.0,2.0,11.0,3.0,19.0,117,1.0,3.0,3.0,6.0,4.0,,2.0,3.0,3.0,4.0,2.0,3.0,38.0,1.0,0.18181818181818182,0.3333333333333333,0.18181818181818182,0.36363636363636365,0.375,0.3958333333333333,0.375,0.5,17.105263157894736,0.18181818181818182,,,,0.25,,0.9090909090909091,,0.5965613636363636,0.5247249999999999,0.08333333333333333,0.15384615384615385,0.15789473684210525,23.781818181818185,0.296875,5.0,9.0,,1.0,,1.0,7.0,5.0,11.0,2.0,,1.0,,6.0,4.0,,3.0,1.0,,1.0,,,1.0,,2.0,1.0,5.0,7.0,4.0,11.0,1.0,4.0,2.0,2.0,,2.0,,2.0,,,,,,,0.6,0.75,0.45454545454545453,,0.2727272727272727,1.0,1.0,0.1724137931034483,0.034482758620689655,0.11290322580645161,0.06060606060606061,0.05263157894736842,0.21739130434782608,,0.09090909090909091,,0.4090909090909091,0.5555555555555556,0.7142857142857143,0.6,0.045454545454545456,,,0.045454545454545456,,,0.3181818181818182,3.5727272727272723,,1.0,2.0,,1.0,1.0,2.0,,,1.0,,1.0,3.0,2.0,,,,,0.5,0.3333333333333333,0.375,,0.06060606060606061,,0.14285714285714285,,0.2857142857142857,0.2857142857142857,1.0,0.3333333333333333,,,,,,0.25,,0.5,0.5,0.57925,0.15789473684210525,,,,,,0.09090909090909091,1.0,2.0,1.0,2.0,2.0,,,,0.6666666666666666,0.5,,0.2222222222222222,3.0,,,0.08108108108108109,0.1111111111111111,,,,,False,,,,,,,,,,,,,,,0.0625,,,,,,,,,,,,
1630658,1610612761,Colin Castleton,Colin Castleton,1630658,TOR,8309.0,138,-5,294,294,71.0,58.0,42.0,588,,1.0,,,,1.0,10.0,38.0,318,,,6.0,,1.0,,11.0,18.0,10.0,13.0,6.0,6.0,71.0,,,,,0.5185185185185185,0.25,0.5757575757575758,0.3333333333333333,0.037037037037037035,12.427745664739884,0.037037037037037035,,,,,,0.4074074074074074,,0.5130740740740741,0.50425,0.1875,0.1935483870967742,0.15789473684210525,25.5,0.24149659863945577,7.0,10.0,7.0,16.0,,,,14.0,26.0,6.0,2.0,8.0,2.0,24.0,4.0,,6.0,7.0,7.0,14.0,6.0,1.0,2.0,5.0,35.0,6.0,9.0,22.0,11.0,33.0,1.0,4.0,,5.0,2.0,1.0,5.0,10.0,1.0,4.0,2.0,1.0,4.0,2.0,0.8571428571428571,1.0,0.5384615384615384,0.25,0.23076923076923078,0.1875,0.5,0.1111111111111111,0.09375,0.12666666666666668,0.07142857142857142,0.0851063829787234,0.1,0.14285714285714285,0.14285714285714285,0.5,0.37037037037037035,0.7,1.0,0.7142857142857143,0.5925925925925926,0.4375,0.5384615384615384,,,,,5.446153846153847,2.0,5.0,,,,,,,,4.0,,,9.0,10.0,3.0,4.0,4.0,,0.6666666666666666,0.6666666666666666,0.6428571428571429,0.3333333333333333,0.14492753623188406,0.037037037037037035,0.14285714285714285,1.0,,,,,,,,,,0.625,0.4,,,0.530775,0.23684210526315788,,3.0,,,1.0,0.22857142857142856,2.0,3.0,1.0,4.0,4.0,3.0,,1.0,0.5,0.6666666666666666,,0.3,5.0,,,0.05555555555555555,0.0392156862745098,,,2.0,0.11764705882352941,False,,,,,1.0,1.0,,1.0,,1.0,,,,,0.0967741935483871,,,1.0,,,,,,,,,
203482,1610612761,Kelly Olynyk,Kelly Olynyk,203482,TOR,22969.0,383,-40,800,791,164.0,251.0,84.0,1591,17.0,40.0,2.0,7.0,19.0,43.0,34.0,171.0,943,3.0,8.0,38.0,48.0,40.0,17.0,33.0,59.0,36.0,43.0,19.0,38.0,164.0,0.8421052631578947,0.4418604651162791,0.375,0.4418604651162791,0.5805084745762712,0.5681818181818182,0.6151079136690647,0.6333333333333333,0.3644067796610169,19.39799331103679,0.3389830508474576,0.425,0.425,0.8235294117647058,0.3181818181818182,0.2857142857142857,0.7288135593220338,0.425,0.5623097457627119,0.598225,0.13970588235294118,0.20430107526881722,0.2222222222222222,25.8,0.205,28.0,43.0,10.0,25.0,2.0,7.0,3.0,40.0,75.0,14.0,8.0,14.0,13.0,50.0,30.0,9.0,4.0,40.0,16.0,56.0,13.0,3.0,32.0,5.0,128.0,12.0,22.0,64.0,25.0,89.0,2.0,16.0,7.0,15.0,6.0,12.0,20.0,35.0,1.0,7.0,3.0,4.0,8.0,5.0,0.625,0.7575757575757576,0.5333333333333333,0.5714285714285714,0.05333333333333334,,0.42857142857142855,0.11578947368421053,0.07100591715976332,0.1424581005586592,0.0708215297450425,0.08064516129032258,0.12142857142857143,0.1,0.03636363636363636,0.625,0.3644067796610169,0.6511627906976745,0.717948717948718,0.6785714285714286,0.211864406779661,0.4,0.4,0.059322033898305086,0.2857142857142857,0.2857142857142857,0.025423728813559324,5.271999999999999,8.0,11.0,2.0,,,1.0,1.0,1.0,1.0,8.0,1.0,1.0,27.0,29.0,13.0,3.0,8.0,1.0,0.5714285714285714,0.6333333333333333,0.675,0.52,0.17261904761904762,0.14285714285714285,0.21739130434782608,0.5,0.6666666666666666,0.6666666666666666,1.0,,,,0.06666666666666667,1.0,1.0,0.5,0.7272727272727273,0.045454545454545456,1.0,0.6696863636363637,0.15789473684210525,4.0,3.0,1.0,1.0,,0.18666666666666668,8.0,13.0,8.0,14.0,9.0,3.0,7.0,1.0,0.8666666666666667,0.6153846153846154,6.0,0.09302325581395349,13.0,,,0.07065217391304347,0.06172839506172839,0.08695652173913043,,2.0,0.044444444444444446,False,,3.0,,,1.0,3.0,,,,3.0,,,,,0.075,0.5,0.125,,,1.0,,,,2.0,,,
1628981,1610612761,Bruno Fernando,Bruno Fernando,1628981,TOR,8796.0,147,-22,295,299,71.0,116.0,52.0,594,,,,,,,6.0,58.0,339,,,12.0,,,,12.0,27.0,10.0,8.0,4.0,12.0,71.0,,,,,0.5306122448979592,0.4166666666666667,0.5471698113207547,0.46153846153846156,,18.76750700280112,,,,,,,0.673469387755102,,0.5616306122448979,0.5828666666666668,0.07547169811320754,0.07547169811320754,0.20689655172413793,,0.24067796610169492,22.0,33.0,4.0,14.0,,2.0,,26.0,49.0,15.0,5.0,12.0,2.0,34.0,18.0,,7.0,14.0,4.0,18.0,4.0,,7.0,6.0,40.0,5.0,11.0,30.0,21.0,51.0,5.0,4.0,,5.0,2.0,4.0,9.0,14.0,,9.0,5.0,4.0,9.0,8.0,0.6538461538461539,0.8947368421052632,0.5306122448979592,0.4166666666666667,0.14285714285714285,0.14285714285714285,0.35714285714285715,0.1506849315068493,0.07692307692307693,0.19230769230769232,0.13291139240506328,0.06521739130434782,0.13559322033898305,0.21428571428571427,0.3125,0.8888888888888888,0.673469387755102,0.6666666666666666,0.7857142857142857,0.5909090909090909,0.2857142857142857,0.2857142857142857,0.3333333333333333,0.04081632653061224,,,,4.0836734693877546,4.0,10.0,,,,,,,,8.0,,,18.0,14.0,5.0,1.0,5.0,,0.5333333333333333,0.5333333333333333,0.5625,0.5555555555555556,0.24561403508771928,0.2631578947368421,0.2,1.0,,,,,,,,,,0.8333333333333334,0.4,,,0.5191933333333334,0.3103448275862069,,3.0,,,,0.2608695652173913,8.0,11.0,2.0,14.0,4.0,6.0,3.0,2.0,0.7333333333333333,0.7272727272727273,3.0,0.15151515151515152,16.0,,,0.17204301075268819,0.1951219512195122,,,3.0,0.10526315789473684,False,,1.0,,,,,,2.0,,,,,,,0.2,,,,,,,,,,,,
1642279,1610612761,Ulrich Chomche,Ulrich Chomche,1642279,TOR,1844.0,31,-21,60,59,15.0,35.0,7.0,119,,,,,,,,4.0,81,,,,,,,5.0,5.0,,,,,15.0,,,,,0.4,,0.4,,,10.294117647058822,,,,,,,0.4,,0.49326,,,,,,0.25,1.0,2.0,1.0,2.0,,1.0,,2.0,5.0,1.0,,,,4.0,,,,,1.0,1.0,1.0,,,,3.0,1.0,1.0,3.0,3.0,6.0,,,,2.0,,1.0,,2.0,,1.0,,1.0,1.0,1.0,1.0,1.0,0.4,,,,1.0,0.125,0.07142857142857142,0.17647058823529413,0.11538461538461539,0.1111111111111111,,1.0,,1.0,0.4,0.5,0.5,1.0,0.4,0.5,0.5,0.2,,,,6.88,,,,,,,,,,,,,,2.0,,1.0,1.0,,,,,,0.2222222222222222,,,1.0,,,,,,,,,,,,,,0.5896,,,1.0,,,,0.4,,1.0,,,,,,,1.0,,,,2.0,,,0.16666666666666666,0.14285714285714285,,,,,False,,,,,,,,,,,,,,,0.25,,,,,,,,,,,,
