EntityId,TeamId,Name,ShortName,RowId,TeamAbbreviation,SecondsPlayed,Minutes,PlusMinus,OffPoss,DefPoss,PenaltyOffPoss,PenaltyDefPoss,SecondChanceOffPoss,TotalPoss,AtRimFGM,AtRimFGA,SecondChanceAtRimFGM,SecondChanceAtRimFGA,PenaltyAtRimFGA,ShortMidRangeFGM,ShortMidRangeFGA,LongMidRangeFGM,LongMidRangeFGA,Corner3FGM,Corner3FGA,PenaltyCorner3FGM,PenaltyCorner3FGA,Arc3FGM,Arc3FGA,PenaltyArc3FGM,PenaltyArc3FGA,FG2M,FG2A,FG3M,FG3A,Points,OpponentPoints,SecondChanceFG2M,SecondChanceFG2A,SecondChancePoints,PenaltyFG2A,PenaltyFG3M,PenaltyFG3A,PenaltyPoints,PtsAssisted2s,PtsUnassisted2s,PtsAssisted3s,PtsPutbacks,NonHeaveArc3FGA,NonHeaveArc3FGM,TwoPtAssists,ThreePtAssists,Assists,Arc3Assists,AtRimAssists,AssistPoints,OffTwoPtRebounds,DefThreePtRebounds,DefTwoPtRebounds,DefRebounds,OffRebounds,Rebounds,SelfOReb,Steals,BadPassSteals,LostBallSteals,LiveBallTurnovers,BadPassTurnovers,DeadBallTurnovers,Travels,Turnovers,ShootingFouls,Fouls,FoulsDrawn,Blocked2s,BlockedShortMidRange,Blocks,RecoveredBlocks,PenaltyPointsExcludingTakeFouls,PenaltyOffPossExcludingTakeFouls,Assisted2sPct,NonPutbacksAssisted2sPct,Assisted3sPct,Fg3Pct,PenaltyFg3Pct,NonHeaveFg3Pct,Fg2Pct,SecondChanceFg2Pct,EfgPct,SecondChanceEfgPct,PenaltyEfgPct,TsPct,SecondChanceTsPct,PenaltyTsPct,FG3APct,Usage,LiveBallTurnoverPct,DefTwoPtReboundPct,OffTwoPtReboundPct,DefThreePtReboundPct,DefFGReboundPct,OffFGReboundPct,OffShortMidRangeReboundPct,DefAtRimReboundPct,DefShortMidRangeReboundPct,DefCorner3ReboundPct,SelfORebPct,BlocksRecoveredPct,AtRimFrequency,AtRimAccuracy,UnblockedAtRimAccuracy,AtRimPctAssisted,ShortMidRangeFrequency,ShortMidRangeAccuracy,UnblockedShortMidRangeAccuracy,ShortMidRangePctAssisted,LongMidRangeFrequency,LongMidRangeAccuracy,UnblockedLongMidRangeAccuracy,LongMidRangePctAssisted,Corner3Frequency,Corner3Accuracy,UnblockedCorner3Accuracy,Corner3PctAssisted,Arc3Frequency,Arc3Accuracy,UnblockedArc3Accuracy,Arc3PctAssisted,SecondChanceAtRimFrequency,SecondChanceAtRimAccuracy,PenaltyAtRimFrequency,PenaltyCorner3Frequency,PenaltyCorner3Accuracy,PenaltyArc3Frequency,PenaltyArc3Accuracy,AtRimFG3AFrequency,NonHeaveArc3Accuracy,ShotQualityAvg,SecondChanceShotQualityAvg,PenaltyShotQualityAvg,SecondChancePointsPct,PenaltyPointsPct,Avg2ptShotDistance,Avg3ptShotDistance,PenaltyOffPossPct,PenaltyAtRimFGM,SecondChanceCorner3FGM,SecondChanceCorner3FGA,SecondChanceArc3FGA,FtPoints,SecondChanceFG3M,SecondChanceFG3A,SecondChanceFtPoints,PenaltyFG2M,PenaltyFtPoints,PtsUnassisted3s,HeaveAttempts,Fg2aBlocked,Corner3Assists,ShortMidRangeAssists,LongMidRangeAssists,OffThreePtRebounds,BadPassOutOfBoundsTurnovers,LostBallOutOfBoundsTurnovers,LostBallTurnovers,PenaltyTurnovers,Charge Fouls,Transition Take Fouls,Loose Ball Fouls Drawn,Offensive Fouls Drawn,Transition Take Fouls Drawn,FTA,2pt And 1 Free Throw Trips,TwoPtShootingFoulsDrawn,NonShootingFoulsDrawn,BlockedAtRim,NonShootingPenaltyNonTakeFouls,NonShootingPenaltyNonTakeFoulsDrawn,SecondChanceFg3Pct,PenaltyFg2Pct,FG2APctBlocked,AtRimPctBlocked,ShortMidRangePctBlocked,OffThreePtReboundPct,OffAtRimReboundPct,OffArc3ReboundPct,DefLongMidRangeReboundPct,DefArc3ReboundPct,SecondChanceAtRimPctAssisted,SecondChanceCorner3Frequency,SecondChanceCorner3Accuracy,SecondChanceCorner3PctAssisted,SecondChanceArc3Frequency,PenaltyAtRimAccuracy,ShootingFoulsDrawnPct,TwoPtShootingFoulsDrawnPct,FTDefRebounds,StepOutOfBoundsTurnovers,Offensive Fouls,Charge Fouls Drawn,Technical Free Throw Trips,ThreePtShootingFoulsDrawn,Blocked3s,BlockedArc3,DefFTReboundPct,ThreePtShootingFoulsDrawnPct,SecondChanceTurnovers,Loose Ball Fouls,OffLongMidRangeReboundPct,OffCorner3ReboundPct,Fg3aBlocked,FTOffRebounds,BlockedLongMidRange,FG3APctBlocked,Corner3PctBlocked,OffFTReboundPct,DefensiveGoaltends,SecondChanceArc3FGM,3pt And 1 Free Throw Trips,SecondChanceArc3Accuracy,SecondChanceArc3PctAssisted,on,LongMidRangePctBlocked,Arc3PctBlocked,HeaveMakes,BlockedCorner3,Defensive 3 Seconds Violations,OffensiveGoaltends,3SecondViolations
1626204,1610612737,Larry Nance Jr.,Larry Nance Jr.,1626204,ATL,2967.0,49,-6.0,104,106,24.0,26.0,7.0,210,6.0,7.0,1.0,1.0,1.0,2.0,3.0,1.0,1.0,3.0,6.0,1.0,1.0,4.0,5.0,2.0,2.0,9.0,11.0,7.0,11.0,39.0,140,2.0,2.0,4.0,1.0,3.0,3.0,9.0,14.0,4.0,21.0,2.0,5.0,4.0,1.0,1.0,2.0,1.0,1.0,5.0,3.0,1.0,4.0,5.0,3.0,8.0,1.0,4.0,2.0,2.0,1.0,1.0,1.0,1.0,2.0,1.0,4.0,1.0,1.0,1.0,1.0,1.0,9.0,24.0,0.7777777777777778,0.875,1.0,0.6363636363636364,1.0,0.6363636363636364,0.8181818181818182,1.0,0.8863636363636364,1.0,1.125,0.8863636363636364,1.0,1.125,0.5,21.238938053097343,0.5,0.1666666666666666,0.2307692307692307,0.0555555555555555,0.119047619047619,0.088235294117647,0.4285714285714285,0.125,0.3333333333333333,1.0,0.1666666666666666,1.0,0.3181818181818182,0.8571428571428571,0.8571428571428571,0.6666666666666666,0.1363636363636363,0.6666666666666666,0.6666666666666666,1.0,0.0454545454545454,1.0,1.0,1.0,0.2727272727272727,0.5,0.5,1.0,0.2272727272727272,0.8,0.8,1.0,0.5,1.0,0.25,0.25,1.0,0.5,1.0,0.8181818181818182,0.8,0.55735,0.6347,0.5415,0.1025641025641025,0.2307692307692307,4.081818181818182,24.49090909090909,0.2307692307692307,,,,,,,,,,,,,,,,,,,,,,,,,,,,,,,,,,,,,,,,,,,,,,,,,,,,,,,,,,,,,,,,,,,,,,,,,,,,,True,,,,,,,
1629027,1610612737,Trae Young,Trae Young,1629027,ATL,10877.0,181,-42.0,389,393,85.0,81.0,40.0,782,10.0,13.0,1.0,1.0,3.0,10.0,23.0,3.0,8.0,2.0,3.0,,,7.0,34.0,2.0,8.0,23.0,44.0,9.0,37.0,105.0,498,2.0,5.0,11.0,10.0,2.0,8.0,28.0,18.0,28.0,9.0,,33.0,7.0,40.0,20.0,60.0,11.0,29.0,140.0,2.0,8.0,1.0,9.0,5.0,14.0,3.0,7.0,2.0,5.0,12.0,10.0,7.0,,19.0,11.0,14.0,27.0,1.0,,1.0,,28.0,85.0,0.391304347826087,0.391304347826087,0.3333333333333333,0.2432432432432432,0.25,0.25,0.5227272727272727,0.4,0.4506172839506173,0.3888888888888889,0.4444444444444444,0.5412371134020618,0.5,0.6086956521739131,0.4567901234567901,26.20689655172414,0.631578947368421,0.0123456790123456,0.0232558139534883,0.1012658227848101,0.05625,0.0290697674418604,0.025,,,0.1333333333333333,0.0652173913043478,,0.1604938271604938,0.7692307692307693,0.8333333333333334,0.6,0.2839506172839506,0.4347826086956521,0.4545454545454545,0.2,0.0987654320987654,0.375,0.375,0.3333333333333333,0.037037037037037,0.6666666666666666,0.6666666666666666,0.5,0.419753086419753,0.2058823529411764,0.2058823529411764,0.2857142857142857,0.1111111111111111,1.0,0.1666666666666666,,,0.4444444444444444,0.25,0.6172839506172839,0.2121212121212121,0.5213544303797469,0.5060083333333334,0.5198676470588235,0.1047619047619047,0.2666666666666666,8.779545454545454,27.13783783783784,0.2185089974293059,2.0,1.0,2.0,2.0,32.0,1.0,4.0,4.0,5.0,12.0,18.0,1.0,2.0,9.0,10.0,1.0,3.0,4.0,2.0,2.0,6.0,1.0,1.0,1.0,1.0,2.0,34.0,4.0,15.0,5.0,1.0,1.0,3.0,0.25,0.5,0.0454545454545454,0.0769230769230769,0.0434782608695652,0.0348837209302325,0.0256410256410256,0.044776119402985,0.0769230769230769,0.09375,1.0,0.2222222222222222,0.5,1.0,0.2222222222222222,0.6666666666666666,0.1630434782608695,0.2727272727272727,,,,,,,,,,,,,,,,,,,,,,,,,,True,,,,,,,
1629726,1610612737,Garrison Mathews,Garrison Mathews,1629726,ATL,10465.0,174,-35.0,373,377,120.0,100.0,32.0,750,1.0,2.0,,,,3.0,5.0,,1.0,10.0,15.0,1.0,1.0,15.0,33.0,3.0,9.0,4.0,8.0,25.0,48.0,92.0,437,,,,,4.0,10.0,14.0,6.0,2.0,75.0,,33.0,15.0,11.0,4.0,15.0,2.0,8.0,34.0,,1.0,9.0,11.0,1.0,12.0,,4.0,2.0,2.0,5.0,4.0,4.0,,9.0,7.0,19.0,12.0,2.0,,3.0,1.0,14.0,120.0,0.75,0.75,1.0,0.5208333333333334,0.4,0.5208333333333334,0.5,,0.7410714285714286,,0.6,0.7666666666666667,,0.6363636363636364,0.8571428571428571,16.91176470588235,0.5555555555555556,0.0989010989010989,,0.0126582278481012,0.0588235294117647,0.0059523809523809,,0.075,0.1428571428571428,0.0769230769230769,,0.3333333333333333,0.0357142857142857,0.5,1.0,,0.0892857142857142,0.6,0.6,1.0,0.0178571428571428,,,,0.2678571428571428,0.6666666666666666,0.6666666666666666,1.0,0.5892857142857143,0.4545454545454545,0.4545454545454545,1.0,,,,0.1,1.0,0.9,0.3333333333333333,0.8928571428571429,0.4545454545454545,0.5483071428571429,0.576075,0.5364899999999999,,0.1521739130434782,8.8375,24.937500000000004,0.3217158176943699,,,1.0,1.0,9.0,,2.0,,,2.0,,,1.0,2.0,3.0,,1.0,,1.0,1.0,3.0,,,,1.0,,11.0,1.0,3.0,1.0,2.0,3.0,1.0,,,0.125,0.5,,0.0120481927710843,,0.015625,0.0625,,,0.5,,,0.5,,0.0677966101694915,0.3,1.0,2.0,1.0,1.0,1.0,1.0,1.0,1.0,0.125,0.0204081632653061,,,,,,,,,,,,,,,,True,,,,,,,
1630168,1610612737,Onyeka Okongwu,Onyeka Okongwu,1630168,ATL,8943.0,149,-29.0,320,324,66.0,72.0,36.0,644,22.0,34.0,6.0,10.0,6.0,4.0,8.0,,,4.0,13.0,,3.0,1.0,3.0,,,26.0,42.0,5.0,16.0,78.0,391,7.0,11.0,18.0,7.0,,3.0,12.0,38.0,14.0,15.0,10.0,3.0,1.0,7.0,4.0,11.0,2.0,3.0,26.0,12.0,15.0,10.0,26.0,14.0,40.0,2.0,6.0,2.0,4.0,4.0,1.0,2.0,,6.0,9.0,12.0,9.0,4.0,2.0,4.0,2.0,12.0,66.0,0.7307692307692307,0.9047619047619048,1.0,0.3125,,0.3125,0.6190476190476191,0.6363636363636364,0.5775862068965517,0.5384615384615384,0.4,0.6190476190476191,0.6428571428571429,0.5,0.2758620689655172,19.220055710306408,0.6666666666666666,0.1886792452830188,0.1621621621621621,0.189873417721519,0.1893939393939394,0.0952380952380952,0.15625,0.1666666666666666,0.1785714285714285,0.1,0.0909090909090909,0.5,0.5862068965517241,0.6470588235294118,0.7096774193548387,0.6818181818181818,0.1379310344827586,0.5,0.6666666666666666,1.0,,,,,0.2241379310344827,0.3076923076923077,0.3076923076923077,1.0,0.0517241379310344,0.3333333333333333,0.3333333333333333,1.0,0.7692307692307693,0.6,0.6,0.3,,,,0.8620689655172413,0.3333333333333333,0.5853043103448278,0.5730461538461539,0.633505,0.2307692307692307,0.1538461538461538,2.571428571428572,23.98125,0.20625,4.0,,2.0,,11.0,,2.0,4.0,4.0,4.0,,,5.0,2.0,4.0,,2.0,1.0,,3.0,2.0,,,3.0,,,13.0,3.0,6.0,2.0,2.0,1.0,2.0,,0.5714285714285714,0.119047619047619,0.088235294117647,0.25,0.0273972602739726,0.1666666666666666,,0.2857142857142857,0.2028985507246377,,0.1538461538461538,,,,0.6666666666666666,0.0983606557377049,0.1333333333333333,1.0,,1.0,,,,,,0.2,,2.0,1.0,0.1666666666666666,0.1,,,,,,,,,,,,True,,,,,,,
1631223,1610612737,David Roddy,David Roddy,1631223,ATL,20779.0,346,-71.0,738,746,178.0,165.0,65.0,1484,16.0,26.0,1.0,2.0,6.0,12.0,23.0,,1.0,7.0,13.0,3.0,4.0,9.0,30.0,1.0,9.0,28.0,50.0,16.0,43.0,122.0,870,2.0,4.0,4.0,9.0,4.0,13.0,29.0,50.0,6.0,42.0,,30.0,9.0,17.0,13.0,30.0,8.0,10.0,73.0,7.0,33.0,22.0,59.0,11.0,70.0,3.0,12.0,6.0,6.0,15.0,9.0,5.0,1.0,20.0,14.0,18.0,18.0,8.0,3.0,8.0,5.0,29.0,178.0,0.8928571428571429,0.8928571428571429,0.875,0.3720930232558139,0.3076923076923077,0.3720930232558139,0.56,0.5,0.5591397849462365,0.4,0.4090909090909091,0.5922330097087378,0.4,0.5178571428571429,0.4623655913978494,15.185185185185183,0.75,0.1392405063291139,0.0440251572327044,0.2012195121951219,0.170807453416149,0.0305810397553516,0.037037037037037,0.1212121212121212,0.1617647058823529,,0.075,0.625,0.2795698924731182,0.6153846153846154,0.64,0.875,0.2473118279569892,0.5217391304347826,0.6666666666666666,0.9166666666666666,0.010752688172043,,,,0.1397849462365591,0.5384615384615384,0.5833333333333334,0.8571428571428571,0.3225806451612903,0.3,0.3,0.8888888888888888,0.4,0.5,0.2727272727272727,0.1818181818181818,0.75,0.4090909090909091,0.1111111111111111,0.7419354838709677,0.3,0.5548258241758242,0.4801666666666667,0.5365404761904762,0.0327868852459016,0.2377049180327868,4.465999999999999,25.644186046511624,0.2411924119241192,3.0,,,1.0,18.0,,1.0,,3.0,11.0,6.0,,6.0,5.0,5.0,2.0,3.0,2.0,1.0,6.0,4.0,,,1.0,2.0,,22.0,2.0,9.0,3.0,4.0,,3.0,,0.3333333333333333,0.12,0.0384615384615384,0.217391304347826,0.0178571428571428,0.0655737704918032,0.023076923076923,0.125,0.25,1.0,,,,0.2,0.5,0.09,0.1578947368421052,4.0,,1.0,,,,,,0.25,,2.0,1.0,,,1.0,1.0,1.0,0.0232558139534883,0.0769230769230769,0.0769230769230769,,,,,,True,,,,,,,
1630552,1610612737,Jalen Johnson,Jalen Johnson,1630552,ATL,5690.0,95,-6.0,201,201,54.0,38.0,20.0,402,11.0,14.0,4.0,4.0,2.0,11.0,24.0,1.0,1.0,2.0,3.0,,,1.0,10.0,,2.0,23.0,39.0,3.0,13.0,67.0,240,5.0,5.0,12.0,14.0,,2.0,16.0,18.0,28.0,9.0,8.0,10.0,1.0,12.0,9.0,21.0,5.0,6.0,51.0,6.0,12.0,11.0,25.0,8.0,33.0,4.0,6.0,4.0,2.0,5.0,4.0,8.0,6.0,13.0,1.0,4.0,13.0,1.0,,1.0,1.0,16.0,54.0,0.391304347826087,0.4736842105263157,1.0,0.2307692307692307,,0.2307692307692307,0.5897435897435898,1.0,0.5288461538461539,1.0,0.4375,0.5677966101694916,0.8571428571428571,0.4444444444444444,0.25,32.43243243243243,0.3846153846153846,0.2619047619047619,0.1714285714285714,0.2068965517241379,0.23,0.1,0.1904761904761904,0.3125,0.2631578947368421,0.25,0.2222222222222222,1.0,0.2692307692307692,0.7857142857142857,0.8461538461538461,0.3636363636363636,0.4615384615384615,0.4583333333333333,0.5789473684210527,0.4545454545454545,0.0192307692307692,1.0,1.0,,0.0576923076923076,0.6666666666666666,0.6666666666666666,1.0,0.1923076923076923,0.1,0.1,1.0,0.8,1.0,0.125,,,0.125,,0.5192307692307693,0.1,0.5261115384615385,0.5181500000000001,0.461159375,0.1791044776119403,0.2388059701492537,5.884615384615385,25.092307692307696,0.2686567164179104,1.0,,,,12.0,,,2.0,7.0,2.0,,,6.0,4.0,6.0,,1.0,1.0,,1.0,4.0,,,,,,17.0,2.0,9.0,,1.0,,,,0.5,0.1538461538461538,0.0714285714285714,0.2083333333333333,0.0285714285714285,0.1818181818181818,0.037037037037037,0.1428571428571428,0.2,,,,,,0.5,0.1525423728813559,0.1956521739130435,2.0,,1.0,,1.0,,,,0.5,,,,,,,1.0,,,,0.2,1.0,,,,,True,,,,,,,
1630700,1610612737,Dyson Daniels,Dyson Daniels,1630700,ATL,6574.0,110,-45.0,223,231,30.0,28.0,27.0,454,5.0,12.0,2.0,3.0,,4.0,16.0,1.0,1.0,,2.0,,,3.0,13.0,,2.0,10.0,29.0,3.0,15.0,31.0,289,2.0,3.0,4.0,1.0,,2.0,,10.0,10.0,9.0,2.0,12.0,3.0,9.0,7.0,16.0,4.0,4.0,39.0,4.0,4.0,5.0,10.0,5.0,15.0,1.0,11.0,8.0,3.0,4.0,2.0,2.0,1.0,6.0,4.0,6.0,4.0,4.0,1.0,5.0,3.0,,30.0,0.5,0.5555555555555556,1.0,0.2,,0.2142857142857142,0.3448275862068966,0.6666666666666666,0.3295454545454545,0.5,,0.3369565217391304,0.5,,0.3409090909090909,20.3921568627451,0.6666666666666666,0.108695652173913,0.064516129032258,0.0888888888888888,0.0989010989010989,0.0427350427350427,0.0857142857142857,0.1111111111111111,0.0476190476190476,0.1428571428571428,0.0357142857142857,0.6,0.2727272727272727,0.4166666666666667,0.4545454545454545,0.4,0.3636363636363636,0.25,0.25,0.5,0.0227272727272727,1.0,1.0,1.0,0.0454545454545454,,,,0.2954545454545454,0.2307692307692307,0.2307692307692307,1.0,0.75,0.6666666666666666,,,,0.6666666666666666,,0.6136363636363636,0.25,0.5576081395348839,0.5990833333333333,0.457325,0.1290322580645161,,5.131034482758621,27.48,0.1345291479820627,,,,1.0,2.0,,1.0,,,,,1.0,1.0,3.0,4.0,1.0,1.0,1.0,,2.0,1.0,,,,,,4.0,,2.0,,3.0,,,,,0.0344827586206896,0.0833333333333333,,0.0181818181818181,,0.0238095238095238,0.2857142857142857,0.0789473684210526,0.5,,,,0.25,,0.0434782608695652,0.064516129032258,1.0,,,,,,1.0,1.0,0.1666666666666666,,,,0.3333333333333333,,,,,,,,,,,,,True,,,,,,,
1642258,1610612737,Zaccharie Risacher,Zaccharie Risacher,1642258,ATL,9269.0,154,-57.0,332,332,75.0,69.0,21.0,664,12.0,25.0,2.0,3.0,4.0,5.0,11.0,1.0,3.0,5.0,11.0,1.0,3.0,1.0,16.0,,3.0,18.0,39.0,6.0,27.0,62.0,387,3.0,5.0,6.0,8.0,1.0,6.0,12.0,20.0,16.0,18.0,4.0,16.0,1.0,3.0,4.0,7.0,2.0,2.0,18.0,4.0,7.0,5.0,13.0,9.0,22.0,1.0,6.0,5.0,1.0,8.0,4.0,5.0,,13.0,7.0,14.0,8.0,2.0,1.0,2.0,,12.0,75.0,0.5555555555555556,0.625,1.0,0.2222222222222222,0.1666666666666666,0.2222222222222222,0.4615384615384615,0.6,0.4090909090909091,0.6,0.3928571428571428,0.4428571428571428,0.6,0.4285714285714285,0.4090909090909091,23.24929971988796,0.6153846153846154,0.0757575757575757,0.0606060606060606,0.0921052631578947,0.0845070422535211,0.054054054054054,,0.0689655172413793,0.1071428571428571,,0.027027027027027,,0.3787878787878788,0.48,0.5714285714285714,0.6666666666666666,0.1666666666666666,0.4545454545454545,0.5,0.4,0.0454545454545454,0.3333333333333333,0.3333333333333333,,0.1666666666666666,0.4545454545454545,0.4545454545454545,1.0,0.2424242424242424,0.0625,0.0625,1.0,0.6,0.6666666666666666,0.2857142857142857,0.2142857142857142,0.3333333333333333,0.2142857142857142,,0.7878787878787878,0.0625,0.5693712121212122,0.464625,0.5680535714285714,0.0967741935483871,0.1935483870967742,4.779487179487179,24.692592592592597,0.2259036144578313,3.0,,,,8.0,,,,4.0,1.0,,,5.0,2.0,1.0,,4.0,,3.0,4.0,4.0,,1.0,,1.0,,10.0,2.0,6.0,,,2.0,,,0.5,0.1282051282051282,0.16,0.0909090909090909,0.048780487804878,0.16,0.0606060606060606,,0.1206896551724138,0.5,,,,,0.75,0.0857142857142857,0.1395348837209302,1.0,2.0,,,,,,,0.1111111111111111,,1.0,2.0,,,,1.0,1.0,,,0.5,,,,,,True,,,,,,,
203991,1610612737,Clint Capela,Clint Capela,203991,ATL,6065.0,101,-22.0,216,215,23.0,17.0,20.0,431,14.0,20.0,5.0,5.0,,3.0,10.0,,,,,,,,,,,17.0,30.0,,,39.0,246,5.0,6.0,10.0,2.0,,,,30.0,4.0,,2.0,,,2.0,3.0,5.0,2.0,1.0,13.0,,10.0,17.0,27.0,3.0,30.0,,3.0,2.0,1.0,2.0,2.0,3.0,1.0,5.0,4.0,9.0,5.0,1.0,,1.0,1.0,,23.0,0.8823529411764706,0.9375,,,,,0.5666666666666667,0.8333333333333334,0.5666666666666667,0.8333333333333334,,0.5909090909090909,0.8333333333333334,,,15.966386554621849,0.4,0.293103448275862,,0.2040816326530612,0.2523364485981308,0.0196078431372549,,0.375,0.25,0.3333333333333333,,1.0,0.6666666666666666,0.7,0.8235294117647058,0.8571428571428571,0.3333333333333333,0.3,0.3,1.0,,,,,,,,,,,,,0.8333333333333334,1.0,,,,,,0.6666666666666666,,0.6087566666666666,0.6439666666666667,0.47085,0.2564102564102564,,3.206666666666666,,0.1064814814814814,,,,,5.0,,,,,,,,3.0,1.0,,1.0,2.0,,,,,,,,,,6.0,,3.0,,1.0,1.0,,,,0.1,0.15,,0.0384615384615384,,0.0454545454545454,0.2,0.1621621621621621,0.6,,,,,,0.0909090909090909,0.0909090909090909,,,2.0,1.0,,,,,,,,2.0,,,,1.0,,,,0.25,,,,,,True,,,,,,,
1630249,1610612737,Vít Krejčí,Vít Krejčí,1630249,ATL,5680.0,95,-16.0,199,201,56.0,51.0,19.0,400,2.0,3.0,,,,1.0,4.0,,,1.0,1.0,,,6.0,19.0,3.0,7.0,3.0,7.0,7.0,20.0,32.0,222,,,10.0,2.0,3.0,7.0,11.0,4.0,2.0,18.0,,19.0,6.0,3.0,12.0,15.0,6.0,3.0,42.0,,4.0,4.0,8.0,1.0,9.0,,2.0,2.0,,3.0,2.0,3.0,,6.0,5.0,6.0,3.0,1.0,1.0,1.0,,11.0,56.0,0.6666666666666666,0.6666666666666666,0.8571428571428571,0.35,0.4285714285714285,0.35,0.4285714285714285,,0.5,1.5,0.5,0.5517241379310345,1.6666666666666667,0.55,0.7407407407407407,16.05504587155963,0.5,0.0930232558139534,,0.1111111111111111,0.1012658227848101,0.0108695652173913,,,0.15,0.0909090909090909,,,0.1111111111111111,0.6666666666666666,0.6666666666666666,1.0,0.1481481481481481,0.25,0.3333333333333333,,,,,,0.037037037037037,1.0,1.0,1.0,0.7037037037037037,0.3157894736842105,0.3157894736842105,0.8333333333333334,,,,,,0.7777777777777778,0.4285714285714285,0.8518518518518519,0.3157894736842105,0.5480111111111112,0.5721,0.4984222222222221,0.3125,0.34375,4.285714285714286,26.1,0.2814070351758794,,,,3.0,5.0,3.0,3.0,1.0,,2.0,3.0,,1.0,6.0,,,1.0,1.0,1.0,1.0,2.0,,,,,,5.0,,1.0,1.0,,,1.0,1.0,,0.1428571428571428,,0.25,0.02,,0.025,0.1428571428571428,0.12,,,,,1.0,,0.0714285714285714,0.125,,,,,,1.0,,,,0.05,,,,,,,,,,,,3.0,1.0,1.0,1.0,True,,,,,,,
1630811,1610612737,Keaton Wallace,Keaton Wallace,1630811,ATL,8060.0,134,-12.0,283,290,65.0,70.0,21.0,573,3.0,5.0,,,1.0,6.0,10.0,3.0,7.0,2.0,2.0,,,10.0,21.0,3.0,6.0,12.0,22.0,12.0,23.0,65.0,304,,,3.0,2.0,3.0,6.0,13.0,6.0,18.0,27.0,,20.0,10.0,8.0,9.0,17.0,6.0,4.0,43.0,1.0,6.0,5.0,12.0,1.0,13.0,1.0,9.0,3.0,6.0,6.0,4.0,3.0,,9.0,6.0,6.0,5.0,3.0,1.0,3.0,3.0,13.0,65.0,0.25,0.25,0.75,0.5217391304347826,0.5,0.5454545454545454,0.5454545454545454,,0.6666666666666666,0.75,0.6875,0.6914893617021277,0.75,0.7222222222222222,0.5111111111111111,18.36065573770492,0.6666666666666666,0.0806451612903225,0.0181818181818181,0.0759493670886076,0.0780141843971631,0.0084745762711864,0.037037037037037,,0.1851851851851851,,0.0526315789473684,1.0,0.1111111111111111,0.6,0.6,,0.2222222222222222,0.6,0.6666666666666666,0.5,0.1555555555555555,0.4285714285714285,0.4285714285714285,,0.0444444444444444,1.0,1.0,1.0,0.4666666666666667,0.4761904761904761,0.4761904761904761,0.7,,,0.125,,,0.75,0.5,0.6222222222222222,0.5,0.4977818181818182,0.4569,0.4686928571428571,0.0461538461538461,0.2,9.75,26.82608695652174,0.2296819787985865,1.0,,,2.0,5.0,1.0,2.0,,1.0,2.0,9.0,1.0,1.0,3.0,4.0,,,2.0,,2.0,3.0,,,,1.0,,5.0,1.0,2.0,1.0,2.0,,1.0,0.5,0.5,0.0454545454545454,,0.1,,,,,0.0967741935483871,,,,,1.0,1.0,0.0434782608695652,0.0869565217391304,1.0,1.0,,,,,,,0.2,,,,,,,,,,,,,1.0,,0.5,1.0,True,,,,,,,
1629631,1610612737,De'Andre Hunter,De'Andre Hunter,1629631,ATL,1664.0,28,-9.0,60,61,6.0,8.0,3.0,121,1.0,1.0,,,,1.0,2.0,2.0,3.0,,1.0,,,3.0,6.0,,,4.0,6.0,3.0,7.0,21.0,78,,,,,,,,6.0,2.0,9.0,,6.0,3.0,3.0,1.0,4.0,1.0,1.0,9.0,,1.0,,1.0,,1.0,,1.0,1.0,,1.0,1.0,2.0,,3.0,1.0,3.0,8.0,,,,,,6.0,0.75,0.75,1.0,0.4285714285714285,,0.4285714285714285,0.6666666666666666,,0.6538461538461539,,,0.75,,,0.5384615384615384,26.984126984126984,0.3333333333333333,,,0.125,0.0588235294117647,,,,,,,,0.0769230769230769,1.0,1.0,1.0,0.1538461538461538,0.5,1.0,1.0,0.2307692307692307,0.6666666666666666,0.6666666666666666,0.5,0.0769230769230769,,,,0.4615384615384615,0.5,0.5,1.0,,,,,,,,0.6153846153846154,0.5,0.5234076923076924,,,,,11.983333333333334,25.52857142857143,0.1,,,,,4.0,,,,,,,,1.0,,2.0,,,,1.0,,,,,,2.0,,4.0,2.0,3.0,,,1.0,,,,0.1666666666666666,,0.5,,,,,0.1666666666666666,,,,,,,0.2142857142857142,0.4285714285714285,,1.0,,,,,,,,,,,,,,,,,,,,,,,,True,,,,,,,
203992,1610612737,Bogdan Bogdanović,Bogdan Bogdanović,203992,ATL,2084.0,35,-8.0,76,77,31.0,23.0,9.0,153,1.0,3.0,,,1.0,1.0,2.0,1.0,2.0,2.0,4.0,1.0,2.0,1.0,4.0,1.0,3.0,3.0,7.0,3.0,8.0,19.0,92,1.0,1.0,2.0,3.0,2.0,5.0,12.0,6.0,,6.0,,4.0,1.0,,1.0,1.0,1.0,,3.0,1.0,2.0,1.0,4.0,1.0,5.0,1.0,2.0,2.0,,,,,,,2.0,3.0,5.0,1.0,1.0,1.0,1.0,12.0,31.0,1.0,1.0,0.6666666666666666,0.375,0.4,0.375,0.4285714285714285,1.0,0.5,0.3333333333333333,0.5,0.5588235294117647,0.3333333333333333,0.6,0.5333333333333333,19.76744186046512,,0.0666666666666666,0.05,0.1666666666666666,0.1111111111111111,0.024390243902439,,0.2,,0.5,0.1111111111111111,1.0,0.2,0.3333333333333333,0.3333333333333333,1.0,0.1333333333333333,0.5,0.5,1.0,0.1333333333333333,0.5,0.5,1.0,0.2666666666666666,0.5,0.5,1.0,0.2666666666666666,0.25,0.25,,,,0.125,0.25,0.5,0.375,0.3333333333333333,0.7333333333333333,0.25,0.5377766666666667,0.5492833333333333,0.49860625,0.1052631578947368,0.631578947368421,8.057142857142857,25.450000000000003,0.4078947368421052,,,2.0,,4.0,,2.0,,1.0,4.0,3.0,,,,,,,,,,,,,,1.0,,5.0,1.0,3.0,,,,,,0.3333333333333333,,,,,0.1111111111111111,,,0.1,,0.6666666666666666,,,,,0.1764705882352941,0.3333333333333333,1.0,,,,,,,,0.5,,,,,,,,,,,,,,,,,True,,,,,,,
1631230,1610612737,Dominick Barlow,Dominick Barlow,1631230,ATL,2595.0,43,6.0,94,95,47.0,41.0,3.0,189,2.0,2.0,,,1.0,1.0,5.0,,1.0,1.0,3.0,1.0,3.0,,,,,3.0,8.0,1.0,3.0,11.0,87,,,,2.0,1.0,3.0,6.0,4.0,2.0,3.0,,,,,1.0,1.0,,,3.0,,4.0,4.0,8.0,,8.0,,2.0,,2.0,,,,,,3.0,3.0,2.0,,,,,6.0,47.0,0.6666666666666666,0.6666666666666666,1.0,0.3333333333333333,0.3333333333333333,0.3333333333333333,0.375,,0.4090909090909091,,0.5,0.4230769230769231,,0.5,0.2727272727272727,13.402061855670103,,0.2105263157894736,,0.2,0.2051282051282051,,,0.25,0.2857142857142857,0.2857142857142857,,,0.1818181818181818,1.0,1.0,1.0,0.4545454545454545,0.2,0.2,,0.0909090909090909,,,,0.2727272727272727,0.3333333333333333,0.3333333333333333,1.0,,,,,,,0.2,0.6,0.3333333333333333,,,0.4545454545454545,,0.5039,,0.56764,,0.5454545454545454,8.6,23.666666666666668,0.5,1.0,,,,2.0,,,,1.0,1.0,,,,1.0,,,,,,,,,,,,,4.0,,2.0,,,,,,0.5,,,,,,,,0.1538461538461538,,,,,,1.0,0.1538461538461538,0.2,,,,,,,,,,,,,,,,,,,,,,,,,,True,,,,,,,
1631342,1610612737,Daeqwon Plowden,Daeqwon Plowden,1631342,ATL,510.0,8,12.0,21,21,4.0,7.0,1.0,42,1.0,1.0,,,,,,,,1.0,1.0,,,1.0,1.0,,,1.0,1.0,2.0,2.0,10.0,9,,,3.0,,,,,2.0,,6.0,,1.0,1.0,,,,,,,,,1.0,1.0,1.0,2.0,,,,,,,,,,1.0,1.0,1.0,,,,,,4.0,1.0,1.0,1.0,1.0,,1.0,1.0,,1.3333333333333333,1.5,,1.25,1.5,,0.6666666666666666,18.181818181818183,,0.2,,,0.0909090909090909,0.0909090909090909,,,,,,,0.3333333333333333,1.0,1.0,1.0,,,,,,,,,0.3333333333333333,1.0,1.0,1.0,0.3333333333333333,1.0,1.0,1.0,,,,,,,,1.0,1.0,0.5769000000000001,,,0.3,,2.5,24.8,0.1904761904761904,,1.0,1.0,,2.0,1.0,1.0,,,,,,,,,,1.0,,,,,,,,,,2.0,,1.0,,,,,1.0,,,,,0.2,,0.25,1.0,,,1.0,1.0,1.0,,,0.25,0.5,,,,,,,,,,,,,,,,,,,,,,,,,,True,,,,,,,
1641723,1610612737,Kobe Bufkin,Kobe Bufkin,1641723,ATL,646.0,11,-16.0,24,23,12.0,7.0,,47,1.0,1.0,,,1.0,1.0,1.0,,1.0,,1.0,,,,2.0,,1.0,2.0,3.0,,3.0,4.0,30,,,,2.0,,1.0,4.0,,4.0,,,2.0,,,,,,,,,1.0,1.0,3.0,,3.0,,,,,1.0,1.0,1.0,1.0,2.0,2.0,2.0,,,,,,4.0,12.0,,,,,,,0.6666666666666666,,0.3333333333333333,,0.6666666666666666,0.3333333333333333,,0.6666666666666666,0.5,33.333333333333336,0.5,0.1,,1.0,0.1818181818181818,,,,0.25,1.0,,,0.1666666666666666,1.0,1.0,,0.1666666666666666,1.0,1.0,,0.1666666666666666,,,,0.1666666666666666,,,,0.3333333333333333,,,,,,0.3333333333333333,,,0.3333333333333333,,0.6666666666666666,,0.49215,,0.4785166666666667,,1.0,7.566666666666666,24.666666666666668,0.5,1.0,,,,,,,,2.0,,,,,,,,,,,,2.0,,,,,,,,,,,,,,1.0,,,,,,,,,,,,,,1.0,,,1.0,,,,,,,,0.5,,,,,,,,,,,,,,,,,True,,,,,,,
1631243,1610612737,Mouhamed Gueye,Mouhamed Gueye,1631243,ATL,1027.0,17,1.0,37,37,14.0,22.0,1.0,74,1.0,1.0,,,1.0,,1.0,,,,,,,,2.0,,1.0,1.0,2.0,,2.0,2.0,30,,,,2.0,,1.0,2.0,2.0,,,,2.0,,1.0,,1.0,,1.0,2.0,,2.0,2.0,4.0,,4.0,,,,,1.0,1.0,,,1.0,,,,,,,,2.0,14.0,1.0,1.0,,,,,0.5,,0.25,,0.3333333333333333,0.25,,0.3333333333333333,0.5,13.157894736842104,1.0,0.25,,0.1818181818181818,0.2105263157894736,,,,,0.3333333333333333,,,0.25,1.0,1.0,1.0,0.25,,,,,,,,,,,,0.5,,,,,,0.3333333333333333,,,0.3333333333333333,,0.75,,0.524725,,0.5207833333333334,,1.0,3.9,25.45,0.3783783783783784,1.0,,,,,,,,1.0,,,,,,,,,,,,,,,,,,,,,,,,,,0.5,,,,,,,1.0,0.125,,,,,,1.0,,,,,,,,,,,,,,,,,,,,,,,,,,,,True,,,,,,,
1626204,1610612737,Larry Nance Jr.,Larry Nance Jr.,1626204,ATL,24827.0,414,-89.0,877,881,230.0,232.0,91.0,1758,27.0,41.0,5.0,6.0,14.0,8.0,23.0,2.0,4.0,10.0,22.0,1.0,4.0,17.0,43.0,2.0,8.0,37.0,68.0,27.0,65.0,164.0,1040,6.0,9.0,24.0,17.0,3.0,12.0,36.0,64.0,10.0,78.0,8.0,41.0,17.0,18.0,18.0,36.0,10.0,9.0,90.0,11.0,40.0,29.0,75.0,20.0,95.0,2.0,16.0,9.0,7.0,8.0,8.0,6.0,1.0,14.0,13.0,33.0,24.0,11.0,5.0,12.0,9.0,36.0,229.0,0.8648648648648649,0.9696969696969696,0.9629629629629628,0.4153846153846154,0.25,0.4285714285714285,0.5441176470588235,0.6666666666666666,0.5827067669172933,0.8571428571428571,0.5689655172413793,0.5899280575539568,0.8571428571428571,0.5806451612903226,0.4887218045112781,15.548780487804878,0.5714285714285714,0.1629213483146067,0.0555555555555555,0.1895734597156398,0.1773778920308483,0.0470588235294117,0.0654205607476635,0.1612903225806451,0.1494252873563218,0.2083333333333333,0.0327868852459016,0.75,0.3082706766917293,0.6585365853658537,0.7105263157894737,0.8148148148148148,0.1729323308270676,0.3478260869565217,0.3636363636363636,1.0,0.0300751879699248,0.5,0.6666666666666666,1.0,0.1654135338345864,0.4545454545454545,0.4545454545454545,1.0,0.3233082706766917,0.3953488372093023,0.4047619047619047,0.9411764705882352,0.4285714285714285,0.8333333333333334,0.4827586206896552,0.1379310344827586,0.25,0.2758620689655172,0.25,0.7969924812030075,0.4146341463414634,0.5593851145038167,0.566935,0.5800981481481482,0.1463414634146341,0.2195121951219512,4.58970588235294,26.103076923076923,0.2622576966932725,11.0,1.0,2.0,3.0,9.0,4.0,5.0,,12.0,3.0,3.0,2.0,5.0,8.0,9.0,,9.0,3.0,,,2.0,,,5.0,,,13.0,1.0,5.0,2.0,6.0,3.0,2.0,0.8,0.7058823529411765,0.0735294117647058,0.073170731707317,0.0434782608695652,0.039647577092511,0.0579710144927536,0.0368098159509202,0.2068965517241379,0.1840490797546012,0.2,0.1428571428571428,0.5,1.0,0.2142857142857142,0.7857142857142857,0.0364963503649635,0.0694444444444444,6.0,,2.0,7.0,,,1.0,1.0,0.3333333333333333,,3.0,3.0,,0.046875,1.0,,,0.0153846153846153,,,1.0,3.0,,1.0,0.6666666666666666,False,0.25,0.0232558139534883,,,,,
1627747,1610612737,Caris LeVert,Caris LeVert,1627747,ATL,23408.0,390,-1.0,828,823,249.0,331.0,108.0,1651,42.0,56.0,4.0,8.0,10.0,15.0,30.0,1.0,7.0,11.0,22.0,6.0,9.0,18.0,56.0,3.0,10.0,58.0,93.0,29.0,78.0,229.0,1000,5.0,10.0,15.0,17.0,9.0,19.0,56.0,82.0,34.0,69.0,,56.0,18.0,20.0,15.0,35.0,9.0,11.0,85.0,5.0,18.0,26.0,45.0,9.0,54.0,4.0,14.0,8.0,6.0,8.0,7.0,3.0,,11.0,14.0,28.0,24.0,7.0,2.0,8.0,4.0,56.0,242.0,0.7068965517241379,0.7068965517241379,0.7931034482758621,0.3717948717948718,0.4736842105263157,0.3717948717948718,0.6236559139784946,0.5,0.5935672514619883,0.4333333333333333,0.6527777777777778,0.6189189189189189,0.4411764705882353,0.6829268292682927,0.4561403508771929,20.545073375262056,0.7272727272727273,0.1444444444444444,0.025,0.1058823529411764,0.1257142857142857,0.0231958762886597,0.0185185185185185,0.1147540983606557,0.1685393258426966,0.0909090909090909,0.05,0.5,0.327485380116959,0.75,0.7924528301886793,0.7857142857142857,0.175438596491228,0.5,0.5,0.5333333333333333,0.0409356725146198,0.1428571428571428,0.1428571428571428,,0.1286549707602339,0.5,0.5,0.9090909090909092,0.327485380116959,0.3214285714285714,0.3272727272727272,0.7222222222222222,0.5333333333333333,0.5,0.2777777777777778,0.25,0.6666666666666666,0.2777777777777778,0.3,0.783625730994152,0.3214285714285714,0.5957540935672515,0.6333772727272728,0.5889763888888887,0.0655021834061135,0.2445414847161572,4.744086021505376,24.8,0.3007246376811594,8.0,,1.0,4.0,26.0,1.0,5.0,2.0,10.0,9.0,18.0,,3.0,6.0,8.0,1.0,4.0,,,1.0,4.0,,,,2.0,,34.0,4.0,16.0,1.0,5.0,3.0,1.0,0.2,0.5882352941176471,0.032258064516129,0.0535714285714285,,0.0212765957446808,0.04,0.0218978102189781,0.1333333333333333,0.1111111111111111,0.75,0.0666666666666666,,,0.2666666666666666,0.8,0.0978260869565217,0.1523809523809524,1.0,2.0,,,,2.0,1.0,1.0,0.0476190476190476,0.0253164556962025,,2.0,,0.0196078431372549,1.0,,,0.0128205128205128,,,,1.0,1.0,0.25,1.0,False,,0.0178571428571428,,,,,
1627777,1610612737,Georges Niang,Georges Niang,1627777,ATL,24649.0,411,-8.0,865,872,217.0,308.0,95.0,1737,13.0,21.0,2.0,6.0,6.0,16.0,36.0,,3.0,11.0,29.0,2.0,5.0,30.0,77.0,8.0,20.0,29.0,60.0,41.0,106.0,198.0,1045,3.0,10.0,16.0,13.0,10.0,25.0,46.0,46.0,12.0,120.0,2.0,77.0,30.0,18.0,11.0,29.0,6.0,11.0,69.0,8.0,30.0,20.0,52.0,11.0,63.0,4.0,7.0,5.0,2.0,7.0,5.0,7.0,2.0,14.0,21.0,40.0,20.0,6.0,2.0,6.0,2.0,45.0,211.0,0.7931034482758621,0.8214285714285714,0.975609756097561,0.3867924528301887,0.4,0.3867924528301887,0.4833333333333333,0.3,0.5451807228915663,0.46875,0.5,0.5657142857142857,0.5,0.5348837209302325,0.6385542168674698,19.364754098360656,0.5,0.1081081081081081,0.0388349514563106,0.1530612244897959,0.1312335958005249,0.0281329923273657,0.0530973451327433,0.0869565217391304,0.1111111111111111,0.1320754716981132,0.0434782608695652,0.3333333333333333,0.1265060240963855,0.6190476190476191,0.65,0.7692307692307693,0.216867469879518,0.4444444444444444,0.4444444444444444,0.8125,0.0180722891566265,,,,0.1746987951807229,0.3793103448275862,0.3928571428571428,1.0,0.463855421686747,0.3896103896103896,0.3896103896103896,0.9666666666666668,0.375,0.3333333333333333,0.1578947368421052,0.131578947368421,0.4,0.5263157894736842,0.4,0.7650602409638554,0.3896103896103896,0.538089156626506,0.4955961538461538,0.5450947368421053,0.0808080808080808,0.2323232323232323,6.051666666666666,24.927358490566043,0.2508670520231214,2.0,,1.0,5.0,17.0,3.0,6.0,1.0,4.0,8.0,3.0,,1.0,5.0,7.0,,3.0,3.0,1.0,2.0,2.0,,,2.0,1.0,,21.0,3.0,8.0,4.0,4.0,2.0,3.0,0.5,0.3076923076923077,0.0166666666666666,0.0476190476190476,,0.0162162162162162,0.0135135135135135,0.0141843971631205,0.1538461538461538,0.1608391608391608,,0.0625,,,0.3125,0.3333333333333333,0.0467836257309941,0.123076923076923,2.0,1.0,,,,,,,0.1,,3.0,5.0,0.0526315789473684,0.0227272727272727,1.0,,,0.0094339622641509,0.0344827586206896,,,3.0,,0.6,1.0,False,,,,,,,
1629027,1610612737,Trae Young,Trae Young,1629027,ATL,127793.0,2130,90.0,4604,4589,1103.0,1122.0,558.0,9193,94.0,174.0,8.0,11.0,46.0,146.0,329.0,33.0,78.0,16.0,44.0,5.0,9.0,153.0,461.0,43.0,122.0,273.0,581.0,169.0,505.0,1435.0,5278,20.0,36.0,123.0,138.0,48.0,131.0,443.0,162.0,384.0,153.0,6.0,452.0,152.0,465.0,206.0,671.0,129.0,333.0,1548.0,16.0,106.0,56.0,164.0,26.0,190.0,10.0,67.0,41.0,26.0,215.0,176.0,75.0,11.0,290.0,50.0,113.0,338.0,6.0,2.0,10.0,6.0,414.0,1078.0,0.2967032967032967,0.3,0.301775147928994,0.3346534653465347,0.366412213740458,0.3380281690140845,0.4698795180722891,0.5555555555555556,0.4848066298342541,0.5379746835443038,0.5130111524163569,0.5540328895849648,0.625,0.6114206128133705,0.4650092081031307,29.695817490494296,0.7413793103448276,0.0545808966861598,0.0147465437788018,0.1050545094152626,0.0796068796068796,0.0119388729703915,0.0125223613595706,0.0541871921182266,0.0465116279069767,0.0818505338078291,0.0174825174825174,0.6,0.1602209944751381,0.5402298850574713,0.5949367088607594,0.351063829787234,0.3029465930018416,0.4437689969604863,0.4866666666666667,0.273972602739726,0.0718232044198895,0.4230769230769231,0.4342105263157895,0.2424242424242424,0.0405156537753222,0.3636363636363636,0.3720930232558139,0.8125,0.4244935543278085,0.3318872017353579,0.3355263157894737,0.2483660130718954,0.1392405063291139,0.7272727272727273,0.1710037174721189,0.0334572490706319,0.5555555555555556,0.4535315985130111,0.3524590163934426,0.6252302025782689,0.336283185840708,0.5130643527204501,0.50295,0.4942206563706564,0.0857142857142857,0.3087108013937282,7.952839931153181,27.721386138613852,0.2395742832319722,32.0,8.0,14.0,29.0,382.0,15.0,43.0,38.0,66.0,167.0,354.0,8.0,47.0,77.0,115.0,17.0,9.0,42.0,11.0,39.0,64.0,1.0,1.0,4.0,19.0,1.0,440.0,24.0,122.0,77.0,4.0,14.0,54.0,0.3488372093023256,0.4782608695652174,0.0808950086058519,0.0919540229885057,0.0881458966565349,0.0089197224975222,0.0112612612612612,0.0094466936572199,0.0816326530612244,0.114010989010989,0.375,0.1772151898734177,0.5714285714285714,1.0,0.3670886075949367,0.6956521739130435,0.1158333333333333,0.1796759941089838,2.0,,6.0,5.0,20.0,17.0,4.0,3.0,0.0202020202020202,0.0326295585412667,17.0,4.0,0.048780487804878,0.0074626865671641,6.0,1.0,,0.0118811881188118,0.0227272727272727,0.0078740157480314,,7.0,1.0,0.2413793103448276,0.5714285714285714,False,0.0256410256410256,0.0108459869848156,1.0,1.0,,,
1629611,1610612737,Terance Mann,Terance Mann,1629611,ATL,23515.0,392,-70.0,808,818,148.0,202.0,106.0,1626,24.0,31.0,4.0,7.0,6.0,18.0,31.0,3.0,8.0,13.0,29.0,1.0,1.0,8.0,23.0,,3.0,45.0,70.0,21.0,52.0,167.0,1000,5.0,10.0,22.0,11.0,1.0,4.0,20.0,42.0,48.0,57.0,8.0,23.0,8.0,26.0,16.0,42.0,7.0,12.0,100.0,12.0,15.0,13.0,30.0,21.0,51.0,,6.0,5.0,1.0,12.0,9.0,2.0,,14.0,15.0,34.0,18.0,4.0,1.0,4.0,2.0,20.0,145.0,0.4666666666666667,0.5121951219512195,0.9047619047619048,0.4038461538461538,0.25,0.4038461538461538,0.6428571428571429,0.5,0.6270491803278688,0.7307692307692307,0.5666666666666667,0.6325757575757576,0.6875,0.5882352941176471,0.4262295081967213,15.732758620689657,0.8571428571428571,0.0710382513661202,0.0615384615384615,0.0837988826815642,0.0773480662983425,0.0541237113402061,0.081081081081081,0.0895522388059701,0.0549450549450549,0.074074074074074,,0.5,0.2540983606557377,0.7741935483870968,0.8888888888888888,0.5416666666666666,0.2540983606557377,0.5806451612903226,0.6428571428571429,0.4444444444444444,0.0655737704918032,0.375,0.375,,0.2377049180327868,0.4482758620689655,0.4642857142857143,0.9230769230769232,0.1885245901639344,0.3478260869565217,0.3478260869565217,0.875,0.5384615384615384,0.5714285714285714,0.4,0.0666666666666666,1.0,0.2,,0.680327868852459,0.3478260869565217,0.5386172131147541,0.5435333333333334,0.52907,0.1317365269461078,0.1197604790419161,6.302857142857143,24.20192307692308,0.1831683168316831,5.0,1.0,1.0,2.0,14.0,3.0,3.0,3.0,7.0,3.0,6.0,,7.0,9.0,12.0,2.0,9.0,2.0,,3.0,1.0,,,2.0,1.0,,24.0,3.0,10.0,2.0,3.0,3.0,2.0,1.0,0.6363636363636364,0.1,0.1290322580645161,0.0967741935483871,0.0466321243523316,0.0483870967741935,0.0291970802919708,0.08,0.088,,0.0769230769230769,1.0,1.0,0.1538461538461538,0.8333333333333334,0.0846153846153846,0.1298701298701298,2.0,,,,,1.0,,,0.1428571428571428,0.0188679245283018,1.0,4.0,,0.0892857142857142,1.0,,,0.0192307692307692,0.0344827586206896,,,2.0,,1.0,1.0,False,,,,,1.0,,
1630700,1610612737,Dyson Daniels,Dyson Daniels,1630700,ATL,123400.0,2057,-54.0,4388,4404,896.0,946.0,553.0,8792,170.0,261.0,33.0,57.0,63.0,129.0,285.0,2.0,10.0,21.0,47.0,6.0,8.0,44.0,135.0,5.0,25.0,301.0,556.0,65.0,182.0,869.0,5120,43.0,83.0,103.0,108.0,11.0,33.0,167.0,306.0,296.0,180.0,52.0,130.0,44.0,157.0,98.0,255.0,55.0,91.0,608.0,52.0,121.0,110.0,247.0,98.0,345.0,20.0,183.0,100.0,83.0,78.0,55.0,40.0,3.0,118.0,75.0,151.0,116.0,39.0,17.0,42.0,18.0,165.0,872.0,0.5083056478405316,0.5563636363636364,0.9230769230769232,0.3571428571428571,0.3333333333333333,0.3672316384180791,0.5413669064748201,0.5180722891566265,0.5399728997289973,0.4702970297029702,0.5283687943262412,0.5493046776232617,0.4813084112149532,0.5493421052631579,0.2466124661246612,18.050039714058776,0.6610169491525424,0.1155462184873949,0.0473588342440801,0.1287234042553191,0.1220930232558139,0.0460333006856023,0.0446735395189003,0.0968586387434555,0.1258907363420427,0.12,0.0619195046439628,0.4285714285714285,0.3536585365853658,0.6513409961685823,0.6995884773662552,0.4588235294117647,0.3861788617886179,0.4526315789473684,0.4831460674157303,0.5736434108527132,0.013550135501355,0.2,0.2,0.5,0.0636856368563685,0.4468085106382978,0.4565217391304347,1.0,0.1829268292682926,0.3259259259259259,0.3308270676691729,0.8863636363636364,0.5643564356435643,0.5789473684210527,0.4468085106382978,0.0567375886524822,0.75,0.1773049645390071,0.2,0.6002710027100271,0.3384615384615385,0.5555759890859483,0.5626507692307693,0.5673569343065692,0.1185270425776754,0.192174913693901,5.051798561151079,26.153296703296697,0.2041932543299909,37.0,,2.0,16.0,72.0,3.0,18.0,8.0,58.0,18.0,15.0,5.0,36.0,43.0,58.0,8.0,42.0,14.0,10.0,23.0,21.0,3.0,,8.0,12.0,1.0,122.0,14.0,62.0,5.0,20.0,9.0,4.0,0.1666666666666666,0.5370370370370371,0.0647482014388489,0.0689655172413793,0.0631578947368421,0.0444915254237288,0.0505747126436781,0.035919540229885,0.1342281879194631,0.1318840579710145,0.2121212121212121,0.0198019801980198,,,0.1584158415841584,0.5873015873015873,0.0788804071246819,0.1026490066225165,16.0,3.0,4.0,,,,3.0,2.0,0.1839080459770115,,10.0,3.0,0.0493827160493827,0.0685483870967741,3.0,4.0,2.0,0.0164835164835164,0.0212765957446808,0.0344827586206896,2.0,3.0,,0.1875,1.0,False,,0.0148148148148148,,1.0,,1.0,
1630249,1610612737,Vít Krejčí,Vít Krejčí,1630249,ATL,49356.0,823,-47.0,1721,1723,403.0,401.0,196.0,3444,23.0,34.0,7.0,9.0,7.0,13.0,26.0,3.0,5.0,14.0,33.0,2.0,9.0,45.0,114.0,5.0,16.0,39.0,65.0,59.0,147.0,274.0,1948,7.0,10.0,24.0,15.0,7.0,25.0,41.0,46.0,32.0,162.0,6.0,114.0,45.0,64.0,36.0,100.0,23.0,39.0,236.0,9.0,44.0,44.0,92.0,15.0,107.0,1.0,29.0,15.0,14.0,19.0,16.0,15.0,1.0,34.0,35.0,78.0,30.0,21.0,8.0,22.0,13.0,41.0,398.0,0.5897435897435898,0.6388888888888888,0.9152542372881356,0.4013605442176871,0.28,0.4013605442176871,0.6,0.7,0.6014150943396226,0.575,0.4375,0.6061946902654868,0.5454545454545454,0.4659090909090909,0.6933962264150944,13.34363730036064,0.5588235294117647,0.1102756892230576,0.0238095238095238,0.1154855643044619,0.1128205128205128,0.0185873605947955,0.0348258706467661,0.1118881118881118,0.1099476439790576,0.1160714285714285,0.0095238095238095,0.5909090909090909,0.160377358490566,0.6764705882352942,0.7931034482758621,0.6956521739130435,0.1226415094339622,0.5,0.5416666666666666,0.3846153846153846,0.0235849056603773,0.6,0.6,0.6666666666666666,0.1556603773584905,0.4242424242424242,0.4242424242424242,1.0,0.5377358490566038,0.3947368421052631,0.3947368421052631,0.8888888888888888,0.45,0.7777777777777778,0.175,0.225,0.2222222222222222,0.4,0.3125,0.8537735849056604,0.3947368421052631,0.5617247641509435,0.6610590909090909,0.5568525,0.0875912408759124,0.1496350364963503,4.8523076923076935,25.534693877551028,0.2341661824520627,5.0,,1.0,9.0,19.0,3.0,10.0,1.0,7.0,6.0,15.0,,7.0,13.0,22.0,3.0,6.0,6.0,6.0,3.0,8.0,,,1.0,3.0,,30.0,2.0,14.0,1.0,12.0,4.0,,0.3,0.4666666666666667,0.1076923076923077,0.1470588235294117,0.0769230769230769,0.0139860139860139,0.0071942446043165,0.0152905198776758,0.1076923076923077,0.1152416356877323,0.5714285714285714,0.05,,,0.45,0.7142857142857143,0.0666666666666666,0.1818181818181818,4.0,1.0,,1.0,,1.0,1.0,1.0,0.1052631578947368,0.0067567567567567,1.0,3.0,0.0263157894736842,0.0098039215686274,,,1.0,,,,,3.0,,0.3333333333333333,1.0,False,,,,,,,
1642258,1610612737,Zaccharie Risacher,Zaccharie Risacher,1642258,ATL,81914.0,1365,-63.0,2909,2913,323.0,311.0,364.0,5822,112.0,186.0,24.0,43.0,27.0,45.0,110.0,6.0,17.0,47.0,104.0,4.0,11.0,43.0,143.0,5.0,14.0,163.0,313.0,90.0,247.0,675.0,3411,27.0,51.0,86.0,38.0,9.0,25.0,78.0,244.0,82.0,261.0,30.0,143.0,43.0,33.0,36.0,69.0,21.0,16.0,174.0,42.0,65.0,72.0,143.0,68.0,211.0,12.0,41.0,26.0,15.0,37.0,15.0,29.0,7.0,66.0,66.0,103.0,79.0,29.0,10.0,29.0,11.0,76.0,318.0,0.7484662576687117,0.8243243243243243,0.9666666666666668,0.3643724696356275,0.36,0.3643724696356275,0.5207667731629393,0.5294117647058824,0.5321428571428571,0.5342465753424658,0.5476190476190477,0.5542763157894737,0.5512820512820513,0.5652173913043478,0.4410714285714285,20.13142174432497,0.5606060606060606,0.1082706766917293,0.0553359683794466,0.1038338658146964,0.1061192873741285,0.0494186046511627,0.0483091787439613,0.1075697211155378,0.1,0.1097560975609756,0.0454545454545454,0.3793103448275862,0.3321428571428571,0.6021505376344086,0.6871165644171779,0.75,0.1964285714285714,0.4090909090909091,0.4639175257731959,0.7333333333333333,0.0303571428571428,0.3529411764705882,0.3529411764705882,0.8333333333333334,0.1857142857142857,0.4519230769230769,0.4607843137254901,1.0,0.2553571428571428,0.3006993006993007,0.3049645390070922,0.9302325581395348,0.589041095890411,0.5581395348837209,0.4285714285714285,0.1746031746031746,0.3636363636363636,0.2222222222222222,0.3571428571428571,0.7732142857142857,0.3006993006993007,0.579988392857143,0.6002708333333332,0.5907595238095238,0.1274074074074074,0.1155555555555555,4.652396166134185,24.78016194331984,0.1110347198349948,15.0,5.0,11.0,11.0,79.0,8.0,22.0,8.0,21.0,9.0,9.0,,36.0,15.0,17.0,,26.0,8.0,4.0,22.0,5.0,2.0,,6.0,6.0,,111.0,9.0,49.0,5.0,18.0,2.0,4.0,0.3636363636363636,0.5526315789473685,0.1150159744408945,0.1236559139784946,0.1181818181818181,0.0421393841166936,0.0738255033557047,0.0443458980044345,0.1346153846153846,0.1017316017316017,0.25,0.1506849315068493,0.4545454545454545,1.0,0.1506849315068493,0.5555555555555556,0.0862354892205638,0.1388101983002833,6.0,3.0,3.0,,1.0,3.0,,,0.1395348837209302,0.012,5.0,2.0,,0.036144578313253,4.0,,1.0,0.0161943319838056,0.0192307692307692,,,3.0,,0.2727272727272727,1.0,False,,0.0139860139860139,,,1.0,2.0,
1631243,1610612737,Mouhamed Gueye,Mouhamed Gueye,1631243,ATL,19563.0,326,8.0,682,683,48.0,64.0,83.0,1365,22.0,32.0,5.0,8.0,1.0,9.0,19.0,1.0,2.0,9.0,37.0,,1.0,6.0,21.0,,2.0,32.0,53.0,15.0,58.0,125.0,757,5.0,10.0,20.0,2.0,,3.0,2.0,52.0,12.0,45.0,4.0,21.0,6.0,8.0,7.0,15.0,4.0,3.0,37.0,6.0,28.0,17.0,47.0,18.0,65.0,1.0,21.0,10.0,11.0,2.0,1.0,6.0,1.0,8.0,20.0,34.0,13.0,22.0,8.0,24.0,17.0,2.0,46.0,0.8125,0.8666666666666667,1.0,0.2586206896551724,,0.2586206896551724,0.6037735849056604,0.5,0.4909909909909909,0.4642857142857143,0.2,0.5208333333333334,0.5555555555555556,0.2,0.5225225225225225,16.494845360824744,0.25,0.1096774193548387,0.036144578313253,0.1917808219178082,0.1495016611295681,0.0518292682926829,0.0113636363636363,0.0566037735849056,0.1125,0.2051282051282051,0.0169491525423728,0.7083333333333334,0.2882882882882883,0.6875,0.7333333333333333,0.7727272727272727,0.1711711711711711,0.4736842105263157,0.5625,0.8888888888888888,0.018018018018018,0.5,0.5,1.0,0.3333333333333333,0.2432432432432432,0.2432432432432432,1.0,0.1891891891891892,0.2857142857142857,0.2857142857142857,1.0,0.5714285714285714,0.625,0.2,0.2,,0.4,,0.8108108108108109,0.2857142857142857,0.5902612612612612,0.6311,0.5516099999999999,0.16,0.016,4.09433962264151,24.08620689655173,0.0703812316715542,1.0,,3.0,1.0,16.0,1.0,4.0,7.0,1.0,,,,5.0,3.0,5.0,,11.0,1.0,3.0,1.0,1.0,,,2.0,,,21.0,1.0,10.0,,14.0,1.0,,0.25,0.5,0.0943396226415094,0.0625,0.1578947368421052,0.0679012345679012,0.0793650793650793,0.0833333333333333,0.2272727272727272,0.1869158878504672,0.6,0.2142857142857142,,,0.0714285714285714,1.0,0.0833333333333333,0.1612903225806451,2.0,1.0,,,,,2.0,2.0,0.1538461538461538,,2.0,4.0,,0.037037037037037,,1.0,,,,0.0666666666666666,,1.0,,1.0,1.0,False,,,,,4.0,,
1629631,1610612737,De'Andre Hunter,De'Andre Hunter,1629631,ATL,62154.0,1036,-50.0,2233,2242,846.0,804.0,261.0,4475,55.0,87.0,4.0,10.0,36.0,51.0,114.0,20.0,38.0,27.0,69.0,10.0,25.0,67.0,171.0,21.0,53.0,126.0,239.0,94.0,240.0,681.0,2605,12.0,24.0,58.0,84.0,31.0,78.0,273.0,172.0,80.0,264.0,8.0,170.0,67.0,31.0,22.0,53.0,16.0,18.0,128.0,13.0,70.0,40.0,117.0,27.0,144.0,1.0,30.0,21.0,9.0,31.0,11.0,25.0,3.0,56.0,40.0,85.0,144.0,3.0,3.0,5.0,2.0,271.0,832.0,0.6825396825396826,0.7049180327868853,0.9361702127659576,0.3916666666666666,0.3974358974358974,0.3933054393305439,0.5271966527196653,0.5,0.55741127348643,0.5714285714285714,0.5833333333333334,0.6106115107913669,0.6063829787234043,0.6476190476190476,0.5010438413361169,24.21844083893945,0.5535714285714286,0.0854700854700854,0.0260521042084168,0.1380670611439842,0.1128205128205128,0.0257680872150644,0.0116731517509727,0.0707070707070707,0.0821256038647343,0.1549295774647887,0.0044052863436123,0.4,0.1816283924843423,0.632183908045977,0.7746478873239436,0.7818181818181819,0.2379958246346555,0.4473684210526316,0.4903846153846153,0.5882352941176471,0.0793319415448851,0.5263157894736842,0.5263157894736842,0.65,0.1440501043841336,0.391304347826087,0.3970588235294117,1.0,0.3569937369519833,0.391812865497076,0.391812865497076,0.9104477611940298,0.238095238095238,0.4,0.2222222222222222,0.1543209876543209,0.4,0.3271604938271605,0.3962264150943396,0.6826722338204593,0.3941176470588235,0.5378586820083682,0.5147462962962963,0.5413105590062111,0.0851688693098384,0.4008810572687225,7.390376569037659,25.13166666666667,0.3788625167935512,23.0,2.0,5.0,13.0,147.0,8.0,18.0,10.0,48.0,84.0,18.0,1.0,26.0,6.0,12.0,1.0,13.0,10.0,5.0,20.0,15.0,1.0,,9.0,9.0,,172.0,11.0,55.0,30.0,,15.0,29.0,0.4444444444444444,0.5714285714285714,0.1087866108786611,0.1839080459770115,0.087719298245614,0.0254901960784313,0.0364583333333333,0.0238095238095238,0.1428571428571428,0.1315068493150684,0.5,0.119047619047619,0.4,1.0,0.3095238095238095,0.6388888888888888,0.1140684410646387,0.1943462897526501,7.0,4.0,2.0,,2.0,5.0,2.0,1.0,0.1320754716981132,0.0205761316872428,4.0,5.0,0.06,0.0303030303030303,1.0,1.0,,0.0041666666666666,0.0144927536231884,0.0161290322580645,,6.0,2.0,0.4615384615384615,1.0,False,,,,1.0,,,
1629726,1610612737,Garrison Mathews,Garrison Mathews,1629726,ATL,36719.0,612,-29.0,1312,1305,376.0,373.0,155.0,2617,5.0,10.0,,1.0,2.0,5.0,14.0,2.0,5.0,29.0,53.0,10.0,12.0,28.0,107.0,6.0,26.0,12.0,29.0,57.0,160.0,249.0,1494,1.0,3.0,12.0,4.0,16.0,38.0,72.0,20.0,4.0,165.0,,107.0,28.0,31.0,12.0,43.0,9.0,16.0,98.0,2.0,35.0,21.0,59.0,12.0,71.0,3.0,22.0,17.0,5.0,10.0,7.0,10.0,2.0,20.0,32.0,58.0,52.0,6.0,2.0,11.0,4.0,72.0,373.0,0.8333333333333334,0.8333333333333334,0.9649122807017544,0.35625,0.4210526315789473,0.35625,0.4137931034482758,0.3333333333333333,0.5158730158730159,0.3333333333333333,0.6190476190476191,0.5767441860465117,0.4285714285714285,0.7058823529411765,0.8465608465608465,15.746971736204577,0.5,0.0695364238410596,0.0072202166064981,0.1121794871794871,0.0912052117263843,0.0196078431372549,0.0072463768115942,0.056910569105691,0.0536912751677852,0.1,0.0263157894736842,0.3636363636363636,0.0529100529100529,0.5,0.5555555555555556,0.8,0.074074074074074,0.3571428571428571,0.3846153846153846,0.8,0.0264550264550264,0.4,0.4,1.0,0.2804232804232804,0.5471698113207547,0.5471698113207547,1.0,0.5661375661375662,0.2616822429906542,0.2641509433962264,0.9285714285714286,0.0833333333333333,,0.0476190476190476,0.2857142857142857,0.8333333333333334,0.6190476190476191,0.2307692307692307,0.8994708994708994,0.2616822429906542,0.5544650793650792,0.549825,0.5514249999999999,0.0481927710843373,0.2891566265060241,7.127586206896551,24.96250000000001,0.2865853658536585,2.0,1.0,4.0,5.0,54.0,2.0,9.0,4.0,2.0,20.0,6.0,,2.0,3.0,15.0,,10.0,4.0,1.0,3.0,7.0,,,1.0,5.0,,66.0,2.0,18.0,3.0,4.0,7.0,2.0,0.2222222222222222,0.5,0.0689655172413793,0.1,0.0714285714285714,0.0298507462686567,,0.0278884462151394,0.2,0.1163793103448275,,0.3333333333333333,0.25,1.0,0.4166666666666667,1.0,0.1279620853080568,0.4,3.0,2.0,1.0,8.0,3.0,10.0,5.0,3.0,0.12,0.0542168674698795,1.0,2.0,0.0384615384615384,0.0357142857142857,1.0,,,0.00625,,,,1.0,3.0,0.2,,False,,0.0093457943925233,,2.0,,,
1630552,1610612737,Jalen Johnson,Jalen Johnson,1630552,ATL,71361.0,1189,61.0,2586,2581,677.0,604.0,306.0,5167,147.0,205.0,27.0,41.0,54.0,50.0,140.0,7.0,18.0,12.0,41.0,4.0,15.0,29.0,87.0,7.0,20.0,204.0,363.0,41.0,128.0,613.0,2900,29.0,52.0,86.0,85.0,11.0,35.0,168.0,266.0,142.0,117.0,38.0,85.0,29.0,105.0,55.0,160.0,27.0,75.0,375.0,30.0,124.0,128.0,272.0,55.0,327.0,11.0,50.0,40.0,10.0,56.0,46.0,37.0,8.0,93.0,33.0,63.0,86.0,32.0,11.0,35.0,19.0,165.0,660.0,0.6519607843137255,0.7189189189189189,0.951219512195122,0.3203125,0.3142857142857143,0.3253968253968254,0.5619834710743802,0.5576923076923077,0.5407331975560081,0.5808823529411765,0.5958333333333333,0.5707635009310987,0.6056338028169014,0.6222222222222222,0.2606924643584521,21.33423636979343,0.6021505376344086,0.2176870748299319,0.046875,0.2080536912751678,0.2128378378378378,0.0472914875322441,0.050632911392405,0.1975806451612903,0.21875,0.1604938271604938,0.0528846153846153,0.5428571428571428,0.4175152749490835,0.7170731707317073,0.7696335078534031,0.6598639455782312,0.285132382892057,0.3571428571428571,0.4098360655737705,0.6,0.0366598778004073,0.3888888888888889,0.3888888888888889,0.8571428571428571,0.0835030549898167,0.2926829268292683,0.3,1.0,0.1771894093686354,0.3333333333333333,0.3333333333333333,0.9310344827586208,0.6029411764705882,0.6585365853658537,0.45,0.125,0.2666666666666666,0.1666666666666666,0.35,0.6782077393075356,0.3411764705882353,0.5780130879345606,0.595936046511628,0.5957716101694914,0.1402936378466558,0.2740619902120718,4.7165289256198335,25.3484375,0.2617942768754833,43.0,3.0,7.0,9.0,82.0,7.0,16.0,7.0,55.0,25.0,6.0,2.0,32.0,28.0,27.0,3.0,25.0,15.0,4.0,10.0,22.0,4.0,,5.0,5.0,,109.0,17.0,56.0,7.0,21.0,2.0,5.0,0.4375,0.6470588235294118,0.0881542699724518,0.0682926829268292,0.1285714285714285,0.0478011472275334,0.0474452554744525,0.048,0.2738095238095238,0.2258064516129032,0.2592592592592592,0.1029411764705882,0.4285714285714285,1.0,0.1323529411764706,0.7962962962962963,0.1056603773584905,0.1393034825870646,20.0,,6.0,,,,3.0,1.0,0.392156862745098,,5.0,2.0,0.02,0.0472972972972973,1.0,,,0.0078125,0.024390243902439,,2.0,4.0,,0.4444444444444444,1.0,False,,,,2.0,1.0,,
1630811,1610612737,Keaton Wallace,Keaton Wallace,1630811,ATL,19192.0,320,-20.0,662,668,158.0,179.0,86.0,1330,6.0,11.0,,,3.0,12.0,23.0,1.0,9.0,2.0,7.0,,,12.0,43.0,3.0,7.0,19.0,43.0,14.0,50.0,86.0,764,,1.0,12.0,11.0,3.0,7.0,17.0,14.0,24.0,36.0,,43.0,12.0,19.0,26.0,45.0,21.0,6.0,116.0,3.0,9.0,10.0,19.0,6.0,25.0,2.0,13.0,8.0,5.0,11.0,9.0,9.0,1.0,20.0,17.0,30.0,7.0,5.0,2.0,5.0,2.0,17.0,157.0,0.3684210526315789,0.3684210526315789,0.8571428571428571,0.28,0.4285714285714285,0.28,0.4418604651162791,,0.4301075268817204,0.5454545454545454,0.4722222222222222,0.4479166666666667,0.5454545454545454,0.4722222222222222,0.5376344086021505,15.263157894736842,0.55,0.064516129032258,0.0198675496688741,0.0538922155688622,0.0590062111801242,0.0189873417721519,0.0259740259740259,0.0714285714285714,0.0649350649350649,0.0789473684210526,0.0357142857142857,0.4,0.1182795698924731,0.5454545454545454,0.5454545454545454,0.6666666666666666,0.2473118279569892,0.5217391304347826,0.5454545454545454,0.25,0.0967741935483871,0.1111111111111111,0.1111111111111111,,0.075268817204301,0.2857142857142857,0.2857142857142857,1.0,0.4623655913978494,0.2790697674418604,0.2790697674418604,0.8333333333333334,,,0.1666666666666666,,,0.3888888888888889,0.4285714285714285,0.6559139784946236,0.2790697674418604,0.5222489247311827,0.5597500000000001,0.4884166666666666,0.1395348837209302,0.1976744186046511,9.02093023255814,25.762,0.2386706948640483,2.0,,1.0,9.0,6.0,4.0,10.0,,4.0,,6.0,,1.0,5.0,12.0,1.0,3.0,5.0,2.0,2.0,5.0,,,1.0,1.0,,6.0,,3.0,,3.0,3.0,,0.4,0.3636363636363636,0.0232558139534883,,0.0434782608695652,0.0181818181818181,,0.0236220472440944,0.0454545454545454,0.0465116279069767,,0.0909090909090909,,,0.8181818181818182,0.6666666666666666,0.03125,0.0652173913043478,,,,,,,,,,,2.0,1.0,0.0555555555555555,,,,,,,,,4.0,,0.4444444444444444,0.5,False,,,,,,,
1630168,1610612737,Onyeka Okongwu,Onyeka Okongwu,1630168,ATL,90508.0,1508,52.0,3228,3228,901.0,924.0,388.0,6456,196.0,279.0,54.0,93.0,67.0,60.0,121.0,,3.0,18.0,53.0,1.0,14.0,10.0,37.0,2.0,11.0,256.0,403.0,28.0,90.0,719.0,3724,57.0,104.0,147.0,93.0,3.0,25.0,195.0,390.0,122.0,84.0,98.0,37.0,10.0,79.0,47.0,126.0,33.0,50.0,299.0,114.0,138.0,162.0,317.0,174.0,491.0,11.0,51.0,31.0,20.0,31.0,19.0,28.0,3.0,59.0,87.0,141.0,129.0,54.0,26.0,55.0,33.0,187.0,880.0,0.76171875,0.9420289855072465,1.0,0.3111111111111111,0.12,0.3111111111111111,0.6352357320099256,0.5480769230769231,0.6044624746450304,0.5442477876106194,0.597457627118644,0.6340388007054674,0.57421875,0.6632653061224489,0.1825557809330628,17.006248302091823,0.5254237288135594,0.2310984308131241,0.151595744680851,0.2026431718061674,0.2170767004341534,0.1177275838466803,0.1476683937823834,0.2091254752851711,0.2631578947368421,0.2375690607734806,0.0679012345679012,0.6,0.565922920892495,0.7025089605734767,0.7808764940239044,0.7244897959183674,0.2454361054766734,0.4958677685950413,0.5454545454545454,0.8833333333333333,0.0060851926977687,,,,0.1075050709939148,0.3396226415094339,0.3396226415094339,1.0,0.075050709939148,0.2702702702702703,0.2702702702702703,1.0,0.8230088495575221,0.5806451612903226,0.5677966101694916,0.1186440677966101,0.0714285714285714,0.0932203389830508,0.1818181818181818,0.7484787018255578,0.2702702702702703,0.5947048681541581,0.5863302325581397,0.5932483050847458,0.2044506258692628,0.2712100139082058,3.198263027295285,24.319999999999997,0.2791201982651797,52.0,2.0,5.0,4.0,123.0,3.0,9.0,24.0,66.0,54.0,,,39.0,14.0,26.0,3.0,58.0,5.0,3.0,12.0,19.0,2.0,,9.0,,,166.0,18.0,78.0,14.0,27.0,12.0,10.0,0.3333333333333333,0.7096774193548387,0.0967741935483871,0.1003584229390681,0.0909090909090909,0.081805359661495,0.1568627450980392,0.0772200772200772,0.1770833333333333,0.19,0.0925925925925925,0.0442477876106194,0.4,1.0,0.0353982300884955,0.7761194029850746,0.1410488245931284,0.1684665226781857,17.0,2.0,10.0,,,,1.0,,0.2266666666666666,,9.0,18.0,0.15,0.094240837696335,,2.0,1.0,,,0.0253164556962025,,1.0,,0.25,1.0,False,,,,1.0,,2.0,
203992,1610612737,Bogdan Bogdanović,Bogdan Bogdanović,203992,ATL,33790.0,563,-36.0,1213,1215,312.0,320.0,145.0,2428,20.0,35.0,1.0,5.0,9.0,9.0,24.0,7.0,12.0,10.0,35.0,3.0,10.0,31.0,103.0,5.0,20.0,36.0,71.0,41.0,138.0,221.0,1353,4.0,9.0,27.0,14.0,8.0,30.0,54.0,54.0,18.0,114.0,,103.0,31.0,31.0,17.0,48.0,11.0,21.0,113.0,7.0,33.0,15.0,50.0,11.0,61.0,4.0,18.0,10.0,8.0,24.0,21.0,13.0,2.0,37.0,25.0,54.0,34.0,5.0,1.0,5.0,1.0,54.0,309.0,0.75,0.75,0.926829268292683,0.2971014492753623,0.2666666666666666,0.2971014492753623,0.5070422535211268,0.4444444444444444,0.4665071770334928,0.5263157894736842,0.5,0.4954751131221719,0.6136363636363636,0.54,0.6602870813397129,18.529199711607788,0.6486486486486487,0.0572519083969465,0.0224358974358974,0.1122448979591836,0.0863309352517985,0.0181518151815181,0.0135135135135135,0.0707070707070707,0.0564516129032258,0.1234567901234567,0.032,0.2,0.1674641148325359,0.5714285714285714,0.625,0.75,0.1148325358851674,0.375,0.4090909090909091,0.6666666666666666,0.0574162679425837,0.5833333333333334,0.5833333333333334,0.8571428571428571,0.1674641148325359,0.2857142857142857,0.2857142857142857,0.9,0.492822966507177,0.3009708737864077,0.3009708737864077,0.935483870967742,0.2631578947368421,0.2,0.2045454545454545,0.2272727272727272,0.3,0.4545454545454545,0.25,0.8277511961722488,0.3009708737864077,0.5549995215311003,0.5350458333333333,0.5703125,0.1221719457013574,0.2443438914027149,7.614084507042251,25.261594202898543,0.2572135201978565,7.0,1.0,3.0,7.0,26.0,4.0,10.0,7.0,10.0,10.0,9.0,,5.0,6.0,8.0,2.0,4.0,5.0,1.0,3.0,6.0,1.0,,2.0,5.0,,29.0,2.0,9.0,3.0,4.0,5.0,2.0,0.4,0.7142857142857143,0.0704225352112676,0.0857142857142857,0.0833333333333333,0.0136054421768707,0.028169014084507,0.004524886877828,0.0256410256410256,0.107981220657277,1.0,0.1578947368421052,0.3333333333333333,1.0,0.3684210526315789,0.7777777777777778,0.0504587155963302,0.1153846153846153,2.0,,4.0,,2.0,2.0,,,0.0666666666666666,0.0142857142857142,2.0,2.0,0.0454545454545454,0.0410958904109589,,,,,,,,3.0,,0.4285714285714285,1.0,False,,,,,,,
1631230,1610612737,Dominick Barlow,Dominick Barlow,1631230,ATL,10812.0,180,-40.0,386,389,104.0,103.0,47.0,775,20.0,30.0,5.0,9.0,6.0,8.0,15.0,1.0,4.0,2.0,11.0,1.0,4.0,2.0,4.0,,,29.0,49.0,4.0,15.0,79.0,464,7.0,12.0,20.0,9.0,1.0,4.0,18.0,44.0,14.0,12.0,10.0,4.0,2.0,5.0,3.0,8.0,3.0,2.0,19.0,9.0,10.0,12.0,23.0,13.0,36.0,2.0,5.0,3.0,2.0,1.0,,2.0,,3.0,13.0,19.0,15.0,12.0,6.0,13.0,7.0,18.0,104.0,0.7586206896551724,0.9166666666666666,1.0,0.2666666666666666,0.25,0.2666666666666666,0.5918367346938775,0.5833333333333334,0.546875,0.6666666666666666,0.4230769230769231,0.572463768115942,0.6666666666666666,0.5294117647058824,0.234375,16.289592760180994,0.3333333333333333,0.1481481481481481,0.0957446808510638,0.1282051282051282,0.1383647798742138,0.0714285714285714,0.1224489795918367,0.1666666666666666,0.1363636363636363,0.1071428571428571,0.08,0.5384615384615384,0.46875,0.6666666666666666,0.7692307692307693,0.7,0.234375,0.5333333333333333,0.6153846153846154,0.875,0.0625,0.25,0.25,1.0,0.171875,0.1818181818181818,0.1818181818181818,1.0,0.0625,0.5,0.5,1.0,0.6,0.5555555555555556,0.4615384615384615,0.3076923076923077,0.25,,,0.703125,0.5,0.57976640625,0.5933499999999999,0.5855269230769231,0.2531645569620253,0.2278481012658227,4.489795918367347,23.813333333333333,0.2694300518134715,4.0,,1.0,2.0,9.0,2.0,3.0,,4.0,7.0,,,6.0,,3.0,,4.0,1.0,,1.0,1.0,,,4.0,2.0,,13.0,3.0,5.0,3.0,6.0,,3.0,0.6666666666666666,0.4444444444444444,0.1224489795918367,0.1333333333333333,0.1333333333333333,0.0454545454545454,0.0909090909090909,0.064516129032258,0.1538461538461538,0.14,,0.0666666666666666,,,0.1333333333333333,0.6666666666666666,0.0757575757575757,0.0980392156862745,1.0,,1.0,,,,1.0,,0.1428571428571428,,,,,,,,,,,,1.0,2.0,,1.0,1.0,False,,,,1.0,1.0,,
203991,1610612737,Clint Capela,Clint Capela,203991,ATL,64519.0,1075,-57.0,2294,2300,341.0,372.0,321.0,4594,159.0,256.0,45.0,96.0,37.0,42.0,102.0,,1.0,,,,,,1.0,,,201.0,359.0,,1.0,449.0,2633,48.0,115.0,111.0,56.0,,,70.0,308.0,94.0,,80.0,1.0,,39.0,19.0,58.0,12.0,23.0,135.0,121.0,106.0,140.0,268.0,171.0,439.0,22.0,31.0,22.0,9.0,19.0,11.0,23.0,6.0,42.0,55.0,97.0,84.0,51.0,15.0,51.0,32.0,70.0,338.0,0.7661691542288557,0.9565217391304348,,,,,0.5598885793871866,0.417391304347826,0.5583333333333333,0.417391304347826,0.5178571428571429,0.56125,0.43359375,0.5147058823529411,0.0027777777777777,16.572928383952004,0.4523809523809524,0.2676864244741874,0.1961102106969205,0.1937842778793418,0.2299065420560747,0.1523297491039426,0.1838006230529595,0.2177777777777777,0.2949308755760368,0.1710526315789473,0.176,0.6274509803921569,0.7111111111111111,0.62109375,0.676595744680851,0.7232704402515723,0.2833333333333333,0.4117647058823529,0.4666666666666667,0.9285714285714286,0.0027777777777777,,,,,,,,0.0027777777777777,,,,0.8347826086956521,0.46875,0.6607142857142857,,,,,0.7138888888888889,,0.6122508333333334,0.5838468085106382,0.6145732142857143,0.2472160356347438,0.155902004454343,2.9529247910863505,26.3,0.1486486486486486,21.0,,,,47.0,,,15.0,29.0,12.0,,,33.0,7.0,11.0,5.0,49.0,4.0,1.0,8.0,5.0,1.0,,9.0,1.0,,91.0,11.0,46.0,5.0,35.0,5.0,5.0,,0.5178571428571429,0.0919220055710306,0.08203125,0.1176470588235294,0.0981963927855711,0.2341269841269841,0.096,0.3333333333333333,0.2025316455696202,0.0666666666666666,,,,,0.5675675675675675,0.1164556962025316,0.116751269035533,22.0,1.0,7.0,8.0,,,,,0.5365853658536586,,9.0,21.0,0.0681818181818181,0.1048387096774193,,1.0,1.0,,,0.0142857142857142,,,,,,False,,,,,2.0,1.0,1.0
1631342,1610612737,Daeqwon Plowden,Daeqwon Plowden,1631342,ATL,1453.0,24,,50,48,14.0,15.0,6.0,98,1.0,1.0,,,,,,,,2.0,3.0,1.0,1.0,2.0,3.0,1.0,1.0,1.0,1.0,4.0,6.0,14.0,49,,,6.0,,2.0,2.0,6.0,2.0,,12.0,,3.0,2.0,,,,,,,,1.0,,1.0,2.0,3.0,,,,,,,1.0,,1.0,1.0,4.0,,,,,,6.0,14.0,1.0,1.0,1.0,0.6666666666666666,1.0,0.6666666666666666,1.0,,1.0,1.5,1.5,1.0,1.5,1.5,0.8571428571428571,14.035087719298248,,,,0.1,0.0416666666666666,0.0769230769230769,,,,,,,0.1428571428571428,1.0,1.0,1.0,,,,,,,,,0.4285714285714285,0.6666666666666666,0.6666666666666666,1.0,0.4285714285714285,0.6666666666666666,0.6666666666666666,1.0,,,,0.5,1.0,0.5,1.0,1.0,0.6666666666666666,0.5872,0.59025,0.5802,0.4285714285714285,0.4285714285714285,1.8,24.05,0.28,,1.0,1.0,1.0,,2.0,2.0,,,,,,,,,,2.0,1.0,,,1.0,,,,,,,,,,,,,1.0,,,,,0.1333333333333333,,0.1428571428571428,,0.125,,0.5,1.0,1.0,0.5,,,,,,,,,,,,,,1.0,,,,,,,,,,,1.0,,1.0,1.0,False,,,,,,,
1641723,1610612737,Kobe Bufkin,Kobe Bufkin,1641723,ATL,6772.0,113,-7.0,239,243,64.0,74.0,31.0,482,6.0,13.0,1.0,3.0,5.0,5.0,10.0,1.0,2.0,1.0,5.0,1.0,1.0,3.0,11.0,2.0,4.0,12.0,25.0,4.0,16.0,49.0,255,2.0,4.0,4.0,6.0,3.0,5.0,20.0,12.0,12.0,12.0,,10.0,3.0,14.0,3.0,17.0,2.0,9.0,37.0,2.0,8.0,5.0,13.0,5.0,18.0,,3.0,1.0,2.0,3.0,3.0,3.0,,6.0,3.0,7.0,12.0,2.0,1.0,2.0,2.0,20.0,64.0,0.5,0.5,1.0,0.25,0.6,0.2666666666666666,0.48,0.5,0.4390243902439024,0.5,0.6818181818181818,0.5,0.5,0.7142857142857143,0.3902439024390244,20.22058823529412,0.5,0.1041666666666666,0.0298507462686567,0.1333333333333333,0.1203703703703703,0.0416666666666666,,0.0625,0.0833333333333333,0.1428571428571428,,1.0,0.3170731707317073,0.4615384615384615,0.6666666666666666,0.6666666666666666,0.2439024390243902,0.5,0.625,0.4,0.048780487804878,0.5,0.5,,0.1219512195121951,0.2,0.2,1.0,0.2682926829268293,0.2727272727272727,0.2727272727272727,1.0,0.75,0.3333333333333333,0.4545454545454545,0.0909090909090909,1.0,0.3636363636363636,0.5,0.7073170731707317,0.3,0.5613749999999998,0.5969666666666668,0.564875,0.0816326530612244,0.4081632653061224,5.856,26.550000000000004,0.2677824267782426,2.0,,,,13.0,,,,3.0,5.0,,1.0,6.0,1.0,4.0,1.0,3.0,,2.0,,1.0,,,,1.0,,18.0,2.0,9.0,1.0,1.0,2.0,1.0,,0.5,0.24,0.3076923076923077,0.2,0.0566037735849056,0.064516129032258,0.0909090909090909,0.25,0.1304347826086956,1.0,,,,,0.4,0.1875,0.28125,,1.0,,,,,,,,,,,,,,,,,,,,,,,,False,,,,,,,
1626162,1610612755,Kelly Oubre Jr.,Kelly Oubre Jr.,1626162,PHI,194.0,3,5.0,6,6,,,,12,,,,,,,,,,,,,,,,,,,,,,,5,,,,,,,,,,,,,,,,,,,,,2.0,,2.0,,2.0,,1.0,,1.0,,,,,,,,,,,,,,,,,,,,,,,,,,,,,,,,,,0.6666666666666666,0.6666666666666666,,,,,,,,,,,,,,,,,,,,,,,,,,,,,,,,,,,,,,,,,,,,,,,,,,,,,,,,,,,,,,,,,,,,,,,,,,,,,,,,,,,,,,,1.0,,,,,,,,,,,,,,,,,,,,,,,,,,,,,,,,,,True,,,,,,,
1627824,1610612755,Guerschon Yabusele,Guerschon Yabusele,1627824,PHI,775.0,13,4.0,25,24,,14.0,5.0,49,1.0,1.0,,,,,1.0,,,,,,,,1.0,,,1.0,2.0,,1.0,2.0,22,,,,,,,,2.0,,,,1.0,,,,,,,,1.0,1.0,,1.0,2.0,3.0,,,,,,,,,,,2.0,,,,,,,,1.0,1.0,,,,,0.5,,0.3333333333333333,,,0.3333333333333333,,,0.3333333333333333,9.67741935483871,,,0.14285714285714285,0.08333333333333333,0.058823529411764705,0.058823529411764705,,,,,,,0.3333333333333333,1.0,1.0,1.0,0.3333333333333333,,,,,,,,,,,,0.3333333333333333,,,,,,,,,,,0.6666666666666666,,0.5750666666666667,0.5001,,,,3.75,26.8,,,,,1.0,,,1.0,,,,,,1.0,,,,,,,,,,,,,,,,,,,,,,,0.5,,1.0,,,,,0.1111111111111111,,,,,1.0,,,,,,,,,,,,,,,,0.3333333333333333,,,1.0,,,,1.0,,,,,,True,,,,,,,
1629656,1610612755,Quentin Grimes,Quentin Grimes,1629656,PHI,595.0,10,,19,19,2.0,10.0,2.0,38,2.0,2.0,,,1.0,,1.0,,,,,,,1.0,1.0,,,2.0,3.0,1.0,1.0,8.0,26,,,,1.0,,,2.0,,4.0,3.0,,1.0,1.0,,2.0,2.0,2.0,,6.0,,1.0,,1.0,,1.0,,,,,,,1.0,,1.0,,,1.0,,,,,2.0,2.0,,,1.0,1.0,,1.0,0.6666666666666666,,0.875,,1.0,1.0,,1.0,0.25,23.80952380952381,,,,0.14285714285714285,0.1111111111111111,,,,,,,,0.5,1.0,1.0,,0.25,,,,,,,,,,,,0.25,1.0,1.0,1.0,,,1.0,,,,,0.75,1.0,0.61285,,0.8845,,0.25,2.5333333333333337,27.3,0.10526315789473684,1.0,,,,1.0,,,,1.0,,,,1.0,,,,,1.0,,,,,,,,,1.0,1.0,1.0,,,,,,1.0,0.3333333333333333,,1.0,,,,,0.25,,,,,,1.0,0.25,0.3333333333333333,,,,,,,,,,,,,,,,,,,,,,,,,,True,,,,,,,
1631223,1610612755,David Roddy,David Roddy,1631223,PHI,1715.0,29,7.0,57,57,2.0,28.0,10.0,114,4.0,5.0,1.0,1.0,,2.0,3.0,,,,2.0,,,2.0,9.0,,,6.0,8.0,2.0,11.0,18.0,62,2.0,2.0,7.0,,,,,4.0,8.0,3.0,,9.0,2.0,3.0,,3.0,,3.0,6.0,,4.0,3.0,7.0,2.0,9.0,,2.0,2.0,,1.0,,,,1.0,,1.0,,,,,,,2.0,0.3333333333333333,0.3333333333333333,0.5,0.18181818181818182,,0.18181818181818182,0.75,1.0,0.47368421052631576,0.7,,0.47368421052631576,0.7,,0.5789473684210527,28.571428571428573,1.0,0.2727272727272727,,0.21052631578947367,0.23333333333333334,0.06060606060606061,,0.4,0.25,0.25,,,0.2631578947368421,0.8,1.0,0.25,0.15789473684210525,0.6666666666666666,1.0,0.5,,,,,0.10526315789473684,,,,0.47368421052631576,0.2222222222222222,0.2222222222222222,0.5,0.2,1.0,,,,,,0.8421052631578947,0.2222222222222222,0.5152236842105263,0.4453625,,0.3888888888888889,,3.8874999999999997,26.381818181818186,0.03508771929824561,,,1.0,2.0,,1.0,3.0,,,,3.0,,2.0,,,,2.0,,,1.0,,,,,,,,,,,,,,0.3333333333333333,,0.25,0.2,0.3333333333333333,0.09523809523809523,,0.1,,0.2,,0.2,,,0.4,,,,,,,,,,,,,,1.0,1.0,,,,,,,,,,1.0,,0.5,,True,,,,,,,
1641741,1610612755,Ricky Council IV,Ricky Council IV,1641741,PHI,1235.0,21,17.0,43,42,,20.0,7.0,85,3.0,3.0,,,,,,,2.0,,,,,2.0,5.0,,,3.0,5.0,2.0,5.0,14.0,37,,,,,,,,6.0,,6.0,,5.0,2.0,1.0,1.0,2.0,1.0,,5.0,,,,,1.0,1.0,,1.0,,1.0,,,1.0,1.0,1.0,,,1.0,,,,,,,1.0,1.0,1.0,0.4,,0.4,0.6,,0.6,,,0.6363636363636364,,,0.5,23.076923076923077,,,,,,0.041666666666666664,,,,,,,0.3,1.0,1.0,1.0,,,,,0.2,,,,,,,,0.5,0.4,0.4,1.0,,,,,,,,0.8,0.4,0.5728549999999999,,,,,7.82,27.660000000000004,,,,,1.0,2.0,,1.0,,,,,,1.0,,1.0,,1.0,,,,,,,,,,2.0,,1.0,,,,,,,0.2,,,0.07692307692307693,,0.08333333333333333,,,,,,,1.0,,0.09090909090909091,0.16666666666666666,,,,,,,,,,,,,,,,,,,,,,,,,,True,0.5,,,,,,
1630178,1610612755,Tyrese Maxey,Tyrese Maxey,1630178,PHI,685.0,11,-11.0,21,21,2.0,14.0,4.0,42,,,,,,,,,,,,,,1.0,1.0,,,,,1.0,1.0,5.0,32,,,3.0,,,,,,,3.0,,1.0,1.0,,,,,,,,,,,,,,,,,,,,,,,1.0,1.0,,,,,,2.0,,,1.0,1.0,,1.0,,,1.5,1.5,,1.25,1.5,,1.0,7.692307692307692,,,,,,,,,,,,,,,,,,,,,,,,,,,,,1.0,1.0,1.0,1.0,,,,,,,,1.0,1.0,0.54555,,,0.6,,,26.7,0.09523809523809523,,,,1.0,2.0,1.0,1.0,,,,,,,,,,,,,,,,,,,,2.0,,1.0,,,1.0,,1.0,,,,,,,,,,,,,,1.0,,0.5,1.0,,,,,,,,,,,,,,,,,,,,,,1.0,,1.0,1.0,True,,,,,,,
1630215,1610612755,Jared Butler,Jared Butler,1630215,PHI,500.0,8,2.0,18,18,,5.0,3.0,36,,1.0,,,,,,,1.0,,,,,1.0,4.0,,,,2.0,1.0,4.0,3.0,15,,,,,,,,,,3.0,,4.0,1.0,2.0,,2.0,,2.0,4.0,1.0,1.0,,1.0,1.0,2.0,,1.0,1.0,,,,,,,1.0,1.0,,,,,,,,,,1.0,0.25,,0.25,,,0.25,,,0.25,,,0.6666666666666666,28.571428571428573,,,0.2,0.14285714285714285,0.08333333333333333,0.07692307692307693,,,,,,,0.16666666666666666,,,,,,,,0.16666666666666666,,,,,,,,0.6666666666666666,0.25,0.25,1.0,,,,,,,,0.8333333333333334,0.25,0.5273500000000001,0.53295,,,,11.200000000000001,26.725,,,,,1.0,,,1.0,,,,,,1.0,,,,,,,,,,,,,,,,,,,,,,,0.5,1.0,,,0.3333333333333333,,,0.16666666666666666,,,,,1.0,,,,,,,,,,,,,,,,,,,,,,,,,,,,,True,,,,,,,
203954,1610612755,Joel Embiid,Joel Embiid,203954,PHI,284.0,5,-6.0,8,8,,4.0,2.0,16,,,,,,,,,,,,,,,2.0,,,,,,2.0,,11,,,,,,,,,,,,2.0,,1.0,,1.0,,1.0,2.0,,,,,,,,,,,,,,,,,,,,,,,,,,,,,,,,,,,,,,,1.0,18.181818181818183,,,,,,,,,,,,,,,,,,,,,,,,,,,,,1.0,,,,,,,,,,,1.0,,0.561,,,,,,26.5,,,,,,,,,,,,,,,,,,,,,,,,,,,,,,,,,,,,,,,,,,,,,,,,,,,,,,,,,,,,,,,,,,,,,,,,,,,,,,True,,,,,,,
1630288,1610612755,Jeff Dowtin Jr.,Jeff Dowtin Jr.,1630288,PHI,580.0,10,,21,20,,9.0,5.0,41,,,,,,1.0,2.0,,1.0,,,,,,,,,1.0,3.0,,,2.0,21,,,,,,,,,2.0,,,,,3.0,,3.0,,3.0,6.0,1.0,1.0,,1.0,1.0,2.0,,,,,,,,,,1.0,1.0,,,,,,,,,,,,,,0.3333333333333333,,0.3333333333333333,,,0.3333333333333333,,,,10.714285714285714,,,0.1111111111111111,0.16666666666666666,0.1111111111111111,0.06666666666666667,0.25,,,,,,,,,,0.6666666666666666,0.5,0.5,,0.3333333333333333,,,,,,,,,,,,,,,,,,,,,0.3963666666666667,,,,,10.233333333333333,,,,,,,,,,,,,,,,,,,,,,,,,,,,,,,,,,,,,,,,,,,,,0.16666666666666666,,,,,,,,,,,,,,,,,,,,,,,,,,,,,,,,,,True,,,,,,,
203083,1610612755,Andre Drummond,Andre Drummond,203083,PHI,501.0,8,,15,17,2.0,13.0,4.0,32,3.0,3.0,1.0,1.0,,,1.0,,,,,,,,,,,3.0,4.0,,,8.0,20,1.0,1.0,4.0,,,,2.0,4.0,2.0,,2.0,,,,,,,,,2.0,1.0,1.0,2.0,3.0,5.0,1.0,,,,1.0,,,,1.0,,,3.0,,,,,2.0,2.0,0.6666666666666666,1.0,,,,,0.75,1.0,0.75,1.0,,0.6666666666666666,1.0,0.5,,35.0,1.0,0.5,0.4,0.16666666666666666,0.25,0.2857142857142857,0.25,,,,1.0,,0.75,1.0,1.0,0.6666666666666666,0.25,,,,,,,,,,,,,,,,1.0,1.0,,,,,,0.75,,0.626275,0.667,,0.5,0.25,4.875,,0.13333333333333333,,,,,2.0,,,2.0,,2.0,,,,,,,,,,1.0,,,,,,,5.0,1.0,2.0,1.0,,,1.0,,,,,,,,,1.0,0.16666666666666666,,,,,,,0.4,0.4,,,,,,,,,,,,,1.0,,,1.0,,,,0.5,,,,,,True,,,,,,,
1629022,1610612755,Lonnie Walker IV,Lonnie Walker IV,1629022,PHI,822.0,14,3.0,28,29,2.0,13.0,5.0,57,1.0,2.0,,,,,,,,,,,,1.0,5.0,,,1.0,2.0,1.0,5.0,5.0,34,,,,,,,,2.0,,,,5.0,1.0,,2.0,2.0,2.0,,6.0,,2.0,2.0,4.0,,4.0,,,,,,,,,,,,,,,,,,2.0,1.0,1.0,,0.2,,0.2,0.5,,0.35714285714285715,,,0.35714285714285715,,,0.7142857142857143,20.0,,0.3333333333333333,,0.2857142857142857,0.3076923076923077,,,,0.3333333333333333,1.0,,,0.2857142857142857,0.5,0.5,1.0,,,,,,,,,,,,,0.7142857142857143,0.2,0.2,,,,,,,,,1.0,0.2,0.5625857142857142,,,,,1.4500000000000002,26.26,0.07142857142857142,,,,1.0,,,1.0,,,,3.0,,,,,,,,,,,,,,,,,,,,,,,,,,,,,,,1.0,0.16666666666666666,,,,,1.0,,,,,,,,,,,,,,,,,,,,,,,,,,,,,True,,,,,,,
202331,1610612755,Paul George,Paul George,202331,PHI,248.0,4,-4.0,7,7,,4.0,1.0,14,2.0,2.0,,,,,,,,,,,,,,,,2.0,2.0,,,4.0,13,,,,,,,,2.0,2.0,,,,,,1.0,1.0,1.0,,3.0,,,1.0,1.0,1.0,2.0,,,,,,,,,,,,,,,,,,,0.5,0.5,,,,,1.0,,1.0,,,1.0,,,,22.22222222222222,,0.5,,,0.5,0.25,,1.0,,,,,1.0,1.0,1.0,0.5,,,,,,,,,,,,,,,,,,,,,,,,1.0,,0.5247,,,,,3.7,,,,,,,,,,,,,,,,,,,1.0,,,,,,,,,,,,,,,,,,,,,,0.25,,0.25,,,,,,,,,,,,,,,,,,,,,,,,,,,,,,,,,,,,True,,,,,,,
1641737,1610612755,Adem Bona,Adem Bona,1641737,PHI,441.0,7,18.0,17,17,,6.0,2.0,34,,,,,,,,,,,,,,,,,,,,,,,12,,,,,,,,,,,,,,,,,,,,,,1.0,1.0,,1.0,,,,,,,,,,1.0,2.0,1.0,,,,,,,,,,,,,,,,,,,,,,,,0.3333333333333333,,,0.16666666666666666,,,,0.5,,,,,,,,,,,,,,,,,,,,,,,,,,,,,,,,,,,,,,,,,,,,,,,,,,,,,,,,,,,,,,,,1.0,,,,,,,,,,,,,,,,,,,,,,,,,,,,,,,,,,,,,,,,,,,,,,,,,,,,,True,,,,,,,
1626162,1610612755,Kelly Oubre Jr.,Kelly Oubre Jr.,1626162,PHI,124496.0,2075,-263.0,4183,4207,768.0,882.0,461.0,8390,193.0,288.0,40.0,69.0,51.0,78.0,197.0,6.0,14.0,30.0,85.0,4.0,14.0,41.0,157.0,8.0,23.0,277.0,499.0,71.0,242.0,906.0,4976,46.0,86.0,125.0,87.0,12.0,37.0,183.0,296.0,258.0,207.0,64.0,157.0,41.0,57.0,51.0,108.0,42.0,45.0,267.0,71.0,143.0,108.0,269.0,97.0,366.0,19.0,91.0,36.0,55.0,53.0,25.0,27.0,2.0,80.0,84.0,180.0,168.0,24.0,8.0,30.0,11.0,179.0,747.0,0.5342960288808665,0.6040816326530613,0.971830985915493,0.29338842975206614,0.32432432432432434,0.29338842975206614,0.5551102204408818,0.5348837209302325,0.5175438596491229,0.5095238095238095,0.5564516129032258,0.5538555691554468,0.5434782608695652,0.6140939597315436,0.3265856950067476,19.052676295666952,0.6625,0.1288782816229117,0.07114228456913828,0.14696813977389517,0.13859745996686915,0.048411497730711045,0.05176470588235294,0.09264305177111716,0.14242424242424243,0.11857707509881422,0.058823529411764705,0.36666666666666664,0.38866396761133604,0.6701388888888888,0.7451737451737451,0.5906735751295337,0.2658569500674764,0.39593908629441626,0.4785276073619632,0.3974358974358974,0.018893387314439947,0.42857142857142855,0.42857142857142855,0.5,0.11470985155195682,0.35294117647058826,0.35714285714285715,1.0,0.21187584345479082,0.2611464968152866,0.2645161290322581,0.9512195121951219,0.6571428571428571,0.5797101449275363,0.4112903225806452,0.11290322580645161,0.2857142857142857,0.18548387096774194,0.34782608695652173,0.7152496626180836,0.2611464968152866,0.563851079622132,0.5773466216216216,0.5513645161290323,0.13796909492273732,0.20198675496688742,4.4813627254509,25.395867768595032,0.18360028687544824,35.0,4.0,8.0,11.0,139.0,5.0,19.0,18.0,51.0,45.0,6.0,,63.0,9.0,9.0,3.0,25.0,3.0,9.0,28.0,12.0,4.0,1.0,14.0,20.0,,185.0,30.0,94.0,10.0,16.0,15.0,7.0,0.2631578947368421,0.5862068965517241,0.12625250501002003,0.10069444444444445,0.17258883248730963,0.025380710659898477,0.10810810810810811,0.02699228791773779,0.19148936170212766,0.15694444444444444,0.225,0.0761904761904762,0.5,1.0,0.10476190476190476,0.6862745098039216,0.11895910780669144,0.1669626998223801,18.0,2.0,5.0,2.0,1.0,2.0,6.0,4.0,0.20454545454545456,0.00819672131147541,5.0,9.0,0.030120481927710843,0.01932367149758454,3.0,1.0,,0.012396694214876033,0.011764705882352941,0.010309278350515464,,1.0,,0.09090909090909091,1.0,False,,0.012738853503184714,,2.0,,,
1627824,1610612755,Guerschon Yabusele,Guerschon Yabusele,1627824,PHI,98387.0,1640,-90.0,3271,3267,671.0,741.0,365.0,6538,126.0,177.0,18.0,29.0,44.0,16.0,56.0,2.0,7.0,25.0,65.0,3.0,15.0,66.0,167.0,11.0,29.0,144.0,240.0,91.0,232.0,646.0,3865,20.0,41.0,72.0,55.0,14.0,44.0,139.0,218.0,70.0,273.0,26.0,163.0,66.0,73.0,50.0,123.0,36.0,53.0,296.0,42.0,113.0,101.0,229.0,113.0,342.0,8.0,50.0,27.0,23.0,33.0,14.0,46.0,10.0,79.0,67.0,147.0,115.0,22.0,7.0,22.0,12.0,135.0,655.0,0.7569444444444444,0.8320610687022901,1.0,0.3922413793103448,0.3181818181818182,0.3991228070175439,0.6,0.4878048780487805,0.5942796610169492,0.45614035087719296,0.5656565656565656,0.6175908221797323,0.5294117647058824,0.594017094017094,0.4915254237288136,16.38541099618944,0.4177215189873418,0.15562403697996918,0.0584144645340751,0.1477124183006536,0.15134370579915135,0.06930693069306931,0.04918032786885246,0.136986301369863,0.1556420233463035,0.16176470588235295,0.03827751196172249,0.5454545454545454,0.375,0.711864406779661,0.782608695652174,0.7777777777777778,0.11864406779661017,0.2857142857142857,0.3333333333333333,0.625,0.014830508474576272,0.2857142857142857,0.2857142857142857,0.5,0.13771186440677965,0.38461538461538464,0.38461538461538464,1.0,0.3538135593220339,0.39520958083832336,0.39520958083832336,1.0,0.5087719298245614,0.6206896551724138,0.4444444444444444,0.15151515151515152,0.2,0.29292929292929293,0.3793103448275862,0.8665254237288136,0.4049079754601227,0.5749178800856531,0.57155,0.5692252631578947,0.11145510835913312,0.21517027863777088,3.2800000000000007,26.093965517241372,0.2051360440232345,30.0,2.0,7.0,9.0,85.0,4.0,16.0,20.0,35.0,27.0,,4.0,24.0,14.0,11.0,9.0,63.0,8.0,10.0,19.0,12.0,3.0,,17.0,5.0,,115.0,11.0,50.0,12.0,13.0,20.0,9.0,0.25,0.6363636363636364,0.1,0.0903954802259887,0.14285714285714285,0.07914572864321608,0.0695364238410596,0.08,0.21,0.14260249554367202,0.2222222222222222,0.12280701754385964,0.2857142857142857,1.0,0.15789473684210525,0.6818181818181818,0.09784735812133072,0.17921146953405018,15.0,,14.0,7.0,,,,,0.2,,9.0,21.0,0.05357142857142857,0.07534246575342465,,8.0,2.0,,,0.0898876404494382,1.0,2.0,,0.2222222222222222,1.0,False,,,,,,,1.0
1628997,1610612755,Caleb Martin,Caleb Martin,1628997,PHI,56586.0,943,-124.0,1872,1878,391.0,443.0,215.0,3750,34.0,58.0,4.0,9.0,12.0,22.0,48.0,12.0,39.0,18.0,33.0,1.0,5.0,15.0,54.0,2.0,9.0,68.0,145.0,33.0,87.0,281.0,2166,10.0,20.0,36.0,31.0,3.0,14.0,51.0,64.0,72.0,99.0,10.0,52.0,15.0,35.0,34.0,69.0,24.0,24.0,172.0,21.0,48.0,38.0,93.0,43.0,136.0,4.0,34.0,24.0,10.0,25.0,7.0,18.0,3.0,43.0,23.0,63.0,61.0,15.0,6.0,20.0,6.0,49.0,378.0,0.47058823529411764,0.5079365079365079,1.0,0.3793103448275862,0.21428571428571427,0.38823529411764707,0.4689655172413793,0.5,0.5064655172413793,0.5178571428571429,0.36666666666666664,0.530188679245283,0.5625,0.4473684210526316,0.375,14.59024159166272,0.5813953488372093,0.09268292682926829,0.04585152838427948,0.11320754716981132,0.10311750599520383,0.04585152838427948,0.058823529411764705,0.09302325581395349,0.07692307692307693,0.1111111111111111,0.03508771929824561,0.3,0.25,0.5862068965517241,0.6181818181818182,0.47058823529411764,0.20689655172413793,0.4583333333333333,0.5238095238095238,0.45454545454545453,0.16810344827586207,0.3076923076923077,0.3076923076923077,0.5,0.14224137931034483,0.5454545454545454,0.5625,1.0,0.23275862068965517,0.2777777777777778,0.2830188679245283,1.0,0.32142857142857145,0.4444444444444444,0.26666666666666666,0.1111111111111111,0.2,0.2,0.2222222222222222,0.625,0.28846153846153844,0.5221956521739127,0.5047047619047618,0.5012911111111111,0.12811387900355872,0.18149466192170818,8.981379310344822,25.544827586206896,0.20886752136752137,7.0,2.0,4.0,4.0,46.0,3.0,8.0,7.0,12.0,18.0,,2.0,9.0,10.0,9.0,2.0,21.0,1.0,4.0,18.0,13.0,3.0,1.0,2.0,10.0,,74.0,4.0,26.0,9.0,7.0,4.0,8.0,0.375,0.3870967741935484,0.06206896551724138,0.05172413793103448,0.125,0.04585152838427948,0.033707865168539325,0.0446927374301676,0.13043478260869565,0.11400651465798045,,0.14285714285714285,0.5,1.0,0.14285714285714285,0.5833333333333334,0.109375,0.15568862275449102,7.0,3.0,2.0,1.0,,2.0,5.0,4.0,0.16279069767441862,0.02247191011235955,3.0,5.0,0.043010752688172046,0.05,2.0,1.0,2.0,0.022988505747126436,0.030303030303030304,0.02127659574468085,,1.0,,0.25,1.0,False,,0.018518518518518517,,1.0,,,
1630178,1610612755,Tyrese Maxey,Tyrese Maxey,1630178,PHI,116925.0,1949,-113.0,3948,3920,795.0,914.0,425.0,7868,188.0,318.0,15.0,21.0,61.0,94.0,220.0,34.0,75.0,14.0,45.0,4.0,12.0,146.0,432.0,21.0,87.0,316.0,613.0,160.0,477.0,1364.0,4672,22.0,37.0,93.0,122.0,25.0,99.0,287.0,194.0,438.0,234.0,8.0,428.0,146.0,160.0,157.0,317.0,113.0,98.0,791.0,10.0,101.0,56.0,159.0,15.0,174.0,4.0,91.0,56.0,35.0,77.0,44.0,47.0,10.0,124.0,56.0,115.0,223.0,20.0,13.0,21.0,6.0,267.0,772.0,0.3069620253164557,0.3108974358974359,0.4875,0.33542976939203356,0.25252525252525254,0.3382663847780127,0.5154975530179445,0.5945945945945946,0.5100917431192661,0.5608108108108109,0.4411764705882353,0.5591887417218543,0.5833333333333334,0.5239852398523985,0.43761467889908257,29.970661250282102,0.6209677419354839,0.06896551724137931,0.010787486515641856,0.11516533637400228,0.09295441089402014,0.007547169811320755,0.013227513227513227,0.06725146198830409,0.05198776758409786,0.1091703056768559,0.0074487895716946,0.2857142857142857,0.29174311926605506,0.5911949685534591,0.6596491228070176,0.35106382978723405,0.2018348623853211,0.42727272727272725,0.47474747474747475,0.23404255319148937,0.06880733944954129,0.4533333333333333,0.4594594594594595,0.2647058823529412,0.04128440366972477,0.3111111111111111,0.3181818181818182,0.9285714285714286,0.3963302752293578,0.33796296296296297,0.3411214953271028,0.4452054794520548,0.28378378378378377,0.7142857142857143,0.27601809954751133,0.05429864253393665,0.3333333333333333,0.3936651583710407,0.2413793103448276,0.7293577981651376,0.3411214953271028,0.538284346224678,0.5232255319148935,0.5128755760368665,0.06818181818181818,0.21041055718475074,6.0088091353996775,26.722641509433966,0.2013677811550152,36.0,2.0,8.0,29.0,252.0,13.0,37.0,10.0,60.0,92.0,246.0,4.0,56.0,44.0,46.0,16.0,4.0,12.0,8.0,33.0,22.0,2.0,,2.0,7.0,1.0,287.0,38.0,120.0,34.0,5.0,7.0,18.0,0.35135135135135137,0.4918032786885246,0.09135399673735727,0.10377358490566038,0.1,0.004310344827586207,0.010101010101010102,0.0026954177897574125,0.11188811188811189,0.11728395061728394,0.4,0.10810810810810811,0.25,1.0,0.3918918918918919,0.5901639344262295,0.10391822827938671,0.17266187050359713,2.0,2.0,5.0,1.0,15.0,2.0,1.0,1.0,0.020202020202020204,0.0041753653444676405,7.0,2.0,0.006535947712418301,0.010752688172043012,5.0,1.0,2.0,0.010482180293501049,0.022222222222222223,0.010752688172043012,,11.0,,0.3793103448275862,0.8181818181818182,False,0.013333333333333334,0.009259259259259259,,,,,
1630231,1610612755,KJ Martin,KJ Martin,1630231,PHI,28778.0,480,30.0,958,961,244.0,264.0,120.0,1919,44.0,65.0,6.0,8.0,12.0,8.0,12.0,1.0,1.0,7.0,15.0,,3.0,1.0,6.0,,2.0,53.0,78.0,8.0,21.0,154.0,1081,9.0,11.0,20.0,13.0,,5.0,31.0,82.0,24.0,24.0,10.0,6.0,1.0,8.0,11.0,19.0,9.0,5.0,49.0,10.0,28.0,20.0,51.0,21.0,72.0,2.0,11.0,7.0,4.0,7.0,3.0,5.0,,12.0,38.0,62.0,21.0,16.0,8.0,16.0,11.0,31.0,241.0,0.7735849056603774,0.8541666666666666,1.0,0.38095238095238093,,0.38095238095238093,0.6794871794871795,0.8181818181818182,0.6565656565656566,0.6923076923076923,0.5,0.6875,0.7142857142857143,0.5961538461538461,0.21212121212121213,11.30355515041021,0.5833333333333334,0.09950248756218906,0.04149377593360996,0.1320754716981132,0.1162227602905569,0.045871559633027525,0.0375,0.08860759493670886,0.08888888888888889,0.14285714285714285,0.07692307692307693,0.6875,0.6565656565656566,0.676923076923077,0.8,0.8181818181818182,0.12121212121212122,0.6666666666666666,0.7272727272727273,0.5,0.010101010101010102,1.0,1.0,1.0,0.15151515151515152,0.4666666666666667,0.5,1.0,0.06060606060606061,0.16666666666666666,0.16666666666666666,1.0,0.6153846153846154,0.75,0.6666666666666666,0.16666666666666666,,0.1111111111111111,,0.8686868686868687,0.16666666666666666,0.62565101010101,0.5439833333333334,0.6153638888888887,0.12987012987012986,0.2012987012987013,2.597435897435898,23.814285714285713,0.2546972860125261,8.0,,1.0,1.0,24.0,,2.0,2.0,9.0,13.0,,,11.0,2.0,2.0,1.0,10.0,2.0,2.0,4.0,1.0,,1.0,1.0,1.0,,29.0,3.0,15.0,1.0,8.0,2.0,1.0,,0.6923076923076923,0.14102564102564102,0.15384615384615385,0.08333333333333333,0.05128205128205128,0.05217391304347826,0.044585987261146494,0.15625,0.12994350282485875,0.16666666666666666,0.07692307692307693,,,0.07692307692307693,0.6666666666666666,0.13513513513513514,0.16666666666666666,3.0,,1.0,,,,,,0.15789473684210525,,3.0,1.0,0.021739130434782608,0.07894736842105263,1.0,1.0,,0.047619047619047616,0.06666666666666667,0.03125,,,,,,False,,,,,,,
1630288,1610612755,Jeff Dowtin Jr.,Jeff Dowtin Jr.,1630288,PHI,28626.0,477,-90.0,954,949,255.0,254.0,116.0,1903,25.0,43.0,1.0,4.0,12.0,26.0,51.0,11.0,25.0,6.0,14.0,1.0,4.0,16.0,39.0,4.0,12.0,62.0,119.0,22.0,53.0,211.0,1148,5.0,10.0,18.0,31.0,5.0,16.0,55.0,36.0,88.0,42.0,2.0,39.0,16.0,30.0,31.0,61.0,24.0,18.0,153.0,3.0,22.0,20.0,43.0,9.0,52.0,1.0,16.0,10.0,6.0,6.0,4.0,4.0,,10.0,9.0,21.0,27.0,5.0,1.0,6.0,6.0,55.0,254.0,0.2903225806451613,0.29508196721311475,0.6363636363636364,0.41509433962264153,0.3125,0.41509433962264153,0.5210084033613446,0.5,0.5523255813953488,0.5714285714285714,0.4787234042553192,0.5702702702702702,0.6,0.5092592592592593,0.3081395348837209,18.055555555555554,0.6,0.09615384615384616,0.013888888888888888,0.09734513274336283,0.0967741935483871,0.020134228187919462,,0.07777777777777778,0.09090909090909091,0.08333333333333333,0.012987012987012988,1.0,0.25,0.5813953488372093,0.6578947368421053,0.32,0.29651162790697677,0.5098039215686274,0.5531914893617021,0.15384615384615385,0.14534883720930233,0.44,0.44,0.5454545454545454,0.08139534883720931,0.42857142857142855,0.42857142857142855,1.0,0.22674418604651161,0.41025641025641024,0.41025641025641024,0.5,0.2857142857142857,0.25,0.2553191489361702,0.0851063829787234,0.25,0.2553191489361702,0.3333333333333333,0.5581395348837209,0.41025641025641024,0.5145616279069768,0.5051857142857142,0.4969276595744682,0.08530805687203792,0.26066350710900477,8.091596638655462,25.42264150943397,0.2672955974842767,6.0,1.0,1.0,3.0,21.0,2.0,4.0,2.0,15.0,10.0,24.0,,9.0,7.0,9.0,3.0,6.0,1.0,,2.0,5.0,,,1.0,1.0,1.0,30.0,4.0,14.0,3.0,2.0,,3.0,0.5,0.4838709677419355,0.07563025210084033,0.11627906976744186,0.0784313725490196,0.025974025974025976,0.012987012987012988,0.02717391304347826,0.16666666666666666,0.10240963855421686,,0.07142857142857142,1.0,1.0,0.21428571428571427,0.5,0.07692307692307693,0.10852713178294573,1.0,1.0,1.0,,,,1.0,1.0,0.038461538461538464,,1.0,,0.045454545454545456,0.02127659574468085,,,2.0,,,,,1.0,,0.3333333333333333,1.0,False,,,,,,,
1641737,1610612755,Adem Bona,Adem Bona,1641737,PHI,34523.0,575,-32.0,1162,1151,341.0,400.0,147.0,2313,61.0,87.0,24.0,36.0,18.0,10.0,17.0,,,,,,,,,,,71.0,104.0,,,187.0,1342,25.0,40.0,67.0,21.0,,,53.0,94.0,48.0,,36.0,,,11.0,5.0,16.0,2.0,6.0,37.0,39.0,47.0,43.0,94.0,60.0,154.0,3.0,14.0,8.0,6.0,11.0,7.0,23.0,,34.0,50.0,89.0,58.0,40.0,19.0,41.0,25.0,53.0,339.0,0.6619718309859155,0.8867924528301887,,,,,0.6826923076923077,0.625,0.6826923076923077,0.625,0.7142857142857143,0.6977611940298507,0.67,0.7794117647058824,,12.481203007518797,0.3235294117647059,0.16666666666666666,0.1368421052631579,0.16785714285714284,0.16728624535315986,0.10603290676416818,0.10869565217391304,0.23711340206185566,0.1092436974789916,0.10810810810810811,0.12,0.6097560975609756,0.8365384615384616,0.7011494252873564,0.7625,0.639344262295082,0.16346153846153846,0.5882352941176471,0.625,0.8,,,,,,,,,,,,,0.9,0.6666666666666666,0.8571428571428571,,,,,0.8365384615384616,,0.6244605769230769,0.6169375000000001,0.6311285714285715,0.3582887700534759,0.28342245989304815,2.3557692307692304,,0.29345955249569705,14.0,,,,45.0,,,17.0,15.0,23.0,,,8.0,3.0,4.0,1.0,19.0,3.0,4.0,4.0,8.0,3.0,,14.0,2.0,,66.0,8.0,28.0,10.0,21.0,7.0,8.0,,0.7142857142857143,0.07692307692307693,0.08045977011494253,0.058823529411764705,0.07251908396946564,0.19607843137254902,0.08040201005025126,0.16666666666666666,0.18932038834951456,0.16666666666666666,,,,,0.7777777777777778,0.22580645161290322,0.22580645161290322,4.0,1.0,12.0,,,,1.0,1.0,0.12903225806451613,,2.0,5.0,0.08888888888888889,0.047619047619047616,,2.0,,,,0.06451612903225806,10.0,,,,,False,,,,,1.0,,
1641741,1610612755,Ricky Council IV,Ricky Council IV,1641741,PHI,53615.0,894,-80.0,1796,1798,533.0,577.0,206.0,3594,53.0,93.0,7.0,15.0,25.0,30.0,71.0,2.0,8.0,18.0,40.0,6.0,11.0,25.0,109.0,7.0,31.0,85.0,172.0,43.0,149.0,379.0,2136,9.0,21.0,30.0,44.0,13.0,42.0,117.0,86.0,84.0,117.0,8.0,108.0,25.0,43.0,24.0,67.0,17.0,31.0,158.0,17.0,55.0,32.0,101.0,37.0,138.0,10.0,27.0,15.0,12.0,16.0,8.0,17.0,3.0,33.0,22.0,51.0,72.0,11.0,3.0,11.0,6.0,117.0,531.0,0.5058823529411764,0.5308641975308642,0.9069767441860465,0.28859060402684567,0.30952380952380953,0.2905405405405405,0.4941860465116279,0.42857142857142855,0.4657320872274143,0.38461538461538464,0.5174418604651163,0.5206611570247934,0.38461538461538464,0.58,0.46417445482866043,19.565217391304348,0.48484848484848486,0.08421052631578947,0.04187192118226601,0.13095238095238096,0.10875,0.0421179302045728,0.0273224043715847,0.08280254777070063,0.09580838323353294,0.18811881188118812,0.05952380952380952,0.5454545454545454,0.2897196261682243,0.5698924731182796,0.6091954022988506,0.6415094339622641,0.22118380062305296,0.4225352112676056,0.5,0.26666666666666666,0.024922118380062305,0.25,0.25,0.5,0.12461059190031153,0.45,0.45,0.9444444444444444,0.3395638629283489,0.22935779816513763,0.23148148148148148,0.88,0.38461538461538464,0.4666666666666667,0.29069767441860467,0.12790697674418605,0.5454545454545454,0.36046511627906974,0.22580645161290322,0.7538940809968847,0.23148148148148148,0.5427341194968556,0.508,0.5398670588235296,0.079155672823219,0.3087071240105541,5.093023255813951,26.37919463087248,0.2967706013363029,14.0,2.0,4.0,14.0,80.0,4.0,18.0,,25.0,28.0,12.0,1.0,17.0,7.0,8.0,4.0,18.0,3.0,1.0,8.0,12.0,4.0,1.0,6.0,2.0,,96.0,9.0,49.0,2.0,7.0,3.0,2.0,0.2222222222222222,0.5681818181818182,0.09883720930232558,0.06451612903225806,0.15492957746478872,0.042352941176470586,0.0718562874251497,0.03363914373088685,0.05357142857142857,0.11285266457680251,0.42857142857142855,0.10256410256410256,0.5,0.5,0.358974358974359,0.56,0.13573407202216067,0.23113207547169812,14.0,,3.0,,1.0,,,,0.24561403508771928,,5.0,10.0,,0.07142857142857142,1.0,2.0,1.0,0.006711409395973154,,0.047619047619047616,,2.0,,0.14285714285714285,1.0,False,,0.009174311926605505,,,,,
1642272,1610612755,Jared McCain,Jared McCain,1642272,PHI,35507.0,592,-27.0,1183,1181,259.0,253.0,143.0,2364,41.0,70.0,5.0,6.0,10.0,24.0,50.0,10.0,21.0,10.0,30.0,4.0,7.0,41.0,103.0,10.0,20.0,75.0,141.0,51.0,133.0,352.0,1349,8.0,10.0,25.0,25.0,14.0,27.0,79.0,48.0,102.0,123.0,6.0,103.0,41.0,40.0,20.0,60.0,15.0,26.0,140.0,3.0,19.0,22.0,43.0,13.0,56.0,,15.0,10.0,5.0,28.0,14.0,9.0,2.0,37.0,11.0,37.0,45.0,,,,,77.0,255.0,0.32,0.3333333333333333,0.803921568627451,0.38345864661654133,0.5185185185185185,0.38345864661654133,0.5319148936170213,0.8,0.5529197080291971,0.6944444444444444,0.5961538461538461,0.5886287625418061,0.6944444444444444,0.6475409836065574,0.4854014598540146,25.093353248693052,0.7567567567567568,0.08527131782945736,0.01090909090909091,0.06985294117647059,0.07735849056603773,0.02333931777378815,,0.0891089108910891,0.06611570247933884,0.05333333333333334,,,0.25547445255474455,0.5857142857142857,0.640625,0.34146341463414637,0.18248175182481752,0.48,0.5217391304347826,0.25,0.07664233576642336,0.47619047619047616,0.47619047619047616,0.4,0.10948905109489052,0.3333333333333333,0.3333333333333333,0.9,0.3759124087591241,0.39805825242718446,0.4019607843137255,0.7804878048780488,0.3333333333333333,0.8333333333333334,0.19230769230769232,0.1346153846153846,0.5714285714285714,0.38461538461538464,0.5,0.7408759124087592,0.39805825242718446,0.5311886861313868,0.48833125,0.5052961538461538,0.07102272727272728,0.22443181818181818,6.580851063829789,25.960902255639095,0.21893491124260356,5.0,1.0,2.0,6.0,49.0,3.0,8.0,,10.0,17.0,30.0,,10.0,5.0,12.0,2.0,10.0,2.0,2.0,14.0,10.0,2.0,,1.0,1.0,,56.0,3.0,21.0,4.0,,3.0,3.0,0.375,0.4,0.07092198581560284,0.08571428571428572,0.08,0.03546099290780142,0.00847457627118644,0.03669724770642202,0.1388888888888889,0.07614213197969544,0.2,0.1111111111111111,0.5,1.0,0.3333333333333333,0.5,0.08135593220338982,0.1320754716981132,2.0,,1.0,,,3.0,,,0.09523809523809523,0.022058823529411766,2.0,5.0,0.038461538461538464,0.03125,1.0,,,0.007518796992481203,,,,2.0,,0.3333333333333333,1.0,False,,0.009708737864077669,,,,,
1642348,1610612755,Justin Edwards,Justin Edwards,1642348,PHI,50344.0,839,-188.0,1710,1705,358.0,408.0,192.0,3415,37.0,53.0,8.0,12.0,12.0,19.0,42.0,9.0,18.0,13.0,34.0,4.0,10.0,35.0,104.0,3.0,15.0,65.0,113.0,48.0,138.0,293.0,2145,12.0,21.0,40.0,21.0,7.0,25.0,56.0,68.0,62.0,135.0,16.0,104.0,35.0,34.0,15.0,49.0,10.0,25.0,113.0,16.0,36.0,27.0,70.0,34.0,104.0,5.0,29.0,16.0,13.0,17.0,9.0,13.0,2.0,30.0,48.0,77.0,24.0,11.0,5.0,11.0,6.0,53.0,352.0,0.5230769230769231,0.5964912280701754,0.9375,0.34782608695652173,0.28,0.34782608695652173,0.5752212389380531,0.5714285714285714,0.545816733067729,0.5131578947368421,0.532608695652174,0.5549242424242424,0.5128205128205128,0.5490196078431373,0.549800796812749,15.233160621761657,0.5666666666666667,0.08035714285714286,0.037825059101654845,0.09302325581395349,0.08713692946058091,0.03785103785103785,0.04568527918781726,0.10071942446043165,0.07534246575342465,0.06796116504854369,0.0423728813559322,0.5454545454545454,0.21115537848605578,0.6981132075471698,0.8043478260869565,0.5135135135135135,0.16733067729083664,0.4523809523809524,0.5135135135135135,0.5263157894736842,0.07171314741035857,0.5,0.5294117647058824,0.5555555555555556,0.13545816733067728,0.38235294117647056,0.3939393939393939,1.0,0.41434262948207173,0.33653846153846156,0.35,0.9142857142857143,0.3157894736842105,0.6666666666666666,0.2608695652173913,0.21739130434782608,0.4,0.32608695652173914,0.2,0.7609561752988048,0.33653846153846156,0.5482916334661353,0.555046551724138,0.5540282608695651,0.13651877133105803,0.19112627986348124,6.454867256637168,25.417391304347824,0.20935672514619882,11.0,,2.0,15.0,19.0,5.0,17.0,1.0,14.0,7.0,9.0,,13.0,5.0,7.0,2.0,15.0,2.0,7.0,8.0,5.0,,,1.0,3.0,,27.0,1.0,10.0,4.0,6.0,9.0,1.0,0.29411764705882354,0.6666666666666666,0.11504424778761062,0.1320754716981132,0.11904761904761904,0.03787878787878788,0.03870967741935484,0.042682926829268296,0.0392156862745098,0.10211267605633803,0.125,0.05263157894736842,,,0.39473684210526316,0.9166666666666666,0.038461538461538464,0.08196721311475409,7.0,,1.0,1.0,,,,,0.16279069767441862,,3.0,1.0,0.014084507042253521,0.014705882352941176,5.0,3.0,,0.036231884057971016,0.029411764705882353,0.07894736842105263,,5.0,,0.3333333333333333,0.8,False,0.05555555555555555,0.038461538461538464,,,,,
200768,1610612755,Kyle Lowry,Kyle Lowry,200768,PHI,37382.0,623,-56.0,1253,1254,280.0,351.0,133.0,2507,4.0,6.0,,2.0,1.0,6.0,16.0,1.0,6.0,6.0,18.0,1.0,3.0,22.0,65.0,6.0,15.0,11.0,28.0,28.0,83.0,133.0,1401,1.0,3.0,17.0,7.0,7.0,18.0,34.0,14.0,8.0,78.0,,64.0,22.0,53.0,40.0,93.0,26.0,42.0,226.0,4.0,32.0,22.0,54.0,11.0,65.0,,31.0,15.0,16.0,13.0,11.0,7.0,1.0,20.0,31.0,61.0,36.0,10.0,7.0,10.0,5.0,33.0,270.0,0.6363636363636364,0.6363636363636364,0.9285714285714286,0.3373493975903614,0.3888888888888889,0.34146341463414637,0.39285714285714285,0.3333333333333333,0.4774774774774775,0.5,0.5,0.5236220472440944,0.53125,0.5483870967741935,0.7477477477477478,10.455192034139403,0.65,0.08835341365461848,0.013793103448275862,0.09907120743034056,0.0944055944055944,0.014657980456026058,0.021897810218978103,0.023529411764705882,0.11475409836065574,0.14814814814814814,,0.5,0.05405405405405406,0.6666666666666666,0.6666666666666666,0.5,0.14414414414414414,0.375,0.5454545454545454,0.6666666666666666,0.05405405405405406,0.16666666666666666,0.25,1.0,0.16216216216216217,0.3333333333333333,0.3333333333333333,1.0,0.5855855855855856,0.3384615384615385,0.3384615384615385,0.9090909090909091,0.14285714285714285,,0.04,0.12,0.3333333333333333,0.6,0.4,0.8018018018018018,0.34375,0.5179880733944954,0.5381277777777779,0.49274347826086956,0.12781954887218044,0.2556390977443609,8.835714285714287,26.616867469879505,0.22346368715083798,1.0,1.0,1.0,10.0,27.0,4.0,11.0,3.0,2.0,9.0,6.0,1.0,7.0,14.0,7.0,4.0,5.0,4.0,,2.0,3.0,,,3.0,1.0,,33.0,,10.0,5.0,1.0,3.0,4.0,0.36363636363636365,0.2857142857142857,0.25,,0.3125,0.015432098765432098,0.00980392156862745,0.01968503937007874,0.14285714285714285,0.08264462809917356,,0.07142857142857142,1.0,1.0,0.7142857142857143,1.0,0.09016393442622951,0.2631578947368421,,,1.0,6.0,,1.0,,,,0.011904761904761904,3.0,7.0,,,,2.0,2.0,,,0.0625,,3.0,,0.3,1.0,False,0.3333333333333333,,,,,,
201569,1610612755,Eric Gordon,Eric Gordon,201569,PHI,46108.0,768,-72.0,1555,1549,393.0,373.0,167.0,3104,21.0,38.0,2.0,3.0,6.0,8.0,25.0,2.0,4.0,10.0,19.0,1.0,3.0,46.0,118.0,9.0,29.0,31.0,67.0,56.0,137.0,266.0,1849,4.0,7.0,17.0,13.0,10.0,32.0,53.0,44.0,18.0,159.0,4.0,116.0,46.0,37.0,28.0,65.0,17.0,28.0,158.0,4.0,17.0,17.0,38.0,8.0,46.0,4.0,26.0,10.0,16.0,12.0,8.0,16.0,2.0,28.0,19.0,32.0,33.0,10.0,3.0,12.0,11.0,53.0,384.0,0.7096774193548387,0.7586206896551724,0.9464285714285714,0.40875912408759124,0.3125,0.4148148148148148,0.4626865671641791,0.5714285714285714,0.5637254901960784,0.4722222222222222,0.4444444444444444,0.5866666666666667,0.4722222222222222,0.49074074074074076,0.6715686274509803,14.482758620689657,0.42857142857142855,0.05014749262536873,0.011730205278592375,0.05167173252279635,0.05089820359281437,0.011560693641618497,0.006993006993006993,0.028985507246376812,0.05384615384615385,0.06521739130434782,0.04,0.9166666666666666,0.18627450980392157,0.5526315789473685,0.7,0.6666666666666666,0.12254901960784313,0.32,0.42105263157894735,0.75,0.0196078431372549,0.5,0.5,1.0,0.09313725490196079,0.5263157894736842,0.5263157894736842,1.0,0.5784313725490197,0.3898305084745763,0.3898305084745763,0.9347826086956522,0.16666666666666666,0.6666666666666666,0.13333333333333333,0.06666666666666667,0.3333333333333333,0.6444444444444445,0.3103448275862069,0.8578431372549019,0.39655172413793105,0.539572772277228,0.54253,0.5393697674418605,0.06390977443609022,0.19924812030075187,4.714925373134329,27.268613138686135,0.2527331189710611,3.0,,2.0,9.0,36.0,3.0,11.0,,5.0,13.0,9.0,2.0,14.0,11.0,7.0,2.0,4.0,8.0,3.0,4.0,8.0,2.0,,2.0,1.0,,48.0,3.0,18.0,4.0,4.0,1.0,3.0,0.2727272727272727,0.38461538461538464,0.208955223880597,0.21052631578947367,0.24,0.011396011396011397,0.02,0.013937282229965157,0.08450704225352113,0.046413502109704644,,0.1111111111111111,,,0.5,0.5,0.09049773755656108,0.21951219512195122,4.0,1.0,,,2.0,2.0,2.0,2.0,0.10256410256410256,0.014388489208633094,2.0,,,,,,3.0,,,,,3.0,,0.3333333333333333,1.0,False,,,,,,,
202331,1610612755,Paul George,Paul George,202331,PHI,79768.0,1329,-79.0,2701,2682,500.0,532.0,281.0,5383,57.0,78.0,5.0,7.0,9.0,37.0,99.0,53.0,123.0,14.0,49.0,3.0,9.0,82.0,219.0,11.0,38.0,147.0,300.0,96.0,268.0,661.0,3057,13.0,23.0,58.0,43.0,14.0,47.0,111.0,82.0,212.0,189.0,4.0,217.0,82.0,99.0,78.0,177.0,52.0,76.0,432.0,7.0,95.0,83.0,194.0,23.0,217.0,2.0,75.0,46.0,29.0,69.0,44.0,37.0,2.0,106.0,42.0,101.0,110.0,17.0,6.0,20.0,13.0,106.0,481.0,0.2789115646258503,0.2827586206896552,0.65625,0.3582089552238806,0.2978723404255319,0.3609022556390977,0.49,0.5652173913043478,0.5123239436619719,0.6829268292682927,0.45555555555555555,0.5409836065573771,0.6904761904761905,0.5285714285714286,0.47183098591549294,23.74626369976752,0.6509433962264151,0.15063520871143377,0.010869565217391304,0.14728682170542637,0.1488294314381271,0.017336485421591805,0.011583011583011582,0.125,0.1825726141078838,0.14285714285714285,0.006666666666666667,0.65,0.13732394366197184,0.7307692307692307,0.8260869565217391,0.3333333333333333,0.1742957746478873,0.37373737373737376,0.4157303370786517,0.24324324324324326,0.21654929577464788,0.43089430894308944,0.43089430894308944,0.24528301886792453,0.08626760563380281,0.2857142857142857,0.2857142857142857,0.8571428571428571,0.3855633802816901,0.3744292237442922,0.3761467889908257,0.6219512195121951,0.17073170731707318,0.7142857142857143,0.1,0.1,0.3333333333333333,0.4222222222222222,0.2894736842105263,0.6091549295774648,0.3778801843317972,0.5079075221238938,0.4727928571428571,0.4931132183908046,0.08774583963691376,0.16792738275340394,10.870333333333333,26.031343283582107,0.18511662347278784,7.0,1.0,3.0,15.0,79.0,10.0,18.0,2.0,20.0,29.0,99.0,2.0,19.0,26.0,18.0,5.0,15.0,15.0,4.0,25.0,19.0,3.0,,4.0,5.0,,97.0,10.0,41.0,9.0,10.0,12.0,5.0,0.5555555555555556,0.46511627906976744,0.06333333333333334,0.11538461538461539,0.10101010101010101,0.024,0.01593625498007968,0.02240325865580448,0.1276595744680851,0.1488469601677149,0.2,0.07317073170731707,0.3333333333333333,1.0,0.36585365853658536,0.7777777777777778,0.07321131447587355,0.12386706948640483,16.0,2.0,9.0,2.0,1.0,3.0,3.0,2.0,0.3333333333333333,0.011111111111111112,7.0,6.0,,0.029850746268656716,1.0,1.0,1.0,0.0037313432835820895,,0.017543859649122806,1.0,9.0,1.0,0.6,0.5555555555555556,False,,0.0045662100456621,,1.0,1.0,,
203083,1610612755,Andre Drummond,Andre Drummond,203083,PHI,44541.0,742,-245.0,1475,1496,222.0,238.0,202.0,2971,86.0,148.0,30.0,63.0,22.0,24.0,60.0,1.0,2.0,2.0,8.0,,1.0,1.0,12.0,,3.0,111.0,210.0,3.0,20.0,285.0,1820,33.0,69.0,86.0,30.0,,4.0,62.0,142.0,80.0,6.0,56.0,10.0,1.0,22.0,12.0,34.0,7.0,13.0,80.0,67.0,98.0,84.0,199.0,106.0,305.0,11.0,39.0,20.0,19.0,18.0,9.0,36.0,3.0,54.0,52.0,94.0,66.0,17.0,10.0,18.0,9.0,62.0,220.0,0.6396396396396397,0.8554216867469879,0.6666666666666666,0.15,,0.16666666666666666,0.5285714285714286,0.4782608695652174,0.5021739130434782,0.4859154929577465,0.6176470588235294,0.5317164179104478,0.5180722891566265,0.62,0.08695652173913043,18.764568764568764,0.3333333333333333,0.26666666666666666,0.1606714628297362,0.29080118694362017,0.2791411042944785,0.13527851458885942,0.19101123595505617,0.23529411764705882,0.2777777777777778,0.30666666666666664,0.12941176470588237,0.5,0.6434782608695652,0.581081081081081,0.6564885496183206,0.5813953488372093,0.2608695652173913,0.4,0.5,0.8333333333333334,0.008695652173913044,0.5,0.5,1.0,0.034782608695652174,0.25,0.25,0.5,0.05217391304347826,0.08333333333333333,0.08333333333333333,1.0,0.8873239436619719,0.47619047619047616,0.6470588235294118,0.029411764705882353,,0.08823529411764706,,0.7304347826086957,0.1,0.5852236842105261,0.6045882352941175,0.576503125,0.3017543859649123,0.21754385964912282,3.13904761904762,28.605,0.15050847457627117,16.0,1.0,2.0,,54.0,1.0,2.0,17.0,21.0,20.0,3.0,2.0,29.0,5.0,6.0,3.0,35.0,6.0,3.0,9.0,6.0,4.0,,15.0,1.0,,85.0,9.0,37.0,10.0,7.0,2.0,10.0,0.5,0.7,0.1380952380952381,0.11486486486486487,0.2,0.10385756676557864,0.13793103448275862,0.09398496240601503,0.32075471698113206,0.2862595419847328,0.1,0.028169014084507043,0.5,,,0.7272727272727273,0.1434108527131783,0.15546218487394958,17.0,,15.0,,,,1.0,1.0,0.53125,,10.0,4.0,0.13846153846153847,0.14084507042253522,,4.0,,,,0.10526315789473684,1.0,,,,,False,,,,,5.0,1.0,4.0
203954,1610612755,Joel Embiid,Joel Embiid,203954,PHI,34180.0,570,-51.0,1167,1166,237.0,239.0,105.0,2333,49.0,78.0,10.0,21.0,13.0,41.0,87.0,27.0,73.0,,,,,23.0,75.0,3.0,7.0,117.0,238.0,23.0,75.0,452.0,1294,14.0,32.0,45.0,48.0,3.0,7.0,100.0,126.0,108.0,66.0,20.0,75.0,23.0,47.0,37.0,84.0,30.0,36.0,205.0,22.0,67.0,48.0,119.0,36.0,155.0,13.0,14.0,10.0,4.0,32.0,14.0,30.0,3.0,62.0,21.0,42.0,117.0,17.0,7.0,18.0,8.0,97.0,231.0,0.5384615384615384,0.5887850467289719,0.9565217391304348,0.30666666666666664,0.42857142857142855,0.30666666666666664,0.49159663865546216,0.4375,0.4840255591054313,0.4,0.5181818181818182,0.5767263427109974,0.5113636363636364,0.6410256410256411,0.23961661341853036,35.175097276264594,0.5161290322580645,0.19433198380566802,0.08560311284046693,0.22635135135135134,0.21178637200736647,0.06605504587155964,0.08,0.13580246913580246,0.208,0.21951219512195122,0.08280254777070063,0.4444444444444444,0.24920127795527156,0.6282051282051282,0.6621621621621622,0.5918367346938775,0.2779552715654952,0.47126436781609193,0.5125,0.4878048780487805,0.23322683706070288,0.3698630136986301,0.38028169014084506,0.5185185185185185,,,,,0.23961661341853036,0.30666666666666664,0.3108108108108108,0.9565217391304348,0.6,0.47619047619047616,0.23636363636363636,,,0.12727272727272726,0.42857142857142855,0.48881789137380194,0.30666666666666664,0.5006246006389776,0.561225,0.4668918181818182,0.09955752212389381,0.22123893805309736,9.338655462184873,26.441333333333333,0.20308483290488433,8.0,,,3.0,149.0,,3.0,17.0,24.0,43.0,3.0,,13.0,7.0,8.0,3.0,14.0,11.0,4.0,18.0,14.0,7.0,,3.0,1.0,,169.0,13.0,77.0,14.0,9.0,2.0,11.0,,0.5,0.0546218487394958,0.05128205128205128,0.08045977011494253,0.04861111111111111,0.12631578947368421,0.04,0.2682926829268293,0.22897196261682243,0.1,,,,0.08571428571428572,0.6153846153846154,0.20424403183023873,0.25496688741721857,4.0,,4.0,,1.0,,1.0,,0.25,,2.0,1.0,0.03225806451612903,0.07936507936507936,1.0,,1.0,0.013333333333333334,,,,,,,,False,0.0273972602739726,0.013333333333333334,,1.0,,,1.0
202704,1610612755,Reggie Jackson,Reggie Jackson,202704,PHI,23040.0,384,-19.0,761,764,217.0,201.0,86.0,1525,11.0,19.0,1.0,2.0,4.0,12.0,28.0,4.0,12.0,6.0,15.0,1.0,4.0,19.0,59.0,6.0,23.0,27.0,59.0,25.0,74.0,136.0,880,1.0,3.0,11.0,10.0,7.0,27.0,33.0,24.0,30.0,60.0,2.0,57.0,19.0,24.0,21.0,45.0,13.0,16.0,111.0,4.0,25.0,8.0,34.0,8.0,42.0,2.0,16.0,10.0,6.0,9.0,9.0,8.0,1.0,17.0,10.0,34.0,8.0,3.0,1.0,3.0,,33.0,217.0,0.4444444444444444,0.46153846153846156,0.8,0.33783783783783783,0.25925925925925924,0.3472222222222222,0.4576271186440678,0.3333333333333333,0.4849624060150376,0.7857142857142857,0.3918918918918919,0.49635036496350365,0.7857142857142857,0.4125,0.556390977443609,17.92782305005821,0.5294117647058824,0.05228758169934641,0.023255813953488372,0.13089005235602094,0.09593023255813954,0.0221606648199446,0.013888888888888888,0.05172413793103448,0.05405405405405406,0.16216216216216217,0.0273972602739726,,0.14285714285714285,0.5789473684210527,0.6470588235294118,0.6363636363636364,0.21052631578947367,0.42857142857142855,0.42857142857142855,0.4166666666666667,0.09022556390977443,0.3333333333333333,0.3333333333333333,,0.11278195488721804,0.4,0.4,1.0,0.44360902255639095,0.3220338983050847,0.3275862068965517,0.7368421052631579,0.2857142857142857,0.5,0.10810810810810811,0.10810810810810811,0.25,0.6216216216216216,0.2608695652173913,0.6992481203007519,0.3333333333333333,0.515079389312977,0.51815,0.49906428571428574,0.08088235294117647,0.2426470588235294,7.913559322033897,26.62837837837838,0.2851511169513798,1.0,1.0,2.0,2.0,7.0,3.0,4.0,,4.0,4.0,15.0,2.0,2.0,8.0,6.0,2.0,4.0,3.0,1.0,,4.0,1.0,1.0,,1.0,,9.0,1.0,3.0,2.0,2.0,,2.0,0.75,0.4,0.03389830508474576,0.10526315789473684,,0.021164021164021163,0.0136986301369863,0.028169014084507043,0.047619047619047616,0.12337662337662338,,0.2857142857142857,0.5,1.0,0.2857142857142857,0.25,0.022222222222222223,0.04918032786885246,1.0,,1.0,,,,,,0.06666666666666667,,1.0,2.0,0.07407407407407407,,1.0,,,0.013513513513513514,,,,2.0,,1.0,1.0,False,,0.01694915254237288,,,,,
1629022,1610612755,Lonnie Walker IV,Lonnie Walker IV,1629022,PHI,10713.0,179,-84.0,370,376,81.0,103.0,51.0,746,7.0,12.0,,,1.0,3.0,12.0,1.0,5.0,2.0,7.0,,2.0,13.0,37.0,2.0,10.0,11.0,29.0,15.0,44.0,77.0,476,1.0,1.0,10.0,1.0,2.0,12.0,10.0,14.0,8.0,36.0,,34.0,13.0,8.0,9.0,17.0,8.0,6.0,43.0,4.0,10.0,15.0,25.0,4.0,29.0,2.0,4.0,3.0,1.0,8.0,7.0,3.0,,11.0,6.0,7.0,10.0,3.0,1.0,3.0,2.0,10.0,79.0,0.6363636363636364,0.6363636363636364,0.8,0.3409090909090909,0.16666666666666666,0.36585365853658536,0.3793103448275862,1.0,0.4589041095890411,0.6666666666666666,0.3076923076923077,0.4935897435897436,0.7142857142857143,0.35714285714285715,0.6027397260273972,20.843091334894616,0.7272727272727273,0.20833333333333334,0.043010752688172046,0.10989010989010989,0.15337423312883436,0.021505376344086023,0.022222222222222223,0.23333333333333334,0.16129032258064516,0.08695652173913043,0.05,0.6666666666666666,0.1643835616438356,0.5833333333333334,0.6363636363636364,0.7142857142857143,0.1643835616438356,0.25,0.3333333333333333,0.6666666666666666,0.0684931506849315,0.2,0.2,,0.0958904109589041,0.2857142857142857,0.2857142857142857,1.0,0.5068493150684932,0.35135135135135137,0.35135135135135137,0.7692307692307693,,,0.07692307692307693,0.15384615384615385,,0.7692307692307693,0.2,0.7671232876712328,0.38235294117647056,0.5389721428571429,0.5174500000000001,0.5679590909090909,0.12987012987012986,0.12987012987012986,6.531034482758621,27.706818181818175,0.21891891891891893,1.0,,1.0,4.0,10.0,2.0,5.0,2.0,1.0,2.0,9.0,3.0,4.0,1.0,2.0,,,1.0,,1.0,5.0,,,1.0,,,12.0,1.0,5.0,1.0,2.0,,1.0,0.4,1.0,0.13793103448275862,0.08333333333333333,0.25,,0.08823529411764706,,0.2727272727272727,0.11764705882352941,,0.16666666666666666,,,0.6666666666666666,1.0,0.06493506493506493,0.15151515151515152,,1.0,,,1.0,,,,,,1.0,,,,,,,,,,,2.0,,0.5,1.0,False,,,,,,,
1629656,1610612755,Quentin Grimes,Quentin Grimes,1629656,PHI,33298.0,555,-127.0,1138,1140,242.0,274.0,139.0,2278,56.0,80.0,6.0,10.0,14.0,12.0,26.0,15.0,30.0,15.0,29.0,3.0,9.0,32.0,92.0,9.0,19.0,83.0,136.0,47.0,121.0,356.0,1424,8.0,14.0,41.0,34.0,12.0,28.0,99.0,62.0,104.0,102.0,8.0,92.0,32.0,34.0,29.0,63.0,22.0,25.0,155.0,9.0,47.0,25.0,73.0,19.0,92.0,6.0,26.0,12.0,14.0,23.0,11.0,19.0,3.0,42.0,23.0,38.0,60.0,9.0,4.0,11.0,4.0,97.0,237.0,0.37349397590361444,0.3924050632911392,0.723404255319149,0.3884297520661157,0.42857142857142855,0.3884297520661157,0.6102941176470589,0.5714285714285714,0.5972762645914397,0.6296296296296297,0.6290322580645161,0.6232394366197183,0.6612903225806451,0.6621621621621622,0.4708171206225681,25.1349267540478,0.5476190476190477,0.09727626459143969,0.03180212014134275,0.16666666666666666,0.13358070500927643,0.03220035778175313,0.032,0.09166666666666666,0.038834951456310676,0.17857142857142858,0.05217391304347826,0.36363636363636365,0.311284046692607,0.7,0.7671232876712328,0.44642857142857145,0.10116731517509728,0.46153846153846156,0.5217391304347826,0.25,0.11673151750972763,0.5,0.5,0.2,0.11284046692607004,0.5172413793103449,0.5172413793103449,0.8666666666666667,0.35797665369649806,0.34782608695652173,0.34782608695652173,0.65625,0.37037037037037035,0.6,0.22580645161290322,0.14516129032258066,0.3333333333333333,0.3064516129032258,0.47368421052631576,0.7821011673151751,0.34782608695652173,0.5642953125000002,0.5398906250000001,0.5391459016393443,0.1151685393258427,0.27808988764044945,6.2970588235294125,25.843801652892562,0.2126537785588752,12.0,,5.0,8.0,49.0,6.0,13.0,7.0,21.0,21.0,39.0,,10.0,7.0,6.0,3.0,9.0,6.0,9.0,12.0,10.0,,,2.0,5.0,,69.0,8.0,21.0,10.0,5.0,6.0,9.0,0.46153846153846156,0.6176470588235294,0.07352941176470588,0.0875,0.11538461538461539,0.03260869565217391,0.04424778761061947,0.032407407407407406,0.29411764705882354,0.16161616161616163,0.16666666666666666,0.18518518518518517,,,0.2962962962962963,0.8571428571428571,0.08791208791208792,0.14093959731543623,1.0,,,1.0,3.0,4.0,2.0,2.0,0.058823529411764705,0.024193548387096774,4.0,2.0,,0.03333333333333333,,1.0,,,,0.05,,6.0,,0.75,0.6666666666666666,False,,,,,,,
1630215,1610612755,Jared Butler,Jared Butler,1630215,PHI,17308.0,288,-48.0,609,606,151.0,186.0,63.0,1215,15.0,21.0,2.0,2.0,5.0,15.0,31.0,1.0,3.0,3.0,9.0,,2.0,12.0,40.0,2.0,7.0,31.0,55.0,15.0,49.0,131.0,720,2.0,3.0,6.0,13.0,2.0,9.0,38.0,10.0,52.0,33.0,,40.0,12.0,42.0,20.0,62.0,11.0,30.0,144.0,2.0,20.0,10.0,31.0,3.0,34.0,2.0,8.0,4.0,4.0,14.0,10.0,8.0,2.0,22.0,13.0,25.0,19.0,5.0,2.0,5.0,4.0,36.0,147.0,0.16129032258064516,0.16129032258064516,0.7333333333333333,0.30612244897959184,0.2222222222222222,0.30612244897959184,0.5636363636363636,0.6666666666666666,0.5144230769230769,0.3333333333333333,0.5454545454545454,0.5555555555555556,0.42857142857142855,0.6333333333333333,0.47115384615384615,20.471281296023562,0.6363636363636364,0.07462686567164178,0.015384615384615385,0.12903225806451613,0.10380622837370242,0.010830324909747292,0.034482758620689655,0.03125,0.1111111111111111,0.15555555555555556,0.04,0.8,0.20192307692307693,0.7142857142857143,0.8333333333333334,0.2,0.2980769230769231,0.4838709677419355,0.5,0.13333333333333333,0.028846153846153848,0.3333333333333333,0.5,,0.08653846153846154,0.3333333333333333,0.3333333333333333,1.0,0.38461538461538464,0.3,0.3,0.6666666666666666,0.3333333333333333,1.0,0.22727272727272727,0.09090909090909091,,0.3181818181818182,0.2857142857142857,0.6730769230769231,0.3,0.5323577669902912,0.5321,0.5230309523809524,0.04580152671755725,0.2900763358778626,5.809090909090908,26.397959183673468,0.24794745484400657,5.0,,1.0,2.0,24.0,,3.0,2.0,9.0,14.0,12.0,,5.0,9.0,8.0,4.0,1.0,4.0,2.0,4.0,5.0,,,,,,27.0,,11.0,2.0,3.0,3.0,1.0,,0.6923076923076923,0.09090909090909091,0.14285714285714285,0.03225806451612903,0.006802721088435374,,0.008403361344537815,0.125,0.11818181818181818,,0.16666666666666666,,,0.3333333333333333,1.0,0.09565217391304348,0.16666666666666666,1.0,,,1.0,1.0,,,,0.06666666666666667,,4.0,,,,,,,,,,,,,,,False,0.3333333333333333,,,,,,
1631250,1610612755,Pete Nance,Pete Nance,1631250,PHI,4106.0,68,-12.0,130,132,50.0,54.0,17.0,262,1.0,2.0,,,,,1.0,,,1.0,1.0,1.0,1.0,3.0,11.0,1.0,3.0,1.0,3.0,4.0,12.0,15.0,158,,,3.0,,2.0,4.0,7.0,2.0,,12.0,,10.0,3.0,1.0,2.0,3.0,2.0,,8.0,,3.0,4.0,8.0,2.0,10.0,,1.0,,1.0,,,,,,4.0,10.0,1.0,,,,,7.0,50.0,1.0,1.0,1.0,0.3333333333333333,0.5,0.36363636363636365,0.3333333333333333,,0.4666666666666667,1.5,0.75,0.46875,1.5,0.7,0.8,10.666666666666666,,0.19047619047619047,,0.08333333333333333,0.12280701754385964,0.031746031746031744,,,0.2727272727272727,0.18181818181818182,,,0.13333333333333333,0.5,0.5,1.0,0.06666666666666667,,,,,,,,0.06666666666666667,1.0,1.0,1.0,0.7333333333333333,0.2727272727272727,0.3,1.0,,,,0.25,1.0,0.75,0.3333333333333333,0.9333333333333333,0.3,0.5226392857142858,0.4779,0.5406,0.2,0.4666666666666667,4.5,30.733333333333334,0.38461538461538464,,,,1.0,1.0,1.0,1.0,,,1.0,,1.0,,,1.0,,2.0,,,,,,,,,,2.0,,,1.0,,3.0,1.0,1.0,,,,,0.058823529411764705,,0.06896551724137931,0.14285714285714285,0.04,,,,,1.0,,,,1.0,,,,,,,,0.14285714285714285,,,3.0,,,1.0,,,0.08333333333333333,,,,1.0,,1.0,1.0,False,,0.09090909090909091,,,,,
1631311,1610612755,Lester Quinones,Lester Quinones,1631311,PHI,1018.0,17,-4.0,41,42,30.0,20.0,4.0,83,4.0,4.0,2.0,2.0,3.0,,1.0,,,,,,,,3.0,,2.0,4.0,5.0,,3.0,9.0,43,2.0,2.0,5.0,4.0,,2.0,6.0,2.0,6.0,,4.0,3.0,,1.0,,1.0,,,2.0,2.0,1.0,,1.0,3.0,4.0,1.0,,,,3.0,2.0,1.0,1.0,4.0,,,1.0,,,,,6.0,30.0,0.25,0.5,,,,,0.8,1.0,0.5,0.6666666666666666,0.5,0.5625,0.8333333333333334,0.5,0.375,26.08695652173913,0.75,,0.3333333333333333,0.09090909090909091,0.06666666666666667,0.17647058823529413,0.5,,,,0.25,,0.5,1.0,1.0,0.25,0.125,,,,,,,,,,,,0.375,,,,0.6666666666666666,1.0,0.5,,,0.3333333333333333,,0.875,,0.59383125,0.7112,0.58955,0.5555555555555556,0.6666666666666666,3.12,26.866666666666664,0.7317073170731707,3.0,,,1.0,1.0,,1.0,1.0,3.0,,,,,,,1.0,1.0,,,1.0,4.0,,,,,,1.0,1.0,1.0,,,,,,0.75,,,,0.09090909090909091,,0.1111111111111111,,0.125,,,,,0.3333333333333333,1.0,0.125,0.2,,,,,,,,,,,,,,,,,,,,,,,,,,False,,,,,,,
1642024,1610612755,Alex Reese,Alex Reese,1642024,PHI,6846.0,114,63.0,241,237,79.0,79.0,22.0,478,4.0,4.0,1.0,1.0,2.0,1.0,2.0,1.0,1.0,2.0,6.0,1.0,2.0,5.0,14.0,5.0,7.0,6.0,7.0,7.0,20.0,36.0,256,1.0,2.0,2.0,4.0,6.0,9.0,25.0,10.0,2.0,21.0,2.0,14.0,5.0,1.0,1.0,2.0,1.0,,5.0,,8.0,9.0,19.0,5.0,24.0,,7.0,5.0,2.0,3.0,3.0,1.0,,4.0,8.0,13.0,6.0,8.0,2.0,8.0,4.0,25.0,79.0,0.8333333333333334,1.0,1.0,0.35,0.6666666666666666,0.35,0.8571428571428571,0.5,0.6111111111111112,0.16666666666666666,0.9230769230769231,0.6206896551724138,0.16666666666666666,0.8928571428571429,0.7407407407407407,12.452830188679245,0.75,0.14516129032258066,,0.13559322033898305,0.14049586776859505,0.054945054945054944,,0.14814814814814814,0.14814814814814814,0.17391304347826086,,0.5,0.14814814814814814,1.0,1.0,0.75,0.07407407407407407,0.5,0.5,1.0,0.037037037037037035,1.0,1.0,1.0,0.2222222222222222,0.3333333333333333,0.3333333333333333,1.0,0.5185185185185185,0.35714285714285715,0.35714285714285715,1.0,0.16666666666666666,1.0,0.15384615384615385,0.15384615384615385,0.5,0.5384615384615384,0.7142857142857143,0.8888888888888888,0.35714285714285715,0.5406555555555556,0.5552250000000001,0.5254230769230769,0.05555555555555555,0.6944444444444444,5.4,25.190000000000005,0.3278008298755187,2.0,,1.0,3.0,3.0,,4.0,,3.0,1.0,,,,,,1.0,5.0,,,,,,,2.0,,,5.0,1.0,2.0,1.0,6.0,1.0,1.0,,0.75,,,,0.09259259259259259,,0.09302325581395349,0.125,0.1111111111111111,,0.16666666666666666,,,0.5,1.0,0.07142857142857142,0.25,2.0,,1.0,2.0,,,,,0.2857142857142857,,,,,0.09090909090909091,,,,,,,1.0,,,,,False,,,,,,,
1629052,1610612755,Oshae Brissett,Oshae Brissett,1629052,PHI,5434.0,91,-3.0,185,183,57.0,56.0,22.0,368,8.0,11.0,4.0,4.0,4.0,2.0,3.0,,,1.0,4.0,,1.0,4.0,8.0,,,10.0,14.0,5.0,12.0,38.0,233,4.0,4.0,11.0,5.0,,1.0,5.0,10.0,10.0,9.0,8.0,8.0,4.0,1.0,2.0,3.0,2.0,1.0,8.0,4.0,3.0,1.0,5.0,6.0,11.0,,3.0,1.0,2.0,6.0,2.0,2.0,,8.0,3.0,7.0,8.0,3.0,,3.0,,5.0,57.0,0.5,0.8333333333333334,0.6,0.4166666666666667,,0.4166666666666667,0.7142857142857143,1.0,0.6730769230769231,1.1,0.3333333333333333,0.6785714285714286,0.9166666666666666,0.4166666666666667,0.46153846153846156,17.224880382775122,0.75,0.02564102564102564,0.09523809523809523,0.07317073170731707,0.05,0.06976744186046512,0.07692307692307693,,0.1,0.09090909090909091,,,0.4230769230769231,0.7272727272727273,0.7272727272727273,0.5,0.11538461538461539,0.6666666666666666,1.0,0.5,,,,,0.15384615384615385,0.25,0.25,,0.3076923076923077,0.5,0.5,0.75,0.8,1.0,0.6666666666666666,0.16666666666666666,,,,0.8846153846153846,0.5,0.5833,0.6697249999999999,0.5717416666666666,0.2894736842105263,0.13157894736842105,2.357142857142857,25.366666666666664,0.3081081081081081,2.0,,,1.0,3.0,1.0,1.0,,2.0,1.0,6.0,,1.0,,,,2.0,1.0,1.0,4.0,2.0,,,,,,8.0,2.0,4.0,,3.0,,,1.0,0.4,0.07142857142857142,,0.3333333333333333,0.045454545454545456,0.15,0.029411764705882353,,0.06666666666666667,,,,,0.2,0.5,0.14285714285714285,0.25,1.0,,,2.0,,,,,0.3333333333333333,,3.0,1.0,,0.1,,,,,,,,1.0,,1.0,1.0,False,,,,,,,
1629643,1610612755,Chuma Okeke,Chuma Okeke,1629643,PHI,2127.0,35,-6.0,72,72,23.0,16.0,10.0,144,2.0,2.0,2.0,2.0,,,,,,,2.0,,,1.0,2.0,,,2.0,2.0,1.0,4.0,7.0,94,2.0,2.0,4.0,,,,,,4.0,3.0,4.0,2.0,1.0,1.0,1.0,2.0,,,5.0,3.0,2.0,2.0,4.0,4.0,8.0,,2.0,1.0,1.0,,,1.0,,1.0,1.0,1.0,1.0,,,,,,23.0,,,1.0,0.25,,0.25,1.0,1.0,0.5833333333333334,1.0,,0.5833333333333334,1.0,,0.6666666666666666,8.536585365853659,,0.14285714285714285,0.2,0.15384615384615385,0.14814814814814814,0.125,0.16666666666666666,,0.3333333333333333,0.2,,,0.3333333333333333,1.0,1.0,,,,,,,,,,0.3333333333333333,,,,0.3333333333333333,0.5,0.5,1.0,1.0,1.0,,,,,,1.0,0.5,0.5860166666666666,0.6365000000000001,,0.5714285714285714,,0.65,24.549999999999997,0.3194444444444444,,,,,,,,,,,,,,1.0,,1.0,1.0,,1.0,,1.0,,,1.0,,,,,,,,,,,,,,,0.058823529411764705,0.2,0.07142857142857142,,0.125,,,,,,,,,,,,,,,,,,,1.0,,0.25,,,,,,,,,,,,,False,,,,,,,
1641720,1610612755,Jalen Hood-Schifino,Jalen Hood-Schifino,1641720,PHI,4469.0,74,-10.0,155,154,73.0,62.0,18.0,309,2.0,4.0,,,1.0,2.0,3.0,2.0,4.0,2.0,3.0,,1.0,5.0,14.0,1.0,3.0,6.0,11.0,7.0,17.0,36.0,200,,,,6.0,1.0,4.0,11.0,2.0,10.0,12.0,,14.0,5.0,3.0,2.0,5.0,1.0,3.0,12.0,1.0,5.0,3.0,8.0,1.0,9.0,,2.0,1.0,1.0,,,1.0,,1.0,4.0,7.0,5.0,1.0,1.0,1.0,,9.0,71.0,0.16666666666666666,0.16666666666666666,0.5714285714285714,0.4117647058823529,0.25,0.4117647058823529,0.5454545454545454,,0.5892857142857143,,0.45,0.6,,0.5,0.6071428571428571,17.816091954022987,,0.10714285714285714,0.03225806451612903,0.16666666666666666,0.13793103448275862,0.014705882352941176,,0.125,0.1111111111111111,0.1111111111111111,,,0.14285714285714285,0.5,0.5,,0.10714285714285714,0.6666666666666666,0.6666666666666666,,0.14285714285714285,0.5,0.5,0.5,0.10714285714285714,0.6666666666666666,0.6666666666666666,1.0,0.5,0.35714285714285715,0.35714285714285715,0.4,,,0.1,0.1,,0.3,0.3333333333333333,0.75,0.35714285714285715,0.49644464285714296,,0.47029000000000004,,0.3055555555555556,10.781818181818181,25.86470588235294,0.47096774193548385,1.0,,,,3.0,,,,3.0,2.0,9.0,,,1.0,,,,,,,,,,1.0,1.0,,4.0,,1.0,1.0,,,,,0.5,,,,,0.08333333333333333,,,0.19047619047619047,,,,,,1.0,0.034482758620689655,0.08333333333333333,,,1.0,,,,,,,,,1.0,,,,,,,,,,,,,,False,,,,,,,
