EntityId,TeamId,Name,ShortName,RowId,TeamAbbreviation,SecondsPlayed,Minutes,PlusMinus,OffPoss,DefPoss,SecondChanceOffPoss,TotalPoss,ShortMidRangeFGM,ShortMidRangeFGA,LongMidRangeFGM,LongMidRangeFGA,Arc3FGA,FG2M,FG2A,FG3A,Points,OpponentPoints,PtsUnassisted2s,NonHeaveArc3FGA,TwoPtAssists,Assists,AtRimAssists,AssistPoints,Steals,BadPassSteals,FoulsDrawn,Fg2Pct,EfgPct,TsPct,FG3APct,Usage,ShortMidRangeFrequency,ShortMidRangeAccuracy,UnblockedShortMidRangeAccuracy,LongMidRangeFrequency,LongMidRangeAccuracy,UnblockedLongMidRangeAccuracy,Arc3Frequency,AtRimFG3AFrequency,ShotQualityAvg,Avg2ptShotDistance,Avg3ptShotDistance,PenaltyOffPoss,PenaltyDefPoss,AtRimFGM,AtRimFGA,SecondChanceAtRimFGA,PenaltyAtRimFGM,PenaltyAtRimFGA,Arc3FGM,SecondChanceArc3FGA,PenaltyArc3FGM,PenaltyArc3FGA,FG3M,SecondChanceFG2A,SecondChanceFG3A,PenaltyFG2M,PenaltyFG2A,PenaltyFG3M,PenaltyFG3A,PenaltyPoints,PtsAssisted2s,PtsAssisted3s,PtsUnassisted3s,NonHeaveArc3FGM,Fg2aBlocked,LongMidRangeAssists,OffTwoPtRebounds,DefTwoPtRebounds,DefRebounds,OffRebounds,Rebounds,SelfOReb,LiveBallTurnovers,LostBallTurnovers,Turnovers,PenaltyTurnovers,ShootingFouls,Fouls,PenaltyPointsExcludingTakeFouls,PenaltyOffPossExcludingTakeFouls,Assisted2sPct,NonPutbacksAssisted2sPct,Assisted3sPct,Fg3Pct,PenaltyFg3Pct,NonHeaveFg3Pct,PenaltyFg2Pct,PenaltyEfgPct,PenaltyTsPct,FG2APctBlocked,AtRimPctBlocked,LiveBallTurnoverPct,DefTwoPtReboundPct,OffTwoPtReboundPct,DefFGReboundPct,OffFGReboundPct,OffAtRimReboundPct,DefShortMidRangeReboundPct,SelfORebPct,AtRimFrequency,AtRimAccuracy,UnblockedAtRimAccuracy,AtRimPctAssisted,Arc3Accuracy,UnblockedArc3Accuracy,Arc3PctAssisted,SecondChanceAtRimFrequency,SecondChanceArc3Frequency,PenaltyAtRimFrequency,PenaltyAtRimAccuracy,PenaltyArc3Frequency,PenaltyArc3Accuracy,NonHeaveArc3Accuracy,SecondChanceShotQualityAvg,PenaltyShotQualityAvg,PenaltyPointsPct,PenaltyOffPossPct,SecondChanceAtRimFGM,SecondChanceFG2M,SecondChancePoints,OffThreePtRebounds,DefThreePtRebounds,FTDefRebounds,DeadBallTurnovers,LostBallOutOfBoundsTurnovers,SecondChanceFg2Pct,SecondChanceEfgPct,SecondChanceTsPct,DefFTReboundPct,DefThreePtReboundPct,OffThreePtReboundPct,OffLongMidRangeReboundPct,OffArc3ReboundPct,OffCorner3ReboundPct,DefAtRimReboundPct,DefArc3ReboundPct,SecondChanceAtRimAccuracy,SecondChanceAtRimPctAssisted,SecondChancePointsPct,PtsPutbacks,ThreePtAssists,Arc3Assists,Corner3FGA,FtPoints,PenaltyFtPoints,LostBallSteals,Charge Fouls,Loose Ball Fouls,Loose Ball Fouls Drawn,FTA,2pt And 1 Free Throw Trips,TwoPtShootingFoulsDrawn,NonShootingFoulsDrawn,Blocked2s,BlockedShortMidRange,Blocks,RecoveredBlocks,NonShootingPenaltyNonTakeFouls,NonShootingPenaltyNonTakeFoulsDrawn,DefCorner3ReboundPct,BlocksRecoveredPct,Corner3Frequency,ShootingFoulsDrawnPct,TwoPtShootingFoulsDrawnPct,BadPassOutOfBoundsTurnovers,LongMidRangePctAssisted,BadPassTurnovers,BlockedAtRim,DefensiveGoaltends,on,Corner3FGM,PenaltyCorner3FGM,PenaltyCorner3FGA,SecondChanceArc3FGM,SecondChanceFG3M,HeaveAttempts,Fg3aBlocked,Corner3Assists,ShortMidRangeAssists,StepOutOfBoundsTurnovers,Travels,SecondChanceTurnovers,Clear Path Fouls,Offensive Fouls,Charge Fouls Drawn,Offensive Fouls Drawn,Technical Free Throw Trips,Defensive 3 Seconds Violations,SecondChanceFg3Pct,FG3APctBlocked,ShortMidRangePctBlocked,Corner3PctBlocked,OffShortMidRangeReboundPct,DefLongMidRangeReboundPct,ShortMidRangePctAssisted,Corner3Accuracy,UnblockedCorner3Accuracy,Corner3PctAssisted,SecondChanceArc3Accuracy,SecondChanceArc3PctAssisted,PenaltyCorner3Frequency,PenaltyCorner3Accuracy,SecondChanceCorner3FGM,SecondChanceCorner3FGA,SecondChanceFtPoints,FTOffRebounds,Transition Take Fouls,OffFTReboundPct,SecondChanceCorner3Frequency,SecondChanceCorner3Accuracy,SecondChanceCorner3PctAssisted,LongMidRangePctBlocked,Arc3PctBlocked,Blocked3s,BlockedArc3,BlockedCorner3,OffensiveGoaltends,Transition Take Fouls Drawn,ThreePtShootingFoulsDrawn,BlockedLongMidRange,3SecondViolations,ThreePtShootingFoulsDrawnPct,3pt And 1 Free Throw Trips
1626156,1610612747,D'Angelo Russell,D'Angelo Russell,1626156,LAL,380.0,6,2.0,12,12,2.0,24,1.0,1.0,1.0,1.0,1.0,2.0,2.0,1.0,4.0,11,4.0,1.0,2.0,2.0,2.0,4.0,1.0,1.0,1.0,1.0,0.6666666666666666,0.6666666666666666,0.3333333333333333,21.428571428571427,0.3333333333333333,1.0,1.0,0.3333333333333333,1.0,1.0,0.3333333333333333,0.3333333333333333,0.4795333333333333,12.7,25.0,,,,,,,,,,,,,,,,,,,,,,,,,,,,,,,,,,,,,,,,,,,,,,,,,,,,,,,,,,,,,,,,,,,,,,,,,,,,,,,,,,,,,,,,,,,,,,,,,,,,,,,,,,,,,,,,,,,,,,,,,,,,,,,,,True,,,,,,,,,,,,,,,,,,,,,,,,,,,,,,,,,,,,,,,,,,,,,,,,,,,,,
1631108,1610612747,Max Christie,Max Christie,1631108,LAL,1272.0,21,-10.0,42,41,4.0,83,1.0,2.0,,,9.0,4.0,8.0,9.0,17.0,49,4.0,9.0,3.0,3.0,2.0,6.0,1.0,1.0,,0.5,0.5,0.5,0.5294117647058824,39.130434782608695,0.1176470588235294,0.5,0.5,,,,0.5294117647058824,0.8823529411764706,0.4929058823529412,4.675,25.811111111111103,19.0,16.0,3.0,6.0,1.0,1.0,1.0,3.0,1.0,3.0,6.0,3.0,1.0,1.0,1.0,1.0,3.0,6.0,11.0,4.0,6.0,3.0,3.0,1.0,1.0,1.0,2.0,2.0,1.0,3.0,1.0,1.0,1.0,1.0,1.0,1.0,1.0,11.0,19.0,0.5,0.5,0.6666666666666666,0.3333333333333333,0.5,0.3333333333333333,1.0,0.7857142857142857,0.7857142857142857,0.125,0.1666666666666666,1.0,0.2857142857142857,0.125,0.1333333333333333,0.0476190476190476,0.3333333333333333,0.4,0.1111111111111111,0.3529411764705882,0.5,0.6,0.6666666666666666,0.3333333333333333,0.3333333333333333,0.6666666666666666,0.5,0.5,0.1428571428571428,1.0,0.8571428571428571,0.5,0.3333333333333333,0.6646,0.4541428571428571,0.6470588235294118,0.4523809523809524,,,,,,,,,,,,,,,,,,,,,,,,,,,,,,,,,,,,,,,,,,,,,,,,,,,,,True,,,,,,,,,,,,,,,,,,,,,,,,,,,,,,,,,,,,,,,,,,,,,,,,,,,,,
1631132,1610612747,Christian Koloko,Christian Koloko,1631132,LAL,1663.0,28,-25.0,57,54,8.0,111,,1.0,1.0,1.0,1.0,4.0,6.0,1.0,8.0,66,2.0,1.0,1.0,1.0,1.0,2.0,,,1.0,0.6666666666666666,0.5714285714285714,0.5714285714285714,0.1428571428571428,12.307692307692308,0.1428571428571428,,,0.1428571428571428,1.0,1.0,0.1428571428571428,0.7142857142857143,0.6125071428571428,5.1000000000000005,25.4,27.0,18.0,3.0,4.0,3.0,3.0,4.0,,,,1.0,,4.0,,3.0,4.0,,1.0,6.0,6.0,,,,1.0,,2.0,3.0,7.0,4.0,11.0,,,,1.0,1.0,4.0,4.0,6.0,27.0,0.75,0.75,,,,,0.75,0.6,0.6,0.1666666666666666,0.25,,0.3333333333333333,0.1176470588235294,0.3,0.1212121212121212,0.1428571428571428,,,0.5714285714285714,0.75,1.0,1.0,,,,0.75,,0.8,0.75,0.2,,,0.6069,0.68225,0.75,0.4736842105263157,2.0,2.0,4.0,2.0,3.0,1.0,1.0,1.0,0.5,0.5,0.5,0.5,0.2727272727272727,0.125,0.25,0.0666666666666666,1.0,0.75,0.3,0.6666666666666666,1.0,0.5,,,,,,,,,,,,,,,,,,,,,,,,,,,,,,,True,,,,,,,,,,,,,,,,,,,,,,,,,,,,,,,,,,,,,,,,,,,,,,,,,,,,,
1641721,1610612747,Maxwell Lewis,Maxwell Lewis,1641721,LAL,1763.0,29,-25.0,60,57,8.0,117,,1.0,,3.0,,2.0,6.0,,4.0,69,2.0,,1.0,2.0,1.0,5.0,1.0,1.0,,0.3333333333333333,0.3333333333333333,0.3333333333333333,,11.76470588235294,0.1666666666666666,,,0.5,,,,0.3333333333333333,0.4514499999999999,12.533333333333331,,30.0,21.0,2.0,2.0,1.0,,,,,,,,1.0,,,1.0,,,,2.0,,,,,,,,,2.0,2.0,,,,2.0,1.0,1.0,1.0,,30.0,0.5,1.0,,,,,,,,,,,,,,0.0588235294117647,,,,0.3333333333333333,1.0,1.0,0.5,,,,1.0,,,,,,,,0.3503,,0.5,1.0,1.0,2.0,2.0,,,2.0,2.0,1.0,1.0,1.0,,,0.125,,0.1333333333333333,,,,1.0,,0.5,2.0,1.0,1.0,,,,,,,,,,,,,,,,,,,,,,,,,,,,True,,,,,,,,,,,,,,,,,,,,,,,,,,,,,,,,,,,,,,,,,,,,,,,,,,,,,
1642422,1610612747,Armel Traoré,Armel Traoré,1642422,LAL,1575.0,26,-21.0,53,51,8.0,104,,1.0,,,1.0,2.0,5.0,2.0,6.0,60,,1.0,,,,,3.0,2.0,5.0,0.4,0.2857142857142857,0.3,0.2857142857142857,18.0327868852459,0.1428571428571428,,,,,,0.1428571428571428,0.8571428571428571,0.6297785714285714,3.12,24.25,27.0,17.0,2.0,4.0,,,2.0,,,,,,,,,3.0,,,1.0,4.0,,,,1.0,,,1.0,6.0,,6.0,,,,1.0,,,4.0,1.0,27.0,1.0,1.0,,,,,,,0.1,0.2,0.25,,0.1428571428571428,,0.2777777777777778,,,0.25,,0.5714285714285714,0.5,0.6666666666666666,1.0,,,,,,0.6666666666666666,,,,,,0.6608666666666666,0.1666666666666666,0.5094339622641509,,,,,4.0,1.0,1.0,,,,,0.5,0.3636363636363636,,,,,,0.3,,,,,,,1.0,2.0,1.0,1.0,1.0,1.0,1.0,7.0,1.0,2.0,2.0,1.0,1.0,1.0,1.0,1.0,2.0,1.0,1.0,0.1428571428571428,0.25,0.3333333333333333,,,,,,True,,,,,,,,,,,,,,,,,,,,,,,,,,,,,,,,,,,,,,,,,,,,,,,,,,,,,
1629216,1610612747,Gabe Vincent,Gabe Vincent,1629216,LAL,968.0,16,-13.0,34,33,4.0,67,,,1.0,3.0,5.0,1.0,4.0,5.0,5.0,38,,5.0,,,,,1.0,1.0,,0.25,0.2777777777777778,0.2777777777777778,0.5555555555555556,26.31578947368421,,,,0.3333333333333333,0.3333333333333333,0.3333333333333333,0.5555555555555556,0.6666666666666666,0.4731888888888889,13.3,26.92,30.0,15.0,,1.0,,,1.0,1.0,,1.0,5.0,1.0,,,,3.0,1.0,5.0,3.0,2.0,,3.0,1.0,,,,,,,,,,,1.0,1.0,,,3.0,30.0,1.0,1.0,,0.2,0.2,0.2,,0.1875,0.1875,,,,,,,,,,,0.1111111111111111,,,,0.2,0.2,,,,0.125,,0.625,0.2,0.2,,0.4781625,0.6,0.8823529411764706,,,,,,,1.0,,,,,,,,,,,,,,,,,,,,,,,,,,,,,,,,,,,,,,,,,1.0,1.0,,,,True,,,,,,,,,,,,,,,,,,,,,,,,,,,,,,,,,,,,,,,,,,,,,,,,,,,,,
1629629,1610612747,Cam Reddish,Cam Reddish,1629629,LAL,333.0,6,-6.0,12,11,3.0,23,,,,,1.0,,,1.0,,11,,1.0,2.0,2.0,2.0,4.0,,,,,,,1.0,13.333333333333334,,,,,,,1.0,1.0,0.5286,,24.6,11.0,,,,,,,,,,1.0,,,,,,,1.0,,,,,,,,,,,,,,1.0,,1.0,1.0,,,,11.0,,,,,,,,,,,,1.0,,,,,,,,,,,,,,,,,,,1.0,,,,0.5286,,0.9166666666666666,,,,,,,,,,,,,,,,,,,,,,,,,,,,,,,,,,,,,,,,,,,,,,,,,,1.0,,,True,,,,,,,,,,,,,,,,,,,,,,,,,,,,,,,,,,,,,,,,,,,,,,,,,,,,,
1642261,1610612747,Dalton Knecht,Dalton Knecht,1642261,LAL,269.0,4,-1.0,7,7,1.0,14,,,,,1.0,,,1.0,,8,,1.0,,1.0,,3.0,,,,,,,1.0,12.5,,,,,,,1.0,1.0,0.51585,,25.1,3.0,3.0,,,,,,,,,,,,,,,,,,,,,,,,,,1.0,,1.0,,,,,,,,,3.0,,,,,,,,,,,,,,,0.25,,,,,,,,,,,,,,,,,,,,,,0.4285714285714285,,,,,1.0,,,,,,,,0.5,,,,,,0.5,,,,,1.0,1.0,,,,,,,,,,,,,,,,,,,,,,,,,,,,True,,,,,,,,,,,,,,,,,,,,,,,,,,,,,,,,,,,,,,,,,,,,,,,,,,,,,
1642355,1610612747,Bronny James,Bronny James,1642355,LAL,346.0,6,-13.0,13,11,1.0,24,,2.0,,,,,2.0,,,18,,,,,,,,,,,,,,14.285714285714285,1.0,,,,,,,,0.3857,7.8,,3.0,9.0,,,,,,,,,,,,,,,,,,,,,,,,,,,,,,,,,,1.0,1.0,,3.0,,,,,,,,,,,,,,,,,,,,,,,,,,,,,,,,,,,,,0.2307692307692307,,,,,,,,,,,,,,,,,,,,,,,,,,,,,,,,,,,,,1.0,,1.0,,,,,,,,,,,,1.0,1.0,True,,,,,,,,,,,,,,,,,,,,,,,,,,,,,,,,,,,,,,,,,,,,,,,,,,,,,
1641720,1610612747,Jalen Hood-Schifino,Jalen Hood-Schifino,1641720,LAL,88.0,1,-4.0,4,3,,7,,,,,,,,,,6,,,,,,,,,,,,,,,,,,,,,,,,,,,1.0,,,,,,,,,,,,,,,,,,,,,,,,,,,,,,,,,,,,,,,,,,,,,,,,,,,,,,,,,,,,,,,,,,,,,,,,,,,,,,,,,,,,,,,,,,,,,,,,,,,,,,,,,,,,,,,,,,,,,,,,,,,,,,,True,,,,,,,,,,,,,,,,,,,,,,,,,,,,,,,,,,,,,,,,,,,,,,,,,,,,,
1642439,1610612747,Quincy Olivari,Quincy Olivari,1642439,LAL,158.0,3,-9.0,6,5,1.0,11,,,,,,,,,,9,,,,,,,,,,,,,,14.285714285714285,,,,,,,,,,,,,5.0,,,,,,,,,,,,,,,,,,,,,,,,,,,,,,,,1.0,,,,,,,,,,,,,,,,,,,,,,,,,,,,,,,,,,,,,,,,,,,,,,,,,1.0,,,,,,,,,,,,,,,,,,,,,,,,,,,,,,,,,,,,,,,,,1.0,,,,,True,,,,,,,,,,,,,,,,,,,,,,,,,,,,,,,,,,,,,,,,,,,,,,,,,,,,,
1626156,1610612747,D'Angelo Russell,D'Angelo Russell,1626156,LAL,45423.0,757,45.0,1558,1552,161.0,3110,32.0,63.0,7.0,22.0,150.0,71.0,141.0,167.0,355.0,1773,80.0,149.0,84.0,133.0,57.0,315.0,22.0,18.0,54.0,0.5035460992907801,0.5032467532467533,0.5331325301204819,0.5422077922077922,21.9162363740677,0.2045454545454545,0.5079365079365079,0.5245901639344263,0.0714285714285714,0.3181818181818182,0.3181818181818182,0.487012987012987,0.724025974025974,0.528770684039088,7.54468085106383,26.2748502994012,460.0,269.0,32.0,56.0,4.0,10.0,12.0,51.0,24.0,15.0,48.0,56.0,7.0,24.0,18.0,28.0,18.0,55.0,109.0,62.0,108.0,60.0,51.0,8.0,10.0,4.0,36.0,72.0,8.0,80.0,3.0,30.0,8.0,50.0,19.0,24.0,53.0,107.0,454.0,0.4366197183098591,0.4366197183098591,0.6428571428571429,0.3353293413173652,0.3272727272727272,0.3373493975903614,0.6428571428571429,0.5421686746987951,0.5797872340425532,0.0567375886524822,0.1071428571428571,0.6,0.0947368421052631,0.0113960113960113,0.0928667563930013,0.0117474302496328,0.017094017094017,0.08,0.0180722891566265,0.1818181818181818,0.5714285714285714,0.64,0.625,0.34,0.34,0.6078431372549019,0.1290322580645161,0.7741935483870968,0.144578313253012,0.8333333333333334,0.5783132530120482,0.3125,0.3422818791946309,0.5727921052631579,0.5217774390243903,0.3070422535211267,0.2952503209242619,2.0,3.0,45.0,4.0,33.0,3.0,20.0,1.0,0.4285714285714285,0.7258064516129032,0.7258064516129032,0.125,0.0909090909090909,0.0121212121212121,,0.0113636363636363,0.0151515151515151,0.112,0.0875912408759124,0.5,1.0,0.1267605633802817,,49.0,42.0,17.0,45.0,19.0,4.0,1.0,,1.0,53.0,4.0,23.0,5.0,4.0,3.0,4.0,1.0,2.0,4.0,0.1011235955056179,0.25,0.0551948051948051,0.0703363914373088,0.14375,7.0,0.2857142857142857,22.0,1.0,,False,5.0,3.0,7.0,13.0,13.0,1.0,1.0,7.0,17.0,1.0,1.0,1.0,1.0,8.0,1.0,7.0,1.0,1.0,0.5416666666666666,0.0059880239520958,0.0317460317460317,0.0588235294117647,0.0121212121212121,0.109090909090909,0.28125,0.2941176470588235,0.3125,1.0,0.5416666666666666,0.6923076923076923,0.0843373493975903,0.4285714285714285,,,,,,,,,,,,,,,,,,,,,
1629060,1610612747,Rui Hachimura,Rui Hachimura,1629060,LAL,112127.0,1869,158.0,3787,3794,356.0,7581,38.0,100.0,19.0,42.0,137.0,191.0,329.0,247.0,775.0,4289,70.0,137.0,31.0,84.0,21.0,221.0,45.0,32.0,85.0,0.5805471124620061,0.5972222222222222,0.6180223285486444,0.4288194444444444,16.037959667852906,0.1736111111111111,0.38,0.5,0.0729166666666666,0.4523809523809524,0.4523809523809524,0.2378472222222222,0.7534722222222222,0.5647971354166669,5.424924012158056,24.79311740890688,674.0,554.0,134.0,187.0,32.0,28.0,34.0,53.0,18.0,8.0,19.0,102.0,42.0,29.0,31.0,44.0,14.0,35.0,116.0,312.0,294.0,12.0,53.0,40.0,4.0,34.0,81.0,216.0,79.0,295.0,13.0,32.0,15.0,49.0,10.0,48.0,105.0,116.0,662.0,0.8167539267015707,0.8666666666666667,0.9607843137254902,0.4129554655870445,0.4,0.4129554655870445,0.7045454545454546,0.6582278481012658,0.6590909090909091,0.121580547112462,0.0855614973262032,0.6530612244897959,0.0888157894736842,0.0398126463700234,0.1046698872785829,0.0453190220632081,0.0465116279069767,0.0829787234042553,0.0537190082644628,0.3246527777777778,0.7165775401069518,0.783625730994152,0.8283582089552238,0.3868613138686131,0.3868613138686131,0.9622641509433962,0.4507042253521127,0.2535211267605634,0.430379746835443,0.8235294117647058,0.240506329113924,0.4210526315789473,0.3868613138686131,0.5558892857142856,0.6056253164556961,0.1496774193548387,0.1779772907314497,15.0,19.0,89.0,42.0,114.0,21.0,17.0,4.0,0.4523809523809524,0.5422535211267606,0.5705128205128205,0.3684210526315789,0.1198738170347003,0.0510328068043742,0.0359281437125748,0.0546623794212218,0.0398009950248756,0.0897009966777408,0.1183844011142061,0.46875,0.2,0.1148387096774193,22.0,53.0,42.0,110.0,87.0,12.0,13.0,,18.0,2.0,113.0,11.0,60.0,2.0,26.0,12.0,26.0,22.0,8.0,1.0,0.1244635193133047,0.8461538461538461,0.1909722222222222,0.096,0.1587301587301587,5.0,0.6842105263157895,17.0,14.0,3.0,False,49.0,6.0,16.0,6.0,13.0,,,11.0,6.0,3.0,2.0,2.0,,3.0,1.0,3.0,,,0.4482758620689655,,0.24,,0.0372960372960372,0.1063829787234042,0.8421052631578947,0.4454545454545454,0.4454545454545454,0.9591836734693876,0.3333333333333333,0.6666666666666666,0.2025316455696202,0.375,7.0,11.0,12.0,3.0,2.0,0.0375,0.1549295774647887,0.6363636363636364,0.8571428571428571,,,,,,,,,,,,
1629216,1610612747,Gabe Vincent,Gabe Vincent,1629216,LAL,90533.0,1509,59.0,3078,3065,311.0,6143,19.0,44.0,12.0,22.0,192.0,58.0,107.0,304.0,455.0,3479,48.0,189.0,54.0,98.0,31.0,240.0,50.0,27.0,45.0,0.5420560747663551,0.5352798053527981,0.5403800475059383,0.7396593673965937,13.412860052371254,0.1070559610705596,0.4318181818181818,0.4871794871794871,0.0535279805352798,0.5454545454545454,0.6,0.4671532846715328,0.8394160583941606,0.5368617647058823,7.999065420560746,25.52861842105262,853.0,790.0,27.0,41.0,1.0,7.0,11.0,64.0,18.0,22.0,61.0,108.0,5.0,27.0,10.0,21.0,32.0,92.0,125.0,68.0,285.0,39.0,64.0,8.0,5.0,12.0,34.0,72.0,20.0,92.0,3.0,18.0,2.0,40.0,13.0,84.0,152.0,123.0,844.0,0.5862068965517241,0.5964912280701754,0.8796296296296297,0.3552631578947368,0.3478260869565217,0.3588039867109635,0.4761904761904761,0.5132743362831859,0.5296610169491526,0.0747663551401869,0.024390243902439,0.45,0.0468965517241379,0.0183767228177641,0.0490670352453351,0.0144508670520231,0.0163934426229508,0.0477453580901856,0.0133333333333333,0.0997566909975669,0.6585365853658537,0.675,0.6666666666666666,0.3333333333333333,0.3350785340314136,0.796875,0.03125,0.5625,0.0973451327433628,0.6363636363636364,0.5398230088495575,0.360655737704918,0.3386243386243386,0.5279934782608694,0.531950900900901,0.2747252747252747,0.2771280051981806,1.0,5.0,43.0,8.0,37.0,1.0,22.0,2.0,1.0,0.671875,0.671875,0.0153846153846153,0.0512465373961218,0.0109439124487004,0.0307692307692307,0.0124555160142348,0.0059171597633136,0.043859649122807,0.0409982174688057,1.0,,0.0945054945054945,2.0,44.0,23.0,112.0,15.0,9.0,23.0,1.0,5.0,2.0,21.0,1.0,6.0,5.0,13.0,11.0,13.0,6.0,15.0,4.0,0.0869565217391304,0.4615384615384615,0.2725060827250608,0.0144230769230769,0.0535714285714285,9.0,0.5,16.0,2.0,,False,44.0,10.0,31.0,7.0,11.0,3.0,4.0,21.0,18.0,1.0,1.0,2.0,,8.0,11.0,7.0,,,0.4074074074074074,0.0131578947368421,0.1136363636363636,0.0267857142857142,0.0147058823529411,0.05,0.5263157894736842,0.3928571428571428,0.4036697247706422,1.0,0.3888888888888889,1.0,0.2743362831858407,0.3225806451612903,4.0,9.0,,,,,0.28125,0.4444444444444444,1.0,0.0909090909090909,0.0052083333333333,,,,,,,,,,
1629629,1610612747,Cam Reddish,Cam Reddish,1629629,LAL,35032.0,584,-85.0,1174,1200,114.0,2374,4.0,14.0,1.0,3.0,23.0,25.0,47.0,46.0,105.0,1414,24.0,23.0,10.0,21.0,9.0,53.0,33.0,16.0,23.0,0.5319148936170213,0.478494623655914,0.5048076923076923,0.4946236559139785,8.825786646201076,0.1505376344086021,0.2857142857142857,0.3333333333333333,0.032258064516129,0.3333333333333333,0.3333333333333333,0.2473118279569892,0.8172043010752689,0.5694739130434783,4.597872340425533,24.721739130434777,295.0,212.0,20.0,30.0,3.0,10.0,16.0,6.0,3.0,2.0,5.0,13.0,5.0,7.0,10.0,18.0,4.0,9.0,37.0,26.0,39.0,,6.0,5.0,,12.0,23.0,49.0,17.0,66.0,3.0,6.0,3.0,11.0,3.0,26.0,43.0,35.0,294.0,0.52,0.5909090909090909,1.0,0.2826086956521739,0.4444444444444444,0.2826086956521739,0.5555555555555556,0.5925925925925926,0.578125,0.1063829787234042,0.1,0.5454545454545454,0.0790378006872852,0.0441176470588235,0.0802139037433155,0.0301318267419962,0.0641025641025641,0.0949367088607595,0.0638297872340425,0.3225806451612903,0.6666666666666666,0.7407407407407407,0.55,0.2608695652173913,0.2608695652173913,1.0,0.25,0.25,0.5925925925925926,0.625,0.1851851851851851,0.4,0.2608695652173913,0.5794083333333333,0.6121611111111113,0.3523809523809524,0.2512776831345826,2.0,3.0,6.0,4.0,22.0,4.0,5.0,3.0,0.6,0.25,0.25,0.1379310344827586,0.0814814814814814,0.0154440154440154,0.0689655172413793,0.0201005025125628,,0.0707070707070707,0.0879629629629629,0.6666666666666666,,0.0571428571428571,6.0,11.0,7.0,23.0,16.0,5.0,17.0,1.0,,1.0,26.0,4.0,13.0,2.0,10.0,8.0,10.0,5.0,2.0,1.0,0.0555555555555555,0.5,0.2473118279569892,0.1274509803921568,0.2321428571428571,,1.0,3.0,2.0,,False,7.0,2.0,4.0,,,,,4.0,1.0,,,1.0,,1.0,,1.0,,,,,0.1428571428571428,,0.0220588235294117,0.0294117647058823,0.25,0.3043478260869565,0.3043478260869565,1.0,,,0.1481481481481481,0.5,,4.0,,1.0,,0.04,0.3333333333333333,,,,,,,,,,,,,,
1631132,1610612747,Christian Koloko,Christian Koloko,1631132,LAL,18827.0,314,18.0,641,643,75.0,1284,4.0,10.0,,1.0,1.0,36.0,56.0,3.0,82.0,696,12.0,1.0,8.0,15.0,5.0,37.0,8.0,5.0,19.0,0.6428571428571429,0.6101694915254238,0.6212121212121212,0.0508474576271186,10.6353591160221,0.1694915254237288,0.4,0.5,0.0169491525423728,,,0.0169491525423728,0.8135593220338984,0.6012881355932205,3.0928571428571425,24.83333333333333,195.0,192.0,32.0,45.0,8.0,8.0,13.0,,1.0,,1.0,,10.0,2.0,10.0,15.0,,1.0,27.0,60.0,,,,7.0,1.0,20.0,26.0,50.0,31.0,81.0,1.0,5.0,3.0,11.0,2.0,31.0,40.0,27.0,194.0,0.8333333333333334,0.967741935483871,,,,,0.6666666666666666,0.625,0.6428571428571429,0.125,0.1111111111111111,0.4545454545454545,0.1793103448275862,0.1324503311258278,0.1587837837837837,0.1013071895424836,0.1224489795918367,0.136986301369863,0.0625,0.7627118644067796,0.7111111111111111,0.8,0.875,,,,0.6666666666666666,0.0833333333333333,0.8125,0.6153846153846154,0.0625,,,0.5594333333333333,0.637915625,0.3292682926829268,0.3042121684867395,4.0,5.0,13.0,11.0,21.0,3.0,6.0,1.0,0.5,0.4166666666666667,0.4333333333333333,0.2142857142857142,0.1390728476821192,0.0709677419354838,0.0333333333333333,0.0707964601769911,0.0714285714285714,0.25,0.1596638655462184,0.5,,0.1585365853658536,10.0,7.0,5.0,2.0,10.0,7.0,3.0,,4.0,7.0,14.0,,4.0,3.0,14.0,9.0,16.0,7.0,1.0,3.0,0.0625,0.4375,0.0338983050847457,0.0634920634920634,0.0666666666666666,1.0,,2.0,5.0,,False,,,,,,,,2.0,2.0,,,3.0,,,,1.0,,,,,0.2,,0.1805555555555555,0.15,0.5,,,,,,,,,1.0,3.0,,,,0.0833333333333333,,,,,2.0,1.0,1.0,3.0,,,,,,
203076,1610612747,Anthony Davis,Anthony Davis,203076,LAL,86373.0,1440,21.0,2905,2912,285.0,5817,114.0,260.0,54.0,125.0,84.0,372.0,664.0,94.0,1081.0,3343,300.0,84.0,84.0,141.0,53.0,339.0,54.0,38.0,235.0,0.5602409638554217,0.5461741424802111,0.6018930957683741,0.1240105540897097,30.53152039555006,0.3430079155672823,0.4384615384615384,0.4710743801652892,0.1649076517150395,0.432,0.4426229508196721,0.1108179419525065,0.4920844327176781,0.5228928759894458,7.225451807228914,25.95851063829787,738.0,520.0,204.0,279.0,85.0,53.0,77.0,28.0,5.0,9.0,24.0,28.0,109.0,5.0,96.0,158.0,9.0,27.0,317.0,444.0,81.0,3.0,28.0,34.0,10.0,79.0,194.0,380.0,119.0,499.0,15.0,56.0,29.0,93.0,25.0,48.0,82.0,310.0,728.0,0.5967741935483871,0.683076923076923,0.9642857142857144,0.2978723404255319,0.3333333333333333,0.2978723404255319,0.6075949367088608,0.5918918918918918,0.6443089430894309,0.0512048192771084,0.046594982078853,0.6021505376344086,0.2763532763532763,0.1136690647482014,0.2588401697312588,0.0935023771790808,0.1625615763546798,0.2861035422343324,0.0471698113207547,0.3680738786279683,0.7311827956989247,0.7669172932330827,0.5931372549019608,0.3333333333333333,0.3333333333333333,0.9642857142857144,0.7456140350877193,0.043859649122807,0.4162162162162162,0.6883116883116883,0.1297297297297297,0.375,0.3333333333333333,0.5717192771084337,0.5344705405405407,0.2932469935245143,0.2540447504302926,54.0,63.0,153.0,39.0,172.0,14.0,37.0,12.0,0.5779816513761468,0.5526315789473685,0.583969465648855,0.2592592592592592,0.2415730337078651,0.0687830687830687,0.0476190476190476,0.0751708428246013,0.046875,0.2627118644067797,0.2388888888888889,0.6352941176470588,0.0555555555555555,0.1415356151711378,94.0,57.0,43.0,10.0,253.0,98.0,16.0,,12.0,14.0,321.0,38.0,139.0,38.0,85.0,52.0,90.0,61.0,3.0,29.0,0.25,0.6777777777777778,0.0131926121372031,0.1627906976744186,0.1816993464052287,11.0,0.5925925925925926,27.0,31.0,1.0,False,,,3.0,,,,,14.0,21.0,1.0,2.0,8.0,,8.0,2.0,3.0,3.0,,,,0.0692307692307692,,0.1130434782608695,0.2727272727272727,0.6052631578947368,,,,,,0.0162162162162162,,,,27.0,1.0,,0.0135135135135135,,,,0.024,,5.0,3.0,2.0,,1.0,1.0,2.0,1.0,0.0105263157894736,
2544,1610612747,LeBron James,LeBron James,2544,LAL,146666.0,2444,-54.0,4980,4983,463.0,9963,146.0,317.0,71.0,174.0,359.0,502.0,874.0,396.0,1710.0,5835,620.0,357.0,377.0,575.0,268.0,1348.0,70.0,57.0,264.0,0.5743707093821511,0.5712598425196851,0.6028995756718529,0.3118110236220472,30.260303687635574,0.2496062992125984,0.4605678233438486,0.4982935153583617,0.137007874015748,0.4080459770114942,0.4080459770114942,0.2826771653543307,0.6133858267716535,0.5238167192429023,7.382151029748282,26.781565656565636,1082.0,965.0,285.0,383.0,44.0,59.0,80.0,136.0,30.0,27.0,70.0,149.0,83.0,38.0,94.0,158.0,29.0,74.0,348.0,384.0,309.0,138.0,136.0,50.0,20.0,39.0,211.0,474.0,72.0,546.0,24.0,156.0,43.0,260.0,55.0,42.0,99.0,339.0,1063.0,0.3824701195219123,0.3983402489626556,0.6912751677852349,0.3762626262626262,0.3918918918918919,0.3781725888324873,0.5949367088607594,0.5926724137931034,0.6286231884057971,0.05720823798627,0.0678851174934725,0.6,0.1822107081174438,0.0379746835443038,0.1883503401360544,0.0333333333333333,0.0560471976401179,0.1824324324324324,0.0427046263345195,0.3015748031496063,0.7441253263707572,0.7983193277310925,0.4631578947368421,0.3788300835654596,0.3798882681564245,0.6617647058823529,0.3636363636363636,0.2479338842975206,0.3448275862068966,0.7375,0.3017241379310345,0.3857142857142857,0.3809523809523809,0.5202559210526316,0.517073695652174,0.2035087719298245,0.2172690763052208,31.0,48.0,146.0,33.0,232.0,31.0,104.0,14.0,0.5783132530120482,0.5330578512396694,0.5572519083969466,0.3131313131313131,0.1943048576214405,0.029126213592233,0.0148514851485148,0.0273483947681331,0.0342465753424657,0.1666666666666666,0.2103524229074889,0.7045454545454546,0.2903225806451613,0.0853801169590643,40.0,198.0,126.0,37.0,259.0,73.0,13.0,2.0,10.0,10.0,331.0,33.0,149.0,25.0,39.0,17.0,39.0,20.0,5.0,20.0,0.1433566433566433,0.5128205128205128,0.0291338582677165,0.1094312455003599,0.1505050505050505,59.0,0.2112676056338028,113.0,20.0,1.0,False,13.0,2.0,4.0,9.0,11.0,2.0,1.0,72.0,89.0,3.0,10.0,11.0,,11.0,9.0,2.0,5.0,1.0,0.2894736842105263,0.0025252525252525,0.0757097791798107,,0.0349794238683127,0.2159090909090909,0.3082191780821918,0.3513513513513513,0.3513513513513513,1.0,0.3,0.8888888888888888,0.0172413793103448,0.5,2.0,8.0,17.0,,,,0.0661157024793388,0.25,1.0,,0.0027855153203342,,,,,,3.0,2.0,,0.0075187969924812,
1629637,1610612747,Jaxson Hayes,Jaxson Hayes,1629637,LAL,65562.0,1093,88.0,2231,2232,197.0,4463,16.0,40.0,,,2.0,161.0,220.0,3.0,383.0,2498,46.0,2.0,22.0,58.0,9.0,152.0,31.0,18.0,112.0,0.7318181818181818,0.7219730941704036,0.7199248120300752,0.0134529147982062,12.515188335358443,0.179372197309417,0.4,0.4705882352941176,,,,0.0089686098654708,0.820627802690583,0.6260766816143499,2.579090909090909,26.399999999999995,369.0,372.0,145.0,180.0,32.0,19.0,21.0,,,,1.0,,36.0,,19.0,23.0,,2.0,57.0,276.0,,,,11.0,2.0,37.0,90.0,191.0,78.0,269.0,6.0,16.0,6.0,43.0,4.0,95.0,136.0,57.0,369.0,0.8571428571428571,0.9452054794520548,,,,,0.8260869565217391,0.76,0.7916666666666666,0.05,0.0277777777777777,0.3720930232558139,0.1584507042253521,0.0844748858447488,0.1649862511457378,0.0770020533880903,0.1111111111111111,0.18,0.125,0.8071748878923767,0.8055555555555556,0.8285714285714286,0.8551724137931035,,,,0.8888888888888888,,0.84,0.9047619047619048,0.04,,,0.6084625,0.665276,0.1488250652741514,0.1653966831017481,21.0,22.0,53.0,38.0,90.0,11.0,27.0,,0.6111111111111112,0.6111111111111112,0.6309523809523809,0.2340425531914893,0.1720841300191204,0.0708955223880597,0.025,0.072992700729927,0.064,0.1508379888268156,0.1704834605597964,0.65625,0.1904761904761904,0.1383812010443864,30.0,36.0,27.0,1.0,61.0,19.0,13.0,2.0,10.0,17.0,98.0,12.0,47.0,8.0,47.0,22.0,51.0,23.0,2.0,8.0,0.1769230769230769,0.4509803921568627,0.0044843049327354,0.1821705426356589,0.1843137254901961,4.0,,10.0,25.0,5.0,False,,,1.0,,,,,9.0,11.0,1.0,1.0,8.0,,17.0,1.0,6.0,,4.0,,,0.15,,0.0887850467289719,0.1011235955056179,0.875,,,,,,0.04,,,,9.0,3.0,,0.0588235294117647,,,,,,4.0,3.0,1.0,2.0,,,,,,
1630559,1610612747,Austin Reaves,Austin Reaves,1630559,LAL,153005.0,2550,195.0,5203,5211,489.0,10414,117.0,255.0,23.0,54.0,462.0,277.0,506.0,531.0,1475.0,6013,310.0,454.0,264.0,420.0,178.0,996.0,81.0,56.0,320.0,0.5474308300395256,0.5564127290260367,0.6151898734177215,0.5120540019286403,23.53348330160928,0.2459016393442623,0.4588235294117647,0.5223214285714286,0.0520732883317261,0.4259259259259259,0.4423076923076923,0.4455159112825458,0.7020250723240116,0.5247624148003892,6.882411067193677,26.884745762711862,1015.0,844.0,137.0,197.0,19.0,26.0,40.0,168.0,31.0,24.0,95.0,200.0,30.0,38.0,51.0,96.0,28.0,106.0,290.0,244.0,432.0,168.0,168.0,43.0,22.0,32.0,106.0,268.0,61.0,329.0,19.0,139.0,48.0,177.0,36.0,81.0,151.0,278.0,994.0,0.4404332129963899,0.4501845018450184,0.72,0.3766478342749529,0.2641509433962264,0.3824091778202677,0.53125,0.4603960396039604,0.5637450199203188,0.0849802371541501,0.0507614213197969,0.7853107344632768,0.0863895680521597,0.0290644868301544,0.1068979427188382,0.0266785237883503,0.0273972602739726,0.0793650793650793,0.0388548057259713,0.1899710703953712,0.6954314720812182,0.732620320855615,0.4671532846715328,0.3636363636363636,0.3668122270742358,0.6666666666666666,0.2794117647058823,0.4558823529411764,0.198019801980198,0.65,0.4702970297029702,0.2526315789473684,0.3700440528634361,0.5501633333333334,0.5108005181347152,0.1966101694915254,0.1950797616759561,11.0,16.0,96.0,28.0,159.0,3.0,38.0,6.0,0.5333333333333333,0.5882352941176471,0.6168831168831169,0.0265486725663716,0.1269968051118211,0.024390243902439,0.0248756218905472,0.0232288037166085,0.0278745644599303,0.0606060606060606,0.127545551982851,0.5789473684210527,0.3636363636363636,0.0650847457627118,12.0,156.0,101.0,69.0,321.0,104.0,25.0,3.0,8.0,10.0,366.0,38.0,139.0,35.0,18.0,12.0,22.0,11.0,12.0,27.0,0.1253918495297805,0.5,0.0665380906460945,0.1339130434782608,0.228995057660626,14.0,0.391304347826087,91.0,6.0,,False,32.0,4.0,11.0,12.0,16.0,8.0,4.0,55.0,64.0,2.0,4.0,7.0,,3.0,21.0,17.0,19.0,,0.4210526315789473,0.007532956685499,0.1215686274509803,,0.0317757009345794,0.1592039800995024,0.4188034188034188,0.463768115942029,0.463768115942029,1.0,0.3870967741935484,0.9166666666666666,0.0544554455445544,0.3636363636363636,4.0,7.0,16.0,1.0,,0.008130081300813,0.1029411764705882,0.5714285714285714,1.0,0.037037037037037,0.0086580086580086,4.0,3.0,1.0,,1.0,15.0,,,0.0276243093922651,3.0
1631108,1610612747,Max Christie,Max Christie,1631108,LAL,67973.0,1133,-7.0,2275,2302,216.0,4577,14.0,48.0,1.0,10.0,83.0,64.0,117.0,154.0,373.0,2637,40.0,80.0,29.0,63.0,21.0,160.0,34.0,27.0,62.0,0.5470085470085471,0.551660516605166,0.6055194805194806,0.5682656826568265,13.648915187376724,0.1771217712177121,0.2916666666666667,0.4117647058823529,0.03690036900369,0.1,0.1,0.3062730627306273,0.7859778597785978,0.5628951310861424,5.427350427350428,25.31493506493508,547.0,446.0,49.0,59.0,4.0,11.0,13.0,27.0,7.0,6.0,19.0,57.0,12.0,9.0,16.0,25.0,11.0,29.0,91.0,88.0,165.0,6.0,27.0,16.0,2.0,10.0,45.0,96.0,24.0,120.0,3.0,28.0,14.0,38.0,11.0,43.0,72.0,91.0,543.0,0.6875,0.6984126984126984,0.9649122807017544,0.3701298701298701,0.3793103448275862,0.3774834437086092,0.64,0.6018518518518519,0.6691176470588235,0.1367521367521367,0.0338983050847457,0.7368421052631579,0.0806451612903225,0.0188323917137476,0.0865998176845943,0.0237859266600594,0.0197368421052631,0.0846394984326018,0.0241935483870967,0.2177121771217712,0.8305084745762712,0.8596491228070176,0.7551020408163265,0.3253012048192771,0.3292682926829268,1.0,0.1904761904761904,0.3333333333333333,0.2407407407407407,0.8461538461538461,0.3518518518518518,0.3157894736842105,0.3375,0.5412199999999999,0.554433,0.2439678284182305,0.2404395604395604,3.0,4.0,22.0,14.0,50.0,1.0,10.0,2.0,0.3333333333333333,0.4047619047619047,0.4782608695652174,0.025,0.0927643784786641,0.0292887029288702,0.0454545454545454,0.0364145658263305,0.0082644628099173,0.0738636363636363,0.088235294117647,0.75,,0.0589812332439678,2.0,34.0,22.0,71.0,74.0,26.0,7.0,,3.0,4.0,87.0,12.0,44.0,5.0,19.0,11.0,21.0,13.0,7.0,5.0,0.1068702290076335,0.6190476190476191,0.2619926199261992,0.1485148514851485,0.2953020134228188,3.0,1.0,14.0,7.0,,False,30.0,5.0,10.0,2.0,3.0,3.0,1.0,12.0,6.0,1.0,,2.0,,3.0,,4.0,,,0.3333333333333333,0.0064935064935064,0.2916666666666667,,0.0074349442379182,0.0793650793650793,0.4285714285714285,0.4225352112676056,0.4225352112676056,0.9333333333333332,0.2857142857142857,1.0,0.1851851851851851,0.5,1.0,2.0,5.0,,,,0.0952380952380952,0.5,1.0,,0.0120481927710843,2.0,1.0,1.0,,,1.0,1.0,,0.0064935064935064,1.0
1642261,1610612747,Dalton Knecht,Dalton Knecht,1642261,LAL,89362.0,1489,-72.0,2967,2976,310.0,5943,34.0,81.0,11.0,26.0,241.0,129.0,217.0,339.0,706.0,3501,66.0,239.0,37.0,65.0,22.0,158.0,24.0,20.0,58.0,0.5944700460829493,0.5773381294964028,0.5949152542372881,0.6097122302158273,18.78370281605752,0.14568345323741,0.419753086419753,0.5230769230769231,0.0467625899280575,0.4230769230769231,0.4230769230769231,0.4334532374100719,0.8075539568345323,0.5481276672694394,6.194009216589863,25.73982300884956,689.0,609.0,84.0,110.0,16.0,17.0,25.0,85.0,20.0,21.0,62.0,128.0,27.0,30.0,23.0,48.0,29.0,76.0,150.0,192.0,354.0,30.0,85.0,24.0,3.0,11.0,63.0,178.0,37.0,215.0,8.0,23.0,6.0,37.0,12.0,62.0,93.0,150.0,684.0,0.7441860465116279,0.7804878048780488,0.921875,0.3775811209439528,0.3815789473684211,0.3798219584569733,0.4791666666666667,0.5362903225806451,0.5681818181818182,0.1105990783410138,0.0727272727272727,0.6216216216216216,0.0931952662721893,0.0165413533834586,0.111344537815126,0.0277986476333583,0.0246305418719211,0.1120943952802359,0.030188679245283,0.197841726618705,0.7636363636363637,0.8235294117647058,0.7976190476190477,0.3526970954356846,0.3556485355648535,0.8823529411764706,0.2807017543859649,0.3508771929824561,0.2016129032258064,0.68,0.5,0.3387096774193548,0.3556485355648535,0.5444390625000001,0.5331847107438018,0.2124645892351274,0.2322210987529491,10.0,16.0,80.0,26.0,96.0,19.0,14.0,3.0,0.5925925925925926,0.6228070175438597,0.6475409836065574,0.2638888888888889,0.1276595744680851,0.039039039039039,0.0157480314960629,0.0355731225296442,0.05,0.0570175438596491,0.1352313167259786,0.625,0.3,0.1133144475920679,12.0,28.0,19.0,98.0,64.0,17.0,4.0,2.0,5.0,4.0,84.0,4.0,30.0,3.0,7.0,3.0,8.0,3.0,4.0,3.0,0.1052631578947368,0.375,0.1762589928057553,0.059625212947189,0.1234567901234567,2.0,0.6363636363636364,17.0,4.0,,False,43.0,8.0,14.0,9.0,13.0,2.0,3.0,9.0,12.0,,1.0,2.0,,5.0,,1.0,5.0,,0.4333333333333333,0.0088495575221238,0.1975308641975308,0.010204081632653,0.0119402985074626,0.110091743119266,0.6470588235294118,0.4387755102040816,0.4432989690721649,1.0,0.45,1.0,0.1129032258064516,0.5714285714285714,4.0,10.0,9.0,,,,0.175438596491228,0.4,1.0,,0.0082987551867219,1.0,1.0,,,,5.0,,,0.0145348837209302,
1642355,1610612747,Bronny James,Bronny James,1642355,LAL,10528.0,175,-58.0,349,357,41.0,706,5.0,20.0,2.0,6.0,24.0,12.0,33.0,32.0,62.0,411,12.0,24.0,17.0,22.0,12.0,49.0,9.0,6.0,10.0,0.3636363636363636,0.3923076923076923,0.4295774647887324,0.4923076923076923,20.947630922693268,0.3076923076923077,0.25,0.3125,0.0923076923076923,0.3333333333333333,0.3333333333333333,0.3692307692307692,0.6,0.4875046153846155,8.045454545454547,25.959375,114.0,146.0,5.0,7.0,1.0,1.0,2.0,7.0,,4.0,9.0,9.0,4.0,1.0,4.0,8.0,5.0,12.0,26.0,12.0,21.0,6.0,7.0,5.0,1.0,2.0,4.0,14.0,4.0,18.0,1.0,7.0,1.0,13.0,6.0,8.0,12.0,26.0,113.0,0.5,0.5,0.7777777777777778,0.28125,0.4166666666666667,0.28125,0.5,0.575,0.5909090909090909,0.1515151515151515,0.1428571428571428,0.5384615384615384,0.056338028169014,0.0227272727272727,0.0817610062893081,0.0232558139534883,0.04,0.0555555555555555,0.0263157894736842,0.1076923076923077,0.7142857142857143,0.8333333333333334,0.2,0.2916666666666667,0.2916666666666667,0.7142857142857143,0.2,,0.1,0.5,0.45,0.4444444444444444,0.2916666666666667,0.4331,0.4883499999999999,0.4193548387096774,0.326647564469914,,,3.0,2.0,9.0,1.0,6.0,3.0,,,0.1875,0.0714285714285714,0.1022727272727272,0.0238095238095238,0.0588235294117647,0.015625,0.05,0.04,0.1111111111111111,,,0.0483870967741935,,5.0,3.0,8.0,11.0,3.0,3.0,,,,14.0,1.0,7.0,,2.0,,2.0,1.0,3.0,,0.08,0.5,0.123076923076923,0.0985915492957746,0.1794871794871795,2.0,0.5,6.0,2.0,,False,2.0,1.0,3.0,,,,,2.0,4.0,1.0,,,,,,,1.0,,,,0.2,,,0.1,0.8,0.25,0.25,1.0,,,0.15,0.3333333333333333,,1.0,3.0,,,,0.2,,,,,,,,,,,,,,
1642422,1610612747,Armel Traoré,Armel Traoré,1642422,LAL,2425.0,40,-28.0,85,85,8.0,170,,1.0,,,1.0,4.0,7.0,5.0,8.0,107,2.0,1.0,,1.0,,3.0,1.0,,,0.5714285714285714,0.3333333333333333,0.3333333333333333,0.4166666666666667,14.893617021276595,0.0833333333333333,,,,,,0.0833333333333333,0.9166666666666666,0.6319083333333334,1.9428571428571428,23.64,33.0,23.0,4.0,6.0,1.0,1.0,1.0,,,,1.0,,1.0,1.0,1.0,1.0,,2.0,2.0,6.0,,,,,,1.0,2.0,7.0,2.0,9.0,1.0,2.0,2.0,2.0,2.0,,2.0,2.0,33.0,0.75,1.0,,,,,1.0,0.3333333333333333,0.3333333333333333,,,1.0,0.1176470588235294,0.0454545454545454,0.1818181818181818,0.0263157894736842,0.1666666666666666,,0.1428571428571428,0.5,0.6666666666666666,0.6666666666666666,0.75,,,,0.5,,0.3333333333333333,1.0,0.3333333333333333,,,0.4515,0.6194333333333334,0.25,0.388235294117647,1.0,1.0,2.0,,4.0,1.0,,,1.0,0.5,0.5,0.5,0.25,,,,,0.2,0.25,1.0,,0.25,2.0,1.0,1.0,4.0,,,1.0,,,,,,,,1.0,,1.0,,1.0,,0.25,,0.3333333333333333,,,,,,1.0,,False,,,1.0,,,,,,,,,1.0,,,,,,,,,,,,0.3333333333333333,,,,,,,0.3333333333333333,,,1.0,,1.0,,0.25,0.5,,,,,,,,,,,,,,
1642439,1610612747,Quincy Olivari,Quincy Olivari,1642439,LAL,460.0,8,-9.0,16,15,3.0,31,,,,,4.0,,,5.0,3.0,24,,4.0,1.0,1.0,1.0,2.0,,,1.0,,0.3,0.3,1.0,26.31578947368421,,,,,,,0.8,1.0,0.52974,,25.9,1.0,5.0,,,,,,1.0,,,,1.0,,,,,,,,,3.0,,1.0,,,,,,,,,,,,,,,,1.0,,,1.0,0.2,,0.2,,,,,,,,,,,,,,,,,,0.25,0.25,1.0,,,,,,,0.25,,,,0.0625,,,,,,,,,,,,,,,,,,,,,,,,,,1.0,,,,,,,,,,,,,,,,,,,0.2,,,,,,,,False,,,,,,,,,,,,,,,,,,,,,,,,,,,,,,,,,,,,,,,,,,,,,,,,,,,,,
1627827,1610612747,Dorian Finney-Smith,Dorian Finney-Smith,1627827,LAL,74496.0,1242,269.0,2485,2488,248.0,4973,9.0,21.0,1.0,1.0,123.0,40.0,70.0,206.0,341.0,2782,24.0,122.0,22.0,59.0,10.0,155.0,40.0,24.0,19.0,0.5714285714285714,0.5905797101449275,0.5961538461538461,0.7463768115942029,11.66726683471372,0.0760869565217391,0.4285714285714285,0.5625,0.0036231884057971,1.0,1.0,0.4456521739130434,0.9202898550724636,0.5624189090909091,3.6714285714285713,25.178640776699027,556.0,465.0,30.0,48.0,22.0,6.0,10.0,45.0,7.0,9.0,25.0,82.0,28.0,10.0,11.0,19.0,19.0,44.0,88.0,56.0,246.0,,45.0,10.0,3.0,26.0,48.0,107.0,49.0,156.0,4.0,23.0,5.0,38.0,3.0,40.0,82.0,88.0,545.0,0.7,0.8484848484848485,1.0,0.3980582524271844,0.4318181818181818,0.4,0.5789473684210527,0.626984126984127,0.6470588235294118,0.1428571428571428,0.1041666666666666,0.6052631578947368,0.0779220779220779,0.0552016985138004,0.0839386602098466,0.0434782608695652,0.1095890410958904,0.0887372013651877,0.0296296296296296,0.1739130434782608,0.625,0.6976744186046512,0.6666666666666666,0.3658536585365853,0.375,1.0,0.5789473684210527,0.1842105263157894,0.1587301587301587,0.6,0.3968253968253968,0.36,0.3688524590163934,0.5628096153846154,0.5436266129032257,0.2580645161290322,0.2237424547283702,11.0,15.0,48.0,21.0,56.0,3.0,15.0,2.0,0.5357142857142857,0.5921052631578947,0.6,0.0566037735849056,0.0898876404494382,0.0344262295081967,0.0219780219780219,0.0351648351648351,0.032258064516129,0.0657894736842105,0.0869565217391304,0.5,0.0909090909090909,0.1407624633431085,14.0,37.0,27.0,83.0,15.0,9.0,16.0,,8.0,4.0,21.0,1.0,7.0,4.0,10.0,3.0,11.0,5.0,4.0,4.0,0.0981595092024539,0.4545454545454545,0.3007246376811594,0.0248226950354609,0.0921052631578947,2.0,1.0,18.0,7.0,,False,37.0,10.0,19.0,3.0,5.0,1.0,5.0,10.0,9.0,3.0,5.0,5.0,,3.0,,1.0,,1.0,0.5,0.0242718446601941,0.238095238095238,0.0240963855421686,0.0341880341880341,0.0736842105263157,0.7777777777777778,0.4457831325301205,0.4567901234567901,1.0,0.4285714285714285,1.0,0.3015873015873015,0.5263157894736842,2.0,3.0,3.0,2.0,1.0,0.0289855072463768,0.0789473684210526,0.6666666666666666,1.0,,0.024390243902439,1.0,,1.0,,,,,,,
1629003,1610612747,Shake Milton,Shake Milton,1629003,LAL,20680.0,345,-51.0,686,687,93.0,1373,14.0,33.0,1.0,5.0,19.0,32.0,63.0,34.0,116.0,806,38.0,19.0,25.0,38.0,14.0,89.0,10.0,5.0,24.0,0.5079365079365079,0.4845360824742268,0.5370370370370371,0.3505154639175257,16.18204804045512,0.3402061855670103,0.4242424242424242,0.4666666666666667,0.0515463917525773,0.2,0.2,0.1958762886597938,0.6082474226804123,0.518521649484536,6.911111111111112,25.20588235294118,219.0,215.0,17.0,25.0,8.0,5.0,8.0,4.0,3.0,,7.0,10.0,11.0,6.0,9.0,16.0,3.0,13.0,34.0,26.0,30.0,,4.0,6.0,4.0,6.0,19.0,38.0,15.0,53.0,3.0,11.0,3.0,20.0,8.0,13.0,24.0,34.0,217.0,0.40625,0.4814814814814814,1.0,0.2941176470588235,0.2307692307692307,0.2941176470588235,0.5625,0.4655172413793103,0.53125,0.0952380952380952,0.12,0.55,0.1079545454545454,0.0342857142857142,0.107871720116618,0.0422960725075528,0.0227272727272727,0.1444444444444444,0.0681818181818181,0.2577319587628865,0.68,0.7727272727272727,0.4117647058823529,0.2105263157894736,0.2222222222222222,1.0,0.4705882352941176,0.1764705882352941,0.2758620689655172,0.625,0.2413793103448276,,0.2105263157894736,0.4814777777777778,0.5325637931034483,0.293103448275862,0.3192419825072886,6.0,6.0,23.0,8.0,18.0,1.0,9.0,1.0,0.5454545454545454,0.5294117647058824,0.6052631578947368,0.04,0.1077844311377245,0.0512820512820512,,0.0526315789473684,0.0476190476190476,0.064516129032258,0.0916666666666666,0.75,,0.1982758620689655,10.0,13.0,9.0,15.0,22.0,7.0,5.0,1.0,,,26.0,4.0,13.0,2.0,3.0,2.0,3.0,1.0,1.0,2.0,0.1489361702127659,0.3333333333333333,0.1546391752577319,0.1226415094339622,0.1805555555555555,5.0,,8.0,1.0,,False,6.0,3.0,6.0,1.0,2.0,,3.0,4.0,7.0,2.0,,4.0,,,,,,,0.3333333333333333,0.088235294117647,0.0909090909090909,0.1333333333333333,0.0485436893203883,0.0833333333333333,0.4285714285714285,0.4,0.4615384615384615,1.0,0.3333333333333333,1.0,0.2068965517241379,0.5,1.0,3.0,5.0,1.0,,0.0625,0.1764705882352941,0.3333333333333333,1.0,,0.0526315789473684,,,,,,,,,,
1629020,1610612747,Jarred Vanderbilt,Jarred Vanderbilt,1629020,LAL,34851.0,581,34.0,1181,1178,151.0,2359,2.0,11.0,,,6.0,50.0,89.0,32.0,147.0,1369,30.0,5.0,23.0,41.0,16.0,100.0,35.0,24.0,39.0,0.5617977528089888,0.5247933884297521,0.5404411764705882,0.2644628099173554,12.087912087912088,0.0909090909090909,0.1818181818181818,0.2857142857142857,,,,0.0495867768595041,0.9090909090909092,0.6187120833333333,2.0977528089887643,25.24375,333.0,352.0,48.0,78.0,27.0,12.0,18.0,,,,4.0,9.0,29.0,3.0,13.0,22.0,1.0,10.0,33.0,70.0,27.0,,,17.0,3.0,31.0,42.0,114.0,68.0,182.0,7.0,16.0,4.0,29.0,5.0,25.0,67.0,33.0,332.0,0.7,0.945945945945946,1.0,0.28125,0.1,0.2903225806451613,0.5909090909090909,0.453125,0.4583333333333333,0.1910112359550561,0.1666666666666666,0.5517241379310345,0.1772151898734177,0.1308016877637131,0.1952117863720073,0.1210428305400372,0.1477272727272727,0.1538461538461538,0.1627906976744186,0.6446280991735537,0.6153846153846154,0.7384615384615385,0.6875,,,,0.84375,,0.5625,0.6666666666666666,0.125,,,0.5942454545454545,0.6058693548387095,0.2244897959183673,0.2819644369178662,16.0,16.0,42.0,34.0,64.0,8.0,13.0,2.0,0.5517241379310345,0.546875,0.5833333333333334,0.2758620689655172,0.2091503267973856,0.1133333333333333,0.0857142857142857,0.1140350877192982,0.1111111111111111,0.1489361702127659,0.2035398230088495,0.5925925925925926,0.125,0.2857142857142857,26.0,18.0,10.0,26.0,20.0,4.0,11.0,1.0,5.0,8.0,36.0,2.0,14.0,3.0,9.0,3.0,10.0,6.0,10.0,3.0,0.225,0.6,0.2148760330578512,0.1052631578947368,0.1386138613861386,1.0,,12.0,6.0,1.0,False,9.0,1.0,6.0,,1.0,1.0,,8.0,4.0,4.0,1.0,4.0,,3.0,,4.0,,,0.3333333333333333,,0.3636363636363636,,0.131578947368421,0.3076923076923077,1.0,0.3461538461538461,0.3461538461538461,1.0,,,0.1875,0.1666666666666666,1.0,3.0,7.0,3.0,1.0,0.0857142857142857,0.09375,0.3333333333333333,1.0,,,1.0,1.0,,,1.0,,,1.0,,
1629029,1610612747,Luka Dončić,Luka Dončić,1629029,LAL,59047.0,984,177.0,2014,1996,213.0,4010,56.0,126.0,24.0,70.0,255.0,143.0,290.0,269.0,789.0,2262,216.0,254.0,119.0,211.0,94.0,514.0,45.0,31.0,167.0,0.493103448275862,0.5295169946332737,0.5907046476761619,0.481216457960644,34.08587870739265,0.2254025044722719,0.4444444444444444,0.4666666666666667,0.1252236135957066,0.3428571428571428,0.3582089552238806,0.4561717352415027,0.6493738819320215,0.5131413513513516,8.756551724137932,27.26505576208179,484.0,428.0,63.0,94.0,18.0,13.0,22.0,97.0,20.0,25.0,71.0,102.0,32.0,27.0,38.0,73.0,25.0,74.0,223.0,70.0,126.0,180.0,97.0,17.0,4.0,7.0,102.0,202.0,24.0,226.0,6.0,74.0,24.0,104.0,18.0,29.0,68.0,222.0,479.0,0.2447552447552447,0.2536231884057971,0.4117647058823529,0.379182156133829,0.3378378378378378,0.3805970149253731,0.5205479452054794,0.5136054421768708,0.6092896174863388,0.0586206896551724,0.0851063829787234,0.7115384615384616,0.2133891213389121,0.0186666666666666,0.1938461538461538,0.0269662921348314,0.0223880597014925,0.2,0.0208333333333333,0.1681574239713774,0.6702127659574468,0.7325581395348837,0.365079365079365,0.3803921568627451,0.383399209486166,0.3917525773195876,0.3050847457627119,0.3389830508474576,0.1496598639455782,0.5909090909090909,0.4829931972789115,0.352112676056338,0.3818897637795275,0.5276096153846155,0.500861888111888,0.2826362484157161,0.2403177755710029,12.0,19.0,89.0,17.0,87.0,13.0,30.0,4.0,0.59375,0.652542372881356,0.664179104477612,0.2954545454545454,0.1750503018108652,0.033009708737864,0.0136986301369863,0.0266666666666666,0.05,0.2115384615384615,0.1743869209809264,0.6666666666666666,0.4166666666666667,0.1128010139416983,10.0,92.0,49.0,14.0,197.0,72.0,14.0,2.0,3.0,3.0,249.0,24.0,108.0,15.0,11.0,8.0,12.0,8.0,2.0,12.0,0.1769230769230769,0.6666666666666666,0.0250447227191413,0.1794478527607362,0.2887700534759358,18.0,0.1666666666666666,50.0,3.0,1.0,False,5.0,,3.0,10.0,13.0,1.0,2.0,43.0,21.0,2.0,2.0,1.0,,1.0,1.0,5.0,1.0,,0.4814814814814814,0.0074349442379182,0.0476190476190476,,0.0178571428571428,0.2528735632183908,0.1428571428571428,0.3571428571428571,0.3571428571428571,0.8,0.5,0.7,0.0204081632653061,,3.0,7.0,12.0,,,,0.1186440677966101,0.4285714285714285,1.0,0.0428571428571428,0.0078431372549019,1.0,1.0,,,,9.0,,,0.0323741007194244,
1641998,1610612747,Trey Jemison III,Trey Jemison III,1641998,LAL,13548.0,226,,451,447,55.0,898,5.0,13.0,,,,26.0,42.0,,57.0,504,12.0,,1.0,6.0,1.0,17.0,2.0,1.0,9.0,0.6190476190476191,0.6190476190476191,0.59375,,12.03883495145631,0.3095238095238095,0.3846153846153846,0.4166666666666667,,,,,0.6904761904761905,0.5372738095238093,3.7833333333333337,,155.0,158.0,21.0,29.0,9.0,11.0,13.0,,,,,,12.0,,13.0,16.0,,,29.0,40.0,,,,4.0,,15.0,15.0,39.0,22.0,61.0,,6.0,3.0,14.0,2.0,23.0,42.0,29.0,155.0,0.7692307692307693,0.9523809523809524,,,,,0.8125,0.8125,0.725,0.0952380952380952,0.1034482758620689,0.4285714285714285,0.1595744680851064,0.1428571428571428,0.1518987341772152,0.1170212765957446,0.2413793103448276,0.1818181818181818,,0.6904761904761905,0.7241379310344828,0.8076923076923077,0.7619047619047619,,,,0.75,,0.8125,0.8461538461538461,,,,0.5274777777777778,0.5387875,0.5087719298245614,0.3436807095343681,5.0,7.0,16.0,7.0,21.0,3.0,8.0,1.0,0.5833333333333334,0.5833333333333334,0.5714285714285714,0.2307692307692307,0.1468531468531468,0.0843373493975903,0.0952380952380952,0.109375,,0.1212121212121212,0.1470588235294117,0.5555555555555556,,0.2807017543859649,10.0,5.0,3.0,,5.0,3.0,1.0,3.0,5.0,2.0,12.0,,4.0,2.0,9.0,5.0,9.0,5.0,4.0,2.0,0.1463414634146341,0.5555555555555556,,0.0869565217391304,0.0869565217391304,,,3.0,4.0,2.0,False,,,,,,,,2.0,,1.0,1.0,2.0,,2.0,,,,2.0,,,0.0769230769230769,,0.109090909090909,0.1764705882352941,0.8,,,,,,,,,,2.0,,,,,,,,,,,,,,,,,,
1630692,1610612747,Jordan Goodwin,Jordan Goodwin,1630692,LAL,32554.0,543,-11.0,1088,1090,145.0,2178,18.0,38.0,5.0,11.0,35.0,37.0,76.0,68.0,161.0,1263,40.0,35.0,23.0,42.0,14.0,103.0,30.0,15.0,12.0,0.4868421052631579,0.5277777777777778,0.540268456375839,0.4722222222222222,13.910969793322735,0.2638888888888889,0.4736842105263157,0.5,0.0763888888888889,0.4545454545454545,0.4545454545454545,0.2430555555555555,0.6597222222222222,0.5253357638888888,7.385526315789469,24.694117647058828,281.0,308.0,14.0,27.0,14.0,3.0,5.0,13.0,3.0,6.0,13.0,26.0,19.0,6.0,6.0,13.0,8.0,19.0,44.0,34.0,75.0,3.0,13.0,6.0,,12.0,35.0,74.0,38.0,112.0,3.0,17.0,6.0,26.0,5.0,26.0,43.0,42.0,279.0,0.4594594594594595,0.5666666666666667,0.9615384615384616,0.3823529411764705,0.4210526315789473,0.3823529411764705,0.4615384615384615,0.5625,0.5945945945945946,0.0789473684210526,0.1481481481481481,0.6538461538461539,0.1528384279475982,0.0489795918367346,0.1397205588822355,0.0719844357976653,0.0649350649350649,0.1101694915254237,0.0422535211267605,0.1875,0.5185185185185185,0.6086956521739131,0.2857142857142857,0.3714285714285714,0.3823529411764705,0.9230769230769232,0.56,0.12,0.15625,0.6,0.40625,0.4615384615384615,0.3714285714285714,0.5337125,0.524153125,0.2732919254658385,0.2582720588235294,6.0,9.0,26.0,25.0,35.0,4.0,9.0,2.0,0.4736842105263157,0.48,0.4814814814814814,0.1142857142857142,0.1286764705882352,0.0929368029739776,0.0392156862745098,0.101010101010101,0.0704225352112676,0.1486486486486486,0.1237113402061855,0.4285714285714285,,0.1614906832298136,14.0,19.0,15.0,33.0,9.0,8.0,15.0,,1.0,2.0,11.0,1.0,2.0,4.0,11.0,4.0,11.0,5.0,4.0,3.0,0.141025641025641,0.4545454545454545,0.2291666666666666,0.0137931034482758,0.0259740259740259,4.0,0.2,11.0,6.0,,False,13.0,2.0,6.0,1.0,2.0,,1.0,4.0,9.0,,,3.0,,2.0,,4.0,,,0.3333333333333333,0.0147058823529411,0.0526315789473684,,0.0427350427350427,0.2972972972972973,0.6666666666666666,0.3939393939393939,0.3939393939393939,1.0,0.3333333333333333,1.0,0.1875,0.3333333333333333,1.0,3.0,2.0,1.0,,0.04,0.12,0.3333333333333333,1.0,,0.0285714285714285,,,,,1.0,,1.0,,,
202693,1610612747,Markieff Morris,Markieff Morris,202693,LAL,7426.0,124,-18.0,248,245,24.0,493,6.0,12.0,2.0,6.0,14.0,9.0,25.0,23.0,44.0,291,6.0,14.0,10.0,17.0,6.0,41.0,1.0,,4.0,0.36,0.40625,0.4313725490196078,0.4791666666666667,19.42446043165468,0.25,0.5,0.5,0.125,0.3333333333333333,0.3333333333333333,0.2916666666666667,0.625,0.5078572916666666,10.152,24.76521739130435,53.0,78.0,1.0,7.0,1.0,1.0,6.0,6.0,2.0,1.0,3.0,7.0,2.0,3.0,1.0,9.0,1.0,4.0,7.0,12.0,21.0,,6.0,2.0,,2.0,8.0,12.0,3.0,15.0,1.0,1.0,1.0,3.0,,8.0,14.0,7.0,53.0,0.6666666666666666,0.6666666666666666,1.0,0.3043478260869565,0.25,0.3043478260869565,0.1111111111111111,0.1923076923076923,0.25,0.08,0.2857142857142857,0.3333333333333333,0.1481481481481481,0.032258064516129,0.0892857142857142,0.0254237288135593,0.0526315789473684,0.2058823529411764,0.0333333333333333,0.1458333333333333,0.1428571428571428,0.2,1.0,0.4285714285714285,0.4285714285714285,1.0,0.2,0.4,0.4615384615384615,0.1666666666666666,0.2307692307692307,0.3333333333333333,0.4285714285714285,0.54129,0.5449769230769231,0.1590909090909091,0.2137096774193548,,,3.0,1.0,2.0,2.0,2.0,1.0,,0.3,0.3,0.1538461538461538,0.0344827586206896,0.0178571428571428,,,0.0625,,0.05,,,0.0681818181818181,,7.0,5.0,9.0,5.0,2.0,1.0,,2.0,,6.0,,3.0,,2.0,,2.0,2.0,3.0,,,1.0,0.1875,0.0588235294117647,0.1071428571428571,1.0,1.0,,2.0,,False,1.0,,1.0,,1.0,,,2.0,4.0,,,,,,,,,,0.3333333333333333,,,,0.0344827586206896,0.1666666666666666,0.5,0.1111111111111111,0.1111111111111111,1.0,,,0.0769230769230769,,1.0,1.0,,,,,0.2,1.0,1.0,,,,,,,,,,,,
203458,1610612747,Alex Len,Alex Len,203458,LAL,7327.0,122,-58.0,245,251,30.0,496,5.0,10.0,,,2.0,9.0,19.0,3.0,22.0,324,6.0,2.0,5.0,8.0,2.0,19.0,1.0,1.0,2.0,0.4736842105263157,0.4772727272727273,0.4583333333333333,0.1363636363636363,11.913357400722022,0.4545454545454545,0.5,0.5555555555555556,,,,0.0909090909090909,0.5454545454545454,0.5360181818181818,4.621052631578948,25.46666666666667,42.0,57.0,4.0,9.0,4.0,2.0,2.0,,,,,1.0,4.0,,4.0,4.0,1.0,1.0,12.0,12.0,3.0,,,3.0,1.0,8.0,10.0,18.0,13.0,31.0,1.0,4.0,1.0,9.0,1.0,15.0,21.0,12.0,42.0,0.6666666666666666,0.75,1.0,0.3333333333333333,1.0,0.3333333333333333,1.0,1.1,0.8571428571428571,0.1578947368421052,0.2222222222222222,0.4444444444444444,0.2040816326530612,0.1379310344827586,0.140495867768595,0.1065573770491803,0.1333333333333333,0.2258064516129032,0.1111111111111111,0.4090909090909091,0.4444444444444444,0.5714285714285714,0.75,,,,1.0,,0.4,1.0,,,,0.60835,0.55809,0.5454545454545454,0.1714285714285714,2.0,2.0,5.0,5.0,7.0,1.0,5.0,1.0,0.5,0.5,0.5,0.0909090909090909,0.0972222222222222,0.078125,,0.0416666666666666,0.1875,0.2142857142857142,0.1063829787234042,0.5,0.5,0.2272727272727272,2.0,3.0,2.0,1.0,1.0,1.0,,,3.0,,4.0,,1.0,1.0,3.0,1.0,3.0,2.0,1.0,1.0,0.08,0.6666666666666666,0.0454545454545454,0.0434782608695652,0.05,3.0,,3.0,2.0,,False,1.0,1.0,1.0,,,,,1.0,2.0,,,2.0,,1.0,,,,,,,0.1,,0.1875,,0.6,1.0,1.0,1.0,,,0.2,1.0,,,1.0,,1.0,,,,,,,,,,,,,,,,
1641720,1610612747,Jalen Hood-Schifino,Jalen Hood-Schifino,1641720,LAL,760.0,13,12.0,28,26,2.0,54,,,1.0,1.0,,1.0,1.0,,4.0,24,2.0,,1.0,1.0,,2.0,,,2.0,1.0,1.0,1.0,,10.0,,,,1.0,1.0,1.0,,,0.4493,15.5,,17.0,17.0,,,,,,,,,,,,,1.0,1.0,,,4.0,,,,,,,1.0,,,1.0,1.0,,1.0,1.0,1.0,1.0,2.0,3.0,4.0,17.0,,,,,,,1.0,1.0,1.0,,,1.0,,0.1666666666666666,,0.1111111111111111,,,,,,,,,,,,,,,,,,,0.4493,1.0,0.6071428571428571,,,,,,,,,,,,,,,0.3333333333333333,,,,,,,,,,,,2.0,2.0,,,,,2.0,,,1.0,1.0,1.0,1.0,,,1.0,,,,,,,,,,,False,,,,,,,,,1.0,,,,,,,,,,,,,,,,,,,,,,,,,,,,,,,,,,,,,,,,,,,,
1626156,1610612751,D'Angelo Russell,D'Angelo Russell,1626156,BKN,2227.0,37,2.0,67,70,12.0,137,,1.0,,1.0,12.0,3.0,5.0,13.0,12.0,81,4.0,12.0,2.0,7.0,,19.0,1.0,1.0,4.0,0.6,0.3333333333333333,0.3333333333333333,0.7222222222222222,27.160493827160494,0.05555555555555555,,,0.05555555555555555,,,0.6666666666666666,0.8888888888888888,0.5397166666666666,7.720000000000001,26.02307692307692,5.0,6.0,3.0,3.0,,,,1.0,1.0,,1.0,2.0,,2.0,,,,1.0,,2.0,6.0,,1.0,,1.0,,1.0,3.0,,3.0,,3.0,,4.0,,2.0,3.0,,5.0,0.3333333333333333,0.3333333333333333,1.0,0.15384615384615385,,0.15384615384615385,,,,,,0.75,0.058823529411764705,,0.08333333333333333,,,,,0.16666666666666666,1.0,1.0,0.3333333333333333,0.08333333333333333,0.08333333333333333,1.0,,0.5,,,1.0,,0.08333333333333333,0.60375,0.49785,,0.07462686567164178,,,3.0,,2.0,,1.0,,,0.75,0.75,,0.10526315789473684,,,,,0.125,0.15384615384615385,,,0.25,,5.0,4.0,1.0,,,,,,1.0,,,,,1.0,1.0,1.0,,,,,,0.05555555555555555,,,1.0,,3.0,,,True,1.0,,,,1.0,,,1.0,1.0,,,,,,,,,,0.5,,,,,,,1.0,1.0,1.0,,,,,1.0,1.0,,,,,0.5,1.0,1.0,,,,,,,,,,,,
1629651,1610612751,Nic Claxton,Nic Claxton,1629651,BKN,2031.0,34,-9.0,63,67,9.0,130,3.0,6.0,,,,11.0,16.0,,23.0,83,12.0,,4.0,5.0,2.0,11.0,3.0,2.0,4.0,0.6875,0.6875,0.6388888888888888,,24.0,0.375,0.5,0.5,,,,,0.625,0.5855125,3.525,,10.0,2.0,8.0,10.0,3.0,1.0,1.0,,,,,,5.0,,1.0,3.0,,,2.0,10.0,,,,,,4.0,3.0,11.0,4.0,15.0,1.0,,,,,3.0,4.0,2.0,10.0,0.45454545454545453,0.5,,,,,0.3333333333333333,0.3333333333333333,0.25,,,,0.2727272727272727,0.2,0.30303030303030304,0.125,0.5,0.3333333333333333,0.2,0.625,0.8,0.8,0.5,,,,0.6,,0.3333333333333333,1.0,,,,0.572825,0.536,0.08695652173913043,0.15873015873015872,1.0,1.0,3.0,,7.0,1.0,,,0.2,0.2,0.25,0.3333333333333333,0.3181818181818182,,,,,,0.3076923076923077,0.3333333333333333,,0.13043478260869565,2.0,1.0,1.0,,1.0,,1.0,,,,5.0,1.0,2.0,1.0,1.0,,1.0,1.0,,1.0,0.3333333333333333,1.0,,0.11764705882352941,0.11764705882352941,,,,1.0,,True,,,,,,,,,2.0,,,,,,,,,,,,,,0.09090909090909091,0.5,0.3333333333333333,,,,,,,,,,1.0,,,,,,,,,,,,,,,,,,
1630553,1610612751,Keon Johnson,Keon Johnson,1630553,BKN,2781.0,46,1.0,89,93,15.0,182,1.0,3.0,2.0,2.0,8.0,5.0,10.0,11.0,32.0,99,6.0,8.0,3.0,3.0,2.0,6.0,2.0,1.0,6.0,0.5,0.6666666666666666,0.64,0.5238095238095238,26.923076923076923,0.14285714285714285,0.3333333333333333,1.0,0.09523809523809523,1.0,1.0,0.38095238095238093,0.7619047619047619,0.5130761904761905,6.899999999999999,25.190909090909088,31.0,20.0,2.0,5.0,,1.0,3.0,4.0,1.0,2.0,2.0,6.0,,3.0,2.0,4.0,2.0,3.0,13.0,4.0,18.0,,4.0,3.0,1.0,,,4.0,,4.0,,3.0,1.0,3.0,,1.0,2.0,13.0,31.0,0.4,0.4,1.0,0.5454545454545454,0.6666666666666666,0.5454545454545454,0.5,0.7142857142857143,0.7222222222222222,0.3,0.2,1.0,,,0.0851063829787234,,,,,0.23809523809523808,0.4,0.5,0.5,0.5,0.5,1.0,,0.3333333333333333,0.42857142857142855,0.3333333333333333,0.2857142857142857,1.0,0.5,0.5541,0.5104357142857143,0.40625,0.34831460674157305,,,6.0,,4.0,,,,,1.0,1.0,,0.14285714285714285,,,,,,0.1,,,0.1875,,,,3.0,4.0,3.0,1.0,,,,8.0,,3.0,1.0,1.0,,1.0,,1.0,1.0,0.25,,0.14285714285714285,0.125,0.23076923076923078,,0.5,2.0,1.0,1.0,True,2.0,,1.0,1.0,2.0,,,,,,,,,,,,,,0.6666666666666666,,0.6666666666666666,,,,,0.6666666666666666,0.6666666666666666,1.0,1.0,1.0,0.14285714285714285,,1.0,2.0,,,,,0.6666666666666666,0.5,1.0,,,,,,,,,,,,
1630570,1610612751,Trendon Watford,Trendon Watford,1630570,BKN,9550.0,159,-6.0,304,313,37.0,617,9.0,18.0,,1.0,15.0,26.0,48.0,18.0,80.0,340,32.0,14.0,10.0,21.0,5.0,53.0,2.0,1.0,12.0,0.5416666666666666,0.5303030303030303,0.547945205479452,0.2727272727272727,25.501432664756447,0.2727272727272727,0.5,0.5,0.015151515151515152,,,0.22727272727272727,0.7121212121212122,0.5420446153846155,4.572916666666666,27.455555555555556,51.0,66.0,17.0,29.0,1.0,2.0,6.0,6.0,1.0,,2.0,6.0,3.0,2.0,3.0,9.0,,2.0,10.0,20.0,15.0,3.0,6.0,7.0,2.0,2.0,5.0,16.0,3.0,19.0,,10.0,2.0,16.0,2.0,6.0,10.0,10.0,51.0,0.38461538461538464,0.38461538461538464,0.8333333333333334,0.3333333333333333,,0.35294117647058826,0.3333333333333333,0.2727272727272727,0.38461538461538464,0.14583333333333334,0.2413793103448276,0.625,0.07575757575757576,0.02666666666666667,0.10526315789473684,0.019736842105263157,0.03225806451612903,0.08571428571428572,,0.4393939393939394,0.5862068965517241,0.7727272727272727,0.5882352941176471,0.4,0.4,0.8333333333333334,0.2,0.2,0.5454545454545454,0.3333333333333333,0.18181818181818182,,0.42857142857142855,0.46866666666666673,0.5316099999999999,0.125,0.16776315789473684,,2.0,4.0,1.0,11.0,,6.0,3.0,0.6666666666666666,0.4,0.4,,0.12790697674418605,0.012987012987012988,,0.017241379310344827,,0.08333333333333333,0.15254237288135594,,,0.05,,11.0,6.0,3.0,10.0,4.0,1.0,,,,17.0,3.0,10.0,,2.0,2.0,2.0,1.0,,,0.07407407407407407,0.5,0.045454545454545456,0.136986301369863,0.18181818181818182,1.0,,8.0,,,True,,,,,,1.0,,5.0,3.0,,,,,1.0,,,,1.0,,,,,0.02702702702702703,,,,,,,,,,,1.0,,,1.0,,0.2,,,,,,,,,,,,,,
1641721,1610612751,Maxwell Lewis,Maxwell Lewis,1641721,BKN,17899.0,298,-43.0,598,613,71.0,1211,6.0,21.0,1.0,4.0,30.0,24.0,52.0,50.0,112.0,684,16.0,30.0,3.0,17.0,3.0,48.0,8.0,6.0,8.0,0.46153846153846156,0.5147058823529411,0.5233644859813084,0.49019607843137253,17.423133235724745,0.20588235294117646,0.2857142857142857,0.35294117647058826,0.0392156862745098,0.25,0.25,0.29411764705882354,0.7549019607843137,0.5429117647058824,5.584615384615383,24.643999999999995,178.0,229.0,17.0,27.0,4.0,4.0,8.0,12.0,3.0,3.0,8.0,19.0,5.0,4.0,7.0,18.0,5.0,11.0,31.0,32.0,51.0,6.0,12.0,9.0,,7.0,7.0,37.0,16.0,53.0,1.0,9.0,5.0,12.0,3.0,18.0,28.0,31.0,178.0,0.6666666666666666,0.6956521739130435,0.8947368421052632,0.38,0.45454545454545453,0.38,0.3888888888888889,0.5,0.5,0.17307692307692307,0.18518518518518517,0.75,0.0660377358490566,0.051470588235294115,0.1171875,0.05154639175257732,,0.037037037037037035,0.02040816326530612,0.2647058823529412,0.6296296296296297,0.7727272727272727,0.7058823529411765,0.4,0.41379310344827586,0.9166666666666666,0.4444444444444444,0.3333333333333333,0.27586206896551724,0.5,0.27586206896551724,0.375,0.4,0.5255166666666666,0.5069810344827586,0.2767857142857143,0.2976588628762542,2.0,2.0,14.0,8.0,23.0,7.0,3.0,1.0,0.4,0.5555555555555556,0.6363636363636364,0.35,0.15333333333333332,0.05161290322580645,,0.058333333333333334,0.02857142857142857,0.09302325581395349,0.16981132075471697,0.5,0.5,0.125,2.0,14.0,8.0,20.0,7.0,2.0,2.0,,2.0,,10.0,,5.0,,7.0,4.0,7.0,4.0,1.0,,0.11363636363636363,0.5714285714285714,0.19607843137254902,0.04672897196261682,0.08771929824561403,,1.0,4.0,3.0,,True,7.0,2.0,3.0,1.0,2.0,,1.0,6.0,,,2.0,2.0,,,,2.0,,,0.5,0.02,0.19047619047619047,,0.1076923076923077,0.1111111111111111,0.5,0.35,0.35,0.8571428571428571,0.3333333333333333,1.0,0.10344827586206896,0.6666666666666666,1.0,1.0,4.0,1.0,,0.058823529411764705,0.1111111111111111,1.0,1.0,,0.03333333333333333,,,,,,,,,,
1641727,1610612751,Dariq Whitehead,Dariq Whitehead,1641727,BKN,8282.0,138,-48.0,286,298,27.0,584,2.0,4.0,,2.0,26.0,4.0,11.0,37.0,61.0,338,2.0,26.0,5.0,9.0,5.0,22.0,3.0,2.0,4.0,0.36363636363636365,0.6145833333333334,0.6224489795918368,0.7708333333333334,18.944099378881987,0.08333333333333333,0.5,0.5,0.041666666666666664,,,0.5416666666666666,0.875,0.531775,7.027272727272728,25.39189189189189,97.0,117.0,2.0,5.0,,2.0,2.0,9.0,4.0,3.0,14.0,17.0,1.0,4.0,3.0,4.0,4.0,15.0,18.0,6.0,51.0,,9.0,3.0,,,7.0,17.0,2.0,19.0,,7.0,4.0,12.0,4.0,10.0,14.0,18.0,97.0,0.75,0.75,1.0,0.4594594594594595,0.26666666666666666,0.4594594594594595,0.75,0.47368421052631576,0.47368421052631576,0.2727272727272727,0.6,0.5833333333333334,0.12280701754385964,,0.14049586776859505,0.014492753623188406,,0.1724137931034483,,0.10416666666666667,0.4,1.0,1.0,0.34615384615384615,0.34615384615384615,1.0,,0.8,0.10526315789473684,1.0,0.7368421052631579,0.21428571428571427,0.34615384615384615,0.4417,0.5207921052631579,0.29508196721311475,0.33916083916083917,,,3.0,2.0,10.0,,5.0,,,0.3,0.3,,0.15625,0.024691358024691357,,0.03076923076923077,,0.08,0.13043478260869565,,,0.04918032786885246,,4.0,2.0,11.0,2.0,,1.0,1.0,,1.0,2.0,,1.0,,,,,,,,0.2222222222222222,,0.22916666666666666,0.02040816326530612,0.08333333333333333,3.0,,3.0,,,True,8.0,1.0,1.0,1.0,1.0,,,2.0,,,1.0,1.0,,,,1.0,,,0.25,,,,,,0.5,0.7272727272727273,0.7272727272727273,1.0,0.25,1.0,0.05263157894736842,1.0,,,,,,,,,,,,,,,,,,,,,
1629661,1610612751,Cameron Johnson,Cameron Johnson,1629661,BKN,1434.0,24,13.0,45,43,6.0,88,1.0,2.0,1.0,1.0,4.0,5.0,6.0,4.0,21.0,50,8.0,4.0,5.0,6.0,3.0,13.0,,,7.0,0.8333333333333334,0.65,0.7692307692307693,0.4,26.41509433962264,0.2,0.5,1.0,0.1,1.0,1.0,0.4,0.7,0.5036950000000001,7.55,26.025,6.0,6.0,3.0,3.0,,,,1.0,1.0,,1.0,1.0,,1.0,,1.0,,1.0,2.0,2.0,3.0,,1.0,1.0,,,1.0,4.0,1.0,5.0,,1.0,,1.0,,,,2.0,6.0,0.2,0.2,1.0,0.25,,0.25,,,0.3333333333333333,0.16666666666666666,,1.0,0.09090909090909091,,0.2,0.05263157894736842,,,,0.3,1.0,1.0,0.3333333333333333,0.25,0.25,1.0,,1.0,,,0.5,,0.25,,0.5068250000000001,0.09523809523809523,0.13333333333333333,,,5.0,1.0,3.0,,,,,1.5,1.25,,0.3333333333333333,0.1,,0.125,,,0.4,,,0.23809523809523808,,1.0,1.0,,8.0,2.0,,,,,8.0,1.0,4.0,,,,,,,,0.25,,,0.3076923076923077,0.4444444444444444,,,1.0,,,True,,,,1.0,1.0,,,,2.0,,,,,,1.0,,1.0,,1.0,,0.5,,,0.3333333333333333,,,,,1.0,1.0,,,,,2.0,,,,,,,,,,,,,,,,,,
1630533,1610612751,Ziaire Williams,Ziaire Williams,1630533,BKN,2174.0,36,11.0,70,71,10.0,141,2.0,3.0,,,4.0,3.0,4.0,4.0,18.0,77,4.0,4.0,2.0,2.0,2.0,4.0,3.0,2.0,6.0,0.75,0.9375,0.9,0.5,13.580246913580247,0.375,0.6666666666666666,0.6666666666666666,,,,0.5,0.625,0.5541812500000001,7.0,25.6,23.0,30.0,1.0,1.0,,1.0,1.0,3.0,,,1.0,3.0,,,2.0,2.0,,1.0,6.0,2.0,9.0,,3.0,,,1.0,2.0,3.0,2.0,5.0,,2.0,2.0,2.0,1.0,,,6.0,23.0,0.3333333333333333,0.3333333333333333,1.0,0.75,,0.75,1.0,0.6666666666666666,0.75,,,1.0,0.2,0.06666666666666667,0.11538461538461539,0.0625,0.2,,,0.125,1.0,1.0,,0.75,0.75,1.0,,,0.3333333333333333,1.0,0.3333333333333333,,0.75,,0.6194000000000001,0.3333333333333333,0.32857142857142857,,,,1.0,1.0,,,,,,,,0.0625,0.058823529411764705,,0.058823529411764705,,0.4,0.1,,,,,,,,3.0,2.0,1.0,,,1.0,4.0,1.0,1.0,2.0,1.0,,1.0,,,1.0,,,,0.125,0.25,,,,1.0,,True,,,,,,,,,,,,1.0,,,,2.0,,,,,,,,,0.5,,,,,,,,,,,,,,,,,,,,,,,,,,,,
1630549,1610612751,Day'Ron Sharpe,Day'Ron Sharpe,1630549,BKN,5857.0,98,26.0,186,187,27.0,373,3.0,7.0,1.0,2.0,4.0,15.0,23.0,5.0,34.0,184,8.0,4.0,7.0,11.0,7.0,26.0,4.0,4.0,5.0,0.6521739130434783,0.5892857142857143,0.5862068965517241,0.17857142857142858,15.668202764976959,0.25,0.42857142857142855,0.5,0.07142857142857142,0.5,0.5,0.14285714285714285,0.6785714285714286,0.5326000000000001,4.1,24.86,32.0,50.0,11.0,14.0,7.0,2.0,2.0,1.0,1.0,,,1.0,9.0,1.0,2.0,2.0,,,4.0,22.0,3.0,,1.0,1.0,,7.0,13.0,23.0,14.0,37.0,2.0,5.0,3.0,5.0,,1.0,7.0,4.0,32.0,0.7333333333333333,1.0,1.0,0.2,,0.2,1.0,1.0,1.0,0.043478260869565216,,1.0,0.3333333333333333,0.15217391304347827,0.25274725274725274,0.13829787234042554,0.3125,0.42857142857142855,0.18181818181818182,0.5,0.7857142857142857,0.7857142857142857,0.6363636363636364,0.25,0.25,1.0,0.7,0.1,1.0,1.0,,,0.25,0.5607749999999999,0.74655,0.11764705882352941,0.17204301075268819,5.0,5.0,11.0,6.0,10.0,,,,0.5555555555555556,0.5,0.5,,0.19230769230769232,0.125,0.2,0.14705882352941177,0.07142857142857142,0.14285714285714285,0.18421052631578946,0.7142857142857143,0.2,0.3235294117647059,8.0,4.0,4.0,1.0,1.0,,,,,2.0,2.0,,1.0,,8.0,2.0,8.0,7.0,2.0,,0.21428571428571427,0.875,0.03571428571428571,0.034482758620689655,0.041666666666666664,,1.0,2.0,6.0,,True,,,,,,,,,,,,2.0,1.0,,,,,,,,0.14285714285714285,,0.04,0.5,1.0,,,,,,,,,,1.0,1.0,,0.1111111111111111,,,,,,,,,,,,,,,
1630592,1610612751,Jalen Wilson,Jalen Wilson,1630592,BKN,6080.0,101,-2.0,206,205,31.0,411,3.0,11.0,,1.0,15.0,7.0,22.0,18.0,49.0,224,10.0,15.0,4.0,8.0,2.0,20.0,1.0,1.0,11.0,0.3181818181818182,0.4,0.5,0.45,21.757322175732217,0.275,0.2727272727272727,0.3,0.025,,,0.375,0.7,0.50066125,5.277272727272727,26.11666666666667,87.0,84.0,4.0,10.0,3.0,3.0,5.0,5.0,1.0,1.0,6.0,6.0,7.0,2.0,5.0,10.0,2.0,8.0,27.0,4.0,18.0,,5.0,3.0,1.0,4.0,4.0,14.0,6.0,20.0,2.0,1.0,,4.0,3.0,8.0,9.0,27.0,87.0,0.2857142857142857,0.2857142857142857,1.0,0.3333333333333333,0.25,0.3333333333333333,0.5,0.4444444444444444,0.5625,0.13636363636363635,0.2,0.25,0.1,0.07692307692307693,0.15294117647058825,0.057692307692307696,0.09523809523809523,0.13636363636363635,0.08695652173913043,0.25,0.4,0.5,0.25,0.3333333333333333,0.3333333333333333,1.0,0.3333333333333333,0.1111111111111111,0.2777777777777778,0.6,0.3333333333333333,0.16666666666666666,0.3333333333333333,0.47601999999999994,0.5051027777777778,0.5510204081632653,0.4223300970873786,2.0,3.0,9.0,2.0,9.0,1.0,3.0,3.0,0.42857142857142855,0.3333333333333333,0.4090909090909091,0.2,0.2,0.038461538461538464,,0.05128205128205128,,0.07142857142857142,0.21212121212121213,0.6666666666666666,0.5,0.1836734693877551,,4.0,3.0,3.0,17.0,11.0,,,,1.0,18.0,1.0,6.0,4.0,1.0,,1.0,,,3.0,0.16666666666666666,,0.075,0.13333333333333333,0.2222222222222222,,,1.0,1.0,,True,1.0,1.0,2.0,,,,,1.0,1.0,,,,,,,,,,,,0.09090909090909091,,0.08333333333333333,,0.3333333333333333,0.3333333333333333,0.3333333333333333,1.0,,,0.1111111111111111,0.5,,1.0,3.0,,,,0.1111111111111111,,,,,,,,,,,,,,
1631213,1610612751,Tyrese Martin,Tyrese Martin,1631213,BKN,5819.0,97,10.0,188,192,22.0,380,2.0,3.0,,1.0,12.0,7.0,12.0,18.0,29.0,204,6.0,12.0,9.0,20.0,9.0,51.0,4.0,4.0,4.0,0.5833333333333334,0.43333333333333335,0.453125,0.6,16.74418604651163,0.1,0.6666666666666666,0.6666666666666666,0.03333333333333333,,,0.4,0.8666666666666667,0.5461600000000001,4.641666666666667,25.461111111111112,41.0,83.0,5.0,8.0,,2.0,2.0,2.0,,,2.0,4.0,1.0,,3.0,3.0,1.0,4.0,9.0,8.0,12.0,,2.0,1.0,,1.0,2.0,13.0,4.0,17.0,,3.0,3.0,4.0,1.0,3.0,5.0,9.0,41.0,0.5714285714285714,0.5714285714285714,1.0,0.2222222222222222,0.25,0.2222222222222222,1.0,0.6428571428571429,0.6428571428571429,0.08333333333333333,0.125,0.75,0.06666666666666667,0.025,0.12643678160919541,0.04597701149425287,,0.09090909090909091,,0.26666666666666666,0.625,0.7142857142857143,0.8,0.16666666666666666,0.16666666666666666,1.0,,,0.2857142857142857,1.0,0.2857142857142857,,0.16666666666666666,,0.5356357142857143,0.3103448275862069,0.21808510638297873,,,,3.0,9.0,2.0,1.0,,,,,0.6666666666666666,0.15789473684210525,0.06382978723404255,0.2,0.05555555555555555,0.09090909090909091,0.0625,0.14634146341463414,,,,,11.0,10.0,6.0,3.0,,,,,,5.0,1.0,3.0,,,,,,,,0.1875,,0.2,0.09375,0.21428571428571427,1.0,,,,,True,2.0,1.0,2.0,,,,,1.0,,,,,,,,1.0,,,,,,,,,,0.3333333333333333,0.3333333333333333,1.0,,,0.2857142857142857,0.5,,,,,,,,,,,,,,,,,,,,,
1631166,1610612751,Drew Timme,Drew Timme,1631166,BKN,6141.0,102,-46.0,210,217,18.0,427,6.0,12.0,1.0,1.0,10.0,16.0,28.0,10.0,42.0,256,14.0,9.0,4.0,9.0,4.0,23.0,3.0,3.0,8.0,0.5714285714285714,0.5394736842105263,0.5384615384615384,0.2631578947368421,19.313304721030043,0.3157894736842105,0.5,0.5,0.02631578947368421,1.0,1.0,0.2631578947368421,0.6578947368421053,0.529881081081081,5.314285714285715,29.8,61.0,94.0,9.0,15.0,5.0,2.0,3.0,3.0,,1.0,4.0,3.0,7.0,,2.0,4.0,1.0,4.0,7.0,18.0,9.0,,3.0,,,6.0,10.0,21.0,7.0,28.0,2.0,4.0,1.0,6.0,1.0,8.0,11.0,7.0,61.0,0.5625,0.6923076923076923,1.0,0.3,0.25,0.3333333333333333,0.5,0.4375,0.4375,,,0.6666666666666666,0.2702702702702703,0.13636363636363635,0.20238095238095238,0.07,0.16,0.23809523809523808,0.1111111111111111,0.39473684210526316,0.6,0.6,0.4444444444444444,0.3,0.3,1.0,0.7142857142857143,,0.375,0.6666666666666666,0.5,0.25,0.3333333333333333,0.5999833333333333,0.5133214285714286,0.16666666666666666,0.2904761904761905,2.0,4.0,8.0,1.0,7.0,4.0,2.0,,0.5714285714285714,0.5714285714285714,0.5714285714285714,0.36363636363636365,0.14893617021276595,0.017857142857142856,,0.024390243902439025,,0.35714285714285715,0.16666666666666666,0.4,,0.19047619047619047,6.0,5.0,5.0,,1.0,,,,,1.0,3.0,1.0,2.0,,1.0,,1.0,1.0,,,0.09090909090909091,1.0,,0.05128205128205128,0.06896551724137931,,1.0,3.0,1.0,,True,,,,,,1.0,,,,,,,,2.0,,2.0,,,,,,,0.125,,0.6666666666666666,,,,,,,,,,,,,,,,,,,,,,,,,,,,
1641730,1610612751,Noah Clowney,Noah Clowney,1641730,BKN,4140.0,69,-13.0,133,137,14.0,270,,4.0,1.0,3.0,13.0,2.0,9.0,15.0,17.0,146,4.0,13.0,2.0,4.0,1.0,10.0,3.0,2.0,8.0,0.2222222222222222,0.2708333333333333,0.3269230769230769,0.625,21.476510067114095,0.16666666666666666,,,0.125,0.3333333333333333,0.3333333333333333,0.5416666666666666,0.7083333333333334,0.5007208333333333,8.122222222222222,25.893333333333334,29.0,36.0,1.0,2.0,1.0,,,3.0,2.0,,1.0,3.0,1.0,2.0,,3.0,,2.0,2.0,,9.0,,3.0,1.0,,1.0,4.0,9.0,2.0,11.0,,,,6.0,2.0,2.0,7.0,2.0,29.0,,,1.0,0.2,,0.2,,,0.16666666666666666,0.1111111111111111,,,0.16,0.03571428571428571,0.1323529411764706,0.03125,,0.18181818181818182,,0.08333333333333333,0.5,0.5,,0.23076923076923078,0.23076923076923078,1.0,0.3333333333333333,0.6666666666666666,,,0.2,,0.23076923076923078,0.5865,0.46424000000000004,0.11764705882352941,0.21804511278195488,1.0,1.0,5.0,1.0,5.0,,6.0,1.0,1.0,0.8333333333333334,0.8333333333333334,,0.11627906976744186,0.027777777777777776,,,0.1,0.16666666666666666,0.1,1.0,,0.29411764705882354,2.0,2.0,2.0,2.0,4.0,2.0,1.0,,,,5.0,1.0,2.0,1.0,,,,,2.0,1.0,0.15384615384615385,,0.08333333333333333,0.08,0.2,1.0,,,,,True,,,1.0,1.0,1.0,,,,1.0,,2.0,,,2.0,,,,,0.5,,0.25,,0.08333333333333333,,,,,,0.5,1.0,0.2,,,,,,,,,,,,,,,,,,,,,,
1630165,1610612751,Killian Hayes,Killian Hayes,1630165,BKN,927.0,15,5.0,37,38,5.0,75,,1.0,,,5.0,1.0,2.0,5.0,11.0,33,,5.0,,2.0,,6.0,,,2.0,0.5,0.5714285714285714,0.6111111111111112,0.7142857142857143,23.25581395348837,0.14285714285714285,,,,,,0.7142857142857143,0.8571428571428571,0.5032357142857143,3.55,25.660000000000004,23.0,33.0,1.0,1.0,,,,2.0,2.0,,3.0,2.0,,2.0,,,,3.0,1.0,2.0,6.0,,2.0,,,,,1.0,,1.0,,1.0,,1.0,,1.0,1.0,1.0,23.0,1.0,1.0,1.0,0.4,,0.4,,,0.125,,,1.0,,,0.1,,,,,0.14285714285714285,1.0,1.0,1.0,0.4,0.4,1.0,,1.0,,,1.0,,0.4,0.49305,0.4953,0.09090909090909091,0.6216216216216216,,,,,1.0,,,,,,,,0.16666666666666666,,,,,,0.3333333333333333,,,,,2.0,1.0,,3.0,1.0,,,,,4.0,,1.0,1.0,,,,,,1.0,,,,0.125,0.3333333333333333,,,1.0,,,True,,,,,,,,1.0,,,,,,,,,,,,,,,,,,,,,,,,,,,,,,,,,,,,,,,,,,,,,
1641736,1610612751,Reece Beekman,Reece Beekman,1641736,BKN,5375.0,90,-32.0,194,196,24.0,390,,4.0,1.0,2.0,6.0,8.0,18.0,8.0,28.0,232,8.0,6.0,9.0,17.0,8.0,42.0,10.0,4.0,6.0,0.4444444444444444,0.36538461538461536,0.45161290322580644,0.3076923076923077,15.83710407239819,0.15384615384615385,,,0.07692307692307693,0.5,0.5,0.23076923076923078,0.7692307692307693,0.5437307692307691,5.722222222222222,25.85,81.0,108.0,7.0,12.0,1.0,2.0,3.0,1.0,1.0,1.0,6.0,1.0,1.0,1.0,2.0,4.0,1.0,8.0,14.0,8.0,3.0,,1.0,,,1.0,2.0,6.0,4.0,10.0,,4.0,1.0,4.0,2.0,6.0,9.0,14.0,81.0,0.5,0.5,1.0,0.125,0.125,0.125,0.5,0.2916666666666667,0.4375,,,1.0,0.09523809523809523,0.02127659574468085,0.09375,0.0425531914893617,,0.07142857142857142,,0.46153846153846156,0.5833333333333334,0.5833333333333334,0.42857142857142855,0.16666666666666666,0.16666666666666666,1.0,0.5,0.5,0.25,0.6666666666666666,0.5,0.16666666666666666,0.16666666666666666,0.633875,0.5591083333333334,0.5,0.4175257731958763,1.0,1.0,5.0,3.0,4.0,,,,1.0,1.25,1.25,,0.09302325581395349,0.06382978723404255,,0.08571428571428572,,0.14285714285714285,0.06451612903225806,1.0,1.0,0.17857142857142858,,8.0,3.0,2.0,9.0,7.0,6.0,,,,10.0,,3.0,2.0,,,,,2.0,2.0,0.16666666666666666,,0.07692307692307693,0.10344827586206896,0.14285714285714285,,1.0,3.0,,,True,,,2.0,1.0,1.0,,,5.0,1.0,,,,,,,,,,1.0,,,,0.041666666666666664,,,,,,1.0,1.0,0.16666666666666666,,,,,,,,,,,,,,,,,,,,,,
1630623,1610612751,Tyson Etienne,Tyson Etienne,1630623,BKN,4458.0,74,-41.0,160,165,14.0,325,1.0,1.0,,,15.0,2.0,4.0,20.0,26.0,199,,15.0,3.0,9.0,1.0,24.0,,,4.0,0.5,0.4583333333333333,0.48148148148148145,0.8333333333333334,18.64406779661017,0.041666666666666664,1.0,1.0,,,,0.625,0.9583333333333334,0.5560312500000001,2.7249999999999996,25.615000000000002,69.0,93.0,1.0,3.0,1.0,1.0,2.0,3.0,2.0,,4.0,6.0,1.0,2.0,1.0,2.0,3.0,8.0,14.0,4.0,18.0,,3.0,,,,2.0,2.0,2.0,4.0,,2.0,,6.0,1.0,6.0,9.0,14.0,69.0,1.0,1.0,1.0,0.3,0.375,0.3,0.5,0.55,0.5833333333333334,,,0.3333333333333333,0.1,,0.0392156862745098,0.028169014084507043,,0.18181818181818182,,0.125,0.3333333333333333,0.3333333333333333,1.0,0.2,0.2,1.0,0.3333333333333333,0.6666666666666666,0.2,0.5,0.4,,0.2,0.531525,0.5807599999999999,0.5384615384615384,0.43125,,,1.0,2.0,,,4.0,1.0,,,0.125,,,0.047619047619047616,,0.05714285714285714,,,,,,0.038461538461538464,,6.0,4.0,5.0,4.0,3.0,,,,1.0,6.0,,2.0,1.0,1.0,,1.0,1.0,2.0,1.0,,1.0,0.20833333333333334,0.07692307692307693,0.3333333333333333,2.0,,2.0,1.0,,True,3.0,3.0,4.0,,,,,2.0,2.0,,1.0,,,,,,,,,,,,,,1.0,0.6,0.6,1.0,,,0.4,0.75,,,1.0,,,,,,,,,,,,,,,,,,
1641787,1610612751,Tosan Evbuomwan,Tosan Evbuomwan,1641787,BKN,4320.0,72,-43.0,154,160,13.0,314,1.0,5.0,,,7.0,9.0,16.0,12.0,46.0,190,10.0,7.0,4.0,9.0,2.0,23.0,4.0,3.0,12.0,0.5625,0.6428571428571429,0.696969696969697,0.42857142857142855,21.965317919075144,0.17857142857142858,0.2,0.2,,,,0.25,0.8214285714285714,0.5403071428571428,4.14375,24.708333333333332,66.0,88.0,8.0,11.0,,3.0,4.0,3.0,1.0,1.0,3.0,6.0,,2.0,3.0,6.0,3.0,5.0,20.0,8.0,18.0,,3.0,1.0,,1.0,5.0,11.0,2.0,13.0,1.0,4.0,1.0,5.0,3.0,3.0,6.0,20.0,66.0,0.4444444444444444,0.4444444444444444,1.0,0.5,0.6,0.5,0.5,0.6818181818181818,0.7692307692307693,0.0625,0.09090909090909091,0.8,0.29411764705882354,0.02857142857142857,0.1836734693877551,0.02564102564102564,,0.42857142857142855,0.09090909090909091,0.39285714285714285,0.7272727272727273,0.8,0.5,0.42857142857142855,0.42857142857142855,1.0,,0.5,0.36363636363636365,0.75,0.2727272727272727,0.3333333333333333,0.42857142857142855,,0.5466818181818183,0.43478260869565216,0.42857142857142855,,,5.0,1.0,4.0,2.0,1.0,,,0.75,0.8333333333333334,0.2,0.125,0.023255813953488372,,0.029411764705882353,,0.2,0.045454545454545456,,,0.10869565217391304,,5.0,3.0,5.0,10.0,5.0,1.0,,1.0,,12.0,2.0,6.0,1.0,2.0,,2.0,1.0,,1.0,0.3,0.5,0.17857142857142858,0.1875,0.3,,,3.0,2.0,,True,3.0,2.0,2.0,,1.0,,,2.0,2.0,,,,,1.0,,,,,0.5,,,,0.06666666666666667,,,0.6,0.6,1.0,,,0.18181818181818182,1.0,1.0,1.0,2.0,,,,0.5,1.0,1.0,,,,,,,,,,,,
1626156,1610612751,D'Angelo Russell,D'Angelo Russell,1626156,BKN,40801.0,680,-49.0,1372,1339,176.0,2711,38.0,86.0,5.0,20.0,164.0,60.0,130.0,179.0,361.0,1539,62.0,163.0,90.0,154.0,72.0,372.0,32.0,20.0,80.0,0.46153846153846156,0.46116504854368934,0.5172910662824207,0.5792880258899676,25.347661188369152,0.2783171521035599,0.4418604651162791,0.4578313253012048,0.06472491909385113,0.25,0.25,0.5307443365695793,0.656957928802589,0.5055983766233766,8.776923076923078,26.27318435754191,289.0,262.0,17.0,24.0,3.0,1.0,3.0,52.0,21.0,10.0,38.0,55.0,8.0,24.0,4.0,16.0,10.0,41.0,63.0,58.0,84.0,81.0,52.0,5.0,6.0,3.0,35.0,67.0,12.0,79.0,4.0,35.0,12.0,54.0,13.0,29.0,59.0,63.0,288.0,0.48333333333333334,0.48333333333333334,0.509090909090909,0.30726256983240224,0.24390243902439024,0.3089887640449438,0.25,0.3333333333333333,0.43661971830985913,0.038461538461538464,0.08333333333333333,0.6481481481481481,0.10115606936416185,0.009202453987730062,0.09984639016897082,0.017191977077363897,,0.10457516339869281,0.02185792349726776,0.07766990291262135,0.7083333333333334,0.7727272727272727,0.6470588235294118,0.3170731707317073,0.3170731707317073,0.5,0.09375,0.65625,0.05263157894736842,0.3333333333333333,0.6666666666666666,0.2631578947368421,0.31901840490797545,0.5250857142857143,0.4733894736842105,0.1745152354570637,0.21064139941690962,1.0,2.0,30.0,9.0,30.0,2.0,19.0,2.0,0.25,0.4375,0.4393939393939394,0.06060606060606061,0.09836065573770492,0.024193548387096774,,0.018796992481203006,0.03773584905660377,0.09803921568627451,0.1024390243902439,0.3333333333333333,1.0,0.08310249307479224,,64.0,37.0,15.0,76.0,25.0,12.0,,2.0,2.0,92.0,6.0,34.0,7.0,14.0,7.0,18.0,7.0,2.0,7.0,0.09,0.3888888888888889,0.04854368932038835,0.11470588235294117,0.21518987341772153,13.0,0.8,23.0,7.0,,False,3.0,,3.0,7.0,8.0,1.0,,27.0,12.0,1.0,,4.0,,2.0,,2.0,3.0,1.0,0.3333333333333333,,0.03488372093023256,,0.01775147928994083,0.1,0.3684210526315789,0.2,0.2,0.6666666666666666,0.3333333333333333,0.5714285714285714,0.05263157894736842,,1.0,3.0,2.0,,,,0.09375,0.3333333333333333,,,,4.0,2.0,2.0,,,5.0,,,0.027472527472527472,2.0
1627732,1610612751,Ben Simmons,Ben Simmons,1627732,BKN,49480.0,825,-69.0,1629,1640,162.0,3269,38.0,85.0,,1.0,,93.0,170.0,,204.0,1913,98.0,,116.0,229.0,78.0,571.0,26.0,15.0,44.0,0.5470588235294118,0.5470588235294118,0.56353591160221,,14.812775330396475,0.5,0.4470588235294118,0.475,0.0058823529411764705,,,,0.49411764705882355,0.5404011764705882,4.670588235294118,,294.0,314.0,55.0,84.0,15.0,4.0,6.0,,,,,,25.0,,9.0,20.0,,,21.0,88.0,,,,8.0,7.0,17.0,57.0,142.0,30.0,172.0,5.0,42.0,11.0,88.0,13.0,33.0,81.0,21.0,292.0,0.4731182795698925,0.5116279069767442,,,,,0.45,0.45,0.4772727272727273,0.047058823529411764,0.03571428571428571,0.4772727272727273,0.1601123595505618,0.04709141274238227,0.18549511854951187,0.040376850605652756,0.04195804195804196,0.1476510067114094,0.07575757575757576,0.49411764705882355,0.6547619047619048,0.6790123456790124,0.5636363636363636,,,,0.6,,0.3,0.6666666666666666,,,,0.5322823529411764,0.45952000000000004,0.10294117647058823,0.18047882136279927,9.0,13.0,28.0,13.0,76.0,9.0,46.0,4.0,0.52,0.52,0.5384615384615384,0.225,0.21052631578947367,0.034031413612565446,0.06060606060606061,0.03018867924528302,0.042735042735042736,0.1292517006802721,0.21810699588477367,0.6,0.1111111111111111,0.13725490196078433,14.0,113.0,78.0,,18.0,3.0,11.0,2.0,4.0,1.0,26.0,4.0,13.0,2.0,14.0,8.0,16.0,10.0,5.0,1.0,0.19491525423728814,0.625,,0.07262569832402235,0.07262569832402235,23.0,,31.0,6.0,1.0,False,,,,,,,,35.0,31.0,,3.0,8.0,,9.0,3.0,6.0,,,,,0.058823529411764705,,0.04864864864864865,0.26666666666666666,0.34210526315789475,,,,,,,,,,2.0,,,,,,,,,2.0,2.0,,,1.0,,,,,
1629651,1610612751,Nic Claxton,Nic Claxton,1629651,BKN,110772.0,1846,-480.0,3652,3661,413.0,7313,76.0,200.0,5.0,21.0,13.0,304.0,531.0,21.0,701.0,4353,194.0,13.0,87.0,152.0,41.0,369.0,59.0,38.0,175.0,0.5725047080979284,0.5643115942028986,0.5689935064935064,0.03804347826086957,16.988883518608024,0.36231884057971014,0.38,0.41081081081081083,0.03804347826086957,0.23809523809523808,0.23809523809523808,0.02355072463768116,0.5996376811594203,0.5636865036231888,4.56195856873823,24.604761904761908,765.0,742.0,223.0,310.0,82.0,38.0,49.0,3.0,1.0,1.0,2.0,5.0,113.0,3.0,51.0,89.0,1.0,4.0,121.0,414.0,15.0,,3.0,30.0,14.0,86.0,154.0,347.0,153.0,500.0,21.0,37.0,18.0,87.0,18.0,53.0,146.0,121.0,763.0,0.680921052631579,0.7870722433460076,1.0,0.23809523809523808,0.25,0.23809523809523808,0.5730337078651685,0.5645161290322581,0.55,0.05649717514124294,0.04838709677419355,0.42528735632183906,0.18203309692671396,0.09885057471264368,0.1927710843373494,0.08585858585858586,0.121875,0.20385674931129477,0.10096153846153846,0.5615942028985508,0.7193548387096774,0.7559322033898305,0.672645739910314,0.23076923076923078,0.23076923076923078,1.0,0.7068965517241379,0.008620689655172414,0.5268817204301075,0.7755102040816326,0.021505376344086023,0.5,0.23076923076923078,0.5602981707317072,0.5437698924731184,0.17261055634807418,0.20947426067907995,53.0,66.0,146.0,67.0,166.0,27.0,50.0,1.0,0.584070796460177,0.5818965517241379,0.5748031496062992,0.38571428571428573,0.20393120393120392,0.07346491228070176,0.05154639175257732,0.07275541795665634,0.07518796992481203,0.15229885057471265,0.22007042253521128,0.6463414634146342,0.16981132075471697,0.20827389443651925,82.0,65.0,50.0,8.0,78.0,16.0,21.0,1.0,16.0,16.0,149.0,15.0,65.0,14.0,91.0,31.0,99.0,60.0,9.0,14.0,0.16666666666666666,0.6060606060606061,0.014492753623188406,0.1079734219269103,0.11187607573149742,8.0,1.0,19.0,60.0,21.0,False,2.0,,2.0,,1.0,,,15.0,32.0,5.0,6.0,5.0,,26.0,2.0,4.0,,2.0,0.3333333333333333,,0.075,,0.09271523178807947,0.2,0.6842105263157895,0.25,0.25,1.0,,,0.021505376344086023,,1.0,2.0,11.0,,1.0,,0.017241379310344827,0.5,1.0,,,8.0,5.0,3.0,1.0,1.0,,,2.0,,
1629661,1610612751,Cameron Johnson,Cameron Johnson,1629661,BKN,106550.0,1776,-213.0,3542,3527,397.0,7069,48.0,107.0,26.0,63.0,311.0,191.0,333.0,404.0,1049.0,4206,166.0,310.0,95.0,187.0,63.0,466.0,53.0,38.0,162.0,0.5735735735735735,0.5807327001356852,0.6269649334945586,0.5481682496607869,22.944693572496263,0.1451831750339213,0.4485981308411215,0.5,0.08548168249660787,0.4126984126984127,0.41935483870967744,0.42198100407055633,0.7693351424694709,0.5488127210884354,6.91171171171171,25.822524752475253,714.0,767.0,117.0,163.0,27.0,26.0,34.0,118.0,24.0,17.0,51.0,158.0,44.0,29.0,39.0,70.0,24.0,73.0,211.0,216.0,429.0,45.0,118.0,30.0,2.0,27.0,89.0,189.0,53.0,242.0,6.0,59.0,23.0,98.0,15.0,47.0,104.0,207.0,710.0,0.5654450261780105,0.5966850828729282,0.9050632911392406,0.3910891089108911,0.3287671232876712,0.3920595533498759,0.5571428571428572,0.5244755244755245,0.5942857142857143,0.09009009009009009,0.11042944785276074,0.6020408163265306,0.11424903722721438,0.03366583541147132,0.11504424778761062,0.030678466076696165,0.03254437869822485,0.10914454277286136,0.017391304347826087,0.22116689280868385,0.7177914110429447,0.8068965517241379,0.6581196581196581,0.37942122186495175,0.3818770226537217,0.8728813559322034,0.3698630136986301,0.3287671232876712,0.23776223776223776,0.7647058823529411,0.35664335664335667,0.3333333333333333,0.38064516129032255,0.5226885416666667,0.5290097902097902,0.2011439466158246,0.2015810276679842,14.0,21.0,85.0,25.0,93.0,7.0,39.0,12.0,0.4772727272727273,0.4726027397260274,0.525,0.09333333333333334,0.11581569115815692,0.027995520716685332,0.056179775280898875,0.03503184713375796,0.011320754716981131,0.1094224924012158,0.12815884476534295,0.5185185185185185,0.35714285714285715,0.08102955195424213,20.0,92.0,54.0,93.0,193.0,61.0,15.0,3.0,12.0,7.0,217.0,15.0,70.0,27.0,22.0,12.0,25.0,11.0,11.0,21.0,0.08835341365461848,0.44,0.12618724559023067,0.09875,0.18041237113402062,15.0,0.5,36.0,10.0,1.0,False,40.0,7.0,22.0,8.0,9.0,1.0,5.0,38.0,30.0,4.0,1.0,10.0,,2.0,2.0,5.0,13.0,,0.3103448275862069,0.012376237623762377,0.102803738317757,0.03225806451612903,0.029333333333333333,0.14414414414414414,0.375,0.43010752688172044,0.4444444444444444,1.0,0.3333333333333333,0.875,0.15384615384615385,0.3181818181818182,1.0,5.0,16.0,1.0,,0.016666666666666666,0.0684931506849315,0.2,1.0,0.015873015873015872,0.006430868167202572,3.0,2.0,1.0,,,9.0,,,0.021844660194174758,1.0
1630553,1610612751,Keon Johnson,Keon Johnson,1630553,BKN,112725.0,1879,-424.0,3778,3781,432.0,7559,44.0,124.0,11.0,29.0,271.0,172.0,368.0,390.0,807.0,4440,174.0,269.0,87.0,172.0,63.0,429.0,80.0,48.0,114.0,0.4673913043478261,0.46437994722955145,0.49325153374233127,0.5145118733509235,21.707602339181285,0.16358839050131926,0.3548387096774194,0.4489795918367347,0.03825857519788918,0.3793103448275862,0.39285714285714285,0.3575197889182058,0.7981530343007915,0.5431272908366537,5.273369565217387,25.313846153846136,832.0,951.0,117.0,215.0,20.0,28.0,49.0,83.0,24.0,16.0,55.0,120.0,33.0,34.0,41.0,83.0,21.0,74.0,179.0,170.0,342.0,18.0,83.0,64.0,4.0,30.0,99.0,230.0,63.0,293.0,13.0,71.0,26.0,113.0,20.0,102.0,207.0,179.0,829.0,0.4941860465116279,0.5182926829268293,0.95,0.3076923076923077,0.28378378378378377,0.30927835051546393,0.4939759036144578,0.46178343949044587,0.5085714285714286,0.17391304347826086,0.17209302325581396,0.6283185840707964,0.12029161603888214,0.034129692832764506,0.13329383886255924,0.03338718362950996,0.05013927576601671,0.09510869565217392,0.034210526315789476,0.2836411609498681,0.5441860465116279,0.6573033707865169,0.5470085470085471,0.3062730627306273,0.31086142322097376,0.9397590361445783,0.29850746268656714,0.3582089552238806,0.31210191082802546,0.5714285714285714,0.3503184713375796,0.2909090909090909,0.30855018587360594,0.517923076923077,0.5192233766233767,0.2218091697645601,0.22022233986236103,9.0,15.0,67.0,32.0,126.0,5.0,42.0,11.0,0.45454545454545453,0.40298507462686567,0.4527027027027027,0.053763440860215055,0.14566473988439307,0.032719836400818,0.014285714285714285,0.03216374269005848,0.034013605442176874,0.11730205278592376,0.1507293354943274,0.45,,0.08302354399008674,16.0,85.0,59.0,119.0,103.0,34.0,32.0,5.0,5.0,8.0,131.0,13.0,61.0,8.0,28.0,12.0,29.0,13.0,19.0,8.0,0.13306451612903225,0.4482758620689655,0.15699208443271767,0.0768277571251549,0.1466346153846154,11.0,0.36363636363636365,45.0,16.0,6.0,False,37.0,5.0,19.0,6.0,8.0,2.0,8.0,26.0,20.0,2.0,5.0,13.0,,7.0,6.0,5.0,3.0,3.0,0.23529411764705882,0.020512820512820513,0.20967741935483872,0.03361344537815126,0.024444444444444446,0.21052631578947367,0.38636363636363635,0.31092436974789917,0.3217391304347826,0.972972972972973,0.25,0.8333333333333334,0.12101910828025478,0.2631578947368421,2.0,10.0,13.0,1.0,1.0,0.012195121951219513,0.14925373134328357,0.2,1.0,0.034482758620689655,0.014760147601476014,1.0,1.0,,,,1.0,,,0.0025575447570332483,
1630533,1610612751,Ziaire Williams,Ziaire Williams,1630533,BKN,90311.0,1505,-341.0,2986,3003,341.0,5989,19.0,55.0,1.0,10.0,169.0,108.0,214.0,298.0,614.0,3583,78.0,167.0,52.0,82.0,40.0,194.0,59.0,42.0,110.0,0.5046728971962616,0.50390625,0.5415194346289752,0.58203125,18.600531443755536,0.107421875,0.34545454545454546,0.40425531914893614,0.01953125,0.1,0.1,0.330078125,0.873046875,0.5697897058823527,4.060747663551401,24.954026845637582,604.0,680.0,88.0,149.0,34.0,18.0,31.0,60.0,15.0,12.0,32.0,100.0,41.0,33.0,21.0,43.0,17.0,54.0,126.0,138.0,294.0,6.0,60.0,36.0,2.0,29.0,89.0,223.0,59.0,282.0,7.0,40.0,14.0,65.0,12.0,75.0,149.0,124.0,601.0,0.6388888888888888,0.7666666666666667,0.98,0.33557046979865773,0.3148148148148148,0.33783783783783783,0.4883720930232558,0.4793814432989691,0.5434782608695652,0.16822429906542055,0.18791946308724833,0.6153846153846154,0.13403614457831325,0.041666666666666664,0.15119760479041916,0.03932203389830508,0.03076923076923077,0.13861386138613863,0.026923076923076925,0.291015625,0.5906040268456376,0.7272727272727273,0.625,0.35502958579881655,0.35714285714285715,0.9666666666666667,0.4594594594594595,0.20270270270270271,0.31958762886597936,0.5806451612903226,0.32989690721649484,0.375,0.3592814371257485,0.5668791666666665,0.5518673684210524,0.20521172638436483,0.20227729403884795,20.0,24.0,81.0,29.0,113.0,21.0,25.0,3.0,0.5853658536585366,0.4864864864864865,0.5126582278481012,0.3088235294117647,0.16815476190476192,0.037227214377406934,0.08108108108108109,0.036297640653357534,0.039473684210526314,0.1347517730496454,0.15657620041753653,0.5882352941176471,0.15,0.13192182410423453,36.0,30.0,17.0,129.0,98.0,33.0,17.0,2.0,9.0,9.0,119.0,4.0,42.0,12.0,20.0,10.0,27.0,21.0,21.0,10.0,0.19689119170984457,0.7777777777777778,0.251953125,0.08318264014466546,0.16666666666666666,10.0,1.0,26.0,10.0,,False,40.0,5.0,22.0,6.0,8.0,2.0,2.0,13.0,10.0,3.0,6.0,5.0,,1.0,,17.0,3.0,2.0,0.24242424242424243,0.006711409395973154,0.14545454545454545,0.007751937984496124,0.04143646408839779,0.11392405063291139,0.6842105263157895,0.31007751937984496,0.3125,1.0,0.4,1.0,0.2268041237113402,0.22727272727272727,2.0,18.0,9.0,1.0,,0.014492753623188406,0.24324324324324326,0.1111111111111111,1.0,,0.005917159763313609,7.0,4.0,3.0,,,5.0,,,0.013289036544850499,1.0
1641730,1610612751,Noah Clowney,Noah Clowney,1641730,BKN,58396.0,973,-248.0,1955,1925,242.0,3880,10.0,42.0,,1.0,179.0,44.0,102.0,246.0,403.0,2304,24.0,178.0,15.0,36.0,7.0,93.0,21.0,12.0,74.0,0.43137254901960786,0.4885057471264368,0.5274869109947644,0.7068965517241379,18.839285714285715,0.1206896551724138,0.23809523809523808,0.30303030303030304,0.0028735632183908046,,,0.514367816091954,0.8764367816091954,0.5480482708933716,4.319607843137255,25.378048780487806,432.0,482.0,34.0,59.0,13.0,10.0,18.0,60.0,22.0,15.0,41.0,84.0,15.0,29.0,12.0,27.0,20.0,57.0,111.0,64.0,240.0,12.0,60.0,20.0,2.0,15.0,68.0,129.0,41.0,170.0,7.0,21.0,9.0,40.0,12.0,56.0,98.0,111.0,430.0,0.7272727272727273,0.8648648648648649,0.9523809523809523,0.34146341463414637,0.3508771929824561,0.34285714285714286,0.4444444444444444,0.5,0.555,0.19607843137254902,0.1864406779661017,0.525,0.1548974943052392,0.03253796095444685,0.1430260047281324,0.03807615230460922,0.04294478527607362,0.16201117318435754,0.03684210526315789,0.16954022988505746,0.576271186440678,0.7083333333333334,0.7058823529411765,0.33519553072625696,0.3448275862068966,0.9333333333333333,0.29545454545454547,0.5,0.21428571428571427,0.5555555555555556,0.4880952380952381,0.36585365853658536,0.33707865168539325,0.5345229166666665,0.5366166666666665,0.27543424317617865,0.22097186700767263,8.0,9.0,63.0,23.0,53.0,8.0,19.0,4.0,0.6,0.6136363636363636,0.65625,0.1702127659574468,0.13022113022113022,0.04283054003724395,0.025,0.038461538461538464,0.05442176870748299,0.15306122448979592,0.13167259786476868,0.6153846153846154,,0.15632754342431762,14.0,21.0,18.0,67.0,63.0,27.0,9.0,3.0,10.0,7.0,75.0,5.0,34.0,4.0,20.0,1.0,21.0,14.0,8.0,4.0,0.12698412698412698,0.6666666666666666,0.1925287356321839,0.09259259259259259,0.2595419847328244,1.0,,12.0,19.0,,False,24.0,5.0,16.0,9.0,12.0,1.0,7.0,3.0,6.0,2.0,3.0,4.0,,5.0,6.0,7.0,,2.0,0.41379310344827586,0.028455284552845527,0.21428571428571427,0.029850746268656716,0.027131782945736434,0.140625,0.8,0.3582089552238806,0.36923076923076925,1.0,0.4090909090909091,0.6666666666666666,0.19047619047619047,0.3125,3.0,7.0,9.0,3.0,,0.05555555555555555,0.1590909090909091,0.42857142857142855,1.0,,0.027932960893854747,1.0,,1.0,,,1.0,,,0.004048582995951417,
1630592,1610612751,Jalen Wilson,Jalen Wilson,1630592,BKN,115804.0,1930,-260.0,3814,3815,482.0,7629,28.0,93.0,4.0,9.0,234.0,117.0,236.0,344.0,700.0,4446,90.0,233.0,54.0,137.0,32.0,357.0,39.0,28.0,111.0,0.4957627118644068,0.5017241379310344,0.536547433903577,0.593103448275862,16.381082933516105,0.16034482758620688,0.3010752688172043,0.3684210526315789,0.015517241379310345,0.4444444444444444,0.5,0.40344827586206894,0.8241379310344827,0.5384950777202073,4.651271186440682,25.505813953488378,998.0,1091.0,85.0,134.0,29.0,20.0,41.0,79.0,23.0,22.0,60.0,116.0,38.0,31.0,24.0,56.0,29.0,79.0,183.0,144.0,348.0,,79.0,33.0,3.0,31.0,79.0,181.0,69.0,250.0,8.0,42.0,17.0,75.0,14.0,88.0,155.0,178.0,994.0,0.6153846153846154,0.72,1.0,0.3372093023255814,0.3670886075949367,0.33819241982507287,0.42857142857142855,0.5,0.5484848484848485,0.13983050847457626,0.11194029850746269,0.56,0.09887359198998748,0.03651354534746761,0.100789313904068,0.03691813804173355,0.04285714285714286,0.08378378378378379,0.02572347266881029,0.23103448275862068,0.6343283582089553,0.7142857142857143,0.5411764705882353,0.33760683760683763,0.33905579399141633,1.0,0.42028985507246375,0.3333333333333333,0.3037037037037037,0.4878048780487805,0.4444444444444444,0.36666666666666664,0.33905579399141633,0.5359607142857141,0.5488563432835822,0.26142857142857145,0.2616675406397483,19.0,24.0,102.0,38.0,87.0,15.0,33.0,9.0,0.631578947368421,0.5869565217391305,0.6296296296296297,0.13636363636363635,0.10259433962264151,0.03725490196078431,0.0684931506849315,0.036885245901639344,0.03819444444444445,0.10828025477707007,0.1035653650254669,0.6551724137931034,0.05263157894736842,0.1457142857142857,34.0,83.0,60.0,110.0,118.0,48.0,11.0,6.0,12.0,11.0,147.0,10.0,55.0,18.0,3.0,3.0,4.0,2.0,17.0,14.0,0.10038610038610038,0.5,0.1896551724137931,0.088,0.19572953736654805,6.0,0.5,25.0,,,False,37.0,7.0,19.0,8.0,11.0,1.0,1.0,23.0,19.0,1.0,4.0,5.0,,5.0,,3.0,12.0,1.0,0.3548387096774194,0.0029069767441860465,0.1827956989247312,,0.025821596244131457,0.12173913043478261,0.8571428571428571,0.33636363636363636,0.33636363636363636,1.0,0.34782608695652173,1.0,0.14074074074074075,0.3684210526315789,3.0,8.0,21.0,,,,0.11594202898550725,0.375,1.0,0.1111111111111111,0.004273504273504274,1.0,1.0,,,1.0,,,1.0,,
1631213,1610612751,Tyrese Martin,Tyrese Martin,1631213,BKN,73096.0,1218,-268.0,2431,2438,318.0,4869,26.0,84.0,7.0,16.0,178.0,83.0,171.0,264.0,494.0,2851,80.0,176.0,55.0,102.0,36.0,251.0,30.0,16.0,46.0,0.4853801169590643,0.5183908045977011,0.5358695652173913,0.6068965517241379,18.781006378454997,0.19310344827586207,0.30952380952380953,0.35135135135135137,0.0367816091954023,0.4375,0.4375,0.4091954022988506,0.7701149425287356,0.5323260969976904,6.423976608187131,25.575378787878787,632.0,730.0,50.0,71.0,9.0,17.0,21.0,61.0,21.0,17.0,52.0,95.0,21.0,25.0,23.0,41.0,26.0,73.0,137.0,86.0,267.0,18.0,61.0,14.0,1.0,20.0,67.0,148.0,54.0,202.0,8.0,50.0,13.0,70.0,19.0,31.0,72.0,137.0,630.0,0.5180722891566265,0.5584415584415584,0.9368421052631579,0.35984848484848486,0.3561643835616438,0.36259541984732824,0.5609756097560976,0.543859649122807,0.5661157024793388,0.08187134502923976,0.056338028169014086,0.7142857142857143,0.13535353535353536,0.03466204506065858,0.13708086785009863,0.04173354735152488,0.03167420814479638,0.14285714285714285,0.03463203463203463,0.1632183908045977,0.704225352112676,0.746268656716418,0.54,0.34269662921348315,0.34269662921348315,0.9344262295081968,0.1956521739130435,0.45652173913043476,0.18421052631578946,0.8095238095238095,0.45614035087719296,0.3269230769230769,0.3465909090909091,0.5350645833333333,0.5324142857142858,0.2773279352226721,0.2599753187988482,8.0,11.0,61.0,32.0,72.0,9.0,20.0,5.0,0.5238095238095238,0.5652173913043478,0.5865384615384616,0.15517241379310345,0.13872832369942195,0.04783258594917788,0.017543859649122806,0.049484536082474224,0.043478260869565216,0.15384615384615385,0.13783783783783785,0.8888888888888888,0.25,0.12348178137651822,12.0,47.0,37.0,86.0,43.0,13.0,14.0,1.0,2.0,1.0,53.0,1.0,24.0,1.0,8.0,2.0,9.0,7.0,8.0,1.0,0.14093959731543623,0.7777777777777778,0.19770114942528735,0.054466230936819175,0.12371134020618557,8.0,0.5714285714285714,37.0,6.0,,False,34.0,9.0,21.0,8.0,10.0,2.0,,10.0,18.0,,2.0,5.0,,,,2.0,1.0,1.0,0.4,,0.11904761904761904,,0.04013377926421405,0.058823529411764705,0.46153846153846156,0.3953488372093023,0.3953488372093023,0.9411764705882353,0.38095238095238093,0.875,0.18421052631578946,0.42857142857142855,2.0,4.0,9.0,2.0,,0.03278688524590164,0.08695652173913043,0.5,1.0,,,1.0,1.0,,,,1.0,,,0.0037735849056603774,
1630549,1610612751,Day'Ron Sharpe,Day'Ron Sharpe,1630549,BKN,48698.0,812,30.0,1608,1589,260.0,3197,28.0,66.0,6.0,9.0,28.0,139.0,249.0,40.0,363.0,1783,116.0,28.0,51.0,80.0,29.0,189.0,37.0,25.0,68.0,0.5582329317269076,0.532871972318339,0.5636645962732919,0.1384083044982699,19.728601252609604,0.22837370242214533,0.42424242424242425,0.45161290322580644,0.031141868512110725,0.6666666666666666,0.75,0.09688581314878893,0.740484429065744,0.5629826989619378,3.527710843373494,24.967499999999994,418.0,490.0,105.0,174.0,94.0,34.0,50.0,5.0,,,8.0,10.0,106.0,1.0,42.0,67.0,2.0,12.0,112.0,162.0,30.0,,5.0,26.0,3.0,85.0,73.0,158.0,135.0,293.0,19.0,26.0,12.0,58.0,14.0,44.0,106.0,112.0,417.0,0.5827338129496403,0.8709677419354839,1.0,0.25,0.16666666666666666,0.25,0.6268656716417911,0.569620253164557,0.6153846153846154,0.10441767068273092,0.1206896551724138,0.4482758620689655,0.21220930232558138,0.2109181141439206,0.1953232462173315,0.1606280193236715,0.2185430463576159,0.24444444444444444,0.17272727272727273,0.6020761245674741,0.603448275862069,0.6862745098039216,0.5142857142857142,0.17857142857142858,0.17857142857142858,1.0,0.8785046728971962,,0.6329113924050633,0.68,0.10126582278481013,,0.17857142857142858,0.5690712328767125,0.5691126582278482,0.3085399449035813,0.2599502487562189,51.0,55.0,134.0,48.0,69.0,16.0,32.0,1.0,0.5188679245283019,0.5280373831775701,0.5630252100840336,0.32653061224489793,0.1801566579634465,0.11294117647058824,0.034482758620689655,0.11182108626198083,0.11607142857142858,0.14728682170542637,0.18867924528301888,0.5425531914893617,0.0784313725490196,0.3691460055096419,92.0,29.0,20.0,12.0,55.0,22.0,12.0,,13.0,17.0,72.0,8.0,32.0,9.0,33.0,15.0,34.0,17.0,9.0,7.0,0.16101694915254236,0.5,0.04152249134948097,0.10223642172523961,0.11721611721611722,5.0,0.6666666666666666,14.0,18.0,1.0,False,5.0,2.0,4.0,,1.0,,,9.0,19.0,,,7.0,,19.0,1.0,1.0,,1.0,1.0,,0.06060606060606061,,0.22869955156950672,0.2857142857142857,0.8214285714285714,0.4166666666666667,0.4166666666666667,1.0,,,0.05063291139240506,0.5,1.0,1.0,21.0,2.0,,0.05555555555555555,0.009345794392523364,1.0,1.0,0.1111111111111111,,1.0,1.0,,2.0,,,,5.0,,
1641787,1610612751,Tosan Evbuomwan,Tosan Evbuomwan,1641787,BKN,35575.0,593,-23.0,1160,1165,167.0,2325,25.0,68.0,2.0,8.0,36.0,61.0,127.0,65.0,221.0,1280,52.0,36.0,24.0,46.0,18.0,114.0,20.0,14.0,47.0,0.48031496062992124,0.4583333333333333,0.5022727272727273,0.3385416666666667,18.594436310395313,0.3541666666666667,0.36764705882352944,0.43103448275862066,0.041666666666666664,0.25,0.2857142857142857,0.1875,0.6041666666666666,0.5254315104166666,6.103149606299211,24.555384615384618,324.0,339.0,34.0,51.0,11.0,11.0,17.0,11.0,9.0,4.0,11.0,18.0,19.0,12.0,19.0,35.0,5.0,21.0,73.0,70.0,54.0,,11.0,19.0,1.0,13.0,27.0,77.0,30.0,107.0,3.0,16.0,6.0,34.0,9.0,24.0,49.0,73.0,324.0,0.5737704918032787,0.625,1.0,0.27692307692307694,0.23809523809523808,0.27692307692307694,0.5428571428571428,0.4732142857142857,0.5447761194029851,0.14960629921259844,0.1568627450980392,0.47058823529411764,0.1018867924528302,0.045454545454545456,0.12915129151291513,0.04923599320882852,0.05,0.08843537414965986,0.03333333333333333,0.265625,0.6666666666666666,0.7906976744186046,0.5882352941176471,0.3055555555555556,0.3142857142857143,1.0,0.3548387096774194,0.2903225806451613,0.30357142857142855,0.6470588235294118,0.19642857142857142,0.36363636363636365,0.3055555555555556,0.57451875,0.5270535714285715,0.33031674208144796,0.2793103448275862,8.0,9.0,30.0,16.0,43.0,7.0,18.0,2.0,0.47368421052631576,0.3870967741935484,0.4411764705882353,0.23333333333333334,0.1552346570397112,0.052805280528052806,0.19047619047619047,0.0547945205479452,0.047619047619047616,0.125,0.16176470588235295,0.7272727272727273,0.375,0.13574660633484162,10.0,22.0,20.0,29.0,45.0,20.0,6.0,2.0,4.0,,61.0,4.0,30.0,1.0,8.0,4.0,8.0,4.0,8.0,1.0,0.136986301369863,0.5,0.15104166666666666,0.1415525114155251,0.19607843137254902,5.0,1.0,10.0,4.0,,False,7.0,1.0,10.0,1.0,2.0,,1.0,2.0,5.0,4.0,3.0,1.0,,2.0,1.0,2.0,,,0.16666666666666666,0.015384615384615385,0.14705882352941177,,0.024242424242424242,0.10526315789473684,0.52,0.2413793103448276,0.2413793103448276,1.0,0.1111111111111111,1.0,0.17857142857142858,0.1,1.0,3.0,6.0,1.0,,0.02564102564102564,0.0967741935483871,0.3333333333333333,1.0,0.125,0.027777777777777776,,,,,,1.0,,,0.015151515151515152,
1630570,1610612751,Trendon Watford,Trendon Watford,1630570,BKN,45211.0,754,-59.0,1508,1486,186.0,2994,46.0,109.0,1.0,3.0,49.0,109.0,214.0,70.0,370.0,1687,140.0,49.0,38.0,94.0,28.0,244.0,25.0,16.0,94.0,0.5093457943925234,0.5052816901408451,0.5589123867069486,0.24647887323943662,23.00578034682081,0.38380281690140844,0.42201834862385323,0.48936170212765956,0.01056338028169014,0.3333333333333333,0.5,0.17253521126760563,0.6056338028169014,0.5250155477031802,4.987383177570095,25.30142857142857,426.0,448.0,62.0,102.0,15.0,15.0,25.0,16.0,4.0,4.0,10.0,23.0,22.0,6.0,30.0,55.0,7.0,15.0,108.0,78.0,69.0,,16.0,26.0,1.0,18.0,58.0,107.0,34.0,141.0,12.0,32.0,21.0,67.0,19.0,37.0,85.0,108.0,423.0,0.3577981651376147,0.375,1.0,0.32857142857142857,0.4666666666666667,0.32857142857142857,0.5454545454545454,0.5785714285714286,0.6206896551724138,0.12149532710280374,0.09803921568627451,0.47761194029850745,0.1762917933130699,0.04838709677419355,0.13714285714285715,0.046703296703296704,0.05806451612903226,0.2111801242236025,0.1016949152542373,0.3591549295774648,0.6078431372549019,0.6739130434782609,0.43548387096774194,0.32653061224489793,0.3333333333333333,1.0,0.5357142857142857,0.14285714285714285,0.35714285714285715,0.6,0.14285714285714285,0.4,0.32653061224489793,0.5484735294117647,0.5107407142857143,0.2918918918918919,0.28249336870026526,5.0,6.0,21.0,16.0,38.0,11.0,35.0,3.0,0.2727272727272727,0.26785714285714285,0.3387096774193548,0.25,0.10242587601078167,0.0449438202247191,,0.056,0.018867924528301886,0.14173228346456693,0.09774436090225563,0.3333333333333333,,0.05675675675675676,10.0,56.0,41.0,21.0,83.0,27.0,9.0,3.0,2.0,5.0,105.0,11.0,51.0,7.0,10.0,5.0,10.0,5.0,5.0,7.0,0.11428571428571428,0.5,0.07394366197183098,0.1574074074074074,0.20078740157480315,9.0,,11.0,5.0,,False,7.0,3.0,5.0,1.0,1.0,,3.0,15.0,9.0,1.0,8.0,2.0,,11.0,3.0,2.0,,3.0,0.16666666666666666,0.04285714285714286,0.13761467889908258,0.09523809523809523,0.046632124352331605,0.14634146341463414,0.2608695652173913,0.3333333333333333,0.3684210526315789,1.0,0.25,1.0,0.07142857142857142,0.6,,2.0,6.0,,1.0,,0.07142857142857142,,,0.3333333333333333,0.02040816326530612,,,,,,,,,,
1630560,1610612751,Cam Thomas,Cam Thomas,1630560,BKN,46870.0,781,-92.0,1536,1529,169.0,3065,54.0,118.0,31.0,62.0,171.0,131.0,259.0,195.0,599.0,1888,138.0,170.0,58.0,95.0,45.0,227.0,15.0,11.0,115.0,0.5057915057915058,0.513215859030837,0.5773694390715667,0.42951541850220265,33.66279069767442,0.2599118942731278,0.4576271186440678,0.4954128440366973,0.13656387665198239,0.5,0.5166666666666667,0.3766519823788546,0.6035242290748899,0.5057230684326711,8.964092664092664,26.06769230769231,317.0,368.0,46.0,79.0,8.0,15.0,21.0,62.0,15.0,14.0,43.0,68.0,18.0,19.0,32.0,61.0,14.0,46.0,152.0,124.0,111.0,93.0,62.0,25.0,1.0,11.0,27.0,68.0,15.0,83.0,8.0,40.0,21.0,62.0,11.0,24.0,44.0,152.0,315.0,0.4732824427480916,0.4732824427480916,0.5441176470588235,0.3487179487179487,0.30434782608695654,0.35051546391752575,0.5245901639344263,0.4953271028037383,0.5852713178294574,0.09652509652509653,0.17721518987341772,0.6451612903225806,0.07520891364902507,0.033846153846153845,0.09243697478991597,0.02097902097902098,0.015151515151515152,0.09090909090909091,0.0365296803652968,0.17400881057268722,0.5822784810126582,0.7076923076923077,0.4782608695652174,0.36257309941520466,0.36904761904761907,0.5161290322580645,0.21621621621621623,0.40540540540540543,0.19626168224299065,0.7142857142857143,0.40186915887850466,0.32558139534883723,0.36470588235294116,0.5006240000000001,0.48279622641509434,0.25375626043405675,0.20638020833333334,2.0,8.0,38.0,4.0,39.0,2.0,22.0,6.0,0.4444444444444444,0.4189189189189189,0.475,0.05128205128205128,0.10985915492957747,0.010256410256410256,0.058823529411764705,0.01060070671378092,0.009345794392523364,0.047619047619047616,0.11740890688259109,0.25,0.5,0.06343906510851419,,37.0,21.0,24.0,133.0,46.0,4.0,1.0,2.0,2.0,151.0,15.0,64.0,8.0,2.0,1.0,2.0,,2.0,8.0,0.09259259259259259,,0.05286343612334802,0.13948919449901767,0.2077922077922078,2.0,0.4838709677419355,19.0,1.0,,False,6.0,,3.0,4.0,5.0,1.0,3.0,16.0,12.0,1.0,6.0,3.0,,5.0,,7.0,3.0,,0.2631578947368421,0.015384615384615385,0.07627118644067797,,0.04225352112676056,0.10638297872340426,0.46296296296296297,0.25,0.25,0.8333333333333334,0.26666666666666666,1.0,0.028037383177570093,,1.0,4.0,7.0,,,,0.10810810810810811,0.25,1.0,0.03225806451612903,0.017543859649122806,,,,,,7.0,,,0.03482587064676617,1.0
1641736,1610612751,Reece Beekman,Reece Beekman,1641736,BKN,22538.0,376,-85.0,738,742,104.0,1480,6.0,18.0,,5.0,18.0,19.0,48.0,32.0,63.0,827,22.0,18.0,22.0,45.0,11.0,113.0,22.0,13.0,22.0,0.3958333333333333,0.35,0.37058823529411766,0.4,11.874272409778813,0.225,0.3333333333333333,0.375,0.0625,,,0.225,0.7125,0.51594375,5.902083333333333,24.846875,221.0,217.0,13.0,25.0,1.0,6.0,14.0,2.0,2.0,1.0,7.0,6.0,4.0,5.0,7.0,22.0,1.0,9.0,19.0,16.0,18.0,,2.0,7.0,2.0,2.0,10.0,20.0,8.0,28.0,1.0,13.0,3.0,17.0,3.0,14.0,26.0,19.0,220.0,0.42105263157894735,0.4444444444444444,1.0,0.1875,0.1111111111111111,0.1875,0.3181818181818182,0.27419354838709675,0.2878787878787879,0.14583333333333334,0.16,0.7647058823529411,0.06535947712418301,0.010810810810810811,0.06349206349206349,0.020151133501259445,0.014705882352941176,0.0759493670886076,0.022222222222222223,0.3125,0.52,0.6190476190476191,0.46153846153846156,0.1111111111111111,0.11764705882352941,1.0,0.1111111111111111,0.2222222222222222,0.45161290322580644,0.42857142857142855,0.22580645161290322,0.14285714285714285,0.1111111111111111,0.4856937499999999,0.5231887096774194,0.30158730158730157,0.2994579945799458,1.0,2.0,7.0,6.0,10.0,,4.0,2.0,0.5,0.3888888888888889,0.3888888888888889,,0.06172839506172839,0.02830188679245283,,0.025806451612903226,0.03508771929824561,0.037037037037037035,0.05128205128205128,1.0,,0.1111111111111111,2.0,23.0,19.0,14.0,7.0,2.0,9.0,,,,11.0,1.0,6.0,,1.0,1.0,2.0,1.0,6.0,,0.08888888888888889,0.5,0.175,0.07058823529411765,0.11320754716981132,2.0,,10.0,,,False,4.0,,2.0,,1.0,,1.0,4.0,9.0,,,1.0,,,,7.0,,1.0,0.2,0.03125,0.1111111111111111,,0.009900990099009901,0.1,0.3333333333333333,0.2857142857142857,0.2857142857142857,1.0,,,0.06451612903225806,,1.0,3.0,,,,,0.3333333333333333,0.3333333333333333,1.0,0.2,0.05555555555555555,1.0,1.0,,,,,,,,
1631166,1610612751,Drew Timme,Drew Timme,1631166,BKN,9092.0,152,-20.0,310,307,30.0,617,8.0,18.0,,,19.0,20.0,39.0,25.0,67.0,356,8.0,19.0,4.0,11.0,4.0,29.0,1.0,1.0,14.0,0.5128205128205128,0.453125,0.4855072463768116,0.390625,22.413793103448278,0.28125,0.4444444444444444,0.4444444444444444,,,,0.296875,0.71875,0.5390546875,4.9461538461538455,24.999999999999996,89.0,96.0,12.0,21.0,5.0,7.0,9.0,4.0,1.0,2.0,5.0,6.0,5.0,1.0,9.0,14.0,3.0,7.0,30.0,32.0,18.0,,4.0,2.0,,3.0,6.0,27.0,10.0,37.0,1.0,6.0,4.0,9.0,2.0,6.0,10.0,30.0,89.0,0.8,0.8888888888888888,1.0,0.24,0.42857142857142855,0.24,0.6428571428571429,0.6428571428571429,0.6818181818181818,0.05128205128205128,0.09523809523809523,0.6666666666666666,0.10909090909090909,0.043478260869565216,0.1865671641791045,0.06369426751592357,0.027777777777777776,0.16129032258064516,0.02857142857142857,0.328125,0.5714285714285714,0.631578947368421,0.6666666666666666,0.21052631578947367,0.21052631578947367,1.0,0.8333333333333334,0.16666666666666666,0.42857142857142855,0.7777777777777778,0.23809523809523808,0.4,0.21052631578947367,0.62035,0.5580857142857143,0.44776119402985076,0.2870967741935484,2.0,2.0,4.0,7.0,19.0,2.0,3.0,,0.4,0.3333333333333333,0.3333333333333333,0.2,0.24050632911392406,0.07954545454545454,,0.047619047619047616,0.16,0.05555555555555555,0.203125,0.4,,0.05970149253731343,4.0,7.0,6.0,6.0,9.0,3.0,,,,,13.0,3.0,8.0,,,,,,,,0.4,,0.09375,0.11594202898550725,0.18181818181818182,,,2.0,,,False,2.0,1.0,2.0,,,,,1.0,,1.0,,1.0,,2.0,2.0,,,1.0,,,,,0.06896551724137931,,1.0,0.3333333333333333,0.3333333333333333,1.0,,,0.09523809523809523,0.5,,,,,,,,,,,,,,,,,,,,,
1641727,1610612751,Dariq Whitehead,Dariq Whitehead,1641727,BKN,6482.0,108,-16.0,225,228,27.0,453,2.0,5.0,,1.0,28.0,2.0,11.0,37.0,53.0,248,4.0,28.0,2.0,3.0,1.0,7.0,3.0,1.0,3.0,0.18181818181818182,0.5416666666666666,0.5408163265306123,0.7708333333333334,20.233463035019458,0.10416666666666667,0.4,0.4,0.020833333333333332,,,0.5833333333333334,0.875,0.5365770833333333,7.381818181818182,25.599999999999994,64.0,94.0,,5.0,,,1.0,15.0,5.0,3.0,9.0,16.0,1.0,5.0,,4.0,3.0,10.0,10.0,,45.0,3.0,15.0,3.0,,,2.0,8.0,2.0,10.0,,3.0,2.0,3.0,2.0,6.0,8.0,10.0,64.0,,,0.9375,0.43243243243243246,0.3,0.43243243243243246,,0.32142857142857145,0.3333333333333333,0.2727272727272727,0.6,1.0,0.058823529411764705,,0.07954545454545454,0.008264462809917356,,,,0.10416666666666667,,,,0.5357142857142857,0.5357142857142857,0.9333333333333333,,0.8333333333333334,0.07142857142857142,,0.6428571428571429,0.3333333333333333,0.5357142857142857,0.445025,0.5439499999999999,0.18867924528301888,0.28444444444444444,,,6.0,1.0,5.0,1.0,,,,0.5,0.5,0.16666666666666666,0.09259259259259259,0.014705882352941176,,,0.045454545454545456,0.08333333333333333,0.08108108108108109,,,0.11320754716981132,,1.0,,9.0,1.0,1.0,2.0,,,1.0,3.0,1.0,2.0,,,,1.0,1.0,1.0,,0.11764705882352941,1.0,0.1875,0.04081632653061224,0.16666666666666666,,,1.0,,,False,1.0,,1.0,2.0,2.0,,,1.0,1.0,,,,,,,,,,0.4,,,,,0.5,,0.1111111111111111,0.1111111111111111,1.0,0.4,0.5,0.07142857142857142,,,,,1.0,,0.125,,,,,,1.0,,1.0,,,,,,,
1627827,1610612751,Dorian Finney-Smith,Dorian Finney-Smith,1627827,BKN,34756.0,579,41.0,1147,1147,107.0,2294,2.0,9.0,,1.0,66.0,26.0,51.0,108.0,208.0,1330,16.0,66.0,18.0,31.0,11.0,75.0,18.0,11.0,23.0,0.5098039215686274,0.6069182389937107,0.6153846153846154,0.6792452830188679,14.770932069510268,0.05660377358490566,0.2222222222222222,0.3333333333333333,0.006289308176100629,,,0.41509433962264153,0.9371069182389937,0.57252893081761,2.958823529411765,24.76944444444445,251.0,260.0,24.0,41.0,14.0,1.0,2.0,30.0,5.0,9.0,15.0,47.0,15.0,6.0,1.0,2.0,12.0,24.0,45.0,36.0,138.0,3.0,30.0,8.0,3.0,14.0,28.0,60.0,31.0,91.0,4.0,7.0,1.0,18.0,4.0,28.0,54.0,44.0,247.0,0.6923076923076923,0.9,0.9787234042553191,0.4351851851851852,0.5,0.4351851851851852,0.5,0.7307692307692307,0.7258064516129032,0.1568627450980392,0.12195121951219512,0.3888888888888889,0.10727969348659004,0.06306306306306306,0.10325047801147227,0.060362173038229376,0.06422018348623854,0.1509433962264151,0.0547945205479452,0.2578616352201258,0.5853658536585366,0.6666666666666666,0.7083333333333334,0.45454545454545453,0.46153846153846156,1.0,0.6666666666666666,0.23809523809523808,0.07692307692307693,0.5,0.5769230769230769,0.6,0.45454545454545453,0.5385208333333332,0.521625,0.21634615384615385,0.21883173496076722,8.0,8.0,25.0,16.0,26.0,6.0,11.0,2.0,0.5333333333333333,0.5238095238095238,0.5681818181818182,0.23076923076923078,0.09923664122137404,0.05818181818181818,0.15384615384615385,0.04639175257731959,0.08641975308641975,0.09821428571428571,0.0893854748603352,0.5714285714285714,0.125,0.1201923076923077,12.0,13.0,11.0,42.0,15.0,7.0,7.0,1.0,7.0,8.0,24.0,2.0,6.0,5.0,11.0,3.0,12.0,7.0,2.0,4.0,0.12048192771084337,0.5833333333333334,0.2641509433962264,0.042682926829268296,0.10909090909090909,5.0,,6.0,8.0,1.0,False,17.0,3.0,9.0,2.0,2.0,,1.0,2.0,4.0,,2.0,2.0,,1.0,1.0,1.0,1.0,,0.3333333333333333,0.009259259259259259,0.3333333333333333,,0.034482758620689655,0.023255813953488372,0.5,0.40476190476190477,0.40476190476190477,0.9411764705882353,0.4,1.0,0.34615384615384615,0.3333333333333333,,1.0,3.0,1.0,,0.06666666666666667,0.047619047619047616,,,,0.015151515151515152,1.0,,1.0,,,1.0,,,0.009174311926605505,
1629003,1610612751,Shake Milton,Shake Milton,1629003,BKN,29498.0,492,-67.0,989,992,108.0,1981,25.0,52.0,4.0,4.0,51.0,45.0,85.0,72.0,199.0,1140,60.0,50.0,28.0,64.0,20.0,164.0,15.0,9.0,40.0,0.5294117647058824,0.554140127388535,0.5818713450292398,0.4585987261146497,17.176258992805757,0.33121019108280253,0.4807692307692308,0.5434782608695652,0.025477707006369428,1.0,1.0,0.3248407643312102,0.643312101910828,0.5212820512820512,6.581176470588236,25.668055555555554,261.0,394.0,16.0,29.0,9.0,6.0,8.0,22.0,2.0,6.0,14.0,28.0,11.0,3.0,12.0,17.0,6.0,21.0,51.0,30.0,84.0,,22.0,8.0,2.0,9.0,16.0,35.0,16.0,51.0,5.0,14.0,6.0,20.0,7.0,18.0,43.0,51.0,258.0,0.3333333333333333,0.36585365853658536,1.0,0.3888888888888889,0.2857142857142857,0.39436619718309857,0.7058823529411765,0.5526315789473685,0.5930232558139535,0.09411764705882353,0.06896551724137931,0.7,0.07881773399014778,0.041474654377880185,0.08413461538461539,0.034261241970021415,0.038834951456310676,0.05063291139240506,0.06944444444444445,0.18471337579617833,0.5517241379310345,0.5925925925925926,0.3125,0.43137254901960786,0.44,1.0,0.6428571428571429,0.14285714285714285,0.21052631578947367,0.75,0.3684210526315789,0.42857142857142855,0.44,0.6189888888888889,0.5321351351351351,0.2562814070351759,0.2639029322548028,4.0,6.0,18.0,7.0,19.0,,6.0,2.0,0.5454545454545454,0.5357142857142857,0.5625,,0.0892018779342723,0.028,,0.0335195530726257,0.014084507042253521,0.0784313725490196,0.1056338028169014,0.4444444444444444,0.25,0.09045226130653267,8.0,36.0,23.0,21.0,25.0,9.0,6.0,,2.0,1.0,33.0,4.0,16.0,2.0,1.0,,1.0,,9.0,2.0,0.056338028169014086,,0.1337579617834395,0.10059171597633136,0.16494845360824742,1.0,,8.0,1.0,,False,6.0,,7.0,1.0,1.0,1.0,2.0,13.0,6.0,,,1.0,,2.0,3.0,3.0,,,0.3333333333333333,0.027777777777777776,0.11538461538461539,0.047619047619047616,0.04950495049504951,0.18181818181818182,0.4,0.2857142857142857,0.3,1.0,0.5,1.0,0.18421052631578946,,,1.0,3.0,,,,0.07142857142857142,,,,0.0196078431372549,,,,,,1.0,,,0.013888888888888888,1.0
203471,1610612751,Dennis Schröder,Dennis Schröder,203471,BKN,46329.0,772,-2.0,1549,1536,169.0,3085,24.0,63.0,19.0,31.0,136.0,89.0,175.0,150.0,424.0,1825,138.0,135.0,75.0,152.0,51.0,381.0,26.0,20.0,81.0,0.5085714285714286,0.5415384615384615,0.5870786516853933,0.46153846153846156,23.946912867859208,0.19384615384615383,0.38095238095238093,0.43636363636363634,0.09538461538461539,0.6129032258064516,0.6129032258064516,0.41846153846153844,0.7107692307692308,0.5172054012345678,7.075428571428573,26.08933333333333,405.0,441.0,46.0,81.0,3.0,9.0,21.0,51.0,16.0,10.0,35.0,58.0,5.0,18.0,22.0,54.0,11.0,37.0,116.0,40.0,117.0,57.0,51.0,21.0,2.0,3.0,27.0,64.0,4.0,68.0,,39.0,10.0,59.0,18.0,23.0,56.0,114.0,402.0,0.2247191011235955,0.2247191011235955,0.6724137931034483,0.38666666666666666,0.2972972972972973,0.38926174496644295,0.4074074074074074,0.4230769230769231,0.5180180180180181,0.12,0.16049382716049382,0.6610169491525424,0.08181818181818182,0.009375,0.09431137724550898,0.00424929178470255,0.013333333333333334,0.07407407407407407,,0.24923076923076923,0.5679012345679012,0.6764705882352942,0.2826086956521739,0.375,0.38345864661654133,0.6274509803921569,0.13043478260869565,0.6956521739130435,0.23076923076923078,0.42857142857142855,0.38461538461538464,0.2857142857142857,0.37777777777777777,0.5419571428571429,0.4839683333333333,0.27358490566037735,0.26145900581020015,1.0,1.0,31.0,,36.0,1.0,20.0,2.0,0.2,0.5,0.5769230769230769,0.023809523809523808,0.10650887573964497,,,,,0.0763888888888889,0.09482758620689655,0.3333333333333333,1.0,0.07311320754716981,,77.0,57.0,14.0,72.0,39.0,6.0,,3.0,3.0,81.0,7.0,25.0,12.0,4.0,4.0,4.0,4.0,4.0,11.0,0.1320754716981132,1.0,0.043076923076923075,0.0755813953488372,0.12953367875647667,9.0,0.21052631578947367,29.0,,,False,7.0,1.0,2.0,7.0,7.0,1.0,3.0,20.0,22.0,1.0,3.0,2.0,,4.0,5.0,9.0,9.0,,0.3888888888888889,0.02,0.12698412698412698,,0.007194244604316547,0.11764705882352941,0.125,0.5,0.5,1.0,0.4375,0.8571428571428571,0.02197802197802198,0.5,,2.0,8.0,1.0,1.0,0.030303030303030304,0.08695652173913043,,,,0.022058823529411766,,,,,,1.0,,,0.006622516556291391,
1642385,1610612751,Cui Yongxi,Cui Yongxi,1642385,BKN,619.0,10,2.0,25,25,1.0,50,,1.0,,,1.0,1.0,4.0,3.0,3.0,19,,1.0,,,,,,,1.0,0.25,0.14285714285714285,0.1875,0.42857142857142855,30.769230769230766,0.14285714285714285,,,,,,0.14285714285714285,0.8571428571428571,0.5250357142857143,3.175,24.266666666666666,13.0,25.0,1.0,3.0,,,,,,,1.0,,,,,1.0,,2.0,1.0,2.0,,,,1.0,,,,2.0,,2.0,,,,,,,,1.0,13.0,1.0,1.0,,,,,,,0.125,0.25,0.3333333333333333,,,,0.2222222222222222,,,,,0.42857142857142855,0.3333333333333333,0.5,1.0,,,,,,,,0.3333333333333333,,,,0.40536666666666665,0.3333333333333333,0.52,,,,,2.0,,,,,,,,0.3333333333333333,,,,,,0.3333333333333333,,,,,,,2.0,1.0,1.0,,,,,2.0,,1.0,,,,,,,,,,0.2857142857142857,0.125,0.2,,,,,,False,,,1.0,,,,,,,,,,,,,,,,,,,,,,,,,,,,0.3333333333333333,,,,,,,,,,,,,,,,,,,,,,
1641798,1610612751,Jaylen Martin,Jaylen Martin,1641798,BKN,282.0,5,1.0,12,11,2.0,23,,1.0,,,,,1.0,1.0,3.0,8,,,,,,,,,,,0.75,0.75,0.5,14.285714285714285,0.5,,,,,,,0.5,0.488275,6.1,23.2,10.0,8.0,,,,,,,,,,1.0,,,,1.0,1.0,1.0,3.0,,3.0,,,,,,,,,,,,,,,1.0,1.0,3.0,10.0,,,1.0,1.0,1.0,1.0,,0.75,0.75,,,,,,,,,,,,,,,,,,,,,,,,,,0.488275,1.0,0.8333333333333334,,,,,,,,,,,,,,,,,,,,,,,,,,1.0,,,,,,,,,,,,,,,,,,,0.5,,,,,,,,False,1.0,1.0,1.0,,,,,,,,,,,,,,,,,,,,,,,1.0,1.0,1.0,,,0.5,1.0,,,,,,,,,,,,,,,,,,,,,
1630165,1610612751,Killian Hayes,Killian Hayes,1630165,BKN,8813.0,147,-29.0,297,303,38.0,600,5.0,13.0,,1.0,13.0,9.0,20.0,16.0,43.0,367,12.0,13.0,18.0,29.0,9.0,69.0,4.0,2.0,10.0,0.45,0.5,0.5375,0.4444444444444444,13.793103448275863,0.3611111111111111,0.38461538461538464,0.38461538461538464,0.027777777777777776,,,0.3611111111111111,0.6111111111111112,0.5395180555555555,7.669999999999999,25.374999999999996,49.0,78.0,4.0,6.0,2.0,1.0,2.0,5.0,1.0,1.0,1.0,6.0,4.0,1.0,1.0,3.0,1.0,1.0,8.0,6.0,18.0,,5.0,1.0,2.0,2.0,4.0,12.0,5.0,17.0,1.0,6.0,1.0,8.0,2.0,7.0,12.0,8.0,49.0,0.3333333333333333,0.42857142857142855,1.0,0.375,1.0,0.375,0.3333333333333333,0.625,0.6666666666666666,0.05,0.16666666666666666,0.75,0.057971014492753624,0.028169014084507043,0.09375,0.03289473684210526,,0.030303030303030304,0.05,0.16666666666666666,0.6666666666666666,0.8,,0.38461538461538464,0.38461538461538464,1.0,0.4,0.2,0.5,0.5,0.25,1.0,0.38461538461538464,0.51315,0.5888500000000001,0.18604651162790697,0.16498316498316498,2.0,3.0,9.0,3.0,8.0,,2.0,,0.75,0.9,0.9,,0.13559322033898305,0.037037037037037035,,0.03278688524590164,0.05,0.0967741935483871,0.09302325581395349,1.0,,0.20930232558139536,4.0,11.0,6.0,3.0,7.0,3.0,2.0,,,1.0,8.0,,3.0,1.0,4.0,1.0,4.0,3.0,2.0,1.0,0.25,0.75,0.08333333333333333,0.07692307692307693,0.13043478260869565,1.0,,5.0,3.0,1.0,False,1.0,,,1.0,1.0,,,5.0,7.0,1.0,,,,,2.0,1.0,,,1.0,,,,0.058823529411764705,,0.6,0.3333333333333333,0.3333333333333333,1.0,1.0,1.0,,,,,,,,,,,,,,,,,,,,,,,
1630623,1610612751,Tyson Etienne,Tyson Etienne,1630623,BKN,4607.0,77,-29.0,162,161,14.0,323,1.0,1.0,,,15.0,2.0,4.0,24.0,29.0,197,,15.0,,3.0,,9.0,3.0,2.0,4.0,0.5,0.44642857142857145,0.48333333333333334,0.8571428571428571,17.877094972067038,0.03571428571428571,1.0,1.0,,,,0.5357142857142857,0.9642857142857143,0.5613910714285715,4.4750000000000005,24.837499999999995,52.0,73.0,1.0,3.0,,,1.0,4.0,3.0,2.0,5.0,7.0,,5.0,,1.0,3.0,9.0,11.0,4.0,21.0,,4.0,2.0,,,1.0,4.0,1.0,5.0,,2.0,2.0,2.0,1.0,4.0,8.0,11.0,52.0,1.0,1.0,1.0,0.2916666666666667,0.3333333333333333,0.2916666666666667,,0.45,0.5,0.5,0.6666666666666666,1.0,0.037037037037037035,,0.06451612903225806,0.011904761904761904,,,,0.10714285714285714,0.3333333333333333,1.0,1.0,0.26666666666666666,0.26666666666666666,1.0,,0.6,0.1,,0.5,0.4,0.26666666666666666,0.55125,0.565925,0.3793103448275862,0.32098765432098764,,,,1.0,3.0,,,,,,,,0.08571428571428572,0.0196078431372549,,0.02857142857142857,,0.125,0.08,,,,,3.0,3.0,9.0,4.0,2.0,1.0,,,,4.0,,1.0,1.0,,,,,2.0,1.0,0.1,,0.32142857142857145,0.034482758620689655,0.2,,,,,,False,3.0,1.0,4.0,,,,,,,,,,,,,1.0,,1.0,,,,,,,1.0,0.3333333333333333,0.3333333333333333,1.0,,,0.4,0.25,,2.0,,,,,0.4,,,,,,,,,,,,,,
