EntityId,TeamId,Name,ShortName,RowId,TeamAbbreviation,SecondsPlayed,Minutes,PlusMinus,OffPoss,DefPoss,PenaltyOffPoss,PenaltyDefPoss,SecondChanceOffPoss,TotalPoss,Corner3FGM,Corner3FGA,Arc3FGM,Arc3FGA,PenaltyArc3FGA,FG3M,FG3A,FtPoints,Points,OpponentPoints,PenaltyFG3A,PenaltyFtPoints,PenaltyPoints,PtsAssisted3s,NonHeaveArc3FGA,NonHeaveArc3FGM,OffThreePtRebounds,DefThreePtRebounds,DefTwoPtRebounds,FTDefRebounds,DefRebounds,OffRebounds,Rebounds,LiveBallTurnovers,DeadBallTurnovers,LostBallOutOfBoundsTurnovers,LostBallTurnovers,Turnovers,ShootingFouls,Fouls,Loose Ball Fouls,FoulsDrawn,Charge Fouls Drawn,FTA,TwoPtShootingFoulsDrawn,NonShootingFoulsDrawn,Blocked2s,BlockedShortMidRange,Blocks,RecoveredBlocks,DefensiveGoaltends,PenaltyPointsExcludingTakeFouls,PenaltyOffPossExcludingTakeFouls,NonShootingPenaltyNonTakeFoulsDrawn,Assisted3sPct,Fg3Pct,NonHeaveFg3Pct,EfgPct,TsPct,PenaltyTsPct,FG3APct,Usage,LiveBallTurnoverPct,DefFTReboundPct,DefTwoPtReboundPct,DefThreePtReboundPct,OffThreePtReboundPct,DefFGReboundPct,OffFGReboundPct,OffCorner3ReboundPct,DefShortMidRangeReboundPct,DefArc3ReboundPct,BlocksRecoveredPct,Corner3Frequency,Corner3Accuracy,UnblockedCorner3Accuracy,Corner3PctAssisted,Arc3Frequency,Arc3Accuracy,UnblockedArc3Accuracy,Arc3PctAssisted,PenaltyArc3Frequency,AtRimFG3AFrequency,NonHeaveArc3Accuracy,ShotQualityAvg,PenaltyShotQualityAvg,ShootingFoulsDrawnPct,TwoPtShootingFoulsDrawnPct,PenaltyPointsPct,Avg3ptShotDistance,PenaltyOffPossPct,AtRimFGM,AtRimFGA,SecondChanceAtRimFGA,ShortMidRangeFGM,ShortMidRangeFGA,LongMidRangeFGM,LongMidRangeFGA,SecondChanceArc3FGM,SecondChanceArc3FGA,FG2M,FG2A,SecondChanceFG2M,SecondChanceFG2A,SecondChanceFG3M,SecondChanceFG3A,SecondChancePoints,PtsAssisted2s,PtsUnassisted2s,PtsPutbacks,Fg2aBlocked,TwoPtAssists,Assists,AtRimAssists,ShortMidRangeAssists,LongMidRangeAssists,AssistPoints,OffTwoPtRebounds,Steals,BadPassSteals,LostBallSteals,BadPassOutOfBoundsTurnovers,Offensive Fouls,BlockedAtRim,Assisted2sPct,NonPutbacksAssisted2sPct,SecondChanceFg3Pct,Fg2Pct,SecondChanceFg2Pct,SecondChanceEfgPct,SecondChanceTsPct,FG2APctBlocked,AtRimPctBlocked,OffTwoPtReboundPct,OffAtRimReboundPct,OffArc3ReboundPct,DefAtRimReboundPct,DefLongMidRangeReboundPct,DefCorner3ReboundPct,AtRimFrequency,AtRimAccuracy,UnblockedAtRimAccuracy,ShortMidRangeFrequency,ShortMidRangeAccuracy,UnblockedShortMidRangeAccuracy,ShortMidRangePctAssisted,LongMidRangeFrequency,LongMidRangeAccuracy,UnblockedLongMidRangeAccuracy,LongMidRangePctAssisted,SecondChanceAtRimFrequency,SecondChanceArc3Frequency,SecondChanceArc3Accuracy,SecondChanceArc3PctAssisted,SecondChanceShotQualityAvg,SecondChancePointsPct,Avg2ptShotDistance,SecondChanceAtRimFGM,SecondChanceFtPoints,PtsUnassisted3s,ThreePtAssists,Corner3Assists,BadPassTurnovers,PenaltyTurnovers,Loose Ball Fouls Drawn,2pt And 1 Free Throw Trips,Technical Free Throw Trips,BlockedLongMidRange,OffShortMidRangeReboundPct,AtRimPctAssisted,SecondChanceAtRimAccuracy,PenaltyArc3FGM,PenaltyFG2M,PenaltyFG2A,PenaltyFG3M,Arc3Assists,StepOutOfBoundsTurnovers,Travels,SecondChanceTurnovers,Offensive Fouls Drawn,NonShootingPenaltyNonTakeFouls,PenaltyFg3Pct,PenaltyFg2Pct,PenaltyEfgPct,ShortMidRangePctBlocked,PenaltyArc3Accuracy,SelfOReb,Charge Fouls,SelfORebPct,Blocked3s,BlockedArc3,SecondChanceCorner3FGM,SecondChanceCorner3FGA,HeaveAttempts,SecondChanceCorner3Frequency,SecondChanceCorner3Accuracy,SecondChanceCorner3PctAssisted,PenaltyAtRimFGM,PenaltyAtRimFGA,PenaltyCorner3FGM,PenaltyCorner3FGA,SecondChanceAtRimPctAssisted,PenaltyAtRimFrequency,PenaltyAtRimAccuracy,PenaltyCorner3Frequency,PenaltyCorner3Accuracy,ThreePtShootingFoulsDrawn,ThreePtShootingFoulsDrawnPct,FTOffRebounds,OffFTReboundPct,OffLongMidRangeReboundPct,on,Fg3aBlocked,BlockedCorner3,Defensive 3 Seconds Violations,FG3APctBlocked,Corner3PctBlocked,Arc3PctBlocked,Transition Take Fouls Drawn,OffensiveGoaltends,3SecondViolations,LongMidRangePctBlocked,Transition Take Fouls,3pt And 1 Free Throw Trips,Clear Path Fouls
1626168,1610612758,Trey Lyles,Trey Lyles,1626168,SAC,1862.0,31,4,62,63,7.0,2,7,125,1.0,2.0,3.0,5.0,1.0,4.0,7.0,5.0,17.0,66,1.0,1.0,1.0,12.0,5.0,3.0,1.0,5.0,2.0,1.0,8.0,1.0,9.0,1.0,2.0,2.0,1.0,3.0,2.0,3.0,1.0,5.0,1.0,6.0,2.0,1.0,1.0,1.0,1.0,1.0,2.0,1.0,7.0,1.0,1.0,0.5714285714285714,0.5714285714285714,0.8571428571428571,0.85,0.25,1.0,18.571428571428573,0.3333333333333333,1.0,0.1538461538461538,0.3125,0.0769230769230769,0.2413793103448276,0.0434782608695652,0.1666666666666666,0.2,0.3125,1.0,0.2857142857142857,0.5,0.5,1.0,0.7142857142857143,0.6,0.6,1.0,1.0,1.0,0.6,0.5660357142857143,0.5691,0.2222222222222222,1.0,0.0588235294117647,25.042857142857144,0.1129032258064516,,,,,,,,,,,,,,,,,,,,,,,,,,,,,,,,,,,,,,,,,,,,,,,,,,,,,,,,,,,,,,,,,,,,,,,,,,,,,,,,,,,,,,,,,,,,,,,,,,,,,,,,,,,,,,,,,,,,,,,,,True,,,,,,,,,,,,,
1627734,1610612758,Domantas Sabonis,Domantas Sabonis,1627734,SAC,2470.0,41,-27,85,91,5.0,28,13,176,,,1.0,5.0,,1.0,5.0,,21.0,102,,,,3.0,5.0,1.0,2.0,5.0,8.0,2.0,15.0,3.0,18.0,1.0,2.0,,1.0,3.0,1.0,4.0,1.0,1.0,,,,,1.0,,1.0,1.0,,,5.0,,1.0,0.2,0.2,0.4772727272727273,0.4772727272727273,,0.2272727272727272,25.51020408163265,0.3333333333333333,0.5,0.32,0.3125,0.0909090909090909,0.3170731707317073,0.0612244897959183,0.3333333333333333,0.3333333333333333,0.3076923076923077,1.0,,,,,0.2272727272727272,0.2,0.2,1.0,,0.5909090909090909,0.2,0.5481431818181818,,,,,25.6,0.0588235294117647,5.0,8.0,1.0,3.0,7.0,1.0,2.0,1.0,1.0,9.0,17.0,2.0,3.0,1.0,1.0,7.0,4.0,14.0,4.0,2.0,5.0,5.0,2.0,1.0,2.0,10.0,1.0,3.0,1.0,2.0,1.0,1.0,1.0,0.2222222222222222,0.2857142857142857,1.0,0.5294117647058824,0.6666666666666666,0.875,0.875,0.1176470588235294,0.25,0.037037037037037,0.2,0.0526315789473684,0.1666666666666666,0.75,0.3333333333333333,0.3636363636363636,0.625,0.8333333333333334,0.3181818181818182,0.4285714285714285,0.4285714285714285,0.3333333333333333,0.0909090909090909,0.5,0.5,1.0,0.25,0.25,1.0,1.0,0.3851,0.3333333333333333,5.311764705882353,,,,,,,,,,,,,,,,,,,,,,,,,,,,,,,,,,,,,,,,,,,,,,,,,,,,,,,True,,,,,,,,,,,,,
1631165,1610612758,Keon Ellis,Keon Ellis,1631165,SAC,2899.0,48,-4,98,102,8.0,20,15,200,4.0,5.0,3.0,6.0,,7.0,11.0,5.0,32.0,121,,,,18.0,6.0,3.0,3.0,,1.0,,1.0,5.0,6.0,3.0,,,2.0,3.0,2.0,3.0,,5.0,1.0,6.0,3.0,,3.0,1.0,3.0,1.0,,,8.0,,0.8571428571428571,0.6363636363636364,0.6363636363636364,0.9,0.9411764705882352,,0.7333333333333333,17.39130434782609,1.0,,0.0434782608695652,,0.12,0.0238095238095238,0.1,,0.1111111111111111,,0.3333333333333333,0.3333333333333333,0.8,0.8,1.0,0.4,0.5,0.5,0.6666666666666666,,1.0,0.5,0.56807,,0.1764705882352941,0.5,,24.83636363636364,0.0816326530612244,3.0,4.0,1.0,,,,,2.0,2.0,3.0,4.0,1.0,1.0,2.0,2.0,10.0,2.0,4.0,2.0,1.0,,1.0,,,,3.0,2.0,2.0,1.0,1.0,,,1.0,0.3333333333333333,0.5,1.0,0.75,1.0,1.3333333333333333,1.25,0.25,0.25,0.08,0.2,0.1428571428571428,,,,0.2666666666666666,0.75,1.0,,,,,,,,,0.3333333333333333,0.6666666666666666,1.0,0.5,0.51075,0.3125,2.675,1.0,2.0,3.0,1.0,1.0,1.0,1.0,1.0,1.0,1.0,1.0,0.0769230769230769,0.3333333333333333,1.0,,,,,,,,,,,,,,,,,,,,,,,,,,,,,,,,,,,,,,,,,True,,,,,,,,,,,,,
1641732,1610612758,Colby Jones,Colby Jones,1641732,SAC,7786.0,130,4,264,268,64.0,74,35,532,,2.0,4.0,8.0,2.0,4.0,10.0,,26.0,284,2.0,,7.0,12.0,8.0,4.0,5.0,9.0,6.0,,15.0,8.0,23.0,4.0,3.0,,1.0,7.0,6.0,13.0,1.0,5.0,,,,,7.0,3.0,7.0,5.0,,7.0,64.0,,1.0,0.4,0.4,0.5,0.5,0.5,0.3846153846153846,10.714285714285714,0.5714285714285714,,0.0983606557377049,0.15,0.0847457627118644,0.1239669421487603,0.0634920634920634,,0.1612903225806451,0.14,0.7142857142857143,0.0769230769230769,,,,0.3076923076923077,0.5,0.5,1.0,0.2857142857142857,0.4615384615384615,0.5,0.4934980769230768,0.4201285714285714,,,0.2692307692307692,24.8,0.2424242424242424,2.0,2.0,,3.0,11.0,2.0,3.0,1.0,2.0,7.0,16.0,,3.0,1.0,2.0,3.0,8.0,6.0,,3.0,2.0,7.0,,2.0,,19.0,3.0,6.0,4.0,2.0,1.0,,4.0,0.5714285714285714,0.5714285714285714,0.5,0.4375,,0.3,0.3,0.1875,,0.044776119402985,0.0714285714285714,0.1063829787234042,0.0555555555555555,,0.2,0.0769230769230769,1.0,1.0,0.4230769230769231,0.2727272727272727,0.375,0.6666666666666666,0.1153846153846153,0.6666666666666666,0.6666666666666666,0.5,,0.4,0.5,1.0,0.4738,0.1153846153846153,9.312500000000002,,,,5.0,1.0,3.0,3.0,2.0,,,,0.0526315789473684,0.5,,1.0,2.0,5.0,1.0,4.0,1.0,1.0,2.0,1.0,2.0,0.5,0.4,0.5,0.2727272727272727,0.5,,,,,,,,,,,,,,,,,,,,,,,,,,True,,,,,,,,,,,,,
201942,1610612758,DeMar DeRozan,DeMar DeRozan,201942,SAC,2046.0,34,-14,68,70,3.0,10,8,138,,,,1.0,,,1.0,1.0,13.0,79,,,,,1.0,,,,1.0,,1.0,1.0,2.0,,3.0,,,3.0,3.0,4.0,,2.0,,1.0,1.0,,,,,,,,3.0,,,,,0.375,0.40625,,0.0625,25.33333333333333,,,0.0454545454545454,,,0.0256410256410256,0.0285714285714285,,,,,,,,,0.0625,,,,,0.0625,,0.42385,,0.0625,0.0666666666666666,,27.0,0.0441176470588235,,,,5.0,9.0,1.0,6.0,,,6.0,15.0,,1.0,,,,,12.0,,1.0,,5.0,,,,15.0,1.0,2.0,2.0,,2.0,,,,,,0.4,,,,0.0666666666666666,,0.0476190476190476,,,0.1111111111111111,,,,,,0.5625,0.5555555555555556,0.625,,0.375,0.1666666666666666,0.1666666666666666,,,,,,,,12.359999999999998,,,,5.0,3.0,,,,1.0,,,0.1,,,,,,,2.0,,,,,,,,,0.1111111111111111,,1.0,1.0,0.1111111111111111,,,,,,,,,,,,,,,,,,,,,,,True,,,,,,,,,,,,,
1628368,1610612758,De'Aaron Fox,De'Aaron Fox,1628368,SAC,3435.0,57,2,114,119,11.0,23,13,233,,1.0,3.0,9.0,3.0,3.0,10.0,9.0,40.0,130,3.0,1.0,6.0,3.0,9.0,3.0,2.0,3.0,3.0,,6.0,2.0,8.0,6.0,3.0,2.0,4.0,9.0,1.0,3.0,,9.0,,11.0,6.0,,1.0,1.0,2.0,1.0,,6.0,11.0,,0.3333333333333333,0.3,0.3,0.484375,0.5405405405405406,0.6,0.3125,34.32835820895522,0.6666666666666666,,0.1071428571428571,0.1111111111111111,0.074074074074074,0.109090909090909,0.0333333333333333,0.1111111111111111,0.0625,0.0909090909090909,0.5,0.03125,,,,0.28125,0.3333333333333333,0.3333333333333333,0.3333333333333333,0.75,0.40625,0.3333333333333333,0.4745671875,0.4641125,0.1621621621621621,0.2222222222222222,0.15,25.37,0.0964912280701754,1.0,3.0,,7.0,11.0,3.0,8.0,,1.0,11.0,22.0,,2.0,,1.0,,6.0,16.0,,1.0,7.0,15.0,6.0,1.0,,38.0,,2.0,1.0,1.0,1.0,,,0.2727272727272727,0.2727272727272727,,0.5,,,,0.0454545454545454,,,,0.0555555555555555,,0.25,0.2,0.09375,0.3333333333333333,0.3333333333333333,0.34375,0.6363636363636364,0.7,0.1428571428571428,0.25,0.375,0.375,0.3333333333333333,,0.3333333333333333,,,,,11.609090909090908,,,6.0,8.0,4.0,2.0,,,1.0,,,,1.0,,1.0,1.0,1.0,1.0,4.0,,,,,,0.3333333333333333,1.0,0.625,0.0909090909090909,0.3333333333333333,1.0,,0.0588235294117647,1.0,1.0,,,,,,,,,,,,,,,,,,,,,True,,,,,,,,,,,,,
1628370,1610612758,Malik Monk,Malik Monk,1628370,SAC,1500.0,25,-3,52,54,2.0,20,9,106,1.0,1.0,,7.0,1.0,1.0,8.0,,5.0,54,1.0,,,3.0,6.0,,,1.0,2.0,,3.0,,3.0,1.0,,,,1.0,1.0,1.0,,1.0,,,,,1.0,1.0,1.0,,,,2.0,,1.0,0.125,0.1428571428571428,0.2272727272727272,0.2272727272727272,,0.7272727272727273,19.672131147540984,1.0,,0.1176470588235294,0.0833333333333333,,0.1034482758620689,,,0.1,0.1,,0.0909090909090909,1.0,1.0,1.0,0.6363636363636364,,,,1.0,0.8181818181818182,,0.530095,,,,,27.8125,0.0384615384615384,1.0,1.0,,,2.0,,,,,1.0,3.0,,1.0,1.0,1.0,3.0,,2.0,,1.0,3.0,3.0,1.0,1.0,1.0,6.0,,,,,,,,,,1.0,0.3333333333333333,,0.75,0.75,0.3333333333333333,,,,,0.2,,,0.0909090909090909,1.0,1.0,0.1818181818181818,,,,,,,,,,,,0.6195,0.6,6.9,,,,,,1.0,,,,,,,,,,,,,,,,,,,,,,0.5,,,,,,,1.0,1.0,1.0,0.5,1.0,1.0,,,,,,,,,,,,,,,True,,,,,,,,,,,,,
1628989,1610612758,Kevin Huerter,Kevin Huerter,1628989,SAC,2321.0,39,-2,76,77,8.0,4,9,153,3.0,5.0,2.0,7.0,1.0,5.0,12.0,,19.0,83,2.0,,8.0,15.0,7.0,2.0,,4.0,3.0,,7.0,1.0,8.0,1.0,,,,1.0,,1.0,,1.0,,,,,3.0,2.0,3.0,2.0,,8.0,8.0,,1.0,0.4166666666666667,0.4166666666666667,0.6333333333333333,0.6333333333333333,1.3333333333333333,0.8,17.77777777777778,1.0,,0.1428571428571428,0.2,,0.1707317073170731,0.0256410256410256,,,0.2352941176470588,0.6666666666666666,0.3333333333333333,0.6,0.6,1.0,0.4666666666666667,0.2857142857142857,0.2857142857142857,1.0,0.3333333333333333,0.9333333333333332,0.2857142857142857,0.5459133333333334,0.5728,,,0.4210526315789473,24.96666666666667,0.1052631578947368,2.0,2.0,1.0,,1.0,,,1.0,3.0,2.0,3.0,1.0,1.0,1.0,3.0,5.0,4.0,,,,,3.0,,,,9.0,1.0,,,,,,,1.0,1.0,0.3333333333333333,0.6666666666666666,1.0,0.625,0.625,,,0.0526315789473684,,,0.25,0.5,,0.1333333333333333,1.0,1.0,0.0666666666666666,,,,,,,,0.25,0.75,0.3333333333333333,1.0,0.520725,0.2631578947368421,4.9,1.0,,,3.0,1.0,1.0,,,,,1.0,0.1,1.0,1.0,1.0,1.0,1.0,2.0,2.0,,,,,,1.0,1.0,1.3333333333333333,,1.0,,,,,,,,,,,,1.0,1.0,1.0,1.0,1.0,0.3333333333333333,1.0,0.3333333333333333,1.0,,,,,,True,,,,,,,,,,,,,
1631099,1610612758,Keegan Murray,Keegan Murray,1631099,SAC,1927.0,32,-12,64,65,8.0,2,7,129,,2.0,1.0,1.0,,1.0,3.0,2.0,13.0,77,,,,3.0,1.0,1.0,3.0,2.0,4.0,1.0,7.0,5.0,12.0,,1.0,1.0,,1.0,1.0,3.0,,1.0,,2.0,1.0,,,,,,,,8.0,,1.0,0.3333333333333333,0.3333333333333333,0.4583333333333333,0.5,,0.25,18.42105263157895,,0.3333333333333333,0.2857142857142857,0.1428571428571428,0.1875,0.2142857142857142,0.1470588235294117,,0.2,0.1818181818181818,,0.1666666666666666,,,,0.0833333333333333,1.0,1.0,1.0,,0.6666666666666666,1.0,0.5342625,0.4131,0.0769230769230769,0.1,,24.5,0.125,3.0,5.0,1.0,1.0,2.0,,2.0,,,4.0,9.0,1.0,3.0,,,2.0,6.0,2.0,2.0,1.0,1.0,1.0,1.0,,,2.0,2.0,1.0,1.0,,,,,0.75,1.0,,0.4444444444444444,0.3333333333333333,0.3333333333333333,0.3333333333333333,0.1111111111111111,0.2,0.1111111111111111,0.5,0.3,,0.5,,0.4166666666666667,0.6,0.75,0.1666666666666666,0.5,0.5,,0.1666666666666666,,,,0.3333333333333333,,,,0.50665,0.1538461538461538,6.544444444444445,,,,,,,,,,,,,1.0,,,,1.0,,,,,,,,,,,,,1.0,,0.1666666666666666,,,,,,,,,,,,,,,,,,,,,,,True,,,,,,,,,,,,,
203926,1610612758,Doug McDermott,Doug McDermott,203926,SAC,2208.0,37,15,77,75,33.0,32,8,152,3.0,3.0,7.0,15.0,9.0,10.0,18.0,2.0,34.0,75,9.0,2.0,11.0,30.0,15.0,7.0,,2.0,2.0,,4.0,1.0,5.0,1.0,1.0,,,2.0,2.0,4.0,,1.0,,3.0,,,,,,,,11.0,33.0,,1.0,0.5555555555555556,0.5555555555555556,0.7619047619047619,0.7727272727272727,0.5,0.8571428571428571,28.235294117647054,0.5,,0.1333333333333333,0.1176470588235294,,0.125,0.03125,,0.125,0.125,,0.1428571428571428,1.0,1.0,1.0,0.7142857142857143,0.4666666666666667,0.4666666666666667,1.0,0.9,0.9047619047619048,0.4666666666666667,0.5075071428571428,0.48687,0.0454545454545454,,0.3235294117647059,25.48888888888889,0.4285714285714285,,1.0,,,1.0,1.0,1.0,1.0,2.0,1.0,3.0,,,1.0,2.0,3.0,2.0,,,1.0,,,,,,,1.0,,,,,1.0,,1.0,1.0,0.5,0.3333333333333333,,0.75,0.75,0.3333333333333333,1.0,0.0555555555555555,,,0.3333333333333333,,,0.0476190476190476,,,0.0476190476190476,,,,0.0476190476190476,1.0,1.0,1.0,,1.0,0.5,1.0,,0.088235294117647,10.133333333333336,,,,,,1.0,,,,,,0.0833333333333333,,,3.0,,1.0,3.0,,,,,,,0.3333333333333333,,0.45,,0.3333333333333333,,,,,,,,,,,,,1.0,,,,0.1,,,,1.0,0.0526315789473684,,,,True,,,,,,,,,,,,,
1629162,1610612758,Jordan McLaughlin,Jordan McLaughlin,1629162,SAC,2033.0,34,5,72,71,40.0,40,6,143,,1.0,4.0,4.0,1.0,4.0,5.0,,12.0,66,1.0,,3.0,3.0,4.0,4.0,,3.0,1.0,1.0,5.0,,5.0,6.0,1.0,,4.0,7.0,3.0,4.0,,3.0,1.0,2.0,,1.0,,,,,,3.0,40.0,1.0,0.25,0.8,0.8,0.75,0.6666666666666666,0.5,0.625,20.51282051282051,0.8571428571428571,0.1428571428571428,0.0909090909090909,0.1875,,0.1481481481481481,,,0.25,0.1428571428571428,,0.125,,,,0.5,1.0,1.0,0.25,0.5,0.75,1.0,0.4581437499999999,0.450675,,,0.25,24.96,0.5555555555555556,,1.0,,,2.0,,,,,,3.0,,,,,,,,,1.0,4.0,5.0,2.0,1.0,1.0,11.0,,3.0,3.0,,1.0,,,,,,,,,,0.3333333333333333,1.0,,,,,,0.5,0.125,,,0.25,,,,,,,,,,,,,,7.566666666666666,,,9.0,1.0,1.0,2.0,3.0,1.0,,,,,,,1.0,,1.0,1.0,,,,,,,1.0,,0.75,,1.0,,,,,,,,,,,,,,,,,,,,,,,,,,True,,,,,,,,,,,,,
203458,1610612758,Alex Len,Alex Len,203458,SAC,1871.0,31,4,63,61,31.0,35,6,124,,,,,,,,2.0,8.0,63,,,2.0,,,,1.0,3.0,2.0,3.0,8.0,4.0,12.0,1.0,,,1.0,1.0,1.0,3.0,1.0,2.0,,2.0,1.0,,2.0,,3.0,2.0,,2.0,31.0,,,,,0.4285714285714285,0.5,0.3333333333333333,,12.5,1.0,0.75,0.1176470588235294,0.1764705882352941,0.0833333333333333,0.1470588235294117,0.1111111111111111,1.0,,0.2142857142857142,0.6666666666666666,,,,,,,,,,0.5714285714285714,,0.5604142857142858,0.4235666666666666,0.125,0.125,0.25,,0.492063492063492,2.0,4.0,1.0,1.0,3.0,,,,,3.0,7.0,,1.0,,,,6.0,,,,,7.0,,,,21.0,2.0,1.0,1.0,,,,2.0,1.0,1.0,,0.4285714285714285,,,,,,0.1333333333333333,0.25,,0.4,,,0.5714285714285714,0.5,0.5,0.4285714285714285,0.3333333333333333,0.3333333333333333,1.0,,,,,1.0,,,,0.5839,,4.828571428571428,,,,7.0,,,,,,,,0.1,1.0,,,1.0,3.0,,7.0,,,,,,,0.3333333333333333,0.3333333333333333,,,1.0,,0.25,1.0,1.0,,,,,,,,,,,,,,,,,,1.0,1.0,,True,,,,,,,,,,,,,
1630222,1610612758,Mason Jones,Mason Jones,1630222,SAC,750.0,12,10,24,24,12.0,8,6,48,,,1.0,3.0,2.0,1.0,3.0,,9.0,24,2.0,,5.0,3.0,3.0,1.0,1.0,,,,,1.0,1.0,,,,,,1.0,1.0,,,,,,,,,,,,5.0,12.0,,1.0,0.3333333333333333,0.3333333333333333,0.6428571428571429,0.6428571428571429,0.625,0.4285714285714285,21.875,,,,,0.2,,0.1,,,,,,,,,0.4285714285714285,0.3333333333333333,0.3333333333333333,1.0,0.5,0.5714285714285714,0.3333333333333333,0.4771571428571428,0.4757875,,,0.5555555555555556,28.166666666666668,0.5,1.0,1.0,,2.0,3.0,,,1.0,2.0,3.0,4.0,1.0,1.0,1.0,2.0,5.0,6.0,,,,4.0,4.0,3.0,1.0,,8.0,,,,,,,,1.0,1.0,0.5,0.75,1.0,0.8333333333333334,0.8333333333333334,,,,,0.2,,,,0.1428571428571428,1.0,1.0,0.4285714285714285,0.6666666666666666,0.6666666666666666,1.0,,,,,,0.6666666666666666,0.5,1.0,,0.5555555555555556,6.775,,,,,,,,,,,,,1.0,,1.0,1.0,2.0,1.0,,,,,,,0.5,0.5,0.625,,0.5,,,,,,,,,,,,,,,,,,,,,,,,,,True,,,,,,,,,,,,,
1642269,1610612758,Devin Carter,Devin Carter,1642269,SAC,644.0,11,16,21,21,15.0,3,5,42,,,1.0,2.0,1.0,1.0,2.0,3.0,12.0,15,1.0,3.0,10.0,3.0,2.0,1.0,,1.0,1.0,,2.0,,2.0,1.0,,,1.0,1.0,,,,3.0,,6.0,1.0,2.0,,,,,,10.0,15.0,2.0,1.0,0.5,0.5,0.75,0.6666666666666666,0.7142857142857143,0.3333333333333333,35.71428571428571,1.0,,0.2,0.1428571428571428,,0.1666666666666666,,,0.5,0.25,,,,,,0.3333333333333333,0.5,0.5,1.0,0.25,0.5,0.5,0.4519,0.453575,0.1428571428571428,0.2,0.8333333333333334,26.55,0.7142857142857143,1.0,1.0,,2.0,3.0,,,1.0,1.0,3.0,4.0,,,1.0,1.0,3.0,,6.0,,,3.0,3.0,1.0,2.0,,6.0,,1.0,1.0,,,,,,,1.0,0.75,,1.5,1.5,,,,,,,,,0.1666666666666666,1.0,1.0,0.5,0.6666666666666666,0.6666666666666666,,,,,,,1.0,1.0,1.0,0.5019,0.25,7.575,,,,,,,,,,,,,,,1.0,2.0,3.0,1.0,,,,1.0,,,1.0,0.6666666666666666,0.875,,1.0,,,,,,,,,,,,1.0,1.0,,,,0.25,1.0,,,,,,,,True,,,,,,,,,,,,,
1642403,1610612758,Isaac Jones,Isaac Jones,1642403,SAC,3028.0,50,-3,106,104,46.0,44,15,210,,,,1.0,,,1.0,2.0,22.0,113,,,8.0,,1.0,,2.0,,1.0,,1.0,5.0,6.0,2.0,2.0,,1.0,4.0,6.0,11.0,1.0,4.0,,4.0,3.0,,1.0,1.0,1.0,,,8.0,46.0,,,,,0.5555555555555556,0.5789473684210527,0.5714285714285714,0.0555555555555555,18.4,0.5,,0.0625,,0.1176470588235294,0.027027027027027,0.0909090909090909,,0.1428571428571428,,,,,,,0.0555555555555555,,,,,0.3888888888888889,,0.4926805555555555,0.4022142857142857,0.1578947368421052,0.1666666666666666,0.3636363636363636,26.0,0.4339622641509434,5.0,6.0,1.0,5.0,11.0,,,,,10.0,17.0,,1.0,,,,16.0,4.0,,3.0,,2.0,,,,6.0,2.0,1.0,,1.0,1.0,,,0.8,0.8,,0.5882352941176471,,,,0.1764705882352941,,0.074074074074074,,0.125,,,,0.3333333333333333,0.8333333333333334,0.8333333333333334,0.6111111111111112,0.4545454545454545,0.625,0.6,,,,,1.0,,,,0.5824,,4.458823529411766,,,,2.0,,1.0,1.0,,2.0,,,0.0526315789473684,1.0,,,4.0,7.0,,2.0,,,2.0,,2.0,,0.5714285714285714,0.5714285714285714,0.2727272727272727,,1.0,,0.2,,,,,,,,,,,,,,,,,,,,1.0,0.25,0.5,True,,,,,,,,,,,,,
203109,1610612758,Jae Crowder,Jae Crowder,203109,SAC,495.0,8,-5,17,19,,6,3,36,,1.0,,,,,1.0,,,20,,,,,,,1.0,2.0,,2.0,4.0,1.0,5.0,1.0,,,,1.0,1.0,1.0,,,,,,,,,,,,,,,,,,,,,1.0,8.695652173913043,1.0,0.6666666666666666,,0.6666666666666666,0.2,0.3333333333333333,0.1,0.5,,1.0,,1.0,,,,,,,,,1.0,,0.6027,,,,,23.0,,,,,,,,,,,,,,,,,,,,,,,,,,,,,,,,,,,,,,,,,,,,,,,,,,,,,,,,,,,,,,,,,,,,,,,,,1.0,,,,,,,,,,,,,,,,1.0,,,,,,,,,,,,,,,,,,,,,,,,,,,,,,,,,True,,,,,,,,,,,,,
1631115,1610612758,Orlando Robinson,Orlando Robinson,1631115,SAC,1136.0,19,21,37,36,17.0,9,5,73,,1.0,,3.0,1.0,,4.0,,4.0,32,2.0,,4.0,,3.0,,1.0,2.0,2.0,1.0,5.0,1.0,6.0,,,,,,1.0,1.0,,,,,,,,,,,,4.0,17.0,,,,,0.2,0.2,0.5,0.4,22.727272727272727,,0.5,0.3333333333333333,0.25,0.1,0.2857142857142857,0.0625,,0.5,0.2857142857142857,,0.1,,,,0.3,,,,0.25,0.7,,0.522365,0.5767,,,1.0,25.65,0.4594594594594595,2.0,3.0,1.0,,2.0,,1.0,,,2.0,6.0,1.0,2.0,,,2.0,2.0,2.0,2.0,,2.0,6.0,1.0,1.0,,16.0,,1.0,,1.0,,,,0.5,1.0,,0.3333333333333333,0.5,0.5,0.5,,,,,0.125,,,,0.3,0.6666666666666666,0.6666666666666666,0.2,,,,0.1,,,,0.5,,,,0.4411,0.5,6.033333333333332,1.0,,,4.0,1.0,,,,,,,,0.5,1.0,,2.0,2.0,,3.0,,,,,,,1.0,0.5,,,,,,,,,,,,,,2.0,2.0,,1.0,,0.5,1.0,0.25,,,,,,,True,,,,,,,,,,,,,
1642384,1610612758,Isaiah Crawford,Isaiah Crawford,1642384,SAC,519.0,9,9,20,20,10.0,10,5,40,,,,1.0,1.0,,1.0,1.0,1.0,16,1.0,1.0,1.0,,1.0,,,1.0,,,1.0,,1.0,,,,,,,,,1.0,,2.0,,1.0,,,,,,1.0,10.0,1.0,,,,,0.25,0.25,1.0,7.692307692307692,,,,0.2,,0.125,,,,,,,,,,1.0,,,,1.0,1.0,,0.4983,0.4983,,,1.0,28.1,0.5,,,,,,,,,,,,,,,,,,,,,,,,,,,,,,,,,,,,,,,,,,,,,,,,0.5,,,,,,,,,,,,,,,,,,,,,,,,,,,,,,,,,,,,,,,,,,,,,,,,,,,,,,,,,,,,,,,,,,,,,,,,,True,,,,,,,,,,,,,
1626168,1610612758,Trey Lyles,Trey Lyles,1626168,SAC,57120.0,952,-64,1948,1953,530.0,540,251,3901,21.0,53.0,38.0,123.0,25.0,59.0,176.0,32.0,313.0,2273,40.0,6.0,63.0,177.0,123.0,38.0,26.0,82.0,72.0,19.0,173.0,56.0,229.0,10.0,17.0,2.0,4.0,27.0,39.0,62.0,4.0,54.0,8.0,48.0,24.0,2.0,18.0,10.0,19.0,9.0,2.0,63.0,528.0,2.0,1.0,0.3352272727272727,0.3352272727272727,0.5109090909090909,0.5269360269360269,0.4701492537313433,0.64,14.490161001788907,0.3703703703703703,0.38,0.1722488038277512,0.1767241379310344,0.0524193548387096,0.1746031746031746,0.056701030927835,0.072072072072072,0.1829787234042553,0.1921921921921922,0.4736842105263157,0.1927272727272727,0.3962264150943396,0.4038461538461538,1.0,0.4472727272727272,0.3089430894308943,0.3114754098360656,1.0,0.3968253968253968,0.88,0.3089430894308943,0.560120181818182,0.5581166666666666,0.0813559322033898,0.2016806722689075,0.2012779552715655,25.261931818181825,0.2720739219712526,38.0,66.0,24.0,8.0,24.0,6.0,9.0,3.0,7.0,52.0,99.0,15.0,30.0,8.0,16.0,67.0,82.0,22.0,14.0,8.0,36.0,60.0,21.0,10.0,5.0,144.0,29.0,31.0,17.0,14.0,9.0,4.0,8.0,0.7884615384615384,0.9111111111111112,0.5,0.5252525252525253,0.5,0.5869565217391305,0.6320754716981132,0.0808080808080808,0.0909090909090909,0.0611814345991561,0.0839694656488549,0.0467532467532467,0.1545454545454545,0.1643835616438356,0.1374045801526717,0.24,0.5757575757575758,0.6333333333333333,0.0872727272727272,0.3333333333333333,0.3636363636363636,0.75,0.0327272727272727,0.6666666666666666,0.6666666666666666,0.8333333333333334,0.5217391304347826,0.1521739130434782,0.4285714285714285,1.0,0.5721160714285715,0.2140575079872204,4.215151515151515,12.0,13.0,,24.0,6.0,6.0,1.0,8.0,4.0,,,0.0458333333333333,0.7894736842105263,0.5,4.0,12.0,23.0,11.0,18.0,1.0,1.0,4.0,2.0,3.0,0.275,0.5217391304347826,0.4523809523809524,0.0833333333333333,0.16,6.0,,0.0402684563758389,1.0,,5.0,9.0,,0.1956521739130435,0.5555555555555556,1.0,8.0,17.0,7.0,15.0,0.4166666666666667,0.2698412698412698,0.4705882352941176,0.238095238095238,0.4666666666666667,,,1.0,0.0222222222222222,0.0679611650485436,False,2.0,1.0,1.0,0.0113636363636363,0.0188679245283018,0.008130081300813,,,,,,,
1627734,1610612758,Domantas Sabonis,Domantas Sabonis,1627734,SAC,117745.0,1962,194,4053,4029,861.0,801,453,8082,4.0,7.0,52.0,122.0,25.0,56.0,129.0,181.0,1085.0,4630,26.0,57.0,220.0,165.0,122.0,52.0,64.0,245.0,276.0,45.0,566.0,219.0,785.0,89.0,77.0,9.0,45.0,166.0,89.0,189.0,28.0,230.0,,241.0,108.0,23.0,22.0,15.0,22.0,15.0,1.0,218.0,859.0,22.0,0.9821428571428572,0.4341085271317829,0.4341085271317829,0.6357243319268636,0.664014687882497,0.7006369426751592,0.1814345991561181,21.425457715780293,0.536144578313253,0.5555555555555556,0.2899159663865546,0.2620320855614973,0.0727272727272727,0.2760996290408055,0.1185706551164049,0.1004566210045662,0.3128598848368522,0.2804698972099853,0.6818181818181818,0.0098452883263009,0.5714285714285714,0.5714285714285714,1.0,0.1715893108298171,0.4262295081967213,0.4262295081967213,0.9807692307692308,0.2066115702479339,0.7060478199718706,0.4262295081967213,0.558379817158931,0.5690979338842975,0.1360201511335012,0.162406015037594,0.2027649769585253,25.943410852713185,0.2124352331606217,264.0,373.0,122.0,84.0,162.0,20.0,47.0,7.0,9.0,368.0,582.0,94.0,156.0,7.0,9.0,245.0,478.0,258.0,140.0,47.0,219.0,352.0,94.0,72.0,53.0,837.0,155.0,34.0,20.0,14.0,21.0,29.0,7.0,0.6494565217391305,0.802013422818792,0.7777777777777778,0.6323024054982818,0.6025641025641025,0.6333333333333333,0.6657608695652174,0.0807560137457044,0.0750670241286863,0.1602895553257497,0.1872659176029962,0.0635400907715582,0.28,0.2307692307692307,0.2125984251968504,0.5246132208157525,0.707774798927614,0.7652173913043478,0.2278481012658227,0.5185185185185185,0.5833333333333334,0.6428571428571429,0.0661040787623066,0.425531914893617,0.4347826086956521,0.75,0.7393939393939394,0.0545454545454545,0.7777777777777778,0.8571428571428571,0.5568773437500001,0.2258064516129032,4.341580756013745,78.0,36.0,3.0,133.0,35.0,44.0,30.0,25.0,25.0,,,0.1756440281030445,0.6439393939393939,0.639344262295082,13.0,62.0,95.0,13.0,98.0,,7.0,20.0,4.0,25.0,0.5,0.6526315789473685,0.6735537190082644,0.1111111111111111,0.52,30.0,6.0,0.125,,,,,,,,,46.0,72.0,,1.0,0.1538461538461538,0.5950413223140496,0.6388888888888888,0.0082644628099173,,,,,,0.1098901098901098,False,,,1.0,,,,1.0,1.0,2.0,0.0212765957446808,,,
1628368,1610612758,De'Aaron Fox,De'Aaron Fox,1628368,SAC,96351.0,1606,21,3339,3322,871.0,866,371,6661,16.0,50.0,73.0,226.0,57.0,89.0,276.0,195.0,1084.0,3857,70.0,90.0,330.0,171.0,224.0,73.0,16.0,100.0,70.0,4.0,174.0,43.0,217.0,80.0,44.0,13.0,40.0,124.0,41.0,115.0,3.0,196.0,1.0,235.0,109.0,13.0,15.0,10.0,18.0,9.0,,330.0,870.0,12.0,0.6404494382022472,0.322463768115942,0.3248175182481752,0.5223266745005876,0.5663531870428422,0.5809859154929577,0.3243243243243243,28.61685214626391,0.6451612903225806,0.0555555555555555,0.0897435897435897,0.1312335958005249,0.0210249671484888,0.1102464332036316,0.0274936061381074,0.010204081632653,0.0781609195402298,0.127433628318584,0.5,0.0587544065804935,0.32,0.32,0.875,0.2655699177438307,0.3230088495575221,0.3244444444444444,0.589041095890411,0.2384937238493724,0.5240893066980024,0.3258928571428571,0.5092713780918727,0.5040255274261604,0.1186440677966101,0.1639097744360902,0.3044280442804428,26.003260869565217,0.2608565438754118,118.0,170.0,21.0,144.0,283.0,49.0,122.0,9.0,27.0,311.0,575.0,23.0,44.0,11.0,31.0,89.0,190.0,432.0,24.0,43.0,158.0,261.0,92.0,46.0,20.0,625.0,27.0,64.0,31.0,33.0,18.0,3.0,5.0,0.3054662379421222,0.3177257525083612,0.3548387096774194,0.5408695652173913,0.5227272727272727,0.5266666666666666,0.55625,0.0747826086956521,0.0823529411764705,0.0336239103362391,0.0197044334975369,0.0247787610619469,0.0676328502415458,0.1594202898550724,0.1421319796954314,0.199764982373678,0.6941176470588235,0.7564102564102564,0.3325499412455934,0.508833922261484,0.5603112840466926,0.2430555555555555,0.1433607520564042,0.4016393442622951,0.4117647058823529,0.2653061224489796,0.28,0.36,0.3333333333333333,0.5555555555555556,0.5258795918367347,0.0821033210332103,8.533217391304348,14.0,10.0,96.0,103.0,27.0,40.0,32.0,2.0,19.0,,,0.0461538461538461,0.3983050847457627,0.6666666666666666,16.0,90.0,169.0,20.0,76.0,1.0,4.0,6.0,23.0,14.0,0.2857142857142857,0.5325443786982249,0.502092050209205,0.0918727915194346,0.2807017543859649,12.0,3.0,0.0298507462686567,3.0,,2.0,4.0,2.0,0.0533333333333333,0.5,0.5,30.0,46.0,4.0,13.0,0.2142857142857142,0.1924686192468619,0.6521739130434783,0.0543933054393305,0.3076923076923077,3.0,0.010752688172043,,,0.0238095238095238,False,1.0,3.0,,0.0036231884057971,,0.0044247787610619,,,,0.0245901639344262,2.0,,
1628370,1610612758,Malik Monk,Malik Monk,1628370,SAC,106024.0,1767,109,3668,3650,848.0,837,422,7318,22.0,45.0,94.0,320.0,76.0,116.0,365.0,132.0,958.0,4252,88.0,50.0,248.0,273.0,319.0,94.0,12.0,105.0,75.0,4.0,184.0,25.0,209.0,90.0,40.0,7.0,29.0,130.0,97.0,141.0,,130.0,2.0,153.0,65.0,16.0,27.0,13.0,33.0,18.0,,246.0,845.0,12.0,0.7844827586206896,0.3178082191780822,0.3186813186813186,0.5124069478908189,0.5477011494252874,0.5861244019138756,0.4528535980148883,23.9433237271854,0.6923076923076923,0.0526315789473684,0.0888625592417061,0.1269649334945586,0.0148148148148148,0.1077199281867145,0.0135294117647058,0.0105820105820105,0.0826086956521739,0.1099830795262267,0.5454545454545454,0.0558312655086848,0.4888888888888889,0.5,0.9090909090909092,0.3970223325062035,0.29375,0.2993630573248407,0.7553191489361702,0.4130434782608695,0.6426799007444168,0.2946708463949843,0.5197336442786069,0.4982311475409836,0.0796252927400468,0.1337448559670782,0.2588726513569937,26.20493150684932,0.2311886586695747,96.0,153.0,13.0,111.0,219.0,32.0,69.0,7.0,27.0,239.0,441.0,18.0,30.0,9.0,32.0,68.0,210.0,268.0,6.0,40.0,215.0,318.0,142.0,53.0,20.0,739.0,11.0,55.0,35.0,20.0,21.0,6.0,12.0,0.4393305439330544,0.4449152542372881,0.28125,0.5419501133786848,0.6,0.5080645161290323,0.53125,0.0907029478458049,0.0980392156862745,0.0123595505617977,0.0167364016736401,0.0161030595813204,0.0778688524590164,0.1285714285714285,0.1694915254237288,0.1898263027295285,0.6274509803921569,0.6956521739130435,0.271712158808933,0.5068493150684932,0.5663265306122449,0.3603603603603603,0.0856079404466501,0.463768115942029,0.4776119402985074,0.4375,0.2096774193548387,0.4354838709677419,0.2592592592592592,0.7142857142857143,0.5067333333333334,0.0709812108559499,7.437414965986393,10.0,5.0,75.0,103.0,31.0,61.0,24.0,3.0,20.0,5.0,2.0,0.0121951219512195,0.53125,0.7692307692307693,22.0,57.0,96.0,28.0,72.0,,3.0,6.0,16.0,7.0,0.3181818181818182,0.59375,0.5380434782608695,0.1050228310502283,0.2894736842105263,4.0,3.0,0.0102827763496143,6.0,4.0,2.0,5.0,1.0,0.0806451612903225,0.4,1.0,21.0,30.0,6.0,12.0,0.5,0.1630434782608695,0.7,0.0652173913043478,0.5,3.0,0.0081521739130434,2.0,0.0317460317460317,0.0082987551867219,False,7.0,2.0,,0.0191780821917808,0.0222222222222222,0.01875,1.0,,,0.0289855072463768,,,
1628989,1610612758,Kevin Huerter,Kevin Huerter,1628989,SAC,51641.0,861,-63,1774,1779,359.0,376,192,3553,12.0,42.0,45.0,151.0,27.0,57.0,193.0,20.0,319.0,2071,35.0,7.0,66.0,162.0,150.0,45.0,12.0,45.0,46.0,3.0,94.0,18.0,112.0,30.0,6.0,2.0,7.0,36.0,48.0,69.0,1.0,20.0,,28.0,13.0,1.0,13.0,10.0,13.0,8.0,,64.0,358.0,,0.9473684210526316,0.2953367875647668,0.296875,0.5067796610169492,0.5162337662337663,0.55,0.6542372881355932,17.26041144004014,0.8333333333333334,0.0652173913043478,0.1133004926108374,0.1102941176470588,0.0272108843537414,0.1117936117936117,0.0216867469879518,0.0434782608695652,0.1052631578947368,0.1224489795918367,0.6153846153846154,0.1423728813559322,0.2857142857142857,0.2926829268292683,1.0,0.511864406779661,0.2980132450331126,0.2980132450331126,0.9333333333333332,0.4821428571428571,0.8135593220338984,0.3,0.5465343537414966,0.5594107142857143,0.0423452768729641,0.1140350877192982,0.2068965517241379,25.87098445595854,0.2023675310033822,33.0,47.0,7.0,24.0,43.0,7.0,12.0,6.0,17.0,64.0,102.0,7.0,12.0,11.0,26.0,50.0,100.0,28.0,8.0,5.0,46.0,71.0,35.0,7.0,4.0,167.0,6.0,36.0,25.0,11.0,3.0,1.0,2.0,0.78125,0.8333333333333334,0.4230769230769231,0.6274509803921569,0.5833333333333334,0.618421052631579,0.625,0.0490196078431372,0.0638297872340425,0.0154241645244215,0.0186915887850467,0.0214723926380368,0.1238095238095238,0.1232876712328767,0.0789473684210526,0.159322033898305,0.7021276595744681,0.75,0.1457627118644067,0.5581395348837209,0.5853658536585366,0.8333333333333334,0.0406779661016949,0.5833333333333334,0.5833333333333334,0.7142857142857143,0.1842105263157894,0.4473684210526316,0.3529411764705882,1.0,0.528288888888889,0.1567398119122257,6.49705882352941,4.0,3.0,9.0,25.0,5.0,23.0,7.0,1.0,1.0,1.0,1.0,0.010752688172043,0.7575757575757576,0.5714285714285714,8.0,16.0,21.0,9.0,20.0,,,2.0,4.0,1.0,0.2571428571428571,0.7619047619047619,0.5267857142857143,0.0465116279069767,0.2962962962962963,3.0,,0.0180722891566265,,,5.0,9.0,1.0,0.2368421052631578,0.5555555555555556,1.0,10.0,12.0,1.0,8.0,0.25,0.2142857142857142,0.8333333333333334,0.1428571428571428,0.125,,,,,0.0208333333333333,False,1.0,,,0.005181347150259,0.0238095238095238,,,,,,,,
1629162,1610612758,Jordan McLaughlin,Jordan McLaughlin,1629162,SAC,9355.0,156,-4,306,314,88.0,104,35,620,2.0,9.0,4.0,12.0,4.0,6.0,21.0,11.0,41.0,370,4.0,5.0,9.0,12.0,11.0,4.0,3.0,2.0,6.0,4.0,12.0,4.0,16.0,4.0,,,1.0,4.0,5.0,9.0,1.0,13.0,1.0,14.0,4.0,3.0,,,,,,9.0,88.0,3.0,0.6666666666666666,0.2857142857142857,0.3,0.4166666666666667,0.4767441860465116,0.3461538461538461,0.5833333333333334,13.702623906705538,1.0,0.2666666666666666,0.0895522388059701,0.0294117647058823,0.0389610389610389,0.0592592592592592,0.0303030303030303,0.0434782608695652,0.1,0.02,,0.25,0.2222222222222222,0.2222222222222222,1.0,0.3333333333333333,0.3333333333333333,0.3333333333333333,0.5,0.4,0.7222222222222222,0.3636363636363636,0.5233642857142857,0.5329999999999999,0.1,0.2105263157894736,0.2195121951219512,25.97142857142857,0.2875816993464052,2.0,5.0,,2.0,6.0,2.0,4.0,1.0,3.0,6.0,15.0,,1.0,1.0,3.0,5.0,6.0,6.0,,3.0,7.0,19.0,2.0,4.0,1.0,50.0,1.0,8.0,5.0,3.0,,,,0.5,0.5,0.3333333333333333,0.4,,0.375,0.5,0.2,0.6,0.0181818181818181,,0.037037037037037,,0.25,0.0555555555555555,0.1388888888888889,0.4,1.0,0.1666666666666666,0.3333333333333333,0.3333333333333333,,0.1111111111111111,0.5,0.5,1.0,,0.75,0.3333333333333333,,0.54405,0.1219512195121951,8.826666666666666,,2.0,6.0,12.0,5.0,3.0,2.0,1.0,,,,0.0333333333333333,0.5,,,2.0,6.0,,7.0,,,,3.0,2.0,,0.3333333333333333,0.2,,,,,,,,,,1.0,,,,1.0,3.0,,,,0.3,0.3333333333333333,,,,,,,,False,,,1.0,,,,,,,,,,
1631099,1610612758,Keegan Murray,Keegan Murray,1631099,SAC,129020.0,2150,71,4401,4417,972.0,946,499,8818,37.0,107.0,83.0,254.0,42.0,120.0,361.0,52.0,760.0,5084,63.0,11.0,156.0,354.0,254.0,83.0,70.0,160.0,113.0,17.0,290.0,123.0,413.0,30.0,22.0,2.0,19.0,52.0,88.0,155.0,5.0,67.0,9.0,63.0,34.0,,52.0,25.0,54.0,31.0,2.0,156.0,970.0,,0.9833333333333332,0.3324099722991689,0.3324099722991689,0.5307346326836582,0.5491329479768786,0.5652173913043478,0.5412293853073463,14.96379726468222,0.5769230769230769,0.1588785046728972,0.106203007518797,0.1554907677356657,0.0727650727650727,0.1304347826086956,0.0585629921259842,0.0730593607305936,0.1029668411867364,0.146540027137042,0.5740740740740741,0.1604197901049475,0.3457943925233644,0.3457943925233644,1.0,0.3808095952023988,0.326771653543307,0.3306772908366533,0.9759036144578314,0.3181818181818182,0.7361319340329835,0.326771653543307,0.5439591591591592,0.5384175572519083,0.0520231213872832,0.1033434650455927,0.2052631578947368,25.751246537396124,0.2208588957055214,100.0,130.0,35.0,61.0,139.0,13.0,37.0,4.0,20.0,174.0,306.0,31.0,53.0,8.0,28.0,96.0,232.0,116.0,34.0,20.0,51.0,90.0,24.0,18.0,9.0,219.0,49.0,49.0,31.0,18.0,7.0,,25.0,0.6666666666666666,0.7388535031847133,0.2857142857142857,0.5686274509803921,0.5849056603773585,0.5308641975308642,0.5714285714285714,0.065359477124183,0.0769230769230769,0.0457943925233644,0.0474452554744525,0.0726783310901749,0.1225806451612903,0.0883977900552486,0.1780821917808219,0.1949025487256371,0.7692307692307693,0.8333333333333334,0.2083958020989505,0.4388489208633093,0.4728682170542636,0.6557377049180327,0.0554722638680659,0.3513513513513513,0.3513513513513513,0.6153846153846154,0.4320987654320987,0.2469135802469135,0.2,1.0,0.54805,0.1263157894736842,6.645098039215687,24.0,10.0,6.0,39.0,16.0,11.0,7.0,3.0,11.0,,2.0,0.0383064516129032,0.68,0.6857142857142857,14.0,38.0,69.0,23.0,23.0,7.0,4.0,10.0,5.0,9.0,0.365079365079365,0.5507246376811594,0.5492424242424242,0.0719424460431654,0.3333333333333333,12.0,2.0,0.0348837209302325,2.0,2.0,4.0,8.0,,0.0987654320987654,0.5,1.0,25.0,34.0,9.0,21.0,0.2083333333333333,0.2575757575757575,0.7352941176470589,0.1590909090909091,0.4285714285714285,2.0,0.0055096418732782,4.0,0.0459770114942528,0.0566666666666666,False,3.0,,,0.0083102493074792,,0.0118110236220472,1.0,,,,,,
1631165,1610612758,Keon Ellis,Keon Ellis,1631165,SAC,85852.0,1431,74,2877,2906,624.0,683,350,5783,37.0,81.0,64.0,160.0,39.0,101.0,241.0,54.0,495.0,3346,57.0,22.0,123.0,288.0,160.0,64.0,29.0,46.0,63.0,3.0,112.0,43.0,155.0,26.0,24.0,5.0,5.0,50.0,64.0,126.0,4.0,70.0,,63.0,22.0,8.0,41.0,23.0,48.0,28.0,,123.0,623.0,6.0,0.9504950495049505,0.4190871369294606,0.4190871369294606,0.6176470588235294,0.64453125,0.6473684210526316,0.6750700280112045,13.202933985330072,0.52,0.0434782608695652,0.0960365853658536,0.0696969696969697,0.0430906389301634,0.0828267477203647,0.0315078769692423,0.0486111111111111,0.096045197740113,0.0529661016949152,0.5833333333333334,0.226890756302521,0.4567901234567901,0.4567901234567901,1.0,0.4481792717086835,0.4,0.4050632911392405,0.921875,0.4698795180722891,0.8179271708683473,0.4,0.5457511204481792,0.535974096385542,0.0691489361702127,0.1679389312977099,0.2484848484848484,25.23858921161826,0.2168925964546402,39.0,51.0,10.0,23.0,46.0,7.0,19.0,6.0,16.0,69.0,116.0,11.0,21.0,9.0,26.0,53.0,94.0,44.0,12.0,10.0,49.0,84.0,32.0,12.0,5.0,203.0,13.0,90.0,53.0,37.0,9.0,4.0,16.0,0.6811594202898551,0.746031746031746,0.3461538461538461,0.5948275862068966,0.5238095238095238,0.5212765957446809,0.53,0.0862068965517241,0.1176470588235294,0.0196969696969696,0.0167597765363128,0.0415879017013232,0.096938775510204,0.0943396226415094,0.1117021276595744,0.1428571428571428,0.7647058823529411,0.8666666666666667,0.1288515406162464,0.5,0.5476190476190477,0.6956521739130435,0.0532212885154061,0.3684210526315789,0.3684210526315789,0.7142857142857143,0.2127659574468085,0.3404255319148936,0.375,1.0,0.5059285714285714,0.107070707070707,7.04051724137931,7.0,4.0,15.0,35.0,17.0,21.0,9.0,6.0,7.0,,2.0,0.0132013201320132,0.6666666666666666,0.7,15.0,13.0,26.0,25.0,18.0,,4.0,2.0,8.0,14.0,0.4385964912280701,0.5,0.608433734939759,0.0869565217391304,0.3846153846153846,3.0,,0.0176470588235294,7.0,6.0,3.0,10.0,,0.2127659574468085,0.3,1.0,7.0,10.0,10.0,18.0,0.4285714285714285,0.1204819277108433,0.7,0.216867469879518,0.5555555555555556,4.0,0.0163265306122449,1.0,0.0149253731343283,0.0337078651685393,False,2.0,1.0,,0.0082987551867219,,0.0125,1.0,,,,1.0,,
201942,1610612758,DeMar DeRozan,DeMar DeRozan,201942,SAC,129283.0,2155,127,4428,4391,887.0,855,496,8819,28.0,74.0,38.0,113.0,32.0,66.0,187.0,297.0,1339.0,5128,44.0,87.0,282.0,180.0,110.0,38.0,16.0,111.0,85.0,8.0,204.0,36.0,240.0,57.0,28.0,7.0,25.0,85.0,67.0,112.0,9.0,241.0,3.0,339.0,161.0,12.0,23.0,15.0,23.0,17.0,,282.0,884.0,11.0,0.9090909090909092,0.3529411764705882,0.358695652173913,0.5236180904522613,0.583554376657825,0.5366795366795367,0.1879396984924623,24.270874950059927,0.6705882352941176,0.0776699029126213,0.0839091806515301,0.1080817916260954,0.0170031880977683,0.096078431372549,0.0174757281553398,0.027027027027027,0.0981481481481481,0.1062416998671978,0.7391304347826086,0.0743718592964824,0.3783783783783784,0.3783783783783784,1.0,0.1135678391959799,0.336283185840708,0.3392857142857143,0.8421052631578947,0.1481481481481481,0.2854271356783919,0.3454545454545454,0.4647774974772956,0.4501744131455399,0.1501340482573726,0.1736785329018338,0.210604929051531,25.88235294117647,0.2003161698283649,71.0,97.0,16.0,171.0,333.0,180.0,378.0,2.0,11.0,422.0,808.0,31.0,68.0,5.0,19.0,99.0,340.0,504.0,14.0,41.0,121.0,244.0,65.0,46.0,10.0,611.0,20.0,55.0,35.0,20.0,10.0,6.0,7.0,0.4028436018957346,0.4096385542168674,0.2631578947368421,0.5222772277227723,0.4558823529411764,0.4425287356321839,0.5103092783505154,0.0507425742574257,0.0618556701030927,0.0178731009830205,0.0264150943396226,0.0139082058414464,0.0489510489510489,0.0962566844919786,0.1131386861313868,0.0974874371859296,0.7319587628865979,0.7802197802197802,0.3346733668341708,0.5135135135135135,0.5625,0.3157894736842105,0.3798994974874372,0.4761904761904761,0.4838709677419355,0.4388888888888889,0.1839080459770115,0.1264367816091954,0.1818181818181818,1.0,0.4576896551724138,0.0739357729648991,12.637623762376236,7.0,22.0,18.0,123.0,37.0,32.0,19.0,1.0,42.0,19.0,1.0,0.0188323917137476,0.5211267605633803,0.4375,4.0,87.0,172.0,7.0,86.0,1.0,3.0,6.0,9.0,8.0,0.1590909090909091,0.5058139534883721,0.4513888888888889,0.087087087087087,0.125,12.0,1.0,0.0264900662251655,,,3.0,8.0,3.0,0.0919540229885057,0.375,1.0,20.0,28.0,3.0,12.0,0.4285714285714285,0.1296296296296296,0.7142857142857143,0.0555555555555555,0.25,7.0,0.0364583333333333,,,0.0092879256965944,False,1.0,,1.0,0.0053475935828877,,0.0088495575221238,,,,0.0158730158730158,1.0,2.0,
1642269,1610612758,Devin Carter,Devin Carter,1642269,SAC,12588.0,210,-35,429,430,123.0,122,52,859,5.0,14.0,6.0,23.0,4.0,11.0,37.0,17.0,80.0,506,10.0,7.0,24.0,24.0,23.0,6.0,4.0,27.0,10.0,1.0,38.0,12.0,50.0,7.0,3.0,,,10.0,12.0,20.0,,28.0,2.0,24.0,10.0,1.0,2.0,,3.0,1.0,,24.0,123.0,1.0,0.7272727272727273,0.2972972972972973,0.2972972972972973,0.4375,0.4819277108433735,0.48,0.5138888888888888,19.096509240246405,0.7,0.0833333333333333,0.1030927835051546,0.2934782608695652,0.0404040404040404,0.1957671957671957,0.0597014925373134,,0.1153846153846153,0.2857142857142857,0.3333333333333333,0.1944444444444444,0.3571428571428571,0.3571428571428571,0.8,0.3194444444444444,0.2608695652173913,0.2608695652173913,0.6666666666666666,0.1904761904761904,0.75,0.2608695652173913,0.5369316901408452,0.5402224999999999,0.1219512195121951,0.2222222222222222,0.3,25.87837837837838,0.2867132867132867,10.0,17.0,3.0,4.0,17.0,1.0,1.0,2.0,2.0,15.0,35.0,4.0,8.0,4.0,5.0,21.0,14.0,16.0,8.0,4.0,10.0,24.0,4.0,2.0,4.0,62.0,8.0,5.0,3.0,2.0,2.0,,1.0,0.4666666666666667,0.6363636363636364,0.8,0.4285714285714285,0.5,0.7692307692307693,0.75,0.1142857142857142,0.1176470588235294,0.0784313725490196,0.0384615384615384,0.0533333333333333,0.0689655172413793,0.125,0.3181818181818182,0.2361111111111111,0.5882352941176471,0.6666666666666666,0.2361111111111111,0.2352941176470588,0.2666666666666666,,0.0138888888888888,1.0,1.0,,0.2307692307692307,0.1538461538461538,1.0,0.5,0.5236749999999999,0.2625,5.26,2.0,1.0,9.0,14.0,2.0,7.0,3.0,3.0,,,1.0,0.1346153846153846,0.7,0.6666666666666666,1.0,4.0,11.0,3.0,12.0,,,,4.0,,0.3,0.3636363636363636,0.4047619047619047,0.1176470588235294,0.25,1.0,1.0,0.0263157894736842,1.0,1.0,2.0,3.0,,0.2307692307692307,0.6666666666666666,0.5,3.0,4.0,2.0,6.0,,0.1904761904761904,0.75,0.2857142857142857,0.3333333333333333,,,,,,False,,,1.0,,,,1.0,,,,,,
203926,1610612758,Doug McDermott,Doug McDermott,203926,SAC,14928.0,249,-2,505,499,102.0,143,65,1004,6.0,18.0,17.0,42.0,6.0,23.0,60.0,1.0,78.0,599,10.0,,17.0,69.0,41.0,17.0,1.0,5.0,7.0,,12.0,1.0,13.0,3.0,1.0,,1.0,4.0,12.0,23.0,3.0,2.0,,2.0,1.0,,1.0,1.0,2.0,1.0,,17.0,102.0,,1.0,0.3833333333333333,0.3898305084745763,0.55,0.5492957746478874,0.6071428571428571,0.8571428571428571,12.975778546712805,0.75,,0.0619469026548672,0.0413223140495867,0.008695652173913,0.0512820512820512,0.0042194092827004,,0.0615384615384615,0.0229885057471264,0.5,0.2571428571428571,0.3333333333333333,0.3333333333333333,1.0,0.6,0.4047619047619047,0.425,1.0,0.4285714285714285,0.9428571428571428,0.4146341463414634,0.5382398550724637,0.5360038461538461,0.0140845070422535,0.0909090909090909,0.2179487179487179,25.81,0.201980198019802,4.0,6.0,,,2.0,,2.0,2.0,5.0,4.0,10.0,,,2.0,6.0,6.0,8.0,,,,3.0,4.0,,1.0,2.0,9.0,,4.0,2.0,2.0,,1.0,,1.0,1.0,0.3333333333333333,0.4,,0.5,0.5,,,,,0.0117647058823529,0.0588235294117647,0.0714285714285714,0.088235294117647,0.0857142857142857,0.6666666666666666,0.6666666666666666,0.0285714285714285,,,,0.0285714285714285,,,,,0.8333333333333334,0.4,1.0,0.5093625,0.0769230769230769,7.49,,,,1.0,,2.0,,,,,,,1.0,,4.0,1.0,4.0,5.0,1.0,,,,,,0.5,0.25,0.6071428571428571,,0.6666666666666666,,,,1.0,1.0,,1.0,1.0,0.1666666666666666,,,1.0,2.0,1.0,4.0,,0.1428571428571428,0.5,0.2857142857142857,0.25,,,,,,False,2.0,,,0.0333333333333333,,0.0476190476190476,,,,,,,
203458,1610612758,Alex Len,Alex Len,203458,SAC,13589.0,226,-99,460,463,121.0,131,48,923,,3.0,1.0,3.0,,1.0,6.0,5.0,44.0,575,,,14.0,3.0,3.0,1.0,7.0,14.0,15.0,2.0,31.0,21.0,52.0,4.0,6.0,,1.0,10.0,16.0,32.0,3.0,14.0,,11.0,6.0,,13.0,9.0,15.0,9.0,1.0,14.0,121.0,,1.0,0.1666666666666666,0.1666666666666666,0.5735294117647058,0.5641025641025641,0.5,0.1764705882352941,9.551656920077972,0.4,0.125,0.1595744680851064,0.128440366972477,0.056910569105691,0.1428571428571428,0.0889830508474576,0.1071428571428571,0.1034482758620689,0.1022727272727272,0.6,0.088235294117647,,,,0.088235294117647,0.3333333333333333,0.3333333333333333,1.0,,0.6176470588235294,0.3333333333333333,0.5323823529411764,0.5274214285714286,0.1538461538461538,0.1818181818181818,0.3181818181818182,24.3,0.2630434782608695,11.0,15.0,6.0,7.0,12.0,,1.0,,,18.0,28.0,5.0,7.0,,,10.0,26.0,10.0,10.0,4.0,12.0,23.0,3.0,6.0,3.0,57.0,14.0,7.0,7.0,,,4.0,4.0,0.7222222222222222,1.0,,0.6428571428571429,0.7142857142857143,0.7142857142857143,0.7142857142857143,0.1428571428571428,0.2,0.1238938053097345,0.1176470588235294,0.0421052631578947,0.2941176470588235,0.2105263157894736,0.238095238095238,0.4411764705882353,0.7333333333333333,0.9166666666666666,0.3529411764705882,0.5833333333333334,0.6363636363636364,0.8571428571428571,0.0294117647058823,,,,0.8571428571428571,,,,0.5953285714285714,0.2272727272727272,4.617857142857142,4.0,,,11.0,5.0,3.0,5.0,1.0,1.0,,,0.1492537313432835,0.6363636363636364,0.6666666666666666,,7.0,14.0,,6.0,,1.0,2.0,,1.0,,0.5,0.5,0.0833333333333333,,2.0,,0.2,2.0,2.0,,,,,,,5.0,8.0,,,,0.5714285714285714,0.625,,,,,,,0.0689655172413793,False,,,,,,,,,1.0,,,,
1631222,1610612758,Jake LaRavia,Jake LaRavia,1631222,SAC,15355.0,256,-33,506,510,126.0,104,66,1016,4.0,10.0,9.0,27.0,12.0,13.0,37.0,4.0,69.0,631,14.0,1.0,22.0,39.0,25.0,9.0,10.0,8.0,12.0,1.0,21.0,19.0,40.0,8.0,3.0,1.0,3.0,11.0,15.0,26.0,1.0,12.0,,10.0,5.0,,2.0,,2.0,2.0,,22.0,126.0,,1.0,0.3513513513513513,0.3714285714285714,0.4924242424242424,0.4859154929577465,0.4583333333333333,0.5606060606060606,13.921901528013583,0.7272727272727273,0.0526315789473684,0.125,0.0754716981132075,0.0884955752212389,0.099009900990099,0.0815450643776824,0.0625,0.1346153846153846,0.0606060606060606,1.0,0.1515151515151515,0.4,0.4,1.0,0.4090909090909091,0.3333333333333333,0.3333333333333333,1.0,0.5454545454545454,0.7424242424242424,0.36,0.5201171874999999,0.52015,0.0704225352112676,0.1470588235294117,0.3188405797101449,26.478378378378384,0.2490118577075099,9.0,12.0,3.0,4.0,16.0,,1.0,1.0,2.0,13.0,29.0,1.0,5.0,1.0,2.0,7.0,8.0,18.0,2.0,4.0,10.0,18.0,3.0,3.0,4.0,44.0,9.0,11.0,7.0,4.0,2.0,,1.0,0.3076923076923077,0.3333333333333333,0.5,0.4482758620689655,0.2,0.3571428571428571,0.4375,0.1379310344827586,0.0833333333333333,0.075,0.0606060606060606,0.0927835051546391,0.0952380952380952,0.1304347826086956,0.1,0.1818181818181818,0.75,0.8181818181818182,0.2424242424242424,0.25,0.3076923076923077,0.5,0.0151515151515151,,,,0.4285714285714285,0.2857142857142857,0.5,1.0,0.49367,0.1014492753623188,5.655172413793102,1.0,2.0,,8.0,2.0,5.0,2.0,3.0,,,1.0,0.087719298245614,0.2222222222222222,0.3333333333333333,4.0,3.0,8.0,5.0,6.0,,,2.0,2.0,3.0,0.3571428571428571,0.375,0.4772727272727273,0.1875,0.3333333333333333,3.0,,0.088235294117647,,,,,2.0,,,,3.0,5.0,1.0,2.0,,0.2272727272727272,0.6,0.0909090909090909,0.5,,,,,0.0666666666666666,False,,,,,,,,,,,,,
1642403,1610612758,Isaac Jones,Isaac Jones,1642403,SAC,12118.0,202,-63,422,425,136.0,115,44,847,2.0,4.0,,1.0,1.0,2.0,5.0,19.0,91.0,520,5.0,6.0,30.0,6.0,1.0,,6.0,9.0,17.0,1.0,27.0,12.0,39.0,6.0,3.0,,5.0,9.0,10.0,16.0,2.0,25.0,,30.0,15.0,2.0,7.0,3.0,7.0,4.0,3.0,30.0,136.0,2.0,1.0,0.4,0.4,0.7346938775510204,0.7338709677419355,0.6521739130434783,0.1020408163265306,14.947368421052632,0.6666666666666666,0.125,0.1931818181818181,0.1,0.0631578947368421,0.146067415730337,0.06282722513089,0.0294117647058823,0.1698113207547169,0.1159420289855072,0.5714285714285714,0.0816326530612244,0.5,0.6666666666666666,1.0,0.0204081632653061,,,,0.0555555555555555,0.7551020408163265,,0.5922755102040815,0.5606555555555556,0.25,0.2727272727272727,0.3296703296703296,23.360000000000003,0.3222748815165877,25.0,32.0,6.0,8.0,12.0,,,,,33.0,44.0,8.0,9.0,,,17.0,52.0,14.0,8.0,7.0,5.0,8.0,,4.0,1.0,19.0,6.0,3.0,2.0,1.0,1.0,1.0,4.0,0.7878787878787878,0.896551724137931,,0.75,0.8888888888888888,0.8888888888888888,0.7727272727272727,0.1590909090909091,0.15625,0.0625,0.0344827586206896,0.081967213114754,0.25,0.1818181818181818,0.0476190476190476,0.6530612244897959,0.78125,0.925925925925926,0.2448979591836734,0.6666666666666666,0.8,0.625,,,,,0.6666666666666666,,,,0.572575,0.1868131868131868,2.688636363636364,5.0,1.0,,3.0,,1.0,4.0,4.0,4.0,,,0.0652173913043478,0.84,0.8333333333333334,,9.0,13.0,2.0,3.0,1.0,,1.0,1.0,,0.4,0.6923076923076923,0.6666666666666666,0.1666666666666666,,1.0,,0.2,,,,,,,,,6.0,8.0,2.0,4.0,0.4,0.4444444444444444,0.75,0.2222222222222222,0.5,,,,,0.0952380952380952,False,1.0,,,0.2,0.25,,,,,,,,
203897,1610612758,Zach LaVine,Zach LaVine,203897,SAC,37188.0,620,9,1259,1251,277.0,215,132,2510,13.0,24.0,38.0,95.0,16.0,51.0,119.0,55.0,386.0,1492,19.0,19.0,55.0,93.0,95.0,38.0,1.0,37.0,24.0,1.0,62.0,4.0,66.0,36.0,12.0,2.0,15.0,48.0,11.0,23.0,2.0,44.0,,61.0,30.0,4.0,2.0,2.0,2.0,,,55.0,277.0,3.0,0.6078431372549019,0.4285714285714285,0.4285714285714285,0.6175373134328358,0.6547619047619048,0.4909090909090909,0.4440298507462686,24.101479915433405,0.75,0.0303030303030303,0.0854092526690391,0.1307420494699646,0.004,0.1081560283687943,0.0055970149253731,,0.0833333333333333,0.1302083333333333,,0.0895522388059701,0.5416666666666666,0.5416666666666666,0.6923076923076923,0.3544776119402985,0.4,0.4042553191489361,0.5789473684210527,0.3636363636363636,0.667910447761194,0.4,0.5251121268656715,0.5118113636363636,0.1034482758620689,0.175438596491228,0.1424870466321243,26.254621848739493,0.2200158856235107,44.0,60.0,4.0,27.0,51.0,18.0,38.0,4.0,7.0,89.0,149.0,4.0,8.0,5.0,9.0,24.0,96.0,82.0,2.0,10.0,41.0,63.0,17.0,17.0,7.0,148.0,2.0,14.0,8.0,6.0,6.0,1.0,,0.5393258426966292,0.5454545454545454,0.5555555555555556,0.5973154362416108,0.5,0.6764705882352942,0.6764705882352942,0.0671140939597315,0.1,0.0069930069930069,,0.005050505050505,0.0549450549450549,0.1521739130434782,0.1318681318681318,0.2238805970149253,0.7333333333333333,0.8148148148148148,0.1902985074626865,0.5294117647058824,0.574468085106383,0.5185185185185185,0.1417910447761194,0.4736842105263157,0.4736842105263157,0.3333333333333333,0.2352941176470588,0.4117647058823529,0.5714285714285714,0.75,0.5167791666666667,0.0621761658031088,7.6751677852349,3.0,1.0,60.0,22.0,11.0,21.0,14.0,,8.0,1.0,,0.0081967213114754,0.6363636363636364,0.75,3.0,12.0,25.0,4.0,11.0,,2.0,2.0,,2.0,0.2105263157894736,0.48,0.4090909090909091,0.0784313725490196,0.1875,2.0,,0.0181818181818181,,,1.0,2.0,,0.1176470588235294,0.5,1.0,6.0,11.0,1.0,3.0,1.0,0.25,0.5454545454545454,0.0681818181818181,0.3333333333333333,,,1.0,0.0454545454545454,0.0128205128205128,False,1.0,,,0.0084033613445378,,0.0105263157894736,,,,,,,
1628365,1610612758,Markelle Fultz,Markelle Fultz,1628365,SAC,4832.0,81,9,164,163,45.0,33,16,327,1.0,3.0,,1.0,,1.0,4.0,1.0,26.0,174,1.0,,8.0,3.0,1.0,,,3.0,2.0,,5.0,2.0,7.0,8.0,2.0,,1.0,10.0,2.0,5.0,,2.0,,1.0,1.0,,1.0,,1.0,1.0,,8.0,45.0,,1.0,0.25,0.25,0.4032258064516129,0.4193548387096774,0.4,0.1290322580645161,22.52747252747253,0.8,,0.05,0.0857142857142857,,0.0666666666666666,0.0285714285714285,,0.0357142857142857,0.0454545454545454,1.0,0.0967741935483871,0.3333333333333333,0.3333333333333333,1.0,0.032258064516129,,,,,0.1612903225806451,,0.4449916666666666,0.44737,0.032258064516129,0.037037037037037,0.3076923076923077,27.1,0.274390243902439,,1.0,,8.0,18.0,3.0,8.0,,,11.0,27.0,,,,,,10.0,12.0,,2.0,3.0,9.0,2.0,1.0,,24.0,2.0,5.0,2.0,3.0,1.0,,1.0,0.4545454545454545,0.4545454545454545,,0.4074074074074074,,,,0.074074074074074,,0.048780487804878,,,,0.2,0.1538461538461538,0.032258064516129,,,0.5806451612903226,0.4444444444444444,0.5,0.375,0.2580645161290322,0.375,0.375,0.6666666666666666,,,,,,,10.792592592592593,,,,6.0,2.0,7.0,3.0,,1.0,,,0.0869565217391304,,,,4.0,9.0,,4.0,,,1.0,,1.0,,0.4444444444444444,0.4,0.1111111111111111,,1.0,1.0,0.0625,,,,,,,,,,,,1.0,,,,0.1,,,,,,,False,,,,,,,,,,,,,
1642384,1610612758,Isaiah Crawford,Isaiah Crawford,1642384,SAC,1693.0,28,1,59,57,29.0,22,6,116,1.0,1.0,,2.0,,1.0,3.0,,11.0,58,1.0,,7.0,3.0,2.0,,,2.0,2.0,2.0,6.0,1.0,7.0,,1.0,,,1.0,,1.0,,,,,,,1.0,1.0,1.0,,,7.0,29.0,,1.0,0.3333333333333333,0.3333333333333333,0.6875,0.6875,0.875,0.375,13.846153846153843,,1.0,0.1176470588235294,0.2222222222222222,,0.1538461538461538,0.04,,0.0666666666666666,0.2857142857142857,,0.125,1.0,1.0,1.0,0.25,,,,,0.5,,0.48184375,0.5077875000000001,,,0.6363636363636364,25.7,0.4915254237288136,1.0,1.0,1.0,3.0,4.0,,,,,4.0,5.0,1.0,1.0,,,2.0,6.0,2.0,2.0,,,,,,,,1.0,1.0,1.0,,1.0,,,0.75,1.0,,0.8,1.0,1.0,1.0,,,0.0714285714285714,,,0.5,,,0.125,1.0,1.0,0.5,0.75,0.75,1.0,,,,,1.0,,,,0.6145,0.1818181818181818,6.5,1.0,,,,,,1.0,,,,,0.1111111111111111,,1.0,,2.0,3.0,1.0,,,,,,,1.0,0.6666666666666666,0.875,,,,,,,,,,,,,,1.0,1.0,1.0,1.0,,0.25,1.0,0.25,1.0,,,,,,False,,,,,,,,,,,,,
1631115,1610612758,Orlando Robinson,Orlando Robinson,1631115,SAC,2291.0,38,-16,74,76,22.0,39,9,150,,,1.0,1.0,,1.0,1.0,4.0,15.0,96,,1.0,1.0,3.0,1.0,1.0,2.0,1.0,3.0,2.0,6.0,2.0,8.0,3.0,1.0,,3.0,4.0,3.0,5.0,1.0,5.0,,7.0,4.0,,,,1.0,,,1.0,22.0,,1.0,1.0,1.0,0.7857142857142857,0.75,0.25,0.1428571428571428,16.867469879518072,0.75,0.4,0.2307692307692307,0.05,0.125,0.1212121212121212,0.0689655172413793,,,0.0714285714285714,,,,,,0.1428571428571428,1.0,1.0,1.0,,0.5714285714285714,1.0,0.5566142857142857,0.6266,0.4,0.4444444444444444,0.0666666666666666,26.7,0.2972972972972973,2.0,3.0,,2.0,3.0,,,,,4.0,6.0,,,,,1.0,8.0,,,,2.0,3.0,1.0,1.0,,7.0,,2.0,1.0,1.0,,1.0,,1.0,1.0,,0.6666666666666666,,,0.5,,,,,0.1333333333333333,0.1666666666666666,0.5,,0.4285714285714285,0.6666666666666666,0.6666666666666666,0.4285714285714285,0.6666666666666666,0.6666666666666666,1.0,,,,,,,,,,0.0666666666666666,3.65,,1.0,,1.0,,,,1.0,1.0,,,,1.0,,,,1.0,,1.0,,,,,,,,,,,,,,1.0,1.0,,,,,,,,1.0,,,,1.0,,,,,,,,,False,,,,,,,,,,,,,
203109,1610612758,Jae Crowder,Jae Crowder,203109,SAC,4998.0,83,-9,165,168,38.0,55,21,333,2.0,6.0,1.0,5.0,1.0,3.0,11.0,5.0,20.0,193,3.0,,5.0,9.0,5.0,1.0,2.0,3.0,4.0,,7.0,5.0,12.0,3.0,,,,3.0,7.0,9.0,,3.0,,6.0,,,,,,,,5.0,38.0,,1.0,0.2727272727272727,0.2727272727272727,0.46875,0.5555555555555556,0.5,0.6875,11.111111111111112,1.0,,0.125,0.0666666666666666,0.0454545454545454,0.0909090909090909,0.048780487804878,,0.1052631578947368,0.09375,,0.375,0.3333333333333333,0.3333333333333333,1.0,0.3125,0.2,0.2,1.0,0.2,0.75,0.2,0.51203125,0.50537,0.1111111111111111,,0.25,24.64545454545454,0.2303030303030303,1.0,1.0,,1.0,3.0,1.0,1.0,,1.0,3.0,5.0,1.0,2.0,,2.0,2.0,4.0,2.0,2.0,1.0,3.0,4.0,2.0,1.0,,9.0,2.0,3.0,2.0,1.0,,,,0.6666666666666666,1.0,,0.6,0.5,0.25,0.25,0.2,,0.0526315789473684,,0.0606060606060606,0.1111111111111111,0.25,,0.0625,1.0,1.0,0.1875,0.3333333333333333,0.5,,0.0625,1.0,1.0,1.0,,0.25,,,0.4681499999999999,0.1,10.0,,,,1.0,1.0,3.0,,,,,,0.0476190476190476,1.0,,,1.0,2.0,1.0,,,,2.0,,1.0,0.3333333333333333,0.5,0.5,0.3333333333333333,,,,,,,,1.0,,0.25,,,,,1.0,2.0,,,,0.4,0.5,2.0,0.1538461538461538,1.0,0.2,0.1,False,,,,,,,,,,,,,
1630222,1610612758,Mason Jones,Mason Jones,1630222,SAC,1818.0,30,-9,64,66,34.0,31,6,130,,1.0,,4.0,3.0,,5.0,4.0,14.0,72,4.0,3.0,7.0,,4.0,,1.0,5.0,1.0,,6.0,1.0,7.0,1.0,,,,1.0,,2.0,1.0,3.0,,5.0,3.0,,1.0,1.0,1.0,,,7.0,34.0,,,,,0.4545454545454545,0.5384615384615384,0.4375,0.4545454545454545,20.0,1.0,,0.0769230769230769,0.3333333333333333,0.0714285714285714,0.2142857142857142,0.04,,,0.3333333333333333,,0.0909090909090909,,,,0.3636363636363636,,,,0.5,0.6363636363636364,,0.5313363636363636,0.5790166666666666,0.2307692307692307,0.375,0.5,26.360000000000003,0.53125,2.0,2.0,,3.0,4.0,,,,,5.0,6.0,,,,,,2.0,8.0,,,2.0,6.0,1.0,,1.0,16.0,,,,,,,,0.2,0.2,,0.8333333333333334,,,,,,,,0.0909090909090909,,1.0,0.3333333333333333,0.1818181818181818,1.0,1.0,0.3636363636363636,0.75,0.75,,,,,,,,,,,,4.866666666666666,,,,4.0,1.0,1.0,1.0,,1.0,,,,0.5,,,2.0,2.0,,3.0,,,,,,,1.0,0.3333333333333333,,,,,,,,,,,,,,2.0,2.0,,1.0,,0.3333333333333333,1.0,0.1666666666666666,,,,,,,False,,,,,,,,,,,,,
202685,1610612758,Jonas Valančiūnas,Jonas Valančiūnas,202685,SAC,18964.0,316,18,633,627,125.0,123,82,1260,,,1.0,5.0,,1.0,5.0,29.0,154.0,741,,8.0,20.0,3.0,5.0,1.0,9.0,40.0,38.0,10.0,88.0,45.0,133.0,6.0,13.0,2.0,4.0,19.0,29.0,46.0,3.0,32.0,,37.0,17.0,3.0,13.0,9.0,13.0,9.0,1.0,20.0,125.0,3.0,1.0,0.2,0.2,0.5341880341880342,0.5746268656716418,0.8333333333333334,0.0427350427350427,20.759837177747624,0.3157894736842105,0.4761904761904761,0.2878787878787879,0.272108843537415,0.072,0.2795698924731182,0.152027027027027,0.12,0.2816901408450704,0.2857142857142857,0.6923076923076923,,,,,0.0427350427350427,0.2,0.2,1.0,,0.5299145299145299,0.2,0.4977764957264957,0.4650125,0.1297709923664122,0.1349206349206349,0.1298701298701298,26.0,0.1974723538704581,35.0,57.0,29.0,22.0,45.0,4.0,10.0,,,61.0,112.0,23.0,36.0,,,59.0,68.0,54.0,38.0,10.0,25.0,36.0,6.0,10.0,9.0,83.0,36.0,12.0,7.0,5.0,1.0,8.0,4.0,0.5573770491803278,0.8095238095238095,,0.5446428571428571,0.6388888888888888,0.6388888888888888,0.6704545454545454,0.0892857142857142,0.1403508771929824,0.2105263157894736,0.2666666666666666,0.06,0.2580645161290322,0.3333333333333333,0.2448979591836734,0.4871794871794871,0.6140350877192983,0.7142857142857143,0.3846153846153846,0.4888888888888889,0.5116279069767442,0.5909090909090909,0.0854700854700854,0.4,0.4,0.75,0.8055555555555556,,,,0.5236740740740741,0.3831168831168831,5.447321428571428,17.0,13.0,,11.0,,2.0,1.0,6.0,3.0,,,0.1927710843373494,0.5142857142857142,0.5862068965517241,,6.0,8.0,,11.0,,,1.0,,1.0,,0.75,0.75,0.0444444444444444,,10.0,,0.2222222222222222,,,,,,,,,3.0,4.0,,,0.0588235294117647,0.5,0.75,,,,,,,0.1860465116279069,False,,,3.0,,,,,,2.0,,,,
1627746,1610612758,Skal Labissiere,Skal Labissiere,1627746,SAC,717.0,12,-1,26,24,17.0,4,4,50,,,1.0,1.0,1.0,1.0,1.0,,5.0,32,1.0,,5.0,3.0,1.0,1.0,1.0,,2.0,,2.0,1.0,3.0,,,,,,1.0,1.0,,,,,,,,,,,,5.0,17.0,,1.0,1.0,1.0,0.625,0.625,0.625,0.25,13.333333333333334,,,0.5,,0.2,0.2857142857142857,0.0909090909090909,,0.5,,,,,,,0.25,1.0,1.0,1.0,0.25,0.25,1.0,0.4322,0.4322,,,1.0,27.7,0.6538461538461539,,,,1.0,2.0,,1.0,,,1.0,3.0,,,,,,2.0,,,,,1.0,,,,3.0,,,,,,,,1.0,1.0,,0.3333333333333333,,,,,,,,0.25,,,,,,,0.5,0.5,0.5,1.0,0.25,,,,,,,,,,11.1,,,,1.0,1.0,,,,,,,,,,1.0,1.0,3.0,1.0,,,,,,,1.0,0.3333333333333333,0.625,,1.0,,,,,,,,,,,,,,,,,,,,,,,,,,False,,,1.0,,,,,,,,,,
1630264,1610612764,Anthony Gill,Anthony Gill,1630264,WAS,147.0,2,-3,5,5,5.0,5,1,10,,,,1.0,1.0,,1.0,,,8,1.0,,,,1.0,,,,,,,,,,,,,,,,,,,,,,,,,,,,5.0,,,,,,,,1.0,16.666666666666668,,,,,,,,,,,,,,,,1.0,,,,1.0,1.0,,0.4956,0.4956,,,,26.1,1.0,,,,,,,,,,,,,,,,,,,,,1.0,2.0,1.0,,,5.0,,,,,,,,,,,,,,,,,,,,,,,,,,,,,,,,,,,,,,,,,,,,1.0,,,,,,,,,,,,,,,1.0,,,,,,,,,,,,,,,,,,,,,,,,,,,,,,,,,,,,True,,,,,,,,,,,,,
1630551,1610612764,Justin Champagnie,Justin Champagnie,1630551,WAS,147.0,2,-3,5,5,5.0,5,1,10,,,,1.0,1.0,,1.0,,2.0,8,1.0,,2.0,,1.0,,1.0,,1.0,,1.0,1.0,2.0,,,,,,,,,,,,,,,,,,,2.0,5.0,,,,,0.5,0.5,0.5,0.5,33.333333333333336,,,1.0,,0.5,1.0,0.3333333333333333,,1.0,,,,,,,0.5,,,,0.5,1.0,,0.5496,0.5496,,,1.0,28.7,1.0,1.0,1.0,,,,,,,,1.0,1.0,,,,,,2.0,,,,,,,,,,,1.0,1.0,,,,,1.0,1.0,,1.0,,,,,,,,0.5,,,,0.5,1.0,1.0,,,,,,,,,,,,,,,2.8,,,,,,,,,,,,,1.0,,,1.0,1.0,,,,,,,,,1.0,0.5,,,,,,,,,,,,,,1.0,1.0,,,,0.5,1.0,,,,,,,,True,,,,,,,,,,,,,
1641732,1610612764,Colby Jones,Colby Jones,1641732,WAS,147.0,2,-3,5,5,5.0,5,1,10,,,,,,,,,,8,,,,,,,,,,,,,,,,,,,,,,,,,,,,,,,,,5.0,,,,,,,,,,,,,,,,,,,,,,,,,,,,,,,,,,,,,,1.0,,,,,,,,,,,,,,,,,,,,,,,,,,,,,,,,,,,,,,,,,,,,,,,,,,,,,,,,,,,,,,,,,,,,,,,,,,,,,,,,,,,,,,,,,,,,,,,,,,,,,,,,,,,,,,,,,,,,,,,,,True,,,,,,,,,,,,,
1641798,1610612764,Jaylen Martin,Jaylen Martin,1641798,WAS,147.0,2,-3,5,5,5.0,5,1,10,,,,,,,,,,8,,,,,,,,,,,,,,,,,,,,,,,,,,,,,,,,,5.0,,,,,,,,,16.666666666666668,,,,,,,,,,,,,,,,,,,,,,,0.4131,0.4131,,,,,1.0,,,,,1.0,,,,,,1.0,,,,,,,,,,,,,,,,,,,,,,,,,,,,,,,,,,,,,,,,,1.0,,,,,,,,,,,,,,4.1,,,,,,,,,,,,,,,,,1.0,,,,,,,,,,,,,,,,,,,,,,,,,,,,,,,,,,,,,,True,,,,,,,,,,,,,
1642267,1610612764,Bub Carrington,Bub Carrington,1642267,WAS,147.0,2,-3,5,5,5.0,5,1,10,,,1.0,1.0,1.0,1.0,1.0,,3.0,8,1.0,,3.0,3.0,1.0,1.0,,,,,,,,,,,,,,,,,,,,,,,,,,3.0,5.0,,1.0,1.0,1.0,1.5,1.5,1.5,1.0,16.666666666666668,,,,,,,,,,,,,,,,1.0,1.0,1.0,1.0,1.0,1.0,1.0,0.43965,0.43965,,,1.0,28.5,1.0,,,,,,,,1.0,1.0,,,,,1.0,1.0,3.0,,,,,,,,,,,,,,,,,,,,1.0,,,1.5,1.5,,,,,,,,,,,,,,,,,,,,,1.0,1.0,1.0,,1.0,,,,,,,,,,,,,,,,1.0,,,1.0,,,,,,,1.0,,1.5,,1.0,,,,,,,,,,,,,,,,,,,,,,,,,,True,,,,,,,,,,,,,
1626158,1610612764,Richaun Holmes,Richaun Holmes,1626158,WAS,29149.0,486,-28,992,986,228.0,252,133,1978,,2.0,,1.0,,,3.0,45.0,207.0,1160,1.0,19.0,47.0,,1.0,,10.0,41.0,61.0,2.0,104.0,55.0,159.0,9.0,12.0,,7.0,21.0,26.0,44.0,5.0,50.0,,54.0,30.0,2.0,20.0,10.0,21.0,13.0,4.0,47.0,228.0,1.0,,,,0.6585365853658537,0.7040816326530612,0.6714285714285714,0.024390243902439025,14.674868189806677,0.42857142857142855,0.14285714285714285,0.22761194029850745,0.19248826291079812,0.04201680672268908,0.21205821205821207,0.12008733624454149,0.02127659574468085,0.25,0.1871345029239766,0.6190476190476191,0.016260162601626018,,,,0.008130081300813009,,,,,0.7235772357723578,,0.5814463414634146,0.564254,0.20689655172413793,0.2112676056338028,0.22705314009661837,24.3,0.22983870967741934,65.0,86.0,38.0,16.0,33.0,,1.0,,,81.0,120.0,26.0,42.0,,1.0,64.0,104.0,58.0,42.0,10.0,19.0,39.0,8.0,9.0,2.0,98.0,45.0,8.0,5.0,3.0,2.0,5.0,10.0,0.6419753086419753,0.8666666666666667,,0.675,0.6190476190476191,0.6046511627906976,0.6274509803921569,0.08333333333333333,0.06976744186046512,0.20454545454545456,0.21428571428571427,0.04712041884816754,0.2111111111111111,0.18421052631578946,0.21428571428571427,0.6991869918699187,0.7558139534883721,0.8125,0.2682926829268293,0.48484848484848486,0.5517241379310345,0.6875,0.008130081300813009,,,,0.8837209302325582,,,,0.5782461538461537,0.30917874396135264,3.0700000000000007,24.0,12.0,,20.0,2.0,2.0,4.0,10.0,8.0,,,0.2222222222222222,0.6307692307692307,0.631578947368421,,14.0,24.0,,18.0,,1.0,2.0,3.0,,,0.5833333333333334,0.56,0.12121212121212122,,3.0,1.0,0.09375,1.0,1.0,,1.0,,0.023255813953488372,,,11.0,17.0,,1.0,0.20833333333333334,0.68,0.6470588235294118,0.04,,,,,,0.12121212121212122,False,,,,,,,,,1.0,,,,
1627763,1610612764,Malcolm Brogdon,Malcolm Brogdon,1627763,WAS,33844.0,564,-120,1175,1178,215.0,272,126,2353,2.0,5.0,14.0,51.0,7.0,16.0,56.0,81.0,305.0,1415,9.0,27.0,62.0,45.0,50.0,14.0,8.0,35.0,34.0,1.0,70.0,21.0,91.0,22.0,16.0,8.0,9.0,38.0,10.0,30.0,1.0,68.0,,92.0,35.0,10.0,5.0,4.0,5.0,3.0,,61.0,214.0,9.0,0.9375,0.2857142857142857,0.2909090909090909,0.4666666666666667,0.5391459074733096,0.5754716981132075,0.23333333333333334,24.111866969009824,0.5789473684210527,0.030303030303030304,0.125,0.12962962962962962,0.031007751937984496,0.12730627306273062,0.03832116788321168,0.041666666666666664,0.1328125,0.13170731707317074,0.6,0.020833333333333332,0.4,0.4,1.0,0.2125,0.27450980392156865,0.2857142857142857,0.9285714285714286,0.18421052631578946,0.5875,0.28,0.5389859832635981,0.5216283783783784,0.13653136531365315,0.1643192488262911,0.20327868852459016,26.64107142857143,0.1829787234042553,55.0,85.0,8.0,24.0,68.0,9.0,31.0,2.0,6.0,88.0,184.0,8.0,14.0,2.0,6.0,27.0,64.0,112.0,6.0,17.0,55.0,98.0,33.0,17.0,5.0,239.0,13.0,13.0,8.0,5.0,7.0,1.0,,0.36363636363636365,0.3764705882352941,0.3333333333333333,0.4782608695652174,0.5714285714285714,0.55,0.5869565217391305,0.09239130434782608,0.09411764705882353,0.04482758620689655,0.037037037037037035,0.02857142857142857,0.05952380952380952,0.2,0.12307692307692308,0.3541666666666667,0.6470588235294118,0.7142857142857143,0.2833333333333333,0.35294117647058826,0.4,0.5,0.12916666666666668,0.2903225806451613,0.3,0.3333333333333333,0.4,0.3,0.3333333333333333,1.0,0.5244111111111112,0.08852459016393442,6.922282608695651,5.0,5.0,3.0,43.0,12.0,13.0,6.0,1.0,6.0,2.0,1.0,0.05263157894736842,0.3090909090909091,0.625,1.0,16.0,29.0,1.0,31.0,,,6.0,1.0,5.0,0.1111111111111111,0.5517241379310345,0.4605263157894737,0.11764705882352941,0.14285714285714285,6.0,,0.05263157894736842,,,,,1.0,,,,9.0,11.0,,2.0,0.2,0.2894736842105263,0.8181818181818182,0.05263157894736842,,2.0,0.034482758620689655,,,0.03508771929824561,False,2.0,,,0.03571428571428571,,0.0392156862745098,,,,0.03225806451612903,,,
1628398,1610612764,Kyle Kuzma,Kyle Kuzma,1628398,WAS,53216.0,887,-403,1879,1890,297.0,334,214,3769,14.0,37.0,31.0,123.0,19.0,45.0,160.0,59.0,486.0,2279,23.0,20.0,53.0,102.0,122.0,31.0,12.0,100.0,46.0,12.0,158.0,27.0,185.0,40.0,33.0,10.0,21.0,73.0,25.0,52.0,1.0,80.0,4.0,98.0,41.0,9.0,6.0,2.0,7.0,5.0,1.0,53.0,296.0,9.0,0.7555555555555555,0.28125,0.2830188679245283,0.46923076923076923,0.48597194388777554,0.37857142857142856,0.3516483516483517,26.84185828249648,0.547945205479452,0.34285714285714286,0.1108433734939759,0.22371364653243847,0.025210084033613446,0.16937354988399073,0.02786377708978328,0.042105263157894736,0.11946902654867257,0.2222222222222222,0.7142857142857143,0.08131868131868132,0.3783783783783784,0.3783783783783784,0.9285714285714286,0.2703296703296703,0.25203252032520324,0.25203252032520324,0.6774193548387096,0.34545454545454546,0.6175824175824176,0.2540983606557377,0.5262273230088496,0.5008250000000001,0.08571428571428572,0.12462006079027356,0.10905349794238683,25.994375,0.15806279936136242,85.0,121.0,15.0,53.0,143.0,8.0,31.0,2.0,11.0,146.0,295.0,13.0,25.0,5.0,17.0,42.0,160.0,132.0,6.0,22.0,40.0,79.0,25.0,10.0,5.0,197.0,15.0,20.0,15.0,5.0,8.0,5.0,4.0,0.547945205479452,0.5594405594405595,0.29411764705882354,0.49491525423728816,0.52,0.4880952380952381,0.4666666666666667,0.07457627118644068,0.0743801652892562,0.030425963488843813,0.02666666666666667,0.02099737532808399,0.09448818897637795,0.11290322580645161,0.22807017543859648,0.26593406593406593,0.7024793388429752,0.7589285714285714,0.3142857142857143,0.3706293706293706,0.4076923076923077,0.4716981132075472,0.06813186813186813,0.25806451612903225,0.25806451612903225,0.375,0.35714285714285715,0.2619047619047619,0.18181818181818182,0.5,0.5330517241379311,0.08641975308641975,6.454915254237288,8.0,1.0,33.0,39.0,9.0,19.0,15.0,5.0,7.0,2.0,,0.03676470588235294,0.611764705882353,0.5333333333333333,3.0,12.0,32.0,3.0,30.0,,3.0,2.0,5.0,1.0,0.13043478260869565,0.375,0.3,0.09090909090909091,0.15789473684210525,8.0,4.0,0.03389830508474576,1.0,1.0,3.0,6.0,1.0,0.14285714285714285,0.5,0.6666666666666666,7.0,14.0,,4.0,0.625,0.2545454545454545,0.5,0.07272727272727272,,1.0,0.006211180124223602,,,0.014084507042253521,False,,,,,,,,3.0,,,,,1.0
1629673,1610612764,Jordan Poole,Jordan Poole,1629673,WAS,103704.0,1728,-482,3697,3663,733.0,785,405,7360,15.0,44.0,182.0,479.0,116.0,197.0,523.0,211.0,1174.0,4389,124.0,84.0,312.0,351.0,476.0,182.0,14.0,70.0,81.0,3.0,154.0,28.0,182.0,112.0,69.0,12.0,43.0,181.0,73.0,175.0,5.0,255.0,,241.0,81.0,30.0,22.0,16.0,26.0,15.0,,310.0,730.0,27.0,0.5939086294416244,0.37667304015296366,0.37884615384615383,0.5332225913621262,0.5777998017839445,0.6352459016393442,0.5791805094130675,28.472055648836655,0.6187845303867403,0.034482758620689655,0.08920704845814978,0.0847457627118644,0.014522821576763486,0.08708189158016148,0.014737991266375546,0.005847953216374269,0.091796875,0.0768,0.5769230769230769,0.048726467331118496,0.3409090909090909,0.3488372093023256,1.0,0.530454042081949,0.37995824634655534,0.38396624472573837,0.5604395604395604,0.58,0.7873754152823921,0.38235294117647056,0.536728205128205,0.5243766666666666,0.09193054136874361,0.18040089086859687,0.2657580919931857,27.550478011472283,0.19826886664863402,126.0,188.0,13.0,45.0,141.0,15.0,51.0,12.0,37.0,186.0,380.0,13.0,26.0,15.0,44.0,77.0,134.0,238.0,6.0,54.0,173.0,262.0,119.0,45.0,9.0,613.0,13.0,79.0,62.0,17.0,23.0,10.0,6.0,0.3602150537634409,0.366120218579235,0.3409090909090909,0.48947368421052634,0.5,0.5071428571428571,0.5273972602739726,0.14210526315789473,0.1276595744680851,0.014976958525345621,0.011363636363636364,0.01639344262295082,0.09448818897637795,0.07042253521126761,0.10945273631840796,0.2081949058693245,0.6702127659574468,0.7682926829268293,0.15614617940199335,0.3191489361702128,0.39473684210526316,0.35555555555555557,0.05647840531561462,0.29411764705882354,0.3125,0.4,0.18571428571428572,0.5285714285714286,0.32432432432432434,0.6666666666666666,0.5229034090909092,0.065587734241908,6.255789473684209,8.0,6.0,240.0,89.0,24.0,69.0,31.0,6.0,12.0,11.0,,0.012875536480686695,0.35714285714285715,0.6153846153846154,46.0,39.0,76.0,50.0,65.0,5.0,11.0,10.0,19.0,18.0,0.4032258064516129,0.5131578947368421,0.57,0.19148936170212766,0.39655172413793105,11.0,3.0,0.024553571428571428,4.0,2.0,3.0,7.0,3.0,0.1,0.42857142857142855,1.0,27.0,38.0,4.0,8.0,0.375,0.19,0.7105263157894737,0.04,0.5,9.0,0.016981132075471698,1.0,0.0136986301369863,0.028985507246376812,False,6.0,2.0,1.0,0.011472275334608031,0.022727272727272728,0.010438413361169102,,,,0.058823529411764705,2.0,2.0,1.0
1630557,1610612764,Corey Kispert,Corey Kispert,1630557,WAS,96097.0,1602,-274,3358,3328,794.0,870,391,6686,21.0,57.0,99.0,273.0,64.0,120.0,330.0,75.0,705.0,4004,77.0,9.0,150.0,339.0,268.0,99.0,22.0,68.0,67.0,10.0,145.0,36.0,181.0,41.0,23.0,2.0,16.0,64.0,50.0,98.0,5.0,60.0,,88.0,32.0,4.0,14.0,3.0,14.0,7.0,1.0,149.0,791.0,1.0,0.9416666666666667,0.36363636363636365,0.36923076923076925,0.5575221238938053,0.5813953488372093,0.5687022900763359,0.584070796460177,17.455310199789697,0.640625,0.12195121951219512,0.08375,0.08553459119496855,0.028277634961439587,0.08463949843260188,0.023003194888178913,0.015748031496062992,0.06622516556291391,0.07370184254606366,0.5,0.10088495575221239,0.3684210526315789,0.38181818181818183,0.9047619047619048,0.4831858407079646,0.3626373626373626,0.36531365313653136,0.9494949494949495,0.512,0.8176991150442477,0.3694029850746269,0.5391321428571426,0.5394177685950412,0.06521739130434782,0.12167300380228137,0.2127659574468085,26.583030303030306,0.2364502680166766,91.0,132.0,15.0,44.0,100.0,,3.0,7.0,26.0,135.0,235.0,13.0,21.0,11.0,35.0,77.0,214.0,56.0,14.0,30.0,57.0,103.0,29.0,19.0,9.0,252.0,14.0,26.0,14.0,12.0,5.0,4.0,10.0,0.7925925925925926,0.8359375,0.3142857142857143,0.574468085106383,0.6190476190476191,0.5267857142857143,0.5859375,0.1276595744680851,0.11363636363636363,0.017789072426937738,0.02702702702702703,0.030721966205837174,0.11261261261261261,0.096,0.12121212121212122,0.2336283185840708,0.6893939393939394,0.7777777777777778,0.17699115044247787,0.44,0.5176470588235295,0.8181818181818182,0.005309734513274336,,,,0.26785714285714285,0.4642857142857143,0.2692307692307692,0.7142857142857143,0.5308499999999999,0.10921985815602837,4.648510638297873,11.0,18.0,21.0,46.0,15.0,25.0,12.0,1.0,4.0,5.0,1.0,0.014184397163120567,0.7802197802197802,0.7333333333333333,26.0,27.0,48.0,29.0,31.0,1.0,8.0,4.0,6.0,6.0,0.37662337662337664,0.5625,0.564,0.15,0.40625,3.0,2.0,0.011278195488721804,,,4.0,9.0,5.0,0.16071428571428573,0.4444444444444444,0.5,21.0,33.0,3.0,13.0,0.36363636363636365,0.264,0.6363636363636364,0.104,0.23076923076923078,7.0,0.020895522388059702,,,0.009523809523809525,False,4.0,,,0.012121212121212121,0.03508771929824561,0.007326007326007326,,,,,,2.0,
1630551,1610612764,Justin Champagnie,Justin Champagnie,1630551,WAS,54330.0,906,-158,1900,1928,438.0,462,248,3828,17.0,48.0,34.0,85.0,19.0,51.0,133.0,39.0,366.0,2257,28.0,16.0,87.0,150.0,84.0,34.0,24.0,68.0,71.0,19.0,158.0,74.0,232.0,23.0,16.0,2.0,8.0,39.0,42.0,82.0,4.0,38.0,,53.0,19.0,6.0,26.0,12.0,30.0,15.0,3.0,87.0,436.0,5.0,0.9803921568627451,0.38345864661654133,0.38636363636363635,0.592391304347826,0.6161616161616161,0.6214285714285714,0.48188405797101447,15.289821999087176,0.5897435897435898,0.41304347826086957,0.14489795918367346,0.14623655913978495,0.0486815415821501,0.14554973821989528,0.0765143464399575,0.06976744186046512,0.13409961685823754,0.16147308781869688,0.5,0.17391304347826086,0.3541666666666667,0.3617021276595745,1.0,0.3079710144927536,0.4,0.40476190476190477,0.9705882352941176,0.3064516129032258,0.8442028985507246,0.40476190476190477,0.5703783636363636,0.5617303278688526,0.07903780068728522,0.12179487179487179,0.23770491803278687,26.079699248120306,0.2305263157894737,73.0,100.0,33.0,14.0,41.0,,2.0,2.0,5.0,87.0,143.0,23.0,40.0,5.0,8.0,69.0,100.0,74.0,44.0,15.0,26.0,44.0,14.0,9.0,3.0,106.0,48.0,44.0,28.0,16.0,5.0,3.0,14.0,0.5747126436781609,0.7692307692307693,0.625,0.6083916083916084,0.575,0.6354166666666666,0.6509433962264151,0.1048951048951049,0.06,0.10714285714285714,0.1095890410958904,0.044226044226044224,0.1038961038961039,0.26666666666666666,0.09821428571428571,0.36231884057971014,0.73,0.776595744680851,0.14855072463768115,0.34146341463414637,0.4375,0.8571428571428571,0.007246376811594203,,,,0.6875,0.10416666666666667,0.4,1.0,0.5724434210526314,0.1885245901639344,3.3377622377622376,23.0,8.0,3.0,18.0,2.0,15.0,5.0,3.0,6.0,,,0.08733624454148471,0.5205479452054794,0.696969696969697,6.0,22.0,34.0,9.0,16.0,2.0,2.0,5.0,4.0,8.0,0.32142857142857145,0.6470588235294118,0.5725806451612904,0.21951219512195122,0.3157894736842105,6.0,,0.05084745762711865,4.0,3.0,3.0,3.0,1.0,0.0625,1.0,1.0,16.0,21.0,3.0,9.0,0.043478260869565216,0.3387096774193548,0.7619047619047619,0.14516129032258066,0.3333333333333333,4.0,0.02962962962962963,2.0,0.043478260869565216,0.1643835616438356,False,2.0,1.0,,0.015037593984962405,0.020833333333333332,0.011764705882352941,,2.0,,,,2.0,
1641731,1610612764,Bilal Coulibaly,Bilal Coulibaly,1641731,WAS,116853.0,1948,-587,4107,4126,837.0,994,443,8233,19.0,56.0,44.0,168.0,26.0,63.0,224.0,138.0,727.0,4959,37.0,41.0,150.0,171.0,168.0,44.0,47.0,115.0,70.0,18.0,203.0,91.0,294.0,79.0,46.0,9.0,30.0,125.0,53.0,139.0,4.0,143.0,1.0,185.0,97.0,8.0,38.0,16.0,41.0,22.0,,150.0,834.0,8.0,0.9047619047619048,0.28125,0.28125,0.4719551282051282,0.5163584637268848,0.5319148936170213,0.358974358974359,17.9027027027027,0.632,0.16981132075471697,0.07142857142857142,0.12221041445270989,0.04476190476190476,0.09630400832899531,0.045386533665835414,0.05056179775280899,0.04981549815498155,0.11815561959654179,0.5365853658536586,0.08974358974358974,0.3392857142857143,0.3392857142857143,0.9473684210526315,0.2692307692307692,0.2619047619047619,0.26506024096385544,0.8863636363636364,0.2184873949579832,0.6762820512820513,0.2619047619047619,0.5521075320512819,0.5559571428571429,0.13956834532374102,0.2059447983014862,0.2063273727647868,25.841071428571436,0.20379839298758218,139.0,198.0,34.0,46.0,146.0,15.0,56.0,4.0,17.0,200.0,400.0,24.0,45.0,5.0,20.0,74.0,204.0,196.0,36.0,44.0,91.0,200.0,49.0,33.0,9.0,509.0,44.0,78.0,55.0,23.0,19.0,4.0,21.0,0.51,0.5604395604395604,0.25,0.5,0.5333333333333333,0.4846153846153846,0.5,0.11,0.08585858585858586,0.04607329842931937,0.04966887417218543,0.04357798165137615,0.07394366197183098,0.14285714285714285,0.13360323886639677,0.3173076923076923,0.702020202020202,0.7679558011049724,0.23397435897435898,0.3150684931506849,0.38333333333333336,0.32608695652173914,0.08974358974358974,0.26785714285714285,0.2727272727272727,0.3333333333333333,0.5230769230769231,0.26153846153846155,0.23529411764705882,1.0,0.5415986842105264,0.10178817056396149,6.274249999999999,18.0,11.0,18.0,109.0,26.0,49.0,24.0,3.0,26.0,1.0,1.0,0.04878048780487805,0.5899280575539568,0.5294117647058824,6.0,41.0,82.0,9.0,83.0,5.0,4.0,9.0,3.0,21.0,0.24324324324324326,0.5,0.4579831932773109,0.1780821917808219,0.23076923076923078,24.0,3.0,0.07692307692307693,3.0,2.0,1.0,3.0,,0.046153846153846156,0.3333333333333333,1.0,31.0,46.0,3.0,11.0,0.1111111111111111,0.3865546218487395,0.6739130434782609,0.09243697478991597,0.2727272727272727,,,,,0.031055900621118012,False,2.0,1.0,,0.008928571428571428,,0.011904761904761904,,,,0.017857142857142856,,,
1642267,1610612764,Bub Carrington,Bub Carrington,1642267,WAS,115880.0,1931,-645,4046,4055,799.0,967,451,8101,19.0,54.0,87.0,259.0,51.0,106.0,313.0,53.0,611.0,4926,61.0,19.0,149.0,237.0,258.0,87.0,19.0,143.0,83.0,8.0,234.0,29.0,263.0,64.0,43.0,10.0,21.0,107.0,91.0,155.0,4.0,89.0,2.0,63.0,22.0,9.0,12.0,2.0,13.0,8.0,,147.0,797.0,8.0,0.7452830188679245,0.33865814696485624,0.33974358974358976,0.4946808510638298,0.5169779286926995,0.6651785714285714,0.5549645390070922,15.249780893952673,0.5981308411214953,0.08080808080808081,0.08663883089770355,0.15228966986155484,0.018590998043052837,0.1191354770690564,0.01414855987872663,0.02185792349726776,0.08092485549132948,0.15669515669515668,0.6153846153846154,0.09574468085106383,0.35185185185185186,0.35185185185185186,1.0,0.4592198581560284,0.3359073359073359,0.3372093023255814,0.6896551724137931,0.5,0.6808510638297872,0.3372093023255814,0.5182701957295374,0.5020735294117649,0.041379310344827586,0.08270676691729323,0.24386252045826515,26.21054313099041,0.19747899159663865,37.0,71.0,8.0,42.0,94.0,41.0,86.0,5.0,19.0,120.0,251.0,6.0,16.0,6.0,25.0,31.0,120.0,120.0,2.0,17.0,148.0,268.0,93.0,45.0,10.0,656.0,9.0,47.0,27.0,20.0,13.0,7.0,10.0,0.5,0.5042016806722689,0.24,0.47808764940239046,0.375,0.36585365853658536,0.3780487804878049,0.06772908366533864,0.09859154929577464,0.009404388714733543,0.01,0.017878426698450536,0.0821917808219178,0.11564625850340136,0.13924050632911392,0.12588652482269502,0.5211267605633803,0.578125,0.16666666666666666,0.44680851063829785,0.5,0.2619047619047619,0.1524822695035461,0.47674418604651164,0.47674418604651164,0.5365853658536586,0.1951219512195122,0.4634146341463415,0.2631578947368421,1.0,0.5144592592592594,0.05073649754500818,10.233067729083674,3.0,1.0,81.0,120.0,29.0,43.0,23.0,6.0,7.0,2.0,,0.00796812749003984,0.7297297297297297,0.375,22.0,23.0,41.0,28.0,91.0,3.0,8.0,14.0,10.0,10.0,0.45901639344262296,0.5609756097560976,0.6372549019607843,0.10638297872340426,0.43137254901960786,2.0,1.0,0.006369426751592357,1.0,,1.0,6.0,1.0,0.14634146341463414,0.16666666666666666,1.0,6.0,11.0,6.0,10.0,0.6666666666666666,0.10784313725490197,0.5454545454545454,0.09803921568627451,0.6,2.0,0.006369426751592357,1.0,0.011494252873563218,0.012903225806451613,False,1.0,1.0,3.0,0.003194888178913738,,0.003861003861003861,1.0,,,,1.0,1.0,
1642273,1610612764,Kyshawn George,Kyshawn George,1642273,WAS,98245.0,1637,-301,3412,3406,684.0,852,393,6818,25.0,71.0,79.0,250.0,46.0,104.0,321.0,63.0,519.0,4029,62.0,28.0,113.0,294.0,247.0,79.0,22.0,98.0,93.0,18.0,209.0,44.0,253.0,52.0,37.0,8.0,22.0,89.0,107.0,184.0,2.0,82.0,1.0,82.0,34.0,10.0,45.0,29.0,49.0,28.0,,113.0,679.0,9.0,0.9423076923076923,0.32398753894080995,0.3270440251572327,0.475,0.5,0.5231481481481481,0.66875,15.707620528771384,0.5842696629213483,0.21951219512195122,0.1150990099009901,0.11965811965811966,0.02570093457943925,0.1173939766441303,0.02607640994542147,0.047619047619047616,0.13392857142857142,0.12687813021702837,0.5714285714285714,0.14791666666666667,0.352112676056338,0.352112676056338,1.0,0.5208333333333334,0.316,0.32113821138211385,0.9240506329113924,0.5111111111111111,0.8604166666666667,0.31983805668016196,0.5421653684210528,0.5346117647058822,0.06692913385826772,0.18181818181818182,0.21772639691714837,26.47009345794393,0.20046893317702227,53.0,92.0,11.0,16.0,55.0,3.0,12.0,7.0,17.0,72.0,159.0,8.0,16.0,7.0,20.0,37.0,88.0,56.0,8.0,26.0,84.0,148.0,60.0,18.0,6.0,360.0,21.0,61.0,40.0,21.0,9.0,9.0,15.0,0.6111111111111112,0.6470588235294118,0.35,0.4528301886792453,0.5,0.5138888888888888,0.5,0.16352201257861634,0.11956521739130435,0.02648171500630517,0.0392156862745098,0.021156558533145273,0.08974358974358974,0.09523809523809523,0.1,0.19166666666666668,0.5760869565217391,0.654320987654321,0.11458333333333333,0.2909090909090909,0.38095238095238093,0.5,0.025,0.25,0.3,0.3333333333333333,0.3055555555555556,0.4722222222222222,0.4117647058823529,0.5714285714285714,0.5139770833333334,0.07129094412331406,5.10880503144654,8.0,,18.0,64.0,9.0,30.0,14.0,9.0,6.0,1.0,1.0,0.016786570743405275,0.660377358490566,0.7272727272727273,13.0,11.0,28.0,21.0,55.0,3.0,7.0,9.0,5.0,17.0,0.3387096774193548,0.39285714285714285,0.4722222222222222,0.23636363636363636,0.2826086956521739,8.0,,0.029850746268656716,4.0,4.0,,3.0,3.0,0.08333333333333333,,,10.0,16.0,8.0,16.0,0.375,0.17777777777777778,0.625,0.17777777777777778,0.5,,,1.0,0.015873015873015872,0.03305785123966942,False,4.0,,4.0,0.012461059190031152,,0.016,,,,0.16666666666666666,,,
1642259,1610612764,Alex Sarr,Alex Sarr,1642259,WAS,82725.0,1379,-418,2943,2959,477.0,546,311,5902,18.0,45.0,62.0,203.0,33.0,80.0,248.0,78.0,628.0,3478,36.0,28.0,124.0,234.0,203.0,62.0,36.0,95.0,136.0,14.0,245.0,95.0,340.0,50.0,25.0,6.0,23.0,75.0,76.0,119.0,4.0,84.0,,121.0,56.0,7.0,79.0,40.0,79.0,51.0,6.0,124.0,475.0,7.0,0.975,0.3225806451612903,0.3225806451612903,0.4590984974958264,0.47938931297709925,0.5961538461538461,0.41402337228714525,22.081064730792498,0.6666666666666666,0.1891891891891892,0.19290780141843972,0.13728323699421965,0.044444444444444446,0.16535433070866143,0.06324900133155792,0.04895104895104895,0.21525885558583105,0.12180746561886051,0.6455696202531646,0.07512520868113523,0.4,0.4090909090909091,1.0,0.33889816360601,0.3054187192118227,0.3069306930693069,0.967741935483871,0.38372093023255816,0.666110183639399,0.3054187192118227,0.5312656928213689,0.5468261627906976,0.08641975308641975,0.14,0.19745222929936307,25.83870967741935,0.1620795107033639,100.0,151.0,42.0,44.0,173.0,11.0,27.0,7.0,23.0,155.0,351.0,32.0,63.0,7.0,27.0,108.0,228.0,82.0,42.0,28.0,71.0,119.0,48.0,17.0,6.0,286.0,59.0,33.0,26.0,7.0,3.0,9.0,39.0,0.7354838709677419,0.8507462686567164,0.25925925925925924,0.4415954415954416,0.5079365079365079,0.4722222222222222,0.5346534653465347,0.07977207977207977,0.10596026490066225,0.08526011560693642,0.12987012987012986,0.043478260869565216,0.1589958158995816,0.1919191919191919,0.18032786885245902,0.25208681135225375,0.6622516556291391,0.7407407407407407,0.2888146911519199,0.2543352601156069,0.2732919254658385,0.75,0.045075125208681135,0.4074074074074074,0.4074074074074074,0.9090909090909091,0.4666666666666667,0.25555555555555554,0.30434782608695654,0.8571428571428571,0.5554968253968253,0.17197452229299362,6.007692307692307,24.0,23.0,6.0,48.0,7.0,27.0,9.0,7.0,7.0,,,0.06868131868131869,0.71,0.5714285714285714,12.0,30.0,50.0,12.0,41.0,2.0,1.0,13.0,1.0,4.0,0.3333333333333333,0.6,0.5581395348837209,0.06936416184971098,0.36363636363636365,14.0,2.0,0.04229607250755287,,,,4.0,,0.044444444444444446,,,24.0,30.0,,3.0,0.16666666666666666,0.3488372093023256,0.8,0.03488372093023256,,,,,,0.041237113402061855,False,2.0,,1.0,0.008064516129032258,0.022222222222222223,0.0049261083743842365,,,,,,,
1642358,1610612764,AJ Johnson,AJ Johnson,1642358,WAS,4279.0,71,5,145,146,39.0,56,25,291,1.0,1.0,1.0,10.0,6.0,2.0,11.0,4.0,22.0,178,6.0,1.0,5.0,6.0,8.0,1.0,,3.0,3.0,,6.0,1.0,7.0,1.0,1.0,,1.0,2.0,5.0,7.0,,3.0,,4.0,3.0,,,,,,,5.0,39.0,,1.0,0.18181818181818182,0.2222222222222222,0.45,0.5238095238095238,0.3125,0.55,13.218390804597702,0.5,,0.08571428571428572,0.07317073170731707,,0.07894736842105263,0.013157894736842105,,0.15384615384615385,0.08333333333333333,,0.05,1.0,1.0,1.0,0.5,0.1,0.1,1.0,0.75,0.9,0.125,0.5573055555555556,0.5095416666666667,0.14285714285714285,0.3,0.22727272727272727,29.709090909090904,0.2689655172413793,4.0,7.0,,2.0,2.0,,,,2.0,6.0,9.0,,,,2.0,,6.0,6.0,,,7.0,15.0,6.0,,1.0,38.0,1.0,3.0,3.0,,,,,0.5,0.5,,0.6666666666666666,,,,,,0.02702702702702703,,,0.0625,,,0.35,0.5714285714285714,0.5714285714285714,0.1,1.0,1.0,0.5,,,,,,1.0,,,,,2.711111111111111,,,,8.0,1.0,,,,2.0,,,0.1111111111111111,0.5,,,2.0,2.0,,7.0,,1.0,,,1.0,,1.0,0.25,,,,,,,,,,2.0,,,,1.0,1.0,,,,0.125,1.0,,,,,,,,False,,,,,,,,,,,,,
1630215,1610612764,Jared Butler,Jared Butler,1630215,WAS,21718.0,362,-39,760,762,258.0,284,112,1522,2.0,5.0,13.0,36.0,11.0,15.0,41.0,35.0,220.0,880,11.0,21.0,84.0,33.0,36.0,13.0,2.0,11.0,15.0,1.0,27.0,14.0,41.0,23.0,6.0,,5.0,29.0,21.0,40.0,,37.0,1.0,45.0,21.0,7.0,5.0,3.0,5.0,2.0,,84.0,258.0,5.0,0.7333333333333333,0.36585365853658536,0.36585365853658536,0.5255681818181818,0.5706806282722513,0.6384615384615384,0.23295454545454544,24.52407614781635,0.7931034482758621,0.043478260869565216,0.08928571428571429,0.0582010582010582,0.011560693641618497,0.07282913165266107,0.035623409669211195,,0.06382978723404255,0.06293706293706294,0.4,0.028409090909090908,0.4,0.4,1.0,0.20454545454545456,0.3611111111111111,0.3611111111111111,0.6923076923076923,0.2037037037037037,0.5284090909090909,0.3611111111111111,0.4998757142857142,0.47619444444444453,0.11413043478260869,0.14685314685314685,0.38181818181818183,26.73170731707317,0.3394736842105263,38.0,52.0,8.0,25.0,69.0,7.0,14.0,2.0,7.0,70.0,135.0,8.0,15.0,2.0,7.0,25.0,32.0,108.0,8.0,22.0,56.0,82.0,33.0,19.0,4.0,190.0,12.0,12.0,7.0,5.0,3.0,1.0,2.0,0.22857142857142856,0.24242424242424243,0.2857142857142857,0.5185185185185185,0.5333333333333333,0.5,0.5434782608695652,0.16296296296296298,0.07692307692307693,0.05454545454545454,0.030303030303030304,0.014814814814814815,0.16981132075471697,,0.043478260869565216,0.29545454545454547,0.7307692307692307,0.7916666666666666,0.39204545454545453,0.36231884057971014,0.4716981132075472,0.12,0.07954545454545454,0.5,0.5833333333333334,0.2857142857142857,0.36363636363636365,0.3181818181818182,0.2857142857142857,1.0,0.52340625,0.11363636363636363,6.417037037037038,6.0,3.0,12.0,26.0,9.0,18.0,6.0,,13.0,3.0,,0.07633587786259542,0.2894736842105263,0.75,5.0,24.0,43.0,5.0,17.0,,,1.0,1.0,6.0,0.45454545454545453,0.5581395348837209,0.5833333333333334,0.2318840579710145,0.45454545454545453,4.0,1.0,0.05970149253731343,,,,,,,,,13.0,17.0,,,0.3333333333333333,0.3148148148148148,0.7647058823529411,,,,,,,,False,,,,,,,1.0,,,0.14285714285714285,,,
1629667,1610612764,Jalen McDaniels,Jalen McDaniels,1629667,WAS,439.0,7,-1,14,18,14.0,17,1,32,,,,,,,,,,14,,,,,,,,,,,,,,,,,,,,,,,,,,,,,,,,,14.0,,,,,,,,,,,,,,,,,,,,,,,,,,,,,,,,,,,,,,1.0,,,,,,,,,,,,,,,,,,,,,,1.0,,,,3.0,,1.0,,1.0,,,,,,,,,,,,,,,,,,,,,,,,,,,,,,,,,,,,,,,,1.0,1.0,,,,,,,,,,,,,,,,,,,,,,,,,,,,,,,,,,,,,,,,,,,,,,,,,,False,,,,,,,,,,,,,
203935,1610612764,Marcus Smart,Marcus Smart,203935,WAS,10685.0,178,-32,369,379,111.0,131,48,748,7.0,11.0,6.0,22.0,8.0,13.0,33.0,17.0,98.0,428,11.0,12.0,38.0,36.0,22.0,6.0,3.0,8.0,7.0,,15.0,3.0,18.0,6.0,6.0,,3.0,12.0,8.0,18.0,1.0,23.0,1.0,23.0,5.0,7.0,1.0,,1.0,1.0,,37.0,110.0,6.0,0.9230769230769231,0.3939393939393939,0.3939393939393939,0.5547945205479452,0.5833333333333334,0.7037037037037037,0.4520547945205479,22.802850356294538,0.5,,0.06862745098039216,0.0963855421686747,0.030927835051546393,0.08108108108108109,0.016216216216216217,,0.07142857142857142,0.08955223880597014,1.0,0.1506849315068493,0.6363636363636364,0.6363636363636364,1.0,0.3013698630136986,0.2727272727272727,0.2727272727272727,0.8333333333333334,0.42105263157894735,0.5753424657534246,0.2727272727272727,0.5021753424657533,0.5117657894736842,0.06493506493506493,0.11363636363636363,0.3877551020408163,25.55757575757576,0.3008130081300813,7.0,9.0,2.0,12.0,28.0,2.0,3.0,,2.0,21.0,40.0,2.0,4.0,,2.0,5.0,14.0,28.0,2.0,,12.0,26.0,8.0,3.0,1.0,66.0,,9.0,6.0,3.0,2.0,3.0,1.0,0.3333333333333333,0.35,,0.525,0.5,0.3333333333333333,0.35714285714285715,,,,,0.0410958904109589,0.05555555555555555,0.1,0.125,0.1232876712328767,0.7777777777777778,0.7777777777777778,0.3835616438356164,0.42857142857142855,0.42857142857142855,0.25,0.0410958904109589,0.6666666666666666,0.6666666666666666,,0.3333333333333333,0.3333333333333333,,,0.5783699999999999,0.05102040816326531,7.0649999999999995,1.0,1.0,3.0,14.0,7.0,3.0,4.0,2.0,1.0,,,,0.5714285714285714,0.5,3.0,4.0,8.0,6.0,7.0,,,1.0,4.0,2.0,0.5454545454545454,0.5,0.6842105263157895,,0.375,,,,,,,,,,,,3.0,3.0,3.0,3.0,1.0,0.15789473684210525,1.0,0.15789473684210525,1.0,,,,,,False,,,,,,,,,,,,,
1630264,1610612764,Anthony Gill,Anthony Gill,1630264,WAS,13893.0,232,-31,485,496,177.0,209,69,981,3.0,10.0,4.0,8.0,3.0,7.0,18.0,19.0,76.0,549,6.0,18.0,42.0,21.0,8.0,4.0,4.0,19.0,7.0,2.0,28.0,7.0,35.0,3.0,3.0,1.0,1.0,6.0,13.0,19.0,2.0,21.0,,31.0,13.0,3.0,2.0,1.0,2.0,2.0,,42.0,177.0,3.0,1.0,0.3888888888888889,0.3888888888888889,0.59375,0.6229508196721312,0.75,0.375,11.964285714285715,0.5,0.2222222222222222,0.07608695652173914,0.13768115942028986,0.034782608695652174,0.11304347826086956,0.03017241379310345,0.08,0.07547169811320754,0.1388888888888889,1.0,0.20833333333333334,0.3,0.3,1.0,0.16666666666666666,0.5,0.5,1.0,0.16666666666666666,0.6666666666666666,0.5,0.5226697916666667,0.4687388888888889,0.22413793103448276,0.325,0.5526315789473685,24.65555555555556,0.3649484536082474,10.0,14.0,2.0,8.0,15.0,,1.0,1.0,3.0,18.0,30.0,2.0,2.0,1.0,3.0,12.0,24.0,12.0,4.0,4.0,5.0,8.0,4.0,1.0,,19.0,3.0,6.0,3.0,3.0,1.0,1.0,1.0,0.6666666666666666,0.75,0.3333333333333333,0.6,1.0,0.7,0.75,0.13333333333333333,,0.02564102564102564,0.05714285714285714,0.022222222222222223,0.10344827586206896,,0.13333333333333333,0.2916666666666667,0.7142857142857143,0.7142857142857143,0.3125,0.5333333333333333,0.6666666666666666,0.625,0.020833333333333332,,,,0.4,0.6,0.3333333333333333,1.0,0.5017874999999999,0.15789473684210525,4.920000000000001,2.0,5.0,,3.0,1.0,2.0,,3.0,3.0,,,0.014705882352941176,0.7,1.0,2.0,6.0,12.0,4.0,2.0,,,,2.0,,0.6666666666666666,0.5,0.6666666666666666,0.2,0.6666666666666666,1.0,,0.05263157894736842,,,,,,,,,2.0,3.0,2.0,3.0,,0.16666666666666666,0.6666666666666666,0.16666666666666666,0.6666666666666666,,,,,,False,,,,,,,,,,1.0,,,
203114,1610612764,Khris Middleton,Khris Middleton,203114,WAS,14411.0,240,20,520,516,127.0,129,55,1036,,5.0,9.0,32.0,9.0,9.0,37.0,27.0,120.0,571,10.0,4.0,21.0,27.0,31.0,9.0,2.0,18.0,16.0,2.0,36.0,7.0,43.0,10.0,6.0,1.0,3.0,16.0,8.0,19.0,,26.0,4.0,31.0,13.0,3.0,3.0,2.0,3.0,3.0,,21.0,125.0,2.0,1.0,0.24324324324324326,0.25,0.484375,0.5504587155963303,0.4375,0.3854166666666667,21.477663230240548,0.625,0.11764705882352941,0.11851851851851852,0.16216216216216217,0.015503875968992248,0.13821138211382114,0.029288702928870293,0.037037037037037035,0.12,0.14772727272727273,1.0,0.052083333333333336,,,,0.3333333333333333,0.28125,0.2903225806451613,1.0,0.4090909090909091,0.4791666666666667,0.2903225806451613,0.49029315789473676,0.4769738095238096,0.14150943396226415,0.18840579710144928,0.175,27.102702702702697,0.24423076923076922,7.0,9.0,1.0,15.0,30.0,11.0,20.0,2.0,4.0,33.0,59.0,5.0,7.0,2.0,4.0,19.0,30.0,36.0,6.0,3.0,22.0,41.0,19.0,2.0,1.0,101.0,5.0,15.0,12.0,3.0,2.0,1.0,1.0,0.45454545454545453,0.5,0.5,0.559322033898305,0.7142857142857143,0.7272727272727273,0.7916666666666666,0.05084745762711865,,0.045454545454545456,0.023809523809523808,0.00980392156862745,0.10869565217391304,0.14285714285714285,0.21739130434782608,0.09375,0.7777777777777778,0.7777777777777778,0.3125,0.5,0.5357142857142857,0.3333333333333333,0.20833333333333334,0.55,0.5789473684210527,0.36363636363636365,0.09090909090909091,0.36363636363636365,0.5,1.0,0.46288999999999997,0.15833333333333333,10.530508474576273,1.0,3.0,,19.0,7.0,7.0,4.0,,3.0,,,0.06521739130434782,0.8571428571428571,1.0,1.0,7.0,12.0,1.0,12.0,,,2.0,,2.0,0.1,0.5833333333333334,0.38636363636363635,0.06666666666666667,0.1111111111111111,1.0,,0.020833333333333332,,,,,1.0,,,,4.0,4.0,,1.0,,0.18181818181818182,1.0,0.045454545454545456,,2.0,0.05405405405405406,,,0.045454545454545456,False,2.0,,,0.05405405405405406,0.2,0.03125,,,,0.05,,2.0,
1631098,1610612764,Johnny Davis,Johnny Davis,1631098,WAS,14496.0,242,-26,517,526,203.0,247,70,1043,2.0,12.0,5.0,17.0,4.0,7.0,29.0,9.0,80.0,582,12.0,3.0,30.0,21.0,17.0,5.0,6.0,17.0,11.0,,28.0,10.0,38.0,3.0,4.0,2.0,,7.0,10.0,18.0,1.0,14.0,,15.0,6.0,1.0,6.0,3.0,6.0,4.0,,30.0,203.0,1.0,1.0,0.2413793103448276,0.2413793103448276,0.4551282051282051,0.4647058823529412,0.3815789473684211,0.3717948717948718,15.46218487394958,0.42857142857142855,,0.102803738317757,0.12142857142857143,0.05084745762711865,0.11336032388663968,0.03937007874015748,0.10714285714285714,0.10606060606060606,0.10810810810810811,0.6666666666666666,0.15384615384615385,0.16666666666666666,0.16666666666666666,1.0,0.21794871794871795,0.29411764705882354,0.29411764705882354,1.0,0.1111111111111111,0.6923076923076923,0.29411764705882354,0.5393679487179488,0.5263875,0.07142857142857142,0.10909090909090909,0.375,25.265517241379307,0.39264990328820115,16.0,25.0,4.0,7.0,21.0,2.0,3.0,1.0,3.0,25.0,49.0,3.0,6.0,1.0,4.0,9.0,34.0,16.0,2.0,3.0,6.0,11.0,4.0,1.0,1.0,27.0,4.0,15.0,9.0,6.0,,,2.0,0.68,0.7083333333333334,0.25,0.5102040816326531,0.5,0.45,0.45,0.061224489795918366,0.08,0.029411764705882353,0.027777777777777776,0.03333333333333333,0.11764705882352941,,0.1724137931034483,0.32051282051282054,0.64,0.6956521739130435,0.2692307692307692,0.3333333333333333,0.35,0.7142857142857143,0.038461538461538464,0.6666666666666666,0.6666666666666666,0.5,0.4,0.3,0.3333333333333333,1.0,0.5695666666666667,0.1125,5.422448979591835,2.0,,,5.0,1.0,3.0,4.0,1.0,,1.0,1.0,0.03529411764705882,0.6875,0.5,2.0,9.0,24.0,3.0,4.0,,2.0,1.0,2.0,2.0,0.25,0.375,0.375,0.047619047619047616,0.5,2.0,,0.046511627906976744,,,,1.0,,0.1,,,7.0,9.0,1.0,8.0,0.5,0.25,0.7777777777777778,0.2222222222222222,0.125,,,,,,False,,,,,,,,,,,,,
1631116,1610612764,Patrick Baldwin Jr.,Patrick Baldwin Jr.,1631116,WAS,6034.0,101,34,216,215,120.0,110,37,431,3.0,4.0,8.0,17.0,10.0,11.0,21.0,2.0,47.0,222,12.0,1.0,29.0,33.0,17.0,8.0,1.0,9.0,8.0,,17.0,5.0,22.0,5.0,,,3.0,5.0,4.0,5.0,,3.0,,4.0,1.0,1.0,2.0,,2.0,2.0,,29.0,120.0,1.0,1.0,0.5238095238095238,0.5238095238095238,0.6818181818181818,0.6714285714285714,0.6904761904761905,0.6363636363636364,15.325670498084293,1.0,,0.19047619047619047,0.16666666666666666,0.020833333333333332,0.17708333333333334,0.03508771929824561,0.06666666666666667,0.18518518518518517,0.1951219512195122,1.0,0.12121212121212122,0.75,0.75,1.0,0.5151515151515151,0.47058823529411764,0.47058823529411764,1.0,0.5,0.9393939393939394,0.47058823529411764,0.530289393939394,0.5357675,0.029411764705882353,0.07692307692307693,0.6170212765957447,26.06666666666667,0.5555555555555556,6.0,10.0,4.0,,2.0,,,1.0,1.0,6.0,12.0,1.0,4.0,1.0,1.0,5.0,10.0,2.0,,2.0,2.0,2.0,1.0,1.0,,4.0,3.0,3.0,3.0,,,,2.0,0.8333333333333334,0.8333333333333334,1.0,0.5,0.25,0.5,0.5,0.16666666666666666,0.1,0.045454545454545456,0.09523809523809523,,0.25,,0.07692307692307693,0.30303030303030304,0.6,0.6666666666666666,0.06060606060606061,,,,,,,,0.8,0.2,1.0,1.0,0.45933333333333337,0.10638297872340426,2.6999999999999997,1.0,,,,,2.0,3.0,,,,,0.025,0.8333333333333334,0.25,4.0,5.0,8.0,6.0,,,,2.0,,,0.5,0.625,0.7,0.5,0.4,1.0,,0.07142857142857142,,,,,,,,,5.0,6.0,2.0,2.0,,0.3,0.8333333333333334,0.1,1.0,,,1.0,0.07142857142857142,,False,,,,,,,,,,,,,
1641774,1610612764,Tristan Vukcevic,Tristan Vukcevic,1641774,WAS,12621.0,210,-20,439,434,177.0,154,50,873,1.0,5.0,14.0,44.0,18.0,15.0,49.0,21.0,128.0,511,19.0,8.0,50.0,45.0,42.0,14.0,5.0,15.0,28.0,3.0,46.0,14.0,60.0,9.0,7.0,,6.0,16.0,18.0,28.0,5.0,28.0,4.0,27.0,15.0,1.0,8.0,5.0,8.0,5.0,1.0,50.0,177.0,1.0,1.0,0.30612244897959184,0.3191489361702128,0.5515463917525774,0.5925925925925926,0.6410256410256411,0.5051546391752577,25.0,0.5625,0.2727272727272727,0.2616822429906542,0.13392857142857142,0.041666666666666664,0.1963470319634703,0.06481481481481481,0.037037037037037035,0.2777777777777778,0.12790697674418605,0.625,0.05154639175257732,0.2,0.2,1.0,0.4536082474226804,0.3181818181818182,0.3181818181818182,1.0,0.5294117647058824,0.7628865979381443,0.3333333333333333,0.5204521052631579,0.535109375,0.14018691588785046,0.25862068965517243,0.390625,27.224489795918373,0.4031890660592255,19.0,25.0,7.0,8.0,17.0,4.0,6.0,,2.0,31.0,48.0,7.0,8.0,1.0,3.0,22.0,44.0,18.0,12.0,2.0,9.0,18.0,4.0,2.0,3.0,45.0,9.0,6.0,5.0,1.0,4.0,2.0,3.0,0.7096774193548387,0.88,0.3333333333333333,0.6458333333333334,0.875,0.7727272727272727,0.7857142857142857,0.041666666666666664,0.04,0.09375,0.15789473684210525,0.043010752688172046,0.2608695652173913,0.16666666666666666,0.15384615384615385,0.25773195876288657,0.76,0.7916666666666666,0.17525773195876287,0.47058823529411764,0.5,0.875,0.061855670103092786,0.6666666666666666,0.6666666666666666,0.75,0.6363636363636364,0.18181818181818182,,,0.6084714285714286,0.171875,6.116666666666666,6.0,5.0,,9.0,,3.0,5.0,2.0,5.0,,,0.058823529411764705,0.631578947368421,0.8571428571428571,6.0,12.0,15.0,6.0,9.0,,1.0,2.0,1.0,1.0,0.3157894736842105,0.8,0.6176470588235294,0.058823529411764705,0.3333333333333333,2.0,,0.0425531914893617,,,1.0,1.0,2.0,0.09090909090909091,1.0,1.0,8.0,11.0,,1.0,,0.3235294117647059,0.7272727272727273,0.029411764705882353,,,,,,,False,,,1.0,,,,1.0,,,,,,
202685,1610612764,Jonas Valančiūnas,Jonas Valančiūnas,202685,WAS,58952.0,983,-328,2053,2043,404.0,563,244,4096,,1.0,7.0,26.0,3.0,7.0,27.0,95.0,564.0,2534,4.0,37.0,114.0,21.0,26.0,7.0,35.0,117.0,151.0,16.0,284.0,120.0,404.0,47.0,41.0,8.0,17.0,88.0,49.0,97.0,11.0,110.0,,106.0,50.0,8.0,28.0,14.0,28.0,17.0,1.0,114.0,404.0,7.0,1.0,0.25925925925925924,0.25925925925925924,0.5556872037914692,0.6,0.6627906976744186,0.06398104265402843,23.86655260906758,0.5340909090909091,0.3333333333333333,0.3363028953229399,0.23975409836065573,0.07990867579908675,0.28601921024546423,0.12280701754385964,0.08450704225352113,0.3497942386831276,0.2612359550561798,0.6071428571428571,0.002369668246445498,,,,0.061611374407582936,0.2692307692307692,0.2692307692307692,1.0,0.04477611940298507,0.45734597156398105,0.2692307692307692,0.5054689573459713,0.5099238805970149,0.10822510822510822,0.11494252873563218,0.20212765957446807,25.92592592592593,0.19678519240136386,113.0,166.0,89.0,84.0,172.0,27.0,57.0,,2.0,224.0,395.0,65.0,117.0,,2.0,148.0,260.0,188.0,86.0,24.0,66.0,108.0,39.0,20.0,7.0,258.0,84.0,22.0,18.0,4.0,7.0,20.0,14.0,0.5803571428571429,0.7182320441988951,,0.5670886075949367,0.5555555555555556,0.5462184873949579,0.578125,0.060759493670886074,0.06626506024096386,0.15819209039548024,0.22151898734177214,0.07901907356948229,0.2966101694915254,0.3522727272727273,0.18181818181818182,0.3933649289099526,0.6807228915662651,0.7290322580645161,0.4075829383886256,0.4883720930232558,0.5283018867924528,0.6904761904761905,0.13507109004739337,0.47368421052631576,0.47368421052631576,0.8148148148148148,0.7478991596638656,0.01680672268907563,,,0.5523061855670104,0.2624113475177305,6.571898734177212,51.0,18.0,,42.0,3.0,30.0,17.0,22.0,10.0,,,0.14285714285714285,0.4424778761061947,0.5730337078651685,1.0,37.0,63.0,1.0,39.0,,1.0,8.0,1.0,7.0,0.25,0.5873015873015873,0.5746268656716418,0.0755813953488372,0.3333333333333333,24.0,1.0,0.14457831325301204,,,,,,,,,19.0,27.0,,1.0,0.11764705882352941,0.40298507462686567,0.7037037037037037,0.014925373134328358,,,,1.0,0.030303030303030304,0.1,False,,,2.0,,,,,2.0,1.0,,,,
1628963,1610612764,Marvin Bagley III,Marvin Bagley III,1628963,WAS,9989.0,166,-26,352,352,112.0,115,49,704,,2.0,2.0,8.0,2.0,2.0,10.0,15.0,93.0,392,3.0,6.0,30.0,6.0,8.0,2.0,11.0,11.0,16.0,2.0,29.0,27.0,56.0,7.0,4.0,1.0,3.0,11.0,9.0,12.0,,20.0,1.0,23.0,12.0,1.0,5.0,3.0,5.0,2.0,,30.0,112.0,1.0,1.0,0.2,0.2,0.5492957746478874,0.5740740740740741,0.625,0.14084507042253522,22.062350119904078,0.6363636363636364,0.16666666666666666,0.20253164556962025,0.11956521739130435,0.12790697674418605,0.15789473684210525,0.14361702127659576,0.15,0.20833333333333334,0.12,0.4,0.028169014084507043,,,,0.11267605633802817,0.25,0.25,1.0,0.09523809523809523,0.6901408450704225,0.25,0.5687147887323944,0.5875404761904761,0.15,0.17142857142857143,0.3225806451612903,26.32,0.3181818181818182,29.0,39.0,18.0,6.0,20.0,1.0,2.0,,1.0,36.0,61.0,14.0,21.0,,1.0,29.0,34.0,38.0,22.0,3.0,4.0,7.0,3.0,,1.0,17.0,16.0,7.0,5.0,2.0,2.0,,2.0,0.4722222222222222,0.68,,0.5901639344262295,0.6666666666666666,0.6363636363636364,0.6041666666666666,0.04918032786885246,0.05128205128205128,0.1568627450980392,0.32142857142857145,0.12121212121212122,0.23809523809523808,0.1,0.11764705882352941,0.5492957746478874,0.7435897435897436,0.7837837837837838,0.28169014084507044,0.3,0.3157894736842105,0.8333333333333334,0.028169014084507043,0.5,0.5,1.0,0.8181818181818182,0.045454545454545456,,,0.5887535714285714,0.3118279569892473,4.055737704918032,13.0,1.0,,3.0,,4.0,4.0,1.0,3.0,,,0.0967741935483871,0.3793103448275862,0.7222222222222222,,12.0,18.0,,3.0,1.0,,3.0,,2.0,,0.6666666666666666,0.5714285714285714,0.05,,5.0,,0.16666666666666666,,,,,,,,,9.0,11.0,,1.0,,0.5238095238095238,0.8181818181818182,0.047619047619047616,,,,,,0.08333333333333333,False,,,,,,,,,,,,,
1630550,1610612764,JT Thor,JT Thor,1630550,WAS,488.0,8,4,16,16,4.0,16,4,32,,1.0,1.0,1.0,,1.0,2.0,,3.0,9,,,,3.0,1.0,1.0,3.0,,1.0,1.0,2.0,3.0,5.0,,,,,,,1.0,,,,,,,,,,,,,4.0,,1.0,0.5,0.5,0.5,0.5,,0.6666666666666666,14.285714285714286,,0.5,0.2,,0.2727272727272727,0.08333333333333333,0.2,0.5,0.5,,,0.3333333333333333,,,,0.3333333333333333,1.0,1.0,1.0,,1.0,1.0,0.6323833333333333,0.7693,,,,24.0,0.25,,1.0,1.0,,,,,,,,1.0,,1.0,,,,,,,,,,,,,,,,,,,,,,,,,,,,,,,,0.2222222222222222,,,,0.3333333333333333,,,,,,,,,,,1.0,,,,,,,,,,,,,,,,,,,,,,,1.0,,,,,,,1.0,,,,,,,,,,,,,,,,,,1.0,,,,1.0,,,,,,,,,False,,,,,,,,,,,,,
1641798,1610612764,Jaylen Martin,Jaylen Martin,1641798,WAS,617.0,10,-4,20,18,7.0,10,6,38,,,1.0,2.0,,1.0,2.0,,5.0,14,,,,3.0,2.0,1.0,,4.0,,,4.0,1.0,5.0,,,,,,,,,1.0,,,,,,,,,,,7.0,,1.0,0.5,0.5,0.35714285714285715,0.35714285714285715,,0.2857142857142857,24.999999999999996,,,,0.5,,0.5,0.047619047619047616,,,0.6,,,,,,0.2857142857142857,0.5,0.5,1.0,,0.7142857142857143,0.5,0.5500285714285714,0.4307,,,,25.7,0.35,1.0,3.0,1.0,,2.0,,,1.0,2.0,1.0,5.0,,1.0,1.0,2.0,3.0,2.0,,,,,,,,,,1.0,,,,,,,1.0,1.0,0.5,0.2,,0.5,0.5,,,0.1111111111111111,,,,,0.3333333333333333,0.42857142857142855,0.3333333333333333,0.3333333333333333,0.2857142857142857,,,,,,,,0.3333333333333333,0.6666666666666666,0.5,1.0,0.4378,0.6,6.14,,,,,,,,1.0,,,,0.25,1.0,,,,2.0,,,,,,,,,,,,,,,,,,,,,,,,,1.0,,,,0.5,,,,,,,,,False,,,,,,,,,,,,,
