EntityId,TeamId,Name,ShortName,RowId,TeamAbbreviation,SecondsPlayed,Minutes,PlusMinus,OffPoss,DefPoss,PenaltyOffPoss,PenaltyDefPoss,SecondChanceOffPoss,TotalPoss,AtRimFGM,AtRimFGA,SecondChanceAtRimFGM,SecondChanceAtRimFGA,PenaltyAtRimFGA,ShortMidRangeFGM,ShortMidRangeFGA,LongMidRangeFGM,LongMidRangeFGA,Corner3FGA,Arc3FGM,Arc3FGA,SecondChanceArc3FGM,SecondChanceArc3FGA,PenaltyArc3FGA,FG2M,FG2A,FG3M,FG3A,FtPoints,Points,OpponentPoints,SecondChanceFG2M,SecondChanceFG2A,SecondChanceFG3M,SecondChanceFG3A,SecondChancePoints,PenaltyFG2M,PenaltyFG2A,PenaltyFG3A,PenaltyFtPoints,PenaltyPoints,PtsAssisted2s,PtsUnassisted2s,PtsAssisted3s,PtsUnassisted3s,PtsPutbacks,NonHeaveArc3FGA,NonHeaveArc3FGM,Fg2aBlocked,Fg3aBlocked,TwoPtAssists,ThreePtAssists,Assists,Arc3Assists,Corner3Assists,AtRimAssists,ShortMidRangeAssists,LongMidRangeAssists,AssistPoints,OffThreePtRebounds,OffTwoPtRebounds,DefThreePtRebounds,DefTwoPtRebounds,DefRebounds,OffRebounds,Rebounds,SelfOReb,Steals,BadPassSteals,LostBallSteals,LiveBallTurnovers,BadPassOutOfBoundsTurnovers,BadPassTurnovers,DeadBallTurnovers,LostBallOutOfBoundsTurnovers,LostBallTurnovers,Turnovers,SecondChanceTurnovers,PenaltyTurnovers,ShootingFouls,Fouls,Offensive Fouls,FoulsDrawn,FTA,TwoPtShootingFoulsDrawn,ThreePtShootingFoulsDrawn,NonShootingFoulsDrawn,PenaltyPointsExcludingTakeFouls,PenaltyOffPossExcludingTakeFouls,NonShootingPenaltyNonTakeFoulsDrawn,Assisted2sPct,NonPutbacksAssisted2sPct,Assisted3sPct,Fg3Pct,SecondChanceFg3Pct,NonHeaveFg3Pct,Fg2Pct,SecondChanceFg2Pct,PenaltyFg2Pct,EfgPct,SecondChanceEfgPct,PenaltyEfgPct,TsPct,SecondChanceTsPct,PenaltyTsPct,FG3APct,FG3APctBlocked,FG2APctBlocked,AtRimPctBlocked,ShortMidRangePctBlocked,LongMidRangePctBlocked,Arc3PctBlocked,Usage,LiveBallTurnoverPct,DefTwoPtReboundPct,OffTwoPtReboundPct,DefThreePtReboundPct,OffThreePtReboundPct,DefFGReboundPct,OffFGReboundPct,OffAtRimReboundPct,OffShortMidRangeReboundPct,OffLongMidRangeReboundPct,OffCorner3ReboundPct,DefAtRimReboundPct,DefShortMidRangeReboundPct,DefLongMidRangeReboundPct,DefArc3ReboundPct,DefCorner3ReboundPct,SelfORebPct,AtRimFrequency,AtRimAccuracy,UnblockedAtRimAccuracy,AtRimPctAssisted,ShortMidRangeFrequency,ShortMidRangeAccuracy,UnblockedShortMidRangeAccuracy,ShortMidRangePctAssisted,LongMidRangeFrequency,LongMidRangeAccuracy,UnblockedLongMidRangeAccuracy,LongMidRangePctAssisted,Corner3Frequency,Arc3Frequency,Arc3Accuracy,UnblockedArc3Accuracy,Arc3PctAssisted,SecondChanceAtRimFrequency,SecondChanceAtRimAccuracy,SecondChanceAtRimPctAssisted,SecondChanceArc3Frequency,SecondChanceArc3Accuracy,SecondChanceArc3PctAssisted,PenaltyAtRimFrequency,PenaltyArc3Frequency,AtRimFG3AFrequency,NonHeaveArc3Accuracy,ShotQualityAvg,SecondChanceShotQualityAvg,PenaltyShotQualityAvg,ShootingFoulsDrawnPct,TwoPtShootingFoulsDrawnPct,ThreePtShootingFoulsDrawnPct,SecondChancePointsPct,PenaltyPointsPct,Avg2ptShotDistance,Avg3ptShotDistance,PenaltyOffPossPct,PenaltyAtRimFGM,Corner3FGM,SecondChanceCorner3FGM,SecondChanceCorner3FGA,PenaltyCorner3FGA,SecondChanceFtPoints,HeaveAttempts,FTDefRebounds,Travels,Charge Fouls,Charge Fouls Drawn,Loose Ball Fouls Drawn,2pt And 1 Free Throw Trips,Technical Free Throw Trips,Blocked2s,BlockedAtRim,Blocks,RecoveredBlocks,DefFTReboundPct,OffArc3ReboundPct,BlocksRecoveredPct,Corner3Accuracy,UnblockedCorner3Accuracy,Corner3PctAssisted,SecondChanceCorner3Frequency,SecondChanceCorner3Accuracy,PenaltyAtRimAccuracy,PenaltyCorner3Frequency,PenaltyCorner3FGM,PenaltyArc3FGM,PenaltyFG3M,StepOutOfBoundsTurnovers,Loose Ball Fouls,Offensive Fouls Drawn,Blocked3s,BlockedArc3,BlockedCorner3,BlockedShortMidRange,NonShootingPenaltyNonTakeFouls,PenaltyFg3Pct,SecondChanceCorner3PctAssisted,PenaltyCorner3Accuracy,PenaltyArc3Accuracy,3pt And 1 Free Throw Trips,FTOffRebounds,DefensiveGoaltends,OffensiveGoaltends,3SecondViolations,Defensive 3 Seconds Violations,OffFTReboundPct,BlockedLongMidRange,on,Clear Path Fouls,Transition Take Fouls,Corner3PctBlocked,Transition Take Fouls Drawn
1627763,1610612764,Malcolm Brogdon,Malcolm Brogdon,1627763,WAS,13033.0,217,-22.0,445,443,65.0,84.0,57.0,888,20.0,33.0,3.0,3.0,1.0,12.0,32.0,2.0,14.0,1.0,6.0,15.0,1.0,1.0,2.0,34.0,79.0,6.0,16.0,25.0,111.0,525,5.0,7.0,1.0,1.0,13.0,3.0,6.0,2.0,4.0,10.0,36.0,32.0,15.0,3.0,2.0,15.0,6.0,10.0,2.0,28.0,12.0,40.0,7.0,5.0,13.0,12.0,3.0,92.0,1.0,9.0,14.0,10.0,24.0,10.0,34.0,4.0,3.0,1.0,2.0,10.0,1.0,7.0,3.0,1.0,3.0,13.0,4.0,2.0,3.0,8.0,1.0,20.0,28.0,9.0,2.0,2.0,10.0,65.0,2.0,0.5294117647058824,0.5454545454545454,0.8333333333333334,0.375,1.0,0.375,0.43037974683544306,0.7142857142857143,0.5,0.45263157894736844,0.8125,0.375,0.5138888888888888,0.8125,0.5,0.16842105263157894,0.125,0.12658227848101267,0.12121212121212122,0.15625,0.07142857142857142,0.13333333333333333,23.49514563106796,0.7692307692307693,0.09523809523809523,0.072,0.12280701754385964,0.011235955056179775,0.1095890410958904,0.04672897196261682,0.02857142857142857,0.09523809523809523,0.07407407407407407,0.058823529411764705,0.03333333333333333,0.10416666666666667,0.14814814814814814,0.13636363636363635,0.07692307692307693,0.09523809523809523,0.3473684210526316,0.6060606060606061,0.6896551724137931,0.45,0.3368421052631579,0.375,0.4444444444444444,0.6666666666666666,0.14736842105263157,0.14285714285714285,0.15384615384615385,0.5,0.010526315789473684,0.15789473684210525,0.4,0.46153846153846156,0.8333333333333334,0.375,1.0,0.3333333333333333,0.125,1.0,1.0,0.125,0.25,0.5157894736842106,0.4,0.5246173684210527,0.544,0.46214374999999996,0.10377358490566038,0.10227272727272728,0.1111111111111111,0.11711711711711711,0.09009009009009009,7.078481012658228,26.00625,0.14606741573033707,,,,,,,,,,,,,,,,,,,,,,,,,,,,,,,,,,,,,,,,,,,,,,,,,,,,True,,,,
1628398,1610612764,Kyle Kuzma,Kyle Kuzma,1628398,WAS,21000.0,350,-127.0,727,725,105.0,141.0,98.0,1452,39.0,53.0,5.0,8.0,5.0,17.0,55.0,5.0,15.0,10.0,10.0,45.0,1.0,5.0,6.0,61.0,123.0,15.0,55.0,27.0,194.0,887,8.0,13.0,2.0,6.0,23.0,4.0,13.0,7.0,10.0,18.0,60.0,62.0,30.0,15.0,2.0,44.0,10.0,7.0,,15.0,23.0,38.0,17.0,6.0,8.0,4.0,3.0,99.0,4.0,7.0,41.0,14.0,59.0,11.0,70.0,4.0,8.0,7.0,1.0,18.0,5.0,7.0,15.0,3.0,11.0,33.0,1.0,8.0,8.0,19.0,3.0,33.0,43.0,19.0,,4.0,18.0,105.0,4.0,0.4918032786885246,0.5,0.6666666666666666,0.2727272727272727,0.3333333333333333,0.2777777777777778,0.4959349593495935,0.6153846153846154,0.3076923076923077,0.4691011235955056,0.5789473684210527,0.2,0.49238578680203043,0.575,0.34615384615384615,0.3089887640449438,,0.056910569105691054,0.03773584905660377,0.09090909090909091,,,27.15466351829988,0.5454545454545454,0.09395973154362416,0.03167420814479638,0.22527472527472528,0.025974025974025976,0.1661631419939577,0.029333333333333333,0.016666666666666666,0.04,0.027777777777777776,0.06666666666666667,0.10526315789473684,0.08888888888888889,0.09523809523809523,0.192,0.2982456140350877,0.044444444444444446,0.29775280898876405,0.7358490566037735,0.7647058823529411,0.5641025641025641,0.3089887640449438,0.3090909090909091,0.34,0.4117647058823529,0.08426966292134831,0.3333333333333333,0.3333333333333333,0.2,0.056179775280898875,0.25280898876404495,0.2222222222222222,0.2222222222222222,0.6,0.42105263157894735,0.625,0.8,0.2631578947368421,0.2,1.0,0.25,0.3,0.6067415730337079,0.22727272727272727,0.5142082857142858,0.5189892857142857,0.4928421052631579,0.09844559585492228,0.13768115942028986,,0.11855670103092783,0.09278350515463918,6.456097560975609,27.038181818181815,0.14442916093535077,2.0,5.0,1.0,1.0,1.0,1.0,1.0,4.0,1.0,3.0,2.0,4.0,4.0,1.0,1.0,1.0,1.0,1.0,0.26666666666666666,0.016129032258064516,1.0,0.5,0.5,0.8,0.05263157894736842,1.0,0.4,0.05,,,,,,,,,,,,,,,,,,,,,,,,True,,,,
1629673,1610612764,Jordan Poole,Jordan Poole,1629673,WAS,32095.0,535,-152.0,1139,1126,233.0,294.0,131.0,2265,35.0,55.0,1.0,2.0,12.0,13.0,45.0,1.0,16.0,9.0,57.0,145.0,5.0,13.0,38.0,49.0,116.0,60.0,154.0,75.0,353.0,1362,3.0,9.0,6.0,15.0,24.0,10.0,23.0,40.0,30.0,104.0,42.0,56.0,99.0,81.0,2.0,143.0,57.0,19.0,2.0,55.0,24.0,79.0,18.0,6.0,33.0,18.0,4.0,182.0,4.0,2.0,21.0,22.0,44.0,6.0,50.0,2.0,15.0,11.0,4.0,35.0,8.0,23.0,26.0,4.0,12.0,61.0,,10.0,25.0,59.0,7.0,88.0,84.0,26.0,4.0,9.0,104.0,233.0,9.0,0.42857142857142855,0.4375,0.55,0.38961038961038963,0.4,0.39473684210526316,0.4224137931034483,0.3333333333333333,0.43478260869565216,0.5148148148148148,0.5,0.5873015873015873,0.5663430420711975,0.5,0.6602564102564102,0.5703703703703704,0.012987012987012988,0.16379310344827586,0.14545454545454545,0.24444444444444444,,0.013793103448275862,28.406466512702078,0.5737704918032787,0.0859375,0.006622516556291391,0.08366533864541832,0.01556420233463035,0.08481262327416174,0.01073345259391771,,0.00625,0.018867924528301886,,0.09090909090909091,0.0896551724137931,0.06666666666666667,0.0851063829787234,0.07936507936507936,0.014705882352941176,0.2037037037037037,0.6363636363636364,0.7446808510638298,0.4857142857142857,0.16666666666666666,0.28888888888888886,0.38235294117647056,0.3076923076923077,0.05925925925925926,0.0625,0.0625,,0.03333333333333333,0.5370370370370371,0.3931034482758621,0.3986013986013986,0.5263157894736842,0.08333333333333333,0.5,1.0,0.5416666666666666,0.38461538461538464,0.6,0.19047619047619047,0.6031746031746031,0.774074074074074,0.3986013986013986,0.5378067415730337,0.5163892857142857,0.5304074999999999,0.1,0.18309859154929578,0.02531645569620253,0.0679886685552408,0.29461756373937675,6.449999999999999,27.862337662337662,0.20456540825285338,8.0,3.0,1.0,2.0,2.0,,2.0,1.0,3.0,1.0,,1.0,,3.0,7.0,3.0,10.0,5.0,0.03333333333333333,0.018518518518518517,0.5,0.3333333333333333,0.3333333333333333,1.0,0.08333333333333333,0.5,0.6666666666666666,0.031746031746031744,1.0,17.0,18.0,1.0,1.0,8.0,3.0,1.0,2.0,4.0,5.0,0.45,1.0,0.5,0.4473684210526316,,,,,,,,,True,,,,
1630557,1610612764,Corey Kispert,Corey Kispert,1630557,WAS,39965.0,666,-142.0,1389,1372,308.0,408.0,157.0,2761,31.0,44.0,5.0,7.0,10.0,19.0,45.0,,2.0,21.0,43.0,117.0,4.0,10.0,26.0,50.0,91.0,52.0,138.0,25.0,281.0,1692,5.0,9.0,6.0,15.0,33.0,9.0,17.0,29.0,,57.0,84.0,16.0,147.0,9.0,2.0,115.0,43.0,12.0,,24.0,15.0,39.0,11.0,4.0,12.0,8.0,4.0,93.0,8.0,5.0,20.0,24.0,46.0,13.0,59.0,1.0,13.0,6.0,7.0,14.0,4.0,9.0,12.0,1.0,5.0,26.0,,4.0,18.0,34.0,3.0,24.0,31.0,10.0,4.0,1.0,57.0,308.0,,0.84,0.8571428571428571,0.9423076923076923,0.37681159420289856,0.4,0.38235294117647056,0.5494505494505495,0.5555555555555556,0.5294117647058824,0.5589519650655022,0.5833333333333334,0.6195652173913043,0.5785123966942148,0.6346153846153846,0.6195652173913043,0.6026200873362445,,0.13186813186813187,0.11363636363636363,0.15555555555555556,,,17.09346991037132,0.5384615384615384,0.0784313725490196,0.01524390243902439,0.05917159763313609,0.028368794326241134,0.06832298136645963,0.021311475409836064,0.030303030303030304,0.011764705882352941,,,0.0958904109589041,0.06547619047619048,0.09230769230769231,0.06048387096774194,0.05555555555555555,0.008928571428571428,0.19213973799126638,0.7045454545454546,0.7948717948717948,0.8387096774193549,0.1965065502183406,0.4222222222222222,0.5,0.8421052631578947,0.008733624454148471,,,,0.09170305676855896,0.5109170305676856,0.36752136752136755,0.36752136752136755,0.9534883720930233,0.2916666666666667,0.7142857142857143,0.6,0.4166666666666667,0.4,1.0,0.21739130434782608,0.5652173913043478,0.7947598253275109,0.3739130434782609,0.5404431718061674,0.5493958333333332,0.5360533333333333,0.058091286307053944,0.1,0.028368794326241134,0.11743772241992882,0.20284697508896798,5.425274725274725,26.53115942028986,0.22174226061915048,6.0,9.0,2.0,5.0,3.0,5.0,2.0,2.0,3.0,1.0,,,1.0,1.0,4.0,4.0,4.0,2.0,0.07692307692307693,0.03319502074688797,0.5,0.42857142857142855,0.42857142857142855,0.8888888888888888,0.20833333333333334,0.4,0.6,0.06521739130434782,,13.0,13.0,,2.0,3.0,,,,,3.0,0.4482758620689655,0.5,,0.5,1.0,,,,,,,,True,,,,
202685,1610612764,Jonas Valančiūnas,Jonas Valančiūnas,202685,WAS,58952.0,983,-328.0,2053,2043,404.0,563.0,244.0,4096,113.0,166.0,51.0,89.0,27.0,84.0,172.0,27.0,57.0,1.0,7.0,26.0,,2.0,3.0,224.0,395.0,7.0,27.0,95.0,564.0,2534,65.0,117.0,,2.0,148.0,37.0,63.0,4.0,37.0,114.0,260.0,188.0,21.0,,86.0,26.0,7.0,24.0,,66.0,42.0,108.0,39.0,3.0,39.0,20.0,7.0,258.0,35.0,84.0,117.0,151.0,284.0,120.0,404.0,24.0,22.0,18.0,4.0,47.0,7.0,30.0,41.0,8.0,17.0,88.0,8.0,17.0,49.0,97.0,20.0,110.0,106.0,50.0,,8.0,114.0,404.0,7.0,0.5803571428571429,0.7182320441988951,1.0,0.25925925925925924,,0.25925925925925924,0.5670886075949367,0.5555555555555556,0.5873015873015873,0.5556872037914692,0.5462184873949579,0.5746268656716418,0.6,0.578125,0.6627906976744186,0.06398104265402843,,0.060759493670886074,0.06626506024096386,0.0755813953488372,,,23.86655260906758,0.5340909090909091,0.3363028953229399,0.15819209039548024,0.23975409836065573,0.07990867579908675,0.28601921024546423,0.12280701754385964,0.22151898734177214,0.14285714285714285,0.1,0.08450704225352113,0.2966101694915254,0.3497942386831276,0.3522727272727273,0.2612359550561798,0.18181818181818182,0.14457831325301204,0.3933649289099526,0.6807228915662651,0.7290322580645161,0.4424778761061947,0.4075829383886256,0.4883720930232558,0.5283018867924528,0.6904761904761905,0.13507109004739337,0.47368421052631576,0.47368421052631576,0.8148148148148148,0.002369668246445498,0.061611374407582936,0.2692307692307692,0.2692307692307692,1.0,0.7478991596638656,0.5730337078651685,0.11764705882352941,0.01680672268907563,,,0.40298507462686567,0.04477611940298507,0.45734597156398105,0.2692307692307692,0.5054689573459713,0.5523061855670104,0.5099238805970149,0.10822510822510822,0.11494252873563218,,0.2624113475177305,0.20212765957446807,6.571898734177212,25.92592592592593,0.19678519240136386,19.0,,,,1.0,18.0,,16.0,1.0,1.0,,22.0,10.0,,28.0,14.0,28.0,17.0,0.3333333333333333,0.07901907356948229,0.6071428571428571,,,,,,0.7037037037037037,0.014925373134328358,,1.0,1.0,,11.0,1.0,,,,14.0,7.0,0.25,,,0.3333333333333333,,1.0,1.0,2.0,1.0,2.0,0.030303030303030304,,True,,,,
1641731,1610612764,Bilal Coulibaly,Bilal Coulibaly,1641731,WAS,32457.0,541,-210.0,1125,1124,228.0,325.0,137.0,2249,26.0,37.0,7.0,10.0,8.0,14.0,44.0,4.0,14.0,13.0,14.0,41.0,1.0,3.0,11.0,44.0,95.0,18.0,54.0,45.0,187.0,1403,8.0,13.0,1.0,3.0,22.0,11.0,17.0,15.0,12.0,49.0,44.0,44.0,51.0,3.0,12.0,41.0,14.0,12.0,,31.0,19.0,50.0,15.0,4.0,18.0,11.0,2.0,119.0,13.0,14.0,27.0,21.0,54.0,27.0,81.0,7.0,20.0,15.0,5.0,23.0,5.0,14.0,11.0,,9.0,34.0,1.0,9.0,9.0,35.0,1.0,41.0,59.0,31.0,,2.0,49.0,228.0,2.0,0.5,0.5789473684210527,0.9444444444444444,0.3333333333333333,0.3333333333333333,0.3333333333333333,0.4631578947368421,0.6153846153846154,0.6470588235294118,0.47651006711409394,0.59375,0.578125,0.5344827586206896,0.5789473684210527,0.6447368421052632,0.3624161073825503,,0.12631578947368421,0.05405405405405406,0.20454545454545456,0.07142857142857142,,16.124031007751938,0.6764705882352942,0.0875,0.046822742474916385,0.10505836575875487,0.05179282868525897,0.096579476861167,0.04909090909090909,0.04395604395604396,0.060810810810810814,0.016666666666666666,0.05263157894736842,0.08695652173913043,0.07142857142857142,0.13333333333333333,0.09947643979057591,0.12121212121212122,0.0945945945945946,0.2483221476510067,0.7027027027027027,0.7428571428571429,0.6153846153846154,0.2953020134228188,0.3181818181818182,0.4,0.35714285714285715,0.09395973154362416,0.2857142857142857,0.3076923076923077,0.25,0.087248322147651,0.2751677852348993,0.34146341463414637,0.34146341463414637,0.9285714285714286,0.625,0.7,0.14285714285714285,0.1875,0.3333333333333333,1.0,0.25,0.34375,0.610738255033557,0.34146341463414637,0.5336604026845639,0.5342722222222223,0.556034375,0.18023255813953487,0.2627118644067797,,0.11764705882352941,0.2620320855614973,7.089473684210526,25.85555555555555,0.20266666666666666,6.0,4.0,,,4.0,3.0,,6.0,2.0,,,,8.0,1.0,13.0,9.0,15.0,10.0,0.20689655172413793,0.051643192488262914,0.6666666666666666,0.3076923076923077,0.3076923076923077,1.0,,,0.75,0.125,2.0,3.0,5.0,3.0,1.0,2.0,2.0,2.0,,4.0,7.0,0.3333333333333333,,0.5,0.2727272727272727,,,,,,,,,True,,,,
1630551,1610612764,Justin Champagnie,Justin Champagnie,1630551,WAS,10805.0,180,-87.0,393,393,85.0,92.0,44.0,786,15.0,19.0,4.0,7.0,5.0,1.0,6.0,,,9.0,9.0,17.0,,,2.0,16.0,25.0,12.0,26.0,3.0,71.0,478,4.0,9.0,1.0,1.0,12.0,4.0,5.0,2.0,1.0,15.0,16.0,16.0,33.0,3.0,8.0,17.0,9.0,2.0,,5.0,3.0,8.0,2.0,1.0,1.0,2.0,2.0,19.0,4.0,8.0,11.0,12.0,29.0,12.0,41.0,2.0,13.0,7.0,6.0,3.0,2.0,3.0,4.0,1.0,,7.0,1.0,2.0,12.0,18.0,,6.0,5.0,4.0,,,15.0,85.0,,0.5,0.6666666666666666,0.9166666666666666,0.46153846153846156,1.0,0.46153846153846156,0.64,0.4444444444444444,0.8,0.6666666666666666,0.55,1.0,0.6826923076923077,0.5454545454545454,1.0714285714285714,0.5098039215686274,,0.08,0.05263157894736842,0.16666666666666666,,,13.228699551569507,0.42857142857142855,0.1188118811881188,0.08421052631578947,0.12087912087912088,0.043010752688172046,0.11979166666666667,0.06382978723404255,0.12903225806451613,0.047619047619047616,0.09090909090909091,0.0625,0.07692307692307693,0.07142857142857142,0.3157894736842105,0.1206896551724138,0.12121212121212122,0.1,0.37254901960784315,0.7894736842105263,0.8333333333333334,0.5333333333333333,0.11764705882352941,0.16666666666666666,0.2,,,,,,0.17647058823529413,0.3333333333333333,0.5294117647058824,0.5294117647058824,0.8888888888888888,0.7,0.5714285714285714,,,,,0.7142857142857143,0.2857142857142857,0.8823529411764706,0.5294117647058824,0.5939205882352941,0.56258125,0.67275,0.07692307692307693,0.15384615384615385,,0.16901408450704225,0.2112676056338028,2.504,26.007692307692306,0.21628498727735368,4.0,3.0,1.0,1.0,,1.0,,6.0,,,,1.0,3.0,,6.0,1.0,7.0,2.0,0.5,0.03896103896103896,0.2857142857142857,0.3333333333333333,0.3333333333333333,1.0,0.1,1.0,0.8,,,2.0,2.0,1.0,,1.0,1.0,1.0,,5.0,1.0,1.0,1.0,,1.0,,,1.0,,,,,,True,,,,
1642267,1610612764,Bub Carrington,Bub Carrington,1642267,WAS,30984.0,516,-242.0,1074,1067,204.0,326.0,135.0,2141,6.0,14.0,2.0,5.0,1.0,7.0,26.0,13.0,31.0,16.0,23.0,66.0,2.0,5.0,15.0,26.0,71.0,29.0,82.0,14.0,153.0,1382,4.0,9.0,2.0,7.0,15.0,4.0,12.0,19.0,2.0,37.0,26.0,26.0,69.0,18.0,,65.0,23.0,5.0,1.0,42.0,29.0,71.0,20.0,9.0,23.0,14.0,5.0,171.0,3.0,3.0,37.0,16.0,54.0,7.0,61.0,,12.0,6.0,6.0,22.0,2.0,14.0,9.0,2.0,8.0,31.0,2.0,7.0,28.0,45.0,2.0,27.0,16.0,8.0,,1.0,37.0,204.0,1.0,0.5,0.5,0.7931034482758621,0.35365853658536583,0.2857142857142857,0.35802469135802467,0.36619718309859156,0.4444444444444444,0.3333333333333333,0.4542483660130719,0.4375,0.5645161290322581,0.478125,0.46875,0.578125,0.5359477124183006,0.012195121951219513,0.07042253521126761,0.07142857142857142,0.15384615384615385,,0.015151515151515152,15.591836734693878,0.7096774193548387,0.07239819004524888,0.010526315789473684,0.14979757085020243,0.013636363636363636,0.11324786324786325,0.011881188118811881,,0.007407407407407408,0.03125,,0.05263157894736842,0.07627118644067797,0.08695652173913043,0.14917127071823205,0.15151515151515152,,0.0915032679738562,0.42857142857142855,0.46153846153846156,0.8333333333333334,0.16993464052287582,0.2692307692307692,0.3181818181818182,,0.20261437908496732,0.41935483870967744,0.41935483870967744,0.6153846153846154,0.10457516339869281,0.43137254901960786,0.3484848484848485,0.35384615384615387,0.7391304347826086,0.3125,0.4,1.0,0.3125,0.4,1.0,0.03225806451612903,0.4838709677419355,0.6274509803921569,0.35384615384615387,0.5077055921052631,0.5016884615384616,0.491316129032258,0.050314465408805034,0.1038961038961039,,0.09803921568627451,0.24183006535947713,11.522535211267604,26.269512195121955,0.18994413407821228,,6.0,,2.0,4.0,1.0,1.0,1.0,1.0,,,1.0,2.0,,3.0,3.0,3.0,1.0,0.038461538461538464,0.016129032258064516,0.3333333333333333,0.375,0.375,1.0,0.125,,,0.12903225806451613,3.0,6.0,9.0,1.0,,4.0,,,,,4.0,0.47368421052631576,,0.75,0.4,,1.0,,,,,0.05555555555555555,,True,,,,
1642273,1610612764,Kyshawn George,Kyshawn George,1642273,WAS,37084.0,618,-158.0,1274,1263,244.0,357.0,149.0,2537,14.0,26.0,2.0,3.0,4.0,7.0,17.0,2.0,4.0,29.0,22.0,87.0,,4.0,14.0,23.0,47.0,34.0,116.0,26.0,174.0,1557,2.0,4.0,,5.0,4.0,2.0,7.0,20.0,11.0,36.0,32.0,14.0,99.0,3.0,,87.0,22.0,5.0,,32.0,22.0,54.0,21.0,1.0,19.0,10.0,3.0,130.0,8.0,7.0,32.0,25.0,63.0,15.0,78.0,2.0,23.0,16.0,7.0,19.0,2.0,10.0,10.0,3.0,9.0,29.0,2.0,3.0,38.0,67.0,4.0,30.0,30.0,13.0,,3.0,36.0,244.0,3.0,0.6956521739130435,0.6956521739130435,0.9705882352941176,0.29310344827586204,,0.29310344827586204,0.48936170212765956,0.5,0.2857142857142857,0.4539877300613497,0.2222222222222222,0.46296296296296297,0.4915254237288136,0.2222222222222222,0.5294117647058824,0.7116564417177914,,0.10638297872340426,0.038461538461538464,0.23529411764705882,,,14.246196403872752,0.6551724137931034,0.09090909090909091,0.022151898734177215,0.10094637223974763,0.028985507246376812,0.09628378378378379,0.02533783783783784,0.0425531914893617,0.006134969325153374,0.03389830508474576,0.06818181818181818,0.08771929824561403,0.10457516339869281,0.06153846153846154,0.11206896551724138,0.07058823529411765,0.020202020202020204,0.15950920245398773,0.5384615384615384,0.56,0.7857142857142857,0.10429447852760736,0.4117647058823529,0.5384615384615384,0.5714285714285714,0.024539877300613498,0.5,0.5,0.5,0.17791411042944785,0.5337423312883436,0.25287356321839083,0.25287356321839083,0.9545454545454546,0.3333333333333333,0.6666666666666666,1.0,0.4444444444444444,,,0.14814814814814814,0.5185185185185185,0.8711656441717791,0.25287356321839083,0.5448432515337424,0.50206,0.5335092592592593,0.07471264367816093,0.22413793103448276,,0.022988505747126436,0.20689655172413793,5.170212765957448,25.956896551724146,0.19152276295133439,2.0,12.0,,1.0,6.0,,,6.0,,,,2.0,2.0,,13.0,4.0,14.0,8.0,0.21428571428571427,0.021551724137931036,0.5714285714285714,0.41379310344827586,0.41379310344827586,1.0,0.1111111111111111,,0.5,0.2222222222222222,4.0,3.0,7.0,,1.0,3.0,1.0,1.0,,8.0,7.0,0.35,,0.6666666666666666,0.21428571428571427,,,,,,3.0,,1.0,True,,,,
1642259,1610612764,Alex Sarr,Alex Sarr,1642259,WAS,3706.0,62,-47.0,132,131,17.0,11.0,13.0,263,4.0,5.0,1.0,1.0,,1.0,2.0,,,2.0,3.0,11.0,,2.0,1.0,5.0,7.0,3.0,13.0,3.0,22.0,175,1.0,1.0,,2.0,2.0,,,1.0,,3.0,10.0,,9.0,,,11.0,3.0,1.0,,1.0,,1.0,,,1.0,,,2.0,,2.0,5.0,,5.0,2.0,7.0,,1.0,,1.0,1.0,,1.0,2.0,1.0,,3.0,,,4.0,4.0,,3.0,4.0,2.0,,,3.0,17.0,,1.0,1.0,1.0,0.23076923076923078,,0.23076923076923078,0.7142857142857143,1.0,,0.475,0.3333333333333333,1.5,0.5,0.3333333333333333,1.5,0.65,,0.14285714285714285,0.2,,,,16.666666666666668,0.3333333333333333,,0.05555555555555555,0.17857142857142858,,0.1,0.030303030303030304,0.07692307692307693,0.05,,,,,,0.05263157894736842,0.4444444444444444,,0.25,0.8,1.0,1.0,0.1,0.5,0.5,1.0,,,,,0.1,0.55,0.2727272727272727,0.2727272727272727,1.0,0.3333333333333333,1.0,1.0,0.6666666666666666,,,,1.0,0.9,0.2727272727272727,0.6036875,0.5523750000000001,0.5298,0.09090909090909091,0.2222222222222222,,0.09090909090909091,0.13636363636363635,4.428571428571429,25.93846153846154,0.12878787878787878,,,,,,,,,,,,,,,4.0,2.0,4.0,3.0,,,0.75,,,,,,,,,1.0,1.0,,,,,,,2.0,,1.0,,,1.0,,,,,,,,,True,,,,
1630215,1610612764,Jared Butler,Jared Butler,1630215,WAS,7350.0,122,-54.0,254,261,73.0,78.0,26.0,515,11.0,14.0,1.0,1.0,7.0,7.0,12.0,3.0,6.0,2.0,4.0,9.0,,,4.0,21.0,32.0,5.0,11.0,9.0,66.0,333,1.0,2.0,,,2.0,9.0,14.0,4.0,4.0,28.0,14.0,28.0,9.0,6.0,,9.0,4.0,3.0,,21.0,5.0,26.0,3.0,2.0,13.0,6.0,2.0,57.0,,2.0,5.0,4.0,10.0,2.0,12.0,,1.0,,1.0,7.0,1.0,4.0,2.0,,3.0,9.0,,2.0,7.0,12.0,,11.0,11.0,6.0,,1.0,28.0,73.0,1.0,0.3333333333333333,0.3333333333333333,0.6,0.45454545454545453,,0.45454545454545453,0.65625,0.5,0.6428571428571429,0.6627906976744186,0.5,0.6666666666666666,0.7021276595744681,0.5,0.7,0.2558139534883721,,0.09375,0.07142857142857142,0.16666666666666666,,,19.649122807017545,0.7777777777777778,0.06153846153846154,0.03389830508474576,0.08620689655172414,,0.07317073170731707,0.01834862385321101,,0.058823529411764705,,,0.09523809523809523,0.058823529411764705,,0.125,,,0.32558139534883723,0.7857142857142857,0.8461538461538461,0.36363636363636365,0.27906976744186046,0.5833333333333334,0.7,0.14285714285714285,0.13953488372093023,0.5,0.5,0.6666666666666666,0.046511627906976744,0.20930232558139536,0.4444444444444444,0.4444444444444444,0.5,0.5,1.0,1.0,,,,0.3888888888888889,0.2222222222222222,0.5813953488372093,0.4444444444444444,0.506217441860465,0.802,0.4957527777777777,0.13043478260869565,0.17142857142857143,,0.030303030303030304,0.42424242424242425,6.418749999999999,26.50909090909091,0.2874015748031496,5.0,1.0,,,,,,1.0,,,,,3.0,,,,,,0.14285714285714285,,,0.5,0.5,1.0,,,0.7142857142857143,,,2.0,2.0,,,1.0,,,,,,0.5,,,0.5,,,,,,,,,True,,,,
1630264,1610612764,Anthony Gill,Anthony Gill,1630264,WAS,2131.0,36,-16.0,75,74,9.0,24.0,8.0,149,4.0,5.0,,,1.0,,,,,1.0,,1.0,,1.0,,4.0,5.0,,2.0,,8.0,93,,,,1.0,,1.0,1.0,,,2.0,6.0,2.0,,,,1.0,,,,,,,,,,,,,,,1.0,,1.0,,1.0,,1.0,1.0,,,,,1.0,1.0,,1.0,,,2.0,3.0,,1.0,1.0,1.0,,,2.0,9.0,,0.75,0.75,,,,,0.8,,1.0,0.5714285714285714,,1.0,0.5714285714285714,,1.0,0.2857142857142857,,,,,,,9.75609756097561,,,,0.05263157894736842,,0.02857142857142857,,,,,,,,,0.07142857142857142,,,0.7142857142857143,0.8,0.8,0.75,,,,,,,,,0.14285714285714285,0.14285714285714285,,,,,,,1.0,,,1.0,,1.0,,0.6644857142857143,0.5058,0.743,0.14285714285714285,0.2,,,0.25,1.9,25.1,0.12,1.0,,,,,,,,,,,,1.0,,,,,,,,,,,,,,1.0,,,,,,,,,,,,,,,,,,,,,,,,,True,,,,
1631098,1610612764,Johnny Davis,Johnny Davis,1631098,WAS,4284.0,71,-37.0,155,161,39.0,96.0,18.0,316,6.0,11.0,,2.0,3.0,2.0,4.0,,,,1.0,5.0,,,,8.0,15.0,1.0,5.0,,19.0,205,,2.0,,,,2.0,3.0,,,4.0,12.0,4.0,3.0,,,5.0,1.0,1.0,,2.0,1.0,3.0,1.0,,1.0,,1.0,7.0,1.0,2.0,6.0,3.0,9.0,3.0,12.0,,5.0,4.0,1.0,1.0,,1.0,1.0,,,2.0,,1.0,3.0,6.0,,3.0,,,,,4.0,39.0,,0.75,0.75,1.0,0.2,,0.2,0.5333333333333333,,0.6666666666666666,0.475,,0.6666666666666666,0.475,,0.6666666666666666,0.25,,0.06666666666666667,0.09090909090909091,,,,12.790697674418604,0.5,0.09090909090909091,0.05555555555555555,0.15,0.03125,0.1232876712328767,0.04411764705882353,0.09090909090909091,0.047619047619047616,,0.2,0.07142857142857142,0.125,,0.1875,,,0.55,0.5454545454545454,0.6,0.8333333333333334,0.2,0.5,0.5,0.5,,,,,,0.25,0.2,0.2,1.0,1.0,,,,,,1.0,,0.8,0.2,0.6069975,0.5985,0.7021333333333333,,,,,0.21052631578947367,3.42,26.02,0.25161290322580643,2.0,,,,,,,,1.0,,,,,,5.0,1.0,5.0,3.0,,,0.6,,,,,,0.6666666666666666,,,,,,,1.0,,,,3.0,1.0,,,,,,,,,,,,1.0,True,,,,
1628963,1610612764,Marvin Bagley III,Marvin Bagley III,1628963,WAS,359.0,6,-12.0,10,12,,8.0,2.0,22,,,,,,,1.0,,,,,,,,,,1.0,,,,,16,,,,,,,,,,,,,,,,,,,,,,,,,,,,,,,1.0,,1.0,,1.0,,,,,,,,1.0,1.0,,1.0,,,,,,,,,,,,,,,,,,,,,,,,,,,,,,,,,,,,16.666666666666668,,,,0.2,,0.125,,,,,,,,,0.2,,,,,,,1.0,,,,,,,,,,,,,,,,,,,,,,,0.4511,,,,,,,,9.6,,,,,,,,,,,,,,,,,,,,,,,,,,,,,,,,,,,,,,,,,,,,,,,,,,,,,,True,,,,
1631116,1610612764,Patrick Baldwin Jr.,Patrick Baldwin Jr.,1631116,WAS,555.0,9,-6.0,20,20,6.0,8.0,1.0,40,1.0,1.0,,,1.0,,1.0,,,,,,,,,1.0,2.0,,,1.0,3.0,28,,,,,,1.0,2.0,,,2.0,2.0,,,,,,,,,,,,,,,,,,,,1.0,,1.0,,1.0,,,,,,,,,,,,,,1.0,1.0,,2.0,2.0,1.0,,,2.0,6.0,,1.0,1.0,,,,,0.5,,0.5,0.5,,0.5,0.5,,0.5,,,,,,,,14.285714285714286,,,,0.2,,0.1111111111111111,,,,,,,,,0.3333333333333333,,,0.5,1.0,1.0,1.0,0.5,,,,,,,,,,,,,,,,,,,0.5,,0.5,,0.57665,,0.57665,0.3333333333333333,0.3333333333333333,,,0.6666666666666666,4.35,,0.3,1.0,,,,,,,,,,,,,,,,,,,,,,,,,,1.0,,,,,,,,,,,,,,,,,,,,,,,,,True,,,,
1626158,1610612764,Richaun Holmes,Richaun Holmes,1626158,WAS,30182.0,503,-20.0,1028,1021,237.0,264.0,139.0,2049,67.0,91.0,25.0,41.0,18.0,16.0,33.0,,1.0,2.0,,1.0,,,,83.0,125.0,,3.0,45.0,211.0,1191,27.0,45.0,,1.0,66.0,14.0,25.0,1.0,19.0,47.0,106.0,60.0,,,42.0,1.0,,10.0,,20.0,21.0,41.0,19.0,2.0,8.0,10.0,2.0,103.0,11.0,47.0,45.0,61.0,108.0,58.0,166.0,3.0,8.0,5.0,3.0,9.0,2.0,2.0,12.0,,7.0,21.0,2.0,4.0,27.0,46.0,5.0,50.0,54.0,30.0,,2.0,47.0,237.0,1.0,0.6385542168674698,0.8548387096774194,,,,,0.664,0.6,0.56,0.6484375,0.5869565217391305,0.5384615384615384,0.694078947368421,0.6111111111111112,0.6527777777777778,0.0234375,,0.08,0.06593406593406594,0.12121212121212122,,,14.563928873835732,0.42857142857142855,0.22181818181818183,0.20346320346320346,0.19911504424778761,0.044715447154471545,0.21157684630738524,0.12159329140461216,0.20512820512820512,0.22033898305084745,0.14285714285714285,0.02040816326530612,0.20652173913043478,0.24305555555555555,0.1794871794871795,0.19337016574585636,0.2222222222222222,0.08571428571428572,0.7109375,0.7362637362637363,0.788235294117647,0.6268656716417911,0.2578125,0.48484848484848486,0.5517241379310345,0.6875,0.0078125,,,,0.015625,0.0078125,,,,0.8913043478260869,0.6097560975609756,0.2,,,,0.6923076923076923,,0.734375,,0.5850320312499999,0.5829829268292682,0.5673403846153847,0.2,0.20408163265306123,,0.3127962085308057,0.22274881516587677,2.9792000000000005,24.3,0.23054474708171208,11.0,,,1.0,1.0,12.0,,2.0,1.0,1.0,,10.0,8.0,,21.0,11.0,22.0,14.0,0.14285714285714285,0.050761421319796954,0.6363636363636364,,,,0.021739130434782608,,0.6111111111111112,0.038461538461538464,,,,,6.0,3.0,1.0,1.0,,10.0,,,,,,,,4.0,,1.0,,,,False,,,,
1627763,1610612764,Malcolm Brogdon,Malcolm Brogdon,1627763,WAS,20811.0,347,-98.0,730,735,150.0,188.0,69.0,1465,35.0,52.0,2.0,5.0,10.0,12.0,36.0,7.0,17.0,4.0,8.0,36.0,1.0,5.0,5.0,54.0,105.0,10.0,40.0,56.0,194.0,890,3.0,7.0,1.0,5.0,14.0,13.0,23.0,7.0,23.0,52.0,28.0,80.0,30.0,,4.0,35.0,8.0,7.0,,27.0,31.0,58.0,24.0,7.0,20.0,5.0,2.0,147.0,7.0,4.0,21.0,24.0,46.0,11.0,57.0,2.0,10.0,7.0,3.0,12.0,6.0,6.0,13.0,7.0,6.0,25.0,2.0,4.0,7.0,22.0,,48.0,64.0,26.0,,8.0,51.0,149.0,7.0,0.25925925925925924,0.2692307692307692,1.0,0.25,0.2,0.2564102564102564,0.5142857142857142,0.42857142857142855,0.5652173913043478,0.47586206896551725,0.375,0.48333333333333334,0.5549132947976878,0.4666666666666667,0.5930232558139535,0.27586206896551724,,0.06666666666666667,0.07692307692307693,0.08333333333333333,,,24.504950495049506,0.48,0.1437125748502994,0.024242424242424242,0.1346153846153846,0.04142011834319527,0.1393188854489164,0.03293413173652695,0.043478260869565216,0.02247191011235955,,0.03225806451612903,0.07407407407407407,0.15,0.24242424242424243,0.1282051282051282,0.15384615384615385,0.027777777777777776,0.3586206896551724,0.6730769230769231,0.7291666666666666,0.22857142857142856,0.2482758620689655,0.3333333333333333,0.36363636363636365,0.3333333333333333,0.11724137931034483,0.4117647058823529,0.4117647058823529,0.2857142857142857,0.027586206896551724,0.2482758620689655,0.2222222222222222,0.2222222222222222,1.0,0.4166666666666667,0.4,,0.4166666666666667,0.2,1.0,0.3333333333333333,0.16666666666666666,0.6344827586206897,0.22857142857142856,0.5484652777777775,0.49992499999999995,0.5380379310344828,0.15757575757575756,0.208,,0.07216494845360824,0.26804123711340205,6.804761904761904,26.895,0.2054794520547945,9.0,2.0,,,2.0,5.0,1.0,1.0,,,,1.0,6.0,2.0,5.0,,5.0,3.0,0.043478260869565216,0.043478260869565216,0.6,0.5,0.5,1.0,,,0.9,0.06666666666666667,,1.0,1.0,,1.0,1.0,,,,4.0,5.0,0.14285714285714285,,,0.2,,,,,,,,1.0,False,,,,
1628398,1610612764,Kyle Kuzma,Kyle Kuzma,1628398,WAS,32216.0,537,-276.0,1152,1165,192.0,193.0,116.0,2317,46.0,68.0,3.0,7.0,9.0,36.0,88.0,3.0,16.0,27.0,21.0,78.0,1.0,6.0,13.0,85.0,172.0,30.0,105.0,32.0,292.0,1392,5.0,12.0,3.0,11.0,19.0,8.0,19.0,16.0,10.0,35.0,100.0,70.0,72.0,18.0,4.0,78.0,21.0,15.0,,25.0,16.0,41.0,13.0,3.0,17.0,6.0,2.0,98.0,8.0,8.0,59.0,32.0,99.0,16.0,115.0,4.0,12.0,8.0,4.0,22.0,3.0,12.0,18.0,7.0,10.0,40.0,1.0,7.0,17.0,33.0,2.0,47.0,55.0,22.0,1.0,5.0,35.0,191.0,5.0,0.5882352941176471,0.6024096385542169,0.8,0.2857142857142857,0.2727272727272727,0.2857142857142857,0.4941860465116279,0.4166666666666667,0.42105263157894735,0.4693140794223827,0.41304347826086957,0.35714285714285715,0.4817880794701987,0.38,0.3977272727272727,0.37906137184115524,,0.0872093023255814,0.10294117647058823,0.09090909090909091,,,26.635514018691588,0.55,0.12030075187969924,0.029411764705882353,0.22264150943396227,0.024844720496894408,0.1713747645951036,0.026936026936026935,0.03333333333333333,0.034013605442176874,,0.03076923076923077,0.0898876404494382,0.13970588235294118,0.12195121951219512,0.2403846153846154,0.15789473684210525,0.0273972602739726,0.24548736462093862,0.6764705882352942,0.7540983606557377,0.6521739130434783,0.3176895306859206,0.4090909090909091,0.45,0.5,0.05776173285198556,0.1875,0.1875,0.6666666666666666,0.09747292418772563,0.2815884476534296,0.2692307692307692,0.2692307692307692,0.7142857142857143,0.30434782608695654,0.42857142857142855,0.3333333333333333,0.2608695652173913,0.16666666666666666,,0.2571428571428571,0.37142857142857144,0.6245487364620939,0.2692307692307692,0.5338205776173286,0.5461766666666666,0.5051585714285715,0.07744107744107744,0.11518324607329843,0.009433962264150943,0.06506849315068493,0.11986301369863013,6.45406976744186,25.447619047619046,0.16666666666666666,5.0,9.0,2.0,5.0,3.0,,,8.0,2.0,1.0,2.0,1.0,3.0,1.0,5.0,3.0,6.0,4.0,0.4,0.023346303501945526,0.6666666666666666,0.3333333333333333,0.3333333333333333,1.0,0.21739130434782608,0.4,0.5555555555555556,0.08571428571428572,,3.0,3.0,,1.0,5.0,1.0,1.0,,2.0,1.0,0.1875,1.0,,0.23076923076923078,,,1.0,3.0,,,,,False,1.0,,,
1629673,1610612764,Jordan Poole,Jordan Poole,1629673,WAS,79335.0,1322,-349.0,2834,2812,549.0,537.0,306.0,5646,103.0,147.0,8.0,12.0,30.0,37.0,106.0,14.0,36.0,43.0,140.0,373.0,8.0,28.0,90.0,154.0,289.0,155.0,416.0,143.0,916.0,3358,11.0,18.0,10.0,34.0,58.0,33.0,59.0,98.0,60.0,231.0,104.0,204.0,279.0,186.0,4.0,371.0,140.0,38.0,5.0,128.0,74.0,202.0,56.0,18.0,91.0,31.0,6.0,478.0,10.0,11.0,57.0,62.0,121.0,22.0,143.0,9.0,67.0,53.0,14.0,83.0,18.0,51.0,52.0,11.0,32.0,135.0,11.0,23.0,53.0,127.0,5.0,180.0,164.0,56.0,6.0,23.0,229.0,546.0,20.0,0.33766233766233766,0.34210526315789475,0.6,0.37259615384615385,0.29411764705882354,0.3743961352657005,0.532871972318339,0.6111111111111112,0.559322033898305,0.5482269503546099,0.5,0.5445859872611465,0.587741935483871,0.5272727272727272,0.6084656084656085,0.5900709219858156,0.01201923076923077,0.1314878892733564,0.11564625850340136,0.16981132075471697,0.08333333333333333,0.010723860589812333,28.535512256442487,0.6148148148148148,0.08623087621696801,0.01765650080256822,0.08796296296296297,0.01282051282051282,0.08705193855157278,0.01496792587312901,0.015625,0.014925373134328358,0.03125,0.007142857142857143,0.09389671361502347,0.08793969849246232,0.06481481481481481,0.07739307535641547,0.12101910828025478,0.02631578947368421,0.20851063829787234,0.7006802721088435,0.7923076923076923,0.3106796116504854,0.150354609929078,0.3490566037735849,0.42045454545454547,0.3783783783783784,0.05106382978723404,0.3888888888888889,0.42424242424242425,0.42857142857142855,0.06099290780141844,0.5290780141843971,0.3753351206434316,0.3794037940379404,0.5642857142857143,0.23076923076923078,0.6666666666666666,0.25,0.5384615384615384,0.2857142857142857,0.75,0.1910828025477707,0.5732484076433121,0.798581560283688,0.37735849056603776,0.538268214285714,0.5266677419354837,0.5252373376623375,0.08244680851063829,0.16816816816816818,0.014319809069212411,0.06331877729257641,0.2521834061135371,6.001384083044984,27.47596153846154,0.19371912491178547,23.0,15.0,2.0,6.0,8.0,6.0,2.0,2.0,9.0,2.0,,6.0,12.0,8.0,16.0,4.0,17.0,11.0,0.03125,0.0140625,0.6470588235294118,0.3488372093023256,0.35714285714285715,0.9333333333333333,0.11538461538461539,0.3333333333333333,0.7666666666666667,0.050955414012738856,3.0,32.0,35.0,4.0,6.0,13.0,1.0,1.0,,12.0,14.0,0.35714285714285715,1.0,0.375,0.35555555555555557,3.0,1.0,,,,1.0,0.015151515151515152,,False,1.0,2.0,0.023255813953488372,
1630557,1610612764,Corey Kispert,Corey Kispert,1630557,WAS,56132.0,936,-132.0,1969,1956,486.0,462.0,234.0,3925,60.0,88.0,6.0,8.0,23.0,25.0,55.0,,1.0,36.0,56.0,156.0,3.0,16.0,38.0,85.0,144.0,68.0,192.0,50.0,424.0,2312,8.0,12.0,5.0,20.0,44.0,18.0,31.0,48.0,9.0,93.0,130.0,40.0,192.0,12.0,12.0,153.0,56.0,18.0,4.0,33.0,31.0,64.0,20.0,11.0,17.0,11.0,5.0,159.0,14.0,9.0,48.0,43.0,99.0,23.0,122.0,2.0,13.0,8.0,5.0,27.0,1.0,16.0,11.0,1.0,11.0,38.0,4.0,8.0,32.0,64.0,1.0,36.0,57.0,22.0,3.0,3.0,92.0,483.0,1.0,0.7647058823529411,0.8227848101265823,0.9411764705882353,0.3541666666666667,0.25,0.35978835978835977,0.5902777777777778,0.6666666666666666,0.5806451612903226,0.5565476190476191,0.484375,0.5316455696202531,0.5833333333333334,0.5526315789473685,0.5411764705882353,0.5714285714285714,0.020833333333333332,0.125,0.11363636363636363,0.14545454545454545,,0.01282051282051282,17.707404103479035,0.7105263157894737,0.08704453441295547,0.0196078431372549,0.1050328227571116,0.028225806451612902,0.09568874868559411,0.024083769633507852,0.025,0.015810276679841896,0.021739130434782608,0.023255813953488372,0.12080536912751678,0.06666666666666667,0.1,0.0830945558739255,0.17592592592592593,0.012987012987012988,0.2619047619047619,0.6818181818181818,0.7692307692307693,0.75,0.1636904761904762,0.45454545454545453,0.5319148936170213,0.8,0.002976190476190476,,,,0.10714285714285714,0.4642857142857143,0.358974358974359,0.36363636363636365,0.9464285714285714,0.25,0.75,0.16666666666666666,0.5,0.1875,0.3333333333333333,0.2911392405063291,0.4810126582278481,0.8333333333333334,0.3660130718954248,0.5382384384384383,0.5137307692307693,0.5414098684210524,0.0700280112044818,0.13496932515337423,0.015463917525773196,0.10377358490566038,0.21933962264150944,4.157638888888888,26.62031250000001,0.2468257998984256,15.0,12.0,2.0,4.0,10.0,13.0,3.0,8.0,5.0,1.0,,1.0,3.0,4.0,10.0,6.0,10.0,5.0,0.14285714285714285,0.02926829268292683,0.5,0.3333333333333333,0.35294117647058826,0.9166666666666666,0.125,0.5,0.6521739130434783,0.12658227848101267,3.0,13.0,16.0,1.0,3.0,3.0,,,,3.0,3.0,0.3333333333333333,0.5,0.3,0.34210526315789475,1.0,,1.0,,,,,1.0,False,,,0.05555555555555555,
1630551,1610612764,Justin Champagnie,Justin Champagnie,1630551,WAS,50369.0,839,-116.0,1744,1771,404.0,415.0,230.0,3515,63.0,92.0,20.0,27.0,18.0,16.0,42.0,,2.0,41.0,30.0,82.0,3.0,6.0,20.0,79.0,136.0,45.0,123.0,37.0,330.0,2074,21.0,34.0,5.0,8.0,64.0,19.0,32.0,29.0,15.0,74.0,94.0,64.0,135.0,,38.0,81.0,30.0,16.0,2.0,25.0,16.0,41.0,15.0,1.0,17.0,7.0,1.0,98.0,23.0,44.0,71.0,66.0,152.0,69.0,221.0,5.0,36.0,24.0,12.0,21.0,4.0,13.0,13.0,1.0,8.0,34.0,5.0,3.0,33.0,72.0,3.0,34.0,50.0,16.0,4.0,6.0,74.0,402.0,5.0,0.5949367088607594,0.7833333333333333,1.0,0.36585365853658536,0.625,0.36885245901639346,0.5808823529411765,0.6176470588235294,0.59375,0.5656370656370656,0.6785714285714286,0.48360655737704916,0.5892857142857143,0.6956521739130435,0.5362318840579711,0.4749034749034749,0.016260162601626018,0.11764705882352941,0.06521739130434782,0.23809523809523808,,0.012195121951219513,15.541211519364449,0.6176470588235294,0.14798206278026907,0.10653753026634383,0.16210045662100456,0.05054945054945055,0.15497737556561086,0.0771889400921659,0.11851851851851852,0.08256880733944955,0.16666666666666666,0.06578947368421052,0.1103448275862069,0.14957264957264957,0.22388059701492538,0.1791907514450867,0.09782608695652174,0.043478260869565216,0.3552123552123552,0.6847826086956522,0.7325581395348837,0.5238095238095238,0.16216216216216217,0.38095238095238093,0.5,0.875,0.007722007722007722,,,,0.1583011583011583,0.3166023166023166,0.36585365853658536,0.37037037037037035,1.0,0.6428571428571429,0.7407407407407407,0.05,0.14285714285714285,0.5,1.0,0.29508196721311475,0.32786885245901637,0.8301158301158301,0.37037037037037035,0.5669279069767441,0.5644242424242424,0.5479083333333334,0.072992700729927,0.10738255033557047,0.032,0.19393939393939394,0.22424242424242424,3.5095588235294124,26.126016260162604,0.231651376146789,13.0,15.0,2.0,2.0,9.0,7.0,1.0,15.0,2.0,,,3.0,3.0,,21.0,13.0,24.0,14.0,0.39473684210526316,0.047493403693931395,0.5833333333333334,0.36585365853658536,0.375,1.0,0.047619047619047616,1.0,0.7222222222222222,0.14754098360655737,3.0,4.0,7.0,1.0,4.0,3.0,3.0,2.0,1.0,8.0,7.0,0.2413793103448276,1.0,0.3333333333333333,0.2,2.0,2.0,2.0,2.0,,,0.043478260869565216,,False,,,0.024390243902439025,
1641731,1610612764,Bilal Coulibaly,Bilal Coulibaly,1641731,WAS,84396.0,1407,-377.0,2982,3002,609.0,669.0,306.0,5984,113.0,161.0,11.0,24.0,38.0,32.0,102.0,11.0,42.0,43.0,30.0,127.0,3.0,14.0,15.0,156.0,305.0,45.0,170.0,93.0,540.0,3556,16.0,32.0,4.0,17.0,52.0,30.0,65.0,22.0,29.0,101.0,160.0,152.0,120.0,15.0,24.0,127.0,30.0,32.0,2.0,60.0,90.0,150.0,68.0,22.0,31.0,22.0,7.0,390.0,34.0,30.0,88.0,49.0,149.0,64.0,213.0,17.0,58.0,40.0,18.0,56.0,14.0,35.0,35.0,9.0,21.0,91.0,8.0,15.0,44.0,104.0,3.0,102.0,126.0,66.0,,6.0,101.0,606.0,6.0,0.5128205128205128,0.5555555555555556,0.8888888888888888,0.2647058823529412,0.23529411764705882,0.2647058823529412,0.5114754098360655,0.5,0.46153846153846156,0.4705263157894737,0.4489795918367347,0.41379310344827586,0.5103969754253308,0.4727272727272727,0.49029126213592233,0.35789473684210527,0.011764705882352941,0.10491803278688525,0.09316770186335403,0.16666666666666666,,0.015748031496062992,18.590704647676162,0.6153846153846154,0.06621621621621622,0.04573170731707317,0.1286549707602339,0.0425531914893617,0.09620786516853932,0.04398625429553265,0.052132701421800945,0.0436046511627907,0.039603960396039604,0.05,0.06976744186046512,0.04326923076923077,0.14678899082568808,0.12524850894632206,0.13812154696132597,0.07142857142857142,0.3389473684210526,0.7018633540372671,0.773972602739726,0.584070796460177,0.21473684210526317,0.3137254901960784,0.3764705882352941,0.3125,0.08842105263157894,0.2619047619047619,0.2619047619047619,0.36363636363636365,0.09052631578947369,0.2673684210526316,0.23622047244094488,0.24,0.8666666666666667,0.4897959183673469,0.4583333333333333,0.09090909090909091,0.2857142857142857,0.21428571428571427,1.0,0.4367816091954023,0.1724137931034483,0.6968421052631579,0.23622047244094488,0.5578941052631579,0.5438724137931035,0.555928735632184,0.12619502868068833,0.18696883852691218,,0.0962962962962963,0.18703703703703703,6.020327868852461,25.836470588235304,0.20422535211267606,25.0,15.0,1.0,3.0,7.0,8.0,,12.0,2.0,3.0,1.0,3.0,18.0,,25.0,12.0,26.0,12.0,0.15584415584415584,0.0409711684370258,0.46153846153846156,0.3488372093023256,0.3488372093023256,0.9333333333333333,0.061224489795918366,0.3333333333333333,0.6578947368421053,0.08045977011494253,1.0,3.0,4.0,2.0,3.0,1.0,1.0,,1.0,12.0,14.0,0.18181818181818182,1.0,0.14285714285714285,0.2,,,,,,,,1.0,False,,,,
1642267,1610612764,Bub Carrington,Bub Carrington,1642267,WAS,95187.0,1586,-457.0,3335,3352,669.0,700.0,359.0,6687,37.0,65.0,2.0,5.0,14.0,37.0,74.0,33.0,68.0,42.0,68.0,214.0,4.0,18.0,39.0,107.0,207.0,81.0,256.0,43.0,500.0,3970,3.0,9.0,5.0,23.0,21.0,24.0,35.0,47.0,19.0,127.0,106.0,108.0,174.0,69.0,2.0,214.0,68.0,14.0,,125.0,101.0,226.0,80.0,21.0,84.0,35.0,6.0,553.0,17.0,7.0,123.0,77.0,207.0,24.0,231.0,3.0,38.0,23.0,15.0,52.0,13.0,35.0,36.0,8.0,17.0,88.0,13.0,17.0,72.0,123.0,5.0,69.0,54.0,16.0,2.0,9.0,125.0,667.0,8.0,0.4953271028037383,0.5,0.7160493827160493,0.31640625,0.21739130434782608,0.31640625,0.5169082125603864,0.3333333333333333,0.6857142857142857,0.49352051835853133,0.328125,0.6585365853658537,0.5134297520661157,0.328125,0.6847826086956522,0.5529157667386609,,0.06763285024154589,0.09230769230769231,0.10810810810810811,,,15.237080447522644,0.5909090909090909,0.09333333333333334,0.009247027741083224,0.15609137055837563,0.01893095768374165,0.12399256044637322,0.014501510574018127,0.016129032258064516,0.007425742574257425,,0.03048780487804878,0.09578544061302682,0.07929515418502203,0.14545454545454545,0.15824915824915825,0.14948453608247422,0.011673151750972763,0.14038876889848811,0.5692307692307692,0.6271186440677966,0.6756756756756757,0.15982721382289417,0.5,0.5606060606060606,0.32432432432432434,0.1468682505399568,0.4852941176470588,0.4852941176470588,0.48484848484848486,0.09071274298056156,0.46220302375809935,0.3177570093457944,0.3177570093457944,0.6617647058823529,0.15625,0.4,,0.5625,0.2222222222222222,1.0,0.17073170731707318,0.47560975609756095,0.693304535637149,0.3177570093457944,0.5221906926406926,0.5393333333333333,0.5171621951219514,0.037894736842105266,0.07339449541284404,0.007782101167315175,0.042,0.254,9.92705314009662,26.173046875,0.20059970014992504,9.0,13.0,1.0,5.0,8.0,,,7.0,7.0,1.0,2.0,5.0,5.0,3.0,13.0,7.0,14.0,9.0,0.08641975308641975,0.01634877384196185,0.6428571428571429,0.30952380952380953,0.30952380952380953,1.0,0.15625,0.2,0.6428571428571429,0.0975609756097561,3.0,17.0,20.0,2.0,4.0,6.0,1.0,,1.0,6.0,8.0,0.425531914893617,1.0,0.375,0.4358974358974359,1.0,,,,,3.0,,,False,,1.0,,1.0
1642273,1610612764,Kyshawn George,Kyshawn George,1642273,WAS,65836.0,1097,-191.0,2302,2309,462.0,523.0,262.0,4611,44.0,76.0,7.0,10.0,14.0,14.0,46.0,1.0,11.0,42.0,60.0,175.0,7.0,13.0,33.0,59.0,133.0,73.0,217.0,41.0,378.0,2679,7.0,16.0,7.0,15.0,35.0,11.0,23.0,43.0,17.0,84.0,62.0,56.0,198.0,21.0,10.0,172.0,60.0,25.0,4.0,57.0,50.0,107.0,40.0,10.0,43.0,11.0,3.0,264.0,16.0,17.0,76.0,71.0,161.0,34.0,195.0,6.0,43.0,25.0,18.0,38.0,8.0,23.0,28.0,5.0,15.0,66.0,7.0,13.0,77.0,126.0,5.0,57.0,58.0,24.0,,7.0,84.0,457.0,6.0,0.5254237288135594,0.5740740740740741,0.9041095890410958,0.33640552995391704,0.4666666666666667,0.3411214953271028,0.44360902255639095,0.4375,0.4782608695652174,0.48142857142857143,0.5645161290322581,0.5075757575757576,0.5,0.546875,0.5454545454545454,0.62,0.018433179723502304,0.18796992481203006,0.15789473684210525,0.2391304347826087,0.18181818181818182,0.022857142857142857,17.02619414483821,0.5757575757575758,0.12283737024221453,0.032504780114722756,0.14048059149722736,0.025806451612903226,0.13136729222520108,0.028871391076115485,0.03428571428571429,0.02909090909090909,0.0410958904109589,0.03571428571428571,0.08762886597938144,0.14511041009463724,0.11940298507462686,0.14430379746835442,0.13013698630136986,0.032432432432432434,0.21714285714285714,0.5789473684210527,0.6875,0.5909090909090909,0.13142857142857142,0.30434782608695654,0.4,0.35714285714285715,0.03142857142857143,0.09090909090909091,0.1111111111111111,,0.12,0.5,0.34285714285714286,0.3508771929824561,0.8833333333333333,0.3225806451612903,0.7,0.14285714285714285,0.41935483870967744,0.5384615384615384,0.5714285714285714,0.21212121212121213,0.5,0.8371428571428572,0.3488372093023256,0.5414210144927537,0.5095738095238096,0.5438647540983607,0.06486486486486487,0.1568627450980392,,0.09259259259259259,0.2222222222222222,5.314285714285714,26.75668202764977,0.20069504778453517,10.0,13.0,,2.0,10.0,,3.0,14.0,7.0,,1.0,8.0,4.0,1.0,33.0,11.0,36.0,21.0,0.23728813559322035,0.023622047244094488,0.5833333333333334,0.30952380952380953,0.30952380952380953,1.0,0.06451612903225806,,0.7142857142857143,0.15151515151515152,4.0,11.0,15.0,3.0,1.0,2.0,3.0,3.0,,22.0,10.0,0.3488372093023256,,0.4,0.3333333333333333,,1.0,,,,1.0,0.021739130434782608,,False,,,,
1642259,1610612764,Alex Sarr,Alex Sarr,1642259,WAS,88802.0,1480,-423.0,3156,3176,534.0,587.0,341.0,6332,106.0,166.0,26.0,48.0,33.0,58.0,200.0,11.0,28.0,44.0,74.0,232.0,11.0,27.0,37.0,175.0,394.0,92.0,276.0,89.0,715.0,3731,36.0,74.0,11.0,31.0,131.0,34.0,60.0,41.0,31.0,135.0,252.0,98.0,261.0,15.0,48.0,232.0,74.0,29.0,2.0,77.0,53.0,130.0,45.0,8.0,51.0,19.0,7.0,313.0,42.0,69.0,100.0,148.0,262.0,111.0,373.0,16.0,37.0,31.0,6.0,59.0,5.0,30.0,28.0,6.0,29.0,87.0,14.0,14.0,77.0,121.0,10.0,101.0,139.0,65.0,,8.0,135.0,532.0,8.0,0.72,0.8344370860927153,0.9456521739130435,0.3333333333333333,0.3548387096774194,0.3333333333333333,0.44416243654822335,0.4864864864864865,0.5666666666666667,0.4671641791044776,0.5,0.5148514851485149,0.48705722070844687,0.5598290598290598,0.5532786885245902,0.41194029850746267,0.007246376811594203,0.07360406091370558,0.10240963855421686,0.06,,0.004310344827586207,23.100731570061903,0.6781609195402298,0.193717277486911,0.0941336971350614,0.13280212483399734,0.04778156996587031,0.16348055372445616,0.06885856079404466,0.13934426229508196,0.07591623036649214,0.056074766355140186,0.05194805194805195,0.16216216216216217,0.21553884711779447,0.18867924528301888,0.12410071942446044,0.15736040609137056,0.04336043360433604,0.24776119402985075,0.6385542168674698,0.7114093959731543,0.7075471698113207,0.29850746268656714,0.29,0.30851063829787234,0.7068965517241379,0.041791044776119404,0.39285714285714285,0.39285714285714285,0.9090909090909091,0.06567164179104477,0.34626865671641793,0.31896551724137934,0.3203463203463203,0.9324324324324325,0.45714285714285713,0.5416666666666666,0.15384615384615385,0.2571428571428571,0.4074074074074074,0.8181818181818182,0.32673267326732675,0.36633663366336633,0.6597014925373135,0.31896551724137934,0.5281135820895522,0.5407370129870132,0.5391158415841584,0.08953168044077135,0.14444444444444443,,0.18321678321678322,0.1888111888111888,5.952791878172587,25.87644927536231,0.16920152091254753,26.0,18.0,,4.0,4.0,26.0,,14.0,2.0,2.0,,9.0,9.0,,84.0,41.0,84.0,54.0,0.1686746987951807,0.04689655172413793,0.6428571428571429,0.4090909090909091,0.4186046511627907,1.0,0.0380952380952381,,0.7878787878787878,0.039603960396039604,,12.0,12.0,2.0,4.0,1.0,,,,43.0,4.0,0.2926829268292683,,,0.32432432432432434,,,7.0,,,2.0,,,False,,,0.022727272727272728,
1642358,1610612764,AJ Johnson,AJ Johnson,1642358,WAS,14842.0,247,11.0,517,516,109.0,112.0,67.0,1033,19.0,31.0,,1.0,4.0,5.0,10.0,,1.0,5.0,9.0,32.0,1.0,5.0,10.0,24.0,42.0,10.0,37.0,13.0,91.0,582,,1.0,1.0,6.0,3.0,3.0,6.0,12.0,5.0,17.0,32.0,16.0,21.0,9.0,,30.0,9.0,2.0,1.0,21.0,19.0,40.0,18.0,1.0,14.0,6.0,1.0,99.0,3.0,2.0,16.0,9.0,25.0,5.0,30.0,1.0,7.0,6.0,1.0,11.0,,9.0,2.0,,2.0,13.0,1.0,1.0,14.0,17.0,1.0,12.0,15.0,9.0,,,17.0,109.0,,0.6666666666666666,0.6666666666666666,0.7,0.2702702702702703,0.16666666666666666,0.2857142857142857,0.5714285714285714,,0.5,0.4936708860759494,0.21428571428571427,0.3333333333333333,0.5352941176470588,0.21428571428571427,0.425,0.46835443037974683,0.02702702702702703,0.047619047619047616,0.03225806451612903,0.1,,0.03125,16.44295302013423,0.8461538461538461,0.07563025210084033,0.017094017094017096,0.1095890410958904,0.022222222222222223,0.09433962264150944,0.01984126984126984,0.017241379310344827,0.024390243902439025,,0.07692307692307693,0.05,0.1111111111111111,,0.09821428571428571,0.14705882352941177,0.025,0.3924050632911392,0.6129032258064516,0.6333333333333333,0.7368421052631579,0.12658227848101267,0.5,0.5555555555555556,0.4,0.012658227848101266,,,,0.06329113924050633,0.4050632911392405,0.28125,0.2903225806451613,0.6666666666666666,0.14285714285714285,,,0.7142857142857143,0.2,1.0,0.2222222222222222,0.5555555555555556,0.8607594936708861,0.3,0.564579605263158,0.56385,0.53374,0.10588235294117647,0.1875,,0.03296703296703297,0.18681318681318682,3.55,27.64594594594595,0.21083172147001933,2.0,1.0,,1.0,2.0,,2.0,,1.0,,,,3.0,,1.0,1.0,1.0,,,0.009174311926605505,,0.2,0.2,1.0,0.14285714285714285,,0.5,0.1111111111111111,,2.0,2.0,,,,,,,,1.0,0.16666666666666666,,,0.2,,,,,,,,,False,,,,
1630215,1610612764,Jared Butler,Jared Butler,1630215,WAS,14368.0,239,15.0,506,501,185.0,206.0,86.0,1007,27.0,38.0,5.0,7.0,10.0,18.0,57.0,4.0,8.0,3.0,9.0,27.0,2.0,7.0,7.0,49.0,103.0,10.0,30.0,26.0,154.0,547,7.0,13.0,2.0,7.0,23.0,15.0,29.0,7.0,17.0,56.0,18.0,80.0,24.0,6.0,8.0,27.0,9.0,19.0,,35.0,21.0,56.0,14.0,7.0,20.0,13.0,2.0,133.0,2.0,10.0,6.0,11.0,17.0,12.0,29.0,4.0,11.0,7.0,4.0,16.0,2.0,14.0,4.0,,2.0,20.0,1.0,4.0,14.0,28.0,1.0,26.0,34.0,15.0,,6.0,56.0,185.0,4.0,0.1836734693877551,0.2,0.8,0.3333333333333333,0.2857142857142857,0.3333333333333333,0.47572815533980584,0.5384615384615384,0.5172413793103449,0.48120300751879697,0.5,0.5416666666666666,0.5277777777777778,0.5476190476190477,0.6111111111111112,0.22556390977443608,,0.18446601941747573,0.07894736842105263,0.24561403508771928,0.25,,26.809210526315788,0.8,0.10679611650485436,0.062111801242236024,0.04580152671755725,0.016260162601626018,0.07264957264957266,0.04225352112676056,0.041666666666666664,0.08247422680412371,,,0.21875,0.06666666666666667,,0.038834951456310676,0.07142857142857142,0.07407407407407407,0.2857142857142857,0.7105263157894737,0.7714285714285715,0.25925925925925924,0.42857142857142855,0.3157894736842105,0.4186046511627907,0.1111111111111111,0.06015037593984962,0.5,0.6666666666666666,,0.022556390977443608,0.20300751879699247,0.3333333333333333,0.3333333333333333,0.7777777777777778,0.35,0.7142857142857143,0.2,0.35,0.2857142857142857,1.0,0.2777777777777778,0.19444444444444445,0.5112781954887218,0.3333333333333333,0.49780984848484844,0.5048333333333334,0.46641527777777775,0.10869565217391304,0.1388888888888889,,0.14935064935064934,0.36363636363636365,6.416504854368932,26.81333333333333,0.36561264822134387,8.0,1.0,,,,3.0,,,,1.0,1.0,,10.0,3.0,5.0,2.0,5.0,2.0,,0.020833333333333332,0.4,0.3333333333333333,0.3333333333333333,1.0,,,0.8,,,3.0,3.0,,,,,,,3.0,6.0,0.42857142857142855,,,0.42857142857142855,,,,,,,,,False,,,,1.0
1629667,1610612764,Jalen McDaniels,Jalen McDaniels,1629667,WAS,439.0,7,-1.0,14,18,14.0,17.0,1.0,32,,,,,,,,,,,,,,,,,,,,,,14,,,,,,,,,,,,,,,,,,,,,1.0,1.0,,1.0,,,,3.0,,,,,,,,,1.0,,1.0,,,,,,,,,,,,,,,,,,,14.0,,,,,,,,,,,,,,,,,,,,,,,,,,,,,,,,,,,,,,,,,,,,,,,,,,,,,,,,,,,,,,,,,,,,,,,,,,,,,,,1.0,,,,,,,,,,,,,,,,,,,,,,,,,,,,,,,,,,,,,,,,,,,,,,,,,,,,False,,,,
203935,1610612764,Marcus Smart,Marcus Smart,203935,WAS,13676.0,228,-48.0,477,482,148.0,165.0,60.0,959,7.0,10.0,1.0,2.0,3.0,15.0,34.0,2.0,4.0,13.0,11.0,33.0,1.0,3.0,12.0,24.0,48.0,18.0,46.0,19.0,121.0,547,2.0,4.0,1.0,3.0,8.0,5.0,11.0,15.0,13.0,44.0,16.0,32.0,48.0,6.0,2.0,32.0,11.0,1.0,,18.0,16.0,34.0,9.0,7.0,12.0,5.0,1.0,84.0,4.0,,9.0,11.0,20.0,4.0,24.0,,14.0,9.0,5.0,10.0,3.0,6.0,7.0,,4.0,17.0,2.0,6.0,9.0,20.0,3.0,27.0,28.0,7.0,,8.0,43.0,147.0,7.0,0.3333333333333333,0.34782608695652173,0.8888888888888888,0.391304347826087,0.3333333333333333,0.4,0.5,0.5,0.45454545454545453,0.5425531914893617,0.5,0.5961538461538461,0.5654205607476636,0.5,0.6285714285714286,0.48936170212765956,,0.020833333333333332,0.1,,,,22.83609576427256,0.5882352941176471,0.0859375,,0.08108108108108109,0.03361344537815126,0.08368200836820083,0.01694915254237288,,,,,0.09523809523809523,0.08450704225352113,0.06666666666666667,0.07228915662650602,0.10714285714285714,,0.10638297872340426,0.7,0.7777777777777778,0.5714285714285714,0.3617021276595745,0.4411764705882353,0.4411764705882353,0.26666666666666666,0.0425531914893617,0.5,0.5,,0.13829787234042554,0.35106382978723405,0.3333333333333333,0.3333333333333333,0.8181818181818182,0.2857142857142857,0.5,1.0,0.42857142857142855,0.3333333333333333,1.0,0.11538461538461539,0.46153846153846156,0.5957446808510638,0.34375,0.5018408602150537,0.5783699999999999,0.4988920000000001,0.0707070707070707,0.1320754716981132,,0.06611570247933884,0.36363636363636365,7.293749999999999,26.580434782608698,0.31027253668763105,3.0,7.0,,,3.0,1.0,1.0,,,,1.0,2.0,2.0,,3.0,3.0,3.0,1.0,,0.0449438202247191,0.3333333333333333,0.5384615384615384,0.5384615384615384,1.0,,,1.0,0.11538461538461539,3.0,4.0,7.0,,2.0,4.0,,,,,2.0,0.4666666666666667,,1.0,0.3333333333333333,,,,,,,,,False,,,,
1630264,1610612764,Anthony Gill,Anthony Gill,1630264,WAS,16641.0,277,-12.0,576,585,203.0,214.0,77.0,1161,12.0,16.0,3.0,3.0,3.0,11.0,20.0,,2.0,9.0,5.0,12.0,1.0,2.0,5.0,23.0,38.0,8.0,21.0,29.0,99.0,640,3.0,3.0,1.0,2.0,16.0,6.0,12.0,8.0,20.0,47.0,28.0,18.0,24.0,,6.0,12.0,5.0,4.0,,8.0,6.0,14.0,5.0,1.0,6.0,2.0,,34.0,4.0,6.0,23.0,10.0,35.0,10.0,45.0,1.0,7.0,4.0,3.0,5.0,2.0,3.0,4.0,,2.0,9.0,,,16.0,23.0,2.0,29.0,43.0,18.0,,4.0,47.0,203.0,4.0,0.6086956521739131,0.7,1.0,0.38095238095238093,0.5,0.38095238095238093,0.6052631578947368,1.0,0.5,0.5932203389830508,0.9,0.675,0.6346153846153846,0.8888888888888888,0.7580645161290323,0.3559322033898305,,0.10526315789473684,,0.15,0.5,,13.141993957703928,0.5555555555555556,0.09009009009009009,0.04285714285714286,0.14285714285714285,0.029850746268656716,0.1213235294117647,0.0364963503649635,0.10256410256410256,0.024096385542168676,,0.06896551724137931,0.12,0.07042253521126761,0.13333333333333333,0.14516129032258066,0.13513513513513514,0.041666666666666664,0.2711864406779661,0.75,0.75,0.6666666666666666,0.3389830508474576,0.55,0.6470588235294118,0.5454545454545454,0.03389830508474576,,,,0.15254237288135594,0.2033898305084746,0.4166666666666667,0.4166666666666667,1.0,0.6,1.0,,0.4,0.5,1.0,0.15,0.25,0.6271186440677966,0.4166666666666667,0.5029,0.5287125,0.45798749999999994,0.24324324324324326,0.33962264150943394,,0.16161616161616163,0.47474747474747475,5.4605263157894735,24.87142857142857,0.3524305555555556,2.0,3.0,,,3.0,7.0,,2.0,,,,4.0,3.0,,2.0,1.0,2.0,2.0,0.2,0.01904761904761905,1.0,0.3333333333333333,0.3333333333333333,1.0,,,0.6666666666666666,0.15,2.0,3.0,5.0,,3.0,2.0,,,,1.0,,0.625,,0.6666666666666666,0.6,,,1.0,,,,,,False,,,,
203114,1610612764,Khris Middleton,Khris Middleton,203114,WAS,17710.0,295,-2.0,638,633,147.0,150.0,66.0,1271,7.0,9.0,1.0,1.0,4.0,18.0,42.0,12.0,24.0,8.0,10.0,36.0,2.0,4.0,11.0,37.0,75.0,12.0,44.0,32.0,142.0,714,6.0,9.0,2.0,4.0,21.0,7.0,14.0,12.0,4.0,21.0,34.0,40.0,36.0,,6.0,35.0,10.0,4.0,2.0,24.0,22.0,46.0,14.0,8.0,21.0,2.0,1.0,114.0,3.0,5.0,20.0,21.0,43.0,8.0,51.0,1.0,17.0,13.0,4.0,11.0,3.0,7.0,8.0,1.0,4.0,19.0,2.0,4.0,9.0,22.0,1.0,30.0,36.0,16.0,2.0,3.0,21.0,145.0,2.0,0.4594594594594595,0.5,1.0,0.2727272727272727,0.5,0.27906976744186046,0.49333333333333335,0.6666666666666666,0.5,0.46218487394957986,0.6923076923076923,0.3269230769230769,0.5298507462686567,0.75,0.375,0.3697478991596639,0.045454545454545456,0.05333333333333334,,0.07142857142857142,0.041666666666666664,0.027777777777777776,21.51898734177215,0.5789473684210527,0.12574850299401197,0.03597122302158273,0.1388888888888889,0.01910828025477707,0.13183279742765272,0.02702702702702703,0.021739130434782608,0.045454545454545456,0.037037037037037035,0.03125,0.1206896551724138,0.12087912087912088,0.16666666666666666,0.13513513513513514,0.15151515151515152,0.016129032258064516,0.07563025210084033,0.7777777777777778,0.7777777777777778,0.8571428571428571,0.35294117647058826,0.42857142857142855,0.46153846153846156,0.3333333333333333,0.20168067226890757,0.5,0.5217391304347826,0.4166666666666667,0.06722689075630252,0.3025210084033613,0.2777777777777778,0.2857142857142857,1.0,0.07692307692307693,1.0,,0.3076923076923077,0.5,1.0,0.15384615384615385,0.4230769230769231,0.44537815126050423,0.2857142857142857,0.48758220338983055,0.45707857142857133,0.47302,0.13740458015267176,0.1839080459770115,0.045454545454545456,0.14788732394366197,0.14788732394366197,10.837333333333333,26.827272727272724,0.2304075235109718,4.0,2.0,,,1.0,3.0,1.0,2.0,1.0,,4.0,,4.0,,3.0,1.0,3.0,3.0,0.09523809523809523,0.016,1.0,0.25,0.2857142857142857,1.0,,,1.0,0.038461538461538464,,1.0,1.0,,,,,,,2.0,2.0,0.08333333333333333,,,0.09090909090909091,2.0,,,,,,,,False,,,0.125,
1641732,1610612764,Colby Jones,Colby Jones,1641732,WAS,7567.0,126,-26.0,257,254,73.0,46.0,28.0,511,6.0,8.0,3.0,3.0,3.0,5.0,8.0,,2.0,2.0,5.0,11.0,1.0,1.0,2.0,11.0,18.0,6.0,13.0,6.0,46.0,305,3.0,4.0,1.0,1.0,9.0,4.0,5.0,2.0,6.0,20.0,10.0,12.0,18.0,,4.0,11.0,5.0,1.0,,11.0,2.0,13.0,2.0,,9.0,2.0,,28.0,3.0,2.0,7.0,7.0,15.0,6.0,21.0,1.0,6.0,6.0,,4.0,,3.0,1.0,,1.0,5.0,,1.0,3.0,7.0,1.0,8.0,12.0,2.0,1.0,4.0,20.0,73.0,4.0,0.45454545454545453,0.5555555555555556,1.0,0.46153846153846156,1.0,0.46153846153846156,0.6111111111111112,0.75,0.8,0.6451612903225806,0.9,1.0,0.6388888888888888,0.9,0.8333333333333334,0.41935483870967744,,0.05555555555555555,,0.125,,,14.0893470790378,0.8,0.10606060606060606,0.03225806451612903,0.12280701754385964,0.046875,0.11382113821138211,0.03968253968253968,0.041666666666666664,0.034482758620689655,,,,0.125,0.2857142857142857,0.15384615384615385,0.05555555555555555,0.08333333333333333,0.25806451612903225,0.75,0.75,0.16666666666666666,0.25806451612903225,0.625,0.7142857142857143,0.8,0.06451612903225806,,,,0.06451612903225806,0.3548387096774194,0.45454545454545453,0.45454545454545453,1.0,0.6,1.0,0.3333333333333333,0.2,1.0,1.0,0.42857142857142855,0.2857142857142857,0.6774193548387096,0.45454545454545453,0.5017580645161289,0.596325,0.50325,0.09375,0.10526315789473684,0.07692307692307693,0.1956521739130435,0.43478260869565216,6.966666666666666,25.807692307692303,0.2840466926070039,3.0,1.0,,,,,,1.0,,,,,1.0,,4.0,2.0,4.0,2.0,0.14285714285714285,0.058823529411764705,0.5,0.5,0.5,1.0,,,1.0,,,2.0,2.0,,1.0,,,,,2.0,,1.0,,,1.0,1.0,1.0,,,,,0.07692307692307693,,False,,,,
1631098,1610612764,Johnny Davis,Johnny Davis,1631098,WAS,10212.0,170,11.0,362,365,164.0,151.0,52.0,727,10.0,14.0,2.0,2.0,6.0,5.0,17.0,2.0,3.0,12.0,4.0,12.0,1.0,3.0,4.0,17.0,34.0,6.0,24.0,9.0,61.0,377,3.0,4.0,1.0,4.0,9.0,7.0,21.0,12.0,3.0,26.0,22.0,12.0,18.0,,2.0,12.0,4.0,2.0,,4.0,4.0,8.0,3.0,1.0,3.0,1.0,,20.0,5.0,2.0,11.0,8.0,19.0,7.0,26.0,2.0,10.0,5.0,5.0,2.0,,2.0,3.0,2.0,,5.0,1.0,3.0,7.0,12.0,,11.0,15.0,6.0,,1.0,26.0,164.0,1.0,0.6470588235294118,0.6875,1.0,0.25,0.25,0.25,0.5,0.75,0.3333333333333333,0.4482758620689655,0.5625,0.3484848484848485,0.46153846153846156,0.5625,0.35714285714285715,0.41379310344827586,,0.058823529411764705,0.07142857142857142,0.058823529411764705,,,16.548463356973993,0.4,0.10810810810810811,0.02,0.11,0.05813953488372093,0.10919540229885058,0.03763440860215054,,0.03125,,0.08695652173913043,0.15,0.1,,0.0759493670886076,0.23809523809523808,0.06060606060606061,0.2413793103448276,0.7142857142857143,0.7692307692307693,0.6,0.29310344827586204,0.29411764705882354,0.3125,0.8,0.05172413793103448,0.6666666666666666,0.6666666666666666,0.5,0.20689655172413793,0.20689655172413793,0.3333333333333333,0.3333333333333333,1.0,0.25,1.0,0.5,0.375,0.3333333333333333,1.0,0.18181818181818182,0.12121212121212122,0.6551724137931034,0.3333333333333333,0.5160474137931035,0.5551,0.510410606060606,0.09375,0.15,,0.14754098360655737,0.4262295081967213,6.305882352941175,25.108333333333334,0.4530386740331492,5.0,2.0,,1.0,8.0,,,,1.0,,,1.0,,1.0,1.0,1.0,1.0,1.0,,0.047619047619047616,1.0,0.16666666666666666,0.16666666666666666,1.0,0.125,,0.8333333333333334,0.24242424242424243,1.0,2.0,3.0,,1.0,1.0,,,,,1.0,0.25,,0.125,0.5,,,,,,,,,False,,,,
1631116,1610612764,Patrick Baldwin Jr.,Patrick Baldwin Jr.,1631116,WAS,5479.0,91,40.0,196,195,114.0,102.0,36.0,391,5.0,9.0,1.0,4.0,5.0,,1.0,,,4.0,8.0,17.0,1.0,1.0,10.0,5.0,10.0,11.0,21.0,1.0,44.0,194,1.0,4.0,1.0,1.0,5.0,4.0,6.0,12.0,1.0,27.0,8.0,2.0,33.0,,,17.0,8.0,2.0,,2.0,,2.0,,,1.0,1.0,,4.0,1.0,3.0,8.0,8.0,16.0,5.0,21.0,1.0,3.0,3.0,,5.0,,2.0,,,3.0,5.0,2.0,3.0,3.0,4.0,,1.0,2.0,,,1.0,27.0,114.0,1.0,0.8,0.8,1.0,0.5238095238095238,1.0,0.5238095238095238,0.5,0.25,0.6666666666666666,0.6935483870967742,0.5,0.7222222222222222,0.6875,0.5,0.7105263157894737,0.6774193548387096,,0.2,0.1111111111111111,1.0,,,15.416666666666668,1.0,0.21052631578947367,0.047619047619047616,0.16326530612244897,0.023255813953488372,0.1839080459770115,0.03773584905660377,0.09523809523809523,0.02631578947368421,,0.07142857142857142,0.2727272727272727,0.20833333333333334,,0.18421052631578946,0.09090909090909091,0.07692307692307693,0.2903225806451613,0.5555555555555556,0.625,0.8,0.03225806451612903,,,,,,,,0.12903225806451613,0.5483870967741935,0.47058823529411764,0.47058823529411764,1.0,0.8,0.25,,0.2,1.0,1.0,0.2777777777777778,0.5555555555555556,0.967741935483871,0.47058823529411764,0.5272983870967742,0.45933333333333337,0.531225,,,,0.11363636363636363,0.6136363636363636,2.37,26.06666666666667,0.5816326530612245,4.0,3.0,,,2.0,,,,,,,,,,2.0,2.0,2.0,2.0,,,1.0,0.75,0.75,1.0,,,0.8,0.1111111111111111,2.0,4.0,6.0,,,,,,,,,0.5,,1.0,0.4,,1.0,,,,,0.07142857142857142,,False,,,,
1641774,1610612764,Tristan Vukcevic,Tristan Vukcevic,1641774,WAS,19614.0,327,-43.0,688,681,241.0,197.0,74.0,1369,33.0,44.0,8.0,10.0,20.0,14.0,29.0,5.0,9.0,7.0,23.0,65.0,1.0,3.0,23.0,52.0,82.0,25.0,72.0,32.0,211.0,793,10.0,12.0,2.0,5.0,31.0,19.0,27.0,25.0,10.0,78.0,80.0,24.0,75.0,,16.0,63.0,23.0,5.0,,17.0,10.0,27.0,9.0,1.0,9.0,5.0,3.0,64.0,7.0,11.0,27.0,37.0,70.0,19.0,89.0,4.0,11.0,5.0,6.0,13.0,4.0,5.0,8.0,,8.0,21.0,2.0,5.0,24.0,36.0,2.0,38.0,42.0,23.0,1.0,1.0,78.0,241.0,1.0,0.7692307692307693,0.9090909090909091,1.0,0.3472222222222222,0.4,0.35714285714285715,0.6341463414634146,0.8333333333333334,0.7037037037037037,0.5811688311688312,0.7647058823529411,0.6538461538461539,0.6169590643274854,0.775,0.6724137931034483,0.4675324675324675,,0.06097560975609756,0.045454545454545456,0.10344827586206896,,,24.83829236739974,0.6190476190476191,0.22289156626506024,0.07586206896551724,0.15168539325842698,0.03804347826086957,0.18604651162790697,0.0547112462006079,0.12280701754385964,0.05333333333333334,,0.05555555555555555,0.1891891891891892,0.24324324324324326,0.16666666666666666,0.15151515151515152,0.15217391304347827,0.05714285714285714,0.2857142857142857,0.75,0.7857142857142857,0.7272727272727273,0.18831168831168832,0.4827586206896552,0.5384615384615384,0.9285714285714286,0.05844155844155844,0.5555555555555556,0.5555555555555556,0.6,0.045454545454545456,0.42207792207792205,0.35384615384615387,0.35384615384615387,1.0,0.5882352941176471,0.8,,0.17647058823529413,0.3333333333333333,1.0,0.38461538461538464,0.4423076923076923,0.7532467532467533,0.36507936507936506,0.5229740131578946,0.5519181818181819,0.535803,0.1411764705882353,0.23469387755102042,0.013888888888888888,0.14691943127962084,0.3696682464454976,5.804878048780487,26.92916666666667,0.3502906976744186,13.0,2.0,1.0,2.0,2.0,5.0,2.0,6.0,2.0,,4.0,2.0,7.0,,15.0,6.0,16.0,7.0,0.4,0.033783783783783786,0.4375,0.2857142857142857,0.2857142857142857,1.0,0.11764705882352941,0.5,0.65,0.038461538461538464,,10.0,10.0,,6.0,1.0,1.0,1.0,,9.0,1.0,0.4,1.0,,0.43478260869565216,1.0,1.0,1.0,,,2.0,0.038461538461538464,,False,,,,1.0
1628963,1610612764,Marvin Bagley III,Marvin Bagley III,1628963,WAS,9630.0,160,-14.0,342,340,112.0,107.0,47.0,682,29.0,39.0,13.0,18.0,11.0,6.0,19.0,1.0,2.0,2.0,2.0,8.0,,1.0,2.0,36.0,60.0,2.0,10.0,15.0,93.0,376,14.0,21.0,,1.0,29.0,12.0,18.0,3.0,6.0,30.0,34.0,38.0,6.0,,22.0,8.0,2.0,3.0,,4.0,3.0,7.0,3.0,,3.0,,1.0,17.0,11.0,16.0,10.0,16.0,28.0,27.0,55.0,5.0,7.0,5.0,2.0,7.0,2.0,4.0,3.0,,3.0,10.0,3.0,4.0,9.0,12.0,,20.0,23.0,12.0,,1.0,30.0,112.0,1.0,0.4722222222222222,0.68,1.0,0.2,,0.2,0.6,0.6666666666666666,0.6666666666666666,0.5571428571428572,0.6363636363636364,0.5714285714285714,0.58125,0.6041666666666666,0.625,0.14285714285714285,,0.05,0.05128205128205128,0.05263157894736842,,,22.22222222222222,0.7,0.21052631578947367,0.16666666666666666,0.11494252873563218,0.12941176470588237,0.15950920245398773,0.14917127071823205,0.3333333333333333,0.10344827586206896,0.09090909090909091,0.15,0.25,0.21739130434782608,0.1,0.11428571428571428,0.11764705882352941,0.1724137931034483,0.5571428571428572,0.7435897435897436,0.7837837837837838,0.3793103448275862,0.2714285714285714,0.3157894736842105,0.3333333333333333,0.8333333333333334,0.02857142857142857,0.5,0.5,1.0,0.02857142857142857,0.11428571428571428,0.25,0.25,1.0,0.8181818181818182,0.7222222222222222,,0.045454545454545456,,,0.5238095238095238,0.09523809523809523,0.7,0.25,0.570395,0.5887535714285714,0.5875404761904761,0.1518987341772152,0.17391304347826086,,0.3118279569892473,0.3225806451612903,3.9633333333333334,26.32,0.32748538011695905,9.0,,,,1.0,1.0,,2.0,,,1.0,1.0,3.0,,5.0,2.0,5.0,2.0,0.18181818181818182,0.12307692307692308,0.4,,,,,,0.8181818181818182,0.047619047619047616,,,,1.0,,,,,,3.0,2.0,,,,,,,,,,,,,False,,,,
1630550,1610612764,JT Thor,JT Thor,1630550,WAS,4893.0,82,-19.0,167,165,37.0,31.0,19.0,332,7.0,8.0,2.0,3.0,2.0,1.0,5.0,,,5.0,1.0,4.0,,1.0,1.0,8.0,13.0,1.0,9.0,3.0,22.0,188,2.0,4.0,,1.0,4.0,2.0,3.0,3.0,,4.0,12.0,4.0,3.0,,4.0,4.0,1.0,1.0,,1.0,3.0,4.0,3.0,,,1.0,,11.0,8.0,,4.0,2.0,7.0,8.0,15.0,,3.0,2.0,1.0,,,,,,,,,,4.0,5.0,,5.0,6.0,3.0,,,4.0,37.0,,0.75,1.0,1.0,0.1111111111111111,,0.1111111111111111,0.6153846153846154,0.5,0.6666666666666666,0.4318181818181818,0.4,0.3333333333333333,0.44,0.4,0.3333333333333333,0.4090909090909091,,0.07692307692307693,,0.2,,,13.089005235602095,,0.045454545454545456,,0.09302325581395349,0.16666666666666666,0.06896551724137931,0.0898876404494382,,,,0.2222222222222222,0.07692307692307693,0.04,,0.03333333333333333,0.23076923076923078,,0.36363636363636365,0.875,0.875,0.7142857142857143,0.22727272727272727,0.2,0.25,1.0,,,,,0.22727272727272727,0.18181818181818182,0.25,0.25,1.0,0.6,0.6666666666666666,,0.2,,,0.3333333333333333,0.16666666666666666,0.7727272727272727,0.25,0.5627113636363638,0.4521,0.64395,0.12,0.1875,,0.18181818181818182,0.18181818181818182,4.061538461538462,24.388888888888886,0.2215568862275449,1.0,,,,2.0,,,1.0,,,,,,,3.0,1.0,3.0,3.0,0.2,0.15384615384615385,1.0,,,,,,0.5,0.3333333333333333,,,,,,,,,,2.0,1.0,,,,,,,,,,,,,False,,,,
1641798,1610612764,Jaylen Martin,Jaylen Martin,1641798,WAS,6703.0,112,-48.0,228,226,46.0,49.0,30.0,454,10.0,16.0,2.0,4.0,4.0,2.0,11.0,,1.0,2.0,4.0,9.0,1.0,3.0,,12.0,28.0,4.0,11.0,3.0,39.0,260,3.0,6.0,1.0,4.0,9.0,2.0,9.0,1.0,,4.0,16.0,8.0,12.0,,4.0,9.0,4.0,1.0,,4.0,3.0,7.0,2.0,1.0,1.0,3.0,,17.0,2.0,4.0,12.0,8.0,21.0,6.0,27.0,1.0,2.0,1.0,1.0,5.0,1.0,5.0,2.0,1.0,,7.0,,1.0,2.0,3.0,,3.0,3.0,2.0,,,4.0,46.0,,0.6666666666666666,0.8,1.0,0.36363636363636365,0.25,0.36363636363636365,0.42857142857142855,0.5,0.2222222222222222,0.46153846153846156,0.45,0.2,0.4875,0.45,0.2,0.28205128205128205,,0.03571428571428571,0.0625,,,,17.60299625468165,0.7142857142857143,0.16326530612244897,0.06557377049180328,0.1935483870967742,0.028985507246376812,0.18018018018018017,0.046153846153846156,0.07692307692307693,0.06666666666666667,,,0.11764705882352941,0.16,0.2857142857142857,0.18181818181818182,0.2222222222222222,0.05,0.41025641025641024,0.625,0.6666666666666666,0.6,0.28205128205128205,0.18181818181818182,0.18181818181818182,1.0,0.02564102564102564,,,,0.05128205128205128,0.23076923076923078,0.4444444444444444,0.4444444444444444,1.0,0.4,0.5,,0.3,0.3333333333333333,1.0,0.4,,0.6923076923076923,0.4444444444444444,0.5401858974358975,0.5710000000000001,0.48111,0.05,0.06896551724137931,,0.23076923076923078,0.10256410256410256,5.217857142857143,25.20909090909091,0.20175438596491227,2.0,,,1.0,1.0,,,1.0,,,,1.0,1.0,,,,,,0.25,0.03278688524590164,,,,,0.1,,0.5,0.1,,,,,,,,,,,,,,,,,,,,,,,,False,,,,
1626168,1610612758,Trey Lyles,Trey Lyles,1626168,SAC,4519.0,75,-22.0,159,158,27.0,37.0,22.0,317,3.0,6.0,,2.0,,1.0,2.0,1.0,1.0,9.0,2.0,9.0,,,,5.0,9.0,5.0,18.0,2.0,27.0,187,,2.0,,1.0,1.0,,,1.0,,3.0,8.0,2.0,15.0,,,9.0,2.0,1.0,,4.0,,4.0,,,2.0,2.0,,8.0,2.0,2.0,10.0,4.0,17.0,4.0,21.0,2.0,1.0,1.0,,1.0,2.0,,3.0,,1.0,4.0,,,4.0,6.0,1.0,4.0,3.0,2.0,,,3.0,27.0,,0.8,0.8,1.0,0.2777777777777778,,0.2777777777777778,0.5555555555555556,,,0.46296296296296297,,1.5,0.48214285714285715,0.125,1.5,0.6666666666666666,,0.1111111111111111,0.16666666666666666,,,,17.204301075268816,0.25,0.16666666666666666,0.046511627906976744,0.23255813953488372,0.05,0.208955223880597,0.04819277108433735,0.07692307692307693,,0.07692307692307693,0.14285714285714285,0.16666666666666666,0.21428571428571427,,0.17857142857142858,0.3333333333333333,0.125,0.2222222222222222,0.5,0.6,1.0,0.07407407407407407,0.5,0.5,,0.037037037037037035,1.0,1.0,1.0,0.3333333333333333,0.3333333333333333,0.2222222222222222,0.2222222222222222,1.0,0.6666666666666666,,,,,,,,0.8888888888888888,0.2222222222222222,0.5510148148148147,0.6284,0.5889,0.07142857142857142,0.2,,0.037037037037037035,0.1111111111111111,4.455555555555556,24.805555555555557,0.16981132075471697,,3.0,,1.0,1.0,1.0,,3.0,,,1.0,,1.0,,,,,,0.5,0.030303030303030304,,0.3333333333333333,0.3333333333333333,1.0,0.3333333333333333,,,1.0,1.0,,1.0,,,,,,,,1.0,1.0,,1.0,,,,1.0,,,,,,True,,,,
1628365,1610612758,Markelle Fultz,Markelle Fultz,1628365,SAC,1814.0,30,-8.0,61,60,8.0,15.0,6.0,121,,,,,,3.0,8.0,1.0,2.0,1.0,1.0,2.0,1.0,1.0,,4.0,10.0,2.0,3.0,,14.0,72,,,1.0,1.0,3.0,1.0,2.0,,,2.0,8.0,,6.0,,,2.0,1.0,1.0,,1.0,1.0,2.0,1.0,,1.0,,,5.0,,1.0,3.0,,3.0,1.0,4.0,,1.0,,1.0,1.0,,1.0,1.0,,,2.0,,1.0,1.0,2.0,1.0,,,,,,2.0,8.0,,1.0,1.0,1.0,0.6666666666666666,1.0,0.6666666666666666,0.4,,0.5,0.5384615384615384,1.5,0.5,0.5384615384615384,1.5,0.5,0.23076923076923078,,0.1,,0.125,,,22.058823529411764,0.5,,0.05263157894736842,0.2727272727272727,,0.15789473684210525,0.034482758620689655,,0.1111111111111111,,,,,,0.25,0.3333333333333333,,,,,,0.6153846153846154,0.375,0.42857142857142855,1.0,0.15384615384615385,0.5,0.5,1.0,0.07692307692307693,0.15384615384615385,0.5,0.5,1.0,,,,1.0,1.0,1.0,,,0.23076923076923078,0.5,0.4518714285714286,0.4689,0.44905,,,,0.21428571428571427,0.14285714285714285,9.77,29.633333333333336,0.13114754098360656,,1.0,,,,,,,,,,,,,,,,,,,,1.0,1.0,1.0,,,,,,,,,,,,,,,,,,,,,,,,,,,,True,,,,
1631222,1610612758,Jake LaRavia,Jake LaRavia,1631222,SAC,10278.0,171,-17.0,346,347,79.0,76.0,50.0,693,4.0,5.0,,,1.0,4.0,13.0,,2.0,3.0,7.0,18.0,1.0,2.0,8.0,8.0,20.0,7.0,21.0,3.0,40.0,421,,2.0,1.0,2.0,5.0,1.0,3.0,8.0,,2.0,6.0,10.0,18.0,3.0,,16.0,7.0,2.0,,6.0,7.0,13.0,6.0,1.0,,3.0,3.0,33.0,5.0,6.0,6.0,7.0,14.0,11.0,25.0,2.0,8.0,5.0,3.0,8.0,,3.0,1.0,1.0,5.0,9.0,2.0,3.0,12.0,22.0,,9.0,8.0,4.0,,,2.0,79.0,,0.375,0.375,0.8571428571428571,0.3333333333333333,0.5,0.3684210526315789,0.4,,0.3333333333333333,0.45121951219512196,0.375,0.09090909090909091,0.4444444444444444,0.5,0.08333333333333333,0.5121951219512195,,0.1,0.2,0.07692307692307693,,,13.202933985330073,0.8888888888888888,0.11290322580645161,0.06451612903225806,0.08333333333333333,0.0684931506849315,0.09701492537313433,0.06626506024096386,0.045454545454545456,0.11627906976744186,,,0.125,0.09523809523809523,0.16666666666666666,0.06818181818181818,0.10714285714285714,0.09090909090909091,0.12195121951219512,0.8,1.0,0.25,0.3170731707317073,0.3076923076923077,0.3333333333333333,0.5,0.04878048780487805,,,,0.07317073170731707,0.43902439024390244,0.3888888888888889,0.3888888888888889,0.8571428571428571,,,,0.5,0.5,,0.09090909090909091,0.7272727272727273,0.6341463414634146,0.4375,0.5010921052631578,0.46475,0.5128277777777778,0.08888888888888889,0.16666666666666666,,0.125,0.05,7.609999999999999,27.9952380952381,0.22832369942196531,1.0,,,,,2.0,2.0,1.0,,,,2.0,,,2.0,1.0,2.0,2.0,0.07692307692307693,0.07692307692307693,1.0,,,,,,1.0,,,,,,1.0,1.0,,,,,3.0,,,,,,,,,,,,1.0,True,,,,
201942,1610612758,DeMar DeRozan,DeMar DeRozan,201942,SAC,17570.0,293,14.0,576,573,93.0,80.0,67.0,1149,2.0,4.0,1.0,1.0,1.0,32.0,50.0,32.0,60.0,11.0,9.0,21.0,1.0,2.0,5.0,66.0,114.0,15.0,32.0,42.0,219.0,703,3.0,5.0,1.0,3.0,14.0,13.0,22.0,6.0,12.0,41.0,42.0,90.0,45.0,,2.0,21.0,9.0,4.0,,23.0,26.0,49.0,22.0,4.0,10.0,10.0,3.0,124.0,2.0,3.0,9.0,12.0,21.0,5.0,26.0,2.0,4.0,2.0,2.0,9.0,2.0,5.0,4.0,1.0,4.0,13.0,,2.0,6.0,16.0,1.0,37.0,46.0,21.0,1.0,,41.0,93.0,,0.3181818181818182,0.3230769230769231,1.0,0.46875,0.3333333333333333,0.46875,0.5789473684210527,0.6,0.5909090909090909,0.6061643835616438,0.5625,0.5178571428571429,0.6506024096385542,0.5909090909090909,0.6029411764705882,0.2191780821917808,,0.03508771929824561,,0.04,0.03333333333333333,,27.08018154311649,0.6923076923076923,0.09523809523809523,0.017857142857142856,0.06818181818181818,0.020833333333333332,0.08139534883720931,0.01893939393939394,0.030303030303030304,0.023529411764705882,,,0.09375,0.11764705882352941,0.038461538461538464,0.0625,0.08333333333333333,0.03278688524590164,0.0273972602739726,0.5,0.5,0.5,0.3424657534246575,0.64,0.6666666666666666,0.25,0.410958904109589,0.5333333333333333,0.5517241379310345,0.375,0.07534246575342465,0.14383561643835616,0.42857142857142855,0.42857142857142855,1.0,0.125,1.0,,0.25,0.5,1.0,0.03571428571428571,0.17857142857142858,0.2465753424657534,0.42857142857142855,0.4508907534246575,0.42222857142857145,0.41387142857142856,0.13253012048192772,0.15789473684210525,0.030303030303030304,0.0639269406392694,0.1872146118721461,13.696491228070174,25.746875,0.16145833333333334,,6.0,,1.0,1.0,5.0,,,,,,,2.0,3.0,,,,,,0.02666666666666667,,0.5454545454545454,0.5454545454545454,1.0,0.125,,,0.03571428571428571,,1.0,1.0,,2.0,1.0,,,,,1.0,0.16666666666666666,,,0.2,,,,,,,,,True,,,,
202685,1610612758,Jonas Valančiūnas,Jonas Valančiūnas,202685,SAC,25230.0,420,-7.0,841,838,144.0,147.0,105.0,1679,44.0,71.0,20.0,34.0,4.0,31.0,61.0,8.0,19.0,1.0,1.0,7.0,,,,83.0,151.0,1.0,8.0,35.0,204.0,1013,27.0,43.0,,,71.0,9.0,12.0,,10.0,28.0,96.0,70.0,3.0,,42.0,7.0,1.0,12.0,,29.0,16.0,45.0,15.0,1.0,8.0,12.0,9.0,106.0,12.0,42.0,54.0,50.0,114.0,54.0,168.0,12.0,12.0,7.0,5.0,7.0,1.0,3.0,18.0,2.0,4.0,25.0,1.0,1.0,38.0,63.0,12.0,42.0,43.0,20.0,,3.0,28.0,144.0,3.0,0.5783132530120482,0.7741935483870968,1.0,0.125,,0.125,0.5496688741721855,0.627906976744186,0.75,0.5314465408805031,0.627906976744186,0.75,0.5698324022346368,0.6698113207547169,0.8235294117647058,0.050314465408805034,,0.07947019867549669,0.1267605633802817,0.04918032786885246,,,21.030927835051546,0.28,0.2840909090909091,0.18340611353711792,0.2857142857142857,0.07407407407407407,0.28493150684931506,0.13810741687979539,0.2692307692307692,0.168141592920354,0.140625,0.0967741935483871,0.23076923076923078,0.2871287128712871,0.3333333333333333,0.3076923076923077,0.23728813559322035,0.1935483870967742,0.44654088050314467,0.6197183098591549,0.7096774193548387,0.5227272727272727,0.3836477987421384,0.5081967213114754,0.5344827586206896,0.5806451612903226,0.11949685534591195,0.42105263157894735,0.42105263157894735,0.875,0.006289308176100629,0.0440251572327044,0.14285714285714285,0.14285714285714285,1.0,0.7906976744186046,0.5882352941176471,0.05,,,,0.3333333333333333,,0.4968553459119497,0.14285714285714285,0.49557774193548376,0.5239727272727273,0.46239166666666676,0.11363636363636363,0.11904761904761904,,0.3480392156862745,0.13725490196078433,5.94569536423841,25.8875,0.17122473246135553,3.0,,,,,17.0,,10.0,,,,8.0,3.0,,17.0,4.0,17.0,12.0,0.4,0.06870229007633588,0.7058823529411765,,,,,,0.75,,,,,,5.0,,,,,13.0,2.0,,,,,,,1.0,,3.0,3.0,,,True,,,,
1628370,1610612758,Malik Monk,Malik Monk,1628370,SAC,12007.0,200,20.0,402,404,57.0,69.0,54.0,806,4.0,9.0,,,2.0,15.0,33.0,4.0,10.0,5.0,13.0,34.0,1.0,5.0,6.0,23.0,52.0,15.0,39.0,9.0,100.0,484,,2.0,1.0,6.0,3.0,5.0,6.0,9.0,3.0,22.0,10.0,36.0,39.0,6.0,,34.0,13.0,5.0,1.0,30.0,15.0,45.0,7.0,8.0,18.0,7.0,5.0,105.0,3.0,1.0,12.0,8.0,21.0,4.0,25.0,,3.0,3.0,,18.0,4.0,13.0,5.0,1.0,5.0,23.0,3.0,4.0,6.0,10.0,,10.0,11.0,6.0,,1.0,22.0,57.0,,0.21739130434782608,0.21739130434782608,0.8666666666666667,0.38461538461538464,0.16666666666666666,0.38461538461538464,0.4423076923076923,,0.8333333333333334,0.5,0.1875,0.6333333333333333,0.5208333333333334,0.1875,0.6470588235294118,0.42857142857142855,0.02564102564102564,0.09615384615384616,0.1111111111111111,0.12121212121212122,,0.029411764705882353,25.0,0.782608695652174,0.09523809523809523,0.009708737864077669,0.13043478260869565,0.037037037037037035,0.11363636363636363,0.021739130434782608,,,0.043478260869565216,,0.125,0.10204081632653061,0.05263157894736842,0.13333333333333333,0.125,,0.0989010989010989,0.4444444444444444,0.5,0.5,0.3626373626373626,0.45454545454545453,0.5172413793103449,0.2,0.10989010989010989,0.4,0.4,,0.054945054945054944,0.37362637362637363,0.38235294117647056,0.3939393939393939,0.8461538461538461,,,,0.625,0.2,,0.13333333333333333,0.4,0.5274725274725275,0.38235294117647056,0.4931593406593407,0.5103125,0.5077333333333334,0.06315789473684211,0.10714285714285714,,0.03,0.22,8.734615384615385,26.138461538461538,0.1417910447761194,1.0,2.0,,1.0,3.0,,,1.0,,,,,2.0,,1.0,1.0,2.0,1.0,0.09090909090909091,0.046875,0.5,0.4,0.4,1.0,0.125,,0.5,0.2,1.0,2.0,3.0,,,1.0,1.0,,1.0,,1.0,0.3333333333333333,,0.3333333333333333,0.3333333333333333,,,,,,,,,True,,,,1.0
1631165,1610612758,Keon Ellis,Keon Ellis,1631165,SAC,16773.0,280,-32.0,554,553,88.0,112.0,74.0,1107,9.0,11.0,2.0,3.0,3.0,9.0,16.0,2.0,5.0,11.0,12.0,32.0,1.0,2.0,1.0,20.0,32.0,20.0,43.0,12.0,112.0,692,3.0,6.0,1.0,3.0,9.0,5.0,8.0,3.0,5.0,21.0,26.0,14.0,57.0,3.0,2.0,32.0,12.0,4.0,2.0,13.0,10.0,23.0,6.0,4.0,5.0,5.0,3.0,56.0,7.0,2.0,15.0,5.0,21.0,9.0,30.0,,10.0,7.0,3.0,3.0,2.0,2.0,2.0,,1.0,5.0,,,11.0,23.0,,11.0,13.0,4.0,1.0,1.0,21.0,88.0,1.0,0.65,0.6842105263157895,0.95,0.46511627906976744,0.3333333333333333,0.46511627906976744,0.625,0.5,0.625,0.6666666666666666,0.5,0.7272727272727273,0.691358024691358,0.5,0.8076923076923077,0.5733333333333334,0.046511627906976744,0.125,0.18181818181818182,0.125,,0.0625,13.374805598755833,0.6,0.043859649122807015,0.013793103448275862,0.12195121951219512,0.058823529411764705,0.08438818565400844,0.03409090909090909,,0.014285714285714285,0.02564102564102564,0.08333333333333333,,0.046153846153846156,0.08695652173913043,0.09302325581395349,0.1891891891891892,,0.14666666666666667,0.8181818181818182,1.0,0.7777777777777778,0.21333333333333335,0.5625,0.6428571428571429,0.4444444444444444,0.06666666666666667,0.4,0.4,1.0,0.14666666666666667,0.4266666666666667,0.375,0.4,0.9166666666666666,0.3333333333333333,0.6666666666666666,0.5,0.2222222222222222,0.5,1.0,0.2727272727272727,0.09090909090909091,0.72,0.375,0.5359379999999999,0.5077375000000001,0.5602090909090909,0.0625,0.1111111111111111,0.022727272727272728,0.08035714285714286,0.1875,7.7593749999999995,25.613953488372093,0.1588447653429603,3.0,8.0,,1.0,2.0,,,1.0,,,,,,,4.0,,5.0,2.0,0.08333333333333333,0.05263157894736842,0.4,0.7272727272727273,0.7272727272727273,1.0,0.1111111111111111,,1.0,0.18181818181818182,2.0,,2.0,,,2.0,1.0,,1.0,4.0,2.0,0.6666666666666666,,1.0,,,,,,,,,,True,,,,
1642269,1610612758,Devin Carter,Devin Carter,1642269,SAC,2914.0,49,-14.0,96,94,16.0,17.0,16.0,190,1.0,2.0,,,,1.0,3.0,,,1.0,,5.0,,1.0,,2.0,5.0,1.0,6.0,2.0,9.0,115,,,1.0,2.0,3.0,,1.0,1.0,2.0,5.0,,4.0,3.0,,,5.0,,,,1.0,1.0,2.0,1.0,,,1.0,,5.0,1.0,2.0,5.0,2.0,7.0,3.0,10.0,,4.0,2.0,2.0,1.0,,1.0,1.0,,,2.0,,1.0,2.0,5.0,,7.0,6.0,2.0,,,5.0,16.0,,,,1.0,0.16666666666666666,0.5,0.16666666666666666,0.4,,,0.3181818181818182,0.75,0.75,0.34615384615384615,0.75,0.8333333333333334,0.5454545454545454,,,,,,,13.274336283185843,0.5,0.13333333333333333,0.07407407407407407,0.2631578947368421,0.041666666666666664,0.20588235294117646,0.058823529411764705,,0.11764705882352941,,,,0.14285714285714285,,0.2857142857142857,0.2,,0.18181818181818182,0.5,0.5,,0.2727272727272727,0.3333333333333333,0.3333333333333333,,,,,,0.09090909090909091,0.45454545454545453,,,,,,,0.5,,,,,0.7272727272727273,,0.50146,0.5562,0.51355,0.15384615384615385,0.2857142857142857,,0.3333333333333333,0.5555555555555556,6.94,26.76666666666667,0.16666666666666666,,1.0,1.0,1.0,1.0,,,,,1.0,1.0,,,,,,,,,0.05,,1.0,1.0,1.0,0.5,1.0,,0.5,1.0,,1.0,,,2.0,,,,,,1.0,1.0,1.0,,,,,,,,,,True,,,,
203897,1610612758,Zach LaVine,Zach LaVine,203897,SAC,18522.0,309,4.0,621,614,110.0,101.0,71.0,1235,16.0,23.0,3.0,4.0,4.0,20.0,31.0,14.0,24.0,6.0,21.0,52.0,4.0,6.0,7.0,50.0,78.0,24.0,58.0,25.0,197.0,738,5.0,7.0,4.0,6.0,23.0,7.0,13.0,8.0,8.0,31.0,60.0,40.0,51.0,21.0,4.0,52.0,21.0,6.0,,19.0,11.0,30.0,3.0,8.0,5.0,8.0,6.0,71.0,1.0,2.0,15.0,18.0,33.0,4.0,37.0,2.0,7.0,4.0,3.0,16.0,2.0,12.0,6.0,4.0,4.0,22.0,,7.0,4.0,8.0,,16.0,26.0,13.0,,,31.0,110.0,,0.6,0.625,0.7083333333333334,0.41379310344827586,0.6666666666666666,0.41379310344827586,0.6410256410256411,0.7142857142857143,0.5384615384615384,0.6323529411764706,0.8461538461538461,0.5476190476190477,0.6643835616438356,0.8461538461538461,0.625,0.4264705882352941,,0.07692307692307693,0.08695652173913043,0.12903225806451613,,,23.829787234042552,0.7272727272727273,0.125,0.012269938650306749,0.10638297872340426,0.008849557522123894,0.11578947368421053,0.010869565217391304,,0.01282051282051282,0.02127659574468085,,0.05714285714285714,0.1125,0.2413793103448276,0.1134020618556701,0.09090909090909091,0.037037037037037035,0.16911764705882354,0.6956521739130435,0.7619047619047619,0.75,0.22794117647058823,0.6451612903225806,0.7407407407407407,0.7,0.17647058823529413,0.5833333333333334,0.5833333333333334,0.2857142857142857,0.04411764705882353,0.38235294117647056,0.40384615384615385,0.40384615384615385,0.6666666666666666,0.3076923076923077,0.75,0.6666666666666666,0.46153846153846156,0.6666666666666666,0.75,0.19047619047619047,0.3333333333333333,0.5955882352941176,0.40384615384615385,0.5001612781954887,0.4976277777777778,0.4778428571428571,0.08904109589041095,0.14772727272727273,,0.116751269035533,0.15736040609137056,8.451282051282051,26.815517241379304,0.17713365539452497,2.0,3.0,,,1.0,1.0,,,,,,,3.0,3.0,1.0,,1.0,,,0.01098901098901099,,0.5,0.5,1.0,,,0.5,0.047619047619047616,,3.0,3.0,,1.0,,,,,1.0,2.0,0.375,,,0.42857142857142855,,1.0,,,,,0.16666666666666666,,True,,,,
1627734,1610612758,Domantas Sabonis,Domantas Sabonis,1627734,SAC,674.0,11,,20,20,,,4.0,40,1.0,1.0,1.0,1.0,,,,,,,,,,,,1.0,1.0,,,,2.0,25,1.0,1.0,,,2.0,,,,,,,2.0,,,2.0,,,,,3.0,1.0,4.0,,1.0,3.0,,,9.0,1.0,1.0,,2.0,2.0,2.0,4.0,,,,,1.0,,1.0,,,,1.0,,,2.0,2.0,,,,,,,,,,,,,,,,1.0,1.0,,1.0,1.0,,1.0,1.0,,,,,,,,,7.692307692307692,1.0,0.5,0.16666666666666666,,0.2,0.2222222222222222,0.18181818181818182,0.25,,,,,0.3333333333333333,1.0,,,,1.0,1.0,1.0,,,,,,,,,,,,,,,1.0,1.0,,,,,,,1.0,,0.6521,0.6521,,,,,1.0,,,,,,,,,,,,,,,,,,,,,,,,0.3333333333333333,,,,,,,,,,,,,,,,,,,,,,,,,,,,,,,,True,,,,
1631099,1610612758,Keegan Murray,Keegan Murray,1631099,SAC,15210.0,254,23.0,509,509,97.0,75.0,52.0,1018,11.0,15.0,5.0,6.0,2.0,3.0,15.0,3.0,8.0,13.0,10.0,33.0,,2.0,6.0,17.0,38.0,15.0,46.0,3.0,82.0,592,5.0,10.0,,2.0,12.0,1.0,7.0,9.0,1.0,15.0,18.0,16.0,42.0,3.0,4.0,32.0,10.0,5.0,,7.0,5.0,12.0,3.0,2.0,3.0,4.0,,29.0,6.0,6.0,13.0,12.0,31.0,12.0,43.0,1.0,2.0,2.0,,3.0,,3.0,3.0,,,6.0,2.0,,10.0,16.0,,6.0,3.0,3.0,,,15.0,97.0,,0.5294117647058824,0.6,0.9333333333333333,0.32608695652173914,,0.3333333333333333,0.4473684210526316,0.5,0.14285714285714285,0.47023809523809523,0.4166666666666667,0.4375,0.4880952380952381,0.5,0.46875,0.5476190476190477,,0.13157894736842105,0.13333333333333333,0.2,,,15.734265734265735,0.5,0.10084033613445378,0.04195804195804196,0.11304347826086956,0.07228915662650602,0.10683760683760683,0.05309734513274336,,0.025974025974025976,0.1,0.10526315789473684,0.06666666666666667,0.0967741935483871,0.14814814814814814,0.10975609756097561,0.12121212121212122,0.022222222222222223,0.17857142857142858,0.7333333333333333,0.8461538461538461,0.5454545454545454,0.17857142857142858,0.2,0.25,0.3333333333333333,0.09523809523809523,0.375,0.375,0.6666666666666666,0.15476190476190477,0.39285714285714285,0.30303030303030304,0.30303030303030304,0.9,0.5,0.8333333333333334,0.2,0.16666666666666666,,,0.125,0.375,0.7261904761904762,0.3125,0.5273987951807229,0.5164937500000001,0.50657,0.03571428571428571,0.07894736842105263,,0.14634146341463414,0.18292682926829268,7.644736842105263,26.528260869565216,0.1905697445972495,1.0,5.0,,,3.0,2.0,1.0,6.0,1.0,,,,3.0,,7.0,4.0,7.0,4.0,0.375,0.0625,0.5714285714285714,0.38461538461538464,0.38461538461538464,1.0,,,0.5,0.1875,2.0,2.0,4.0,2.0,,1.0,,,,3.0,1.0,0.4444444444444444,,0.6666666666666666,0.3333333333333333,,,1.0,,,,,,True,,,,
203926,1610612758,Doug McDermott,Doug McDermott,203926,SAC,338.0,6,-2.0,10,11,,6.0,2.0,21,,,,,,,,,,,,2.0,,,,,,,2.0,,,13,,,,,,,,,,,,,,,,2.0,,,,,,,,,,,,,,,,,,,,,,,,,,,,,,,,,,,,,,,,,,,,,,,,,,,,,,,,,,,1.0,,,,,,,16.666666666666668,,,,,,,,,,,,,,,,,,,,,,,,,,,,,,,1.0,,,,,,,,,,,,1.0,,0.528,,,,,,,,,27.15,,,,,,,,,,,,,,,,,,,,,,,,,,,,,,,,,,,,,,,,,,,,,,,,,,,,,True,,,,
1642403,1610612758,Isaac Jones,Isaac Jones,1642403,SAC,301.0,5,6.0,10,9,1.0,,2.0,19,,,,,,,,,,,,,,,,,,,,,,10,,,,,,,,,,,,,,,,,,,,1.0,,1.0,,,,1.0,,2.0,,,,1.0,1.0,,1.0,,,,,,,,,,,,,,,,,,,,,,,1.0,,,,,,,,,,,,,,,,,,,,,,,,,,0.5,,,,0.3333333333333333,,,,,,,1.0,,,,,,,,,,,,,,,,,,,,,,,,,,,,,,,,,,,,,,,,,,0.1,,,,,,,,,,,,,,,,,,,,,,,,,,,,,,,,,,,,,,,,,,,,,,,,,,,,True,,,,
1626168,1610612758,Trey Lyles,Trey Lyles,1626168,SAC,60688.0,1011,-49.0,2061,2066,555.0,590.0,262.0,4127,43.0,71.0,13.0,24.0,19.0,9.0,28.0,5.0,8.0,55.0,42.0,130.0,3.0,7.0,27.0,57.0,107.0,64.0,185.0,44.0,350.0,2394,17.0,33.0,8.0,16.0,72.0,15.0,28.0,42.0,7.0,70.0,90.0,24.0,192.0,,18.0,130.0,42.0,8.0,2.0,37.0,30.0,67.0,23.0,7.0,21.0,11.0,5.0,164.0,31.0,32.0,84.0,80.0,184.0,64.0,248.0,5.0,33.0,18.0,15.0,12.0,8.0,7.0,17.0,4.0,5.0,29.0,4.0,1.0,42.0,66.0,3.0,60.0,61.0,29.0,,3.0,70.0,553.0,3.0,0.7894736842105263,0.9375,1.0,0.34594594594594597,0.5,0.34594594594594597,0.5327102803738317,0.5151515151515151,0.5357142857142857,0.523972602739726,0.5918367346938775,0.45,0.5451713395638629,0.6428571428571429,0.4666666666666667,0.6335616438356164,0.010810810810810811,0.07476635514018691,0.08450704225352113,0.07142857142857142,,0.007692307692307693,14.836795252225519,0.41379310344827586,0.17817371937639198,0.065439672801636,0.17427385892116182,0.05904761904761905,0.1761546723952739,0.0621301775147929,0.0967741935483871,0.05078125,0.06422018348623854,0.075,0.1565217391304348,0.19305019305019305,0.16,0.18820224719101122,0.1349206349206349,0.03225806451612903,0.24315068493150685,0.6056338028169014,0.6615384615384615,0.7906976744186046,0.0958904109589041,0.32142857142857145,0.34615384615384615,0.7777777777777778,0.0273972602739726,0.625,0.625,0.8,0.18835616438356165,0.4452054794520548,0.3230769230769231,0.32558139534883723,1.0,0.4897959183673469,0.5416666666666666,0.38461538461538464,0.14285714285714285,0.42857142857142855,1.0,0.2714285714285714,0.38571428571428573,0.8767123287671232,0.3230769230769231,0.5587558219178085,0.5670483333333334,0.5466192857142858,0.09119496855345911,0.21804511278195488,,0.2057142857142857,0.2,4.133644859813085,25.30432432432432,0.2692867540029112,10.0,22.0,5.0,9.0,15.0,14.0,,20.0,1.0,,8.0,8.0,3.0,,20.0,9.0,21.0,11.0,0.4,0.05432098765432099,0.5238095238095238,0.4,0.4074074074074074,1.0,0.1836734693877551,0.5555555555555556,0.5263157894736842,0.21428571428571427,6.0,5.0,11.0,1.0,6.0,2.0,1.0,,1.0,11.0,3.0,0.2619047619047619,1.0,0.4,0.18518518518518517,,1.0,3.0,,,1.0,0.022727272727272728,,False,,,0.01818181818181818,
1627734,1610612758,Domantas Sabonis,Domantas Sabonis,1627734,SAC,124492.0,2075,146.0,4284,4267,892.0,863.0,477.0,8551,273.0,386.0,80.0,125.0,72.0,94.0,181.0,21.0,51.0,7.0,53.0,133.0,8.0,10.0,27.0,388.0,618.0,57.0,140.0,187.0,1134.0,4915,98.0,161.0,8.0,10.0,256.0,62.0,96.0,28.0,59.0,222.0,494.0,282.0,168.0,3.0,146.0,133.0,53.0,52.0,,230.0,135.0,365.0,100.0,35.0,96.0,76.0,58.0,865.0,66.0,158.0,258.0,299.0,605.0,224.0,829.0,31.0,38.0,21.0,17.0,90.0,23.0,44.0,83.0,10.0,46.0,173.0,20.0,30.0,88.0,197.0,31.0,244.0,251.0,113.0,,24.0,220.0,890.0,23.0,0.6365979381443299,0.7841269841269841,0.9824561403508771,0.40714285714285714,0.8,0.40714285714285714,0.627831715210356,0.6086956521739131,0.6458333333333334,0.6246701846965699,0.6432748538011696,0.657258064516129,0.6532258064516129,0.6736842105263158,0.6894409937888198,0.18469656992084432,,0.08414239482200647,0.08031088082901554,0.11049723756906077,0.0196078431372549,,21.503821524478415,0.5202312138728323,0.29429133858267714,0.15310077519379844,0.26272912423625255,0.07058823529411765,0.27877877877877877,0.11387900355871886,0.18518518518518517,0.16810344827586207,0.10067114093959731,0.10222222222222223,0.27586206896551724,0.31891891891891894,0.24561403508771928,0.2786206896551724,0.2178988326848249,0.11877394636015326,0.5092348284960422,0.7072538860103627,0.7690140845070422,0.6263736263736264,0.23878627968337732,0.5193370165745856,0.5838509316770186,0.6382978723404256,0.06728232189973615,0.4117647058823529,0.42,0.7619047619047619,0.009234828496042216,0.17546174142480211,0.39849624060150374,0.39849624060150374,0.9811320754716981,0.7309941520467836,0.64,0.1625,0.05847953216374269,0.8,0.875,0.5806451612903226,0.21774193548387097,0.6939313984168866,0.39849624060150374,0.5561144101876674,0.5525612403100776,0.5689848360655738,0.1338862559241706,0.16051136363636365,,0.2257495590828924,0.19576719576719576,4.444822006472492,25.957857142857147,0.20821661998132587,46.0,4.0,,,1.0,36.0,,48.0,8.0,6.0,,25.0,27.0,,24.0,8.0,24.0,16.0,0.5393258426966292,0.06056338028169014,0.6666666666666666,0.5714285714285714,0.5714285714285714,1.0,,,0.6388888888888888,0.008064516129032258,,13.0,13.0,,29.0,4.0,,,,16.0,26.0,0.4642857142857143,,,0.48148148148148145,,,1.0,1.0,2.0,1.0,,,False,,,,1.0
1628365,1610612758,Markelle Fultz,Markelle Fultz,1628365,SAC,5273.0,88,14.0,176,178,40.0,30.0,17.0,354,,1.0,,,,8.0,21.0,4.0,8.0,4.0,,,,,,12.0,30.0,2.0,4.0,1.0,31.0,192,,,,,,3.0,7.0,1.0,,6.0,12.0,12.0,6.0,,,,,1.0,,4.0,9.0,13.0,7.0,2.0,2.0,2.0,,35.0,1.0,1.0,2.0,3.0,5.0,2.0,7.0,1.0,5.0,2.0,3.0,7.0,1.0,6.0,2.0,,1.0,9.0,1.0,2.0,2.0,5.0,,2.0,1.0,1.0,,,6.0,40.0,,0.5,0.5,1.0,0.5,,0.5,0.4,,0.42857142857142855,0.4411764705882353,,0.375,0.45588235294117646,,0.375,0.11764705882352941,,0.03333333333333333,,0.047619047619047616,,,21.93877551020408,0.7777777777777778,0.07317073170731707,0.02127659574468085,0.05263157894736842,0.03225806451612903,0.06329113924050633,0.02564102564102564,,0.03333333333333333,,,,0.03571428571428571,0.2857142857142857,0.041666666666666664,0.07142857142857142,0.05263157894736842,0.029411764705882353,,,,0.6176470588235294,0.38095238095238093,0.4,0.375,0.23529411764705882,0.5,0.5,0.75,0.11764705882352941,,,,,,,,,,,,,0.14705882352941177,,0.44993484848484844,,0.44695,0.029411764705882353,0.03333333333333333,,,0.1935483870967742,10.713333333333333,23.924999999999997,0.22727272727272727,,2.0,,,1.0,,,,,1.0,,,1.0,,1.0,1.0,1.0,1.0,,0.047619047619047616,1.0,0.5,0.5,1.0,,,,0.125,,,,,,,,,,,1.0,,,,,,,,,,,,,False,,,,
1631222,1610612758,Jake LaRavia,Jake LaRavia,1631222,SAC,11762.0,196,-37.0,386,390,102.0,94.0,47.0,776,9.0,11.0,2.0,4.0,4.0,5.0,13.0,,,8.0,9.0,23.0,2.0,3.0,8.0,14.0,24.0,13.0,31.0,8.0,75.0,477,2.0,5.0,2.0,3.0,10.0,5.0,8.0,10.0,4.0,32.0,12.0,16.0,39.0,,4.0,23.0,9.0,3.0,,7.0,5.0,12.0,4.0,1.0,4.0,1.0,2.0,29.0,5.0,7.0,7.0,9.0,17.0,12.0,29.0,1.0,10.0,6.0,4.0,5.0,2.0,3.0,3.0,,2.0,8.0,1.0,1.0,9.0,18.0,,11.0,11.0,5.0,,1.0,32.0,102.0,1.0,0.42857142857142855,0.5,1.0,0.41935483870967744,0.6666666666666666,0.41935483870967744,0.5833333333333334,0.4,0.625,0.6090909090909091,0.625,0.7777777777777778,0.625,0.625,0.7619047619047619,0.5636363636363636,,0.125,,0.23076923076923078,,,15.525114155251142,0.625,0.10975609756097561,0.08235294117647059,0.09859154929577464,0.05154639175257732,0.10457516339869281,0.06593406593406594,0.125,0.045454545454545456,0.12,0.07142857142857142,0.08695652173913043,0.12195121951219512,0.1111111111111111,0.1,0.09523809523809523,0.04,0.2,0.8181818181818182,0.8181818181818182,0.3333333333333333,0.23636363636363636,0.38461538461538464,0.5,0.6,,,,,0.14545454545454545,0.41818181818181815,0.391304347826087,0.391304347826087,1.0,0.5,0.5,,0.375,0.6666666666666666,1.0,0.2222222222222222,0.4444444444444444,0.7636363636363637,0.391304347826087,0.5290061224489797,0.53033,0.5200323529411764,0.0847457627118644,0.17857142857142858,,0.13333333333333333,0.4266666666666667,4.629166666666666,25.39666666666667,0.26424870466321243,2.0,4.0,,,2.0,,,1.0,,1.0,,3.0,1.0,,1.0,1.0,1.0,1.0,0.1,0.04819277108433735,1.0,0.5,0.5,1.0,,,0.5,0.1111111111111111,1.0,5.0,6.0,,1.0,1.0,,,,,2.0,0.6,,0.5,0.625,,,,,,,,,False,,,,
201942,1610612758,DeMar DeRozan,DeMar DeRozan,201942,SAC,126912.0,2115,47.0,4360,4329,869.0,911.0,485.0,8689,73.0,98.0,7.0,16.0,27.0,164.0,334.0,164.0,366.0,67.0,36.0,117.0,2.0,12.0,34.0,401.0,798.0,59.0,184.0,277.0,1256.0,5065,32.0,71.0,5.0,19.0,100.0,79.0,165.0,45.0,79.0,264.0,320.0,482.0,159.0,18.0,18.0,113.0,36.0,45.0,1.0,114.0,123.0,237.0,82.0,41.0,62.0,44.0,8.0,597.0,15.0,21.0,110.0,81.0,200.0,37.0,237.0,14.0,57.0,37.0,20.0,53.0,10.0,29.0,27.0,6.0,24.0,80.0,6.0,18.0,70.0,111.0,5.0,227.0,321.0,154.0,6.0,12.0,264.0,866.0,11.0,0.39900249376558605,0.40816326530612246,0.8983050847457628,0.32065217391304346,0.2631578947368421,0.3277777777777778,0.5025062656641605,0.4507042253521127,0.47878787878787876,0.4984725050916497,0.4388888888888889,0.44047619047619047,0.5577096483318305,0.5050505050505051,0.52,0.18737270875763748,0.005434782608695652,0.05639097744360902,0.061224489795918366,0.09880239520958084,0.01639344262295082,0.008547008547008548,24.185667752443,0.6625,0.0802775024777007,0.019337016574585635,0.10967098703888335,0.015723270440251572,0.09493041749502983,0.01764705882352941,0.024291497975708502,0.021235521235521235,0.012461059190031152,0.0319634703196347,0.05054151624548736,0.08957952468007313,0.0972972972972973,0.10843373493975904,0.11328125,0.03036876355748373,0.09979633401221996,0.7448979591836735,0.7934782608695652,0.5068493150684932,0.34012219959266804,0.49101796407185627,0.5448504983388704,0.31097560975609756,0.3727087576374745,0.44808743169398907,0.45555555555555555,0.43902439024390244,0.06822810590631365,0.11914460285132383,0.3076923076923077,0.3103448275862069,0.8333333333333334,0.17777777777777778,0.4375,0.42857142857142855,0.13333333333333333,0.16666666666666666,1.0,0.12857142857142856,0.1619047619047619,0.28716904276985744,0.3185840707964602,0.46516164241164254,0.46039444444444444,0.45296715686274525,0.14585232452142205,0.1694169416941694,0.031914893617021274,0.07961783439490445,0.21019108280254778,12.510776942355887,26.186885245901642,0.1993119266055046,20.0,23.0,3.0,7.0,11.0,21.0,4.0,9.0,3.0,2.0,3.0,2.0,43.0,19.0,26.0,7.0,26.0,19.0,0.09278350515463918,0.010884353741496598,0.7307692307692307,0.34328358208955223,0.34328358208955223,1.0,0.07777777777777778,0.42857142857142855,0.7407407407407407,0.05238095238095238,3.0,6.0,9.0,1.0,8.0,9.0,,,,17.0,7.0,0.2,1.0,0.2727272727272727,0.17647058823529413,2.0,1.0,,,,1.0,0.011764705882352941,2.0,False,,1.0,,
1628368,1610612758,De'Aaron Fox,De'Aaron Fox,1628368,SAC,99786.0,1663,23.0,3453,3441,882.0,889.0,384.0,6894,119.0,173.0,14.0,21.0,46.0,151.0,294.0,52.0,130.0,51.0,76.0,235.0,9.0,28.0,60.0,322.0,597.0,92.0,286.0,204.0,1124.0,3987,23.0,46.0,11.0,32.0,89.0,91.0,170.0,73.0,91.0,336.0,196.0,448.0,174.0,102.0,24.0,233.0,76.0,44.0,1.0,165.0,111.0,276.0,80.0,31.0,98.0,47.0,20.0,663.0,18.0,27.0,103.0,73.0,180.0,45.0,225.0,13.0,66.0,32.0,34.0,86.0,19.0,42.0,47.0,15.0,44.0,133.0,6.0,32.0,42.0,118.0,3.0,205.0,246.0,115.0,3.0,13.0,336.0,881.0,12.0,0.30434782608695654,0.3161290322580645,0.6304347826086957,0.32167832167832167,0.34375,0.323943661971831,0.5393634840871022,0.5,0.5352941176470588,0.5209513023782559,0.5064102564102564,0.5041152263374485,0.5653923541247485,0.536144578313253,0.5813148788927336,0.32389580973952437,0.0034965034965034965,0.07370184254606366,0.08092485549132948,0.09183673469387756,0.023076923076923078,0.00425531914893617,28.81269191402252,0.6466165413533834,0.09034653465346534,0.03229665071770335,0.13054499366286437,0.02284263959390863,0.11020663744520977,0.02770935960591133,0.019230769230769232,0.04411764705882353,0.022727272727272728,0.014634146341463415,0.06635071090047394,0.07760532150776053,0.1643835616438356,0.1260647359454855,0.14356435643564355,0.031026252983293555,0.19592298980747452,0.6878612716763006,0.7484276729559748,0.40336134453781514,0.332955832389581,0.5136054421768708,0.5655430711610487,0.23841059602649006,0.14722536806342015,0.4,0.4094488188976378,0.2692307692307692,0.057757644394110984,0.26613816534541335,0.32340425531914896,0.3247863247863248,0.5789473684210527,0.2692307692307692,0.6666666666666666,0.21428571428571427,0.358974358974359,0.32142857142857145,0.5555555555555556,0.18930041152263374,0.24691358024691357,0.5198187995469988,0.3261802575107296,0.508010839954597,0.5258795918367347,0.5033630705394191,0.12028542303771661,0.16618497109826588,0.010380622837370242,0.0791814946619217,0.298932384341637,8.646566164154104,25.981118881118878,0.2554300608166811,30.0,16.0,2.0,4.0,13.0,10.0,2.0,4.0,4.0,3.0,1.0,2.0,20.0,,16.0,5.0,20.0,10.0,0.05263157894736842,0.025728987993138937,0.5,0.3137254901960784,0.3137254901960784,0.875,0.05128205128205128,0.5,0.6521739130434783,0.053497942386831275,4.0,17.0,21.0,1.0,3.0,23.0,4.0,1.0,3.0,11.0,14.0,0.2876712328767123,0.5,0.3076923076923077,0.2833333333333333,,,,,,,,,False,,2.0,,
1628370,1610612758,Malik Monk,Malik Monk,1628370,SAC,102089.0,1701,83.0,3537,3521,814.0,841.0,401.0,7058,101.0,154.0,10.0,13.0,30.0,102.0,202.0,31.0,65.0,42.0,93.0,317.0,7.0,25.0,74.0,234.0,421.0,115.0,359.0,134.0,947.0,4108,18.0,29.0,10.0,30.0,71.0,55.0,93.0,83.0,50.0,241.0,210.0,258.0,276.0,69.0,6.0,315.0,93.0,39.0,6.0,199.0,97.0,296.0,70.0,27.0,131.0,51.0,17.0,689.0,11.0,12.0,98.0,71.0,172.0,25.0,197.0,4.0,55.0,35.0,20.0,80.0,17.0,54.0,36.0,6.0,26.0,116.0,5.0,21.0,95.0,138.0,6.0,131.0,153.0,65.0,3.0,15.0,239.0,811.0,12.0,0.44871794871794873,0.45454545454545453,0.8,0.3203342618384401,0.3333333333333333,0.32212885154061627,0.5558194774346793,0.6206896551724138,0.5913978494623656,0.5211538461538462,0.559322033898305,0.5426136363636364,0.5580568720379147,0.5819672131147541,0.595,0.46025641025641023,0.016713091922005572,0.09263657957244656,0.09090909090909091,0.11386138613861387,0.03076923076923077,0.015772870662460567,23.95,0.6896551724137931,0.08606060606060606,0.014035087719298246,0.1240506329113924,0.013924050632911392,0.10464396284829722,0.01398176291793313,0.017937219730941704,0.015113350125944584,0.00851063829787234,0.016666666666666666,0.07377049180327869,0.07760532150776053,0.13846153846153847,0.10664335664335664,0.16972477064220184,0.01078167115902965,0.19743589743589743,0.6558441558441559,0.7214285714285714,0.5148514851485149,0.258974358974359,0.504950495049505,0.5698324022346368,0.38235294117647056,0.08333333333333333,0.47692307692307695,0.49206349206349204,0.45161290322580644,0.05384615384615385,0.4064102564102564,0.29337539432176657,0.2980769230769231,0.7741935483870968,0.22033898305084745,0.7692307692307693,0.5,0.423728813559322,0.28,0.8571428571428571,0.17045454545454544,0.42045454545454547,0.6576923076923077,0.29523809523809524,0.5232736164736164,0.511903947368421,0.500764367816092,0.08202653799758745,0.139186295503212,0.008287292817679558,0.07497360084477296,0.25448785638859556,7.322565320665081,26.277715877437323,0.23013853548204694,22.0,22.0,3.0,5.0,9.0,5.0,2.0,3.0,3.0,3.0,2.0,3.0,19.0,5.0,30.0,11.0,36.0,20.0,0.04477611940298507,0.013114754098360656,0.5555555555555556,0.5238095238095238,0.5365853658536586,0.9090909090909091,0.0847457627118644,0.6,0.7333333333333333,0.05113636363636364,5.0,22.0,27.0,,,17.0,6.0,4.0,2.0,17.0,6.0,0.3253012048192771,1.0,0.5555555555555556,0.2972972972972973,,2.0,,,,,0.03278688524590164,2.0,False,,,0.023809523809523808,
1628989,1610612758,Kevin Huerter,Kevin Huerter,1628989,SAC,53962.0,899,-65.0,1850,1856,367.0,380.0,201.0,3706,35.0,49.0,5.0,8.0,13.0,24.0,44.0,7.0,12.0,47.0,47.0,158.0,7.0,20.0,28.0,66.0,105.0,62.0,205.0,20.0,338.0,2154,8.0,13.0,12.0,29.0,55.0,17.0,22.0,37.0,7.0,74.0,104.0,28.0,177.0,9.0,8.0,157.0,47.0,5.0,1.0,46.0,28.0,74.0,22.0,6.0,35.0,7.0,4.0,176.0,12.0,7.0,49.0,49.0,101.0,19.0,120.0,3.0,36.0,25.0,11.0,31.0,3.0,24.0,6.0,2.0,7.0,37.0,2.0,7.0,48.0,70.0,1.0,21.0,28.0,13.0,,1.0,72.0,366.0,,0.7878787878787878,0.8387096774193549,0.9516129032258065,0.3024390243902439,0.41379310344827586,0.30392156862745096,0.6285714285714286,0.6153846153846154,0.7727272727272727,0.5129032258064516,0.6190476190476191,0.5677966101694916,0.521671826625387,0.625,0.5873015873015873,0.6612903225806451,0.004878048780487805,0.047619047619047616,0.061224489795918366,0.045454545454545456,,,17.282765242438792,0.8378378378378378,0.11475409836065574,0.01715686274509804,0.11448598130841121,0.026030368763557483,0.11461988304093568,0.02186421173762946,0.017699115044247787,0.015306122448979591,0.020202020202020204,0.040983606557377046,0.12844036697247707,0.0995850622406639,0.14285714285714285,0.12861736334405144,0.07692307692307693,0.017241379310344827,0.15806451612903225,0.7142857142857143,0.7608695652173914,0.7714285714285715,0.14193548387096774,0.5454545454545454,0.5714285714285714,0.8333333333333334,0.03870967741935484,0.5833333333333334,0.5833333333333334,0.7142857142857143,0.15161290322580645,0.5096774193548387,0.2974683544303797,0.2974683544303797,0.9361702127659575,0.19047619047619047,0.625,0.4,0.47619047619047616,0.35,1.0,0.22033898305084745,0.4745762711864407,0.8193548387096774,0.29936305732484075,0.5465042071197411,0.5275325000000002,0.5600915254237288,0.040372670807453416,0.1111111111111111,,0.16272189349112426,0.21893491124260356,6.45142857142857,25.8180487804878,0.19837837837837838,11.0,15.0,5.0,9.0,9.0,3.0,1.0,3.0,,,,1.0,1.0,1.0,16.0,2.0,16.0,10.0,0.06521739130434782,0.02064896755162242,0.625,0.3191489361702128,0.32608695652173914,1.0,0.21428571428571427,0.5555555555555556,0.8461538461538461,0.15254237288135594,2.0,9.0,11.0,,1.0,4.0,,,,12.0,1.0,0.2972972972972973,1.0,0.2222222222222222,0.32142857142857145,,,,,,,,2.0,False,,,0.02127659574468085,
1629162,1610612758,Jordan McLaughlin,Jordan McLaughlin,1629162,SAC,11388.0,190,1.0,378,385,128.0,144.0,41.0,763,2.0,6.0,,,3.0,2.0,8.0,2.0,4.0,10.0,8.0,16.0,1.0,3.0,5.0,6.0,18.0,10.0,26.0,11.0,53.0,436,,1.0,1.0,3.0,5.0,2.0,7.0,5.0,5.0,12.0,6.0,6.0,15.0,15.0,,15.0,8.0,4.0,,11.0,13.0,24.0,7.0,6.0,4.0,5.0,2.0,61.0,3.0,1.0,5.0,7.0,17.0,4.0,21.0,,11.0,8.0,3.0,10.0,1.0,5.0,1.0,,5.0,11.0,,5.0,8.0,13.0,,16.0,16.0,4.0,,4.0,12.0,128.0,4.0,0.5,0.5,0.5,0.38461538461538464,0.3333333333333333,0.4,0.3333333333333333,,0.2857142857142857,0.4772727272727273,0.375,0.2916666666666667,0.5096153846153846,0.5,0.375,0.5909090909090909,,0.2222222222222222,0.6666666666666666,,,,14.96437054631829,0.9090909090909091,0.08974358974358974,0.014492753623188406,0.05952380952380952,0.033707865168539325,0.07407407407407407,0.02531645569620253,,0.02564102564102564,,0.041666666666666664,,0.11363636363636363,0.2,0.046875,0.1,,0.13636363636363635,0.3333333333333333,1.0,0.5,0.18181818181818182,0.25,0.25,,0.09090909090909091,0.5,0.5,1.0,0.22727272727272727,0.36363636363636365,0.5,0.5,0.375,,,,0.75,0.3333333333333333,,0.25,0.4166666666666667,0.7272727272727273,0.5333333333333333,0.5112302325581396,0.54405,0.5180318181818181,0.08333333333333333,0.18181818181818182,,0.09433962264150944,0.22641509433962265,8.616666666666667,25.77692307692308,0.3386243386243386,1.0,2.0,,,,2.0,1.0,5.0,,,2.0,2.0,,,,,,,0.22727272727272727,0.03076923076923077,,0.2,0.2,1.0,,,0.3333333333333333,,,1.0,1.0,,1.0,3.0,,,,,2.0,0.2,,,0.2,,,,,,1.0,,,False,,,,
1631099,1610612758,Keegan Murray,Keegan Murray,1631099,SAC,128541.0,2142,11.0,4387,4404,955.0,988.0,494.0,8791,98.0,126.0,20.0,31.0,32.0,64.0,141.0,11.0,36.0,105.0,91.0,258.0,5.0,22.0,41.0,173.0,303.0,128.0,363.0,54.0,784.0,5116,29.0,50.0,9.0,31.0,93.0,38.0,67.0,61.0,10.0,155.0,238.0,108.0,381.0,3.0,34.0,258.0,91.0,19.0,3.0,50.0,38.0,88.0,23.0,15.0,24.0,16.0,10.0,214.0,72.0,50.0,162.0,120.0,297.0,127.0,424.0,14.0,53.0,34.0,19.0,31.0,7.0,10.0,21.0,3.0,21.0,52.0,10.0,8.0,90.0,159.0,,69.0,66.0,35.0,2.0,,155.0,953.0,,0.6878612716763006,0.7628205128205128,0.9921875,0.3526170798898072,0.2903225806451613,0.3526170798898072,0.570957095709571,0.58,0.5671641791044776,0.5480480480480481,0.5246913580246914,0.56640625,0.5656565656565656,0.5535714285714286,0.5783582089552238,0.545045045045045,0.008264462809917356,0.0627062706270627,0.07142857142857142,0.07092198581560284,,0.011627906976744186,15.05050505050505,0.5961538461538461,0.11288805268109126,0.04775549188156638,0.15960591133004925,0.07331975560081466,0.13570741097208855,0.06012814194184327,0.05660377358490566,0.03885480572597137,0.05460750853242321,0.06818181818181818,0.13087248322147652,0.10598290598290598,0.10555555555555556,0.14884979702300405,0.18840579710144928,0.04154302670623145,0.1891891891891892,0.7777777777777778,0.8376068376068376,0.7142857142857143,0.21171171171171171,0.45390070921985815,0.48854961832061067,0.65625,0.05405405405405406,0.3055555555555556,0.3055555555555556,0.6363636363636364,0.15765765765765766,0.38738738738738737,0.35271317829457366,0.3568627450980392,0.989010989010989,0.38271604938271603,0.6451612903225806,0.2,0.2716049382716049,0.22727272727272727,1.0,0.25,0.3203125,0.7342342342342343,0.35271317829457366,0.5440490000000001,0.5448,0.537072,0.05339105339105339,0.10670731707317073,0.005479452054794521,0.11862244897959184,0.19770408163265307,6.593729372937294,25.83955431754875,0.2176886254843857,24.0,37.0,4.0,9.0,20.0,8.0,,15.0,4.0,2.0,10.0,3.0,10.0,,52.0,22.0,54.0,31.0,0.14705882352941177,0.07480314960629922,0.5740740740740741,0.3523809523809524,0.3523809523809524,1.0,0.1111111111111111,0.4444444444444444,0.75,0.15625,9.0,14.0,23.0,5.0,5.0,4.0,2.0,2.0,,28.0,10.0,0.3770491803278688,1.0,0.45,0.34146341463414637,,5.0,3.0,,,,0.054945054945054944,2.0,False,,,,1.0
1631165,1610612758,Keon Ellis,Keon Ellis,1631165,SAC,82616.0,1377,78.0,2777,2813,609.0,675.0,329.0,5590,35.0,46.0,6.0,8.0,8.0,18.0,39.0,6.0,15.0,82.0,64.0,156.0,7.0,17.0,43.0,59.0,100.0,103.0,238.0,56.0,483.0,3203,9.0,16.0,10.0,26.0,54.0,10.0,21.0,61.0,20.0,121.0,80.0,38.0,288.0,21.0,12.0,156.0,64.0,8.0,,49.0,32.0,81.0,17.0,15.0,30.0,14.0,5.0,194.0,29.0,14.0,42.0,63.0,108.0,44.0,152.0,3.0,92.0,53.0,39.0,33.0,8.0,24.0,26.0,6.0,9.0,59.0,3.0,11.0,64.0,128.0,6.0,74.0,66.0,25.0,4.0,7.0,121.0,608.0,5.0,0.6779661016949152,0.7547169811320755,0.9320388349514563,0.4327731092436975,0.38461538461538464,0.4327731092436975,0.59,0.5625,0.47619047619047616,0.6316568047337278,0.5714285714285714,0.6158536585365854,0.6616438356164384,0.5869565217391305,0.6505376344086021,0.7041420118343196,,0.08,0.10869565217391304,0.07692307692307693,,,13.439490445859873,0.559322033898305,0.09662576687116564,0.022364217252396165,0.06593406593406594,0.04387291981845688,0.08145849495733126,0.03341103341103341,0.025974025974025976,0.013513513513513514,0.03409090909090909,0.051470588235294115,0.10416666666666667,0.096045197740113,0.08490566037735849,0.05508474576271186,0.09696969696969697,0.018404907975460124,0.13609467455621302,0.7608695652173914,0.8536585365853658,0.6285714285714286,0.11538461538461539,0.46153846153846156,0.5,0.7777777777777778,0.04437869822485207,0.4,0.4,0.6666666666666666,0.24260355029585798,0.46153846153846156,0.41025641025641024,0.41025641025641024,0.890625,0.19047619047619047,0.75,0.3333333333333333,0.40476190476190477,0.4117647058823529,0.8571428571428571,0.0975609756097561,0.524390243902439,0.8402366863905325,0.41025641025641024,0.5469374617737002,0.5057944444444445,0.5285556962025316,0.08100558659217877,0.21551724137931033,0.01652892561983471,0.11180124223602485,0.2505175983436853,6.9430000000000005,25.213080168776372,0.2193014043932301,5.0,39.0,3.0,9.0,18.0,6.0,,3.0,4.0,,1.0,8.0,9.0,1.0,42.0,18.0,48.0,28.0,0.04411764705882353,0.0419047619047619,0.5833333333333334,0.47560975609756095,0.47560975609756095,1.0,0.21428571428571427,0.3333333333333333,0.625,0.21951219512195122,9.0,18.0,27.0,,4.0,8.0,6.0,6.0,,21.0,13.0,0.4426229508196721,1.0,0.5,0.4186046511627907,,1.0,,,,,0.015384615384615385,3.0,False,,1.0,,1.0
1642269,1610612758,Devin Carter,Devin Carter,1642269,SAC,14802.0,247,9.0,510,510,152.0,167.0,63.0,1020,14.0,21.0,3.0,4.0,5.0,7.0,21.0,1.0,1.0,15.0,9.0,29.0,3.0,4.0,7.0,22.0,43.0,13.0,44.0,23.0,106.0,583,5.0,9.0,4.0,6.0,23.0,6.0,13.0,12.0,10.0,31.0,20.0,24.0,27.0,12.0,8.0,29.0,9.0,4.0,,16.0,16.0,32.0,14.0,2.0,6.0,6.0,4.0,80.0,5.0,6.0,26.0,15.0,42.0,11.0,53.0,1.0,11.0,6.0,5.0,8.0,2.0,7.0,2.0,,1.0,10.0,1.0,2.0,13.0,20.0,,32.0,36.0,14.0,,3.0,31.0,152.0,3.0,0.45454545454545453,0.5555555555555556,0.6923076923076923,0.29545454545454547,0.6666666666666666,0.29545454545454547,0.5116279069767442,0.5555555555555556,0.46153846153846156,0.47701149425287354,0.7333333333333333,0.42,0.5096153846153846,0.71875,0.45588235294117646,0.5057471264367817,,0.09302325581395349,0.09523809523809523,0.09523809523809523,,,19.655172413793103,0.8,0.125,0.05263157894736842,0.25,0.0423728813559322,0.18303571428571427,0.04741379310344827,0.03571428571428571,0.0847457627118644,,,0.10256410256410256,0.11475409836065574,0.2,0.24691358024691357,0.2608695652173913,0.022222222222222223,0.2413793103448276,0.6666666666666666,0.7368421052631579,0.5714285714285714,0.2413793103448276,0.3333333333333333,0.3684210526315789,0.2857142857142857,0.011494252873563218,1.0,1.0,,0.1724137931034483,0.3333333333333333,0.3103448275862069,0.3103448275862069,0.6666666666666666,0.26666666666666666,0.75,0.3333333333333333,0.26666666666666666,0.75,0.6666666666666666,0.2,0.28,0.7471264367816092,0.3103448275862069,0.5365151162790698,0.5213545454545453,0.5211729166666667,0.13861386138613863,0.24561403508771928,,0.2169811320754717,0.29245283018867924,4.999999999999999,25.84545454545454,0.2980392156862745,4.0,4.0,1.0,2.0,5.0,1.0,,1.0,,,1.0,3.0,,,2.0,1.0,3.0,1.0,0.1111111111111111,0.05434782608695652,0.3333333333333333,0.26666666666666666,0.26666666666666666,0.75,0.13333333333333333,0.5,0.8,0.2,1.0,2.0,3.0,,,4.0,1.0,1.0,,,,0.25,,0.2,0.2857142857142857,,,,,,1.0,,1.0,False,,,,1.0
203926,1610612758,Doug McDermott,Doug McDermott,203926,SAC,17057.0,284,22.0,580,572,135.0,173.0,72.0,1152,4.0,7.0,,,3.0,,3.0,1.0,3.0,21.0,27.0,59.0,3.0,7.0,15.0,5.0,13.0,36.0,80.0,3.0,121.0,667,,,3.0,8.0,9.0,1.0,5.0,19.0,2.0,28.0,10.0,,108.0,,,58.0,27.0,1.0,2.0,3.0,1.0,4.0,1.0,,,1.0,2.0,9.0,1.0,1.0,7.0,9.0,16.0,2.0,18.0,,4.0,2.0,2.0,4.0,,3.0,2.0,,1.0,6.0,,,14.0,27.0,2.0,3.0,5.0,1.0,1.0,,28.0,135.0,,1.0,1.0,1.0,0.45,0.375,0.45569620253164556,0.38461538461538464,,0.2,0.6344086021505376,0.5625,0.5416666666666666,0.6368421052631579,0.5625,0.56,0.8602150537634409,0.025,0.07692307692307693,0.14285714285714285,,,0.03389830508474576,15.303030303030305,0.6666666666666666,0.06976744186046512,0.007142857142857143,0.051094890510948905,0.0078125,0.06015037593984962,0.007462686567164179,,0.013888888888888888,,,0.08108108108108109,0.06756756756756757,0.05555555555555555,0.038834951456310676,0.08823529411764706,,0.07526881720430108,0.5714285714285714,0.6666666666666666,1.0,0.03225806451612903,,,,0.03225806451612903,0.3333333333333333,0.3333333333333333,1.0,0.22580645161290322,0.6344086021505376,0.4576271186440678,0.47368421052631576,1.0,,,,0.875,0.42857142857142855,1.0,0.125,0.625,0.9354838709677419,0.46551724137931033,0.5311033707865168,0.5093625,0.5146413043478261,0.021052631578947368,0.07142857142857142,0.012345679012345678,0.0743801652892562,0.23140495867768596,8.1,25.74810126582279,0.23275862068965517,1.0,9.0,,1.0,4.0,,1.0,,,,,,,,1.0,,2.0,1.0,,0.010309278350515464,0.5,0.42857142857142855,0.42857142857142855,1.0,0.125,,0.3333333333333333,0.16666666666666666,1.0,7.0,8.0,,3.0,,1.0,1.0,,1.0,,0.42105263157894735,,0.25,0.4666666666666667,,,,,,,,,False,,,,
203458,1610612758,Alex Len,Alex Len,203458,SAC,15460.0,258,-95.0,523,524,152.0,166.0,54.0,1047,13.0,19.0,4.0,7.0,8.0,8.0,15.0,,1.0,3.0,1.0,3.0,,,,21.0,35.0,1.0,6.0,7.0,52.0,638,5.0,8.0,,,10.0,8.0,17.0,,,16.0,32.0,10.0,3.0,,10.0,3.0,1.0,4.0,,12.0,18.0,30.0,13.0,5.0,3.0,6.0,3.0,78.0,8.0,16.0,17.0,17.0,39.0,25.0,64.0,3.0,8.0,8.0,,5.0,,3.0,6.0,,2.0,11.0,2.0,5.0,17.0,35.0,4.0,16.0,13.0,7.0,,,16.0,152.0,,0.7619047619047619,1.0,1.0,0.16666666666666666,,0.16666666666666666,0.6,0.625,0.47058823529411764,0.5487804878048781,0.625,0.47058823529411764,0.5531914893617021,0.625,0.47058823529411764,0.14634146341463414,,0.11428571428571428,0.15789473684210525,0.06666666666666667,,,9.914529914529915,0.45454545454545453,0.15315315315315314,0.125,0.1349206349206349,0.05925925925925926,0.14345991561181434,0.09125475285171103,0.14285714285714285,0.14285714285714285,0.06666666666666667,0.13793103448275862,0.3181818181818182,0.09090909090909091,0.17391304347826086,0.11764705882352941,0.20833333333333334,0.21428571428571427,0.4634146341463415,0.6842105263157895,0.8125,0.6923076923076923,0.36585365853658536,0.5333333333333333,0.5714285714285714,0.875,0.024390243902439025,,,,0.07317073170731707,0.07317073170731707,0.3333333333333333,0.3333333333333333,1.0,0.875,0.5714285714285714,,,,,0.47058823529411764,,0.6097560975609756,0.3333333333333333,0.5371682926829268,0.5939,0.5090941176470588,0.14893617021276595,0.17073170731707318,,0.19230769230769232,0.3076923076923077,4.66,24.3,0.29063097514340347,5.0,,,,,,,5.0,1.0,,,1.0,1.0,,15.0,6.0,18.0,11.0,0.25,0.03773584905660377,0.6111111111111112,,,,,,0.625,,,,,,4.0,,3.0,3.0,,9.0,1.0,,,,,,1.0,1.0,,1.0,,0.14285714285714285,,False,,,,
1642403,1610612758,Isaac Jones,Isaac Jones,1642403,SAC,15377.0,256,-63.0,536,538,181.0,163.0,59.0,1074,31.0,39.0,5.0,7.0,8.0,15.0,27.0,,,4.0,,2.0,,,1.0,46.0,66.0,2.0,6.0,21.0,119.0,641,8.0,10.0,,,17.0,13.0,20.0,5.0,6.0,38.0,74.0,18.0,6.0,,8.0,2.0,,10.0,1.0,4.0,6.0,10.0,6.0,,,3.0,1.0,26.0,9.0,8.0,10.0,18.0,29.0,18.0,47.0,2.0,4.0,2.0,2.0,9.0,2.0,3.0,5.0,,6.0,14.0,4.0,5.0,16.0,27.0,1.0,29.0,34.0,18.0,,2.0,38.0,181.0,2.0,0.8043478260869565,0.8809523809523809,1.0,0.3333333333333333,,0.3333333333333333,0.696969696969697,0.8,0.65,0.6805555555555556,0.8,0.64,0.6918604651162791,0.7083333333333334,0.6333333333333333,0.08333333333333333,0.16666666666666666,0.15151515151515152,0.1282051282051282,0.18518518518518517,,,16.44736842105263,0.6428571428571429,0.16981132075471697,0.06299212598425197,0.08928571428571429,0.08035714285714286,0.12844036697247707,0.07112970711297072,0.02857142857142857,0.058823529411764705,0.125,0.02857142857142857,0.2,0.16666666666666666,0.125,0.10465116279069768,0.038461538461538464,0.16666666666666666,0.5416666666666666,0.7948717948717948,0.9117647058823529,0.8709677419354839,0.375,0.5555555555555556,0.6818181818181818,0.6666666666666666,,,,,0.05555555555555555,0.027777777777777776,,,,0.7,0.7142857142857143,0.4,,,,0.32,0.04,0.625,,0.5636479166666666,0.57454,0.516292,0.21428571428571427,0.23076923076923078,,0.14285714285714285,0.31932773109243695,3.3545454545454545,23.8,0.3376865671641791,6.0,2.0,,,4.0,1.0,,1.0,,,,4.0,6.0,,8.0,4.0,8.0,4.0,0.0625,0.1038961038961039,0.5,0.5,0.6666666666666666,1.0,,,0.75,0.16,2.0,,2.0,1.0,3.0,1.0,,,,4.0,2.0,0.4,,0.5,,,1.0,3.0,,,,0.07142857142857142,,False,,,0.25,
203897,1610612758,Zach LaVine,Zach LaVine,203897,SAC,29540.0,492,-50.0,1008,1005,229.0,200.0,93.0,2013,34.0,47.0,1.0,1.0,7.0,14.0,35.0,8.0,23.0,22.0,27.0,74.0,1.0,3.0,14.0,56.0,105.0,39.0,96.0,40.0,269.0,1221,1.0,3.0,3.0,6.0,11.0,7.0,18.0,18.0,12.0,38.0,54.0,58.0,66.0,51.0,,74.0,27.0,6.0,1.0,31.0,27.0,58.0,19.0,8.0,15.0,12.0,4.0,143.0,2.0,1.0,29.0,13.0,43.0,3.0,46.0,1.0,9.0,6.0,3.0,32.0,5.0,15.0,9.0,,17.0,41.0,3.0,10.0,11.0,20.0,1.0,40.0,48.0,23.0,,4.0,38.0,229.0,3.0,0.48214285714285715,0.48214285714285715,0.5641025641025641,0.40625,0.5,0.40625,0.5333333333333333,0.3333333333333333,0.3888888888888889,0.5696517412935324,0.6111111111111112,0.3611111111111111,0.6063348416289592,0.6111111111111112,0.4318181818181818,0.47761194029850745,0.010416666666666666,0.05714285714285714,0.10638297872340426,0.02857142857142857,,0.013513513513513514,23.413762287756928,0.7804878048780488,0.057777777777777775,0.004694835680751174,0.13302752293577982,0.00909090909090909,0.09480812641083522,0.006928406466512702,,0.010526315789473684,,,0.06666666666666667,0.05172413793103448,0.058823529411764705,0.1346153846153846,0.12903225806451613,0.010752688172043012,0.23383084577114427,0.723404255319149,0.8095238095238095,0.5588235294117647,0.17412935323383086,0.4,0.4117647058823529,0.35714285714285715,0.11442786069651742,0.34782608695652173,0.34782608695652173,0.375,0.10945273631840796,0.3681592039800995,0.36486486486486486,0.3698630136986301,0.5555555555555556,0.1111111111111111,1.0,1.0,0.3333333333333333,0.3333333333333333,1.0,0.19444444444444445,0.3888888888888889,0.7114427860696517,0.36486486486486486,0.5383941489361702,0.5707333333333334,0.5136161764705883,0.10599078341013825,0.19008264462809918,,0.040892193308550186,0.1412639405204461,7.011428571428571,26.104347826086954,0.22718253968253968,4.0,12.0,2.0,3.0,4.0,,,1.0,2.0,,,1.0,7.0,1.0,1.0,,1.0,,0.041666666666666664,0.011299435028248588,,0.5454545454545454,0.5454545454545454,0.5833333333333334,0.3333333333333333,0.6666666666666666,0.5714285714285714,0.1111111111111111,2.0,2.0,4.0,,2.0,1.0,,,,1.0,,0.2222222222222222,1.0,0.5,0.14285714285714285,,,,,,,,,False,,,,
1641732,1610612758,Colby Jones,Colby Jones,1641732,SAC,7786.0,130,4.0,264,268,64.0,74.0,35.0,532,2.0,2.0,,,,3.0,11.0,2.0,3.0,2.0,4.0,8.0,1.0,2.0,2.0,7.0,16.0,4.0,10.0,,26.0,284,,3.0,1.0,2.0,3.0,2.0,5.0,2.0,,7.0,8.0,6.0,12.0,,,8.0,4.0,3.0,,2.0,5.0,7.0,4.0,1.0,,2.0,,19.0,5.0,3.0,9.0,6.0,15.0,8.0,23.0,,6.0,4.0,2.0,4.0,1.0,3.0,3.0,,1.0,7.0,2.0,3.0,6.0,13.0,,5.0,,,,,7.0,64.0,,0.5714285714285714,0.5714285714285714,1.0,0.4,0.5,0.4,0.4375,,0.4,0.5,0.3,0.5,0.5,0.3,0.5,0.38461538461538464,,0.1875,,0.2727272727272727,,,10.714285714285714,0.5714285714285714,0.09836065573770492,0.04477611940298507,0.15,0.0847457627118644,0.12396694214876033,0.06349206349206349,0.07142857142857142,0.05263157894736842,,,0.05555555555555555,0.16129032258064516,,0.14,0.2,,0.07692307692307693,1.0,1.0,0.5,0.4230769230769231,0.2727272727272727,0.375,0.6666666666666666,0.11538461538461539,0.6666666666666666,0.6666666666666666,0.5,0.07692307692307693,0.3076923076923077,0.5,0.5,1.0,,,,0.4,0.5,1.0,,0.2857142857142857,0.46153846153846156,0.5,0.49349807692307684,0.4738,0.42012857142857146,,,,0.11538461538461539,0.2692307692307692,9.312500000000002,24.8,0.24242424242424243,,,,,,,,,1.0,,,2.0,,,7.0,4.0,7.0,5.0,,0.10638297872340426,0.7142857142857143,,,,,,,,,1.0,1.0,1.0,1.0,1.0,,,,3.0,2.0,0.5,,,0.5,,,,,,,,,False,,,,
1642384,1610612758,Isaiah Crawford,Isaiah Crawford,1642384,SAC,2489.0,41,21.0,89,86,39.0,36.0,12.0,175,1.0,1.0,1.0,1.0,1.0,3.0,4.0,,,1.0,,3.0,,,1.0,4.0,5.0,1.0,4.0,2.0,13.0,80,1.0,1.0,,,2.0,2.0,3.0,2.0,1.0,8.0,6.0,2.0,3.0,,2.0,3.0,,,,1.0,,1.0,,,,,1.0,2.0,,1.0,3.0,2.0,7.0,1.0,8.0,,1.0,1.0,,,1.0,,1.0,,,1.0,,1.0,,2.0,,1.0,4.0,1.0,,1.0,8.0,39.0,1.0,0.75,1.0,1.0,0.25,,0.25,0.8,1.0,0.6666666666666666,0.6111111111111112,1.0,0.7,0.5909090909090909,1.0,0.6666666666666666,0.4444444444444444,,,,,,,11.76470588235294,,0.08695652173913043,0.047619047619047616,0.1875,,0.1282051282051282,0.02702702702702703,,0.07142857142857142,,,0.25,0.058823529411764705,,0.18181818181818182,0.2,,0.1111111111111111,1.0,1.0,,0.4444444444444444,0.75,0.75,1.0,,,,,0.1111111111111111,0.3333333333333333,,,,1.0,1.0,,,,,0.2,0.2,0.5555555555555556,,0.4836722222222223,0.6145,0.5058900000000001,0.1,0.16666666666666666,,0.15384615384615385,0.6153846153846154,6.5,26.299999999999997,0.43820224719101125,1.0,1.0,,,1.0,,,2.0,,,,,,,1.0,,1.0,,0.6666666666666666,,,1.0,1.0,1.0,,,1.0,0.2,1.0,,1.0,,,,,,,1.0,,0.5,,1.0,,,,,,,,,,False,,,,
1631115,1610612758,Orlando Robinson,Orlando Robinson,1631115,SAC,3427.0,57,5.0,111,112,39.0,48.0,14.0,223,4.0,6.0,1.0,1.0,3.0,2.0,5.0,,1.0,1.0,1.0,4.0,,,1.0,6.0,12.0,1.0,5.0,4.0,19.0,128,1.0,2.0,,,3.0,2.0,3.0,2.0,1.0,5.0,10.0,2.0,3.0,,2.0,4.0,1.0,,,4.0,5.0,9.0,4.0,1.0,2.0,2.0,,23.0,3.0,,3.0,5.0,11.0,3.0,14.0,,3.0,1.0,2.0,3.0,,,1.0,,3.0,4.0,,,4.0,6.0,1.0,5.0,7.0,4.0,,,5.0,39.0,,0.8333333333333334,1.0,1.0,0.2,,0.2,0.5,0.5,0.6666666666666666,0.4411764705882353,0.5,0.4,0.475,0.5,0.4166666666666667,0.29411764705882354,,,,,,,18.89763779527559,0.75,0.2631578947368421,,0.10714285714285714,0.11538461538461539,0.1702127659574468,0.06666666666666667,,,,,0.16666666666666666,0.2857142857142857,0.3333333333333333,0.14285714285714285,,,0.35294117647058826,0.6666666666666666,0.6666666666666666,0.75,0.29411764705882354,0.4,0.4,1.0,0.058823529411764705,,,,0.058823529411764705,0.23529411764705882,0.25,0.25,1.0,0.5,1.0,,,,,0.6,0.2,0.6470588235294118,0.25,0.5364676470588235,0.4411,0.58668,0.2,0.26666666666666666,,0.15789473684210525,0.2631578947368421,4.841666666666667,25.859999999999996,0.35135135135135137,2.0,,,,1.0,1.0,,3.0,,,,1.0,1.0,,,,1.0,,0.42857142857142855,0.13043478260869565,,,,,,,0.6666666666666666,0.2,,,,,1.0,,1.0,1.0,,,,,,,,,,,,,,,,False,,,,
203109,1610612758,Jae Crowder,Jae Crowder,203109,SAC,5493.0,92,-14.0,182,187,38.0,61.0,24.0,369,1.0,1.0,,,,1.0,3.0,1.0,1.0,7.0,1.0,5.0,,1.0,1.0,3.0,5.0,3.0,12.0,5.0,20.0,213,1.0,2.0,,2.0,2.0,1.0,2.0,3.0,,5.0,4.0,2.0,9.0,,2.0,5.0,1.0,1.0,,3.0,1.0,4.0,,1.0,2.0,1.0,,9.0,3.0,2.0,5.0,4.0,11.0,6.0,17.0,,3.0,2.0,1.0,4.0,,4.0,,,,4.0,3.0,,8.0,10.0,,3.0,6.0,,2.0,,5.0,38.0,,0.6666666666666666,1.0,1.0,0.25,,0.25,0.6,0.5,0.5,0.4411764705882353,0.25,0.5,0.5263157894736842,0.25,0.5,0.7058823529411765,,0.2,,0.3333333333333333,,,10.849056603773585,1.0,0.11428571428571428,0.046511627906976744,0.10416666666666667,0.061224489795918366,0.10843373493975904,0.05434782608695652,,0.041666666666666664,0.09090909090909091,0.07692307692307693,0.09090909090909091,0.10526315789473684,0.2,0.14705882352941177,,,0.058823529411764705,1.0,1.0,1.0,0.17647058823529413,0.3333333333333333,0.5,,0.058823529411764705,1.0,1.0,1.0,0.4117647058823529,0.29411764705882354,0.2,0.2,1.0,,,,0.25,,,,0.2,0.7647058823529411,0.2,0.5173647058823531,0.46814999999999996,0.50537,0.10526315789473684,,0.14285714285714285,0.1,0.25,10.0,24.50833333333333,0.2087912087912088,,2.0,,1.0,2.0,,,2.0,,,,,,,,,,,0.4,0.05555555555555555,,0.2857142857142857,0.2857142857142857,1.0,0.25,,,0.4,1.0,,1.0,,,,,,,,1.0,0.3333333333333333,,0.5,,,1.0,,,,,0.16666666666666666,,False,,,,
1630222,1610612758,Mason Jones,Mason Jones,1630222,SAC,2724.0,45,1.0,93,95,46.0,39.0,12.0,188,3.0,3.0,,,2.0,5.0,7.0,,,1.0,1.0,7.0,1.0,2.0,5.0,8.0,10.0,1.0,8.0,4.0,23.0,100,1.0,1.0,1.0,2.0,5.0,3.0,4.0,6.0,3.0,12.0,8.0,8.0,3.0,,,7.0,1.0,,,7.0,4.0,11.0,3.0,1.0,4.0,2.0,1.0,26.0,2.0,,5.0,2.0,7.0,2.0,9.0,,,,,1.0,,1.0,,,,1.0,,1.0,1.0,3.0,,3.0,5.0,3.0,,,12.0,46.0,,0.5,0.5,1.0,0.125,0.5,0.125,0.8,1.0,0.75,0.5277777777777778,0.8333333333333334,0.45,0.575,0.8333333333333334,0.5,0.4444444444444444,,,,,,,19.626168224299064,1.0,0.10526315789473684,,0.22727272727272727,0.10526315789473684,0.17073170731707318,0.05263157894736842,,,,,,,1.0,0.25,0.16666666666666666,,0.16666666666666666,1.0,1.0,0.6666666666666666,0.3888888888888889,0.7142857142857143,0.7142857142857143,0.4,,,,,0.05555555555555555,0.3888888888888889,0.14285714285714285,0.14285714285714285,1.0,,,,0.6666666666666666,0.5,1.0,0.2,0.5,0.6111111111111112,0.14285714285714285,0.5102666666666666,,0.537725,0.15,0.25,,0.21739130434782608,0.5217391304347826,5.629999999999999,27.0375,0.4946236559139785,2.0,,,,1.0,,,,,,,,1.0,,1.0,,1.0,,,0.125,,,,,,,1.0,0.1,,1.0,1.0,,1.0,,,,,1.0,,0.16666666666666666,,,0.2,,,,,,,,,False,,,,
1627746,1610612758,Skal Labissiere,Skal Labissiere,1627746,SAC,717.0,12,-1.0,26,24,17.0,4.0,4.0,50,,,,,,1.0,2.0,,1.0,,1.0,1.0,,,1.0,1.0,3.0,1.0,1.0,,5.0,32,,,,,,1.0,3.0,1.0,,5.0,2.0,,3.0,,,1.0,1.0,,,,1.0,1.0,,1.0,,,,3.0,1.0,,,2.0,2.0,1.0,3.0,,,,,,,,,,,,,,1.0,1.0,,,,,,,5.0,17.0,,1.0,1.0,1.0,1.0,,1.0,0.3333333333333333,,0.3333333333333333,0.625,,0.625,0.625,,0.625,0.25,,,,,,,13.333333333333334,,0.5,,,0.2,0.2857142857142857,0.09090909090909091,,,,,,0.5,,,,,,,,,0.5,0.5,0.5,1.0,0.25,,,,,0.25,1.0,1.0,1.0,,,,,,,,0.25,0.25,1.0,0.43220000000000003,,0.43220000000000003,,,,,1.0,11.1,27.7,0.6538461538461539,,,,,,,,,,,,,,,,,,,,0.25,,,,,,,,,,1.0,1.0,,,,,,,,,1.0,,,1.0,,,,,,1.0,,,False,,,,
1630678,1610612758,Terry Taylor,Terry Taylor,1630678,SAC,269.0,4,9.0,9,9,,4.0,,18,,,,,,,1.0,,,,,,,,,,1.0,,,,,6,,,,,,,,,,,,,,,,,,,,,1.0,1.0,1.0,,,,,3.0,,,,,,,,,,,,,,,,,,,,,,,,,,,,,,,,,,,,,,,,,,,,,,,,,,,,,,11.11111111111111,,,,,,,,,,,,,,,,,,,,,,1.0,,,,,,,,,,,,,,,,,,,,,,,0.4363,,,,,,,,6.0,,,,,,,,,,,,,,,,,,,,,,,,,,,,,,,,,,,,,,,,,,,,,,,,,,,,,,False,,,,
