EntityId,TeamId,Name,ShortName,RowId,TeamAbbreviation,SecondsPlayed,Minutes,PlusMinus,OffPoss,DefPoss,PenaltyOffPoss,PenaltyDefPoss,SecondChanceOffPoss,TotalPoss,AtRimFGM,AtRimFGA,SecondChanceAtRimFGA,PenaltyAtRimFGM,PenaltyAtRimFGA,ShortMidRangeFGM,ShortMidRangeFGA,LongMidRangeFGM,LongMidRangeFGA,Corner3FGM,Corner3FGA,SecondChanceCorner3FGM,SecondChanceCorner3FGA,PenaltyCorner3FGM,PenaltyCorner3FGA,Arc3FGM,Arc3FGA,SecondChanceArc3FGM,SecondChanceArc3FGA,PenaltyArc3FGM,PenaltyArc3FGA,FG2M,FG2A,FG3M,FG3A,FtPoints,Points,OpponentPoints,SecondChanceFG2M,SecondChanceFG2A,SecondChanceFG3M,SecondChanceFG3A,SecondChanceFtPoints,SecondChancePoints,PenaltyFG2M,PenaltyFG2A,PenaltyFG3M,PenaltyFG3A,PenaltyFtPoints,PenaltyPoints,PtsAssisted2s,PtsUnassisted2s,PtsAssisted3s,PtsUnassisted3s,HeaveAttempts,NonHeaveArc3FGA,NonHeaveArc3FGM,Fg2aBlocked,TwoPtAssists,ThreePtAssists,Assists,Arc3Assists,Corner3Assists,AtRimAssists,ShortMidRangeAssists,AssistPoints,OffThreePtRebounds,OffTwoPtRebounds,DefThreePtRebounds,DefTwoPtRebounds,FTDefRebounds,DefRebounds,OffRebounds,Rebounds,Steals,BadPassSteals,LostBallSteals,LiveBallTurnovers,BadPassOutOfBoundsTurnovers,BadPassTurnovers,DeadBallTurnovers,LostBallOutOfBoundsTurnovers,LostBallTurnovers,StepOutOfBoundsTurnovers,Turnovers,ShootingFouls,Fouls,Offensive Fouls,FoulsDrawn,Charge Fouls Drawn,Offensive Fouls Drawn,FTA,2pt And 1 Free Throw Trips,TwoPtShootingFoulsDrawn,ThreePtShootingFoulsDrawn,NonShootingFoulsDrawn,Blocked2s,BlockedAtRim,Blocks,PenaltyPointsExcludingTakeFouls,PenaltyOffPossExcludingTakeFouls,NonShootingPenaltyNonTakeFoulsDrawn,Assisted2sPct,NonPutbacksAssisted2sPct,Assisted3sPct,Fg3Pct,SecondChanceFg3Pct,PenaltyFg3Pct,NonHeaveFg3Pct,Fg2Pct,SecondChanceFg2Pct,PenaltyFg2Pct,EfgPct,SecondChanceEfgPct,PenaltyEfgPct,TsPct,SecondChanceTsPct,PenaltyTsPct,FG3APct,FG2APctBlocked,ShortMidRangePctBlocked,Usage,LiveBallTurnoverPct,DefFTReboundPct,DefTwoPtReboundPct,OffTwoPtReboundPct,DefThreePtReboundPct,OffThreePtReboundPct,DefFGReboundPct,OffFGReboundPct,OffShortMidRangeReboundPct,OffLongMidRangeReboundPct,OffArc3ReboundPct,OffCorner3ReboundPct,DefAtRimReboundPct,DefShortMidRangeReboundPct,DefLongMidRangeReboundPct,DefArc3ReboundPct,DefCorner3ReboundPct,AtRimFrequency,AtRimAccuracy,UnblockedAtRimAccuracy,AtRimPctAssisted,ShortMidRangeFrequency,ShortMidRangeAccuracy,UnblockedShortMidRangeAccuracy,ShortMidRangePctAssisted,LongMidRangeFrequency,LongMidRangeAccuracy,UnblockedLongMidRangeAccuracy,LongMidRangePctAssisted,Corner3Frequency,Corner3Accuracy,UnblockedCorner3Accuracy,Corner3PctAssisted,Arc3Frequency,Arc3Accuracy,UnblockedArc3Accuracy,Arc3PctAssisted,SecondChanceAtRimFrequency,SecondChanceCorner3Frequency,SecondChanceCorner3Accuracy,SecondChanceCorner3PctAssisted,SecondChanceArc3Frequency,SecondChanceArc3Accuracy,SecondChanceArc3PctAssisted,PenaltyAtRimFrequency,PenaltyAtRimAccuracy,PenaltyCorner3Frequency,PenaltyCorner3Accuracy,PenaltyArc3Frequency,PenaltyArc3Accuracy,AtRimFG3AFrequency,NonHeaveArc3Accuracy,ShotQualityAvg,SecondChanceShotQualityAvg,PenaltyShotQualityAvg,ShootingFoulsDrawnPct,TwoPtShootingFoulsDrawnPct,ThreePtShootingFoulsDrawnPct,SecondChancePointsPct,PenaltyPointsPct,Avg2ptShotDistance,Avg3ptShotDistance,PenaltyOffPossPct,SecondChanceAtRimFGM,PtsPutbacks,SelfOReb,SecondChanceTurnovers,PenaltyTurnovers,Loose Ball Fouls,Loose Ball Fouls Drawn,BlockedShortMidRange,RecoveredBlocks,DefensiveGoaltends,OffensiveGoaltends,NonShootingPenaltyNonTakeFouls,AtRimPctBlocked,OffAtRimReboundPct,SelfORebPct,BlocksRecoveredPct,SecondChanceAtRimAccuracy,SecondChanceAtRimPctAssisted,Fg3aBlocked,Travels,BlockedLongMidRange,FG3APctBlocked,Arc3PctBlocked,LongMidRangeAssists,3pt And 1 Free Throw Trips,Technical Free Throw Trips,Charge Fouls,Blocked3s,BlockedArc3,Defensive 3 Seconds Violations,LongMidRangePctBlocked,FTOffRebounds,OffFTReboundPct,on,Corner3PctBlocked,Transition Take Fouls,Transition Take Fouls Drawn,3SecondViolations,BlockedCorner3,HeaveMakes
1626179,1610612748,Terry Rozier,Terry Rozier,1626179,MIA,17609.0,293,7.0,584,579,178.0,85,74,1163,13.0,20.0,1.0,3.0,4.0,6.0,14.0,1.0,7.0,12.0,31.0,5.0,6.0,3.0,8.0,15.0,36.0,1.0,1.0,7.0,15.0,20.0,41,27.0,67.0,16.0,137.0,692,1.0,2.0,6.0,7.0,1.0,21.0,4.0,8.0,10.0,23.0,8.0,46.0,28.0,12.0,57.0,24.0,1.0,35.0,15.0,3.0,16.0,17.0,33.0,12.0,5.0,9.0,7.0,83.0,3.0,4.0,18.0,19.0,1.0,38.0,7.0,45,7.0,6.0,1.0,6.0,4.0,4.0,9.0,1.0,2.0,1.0,15.0,5.0,10.0,3.0,15.0,1.0,1.0,16.0,1.0,5.0,1.0,2.0,2.0,2.0,2.0,46.0,178.0,2.0,0.7,0.7,0.7037037037037037,0.4029850746268656,0.8571428571428571,0.4347826086956521,0.4090909090909091,0.4878048780487805,0.5,0.5,0.5601851851851852,1.1111111111111112,0.6129032258064516,0.5956521739130435,1.1666666666666667,0.6764705882352942,0.6203703703703703,0.073170731707317,0.2142857142857142,19.51951951951952,0.4,0.0769230769230769,0.1275167785234899,0.0272108843537414,0.1475409836065573,0.0214285714285714,0.1365313653136531,0.024390243902439,0.0365853658536585,0.0454545454545454,0.0208333333333333,0.0227272727272727,0.0847457627118644,0.1228070175438596,0.2121212121212121,0.1739130434782608,0.0666666666666666,0.1851851851851851,0.65,0.65,0.6923076923076923,0.1296296296296296,0.4285714285714285,0.5454545454545454,0.6666666666666666,0.0648148148148148,0.1428571428571428,0.1428571428571428,1.0,0.287037037037037,0.3870967741935484,0.3870967741935484,0.9166666666666666,0.3333333333333333,0.4166666666666667,0.4166666666666667,0.5333333333333333,0.1111111111111111,0.6666666666666666,0.8333333333333334,0.8,0.1111111111111111,1.0,1.0,0.1290322580645161,0.75,0.2580645161290322,0.375,0.4838709677419355,0.4666666666666667,0.8055555555555556,0.4285714285714285,0.5362373831775702,0.57193,0.523405,0.0530973451327433,0.1111111111111111,0.0147058823529411,0.1532846715328467,0.3357664233576642,7.195121951219511,25.01940298507463,0.3047945205479452,,,,,,,,,,,,,,,,,,,,,,,,,,,,,,,,,,True,,,,,,
1628389,1610612748,Bam Adebayo,Bam Adebayo,1628389,MIA,33012.0,550,61.0,1083,1082,192.0,133,126,2165,41.0,60.0,22.0,9.0,11.0,35.0,87.0,2.0,11.0,5.0,16.0,1.0,1.0,,1.0,8.0,31.0,,2.0,1.0,3.0,78.0,158,13.0,47.0,43.0,238.0,1250,15.0,29.0,1.0,3.0,6.0,39.0,13.0,27.0,1.0,4.0,8.0,37.0,96.0,60.0,39.0,,,31.0,8.0,12.0,44.0,43.0,87.0,36.0,7.0,30.0,14.0,217.0,14.0,26.0,60.0,60.0,11.0,131.0,40.0,171,22.0,15.0,7.0,13.0,5.0,8.0,14.0,2.0,5.0,,27.0,15.0,26.0,5.0,53.0,,,58.0,2.0,27.0,,3.0,12.0,9.0,12.0,37.0,192.0,3.0,0.6153846153846154,0.7058823529411765,1.0,0.2765957446808511,0.3333333333333333,0.25,0.2765957446808511,0.4936708860759494,0.5172413793103449,0.4814814814814814,0.4756097560975609,0.515625,0.4677419354838709,0.5107296137339056,0.527027027027027,0.5,0.2292682926829268,0.0759493670886076,0.0804597701149425,21.22448979591837,0.4814814814814814,0.44,0.2352941176470588,0.1023622047244094,0.2510460251046025,0.0544747081712062,0.242914979757085,0.0782778864970645,0.1216216216216216,0.1379310344827586,0.0571428571428571,0.048780487804878,0.2105263157894736,0.2612612612612612,0.2244897959183673,0.2727272727272727,0.173076923076923,0.2926829268292683,0.6833333333333333,0.7454545454545455,0.6097560975609756,0.424390243902439,0.4022988505747126,0.4375,0.6285714285714286,0.0536585365853658,0.1818181818181818,0.1818181818181818,0.5,0.0780487804878048,0.3125,0.3125,1.0,0.1512195121951219,0.2580645161290322,0.2580645161290322,1.0,0.6875,0.03125,1.0,1.0,0.0625,,,0.3548387096774194,0.8181818181818182,0.032258064516129,,0.0967741935483871,0.3333333333333333,0.5219512195121951,0.2580645161290322,0.5329699999999999,0.588364,0.5471354838709678,0.117391304347826,0.1475409836065573,,0.1638655462184874,0.1554621848739495,6.965189873417722,24.93617021276596,0.1772853185595568,14.0,20.0,4.0,2.0,4.0,1.0,8.0,3.0,7.0,4.0,1.0,1.0,0.0833333333333333,0.0519480519480519,0.0392156862745098,0.5833333333333334,0.6363636363636364,0.2857142857142857,,,,,,,,,,,,,,,,True,,,,,,
1629130,1610612748,Duncan Robinson,Duncan Robinson,1629130,MIA,24561.0,409,69.0,819,815,109.0,106,80,1634,24.0,34.0,3.0,1.0,3.0,7.0,22.0,,1.0,10.0,27.0,,2.0,4.0,6.0,35.0,80.0,2.0,7.0,4.0,8.0,31.0,57,45.0,107.0,7.0,204.0,926,3.0,6.0,2.0,9.0,2.0,14.0,3.0,8.0,8.0,14.0,1.0,31.0,54.0,8.0,129.0,6.0,,80.0,35.0,6.0,32.0,15.0,47.0,7.0,8.0,17.0,15.0,109.0,1.0,3.0,22.0,15.0,1.0,38.0,4.0,42,7.0,5.0,2.0,9.0,,7.0,6.0,2.0,2.0,1.0,15.0,23.0,32.0,1.0,7.0,,1.0,9.0,,2.0,1.0,1.0,4.0,2.0,4.0,31.0,109.0,1.0,0.8709677419354839,0.8709677419354839,0.9555555555555556,0.4205607476635514,0.2222222222222222,0.5714285714285714,0.4205607476635514,0.543859649122807,0.5,0.375,0.600609756097561,0.4,0.6818181818181818,0.6071428571428571,0.4375,0.6739130434782609,0.6524390243902439,0.1052631578947368,0.1363636363636363,20.0218818380744,0.6,0.05,0.0793650793650793,0.0169491525423728,0.1164021164021164,0.005181347150259,0.0978835978835978,0.0108108108108108,0.0104166666666666,,,0.0166666666666666,0.0533333333333333,0.0833333333333333,0.1333333333333333,0.1071428571428571,0.1428571428571428,0.2073170731707317,0.7058823529411765,0.7741935483870968,0.8333333333333334,0.1341463414634146,0.3181818181818182,0.3684210526315789,1.0,0.0060975609756097,,,,0.1646341463414634,0.3703703703703703,0.3703703703703703,0.9,0.4878048780487805,0.4375,0.4430379746835443,0.9714285714285714,0.2,0.1333333333333333,,,0.4666666666666667,0.2857142857142857,1.0,0.1363636363636363,0.3333333333333333,0.2727272727272727,0.6666666666666666,0.3636363636363636,0.5,0.8597560975609756,0.4375,0.5543140243902438,0.54839375,0.5280636363636363,0.0179640718562874,0.0338983050847457,0.0092592592592592,0.0686274509803921,0.1519607843137254,4.438596491228071,25.40280373831776,0.1330891330891331,3.0,,1.0,2.0,1.0,,,1.0,1.0,,,1.0,0.088235294117647,0.0303030303030303,0.0128205128205128,0.25,1.0,1.0,1.0,1.0,1.0,0.0093457943925233,0.0125,,,,,,,,,,,True,,,,,,
1629639,1610612748,Tyler Herro,Tyler Herro,1629639,MIA,34200.0,570,69.0,1137,1130,272.0,197,136,2267,34.0,51.0,4.0,9.0,12.0,26.0,46.0,7.0,14.0,12.0,30.0,4.0,9.0,3.0,8.0,54.0,129.0,3.0,8.0,12.0,26.0,67.0,111,66.0,159.0,47.0,379.0,1332,5.0,8.0,7.0,17.0,9.0,40.0,17.0,25.0,15.0,34.0,18.0,97.0,50.0,84.0,159.0,39.0,,129.0,54.0,11.0,45.0,28.0,73.0,17.0,11.0,34.0,10.0,174.0,1.0,2.0,45.0,34.0,6.0,85.0,3.0,88,12.0,10.0,2.0,20.0,4.0,14.0,10.0,1.0,6.0,1.0,30.0,11.0,22.0,3.0,39.0,,1.0,53.0,7.0,21.0,5.0,3.0,2.0,1.0,2.0,97.0,272.0,3.0,0.373134328358209,0.3787878787878788,0.803030303030303,0.4150943396226415,0.4117647058823529,0.4411764705882353,0.4150943396226415,0.6036036036036037,0.625,0.68,0.6148148148148148,0.62,0.6694915254237288,0.6517241379310345,0.6666666666666666,0.7238805970149254,0.5888888888888889,0.0990990990990991,0.108695652173913,24.653312788906007,0.6666666666666666,0.2608695652173913,0.1254612546125461,0.0075471698113207,0.1931330472103004,0.0037174721189591,0.1567460317460317,0.0056179775280898,0.0147058823529411,,0.0054054054054054,,0.1346153846153846,0.0956521739130434,0.173076923076923,0.1881720430107527,0.2127659574468085,0.1888888888888888,0.6666666666666666,0.7555555555555555,0.3823529411764705,0.1703703703703703,0.5652173913043478,0.6341463414634146,0.3846153846153846,0.0518518518518518,0.5,0.5,0.2857142857142857,0.1111111111111111,0.4,0.4,0.9166666666666666,0.4777777777777778,0.4186046511627907,0.4251968503937008,0.7777777777777778,0.16,0.36,0.4444444444444444,0.75,0.32,0.375,0.3333333333333333,0.2033898305084746,0.75,0.135593220338983,0.375,0.4406779661016949,0.4615384615384615,0.7777777777777778,0.4186046511627907,0.5468600000000002,0.5228900000000001,0.5322322033898306,0.0905923344947735,0.168,0.0308641975308641,0.1055408970976253,0.2559366754617414,6.134234234234233,26.145283018867925,0.239226033421284,2.0,2.0,,,7.0,,1.0,,1.0,,,3.0,0.1176470588235294,,,0.5,0.5,,2.0,,1.0,0.0125786163522012,0.0155038759689922,1.0,2.0,1.0,,,,,,,,True,,,,,,
202710,1610612748,Jimmy Butler,Jimmy Butler,202710,MIA,45952.0,766,58.0,1526,1525,374.0,250,177,3051,84.0,117.0,19.0,15.0,28.0,39.0,93.0,6.0,17.0,9.0,22.0,,1.0,3.0,5.0,4.0,14.0,,1.0,,3.0,129.0,227,13.0,36.0,129.0,426.0,1770,16.0,33.0,,2.0,14.0,46.0,27.0,54.0,3.0,8.0,40.0,103.0,134.0,124.0,33.0,6.0,1.0,13.0,4.0,22.0,44.0,76.0,120.0,43.0,33.0,32.0,9.0,316.0,19.0,36.0,35.0,41.0,,76.0,55.0,131,27.0,12.0,15.0,20.0,5.0,17.0,10.0,1.0,3.0,,30.0,12.0,23.0,1.0,116.0,1.0,3.0,161.0,15.0,70.0,1.0,11.0,9.0,7.0,10.0,103.0,374.0,11.0,0.5193798449612403,0.5630252100840336,0.8461538461538461,0.3611111111111111,,0.375,0.3714285714285714,0.5682819383259912,0.4848484848484848,0.5,0.564638783269962,0.4571428571428571,0.5080645161290323,0.6393939393939394,0.5348837209302325,0.608433734939759,0.1368821292775665,0.0969162995594713,0.1505376344086021,20.79722703639515,0.6666666666666666,,0.1120218579234972,0.1008403361344537,0.1044776119402985,0.0520547945205479,0.108416547788873,0.0761772853185595,0.101063829787234,0.054054054054054,0.0562248995983935,0.043103448275862,0.1164383561643835,0.0705128205128205,0.203125,0.1027667984189723,0.1097560975609756,0.4448669201520912,0.717948717948718,0.7706422018348624,0.5952380952380952,0.3536121673003802,0.4193548387096774,0.4936708860759494,0.3846153846153846,0.0646387832699619,0.3529411764705882,0.3529411764705882,0.3333333333333333,0.0836501901140684,0.4090909090909091,0.4090909090909091,0.7777777777777778,0.053231939163498,0.2857142857142857,0.2857142857142857,1.0,0.5428571428571428,0.0285714285714285,,,0.0285714285714285,,,0.4516129032258064,0.5357142857142857,0.0806451612903225,0.6,0.0483870967741935,,0.5817490494296578,0.3076923076923077,0.5472669847328242,0.551934,0.5289418032786886,0.2225705329153605,0.2482269503546099,0.027027027027027,0.107981220657277,0.2417840375586854,5.393832599118941,24.93055555555556,0.2450851900393184,11.0,20.0,9.0,3.0,6.0,2.0,7.0,2.0,6.0,,,3.0,0.0683760683760683,0.1136363636363636,0.09375,0.6,0.5789473684210527,0.1818181818181818,,1.0,,,,3.0,,7.0,1.0,1.0,1.0,,,,,True,,,,,,
1630696,1610612748,Dru Smith,Dru Smith,1630696,MIA,5985.0,100,38.0,204,207,92.0,56,27,411,5.0,5.0,,4.0,4.0,1.0,5.0,,,3.0,6.0,1.0,2.0,1.0,1.0,4.0,8.0,1.0,1.0,1.0,3.0,6.0,10,7.0,14.0,5.0,38.0,213,,,2.0,3.0,,6.0,4.0,6.0,2.0,4.0,3.0,17.0,6.0,6.0,18.0,3.0,,8.0,4.0,,4.0,2.0,6.0,1.0,1.0,4.0,,14.0,4.0,,5.0,6.0,,11.0,4.0,15,5.0,2.0,3.0,5.0,,3.0,2.0,,2.0,,7.0,4.0,10.0,,4.0,,1.0,6.0,,1.0,,2.0,3.0,,3.0,17.0,92.0,2.0,0.5,0.5,0.8571428571428571,0.5,0.6666666666666666,0.5,0.5,0.6,,0.6666666666666666,0.6875,1.0,0.7,0.7037037037037037,1.0,0.7083333333333334,0.5833333333333334,,,14.655172413793103,0.7142857142857143,,0.1071428571428571,,0.1111111111111111,0.0754716981132075,0.1089108910891089,0.0454545454545454,,,0.0909090909090909,0.05,0.1034482758620689,0.1428571428571428,,0.0333333333333333,0.2666666666666666,0.2083333333333333,1.0,1.0,0.6,0.2083333333333333,0.2,0.2,,,,,,0.25,0.5,0.5,1.0,0.3333333333333333,0.5,0.5,0.75,,0.6666666666666666,0.5,1.0,0.3333333333333333,1.0,1.0,0.4,1.0,0.1,1.0,0.3,0.3333333333333333,0.7916666666666666,0.5,0.5557291666666667,0.5352750000000001,0.575765,0.04,0.0909090909090909,,0.1578947368421052,0.4473684210526316,5.48,24.66428571428571,0.4509803921568627,,,,2.0,3.0,1.0,,3.0,1.0,,,2.0,,,,0.3333333333333333,,,,,,,,,,,1.0,,,,,,,True,,,,,,
1631107,1610612748,Nikola Jović,Nikola Jović,1631107,MIA,10712.0,179,-58.0,361,355,66.0,55,34,716,11.0,16.0,2.0,2.0,3.0,4.0,10.0,1.0,2.0,8.0,14.0,1.0,1.0,1.0,3.0,7.0,20.0,,,2.0,3.0,16.0,28,15.0,34.0,9.0,86.0,457,2.0,4.0,1.0,1.0,2.0,9.0,3.0,5.0,3.0,6.0,,15.0,24.0,8.0,45.0,,,20.0,7.0,2.0,7.0,5.0,12.0,2.0,3.0,4.0,3.0,29.0,4.0,1.0,19.0,12.0,1.0,32.0,5.0,37,4.0,3.0,1.0,4.0,4.0,,7.0,,4.0,1.0,11.0,10.0,13.0,1.0,12.0,,,12.0,,6.0,,,2.0,1.0,2.0,15.0,66.0,,0.75,0.8,1.0,0.4411764705882353,1.0,0.5,0.4411764705882353,0.5714285714285714,0.5,0.6,0.6209677419354839,0.7,0.6818181818181818,0.6323529411764706,0.75,0.6818181818181818,0.5483870967741935,0.0714285714285714,0.1,19.8992443324937,0.3636363636363636,0.1428571428571428,0.1518987341772152,0.0114942528735632,0.240506329113924,0.048780487804878,0.1962025316455696,0.029585798816568,0.0196078431372549,,0.0555555555555555,0.0357142857142857,0.2564102564102564,0.04,0.0666666666666666,0.2203389830508474,0.3,0.2580645161290322,0.6875,0.7333333333333333,0.7272727272727273,0.1612903225806451,0.4,0.4444444444444444,1.0,0.032258064516129,0.5,0.5,,0.2258064516129032,0.5714285714285714,0.5714285714285714,1.0,0.3225806451612903,0.35,0.35,1.0,0.4,0.2,1.0,1.0,,,,0.2727272727272727,0.6666666666666666,0.2727272727272727,0.3333333333333333,0.2727272727272727,0.6666666666666666,0.8064516129032258,0.35,0.558074193548387,0.3845,0.5824681818181818,0.088235294117647,0.1764705882352941,,0.1046511627906976,0.1744186046511628,4.421428571428572,24.74117647058823,0.1828254847645429,1.0,2.0,,,3.0,,,1.0,1.0,,,,0.0625,,,0.5,0.5,,,,,,,,,,,,,,,,,True,,,,,,
1631170,1610612748,Jaime Jaquez Jr.,Jaime Jaquez Jr.,1631170,MIA,8325.0,139,-46.0,273,280,111.0,53,33,553,9.0,20.0,2.0,6.0,14.0,3.0,14.0,,,1.0,6.0,,,1.0,3.0,4.0,9.0,,1.0,3.0,6.0,12.0,34,5.0,15.0,4.0,43.0,346,,2.0,,1.0,1.0,1.0,7.0,19.0,4.0,9.0,3.0,29.0,8.0,16.0,15.0,,,9.0,4.0,5.0,7.0,6.0,13.0,4.0,2.0,4.0,3.0,32.0,5.0,,7.0,14.0,2.0,23.0,5.0,28,4.0,4.0,,7.0,1.0,5.0,4.0,,2.0,,11.0,4.0,6.0,,6.0,,1.0,8.0,,3.0,,1.0,1.0,,1.0,29.0,111.0,1.0,0.3333333333333333,0.3333333333333333,1.0,0.3333333333333333,,0.4444444444444444,0.3333333333333333,0.3529411764705882,,0.3684210526315789,0.3979591836734694,,0.4642857142857143,0.4056603773584906,0.125,0.4677419354838709,0.3061224489795918,0.1470588235294117,0.1428571428571428,20.77922077922078,0.6363636363636364,0.3333333333333333,0.1866666666666666,,0.125,0.0714285714285714,0.1603053435114503,0.037037037037037,,,0.0869565217391304,0.0416666666666666,0.1612903225806451,0.1714285714285714,0.3333333333333333,0.0769230769230769,0.2352941176470588,0.4081632653061224,0.45,0.5294117647058824,0.3333333333333333,0.2857142857142857,0.2142857142857142,0.25,0.3333333333333333,,,,,0.1224489795918367,0.1666666666666666,0.1666666666666666,1.0,0.1836734693877551,0.4444444444444444,0.4444444444444444,1.0,0.6666666666666666,,,,0.3333333333333333,,,0.5,0.4285714285714285,0.1071428571428571,0.3333333333333333,0.2142857142857142,0.5,0.7142857142857143,0.4444444444444444,0.5363510204081633,0.56865,0.5395053571428571,0.0576923076923076,0.081081081081081,,0.0232558139534883,0.6744186046511628,4.661764705882353,25.06666666666667,0.4065934065934066,,,,2.0,6.0,,,1.0,1.0,,,,0.15,,,1.0,,,,3.0,,,,,,,,,,,,,,True,,,,,,
1642276,1610612748,Kel'el Ware,Kel'el Ware,1642276,MIA,4164.0,69,15.0,135,132,7.0,13,11,267,8.0,14.0,5.0,,,5.0,9.0,,,,,,,,,3.0,7.0,,,,1.0,13.0,23,3.0,7.0,1.0,36.0,155,2.0,6.0,,,,4.0,,1.0,,1.0,,,20.0,6.0,6.0,3.0,1.0,6.0,3.0,1.0,3.0,,3.0,,,1.0,2.0,6.0,1.0,5.0,7.0,5.0,,12.0,6.0,18,3.0,3.0,,,,,1.0,,,,1.0,5.0,6.0,,1.0,,,2.0,,1.0,,,4.0,3.0,4.0,,7.0,,0.7692307692307693,0.9090909090909092,0.6666666666666666,0.4285714285714285,,,0.5,0.5652173913043478,0.3333333333333333,,0.5833333333333334,0.3333333333333333,,0.5806451612903226,0.3333333333333333,,0.2333333333333333,0.0434782608695652,,21.19205298013245,,,0.1666666666666666,0.1428571428571428,0.2121212121212121,0.0384615384615384,0.1904761904761904,0.0983606557377049,0.1052631578947368,0.2,0.0666666666666666,,0.1538461538461538,0.2307692307692307,,0.217391304347826,0.2,0.4666666666666667,0.5714285714285714,0.6153846153846154,0.625,0.3,0.5555555555555556,0.5555555555555556,1.0,,,,,,,,,0.2333333333333333,0.4285714285714285,0.4285714285714285,0.6666666666666666,0.8333333333333334,,,,,,,,,,,0.5,,0.7,0.5,0.5691775862068965,0.59438,0.4291,0.032258064516129,0.0416666666666666,,0.1111111111111111,,3.8,28.342857142857135,0.0518518518518518,2.0,4.0,2.0,,,,,1.0,2.0,,,,0.0714285714285714,0.1818181818181818,0.1666666666666666,0.5,0.4,,,1.0,,,,,,,,,,,,,,True,,,,,,
1629312,1610612748,Haywood Highsmith,Haywood Highsmith,1629312,MIA,20388.0,340,47.0,676,682,134.0,108,83,1358,8.0,14.0,,2.0,4.0,8.0,17.0,,1.0,9.0,17.0,,,3.0,5.0,9.0,27.0,1.0,3.0,2.0,2.0,16.0,32,18.0,44.0,9.0,95.0,771,1.0,2.0,1.0,3.0,4.0,9.0,4.0,9.0,5.0,7.0,3.0,26.0,18.0,14.0,51.0,3.0,,27.0,9.0,6.0,8.0,8.0,16.0,7.0,1.0,5.0,3.0,40.0,9.0,3.0,15.0,15.0,2.0,32.0,12.0,44,12.0,9.0,3.0,4.0,,1.0,8.0,1.0,3.0,4.0,12.0,15.0,33.0,2.0,11.0,,1.0,12.0,2.0,5.0,,2.0,9.0,3.0,10.0,26.0,134.0,2.0,0.5625,0.6,0.9444444444444444,0.4090909090909091,0.3333333333333333,0.7142857142857143,0.4090909090909091,0.5,0.5,0.4444444444444444,0.5657894736842105,0.5,0.71875,0.5864197530864198,0.6428571428571429,0.7222222222222222,0.5789473684210527,0.1875,0.1764705882352941,12.0,0.3333333333333333,0.1818181818181818,0.0925925925925925,0.0198675496688741,0.1020408163265306,0.0538922155688622,0.0970873786407767,0.0377358490566037,0.0126582278481012,,0.0583333333333333,0.0425531914893617,0.1379310344827586,0.0857142857142857,0.0294117647058823,0.1160714285714285,0.0571428571428571,0.1842105263157894,0.5714285714285714,0.6666666666666666,0.625,0.2236842105263158,0.4705882352941176,0.5714285714285714,0.5,0.0131578947368421,,,,0.2236842105263158,0.5294117647058824,0.5294117647058824,1.0,0.3552631578947368,0.3333333333333333,0.3333333333333333,0.8888888888888888,,,,,0.6,0.3333333333333333,1.0,0.25,0.5,0.3125,0.6,0.125,1.0,0.7631578947368421,0.3333333333333333,0.563721052631579,0.4595333333333333,0.567815625,0.0632911392405063,0.1428571428571428,,0.0947368421052631,0.2736842105263158,4.73125,25.09545454545454,0.1982248520710059,,2.0,1.0,2.0,,1.0,1.0,6.0,6.0,,,1.0,0.1428571428571428,0.0327868852459016,0.0277777777777777,0.6,,,,1.0,,,,,,,,1.0,1.0,1.0,1.0,,,True,,,,,,
1641796,1610612748,Pelle Larsson,Pelle Larsson,1641796,MIA,6265.0,104,22.0,207,210,78.0,59,26,417,7.0,12.0,3.0,1.0,4.0,2.0,2.0,,,2.0,8.0,,,1.0,2.0,2.0,11.0,,1.0,2.0,6.0,9.0,14,4.0,19.0,5.0,35.0,227,1.0,3.0,,1.0,,2.0,1.0,4.0,3.0,8.0,2.0,13.0,16.0,2.0,12.0,,,11.0,2.0,,4.0,3.0,7.0,2.0,1.0,,4.0,17.0,,3.0,3.0,3.0,,6.0,4.0,10,3.0,3.0,,2.0,,2.0,,,,,2.0,8.0,14.0,,7.0,,,8.0,2.0,4.0,,1.0,,,,13.0,78.0,1.0,0.8888888888888888,1.0,1.0,0.2105263157894736,,0.375,0.2105263157894736,0.6428571428571429,0.3333333333333333,0.25,0.4545454545454545,0.25,0.4583333333333333,0.4861111111111111,0.25,0.5,0.5757575757575758,,,15.899581589958158,1.0,,0.0697674418604651,0.0566037735849056,0.0566037735849056,,0.0625,0.0275229357798165,,0.3333333333333333,,,,0.15,,0.0697674418604651,,0.3636363636363636,0.5833333333333334,0.5833333333333334,0.8571428571428571,0.0606060606060606,1.0,1.0,1.0,,,,,0.2424242424242424,0.25,0.25,1.0,0.3333333333333333,0.1818181818181818,0.1818181818181818,1.0,0.75,,,,0.25,,,0.3333333333333333,0.25,0.1666666666666666,0.5,0.5,0.3333333333333333,0.9393939393939394,0.1818181818181818,0.6019075757575758,0.6531750000000001,0.5920666666666667,0.1142857142857142,0.25,,0.0571428571428571,0.3714285714285714,1.8214285714285716,24.784210526315796,0.3768115942028985,1.0,2.0,1.0,,2.0,,,,,,,2.0,,0.0454545454545454,0.05,,0.3333333333333333,,,,,,,,,,,,,,,1.0,0.2,True,,,,,,
202692,1610612748,Alec Burks,Alec Burks,202692,MIA,6993.0,117,11.0,230,229,65.0,27,24,459,1.0,3.0,,1.0,2.0,1.0,2.0,2.0,4.0,6.0,13.0,1.0,1.0,2.0,4.0,5.0,10.0,,,1.0,3.0,4.0,9,11.0,23.0,4.0,45.0,254,,1.0,1.0,1.0,2.0,5.0,2.0,4.0,3.0,7.0,3.0,16.0,4.0,4.0,33.0,,,10.0,5.0,,8.0,2.0,10.0,2.0,,4.0,3.0,22.0,2.0,1.0,6.0,4.0,,10.0,3.0,13,4.0,3.0,1.0,1.0,,,,,1.0,,1.0,3.0,3.0,,5.0,,1.0,6.0,,2.0,,1.0,1.0,1.0,1.0,16.0,65.0,1.0,0.5,0.5,1.0,0.4782608695652174,1.0,0.4285714285714285,0.4782608695652174,0.4444444444444444,,0.5,0.640625,0.75,0.5909090909090909,0.6428571428571429,0.8333333333333334,0.6153846153846154,0.71875,,,14.0625,1.0,,0.0784313725490196,0.0175438596491228,0.0967741935483871,0.0408163265306122,0.0884955752212389,0.0283018867924528,0.0333333333333333,,,0.1111111111111111,,0.12,0.2,0.0681818181818181,0.1666666666666666,0.09375,0.3333333333333333,0.3333333333333333,1.0,0.0625,0.5,0.5,,0.125,0.5,0.5,0.5,0.40625,0.4615384615384615,0.4615384615384615,1.0,0.3125,0.5,0.5555555555555556,1.0,,0.5,1.0,1.0,,,,0.1818181818181818,0.5,0.3636363636363636,0.5,0.2727272727272727,0.3333333333333333,0.8125,0.5,0.5281421875,0.5628,0.5142772727272727,0.0588235294117647,0.1818181818181818,,0.1111111111111111,0.3555555555555555,10.488888888888887,24.32608695652173,0.2826086956521739,,,2.0,,1.0,,,,1.0,,,,,,0.125,1.0,,,1.0,,,0.0434782608695652,0.1,1.0,,,,,,,,,,True,,,,,,
1628418,1610612748,Thomas Bryant,Thomas Bryant,1628418,MIA,3779.0,63,3.0,125,125,65.0,27,19,250,4.0,7.0,4.0,1.0,1.0,1.0,1.0,,,,2.0,,,,1.0,3.0,7.0,,,,2.0,5.0,8,3.0,9.0,5.0,24.0,147,1.0,4.0,,,,2.0,1.0,1.0,,3.0,4.0,6.0,6.0,4.0,9.0,,,7.0,3.0,1.0,2.0,,2.0,,,1.0,,4.0,1.0,4.0,5.0,5.0,1.0,11.0,5.0,16,1.0,1.0,,,,,,,,,,5.0,8.0,,4.0,,1.0,5.0,,2.0,,1.0,4.0,4.0,4.0,6.0,65.0,,0.6,0.75,1.0,0.3333333333333333,,,0.3333333333333333,0.625,0.25,1.0,0.5588235294117647,0.25,0.25,0.6,0.25,0.5,0.5294117647058824,0.125,,12.751677852348994,,0.5,0.1388888888888889,0.1212121212121212,0.2,0.032258064516129,0.1639344262295081,0.078125,,0.3333333333333333,,0.1,0.0625,0.2666666666666666,,0.1666666666666666,0.2857142857142857,0.4117647058823529,0.5714285714285714,0.6666666666666666,0.75,0.0588235294117647,1.0,1.0,,,,,,0.1176470588235294,,,,0.4117647058823529,0.4285714285714285,0.4285714285714285,1.0,1.0,,,,,,,0.25,1.0,0.25,,0.5,,0.9411764705882352,0.4285714285714285,0.5794088235294117,0.5648,0.6107875,0.1052631578947368,0.2,,0.0833333333333333,0.25,1.6375,25.122222222222224,0.52,1.0,2.0,1.0,,,,1.0,,3.0,1.0,,,0.1428571428571428,0.2,0.125,0.75,0.25,,,,,,,1.0,,,,,,1.0,,,,True,,,,,,
201567,1610612748,Kevin Love,Kevin Love,201567,MIA,5983.0,100,-7.0,213,216,105.0,75,25,429,5.0,13.0,6.0,3.0,6.0,1.0,6.0,,1.0,1.0,5.0,1.0,1.0,1.0,4.0,6.0,25.0,1.0,3.0,3.0,9.0,6.0,20,7.0,30.0,9.0,42.0,248,3.0,8.0,2.0,4.0,4.0,16.0,4.0,11.0,4.0,13.0,8.0,28.0,4.0,8.0,21.0,,1.0,24.0,6.0,3.0,10.0,3.0,13.0,2.0,1.0,8.0,1.0,29.0,2.0,8.0,11.0,12.0,1.0,24.0,10.0,34,4.0,2.0,2.0,6.0,1.0,6.0,2.0,,,,8.0,9.0,10.0,,13.0,2.0,2.0,14.0,,3.0,,4.0,2.0,1.0,2.0,28.0,105.0,4.0,0.3333333333333333,0.6666666666666666,1.0,0.2333333333333333,0.5,0.3076923076923077,0.2413793103448276,0.3,0.375,0.3636363636363636,0.33,0.5,0.4166666666666667,0.3684210526315789,0.5,0.4666666666666667,0.6,0.15,0.3333333333333333,26.748971193415635,0.75,0.3333333333333333,0.2264150943396226,0.1666666666666666,0.2444444444444444,0.0377358490566037,0.2346938775510204,0.099009900990099,0.1428571428571428,,0.0512820512820512,,0.1666666666666666,0.2727272727272727,0.2857142857142857,0.2666666666666666,0.2,0.26,0.3846153846153846,0.4166666666666667,0.4,0.12,0.1666666666666666,0.25,,0.02,,,,0.1,0.2,0.2,1.0,0.5,0.24,0.24,1.0,0.5,0.0833333333333333,1.0,1.0,0.25,0.3333333333333333,1.0,0.25,0.5,0.1666666666666666,0.25,0.375,0.3333333333333333,0.86,0.25,0.5516755102040817,0.5941500000000001,0.5414891304347826,0.0566037735849056,0.1304347826086956,,0.3809523809523809,0.6666666666666666,3.43,26.456666666666667,0.4929577464788732,3.0,6.0,3.0,,4.0,,3.0,1.0,2.0,,,1.0,0.0769230769230769,0.1875,0.0909090909090909,1.0,0.5,,,,,,,1.0,,,,,,,,,,True,,,,,,
1626196,1610612748,Josh Richardson,Josh Richardson,1626196,MIA,1832.0,31,1.0,57,58,22.0,6,10,115,,,,,,,3.0,,,,,,,,,,5.0,,,,2.0,,3,,5.0,,,62,,1.0,,,,,,1.0,,2.0,,,,,,,,5.0,,1.0,,1.0,1.0,1.0,,,,3.0,,2.0,,1.0,,1.0,2.0,3,1.0,,1.0,1.0,,1.0,1.0,,,,2.0,1.0,5.0,1.0,,,,,,,,,,,,,22.0,,,,,,,,,,,,,,,,,,0.625,0.3333333333333333,0.3333333333333333,14.084507042253522,0.5,,0.0666666666666666,0.0952380952380952,,,0.037037037037037,0.0571428571428571,0.1818181818181818,,,,,0.0909090909090909,,,,,,,,0.375,,,,,,,,,,,,0.625,,,,,,,,,,,,,,,0.6666666666666666,,0.625,,0.4762142857142857,0.4541,0.442975,,,,,,9.1,28.160000000000004,0.3859649122807017,,,1.0,,,1.0,,,,,,,,,0.1666666666666666,,,,,,,,,,,,,,,,,,,True,,,,,,
1626179,1610612748,Terry Rozier,Terry Rozier,1626179,MIA,81882.0,1365,-148.0,2773,2770,556.0,464,287,5543,69.0,122.0,22.0,13.0,23.0,49.0,125.0,19.0,39.0,26.0,108.0,1.0,11.0,5.0,14.0,38.0,133.0,3.0,11.0,6.0,28.0,137.0,286,64.0,241.0,76.0,542.0,3138,14.0,29.0,4.0,22.0,8.0,48.0,28.0,53.0,11.0,42.0,13.0,102.0,116.0,158.0,162.0,30.0,3.0,130.0,38.0,29.0,75.0,59.0,134.0,49.0,10.0,36.0,32.0,327.0,22.0,15.0,106.0,49.0,1.0,156.0,37.0,193,30.0,25.0,5.0,38.0,10.0,25.0,25.0,2.0,13.0,2.0,63.0,26.0,63.0,4.0,83.0,1.0,12.0,92.0,7.0,38.0,4.0,5.0,11.0,3.0,12.0,102.0,551.0,3.0,0.4233576642335766,0.4427480916030534,0.84375,0.2655601659751037,0.1818181818181818,0.2619047619047619,0.2689075630252101,0.479020979020979,0.4827586206896552,0.5283018867924528,0.4421252371916508,0.392156862745098,0.4684210526315789,0.4752650176678445,0.4285714285714285,0.5,0.4573055028462998,0.1013986013986013,0.144,20.193236714975846,0.6031746031746031,0.0158730158730158,0.0757341576506955,0.0219298245614035,0.1527377521613832,0.0325443786982248,0.1155853840417598,0.0272058823529411,0.020671834625323,0.0240963855421686,0.0294117647058823,0.04,0.0317460317460317,0.0806916426512968,0.1351351351351351,0.1390977443609022,0.1975308641975308,0.2314990512333966,0.5655737704918032,0.6160714285714286,0.463768115942029,0.2371916508538899,0.392,0.4579439252336448,0.3673469387755102,0.0740037950664136,0.4871794871794871,0.5,0.4210526315789473,0.2049335863377609,0.2407407407407407,0.2429906542056074,0.9615384615384616,0.2523719165085389,0.2857142857142857,0.2923076923076923,0.7631578947368421,0.4313725490196078,0.2156862745098039,0.0909090909090909,1.0,0.2156862745098039,0.2727272727272727,1.0,0.2421052631578947,0.5652173913043478,0.1473684210526315,0.3571428571428571,0.2947368421052631,0.2142857142857142,0.6888045540796964,0.2923076923076923,0.5389435114503817,0.5367361111111111,0.5247596774193548,0.0748663101604278,0.1198738170347003,0.0163934426229508,0.088560885608856,0.1881918819188192,6.769930069930068,25.02946058091285,0.2005048683736026,11.0,12.0,8.0,2.0,11.0,2.0,4.0,8.0,10.0,,,6.0,0.081967213114754,0.0233644859813084,0.0277777777777777,0.8333333333333334,0.5,0.2727272727272727,4.0,2.0,,0.0165975103734439,0.0225563909774436,7.0,1.0,5.0,3.0,1.0,1.0,,0.0256410256410256,,,False,0.0092592592592592,,,,,
1626196,1610612748,Josh Richardson,Josh Richardson,1626196,MIA,7138.0,119,-32.0,248,247,37.0,52,19,495,2.0,4.0,1.0,,,2.0,5.0,1.0,4.0,1.0,6.0,,,,,5.0,11.0,,1.0,1.0,3.0,5.0,13,6.0,17.0,4.0,32.0,297,,1.0,,1.0,,,,1.0,1.0,3.0,,3.0,10.0,,18.0,,,11.0,5.0,2.0,6.0,5.0,11.0,5.0,,5.0,1.0,27.0,2.0,2.0,3.0,2.0,,5.0,4.0,9,7.0,6.0,1.0,3.0,1.0,2.0,3.0,,1.0,,6.0,6.0,12.0,1.0,10.0,,1.0,4.0,,2.0,,,1.0,,1.0,3.0,37.0,,1.0,1.0,1.0,0.3529411764705882,,0.3333333333333333,0.3529411764705882,0.3846153846153846,,,0.4666666666666667,,0.375,0.5,,0.375,0.5666666666666667,0.1538461538461538,0.4,14.12639405204461,0.5,,0.0555555555555555,0.0392156862745098,0.0576923076923076,0.0338983050847457,0.0568181818181818,0.0363636363636363,0.0416666666666666,0.1111111111111111,0.05,,,0.1176470588235294,,0.05,0.0833333333333333,0.1333333333333333,0.5,0.5,1.0,0.1666666666666666,0.4,0.6666666666666666,1.0,0.1333333333333333,0.25,0.25,1.0,0.2,0.1666666666666666,0.1666666666666666,1.0,0.3666666666666666,0.4545454545454545,0.4545454545454545,1.0,0.5,,,,0.5,,,,,,,0.75,0.3333333333333333,0.7,0.4545454545454545,0.5349766666666667,0.623,0.441825,0.0625,0.1333333333333333,,,0.09375,8.092307692307694,25.32941176470588,0.1491935483870967,,,,,,,1.0,1.0,,,,1.0,,,,,,,,,,,,,,,1.0,,,,,,,False,,,,,,
1628389,1610612748,Bam Adebayo,Bam Adebayo,1628389,MIA,127409.0,2123,-34.0,4218,4217,715.0,583,440,8435,145.0,206.0,53.0,13.0,26.0,181.0,406.0,57.0,122.0,24.0,49.0,2.0,4.0,1.0,4.0,42.0,125.0,1.0,9.0,6.0,28.0,383.0,734,66.0,174.0,207.0,1171.0,4727,50.0,92.0,3.0,13.0,29.0,138.0,59.0,114.0,7.0,32.0,57.0,196.0,462.0,304.0,171.0,27.0,1.0,124.0,42.0,32.0,125.0,125.0,250.0,98.0,27.0,70.0,42.0,625.0,69.0,76.0,201.0,208.0,24.0,433.0,145.0,578,76.0,53.0,23.0,67.0,21.0,35.0,67.0,12.0,32.0,2.0,134.0,67.0,136.0,14.0,256.0,,5.0,269.0,29.0,125.0,,24.0,40.0,16.0,41.0,194.0,709.0,20.0,0.6031331592689295,0.652542372881356,0.8636363636363636,0.3793103448275862,0.2307692307692307,0.21875,0.3815028901734104,0.5217983651226158,0.5434782608695652,0.5175438596491229,0.5308370044052864,0.5190476190476191,0.476027397260274,0.5680933852140078,0.5655737704918032,0.5416666666666666,0.1916299559471365,0.0435967302452316,0.0467980295566502,24.581479126933672,0.5,0.3076923076923077,0.2120285423037716,0.0761523046092184,0.1986166007905138,0.069069069069069,0.205218263923733,0.072608913370055,0.0718038528896672,0.0367647058823529,0.062586926286509,0.0857142857142857,0.1844660194174757,0.2264529058116232,0.2196531791907514,0.2025316455696202,0.1846846846846846,0.2268722466960352,0.7038834951456311,0.7397959183673469,0.6413793103448275,0.4471365638766519,0.4458128078817734,0.4677002583979328,0.585635359116022,0.1343612334801762,0.4672131147540984,0.4789915966386555,0.5614035087719298,0.0539647577092511,0.4897959183673469,0.5,1.0,0.1376651982378854,0.336,0.3387096774193548,0.7857142857142857,0.5047619047619047,0.0380952380952381,0.5,1.0,0.0857142857142857,0.1111111111111111,1.0,0.1780821917808219,0.5,0.0273972602739726,0.25,0.1917808219178082,0.2142857142857142,0.4185022026431718,0.3387096774193548,0.5057602362204725,0.5539388157894735,0.4726760563380282,0.1245019920318725,0.1506024096385542,,0.1178479931682322,0.1673783091374893,8.072752043596733,25.4849710982659,0.1695116168800379,31.0,58.0,22.0,15.0,18.0,14.0,29.0,21.0,28.0,8.0,2.0,7.0,0.0485436893203883,0.1030927835051546,0.0531400966183574,0.6829268292682927,0.5849056603773585,0.1290322580645161,2.0,8.0,3.0,0.0114942528735632,0.008,13.0,,3.0,4.0,1.0,1.0,3.0,0.0245901639344262,,,False,0.0204081632653061,1.0,1.0,1.0,,
1629130,1610612748,Duncan Robinson,Duncan Robinson,1629130,MIA,82571.0,1376,-3.0,2754,2721,494.0,422,264,5475,39.0,62.0,5.0,6.0,10.0,30.0,60.0,,1.0,31.0,72.0,4.0,8.0,1.0,10.0,114.0,304.0,6.0,25.0,21.0,51.0,69.0,123,145.0,376.0,40.0,613.0,3037,6.0,10.0,10.0,33.0,4.0,46.0,11.0,18.0,22.0,61.0,5.0,93.0,98.0,40.0,375.0,60.0,,304.0,114.0,15.0,87.0,42.0,129.0,18.0,24.0,47.0,35.0,300.0,8.0,6.0,65.0,45.0,1.0,111.0,14.0,125,33.0,24.0,9.0,42.0,14.0,29.0,29.0,2.0,13.0,4.0,71.0,58.0,103.0,5.0,54.0,7.0,4.0,44.0,2.0,8.0,7.0,4.0,2.0,,2.0,93.0,493.0,3.0,0.7101449275362319,0.7424242424242424,0.8620689655172413,0.3856382978723404,0.303030303030303,0.360655737704918,0.3856382978723404,0.5609756097560976,0.6,0.6111111111111112,0.5741482965931863,0.4883720930232558,0.5569620253164557,0.5912621359223301,0.5111111111111111,0.5670731707317073,0.7535070140280561,0.1219512195121951,0.1333333333333333,19.13015042511445,0.5915492957746479,0.0172413793103448,0.0734094616639478,0.0099009900990099,0.0978915662650602,0.0118168389955686,0.086139389193422,0.0109119251753702,0.0062893081761006,,0.0145833333333333,0.0050761421319796,0.0670391061452514,0.0801186943620178,0.0618556701030927,0.0866141732283464,0.1346153846153846,0.1242484969939879,0.6290322580645161,0.6964285714285714,0.7435897435897436,0.1202404809619238,0.5,0.5769230769230769,0.6666666666666666,0.002004008016032,,,,0.1442885771543086,0.4305555555555556,0.4428571428571428,0.935483870967742,0.6092184368737475,0.375,0.3812709030100334,0.8421052631578947,0.1162790697674418,0.1860465116279069,0.5,0.75,0.5813953488372093,0.24,1.0,0.1265822784810126,0.6,0.1265822784810126,0.1,0.6455696202531646,0.4117647058823529,0.8777555110220441,0.375,0.5394991983967937,0.5320518518518518,0.5147297468354428,0.0293542074363992,0.0620155038759689,0.0183246073298429,0.0750407830342577,0.1517128874388254,4.649593495934959,25.63882978723404,0.1793754538852578,4.0,6.0,1.0,1.0,9.0,4.0,3.0,2.0,2.0,,,9.0,0.0967741935483871,0.0186915887850467,0.0038461538461538,1.0,0.8,0.25,7.0,4.0,,0.0186170212765957,0.0164473684210526,5.0,1.0,4.0,,,,,1.0,,,False,0.0277777777777777,1.0,,,,
1631107,1610612748,Nikola Jović,Nikola Jović,1631107,MIA,58628.0,977,38.0,1969,1952,406.0,341,200,3921,50.0,73.0,7.0,8.0,11.0,25.0,62.0,3.0,5.0,30.0,66.0,1.0,3.0,10.0,16.0,33.0,110.0,2.0,6.0,5.0,20.0,78.0,140,63.0,176.0,63.0,408.0,2165,6.0,13.0,3.0,9.0,5.0,26.0,15.0,22.0,15.0,36.0,13.0,88.0,98.0,58.0,177.0,12.0,,110.0,33.0,10.0,70.0,49.0,119.0,26.0,23.0,38.0,26.0,287.0,13.0,7.0,66.0,48.0,8.0,122.0,21.0,143,34.0,25.0,9.0,25.0,6.0,19.0,24.0,4.0,6.0,2.0,49.0,37.0,69.0,4.0,66.0,,3.0,75.0,8.0,35.0,3.0,3.0,11.0,7.0,11.0,88.0,403.0,3.0,0.6282051282051282,0.6621621621621622,0.9365079365079364,0.3579545454545454,0.3333333333333333,0.4166666666666667,0.3579545454545454,0.5571428571428572,0.4615384615384615,0.6818181818181818,0.5458860759493671,0.4772727272727273,0.646551724137931,0.5850144092219021,0.5416666666666666,0.6825396825396826,0.5569620253164557,0.0714285714285714,0.0806451612903225,18.024578971324534,0.5102040816326531,0.1860465116279069,0.1059602649006622,0.0158730158730158,0.1296660117878192,0.0263157894736842,0.1185031185031185,0.0213903743315508,0.018018018018018,,0.0284900284900284,0.0209790209790209,0.0901639344262295,0.0941176470588235,0.1710526315789473,0.1278772378516624,0.135593220338983,0.2310126582278481,0.684931506849315,0.7352941176470589,0.7,0.1962025316455696,0.4032258064516129,0.4385964912280701,0.48,0.0158227848101265,0.6,0.6,0.6666666666666666,0.2088607594936709,0.4545454545454545,0.4545454545454545,1.0,0.3481012658227848,0.3,0.3,0.8787878787878788,0.3181818181818182,0.1363636363636363,0.3333333333333333,1.0,0.2727272727272727,0.3333333333333333,1.0,0.1896551724137931,0.7272727272727273,0.2758620689655172,0.625,0.3448275862068966,0.25,0.7879746835443038,0.3,0.5443950949367088,0.5289857142857143,0.5195112068965516,0.1104651162790697,0.2095808383233532,0.0169491525423728,0.0637254901960784,0.2156862745098039,4.937857142857142,25.063068181818167,0.2061960385982732,4.0,8.0,4.0,2.0,8.0,6.0,4.0,4.0,6.0,,,3.0,0.0684931506849315,0.0198675496688741,0.0242424242424242,0.5454545454545454,0.5714285714285714,0.25,,6.0,,,,6.0,2.0,2.0,2.0,,,1.0,,1.0,0.027027027027027,False,,,,,,
1641796,1610612748,Pelle Larsson,Pelle Larsson,1641796,MIA,40650.0,678,-12.0,1341,1374,332.0,284,135,2715,40.0,66.0,10.0,6.0,14.0,8.0,26.0,,2.0,10.0,24.0,,,4.0,7.0,18.0,52.0,1.0,3.0,2.0,7.0,48.0,94,28.0,76.0,36.0,216.0,1535,5.0,13.0,1.0,3.0,4.0,17.0,7.0,20.0,6.0,14.0,11.0,43.0,74.0,22.0,81.0,3.0,,52.0,18.0,11.0,27.0,31.0,58.0,16.0,15.0,18.0,8.0,147.0,13.0,10.0,29.0,26.0,3.0,58.0,24.0,82,29.0,21.0,8.0,14.0,4.0,10.0,8.0,,4.0,3.0,22.0,43.0,77.0,,48.0,2.0,7.0,53.0,5.0,21.0,2.0,5.0,7.0,2.0,7.0,41.0,329.0,4.0,0.7708333333333334,0.8409090909090909,0.9642857142857144,0.3684210526315789,0.3333333333333333,0.4285714285714285,0.3684210526315789,0.5106382978723404,0.3846153846153846,0.35,0.5294117647058824,0.40625,0.4705882352941176,0.5595854922279793,0.4473684210526316,0.5,0.4470588235294118,0.1170212765957446,0.1153846153846153,14.362057448229791,0.6363636363636364,0.0833333333333333,0.0833333333333333,0.0311526479750778,0.0884146341463414,0.0437710437710437,0.0859375,0.0372168284789644,0.024390243902439,0.0857142857142857,0.0412844036697247,0.050632911392405,0.0606060606060606,0.1025641025641025,0.0701754385964912,0.0948616600790513,0.0666666666666666,0.388235294117647,0.6060606060606061,0.6896551724137931,0.825,0.1529411764705882,0.3076923076923077,0.3478260869565217,0.5,0.0117647058823529,,,,0.1411764705882353,0.4166666666666667,0.4166666666666667,1.0,0.3058823529411765,0.3461538461538461,0.3461538461538461,0.9444444444444444,0.625,,,,0.1875,0.3333333333333333,1.0,0.4117647058823529,0.4285714285714285,0.2058823529411764,0.5714285714285714,0.2058823529411764,0.2857142857142857,0.8352941176470589,0.3461538461538461,0.5895578313253013,0.5822863636363637,0.59319,0.1223404255319148,0.1909090909090909,0.0256410256410256,0.0787037037037037,0.199074074074074,3.3010638297872337,24.87105263157895,0.2475764354958985,4.0,8.0,4.0,1.0,6.0,4.0,1.0,5.0,5.0,,,2.0,0.1212121212121212,0.0245901639344262,0.048780487804878,0.7142857142857143,0.4,0.25,,1.0,,,,1.0,,,,,,,,1.0,0.027027027027027,False,,,,,,
1629312,1610612748,Haywood Highsmith,Haywood Highsmith,1629312,MIA,88709.0,1478,14.0,2929,2942,541.0,455,293,5871,54.0,79.0,22.0,9.0,13.0,19.0,44.0,1.0,3.0,41.0,94.0,5.0,9.0,9.0,15.0,30.0,95.0,3.0,8.0,2.0,18.0,74.0,126,71.0,189.0,22.0,383.0,3294,19.0,34.0,8.0,17.0,5.0,67.0,15.0,21.0,11.0,33.0,5.0,68.0,102.0,46.0,210.0,3.0,,95.0,30.0,8.0,55.0,41.0,96.0,29.0,12.0,38.0,14.0,233.0,33.0,25.0,69.0,75.0,4.0,148.0,60.0,208,56.0,33.0,23.0,25.0,5.0,17.0,17.0,2.0,8.0,6.0,42.0,65.0,131.0,1.0,36.0,,7.0,31.0,3.0,13.0,,3.0,23.0,6.0,27.0,68.0,538.0,3.0,0.6891891891891891,0.8225806451612904,0.9859154929577464,0.3756613756613756,0.4705882352941176,0.3333333333333333,0.3756613756613756,0.5873015873015873,0.5588235294117647,0.7142857142857143,0.573015873015873,0.6078431372549019,0.5833333333333334,0.5838414634146342,0.6203703703703703,0.5964912280701754,0.6,0.0634920634920634,0.0454545454545454,11.266747868453104,0.5952380952380952,0.0677966101694915,0.1091703056768559,0.0381097560975609,0.0957004160887656,0.0457063711911357,0.1022727272727272,0.0420899854862119,0.0458452722063037,0.0256410256410256,0.0460652591170825,0.044776119402985,0.1013215859030837,0.1132596685082873,0.1122448979591836,0.0867158671586715,0.1229050279329608,0.2507936507936508,0.6835443037974683,0.7397260273972602,0.6666666666666666,0.1396825396825396,0.4318181818181818,0.4523809523809524,0.7894736842105263,0.0095238095238095,0.3333333333333333,0.3333333333333333,,0.2984126984126984,0.4361702127659574,0.4361702127659574,1.0,0.3015873015873015,0.3157894736842105,0.3191489361702128,0.9666666666666668,0.4313725490196078,0.1764705882352941,0.5555555555555556,1.0,0.1568627450980392,0.375,1.0,0.2407407407407407,0.6923076923076923,0.2777777777777778,0.6,0.3333333333333333,0.1111111111111111,0.8507936507936508,0.3157894736842105,0.5705027156549521,0.537992857142857,0.5600398148148147,0.04,0.0955882352941176,,0.1749347258485639,0.1775456919060052,4.113492063492062,24.60105820105821,0.1847046773642881,13.0,24.0,7.0,8.0,9.0,6.0,9.0,17.0,12.0,1.0,,10.0,0.0759493670886076,0.0305676855895196,0.0440251572327044,0.4444444444444444,0.5909090909090909,0.1538461538461538,1.0,1.0,,0.0052910052910052,0.0105263157894736,3.0,,,1.0,4.0,3.0,,,2.0,0.0333333333333333,False,,,,,1.0,
1629639,1610612748,Tyler Herro,Tyler Herro,1629639,MIA,129311.0,2155,30.0,4340,4320,832.0,682,437,8660,114.0,174.0,10.0,20.0,30.0,181.0,339.0,38.0,83.0,24.0,50.0,2.0,4.0,4.0,9.0,161.0,461.0,10.0,38.0,31.0,97.0,333.0,596,185.0,511.0,240.0,1461.0,4906,31.0,51.0,12.0,42.0,21.0,119.0,62.0,110.0,35.0,106.0,54.0,283.0,252.0,414.0,408.0,147.0,2.0,459.0,161.0,51.0,181.0,170.0,351.0,108.0,62.0,107.0,67.0,872.0,18.0,13.0,153.0,116.0,10.0,279.0,32.0,311,57.0,40.0,17.0,116.0,24.0,57.0,52.0,10.0,59.0,5.0,168.0,30.0,63.0,2.0,188.0,,2.0,274.0,21.0,95.0,20.0,15.0,13.0,11.0,15.0,280.0,827.0,12.0,0.3783783783783784,0.3888888888888889,0.7351351351351352,0.3620352250489236,0.2857142857142857,0.330188679245283,0.3634577603143418,0.5587248322147651,0.6078431372549019,0.5636363636363636,0.551490514905149,0.5268817204301075,0.5300925925925926,0.5945499587118084,0.5631067961165048,0.575,0.4616079494128274,0.0855704697986577,0.0855457227138643,28.476958049183715,0.6904761904761905,0.1162790697674418,0.1106870229007633,0.0132653061224489,0.1468330134357005,0.0177514792899408,0.1287081339712918,0.0155466399197592,0.0169172932330827,0.0153846153846153,0.0187919463087248,0.0148698884758364,0.0737463126843657,0.1148148148148148,0.1715976331360946,0.1405269761606022,0.1673469387755102,0.1571815718157181,0.6551724137931034,0.7215189873417721,0.3859649122807017,0.3062330623306233,0.5339233038348082,0.5838709677419355,0.3646408839779005,0.074977416440831,0.4578313253012048,0.4935064935064935,0.4210526315789473,0.04516711833785,0.48,0.5106382978723404,0.9166666666666666,0.4164408310749774,0.3492407809110629,0.3554083885209713,0.7080745341614907,0.1075268817204301,0.043010752688172,0.5,1.0,0.4086021505376344,0.2631578947368421,0.9,0.1388888888888889,0.6666666666666666,0.0416666666666666,0.4444444444444444,0.449074074074074,0.3195876288659793,0.6187895212285456,0.3507625272331154,0.513383912248629,0.4999488095238096,0.4965937209302324,0.0953974895397489,0.1417910447761194,0.0361904761904761,0.08145106091718,0.1937029431895961,7.727181208053694,26.60078431372548,0.1917050691244239,8.0,18.0,13.0,4.0,37.0,3.0,2.0,2.0,9.0,2.0,,7.0,0.0919540229885057,0.0062893081761006,0.0252427184466019,0.6,0.8,0.25,11.0,8.0,,0.0215264187866927,0.0173535791757049,7.0,5.0,26.0,1.0,2.0,2.0,,0.072289156626506,1.0,0.0119047619047619,False,0.06,2.0,1.0,,,
1631170,1610612748,Jaime Jaquez Jr.,Jaime Jaquez Jr.,1631170,MIA,73779.0,1230,-106.0,2485,2475,445.0,442,262,4960,108.0,171.0,27.0,17.0,29.0,54.0,129.0,2.0,9.0,17.0,58.0,1.0,3.0,1.0,12.0,15.0,46.0,2.0,5.0,2.0,11.0,164.0,309,32.0,104.0,103.0,527.0,2865,20.0,35.0,3.0,8.0,10.0,59.0,30.0,54.0,3.0,23.0,24.0,93.0,148.0,180.0,84.0,12.0,4.0,42.0,15.0,53.0,80.0,73.0,153.0,48.0,25.0,38.0,32.0,379.0,38.0,40.0,71.0,92.0,20.0,183.0,79.0,262,57.0,35.0,22.0,53.0,11.0,26.0,34.0,9.0,27.0,,87.0,47.0,75.0,1.0,93.0,,,134.0,16.0,68.0,1.0,6.0,12.0,8.0,13.0,91.0,441.0,5.0,0.4512195121951219,0.4836601307189542,0.875,0.3076923076923077,0.375,0.1304347826086956,0.32,0.5307443365695793,0.5714285714285714,0.5555555555555556,0.513317191283293,0.5697674418604651,0.448051948051948,0.5583864118895966,0.6020408163265306,0.510989010989011,0.2518159806295399,0.1715210355987055,0.1860465116279069,19.99283410963812,0.6091954022988506,0.392156862745098,0.1578044596912521,0.0696864111498257,0.1139646869983948,0.0635451505016722,0.1351575456053068,0.0665529010238907,0.0619195046439628,0.0188679245283018,0.0669856459330143,0.0555555555555555,0.1910112359550561,0.1428571428571428,0.1444444444444444,0.1228813559322034,0.086092715231788,0.4140435835351089,0.631578947368421,0.75,0.4722222222222222,0.3123486682808716,0.4186046511627907,0.5142857142857142,0.3888888888888889,0.0217917675544794,0.2222222222222222,0.2857142857142857,1.0,0.1404358353510895,0.293103448275862,0.293103448275862,0.9411764705882352,0.1113801452784503,0.3260869565217391,0.3409090909090909,0.8,0.627906976744186,0.0697674418604651,0.3333333333333333,1.0,0.1162790697674418,0.4,0.5,0.3766233766233766,0.5862068965517241,0.1558441558441558,0.0833333333333333,0.1428571428571428,0.1818181818181818,0.6658595641646489,0.3571428571428571,0.5417899755501222,0.5410274193548388,0.5163233333333334,0.1483870967741935,0.1883656509695291,0.0096153846153846,0.111954459203036,0.1764705882352941,4.487378640776699,25.338461538461544,0.1790744466800805,16.0,22.0,12.0,10.0,16.0,4.0,2.0,4.0,9.0,1.0,,3.0,0.1578947368421052,0.0959595959595959,0.0764331210191082,0.6923076923076923,0.5925925925925926,0.3125,2.0,4.0,,0.0192307692307692,0.0434782608695652,10.0,1.0,1.0,5.0,1.0,,,0.2222222222222222,1.0,0.0204081632653061,False,,,,2.0,1.0,
1642276,1610612748,Kel'el Ware,Kel'el Ware,1642276,MIA,81182.0,1353,24.0,2707,2731,478.0,398,267,5438,154.0,215.0,66.0,28.0,40.0,53.0,102.0,2.0,13.0,4.0,21.0,1.0,2.0,1.0,3.0,28.0,83.0,2.0,3.0,9.0,20.0,209.0,330,32.0,104.0,45.0,559.0,3094,47.0,84.0,3.0,5.0,9.0,112.0,38.0,57.0,10.0,23.0,7.0,113.0,320.0,98.0,96.0,,1.0,82.0,28.0,16.0,34.0,23.0,57.0,13.0,10.0,16.0,14.0,137.0,36.0,74.0,165.0,154.0,26.0,345.0,110.0,455,36.0,28.0,8.0,28.0,9.0,19.0,28.0,3.0,9.0,,56.0,82.0,105.0,10.0,54.0,,3.0,65.0,7.0,33.0,,3.0,66.0,35.0,67.0,111.0,477.0,2.0,0.7655502392344498,0.9302325581395348,1.0,0.3076923076923077,0.6,0.4347826086956521,0.3106796116504854,0.6333333333333333,0.5595238095238095,0.6666666666666666,0.5921658986175116,0.5786516853932584,0.6625,0.603671706263499,0.5833333333333334,0.6647058823529411,0.2396313364055299,0.0484848484848484,0.0588235294117647,17.219641672196417,0.5,0.4482758620689655,0.2402496099843993,0.1193548387096774,0.236728837876614,0.063047285464098,0.2384155455904335,0.0923593618807724,0.1151515151515151,0.0769230769230769,0.0696517412935323,0.0473372781065088,0.2227722772277227,0.2298507462686567,0.3076923076923077,0.231203007518797,0.2545454545454545,0.4953917050691244,0.7162790697674418,0.751219512195122,0.7467532467532467,0.2350230414746544,0.5196078431372549,0.5520833333333334,0.8113207547169812,0.0299539170506912,0.1538461538461538,0.1538461538461538,1.0,0.0483870967741935,0.1904761904761904,0.1904761904761904,1.0,0.1912442396313364,0.3373493975903614,0.3373493975903614,1.0,0.7415730337078652,0.0224719101123595,0.5,1.0,0.0337078651685393,0.6666666666666666,1.0,0.5,0.7,0.0375,0.3333333333333333,0.25,0.45,0.7350230414746544,0.3414634146341463,0.5680581753554503,0.5882289062500001,0.5556879746835444,0.0717391304347826,0.0926966292134831,,0.2003577817531306,0.2021466905187835,4.176666666666668,25.47403846153846,0.1765792390099741,41.0,74.0,11.0,5.0,13.0,2.0,6.0,31.0,35.0,11.0,4.0,1.0,0.0465116279069767,0.1415094339622641,0.0643274853801169,0.5223880597014925,0.6212121212121212,0.1463414634146341,,2.0,,,,4.0,,,,1.0,,1.0,,,,False,,,,,1.0,
202692,1610612748,Alec Burks,Alec Burks,202692,MIA,44814.0,747,99.0,1488,1489,269.0,172,162,2977,7.0,16.0,2.0,1.0,2.0,13.0,30.0,3.0,9.0,34.0,87.0,3.0,8.0,2.0,11.0,43.0,97.0,3.0,7.0,8.0,15.0,23.0,55,77.0,184.0,34.0,311.0,1641,3.0,6.0,6.0,15.0,5.0,29.0,3.0,9.0,10.0,26.0,12.0,48.0,26.0,20.0,219.0,12.0,1.0,96.0,43.0,5.0,32.0,13.0,45.0,6.0,7.0,21.0,8.0,103.0,10.0,2.0,59.0,35.0,5.0,99.0,12.0,111,24.0,18.0,6.0,17.0,6.0,15.0,11.0,,2.0,,28.0,21.0,34.0,3.0,38.0,,5.0,43.0,3.0,10.0,6.0,6.0,6.0,4.0,6.0,48.0,268.0,4.0,0.5652173913043478,0.6190476190476191,0.948051948051948,0.4184782608695652,0.4,0.3846153846153846,0.4207650273224044,0.4181818181818181,0.5,0.3333333333333333,0.5794979079497908,0.5714285714285714,0.5142857142857142,0.6050583657587548,0.6041666666666666,0.5581395348837209,0.7698744769874477,0.0909090909090909,0.1,16.865315852205004,0.6071428571428571,0.1388888888888889,0.1011560693641618,0.0055401662049861,0.1528497409326424,0.0293255131964809,0.1284153005464481,0.017094017094017,0.0103092783505154,,0.0262008733624454,0.0357142857142857,0.1129032258064516,0.1017964071856287,0.0727272727272727,0.1396103896103896,0.2051282051282051,0.0669456066945606,0.4375,0.5,0.4285714285714285,0.1255230125523012,0.4333333333333333,0.4814814814814814,0.6923076923076923,0.0376569037656903,0.3333333333333333,0.3333333333333333,0.3333333333333333,0.3640167364016736,0.3908045977011494,0.4047619047619047,0.9705882352941176,0.405857740585774,0.4432989690721649,0.4432989690721649,0.9302325581395348,0.0952380952380952,0.3809523809523809,0.375,1.0,0.3333333333333333,0.4285714285714285,1.0,0.0571428571428571,0.5,0.3142857142857143,0.1818181818181818,0.4285714285714285,0.5333333333333333,0.8368200836820083,0.4479166666666667,0.5509991304347823,0.5015071428571429,0.5374882352941177,0.0637450199203187,0.1612903225806451,0.0317460317460317,0.0932475884244373,0.1543408360128617,7.914545454545457,24.69340659340659,0.1807795698924731,1.0,4.0,4.0,3.0,3.0,2.0,1.0,2.0,4.0,,,,0.125,,0.0307692307692307,0.6666666666666666,0.5,,3.0,,,0.0163043478260869,,3.0,1.0,,,,,,,,,False,0.0344827586206896,1.0,,,,
203937,1610612748,Kyle Anderson,Kyle Anderson,203937,MIA,27663.0,461,48.0,921,919,252.0,173,99,1840,33.0,51.0,17.0,6.0,12.0,24.0,56.0,3.0,9.0,4.0,8.0,1.0,1.0,,,2.0,10.0,1.0,1.0,,4.0,60.0,116,6.0,18.0,30.0,168.0,1009,14.0,26.0,2.0,2.0,1.0,35.0,10.0,29.0,,4.0,11.0,31.0,54.0,66.0,18.0,,1.0,9.0,2.0,10.0,33.0,31.0,64.0,18.0,13.0,27.0,5.0,159.0,14.0,12.0,36.0,28.0,6.0,70.0,26.0,96,14.0,9.0,5.0,11.0,4.0,10.0,6.0,,1.0,,17.0,21.0,41.0,1.0,31.0,2.0,,38.0,2.0,19.0,,1.0,11.0,4.0,13.0,31.0,251.0,1.0,0.45,0.5510204081632653,1.0,0.3333333333333333,1.0,,0.3529411764705882,0.5172413793103449,0.5384615384615384,0.3448275862068966,0.5149253731343284,0.6071428571428571,0.303030303030303,0.5526315789473685,0.603448275862069,0.3875,0.1343283582089552,0.0862068965517241,0.125,16.218809980806142,0.6470588235294118,0.2608695652173913,0.1327014218009478,0.0497925311203319,0.1706161137440758,0.0725388601036269,0.1516587677725118,0.0599078341013824,0.0573770491803278,0.027027027027027,0.0579710144927536,0.109090909090909,0.1232876712328767,0.1359223300970873,0.1428571428571428,0.1764705882352941,0.1463414634146341,0.3805970149253731,0.6470588235294118,0.6875,0.5454545454545454,0.417910447761194,0.4285714285714285,0.4897959183673469,0.375,0.0671641791044776,0.3333333333333333,0.3333333333333333,,0.0597014925373134,0.5,0.5,1.0,0.0746268656716417,0.2,0.2,1.0,0.6071428571428571,0.0357142857142857,1.0,1.0,0.0357142857142857,1.0,1.0,0.3636363636363636,0.5,,,0.1212121212121212,,0.5149253731343284,0.2222222222222222,0.5188853846153845,0.5263875,0.518074193548387,0.1258278145695364,0.1428571428571428,,0.2083333333333333,0.1845238095238095,5.837068965517242,26.127777777777776,0.2736156351791531,10.0,22.0,3.0,,3.0,1.0,1.0,7.0,8.0,1.0,,2.0,0.0588235294117647,0.048780487804878,0.0566037735849056,0.6153846153846154,0.5882352941176471,,,1.0,,,,1.0,,,,2.0,2.0,,,,,False,,,,,,
203952,1610612748,Andrew Wiggins,Andrew Wiggins,203952,MIA,32761.0,546,-45.0,1086,1092,143.0,115,114,2178,36.0,63.0,11.0,7.0,9.0,26.0,55.0,17.0,31.0,6.0,18.0,,,3.0,4.0,30.0,82.0,2.0,4.0,3.0,12.0,79.0,149,36.0,100.0,57.0,323.0,1254,10.0,16.0,2.0,4.0,2.0,28.0,10.0,17.0,6.0,16.0,7.0,45.0,64.0,94.0,93.0,15.0,,82.0,30.0,12.0,31.0,25.0,56.0,16.0,9.0,12.0,17.0,137.0,9.0,13.0,30.0,17.0,2.0,49.0,22.0,71,20.0,17.0,3.0,27.0,5.0,15.0,16.0,4.0,12.0,1.0,43.0,18.0,31.0,1.0,46.0,,2.0,78.0,8.0,31.0,6.0,3.0,13.0,8.0,17.0,45.0,143.0,3.0,0.4050632911392405,0.4324324324324324,0.8611111111111112,0.36,0.5,0.375,0.36,0.5302013422818792,0.625,0.5882352941176471,0.5341365461847389,0.65,0.5757575757575758,0.575,0.6666666666666666,0.5921052631578947,0.4016064257028112,0.0805369127516778,0.0727272727272727,26.672171758876964,0.627906976744186,0.125,0.0758928571428571,0.0498084291187739,0.1079136690647482,0.0371900826446281,0.0936254980079681,0.0437375745526839,0.0349650349650349,0.0512820512820512,0.03954802259887,0.0307692307692307,0.075,0.0980392156862745,0.0238095238095238,0.1291866028708134,0.0434782608695652,0.253012048192771,0.5714285714285714,0.6545454545454545,0.4444444444444444,0.2208835341365461,0.4727272727272727,0.5098039215686274,0.3461538461538461,0.1244979919678714,0.5483870967741935,0.5483870967741935,0.4117647058823529,0.072289156626506,0.3333333333333333,0.3529411764705882,1.0,0.3293172690763052,0.3658536585365853,0.3703703703703703,0.8333333333333334,0.55,,,,0.2,0.5,1.0,0.2727272727272727,0.7777777777777778,0.1212121212121212,0.75,0.3636363636363636,0.25,0.6546184738955824,0.3658536585365853,0.539923319327731,0.5945392857142856,0.5312257575757576,0.1335740072202166,0.1802325581395348,0.0571428571428571,0.0866873065015479,0.1393188854489164,7.271140939597313,25.22929292929293,0.1316758747697974,8.0,10.0,7.0,2.0,7.0,1.0,1.0,5.0,9.0,,1.0,1.0,0.1269841269841269,0.0759493670886076,0.0598290598290598,0.5294117647058824,0.7272727272727273,0.125,2.0,2.0,,0.02,0.0121951219512195,2.0,1.0,2.0,1.0,4.0,2.0,,,,,False,0.0555555555555555,,,,2.0,
1630696,1610612748,Dru Smith,Dru Smith,1630696,MIA,10108.0,168,,348,348,62.0,68,41,696,5.0,9.0,1.0,,,4.0,12.0,,,4.0,5.0,,,,,5.0,11.0,1.0,1.0,,3.0,9.0,21,9.0,16.0,5.0,50.0,352,,3.0,1.0,1.0,,3.0,,1.0,,3.0,3.0,3.0,6.0,12.0,24.0,3.0,,11.0,5.0,2.0,7.0,10.0,17.0,6.0,4.0,5.0,2.0,44.0,3.0,5.0,5.0,7.0,1.0,13.0,8.0,21,16.0,10.0,6.0,6.0,3.0,2.0,4.0,1.0,4.0,,10.0,13.0,20.0,,7.0,3.0,1.0,7.0,,1.0,,2.0,3.0,2.0,3.0,3.0,62.0,2.0,0.3333333333333333,0.3333333333333333,0.8888888888888888,0.5625,1.0,,0.5625,0.4285714285714285,,,0.6081081081081081,0.375,,0.625,0.375,0.25,0.4324324324324324,0.0952380952380952,0.1666666666666666,12.658227848101266,0.6,0.1111111111111111,0.0909090909090909,0.053763440860215,0.0609756097560975,0.0379746835443038,0.0754716981132075,0.0465116279069767,0.0677966101694915,,0.0344827586206896,0.0476190476190476,0.0869565217391304,0.131578947368421,,0.064516129032258,0.05,0.2432432432432432,0.5555555555555556,0.5555555555555556,0.4,0.3243243243243243,0.3333333333333333,0.4,0.25,,,,,0.1351351351351351,0.8,0.8,1.0,0.2972972972972973,0.4545454545454545,0.4545454545454545,0.8,0.25,,,,0.25,1.0,1.0,,,,,0.75,,0.6756756756756757,0.4545454545454545,0.5464770270270269,0.453775,0.4287125,0.0263157894736842,0.0454545454545454,,0.06,0.06,4.228571428571429,25.13125,0.1781609195402299,,,2.0,2.0,2.0,,,1.0,,,,4.0,,0.0333333333333333,0.125,,,,,,,,,,,,,,,,,,,False,,,,,,
201567,1610612748,Kevin Love,Kevin Love,201567,MIA,9106.0,152,-18.0,311,314,31.0,54,33,625,6.0,14.0,6.0,,1.0,4.0,10.0,1.0,4.0,4.0,9.0,1.0,2.0,,1.0,13.0,28.0,2.0,2.0,2.0,4.0,11.0,28,17.0,37.0,7.0,80.0,364,2.0,7.0,3.0,4.0,4.0,17.0,,1.0,2.0,5.0,,6.0,12.0,10.0,45.0,6.0,,28.0,13.0,3.0,7.0,2.0,9.0,1.0,1.0,4.0,3.0,20.0,1.0,11.0,20.0,27.0,1.0,48.0,12.0,60,11.0,6.0,5.0,6.0,,5.0,,,1.0,,6.0,7.0,11.0,,9.0,,,9.0,1.0,5.0,,,2.0,2.0,2.0,6.0,31.0,,0.5454545454545454,0.6666666666666666,0.8823529411764706,0.4594594594594595,0.75,0.4,0.4594594594594595,0.3928571428571428,0.2857142857142857,,0.5615384615384615,0.5909090909090909,0.5,0.5797101449275363,0.6538461538461539,0.5,0.5692307692307692,0.1071428571428571,0.1,21.55172413793104,1.0,0.1666666666666666,0.375,0.1466666666666666,0.2898550724637681,0.0117647058823529,0.3333333333333333,0.075,0.1621621621621621,,0.015625,,0.238095238095238,0.4102564102564102,0.5,0.26,0.3684210526315789,0.2153846153846154,0.4285714285714285,0.4615384615384615,0.3333333333333333,0.1538461538461538,0.4,0.4444444444444444,0.75,0.0615384615384615,0.25,0.3333333333333333,1.0,0.1384615384615384,0.4444444444444444,0.4444444444444444,1.0,0.4307692307692308,0.4642857142857143,0.4642857142857143,0.8461538461538461,0.5454545454545454,0.1818181818181818,0.5,1.0,0.1818181818181818,1.0,1.0,0.1666666666666666,,0.1666666666666666,,0.6666666666666666,0.5,0.7846153846153846,0.4642857142857143,0.5424730769230769,0.59189375,0.5494,0.072463768115942,0.15625,,0.2125,0.075,6.382142857142857,25.610810810810808,0.0996784565916398,2.0,4.0,4.0,,2.0,2.0,2.0,,1.0,,,1.0,0.0714285714285714,0.1666666666666666,0.1176470588235294,0.5,0.3333333333333333,,,,,,,,,,,,,,0.25,,,False,,,,,,
1630558,1610612748,Davion Mitchell,Davion Mitchell,1630558,MIA,56827.0,947,64.0,1857,1857,328.0,279,185,3714,52.0,82.0,4.0,8.0,13.0,22.0,48.0,1.0,8.0,9.0,20.0,1.0,2.0,1.0,2.0,33.0,74.0,2.0,8.0,9.0,19.0,75.0,138,42.0,94.0,33.0,309.0,2077,2.0,5.0,3.0,10.0,1.0,14.0,11.0,26.0,10.0,21.0,9.0,61.0,32.0,118.0,108.0,18.0,1.0,73.0,33.0,8.0,91.0,69.0,160.0,49.0,20.0,46.0,36.0,389.0,9.0,10.0,31.0,32.0,,63.0,19.0,82,41.0,21.0,20.0,33.0,10.0,23.0,17.0,4.0,10.0,,50.0,29.0,69.0,,64.0,2.0,20.0,47.0,5.0,22.0,,4.0,7.0,4.0,8.0,61.0,328.0,4.0,0.2133333333333333,0.2162162162162162,0.8571428571428571,0.4468085106382978,0.3,0.4761904761904761,0.4516129032258064,0.5434782608695652,0.4,0.4230769230769231,0.5948275862068966,0.4333333333333333,0.5531914893617021,0.6106719367588933,0.4375,0.5865384615384616,0.4051724137931034,0.0579710144927536,0.0833333333333333,14.623552123552123,0.66,,0.0747663551401869,0.0222222222222222,0.0687361419068736,0.0222772277227722,0.0716723549488054,0.0222482435597189,0.0207468879668049,0.0158730158730158,0.0238095238095238,0.0181818181818181,0.0636942675159235,0.0918367346938775,0.0533333333333333,0.0739644970414201,0.0530973451327433,0.3534482758620689,0.6341463414634146,0.6666666666666666,0.2307692307692307,0.2068965517241379,0.4583333333333333,0.5,0.1818181818181818,0.0344827586206896,0.125,0.125,,0.0862068965517241,0.45,0.4736842105263157,1.0,0.3189655172413793,0.4459459459459459,0.4520547945205479,0.8181818181818182,0.2666666666666666,0.1333333333333333,0.5,1.0,0.5333333333333333,0.25,1.0,0.2765957446808511,0.6153846153846154,0.0425531914893617,0.5,0.4042553191489361,0.4736842105263157,0.7586206896551724,0.4520547945205479,0.5630504484304931,0.4512,0.5361709302325581,0.0883534136546184,0.1419354838709677,,0.0453074433656957,0.1974110032362459,4.902898550724637,25.46666666666667,0.176628971459343,2.0,2.0,3.0,3.0,11.0,,1.0,2.0,4.0,,,6.0,0.048780487804878,0.0273972602739726,0.0288461538461538,0.5,0.5,,2.0,,1.0,0.0212765957446808,0.0135135135135135,9.0,,,2.0,1.0,1.0,,,,,False,0.05,,,,,
1630528,1610612748,Josh Christopher,Josh Christopher,1630528,MIA,4160.0,69,-5.0,154,156,63.0,36,10,310,7.0,13.0,,2.0,5.0,1.0,6.0,1.0,1.0,,2.0,,,,,2.0,9.0,1.0,1.0,,2.0,9.0,20,2.0,11.0,4.0,28.0,172,,,1.0,1.0,,3.0,3.0,7.0,,2.0,4.0,10.0,10.0,8.0,6.0,,,9.0,2.0,1.0,6.0,2.0,8.0,1.0,1.0,6.0,,18.0,,,3.0,6.0,,9.0,,9,5.0,4.0,1.0,5.0,,4.0,1.0,,1.0,,6.0,,2.0,,4.0,,,6.0,,1.0,,2.0,3.0,1.0,3.0,8.0,62.0,1.0,0.5555555555555556,0.5555555555555556,1.0,0.1818181818181818,1.0,,0.1818181818181818,0.45,,0.4285714285714285,0.3870967741935484,1.5,0.3333333333333333,0.4117647058823529,1.5,0.4166666666666667,0.3548387096774194,0.05,0.1666666666666666,24.24242424242424,0.8333333333333334,,0.1818181818181818,,0.073170731707317,,0.1216216216216216,,,,,,0.1,0.1428571428571428,0.3333333333333333,0.1,,0.4193548387096774,0.5384615384615384,0.5384615384615384,0.5714285714285714,0.1935483870967742,0.1666666666666666,0.2,1.0,0.032258064516129,1.0,1.0,,0.064516129032258,,,,0.2903225806451613,0.2222222222222222,0.2222222222222222,1.0,,,,,1.0,1.0,1.0,0.5555555555555556,0.4,,,0.2222222222222222,,0.7741935483870968,0.2222222222222222,0.587541935483871,,0.6534277777777777,0.03125,0.0476190476190476,,0.1071428571428571,0.3571428571428571,3.98,25.227272727272727,0.4090909090909091,,,,,4.0,,1.0,2.0,3.0,,,,,,,1.0,,,,,,,,,,,,,,,,,,False,,,,,,
1628418,1610612748,Thomas Bryant,Thomas Bryant,1628418,MIA,3122.0,52,17.0,104,106,27.0,21,9,210,1.0,2.0,,,,,1.0,,,1.0,1.0,,,,,2.0,7.0,,1.0,,,1.0,3,3.0,8.0,6.0,17.0,108,,,,1.0,,,,,,,4.0,4.0,2.0,,9.0,,,7.0,2.0,,2.0,,2.0,,,1.0,1.0,4.0,,1.0,5.0,8.0,2.0,15.0,1.0,16,,,,1.0,1.0,1.0,1.0,,,,2.0,,1.0,,4.0,,,6.0,,2.0,,1.0,5.0,4.0,5.0,4.0,27.0,1.0,1.0,1.0,1.0,0.375,,,0.375,0.3333333333333333,,,0.5,,,0.6071428571428571,,1.0,0.7272727272727273,,,14.035087719298248,0.5,0.4,0.3076923076923077,0.0416666666666666,0.1428571428571428,,0.2131147540983606,0.0217391304347826,0.0714285714285714,,,,0.2727272727272727,0.3333333333333333,0.3333333333333333,0.1818181818181818,0.0769230769230769,0.1818181818181818,0.5,0.5,1.0,0.0909090909090909,,,,,,,,0.0909090909090909,1.0,1.0,1.0,0.6363636363636364,0.2857142857142857,0.2857142857142857,1.0,,,,,1.0,,,,,,,,,0.9090909090909092,0.2857142857142857,0.5457227272727273,0.54015,,0.1538461538461538,0.4,,,0.2352941176470588,4.8,26.175,0.2596153846153846,,,,,1.0,1.0,2.0,1.0,4.0,,,,,,,0.8,,,,,,,,,,,,,,,,,,False,,,,,,
1642352,1610612748,Keshad Johnson,Keshad Johnson,1642352,MIA,5887.0,98,5.0,214,213,92.0,62,12,427,15.0,18.0,5.0,5.0,5.0,,1.0,,,,1.0,,,,,3.0,6.0,,,3.0,6.0,15.0,19,3.0,7.0,4.0,43.0,226,4.0,5.0,,,,8.0,5.0,6.0,3.0,6.0,3.0,22.0,18.0,12.0,9.0,,,6.0,3.0,3.0,3.0,1.0,4.0,1.0,,2.0,,9.0,2.0,4.0,9.0,11.0,2.0,22.0,6.0,28,5.0,4.0,1.0,3.0,,2.0,1.0,1.0,1.0,,4.0,9.0,11.0,,6.0,,,9.0,1.0,4.0,,1.0,4.0,1.0,4.0,22.0,91.0,1.0,0.6,0.75,1.0,0.4285714285714285,,0.5,0.4285714285714285,0.7894736842105263,0.8,0.8333333333333334,0.75,0.8,0.7916666666666666,0.7166666666666667,0.8,0.7333333333333333,0.2692307692307692,0.1578947368421052,1.0,14.912280701754389,0.75,0.25,0.1964285714285714,0.1025641025641025,0.1698113207547169,0.0476190476190476,0.1834862385321101,0.074074074074074,0.1666666666666666,,0.0303030303030303,0.1111111111111111,0.1111111111111111,0.2083333333333333,0.2857142857142857,0.2051282051282051,0.0714285714285714,0.6923076923076923,0.8333333333333334,0.9375,0.6,0.0384615384615384,,,,,,,,0.0384615384615384,,,,0.2307692307692307,0.5,0.5,1.0,1.0,,,,,,,0.4166666666666667,1.0,,,0.5,0.5,0.9615384615384616,0.5,0.6162249999999999,0.6492666666666667,0.5949583333333334,0.1379310344827586,0.1818181818181818,,0.1860465116279069,0.5116279069767442,2.042105263157895,25.042857142857144,0.4299065420560747,4.0,6.0,,2.0,1.0,,,3.0,3.0,,,,0.1111111111111111,0.0526315789473684,,0.75,0.8,,,,,,,1.0,,,,,,,,,,False,,,,,,
1641815,1610612748,Isaiah Stevens,Isaiah Stevens,1641815,MIA,333.0,6,4.0,13,12,2.0,2,1,25,,,,,,,1.0,,,,,,,,,,1.0,,,,,,1,,1.0,,,4,,,,,,,,,,,,,,,,,,1.0,,,,,,,,,,,,,2.0,,,2.0,,2,1.0,,1.0,,,,,,,,,,,,,,,,,,,,,,,,2.0,,,,,,,,,,,,,,,,,,0.5,,,14.285714285714285,,,,,0.2857142857142857,,0.25,,,,,,,,,0.2,0.5,,,,,0.5,,,,,,,,,,,,0.5,,,,,,,,,,,,,,,,,0.5,,0.4424,,,,,,,,7.5,26.7,0.1538461538461538,,,,,,,,,,,,,,,,,,,,,,,,,,,,,,,,,,False,,,,,,
1626172,1610612744,Kevon Looney,Kevon Looney,1626172,GSW,10583.0,176,29.0,345,350,141.0,175,63,695,14.0,25.0,16.0,5.0,8.0,,5.0,,4.0,1.0,1.0,1.0,1.0,1.0,1.0,,1.0,,,,,14.0,34,1.0,2.0,7.0,38.0,376,7.0,18.0,1.0,1.0,3.0,20.0,5.0,9.0,1.0,1.0,4.0,17.0,14.0,14.0,3.0,,,1.0,,1.0,4.0,9.0,13.0,7.0,2.0,2.0,,35.0,13.0,18.0,13.0,24.0,6.0,43.0,31.0,74,7.0,5.0,2.0,1.0,,1.0,,,,,1.0,12.0,20.0,,12.0,,1.0,15.0,,6.0,,2.0,8.0,1.0,9.0,17.0,139.0,,0.5,1.0,1.0,0.5,1.0,1.0,0.5,0.4117647058823529,0.3888888888888889,0.5555555555555556,0.4305555555555556,0.4473684210526316,0.65,0.4318181818181818,0.43478260869565216,0.5666666666666667,0.05555555555555555,0.029411764705882353,0.2,10.352941176470589,1.0,0.6,0.2696629213483146,0.20930232558139536,0.19402985074626866,0.13978494623655913,0.23717948717948717,0.17318435754189945,0.23255813953488372,0.05263157894736842,0.13333333333333333,0.15151515151515152,0.18181818181818182,0.31666666666666665,0.14285714285714285,0.16666666666666666,0.2631578947368421,0.6944444444444444,0.56,0.56,0.5,0.1388888888888889,,,,0.1111111111111111,,,,0.027777777777777776,1.0,1.0,1.0,0.027777777777777776,,,,0.8421052631578947,0.05263157894736842,1.0,1.0,,,,0.8,0.625,0.1,1.0,,,0.75,,0.5639371428571428,0.58221875,0.63449,0.14285714285714285,0.15,,0.5263157894736842,0.4473684210526316,3.723529411764706,24.1,0.40869565217391307,7.0,14.0,3.0,1.0,1.0,3.0,2.0,7.0,6.0,,,1.0,,0.2916666666666667,0.15,0.6666666666666666,0.4375,,,,,,,2.0,,,,1.0,1.0,,,,,True,,,,,,
1627741,1610612744,Buddy Hield,Buddy Hield,1627741,GSW,20810.0,347,51.0,709,682,260.0,232,104,1391,10.0,13.0,2.0,2.0,2.0,3.0,11.0,3.0,10.0,10.0,31.0,1.0,6.0,2.0,5.0,29.0,73.0,4.0,9.0,10.0,30.0,16.0,34,39.0,104.0,11.0,160.0,764,2.0,3.0,5.0,15.0,1.0,20.0,2.0,8.0,12.0,35.0,4.0,44.0,18.0,14.0,111.0,6.0,1.0,72.0,29.0,3.0,15.0,6.0,21.0,1.0,5.0,9.0,5.0,48.0,5.0,2.0,19.0,19.0,7.0,45.0,7.0,52,9.0,4.0,5.0,8.0,4.0,3.0,8.0,1.0,5.0,2.0,16.0,18.0,27.0,1.0,8.0,,,12.0,,1.0,2.0,2.0,3.0,1.0,3.0,42.0,255.0,1.0,0.5625,0.6428571428571429,0.9487179487179487,0.375,0.3333333333333333,0.34285714285714286,0.3786407766990291,0.47058823529411764,0.6666666666666666,0.25,0.5398550724637681,0.5277777777777778,0.46511627906976744,0.5598591549295775,0.5555555555555556,0.4888888888888889,0.7536231884057971,0.08823529411764706,0.18181818181818182,19.19805589307412,0.5,0.3888888888888889,0.11377245508982035,0.012578616352201259,0.13194444444444445,0.027624309392265192,0.12218649517684887,0.020588235294117647,,0.03225806451612903,0.03225806451612903,0.017543859649122806,0.06521739130434782,0.125,0.17647058823529413,0.09900990099009901,0.20930232558139536,0.09420289855072464,0.7692307692307693,0.7692307692307693,0.5,0.07971014492753623,0.2727272727272727,0.3333333333333333,1.0,0.07246376811594203,0.3,0.3333333333333333,0.3333333333333333,0.2246376811594203,0.3225806451612903,0.3225806451612903,1.0,0.5289855072463768,0.3972602739726027,0.4027777777777778,0.9310344827586207,0.1111111111111111,0.3333333333333333,0.16666666666666666,1.0,0.5,0.4444444444444444,1.0,0.046511627906976744,1.0,0.11627906976744186,0.4,0.6976744186046512,0.3333333333333333,0.8478260869565217,0.4027777777777778,0.5356348148148148,0.56025625,0.5109833333333333,0.02142857142857143,0.02857142857142857,0.01904761904761905,0.125,0.275,8.149999999999999,25.567307692307693,0.36671368124118475,2.0,4.0,1.0,2.0,4.0,,2.0,2.0,2.0,,,1.0,,0.017543859649122806,0.013513513513513514,0.6666666666666666,1.0,,1.0,,,0.009615384615384616,0.0136986301369863,1.0,1.0,2.0,,,,,0.1,,,True,,,,,,
1627780,1610612744,Gary Payton II,Gary Payton II,1627780,GSW,11750.0,196,4.0,389,404,124.0,157,45,793,18.0,22.0,4.0,6.0,8.0,10.0,19.0,,1.0,10.0,17.0,,,1.0,3.0,2.0,6.0,,,,1.0,28.0,42,12.0,23.0,,92.0,460,5.0,7.0,,,,10.0,9.0,13.0,1.0,4.0,,21.0,44.0,12.0,33.0,3.0,,6.0,2.0,5.0,8.0,5.0,13.0,4.0,1.0,4.0,4.0,31.0,3.0,5.0,9.0,16.0,,25.0,9.0,34,16.0,10.0,6.0,3.0,1.0,2.0,3.0,,1.0,,6.0,10.0,18.0,2.0,1.0,,,,,,,,3.0,2.0,3.0,21.0,118.0,,0.7857142857142857,1.0,0.9166666666666666,0.5217391304347826,,0.25,0.5217391304347826,0.6666666666666666,0.7142857142857143,0.6923076923076923,0.7076923076923077,0.7142857142857143,0.6176470588235294,0.7076923076923077,0.7142857142857143,0.6176470588235294,0.35384615384615387,0.11904761904761904,0.15789473684210525,16.173120728929387,0.5,,0.17582417582417584,0.0684931506849315,0.11538461538461539,0.03571428571428571,0.14792899408284024,0.050955414012738856,0.08823529411764706,,0.03571428571428571,0.03571428571428571,0.2857142857142857,0.14,0.07692307692307693,0.11764705882352941,0.1,0.3384615384615385,0.8181818181818182,0.9,0.7222222222222222,0.2923076923076923,0.5263157894736842,0.625,0.9,0.015384615384615385,,,,0.26153846153846155,0.5882352941176471,0.5882352941176471,0.9,0.09230769230769231,0.3333333333333333,0.3333333333333333,1.0,0.5714285714285714,,,,,,,0.47058823529411764,0.75,0.17647058823529413,0.3333333333333333,0.058823529411764705,,0.6923076923076923,0.3333333333333333,0.5459095238095238,0.44536,0.5924558823529412,,,,0.10869565217391304,0.22826086956521738,4.361904761904762,24.44782608695652,0.31876606683804626,4.0,12.0,2.0,,,1.0,,1.0,2.0,,,1.0,0.09090909090909091,0.06666666666666667,0.1111111111111111,0.6666666666666666,1.0,,,,,,,,,,,,,,,1.0,0.08333333333333333,True,,,,,,
1630228,1610612744,Jonathan Kuminga,Jonathan Kuminga,1630228,GSW,7510.0,125,-20.0,245,253,120.0,102,41,498,8.0,13.0,4.0,5.0,8.0,11.0,21.0,2.0,4.0,3.0,9.0,,1.0,1.0,3.0,1.0,6.0,,1.0,,1.0,21.0,38,4.0,15.0,13.0,67.0,289,7.0,9.0,,2.0,2.0,16.0,11.0,20.0,1.0,4.0,3.0,28.0,18.0,24.0,9.0,3.0,,6.0,1.0,4.0,4.0,4.0,8.0,2.0,2.0,1.0,2.0,20.0,3.0,,8.0,8.0,2.0,18.0,3.0,21,1.0,,1.0,2.0,1.0,,5.0,,2.0,,7.0,4.0,12.0,2.0,13.0,,,18.0,,9.0,,,1.0,1.0,1.0,28.0,117.0,,0.42857142857142855,0.47368421052631576,0.75,0.26666666666666666,,0.25,0.26666666666666666,0.5526315789473685,0.7777777777777778,0.55,0.5094339622641509,0.6363636363636364,0.5208333333333334,0.5403225806451613,0.6666666666666666,0.5185185185185185,0.2830188679245283,0.10526315789473684,0.09523809523809523,23.46938775510204,0.2857142857142857,0.4,0.12121212121212122,,0.14285714285714285,0.047619047619047616,0.13114754098360656,0.02459016393442623,,,0.046511627906976744,0.05,0.05555555555555555,0.14634146341463414,0.14285714285714285,0.15217391304347827,0.1,0.24528301886792453,0.6153846153846154,0.7272727272727273,0.625,0.39622641509433965,0.5238095238095238,0.5789473684210527,0.36363636363636365,0.07547169811320754,0.5,0.5,,0.16981132075471697,0.3333333333333333,0.3333333333333333,0.6666666666666666,0.11320754716981132,0.16666666666666666,0.16666666666666666,1.0,0.36363636363636365,0.09090909090909091,,,0.09090909090909091,,,0.3333333333333333,0.625,0.125,0.3333333333333333,0.041666666666666664,,0.5283018867924528,0.16666666666666666,0.5136979999999999,0.5151999999999999,0.5065565217391305,0.14516129032258066,0.19148936170212766,,0.23880597014925373,0.417910447761194,6.544736842105263,24.31333333333333,0.4897959183673469,3.0,4.0,,,3.0,,1.0,,1.0,,,1.0,0.15384615384615385,,,1.0,0.75,0.3333333333333333,,1.0,,,,1.0,,,,,,,,,,True,,,,,,
202710,1610612744,Jimmy Butler III,Jimmy Butler III,202710,GSW,58780.0,980,192.0,1992,1982,529.0,482,247,3974,92.0,134.0,27.0,18.0,26.0,41.0,103.0,6.0,27.0,12.0,33.0,,1.0,2.0,8.0,7.0,35.0,2.0,4.0,2.0,11.0,139.0,264,19.0,68.0,201.0,536.0,2160,20.0,35.0,2.0,5.0,24.0,70.0,26.0,54.0,4.0,19.0,72.0,136.0,164.0,114.0,51.0,6.0,1.0,34.0,7.0,27.0,70.0,108.0,178.0,70.0,38.0,35.0,29.0,464.0,23.0,45.0,49.0,44.0,2.0,95.0,69.0,164,50.0,38.0,12.0,23.0,8.0,14.0,21.0,5.0,9.0,,44.0,17.0,29.0,5.0,167.0,,1.0,231.0,22.0,105.0,1.0,19.0,7.0,3.0,8.0,129.0,514.0,15.0,0.5899280575539568,0.6666666666666666,0.8947368421052632,0.27941176470588236,0.4,0.21052631578947367,0.2835820895522388,0.5265151515151515,0.5714285714285714,0.48148148148148145,0.5045180722891566,0.575,0.4383561643835616,0.6126436781609196,0.660377358490566,0.6238532110091743,0.20481927710843373,0.10227272727272728,0.14563106796116504,21.054945054945055,0.5227272727272727,0.05,0.09503239740820735,0.10922330097087378,0.11556603773584906,0.045098039215686274,0.10484780157835401,0.0737527114967462,0.08490566037735849,0.043478260869565216,0.05027932960893855,0.03289473684210526,0.06837606837606838,0.11231884057971014,0.07142857142857142,0.12,0.10101010101010101,0.4036144578313253,0.6865671641791045,0.7540983606557377,0.6195652173913043,0.3102409638554217,0.39805825242718446,0.4659090909090909,0.5365853658536586,0.08132530120481928,0.2222222222222222,0.2222222222222222,0.5,0.09939759036144578,0.36363636363636365,0.36363636363636365,1.0,0.10542168674698796,0.2,0.20588235294117646,0.7142857142857143,0.675,0.025,,,0.1,0.5,1.0,0.3561643835616438,0.6923076923076923,0.1095890410958904,0.25,0.1506849315068493,0.18181818181818182,0.608433734939759,0.20588235294117646,0.5236059375000001,0.5632078125000001,0.5001070422535212,0.2548076923076923,0.3025936599423631,0.014492753623188406,0.13059701492537312,0.2537313432835821,6.017424242424242,25.158823529411762,0.26556224899598396,18.0,32.0,16.0,2.0,18.0,1.0,9.0,4.0,5.0,1.0,,,0.08955223880597014,0.183206106870229,0.11428571428571428,0.625,0.6666666666666666,0.2222222222222222,1.0,2.0,,0.014705882352941176,0.02857142857142857,6.0,,3.0,1.0,1.0,,,,1.0,0.020833333333333332,True,,,,,1.0,
1630541,1610612744,Moses Moody,Moses Moody,1630541,GSW,37335.0,622,82.0,1262,1274,195.0,190,136,2536,35.0,46.0,10.0,5.0,7.0,12.0,38.0,,4.0,18.0,42.0,3.0,5.0,5.0,8.0,18.0,67.0,,5.0,1.0,4.0,47.0,88,36.0,109.0,41.0,243.0,1399,10.0,14.0,3.0,10.0,7.0,36.0,7.0,10.0,6.0,12.0,7.0,39.0,66.0,28.0,105.0,3.0,,67.0,18.0,13.0,15.0,23.0,38.0,15.0,8.0,8.0,6.0,99.0,16.0,7.0,20.0,24.0,2.0,46.0,23.0,69,30.0,16.0,14.0,10.0,2.0,8.0,7.0,2.0,2.0,2.0,17.0,16.0,40.0,,37.0,2.0,1.0,47.0,2.0,21.0,3.0,,9.0,,11.0,39.0,187.0,,0.7021276595744681,0.75,0.9722222222222222,0.3302752293577982,0.3,0.5,0.3302752293577982,0.5340909090909091,0.7142857142857143,0.7,0.5126903553299492,0.6041666666666666,0.7272727272727273,0.5573394495412844,0.6923076923076923,0.75,0.5532994923857868,0.14772727272727273,0.21052631578947367,16.526019690576653,0.5882352941176471,0.09523809523809523,0.08421052631578947,0.027131782945736434,0.0749063670411985,0.04892966360856269,0.07971014492753623,0.039316239316239315,0.04081632653061224,,0.05627705627705628,0.03125,0.11594202898550725,0.0650887573964497,0.10638297872340426,0.06666666666666667,0.10526315789473684,0.233502538071066,0.7608695652173914,0.8333333333333334,0.6857142857142857,0.19289340101522842,0.3157894736842105,0.4,0.75,0.02030456852791878,,,,0.2131979695431472,0.42857142857142855,0.42857142857142855,0.9444444444444444,0.3401015228426396,0.26865671641791045,0.2727272727272727,1.0,0.4166666666666667,0.20833333333333334,0.6,0.6666666666666666,0.20833333333333334,,,0.3181818181818182,0.7142857142857143,0.36363636363636365,0.625,0.18181818181818182,0.25,0.7868020304568528,0.26865671641791045,0.5555695187165776,0.5592733333333334,0.5970931818181818,0.11009174311926606,0.19626168224299065,0.02702702702702703,0.14814814814814814,0.16049382716049382,4.8875,24.825925925925926,0.15451664025356576,9.0,6.0,3.0,3.0,2.0,,2.0,9.0,9.0,,,,0.08695652173913043,0.0136986301369863,0.030612244897959183,0.8181818181818182,0.9,0.5555555555555556,1.0,,,0.009174311926605505,0.014925373134328358,1.0,1.0,,1.0,2.0,1.0,,0.25,,,True,,,,,1.0,
1630611,1610612744,Gui Santos,Gui Santos,1630611,GSW,8664.0,144,66.0,288,277,127.0,127,50,565,5.0,7.0,2.0,3.0,5.0,1.0,4.0,,,1.0,8.0,,,,2.0,1.0,9.0,,,1.0,3.0,6.0,11,2.0,17.0,8.0,26.0,297,2.0,5.0,,,,4.0,3.0,6.0,1.0,5.0,5.0,14.0,10.0,2.0,6.0,,,9.0,1.0,1.0,5.0,9.0,14.0,5.0,4.0,3.0,1.0,37.0,6.0,7.0,8.0,9.0,1.0,18.0,13.0,31,5.0,4.0,1.0,5.0,1.0,3.0,3.0,1.0,2.0,,8.0,13.0,24.0,,7.0,,,9.0,1.0,2.0,,3.0,3.0,2.0,3.0,14.0,126.0,3.0,0.8333333333333334,1.0,1.0,0.11764705882352941,,0.2,0.11764705882352941,0.5454545454545454,0.4,0.5,0.32142857142857145,0.4,0.4090909090909091,0.40625,0.4,0.5,0.6071428571428571,0.09090909090909091,,11.494252873563218,0.625,0.2,0.11392405063291139,0.10294117647058823,0.14035087719298245,0.0821917808219178,0.125,0.09219858156028368,0.1111111111111111,0.15789473684210525,0.09259259259259259,0.05263157894736842,0.09523809523809523,0.13333333333333333,0.07692307692307693,0.175,0.058823529411764705,0.25,0.7142857142857143,0.8333333333333334,1.0,0.14285714285714285,0.25,0.25,,,,,,0.2857142857142857,0.125,0.14285714285714285,1.0,0.32142857142857145,0.1111111111111111,0.1111111111111111,1.0,0.4,,,,,,,0.45454545454545453,0.6,0.18181818181818182,,0.2727272727272727,0.3333333333333333,0.8571428571428571,0.1111111111111111,0.5383462962962963,0.5208333333333334,0.5710454545454545,0.06896551724137931,0.16666666666666666,,0.15384615384615385,0.5384615384615384,3.590909090909091,24.576470588235296,0.4409722222222222,1.0,2.0,1.0,2.0,5.0,5.0,1.0,1.0,2.0,,,4.0,0.14285714285714285,0.045454545454545456,0.058823529411764705,0.6666666666666666,0.5,1.0,1.0,,,0.058823529411764705,,1.0,,,,,,,,,,True,0.125,1.0,,,,
1641764,1610612744,Brandin Podziemski,Brandin Podziemski,1641764,GSW,39057.0,651,227.0,1326,1313,365.0,300,161,2639,28.0,40.0,9.0,7.0,11.0,33.0,66.0,12.0,33.0,9.0,24.0,,2.0,3.0,9.0,50.0,113.0,6.0,7.0,10.0,33.0,73.0,139,59.0,137.0,21.0,344.0,1352,10.0,20.0,6.0,9.0,1.0,39.0,16.0,39.0,13.0,42.0,6.0,77.0,92.0,54.0,150.0,27.0,2.0,111.0,50.0,9.0,43.0,35.0,78.0,23.0,12.0,25.0,14.0,191.0,12.0,8.0,55.0,48.0,2.0,105.0,21.0,126,27.0,20.0,7.0,21.0,3.0,16.0,10.0,,5.0,,31.0,7.0,29.0,2.0,44.0,4.0,7.0,29.0,5.0,15.0,,2.0,5.0,1.0,5.0,77.0,358.0,2.0,0.6301369863013698,0.6764705882352942,0.847457627118644,0.4306569343065693,0.6666666666666666,0.30952380952380953,0.43703703703703706,0.5251798561151079,0.5,0.41025641025641024,0.5851449275362319,0.6551724137931034,0.4382716049382716,0.5972222222222222,0.6724137931034483,0.45294117647058824,0.4963768115942029,0.06474820143884892,0.09090909090909091,21.11184645929848,0.6774193548387096,0.07407407407407407,0.1568627450980392,0.02973977695167286,0.1870748299319728,0.03380281690140845,0.17166666666666666,0.03205128205128205,0.02702702702702703,0.02,0.023715415019762844,0.058823529411764705,0.14666666666666667,0.125,0.2978723404255319,0.1822429906542056,0.2,0.14492753623188406,0.7,0.7567567567567568,0.6071428571428571,0.2391304347826087,0.5,0.55,0.6060606060606061,0.11956521739130435,0.36363636363636365,0.36363636363636365,0.75,0.08695652173913043,0.375,0.375,1.0,0.40942028985507245,0.4424778761061947,0.45045045045045046,0.82,0.3103448275862069,0.06896551724137931,,,0.2413793103448276,0.8571428571428571,1.0,0.13580246913580246,0.6363636363636364,0.1111111111111111,0.3333333333333333,0.4074074074074074,0.30303030303030304,0.6413043478260869,0.45045045045045046,0.5111490421455939,0.5136799999999999,0.4868642857142857,0.05244755244755245,0.10067114093959731,,0.11337209302325581,0.2238372093023256,8.998561151079135,26.470802919708028,0.27526395173454,7.0,10.0,1.0,,8.0,,3.0,4.0,4.0,,,1.0,0.075,0.04225352112676056,0.008333333333333333,0.8,0.7777777777777778,0.14285714285714285,2.0,4.0,,0.014598540145985401,0.017699115044247787,4.0,,,,,,1.0,,1.0,0.034482758620689655,True,,,,,,
201939,1610612744,Stephen Curry,Stephen Curry,201939,GSW,31716.0,529,84.0,1115,1094,324.0,261,137,2209,28.0,42.0,9.0,7.0,12.0,22.0,43.0,8.0,15.0,13.0,24.0,3.0,5.0,2.0,5.0,60.0,159.0,6.0,15.0,24.0,65.0,58.0,100,73.0,183.0,90.0,425.0,1264,7.0,14.0,9.0,20.0,11.0,52.0,13.0,27.0,26.0,70.0,63.0,167.0,68.0,48.0,186.0,33.0,2.0,156.0,59.0,8.0,60.0,22.0,82.0,11.0,11.0,40.0,18.0,186.0,8.0,3.0,33.0,27.0,,60.0,11.0,71,25.0,13.0,12.0,30.0,9.0,25.0,18.0,3.0,5.0,3.0,48.0,14.0,21.0,,66.0,2.0,,97.0,4.0,23.0,2.0,23.0,6.0,2.0,6.0,150.0,312.0,13.0,0.5862068965517241,0.6181818181818182,0.8493150684931506,0.3989071038251366,0.45,0.37142857142857144,0.39779005524861877,0.58,0.5,0.48148148148148145,0.5918727915194346,0.6029411764705882,0.5360824742268041,0.6426380368098159,0.6538461538461539,0.6395348837209303,0.6466431095406361,0.08,0.09302325581395349,29.41640378548896,0.625,,0.1134453781512605,0.013636363636363636,0.1542056074766355,0.02877697841726619,0.13274336283185842,0.02208835341365462,0.02564102564102564,,0.030927835051546393,0.023809523809523808,0.14516129032258066,0.11428571428571428,0.05555555555555555,0.15976331360946747,0.13333333333333333,0.14840989399293286,0.6666666666666666,0.7368421052631579,0.6785714285714286,0.1519434628975265,0.5116279069767442,0.5641025641025641,0.5,0.053003533568904596,0.5333333333333333,0.5333333333333333,0.5,0.08480565371024736,0.5416666666666666,0.5416666666666666,0.9230769230769231,0.5618374558303887,0.37735849056603776,0.3821656050955414,0.8333333333333334,0.2647058823529412,0.14705882352941177,0.6,1.0,0.4411764705882353,0.4,0.8333333333333334,0.12371134020618557,0.5833333333333334,0.05154639175257732,0.4,0.6701030927835051,0.36923076923076925,0.7950530035335689,0.3782051282051282,0.5235080935251797,0.5119535714285715,0.5066462365591399,0.08250825082508251,0.19327731092436976,0.010869565217391304,0.1223529411764706,0.39294117647058824,6.815,27.398907103825138,0.2905829596412556,5.0,6.0,1.0,3.0,15.0,,,4.0,2.0,,,1.0,0.09523809523809523,,0.007246376811594203,0.3333333333333333,0.5555555555555556,0.4,2.0,,,0.01092896174863388,0.012578616352201259,2.0,1.0,6.0,,,,,,,,True,,,1.0,,,1.0
1628995,1610612744,Kevin Knox II,Kevin Knox II,1628995,GSW,332.0,6,-5.0,11,10,5.0,1,1,21,,1.0,1.0,,1.0,1.0,1.0,,,,,,,,,,1.0,,,,,1.0,2,,1.0,,2.0,10,,1.0,,,,,,1.0,,,,,2.0,,,,,1.0,,,,,,,,,,,,1.0,,,,,1.0,1,,,,,,,,,,,,,,,,,,,,,,,2.0,2.0,2.0,,5.0,,1.0,1.0,,,,,,0.5,,,0.3333333333333333,,,0.3333333333333333,,,0.3333333333333333,,,25.0,,,,0.5,,,,0.16666666666666666,,0.5,,,,,,,,0.3333333333333333,,,,0.3333333333333333,1.0,1.0,1.0,,,,,,,,,0.3333333333333333,,,,1.0,,,,,,,1.0,,,,,,0.6666666666666666,,0.5826666666666667,0.7201,0.7201,,,,,,5.1,25.2,0.45454545454545453,,,,,,,,,1.0,,,,,,,0.5,,,,,,,,,,,,,,,,,,True,,,,,,
1631218,1610612744,Trayce Jackson-Davis,Trayce Jackson-Davis,1631218,GSW,626.0,10,,22,23,11.0,13,4,45,2.0,3.0,2.0,1.0,2.0,,,,,,,,,,,,,,,,,2.0,3,,,2.0,6.0,23,1.0,2.0,,,,2.0,1.0,2.0,,,,2.0,4.0,,,,,,,,1.0,1.0,2.0,1.0,,1.0,,5.0,,3.0,1.0,1.0,,2.0,3.0,5,,,,,1.0,,1.0,,,,1.0,,,,2.0,,,4.0,,1.0,,1.0,1.0,1.0,2.0,2.0,11.0,1.0,1.0,1.0,,,,,,0.6666666666666666,0.5,0.5,0.6666666666666666,0.5,0.5,0.6,0.3333333333333333,0.3333333333333333,,,,22.22222222222222,,,0.25,0.42857142857142855,0.2,,0.2222222222222222,0.3333333333333333,0.5,,,,,0.5,,0.2,,1.0,0.6666666666666666,0.6666666666666666,1.0,,,,,,,,,,,,,,,,,1.0,,,,,,,1.0,0.5,,,,,1.0,,0.7874666666666666,0.7193,0.7193,0.25,0.25,,0.3333333333333333,0.3333333333333333,0.3333333333333333,,0.5,1.0,,,1.0,,,1.0,,2.0,1.0,,,,0.5,,1.0,0.5,1.0,,,,,,,,,,1.0,1.0,,,,,True,,,,,,
203110,1610612744,Draymond Green,Draymond Green,203110,GSW,44455.0,741,158.0,1514,1513,323.0,266,167,3027,27.0,42.0,4.0,5.0,8.0,21.0,52.0,4.0,8.0,10.0,37.0,1.0,4.0,,5.0,17.0,60.0,,4.0,2.0,7.0,52.0,102,27.0,97.0,49.0,234.0,1648,7.0,13.0,1.0,8.0,6.0,23.0,8.0,15.0,2.0,12.0,14.0,36.0,86.0,18.0,81.0,,1.0,59.0,17.0,9.0,80.0,53.0,133.0,39.0,14.0,55.0,22.0,319.0,15.0,13.0,48.0,58.0,12.0,118.0,30.0,148,44.0,26.0,18.0,44.0,13.0,42.0,23.0,1.0,2.0,,67.0,40.0,79.0,7.0,64.0,2.0,2.0,62.0,4.0,28.0,,5.0,17.0,5.0,25.0,35.0,308.0,4.0,0.8269230769230769,0.8431372549019608,1.0,0.27835051546391754,0.125,0.16666666666666666,0.28125,0.5098039215686274,0.5384615384615384,0.5333333333333333,0.4648241206030151,0.40476190476190477,0.4074074074074074,0.5131578947368421,0.4791666666666667,0.5,0.48743718592964824,0.08823529411764706,0.11538461538461539,17.373380447585394,0.6567164179104478,0.5,0.17313432835820897,0.043478260869565216,0.14201183431952663,0.03937007874015748,0.1575037147102526,0.041176470588235294,0.07142857142857142,,0.033707865168539325,0.05263157894736842,0.10126582278481013,0.19796954314720813,0.1864406779661017,0.1444866920152091,0.13333333333333333,0.21105527638190955,0.6428571428571429,0.6923076923076923,0.8148148148148148,0.2613065326633166,0.40384615384615385,0.45652173913043476,0.8095238095238095,0.04020100502512563,0.5,0.5,1.0,0.18592964824120603,0.2702702702702703,0.2702702702702703,1.0,0.3015075376884422,0.2833333333333333,0.2833333333333333,1.0,0.19047619047619047,0.19047619047619047,0.25,1.0,0.19047619047619047,,,0.2962962962962963,0.625,0.18518518518518517,,0.25925925925925924,0.2857142857142857,0.6984924623115578,0.288135593220339,0.5265345360824742,0.466865625,0.5096923076923077,0.12556053811659193,0.2222222222222222,,0.09829059829059829,0.15384615384615385,6.15392156862745,25.077894736842108,0.21334214002642007,2.0,2.0,6.0,4.0,20.0,2.0,6.0,12.0,15.0,,,7.0,0.07142857142857142,0.02,0.05555555555555555,0.6,0.5,0.5,,1.0,,,,3.0,,,,8.0,5.0,,,2.0,0.05405405405405406,True,,,,,3.0,
1642366,1610612744,Quinten Post,Quinten Post,1642366,GSW,21466.0,358,89.0,711,705,114.0,97,75,1416,14.0,24.0,7.0,5.0,8.0,9.0,20.0,2.0,3.0,16.0,32.0,1.0,2.0,,3.0,22.0,61.0,2.0,4.0,3.0,11.0,25.0,47,38.0,93.0,7.0,171.0,728,5.0,11.0,3.0,6.0,2.0,21.0,6.0,11.0,3.0,14.0,2.0,23.0,40.0,10.0,114.0,,1.0,60.0,22.0,6.0,8.0,8.0,16.0,6.0,2.0,3.0,3.0,40.0,10.0,5.0,23.0,30.0,2.0,55.0,15.0,70,7.0,2.0,5.0,9.0,1.0,6.0,8.0,1.0,3.0,,17.0,20.0,36.0,2.0,6.0,,,10.0,,4.0,,1.0,13.0,6.0,13.0,23.0,113.0,1.0,0.8,0.9090909090909091,1.0,0.40860215053763443,0.5,0.21428571428571427,0.41304347826086957,0.5319148936170213,0.45454545454545453,0.5454545454545454,0.5857142857142857,0.5588235294117647,0.42,0.5896551724137931,0.5833333333333334,0.4423076923076923,0.6642857142857143,0.1276595744680851,0.2,20.30075187969925,0.5294117647058824,0.14285714285714285,0.16853932584269662,0.035211267605633804,0.13609467455621302,0.05263157894736842,0.15273775216138327,0.045180722891566265,0.041666666666666664,0.041666666666666664,0.05673758865248227,0.04081632653061224,0.19047619047619047,0.1650485436893204,0.15151515151515152,0.15267175572519084,0.07894736842105263,0.17142857142857143,0.5833333333333334,0.6363636363636364,0.7142857142857143,0.14285714285714285,0.45,0.5625,0.8888888888888888,0.02142857142857143,0.6666666666666666,0.6666666666666666,1.0,0.22857142857142856,0.5,0.5,1.0,0.4357142857142857,0.36065573770491804,0.3793103448275862,1.0,0.4117647058823529,0.11764705882352941,0.5,1.0,0.23529411764705882,0.5,1.0,0.32,0.625,0.12,,0.44,0.2727272727272727,0.8357142857142857,0.36666666666666664,0.5460735074626866,0.4935333333333334,0.5410229166666667,0.027777777777777776,0.0784313725490196,,0.12280701754385964,0.13450292397660818,5.061702127659575,25.482795698924726,0.16033755274261605,4.0,6.0,2.0,2.0,1.0,2.0,2.0,6.0,8.0,1.0,,3.0,0.08333333333333333,0.021739130434782608,0.030303030303030304,0.6153846153846154,0.5714285714285714,0.25,3.0,2.0,1.0,0.03225806451612903,0.04918032786885246,2.0,,,1.0,,,1.0,,,,True,,,,,,
1630311,1610612744,Pat Spencer,Pat Spencer,1630311,GSW,816.0,14,3.0,31,30,7.0,7,4,61,1.0,2.0,1.0,,,1.0,2.0,,,,,,,,,,,,,,,2.0,4,,,,4.0,30,2.0,2.0,,,,4.0,,1.0,,,,,2.0,2.0,,,,,,,1.0,,1.0,,,1.0,,2.0,,1.0,2.0,2.0,,4.0,1.0,5,,,,1.0,,1.0,1.0,,,,2.0,,2.0,1.0,,,,,,,,,1.0,,1.0,,7.0,,0.5,0.5,,,,,,0.5,1.0,,0.5,1.0,,0.5,1.0,,,,,17.142857142857142,0.5,,0.25,0.16666666666666666,0.4,,0.3076923076923077,0.06666666666666667,,,,,,0.3333333333333333,,,1.0,0.5,0.5,0.5,1.0,0.5,0.5,0.5,,,,,,,,,,,,,,0.5,,,,,,,,,,,,,0.5,,0.518525,0.54655,0.461,,,,1.0,,4.925000000000001,,0.22580645161290322,1.0,,,,,,,1.0,,,,1.0,,0.25,,,1.0,1.0,,,,,,,,,,,,,,,,True,,,,,,
1626172,1610612744,Kevon Looney,Kevon Looney,1626172,GSW,57952.0,966,89.0,1972,1985,482.0,574,296,3957,105.0,160.0,87.0,21.0,38.0,18.0,62.0,4.0,17.0,1.0,1.0,,,1.0,1.0,,2.0,,,,2.0,127.0,239,1.0,3.0,49.0,306.0,2191,51.0,108.0,,,9.0,111.0,27.0,58.0,1.0,3.0,21.0,78.0,146.0,108.0,3.0,,1.0,1.0,,16.0,51.0,54.0,105.0,42.0,12.0,27.0,17.0,264.0,40.0,108.0,85.0,128.0,21.0,234.0,154.0,388,39.0,17.0,22.0,17.0,2.0,10.0,21.0,2.0,7.0,,38.0,74.0,134.0,14.0,72.0,,2.0,84.0,12.0,38.0,,10.0,27.0,11.0,28.0,78.0,473.0,10.0,0.5748031496062992,0.8488372093023255,1.0,0.3333333333333333,,0.3333333333333333,0.5,0.5313807531380753,0.4722222222222222,0.46551724137931033,0.53099173553719,0.4722222222222222,0.4672131147540984,0.5503597122302158,0.47844827586206895,0.5064935064935064,0.012396694214876033,0.06694560669456066,0.20967741935483872,13.486982501067008,0.4473684210526316,0.28,0.26556016597510373,0.21176470588235294,0.183585313174946,0.0761904761904762,0.2253968253968254,0.14299516908212562,0.23076923076923078,0.11904761904761904,0.056338028169014086,0.16161616161616163,0.28225806451612906,0.2600732600732601,0.25882352941176473,0.19672131147540983,0.13402061855670103,0.6611570247933884,0.65625,0.6687898089171974,0.5238095238095238,0.256198347107438,0.2903225806451613,0.3673469387755102,0.8333333333333334,0.07024793388429752,0.23529411764705882,0.23529411764705882,0.75,0.004132231404958678,1.0,1.0,1.0,0.008264462809917356,,,,0.8055555555555556,,,,,,,0.6229508196721312,0.5526315789473685,0.01639344262295082,1.0,0.03278688524590164,,0.6735537190082644,,0.5414168049792534,0.54855,0.5188741666666666,0.1417910447761194,0.14339622641509434,,0.3627450980392157,0.2549019607843137,4.131799163179917,37.6,0.24442190669371197,48.0,82.0,23.0,7.0,10.0,15.0,14.0,16.0,15.0,,,9.0,0.01875,0.22875816993464052,0.24468085106382978,0.5357142857142857,0.5517241379310345,0.125,,1.0,,,,7.0,,,1.0,1.0,,4.0,,6.0,0.08571428571428572,False,,,,,1.0,
1627741,1610612744,Buddy Hield,Buddy Hield,1627741,GSW,91012.0,1517,89.0,3138,3093,644.0,706,413,6231,63.0,97.0,15.0,8.0,19.0,36.0,73.0,10.0,33.0,42.0,104.0,4.0,14.0,6.0,20.0,122.0,341.0,16.0,48.0,24.0,64.0,109.0,203,164.0,445.0,42.0,752.0,3518,10.0,24.0,20.0,62.0,6.0,86.0,10.0,33.0,30.0,84.0,13.0,123.0,136.0,82.0,456.0,36.0,,341.0,122.0,20.0,61.0,52.0,113.0,37.0,15.0,42.0,18.0,278.0,28.0,15.0,90.0,71.0,7.0,168.0,44.0,212,60.0,35.0,25.0,40.0,13.0,26.0,35.0,5.0,14.0,3.0,75.0,46.0,105.0,6.0,38.0,,1.0,52.0,5.0,12.0,7.0,5.0,20.0,7.0,20.0,121.0,637.0,4.0,0.6238532110091743,0.6666666666666666,0.926829268292683,0.3685393258426966,0.3225806451612903,0.35714285714285715,0.3685393258426966,0.5369458128078818,0.4166666666666667,0.30303030303030304,0.5478395061728395,0.46511627906976744,0.4700854700854701,0.5616541353383459,0.4772727272727273,0.4959349593495935,0.6867283950617284,0.09852216748768473,0.1232876712328767,20.42506210322937,0.5333333333333333,0.06542056074766354,0.09646739130434782,0.02063273727647868,0.1291248206599713,0.033373063170441,0.11235170969993022,0.027458492975734355,0.018276762402088774,0.02586206896551724,0.0350076103500761,0.027472527472527472,0.05670103092783505,0.1136890951276102,0.0990990990990991,0.1287313432835821,0.13043478260869565,0.14969135802469136,0.6494845360824743,0.7241379310344828,0.6984126984126984,0.11265432098765432,0.4931506849315068,0.5625,0.4722222222222222,0.05092592592592592,0.30303030303030304,0.3125,0.7,0.16049382716049382,0.40384615384615385,0.4158415841584158,0.9761904761904762,0.5262345679012346,0.35777126099706746,0.3620178041543027,0.9098360655737705,0.1744186046511628,0.16279069767441862,0.2857142857142857,0.75,0.5581395348837209,0.3333333333333333,0.9375,0.1623931623931624,0.42105263157894735,0.17094017094017094,0.3,0.5470085470085471,0.375,0.8364197530864198,0.35777126099706746,0.540525856697819,0.5410375,0.5332517241379312,0.02878787878787879,0.05714285714285714,0.015555555555555555,0.11436170212765957,0.16356382978723405,6.771428571428569,25.612808988764037,0.20522625876354367,6.0,14.0,5.0,6.0,11.0,3.0,1.0,13.0,8.0,,,13.0,0.10309278350515463,0.021929824561403508,0.014619883040935672,0.4,0.4,0.16666666666666666,7.0,4.0,,0.015730337078651686,0.011730205278592375,1.0,2.0,6.0,2.0,,,,0.030303030303030304,1.0,0.0136986301369863,False,0.028846153846153848,2.0,,,,
1627780,1610612744,Gary Payton II,Gary Payton II,1627780,GSW,43871.0,731,41.0,1483,1519,309.0,408,181,3002,93.0,117.0,23.0,18.0,24.0,18.0,43.0,,,12.0,37.0,1.0,4.0,2.0,5.0,7.0,35.0,,3.0,,4.0,111.0,160,19.0,72.0,27.0,306.0,1723,19.0,25.0,1.0,7.0,5.0,46.0,19.0,29.0,2.0,9.0,15.0,59.0,186.0,36.0,57.0,,,35.0,7.0,15.0,35.0,35.0,70.0,27.0,8.0,22.0,9.0,175.0,20.0,22.0,64.0,36.0,7.0,107.0,44.0,151,36.0,25.0,11.0,13.0,5.0,11.0,20.0,1.0,2.0,1.0,33.0,28.0,90.0,9.0,35.0,,2.0,38.0,10.0,19.0,,5.0,13.0,3.0,14.0,58.0,304.0,4.0,0.8378378378378378,0.9117647058823529,1.0,0.2638888888888889,0.14285714285714285,0.2222222222222222,0.2638888888888889,0.69375,0.76,0.6551724137931034,0.6012931034482759,0.640625,0.5789473684210527,0.6219512195121951,0.6764705882352942,0.6413043478260869,0.3103448275862069,0.09375,0.16279069767441862,16.402116402116402,0.3939393939393939,0.14,0.09326424870466321,0.07236842105263158,0.187683284457478,0.05115089514066496,0.1375515818431912,0.060431654676258995,0.07432432432432433,0.02857142857142857,0.05423728813559322,0.041666666666666664,0.09615384615384616,0.0967741935483871,0.07692307692307693,0.1946564885496183,0.16455696202531644,0.5043103448275862,0.7948717948717948,0.8532110091743119,0.8279569892473119,0.1853448275862069,0.4186046511627907,0.5,0.8888888888888888,,,,,0.15948275862068967,0.32432432432432434,0.32432432432432434,1.0,0.15086206896551724,0.2,0.2,1.0,0.71875,0.125,0.25,1.0,0.09375,,,0.631578947368421,0.75,0.13157894736842105,0.4,0.10526315789473684,,0.8146551724137931,0.2,0.5752517241379308,0.6078125,0.6019197368421053,0.07883817427385892,0.11242603550295859,,0.1503267973856209,0.19281045751633988,3.074374999999999,24.601388888888895,0.20836142953472692,19.0,18.0,4.0,3.0,5.0,6.0,1.0,10.0,9.0,,,13.0,0.06837606837606838,0.08264462809917356,0.04597701149425287,0.6428571428571429,0.8260869565217391,0.3684210526315789,,2.0,,,,4.0,,,2.0,1.0,1.0,,,2.0,0.038461538461538464,False,,,,,,
1628995,1610612744,Kevin Knox II,Kevin Knox II,1628995,GSW,4686.0,78,2.0,165,165,55.0,75,26,330,7.0,9.0,3.0,4.0,5.0,5.0,8.0,1.0,2.0,1.0,6.0,,,,1.0,3.0,8.0,,1.0,1.0,2.0,13.0,19,4.0,14.0,6.0,44.0,197,2.0,4.0,,1.0,4.0,8.0,6.0,9.0,1.0,3.0,2.0,17.0,16.0,10.0,12.0,,,8.0,3.0,1.0,1.0,4.0,5.0,4.0,,1.0,,14.0,3.0,3.0,6.0,3.0,1.0,10.0,6.0,16,2.0,1.0,1.0,3.0,,1.0,1.0,1.0,2.0,,4.0,5.0,6.0,,6.0,,,8.0,,4.0,,,1.0,,2.0,17.0,55.0,,0.6153846153846154,0.7272727272727273,1.0,0.2857142857142857,,0.3333333333333333,0.2857142857142857,0.6842105263157895,0.5,0.6666666666666666,0.5757575757575758,0.4,0.625,0.5945945945945946,0.5,0.6538461538461539,0.42424242424242425,0.05263157894736842,0.125,20.603015075376884,0.75,0.25,0.1111111111111111,0.07894736842105263,0.21428571428571427,0.06818181818181818,0.16363636363636364,0.07317073170731707,0.17647058823529413,,0.06451612903225806,0.07692307692307693,0.14285714285714285,0.058823529411764705,0.3333333333333333,0.20833333333333334,0.25,0.2727272727272727,0.7777777777777778,0.7777777777777778,0.42857142857142855,0.24242424242424243,0.625,0.7142857142857143,0.8,0.06060606060606061,0.5,0.5,1.0,0.18181818181818182,0.16666666666666666,0.16666666666666666,1.0,0.24242424242424243,0.375,0.375,1.0,0.6,,,,0.2,,,0.4166666666666667,0.8,0.08333333333333333,,0.16666666666666666,0.5,0.696969696969697,0.375,0.5459560606060607,0.5620499999999999,0.5686291666666666,0.10810810810810811,0.17391304347826086,,0.18181818181818182,0.38636363636363635,5.094736842105264,24.92142857142857,0.3333333333333333,2.0,4.0,,,3.0,,1.0,1.0,1.0,,,,,,,0.5,0.6666666666666666,,,,,,,,,,,1.0,1.0,,,,,False,,,,,,
201939,1610612744,Stephen Curry,Stephen Curry,201939,GSW,103431.0,1724,215.0,3588,3552,664.0,713,438,7140,76.0,118.0,10.0,14.0,22.0,81.0,179.0,38.0,77.0,28.0,61.0,10.0,14.0,10.0,19.0,210.0,540.0,27.0,58.0,49.0,129.0,195.0,374,238.0,601.0,189.0,1293.0,4102,14.0,26.0,37.0,72.0,18.0,157.0,37.0,76.0,59.0,148.0,68.0,319.0,174.0,216.0,471.0,243.0,3.0,537.0,210.0,28.0,228.0,111.0,339.0,68.0,43.0,163.0,61.0,789.0,17.0,11.0,106.0,101.0,3.0,210.0,29.0,239,55.0,34.0,21.0,98.0,26.0,80.0,54.0,8.0,18.0,5.0,152.0,41.0,74.0,5.0,181.0,4.0,3.0,202.0,21.0,66.0,15.0,24.0,22.0,4.0,24.0,309.0,651.0,15.0,0.4461538461538462,0.45549738219895286,0.6596638655462185,0.39600665557404324,0.5138888888888888,0.39864864864864863,0.3979933110367893,0.5213903743315508,0.5384615384615384,0.4868421052631579,0.5661538461538461,0.7091836734693877,0.5602678571428571,0.6091081593927894,0.7428571428571429,0.6240157480314961,0.6164102564102564,0.0748663101604278,0.07262569832402235,29.1252725951054,0.6447368421052632,0.03125,0.11966824644549763,0.014267185473411154,0.12589073634204276,0.01798941798941799,0.12277580071174377,0.016317016317016316,0.010471204188481676,,0.016551724137931035,0.022727272727272728,0.10619469026548672,0.11064718162839249,0.17266187050359713,0.12302839116719243,0.1346153846153846,0.12102564102564102,0.6440677966101694,0.7307692307692307,0.5394736842105263,0.1835897435897436,0.45251396648044695,0.4879518072289157,0.38271604938271603,0.07897435897435898,0.4935064935064935,0.5,0.39473684210526316,0.06256410256410257,0.45901639344262296,0.45901639344262296,0.9642857142857143,0.5538461538461539,0.3888888888888889,0.3954802259887006,0.6190476190476191,0.10204081632653061,0.14285714285714285,0.7142857142857143,0.9,0.5918367346938775,0.46551724137931033,0.9259259259259259,0.09821428571428571,0.6363636363636364,0.08482142857142858,0.5263157894736842,0.5758928571428571,0.3798449612403101,0.7374358974358974,0.39106145251396646,0.5171947722567289,0.5202431034482758,0.49955707762557094,0.07864077669902912,0.1575178997613365,0.024549918166939442,0.1214230471771075,0.24671307037896364,8.284224598930479,27.152412645590687,0.1850613154960981,5.0,8.0,5.0,11.0,33.0,3.0,1.0,15.0,11.0,,,4.0,0.11864406779661017,0.024475524475524476,0.01006036217303823,0.4583333333333333,0.5,1.0,9.0,3.0,3.0,0.014975041597337771,0.016666666666666666,4.0,5.0,12.0,4.0,2.0,2.0,,0.012987012987012988,1.0,0.011627906976744186,False,,,,,,
1629001,1610612744,De'Anthony Melton,De'Anthony Melton,1629001,GSW,7259.0,121,26.0,256,265,41.0,82,32,521,4.0,9.0,2.0,3.0,3.0,5.0,10.0,,,3.0,4.0,,,,,10.0,31.0,2.0,2.0,2.0,7.0,9.0,19,13.0,35.0,4.0,61.0,260,,3.0,2.0,2.0,,6.0,4.0,4.0,2.0,7.0,3.0,17.0,8.0,10.0,36.0,3.0,,31.0,10.0,1.0,13.0,4.0,17.0,2.0,2.0,9.0,4.0,38.0,3.0,2.0,8.0,5.0,1.0,14.0,6.0,20,7.0,5.0,2.0,4.0,,2.0,6.0,1.0,2.0,4.0,10.0,6.0,18.0,1.0,7.0,,1.0,8.0,,1.0,,3.0,2.0,,2.0,17.0,41.0,2.0,0.4444444444444444,0.4444444444444444,0.9230769230769231,0.37142857142857144,1.0,0.2857142857142857,0.37142857142857144,0.47368421052631576,,1.0,0.5277777777777778,0.6,0.6363636363636364,0.5258620689655172,0.6,0.6538461538461539,0.6481481481481481,0.05263157894736842,0.1,23.12925170068027,0.4,0.1,0.078125,0.041666666666666664,0.14285714285714285,0.043478260869565216,0.10833333333333334,0.042735042735042736,0.05,0.14285714285714285,0.05,,0.17647058823529413,0.05128205128205128,,0.16666666666666666,0.07142857142857142,0.16666666666666666,0.4444444444444444,0.4444444444444444,0.25,0.18518518518518517,0.5,0.5555555555555556,0.6,,,,,0.07407407407407407,0.75,0.75,1.0,0.5740740740740741,0.3225806451612903,0.3225806451612903,0.9,0.4,,,,0.4,1.0,0.5,0.2727272727272727,1.0,,,0.6363636363636364,0.2857142857142857,0.8148148148148148,0.3225806451612903,0.5396120370370371,0.41154999999999997,0.5839500000000001,0.01818181818181818,0.05,,0.09836065573770492,0.2786885245901639,4.473684210526314,25.70857142857143,0.16015625,,,,3.0,,,,2.0,1.0,,,4.0,,,,0.5,,,,,,,,,,,,,,,,1.0,0.1,False,,,1.0,,,
1641764,1610612744,Brandin Podziemski,Brandin Podziemski,1641764,GSW,63927.0,1065,33.0,2168,2177,540.0,621,295,4345,38.0,60.0,15.0,11.0,16.0,43.0,93.0,11.0,28.0,13.0,31.0,2.0,7.0,4.0,8.0,43.0,141.0,8.0,21.0,11.0,36.0,92.0,181,56.0,172.0,51.0,403.0,2406,11.0,20.0,10.0,28.0,4.0,56.0,24.0,43.0,15.0,44.0,22.0,115.0,90.0,94.0,141.0,27.0,2.0,139.0,43.0,12.0,68.0,74.0,142.0,49.0,25.0,47.0,17.0,358.0,22.0,20.0,82.0,63.0,10.0,155.0,44.0,199,42.0,24.0,18.0,28.0,7.0,17.0,16.0,,11.0,3.0,44.0,29.0,66.0,2.0,79.0,16.0,7.0,66.0,5.0,26.0,1.0,7.0,6.0,1.0,8.0,114.0,536.0,6.0,0.4891304347826087,0.5294117647058824,0.8392857142857143,0.32558139534883723,0.35714285714285715,0.3409090909090909,0.32941176470588235,0.5082872928176796,0.55,0.5581395348837209,0.4985835694050991,0.5416666666666666,0.5344827586206896,0.5274869109947644,0.5490196078431373,0.575,0.48725212464589235,0.06629834254143646,0.08602150537634409,16.918189038919778,0.6363636363636364,0.15151515151515152,0.12727272727272726,0.0392156862745098,0.16666666666666666,0.03642384105960265,0.1469098277608916,0.03770197486535009,0.04,0.023255813953488372,0.03368421052631579,0.046511627906976744,0.06766917293233082,0.13013698630136986,0.22857142857142856,0.16758241758241757,0.1640625,0.16997167138810199,0.6333333333333333,0.6666666666666666,0.5,0.26345609065155806,0.46236559139784944,0.5058823529411764,0.46511627906976744,0.07932011331444759,0.39285714285714285,0.4074074074074074,0.5454545454545454,0.08781869688385269,0.41935483870967744,0.43333333333333335,0.9230769230769231,0.39943342776203966,0.3049645390070922,0.30935251798561153,0.813953488372093,0.3125,0.14583333333333334,0.2857142857142857,1.0,0.4375,0.38095238095238093,1.0,0.1839080459770115,0.6875,0.09195402298850575,0.5,0.41379310344827586,0.3055555555555556,0.6572237960339944,0.30935251798561153,0.513050144092219,0.5738055555555555,0.5115877906976746,0.072,0.12871287128712872,0.005780346820809248,0.13895781637717122,0.2853598014888337,7.671823204419892,26.40755813953488,0.24907749077490776,9.0,14.0,5.0,6.0,7.0,9.0,6.0,5.0,3.0,,,13.0,0.05,0.04597701149425287,0.02717391304347826,0.375,0.6,0.1111111111111111,3.0,4.0,,0.01744186046511628,0.014184397163120567,4.0,,,,2.0,1.0,,0.03571428571428571,2.0,0.03125,False,0.03225806451612903,,,,1.0,
1630228,1610612744,Jonathan Kuminga,Jonathan Kuminga,1630228,GSW,61142.0,1019,28.0,2089,2088,446.0,485,268,4177,118.0,163.0,31.0,17.0,27.0,67.0,190.0,6.0,26.0,10.0,37.0,1.0,7.0,1.0,8.0,32.0,99.0,2.0,11.0,5.0,21.0,191.0,379,42.0,136.0,144.0,652.0,2321,19.0,39.0,3.0,18.0,15.0,62.0,31.0,63.0,6.0,29.0,46.0,126.0,202.0,180.0,114.0,12.0,2.0,97.0,32.0,43.0,42.0,54.0,96.0,34.0,20.0,26.0,13.0,246.0,29.0,23.0,69.0,55.0,18.0,142.0,53.0,195,37.0,22.0,15.0,37.0,13.0,20.0,27.0,5.0,17.0,,64.0,35.0,78.0,2.0,131.0,1.0,3.0,217.0,11.0,104.0,,10.0,19.0,8.0,20.0,125.0,442.0,9.0,0.5287958115183246,0.5642458100558659,0.9047619047619048,0.3088235294117647,0.16666666666666666,0.20689655172413793,0.31343283582089554,0.503957783641161,0.48717948717948717,0.49206349206349204,0.49320388349514566,0.41228070175438597,0.43478260869565216,0.5275080906148867,0.45588235294117646,0.5080645161290323,0.26407766990291265,0.11345646437994723,0.12105263157894737,28.42851187994998,0.578125,0.3103448275862069,0.10978043912175649,0.0465587044534413,0.1422680412371134,0.054924242424242424,0.1257606490872211,0.050880626223091974,0.041666666666666664,0.05128205128205128,0.05459057071960298,0.056,0.1111111111111111,0.11074918566775244,0.10294117647058823,0.13368983957219252,0.17117117117117117,0.31650485436893205,0.7239263803680982,0.8137931034482758,0.6016949152542372,0.36893203883495146,0.3526315789473684,0.40119760479041916,0.417910447761194,0.05048543689320388,0.23076923076923078,0.25,0.3333333333333333,0.07184466019417475,0.2702702702702703,0.2777777777777778,1.0,0.19223300970873786,0.32323232323232326,0.32323232323232326,0.875,0.543859649122807,0.12280701754385964,0.14285714285714285,1.0,0.19298245614035087,0.18181818181818182,1.0,0.29347826086956524,0.6296296296296297,0.08695652173913043,0.125,0.22826086956521738,0.23809523809523808,0.5805825242718446,0.32989690721649484,0.518379743083004,0.5510014705882353,0.5138073033707867,0.17105263157894737,0.22033898305084745,,0.0950920245398773,0.19325153374233128,6.011873350923484,25.991911764705875,0.2134992819530876,19.0,24.0,10.0,3.0,17.0,4.0,5.0,10.0,14.0,2.0,,11.0,0.11042944785276074,0.05263157894736842,0.04291845493562232,0.7,0.6129032258064516,0.2631578947368421,1.0,3.0,1.0,0.007352941176470588,,3.0,,,4.0,1.0,1.0,,0.07692307692307693,1.0,0.014705882352941176,False,0.02702702702702703,1.0,,,,
1630311,1610612744,Pat Spencer,Pat Spencer,1630311,GSW,14160.0,236,-20.0,486,495,134.0,175,62,981,14.0,29.0,4.0,1.0,4.0,18.0,41.0,2.0,5.0,1.0,3.0,1.0,2.0,,,4.0,19.0,1.0,2.0,,3.0,34.0,75,5.0,22.0,11.0,94.0,550,1.0,7.0,2.0,4.0,,8.0,6.0,14.0,,3.0,1.0,13.0,38.0,30.0,15.0,,,19.0,4.0,10.0,30.0,17.0,47.0,11.0,6.0,16.0,13.0,111.0,10.0,4.0,19.0,7.0,1.0,27.0,14.0,41,14.0,7.0,7.0,13.0,2.0,9.0,3.0,1.0,4.0,,16.0,10.0,18.0,,19.0,,2.0,15.0,1.0,8.0,,,2.0,1.0,2.0,13.0,134.0,,0.5588235294117647,0.5757575757575758,1.0,0.22727272727272727,0.5,,0.22727272727272727,0.4533333333333333,0.14285714285714285,0.42857142857142855,0.42783505154639173,0.36363636363636365,0.35294117647058826,0.4519230769230769,0.36363636363636365,0.3611111111111111,0.2268041237113402,0.13333333333333333,0.12195121951219512,21.314387211367674,0.8125,0.05263157894736842,0.07291666666666667,0.035398230088495575,0.18269230769230768,0.08130081300813008,0.13,0.059322033898305086,0.0136986301369863,0.2,0.07920792079207921,0.09090909090909091,0.05,0.06557377049180328,0.13333333333333333,0.16470588235294117,0.2631578947368421,0.29896907216494845,0.4827586206896552,0.5833333333333334,0.6428571428571429,0.422680412371134,0.43902439024390244,0.5,0.4444444444444444,0.05154639175257732,0.4,0.4,1.0,0.030927835051546393,0.3333333333333333,0.3333333333333333,1.0,0.1958762886597938,0.21052631578947367,0.21052631578947367,1.0,0.36363636363636365,0.18181818181818182,0.5,1.0,0.18181818181818182,0.5,1.0,0.23529411764705882,0.25,,,0.17647058823529413,,0.5257731958762887,0.21052631578947367,0.4900094736842106,0.46505,0.4396588235294118,0.07692307692307693,0.0975609756097561,,0.0851063829787234,0.13829787234042554,5.985333333333333,25.768181818181816,0.2757201646090535,1.0,2.0,1.0,3.0,2.0,1.0,,1.0,,,,2.0,0.1724137931034483,0.03333333333333333,0.020833333333333332,,0.25,,,,,,,1.0,,,,,,,,,,False,,,,,,
1630322,1610612744,Lindy Waters III,Lindy Waters III,1630322,GSW,39255.0,654,-24.0,1324,1324,230.0,266,176,2648,12.0,18.0,3.0,2.0,7.0,10.0,28.0,5.0,11.0,13.0,47.0,2.0,6.0,2.0,6.0,36.0,101.0,5.0,15.0,7.0,15.0,27.0,57,49.0,148.0,8.0,209.0,1502,4.0,7.0,7.0,21.0,3.0,32.0,5.0,16.0,9.0,21.0,2.0,39.0,38.0,16.0,138.0,9.0,,101.0,36.0,7.0,22.0,20.0,42.0,10.0,10.0,16.0,5.0,104.0,11.0,5.0,37.0,34.0,9.0,80.0,16.0,96,22.0,7.0,15.0,7.0,5.0,4.0,10.0,2.0,3.0,,17.0,32.0,55.0,2.0,15.0,2.0,1.0,11.0,1.0,3.0,1.0,1.0,10.0,5.0,10.0,39.0,229.0,1.0,0.7037037037037037,0.7037037037037037,0.9387755102040817,0.3310810810810811,0.3333333333333333,0.42857142857142855,0.3310810810810811,0.47368421052631576,0.5714285714285714,0.3125,0.4902439024390244,0.5178571428571429,0.5,0.49760765550239233,0.5344827586206896,0.5131578947368421,0.7219512195121951,0.12280701754385964,0.21428571428571427,14.703968770331816,0.4117647058823529,0.2571428571428571,0.1118421052631579,0.01529051987767584,0.11974110032362459,0.02972972972972973,0.11582381729200653,0.02295552367288379,0.015957446808510637,,0.035211267605633804,0.011627906976744186,0.11594202898550725,0.109375,0.11627906976744186,0.13004484304932734,0.09302325581395349,0.08780487804878048,0.6666666666666666,0.7058823529411765,0.75,0.13658536585365855,0.35714285714285715,0.45454545454545453,0.6,0.05365853658536585,0.45454545454545453,0.45454545454545453,0.8,0.22926829268292684,0.2765957446808511,0.2765957446808511,0.9230769230769231,0.4926829268292683,0.3564356435643564,0.36,0.9444444444444444,0.10714285714285714,0.21428571428571427,0.3333333333333333,0.5,0.5357142857142857,0.3333333333333333,1.0,0.1891891891891892,0.2857142857142857,0.16216216216216217,0.3333333333333333,0.40540540540540543,0.4666666666666667,0.8097560975609757,0.3564356435643564,0.5356137254901961,0.5000899999999999,0.5365194444444445,0.019230769230769232,0.05084745762711865,0.006711409395973154,0.15311004784688995,0.18660287081339713,8.36842105263158,25.50608108108108,0.17371601208459214,1.0,,3.0,2.0,,5.0,2.0,5.0,5.0,,,2.0,0.05555555555555555,0.02197802197802198,0.025,0.5,0.3333333333333333,1.0,1.0,,,0.006756756756756757,0.009900990099009901,1.0,,1.0,1.0,,,,,,,False,,,,,,
1630611,1610612744,Gui Santos,Gui Santos,1630611,GSW,37039.0,617,99.0,1254,1263,337.0,379,191,2517,34.0,44.0,14.0,5.0,6.0,6.0,19.0,2.0,2.0,14.0,28.0,,,4.0,8.0,18.0,58.0,4.0,6.0,1.0,14.0,42.0,65,32.0,86.0,21.0,201.0,1406,10.0,17.0,4.0,6.0,3.0,35.0,7.0,14.0,5.0,22.0,10.0,39.0,66.0,18.0,93.0,3.0,1.0,57.0,18.0,4.0,37.0,29.0,66.0,20.0,9.0,17.0,17.0,161.0,34.0,20.0,39.0,40.0,3.0,82.0,59.0,141,20.0,13.0,7.0,22.0,7.0,15.0,12.0,1.0,7.0,2.0,34.0,40.0,67.0,1.0,34.0,,3.0,33.0,5.0,14.0,,5.0,6.0,2.0,7.0,38.0,336.0,4.0,0.7857142857142857,0.8918918918918919,0.96875,0.37209302325581395,0.6666666666666666,0.22727272727272727,0.3764705882352941,0.6461538461538462,0.5882352941176471,0.5,0.5960264900662252,0.6956521739130435,0.4027777777777778,0.6090909090909091,0.7,0.4431818181818182,0.5695364238410596,0.06153846153846154,0.15789473684210525,13.34674714956405,0.6470588235294118,0.07894736842105263,0.13513513513513514,0.0711743772241993,0.13541666666666666,0.09444444444444444,0.13527397260273974,0.0842433697347894,0.04,0.11428571428571428,0.09556313993174062,0.08955223880597014,0.14285714285714285,0.12209302325581395,0.1702127659574468,0.13551401869158877,0.13513513513513514,0.2913907284768212,0.7727272727272727,0.7906976744186046,0.7941176470588235,0.12582781456953643,0.3157894736842105,0.375,0.8333333333333334,0.013245033112582781,1.0,1.0,0.5,0.18543046357615894,0.5,0.5185185185185185,0.9285714285714286,0.3841059602649007,0.3103448275862069,0.32142857142857145,1.0,0.6086956521739131,,,,0.2608695652173913,0.6666666666666666,1.0,0.16666666666666666,0.8333333333333334,0.2222222222222222,0.5,0.3888888888888889,0.07142857142857142,0.8609271523178808,0.3157894736842105,0.5486848591549295,0.5209863636363636,0.5210367647058822,0.0875,0.1891891891891892,,0.17412935323383086,0.19402985074626866,3.9892307692307694,25.665882352941175,0.2687400318979266,9.0,10.0,1.0,5.0,8.0,5.0,6.0,4.0,3.0,,,7.0,0.022727272727272728,0.10416666666666667,0.015151515151515152,0.42857142857142855,0.6428571428571429,0.4444444444444444,3.0,1.0,,0.03488372093023256,0.034482758620689655,3.0,,,,1.0,,,,5.0,0.1282051282051282,False,0.03571428571428571,,,,1.0,
203471,1610612744,Dennis Schröder,Dennis Schröder,203471,GSW,37751.0,629,-126.0,1267,1269,249.0,264,171,2536,9.0,19.0,,1.0,2.0,27.0,69.0,21.0,48.0,5.0,10.0,1.0,3.0,1.0,4.0,32.0,105.0,7.0,16.0,7.0,20.0,57.0,136,37.0,115.0,29.0,254.0,1486,4.0,9.0,8.0,19.0,4.0,36.0,10.0,28.0,8.0,24.0,16.0,60.0,32.0,82.0,99.0,12.0,1.0,104.0,32.0,19.0,48.0,57.0,105.0,50.0,7.0,27.0,17.0,267.0,6.0,4.0,23.0,23.0,,46.0,10.0,56,25.0,12.0,13.0,28.0,10.0,19.0,20.0,4.0,9.0,,48.0,22.0,67.0,3.0,44.0,1.0,6.0,39.0,1.0,13.0,,6.0,3.0,,3.0,60.0,243.0,6.0,0.2807017543859649,0.2807017543859649,0.8918918918918919,0.3217391304347826,0.42105263157894735,0.3333333333333333,0.32456140350877194,0.41911764705882354,0.4444444444444444,0.35714285714285715,0.448207171314741,0.5714285714285714,0.4230769230769231,0.4684014869888476,0.6,0.47580645161290325,0.4581673306772908,0.13970588235294118,0.18840579710144928,21.433400946585532,0.5833333333333334,,0.07796610169491526,0.012345679012345678,0.0812720848056537,0.017391304347826087,0.07958477508650519,0.014947683109118086,0.010869565217391304,0.03636363636363636,0.018315018315018316,0.013888888888888888,0.019230769230769232,0.08040201005025126,0.13636363636363635,0.08695652173913043,0.06578947368421052,0.07569721115537849,0.47368421052631576,0.5625,0.3333333333333333,0.2749003984063745,0.391304347826087,0.48214285714285715,0.3333333333333333,0.19123505976095617,0.4375,0.4666666666666667,0.19047619047619047,0.0398406374501992,0.5,0.5,1.0,0.41832669322709165,0.3047619047619048,0.3137254901960784,0.875,,0.10714285714285714,0.3333333333333333,1.0,0.5714285714285714,0.4375,1.0,0.038461538461538464,0.5,0.07692307692307693,0.25,0.38461538461538464,0.35,0.5338645418326693,0.3076923076923077,0.4814775100401606,0.4852833333333334,0.461476,0.049429657794676805,0.08783783783783784,,0.14173228346456693,0.23622047244094488,10.89044117647059,26.924347826086947,0.19652722967640096,,,2.0,7.0,8.0,3.0,3.0,3.0,2.0,,,7.0,0.15789473684210525,,0.015503875968992248,0.6666666666666666,,,3.0,,,0.02608695652173913,0.02857142857142857,4.0,,2.0,3.0,,,,0.0625,,,False,,,,,,
1630541,1610612744,Moses Moody,Moses Moody,1630541,GSW,61604.0,1027,48.0,2087,2112,447.0,521,268,4199,44.0,64.0,14.0,9.0,10.0,27.0,66.0,2.0,13.0,37.0,82.0,4.0,6.0,6.0,11.0,53.0,146.0,3.0,11.0,14.0,33.0,73.0,143,90.0,228.0,65.0,481.0,2378,17.0,32.0,7.0,17.0,8.0,63.0,19.0,31.0,20.0,44.0,19.0,117.0,94.0,52.0,261.0,9.0,,146.0,53.0,16.0,32.0,26.0,58.0,19.0,7.0,17.0,13.0,142.0,15.0,13.0,42.0,35.0,14.0,91.0,29.0,120,29.0,17.0,12.0,22.0,1.0,13.0,15.0,4.0,9.0,4.0,37.0,37.0,76.0,3.0,67.0,2.0,2.0,86.0,7.0,34.0,6.0,3.0,18.0,8.0,20.0,117.0,444.0,3.0,0.6438356164383562,0.6911764705882353,0.9666666666666667,0.39473684210526316,0.4117647058823529,0.45454545454545453,0.39473684210526316,0.5104895104895105,0.53125,0.6129032258064516,0.5606469002695418,0.5612244897959183,0.6533333333333333,0.5896805896805897,0.5833333333333334,0.6823529411764706,0.6145552560646901,0.11188811188811189,0.12121212121212122,18.309278350515463,0.5945945945945946,0.18666666666666668,0.07494646680942184,0.026584867075664622,0.0875,0.02613240418118467,0.08130939809926083,0.02634054562558796,0.027450980392156862,0.013333333333333334,0.03090507726269316,0.008264462809917356,0.08571428571428572,0.07534246575342465,0.05714285714285714,0.10109289617486339,0.043859649122807015,0.1725067385444744,0.6875,0.7857142857142857,0.6590909090909091,0.1778975741239892,0.4090909090909091,0.46551724137931033,0.6296296296296297,0.03504043126684636,0.15384615384615385,0.15384615384615385,0.5,0.2210242587601078,0.45121951219512196,0.46835443037974683,0.972972972972973,0.3935309973045822,0.363013698630137,0.3706293706293706,0.9622641509433962,0.2857142857142857,0.12244897959183673,0.6666666666666666,1.0,0.22448979591836735,0.2727272727272727,1.0,0.13333333333333333,0.9,0.14666666666666667,0.5454545454545454,0.44,0.42424242424242425,0.7870619946091644,0.363013698630137,0.5376702445652175,0.50212,0.5004253333333333,0.09900990099009901,0.2,0.02564102564102564,0.13097713097713098,0.24324324324324326,5.893006993006992,25.023245614035083,0.21418303785337806,9.0,10.0,4.0,2.0,7.0,4.0,2.0,8.0,14.0,,,4.0,0.125,0.031446540880503145,0.02197802197802198,0.7,0.6428571428571429,0.4444444444444444,6.0,2.0,2.0,0.02631578947368421,0.02054794520547945,2.0,,1.0,1.0,2.0,2.0,,,1.0,0.018867924528301886,False,0.036585365853658534,,,,,
1642050,1610612744,Jackson Rowe,Jackson Rowe,1642050,GSW,3104.0,52,23.0,114,112,48.0,49,18,226,3.0,4.0,1.0,1.0,2.0,2.0,3.0,,,2.0,4.0,,,1.0,1.0,1.0,6.0,,,1.0,3.0,5.0,7,3.0,10.0,3.0,22.0,119,1.0,1.0,,,1.0,3.0,2.0,3.0,2.0,4.0,,10.0,10.0,,9.0,,,6.0,1.0,,2.0,2.0,4.0,2.0,,2.0,,10.0,3.0,,4.0,3.0,1.0,8.0,3.0,11,4.0,2.0,2.0,,,,1.0,1.0,,,1.0,1.0,4.0,,3.0,,,6.0,,3.0,,,,,,10.0,47.0,,1.0,1.0,1.0,0.3,,0.5,0.3,0.7142857142857143,1.0,0.6666666666666666,0.5588235294117647,1.0,0.7142857142857143,0.55,0.75,0.625,0.5882352941176471,,,15.217391304347828,,0.5,0.2,,0.12903225806451613,0.10344827586206896,0.15217391304347827,0.05454545454545454,,,0.08,0.25,,0.25,,0.09090909090909091,0.2222222222222222,0.23529411764705882,0.75,0.75,1.0,0.17647058823529413,0.6666666666666666,0.6666666666666666,1.0,,,,,0.23529411764705882,0.5,0.5,1.0,0.35294117647058826,0.16666666666666666,0.16666666666666666,1.0,1.0,,,,,,,0.2857142857142857,0.5,0.14285714285714285,1.0,0.42857142857142855,0.3333333333333333,0.8235294117647058,0.16666666666666666,0.5334911764705882,0.5731,0.5616928571428571,0.15,0.3,,0.13636363636363635,0.45454545454545453,3.142857142857143,25.759999999999998,0.42105263157894735,1.0,,,,,,,,,,,1.0,,,,,1.0,1.0,,,,,,,,,,,,,,,,False,,,,,,
203110,1610612744,Draymond Green,Draymond Green,203110,GSW,74540.0,1242,114.0,2563,2570,467.0,481,295,5133,47.0,85.0,14.0,8.0,14.0,32.0,66.0,5.0,10.0,24.0,61.0,2.0,5.0,2.0,7.0,29.0,88.0,2.0,5.0,3.0,11.0,84.0,161,53.0,149.0,52.0,379.0,2908,6.0,17.0,4.0,10.0,6.0,30.0,12.0,23.0,5.0,18.0,24.0,63.0,134.0,34.0,156.0,3.0,,88.0,29.0,12.0,146.0,104.0,250.0,83.0,21.0,103.0,36.0,604.0,17.0,25.0,101.0,93.0,28.0,222.0,44.0,266,55.0,36.0,19.0,62.0,29.0,57.0,45.0,5.0,5.0,,107.0,76.0,140.0,10.0,112.0,11.0,6.0,85.0,12.0,29.0,,20.0,39.0,12.0,46.0,61.0,453.0,16.0,0.7976190476190477,0.8271604938271605,0.9811320754716981,0.35570469798657717,0.4,0.2777777777777778,0.35570469798657717,0.5217391304347826,0.35294117647058826,0.5217391304347826,0.5274193548387097,0.4444444444444444,0.47560975609756095,0.5461095100864554,0.4838709677419355,0.5,0.4806451612903226,0.07453416149068323,0.10606060606060606,15.524331734064427,0.5794392523364486,0.45161290322580644,0.15551839464882944,0.04725897920604915,0.15930599369085174,0.024926686217008796,0.15746753246753248,0.03468208092485549,0.05859375,0.045454545454545456,0.029239766081871343,0.011834319526627219,0.12418300653594772,0.17002881844380405,0.15306122448979592,0.15598290598290598,0.1686746987951807,0.27419354838709675,0.5529411764705883,0.5875,0.7872340425531915,0.2129032258064516,0.48484848484848486,0.5423728813559322,0.8125,0.03225806451612903,0.5,0.5,0.8,0.1967741935483871,0.39344262295081966,0.39344262295081966,1.0,0.2838709677419355,0.32954545454545453,0.32954545454545453,0.9655172413793104,0.5185185185185185,0.18518518518518517,0.4,1.0,0.18518518518518517,0.4,1.0,0.34146341463414637,0.5714285714285714,0.17073170731707318,0.2857142857142857,0.2682926829268293,0.2727272727272727,0.7548387096774194,0.32954545454545453,0.5503022580645164,0.592605,0.5562646341463415,0.08868501529051988,0.16292134831460675,,0.079155672823219,0.1662269129287599,4.957142857142858,24.923489932885914,0.18220834959032384,4.0,6.0,10.0,3.0,12.0,7.0,13.0,27.0,26.0,,,9.0,0.058823529411764705,0.033816425120772944,0.06289308176100629,0.5652173913043478,0.2857142857142857,0.25,,,,,,7.0,,,1.0,7.0,5.0,3.0,,2.0,0.03076923076923077,False,,1.0,2.0,,2.0,
203952,1610612744,Andrew Wiggins,Andrew Wiggins,203952,GSW,77778.0,1296,-55.0,2675,2675,501.0,532,336,5350,74.0,126.0,29.0,13.0,24.0,79.0,165.0,14.0,49.0,18.0,41.0,1.0,3.0,3.0,5.0,76.0,207.0,10.0,20.0,13.0,39.0,167.0,340,94.0,248.0,139.0,755.0,3038,17.0,44.0,11.0,23.0,23.0,90.0,24.0,52.0,16.0,44.0,40.0,136.0,184.0,150.0,246.0,36.0,,207.0,76.0,47.0,45.0,57.0,102.0,41.0,16.0,22.0,20.0,261.0,30.0,35.0,68.0,58.0,5.0,131.0,66.0,197,40.0,18.0,22.0,37.0,1.0,15.0,19.0,8.0,22.0,4.0,56.0,38.0,70.0,3.0,128.0,,5.0,179.0,14.0,76.0,11.0,11.0,27.0,4.0,33.0,132.0,490.0,8.0,0.5508982035928144,0.5859872611464968,0.8723404255319149,0.3790322580645161,0.4782608695652174,0.36363636363636365,0.3790322580645161,0.49117647058823527,0.38636363636363635,0.46153846153846156,0.5238095238095238,0.5,0.5,0.5676691729323309,0.5769230769230769,0.5619834710743802,0.4217687074829932,0.13823529411764707,0.18181818181818182,23.36357744653273,0.6607142857142857,0.06944444444444445,0.09250398724082935,0.053353658536585365,0.10542635658914729,0.04398826979472141,0.09905660377358491,0.04857997010463378,0.0377906976744186,0.02127659574468085,0.03917910447761194,0.06164383561643835,0.08280254777070063,0.08719346049046321,0.1262135922330097,0.10612244897959183,0.1032258064516129,0.21428571428571427,0.5873015873015873,0.6666666666666666,0.6891891891891891,0.28061224489795916,0.47878787878787876,0.5851851851851851,0.46835443037974683,0.08333333333333333,0.2857142857142857,0.2978723404255319,0.2857142857142857,0.06972789115646258,0.43902439024390244,0.46153846153846156,1.0,0.3520408163265306,0.3671497584541063,0.3671497584541063,0.8421052631578947,0.43283582089552236,0.04477611940298507,0.3333333333333333,1.0,0.29850746268656714,0.5,1.0,0.25,0.5416666666666666,0.052083333333333336,0.6,0.40625,0.3333333333333333,0.6360544217687075,0.3671497584541063,0.519478231292517,0.5651431818181819,0.5066557291666667,0.13302752293577982,0.1890547263681592,0.04365079365079365,0.11920529801324503,0.18013245033112582,6.678529411764705,25.781451612903215,0.18728971962616822,13.0,20.0,26.0,4.0,16.0,1.0,3.0,22.0,20.0,2.0,,7.0,0.11904761904761904,0.09174311926605505,0.0948905109489051,0.6060606060606061,0.4482758620689655,0.3076923076923077,2.0,1.0,1.0,0.008064516129032258,,3.0,7.0,,2.0,6.0,5.0,,0.04081632653061224,1.0,0.01282051282051282,False,0.04878048780487805,,,,1.0,
203937,1610612744,Kyle Anderson,Kyle Anderson,203937,GSW,32458.0,541,-70.0,1113,1114,223.0,274,155,2227,24.0,30.0,9.0,4.0,4.0,30.0,75.0,3.0,12.0,9.0,24.0,2.0,2.0,1.0,2.0,10.0,28.0,2.0,4.0,4.0,11.0,57.0,117,19.0,52.0,18.0,189.0,1234,11.0,22.0,4.0,6.0,2.0,36.0,8.0,15.0,5.0,13.0,8.0,39.0,62.0,52.0,54.0,3.0,3.0,25.0,10.0,7.0,43.0,38.0,81.0,28.0,10.0,25.0,15.0,200.0,18.0,8.0,37.0,34.0,12.0,83.0,27.0,110,26.0,9.0,17.0,10.0,6.0,5.0,10.0,,5.0,1.0,20.0,19.0,40.0,1.0,29.0,1.0,1.0,27.0,7.0,13.0,,4.0,19.0,4.0,20.0,38.0,218.0,3.0,0.543859649122807,0.5961538461538461,0.9473684210526315,0.36538461538461536,0.6666666666666666,0.38461538461538464,0.3877551020408163,0.48717948717948717,0.5,0.5333333333333333,0.5059171597633136,0.6071428571428571,0.5535714285714286,0.5279329608938548,0.6,0.5909090909090909,0.3076923076923077,0.05982905982905983,0.06666666666666667,15.402476780185758,0.5,0.3157894736842105,0.13026819923371646,0.02877697841726619,0.14566929133858267,0.06060606060606061,0.1378640776699029,0.04521739130434783,0.024844720496894408,,0.06896551724137931,0.03076923076923077,0.13846153846153847,0.1144578313253012,0.2,0.14814814814814814,0.13846153846153847,0.17751479289940827,0.8,0.8571428571428571,0.5833333333333334,0.4437869822485207,0.4,0.42857142857142855,0.5666666666666667,0.07100591715976332,0.25,0.25,,0.14201183431952663,0.375,0.375,1.0,0.16568047337278108,0.35714285714285715,0.35714285714285715,0.9,0.32142857142857145,0.07142857142857142,1.0,1.0,0.14285714285714285,0.5,1.0,0.14285714285714285,1.0,0.07142857142857142,0.5,0.39285714285714285,0.36363636363636365,0.48520710059171596,0.4,0.4908768072289156,0.45234666666666673,0.48025192307692305,0.07428571428571429,0.10569105691056911,,0.19047619047619047,0.20634920634920634,7.311111111111111,26.501923076923074,0.20035938903863432,7.0,10.0,,6.0,4.0,4.0,1.0,14.0,12.0,1.0,,4.0,0.06666666666666667,0.0547945205479452,,0.6,0.7777777777777778,0.14285714285714285,,2.0,1.0,,,3.0,,,,1.0,1.0,1.0,,1.0,0.03125,False,,1.0,,,,
1631218,1610612744,Trayce Jackson-Davis,Trayce Jackson-Davis,1631218,GSW,57382.0,956,-61.0,1963,1966,311.0,320,249,3929,139.0,205.0,55.0,20.0,29.0,32.0,88.0,,2.0,,2.0,,1.0,,1.0,,1.0,,,,1.0,171.0,295,,3.0,57.0,399.0,2248,29.0,66.0,,1.0,12.0,70.0,30.0,46.0,,2.0,6.0,66.0,274.0,68.0,,,,1.0,,43.0,42.0,60.0,102.0,44.0,16.0,21.0,14.0,264.0,40.0,78.0,91.0,88.0,8.0,187.0,119.0,306,23.0,18.0,5.0,17.0,8.0,9.0,27.0,1.0,8.0,1.0,44.0,44.0,73.0,14.0,73.0,,,98.0,16.0,56.0,,1.0,34.0,14.0,36.0,66.0,310.0,1.0,0.8011695906432749,0.9072847682119205,,,,,,0.5796610169491525,0.4393939393939394,0.6521739130434783,0.5738255033557047,0.43283582089552236,0.625,0.588495575221239,0.4666666666666667,0.6111111111111112,0.010067114093959731,0.14576271186440679,0.23863636363636365,16.91696113074205,0.38636363636363635,0.21621621621621623,0.19426048565121412,0.15918367346938775,0.19527896995708155,0.08064516129032258,0.19477693144722524,0.11967545638945233,0.10583941605839416,0.208955223880597,0.08184143222506395,0.0761904761904762,0.13740458015267176,0.21804511278195488,0.21428571428571427,0.20059880239520958,0.18181818181818182,0.6879194630872483,0.6780487804878049,0.7595628415300546,0.7913669064748201,0.2953020134228188,0.36363636363636365,0.47761194029850745,0.84375,0.006711409395973154,,,,0.006711409395973154,,,,0.003355704697986577,,,,0.8208955223880597,0.014925373134328358,,,,,,0.6041666666666666,0.6896551724137931,0.020833333333333332,,0.020833333333333332,,0.697986577181208,,0.5577946127946127,0.5800788461538462,0.54195,0.16568047337278108,0.16716417910447762,,0.17543859649122806,0.16541353383458646,3.187796610169491,24.566666666666666,0.15843097300050943,27.0,40.0,16.0,5.0,5.0,4.0,3.0,20.0,25.0,4.0,,2.0,0.1073170731707317,0.2348993288590604,0.19753086419753085,0.6944444444444444,0.4909090909090909,0.18518518518518517,,,,,,7.0,,,2.0,2.0,,1.0,,1.0,0.020833333333333332,False,,,,1.0,2.0,
1642366,1610612744,Quinten Post,Quinten Post,1642366,GSW,19677.0,328,-48.0,678,683,171.0,130,73,1361,12.0,28.0,9.0,3.0,5.0,11.0,16.0,2.0,4.0,5.0,15.0,,,1.0,4.0,30.0,71.0,1.0,5.0,7.0,14.0,25.0,48,35.0,86.0,14.0,169.0,827,7.0,13.0,1.0,5.0,6.0,23.0,6.0,8.0,8.0,18.0,5.0,41.0,42.0,8.0,105.0,,,71.0,30.0,6.0,17.0,23.0,40.0,19.0,4.0,8.0,7.0,103.0,11.0,9.0,23.0,33.0,2.0,58.0,20.0,78,9.0,6.0,3.0,6.0,3.0,3.0,10.0,1.0,3.0,,16.0,30.0,47.0,5.0,17.0,,1.0,17.0,3.0,9.0,,1.0,5.0,2.0,5.0,41.0,171.0,1.0,0.84,0.9545454545454546,1.0,0.4069767441860465,0.2,0.4444444444444444,0.4069767441860465,0.5208333333333334,0.5384615384615384,0.75,0.5783582089552238,0.4722222222222222,0.6923076923076923,0.599290780141844,0.5476190476190477,0.7068965517241379,0.6417910447761194,0.125,0.125,20.657894736842106,0.375,0.10526315789473684,0.22,0.07142857142857142,0.1678832116788321,0.05238095238095238,0.1951219512195122,0.05952380952380952,0.03333333333333333,0.06666666666666667,0.054878048780487805,0.043478260869565216,0.2903225806451613,0.20618556701030927,0.18181818181818182,0.1509433962264151,0.22580645161290322,0.208955223880597,0.42857142857142855,0.5,0.75,0.11940298507462686,0.6875,0.7857142857142857,0.9090909090909091,0.029850746268656716,0.5,0.5,1.0,0.11194029850746269,0.3333333333333333,0.3333333333333333,1.0,0.5298507462686567,0.4225352112676056,0.42857142857142855,1.0,0.5,,,,0.2777777777777778,0.2,1.0,0.19230769230769232,0.6,0.15384615384615385,0.25,0.5384615384615384,0.5,0.8507462686567164,0.4225352112676056,0.5349037313432834,0.5602291666666667,0.5247403846153846,0.06428571428571428,0.16666666666666666,,0.13609467455621302,0.24260355029585798,4.760416666666668,25.85465116279069,0.252212389380531,4.0,6.0,4.0,2.0,2.0,2.0,4.0,3.0,4.0,,,3.0,0.14285714285714285,0.11764705882352941,0.06153846153846154,0.8,0.4444444444444444,0.25,1.0,1.0,,0.011627906976744186,0.014084507042253521,2.0,,,,,,1.0,,,,False,,,,,,
1641736,1610612744,Reece Beekman,Reece Beekman,1641736,GSW,245.0,4,,8,9,2.0,9,1,17,1.0,1.0,,1.0,1.0,,,,,,,,,,,,,,,,,1.0,1,,,,2.0,12,,,,,,,1.0,1.0,,,,2.0,2.0,,,,,,,,1.0,,1.0,,,1.0,,2.0,1.0,,,,,,1.0,1,1.0,1.0,,,,,,,,,,1.0,1.0,,,,,,,,,,,,,2.0,2.0,,1.0,1.0,,,,,,1.0,,1.0,1.0,,1.0,1.0,,1.0,,,,10.0,,,,,,0.5,,0.3333333333333333,,,0.5,,,,,,,1.0,1.0,1.0,1.0,,,,,,,,,,,,,,,,,,,,,,,,1.0,1.0,,,,,1.0,,0.4934,,0.4934,,,,,1.0,3.3,,0.25,,,,,,,,,,,,,,,,,,,,,,,,,,,,,,,,,,False,,,,,,
1630296,1610612744,Braxton Key,Braxton Key,1630296,GSW,649.0,11,-8.0,29,29,19.0,9,5,58,,1.0,,,1.0,,2.0,,,,,,,,,,1.0,,,,,,3,,1.0,3.0,3.0,35,,,,,1.0,1.0,,2.0,,,2.0,2.0,,,,,,1.0,,1.0,,,,,,,,,,,,1.0,,1.0,1.0,2,2.0,2.0,,,1.0,,1.0,,,,1.0,,,,3.0,,,6.0,,3.0,,,,,,2.0,19.0,,,,,,,,,,,,,,,0.21428571428571427,0.5,0.25,0.25,0.3333333333333333,,22.857142857142858,,,0.3333333333333333,,,,0.16666666666666666,,,,,,,0.3333333333333333,,,,0.25,,,,0.5,,,,,,,,,,,,0.25,,,,,,,,,,,0.5,,,,,,0.5,,0.4927875,,0.4746,0.42857142857142855,0.5,,0.3333333333333333,0.6666666666666666,6.8999999999999995,25.1,0.6551724137931034,,,,,1.0,,,,,,,,1.0,,,,,,,,,,,,,,,,,,,1.0,0.3333333333333333,False,,,,,,
1641879,1610612744,Yuri Collins,Yuri Collins,1641879,GSW,978.0,16,-5.0,35,35,,27,6,70,,,,,,,2.0,1.0,1.0,,,,,,,,,,,,,1.0,3,,,,2.0,39,,,,,,,,,,,,,,2.0,,,,,,,3.0,1.0,4.0,,1.0,1.0,2.0,9.0,2.0,,,1.0,,1.0,2.0,3,2.0,2.0,,,,,,,,,,3.0,5.0,,1.0,,,,,,,,,,,,,,,,,,,,,0.3333333333333333,,,0.3333333333333333,,,0.3333333333333333,,,,,,6.976744186046512,,,0.16666666666666666,,,0.13333333333333333,0.07692307692307693,0.08695652173913043,,,0.18181818181818182,,,0.25,,,,,,,,0.6666666666666666,,,,0.3333333333333333,1.0,1.0,,,,,,,,,,,,,,,,,,,,,,,,,0.42513333333333336,,,,,,,,14.066666666666668,,,,,,,,,,,,,,,,,,,,,,,,,,,,,,,,,,,,False,,,,,,
