EntityId,TeamId,Name,ShortName,RowId,TeamAbbreviation,SecondsPlayed,Minutes,PlusMinus,OffPoss,DefPoss,PenaltyOffPoss,PenaltyDefPoss,SecondChanceOffPoss,TotalPoss,AtRimFGM,AtRimFGA,SecondChanceAtRimFGM,SecondChanceAtRimFGA,PenaltyAtRimFGM,PenaltyAtRimFGA,ShortMidRangeFGM,ShortMidRangeFGA,LongMidRangeFGM,LongMidRangeFGA,Corner3FGM,Corner3FGA,PenaltyCorner3FGM,PenaltyCorner3FGA,Arc3FGM,Arc3FGA,SecondChanceArc3FGM,SecondChanceArc3FGA,PenaltyArc3FGM,PenaltyArc3FGA,FG2M,FG2A,FG3M,FG3A,FtPoints,Points,OpponentPoints,SecondChanceFG2M,SecondChanceFG2A,SecondChanceFG3M,SecondChanceFG3A,SecondChancePoints,PenaltyFG2M,PenaltyFG2A,PenaltyFG3M,PenaltyFG3A,PenaltyFtPoints,PenaltyPoints,PtsAssisted2s,PtsUnassisted2s,PtsAssisted3s,PtsUnassisted3s,HeaveAttempts,NonHeaveArc3FGA,NonHeaveArc3FGM,Fg2aBlocked,TwoPtAssists,ThreePtAssists,Assists,Arc3Assists,Corner3Assists,AtRimAssists,ShortMidRangeAssists,LongMidRangeAssists,AssistPoints,OffThreePtRebounds,OffTwoPtRebounds,DefThreePtRebounds,DefTwoPtRebounds,FTDefRebounds,DefRebounds,OffRebounds,Rebounds,SelfOReb,Steals,BadPassSteals,LostBallSteals,LiveBallTurnovers,BadPassOutOfBoundsTurnovers,BadPassTurnovers,DeadBallTurnovers,LostBallOutOfBoundsTurnovers,LostBallTurnovers,StepOutOfBoundsTurnovers,Travels,Turnovers,PenaltyTurnovers,ShootingFouls,Fouls,Offensive Fouls,FoulsDrawn,Offensive Fouls Drawn,FTA,2pt And 1 Free Throw Trips,TwoPtShootingFoulsDrawn,NonShootingFoulsDrawn,Blocked2s,BlockedAtRim,BlockedShortMidRange,Blocks,RecoveredBlocks,Defensive 3 Seconds Violations,PenaltyPointsExcludingTakeFouls,PenaltyOffPossExcludingTakeFouls,NonShootingPenaltyNonTakeFouls,NonShootingPenaltyNonTakeFoulsDrawn,Assisted2sPct,NonPutbacksAssisted2sPct,Assisted3sPct,Fg3Pct,SecondChanceFg3Pct,PenaltyFg3Pct,NonHeaveFg3Pct,Fg2Pct,SecondChanceFg2Pct,PenaltyFg2Pct,EfgPct,SecondChanceEfgPct,PenaltyEfgPct,TsPct,SecondChanceTsPct,PenaltyTsPct,FG3APct,FG2APctBlocked,AtRimPctBlocked,ShortMidRangePctBlocked,Usage,LiveBallTurnoverPct,DefFTReboundPct,DefTwoPtReboundPct,OffTwoPtReboundPct,DefThreePtReboundPct,OffThreePtReboundPct,DefFGReboundPct,OffFGReboundPct,OffShortMidRangeReboundPct,OffArc3ReboundPct,OffCorner3ReboundPct,DefAtRimReboundPct,DefShortMidRangeReboundPct,DefLongMidRangeReboundPct,DefArc3ReboundPct,DefCorner3ReboundPct,SelfORebPct,BlocksRecoveredPct,AtRimFrequency,AtRimAccuracy,UnblockedAtRimAccuracy,AtRimPctAssisted,ShortMidRangeFrequency,ShortMidRangeAccuracy,UnblockedShortMidRangeAccuracy,ShortMidRangePctAssisted,LongMidRangeFrequency,LongMidRangeAccuracy,UnblockedLongMidRangeAccuracy,LongMidRangePctAssisted,Corner3Frequency,Corner3Accuracy,UnblockedCorner3Accuracy,Corner3PctAssisted,Arc3Frequency,Arc3Accuracy,UnblockedArc3Accuracy,Arc3PctAssisted,SecondChanceAtRimFrequency,SecondChanceAtRimAccuracy,SecondChanceAtRimPctAssisted,SecondChanceArc3Frequency,SecondChanceArc3Accuracy,SecondChanceArc3PctAssisted,PenaltyAtRimFrequency,PenaltyAtRimAccuracy,PenaltyCorner3Frequency,PenaltyCorner3Accuracy,PenaltyArc3Frequency,PenaltyArc3Accuracy,AtRimFG3AFrequency,NonHeaveArc3Accuracy,ShotQualityAvg,SecondChanceShotQualityAvg,PenaltyShotQualityAvg,ShootingFoulsDrawnPct,TwoPtShootingFoulsDrawnPct,SecondChancePointsPct,PenaltyPointsPct,Avg2ptShotDistance,Avg3ptShotDistance,PenaltyOffPossPct,SecondChanceCorner3FGM,SecondChanceCorner3FGA,SecondChanceFtPoints,PtsPutbacks,FTOffRebounds,Loose Ball Fouls,Transition Take Fouls,Charge Fouls Drawn,Loose Ball Fouls Drawn,DefensiveGoaltends,OffFTReboundPct,OffAtRimReboundPct,OffLongMidRangeReboundPct,SecondChanceCorner3Frequency,SecondChanceCorner3Accuracy,SecondChanceCorner3PctAssisted,SecondChanceTurnovers,Charge Fouls,Transition Take Fouls Drawn,Technical Free Throw Trips,ThreePtShootingFoulsDrawn,Blocked3s,BlockedArc3,BlockedCorner3,BlockedLongMidRange,3SecondViolations,LongMidRangePctBlocked,ThreePtShootingFoulsDrawnPct,Fg3aBlocked,3pt And 1 Free Throw Trips,FG3APctBlocked,Arc3PctBlocked,on,Clear Path Fouls,Corner3PctBlocked,OffensiveGoaltends
1626156,1610612747,D'Angelo Russell,D'Angelo Russell,1626156,LAL,30380.0,506.0,49.0,1032.0,1032.0,343.0,179.0,112.0,2064.0,19.0,36.0,1.0,2.0,8.0,10.0,16.0,36.0,6.0,16.0,3.0,9.0,3.0,6.0,27.0,78.0,9.0,12.0,10.0,29.0,41.0,88.0,30.0,87.0,32.0,204.0,1165.0,2.0,4.0,9.0,12.0,31.0,13.0,21.0,13.0,35.0,14.0,79.0,32.0,50.0,60.0,30.0,1.0,77.0,27.0,5.0,61.0,26.0,87.0,21.0,5.0,41.0,13.0,7.0,200.0,3.0,2.0,20.0,24.0,1.0,45.0,5.0,50.0,3.0,12.0,10.0,2.0,18.0,4.0,12.0,14.0,1.0,6.0,1.0,1.0,32.0,12.0,16.0,36.0,6.0,34.0,5.0,36.0,2.0,15.0,4.0,3.0,1.0,2.0,3.0,1.0,1.0,77.0,337.0,1.0,3.0,0.3902439024390244,0.3902439024390244,0.6666666666666666,0.3448275862068966,0.75,0.3714285714285714,0.3488372093023256,0.4659090909090909,0.5,0.6190476190476191,0.4914285714285714,0.96875,0.5803571428571429,0.53125,0.96875,0.6171875,0.4971428571428571,0.0568181818181818,0.1111111111111111,0.0277777777777777,19.27710843373494,0.5625,0.0769230769230769,0.0926640926640926,0.0079365079365079,0.0784313725490196,0.0153846153846153,0.0856031128404669,0.0111856823266219,0.0166666666666666,0.0123456790123456,0.0303030303030303,0.1030927835051546,0.0725806451612903,0.131578947368421,0.0684210526315789,0.1076923076923077,0.0309278350515463,0.3333333333333333,0.2057142857142857,0.5277777777777778,0.59375,0.5263157894736842,0.2057142857142857,0.4444444444444444,0.4571428571428571,0.25,0.0914285714285714,0.375,0.375,0.3333333333333333,0.0514285714285714,0.3333333333333333,0.3333333333333333,1.0,0.4457142857142857,0.3461538461538461,0.3461538461538461,0.6296296296296297,0.125,0.5,1.0,0.75,0.75,0.6666666666666666,0.1785714285714285,0.8,0.1071428571428571,0.5,0.5178571428571429,0.3448275862068966,0.7028571428571428,0.3506493506493506,0.5345109195402299,0.5676999999999999,0.53389,0.0797872340425532,0.1485148514851485,0.1519607843137254,0.3872549019607843,7.720454545454544,26.36436781609196,0.3323643410852713,,,,,,,,,,,,,,,,,,,,,,,,,,,,,,,,,True,,,
1629060,1610612747,Rui Hachimura,Rui Hachimura,1629060,LAL,54376.0,906.0,-17.0,1838.0,1844.0,362.0,279.0,173.0,3682.0,68.0,102.0,7.0,21.0,9.0,14.0,17.0,49.0,8.0,16.0,19.0,43.0,2.0,5.0,21.0,51.0,1.0,6.0,3.0,5.0,93.0,167.0,40.0,94.0,38.0,344.0,2087.0,9.0,27.0,5.0,13.0,40.0,11.0,21.0,5.0,10.0,4.0,41.0,162.0,24.0,117.0,3.0,,51.0,21.0,23.0,18.0,14.0,32.0,9.0,5.0,14.0,2.0,2.0,78.0,18.0,22.0,63.0,36.0,12.0,111.0,42.0,153.0,9.0,25.0,18.0,7.0,16.0,3.0,10.0,10.0,1.0,6.0,2.0,1.0,26.0,8.0,24.0,57.0,3.0,41.0,2.0,51.0,7.0,28.0,1.0,15.0,11.0,4.0,15.0,13.0,,41.0,356.0,3.0,1.0,0.8709677419354839,0.9204545454545454,0.975,0.425531914893617,0.3846153846153846,0.5,0.425531914893617,0.5568862275449101,0.3333333333333333,0.5238095238095238,0.5862068965517241,0.4125,0.5967741935483871,0.607773851590106,0.4545454545454545,0.6029411764705882,0.3601532567049808,0.1377245508982036,0.088235294117647,0.2857142857142857,15.11002444987775,0.6153846153846154,0.4285714285714285,0.0794701986754966,0.0464135021097046,0.1366594360086767,0.0520231213872832,0.1083150984682713,0.048780487804878,0.0539419087136929,0.0534351145038167,0.0476190476190476,0.0723684210526315,0.0843881856540084,0.078125,0.1294117647058823,0.1570247933884297,0.0857142857142857,0.8666666666666667,0.3908045977011494,0.6666666666666666,0.7311827956989247,0.8529411764705882,0.1877394636015325,0.3469387755102041,0.4857142857142857,0.9411764705882352,0.0613026819923371,0.5,0.5,0.875,0.1647509578544061,0.4418604651162791,0.4418604651162791,0.9473684210526316,0.1954022988505747,0.4117647058823529,0.4117647058823529,1.0,0.525,0.3333333333333333,0.1428571428571428,0.15,0.1666666666666666,1.0,0.4516129032258064,0.6428571428571429,0.1612903225806451,0.4,0.1612903225806451,0.6,0.7509578544061303,0.4117647058823529,0.5705649425287357,0.5501119047619047,0.5979290322580645,0.0992907801418439,0.1489361702127659,0.1162790697674418,0.1191860465116279,4.632934131736527,24.630851063829795,0.1969532100108814,4.0,7.0,7.0,10.0,2.0,9.0,2.0,1.0,1.0,2.0,0.0434782608695652,0.0583941605839416,0.0104166666666666,0.175,0.5714285714285714,1.0,,,,,,,,,,,,,,,,,True,,,
1629216,1610612747,Gabe Vincent,Gabe Vincent,1629216,LAL,25755.0,429.0,7.0,856.0,863.0,245.0,174.0,91.0,1719.0,9.0,13.0,1.0,1.0,3.0,5.0,5.0,14.0,4.0,6.0,6.0,14.0,4.0,4.0,13.0,39.0,2.0,5.0,5.0,12.0,18.0,33.0,19.0,53.0,1.0,94.0,975.0,1.0,1.0,4.0,8.0,14.0,3.0,7.0,9.0,16.0,,33.0,26.0,10.0,48.0,9.0,,39.0,13.0,2.0,20.0,7.0,27.0,3.0,4.0,9.0,9.0,2.0,61.0,1.0,7.0,11.0,9.0,,20.0,8.0,28.0,3.0,16.0,9.0,7.0,5.0,4.0,5.0,7.0,1.0,,,,12.0,5.0,27.0,49.0,2.0,14.0,3.0,2.0,,1.0,,5.0,2.0,3.0,5.0,2.0,,33.0,244.0,4.0,,0.7222222222222222,0.7647058823529411,0.8421052631578947,0.3584905660377358,0.5,0.5625,0.3584905660377358,0.5454545454545454,1.0,0.4285714285714285,0.5406976744186046,0.7777777777777778,0.717391304347826,0.5402298850574713,0.7777777777777778,0.717391304347826,0.6162790697674418,0.0606060606060606,,0.1428571428571428,10.291060291060292,0.4166666666666667,,0.0459183673469387,0.0304347826086956,0.0536585365853658,0.0064516129032258,0.0498753117206982,0.0207792207792207,0.0245901639344262,0.008,,0.0793650793650793,0.02803738317757,0.0384615384615384,0.0440251572327044,0.0869565217391304,0.0652173913043478,0.4,0.1511627906976744,0.6923076923076923,0.6923076923076923,0.8888888888888888,0.1627906976744186,0.3571428571428571,0.4166666666666667,0.8,0.0697674418604651,0.6666666666666666,0.6666666666666666,0.25,0.1627906976744186,0.4285714285714285,0.4285714285714285,1.0,0.4534883720930232,0.3333333333333333,0.3333333333333333,0.7692307692307693,0.1111111111111111,1.0,,0.5555555555555556,0.4,1.0,0.217391304347826,0.6,0.1739130434782608,1.0,0.5217391304347826,0.4166666666666667,0.7674418604651163,0.3333333333333333,0.5373453488372093,0.5517624999999999,0.5540869565217391,0.0114942528735632,0.0294117647058823,0.1489361702127659,0.351063829787234,7.842424242424243,25.76603773584906,0.286214953271028,2.0,3.0,,2.0,,2.0,,2.0,1.0,,,0.0163934426229508,0.0638297872340425,0.3333333333333333,0.6666666666666666,1.0,1.0,,,,,,,,,,,,,,,,True,,,
1629629,1610612747,Cam Reddish,Cam Reddish,1629629,LAL,18881.0,315.0,-42.0,633.0,652.0,199.0,104.0,56.0,1285.0,11.0,14.0,1.0,1.0,5.0,8.0,1.0,4.0,,,5.0,12.0,2.0,3.0,4.0,10.0,,2.0,2.0,4.0,12.0,18.0,9.0,22.0,6.0,57.0,786.0,2.0,2.0,,4.0,4.0,5.0,9.0,4.0,7.0,2.0,24.0,12.0,12.0,27.0,,,10.0,4.0,2.0,4.0,3.0,7.0,1.0,2.0,4.0,,,17.0,1.0,5.0,12.0,15.0,1.0,28.0,7.0,35.0,,16.0,6.0,10.0,3.0,,2.0,2.0,,1.0,,,5.0,1.0,17.0,27.0,1.0,9.0,,11.0,1.0,5.0,1.0,8.0,2.0,6.0,8.0,3.0,,22.0,198.0,,,0.5,0.6,1.0,0.4090909090909091,,0.5714285714285714,0.4090909090909091,0.6666666666666666,1.0,0.5555555555555556,0.6375,0.3333333333333333,0.6875,0.6333333333333333,0.3333333333333333,0.6666666666666666,0.55,0.1111111111111111,0.0714285714285714,0.25,7.225433526011561,0.6,0.0769230769230769,0.0955414012738853,0.0326797385620915,0.0764331210191082,0.0091743119266055,0.0859872611464968,0.0229007633587786,0.0266666666666666,0.0121951219512195,,0.1052631578947368,0.1012658227848101,0.0476190476190476,0.0757575757575757,0.08,,0.375,0.35,0.7857142857142857,0.8461538461538461,0.5454545454545454,0.1,0.25,0.3333333333333333,,,,,,0.3,0.4166666666666667,0.4166666666666667,1.0,0.25,0.4,0.4,1.0,0.1666666666666666,1.0,,0.3333333333333333,,,0.5,0.625,0.1875,0.6666666666666666,0.25,0.5,0.9,0.4,0.5988475,0.51055,0.6012843750000001,0.1136363636363636,0.2272727272727272,0.0701754385964912,0.4210526315789473,2.9722222222222223,24.213636363636365,0.3143759873617693,,2.0,,4.0,1.0,,,,1.0,,0.05,0.0238095238095238,0.0555555555555555,0.3333333333333333,,,,1.0,,,,,,,,,,,,,,,True,,,
203076,1610612747,Anthony Davis,Anthony Davis,203076,LAL,86373.0,1440.0,21.0,2905.0,2912.0,738.0,520.0,285.0,5817.0,204.0,279.0,54.0,85.0,53.0,77.0,114.0,260.0,54.0,125.0,,10.0,,3.0,28.0,84.0,,5.0,9.0,24.0,372.0,664.0,28.0,94.0,253.0,1081.0,3343.0,63.0,109.0,,5.0,153.0,96.0,158.0,9.0,27.0,98.0,317.0,444.0,300.0,81.0,3.0,,84.0,28.0,34.0,84.0,57.0,141.0,43.0,14.0,53.0,21.0,10.0,339.0,39.0,79.0,172.0,194.0,14.0,380.0,119.0,499.0,15.0,54.0,38.0,16.0,56.0,11.0,27.0,37.0,12.0,29.0,1.0,2.0,93.0,25.0,48.0,82.0,8.0,235.0,3.0,320.0,38.0,139.0,38.0,85.0,31.0,52.0,90.0,61.0,,310.0,728.0,3.0,29.0,0.5967741935483871,0.683076923076923,0.9642857142857144,0.2978723404255319,,0.3333333333333333,0.2978723404255319,0.5602409638554217,0.5779816513761468,0.6075949367088608,0.5461741424802111,0.5526315789473685,0.5918918918918918,0.6018930957683741,0.583969465648855,0.6443089430894309,0.1240105540897097,0.0512048192771084,0.046594982078853,0.0692307692307692,30.53152039555006,0.6021505376344086,0.2592592592592592,0.2763532763532763,0.1136690647482014,0.2415730337078651,0.0687830687830687,0.2588401697312588,0.0935023771790808,0.1130434782608695,0.0751708428246013,0.046875,0.2627118644067797,0.2861035422343324,0.2727272727272727,0.2388888888888889,0.25,0.0471698113207547,0.6777777777777778,0.3680738786279683,0.7311827956989247,0.7669172932330827,0.5931372549019608,0.3430079155672823,0.4384615384615384,0.4710743801652892,0.6052631578947368,0.1649076517150395,0.432,0.4426229508196721,0.5925925925925926,0.0131926121372031,,,,0.1108179419525065,0.3333333333333333,0.3333333333333333,0.9642857142857144,0.7456140350877193,0.6352941176470588,0.0555555555555555,0.043859649122807,,,0.4162162162162162,0.6883116883116883,0.0162162162162162,,0.1297297297297297,0.375,0.4920844327176781,0.3333333333333333,0.5228928759894458,0.5717192771084337,0.5344705405405407,0.1627906976744186,0.1816993464052287,0.1415356151711378,0.2932469935245143,7.225451807228914,25.95851063829787,0.2540447504302926,,,27.0,94.0,1.0,12.0,,2.0,14.0,1.0,0.0135135135135135,0.1625615763546798,0.0476190476190476,,,,8.0,,1.0,2.0,1.0,5.0,3.0,2.0,2.0,1.0,0.024,0.0105263157894736,,,,,True,,,
1630559,1610612747,Austin Reaves,Austin Reaves,1630559,LAL,62243.0,1037.0,47.0,2118.0,2110.0,502.0,327.0,204.0,4228.0,40.0,61.0,4.0,9.0,7.0,14.0,50.0,106.0,6.0,19.0,12.0,26.0,2.0,6.0,58.0,163.0,6.0,10.0,9.0,45.0,96.0,186.0,70.0,189.0,92.0,494.0,2425.0,6.0,12.0,8.0,12.0,42.0,21.0,42.0,11.0,51.0,38.0,113.0,92.0,100.0,168.0,42.0,3.0,160.0,58.0,15.0,122.0,63.0,185.0,39.0,24.0,77.0,31.0,14.0,433.0,12.0,14.0,57.0,42.0,1.0,100.0,27.0,127.0,10.0,31.0,22.0,9.0,61.0,4.0,42.0,12.0,3.0,19.0,,2.0,73.0,14.0,34.0,61.0,2.0,110.0,7.0,110.0,15.0,44.0,14.0,5.0,1.0,4.0,5.0,1.0,,111.0,492.0,6.0,13.0,0.4791666666666667,0.4946236559139785,0.8,0.3703703703703703,0.6666666666666666,0.2156862745098039,0.3763440860215054,0.5161290322580645,0.5,0.5,0.536,0.75,0.4032258064516129,0.5857142857142857,0.7592592592592593,0.495575221238938,0.504,0.0806451612903225,0.0327868852459016,0.1132075471698113,20.98765432098765,0.8356164383561644,0.0256410256410256,0.0841683366733467,0.0283975659229208,0.1091954022988505,0.0287081339712918,0.0969637610186092,0.0285400658616904,0.0460251046025104,0.02803738317757,0.0309278350515463,0.050314465408805,0.0694980694980695,0.1975308641975308,0.0946291560102301,0.1526717557251908,0.053763440860215,0.2,0.1626666666666666,0.6557377049180327,0.6779661016949152,0.55,0.2826666666666667,0.4716981132075472,0.5319148936170213,0.42,0.0506666666666666,0.3157894736842105,0.3333333333333333,0.5,0.0693333333333333,0.4615384615384615,0.4615384615384615,1.0,0.4346666666666666,0.3558282208588957,0.3602484472049689,0.7586206896551724,0.375,0.4444444444444444,0.25,0.4166666666666667,0.6,1.0,0.1505376344086021,0.5,0.064516129032258,0.3333333333333333,0.4838709677419355,0.2,0.6666666666666666,0.3625,0.5174909946236557,0.5432583333333333,0.5047305555555557,0.1157635467980295,0.2046511627906976,0.0850202429149797,0.228744939271255,7.204301075268816,27.005820105820103,0.2370160528800755,2.0,2.0,6.0,6.0,1.0,5.0,,7.0,3.0,,0.0185185185185185,0.0194805194805194,,0.0833333333333333,1.0,1.0,2.0,,,2.0,3.0,,,,,,0.0526315789473684,0.0157068062827225,2.0,1.0,0.0105820105820105,0.0122699386503067,True,,,
1631108,1610612747,Max Christie,Max Christie,1631108,LAL,48081.0,801.0,39.0,1599.0,1616.0,400.0,304.0,163.0,3215.0,30.0,34.0,2.0,2.0,8.0,9.0,9.0,28.0,,7.0,21.0,48.0,4.0,6.0,16.0,47.0,1.0,5.0,5.0,12.0,39.0,69.0,37.0,95.0,51.0,240.0,1811.0,2.0,6.0,1.0,6.0,12.0,12.0,17.0,9.0,18.0,23.0,74.0,54.0,24.0,108.0,3.0,1.0,46.0,16.0,9.0,21.0,19.0,40.0,13.0,6.0,15.0,5.0,1.0,99.0,12.0,9.0,31.0,31.0,1.0,63.0,21.0,84.0,2.0,25.0,20.0,5.0,21.0,1.0,11.0,7.0,1.0,10.0,1.0,,28.0,7.0,35.0,56.0,3.0,38.0,1.0,59.0,8.0,29.0,4.0,15.0,6.0,8.0,17.0,11.0,,74.0,397.0,4.0,4.0,0.6923076923076923,0.7105263157894737,0.972972972972973,0.3894736842105263,0.1666666666666666,0.5,0.3936170212765957,0.5652173913043478,0.3333333333333333,0.7058823529411765,0.5762195121951219,0.2916666666666667,0.7285714285714285,0.6349206349206349,0.4285714285714285,0.7872340425531915,0.5792682926829268,0.1304347826086956,0.0294117647058823,0.2857142857142857,12.102621305075292,0.75,0.0333333333333333,0.0780856423173803,0.0230179028132992,0.0796915167095115,0.0375,0.0788804071246819,0.0295358649789029,0.0049019607843137,0.0456431535269709,0.0126582278481012,0.0743801652892562,0.0786026200873362,0.0851063829787234,0.0716723549488054,0.1041666666666666,0.0266666666666666,0.6470588235294118,0.2073170731707317,0.8823529411764706,0.9090909090909092,0.7666666666666667,0.1707317073170731,0.3214285714285714,0.45,0.4444444444444444,0.0426829268292682,,,,0.2926829268292683,0.4375,0.4375,0.9523809523809524,0.2865853658536585,0.3404255319148936,0.3478260869565217,1.0,0.1666666666666666,1.0,,0.4166666666666667,0.2,1.0,0.2571428571428571,0.8888888888888888,0.1714285714285714,0.6666666666666666,0.3428571428571428,0.4166666666666667,0.7865853658536586,0.3478260869565217,0.5641234567901234,0.54776,0.5622818181818181,0.1621621621621621,0.3222222222222222,0.05,0.3083333333333333,5.650724637681161,25.115789473684217,0.2501563477173233,,1.0,5.0,2.0,,2.0,,,2.0,,,0.0297029702970297,0.0581395348837209,0.0833333333333333,,,2.0,,,,1.0,2.0,1.0,1.0,1.0,,,0.0105263157894736,1.0,1.0,0.0105263157894736,0.0212765957446808,True,,,
1642261,1610612747,Dalton Knecht,Dalton Knecht,1642261,LAL,32478.0,541.0,1.0,1068.0,1063.0,240.0,185.0,104.0,2131.0,33.0,43.0,3.0,5.0,4.0,7.0,9.0,24.0,4.0,9.0,16.0,34.0,,2.0,15.0,71.0,1.0,3.0,3.0,16.0,46.0,76.0,31.0,105.0,15.0,200.0,1257.0,5.0,9.0,4.0,7.0,22.0,5.0,14.0,3.0,18.0,5.0,24.0,70.0,22.0,93.0,,1.0,70.0,15.0,11.0,17.0,11.0,28.0,6.0,5.0,11.0,4.0,2.0,67.0,7.0,4.0,31.0,27.0,8.0,66.0,11.0,77.0,3.0,12.0,8.0,4.0,7.0,2.0,6.0,5.0,,1.0,,,12.0,6.0,18.0,33.0,2.0,15.0,1.0,20.0,,6.0,2.0,1.0,1.0,,1.0,,,24.0,236.0,1.0,2.0,0.7608695652173914,0.7954545454545454,1.0,0.2952380952380952,0.5714285714285714,0.1666666666666666,0.2980769230769231,0.6052631578947368,0.5555555555555556,0.3571428571428571,0.511049723756906,0.6875,0.296875,0.5236842105263158,0.6875,0.3428571428571428,0.580110497237569,0.1447368421052631,0.0930232558139534,0.2916666666666667,17.017691659646168,0.5833333333333334,0.3478260869565217,0.1042471042471042,0.0164609053497942,0.1152416356877323,0.0333333333333333,0.1098484848484848,0.0242825607064017,0.0080645161290322,0.0242424242424242,0.0666666666666666,0.1058823529411764,0.1185185185185185,0.0512820512820512,0.1207729468599033,0.0967741935483871,0.0333333333333333,,0.2375690607734806,0.7674418604651163,0.8461538461538461,0.8484848484848485,0.1325966850828729,0.375,0.5294117647058824,0.5555555555555556,0.0497237569060773,0.4444444444444444,0.4444444444444444,0.5,0.1878453038674033,0.4705882352941176,0.4705882352941176,1.0,0.3922651933701657,0.2112676056338028,0.2112676056338028,1.0,0.3125,0.6,0.3333333333333333,0.1875,0.3333333333333333,1.0,0.21875,0.5714285714285714,0.0625,,0.5,0.1875,0.8176795580110497,0.2142857142857142,0.5593052777777777,0.5347681818181819,0.5378887096774193,0.0372340425531914,0.073170731707317,0.11,0.12,5.3513157894736825,25.477142857142866,0.2247191011235955,3.0,4.0,,4.0,,1.0,,,1.0,,,0.0454545454545454,,0.25,0.75,1.0,,1.0,,1.0,1.0,,,,,,,0.0094339622641509,,,,,True,,,
2544,1610612747,LeBron James,LeBron James,2544,LAL,54247.0,904.0,-17.0,1850.0,1839.0,467.0,358.0,168.0,3689.0,105.0,139.0,11.0,13.0,23.0,28.0,45.0,90.0,20.0,55.0,3.0,9.0,1.0,2.0,48.0,131.0,2.0,7.0,7.0,29.0,170.0,284.0,51.0,140.0,66.0,559.0,2148.0,16.0,22.0,2.0,8.0,45.0,38.0,56.0,8.0,31.0,25.0,125.0,140.0,200.0,102.0,51.0,1.0,130.0,48.0,14.0,173.0,71.0,244.0,45.0,26.0,110.0,51.0,12.0,559.0,6.0,9.0,76.0,74.0,7.0,157.0,15.0,172.0,4.0,24.0,20.0,4.0,59.0,24.0,42.0,39.0,3.0,17.0,,2.0,98.0,21.0,9.0,40.0,5.0,87.0,,97.0,13.0,43.0,12.0,15.0,9.0,5.0,15.0,12.0,,122.0,458.0,3.0,10.0,0.4117647058823529,0.4242424242424242,0.6666666666666666,0.3642857142857142,0.25,0.2580645161290322,0.3669064748201439,0.5985915492957746,0.7272727272727273,0.6785714285714286,0.5813679245283019,0.6333333333333333,0.5747126436781609,0.5997854077253219,0.6617647058823529,0.6009615384615384,0.330188679245283,0.0492957746478873,0.0647482014388489,0.0555555555555555,27.6064610866373,0.6020408163265306,0.21875,0.1733021077283372,0.0227848101265822,0.1735159817351598,0.0155440414507772,0.1734104046242774,0.0192061459667093,0.0274725274725274,0.0100334448160535,0.0344827586206896,0.1699346405228758,0.1784037558685446,0.1639344262295081,0.180722891566265,0.1509433962264151,0.0212765957446808,0.8,0.3278301886792453,0.7553956834532374,0.8076923076923077,0.4571428571428571,0.2122641509433962,0.5,0.5294117647058824,0.3777777777777777,0.1297169811320754,0.3636363636363636,0.3636363636363636,0.25,0.0212264150943396,0.3333333333333333,0.3333333333333333,1.0,0.3089622641509434,0.366412213740458,0.3692307692307692,0.6458333333333334,0.4333333333333333,0.8461538461538461,0.4545454545454545,0.2333333333333333,0.2857142857142857,0.5,0.3218390804597701,0.8214285714285714,0.0229885057471264,0.5,0.3333333333333333,0.2413793103448276,0.6580188679245284,0.3692307692307692,0.5351605200945627,0.5397964285714286,0.5238697674418604,0.0947136563876652,0.1369426751592356,0.0805008944543828,0.2236135957066189,7.071830985915493,26.847857142857148,0.2524324324324324,,1.0,7.0,10.0,,4.0,,2.0,4.0,1.0,,0.0234375,0.0117647058823529,0.0333333333333333,,,3.0,1.0,,,,,,,1.0,,,,1.0,,0.0071428571428571,0.0076335877862595,True,,,
1629637,1610612747,Jaxson Hayes,Jaxson Hayes,1629637,LAL,4181.0,70.0,-13.0,135.0,137.0,39.0,40.0,15.0,272.0,9.0,9.0,3.0,3.0,4.0,4.0,2.0,2.0,,,,1.0,,1.0,,,,,,,11.0,11.0,,1.0,7.0,29.0,160.0,3.0,3.0,,,10.0,4.0,4.0,,1.0,2.0,10.0,16.0,6.0,,,,,,,2.0,4.0,6.0,3.0,1.0,,2.0,,16.0,5.0,4.0,2.0,5.0,1.0,8.0,9.0,17.0,,4.0,3.0,1.0,1.0,,,,,1.0,,,1.0,,3.0,7.0,,5.0,,7.0,1.0,3.0,1.0,4.0,3.0,1.0,5.0,2.0,,10.0,39.0,1.0,1.0,0.7272727272727273,1.0,,,,,,1.0,1.0,1.0,0.9166666666666666,1.0,0.8,0.9666666666666668,1.0,0.8333333333333334,0.0833333333333333,,,,10.45751633986928,1.0,0.2,0.1388888888888889,0.1290322580645161,0.064516129032258,0.1515151515151515,0.1044776119402985,0.140625,0.2142857142857142,0.1851851851851851,,0.1538461538461538,0.0588235294117647,0.3333333333333333,0.0869565217391304,,,0.4,0.75,1.0,1.0,0.6666666666666666,0.1666666666666666,1.0,1.0,1.0,,,,,0.0833333333333333,,,,,,,,1.0,1.0,,,,,0.8,1.0,0.2,,,,0.8333333333333334,,0.6564000000000001,0.6123000000000001,0.6720200000000001,0.2142857142857142,0.2307692307692307,0.3448275862068966,0.3448275862068966,1.881818181818182,23.4,0.2888888888888888,,,4.0,6.0,,1.0,,,1.0,1.0,,0.1,,,,,,,,,,1.0,1.0,,,,,,,,,,True,,,
1642422,1610612747,Armel Traoré,Armel Traoré,1642422,LAL,1228.0,20.0,-2.0,42.0,40.0,17.0,13.0,4.0,82.0,1.0,1.0,,,,,,,,,,2.0,,1.0,,1.0,,,,1.0,1.0,1.0,,3.0,,2.0,48.0,,,,1.0,,,,,2.0,,,2.0,,,,,1.0,,,,,,,,,,,,,,2.0,1.0,1.0,4.0,,4.0,,1.0,,1.0,,,,,,,,,,,,1.0,,,,,,,,1.0,1.0,,1.0,,,,17.0,1.0,,1.0,1.0,,,,,,1.0,,,0.25,,,0.25,,,0.75,,,,8.51063829787234,,0.5,0.1,,0.3333333333333333,,0.1875,,,,,,,0.5,0.4,,,,0.25,1.0,1.0,1.0,,,,,,,,,0.5,,,,0.25,,,,,,,,,,,,0.5,,0.5,,1.0,,0.610975,,0.522,,,,,0.3,23.5,0.4047619047619047,,1.0,,,,,,,,,,,,1.0,,,,,,,,,,,,,,,,,,,True,,,
1642439,1610612747,Quincy Olivari,Quincy Olivari,1642439,LAL,137.0,2.0,-2.0,5.0,4.0,1.0,,,9.0,,,,,,,,,,,,,,,,,,,,,,,,,,,10.0,,,,,,,,,,,,,,,,,,,,,,,,,,,,,,,,,,,,,,,,,,,,,,,,,,,,,,,,,,,,,,,,,,,1.0,,,,,,,,,,,,,,,,,,,,,,,,,,,,,,,,,,,,,,,,,,,,,,,,,,,,,,,,,,,,,,,,,,,,,,,,,,,,,,,,,,,,,0.2,,,,,,,,,,,,,,,,,,,,,,,,,,,,,,,,,True,,,
1627827,1610612747,Dorian Finney-Smith,Dorian Finney-Smith,1627827,LAL,10015.0,167.0,41.0,333.0,336.0,84.0,77.0,33.0,669.0,7.0,8.0,2.0,3.0,1.0,2.0,1.0,2.0,,,8.0,12.0,3.0,3.0,1.0,12.0,,,1.0,2.0,8.0,10.0,9.0,24.0,2.0,45.0,362.0,2.0,3.0,,,5.0,1.0,3.0,4.0,5.0,,14.0,12.0,4.0,27.0,,,12.0,1.0,,4.0,2.0,6.0,2.0,,1.0,3.0,,14.0,3.0,3.0,8.0,5.0,1.0,14.0,7.0,21.0,,7.0,3.0,4.0,3.0,,2.0,1.0,,1.0,,,4.0,1.0,8.0,15.0,1.0,4.0,,3.0,1.0,2.0,,,,,,,,14.0,84.0,3.0,,0.75,0.8571428571428571,1.0,0.375,,0.8,0.375,0.8,0.6666666666666666,0.3333333333333333,0.6323529411764706,0.6666666666666666,0.875,0.6428571428571429,0.625,0.875,0.7058823529411765,,,,10.427807486631016,0.75,0.125,0.0617283950617283,0.0389610389610389,0.0842105263157894,0.046875,0.0738636363636363,0.0425531914893617,,0.0208333333333333,0.125,0.032258064516129,0.0930232558139534,,0.1,0.04,,,0.2352941176470588,0.875,0.875,0.7142857142857143,0.0588235294117647,0.5,0.5,1.0,,,,,0.3529411764705882,0.6666666666666666,0.6666666666666666,1.0,0.3529411764705882,0.0833333333333333,0.0833333333333333,1.0,1.0,0.6666666666666666,,,,,0.25,0.5,0.375,1.0,0.25,0.5,0.9411764705882352,0.0833333333333333,0.5835911764705883,0.6362666666666666,0.5624562500000001,0.0571428571428571,0.1818181818181818,0.1111111111111111,0.3111111111111111,2.22,24.52500000000001,0.2522522522522522,,,1.0,2.0,1.0,2.0,,,2.0,,0.1111111111111111,0.1304347826086956,,,,,,,,,,,,,,,,,,,,,True,,,
1629003,1610612747,Shake Milton,Shake Milton,1629003,LAL,1596.0,27.0,-16.0,52.0,50.0,32.0,18.0,9.0,102.0,,1.0,,,,,,,,,2.0,2.0,1.0,1.0,,2.0,,,,1.0,,1.0,2.0,4.0,3.0,9.0,73.0,,,1.0,1.0,3.0,,,1.0,2.0,2.0,5.0,,,6.0,,,2.0,,,2.0,2.0,4.0,1.0,1.0,,,2.0,10.0,1.0,,1.0,,,1.0,2.0,3.0,,,,,,2.0,,3.0,,,1.0,,3.0,2.0,2.0,4.0,,2.0,,4.0,,1.0,1.0,,,,,,,5.0,32.0,,1.0,,,1.0,0.5,1.0,0.5,0.5,,,,0.6,1.5,0.75,0.6428571428571429,1.5,0.8333333333333334,0.8,,,,15.873015873015872,,,,,0.125,0.1,0.037037037037037,0.037037037037037,,0.1428571428571428,,,,,0.1428571428571428,,,,0.2,,,,,,,,,,,,0.4,1.0,1.0,1.0,0.4,,,,,,,,,,,,0.5,1.0,0.5,,1.0,,0.5401,0.5913,0.5767500000000001,0.1666666666666666,0.5,0.3333333333333333,0.5555555555555556,2.5,24.325000000000003,0.6153846153846154,1.0,1.0,,,1.0,,,,,,0.5,,,1.0,1.0,1.0,2.0,,,,,,,,,,,,,,,,True,,,
1629020,1610612747,Jarred Vanderbilt,Jarred Vanderbilt,1629020,LAL,828.0,14.0,8.0,22.0,24.0,4.0,3.0,5.0,46.0,1.0,2.0,,,,,,,,,,1.0,,,,,,,,,1.0,2.0,,1.0,,2.0,26.0,,,,,,,,,,,,,2.0,,,,,,,1.0,,1.0,,,,1.0,,2.0,1.0,,,,,,1.0,1.0,,3.0,3.0,,,,,,,,,,,,1.0,3.0,,1.0,,,,,,,,,,,,,4.0,,,,,,,,,,0.5,,,0.3333333333333333,,,0.3333333333333333,,,0.3333333333333333,,,,10.344827586206897,,,,,,0.1428571428571428,,0.0909090909090909,,,0.5,,,,,,,,0.6666666666666666,0.5,0.5,,,,,,,,,,0.3333333333333333,,,,,,,,,,,,,,,,,,,,1.0,,0.6823,,,,,,,2.1,22.9,0.1818181818181818,,,,,,,,,1.0,,,,,,,,,,,,,,,,,,,,,,,,True,,,
1642355,1610612747,Bronny James,Bronny James,1642355,LAL,304.0,5.0,-11.0,9.0,10.0,,,1.0,19.0,,1.0,,1.0,,,,,,,,,,,,1.0,,,,,,1.0,,1.0,,,15.0,,1.0,,,,,,,,,,,,,,,1.0,,1.0,1.0,,1.0,,,1.0,,,2.0,1.0,,,,,,1.0,1.0,,,,,1.0,,1.0,,,,,,1.0,,1.0,1.0,,,,,,,,,,,,,,,,,,,,,,,,,,,,,,,,,,0.5,1.0,1.0,,30.0,1.0,,,,,0.25,,0.1666666666666666,,0.25,,,,,,,,,0.5,,,,,,,,,,,,,,,,0.5,,,,1.0,,,,,,,,,,,,1.0,,0.6323,,,,,,,,28.3,,,,,,,,,,,,,,,,,,,,,,,,,,,,,,,,,,True,,,
1631132,1610612747,Christian Koloko,Christian Koloko,1631132,LAL,2.0,,,,2.0,,2.0,,2.0,,,,,,,,,,,,,,,,,,,,,,,,,,,,,,,,,,,,,,,,,,,,,,,,,,,,,,,,,,,,,,,,,,,,,,,,,,,,,,,,,,,,,,,,,,,,,,,,,,,,,,,,,,,,,,,,,,,,,,,,,,,,,,,,,,,,,,,,,,,,,,,,,,,,,,,,,,,,,,,,,,,,,,,,,,,,,,,,,,,,,,,,,,,,,,,,,,,,,,,,,,,,,,,,,,,,True,,,
1641720,1610612747,Jalen Hood-Schifino,Jalen Hood-Schifino,1641720,LAL,760.0,13.0,12.0,28.0,26.0,17.0,17.0,2.0,54.0,,,,,,,,,1.0,1.0,,,,,,,,,,,1.0,1.0,,,2.0,4.0,24.0,,,,,,1.0,1.0,,,2.0,4.0,,2.0,,,,,,,1.0,,1.0,,,,1.0,,2.0,,1.0,,,,,1.0,1.0,,,,,1.0,,,,,1.0,,,1.0,1.0,2.0,3.0,,2.0,,2.0,,,1.0,1.0,,1.0,1.0,,,4.0,17.0,,1.0,,,,,,,,1.0,,1.0,1.0,,1.0,1.0,,1.0,,,,,10.0,1.0,,,0.1666666666666666,,,,0.1111111111111111,,,,,,,,,,,,,,,,,,,1.0,1.0,1.0,,,,,,,,,,,,,,,,,,,,,,,,0.4493,,0.4493,,,,1.0,15.5,,0.6071428571428571,,,,,,,,,,,,,0.3333333333333333,,,,,,,,,,,,,,,,,,,,True,,,
1626156,1610612747,D'Angelo Russell,D'Angelo Russell,1626156,LAL,15423.0,257.0,-2.0,538.0,532.0,117.0,90.0,51.0,1070.0,13.0,20.0,1.0,2.0,2.0,2.0,17.0,28.0,2.0,7.0,2.0,8.0,,1.0,24.0,73.0,4.0,12.0,5.0,19.0,32.0,55.0,26.0,81.0,13.0,155.0,619.0,1.0,3.0,4.0,12.0,14.0,5.0,7.0,5.0,20.0,5.0,30.0,30.0,34.0,48.0,30.0,,73.0,24.0,3.0,25.0,23.0,48.0,21.0,2.0,18.0,4.0,3.0,119.0,1.0,2.0,13.0,12.0,2.0,27.0,3.0,30.0,,11.0,9.0,2.0,12.0,3.0,10.0,6.0,,2.0,,,18.0,7.0,8.0,17.0,2.0,21.0,2.0,17.0,2.0,8.0,1.0,1.0,,1.0,1.0,,,30.0,117.0,1.0,1.0,0.46875,0.46875,0.6153846153846154,0.3209876543209876,0.3333333333333333,0.25,0.3209876543209876,0.5818181818181818,0.3333333333333333,0.7142857142857143,0.5220588235294118,0.4666666666666667,0.4629629629629629,0.5384615384615384,0.4666666666666667,0.5,0.5955882352941176,0.0545454545454545,0.1,0.0357142857142857,27.058823529411764,0.6666666666666666,0.1818181818181818,0.0967741935483871,0.0194174757281553,0.1160714285714285,0.0072463768115942,0.1059322033898305,0.0124481327800829,,0.0095238095238095,,0.1379310344827586,0.0897435897435897,0.0588235294117647,0.1264367816091954,0.08,,,0.1470588235294117,0.65,0.7222222222222222,0.7692307692307693,0.2058823529411764,0.6071428571428571,0.6296296296296297,0.2941176470588235,0.0514705882352941,0.2857142857142857,0.2857142857142857,,0.0588235294117647,0.25,0.2857142857142857,1.0,0.5367647058823529,0.3287671232876712,0.3287671232876712,0.5833333333333334,0.1333333333333333,0.5,1.0,0.8,0.3333333333333333,0.75,0.074074074074074,1.0,0.037037037037037,,0.7037037037037037,0.2631578947368421,0.7426470588235294,0.3287671232876712,0.5203404411764707,0.57979375,0.4971037037037037,0.056338028169014,0.1311475409836065,0.0903225806451612,0.1935483870967742,7.450909090909092,26.16296296296297,0.2174721189591078,,,,,,,,1.0,1.0,,,0.0526315789473684,,,,,1.0,1.0,,1.0,,,,,,,,,1.0,,0.0123456790123456,,False,1.0,0.125,
1629060,1610612747,Rui Hachimura,Rui Hachimura,1629060,LAL,51682.0,861.0,131.0,1742.0,1747.0,284.0,268.0,165.0,3489.0,60.0,77.0,8.0,11.0,17.0,18.0,18.0,46.0,11.0,26.0,26.0,55.0,4.0,9.0,30.0,83.0,5.0,12.0,4.0,13.0,89.0,149.0,56.0,138.0,43.0,389.0,1988.0,10.0,15.0,7.0,15.0,46.0,18.0,21.0,8.0,22.0,8.0,68.0,138.0,40.0,159.0,9.0,,83.0,30.0,17.0,13.0,35.0,48.0,29.0,6.0,7.0,4.0,2.0,131.0,23.0,11.0,44.0,42.0,7.0,93.0,35.0,128.0,3.0,19.0,14.0,5.0,15.0,2.0,6.0,6.0,2.0,9.0,1.0,1.0,21.0,2.0,21.0,41.0,,39.0,1.0,55.0,3.0,28.0,1.0,10.0,3.0,7.0,10.0,8.0,,68.0,278.0,5.0,,0.7752808988764045,0.8313253012048193,0.9464285714285714,0.4057971014492754,0.4666666666666667,0.3636363636363636,0.4057971014492754,0.5973154362416108,0.6666666666666666,0.8571428571428571,0.6027874564459931,0.6833333333333333,0.6976744186046512,0.6214057507987221,0.696969696969697,0.6938775510204082,0.4808362369337979,0.1140939597315436,0.0909090909090909,0.217391304347826,17.225373904074264,0.7142857142857143,0.2592592592592592,0.1007194244604316,0.0324483775811209,0.0995475113122171,0.0527522935779816,0.1001164144353899,0.0438709677419354,0.0173410404624277,0.059880239520958,0.0294117647058823,0.1194029850746268,0.0779816513761468,0.1384615384615384,0.103244837758112,0.087378640776699,0.0241935483870967,0.8,0.2682926829268293,0.7792207792207793,0.8571428571428571,0.8,0.1602787456445993,0.391304347826087,0.5,0.8333333333333334,0.0905923344947735,0.4230769230769231,0.4230769230769231,0.5454545454545454,0.1916376306620209,0.4727272727272727,0.4727272727272727,0.9615384615384616,0.289198606271777,0.3614457831325301,0.3614457831325301,0.9333333333333332,0.3666666666666666,0.7272727272727273,0.25,0.4,0.4166666666666667,0.6,0.4186046511627907,0.9444444444444444,0.2093023255813953,0.4444444444444444,0.3023255813953488,0.3076923076923077,0.7491289198606271,0.3614457831325301,0.5566426829268293,0.5732214285714285,0.6059069767441861,0.0897435897435897,0.160919540229885,0.1182519280205655,0.1748071979434447,6.3530201342281885,25.00144927536232,0.1630309988518943,2.0,3.0,5.0,12.0,1.0,8.0,,,1.0,1.0,0.0357142857142857,0.0285714285714285,0.081967213114754,0.1,0.6666666666666666,0.5,2.0,,,,,,,,,,,,,,,,False,,,
1629216,1610612747,Gabe Vincent,Gabe Vincent,1629216,LAL,60362.0,1006.0,19.0,2072.0,2051.0,562.0,589.0,207.0,4123.0,17.0,28.0,,,3.0,6.0,13.0,28.0,9.0,19.0,36.0,89.0,5.0,23.0,49.0,148.0,4.0,12.0,15.0,47.0,39.0,75.0,85.0,237.0,14.0,347.0,2333.0,3.0,3.0,6.0,17.0,24.0,6.0,16.0,20.0,70.0,9.0,81.0,42.0,36.0,228.0,27.0,3.0,145.0,49.0,6.0,32.0,33.0,65.0,18.0,15.0,22.0,8.0,2.0,163.0,7.0,5.0,25.0,21.0,1.0,47.0,12.0,59.0,,33.0,17.0,16.0,13.0,6.0,11.0,16.0,1.0,2.0,1.0,1.0,29.0,9.0,56.0,97.0,6.0,31.0,4.0,19.0,1.0,5.0,5.0,8.0,,8.0,8.0,4.0,,79.0,554.0,9.0,4.0,0.5384615384615384,0.5384615384615384,0.8941176470588236,0.3586497890295358,0.3529411764705882,0.2857142857142857,0.3632478632478632,0.52,1.0,0.375,0.5336538461538461,0.6,0.4186046511627907,0.5404984423676013,0.6,0.445054945054945,0.7596153846153846,0.08,0.0357142857142857,0.1071428571428571,15.144958892254436,0.4482758620689655,0.0222222222222222,0.0432989690721649,0.0125628140703517,0.05175983436853,0.0128440366972477,0.0475206611570247,0.0127253446447507,0.0098039215686274,0.0143198090692124,0.0079365079365079,0.0328947368421052,0.0483870967741935,0.0470588235294117,0.0424403183023872,0.0849056603773584,,0.5,0.0897435897435897,0.6071428571428571,0.6296296296296297,0.5294117647058824,0.0897435897435897,0.4642857142857143,0.52,0.4615384615384615,0.0608974358974358,0.4736842105263157,0.5294117647058824,0.6666666666666666,0.2852564102564102,0.4044943820224719,0.4137931034482758,1.0,0.4743589743589743,0.3310810810810811,0.3333333333333333,0.8163265306122449,,,,0.6,0.3333333333333333,1.0,0.0697674418604651,0.5,0.2674418604651162,0.217391304347826,0.5465116279069767,0.3191489361702128,0.8493589743589743,0.3379310344827586,0.5340190938511326,0.5091071428571429,0.5151000000000001,0.0158227848101265,0.0632911392405063,0.069164265129683,0.2334293948126801,8.433333333333334,25.55400843881856,0.2712355212355212,2.0,5.0,,,,3.0,,9.0,1.0,,,0.0163934426229508,0.0138888888888888,0.25,0.4,1.0,1.0,1.0,,,,,,,,,0.1052631578947368,,3.0,,0.0126582278481012,0.0067567567567567,False,,0.0224719101123595,
1629629,1610612747,Cam Reddish,Cam Reddish,1629629,LAL,16484.0,275.0,-49.0,553.0,559.0,107.0,108.0,61.0,1112.0,9.0,16.0,1.0,2.0,5.0,8.0,3.0,10.0,1.0,3.0,2.0,11.0,,1.0,2.0,14.0,,1.0,,2.0,13.0,29.0,4.0,25.0,10.0,48.0,639.0,1.0,3.0,,3.0,2.0,5.0,9.0,,3.0,3.0,13.0,14.0,12.0,12.0,,,14.0,2.0,3.0,8.0,8.0,16.0,6.0,2.0,7.0,1.0,,40.0,3.0,7.0,10.0,8.0,3.0,21.0,10.0,31.0,3.0,17.0,10.0,7.0,4.0,,2.0,3.0,3.0,2.0,,,7.0,3.0,9.0,16.0,,14.0,1.0,15.0,3.0,8.0,1.0,2.0,,2.0,2.0,2.0,,13.0,107.0,2.0,1.0,0.5384615384615384,0.5833333333333334,1.0,0.16,,,0.16,0.4482758620689655,0.3333333333333333,0.5555555555555556,0.3518518518518518,0.1666666666666666,0.4166666666666667,0.4,0.1666666666666666,0.4333333333333333,0.4629629629629629,0.1034482758620689,0.125,0.1,10.702875399361025,0.5714285714285714,0.1875,0.0588235294117647,0.0555555555555555,0.0869565217391304,0.0197368421052631,0.0717131474103585,0.0359712230215827,0.0161290322580645,0.0252100840336134,,0.0232558139534883,0.0875,,0.1046511627906976,0.0344827586206896,0.09375,1.0,0.2962962962962963,0.5625,0.6428571428571429,0.5555555555555556,0.1851851851851851,0.3,0.3333333333333333,0.3333333333333333,0.0555555555555555,0.3333333333333333,0.3333333333333333,1.0,0.2037037037037037,0.1818181818181818,0.1818181818181818,1.0,0.2592592592592592,0.1428571428571428,0.1428571428571428,1.0,0.3333333333333333,0.5,,0.1666666666666666,,,0.6666666666666666,0.625,0.0833333333333333,,0.1666666666666666,,0.7592592592592593,0.1428571428571428,0.5465339622641509,0.6482666666666667,0.6197,0.135593220338983,0.2352941176470588,0.0416666666666666,0.2708333333333333,5.606896551724137,25.164,0.1934900542495479,,2.0,,2.0,,,,,,,,0.1,0.0833333333333333,0.3333333333333333,,,1.0,,,,,,,,,,,,,,,,False,,,
1631132,1610612747,Christian Koloko,Christian Koloko,1631132,LAL,19076.0,318.0,-11.0,652.0,647.0,207.0,192.0,76.0,1299.0,33.0,46.0,6.0,10.0,10.0,15.0,4.0,11.0,1.0,2.0,,2.0,,,,1.0,,,,1.0,38.0,59.0,,3.0,8.0,84.0,719.0,7.0,13.0,,1.0,17.0,12.0,17.0,,1.0,5.0,29.0,62.0,14.0,,,,1.0,,8.0,9.0,7.0,16.0,5.0,2.0,6.0,2.0,1.0,39.0,11.0,21.0,20.0,26.0,4.0,50.0,32.0,82.0,1.0,7.0,4.0,3.0,5.0,1.0,2.0,7.0,2.0,3.0,,,12.0,3.0,33.0,41.0,,18.0,1.0,10.0,,4.0,1.0,11.0,5.0,6.0,11.0,4.0,,29.0,206.0,1.0,1.0,0.8157894736842105,0.9393939393939394,,,,,,0.6440677966101694,0.5384615384615384,0.7058823529411765,0.6129032258064516,0.5,0.6666666666666666,0.6268656716417911,0.53125,0.6904761904761905,0.0483870967741935,0.135593220338983,0.1304347826086956,0.1818181818181818,10.733695652173912,0.4166666666666667,0.2857142857142857,0.1780821917808219,0.1346153846153846,0.1408450704225352,0.0674846625766871,0.1597222222222222,0.1003134796238244,0.1690140845070422,0.0578512396694214,0.0952380952380952,0.2830188679245283,0.1081081081081081,0.1578947368421052,0.1607142857142857,0.0666666666666666,0.0625,0.3636363636363636,0.7419354838709677,0.717391304347826,0.825,0.8787878787878788,0.1774193548387097,0.3636363636363636,0.4444444444444444,0.5,0.032258064516129,0.5,0.5,,0.032258064516129,,,,0.0161290322580645,,,,0.7142857142857143,0.6,0.3333333333333333,,,,0.8333333333333334,0.6666666666666666,,,0.0555555555555555,,0.7903225806451613,,0.611025806451613,0.5680636363636364,0.679925,0.0606060606060606,0.0634920634920634,0.2023809523809523,0.3452380952380952,3.284745762711865,24.100000000000005,0.3174846625766871,,1.0,3.0,10.0,,4.0,,,6.0,,,0.1272727272727272,0.0666666666666666,0.0714285714285714,,,3.0,,,,,,,,,,,,,,,,False,,,3.0
2544,1610612747,LeBron James,LeBron James,2544,LAL,84731.0,1412.0,-44.0,2869.0,2879.0,560.0,580.0,268.0,5748.0,164.0,226.0,16.0,27.0,34.0,50.0,93.0,207.0,46.0,106.0,10.0,26.0,1.0,2.0,83.0,215.0,7.0,22.0,19.0,40.0,303.0,539.0,93.0,241.0,178.0,1063.0,3369.0,26.0,53.0,9.0,28.0,86.0,52.0,93.0,20.0,42.0,42.0,206.0,220.0,386.0,195.0,84.0,1.0,214.0,83.0,35.0,194.0,116.0,310.0,75.0,41.0,148.0,38.0,8.0,736.0,24.0,29.0,147.0,131.0,22.0,300.0,53.0,353.0,20.0,42.0,33.0,9.0,89.0,34.0,64.0,62.0,9.0,25.0,3.0,8.0,151.0,31.0,30.0,55.0,6.0,164.0,2.0,217.0,17.0,97.0,12.0,24.0,11.0,12.0,24.0,8.0,1.0,200.0,550.0,2.0,9.0,0.363036303630363,0.3793103448275862,0.6989247311827957,0.3858921161825726,0.3214285714285714,0.4761904761904761,0.3875,0.562152133580705,0.490566037735849,0.5591397849462365,0.5673076923076923,0.4876543209876543,0.6074074074074074,0.6045714285714285,0.5058823529411764,0.6446540880503144,0.308974358974359,0.0649350649350649,0.0752212389380531,0.0869565217391304,32.122730118973074,0.5894039735099338,0.3492063492063492,0.1966966966966967,0.0503472222222222,0.21,0.0343347639484978,0.2035139092240117,0.0415686274509803,0.039426523297491,0.03515625,0.0320855614973262,0.1772727272727272,0.1930835734870317,0.2525252525252525,0.2335216572504708,0.136094674556213,0.0583090379008746,0.3333333333333333,0.2897435897435897,0.7256637168141593,0.784688995215311,0.4695121951219512,0.2653846153846154,0.4492753623188406,0.492063492063492,0.2688172043010752,0.1358974358974359,0.4339622641509434,0.4339622641509434,0.1739130434782608,0.0333333333333333,0.3846153846153846,0.3846153846153846,1.0,0.2756410256410256,0.386046511627907,0.386046511627907,0.6626506024096386,0.3333333333333333,0.5925925925925926,0.125,0.2716049382716049,0.3181818181818182,1.0,0.3703703703703703,0.68,0.0148148148148148,0.5,0.2962962962962963,0.475,0.5987179487179487,0.3878504672897196,0.5182587291399229,0.5084336363636364,0.5178858208955224,0.115874855156431,0.1567043618739903,0.0809031044214487,0.1937911571025399,7.458256029684598,26.732365145228208,0.1951899616591146,2.0,6.0,7.0,26.0,,6.0,,7.0,6.0,,,0.082051282051282,0.0196078431372549,0.074074074074074,0.3333333333333333,1.0,7.0,1.0,,5.0,3.0,,,,1.0,,,0.0122950819672131,,,,,False,,,
1629637,1610612747,Jaxson Hayes,Jaxson Hayes,1629637,LAL,57495.0,958.0,100.0,1958.0,1959.0,303.0,308.0,169.0,3917.0,127.0,160.0,16.0,25.0,14.0,16.0,13.0,35.0,,,,,,,,2.0,,,,1.0,140.0,195.0,,2.0,50.0,330.0,2179.0,17.0,29.0,,,38.0,14.0,17.0,,1.0,17.0,45.0,244.0,36.0,,,,2.0,,9.0,19.0,31.0,50.0,23.0,8.0,8.0,9.0,2.0,131.0,31.0,29.0,84.0,79.0,10.0,173.0,62.0,235.0,5.0,25.0,14.0,11.0,15.0,4.0,10.0,24.0,,5.0,1.0,1.0,39.0,4.0,86.0,121.0,15.0,96.0,6.0,79.0,11.0,38.0,7.0,42.0,22.0,20.0,44.0,20.0,4.0,45.0,303.0,1.0,7.0,0.8714285714285714,0.9384615384615383,,,,,,0.717948717948718,0.5862068965517241,0.8235294117647058,0.7106598984771574,0.5862068965517241,0.7777777777777778,0.7142857142857143,0.59375,0.8035714285714286,0.0101522842639593,0.0461538461538461,0.025,0.1428571428571428,12.476894639556376,0.3846153846153846,0.2631578947368421,0.1599190283400809,0.0757180156657963,0.1806451612903225,0.0649895178197065,0.1699687174139728,0.0697674418604651,0.074074074074074,0.0679347826086956,0.055045871559633,0.15,0.1839080459770115,0.0958904109589041,0.1752873563218391,0.1965811965811965,0.1111111111111111,0.4545454545454545,0.8121827411167513,0.79375,0.8141025641025641,0.8740157480314961,0.1776649746192893,0.3714285714285714,0.4333333333333333,0.8461538461538461,,,,,,,,,0.0101522842639593,,,,0.8620689655172413,0.64,0.25,,,,0.8888888888888888,0.875,,,0.0555555555555555,,0.8223350253807107,,0.6251918781725889,0.6159894736842105,0.6682388888888888,0.1696428571428571,0.1711711711711711,0.1151515151515151,0.1363636363636363,2.617948717948717,27.9,0.154749744637385,,,4.0,20.0,2.0,9.0,,1.0,14.0,4.0,0.0512820512820512,0.1015625,0.0303030303030303,,,,7.0,2.0,,,,2.0,1.0,1.0,,,,,,,,,False,,,1.0
1630559,1610612747,Austin Reaves,Austin Reaves,1630559,LAL,82148.0,1369.0,117.0,2792.0,2809.0,468.0,492.0,255.0,5601.0,89.0,124.0,5.0,8.0,19.0,24.0,63.0,138.0,15.0,32.0,19.0,40.0,2.0,4.0,99.0,276.0,5.0,19.0,12.0,44.0,167.0,294.0,118.0,316.0,215.0,903.0,3252.0,8.0,16.0,7.0,24.0,47.0,30.0,50.0,14.0,48.0,61.0,163.0,148.0,186.0,240.0,114.0,3.0,273.0,99.0,26.0,131.0,86.0,217.0,57.0,29.0,93.0,31.0,7.0,520.0,15.0,16.0,92.0,59.0,2.0,153.0,31.0,184.0,9.0,46.0,31.0,15.0,67.0,8.0,45.0,23.0,3.0,22.0,2.0,2.0,90.0,18.0,42.0,80.0,1.0,196.0,10.0,238.0,19.0,85.0,20.0,12.0,4.0,8.0,16.0,9.0,,153.0,457.0,6.0,13.0,0.4431137724550898,0.4484848484848485,0.6779661016949152,0.3734177215189873,0.2916666666666667,0.2916666666666667,0.3769968051118211,0.5680272108843537,0.5,0.6,0.5639344262295082,0.4625,0.5204081632653061,0.6288951841359773,0.5108695652173914,0.6382113821138211,0.5180327868852459,0.0884353741496598,0.0564516129032258,0.1304347826086956,25.61290322580645,0.7444444444444445,0.0285714285714285,0.0900763358778626,0.029090909090909,0.1375186846038864,0.0222882615156017,0.11404833836858,0.0253475061324611,0.0224719101123595,0.0198807157057654,0.0294117647058823,0.0691244239631336,0.092814371257485,0.125,0.1483739837398374,0.1073446327683615,0.0316901408450704,0.5625,0.2032786885245901,0.717741935483871,0.7606837606837606,0.449438202247191,0.2262295081967213,0.4565217391304347,0.525,0.4444444444444444,0.0524590163934426,0.46875,0.4838709677419355,0.4,0.0655737704918032,0.475,0.475,1.0,0.4524590163934426,0.358695652173913,0.36,0.6161616161616161,0.2,0.625,0.4,0.475,0.2631578947368421,0.8,0.2448979591836734,0.7916666666666666,0.0408163265306122,0.5,0.4489795918367347,0.2727272727272727,0.7213114754098361,0.3626373626373626,0.5278531404958676,0.544458,0.5121627659574469,0.141399416909621,0.2361111111111111,0.0520487264673311,0.1805094130675526,6.695238095238095,26.677215189873404,0.167621776504298,2.0,5.0,10.0,4.0,,3.0,,12.0,6.0,,,0.0310880829015544,0.0444444444444444,0.125,0.4,1.0,4.0,3.0,1.0,17.0,12.0,4.0,3.0,1.0,,,0.03125,0.0368098159509202,1.0,2.0,0.0031645569620253,0.0036231884057971,False,,,
1642261,1610612747,Dalton Knecht,Dalton Knecht,1642261,LAL,53418.0,890.0,-55.0,1786.0,1796.0,424.0,397.0,189.0,3582.0,48.0,62.0,7.0,10.0,13.0,17.0,22.0,50.0,7.0,15.0,23.0,58.0,7.0,10.0,66.0,161.0,8.0,16.0,18.0,43.0,77.0,127.0,89.0,219.0,45.0,466.0,2105.0,11.0,17.0,9.0,21.0,56.0,18.0,30.0,25.0,53.0,12.0,123.0,114.0,40.0,243.0,24.0,1.0,160.0,66.0,9.0,20.0,18.0,38.0,14.0,4.0,11.0,8.0,1.0,94.0,18.0,5.0,64.0,32.0,8.0,104.0,23.0,127.0,5.0,12.0,12.0,,15.0,,10.0,8.0,3.0,5.0,,,23.0,6.0,41.0,57.0,3.0,39.0,,60.0,4.0,22.0,1.0,4.0,3.0,1.0,5.0,1.0,,123.0,423.0,3.0,1.0,0.7402597402597403,0.7808219178082192,0.9101123595505618,0.4063926940639269,0.4285714285714285,0.4716981132075472,0.4082568807339449,0.6062992125984252,0.6470588235294118,0.6,0.6083815028901735,0.6447368421052632,0.6686746987951807,0.6273712737127372,0.6707317073170732,0.6988636363636364,0.6329479768786127,0.0708661417322834,0.0483870967741935,0.12,19.463753723932477,0.6521739130434783,0.1904761904761904,0.082901554404145,0.0128534704370179,0.1422222222222222,0.0414746543778801,0.1148325358851674,0.0279465370595382,0.0105820105820105,0.0426829268292682,0.0377358490566037,0.0305343511450381,0.0962566844919786,0.1470588235294117,0.1497005988023952,0.1206896551724138,0.0304878048780487,0.2,0.1791907514450867,0.7741935483870968,0.8135593220338984,0.75,0.1445086705202312,0.44,0.5,0.7272727272727273,0.0433526011560693,0.4666666666666667,0.4666666666666667,0.7142857142857143,0.1676300578034682,0.396551724137931,0.4035087719298245,1.0,0.4653179190751445,0.4099378881987577,0.4150943396226415,0.8787878787878788,0.2631578947368421,0.7,0.2857142857142857,0.4210526315789473,0.5,1.0,0.2048192771084337,0.7647058823529411,0.1204819277108433,0.7,0.5180722891566265,0.4186046511627907,0.8121387283236994,0.4125,0.5456800872093025,0.5632333333333333,0.536979012345679,0.0706521739130434,0.1517241379310344,0.1201716738197424,0.2639484978540772,6.486614173228347,25.830136986301376,0.2374020156774916,1.0,5.0,7.0,8.0,,4.0,,,3.0,,,0.0153846153846153,0.0142857142857142,0.131578947368421,0.2,1.0,2.0,1.0,,4.0,4.0,1.0,1.0,,,,,0.0179372197309417,3.0,,0.0136986301369863,0.0124223602484472,False,,0.0172413793103448,
1631108,1610612747,Max Christie,Max Christie,1631108,LAL,21164.0,353.0,-56.0,718.0,727.0,166.0,158.0,57.0,1445.0,22.0,31.0,1.0,3.0,4.0,5.0,6.0,22.0,1.0,3.0,9.0,23.0,1.0,4.0,14.0,45.0,1.0,3.0,4.0,13.0,29.0,56.0,23.0,68.0,23.0,150.0,875.0,2.0,7.0,2.0,4.0,10.0,5.0,9.0,5.0,17.0,3.0,28.0,38.0,20.0,63.0,6.0,2.0,43.0,14.0,8.0,11.0,15.0,26.0,9.0,6.0,8.0,1.0,2.0,67.0,2.0,2.0,19.0,16.0,,35.0,4.0,39.0,2.0,10.0,8.0,2.0,8.0,2.0,3.0,3.0,1.0,5.0,,,11.0,5.0,9.0,17.0,,24.0,3.0,28.0,4.0,15.0,1.0,4.0,1.0,3.0,4.0,2.0,,28.0,165.0,3.0,1.0,0.6551724137931034,0.6551724137931034,0.9130434782608696,0.3382352941176471,0.5,0.2941176470588235,0.3484848484848485,0.5178571428571429,0.2857142857142857,0.5555555555555556,0.5120967741935484,0.4545454545454545,0.4807692307692308,0.5514705882352942,0.4545454545454545,0.5,0.5483870967741935,0.1428571428571428,0.064516129032258,0.2727272727272727,18.65482233502538,0.7272727272727273,,0.0952380952380952,0.0135135135135135,0.120253164556962,0.0116959064327485,0.107361963190184,0.012539184952978,0.0149253731343283,0.0155038759689922,,0.0701754385964912,0.1157894736842105,0.0625,0.1229508196721311,0.1111111111111111,0.0344827586206896,0.5,0.25,0.7096774193548387,0.7586206896551724,0.7272727272727273,0.1774193548387097,0.2727272727272727,0.375,0.3333333333333333,0.0241935483870967,0.3333333333333333,0.3333333333333333,1.0,0.1854838709677419,0.391304347826087,0.391304347826087,0.8888888888888888,0.3629032258064516,0.3111111111111111,0.3111111111111111,0.9285714285714286,0.2727272727272727,0.3333333333333333,,0.2727272727272727,0.3333333333333333,1.0,0.1923076923076923,0.8,0.1538461538461538,0.25,0.5,0.3076923076923077,0.7983870967741935,0.3255813953488372,0.551511475409836,0.5508833333333334,0.5143895833333333,0.1111111111111111,0.2238805970149253,0.0666666666666666,0.1866666666666666,5.044642857142857,25.65882352941177,0.2311977715877437,1.0,1.0,,,,1.0,,,2.0,,,0.0185185185185185,,0.0909090909090909,1.0,1.0,,,,,,,,,,,,,,,,,False,,,
1642355,1610612747,Bronny James,Bronny James,1642355,LAL,7779.0,130.0,-47.0,263.0,268.0,109.0,143.0,29.0,531.0,4.0,5.0,,,1.0,2.0,4.0,13.0,2.0,5.0,2.0,7.0,1.0,3.0,5.0,20.0,,,4.0,9.0,10.0,23.0,7.0,27.0,11.0,52.0,315.0,,1.0,,,3.0,4.0,8.0,5.0,12.0,3.0,26.0,8.0,12.0,15.0,6.0,,20.0,5.0,2.0,10.0,3.0,13.0,3.0,,8.0,2.0,,29.0,1.0,1.0,6.0,4.0,,10.0,2.0,12.0,,5.0,3.0,2.0,5.0,1.0,4.0,4.0,3.0,1.0,,,9.0,6.0,7.0,10.0,,9.0,,14.0,1.0,7.0,,3.0,3.0,,3.0,1.0,,26.0,108.0,3.0,,0.4,0.4,0.7142857142857143,0.2592592592592592,,0.4166666666666667,0.2592592592592592,0.4347826086956521,,0.5,0.41,,0.575,0.4553571428571428,0.375,0.5909090909090909,0.54,0.0869565217391304,,0.1538461538461538,21.812080536912752,0.5555555555555556,,0.0769230769230769,0.0158730158730158,0.0952380952380952,0.0149253731343283,0.0869565217391304,0.0153846153846153,,,0.0666666666666666,0.0476190476190476,0.0869565217391304,0.125,0.0888888888888888,0.1111111111111111,,0.3333333333333333,0.1,0.8,0.8,,0.26,0.3076923076923077,0.3636363636363636,0.75,0.1,0.4,0.4,0.5,0.14,0.2857142857142857,0.2857142857142857,1.0,0.4,0.25,0.25,0.6,,,,,,,0.1,0.5,0.15,0.3333333333333333,0.45,0.4444444444444444,0.64,0.25,0.4847840000000001,0.4372,0.4883499999999999,0.125,0.2413793103448276,0.0576923076923076,0.5,8.291304347826086,25.73333333333333,0.4144486692015209,,,3.0,,,,,,,1.0,,0.0526315789473684,,,,,,,,1.0,,,,,,,,,,,,,False,,,
1642422,1610612747,Armel Traoré,Armel Traoré,1642422,LAL,2772.0,46.0,-47.0,96.0,96.0,43.0,27.0,12.0,192.0,5.0,9.0,1.0,1.0,1.0,3.0,,2.0,,,,3.0,,,,1.0,,,,,5.0,11.0,,4.0,2.0,12.0,119.0,1.0,1.0,,,2.0,1.0,4.0,,,1.0,3.0,8.0,2.0,,,,1.0,,1.0,,1.0,1.0,1.0,,,,,3.0,,1.0,6.0,2.0,1.0,9.0,2.0,11.0,1.0,3.0,2.0,1.0,2.0,,,1.0,,2.0,,,3.0,2.0,,5.0,,5.0,,7.0,1.0,2.0,2.0,1.0,,1.0,1.0,1.0,,3.0,43.0,1.0,2.0,0.8,1.0,,,,,,0.4545454545454545,1.0,0.25,0.3333333333333333,1.0,0.25,0.3333333333333333,0.5,0.25,0.2666666666666666,0.0909090909090909,0.1111111111111111,,19.444444444444443,0.6666666666666666,0.5,0.1428571428571428,0.0384615384615384,0.2857142857142857,,0.2285714285714285,0.02,,,,0.1428571428571428,0.1666666666666666,,0.2352941176470588,0.5,0.1111111111111111,1.0,0.6,0.5555555555555556,0.625,0.8,0.1333333333333333,,,,,,,,0.2,,,,0.0666666666666666,,,,1.0,1.0,,,,,0.75,0.3333333333333333,,,,,0.8666666666666667,,0.6364966666666667,0.4515,0.699225,0.125,0.1666666666666666,0.1666666666666666,0.25,2.627272727272727,24.05,0.4479166666666667,,,,2.0,1.0,1.0,,,1.0,,0.2,0.1,,,,,1.0,1.0,,,,,,,,,,,,,,,False,,,
1641721,1610612747,Maxwell Lewis,Maxwell Lewis,1641721,LAL,1763.0,29.0,-25.0,60.0,57.0,30.0,21.0,8.0,117.0,2.0,2.0,1.0,1.0,,,,1.0,,3.0,,,,,,,,,,,2.0,6.0,,,,4.0,69.0,1.0,1.0,,,2.0,,1.0,,,,,2.0,2.0,,,,,,,1.0,1.0,2.0,1.0,,1.0,,,5.0,2.0,,,,,,2.0,2.0,,1.0,1.0,,,,,2.0,2.0,,,,2.0,1.0,1.0,1.0,,,,,,,,,,,,,,,30.0,,,0.5,1.0,,,,,,0.3333333333333333,1.0,,0.3333333333333333,1.0,,0.3333333333333333,1.0,,,,,,11.76470588235294,,,,,,0.125,,0.0588235294117647,,0.1333333333333333,,,,,,,,,0.3333333333333333,1.0,1.0,0.5,0.1666666666666666,,,,0.5,,,,,,,,,,,,1.0,1.0,,,,,,,,,,,0.3333333333333333,,0.4514499999999999,,0.3503,,,0.5,,12.533333333333331,,0.5,,,,2.0,,,,,,,,,,,,,,,,,,,,,,,,,,,,,False,,,
1627827,1610612747,Dorian Finney-Smith,Dorian Finney-Smith,1627827,LAL,57014.0,950.0,168.0,1903.0,1902.0,401.0,361.0,191.0,3805.0,22.0,38.0,9.0,18.0,5.0,8.0,8.0,18.0,1.0,1.0,20.0,59.0,4.0,13.0,38.0,96.0,3.0,7.0,7.0,20.0,31.0,57.0,58.0,155.0,11.0,247.0,2129.0,13.0,24.0,5.0,10.0,41.0,10.0,16.0,11.0,33.0,7.0,60.0,42.0,20.0,174.0,,1.0,95.0,38.0,9.0,15.0,29.0,44.0,20.0,9.0,7.0,5.0,3.0,117.0,17.0,20.0,44.0,38.0,1.0,83.0,38.0,121.0,4.0,29.0,17.0,12.0,19.0,2.0,15.0,14.0,2.0,4.0,3.0,5.0,33.0,1.0,29.0,63.0,2.0,14.0,1.0,16.0,,5.0,3.0,9.0,7.0,2.0,10.0,5.0,1.0,60.0,390.0,1.0,3.0,0.6774193548387096,0.84,1.0,0.3741935483870968,0.5,0.3333333333333333,0.3766233766233766,0.543859649122807,0.5416666666666666,0.625,0.5566037735849056,0.6029411764705882,0.5408163265306123,0.5613636363636364,0.6029411764705882,0.5660377358490566,0.7311320754716981,0.1578947368421052,0.1052631578947368,0.2777777777777778,11.922714420358153,0.5757575757575758,0.0256410256410256,0.0793319415448851,0.0583090379008746,0.094017094017094,0.0341365461847389,0.0865892291446673,0.0439952437574316,0.0419161676646706,0.0374331550802139,0.0241935483870967,0.0555555555555555,0.09375,0.0933333333333333,0.0850439882697947,0.1181102362204724,0.0373831775700934,0.5,0.1792452830188679,0.5789473684210527,0.6470588235294118,0.6363636363636364,0.0849056603773584,0.4444444444444444,0.6153846153846154,0.75,0.0047169811320754,1.0,1.0,1.0,0.2783018867924528,0.3389830508474576,0.3508771929824561,1.0,0.4528301886792453,0.3958333333333333,0.4086021505376344,1.0,0.5294117647058824,0.5,0.1111111111111111,0.2058823529411764,0.4285714285714285,1.0,0.1632653061224489,0.625,0.2653061224489796,0.3076923076923077,0.4081632653061224,0.35,0.910377358490566,0.4,0.5593030805687204,0.5499977272727272,0.5418854166666666,0.0230414746543778,0.0806451612903225,0.1659919028340081,0.242914979757085,3.8719298245614033,25.327741935483868,0.210719915922228,2.0,3.0,,12.0,1.0,6.0,1.0,,1.0,,0.02,0.0982142857142857,0.03125,0.088235294117647,0.6666666666666666,1.0,5.0,,,,,1.0,,1.0,,,,,5.0,,0.032258064516129,0.03125,False,,0.0338983050847457,
1629003,1610612747,Shake Milton,Shake Milton,1629003,LAL,16158.0,269.0,-19.0,542.0,545.0,176.0,180.0,68.0,1087.0,16.0,22.0,6.0,7.0,5.0,8.0,10.0,23.0,1.0,4.0,4.0,13.0,2.0,5.0,3.0,13.0,1.0,3.0,,5.0,27.0,49.0,7.0,26.0,14.0,89.0,629.0,6.0,10.0,1.0,5.0,18.0,9.0,16.0,2.0,10.0,5.0,29.0,20.0,34.0,21.0,,,13.0,3.0,3.0,21.0,10.0,31.0,7.0,3.0,13.0,6.0,2.0,72.0,7.0,5.0,15.0,18.0,1.0,34.0,12.0,46.0,2.0,8.0,5.0,3.0,10.0,2.0,7.0,4.0,,3.0,1.0,,14.0,5.0,10.0,18.0,,16.0,,16.0,4.0,9.0,1.0,2.0,1.0,1.0,2.0,1.0,,29.0,174.0,1.0,1.0,0.3703703703703703,0.4545454545454545,1.0,0.2692307692307692,0.2,0.2,0.2692307692307692,0.5510204081632653,0.6,0.5625,0.5,0.5,0.4615384615384615,0.5493827160493827,0.5625,0.5178571428571429,0.3466666666666667,0.0612244897959183,0.0909090909090909,0.0434782608695652,15.39708265802269,0.7142857142857143,0.0625,0.1395348837209302,0.0393700787401574,0.1162790697674418,0.0546875,0.127906976744186,0.0470588235294117,0.0547945205479452,0.053763440860215,0.0571428571428571,0.0666666666666666,0.2096774193548387,0.0909090909090909,0.0879120879120879,0.1842105263157894,0.0606060606060606,0.5,0.2933333333333333,0.7272727272727273,0.8,0.375,0.3066666666666666,0.4347826086956521,0.4545454545454545,0.4,0.0533333333333333,0.25,0.25,,0.1733333333333333,0.3076923076923077,0.3636363636363636,1.0,0.1733333333333333,0.2307692307692307,0.25,1.0,0.4666666666666667,0.8571428571428571,,0.2,0.3333333333333333,1.0,0.3076923076923077,0.625,0.1923076923076923,0.4,0.1923076923076923,,0.64,0.2307692307692307,0.5283053333333334,0.4851571428571429,0.5323,0.1125,0.1666666666666666,0.2022471910112359,0.3258426966292135,6.7061224489795945,24.911538461538463,0.3247232472324723,,2.0,3.0,10.0,,,,,,,,0.0294117647058823,,0.1333333333333333,,,2.0,1.0,,,,,,,,,,,3.0,,0.1153846153846153,0.0769230769230769,False,,0.1538461538461538,
1629020,1610612747,Jarred Vanderbilt,Jarred Vanderbilt,1629020,LAL,30005.0,500.0,36.0,1028.0,1019.0,300.0,331.0,128.0,2047.0,39.0,61.0,15.0,25.0,12.0,18.0,2.0,11.0,,,9.0,25.0,1.0,6.0,,6.0,,,,4.0,41.0,72.0,9.0,31.0,15.0,124.0,1175.0,15.0,27.0,1.0,3.0,36.0,13.0,22.0,1.0,10.0,3.0,32.0,56.0,26.0,27.0,,1.0,5.0,,11.0,21.0,16.0,37.0,8.0,8.0,15.0,3.0,3.0,90.0,28.0,24.0,60.0,35.0,8.0,103.0,55.0,158.0,7.0,26.0,17.0,9.0,14.0,1.0,10.0,9.0,1.0,4.0,4.0,1.0,23.0,5.0,21.0,56.0,1.0,31.0,4.0,28.0,2.0,12.0,2.0,6.0,6.0,,7.0,4.0,,32.0,299.0,10.0,2.0,0.6829268292682927,0.9655172413793104,1.0,0.2903225806451613,0.3333333333333333,0.1,0.3,0.5694444444444444,0.5555555555555556,0.5909090909090909,0.529126213592233,0.55,0.453125,0.5391304347826087,0.5806451612903226,0.4571428571428571,0.3009708737864077,0.1527777777777778,0.1147540983606557,0.3636363636363636,11.655405405405403,0.6086956521739131,0.2857142857142857,0.1776649746192893,0.116504854368932,0.2197802197802197,0.1068702290076335,0.202127659574468,0.1111111111111111,0.1111111111111111,0.115,0.0806451612903225,0.15,0.1585365853658536,0.2857142857142857,0.2238805970149253,0.2083333333333333,0.175,0.5714285714285714,0.5922330097087378,0.639344262295082,0.7222222222222222,0.6666666666666666,0.1067961165048543,0.1818181818181818,0.2857142857142857,1.0,,,,,0.2427184466019417,0.36,0.36,1.0,0.058252427184466,,,,0.8333333333333334,0.6,0.1333333333333333,,,,0.5625,0.6666666666666666,0.1875,0.1666666666666666,0.125,,0.8932038834951457,,0.6147524509803922,0.6060049999999999,0.6058693548387095,0.1061946902654867,0.1463414634146341,0.2903225806451613,0.2580645161290322,2.0791666666666675,25.31935483870968,0.2918287937743191,1.0,3.0,3.0,24.0,3.0,4.0,1.0,,5.0,,0.1034482758620689,0.1375,0.074074074074074,0.1,0.3333333333333333,1.0,2.0,1.0,1.0,,,1.0,1.0,,,,,,,,,,False,,,
1629029,1610612747,Luka Dončić,Luka Dončić,1629029,LAL,50788.0,846.0,112.0,1732.0,1718.0,416.0,393.0,183.0,3450.0,55.0,84.0,12.0,17.0,13.0,22.0,40.0,103.0,21.0,58.0,4.0,12.0,,3.0,78.0,220.0,8.0,18.0,21.0,63.0,116.0,245.0,82.0,232.0,174.0,652.0,1954.0,18.0,30.0,11.0,25.0,81.0,29.0,60.0,21.0,66.0,64.0,185.0,66.0,166.0,99.0,147.0,1.0,219.0,78.0,16.0,108.0,79.0,187.0,45.0,34.0,87.0,18.0,3.0,453.0,16.0,6.0,75.0,90.0,13.0,178.0,22.0,200.0,6.0,38.0,28.0,10.0,68.0,15.0,44.0,24.0,4.0,24.0,1.0,1.0,92.0,16.0,28.0,60.0,1.0,146.0,5.0,215.0,20.0,92.0,13.0,10.0,3.0,7.0,11.0,7.0,,184.0,411.0,2.0,11.0,0.2844827586206896,0.2972972972972973,0.4024390243902439,0.3534482758620689,0.44,0.3181818181818182,0.354978354978355,0.473469387755102,0.6,0.4833333333333333,0.5010482180293501,0.6272727272727273,0.4801587301587302,0.5710526315789474,0.6428571428571429,0.5817610062893082,0.4863731656184486,0.0653061224489796,0.0952380952380952,0.058252427184466,34.088568486096804,0.7391304347826086,0.3421052631578947,0.2163461538461538,0.018808777429467,0.1740139211136891,0.0347826086956521,0.1948051948051948,0.0282413350449293,0.0139860139860139,0.0294985250737463,0.0495867768595041,0.204225352112676,0.2068965517241379,0.2676056338028169,0.1772151898734177,0.1652173913043478,0.0236220472440944,0.6363636363636364,0.1761006289308176,0.6547619047619048,0.7236842105263158,0.4181818181818181,0.2159329140461215,0.3883495145631068,0.4123711340206185,0.175,0.1215932914046121,0.3620689655172414,0.375,0.1428571428571428,0.0251572327044025,0.3333333333333333,0.3333333333333333,0.75,0.4612159329140461,0.3545454545454545,0.3577981651376147,0.3846153846153846,0.3090909090909091,0.7058823529411765,0.4166666666666667,0.3272727272727272,0.4444444444444444,0.625,0.1746031746031746,0.5909090909090909,0.0238095238095238,,0.5,0.3333333333333333,0.6624737945492662,0.3561643835616438,0.5134307610993658,0.527109090909091,0.5067016393442623,0.1795332136445242,0.2902208201892745,0.1242331288343558,0.2837423312883436,8.697959183673474,27.386637931034485,0.2401847575057736,3.0,7.0,12.0,10.0,,3.0,,1.0,3.0,1.0,,0.0258620689655172,0.0166666666666666,0.1272727272727272,0.4285714285714285,1.0,1.0,1.0,,1.0,8.0,1.0,1.0,,,,0.0344827586206896,0.0333333333333333,2.0,,0.0086206896551724,0.009090909090909,False,,,
1641998,1610612747,Trey Jemison III,Trey Jemison III,1641998,LAL,11594.0,193.0,5.0,388.0,386.0,140.0,137.0,41.0,774.0,19.0,26.0,3.0,6.0,10.0,12.0,4.0,12.0,,,,,,,,,,,,,23.0,38.0,,,4.0,50.0,443.0,5.0,9.0,,,11.0,12.0,15.0,,,3.0,27.0,38.0,8.0,,,,,,3.0,,4.0,4.0,2.0,2.0,,,,12.0,6.0,10.0,17.0,13.0,3.0,33.0,16.0,49.0,,2.0,1.0,1.0,5.0,,2.0,4.0,,3.0,1.0,,9.0,2.0,23.0,38.0,1.0,7.0,,10.0,,3.0,2.0,8.0,3.0,5.0,8.0,4.0,2.0,27.0,140.0,4.0,2.0,0.8260869565217391,0.95,,,,,,0.6052631578947368,0.5555555555555556,0.8,0.6052631578947368,0.5555555555555556,0.8,0.5813953488372093,0.55,0.7105263157894737,,0.0789473684210526,0.0769230769230769,0.0833333333333333,11.954022988505749,0.5555555555555556,0.2727272727272727,0.1585365853658536,0.1219512195121951,0.1416666666666666,0.088235294117647,0.1485148514851485,0.1066666666666666,0.0952380952380952,0.1111111111111111,,0.1379310344827586,0.1666666666666666,0.1764705882352941,0.1379310344827586,0.1515151515151515,,0.5,0.6842105263157895,0.7307692307692307,0.7916666666666666,0.8421052631578947,0.3157894736842105,0.3333333333333333,0.3636363636363636,0.75,,,,,,,,,,,,,0.6666666666666666,0.5,,,,,0.8,0.8333333333333334,,,,,0.6842105263157895,,0.5421657894736841,0.5314,0.5476266666666666,0.073170731707317,0.073170731707317,0.22,0.54,3.878947368421052,,0.3608247422680412,,,1.0,6.0,,5.0,,,1.0,2.0,,0.2083333333333333,0.0625,,,,1.0,2.0,,,,,,,,,,,,,,,False,,,
1630692,1610612747,Jordan Goodwin,Jordan Goodwin,1630692,LAL,27538.0,459.0,-19.0,924.0,923.0,247.0,259.0,124.0,1847.0,14.0,25.0,6.0,12.0,3.0,5.0,14.0,28.0,4.0,8.0,11.0,26.0,1.0,4.0,10.0,29.0,1.0,3.0,3.0,8.0,32.0,61.0,21.0,55.0,9.0,136.0,1083.0,9.0,17.0,2.0,5.0,26.0,6.0,12.0,4.0,12.0,8.0,32.0,30.0,34.0,60.0,3.0,,29.0,10.0,6.0,19.0,13.0,32.0,11.0,2.0,13.0,6.0,,77.0,23.0,10.0,26.0,25.0,3.0,54.0,34.0,88.0,2.0,26.0,13.0,13.0,12.0,3.0,8.0,7.0,1.0,4.0,,,19.0,4.0,25.0,40.0,2.0,10.0,3.0,11.0,1.0,2.0,4.0,11.0,6.0,4.0,11.0,5.0,,30.0,245.0,3.0,3.0,0.46875,0.6,0.9523809523809524,0.3818181818181818,0.4,0.3333333333333333,0.3818181818181818,0.5245901639344263,0.5294117647058824,0.5,0.5474137931034483,0.5454545454545454,0.5,0.5619834710743802,0.5416666666666666,0.5517241379310345,0.4741379310344827,0.0983606557377049,0.16,0.0714285714285714,13.120899718837864,0.631578947368421,0.1071428571428571,0.1351351351351351,0.048780487804878,0.1155555555555555,0.097457627118644,0.124390243902439,0.0748299319727891,0.0319148936170212,0.1129943502824858,0.0508474576271186,0.1186440677966101,0.0947368421052631,0.2903225806451613,0.1055900621118012,0.140625,0.0363636363636363,0.4545454545454545,0.2155172413793103,0.56,0.6666666666666666,0.2857142857142857,0.2413793103448276,0.5,0.5384615384615384,0.7142857142857143,0.0689655172413793,0.5,0.5,0.25,0.2241379310344827,0.4230769230769231,0.4230769230769231,1.0,0.25,0.3448275862068966,0.3571428571428571,0.9,0.5454545454545454,0.5,,0.1363636363636363,0.3333333333333333,1.0,0.2083333333333333,0.6,0.1666666666666666,0.25,0.3333333333333333,0.375,0.6896551724137931,0.3448275862068966,0.5391525862068963,0.5477200000000001,0.5338062500000001,0.017094017094017,0.032258064516129,0.1911764705882352,0.2352941176470588,6.813114754098357,24.587272727272723,0.2673160173160173,1.0,2.0,2.0,14.0,1.0,1.0,,,2.0,,0.0454545454545454,0.072463768115942,0.0476190476190476,0.0909090909090909,0.5,1.0,2.0,,,,,,,,1.0,,,,1.0,,0.0181818181818181,0.0344827586206896,False,,,
202693,1610612747,Markieff Morris,Markieff Morris,202693,LAL,5458.0,91.0,-1.0,189.0,186.0,53.0,71.0,17.0,375.0,1.0,6.0,,1.0,1.0,6.0,3.0,8.0,1.0,4.0,,6.0,,1.0,6.0,14.0,,2.0,1.0,3.0,5.0,18.0,6.0,20.0,5.0,33.0,217.0,,2.0,,2.0,,1.0,9.0,1.0,4.0,2.0,7.0,6.0,4.0,18.0,,,14.0,6.0,2.0,6.0,5.0,11.0,4.0,1.0,4.0,2.0,,27.0,1.0,2.0,1.0,6.0,1.0,8.0,3.0,11.0,1.0,,,,1.0,,,,,1.0,,,1.0,,5.0,10.0,,4.0,,6.0,,3.0,,1.0,1.0,,1.0,1.0,,7.0,53.0,3.0,,0.6,0.6,1.0,0.3,,0.25,0.3,0.2777777777777778,,0.1111111111111111,0.3684210526315789,,0.1923076923076923,0.4024390243902439,,0.25,0.5263157894736842,0.1111111111111111,0.3333333333333333,,20.19230769230769,1.0,0.125,0.1764705882352941,0.0454545454545454,0.0232558139534883,0.0227272727272727,0.0909090909090909,0.034090909090909,0.0526315789473684,,0.0909090909090909,,0.2777777777777778,0.1666666666666666,0.032258064516129,,0.04,1.0,0.1578947368421052,0.1666666666666666,0.25,1.0,0.2105263157894736,0.375,0.375,0.3333333333333333,0.1052631578947368,0.25,0.25,1.0,0.1578947368421052,,,,0.3684210526315789,0.4285714285714285,0.4285714285714285,1.0,0.25,,,0.5,,,0.4615384615384615,0.1666666666666666,0.0769230769230769,,0.2307692307692307,0.3333333333333333,0.6842105263157895,0.4285714285714285,0.5218881578947369,0.536475,0.5449769230769231,0.073170731707317,0.1428571428571428,,0.2121212121212121,9.866666666666667,24.985,0.2804232804232804,,,,,,1.0,,,,,,0.0714285714285714,,,,,,,,,,,,,,,,,,,,,False,,,
203458,1610612747,Alex Len,Alex Len,203458,LAL,6514.0,109.0,-43.0,219.0,225.0,42.0,54.0,27.0,444.0,4.0,9.0,2.0,4.0,2.0,2.0,3.0,7.0,,,1.0,1.0,1.0,1.0,,1.0,,,,,7.0,16.0,1.0,2.0,1.0,18.0,285.0,2.0,4.0,,,5.0,4.0,4.0,1.0,1.0,1.0,12.0,10.0,4.0,3.0,,,1.0,,3.0,4.0,3.0,7.0,2.0,1.0,2.0,1.0,1.0,17.0,5.0,8.0,7.0,8.0,1.0,16.0,13.0,29.0,1.0,1.0,1.0,,3.0,2.0,3.0,3.0,1.0,,,,6.0,1.0,10.0,15.0,,2.0,,4.0,,1.0,1.0,2.0,2.0,,2.0,1.0,,12.0,42.0,1.0,1.0,0.7142857142857143,0.8333333333333334,1.0,0.5,,1.0,0.5,0.4375,0.5,1.0,0.4722222222222222,0.5,1.1,0.45,0.5,0.8571428571428571,0.1111111111111111,0.1875,0.2222222222222222,0.1428571428571428,10.44176706827309,0.5,0.1428571428571428,0.2285714285714285,0.1538461538461538,0.106060606060606,0.0833333333333333,0.1485148514851485,0.1160714285714285,0.2222222222222222,0.0454545454545454,0.1875,0.2,0.2857142857142857,,0.1136363636363636,0.0909090909090909,0.1428571428571428,0.5,0.5,0.4444444444444444,0.5714285714285714,0.75,0.3888888888888889,0.4285714285714285,0.5,0.6666666666666666,,,,,0.0555555555555555,1.0,1.0,1.0,0.0555555555555555,,,,1.0,0.5,0.5,,,,0.4,1.0,0.2,1.0,,,0.6111111111111112,,0.5541666666666667,0.60835,0.55809,0.0526315789473684,0.0588235294117647,0.2777777777777778,0.6666666666666666,4.10625,24.75,0.1917808219178082,,,1.0,2.0,,3.0,1.0,,,,,0.1428571428571428,,,,,,,,,,,,,,,,,,,,,False,,,
203076,1610612747,Anthony Davis,Anthony Davis,203076,LAL,,,,,,,,,,,,,,,,,,,,,,,,,,,,,,,,,,,,,,,,,,,,,,,,,,,,,,,,,,,,,,,,,,,,,,,,,,,,,,,,,,,,,,,,,,,,1.0,,,,,,,,,,,,,,,,,,,,,,,,,,,,,,,,,,,,,,,,,,,,,,,,,,,,,,,,,,,,,,,,,,,,,,,,,,,,,,,,,,,,,,,,,,,,,,,,,,,,,,,,,,,,,,,,,,,,1.0,,,,,,,,,,,,,False,,,
1642439,1610612747,Quincy Olivari,Quincy Olivari,1642439,LAL,481.0,8.0,-16.0,17.0,16.0,,10.0,4.0,33.0,,,,,,,,,,,,1.0,,,1.0,4.0,,,,,,,1.0,5.0,,3.0,23.0,,,,,,,,,,,,,,3.0,,,4.0,1.0,,1.0,,1.0,,,1.0,,,2.0,,,,,,,,,,,,,,1.0,,1.0,,,,,1.0,,,,,1.0,,,,,,,,,,,,,,,,,,1.0,0.2,,,0.2,,,,0.3,,,0.3,,,1.0,,,,28.571428571428573,,,,,,,,,,,,,,,,,,,,,,,,,,,,,,,0.2,,,,0.8,0.25,0.25,1.0,,,,,,,,,,,,,1.0,0.25,0.52974,,,,,,,,25.9,,,,,,,,,,,,,,,,,,,,,,,,,,,,,,,,,,False,,,
1641720,1610612747,Jalen Hood-Schifino,Jalen Hood-Schifino,1641720,LAL,88.0,1.0,-4.0,4.0,3.0,,1.0,,7.0,,,,,,,,,,,,,,,,,,,,,,,,,,,6.0,,,,,,,,,,,,,,,,,,,,,,,,,,,,,,,,,,,,,,,,,,,,,,,,,,,,,,,,,,,,,,,,,,,,,,,,,,,,,,,,,,,,,,,,,,,,,,,,,,,,,,,,,,,,,,,,,,,,,,,,,,,,,,,,,,,,,,,,,,,,,,,,,,,,,,,,,,,,,,,,,,,,,,,,,,,,,,,,,,,,,,,,,False,,,
1628997,1610612742,Caleb Martin,Caleb Martin,1628997,DAL,3289.0,55.0,5.0,112.0,113.0,36.0,29.0,11.0,225.0,3.0,5.0,1.0,1.0,1.0,1.0,1.0,5.0,1.0,1.0,,1.0,,,,1.0,,,,,5.0,11.0,,2.0,6.0,16.0,123.0,1.0,1.0,,,2.0,3.0,4.0,,,3.0,9.0,4.0,6.0,,,,1.0,,1.0,4.0,2.0,6.0,1.0,1.0,2.0,1.0,1.0,14.0,,1.0,4.0,4.0,,8.0,1.0,9.0,,1.0,1.0,,1.0,,,1.0,,1.0,,,2.0,,5.0,7.0,1.0,6.0,,8.0,,4.0,,1.0,1.0,,1.0,1.0,,9.0,36.0,,,0.4,0.5,,,,,,0.45454545454545453,1.0,0.75,0.38461538461538464,1.0,0.75,0.47058823529411764,1.0,0.75,0.15384615384615385,0.09090909090909091,,0.2,15.447154471544716,0.5,,0.13333333333333333,0.04,0.14814814814814814,,0.14035087719298245,0.019230769230769232,0.07142857142857142,,,0.23076923076923078,0.07142857142857142,,0.15789473684210525,0.125,,1.0,0.38461538461538464,0.6,0.6,0.6666666666666666,0.38461538461538464,0.2,0.25,,0.07692307692307693,1.0,1.0,,0.07692307692307693,,,,0.07692307692307693,,,,1.0,1.0,,,,,0.25,1.0,,,,,0.5384615384615384,,0.5574076923076923,0.6835,0.5175,0.23529411764705882,0.26666666666666666,0.125,0.5625,5.581818181818181,24.200000000000003,0.32142857142857145,,,,2.0,,1.0,,1.0,,,,,,,,,,,1.0,,,,,,,,,,,,,,True,,,
1629023,1610612742,P.J. Washington,P.J. Washington,1629023,DAL,4809.0,80.0,-14.0,162.0,162.0,12.0,36.0,15.0,324.0,6.0,7.0,,1.0,,,3.0,7.0,,,,4.0,,,1.0,5.0,,1.0,1.0,1.0,9.0,14.0,1.0,9.0,9.0,30.0,203.0,,2.0,,2.0,,,,1.0,1.0,4.0,7.0,14.0,4.0,3.0,,,5.0,1.0,1.0,3.0,3.0,6.0,2.0,1.0,2.0,,1.0,15.0,,2.0,6.0,4.0,1.0,11.0,2.0,13.0,2.0,,,,1.0,,1.0,1.0,1.0,,,,2.0,,1.0,5.0,,6.0,,10.0,,4.0,1.0,5.0,2.0,3.0,6.0,6.0,,7.0,11.0,,1.0,0.7777777777777778,0.7777777777777778,1.0,0.1111111111111111,,1.0,0.1111111111111111,0.6428571428571429,,,0.45652173913043476,,1.5,0.5357142857142857,,1.1666666666666667,0.391304347826087,0.07142857142857142,,0.14285714285714285,16.483516483516482,0.5,0.5,0.1,0.04878048780487805,0.17647058823529413,,0.13513513513513514,0.02631578947368421,0.1,,,0.06666666666666667,0.10526315789473684,0.16666666666666666,0.17857142857142858,0.16666666666666666,0.16666666666666666,1.0,0.30434782608695654,0.8571428571428571,0.8571428571428571,0.8333333333333334,0.30434782608695654,0.42857142857142855,0.5,0.6666666666666666,,,,,0.17391304347826086,,,,0.21739130434782608,0.2,0.2,1.0,0.25,,,0.25,,,,,,,1.0,1.0,0.6956521739130435,0.2,0.5676413043478261,0.51505,0.5214,0.14814814814814814,0.2222222222222222,,0.23333333333333334,4.335714285714285,24.677777777777777,0.07407407407407407,,1.0,,,,,,,,,,,,0.25,,,,,,,,1.0,1.0,,,,,,,,,,True,,,
1629655,1610612742,Daniel Gafford,Daniel Gafford,1629655,DAL,1735.0,29.0,-7.0,57.0,58.0,10.0,5.0,8.0,115.0,6.0,9.0,1.0,2.0,,,,1.0,,,,,,,,,,,,,6.0,10.0,,,2.0,14.0,83.0,1.0,2.0,,,4.0,,1.0,,,,,10.0,2.0,,,,,,2.0,,1.0,1.0,1.0,,,,,3.0,2.0,3.0,1.0,3.0,1.0,5.0,5.0,10.0,2.0,,,,1.0,,,,,1.0,,,1.0,,3.0,4.0,,3.0,,4.0,,2.0,,1.0,1.0,,1.0,,,,10.0,,,0.8333333333333334,1.0,,,,,,0.6,0.5,,0.6,0.5,,0.5833333333333334,0.5,,,0.2,0.1111111111111111,1.0,20.0,1.0,1.0,0.2,0.2,0.07692307692307693,0.2857142857142857,0.14285714285714285,0.22727272727272727,,0.2,0.5,0.3333333333333333,0.1111111111111111,,0.16666666666666666,,1.0,,0.9,0.6666666666666666,0.75,0.8333333333333334,0.1,,,,,,,,,,,,,,,,1.0,0.5,,,,,,,,,,,0.9,,0.6668400000000001,0.7464999999999999,0.2621,0.16666666666666666,0.16666666666666666,0.2857142857142857,,1.83,,0.17543859649122806,,,2.0,2.0,,,,,,1.0,,0.5,0.16666666666666666,,,,1.0,,,,,,,,,,,,,,,,True,,,
203076,1610612742,Anthony Davis,Anthony Davis,203076,DAL,12131.0,202.0,-7.0,413.0,406.0,58.0,88.0,37.0,819.0,20.0,32.0,3.0,4.0,1.0,5.0,14.0,38.0,15.0,28.0,1.0,1.0,,,5.0,22.0,,,3.0,5.0,49.0,98.0,6.0,23.0,28.0,144.0,473.0,4.0,10.0,,,11.0,3.0,9.0,3.0,5.0,6.0,21.0,62.0,36.0,9.0,9.0,,22.0,5.0,2.0,17.0,7.0,24.0,5.0,2.0,14.0,2.0,1.0,55.0,4.0,6.0,24.0,32.0,1.0,57.0,10.0,67.0,2.0,5.0,1.0,4.0,8.0,2.0,6.0,6.0,3.0,2.0,,,14.0,2.0,9.0,13.0,1.0,32.0,1.0,41.0,3.0,21.0,1.0,12.0,10.0,2.0,12.0,7.0,,21.0,57.0,,1.0,0.6326530612244898,0.6739130434782609,0.5,0.2608695652173913,,0.6,0.2608695652173913,0.5,0.4,0.3333333333333333,0.4793388429752066,0.4,0.5357142857142857,0.5142857142857142,0.39285714285714285,0.6176470588235294,0.19008264462809918,0.02040816326530612,0.03125,0.02631578947368421,33.84615384615385,0.5714285714285714,0.2,0.31683168316831684,0.05555555555555555,0.24489795918367346,0.04938271604938271,0.2814070351758794,0.05291005291005291,0.08928571428571429,0.05454545454545454,0.038461538461538464,0.23809523809523808,0.34782608695652173,0.46153846153846156,0.2638888888888889,0.19230769230769232,0.03125,0.5833333333333334,0.2644628099173554,0.625,0.6451612903225806,0.8,0.3140495867768595,0.3684210526315789,0.3783783783783784,0.5,0.23140495867768596,0.5357142857142857,0.5357142857142857,0.5333333333333333,0.008264462809917356,1.0,1.0,1.0,0.18181818181818182,0.22727272727272727,0.22727272727272727,0.4,0.4,0.75,,,,,0.35714285714285715,0.2,,,0.35714285714285715,0.6,0.45454545454545453,0.22727272727272727,0.5116359504132231,0.4875375,0.5191142857142858,0.1510791366906475,0.1810344827586207,0.0763888888888889,0.14583333333333334,9.198979591836732,25.56956521739131,0.14043583535108958,,,3.0,6.0,,1.0,,,1.0,,,0.03333333333333333,,,,,,,,,,,,,,,,,,,,,True,,,
203915,1610612742,Spencer Dinwiddie,Spencer Dinwiddie,203915,DAL,7501.0,125.0,-20.0,255.0,255.0,14.0,48.0,21.0,510.0,3.0,8.0,,,,1.0,5.0,11.0,,1.0,3.0,4.0,,,5.0,14.0,,1.0,1.0,2.0,8.0,20.0,8.0,18.0,4.0,44.0,295.0,1.0,1.0,,1.0,2.0,,1.0,1.0,2.0,,3.0,4.0,12.0,15.0,9.0,,14.0,5.0,1.0,26.0,7.0,33.0,6.0,1.0,16.0,7.0,3.0,73.0,,1.0,9.0,10.0,,19.0,1.0,20.0,,4.0,4.0,,4.0,4.0,3.0,5.0,,1.0,,,9.0,,6.0,9.0,1.0,5.0,,7.0,1.0,4.0,,,,,,,,3.0,13.0,,,0.25,0.25,0.625,0.4444444444444444,,0.5,0.4444444444444444,0.4,1.0,,0.5263157894736842,0.5,0.5,0.5365853658536586,0.5,0.5,0.47368421052631576,0.05,0.125,,17.73049645390071,0.4444444444444444,,0.15384615384615385,0.0136986301369863,0.16363636363636364,,0.15833333333333333,0.008130081300813009,,,,0.1724137931034483,0.07142857142857142,0.375,0.14634146341463414,0.21428571428571427,,,0.21052631578947367,0.375,0.42857142857142855,0.3333333333333333,0.2894736842105263,0.45454545454545453,0.45454545454545453,0.2,0.02631578947368421,,,,0.10526315789473684,0.75,0.75,1.0,0.3684210526315789,0.35714285714285715,0.35714285714285715,0.4,,,,0.5,,,0.3333333333333333,,,,0.6666666666666666,0.5,0.6842105263157895,0.35714285714285715,0.5092815789473685,0.4463,0.4680166666666667,0.0975609756097561,0.17391304347826086,0.045454545454545456,0.06818181818181818,7.26,25.133333333333336,0.054901960784313725,,,,,,1.0,,,,,,,0.06666666666666667,,,,,,,,,,,,,,,,,,,,True,,,
1630230,1610612742,Naji Marshall,Naji Marshall,1630230,DAL,6108.0,102.0,-13.0,208.0,205.0,31.0,61.0,13.0,413.0,9.0,11.0,1.0,1.0,3.0,3.0,1.0,4.0,1.0,2.0,1.0,1.0,,,2.0,4.0,,,,2.0,11.0,17.0,3.0,5.0,6.0,37.0,249.0,1.0,1.0,,,2.0,3.0,3.0,,2.0,,6.0,14.0,8.0,9.0,,2.0,2.0,2.0,,7.0,4.0,11.0,,4.0,3.0,,4.0,26.0,1.0,1.0,5.0,3.0,,8.0,2.0,10.0,,3.0,1.0,2.0,2.0,,2.0,2.0,1.0,,,,4.0,2.0,2.0,3.0,1.0,5.0,,6.0,,3.0,,2.0,1.0,1.0,2.0,1.0,,6.0,31.0,,,0.6363636363636364,0.7,1.0,0.6,,,1.0,0.6470588235294118,1.0,1.0,0.7045454545454546,1.0,0.6,0.74,1.0,0.6,0.22727272727272727,,,,12.94642857142857,0.5,,0.0625,0.017857142857142856,0.1,0.03125,0.08163265306122448,0.022727272727272728,,0.045454545454545456,,0.045454545454545456,0.09523809523809523,,0.07894736842105263,0.16666666666666666,,0.5,0.5,0.8181818181818182,0.8181818181818182,0.6666666666666666,0.18181818181818182,0.25,0.25,,0.09090909090909091,0.5,0.5,1.0,0.045454545454545456,1.0,1.0,1.0,0.18181818181818182,0.5,0.5,1.0,1.0,1.0,,,,,0.6,1.0,,,0.4,,0.7272727272727273,1.0,0.55575,0.6057,0.6331333333333333,0.12,0.15,0.05405405405405406,0.16216216216216217,5.31764705882353,34.18,0.14903846153846154,,,,2.0,,,,,,,,,0.1,,,,,,,,,,,,,,,,,,,,True,,,
202691,1610612742,Klay Thompson,Klay Thompson,202691,DAL,7950.0,132.0,-35.0,271.0,267.0,9.0,27.0,22.0,538.0,4.0,4.0,,,,,1.0,4.0,4.0,8.0,6.0,14.0,,1.0,11.0,27.0,2.0,2.0,,,9.0,16.0,17.0,41.0,2.0,71.0,320.0,,,2.0,4.0,6.0,,,,1.0,2.0,2.0,14.0,4.0,48.0,3.0,,27.0,11.0,1.0,4.0,2.0,6.0,,2.0,4.0,,,14.0,1.0,,7.0,3.0,,10.0,1.0,11.0,1.0,2.0,2.0,,,1.0,,1.0,,,,,1.0,1.0,1.0,4.0,,3.0,,2.0,,,1.0,3.0,1.0,2.0,3.0,3.0,,,8.0,1.0,,0.7777777777777778,0.7777777777777778,0.9411764705882353,0.4146341463414634,0.5,,0.4146341463414634,0.5625,,,0.6052631578947368,0.75,,0.6120689655172413,0.75,0.5,0.7192982456140351,0.0625,,,20.0,,,0.04285714285714286,,0.11666666666666667,0.016129032258064516,0.07692307692307693,0.007751937984496124,,,0.06666666666666667,0.03333333333333333,0.06896551724137931,,0.09090909090909091,0.1875,0.034482758620689655,1.0,0.07017543859649122,1.0,1.0,0.5,0.07017543859649122,0.25,0.25,1.0,0.14035087719298245,0.5,0.5714285714285714,1.0,0.24561403508771928,0.42857142857142855,0.46153846153846156,1.0,0.47368421052631576,0.4074074074074074,0.4074074074074074,0.9090909090909091,,,,0.5,1.0,1.0,,,1.0,,,,0.7894736842105263,0.4074074074074074,0.5469491228070176,0.5996999999999999,0.35835,,,0.08450704225352113,0.028169014084507043,11.5625,24.782926829268295,0.033210332103321034,,2.0,,,,,,,,,,,,0.5,,,,,,,,,,,,,0.125,,1.0,,0.024390243902439025,,True,,0.07142857142857142,
1631108,1610612742,Max Christie,Max Christie,1631108,DAL,4509.0,75.0,18.0,152.0,148.0,44.0,52.0,15.0,300.0,1.0,3.0,,,1.0,2.0,,3.0,1.0,2.0,2.0,6.0,,2.0,3.0,7.0,1.0,1.0,2.0,3.0,2.0,8.0,5.0,13.0,10.0,29.0,168.0,,,1.0,1.0,3.0,1.0,3.0,2.0,5.0,3.0,11.0,2.0,2.0,15.0,,,7.0,3.0,1.0,3.0,1.0,4.0,1.0,,1.0,1.0,1.0,9.0,,,4.0,4.0,,8.0,,8.0,,1.0,1.0,,,2.0,,2.0,,,,,2.0,,1.0,3.0,,5.0,,10.0,,4.0,2.0,1.0,,1.0,1.0,1.0,,11.0,44.0,,,0.5,0.5,1.0,0.38461538461538464,1.0,0.4,0.38461538461538464,0.25,,0.3333333333333333,0.4523809523809524,1.5,0.5,0.5370370370370371,1.5,0.55,0.6190476190476191,0.125,0.3333333333333333,,15.882352941176471,,,0.11764705882352941,,0.10810810810810811,,0.11267605633802817,,,,,0.125,0.11764705882352941,,0.14814814814814814,,,1.0,0.14285714285714285,0.3333333333333333,0.5,,0.14285714285714285,,,,0.09523809523809523,0.5,0.5,1.0,0.2857142857142857,0.3333333333333333,0.3333333333333333,1.0,0.3333333333333333,0.42857142857142855,0.42857142857142855,1.0,,,,1.0,1.0,1.0,0.25,0.5,0.25,,0.375,0.6666666666666666,0.7619047619047619,0.42857142857142855,0.5359380952380951,0.5211,0.549575,0.16,0.3333333333333333,0.10344827586206896,0.3793103448275862,8.3125,24.415384615384614,0.2894736842105263,,,,,,,,,,,,,,,,,,,1.0,,,,,,,,,,,,,,True,,,
1630702,1610612742,Jaden Hardy,Jaden Hardy,1630702,DAL,3220.0,54.0,8.0,110.0,105.0,35.0,30.0,12.0,215.0,3.0,4.0,,,,,1.0,3.0,2.0,3.0,2.0,9.0,1.0,4.0,4.0,4.0,1.0,1.0,2.0,2.0,6.0,10.0,6.0,13.0,2.0,32.0,116.0,,,2.0,2.0,6.0,,,3.0,6.0,,9.0,2.0,10.0,12.0,6.0,,4.0,4.0,1.0,1.0,3.0,4.0,2.0,1.0,,1.0,,11.0,,,1.0,,,1.0,,1.0,,1.0,1.0,,1.0,,1.0,2.0,,,,2.0,3.0,1.0,1.0,3.0,,5.0,3.0,4.0,,2.0,,,,,,,,9.0,35.0,,,0.16666666666666666,0.16666666666666666,0.6666666666666666,0.46153846153846156,1.0,0.5,0.46153846153846156,0.6,,,0.6521739130434783,1.5,0.75,0.64,1.5,0.75,0.5652173913043478,0.1,,0.3333333333333333,23.140495867768596,0.3333333333333333,,,,0.029411764705882353,,0.018867924528301886,,,,,,,,0.041666666666666664,,,,0.17391304347826086,0.75,0.75,0.3333333333333333,0.13043478260869565,0.3333333333333333,0.5,,0.13043478260869565,0.6666666666666666,0.6666666666666666,,0.391304347826087,0.2222222222222222,0.2222222222222222,1.0,0.17391304347826086,1.0,1.0,0.5,,,,0.5,1.0,1.0,,,0.6666666666666666,0.25,0.3333333333333333,1.0,0.7391304347826086,1.0,0.5259456521739131,0.48007500000000003,0.5254,0.08,0.16666666666666666,0.1875,0.28125,9.969999999999999,23.392307692307693,0.3181818181818182,1.0,1.0,,,,2.0,,,,,,,,0.5,1.0,1.0,1.0,,,,,,,,,,,,,,,,True,,,
1630314,1610612742,Brandon Williams,Brandon Williams,1630314,DAL,1894.0,32.0,15.0,68.0,63.0,21.0,22.0,6.0,131.0,2.0,2.0,,,,,2.0,4.0,,,,,,,1.0,3.0,1.0,1.0,1.0,1.0,4.0,6.0,1.0,3.0,4.0,15.0,62.0,1.0,1.0,1.0,1.0,5.0,1.0,3.0,1.0,1.0,,5.0,2.0,6.0,3.0,,,3.0,1.0,1.0,1.0,4.0,5.0,2.0,2.0,,,1.0,14.0,1.0,1.0,,2.0,,2.0,2.0,4.0,,1.0,1.0,,2.0,1.0,2.0,1.0,,,,,3.0,1.0,2.0,2.0,,5.0,1.0,4.0,,2.0,,,,,,,,5.0,20.0,,,0.25,0.3333333333333333,1.0,0.3333333333333333,1.0,1.0,0.3333333333333333,0.6666666666666666,1.0,0.3333333333333333,0.6111111111111112,1.25,0.625,0.6818181818181818,1.25,0.625,0.3333333333333333,0.16666666666666666,,0.25,19.178082191780824,0.6666666666666666,,0.18181818181818182,0.08333333333333333,,0.06666666666666667,0.058823529411764705,0.07407407407407407,0.16666666666666666,,0.1111111111111111,0.4,,,,,,,0.2222222222222222,1.0,1.0,,0.4444444444444444,0.5,0.6666666666666666,0.5,,,,,,,,,0.3333333333333333,0.3333333333333333,0.3333333333333333,1.0,,,,0.5,1.0,1.0,,,,,0.25,1.0,0.5555555555555556,0.3333333333333333,0.5425333333333333,0.4371,0.4436125,0.18181818181818182,0.25,0.3333333333333333,0.3333333333333333,5.05,26.333333333333332,0.3088235294117647,,,,2.0,,,,,,,,,,,,,,,,,,,,,,,,,,,,,True,,,
1630539,1610612742,Kai Jones,Kai Jones,1630539,DAL,2913.0,49.0,6.0,99.0,98.0,3.0,10.0,11.0,197.0,9.0,10.0,2.0,3.0,,,,,,,,,,,,,,,,,9.0,10.0,,,3.0,21.0,93.0,2.0,3.0,,,4.0,,,,,,,12.0,6.0,,,,,,1.0,1.0,1.0,2.0,1.0,,1.0,,,5.0,3.0,6.0,6.0,4.0,1.0,11.0,9.0,20.0,,3.0,1.0,2.0,1.0,,,1.0,,1.0,,,2.0,,4.0,6.0,1.0,3.0,,3.0,1.0,2.0,,1.0,1.0,,1.0,1.0,,,3.0,,,0.6666666666666666,0.8571428571428571,,,,,,0.9,0.6666666666666666,,0.9,0.6666666666666666,,0.9545454545454546,0.6666666666666666,,,0.1,0.1,,11.711711711711711,0.5,0.5,0.12903225806451613,0.2222222222222222,0.24,0.10344827586206896,0.17857142857142858,0.16071428571428573,0.25,0.1,0.1111111111111111,,0.3076923076923077,,0.19047619047619047,0.5,,1.0,1.0,0.9,1.0,0.6666666666666666,,,,,,,,,,,,,,,,,1.0,0.6666666666666666,,,,,,,,,,,1.0,,0.7375999999999999,0.61325,,0.18181818181818182,0.18181818181818182,0.19047619047619047,,0.9400000000000001,,0.030303030303030304,,,,4.0,,,,,,,,0.2222222222222222,0.16666666666666666,,,,,,,,,,,,,,,,,,,,True,,,
203939,1610612742,Dwight Powell,Dwight Powell,203939,DAL,561.0,9.0,6.0,21.0,20.0,5.0,4.0,4.0,41.0,,,,,,,,,,,,,,,,,,,,,,,,,2.0,2.0,20.0,,,,,2.0,,,,,,,,,,,,,,,,1.0,1.0,1.0,,,,,3.0,1.0,,,1.0,,1.0,1.0,2.0,,,,,,,,,,,,,,,1.0,2.0,,1.0,,2.0,,1.0,,,,,,,,,5.0,,,,,,,,,,,,,,,,1.0,1.0,,,,,,4.0,,,0.3333333333333333,,,0.25,0.125,0.125,,,0.3333333333333333,,1.0,,,,,,,,,,,,,,,,,,,,,,,,,,,,,,,,,,,,,,,,,,,1.0,1.0,1.0,,,,0.23809523809523808,,,2.0,,,1.0,,,,,,,,,,,,,,,,,,,,,,,,,,,True,,,
1641726,1610612742,Dereck Lively II,Dereck Lively II,1641726,DAL,1524.0,25.0,-7.0,55.0,51.0,,,3.0,106.0,2.0,2.0,,,,,,2.0,,,,,,,,,,,,,2.0,4.0,,,1.0,5.0,60.0,,,,,,,,,,,,4.0,,,,,,,1.0,1.0,,1.0,,,1.0,,,2.0,1.0,1.0,2.0,4.0,,6.0,2.0,8.0,,2.0,2.0,,,,,,,,,,,,,2.0,,1.0,,2.0,,1.0,,2.0,,2.0,2.0,,,,,,,1.0,1.0,,,,,,0.5,,,0.5,,,0.5,,,,0.25,,0.5,8.620689655172415,,,0.3333333333333333,0.1,0.18181818181818182,0.07692307692307693,0.2608695652173913,0.08695652173913043,0.125,0.1,,0.25,0.4,0.3333333333333333,0.2222222222222222,,,,0.5,1.0,1.0,1.0,0.5,,,,,,,,,,,,,,,,,,,,,,,,,,,,0.5,,0.508575,,,0.2,0.2,,,5.125,,,,,,,,1.0,,,,1.0,,,,,,,,,,,,,,,,,,,,,,,True,,,
202681,1610612742,Kyrie Irving,Kyrie Irving,202681,DAL,1510.0,25.0,4.0,48.0,47.0,6.0,18.0,5.0,95.0,1.0,2.0,,,,,,1.0,,1.0,,,,,,2.0,,,,,1.0,4.0,,2.0,2.0,4.0,60.0,,,,,,,,,,,,,2.0,,,,2.0,,,3.0,1.0,4.0,1.0,,2.0,,1.0,9.0,,1.0,,,,,1.0,1.0,,,,,,,,,,,,,,,,,,3.0,,3.0,1.0,2.0,,1.0,1.0,,1.0,,,,6.0,,,,,,,,,,0.25,,,0.16666666666666666,,,0.2857142857142857,,,0.3333333333333333,,,,12.727272727272727,,,,0.05263157894736842,,,,0.04,,,,,,,,,,,0.3333333333333333,0.5,0.5,,0.16666666666666666,,,,0.16666666666666666,,,,,,,,0.3333333333333333,,,,,,,,,,,,,,,,0.6666666666666666,,0.5043833333333333,,,0.2857142857142857,0.4,,,7.5,26.0,0.125,,,,,,,,,,,,0.16666666666666666,,,,,,,,,,,,,,,,,,,,,True,,,
203957,1610612742,Danté Exum,Danté Exum,203957,DAL,1001.0,17.0,6.0,34.0,32.0,6.0,10.0,2.0,66.0,1.0,1.0,,,1.0,1.0,,1.0,,,,1.0,,,,,,,,,1.0,2.0,,1.0,,2.0,40.0,,,,,,1.0,1.0,,,,2.0,2.0,,,,,,,,2.0,1.0,3.0,,1.0,1.0,,1.0,7.0,,,,,,,,,,,,,,,,,,,,,,,,,,1.0,1.0,,,,,,,,,,,2.0,6.0,,,1.0,1.0,,,,,,0.5,,1.0,0.3333333333333333,,1.0,0.3333333333333333,,1.0,0.3333333333333333,,,,8.333333333333334,,,,,,,,,,,,,,,,,,,0.3333333333333333,1.0,1.0,1.0,0.3333333333333333,,,,,,,,0.3333333333333333,,,,,,,,,,,,,,1.0,1.0,,,,,0.6666666666666666,,0.5523833333333333,,0.6402,,,,1.0,4.1,22.9,0.17647058823529413,,,,,,,,,,,,,,,,,,,,,,,,,,,,,,,,,True,,,
1628467,1610612742,Maxi Kleber,Maxi Kleber,1628467,DAL,38206.0,637.0,-17.0,1303.0,1309.0,358.0,349.0,138.0,2612.0,13.0,23.0,3.0,6.0,3.0,7.0,5.0,15.0,6.0,9.0,4.0,17.0,1.0,5.0,9.0,32.0,1.0,4.0,,8.0,24.0,47.0,13.0,49.0,16.0,103.0,1522.0,4.0,11.0,2.0,6.0,16.0,3.0,11.0,1.0,13.0,6.0,15.0,40.0,8.0,36.0,3.0,,32.0,9.0,7.0,20.0,23.0,43.0,17.0,6.0,14.0,4.0,2.0,109.0,4.0,18.0,32.0,34.0,4.0,70.0,25.0,95.0,4.0,9.0,8.0,1.0,14.0,2.0,10.0,9.0,,4.0,3.0,,23.0,7.0,41.0,66.0,3.0,29.0,4.0,21.0,1.0,9.0,2.0,17.0,6.0,11.0,17.0,11.0,,15.0,356.0,8.0,2.0,0.8333333333333334,0.9523809523809523,0.9230769230769231,0.2653061224489796,0.3333333333333333,0.07692307692307693,0.2653061224489796,0.5106382978723404,0.36363636363636365,0.2727272727272727,0.453125,0.4117647058823529,0.1875,0.4858490566037736,0.4444444444444444,0.26785714285714285,0.5104166666666666,0.14893617021276595,0.13043478260869565,0.2,8.865979381443298,0.6086956521739131,0.12121212121212122,0.10793650793650794,0.0594059405940594,0.10526315789473684,0.014388489208633094,0.10662358642972536,0.0378657487091222,0.05,0.014563106796116505,0.013888888888888888,0.10091743119266056,0.1038961038961039,0.1346153846153846,0.08571428571428572,0.14893617021276595,0.0784313725490196,0.6470588235294118,0.23958333333333334,0.5652173913043478,0.65,0.7692307692307693,0.15625,0.3333333333333333,0.4166666666666667,1.0,0.09375,0.6666666666666666,0.75,0.8333333333333334,0.17708333333333334,0.23529411764705882,0.23529411764705882,1.0,0.3333333333333333,0.28125,0.28125,0.8888888888888888,0.35294117647058826,0.5,,0.23529411764705882,0.25,1.0,0.2916666666666667,0.42857142857142855,0.20833333333333334,0.2,0.3333333333333333,,0.75,0.28125,0.5268848958333333,0.5316125,0.5365395833333334,0.08653846153846154,0.16363636363636364,0.1553398058252427,0.14563106796116504,6.555319148936168,24.814285714285713,0.2747505755947813,1.0,2.0,2.0,6.0,3.0,5.0,1.0,,6.0,,0.08571428571428572,0.07272727272727272,0.05660377358490566,0.11764705882352941,0.5,1.0,1.0,1.0,,,,,,,,,0.1111111111111111,,,,,,False,,,
1629023,1610612742,P.J. Washington,P.J. Washington,1629023,DAL,101712.0,1695.0,65.0,3520.0,3520.0,759.0,714.0,414.0,7040.0,115.0,172.0,26.0,33.0,25.0,34.0,75.0,209.0,6.0,20.0,29.0,77.0,7.0,18.0,56.0,144.0,7.0,20.0,10.0,24.0,196.0,401.0,85.0,221.0,131.0,778.0,4047.0,33.0,57.0,9.0,25.0,103.0,40.0,68.0,17.0,42.0,55.0,186.0,198.0,194.0,228.0,27.0,,144.0,56.0,49.0,64.0,54.0,118.0,36.0,18.0,47.0,12.0,5.0,290.0,19.0,52.0,145.0,164.0,30.0,339.0,77.0,416.0,30.0,60.0,43.0,17.0,73.0,5.0,28.0,38.0,14.0,45.0,2.0,3.0,111.0,25.0,66.0,125.0,7.0,148.0,12.0,182.0,19.0,85.0,14.0,51.0,36.0,15.0,53.0,29.0,,184.0,748.0,8.0,12.0,0.5051020408163265,0.5689655172413793,0.8941176470588236,0.38461538461538464,0.36,0.40476190476190477,0.38461538461538464,0.48877805486284287,0.5789473684210527,0.5882352941176471,0.520096463022508,0.5670731707317073,0.5954545454545455,0.5533428165007113,0.5722222222222222,0.6503496503496503,0.3553054662379421,0.12219451371571072,0.09883720930232558,0.14832535885167464,20.43172690763052,0.6576576576576577,0.379746835443038,0.17672413793103448,0.05963302752293578,0.18685567010309279,0.02564102564102564,0.1813380281690141,0.04401735895846249,0.06047516198704104,0.028933092224231464,0.015957446808510637,0.18313953488372092,0.16666666666666666,0.19402985074626866,0.20108695652173914,0.15178571428571427,0.10309278350515463,0.5471698113207547,0.2765273311897106,0.6686046511627907,0.7419354838709677,0.5478260869565217,0.3360128617363344,0.3588516746411483,0.42134831460674155,0.44,0.03215434083601286,0.3,0.3157894736842105,0.5,0.12379421221864952,0.37662337662337664,0.37662337662337664,1.0,0.2315112540192926,0.3888888888888889,0.3888888888888889,0.8392857142857143,0.4024390243902439,0.7878787878787878,0.23076923076923078,0.24390243902439024,0.35,0.8571428571428571,0.3090909090909091,0.7352941176470589,0.16363636363636364,0.3888888888888889,0.21818181818181817,0.4166666666666667,0.6318327974276527,0.3888888888888889,0.5371077170418007,0.5486055555555556,0.5360668181818181,0.12481857764876633,0.18201284796573874,0.13239074550128535,0.2390745501285347,5.448877805486285,24.604524886877837,0.215625,2.0,5.0,10.0,44.0,6.0,5.0,,,7.0,2.0,0.061855670103092786,0.08208955223880597,0.014184397163120567,0.06097560975609756,0.4,1.0,5.0,5.0,1.0,,1.0,2.0,1.0,1.0,,,0.05,0.0045045045045045045,,,,,False,,,
1629029,1610612742,Luka Dončić,Luka Dončić,1629029,DAL,47071.0,785.0,168.0,1630.0,1616.0,308.0,249.0,186.0,3246.0,49.0,64.0,4.0,8.0,9.0,11.0,75.0,141.0,17.0,49.0,5.0,11.0,,1.0,70.0,201.0,4.0,11.0,13.0,41.0,141.0,254.0,75.0,212.0,112.0,619.0,1815.0,9.0,19.0,5.0,13.0,42.0,21.0,37.0,13.0,42.0,32.0,113.0,78.0,204.0,108.0,117.0,2.0,199.0,70.0,9.0,103.0,69.0,172.0,42.0,27.0,78.0,20.0,5.0,413.0,10.0,5.0,86.0,75.0,6.0,167.0,16.0,183.0,3.0,44.0,31.0,13.0,58.0,8.0,43.0,17.0,3.0,15.0,2.0,1.0,75.0,17.0,26.0,58.0,1.0,126.0,6.0,146.0,20.0,64.0,12.0,8.0,3.0,4.0,9.0,5.0,,113.0,303.0,2.0,11.0,0.2765957446808511,0.2826086956521739,0.48,0.35377358490566035,0.38461538461538464,0.30952380952380953,0.35714285714285715,0.5551181102362205,0.47368421052631576,0.5675675675675675,0.5439914163090128,0.515625,0.5126582278481012,0.5884030418250951,0.5675675675675675,0.576530612244898,0.45493562231759654,0.03543307086614173,0.046875,0.0425531914893617,32.663043478260875,0.7733333333333333,0.17647058823529413,0.18703241895261846,0.014326647564469915,0.21994884910485935,0.026737967914438502,0.2032828282828283,0.02074688796680498,0.021505376344086023,0.018050541516245487,0.05154639175257732,0.18571428571428572,0.17647058823529413,0.21621621621621623,0.22807017543859648,0.19811320754716982,0.013043478260869565,0.5555555555555556,0.13733905579399142,0.765625,0.8032786885245902,0.46938775510204084,0.30257510729613735,0.5319148936170213,0.5555555555555556,0.17333333333333334,0.10515021459227468,0.3469387755102041,0.3469387755102041,0.17647058823529413,0.023605150214592276,0.45454545454545453,0.45454545454545453,0.4,0.4313304721030043,0.3482587064676617,0.35175879396984927,0.4857142857142857,0.25,0.5,0.25,0.34375,0.36363636363636365,0.5,0.13924050632911392,0.8181818181818182,0.012658227848101266,,0.5189873417721519,0.3170731707317073,0.592274678111588,0.35175879396984927,0.5110866304347825,0.502675,0.4992813333333332,0.13424124513618677,0.21476510067114093,0.06785137318255251,0.1825525040387722,9.072834645669289,26.886792452830175,0.18895705521472392,1.0,2.0,9.0,6.0,1.0,4.0,,2.0,3.0,,0.018518518518518517,0.01,,0.0625,0.5,1.0,3.0,,,1.0,5.0,1.0,,1.0,1.0,,,0.023148148148148147,2.0,1.0,0.009433962264150943,0.009950248756218905,False,,,
1629655,1610612742,Daniel Gafford,Daniel Gafford,1629655,DAL,68629.0,1144.0,46.0,2360.0,2362.0,534.0,414.0,285.0,4722.0,217.0,293.0,58.0,85.0,48.0,67.0,44.0,80.0,,,,,,,,,,,,,261.0,373.0,,,123.0,645.0,2744.0,68.0,98.0,,,171.0,54.0,81.0,,,42.0,150.0,380.0,142.0,,,,,,28.0,49.0,25.0,74.0,20.0,5.0,24.0,13.0,12.0,173.0,45.0,96.0,93.0,106.0,17.0,216.0,142.0,358.0,19.0,22.0,10.0,12.0,27.0,5.0,10.0,35.0,4.0,17.0,,4.0,62.0,13.0,84.0,141.0,10.0,142.0,3.0,179.0,25.0,84.0,16.0,91.0,64.0,26.0,96.0,53.0,3.0,150.0,530.0,4.0,15.0,0.7279693486590039,0.9047619047619048,,,,,,0.6997319034852547,0.6938775510204082,0.6666666666666666,0.6997319034852547,0.6938775510204082,0.6666666666666666,0.7198660714285714,0.7184873949579832,0.6880733944954128,,0.07506702412868632,0.06484641638225255,0.1125,19.00149031296572,0.43548387096774194,0.3148148148148148,0.16109422492401215,0.1672473867595819,0.1706422018348624,0.09615384615384616,0.16541978387364922,0.13531669865642995,0.18248175182481752,0.1037463976945245,0.0743801652892562,0.11913357400722022,0.20270270270270271,0.15294117647058825,0.17530864197530865,0.15714285714285714,0.2261904761904762,0.5520833333333334,0.7855227882037533,0.7406143344709898,0.791970802919708,0.7235023041474654,0.21447721179624665,0.55,0.6197183098591549,0.75,,,,,,,,,,,,,0.8673469387755102,0.6823529411764706,0.1206896551724138,,,,0.8271604938271605,0.7164179104477612,,,,,0.7855227882037533,,0.6192823056300268,0.6184297297297296,0.6302172839506173,0.19444444444444445,0.19444444444444445,0.2651162790697674,0.23255813953488372,2.5715817694369973,,0.22627118644067798,,,35.0,102.0,1.0,15.0,,1.0,16.0,10.0,0.014285714285714285,0.193717277486911,0.08256880733944955,,,,11.0,8.0,1.0,,,5.0,4.0,1.0,1.0,2.0,,,,,,,False,,,1.0
1629656,1610612742,Quentin Grimes,Quentin Grimes,1629656,DAL,64182.0,1070.0,-7.0,2194.0,2197.0,624.0,516.0,261.0,4391.0,60.0,89.0,6.0,11.0,21.0,31.0,16.0,39.0,13.0,36.0,26.0,57.0,7.0,17.0,54.0,144.0,8.0,17.0,14.0,43.0,89.0,164.0,80.0,201.0,62.0,480.0,2564.0,9.0,23.0,9.0,23.0,49.0,31.0,54.0,21.0,60.0,34.0,159.0,100.0,78.0,213.0,27.0,,144.0,54.0,9.0,59.0,42.0,101.0,29.0,13.0,44.0,14.0,1.0,244.0,17.0,11.0,78.0,68.0,3.0,149.0,30.0,179.0,6.0,32.0,15.0,17.0,35.0,6.0,24.0,26.0,5.0,11.0,3.0,4.0,61.0,20.0,28.0,78.0,3.0,74.0,8.0,81.0,9.0,27.0,11.0,10.0,3.0,7.0,10.0,6.0,,156.0,618.0,6.0,9.0,0.5617977528089888,0.5882352941176471,0.8875,0.39800995024875624,0.391304347826087,0.35,0.39800995024875624,0.5426829268292683,0.391304347826087,0.5740740740740741,0.5726027397260274,0.4891304347826087,0.5482456140350878,0.6030150753768844,0.5104166666666666,0.5932835820895522,0.5506849315068493,0.054878048780487805,0.056179775280898875,0.05128205128205128,18.46339501206758,0.5737704918032787,0.05555555555555555,0.11703958691910499,0.020793950850661626,0.15821501014198783,0.035864978902953586,0.13594040968342644,0.027916251246261216,0.01824817518248175,0.027777777777777776,0.06140350877192982,0.09722222222222222,0.1003584229390681,0.22093023255813954,0.18207282913165265,0.09558823529411764,0.03296703296703297,0.6,0.24383561643835616,0.6741573033707865,0.7142857142857143,0.6333333333333333,0.10684931506849316,0.41025641025641024,0.43243243243243246,0.375,0.09863013698630137,0.3611111111111111,0.38235294117647056,0.46153846153846156,0.15616438356164383,0.45614035087719296,0.45614035087719296,0.9615384615384616,0.39452054794520547,0.375,0.375,0.8518518518518519,0.2391304347826087,0.5454545454545454,0.3333333333333333,0.3695652173913043,0.47058823529411764,0.875,0.2719298245614035,0.6774193548387096,0.14912280701754385,0.4117647058823529,0.37719298245614036,0.32558139534883723,0.7945205479452054,0.375,0.5499779452054797,0.51567,0.5437798245614035,0.08527131782945736,0.14835164835164835,0.10208333333333333,0.33125,6.742682926829264,24.948756218905476,0.284412032816773,1.0,6.0,4.0,8.0,2.0,2.0,1.0,1.0,3.0,,0.02666666666666667,0.024539877300613498,0.021739130434782608,0.13043478260869565,0.16666666666666666,1.0,5.0,3.0,,,6.0,,,,,,0.05555555555555555,0.02926829268292683,,2.0,,,False,,,
202681,1610612742,Kyrie Irving,Kyrie Irving,202681,DAL,106730.0,1779.0,120.0,3651.0,3633.0,726.0,657.0,434.0,7284.0,126.0,186.0,16.0,21.0,24.0,40.0,129.0,283.0,47.0,113.0,30.0,60.0,5.0,13.0,114.0,297.0,14.0,24.0,15.0,59.0,302.0,582.0,144.0,357.0,194.0,1230.0,4206.0,28.0,43.0,20.0,38.0,130.0,54.0,112.0,20.0,72.0,50.0,218.0,194.0,410.0,273.0,159.0,1.0,296.0,114.0,32.0,149.0,78.0,227.0,59.0,19.0,91.0,49.0,9.0,532.0,24.0,35.0,83.0,89.0,8.0,180.0,59.0,239.0,25.0,66.0,26.0,40.0,74.0,17.0,48.0,37.0,6.0,26.0,,2.0,111.0,21.0,48.0,101.0,8.0,161.0,3.0,211.0,24.0,83.0,18.0,21.0,8.0,13.0,22.0,14.0,,214.0,716.0,4.0,9.0,0.3211920529801324,0.3310580204778157,0.6319444444444444,0.40336134453781514,0.5263157894736842,0.2777777777777778,0.4044943820224719,0.5189003436426117,0.6511627906976745,0.48214285714285715,0.5516506922257721,0.7160493827160493,0.45652173913043476,0.5928641251221897,0.7329545454545454,0.5192307692307693,0.3801916932907348,0.054982817869415807,0.05913978494623656,0.0706713780918728,27.220077220077222,0.6666666666666666,0.08333333333333333,0.09309623430962342,0.04041570438799076,0.1017156862745098,0.029556650246305417,0.09706546275395034,0.035160905840286055,0.043478260869565216,0.03333333333333333,0.018867924528301886,0.06944444444444445,0.11182795698924732,0.0916030534351145,0.10580204778156997,0.09130434782608696,0.05592841163310962,0.6363636363636364,0.19808306709265175,0.6774193548387096,0.72,0.40476190476190477,0.30138445154419596,0.4558303886925795,0.49049429657794674,0.24806201550387597,0.12034078807241747,0.415929203539823,0.41964285714285715,0.2978723404255319,0.06389776357827476,0.5,0.5172413793103449,0.8666666666666667,0.31629392971246006,0.3838383838383838,0.3917525773195876,0.5701754385964912,0.25925925925925924,0.7619047619047619,0.375,0.2962962962962963,0.5833333333333334,0.5714285714285714,0.21739130434782608,0.6,0.07065217391304347,0.38461538461538464,0.32065217391304346,0.2542372881355932,0.5782747603833865,0.38513513513513514,0.5141038912579954,0.5289336734693877,0.49620382513661193,0.08955223880597014,0.1294851794071763,0.10569105691056911,0.1772357723577236,8.078350515463919,25.970868347338932,0.1988496302382909,6.0,14.0,14.0,18.0,,4.0,,2.0,4.0,,,0.046153846153846156,0.023668639053254437,0.1728395061728395,0.42857142857142855,1.0,7.0,1.0,1.0,18.0,7.0,1.0,1.0,,,,0.008849557522123894,0.019230769230769232,8.0,,0.022408963585434174,0.020202020202020204,False,,0.03333333333333333,
203915,1610612742,Spencer Dinwiddie,Spencer Dinwiddie,203915,DAL,116766.0,1946.0,-162.0,4017.0,4027.0,939.0,897.0,400.0,8044.0,67.0,112.0,6.0,7.0,11.0,21.0,82.0,184.0,18.0,36.0,23.0,57.0,5.0,11.0,76.0,244.0,9.0,18.0,18.0,59.0,167.0,332.0,99.0,301.0,184.0,815.0,4721.0,11.0,19.0,11.0,25.0,59.0,26.0,63.0,23.0,70.0,45.0,166.0,70.0,264.0,162.0,135.0,1.0,243.0,76.0,19.0,176.0,129.0,305.0,71.0,58.0,115.0,51.0,10.0,739.0,5.0,12.0,80.0,86.0,1.0,167.0,17.0,184.0,8.0,65.0,47.0,18.0,47.0,20.0,36.0,41.0,3.0,11.0,1.0,4.0,88.0,19.0,57.0,110.0,7.0,189.0,20.0,229.0,28.0,102.0,10.0,14.0,8.0,6.0,17.0,6.0,,162.0,931.0,8.0,8.0,0.20958083832335328,0.2147239263803681,0.5454545454545454,0.3289036544850498,0.44,0.32857142857142857,0.33,0.5030120481927711,0.5789473684210527,0.4126984126984127,0.49842022116903634,0.625,0.4548872180451128,0.559228650137741,0.6413043478260869,0.532051282051282,0.4755134281200632,0.0572289156626506,0.08035714285714286,0.04891304347826087,18.218442256042973,0.5340909090909091,0.011627906976744186,0.08120868744098206,0.012861736334405145,0.09324009324009325,0.00589622641509434,0.08659363588941053,0.009545199326221224,0.016227180527383367,0.0033222591362126247,0.012195121951219513,0.06582278481012659,0.08627450980392157,0.1038961038961039,0.0953125,0.0871559633027523,0.023952095808383235,0.35294117647058826,0.1769352290679305,0.5982142857142857,0.6504854368932039,0.23880597014925373,0.29067930489731436,0.44565217391304346,0.4685714285714286,0.1951219512195122,0.05687203791469194,0.5,0.5142857142857142,0.16666666666666666,0.09004739336492891,0.40350877192982454,0.41818181818181815,0.6956521739130435,0.3854660347551343,0.3114754098360656,0.3114754098360656,0.5,0.1590909090909091,0.8571428571428571,,0.4090909090909091,0.5,0.6666666666666666,0.15789473684210525,0.5238095238095238,0.08270676691729323,0.45454545454545453,0.44360902255639095,0.3050847457627119,0.6524486571879937,0.31275720164609055,0.5135666129032258,0.48633593750000004,0.4944881679389315,0.15782122905027932,0.2512315270935961,0.07239263803680981,0.20368098159509201,7.110542168674702,25.575747508305646,0.2337565347274085,2.0,7.0,4.0,8.0,,8.0,,,1.0,,,0.0033444816053511705,0.02127659574468085,0.1590909090909091,0.2857142857142857,0.5,6.0,4.0,,4.0,11.0,3.0,2.0,1.0,,,0.027777777777777776,0.035483870967741936,2.0,2.0,0.006644518272425249,,False,,0.03508771929824561,
1641726,1610612742,Dereck Lively II,Dereck Lively II,1641726,DAL,46465.0,774.0,116.0,1574.0,1582.0,300.0,301.0,200.0,3156.0,93.0,123.0,27.0,33.0,8.0,17.0,31.0,54.0,,,,,,,,,,,,,124.0,177.0,,,45.0,293.0,1739.0,32.0,40.0,,,72.0,10.0,25.0,,,14.0,34.0,198.0,50.0,,,,,,22.0,40.0,44.0,84.0,41.0,3.0,24.0,11.0,5.0,212.0,41.0,53.0,70.0,73.0,9.0,152.0,99.0,251.0,7.0,17.0,11.0,6.0,19.0,6.0,11.0,20.0,,8.0,1.0,3.0,39.0,6.0,58.0,95.0,9.0,49.0,,71.0,7.0,36.0,3.0,54.0,27.0,26.0,54.0,33.0,4.0,34.0,296.0,5.0,3.0,0.7983870967741935,0.9252336448598131,,,,,,0.7005649717514124,0.8,0.4,0.7005649717514124,0.8,0.4,0.7009569377990431,0.8,0.4722222222222222,,0.12429378531073447,0.11382113821138211,0.14814814814814814,13.739612188365651,0.48717948717948717,0.2571428571428571,0.17980295566502463,0.14171122994652408,0.1881720430107527,0.11294765840220386,0.18380462724935734,0.12754409769335143,0.16587677725118483,0.12087912087912088,0.08888888888888889,0.18796992481203006,0.20187793427230047,0.08333333333333333,0.16602316602316602,0.23893805309734514,0.22580645161290322,0.6111111111111112,0.6949152542372882,0.7560975609756098,0.8532110091743119,0.7956989247311828,0.3050847457627119,0.5740740740740741,0.6739130434782609,0.8064516129032258,,,,,,,,,,,,,0.825,0.8181818181818182,0.37037037037037035,,,,0.68,0.47058823529411764,,,,,0.6949152542372882,,0.5976242937853107,0.6123548387096774,0.5776800000000001,0.17475728155339806,0.17475728155339806,0.24573378839590443,0.11604095563139932,3.0728813559322035,,0.1905972045743329,,,8.0,34.0,5.0,10.0,,,4.0,4.0,0.11627906976744186,0.14563106796116504,0.05,,,,10.0,,,,,,,,1.0,1.0,,,,,,,False,,,
202691,1610612742,Klay Thompson,Klay Thompson,202691,DAL,107131.0,1786.0,-32.0,3661.0,3662.0,481.0,443.0,413.0,7323.0,44.0,67.0,6.0,11.0,3.0,4.0,40.0,111.0,50.0,126.0,53.0,136.0,7.0,16.0,143.0,364.0,18.0,40.0,21.0,42.0,134.0,304.0,196.0,500.0,65.0,921.0,4291.0,16.0,30.0,23.0,64.0,103.0,12.0,23.0,28.0,58.0,17.0,125.0,184.0,84.0,555.0,33.0,,364.0,143.0,15.0,91.0,45.0,136.0,29.0,16.0,63.0,24.0,4.0,317.0,19.0,24.0,85.0,92.0,12.0,189.0,43.0,232.0,8.0,46.0,32.0,14.0,58.0,7.0,46.0,29.0,5.0,12.0,1.0,7.0,87.0,9.0,43.0,77.0,4.0,48.0,2.0,72.0,7.0,25.0,6.0,26.0,9.0,15.0,27.0,16.0,,122.0,474.0,3.0,4.0,0.6865671641791045,0.7076923076923077,0.9438775510204082,0.392,0.359375,0.4827586206896552,0.392,0.4407894736842105,0.5333333333333333,0.5217391304347826,0.5323383084577115,0.5372340425531915,0.6666666666666666,0.5499398315282792,0.5421052631578948,0.6944444444444444,0.6218905472636815,0.049342105263157895,0.04477611940298507,0.09009009009009009,22.23298619520465,0.6666666666666666,0.14285714285714285,0.09416581371545547,0.02727272727272727,0.10572139303482588,0.022170361726954493,0.09938236945536216,0.02475532527345999,0.019955654101995565,0.018867924528301886,0.03167420814479638,0.07777777777777778,0.09453781512605042,0.1347517730496454,0.09153713298791019,0.14222222222222222,0.017699115044247787,0.5925925925925926,0.08333333333333333,0.6567164179104478,0.6875,0.75,0.13805970149253732,0.36036036036036034,0.39603960396039606,0.6,0.15671641791044777,0.3968253968253968,0.4032258064516129,0.7,0.1691542288557214,0.3897058823529412,0.3897058823529412,0.9811320754716981,0.4527363184079602,0.39285714285714285,0.3972222222222222,0.9300699300699301,0.11702127659574468,0.5454545454545454,0.3333333333333333,0.425531914893617,0.45,0.8888888888888888,0.04938271604938271,0.75,0.19753086419753085,0.4375,0.5185185185185185,0.5,0.7052238805970149,0.39285714285714285,0.5267749684741488,0.5347924528301886,0.5114092592592592,0.03393939393939394,0.07763975155279502,0.11183496199782844,0.13572204125950055,11.519407894736842,25.10480961923848,0.13138486752253484,5.0,24.0,2.0,8.0,,3.0,,,1.0,,,0.05019305019305019,0.011764705882352941,0.2553191489361702,0.20833333333333334,0.8,10.0,2.0,,8.0,3.0,1.0,,1.0,2.0,1.0,0.015873015873015872,0.005964214711729622,4.0,,0.008,0.01098901098901099,False,,,
203939,1610612742,Dwight Powell,Dwight Powell,203939,DAL,31227.0,520.0,-10.0,1080.0,1075.0,297.0,287.0,124.0,2155.0,35.0,46.0,8.0,10.0,6.0,7.0,4.0,8.0,,,1.0,2.0,,1.0,,1.0,,,,,39.0,54.0,1.0,3.0,25.0,106.0,1216.0,8.0,12.0,1.0,1.0,20.0,6.0,7.0,,1.0,9.0,21.0,60.0,18.0,3.0,,,1.0,,6.0,39.0,15.0,54.0,13.0,2.0,20.0,13.0,6.0,123.0,21.0,24.0,29.0,38.0,1.0,68.0,45.0,113.0,1.0,17.0,10.0,7.0,9.0,,5.0,9.0,,4.0,1.0,,18.0,4.0,44.0,72.0,7.0,46.0,4.0,39.0,3.0,15.0,4.0,20.0,9.0,11.0,21.0,12.0,,21.0,297.0,6.0,4.0,0.7692307692307693,0.9375,1.0,0.3333333333333333,1.0,,0.3333333333333333,0.7222222222222222,0.6666666666666666,0.8571428571428571,0.7105263157894737,0.7307692307692307,0.75,0.726027397260274,0.7142857142857143,0.8076923076923077,0.05263157894736842,0.1111111111111111,0.08695652173913043,0.25,7.465135356849877,0.5,0.0625,0.13818181818181818,0.09448818897637795,0.13551401869158877,0.0875,0.13701431492842536,0.09109311740890688,0.09523809523809523,0.07784431137724551,0.1095890410958904,0.19,0.13333333333333333,0.05454545454545454,0.14193548387096774,0.11864406779661017,0.1,0.5714285714285714,0.8070175438596491,0.7608695652173914,0.8333333333333334,0.7428571428571429,0.14035087719298245,0.5,0.6666666666666666,1.0,,,,,0.03508771929824561,0.5,0.5,1.0,0.017543859649122806,,,,0.7692307692307693,0.8,0.125,,,,0.875,0.8571428571428571,0.125,,,,0.8596491228070176,,0.6388545454545456,0.5750944444444445,0.6165625,0.21739130434782608,0.22727272727272727,0.18867924528301888,0.19811320754716982,2.2296296296296303,23.666666666666668,0.275,1.0,1.0,1.0,14.0,,7.0,,3.0,9.0,,,0.0963855421686747,0.08888888888888889,0.07692307692307693,1.0,1.0,1.0,1.0,,,,1.0,1.0,,,,,,,,,,False,,,
1630314,1610612742,Brandon Williams,Brandon Williams,1630314,DAL,25579.0,426.0,-5.0,911.0,907.0,279.0,224.0,82.0,1818.0,43.0,69.0,2.0,3.0,8.0,17.0,16.0,34.0,5.0,10.0,5.0,12.0,,1.0,16.0,43.0,2.0,3.0,2.0,18.0,64.0,113.0,21.0,55.0,50.0,241.0,1014.0,2.0,4.0,2.0,3.0,11.0,12.0,30.0,2.0,19.0,25.0,55.0,38.0,90.0,54.0,9.0,3.0,40.0,16.0,18.0,45.0,23.0,68.0,11.0,12.0,25.0,17.0,3.0,159.0,2.0,7.0,14.0,24.0,2.0,40.0,9.0,49.0,,22.0,11.0,11.0,24.0,5.0,17.0,8.0,2.0,7.0,,,32.0,7.0,19.0,27.0,,49.0,4.0,59.0,6.0,25.0,6.0,2.0,1.0,1.0,3.0,2.0,,55.0,278.0,2.0,6.0,0.296875,0.296875,0.8571428571428571,0.38181818181818183,0.6666666666666666,0.10526315789473684,0.40384615384615385,0.5663716814159292,0.5,0.4,0.5684523809523809,0.7142857142857143,0.30612244897959184,0.6211340206185567,0.6875,0.4435483870967742,0.3273809523809524,0.1592920353982301,0.13043478260869565,0.2647058823529412,22.62262262262262,0.75,0.10526315789473684,0.10909090909090909,0.03111111111111111,0.07106598984771574,0.011428571428571429,0.09112709832134293,0.0225,0.009433962264150943,0.015748031496062992,,0.08602150537634409,0.12121212121212122,0.14285714285714285,0.0763888888888889,0.05660377358490566,,0.6666666666666666,0.4107142857142857,0.6231884057971014,0.7166666666666667,0.3023255813953488,0.20238095238095238,0.47058823529411764,0.64,0.3125,0.05952380952380952,0.5,0.5,0.2,0.07142857142857142,0.4166666666666667,0.4166666666666667,1.0,0.25595238095238093,0.37209302325581395,0.37209302325581395,0.8125,0.42857142857142855,0.6666666666666666,0.5,0.42857142857142855,0.6666666666666666,1.0,0.3469387755102041,0.47058823529411764,0.02040816326530612,,0.3673469387755102,0.1111111111111111,0.7380952380952381,0.4,0.5492258064516129,0.569725,0.5446681818181819,0.13829787234042554,0.1893939393939394,0.04564315352697095,0.22821576763485477,5.300884955752212,27.061111111111114,0.3062568605927552,,,1.0,,,1.0,,,1.0,,,0.07228915662650602,,,,,3.0,,,,1.0,1.0,1.0,,,,,0.017857142857142856,,,,,False,,,
1641789,1610612742,Jazian Gortman,Jazian Gortman,1641789,DAL,3395.0,57.0,11.0,129.0,125.0,53.0,64.0,15.0,254.0,2.0,4.0,,,2.0,4.0,1.0,5.0,2.0,3.0,2.0,5.0,1.0,3.0,2.0,6.0,,,,1.0,5.0,12.0,4.0,11.0,2.0,24.0,126.0,,,,1.0,,4.0,7.0,1.0,4.0,1.0,12.0,2.0,8.0,9.0,3.0,,6.0,2.0,1.0,4.0,2.0,6.0,2.0,,2.0,1.0,1.0,14.0,1.0,,,4.0,,4.0,1.0,5.0,,2.0,1.0,1.0,3.0,,1.0,2.0,1.0,2.0,,1.0,5.0,3.0,4.0,9.0,,2.0,,4.0,,,1.0,1.0,,1.0,1.0,,,12.0,53.0,,,0.2,0.2,0.75,0.36363636363636365,,0.25,0.36363636363636365,0.4166666666666667,,0.5714285714285714,0.4782608695652174,,0.5,0.5,,0.5,0.4782608695652174,0.08333333333333333,0.25,,20.0,0.6,,0.1,,,0.03571428571428571,0.06779661016949153,0.018518518518518517,,0.05,,0.0625,0.13333333333333333,0.1111111111111111,,,,,0.17391304347826086,0.5,0.6666666666666666,,0.21739130434782608,0.2,0.2,,0.13043478260869565,0.6666666666666666,0.6666666666666666,0.5,0.21739130434782608,0.4,0.4,1.0,0.2608695652173913,0.3333333333333333,0.3333333333333333,0.5,,,,,,,0.36363636363636365,0.5,0.2727272727272727,0.3333333333333333,0.09090909090909091,,0.6521739130434783,0.3333333333333333,0.5094717391304348,0.44745,0.528609090909091,,,,0.5,9.158333333333333,24.218181818181815,0.4108527131782946,,1.0,,,,,,,,,,,,1.0,,,,,,,,,,,,,,,,,,,False,,,
1630230,1610612742,Naji Marshall,Naji Marshall,1630230,DAL,103503.0,1725.0,-108.0,3551.0,3574.0,840.0,793.0,384.0,7125.0,133.0,190.0,24.0,31.0,38.0,56.0,133.0,249.0,12.0,15.0,30.0,99.0,9.0,26.0,23.0,103.0,3.0,9.0,6.0,25.0,278.0,454.0,53.0,202.0,121.0,836.0,4190.0,39.0,56.0,7.0,18.0,104.0,77.0,118.0,15.0,51.0,53.0,252.0,264.0,292.0,159.0,,7.0,96.0,23.0,31.0,103.0,79.0,182.0,60.0,19.0,68.0,24.0,11.0,443.0,41.0,30.0,126.0,98.0,13.0,237.0,72.0,309.0,14.0,65.0,36.0,29.0,61.0,16.0,35.0,39.0,10.0,26.0,,6.0,100.0,29.0,47.0,102.0,5.0,111.0,1.0,150.0,18.0,75.0,9.0,9.0,5.0,4.0,9.0,3.0,,246.0,829.0,10.0,4.0,0.4748201438848921,0.5076923076923077,1.0,0.2623762376237624,0.3888888888888889,0.29411764705882354,0.2717948717948718,0.6123348017621145,0.6964285714285714,0.652542372881356,0.5449695121951219,0.668918918918919,0.5887573964497042,0.5789473684210527,0.6666666666666666,0.63,0.3079268292682927,0.06828193832599119,0.08421052631578947,0.060240963855421686,20.65928535480624,0.61,0.1511627906976744,0.10864745011086474,0.03550295857988166,0.16050955414012738,0.05647382920110193,0.13278008298755187,0.04519414385741566,0.03982300884955752,0.06378986866791744,0.03626943005181347,0.08385093167701864,0.10864745011086474,0.17054263565891473,0.17077464788732394,0.1336405529953917,0.050724637681159424,0.3333333333333333,0.2896341463414634,0.7,0.764367816091954,0.556390977443609,0.3795731707317073,0.5341365461847389,0.5683760683760684,0.37593984962406013,0.022865853658536585,0.8,0.8,0.6666666666666666,0.15091463414634146,0.30303030303030304,0.30927835051546393,1.0,0.15701219512195122,0.22330097087378642,0.22549019607843138,1.0,0.4189189189189189,0.7741935483870968,0.2916666666666667,0.12162162162162163,0.3333333333333333,1.0,0.33136094674556216,0.6785714285714286,0.15384615384615385,0.34615384615384615,0.14792899408284024,0.24,0.5975609756097561,0.23958333333333334,0.5368831730769228,0.5426227272727271,0.5355590624999998,0.10518934081346423,0.14677103718199608,0.12440191387559808,0.3014354066985646,5.812995594713655,25.694554455445537,0.2365530836384117,4.0,9.0,5.0,36.0,1.0,10.0,,1.0,4.0,1.0,0.010101010101010102,0.03345724907063197,0.024193548387096774,0.12162162162162163,0.4444444444444444,1.0,7.0,2.0,2.0,1.0,,,,,,,,,3.0,,0.01485148514851485,0.009708737864077669,False,,0.020202020202020204,
1630702,1610612742,Jaden Hardy,Jaden Hardy,1630702,DAL,48753.0,813.0,-26.0,1705.0,1695.0,475.0,503.0,179.0,3400.0,41.0,73.0,2.0,6.0,10.0,19.0,44.0,94.0,9.0,32.0,17.0,39.0,3.0,10.0,50.0,133.0,6.0,12.0,17.0,42.0,94.0,199.0,67.0,172.0,55.0,444.0,1936.0,4.0,9.0,7.0,16.0,33.0,23.0,54.0,20.0,52.0,21.0,127.0,68.0,120.0,168.0,33.0,1.0,132.0,50.0,20.0,50.0,23.0,73.0,11.0,12.0,36.0,12.0,2.0,169.0,4.0,5.0,38.0,34.0,3.0,75.0,9.0,84.0,1.0,26.0,16.0,10.0,46.0,7.0,21.0,30.0,9.0,25.0,3.0,2.0,76.0,21.0,46.0,84.0,5.0,60.0,4.0,78.0,7.0,35.0,7.0,5.0,1.0,3.0,5.0,3.0,,126.0,473.0,8.0,5.0,0.3617021276595745,0.3617021276595745,0.835820895522388,0.38953488372093026,0.4375,0.38461538461538464,0.391812865497076,0.4723618090452261,0.4444444444444444,0.42592592592592593,0.5242587601078167,0.58,0.5,0.5455665024630542,0.6111111111111112,0.5384615384615384,0.4636118598382749,0.10050251256281408,0.136986301369863,0.10638297872340426,25.196437925615506,0.6052631578947368,0.07692307692307693,0.0819277108433735,0.012135922330097087,0.10382513661202186,0.012539184952978056,0.09218950064020487,0.012311901504787962,0.014705882352941176,0.012711864406779662,0.012048192771084338,0.10975609756097561,0.07407407407407407,0.03225806451612903,0.10915492957746478,0.08536585365853659,0.0055248618784530384,0.6,0.1967654986522911,0.5616438356164384,0.6507936507936508,0.4634146341463415,0.25336927223719674,0.46808510638297873,0.5238095238095238,0.3409090909090909,0.0862533692722372,0.28125,0.28125,,0.10512129380053908,0.4358974358974359,0.4358974358974359,1.0,0.3584905660377358,0.37593984962406013,0.3816793893129771,0.78,0.24,0.3333333333333333,1.0,0.48,0.5,1.0,0.1792452830188679,0.5263157894736842,0.09433962264150944,0.3,0.39622641509433965,0.40476190476190477,0.660377358490566,0.3787878787878788,0.525308864265928,0.5759266666666665,0.5086985714285713,0.08771929824561403,0.15418502202643172,0.07432432432432433,0.28603603603603606,7.582914572864322,25.515697674418618,0.2785923753665689,1.0,4.0,4.0,,,4.0,,2.0,,,,0.0070921985815602835,0.014925373134328358,0.16,0.25,1.0,3.0,3.0,,2.0,,,,,1.0,,,,2.0,,0.011627906976744186,0.015037593984962405,False,,,
1641765,1610612742,Olivier-Maxence Prosper,Olivier-Maxence Prosper,1641765,DAL,35038.0,584.0,-104.0,1214.0,1227.0,322.0,266.0,125.0,2441.0,45.0,74.0,8.0,15.0,13.0,18.0,11.0,38.0,2.0,11.0,9.0,35.0,1.0,7.0,3.0,16.0,,1.0,,3.0,58.0,123.0,12.0,51.0,49.0,201.0,1382.0,8.0,21.0,,5.0,23.0,15.0,23.0,1.0,10.0,14.0,47.0,74.0,42.0,36.0,,,16.0,3.0,17.0,20.0,20.0,40.0,11.0,9.0,9.0,6.0,5.0,100.0,27.0,16.0,26.0,48.0,8.0,82.0,44.0,126.0,4.0,26.0,17.0,9.0,3.0,4.0,2.0,11.0,2.0,1.0,,3.0,14.0,2.0,14.0,28.0,1.0,53.0,2.0,76.0,6.0,37.0,4.0,6.0,5.0,1.0,6.0,4.0,,47.0,321.0,1.0,4.0,0.6379310344827587,0.6981132075471698,1.0,0.23529411764705882,,0.1,0.23529411764705882,0.4715447154471545,0.38095238095238093,0.6521739130434783,0.4367816091954023,0.3076923076923077,0.5,0.48086124401913877,0.3709677419354839,0.5222222222222223,0.29310344827586204,0.13821138211382114,0.13513513513513514,0.18421052631578946,16.38501102130786,0.21428571428571427,0.2857142857142857,0.15434083601286175,0.05442176870748299,0.10526315789473684,0.09712230215827339,0.13261648745519714,0.07517482517482517,0.03816793893129771,0.09950248756218906,0.09090909090909091,0.1282051282051282,0.15714285714285714,0.2037037037037037,0.10752688172043011,0.09836065573770492,0.046511627906976744,0.6666666666666666,0.42528735632183906,0.6081081081081081,0.703125,0.6666666666666666,0.21839080459770116,0.2894736842105263,0.3548387096774194,0.45454545454545453,0.06321839080459771,0.18181818181818182,0.18181818181818182,1.0,0.20114942528735633,0.2571428571428571,0.2571428571428571,1.0,0.09195402298850575,0.1875,0.1875,1.0,0.5769230769230769,0.5333333333333333,0.375,0.038461538461538464,,,0.5454545454545454,0.7222222222222222,0.21212121212121213,0.14285714285714285,0.09090909090909091,,0.7183908045977011,0.1875,0.5763508620689655,0.584625,0.6391303030303029,0.18048780487804877,0.24025974025974026,0.11442786069651742,0.23383084577114427,4.673170731707317,24.04509803921568,0.2652388797364086,,4.0,7.0,10.0,1.0,3.0,,,8.0,2.0,0.02702702702702703,0.06666666666666667,0.06896551724137931,0.15384615384615385,,,2.0,1.0,,,,,,,,,,,,,,,False,,,
1630556,1610612742,Kessler Edwards,Kessler Edwards,1630556,DAL,36501.0,608.0,-158.0,1261.0,1270.0,236.0,229.0,111.0,2531.0,32.0,49.0,9.0,13.0,3.0,6.0,12.0,28.0,1.0,4.0,10.0,28.0,1.0,5.0,12.0,26.0,1.0,2.0,2.0,5.0,45.0,81.0,22.0,54.0,12.0,168.0,1591.0,10.0,17.0,2.0,6.0,28.0,4.0,8.0,3.0,10.0,6.0,23.0,74.0,16.0,66.0,,,26.0,12.0,7.0,19.0,23.0,42.0,16.0,7.0,8.0,9.0,2.0,107.0,11.0,11.0,38.0,48.0,7.0,93.0,22.0,115.0,2.0,19.0,10.0,9.0,9.0,2.0,6.0,7.0,1.0,3.0,1.0,2.0,16.0,5.0,40.0,62.0,1.0,15.0,1.0,13.0,1.0,5.0,2.0,18.0,9.0,8.0,20.0,9.0,,23.0,232.0,4.0,2.0,0.8222222222222222,0.9024390243902439,1.0,0.4074074074074074,0.3333333333333333,0.3,0.4074074074074074,0.5555555555555556,0.5882352941176471,0.5,0.5777777777777777,0.5652173913043478,0.4722222222222222,0.5957446808510638,0.5833333333333334,0.5476190476190477,0.4,0.08641975308641975,0.12244897959183673,0.03571428571428571,11.368573497465604,0.5625,0.2413793103448276,0.14906832298136646,0.03806228373702422,0.15702479338842976,0.041353383458646614,0.1524822695035461,0.03963963963963964,0.04285714285714286,0.03431372549019608,0.06451612903225806,0.11510791366906475,0.16783216783216784,0.2,0.16292134831460675,0.140625,0.03333333333333333,0.45,0.362962962962963,0.6530612244897959,0.7441860465116279,0.78125,0.2074074074074074,0.42857142857142855,0.4444444444444444,0.9166666666666666,0.02962962962962963,0.25,0.25,1.0,0.2074074074074074,0.35714285714285715,0.35714285714285715,1.0,0.1925925925925926,0.46153846153846156,0.46153846153846156,1.0,0.5652173913043478,0.6923076923076923,0.4444444444444444,0.08695652173913043,0.5,1.0,0.3333333333333333,0.5,0.2777777777777778,0.2,0.2777777777777778,0.4,0.762962962962963,0.46153846153846156,0.5589507407407408,0.6025,0.5300499999999999,0.03597122302158273,0.058823529411764705,0.16666666666666666,0.13690476190476192,4.618518518518519,24.35555555555555,0.18715305313243458,1.0,4.0,2.0,8.0,,2.0,,,3.0,1.0,,0.043010752688172046,0.017857142857142856,0.17391304347826086,0.25,1.0,1.0,,,,,2.0,2.0,,1.0,,,,,,,,False,,,
1628997,1610612742,Caleb Martin,Caleb Martin,1628997,DAL,9395.0,157.0,-28.0,324.0,324.0,83.0,64.0,24.0,648.0,9.0,14.0,2.0,2.0,2.0,4.0,2.0,7.0,1.0,5.0,1.0,6.0,,1.0,1.0,3.0,,,,,12.0,26.0,2.0,9.0,6.0,36.0,395.0,2.0,2.0,,1.0,4.0,2.0,5.0,,1.0,1.0,5.0,4.0,20.0,6.0,,,3.0,1.0,2.0,6.0,9.0,15.0,5.0,4.0,4.0,2.0,,39.0,1.0,3.0,9.0,9.0,,18.0,4.0,22.0,2.0,7.0,6.0,1.0,2.0,2.0,,5.0,,2.0,1.0,,7.0,1.0,7.0,11.0,1.0,10.0,1.0,10.0,2.0,6.0,,2.0,1.0,1.0,2.0,1.0,,5.0,81.0,,,0.16666666666666666,0.18181818181818182,1.0,0.2222222222222222,,,0.2222222222222222,0.46153846153846156,1.0,0.4,0.42857142857142855,0.6666666666666666,0.3333333333333333,0.46153846153846156,0.6666666666666666,0.35714285714285715,0.2571428571428571,0.07692307692307693,0.07142857142857142,0.14285714285714285,13.105413105413106,0.2857142857142857,,0.10465116279069768,0.03896103896103896,0.13846153846153847,0.019230769230769232,0.11920529801324503,0.031007751937984496,0.023809523809523808,0.02702702702702703,,0.1,0.13043478260869565,,0.10869565217391304,0.21052631578947367,0.10526315789473684,0.5,0.4,0.6428571428571429,0.6923076923076923,0.2222222222222222,0.2,0.2857142857142857,0.3333333333333333,,0.14285714285714285,0.2,0.2,,0.17142857142857143,0.16666666666666666,0.16666666666666666,1.0,0.08571428571428572,0.3333333333333333,0.3333333333333333,1.0,0.6666666666666666,1.0,,,,,0.6666666666666666,0.5,0.16666666666666666,,,,0.6571428571428571,0.3333333333333333,0.5677557142857141,0.6486000000000001,0.6189666666666668,0.15384615384615385,0.2,0.1111111111111111,0.1388888888888889,6.607692307692308,24.099999999999998,0.25617283950617287,,1.0,,2.0,,,,2.0,,,,0.043478260869565216,0.08333333333333333,0.3333333333333333,,,,,,,,,,,,,,,,,,,False,,,
1630539,1610612742,Kai Jones,Kai Jones,1630539,DAL,11134.0,186.0,,371.0,383.0,56.0,57.0,33.0,754.0,36.0,36.0,7.0,7.0,5.0,5.0,8.0,13.0,2.0,5.0,,,,,1.0,2.0,,,,,46.0,54.0,1.0,2.0,10.0,105.0,454.0,7.0,7.0,,,15.0,6.0,7.0,,,4.0,16.0,74.0,18.0,3.0,,,2.0,1.0,1.0,8.0,3.0,11.0,2.0,1.0,5.0,3.0,,25.0,1.0,13.0,17.0,17.0,3.0,37.0,14.0,51.0,,5.0,2.0,3.0,3.0,,3.0,1.0,,,,,4.0,2.0,15.0,21.0,1.0,12.0,,15.0,5.0,10.0,,9.0,5.0,4.0,9.0,6.0,1.0,16.0,56.0,,,0.8043478260869565,0.925,1.0,0.5,,,0.5,0.8518518518518519,1.0,0.8571428571428571,0.8482142857142857,1.0,0.8571428571428571,0.860655737704918,0.9375,1.0,0.03571428571428571,0.018518518518518517,,0.07692307692307693,16.049382716049383,0.75,0.25,0.17894736842105263,0.14606741573033707,0.2328767123287671,0.019230769230769232,0.20238095238095238,0.09929078014184398,0.12,,0.0625,0.1794871794871795,0.13953488372093023,0.3076923076923077,0.23728813559322035,0.21428571428571427,,0.6666666666666666,0.6428571428571429,1.0,1.0,0.8055555555555556,0.23214285714285715,0.6153846153846154,0.6666666666666666,0.75,0.08928571428571429,0.4,0.4,1.0,,,,,0.03571428571428571,0.5,0.5,1.0,1.0,1.0,0.14285714285714285,,,,0.7142857142857143,1.0,,,,,0.6785714285714286,0.5,0.6313520000000001,0.6295666666666667,0.5699,0.16393442622950818,0.1694915254237288,0.14285714285714285,0.1523809523809524,4.618518518518519,26.0,0.1509433962264151,,,1.0,12.0,,,,,,1.0,,0.21739130434782608,0.125,,,,,,,,,,,,,,,,,,,,False,,,
1631108,1610612742,Max Christie,Max Christie,1631108,DAL,48060.0,801.0,-65.0,1660.0,1672.0,363.0,332.0,148.0,3332.0,20.0,31.0,3.0,5.0,4.0,6.0,20.0,57.0,15.0,37.0,10.0,30.0,2.0,4.0,36.0,94.0,4.0,10.0,11.0,25.0,55.0,125.0,46.0,124.0,40.0,288.0,1999.0,4.0,10.0,7.0,15.0,31.0,9.0,22.0,13.0,29.0,25.0,82.0,54.0,56.0,132.0,6.0,,94.0,36.0,17.0,41.0,28.0,69.0,18.0,10.0,26.0,9.0,6.0,166.0,6.0,6.0,47.0,48.0,6.0,101.0,12.0,113.0,5.0,26.0,17.0,9.0,24.0,8.0,12.0,14.0,2.0,12.0,,3.0,38.0,8.0,21.0,37.0,1.0,40.0,1.0,47.0,3.0,17.0,6.0,6.0,3.0,2.0,6.0,4.0,1.0,78.0,356.0,4.0,3.0,0.4909090909090909,0.5094339622641509,0.9565217391304348,0.3709677419354839,0.4666666666666667,0.4482758620689655,0.3709677419354839,0.44,0.4,0.4090909090909091,0.4979919678714859,0.58,0.5588235294117647,0.5296296296296297,0.5961538461538461,0.640625,0.4979919678714859,0.136,0.12903225806451613,0.22807017543859648,16.721132897603486,0.631578947368421,0.1875,0.11538461538461539,0.014742014742014743,0.14114114114114115,0.01818181818181818,0.1268357810413885,0.016282225237449117,0.017543859649122806,0.012448132780082987,0.033707865168539325,0.0718954248366013,0.13526570048309178,0.16071428571428573,0.13654618473895583,0.15476190476190477,0.03968253968253968,0.6666666666666666,0.12449799196787148,0.6451612903225806,0.7407407407407407,0.65,0.2289156626506024,0.3508771929824561,0.45454545454545453,0.45,0.14859437751004015,0.40540540540540543,0.40540540540540543,0.3333333333333333,0.12048192771084337,0.3333333333333333,0.3333333333333333,1.0,0.37751004016064255,0.3829787234042553,0.391304347826087,0.9444444444444444,0.2,0.6,0.3333333333333333,0.4,0.4,0.75,0.11764705882352941,0.6666666666666666,0.0784313725490196,0.5,0.49019607843137253,0.44,0.6224899598393574,0.3829787234042553,0.5144512295081964,0.5464421052631578,0.5155510000000001,0.06818181818181818,0.1223021582733813,0.1076388888888889,0.2847222222222222,9.4904,25.28870967741936,0.21867469879518073,3.0,5.0,2.0,4.0,,2.0,,,5.0,,,0.008771929824561403,0.015384615384615385,0.2,0.6,1.0,2.0,,,2.0,1.0,,,,1.0,,,0.008,2.0,,0.016129032258064516,0.02127659574468085,False,,,
203957,1610612742,Danté Exum,Danté Exum,203957,DAL,19643.0,327.0,-70.0,673.0,674.0,121.0,94.0,65.0,1347.0,25.0,41.0,1.0,3.0,1.0,6.0,10.0,30.0,3.0,5.0,9.0,14.0,,1.0,12.0,32.0,1.0,2.0,3.0,6.0,38.0,76.0,21.0,46.0,23.0,162.0,808.0,1.0,5.0,1.0,2.0,5.0,2.0,14.0,3.0,7.0,6.0,19.0,32.0,44.0,57.0,6.0,,32.0,12.0,14.0,27.0,20.0,47.0,14.0,6.0,15.0,10.0,2.0,114.0,2.0,2.0,13.0,13.0,,26.0,4.0,30.0,1.0,12.0,6.0,6.0,11.0,4.0,9.0,8.0,,2.0,,1.0,19.0,2.0,24.0,31.0,1.0,28.0,2.0,31.0,3.0,14.0,3.0,3.0,3.0,,3.0,1.0,,19.0,118.0,,3.0,0.42105263157894735,0.42105263157894735,0.9047619047619048,0.45652173913043476,0.5,0.42857142857142855,0.45652173913043476,0.5,0.2,0.14285714285714285,0.569672131147541,0.35714285714285715,0.30952380952380953,0.5955882352941176,0.35714285714285715,0.38,0.3770491803278688,0.18421052631578946,0.1951219512195122,0.2,20.666666666666668,0.5789473684210527,,0.07514450867052024,0.011428571428571429,0.09774436090225563,0.0136986301369863,0.08496732026143791,0.012461059190031152,0.020833333333333332,0.017857142857142856,,0.08108108108108109,0.08,0.041666666666666664,0.09278350515463918,0.1111111111111111,0.02127659574468085,0.3333333333333333,0.3360655737704918,0.6097560975609756,0.7575757575757576,0.36,0.2459016393442623,0.3333333333333333,0.4166666666666667,0.6,0.040983606557377046,0.6,0.6,0.3333333333333333,0.11475409836065574,0.6428571428571429,0.6428571428571429,1.0,0.26229508196721313,0.375,0.375,0.8333333333333334,0.42857142857142855,0.3333333333333333,1.0,0.2857142857142857,0.5,1.0,0.2857142857142857,0.16666666666666666,0.047619047619047616,,0.2857142857142857,0.5,0.7131147540983607,0.375,0.5430053278688526,0.683125,0.5148190476190476,0.10526315789473684,0.16091954022988506,0.030864197530864196,0.11728395061728394,5.41578947368421,25.323913043478257,0.17979197622585438,,,,,,,,1.0,,,,,,,,,,2.0,,,,,,,,,,,,,,,False,,,
1629650,1610612742,Moses Brown,Moses Brown,1629650,DAL,4380.0,73.0,-3.0,152.0,155.0,37.0,20.0,11.0,307.0,18.0,21.0,4.0,4.0,5.0,6.0,3.0,8.0,,,,,,,,,,,,,21.0,29.0,,,5.0,47.0,167.0,4.0,5.0,,,10.0,7.0,10.0,,,,14.0,28.0,14.0,,,,,,3.0,1.0,1.0,2.0,1.0,,,1.0,,5.0,3.0,5.0,11.0,12.0,,23.0,8.0,31.0,,4.0,3.0,1.0,2.0,,2.0,3.0,,,,2.0,5.0,3.0,11.0,11.0,,5.0,,6.0,2.0,4.0,,3.0,1.0,2.0,3.0,1.0,2.0,14.0,35.0,,,0.6666666666666666,0.7777777777777778,,,,,,0.7241379310344828,0.8,0.7,0.7241379310344828,0.8,0.7,0.7580645161290323,0.8333333333333334,0.7,,0.10344827586206896,0.09523809523809523,0.125,21.686746987951807,0.4,,0.24489795918367346,0.13157894736842105,0.275,0.0967741935483871,0.25842696629213485,0.11594202898550725,,0.11538461538461539,,0.2222222222222222,0.2702702702702703,,0.2903225806451613,0.2222222222222222,,0.3333333333333333,0.7241379310344828,0.8571428571428571,0.9473684210526315,0.6111111111111112,0.27586206896551724,0.375,0.42857142857142855,1.0,,,,,,,,,,,,,0.8,1.0,,,,,0.6,0.8333333333333334,,,,,0.7241379310344828,,0.6073448275862069,0.5808,0.5670299999999999,0.12903225806451613,0.12903225806451613,0.2127659574468085,0.2978723404255319,3.0068965517241377,,0.24342105263157895,,,2.0,6.0,,,,,1.0,,,0.5714285714285714,0.14285714285714285,,,,2.0,,,,,,,,,,,,,,,,False,,,
1630283,1610612742,Kylor Kelley,Kylor Kelley,1630283,DAL,4005.0,67.0,-36.0,138.0,140.0,52.0,10.0,20.0,278.0,6.0,8.0,2.0,3.0,2.0,4.0,4.0,5.0,,,,,,,,,,,,,10.0,13.0,,,4.0,24.0,185.0,4.0,6.0,,,9.0,2.0,4.0,,,1.0,5.0,16.0,4.0,,,,,,,1.0,1.0,2.0,1.0,,1.0,,,5.0,6.0,2.0,7.0,5.0,1.0,13.0,8.0,21.0,,,,,1.0,,1.0,,,,,,1.0,,6.0,8.0,,4.0,,6.0,,2.0,1.0,2.0,1.0,1.0,2.0,1.0,,5.0,52.0,,1.0,0.8,0.8888888888888888,,,,,,0.7692307692307693,0.6666666666666666,0.5,0.7692307692307693,0.6666666666666666,0.5,0.75,0.6428571428571429,0.5,,,,,10.303030303030303,1.0,0.3333333333333333,0.14705882352941177,0.04878048780487805,0.21212121212121213,0.17647058823529413,0.1791044776119403,0.10666666666666667,0.038461538461538464,0.23076923076923078,,0.0625,0.2857142857142857,,0.16,0.375,,0.5,0.6153846153846154,0.75,0.75,0.6666666666666666,0.38461538461538464,0.8,0.8,1.0,,,,,,,,,,,,,0.5,0.6666666666666666,,,,,1.0,0.5,,,,,0.6153846153846154,,0.5965307692307692,0.5230750000000001,0.72875,0.13333333333333333,0.13333333333333333,0.375,0.20833333333333334,2.838461538461539,,0.37681159420289856,,,1.0,2.0,,2.0,,,2.0,2.0,,0.08333333333333333,,,,,,,,,,,,,,,,,,,,,False,,,
202693,1610612742,Markieff Morris,Markieff Morris,202693,DAL,2440.0,41.0,-10.0,91.0,91.0,47.0,57.0,8.0,182.0,,1.0,,,,,1.0,3.0,2.0,5.0,,2.0,,2.0,2.0,11.0,1.0,1.0,2.0,7.0,3.0,9.0,2.0,13.0,,12.0,103.0,1.0,1.0,1.0,1.0,5.0,2.0,4.0,2.0,9.0,,10.0,4.0,2.0,6.0,,1.0,10.0,2.0,,2.0,2.0,4.0,1.0,1.0,1.0,1.0,,10.0,,,1.0,4.0,3.0,8.0,,8.0,,1.0,1.0,,2.0,,1.0,,,1.0,,,2.0,2.0,2.0,2.0,,1.0,,,,,,1.0,,1.0,1.0,1.0,,10.0,47.0,,,0.6666666666666666,0.6666666666666666,1.0,0.15384615384615385,1.0,0.2222222222222222,0.16666666666666666,0.3333333333333333,1.0,0.5,0.2727272727272727,1.25,0.38461538461538464,0.2727272727272727,1.25,0.38461538461538464,0.5909090909090909,,,,24.242424242424242,1.0,0.5,0.15384615384615385,,0.07142857142857142,,0.125,,,,,0.1111111111111111,0.18181818181818182,0.16666666666666666,0.09090909090909091,,,1.0,0.045454545454545456,,,,0.13636363636363635,0.3333333333333333,0.3333333333333333,1.0,0.22727272727272727,0.4,0.4,0.5,0.09090909090909091,,,,0.5,0.18181818181818182,0.18181818181818182,1.0,,,,0.5,1.0,1.0,,,0.15384615384615385,,0.5384615384615384,0.2857142857142857,0.6363636363636364,0.2,0.476647619047619,0.4959,0.48171153846153847,,,0.4166666666666667,0.8333333333333334,14.18888888888889,28.35384615384616,0.5164835164835165,,,,,,,,,,,,,,,,,,,,,,,,,,,,,,,,,False,,,
