EntityId,TeamId,Name,ShortName,RowId,TeamAbbreviation,SecondsPlayed,Minutes,PlusMinus,OffPoss,DefPoss,PenaltyOffPoss,PenaltyDefPoss,SecondChanceOffPoss,TotalPoss,AtRimFGM,AtRimFGA,SecondChanceAtRimFGM,SecondChanceAtRimFGA,PenaltyAtRimFGM,PenaltyAtRimFGA,ShortMidRangeFGM,ShortMidRangeFGA,LongMidRangeFGM,LongMidRangeFGA,Corner3FGM,Corner3FGA,SecondChanceCorner3FGM,SecondChanceCorner3FGA,PenaltyCorner3FGM,PenaltyCorner3FGA,Arc3FGM,Arc3FGA,SecondChanceArc3FGM,SecondChanceArc3FGA,PenaltyArc3FGM,PenaltyArc3FGA,FG2M,FG2A,FG3M,FG3A,FtPoints,Points,OpponentPoints,SecondChanceFG2M,SecondChanceFG2A,SecondChanceFG3M,SecondChanceFG3A,SecondChanceFtPoints,SecondChancePoints,PenaltyFG2M,PenaltyFG2A,PenaltyFG3M,PenaltyFG3A,PenaltyFtPoints,PenaltyPoints,PtsAssisted2s,PtsUnassisted2s,PtsAssisted3s,NonHeaveArc3FGA,NonHeaveArc3FGM,Fg2aBlocked,TwoPtAssists,ThreePtAssists,Assists,Corner3Assists,ShortMidRangeAssists,LongMidRangeAssists,AssistPoints,OffThreePtRebounds,DefThreePtRebounds,DefTwoPtRebounds,FTDefRebounds,DefRebounds,OffRebounds,Rebounds,Steals,BadPassSteals,LostBallSteals,LiveBallTurnovers,BadPassTurnovers,Turnovers,ShootingFouls,Fouls,FoulsDrawn,Charge Fouls Drawn,Offensive Fouls Drawn,FTA,2pt And 1 Free Throw Trips,TwoPtShootingFoulsDrawn,Blocked2s,BlockedAtRim,BlockedShortMidRange,Blocks,RecoveredBlocks,Defensive 3 Seconds Violations,PenaltyPointsExcludingTakeFouls,PenaltyOffPossExcludingTakeFouls,NonShootingPenaltyNonTakeFouls,Assisted2sPct,NonPutbacksAssisted2sPct,Assisted3sPct,Fg3Pct,SecondChanceFg3Pct,PenaltyFg3Pct,NonHeaveFg3Pct,Fg2Pct,SecondChanceFg2Pct,PenaltyFg2Pct,EfgPct,SecondChanceEfgPct,PenaltyEfgPct,TsPct,SecondChanceTsPct,PenaltyTsPct,FG3APct,FG2APctBlocked,ShortMidRangePctBlocked,Usage,LiveBallTurnoverPct,DefFTReboundPct,DefTwoPtReboundPct,DefThreePtReboundPct,OffThreePtReboundPct,DefFGReboundPct,OffFGReboundPct,OffArc3ReboundPct,OffCorner3ReboundPct,DefShortMidRangeReboundPct,DefLongMidRangeReboundPct,DefArc3ReboundPct,BlocksRecoveredPct,AtRimFrequency,AtRimAccuracy,UnblockedAtRimAccuracy,AtRimPctAssisted,ShortMidRangeFrequency,ShortMidRangeAccuracy,UnblockedShortMidRangeAccuracy,ShortMidRangePctAssisted,LongMidRangeFrequency,LongMidRangeAccuracy,UnblockedLongMidRangeAccuracy,LongMidRangePctAssisted,Corner3Frequency,Corner3Accuracy,UnblockedCorner3Accuracy,Corner3PctAssisted,Arc3Frequency,Arc3Accuracy,UnblockedArc3Accuracy,Arc3PctAssisted,SecondChanceAtRimFrequency,SecondChanceAtRimAccuracy,SecondChanceAtRimPctAssisted,SecondChanceCorner3Frequency,SecondChanceCorner3Accuracy,SecondChanceCorner3PctAssisted,SecondChanceArc3Frequency,SecondChanceArc3Accuracy,SecondChanceArc3PctAssisted,PenaltyAtRimFrequency,PenaltyAtRimAccuracy,PenaltyCorner3Frequency,PenaltyCorner3Accuracy,PenaltyArc3Frequency,PenaltyArc3Accuracy,AtRimFG3AFrequency,NonHeaveArc3Accuracy,ShotQualityAvg,SecondChanceShotQualityAvg,PenaltyShotQualityAvg,ShootingFoulsDrawnPct,TwoPtShootingFoulsDrawnPct,SecondChancePointsPct,PenaltyPointsPct,Avg2ptShotDistance,Avg3ptShotDistance,PenaltyOffPossPct,Arc3Assists,DeadBallTurnovers,LostBallOutOfBoundsTurnovers,DefCorner3ReboundPct,PtsUnassisted3s,HeaveAttempts,AtRimAssists,OffTwoPtRebounds,SelfOReb,BadPassOutOfBoundsTurnovers,LostBallTurnovers,PenaltyTurnovers,NonShootingFoulsDrawn,NonShootingPenaltyNonTakeFoulsDrawn,AtRimPctBlocked,OffTwoPtReboundPct,OffShortMidRangeReboundPct,DefAtRimReboundPct,SelfORebPct,Loose Ball Fouls,OffLongMidRangeReboundPct,PtsPutbacks,FTOffRebounds,Travels,SecondChanceTurnovers,Offensive Fouls,Loose Ball Fouls Drawn,Blocked3s,BlockedArc3,DefensiveGoaltends,3SecondViolations,OffFTReboundPct,OffAtRimReboundPct,Fg3aBlocked,Charge Fouls,ThreePtShootingFoulsDrawn,FG3APctBlocked,Arc3PctBlocked,ThreePtShootingFoulsDrawnPct,LongMidRangePctBlocked,Technical Free Throw Trips,StepOutOfBoundsTurnovers,on,BlockedCorner3,Corner3PctBlocked,Transition Take Fouls Drawn,OffensiveGoaltends,Transition Take Fouls,BlockedLongMidRange,3pt And 1 Free Throw Trips,Clear Path Fouls
1626168,1610612758,Trey Lyles,Trey Lyles,1626168,SAC,6820.0,114,-38.0,237,236,62.0,62,22.0,473,2.0,2.0,1.0,1.0,1.0,1.0,2.0,4.0,3.0,4.0,4.0,10.0,1.0,2.0,1.0,2.0,8.0,18.0,1.0,3.0,1.0,4.0,7.0,10.0,12.0,28.0,3.0,53.0,285,3.0,3.0,2.0,5.0,1.0,13.0,3.0,3.0,2.0,6.0,2.0,14.0,10.0,4.0,36.0,18.0,8.0,1.0,2.0,1.0,3.0,1.0,1.0,1.0,7.0,2.0,7.0,7.0,5.0,19.0,2.0,21.0,4.0,2.0,2.0,1.0,1.0,1.0,2.0,3.0,4.0,1.0,1.0,3.0,1.0,2.0,2.0,1.0,1.0,2.0,1.0,1.0,14.0,62.0,1.0,0.7142857142857143,0.7142857142857143,1.0,0.4285714285714285,0.4,0.3333333333333333,0.4285714285714285,0.7,1.0,1.0,0.6578947368421053,0.75,0.6666666666666666,0.6794871794871795,0.8125,0.7,0.7368421052631579,0.1,0.25,15.325670498084293,1.0,0.5,0.1428571428571428,0.14,0.0333333333333333,0.1414141414141414,0.016,0.0222222222222222,0.0666666666666666,0.1851851851851851,0.1538461538461538,0.1794871794871795,0.5,0.0526315789473684,1.0,1.0,1.0,0.1052631578947368,0.5,0.6666666666666666,0.5,0.1052631578947368,0.75,0.75,0.6666666666666666,0.2631578947368421,0.4,0.4,1.0,0.4736842105263157,0.4444444444444444,0.4444444444444444,1.0,0.125,1.0,1.0,0.25,0.5,1.0,0.375,0.3333333333333333,1.0,0.1111111111111111,1.0,0.2222222222222222,0.5,0.4444444444444444,0.25,0.7894736842105263,0.4444444444444444,0.5349394736842106,0.46675,0.5211666666666667,0.0512820512820512,0.1818181818181818,0.2452830188679245,0.2641509433962264,8.879999999999999,25.217857142857145,0.2616033755274262,,,,,,,,,,,,,,,,,,,,,,,,,,,,,,,,,,,,,,,,,,,True,,,,,,,,
1627734,1610612758,Domantas Sabonis,Domantas Sabonis,1627734,SAC,516.0,9,-16.0,18,18,,1,,36,,,,,,,1.0,1.0,,,,,,,,,,1.0,,,,,1.0,1.0,,1.0,,2.0,29,,,,,,,,,,,,,,2.0,,1.0,,,1.0,1.0,2.0,,,1.0,5.0,,1.0,,,1.0,,1.0,,,,,,1.0,1.0,1.0,,,,,,,,,,,,,,,,,,,,,,,1.0,,,0.5,,,0.5,,,0.5,,,16.666666666666668,,,,0.125,,0.125,,,,,,,,,,,,0.5,1.0,1.0,,,,,,,,,,0.5,,,,,,,,,,,,,,,,,,,0.5,,0.52245,,,,,,,4.4,25.8,,1.0,1.0,1.0,1.0,,,,,,,,,,,,,,,,,,,,,,,,,,,,,,,,,,,,,,,True,,,,,,,,
1628368,1610612758,De'Aaron Fox,De'Aaron Fox,1628368,SAC,10835.0,181,-92.0,372,376,92.0,96,39.0,748,9.0,13.0,,1.0,2.0,4.0,16.0,41.0,3.0,15.0,1.0,2.0,,,,1.0,8.0,36.0,,5.0,2.0,7.0,28.0,69.0,9.0,38.0,30.0,113.0,479,,3.0,,5.0,,,6.0,15.0,2.0,8.0,12.0,30.0,16.0,40.0,9.0,35.0,8.0,4.0,16.0,18.0,34.0,5.0,4.0,3.0,86.0,1.0,13.0,12.0,1.0,26.0,2.0,28.0,6.0,4.0,2.0,8.0,7.0,10.0,9.0,14.0,31.0,,3.0,37.0,1.0,18.0,1.0,,1.0,1.0,1.0,,30.0,92.0,1.0,0.2857142857142857,0.2857142857142857,0.3333333333333333,0.2368421052631578,,0.25,0.2432432432432432,0.4057971014492754,,0.4,0.3878504672897196,,0.391304347826087,0.452,,0.5172413793103449,0.3551401869158878,0.0579710144927536,0.073170731707317,32.21957040572792,0.8,0.0909090909090909,0.15,0.1511627906976744,0.0103092783505154,0.1506024096385542,0.0101010101010101,0.0128205128205128,,0.1764705882352941,0.1176470588235294,0.1304347826086956,1.0,0.1214953271028037,0.6923076923076923,0.75,0.1111111111111111,0.3831775700934579,0.3902439024390244,0.4210526315789473,0.3125,0.1401869158878504,0.2,0.2,0.6666666666666666,0.0186915887850467,0.5,0.5,,0.3364485981308411,0.2222222222222222,0.2222222222222222,0.375,0.125,,,,,,0.625,,,0.1739130434782608,0.5,0.0434782608695652,,0.3043478260869565,0.2857142857142857,0.4766355140186916,0.2285714285714285,0.4951273584905661,0.49675,0.5167840909090908,0.1451612903225806,0.2093023255813953,,0.2654867256637168,9.481159420289853,27.102631578947364,0.2473118279569892,13.0,2.0,1.0,0.2352941176470588,18.0,1.0,9.0,1.0,1.0,1.0,1.0,4.0,1.0,1.0,0.0769230769230769,0.0099009900990099,0.0161290322580645,0.0833333333333333,0.0153846153846153,,,,,,,,,,,,,,,,,,,,,,,,True,,,,,,,,
1631099,1610612758,Keegan Murray,Keegan Murray,1631099,SAC,6759.0,113,-61.0,224,229,59.0,55,27.0,453,5.0,6.0,,,1.0,2.0,2.0,8.0,1.0,3.0,3.0,5.0,2.0,2.0,1.0,1.0,4.0,15.0,,3.0,1.0,2.0,8.0,17.0,7.0,20.0,2.0,39.0,298,,,2.0,5.0,,6.0,2.0,7.0,2.0,3.0,,10.0,12.0,4.0,21.0,15.0,4.0,1.0,2.0,,2.0,,1.0,,4.0,6.0,11.0,6.0,,17.0,11.0,28.0,3.0,2.0,1.0,3.0,1.0,3.0,5.0,12.0,2.0,,,2.0,,1.0,2.0,1.0,1.0,2.0,2.0,,10.0,59.0,1.0,0.75,0.75,1.0,0.35,0.4,0.6666666666666666,0.35,0.4705882352941176,,0.2857142857142857,0.5,0.6,0.5,0.5131578947368421,0.6,0.5,0.5405405405405406,0.0588235294117647,,15.95330739299611,1.0,,0.12,0.1964285714285714,0.0967741935483871,0.160377358490566,0.0964912280701754,0.1132075471698113,,0.1212121212121212,,0.2093023255813953,1.0,0.1621621621621621,0.8333333333333334,1.0,0.8,0.2162162162162162,0.25,0.25,0.5,0.081081081081081,0.3333333333333333,0.3333333333333333,1.0,0.1351351351351351,0.6,0.6,1.0,0.4054054054054054,0.2666666666666666,0.2666666666666666,1.0,,,,0.4,1.0,1.0,0.6,,,0.2,0.5,0.1,1.0,0.2,0.5,0.7027027027027027,0.2666666666666666,0.5372189189189189,0.5514,0.504775,0.0263157894736842,0.0555555555555555,0.1538461538461538,0.2564102564102564,8.388235294117647,25.29,0.2633928571428571,,,,0.1538461538461538,,,1.0,5.0,1.0,,2.0,1.0,,,0.1666666666666666,0.0961538461538461,0.0689655172413793,0.2,0.0476190476190476,1.0,0.2,,,,,,,,,,,,,,,,,,,,,,True,,,,,,,,
203458,1610612758,Alex Len,Alex Len,203458,SAC,15460.0,258,-95.0,523,524,152.0,166,54.0,1047,13.0,19.0,4.0,7.0,5.0,8.0,8.0,15.0,,1.0,,3.0,,,,,1.0,3.0,,,,,21.0,35.0,1.0,6.0,7.0,52.0,638,5.0,8.0,,,,10.0,8.0,17.0,,,,16.0,32.0,10.0,3.0,3.0,1.0,4.0,12.0,18.0,30.0,5.0,6.0,3.0,78.0,8.0,17.0,17.0,5.0,39.0,25.0,64.0,8.0,8.0,,5.0,3.0,11.0,17.0,35.0,16.0,,,13.0,1.0,7.0,15.0,6.0,9.0,18.0,11.0,,16.0,152.0,1.0,0.7619047619047619,1.0,1.0,0.1666666666666666,,,0.1666666666666666,0.6,0.625,0.4705882352941176,0.5487804878048781,0.625,0.4705882352941176,0.5531914893617021,0.625,0.4705882352941176,0.1463414634146341,0.1142857142857142,0.0666666666666666,9.914529914529917,0.4545454545454545,0.25,0.1531531531531531,0.1349206349206349,0.0592592592592592,0.1434599156118143,0.091254752851711,0.0377358490566037,0.1379310344827586,0.0909090909090909,0.1739130434782608,0.1176470588235294,0.6111111111111112,0.4634146341463415,0.6842105263157895,0.8125,0.6923076923076923,0.3658536585365853,0.5333333333333333,0.5714285714285714,0.875,0.024390243902439,,,,0.073170731707317,,,,0.073170731707317,0.3333333333333333,0.3333333333333333,1.0,0.875,0.5714285714285714,,,,,,,,0.4705882352941176,0.625,,,,,0.6097560975609756,0.3333333333333333,0.5371682926829268,0.5939,0.5090941176470588,0.1489361702127659,0.1707317073170731,0.1923076923076923,0.3076923076923077,4.66,24.3,0.2906309751434034,13.0,6.0,,0.2083333333333333,,,3.0,16.0,3.0,,2.0,5.0,,,0.1578947368421052,0.125,0.1428571428571428,0.3181818181818182,0.2142857142857142,4.0,0.0666666666666666,10.0,1.0,1.0,2.0,4.0,1.0,3.0,3.0,1.0,1.0,0.1428571428571428,0.1428571428571428,,,,,,,,,,True,,,,,,,,
1628370,1610612758,Malik Monk,Malik Monk,1628370,SAC,3433.0,57,-22.0,115,121,41.0,45,11.0,236,2.0,4.0,2.0,3.0,,,7.0,11.0,,3.0,,,,,,,4.0,12.0,,,1.0,5.0,9.0,18.0,4.0,12.0,4.0,34.0,139,3.0,4.0,,,,6.0,5.0,6.0,1.0,5.0,,13.0,6.0,12.0,9.0,12.0,4.0,2.0,1.0,2.0,3.0,1.0,,,8.0,1.0,3.0,3.0,,6.0,1.0,7.0,2.0,,2.0,1.0,,4.0,6.0,10.0,6.0,,3.0,5.0,,1.0,1.0,,1.0,2.0,1.0,,13.0,41.0,,0.3333333333333333,0.3333333333333333,0.75,0.3333333333333333,,0.2,0.3333333333333333,0.5,0.75,0.8333333333333334,0.5,0.75,0.5909090909090909,0.53125,0.75,0.5909090909090909,0.4,0.1111111111111111,,28.346456692913385,0.25,,0.1153846153846153,0.0857142857142857,0.037037037037037,0.0983606557377049,0.0181818181818181,0.0416666666666666,,,0.25,0.0769230769230769,0.5,0.1333333333333333,0.5,1.0,1.0,0.3666666666666666,0.6363636363636364,0.6363636363636364,0.1428571428571428,0.1,,,,,,,,0.4,0.3333333333333333,0.3636363636363636,0.75,0.75,0.6666666666666666,1.0,,,,,,,,,,,0.4545454545454545,0.2,0.5333333333333333,0.3333333333333333,0.49322,0.4718,0.4519045454545454,0.0625,0.0526315789473684,0.1764705882352941,0.3823529411764705,7.283333333333333,25.49166666666667,0.3565217391304348,1.0,3.0,,0.1111111111111111,3.0,,1.0,,,1.0,1.0,2.0,,,0.5,,,0.5,,,,,,1.0,,,,1.0,1.0,,,,,1.0,1.0,1.0,0.0833333333333333,0.0833333333333333,0.0769230769230769,,,,True,,,,,,,,
201942,1610612758,DeMar DeRozan,DeMar DeRozan,201942,SAC,8097.0,135,-69.0,275,280,60.0,62,29.0,555,4.0,4.0,,,,,13.0,26.0,11.0,22.0,2.0,4.0,1.0,2.0,,1.0,1.0,7.0,,,,1.0,28.0,52.0,3.0,11.0,18.0,83.0,353,1.0,2.0,1.0,2.0,4.0,9.0,4.0,10.0,,2.0,6.0,14.0,22.0,34.0,9.0,7.0,1.0,2.0,8.0,8.0,16.0,3.0,6.0,1.0,40.0,2.0,8.0,2.0,,10.0,3.0,13.0,4.0,2.0,2.0,1.0,1.0,1.0,5.0,6.0,19.0,1.0,2.0,24.0,3.0,10.0,2.0,,2.0,2.0,2.0,,14.0,60.0,,0.3928571428571428,0.3928571428571428,1.0,0.2727272727272727,0.5,,0.2727272727272727,0.5384615384615384,0.5,0.4,0.5158730158730159,0.625,0.3333333333333333,0.5684931506849316,0.75,0.4375,0.1746031746031746,0.0384615384615384,0.0384615384615384,24.18300653594771,1.0,,0.0377358490566037,0.1176470588235294,0.0266666666666666,0.0826446280991735,0.0202702702702702,0.0350877192982456,,0.0303030303030303,0.0714285714285714,0.1454545454545454,1.0,0.0634920634920634,1.0,1.0,0.5,0.4126984126984127,0.5,0.52,0.3076923076923077,0.3492063492063492,0.5,0.5238095238095238,0.4545454545454545,0.0634920634920634,0.5,0.5,1.0,0.1111111111111111,0.1428571428571428,0.1428571428571428,1.0,,,,0.5,0.5,1.0,,,,,,0.0833333333333333,,0.0833333333333333,,0.238095238095238,0.1428571428571428,0.4566103174603174,0.58725,0.445775,0.1549295774647887,0.1694915254237288,0.108433734939759,0.1686746987951807,13.192307692307692,25.463636363636365,0.2181818181818181,5.0,,,,,,1.0,1.0,1.0,,,,2.0,2.0,,0.0136986301369863,0.0227272727272727,,0.0344827586206896,,,,,,,,,,,,,,,,,1.0,,,0.0833333333333333,0.0454545454545454,,,True,,,,,,,,
1628989,1610612758,Kevin Huerter,Kevin Huerter,1628989,SAC,6305.0,105,-59.0,217,215,49.0,44,18.0,432,2.0,5.0,,,,,3.0,9.0,2.0,2.0,1.0,7.0,,1.0,,1.0,5.0,18.0,,3.0,2.0,3.0,7.0,16.0,6.0,25.0,3.0,35.0,273,1.0,1.0,,4.0,,2.0,1.0,2.0,2.0,4.0,2.0,10.0,12.0,2.0,18.0,18.0,5.0,1.0,3.0,4.0,7.0,,1.0,,18.0,1.0,5.0,6.0,2.0,13.0,1.0,14.0,6.0,4.0,2.0,7.0,4.0,8.0,7.0,10.0,2.0,,,5.0,,2.0,2.0,,2.0,2.0,1.0,,10.0,49.0,1.0,0.8571428571428571,0.8571428571428571,1.0,0.24,,0.5,0.24,0.4375,1.0,0.5,0.3902439024390244,0.2,0.6666666666666666,0.3953488372093023,0.2,0.625,0.6097560975609756,0.0625,0.1111111111111111,21.16182572614108,0.875,0.2222222222222222,0.15,0.1136363636363636,0.0142857142857142,0.1309523809523809,0.0086206896551724,0.0204081632653061,,0.1153846153846153,0.25,0.1388888888888889,0.5,0.1219512195121951,0.4,0.4,0.5,0.2195121951219512,0.3333333333333333,0.375,1.0,0.048780487804878,1.0,1.0,1.0,0.1707317073170731,0.1428571428571428,0.1428571428571428,1.0,0.4390243902439024,0.2777777777777778,0.2777777777777778,1.0,,,,0.2,,,0.6,,,,,0.1666666666666666,,0.5,0.6666666666666666,0.7317073170731707,0.2777777777777778,0.5341073170731707,0.52635,0.5221833333333333,0.0465116279069767,0.1111111111111111,0.0571428571428571,0.2857142857142857,6.875,25.444,0.2258064516129032,4.0,1.0,,,,,2.0,,,1.0,3.0,2.0,,,,,,0.1666666666666666,,,,,,,1.0,,,,,,,,,,,,,,,,1.0,,True,,,,,,,,
1629162,1610612758,Jordan McLaughlin,Jordan McLaughlin,1629162,SAC,3433.0,57,-5.0,113,106,50.0,58,13.0,219,,1.0,,,,,,3.0,1.0,2.0,1.0,3.0,,,,,4.0,8.0,,1.0,1.0,3.0,1.0,6.0,5.0,11.0,3.0,20.0,118,,,,1.0,,,,1.0,1.0,3.0,1.0,4.0,2.0,,6.0,8.0,4.0,1.0,7.0,3.0,10.0,1.0,4.0,2.0,23.0,1.0,2.0,2.0,1.0,5.0,1.0,6.0,2.0,1.0,1.0,5.0,2.0,6.0,4.0,5.0,5.0,1.0,,6.0,,1.0,,,,,,,4.0,50.0,,1.0,1.0,0.4,0.4545454545454545,,0.3333333333333333,0.4545454545454545,0.1666666666666666,,,0.5,,0.375,0.5,,0.3333333333333333,0.6470588235294118,0.1666666666666666,,20.47244094488189,0.8333333333333334,0.1428571428571428,0.0869565217391304,0.0769230769230769,0.04,0.0816326530612244,0.0204081632653061,0.0526315789473684,,0.1666666666666666,,0.0454545454545454,,0.0588235294117647,,,,0.1764705882352941,,,,0.1176470588235294,0.5,0.5,1.0,0.1764705882352941,0.3333333333333333,0.3333333333333333,1.0,0.4705882352941176,0.5,0.5,0.25,,,,,,,1.0,,,,,,,0.75,0.3333333333333333,0.7058823529411765,0.5,0.480185294117647,,0.4776375,0.0555555555555555,0.1428571428571428,,0.2,11.95,24.92727272727273,0.4424778761061947,2.0,1.0,,0.25,9.0,,1.0,,,1.0,3.0,4.0,2.0,2.0,1.0,,,,,,,,,,,,1.0,,,,,,,,,,,,,,,,True,,,,,,,,
1631165,1610612758,Keon Ellis,Keon Ellis,1631165,SAC,5239.0,87,-8.0,167,174,45.0,56,21.0,341,1.0,1.0,1.0,1.0,,,1.0,3.0,,1.0,3.0,7.0,,1.0,,1.0,9.0,23.0,,1.0,3.0,6.0,2.0,5.0,12.0,30.0,1.0,41.0,195,2.0,2.0,,2.0,1.0,5.0,,1.0,3.0,7.0,,9.0,,4.0,30.0,23.0,9.0,,3.0,2.0,5.0,1.0,,,12.0,2.0,5.0,4.0,1.0,10.0,5.0,15.0,,,,3.0,3.0,7.0,4.0,8.0,5.0,,,1.0,,,,,,,,,9.0,45.0,1.0,,,0.8333333333333334,0.4,,0.4285714285714285,0.4,0.4,1.0,,0.5714285714285714,0.5,0.5625,0.5694444444444444,0.5,0.5625,0.8571428571428571,,,22.105263157894736,0.4285714285714285,0.25,0.0869565217391304,0.1162790697674418,0.04,0.1011235955056179,0.0543478260869565,0.05,,0.0833333333333333,0.1666666666666666,0.1176470588235294,,0.0285714285714285,1.0,1.0,,0.0857142857142857,0.3333333333333333,0.3333333333333333,,0.0285714285714285,,,,0.2,0.4285714285714285,0.4285714285714285,1.0,0.6571428571428571,0.391304347826087,0.391304347826087,0.7777777777777778,0.25,1.0,,0.25,,,0.25,,,,,0.125,,0.75,0.5,0.8857142857142857,0.391304347826087,0.5365042857142858,0.4791,0.5154624999999999,,,0.1219512195121951,0.2195121951219512,8.16,25.416666666666664,0.2694610778443114,1.0,4.0,,0.1111111111111111,6.0,,3.0,3.0,,2.0,,1.0,1.0,,,0.0714285714285714,,,,2.0,0.1538461538461538,4.0,,1.0,1.0,1.0,,,,,,,0.1428571428571428,,,,,,,,,,True,,,,,,,,
1642269,1610612758,Devin Carter,Devin Carter,1642269,SAC,1899.0,32,-7.0,65,65,26.0,21,7.0,130,1.0,3.0,,1.0,,1.0,1.0,5.0,1.0,1.0,1.0,3.0,,,,2.0,1.0,5.0,1.0,1.0,,,3.0,9.0,2.0,8.0,1.0,13.0,75,,1.0,1.0,1.0,,3.0,1.0,4.0,,2.0,1.0,3.0,2.0,4.0,6.0,5.0,1.0,1.0,3.0,3.0,6.0,,1.0,2.0,15.0,2.0,5.0,2.0,,7.0,2.0,9.0,,,,3.0,3.0,3.0,1.0,2.0,4.0,,1.0,2.0,,1.0,,,,,,,3.0,26.0,,0.3333333333333333,0.3333333333333333,1.0,0.25,1.0,,0.25,0.3333333333333333,,0.25,0.3529411764705882,0.75,0.1666666666666666,0.3611111111111111,0.75,0.2142857142857142,0.4705882352941176,0.1111111111111111,,29.166666666666668,1.0,,0.1666666666666666,0.3333333333333333,0.125,0.2592592592592592,0.0666666666666666,0.1818181818181818,,0.4,,0.2727272727272727,,0.1764705882352941,0.3333333333333333,0.5,1.0,0.2941176470588235,0.2,0.2,,0.0588235294117647,1.0,1.0,,0.1764705882352941,0.3333333333333333,0.3333333333333333,1.0,0.2941176470588235,0.2,0.2,1.0,0.5,,,,,,0.5,1.0,1.0,0.1666666666666666,,0.3333333333333333,,,,0.6470588235294118,0.2,0.5039558823529412,,0.5078416666666666,0.0555555555555555,0.1,0.2307692307692307,0.2307692307692307,6.955555555555555,25.1875,0.4,3.0,,,0.5,,,,,,,,,,,0.3333333333333333,,,,,,,,,,,,,,,,,,,,,,,,,,,,True,,,,,,,,
203926,1610612758,Doug McDermott,Doug McDermott,203926,SAC,3747.0,62,-1.0,124,117,48.0,58,14.0,241,,1.0,,,,1.0,,1.0,,,3.0,4.0,,,,,8.0,18.0,2.0,4.0,3.0,8.0,,2.0,11.0,22.0,2.0,35.0,141,,,2.0,4.0,,6.0,,1.0,3.0,8.0,2.0,11.0,,,33.0,18.0,8.0,1.0,1.0,1.0,2.0,,,1.0,5.0,,2.0,3.0,,5.0,1.0,6.0,,,,2.0,1.0,3.0,1.0,5.0,1.0,,,3.0,,,,,,,,,11.0,48.0,,,,1.0,0.5,0.5,0.375,0.5,,,,0.6875,0.75,0.5,0.7,0.75,0.55,0.9166666666666666,0.5,,20.143884892086334,0.6666666666666666,,0.1153846153846153,0.0666666666666666,,0.0892857142857142,0.0192307692307692,,,0.125,,0.0714285714285714,,0.0416666666666666,,,,0.0416666666666666,,,,,,,,0.1666666666666666,0.75,0.75,1.0,0.75,0.4444444444444444,0.4444444444444444,1.0,,,,,,,1.0,0.5,1.0,0.1111111111111111,,,,0.8888888888888888,0.375,0.9583333333333334,0.4444444444444444,0.5181958333333334,0.4923,0.4949333333333333,0.04,,0.1714285714285714,0.3142857142857143,5.4,25.527272727272727,0.3870967741935484,1.0,1.0,,,,,,1.0,,,1.0,,,,1.0,0.0384615384615384,0.0588235294117647,0.1666666666666666,,1.0,,,,,,1.0,,,,,,,,,,1.0,,,0.0434782608695652,,,,True,,,,,,,,
203897,1610612758,Zach LaVine,Zach LaVine,203897,SAC,143.0,2,-3.0,5,6,5.0,3,,11,,,,,,,,1.0,,,,,,,,,,,,,,,,1.0,,,,,9,,,,,,,,1.0,,,,,,,,,,,,,,,,,,,,,,,,,,,,,,,,,,,,,,,,,,,,,,5.0,,,,,,,,,,,,,,,,,,,,,20.0,,,,,,,,,,,,,,,,,,1.0,,,,,,,,,,,,,,,,,,,,,,,,,,,,,,,,,0.4353,,0.4353,,,,,5.2,,1.0,,,,,,,,,,,,,,,,,,,,,,,,,,,,,,,,,,,,,,,,,,,True,,,,,,,,
1641732,1610612758,Colby Jones,Colby Jones,1641732,SAC,1871.0,31,4.0,63,61,31.0,35,6.0,124,,,,,,,1.0,2.0,1.0,1.0,,,,,,,2.0,2.0,1.0,1.0,,,2.0,3.0,2.0,2.0,,10.0,63,,1.0,1.0,1.0,,3.0,1.0,2.0,,,,2.0,4.0,,6.0,2.0,2.0,,,1.0,1.0,1.0,,,3.0,1.0,3.0,,,3.0,1.0,4.0,1.0,1.0,,1.0,1.0,3.0,,2.0,,,,,,,2.0,,2.0,2.0,,,2.0,31.0,1.0,1.0,1.0,1.0,1.0,1.0,,1.0,0.6666666666666666,,0.5,1.0,0.75,0.5,1.0,0.75,0.5,0.4,,,11.11111111111111,0.3333333333333333,,,0.1764705882352941,0.0833333333333333,0.088235294117647,0.037037037037037,0.0909090909090909,,,,0.1428571428571428,,,,,,0.4,0.5,0.5,1.0,0.2,1.0,1.0,1.0,,,,,0.4,1.0,1.0,1.0,,,,,,,0.5,1.0,1.0,,,,,,,0.4,1.0,0.47366,0.4804,0.4266,,,0.3,0.2,11.166666666666666,25.35,0.492063492063492,,2.0,,0.3333333333333333,,,,,,1.0,,2.0,,,,,,,,,,,,,,,,,,,,,,,,,,,,,,1.0,True,,,,,,,,
203109,1610612758,Jae Crowder,Jae Crowder,203109,SAC,297.0,5,2.0,12,12,2.0,4,,24,,,,,,,,,,,,,,,,,,,,,,,,,,,,,13,,,,,,,,,,,,,,,,,,,,,,,,,,,1.0,,,1.0,,1.0,,,,1.0,1.0,1.0,1.0,1.0,,,,,,,,,,,,,,2.0,,,,,,,,,,,,,,,,,,,,,8.333333333333334,1.0,,,0.2,,0.2,,,,,,0.25,,,,,,,,,,,,,,,,,,,,,,,,,,,,,,,,,,,,,,,,,,,,,,,,0.1666666666666666,,,,,,,,,,,,,,,,,,,,,,,,,,,,,,,,,,,,,,,,,,,True,,,,,,,,
1642403,1610612758,Isaac Jones,Isaac Jones,1642403,SAC,1231.0,21,-8.0,42,40,28.0,30,4.0,82,2.0,2.0,,,,,2.0,5.0,,,,,,,,,,,,,,,4.0,7.0,,,,8.0,39,,,,,,,2.0,5.0,,,,4.0,4.0,4.0,,,,1.0,,,,,,,,,,1.0,,1.0,,1.0,,,,,,,2.0,2.0,,,,,,,1.0,,1.0,1.0,,,4.0,28.0,,0.5,0.5,,,,,,0.5714285714285714,,0.4,0.5714285714285714,,0.4,0.5714285714285714,,0.4,,0.1428571428571428,0.2,15.217391304347826,,,0.0769230769230769,,,0.0416666666666666,,,,0.1428571428571428,,,,0.2857142857142857,1.0,1.0,1.0,0.7142857142857143,0.4,0.5,,,,,,,,,,,,,,,,,,,,,,,,,,,,,0.2857142857142857,,0.4714,,0.3882,,,,0.5,4.728571428571429,,0.6666666666666666,,,,,,,,,,,,,,,,,,,,,,,,,,,,,,,,,,,,,,,,,,,True,,,,,,,,
1642384,1610612758,Isaiah Crawford,Isaiah Crawford,1642384,SAC,559.0,9,5.0,22,20,4.0,16,2.0,42,,,,,,,1.0,2.0,,,,,,,,,,,,,,,1.0,2.0,,,,2.0,16,,,,,,,1.0,2.0,,,,2.0,2.0,,,,,,,,,,,,,,1.0,1.0,1.0,3.0,,3.0,,,,,,,,1.0,,,,,,,,,,,,,2.0,4.0,,1.0,1.0,,,,,,0.5,,0.5,0.5,,0.5,0.5,,0.5,,,,8.333333333333334,,0.5,0.25,0.2,,0.2222222222222222,,,,0.5,,0.2,,,,,,1.0,0.5,0.5,1.0,,,,,,,,,,,,,,,,,,,,,,,,,,,,,,0.44155,,0.44155,,,,1.0,10.8,,0.1818181818181818,,,,,,,,,,,,,,,,,,,,,,,,,,,,,,,,,,,,,,,,,,,True,,,,,,,,
1630222,1610612758,Mason Jones,Mason Jones,1630222,SAC,257.0,4,,8,8,2.0,8,1.0,16,,,,,,,,,,,,,,,,,,,,,,,,,,,,,11,,,,,,,,,,,,,,,,,,,4.0,,4.0,,1.0,,8.0,,,,,,,,,,,,,,1.0,1.0,,,,,,,,,,,,,,2.0,,,,,,,,,,,,,,,,,,,,,,,,,,,,,,,,,,,,,,,,,,,,,,,,,,,,,,,,,,,,,,,,,,,,,,,,,,,,,,,,,0.25,,,,,,,3.0,,,,,,,,,,,,,,,,,,,,,,,,,,,,,,,,,,,,True,,,,,,,,
1631115,1610612758,Orlando Robinson,Orlando Robinson,1631115,SAC,399.0,7,-2.0,13,12,4.0,10,2.0,25,,1.0,,,,1.0,1.0,1.0,,,,,,,,,,,,,,,1.0,2.0,,,1.0,3.0,16,,,,,,,,1.0,,,,,2.0,,,,,,,,,,,,,,,1.0,1.0,2.0,,2.0,1.0,,1.0,1.0,,1.0,,,1.0,,,1.0,1.0,1.0,,,,,,,,4.0,,1.0,1.0,,,,,,0.5,,,0.5,,,0.75,,,,,,20.0,1.0,1.0,0.5,,,0.2,,,,,,,,0.5,,,,0.5,1.0,1.0,1.0,,,,,,,,,,,,,,,,,,,,,,1.0,,,,,,0.5,,0.5015,,0.6266,0.5,0.5,,,3.6,,0.3076923076923077,,,,,,,,,,,1.0,,,,,,,0.5,,,,,,,,,,,,,,,,,,,,,,,,,True,,,,,,,,
1626168,1610612758,Trey Lyles,Trey Lyles,1626168,SAC,50843.0,847,-26.0,1730,1736,459.0,471,233.0,3466,34.0,61.0,10.0,22.0,7.0,15.0,6.0,20.0,3.0,5.0,18.0,45.0,4.0,7.0,6.0,13.0,31.0,107.0,2.0,4.0,2.0,21.0,43.0,86.0,49.0,152.0,33.0,266.0,1997,11.0,26.0,6.0,11.0,12.0,52.0,9.0,19.0,8.0,34.0,5.0,47.0,70.0,16.0,147.0,107.0,31.0,7.0,34.0,23.0,57.0,5.0,9.0,4.0,137.0,25.0,79.0,65.0,14.0,158.0,54.0,212.0,25.0,14.0,11.0,10.0,5.0,28.0,39.0,61.0,54.0,8.0,1.0,50.0,2.0,23.0,17.0,7.0,10.0,18.0,9.0,,47.0,457.0,1.0,0.813953488372093,0.945945945945946,1.0,0.3223684210526316,0.5454545454545454,0.2352941176470588,0.3223684210526316,0.5,0.4230769230769231,0.4736842105263157,0.4894957983193277,0.5405405405405406,0.3962264150943396,0.5076335877862596,0.5909090909090909,0.4122807017543859,0.6386554621848739,0.0813953488372093,0.05,14.507253626813409,0.3571428571428571,0.358974358974359,0.1719576719576719,0.1854460093896713,0.0569476082004555,0.1791044776119403,0.062206572769953,0.0502958579881656,0.0792079207920792,0.184331797235023,0.1551724137931034,0.2012987012987013,0.5,0.2563025210084033,0.5573770491803278,0.6181818181818182,0.7941176470588235,0.0840336134453781,0.3,0.3157894736842105,0.8333333333333334,0.0210084033613445,0.6,0.6,1.0,0.1890756302521008,0.4,0.4090909090909091,1.0,0.4495798319327731,0.2897196261682243,0.2924528301886792,1.0,0.5945945945945946,0.4545454545454545,0.4,0.1891891891891892,0.5714285714285714,1.0,0.1081081081081081,0.5,1.0,0.2830188679245283,0.4666666666666667,0.2452830188679245,0.4615384615384615,0.3962264150943396,0.0952380952380952,0.8949579831932774,0.2897196261682243,0.5646359243697479,0.5832041666666666,0.5654160377358491,0.0888030888030888,0.2149532710280373,0.1954887218045112,0.1766917293233082,3.75,25.238157894736847,0.2653179190751445,18.0,18.0,3.0,0.1440677966101695,,,21.0,28.0,6.0,9.0,5.0,1.0,3.0,3.0,0.0983606557377049,0.0677966101694915,0.0552763819095477,0.1553398058252427,0.0444444444444444,5.0,0.0769230769230769,12.0,1.0,1.0,4.0,4.0,8.0,1.0,,4.0,,0.024390243902439,0.08130081300813,2.0,,,0.0131578947368421,0.0093457943925233,,,,1.0,False,1.0,0.0222222222222222,,,,,,
1627734,1610612758,Domantas Sabonis,Domantas Sabonis,1627734,SAC,117894.0,1965,191.0,4058,4041,851.0,828,461.0,8099,267.0,376.0,78.0,122.0,46.0,70.0,84.0,165.0,21.0,48.0,4.0,7.0,,,,1.0,53.0,124.0,8.0,10.0,13.0,25.0,372.0,589.0,57.0,131.0,177.0,1092.0,4633,96.0,158.0,8.0,10.0,34.0,250.0,62.0,93.0,13.0,26.0,57.0,220.0,478.0,266.0,168.0,124.0,53.0,48.0,213.0,130.0,343.0,35.0,70.0,49.0,816.0,66.0,244.0,279.0,47.0,570.0,221.0,791.0,34.0,19.0,15.0,90.0,44.0,166.0,88.0,190.0,227.0,,4.0,237.0,25.0,107.0,22.0,8.0,14.0,22.0,15.0,1.0,218.0,849.0,25.0,0.6424731182795699,0.7966666666666666,0.9824561403508772,0.4351145038167939,0.8,0.5,0.4351145038167939,0.631578947368421,0.6075949367088608,0.6666666666666666,0.6354166666666666,0.6428571428571429,0.6848739495798319,0.6618181818181819,0.6684491978609626,0.7096774193548387,0.1819444444444444,0.0814940577249575,0.109090909090909,21.538795913931757,0.5421686746987951,0.5595238095238095,0.29002079002079,0.2629310344827586,0.0746606334841629,0.2767195767195767,0.1185622317596566,0.0644677661169415,0.1059907834101382,0.3140655105973025,0.2389937106918239,0.2817109144542772,0.6818181818181818,0.5222222222222223,0.7101063829787234,0.7694524495677233,0.6367041198501873,0.2291666666666666,0.509090909090909,0.5714285714285714,0.6309523809523809,0.0666666666666666,0.4375,0.4468085106382978,0.7619047619047619,0.0097222222222222,0.5714285714285714,0.5714285714285714,1.0,0.1722222222222222,0.4274193548387097,0.4274193548387097,0.981132075471698,0.7261904761904762,0.639344262295082,0.1538461538461538,,,,0.0595238095238095,0.8,0.875,0.5882352941176471,0.6571428571428571,0.0084033613445378,,0.2100840336134453,0.52,0.7041666666666667,0.4274193548387097,0.5590865277777777,0.5557984375,0.5698928571428572,0.1334164588528678,0.1594634873323397,0.2289377289377289,0.2014652014652014,4.352122241086587,25.910687022900763,0.2097092163627402,95.0,76.0,8.0,0.212,3.0,,94.0,155.0,30.0,21.0,46.0,30.0,23.0,22.0,0.077127659574468,0.1581632653061224,0.1716937354988399,0.2746478873239437,0.1234567901234567,29.0,0.1071428571428571,144.0,,7.0,20.0,30.0,25.0,,,1.0,2.0,,0.1895910780669145,,6.0,,,,,0.0208333333333333,,,False,,,1.0,1.0,,,,
1628368,1610612758,De'Aaron Fox,De'Aaron Fox,1628368,SAC,88951.0,1483,115.0,3081,3065,790.0,793,345.0,6146,110.0,160.0,14.0,20.0,28.0,42.0,135.0,253.0,49.0,115.0,15.0,49.0,2.0,4.0,4.0,12.0,68.0,199.0,9.0,23.0,15.0,53.0,294.0,528.0,83.0,248.0,174.0,1011.0,3508,23.0,43.0,11.0,27.0,10.0,89.0,85.0,155.0,19.0,65.0,79.0,306.0,180.0,408.0,165.0,198.0,68.0,40.0,149.0,93.0,242.0,26.0,43.0,17.0,577.0,17.0,90.0,61.0,3.0,154.0,43.0,197.0,60.0,28.0,32.0,78.0,35.0,123.0,33.0,104.0,174.0,1.0,20.0,209.0,19.0,97.0,15.0,5.0,10.0,19.0,9.0,,306.0,789.0,13.0,0.3061224489795918,0.3191489361702128,0.6626506024096386,0.3346774193548387,0.4074074074074074,0.2923076923076923,0.3360323886639676,0.5568181818181818,0.5348837209302325,0.5483870967741935,0.5393041237113402,0.5642857142857143,0.5159090909090909,0.5817031070195627,0.5933333333333334,0.5884615384615385,0.3195876288659793,0.0757575757575757,0.0948616600790513,28.403554026941816,0.6341463414634146,0.0461538461538461,0.0837912087912087,0.1280227596017069,0.024602026049204,0.1055206149545772,0.0301542776998597,0.0277227722772277,0.0161290322580645,0.065,0.1705426356589147,0.1254826254826254,0.4736842105263157,0.2061855670103092,0.6875,0.7482993197278912,0.4272727272727272,0.3260309278350515,0.5335968379446641,0.5895196506550219,0.2296296296296296,0.1481958762886598,0.4260869565217391,0.4375,0.2448979591836734,0.0631443298969072,0.3061224489795918,0.3061224489795918,0.9333333333333332,0.2564432989690721,0.3417085427135678,0.3434343434343434,0.6029411764705882,0.2857142857142857,0.7,0.2142857142857142,0.0571428571428571,0.5,0.5,0.3285714285714285,0.391304347826087,0.5555555555555556,0.1909090909090909,0.6666666666666666,0.0545454545454545,0.3333333333333333,0.2409090909090909,0.2830188679245283,0.5257731958762887,0.3434343434343434,0.5097729677419354,0.5291897727272727,0.5020148401826483,0.116686114352392,0.16006600660066,0.0880316518298714,0.3026706231454006,8.5375,25.809274193548383,0.2564102564102564,67.0,45.0,14.0,0.1351351351351351,84.0,1.0,89.0,26.0,12.0,18.0,43.0,28.0,12.0,11.0,0.08125,0.0353741496598639,0.0491329479768786,0.0653266331658291,0.0338983050847457,3.0,0.0257731958762886,24.0,,4.0,6.0,3.0,2.0,4.0,1.0,,,,0.0205128205128205,1.0,3.0,3.0,0.0040322580645161,0.0050251256281407,0.0119521912350597,0.0260869565217391,,1.0,False,3.0,,,,2.0,,,
1628370,1610612758,Malik Monk,Malik Monk,1628370,SAC,99625.0,1660,133.0,3458,3435,780.0,796,409.0,6893,94.0,147.0,8.0,10.0,21.0,30.0,96.0,197.0,30.0,64.0,23.0,43.0,3.0,6.0,6.0,12.0,90.0,305.0,7.0,27.0,21.0,68.0,220.0,408.0,113.0,348.0,125.0,904.0,3990,14.0,24.0,10.0,33.0,5.0,63.0,46.0,82.0,27.0,80.0,50.0,223.0,192.0,248.0,267.0,303.0,90.0,37.0,210.0,97.0,307.0,29.0,53.0,18.0,711.0,9.0,97.0,71.0,4.0,172.0,21.0,193.0,51.0,34.0,17.0,83.0,56.0,119.0,89.0,127.0,120.0,2.0,11.0,143.0,19.0,61.0,26.0,11.0,13.0,31.0,16.0,,221.0,777.0,7.0,0.4363636363636363,0.4423963133640553,0.7876106194690266,0.3247126436781609,0.303030303030303,0.3375,0.3265895953757225,0.5392156862745098,0.5833333333333334,0.5609756097560976,0.5152116402116402,0.5087719298245614,0.5339506172839507,0.5508578431372549,0.5338983050847458,0.5882352941176471,0.4603174603174603,0.0906862745098039,0.1116751269035533,23.67284734569469,0.6974789915966386,0.0571428571428571,0.0879801734820322,0.1254851228978007,0.0117955439056356,0.1063291139240506,0.0117574257425742,0.0120274914089347,0.011049723756906,0.0850574712643678,0.126865671641791,0.1111111111111111,0.5161290322580645,0.1944444444444444,0.6394557823129252,0.7014925373134329,0.5106382978723404,0.2605820105820106,0.4873096446700508,0.5485714285714286,0.375,0.0846560846560846,0.46875,0.4838709677419355,0.4,0.0568783068783068,0.5348837209302325,0.5476190476190477,0.9130434782608696,0.4034391534391534,0.2950819672131147,0.3,0.7555555555555555,0.175438596491228,0.8,0.375,0.1052631578947368,0.5,1.0,0.4736842105263157,0.2592592592592592,0.7142857142857143,0.1851851851851851,0.7,0.074074074074074,0.5,0.419753086419753,0.3088235294117647,0.6547619047619048,0.297029702970297,0.5220648738379813,0.5153513513513512,0.503284375,0.07875,0.1355555555555555,0.0696902654867256,0.2466814159292035,7.438235294117646,26.24712643678161,0.225563909774436,68.0,36.0,7.0,0.1627906976744186,72.0,2.0,139.0,10.0,3.0,19.0,27.0,21.0,16.0,12.0,0.0884353741496598,0.0117233294255568,0.010204081632653,0.0714285714285714,0.0081743869209809,,0.0085836909871244,6.0,2.0,2.0,5.0,6.0,3.0,5.0,3.0,,,0.0338983050847457,0.0175438596491228,6.0,2.0,2.0,0.0172413793103448,0.0163934426229508,0.0057142857142857,0.03125,5.0,,False,2.0,0.0232558139534883,1.0,,,2.0,,
1628989,1610612758,Kevin Huerter,Kevin Huerter,1628989,SAC,47657.0,794,-6.0,1633,1641,318.0,336,183.0,3274,33.0,44.0,5.0,8.0,11.0,13.0,21.0,35.0,5.0,10.0,14.0,40.0,5.0,8.0,2.0,8.0,42.0,140.0,7.0,17.0,7.0,25.0,59.0,89.0,56.0,180.0,17.0,303.0,1881,7.0,12.0,12.0,25.0,3.0,53.0,16.0,20.0,9.0,33.0,5.0,64.0,92.0,26.0,159.0,139.0,42.0,4.0,43.0,24.0,67.0,6.0,6.0,4.0,158.0,11.0,44.0,43.0,1.0,88.0,18.0,106.0,30.0,21.0,9.0,24.0,20.0,29.0,41.0,60.0,19.0,,4.0,23.0,1.0,11.0,14.0,2.0,10.0,14.0,9.0,,62.0,317.0,,0.7796610169491526,0.8363636363636363,0.9464285714285714,0.3111111111111111,0.48,0.2727272727272727,0.3128491620111732,0.6629213483146067,0.5833333333333334,0.8,0.5315985130111525,0.6756756756756757,0.5566037735849056,0.5410714285714285,0.6794871794871795,0.5818181818181818,0.6691449814126395,0.0449438202247191,0.0285714285714285,16.775244299674267,0.8275862068965517,0.027027027027027,0.1111111111111111,0.1145833333333333,0.0281329923273657,0.11284046692607,0.0239043824701195,0.0206896551724137,0.0495049504950495,0.0976744186046511,0.1304347826086956,0.1272727272727272,0.6428571428571429,0.1635687732342007,0.75,0.8048780487804879,0.7878787878787878,0.1301115241635687,0.6,0.6176470588235294,0.8095238095238095,0.037174721189591,0.5,0.5,0.6,0.1486988847583643,0.35,0.358974358974359,1.0,0.5204460966542751,0.3,0.3,0.9285714285714286,0.2162162162162162,0.625,0.4,0.2162162162162162,0.625,1.0,0.4594594594594595,0.4117647058823529,1.0,0.2452830188679245,0.8461538461538461,0.1509433962264151,0.25,0.4716981132075472,0.28,0.8327137546468402,0.302158273381295,0.5484007462686566,0.5275947368421053,0.5643830188679244,0.039426523297491,0.1111111111111111,0.1749174917491749,0.2112211221122112,6.375280898876403,25.87,0.1947336191059399,18.0,5.0,2.0,0.0825688073394495,9.0,1.0,33.0,7.0,3.0,2.0,4.0,5.0,1.0,,0.0681818181818181,0.0193370165745856,0.0179640718562874,0.1262135922330097,0.0204081632653061,1.0,0.0224719101123595,8.0,,,1.0,1.0,1.0,,,,,,0.0188679245283018,1.0,,,0.0055555555555555,,,,,,False,,0.025,,,,2.0,,
1629162,1610612758,Jordan McLaughlin,Jordan McLaughlin,1629162,SAC,7955.0,133,6.0,265,279,78.0,86,28.0,544,2.0,5.0,,,1.0,3.0,2.0,5.0,1.0,2.0,1.0,7.0,,,,,4.0,8.0,1.0,2.0,,2.0,5.0,12.0,5.0,15.0,8.0,33.0,318,,1.0,1.0,2.0,2.0,5.0,2.0,6.0,,2.0,4.0,8.0,4.0,6.0,9.0,7.0,4.0,3.0,4.0,10.0,14.0,5.0,1.0,,38.0,2.0,3.0,5.0,4.0,12.0,3.0,15.0,9.0,7.0,2.0,5.0,3.0,5.0,4.0,8.0,11.0,1.0,3.0,10.0,,3.0,,,,,,1.0,8.0,78.0,2.0,0.4,0.4,0.6,0.3333333333333333,0.5,,0.3571428571428571,0.4166666666666667,,0.3333333333333333,0.4629629629629629,0.5,0.25,0.515625,0.625,0.4,0.5555555555555556,0.25,,12.585034013605442,1.0,0.2666666666666666,0.0909090909090909,0.0517241379310344,0.03125,0.0707964601769911,0.0275229357798165,0.0217391304347826,0.0555555555555555,0.09375,0.2857142857142857,0.0476190476190476,,0.1851851851851851,0.4,1.0,0.5,0.1851851851851851,0.4,0.4,,0.074074074074074,0.5,0.5,1.0,0.2592592592592592,0.1428571428571428,0.1428571428571428,1.0,0.2962962962962963,0.5,0.5,0.5,,,,,,,0.6666666666666666,0.5,,0.375,0.3333333333333333,,,0.25,,0.7407407407407407,0.5714285714285714,0.531528846153846,0.54405,0.5411142857142857,0.1,0.2,0.1515151515151515,0.2424242424242424,6.95,26.4,0.2943396226415094,5.0,,,0.0625,6.0,1.0,3.0,1.0,,,2.0,1.0,2.0,2.0,0.6,0.0222222222222222,0.0416666666666666,,,1.0,,,,,,,1.0,,,,,,,,,,,,,,,,False,,,,,,,,
1631099,1610612758,Keegan Murray,Keegan Murray,1631099,SAC,119885.0,1998,136.0,4098,4110,901.0,879,466.0,8208,97.0,126.0,24.0,35.0,23.0,31.0,58.0,130.0,11.0,35.0,33.0,101.0,2.0,6.0,8.0,20.0,77.0,227.0,4.0,16.0,12.0,39.0,166.0,291.0,110.0,328.0,52.0,714.0,4677,32.0,55.0,6.0,22.0,10.0,92.0,34.0,61.0,20.0,59.0,11.0,139.0,220.0,112.0,324.0,227.0,77.0,19.0,47.0,38.0,85.0,16.0,15.0,9.0,208.0,64.0,147.0,109.0,16.0,272.0,113.0,385.0,45.0,28.0,17.0,26.0,10.0,48.0,84.0,144.0,64.0,9.0,4.0,63.0,11.0,34.0,48.0,23.0,23.0,50.0,28.0,,139.0,899.0,8.0,0.6626506024096386,0.7432432432432432,0.9818181818181818,0.3353658536585366,0.2727272727272727,0.3389830508474576,0.3353658536585366,0.570446735395189,0.5818181818181818,0.5573770491803278,0.5347334410339257,0.5324675324675324,0.5333333333333333,0.5543478260869565,0.575,0.5515873015873016,0.529886914378029,0.0652920962199312,0.0769230769230769,14.936326354413987,0.5416666666666666,0.1584158415841584,0.109,0.1532846715328467,0.0725623582766439,0.1306789178152118,0.0575501583949313,0.0728083209509658,0.0717703349282296,0.103578154425612,0.1022727272727272,0.1434782608695652,0.56,0.2035541195476575,0.7698412698412699,0.8290598290598291,0.6804123711340206,0.210016155088853,0.4461538461538462,0.4833333333333333,0.6551724137931034,0.0565428109854604,0.3142857142857143,0.3142857142857143,0.5454545454545454,0.1631663974151858,0.3267326732673267,0.3267326732673267,1.0,0.3667205169628433,0.3392070484581498,0.34375,0.974025974025974,0.4545454545454545,0.6857142857142857,0.2083333333333333,0.0779220779220779,0.3333333333333333,1.0,0.2077922077922078,0.25,1.0,0.2583333333333333,0.7419354838709677,0.1666666666666666,0.4,0.325,0.3076923076923077,0.7334410339256866,0.3392070484581498,0.545126213592233,0.546573469387755,0.5409436974789915,0.0559006211180124,0.10828025477707,0.1288515406162464,0.1946778711484593,6.52233676975945,25.704268292682933,0.2198633479746217,22.0,22.0,3.0,0.1784386617100371,6.0,,23.0,45.0,11.0,7.0,16.0,6.0,,,0.0714285714285714,0.0444664031620553,0.0364806866952789,0.1228668941979522,0.0349206349206349,4.0,0.0456140350877193,36.0,4.0,4.0,9.0,,3.0,2.0,2.0,2.0,,0.0493827160493827,0.057471264367816,3.0,2.0,2.0,0.0091463414634146,0.013215859030837,0.006060606060606,,,6.0,False,,,1.0,,,2.0,,
1631165,1610612758,Keon Ellis,Keon Ellis,1631165,SAC,80531.0,1342,102.0,2710,2733,555.0,626,336.0,5443,39.0,52.0,7.0,10.0,7.0,10.0,18.0,39.0,7.0,18.0,36.0,77.0,3.0,9.0,10.0,17.0,57.0,137.0,8.0,17.0,12.0,30.0,64.0,109.0,93.0,214.0,54.0,461.0,3145,10.0,20.0,11.0,26.0,5.0,58.0,11.0,23.0,22.0,47.0,20.0,108.0,88.0,40.0,267.0,137.0,57.0,11.0,45.0,30.0,75.0,16.0,12.0,5.0,180.0,30.0,41.0,59.0,2.0,102.0,43.0,145.0,90.0,52.0,38.0,24.0,17.0,42.0,59.0,116.0,65.0,1.0,8.0,63.0,7.0,23.0,44.0,17.0,24.0,51.0,29.0,,108.0,554.0,13.0,0.6875,0.7457627118644068,0.956989247311828,0.4345794392523364,0.4230769230769231,0.4680851063829787,0.4345794392523364,0.5871559633027523,0.5,0.4782608695652174,0.6300309597523219,0.5760869565217391,0.6285714285714286,0.660458452722063,0.5918367346938775,0.6666666666666666,0.6625386996904025,0.1009174311926605,0.1025641025641025,12.62135922330097,0.5714285714285714,0.0303030303030303,0.0959349593495935,0.0659163987138263,0.048076923076923,0.0808407437348423,0.0336,0.0467479674796747,0.053030303030303,0.0972644376899696,0.0833333333333333,0.046979865771812,0.5686274509803921,0.1609907120743034,0.75,0.8666666666666667,0.6410256410256411,0.1207430340557275,0.4615384615384615,0.5142857142857142,0.7777777777777778,0.0557275541795665,0.3888888888888889,0.3888888888888889,0.7142857142857143,0.2383900928792569,0.4675324675324675,0.4675324675324675,1.0,0.4241486068111455,0.4160583941605839,0.4222222222222222,0.9298245614035088,0.217391304347826,0.7,0.4285714285714285,0.1956521739130435,0.3333333333333333,1.0,0.3695652173913043,0.4705882352941176,0.875,0.1428571428571428,0.7,0.2428571428571428,0.5882352941176471,0.4285714285714285,0.4,0.8235294117647058,0.4160583941605839,0.5491267801857583,0.5088524999999999,0.5424571428571427,0.0787172011661807,0.184,0.1258134490238611,0.2342733188720173,6.895412844036697,25.18644859813084,0.2047970479704797,14.0,18.0,5.0,0.1142857142857142,12.0,,28.0,12.0,3.0,5.0,7.0,8.0,6.0,5.0,0.1346153846153846,0.0191693290734824,0.0175438596491228,0.1,0.0202702702702702,2.0,0.023391812865497,10.0,1.0,3.0,1.0,3.0,6.0,7.0,6.0,,,0.0158730158730158,0.0176470588235294,2.0,,4.0,0.0093457943925233,0.0145985401459854,0.018348623853211,,1.0,,False,1.0,,1.0,,,3.0,,
201942,1610612758,DeMar DeRozan,DeMar DeRozan,201942,SAC,119104.0,1985,204.0,4083,4046,811.0,783,464.0,8129,67.0,93.0,7.0,16.0,20.0,28.0,156.0,306.0,163.0,353.0,26.0,68.0,2.0,6.0,3.0,11.0,34.0,102.0,2.0,10.0,4.0,31.0,386.0,752.0,60.0,170.0,271.0,1223.0,4678,29.0,66.0,4.0,16.0,18.0,88.0,79.0,157.0,7.0,42.0,79.0,258.0,302.0,470.0,162.0,99.0,34.0,39.0,109.0,116.0,225.0,36.0,39.0,9.0,566.0,14.0,98.0,84.0,8.0,190.0,34.0,224.0,52.0,34.0,18.0,51.0,28.0,81.0,64.0,109.0,214.0,2.0,6.0,305.0,38.0,147.0,21.0,7.0,13.0,21.0,15.0,1.0,258.0,808.0,8.0,0.3911917098445596,0.3984168865435356,0.9,0.3529411764705882,0.25,0.1666666666666666,0.3592814371257485,0.5132978723404256,0.4393939393939394,0.5031847133757962,0.5162689804772235,0.4268292682926829,0.4497487437185929,0.5766283524904214,0.4888888888888889,0.5358649789029536,0.1843817787418655,0.0518617021276595,0.0915032679738562,24.31847684984855,0.6296296296296297,0.086021505376344,0.0878661087866108,0.1034846884899683,0.0165680473372781,0.0956384655806621,0.018018018018018,0.0123647604327666,0.0303030303030303,0.1033797216699801,0.0988372093023255,0.1007194244604316,0.7142857142857143,0.1008676789587852,0.7204301075268817,0.7701149425287356,0.5223880597014925,0.3318872017353579,0.5098039215686274,0.5611510791366906,0.3012820512820512,0.3828633405639913,0.461756373937677,0.4683908045977011,0.4233128834355828,0.0737527114967462,0.3823529411764705,0.3823529411764705,1.0,0.1106290672451193,0.3333333333333333,0.3366336633663366,0.8235294117647058,0.1951219512195122,0.4375,0.4285714285714285,0.073170731707317,0.3333333333333333,1.0,0.1219512195121951,0.2,1.0,0.1407035175879397,0.7142857142857143,0.0552763819095477,0.2727272727272727,0.1557788944723618,0.1290322580645161,0.2852494577006507,0.3434343434343434,0.4654377450980393,0.4543638888888889,0.4532665816326531,0.1470019342359768,0.1707317073170731,0.0719542109566639,0.2109566639411284,12.5594414893617,25.915294117647065,0.1986284594660788,80.0,30.0,7.0,0.1111111111111111,18.0,3.0,61.0,20.0,12.0,11.0,23.0,19.0,10.0,9.0,0.064516129032258,0.019193857965451,0.0206611570247933,0.0533807829181494,0.028169014084507,9.0,0.0098039215686274,14.0,,3.0,6.0,6.0,1.0,,,,,,0.0277777777777777,1.0,2.0,5.0,0.0058823529411764,0.0098039215686274,0.0289017341040462,0.0141643059490084,19.0,1.0,False,,,,,1.0,1.0,2.0,
1642269,1610612758,Devin Carter,Devin Carter,1642269,SAC,10504.0,175,-6.0,359,362,106.0,104,45.0,721,10.0,15.0,2.0,2.0,4.0,4.0,5.0,15.0,,,4.0,11.0,2.0,3.0,2.0,4.0,5.0,19.0,1.0,1.0,2.0,5.0,15.0,30.0,9.0,30.0,17.0,74.0,408,4.0,7.0,3.0,4.0,1.0,18.0,5.0,10.0,4.0,9.0,9.0,31.0,12.0,18.0,21.0,19.0,5.0,3.0,10.0,9.0,19.0,,3.0,2.0,47.0,1.0,23.0,8.0,1.0,32.0,9.0,41.0,6.0,4.0,2.0,5.0,4.0,8.0,9.0,15.0,26.0,2.0,3.0,26.0,,9.0,2.0,1.0,,3.0,1.0,1.0,31.0,106.0,,0.4,0.5454545454545454,0.7777777777777778,0.3,0.75,0.4444444444444444,0.3,0.5,0.5714285714285714,0.5,0.475,0.7727272727272727,0.5789473684210527,0.5138888888888888,0.75,0.62,0.5,0.1,0.1333333333333333,19.4647201946472,0.625,0.1111111111111111,0.0941176470588235,0.2804878048780488,0.0125,0.18562874251497,0.0535714285714285,0.0158730158730158,,0.0909090909090909,0.1538461538461538,0.2857142857142857,0.3333333333333333,0.25,0.6666666666666666,0.7142857142857143,0.6,0.25,0.3333333333333333,0.3846153846153846,,,,,,0.1833333333333333,0.3636363636363636,0.3636363636363636,0.75,0.3166666666666666,0.2631578947368421,0.2631578947368421,0.8,0.1818181818181818,1.0,,0.2727272727272727,0.6666666666666666,0.5,0.0909090909090909,1.0,1.0,0.2105263157894736,1.0,0.2105263157894736,0.5,0.2631578947368421,0.4,0.75,0.2631578947368421,0.5373118644067797,0.5216954545454545,0.5317611111111111,0.1304347826086956,0.2307692307692307,0.2432432432432432,0.4189189189189189,5.0600000000000005,26.14333333333333,0.2952646239554317,9.0,3.0,,0.2631578947368421,6.0,,5.0,8.0,1.0,2.0,1.0,3.0,3.0,3.0,0.0666666666666666,0.0909090909090909,0.1590909090909091,0.0714285714285714,0.0344827586206896,,,8.0,,,1.0,,3.0,1.0,1.0,,,,0.0434782608695652,,1.0,,,,,,,,False,,,1.0,,,1.0,,
203926,1610612758,Doug McDermott,Doug McDermott,203926,SAC,13187.0,220,20.0,452,450,84.0,117,59.0,902,4.0,6.0,,,1.0,2.0,,2.0,1.0,3.0,6.0,16.0,,1.0,1.0,3.0,16.0,39.0,1.0,3.0,4.0,7.0,5.0,11.0,22.0,55.0,1.0,77.0,523,,,1.0,4.0,,3.0,1.0,4.0,5.0,10.0,,17.0,10.0,,66.0,38.0,16.0,,2.0,,2.0,,1.0,1.0,4.0,1.0,5.0,6.0,,11.0,1.0,12.0,4.0,2.0,2.0,2.0,2.0,3.0,13.0,22.0,2.0,,,2.0,,1.0,1.0,,1.0,2.0,1.0,,17.0,84.0,,1.0,1.0,1.0,0.4,0.25,0.5,0.4074074074074074,0.4545454545454545,,0.25,0.5757575757575758,0.375,0.6071428571428571,0.5746268656716418,0.375,0.6071428571428571,0.8333333333333334,,,13.513513513513514,0.6666666666666666,,0.0606060606060606,0.0462962962962962,0.0099009900990099,0.0531400966183574,0.0046948356807511,0.0133333333333333,,0.0555555555555555,0.0714285714285714,0.0266666666666666,0.5,0.0909090909090909,0.6666666666666666,0.6666666666666666,1.0,0.0303030303030303,,,,0.0454545454545454,0.3333333333333333,0.3333333333333333,1.0,0.2424242424242424,0.375,0.375,1.0,0.5909090909090909,0.4102564102564102,0.4324324324324324,1.0,,,,0.25,,,0.75,0.3333333333333333,1.0,0.1428571428571428,0.5,0.2142857142857142,0.3333333333333333,0.5,0.5714285714285714,0.9242424242424242,0.4210526315789473,0.5355530769230769,0.526425,0.525676923076923,0.0149253731343283,0.0833333333333333,0.0389610389610389,0.2207792207792207,8.590909090909092,25.87272727272728,0.1858407079646017,,1.0,,0.0909090909090909,,1.0,,,,,,,,,,,,0.064516129032258,,2.0,,,,,,1.0,,1.0,1.0,,,,,2.0,,,0.0363636363636363,0.0512820512820512,,,,,False,,,,,,,,
1631222,1610612758,Jake LaRavia,Jake LaRavia,1631222,SAC,13101.0,218,-5.0,433,440,110.0,97,59.0,873,6.0,9.0,1.0,3.0,2.0,4.0,4.0,15.0,,1.0,2.0,7.0,,,1.0,2.0,8.0,23.0,1.0,2.0,4.0,11.0,10.0,25.0,10.0,30.0,3.0,53.0,524,1.0,5.0,1.0,2.0,2.0,7.0,2.0,7.0,5.0,13.0,,19.0,6.0,14.0,30.0,21.0,8.0,4.0,9.0,8.0,17.0,2.0,3.0,4.0,42.0,10.0,7.0,11.0,1.0,19.0,19.0,38.0,10.0,6.0,4.0,8.0,5.0,11.0,15.0,23.0,11.0,,2.0,8.0,,4.0,2.0,1.0,,2.0,2.0,,19.0,110.0,2.0,0.3,0.3333333333333333,1.0,0.3333333333333333,0.5,0.3846153846153846,0.3571428571428571,0.4,0.2,0.2857142857142857,0.4545454545454545,0.3571428571428571,0.475,0.4491525423728814,0.4375,0.4523809523809524,0.5454545454545454,0.16,0.2,13.806706114398422,0.7272727272727273,0.0526315789473684,0.1222222222222222,0.0736842105263157,0.1041666666666666,0.0972972972972973,0.0931372549019607,0.1097560975609756,0.0714285714285714,0.1372549019607843,0.0952380952380952,0.064516129032258,1.0,0.1636363636363636,0.6666666666666666,0.75,0.1666666666666666,0.2727272727272727,0.2666666666666666,0.3333333333333333,0.5,0.0181818181818181,,,,0.1272727272727272,0.2857142857142857,0.2857142857142857,1.0,0.4181818181818181,0.3478260869565217,0.3478260869565217,1.0,0.4285714285714285,0.3333333333333333,,,,,0.2857142857142857,0.5,1.0,0.2,0.5,0.1,0.5,0.55,0.3636363636363636,0.7090909090909091,0.3809523809523809,0.5239160377358489,0.49367,0.5277416666666668,0.0677966101694915,0.1379310344827586,0.1320754716981132,0.3584905660377358,5.892,26.74666666666667,0.2540415704387991,6.0,3.0,1.0,0.0909090909090909,,2.0,2.0,9.0,3.0,2.0,3.0,2.0,,,0.1111111111111111,0.0833333333333333,0.1,0.1111111111111111,0.1034482758620689,1.0,0.0689655172413793,2.0,,,2.0,,3.0,,,,,,0.0689655172413793,,,,,,,,,,False,,,,,,1.0,,
1642403,1610612758,Isaac Jones,Isaac Jones,1642403,SAC,13633.0,227,-54.0,477,480,148.0,129,54.0,957,27.0,35.0,4.0,6.0,5.0,7.0,11.0,18.0,,,2.0,4.0,,,2.0,4.0,,2.0,,,,1.0,38.0,53.0,2.0,6.0,19.0,101.0,584,7.0,9.0,,,1.0,15.0,10.0,14.0,2.0,5.0,4.0,30.0,64.0,12.0,6.0,2.0,,9.0,5.0,5.0,10.0,,4.0,1.0,25.0,8.0,9.0,16.0,1.0,26.0,16.0,42.0,4.0,2.0,2.0,8.0,2.0,13.0,14.0,25.0,28.0,,1.0,32.0,6.0,17.0,7.0,4.0,3.0,7.0,4.0,,30.0,148.0,2.0,0.8421052631578947,0.9142857142857144,1.0,0.3333333333333333,,0.4,0.3333333333333333,0.7169811320754716,0.7777777777777778,0.7142857142857143,0.6949152542372882,0.7777777777777778,0.6842105263157895,0.7013888888888888,0.6818181818181818,0.6521739130434783,0.1016949152542373,0.1698113207547169,0.2222222222222222,15.624999999999998,0.6153846153846154,0.0833333333333333,0.1818181818181818,0.09,0.0776699029126213,0.1329787234042553,0.0710900473933649,0.1,0.0303030303030303,0.16,0.1538461538461538,0.1052631578947368,0.5714285714285714,0.5932203389830508,0.7714285714285715,0.9,0.8888888888888888,0.3050847457627119,0.6111111111111112,0.7857142857142857,0.7272727272727273,,,,,0.0677966101694915,0.5,0.6666666666666666,1.0,0.0338983050847457,,,,0.6666666666666666,0.6666666666666666,0.5,,,,,,,0.3684210526315789,0.7142857142857143,0.2105263157894736,0.5,0.0526315789473684,,0.6949152542372882,,0.5765686440677966,0.575075,0.5470473684210526,0.2428571428571428,0.265625,0.1485148514851485,0.297029702970297,3.0,23.8,0.310272536687631,5.0,5.0,,0.0416666666666666,,,,7.0,2.0,2.0,6.0,5.0,2.0,2.0,0.1428571428571428,0.0648148148148148,0.0555555555555555,0.24,0.25,3.0,0.1363636363636363,6.0,1.0,,3.0,1.0,4.0,,,2.0,,0.0769230769230769,0.03125,1.0,,,0.1666666666666666,,,,,1.0,False,,0.25,,,,,,
203897,1610612758,Zach LaVine,Zach LaVine,203897,SAC,32957.0,549,67.0,1116,1108,249.0,206,120.0,2224,41.0,57.0,3.0,4.0,6.0,11.0,26.0,47.0,16.0,35.0,13.0,23.0,1.0,2.0,1.0,3.0,32.0,86.0,4.0,6.0,3.0,16.0,83.0,139.0,45.0,109.0,50.0,351.0,1281,4.0,8.0,5.0,8.0,1.0,24.0,12.0,24.0,4.0,19.0,18.0,54.0,88.0,78.0,81.0,86.0,32.0,9.0,37.0,21.0,58.0,11.0,14.0,6.0,137.0,1.0,35.0,22.0,1.0,58.0,4.0,62.0,13.0,7.0,6.0,31.0,19.0,41.0,8.0,18.0,41.0,,,55.0,8.0,29.0,2.0,,2.0,2.0,,,54.0,249.0,,0.5301204819277109,0.5365853658536586,0.6,0.4128440366972477,0.625,0.2105263157894736,0.4128440366972477,0.5971223021582733,0.5,0.5,0.6068548387096774,0.71875,0.4186046511627907,0.6457564575645757,0.71875,0.5,0.439516129032258,0.0647482014388489,0.0638297872340425,24.742268041237114,0.7560975609756098,0.0303030303030303,0.0839694656488549,0.1383399209486166,0.0045454545454545,0.1106796116504854,0.00625,0.0057803468208092,,0.0846153846153846,0.1555555555555555,0.1314285714285714,,0.2298387096774193,0.7192982456140351,0.803921568627451,0.6097560975609756,0.189516129032258,0.5531914893617021,0.5909090909090909,0.5384615384615384,0.1411290322580645,0.4571428571428571,0.4571428571428571,0.3125,0.0927419354838709,0.5652173913043478,0.5652173913043478,0.6923076923076923,0.3467741935483871,0.3720930232558139,0.3764705882352941,0.5625,0.25,0.75,1.0,0.125,0.5,1.0,0.375,0.6666666666666666,0.75,0.2558139534883721,0.5454545454545454,0.0697674418604651,0.3333333333333333,0.3720930232558139,0.1875,0.6693548387096774,0.3720930232558139,0.52595,0.5167791666666667,0.5135906976744186,0.1078066914498141,0.18125,0.0683760683760683,0.1538461538461538,7.605035971223021,26.211926605504587,0.2231182795698924,10.0,10.0,1.0,0.1538461538461538,54.0,,17.0,2.0,2.0,6.0,12.0,13.0,2.0,2.0,0.1052631578947368,0.0076923076923076,0.009009009009009,0.0459770114942528,0.0194174757281553,2.0,0.0135135135135135,2.0,1.0,2.0,2.0,1.0,,,,,,0.0526315789473684,,1.0,,,0.0091743119266055,0.0116279069767441,,,1.0,,False,,,,,,,,
1641732,1610612758,Colby Jones,Colby Jones,1641732,SAC,5915.0,99,,201,207,33.0,39,29.0,408,2.0,2.0,,,,,2.0,9.0,1.0,2.0,,2.0,,,,,2.0,6.0,,1.0,1.0,2.0,5.0,13.0,2.0,8.0,,16.0,221,,2.0,,1.0,,,1.0,3.0,1.0,2.0,,5.0,4.0,6.0,6.0,6.0,2.0,3.0,2.0,4.0,6.0,,2.0,,16.0,4.0,6.0,6.0,,12.0,7.0,19.0,5.0,3.0,2.0,3.0,2.0,4.0,6.0,11.0,5.0,,1.0,,,,5.0,4.0,1.0,5.0,5.0,,5.0,33.0,1.0,0.4,0.4,1.0,0.25,,0.5,0.25,0.3846153846153846,,0.3333333333333333,0.3809523809523809,,0.5,0.3809523809523809,,0.5,0.3809523809523809,0.2307692307692307,0.3333333333333333,10.593220338983052,0.75,,0.1363636363636363,0.1395348837209302,0.0851063829787234,0.1379310344827586,0.0707070707070707,0.1111111111111111,,0.217391304347826,,0.1388888888888889,1.0,0.0952380952380952,1.0,1.0,0.5,0.4285714285714285,0.2222222222222222,0.3333333333333333,0.5,0.0952380952380952,0.5,0.5,,0.0952380952380952,,,,0.2857142857142857,0.3333333333333333,0.3333333333333333,1.0,,,,,,,0.3333333333333333,,,,,,,0.4,0.5,0.4761904761904761,0.3333333333333333,0.4982214285714286,0.4671999999999999,0.4175399999999999,,,,0.3125,8.884615384615385,24.6625,0.1641791044776119,4.0,1.0,,0.1428571428571428,,,,3.0,,,1.0,1.0,,,,0.0576923076923076,0.0714285714285714,0.0769230769230769,,1.0,,,,1.0,2.0,,2.0,,,,,,0.1,,,,,,,,,,False,,,,,,,,
1628365,1610612758,Markelle Fultz,Markelle Fultz,1628365,SAC,4550.0,76,13.0,155,154,39.0,33,15.0,309,,1.0,,,,,8.0,16.0,3.0,7.0,1.0,3.0,,,,1.0,,1.0,,,,,11.0,24.0,1.0,4.0,1.0,26.0,164,,,,,,,4.0,7.0,,1.0,,8.0,10.0,12.0,3.0,1.0,,2.0,3.0,6.0,9.0,2.0,1.0,,24.0,,3.0,2.0,,5.0,2.0,7.0,5.0,2.0,3.0,8.0,7.0,10.0,2.0,4.0,2.0,,,1.0,1.0,1.0,1.0,1.0,,1.0,1.0,,8.0,39.0,1.0,0.4545454545454545,0.4545454545454545,1.0,0.25,,,0.25,0.4583333333333333,,0.5714285714285714,0.4464285714285714,,0.5,0.4642857142857143,,0.5,0.1428571428571428,0.0833333333333333,0.125,22.093023255813957,0.8,,0.054054054054054,0.0857142857142857,,0.0694444444444444,0.03125,,,0.04,0.2,0.0454545454545454,1.0,0.0357142857142857,,,,0.5714285714285714,0.5,0.5714285714285714,0.375,0.25,0.4285714285714285,0.4285714285714285,0.6666666666666666,0.1071428571428571,0.3333333333333333,0.3333333333333333,1.0,0.0357142857142857,,,,,,,,,,,,,,,0.125,,,,0.1785714285714285,,0.4468648148148147,,0.45325,0.0357142857142857,0.0416666666666666,,0.3076923076923077,10.345833333333331,27.1,0.2516129032258064,4.0,2.0,,0.1538461538461538,,,2.0,2.0,1.0,1.0,1.0,3.0,,,,0.0526315789473684,0.0952380952380952,,0.0769230769230769,,,,,,1.0,,,,,,,,,,1.0,,,,,,,,False,,,,,,,,
1642384,1610612758,Isaiah Crawford,Isaiah Crawford,1642384,SAC,1371.0,23,9.0,48,48,29.0,16,8.0,96,1.0,1.0,1.0,1.0,1.0,1.0,2.0,2.0,,,1.0,1.0,,,1.0,1.0,,2.0,,,,1.0,3.0,3.0,1.0,3.0,1.0,10.0,48,1.0,1.0,,,,2.0,1.0,1.0,1.0,2.0,1.0,6.0,4.0,2.0,3.0,2.0,,,,,,,,,,,2.0,1.0,1.0,4.0,1.0,5.0,1.0,1.0,,,,1.0,,,1.0,,,2.0,,,1.0,,1.0,1.0,,,6.0,29.0,,0.6666666666666666,1.0,1.0,0.3333333333333333,,0.5,0.3333333333333333,1.0,1.0,1.0,0.75,1.0,0.8333333333333334,0.7142857142857143,1.0,0.75,0.5,,,14.035087719298248,,1.0,0.0769230769230769,0.2222222222222222,,0.1363636363636363,0.05,,,,,0.2,,0.1666666666666666,1.0,1.0,,0.3333333333333333,1.0,1.0,1.0,,,,,0.1666666666666666,1.0,1.0,1.0,0.3333333333333333,,,,1.0,1.0,,,,,,,,0.3333333333333333,1.0,0.3333333333333333,1.0,0.3333333333333333,,0.6666666666666666,,0.492125,0.6145,0.5487833333333333,,,0.2,0.6,3.633333333333333,26.7,0.6041666666666666,,1.0,,0.25,,,,1.0,,1.0,,1.0,1.0,1.0,,0.0909090909090909,0.125,0.5,,,,2.0,,,,,,,,,,,,,,,,,,,,,False,,,,,,,,
1631115,1610612758,Orlando Robinson,Orlando Robinson,1631115,SAC,3028.0,50,7.0,98,100,35.0,38,12.0,198,4.0,5.0,1.0,1.0,2.0,2.0,1.0,4.0,,1.0,,1.0,,,,1.0,1.0,4.0,,,,1.0,5.0,10.0,1.0,5.0,3.0,16.0,112,1.0,2.0,,,1.0,3.0,2.0,2.0,,2.0,1.0,5.0,8.0,2.0,3.0,4.0,1.0,,4.0,5.0,9.0,1.0,2.0,,23.0,3.0,3.0,4.0,2.0,9.0,3.0,12.0,2.0,1.0,1.0,2.0,,3.0,4.0,6.0,4.0,,,6.0,,3.0,,,,1.0,,,5.0,35.0,,0.8,1.0,1.0,0.2,,,0.2,0.5,0.5,1.0,0.4333333333333333,0.5,0.5,0.4444444444444444,0.5,0.5,0.3333333333333333,,,18.75,0.6666666666666666,0.3333333333333333,0.2352941176470588,0.12,0.125,0.1666666666666666,0.075,0.1363636363636363,,0.2857142857142857,0.3333333333333333,0.1666666666666666,,0.3333333333333333,0.8,0.8,0.75,0.2666666666666666,0.25,0.25,1.0,0.0666666666666666,,,,0.0666666666666666,,,,0.2666666666666666,0.25,0.25,1.0,0.5,1.0,,,,,,,,0.5,1.0,0.25,,0.25,,0.6666666666666666,0.25,0.5411300000000001,0.4411,0.5767,0.1666666666666666,0.2307692307692307,0.1875,0.3125,5.09,25.86,0.3571428571428571,4.0,1.0,,,,,2.0,,,,2.0,,,,,,,,,1.0,,2.0,,,,1.0,1.0,1.0,1.0,,,,,,,,,,,,,,False,,,,,,,,
203109,1610612758,Jae Crowder,Jae Crowder,203109,SAC,5196.0,87,-16.0,170,175,36.0,57,24.0,345,1.0,1.0,,,,,1.0,3.0,1.0,1.0,2.0,7.0,,1.0,1.0,2.0,1.0,5.0,,1.0,,1.0,3.0,5.0,3.0,12.0,5.0,20.0,200,1.0,2.0,,2.0,,2.0,1.0,2.0,1.0,3.0,,5.0,4.0,2.0,9.0,5.0,1.0,1.0,3.0,1.0,4.0,1.0,1.0,,9.0,3.0,4.0,4.0,2.0,10.0,6.0,16.0,3.0,2.0,1.0,3.0,3.0,3.0,7.0,9.0,3.0,,,6.0,,,,,,,,,5.0,36.0,1.0,0.6666666666666666,1.0,1.0,0.25,,0.3333333333333333,0.25,0.6,0.5,0.5,0.4411764705882353,0.25,0.5,0.5263157894736842,0.25,0.5,0.7058823529411765,0.2,0.3333333333333333,11.0,1.0,0.4,0.1142857142857142,0.0930232558139534,0.0652173913043478,0.1025641025641025,0.0568181818181818,0.0588235294117647,0.0833333333333333,0.1052631578947368,0.2,0.1333333333333333,,0.0588235294117647,1.0,1.0,1.0,0.1764705882352941,0.3333333333333333,0.5,,0.0588235294117647,1.0,1.0,1.0,0.4117647058823529,0.2857142857142857,0.2857142857142857,1.0,0.2941176470588235,0.2,0.2,1.0,,,,0.25,,,0.25,,,,,0.4,0.5,0.2,,0.7647058823529411,0.2,0.5173647058823531,0.4681499999999999,0.50537,0.1052631578947368,,0.1,0.25,10.0,24.50833333333333,0.2117647058823529,,,,,,,2.0,2.0,,,,,,,,0.0476190476190476,0.0434782608695652,0.0909090909090909,,,0.0909090909090909,2.0,1.0,,3.0,,,,,,,0.1666666666666666,,,,2.0,,,0.1428571428571428,,,,False,,,,,,,,
1630222,1610612758,Mason Jones,Mason Jones,1630222,SAC,2311.0,39,1.0,80,82,44.0,31,11.0,162,3.0,3.0,,,2.0,2.0,5.0,7.0,,,,1.0,,,,1.0,1.0,7.0,1.0,2.0,1.0,5.0,8.0,10.0,1.0,8.0,4.0,23.0,85,1.0,1.0,1.0,2.0,,5.0,3.0,4.0,1.0,6.0,3.0,12.0,8.0,8.0,3.0,7.0,1.0,,2.0,4.0,6.0,1.0,,1.0,16.0,2.0,5.0,1.0,,6.0,2.0,8.0,,,,1.0,1.0,1.0,,2.0,3.0,,,5.0,1.0,3.0,1.0,,1.0,1.0,,,12.0,44.0,,0.5,0.5,1.0,0.125,0.5,0.1666666666666666,0.125,0.8,1.0,0.75,0.5277777777777778,0.8333333333333334,0.45,0.575,0.8333333333333334,0.5,0.4444444444444444,,,22.58064516129032,1.0,,0.0666666666666666,0.2631578947368421,0.1052631578947368,0.1764705882352941,0.0588235294117647,0.125,,,1.0,0.2857142857142857,,0.1666666666666666,1.0,1.0,0.6666666666666666,0.3888888888888889,0.7142857142857143,0.7142857142857143,0.4,,,,,0.0555555555555555,,,,0.3888888888888889,0.1428571428571428,0.1428571428571428,1.0,,,,,,,0.6666666666666666,0.5,1.0,0.2,1.0,0.1,,0.5,0.2,0.6111111111111112,0.1428571428571428,0.5102666666666666,,0.537725,0.15,0.25,0.217391304347826,0.5217391304347826,5.629999999999999,27.0375,0.55,3.0,,,0.2,,,1.0,,,,,1.0,,,,,,,,1.0,,,,,,,,,,,,,,,,,,,,,,,False,,,,,,,,
202685,1610612758,Jonas Valančiūnas,Jonas Valančiūnas,202685,SAC,17385.0,290,50.0,579,574,122.0,111,75.0,1153,33.0,51.0,17.0,26.0,3.0,4.0,20.0,40.0,4.0,9.0,,,,,,,1.0,5.0,,,,,57.0,100.0,1.0,5.0,26.0,143.0,661,22.0,31.0,,,11.0,55.0,6.0,8.0,,,8.0,20.0,64.0,50.0,3.0,5.0,1.0,8.0,24.0,10.0,34.0,,9.0,9.0,78.0,7.0,37.0,33.0,10.0,80.0,39.0,119.0,12.0,7.0,5.0,6.0,2.0,16.0,27.0,41.0,29.0,,,33.0,3.0,15.0,12.0,4.0,8.0,12.0,9.0,3.0,20.0,122.0,,0.5614035087719298,0.8205128205128205,1.0,0.2,,,0.2,0.57,0.7096774193548387,0.75,0.5571428571428572,0.7096774193548387,0.75,0.5958333333333333,0.7236842105263158,0.8333333333333334,0.0476190476190476,0.08,0.025,20.23809523809524,0.375,0.5,0.2682926829268293,0.2740740740740741,0.063063063063063,0.2713178294573643,0.146067415730337,0.0555555555555555,0.0952380952380952,0.2461538461538461,0.3448275862068966,0.2857142857142857,0.75,0.4857142857142857,0.6470588235294118,0.75,0.4848484848484848,0.3809523809523809,0.5,0.5128205128205128,0.65,0.0857142857142857,0.4444444444444444,0.4444444444444444,0.75,,,,,0.0476190476190476,0.2,0.2,1.0,0.8387096774193549,0.6538461538461539,0.0588235294117647,,,,,,,0.5,0.75,,,,,0.5333333333333333,0.2,0.4981471428571429,0.5179478260869564,0.4650125,0.1282051282051282,0.1339285714285714,0.3846153846153846,0.1398601398601398,5.513,26.0,0.2107081174438687,10.0,10.0,2.0,0.25,,,6.0,32.0,8.0,1.0,4.0,1.0,3.0,3.0,0.1372549019607843,0.2051282051282051,0.1866666666666666,0.2413793103448276,0.2051282051282051,3.0,0.1904761904761904,36.0,,,1.0,6.0,6.0,,,,1.0,,0.2564102564102564,,,,,,,,,,False,,,,,,,,
1627746,1610612758,Skal Labissiere,Skal Labissiere,1627746,SAC,717.0,12,-1.0,26,24,17.0,4,4.0,50,,,,,,,1.0,2.0,,1.0,,,,,,,1.0,1.0,,,1.0,1.0,1.0,3.0,1.0,1.0,,5.0,32,,,,,,,1.0,3.0,1.0,1.0,,5.0,2.0,,3.0,1.0,1.0,,,1.0,1.0,1.0,,,3.0,1.0,,2.0,,2.0,1.0,3.0,,,,,,,1.0,1.0,,,,,,,,,,,,1.0,5.0,17.0,,1.0,1.0,1.0,1.0,,1.0,1.0,0.3333333333333333,,0.3333333333333333,0.625,,0.625,0.625,,0.625,0.25,,,13.333333333333334,,,0.5,,0.2,0.2857142857142857,0.0909090909090909,0.25,,0.5,,,,,,,,0.5,0.5,0.5,1.0,0.25,,,,,,,,0.25,1.0,1.0,1.0,,,,,,,,,,,,,,0.25,1.0,0.25,1.0,0.4322,,0.4322,,,,1.0,11.1,27.7,0.6538461538461539,,,,,,,,,,,,,,,,,,,,,,,,,,,,,,,,,,,,,,,,,,,False,,,,,,,,
1627827,1610612747,Dorian Finney-Smith,Dorian Finney-Smith,1627827,LAL,446.0,7,11.0,15,15,,3,2.0,30,,,,,,,,,,,1.0,1.0,,,,,1.0,1.0,1.0,1.0,,,,,2.0,2.0,,6.0,15,,,1.0,1.0,,3.0,,,,,,,,,6.0,1.0,1.0,,1.0,2.0,3.0,1.0,,,8.0,,,,,,,,,,,,,,,1.0,,,,,,,,,,,,,,,,,,1.0,1.0,1.0,,1.0,,,,1.5,1.5,,1.5,1.5,,1.0,,,11.76470588235294,,,,,,,,,,,,,,,,,,,,,,,,,,0.5,1.0,1.0,1.0,0.5,1.0,1.0,1.0,,,,,,,1.0,1.0,1.0,,,,,,,1.0,1.0,0.571125,,,,,0.5,,,25.2,,1.0,,,,,,1.0,,,,,,,,,,,,,,,,,,,,,,,,,,,,,,,,,,,,True,,,,,,,,
1629020,1610612747,Jarred Vanderbilt,Jarred Vanderbilt,1629020,LAL,731.0,12,-13.0,25,25,1.0,10,5.0,50,,,,,,,,,,,1.0,1.0,,,,,,,,,,,,,1.0,1.0,,3.0,41,,,,,,,,,,,,,,,3.0,,,,,,,,,,,,3.0,,1.0,4.0,,4.0,,,,,,1.0,,1.0,1.0,,,2.0,,1.0,,,,,,,,1.0,1.0,,,1.0,1.0,,,1.0,,,,1.5,,,0.75,,,1.0,,,10.0,,1.0,,0.2727272727272727,,0.2,,,,,,0.3333333333333333,,,,,,,,,,,,,,1.0,1.0,1.0,1.0,,,,,,,,,,,,,,,,,,,,1.0,,0.52665,,,0.5,1.0,,,,23.2,0.04,,1.0,,,,,,,,1.0,,,,,,,,,,,,,,,,,,,,,,,,,,,,,,,,,True,,,,,,,,
1629216,1610612747,Gabe Vincent,Gabe Vincent,1629216,LAL,1022.0,17,1.0,32,34,,3,5.0,66,1.0,1.0,,,,,,,,1.0,4.0,5.0,1.0,1.0,,,2.0,2.0,,,,,1.0,2.0,6.0,7.0,,20.0,35,,,1.0,1.0,,3.0,,,,,,,2.0,,18.0,2.0,2.0,,,1.0,1.0,1.0,,,3.0,,,,,,,,,,,1.0,1.0,1.0,,1.0,1.0,1.0,,,,,,,,,,,,,,1.0,1.0,1.0,0.8571428571428571,1.0,,0.8571428571428571,0.5,,,1.1111111111111112,1.5,,1.1111111111111112,1.5,,0.7777777777777778,,,26.31578947368421,1.0,,,,,,,,,,,,,0.1111111111111111,1.0,1.0,1.0,,,,,0.1111111111111111,,,,0.5555555555555556,0.8,0.8,1.0,0.2222222222222222,1.0,1.0,1.0,,,,1.0,1.0,1.0,,,,,,,,,,0.8888888888888888,1.0,0.5895833333333333,0.5778,,,,0.15,,7.9,23.814285714285713,,,,,,,,,,,,,,,,,,,,,,,,,,,,,,,,,,,,,,,,,,,,True,,,,,,,,
1630559,1610612747,Austin Reaves,Austin Reaves,1630559,LAL,1547.0,26,-23.0,52,55,,6,6.0,107,,,,,,,1.0,2.0,,,,1.0,,,,,1.0,7.0,,,,,1.0,2.0,1.0,8.0,5.0,10.0,69,,,,,,,,,,,,,,2.0,3.0,7.0,1.0,,2.0,2.0,4.0,1.0,2.0,,10.0,,3.0,,,3.0,,3.0,,,,1.0,1.0,1.0,1.0,2.0,3.0,1.0,,5.0,,2.0,,,,,,,,,,,,1.0,0.125,,,0.125,0.5,,,0.25,,,0.375,,,0.8,,,22.033898305084747,1.0,,,0.2,,0.13043478260869565,,,,,,0.1111111111111111,,,,,,0.2,0.5,0.5,,,,,,0.1,,,,0.7,0.14285714285714285,0.14285714285714285,1.0,,,,,,,,,,,,,,,,0.8,0.14285714285714285,0.5225350000000001,,,0.16666666666666666,0.5,,,6.0,26.6,,1.0,,,0.3333333333333333,,,,,,,,,,,,,,,,,,,,,,,,,,,,,,,,,,,,,1.0,,True,,,,,,,,
203458,1610612747,Alex Len,Alex Len,203458,LAL,3188.0,53,-8.0,104,107,16.0,27,15.0,211,1.0,3.0,,1.0,1.0,1.0,1.0,3.0,,,,,,,,,,,,,,,2.0,6.0,,,,4.0,132,,1.0,,,,,2.0,2.0,,,,4.0,2.0,2.0,,,,1.0,2.0,2.0,4.0,1.0,1.0,,10.0,2.0,1.0,5.0,1.0,7.0,4.0,11.0,,,,,,1.0,5.0,7.0,,,,,,,2.0,2.0,,2.0,1.0,,4.0,16.0,,0.5,0.5,,,,,,0.3333333333333333,,1.0,0.3333333333333333,,1.0,0.3333333333333333,,1.0,,0.16666666666666666,,5.833333333333334,,0.3333333333333333,0.3333333333333333,0.02631578947368421,0.06451612903225806,0.11320754716981132,0.08163265306122448,,0.2857142857142857,0.45454545454545453,,0.04,0.5,0.5,0.3333333333333333,0.5,1.0,0.5,0.3333333333333333,0.3333333333333333,,,,,,,,,,,,,,1.0,,,,,,,,,0.5,1.0,,,,,0.5,,0.5341,0.5942,0.5715,,,,1.0,5.2,,0.15384615384615385,1.0,1.0,1.0,,,,1.0,2.0,1.0,,,,,,0.3333333333333333,0.1111111111111111,0.2222222222222222,,0.3333333333333333,2.0,,,,,,,,,,,,,,,,,,,,,,,True,,,,,,,,
2544,1610612747,LeBron James,LeBron James,2544,LAL,1218.0,20,,39,40,1.0,9,4.0,79,1.0,1.0,,,,,4.0,6.0,,,1.0,1.0,,,,,1.0,3.0,,1.0,,,5.0,7.0,2.0,4.0,,16.0,53,,,,1.0,,,,,,,,,6.0,4.0,3.0,3.0,1.0,,,5.0,5.0,1.0,,,15.0,1.0,3.0,,,3.0,1.0,4.0,,,,,,3.0,,2.0,,,,,,,,,,,,,,1.0,,0.6,0.6,0.5,0.5,,,0.5,0.7142857142857143,,,0.7272727272727273,,,0.7272727272727273,,,0.36363636363636365,,,32.55813953488372,,,,0.2,0.07692307692307693,0.15,0.058823529411764705,0.09090909090909091,,,,0.2,,0.09090909090909091,1.0,1.0,1.0,0.5454545454545454,0.6666666666666666,0.6666666666666666,0.5,,,,,0.09090909090909091,1.0,1.0,1.0,0.2727272727272727,0.3333333333333333,0.3333333333333333,,,,,,,,1.0,,,,,,,,,0.45454545454545453,0.3333333333333333,0.4699090909090909,,,,,,,7.871428571428572,26.55,0.02564102564102564,4.0,3.0,,0.2,3.0,,,,1.0,1.0,,,,,,,,,0.25,,,,,1.0,,1.0,,,,,,,,,,,,,,,,,True,,,,,,,,
1629029,1610612747,Luka Dončić,Luka Dončić,1629029,LAL,1283.0,21,-10.0,42,44,,7,3.0,86,1.0,2.0,,1.0,,,1.0,1.0,,1.0,,,,,,,2.0,6.0,,1.0,,,2.0,4.0,2.0,6.0,,10.0,60,,1.0,,1.0,,,,,,,,,,4.0,6.0,6.0,2.0,1.0,1.0,3.0,4.0,2.0,1.0,,11.0,1.0,2.0,2.0,1.0,5.0,1.0,6.0,2.0,2.0,,2.0,2.0,4.0,3.0,4.0,2.0,,1.0,2.0,,1.0,,,,,,,,,,,,1.0,0.3333333333333333,,,0.3333333333333333,0.5,,,0.5,,,0.45454545454545453,,,0.6,0.25,,32.608695652173914,0.5,1.0,0.5,0.16666666666666666,0.09090909090909091,0.25,0.05555555555555555,0.14285714285714285,,0.5,,0.25,,0.2,0.5,1.0,,0.1,1.0,1.0,,0.1,,,,,,,,0.6,0.3333333333333333,0.3333333333333333,1.0,0.5,,,,,,0.5,,,,,,,,,0.8,0.3333333333333333,0.55573,,,0.09090909090909091,0.2,,,7.775,28.599999999999998,,1.0,2.0,,,,,,,,2.0,,,,,0.5,,,,,,,,,,,,,,,,,,,,,,,,,,,,True,,,,,,,,
1629060,1610612747,Rui Hachimura,Rui Hachimura,1629060,LAL,797.0,13,-6.0,26,29,,3,5.0,55,,,,,,,1.0,1.0,,1.0,,,,,,,1.0,3.0,,1.0,,,1.0,2.0,1.0,3.0,,5.0,38,,,,1.0,,,,,,,,,2.0,,3.0,3.0,1.0,,,,,,,,,,2.0,,,2.0,,2.0,,,,,,,,,,,,,,,,,,,,,,,,1.0,1.0,1.0,0.3333333333333333,,,0.3333333333333333,0.5,,,0.5,,,0.5,,,0.6,,,16.129032258064516,,,,0.2857142857142857,,0.2,,,,,,0.3333333333333333,,,,,,0.2,1.0,1.0,1.0,0.2,,,,,,,,0.6,0.3333333333333333,0.3333333333333333,1.0,,,,,,,1.0,,,,,,,,,0.6,0.3333333333333333,0.50237,0.4896,,,,,,13.75,25.833333333333332,,,,,,,,,,,,,,,,,,,,,,,,,,,,,,,,,,,,,,,,,,,,True,,,,,,,,
1629003,1610612747,Shake Milton,Shake Milton,1629003,LAL,1361.0,23,1.0,45,44,16.0,17,9.0,89,1.0,1.0,1.0,1.0,,,2.0,3.0,,,,,,,,,1.0,2.0,,,,1.0,3.0,4.0,1.0,2.0,2.0,11.0,56,1.0,1.0,,,2.0,4.0,2.0,2.0,,1.0,,4.0,2.0,4.0,3.0,2.0,1.0,,1.0,2.0,3.0,1.0,1.0,,8.0,2.0,3.0,,,3.0,3.0,6.0,,,,2.0,2.0,4.0,,,1.0,,,2.0,,1.0,,,,,,,4.0,16.0,,0.3333333333333333,0.3333333333333333,1.0,0.5,,,0.5,0.75,1.0,1.0,0.75,1.0,0.6666666666666666,0.7857142857142857,1.0,0.6666666666666666,0.3333333333333333,,,20.37037037037037,0.5,,,0.1875,0.16666666666666666,0.11538461538461539,0.14285714285714285,0.18181818181818182,,,,0.1,,0.16666666666666666,1.0,1.0,,0.5,0.6666666666666666,0.6666666666666666,0.5,,,,,,,,,0.3333333333333333,0.5,1.0,1.0,1.0,1.0,,,,,,,,,,,,0.3333333333333333,,0.5,0.5,0.5092166666666667,,0.46881666666666666,0.14285714285714285,0.2,0.36363636363636365,0.36363636363636365,9.625,25.85,0.35555555555555557,1.0,2.0,,0.3333333333333333,,,,1.0,1.0,1.0,,1.0,,,,0.1111111111111111,0.2,,1.0,,,,,,2.0,,,,,,,,,1.0,,,0.5,0.5,,,,1.0,True,,,,,,,,
1630692,1610612747,Jordan Goodwin,Jordan Goodwin,1630692,LAL,1047.0,17,1.0,35,35,15.0,14,4.0,70,,,,,,,,1.0,,,,1.0,,,,,3.0,4.0,,,1.0,1.0,,1.0,3.0,5.0,,9.0,38,,,,,,,,,1.0,1.0,,3.0,,,9.0,4.0,3.0,1.0,,2.0,2.0,1.0,,,6.0,,2.0,1.0,,3.0,1.0,4.0,3.0,2.0,1.0,,,,2.0,3.0,,,,,,,,,,,,,3.0,15.0,,,,1.0,0.6,,1.0,0.6,,,,0.75,,1.5,0.75,,1.5,0.8333333333333334,1.0,1.0,15.384615384615383,,,0.125,0.14285714285714285,,0.13636363636363635,0.06666666666666667,,,,,0.125,,,,,,0.16666666666666666,,,,,,,,0.16666666666666666,,,,0.6666666666666666,0.75,1.0,1.0,,,,,,,,,,,,,,1.0,1.0,0.8333333333333334,0.75,0.5244083333333333,,0.5268,,,,0.3333333333333333,4.4,25.14,0.42857142857142855,1.0,,,0.16666666666666666,,,,1.0,,,,,,,,0.2,,0.3333333333333333,,,1.0,,,,,,,,,,,,,1.0,,,0.2,0.25,,,,,True,,,,,,,,
1642261,1610612747,Dalton Knecht,Dalton Knecht,1642261,LAL,1659.0,28,-9.0,52,54,1.0,7,6.0,106,1.0,1.0,,,,,1.0,2.0,,1.0,1.0,4.0,,,,,1.0,5.0,,,,,2.0,4.0,2.0,9.0,,10.0,62,,,,,,,,,,,,,2.0,2.0,3.0,5.0,1.0,,,1.0,1.0,,,,3.0,,4.0,1.0,,5.0,1.0,6.0,,,,2.0,1.0,2.0,,1.0,1.0,,,,,,,,,,,,,1.0,,0.5,0.5,0.5,0.2222222222222222,,,0.2222222222222222,0.5,,,0.38461538461538464,,,0.38461538461538464,,,0.6923076923076923,,,25.423728813559322,1.0,,0.1111111111111111,0.19047619047619047,,0.16666666666666666,0.037037037037037035,,,0.14285714285714285,,0.25,,0.07692307692307693,1.0,1.0,,0.15384615384615385,0.5,0.5,1.0,0.07692307692307693,,,,0.3076923076923077,0.25,0.25,1.0,0.38461538461538464,0.2,0.2,,,,,,,,,,,,,,,,,0.7692307692307693,0.2,0.5171307692307692,,,,,,,9.075,24.977777777777778,0.019230769230769232,1.0,,,0.1111111111111111,3.0,,,1.0,,,1.0,,,,,0.14285714285714285,,,,,0.3333333333333333,,,,,,,,,,,,,,,,,,,,,,True,,,,,,,,
1641998,1610612747,Trey Jemison III,Trey Jemison III,1641998,LAL,472.0,8,-3.0,15,15,,4,3.0,30,1.0,2.0,1.0,1.0,,,1.0,1.0,,,,,,,,,,,,,,,2.0,3.0,,,,4.0,18,2.0,2.0,,,,4.0,,,,,,,,4.0,,,,,,,,,,,,3.0,,,,,3.0,3.0,,,,,,,1.0,1.0,,,,,,,1.0,1.0,,1.0,,,,,,,,,,,,,0.6666666666666666,1.0,,0.6666666666666666,1.0,,0.6666666666666666,1.0,,,,,16.666666666666668,,,,,0.6,,0.5,0.6,,,,,,0.6666666666666666,0.5,0.5,,0.3333333333333333,1.0,1.0,,,,,,,,,,,,,,0.5,1.0,,,,,,,,,,,,,,0.6666666666666666,,0.5,0.3282,,,,1.0,,4.933333333333334,,,,,,,,,,,,,,,,,,,,,,,,2.0,,,,,,,,,,,,,,,,,,,,,True,,,,,,,,
1642355,1610612747,Bronny James,Bronny James,1642355,LAL,705.0,12,8.0,23,23,15.0,14,5.0,46,1.0,1.0,,,,,1.0,1.0,,,1.0,1.0,,,1.0,1.0,1.0,4.0,,,1.0,2.0,2.0,2.0,2.0,5.0,1.0,11.0,28,,,,,1.0,1.0,1.0,1.0,2.0,3.0,1.0,9.0,,4.0,3.0,4.0,1.0,,,1.0,1.0,,,,3.0,,1.0,,,1.0,,1.0,,,,,,1.0,,,1.0,,,2.0,,1.0,,,,,,,9.0,15.0,,,,0.5,0.4,,0.6666666666666666,0.4,1.0,,1.0,0.7142857142857143,,1.0,0.6875,0.5,0.9,0.7142857142857143,,,32.14285714285714,,,,0.14285714285714285,,0.1111111111111111,,,,,,0.25,,0.14285714285714285,1.0,1.0,,0.14285714285714285,1.0,1.0,,,,,,0.14285714285714285,1.0,1.0,1.0,0.5714285714285714,0.25,0.25,,,,,,,,,,,,,0.25,1.0,0.5,0.5,0.8571428571428571,0.25,0.4977714285714286,,0.5010875,0.125,0.3333333333333333,0.09090909090909091,0.8181818181818182,7.15,25.880000000000003,0.6521739130434783,1.0,1.0,1.0,,3.0,,,,,,,,,,,,,,,,,,,,,,,,,,,,,,,,,,,,,,True,,,,,,,,
202693,1610612747,Markieff Morris,Markieff Morris,202693,LAL,464.0,8,10.0,15,15,15.0,11,3.0,30,,,,,,,,1.0,,1.0,,1.0,,,,1.0,1.0,2.0,,1.0,1.0,2.0,,2.0,1.0,3.0,2.0,5.0,15,,,,1.0,,,,2.0,1.0,3.0,2.0,5.0,,,3.0,2.0,1.0,,1.0,,1.0,,,,2.0,,,,,,,,,,,,,,1.0,1.0,1.0,,,2.0,,1.0,,,,,,,5.0,15.0,,,,1.0,0.3333333333333333,,0.3333333333333333,0.3333333333333333,,,,0.3,,0.3,0.4166666666666667,,0.4166666666666667,0.6,,,33.333333333333336,,,,,,,,,,,,,,,,,,0.2,,,,0.2,,,,0.2,,,,0.4,0.5,0.5,1.0,,,,,,,1.0,,,,,0.2,,0.4,0.5,0.6,0.5,0.48502999999999996,0.5397,0.48502999999999996,0.16666666666666666,0.3333333333333333,,1.0,16.35,24.633333333333336,1.0,,,,,,,1.0,,,,,,,,,,,,,,,,,,,,,,,,,,,,,,,,,,,,True,,,,,,,,
1626156,1610612747,D'Angelo Russell,D'Angelo Russell,1626156,LAL,45803.0,763,47.0,1570,1564,460.0,269,163.0,3134,32.0,56.0,2.0,4.0,10.0,12.0,33.0,64.0,8.0,23.0,5.0,17.0,,,3.0,7.0,51.0,151.0,13.0,24.0,15.0,48.0,73.0,143.0,56.0,168.0,45.0,359.0,1784,3.0,7.0,13.0,24.0,,45.0,18.0,28.0,18.0,55.0,19.0,109.0,62.0,84.0,108.0,150.0,51.0,8.0,86.0,49.0,135.0,7.0,17.0,10.0,319.0,4.0,33.0,36.0,3.0,72.0,8.0,80.0,23.0,19.0,4.0,30.0,22.0,50.0,24.0,53.0,55.0,1.0,7.0,53.0,4.0,23.0,4.0,1.0,3.0,4.0,1.0,1.0,107.0,454.0,2.0,0.4246575342465753,0.4246575342465753,0.6428571428571429,0.3333333333333333,0.5416666666666666,0.32727272727272727,0.33532934131736525,0.5104895104895105,0.42857142857142855,0.6428571428571429,0.5048231511254019,0.7258064516129032,0.5421686746987951,0.5343283582089552,0.7258064516129032,0.5797872340425532,0.5401929260450161,0.055944055944055944,0.03125,21.91235059760956,0.6,0.125,0.09399477806788512,0.08991825613079019,0.012012012012012012,0.092,0.011627906976744186,0.011235955056179775,0.015151515151515152,0.07920792079207921,0.10909090909090909,0.08664259927797834,0.25,0.18006430868167203,0.5714285714285714,0.64,0.625,0.2057877813504823,0.515625,0.532258064516129,0.2727272727272727,0.07395498392282958,0.34782608695652173,0.34782608695652173,0.25,0.05466237942122187,0.29411764705882354,0.3125,1.0,0.4855305466237942,0.33774834437086093,0.33774834437086093,0.6078431372549019,0.12903225806451613,0.5,1.0,,,,0.7741935483870968,0.5416666666666666,0.6923076923076923,0.14457831325301204,0.8333333333333334,0.08433734939759036,0.42857142857142855,0.5783132530120482,0.3125,0.7202572347266881,0.34,0.5282941935483871,0.5727921052631579,0.5217774390243903,0.0696969696969697,0.1419753086419753,0.12534818941504178,0.30362116991643456,7.616783216783217,26.26726190476191,0.2929936305732484,42.0,20.0,1.0,0.1,60.0,1.0,59.0,4.0,3.0,7.0,8.0,19.0,5.0,4.0,0.10714285714285714,0.011267605633802818,0.012048192771084338,0.1111111111111111,0.017964071856287425,,,,,1.0,1.0,8.0,1.0,,,,,,0.01680672268907563,1.0,1.0,,0.005952380952380952,,,,1.0,1.0,False,,0.058823529411764705,,,,,,1.0
1629060,1610612747,Rui Hachimura,Rui Hachimura,1629060,LAL,95495.0,1592,131.0,3232,3239,571.0,474,301.0,6471,120.0,167.0,14.0,30.0,21.0,27.0,31.0,89.0,17.0,37.0,40.0,88.0,5.0,9.0,5.0,12.0,43.0,114.0,5.0,15.0,6.0,14.0,168.0,293.0,83.0,202.0,75.0,660.0,3637,17.0,39.0,10.0,24.0,11.0,75.0,24.0,37.0,11.0,26.0,9.0,90.0,282.0,54.0,240.0,114.0,43.0,36.0,31.0,45.0,76.0,9.0,6.0,4.0,197.0,38.0,98.0,70.0,18.0,186.0,73.0,259.0,40.0,29.0,11.0,30.0,15.0,44.0,42.0,91.0,76.0,1.0,3.0,98.0,10.0,52.0,24.0,13.0,11.0,24.0,21.0,,90.0,559.0,7.0,0.8392857142857143,0.8924050632911392,0.963855421686747,0.41089108910891087,0.4166666666666667,0.4230769230769231,0.41089108910891087,0.5733788395904437,0.4358974358974359,0.6486486486486487,0.5909090909090909,0.5079365079365079,0.6428571428571429,0.6122448979591837,0.5434782608695652,0.6428571428571429,0.4080808080808081,0.12286689419795221,0.25842696629213485,16.216968011126564,0.6818181818181818,0.3673469387755102,0.08871989860583017,0.11907654921020656,0.05499276410998553,0.10421836228287841,0.04874651810584958,0.058823529411764705,0.042682926829268296,0.0825242718446602,0.11206896551724138,0.11582381729200653,0.875,0.3373737373737374,0.718562874251497,0.7792207792207793,0.8416666666666667,0.1797979797979798,0.34831460674157305,0.4696969696969697,0.9032258064516129,0.07474747474747474,0.4594594594594595,0.4594594594594595,0.7058823529411765,0.17777777777777778,0.45454545454545453,0.45454545454545453,0.95,0.23030303030303031,0.37719298245614036,0.37719298245614036,0.9767441860465116,0.47619047619047616,0.4666666666666667,0.21428571428571427,0.14285714285714285,0.5555555555555556,0.8,0.23809523809523808,0.3333333333333333,0.8,0.42857142857142855,0.7777777777777778,0.19047619047619047,0.4166666666666667,0.2222222222222222,0.42857142857142855,0.7454545454545455,0.37719298245614036,0.5645651515151519,0.557034,0.6007396825396827,0.09683426443202979,0.15522388059701492,0.11363636363636363,0.13636363636363635,5.311945392491468,24.81188118811881,0.1766707920792079,36.0,14.0,2.0,0.12857142857142856,9.0,,21.0,32.0,11.0,4.0,15.0,10.0,2.0,1.0,0.07784431137724551,0.042953020134228186,0.04177545691906005,0.08812260536398467,0.05314009661835749,15.0,0.041379310344827586,20.0,3.0,2.0,1.0,3.0,2.0,,,3.0,,0.04411764705882353,0.04608294930875576,,,,,,,,,3.0,False,,,,,2.0,,,
1629216,1610612747,Gabe Vincent,Gabe Vincent,1629216,LAL,67852.0,1131,5.0,2304,2293,630.0,562,228.0,4597,21.0,35.0,1.0,1.0,5.0,9.0,14.0,32.0,11.0,19.0,27.0,73.0,2.0,5.0,7.0,21.0,41.0,137.0,3.0,11.0,13.0,44.0,46.0,86.0,68.0,210.0,11.0,307.0,2594,3.0,3.0,5.0,16.0,,21.0,7.0,18.0,20.0,65.0,7.0,81.0,58.0,34.0,174.0,134.0,41.0,7.0,47.0,33.0,80.0,17.0,15.0,4.0,193.0,4.0,27.0,24.0,1.0,52.0,13.0,65.0,40.0,23.0,17.0,15.0,13.0,32.0,64.0,113.0,36.0,7.0,6.0,16.0,,4.0,12.0,2.0,10.0,12.0,6.0,,79.0,624.0,11.0,0.6304347826086957,0.6444444444444445,0.8529411764705882,0.3238095238095238,0.3125,0.3076923076923077,0.3285024154589372,0.5348837209302325,1.0,0.3888888888888889,0.5,0.5526315789473685,0.4457831325301205,0.5049342105263158,0.5526315789473685,0.46551724137931033,0.7094594594594594,0.08139534883720931,0.15625,13.073929961089494,0.46875,0.02127659574468085,0.044859813084112146,0.05065666041275797,0.00749063670411985,0.047752808988764044,0.012440191387559809,0.009592326139088728,,0.037800687285223365,0.05263157894736842,0.03827751196172249,0.5,0.11824324324324324,0.6,0.6176470588235294,0.7142857142857143,0.10810810810810811,0.4375,0.5185185185185185,0.5714285714285714,0.06418918918918919,0.5789473684210527,0.6111111111111112,0.5454545454545454,0.24662162162162163,0.3698630136986301,0.375,1.0,0.46283783783783783,0.29927007299270075,0.29927007299270075,0.7560975609756098,0.05263157894736842,1.0,,0.2631578947368421,0.4,1.0,0.5789473684210527,0.2727272727272727,1.0,0.10843373493975904,0.5555555555555556,0.25301204819277107,0.3333333333333333,0.5301204819277109,0.29545454545454547,0.8277027027027027,0.30597014925373134,0.5334406143344711,0.5196107142857141,0.5267370370370371,0.013333333333333334,0.044444444444444446,0.06840390879478828,0.26384364820846906,8.145348837209303,25.693809523809524,0.2734375,16.0,17.0,1.0,0.09565217391304348,30.0,3.0,28.0,9.0,3.0,9.0,2.0,10.0,4.0,3.0,0.02857142857142857,0.01761252446183953,0.014925373134328358,0.05357142857142857,0.018072289156626505,4.0,0.04,2.0,,,1.0,6.0,2.0,,,,,,0.006993006993006993,1.0,,,0.004761904761904762,,,0.05263157894736842,,1.0,False,,0.0136986301369863,,,,,,
1629629,1610612747,Cam Reddish,Cam Reddish,1629629,LAL,33620.0,560,-62.0,1128,1153,302.0,187,109.0,2281,20.0,28.0,2.0,3.0,10.0,15.0,4.0,11.0,,2.0,7.0,22.0,,4.0,2.0,4.0,6.0,23.0,,3.0,2.0,6.0,24.0,41.0,13.0,45.0,16.0,103.0,1347,3.0,5.0,,7.0,,6.0,10.0,17.0,4.0,10.0,5.0,37.0,24.0,24.0,39.0,23.0,6.0,5.0,12.0,11.0,23.0,4.0,1.0,,57.0,4.0,21.0,23.0,3.0,47.0,15.0,62.0,31.0,16.0,15.0,7.0,4.0,12.0,26.0,43.0,22.0,,1.0,26.0,4.0,13.0,10.0,2.0,8.0,10.0,5.0,,35.0,301.0,2.0,0.5,0.5714285714285714,1.0,0.28888888888888886,,0.4,0.28888888888888886,0.5853658536585366,0.6,0.5882352941176471,0.5058139534883721,0.25,0.5925925925925926,0.5309278350515464,0.25,0.578125,0.5232558139534884,0.12195121951219512,0.18181818181818182,8.73397435897436,0.5833333333333334,0.11538461538461539,0.08273381294964029,0.07984790874524715,0.016194331983805668,0.08133086876155268,0.0275049115913556,0.021052631578947368,,0.1,0.03333333333333333,0.08571428571428572,0.5,0.32558139534883723,0.7142857142857143,0.8,0.55,0.12790697674418605,0.36363636363636365,0.4444444444444444,0.25,0.023255813953488372,,,,0.2558139534883721,0.3181818181818182,0.3181818181818182,1.0,0.26744186046511625,0.2608695652173913,0.2608695652173913,1.0,0.25,0.6666666666666666,,0.3333333333333333,,,0.25,,,0.5555555555555556,0.6666666666666666,0.14814814814814814,0.5,0.2222222222222222,0.3333333333333333,0.8488372093023255,0.2608695652173913,0.5800883720930231,0.5794083333333333,0.6118537037037038,0.1368421052631579,0.26,0.05825242718446602,0.3592233009708738,3.9121951219512194,24.504444444444445,0.26773049645390073,7.0,5.0,3.0,0.05660377358490566,,,11.0,10.0,1.0,,3.0,4.0,2.0,1.0,0.10714285714285714,0.03816793893129771,0.0234375,0.07142857142857142,0.023255813953488372,,0.06779661016949153,6.0,1.0,,1.0,1.0,1.0,,,,,0.037037037037037035,0.04,,1.0,,,,,,,,False,,,,,,,,
1631132,1610612747,Christian Koloko,Christian Koloko,1631132,LAL,14761.0,246,-15.0,507,501,154.0,124,60.0,1008,25.0,31.0,6.0,9.0,7.0,9.0,2.0,9.0,1.0,1.0,,1.0,,,,,,1.0,,,,1.0,28.0,41.0,,2.0,7.0,63.0,570,7.0,12.0,,,3.0,17.0,7.0,9.0,,1.0,5.0,19.0,44.0,12.0,,1.0,,5.0,7.0,5.0,12.0,1.0,1.0,1.0,29.0,10.0,13.0,19.0,4.0,36.0,28.0,64.0,7.0,4.0,3.0,2.0,,7.0,23.0,31.0,13.0,,1.0,8.0,,3.0,8.0,3.0,5.0,8.0,3.0,,19.0,154.0,1.0,0.7857142857142857,0.9565217391304348,,,,,,0.6829268292682927,0.5833333333333334,0.7777777777777778,0.6511627906976745,0.5833333333333334,0.7,0.6702127659574468,0.6071428571428571,0.7307692307692307,0.046511627906976744,0.12195121951219512,0.2222222222222222,9.440559440559442,0.2857142857142857,0.36363636363636365,0.17117117117117117,0.13,0.07936507936507936,0.15165876777251186,0.11570247933884298,0.0707070707070707,0.1111111111111111,0.12121212121212122,0.125,0.14814814814814814,0.375,0.7209302325581395,0.8064516129032258,0.8928571428571429,0.84,0.20930232558139536,0.2222222222222222,0.2857142857142857,0.5,0.023255813953488372,1.0,1.0,,0.023255813953488372,,,,0.023255813953488372,,,,0.75,0.6666666666666666,0.3333333333333333,,,,,,,0.9,0.7777777777777778,,,0.1,,0.7674418604651163,,0.591460465116279,0.56886,0.6898449999999999,0.06521739130434782,0.06818181818181818,0.2698412698412698,0.30158730158730157,3.204878048780487,24.35,0.3037475345167653,4.0,5.0,2.0,0.05263157894736842,,,5.0,18.0,1.0,,2.0,1.0,1.0,1.0,0.0967741935483871,0.15517241379310345,0.16666666666666666,0.2702702702702703,0.1,4.0,0.1,10.0,,,2.0,,3.0,,,,,,0.16666666666666666,,,,,,,,,,False,,,,2.0,,,,
203076,1610612747,Anthony Davis,Anthony Davis,203076,LAL,86373.0,1440,21.0,2905,2912,738.0,520,285.0,5817,204.0,279.0,54.0,85.0,53.0,77.0,114.0,260.0,54.0,125.0,,10.0,,,,3.0,28.0,84.0,,5.0,9.0,24.0,372.0,664.0,28.0,94.0,253.0,1081.0,3343,63.0,109.0,,5.0,27.0,153.0,96.0,158.0,9.0,27.0,98.0,317.0,444.0,300.0,81.0,84.0,28.0,34.0,84.0,57.0,141.0,14.0,21.0,10.0,339.0,39.0,172.0,194.0,14.0,380.0,119.0,499.0,54.0,38.0,16.0,56.0,27.0,93.0,48.0,82.0,235.0,2.0,3.0,321.0,38.0,139.0,85.0,31.0,52.0,90.0,61.0,,310.0,728.0,3.0,0.5967741935483871,0.683076923076923,0.9642857142857143,0.2978723404255319,,0.3333333333333333,0.2978723404255319,0.5602409638554217,0.5779816513761468,0.6075949367088608,0.5461741424802111,0.5526315789473685,0.5918918918918918,0.6018930957683741,0.583969465648855,0.6443089430894309,0.12401055408970976,0.05120481927710843,0.06923076923076923,30.53152039555006,0.6021505376344086,0.25925925925925924,0.27635327635327633,0.24157303370786518,0.06878306878306878,0.25884016973125884,0.09350237717908082,0.07517084282460136,0.046875,0.28610354223433243,0.2727272727272727,0.2388888888888889,0.6777777777777778,0.36807387862796836,0.7311827956989247,0.7669172932330827,0.5931372549019608,0.34300791556728233,0.43846153846153846,0.47107438016528924,0.6052631578947368,0.16490765171503957,0.432,0.4426229508196721,0.5925925925925926,0.013192612137203167,,,,0.11081794195250659,0.3333333333333333,0.3333333333333333,0.9642857142857143,0.7456140350877193,0.6352941176470588,0.05555555555555555,,,,0.043859649122807015,,,0.41621621621621624,0.6883116883116883,0.016216216216216217,,0.12972972972972974,0.375,0.4920844327176781,0.3333333333333333,0.5228928759894458,0.5717192771084337,0.5344705405405407,0.16279069767441862,0.18169934640522875,0.14153561517113783,0.29324699352451433,7.2254518072289144,25.95851063829787,0.2540447504302926,43.0,37.0,12.0,0.25,3.0,,53.0,79.0,15.0,11.0,29.0,25.0,38.0,29.0,0.04659498207885305,0.11366906474820145,0.11304347826086956,0.2627118644067797,0.04716981132075472,12.0,0.047619047619047616,94.0,1.0,2.0,8.0,8.0,14.0,5.0,3.0,1.0,1.0,0.013513513513513514,0.1625615763546798,,,1.0,,,0.010526315789473684,0.024,3.0,1.0,False,2.0,,1.0,,,2.0,,
2544,1610612747,LeBron James,LeBron James,2544,LAL,120168.0,2003,-26.0,4076,4068,882.0,786,383.0,8144,233.0,314.0,23.0,34.0,48.0,63.0,126.0,263.0,59.0,145.0,10.0,27.0,2.0,6.0,2.0,4.0,120.0,313.0,8.0,26.0,26.0,67.0,418.0,722.0,130.0,340.0,208.0,1434.0,4702,38.0,68.0,10.0,32.0,12.0,118.0,80.0,130.0,28.0,71.0,55.0,299.0,308.0,528.0,258.0,311.0,120.0,46.0,332.0,158.0,490.0,59.0,82.0,18.0,1138.0,24.0,200.0,190.0,24.0,414.0,58.0,472.0,52.0,40.0,12.0,135.0,100.0,223.0,33.0,83.0,222.0,7.0,2.0,270.0,29.0,125.0,35.0,18.0,15.0,35.0,18.0,1.0,292.0,867.0,4.0,0.3684210526315789,0.38308457711442784,0.6615384615384615,0.38235294117647056,0.3125,0.39436619718309857,0.38461538461538464,0.5789473684210527,0.5588235294117647,0.6153846153846154,0.5772128060263654,0.53,0.6069651741293532,0.6064461407972859,0.5514018691588785,0.6334745762711864,0.32015065913371,0.06371191135734072,0.07984790874524715,30.921923246581382,0.6053811659192825,0.2891566265060241,0.19895287958115182,0.20263424518743667,0.02564102564102564,0.2008238928939238,0.032492997198879554,0.021337126600284494,0.03862660944206009,0.2012448132780083,0.2206896551724138,0.21733333333333332,0.5142857142857142,0.295668549905838,0.7420382165605095,0.8062283737024222,0.44635193133047213,0.24764595103578155,0.4790874524714829,0.5206611570247934,0.30952380952380953,0.13653483992467044,0.4068965517241379,0.4068965517241379,0.1864406779661017,0.025423728813559324,0.37037037037037035,0.37037037037037035,1.0,0.2947269303201507,0.38338658146964855,0.38461538461538464,0.6333333333333333,0.34,0.6764705882352942,0.2608695652173913,0.06,0.3333333333333333,1.0,0.26,0.3076923076923077,0.875,0.31343283582089554,0.7619047619047619,0.01990049751243781,0.5,0.3333333333333333,0.3880597014925373,0.615819209039548,0.3858520900321543,0.5213933490566038,0.5141223076923076,0.5134185929648243,0.10871440897325281,0.1528117359413203,0.08228730822873083,0.20850767085076707,7.440304709141275,26.87852941176468,0.21638861629048087,99.0,88.0,11.0,0.15611814345991562,132.0,2.0,232.0,34.0,21.0,50.0,35.0,43.0,20.0,16.0,0.07961783439490445,0.04004711425206125,0.0345679012345679,0.18597560975609756,0.045454545454545456,10.0,0.017964071856287425,32.0,,8.0,10.0,10.0,10.0,,,1.0,,,0.061371841155234655,1.0,2.0,1.0,0.0029411764705882353,0.003194888178913738,0.002932551319648094,,4.0,2.0,False,,,,,,2.0,,
1629637,1610612747,Jaxson Hayes,Jaxson Hayes,1629637,LAL,45981.0,766,96.0,1552,1556,252.0,284,144.0,3108,93.0,116.0,15.0,22.0,12.0,14.0,12.0,29.0,,,,1.0,,,,1.0,,1.0,,,,1.0,105.0,145.0,,2.0,47.0,257.0,1711,16.0,26.0,,,8.0,40.0,12.0,15.0,,2.0,18.0,42.0,182.0,28.0,,1.0,,7.0,17.0,25.0,42.0,6.0,8.0,2.0,109.0,29.0,62.0,56.0,8.0,126.0,56.0,182.0,22.0,13.0,9.0,13.0,10.0,31.0,64.0,93.0,70.0,,4.0,64.0,6.0,28.0,38.0,22.0,16.0,41.0,20.0,3.0,42.0,252.0,1.0,0.8666666666666667,0.9578947368421052,,,,,,0.7241379310344828,0.6153846153846154,0.8,0.7142857142857143,0.6153846153846154,0.7058823529411765,0.7301136363636364,0.6451612903225806,0.7777777777777778,0.013605442176870748,0.04827586206896552,0.10344827586206896,11.95150115473441,0.41935483870967744,0.27586206896551724,0.14285714285714285,0.16445623342175067,0.07360406091370558,0.15344603381014305,0.07936507936507936,0.07792207792207792,0.05813953488372093,0.1457286432160804,0.14516129032258066,0.1601423487544484,0.4878048780487805,0.7891156462585034,0.8017241379310345,0.8303571428571429,0.8494623655913979,0.19727891156462585,0.41379310344827586,0.46153846153846156,1.0,,,,,0.006802721088435374,,,,0.006802721088435374,,,,0.8461538461538461,0.6818181818181818,0.26666666666666666,,,,,,,0.8235294117647058,0.8571428571428571,0.058823529411764705,,0.058823529411764705,,0.8027210884353742,,0.6150911564625849,0.616425,0.6556529411764707,0.16568047337278108,0.16766467065868262,0.1556420233463035,0.16342412451361868,2.7296551724137927,26.4,0.16237113402061856,19.0,18.0,,0.17708333333333334,,,7.0,26.0,4.0,4.0,3.0,3.0,7.0,7.0,0.034482758620689655,0.08695652173913043,0.09395973154362416,0.13740458015267176,0.125,8.0,0.03773584905660377,20.0,1.0,1.0,7.0,10.0,12.0,3.0,2.0,4.0,,0.041666666666666664,0.10309278350515463,,1.0,,,,,,,1.0,False,1.0,,,1.0,,,,
1630559,1610612747,Austin Reaves,Austin Reaves,1630559,LAL,113963.0,1899,158.0,3865,3865,776.0,616,368.0,7730,90.0,132.0,6.0,14.0,15.0,25.0,88.0,199.0,13.0,37.0,19.0,41.0,3.0,4.0,3.0,7.0,121.0,343.0,9.0,24.0,16.0,71.0,191.0,368.0,140.0,384.0,239.0,1041.0,4400,8.0,21.0,12.0,28.0,10.0,62.0,35.0,71.0,19.0,78.0,85.0,212.0,174.0,208.0,309.0,338.0,121.0,32.0,210.0,114.0,324.0,41.0,54.0,20.0,762.0,22.0,112.0,76.0,1.0,189.0,50.0,239.0,61.0,44.0,17.0,104.0,73.0,134.0,62.0,110.0,240.0,14.0,14.0,276.0,29.0,101.0,14.0,3.0,11.0,16.0,7.0,,204.0,759.0,10.0,0.45549738219895286,0.4627659574468085,0.7357142857142858,0.3645833333333333,0.42857142857142855,0.24358974358974358,0.36939313984168864,0.5190217391304348,0.38095238095238093,0.49295774647887325,0.5332446808510638,0.5306122448979592,0.4261744966442953,0.5950173812282734,0.5648148148148148,0.544973544973545,0.5106382978723404,0.08695652173913043,0.1306532663316583,23.13953488372093,0.7761194029850746,0.012048192771084338,0.08216216216216216,0.11618257261410789,0.02579132473622509,0.09952355743779778,0.029062870699881376,0.025914634146341462,0.025380710659898477,0.07368421052631578,0.15862068965517243,0.11188811188811189,0.4375,0.17553191489361702,0.6818181818181818,0.703125,0.4777777777777778,0.2646276595744681,0.44221105527638194,0.5086705202312138,0.4318181818181818,0.04920212765957447,0.35135135135135137,0.37142857142857144,0.46153846153846156,0.05452127659574468,0.4634146341463415,0.4634146341463415,1.0,0.45611702127659576,0.35276967930029157,0.3548387096774194,0.6942148760330579,0.2857142857142857,0.42857142857142855,0.3333333333333333,0.08163265306122448,0.75,1.0,0.4897959183673469,0.375,0.8888888888888888,0.16778523489932887,0.6,0.04697986577181208,0.42857142857142855,0.47651006711409394,0.22535211267605634,0.6861702127659575,0.35798816568047337,0.5195589142091154,0.5401941176470588,0.499232167832168,0.13445378151260504,0.22954545454545455,0.059558117195004805,0.20365033621517772,6.961684782608696,26.897656249999997,0.20077619663648125,73.0,30.0,5.0,0.1285140562248996,111.0,5.0,136.0,27.0,18.0,10.0,31.0,28.0,30.0,24.0,0.030303030303030304,0.03241296518607443,0.04096385542168675,0.05901639344262295,0.04825737265415549,7.0,0.01948051948051948,6.0,1.0,4.0,5.0,3.0,4.0,2.0,1.0,,,0.011494252873563218,0.026515151515151516,2.0,2.0,11.0,0.005208333333333333,0.0058309037900874635,0.027989821882951654,0.05405405405405406,16.0,2.0,False,1.0,,1.0,,,,2.0,
1631108,1610612747,Max Christie,Max Christie,1631108,LAL,69245.0,1154,-17.0,2317,2343,566.0,462,220.0,4660,52.0,65.0,3.0,5.0,12.0,14.0,15.0,50.0,1.0,10.0,30.0,71.0,1.0,2.0,5.0,10.0,30.0,92.0,2.0,8.0,9.0,25.0,68.0,125.0,60.0,163.0,74.0,390.0,2686,4.0,13.0,3.0,10.0,5.0,22.0,17.0,26.0,14.0,35.0,26.0,102.0,92.0,44.0,171.0,89.0,30.0,17.0,32.0,34.0,66.0,12.0,6.0,3.0,166.0,14.0,50.0,47.0,1.0,98.0,25.0,123.0,35.0,28.0,7.0,29.0,14.0,39.0,44.0,73.0,62.0,,4.0,87.0,12.0,44.0,19.0,7.0,11.0,21.0,13.0,,102.0,562.0,7.0,0.6764705882352942,0.6865671641791045,0.95,0.36809815950920244,0.3,0.4,0.375,0.544,0.3076923076923077,0.6538461538461539,0.5486111111111112,0.3695652173913043,0.6229508196721312,0.6,0.44,0.68,0.5659722222222222,0.136,0.28,14.103060829135995,0.7435897435897436,0.023809523809523808,0.0831858407079646,0.09140767824497258,0.028513238289205704,0.08723021582733813,0.024271844660194174,0.03513513513513514,0.008264462809917356,0.08950617283950617,0.07936507936507936,0.08674698795180723,0.6190476190476191,0.22569444444444445,0.8,0.8387096774193549,0.75,0.1736111111111111,0.3,0.4166666666666667,0.4,0.034722222222222224,0.1,0.1,1.0,0.2465277777777778,0.4225352112676056,0.4225352112676056,0.9333333333333333,0.3194444444444444,0.32608695652173914,0.32967032967032966,0.9666666666666667,0.21739130434782608,0.6,,0.08695652173913043,0.5,1.0,0.34782608695652173,0.25,1.0,0.22950819672131148,0.8571428571428571,0.16393442622950818,0.5,0.4098360655737705,0.36,0.7916666666666666,0.33707865168539325,0.5587056338028169,0.5489312500000001,0.5421166666666667,0.140625,0.2802547770700637,0.05641025641025641,0.26153846153846155,5.379200000000001,25.34233128834357,0.24428139835994822,22.0,10.0,2.0,0.10606060606060606,9.0,3.0,23.0,11.0,4.0,3.0,15.0,12.0,5.0,5.0,0.046153846153846156,0.02040816326530612,0.007380073800738007,0.07303370786516854,0.03007518796992481,3.0,0.04424778761061947,2.0,,,2.0,3.0,4.0,2.0,1.0,,,,0.025806451612903226,1.0,,1.0,0.006134969325153374,0.010869565217391304,0.006134969325153374,,,1.0,False,1.0,,,,,1.0,1.0,
1642261,1610612747,Dalton Knecht,Dalton Knecht,1642261,LAL,71646.0,1194,-30.0,2377,2376,555.0,451,241.0,4753,67.0,84.0,5.0,8.0,13.0,19.0,25.0,57.0,10.0,19.0,36.0,77.0,4.0,9.0,6.0,10.0,60.0,184.0,6.0,14.0,18.0,46.0,102.0,160.0,96.0,261.0,51.0,543.0,2801,11.0,17.0,10.0,23.0,7.0,59.0,18.0,35.0,24.0,56.0,17.0,125.0,156.0,48.0,273.0,183.0,60.0,17.0,31.0,19.0,50.0,5.0,9.0,2.0,119.0,23.0,79.0,52.0,12.0,143.0,29.0,172.0,22.0,18.0,4.0,16.0,11.0,27.0,47.0,73.0,46.0,,1.0,67.0,4.0,23.0,4.0,3.0,1.0,5.0,1.0,,125.0,551.0,2.0,0.7647058823529411,0.7959183673469388,0.9479166666666666,0.367816091954023,0.43478260869565216,0.42857142857142855,0.36923076923076925,0.6375,0.6470588235294118,0.5142857142857142,0.5843230403800475,0.65,0.5934065934065934,0.6029082774049217,0.6744186046511628,0.6313131313131313,0.6199524940617577,0.10625,0.19298245614035087,17.799474277131054,0.5925925925925926,0.24,0.09403254972875226,0.1323283082077052,0.04431599229287091,0.11391304347826087,0.027777777777777776,0.04228855721393035,0.05128205128205128,0.10877192982456141,0.10112359550561797,0.13656387665198239,0.2,0.1995249406175772,0.7976190476190477,0.8589743589743589,0.8208955223880597,0.13539192399049882,0.43859649122807015,0.5434782608695652,0.64,0.04513064133016627,0.5263157894736842,0.5263157894736842,0.7,0.1828978622327791,0.4675324675324675,0.47368421052631576,1.0,0.43705463182897863,0.32608695652173914,0.32967032967032966,0.9166666666666666,0.2,0.625,0.2,0.225,0.4444444444444444,1.0,0.35,0.42857142857142855,1.0,0.2087912087912088,0.6842105263157895,0.10989010989010989,0.6,0.5054945054945055,0.391304347826087,0.8194774346793349,0.32786885245901637,0.5526601431980908,0.5291673913043479,0.5449629213483145,0.060810810810810814,0.12849162011173185,0.10865561694290976,0.2302025782688766,5.9037500000000005,25.57356321839081,0.23348758939840134,14.0,11.0,1.0,0.11888111888111888,15.0,1.0,20.0,6.0,7.0,2.0,5.0,10.0,3.0,3.0,0.07142857142857142,0.011428571428571429,0.011111111111111112,0.0670391061452514,0.035175879396984924,4.0,,8.0,,,2.0,5.0,4.0,1.0,1.0,,,,0.019867549668874173,3.0,2.0,4.0,0.011494252873563218,0.010869565217391304,0.01509433962264151,,5.0,,False,,0.012987012987012988,,,,,,
1642355,1610612747,Bronny James,Bronny James,1642355,LAL,3852.0,64,-24.0,132,133,62.0,70,10.0,265,2.0,4.0,,1.0,1.0,2.0,,7.0,1.0,3.0,,2.0,,,,1.0,1.0,8.0,,,1.0,4.0,3.0,14.0,1.0,10.0,5.0,14.0,148,,1.0,,,,,2.0,4.0,1.0,5.0,2.0,9.0,,6.0,3.0,8.0,1.0,2.0,7.0,,7.0,,,,14.0,1.0,3.0,3.0,,6.0,1.0,7.0,4.0,2.0,2.0,3.0,3.0,5.0,4.0,6.0,5.0,,,7.0,1.0,4.0,2.0,2.0,,2.0,1.0,,9.0,62.0,2.0,,,1.0,0.1,,0.2,0.1,0.21428571428571427,,0.5,0.1875,,0.3888888888888889,0.25925925925925924,,0.45,0.4166666666666667,0.14285714285714285,0.14285714285714285,22.535211267605636,0.6,,0.1111111111111111,0.10344827586206896,0.030303030303030304,0.10714285714285714,0.01694915254237288,0.03571428571428571,,0.2,,0.047619047619047616,0.5,0.16666666666666666,0.5,0.6666666666666666,,0.2916666666666667,,,,0.125,0.3333333333333333,0.3333333333333333,,0.08333333333333333,,,,0.3333333333333333,0.125,0.125,1.0,1.0,,,,,,,,,0.2222222222222222,0.5,0.1111111111111111,,0.4444444444444444,0.25,0.5833333333333334,0.125,0.47766666666666663,,0.4964611111111112,0.14814814814814814,0.23529411764705882,,0.6428571428571429,7.771428571428571,25.859999999999996,0.4696969696969697,,2.0,1.0,0.25,,,7.0,,,1.0,,4.0,,,0.25,,,0.08333333333333333,,,,,,,,,,,,1.0,,,,,,,,,,,,,False,,,,,,,,
1642422,1610612747,Armel Traoré,Armel Traoré,1642422,LAL,4000.0,67,-49.0,138,136,60.0,40,16.0,274,6.0,10.0,1.0,1.0,1.0,3.0,,2.0,,,,5.0,,1.0,,1.0,,2.0,,,,1.0,6.0,12.0,,7.0,2.0,14.0,167,1.0,1.0,,1.0,,2.0,1.0,4.0,,2.0,1.0,3.0,10.0,2.0,,2.0,,1.0,,1.0,1.0,,,,3.0,,8.0,3.0,2.0,13.0,2.0,15.0,4.0,2.0,2.0,2.0,,3.0,,6.0,5.0,,,7.0,1.0,2.0,2.0,1.0,1.0,2.0,1.0,,3.0,60.0,2.0,0.8333333333333334,1.0,,,,,,0.5,1.0,0.25,0.3157894736842105,0.5,0.16666666666666666,0.3181818181818182,0.3333333333333333,0.1875,0.3684210526315789,0.08333333333333333,,16.129032258064516,0.6666666666666666,0.5,0.125,0.2962962962962963,,0.21568627450980393,0.014492753623188406,,,0.07692307692307693,0.3333333333333333,0.2727272727272727,0.5,0.5263157894736842,0.6,0.6666666666666666,0.8333333333333334,0.10526315789473684,,,,,,,,0.2631578947368421,,,,0.10526315789473684,,,,0.5,1.0,,0.5,,,,,,0.5,0.3333333333333333,0.16666666666666666,,0.16666666666666666,,0.8947368421052632,,0.6311236842105263,0.4515,0.64015,0.1,0.15384615384615385,0.14285714285714285,0.21428571428571427,2.433333333333333,23.814285714285713,0.43478260869565216,1.0,1.0,,0.4,,,,1.0,1.0,,2.0,2.0,2.0,2.0,0.1,0.02631578947368421,,0.125,0.09090909090909091,1.0,,2.0,1.0,,1.0,,1.0,,,,,0.14285714285714285,0.08333333333333333,,1.0,,,,,,,,False,,,,,,,,
1642439,1610612747,Quincy Olivari,Quincy Olivari,1642439,LAL,618.0,10,-18.0,22,20,1.0,10,4.0,42,,,,,,,,,,,,1.0,,,,,1.0,4.0,,,,,,,1.0,5.0,,3.0,33,,,,,,,,,,,,,,,3.0,4.0,1.0,,1.0,,1.0,,,,2.0,,,,,,,,,,,,,1.0,,,1.0,,,,,,,,,,,,,1.0,,,,1.0,0.2,,,0.2,,,,0.3,,,0.3,,,1.0,,,23.076923076923077,,,,,,,,,,,,,,,,,,,,,,,,,,0.2,,,,0.8,0.25,0.25,1.0,,,,,,,,,,,,,,,,1.0,0.25,0.52974,,,,,,,,25.9,0.045454545454545456,,1.0,,,,,1.0,,,1.0,,,,,,,,,,,,,,,,,,,,,,,,,,,,,,,,,False,,,,,,,,
1641721,1610612747,Maxwell Lewis,Maxwell Lewis,1641721,LAL,1763.0,29,-25.0,60,57,30.0,21,8.0,117,2.0,2.0,1.0,1.0,,,,1.0,,3.0,,,,,,,,,,,,,2.0,6.0,,,,4.0,69,1.0,1.0,,,,2.0,,1.0,,,,,2.0,2.0,,,,,1.0,1.0,2.0,,,,5.0,2.0,,,,,2.0,2.0,1.0,1.0,,,,2.0,1.0,1.0,,,,,,,,,,,,,,30.0,,0.5,1.0,,,,,,0.3333333333333333,1.0,,0.3333333333333333,1.0,,0.3333333333333333,1.0,,,,,11.76470588235294,,,,,0.125,,0.058823529411764705,0.13333333333333333,,,,,,0.3333333333333333,1.0,1.0,0.5,0.16666666666666666,,,,0.5,,,,,,,,,,,,1.0,1.0,,,,,,,,,,,,,,0.3333333333333333,,0.45144999999999996,,0.3503,,,0.5,,12.533333333333333,,0.5,1.0,2.0,2.0,,,,1.0,,,,,1.0,,,,,,,,,,2.0,,,,,,,,,,,,,,,,,,,,,False,,,,,,,,
1627827,1610612747,Dorian Finney-Smith,Dorian Finney-Smith,1627827,LAL,44480.0,741,176.0,1482,1483,313.0,303,161.0,2965,20.0,31.0,7.0,15.0,5.0,8.0,8.0,15.0,,,15.0,42.0,2.0,2.0,4.0,9.0,22.0,67.0,1.0,4.0,3.0,11.0,28.0,46.0,37.0,109.0,7.0,174.0,1605,10.0,19.0,3.0,6.0,1.0,30.0,9.0,14.0,7.0,20.0,3.0,42.0,38.0,18.0,111.0,66.0,22.0,5.0,10.0,18.0,28.0,3.0,6.0,,74.0,16.0,31.0,30.0,2.0,63.0,35.0,98.0,26.0,14.0,12.0,14.0,11.0,25.0,25.0,49.0,10.0,,,9.0,1.0,3.0,2.0,2.0,,3.0,2.0,,42.0,306.0,3.0,0.6785714285714286,0.8260869565217391,1.0,0.3394495412844037,0.5,0.35,0.3425925925925926,0.6086956521739131,0.5263157894736842,0.6428571428571429,0.5387096774193548,0.58,0.5735294117647058,0.5471698113207547,0.5769230769230769,0.5833333333333334,0.7032258064516129,0.10869565217391304,0.2,10.985074626865671,0.56,0.058823529411764705,0.08064516129032258,0.08179419525065963,0.04289544235924933,0.08122503328894808,0.050381679389312976,0.038869257950530034,0.05555555555555555,0.09195402298850575,0.1,0.09057971014492754,0.6666666666666666,0.2,0.6451612903225806,0.6896551724137931,0.65,0.0967741935483871,0.5333333333333333,0.6666666666666666,0.75,,,,,0.2709677419354839,0.35714285714285715,0.36585365853658536,1.0,0.432258064516129,0.3283582089552239,0.34375,1.0,0.6,0.4666666666666667,,0.08,1.0,1.0,0.16,0.25,1.0,0.23529411764705882,0.625,0.2647058823529412,0.4444444444444444,0.3235294117647059,0.2727272727272727,0.9032258064516129,0.3333333333333333,0.5588217532467533,0.5481524999999999,0.5530803030303032,0.01910828025477707,0.0625,0.1724137931034483,0.2413793103448276,3.4217391304347835,25.19266055045872,0.21120107962213225,15.0,11.0,1.0,0.05825242718446602,,1.0,4.0,17.0,3.0,2.0,3.0,1.0,2.0,2.0,0.06451612903225806,0.06028368794326241,0.04225352112676056,0.060810810810810814,0.0379746835443038,4.0,0.03773584905660377,10.0,2.0,5.0,4.0,1.0,2.0,1.0,,,,0.05,0.10344827586206896,4.0,,,0.03669724770642202,0.04477611940298507,,,,2.0,False,1.0,0.023809523809523808,,,1.0,,,
1629003,1610612747,Shake Milton,Shake Milton,1629003,LAL,11764.0,196,7.0,396,396,159.0,109,48.0,792,10.0,14.0,3.0,3.0,4.0,6.0,4.0,10.0,,1.0,5.0,12.0,1.0,2.0,3.0,6.0,2.0,10.0,1.0,3.0,,4.0,14.0,25.0,7.0,22.0,13.0,62.0,448,3.0,3.0,2.0,5.0,1.0,13.0,5.0,9.0,3.0,10.0,7.0,26.0,10.0,18.0,21.0,10.0,2.0,1.0,17.0,7.0,24.0,1.0,3.0,2.0,55.0,3.0,10.0,14.0,,24.0,5.0,29.0,5.0,3.0,2.0,5.0,4.0,9.0,9.0,14.0,14.0,,,15.0,3.0,7.0,2.0,1.0,1.0,2.0,1.0,,26.0,158.0,,0.35714285714285715,0.45454545454545453,1.0,0.3181818181818182,0.4,0.3,0.3181818181818182,0.56,1.0,0.5555555555555556,0.5212765957446809,0.75,0.5,0.5849056603773585,0.8125,0.5909090909090909,0.46808510638297873,0.04,,13.90134529147982,0.5555555555555556,,0.1346153846153846,0.1111111111111111,0.03614457831325301,0.12371134020618557,0.023255813953488372,0.03389830508474576,0.041666666666666664,0.19148936170212766,0.1,0.1076923076923077,0.5,0.2978723404255319,0.7142857142857143,0.7692307692307693,0.4,0.2127659574468085,0.4,0.4,0.25,0.02127659574468085,,,,0.2553191489361702,0.4166666666666667,0.45454545454545453,1.0,0.2127659574468085,0.2,0.2,1.0,0.375,1.0,,0.25,0.5,1.0,0.375,0.3333333333333333,1.0,0.3157894736842105,0.6666666666666666,0.3157894736842105,0.5,0.21052631578947367,,0.7659574468085106,0.2,0.5302212765957446,0.4225666666666667,0.5364631578947369,0.13725490196078433,0.2413793103448276,0.20967741935483872,0.41935483870967744,5.736000000000001,24.713636363636372,0.4015151515151515,6.0,4.0,,0.12,,,12.0,1.0,,2.0,1.0,6.0,2.0,2.0,0.07142857142857142,0.011235955056179775,0.017857142857142856,0.08108108108108109,,,,6.0,1.0,,2.0,,,,,,,0.08333333333333333,,1.0,1.0,,0.045454545454545456,,,,,1.0,False,,0.08333333333333333,,,,,,
1629020,1610612747,Jarred Vanderbilt,Jarred Vanderbilt,1629020,LAL,18754.0,313,65.0,636,636,199.0,204,82.0,1272,22.0,32.0,11.0,16.0,8.0,10.0,2.0,8.0,,,7.0,19.0,1.0,3.0,1.0,4.0,,3.0,,,,2.0,24.0,40.0,7.0,22.0,9.0,78.0,692,11.0,17.0,1.0,3.0,3.0,28.0,9.0,13.0,1.0,6.0,3.0,24.0,28.0,20.0,21.0,2.0,,4.0,13.0,9.0,22.0,5.0,3.0,2.0,53.0,17.0,39.0,23.0,5.0,67.0,35.0,102.0,20.0,12.0,8.0,9.0,6.0,12.0,13.0,34.0,21.0,,1.0,17.0,1.0,6.0,5.0,5.0,,6.0,4.0,,24.0,199.0,7.0,0.5833333333333334,0.875,1.0,0.3181818181818182,0.3333333333333333,0.16666666666666666,0.3333333333333333,0.6,0.6470588235294118,0.6923076923076923,0.5564516129032258,0.625,0.5526315789473685,0.5652173913043478,0.6666666666666666,0.5454545454545454,0.3548387096774194,0.1,0.25,10.990502035278155,0.75,0.29411764705882354,0.17829457364341086,0.2154696132596685,0.10429447852760736,0.2,0.11188811188811189,0.0967741935483871,0.1282051282051282,0.14285714285714285,0.3157894736842105,0.22137404580152673,0.6666666666666666,0.5161290322580645,0.6875,0.7333333333333333,0.5454545454545454,0.12903225806451613,0.25,0.3333333333333333,1.0,,,,,0.3064516129032258,0.3684210526315789,0.3684210526315789,1.0,0.04838709677419355,,,,0.8,0.6875,0.18181818181818182,0.15,0.3333333333333333,1.0,,,,0.5263157894736842,0.8,0.21052631578947367,0.25,0.10526315789473684,,0.8709677419354839,,0.6029819672131148,0.6261857142857142,0.6146333333333334,0.08955223880597014,0.13333333333333333,0.358974358974359,0.3076923076923077,2.3325000000000005,25.86818181818182,0.3128930817610063,4.0,3.0,,0.2,,1.0,8.0,15.0,4.0,,3.0,3.0,2.0,2.0,0.0625,0.12195121951219512,0.1076923076923077,0.16666666666666666,0.15384615384615385,1.0,0.05555555555555555,16.0,3.0,1.0,1.0,,5.0,1.0,1.0,,,0.13636363636363635,0.175,,1.0,,,,,,,1.0,False,,,1.0,,1.0,,,
1629029,1610612747,Luka Dončić,Luka Dončić,1629029,LAL,23258.0,388,90.0,794,784,175.0,169,95.0,1578,33.0,46.0,11.0,13.0,7.0,12.0,14.0,44.0,7.0,24.0,2.0,8.0,2.0,6.0,,2.0,33.0,101.0,3.0,8.0,9.0,27.0,54.0,114.0,35.0,109.0,71.0,284.0,843,11.0,19.0,5.0,14.0,6.0,43.0,12.0,27.0,9.0,29.0,21.0,72.0,40.0,68.0,42.0,100.0,33.0,8.0,57.0,35.0,92.0,17.0,11.0,1.0,219.0,8.0,36.0,43.0,5.0,84.0,11.0,95.0,20.0,16.0,4.0,36.0,22.0,46.0,14.0,28.0,62.0,,2.0,93.0,8.0,41.0,4.0,1.0,3.0,5.0,3.0,,72.0,174.0,,0.37037037037037035,0.39215686274509803,0.4,0.3211009174311927,0.35714285714285715,0.3103448275862069,0.32407407407407407,0.47368421052631576,0.5789473684210527,0.4444444444444444,0.47757847533632286,0.5606060606060606,0.45535714285714285,0.5378787878787878,0.581081081081081,0.5294117647058824,0.48878923766816146,0.07017543859649122,0.045454545454545456,34.178610804851154,0.782608695652174,0.3125,0.2205128205128205,0.17475728155339806,0.035555555555555556,0.1970074812967581,0.029649595687331536,0.03571428571428571,0.03508771929824561,0.2391304347826087,0.2727272727272727,0.176056338028169,0.6,0.2062780269058296,0.717391304347826,0.8048780487804879,0.48484848484848486,0.19730941704035873,0.3181818181818182,0.3333333333333333,0.21428571428571427,0.10762331838565023,0.2916666666666667,0.30434782608695654,0.14285714285714285,0.03587443946188341,0.25,0.25,1.0,0.452914798206278,0.32673267326732675,0.3333333333333333,0.36363636363636365,0.3939393939393939,0.8461538461538461,0.45454545454545453,0.18181818181818182,0.3333333333333333,1.0,0.24242424242424243,0.375,0.6666666666666666,0.21428571428571427,0.5833333333333334,0.03571428571428571,,0.48214285714285715,0.3333333333333333,0.695067264573991,0.33,0.5187415525114155,0.5152178571428572,0.5109182692307691,0.16988416988416988,0.2789115646258503,0.15140845070422534,0.2535211267605634,8.225438596491228,27.86422018348623,0.22040302267002518,18.0,10.0,2.0,0.171875,63.0,1.0,45.0,3.0,3.0,6.0,14.0,7.0,5.0,5.0,0.10869565217391304,0.02054794520547945,,0.17142857142857143,0.025210084033613446,1.0,0.04,6.0,,,,,2.0,1.0,1.0,,,,0.038461538461538464,2.0,1.0,3.0,0.01834862385321101,0.019801980198019802,0.026785714285714284,0.041666666666666664,,1.0,False,,,,,,,,
1641998,1610612747,Trey Jemison III,Trey Jemison III,1641998,LAL,9810.0,164,29.0,328,325,126.0,106,33.0,653,17.0,22.0,2.0,4.0,10.0,12.0,2.0,10.0,,,,,,,,,,,,,,,19.0,32.0,,,4.0,42.0,366,2.0,5.0,,,1.0,5.0,12.0,15.0,,,3.0,27.0,34.0,4.0,,,,3.0,,4.0,4.0,2.0,,,12.0,2.0,14.0,12.0,3.0,29.0,11.0,40.0,1.0,1.0,,3.0,2.0,7.0,20.0,35.0,6.0,,,10.0,,3.0,7.0,2.0,5.0,7.0,4.0,2.0,27.0,126.0,4.0,0.8947368421052632,1.0,,,,,,0.59375,0.4,0.8,0.59375,0.4,0.8,0.5675675675675675,0.4166666666666667,0.7105263157894737,,0.09375,0.1,12.087912087912088,0.42857142857142855,0.3333333333333333,0.16,0.14,0.03636363636363636,0.14857142857142858,0.088,0.047619047619047616,,0.15625,0.1875,0.12857142857142856,0.5714285714285714,0.6875,0.7727272727272727,0.85,0.8823529411764706,0.3125,0.2,0.2222222222222222,1.0,,,,,,,,,,,,,0.8,0.5,,,,,,,,0.8,0.8333333333333334,,,,,0.6875,,0.545878125,0.559875,0.5476266666666666,0.08571428571428572,0.08571428571428572,0.11904761904761904,0.6428571428571429,3.81875,,0.38414634146341464,2.0,4.0,,0.16666666666666666,,,,9.0,,,1.0,1.0,2.0,2.0,0.09090909090909091,0.12857142857142856,0.08571428571428572,0.14814814814814814,,5.0,0.06666666666666667,4.0,,,1.0,1.0,1.0,,,2.0,,,0.25,,2.0,,,,,,,1.0,False,,,,,,,,
1630692,1610612747,Jordan Goodwin,Jordan Goodwin,1630692,LAL,9460.0,158,18.0,320,320,100.0,93,47.0,640,6.0,12.0,1.0,4.0,1.0,3.0,8.0,11.0,3.0,5.0,5.0,7.0,1.0,1.0,,1.0,4.0,13.0,,1.0,,4.0,17.0,28.0,9.0,20.0,2.0,63.0,344,3.0,7.0,1.0,2.0,1.0,10.0,3.0,6.0,,5.0,1.0,7.0,14.0,20.0,24.0,13.0,4.0,2.0,3.0,3.0,6.0,1.0,1.0,,15.0,8.0,12.0,11.0,,23.0,14.0,37.0,9.0,3.0,6.0,4.0,2.0,10.0,10.0,12.0,3.0,,1.0,3.0,1.0,1.0,2.0,2.0,,2.0,1.0,,7.0,99.0,,0.4117647058823529,0.4666666666666667,0.8888888888888888,0.45,0.5,,0.45,0.6071428571428571,0.42857142857142855,0.5,0.6354166666666666,0.5,0.2727272727272727,0.6428571428571429,0.5,0.2916666666666667,0.4166666666666667,0.07142857142857142,0.09090909090909091,15.775401069518715,0.4,,0.171875,0.12903225806451613,0.11764705882352941,0.1464968152866242,0.0945945945945946,0.15384615384615385,,0.16666666666666666,0.3,0.12698412698412698,0.5,0.25,0.5,0.5454545454545454,0.16666666666666666,0.22916666666666666,0.7272727272727273,0.8,0.625,0.10416666666666667,0.6,0.6,0.3333333333333333,0.14583333333333334,0.7142857142857143,0.7142857142857143,1.0,0.2708333333333333,0.3076923076923077,0.3076923076923077,0.75,0.4444444444444444,0.25,,0.1111111111111111,1.0,1.0,0.1111111111111111,,,0.2727272727272727,0.3333333333333333,0.09090909090909091,,0.36363636363636365,,0.6666666666666666,0.3076923076923077,0.5352427083333334,0.50369,0.5373636363636364,0.020833333333333332,0.03571428571428571,0.15873015873015872,0.1111111111111111,6.8964285714285705,24.87,0.3125,2.0,6.0,1.0,0.13333333333333333,3.0,,2.0,6.0,1.0,3.0,2.0,2.0,1.0,1.0,0.08333333333333333,0.075,0.05,0.125,0.05263157894736842,,0.05555555555555555,4.0,,,1.0,1.0,1.0,,,,,,0.13636363636363635,,,,,,,,,,False,,,,,,,,
202693,1610612747,Markieff Morris,Markieff Morris,202693,LAL,746.0,12,-5.0,27,26,2.0,7,2.0,53,,,,,,,,1.0,,,,1.0,,,,,2.0,3.0,,,,,,1.0,2.0,4.0,,6.0,30,,1.0,,,,,,,,,,,,,6.0,3.0,2.0,,2.0,,2.0,,1.0,,4.0,,1.0,,,1.0,,1.0,,,,1.0,,1.0,,2.0,,,,,,,,,,,,,,2.0,1.0,,,1.0,0.5,,,0.5,,,,0.6,,,0.6,,,0.8,,,20.689655172413794,1.0,,,0.1111111111111111,,0.09090909090909091,,,,,,0.125,,,,,,0.2,,,,,,,,0.2,,,,0.6,0.6666666666666666,0.6666666666666666,1.0,,,,,,,,,,,,,,,,0.8,0.6666666666666666,0.52982,0.466,,,,,,10.8,24.700000000000003,0.07407407407407407,,,,,,,1.0,,,,1.0,,,,,,,,,,,,,,,,,,,,,,,,,,,,,,,,False,,,,,,,,
1641720,1610612747,Jalen Hood-Schifino,Jalen Hood-Schifino,1641720,LAL,848.0,14,8.0,32,29,17.0,18,2.0,61,,,,,,,,,1.0,1.0,,,,,,,,,,,,,1.0,1.0,,,2.0,4.0,30,,,,,,,1.0,1.0,,,2.0,4.0,,2.0,,,,,1.0,,1.0,,1.0,,2.0,,,,,,1.0,1.0,,,,1.0,,1.0,2.0,3.0,2.0,,,2.0,,,1.0,,1.0,1.0,,,4.0,17.0,,,,,,,,,1.0,,1.0,1.0,,1.0,1.0,,1.0,,,,8.823529411764705,1.0,,,,,,0.09090909090909091,,,,,,,,,,,,,,,1.0,1.0,1.0,,,,,,,,,,,,,,,,,,,,,,,,,,,0.4493,,0.4493,,,,1.0,15.5,,0.53125,,,,,,,,1.0,,,1.0,1.0,1.0,1.0,,0.14285714285714285,,,,,0.3333333333333333,,,,,,,,,,,,,,,,,,,,,,False,,,,,,,,
