EntityId,TeamId,Name,ShortName,RowId,TeamAbbreviation,SecondsPlayed,Minutes,PlusMinus,OffPoss,DefPoss,PenaltyOffPoss,PenaltyDefPoss,SecondChanceOffPoss,TotalPoss,AtRimFGM,AtRimFGA,SecondChanceAtRimFGM,SecondChanceAtRimFGA,PenaltyAtRimFGM,PenaltyAtRimFGA,ShortMidRangeFGM,ShortMidRangeFGA,FG2M,FG2A,FtPoints,Points,OpponentPoints,SecondChanceFG2M,SecondChanceFG2A,SecondChancePoints,PenaltyFG2M,PenaltyFG2A,PenaltyPoints,PtsAssisted2s,PtsUnassisted2s,PtsPutbacks,TwoPtAssists,ThreePtAssists,Assists,Arc3Assists,Corner3Assists,AtRimAssists,ShortMidRangeAssists,LongMidRangeAssists,AssistPoints,OffThreePtRebounds,OffTwoPtRebounds,DefThreePtRebounds,DefTwoPtRebounds,FTDefRebounds,DefRebounds,OffRebounds,Rebounds,SelfOReb,Steals,BadPassSteals,LostBallSteals,LiveBallTurnovers,BadPassOutOfBoundsTurnovers,BadPassTurnovers,DeadBallTurnovers,LostBallOutOfBoundsTurnovers,LostBallTurnovers,Travels,Turnovers,PenaltyTurnovers,ShootingFouls,Fouls,Loose Ball Fouls,FoulsDrawn,Offensive Fouls Drawn,FTA,2pt And 1 Free Throw Trips,TwoPtShootingFoulsDrawn,Blocked2s,Blocked3s,BlockedArc3,BlockedAtRim,BlockedShortMidRange,Blocks,RecoveredBlocks,PenaltyPointsExcludingTakeFouls,PenaltyOffPossExcludingTakeFouls,NonShootingPenaltyNonTakeFouls,Assisted2sPct,NonPutbacksAssisted2sPct,Fg2Pct,SecondChanceFg2Pct,PenaltyFg2Pct,EfgPct,SecondChanceEfgPct,PenaltyEfgPct,TsPct,SecondChanceTsPct,PenaltyTsPct,Usage,LiveBallTurnoverPct,DefFTReboundPct,DefTwoPtReboundPct,OffTwoPtReboundPct,DefThreePtReboundPct,OffThreePtReboundPct,DefFGReboundPct,OffFGReboundPct,OffAtRimReboundPct,OffShortMidRangeReboundPct,OffLongMidRangeReboundPct,OffArc3ReboundPct,OffCorner3ReboundPct,DefAtRimReboundPct,DefShortMidRangeReboundPct,DefLongMidRangeReboundPct,DefArc3ReboundPct,DefCorner3ReboundPct,SelfORebPct,BlocksRecoveredPct,AtRimFrequency,AtRimAccuracy,UnblockedAtRimAccuracy,AtRimPctAssisted,ShortMidRangeFrequency,ShortMidRangeAccuracy,UnblockedShortMidRangeAccuracy,ShortMidRangePctAssisted,SecondChanceAtRimFrequency,SecondChanceAtRimAccuracy,PenaltyAtRimFrequency,PenaltyAtRimAccuracy,AtRimFG3AFrequency,ShotQualityAvg,SecondChanceShotQualityAvg,PenaltyShotQualityAvg,ShootingFoulsDrawnPct,TwoPtShootingFoulsDrawnPct,SecondChancePointsPct,PenaltyPointsPct,Avg2ptShotDistance,PenaltyOffPossPct,Corner3FGM,Corner3FGA,SecondChanceCorner3FGA,PenaltyCorner3FGM,PenaltyCorner3FGA,Arc3FGM,Arc3FGA,SecondChanceArc3FGM,SecondChanceArc3FGA,PenaltyArc3FGM,PenaltyArc3FGA,FG3M,FG3A,SecondChanceFG3M,SecondChanceFG3A,SecondChanceFtPoints,PenaltyFG3M,PenaltyFG3A,PenaltyFtPoints,PtsAssisted3s,PtsUnassisted3s,NonHeaveArc3FGA,NonHeaveArc3FGM,Fg2aBlocked,Fg3aBlocked,FTOffRebounds,SecondChanceTurnovers,Charge Fouls,Charge Fouls Drawn,Loose Ball Fouls Drawn,NonShootingFoulsDrawn,DefensiveGoaltends,NonShootingPenaltyNonTakeFoulsDrawn,Assisted3sPct,Fg3Pct,SecondChanceFg3Pct,PenaltyFg3Pct,NonHeaveFg3Pct,FG3APct,FG3APctBlocked,FG2APctBlocked,AtRimPctBlocked,ShortMidRangePctBlocked,Arc3PctBlocked,OffFTReboundPct,Corner3Frequency,Corner3Accuracy,UnblockedCorner3Accuracy,Corner3PctAssisted,Arc3Frequency,Arc3Accuracy,UnblockedArc3Accuracy,Arc3PctAssisted,SecondChanceAtRimPctAssisted,SecondChanceCorner3Frequency,SecondChanceArc3Frequency,SecondChanceArc3Accuracy,SecondChanceArc3PctAssisted,PenaltyCorner3Frequency,PenaltyCorner3Accuracy,PenaltyArc3Frequency,PenaltyArc3Accuracy,NonHeaveArc3Accuracy,Avg3ptShotDistance,Offensive Fouls,Defensive 3 Seconds Violations,LongMidRangeFGM,LongMidRangeFGA,SecondChanceCorner3FGM,StepOutOfBoundsTurnovers,Technical Free Throw Trips,ThreePtShootingFoulsDrawn,BlockedCorner3,LongMidRangeFrequency,LongMidRangeAccuracy,UnblockedLongMidRangeAccuracy,LongMidRangePctAssisted,SecondChanceCorner3Accuracy,SecondChanceCorner3PctAssisted,ThreePtShootingFoulsDrawnPct,HeaveAttempts,Transition Take Fouls,3pt And 1 Free Throw Trips,Transition Take Fouls Drawn,Corner3PctBlocked,on,3SecondViolations,LongMidRangePctBlocked,Clear Path Fouls,OffensiveGoaltends,BlockedLongMidRange,HeaveMakes
1627732,1610612751,Ben Simmons,Ben Simmons,1627732,BKN,10783.0,180,19.0,362,367,56.0,44.0,28.0,729,21.0,28.0,3.0,4.0,2.0,3.0,4.0,14.0,25.0,42.0,3.0,53.0,424.0,3.0,5.0,6.0,2.0,3.0,4.0,30.0,20.0,6.0,28.0,30.0,58.0,19.0,11.0,21.0,4.0,3.0,146.0,5.0,6.0,23.0,14.0,3.0,40.0,11.0,51.0,1.0,6.0,4.0,2.0,9.0,5.0,6.0,9.0,1.0,3.0,2.0,18.0,2.0,12.0,26.0,1.0,8.0,2.0,4.0,2.0,3.0,6.0,1.0,1.0,3.0,3.0,7.0,4.0,4.0,56.0,1.0,0.6,0.6818181818181818,0.5952380952380952,0.6,0.6666666666666666,0.5952380952380952,0.6,0.6666666666666666,0.6162790697674418,0.6,0.6666666666666666,15.48223350253807,0.5,0.5,0.175,0.0952380952380952,0.3066666666666666,0.0581395348837209,0.2387096774193548,0.0738255033557047,0.0714285714285714,0.0689655172413793,0.3333333333333333,0.044776119402985,0.1052631578947368,0.2,0.1428571428571428,0.2,0.3191489361702128,0.2857142857142857,0.0588235294117647,0.5714285714285714,0.6666666666666666,0.75,0.75,0.6190476190476191,0.3333333333333333,0.2857142857142857,0.2857142857142857,0.5,0.8,0.75,1.0,0.6666666666666666,0.6666666666666666,0.5904904761904762,0.5508,0.5780333333333334,0.0697674418604651,0.0697674418604651,0.1132075471698113,0.0754716981132075,3.64047619047619,0.154696132596685,,,,,,,,,,,,,,,,,,,,,,,,,,,,,,,,,,,,,,,,,,,,,,,,,,,,,,,,,,,,,,,,,,,,,,,,,,,,,,,,,,,,,,True,,,,,,
1627827,1610612751,Dorian Finney-Smith,Dorian Finney-Smith,1627827,BKN,22700.0,378,62.0,759,752,196.0,172.0,75.0,1511,18.0,30.0,7.0,12.0,1.0,1.0,1.0,3.0,19.0,33.0,7.0,150.0,888.0,7.0,13.0,23.0,1.0,1.0,39.0,26.0,12.0,10.0,11.0,9.0,20.0,9.0,,7.0,3.0,1.0,49.0,12.0,11.0,10.0,17.0,4.0,31.0,24.0,55.0,2.0,12.0,6.0,6.0,4.0,1.0,3.0,4.0,,1.0,2.0,8.0,2.0,22.0,42.0,6.0,14.0,1.0,12.0,2.0,4.0,7.0,,,6.0,1.0,7.0,4.0,38.0,194.0,2.0,0.6842105263157895,0.9285714285714286,0.5757575757575758,0.5384615384615384,1.0,0.6441441441441441,0.5555555555555556,0.7608695652173914,0.646551724137931,0.6052631578947368,0.75,14.814814814814817,0.5,0.2222222222222222,0.1,0.0780141843971631,0.0602409638554216,0.0670391061452514,0.0803571428571428,0.071875,0.0857142857142857,0.0555555555555555,0.1176470588235294,0.0601503759398496,0.0869565217391304,0.1,0.1216216216216216,0.0384615384615384,0.0598290598290598,0.0612244897959183,0.0408163265306122,0.5714285714285714,0.2702702702702703,0.6,0.6428571428571429,0.6666666666666666,0.027027027027027,0.3333333333333333,1.0,1.0,0.6666666666666666,0.5833333333333334,0.0434782608695652,1.0,0.972972972972973,0.5851959459459459,0.540435,0.5219173913043479,0.0353982300884955,0.1142857142857142,0.1533333333333333,0.26,1.8636363636363635,0.2582345191040843,12.0,32.0,1.0,3.0,9.0,23.0,46.0,2.0,4.0,8.0,13.0,35.0,78.0,2.0,5.0,3.0,11.0,22.0,4.0,102.0,3.0,46.0,23.0,4.0,1.0,1.0,1.0,1.0,1.0,3.0,3.0,1.0,2.0,0.9714285714285714,0.4487179487179487,0.4,0.5,0.4487179487179487,0.7027027027027027,0.0128205128205128,0.1212121212121212,0.0666666666666666,0.6666666666666666,0.0217391304347826,0.1,0.2882882882882883,0.375,0.375,0.9166666666666666,0.4144144144144144,0.5,0.5111111111111111,1.0,0.1428571428571428,0.0555555555555555,0.2222222222222222,0.5,1.0,0.391304347826087,0.3333333333333333,0.5652173913043478,0.6153846153846154,0.5,24.70769230769231,,,,,,,,,,,,,,,,,,,,,,True,,,,,,
1629651,1610612751,Nic Claxton,Nic Claxton,1629651,BKN,23227.0,387,-12.0,761,750,200.0,224.0,91.0,1511,50.0,69.0,12.0,18.0,14.0,16.0,17.0,39.0,67.0,108.0,17.0,151.0,864.0,14.0,23.0,29.0,17.0,25.0,38.0,92.0,42.0,18.0,20.0,14.0,34.0,9.0,5.0,8.0,5.0,7.0,82.0,18.0,13.0,45.0,35.0,8.0,88.0,31.0,119.0,5.0,12.0,8.0,4.0,7.0,1.0,3.0,10.0,,4.0,2.0,17.0,4.0,17.0,36.0,2.0,38.0,1.0,37.0,3.0,15.0,15.0,1.0,1.0,9.0,6.0,16.0,10.0,38.0,199.0,1.0,0.6865671641791045,0.7931034482758621,0.6203703703703703,0.6086956521739131,0.68,0.6036036036036037,0.5833333333333334,0.6296296296296297,0.594488188976378,0.58,0.59375,16.763678696158323,0.4117647058823529,0.4210526315789473,0.2160493827160493,0.0751445086705202,0.2472527472527472,0.0978260869565217,0.2325581395348837,0.0868347338935574,0.0571428571428571,0.108433734939759,,0.0902255639097744,0.1176470588235294,0.1714285714285714,0.3015873015873015,0.1379310344827586,0.2741935483870967,0.1896551724137931,0.1282051282051282,0.625,0.6216216216216216,0.7246376811594203,0.746268656716418,0.6,0.3513513513513513,0.4358974358974359,0.4594594594594595,0.9411764705882352,0.75,0.6666666666666666,0.5925925925925926,0.875,0.6486486486486487,0.5860603603603605,0.5536833333333334,0.5829703703703705,0.1219512195121951,0.125,0.1920529801324503,0.2516556291390728,3.866666666666666,0.2628120893561104,,1.0,1.0,,1.0,,2.0,,,,1.0,,3.0,,1.0,1.0,,2.0,4.0,,,2.0,,4.0,,,1.0,,,2.0,4.0,3.0,4.0,,,,,,0.027027027027027,,0.037037037037037,0.0289855072463768,0.0512820512820512,,,0.009009009009009,,,,0.018018018018018,,,,0.0833333333333333,0.0416666666666666,,,,0.037037037037037,,0.037037037037037,,,25.0,7.0,1.0,,,,,,,,,,,,,,,,,,,,True,,,,,,
1629661,1610612751,Cameron Johnson,Cameron Johnson,1629661,BKN,29922.0,499,14.0,1007,998,265.0,238.0,101.0,2005,29.0,42.0,4.0,8.0,7.0,11.0,6.0,19.0,39.0,69.0,47.0,272.0,1176.0,5.0,9.0,33.0,9.0,20.0,64.0,50.0,28.0,6.0,21.0,20.0,41.0,14.0,6.0,15.0,6.0,,102.0,4.0,8.0,21.0,29.0,3.0,53.0,12.0,65.0,2.0,13.0,11.0,2.0,10.0,1.0,6.0,5.0,2.0,4.0,,15.0,4.0,11.0,27.0,3.0,38.0,3.0,52.0,2.0,16.0,5.0,1.0,,2.0,3.0,6.0,3.0,64.0,264.0,5.0,0.6410256410256411,0.6944444444444444,0.5652173913043478,0.5555555555555556,0.45,0.6215469613259669,0.6944444444444444,0.5487804878048781,0.6560975609756098,0.75,0.6176470588235294,19.53405017921147,0.6666666666666666,0.1428571428571428,0.1277533039647577,0.0390243902439024,0.0963302752293578,0.0168776371308016,0.1123595505617977,0.0271493212669683,0.0198019801980198,0.036144578313253,0.1428571428571428,0.023391812865497,,0.1333333333333333,0.1047619047619047,0.1875,0.1176470588235294,0.0461538461538461,0.0238095238095238,0.5,0.2320441988950276,0.6904761904761905,0.7837837837837838,0.6896551724137931,0.1049723756906077,0.3157894736842105,0.375,0.3333333333333333,0.4444444444444444,0.5,0.2682926829268293,0.6363636363636364,0.850828729281768,0.5637458333333333,0.5501272727272727,0.5296878048780488,0.086734693877551,0.1927710843373494,0.1213235294117647,0.2352941176470588,5.389855072463767,0.2631578947368421,12.0,25.0,1.0,2.0,4.0,37.0,87.0,4.0,8.0,7.0,17.0,49.0,112.0,5.0,9.0,8.0,9.0,21.0,19.0,135.0,12.0,87.0,37.0,8.0,,,2.0,1.0,,2.0,9.0,,7.0,0.9183673469387756,0.4375,0.5555555555555556,0.4285714285714285,0.4375,0.6187845303867403,,0.1159420289855072,0.119047619047619,0.1578947368421052,,,0.1381215469613259,0.48,0.48,1.0,0.4806629834254143,0.425287356321839,0.425287356321839,0.8918918918918919,0.25,0.0555555555555555,0.4444444444444444,0.5,1.0,0.0975609756097561,0.5,0.4146341463414634,0.4117647058823529,0.425287356321839,25.70714285714285,,,4.0,8.0,1.0,1.0,3.0,1.0,1.0,0.0441988950276243,0.5,0.5,0.75,1.0,1.0,0.0088495575221238,,,,,,True,,,,,,
203471,1610612751,Dennis Schröder,Dennis Schröder,203471,BKN,46329.0,772,-2.0,1549,1536,405.0,441.0,169.0,3085,46.0,81.0,1.0,3.0,9.0,21.0,24.0,63.0,89.0,175.0,72.0,424.0,1825.0,1.0,5.0,31.0,22.0,54.0,116.0,40.0,138.0,,75.0,77.0,152.0,57.0,20.0,51.0,22.0,2.0,381.0,,3.0,36.0,27.0,1.0,64.0,4.0,68.0,,26.0,20.0,6.0,39.0,9.0,29.0,20.0,2.0,10.0,3.0,59.0,18.0,23.0,56.0,3.0,81.0,9.0,81.0,7.0,25.0,4.0,,,,4.0,4.0,4.0,114.0,402.0,4.0,0.2247191011235955,0.2247191011235955,0.5085714285714286,0.2,0.4074074074074074,0.5415384615384615,0.5,0.4230769230769231,0.5870786516853933,0.5769230769230769,0.5180180180180181,23.946912867859208,0.6610169491525424,0.0238095238095238,0.0818181818181818,0.009375,0.1065088757396449,,0.0943113772455089,0.0042492917847025,0.0133333333333333,0.0071942446043165,,,,0.0763888888888889,0.074074074074074,0.1176470588235294,0.0948275862068965,0.1320754716981132,,1.0,0.2492307692307692,0.5679012345679012,0.6764705882352942,0.2826086956521739,0.1938461538461538,0.3809523809523809,0.4363636363636363,0.125,0.1304347826086956,0.3333333333333333,0.2307692307692307,0.4285714285714285,0.7107692307692308,0.5172054012345678,0.5419571428571429,0.4839683333333333,0.0755813953488372,0.1295336787564766,0.0731132075471698,0.2735849056603773,7.075428571428573,0.2614590058102001,7.0,14.0,2.0,1.0,2.0,51.0,136.0,7.0,16.0,10.0,35.0,58.0,150.0,7.0,18.0,8.0,11.0,37.0,39.0,117.0,57.0,135.0,51.0,21.0,3.0,1.0,2.0,,5.0,3.0,12.0,,11.0,0.6724137931034483,0.3866666666666666,0.3888888888888889,0.2972972972972973,0.3892617449664429,0.4615384615384615,0.02,0.12,0.1604938271604938,0.1269841269841269,0.0220588235294117,0.0303030303030303,0.043076923076923,0.5,0.5,1.0,0.4184615384615384,0.375,0.3834586466165413,0.6274509803921569,1.0,0.0869565217391304,0.6956521739130435,0.4375,0.8571428571428571,0.0219780219780219,0.5,0.3846153846153846,0.2857142857142857,0.3777777777777777,26.08933333333333,4.0,,19.0,31.0,,1.0,9.0,1.0,,0.0953846153846153,0.6129032258064516,0.6129032258064516,0.2105263157894736,,,0.0066225165562913,1.0,1.0,,,,True,,,,,,
1630560,1610612751,Cam Thomas,Cam Thomas,1630560,BKN,21964.0,366,8.0,736,726,169.0,165.0,72.0,1462,21.0,35.0,1.0,5.0,9.0,13.0,24.0,47.0,60.0,110.0,65.0,284.0,882.0,3.0,8.0,19.0,18.0,29.0,71.0,64.0,56.0,,19.0,15.0,34.0,8.0,7.0,17.0,1.0,1.0,83.0,2.0,2.0,21.0,15.0,1.0,37.0,4.0,41.0,1.0,8.0,6.0,2.0,22.0,2.0,10.0,11.0,3.0,12.0,2.0,33.0,8.0,12.0,23.0,1.0,56.0,5.0,72.0,7.0,28.0,1.0,,,1.0,,1.0,,71.0,168.0,1.0,0.5333333333333333,0.5333333333333333,0.5454545454545454,0.375,0.6206896551724138,0.5644329896907216,0.5,0.5217391304347826,0.6316964285714286,0.5277777777777778,0.6140350877192983,31.65024630541872,0.6666666666666666,0.0588235294117647,0.0914634146341463,0.0137931034482758,0.1257485029940119,0.0112359550561797,0.1087613293051359,0.0123839009287925,0.0161290322580645,0.0163934426229508,,0.0078740157480314,0.0196078431372549,0.0666666666666666,0.1012658227848101,0.12,0.1452991452991453,0.08,0.0119047619047619,,0.1804123711340206,0.6,0.7777777777777778,0.5238095238095238,0.2422680412371134,0.5106382978723404,0.5714285714285714,0.5,0.2777777777777778,0.2,0.2826086956521739,0.6923076923076923,0.6134020618556701,0.5138118556701031,0.5271363636363637,0.5134510869565218,0.146788990825688,0.2137404580152671,0.0669014084507042,0.25,8.977272727272727,0.2296195652173913,2.0,12.0,2.0,,2.0,31.0,72.0,3.0,8.0,4.0,15.0,33.0,84.0,4.0,10.0,1.0,4.0,17.0,23.0,48.0,51.0,72.0,31.0,13.0,,,1.0,1.0,,1.0,6.0,,6.0,0.4848484848484848,0.3928571428571428,0.4,0.2352941176470588,0.3928571428571428,0.4329896907216495,,0.1181818181818181,0.2285714285714285,0.1063829787234042,,,0.0618556701030927,0.1666666666666666,0.1666666666666666,0.5,0.3711340206185567,0.4305555555555556,0.4305555555555556,0.4838709677419355,,0.1111111111111111,0.4444444444444444,0.375,1.0,0.0434782608695652,,0.3260869565217391,0.2666666666666666,0.4305555555555556,25.67619047619048,2.0,,15.0,28.0,1.0,1.0,1.0,4.0,,0.1443298969072164,0.5357142857142857,0.5357142857142857,0.6,0.5,1.0,0.0459770114942528,,,1.0,,,True,,,,,,
1630592,1610612751,Jalen Wilson,Jalen Wilson,1630592,BKN,19785.0,330,1.0,658,650,191.0,220.0,83.0,1308,14.0,21.0,3.0,3.0,,1.0,8.0,13.0,23.0,35.0,17.0,117.0,782.0,3.0,3.0,17.0,,2.0,17.0,30.0,16.0,6.0,5.0,18.0,23.0,15.0,3.0,3.0,2.0,,64.0,7.0,7.0,14.0,23.0,3.0,40.0,14.0,54.0,2.0,5.0,3.0,2.0,3.0,,3.0,5.0,,,2.0,8.0,2.0,14.0,33.0,3.0,19.0,1.0,19.0,3.0,11.0,,,,,,,,17.0,190.0,2.0,0.6521739130434783,0.75,0.6571428571428571,1.0,,0.5882352941176471,0.75,0.5,0.6290322580645161,0.85,0.53125,13.466666666666669,0.375,0.1363636363636363,0.1869918699186991,0.0542635658914728,0.096551724137931,0.0393258426966292,0.1380597014925373,0.0456026058631921,0.0571428571428571,0.0566037735849056,,0.0381679389312977,0.0425531914893617,0.1864406779661017,0.125,0.375,0.1030927835051546,0.0833333333333333,0.0526315789473684,,0.2470588235294117,0.6666666666666666,0.7777777777777778,0.5714285714285714,0.1529411764705882,0.6153846153846154,0.8,0.875,0.5,1.0,0.0666666666666666,,0.8352941176470589,0.5224223529411764,0.5733916666666666,0.5216466666666667,0.1182795698924731,0.2558139534883721,0.1452991452991453,0.1452991452991453,4.420000000000001,0.290273556231003,3.0,12.0,,2.0,5.0,15.0,38.0,1.0,3.0,3.0,8.0,18.0,50.0,1.0,3.0,8.0,5.0,13.0,2.0,54.0,,38.0,15.0,6.0,,,1.0,2.0,,1.0,,,,1.0,0.36,0.3333333333333333,0.3846153846153846,0.36,0.5882352941176471,,0.1714285714285714,0.1428571428571428,0.2307692307692307,,,0.1411764705882353,0.25,0.25,1.0,0.4470588235294118,0.3947368421052631,0.3947368421052631,1.0,,,0.5,0.3333333333333333,1.0,0.3333333333333333,0.4,0.5333333333333333,0.375,0.3947368421052631,25.224,1.0,,1.0,1.0,,,,,,0.0117647058823529,1.0,1.0,,,,,,,,1.0,,True,,,,,,
1630533,1610612751,Ziaire Williams,Ziaire Williams,1630533,BKN,16603.0,277,-28.0,546,549,168.0,188.0,72.0,1095,17.0,34.0,5.0,10.0,8.0,15.0,3.0,12.0,20.0,48.0,23.0,87.0,660.0,5.0,10.0,10.0,9.0,20.0,28.0,26.0,14.0,8.0,8.0,7.0,15.0,6.0,1.0,4.0,3.0,1.0,37.0,8.0,5.0,28.0,13.0,6.0,47.0,13.0,60.0,3.0,13.0,11.0,2.0,6.0,,5.0,3.0,1.0,1.0,1.0,9.0,5.0,12.0,35.0,2.0,22.0,2.0,29.0,,9.0,4.0,,,2.0,2.0,4.0,3.0,26.0,166.0,9.0,0.65,0.8125,0.4166666666666667,0.5,0.45,0.3764705882352941,0.4166666666666667,0.3,0.4393939393939394,0.4166666666666667,0.3888888888888889,17.28,0.6666666666666666,0.3529411764705882,0.1192660550458715,0.04,0.2393162393162393,0.0555555555555555,0.1814159292035398,0.0483271375464684,,0.0625,0.0833333333333333,0.0471698113207547,0.0789473684210526,0.1111111111111111,0.131578947368421,0.1176470588235294,0.2375,0.2432432432432432,0.0697674418604651,0.75,0.4,0.5,0.68,0.5882352941176471,0.1411764705882353,0.25,0.3,1.0,0.8333333333333334,0.5,0.5,0.5333333333333333,0.8352941176470589,0.577451204819277,0.5668428571428572,0.5762339285714286,0.1052631578947368,0.1578947368421052,0.1149425287356321,0.3218390804597701,3.63125,0.3076923076923077,3.0,17.0,,,4.0,5.0,20.0,,2.0,,6.0,8.0,37.0,,2.0,,,10.0,10.0,24.0,,18.0,5.0,11.0,,,1.0,1.0,,2.0,4.0,,3.0,1.0,0.2162162162162162,,,0.2285714285714285,0.4352941176470588,,0.2291666666666666,0.2647058823529412,0.1666666666666666,,,0.2,0.1764705882352941,0.1764705882352941,1.0,0.2352941176470588,0.25,0.25,1.0,0.2,,0.1666666666666666,,,0.1333333333333333,,0.2,,0.2777777777777778,26.30540540540541,,1.0,,2.0,,,,1.0,,0.0235294117647058,,,,,,0.0263157894736842,2.0,,,,,True,,,,,,
1630549,1610612751,Day'Ron Sharpe,Day'Ron Sharpe,1630549,BKN,1300.0,22,16.0,50,47,23.0,17.0,3.0,97,1.0,4.0,,1.0,1.0,2.0,1.0,1.0,2.0,5.0,4.0,11.0,49.0,,1.0,,1.0,2.0,4.0,2.0,2.0,,1.0,2.0,3.0,1.0,1.0,1.0,,,8.0,,1.0,1.0,2.0,,3.0,1.0,4.0,,1.0,,1.0,,,,,,,,,,2.0,3.0,,3.0,,4.0,,2.0,,,,,,,,4.0,23.0,,0.5,0.5,0.4,,0.5,0.5,,0.3333333333333333,0.6111111111111112,,0.5,16.9811320754717,,,0.2222222222222222,0.125,0.1111111111111111,,0.1666666666666666,0.0625,0.3333333333333333,,,,,,0.4,,0.1428571428571428,,,,0.5714285714285714,0.25,0.25,,0.1428571428571428,1.0,1.0,1.0,1.0,,0.6666666666666666,0.5,0.8571428571428571,0.56315,0.5533,0.5429333333333334,0.2222222222222222,0.2857142857142857,,0.3636363636363636,2.18,0.46,1.0,2.0,,,1.0,,,,,,,1.0,2.0,,,,,1.0,2.0,3.0,,,,,,,,,,,,,,1.0,0.5,,,0.5,0.2857142857142857,,,,,,,0.2857142857142857,0.5,0.5,1.0,,,,,,,,,,0.3333333333333333,,,,,23.0,,,,,,,,,,,,,,,,,,,,,,True,,,,,,
1630553,1610612751,Keon Johnson,Keon Johnson,1630553,BKN,12835.0,214,-65.0,426,431,88.0,129.0,45.0,857,6.0,16.0,1.0,3.0,,2.0,,3.0,6.0,19.0,2.0,59.0,528.0,1.0,3.0,4.0,,2.0,9.0,10.0,2.0,2.0,8.0,4.0,12.0,3.0,1.0,4.0,3.0,1.0,28.0,7.0,1.0,12.0,17.0,,29.0,9.0,38.0,2.0,6.0,5.0,1.0,8.0,,6.0,3.0,,2.0,2.0,11.0,1.0,15.0,27.0,2.0,9.0,1.0,4.0,,2.0,4.0,,,2.0,2.0,4.0,1.0,9.0,87.0,1.0,0.8333333333333334,1.0,0.3157894736842105,0.3333333333333333,,0.4130434782608695,0.1666666666666666,0.4090909090909091,0.4154929577464789,0.2857142857142857,0.4090909090909091,17.22689075630252,0.7272727272727273,,0.1847826086956521,0.010204081632653,0.1411764705882353,0.063063063063063,0.1638418079096045,0.0382775119617224,,0.0277777777777777,,0.073170731707317,0.0344827586206896,0.238095238095238,0.1,0.2,0.135593220338983,0.1538461538461538,0.048780487804878,0.25,0.2318840579710145,0.375,0.5,0.8333333333333334,0.0434782608695652,,,,0.5,0.3333333333333333,0.1818181818181818,,0.9565217391304348,0.575480882352941,0.53125,0.5883649999999999,0.028169014084507,0.0952380952380952,0.0677966101694915,0.1525423728813559,2.557894736842105,0.2065727699530516,8.0,21.0,2.0,2.0,3.0,7.0,29.0,,1.0,1.0,6.0,15.0,50.0,,3.0,2.0,3.0,9.0,,42.0,3.0,29.0,7.0,4.0,2.0,1.0,1.0,,2.0,1.0,,1.0,,0.9333333333333332,0.3,,0.3333333333333333,0.3,0.7246376811594203,0.04,0.2105263157894736,0.25,,,0.0833333333333333,0.3043478260869565,0.3809523809523809,0.4210526315789473,0.875,0.4202898550724637,0.2413793103448276,0.2413793103448276,1.0,,0.3333333333333333,0.1666666666666666,,,0.2727272727272727,0.6666666666666666,0.5454545454545454,0.1666666666666666,0.2413793103448276,25.116,1.0,1.0,,,,,,,,,,,,,,,,,,,0.0952380952380952,True,,,,,,
1630570,1610612751,Trendon Watford,Trendon Watford,1630570,BKN,5105.0,85,-1.0,177,171,67.0,77.0,17.0,348,8.0,11.0,1.0,1.0,4.0,5.0,5.0,11.0,13.0,22.0,12.0,53.0,203.0,1.0,1.0,2.0,7.0,9.0,21.0,14.0,12.0,2.0,2.0,5.0,7.0,5.0,,2.0,,,19.0,1.0,2.0,5.0,4.0,2.0,11.0,3.0,14.0,1.0,1.0,,1.0,5.0,,1.0,2.0,,4.0,1.0,7.0,3.0,6.0,13.0,,13.0,1.0,14.0,2.0,8.0,2.0,,,1.0,1.0,2.0,2.0,21.0,65.0,1.0,0.5384615384615384,0.5833333333333334,0.5909090909090909,1.0,0.7777777777777778,0.5857142857142857,1.0,0.7083333333333334,0.6463414634146342,1.0,0.75,24.489795918367346,0.7142857142857143,0.2857142857142857,0.1142857142857142,0.0526315789473684,0.119047619047619,0.0285714285714285,0.1168831168831168,0.0410958904109589,0.1176470588235294,,,0.0344827586206896,,0.0588235294117647,0.1428571428571428,0.25,0.1290322580645161,0.0909090909090909,0.0666666666666666,1.0,0.3142857142857143,0.7272727272727273,0.8,0.375,0.3142857142857143,0.4545454545454545,0.5,0.8,1.0,1.0,0.4166666666666667,0.8,0.6857142857142857,0.5108042857142857,0.5975,0.4903874999999999,0.1951219512195122,0.2857142857142857,0.0377358490566037,0.3962264150943396,4.681818181818182,0.3785310734463277,1.0,3.0,,,1.0,4.0,10.0,,,1.0,2.0,5.0,13.0,,,,1.0,3.0,4.0,15.0,,10.0,4.0,2.0,,,,,,,,,,1.0,0.3846153846153846,,0.3333333333333333,0.3846153846153846,0.3714285714285714,,0.0909090909090909,0.0909090909090909,0.0909090909090909,,,0.0857142857142857,0.3333333333333333,0.3333333333333333,1.0,0.2857142857142857,0.4,0.4,1.0,,,,,,0.0833333333333333,,0.1666666666666666,0.5,0.4,25.1,1.0,,,,,,,,,,,,,,,,,,,,,True,,,,,,
1631213,1610612751,Tyrese Martin,Tyrese Martin,1631213,BKN,3469.0,58,,120,116,24.0,27.0,13.0,236,2.0,3.0,,,1.0,1.0,,1.0,2.0,4.0,2.0,24.0,128.0,,,,1.0,1.0,13.0,4.0,,,,2.0,2.0,2.0,,,,,6.0,2.0,,2.0,3.0,,5.0,2.0,7.0,,2.0,,2.0,1.0,,1.0,1.0,,,,2.0,,1.0,4.0,,1.0,,3.0,,,2.0,,,2.0,,2.0,2.0,13.0,23.0,,1.0,1.0,0.5,,1.0,0.7333333333333333,,1.375,0.75,,1.3,13.533834586466163,0.5,,0.1363636363636363,,0.064516129032258,0.0625,0.0943396226415094,0.0338983050847457,,,,0.08,,0.25,0.0909090909090909,,0.0555555555555555,0.0769230769230769,,1.0,0.2,0.6666666666666666,0.6666666666666666,1.0,0.0666666666666666,,,,,,0.25,1.0,0.9333333333333332,0.5926366666666668,0.5709,0.5731499999999999,0.0625,,,0.5416666666666666,2.275,0.2,2.0,4.0,,1.0,1.0,4.0,7.0,,1.0,2.0,2.0,6.0,11.0,,1.0,,3.0,3.0,2.0,18.0,,7.0,4.0,1.0,,,,1.0,,,,,,1.0,0.5454545454545454,,1.0,0.5454545454545454,0.7333333333333333,,0.25,,1.0,,,0.2666666666666666,0.5,0.5,1.0,0.4666666666666667,0.5714285714285714,0.5714285714285714,1.0,,,1.0,,,0.25,1.0,0.5,1.0,0.5714285714285714,24.40909090909091,,,,,,,,1.0,,,,,,,,0.0833333333333333,,,,,,True,,,,,,
1629003,1610612751,Shake Milton,Shake Milton,1629003,BKN,7695.0,128,11.0,261,262,80.0,115.0,26.0,523,7.0,11.0,3.0,4.0,2.0,2.0,4.0,7.0,11.0,18.0,4.0,53.0,308.0,3.0,4.0,7.0,3.0,3.0,13.0,6.0,16.0,6.0,6.0,7.0,13.0,5.0,2.0,3.0,3.0,,33.0,3.0,3.0,4.0,6.0,,10.0,6.0,16.0,1.0,1.0,1.0,,4.0,,1.0,,,3.0,,4.0,1.0,3.0,7.0,1.0,11.0,1.0,9.0,1.0,4.0,1.0,,,1.0,,1.0,,13.0,80.0,1.0,0.2727272727272727,0.375,0.6111111111111112,0.75,1.0,0.5697674418604651,0.75,0.4615384615384615,0.5638297872340425,0.7,0.4642857142857143,17.406143344709896,1.0,,0.1132075471698113,0.0652173913043478,0.0816326530612244,0.0422535211267605,0.0980392156862745,0.0512820512820512,0.08,0.0555555555555555,,0.0576923076923076,,0.1290322580645161,0.0555555555555555,0.25,0.125,,0.0625,,0.2558139534883721,0.6363636363636364,0.7,0.2857142857142857,0.1627906976744186,0.5714285714285714,0.8,0.25,1.0,0.75,0.1538461538461538,1.0,0.8372093023255814,0.5463119047619048,0.6505333333333333,0.528,0.0869565217391304,0.1904761904761904,0.1320754716981132,0.2452830188679245,4.127777777777777,0.3065134099616858,3.0,9.0,,,4.0,6.0,16.0,,,2.0,6.0,9.0,25.0,,,1.0,2.0,10.0,1.0,27.0,,15.0,6.0,3.0,2.0,,1.0,,1.0,,1.0,,1.0,1.0,0.36,,0.2,0.375,0.5813953488372093,0.08,0.1666666666666666,0.0909090909090909,0.2857142857142857,0.0625,,0.2093023255813953,0.3333333333333333,0.375,1.0,0.3720930232558139,0.375,0.4,1.0,,,,,,0.3076923076923077,,0.4615384615384615,0.3333333333333333,0.4,26.532,,,,,,,,,,,,,,,,,1.0,,,,0.1111111111111111,True,,,,,,
1641730,1610612751,Noah Clowney,Noah Clowney,1641730,BKN,9070.0,151,-37.0,299,291,83.0,137.0,47.0,590,10.0,19.0,2.0,4.0,2.0,4.0,,5.0,10.0,24.0,8.0,73.0,369.0,2.0,5.0,15.0,2.0,6.0,28.0,16.0,4.0,4.0,,3.0,3.0,3.0,,,,,9.0,3.0,7.0,7.0,10.0,3.0,20.0,12.0,32.0,1.0,3.0,2.0,1.0,2.0,,1.0,2.0,,1.0,,4.0,1.0,16.0,26.0,5.0,11.0,,13.0,1.0,6.0,6.0,,,6.0,,6.0,4.0,28.0,83.0,2.0,0.8,1.0,0.4166666666666667,0.4,0.3333333333333333,0.5158730158730159,0.7222222222222222,0.6875,0.5289855072463768,0.75,0.6666666666666666,20.857142857142858,0.5,0.2142857142857142,0.144927536231884,0.0921052631578947,0.1206896551724138,0.0326086956521739,0.1338582677165354,0.0595238095238095,0.1,0.0769230769230769,0.1428571428571428,0.028169014084507,0.0476190476190476,0.081081081081081,0.2105263157894736,0.2307692307692307,0.0975609756097561,0.1764705882352941,0.0333333333333333,0.6666666666666666,0.3015873015873015,0.5263157894736842,0.6666666666666666,0.8,0.0793650793650793,,,,0.4444444444444444,0.5,0.25,0.5,0.9206349206349206,0.5690798387096773,0.5382142857142858,0.520096875,0.088235294117647,0.2068965517241379,0.2054794520547945,0.3835616438356164,2.720833333333333,0.2775919732441471,6.0,12.0,1.0,1.0,1.0,9.0,27.0,2.0,3.0,5.0,9.0,15.0,39.0,3.0,4.0,2.0,6.0,10.0,6.0,42.0,3.0,26.0,9.0,5.0,3.0,2.0,1.0,,,,1.0,,1.0,0.9333333333333332,0.3846153846153846,0.75,0.6,0.3947368421052631,0.6190476190476191,0.0769230769230769,0.2083333333333333,0.2105263157894736,0.2,0.074074074074074,0.1818181818181818,0.1904761904761904,0.5,0.5454545454545454,1.0,0.4285714285714285,0.3333333333333333,0.36,0.8888888888888888,,0.1111111111111111,0.3333333333333333,0.6666666666666666,0.5,0.0625,1.0,0.5625,0.5555555555555556,0.3461538461538461,25.43333333333333,2.0,2.0,,,1.0,,,,,,,,,1.0,1.0,,1.0,,,,0.0833333333333333,True,,,,,,
1641727,1610612751,Dariq Whitehead,Dariq Whitehead,1641727,BKN,858.0,14,4.0,34,34,10.0,11.0,3.0,68,,1.0,,,,,,,,1.0,,12.0,39.0,,,,,,,,,,1.0,,1.0,,,1.0,,,2.0,,,1.0,,1.0,2.0,,2.0,,1.0,,1.0,1.0,,1.0,,,,,1.0,,,,,,,,,,,1.0,,,,1.0,1.0,,10.0,,,,,,,0.75,,,0.75,,,23.684210526315788,1.0,1.0,,,0.125,,0.0769230769230769,,,,,,,,,,,0.3333333333333333,,1.0,0.125,,,,,,,,,,,,1.0,0.55488125,,,,,,,1.8,0.2941176470588235,,2.0,,,,4.0,5.0,,1.0,,,4.0,7.0,,1.0,,,,,12.0,,5.0,4.0,1.0,,,,,,,,,,1.0,0.5714285714285714,,,0.5714285714285714,0.875,,1.0,1.0,,,,0.25,,,,0.625,0.8,0.8,1.0,,,1.0,,,,,,,0.8,25.25714285714286,,,,,,,,,1.0,,,,,,,,,,,,,True,,,,,,
1626156,1610612751,D'Angelo Russell,D'Angelo Russell,1626156,BKN,29252.0,488,10.0,982,958,209.0,197.0,131.0,1940,14.0,19.0,1.0,1.0,1.0,3.0,33.0,70.0,50.0,101.0,59.0,282.0,1085.0,2.0,5.0,26.0,4.0,12.0,50.0,44.0,56.0,,68.0,45.0,113.0,25.0,20.0,56.0,8.0,4.0,271.0,6.0,1.0,19.0,28.0,1.0,48.0,7.0,55.0,1.0,24.0,13.0,11.0,28.0,9.0,17.0,15.0,2.0,11.0,,43.0,9.0,21.0,40.0,1.0,60.0,2.0,68.0,5.0,24.0,12.0,4.0,2.0,7.0,5.0,16.0,6.0,50.0,209.0,1.0,0.44,0.44,0.495049504950495,0.4,0.3333333333333333,0.4847826086956521,0.5,0.3536585365853658,0.5447470817120622,0.5,0.4622641509433962,26.36203866432337,0.6511627906976745,0.0416666666666666,0.112,0.0043290043290043,0.0837004405286343,0.0238095238095238,0.0985324947589098,0.0144927536231884,,0.0082644628099173,,0.0163934426229508,0.0434782608695652,0.0991735537190082,0.13,0.1034482758620689,0.0855263157894736,0.08,0.0077519379844961,0.375,0.0826086956521739,0.7368421052631579,0.7777777777777778,0.5714285714285714,0.3043478260869565,0.4714285714285714,0.4925373134328358,0.3333333333333333,0.04,1.0,0.073170731707317,0.3333333333333333,0.6434782608695652,0.5054152838427948,0.52695625,0.4776073170731706,0.1115537848605577,0.2,0.0921985815602836,0.1773049645390071,8.443564356435644,0.2128309572301425,2.0,10.0,2.0,,3.0,39.0,119.0,6.0,18.0,7.0,26.0,41.0,129.0,7.0,20.0,1.0,7.0,29.0,21.0,66.0,57.0,118.0,39.0,4.0,,,4.0,,,2.0,6.0,,6.0,0.5365853658536586,0.3178294573643411,0.35,0.2413793103448276,0.3203125,0.5608695652173913,,0.0396039603960396,0.0526315789473684,0.0428571428571428,,,0.0434782608695652,0.2,0.2,0.5,0.5173913043478261,0.3277310924369748,0.3277310924369748,0.5384615384615384,1.0,0.08,0.72,0.3333333333333333,0.5,0.073170731707317,,0.6341463414634146,0.2692307692307692,0.3305084745762712,26.33798449612404,2.0,1.0,3.0,12.0,1.0,1.0,3.0,4.0,2.0,0.0521739130434782,0.25,0.25,1.0,0.5,,0.0305343511450381,1.0,,2.0,,,False,,,,,,
1627732,1610612751,Ben Simmons,Ben Simmons,1627732,BKN,38697.0,645,-88.0,1267,1273,238.0,270.0,134.0,2540,34.0,56.0,6.0,11.0,2.0,3.0,34.0,71.0,68.0,128.0,15.0,151.0,1489.0,10.0,20.0,22.0,7.0,17.0,17.0,58.0,78.0,8.0,88.0,83.0,171.0,59.0,24.0,57.0,27.0,4.0,425.0,8.0,11.0,53.0,43.0,6.0,102.0,19.0,121.0,4.0,20.0,11.0,9.0,33.0,18.0,25.0,37.0,3.0,8.0,1.0,70.0,11.0,21.0,55.0,3.0,36.0,4.0,22.0,2.0,10.0,8.0,1.0,1.0,3.0,5.0,9.0,6.0,17.0,236.0,4.0,0.4264705882352941,0.453125,0.53125,0.5,0.4117647058823529,0.53125,0.5,0.4117647058823529,0.5471014492753623,0.5238095238095238,0.4473684210526316,14.627285513361462,0.4714285714285714,0.1764705882352941,0.1557971014492753,0.0369127516778523,0.1853146853146853,0.027027027027027,0.1708185053380783,0.0319865319865319,0.0347826086956521,0.0448717948717948,,0.0252525252525252,0.0306122448979591,0.1111111111111111,0.1491228070175438,0.2888888888888888,0.1938775510204081,0.1666666666666666,0.0816326530612244,0.6666666666666666,0.4375,0.6071428571428571,0.6415094339622641,0.5294117647058824,0.5546875,0.4788732394366197,0.5151515151515151,0.3235294117647059,0.55,0.5454545454545454,0.1764705882352941,0.6666666666666666,0.4375,0.523965625,0.5265846153846154,0.4386058823529412,0.0735294117647058,0.0735294117647058,0.1456953642384106,0.1125827814569536,5.008593750000001,0.1878453038674033,,,,,,,,,,,,,,,,2.0,,,3.0,,,,,8.0,,,8.0,2.0,3.0,1.0,2.0,1.0,1.0,,,,,,,,0.0625,0.0535714285714285,0.0704225352112676,,,,,,,,,,,0.1666666666666666,,,,,,,,,,,9.0,,,1.0,,,,,,0.0078125,,,,,,,,,,1.0,,False,,,,,,
1629651,1610612751,Nic Claxton,Nic Claxton,1629651,BKN,65629.0,1094,-360.0,2145,2168,422.0,394.0,244.0,4313,122.0,173.0,29.0,46.0,18.0,25.0,48.0,130.0,175.0,324.0,50.0,403.0,2593.0,38.0,68.0,83.0,26.0,51.0,60.0,240.0,110.0,42.0,51.0,37.0,88.0,30.0,7.0,27.0,20.0,4.0,213.0,35.0,56.0,93.0,92.0,13.0,198.0,91.0,289.0,13.0,40.0,26.0,14.0,20.0,7.0,10.0,31.0,1.0,10.0,2.0,51.0,10.0,24.0,80.0,12.0,104.0,3.0,89.0,7.0,39.0,65.0,3.0,1.0,44.0,21.0,68.0,42.0,60.0,421.0,5.0,0.6857142857142857,0.7792207792207793,0.5401234567901234,0.5588235294117647,0.5098039215686274,0.5252976190476191,0.5507246376811594,0.5,0.5373333333333333,0.5533333333333333,0.4918032786885246,17.42331288343558,0.392156862745098,0.3513513513513513,0.1811023622047244,0.1046728971962616,0.1949685534591195,0.0669216061185468,0.1878172588832487,0.0860113421550094,0.1420765027322404,0.093103448275862,0.0483870967741935,0.065040650406504,0.0714285714285714,0.1524663677130044,0.1835748792270531,0.2564102564102564,0.208955223880597,0.1619718309859155,0.0955882352941176,0.6176470588235294,0.5148809523809523,0.7052023121387283,0.7484662576687117,0.7049180327868853,0.3869047619047619,0.3692307692307692,0.4033613445378151,0.6041666666666666,0.6666666666666666,0.6304347826086957,0.4807692307692308,0.72,0.5505952380952381,0.5542251488095241,0.552455,0.5168499999999999,0.1059782608695652,0.1095505617977528,0.205955334987593,0.1488833746898263,5.095679012345678,0.1967365967365967,1.0,6.0,,,1.0,,6.0,,1.0,,,1.0,12.0,,1.0,7.0,,1.0,8.0,3.0,,6.0,,21.0,,,3.0,1.0,2.0,9.0,7.0,16.0,7.0,1.0,0.0833333333333333,,,0.0833333333333333,0.0357142857142857,,0.0648148148148148,0.0578034682080924,0.0846153846153846,,,0.0178571428571428,0.1666666666666666,0.1666666666666666,1.0,0.0178571428571428,,,,0.2413793103448276,,0.0144927536231884,,,0.0192307692307692,,,,,24.35833333333333,14.0,,5.0,21.0,,5.0,,,2.0,0.0625,0.238095238095238,0.238095238095238,1.0,,,,,,,1.0,,False,1.0,,,,,
1629661,1610612751,Cameron Johnson,Cameron Johnson,1629661,BKN,59630.0,994,-179.0,1968,1961,356.0,413.0,231.0,3929,71.0,98.0,9.0,17.0,18.0,21.0,30.0,63.0,116.0,201.0,117.0,619.0,2339.0,11.0,28.0,38.0,23.0,38.0,121.0,134.0,98.0,12.0,53.0,45.0,98.0,24.0,21.0,32.0,19.0,2.0,241.0,14.0,15.0,53.0,44.0,2.0,99.0,29.0,128.0,3.0,28.0,19.0,9.0,39.0,12.0,23.0,24.0,6.0,16.0,,63.0,7.0,29.0,59.0,4.0,99.0,2.0,131.0,10.0,37.0,13.0,2.0,2.0,6.0,7.0,15.0,7.0,117.0,353.0,5.0,0.5775862068965517,0.6090909090909091,0.5771144278606966,0.3928571428571428,0.6052631578947368,0.5730593607305936,0.369047619047619,0.5059523809523809,0.625,0.4204545454545454,0.5833333333333334,24.444444444444443,0.6190476190476191,0.05,0.1011494252873563,0.032258064516129,0.1191011235955056,0.0276679841897233,0.1102272727272727,0.0298661174047373,0.0333333333333333,0.0305676855895196,0.0357142857142857,0.0342857142857142,0.0128205128205128,0.0886699507389162,0.1124260355029585,0.1111111111111111,0.1270903010033444,0.1027397260273972,0.0147783251231527,0.4666666666666667,0.2237442922374429,0.7244897959183674,0.8068181818181818,0.676056338028169,0.1438356164383561,0.4761904761904761,0.5357142857142857,0.4,0.4047619047619047,0.5294117647058824,0.25,0.8571428571428571,0.7648401826484018,0.5486327231121282,0.5144944444444445,0.5475428571428571,0.0953389830508474,0.1622807017543859,0.061389337641357,0.1954765751211631,7.046766169154226,0.1808943089430894,23.0,56.0,3.0,5.0,16.0,67.0,181.0,3.0,11.0,8.0,30.0,90.0,237.0,3.0,14.0,7.0,13.0,46.0,36.0,246.0,24.0,180.0,67.0,18.0,5.0,,6.0,2.0,2.0,4.0,16.0,1.0,13.0,0.9111111111111112,0.379746835443038,0.2142857142857142,0.2826086956521739,0.3813559322033898,0.541095890410959,0.0210970464135021,0.0895522388059701,0.1020408163265306,0.1111111111111111,0.011049723756906,,0.1278538812785388,0.4107142857142857,0.4339622641509434,1.0,0.4132420091324201,0.3701657458563536,0.3743016759776536,0.8805970149253731,0.4444444444444444,0.0714285714285714,0.2619047619047619,0.2727272727272727,0.6666666666666666,0.1904761904761904,0.3125,0.3571428571428571,0.2666666666666666,0.3722222222222222,25.883966244725755,,,15.0,40.0,,2.0,10.0,8.0,,0.091324200913242,0.375,0.3846153846153846,0.4666666666666667,,,0.0327868852459016,1.0,,1.0,,0.0535714285714285,False,,0.025,,,,
1630553,1610612751,Keon Johnson,Keon Johnson,1630553,BKN,74154.0,1236,-243.0,2477,2478,565.0,634.0,302.0,4955,80.0,143.0,7.0,12.0,21.0,32.0,38.0,105.0,126.0,269.0,76.0,547.0,2873.0,13.0,24.0,56.0,32.0,60.0,138.0,118.0,134.0,12.0,52.0,56.0,108.0,41.0,15.0,40.0,9.0,3.0,272.0,21.0,22.0,84.0,54.0,3.0,141.0,43.0,184.0,10.0,58.0,34.0,24.0,45.0,6.0,29.0,22.0,9.0,16.0,2.0,67.0,14.0,67.0,129.0,1.0,79.0,4.0,94.0,11.0,45.0,19.0,1.0,1.0,11.0,8.0,20.0,9.0,138.0,564.0,12.0,0.4682539682539682,0.4916666666666666,0.4684014869888476,0.5416666666666666,0.5333333333333333,0.4520153550863723,0.4901960784313725,0.495575221238938,0.4857397504456328,0.5185185185185185,0.5433070866141733,22.23008849557522,0.6716417910447762,0.0517241379310344,0.1011235955056179,0.0372881355932203,0.1438356164383561,0.0330188679245283,0.1234347048300536,0.0350734094616639,0.0684931506849315,0.0216718266253869,,0.0296127562642369,0.0406091370558375,0.0960698689956331,0.0836820083682008,0.1818181818181818,0.158273381294964,0.1077844311377245,0.0383141762452107,0.45,0.2744721689059501,0.5594405594405595,0.6779661016949152,0.525,0.201535508637236,0.3619047619047619,0.4470588235294118,0.3684210526315789,0.2352941176470588,0.5833333333333334,0.2831858407079646,0.65625,0.7581573896353166,0.5344759152215801,0.5127,0.5060571428571429,0.0827338129496402,0.1485148514851485,0.1023765996343692,0.2522851919561243,5.616356877323415,0.2280985062575696,18.0,72.0,7.0,3.0,14.0,55.0,180.0,6.0,20.0,13.0,39.0,73.0,252.0,8.0,27.0,6.0,16.0,53.0,26.0,207.0,12.0,180.0,55.0,46.0,4.0,,9.0,2.0,2.0,5.0,5.0,3.0,5.0,0.9452054794520548,0.2896825396825397,0.2962962962962963,0.3018867924528302,0.2896825396825397,0.4836852207293666,0.0158730158730158,0.1710037174721189,0.1748251748251748,0.1904761904761904,0.0111111111111111,,0.1381957773512476,0.25,0.2571428571428571,1.0,0.345489443378119,0.3055555555555556,0.3089887640449438,0.9272727272727272,,0.1372549019607843,0.392156862745098,0.3,0.8333333333333334,0.1238938053097345,0.2142857142857142,0.3451327433628318,0.3333333333333333,0.3055555555555556,25.28888888888888,2.0,1.0,8.0,21.0,2.0,1.0,2.0,1.0,,0.0403071017274472,0.3809523809523809,0.4,0.375,0.2857142857142857,1.0,0.0039525691699604,,,,,0.0277777777777777,False,,0.0476190476190476,,,,
1630533,1610612751,Ziaire Williams,Ziaire Williams,1630533,BKN,54184.0,903,-216.0,1781,1796,331.0,385.0,199.0,3577,57.0,95.0,13.0,22.0,8.0,14.0,12.0,31.0,70.0,133.0,62.0,397.0,2142.0,15.0,26.0,53.0,11.0,20.0,79.0,80.0,60.0,26.0,34.0,19.0,53.0,11.0,8.0,26.0,7.0,1.0,125.0,18.0,22.0,63.0,53.0,12.0,128.0,41.0,169.0,4.0,34.0,22.0,12.0,26.0,6.0,16.0,15.0,2.0,10.0,2.0,41.0,5.0,47.0,84.0,4.0,73.0,12.0,74.0,3.0,26.0,12.0,4.0,3.0,6.0,6.0,16.0,12.0,79.0,331.0,8.0,0.5714285714285714,0.7017543859649122,0.5263157894736842,0.5769230769230769,0.55,0.5300632911392406,0.46875,0.5370370370370371,0.5673352435530086,0.5,0.6,19.21936758893281,0.6341463414634146,0.3529411764705882,0.1335012594458438,0.0528846153846153,0.1555555555555555,0.0404494382022471,0.1446384039900249,0.0464576074332171,0.0451612903225806,0.0504587155963302,0.0930232558139534,0.0383386581469648,0.0454545454545454,0.1470588235294117,0.1318681318681318,0.0888888888888888,0.1468531468531468,0.1764705882352941,0.0256410256410256,0.75,0.300632911392405,0.6,0.7215189873417721,0.5614035087719298,0.0981012658227848,0.3870967741935484,0.4615384615384615,0.5833333333333334,0.4583333333333333,0.5909090909090909,0.2592592592592592,0.5714285714285714,0.879746835443038,0.570696993670886,0.5692014705882352,0.5533583333333334,0.0850439882697947,0.1666666666666666,0.1335012594458438,0.198992443324937,4.147368421052632,0.1858506457046603,26.0,78.0,14.0,5.0,16.0,39.0,105.0,4.0,8.0,7.0,18.0,65.0,183.0,5.0,22.0,8.0,12.0,34.0,21.0,189.0,6.0,105.0,39.0,21.0,2.0,1.0,4.0,1.0,,6.0,7.0,,6.0,0.9692307692307692,0.3551912568306011,0.2272727272727272,0.3529411764705882,0.3551912568306011,0.5791139240506329,0.0109289617486338,0.1578947368421052,0.1684210526315789,0.1612903225806451,0.0095238095238095,0.0238095238095238,0.2468354430379747,0.3333333333333333,0.3376623376623376,1.0,0.3322784810126582,0.3714285714285714,0.375,0.9487179487179488,0.0769230769230769,0.2916666666666667,0.1666666666666666,0.5,1.0,0.2962962962962963,0.3125,0.3333333333333333,0.3888888888888889,0.3714285714285714,24.729508196721312,1.0,,1.0,7.0,1.0,3.0,2.0,4.0,1.0,0.0221518987341772,0.1428571428571428,0.1428571428571428,1.0,0.0714285714285714,1.0,0.0162162162162162,,,1.0,,0.0128205128205128,False,,,,,,
1641730,1610612751,Noah Clowney,Noah Clowney,1641730,BKN,43175.0,720,-226.0,1447,1433,330.0,305.0,168.0,2880,19.0,34.0,5.0,8.0,6.0,12.0,9.0,31.0,28.0,66.0,43.0,276.0,1711.0,6.0,9.0,39.0,8.0,19.0,78.0,40.0,16.0,8.0,12.0,16.0,28.0,14.0,2.0,5.0,5.0,2.0,72.0,14.0,8.0,40.0,49.0,5.0,94.0,23.0,117.0,6.0,17.0,9.0,8.0,19.0,1.0,11.0,15.0,3.0,8.0,3.0,34.0,10.0,35.0,62.0,4.0,50.0,7.0,47.0,3.0,20.0,12.0,1.0,,11.0,1.0,13.0,8.0,78.0,328.0,5.0,0.7142857142857143,0.8333333333333334,0.4242424242424242,0.6666666666666666,0.4210526315789473,0.483402489626556,0.55,0.453125,0.5267175572519084,0.609375,0.52,17.961165048543688,0.5588235294117647,0.1666666666666666,0.1540880503144654,0.0230547550432276,0.1311475409836065,0.037037037037037,0.1428571428571428,0.0303448275862068,0.0336134453781512,0.0203045685279187,,0.0364963503649635,0.0384615384615384,0.1642857142857142,0.1590909090909091,0.108695652173913,0.1304347826086956,0.1326530612244898,0.0444444444444444,0.6153846153846154,0.1410788381742738,0.5588235294117647,0.6785714285714286,0.6842105263157895,0.1286307053941908,0.2903225806451613,0.36,0.7777777777777778,0.2666666666666666,0.625,0.1875,0.5,0.8672199170124482,0.5438512448132777,0.535340625,0.53313046875,0.081081081081081,0.2409638554216867,0.1413043478260869,0.2826086956521739,4.80151515151515,0.2280580511402902,18.0,47.0,6.0,4.0,14.0,41.0,128.0,5.0,15.0,10.0,31.0,59.0,175.0,7.0,21.0,6.0,14.0,45.0,20.0,171.0,6.0,128.0,41.0,12.0,4.0,1.0,3.0,3.0,3.0,5.0,3.0,,3.0,0.9661016949152542,0.3371428571428571,0.3333333333333333,0.3111111111111111,0.3371428571428571,0.7261410788381742,0.0228571428571428,0.1818181818181818,0.1764705882352941,0.1935483870967742,0.0234375,0.0294117647058823,0.1950207468879668,0.3829787234042553,0.391304347826087,1.0,0.5311203319502075,0.3203125,0.328,0.951219512195122,,0.2,0.5,0.3333333333333333,0.8,0.21875,0.2857142857142857,0.484375,0.3225806451612903,0.3203125,25.37028571428572,2.0,,,1.0,2.0,2.0,,1.0,1.0,0.0041493775933609,,,,0.3333333333333333,1.0,0.0056818181818181,,,,,0.0212765957446808,False,,,,,,
1630592,1610612751,Jalen Wilson,Jalen Wilson,1630592,BKN,78707.0,1312,-209.0,2586,2591,703.0,790.0,341.0,5177,63.0,99.0,15.0,24.0,18.0,34.0,14.0,66.0,80.0,173.0,90.0,457.0,2971.0,19.0,31.0,75.0,21.0,47.0,147.0,92.0,68.0,26.0,38.0,52.0,90.0,36.0,16.0,25.0,11.0,2.0,232.0,27.0,22.0,58.0,41.0,7.0,106.0,49.0,155.0,4.0,28.0,21.0,7.0,36.0,5.0,19.0,24.0,7.0,17.0,2.0,60.0,12.0,62.0,102.0,7.0,76.0,2.0,109.0,4.0,36.0,3.0,,,,3.0,3.0,1.0,144.0,701.0,14.0,0.575,0.6865671641791045,0.4624277456647399,0.6129032258064516,0.4468085106382978,0.4645569620253164,0.5566037735849056,0.4811320754716981,0.5078828828828829,0.5952380952380952,0.5451127819548872,16.85656836461126,0.6,0.0933333333333333,0.0752293577981651,0.0363636363636363,0.1,0.0399408284023668,0.088,0.0382513661202185,0.0407239819004524,0.0245398773006134,0.0862068965517241,0.0371134020618556,0.0471204188481675,0.0921658986175115,0.0627450980392156,0.0684931506849315,0.099502487562189,0.1011235955056179,0.0184331797235023,0.3333333333333333,0.250632911392405,0.6363636363636364,0.7241379310344828,0.5238095238095238,0.1670886075949367,0.2121212121212121,0.2641509433962264,0.7857142857142857,0.4528301886792453,0.625,0.320754716981132,0.5294117647058824,0.8126582278481013,0.5417505076142134,0.5330050000000001,0.549832380952381,0.0843091334894613,0.1756097560975609,0.1641137855579868,0.3216630196936542,4.763583815028904,0.2718484145398298,25.0,76.0,8.0,4.0,13.0,44.0,146.0,4.0,14.0,16.0,46.0,69.0,222.0,7.0,22.0,16.0,20.0,59.0,45.0,207.0,,145.0,44.0,26.0,1.0,,4.0,3.0,,9.0,17.0,,14.0,1.0,0.3108108108108108,0.3181818181818182,0.3389830508474576,0.3122171945701357,0.5620253164556962,0.0045045045045045,0.1502890173410404,0.1212121212121212,0.1969696969696969,0.0068493150684931,,0.1924050632911392,0.3289473684210526,0.3289473684210526,1.0,0.369620253164557,0.3013698630136986,0.3034482758620689,1.0,0.0666666666666666,0.1509433962264151,0.2641509433962264,0.2857142857142857,1.0,0.1226415094339622,0.3076923076923077,0.4339622641509434,0.3478260869565217,0.3034482758620689,25.615765765765783,4.0,1.0,3.0,8.0,3.0,1.0,8.0,,,0.020253164556962,0.375,0.4285714285714285,0.6666666666666666,0.375,1.0,,1.0,,,,,False,1.0,0.125,,,,
1631213,1610612751,Tyrese Martin,Tyrese Martin,1631213,BKN,53052.0,884,-231.0,1750,1769,456.0,561.0,237.0,3519,38.0,50.0,6.0,7.0,12.0,14.0,21.0,62.0,64.0,125.0,32.0,346.0,2032.0,9.0,18.0,49.0,18.0,30.0,90.0,68.0,60.0,10.0,40.0,30.0,70.0,25.0,5.0,26.0,14.0,,170.0,26.0,16.0,58.0,49.0,6.0,113.0,44.0,157.0,6.0,21.0,15.0,6.0,37.0,8.0,28.0,16.0,4.0,9.0,1.0,53.0,11.0,15.0,46.0,2.0,36.0,2.0,41.0,2.0,20.0,4.0,1.0,1.0,2.0,2.0,5.0,4.0,90.0,455.0,6.0,0.53125,0.576271186440678,0.512,0.5,0.6,0.5,0.5833333333333334,0.5,0.5180180180180181,0.5975609756097561,0.5232558139534884,18.912297893189614,0.6981132075471698,0.1463414634146341,0.1342465753424657,0.0379146919431279,0.1580381471389645,0.0536082474226804,0.1461748633879781,0.0463065049614112,0.0342465753424657,0.0429184549356223,0.0232558139534883,0.0601719197707736,0.0367647058823529,0.1304347826086956,0.1508379888268156,0.0833333333333333,0.16015625,0.1531531531531531,0.0348837209302325,0.8,0.1592356687898089,0.76,0.8085106382978723,0.6052631578947368,0.197452229299363,0.3387096774193548,0.3620689655172414,0.3809523809523809,0.1944444444444444,0.8571428571428571,0.1728395061728395,0.8571428571428571,0.7611464968152867,0.5311043269230769,0.5302138888888889,0.52571835443038,0.0602409638554216,0.1398601398601398,0.1416184971098266,0.2601156069364161,6.484799999999998,0.2605714285714285,22.0,60.0,3.0,5.0,15.0,40.0,129.0,7.0,15.0,10.0,36.0,62.0,189.0,8.0,18.0,7.0,15.0,51.0,9.0,174.0,12.0,127.0,40.0,7.0,,2.0,4.0,,,1.0,1.0,,1.0,0.935483870967742,0.328042328042328,0.4444444444444444,0.2941176470588235,0.3315508021390374,0.6019108280254777,,0.056,0.06,0.064516129032258,,0.05,0.1910828025477707,0.3666666666666666,0.3666666666666666,0.9545454545454546,0.410828025477707,0.3100775193798449,0.3100775193798449,0.925,0.3333333333333333,0.0833333333333333,0.4166666666666667,0.4666666666666667,0.8571428571428571,0.1851851851851851,0.3333333333333333,0.4444444444444444,0.2777777777777778,0.3149606299212598,25.760846560846563,,,5.0,13.0,1.0,,1.0,,,0.0414012738853503,0.3846153846153846,0.3846153846153846,0.6,0.3333333333333333,1.0,,2.0,,,,,False,,,,,,
1630549,1610612751,Day'Ron Sharpe,Day'Ron Sharpe,1630549,BKN,42380.0,706,29.0,1398,1382,374.0,444.0,229.0,2780,95.0,148.0,49.0,83.0,31.0,41.0,22.0,57.0,123.0,214.0,49.0,319.0,1545.0,53.0,95.0,129.0,36.0,55.0,94.0,136.0,110.0,88.0,45.0,21.0,66.0,15.0,6.0,26.0,16.0,3.0,153.0,43.0,74.0,61.0,64.0,13.0,138.0,119.0,257.0,15.0,34.0,24.0,10.0,24.0,5.0,14.0,31.0,1.0,10.0,,55.0,13.0,39.0,97.0,12.0,60.0,1.0,64.0,8.0,28.0,34.0,1.0,1.0,21.0,13.0,35.0,18.0,94.0,373.0,9.0,0.5528455284552846,0.8607594936708861,0.5747663551401869,0.5578947368421052,0.6545454545454545,0.54,0.5677083333333334,0.5859375,0.5716845878136201,0.602803738317757,0.6351351351351351,19.90407673860912,0.4363636363636363,0.2954545454545454,0.2133333333333333,0.2120343839541547,0.1854103343465045,0.1171662125340599,0.1987281399046105,0.1634078212290503,0.2047244094488189,0.2397959183673469,0.0384615384615384,0.1176470588235294,0.1157894736842105,0.1403508771929824,0.2597402597402597,0.25,0.1938325991189427,0.1666666666666666,0.1595744680851064,0.5142857142857142,0.592,0.6418918918918919,0.7251908396946565,0.4947368421052631,0.228,0.3859649122807017,0.4150943396226415,0.7727272727272727,0.8645833333333334,0.5903614457831325,0.640625,0.7560975609756098,0.736,0.5627506000000001,0.5731606060606059,0.5795546875,0.1037037037037037,0.1196581196581196,0.4043887147335423,0.2946708463949843,3.5780373831775703,0.2675250357653791,3.0,9.0,1.0,1.0,2.0,5.0,27.0,,,,7.0,8.0,36.0,1.0,1.0,20.0,1.0,9.0,19.0,24.0,,27.0,5.0,22.0,,2.0,5.0,,1.0,16.0,9.0,1.0,7.0,1.0,0.2222222222222222,1.0,0.1111111111111111,0.2222222222222222,0.144,,0.102803738317757,0.1148648648648648,0.0701754385964912,,0.0666666666666666,0.036,0.3333333333333333,0.3333333333333333,1.0,0.108,0.1851851851851851,0.1851851851851851,1.0,0.0816326530612244,0.0104166666666666,,,,0.03125,0.5,0.109375,,0.1851851851851851,25.1,19.0,1.0,6.0,9.0,1.0,,,,,0.036,0.6666666666666666,0.75,0.6666666666666666,1.0,1.0,,,,,,,False,5.0,0.1111111111111111,1.0,1.0,,
1641787,1610612751,Tosan Evbuomwan,Tosan Evbuomwan,1641787,BKN,30069.0,501,-21.0,970,978,260.0,280.0,146.0,1948,30.0,39.0,6.0,6.0,11.0,13.0,23.0,63.0,55.0,109.0,40.0,198.0,1066.0,7.0,14.0,26.0,17.0,28.0,60.0,60.0,50.0,8.0,18.0,15.0,33.0,13.0,2.0,14.0,3.0,1.0,81.0,15.0,9.0,34.0,20.0,6.0,60.0,25.0,85.0,2.0,16.0,12.0,4.0,16.0,5.0,10.0,15.0,1.0,6.0,2.0,31.0,8.0,19.0,39.0,3.0,41.0,2.0,53.0,4.0,26.0,7.0,,,3.0,4.0,7.0,3.0,60.0,260.0,5.0,0.5454545454545454,0.5882352941176471,0.5045871559633027,0.5,0.6071428571428571,0.4817073170731707,0.3846153846153846,0.4673913043478261,0.526595744680851,0.4482758620689655,0.5454545454545454,19.043478260869566,0.5161290322580645,0.2608695652173913,0.0851063829787234,0.0368852459016393,0.1471861471861472,0.0604838709677419,0.1158798283261802,0.048780487804878,0.0131578947368421,0.027027027027027,0.2,0.0604395604395604,0.0606060606060606,0.1044776119402985,0.0757575757575757,0.0833333333333333,0.1547619047619047,0.1269841269841269,0.0259740259740259,0.4285714285714285,0.2378048780487804,0.7692307692307693,0.8333333333333334,0.5666666666666667,0.3841463414634146,0.365079365079365,0.4339622641509434,0.4782608695652174,0.2307692307692307,1.0,0.2826086956521739,0.8461538461538461,0.573170731707317,0.5180594512195122,0.5366166666666666,0.5322945652173914,0.1443850267379679,0.1984732824427481,0.1313131313131313,0.303030303030303,6.376146788990826,0.268041237113402,7.0,28.0,3.0,1.0,10.0,9.0,27.0,1.0,9.0,2.0,8.0,16.0,55.0,2.0,12.0,6.0,3.0,18.0,17.0,48.0,,27.0,9.0,14.0,,1.0,1.0,2.0,,,1.0,,1.0,1.0,0.2909090909090909,0.1666666666666666,0.1666666666666666,0.2909090909090909,0.3353658536585366,,0.128440366972477,0.0769230769230769,0.1587301587301587,,0.032258064516129,0.1707317073170731,0.25,0.25,1.0,0.1646341463414634,0.3333333333333333,0.3333333333333333,1.0,0.3333333333333333,0.1153846153846153,0.3461538461538461,0.1111111111111111,1.0,0.217391304347826,0.1,0.1739130434782608,0.25,0.3333333333333333,24.509090909090908,2.0,,2.0,7.0,1.0,3.0,,1.0,,0.0426829268292682,0.2857142857142857,0.3333333333333333,1.0,0.3333333333333333,1.0,0.0178571428571428,,,,,,False,,0.1428571428571428,,,,
1630570,1610612751,Trendon Watford,Trendon Watford,1630570,BKN,24370.0,406,-17.0,787,781,233.0,263.0,116.0,1568,33.0,57.0,2.0,8.0,9.0,14.0,26.0,61.0,60.0,121.0,38.0,194.0,861.0,2.0,11.0,9.0,16.0,32.0,56.0,46.0,74.0,4.0,20.0,28.0,48.0,19.0,9.0,13.0,6.0,1.0,124.0,9.0,9.0,17.0,34.0,8.0,59.0,18.0,77.0,7.0,17.0,11.0,6.0,16.0,4.0,6.0,22.0,1.0,10.0,5.0,38.0,12.0,20.0,46.0,1.0,47.0,,49.0,5.0,21.0,5.0,,,3.0,2.0,5.0,2.0,56.0,233.0,3.0,0.3833333333333333,0.396551724137931,0.4958677685950413,0.1818181818181818,0.5,0.4785276073619632,0.2333333333333333,0.5365853658536586,0.5243243243243243,0.28125,0.5714285714285714,24.05609492988134,0.4210526315789473,0.2962962962962963,0.1878453038674033,0.0445544554455445,0.0862944162436548,0.046875,0.1349206349206349,0.0456852791878172,0.05,0.0467289719626168,,0.0615384615384615,0.0161290322580645,0.1857142857142857,0.1931818181818181,0.1739130434782608,0.0714285714285714,0.1228070175438596,0.106060606060606,0.4,0.3496932515337423,0.5789473684210527,0.6875,0.5454545454545454,0.3742331288343558,0.4262295081967213,0.490566037735849,0.1923076923076923,0.5333333333333333,0.25,0.3414634146341463,0.6428571428571429,0.6073619631901841,0.5282401234567902,0.535265,0.5005036585365854,0.1173184357541899,0.1532846715328467,0.0463917525773195,0.2886597938144329,5.152892561983472,0.2960609911054638,4.0,14.0,2.0,1.0,2.0,8.0,28.0,1.0,2.0,3.0,7.0,12.0,42.0,1.0,4.0,2.0,4.0,9.0,12.0,36.0,,28.0,8.0,18.0,3.0,,1.0,1.0,3.0,3.0,6.0,,6.0,1.0,0.2857142857142857,0.25,0.4444444444444444,0.2857142857142857,0.2576687116564417,0.0714285714285714,0.1487603305785124,0.1578947368421052,0.1311475409836065,0.0357142857142857,,0.0858895705521472,0.2857142857142857,0.3333333333333333,1.0,0.1717791411042944,0.2857142857142857,0.2962962962962963,1.0,,0.1333333333333333,0.1333333333333333,0.5,1.0,0.048780487804878,0.5,0.1707317073170731,0.4285714285714285,0.2857142857142857,25.36428571428572,10.0,3.0,1.0,3.0,,1.0,,,,0.0184049079754601,0.3333333333333333,0.5,,,,,,,,,0.1428571428571428,False,,0.3333333333333333,,,,
1630560,1610612751,Cam Thomas,Cam Thomas,1630560,BKN,21056.0,351,-89.0,674,677,135.0,178.0,79.0,1351,23.0,39.0,1.0,1.0,6.0,8.0,24.0,56.0,60.0,124.0,60.0,264.0,846.0,4.0,6.0,15.0,13.0,31.0,71.0,52.0,68.0,,28.0,20.0,48.0,12.0,8.0,22.0,6.0,,116.0,2.0,6.0,17.0,9.0,1.0,27.0,8.0,35.0,5.0,6.0,4.0,2.0,14.0,,7.0,11.0,3.0,7.0,4.0,25.0,1.0,11.0,19.0,1.0,51.0,2.0,70.0,7.0,31.0,,,,,,,,71.0,134.0,1.0,0.4333333333333333,0.4333333333333333,0.4838709677419355,0.6666666666666666,0.4193548387096774,0.4744186046511628,0.4230769230769231,0.4545454545454545,0.5389344262295082,0.5,0.5461538461538461,35.30183727034121,0.56,0.0526315789473684,0.0555555555555555,0.0402684563758389,0.1118421052631579,0.0113636363636363,0.0828025477707006,0.0246153846153846,,0.064516129032258,0.0769230769230769,0.0157480314960629,,0.0256410256410256,0.0806451612903225,0.0909090909090909,0.1057692307692307,0.125,0.0462962962962962,,0.1813953488372093,0.5897435897435898,0.696969696969697,0.391304347826087,0.2604651162790697,0.4285714285714285,0.4615384615384615,0.5,0.0769230769230769,1.0,0.1454545454545454,0.75,0.6046511627906976,0.5042432242990655,0.4798349999999999,0.4609916666666666,0.140495867768595,0.2094594594594594,0.0568181818181818,0.2689393939393939,8.979032258064514,0.2002967359050445,4.0,11.0,2.0,,1.0,24.0,80.0,1.0,5.0,8.0,23.0,28.0,91.0,1.0,7.0,4.0,8.0,24.0,21.0,54.0,30.0,79.0,24.0,12.0,3.0,,2.0,,,1.0,2.0,,2.0,0.6428571428571429,0.3076923076923077,0.1428571428571428,0.3333333333333333,0.3111111111111111,0.4232558139534884,0.0329670329670329,0.0967741935483871,0.1538461538461538,0.0714285714285714,0.0375,,0.0511627906976744,0.3636363636363636,0.3636363636363636,1.0,0.3720930232558139,0.3,0.3116883116883117,0.5833333333333334,1.0,0.1538461538461538,0.3846153846153846,0.2,1.0,0.0181818181818181,,0.4181818181818181,0.3478260869565217,0.3037974683544304,26.30549450549451,3.0,,13.0,29.0,,,2.0,3.0,,0.1348837209302325,0.4482758620689655,0.4814814814814814,0.3846153846153846,,,0.0319148936170212,1.0,,,,,False,,0.0689655172413793,,,,
1641736,1610612751,Reece Beekman,Reece Beekman,1641736,BKN,17204.0,287,-59.0,570,570,204.0,218.0,85.0,1140,10.0,20.0,,,5.0,11.0,6.0,15.0,16.0,39.0,6.0,50.0,620.0,1.0,3.0,2.0,6.0,19.0,18.0,12.0,20.0,,18.0,15.0,33.0,12.0,3.0,9.0,7.0,2.0,81.0,3.0,1.0,9.0,6.0,,15.0,4.0,19.0,1.0,18.0,11.0,7.0,12.0,2.0,9.0,4.0,2.0,3.0,,16.0,3.0,8.0,17.0,,20.0,6.0,11.0,1.0,6.0,1.0,1.0,1.0,,1.0,2.0,1.0,18.0,203.0,5.0,0.375,0.375,0.4102564102564102,0.3333333333333333,0.3157894736842105,0.3333333333333333,0.1428571428571428,0.2419354838709677,0.352112676056338,0.1428571428571428,0.2647058823529412,12.985074626865671,0.75,,0.0555555555555555,0.0073529411764705,0.0756302521008403,0.0181818181818181,0.066079295154185,0.0132890365448504,,0.0123456790123456,,0.0161290322580645,0.024390243902439,0.0512820512820512,0.0535714285714285,0.0769230769230769,0.0609756097560975,0.1081081081081081,0.0256410256410256,0.5,0.303030303030303,0.5,0.5555555555555556,0.4,0.2272727272727272,0.4,0.4285714285714285,0.3333333333333333,,,0.3548387096774194,0.4545454545454545,0.7121212121212122,0.5131636363636364,0.4670071428571428,0.5201774193548387,0.0845070422535211,0.1363636363636363,0.04,0.36,5.9,0.3578947368421052,2.0,9.0,2.0,,3.0,2.0,18.0,,2.0,1.0,9.0,4.0,27.0,,4.0,,1.0,12.0,3.0,12.0,,18.0,2.0,3.0,1.0,,1.0,,,,,,,1.0,0.1481481481481481,,0.0833333333333333,0.1481481481481481,0.4090909090909091,0.037037037037037,0.0769230769230769,0.1,0.0666666666666666,0.0555555555555555,,0.1363636363636363,0.2222222222222222,0.2222222222222222,1.0,0.2727272727272727,0.1111111111111111,0.1176470588235294,1.0,,0.2857142857142857,0.2857142857142857,,,0.0967741935483871,,0.2903225806451613,0.1111111111111111,0.1111111111111111,25.28518518518519,,1.0,,4.0,,,,,,0.0606060606060606,,,,,,,,,,,,False,,,,,,
1627827,1610612751,Dorian Finney-Smith,Dorian Finney-Smith,1627827,BKN,12056.0,201,-21.0,388,395,55.0,88.0,32.0,783,6.0,11.0,1.0,2.0,,1.0,1.0,6.0,7.0,18.0,8.0,58.0,442.0,1.0,2.0,2.0,,1.0,6.0,10.0,4.0,2.0,7.0,4.0,11.0,2.0,2.0,4.0,1.0,2.0,26.0,4.0,3.0,16.0,11.0,2.0,29.0,7.0,36.0,2.0,6.0,5.0,1.0,3.0,4.0,3.0,7.0,2.0,,,10.0,2.0,6.0,12.0,1.0,9.0,,12.0,,2.0,4.0,1.0,,2.0,2.0,5.0,3.0,6.0,53.0,,0.7142857142857143,0.8333333333333334,0.3888888888888889,0.5,,0.5208333333333334,0.3333333333333333,0.5,0.5471698113207547,0.3333333333333333,0.6,14.685314685314683,0.3,0.25,0.1208791208791208,0.037037037037037,0.1666666666666666,0.0416666666666666,0.1443850267379679,0.03954802259887,0.0256410256410256,,0.2222222222222222,0.0163934426229508,0.0857142857142857,0.0952380952380952,0.21875,,0.1451612903225806,0.2058823529411764,0.0833333333333333,0.6,0.2291666666666666,0.5454545454545454,0.75,0.8333333333333334,0.125,0.1666666666666666,0.2,,0.6666666666666666,0.5,0.3333333333333333,,0.8541666666666666,0.5432364583333332,0.52895,0.5193833333333333,0.0588235294117647,0.1,0.0344827586206896,0.1034482758620689,4.966666666666666,0.1417525773195876,5.0,10.0,,,,7.0,20.0,,1.0,1.0,2.0,12.0,30.0,,1.0,,1.0,2.0,3.0,36.0,,20.0,7.0,4.0,,,1.0,,,5.0,2.0,,2.0,1.0,0.4,,0.5,0.4,0.625,,0.2222222222222222,0.2727272727272727,0.1666666666666666,,,0.2083333333333333,0.5,0.5,1.0,0.4166666666666667,0.35,0.35,1.0,,,0.3333333333333333,,,,,0.6666666666666666,0.5,0.35,24.93,1.0,,,1.0,,,1.0,1.0,1.0,0.0208333333333333,,,,,,0.032258064516129,,,,,,False,,,,,,
1629003,1610612751,Shake Milton,Shake Milton,1629003,BKN,21803.0,363,-78.0,728,730,181.0,279.0,82.0,1458,9.0,18.0,1.0,5.0,4.0,6.0,21.0,45.0,34.0,67.0,21.0,146.0,832.0,3.0,7.0,11.0,9.0,14.0,38.0,24.0,44.0,2.0,22.0,29.0,51.0,18.0,11.0,17.0,3.0,2.0,131.0,4.0,6.0,15.0,10.0,,25.0,10.0,35.0,4.0,14.0,8.0,6.0,10.0,1.0,7.0,6.0,2.0,3.0,,16.0,6.0,15.0,36.0,1.0,29.0,2.0,24.0,3.0,12.0,,,,,,,,38.0,178.0,8.0,0.3529411764705882,0.3636363636363636,0.5074626865671642,0.4285714285714285,0.6428571428571429,0.5482456140350878,0.45,0.6,0.5887096774193549,0.5,0.6551724137931034,17.094017094017094,0.625,,0.0666666666666666,0.0350877192982456,0.0914634146341463,0.0223463687150838,0.0796178343949044,0.0285714285714285,0.0256410256410256,0.0481927710843373,,0.0236220472440944,0.0192307692307692,0.056338028169014,0.0491803278688524,0.1666666666666666,0.1,0.074074074074074,0.0714285714285714,,0.1578947368421052,0.5,0.5294117647058824,0.3333333333333333,0.3947368421052631,0.4666666666666667,0.5121951219512195,0.4285714285714285,0.5,0.2,0.24,0.6666666666666666,0.5701754385964912,0.5120605263157894,0.6032166666666667,0.53412,0.1056910569105691,0.1578947368421052,0.0753424657534246,0.2602739726027397,7.240298507462689,0.2486263736263736,3.0,12.0,1.0,,3.0,16.0,35.0,1.0,2.0,4.0,8.0,19.0,47.0,1.0,3.0,2.0,4.0,11.0,8.0,57.0,,35.0,16.0,5.0,,,,,2.0,1.0,1.0,,1.0,1.0,0.4042553191489361,0.3333333333333333,0.3636363636363636,0.4042553191489361,0.4122807017543859,,0.0746268656716417,0.0555555555555555,0.0888888888888888,,,0.1052631578947368,0.25,0.25,1.0,0.3070175438596491,0.4571428571428571,0.4571428571428571,1.0,1.0,0.1,0.2,0.5,1.0,0.12,,0.32,0.5,0.4571428571428571,25.208510638297867,2.0,,4.0,4.0,,,,1.0,,0.0350877192982456,1.0,1.0,,,,0.0212765957446808,,,1.0,,,False,,,,,,
1641727,1610612751,Dariq Whitehead,Dariq Whitehead,1641727,BKN,2659.0,44,-12.0,93,98,29.0,48.0,12.0,191,,,,,,,1.0,3.0,1.0,3.0,1.0,27.0,107.0,,1.0,,,2.0,7.0,,2.0,,,,,,,,,,,,,2.0,1.0,,3.0,1.0,4.0,,2.0,1.0,1.0,3.0,1.0,,2.0,,3.0,1.0,5.0,2.0,1.0,2.0,,2.0,,3.0,1.0,2.0,,,,,,,,7.0,29.0,1.0,,,0.3333333333333333,,,0.6842105263157895,,0.3333333333333333,0.675,,0.35,23.36448598130841,0.6,,0.0833333333333333,,0.0869565217391304,,0.0857142857142857,,,,,,,0.25,,,,0.1818181818181818,,,,,,,0.1578947368421052,0.3333333333333333,0.3333333333333333,,,,,,0.8421052631578947,0.5044815789473683,0.4789,0.4741944444444443,0.1,0.5,,0.2592592592592592,9.866666666666667,0.3118279569892473,1.0,2.0,,,,7.0,14.0,,,2.0,7.0,8.0,16.0,,,,2.0,7.0,1.0,24.0,,14.0,7.0,,,1.0,,,,,,,,1.0,0.5,,0.2857142857142857,0.5,0.8421052631578947,,,,,,0.2,0.1052631578947368,0.5,0.5,1.0,0.7368421052631579,0.5,0.5,1.0,,,,,,,,0.7777777777777778,0.2857142857142857,0.5,26.56875,,,,,,,,,,,,,,,,,,,,,,False,,,,,,
1642385,1610612751,Cui Yongxi,Cui Yongxi,1642385,BKN,619.0,10,2.0,25,25,13.0,25.0,1.0,50,1.0,3.0,,,,,,1.0,1.0,4.0,1.0,3.0,19.0,,,,,1.0,1.0,2.0,,,,,,,,,,,,,,2.0,,,2.0,,2.0,,,,,,,,,,,,,,,,,1.0,,2.0,,1.0,,,,,,,,1.0,13.0,,1.0,1.0,0.25,,,0.1428571428571428,,,0.1875,,0.125,30.769230769230766,,,,,0.3333333333333333,,0.2222222222222222,,,,,,,,,,0.3333333333333333,,,,0.4285714285714285,0.3333333333333333,0.5,1.0,0.1428571428571428,,,,,,,,0.8571428571428571,0.5250357142857143,,0.4053666666666666,0.125,0.2,,0.3333333333333333,3.175,0.52,,2.0,,,1.0,,1.0,,,,1.0,,3.0,,,,,2.0,1.0,,,1.0,,1.0,,,,,,,,,,,,,,,0.4285714285714285,,0.25,0.3333333333333333,,,,0.2857142857142857,,,,0.1428571428571428,,,,,,,,,0.3333333333333333,,0.3333333333333333,,,24.266666666666666,,,,,,,,,,,,,,,,,,,,,,False,,,,,,
1641798,1610612751,Jaylen Martin,Jaylen Martin,1641798,BKN,282.0,5,1.0,12,11,10.0,8.0,2.0,23,,,,,,,,1.0,,1.0,,3.0,8.0,,,,,1.0,3.0,,,,,,,,,,,,,,,,,,,,,,,,,,,,,,,,,,1.0,1.0,,,,,,,,,,,,,,3.0,10.0,,,,,,,0.75,,0.75,0.75,,0.75,14.285714285714285,,,,,,,,,,,,,,,,,,,,,,,,,0.5,,,,,,,,0.5,0.488275,,0.488275,,,,1.0,6.1,0.8333333333333334,1.0,1.0,,1.0,1.0,,,,,,,1.0,1.0,,,,1.0,1.0,,3.0,,,,,,,,,,,,,,1.0,1.0,,1.0,1.0,0.5,,,,,,,0.5,1.0,1.0,1.0,,,,,,,,,,0.5,1.0,,,,23.2,,,,,,,,,,,,,,,,,,,,,,False,,,,,,
1630165,1610612751,Killian Hayes,Killian Hayes,1630165,BKN,9740.0,162,-24.0,334,341,72.0,111.0,43.0,675,5.0,7.0,2.0,2.0,1.0,2.0,5.0,14.0,10.0,22.0,10.0,54.0,400.0,3.0,4.0,9.0,1.0,3.0,9.0,8.0,12.0,4.0,18.0,13.0,31.0,7.0,6.0,9.0,7.0,2.0,75.0,3.0,2.0,9.0,4.0,,13.0,5.0,18.0,1.0,4.0,2.0,2.0,7.0,1.0,6.0,2.0,,1.0,,9.0,2.0,8.0,13.0,,12.0,1.0,12.0,,4.0,4.0,,,3.0,1.0,4.0,3.0,9.0,72.0,2.0,0.4,0.5,0.4545454545454545,0.75,0.3333333333333333,0.5116279069767442,0.6428571428571429,0.3571428571428571,0.5510204081632653,0.6428571428571429,0.45,14.833759590792836,0.7777777777777778,,0.0547945205479452,0.025,0.1384615384615384,0.0337078651685393,0.0942028985507246,0.029585798816568,,0.0512820512820512,,0.0294117647058823,0.0476190476190476,0.088235294117647,0.0294117647058823,,0.108695652173913,0.2105263157894736,0.0416666666666666,0.75,0.1627906976744186,0.7142857142857143,0.8333333333333334,0.2,0.3255813953488372,0.3571428571428571,0.3571428571428571,0.6,0.2857142857142857,1.0,0.2857142857142857,0.5,0.6511627906976745,0.5336116279069767,0.50645,0.5487571428571429,0.0851063829787234,0.1538461538461538,0.1666666666666666,0.1666666666666666,7.295454545454544,0.2155688622754491,1.0,3.0,,,,7.0,18.0,1.0,3.0,1.0,4.0,8.0,21.0,1.0,3.0,,1.0,4.0,4.0,24.0,,18.0,7.0,1.0,,,,,2.0,1.0,2.0,1.0,2.0,1.0,0.3809523809523809,0.3333333333333333,0.25,0.3809523809523809,0.4883720930232558,,0.0454545454545454,0.1428571428571428,,,,0.0697674418604651,0.3333333333333333,0.3333333333333333,1.0,0.4186046511627907,0.3888888888888889,0.3888888888888889,1.0,,,0.4285714285714285,0.3333333333333333,1.0,,,0.5714285714285714,0.25,0.3888888888888889,25.44285714285714,,,,1.0,,1.0,,,,0.0232558139534883,,,,,,,,,,,,False,,,,,,
1641721,1610612751,Maxwell Lewis,Maxwell Lewis,1641721,BKN,1337.0,22,-4.0,53,55,34.0,44.0,6.0,108,,1.0,,,,1.0,,2.0,,3.0,,6.0,54.0,,,,,3.0,,,,,,1.0,1.0,1.0,,,,,3.0,,1.0,4.0,1.0,2.0,7.0,1.0,8.0,,,,,1.0,,1.0,,,,,1.0,,2.0,2.0,,,,,,,,,,,,,,,34.0,,,,,,,0.4285714285714285,,,0.4285714285714285,,,13.333333333333334,1.0,1.0,0.1666666666666666,0.1,0.4,,0.3125,0.0434782608695652,,0.1666666666666666,,,,0.25,,,0.3333333333333333,0.5,,,0.1428571428571428,,,,0.2857142857142857,,,,,,0.25,,0.7142857142857143,0.5074500000000001,,0.47565,,,,,5.966666666666666,0.6415094339622641,1.0,1.0,,,,1.0,3.0,,,,1.0,2.0,4.0,,,,,1.0,,6.0,,3.0,1.0,1.0,,,,,,,,,,1.0,0.5,,,0.5,0.5714285714285714,,0.3333333333333333,,0.5,,,0.1428571428571428,1.0,1.0,1.0,0.4285714285714285,0.3333333333333333,0.3333333333333333,1.0,,,,,,,,0.25,,0.3333333333333333,25.55,,,,,,,,,,,,,,,,,,,,,,False,,,,,,
1626172,1610612744,Kevon Looney,Kevon Looney,1626172,GSW,7685.0,128,-56.0,251,264,70.0,78.0,43.0,515,8.0,22.0,4.0,15.0,2.0,8.0,1.0,4.0,10.0,28.0,7.0,27.0,312.0,5.0,18.0,11.0,2.0,10.0,8.0,10.0,10.0,8.0,3.0,6.0,9.0,6.0,,2.0,1.0,,24.0,4.0,18.0,10.0,11.0,4.0,25.0,23.0,48.0,5.0,5.0,3.0,2.0,4.0,,3.0,2.0,,1.0,,6.0,2.0,10.0,21.0,4.0,12.0,1.0,12.0,2.0,4.0,5.0,1.0,,1.0,4.0,6.0,3.0,8.0,67.0,2.0,0.5,0.8333333333333334,0.3571428571428571,0.2777777777777778,0.2,0.3571428571428571,0.2777777777777778,0.2,0.4090909090909091,0.2894736842105263,0.3076923076923077,12.62135922330097,0.6666666666666666,0.2857142857142857,0.1833333333333333,0.24,0.1886792452830188,0.0519480519480519,0.1858407079646017,0.1447368421052631,0.3461538461538461,0.1578947368421052,0.2727272727272727,0.046875,0.0769230769230769,0.2307692307692307,0.1388888888888889,0.2727272727272727,0.2439024390243902,,0.2941176470588235,0.5,0.7857142857142857,0.3636363636363636,0.3636363636363636,0.5,0.1428571428571428,0.25,0.25,,0.8333333333333334,0.2666666666666666,0.8,0.25,0.7857142857142857,0.5315714285714286,0.5408000000000001,0.5135799999999999,0.1333333333333333,0.1333333333333333,0.4074074074074074,0.2962962962962963,3.875,0.2788844621513944,,,,,,,,,,,,,,,,1.0,,,4.0,,,,,,,1.0,,,,5.0,3.0,,3.0,,,,,,,,,,,,0.0909090909090909,,,,,,,,,,,,,,,,,,,,2.0,1.0,1.0,2.0,,,,,1.0,0.0714285714285714,0.5,0.5,1.0,,,,,,,,,True,,,,,,
1627741,1610612744,Buddy Hield,Buddy Hield,1627741,GSW,14494.0,242,-81.0,488,477,76.0,80.0,72.0,965,8.0,13.0,,2.0,,,5.0,13.0,13.0,29.0,6.0,98.0,583.0,1.0,5.0,16.0,,,10.0,16.0,10.0,2.0,10.0,10.0,20.0,9.0,1.0,8.0,1.0,1.0,50.0,3.0,4.0,17.0,14.0,3.0,34.0,7.0,41.0,1.0,8.0,4.0,4.0,7.0,,5.0,5.0,,2.0,2.0,12.0,,7.0,12.0,,8.0,1.0,10.0,,2.0,,,,,,,,10.0,75.0,1.0,0.6153846153846154,0.6666666666666666,0.4482758620689655,0.2,,0.4554455445544554,0.4117647058823529,0.5625,0.4619047619047619,0.4444444444444444,0.5555555555555556,20.526315789473685,0.5833333333333334,0.2727272727272727,0.1428571428571428,0.0317460317460317,0.1634615384615384,0.0222222222222222,0.1534653465346534,0.0268199233716475,0.0344827586206896,0.0140845070422535,0.0769230769230769,0.0272727272727272,,0.1428571428571428,0.1641791044776119,,0.1351351351351351,0.2333333333333333,0.0166666666666666,,0.1287128712871287,0.6153846153846154,0.6153846153846154,0.75,0.1287128712871287,0.3846153846153846,0.3846153846153846,0.4,0.1176470588235294,,,,0.8415841584158416,0.5321138613861386,0.54765,0.5370375000000001,0.0288461538461538,0.064516129032258,0.1632653061224489,0.1020408163265306,5.703448275862069,0.1557377049180328,4.0,14.0,4.0,,1.0,18.0,58.0,3.0,8.0,3.0,7.0,22.0,72.0,4.0,12.0,2.0,3.0,8.0,1.0,63.0,3.0,58.0,18.0,,3.0,,1.0,1.0,,,1.0,,1.0,0.9545454545454546,0.3055555555555556,0.3333333333333333,0.375,0.3055555555555556,0.7128712871287128,0.0416666666666666,,,,0.0344827586206896,,0.1386138613861386,0.2857142857142857,0.3076923076923077,1.0,0.5742574257425742,0.3103448275862069,0.3214285714285714,0.9444444444444444,,0.2352941176470588,0.4705882352941176,0.375,1.0,0.125,,0.875,0.4285714285714285,0.3103448275862069,25.855555555555554,1.0,,,3.0,1.0,,1.0,1.0,,0.0297029702970297,,,,0.25,1.0,0.0136986301369863,,,,,0.0714285714285714,True,,,,,,
1627780,1610612744,Gary Payton II,Gary Payton II,1627780,GSW,2742.0,46,-9.0,90,98,26.0,27.0,8.0,188,3.0,3.0,1.0,1.0,1.0,1.0,,2.0,3.0,5.0,4.0,13.0,111.0,1.0,1.0,2.0,1.0,1.0,4.0,6.0,,,3.0,4.0,7.0,4.0,,3.0,,,18.0,1.0,,7.0,4.0,,11.0,1.0,12.0,,1.0,1.0,,,,,1.0,,,,1.0,,2.0,6.0,,2.0,,4.0,,1.0,,,,,,,,4.0,26.0,2.0,1.0,1.0,0.6,1.0,1.0,0.45,1.0,0.5,0.5416666666666666,1.0,0.6666666666666666,12.5,,,0.1538461538461538,,0.3043478260869565,0.0476190476190476,0.2244897959183673,0.0263157894736842,,,,0.0625,,0.375,0.0625,,0.4117647058823529,,,,0.3,1.0,1.0,1.0,0.2,,,,1.0,1.0,0.5,1.0,0.8,0.55758,0.6053,0.6149249999999999,0.0909090909090909,0.1666666666666666,0.1538461538461538,0.3076923076923077,3.3,0.2888888888888888,1.0,3.0,,,1.0,,2.0,,,,,1.0,5.0,,,,,1.0,2.0,3.0,,2.0,,,,,,,,,1.0,,1.0,1.0,0.2,,,0.2,0.5,,,,,,,0.3,0.3333333333333333,0.3333333333333333,1.0,0.2,,,,1.0,,,,,0.5,,,,,24.58,1.0,,,,,,,,,,,,,,,,,,,,,True,,,,,,
1630228,1610612744,Jonathan Kuminga,Jonathan Kuminga,1630228,GSW,7289.0,121,-28.0,248,247,65.0,55.0,37.0,495,11.0,13.0,1.0,3.0,3.0,3.0,8.0,21.0,19.0,36.0,21.0,74.0,271.0,1.0,4.0,6.0,4.0,8.0,21.0,26.0,12.0,2.0,4.0,5.0,9.0,3.0,2.0,1.0,3.0,,23.0,3.0,2.0,14.0,7.0,2.0,23.0,5.0,28.0,1.0,3.0,2.0,1.0,1.0,2.0,,3.0,1.0,1.0,,4.0,1.0,4.0,8.0,1.0,22.0,1.0,31.0,1.0,12.0,2.0,,,,2.0,2.0,2.0,20.0,64.0,,0.6842105263157895,0.7222222222222222,0.5277777777777778,0.25,0.5,0.5,0.3125,0.55,0.5441176470588235,0.3333333333333333,0.6176470588235294,24.74226804123711,0.25,0.5,0.1228070175438596,0.0289855072463768,0.2153846153846154,0.0410958904109589,0.1721311475409836,0.0352112676056338,,0.0526315789473684,,0.0491803278688524,,0.2857142857142857,0.1111111111111111,,0.196078431372549,0.2857142857142857,0.0384615384615384,1.0,0.2452830188679245,0.8461538461538461,0.8461538461538461,0.8181818181818182,0.3962264150943396,0.3809523809523809,0.4210526315789473,0.5,0.375,0.3333333333333333,0.3,1.0,0.5660377358490566,0.5012349056603773,0.54985,0.5414899999999999,0.1875,0.2553191489361702,0.081081081081081,0.2837837837837837,5.277777777777777,0.2620967741935484,,3.0,1.0,,1.0,5.0,14.0,1.0,3.0,1.0,1.0,5.0,17.0,1.0,4.0,1.0,1.0,2.0,10.0,15.0,,14.0,5.0,2.0,,,,,1.0,2.0,4.0,,3.0,1.0,0.2941176470588235,0.25,0.5,0.2941176470588235,0.320754716981132,,0.0555555555555555,,0.0952380952380952,,,0.0566037735849056,,,,0.2641509433962264,0.3571428571428571,0.3571428571428571,1.0,,0.125,0.375,0.3333333333333333,1.0,0.1,,0.1,1.0,0.3571428571428571,25.552941176470583,,,,2.0,,,,,,0.0377358490566037,,,,,,,,,,,,True,,,,,,
203471,1610612744,Dennis Schröder,Dennis Schröder,203471,GSW,37751.0,629,-126.0,1267,1269,249.0,264.0,171.0,2536,9.0,19.0,,,1.0,2.0,27.0,69.0,57.0,136.0,29.0,254.0,1486.0,4.0,9.0,36.0,10.0,28.0,60.0,32.0,82.0,,48.0,57.0,105.0,50.0,7.0,27.0,17.0,4.0,267.0,6.0,4.0,23.0,23.0,,46.0,10.0,56.0,2.0,25.0,12.0,13.0,28.0,10.0,19.0,20.0,4.0,9.0,,48.0,8.0,22.0,67.0,3.0,44.0,6.0,39.0,1.0,13.0,3.0,,,,3.0,3.0,2.0,60.0,243.0,7.0,0.2807017543859649,0.2807017543859649,0.4191176470588235,0.4444444444444444,0.3571428571428571,0.448207171314741,0.5714285714285714,0.4230769230769231,0.4684014869888476,0.6,0.4758064516129032,21.43340094658553,0.5833333333333334,,0.0779661016949152,0.0123456790123456,0.0812720848056537,0.017391304347826,0.0795847750865051,0.014947683109118,,0.0108695652173913,0.0363636363636363,0.0183150183150183,0.0138888888888888,0.0192307692307692,0.0804020100502512,0.1363636363636363,0.0869565217391304,0.0657894736842105,0.0155038759689922,0.6666666666666666,0.0756972111553784,0.4736842105263157,0.5625,0.3333333333333333,0.2749003984063745,0.391304347826087,0.4821428571428571,0.3333333333333333,,,0.0384615384615384,0.5,0.5338645418326693,0.4814775100401606,0.4852833333333334,0.461476,0.0494296577946768,0.0878378378378378,0.1417322834645669,0.2362204724409448,10.89044117647059,0.1965272296764009,5.0,10.0,3.0,1.0,4.0,32.0,105.0,7.0,16.0,7.0,20.0,37.0,115.0,8.0,19.0,4.0,8.0,24.0,16.0,99.0,12.0,104.0,32.0,19.0,3.0,,7.0,3.0,1.0,3.0,6.0,,6.0,0.8918918918918919,0.3217391304347826,0.4210526315789473,0.3333333333333333,0.3245614035087719,0.4581673306772908,0.0260869565217391,0.1397058823529411,0.1578947368421052,0.1884057971014492,0.0285714285714285,,0.0398406374501992,0.5,0.5,1.0,0.4183266932270916,0.3047619047619048,0.3137254901960784,0.875,,0.1071428571428571,0.5714285714285714,0.4375,1.0,0.0769230769230769,0.25,0.3846153846153846,0.35,0.3076923076923077,26.924347826086947,3.0,,21.0,48.0,1.0,,2.0,,,0.1912350597609561,0.4375,0.4666666666666667,0.1904761904761904,0.3333333333333333,1.0,,1.0,,,,,True,,0.0625,,,,
1630541,1610612744,Moses Moody,Moses Moody,1630541,GSW,12164.0,203,-28.0,403,411,89.0,121.0,50.0,814,4.0,4.0,,,1.0,1.0,11.0,18.0,15.0,24.0,12.0,99.0,487.0,3.0,4.0,15.0,4.0,6.0,27.0,16.0,14.0,2.0,8.0,4.0,12.0,3.0,1.0,1.0,6.0,1.0,28.0,2.0,2.0,8.0,9.0,4.0,21.0,5.0,26.0,,3.0,3.0,,3.0,1.0,2.0,1.0,,1.0,,4.0,1.0,4.0,10.0,1.0,13.0,,18.0,3.0,8.0,4.0,1.0,1.0,1.0,3.0,5.0,2.0,27.0,88.0,1.0,0.5333333333333333,0.5714285714285714,0.625,0.75,0.6666666666666666,0.6041666666666666,0.75,0.6764705882352942,0.6265822784810127,0.6818181818181818,0.7105263157894737,17.88793103448276,0.75,0.25,0.088235294117647,0.02,0.0987654320987654,0.0196078431372549,0.0928961748633879,0.0198019801980198,,0.0338983050847457,,0.024390243902439,,0.1428571428571428,0.0694444444444444,0.125,0.1269841269841269,,,0.4,0.0555555555555555,1.0,1.0,0.5,0.25,0.6111111111111112,0.6875,0.5454545454545454,,,0.0588235294117647,1.0,0.7222222222222222,0.5035916666666667,0.46325,0.4839617647058824,0.1153846153846153,0.2758620689655172,0.1515151515151515,0.2727272727272727,7.949999999999999,0.2208436724565756,6.0,18.0,1.0,,3.0,13.0,30.0,2.0,3.0,5.0,8.0,19.0,48.0,2.0,4.0,3.0,5.0,11.0,4.0,54.0,3.0,30.0,13.0,2.0,3.0,1.0,,,,1.0,1.0,,1.0,0.9473684210526316,0.3958333333333333,0.5,0.4545454545454545,0.3958333333333333,0.6666666666666666,0.0625,0.0833333333333333,,0.1111111111111111,0.0333333333333333,0.0909090909090909,0.25,0.3333333333333333,0.375,0.8333333333333334,0.4166666666666667,0.4333333333333333,0.4482758620689655,1.0,,0.125,0.375,0.6666666666666666,1.0,0.1764705882352941,,0.4705882352941176,0.625,0.4333333333333333,25.05208333333334,,,,2.0,,,,1.0,,0.0277777777777777,,,,,,0.0204081632653061,,,,,0.1111111111111111,True,,,,,,
1641764,1610612744,Brandin Podziemski,Brandin Podziemski,1641764,GSW,7062.0,118,8.0,230,232,82.0,68.0,39.0,462,3.0,4.0,1.0,1.0,1.0,2.0,3.0,8.0,8.0,14.0,8.0,60.0,262.0,1.0,2.0,8.0,3.0,4.0,22.0,10.0,6.0,2.0,9.0,7.0,16.0,5.0,2.0,4.0,4.0,1.0,39.0,5.0,1.0,10.0,4.0,2.0,16.0,6.0,22.0,,5.0,4.0,1.0,2.0,1.0,2.0,2.0,,,1.0,4.0,,3.0,5.0,1.0,5.0,,8.0,,3.0,,,,,,,,22.0,82.0,1.0,0.625,0.7142857142857143,0.5714285714285714,0.5,0.75,0.6842105263157895,0.6666666666666666,0.75,0.7142857142857143,0.6666666666666666,0.7857142857142857,16.60649819494585,0.5,0.3333333333333333,0.074074074074074,0.0175438596491228,0.2,0.0757575757575757,0.1346153846153846,0.048780487804878,,0.0333333333333333,,0.037037037037037,0.25,0.125,0.0526315789473684,0.125,0.1666666666666666,0.2857142857142857,,,0.1052631578947368,0.75,0.75,0.6666666666666666,0.2105263157894736,0.375,0.4285714285714285,0.6666666666666666,0.1666666666666666,1.0,0.1666666666666666,0.5,0.7368421052631579,0.514717105263158,0.4919666666666666,0.5166291666666667,0.073170731707317,0.1764705882352941,0.1333333333333333,0.3666666666666666,7.671428571428571,0.3565217391304348,3.0,5.0,1.0,,1.0,9.0,19.0,2.0,3.0,4.0,7.0,12.0,24.0,2.0,4.0,,4.0,8.0,4.0,33.0,3.0,19.0,9.0,1.0,,,1.0,,1.0,,1.0,,1.0,0.9166666666666666,0.5,0.5,0.5,0.5,0.631578947368421,,0.0714285714285714,,0.125,,,0.131578947368421,0.6,0.6,1.0,0.5,0.4736842105263157,0.4736842105263157,0.8888888888888888,,0.1666666666666666,0.5,0.6666666666666666,1.0,0.0833333333333333,,0.5833333333333334,0.5714285714285714,0.4736842105263157,25.812500000000004,,,2.0,2.0,,,,,,0.0526315789473684,1.0,1.0,0.5,,,,,,,,,True,,,,,,
203952,1610612744,Andrew Wiggins,Andrew Wiggins,203952,GSW,25689.0,428,-111.0,866,865,179.0,159.0,118.0,1731,16.0,32.0,4.0,13.0,4.0,8.0,32.0,67.0,51.0,113.0,40.0,235.0,1026.0,6.0,19.0,22.0,7.0,19.0,38.0,52.0,50.0,8.0,17.0,19.0,36.0,14.0,5.0,7.0,9.0,1.0,91.0,9.0,14.0,23.0,24.0,1.0,48.0,23.0,71.0,11.0,14.0,8.0,6.0,16.0,,11.0,7.0,3.0,5.0,,23.0,6.0,10.0,17.0,1.0,38.0,1.0,51.0,2.0,22.0,11.0,2.0,2.0,1.0,9.0,13.0,8.0,37.0,175.0,1.0,0.5098039215686274,0.5531914893617021,0.4513274336283185,0.3157894736842105,0.3684210526315789,0.4733009708737864,0.3461538461538461,0.3709677419354839,0.5131004366812227,0.3928571428571428,0.4523809523809524,24.75442043222004,0.6956521739130435,0.0588235294117647,0.1243523316062176,0.0585774058577405,0.1173469387755102,0.0394736842105263,0.1208226221079691,0.0492505353319057,0.1212121212121212,0.0454545454545454,,0.0331491712707182,0.0638297872340425,0.064516129032258,0.1287878787878787,0.1666666666666666,0.1111111111111111,0.1346153846153846,0.1018518518518518,0.6153846153846154,0.1553398058252427,0.5,0.5333333333333333,0.625,0.3252427184466019,0.4776119402985074,0.5614035087719298,0.4375,0.5,0.3076923076923077,0.2580645161290322,0.5,0.6067961165048543,0.5050932038834951,0.551921875,0.4886387096774193,0.1101321585903083,0.1654135338345864,0.0936170212765957,0.1617021276595744,6.800000000000001,0.2066974595842956,7.0,17.0,1.0,,,24.0,76.0,2.0,6.0,3.0,12.0,31.0,93.0,2.0,7.0,4.0,3.0,12.0,15.0,78.0,15.0,76.0,24.0,13.0,2.0,,,1.0,,,2.0,1.0,1.0,0.8387096774193549,0.3333333333333333,0.2857142857142857,0.25,0.3333333333333333,0.4514563106796116,0.021505376344086,0.1150442477876106,0.0625,0.1492537313432835,,,0.0825242718446602,0.4117647058823529,0.4666666666666667,1.0,0.3689320388349514,0.3157894736842105,0.3157894736842105,0.7916666666666666,,0.0384615384615384,0.2307692307692307,0.3333333333333333,1.0,,,0.3870967741935484,0.25,0.3157894736842105,25.847311827956982,1.0,,3.0,14.0,,2.0,,3.0,,0.0679611650485436,0.2142857142857142,0.2307692307692307,0.6666666666666666,,,0.0319148936170212,,,2.0,,0.1176470588235294,True,,0.0714285714285714,,,1.0,
1630322,1610612744,Lindy Waters III,Lindy Waters III,1630322,GSW,6396.0,107,-40.0,208,213,23.0,31.0,29.0,421,2.0,2.0,,,,,2.0,4.0,5.0,7.0,2.0,36.0,255.0,,1.0,,,,3.0,6.0,4.0,,2.0,3.0,5.0,3.0,,2.0,,,13.0,2.0,,3.0,9.0,1.0,13.0,2.0,15.0,,1.0,,1.0,1.0,3.0,,5.0,,1.0,,6.0,,2.0,6.0,1.0,5.0,1.0,4.0,1.0,1.0,2.0,,,1.0,1.0,2.0,1.0,3.0,22.0,,0.6,0.6,0.7142857142857143,,,0.6071428571428571,,1.5,0.6206896551724138,,1.5,14.462809917355372,0.1666666666666666,0.2,0.1551724137931034,,0.075,0.0317460317460317,0.1224489795918367,0.018018018018018,,,,0.0454545454545454,,0.1428571428571428,0.1463414634146341,0.2,0.037037037037037,0.1538461538461538,,0.5,0.0714285714285714,1.0,1.0,1.0,0.1428571428571428,0.5,0.5,,,,,,0.8214285714285714,0.5336321428571429,,0.52665,0.0689655172413793,0.1428571428571428,,0.0833333333333333,7.9,0.110576923076923,1.0,9.0,1.0,,,7.0,12.0,,1.0,1.0,1.0,8.0,21.0,,2.0,,1.0,1.0,,24.0,,12.0,7.0,,,,1.0,1.0,,,,,,1.0,0.3809523809523809,,1.0,0.3809523809523809,0.75,,,,,,,0.3214285714285714,0.1111111111111111,0.1111111111111111,1.0,0.4285714285714285,0.5833333333333334,0.5833333333333334,1.0,,0.3333333333333333,0.3333333333333333,,,,,1.0,1.0,0.5833333333333334,25.399999999999995,1.0,,1.0,1.0,,,,1.0,,0.0357142857142857,1.0,1.0,1.0,,,0.0454545454545454,,,,,,True,,,,,,
1630611,1610612744,Gui Santos,Gui Santos,1630611,GSW,7474.0,125,36.0,245,244,70.0,89.0,42.0,489,4.0,6.0,1.0,2.0,1.0,1.0,1.0,4.0,5.0,10.0,8.0,51.0,271.0,1.0,3.0,9.0,1.0,2.0,7.0,10.0,,,6.0,7.0,13.0,5.0,2.0,3.0,3.0,,33.0,7.0,3.0,6.0,11.0,1.0,18.0,10.0,28.0,,4.0,1.0,3.0,6.0,1.0,3.0,2.0,,3.0,1.0,8.0,3.0,6.0,15.0,1.0,11.0,1.0,11.0,1.0,5.0,,,,,,,,6.0,69.0,2.0,1.0,1.0,0.5,0.3333333333333333,0.5,0.671875,0.8,0.1666666666666666,0.6891891891891891,0.75,0.3888888888888889,15.254237288135592,0.75,0.1,0.180327868852459,0.0508474576271186,0.1111111111111111,0.1,0.1478260869565217,0.0775193798449612,0.0769230769230769,0.027027027027027,0.1111111111111111,0.087719298245614,0.1538461538461538,0.2666666666666666,0.1212121212121212,0.2307692307692307,0.125,0.0714285714285714,,,0.1875,0.6666666666666666,0.8,1.0,0.125,0.25,0.3333333333333333,1.0,0.4,0.5,0.1666666666666666,1.0,0.875,0.5404984375,0.5032625,0.4779416666666667,0.1388888888888889,0.3571428571428571,0.1764705882352941,0.1372549019607843,4.2700000000000005,0.2857142857142857,2.0,4.0,,,,9.0,18.0,2.0,2.0,,4.0,11.0,22.0,2.0,2.0,1.0,,4.0,5.0,33.0,,18.0,9.0,2.0,,,1.0,,,2.0,1.0,,,1.0,0.5,1.0,,0.5,0.6875,,0.2,0.1666666666666666,0.25,,,0.125,0.5,0.5,1.0,0.5625,0.5,0.5,1.0,1.0,,0.4,1.0,1.0,,,0.6666666666666666,,0.5,25.61818181818182,,,,,,,,,,,,,,,,,,,,,,True,,,,,,
203937,1610612744,Kyle Anderson,Kyle Anderson,203937,GSW,6624.0,110,-46.0,219,217,20.0,47.0,29.0,436,7.0,8.0,3.0,3.0,1.0,1.0,2.0,11.0,10.0,20.0,,29.0,257.0,3.0,5.0,6.0,1.0,1.0,2.0,14.0,6.0,4.0,5.0,5.0,10.0,3.0,2.0,3.0,2.0,,25.0,7.0,1.0,8.0,8.0,3.0,19.0,8.0,27.0,,4.0,1.0,3.0,3.0,,1.0,2.0,,2.0,2.0,5.0,2.0,4.0,9.0,2.0,4.0,,1.0,1.0,1.0,8.0,,,1.0,6.0,8.0,6.0,2.0,20.0,2.0,0.7,0.875,0.5,0.6,1.0,0.5370370370370371,0.6,1.0,0.5370370370370371,0.6,1.0,12.698412698412698,0.6,0.5,0.16,0.0238095238095238,0.1818181818181818,0.1,0.1702127659574468,0.0714285714285714,,0.0333333333333333,,0.1176470588235294,0.0526315789473684,0.2222222222222222,0.1176470588235294,0.2857142857142857,0.1935483870967742,0.1538461538461538,,0.75,0.2962962962962963,0.875,1.0,0.7142857142857143,0.4074074074074074,0.1818181818181818,0.1818181818181818,1.0,0.6,1.0,1.0,1.0,0.5555555555555556,0.5147574074074076,0.5125,0.5819,0.037037037037037,0.05,0.2068965517241379,0.0689655172413793,6.709999999999999,0.091324200913242,2.0,5.0,,,,1.0,2.0,,,,,3.0,7.0,,,,,,,9.0,,2.0,1.0,1.0,,,2.0,,,,,,,1.0,0.4285714285714285,,,0.4285714285714285,0.2592592592592592,,0.05,0.125,,,,0.1851851851851851,0.4,0.4,1.0,0.074074074074074,0.5,0.5,1.0,0.3333333333333333,,,,,,,,,0.5,24.27142857142857,,,1.0,1.0,,,,,,0.037037037037037,1.0,1.0,,,,,,,,,,True,,,,,1.0,
201939,1610612744,Stephen Curry,Stephen Curry,201939,GSW,16200.0,270,-53.0,563,549,98.0,110.0,64.0,1112,7.0,10.0,,1.0,1.0,3.0,13.0,29.0,21.0,48.0,27.0,153.0,661.0,2.0,5.0,32.0,4.0,9.0,41.0,18.0,24.0,2.0,20.0,15.0,35.0,9.0,6.0,16.0,4.0,,85.0,3.0,1.0,16.0,16.0,1.0,33.0,4.0,37.0,,9.0,6.0,3.0,12.0,4.0,10.0,8.0,,2.0,1.0,20.0,4.0,7.0,12.0,,28.0,1.0,27.0,2.0,9.0,4.0,,,1.0,3.0,4.0,2.0,35.0,93.0,2.0,0.4285714285714285,0.45,0.4375,0.4,0.4444444444444444,0.4809160305343511,0.9117647058823528,0.5178571428571429,0.534965034965035,0.9411764705882352,0.6029411764705882,25.115562403698,0.6,0.0833333333333333,0.1259842519685039,0.0067567567567567,0.128,0.0202702702702702,0.1269841269841269,0.0135135135135135,0.0192307692307692,,,0.017391304347826,0.0303030303030303,0.1153846153846153,0.1139240506329113,0.1818181818181818,0.1182795698924731,0.15625,,0.5,0.0763358778625954,0.7,0.875,0.5714285714285714,0.2213740458015267,0.4482758620689655,0.4482758620689655,0.3846153846153846,0.0588235294117647,,0.1071428571428571,0.3333333333333333,0.7099236641221374,0.506611923076923,0.5132388888888889,0.4806428571428571,0.072463768115942,0.1636363636363636,0.2091503267973856,0.2679738562091503,8.618749999999999,0.1740674955595026,2.0,8.0,1.0,1.0,4.0,26.0,75.0,8.0,11.0,6.0,15.0,28.0,83.0,9.0,12.0,1.0,7.0,19.0,12.0,72.0,12.0,74.0,26.0,2.0,1.0,,1.0,,,,5.0,,2.0,0.8571428571428571,0.3373493975903614,0.75,0.3684210526315789,0.3414634146341463,0.6335877862595419,0.0120481927710843,0.0416666666666666,0.2,,0.0133333333333333,,0.0610687022900763,0.25,0.25,1.0,0.5725190839694656,0.3466666666666667,0.3513513513513513,0.8461538461538461,,0.0588235294117647,0.6470588235294118,0.7272727272727273,1.0,0.1428571428571428,0.25,0.5357142857142857,0.4,0.3513513513513513,27.49277108433735,1.0,,1.0,9.0,1.0,1.0,,1.0,,0.0687022900763358,0.1111111111111111,0.1111111111111111,,1.0,1.0,0.0120481927710843,1.0,,1.0,,,True,,,,,,
203110,1610612744,Draymond Green,Draymond Green,203110,GSW,12000.0,200,-30.0,413,416,76.0,67.0,45.0,829,3.0,12.0,,5.0,,4.0,8.0,15.0,12.0,29.0,5.0,59.0,469.0,,6.0,,,6.0,1.0,20.0,4.0,,17.0,9.0,26.0,8.0,1.0,13.0,4.0,,61.0,2.0,7.0,14.0,10.0,1.0,25.0,9.0,34.0,3.0,9.0,8.0,1.0,12.0,5.0,10.0,8.0,2.0,2.0,,20.0,3.0,7.0,16.0,,19.0,3.0,11.0,1.0,5.0,9.0,,,2.0,7.0,9.0,6.0,1.0,70.0,3.0,0.8333333333333334,0.8333333333333334,0.4137931034482758,,,0.4354838709677419,,,0.4402985074626865,,0.05,18.471337579617835,0.6,0.2,0.1041666666666666,0.0721649484536082,0.1386138613861386,0.0181818181818181,0.1218274111675127,0.0434782608695652,0.0857142857142857,0.08,,0.0235294117647058,,0.0769230769230769,0.1212121212121212,0.0588235294117647,0.1527777777777778,0.1034482758620689,0.0833333333333333,0.6666666666666666,0.1935483870967742,0.25,0.3333333333333333,1.0,0.2419354838709677,0.5333333333333333,0.5714285714285714,0.75,0.625,,0.5,,0.7258064516129032,0.5413604838709677,0.5848714285714286,0.5520625,0.0757575757575757,0.1515151515151515,,0.0169491525423728,5.051724137931036,0.1840193704600484,2.0,11.0,2.0,,1.0,8.0,22.0,,,,1.0,10.0,33.0,,2.0,,,2.0,1.0,27.0,3.0,22.0,8.0,4.0,,,3.0,,2.0,3.0,1.0,,1.0,0.9,0.303030303030303,,,0.303030303030303,0.532258064516129,,0.1379310344827586,0.25,0.0666666666666666,,,0.1774193548387097,0.1818181818181818,0.1818181818181818,1.0,0.3548387096774194,0.3636363636363636,0.3636363636363636,0.875,,0.25,,,,0.125,,0.125,,0.3636363636363636,25.07878787878788,1.0,,1.0,2.0,,,,,,0.032258064516129,0.5,0.5,1.0,,,,,,,,,True,,,,,,
1630311,1610612744,Pat Spencer,Pat Spencer,1630311,GSW,62.0,1,,2,1,,,,3,,,,,,,,,,,,,,,,,,,,,,,,,,,,,,,,,,,,,,,,,,,,,,,,,,,,,1.0,1.0,,,,,,,,,,,,,,,,,,,,,,,,,,,,,,,,,,,,,,,,,,,,,,,,,,,,,,,,,,,,,,,,,,,,,,,,,,,,,,,,,,,,,,,,,,,,,,,,,,,,,,,,,,,,,,,,,,,,,,,,,,,,,,,,,,,,,,,,,,,,,,,,,,,,,,,,,,,,True,,,,,,
1631218,1610612744,Trayce Jackson-Davis,Trayce Jackson-Davis,1631218,GSW,22174.0,370,-77.0,743,745,96.0,102.0,98.0,1488,48.0,71.0,10.0,17.0,1.0,3.0,11.0,43.0,59.0,114.0,25.0,143.0,862.0,11.0,21.0,27.0,5.0,9.0,14.0,94.0,24.0,16.0,14.0,24.0,38.0,18.0,6.0,4.0,7.0,3.0,100.0,19.0,35.0,46.0,36.0,3.0,85.0,54.0,139.0,6.0,9.0,7.0,2.0,7.0,1.0,2.0,9.0,1.0,5.0,,16.0,,12.0,21.0,2.0,28.0,,36.0,8.0,22.0,15.0,1.0,,5.0,10.0,16.0,12.0,14.0,95.0,,0.7966101694915254,0.9215686274509804,0.5175438596491229,0.5238095238095238,0.5555555555555556,0.5175438596491229,0.5238095238095238,0.5555555555555556,0.55859375,0.5625,0.6363636363636364,16.666666666666664,0.4375,0.3,0.2068965517241379,0.1741293532338308,0.2658959537572254,0.0979381443298969,0.2363112391930835,0.1367088607594936,0.2291666666666666,0.1416666666666666,0.2121212121212121,0.0921052631578947,0.119047619047619,0.1142857142857142,0.2459016393442623,0.1176470588235294,0.2833333333333333,0.2264150943396226,0.1714285714285714,0.75,0.6228070175438597,0.676056338028169,0.75,0.7708333333333334,0.3771929824561403,0.2558139534883721,0.34375,0.9090909090909092,0.8095238095238095,0.5882352941176471,0.3333333333333333,0.3333333333333333,0.6228070175438597,0.5176535087719298,0.5624,0.4934111111111111,0.171875,0.171875,0.1888111888111888,0.0979020979020979,3.4824561403508776,0.1292059219380888,,,,,,,,,,,,,,,,5.0,,,4.0,,,,,18.0,,,2.0,,,,,3.0,,,,,,,,,0.1578947368421052,0.0985915492957746,0.2558139534883721,,,,,,,,,,,0.1,,,,,,,,,,,6.0,,,,,1.0,,,1.0,,,,,,,,,,,,,True,,,,,,
1642366,1610612744,Quinten Post,Quinten Post,1642366,GSW,2949.0,49,11.0,99,97,26.0,22.0,10.0,196,2.0,4.0,,1.0,,,,2.0,3.0,8.0,2.0,29.0,117.0,,2.0,5.0,,,8.0,6.0,,,2.0,2.0,4.0,2.0,,2.0,,,10.0,2.0,1.0,2.0,5.0,,7.0,3.0,10.0,1.0,1.0,1.0,,,,,3.0,,,,3.0,1.0,10.0,13.0,,2.0,,2.0,,1.0,1.0,,,,1.0,1.0,1.0,8.0,26.0,,1.0,1.0,0.375,,,0.6428571428571429,0.5,0.6,0.6590909090909091,0.625,0.6666666666666666,23.148148148148145,,,0.2083333333333333,0.0588235294117647,0.1,0.0869565217391304,0.1590909090909091,0.075,0.5,,,0.1,,,0.2666666666666666,0.125,0.1176470588235294,,0.1,1.0,0.1904761904761904,0.5,0.5,1.0,0.0952380952380952,,,,0.3333333333333333,,,,0.8095238095238095,0.504904761904762,0.52535,0.49713,0.0454545454545454,0.1111111111111111,0.1724137931034483,0.2758620689655172,7.1875,0.2626262626262626,1.0,2.0,,,,6.0,11.0,1.0,1.0,2.0,5.0,7.0,13.0,1.0,1.0,2.0,2.0,5.0,2.0,21.0,,11.0,6.0,,,,,,,1.0,,,,1.0,0.5384615384615384,1.0,0.4,0.5384615384615384,0.6190476190476191,,,,,,,0.0952380952380952,0.5,0.5,1.0,0.5238095238095238,0.5454545454545454,0.5454545454545454,1.0,,,0.3333333333333333,1.0,1.0,,,1.0,0.4,0.5454545454545454,26.17692307692308,3.0,,1.0,2.0,,,,,,0.0952380952380952,0.5,0.5,1.0,,,,,,,,,True,,,,,,
1626172,1610612744,Kevon Looney,Kevon Looney,1626172,GSW,46713.0,779,105.0,1598,1596,428.0,498.0,234.0,3194,92.0,137.0,43.0,75.0,23.0,34.0,14.0,51.0,109.0,204.0,38.0,256.0,1740.0,45.0,92.0,100.0,28.0,49.0,76.0,124.0,94.0,72.0,45.0,45.0,90.0,33.0,12.0,23.0,15.0,7.0,225.0,36.0,95.0,71.0,110.0,17.0,198.0,135.0,333.0,19.0,33.0,15.0,18.0,12.0,1.0,6.0,16.0,2.0,6.0,1.0,28.0,8.0,58.0,108.0,11.0,54.0,2.0,68.0,8.0,31.0,21.0,,,9.0,12.0,21.0,11.0,76.0,420.0,7.0,0.5688073394495413,0.8493150684931506,0.5343137254901961,0.4891304347826087,0.5714285714285714,0.5265700483091788,0.4891304347826087,0.5490196078431373,0.540084388185654,0.5,0.5671641791044776,13.991552270327348,0.4285714285714285,0.320754716981132,0.2798982188295165,0.2278177458033573,0.1873350923482849,0.0855106888361045,0.2344559585492228,0.1563245823389021,0.2333333333333333,0.2610619469026549,0.1126760563380281,0.0694864048338368,0.1444444444444444,0.297029702970297,0.2747747747747748,0.2714285714285714,0.1845637583892617,0.1975308641975308,0.2435897435897435,0.5238095238095238,0.6618357487922706,0.6715328467153284,0.6865671641791045,0.5217391304347826,0.2463768115942029,0.2745098039215686,0.3783783783783784,0.8571428571428571,0.8152173913043478,0.5733333333333334,0.6666666666666666,0.6764705882352942,0.6763285024154589,0.542987378640777,0.5527578947368421,0.533756,0.1347826086956521,0.1365638766519823,0.390625,0.296875,4.168627450980393,0.2678347934918648,,,,,,,3.0,,,,2.0,,3.0,,,10.0,,2.0,20.0,,,2.0,,17.0,,4.0,6.0,1.0,,7.0,7.0,,7.0,,,,,,0.0144927536231884,,0.0833333333333333,0.0218978102189781,0.2745098039215686,,0.0769230769230769,,,,,0.0144927536231884,,,,0.1395348837209302,,,,,,,0.0392156862745098,,,38.3,11.0,3.0,3.0,16.0,,,,,,0.0772946859903381,0.1875,0.1875,0.6666666666666666,,,,1.0,,,,,False,,,,,,
1627741,1610612744,Buddy Hield,Buddy Hield,1627741,GSW,74928.0,1249,123.0,2598,2557,620.0,660.0,333.0,5155,54.0,82.0,7.0,13.0,9.0,20.0,28.0,61.0,92.0,172.0,34.0,629.0,2884.0,10.0,18.0,66.0,11.0,38.0,115.0,112.0,72.0,14.0,48.0,37.0,85.0,25.0,12.0,32.0,16.0,,207.0,21.0,9.0,74.0,57.0,7.0,138.0,30.0,168.0,5.0,47.0,28.0,19.0,36.0,14.0,22.0,29.0,4.0,14.0,2.0,65.0,12.0,43.0,95.0,3.0,29.0,,40.0,5.0,9.0,20.0,,,7.0,13.0,20.0,8.0,113.0,613.0,12.0,0.6086956521739131,0.6588235294117647,0.5348837209302325,0.5555555555555556,0.2894736842105263,0.5499075785582255,0.4626865671641791,0.4478260869565217,0.5650994575045208,0.4705882352941176,0.475,20.67581130812981,0.5538461538461539,0.075268817204301,0.0929853181076672,0.0150753768844221,0.1295971978984238,0.0301291248206599,0.1106418918918918,0.0231839258114374,0.0196078431372549,0.0098684210526315,0.0224719101123595,0.030188679245283,0.029940119760479,0.0552147239263803,0.1066282420749279,0.1067961165048543,0.1296296296296296,0.1294964028776978,0.0177304964539007,0.4,0.1515711645101663,0.6585365853658537,0.7397260273972602,0.6481481481481481,0.1127541589648798,0.4590163934426229,0.5490196078431373,0.5,0.1940298507462686,0.5384615384615384,0.1739130434782608,0.45,0.833641404805915,0.5419024953789279,0.5396328125,0.5263469565217392,0.0273224043715847,0.0511363636363636,0.1049284578696343,0.1828298887122416,6.831976744186044,0.2386451116243264,36.0,92.0,12.0,4.0,17.0,101.0,277.0,12.0,37.0,23.0,60.0,137.0,369.0,14.0,49.0,4.0,27.0,77.0,12.0,384.0,27.0,277.0,101.0,20.0,4.0,,5.0,1.0,,2.0,4.0,,3.0,0.9343065693430656,0.3712737127371274,0.2857142857142857,0.3506493506493506,0.3712737127371274,0.6820702402957486,0.010840108401084,0.1162790697674418,0.1097560975609756,0.1639344262295081,0.0072202166064981,,0.1700554528650646,0.391304347826087,0.4,0.9722222222222222,0.512014787430684,0.3646209386281588,0.3672727272727272,0.9207920792079208,0.1428571428571428,0.1791044776119403,0.5522388059701493,0.3243243243243243,0.9166666666666666,0.1478260869565217,0.2352941176470588,0.5217391304347826,0.3833333333333333,0.3646209386281588,25.495392953929542,5.0,,10.0,29.0,2.0,3.0,5.0,6.0,,0.0536044362292051,0.3448275862068966,0.3571428571428571,0.7,0.1666666666666666,0.5,0.0160857908847185,,2.0,2.0,,0.0217391304347826,False,,0.0344827586206896,,,,
1627780,1610612744,Gary Payton II,Gary Payton II,1627780,GSW,39889.0,665,17.0,1347,1392,309.0,404.0,170.0,2739,87.0,111.0,20.0,24.0,19.0,26.0,19.0,40.0,106.0,151.0,23.0,283.0,1596.0,20.0,26.0,48.0,20.0,31.0,59.0,172.0,40.0,22.0,30.0,30.0,60.0,22.0,8.0,17.0,9.0,4.0,150.0,18.0,23.0,56.0,32.0,6.0,94.0,43.0,137.0,4.0,36.0,24.0,12.0,12.0,4.0,10.0,18.0,1.0,2.0,2.0,30.0,5.0,26.0,83.0,6.0,32.0,2.0,33.0,9.0,17.0,13.0,1.0,1.0,3.0,10.0,14.0,10.0,58.0,299.0,11.0,0.8113207547169812,0.9052631578947368,0.7019867549668874,0.7692307692307693,0.6451612903225806,0.6074766355140186,0.6515151515151515,0.5897435897435898,0.6261061946902655,0.6857142857142857,0.6413043478260869,16.50548033526757,0.4,0.1428571428571428,0.0930232558139534,0.0827338129496402,0.1824104234527687,0.0509915014164305,0.1351766513056835,0.0649762282091917,0.0862068965517241,0.0902255639097744,0.0344827586206896,0.0528301886792452,0.0454545454545454,0.0967741935483871,0.1,0.0655737704918032,0.1822033898305084,0.1830985915492957,0.0519480519480519,0.7142857142857143,0.5186915887850467,0.7837837837837838,0.8446601941747572,0.7931034482758621,0.1869158878504672,0.475,0.5757575757575758,0.8947368421052632,0.7272727272727273,0.8333333333333334,0.6666666666666666,0.7307692307692307,0.8130841121495327,0.581223598130841,0.6018357142857143,0.6046871794871794,0.0765765765765765,0.1069182389937107,0.1696113074204947,0.2084805653710247,2.988079470198674,0.2293986636971046,10.0,31.0,4.0,2.0,4.0,6.0,32.0,,3.0,,4.0,16.0,63.0,1.0,7.0,5.0,2.0,8.0,13.0,48.0,,32.0,6.0,15.0,,2.0,3.0,2.0,,1.0,4.0,,3.0,1.0,0.2539682539682539,0.1428571428571428,0.25,0.2539682539682539,0.2943925233644859,,0.0993377483443708,0.072072072072072,0.175,,0.0425531914893617,0.1448598130841121,0.3225806451612903,0.3225806451612903,1.0,0.1495327102803738,0.1875,0.1875,1.0,0.3,0.1212121212121212,0.0909090909090909,,,0.1025641025641025,0.5,0.1025641025641025,,0.1875,24.66190476190477,8.0,,,,1.0,1.0,,,,,,,,0.25,1.0,,,,,,,False,,,,,,
1628995,1610612744,Kevin Knox II,Kevin Knox II,1628995,GSW,3054.0,51,-9.0,103,101,22.0,47.0,15.0,204,2.0,4.0,2.0,4.0,1.0,3.0,5.0,7.0,8.0,13.0,3.0,28.0,119.0,2.0,5.0,7.0,3.0,7.0,9.0,10.0,6.0,4.0,1.0,3.0,4.0,3.0,,1.0,,,11.0,2.0,4.0,3.0,1.0,1.0,5.0,6.0,11.0,,1.0,,1.0,1.0,,,,,1.0,,1.0,,4.0,5.0,,3.0,,4.0,,2.0,3.0,1.0,1.0,2.0,1.0,4.0,2.0,9.0,22.0,,0.625,0.8333333333333334,0.6153846153846154,0.4,0.4285714285714285,0.5208333333333334,0.3333333333333333,0.5,0.5384615384615384,0.4375,0.5,21.951219512195124,1.0,0.25,0.04,0.16,0.1578947368421052,0.0571428571428571,0.0909090909090909,0.1,,0.2727272727272727,0.1666666666666666,0.04,0.1,,0.0666666666666666,,0.125,0.3333333333333333,,0.5,0.1666666666666666,0.5,0.5,,0.2916666666666667,0.7142857142857143,0.7142857142857143,0.8,0.6666666666666666,0.5,0.3333333333333333,0.3333333333333333,0.625,0.504725,0.6147333333333332,0.4955333333333332,0.0769230769230769,0.1333333333333333,0.25,0.3214285714285714,6.6923076923076925,0.2135922330097087,1.0,5.0,,,1.0,2.0,6.0,,1.0,1.0,1.0,3.0,11.0,,1.0,3.0,1.0,2.0,,9.0,,6.0,2.0,,,,,,,1.0,,,,1.0,0.2727272727272727,,0.5,0.2727272727272727,0.4583333333333333,,,,,,,0.2083333333333333,0.2,0.2,1.0,0.25,0.3333333333333333,0.3333333333333333,1.0,,,0.1666666666666666,,,0.1111111111111111,,0.1111111111111111,1.0,0.3333333333333333,24.79090909090909,,,1.0,2.0,,,,,,0.0833333333333333,0.5,0.5,1.0,,,,,,,,,False,,,,,,
201939,1610612744,Stephen Curry,Stephen Curry,201939,GSW,89954.0,1499,262.0,3138,3109,658.0,682.0,390.0,6247,74.0,117.0,7.0,14.0,16.0,23.0,69.0,148.0,179.0,327.0,184.0,1196.0,3568.0,14.0,26.0,128.0,35.0,66.0,328.0,168.0,190.0,8.0,212.0,94.0,306.0,55.0,39.0,143.0,64.0,5.0,706.0,16.0,10.0,92.0,86.0,2.0,180.0,27.0,207.0,4.0,49.0,26.0,23.0,86.0,26.0,71.0,52.0,8.0,15.0,2.0,138.0,34.0,31.0,62.0,3.0,164.0,2.0,199.0,18.0,61.0,17.0,2.0,2.0,4.0,10.0,19.0,7.0,316.0,644.0,3.0,0.4692737430167598,0.48,0.5474006116207951,0.5384615384615384,0.5303030303030303,0.5863267670915412,0.6488095238095238,0.5813953488372093,0.6283138918345705,0.6847826086956522,0.6448412698412699,29.850332594235034,0.6231884057971014,0.0235294117647058,0.1171662125340599,0.0152439024390243,0.1277777777777777,0.0194410692588092,0.1224209078404401,0.0175794455713319,0.0192307692307692,0.0157232704402515,,0.0194174757281553,0.0195121951219512,0.1057692307692307,0.115,0.1428571428571428,0.125,0.1363636363636363,0.0093896713615023,0.3684210526315789,0.1355735805330243,0.6324786324786325,0.7115384615384616,0.5540540540540541,0.1714947856315179,0.4662162162162162,0.5073529411764706,0.391304347826087,0.1666666666666666,0.5,0.1069767441860465,0.6956521739130435,0.7566628041714948,0.5213936107854629,0.5203302083333333,0.5075819711538464,0.0799561883899233,0.1648648648648648,0.1070234113712374,0.2742474916387959,7.826299694189601,0.2096876991714467,28.0,59.0,16.0,9.0,15.0,190.0,477.0,17.0,42.0,51.0,134.0,218.0,536.0,27.0,58.0,19.0,60.0,149.0,78.0,444.0,210.0,473.0,189.0,26.0,7.0,1.0,11.0,4.0,4.0,1.0,30.0,,20.0,0.6788990825688074,0.4067164179104477,0.4655172413793103,0.4026845637583892,0.4071294559099437,0.6210892236384704,0.0130597014925373,0.0795107033639143,0.1111111111111111,0.081081081081081,0.0146750524109014,0.0138888888888888,0.0683661645422943,0.4745762711864407,0.4745762711864407,1.0,0.5527230590961761,0.3983228511530398,0.4042553191489361,0.631578947368421,0.7142857142857143,0.1904761904761904,0.5,0.4047619047619047,0.9411764705882352,0.0697674418604651,0.6,0.6232558139534884,0.3805970149253731,0.3995771670190274,27.03861940298508,3.0,,36.0,62.0,10.0,6.0,13.0,12.0,,0.0718424101969872,0.5806451612903226,0.5901639344262295,0.4444444444444444,0.625,1.0,0.0220994475138121,3.0,,5.0,1.0,,False,,0.0161290322580645,,,3.0,1.0
1629001,1610612744,De'Anthony Melton,De'Anthony Melton,1629001,GSW,7259.0,121,26.0,256,265,41.0,82.0,32.0,521,4.0,9.0,,2.0,3.0,3.0,5.0,10.0,9.0,19.0,4.0,61.0,260.0,,3.0,6.0,4.0,4.0,17.0,8.0,10.0,,13.0,4.0,17.0,2.0,2.0,9.0,4.0,,38.0,3.0,2.0,8.0,5.0,1.0,14.0,6.0,20.0,,7.0,5.0,2.0,4.0,,2.0,6.0,1.0,2.0,,10.0,,6.0,18.0,,7.0,1.0,8.0,,1.0,2.0,,,,2.0,2.0,1.0,17.0,41.0,4.0,0.4444444444444444,0.4444444444444444,0.4736842105263157,,1.0,0.5277777777777778,0.6,0.6363636363636364,0.5258620689655172,0.6,0.6538461538461539,23.12925170068027,0.4,0.1,0.078125,0.0416666666666666,0.1428571428571428,0.0434782608695652,0.1083333333333333,0.0427350427350427,,0.05,0.1428571428571428,0.05,,0.1764705882352941,0.0512820512820512,,0.1666666666666666,0.0714285714285714,,0.5,0.1666666666666666,0.4444444444444444,0.4444444444444444,0.25,0.1851851851851851,0.5,0.5555555555555556,0.6,0.4,,0.2727272727272727,1.0,0.8148148148148148,0.5396120370370371,0.4115499999999999,0.5839500000000001,0.0181818181818181,0.05,0.0983606557377049,0.2786885245901639,4.473684210526314,0.16015625,3.0,4.0,,,,10.0,31.0,2.0,2.0,2.0,7.0,13.0,35.0,2.0,2.0,,2.0,7.0,3.0,36.0,3.0,31.0,10.0,1.0,,1.0,3.0,,,,3.0,,2.0,0.9230769230769232,0.3714285714285714,1.0,0.2857142857142857,0.3714285714285714,0.6481481481481481,,0.0526315789473684,,0.1,,0.1,0.074074074074074,0.75,0.75,1.0,0.5740740740740741,0.3225806451612903,0.3225806451612903,0.9,,,0.4,1.0,0.5,,,0.6363636363636364,0.2857142857142857,0.3225806451612903,25.70857142857143,1.0,,,,,4.0,,,,,,,,,,,,,,1.0,,False,,,,,,
1641764,1610612744,Brandin Podziemski,Brandin Podziemski,1641764,GSW,69110.0,1152,164.0,2365,2359,599.0,683.0,317.0,4724,48.0,74.0,12.0,19.0,13.0,20.0,56.0,111.0,115.0,220.0,48.0,446.0,2521.0,15.0,28.0,59.0,28.0,58.0,119.0,116.0,114.0,16.0,78.0,77.0,155.0,53.0,24.0,53.0,19.0,6.0,387.0,21.0,22.0,88.0,77.0,10.0,175.0,46.0,221.0,4.0,48.0,27.0,21.0,34.0,7.0,21.0,16.0,,13.0,3.0,50.0,10.0,27.0,69.0,7.0,87.0,11.0,66.0,7.0,27.0,10.0,2.0,1.0,2.0,8.0,12.0,6.0,118.0,595.0,12.0,0.5043478260869565,0.5420560747663551,0.5227272727272727,0.5357142857142857,0.4827586206896552,0.4865525672371638,0.5,0.4375,0.5102974828375286,0.5175438596491229,0.476,17.786705624543462,0.68,0.1470588235294117,0.1397459165154265,0.0404411764705882,0.1623616236162361,0.0323574730354391,0.1509606587374199,0.0360435875943,0.0486486486486486,0.037037037037037,0.0337078651685393,0.0323886639676113,0.032258064516129,0.0723684210526315,0.138801261829653,0.2682926829268293,0.1636828644501279,0.1589403973509933,0.0193236714975845,0.5,0.1809290953545232,0.6486486486486487,0.7058823529411765,0.5416666666666666,0.2713936430317848,0.5045045045045045,0.5544554455445545,0.4642857142857143,0.3518518518518518,0.631578947368421,0.1785714285714285,0.65,0.6430317848410758,0.5112334152334151,0.5697615384615384,0.5032648648648651,0.0651162790697674,0.1125,0.132286995515695,0.2668161434977578,7.741363636363638,0.253276955602537,13.0,34.0,7.0,5.0,13.0,43.0,155.0,7.0,19.0,9.0,41.0,56.0,189.0,8.0,26.0,5.0,14.0,54.0,21.0,138.0,30.0,153.0,43.0,17.0,3.0,3.0,4.0,,15.0,7.0,7.0,,6.0,0.8214285714285714,0.2962962962962963,0.3076923076923077,0.2592592592592592,0.2994652406417112,0.4621026894865526,0.0158730158730158,0.0772727272727272,0.081081081081081,0.09009009009009,0.0129032258064516,0.0454545454545454,0.0831295843520782,0.3823529411764705,0.3939393939393939,0.9230769230769232,0.3789731051344743,0.2774193548387096,0.2810457516339869,0.7906976744186046,0.1666666666666666,0.1296296296296296,0.3518518518518518,0.3684210526315789,1.0,0.1160714285714285,0.3846153846153846,0.3660714285714285,0.2195121951219512,0.2810457516339869,26.414285714285715,2.0,,11.0,35.0,1.0,3.0,,1.0,1.0,0.0855745721271393,0.3142857142857143,0.3235294117647059,0.5454545454545454,0.1428571428571428,1.0,0.0052631578947368,2.0,,,,0.0294117647058823,False,,0.0285714285714285,,,,
1630228,1610612744,Jonathan Kuminga,Jonathan Kuminga,1630228,GSW,42635.0,711,43.0,1469,1466,319.0,368.0,177.0,2935,84.0,122.0,14.0,24.0,12.0,21.0,46.0,130.0,135.0,271.0,87.0,462.0,1629.0,14.0,30.0,46.0,24.0,49.0,86.0,144.0,126.0,16.0,28.0,33.0,61.0,21.0,12.0,17.0,9.0,2.0,155.0,18.0,20.0,44.0,35.0,13.0,92.0,39.0,131.0,8.0,26.0,16.0,10.0,25.0,10.0,14.0,21.0,4.0,11.0,3.0,46.0,14.0,25.0,53.0,2.0,82.0,2.0,138.0,6.0,68.0,15.0,1.0,1.0,7.0,7.0,16.0,11.0,86.0,316.0,9.0,0.5333333333333333,0.5669291338582677,0.4981549815498155,0.4666666666666667,0.4897959183673469,0.5067567567567568,0.4358974358974359,0.4565217391304347,0.5298165137614679,0.4791666666666667,0.4942528735632184,28.69047619047619,0.5434782608695652,0.3023255813953488,0.0980392156862745,0.0583090379008746,0.1305637982195845,0.0504201680672268,0.1138328530259366,0.0542857142857142,0.072072072072072,0.0449438202247191,0.074074074074074,0.0528301886792452,0.0434782608695652,0.099009900990099,0.0931372549019607,0.1153846153846153,0.1245136186770428,0.15,0.0496894409937888,0.6875,0.3297297297297297,0.6885245901639344,0.7924528301886793,0.5833333333333334,0.3513513513513513,0.3538461538461538,0.4035087719298245,0.4565217391304347,0.6153846153846154,0.5833333333333334,0.3043478260869565,0.5714285714285714,0.5972972972972973,0.5222101902173912,0.5572942307692308,0.5040850746268658,0.1574074074074074,0.2042042042042042,0.0995670995670995,0.1861471861471861,6.057933579335793,0.2171545268890401,10.0,30.0,5.0,1.0,5.0,25.0,69.0,1.0,4.0,4.0,15.0,35.0,99.0,2.0,9.0,12.0,5.0,20.0,23.0,93.0,12.0,67.0,25.0,34.0,1.0,1.0,2.0,3.0,,3.0,4.0,2.0,4.0,0.8857142857142857,0.3535353535353535,0.2222222222222222,0.25,0.3608247422680412,0.2675675675675675,0.0101010101010101,0.1254612546125461,0.1311475409836065,0.123076923076923,,0.02,0.081081081081081,0.3333333333333333,0.3448275862068966,1.0,0.1864864864864865,0.3623188405797101,0.3623188405797101,0.84,0.3571428571428571,0.1282051282051282,0.1025641025641025,0.25,1.0,0.072463768115942,0.2,0.217391304347826,0.2666666666666666,0.373134328358209,26.16666666666666,1.0,,5.0,19.0,1.0,,,,,0.0513513513513513,0.2631578947368421,0.2941176470588235,0.4,0.2,1.0,,2.0,1.0,,,0.0333333333333333,False,,0.1052631578947368,,,1.0,
1630311,1610612744,Pat Spencer,Pat Spencer,1630311,GSW,12230.0,204,-31.0,420,427,103.0,149.0,53.0,847,13.0,27.0,2.0,5.0,1.0,3.0,16.0,36.0,31.0,67.0,11.0,79.0,478.0,3.0,9.0,6.0,5.0,12.0,11.0,34.0,28.0,2.0,25.0,13.0,38.0,9.0,4.0,12.0,12.0,1.0,89.0,10.0,5.0,19.0,7.0,1.0,27.0,15.0,42.0,1.0,11.0,6.0,5.0,11.0,2.0,9.0,4.0,1.0,2.0,,15.0,1.0,7.0,16.0,1.0,18.0,2.0,15.0,1.0,8.0,3.0,,,1.0,2.0,3.0,,11.0,103.0,3.0,0.5483870967741935,0.5666666666666667,0.4626865671641791,0.3333333333333333,0.4166666666666667,0.4047619047619047,0.2727272727272727,0.3571428571428571,0.4340659340659341,0.2727272727272727,0.3666666666666666,21.90082644628099,0.7333333333333333,0.0588235294117647,0.0777777777777777,0.0505050505050505,0.2261904761904762,0.0869565217391304,0.1494252873563218,0.0700934579439252,0.0714285714285714,0.0158730158730158,0.25,0.0851063829787234,0.0952380952380952,0.05,0.0701754385964912,0.1538461538461538,0.1911764705882352,0.375,0.024390243902439,,0.3214285714285714,0.4814814814814814,0.5909090909090909,0.6153846153846154,0.4285714285714285,0.4444444444444444,0.5161290322580645,0.4375,0.4545454545454545,0.4,0.2142857142857142,0.3333333333333333,0.5238095238095238,0.4878041666666666,0.49765,0.4214,0.0879120879120879,0.1081081081081081,0.0759493670886076,0.1392405063291139,5.956716417910449,0.2452380952380952,,2.0,1.0,,,2.0,15.0,,1.0,,2.0,2.0,17.0,,2.0,,,2.0,1.0,6.0,,15.0,2.0,10.0,,,3.0,,,,,,,1.0,0.1176470588235294,,,0.1176470588235294,0.2023809523809523,,0.1492537313432835,0.1851851851851851,0.1388888888888889,,,0.0238095238095238,,,,0.1785714285714285,0.1333333333333333,0.1333333333333333,1.0,0.5,0.0909090909090909,0.0909090909090909,,,,,0.1428571428571428,,0.1333333333333333,25.958823529411763,1.0,,2.0,4.0,,,,,,0.0476190476190476,0.5,0.5,1.0,,,,,,,,,False,,,,,,
1630322,1610612744,Lindy Waters III,Lindy Waters III,1630322,GSW,32859.0,548,16.0,1116,1111,207.0,235.0,147.0,2227,10.0,16.0,1.0,3.0,2.0,7.0,8.0,24.0,22.0,50.0,6.0,173.0,1247.0,4.0,6.0,32.0,5.0,16.0,36.0,32.0,12.0,,20.0,17.0,37.0,7.0,10.0,14.0,5.0,1.0,91.0,9.0,5.0,34.0,25.0,8.0,67.0,14.0,81.0,3.0,21.0,7.0,14.0,6.0,2.0,4.0,5.0,2.0,2.0,,11.0,,30.0,49.0,4.0,10.0,,7.0,,2.0,8.0,,,4.0,4.0,8.0,4.0,36.0,207.0,2.0,0.7272727272727273,0.7272727272727273,0.44,0.6666666666666666,0.3125,0.4717514124293785,0.58,0.4722222222222222,0.4777777777777778,0.5961538461538461,0.4864864864864865,14.74903474903475,0.5454545454545454,0.2666666666666666,0.1016260162601626,0.017921146953405,0.1263940520446096,0.0293159609120521,0.1145631067961165,0.0238907849829351,0.0229885057471264,0.0197368421052631,,0.0333333333333333,0.0149253731343283,0.1129032258064516,0.0993377483443708,0.0909090909090909,0.1428571428571428,0.0821917808219178,0.0285714285714285,0.5,0.0903954802259887,0.625,0.6666666666666666,0.7,0.135593220338983,0.3333333333333333,0.4444444444444444,0.75,0.12,0.3333333333333333,0.1944444444444444,0.2857142857142857,0.807909604519774,0.5359289772727274,0.5000899999999999,0.5368014285714287,0.0111731843575419,0.0384615384615384,0.1849710982658959,0.2080924855491329,8.434,0.1854838709677419,12.0,38.0,5.0,2.0,6.0,29.0,89.0,5.0,14.0,6.0,14.0,41.0,127.0,7.0,19.0,3.0,8.0,20.0,2.0,114.0,9.0,89.0,29.0,7.0,1.0,,1.0,,2.0,2.0,1.0,,1.0,0.926829268292683,0.3228346456692913,0.3684210526315789,0.4,0.3228346456692913,0.7175141242937854,0.0078740157480314,0.14,0.0625,0.25,0.0112359550561797,,0.2146892655367231,0.3157894736842105,0.3157894736842105,0.9166666666666666,0.5028248587570622,0.3258426966292135,0.3295454545454545,0.9310344827586208,1.0,0.2,0.56,0.3571428571428571,1.0,0.1666666666666666,0.3333333333333333,0.3888888888888889,0.4285714285714285,0.3258426966292135,25.523622047244093,1.0,,4.0,10.0,2.0,,1.0,,,0.0564971751412429,0.4,0.4,0.75,0.4,0.5,,,,,,,False,,,,,,
1630541,1610612744,Moses Moody,Moses Moody,1630541,GSW,57919.0,965,144.0,1979,1988,441.0,472.0,263.0,3967,50.0,70.0,13.0,15.0,10.0,12.0,20.0,62.0,72.0,143.0,65.0,437.0,2188.0,19.0,31.0,59.0,18.0,30.0,99.0,94.0,50.0,12.0,24.0,29.0,53.0,19.0,10.0,12.0,10.0,2.0,135.0,18.0,14.0,35.0,34.0,11.0,80.0,32.0,112.0,5.0,30.0,16.0,14.0,22.0,,13.0,12.0,3.0,9.0,2.0,34.0,6.0,35.0,74.0,3.0,62.0,3.0,82.0,3.0,29.0,15.0,2.0,1.0,5.0,8.0,17.0,13.0,99.0,437.0,3.0,0.6527777777777778,0.7121212121212122,0.5034965034965035,0.6129032258064516,0.6,0.5422740524781341,0.5520833333333334,0.6268656716417911,0.5767195767195767,0.59,0.6533333333333333,17.874186550976138,0.6470588235294118,0.1746031746031746,0.0758928571428571,0.0309050772626931,0.077433628318584,0.0333333333333333,0.0766666666666666,0.0322255790533736,0.0379746835443038,0.0299145299145299,0.0163934426229508,0.0384615384615384,0.0161290322580645,0.0862068965517241,0.0792452830188679,0.044776119402985,0.0791788856304985,0.072072072072072,0.0292397660818713,0.7647058823529411,0.2040816326530612,0.7142857142857143,0.819672131147541,0.64,0.1807580174927113,0.3225806451612903,0.3636363636363636,0.7,0.3125,0.8666666666666667,0.1791044776119403,0.8333333333333334,0.7871720116618076,0.54628250728863,0.5350714285714286,0.5153000000000001,0.0984042553191489,0.1715976331360946,0.1350114416475972,0.2265446224256292,5.465734265734263,0.2228398180899444,36.0,77.0,6.0,8.0,12.0,40.0,123.0,1.0,11.0,8.0,25.0,76.0,200.0,5.0,17.0,6.0,16.0,37.0,15.0,222.0,6.0,123.0,40.0,16.0,3.0,,3.0,1.0,3.0,1.0,2.0,,2.0,0.9736842105263158,0.38,0.2941176470588235,0.4324324324324324,0.38,0.5830903790087464,0.015,0.1118881118881118,0.1285714285714285,0.1129032258064516,0.016260162601626,,0.2244897959183673,0.4675324675324675,0.4736842105263157,1.0,0.358600583090379,0.3252032520325203,0.3305785123966942,0.95,0.3846153846153846,0.125,0.2291666666666666,0.0909090909090909,1.0,0.1791044776119403,0.6666666666666666,0.373134328358209,0.32,0.3252032520325203,24.942,2.0,,2.0,11.0,4.0,4.0,1.0,8.0,1.0,0.032069970845481,0.1818181818181818,0.1818181818181818,0.5,0.6666666666666666,1.0,0.038647342995169,,,1.0,,0.0129870129870129,False,,,,,2.0,
1630611,1610612744,Gui Santos,Gui Santos,1630611,GSW,24600.0,410,73.0,849,850,276.0,315.0,123.0,1699,25.0,31.0,6.0,9.0,5.0,7.0,3.0,13.0,29.0,45.0,16.0,119.0,939.0,6.0,11.0,17.0,6.0,12.0,35.0,44.0,14.0,8.0,24.0,18.0,42.0,12.0,6.0,11.0,11.0,2.0,102.0,24.0,11.0,23.0,27.0,1.0,51.0,38.0,89.0,1.0,14.0,11.0,3.0,11.0,4.0,8.0,8.0,1.0,3.0,,19.0,7.0,31.0,52.0,7.0,23.0,1.0,22.0,4.0,8.0,7.0,1.0,,3.0,4.0,8.0,4.0,35.0,275.0,8.0,0.7586206896551724,0.88,0.6444444444444445,0.5454545454545454,0.5,0.5421052631578948,0.5769230769230769,0.4821428571428571,0.5721153846153846,0.6071428571428571,0.5147058823529411,12.238805970149253,0.5789473684210527,0.0384615384615384,0.1317073170731707,0.0572916666666666,0.1191709844559585,0.0991735537190082,0.1256281407035175,0.0806451612903225,0.0694444444444444,0.021505376344086,0.1481481481481481,0.1116751269035533,0.0444444444444444,0.1153846153846153,0.1440677966101695,0.1142857142857142,0.1142857142857142,0.1320754716981132,0.0217391304347826,0.5,0.3263157894736842,0.8064516129032258,0.8064516129032258,0.76,0.1368421052631579,0.2307692307692307,0.2727272727272727,0.6666666666666666,0.6923076923076923,0.6666666666666666,0.25,0.7142857142857143,0.8526315789473684,0.5479131578947368,0.5471666666666667,0.5407821428571429,0.0808080808080808,0.1632653061224489,0.1428571428571428,0.2941176470588235,3.753333333333333,0.3250883392226148,9.0,22.0,,3.0,8.0,6.0,28.0,1.0,2.0,2.0,8.0,15.0,50.0,1.0,2.0,2.0,5.0,16.0,8.0,42.0,3.0,28.0,6.0,2.0,2.0,3.0,5.0,,,5.0,5.0,,5.0,0.9333333333333332,0.3,0.5,0.3125,0.3,0.5263157894736842,0.04,0.0444444444444444,,0.1538461538461538,0.0357142857142857,0.1578947368421052,0.231578947368421,0.4090909090909091,0.4285714285714285,0.8888888888888888,0.2947368421052631,0.2142857142857142,0.2222222222222222,1.0,0.3333333333333333,,0.1538461538461538,0.5,1.0,0.2857142857142857,0.375,0.2857142857142857,0.25,0.2142857142857142,24.938,,,1.0,1.0,,2.0,,,1.0,0.0105263157894736,1.0,1.0,1.0,,,,,1.0,,,0.0454545454545454,False,,,,,,
1642050,1610612744,Jackson Rowe,Jackson Rowe,1642050,GSW,2560.0,43,14.0,92,90,37.0,47.0,12.0,182,2.0,3.0,,,1.0,2.0,2.0,3.0,4.0,6.0,2.0,16.0,94.0,,,,2.0,3.0,7.0,8.0,,,1.0,2.0,3.0,2.0,,1.0,,,8.0,,,4.0,3.0,1.0,8.0,,8.0,,3.0,2.0,1.0,,,,1.0,1.0,,,1.0,,1.0,4.0,,2.0,,4.0,,2.0,,,,,,,,7.0,36.0,1.0,1.0,1.0,0.6666666666666666,,0.6666666666666666,0.4666666666666667,,0.5833333333333334,0.4705882352941176,,0.5,16.513761467889907,,0.5,0.25,,0.1481481481481481,,0.1794871794871795,,,,,,,,0.3333333333333333,,0.1111111111111111,0.2222222222222222,,,0.2,0.6666666666666666,0.6666666666666666,1.0,0.2,0.6666666666666666,0.6666666666666666,1.0,,,0.3333333333333333,0.5,0.8,0.5261266666666666,,0.5545833333333333,0.1176470588235294,0.25,,0.4375,3.3166666666666664,0.4021739130434782,2.0,4.0,,1.0,1.0,,5.0,,,,2.0,2.0,9.0,,,,1.0,3.0,,6.0,,5.0,,,,,,,,,,,,1.0,0.2222222222222222,,0.3333333333333333,0.2222222222222222,0.6,,,,,,,0.2666666666666666,0.5,0.5,1.0,0.3333333333333333,,,,,,,,,0.1666666666666666,1.0,0.3333333333333333,,,25.83333333333333,,,,,,,,,,,,,,,,,,,,,,False,,,,,,
203110,1610612744,Draymond Green,Draymond Green,203110,GSW,74530.0,1242,243.0,2568,2566,518.0,542.0,315.0,5134,50.0,83.0,6.0,12.0,9.0,10.0,34.0,75.0,90.0,171.0,76.0,391.0,2876.0,10.0,18.0,37.0,15.0,20.0,81.0,150.0,30.0,8.0,159.0,108.0,267.0,86.0,22.0,107.0,43.0,9.0,642.0,22.0,23.0,96.0,101.0,31.0,228.0,48.0,276.0,9.0,57.0,31.0,26.0,61.0,24.0,58.0,40.0,4.0,3.0,1.0,101.0,18.0,78.0,139.0,4.0,119.0,4.0,108.0,13.0,40.0,31.0,11.0,7.0,12.0,19.0,42.0,22.0,78.0,504.0,8.0,0.8333333333333334,0.872093023255814,0.5263157894736842,0.5555555555555556,0.75,0.5163934426229508,0.5370370370370371,0.6375,0.5538243626062322,0.578125,0.6230769230769231,15.444936924650529,0.6039603960396039,0.4769230769230769,0.1663920922570016,0.0441458733205374,0.1543408360128617,0.0328358208955223,0.1602929210740439,0.0377833753148614,0.0236966824644549,0.0609756097560975,0.046875,0.0346232179226069,0.0279329608938547,0.1235294117647058,0.1801801801801801,0.1923076923076923,0.1528384279475982,0.1585365853658536,0.0580645161290322,0.5238095238095238,0.2721311475409836,0.6024096385542169,0.6329113924050633,0.82,0.2459016393442623,0.4533333333333333,0.5074626865671642,0.8529411764705882,0.4444444444444444,0.5,0.25,0.9,0.7114754098360656,0.5422073770491804,0.5382045454545455,0.5332425000000001,0.1204819277108433,0.202020202020202,0.0946291560102301,0.2071611253196931,5.484795321637427,0.2017133956386292,22.0,56.0,2.0,2.0,7.0,23.0,78.0,2.0,7.0,5.0,13.0,45.0,134.0,3.0,9.0,8.0,7.0,20.0,30.0,135.0,,78.0,23.0,12.0,,3.0,,1.0,10.0,15.0,21.0,,16.0,1.0,0.3358208955223881,0.3333333333333333,0.35,0.3358208955223881,0.4393442622950819,,0.0701754385964912,0.0481927710843373,0.1066666666666666,,0.0454545454545454,0.1836065573770491,0.3928571428571428,0.3928571428571428,1.0,0.2557377049180327,0.2948717948717949,0.2948717948717949,1.0,0.3333333333333333,0.074074074074074,0.2592592592592592,0.2857142857142857,1.0,0.175,0.2857142857142857,0.325,0.3846153846153846,0.2948717948717949,24.88880597014926,10.0,3.0,6.0,13.0,1.0,,,,4.0,0.0426229508196721,0.4615384615384615,0.4615384615384615,0.8333333333333334,0.5,1.0,,,1.0,,1.0,,False,,,,,,
203952,1610612744,Andrew Wiggins,Andrew Wiggins,203952,GSW,52089.0,868,56.0,1809,1810,322.0,373.0,218.0,3619,58.0,94.0,9.0,16.0,9.0,16.0,47.0,98.0,116.0,227.0,99.0,520.0,2012.0,11.0,25.0,68.0,17.0,33.0,98.0,132.0,100.0,12.0,28.0,38.0,66.0,27.0,11.0,15.0,11.0,2.0,170.0,21.0,21.0,45.0,34.0,4.0,83.0,43.0,126.0,15.0,26.0,10.0,16.0,21.0,1.0,4.0,12.0,5.0,17.0,1.0,33.0,10.0,28.0,53.0,,90.0,4.0,128.0,12.0,54.0,16.0,4.0,3.0,3.0,13.0,20.0,12.0,95.0,315.0,6.0,0.5689655172413793,0.6,0.5110132158590308,0.44,0.5151515151515151,0.5510471204188482,0.5975609756097561,0.5615384615384615,0.5963302752293578,0.68,0.620253164556962,22.678916827853,0.6363636363636364,0.0727272727272727,0.0783410138248847,0.0503597122302158,0.1002227171492204,0.0462555066079295,0.0894677236693091,0.0482204362801377,0.0789473684210526,0.0330188679245283,0.0377358490566037,0.0422535211267605,0.0606060606060606,0.0873015873015873,0.0638297872340425,0.1095890410958904,0.1040462427745664,0.087378640776699,0.0903614457831325,0.6,0.2460732984293193,0.6170212765957447,0.7160493827160493,0.7068965517241379,0.256544502617801,0.4795918367346938,0.6025641025641025,0.4893617021276595,0.3902439024390244,0.5625,0.2461538461538461,0.5625,0.6518324607329843,0.5272356020942409,0.5726982142857143,0.5152484615384616,0.1451990632318501,0.2007434944237918,0.1307692307692307,0.1884615384615384,6.61806167400881,0.1779988944168048,11.0,24.0,2.0,3.0,5.0,52.0,131.0,8.0,14.0,10.0,27.0,63.0,155.0,9.0,16.0,19.0,13.0,32.0,25.0,168.0,21.0,131.0,52.0,34.0,,1.0,4.0,1.0,,3.0,9.0,1.0,7.0,0.8888888888888888,0.4064516129032258,0.5625,0.40625,0.4064516129032258,0.4057591623036649,,0.1497797356828193,0.1382978723404255,0.2040816326530612,,0.0178571428571428,0.06282722513089,0.4583333333333333,0.4583333333333333,1.0,0.3429319371727748,0.3969465648854962,0.3969465648854962,0.8653846153846154,0.4444444444444444,0.048780487804878,0.3414634146341463,0.5714285714285714,1.0,0.0769230769230769,0.6,0.4153846153846154,0.3703703703703703,0.3969465648854962,25.741935483870964,2.0,,11.0,35.0,1.0,2.0,,8.0,1.0,0.0916230366492146,0.3142857142857143,0.3235294117647059,0.1818181818181818,0.5,1.0,0.050632911392405,,,5.0,,,False,,0.0285714285714285,,,,
202710,1610612744,Jimmy Butler III,Jimmy Butler III,202710,GSW,22678.0,378,99.0,777,772,223.0,216.0,113.0,1549,36.0,56.0,8.0,12.0,9.0,13.0,20.0,48.0,59.0,114.0,81.0,214.0,821.0,10.0,17.0,26.0,13.0,30.0,60.0,78.0,40.0,14.0,27.0,37.0,64.0,21.0,16.0,18.0,8.0,1.0,165.0,6.0,22.0,20.0,15.0,1.0,36.0,28.0,64.0,7.0,14.0,11.0,3.0,10.0,2.0,6.0,7.0,3.0,4.0,1.0,17.0,9.0,8.0,13.0,,69.0,,92.0,13.0,44.0,3.0,,,1.0,2.0,3.0,2.0,58.0,217.0,,0.6610169491525424,0.75,0.5175438596491229,0.5882352941176471,0.4333333333333333,0.4784172661870504,0.5,0.4324324324324324,0.5955056179775281,0.5652173913043478,0.5769230769230769,21.546961325966848,0.5882352941176471,0.0666666666666666,0.0797872340425532,0.1242937853107344,0.119047619047619,0.0303030303030303,0.098314606741573,0.0746666666666666,0.2419354838709677,0.0666666666666666,0.04,0.037037037037037,0.0158730158730158,0.0408163265306122,0.1111111111111111,0.032258064516129,0.1428571428571428,0.0612244897959183,0.1129032258064516,0.6666666666666666,0.4028776978417266,0.6428571428571429,0.72,0.6944444444444444,0.3453237410071942,0.4166666666666667,0.4651162790697674,0.6,0.6,0.6666666666666666,0.3513513513513513,0.6923076923076923,0.5827338129496403,0.5328949640287769,0.5404947368421054,0.5067351351351351,0.2588235294117647,0.3034482758620689,0.1214953271028037,0.2803738317757009,5.816666666666665,0.287001287001287,3.0,12.0,1.0,2.0,3.0,2.0,13.0,,2.0,,4.0,5.0,25.0,,3.0,6.0,2.0,7.0,28.0,15.0,,13.0,2.0,11.0,1.0,,,1.0,,1.0,8.0,,7.0,1.0,0.2,,0.2857142857142857,0.2,0.1798561151079136,0.04,0.0964912280701754,0.1071428571428571,0.1041666666666666,0.0769230769230769,,0.0863309352517985,0.25,0.25,1.0,0.0935251798561151,0.1538461538461538,0.1666666666666666,1.0,0.25,0.05,0.1,,,0.081081081081081,0.6666666666666666,0.1081081081081081,,0.1538461538461538,24.668,,,3.0,10.0,,,2.0,,,0.0719424460431654,0.3,0.3,0.6666666666666666,,,,,,,,,False,,,,,,
203937,1610612744,Kyle Anderson,Kyle Anderson,203937,GSW,25834.0,431,-24.0,894,897,203.0,227.0,126.0,1791,17.0,22.0,4.0,6.0,3.0,3.0,28.0,64.0,47.0,97.0,18.0,160.0,977.0,8.0,17.0,30.0,7.0,14.0,37.0,48.0,46.0,6.0,38.0,33.0,71.0,25.0,8.0,22.0,13.0,3.0,175.0,11.0,7.0,29.0,26.0,9.0,64.0,19.0,83.0,,22.0,8.0,14.0,7.0,6.0,4.0,8.0,,3.0,,15.0,2.0,15.0,31.0,2.0,25.0,1.0,26.0,6.0,12.0,11.0,1.0,1.0,3.0,8.0,12.0,6.0,36.0,198.0,2.0,0.5106382978723404,0.5454545454545454,0.4845360824742268,0.4705882352941176,0.5,0.5,0.6086956521739131,0.5370370370370371,0.5263157894736842,0.6,0.578125,16.057692307692307,0.4666666666666667,0.28125,0.1232227488151658,0.0296610169491525,0.1380952380952381,0.0484581497797356,0.1306413301662707,0.038876889848812,0.0579710144927536,0.0229007633587786,,0.0552486187845303,0.0217391304347826,0.125,0.1136363636363636,0.1739130434782608,0.1392405063291139,0.1346153846153846,,0.5,0.1549295774647887,0.7727272727272727,0.8095238095238095,0.5294117647058824,0.4507042253521127,0.4375,0.4745762711864407,0.5357142857142857,0.2608695652173913,0.6666666666666666,0.1111111111111111,1.0,0.4718309859154929,0.4862381294964027,0.4430923076923077,0.476186,0.081081081081081,0.116504854368932,0.1875,0.23125,7.435051546391752,0.227069351230425,7.0,19.0,2.0,1.0,2.0,9.0,26.0,2.0,4.0,4.0,11.0,16.0,45.0,4.0,6.0,2.0,5.0,13.0,8.0,45.0,3.0,23.0,9.0,6.0,,1.0,4.0,,1.0,1.0,4.0,1.0,3.0,0.9375,0.3555555555555555,0.6666666666666666,0.3846153846153846,0.3809523809523809,0.3169014084507042,,0.0618556701030927,0.0454545454545454,0.078125,,0.037037037037037,0.1338028169014084,0.3684210526315789,0.3684210526315789,1.0,0.1830985915492957,0.3461538461538461,0.3461538461538461,0.8888888888888888,,0.0869565217391304,0.1739130434782608,0.5,1.0,0.074074074074074,0.5,0.4074074074074074,0.3636363636363636,0.391304347826087,26.848888888888887,1.0,1.0,2.0,11.0,2.0,1.0,,,,0.0774647887323943,0.1818181818181818,0.1818181818181818,,1.0,1.0,,3.0,1.0,,,,False,,,,,,
1631218,1610612744,Trayce Jackson-Davis,Trayce Jackson-Davis,1631218,GSW,32647.0,544,-9.0,1128,1132,181.0,196.0,139.0,2260,81.0,120.0,13.0,33.0,12.0,18.0,21.0,44.0,102.0,166.0,27.0,231.0,1294.0,14.0,40.0,32.0,18.0,29.0,37.0,168.0,36.0,16.0,27.0,33.0,60.0,23.0,10.0,17.0,6.0,4.0,153.0,17.0,38.0,41.0,48.0,5.0,94.0,56.0,150.0,9.0,13.0,10.0,3.0,9.0,7.0,6.0,16.0,,3.0,,25.0,4.0,29.0,47.0,2.0,39.0,,52.0,6.0,28.0,19.0,2.0,1.0,9.0,10.0,21.0,14.0,37.0,181.0,2.0,0.8235294117647058,0.8936170212765957,0.6144578313253012,0.35,0.6206896551724138,0.6107784431137725,0.3414634146341463,0.6206896551724138,0.6078947368421053,0.3478260869565217,0.578125,16.666666666666668,0.36,0.1923076923076923,0.1811320754716981,0.1423220973782771,0.1501831501831501,0.0592334494773519,0.1654275092936803,0.0992779783393501,0.2105263157894736,0.0780141843971631,0.2258064516129032,0.0616740088105726,0.05,0.1489361702127659,0.1865671641791045,0.2432432432432432,0.1515151515151515,0.1466666666666666,0.2195121951219512,0.6666666666666666,0.718562874251497,0.675,0.7570093457943925,0.8271604938271605,0.2634730538922156,0.4772727272727273,0.6176470588235294,0.8095238095238095,0.8048780487804879,0.3939393939393939,0.6206896551724138,0.6666666666666666,0.7245508982035929,0.5753026946107784,0.5712033333333333,0.5224344827586207,0.1481481481481481,0.1489361702127659,0.1385281385281385,0.1601731601731601,3.1234939759036147,0.1604609929078014,,1.0,1.0,,,,,,,,,,1.0,,1.0,4.0,,,1.0,,,,,23.0,,1.0,3.0,2.0,,4.0,1.0,2.0,1.0,,,,,,0.0059880239520958,,0.1385542168674698,0.1083333333333333,0.2272727272727272,,0.0357142857142857,0.0059880239520958,,,,,,,,0.2307692307692307,0.024390243902439,,,,,,,,,23.2,6.0,1.0,,2.0,,,,,1.0,0.0119760479041916,,,,,,,,,,,,False,1.0,,,,,
1642366,1610612744,Quinten Post,Quinten Post,1642366,GSW,21634.0,361,3.0,736,738,176.0,138.0,91.0,1474,16.0,35.0,7.0,14.0,5.0,9.0,16.0,22.0,34.0,61.0,12.0,185.0,846.0,11.0,19.0,27.0,9.0,14.0,31.0,54.0,14.0,10.0,17.0,18.0,35.0,15.0,3.0,5.0,9.0,3.0,88.0,13.0,10.0,25.0,39.0,2.0,66.0,23.0,89.0,4.0,9.0,5.0,4.0,9.0,2.0,6.0,8.0,2.0,3.0,2.0,17.0,2.0,23.0,38.0,3.0,14.0,1.0,15.0,3.0,8.0,9.0,,,4.0,4.0,9.0,6.0,31.0,175.0,3.0,0.7941176470588235,0.9310344827586208,0.5573770491803278,0.5789473684210527,0.6428571428571429,0.5728476821192053,0.4807692307692308,0.5172413793103449,0.589171974522293,0.5,0.5166666666666667,20.56737588652482,0.5294117647058824,0.1,0.2254335260115607,0.0709219858156028,0.1612903225806451,0.0565217391304347,0.1951219512195122,0.0619946091644204,0.0967741935483871,0.0454545454545454,0.0769230769230769,0.0621468926553672,0.0377358490566037,0.282051282051282,0.1944444444444444,0.2692307692307692,0.146551724137931,0.2051282051282051,0.056338028169014,0.6666666666666666,0.2317880794701986,0.4571428571428571,0.5161290322580645,0.625,0.1456953642384106,0.7272727272727273,0.8421052631578947,0.9375,0.5384615384615384,0.5,0.3103448275862069,0.5555555555555556,0.8278145695364238,0.5367572847682119,0.5422125,0.522355172413793,0.0512820512820512,0.1212121212121212,0.1459459459459459,0.1675675675675675,4.791803278688525,0.2391304347826087,11.0,23.0,2.0,1.0,5.0,24.0,67.0,,5.0,3.0,10.0,35.0,90.0,1.0,7.0,2.0,4.0,15.0,1.0,105.0,,67.0,24.0,7.0,2.0,,2.0,,,2.0,1.0,,1.0,1.0,0.3888888888888889,0.1428571428571428,0.2666666666666666,0.3888888888888889,0.5960264900662252,0.0222222222222222,0.1147540983606557,0.1142857142857142,0.1363636363636363,0.0298507462686567,,0.152317880794702,0.4782608695652174,0.4782608695652174,1.0,0.4437086092715231,0.3582089552238806,0.3692307692307692,1.0,0.2857142857142857,0.0769230769230769,0.1923076923076923,,,0.1724137931034483,0.2,0.3448275862068966,0.3,0.3582089552238806,25.58444444444444,2.0,2.0,2.0,4.0,1.0,,,,,0.0264900662251655,0.5,0.5,1.0,0.5,1.0,,,,,,,False,,,,,1.0,
1641736,1610612744,Reece Beekman,Reece Beekman,1641736,GSW,245.0,4,,8,9,2.0,9.0,1.0,17,1.0,1.0,,,1.0,1.0,,,1.0,1.0,,2.0,12.0,,,,1.0,1.0,2.0,2.0,,,1.0,,1.0,,,1.0,,,2.0,1.0,,,,,,1.0,1.0,,1.0,1.0,,,,,,,,,,,1.0,1.0,,,,,,,,,,,,,,2.0,2.0,,1.0,1.0,1.0,,1.0,1.0,,1.0,1.0,,1.0,10.0,,,,,,0.5,,0.3333333333333333,,,,0.5,,,,,,,,,1.0,1.0,1.0,1.0,,,,,,,1.0,1.0,1.0,0.4934,,0.4934,,,,1.0,3.3,0.25,,,,,,,,,,,,,,,,,,,,,,,,,,,,,,,,,,,,,,,,,,,,,,,,,,,,,,,,,,,,,,,,,,,,,,,,,,,,,,,,,,,,,,False,,,,,,
1641879,1610612744,Yuri Collins,Yuri Collins,1641879,GSW,978.0,16,-5.0,35,35,,27.0,6.0,70,,,,,,,,2.0,1.0,3.0,,2.0,39.0,,,,,,,,2.0,,3.0,1.0,4.0,,1.0,1.0,2.0,,9.0,2.0,,,1.0,,1.0,2.0,3.0,,2.0,2.0,,,,,,,,,,,3.0,5.0,,1.0,,,,,,,,,,,,,,,,,0.3333333333333333,,,0.3333333333333333,,,0.3333333333333333,,,6.976744186046512,,,0.1666666666666666,,,0.1333333333333333,0.0769230769230769,0.0869565217391304,,,,0.1818181818181818,,,0.25,,,,,,,,,,0.6666666666666666,,,,,,,,,0.4251333333333333,,,,,,,14.066666666666668,,,,,,,,,,,,,,,,,,,,,,,,,,,,,,,,,,,,,,,,,,,,,,,,,,,,,,,,,,,,,,,,,,,,1.0,1.0,,,,,,0.3333333333333333,1.0,1.0,,,,,,,,,,False,,,,,,
1627736,1610612765,Malik Beasley,Malik Beasley,1627736,DET,9460.0,158,11.0,341,342,108.0,127.0,39.0,683,4.0,6.0,,,,1.0,3.0,10.0,8.0,19.0,7.0,128.0,396.0,,2.0,10.0,1.0,9.0,31.0,8.0,8.0,,5.0,1.0,6.0,1.0,,2.0,3.0,,13.0,,1.0,9.0,1.0,1.0,11.0,1.0,12.0,,9.0,7.0,2.0,1.0,,1.0,3.0,2.0,,,4.0,2.0,9.0,12.0,,6.0,,8.0,,2.0,,,,,,,,29.0,105.0,1.0,0.5,0.5,0.42105263157894735,,0.1111111111111111,0.711764705882353,0.6428571428571429,0.5909090909090909,0.7272727272727273,0.7142857142857143,0.6458333333333334,23.958333333333336,0.25,0.09090909090909091,0.01282051282051282,0.014492753623188406,0.13043478260869565,,0.06802721088435375,0.006802721088435374,,0.030303030303030304,,,,,0.02564102564102564,,0.14285714285714285,0.07692307692307693,,,0.07058823529411765,0.6666666666666666,0.6666666666666666,0.25,0.11764705882352941,0.3,0.3333333333333333,0.6666666666666666,,,0.045454545454545456,,0.8470588235294118,0.5318217647058823,0.44477,0.4863090909090909,0.04597701149425287,0.09523809523809523,0.078125,0.2421875,7.942105263157895,0.31671554252199413,14.0,17.0,,4.0,4.0,21.0,49.0,3.0,5.0,4.0,9.0,35.0,66.0,3.0,5.0,1.0,8.0,13.0,5.0,99.0,6.0,49.0,21.0,1.0,1.0,,,,,,1.0,,,0.9428571428571428,0.5303030303030303,0.6,0.6153846153846154,0.5303030303030303,0.7764705882352941,0.015151515151515152,0.05263157894736842,,0.1,0.02040816326530612,,0.2,0.8235294117647058,0.8235294117647058,1.0,0.5764705882352941,0.42857142857142855,0.4375,0.9047619047619048,,,0.7142857142857143,0.6,1.0,0.18181818181818182,1.0,0.4090909090909091,0.4444444444444444,0.42857142857142855,25.566666666666663,,,1.0,3.0,,1.0,,2.0,,0.03529411764705882,0.3333333333333333,0.3333333333333333,1.0,,,0.030303030303030304,,,2.0,,,True,,,,,,
1630191,1610612765,Isaiah Stewart,Isaiah Stewart,1630191,DET,8074.0,135,49.0,287,291,98.0,111.0,30.0,578,14.0,21.0,5.0,8.0,4.0,7.0,8.0,13.0,22.0,34.0,10.0,63.0,297.0,5.0,8.0,12.0,6.0,11.0,15.0,34.0,10.0,8.0,5.0,6.0,11.0,5.0,1.0,3.0,2.0,,28.0,4.0,8.0,7.0,13.0,5.0,25.0,12.0,37.0,3.0,1.0,1.0,,6.0,,5.0,9.0,,1.0,2.0,15.0,4.0,10.0,24.0,5.0,14.0,,13.0,1.0,6.0,10.0,,,7.0,3.0,10.0,5.0,15.0,97.0,3.0,0.7727272727272727,0.9444444444444444,0.6470588235294118,0.625,0.5454545454545454,0.6463414634146342,0.625,0.5454545454545454,0.6702127659574468,0.6,0.5769230769230769,19.254658385093165,0.4,0.5555555555555556,0.15476190476190477,0.13793103448275862,0.1206896551724138,0.06060606060606061,0.14084507042253522,0.0967741935483871,0.2,0.04,0.23076923076923078,,0.2222222222222222,0.06451612903225806,0.2222222222222222,0.125,0.10638297872340426,0.18181818181818182,0.21428571428571427,0.5,0.5121951219512195,0.6666666666666666,0.7,0.7142857142857143,0.3170731707317073,0.6153846153846154,0.6666666666666666,0.875,1.0,0.625,0.6363636363636364,0.5714285714285714,0.6829268292682927,0.5830500000000001,0.6785875,0.5637727272727273,0.13043478260869565,0.15384615384615385,0.19047619047619047,0.23809523809523808,3.244117647058823,0.34146341463414637,,,,,,3.0,7.0,,,,,3.0,7.0,,,2.0,,,3.0,9.0,,7.0,3.0,2.0,,,1.0,1.0,,5.0,1.0,,1.0,1.0,0.42857142857142855,,,0.42857142857142855,0.17073170731707318,,0.058823529411764705,0.047619047619047616,0.07692307692307693,,,,,,,0.17073170731707318,0.42857142857142855,0.42857142857142855,1.0,0.2,,,,,,,,,0.42857142857142855,25.842857142857145,5.0,1.0,,,,,,,,,,,,,,,,,,,,True,,,,,,
1630595,1610612765,Cade Cunningham,Cade Cunningham,1630595,DET,5495.0,92,33.0,194,197,78.0,67.0,21.0,391,12.0,18.0,,1.0,5.0,7.0,8.0,20.0,24.0,45.0,17.0,86.0,221.0,,3.0,4.0,8.0,12.0,35.0,16.0,32.0,,12.0,8.0,20.0,5.0,3.0,6.0,6.0,,48.0,1.0,,3.0,11.0,,14.0,1.0,15.0,,4.0,1.0,3.0,12.0,2.0,4.0,5.0,1.0,8.0,,17.0,8.0,1.0,7.0,,12.0,,17.0,4.0,9.0,2.0,,,,2.0,2.0,2.0,35.0,75.0,2.0,0.3333333333333333,0.3333333333333333,0.5333333333333333,,0.6666666666666666,0.575,0.3,0.7368421052631579,0.6384615384615384,0.3,0.7954545454545454,37.61467889908256,0.7058823529411765,,0.2391304347826087,,0.07317073170731707,0.02857142857142857,0.16091954022988506,0.014084507042253521,,,,0.037037037037037035,,0.14285714285714285,0.3103448275862069,,0.058823529411764705,0.14285714285714285,,1.0,0.3,0.6666666666666666,0.75,0.3333333333333333,0.3333333333333333,0.4,0.5,0.25,0.2,,0.3684210526315789,0.7142857142857143,0.55,0.5232183333333335,0.47258333333333336,0.507921052631579,0.13846153846153847,0.18,0.046511627906976744,0.4069767441860465,6.486666666666667,0.4020618556701031,,,,,,7.0,15.0,1.0,2.0,4.0,7.0,7.0,15.0,1.0,2.0,1.0,4.0,7.0,7.0,12.0,9.0,15.0,7.0,6.0,,,2.0,,,,,,,0.5714285714285714,0.4666666666666667,0.5,0.5714285714285714,0.4666666666666667,0.25,,0.13333333333333333,0.1111111111111111,0.2,,,,,,,0.25,0.4666666666666667,0.4666666666666667,0.5714285714285714,,,0.4,0.5,1.0,,,0.3684210526315789,0.5714285714285714,0.4666666666666667,26.60666666666667,1.0,,4.0,7.0,,,3.0,,,0.11666666666666667,0.5714285714285714,0.5714285714285714,0.5,,,,,,,,,True,,,,,,
1631323,1610612765,Simone Fontecchio,Simone Fontecchio,1631323,DET,6455.0,108,13.0,235,234,69.0,94.0,27.0,469,6.0,10.0,,1.0,2.0,3.0,2.0,5.0,8.0,17.0,9.0,31.0,260.0,,1.0,8.0,2.0,3.0,8.0,16.0,,,4.0,4.0,8.0,2.0,2.0,2.0,2.0,,20.0,1.0,5.0,5.0,14.0,1.0,20.0,6.0,26.0,,4.0,3.0,1.0,5.0,,2.0,2.0,1.0,3.0,1.0,7.0,1.0,8.0,10.0,,8.0,1.0,12.0,1.0,4.0,2.0,,,,2.0,2.0,1.0,8.0,69.0,2.0,1.0,1.0,0.47058823529411764,,0.6666666666666666,0.3793103448275862,1.0,0.25,0.45588235294117646,1.0,0.36363636363636365,15.298507462686567,0.7142857142857143,0.14285714285714285,0.25,0.09090909090909091,0.10869565217391304,0.017857142857142856,0.18627450980392157,0.05405405405405406,0.14285714285714285,0.041666666666666664,0.1,0.022727272727272728,,0.2916666666666667,0.2,0.2857142857142857,0.05714285714285714,0.2727272727272727,,0.5,0.3448275862068966,0.6,0.75,1.0,0.1724137931034483,0.4,0.4,1.0,0.3333333333333333,,0.375,0.6666666666666666,0.7586206896551724,0.571801724137931,0.50525,0.6070125000000001,0.15151515151515152,0.2,0.25806451612903225,0.25806451612903225,5.094117647058824,0.2936170212765957,1.0,7.0,1.0,,2.0,1.0,5.0,1.0,1.0,,3.0,2.0,12.0,2.0,2.0,2.0,,5.0,4.0,6.0,,5.0,1.0,2.0,,,2.0,,,1.0,1.0,,1.0,1.0,0.16666666666666666,1.0,,0.16666666666666666,0.41379310344827586,,0.11764705882352941,0.2,,,,0.2413793103448276,0.14285714285714285,0.14285714285714285,1.0,0.1724137931034483,0.2,0.2,1.0,,0.3333333333333333,0.3333333333333333,1.0,1.0,0.25,,0.375,,0.2,24.525000000000002,,,,2.0,1.0,,,1.0,,0.06896551724137931,,,,1.0,1.0,0.07692307692307693,,,,,,True,,,,,,
203471,1610612765,Dennis Schröder,Dennis Schröder,203471,DET,13207.0,220,31.0,469,473,153.0,173.0,52.0,942,9.0,13.0,2.0,2.0,4.0,6.0,9.0,18.0,22.0,45.0,17.0,103.0,529.0,3.0,5.0,9.0,11.0,17.0,44.0,10.0,34.0,2.0,28.0,24.0,52.0,19.0,5.0,16.0,11.0,1.0,128.0,2.0,3.0,14.0,9.0,,23.0,5.0,28.0,1.0,5.0,4.0,1.0,12.0,2.0,7.0,3.0,1.0,5.0,,15.0,5.0,10.0,19.0,,25.0,5.0,22.0,3.0,9.0,3.0,,,,3.0,3.0,1.0,42.0,150.0,1.0,0.22727272727272727,0.23809523809523808,0.4888888888888889,0.6,0.6470588235294118,0.4942528735632184,0.6428571428571429,0.53125,0.5309278350515464,0.6428571428571429,0.5641025641025641,21.022727272727273,0.8,,0.07627118644067797,0.031914893617021274,0.15053763440860216,0.020202020202020204,0.10900473933649289,0.025906735751295335,,0.045454545454545456,0.05,0.0125,0.05263157894736842,0.11363636363636363,0.0625,,0.14864864864864866,0.15789473684210525,0.022727272727272728,0.3333333333333333,0.14942528735632185,0.6923076923076923,0.6923076923076923,0.2222222222222222,0.20689655172413793,0.5,0.5,0.3333333333333333,0.2857142857142857,1.0,0.1875,0.6666666666666666,0.632183908045977,0.49400235294117656,0.459125,0.48071451612903215,0.0967741935483871,0.17647058823529413,0.08737864077669903,0.42718446601941745,9.85777777777778,0.326226012793177,1.0,3.0,,,,13.0,39.0,1.0,2.0,4.0,15.0,14.0,42.0,1.0,2.0,,4.0,15.0,10.0,27.0,15.0,37.0,13.0,1.0,1.0,,,,,1.0,4.0,,2.0,0.6428571428571429,0.3333333333333333,0.5,0.26666666666666666,0.35,0.4827586206896552,0.023809523809523808,0.022222222222222223,,,0.02564102564102564,,0.034482758620689655,0.3333333333333333,0.3333333333333333,1.0,0.4482758620689655,0.3333333333333333,0.34210526315789475,0.6153846153846154,0.5,,0.2857142857142857,0.5,1.0,,,0.46875,0.26666666666666666,0.35135135135135137,27.94523809523809,,,4.0,14.0,,,,,,0.16091954022988506,0.2857142857142857,0.3076923076923077,,,,,2.0,,,,,True,,0.07142857142857142,,,,
1641709,1610612765,Ausar Thompson,Ausar Thompson,1641709,DET,3580.0,60,3.0,124,131,52.0,53.0,16.0,255,5.0,5.0,1.0,1.0,3.0,3.0,2.0,3.0,7.0,9.0,6.0,20.0,161.0,2.0,2.0,8.0,4.0,6.0,14.0,10.0,4.0,2.0,4.0,4.0,8.0,3.0,1.0,2.0,2.0,,20.0,1.0,3.0,2.0,1.0,,3.0,4.0,7.0,,5.0,3.0,2.0,2.0,1.0,1.0,3.0,1.0,1.0,,5.0,,5.0,7.0,,6.0,,9.0,,3.0,2.0,,,,2.0,2.0,1.0,14.0,51.0,1.0,0.7142857142857143,0.8333333333333334,0.7777777777777778,1.0,0.6666666666666666,0.7,1.0,0.6666666666666666,0.6666666666666666,1.0,0.6363636363636364,13.571428571428573,0.4,,0.029411764705882353,0.1875,0.11764705882352941,0.047619047619047616,0.058823529411764705,0.10810810810810811,0.3333333333333333,,0.2857142857142857,0.05555555555555555,,,0.045454545454545456,,0.07142857142857142,0.3333333333333333,,0.5,0.5,1.0,1.0,0.6,0.3,0.6666666666666666,0.6666666666666666,1.0,0.5,1.0,0.5,1.0,0.6,0.6084849999999999,0.59055,0.61045,0.23076923076923078,0.25,0.4,0.7,4.833333333333333,0.41935483870967744,,,,,,,1.0,,,,,,1.0,,,4.0,,,6.0,,,1.0,,,,,,1.0,,,2.0,,1.0,,,,,,0.1,,,,,,,,,,,0.1,,,,,,,,,,,,,,27.7,,,,1.0,,,,,,0.1,,,,,,,,,,,,True,,,,,,
1641842,1610612765,Ronald Holland II,Ronald Holland II,1641842,DET,6329.0,105,-12.0,227,227,53.0,49.0,24.0,454,4.0,6.0,,1.0,,,4.0,6.0,8.0,13.0,12.0,31.0,255.0,,1.0,4.0,1.0,1.0,6.0,8.0,8.0,,3.0,2.0,5.0,1.0,1.0,3.0,,,12.0,1.0,1.0,4.0,6.0,2.0,12.0,2.0,14.0,,3.0,3.0,,2.0,,2.0,1.0,1.0,,,3.0,,5.0,8.0,,10.0,,15.0,1.0,8.0,,,,,,,,6.0,53.0,1.0,0.5,0.5,0.6153846153846154,,1.0,0.36538461538461536,,0.5,0.4696969696969697,0.3333333333333333,0.75,14.0625,0.6666666666666666,0.2857142857142857,0.09836065573770492,0.01818181818181818,0.09523809523809523,0.02,0.0970873786407767,0.01904761904761905,,0.043478260869565216,,0.023255813953488372,,0.08333333333333333,0.06896551724137931,0.25,0.1,0.08333333333333333,,,0.23076923076923078,0.6666666666666666,0.6666666666666666,0.25,0.23076923076923078,0.6666666666666666,0.6666666666666666,0.75,0.3333333333333333,,,,0.7307692307692307,0.5613884615384616,0.5970666666666666,0.518975,0.24242424242424243,0.4,0.12903225806451613,0.1935483870967742,5.130769230769231,0.23348017621145375,,6.0,2.0,,1.0,1.0,7.0,,,,,1.0,13.0,,2.0,4.0,,1.0,4.0,3.0,,7.0,1.0,,,,,,,1.0,,,,1.0,0.07692307692307693,,,0.07692307692307693,0.5,,,,,,,0.23076923076923078,,,,0.2692307692307692,0.14285714285714285,0.14285714285714285,1.0,,0.6666666666666666,,,,0.5,,,,0.14285714285714285,24.43846153846154,,,,1.0,,,,,,0.038461538461538464,,,,,,,,,,,,True,,,,,,
202699,1610612765,Tobias Harris,Tobias Harris,202699,DET,4381.0,73,43.0,155,156,57.0,87.0,16.0,311,4.0,6.0,1.0,1.0,2.0,2.0,10.0,13.0,14.0,20.0,7.0,41.0,147.0,3.0,3.0,6.0,6.0,7.0,17.0,14.0,14.0,4.0,3.0,4.0,7.0,2.0,2.0,1.0,2.0,,18.0,3.0,1.0,7.0,9.0,,16.0,4.0,20.0,,4.0,4.0,,4.0,,3.0,,,1.0,,4.0,1.0,6.0,7.0,,6.0,,8.0,,3.0,,,,,,,,17.0,55.0,1.0,0.5,0.5833333333333334,0.7,1.0,0.8571428571428571,0.68,0.75,0.8333333333333334,0.7068965517241379,0.75,0.85,19.186046511627907,1.0,,0.21951219512195122,0.043478260869565216,0.1794871794871795,0.09090909090909091,0.2,0.07142857142857142,0.125,,,0.08,0.125,0.13333333333333333,0.2916666666666667,,0.17142857142857143,0.25,,,0.24,0.6666666666666666,0.8,0.5,0.52,0.7692307692307693,0.8333333333333334,0.5,0.25,1.0,0.2222222222222222,1.0,0.44,0.502154,0.6936,0.4869611111111111,0.10714285714285714,0.13043478260869565,0.14634146341463414,0.4146341463414634,8.045,0.36774193548387096,1.0,3.0,1.0,1.0,1.0,1.0,2.0,,,,1.0,2.0,5.0,,1.0,,1.0,2.0,2.0,6.0,,2.0,1.0,2.0,,,,,,,1.0,,1.0,1.0,0.4,,0.5,0.4,0.2,,0.1,0.16666666666666666,0.07692307692307693,,,0.12,0.3333333333333333,0.3333333333333333,1.0,0.08,0.5,0.5,1.0,,0.25,,,,0.1111111111111111,1.0,0.1111111111111111,,0.5,24.560000000000002,,,,1.0,,,,,,0.04,,,,,,,,,,,,True,,,,,,
203501,1610612765,Tim Hardaway Jr.,Tim Hardaway Jr.,203501,DET,3881.0,65,12.0,131,131,47.0,46.0,13.0,262,2.0,3.0,,1.0,2.0,3.0,3.0,3.0,5.0,7.0,1.0,20.0,142.0,,1.0,,3.0,4.0,6.0,6.0,4.0,,3.0,1.0,4.0,,1.0,1.0,2.0,,9.0,1.0,,3.0,3.0,1.0,7.0,1.0,8.0,,4.0,3.0,1.0,1.0,,,,,1.0,,1.0,1.0,1.0,5.0,,4.0,,1.0,1.0,1.0,2.0,,,1.0,1.0,2.0,1.0,6.0,47.0,3.0,0.6,0.6,0.7142857142857143,,0.75,0.5277777777777778,,0.42857142857142855,0.5555555555555556,,0.42857142857142855,13.10344827586207,1.0,1.0,0.08108108108108109,,0.125,0.037037037037037035,0.09836065573770492,0.0196078431372549,,,,0.043478260869565216,,,0.13043478260869565,,0.05555555555555555,0.3333333333333333,,0.5,0.16666666666666666,0.6666666666666666,0.6666666666666666,1.0,0.16666666666666666,1.0,1.0,0.3333333333333333,1.0,,0.42857142857142855,0.6666666666666666,0.7777777777777778,0.5655722222222223,,0.6384214285714285,0.05555555555555555,0.14285714285714285,,0.3,6.514285714285713,0.35877862595419846,1.0,2.0,,,1.0,2.0,9.0,,,,2.0,3.0,11.0,,,,,3.0,,6.0,3.0,9.0,2.0,,,,,,1.0,,,,,0.6666666666666666,0.2727272727272727,,,0.2727272727272727,0.6111111111111112,,,,,,,0.1111111111111111,0.5,0.5,1.0,0.5,0.2222222222222222,0.2222222222222222,0.5,,,,,,0.14285714285714285,,0.2857142857142857,,0.2222222222222222,25.545454545454547,,,,1.0,,,,,,0.05555555555555555,,,,,,,,,,,,True,,,,,,
1630194,1610612765,Paul Reed,Paul Reed,1630194,DET,825.0,14,-9.0,32,31,,9.0,4.0,63,3.0,4.0,1.0,1.0,,,,1.0,3.0,5.0,1.0,7.0,40.0,1.0,1.0,2.0,,,,4.0,2.0,2.0,2.0,,2.0,,,1.0,1.0,,4.0,,1.0,1.0,1.0,,2.0,1.0,3.0,,,,,,1.0,,1.0,,,,1.0,,2.0,4.0,,1.0,,2.0,,1.0,,,,,,,,,,2.0,0.6666666666666666,1.0,0.6,1.0,,0.6,1.0,,0.5833333333333334,1.0,,20.0,,,0.16666666666666666,0.08333333333333333,0.125,,0.14285714285714285,0.07142857142857142,,,0.2,,,,0.25,,0.2,,,,0.8,0.75,0.75,0.6666666666666666,0.2,,,,1.0,1.0,,,0.8,0.5463800000000001,0.5579,,0.16666666666666666,0.16666666666666666,0.2857142857142857,,3.9599999999999995,,,,,,,,,,,,,,,,,,,,,,,,,,,,,,,,,,,,,,,,,,,,,,,,,,,,,,,,,,,,,,,,,,,,,,,,,,,,,,,,,,,,,,,True,,,,,,
1631105,1610612765,Jalen Duren,Jalen Duren,1631105,DET,4193.0,70,-11.0,144,146,49.0,48.0,16.0,290,7.0,8.0,2.0,2.0,1.0,1.0,5.0,7.0,12.0,15.0,6.0,30.0,187.0,2.0,2.0,6.0,3.0,3.0,9.0,18.0,6.0,4.0,3.0,2.0,5.0,,2.0,1.0,,2.0,12.0,,3.0,8.0,2.0,1.0,11.0,3.0,14.0,,4.0,3.0,1.0,2.0,1.0,1.0,2.0,,1.0,,4.0,1.0,7.0,13.0,3.0,8.0,,7.0,1.0,3.0,4.0,,,1.0,2.0,4.0,2.0,9.0,47.0,2.0,0.75,0.9,0.8,1.0,1.0,0.8,1.0,1.0,0.8333333333333334,1.0,0.9,13.496932515337424,0.5,1.0,0.07142857142857142,0.125,0.2962962962962963,,0.18181818181818182,0.057692307692307696,0.125,0.14285714285714285,,,,0.18181818181818182,,,0.3181818181818182,0.2,,0.5,0.5333333333333333,0.875,1.0,0.7142857142857143,0.4666666666666667,0.7142857142857143,0.8333333333333334,0.8,1.0,1.0,0.3333333333333333,1.0,0.5333333333333333,0.5629266666666666,0.6004499999999999,0.46166666666666667,0.17647058823529413,0.17647058823529413,0.2,0.3,3.7999999999999994,0.3402777777777778,,,,,,,,,,,,,,,,2.0,,,3.0,,,,,2.0,,,,1.0,,1.0,1.0,1.0,1.0,,,,,,,,0.13333333333333333,0.125,0.14285714285714285,,,,,,,,,,,,,,,,,,,,,,,,,,,,,,,,,,,,,,,,,,,True,,,,,1.0,
1631204,1610612765,Marcus Sasser,Marcus Sasser,1631204,DET,155.0,3,-8.0,6,6,1.0,1.0,2.0,12,,,,,,,,,,,,,10.0,,,,,,,,,,,,,,,,,,,,,,,,,,,,,,,1.0,,,,,1.0,,1.0,,,,,,,,,,,,,,,,,,1.0,,,,,,,,,,,,,11.11111111111111,1.0,,,,,,,,,,,,,,,,,,,,,,,,,,,,,,,,,,,,,,,,,0.16666666666666666,,,,,,,,,,,,,,,,,,,,,,,,,,,,,,,,,,,,,,,,,,,,,,,,,,,,,,,,,,,,,,,,,,,,,,,,,,,,,,,,,,,,,,True,,,,,,
1627736,1610612765,Malik Beasley,Malik Beasley,1627736,DET,96240.0,1604,104.0,3360,3338,838.0,1032.0,389.0,6698,41.0,59.0,6.0,9.0,7.0,8.0,48.0,113.0,109.0,217.0,63.0,935.0,3743.0,18.0,29.0,95.0,20.0,43.0,248.0,140.0,78.0,18.0,58.0,44.0,102.0,33.0,11.0,40.0,16.0,2.0,248.0,20.0,15.0,69.0,55.0,5.0,129.0,35.0,164.0,16.0,54.0,36.0,18.0,43.0,9.0,27.0,19.0,1.0,16.0,2.0,62.0,13.0,40.0,88.0,2.0,78.0,7.0,99.0,10.0,32.0,2.0,2.0,2.0,1.0,1.0,4.0,3.0,242.0,826.0,10.0,0.6422018348623854,0.7,0.5023041474654378,0.6206896551724138,0.46511627906976744,0.5782493368700266,0.5769230769230769,0.6222826086956522,0.5859671302149179,0.59375,0.6212121212121212,22.280471821756226,0.6935483870967742,0.05319148936170213,0.06909547738693467,0.019867549668874173,0.09375,0.02554278416347382,0.08093994778067885,0.022756827048114433,0.007692307692307693,0.028205128205128206,0.01904761904761905,0.02003338898163606,0.043478260869565216,0.09361702127659574,0.05333333333333334,0.08108108108108109,0.09532710280373832,0.08955223880597014,0.04030226700251889,0.75,0.07824933687002653,0.6949152542372882,0.7884615384615384,0.6829268292682927,0.14986737400530503,0.4247787610619469,0.45714285714285713,0.6041666666666666,0.11538461538461539,0.6666666666666666,0.043478260869565216,0.875,0.7904509283819628,0.5244405333333332,0.4937153846153847,0.5068265193370164,0.04737516005121639,0.13389121338912133,0.10160427807486631,0.26524064171122996,8.569124423963135,0.2494047619047619,58.0,116.0,11.0,19.0,32.0,160.0,421.0,12.0,38.0,44.0,109.0,218.0,537.0,18.0,49.0,5.0,63.0,141.0,19.0,603.0,51.0,418.0,160.0,16.0,6.0,,4.0,1.0,,2.0,10.0,,2.0,0.9220183486238532,0.4059590316573557,0.3673469387755102,0.44680851063829785,0.40823970037453183,0.7122015915119363,0.0111731843575419,0.07373271889400922,0.11864406779661017,0.07079646017699115,0.014251781472684086,,0.15384615384615385,0.5,0.5,0.9827586206896551,0.5583554376657824,0.38004750593824227,0.3855421686746988,0.9,,0.14102564102564102,0.48717948717948717,0.3157894736842105,0.9166666666666666,0.17391304347826086,0.59375,0.592391304347826,0.4036697247706422,0.3827751196172249,25.78770949720668,4.0,,20.0,45.0,6.0,,13.0,5.0,,0.05968169761273209,0.4444444444444444,0.45454545454545453,0.65,0.5454545454545454,0.8333333333333334,0.00922509225092251,3.0,,,1.0,,False,,0.022222222222222223,,,,
1630191,1610612765,Isaiah Stewart,Isaiah Stewart,1630191,DET,60906.0,1015,-62.0,2074,2071,506.0,620.0,246.0,4145,84.0,127.0,29.0,55.0,22.0,35.0,17.0,44.0,102.0,175.0,45.0,276.0,2348.0,30.0,59.0,83.0,28.0,51.0,83.0,150.0,54.0,48.0,39.0,45.0,84.0,37.0,8.0,11.0,20.0,8.0,213.0,34.0,61.0,72.0,104.0,15.0,191.0,97.0,288.0,15.0,19.0,12.0,7.0,15.0,6.0,6.0,27.0,1.0,9.0,2.0,42.0,11.0,58.0,121.0,28.0,58.0,3.0,58.0,8.0,26.0,66.0,1.0,1.0,32.0,33.0,67.0,42.0,83.0,506.0,13.0,0.7352941176470589,0.9615384615384616,0.5828571428571429,0.5084745762711864,0.5490196078431373,0.5526315789473685,0.5,0.5344827586206896,0.592274678111588,0.5928571428571429,0.6014492753623188,11.627906976744187,0.35714285714285715,0.3,0.18874773139745918,0.12323232323232323,0.15483870967741936,0.06666666666666667,0.1732283464566929,0.0945273631840796,0.14367816091954022,0.12704918032786885,0.06493506493506493,0.0633245382585752,0.07633587786259542,0.13924050632911392,0.21543408360128619,0.18292682926829268,0.14925373134328357,0.16923076923076924,0.17045454545454544,0.6268656716417911,0.6076555023923444,0.6614173228346457,0.6942148760330579,0.7142857142857143,0.21052631578947367,0.38636363636363635,0.40476190476190477,0.8823529411764706,0.873015873015873,0.5272727272727272,0.603448275862069,0.6285714285714286,0.7703349282296651,0.5541306220095695,0.56305625,0.5366870689655174,0.1145374449339207,0.13471502590673576,0.3007246376811594,0.3007246376811594,3.5559999999999996,0.24397299903567984,3.0,9.0,,1.0,2.0,6.0,25.0,1.0,4.0,1.0,5.0,9.0,34.0,1.0,4.0,20.0,2.0,7.0,21.0,27.0,,25.0,6.0,8.0,,2.0,5.0,2.0,,14.0,6.0,5.0,6.0,1.0,0.2647058823529412,0.25,0.2857142857142857,0.2647058823529412,0.16267942583732056,,0.045714285714285714,0.047244094488188976,0.045454545454545456,,0.04878048780487805,0.0430622009569378,0.3333333333333333,0.3333333333333333,1.0,0.11961722488038277,0.24,0.24,1.0,0.1724137931034483,,0.06349206349206349,0.25,1.0,0.034482758620689655,0.5,0.08620689655172414,0.2,0.24,25.070588235294117,11.0,3.0,1.0,4.0,,1.0,,,,0.019138755980861243,0.25,0.25,,,,,,,,,,False,,,,,1.0,
1630322,1610612765,Lindy Waters III,Lindy Waters III,1630322,DET,1720.0,29,10.0,60,62,31.0,37.0,5.0,122,,,,,,,,,1.0,1.0,,11.0,62.0,,,,1.0,1.0,11.0,2.0,,,1.0,,1.0,,,1.0,,,2.0,,1.0,,,,,1.0,1.0,,2.0,2.0,,,1.0,,1.0,,,,1.0,,1.0,3.0,1.0,,,,,,,,,,,,,11.0,31.0,2.0,1.0,1.0,1.0,,1.0,0.4583333333333333,,0.7857142857142857,0.4583333333333333,,0.7857142857142857,19.696969696969695,,,,0.16666666666666666,,,,0.045454545454545456,,,0.5,,,,,,,,,,,,,,,,,,,,,,0.9166666666666666,0.5145916666666667,,0.5062571428571429,,,,1.0,14.8,0.5166666666666667,,1.0,,,,3.0,10.0,,,3.0,6.0,3.0,11.0,,,,3.0,6.0,,9.0,,10.0,3.0,,,,,,,,,,,1.0,0.2727272727272727,,0.5,0.2727272727272727,0.9166666666666666,,,,,,,0.08333333333333333,,,,0.8333333333333334,0.3,0.3,1.0,,,,,,,,0.8571428571428571,0.5,0.3,25.781818181818185,,,1.0,1.0,,,,,,0.08333333333333333,1.0,1.0,1.0,,,,,,,,,False,,,,,,
1631204,1610612765,Marcus Sasser,Marcus Sasser,1631204,DET,38014.0,634,5.0,1302,1310,393.0,455.0,159.0,2612,23.0,31.0,3.0,3.0,7.0,8.0,27.0,51.0,60.0,105.0,26.0,275.0,1433.0,4.0,6.0,18.0,23.0,41.0,91.0,52.0,68.0,6.0,60.0,45.0,105.0,35.0,10.0,29.0,26.0,5.0,255.0,13.0,1.0,22.0,14.0,3.0,39.0,14.0,53.0,3.0,29.0,14.0,15.0,26.0,6.0,15.0,14.0,2.0,11.0,3.0,40.0,16.0,28.0,61.0,5.0,32.0,,31.0,2.0,11.0,3.0,1.0,,1.0,2.0,4.0,3.0,91.0,393.0,9.0,0.43333333333333335,0.45614035087719296,0.5714285714285714,0.6666666666666666,0.5609756097560976,0.5608108108108109,0.5,0.5808823529411765,0.5851063829787234,0.5294117647058824,0.6232876712328768,18.443997317236754,0.65,0.075,0.04416403785488959,0.0033444816053511705,0.07586206896551724,0.03857566765578635,0.05930807248764415,0.0220125786163522,0.009523809523809525,,,0.046875,0.012345679012345678,0.041237113402061855,0.03468208092485549,0.0851063829787234,0.09090909090909091,0.02857142857142857,0.02857142857142857,0.75,0.13963963963963963,0.7419354838709677,0.8518518518518519,0.4782608695652174,0.22972972972972974,0.5294117647058824,0.574468085106383,0.2962962962962963,0.17647058823529413,1.0,0.11764705882352941,0.875,0.6666666666666666,0.5156192307692307,0.556175,0.4808888059701492,0.05172413793103448,0.09649122807017543,0.06545454545454546,0.33090909090909093,8.907619047619047,0.30184331797235026,7.0,18.0,5.0,1.0,4.0,36.0,99.0,3.0,6.0,10.0,23.0,43.0,117.0,3.0,11.0,1.0,11.0,27.0,12.0,81.0,48.0,98.0,36.0,8.0,1.0,,2.0,,,3.0,3.0,,3.0,0.627906976744186,0.36752136752136755,0.2727272727272727,0.4074074074074074,0.3706896551724138,0.527027027027027,0.008547008547008548,0.0761904761904762,0.12903225806451613,0.0784313725490196,0.010101010101010102,,0.08108108108108109,0.3888888888888889,0.3888888888888889,0.8571428571428571,0.44594594594594594,0.36363636363636365,0.3673469387755102,0.5833333333333334,,0.29411764705882354,0.35294117647058826,0.5,0.6666666666666666,0.058823529411764705,0.25,0.3382352941176471,0.43478260869565216,0.3673469387755102,25.979487179487183,2.0,,10.0,23.0,,,,1.0,1.0,0.1036036036036036,0.43478260869565216,0.43478260869565216,0.7,,,0.00847457627118644,1.0,,,,,False,,,,,,
1641842,1610612765,Ronald Holland II,Ronald Holland II,1641842,DET,53463.0,891,-77.0,1806,1828,418.0,519.0,232.0,3634,72.0,112.0,11.0,18.0,16.0,21.0,39.0,70.0,113.0,188.0,59.0,369.0,2090.0,13.0,24.0,40.0,25.0,40.0,84.0,140.0,86.0,16.0,29.0,22.0,51.0,13.0,9.0,19.0,5.0,5.0,124.0,14.0,13.0,61.0,48.0,14.0,123.0,29.0,152.0,2.0,36.0,18.0,18.0,25.0,9.0,11.0,24.0,4.0,14.0,1.0,49.0,14.0,50.0,104.0,4.0,67.0,6.0,75.0,9.0,42.0,7.0,1.0,,3.0,3.0,8.0,5.0,84.0,418.0,10.0,0.6194690265486725,0.6666666666666666,0.601063829787234,0.5416666666666666,0.625,0.5132450331125827,0.5428571428571428,0.6015625,0.5507462686567164,0.5405405405405406,0.6176470588235294,18.479307025986525,0.5102040816326531,0.2692307692307692,0.11793611793611794,0.03002309468822171,0.14628297362110312,0.03167420814479638,0.13228155339805825,0.030857142857142857,0.06134969325153374,0.00980392156862745,0.015151515151515152,0.03313253012048193,0.02727272727272727,0.125,0.11467889908256881,0.11475409836065574,0.12758620689655173,0.1889763779527559,0.014598540145985401,0.625,0.3708609271523179,0.6428571428571429,0.7128712871287128,0.625,0.23178807947019867,0.5571428571428572,0.609375,0.5897435897435898,0.5142857142857142,0.6111111111111112,0.328125,0.7619047619047619,0.7483443708609272,0.5604476666666668,0.5325145833333332,0.5406314516129032,0.1253731343283582,0.19004524886877827,0.10840108401084012,0.22764227642276422,4.432978723404258,0.23145071982281284,13.0,57.0,3.0,4.0,11.0,15.0,57.0,3.0,8.0,5.0,13.0,28.0,114.0,4.0,11.0,2.0,9.0,24.0,7.0,84.0,,55.0,15.0,17.0,,2.0,6.0,5.0,,3.0,,1.0,,1.0,0.24561403508771928,0.36363636363636365,0.375,0.25,0.37748344370860926,,0.09042553191489362,0.09821428571428571,0.08571428571428572,,0.058823529411764705,0.18874172185430463,0.22807017543859648,0.22807017543859648,1.0,0.18874172185430463,0.2631578947368421,0.2631578947368421,1.0,0.36363636363636365,0.08571428571428572,0.22857142857142856,0.375,1.0,0.171875,0.36363636363636365,0.203125,0.38461538461538464,0.2727272727272727,25.3921052631579,2.0,,2.0,6.0,1.0,1.0,,,1.0,0.019867549668874173,0.3333333333333333,0.3333333333333333,1.0,0.3333333333333333,1.0,,2.0,2.0,,,,False,,,,,1.0,
1630595,1610612765,Cade Cunningham,Cade Cunningham,1630595,DET,119429.0,1990,132.0,4135,4107,706.0,950.0,474.0,8242,157.0,277.0,10.0,28.0,30.0,50.0,205.0,421.0,405.0,801.0,239.0,1424.0,4672.0,26.0,62.0,94.0,70.0,135.0,275.0,160.0,650.0,14.0,335.0,195.0,530.0,147.0,48.0,237.0,86.0,12.0,1255.0,17.0,25.0,145.0,142.0,13.0,300.0,45.0,345.0,16.0,58.0,28.0,30.0,187.0,29.0,117.0,62.0,14.0,70.0,3.0,249.0,44.0,71.0,153.0,5.0,217.0,3.0,282.0,26.0,124.0,42.0,1.0,,27.0,15.0,43.0,21.0,271.0,695.0,12.0,0.19753086419753085,0.20100502512562815,0.5056179775280899,0.41935483870967744,0.5185185185185185,0.5138768430182133,0.4631578947368421,0.529126213592233,0.5549882168106834,0.4845360824742268,0.5829787234042553,32.31227398425867,0.751004016064257,0.13131313131313133,0.15367965367965367,0.024975024975024976,0.14795918367346939,0.0194954128440367,0.15073529411764705,0.022423918846769888,0.028089887640449437,0.029644268774703556,,0.013888888888888888,0.03571428571428571,0.13120567375886524,0.14035087719298245,0.2558139534883721,0.15607734806629833,0.125,0.029850746268656716,0.4883720930232558,0.24024284475281873,0.5667870036101083,0.6356275303643725,0.21656050955414013,0.36513443191673894,0.48693586698337293,0.5394736842105263,0.15121951219512195,0.29473684210526313,0.35714285714285715,0.24271844660194175,0.6,0.5455333911535126,0.5060078397212546,0.53923,0.4962762376237624,0.10127591706539076,0.13793103448275862,0.06601123595505617,0.1931179775280899,7.029837702871411,0.17073760580411124,8.0,19.0,2.0,2.0,5.0,117.0,333.0,11.0,31.0,24.0,66.0,125.0,352.0,12.0,33.0,6.0,26.0,71.0,57.0,210.0,165.0,329.0,117.0,71.0,1.0,3.0,16.0,2.0,2.0,3.0,19.0,1.0,13.0,0.56,0.35511363636363635,0.36363636363636365,0.36619718309859156,0.35919540229885055,0.30529054640069386,0.002840909090909091,0.08863920099875156,0.10830324909747292,0.09738717339667459,0.003003003003003003,0.031578947368421054,0.01647875108412836,0.42105263157894735,0.42105263157894735,1.0,0.2888117953165655,0.35135135135135137,0.35240963855421686,0.5299145299145299,0.1,0.021052631578947368,0.3263157894736842,0.3548387096774194,0.7272727272727273,0.024271844660194174,0.4,0.32038834951456313,0.36363636363636365,0.3556231003039514,26.50795454545455,7.0,1.0,43.0,103.0,1.0,3.0,16.0,3.0,1.0,0.08933217692974849,0.4174757281553398,0.4174757281553398,0.3488372093023256,0.5,1.0,0.008450704225352112,4.0,1.0,,,,False,,,,,,
1631093,1610612765,Jaden Ivey,Jaden Ivey,1631093,DET,53882.0,898,-62.0,1817,1811,359.0,420.0,229.0,3628,77.0,128.0,15.0,20.0,23.0,30.0,41.0,105.0,127.0,259.0,85.0,528.0,2127.0,18.0,24.0,68.0,31.0,53.0,119.0,108.0,146.0,16.0,63.0,56.0,119.0,34.0,22.0,44.0,11.0,8.0,294.0,22.0,17.0,47.0,37.0,,84.0,40.0,124.0,9.0,28.0,22.0,6.0,55.0,10.0,32.0,34.0,5.0,23.0,5.0,89.0,19.0,23.0,67.0,3.0,95.0,7.0,116.0,11.0,55.0,11.0,,,2.0,9.0,11.0,6.0,118.0,357.0,6.0,0.4251968503937008,0.453781512605042,0.49034749034749037,0.75,0.5849056603773585,0.5363196125907991,0.6521739130434783,0.5609756097560976,0.567741935483871,0.68,0.6071428571428571,26.49450023912004,0.6179775280898876,,0.08505747126436781,0.03794642857142857,0.11270983213429256,0.05405405405405406,0.09859154929577464,0.0456140350877193,0.026490066225165563,0.05128205128205128,0.015873015873015872,0.04861111111111111,0.06722689075630252,0.1,0.06756756756756757,0.1095890410958904,0.09897610921501707,0.14516129032258066,0.047619047619047616,0.5454545454545454,0.3099273607748184,0.6015625,0.6416666666666667,0.44155844155844154,0.2542372881355932,0.3904761904761905,0.44565217391304346,0.3902439024390244,0.43478260869565216,0.75,0.36585365853658536,0.7666666666666667,0.6828087167070218,0.5323944852941179,0.5750660714285714,0.515587341772152,0.12253829321663019,0.18151815181518152,0.12878787878787878,0.22537878787878787,6.076447876447874,0.19757842597688496,12.0,33.0,6.0,3.0,8.0,51.0,121.0,7.0,16.0,7.0,21.0,63.0,154.0,8.0,22.0,8.0,10.0,29.0,27.0,141.0,48.0,118.0,51.0,21.0,4.0,1.0,7.0,3.0,,5.0,8.0,1.0,7.0,0.746031746031746,0.4090909090909091,0.36363636363636365,0.3448275862068966,0.41721854304635764,0.3728813559322034,0.025974025974025976,0.08108108108108109,0.0625,0.12380952380952381,0.024793388429752067,0.022222222222222223,0.07990314769975787,0.36363636363636365,0.375,0.9166666666666666,0.2929782082324455,0.4214876033057851,0.4322033898305085,0.7058823529411765,0.2,0.13043478260869565,0.34782608695652173,0.4375,0.7142857142857143,0.0975609756097561,0.375,0.25609756097560976,0.3333333333333333,0.4322033898305085,26.551948051948052,6.0,,9.0,26.0,1.0,3.0,,1.0,,0.06295399515738499,0.34615384615384615,0.34615384615384615,0.4444444444444444,0.16666666666666666,,0.006493506493506494,3.0,,1.0,,0.030303030303030304,False,,,,,,
1631323,1610612765,Simone Fontecchio,Simone Fontecchio,1631323,DET,52295.0,872,-58.0,1811,1801,446.0,548.0,216.0,3612,27.0,48.0,8.0,16.0,5.0,8.0,16.0,38.0,49.0,100.0,51.0,311.0,2079.0,13.0,25.0,47.0,11.0,16.0,74.0,62.0,36.0,12.0,16.0,27.0,43.0,15.0,12.0,7.0,8.0,1.0,113.0,19.0,11.0,44.0,60.0,7.0,111.0,34.0,145.0,2.0,19.0,14.0,5.0,26.0,4.0,15.0,12.0,2.0,11.0,2.0,38.0,11.0,32.0,63.0,3.0,48.0,5.0,62.0,4.0,23.0,9.0,,,6.0,3.0,9.0,7.0,74.0,441.0,6.0,0.6326530612244898,0.7209302325581395,0.49,0.52,0.6875,0.4868913857677903,0.4523809523809524,0.5272727272727272,0.5272108843537415,0.5,0.5606060606060606,16.06969990319458,0.6842105263157895,0.1111111111111111,0.14527845036319612,0.02763819095477387,0.11733333333333333,0.04185022026431718,0.1319796954314721,0.035211267605633804,0.04,0.015706806282722512,0.03508771929824561,0.04129793510324484,0.043478260869565216,0.10569105691056911,0.1581196581196581,0.17857142857142858,0.11654135338345864,0.11926605504587157,0.013605442176870748,0.7777777777777778,0.1797752808988764,0.5625,0.627906976744186,0.6666666666666666,0.14232209737827714,0.42105263157894735,0.45714285714285713,0.5625,0.38095238095238093,0.5,0.14545454545454545,0.625,0.8052434456928839,0.5392441287878788,0.5100913043478261,0.538185576923077,0.09027777777777778,0.19327731092436976,0.15112540192926044,0.2379421221864952,6.373999999999999,0.24627277747101048,14.0,59.0,9.0,5.0,21.0,40.0,108.0,2.0,8.0,7.0,18.0,54.0,167.0,4.0,17.0,9.0,12.0,39.0,16.0,162.0,,106.0,40.0,8.0,3.0,4.0,4.0,,,6.0,6.0,1.0,6.0,1.0,0.32335329341317365,0.23529411764705882,0.3076923076923077,0.32727272727272727,0.6254681647940075,0.017964071856287425,0.08,0.10416666666666667,0.07894736842105263,0.018518518518518517,0.10526315789473684,0.2209737827715356,0.23728813559322035,0.2413793103448276,1.0,0.4044943820224719,0.37037037037037035,0.37735849056603776,1.0,0.375,0.21428571428571427,0.19047619047619047,0.25,1.0,0.38181818181818183,0.23809523809523808,0.32727272727272727,0.3888888888888889,0.37735849056603776,25.58203592814371,2.0,,6.0,14.0,2.0,1.0,1.0,3.0,,0.052434456928838954,0.42857142857142855,0.42857142857142855,0.6666666666666666,0.2222222222222222,1.0,0.01775147928994083,2.0,,1.0,,0.01694915254237288,False,,,,,,
202699,1610612765,Tobias Harris,Tobias Harris,202699,DET,111005.0,1850,176.0,3812,3804,818.0,964.0,447.0,7616,104.0,136.0,18.0,24.0,18.0,23.0,106.0,237.0,229.0,432.0,115.0,789.0,4280.0,28.0,46.0,87.0,48.0,80.0,139.0,252.0,206.0,28.0,72.0,56.0,128.0,39.0,17.0,44.0,21.0,7.0,312.0,28.0,22.0,135.0,145.0,10.0,290.0,51.0,341.0,5.0,50.0,31.0,19.0,34.0,2.0,18.0,30.0,6.0,16.0,5.0,64.0,14.0,64.0,105.0,4.0,95.0,4.0,131.0,19.0,68.0,41.0,5.0,3.0,16.0,24.0,46.0,24.0,139.0,805.0,6.0,0.5502183406113537,0.586046511627907,0.5300925925925926,0.6086956521739131,0.6,0.5200617283950617,0.5285714285714286,0.5229357798165137,0.5598290598290598,0.5576923076923077,0.5655737704918032,17.621348056130664,0.53125,0.1111111111111111,0.1625560538116592,0.02332979851537646,0.15202702702702703,0.03530895334174023,0.15730337078651685,0.02880184331797235,0.021739130434782608,0.024640657084188913,0.022388059701492536,0.03264604810996564,0.04265402843601896,0.15328467153284672,0.17012448132780084,0.15441176470588236,0.1361573373676248,0.19823788546255505,0.01644736842105263,0.5217391304347826,0.20987654320987653,0.7647058823529411,0.8455284552845529,0.6923076923076923,0.36574074074074076,0.4472573839662447,0.4953271028037383,0.4339622641509434,0.34285714285714286,0.75,0.21100917431192662,0.782608695652174,0.5432098765432098,0.5235780092592595,0.5237158536585366,0.5108697247706423,0.0988538681948424,0.14137214137214138,0.11026615969581749,0.1761723700887199,7.56712962962963,0.21458551941238196,40.0,103.0,11.0,3.0,18.0,32.0,113.0,1.0,13.0,3.0,11.0,72.0,216.0,6.0,24.0,13.0,6.0,29.0,25.0,201.0,15.0,113.0,32.0,37.0,,1.0,5.0,3.0,,4.0,4.0,,4.0,0.9305555555555556,0.3333333333333333,0.25,0.20689655172413793,0.3333333333333333,0.3333333333333333,,0.08564814814814815,0.09558823529411764,0.0970464135021097,,0.010526315789473684,0.15895061728395063,0.3883495145631068,0.3883495145631068,0.925,0.1743827160493827,0.2831858407079646,0.2831858407079646,0.9375,0.2222222222222222,0.15714285714285714,0.18571428571428572,0.07692307692307693,1.0,0.1651376146788991,0.16666666666666666,0.10091743119266056,0.2727272727272727,0.2831858407079646,24.618981481481484,9.0,1.0,19.0,59.0,5.0,2.0,3.0,1.0,2.0,0.09104938271604938,0.3220338983050847,0.3275862068965517,0.42105263157894735,0.45454545454545453,0.8,0.004608294930875576,,,,1.0,,False,,0.01694915254237288,,,1.0,
203501,1610612765,Tim Hardaway Jr.,Tim Hardaway Jr.,203501,DET,97911.0,1632,20.0,3359,3335,602.0,696.0,386.0,6694,32.0,45.0,3.0,6.0,5.0,6.0,27.0,64.0,77.0,158.0,90.0,604.0,3888.0,10.0,20.0,65.0,10.0,24.0,97.0,130.0,24.0,4.0,60.0,36.0,96.0,20.0,16.0,42.0,15.0,3.0,228.0,6.0,6.0,66.0,47.0,7.0,120.0,13.0,133.0,2.0,27.0,20.0,7.0,28.0,4.0,18.0,13.0,1.0,10.0,2.0,41.0,6.0,39.0,70.0,2.0,117.0,20.0,108.0,9.0,30.0,2.0,1.0,,2.0,,3.0,1.0,95.0,592.0,5.0,0.8441558441558441,0.8666666666666667,0.4873417721518987,0.5,0.4166666666666667,0.5234215885947047,0.5849056603773585,0.44375,0.564030131826742,0.6018518518518519,0.5105263157894737,14.965986394557824,0.6829268292682927,0.0958904109589041,0.06300268096514745,0.007361963190184049,0.08239700374531835,0.008670520231213872,0.07304460245636717,0.007962840079628402,0.014084507042253521,0.004830917874396135,,0.009596928982725527,0.005847953216374269,0.042735042735042736,0.05896805896805897,0.12380952380952381,0.08768971332209106,0.0673076923076923,0.007220216606498195,0.3333333333333333,0.09164969450101833,0.7111111111111111,0.8,0.8125,0.13034623217922606,0.421875,0.45,0.8888888888888888,0.11320754716981132,0.5,0.075,0.8333333333333334,0.769857433808554,0.5339124236252546,0.5378430555555557,0.512926875,0.07884615384615384,0.16759776536312848,0.1076158940397351,0.1605960264900662,9.718354430379748,0.17922000595415302,30.0,84.0,10.0,3.0,9.0,90.0,249.0,10.0,23.0,14.0,47.0,120.0,333.0,14.0,33.0,3.0,17.0,56.0,26.0,339.0,21.0,249.0,90.0,10.0,3.0,1.0,1.0,,17.0,3.0,11.0,,10.0,0.9416666666666667,0.36036036036036034,0.42424242424242425,0.30357142857142855,0.36036036036036034,0.6782077393075356,0.009009009009009009,0.06329113924050633,0.1111111111111111,0.0625,0.008032128514056224,0.012048192771084338,0.1710794297352342,0.35714285714285715,0.3614457831325301,1.0,0.5071283095723014,0.3614457831325301,0.3643724696356275,0.9222222222222223,0.6666666666666666,0.18867924528301888,0.4339622641509434,0.43478260869565216,0.9,0.1125,0.3333333333333333,0.5875,0.2978723404255319,0.3614457831325301,25.53543543543544,4.0,,18.0,49.0,4.0,1.0,6.0,11.0,1.0,0.09979633401221996,0.3673469387755102,0.375,0.8333333333333334,0.4,1.0,0.03225806451612903,,,3.0,1.0,0.011904761904761904,False,,0.02040816326530612,,,,
1631105,1610612765,Jalen Duren,Jalen Duren,1631105,DET,90431.0,1507,29.0,3099,3111,520.0,616.0,364.0,6210,228.0,313.0,72.0,122.0,39.0,55.0,41.0,75.0,270.0,389.0,113.0,653.0,3584.0,75.0,132.0,178.0,44.0,68.0,121.0,350.0,190.0,128.0,107.0,47.0,154.0,33.0,14.0,64.0,25.0,18.0,355.0,60.0,141.0,218.0,141.0,44.0,403.0,209.0,612.0,19.0,42.0,24.0,18.0,59.0,14.0,41.0,49.0,7.0,18.0,1.0,108.0,18.0,106.0,184.0,25.0,148.0,2.0,168.0,22.0,85.0,66.0,2.0,2.0,42.0,23.0,68.0,49.0,119.0,512.0,14.0,0.6481481481481481,0.8495145631067961,0.6940874035989717,0.5681818181818182,0.6470588235294118,0.6940874035989717,0.5681818181818182,0.6470588235294118,0.7067099567099567,0.5933333333333334,0.6722222222222223,16.124469589816123,0.5462962962962963,0.5301204819277109,0.21203007518796993,0.18503937007874016,0.2891246684350133,0.09615384615384616,0.25299506694855534,0.14502164502164502,0.21033210332103322,0.15938303341902313,0.21568627450980393,0.08951965065502183,0.1144578313253012,0.1935483870967742,0.2288135593220339,0.19148936170212766,0.29783393501805056,0.265,0.23170731707317074,0.7205882352941176,0.8046272493573264,0.7284345047923323,0.7916666666666666,0.6271929824561403,0.1928020565552699,0.5466666666666666,0.6507936507936508,0.7560975609756098,0.9242424242424242,0.5901639344262295,0.8088235294117647,0.7090909090909091,0.8046272493573264,0.6064449871465295,0.5827447619047618,0.6201117647058824,0.18805309734513273,0.18805309734513273,0.2725880551301684,0.18529862174578868,2.458868894601543,0.16779606324620847,,,,,,,,,,,,,,,,28.0,,,33.0,,,,,37.0,,8.0,12.0,2.0,,17.0,10.0,5.0,8.0,,,,,,,,0.09511568123393316,0.07987220447284345,0.16,,0.0975609756097561,,,,,,,,,0.09722222222222222,,,,,,,,,,,22.0,6.0,1.0,1.0,,,,,,0.002570694087403599,1.0,1.0,1.0,,,,,,,1.0,,False,,,,,1.0,
1631111,1610612765,Wendell Moore Jr.,Wendell Moore Jr.,1631111,DET,13114.0,219,17.0,448,444,107.0,145.0,57.0,892,13.0,21.0,2.0,4.0,4.0,5.0,5.0,12.0,19.0,36.0,13.0,63.0,463.0,2.0,5.0,7.0,5.0,8.0,16.0,26.0,12.0,4.0,11.0,12.0,23.0,8.0,4.0,7.0,3.0,1.0,58.0,5.0,6.0,18.0,14.0,1.0,33.0,11.0,44.0,,10.0,5.0,5.0,7.0,1.0,3.0,2.0,,4.0,,9.0,2.0,6.0,15.0,,10.0,,14.0,2.0,8.0,3.0,,,1.0,2.0,3.0,1.0,16.0,106.0,1.0,0.6842105263157895,0.7647058823529411,0.5277777777777778,0.4,0.625,0.5,0.4,0.5909090909090909,0.5625,0.5833333333333334,0.6666666666666666,12.745098039215687,0.7777777777777778,0.06666666666666667,0.12389380530973451,0.05263157894736842,0.21176470588235294,0.043478260869565216,0.16161616161616163,0.048034934497816595,0.05263157894736842,0.05555555555555555,0.045454545454545456,0.05952380952380952,,,0.140625,0.3333333333333333,0.15,0.36,,0.3333333333333333,0.42,0.6190476190476191,0.6842105263157895,0.6153846153846154,0.24,0.4166666666666667,0.5555555555555556,0.8,0.8,0.5,0.45454545454545453,0.8,0.7,0.576326,0.6716500000000001,0.5581363636363638,0.14285714285714285,0.19047619047619047,0.1111111111111111,0.25396825396825395,5.300000000000001,0.23883928571428573,3.0,9.0,,,,1.0,5.0,,,1.0,3.0,4.0,14.0,,,3.0,1.0,3.0,3.0,9.0,3.0,5.0,1.0,5.0,,,1.0,,,1.0,,,,0.75,0.2857142857142857,,0.3333333333333333,0.2857142857142857,0.28,,0.1388888888888889,0.09523809523809523,0.25,,,0.18,0.3333333333333333,0.3333333333333333,1.0,0.1,0.2,0.2,,,,,,,,,0.2727272727272727,0.3333333333333333,0.2,24.25714285714286,1.0,,1.0,3.0,,,,,,0.06,0.3333333333333333,0.3333333333333333,1.0,,,,,,,,,False,,,,,,
1641709,1610612765,Ausar Thompson,Ausar Thompson,1641709,DET,51217.0,854,42.0,1774,1798,390.0,417.0,221.0,3572,128.0,186.0,24.0,41.0,22.0,33.0,28.0,77.0,158.0,268.0,49.0,386.0,1966.0,24.0,44.0,49.0,35.0,55.0,87.0,206.0,110.0,38.0,50.0,38.0,88.0,25.0,13.0,28.0,17.0,5.0,214.0,22.0,46.0,56.0,63.0,11.0,130.0,72.0,202.0,9.0,72.0,41.0,31.0,32.0,7.0,19.0,22.0,5.0,13.0,1.0,54.0,12.0,34.0,107.0,2.0,81.0,14.0,82.0,6.0,36.0,16.0,3.0,1.0,8.0,8.0,19.0,7.0,87.0,387.0,13.0,0.6518987341772152,0.7410071942446043,0.5895522388059702,0.5454545454545454,0.6363636363636364,0.5616666666666666,0.5454545454545454,0.5737704918032787,0.56973293768546,0.532608695652174,0.5666666666666667,19.129158512720156,0.5925925925925926,0.23404255319148937,0.15254237288135594,0.0989247311827957,0.13333333333333333,0.061971830985915494,0.14285714285714285,0.08292682926829269,0.11666666666666667,0.09090909090909091,0.07407407407407407,0.07011070110701106,0.03571428571428571,0.10483870967741936,0.17842323651452283,0.14583333333333334,0.12052117263843648,0.168141592920354,0.08653846153846154,0.3684210526315789,0.62,0.6881720430107527,0.757396449704142,0.6484375,0.25666666666666665,0.36363636363636365,0.4307692307692308,0.6785714285714286,0.9318181818181818,0.5853658536585366,0.5409836065573771,0.6666666666666666,0.7266666666666667,0.5865627090301003,0.6282368421052632,0.5606591666666666,0.10909090909090909,0.12080536912751678,0.12694300518134716,0.22538860103626943,3.3567164179104476,0.21984216459977451,3.0,17.0,,,2.0,4.0,15.0,,,,4.0,7.0,32.0,,,1.0,,6.0,17.0,21.0,,15.0,4.0,29.0,,4.0,5.0,3.0,1.0,5.0,7.0,1.0,5.0,1.0,0.21875,,,0.21875,0.10666666666666667,,0.10820895522388059,0.0913978494623656,0.15584415584415584,,0.09090909090909091,0.056666666666666664,0.17647058823529413,0.17647058823529413,1.0,0.05,0.26666666666666666,0.26666666666666666,1.0,0.20833333333333334,,,,,0.03278688524590164,,0.06557377049180328,,0.26666666666666666,25.053125,3.0,,2.0,5.0,,1.0,2.0,,2.0,0.016666666666666666,0.4,0.4,0.5,,,,,,,,,False,,,,,,
1630194,1610612765,Paul Reed,Paul Reed,1630194,DET,19301.0,322,43.0,667,674,184.0,276.0,76.0,1341,37.0,51.0,10.0,15.0,7.0,9.0,7.0,22.0,51.0,85.0,26.0,146.0,721.0,11.0,17.0,29.0,9.0,17.0,37.0,70.0,32.0,16.0,22.0,11.0,33.0,9.0,2.0,9.0,9.0,4.0,77.0,12.0,19.0,19.0,35.0,4.0,58.0,32.0,90.0,3.0,34.0,17.0,17.0,7.0,4.0,2.0,10.0,1.0,5.0,2.0,17.0,7.0,27.0,52.0,7.0,26.0,1.0,32.0,2.0,13.0,17.0,2.0,1.0,9.0,8.0,19.0,13.0,37.0,184.0,7.0,0.6862745098039216,0.813953488372093,0.6,0.6470588235294118,0.5294117647058824,0.5660377358490566,0.5952380952380952,0.5714285714285714,0.6033057851239669,0.6304347826086957,0.6607142857142857,18.32669322709163,0.4117647058823529,0.2222222222222222,0.24647887323943662,0.1310344827586207,0.14074074074074075,0.07547169811320754,0.19494584837545126,0.10197368421052631,0.17307692307692307,0.1111111111111111,0.09523809523809523,0.05737704918032787,0.13513513513513514,0.2857142857142857,0.2948717948717949,,0.16161616161616163,0.08333333333333333,0.06976744186046512,0.6842105263157895,0.4811320754716981,0.7254901960784313,0.8043478260869565,0.5675675675675675,0.20754716981132076,0.3181818181818182,0.3333333333333333,1.0,0.7142857142857143,0.6666666666666666,0.42857142857142855,0.7777777777777778,0.6792452830188679,0.5478481132075471,0.5517566666666667,0.531697619047619,0.1111111111111111,0.13541666666666666,0.19863013698630136,0.2534246575342466,5.63764705882353,0.27586206896551724,1.0,3.0,,,,5.0,18.0,1.0,4.0,2.0,4.0,6.0,21.0,1.0,4.0,4.0,2.0,4.0,13.0,18.0,,18.0,5.0,6.0,,1.0,3.0,,1.0,7.0,4.0,,4.0,1.0,0.2857142857142857,0.25,0.5,0.2857142857142857,0.19811320754716982,,0.07058823529411765,0.09803921568627451,0.045454545454545456,,0.07142857142857142,0.02830188679245283,0.3333333333333333,0.3333333333333333,1.0,0.16981132075471697,0.2777777777777778,0.2777777777777778,1.0,,,0.19047619047619047,0.25,1.0,,,0.19047619047619047,0.5,0.2777777777777778,25.55714285714286,1.0,,7.0,12.0,,,,,1.0,0.11320754716981132,0.5833333333333334,0.5833333333333334,1.0,,,,,,,,,False,,,,1.0,,
1641752,1610612765,Bobi Klintman,Bobi Klintman,1641752,DET,1035.0,17,4.0,34,35,21.0,32.0,4.0,69,,,,,,,,1.0,,1.0,,,32.0,,,,,,,,,,1.0,,1.0,,,1.0,,,2.0,,,3.0,1.0,,4.0,,4.0,,,,,1.0,,,,,1.0,,1.0,1.0,2.0,2.0,,1.0,,,,,1.0,,,,1.0,1.0,,,21.0,,,,,,,,,,,,,7.692307692307692,1.0,,0.14285714285714285,,0.42857142857142855,,0.2857142857142857,,,,,,,0.3333333333333333,,,0.3333333333333333,1.0,,,,,,,0.5,,,,,,,,0.5,0.48285,0.5478,,,,,,12.3,0.6176470588235294,,1.0,1.0,,,,,,,,,,1.0,,1.0,,,,,,,,,,,,,,,,,,,,,,,,0.5,,,,,,,0.5,,,,,,,,,1.0,,,,,,,,,23.5,,,,,,,,,,,,,,,,,,,,,,False,,,,,,
1642450,1610612765,Daniss Jenkins,Daniss Jenkins,1642450,DET,594.0,10,-14.0,18,21,13.0,16.0,2.0,39,,,,,,,,,,,,,26.0,,,,,,,,,,,,,,,,,,,,,,,,,,,,,,,1.0,,1.0,,,,,1.0,1.0,1.0,2.0,,,,,,,,,,,,,,,13.0,,,,,,,,,,,,,25.0,1.0,,,,,,,,,,,,,,,,,,,,,,,,,,,,,,,,1.0,0.48960000000000004,,0.47655000000000003,,,,,,0.7222222222222222,,1.0,,,,,3.0,,,,3.0,,4.0,,,,,3.0,,,,3.0,,,,,,,,,,,,,,,,,1.0,,,,,,,0.25,,,,0.75,,,,,,,,,,,1.0,,,26.175,,,,,,,,,,,,,,,,,,,,,,False,,,,,,
1631306,1610612765,Cole Swider,Cole Swider,1631306,DET,785.0,13,10.0,27,28,21.0,20.0,3.0,55,,,,,,,,,,,,,30.0,,,,,,,,,,,1.0,1.0,1.0,,,,,3.0,,,1.0,,1.0,2.0,,2.0,,,,,,,,,,,,,,1.0,1.0,,,,,,,,,,,,,,,21.0,,,,,,,,,,,,,16.666666666666668,,1.0,,,0.16666666666666666,,0.09090909090909091,,,,,,,,,,0.16666666666666666,,,,,,,,,,,,,,,,1.0,0.50877,,0.49470000000000003,,,,,,0.7777777777777778,,1.0,,,,,4.0,,,,4.0,,5.0,,,,,4.0,,,,4.0,,,,,,,,,,,,,,,,,1.0,,,,,,,0.2,,,,0.8,,,,,,,,,,,1.0,,,25.42,,,,,,,,,,,,,,,,,,,,,,False,,,,,,
1631214,1610612765,Alondes Williams,Alondes Williams,1631214,DET,223.0,4,6.0,7,7,7.0,7.0,,14,1.0,1.0,,,1.0,1.0,,,1.0,1.0,,5.0,6.0,,,,1.0,1.0,5.0,,2.0,,,1.0,1.0,1.0,,,,,3.0,,,,,,,,,,,,,,,,,,,,,,,,,,,,,,,,,,,,,5.0,7.0,,,,1.0,,1.0,1.25,,1.25,1.25,,1.25,28.57142857142857,,,,,,,,,,,,,,,,,,,,,0.5,1.0,1.0,,,,,,,,0.5,1.0,1.0,0.619625,,0.619625,,,,1.0,2.1,1.0,,,,,,1.0,1.0,,,1.0,1.0,1.0,1.0,,,,1.0,1.0,,3.0,,1.0,1.0,,,,,,,,,,,1.0,1.0,,1.0,1.0,0.5,,,,,,,,,,,0.5,1.0,1.0,1.0,,,,,,,,0.5,1.0,1.0,24.8,,,,,,,,,,,,,,,,,,,,,,False,,,,,,
