EntityId,TeamId,Name,ShortName,RowId,TeamAbbreviation,SecondsPlayed,Minutes,PlusMinus,OffPoss,DefPoss,PenaltyOffPoss,PenaltyDefPoss,SecondChanceOffPoss,TotalPoss,AtRimFGM,AtRimFGA,SecondChanceAtRimFGA,ShortMidRangeFGM,ShortMidRangeFGA,LongMidRangeFGM,LongMidRangeFGA,Corner3FGM,Corner3FGA,SecondChanceCorner3FGA,PenaltyCorner3FGM,PenaltyCorner3FGA,Arc3FGM,Arc3FGA,SecondChanceArc3FGM,SecondChanceArc3FGA,PenaltyArc3FGM,PenaltyArc3FGA,FG2M,FG2A,FG3M,FG3A,FtPoints,Points,OpponentPoints,SecondChanceFG2A,SecondChanceFG3M,SecondChanceFG3A,SecondChancePoints,PenaltyFG3M,PenaltyFG3A,PenaltyFtPoints,PenaltyPoints,PtsAssisted2s,PtsUnassisted2s,PtsAssisted3s,PtsUnassisted3s,HeaveAttempts,NonHeaveArc3FGA,NonHeaveArc3FGM,Fg3aBlocked,TwoPtAssists,ThreePtAssists,Assists,Arc3Assists,Corner3Assists,AtRimAssists,ShortMidRangeAssists,LongMidRangeAssists,AssistPoints,OffThreePtRebounds,OffTwoPtRebounds,DefThreePtRebounds,DefTwoPtRebounds,DefRebounds,OffRebounds,Rebounds,SelfOReb,Steals,BadPassSteals,LostBallSteals,LiveBallTurnovers,BadPassOutOfBoundsTurnovers,BadPassTurnovers,DeadBallTurnovers,Turnovers,SecondChanceTurnovers,PenaltyTurnovers,ShootingFouls,Fouls,Charge Fouls,FoulsDrawn,Loose Ball Fouls Drawn,Offensive Fouls Drawn,FTA,ThreePtShootingFoulsDrawn,NonShootingFoulsDrawn,Blocked2s,BlockedAtRim,BlockedShortMidRange,Blocks,RecoveredBlocks,PenaltyPointsExcludingTakeFouls,PenaltyOffPossExcludingTakeFouls,NonShootingPenaltyNonTakeFouls,NonShootingPenaltyNonTakeFoulsDrawn,Assisted2sPct,NonPutbacksAssisted2sPct,Assisted3sPct,Fg3Pct,SecondChanceFg3Pct,PenaltyFg3Pct,NonHeaveFg3Pct,Fg2Pct,EfgPct,SecondChanceEfgPct,PenaltyEfgPct,TsPct,SecondChanceTsPct,PenaltyTsPct,FG3APct,FG3APctBlocked,Corner3PctBlocked,Arc3PctBlocked,Usage,LiveBallTurnoverPct,DefTwoPtReboundPct,OffTwoPtReboundPct,DefThreePtReboundPct,OffThreePtReboundPct,DefFGReboundPct,OffFGReboundPct,OffAtRimReboundPct,OffShortMidRangeReboundPct,OffLongMidRangeReboundPct,OffArc3ReboundPct,OffCorner3ReboundPct,DefAtRimReboundPct,DefShortMidRangeReboundPct,DefLongMidRangeReboundPct,DefArc3ReboundPct,DefCorner3ReboundPct,SelfORebPct,BlocksRecoveredPct,AtRimFrequency,AtRimAccuracy,UnblockedAtRimAccuracy,AtRimPctAssisted,ShortMidRangeFrequency,ShortMidRangeAccuracy,UnblockedShortMidRangeAccuracy,ShortMidRangePctAssisted,LongMidRangeFrequency,LongMidRangeAccuracy,UnblockedLongMidRangeAccuracy,LongMidRangePctAssisted,Corner3Frequency,Corner3Accuracy,UnblockedCorner3Accuracy,Corner3PctAssisted,Arc3Frequency,Arc3Accuracy,UnblockedArc3Accuracy,Arc3PctAssisted,SecondChanceAtRimFrequency,SecondChanceCorner3Frequency,SecondChanceArc3Frequency,SecondChanceArc3Accuracy,SecondChanceArc3PctAssisted,PenaltyCorner3Frequency,PenaltyCorner3Accuracy,PenaltyArc3Frequency,PenaltyArc3Accuracy,AtRimFG3AFrequency,NonHeaveArc3Accuracy,ShotQualityAvg,SecondChanceShotQualityAvg,PenaltyShotQualityAvg,ShootingFoulsDrawnPct,ThreePtShootingFoulsDrawnPct,SecondChancePointsPct,PenaltyPointsPct,Avg2ptShotDistance,Avg3ptShotDistance,PenaltyOffPossPct,SecondChanceFG2M,PtsPutbacks,FTDefRebounds,Loose Ball Fouls,SecondChanceFg2Pct,DefFTReboundPct,SecondChanceAtRimFGM,PenaltyAtRimFGM,PenaltyAtRimFGA,SecondChanceCorner3FGM,SecondChanceFtPoints,PenaltyFG2M,PenaltyFG2A,Fg2aBlocked,LostBallOutOfBoundsTurnovers,LostBallTurnovers,StepOutOfBoundsTurnovers,Travels,Offensive Fouls,2pt And 1 Free Throw Trips,Technical Free Throw Trips,TwoPtShootingFoulsDrawn,PenaltyFg2Pct,FG2APctBlocked,AtRimPctBlocked,ShortMidRangePctBlocked,SecondChanceAtRimAccuracy,SecondChanceCorner3Accuracy,SecondChanceCorner3PctAssisted,PenaltyAtRimFrequency,PenaltyAtRimAccuracy,TwoPtShootingFoulsDrawnPct,Blocked3s,BlockedCorner3,DefensiveGoaltends,SecondChanceAtRimPctAssisted,Clear Path Fouls,Transition Take Fouls,BlockedArc3,LongMidRangePctBlocked,OffensiveGoaltends,3SecondViolations,Defensive 3 Seconds Violations,Transition Take Fouls Drawn,FTOffRebounds,Charge Fouls Drawn,OffFTReboundPct,3pt And 1 Free Throw Trips,on,BlockedLongMidRange,HeaveMakes
1628366,1610612741,Lonzo Ball,Lonzo Ball,1628366,CHI,23285.0,388,91,835,836,130.0,205.0,83.0,1671,7.0,9.0,1.0,4.0,7.0,2.0,3.0,6.0,18.0,1.0,1.0,6.0,26.0,69.0,2.0,5.0,1.0,9.0,13.0,19.0,32.0,87.0,8.0,130.0,924,1.0,2.0,6.0,6.0,2.0,15.0,5.0,11.0,14.0,12.0,84.0,12.0,2.0,67.0,26.0,2.0,39.0,20.0,59.0,10.0,10.0,25.0,10.0,4.0,138.0,4.0,5.0,22.0,33.0,55.0,9.0,64.0,1.0,33.0,21.0,12.0,12.0,4.0,12.0,5.0,17.0,2.0,2.0,17.0,30.0,1.0,9.0,1.0,2.0,9.0,1.0,3.0,10.0,6.0,4.0,10.0,5.0,9.0,129.0,4.0,1.0,0.5384615384615384,0.5384615384615384,0.875,0.367816091954023,0.3333333333333333,0.1333333333333333,0.3764705882352941,0.6842105263157895,0.5754716981132075,0.4285714285714285,0.2,0.5909090909090909,0.4285714285714285,0.3055555555555556,0.8207547169811321,0.0229885057471264,0.0555555555555555,0.0144927536231884,13.525026624068158,0.7058823529411765,0.1692307692307692,0.0276243093922651,0.094017094017094,0.0191387559808612,0.1282051282051282,0.023076923076923,0.0357142857142857,0.0166666666666666,0.027027027027027,0.0125786163522012,0.04,0.1794871794871795,0.1860465116279069,0.0967741935483871,0.0797872340425532,0.1521739130434782,0.0181818181818181,0.5,0.0849056603773584,0.7777777777777778,0.7777777777777778,0.4285714285714285,0.0660377358490566,0.5714285714285714,0.5714285714285714,0.5,0.0283018867924528,0.6666666666666666,0.6666666666666666,1.0,0.1698113207547169,0.3333333333333333,0.3529411764705882,1.0,0.6509433962264151,0.3768115942028985,0.3823529411764705,0.8461538461538461,0.1428571428571428,0.1428571428571428,0.7142857142857143,0.4,1.0,0.4,0.1666666666666666,0.6,0.1111111111111111,0.9056603773584906,0.3880597014925373,0.5551631067961164,0.5148,0.532003846153846,0.0093457943925233,0.0113636363636363,0.0461538461538461,0.0846153846153846,6.621052631578947,26.689655172413783,0.155688622754491,,,,,,,,,,,,,,,,,,,,,,,,,,,,,,,,,,,,,,,,,,,,,,,,,True,,
1628470,1610612741,Torrey Craig,Torrey Craig,1628470,CHI,3449.0,57,-36,115,118,13.0,32.0,10.0,233,2.0,3.0,1.0,2.0,2.0,,,1.0,4.0,,,,6.0,13.0,,,,,4.0,5.0,7.0,17.0,,29.0,153,2.0,,,2.0,,,,,6.0,2.0,18.0,3.0,,13.0,6.0,1.0,3.0,,3.0,,,2.0,1.0,,6.0,3.0,2.0,5.0,2.0,9.0,5.0,14.0,,1.0,1.0,,,,,,,,,4.0,7.0,,,,,,,,1.0,1.0,,1.0,1.0,,13.0,,,0.75,1.0,0.8571428571428571,0.4117647058823529,,,0.4117647058823529,0.8,0.6590909090909091,0.5,,0.6590909090909091,0.5,,0.7727272727272727,0.0588235294117647,0.25,,16.923076923076923,,0.125,0.0606060606060606,0.1785714285714285,0.088235294117647,0.1590909090909091,0.0746268656716417,0.1,,0.1,0.0769230769230769,0.125,,0.2,0.1666666666666666,0.217391304347826,,,1.0,0.1363636363636363,0.6666666666666666,0.6666666666666666,1.0,0.0909090909090909,1.0,1.0,0.5,,,,,0.1818181818181818,0.25,0.3333333333333333,1.0,0.5909090909090909,0.4615384615384615,0.4615384615384615,0.8333333333333334,0.5,,,,,,,,,0.9090909090909092,0.4615384615384615,0.5530886363636364,0.5331,,,,0.0689655172413793,,3.3600000000000003,25.91176470588235,0.1130434782608695,1.0,2.0,2.0,1.0,0.5,0.5,,,,,,,,,,,,,,,,,,,,,,,,,,,,,,,,,,,,,,,,,,,True,,
1629632,1610612741,Coby White,Coby White,1629632,CHI,46007.0,767,26,1650,1653,350.0,403.0,143.0,3303,51.0,79.0,2.0,14.0,38.0,4.0,6.0,15.0,31.0,2.0,4.0,7.0,54.0,148.0,7.0,14.0,11.0,30.0,69.0,123.0,69.0,179.0,62.0,407.0,1928,5.0,8.0,16.0,39.0,15.0,37.0,25.0,104.0,56.0,82.0,171.0,36.0,1.0,147.0,54.0,1.0,50.0,50.0,100.0,37.0,13.0,30.0,17.0,3.0,250.0,5.0,5.0,46.0,28.0,78.0,10.0,88.0,1.0,22.0,13.0,9.0,31.0,5.0,20.0,16.0,47.0,2.0,10.0,26.0,60.0,1.0,62.0,,2.0,71.0,5.0,6.0,4.0,2.0,2.0,4.0,3.0,104.0,348.0,4.0,6.0,0.4057971014492754,0.4057971014492754,0.8260869565217391,0.3854748603351955,0.5,0.4054054054054054,0.3876404494382022,0.5609756097560976,0.5711920529801324,0.7619047619047619,0.6076923076923076,0.6117824773413897,0.7916666666666666,0.6842105263157895,0.5927152317880795,0.0055865921787709,,0.0067567567567567,20.872446162341248,0.6595744680851063,0.0769230769230769,0.0153846153846153,0.1084905660377358,0.0125,0.0939086294416243,0.0137931034482758,0.0139860139860139,0.016,0.0175438596491228,0.0132890365448504,0.0101010101010101,0.074074074074074,0.0544217687074829,0.1219512195121951,0.1070336391437308,0.1134020618556701,0.0068493150684931,0.75,0.2615894039735099,0.6455696202531646,0.7611940298507462,0.4705882352941176,0.1258278145695364,0.3684210526315789,0.4117647058823529,0.2857142857142857,0.0198675496688741,0.6666666666666666,0.6666666666666666,,0.1026490066225165,0.4838709677419355,0.4838709677419355,1.0,0.4900662251655629,0.3648648648648648,0.3673469387755102,0.7777777777777778,0.0952380952380952,0.0952380952380952,0.6666666666666666,0.5,0.7142857142857143,0.1076923076923077,0.5714285714285714,0.4615384615384615,0.3666666666666666,0.8543046357615894,0.3673469387755102,0.5736926910299005,0.4798222222222222,0.55949296875,0.0892307692307692,0.0271739130434782,0.0958230958230958,0.2555282555282555,4.547154471544715,26.13966480446928,0.2121212121212121,4.0,,4.0,5.0,0.8,0.1,1.0,14.0,22.0,1.0,7.0,17.0,28.0,16.0,5.0,11.0,1.0,1.0,2.0,6.0,2.0,24.0,0.6071428571428571,0.1300813008130081,0.1518987341772152,0.1052631578947368,0.5,0.5,1.0,0.3384615384615385,0.6363636363636364,0.1702127659574468,,,,,,,,,,,,,,,,,True,,
1641824,1610612741,Matas Buzelis,Matas Buzelis,1641824,CHI,15757.0,263,34,569,561,90.0,90.0,59.0,1130,19.0,39.0,10.0,3.0,7.0,1.0,2.0,13.0,29.0,1.0,2.0,5.0,3.0,11.0,,,,,23.0,48.0,16.0,40.0,10.0,104.0,634,10.0,,1.0,8.0,2.0,5.0,2.0,14.0,36.0,10.0,48.0,,,11.0,3.0,,3.0,5.0,8.0,4.0,1.0,1.0,2.0,,21.0,7.0,5.0,27.0,17.0,49.0,12.0,61.0,3.0,3.0,2.0,1.0,3.0,1.0,1.0,4.0,7.0,,1.0,21.0,31.0,,8.0,,,11.0,,,14.0,10.0,4.0,15.0,10.0,14.0,90.0,3.0,,0.782608695652174,0.8181818181818182,1.0,0.4,,0.4,0.4,0.4791666666666667,0.5340909090909091,0.1818181818181818,0.5,0.5652173913043478,0.3076923076923077,0.5384615384615384,0.4545454545454545,,,,15.566037735849056,0.4285714285714285,0.1223021582733813,0.0403225806451612,0.1888111888111888,0.056910569105691,0.1560283687943262,0.048582995951417,0.046875,0.0303030303030303,0.037037037037037,0.0439560439560439,0.09375,0.1692307692307692,0.0727272727272727,0.1052631578947368,0.1709401709401709,0.2692307692307692,0.073170731707317,0.6666666666666666,0.4431818181818182,0.4871794871794871,0.5757575757575758,0.8421052631578947,0.0795454545454545,0.4285714285714285,0.6,0.3333333333333333,0.0227272727272727,0.5,0.5,1.0,0.3295454545454545,0.4482758620689655,0.4482758620689655,1.0,0.125,0.2727272727272727,0.2727272727272727,1.0,0.9090909090909092,0.0909090909090909,,,,0.4166666666666667,0.4,,,0.8977272727272727,0.2727272727272727,0.6164000000000001,0.6640833333333334,0.6044208333333333,0.0760869565217391,,0.0769230769230769,0.1346153846153846,3.1,23.9425,0.1581722319859402,2.0,2.0,5.0,1.0,0.2,0.3571428571428571,2.0,3.0,5.0,,4.0,3.0,7.0,8.0,,2.0,2.0,1.0,,3.0,,7.0,0.4285714285714285,0.1666666666666666,0.1538461538461538,0.2857142857142857,0.2,,,0.4166666666666667,0.6,0.1346153846153846,1.0,1.0,2.0,0.5,,,,,,,,,,,,,True,,
203897,1610612741,Zach LaVine,Zach LaVine,203897,CHI,85923.0,1432,10,3054,3063,505.0,642.0,282.0,6117,155.0,227.0,15.0,23.0,56.0,49.0,122.0,22.0,52.0,7.0,1.0,2.0,114.0,253.0,10.0,12.0,19.0,46.0,227.0,405.0,136.0,305.0,145.0,1007.0,3557,23.0,14.0,19.0,73.0,20.0,48.0,40.0,170.0,214.0,240.0,210.0,198.0,,253.0,114.0,2.0,117.0,72.0,189.0,51.0,21.0,64.0,45.0,8.0,450.0,11.0,1.0,112.0,70.0,190.0,12.0,202.0,1.0,39.0,28.0,11.0,77.0,17.0,40.0,44.0,121.0,7.0,22.0,43.0,64.0,1.0,143.0,2.0,1.0,182.0,3.0,9.0,7.0,2.0,5.0,10.0,5.0,169.0,501.0,4.0,7.0,0.4713656387665198,0.4755555555555555,0.5147058823529411,0.4459016393442623,0.7368421052631579,0.4166666666666667,0.4459016393442623,0.5604938271604938,0.6070422535211267,0.8095238095238095,0.5416666666666666,0.6348600508905853,0.7934782608695652,0.5921985815602837,0.4295774647887324,0.0065573770491803,0.0192307692307692,0.0039525691699604,26.757235676314234,0.6363636363636364,0.100143061516452,0.0015243902439024,0.1403508771929824,0.0152354570637119,0.1215764863059452,0.0087082728592162,0.0033003300330033,,,0.0092250922509225,0.0333333333333333,0.0581818181818181,0.1038062283737024,0.1777777777777777,0.1396468699839486,0.1428571428571428,0.0032051282051282,0.5,0.3197183098591549,0.6828193832599119,0.7560975609756098,0.5806451612903226,0.0788732394366197,0.4107142857142857,0.4259259259259259,0.3043478260869565,0.1718309859154929,0.4016393442622951,0.4083333333333333,0.2040816326530612,0.0732394366197183,0.4230769230769231,0.4313725490196078,0.8181818181818182,0.3563380281690141,0.4505928853754941,0.4523809523809524,0.4561403508771929,0.3571428571428571,0.1666666666666666,0.2857142857142857,0.8333333333333334,0.8,0.0166666666666666,0.5,0.3833333333333333,0.4130434782608695,0.7492957746478873,0.4505928853754941,0.5693419014084506,0.5859357142857144,0.54852,0.1106821106821106,0.0097402597402597,0.0724925521350546,0.1688182720953326,7.520987654320988,26.017704918032795,0.1653569089718402,13.0,4.0,8.0,2.0,0.5652173913043478,0.1126760563380281,12.0,24.0,40.0,4.0,5.0,35.0,72.0,26.0,8.0,37.0,4.0,10.0,1.0,19.0,9.0,83.0,0.4861111111111111,0.0641975308641975,0.0969162995594713,0.0357142857142857,0.8,0.5714285714285714,1.0,0.3333333333333333,0.6,0.1769722814498933,3.0,,,0.5,1.0,1.0,3.0,0.0163934426229508,,,,,,,,,True,,
1630245,1610612741,Ayo Dosunmu,Ayo Dosunmu,1630245,CHI,39681.0,661,-27,1411,1416,269.0,337.0,122.0,2827,62.0,91.0,5.0,7.0,16.0,,2.0,17.0,39.0,4.0,1.0,5.0,15.0,45.0,1.0,4.0,1.0,5.0,69.0,109.0,32.0,84.0,29.0,263.0,1684,7.0,3.0,8.0,13.0,2.0,10.0,11.0,43.0,88.0,50.0,96.0,,,45.0,15.0,2.0,51.0,39.0,90.0,28.0,11.0,33.0,16.0,2.0,219.0,5.0,6.0,41.0,28.0,69.0,11.0,80.0,3.0,22.0,14.0,8.0,15.0,4.0,11.0,10.0,25.0,,5.0,29.0,50.0,,29.0,1.0,1.0,41.0,,3.0,8.0,5.0,3.0,8.0,,43.0,267.0,3.0,3.0,0.6376811594202898,0.6470588235294118,1.0,0.3809523809523809,0.375,0.2,0.3809523809523809,0.6330275229357798,0.6062176165803109,0.4333333333333333,0.5,0.6232227488151659,0.4333333333333333,0.5657894736842105,0.4352331606217616,0.0238095238095238,,0.0444444444444444,15.21598968407479,0.6,0.0909090909090909,0.0212014134275618,0.1099195710455764,0.0145772594752186,0.1013215859030837,0.0175718849840255,0.0227272727272727,0.0202020202020202,0.0192307692307692,0.0158102766798418,0.0111111111111111,0.0806451612903225,0.0901639344262295,0.1129032258064516,0.1137931034482758,0.0963855421686747,0.0410958904109589,,0.4715025906735751,0.6813186813186813,0.7848101265822784,0.6451612903225806,0.082901554404145,0.4375,0.5,0.5714285714285714,0.0103626943005181,,,,0.2020725388601036,0.4358974358974359,0.4358974358974359,1.0,0.233160621761658,0.3333333333333333,0.3488372093023256,1.0,0.3333333333333333,0.2666666666666666,0.2666666666666666,0.25,1.0,0.15625,0.2,0.15625,0.2,0.9067357512953368,0.3333333333333333,0.6260178756476684,0.5584444444444444,0.6039015625,0.0865384615384615,,0.0494296577946768,0.1634980988593156,2.824770642201835,24.68452380952381,0.1906449326718639,2.0,2.0,,,0.2857142857142857,,2.0,11.0,17.0,2.0,,13.0,22.0,14.0,2.0,4.0,2.0,1.0,,3.0,,18.0,0.5909090909090909,0.128440366972477,0.1318681318681318,0.125,0.4,0.5,1.0,0.53125,0.6470588235294118,0.1451612903225806,,,2.0,0.5,,,,,,,,,,,,,True,,
202696,1610612741,Nikola Vučević,Nikola Vučević,202696,CHI,76112.0,1269,5,2712,2705,441.0,561.0,255.0,5417,108.0,158.0,57.0,129.0,210.0,17.0,39.0,4.0,18.0,1.0,1.0,5.0,69.0,164.0,4.0,7.0,8.0,27.0,254.0,407.0,73.0,182.0,74.0,801.0,3166,79.0,4.0,8.0,109.0,9.0,32.0,21.0,110.0,394.0,114.0,216.0,3.0,,164.0,69.0,,59.0,76.0,135.0,55.0,21.0,44.0,10.0,5.0,346.0,34.0,61.0,137.0,155.0,315.0,95.0,410.0,22.0,37.0,27.0,10.0,37.0,7.0,22.0,27.0,64.0,9.0,12.0,63.0,93.0,1.0,99.0,14.0,1.0,88.0,,7.0,24.0,13.0,11.0,25.0,14.0,110.0,437.0,5.0,7.0,0.7755905511811023,0.8755555555555555,0.9863013698630136,0.4010989010989011,0.5,0.28125,0.4010989010989011,0.6240786240786241,0.6171477079796265,0.5632183908045977,0.5705128205128205,0.6418269230769231,0.5860215053763441,0.6179775280898876,0.3089983022071307,,,,22.857142857142858,0.578125,0.2528548123980424,0.1032148900169204,0.1946022727272727,0.0538827258320126,0.2217160212604404,0.0777414075286415,0.1363636363636363,0.1018518518518518,0.027027027027027,0.0441176470588235,0.0838709677419354,0.2605042016806723,0.250996015936255,0.2419354838709677,0.2010869565217391,0.1710526315789473,0.0916666666666666,0.56,0.2682512733446519,0.6835443037974683,0.7297297297297297,0.6574074074074074,0.3565365025466893,0.6142857142857143,0.6482412060301508,0.8527131782945736,0.066213921901528,0.4358974358974359,0.4358974358974359,0.9411764705882352,0.030560271646859,0.2222222222222222,0.2222222222222222,1.0,0.2784380305602716,0.4207317073170731,0.4207317073170731,0.9855072463768116,0.6551724137931034,0.0114942528735632,0.0804597701149425,0.5714285714285714,1.0,0.0641025641025641,0.2,0.3461538461538461,0.2962962962962963,0.5772495755517827,0.4207317073170731,0.5293679966044142,0.559610294117647,0.5307737179487179,0.0713128038897893,,0.1360799001248439,0.1373283395755306,6.25036855036855,25.798351648351648,0.1626106194690265,43.0,58.0,23.0,5.0,0.5443037974683544,0.365079365079365,35.0,19.0,22.0,,11.0,31.0,46.0,21.0,4.0,15.0,1.0,2.0,6.0,16.0,,44.0,0.6739130434782609,0.0515970515970515,0.0632911392405063,0.0523809523809523,0.6140350877192983,,,0.282051282051282,0.8636363636363636,0.1011494252873563,1.0,,,0.0857142857142857,,1.0,1.0,,1.0,2.0,1.0,,,,,,True,,
1631207,1610612741,Dalen Terry,Dalen Terry,1631207,CHI,9963.0,166,-19,349,352,43.0,74.0,37.0,701,12.0,17.0,6.0,,3.0,,1.0,4.0,10.0,,,2.0,3.0,9.0,,1.0,,1.0,12.0,21.0,7.0,19.0,3.0,48.0,416,6.0,,1.0,10.0,,3.0,1.0,3.0,8.0,16.0,21.0,,,9.0,3.0,,8.0,5.0,13.0,3.0,2.0,6.0,2.0,,31.0,3.0,6.0,7.0,5.0,12.0,9.0,21.0,,5.0,5.0,,6.0,,3.0,2.0,8.0,,2.0,9.0,18.0,,4.0,,,4.0,,,3.0,3.0,,4.0,3.0,3.0,43.0,,,0.3333333333333333,0.5,1.0,0.3684210526315789,,,0.3684210526315789,0.5714285714285714,0.5625,0.5714285714285714,0.1666666666666666,0.5714285714285714,0.625,0.2142857142857142,0.475,,,,12.437810945273633,0.75,0.0617283950617283,0.0618556701030927,0.0933333333333333,0.0352941176470588,0.0769230769230769,0.0494505494505494,0.1041666666666666,,0.0526315789473684,,0.1111111111111111,0.09375,0.0294117647058823,0.0666666666666666,0.0576923076923076,0.1739130434782608,,0.75,0.425,0.7058823529411765,0.8571428571428571,0.3333333333333333,0.075,,,,0.025,,,,0.25,0.4,0.4,1.0,0.225,0.3333333333333333,0.3333333333333333,1.0,0.8571428571428571,,0.1428571428571428,,,0.3333333333333333,,0.1666666666666666,,0.9,0.3333333333333333,0.6064337500000001,0.6065,0.6060583333333334,0.0476190476190476,,0.2083333333333333,0.0625,2.619047619047618,24.494736842105265,0.1232091690544412,4.0,8.0,,1.0,0.6666666666666666,,4.0,1.0,2.0,,2.0,1.0,3.0,4.0,,3.0,1.0,,1.0,,,2.0,0.3333333333333333,0.1904761904761904,0.1764705882352941,0.3333333333333333,0.6666666666666666,,,0.3333333333333333,0.5,0.0869565217391304,1.0,,,,,,1.0,,,,,1.0,,,,,True,,
1630172,1610612741,Patrick Williams,Patrick Williams,1630172,CHI,42538.0,709,-33,1526,1531,245.0,281.0,136.0,3057,30.0,58.0,12.0,10.0,31.0,3.0,14.0,9.0,28.0,2.0,1.0,7.0,32.0,86.0,3.0,6.0,4.0,10.0,43.0,103.0,41.0,114.0,25.0,234.0,1761,16.0,4.0,8.0,34.0,5.0,17.0,5.0,34.0,54.0,32.0,120.0,3.0,,86.0,32.0,1.0,35.0,30.0,65.0,22.0,8.0,19.0,14.0,2.0,160.0,8.0,10.0,50.0,36.0,90.0,18.0,108.0,3.0,22.0,9.0,13.0,18.0,3.0,9.0,13.0,31.0,1.0,5.0,18.0,28.0,,22.0,2.0,,33.0,,1.0,14.0,6.0,8.0,16.0,7.0,34.0,241.0,1.0,1.0,0.627906976744186,0.6923076923076923,0.975609756097561,0.3596491228070175,0.5,0.2941176470588235,0.3596491228070175,0.4174757281553398,0.4815668202764977,0.5833333333333334,0.4833333333333333,0.5043103448275862,0.6296296296296297,0.5151515151515151,0.5253456221198156,0.0087719298245614,0.0357142857142857,,15.63614744351962,0.5806451612903226,0.1019830028328611,0.0293255131964809,0.1231527093596059,0.0225352112676056,0.1133069828722002,0.0258620689655172,0.0326797385620915,0.0314960629921259,0.0163934426229508,0.0150375939849624,0.0449438202247191,0.0719424460431654,0.1088435374149659,0.1492537313432835,0.1292307692307692,0.0987654320987654,0.0256410256410256,0.4375,0.2672811059907834,0.5172413793103449,0.6122448979591837,0.6666666666666666,0.1428571428571428,0.3225806451612903,0.3846153846153846,0.4,0.064516129032258,0.2142857142857142,0.2142857142857142,1.0,0.1290322580645161,0.3214285714285714,0.3333333333333333,1.0,0.3963133640552995,0.3720930232558139,0.3720930232558139,0.96875,0.5,0.0833333333333333,0.25,0.5,0.6666666666666666,0.2333333333333333,0.1428571428571428,0.3333333333333333,0.4,0.7926267281105991,0.3720930232558139,0.5689225806451612,0.6175700000000001,0.5873616666666667,0.0735930735930736,,0.1452991452991453,0.1452991452991453,5.649514563106796,25.76315789473684,0.1605504587155963,8.0,8.0,4.0,4.0,0.5,0.1481481481481481,7.0,6.0,9.0,1.0,6.0,7.0,13.0,14.0,3.0,9.0,2.0,3.0,1.0,3.0,,17.0,0.5384615384615384,0.1359223300970873,0.1551724137931034,0.1612903225806451,0.5833333333333334,0.5,1.0,0.3,0.6666666666666666,0.1452991452991453,2.0,,1.0,0.4285714285714285,,,2.0,,,,1.0,,,,,,True,,
1630188,1610612741,Jalen Smith,Jalen Smith,1630188,CHI,8868.0,148,-12,308,324,54.0,68.0,23.0,632,15.0,27.0,10.0,,,,1.0,1.0,6.0,1.0,,1.0,8.0,19.0,,1.0,,2.0,15.0,28.0,9.0,25.0,16.0,73.0,363,10.0,,2.0,18.0,,3.0,1.0,5.0,16.0,14.0,27.0,,,19.0,8.0,,6.0,5.0,11.0,4.0,1.0,3.0,2.0,1.0,27.0,2.0,12.0,16.0,16.0,33.0,15.0,48.0,,3.0,3.0,,1.0,2.0,,4.0,5.0,,,14.0,19.0,,17.0,2.0,2.0,18.0,,1.0,10.0,8.0,2.0,10.0,6.0,5.0,54.0,,1.0,0.5333333333333333,1.0,1.0,0.36,,,0.36,0.5357142857142857,0.5377358490566038,0.5833333333333334,0.4,0.5983606557377049,0.6428571428571429,0.4166666666666667,0.4716981132075472,,,,19.526627218934912,0.2,0.2105263157894736,0.1967213114754098,0.1860465116279069,0.0246913580246913,0.1975308641975308,0.0985915492957746,0.2432432432432432,0.2307692307692307,,,0.0952380952380952,0.2424242424242424,0.15625,0.2727272727272727,0.2272727272727272,0.05,,0.6,0.5094339622641509,0.5555555555555556,0.6818181818181818,0.5333333333333333,,,,,0.0188679245283018,,,,0.1132075471698113,0.1666666666666666,0.1666666666666666,1.0,0.3584905660377358,0.4210526315789473,0.4210526315789473,1.0,0.8333333333333334,0.0833333333333333,0.0833333333333333,,,0.2,,0.4,,0.981132075471698,0.4210526315789473,0.6169188679245283,0.650745,0.5976600000000001,0.15,,0.2465753424657534,0.0684931506849315,1.6892857142857145,25.18,0.1753246753246753,7.0,14.0,1.0,,0.7,0.125,7.0,2.0,2.0,,4.0,2.0,2.0,5.0,,1.0,,1.0,1.0,2.0,,9.0,1.0,0.1785714285714285,0.1851851851851851,,0.7,,,0.4,1.0,0.2571428571428571,,,1.0,,,,,,,,,,1.0,1.0,0.1428571428571428,,True,,
1630581,1610612741,Josh Giddey,Josh Giddey,1630581,CHI,51603.0,860,-5,1831,1832,273.0,284.0,176.0,3663,57.0,98.0,12.0,31.0,75.0,3.0,9.0,16.0,36.0,2.0,4.0,8.0,21.0,64.0,3.0,4.0,3.0,9.0,91.0,182.0,37.0,100.0,37.0,330.0,2117,20.0,5.0,6.0,33.0,7.0,17.0,18.0,57.0,76.0,106.0,99.0,12.0,,64.0,21.0,,113.0,82.0,195.0,58.0,24.0,81.0,24.0,8.0,472.0,27.0,24.0,93.0,61.0,166.0,51.0,217.0,12.0,29.0,16.0,13.0,46.0,18.0,30.0,33.0,79.0,5.0,10.0,30.0,50.0,2.0,53.0,2.0,2.0,52.0,,9.0,11.0,6.0,5.0,12.0,5.0,54.0,270.0,2.0,7.0,0.4175824175824176,0.4418604651162791,0.8918918918918919,0.37,0.8333333333333334,0.4117647058823529,0.37,0.5,0.5195035460992907,0.5576923076923077,0.5416666666666666,0.5392156862745098,0.5892857142857143,0.5816326530612245,0.3546099290780142,,,,18.928220255653883,0.5822784810126582,0.1469879518072289,0.0597014925373134,0.1917525773195876,0.0655339805825242,0.1711111111111111,0.0626535626535626,0.0529100529100529,0.0608108108108108,0.0769230769230769,0.0566037735849056,0.0957446808510638,0.0886075949367088,0.1807909604519774,0.1875,0.192,0.1909090909090909,0.0902255639097744,0.4166666666666667,0.3475177304964539,0.5816326530612245,0.6551724137931034,0.4385964912280701,0.2659574468085106,0.4133333333333333,0.4696969696969697,0.3548387096774194,0.0319148936170212,0.3333333333333333,0.375,0.6666666666666666,0.1276595744680851,0.4444444444444444,0.4444444444444444,0.875,0.226950354609929,0.328125,0.328125,0.9047619047619048,0.4615384615384615,0.0769230769230769,0.1538461538461538,0.75,1.0,0.2222222222222222,0.5,0.25,0.3333333333333333,0.7021276595744681,0.328125,0.564451595744681,0.5491285714285715,0.5991347222222223,0.0639730639730639,,0.1,0.1727272727272727,5.120329670329671,24.852999999999994,0.1490988530857455,7.0,10.0,12.0,5.0,0.35,0.3076923076923077,4.0,8.0,15.0,2.0,4.0,9.0,19.0,21.0,6.0,16.0,4.0,1.0,,4.0,,19.0,0.4736842105263157,0.1153846153846153,0.1122448979591836,0.12,0.3333333333333333,1.0,1.0,0.4166666666666667,0.5333333333333333,0.0964467005076142,1.0,1.0,,,1.0,,,0.1111111111111111,1.0,,,,,,,,True,,
1641763,1610612741,Julian Phillips,Julian Phillips,1641763,CHI,15949.0,266,28,548,551,59.0,114.0,57.0,1099,10.0,19.0,8.0,5.0,10.0,,,8.0,25.0,2.0,,2.0,1.0,10.0,,2.0,,,15.0,29.0,9.0,35.0,5.0,62.0,637,9.0,,4.0,9.0,,2.0,,4.0,20.0,10.0,27.0,,,10.0,1.0,1.0,4.0,3.0,7.0,3.0,,3.0,1.0,,17.0,13.0,5.0,9.0,11.0,20.0,18.0,38.0,2.0,6.0,4.0,2.0,2.0,1.0,1.0,5.0,7.0,,1.0,10.0,22.0,,8.0,1.0,2.0,7.0,,,6.0,3.0,3.0,6.0,4.0,4.0,59.0,3.0,,0.6666666666666666,0.9090909090909092,1.0,0.2571428571428571,,,0.2571428571428571,0.5172413793103449,0.4453125,0.3076923076923077,0.4,0.4626865671641791,0.3214285714285714,0.4,0.546875,0.0285714285714285,0.04,,12.012987012987011,0.2857142857142857,0.0774647887323943,0.0434782608695652,0.0592105263157894,0.1,0.0680272108843537,0.073469387755102,0.0943396226415094,,,0.1145833333333333,0.0588235294117647,0.0847457627118644,0.0701754385964912,0.0769230769230769,0.0642201834862385,0.0465116279069767,0.0526315789473684,0.6666666666666666,0.296875,0.5263157894736842,0.5555555555555556,0.6,0.15625,0.5,0.5,0.8,,,,,0.390625,0.32,0.3333333333333333,1.0,0.15625,0.1,0.1,1.0,0.6153846153846154,0.1538461538461538,0.1538461538461538,,,0.4,,,,0.84375,0.1,0.59248671875,0.6212611111111112,0.5941,0.0597014925373134,,0.1451612903225806,0.064516129032258,3.2103448275862068,23.934285714285718,0.1076642335766423,4.0,8.0,,2.0,0.4444444444444444,,4.0,1.0,2.0,,1.0,2.0,3.0,1.0,1.0,1.0,,,1.0,1.0,,4.0,0.6666666666666666,0.0344827586206896,0.0526315789473684,,0.5,,,0.4,0.5,0.125,,,,,,,,,1.0,,,,,,,,True,,
1630537,1610612741,Chris Duarte,Chris Duarte,1630537,CHI,525.0,9,-11,17,16,,,2.0,33,,1.0,,,1.0,,,,,,,,1.0,1.0,1.0,1.0,,,,2.0,1.0,1.0,,3.0,22,,1.0,1.0,3.0,,,,,,,,3.0,,1.0,1.0,,2.0,,2.0,,,1.0,1.0,,4.0,1.0,,,1.0,1.0,1.0,2.0,,,,,,,,,,,,,2.0,,,,,,,,,,,,,,,,,,,,1.0,1.0,,1.0,,0.5,1.5,,0.5,1.5,,0.3333333333333333,,,,15.789473684210526,,0.1666666666666666,,,0.1428571428571428,0.1428571428571428,0.0909090909090909,,,,,1.0,,0.5,,,,,,0.3333333333333333,,,,0.3333333333333333,,,,,,,,,,,,0.3333333333333333,1.0,1.0,,,,1.0,1.0,,,,,,0.6666666666666666,1.0,0.4686,0.4857,,,,1.0,,4.7,27.9,,,,,,,,,,,,,,,,,,,,,,,,,,,,,,,,,,,,,,,,,,,,,,,,,,True,,
1629659,1610612741,Talen Horton-Tucker,Talen Horton-Tucker,1629659,CHI,7292.0,122,-17,246,259,43.0,68.0,19.0,505,12.0,17.0,2.0,1.0,6.0,,1.0,3.0,4.0,,,,3.0,13.0,,,,2.0,13.0,24.0,6.0,17.0,8.0,52.0,301,4.0,,,5.0,,2.0,3.0,7.0,14.0,12.0,18.0,,,13.0,3.0,,6.0,4.0,10.0,1.0,3.0,3.0,2.0,1.0,24.0,1.0,1.0,5.0,4.0,9.0,2.0,11.0,1.0,3.0,1.0,2.0,3.0,,3.0,2.0,5.0,,,3.0,12.0,,7.0,1.0,,9.0,,2.0,1.0,,1.0,1.0,1.0,7.0,43.0,1.0,2.0,0.5384615384615384,0.5833333333333334,1.0,0.3529411764705882,,,0.3529411764705882,0.5416666666666666,0.5365853658536586,0.5,0.5,0.5777777777777777,0.5,0.5833333333333334,0.4146341463414634,,,,18.51851851851852,0.6,0.0571428571428571,0.0212765957446808,0.0892857142857142,0.0169491525423728,0.0714285714285714,0.0188679245283018,,0.0769230769230769,,,0.0714285714285714,0.04,0.064516129032258,0.0714285714285714,0.0638297872340425,0.2222222222222222,0.0454545454545454,1.0,0.4146341463414634,0.7058823529411765,0.7058823529411765,0.5833333333333334,0.1463414634146341,0.1666666666666666,0.1666666666666666,,0.024390243902439,,,,0.0975609756097561,0.75,0.75,1.0,0.3170731707317073,0.2307692307692307,0.2307692307692307,1.0,0.5,,,,,,,0.5,,0.8292682926829268,0.2307692307692307,0.5941926829268293,0.6452,0.58155,0.0697674418604651,,0.0961538461538461,0.1346153846153846,3.9375,25.058823529411764,0.1747967479674796,2.0,2.0,,1.0,0.5,,2.0,2.0,2.0,,1.0,2.0,2.0,,,,,2.0,,1.0,,3.0,1.0,,,,1.0,,,0.5,1.0,0.1153846153846153,,,1.0,0.5,,,,,,,,,,,,,True,,
1630604,1610612741,E.J. Liddell,E.J. Liddell,1630604,CHI,373.0,6,-2,13,13,2.0,4.0,1.0,26,,,,,,,,,,,,,1.0,1.0,,,,,,,1.0,1.0,,3.0,18,,,,,,,,,,,3.0,,,1.0,1.0,,,,,,,,,,,1.0,,,,,1.0,1.0,,1.0,1.0,,,,,,,,,1.0,2.0,,,,,,,,,,,,,,2.0,1.0,,,,1.0,1.0,,,1.0,,1.5,,,1.5,,,1.0,,,,7.142857142857142,,,,,0.3333333333333333,,0.25,,,,,1.0,,,,,,,,,,,,,,,,,,,,,,,,1.0,1.0,1.0,1.0,,,,,,,,,,1.0,1.0,0.5328,,,,,,,,26.6,0.1538461538461538,,,,,,,,,,,,,,,,,,,,,,,,,,,,,,,,,,,,,,,,,,,,,,,,,True,,
1641766,1610612741,Adama Sanogo,Adama Sanogo,1641766,CHI,280.0,5,3,10,11,4.0,3.0,1.0,21,,,,,1.0,,,,,,,,,,,,,,,1.0,,,,,10,,,,,,,,,,,,,,,,,,,,,,,,,,,,,,,,,,,,,,,,,,,,,,,1.0,,,,,,,,,,,,4.0,,,,,,,,,,,,,,,,,,,,,9.090909090909092,,,,,,,,,,,,,,,,,,,,,,,,1.0,,,,,,,,,,,,,,,,,,,,,,,,,,,0.4644,,0.4644,,,,,6.5,,0.4,,,,,,,,,,,,,1.0,,,,,,,,,,,,,,,,,,,,,,,,,,,,,,,,,,,,True,,
1628975,1610612741,Jevon Carter,Jevon Carter,1628975,CHI,2010.0,34,15,76,74,4.0,44.0,4.0,150,1.0,2.0,,,3.0,,,2.0,3.0,,,,4.0,7.0,,,,,1.0,5.0,6.0,10.0,1.0,21.0,94,,,,,,,,,2.0,,18.0,,,7.0,4.0,,3.0,1.0,4.0,1.0,,2.0,1.0,,9.0,,,3.0,,3.0,,3.0,,1.0,1.0,,1.0,,1.0,,1.0,,,2.0,5.0,,2.0,,,2.0,2.0,,,,,,,,4.0,1.0,,1.0,1.0,1.0,0.6,,,0.6,0.2,0.6666666666666666,,,0.7,,,0.6666666666666666,,,,19.753086419753085,1.0,,,0.1428571428571428,,0.09375,,,,,,,,,,0.0555555555555555,0.6666666666666666,,,0.1333333333333333,0.5,0.5,1.0,0.2,,,,,,,,0.2,0.6666666666666666,0.6666666666666666,1.0,0.4666666666666667,0.5714285714285714,0.5714285714285714,1.0,,,,,,,,,,0.8,0.5714285714285714,0.5617566666666666,,,0.1333333333333333,0.2,,,5.94,24.87,0.0526315789473684,,,,,,,,,,,,,,,,,,,,,,,,,,,,,,,,,,,,,,,,,,,,,,,,2.0,True,,
1628366,1610612741,Lonzo Ball,Lonzo Ball,1628366,CHI,23336.0,389,9,827,831,141.0,153.0,90.0,1658,4.0,11.0,2.0,3.0,10.0,2.0,8.0,11.0,26.0,4.0,1.0,2.0,24.0,82.0,4.0,11.0,2.0,14.0,9.0,29.0,35.0,108.0,14.0,137.0,919,2.0,7.0,15.0,24.0,3.0,16.0,5.0,16.0,10.0,8.0,93.0,12.0,2.0,80.0,24.0,,25.0,31.0,56.0,19.0,12.0,14.0,11.0,,143.0,10.0,6.0,21.0,16.0,38.0,16.0,54.0,2.0,14.0,6.0,8.0,15.0,5.0,13.0,9.0,24.0,1.0,2.0,13.0,25.0,1.0,9.0,,,18.0,3.0,3.0,7.0,2.0,5.0,7.0,2.0,16.0,138.0,,3.0,0.5555555555555556,0.5555555555555556,0.8857142857142857,0.324074074074074,0.4666666666666667,0.1875,0.330188679245283,0.3103448275862069,0.4489051094890511,0.6176470588235294,0.2619047619047619,0.4756944444444444,0.6666666666666666,0.3333333333333333,0.7883211678832117,,,,17.987152034261243,0.625,0.0784313725490196,0.034090909090909,0.1076923076923077,0.0418410041841004,0.0927318295739348,0.0385542168674698,0.0307692307692307,0.0227272727272727,0.0869565217391304,0.0386740331491712,0.0517241379310344,0.0689655172413793,0.087719298245614,0.0625,0.0993377483443708,0.1363636363636363,0.0227272727272727,0.2857142857142857,0.0802919708029197,0.3636363636363636,0.4444444444444444,0.75,0.072992700729927,0.3,0.3,0.3333333333333333,0.0583941605839416,0.25,0.25,0.5,0.1897810218978102,0.4230769230769231,0.4230769230769231,1.0,0.5985401459854015,0.2926829268292683,0.2926829268292683,0.8333333333333334,0.1176470588235294,0.2352941176470588,0.6470588235294118,0.3636363636363636,1.0,0.0952380952380952,0.5,0.6666666666666666,0.1428571428571428,0.8686131386861314,0.3,0.5487731343283583,0.570740909090909,0.5248842105263157,0.0354609929078014,0.027027027027027,0.1751824817518248,0.1167883211678832,8.831034482758621,26.623148148148147,0.1704957678355501,,,1.0,1.0,,0.0588235294117647,,,1.0,3.0,3.0,1.0,5.0,2.0,1.0,2.0,,1.0,1.0,1.0,,2.0,0.2,0.0689655172413793,0.1818181818181818,,,0.75,1.0,0.0476190476190476,,0.0666666666666666,,,,,,,,,,,,,,,,,False,,
1628380,1610612741,Zach Collins,Zach Collins,1628380,CHI,15116.0,252,25,526,527,66.0,77.0,62.0,1053,26.0,34.0,11.0,10.0,17.0,,1.0,1.0,5.0,,,,9.0,27.0,,1.0,,2.0,36.0,52.0,10.0,32.0,25.0,127.0,597,12.0,,1.0,21.0,,2.0,3.0,11.0,58.0,14.0,30.0,,,27.0,9.0,,12.0,12.0,24.0,10.0,2.0,8.0,3.0,1.0,60.0,7.0,23.0,23.0,29.0,55.0,30.0,85.0,4.0,9.0,5.0,4.0,5.0,1.0,3.0,7.0,12.0,,1.0,20.0,27.0,,21.0,3.0,1.0,29.0,,1.0,5.0,3.0,2.0,5.0,3.0,11.0,66.0,1.0,1.0,0.8055555555555556,1.0,1.0,0.3125,,,0.3125,0.6923076923076923,0.6071428571428571,0.6153846153846154,0.5,0.6479591836734694,0.65625,0.55,0.3809523809523809,,,,18.363939899833053,0.4166666666666667,0.2230769230769231,0.184,0.1900826446280991,0.0514705882352941,0.2071713147410358,0.1149425287356321,0.1698113207547169,0.1929824561403508,0.2,0.0571428571428571,0.032258064516129,0.24,0.2063492063492063,0.2352941176470588,0.2134831460674157,0.125,0.1176470588235294,0.6,0.4047619047619047,0.7647058823529411,0.7878787878787878,0.7692307692307693,0.2023809523809523,0.5882352941176471,0.6666666666666666,0.9,0.0119047619047619,,,,0.0595238095238095,0.2,0.2,1.0,0.3214285714285714,0.3333333333333333,0.3333333333333333,1.0,0.8461538461538461,,0.0769230769230769,,,,,0.25,,0.7857142857142857,0.3333333333333333,0.575885119047619,0.5927884615384615,0.68046875,0.1443298969072164,,0.1653543307086614,0.0866141732283464,3.734615384615385,25.5375,0.1254752851711026,8.0,14.0,3.0,2.0,0.6666666666666666,0.3,7.0,4.0,6.0,,5.0,4.0,6.0,3.0,,2.0,,3.0,3.0,1.0,,14.0,0.6666666666666666,0.0576923076923076,0.0294117647058823,0.1176470588235294,0.6363636363636364,,,0.75,0.6666666666666666,0.2153846153846154,,,,0.1428571428571428,,,,,,,,,,,,,False,,
1628989,1610612741,Kevin Huerter,Kevin Huerter,1628989,CHI,15150.0,252,42,540,528,141.0,136.0,63.0,1068,8.0,13.0,3.0,2.0,12.0,1.0,5.0,9.0,18.0,3.0,1.0,5.0,17.0,54.0,1.0,9.0,4.0,9.0,11.0,30.0,26.0,72.0,9.0,109.0,593,5.0,2.0,12.0,12.0,5.0,14.0,3.0,18.0,16.0,6.0,75.0,3.0,1.0,53.0,17.0,1.0,13.0,9.0,22.0,6.0,3.0,12.0,1.0,,53.0,3.0,3.0,12.0,9.0,21.0,6.0,27.0,2.0,13.0,9.0,4.0,7.0,4.0,6.0,5.0,12.0,1.0,6.0,11.0,18.0,,9.0,,3.0,13.0,1.0,1.0,1.0,1.0,,1.0,1.0,18.0,141.0,,1.0,0.7272727272727273,0.8888888888888888,0.9615384615384616,0.3611111111111111,0.1666666666666666,0.3571428571428571,0.3661971830985915,0.3666666666666666,0.4901960784313725,0.2941176470588235,0.4166666666666667,0.5046296296296297,0.3333333333333333,0.4285714285714285,0.7058823529411765,0.0138888888888888,,0.0185185185185185,19.54397394136808,0.5833333333333334,0.0629370629370629,0.029126213592233,0.0944881889763779,0.0189873417721519,0.0777777777777777,0.0229885057471264,0.054054054054054,0.0181818181818181,,0.0252100840336134,,0.0517241379310344,0.0857142857142857,,0.108695652173913,0.0571428571428571,0.0338983050847457,1.0,0.1274509803921568,0.6153846153846154,0.6666666666666666,0.75,0.1176470588235294,0.1666666666666666,0.2,0.5,0.0490196078431372,0.2,0.2,1.0,0.1764705882352941,0.5,0.5,1.0,0.5294117647058824,0.3148148148148148,0.320754716981132,0.9411764705882352,0.1764705882352941,0.1764705882352941,0.5294117647058824,0.1111111111111111,1.0,0.2777777777777778,0.2,0.5,0.4444444444444444,0.8333333333333334,0.320754716981132,0.542661881188119,0.4563,0.5300611111111111,0.0467289719626168,0.0136986301369863,0.110091743119266,0.1651376146788991,6.84,25.937499999999996,0.2611111111111111,2.0,4.0,,,0.4,,2.0,,1.0,1.0,2.0,,4.0,3.0,,1.0,,1.0,,,,4.0,,0.1,0.0769230769230769,0.1666666666666666,0.6666666666666666,0.3333333333333333,1.0,0.0555555555555555,,0.1176470588235294,,,,,,1.0,,,,,,,,,,,False,,
1629632,1610612741,Coby White,Coby White,1629632,CHI,66456.0,1108,-259,2355,2357,433.0,585.0,261.0,4712,78.0,125.0,9.0,40.0,85.0,7.0,35.0,10.0,34.0,4.0,2.0,7.0,92.0,261.0,8.0,25.0,18.0,52.0,125.0,245.0,102.0,295.0,115.0,671.0,2830,18.0,9.0,29.0,57.0,20.0,59.0,36.0,150.0,86.0,164.0,216.0,90.0,6.0,255.0,92.0,3.0,74.0,82.0,156.0,48.0,34.0,45.0,25.0,4.0,394.0,6.0,2.0,50.0,43.0,98.0,8.0,106.0,2.0,36.0,27.0,9.0,44.0,12.0,21.0,41.0,85.0,3.0,11.0,28.0,63.0,4.0,122.0,3.0,9.0,125.0,2.0,10.0,8.0,5.0,3.0,8.0,2.0,146.0,430.0,6.0,5.0,0.344,0.3467741935483871,0.7058823529411765,0.3457627118644067,0.3103448275862069,0.3389830508474576,0.3529411764705882,0.5102040816326531,0.5148148148148148,0.5851063829787234,0.5089285714285714,0.562605752961083,0.5833333333333334,0.58203125,0.5462962962962963,0.0101694915254237,,0.0114942528735632,25.415407854984892,0.5176470588235295,0.0780399274047187,0.0041067761806981,0.0986193293885601,0.0088626292466765,0.0879017013232514,0.0068728522336769,0.0094339622641509,,,0.008130081300813,0.0108108108108108,0.0888888888888888,0.0661478599221789,0.0869565217391304,0.0888324873096446,0.1327433628318584,0.0075471698113207,0.25,0.2314814814814814,0.624,0.7572815533980582,0.3717948717948718,0.1574074074074074,0.4705882352941176,0.547945205479452,0.3,0.0648148148148148,0.2,0.2,0.2857142857142857,0.0629629629629629,0.2941176470588235,0.2941176470588235,0.9,0.4833333333333333,0.3524904214559387,0.3565891472868217,0.6847826086956522,0.1914893617021276,0.0851063829787234,0.5319148936170213,0.32,0.875,0.0625,0.2857142857142857,0.4642857142857143,0.3461538461538461,0.7777777777777778,0.3607843137254902,0.5432559925093634,0.5353596153846154,0.5238696261682243,0.099827882960413,0.0067567567567567,0.0849478390461997,0.2235469448584202,6.33795918367347,26.84135593220339,0.183864118895966,14.0,2.0,5.0,5.0,0.7777777777777778,0.1041666666666666,8.0,19.0,29.0,1.0,2.0,27.0,53.0,34.0,3.0,23.0,3.0,11.0,4.0,16.0,8.0,56.0,0.5094339622641509,0.1387755102040816,0.176,0.1411764705882353,0.8888888888888888,0.25,1.0,0.2589285714285714,0.6551724137931034,0.1964912280701754,,,,0.375,,,,,,,,,,,,1.0,False,,
1630581,1610612741,Josh Giddey,Josh Giddey,1630581,CHI,53612.0,894,-137,1883,1903,305.0,376.0,206.0,3786,58.0,102.0,15.0,55.0,112.0,2.0,12.0,13.0,33.0,5.0,1.0,4.0,37.0,99.0,5.0,13.0,5.0,15.0,115.0,226.0,50.0,132.0,89.0,469.0,2255,18.0,6.0,18.0,51.0,6.0,19.0,21.0,73.0,98.0,132.0,132.0,18.0,,99.0,37.0,2.0,105.0,98.0,203.0,59.0,39.0,67.0,34.0,4.0,504.0,31.0,20.0,89.0,79.0,181.0,52.0,233.0,12.0,36.0,20.0,16.0,60.0,12.0,45.0,23.0,83.0,10.0,8.0,33.0,53.0,,81.0,2.0,2.0,109.0,,6.0,24.0,11.0,13.0,25.0,15.0,73.0,305.0,4.0,4.0,0.4260869565217391,0.4495412844036697,0.88,0.3787878787878788,0.3333333333333333,0.3157894736842105,0.3787878787878788,0.5088495575221239,0.5307262569832403,0.5833333333333334,0.4561403508771929,0.5733496332518337,0.6219512195121951,0.5289855072463768,0.3687150837988827,0.0151515151515151,0.0606060606060606,,23.14945780292315,0.7228915662650602,0.1736263736263736,0.052219321148825,0.2050691244239631,0.0591603053435114,0.1889763779527559,0.0562293274531422,0.0282485875706214,0.073170731707317,0.0714285714285714,0.0594594594594594,0.0584415584415584,0.1351351351351351,0.1728971962616822,0.3035714285714285,0.2012012012012012,0.2178217821782178,0.0764331210191082,0.6,0.2849162011173184,0.5686274509803921,0.6904761904761905,0.4482758620689655,0.3128491620111732,0.4910714285714285,0.5445544554455446,0.4,0.0335195530726257,0.1666666666666666,0.2,0.5,0.0921787709497206,0.3939393939393939,0.4193548387096774,0.9230769230769232,0.276536312849162,0.3737373737373737,0.3737373737373737,0.8648648648648649,0.4166666666666667,0.1388888888888889,0.3611111111111111,0.3846153846153846,1.0,0.0701754385964912,0.25,0.2631578947368421,0.3333333333333333,0.6536312849162011,0.3737373737373737,0.5485479050279327,0.5774361111111111,0.564277192982456,0.1315136476426799,,0.1087420042643923,0.1556503198294243,5.548230088495575,25.49621212121212,0.1619755708975039,12.0,12.0,13.0,2.0,0.6666666666666666,0.3714285714285714,10.0,11.0,22.0,1.0,9.0,17.0,38.0,31.0,2.0,15.0,2.0,3.0,2.0,8.0,,53.0,0.4473684210526316,0.1371681415929203,0.1764705882352941,0.0982142857142857,0.6666666666666666,0.2,,0.3859649122807017,0.5,0.1955719557195571,1.0,,,0.2,,1.0,1.0,0.1666666666666666,,,,1.0,1.0,,0.0357142857142857,,False,,
1641824,1610612741,Matas Buzelis,Matas Buzelis,1641824,CHI,46866.0,781,-109,1684,1685,319.0,394.0,189.0,3369,61.0,101.0,18.0,18.0,42.0,3.0,7.0,22.0,75.0,6.0,4.0,13.0,22.0,66.0,2.0,10.0,5.0,17.0,82.0,150.0,44.0,141.0,48.0,344.0,1950,21.0,4.0,16.0,37.0,9.0,30.0,7.0,56.0,110.0,54.0,126.0,6.0,,66.0,22.0,1.0,22.0,20.0,42.0,14.0,6.0,13.0,9.0,,104.0,17.0,12.0,56.0,41.0,101.0,30.0,131.0,11.0,13.0,9.0,4.0,22.0,3.0,7.0,18.0,40.0,2.0,8.0,58.0,69.0,3.0,42.0,2.0,2.0,58.0,,1.0,37.0,22.0,15.0,38.0,24.0,56.0,319.0,3.0,1.0,0.6707317073170732,0.7142857142857143,0.9545454545454546,0.3120567375886525,0.25,0.3,0.3120567375886525,0.5466666666666666,0.5085910652920962,0.3783783783783784,0.4537037037037037,0.5391849529780565,0.4404761904761904,0.4745762711864407,0.4845360824742268,0.0070921985815602,0.0133333333333333,,18.84514435695538,0.55,0.0985576923076923,0.0342857142857142,0.1469816272965879,0.0360169491525423,0.1217063989962358,0.035279805352798,0.0454545454545454,0.028169014084507,,0.0343839541547277,0.040650406504065,0.087431693989071,0.0989010989010989,0.1372549019607843,0.1684587813620071,0.088235294117647,0.0733333333333333,0.631578947368421,0.3470790378006873,0.6039603960396039,0.6559139784946236,0.7049180327868853,0.1443298969072164,0.4285714285714285,0.4615384615384615,0.5555555555555556,0.0240549828178694,0.4285714285714285,0.5,0.6666666666666666,0.2577319587628865,0.2933333333333333,0.2972972972972973,0.9545454545454546,0.2268041237113402,0.3333333333333333,0.3333333333333333,0.9545454545454546,0.4864864864864865,0.1621621621621621,0.2702702702702703,0.2,1.0,0.2407407407407407,0.3076923076923077,0.3148148148148148,0.2941176470588235,0.8316151202749141,0.3333333333333333,0.5754982817869416,0.5445690476190477,0.5321546296296297,0.0911949685534591,,0.1075581395348837,0.1627906976744186,3.902,24.497872340425527,0.1894299287410926,8.0,10.0,4.0,5.0,0.3809523809523809,0.1052631578947368,8.0,8.0,14.0,2.0,9.0,11.0,24.0,12.0,4.0,15.0,4.0,3.0,,2.0,,29.0,0.4583333333333333,0.08,0.0792079207920792,0.0714285714285714,0.4444444444444444,0.3333333333333333,1.0,0.2592592592592592,0.5714285714285714,0.1638418079096045,1.0,1.0,,0.375,,,,0.1428571428571428,,,,,1.0,1.0,0.032258064516129,,False,,
1630200,1610612741,Tre Jones,Tre Jones,1630200,CHI,15158.0,253,-59,532,530,80.0,135.0,64.0,1062,26.0,35.0,4.0,12.0,28.0,2.0,5.0,5.0,8.0,1.0,,1.0,1.0,5.0,,,,,40.0,68.0,6.0,13.0,19.0,117.0,666,9.0,1.0,1.0,15.0,,1.0,4.0,14.0,44.0,36.0,18.0,,,5.0,1.0,,19.0,21.0,40.0,14.0,7.0,16.0,2.0,1.0,101.0,5.0,4.0,15.0,8.0,24.0,9.0,33.0,2.0,11.0,7.0,4.0,3.0,,1.0,3.0,6.0,,1.0,5.0,11.0,,20.0,,3.0,21.0,,1.0,3.0,2.0,1.0,3.0,2.0,14.0,80.0,,1.0,0.55,0.5641025641025641,1.0,0.4615384615384615,1.0,,0.4615384615384615,0.5882352941176471,0.6049382716049383,0.65,0.4545454545454545,0.65,0.6818181818181818,0.5384615384615384,0.1604938271604938,,,,15.789473684210526,0.5,0.0629921259842519,0.0327868852459016,0.1304347826086956,0.0349650349650349,0.0950413223140495,0.0339622641509433,0.0161290322580645,0.0588235294117647,,0.027027027027027,0.0625,0.0196078431372549,0.064516129032258,0.2142857142857142,0.119047619047619,0.1612903225806451,0.0714285714285714,0.6666666666666666,0.4320987654320987,0.7428571428571429,0.8387096774193549,0.4615384615384615,0.345679012345679,0.4285714285714285,0.48,0.6666666666666666,0.0617283950617283,0.4,0.4,1.0,0.0987654320987654,0.625,0.625,1.0,0.0617283950617283,0.2,0.2,1.0,0.4,0.1,,,,0.0909090909090909,,,,0.5925925925925926,0.2,0.5580432098765433,0.5113083333333334,0.5141545454545455,0.1235955056179775,,0.1282051282051282,0.1196581196581196,5.2102941176470585,24.25384615384615,0.150375939849624,5.0,2.0,1.0,,0.5555555555555556,0.0714285714285714,4.0,2.0,4.0,1.0,2.0,5.0,10.0,7.0,2.0,2.0,,,1.0,3.0,,11.0,0.5,0.1029411764705882,0.1142857142857142,0.1071428571428571,1.0,1.0,1.0,0.3636363636363636,0.5,0.1447368421052631,,,,0.25,,,,,,,,,,2.0,,,False,,
1631207,1610612741,Dalen Terry,Dalen Terry,1631207,CHI,33205.0,553,-165,1182,1192,285.0,284.0,137.0,2374,41.0,69.0,10.0,9.0,24.0,1.0,3.0,8.0,24.0,3.0,3.0,6.0,7.0,24.0,1.0,2.0,1.0,5.0,51.0,96.0,15.0,48.0,36.0,183.0,1395,13.0,2.0,5.0,22.0,4.0,11.0,15.0,55.0,68.0,34.0,45.0,,,24.0,7.0,,28.0,27.0,55.0,21.0,6.0,17.0,9.0,2.0,137.0,14.0,6.0,15.0,25.0,42.0,21.0,63.0,5.0,21.0,8.0,13.0,16.0,7.0,10.0,14.0,30.0,,4.0,40.0,66.0,,41.0,2.0,2.0,53.0,,4.0,8.0,5.0,2.0,9.0,8.0,55.0,285.0,3.0,4.0,0.6666666666666666,0.68,1.0,0.3125,0.4,0.3636363636363636,0.3125,0.53125,0.5104166666666666,0.5,0.6060606060606061,0.5479041916167665,0.55,0.6547619047619048,0.3333333333333333,,,,14.690529455630127,0.5333333333333333,0.0899280575539568,0.0240963855421686,0.0572519083969465,0.0408163265306122,0.074074074074074,0.0337837837837837,0.0333333333333333,0.0109890109890109,0.0263157894736842,0.0393700787401574,0.0449438202247191,0.0854700854700854,0.0833333333333333,0.1379310344827586,0.0561224489795918,0.0606060606060606,0.0757575757575757,0.8888888888888888,0.4791666666666667,0.5942028985507246,0.640625,0.6341463414634146,0.1666666666666666,0.375,0.4736842105263157,0.8888888888888888,0.0208333333333333,0.3333333333333333,0.3333333333333333,,0.1666666666666666,0.3333333333333333,0.3333333333333333,1.0,0.1666666666666666,0.2916666666666667,0.2916666666666667,1.0,0.5555555555555556,0.1666666666666666,0.1111111111111111,0.5,1.0,0.1818181818181818,0.5,0.1515151515151515,0.2,0.8125,0.2916666666666667,0.5986298611111107,0.5786849999999999,0.6000772727272728,0.147239263803681,,0.1202185792349726,0.3005464480874317,3.413541666666667,24.479166666666668,0.2411167512690355,6.0,2.0,2.0,5.0,0.4615384615384615,0.0714285714285714,5.0,12.0,17.0,1.0,4.0,14.0,22.0,10.0,,6.0,4.0,3.0,,5.0,,24.0,0.6363636363636364,0.1041666666666666,0.072463768115942,0.2083333333333333,0.5,0.3333333333333333,1.0,0.5151515151515151,0.7058823529411765,0.208695652173913,1.0,1.0,,0.4,,,,,,,,,1.0,,0.0333333333333333,,False,1.0,
1641763,1610612741,Julian Phillips,Julian Phillips,1641763,CHI,34468.0,574,-97,1215,1223,313.0,306.0,140.0,2438,35.0,54.0,18.0,6.0,13.0,,1.0,22.0,55.0,3.0,7.0,14.0,6.0,26.0,1.0,4.0,1.0,7.0,41.0,68.0,28.0,81.0,40.0,206.0,1435,19.0,2.0,7.0,40.0,8.0,21.0,14.0,68.0,56.0,26.0,84.0,,,26.0,6.0,2.0,6.0,11.0,17.0,10.0,1.0,,6.0,,45.0,15.0,19.0,31.0,17.0,53.0,34.0,87.0,6.0,20.0,10.0,10.0,9.0,,5.0,8.0,17.0,1.0,3.0,34.0,61.0,,39.0,5.0,2.0,54.0,,5.0,9.0,7.0,2.0,10.0,7.0,68.0,313.0,7.0,5.0,0.6829268292682927,0.875,1.0,0.345679012345679,0.2857142857142857,0.3809523809523809,0.345679012345679,0.6029411764705882,0.5570469798657718,0.6153846153846154,0.6136363636363636,0.5988372093023255,0.6666666666666666,0.6415094339622641,0.5436241610738255,0.0246913580246913,0.0363636363636363,,13.715529753265605,0.5294117647058824,0.0651340996168582,0.0739299610894941,0.1036789297658862,0.0436046511627907,0.0857142857142857,0.0565723793677204,0.119047619047619,0.0285714285714285,0.0384615384615384,0.0534351145038167,0.0121951219512195,0.1121495327102803,0.0307692307692307,0.0416666666666666,0.0964912280701754,0.1267605633802817,0.0845070422535211,0.7,0.3624161073825503,0.6481481481481481,0.7291666666666666,0.6571428571428571,0.087248322147651,0.4615384615384615,0.5,0.8333333333333334,0.0067114093959731,,,,0.3691275167785235,0.4,0.4150943396226415,1.0,0.174496644295302,0.2307692307692307,0.2307692307692307,1.0,0.6923076923076923,0.1153846153846153,0.1538461538461538,0.25,1.0,0.3181818181818182,0.5,0.1590909090909091,0.1428571428571428,0.906040268456376,0.2307692307692307,0.599188255033557,0.5918394736842105,0.5791068181818182,0.155688622754491,,0.1941747572815534,0.3300970873786408,2.5485294117647057,24.208641975308645,0.2576131687242798,13.0,18.0,5.0,5.0,0.6842105263157895,0.1666666666666666,12.0,12.0,17.0,1.0,8.0,15.0,23.0,7.0,2.0,4.0,3.0,1.0,,8.0,,26.0,0.6521739130434783,0.1029411764705882,0.1111111111111111,0.0769230769230769,0.6666666666666666,0.3333333333333333,1.0,0.3863636363636363,0.7058823529411765,0.3023255813953488,1.0,,,0.1666666666666666,,,1.0,,1.0,,,,,,,,False,,
1630245,1610612741,Ayo Dosunmu,Ayo Dosunmu,1630245,CHI,43950.0,732,-207,1549,1561,257.0,336.0,163.0,3110,64.0,98.0,9.0,25.0,51.0,1.0,2.0,10.0,38.0,4.0,,4.0,20.0,67.0,6.0,13.0,2.0,10.0,90.0,151.0,30.0,105.0,33.0,303.0,1895,10.0,7.0,17.0,34.0,2.0,14.0,12.0,52.0,88.0,92.0,78.0,12.0,,67.0,20.0,,64.0,54.0,118.0,39.0,15.0,40.0,22.0,2.0,290.0,6.0,9.0,37.0,28.0,66.0,15.0,81.0,4.0,21.0,15.0,6.0,24.0,9.0,17.0,20.0,44.0,4.0,7.0,23.0,55.0,2.0,34.0,2.0,2.0,38.0,,6.0,10.0,5.0,5.0,10.0,7.0,52.0,255.0,6.0,5.0,0.4888888888888889,0.5116279069767442,0.8666666666666667,0.2857142857142857,0.4117647058823529,0.1428571428571428,0.2857142857142857,0.5960264900662252,0.52734375,0.5370370370370371,0.5,0.5553505535055351,0.5666666666666667,0.5652173913043478,0.41015625,,,,18.03561171740379,0.5454545454545454,0.0729166666666666,0.0272727272727272,0.1128048780487804,0.013953488372093,0.0912921348314606,0.0197368421052631,0.0303030303030303,0.0252100840336134,0.0217391304347826,0.013029315960912,0.016260162601626,0.0397727272727272,0.1011904761904761,0.1,0.1031746031746031,0.1447368421052631,0.0350877192982456,0.7,0.3828125,0.6530612244897959,0.7619047619047619,0.4375,0.19921875,0.4901960784313725,0.5319148936170213,0.6,0.0078125,0.5,0.5,1.0,0.1484375,0.2631578947368421,0.2631578947368421,1.0,0.26171875,0.2985074626865671,0.2985074626865671,0.8,0.3333333333333333,0.1481481481481481,0.4814814814814814,0.4615384615384615,1.0,0.1,,0.25,0.2,0.79296875,0.2985074626865671,0.5779423828124998,0.5486866666666667,0.5910437500000001,0.060377358490566,,0.1122112211221122,0.1716171617161716,3.849668874172185,24.981904761904765,0.1659134925758554,4.0,8.0,1.0,2.0,0.4,0.0294117647058823,4.0,16.0,21.0,1.0,5.0,17.0,26.0,18.0,4.0,7.0,1.0,3.0,,7.0,2.0,16.0,0.6538461538461539,0.119205298013245,0.1428571428571428,0.0784313725490196,0.4444444444444444,0.25,1.0,0.525,0.7619047619047619,0.1,,,1.0,,,,,,,,,,,,,,False,,
1628470,1610612741,Torrey Craig,Torrey Craig,1628470,CHI,3323.0,55,8,120,120,29.0,35.0,17.0,240,2.0,2.0,1.0,1.0,2.0,,1.0,4.0,9.0,1.0,,1.0,4.0,9.0,1.0,1.0,,1.0,3.0,5.0,8.0,18.0,3.0,33.0,120,1.0,2.0,2.0,8.0,,2.0,2.0,4.0,2.0,4.0,24.0,,,9.0,4.0,,1.0,1.0,2.0,1.0,,1.0,,,5.0,2.0,,3.0,3.0,8.0,3.0,11.0,,1.0,1.0,,,,,,,,,5.0,8.0,,3.0,,1.0,4.0,,,,,,,,4.0,28.0,,,0.3333333333333333,0.3333333333333333,1.0,0.4444444444444444,1.0,,0.4444444444444444,0.6,0.6521739130434783,1.3333333333333333,0.3333333333333333,0.66,1.3333333333333333,0.5,0.782608695652174,,,,17.857142857142858,,0.1304347826086956,,0.0789473684210526,0.0555555555555555,0.0983606557377049,0.0327868852459016,,,,0.037037037037037,0.1111111111111111,0.1111111111111111,0.1818181818181818,,0.0909090909090909,,,,0.0869565217391304,1.0,1.0,,0.0869565217391304,0.5,1.0,1.0,0.0434782608695652,,,,0.391304347826087,0.4444444444444444,0.4444444444444444,1.0,0.391304347826087,0.4444444444444444,0.4444444444444444,1.0,0.3333333333333333,0.3333333333333333,0.3333333333333333,1.0,1.0,0.3333333333333333,,0.3333333333333333,,0.8695652173913043,0.4444444444444444,0.5499434782608695,0.40215,0.6263333333333333,0.08,,0.2424242424242424,0.1212121212121212,8.42,24.916666666666668,0.2416666666666666,1.0,,2.0,2.0,1.0,0.5,1.0,1.0,1.0,1.0,,1.0,1.0,1.0,,,,,,,,2.0,1.0,0.2,,0.5,1.0,1.0,1.0,0.3333333333333333,1.0,0.2857142857142857,,,,,,,,,,,,,1.0,,0.3333333333333333,,False,,
1630172,1610612741,Patrick Williams,Patrick Williams,1630172,CHI,28190.0,470,-174,1000,1016,167.0,228.0,111.0,2016,13.0,33.0,5.0,11.0,32.0,7.0,17.0,10.0,17.0,1.0,4.0,5.0,20.0,71.0,1.0,4.0,1.0,7.0,31.0,82.0,30.0,88.0,25.0,177.0,1243,12.0,2.0,5.0,17.0,5.0,12.0,5.0,28.0,32.0,30.0,90.0,,,71.0,20.0,1.0,13.0,14.0,27.0,12.0,2.0,4.0,7.0,2.0,68.0,4.0,12.0,33.0,22.0,57.0,16.0,73.0,3.0,12.0,5.0,7.0,12.0,4.0,9.0,17.0,29.0,5.0,5.0,15.0,31.0,,29.0,3.0,1.0,32.0,1.0,3.0,11.0,7.0,4.0,11.0,8.0,28.0,164.0,2.0,3.0,0.5161290322580645,0.5517241379310345,1.0,0.3409090909090909,0.4,0.4166666666666667,0.3409090909090909,0.3780487804878049,0.4470588235294118,0.4705882352941176,0.46,0.4809782608695652,0.4722222222222222,0.4827586206896552,0.5176470588235295,0.0113636363636363,,0.0140845070422535,18.983957219251337,0.4137931034482758,0.0973451327433628,0.0579710144927536,0.1571428571428571,0.0141342756183745,0.1261467889908256,0.0326530612244898,0.0674157303370786,0.0476190476190476,0.0588235294117647,0.0180995475113122,,0.0425531914893617,0.145631067961165,0.1034482758620689,0.1666666666666666,0.125,0.0319148936170212,0.7272727272727273,0.1941176470588235,0.3939393939393939,0.5,0.3846153846153846,0.188235294117647,0.34375,0.44,0.3636363636363636,0.1,0.4117647058823529,0.4117647058823529,1.0,0.1,0.5882352941176471,0.5882352941176471,1.0,0.4176470588235294,0.2816901408450704,0.2857142857142857,1.0,0.2941176470588235,0.0588235294117647,0.2352941176470588,0.25,1.0,0.2,0.8,0.28,0.1428571428571428,0.711764705882353,0.2816901408450704,0.5331194117647059,0.5536055555555556,0.5035259999999999,0.0773480662983425,0.0112359550561797,0.096045197740113,0.1581920903954802,7.285365853658536,25.977272727272723,0.167,5.0,4.0,2.0,4.0,0.4166666666666667,0.074074074074074,2.0,1.0,3.0,1.0,1.0,4.0,13.0,14.0,2.0,3.0,2.0,3.0,5.0,3.0,,13.0,0.3076923076923077,0.1707317073170731,0.2121212121212121,0.21875,0.4,1.0,1.0,0.12,0.3333333333333333,0.1413043478260869,,,1.0,,,,,,,,,,,,,,False,,
202696,1610612741,Nikola Vučević,Nikola Vučević,202696,CHI,31833.0,531,-185,1121,1117,158.0,240.0,116.0,2238,34.0,53.0,15.0,46.0,88.0,4.0,16.0,2.0,4.0,,,1.0,24.0,70.0,3.0,5.0,3.0,5.0,84.0,157.0,26.0,74.0,24.0,270.0,1383,26.0,3.0,5.0,39.0,3.0,6.0,6.0,35.0,120.0,48.0,78.0,,1.0,69.0,24.0,,22.0,33.0,55.0,29.0,4.0,16.0,3.0,3.0,143.0,18.0,17.0,57.0,65.0,129.0,36.0,165.0,5.0,12.0,8.0,4.0,20.0,4.0,13.0,12.0,32.0,2.0,5.0,24.0,42.0,1.0,42.0,2.0,2.0,32.0,,3.0,12.0,7.0,5.0,12.0,7.0,35.0,155.0,4.0,3.0,0.7142857142857143,0.7792207792207793,1.0,0.3513513513513513,0.6,0.5,0.3561643835616438,0.535031847133758,0.5324675324675324,0.5967741935483871,0.5576923076923077,0.5510204081632653,0.609375,0.5833333333333334,0.3203463203463203,,,,22.07171314741036,0.625,0.2559055118110236,0.0691056910569105,0.2307692307692307,0.0588235294117647,0.2435129740518962,0.0634057971014492,0.0952380952380952,0.0555555555555555,0.0303030303030303,0.063063063063063,0.0476190476190476,0.3541666666666667,0.2155172413793103,0.1428571428571428,0.2295918367346938,0.2352941176470588,0.0462962962962962,0.5833333333333334,0.2294372294372294,0.6415094339622641,0.723404255319149,0.6470588235294118,0.3809523809523809,0.5227272727272727,0.5476190476190477,0.7391304347826086,0.0692640692640692,0.25,0.25,1.0,0.0173160173160173,0.5,0.5,1.0,0.303030303030303,0.3428571428571428,0.3428571428571428,1.0,0.4838709677419355,,0.1612903225806451,0.6,1.0,0.0384615384615384,,0.1923076923076923,0.6,0.5497835497835498,0.3478260869565217,0.5152613043478261,0.5329525,0.5154900000000001,0.0619834710743801,,0.1444444444444444,0.1296296296296296,6.882165605095544,26.32837837837838,0.1409455842997324,14.0,14.0,7.0,2.0,0.5384615384615384,0.5,9.0,7.0,10.0,,2.0,10.0,20.0,10.0,,7.0,,4.0,3.0,4.0,,15.0,0.5,0.0636942675159235,0.1132075471698113,0.0454545454545454,0.6,,,0.3846153846153846,0.7,0.0892857142857142,,,,0.1111111111111111,,,,,,,,,1.0,,0.0555555555555555,,False,,
1629659,1610612741,Talen Horton-Tucker,Talen Horton-Tucker,1629659,CHI,24951.0,416,2,902,913,240.0,245.0,99.0,1815,38.0,79.0,7.0,12.0,21.0,,,8.0,17.0,3.0,1.0,3.0,21.0,61.0,3.0,8.0,5.0,20.0,50.0,100.0,29.0,78.0,30.0,217.0,1029,8.0,4.0,11.0,18.0,6.0,23.0,6.0,58.0,34.0,66.0,75.0,12.0,,61.0,21.0,,29.0,25.0,54.0,17.0,8.0,17.0,12.0,,133.0,6.0,6.0,28.0,26.0,58.0,13.0,71.0,4.0,13.0,4.0,9.0,14.0,3.0,7.0,13.0,27.0,3.0,7.0,21.0,36.0,4.0,32.0,2.0,2.0,46.0,,2.0,8.0,4.0,4.0,9.0,8.0,58.0,240.0,2.0,2.0,0.34,0.3541666666666667,0.8620689655172413,0.3717948717948718,0.3636363636363636,0.2608695652173913,0.3717948717948718,0.5,0.5252808988764045,0.4210526315789473,0.5,0.5454545454545454,0.4285714285714285,0.5087719298245614,0.4382022471910112,,,,22.08047105004907,0.5185185185185185,0.1319796954314721,0.031413612565445,0.1147540983606557,0.0256410256410256,0.1224489795918367,0.028235294117647,0.0403225806451612,0.0188679245283018,,0.0273224043715847,0.0196078431372549,0.1547619047619047,0.1123595505617977,0.125,0.0972972972972973,0.1694915254237288,0.0459770114942528,0.8888888888888888,0.4438202247191011,0.4810126582278481,0.5507246376811594,0.3421052631578947,0.1179775280898876,0.5714285714285714,0.6,0.3333333333333333,,,,,0.095505617977528,0.4705882352941176,0.4705882352941176,0.875,0.3426966292134831,0.3442622950819672,0.3442622950819672,0.8571428571428571,0.3684210526315789,0.1578947368421052,0.4210526315789473,0.375,1.0,0.0576923076923076,0.3333333333333333,0.3846153846153846,0.25,0.8820224719101124,0.3442622950819672,0.5912744382022472,0.6017318181818182,0.5795538461538461,0.1122448979591836,,0.0829493087557603,0.2672811059907834,2.898,25.72307692307692,0.2660753880266075,2.0,4.0,4.0,2.0,0.25,0.1739130434782608,2.0,12.0,21.0,1.0,2.0,17.0,29.0,11.0,3.0,7.0,,2.0,1.0,4.0,2.0,22.0,0.5862068965517241,0.11,0.1265822784810126,0.0476190476190476,0.2857142857142857,0.3333333333333333,1.0,0.4038461538461538,0.5714285714285714,0.1864406779661017,1.0,1.0,,,,,,,,,,,1.0,1.0,0.0454545454545454,,False,,
1630188,1610612741,Jalen Smith,Jalen Smith,1630188,CHI,42551.0,709,-54,1513,1532,327.0,349.0,180.0,3045,65.0,91.0,32.0,17.0,31.0,1.0,6.0,11.0,31.0,1.0,,3.0,48.0,144.0,2.0,10.0,10.0,26.0,83.0,128.0,59.0,175.0,49.0,392.0,1760,38.0,2.0,11.0,62.0,10.0,29.0,17.0,69.0,120.0,46.0,177.0,,1.0,142.0,47.0,,27.0,16.0,43.0,11.0,5.0,16.0,8.0,3.0,102.0,27.0,37.0,94.0,92.0,200.0,64.0,264.0,3.0,12.0,9.0,3.0,11.0,2.0,8.0,18.0,29.0,1.0,6.0,40.0,70.0,2.0,59.0,16.0,2.0,61.0,,6.0,31.0,22.0,9.0,31.0,19.0,69.0,327.0,2.0,5.0,0.7228915662650602,0.9375,1.0,0.3371428571428571,0.1818181818181818,0.3448275862068966,0.3333333333333333,0.6484375,0.566006600660066,0.5102040816326531,0.52,0.593939393939394,0.5535714285714286,0.575,0.5775577557755776,,,,20.838183934807915,0.3793103448275862,0.2479784366576819,0.1241610738255033,0.2618384401114206,0.0601336302895322,0.2547945205479452,0.0856760374832664,0.1503267973856209,0.1181818181818181,0.0285714285714285,0.056547619047619,0.0707964601769911,0.1875,0.3033707865168539,0.2424242424242424,0.2649253731343283,0.2527472527472527,0.02,0.6129032258064516,0.3003300330033003,0.7142857142857143,0.7738095238095238,0.7076923076923077,0.1023102310231023,0.5483870967741935,0.5666666666666667,0.7647058823529411,0.0198019801980198,0.1666666666666666,0.1666666666666666,1.0,0.1023102310231023,0.3548387096774194,0.3548387096774194,1.0,0.4752475247524752,0.3333333333333333,0.3333333333333333,1.0,0.6530612244897959,0.0204081632653061,0.2040816326530612,0.2,1.0,0.06,,0.52,0.3846153846153846,0.8778877887788779,0.3309859154929577,0.5717658940397349,0.5688,0.5641602040816326,0.0895061728395061,,0.1581632653061224,0.1760204081632653,3.486718749999999,25.653142857142846,0.2161269001982815,22.0,38.0,14.0,6.0,0.5789473684210527,0.3181818181818182,21.0,9.0,14.0,,12.0,11.0,21.0,8.0,2.0,3.0,1.0,,9.0,8.0,,29.0,0.5238095238095238,0.0625,0.0769230769230769,0.032258064516129,0.65625,,,0.28,0.6428571428571429,0.1946308724832214,,,,0.0952380952380952,,,,,,,,,,2.0,,,False,,1.0
1628975,1610612741,Jevon Carter,Jevon Carter,1628975,CHI,11482.0,191,9,418,409,170.0,135.0,50.0,827,3.0,7.0,,7.0,11.0,2.0,3.0,4.0,12.0,3.0,,5.0,14.0,46.0,1.0,5.0,8.0,22.0,12.0,21.0,18.0,58.0,7.0,85.0,454,3.0,2.0,8.0,10.0,8.0,27.0,1.0,31.0,14.0,10.0,39.0,15.0,,46.0,14.0,1.0,18.0,8.0,26.0,5.0,3.0,12.0,5.0,1.0,60.0,1.0,1.0,11.0,10.0,23.0,2.0,25.0,,8.0,6.0,2.0,5.0,1.0,2.0,3.0,8.0,1.0,5.0,3.0,6.0,,5.0,,,8.0,,1.0,2.0,,1.0,2.0,2.0,31.0,170.0,,1.0,0.5833333333333334,0.5833333333333334,0.7222222222222222,0.3103448275862069,0.25,0.2962962962962963,0.3103448275862069,0.5714285714285714,0.4936708860759494,0.4545454545454545,0.4545454545454545,0.5120481927710844,0.4545454545454545,0.4558823529411764,0.7341772151898734,0.0172413793103448,0.0833333333333333,,19.238900634249468,0.625,0.1123595505617977,0.0125,0.0948275862068965,0.0082644628099173,0.1024390243902439,0.0099502487562189,0.0196078431372549,,,,0.0476190476190476,0.024390243902439,0.1860465116279069,0.2,0.1176470588235294,0.032258064516129,,1.0,0.0886075949367088,0.4285714285714285,0.6,,0.1392405063291139,0.6363636363636364,0.7,0.8571428571428571,0.0379746835443038,0.6666666666666666,0.6666666666666666,0.5,0.1518987341772152,0.3333333333333333,0.3636363636363636,0.75,0.5822784810126582,0.3043478260869565,0.3043478260869565,0.7142857142857143,,0.2727272727272727,0.4545454545454545,0.2,1.0,0.1515151515151515,,0.6666666666666666,0.3636363636363636,0.8227848101265823,0.3043478260869565,0.524507594936709,0.4943909090909091,0.5166666666666665,0.0365853658536585,,0.1176470588235294,0.3647058823529411,7.476190476190476,25.30344827586207,0.4066985645933014,2.0,,2.0,,0.6666666666666666,0.1818181818181818,,2.0,3.0,1.0,,3.0,6.0,3.0,2.0,3.0,,,,,,3.0,0.5,0.1428571428571428,0.2857142857142857,0.0909090909090909,,0.3333333333333333,,0.0909090909090909,0.6666666666666666,0.125,,,,,,,,,,,,,,,,,False,1.0,
1630537,1610612741,Chris Duarte,Chris Duarte,1630537,CHI,3942.0,66,23,150,148,101.0,67.0,21.0,298,4.0,7.0,1.0,2.0,2.0,,,2.0,2.0,,1.0,1.0,3.0,12.0,1.0,3.0,2.0,9.0,6.0,9.0,5.0,14.0,6.0,33.0,147,2.0,1.0,3.0,6.0,3.0,10.0,4.0,19.0,8.0,4.0,12.0,3.0,,12.0,3.0,,6.0,1.0,7.0,1.0,,5.0,1.0,,15.0,2.0,2.0,8.0,6.0,14.0,4.0,18.0,,,,,1.0,,,,1.0,,1.0,3.0,5.0,,6.0,,1.0,8.0,,1.0,,,,,,19.0,101.0,2.0,1.0,0.6666666666666666,0.6666666666666666,0.8,0.3571428571428571,0.3333333333333333,0.3,0.3571428571428571,0.6666666666666666,0.5869565217391305,0.5,0.5,0.6346153846153846,0.6,0.5277777777777778,0.6086956521739131,,,,15.517241379310343,1.0,0.1714285714285714,0.0714285714285714,0.1951219512195122,0.0571428571428571,0.1842105263157894,0.0634920634920634,0.0454545454545454,,1.0,0.0625,,0.2631578947368421,,0.2,0.2068965517241379,0.1666666666666666,,,0.3043478260869565,0.5714285714285714,0.6666666666666666,0.5,0.0869565217391304,1.0,1.0,1.0,,,,,0.0869565217391304,1.0,1.0,1.0,0.5217391304347826,0.25,0.25,0.6666666666666666,0.2,,0.6,0.3333333333333333,1.0,0.0666666666666666,1.0,0.6,0.2222222222222222,0.9130434782608696,0.25,0.5661913043478259,0.4489499999999999,0.58422,0.16,,0.1818181818181818,0.5757575757575758,2.388888888888889,25.57857142857143,0.6733333333333333,1.0,,,,0.5,,,3.0,5.0,,1.0,3.0,5.0,1.0,,1.0,,,,2.0,,4.0,0.6,0.1111111111111111,0.1428571428571428,,,,,0.3333333333333333,0.6,0.3636363636363636,,,,,,,,,,,,,,,,,False,,
1630604,1610612741,E.J. Liddell,E.J. Liddell,1630604,CHI,1601.0,27,7,62,61,29.0,34.0,6.0,123,,,,2.0,2.0,,,,,,,,2.0,7.0,,,2.0,4.0,2.0,2.0,2.0,7.0,2.0,12.0,70,,,,,2.0,4.0,2.0,12.0,4.0,,6.0,,,7.0,2.0,,,3.0,3.0,3.0,,,,,9.0,,,3.0,1.0,4.0,,4.0,,,,,1.0,,,1.0,2.0,,1.0,1.0,6.0,,1.0,,,2.0,,,1.0,,1.0,1.0,,12.0,29.0,1.0,,1.0,1.0,1.0,0.2857142857142857,,0.5,0.2857142857142857,1.0,0.5555555555555556,,0.8333333333333334,0.6,,0.8571428571428571,0.7777777777777778,,,,17.39130434782609,0.5,0.0833333333333333,,0.1666666666666666,,0.1333333333333333,,,,,,,0.1111111111111111,,,0.1538461538461538,0.2,,,,,,,0.2222222222222222,1.0,1.0,1.0,,,,,,,,,0.7777777777777778,0.2857142857142857,0.2857142857142857,1.0,,,,,,,,0.6666666666666666,0.5,0.7777777777777778,0.2857142857142857,0.47655,,0.460075,0.1,,,1.0,10.6,26.814285714285717,0.4677419354838709,,,,,,,,,,,,2.0,2.0,,,1.0,,,1.0,,,1.0,1.0,,,,,,,,,0.3333333333333333,,,1.0,,,,,,,,,,,,,,False,,
1641766,1610612741,Adama Sanogo,Adama Sanogo,1641766,CHI,1009.0,17,-8,36,32,9.0,15.0,5.0,68,3.0,5.0,3.0,1.0,1.0,,,,,,,,,,,,,,4.0,6.0,,,,8.0,45,3.0,,,4.0,,,,4.0,4.0,4.0,,,,,,,1.0,,1.0,,,1.0,,,2.0,2.0,3.0,1.0,,1.0,5.0,6.0,,,,,1.0,,,,1.0,,,1.0,1.0,,,,,,,,,,,,,4.0,9.0,,,0.5,1.0,,,,,,0.6666666666666666,0.6666666666666666,0.6666666666666666,1.0,0.6666666666666666,0.6666666666666666,1.0,,,,,17.073170731707318,1.0,,0.4285714285714285,0.25,0.2222222222222222,0.0769230769230769,0.3125,0.4285714285714285,,,0.1428571428571428,0.5,,,,0.25,,,,0.8333333333333334,0.6,0.75,0.3333333333333333,0.1666666666666666,1.0,1.0,1.0,,,,,,,,,,,,,1.0,,,,,,,,,0.8333333333333334,,0.6301,0.6230333333333333,0.49005,,,0.5,0.5,1.35,,0.25,2.0,4.0,,,0.6666666666666666,,2.0,1.0,1.0,,,2.0,2.0,1.0,,1.0,,,,,,,1.0,0.1666666666666666,0.2,,0.6666666666666666,,,0.5,1.0,,,,,,,,,,,,,,,,,,False,,
1641801,1610612741,Emanuel Miller,Emanuel Miller,1641801,CHI,143.0,2,-3,5,5,,5.0,,10,,,,,,,,,,,,,,,,,,,,,,,,,7,,,,,,,,,,,,,,,,,,,,,,,,,,,,,,,,,,,,,,,,,,,,,,,,,,,,,,,,,,,,,,,,,,,,,,,,,,,,,,,,,,,,,,,,,,,,,,,,,,,,,,,,,,,,,,,,,,,,,,,,,,,,,,,,,,,,,,,,,,,,,,,,,,,,,,,,,,,,,,,,,,,,,,,,,,,,,,,,,,,,,,,,,,,,,False,,
1642443,1610612741,Jahmir Young,Jahmir Young,1642443,CHI,143.0,2,-3,5,5,,5.0,,10,,,,,,,,,,,,,,,,,,,,,,,,,7,,,,,,,,,,,,,,,,,1.0,,1.0,,,1.0,,,2.0,,,1.0,,1.0,,1.0,,,,,,,,,,,,,,,,,,,,,,,,,,,,,,,,,,,,,,,,,,,,,,,,,,,,0.5,,0.5,,,,,,,,,,1.0,,,,,,,,,,,,,,,,,,,,,,,,,,,,,,,,,,,,,,,,,,,,,,,,,,,,,,,,,,,,,,,,,,,,,,,,,,,,,,,,,,,,,,,,,,,,,False,,
1626168,1610612758,Trey Lyles,Trey Lyles,1626168,SAC,5077.0,85,24,180,174,60.0,32.0,21.0,354,4.0,7.0,2.0,1.0,3.0,,,4.0,5.0,,2.0,2.0,,4.0,,,,3.0,5.0,10.0,4.0,9.0,3.0,25.0,194,3.0,,,2.0,2.0,5.0,2.0,10.0,6.0,4.0,12.0,,,4.0,,,6.0,4.0,10.0,3.0,1.0,4.0,1.0,1.0,24.0,2.0,3.0,6.0,7.0,16.0,5.0,21.0,1.0,3.0,2.0,1.0,,3.0,,4.0,4.0,,,3.0,5.0,,6.0,,,5.0,,,1.0,,1.0,1.0,,10.0,60.0,1.0,,0.6,0.75,1.0,0.4444444444444444,,0.4,0.4444444444444444,0.5,0.5789473684210527,0.3333333333333333,0.5714285714285714,0.5952380952380952,0.3333333333333333,0.625,0.47368421052631576,,,,12.195121951219512,,0.15217391304347827,0.07142857142857142,0.14285714285714285,0.05263157894736842,0.14772727272727273,0.0625,0.15384615384615385,,0.1111111111111111,0.03225806451612903,0.14285714285714285,0.06666666666666667,0.21428571428571427,,0.12903225806451613,0.18181818181818182,0.1,,0.3684210526315789,0.5714285714285714,0.5714285714285714,0.75,0.15789473684210525,0.3333333333333333,0.3333333333333333,,,,,,0.2631578947368421,0.8,0.8,1.0,0.21052631578947367,,,,0.6666666666666666,,,,,0.2857142857142857,1.0,0.42857142857142855,,0.8421052631578947,,0.5494842105263157,0.5212333333333333,0.5935857142857143,0.14285714285714285,,0.08,0.4,3.1399999999999997,24.95555555555556,0.3333333333333333,1.0,2.0,3.0,,0.3333333333333333,0.6,1.0,1.0,2.0,,,1.0,2.0,,,,,,1.0,1.0,,3.0,0.5,,,,0.5,,,0.2857142857142857,0.5,0.25,,,1.0,,,,,,,,,,,1.0,,,True,,
1627734,1610612758,Domantas Sabonis,Domantas Sabonis,1627734,SAC,15129.0,252,4,520,517,109.0,93.0,54.0,1037,39.0,56.0,19.0,4.0,13.0,1.0,2.0,,,,,,5.0,15.0,,,1.0,2.0,44.0,71.0,5.0,15.0,14.0,117.0,610,22.0,,,26.0,1.0,2.0,2.0,25.0,56.0,32.0,15.0,,,15.0,5.0,,19.0,14.0,33.0,10.0,4.0,13.0,3.0,3.0,80.0,7.0,24.0,25.0,48.0,81.0,31.0,112.0,6.0,3.0,2.0,1.0,14.0,3.0,8.0,10.0,24.0,,4.0,12.0,28.0,,23.0,3.0,,26.0,,2.0,2.0,1.0,1.0,2.0,1.0,25.0,109.0,1.0,2.0,0.6363636363636364,0.8484848484848485,1.0,0.3333333333333333,,0.5,0.3333333333333333,0.6197183098591549,0.5988372093023255,0.5909090909090909,0.6764705882352942,0.5969387755102041,0.5909090909090909,0.625,0.1744186046511628,,,,20.854700854700855,0.5833333333333334,0.3870967741935484,0.20689655172413793,0.21008403361344538,0.07,0.3004115226337449,0.14351851851851852,0.23255813953488372,0.23076923076923078,0.14705882352941177,0.0759493670886076,0.047619047619047616,0.3584905660377358,0.4444444444444444,0.29411764705882354,0.21518987341772153,0.2,0.1935483870967742,0.5,0.6511627906976745,0.6964285714285714,0.78,0.6410256410256411,0.1511627906976744,0.3076923076923077,0.3076923076923077,0.5,0.023255813953488372,0.5,0.5,1.0,,,,,0.1744186046511628,0.3333333333333333,0.3333333333333333,1.0,0.8636363636363636,,,,,,,0.11764705882352941,0.5,0.8255813953488372,0.3333333333333333,0.5576749999999999,0.5797368421052632,0.5760323529411764,0.125,,0.2222222222222222,0.21367521367521367,3.230985915492958,26.220000000000002,0.20961538461538462,13.0,22.0,8.0,5.0,0.5909090909090909,0.6153846153846154,12.0,8.0,13.0,,,10.0,15.0,6.0,,6.0,,,6.0,2.0,,12.0,0.6666666666666666,0.08450704225352113,0.10714285714285714,,0.631578947368421,,,0.7647058823529411,0.6153846153846154,0.14814814814814814,,,,,,,,,,1.0,,,,,,,True,,
1628370,1610612758,Malik Monk,Malik Monk,1628370,SAC,15727.0,262,52,541,533,117.0,104.0,56.0,1074,15.0,24.0,5.0,15.0,30.0,6.0,12.0,4.0,9.0,1.0,2.0,4.0,14.0,33.0,1.0,1.0,1.0,3.0,36.0,66.0,18.0,42.0,14.0,140.0,618,5.0,1.0,2.0,13.0,3.0,7.0,7.0,30.0,18.0,54.0,45.0,9.0,,33.0,14.0,,35.0,13.0,48.0,6.0,7.0,24.0,9.0,2.0,109.0,1.0,3.0,16.0,9.0,26.0,6.0,32.0,2.0,8.0,7.0,1.0,18.0,6.0,14.0,7.0,25.0,,8.0,13.0,19.0,,17.0,,1.0,15.0,,5.0,5.0,3.0,2.0,8.0,4.0,30.0,117.0,1.0,4.0,0.25,0.2647058823529412,0.8333333333333334,0.42857142857142855,0.5,0.42857142857142855,0.42857142857142855,0.5454545454545454,0.5833333333333334,0.7857142857142857,0.6764705882352942,0.6086956521739131,0.8125,0.7142857142857143,0.3888888888888889,,,,22.749590834697216,0.72,0.06766917293233082,0.025,0.12698412698412698,0.009523809523809525,0.09652509652509653,0.017777777777777778,0.045454545454545456,0.022727272727272728,,0.0125,,0.05454545454545454,0.0847457627118644,0.05263157894736842,0.17045454545454544,0.02631578947368421,0.041666666666666664,0.5,0.2222222222222222,0.625,0.6818181818181818,0.3333333333333333,0.2777777777777778,0.5,0.5357142857142857,0.26666666666666666,0.1111111111111111,0.5,0.5,,0.08333333333333333,0.4444444444444444,0.4444444444444444,1.0,0.3055555555555556,0.42424242424242425,0.42424242424242425,0.7857142857142857,0.7142857142857143,0.14285714285714285,0.14285714285714285,1.0,,0.23529411764705882,0.5,0.17647058823529413,0.3333333333333333,0.6111111111111112,0.42424242424242425,0.520461574074074,0.5743625,0.4927735294117647,0.03636363636363636,,0.09285714285714286,0.21428571428571427,7.462121212121211,25.57857142857143,0.21626617375231053,4.0,4.0,1.0,,0.8,0.07142857142857142,4.0,4.0,4.0,,2.0,7.0,10.0,4.0,1.0,4.0,,,,2.0,,4.0,0.7,0.06060606060606061,0.08333333333333333,0.06666666666666667,0.8,,,0.23529411764705882,1.0,0.058823529411764705,3.0,1.0,,0.25,,,2.0,,,,,1.0,2.0,1.0,0.2857142857142857,,True,,
1631165,1610612758,Keon Ellis,Keon Ellis,1631165,SAC,13897.0,232,49,468,464,105.0,94.0,59.0,932,6.0,7.0,,4.0,9.0,2.0,5.0,4.0,10.0,2.0,,1.0,12.0,25.0,2.0,2.0,2.0,5.0,12.0,21.0,16.0,35.0,11.0,83.0,529,4.0,3.0,4.0,11.0,2.0,6.0,4.0,20.0,16.0,8.0,42.0,6.0,,25.0,12.0,1.0,10.0,5.0,15.0,2.0,3.0,7.0,2.0,1.0,35.0,6.0,2.0,12.0,10.0,22.0,8.0,30.0,1.0,13.0,11.0,2.0,5.0,2.0,5.0,3.0,8.0,1.0,1.0,11.0,21.0,,8.0,,2.0,13.0,1.0,1.0,9.0,3.0,6.0,12.0,8.0,20.0,105.0,2.0,1.0,0.6666666666666666,0.7272727272727273,0.875,0.45714285714285713,0.75,0.3333333333333333,0.45714285714285713,0.5714285714285714,0.6428571428571429,0.6875,0.7272727272727273,0.6693548387096774,0.6875,0.7692307692307693,0.625,0.02857142857142857,,0.04,13.08411214953271,0.625,0.08695652173913043,0.018518518518518517,0.12121212121212122,0.06593406593406594,0.102803738317757,0.04020100502512563,,0.021739130434782608,0.03225806451612903,0.056338028169014086,0.1,0.08108108108108109,0.08196721311475409,0.11764705882352941,0.10144927536231885,0.16666666666666666,0.045454545454545456,0.6666666666666666,0.125,0.8571428571428571,1.0,0.8333333333333334,0.16071428571428573,0.4444444444444444,0.5714285714285714,0.5,0.08928571428571429,0.4,0.4,0.5,0.17857142857142858,0.4,0.4,1.0,0.44642857142857145,0.48,0.5,0.8333333333333334,,0.25,0.25,1.0,1.0,0.09090909090909091,,0.45454545454545453,0.4,0.75,0.48,0.5249723214285714,0.46875,0.5296681818181818,0.08196721311475409,0.027777777777777776,0.13253012048192772,0.24096385542168675,8.566666666666666,25.57714285714286,0.22435897435897437,1.0,2.0,,,0.25,,,3.0,3.0,1.0,,5.0,5.0,3.0,,,,1.0,,,,4.0,1.0,0.14285714285714285,0.14285714285714285,0.2222222222222222,,0.5,1.0,0.2727272727272727,1.0,0.16,3.0,1.0,,,,,2.0,,,,,,,,,,True,,
203897,1610612758,Zach LaVine,Zach LaVine,203897,SAC,28296.0,472,90,966,959,213.0,180.0,107.0,1925,36.0,51.0,4.0,20.0,38.0,13.0,30.0,12.0,22.0,2.0,,2.0,30.0,76.0,4.0,6.0,3.0,14.0,69.0,119.0,42.0,98.0,40.0,304.0,1097,7.0,5.0,8.0,22.0,3.0,16.0,14.0,41.0,74.0,64.0,78.0,48.0,,76.0,30.0,1.0,33.0,20.0,53.0,9.0,11.0,16.0,12.0,5.0,126.0,1.0,1.0,29.0,19.0,48.0,3.0,51.0,2.0,12.0,6.0,6.0,25.0,5.0,16.0,8.0,33.0,2.0,10.0,7.0,16.0,,34.0,,,45.0,,2.0,1.0,,1.0,1.0,,41.0,213.0,,2.0,0.5362318840579711,0.5362318840579711,0.6190476190476191,0.42857142857142855,0.625,0.1875,0.42857142857142855,0.5798319327731093,0.6082949308755761,0.7,0.375,0.6419491525423728,0.7,0.45454545454545453,0.45161290322580644,0.01020408163265306,,0.013157894736842105,24.566210045662103,0.7575757575757576,0.08050847457627118,0.004405286343612335,0.12946428571428573,0.00546448087431694,0.10434782608695652,0.004878048780487805,,0.010638297872340425,,0.006896551724137931,,0.047058823529411764,0.08849557522123894,0.13157894736842105,0.12179487179487179,0.14705882352941177,0.021739130434782608,,0.2350230414746544,0.7058823529411765,0.8,0.6111111111111112,0.17511520737327188,0.5263157894736842,0.5555555555555556,0.55,0.1382488479262673,0.43333333333333335,0.43333333333333335,0.3076923076923077,0.10138248847926268,0.5454545454545454,0.5454545454545454,0.75,0.35023041474654376,0.39473684210526316,0.4,0.5666666666666667,0.26666666666666666,0.13333333333333333,0.4,0.6666666666666666,0.75,0.05555555555555555,,0.3888888888888889,0.21428571428571427,0.6866359447004609,0.39473684210526316,0.5301884792626728,0.5235045454545455,0.5257888888888889,0.09829059829059829,,0.07236842105263158,0.13486842105263158,7.599159663865547,26.19285714285714,0.2204968944099379,3.0,,,1.0,0.42857142857142855,,3.0,6.0,10.0,1.0,1.0,9.0,20.0,8.0,,9.0,,2.0,1.0,6.0,1.0,23.0,0.45,0.06722689075630252,0.11764705882352941,0.05263157894736842,0.75,0.5,1.0,0.2777777777777778,0.6,0.16911764705882354,,,,1.0,,,,,,,,,1.0,,0.058823529411764705,,True,,
201942,1610612758,DeMar DeRozan,DeMar DeRozan,201942,SAC,21974.0,366,56,744,739,155.0,131.0,83.0,1483,10.0,17.0,6.0,35.0,54.0,21.0,50.0,7.0,14.0,1.0,1.0,2.0,9.0,28.0,,3.0,1.0,9.0,66.0,121.0,16.0,42.0,46.0,226.0,867,12.0,,4.0,15.0,2.0,11.0,17.0,59.0,48.0,84.0,42.0,6.0,1.0,27.0,9.0,,22.0,27.0,49.0,20.0,7.0,15.0,6.0,1.0,125.0,3.0,3.0,20.0,17.0,40.0,6.0,46.0,4.0,3.0,2.0,1.0,6.0,4.0,2.0,9.0,15.0,2.0,2.0,7.0,17.0,,38.0,1.0,1.0,51.0,,3.0,3.0,2.0,1.0,3.0,2.0,59.0,155.0,3.0,3.0,0.36363636363636365,0.38095238095238093,0.875,0.38095238095238093,,0.18181818181818182,0.3902439024390244,0.5454545454545454,0.5521472392638037,0.3125,0.42,0.6059782608695652,0.39473684210526316,0.49137931034482757,0.25766871165644173,,,,23.550295857988168,0.4,0.09659090909090909,0.01639344262295082,0.11299435028248588,0.021897810218978103,0.1048158640226629,0.01875,,0.02631578947368421,0.017857142857142856,0.018518518518518517,0.034482758620689655,0.10144927536231885,0.08,0.125,0.0873015873015873,0.17647058823529413,0.0547945205479452,0.6666666666666666,0.10429447852760736,0.5882352941176471,0.625,0.4,0.3312883435582822,0.6481481481481481,0.6862745098039216,0.2571428571428571,0.3067484662576687,0.42,0.42857142857142855,0.5238095238095238,0.08588957055214724,0.5,0.5,1.0,0.17177914110429449,0.32142857142857145,0.32142857142857145,0.7777777777777778,0.375,0.0625,0.1875,,,0.04,0.5,0.18,0.1111111111111111,0.3619631901840491,0.3333333333333333,0.4663413580246914,0.5031136363636363,0.4563210000000001,0.13259668508287292,,0.06637168141592921,0.2610619469026549,11.796694214876032,26.009523809523806,0.20833333333333334,5.0,6.0,3.0,1.0,0.4166666666666667,0.16666666666666666,4.0,4.0,9.0,,5.0,18.0,39.0,5.0,3.0,4.0,,1.0,1.0,6.0,3.0,24.0,0.46153846153846156,0.04132231404958678,0.058823529411764705,0.05555555555555555,0.6666666666666666,,,0.18,0.4444444444444444,0.17266187050359713,,,,0.5,,,,0.02,,,,,,,,,True,,
1631099,1610612758,Keegan Murray,Keegan Murray,1631099,SAC,21201.0,353,59,725,732,154.0,130.0,73.0,1457,21.0,24.0,8.0,7.0,13.0,2.0,6.0,7.0,16.0,,3.0,4.0,18.0,48.0,1.0,3.0,3.0,10.0,30.0,43.0,25.0,64.0,10.0,145.0,822,10.0,1.0,3.0,23.0,6.0,14.0,3.0,33.0,32.0,28.0,69.0,6.0,,48.0,18.0,,9.0,9.0,18.0,7.0,2.0,5.0,3.0,1.0,45.0,8.0,6.0,27.0,21.0,50.0,15.0,65.0,,7.0,5.0,2.0,6.0,,2.0,4.0,10.0,4.0,1.0,15.0,24.0,,13.0,1.0,,11.0,,,11.0,5.0,5.0,11.0,7.0,33.0,154.0,2.0,,0.5333333333333333,0.6666666666666666,0.92,0.390625,0.3333333333333333,0.42857142857142855,0.390625,0.6976744186046512,0.6308411214953271,0.8076923076923077,0.7142857142857143,0.6531531531531531,0.8846153846153846,0.75,0.5981308411214953,,,,14.864864864864863,0.6,0.11666666666666667,0.03488372093023256,0.1534090909090909,0.05970149253731343,0.1348314606741573,0.0457516339869281,0.038461538461538464,0.0273972602739726,0.0425531914893617,0.05714285714285714,0.06896551724137931,0.09859154929577464,0.13157894736842105,0.12121212121212122,0.13114754098360656,0.2037037037037037,,0.6363636363636364,0.22429906542056074,0.875,0.9545454545454546,0.5238095238095238,0.12149532710280374,0.5384615384615384,0.5833333333333334,0.7142857142857143,0.056074766355140186,0.3333333333333333,0.3333333333333333,,0.14953271028037382,0.4375,0.4375,1.0,0.4485981308411215,0.375,0.375,0.8888888888888888,0.6153846153846154,,0.23076923076923078,0.3333333333333333,1.0,0.19047619047619047,0.75,0.47619047619047616,0.3,0.822429906542056,0.375,0.5535429906542056,0.5177937499999999,0.5689523809523809,0.06306306306306306,,0.15862068965517243,0.22758620689655173,5.590697674418604,25.757812499999996,0.21241379310344827,9.0,12.0,2.0,,0.9,0.09523809523809523,8.0,5.0,5.0,,2.0,6.0,7.0,3.0,,4.0,3.0,1.0,,3.0,,7.0,0.8571428571428571,0.06976744186046512,0.08333333333333333,0.07692307692307693,1.0,,,0.23809523809523808,1.0,0.14893617021276595,,,1.0,0.125,,,,,,,,,1.0,2.0,0.09090909090909091,,True,1.0,
1631222,1610612758,Jake LaRavia,Jake LaRavia,1631222,SAC,6519.0,109,41,220,219,53.0,39.0,31.0,439,3.0,5.0,1.0,1.0,9.0,,1.0,1.0,4.0,,1.0,2.0,5.0,14.0,,1.0,3.0,7.0,4.0,15.0,6.0,18.0,3.0,29.0,240,3.0,,1.0,2.0,4.0,9.0,,16.0,4.0,4.0,18.0,,1.0,13.0,5.0,,3.0,6.0,9.0,4.0,2.0,,3.0,,24.0,4.0,6.0,5.0,7.0,12.0,10.0,22.0,3.0,4.0,1.0,3.0,5.0,,3.0,,5.0,1.0,,6.0,10.0,,5.0,1.0,,6.0,,,,,,,,16.0,53.0,2.0,,0.5,0.5,1.0,0.3333333333333333,,0.4444444444444444,0.35294117647058826,0.26666666666666666,0.3939393939393939,,0.5714285714285714,0.4027777777777778,0.2,0.5333333333333333,0.5454545454545454,,,,15.830115830115831,1.0,0.11666666666666667,0.11320754716981132,0.10416666666666667,0.08888888888888889,0.1111111111111111,0.10204081632653061,0.07142857142857142,0.19230769230769232,,0.1,,0.15384615384615385,0.10256410256410256,0.125,0.125,0.0625,0.15789473684210525,,0.15151515151515152,0.6,0.75,0.3333333333333333,0.2727272727272727,0.1111111111111111,0.14285714285714285,1.0,0.030303030303030304,,,,0.12121212121212122,0.25,0.25,1.0,0.42424242424242425,0.35714285714285715,0.35714285714285715,1.0,0.25,,0.25,,,0.14285714285714285,0.5,0.5,0.42857142857142855,0.696969696969697,0.38461538461538464,0.519871875,0.5026,0.5416884615384615,0.08333333333333333,,0.06896551724137931,0.5517241379310345,6.713333333333334,26.833333333333332,0.2409090909090909,,,,1.0,,,,2.0,3.0,,2.0,2.0,5.0,3.0,,2.0,,,,,,3.0,0.4,0.2,0.2,0.2222222222222222,,,,0.21428571428571427,0.6666666666666666,0.16666666666666666,,,,,,,,,,,,,,,,,True,,
1628365,1610612758,Markelle Fultz,Markelle Fultz,1628365,SAC,1917.0,32,16,69,69,19.0,13.0,3.0,138,,1.0,,3.0,4.0,1.0,2.0,1.0,1.0,,,,,1.0,,,,,4.0,7.0,1.0,2.0,1.0,12.0,69,,,,,,,,4.0,4.0,4.0,3.0,,,1.0,,,,2.0,2.0,2.0,,,,,6.0,,,2.0,1.0,3.0,,3.0,,,,,5.0,,5.0,,5.0,1.0,2.0,,,,2.0,,,1.0,,,1.0,1.0,,1.0,1.0,4.0,19.0,,,0.5,0.5,1.0,0.5,,,0.5,0.5714285714285714,0.6111111111111112,,0.6666666666666666,0.6666666666666666,,0.6666666666666666,0.2222222222222222,,,,19.178082191780824,1.0,0.058823529411764705,,0.125,,0.09090909090909091,,,,,,,,,0.5,0.1,0.16666666666666666,,1.0,0.1111111111111111,,,,0.4444444444444444,0.75,0.75,0.3333333333333333,0.2222222222222222,0.5,0.5,1.0,0.1111111111111111,1.0,1.0,1.0,0.1111111111111111,,,,,,,,,,,,,0.3333333333333333,,0.46952499999999997,,0.45626666666666665,0.1111111111111111,,,0.3333333333333333,9.114285714285714,30.65,0.2753623188405797,,,,,,,,,,,,2.0,3.0,,,,,,,1.0,,1.0,0.6666666666666666,,,,,,,,,0.14285714285714285,,,,,,,,,,,,,,,,,True,,
1642403,1610612758,Isaac Jones,Isaac Jones,1642403,SAC,181.0,3,1,7,7,5.0,1.0,,14,,,,,,,,,,,,,,,,,,,,,,,,,11,,,,,,,,,,,,,,,,,,,,,,,,,,,,,,,,,,,,,,,,,,,,1.0,1.0,,,,,,,,,,,,,,5.0,,,,,,,,,,,,,,,,,,,,,,,,,,,,,,,,,,,,,,,,,,,,,,,,,,,,,,,,,,,,,,,,,,,,,,,,,,,,,,,,,0.7142857142857143,,,,,,,,,,,,,,,,,,,,,,,,,,,,,,,,,,,,,,,,,,,,,,,,,True,,
203458,1610612758,Alex Len,Alex Len,203458,SAC,143.0,2,-3,5,6,5.0,3.0,,11,,,,,,,,,,,,,,,,,,,,,,,,,9,,,,,,,,,,,,,,,,,,,,,,,,,,,,,,,,,,,,,,,,,,,,1.0,1.0,,,,,,,,,,,,,,5.0,,,,,,,,,,,,,,,,,,,,,,,,,,,,,,,,,,,,,,,,,,,,,,,,,,,,,,,,,,,,,,,,,,,,,,,,,,,,,,,,,1.0,,,,,,,,,,,,,,,,,,,,,,,,,,,,,,,,,,,,,,,,,,,,,,,,,True,,
202685,1610612758,Jonas Valančiūnas,Jonas Valančiūnas,202685,SAC,10402.0,173,76,352,344,66.0,71.0,44.0,696,21.0,31.0,13.0,17.0,30.0,3.0,6.0,,,,,,1.0,1.0,,,,,41.0,67.0,1.0,1.0,19.0,104.0,379,17.0,,,35.0,,,7.0,15.0,50.0,32.0,3.0,,,1.0,1.0,,17.0,9.0,26.0,9.0,,4.0,7.0,6.0,61.0,4.0,17.0,21.0,21.0,47.0,21.0,68.0,6.0,9.0,6.0,3.0,4.0,,1.0,1.0,5.0,,,18.0,21.0,,21.0,5.0,,23.0,,2.0,10.0,4.0,6.0,10.0,8.0,15.0,66.0,,2.0,0.6097560975609756,0.8064516129032258,1.0,1.0,,,1.0,0.6119402985074627,0.625,0.7647058823529411,0.8,0.6666666666666666,0.7954545454545454,0.9375,0.014705882352941176,,,,20.544554455445546,0.8,0.2413793103448276,0.19101123595505617,0.2441860465116279,0.06557377049180328,0.24277456647398843,0.14,0.2857142857142857,0.19047619047619047,0.11538461538461539,0.06382978723404255,0.07142857142857142,0.2608695652173913,0.20454545454545456,0.3,0.22950819672131148,0.28,0.2857142857142857,0.8,0.45588235294117646,0.6774193548387096,0.7777777777777778,0.5714285714285714,0.4411764705882353,0.5666666666666667,0.5862068965517241,0.6470588235294118,0.08823529411764706,0.5,0.5,0.6666666666666666,,,,,0.014705882352941176,1.0,1.0,1.0,0.7647058823529411,,,,,,,,,0.47058823529411764,1.0,0.5007676470588235,0.5511666666666667,0.44592,0.14473684210526316,,0.33653846153846156,0.14423076923076922,5.613432835820895,26.0,0.1875,13.0,20.0,5.0,1.0,0.7647058823529411,0.5,9.0,1.0,1.0,,9.0,4.0,5.0,5.0,,3.0,,,1.0,3.0,,11.0,0.8,0.07462686567164178,0.12903225806451613,0.03333333333333333,0.6923076923076923,,,0.2,1.0,0.14666666666666667,,,,0.1111111111111111,,,,,,,3.0,,,,,,True,,
1642269,1610612758,Devin Carter,Devin Carter,1642269,SAC,941.0,16,-9,31,30,4.0,9.0,4.0,61,,1.0,,1.0,1.0,,,,,,,,,3.0,,,,,1.0,2.0,,3.0,,2.0,34,,,,,,,,,,2.0,,,,3.0,,,,,,,,,,,,,,1.0,1.0,2.0,,2.0,,1.0,1.0,,1.0,,1.0,,1.0,,,,,,3.0,1.0,1.0,,,,,,,,,,4.0,,,,,,,,,,0.5,0.2,,,0.2,,,0.6,,,,17.142857142857142,1.0,0.2,,0.16666666666666666,,0.18181818181818182,,,,,,,,0.25,,0.2,,,,0.2,,,,0.2,1.0,1.0,,,,,,,,,,0.6,,,,,,,,,,,,,0.8,,0.50656,,,,,,,5.0,28.233333333333334,0.12903225806451613,,,,,,,,,,,,,,,,,,,,,,,,,,,,,,,,,,,,,,,,,,,,,,1.0,,,True,,
1630222,1610612758,Mason Jones,Mason Jones,1630222,SAC,38.0,1,-3,1,1,,,,2,,,,,,,,,,,,,,,,,,,,,,,,,3,,,,,,,,,,,,,,,,,,,,,,,,,,,,,,,,,,,,,,,,,,,,,,,,,,,,,,,,,,,,,,,,,,,,,,,,,,,,,,,,,,,,,,,,,,,,,,,,,,,,,,,,,,,,,,,,,,,,,,,,,,,,,,,,,,,,,,,,,,,,,,,,,,,,,,,,,,,,,,,,,,,,,,,,,,,,,,,,,,,,,,,,,,,,,True,,
1642384,1610612758,Isaiah Crawford,Isaiah Crawford,1642384,SAC,38.0,1,-3,1,1,,,,2,,,,,,,,,,,,,,,,,,,,,,,,,3,,,,,,,,,,,,,,,,,,,,,,,,,,,,,,,,,,,,,,,,,,,,,,,,,,,,,,,,,,,,,,,,,,,,,,,,,,,,,,,,,,,,,,,,,,,,,,,,,,,,,,,,,,,,,,,,,,,,,,,,,,,,,,,,,,,,,,,,,,,,,,,,,,,,,,,,,,,,,,,,,,,,,,,,,,,,,,,,,,,,,,,,,,,,,True,,
1626168,1610612758,Trey Lyles,Trey Lyles,1626168,SAC,51066.0,851,-70,1737,1748,451.0,484.0,230.0,3485,32.0,55.0,21.0,7.0,20.0,5.0,8.0,18.0,49.0,9.0,5.0,13.0,38.0,117.0,3.0,7.0,3.0,21.0,44.0,83.0,56.0,166.0,33.0,289.0,2020,26.0,8.0,16.0,63.0,8.0,34.0,5.0,51.0,72.0,16.0,168.0,,,117.0,38.0,1.0,29.0,19.0,48.0,14.0,5.0,16.0,9.0,4.0,115.0,23.0,25.0,78.0,63.0,157.0,49.0,206.0,5.0,26.0,14.0,12.0,10.0,6.0,5.0,13.0,23.0,4.0,1.0,36.0,56.0,,49.0,8.0,2.0,48.0,,3.0,18.0,8.0,10.0,19.0,10.0,51.0,449.0,1.0,3.0,0.8181818181818182,0.9230769230769231,1.0,0.3373493975903614,0.5,0.23529411764705882,0.3373493975903614,0.5301204819277109,0.5140562248995983,0.5952380952380952,0.42592592592592593,0.53125,0.6428571428571429,0.4396551724137931,0.6666666666666666,0.006024096385542169,,0.008547008547008548,14.75,0.43478260869565216,0.1693548387096774,0.05813953488372093,0.18309859154929578,0.051685393258426963,0.17669172932330826,0.054857142857142854,0.06896551724137931,0.05069124423963134,0.061855670103092786,0.047058823529411764,0.06666666666666667,0.15625,0.18396226415094338,0.140625,0.2032258064516129,0.12931034482758622,0.03676470588235294,0.5263157894736842,0.22088353413654618,0.5818181818181818,0.6530612244897959,0.8125,0.08032128514056225,0.35,0.3684210526315789,0.8571428571428571,0.0321285140562249,0.625,0.625,0.8,0.19678714859437751,0.3673469387755102,0.3673469387755102,1.0,0.46987951807228917,0.3247863247863248,0.3275862068965517,1.0,0.5,0.21428571428571427,0.16666666666666666,0.42857142857142855,1.0,0.24074074074074073,0.38461538461538464,0.3888888888888889,0.14285714285714285,0.8875502008032129,0.3247863247863248,0.5635429718875504,0.5763937499999999,0.5561212962962964,0.08178438661710037,,0.2179930795847751,0.17647058823529413,4.304819277108434,25.21746987951807,0.25964306275187105,13.0,10.0,16.0,5.0,0.5,0.38095238095238093,10.0,7.0,14.0,5.0,13.0,11.0,20.0,7.0,3.0,5.0,1.0,1.0,2.0,2.0,,22.0,0.55,0.08433734939759036,0.10909090909090909,0.05,0.47619047619047616,0.5555555555555556,1.0,0.25925925925925924,0.5,0.21359223300970873,1.0,1.0,3.0,0.5,,,,,,,1.0,,1.0,8.0,0.027777777777777776,,False,,
1627734,1610612758,Domantas Sabonis,Domantas Sabonis,1627734,SAC,103281.0,1721,171,3556,3542,742.0,736.0,407.0,7098,228.0,320.0,103.0,81.0,153.0,20.0,46.0,4.0,7.0,,,1.0,48.0,110.0,8.0,10.0,12.0,23.0,329.0,519.0,52.0,117.0,163.0,977.0,4052,136.0,8.0,10.0,224.0,12.0,24.0,55.0,195.0,422.0,236.0,153.0,3.0,,110.0,48.0,,195.0,117.0,312.0,86.0,31.0,81.0,67.0,47.0,741.0,59.0,131.0,220.0,231.0,490.0,190.0,680.0,24.0,31.0,17.0,14.0,76.0,18.0,36.0,67.0,143.0,20.0,26.0,77.0,163.0,6.0,204.0,22.0,4.0,211.0,,21.0,20.0,7.0,13.0,20.0,14.0,193.0,740.0,24.0,20.0,0.6413373860182371,0.7873134328358209,0.9807692307692307,0.4444444444444444,0.8,0.5,0.4444444444444444,0.6339113680154143,0.639937106918239,0.6506849315068494,0.6862745098039216,0.6700960219478738,0.6787878787878788,0.7222222222222222,0.18396226415094338,,,,21.616261774913237,0.5314685314685315,0.2756563245823389,0.15092165898617513,0.2692778457772338,0.07487309644670051,0.27250755287009065,0.11473429951690821,0.18141592920353983,0.16455696202531644,0.10121457489878542,0.06260575296108291,0.1116751269035533,0.2554112554112554,0.2989247311827957,0.2323943661971831,0.2871287128712871,0.21800947867298578,0.11267605633802817,0.7,0.5031446540880503,0.7125,0.7676767676767676,0.6359649122807017,0.24056603773584906,0.5294117647058824,0.6,0.6296296296296297,0.07232704402515723,0.43478260869565216,0.4444444444444444,0.75,0.0110062893081761,0.5714285714285714,0.5714285714285714,1.0,0.17295597484276728,0.43636363636363634,0.43636363636363634,0.9791666666666666,0.7054794520547946,,0.0684931506849315,0.8,0.875,0.00980392156862745,,0.22549019607843138,0.5217391304347826,0.6871069182389937,0.43636363636363634,0.5591621855345911,0.5516256880733944,0.5688696078431373,0.134180790960452,,0.2292732855680655,0.19959058341862845,4.505587668593448,25.87008547008547,0.20866141732283464,83.0,122.0,39.0,24.0,0.6102941176470589,0.5416666666666666,66.0,38.0,57.0,,34.0,52.0,78.0,42.0,9.0,40.0,,7.0,24.0,23.0,,95.0,0.6666666666666666,0.08092485549132948,0.071875,0.11764705882352941,0.6407766990291263,,,0.5588235294117647,0.6666666666666666,0.16074450084602368,,,1.0,0.18181818181818182,,,,0.021739130434782608,1.0,1.0,1.0,1.0,,,,,False,,
1628368,1610612758,De'Aaron Fox,De'Aaron Fox,1628368,SAC,99786.0,1663,23,3453,3441,882.0,889.0,384.0,6894,119.0,173.0,21.0,151.0,294.0,52.0,130.0,16.0,51.0,4.0,4.0,13.0,76.0,235.0,9.0,28.0,17.0,60.0,322.0,597.0,92.0,286.0,204.0,1124.0,3987,46.0,11.0,32.0,89.0,21.0,73.0,91.0,336.0,196.0,448.0,174.0,102.0,2.0,233.0,76.0,1.0,165.0,111.0,276.0,80.0,31.0,98.0,47.0,20.0,663.0,18.0,27.0,103.0,73.0,180.0,45.0,225.0,13.0,66.0,32.0,34.0,86.0,19.0,42.0,47.0,133.0,6.0,32.0,42.0,118.0,3.0,205.0,2.0,23.0,246.0,3.0,13.0,16.0,5.0,11.0,20.0,10.0,336.0,881.0,14.0,12.0,0.30434782608695654,0.3161290322580645,0.6304347826086957,0.32167832167832167,0.34375,0.2876712328767123,0.323943661971831,0.5393634840871022,0.5209513023782559,0.5064102564102564,0.5041152263374485,0.5653923541247485,0.536144578313253,0.5813148788927336,0.32389580973952437,0.0034965034965034965,,0.00425531914893617,28.81269191402252,0.6466165413533834,0.09034653465346534,0.03229665071770335,0.13054499366286437,0.02284263959390863,0.11020663744520977,0.02770935960591133,0.019230769230769232,0.04411764705882353,0.022727272727272728,0.025728987993138937,0.014634146341463415,0.06635071090047394,0.07760532150776053,0.1643835616438356,0.1260647359454855,0.14356435643564355,0.031026252983293555,0.5,0.19592298980747452,0.6878612716763006,0.7484276729559748,0.40336134453781514,0.332955832389581,0.5136054421768708,0.5655430711610487,0.23841059602649006,0.14722536806342015,0.4,0.4094488188976378,0.2692307692307692,0.057757644394110984,0.3137254901960784,0.3137254901960784,0.875,0.26613816534541335,0.32340425531914896,0.3247863247863248,0.5789473684210527,0.2692307692307692,0.05128205128205128,0.358974358974359,0.32142857142857145,0.5555555555555556,0.053497942386831275,0.3076923076923077,0.24691358024691357,0.2833333333333333,0.5198187995469988,0.3261802575107296,0.508010839954597,0.5258795918367347,0.5033630705394191,0.12028542303771661,0.010380622837370242,0.0791814946619217,0.298932384341637,8.646566164154104,25.981118881118878,0.2554300608166811,23.0,24.0,4.0,3.0,0.5,0.05263157894736842,14.0,30.0,46.0,2.0,10.0,91.0,170.0,44.0,15.0,44.0,1.0,4.0,3.0,20.0,,115.0,0.5352941176470588,0.07370184254606366,0.08092485549132948,0.09183673469387756,0.6666666666666666,0.5,0.5,0.18930041152263374,0.6521739130434783,0.16618497109826588,4.0,3.0,,0.21428571428571427,,2.0,1.0,0.023076923076923078,,,,,,1.0,,,False,,
1628370,1610612758,Malik Monk,Malik Monk,1628370,SAC,85561.0,1426,80,2972,2962,692.0,720.0,357.0,5934,81.0,127.0,8.0,84.0,169.0,24.0,54.0,19.0,34.0,5.0,4.0,8.0,77.0,276.0,6.0,25.0,20.0,69.0,189.0,350.0,96.0,310.0,111.0,777.0,3425,23.0,9.0,30.0,56.0,24.0,77.0,40.0,196.0,176.0,202.0,222.0,66.0,2.0,274.0,77.0,7.0,174.0,85.0,259.0,62.0,23.0,114.0,44.0,16.0,603.0,9.0,7.0,84.0,64.0,151.0,16.0,167.0,1.0,45.0,27.0,18.0,64.0,14.0,40.0,32.0,96.0,5.0,15.0,79.0,115.0,3.0,104.0,3.0,11.0,127.0,3.0,10.0,22.0,8.0,12.0,25.0,13.0,194.0,689.0,6.0,7.0,0.4656084656084656,0.46808510638297873,0.7708333333333334,0.3096774193548387,0.3,0.3116883116883117,0.3116883116883117,0.54,0.5045454545454545,0.5,0.5098039215686274,0.5421348314606742,0.5185185185185185,0.561046511627907,0.4696969696969697,0.02258064516129032,0.029411764705882353,0.021739130434782608,23.817966903073284,0.6666666666666666,0.09288824383164006,0.00938337801608579,0.12481426448736999,0.013392857142857142,0.10866372980910426,0.011283497884344146,0.0106951871657754,0.008595988538681949,0.009523809523809525,0.013565891472868217,0.01282051282051282,0.08602150537634409,0.07969151670951156,0.14912280701754385,0.09979633401221996,0.19230769230769232,0.003105590062111801,0.52,0.19242424242424241,0.6377952755905512,0.7105263157894737,0.5555555555555556,0.25606060606060604,0.4970414201183432,0.5637583892617449,0.36904761904761907,0.08181818181818182,0.4444444444444444,0.46153846153846156,0.5,0.051515151515151514,0.5588235294117647,0.5757575757575758,0.8947368421052632,0.41818181818181815,0.27898550724637683,0.2851851851851852,0.7402597402597403,0.1509433962264151,0.09433962264150944,0.4716981132075472,0.24,0.8333333333333334,0.05228758169934641,0.5,0.45098039215686275,0.2898550724637681,0.6621212121212121,0.28102189781021897,0.5229614916286147,0.5055808823529412,0.5019827814569536,0.08404558404558404,0.009584664536741214,0.07207207207207207,0.25225225225225223,7.395714285714286,26.258387096774193,0.23283983849259757,13.0,2.0,3.0,,0.5652173913043478,0.05084745762711865,6.0,17.0,26.0,3.0,3.0,42.0,76.0,35.0,6.0,24.0,,3.0,6.0,17.0,5.0,56.0,0.5526315789473685,0.1,0.10236220472440945,0.11834319526627218,0.75,0.6,1.0,0.16993464052287582,0.6538461538461539,0.14395886889460155,3.0,1.0,,0.6666666666666666,,,2.0,0.037037037037037035,,,,,,1.0,,,False,2.0,
1628989,1610612758,Kevin Huerter,Kevin Huerter,1628989,SAC,53962.0,899,-65,1850,1856,367.0,380.0,201.0,3706,35.0,49.0,8.0,24.0,44.0,7.0,12.0,15.0,47.0,9.0,2.0,9.0,47.0,158.0,7.0,20.0,9.0,28.0,66.0,105.0,62.0,205.0,20.0,338.0,2154,13.0,12.0,29.0,55.0,11.0,37.0,7.0,74.0,104.0,28.0,177.0,9.0,1.0,157.0,47.0,1.0,46.0,28.0,74.0,22.0,6.0,35.0,7.0,4.0,176.0,12.0,7.0,49.0,49.0,101.0,19.0,120.0,3.0,36.0,25.0,11.0,31.0,3.0,24.0,6.0,37.0,2.0,7.0,48.0,70.0,,21.0,1.0,4.0,28.0,,1.0,16.0,2.0,12.0,16.0,10.0,72.0,366.0,1.0,,0.7878787878787878,0.8387096774193549,0.9516129032258065,0.3024390243902439,0.41379310344827586,0.2972972972972973,0.30392156862745096,0.6285714285714286,0.5129032258064516,0.6190476190476191,0.5677966101694916,0.521671826625387,0.625,0.5873015873015873,0.6612903225806451,0.004878048780487805,0.02127659574468085,,17.282765242438792,0.8378378378378378,0.11475409836065574,0.01715686274509804,0.11448598130841121,0.026030368763557483,0.11461988304093568,0.02186421173762946,0.017699115044247787,0.015306122448979591,0.020202020202020204,0.02064896755162242,0.040983606557377046,0.12844036697247707,0.0995850622406639,0.14285714285714285,0.12861736334405144,0.07692307692307693,0.017241379310344827,0.625,0.15806451612903225,0.7142857142857143,0.7608695652173914,0.7714285714285715,0.14193548387096774,0.5454545454545454,0.5714285714285714,0.8333333333333334,0.03870967741935484,0.5833333333333334,0.5833333333333334,0.7142857142857143,0.15161290322580645,0.3191489361702128,0.32608695652173914,1.0,0.5096774193548387,0.2974683544303797,0.2974683544303797,0.9361702127659575,0.19047619047619047,0.21428571428571427,0.47619047619047616,0.35,1.0,0.15254237288135594,0.2222222222222222,0.4745762711864407,0.32142857142857145,0.8193548387096774,0.29936305732484075,0.5465042071197411,0.5275325000000002,0.5600915254237288,0.040372670807453416,,0.16272189349112426,0.21893491124260356,6.45142857142857,25.8180487804878,0.19837837837837838,8.0,8.0,3.0,1.0,0.6153846153846154,0.06521739130434782,5.0,11.0,13.0,5.0,3.0,17.0,22.0,5.0,2.0,7.0,,,1.0,1.0,1.0,13.0,0.7727272727272727,0.047619047619047616,0.061224489795918366,0.045454545454545456,0.625,0.5555555555555556,1.0,0.22033898305084745,0.8461538461538461,0.1111111111111111,,,,0.4,,,,,,,,,,,,,False,2.0,
1629162,1610612758,Jordan McLaughlin,Jordan McLaughlin,1629162,SAC,11388.0,190,1,378,385,128.0,144.0,41.0,763,2.0,6.0,,2.0,8.0,2.0,4.0,2.0,10.0,,,,8.0,16.0,1.0,3.0,1.0,5.0,6.0,18.0,10.0,26.0,11.0,53.0,436,1.0,1.0,3.0,5.0,1.0,5.0,5.0,12.0,6.0,6.0,15.0,15.0,1.0,15.0,8.0,,11.0,13.0,24.0,7.0,6.0,4.0,5.0,2.0,61.0,3.0,1.0,5.0,7.0,17.0,4.0,21.0,,11.0,8.0,3.0,10.0,1.0,5.0,1.0,11.0,,5.0,8.0,13.0,,16.0,2.0,3.0,16.0,,4.0,,,,,,12.0,128.0,2.0,4.0,0.5,0.5,0.5,0.38461538461538464,0.3333333333333333,0.2,0.4,0.3333333333333333,0.4772727272727273,0.375,0.2916666666666667,0.5096153846153846,0.5,0.375,0.5909090909090909,,,,14.96437054631829,0.9090909090909091,0.08974358974358974,0.014492753623188406,0.05952380952380952,0.033707865168539325,0.07407407407407407,0.02531645569620253,,0.02564102564102564,,0.03076923076923077,0.041666666666666664,,0.11363636363636363,0.2,0.046875,0.1,,,0.13636363636363635,0.3333333333333333,1.0,0.5,0.18181818181818182,0.25,0.25,,0.09090909090909091,0.5,0.5,1.0,0.22727272727272727,0.2,0.2,1.0,0.36363636363636365,0.5,0.5,0.375,,,0.75,0.3333333333333333,,,,0.4166666666666667,0.2,0.7272727272727273,0.5333333333333333,0.5112302325581396,0.54405,0.5180318181818181,0.08333333333333333,,0.09433962264150944,0.22641509433962265,8.616666666666667,25.77692307692308,0.3386243386243386,,,5.0,1.0,,0.22727272727272727,,1.0,3.0,,2.0,2.0,7.0,4.0,,5.0,,,,,,4.0,0.2857142857142857,0.2222222222222222,0.6666666666666666,,,,,0.25,0.3333333333333333,0.18181818181818182,,,,,,,,,,,1.0,,,2.0,,,False,,
1631099,1610612758,Keegan Murray,Keegan Murray,1631099,SAC,100804.0,1680,47,3449,3458,758.0,790.0,407.0,6907,80.0,107.0,27.0,49.0,117.0,9.0,30.0,29.0,88.0,8.0,6.0,16.0,59.0,184.0,3.0,14.0,8.0,28.0,138.0,254.0,88.0,272.0,44.0,584.0,3964,43.0,7.0,22.0,75.0,14.0,44.0,8.0,110.0,190.0,86.0,264.0,,,184.0,59.0,3.0,39.0,28.0,67.0,15.0,13.0,19.0,12.0,8.0,162.0,61.0,41.0,129.0,93.0,235.0,105.0,340.0,12.0,40.0,24.0,16.0,22.0,7.0,8.0,18.0,40.0,5.0,6.0,67.0,124.0,2.0,53.0,2.0,4.0,54.0,2.0,,39.0,19.0,19.0,41.0,23.0,110.0,756.0,7.0,,0.6884057971014492,0.753968253968254,1.0,0.3235294117647059,0.3181818181818182,0.3181818181818182,0.3235294117647059,0.5433070866141733,0.5133079847908745,0.5153846153846153,0.5,0.5328467153284672,0.5514705882352942,0.514018691588785,0.5171102661596958,0.011029411764705883,,0.016304347826086956,15.030674846625768,0.55,0.11058263971462545,0.047953216374269005,0.15965346534653466,0.07870967741935483,0.13462704669496664,0.06257668711656442,0.06132075471698113,0.03740648379052369,0.05371900826446281,0.08080808080808081,0.0718232044198895,0.13157894736842105,0.10425531914893617,0.0979020979020979,0.15280135823429541,0.1780821917808219,0.043478260869565216,0.5609756097560976,0.20342205323193915,0.7476635514018691,0.8080808080808081,0.725,0.2224334600760456,0.4188034188034188,0.44954128440366975,0.6326530612244898,0.057034220532319393,0.3,0.3,0.6666666666666666,0.16730038022813687,0.32954545454545453,0.32954545454545453,1.0,0.34980988593155893,0.32065217391304346,0.3259668508287293,1.0,0.4153846153846154,0.12307692307692308,0.2153846153846154,0.21428571428571427,1.0,0.1568627450980392,0.375,0.27450980392156865,0.2857142857142857,0.720532319391635,0.32065217391304346,0.544548761904762,0.5561524999999998,0.5342856435643564,0.05474452554744526,0.0072992700729927005,0.1284246575342466,0.18835616438356165,6.678346456692913,25.609926470588245,0.21977384749202666,23.0,24.0,13.0,5.0,0.5348837209302325,0.16455696202531644,16.0,19.0,28.0,4.0,8.0,30.0,58.0,16.0,3.0,14.0,3.0,3.0,,8.0,,28.0,0.5172413793103449,0.06299212598425197,0.07476635514018691,0.06837606837606838,0.5925925925925926,0.5,1.0,0.27450980392156865,0.6785714285714286,0.10218978102189781,2.0,,1.0,0.25,,,2.0,,,,,1.0,3.0,7.0,0.0410958904109589,,False,1.0,
1631165,1610612758,Keon Ellis,Keon Ellis,1631165,SAC,68896.0,1148,62,2311,2346,478.0,563.0,289.0,4657,32.0,44.0,9.0,15.0,32.0,3.0,10.0,35.0,72.0,7.0,10.0,17.0,51.0,128.0,6.0,16.0,13.0,31.0,50.0,86.0,86.0,200.0,44.0,402.0,2691,15.0,8.0,23.0,46.0,23.0,48.0,16.0,97.0,66.0,34.0,246.0,12.0,,128.0,51.0,1.0,36.0,27.0,63.0,13.0,14.0,23.0,9.0,4.0,153.0,25.0,13.0,33.0,52.0,88.0,39.0,127.0,2.0,75.0,39.0,36.0,22.0,5.0,15.0,19.0,41.0,1.0,8.0,49.0,97.0,,62.0,6.0,6.0,51.0,3.0,6.0,34.0,14.0,17.0,38.0,21.0,97.0,477.0,11.0,4.0,0.66,0.7333333333333333,0.9534883720930233,0.43,0.34782608695652173,0.4791666666666667,0.43,0.5813953488372093,0.6258741258741258,0.5263157894736842,0.6230769230769231,0.6547231270358306,0.5476190476190477,0.6554054054054054,0.6993006993006993,0.005,,0.0078125,13.115996967399546,0.5365853658536586,0.09829867674858223,0.024029574861367836,0.060218978102189784,0.044722719141323794,0.07892293407613742,0.034545454545454546,0.028169014084507043,0.01593625498007968,0.033783783783783786,0.04524886877828054,0.042735042735042736,0.1,0.09929078014184398,0.09195402298850575,0.045112781954887216,0.10067114093959731,0.014388489208633094,0.5526315789473685,0.15384615384615385,0.7272727272727273,0.8421052631578947,0.59375,0.11188811188811189,0.46875,0.5,0.8,0.03496503496503497,0.3,0.3,0.6666666666666666,0.2517482517482518,0.4861111111111111,0.4861111111111111,1.0,0.44755244755244755,0.3984375,0.4015748031496063,0.9215686274509803,0.23684210526315788,0.18421052631578946,0.42105263157894735,0.375,0.8333333333333334,0.26153846153846155,0.5882352941176471,0.47692307692307695,0.41935483870967744,0.8531468531468531,0.3984375,0.553465734265734,0.5144583333333335,0.5448484615384614,0.07308970099667775,0.014778325123152709,0.11442786069651742,0.24129353233830847,6.137209302325582,25.116999999999997,0.20683686715707486,8.0,10.0,3.0,4.0,0.5333333333333333,0.05172413793103448,6.0,4.0,7.0,2.0,6.0,6.0,17.0,8.0,5.0,7.0,,3.0,4.0,7.0,1.0,19.0,0.35294117647058826,0.09302325581395349,0.13636363636363635,0.0625,0.6666666666666666,0.2857142857142857,1.0,0.1076923076923077,0.5714285714285714,0.19387755102040816,4.0,,,0.3333333333333333,,,4.0,,,,,1.0,1.0,1.0,0.019230769230769232,,False,3.0,
201942,1610612758,DeMar DeRozan,DeMar DeRozan,201942,SAC,100894.0,1682,93,3476,3451,671.0,703.0,397.0,6927,61.0,80.0,10.0,129.0,267.0,146.0,314.0,21.0,57.0,7.0,2.0,10.0,25.0,74.0,2.0,7.0,2.0,20.0,336.0,661.0,46.0,131.0,228.0,1038.0,3997,54.0,5.0,14.0,78.0,4.0,30.0,64.0,196.0,270.0,402.0,126.0,12.0,2.0,72.0,25.0,1.0,88.0,89.0,177.0,57.0,32.0,45.0,36.0,7.0,443.0,12.0,17.0,83.0,67.0,154.0,29.0,183.0,9.0,51.0,32.0,19.0,43.0,7.0,25.0,21.0,64.0,4.0,15.0,60.0,93.0,2.0,181.0,,7.0,263.0,6.0,9.0,20.0,5.0,14.0,20.0,15.0,196.0,668.0,4.0,8.0,0.4017857142857143,0.4066265060240964,0.9130434782608695,0.3511450381679389,0.35714285714285715,0.13333333333333333,0.35658914728682173,0.5083207261724659,0.5113636363636364,0.4485294117647059,0.4429530201342282,0.5708705357142857,0.52,0.5359116022099447,0.16540404040404041,0.007633587786259542,,0.013513513513513514,24.40203562340967,0.671875,0.08333333333333333,0.01893095768374165,0.10259579728059333,0.015978695073235686,0.0929944203347799,0.01758641600970285,0.02912621359223301,0.02088167053364269,0.007662835249042145,0.012302284710017574,0.027472527472527472,0.037383177570093455,0.1038374717832957,0.08843537414965986,0.10596026490066225,0.09268292682926829,0.024657534246575342,0.75,0.10101010101010101,0.7625,0.8133333333333334,0.5409836065573771,0.3371212121212121,0.48314606741573035,0.5352697095435685,0.3178294573643411,0.39646464646464646,0.46496815286624205,0.47249190938511326,0.4178082191780822,0.07196969696969698,0.3684210526315789,0.3684210526315789,1.0,0.09343434343434344,0.33783783783783783,0.3424657534246575,0.84,0.14705882352941177,0.10294117647058823,0.10294117647058823,0.2857142857142857,1.0,0.06711409395973154,0.2,0.1342281879194631,0.1,0.26641414141414144,0.3472222222222222,0.46529429657794696,0.45403863636363634,0.4538051369863015,0.1488162344983089,0.044444444444444446,0.07514450867052024,0.18882466281310212,12.70650529500756,25.803053435114506,0.1930379746835443,23.0,8.0,4.0,6.0,0.42592592592592593,0.05194805194805195,3.0,16.0,19.0,3.0,17.0,60.0,119.0,36.0,4.0,18.0,1.0,2.0,5.0,35.0,15.0,126.0,0.5042016806722689,0.05446293494704992,0.0625,0.09737827715355805,0.3,0.42857142857142855,1.0,0.12751677852348994,0.8421052631578947,0.1675531914893617,,,,0.3333333333333333,,1.0,,0.01592356687898089,,,1.0,,,3.0,,2.0,False,1.0,
1642269,1610612758,Devin Carter,Devin Carter,1642269,SAC,9975.0,166,-2,342,346,110.0,112.0,44.0,688,9.0,15.0,2.0,4.0,17.0,1.0,1.0,4.0,12.0,2.0,1.0,5.0,6.0,21.0,2.0,2.0,2.0,5.0,14.0,33.0,10.0,33.0,16.0,74.0,387,7.0,3.0,4.0,16.0,3.0,10.0,8.0,29.0,12.0,16.0,24.0,6.0,,21.0,6.0,,13.0,10.0,23.0,10.0,,5.0,4.0,4.0,56.0,3.0,5.0,24.0,8.0,33.0,8.0,41.0,1.0,4.0,3.0,1.0,6.0,2.0,5.0,2.0,8.0,1.0,2.0,10.0,15.0,,21.0,2.0,2.0,22.0,,3.0,2.0,1.0,,3.0,1.0,29.0,110.0,,3.0,0.42857142857142855,0.5454545454545454,0.8,0.30303030303030304,0.75,0.3,0.30303030303030304,0.42424242424242425,0.4393939393939394,0.6818181818181818,0.45652173913043476,0.4805194805194805,0.6666666666666666,0.5,0.5,,,,21.683673469387756,0.75,0.09411764705882353,0.05952380952380952,0.2962962962962963,0.03896103896103896,0.1927710843373494,0.049689440993788817,0.041666666666666664,0.0975609756097561,,0.05263157894736842,,0.06666666666666667,0.09523809523809523,0.15384615384615385,0.2903225806451613,0.3157894736842105,0.02857142857142857,0.3333333333333333,0.22727272727272727,0.6,0.6923076923076923,0.6666666666666666,0.25757575757575757,0.23529411764705882,0.26666666666666666,,0.015151515151515152,1.0,1.0,,0.18181818181818182,0.3333333333333333,0.3333333333333333,0.75,0.3181818181818182,0.2857142857142857,0.2857142857142857,0.8333333333333334,0.18181818181818182,0.18181818181818182,0.18181818181818182,1.0,1.0,0.21739130434782608,0.2,0.21739130434782608,0.4,0.7272727272727273,0.2857142857142857,0.5287930769230769,0.5071166666666667,0.5268931818181819,0.10810810810810811,,0.21621621621621623,0.3918918918918919,5.575757575757576,25.836363636363632,0.3216374269005848,3.0,6.0,1.0,,0.42857142857142855,0.125,1.0,4.0,5.0,1.0,1.0,6.0,13.0,4.0,,1.0,,,,,,8.0,0.46153846153846156,0.12121212121212122,0.13333333333333333,0.11764705882352941,0.5,0.5,,0.21739130434782608,0.8,0.1951219512195122,1.0,,,,,,1.0,,,,1.0,1.0,,1.0,,,False,1.0,
203926,1610612758,Doug McDermott,Doug McDermott,203926,SAC,16619.0,277,17,565,556,132.0,169.0,71.0,1121,4.0,7.0,,,3.0,1.0,3.0,9.0,20.0,1.0,1.0,3.0,24.0,55.0,3.0,7.0,7.0,15.0,5.0,13.0,33.0,75.0,3.0,112.0,651,,3.0,8.0,9.0,8.0,18.0,2.0,28.0,10.0,,99.0,,1.0,54.0,24.0,2.0,3.0,1.0,4.0,1.0,,,1.0,2.0,9.0,1.0,1.0,7.0,9.0,16.0,2.0,18.0,,4.0,2.0,2.0,4.0,,3.0,2.0,6.0,,,14.0,27.0,,3.0,,,5.0,1.0,,1.0,,1.0,2.0,1.0,28.0,132.0,,,1.0,1.0,1.0,0.44,0.375,0.4444444444444444,0.44594594594594594,0.38461538461538464,0.6193181818181818,0.5625,0.5652173913043478,0.6222222222222222,0.5625,0.5833333333333334,0.8522727272727273,0.02666666666666667,,0.03636363636363636,14.906832298136646,0.6666666666666666,0.07258064516129033,0.007246376811594203,0.051470588235294115,0.008064516129032258,0.06153846153846154,0.007633587786259542,,0.014084507042253521,,0.010638297872340425,,0.08108108108108109,0.07142857142857142,0.058823529411764705,0.038834951456310676,0.09090909090909091,,0.5,0.07954545454545454,0.5714285714285714,0.6666666666666666,1.0,0.03409090909090909,,,,0.03409090909090909,0.3333333333333333,0.3333333333333333,1.0,0.22727272727272727,0.45,0.45,1.0,0.625,0.43636363636363634,0.4528301886792453,1.0,,0.125,0.875,0.42857142857142855,1.0,0.13043478260869565,0.3333333333333333,0.6521739130434783,0.4666666666666667,0.9318181818181818,0.4444444444444444,0.5312867816091952,0.5093625,0.5131,0.022222222222222223,0.013157894736842105,0.08035714285714286,0.25,8.1,25.72533333333334,0.2336283185840708,,,,3.0,,,,1.0,3.0,,,1.0,5.0,1.0,,1.0,,,2.0,,,1.0,0.2,0.07692307692307693,0.14285714285714285,,,,,0.13043478260869565,0.3333333333333333,0.07142857142857142,1.0,,,,,,1.0,,,,,,,,,,False,,
203458,1610612758,Alex Len,Alex Len,203458,SAC,15317.0,255,-92,518,518,147.0,163.0,54.0,1036,13.0,19.0,7.0,8.0,15.0,,1.0,,3.0,,,,1.0,3.0,,,,,21.0,35.0,1.0,6.0,7.0,52.0,629,8.0,,,10.0,,,,16.0,32.0,10.0,3.0,,,3.0,1.0,,12.0,18.0,30.0,13.0,5.0,3.0,6.0,3.0,78.0,8.0,16.0,17.0,17.0,39.0,25.0,64.0,3.0,8.0,8.0,,5.0,,3.0,6.0,11.0,2.0,5.0,16.0,34.0,,16.0,1.0,,13.0,,,15.0,6.0,9.0,18.0,11.0,16.0,147.0,1.0,,0.7619047619047619,1.0,1.0,0.16666666666666666,,,0.16666666666666666,0.6,0.5487804878048781,0.625,0.47058823529411764,0.5531914893617021,0.625,0.47058823529411764,0.14634146341463414,,,,10.0,0.45454545454545453,0.15315315315315314,0.12598425196850394,0.136,0.05970149253731343,0.1440677966101695,0.09195402298850575,0.14285714285714285,0.14473684210526316,0.06666666666666667,0.0380952380952381,0.13793103448275862,0.3181818181818182,0.09090909090909091,0.17391304347826086,0.1188118811881188,0.20833333333333334,0.21428571428571427,0.6111111111111112,0.4634146341463415,0.6842105263157895,0.8125,0.6923076923076923,0.36585365853658536,0.5333333333333333,0.5714285714285714,0.875,0.024390243902439025,,,,0.07317073170731707,,,,0.07317073170731707,0.3333333333333333,0.3333333333333333,1.0,0.875,,,,,,,,,0.6097560975609756,0.3333333333333333,0.5371682926829268,0.5939,0.5090941176470588,0.14893617021276595,,0.19230769230769232,0.3076923076923077,4.66,24.3,0.28378378378378377,5.0,10.0,5.0,4.0,0.625,0.25,4.0,5.0,8.0,,,8.0,17.0,4.0,,2.0,,1.0,4.0,1.0,,7.0,0.47058823529411764,0.11428571428571428,0.15789473684210525,0.06666666666666667,0.5714285714285714,,,0.47058823529411764,0.625,0.17073170731707318,3.0,,1.0,,,,3.0,,,1.0,,,1.0,,0.14285714285714285,,False,,
1631222,1610612758,Jake LaRavia,Jake LaRavia,1631222,SAC,4746.0,79,-43,156,163,34.0,50.0,23.0,319,1.0,2.0,2.0,3.0,5.0,,,1.0,3.0,,,,2.0,7.0,1.0,1.0,,2.0,4.0,7.0,3.0,10.0,,17.0,217,2.0,1.0,1.0,5.0,,2.0,,,2.0,6.0,9.0,,1.0,6.0,2.0,,4.0,2.0,6.0,2.0,,2.0,,2.0,14.0,6.0,3.0,1.0,2.0,4.0,9.0,13.0,,3.0,2.0,1.0,3.0,2.0,2.0,3.0,6.0,1.0,2.0,7.0,11.0,,6.0,2.0,2.0,2.0,,,2.0,1.0,,2.0,2.0,,34.0,,,0.25,0.3333333333333333,1.0,0.3,1.0,,0.3333333333333333,0.5714285714285714,0.5,0.8333333333333334,,0.4722222222222222,0.8333333333333334,,0.5882352941176471,,,,12.972972972972972,0.5,0.09090909090909091,0.07142857142857142,0.029411764705882353,0.15384615384615385,0.05357142857142857,0.1111111111111111,0.08333333333333333,,0.16666666666666666,0.15625,0.14285714285714285,,0.1111111111111111,0.1111111111111111,,0.06666666666666667,,1.0,0.11764705882352941,0.5,0.5,,0.29411764705882354,0.6,0.75,0.3333333333333333,,,,,0.17647058823529413,0.3333333333333333,0.3333333333333333,1.0,0.4117647058823529,0.2857142857142857,0.2857142857142857,1.0,0.6666666666666666,,0.3333333333333333,1.0,1.0,,,0.6666666666666666,,0.7058823529411765,0.3333333333333333,0.517746875,0.480275,0.46295,0.05555555555555555,,0.29411764705882354,,4.685714285714285,26.76,0.21794871794871795,1.0,2.0,1.0,,0.5,0.25,1.0,,1.0,,,,1.0,1.0,1.0,1.0,,,,,,1.0,,0.14285714285714285,,0.2,0.5,,,0.3333333333333333,,0.125,,,,,,,,,,,,,,,,,False,1.0,
1642403,1610612758,Isaac Jones,Isaac Jones,1642403,SAC,13547.0,226,-53,471,473,154.0,152.0,54.0,944,28.0,36.0,6.0,12.0,21.0,,,1.0,2.0,,1.0,2.0,,2.0,,,,1.0,40.0,57.0,1.0,4.0,14.0,97.0,561,8.0,,,12.0,1.0,3.0,1.0,28.0,66.0,14.0,3.0,,,2.0,,1.0,3.0,5.0,8.0,5.0,,,2.0,1.0,21.0,7.0,6.0,8.0,15.0,24.0,14.0,38.0,2.0,3.0,1.0,2.0,7.0,2.0,2.0,5.0,12.0,3.0,4.0,15.0,26.0,,24.0,4.0,,26.0,,1.0,8.0,4.0,4.0,8.0,4.0,28.0,154.0,2.0,1.0,0.825,0.868421052631579,1.0,0.25,,0.3333333333333333,0.25,0.7017543859649122,0.680327868852459,0.75,0.6428571428571429,0.6830985915492958,0.6666666666666666,0.6086956521739131,0.06557377049180328,0.25,0.5,,15.427509293680298,0.5833333333333334,0.16129032258064516,0.05405405405405406,0.07547169811320754,0.0707070707070707,0.11557788944723618,0.06190476190476191,0.02857142857142857,0.03571428571428571,0.15,0.08823529411764706,0.03225806451612903,0.20689655172413793,0.14,0.14285714285714285,0.08536585365853659,0.041666666666666664,0.25,0.5,0.5901639344262295,0.7777777777777778,0.9032258064516129,0.8928571428571429,0.3442622950819672,0.5714285714285714,0.75,0.6666666666666666,,,,,0.03278688524590164,0.5,1.0,1.0,0.03278688524590164,,,,0.75,,,,,0.09523809523809523,0.5,0.047619047619047616,,0.6557377049180327,,0.5683598360655737,0.575075,0.5113761904761904,0.21428571428571427,,0.12371134020618557,0.28865979381443296,3.1526315789473687,24.15,0.32696390658174096,6.0,4.0,1.0,3.0,0.75,0.0625,4.0,5.0,7.0,,,12.0,18.0,10.0,,5.0,1.0,,1.0,6.0,,15.0,0.6666666666666666,0.17543859649122806,0.1388888888888889,0.23809523809523808,0.6666666666666666,,,0.3333333333333333,0.7142857142857143,0.22727272727272727,,,2.0,0.5,,,,,,,,,1.0,,0.07142857142857142,,False,,
1641732,1610612758,Colby Jones,Colby Jones,1641732,SAC,7786.0,130,4,264,268,64.0,74.0,35.0,532,2.0,2.0,,3.0,11.0,2.0,3.0,,2.0,,,,4.0,8.0,1.0,2.0,1.0,2.0,7.0,16.0,4.0,10.0,,26.0,284,3.0,1.0,2.0,3.0,1.0,2.0,,7.0,8.0,6.0,12.0,,,8.0,4.0,,2.0,5.0,7.0,4.0,1.0,,2.0,,19.0,5.0,3.0,9.0,6.0,15.0,8.0,23.0,,6.0,4.0,2.0,4.0,1.0,3.0,3.0,7.0,2.0,3.0,6.0,13.0,,5.0,2.0,1.0,,,,7.0,4.0,3.0,7.0,5.0,7.0,64.0,2.0,,0.5714285714285714,0.5714285714285714,1.0,0.4,0.5,0.5,0.4,0.4375,0.5,0.3,0.5,0.5,0.3,0.5,0.38461538461538464,,,,10.714285714285714,0.5714285714285714,0.09836065573770492,0.04477611940298507,0.15,0.0847457627118644,0.12396694214876033,0.06349206349206349,0.07142857142857142,0.05263157894736842,,0.10638297872340426,,0.05555555555555555,0.16129032258064516,,0.14,0.2,,0.7142857142857143,0.07692307692307693,1.0,1.0,0.5,0.4230769230769231,0.2727272727272727,0.375,0.6666666666666666,0.11538461538461539,0.6666666666666666,0.6666666666666666,0.5,0.07692307692307693,,,,0.3076923076923077,0.5,0.5,1.0,,,0.4,0.5,1.0,,,0.2857142857142857,0.5,0.46153846153846156,0.5,0.49349807692307684,0.4738,0.42012857142857146,,,0.11538461538461539,0.2692307692307692,9.312500000000002,24.8,0.24242424242424243,,,,1.0,,,,,,,,2.0,5.0,3.0,,1.0,1.0,1.0,,,,,0.4,0.1875,,0.2727272727272727,,,,,,,,,,,,,,,,,,,,,,,False,,
1628365,1610612758,Markelle Fultz,Markelle Fultz,1628365,SAC,2029.0,34,-2,66,64,4.0,16.0,9.0,130,,,,4.0,9.0,2.0,5.0,,,,,,,,,,,,6.0,14.0,,,,12.0,73,,,,,,,,2.0,6.0,6.0,,,,,,,3.0,2.0,5.0,2.0,,2.0,1.0,,12.0,,2.0,1.0,1.0,2.0,2.0,4.0,1.0,4.0,1.0,3.0,3.0,1.0,2.0,2.0,5.0,,1.0,2.0,4.0,1.0,,,,,,,,,,,,2.0,4.0,1.0,,0.5,0.5,,,,,,0.42857142857142855,0.42857142857142855,,1.0,0.42857142857142855,,1.0,,,,,25.0,0.6,0.07142857142857142,0.1111111111111111,0.0625,,0.06666666666666667,0.06666666666666667,,0.15384615384615385,,,,,0.1111111111111111,,,0.14285714285714285,0.16666666666666666,,,,,,0.6428571428571429,0.4444444444444444,0.5714285714285714,0.5,0.35714285714285715,0.4,0.4,0.5,,,,,,,,,,,,,,,,,,,,0.4183071428571429,,0.4063,,,,0.16666666666666666,10.749999999999998,,0.06060606060606061,,,,,,,,,,,,1.0,1.0,2.0,,1.0,,,,,,,1.0,0.14285714285714285,,0.2222222222222222,,,,,,,,,,,,,,,,,,,,,,,False,,
1642384,1610612758,Isaiah Crawford,Isaiah Crawford,1642384,SAC,1539.0,26,17,56,54,20.0,32.0,8.0,110,,,,3.0,4.0,,,,,,,,,2.0,,,,1.0,3.0,4.0,,2.0,1.0,7.0,49,,,,,,1.0,1.0,3.0,6.0,,,,,2.0,,,,,,,,,,,,,,3.0,2.0,7.0,,7.0,,1.0,1.0,,,,,,,,,,1.0,,1.0,,,2.0,,1.0,1.0,,1.0,1.0,,3.0,20.0,,1.0,1.0,1.0,,,,,,0.75,0.5,,0.3333333333333333,0.5,,0.375,0.3333333333333333,,,,10.769230769230768,,0.15384615384615385,,0.25,,0.2,,,,,,,0.25,0.1111111111111111,,0.25,0.25,,,,,,,0.6666666666666666,0.75,0.75,1.0,,,,,,,,,0.3333333333333333,,,,,,,,,,,0.3333333333333333,,0.3333333333333333,,0.4479666666666666,,0.46046666666666664,,,,0.42857142857142855,7.675000000000001,28.450000000000003,0.35714285714285715,,,2.0,,,0.6666666666666666,,,,,,1.0,2.0,,,,,,,,,,0.5,,,,,,,,,,,,,,,,,,,,,,,,,,False,,
1631115,1610612758,Orlando Robinson,Orlando Robinson,1631115,SAC,3427.0,57,5,111,112,39.0,48.0,14.0,223,4.0,6.0,1.0,2.0,5.0,,1.0,,1.0,,,1.0,1.0,4.0,,,,1.0,6.0,12.0,1.0,5.0,4.0,19.0,128,2.0,,,3.0,,2.0,1.0,5.0,10.0,2.0,3.0,,,4.0,1.0,,4.0,5.0,9.0,4.0,1.0,2.0,2.0,,23.0,3.0,,3.0,5.0,11.0,3.0,14.0,,3.0,1.0,2.0,3.0,,,1.0,4.0,,,4.0,6.0,,5.0,1.0,,7.0,,,,,,1.0,,5.0,39.0,,,0.8333333333333334,1.0,1.0,0.2,,,0.2,0.5,0.4411764705882353,0.5,0.4,0.475,0.5,0.4166666666666667,0.29411764705882354,,,,18.89763779527559,0.75,0.2631578947368421,,0.10714285714285714,0.11538461538461539,0.1702127659574468,0.06666666666666667,,,,0.13043478260869565,,0.16666666666666666,0.2857142857142857,0.3333333333333333,0.14285714285714285,,,,0.35294117647058826,0.6666666666666666,0.6666666666666666,0.75,0.29411764705882354,0.4,0.4,1.0,0.058823529411764705,,,,0.058823529411764705,,,,0.23529411764705882,0.25,0.25,1.0,0.5,,,,,0.2,,0.2,,0.6470588235294118,0.25,0.5364676470588235,0.4411,0.58668,0.2,,0.15789473684210525,0.2631578947368421,4.841666666666667,25.859999999999996,0.35135135135135137,1.0,2.0,3.0,1.0,0.5,0.42857142857142855,1.0,2.0,3.0,,1.0,2.0,3.0,,,3.0,,,1.0,1.0,,4.0,0.6666666666666666,,,,1.0,,,0.6,0.6666666666666666,0.26666666666666666,1.0,,,,,,1.0,,,,,,,,,,False,,
203109,1610612758,Jae Crowder,Jae Crowder,203109,SAC,5493.0,92,-14,182,187,38.0,61.0,24.0,369,1.0,1.0,,1.0,3.0,1.0,1.0,2.0,7.0,1.0,1.0,2.0,1.0,5.0,,1.0,,1.0,3.0,5.0,3.0,12.0,5.0,20.0,213,2.0,,2.0,2.0,1.0,3.0,,5.0,4.0,2.0,9.0,,,5.0,1.0,,3.0,1.0,4.0,,1.0,2.0,1.0,,9.0,3.0,2.0,5.0,4.0,11.0,6.0,17.0,,3.0,2.0,1.0,4.0,,4.0,,4.0,3.0,,8.0,10.0,,3.0,,,6.0,2.0,,,,,,,5.0,38.0,1.0,,0.6666666666666666,1.0,1.0,0.25,,0.3333333333333333,0.25,0.6,0.4411764705882353,0.25,0.5,0.5263157894736842,0.25,0.5,0.7058823529411765,,,,10.849056603773585,1.0,0.11428571428571428,0.046511627906976744,0.10416666666666667,0.061224489795918366,0.10843373493975904,0.05434782608695652,,0.041666666666666664,0.09090909090909091,0.05555555555555555,0.07692307692307693,0.09090909090909091,0.10526315789473684,0.2,0.14705882352941177,,,,0.058823529411764705,1.0,1.0,1.0,0.17647058823529413,0.3333333333333333,0.5,,0.058823529411764705,1.0,1.0,1.0,0.4117647058823529,0.2857142857142857,0.2857142857142857,1.0,0.29411764705882354,0.2,0.2,1.0,,0.25,0.25,,,0.4,0.5,0.2,,0.7647058823529411,0.2,0.5173647058823531,0.46814999999999996,0.50537,0.10526315789473684,0.14285714285714285,0.1,0.25,10.0,24.50833333333333,0.2087912087912088,1.0,2.0,2.0,,0.5,0.4,,,,,,1.0,2.0,1.0,,,,,,,,,0.5,0.2,,0.3333333333333333,,,,,,,,,,,,,,,,,,,1.0,,0.16666666666666666,,False,,
1630222,1610612758,Mason Jones,Mason Jones,1630222,SAC,2177.0,36,4,74,76,33.0,39.0,10.0,150,3.0,3.0,,5.0,7.0,,,,1.0,,,1.0,1.0,6.0,1.0,2.0,1.0,4.0,8.0,10.0,1.0,7.0,2.0,21.0,81,1.0,1.0,2.0,5.0,1.0,5.0,1.0,10.0,8.0,8.0,3.0,,,6.0,1.0,,6.0,4.0,10.0,3.0,1.0,4.0,1.0,1.0,24.0,2.0,,5.0,1.0,6.0,2.0,8.0,,,,,1.0,,1.0,,1.0,,1.0,1.0,3.0,,2.0,,,3.0,,,,,,,,10.0,33.0,,,0.5,0.5,1.0,0.14285714285714285,0.5,0.2,0.14285714285714285,0.8,0.5588235294117647,0.8333333333333334,0.5,0.5833333333333334,0.8333333333333334,0.5,0.4117647058823529,,,,22.093023255813954,1.0,0.07142857142857142,,0.2777777777777778,0.11764705882352941,0.1875,0.07142857142857142,,,,0.13333333333333333,,,,1.0,0.3076923076923077,0.2,,,0.17647058823529413,1.0,1.0,0.6666666666666666,0.4117647058823529,0.7142857142857143,0.7142857142857143,0.4,,,,,0.058823529411764705,,,,0.35294117647058826,0.16666666666666666,0.16666666666666666,1.0,,,0.6666666666666666,0.5,1.0,0.1111111111111111,,0.4444444444444444,0.25,0.5882352941176471,0.16666666666666666,0.5113676470588234,,0.5428555555555555,0.1111111111111111,,0.23809523809523808,0.47619047619047616,5.629999999999999,27.157142857142855,0.44594594594594594,1.0,,,1.0,1.0,,,2.0,2.0,,,3.0,4.0,,,,,,,1.0,,2.0,0.75,,,,,,,0.2222222222222222,1.0,0.18181818181818182,,,,,,,,,,,,,,,,,False,,
202685,1610612758,Jonas Valančiūnas,Jonas Valančiūnas,202685,SAC,3163.0,53,-17,105,108,17.0,26.0,19.0,213,8.0,12.0,9.0,1.0,6.0,,,,,,,,,1.0,,,,,9.0,18.0,,1.0,2.0,20.0,136,10.0,,,15.0,,,1.0,1.0,4.0,14.0,,,,1.0,,,,,,,,,,,,3.0,9.0,6.0,1.0,9.0,12.0,21.0,1.0,2.0,,2.0,,1.0,,7.0,7.0,1.0,,4.0,12.0,,4.0,1.0,,4.0,,1.0,,,,,,1.0,17.0,,1.0,0.2222222222222222,0.6666666666666666,,,,,,0.5,0.47368421052631576,0.7,,0.47619047619047616,0.6818181818181818,0.5,0.05263157894736842,,,,21.21212121212121,,0.07692307692307693,0.2727272727272727,0.2608695652173913,0.1111111111111111,0.19444444444444445,0.2,0.23076923076923078,0.14285714285714285,0.6666666666666666,0.08695652173913043,0.25,,,0.3333333333333333,0.3333333333333333,0.18181818181818182,0.1111111111111111,,0.631578947368421,0.6666666666666666,0.7272727272727273,0.25,0.3157894736842105,0.16666666666666666,0.16666666666666666,,,,,,,,,,0.05263157894736842,,,,0.9,,,,,,,,,0.6842105263157895,,0.502028947368421,0.4731571428571427,,0.05,,0.75,0.05,3.627777777777778,25.8,0.1619047619047619,7.0,12.0,2.0,2.0,0.7,0.5,6.0,,,,1.0,,,1.0,2.0,,,,4.0,,,1.0,,0.05555555555555555,0.08333333333333333,,0.6666666666666666,,,,,0.05263157894736842,,,,,,,,,,,,,,,,,False,,
1627746,1610612758,Skal Labissiere,Skal Labissiere,1627746,SAC,364.0,6,-1,13,11,4.0,4.0,2.0,24,,,,1.0,1.0,,,,,,,,1.0,1.0,,,1.0,1.0,1.0,1.0,1.0,1.0,,5.0,20,,,,,1.0,1.0,,5.0,2.0,,3.0,,,1.0,1.0,,,1.0,1.0,,1.0,,,,3.0,1.0,,,,,1.0,1.0,,,,,,,,,,,,1.0,1.0,,,,,,,,,,,,,5.0,4.0,,,1.0,1.0,1.0,1.0,,1.0,1.0,1.0,1.25,,1.25,1.25,,1.25,0.5,,,,13.333333333333334,,,,,0.3333333333333333,,0.25,,,,0.3333333333333333,,,,,,,,,,,,,0.5,1.0,1.0,1.0,,,,,,,,,0.5,1.0,1.0,1.0,,,,,,,,0.5,1.0,0.5,1.0,0.4475,,0.4475,,,,1.0,10.3,27.7,0.3076923076923077,,,,,,,,,,,,1.0,1.0,,,,,,,,,,1.0,,,,,,,,,,,,,,,,,,,,1.0,,,,,,False,,
