EntityId,TeamId,Name,ShortName,RowId,TeamAbbreviation,SecondsPlayed,Minutes,PlusMinus,OffPoss,DefPoss,PenaltyOffPoss,PenaltyDefPoss,SecondChanceOffPoss,TotalPoss,AtRimFGA,ShortMidRangeFGA,Corner3FGA,Arc3FGA,FG2A,FG3A,FtPoints,Points,OpponentPoints,NonHeaveArc3FGA,Fg3aBlocked,TwoPtAssists,ThreePtAssists,Assists,Arc3Assists,Corner3Assists,ShortMidRangeAssists,AssistPoints,DefTwoPtRebounds,DefRebounds,Rebounds,LiveBallTurnovers,BadPassTurnovers,DeadBallTurnovers,LostBallOutOfBoundsTurnovers,LostBallTurnovers,Turnovers,PenaltyTurnovers,ShootingFouls,Fouls,FoulsDrawn,FTA,TwoPtShootingFoulsDrawn,NonShootingFoulsDrawn,Blocked2s,BlockedAtRim,Blocks,PenaltyOffPossExcludingTakeFouls,NonShootingPenaltyNonTakeFoulsDrawn,TsPct,FG3APct,FG3APctBlocked,Arc3PctBlocked,Usage,LiveBallTurnoverPct,DefTwoPtReboundPct,DefFGReboundPct,DefLongMidRangeReboundPct,AtRimFrequency,ShortMidRangeFrequency,Corner3Frequency,Arc3Frequency,AtRimFG3AFrequency,ShotQualityAvg,ShootingFoulsDrawnPct,TwoPtShootingFoulsDrawnPct,Avg2ptShotDistance,Avg3ptShotDistance,PenaltyOffPossPct,AtRimFGM,SecondChanceAtRimFGM,SecondChanceAtRimFGA,PenaltyAtRimFGM,PenaltyAtRimFGA,LongMidRangeFGA,Arc3FGM,PenaltyArc3FGA,FG2M,FG3M,SecondChanceFG2M,SecondChanceFG2A,SecondChancePoints,PenaltyFG2M,PenaltyFG2A,PenaltyFG3A,PenaltyPoints,PtsAssisted2s,PtsAssisted3s,NonHeaveArc3FGM,OffThreePtRebounds,OffTwoPtRebounds,DefThreePtRebounds,OffRebounds,SelfOReb,Loose Ball Fouls Drawn,RecoveredBlocks,PenaltyPointsExcludingTakeFouls,Assisted2sPct,NonPutbacksAssisted2sPct,Assisted3sPct,Fg3Pct,NonHeaveFg3Pct,Fg2Pct,SecondChanceFg2Pct,PenaltyFg2Pct,EfgPct,SecondChanceEfgPct,PenaltyEfgPct,SecondChanceTsPct,PenaltyTsPct,OffTwoPtReboundPct,DefThreePtReboundPct,OffThreePtReboundPct,OffFGReboundPct,OffAtRimReboundPct,OffShortMidRangeReboundPct,OffArc3ReboundPct,DefAtRimReboundPct,DefShortMidRangeReboundPct,DefArc3ReboundPct,DefCorner3ReboundPct,SelfORebPct,BlocksRecoveredPct,AtRimAccuracy,UnblockedAtRimAccuracy,AtRimPctAssisted,LongMidRangeFrequency,Arc3Accuracy,UnblockedArc3Accuracy,Arc3PctAssisted,SecondChanceAtRimFrequency,SecondChanceAtRimAccuracy,SecondChanceAtRimPctAssisted,PenaltyAtRimFrequency,PenaltyAtRimAccuracy,PenaltyArc3Frequency,NonHeaveArc3Accuracy,SecondChanceShotQualityAvg,PenaltyShotQualityAvg,SecondChancePointsPct,PenaltyPointsPct,ShortMidRangeFGM,Corner3FGM,PenaltyCorner3FGA,PtsUnassisted2s,PtsPutbacks,Fg2aBlocked,AtRimAssists,FTOffRebounds,FTDefRebounds,Steals,BadPassSteals,SecondChanceTurnovers,2pt And 1 Free Throw Trips,FG2APctBlocked,AtRimPctBlocked,DefFTReboundPct,OffFTReboundPct,ShortMidRangeAccuracy,UnblockedShortMidRangeAccuracy,ShortMidRangePctAssisted,Corner3Accuracy,UnblockedCorner3Accuracy,Corner3PctAssisted,PenaltyCorner3Frequency,LongMidRangeFGM,SecondChanceArc3FGA,PenaltyArc3FGM,SecondChanceFG3A,SecondChanceFtPoints,PenaltyFG3M,PenaltyFtPoints,LongMidRangeAssists,Loose Ball Fouls,BlockedShortMidRange,NonShootingPenaltyNonTakeFouls,PenaltyFg3Pct,ShortMidRangePctBlocked,LongMidRangeAccuracy,UnblockedLongMidRangeAccuracy,LongMidRangePctAssisted,SecondChanceArc3Frequency,PenaltyArc3Accuracy,LostBallSteals,BadPassOutOfBoundsTurnovers,Offensive Fouls,Offensive Fouls Drawn,Blocked3s,BlockedArc3,OffCorner3ReboundPct,SecondChanceArc3FGM,SecondChanceFG3M,SecondChanceFg3Pct,OffLongMidRangeReboundPct,SecondChanceArc3Accuracy,SecondChanceArc3PctAssisted,PtsUnassisted3s,Travels,on,SecondChanceCorner3FGM,SecondChanceCorner3FGA,StepOutOfBoundsTurnovers,Charge Fouls,Transition Take Fouls Drawn,Technical Free Throw Trips,ThreePtShootingFoulsDrawn,3SecondViolations,LongMidRangePctBlocked,SecondChanceCorner3Frequency,SecondChanceCorner3Accuracy,SecondChanceCorner3PctAssisted,ThreePtShootingFoulsDrawnPct,PenaltyCorner3FGM,PenaltyCorner3Accuracy,Transition Take Fouls,Charge Fouls Drawn,DefensiveGoaltends,BlockedLongMidRange,Defensive 3 Seconds Violations,HeaveAttempts,BlockedCorner3,3pt And 1 Free Throw Trips,Corner3PctBlocked,OffensiveGoaltends,Clear Path Fouls
1627742,1610612740,Brandon Ingram,Brandon Ingram,1627742,NOP,1131.0,19,6.0,42,43,12.0,14.0,2.0,85,1.0,1.0,1.0,3.0,2.0,4.0,2.0,2.0,41,3.0,1.0,2.0,2.0,4.0,1.0,1.0,2.0,10.0,1.0,1.0,1.0,2.0,1.0,1.0,1.0,1.0,3.0,1.0,1.0,1.0,2.0,4.0,1.0,1.0,1.0,1.0,1.0,12.0,1.0,0.125,0.6666666666666666,0.25,0.3333333333333333,25.0,0.6666666666666666,0.08333333333333333,0.047619047619047616,0.5,0.16666666666666666,0.16666666666666666,0.16666666666666666,0.5,0.8333333333333334,0.5623,0.14285714285714285,0.3333333333333333,2.95,25.8,0.2857142857142857,,,,,,,,,,,,,,,,,,,,,,,,,,,,,,,,,,,,,,,,,,,,,,,,,,,,,,,,,,,,,,,,,,,,,,,,,,,,,,,,,,,,,,,,,,,,,,,,,,,,,,,,,,,,,,,,,,,,,,,,,,,,,,,,,,True,,,,,,,,,,,,,,,,,,,,,,,,,,
1628464,1610612740,Daniel Theis,Daniel Theis,1628464,NOP,2211.0,37,-12.0,75,75,13.0,14.0,7.0,150,4.0,1.0,,2.0,6.0,2.0,,7.0,83,2.0,,1.0,1.0,2.0,1.0,,1.0,5.0,4.0,8.0,11.0,,,,,,,,4.0,4.0,1.0,,,,4.0,4.0,4.0,13.0,,0.4375,0.25,,,9.63855421686747,,0.2857142857142857,0.21621621621621623,,0.5,0.125,,0.25,0.75,0.554225,,,5.3,25.25,0.17333333333333334,2.0,1.0,3.0,1.0,1.0,1.0,1.0,1.0,2.0,1.0,1.0,3.0,2.0,1.0,1.0,1.0,2.0,4.0,3.0,1.0,1.0,2.0,4.0,3.0,1.0,1.0,3.0,2.0,1.0,1.0,1.0,0.5,0.5,0.3333333333333333,0.3333333333333333,1.0,0.4375,0.3333333333333333,0.5,0.3333333333333333,0.5,0.08,0.17391304347826086,0.05555555555555555,0.06976744186046512,0.1111111111111111,0.09090909090909091,0.07142857142857142,0.42857142857142855,0.16666666666666666,0.11764705882352941,0.3333333333333333,0.2,0.75,0.5,0.5,1.0,0.125,0.5,0.5,1.0,1.0,0.3333333333333333,1.0,0.5,1.0,0.5,0.5,0.5314333333333333,0.59105,0.2857142857142857,0.2857142857142857,,,,,,,,,,,,,,,,,,,,,,,,,,,,,,,,,,,,,,,,,,,,,,,,,,,,,,,,,,True,,,,,,,,,,,,,,,,,,,,,,,,,,
1629750,1610612740,Javonte Green,Javonte Green,1629750,NOP,3908.0,65,-1.0,137,138,16.0,14.0,16.0,275,11.0,2.0,5.0,4.0,13.0,9.0,2.0,30.0,160,4.0,,3.0,2.0,5.0,1.0,1.0,1.0,12.0,4.0,7.0,9.0,3.0,2.0,,,1.0,3.0,,3.0,3.0,3.0,3.0,2.0,,2.0,2.0,2.0,16.0,,0.6521739130434783,0.4090909090909091,,,16.99346405228758,1.0,0.13793103448275862,0.08,,0.5,0.09090909090909091,0.22727272727272727,0.18181818181818182,0.9090909090909091,0.6177295454545454,0.08695652173913043,0.14285714285714285,2.461538461538462,24.65555555555556,0.11678832116788321,7.0,2.0,2.0,,,,1.0,,8.0,4.0,2.0,3.0,4.0,,,1.0,,10.0,12.0,1.0,,1.0,2.0,2.0,,,1.0,,0.625,0.7142857142857143,1.0,0.4444444444444444,0.4444444444444444,0.6153846153846154,0.6666666666666666,,0.6363636363636364,0.6666666666666666,,0.6666666666666666,,0.034482758620689655,0.043478260869565216,,0.017241379310344827,,0.1,,0.15789473684210525,0.125,0.02702702702702703,0.1111111111111111,,0.5,0.6363636363636364,0.7,0.5714285714285714,,0.25,0.25,1.0,0.6666666666666666,1.0,0.5,,,,0.25,0.544,0.6039,0.13333333333333333,,1.0,3.0,1.0,6.0,2.0,1.0,2.0,1.0,1.0,2.0,2.0,1.0,1.0,0.07692307692307693,0.09090909090909091,0.3333333333333333,0.16666666666666666,0.5,0.5,1.0,0.6,0.6,1.0,1.0,,,,,,,,,,,,,,,,,,,,,,,,,,,,,,,,,,True,,,,,,,,,,,,,,,,,,,,,,,,,,
1630530,1610612740,Trey Murphy III,Trey Murphy III,1630530,NOP,4520.0,75,10.0,160,156,32.0,32.0,16.0,316,11.0,8.0,2.0,16.0,20.0,18.0,6.0,50.0,154,16.0,,6.0,1.0,7.0,1.0,,2.0,15.0,1.0,8.0,10.0,,,,,,,,,3.0,8.0,11.0,6.0,,2.0,1.0,2.0,32.0,,0.5813953488372093,0.47368421052631576,,,24.022346368715084,,0.027777777777777776,0.07954545454545454,,0.2894736842105263,0.21052631578947367,0.05263157894736842,0.42105263157894735,0.7631578947368421,0.5288723684210527,0.13953488372093023,0.24,4.645,27.21111111111111,0.2,8.0,2.0,2.0,,2.0,1.0,7.0,5.0,10.0,8.0,2.0,2.0,6.0,,4.0,5.0,10.0,18.0,24.0,7.0,,2.0,6.0,2.0,2.0,,2.0,10.0,0.9,1.0,1.0,0.4444444444444444,0.4444444444444444,0.5,1.0,,0.5789473684210527,0.6666666666666666,0.5,0.75,0.5,0.045454545454545456,0.11538461538461539,,0.024691358024691357,,0.1,,,0.08333333333333333,0.15384615384615385,,0.10526315789473684,1.0,0.7272727272727273,0.7272727272727273,0.875,0.02631578947368421,0.4375,0.4375,1.0,0.6666666666666666,1.0,0.5,0.2222222222222222,,0.5555555555555556,0.4375,0.6156,0.4101888888888889,0.12,0.2,1.0,1.0,,2.0,2.0,1.0,3.0,,1.0,1.0,1.0,,1.0,0.05,,0.16666666666666666,,0.125,0.14285714285714285,1.0,0.5,0.5,1.0,,1.0,1.0,3.0,1.0,2.0,3.0,1.0,1.0,1.0,1.0,2.0,0.6,0.125,1.0,1.0,1.0,0.3333333333333333,0.6,,,,,,,,,,,,,,,,True,,,,,,,,,,,,,,,,,,,,,,,,,,
203901,1610612740,Elfrid Payton,Elfrid Payton,203901,NOP,8626.0,144,-11.0,296,294,67.0,57.0,35.0,590,11.0,30.0,,1.0,45.0,1.0,1.0,47.0,334,1.0,,35.0,13.0,48.0,9.0,4.0,4.0,109.0,10.0,19.0,24.0,17.0,14.0,3.0,,3.0,20.0,8.0,4.0,10.0,2.0,2.0,1.0,,2.0,1.0,3.0,67.0,,0.5,0.021739130434782608,,,20.0,0.85,0.15151515151515152,0.11728395061728394,0.2727272727272727,0.2391304347826087,0.6521739130434783,,0.021739130434782608,0.2608695652173913,0.46643260869565223,0.02127659574468085,0.021739130434782608,7.40888888888889,33.7,0.22635135135135134,5.0,2.0,2.0,1.0,2.0,4.0,,1.0,23.0,,2.0,3.0,5.0,5.0,9.0,1.0,11.0,8.0,,,2.0,3.0,9.0,5.0,,,1.0,11.0,0.17391304347826086,0.18181818181818182,,,,0.5111111111111111,0.6666666666666666,0.5555555555555556,0.5,0.6666666666666666,0.5,0.625,0.5,0.036585365853658534,0.09375,0.03508771929824561,0.03597122302158273,0.06060606060606061,0.027777777777777776,0.025,0.17647058823529413,0.047619047619047616,0.11267605633802817,0.04,,0.3333333333333333,0.45454545454545453,0.5555555555555556,0.2,0.08695652173913043,,,,0.6666666666666666,1.0,,0.2,0.5,0.1,,0.52895,0.40005000000000007,0.10638297872340426,0.23404255319148937,17.0,,,38.0,2.0,4.0,27.0,,,10.0,6.0,,,0.08888888888888889,0.18181818181818182,,,0.5666666666666667,0.6071428571428571,0.17647058823529413,,,,,1.0,,,,1.0,,1.0,4.0,,1.0,2.0,,0.06666666666666667,0.25,0.25,,,,4.0,2.0,1.0,1.0,1.0,1.0,0.058823529411764705,,,,,,,,,True,,,,,,,,,,,,,,,,,,,,,,,,,,
1630526,1610612740,Jeremiah Robinson-Earl,Jeremiah Robinson-Earl,1630526,NOP,4849.0,81,-21.0,162,164,52.0,45.0,21.0,326,17.0,2.0,5.0,5.0,21.0,10.0,2.0,37.0,194,5.0,,3.0,1.0,4.0,1.0,,,9.0,6.0,18.0,25.0,2.0,2.0,,,,2.0,1.0,,3.0,2.0,4.0,2.0,,,,,52.0,,0.5606060606060606,0.3225806451612903,,,19.12568306010929,1.0,0.16216216216216217,0.15384615384615385,0.14285714285714285,0.5483870967741935,0.06451612903225806,0.16129032258064516,0.16129032258064516,0.8709677419354839,0.6044177419354839,0.06060606060606061,0.08695652173913043,3.0,24.290000000000003,0.32098765432098764,12.0,4.0,5.0,8.0,10.0,2.0,1.0,1.0,13.0,3.0,4.0,5.0,11.0,9.0,11.0,3.0,18.0,18.0,9.0,1.0,,6.0,8.0,7.0,,,,18.0,0.6923076923076923,1.0,1.0,0.3,0.3,0.6190476190476191,0.8,0.8181818181818182,0.5645161290322581,0.9166666666666666,0.6428571428571429,0.9166666666666666,0.6428571428571429,0.13043478260869565,0.14814814814814814,,0.0821917808219178,0.13333333333333333,0.13043478260869565,,0.125,0.21428571428571427,0.13513513513513514,0.17647058823529413,,,0.7058823529411765,0.8571428571428571,0.6666666666666666,0.06451612903225806,0.2,0.2,1.0,0.8333333333333334,0.8,,0.7142857142857143,0.8,0.07142857142857142,0.2,0.5411583333333333,0.5977285714285714,0.2972972972972973,0.4864864864864865,,2.0,2.0,8.0,8.0,4.0,2.0,1.0,4.0,2.0,2.0,1.0,,0.19047619047619047,0.17647058823529413,0.4444444444444444,0.14285714285714285,,,,0.4,0.4,1.0,0.14285714285714285,1.0,1.0,,1.0,,,,1.0,2.0,,1.0,,0.5,0.5,0.5,1.0,0.16666666666666666,,,,,,,,,1.0,1.0,1.0,0.125,1.0,1.0,,,True,,,,,,,,,,,,,,,,,,,,,,,,,,
1630527,1610612740,Brandon Boston,Brandon Boston,1630527,NOP,4094.0,68,-4.0,139,138,39.0,26.0,15.0,277,4.0,6.0,5.0,9.0,12.0,14.0,7.0,31.0,152,9.0,,5.0,4.0,9.0,4.0,,1.0,22.0,,7.0,8.0,,,1.0,,,1.0,,3.0,5.0,6.0,8.0,3.0,1.0,,,,39.0,1.0,0.5166666666666667,0.5384615384615384,,,19.745222929936304,,,0.08641975308641975,,0.15384615384615385,0.23076923076923078,0.19230769230769232,0.34615384615384615,0.6923076923076923,0.5223615384615385,0.10344827586206896,0.2,8.975,25.457142857142856,0.2805755395683453,3.0,,1.0,1.0,1.0,2.0,3.0,1.0,6.0,4.0,,1.0,3.0,3.0,5.0,1.0,8.0,8.0,9.0,3.0,1.0,,7.0,1.0,,,,8.0,0.6666666666666666,0.6666666666666666,0.75,0.2857142857142857,0.2857142857142857,0.5,,0.6,0.46153846153846156,0.75,0.5,0.75,0.5714285714285714,,0.14583333333333334,0.038461538461538464,0.014705882352941176,,,0.05555555555555555,,,0.15151515151515152,0.13333333333333333,,,0.75,1.0,0.6666666666666666,0.07692307692307693,0.3333333333333333,0.3333333333333333,0.6666666666666666,0.5,,,0.16666666666666666,1.0,0.16666666666666666,0.3333333333333333,0.4107,0.449575,0.0967741935483871,0.25806451612903225,3.0,1.0,,4.0,,1.0,4.0,,,4.0,4.0,1.0,,0.08333333333333333,0.25,,,0.5,0.5,0.6666666666666666,0.2,0.2,1.0,,,1.0,,1.0,,,2.0,,,,2.0,,,,,,0.5,,,,,1.0,,,,1.0,1.0,1.0,,1.0,1.0,3.0,1.0,True,,,,,,,,,,,,,,,,,,,,,,,,,,
1627749,1610612740,Dejounte Murray,Dejounte Murray,1627749,NOP,538.0,9,-9.0,18,17,5.0,12.0,6.0,35,1.0,1.0,,5.0,3.0,5.0,,6.0,20,5.0,,,1.0,1.0,1.0,,,3.0,2.0,2.0,2.0,,,,,,,,,2.0,,,,,,,,5.0,,0.375,0.625,,,30.769230769230766,,0.4,0.18181818181818182,1.0,0.125,0.125,,0.625,0.75,0.49779375,,,11.433333333333332,26.52,0.2777777777777778,,,,,,1.0,2.0,1.0,,2.0,,1.0,3.0,,,1.0,,,6.0,2.0,,,,,,,,,,,1.0,0.4,0.4,,,,0.375,0.75,,0.75,,,,,,,,,,0.25,,,,,,,,0.125,0.4,0.4,1.0,,,,,,1.0,0.4,0.44965,0.44355,0.5,,,,,,,,,,,,,,,,,,,,,,,,,,,1.0,,1.0,,,,,1.0,,,,,,,,0.5,,,,,,,,,1.0,1.0,1.0,,1.0,1.0,,,True,,,,,,,,,,,,,,,,,,,,,,,,,,
1641722,1610612740,Jordan Hawkins,Jordan Hawkins,1641722,NOP,1496.0,25,-4.0,51,48,16.0,10.0,7.0,99,,1.0,1.0,6.0,4.0,7.0,1.0,3.0,44,6.0,,2.0,,2.0,,,,4.0,,2.0,2.0,,,,,,,,1.0,1.0,2.0,2.0,1.0,,1.0,,1.0,16.0,,0.125,0.6363636363636364,,,20.0,,,0.037037037037037035,,,0.09090909090909091,0.09090909090909091,0.5454545454545454,0.6363636363636364,0.48768181818181816,0.08333333333333333,0.2,14.425,26.814285714285717,0.3137254901960784,,,,,,3.0,,,1.0,,,,,,1.0,,,2.0,,,,,1.0,,,,1.0,,1.0,1.0,,,,0.25,,,0.09090909090909091,,,,,,0.058823529411764705,,,,,,,,,0.2,,1.0,,,,0.2727272727272727,,,,,,,,,,,0.57645,0.4275,,,,,,,,,2.0,,1.0,1.0,1.0,,,,,0.25,,,,,,,,,1.0,1.0,,1.0,,,,,,1.0,,,,0.3333333333333333,0.3333333333333333,1.0,1.0,,,,,,,,,,,,,,,,,True,,,,,,,,,,,,,,,,,,,,,,,,,,
1641998,1610612740,Trey Jemison III,Trey Jemison III,1641998,NOP,1357.0,23,-14.0,46,47,23.0,15.0,6.0,93,3.0,2.0,,,5.0,,,2.0,57,,,1.0,,1.0,,,,2.0,1.0,2.0,3.0,1.0,1.0,,,,1.0,1.0,1.0,3.0,1.0,2.0,1.0,,1.0,,1.0,23.0,,0.16666666666666666,,,,13.461538461538462,1.0,0.07692307692307693,0.08,,0.6,0.4,,,0.6,0.61704,0.16666666666666666,0.16666666666666666,3.6199999999999997,,0.5,1.0,,,1.0,1.0,,,,1.0,,,,,1.0,1.0,,2.0,2.0,,,1.0,,1.0,1.0,,,1.0,2.0,1.0,1.0,,,,0.2,,1.0,0.2,,1.0,,0.5,,0.08333333333333333,0.16666666666666666,0.05263157894736842,,,,,0.16666666666666666,0.1111111111111111,,,1.0,0.3333333333333333,0.5,1.0,,,,,,,,1.0,1.0,,,,0.8927,,1.0,,,,,,2.0,1.0,,,1.0,1.0,,,0.4,0.3333333333333333,,,,,,,,,,,,,,,,,,1.0,1.0,,,0.5,,,,,,,,,,,,0.3333333333333333,,,,,,,,,True,,,,,,,,,,,,,,,,,,,,,,,,,,
203468,1610612740,CJ McCollum,CJ McCollum,203468,NOP,3350.0,56,9.0,118,115,11.0,16.0,10.0,233,6.0,7.0,3.0,13.0,19.0,16.0,4.0,48.0,137,13.0,,4.0,1.0,5.0,1.0,,1.0,11.0,5.0,8.0,9.0,2.0,1.0,1.0,,1.0,3.0,,,,4.0,4.0,2.0,,,,,11.0,,0.6486486486486487,0.45714285714285713,,,30.769230769230766,0.6666666666666666,0.23809523809523808,0.12903225806451613,1.0,0.17142857142857143,0.2,0.08571428571428572,0.37142857142857144,0.6285714285714286,0.5384242857142857,0.05405405405405406,0.09523809523809523,8.947368421052632,25.956250000000004,0.09322033898305085,6.0,,,,,6.0,6.0,3.0,13.0,6.0,,1.0,,,1.0,3.0,3.0,18.0,18.0,6.0,1.0,,3.0,1.0,,,,3.0,0.6923076923076923,0.6923076923076923,1.0,0.375,0.375,0.6842105263157895,,,0.6285714285714286,,0.375,,0.375,,0.07317073170731707,0.047619047619047616,0.021739130434782608,,,0.07142857142857142,0.23529411764705882,,0.09090909090909091,,,,1.0,1.0,0.8333333333333334,0.17142857142857143,0.46153846153846156,0.46153846153846156,1.0,,,,,,0.75,0.46153846153846156,,0.4971625,,0.0625,4.0,,,8.0,,,3.0,,,1.0,,,,,,,,0.5714285714285714,0.5714285714285714,0.75,,,,,3.0,,1.0,,,1.0,,,,,,0.3333333333333333,,0.5,0.5,0.3333333333333333,,0.3333333333333333,1.0,1.0,,,,,,,,,,,,,,True,,,,,,,,,,,,,,,,,,,,,,,,,,
1641810,1610612740,Antonio Reeves,Antonio Reeves,1641810,NOP,1928.0,32,-7.0,65,67,24.0,8.0,10.0,132,7.0,2.0,2.0,1.0,11.0,3.0,2.0,25.0,87,1.0,,,,,,,,,2.0,4.0,5.0,,,,,,,,1.0,1.0,1.0,2.0,1.0,,,,,24.0,,0.8333333333333334,0.21428571428571427,,,20.0,,0.13333333333333333,0.125,0.3333333333333333,0.5,0.14285714285714285,0.14285714285714285,0.07142857142857142,0.7142857142857143,0.5955392857142857,0.06666666666666667,0.08333333333333333,5.172727272727273,24.900000000000002,0.36923076923076925,6.0,1.0,1.0,3.0,3.0,2.0,1.0,,10.0,1.0,2.0,2.0,4.0,3.0,3.0,1.0,8.0,18.0,3.0,1.0,,1.0,2.0,1.0,1.0,,,8.0,0.9,1.0,1.0,0.3333333333333333,0.3333333333333333,0.9090909090909091,1.0,1.0,0.8214285714285714,1.0,0.75,1.0,0.8,0.0625,0.11764705882352941,,0.04,0.16666666666666666,,,,0.2,0.15384615384615385,,0.3333333333333333,,0.8571428571428571,0.8571428571428571,0.8333333333333334,0.14285714285714285,1.0,1.0,1.0,0.5,1.0,,0.75,1.0,,1.0,0.53755,0.7434499999999999,0.16,0.32,2.0,,1.0,2.0,2.0,,,,,,,,,,,,,1.0,1.0,1.0,,,,0.25,2.0,,,,,,2.0,,,,,,,1.0,1.0,1.0,,,,,,,,,,,,,,,,,,True,,,,,,,,,,,,,,,,,,,,,,,,,,
1642274,1610612740,Yves Missi,Yves Missi,1642274,NOP,4069.0,68,,140,137,19.0,14.0,16.0,277,21.0,1.0,,,22.0,,8.0,34.0,162,,,,1.0,1.0,1.0,,,3.0,2.0,16.0,27.0,1.0,,1.0,,1.0,2.0,,4.0,7.0,7.0,12.0,7.0,,7.0,7.0,7.0,19.0,,0.6296296296296297,,,,18.238993710691823,0.5,0.06451612903225806,0.18072289156626506,0.3333333333333333,0.9545454545454546,0.045454545454545456,,,0.9545454545454546,0.6777954545454548,0.25925925925925924,0.25925925925925924,1.6409090909090907,,0.1357142857142857,13.0,4.0,7.0,5.0,7.0,,,,13.0,,4.0,7.0,13.0,5.0,7.0,,10.0,18.0,,,6.0,5.0,13.0,11.0,2.0,,4.0,10.0,0.6923076923076923,0.9,,,,0.5909090909090909,0.5714285714285714,0.7142857142857143,0.5909090909090909,0.5714285714285714,0.7142857142857143,0.7222222222222222,0.7142857142857143,0.14285714285714285,0.25,0.23076923076923078,0.18032786885245902,0.2,0.07692307692307693,0.1111111111111111,,0.14285714285714285,0.21951219512195122,0.36363636363636365,0.3333333333333333,0.5714285714285714,0.6190476190476191,0.7222222222222222,0.6923076923076923,,,,,1.0,0.5714285714285714,0.25,1.0,0.7142857142857143,,,0.6876500000000001,0.6895,0.38235294117647056,0.29411764705882354,,,,8.0,6.0,3.0,,,1.0,2.0,,,2.0,0.13636363636363635,0.14285714285714285,0.3333333333333333,,,,,,,,,,,,,5.0,,,,1.0,,,,,,,,,,2.0,,,,,,0.5,,,,0.14285714285714285,,,,1.0,True,,,,,,,,,,,,,,,,,,,,,,,,,,
1631255,1610612740,Karlo Matković,Karlo Matković,1631255,NOP,321.0,5,3.0,9,9,,,3.0,18,,,,,,,,,14,,,,,,,,,,,,,,,,,,,,,,,,,,1.0,1.0,1.0,,,,,,,,,,,,,,,,,,,,,,,,,,,,,,,,,,,,,,,,,,,,,,,,,,,,,,,,,,,,,,,,,,,,,,,,,,,,,,,,,,,,,,,,,,,,,,,,,,,,,,,,,,,,,,,,,,,,,,,,,,,,,,,,,,,,,,,,,,,,,,,,,,,,,,,,True,,,,,,,,,,,,,,,,,,,,,,,,,,
1631288,1610612740,Jamal Cain,Jamal Cain,1631288,NOP,732.0,12,,22,22,6.0,8.0,5.0,44,,,,1.0,1.0,1.0,1.0,1.0,31,1.0,,,1.0,1.0,,1.0,,3.0,,1.0,1.0,,,,,,,,,1.0,1.0,2.0,1.0,,,,,6.0,,0.16666666666666666,0.5,,,11.11111111111111,,,0.09090909090909091,,,,,0.5,0.5,0.34292500000000004,0.3333333333333333,0.5,16.6,25.0,0.2727272727272727,,,,,,1.0,,1.0,,,,,,,,1.0,,,,,,,1.0,,,,,,,,,,,,,,,,,,,,0.2,,,,,,,,,0.5,,,,,,0.5,,,,,,,,,1.0,,,0.36945,,,,,,,,,,,,2.0,2.0,,,,,,,,,,,,,,,,,,,,,,,,1.0,,,,,,,,,,,,,,,,,,,,,,,True,,,,,,,,,,,,,,,,,,,,,,,,,,
1627742,1610612740,Brandon Ingram,Brandon Ingram,1627742,NOP,34570.0,576,-134.0,1149,1143,212.0,148.0,155.0,2292,52.0,83.0,10.0,101.0,216.0,111.0,45.0,398.0,1381,101.0,4.0,53.0,36.0,89.0,24.0,12.0,9.0,214.0,38.0,82.0,99.0,40.0,20.0,26.0,4.0,20.0,66.0,12.0,21.0,44.0,64.0,51.0,23.0,,10.0,3.0,10.0,210.0,,0.5675287356321839,0.3394495412844037,0.036036036036036036,0.039603960396039604,31.174698795180724,0.6060606060606061,0.1391941391941392,0.14338919925512103,0.24390243902439024,0.15902140672782875,0.25382262996941896,0.03058103975535168,0.308868501529052,0.4984709480122324,0.4947353211009172,0.07183908045977011,0.09787234042553192,10.838888888888892,25.931531531531533,0.18450826805918188,38.0,9.0,11.0,8.0,11.0,81.0,40.0,22.0,112.0,43.0,18.0,31.0,66.0,20.0,33.0,23.0,62.0,90.0,108.0,40.0,3.0,14.0,39.0,17.0,10.0,2.0,6.0,62.0,0.4017857142857143,0.4166666666666667,0.8372093023255814,0.38738738738738737,0.38738738738738737,0.5185185185185185,0.5806451612903226,0.6060606060606061,0.5397553516819572,0.65625,0.5178571428571429,0.673469387755102,0.5357142857142857,0.04516129032258064,0.14772727272727273,0.011627906976744186,0.02992957746478873,0.020833333333333332,0.06569343065693431,0.010416666666666666,0.11206896551724138,0.12931034482758622,0.15706806282722513,0.1232876712328767,0.06711409395973154,0.6,0.7307692307692307,0.7755102040816326,0.47368421052631576,0.24770642201834864,0.39603960396039606,0.41237113402061853,0.825,0.22916666666666666,0.8181818181818182,0.1111111111111111,0.19642857142857142,0.7272727272727273,0.39285714285714285,0.39603960396039606,0.49470937499999995,0.483825,0.1658291457286432,0.15577889447236182,37.0,3.0,1.0,134.0,8.0,16.0,37.0,,5.0,16.0,10.0,5.0,4.0,0.07407407407407407,0.057692307692307696,0.25,,0.4457831325301205,0.5138888888888888,0.32432432432432434,0.3,0.3,1.0,0.017857142857142856,37.0,16.0,6.0,17.0,3.0,6.0,4.0,7.0,2.0,7.0,2.0,0.2608695652173913,0.13253012048192772,0.4567901234567901,0.46835443037974683,0.40540540540540543,0.3333333333333333,0.2727272727272727,6.0,7.0,7.0,1.0,,,0.015151515151515152,8.0,9.0,0.5294117647058824,0.03896103896103896,0.5,0.75,21.0,,False,1.0,1.0,1.0,6.0,1.0,3.0,2.0,1.0,0.024691358024691357,0.020833333333333332,1.0,1.0,0.017699115044247787,,,,,,,,,,,,,
1627749,1610612740,Dejounte Murray,Dejounte Murray,1627749,NOP,60191.0,1003,-198.0,2113,2105,521.0,514.0,238.0,4218,108.0,134.0,29.0,140.0,317.0,169.0,102.0,536.0,2547,140.0,,141.0,86.0,227.0,52.0,34.0,38.0,540.0,59.0,181.0,198.0,69.0,45.0,36.0,12.0,24.0,105.0,22.0,21.0,59.0,82.0,124.0,50.0,8.0,12.0,8.0,12.0,519.0,7.0,0.4962894248608534,0.3477366255144033,,,26.72199170124481,0.6571428571428571,0.12938596491228072,0.18514531754574812,0.24390243902439024,0.2222222222222222,0.2757201646090535,0.059670781893004114,0.2880658436213992,0.5699588477366255,0.5193208847736626,0.10546139359698682,0.1404494382022472,8.804416403785488,25.669822485207096,0.2465688594415523,61.0,3.0,6.0,14.0,31.0,75.0,40.0,36.0,142.0,50.0,4.0,20.0,35.0,30.0,85.0,39.0,127.0,74.0,93.0,40.0,10.0,7.0,113.0,17.0,4.0,2.0,6.0,127.0,0.2605633802816901,0.2624113475177305,0.62,0.2958579881656805,0.2958579881656805,0.4479495268138801,0.2,0.35294117647058826,0.44650205761316875,0.4027777777777778,0.375,0.44871794871794873,0.4471830985915493,0.012681159420289856,0.23890063424947147,0.020964360587002098,0.01652089407191448,0.009433962264150943,0.01593625498007968,0.024456521739130436,0.09424083769633508,0.11475409836065574,0.23837209302325582,0.24031007751937986,0.0149812734082397,0.5,0.5648148148148148,0.6354166666666666,0.26229508196721313,0.15432098765432098,0.2857142857142857,0.2857142857142857,0.55,0.16666666666666666,0.5,0.3333333333333333,0.25,0.45161290322580644,0.2903225806451613,0.2857142857142857,0.516925,0.5044229838709677,0.06529850746268656,0.23694029850746268,52.0,10.0,3.0,210.0,2.0,20.0,87.0,,9.0,62.0,45.0,4.0,11.0,0.06309148264984227,0.1111111111111111,0.20930232558139536,,0.3880597014925373,0.40625,0.25,0.3448275862068966,0.3448275862068966,0.9,0.024193548387096774,29.0,14.0,10.0,16.0,6.0,11.0,34.0,16.0,6.0,4.0,10.0,0.28205128205128205,0.04477611940298507,0.38666666666666666,0.3972602739726027,0.27586206896551724,0.3888888888888889,0.2777777777777778,17.0,16.0,2.0,1.0,,,0.009174311926605505,6.0,7.0,0.4375,0.011235955056179775,0.42857142857142855,0.6666666666666666,57.0,3.0,False,1.0,2.0,,1.0,,1.0,6.0,,0.02666666666666667,0.05555555555555555,0.5,1.0,0.03428571428571429,1.0,0.3333333333333333,,,,,,,,,,,
1628464,1610612740,Daniel Theis,Daniel Theis,1628464,NOP,35065.0,584,-49.0,1217,1206,282.0,278.0,156.0,2423,49.0,32.0,9.0,26.0,86.0,35.0,31.0,155.0,1433,26.0,,36.0,22.0,58.0,20.0,2.0,6.0,138.0,54.0,112.0,153.0,11.0,8.0,14.0,2.0,3.0,25.0,6.0,36.0,66.0,44.0,37.0,15.0,5.0,16.0,13.0,16.0,281.0,5.0,0.5615942028985508,0.2892561983471074,,,11.667859699355763,0.44,0.2076923076923077,0.20224719101123595,0.1276595744680851,0.4049586776859504,0.2644628099173554,0.0743801652892562,0.21487603305785125,0.6942148760330579,0.5365395833333333,0.11278195488721804,0.15306122448979592,5.293023255813954,25.66285714285715,0.23171733771569433,33.0,11.0,16.0,8.0,13.0,5.0,8.0,5.0,50.0,8.0,14.0,21.0,42.0,9.0,18.0,7.0,35.0,74.0,24.0,8.0,18.0,22.0,54.0,41.0,1.0,12.0,11.0,35.0,0.74,0.9736842105263158,1.0,0.22857142857142856,0.22857142857142856,0.5813953488372093,0.6666666666666666,0.5,0.512396694214876,0.7045454545454546,0.42,0.8076923076923077,0.5303030303030303,0.0694006309148265,0.19708029197080293,0.05901639344262295,0.06430868167202572,0.10714285714285714,0.0547945205479452,0.05531914893617021,0.21100917431192662,0.2403846153846154,0.20833333333333334,0.17073170731707318,0.018867924528301886,0.6875,0.673469387755102,0.75,0.6666666666666666,0.04132231404958678,0.3076923076923077,0.3076923076923077,1.0,0.7272727272727273,0.6875,,0.52,0.6153846153846154,0.2,0.3076923076923077,0.5199777777777778,0.5392419999999999,0.2709677419354839,0.22580645161290322,15.0,,2.0,26.0,24.0,7.0,20.0,1.0,4.0,18.0,9.0,1.0,3.0,0.08139534883720931,0.10204081632653061,0.14814814814814814,0.037037037037037035,0.46875,0.5,0.8666666666666667,,,,0.08,2.0,1.0,1.0,1.0,11.0,1.0,14.0,10.0,6.0,3.0,7.0,0.14285714285714285,0.0625,0.4,0.4,1.0,0.045454545454545456,0.2,9.0,6.0,5.0,1.0,,,0.07142857142857142,1.0,1.0,1.0,0.03389830508474576,1.0,1.0,,,False,,,,,,,,1.0,,,,,,,,1.0,3.0,4.0,,,,,,,,
1629750,1610612740,Javonte Green,Javonte Green,1629750,NOP,61617.0,1027,-259.0,2110,2128,517.0,403.0,263.0,4238,69.0,32.0,52.0,47.0,104.0,99.0,48.0,258.0,2592,47.0,,28.0,12.0,40.0,6.0,6.0,12.0,92.0,47.0,122.0,169.0,14.0,10.0,11.0,2.0,4.0,25.0,6.0,45.0,74.0,57.0,63.0,33.0,2.0,27.0,20.0,28.0,517.0,2.0,0.5633187772925764,0.4876847290640394,,,10.456978180321121,0.56,0.10042735042735043,0.10973084886128365,0.09333333333333334,0.3399014778325123,0.15763546798029557,0.2561576354679803,0.2315270935960591,0.8275862068965517,0.5857391625615763,0.14977973568281938,0.25984251968503935,3.788461538461538,24.42727272727273,0.24502369668246446,45.0,9.0,19.0,13.0,16.0,3.0,18.0,10.0,54.0,34.0,12.0,27.0,53.0,16.0,23.0,27.0,79.0,66.0,102.0,18.0,32.0,14.0,59.0,47.0,3.0,6.0,16.0,79.0,0.6111111111111112,0.7021276595744681,1.0,0.3434343434343434,0.3434343434343434,0.5192307692307693,0.4444444444444444,0.6956521739130435,0.5172413793103449,0.527027027027027,0.71,0.6022727272727273,0.7314814814814815,0.024054982817869417,0.11847389558232932,0.06722689075630252,0.043478260869565216,0.018691588785046728,0.0311284046692607,0.07397260273972603,0.07537688442211055,0.12886597938144329,0.14035087719298245,0.07051282051282051,0.02912621359223301,0.5714285714285714,0.6521739130434783,0.75,0.6444444444444445,0.014778325123152709,0.3829787234042553,0.3829787234042553,1.0,0.5135135135135135,0.47368421052631576,0.3333333333333333,0.32,0.8125,0.2,0.3829787234042553,0.596121875,0.5809490000000003,0.2054263565891473,0.3062015503875969,9.0,16.0,17.0,42.0,14.0,12.0,14.0,1.0,16.0,53.0,33.0,4.0,10.0,0.11538461538461539,0.13043478260869565,0.3404255319148936,0.016129032258064516,0.28125,0.3103448275862069,0.4444444444444444,0.3076923076923077,0.3076923076923077,1.0,0.34,,6.0,5.0,10.0,14.0,13.0,8.0,2.0,3.0,6.0,6.0,0.48148148148148145,0.09375,,,,0.16216216216216217,0.5,20.0,2.0,3.0,2.0,1.0,1.0,0.04504504504504504,3.0,5.0,0.5,0.018018018018018018,0.5,1.0,,2.0,False,2.0,4.0,1.0,,1.0,,1.0,,,0.10810810810810811,0.5,1.0,0.01,8.0,0.47058823529411764,,1.0,,1.0,1.0,,,,,,
1630529,1610612740,Herbert Jones,Herbert Jones,1630529,NOP,38888.0,648,-20.0,1333,1340,233.0,336.0,149.0,2673,57.0,34.0,37.0,35.0,100.0,72.0,33.0,205.0,1536,34.0,,39.0,26.0,65.0,19.0,7.0,13.0,156.0,29.0,56.0,78.0,24.0,14.0,11.0,1.0,10.0,35.0,3.0,37.0,66.0,39.0,40.0,19.0,2.0,7.0,3.0,9.0,232.0,2.0,0.5366492146596858,0.4186046511627907,,,14.897824653922214,0.6857142857142857,0.09731543624161074,0.08828250401284109,0.1346153846153846,0.3313953488372093,0.19767441860465115,0.21511627906976744,0.20348837209302326,0.75,0.5611769005847953,0.10052910052910052,0.1623931623931624,5.5120000000000005,24.665277777777774,0.17479369842460615,35.0,4.0,11.0,2.0,2.0,9.0,8.0,4.0,53.0,22.0,6.0,18.0,19.0,5.0,7.0,11.0,27.0,74.0,66.0,8.0,9.0,13.0,26.0,22.0,5.0,1.0,3.0,27.0,0.6981132075471698,0.7254901960784313,1.0,0.3055555555555556,0.30985915492957744,0.53,0.3333333333333333,0.7142857142857143,0.5,0.391304347826087,0.5277777777777778,0.3958333333333333,0.6136363636363636,0.0391566265060241,0.08,0.030508474576271188,0.03508771929824561,0.03007518796992481,0.0547945205479452,0.0273972602739726,0.072,0.10743801652892562,0.07480314960629922,0.09859154929577464,0.05813953488372093,0.3333333333333333,0.6140350877192983,0.6862745098039216,0.7142857142857143,0.05232558139534884,0.22857142857142856,0.22857142857142856,1.0,0.4782608695652174,0.36363636363636365,0.25,0.1111111111111111,1.0,0.2222222222222222,0.23529411764705882,0.5480366666666667,0.5374235294117646,0.09268292682926829,0.13170731707317074,11.0,14.0,7.0,32.0,4.0,10.0,23.0,,1.0,37.0,24.0,4.0,2.0,0.1,0.10526315789473684,0.043478260869565216,,0.3235294117647059,0.36666666666666664,0.45454545454545453,0.3783783783783784,0.3783783783783784,1.0,0.3888888888888889,7.0,3.0,,5.0,1.0,3.0,8.0,3.0,4.0,3.0,10.0,0.2727272727272727,0.11764705882352941,0.7777777777777778,0.7777777777777778,1.0,0.13043478260869565,,13.0,6.0,1.0,6.0,2.0,1.0,0.039473684210526314,,2.0,0.4,0.018867924528301886,,,,2.0,False,2.0,2.0,,,,,,,,0.08695652173913043,1.0,1.0,,3.0,0.42857142857142855,,4.0,,1.0,1.0,1.0,1.0,,,,
203468,1610612740,CJ McCollum,CJ McCollum,203468,NOP,102677.0,1711,-270.0,3561,3538,761.0,749.0,421.0,7099,171.0,243.0,60.0,364.0,498.0,424.0,115.0,1080.0,4317,364.0,3.0,133.0,79.0,212.0,46.0,33.0,34.0,503.0,72.0,156.0,196.0,69.0,45.0,26.0,3.0,24.0,95.0,22.0,59.0,120.0,129.0,162.0,65.0,17.0,22.0,8.0,24.0,754.0,14.0,0.5427565392354124,0.4598698481561822,0.007075471698113208,0.005494505494505495,26.673204216719785,0.7263157894736842,0.09436435124508519,0.08956145768993205,0.07246376811594203,0.18546637744034708,0.2635574837310195,0.0650759219088937,0.3947939262472885,0.6453362255965293,0.5239975570032573,0.07062436028659161,0.11818181818181818,7.985341365461844,25.691273584905655,0.21370401572591968,104.0,9.0,18.0,24.0,34.0,84.0,137.0,74.0,244.0,159.0,16.0,41.0,101.0,47.0,102.0,88.0,255.0,218.0,351.0,137.0,17.0,20.0,73.0,40.0,9.0,,14.0,251.0,0.44672131147540983,0.4560669456066946,0.7358490566037735,0.375,0.375,0.4899598393574297,0.3902439024390244,0.46078431372549017,0.5233188720173536,0.572289156626506,0.5631578947368421,0.5804597701149425,0.5795454545454546,0.021141649048625793,0.0852803738317757,0.021794871794871794,0.021436848203939745,0.021164021164021163,0.02320185614849188,0.02555366269165247,0.0877742946708464,0.1111111111111111,0.08626198083067092,0.08260869565217391,0.018907563025210083,0.5833333333333334,0.6081871345029239,0.6753246753246753,0.36538461538461536,0.0911062906724512,0.37637362637362637,0.3784530386740331,0.708029197080292,0.21686746987951808,0.5,0.4444444444444444,0.17894736842105263,0.7058823529411765,0.3894736842105263,0.37637362637362637,0.5211223214285713,0.5135007936507937,0.09351851851851851,0.2361111111111111,108.0,22.0,14.0,270.0,10.0,35.0,92.0,3.0,11.0,40.0,25.0,4.0,13.0,0.07028112449799197,0.09941520467836257,0.12087912087912088,0.03488372093023256,0.4444444444444444,0.48,0.48148148148148145,0.36666666666666664,0.3728813559322034,0.9090909090909091,0.07368421052631578,32.0,31.0,33.0,42.0,6.0,40.0,41.0,7.0,7.0,12.0,6.0,0.45454545454545453,0.07407407407407407,0.38095238095238093,0.38095238095238093,0.59375,0.37349397590361444,0.44594594594594594,15.0,14.0,4.0,1.0,2.0,2.0,0.010362694300518135,16.0,21.0,0.5,0.014598540145985401,0.5161290322580645,1.0,126.0,2.0,False,5.0,11.0,3.0,,1.0,2.0,4.0,,,0.13253012048192772,0.45454545454545453,0.8,0.00936768149882904,7.0,0.5,,2.0,,2.0,,,,1.0,0.016666666666666666,,
1630530,1610612740,Trey Murphy III,Trey Murphy III,1630530,NOP,106731.0,1779,-394.0,3715,3699,885.0,847.0,438.0,7414,200.0,152.0,71.0,349.0,381.0,420.0,198.0,1074.0,4526,348.0,3.0,109.0,72.0,181.0,46.0,26.0,46.0,434.0,81.0,213.0,258.0,71.0,34.0,32.0,6.0,37.0,103.0,27.0,56.0,109.0,178.0,219.0,97.0,22.0,36.0,23.0,37.0,879.0,13.0,0.5931919642857143,0.5243445692883895,0.007142857142857143,0.0057306590257879654,23.37815522528898,0.6893203883495146,0.10358056265984655,0.117046818727491,0.13986013986013987,0.24968789013732834,0.18976279650436953,0.08863920099875156,0.43570536828963796,0.7740324594257179,0.551071151439299,0.11212814645308924,0.2141280353200883,5.601049868766405,26.747142857142848,0.23822341857335128,140.0,15.0,23.0,28.0,40.0,29.0,117.0,84.0,213.0,150.0,22.0,36.0,109.0,47.0,84.0,97.0,237.0,290.0,378.0,117.0,19.0,25.0,114.0,45.0,14.0,6.0,20.0,235.0,0.6807511737089202,0.7073170731707317,0.84,0.35714285714285715,0.35799522673031026,0.5590551181102362,0.6111111111111112,0.5595238095238095,0.5468164794007491,0.589041095890411,0.5082872928176796,0.6666666666666666,0.5628019323671497,0.026260504201680673,0.12895927601809956,0.022754491017964073,0.024622271964185788,0.03225806451612903,0.02654867256637168,0.02618657937806874,0.08832807570977919,0.10248447204968944,0.12168486739469579,0.14814814814814814,0.034482758620689655,0.5405405405405406,0.7,0.7368421052631579,0.7142857142857143,0.03620474406991261,0.335243553008596,0.3371757925072046,0.811965811965812,0.3150684931506849,0.6521739130434783,0.13333333333333333,0.22099447513812154,0.7,0.46408839779005523,0.33620689655172414,0.5394612244897958,0.532996388888889,0.10148975791433892,0.2206703910614525,63.0,33.0,13.0,136.0,16.0,25.0,55.0,1.0,18.0,55.0,35.0,9.0,25.0,0.06561679790026247,0.05,0.21176470588235294,0.011235955056179775,0.4144736842105263,0.45652173913043476,0.6190476190476191,0.4647887323943662,0.4714285714285714,0.9393939393939394,0.0718232044198895,10.0,31.0,22.0,37.0,23.0,30.0,53.0,8.0,4.0,12.0,10.0,0.30927835051546393,0.09210526315789473,0.3448275862068966,0.35714285714285715,0.6,0.4246575342465753,0.2619047619047619,20.0,12.0,3.0,10.0,1.0,1.0,0.013392857142857142,10.0,14.0,0.3783783783783784,0.0078125,0.3225806451612903,0.9,72.0,1.0,False,4.0,6.0,5.0,3.0,1.0,11.0,1.0,,0.034482758620689655,0.0821917808219178,0.6666666666666666,1.0,0.0023752969121140144,8.0,0.6153846153846154,,,1.0,1.0,,1.0,,,0.014084507042253521,,
1642274,1610612740,Yves Missi,Yves Missi,1642274,NOP,100739.0,1679,-423.0,3426,3430,583.0,542.0,441.0,6856,327.0,82.0,,1.0,409.0,1.0,100.0,544.0,4215,,,51.0,32.0,83.0,23.0,9.0,18.0,198.0,124.0,279.0,494.0,48.0,31.0,25.0,3.0,17.0,73.0,11.0,83.0,124.0,133.0,160.0,84.0,4.0,83.0,57.0,83.0,580.0,3.0,0.5643153526970954,0.0024390243902439024,,,13.986895161290322,0.6575342465753424,0.16870748299319727,0.1696315120711563,0.13675213675213677,0.7975609756097561,0.2,,0.0024390243902439024,0.8,0.6041518337408313,0.17573221757322174,0.1761006289308176,2.4921760391198036,42.5,0.17016929363689434,192.0,70.0,134.0,22.0,43.0,,,,222.0,,76.0,149.0,174.0,24.0,54.0,,67.0,296.0,,,69.0,142.0,143.0,215.0,18.0,18.0,49.0,67.0,0.6666666666666666,0.8757396449704142,,,,0.5427872860635696,0.5100671140939598,0.4444444444444444,0.5414634146341464,0.5100671140939598,0.4444444444444444,0.5304878048780488,0.4855072463768116,0.14931650893796003,0.17044100119189512,0.0942622950819672,0.12537136066547833,0.1711229946524064,0.1444954128440367,0.09430604982206406,0.16139240506329114,0.18874172185430463,0.168,0.17757009345794392,0.144,0.5903614457831325,0.5871559633027523,0.6808510638297872,0.6354166666666666,,,,,0.8993288590604027,0.5223880597014925,0.15714285714285714,0.7962962962962963,0.5116279069767442,,,0.6040078260869565,0.5825796296296296,0.31985294117647056,0.12316176470588236,30.0,,,148.0,106.0,61.0,21.0,4.0,12.0,33.0,18.0,16.0,16.0,0.1491442542787286,0.13761467889908258,0.17391304347826086,0.046511627906976744,0.36585365853658536,0.45454545454545453,0.8666666666666667,,,,,,,,,22.0,,19.0,12.0,13.0,26.0,8.0,,0.1951219512195122,,,,,,15.0,5.0,8.0,2.0,,,0.09411764705882353,,,,0.10638297872340426,,,,2.0,False,,,2.0,,,,,1.0,,,,,,,,,,14.0,,1.0,1.0,,,,3.0,
1630526,1610612740,Jeremiah Robinson-Earl,Jeremiah Robinson-Earl,1630526,NOP,51754.0,863,-214.0,1761,1760,416.0,384.0,247.0,3521,72.0,35.0,64.0,43.0,116.0,107.0,35.0,272.0,2154,43.0,,30.0,27.0,57.0,21.0,6.0,10.0,141.0,58.0,139.0,215.0,20.0,13.0,12.0,3.0,7.0,32.0,9.0,38.0,60.0,36.0,40.0,18.0,4.0,7.0,5.0,7.0,416.0,4.0,0.5643153526970954,0.4798206278026906,,,13.291139240506329,0.625,0.1657142857142857,0.16602316602316602,0.19672131147540983,0.32286995515695066,0.15695067264573992,0.28699551569506726,0.19282511210762332,0.8026905829596412,0.5659486547085197,0.0759493670886076,0.13846153846153847,4.686206896551726,24.21495327102805,0.23622941510505394,46.0,15.0,24.0,9.0,14.0,9.0,11.0,4.0,63.0,37.0,16.0,28.0,67.0,15.0,25.0,14.0,68.0,90.0,105.0,11.0,40.0,29.0,71.0,76.0,1.0,7.0,1.0,68.0,0.7142857142857143,0.9,0.9459459459459459,0.34579439252336447,0.34579439252336447,0.5431034482758621,0.5714285714285714,0.6,0.531390134529148,0.6022727272727273,0.6538461538461539,0.6568627450980392,0.6938775510204082,0.0625,0.16627634660421545,0.09302325581395349,0.07718120805369127,0.1,0.048458149779735685,0.10714285714285714,0.14012738853503184,0.18181818181818182,0.14473684210526316,0.21951219512195122,0.008928571428571428,0.14285714285714285,0.6388888888888888,0.6865671641791045,0.6956521739130435,0.04035874439461883,0.2558139534883721,0.2558139534883721,1.0,0.5454545454545454,0.625,0.13333333333333333,0.358974358974359,0.6428571428571429,0.10256410256410256,0.2558139534883721,0.5803673076923076,0.5461064102564104,0.24632352941176472,0.25,12.0,26.0,10.0,36.0,26.0,9.0,19.0,7.0,10.0,28.0,18.0,5.0,4.0,0.07758620689655173,0.06944444444444445,0.3225806451612903,0.17073170731707318,0.34285714285714286,0.3870967741935484,0.8333333333333334,0.40625,0.40625,0.9230769230769231,0.2564102564102564,5.0,2.0,3.0,16.0,14.0,7.0,17.0,1.0,6.0,2.0,5.0,0.5,0.11428571428571428,0.5555555555555556,0.5555555555555556,0.6,0.045454545454545456,0.75,10.0,3.0,2.0,2.0,,,0.05737704918032787,1.0,7.0,0.4375,0.025974025974025976,0.5,1.0,6.0,1.0,False,6.0,14.0,2.0,,,,,,,0.3181818181818182,0.42857142857142855,0.8333333333333334,,4.0,0.4,,,1.0,,,,,,,1.0,
1630527,1610612740,Brandon Boston,Brandon Boston,1630527,NOP,55470.0,924,-137.0,1872,1882,389.0,406.0,235.0,3754,98.0,57.0,27.0,99.0,229.0,126.0,60.0,417.0,2227,99.0,1.0,41.0,42.0,83.0,34.0,8.0,8.0,208.0,29.0,99.0,126.0,34.0,20.0,17.0,2.0,14.0,51.0,12.0,30.0,68.0,61.0,77.0,36.0,4.0,7.0,6.0,9.0,389.0,3.0,0.5306122448979592,0.35492957746478876,0.007936507936507936,0.010101010101010102,20.47244094488189,0.6666666666666666,0.07341772151898734,0.11497005988023952,0.15625,0.27605633802816903,0.16056338028169015,0.07605633802816901,0.27887323943661974,0.6309859154929578,0.5382971830985913,0.09278350515463918,0.13740458015267176,8.795196506550218,25.43571428571429,0.2077991452991453,61.0,6.0,18.0,9.0,22.0,74.0,36.0,19.0,111.0,45.0,9.0,25.0,46.0,20.0,51.0,29.0,91.0,110.0,117.0,36.0,11.0,16.0,67.0,27.0,9.0,,8.0,91.0,0.4954954954954955,0.5,0.8666666666666667,0.35714285714285715,0.35714285714285715,0.4847161572052402,0.36,0.39215686274509803,0.5028169014084507,0.46153846153846156,0.5125,0.5,0.5290697674418605,0.03225806451612903,0.15227272727272728,0.025,0.028846153846153848,0.03932584269662921,0.014018691588785047,0.02631578947368421,0.04918032786885246,0.06756756756756757,0.14240506329113925,0.1774193548387097,0.05202312138728324,0.8888888888888888,0.6224489795918368,0.6703296703296703,0.6065573770491803,0.2084507042253521,0.36363636363636365,0.3673469387755102,0.8611111111111112,0.46153846153846156,0.3333333333333333,0.3333333333333333,0.275,0.4090909090909091,0.2375,0.36363636363636365,0.5621673076923077,0.5154293750000001,0.11031175059952038,0.2182254196642686,15.0,9.0,10.0,112.0,2.0,22.0,30.0,,3.0,49.0,28.0,1.0,3.0,0.09606986899563319,0.07142857142857142,0.08571428571428572,,0.2631578947368421,0.30612244897959184,0.4666666666666667,0.3333333333333333,0.3333333333333333,0.8888888888888888,0.125,35.0,10.0,9.0,14.0,10.0,14.0,9.0,3.0,1.0,1.0,5.0,0.4827586206896552,0.14035087719298245,0.47297297297297297,0.5223880597014925,0.3142857142857143,0.2564102564102564,0.47368421052631576,21.0,8.0,4.0,6.0,2.0,2.0,0.02040816326530612,4.0,6.0,0.42857142857142855,0.057692307692307696,0.4,1.0,18.0,1.0,False,2.0,4.0,,1.0,,1.0,,,0.0945945945945946,0.10256410256410256,0.5,1.0,,5.0,0.5,1.0,1.0,,,1.0,,,,,,
1629627,1610612740,Zion Williamson,Zion Williamson,1629627,NOP,51435.0,857,-42.0,1787,1774,420.0,353.0,247.0,3561,282.0,208.0,1.0,12.0,495.0,13.0,158.0,737.0,2136,11.0,,71.0,88.0,159.0,68.0,20.0,22.0,406.0,54.0,140.0,216.0,51.0,26.0,39.0,9.0,25.0,90.0,23.0,41.0,82.0,170.0,241.0,133.0,5.0,21.0,13.0,27.0,412.0,5.0,0.6031096563011457,0.025590551181102362,,,33.47659980897803,0.5666666666666667,0.1424802110817942,0.1524822695035461,0.2054794520547945,0.5551181102362205,0.4094488188976378,0.001968503937007874,0.023622047244094488,0.5807086614173228,0.5455144268774706,0.21947194719471946,0.224283305227656,4.132323232323234,28.73076923076923,0.23503077783995524,180.0,37.0,53.0,37.0,62.0,5.0,3.0,4.0,285.0,3.0,47.0,72.0,109.0,60.0,104.0,4.0,158.0,262.0,6.0,3.0,20.0,55.0,75.0,76.0,27.0,3.0,17.0,158.0,0.45964912280701753,0.5077519379844961,0.6666666666666666,0.23076923076923078,0.25,0.5757575757575758,0.6527777777777778,0.5769230769230769,0.5698818897637795,0.6438356164383562,0.5694444444444444,0.6488095238095238,0.5984848484848485,0.1053639846743295,0.16059957173447537,0.05847953216374269,0.08680555555555555,0.14018691588785046,0.09881422924901186,0.06557377049180328,0.09826589595375723,0.16541353383458646,0.1783625730994152,0.112,0.17532467532467533,0.6296296296296297,0.6382978723404256,0.7114624505928854,0.45,0.00984251968503937,0.25,0.25,0.6666666666666666,0.726027397260274,0.6981132075471698,0.24324324324324326,0.5740740740740741,0.5967741935483871,0.037037037037037035,0.2727272727272727,0.548539814814815,0.5465643518518518,0.14789687924016282,0.21438263229308005,104.0,,,308.0,54.0,61.0,37.0,1.0,11.0,37.0,14.0,9.0,35.0,0.12323232323232323,0.10283687943262411,0.21568627450980393,0.015384615384615385,0.5,0.5909090909090909,0.47115384615384615,,,,,1.0,1.0,1.0,1.0,15.0,1.0,35.0,12.0,,6.0,6.0,0.25,0.15384615384615385,0.2,0.2,1.0,0.0136986301369863,0.25,23.0,9.0,6.0,,6.0,4.0,0.04081632653061224,,,,,,,3.0,2.0,False,,,,11.0,2.0,,,,,,,,,,,,,3.0,2.0,,1.0,2.0,,,,
1630631,1610612740,Jose Alvarado,Jose Alvarado,1630631,NOP,66010.0,1100,-141.0,2248,2237,545.0,454.0,276.0,4485,52.0,81.0,56.0,186.0,144.0,242.0,40.0,441.0,2662,185.0,2.0,147.0,65.0,212.0,48.0,17.0,40.0,489.0,42.0,87.0,107.0,38.0,28.0,15.0,,10.0,53.0,18.0,25.0,78.0,53.0,50.0,19.0,2.0,10.0,,11.0,541.0,2.0,0.5420792079207921,0.6269430051813472,0.008264462809917356,0.005376344086021506,17.782101167315176,0.7169811320754716,0.0841683366733467,0.08064516129032258,0.15584415584415584,0.13471502590673576,0.20984455958549222,0.14507772020725387,0.48186528497409326,0.7616580310880829,0.5212522077922076,0.04975124378109453,0.11949685534591195,6.810416666666666,25.67272727272726,0.24243772241992884,26.0,3.0,3.0,6.0,11.0,11.0,69.0,41.0,64.0,91.0,7.0,14.0,30.0,15.0,34.0,58.0,109.0,54.0,201.0,69.0,9.0,9.0,43.0,20.0,6.0,,7.0,109.0,0.421875,0.4426229508196721,0.7362637362637363,0.3760330578512397,0.3775933609958506,0.4444444444444444,0.5,0.4411764705882353,0.5194300518134715,0.40625,0.5380434782608695,0.4411764705882353,0.5618556701030928,0.01615798922800718,0.07747747747747748,0.01717557251908397,0.016651248843663275,0.017937219730941704,0.01568627450980392,0.017857142857142856,0.08658008658008658,0.05235602094240838,0.07804878048780488,0.07586206896551724,0.02857142857142857,0.6363636363636364,0.5,0.5531914893617021,0.4230769230769231,0.02849740932642487,0.3709677419354839,0.372972972972973,0.6666666666666666,0.09375,1.0,0.6666666666666666,0.11956521739130435,0.5454545454545454,0.44565217391304346,0.372972972972973,0.4776022727272728,0.49892637362637376,0.06802721088435375,0.2471655328798186,35.0,22.0,17.0,74.0,6.0,15.0,95.0,2.0,2.0,61.0,35.0,4.0,4.0,0.10416666666666667,0.09615384615384616,0.034482758620689655,0.030303030303030304,0.43209876543209874,0.4861111111111111,0.45714285714285713,0.39285714285714285,0.4,0.9545454545454546,0.18478260869565216,3.0,14.0,14.0,18.0,4.0,23.0,10.0,12.0,3.0,8.0,9.0,0.39655172413793105,0.1111111111111111,0.2727272727272727,0.3,,0.4375,0.34146341463414637,26.0,10.0,1.0,12.0,1.0,,0.015151515151515152,2.0,4.0,0.2222222222222222,0.012658227848101266,0.14285714285714285,1.0,72.0,4.0,False,2.0,4.0,,,,5.0,1.0,,0.09090909090909091,0.125,0.5,1.0,0.00411522633744856,9.0,0.5294117647058824,,3.0,,2.0,,1.0,1.0,,0.017857142857142856,,
1641722,1610612740,Jordan Hawkins,Jordan Hawkins,1641722,NOP,71238.0,1187,-279.0,2461,2441,555.0,538.0,307.0,4902,52.0,75.0,78.0,216.0,207.0,294.0,71.0,549.0,2953,216.0,5.0,33.0,24.0,57.0,14.0,10.0,10.0,138.0,36.0,115.0,138.0,28.0,14.0,23.0,6.0,14.0,51.0,10.0,27.0,43.0,62.0,85.0,19.0,8.0,21.0,16.0,22.0,552.0,7.0,0.5084427767354597,0.5868263473053892,0.017006802721088437,0.023148148148148147,20.753375977256574,0.5490196078431373,0.06792452830188679,0.09435626102292768,0.13414634146341464,0.10379241516966067,0.1497005988023952,0.15568862275449102,0.4311377245508982,0.6906187624750499,0.5238210578842316,0.05333333333333334,0.08482142857142858,10.42705314009662,25.368367346938776,0.2255180820804551,29.0,5.0,6.0,5.0,11.0,80.0,67.0,50.0,89.0,100.0,13.0,24.0,61.0,18.0,42.0,67.0,140.0,112.0,276.0,67.0,12.0,10.0,71.0,23.0,8.0,4.0,16.0,137.0,0.6292134831460674,0.6746987951807228,0.92,0.3401360544217687,0.3401360544217687,0.42995169082125606,0.5416666666666666,0.42857142857142855,0.47704590818363274,0.5384615384615384,0.5229357798165137,0.5555555555555556,0.5619834710743802,0.015822784810126583,0.11754966887417219,0.02003338898163606,0.017871649065800164,0.022321428571428572,0.016556291390728478,0.026726057906458798,0.06224066390041494,0.04830917874396135,0.1210762331838565,0.10759493670886076,0.028368794326241134,0.7272727272727273,0.5576923076923077,0.7073170731707317,0.5172413793103449,0.1596806387225549,0.3101851851851852,0.3175355450236967,0.9104477611940298,0.11538461538461539,0.8333333333333334,,0.10091743119266056,0.45454545454545453,0.45871559633027525,0.3101851851851852,0.49384999999999996,0.5119766055045873,0.1111111111111111,0.2550091074681239,26.0,33.0,17.0,66.0,12.0,19.0,22.0,1.0,8.0,29.0,18.0,6.0,2.0,0.09178743961352658,0.21153846153846154,0.12121212121212122,0.015384615384615385,0.3466666666666667,0.3880597014925373,0.6538461538461539,0.4230769230769231,0.4230769230769231,0.9393939393939394,0.1559633027522936,34.0,15.0,17.0,28.0,5.0,26.0,26.0,1.0,1.0,4.0,2.0,0.3880597014925373,0.10666666666666667,0.425,0.425,0.7058823529411765,0.28846153846153844,0.34,11.0,7.0,2.0,5.0,1.0,1.0,,4.0,10.0,0.35714285714285715,,0.26666666666666666,1.0,24.0,2.0,False,6.0,13.0,5.0,,,8.0,9.0,,,0.25,0.46153846153846156,0.8333333333333334,0.029900332225913623,9.0,0.5294117647058824,,1.0,3.0,1.0,,,,2.0,,,
1629669,1610612740,Jaylen Nowell,Jaylen Nowell,1629669,NOP,10085.0,168,-42.0,330,326,79.0,67.0,48.0,656,11.0,31.0,6.0,21.0,46.0,27.0,7.0,67.0,383,21.0,,13.0,5.0,18.0,2.0,3.0,2.0,41.0,8.0,14.0,20.0,4.0,4.0,4.0,1.0,,8.0,2.0,7.0,9.0,9.0,11.0,6.0,,4.0,3.0,4.0,79.0,,0.42948717948717946,0.3698630136986301,,,22.27979274611399,0.5,0.10526315789473684,0.09210526315789473,0.08333333333333333,0.1506849315068493,0.4246575342465753,0.0821917808219178,0.2876712328767123,0.5205479452054794,0.4888349315068494,0.07692307692307693,0.11764705882352941,8.11304347826087,25.34814814814815,0.23939393939393938,6.0,2.0,2.0,2.0,3.0,4.0,5.0,5.0,18.0,8.0,2.0,5.0,10.0,4.0,10.0,7.0,14.0,10.0,24.0,5.0,3.0,3.0,6.0,6.0,1.0,,2.0,14.0,0.2777777777777778,0.29411764705882354,1.0,0.2962962962962963,0.2962962962962963,0.391304347826087,0.4,0.4,0.410958904109589,0.5,0.4117647058823529,0.5,0.4117647058823529,0.0297029702970297,0.07894736842105263,0.043478260869565216,0.03529411764705882,,0.018518518518518517,0.05660377358490566,0.07692307692307693,0.13157894736842105,0.0975609756097561,0.05714285714285714,0.024390243902439025,0.5,0.5454545454545454,0.5454545454545454,0.3333333333333333,0.0547945205479452,0.23809523809523808,0.23809523809523808,1.0,0.2,1.0,0.5,0.17647058823529413,0.6666666666666666,0.29411764705882354,0.23809523809523808,0.5359999999999999,0.4705735294117647,0.14925373134328357,0.208955223880597,12.0,3.0,2.0,26.0,2.0,3.0,11.0,,,1.0,1.0,,1.0,0.06521739130434782,,,,0.3870967741935484,0.42857142857142855,0.25,0.5,0.5,1.0,0.11764705882352941,,3.0,1.0,5.0,,2.0,,,,1.0,1.0,0.2857142857142857,0.0967741935483871,,,,0.3,0.2,,2.0,,1.0,,,,1.0,2.0,0.4,0.1,0.3333333333333333,1.0,,1.0,False,1.0,2.0,,,,,,,,0.2,0.5,1.0,,1.0,0.5,,,,,,,,,,,
1641810,1610612740,Antonio Reeves,Antonio Reeves,1641810,NOP,18470.0,308,-56.0,635,631,184.0,158.0,84.0,1266,27.0,15.0,28.0,36.0,45.0,64.0,9.0,112.0,751,35.0,1.0,10.0,13.0,23.0,7.0,6.0,2.0,59.0,8.0,18.0,31.0,9.0,5.0,7.0,1.0,4.0,16.0,3.0,11.0,15.0,8.0,11.0,6.0,1.0,2.0,2.0,2.0,184.0,1.0,0.49557522123893805,0.5871559633027523,0.015625,,17.695473251028808,0.5625,0.07079646017699115,0.06296296296296296,0.1875,0.24770642201834864,0.13761467889908258,0.25688073394495414,0.3302752293577982,0.8348623853211009,0.5448152777777776,0.05357142857142857,0.125,5.13111111111111,25.226562500000004,0.28976377952755905,12.0,4.0,8.0,2.0,7.0,3.0,15.0,11.0,17.0,23.0,5.0,10.0,17.0,4.0,12.0,21.0,31.0,16.0,57.0,15.0,6.0,7.0,9.0,13.0,2.0,1.0,1.0,31.0,0.47058823529411764,0.5714285714285714,0.8260869565217391,0.359375,0.36507936507936506,0.37777777777777777,0.5,0.3333333333333333,0.4724770642201835,0.5,0.4393939393939394,0.53125,0.45588235294117646,0.04142011834319527,0.05732484076433121,0.04195804195804196,0.041666666666666664,0.07692307692307693,0.02564102564102564,0.04081632653061224,0.08163265306122448,0.020833333333333332,0.05357142857142857,0.06666666666666667,0.03571428571428571,0.5,0.4444444444444444,0.631578947368421,0.4166666666666667,0.027522935779816515,0.4166666666666667,0.4166666666666667,0.7333333333333333,0.6153846153846154,0.5,0.25,0.21212121212121213,0.2857142857142857,0.3333333333333333,0.42857142857142855,0.59101875,0.5319921875,0.15178571428571427,0.2767857142857143,5.0,8.0,10.0,18.0,6.0,10.0,8.0,,1.0,11.0,7.0,3.0,3.0,0.2222222222222222,0.2962962962962963,0.07142857142857142,,0.3333333333333333,0.38461538461538464,0.6,0.2857142857142857,0.2962962962962963,1.0,0.30303030303030304,,3.0,4.0,3.0,4.0,7.0,2.0,,,,,0.3333333333333333,0.13333333333333333,,,,0.23076923076923078,0.36363636363636365,4.0,4.0,,,,,0.044444444444444446,1.0,1.0,0.3333333333333333,,0.3333333333333333,1.0,12.0,,False,,,,,,,,,,,,,,3.0,0.3,,,,,1.0,1.0,,,0.03571428571428571,,
1631288,1610612740,Jamal Cain,Jamal Cain,1631288,NOP,17764.0,296,-58.0,602,596,145.0,112.0,87.0,1198,16.0,14.0,30.0,14.0,31.0,44.0,14.0,88.0,713,14.0,,9.0,6.0,15.0,3.0,3.0,4.0,36.0,19.0,34.0,54.0,8.0,6.0,4.0,,2.0,12.0,2.0,13.0,27.0,15.0,22.0,10.0,2.0,7.0,6.0,7.0,145.0,2.0,0.5176470588235295,0.5866666666666667,,,13.837375178316691,0.6666666666666666,0.15702479338842976,0.1111111111111111,0.3333333333333333,0.21333333333333335,0.18666666666666668,0.4,0.18666666666666668,0.8,0.5530706666666667,0.12048192771084337,0.2564102564102564,5.370967741935485,24.009090909090904,0.24086378737541528,10.0,3.0,5.0,2.0,2.0,1.0,6.0,6.0,16.0,14.0,3.0,7.0,16.0,4.0,6.0,11.0,29.0,18.0,39.0,6.0,9.0,11.0,12.0,20.0,2.0,1.0,5.0,29.0,0.5625,0.5625,0.9285714285714286,0.3181818181818182,0.3181818181818182,0.5161290322580645,0.42857142857142855,0.6666666666666666,0.49333333333333335,0.5454545454545454,0.6764705882352942,0.5333333333333333,0.6904761904761905,0.06285714285714286,0.0759493670886076,0.06923076923076923,0.06557377049180328,0.05172413793103448,0.04395604395604396,0.09411764705882353,0.10416666666666667,0.15517241379310345,0.06779661016949153,0.1,0.045454545454545456,0.7142857142857143,0.625,0.625,0.6,0.013333333333333334,0.42857142857142855,0.42857142857142855,0.8333333333333334,0.45454545454545453,0.6,,0.11764705882352941,1.0,0.35294117647058826,0.42857142857142855,0.6149777777777778,0.5254470588235295,0.18181818181818182,0.32954545454545453,5.0,8.0,5.0,14.0,,,4.0,,3.0,11.0,6.0,2.0,2.0,,,0.375,,0.35714285714285715,0.35714285714285715,0.6,0.26666666666666666,0.26666666666666666,1.0,0.29411764705882354,1.0,,2.0,4.0,4.0,5.0,6.0,1.0,3.0,1.0,4.0,0.45454545454545453,,1.0,1.0,,,0.3333333333333333,5.0,1.0,1.0,1.0,,,0.022222222222222223,,2.0,0.5,0.15384615384615385,,,3.0,,False,2.0,4.0,,1.0,,,,,,0.36363636363636365,0.5,1.0,,3.0,0.6,,,,,,,,,,,
1641998,1610612740,Trey Jemison III,Trey Jemison III,1641998,NOP,8619.0,144,-4.0,285,284,71.0,96.0,44.0,569,16.0,10.0,,,27.0,,8.0,36.0,311,,,7.0,2.0,9.0,1.0,1.0,3.0,20.0,5.0,20.0,41.0,4.0,1.0,5.0,,3.0,9.0,,10.0,24.0,10.0,19.0,8.0,2.0,5.0,3.0,5.0,71.0,2.0,0.5,,,,13.274336283185841,0.4444444444444444,0.08064516129032258,0.14285714285714285,,0.5925925925925926,0.37037037037037035,,,0.5925925925925926,0.5593555555555554,0.23529411764705882,0.23529411764705882,4.155555555555555,,0.24912280701754386,11.0,4.0,7.0,3.0,5.0,1.0,,,14.0,,4.0,8.0,12.0,4.0,8.0,,12.0,20.0,,,9.0,12.0,15.0,21.0,1.0,,4.0,12.0,0.7142857142857143,0.9090909090909091,,,,0.5185185185185185,0.5,0.5,0.5185185185185185,0.5,0.5,0.46153846153846156,0.5,0.13953488372093023,0.19230769230769232,0.16071428571428573,0.14788732394366197,0.12,0.175,0.10526315789473684,0.04,0.13793103448275862,0.2,0.18181818181818182,0.14285714285714285,0.8,0.6875,0.7857142857142857,0.6363636363636364,0.037037037037037035,,,,0.875,0.5714285714285714,,0.625,0.6,,,0.6135666666666667,0.5246375,0.3333333333333333,0.3333333333333333,3.0,,,8.0,6.0,4.0,4.0,,,6.0,4.0,1.0,1.0,0.14814814814814814,0.125,,,0.3,0.375,1.0,,,,,,,,,4.0,,4.0,,3.0,2.0,,,0.2,,,,,,2.0,,5.0,,,,0.2777777777777778,,,,0.09523809523809523,,,,,False,,,,,,,,,,,,,,,,,,2.0,,,,,,,,
1631255,1610612740,Karlo Matković,Karlo Matković,1631255,NOP,34248.0,571,-97.0,1186,1187,282.0,317.0,150.0,2373,73.0,35.0,26.0,14.0,108.0,40.0,25.0,202.0,1421,14.0,1.0,19.0,11.0,30.0,10.0,1.0,8.0,71.0,55.0,100.0,151.0,16.0,13.0,17.0,1.0,3.0,33.0,6.0,49.0,74.0,26.0,31.0,17.0,2.0,31.0,16.0,32.0,282.0,1.0,0.63125,0.2702702702702703,0.025,,14.180749448934607,0.48484848484848486,0.2301255230125523,0.1773308957952468,0.19047619047619047,0.49324324324324326,0.23648648648648649,0.17567567567567569,0.0945945945945946,0.7635135135135135,0.5704756756756755,0.10759493670886076,0.1440677966101695,3.2666666666666675,24.34499999999999,0.23777403035413153,53.0,18.0,28.0,14.0,19.0,,3.0,3.0,69.0,13.0,20.0,30.0,44.0,18.0,26.0,9.0,53.0,92.0,39.0,3.0,19.0,31.0,42.0,51.0,3.0,6.0,18.0,53.0,0.6666666666666666,0.8846153846153846,1.0,0.325,0.325,0.6388888888888888,0.6666666666666666,0.6923076923076923,0.597972972972973,0.625,0.6,0.6470588235294118,0.6794871794871795,0.10472972972972973,0.13636363636363635,0.07037037037037037,0.08833922261484099,0.11607142857142858,0.10144927536231885,0.06951871657754011,0.18947368421052632,0.28431372549019607,0.13675213675213677,0.13513513513513514,0.05263157894736842,0.5625,0.726027397260274,0.7794117647058824,0.6037735849056604,,0.21428571428571427,0.21428571428571427,1.0,0.875,0.6428571428571429,0.05555555555555555,0.5428571428571428,0.7368421052631579,0.08571428571428572,0.21428571428571427,0.560446,0.5957271428571429,0.21782178217821782,0.2623762376237624,16.0,10.0,6.0,46.0,34.0,7.0,9.0,1.0,3.0,15.0,11.0,3.0,7.0,0.06481481481481481,0.0684931506849315,0.11538461538461539,0.03125,0.45714285714285713,0.48484848484848486,0.875,0.38461538461538464,0.4,1.0,0.17142857142857143,,2.0,1.0,2.0,4.0,2.0,11.0,2.0,4.0,15.0,2.0,0.2222222222222222,0.05714285714285714,,,,0.0625,0.3333333333333333,4.0,5.0,6.0,,1.0,1.0,0.07228915662650602,,,,0.08695652173913043,,,,1.0,False,,,,1.0,,,,,,,,,,1.0,0.16666666666666666,,,4.0,,1.0,,,,0.038461538461538464,1.0,
1628964,1610612740,Mo Bamba,Mo Bamba,1628964,NOP,3662.0,61,-22.0,114,115,16.0,29.0,17.0,229,4.0,1.0,2.0,2.0,5.0,4.0,2.0,10.0,147,2.0,,1.0,1.0,2.0,1.0,,,5.0,9.0,19.0,25.0,1.0,,,,1.0,1.0,,5.0,7.0,1.0,2.0,1.0,,2.0,2.0,3.0,16.0,,0.5,0.4444444444444444,,,8.396946564885496,1.0,0.3333333333333333,0.3,,0.4444444444444444,0.1111111111111111,0.2222222222222222,0.2222222222222222,0.8888888888888888,0.5822555555555556,0.1,0.16666666666666666,2.78,24.45,0.14035087719298245,3.0,2.0,2.0,1.0,1.0,,,,4.0,,2.0,2.0,6.0,2.0,2.0,1.0,4.0,6.0,,,1.0,5.0,9.0,6.0,,,2.0,4.0,0.75,1.0,,,,0.8,1.0,1.0,0.4444444444444444,1.0,0.6666666666666666,1.0,0.6666666666666666,0.19230769230769232,0.2727272727272727,0.03571428571428571,0.1111111111111111,,0.2727272727272727,,0.4166666666666667,0.4444444444444444,0.36,,,0.6666666666666666,0.75,0.75,0.6666666666666666,,,,,1.0,1.0,0.5,0.3333333333333333,1.0,,,0.6193,0.5432,0.6,0.4,1.0,,1.0,2.0,2.0,,1.0,,1.0,,,,,,,0.3333333333333333,,1.0,1.0,1.0,,,,0.3333333333333333,,,,,2.0,,,,,,,,,,,,,,,,,,1.0,,0.16666666666666666,,,,0.5,,,,,False,,,,,,,,,,,,,,,,,,,,,,1.0,,,,
1628971,1610612740,Bruce Brown,Bruce Brown,1628971,NOP,20826.0,347,-123.0,706,709,211.0,193.0,92.0,1415,36.0,34.0,18.0,10.0,74.0,28.0,16.0,100.0,861,10.0,1.0,22.0,16.0,38.0,9.0,7.0,10.0,92.0,13.0,39.0,56.0,11.0,6.0,2.0,,5.0,13.0,3.0,12.0,29.0,14.0,21.0,9.0,3.0,1.0,1.0,1.0,206.0,2.0,0.45045045045045046,0.27450980392156865,0.03571428571428571,,15.233415233415233,0.8461538461538461,0.10236220472440945,0.12292358803986711,0.13043478260869565,0.35294117647058826,0.3333333333333333,0.17647058823529413,0.09803921568627451,0.6274509803921569,0.545974019607843,0.08333333333333333,0.1125,5.883783783783783,24.00714285714286,0.2988668555240793,22.0,5.0,5.0,6.0,11.0,4.0,3.0,3.0,30.0,8.0,6.0,6.0,15.0,7.0,18.0,8.0,27.0,34.0,24.0,3.0,11.0,6.0,24.0,17.0,4.0,,,26.0,0.5666666666666667,0.6538461538461539,1.0,0.2857142857142857,0.2857142857142857,0.40540540540540543,1.0,0.3888888888888889,0.4117647058823529,0.75,0.38461538461538464,0.8333333333333334,0.43548387096774194,0.028985507246376812,0.13793103448275862,0.0718954248366013,0.04722222222222222,0.046511627906976744,0.021052631578947368,0.08108108108108109,0.13793103448275862,0.043478260869565216,0.12121212121212122,0.19047619047619047,0.07017543859649122,,0.6111111111111112,0.6470588235294118,0.5454545454545454,0.0392156862745098,0.3,0.3,1.0,0.625,1.0,0.4,0.4230769230769231,0.5454545454545454,0.11538461538461539,0.3,0.6456500000000001,0.5563000000000001,0.15,0.27,8.0,5.0,5.0,26.0,8.0,6.0,11.0,,2.0,11.0,8.0,,3.0,0.08108108108108109,0.05555555555555555,0.0625,,0.23529411764705882,0.26666666666666666,0.625,0.2777777777777778,0.29411764705882354,1.0,0.19230769230769232,,1.0,1.0,2.0,3.0,2.0,7.0,1.0,2.0,,7.0,0.25,0.11764705882352941,,,,0.125,0.3333333333333333,3.0,2.0,,,,,0.047619047619047616,,,,,,,,,False,,1.0,,,,,,,,0.125,,,,1.0,0.2,,,,,,,,,0.05555555555555555,,
203482,1610612740,Kelly Olynyk,Kelly Olynyk,203482,NOP,18725.0,312,42.0,635,636,102.0,79.0,99.0,1271,38.0,24.0,5.0,19.0,71.0,24.0,23.0,128.0,704,19.0,,30.0,11.0,41.0,9.0,2.0,8.0,93.0,16.0,56.0,78.0,14.0,10.0,7.0,2.0,4.0,21.0,3.0,26.0,38.0,28.0,30.0,11.0,5.0,7.0,3.0,7.0,99.0,4.0,0.5871559633027523,0.25263157894736843,,,17.195767195767196,0.6666666666666666,0.11347517730496454,0.14285714285714285,0.19230769230769232,0.4,0.25263157894736843,0.05263157894736842,0.2,0.6526315789473685,0.5349510526315789,0.10576923076923077,0.1375,5.385915492957745,25.458333333333332,0.16062992125984252,23.0,8.0,12.0,3.0,4.0,9.0,6.0,2.0,39.0,9.0,12.0,20.0,27.0,8.0,12.0,3.0,28.0,40.0,18.0,6.0,4.0,16.0,30.0,22.0,5.0,3.0,2.0,27.0,0.5128205128205128,0.6896551724137931,0.6666666666666666,0.375,0.375,0.5492957746478874,0.6,0.6666666666666666,0.5526315789473685,0.5217391304347826,0.6333333333333333,0.54,0.6666666666666666,0.0855614973262032,0.16574585635359115,0.03389830508474576,0.06557377049180328,0.10526315789473684,0.0821917808219178,0.022988505747126436,0.05454545454545454,0.13333333333333333,0.17391304347826086,0.13953488372093023,0.1282051282051282,0.2857142857142857,0.6052631578947368,0.6571428571428571,0.4782608695652174,0.09473684210526316,0.3157894736842105,0.3157894736842105,0.6666666666666666,0.5217391304347826,0.6666666666666666,,0.26666666666666666,0.75,0.13333333333333333,0.3157894736842105,0.5326690476190475,0.48116,0.2109375,0.21875,13.0,3.0,1.0,38.0,20.0,5.0,22.0,2.0,10.0,8.0,4.0,,2.0,0.07042253521126761,0.07894736842105263,0.47619047619047616,0.09090909090909091,0.5416666666666666,0.5909090909090909,0.6153846153846154,0.6,0.6,0.6666666666666666,0.06666666666666667,3.0,3.0,,3.0,3.0,1.0,9.0,,6.0,4.0,1.0,0.3333333333333333,0.08333333333333333,0.3333333333333333,0.3333333333333333,0.3333333333333333,0.13043478260869565,,4.0,2.0,,1.0,,,0.06451612903225806,,,,,,,9.0,1.0,False,,,,,,,,1.0,,,,,,1.0,1.0,,3.0,1.0,,,,,,,,
1631232,1610612740,Keion Brooks Jr.,Keion Brooks Jr.,1631232,NOP,586.0,10,-10.0,24,23,21.0,2.0,1.0,47,,,,1.0,1.0,1.0,2.0,4.0,25,1.0,,1.0,,1.0,,,,2.0,,2.0,3.0,,,,,,,,1.0,1.0,2.0,4.0,1.0,1.0,,,,21.0,1.0,0.5,0.5,,,16.0,,,0.2,,,,,0.5,0.5,0.47155,0.3333333333333333,0.5,14.1,24.9,0.875,,,,,,1.0,,1.0,1.0,,,,1.0,1.0,1.0,1.0,4.0,2.0,,,1.0,,2.0,1.0,,1.0,,4.0,1.0,1.0,,,,1.0,,1.0,0.5,,0.5,0.5,0.5,,0.2222222222222222,0.2,0.1,,,0.2,,,0.14285714285714285,0.5,,,,,,0.5,,,,,,,,,0.5,,,0.47155,0.25,1.0,,,,,,,1.0,,,,,,,,,,,,,,,,,,1.0,,,,1.0,,2.0,,,,,,,1.0,1.0,1.0,,,,,,,,,,,,,,,,,,False,,,,,,,,,,,,,,,,,,,,,,,,,,
1628970,1610612766,Miles Bridges,Miles Bridges,1628970,CHA,4389.0,73,-30.0,142,148,44.0,36.0,12.0,290,4.0,16.0,2.0,13.0,23.0,15.0,11.0,46.0,168,13.0,,3.0,4.0,7.0,1.0,3.0,1.0,18.0,5.0,15.0,15.0,3.0,1.0,2.0,,2.0,5.0,3.0,1.0,3.0,9.0,14.0,4.0,2.0,1.0,,1.0,44.0,2.0,0.5113636363636364,0.39473684210526316,,,31.612903225806452,0.6,0.1388888888888889,0.1686746987951807,0.125,0.10526315789473684,0.42105263157894735,0.05263157894736842,0.34210526315789475,0.5,0.4844276315789474,0.09523809523809523,0.14814814814814814,7.817391304347827,26.1,0.30985915492957744,2.0,,,,1.0,3.0,4.0,5.0,10.0,5.0,,,,3.0,5.0,7.0,21.0,10.0,15.0,4.0,,,9.0,,,1.0,1.0,21.0,0.5,0.5,1.0,0.3333333333333333,0.3333333333333333,0.43478260869565216,,0.6,0.4605263157894737,,0.625,,0.6666666666666666,,0.19148936170212766,,,,,,0.1,0.16666666666666666,0.2,0.16666666666666666,,1.0,0.5,0.5,1.0,0.07894736842105263,0.3076923076923077,0.3076923076923077,1.0,,,,0.08333333333333333,,0.4166666666666667,0.3076923076923077,0.49815,0.45977083333333324,,0.45652173913043476,7.0,1.0,2.0,10.0,,2.0,2.0,,1.0,1.0,1.0,1.0,,0.08695652173913043,,0.3333333333333333,,0.4375,0.4666666666666667,0.2857142857142857,0.5,0.5,1.0,0.16666666666666666,1.0,,2.0,1.0,,3.0,6.0,,1.0,,1.0,0.42857142857142855,0.0625,0.3333333333333333,0.5,1.0,,0.4,,,,,,,,,,,,,,,1.0,True,,1.0,,1.0,,2.0,,,0.3333333333333333,1.0,,,,1.0,0.5,,,,1.0,,,,,,,
1629610,1610612766,DaQuan Jeffries,DaQuan Jeffries,1629610,CHA,1806.0,30,-18.0,61,62,22.0,13.0,5.0,123,,2.0,3.0,1.0,2.0,4.0,,2.0,73,1.0,,,1.0,1.0,1.0,,,3.0,,,,2.0,1.0,2.0,,1.0,4.0,3.0,1.0,2.0,,,,,1.0,,1.0,22.0,,0.16666666666666666,0.6666666666666666,,,15.15151515151515,0.5,,,,,0.3333333333333333,0.5,0.16666666666666666,0.6666666666666666,0.5288083333333333,,,7.25,24.325,0.36065573770491804,,,,,,,,,1.0,,,,,1.0,1.0,2.0,2.0,2.0,,,,,,,,,1.0,2.0,1.0,1.0,,,,0.5,,1.0,0.16666666666666666,,0.3333333333333333,,0.3333333333333333,,,,,,,,,,,,,1.0,,,,,,,,,,,,,,,,0.5508666666666667,,1.0,1.0,,2.0,,,1.0,,,,,,,,0.5,,,,0.5,1.0,1.0,,,,0.6666666666666666,,,,,,,,,,1.0,,,0.5,,,,,,,,,,,,,,,,,,,,1.0,True,,,1.0,,,,,,,,,,,,,,,,,,,,,,,
1630182,1610612766,Josh Green,Josh Green,1630182,CHA,2950.0,49,-17.0,95,98,8.0,13.0,6.0,193,1.0,7.0,7.0,2.0,9.0,9.0,,22.0,102,2.0,,1.0,,1.0,,,,2.0,,,,1.0,,1.0,,1.0,2.0,,1.0,2.0,1.0,,,,,,,8.0,,0.6111111111111112,0.5,,,19.607843137254903,0.5,,,,0.05555555555555555,0.3888888888888889,0.3888888888888889,0.1111111111111111,0.5555555555555556,0.5185388888888888,,,7.2555555555555555,24.266666666666666,0.08421052631578947,,,,,,1.0,,,5.0,4.0,,,,,1.0,,,10.0,12.0,,,,,,,,,,1.0,1.0,1.0,0.4444444444444444,0.4444444444444444,0.5555555555555556,,,0.6111111111111112,,,,,,,,,,,,,,,,,,,,,0.05555555555555555,,,,,,,,,,,0.6354,0.4144,,,5.0,4.0,,,,1.0,1.0,,,2.0,1.0,,,0.1111111111111111,1.0,,,0.7142857142857143,0.7142857142857143,1.0,0.5714285714285714,0.5714285714285714,1.0,,,,,1.0,,,,,,,,,,,,,,,1.0,1.0,,,,,,,,,,,,,,True,,1.0,,,,,,,,1.0,,,,,,,,,,,,,,,,
1641878,1610612766,Damion Baugh,Damion Baugh,1641878,CHA,1051.0,18,-12.0,34,34,6.0,,3.0,68,,3.0,1.0,5.0,3.0,6.0,3.0,13.0,38,5.0,,2.0,,2.0,,,1.0,4.0,2.0,5.0,5.0,1.0,1.0,,,,1.0,,,,2.0,4.0,2.0,,,,,6.0,,0.5909090909090909,0.6666666666666666,,,30.0,1.0,0.2857142857142857,0.3333333333333333,,,0.3333333333333333,0.1111111111111111,0.5555555555555556,0.6666666666666666,0.4646166666666666,0.18181818181818182,0.4,6.7,25.900000000000002,0.17647058823529413,,,,,,,2.0,2.0,2.0,2.0,,1.0,,,1.0,2.0,3.0,2.0,6.0,2.0,,,3.0,,,,,3.0,0.5,0.5,1.0,0.3333333333333333,0.3333333333333333,0.6666666666666666,,,0.5555555555555556,,0.5,,0.5,,0.375,,,,,,,0.5,0.4,0.3333333333333333,,,,,,,0.4,0.4,1.0,,,,,,0.6666666666666666,0.4,0.4702,0.4497166666666667,,0.23076923076923078,2.0,,,2.0,,1.0,1.0,,,,,,,0.3333333333333333,,,,0.6666666666666666,1.0,0.5,,,,,,1.0,1.0,1.0,,1.0,,,,,,0.5,0.3333333333333333,,,,0.5,0.5,,,,,,,,,,,,,,,,True,,,,,,,,,,,,,,,,,,,,,,,,,,
203901,1610612766,Elfrid Payton,Elfrid Payton,203901,CHA,7399.0,123,-54.0,247,251,76.0,65.0,26.0,498,1.0,19.0,,,21.0,,,6.0,275,,,11.0,9.0,20.0,6.0,3.0,8.0,49.0,4.0,12.0,13.0,5.0,4.0,2.0,,1.0,7.0,4.0,5.0,12.0,1.0,,,,3.0,2.0,3.0,76.0,,0.14285714285714285,,,,10.071942446043167,0.7142857142857143,0.06779661016949153,0.09375,0.09090909090909091,0.047619047619047616,0.9047619047619048,,,0.047619047619047616,0.45223333333333327,,,8.69047619047619,,0.3076923076923077,,,,,,1.0,,,3.0,,1.0,3.0,2.0,1.0,6.0,,2.0,,,,,1.0,8.0,1.0,,,2.0,2.0,,,,,,0.14285714285714285,0.3333333333333333,0.16666666666666666,0.14285714285714285,0.3333333333333333,0.16666666666666666,0.3333333333333333,0.16666666666666666,0.012345679012345678,0.11594202898550725,,0.007352941176470588,,0.018518518518518517,,0.058823529411764705,0.06451612903225806,0.09433962264150944,0.1875,,0.6666666666666666,,,,0.047619047619047616,,,,,,,,,,,0.45480000000000004,0.4371833333333333,0.3333333333333333,0.3333333333333333,3.0,,,6.0,,2.0,2.0,,,6.0,5.0,,,0.09523809523809523,,,,0.15789473684210525,0.17647058823529413,,,,,,,,,,,,,1.0,2.0,1.0,2.0,,0.10526315789473684,,,,,,1.0,2.0,,,,,,,,,,,,,,True,,,,,,,,,,,,,,,,,,,,,,,,,,
1631109,1610612766,Mark Williams,Mark Williams,1631109,CHA,665.0,11,-18.0,21,22,4.0,1.0,,43,2.0,3.0,,,5.0,,,4.0,29,,,,,,,,,,1.0,3.0,3.0,,,,,,,,,,,,,,,,,4.0,,0.4,,,,22.727272727272727,,0.3333333333333333,0.2727272727272727,,0.4,0.6,,,0.4,0.55628,,,5.52,,0.19047619047619047,1.0,,,1.0,2.0,,,,2.0,,,,,1.0,2.0,,2.0,4.0,,,,,2.0,,,,,2.0,1.0,1.0,,,,0.4,,0.5,0.4,,0.5,,0.5,,0.25,,,,,,,0.3333333333333333,0.14285714285714285,1.0,,,0.5,0.5,1.0,,,,,,,,1.0,0.5,,,,0.7239,,0.5,1.0,,,,,,,,,,,,,,,,,0.3333333333333333,0.3333333333333333,1.0,,,,,,,,,,,,,,,,,,,,,,,,,,,,,,,,,,,,,,True,,,,,,,,,,,,,,,,,,,,,,,,,,
1641733,1610612766,Nick Smith Jr.,Nick Smith Jr.,1641733,CHA,2924.0,49,-16.0,99,100,22.0,26.0,13.0,199,2.0,8.0,1.0,8.0,13.0,9.0,1.0,18.0,105,8.0,,3.0,1.0,4.0,1.0,,2.0,9.0,1.0,4.0,4.0,3.0,2.0,3.0,,1.0,6.0,2.0,,1.0,1.0,1.0,,,,,,22.0,,0.38636363636363635,0.4090909090909091,,,24.56140350877193,0.5,0.038461538461538464,0.05660377358490566,,0.09090909090909091,0.36363636363636365,0.045454545454545456,0.36363636363636365,0.5,0.504575,,,9.723076923076924,26.644444444444442,0.2222222222222222,1.0,,,,,3.0,3.0,1.0,4.0,3.0,1.0,2.0,2.0,,2.0,2.0,3.0,,9.0,3.0,,,2.0,,,,,3.0,,,1.0,0.3333333333333333,0.3333333333333333,0.3076923076923077,0.5,,0.38636363636363635,0.3333333333333333,0.375,0.3333333333333333,0.375,,0.07407407407407407,,,,,,,0.08333333333333333,0.041666666666666664,0.3333333333333333,,,0.5,1.0,,0.13636363636363635,0.375,0.375,1.0,,,,,,0.25,0.375,0.36998333333333333,0.49341250000000003,0.1111111111111111,0.16666666666666666,2.0,,1.0,8.0,,2.0,1.0,,1.0,1.0,1.0,,,0.15384615384615385,0.5,0.5,,0.25,0.2857142857142857,,,,,0.25,1.0,1.0,1.0,1.0,,1.0,,,,,,0.5,0.125,0.3333333333333333,0.3333333333333333,,0.3333333333333333,1.0,,1.0,,,,,,,,,,,,,2.0,True,,,,,,1.0,,,,,,,,,,,,,,,,,,,,
1631209,1610612766,Isaiah Wong,Isaiah Wong,1631209,CHA,1346.0,22,-16.0,44,46,27.0,9.0,2.0,90,,5.0,1.0,2.0,7.0,3.0,2.0,17.0,55,2.0,,,1.0,1.0,,1.0,,3.0,,1.0,1.0,2.0,1.0,,,1.0,2.0,1.0,1.0,1.0,1.0,2.0,1.0,,,,,27.0,,0.7727272727272727,0.3,,,28.26086956521739,1.0,,0.047619047619047616,,,0.5,0.1,0.2,0.3,0.458735,0.09090909090909091,0.125,12.928571428571429,24.933333333333334,0.6136363636363636,,,,,,2.0,2.0,1.0,3.0,3.0,,,,2.0,4.0,1.0,7.0,4.0,9.0,2.0,,,1.0,,,,,7.0,0.6666666666666666,0.6666666666666666,1.0,1.0,1.0,0.42857142857142855,,0.5,0.75,,0.7,,0.7,,0.07692307692307693,,,,,,,,,0.3333333333333333,,,,,,0.2,1.0,1.0,1.0,,,,,,0.2,1.0,,0.46197,,0.4117647058823529,2.0,1.0,,2.0,,,,,,,,,,,,,,0.4,0.4,0.5,1.0,1.0,1.0,,1.0,,1.0,,,1.0,,,,,,1.0,,0.5,0.5,1.0,,1.0,,,,,,,,,,,,,,,,True,,,,,,,,,,,,,,,,,,,,,,,,,,
1642354,1610612766,KJ Simpson,KJ Simpson,1642354,CHA,426.0,7,5.0,13,12,5.0,4.0,1.0,25,,,,1.0,,1.0,2.0,2.0,14,1.0,,,2.0,2.0,2.0,,,6.0,,,,,,,,,,,,,2.0,2.0,,1.0,,,,5.0,1.0,0.5,1.0,,,14.285714285714285,,,,,,,,1.0,1.0,0.57165,,,,25.0,0.38461538461538464,,,,,,,,,,,,,,,,,2.0,,,,,,,,,1.0,,2.0,,,,,,,,,,,,,1.0,,,,,,,,,,,,,,,,,,,,,,,,,,,,,,,1.0,,,,,,,,,,,,,,,,,,,,,,,,,,,,,,,2.0,,,,,,,,,,,,,,,,,,,,,,,,,,,True,,,,,,,,,,,,,,,,,,,,,,,,,,
201959,1610612766,Taj Gibson,Taj Gibson,201959,CHA,1328.0,22,-6.0,43,43,23.0,9.0,4.0,86,2.0,3.0,,,6.0,,2.0,8.0,46,,,,,,,,,,3.0,8.0,12.0,,,,,,,,2.0,2.0,1.0,2.0,,1.0,1.0,,1.0,23.0,1.0,0.5714285714285714,,,,14.583333333333334,,0.3333333333333333,0.3333333333333333,,0.3333333333333333,0.5,,,0.3333333333333333,0.4812,,,6.5,,0.5348837209302325,2.0,1.0,1.0,,,1.0,,,3.0,,1.0,2.0,2.0,,1.0,,2.0,4.0,,,1.0,3.0,5.0,4.0,,,,2.0,0.6666666666666666,1.0,,,,0.5,0.5,,0.5,0.5,,0.5,0.5,0.1875,0.3333333333333333,0.2,0.19047619047619047,,0.21428571428571427,,0.3333333333333333,0.4,0.3333333333333333,0.3333333333333333,,,1.0,1.0,0.5,0.16666666666666666,,,,0.5,1.0,,,,,,0.47345000000000004,0.3853,0.25,0.25,1.0,,,2.0,2.0,,,,,1.0,1.0,,,,,,,0.3333333333333333,0.3333333333333333,1.0,,,,,,,,,,,2.0,,,1.0,,,,,,,,,,,,,,,1.0,,,,,,,,,True,,,,,,,,,,,,,,,,,,,,,,,,,,
203994,1610612766,Jusuf Nurkić,Jusuf Nurkić,203994,CHA,3286.0,55,-9.0,113,114,26.0,29.0,14.0,227,9.0,9.0,,11.0,18.0,11.0,4.0,31.0,120,11.0,,11.0,4.0,15.0,3.0,1.0,5.0,34.0,10.0,22.0,30.0,1.0,1.0,3.0,1.0,,4.0,1.0,1.0,5.0,8.0,6.0,4.0,,4.0,2.0,4.0,26.0,,0.5,0.3793103448275862,,,27.77777777777778,0.25,0.3333333333333333,0.36065573770491804,0.25,0.3103448275862069,0.3103448275862069,,0.3793103448275862,0.6896551724137931,0.5578655172413792,0.12903225806451613,0.2,3.966666666666667,26.127272727272725,0.23008849557522124,7.0,3.0,4.0,3.0,4.0,,1.0,,12.0,1.0,4.0,5.0,9.0,3.0,4.0,,6.0,18.0,3.0,1.0,2.0,6.0,12.0,8.0,2.0,2.0,4.0,6.0,0.75,1.0,1.0,0.09090909090909091,0.09090909090909091,0.6666666666666666,0.8,0.75,0.46551724137931033,0.6666666666666666,0.75,0.75,0.75,0.18181818181818182,0.3870967741935484,0.06666666666666667,0.12698412698412698,0.18181818181818182,0.2222222222222222,0.08333333333333333,,0.47058823529411764,0.4,0.3333333333333333,0.125,1.0,0.7777777777777778,0.7777777777777778,0.7142857142857143,,0.09090909090909091,0.09090909090909091,1.0,0.6666666666666666,0.75,0.3333333333333333,1.0,0.75,,0.09090909090909091,0.62712,0.7837000000000001,0.2903225806451613,0.1935483870967742,5.0,,,6.0,6.0,,5.0,,,4.0,2.0,2.0,2.0,,,,,0.5555555555555556,0.5555555555555556,0.8,,,,,,1.0,,1.0,1.0,,,1.0,,2.0,1.0,,,,,,0.16666666666666666,,2.0,,1.0,,,,,,,,,,,,,True,,,,1.0,,,,,,,,,,,,,,,,,,,,,,
1642275,1610612766,Tidjane Salaün,Tidjane Salaün,1642275,CHA,3960.0,66,-21.0,133,133,48.0,36.0,17.0,266,2.0,5.0,,13.0,8.0,13.0,6.0,13.0,133,13.0,,2.0,,2.0,,,1.0,4.0,5.0,9.0,12.0,2.0,1.0,,,1.0,2.0,2.0,1.0,3.0,5.0,7.0,4.0,,1.0,1.0,1.0,48.0,,0.2708333333333333,0.6190476190476191,,,16.883116883116884,1.0,0.16129032258064516,0.11940298507462686,0.25,0.09523809523809523,0.23809523809523808,,0.6190476190476191,0.7142857142857143,0.5040380952380952,0.16666666666666666,0.36363636363636365,7.725,26.87692307692308,0.3609022556390977,1.0,,1.0,1.0,1.0,1.0,1.0,2.0,2.0,1.0,,1.0,,2.0,5.0,2.0,8.0,4.0,,1.0,1.0,2.0,3.0,3.0,,1.0,1.0,8.0,1.0,1.0,,0.07692307692307693,0.07692307692307693,0.25,,0.4,0.16666666666666666,,0.2857142857142857,,0.4444444444444444,0.04081632653061224,0.08333333333333333,0.03571428571428571,0.03896103896103896,,0.06451612903225806,0.038461538461538464,0.25,0.06666666666666667,0.1111111111111111,,,1.0,0.5,0.5,1.0,0.047619047619047616,0.07692307692307693,0.07692307692307693,,0.3333333333333333,,,0.14285714285714285,1.0,0.2857142857142857,0.07692307692307693,0.5424666666666667,0.4684285714285714,,0.6153846153846154,,,,,,1.0,1.0,,1.0,,,1.0,1.0,0.125,,0.5,,,,,,,,,1.0,2.0,,2.0,,,4.0,,,,,,0.2,1.0,1.0,1.0,0.6666666666666666,,,,,,,,,,,,,,,3.0,,True,,,,,,,,,,,,,,,,,,,,,,,,,,
203552,1610612766,Seth Curry,Seth Curry,203552,CHA,2324.0,39,-13.0,79,79,27.0,39.0,10.0,158,2.0,1.0,3.0,6.0,6.0,9.0,,21.0,88,6.0,,2.0,,2.0,,,,4.0,1.0,3.0,4.0,1.0,1.0,,,,1.0,,,3.0,4.0,,,,,,,27.0,,0.7,0.6,,,17.97752808988764,1.0,0.05555555555555555,0.07692307692307693,,0.13333333333333333,0.06666666666666667,0.2,0.4,0.7333333333333333,0.5021066666666667,,,12.166666666666666,25.544444444444444,0.34177215189873417,2.0,,,1.0,1.0,3.0,3.0,1.0,3.0,5.0,,,3.0,1.0,1.0,2.0,5.0,6.0,15.0,3.0,1.0,,2.0,1.0,1.0,,,5.0,1.0,1.0,1.0,0.5555555555555556,0.5555555555555556,0.5,,1.0,0.7,1.5,0.8333333333333334,1.5,0.8333333333333334,,0.09523809523809523,0.043478260869565216,0.022727272727272728,,,0.047619047619047616,0.14285714285714285,,0.14285714285714285,,0.14285714285714285,,1.0,1.0,1.0,0.2,0.5,0.5,1.0,,,,0.3333333333333333,1.0,0.3333333333333333,0.5,0.5121,0.5643833333333333,0.14285714285714285,0.23809523809523808,1.0,2.0,1.0,,,,1.0,,,4.0,2.0,,,,,,,1.0,1.0,1.0,0.6666666666666666,0.6666666666666666,1.0,0.3333333333333333,,,,1.0,,1.0,,1.0,,,1.0,0.5,,,,,,,2.0,,,,,,,,1.0,1.0,,,,,,True,1.0,1.0,,,,,,,,1.0,1.0,1.0,,1.0,1.0,,,,,,,,,,,
1631111,1610612766,Wendell Moore Jr.,Wendell Moore Jr.,1631111,CHA,1811.0,30,-21.0,65,65,22.0,26.0,9.0,130,8.0,1.0,,,12.0,,2.0,10.0,72,,,,1.0,1.0,1.0,,,3.0,,,2.0,,,,,,,,2.0,2.0,3.0,3.0,2.0,,,,,22.0,,0.38461538461538464,,,,16.666666666666668,,,,,0.6666666666666666,0.08333333333333333,,,0.6666666666666666,0.5827583333333334,0.15384615384615385,0.15384615384615385,5.733333333333333,,0.3384615384615385,4.0,1.0,2.0,2.0,4.0,3.0,,,4.0,,1.0,2.0,2.0,2.0,5.0,,6.0,6.0,,,,2.0,,2.0,,1.0,,6.0,0.75,1.0,,,,0.3333333333333333,0.5,0.4,0.3333333333333333,0.5,0.4,0.5,0.5,0.07692307692307693,,,0.05,,0.15384615384615385,,,,,,,,0.5,0.6666666666666666,0.75,0.25,,,,1.0,0.5,,0.8,0.5,,,0.7459,0.64738,0.2,0.6,,,,2.0,2.0,3.0,,,,1.0,1.0,,1.0,0.25,0.25,,,,,,,,,,,,,,,,2.0,,,,,,1.0,,,,,,,,,,,,,,,,,,,,,True,,,,,,,,,,,,,,,,,,,,,,,,,,
1631217,1610612766,Moussa Diabaté,Moussa Diabaté,1631217,CHA,1262.0,21,-19.0,44,45,18.0,19.0,7.0,89,2.0,3.0,,,5.0,,3.0,7.0,51,,,2.0,,2.0,,,,4.0,4.0,7.0,10.0,2.0,1.0,,,1.0,2.0,1.0,,1.0,3.0,6.0,2.0,1.0,,,,18.0,1.0,0.4375,,,,18.18181818181818,1.0,0.5,0.5,1.0,0.4,0.6,,,0.4,0.47946,0.2857142857142857,0.2857142857142857,5.459999999999999,,0.4090909090909091,1.0,,1.0,,1.0,,,,2.0,,1.0,2.0,2.0,,2.0,,2.0,4.0,,,,3.0,3.0,3.0,2.0,,,2.0,1.0,1.0,,,,0.4,0.5,,0.4,0.5,,0.5,0.25,0.15789473684210525,0.5,,0.1111111111111111,1.0,0.07692307692307693,,0.6,,0.6,,0.6666666666666666,,0.5,0.5,1.0,,,,,0.5,,,0.5,,,,0.4665,0.42575,0.2857142857142857,0.2857142857142857,1.0,,,,,,2.0,,,4.0,2.0,,,,,,,0.3333333333333333,0.3333333333333333,1.0,,,,,,,,,,,2.0,,,,1.0,,,,,,,,2.0,,,,,,,,,,0.2,,,,,True,,,,,,,,,,,,,,,,,,,,,,,,,,
1630163,1610612766,LaMelo Ball,LaMelo Ball,1630163,CHA,68.0,1,-5.0,2,3,2.0,,1.0,5,,,,,,,1.0,1.0,6,,,,,,,,,,,,,,,,,,,,,,1.0,2.0,,1.0,,,,2.0,1.0,0.5,,,,33.333333333333336,,,,,,,,,,,,,,,1.0,,,,,,,,,,,,,,,,,1.0,,,,,,,,,,,1.0,,,,,,,,,,,,,0.5,,,,,,,,,,,,,,,,,,,,,,,,,,,,,,,1.0,,,,,,,,,,,,,,,,,,,,,,,,,,,,,,,1.0,,,,,,,,,,,,,,,,,,,,,,,,,,,True,,,,,,,,,,,,,,,,,,,,,,,,,,
1628970,1610612766,Miles Bridges,Miles Bridges,1628970,CHA,100437.0,1674,-165.0,3462,3452,614.0,682.0,440.0,6914,275.0,226.0,96.0,269.0,528.0,365.0,179.0,1087.0,3975,262.0,7.0,123.0,79.0,202.0,59.0,20.0,34.0,483.0,120.0,349.0,408.0,79.0,45.0,30.0,5.0,34.0,109.0,21.0,44.0,80.0,149.0,205.0,99.0,10.0,37.0,18.0,39.0,607.0,7.0,0.5542476970317298,0.4087346024636058,0.019178082191780823,0.01486988847583643,27.29559748427673,0.7247706422018348,0.15810276679841898,0.19161676646706588,0.2112676056338028,0.3079507278835386,0.2530795072788354,0.10750279955207166,0.3012318029115342,0.7166853303471444,0.5361716139954854,0.10754912099276112,0.1652754590984975,5.0939393939393955,26.132328767123262,0.17735413056036972,179.0,30.0,41.0,29.0,42.0,27.0,83.0,65.0,274.0,120.0,40.0,56.0,164.0,53.0,95.0,81.0,236.0,270.0,324.0,83.0,25.0,29.0,200.0,59.0,15.0,1.0,20.0,232.0,0.4927007299270073,0.531496062992126,0.9,0.3287671232876712,0.33519553072625696,0.5189393939393939,0.7142857142857143,0.5578947368421052,0.5083986562150056,0.6697247706422018,0.5227272727272727,0.7068965517241379,0.58,0.03265765765765766,0.21953896816684962,0.029239766081871343,0.03098106712564544,0.040498442367601244,0.030434782608695653,0.03115264797507788,0.12203389830508475,0.16770186335403728,0.23055555555555557,0.17801047120418848,0.03529411764705882,0.5128205128205128,0.6509090909090909,0.7217741935483871,0.553072625698324,0.030235162374020158,0.30855018587360594,0.3132075471698113,0.8674698795180723,0.3761467889908257,0.7317073170731707,0.26666666666666666,0.23863636363636365,0.6904761904761905,0.3693181818181818,0.31679389312977096,0.5422437500000001,0.49431058823529433,0.15087396504139836,0.21711131554737811,87.0,37.0,16.0,278.0,40.0,57.0,84.0,5.0,29.0,39.0,29.0,3.0,28.0,0.10795454545454546,0.09818181818181818,0.3918918918918919,0.06578947368421052,0.38495575221238937,0.4393939393939394,0.367816091954023,0.3854166666666667,0.3978494623655914,0.972972972972973,0.09090909090909091,8.0,34.0,18.0,53.0,18.0,26.0,52.0,5.0,7.0,18.0,6.0,0.32098765432098764,0.12389380530973451,0.2962962962962963,0.32,0.5,0.3119266055045872,0.27692307692307694,10.0,13.0,3.0,4.0,2.0,1.0,0.023474178403755867,15.0,22.0,0.41509433962264153,0.018691588785046728,0.4411764705882353,1.0,36.0,5.0,False,7.0,19.0,,3.0,,5.0,5.0,,0.07407407407407407,0.1743119266055046,0.3684210526315789,1.0,0.01358695652173913,8.0,0.5,,2.0,3.0,1.0,,7.0,1.0,2.0,0.03125,,
1628998,1610612766,Cody Martin,Cody Martin,1628998,CHA,58033.0,967,-53.0,1982,1996,527.0,636.0,287.0,3978,78.0,33.0,61.0,63.0,144.0,124.0,34.0,306.0,2260,63.0,1.0,40.0,49.0,89.0,36.0,13.0,11.0,227.0,46.0,136.0,176.0,26.0,15.0,16.0,4.0,11.0,42.0,18.0,34.0,72.0,48.0,49.0,18.0,5.0,26.0,17.0,26.0,520.0,4.0,0.523972602739726,0.4626865671641791,0.008064516129032258,0.015873015873015872,14.477676636324231,0.6190476190476191,0.1038374717832957,0.12801678908709338,0.0847457627118644,0.291044776119403,0.12313432835820895,0.22761194029850745,0.23507462686567165,0.753731343283582,0.5566337686567167,0.06620209059233449,0.1111111111111111,7.131944444444445,24.703225806451613,0.2658930373360242,54.0,8.0,12.0,18.0,23.0,33.0,20.0,12.0,76.0,40.0,9.0,17.0,33.0,22.0,38.0,28.0,83.0,84.0,114.0,20.0,27.0,10.0,76.0,40.0,3.0,7.0,15.0,81.0,0.5526315789473685,0.5675675675675675,0.95,0.3225806451612903,0.3225806451612903,0.5277777777777778,0.5294117647058824,0.5789473684210527,0.5074626865671642,0.46551724137931033,0.5833333333333334,0.5,0.5763888888888888,0.021645021645021644,0.14901960784313725,0.051330798479087454,0.03744939271255061,0.030120481927710843,0.018433179723502304,0.06356968215158924,0.10204081632653061,0.11170212765957446,0.13216957605985039,0.21100917431192662,0.02158273381294964,0.5769230769230769,0.6923076923076923,0.75,0.5555555555555556,0.12313432835820895,0.31746031746031744,0.3225806451612903,0.95,0.41379310344827586,0.6666666666666666,0.75,0.3484848484848485,0.782608695652174,0.18181818181818182,0.31746031746031744,0.5571740000000002,0.5729386363636364,0.10784313725490197,0.27124183006535946,10.0,20.0,16.0,68.0,4.0,8.0,27.0,3.0,14.0,43.0,27.0,5.0,,0.05555555555555555,0.07692307692307693,0.25925925925925924,0.05,0.30303030303030304,0.3225806451612903,0.7,0.32786885245901637,0.32786885245901637,0.95,0.24242424242424243,12.0,8.0,5.0,12.0,6.0,11.0,6.0,2.0,9.0,7.0,8.0,0.39285714285714285,0.06060606060606061,0.36363636363636365,0.36363636363636365,0.4166666666666667,0.27586206896551724,0.4166666666666667,16.0,6.0,,8.0,,,0.008547008547008548,2.0,3.0,0.25,0.012658227848101266,0.25,1.0,6.0,1.0,False,1.0,4.0,4.0,,,,1.0,,,0.13793103448275862,0.25,1.0,0.008,6.0,0.375,,2.0,,2.0,,,,,,,
1629006,1610612766,Josh Okogie,Josh Okogie,1629006,CHA,8917.0,149,47.0,295,294,83.0,113.0,44.0,589,15.0,13.0,12.0,11.0,30.0,23.0,15.0,70.0,309,11.0,1.0,4.0,6.0,10.0,4.0,2.0,2.0,26.0,3.0,15.0,24.0,6.0,5.0,3.0,,1.0,9.0,3.0,4.0,11.0,14.0,19.0,10.0,1.0,4.0,2.0,5.0,83.0,1.0,0.5737704918032787,0.4339622641509434,0.043478260869565216,,20.0,0.6666666666666666,0.05357142857142857,0.08461538461538462,,0.2830188679245283,0.24528301886792453,0.22641509433962265,0.20754716981132076,0.7169811320754716,0.5690933962264152,0.16666666666666666,0.2702702702702703,4.353333333333334,24.67391304347826,0.28135593220338984,11.0,4.0,6.0,2.0,2.0,2.0,5.0,4.0,14.0,9.0,5.0,8.0,18.0,5.0,8.0,7.0,24.0,16.0,27.0,5.0,6.0,1.0,8.0,9.0,,,4.0,24.0,0.5714285714285714,0.6666666666666666,1.0,0.391304347826087,0.391304347826087,0.4666666666666667,0.625,0.625,0.5188679245283019,0.6666666666666666,0.6333333333333333,0.6923076923076923,0.6666666666666666,0.0136986301369863,0.10810810810810811,0.08571428571428572,0.04895104895104895,,0.03125,0.09433962264150944,0.037037037037037035,0.08333333333333333,0.09433962264150944,0.14285714285714285,,0.8,0.7333333333333333,0.7857142857142857,0.45454545454545453,0.03773584905660377,0.45454545454545453,0.45454545454545453,1.0,0.5,0.6666666666666666,,0.13333333333333333,1.0,0.26666666666666666,0.45454545454545453,0.5387166666666666,0.5266566666666667,0.2571428571428571,0.34285714285714286,3.0,4.0,3.0,12.0,4.0,5.0,1.0,2.0,4.0,19.0,12.0,,3.0,0.16666666666666666,0.06666666666666667,0.4444444444444444,0.2857142857142857,0.23076923076923078,0.3333333333333333,1.0,0.3333333333333333,0.36363636363636365,1.0,0.2,,1.0,2.0,4.0,2.0,3.0,5.0,1.0,,2.0,,0.42857142857142855,0.3076923076923077,,,,0.08333333333333333,0.5,7.0,2.0,,,1.0,,0.058823529411764705,1.0,2.0,0.5,,1.0,1.0,,,False,1.0,3.0,,1.0,,,,,,0.25,0.3333333333333333,1.0,,1.0,0.3333333333333333,,,,,,,1.0,,0.08333333333333333,,
1630163,1610612766,LaMelo Ball,LaMelo Ball,1630163,CHA,86434.0,1441,-104.0,2990,2970,550.0,638.0,401.0,5960,169.0,240.0,48.0,466.0,457.0,514.0,184.0,1140.0,3538,460.0,6.0,190.0,136.0,326.0,87.0,49.0,41.0,788.0,77.0,182.0,228.0,81.0,58.0,77.0,12.0,23.0,158.0,23.0,46.0,148.0,213.0,219.0,87.0,22.0,12.0,7.0,13.0,542.0,15.0,0.5304878048780488,0.529351184346035,0.011673151750972763,0.01072961373390558,35.10791366906475,0.5126582278481012,0.12145110410094637,0.13148283418553688,0.18947368421052632,0.17404737384140062,0.24716786817713698,0.04943357363542739,0.4799176107106076,0.7033985581874357,0.5216084112149533,0.08620689655172414,0.1650853889943074,6.841794310722101,27.58190661478599,0.18394648829431437,90.0,14.0,28.0,15.0,20.0,48.0,159.0,79.0,217.0,174.0,19.0,48.0,125.0,40.0,79.0,96.0,251.0,102.0,321.0,159.0,10.0,35.0,103.0,46.0,20.0,10.0,7.0,246.0,0.2350230414746544,0.2463768115942029,0.6149425287356322,0.33852140077821014,0.3425196850393701,0.474835886214442,0.3958333333333333,0.5063291139240507,0.4922760041194645,0.45614035087719296,0.5285714285714286,0.5,0.5868544600938967,0.05043227665706052,0.1401360544217687,0.012106537530266344,0.029605263157894735,0.04961832061068702,0.0449438202247191,0.008103727714748784,0.104,0.11418685121107267,0.13969335604770017,0.14189189189189189,0.03787878787878788,0.5384615384615384,0.5325443786982249,0.5660377358490566,0.2111111111111111,0.04943357363542739,0.34120171673819744,0.34490238611713664,0.5974842767295597,0.24561403508771928,0.5,0.14285714285714285,0.11428571428571428,0.75,0.4514285714285714,0.3456521739130435,0.5223320895522388,0.5018432352941177,0.10964912280701754,0.22017543859649122,108.0,15.0,17.0,332.0,20.0,35.0,137.0,1.0,2.0,52.0,38.0,12.0,17.0,0.07658643326039387,0.05917159763313609,0.03225806451612903,0.016666666666666666,0.45,0.5,0.2222222222222222,0.3125,0.3191489361702128,0.8,0.09714285714285714,19.0,49.0,29.0,66.0,21.0,35.0,66.0,12.0,18.0,4.0,24.0,0.3645833333333333,0.1,0.3958333333333333,0.40425531914893614,0.42105263157894735,0.4298245614035088,0.3670886075949367,14.0,25.0,18.0,9.0,1.0,,0.023923444976076555,16.0,22.0,0.3333333333333333,0.07894736842105263,0.32653061224489793,0.875,201.0,8.0,False,6.0,17.0,11.0,1.0,1.0,13.0,3.0,,0.020833333333333332,0.14912280701754385,0.35294117647058826,0.8333333333333334,0.005802707930367505,6.0,0.35294117647058826,3.0,,,1.0,,6.0,1.0,,0.020833333333333332,,
1630182,1610612766,Josh Green,Josh Green,1630182,CHA,104147.0,1736,-328.0,3545,3546,495.0,534.0,458.0,7091,80.0,49.0,135.0,87.0,150.0,222.0,43.0,437.0,4150,86.0,2.0,58.0,42.0,100.0,32.0,10.0,17.0,242.0,40.0,111.0,166.0,29.0,22.0,30.0,2.0,7.0,59.0,7.0,62.0,158.0,79.0,64.0,23.0,4.0,12.0,7.0,14.0,486.0,3.0,0.54625,0.5967741935483871,0.009009009009009009,,11.2279843444227,0.4915254237288136,0.052083333333333336,0.06569343065693431,0.07751937984496124,0.21505376344086022,0.13172043010752688,0.3629032258064516,0.23387096774193547,0.8118279569892473,0.5725130727762802,0.0707070707070707,0.13529411764705881,5.852666666666667,24.367567567567566,0.13963328631875882,47.0,10.0,11.0,8.0,9.0,21.0,32.0,16.0,71.0,84.0,12.0,17.0,64.0,13.0,17.0,26.0,69.0,82.0,246.0,32.0,41.0,13.0,68.0,55.0,2.0,6.0,6.0,68.0,0.5774647887323944,0.6212121212121212,0.9761904761904762,0.3783783783783784,0.38009049773755654,0.47333333333333333,0.7058823529411765,0.7647058823529411,0.5295698924731183,0.65625,0.686046511627907,0.6530612244897959,0.69,0.014508928571428572,0.0776255707762557,0.04456521739130435,0.02973568281938326,0.013850415512465374,0.007194244604316547,0.04782608695652174,0.038338658146964855,0.05521472392638037,0.07636887608069164,0.08241758241758242,0.010309278350515464,0.42857142857142855,0.5875,0.7121212121212122,0.5106382978723404,0.056451612903225805,0.367816091954023,0.367816091954023,0.96875,0.22916666666666666,0.9090909090909091,0.5,0.20930232558139536,0.8888888888888888,0.37209302325581395,0.37209302325581395,0.5682362068965517,0.5495321428571429,0.14645308924485126,0.15789473684210525,15.0,52.0,10.0,60.0,10.0,20.0,35.0,1.0,3.0,69.0,34.0,7.0,3.0,0.13333333333333333,0.175,0.04225352112676056,0.013157894736842105,0.30612244897959184,0.3488372093023256,0.6666666666666666,0.3851851851851852,0.39097744360902253,0.9807692307692307,0.23255813953488372,9.0,14.0,5.0,31.0,1.0,11.0,10.0,6.0,7.0,3.0,11.0,0.4230769230769231,0.12244897959183673,0.42857142857142855,0.42857142857142855,0.7777777777777778,0.2916666666666667,0.3125,35.0,11.0,11.0,20.0,2.0,2.0,0.034782608695652174,3.0,13.0,0.41935483870967744,0.0423728813559322,0.21428571428571427,1.0,6.0,1.0,False,10.0,17.0,3.0,2.0,,,5.0,,,0.3541666666666667,0.5882352941176471,0.9,0.022123893805309734,6.0,0.6,,,,2.0,,1.0,,1.0,0.014814814814814815,,
1631109,1610612766,Mark Williams,Mark Williams,1631109,CHA,55305.0,922,-202.0,1911,1900,239.0,206.0,230.0,3811,248.0,115.0,,1.0,367.0,1.0,115.0,553.0,2294,1.0,,41.0,50.0,91.0,33.0,17.0,15.0,232.0,116.0,247.0,361.0,25.0,12.0,23.0,6.0,13.0,48.0,5.0,50.0,87.0,112.0,144.0,78.0,6.0,42.0,24.0,46.0,238.0,6.0,0.6460280373831776,0.002717391304347826,,,21.814848762603116,0.5208333333333334,0.28087167070217917,0.24891304347826088,0.275,0.6739130434782609,0.3125,,0.002717391304347826,0.6766304347826086,0.5794532608695654,0.1848341232227488,0.18527315914489312,3.577111716621254,27.8,0.1250654107796965,175.0,42.0,75.0,23.0,28.0,4.0,,,219.0,,46.0,83.0,113.0,25.0,38.0,,72.0,356.0,,,40.0,74.0,113.0,114.0,20.0,5.0,22.0,72.0,0.8127853881278538,0.9726775956284153,,,,0.5967302452316077,0.5542168674698795,0.6578947368421053,0.595108695652174,0.5542168674698795,0.6578947368421053,0.601063829787234,0.7346938775510204,0.1383177570093458,0.22287968441814596,0.09029345372460497,0.1165644171779141,0.17032967032967034,0.14084507042253522,0.08125,0.2676056338028169,0.2931937172774869,0.22511848341232227,0.21176470588235294,0.15625,0.4782608695652174,0.7056451612903226,0.7415254237288136,0.7885714285714286,0.010869565217391304,,,,0.9036144578313253,0.56,0.16666666666666666,0.7368421052631579,0.8214285714285714,,,0.5855078125,0.5915605263157895,0.20433996383363473,0.1301989150090416,43.0,,,82.0,72.0,21.0,17.0,,18.0,26.0,21.0,6.0,24.0,0.05722070844686648,0.04838709677419355,0.4186046511627907,,0.3739130434782609,0.4056603773584906,0.9069767441860465,,,,,1.0,,,,21.0,,22.0,9.0,13.0,17.0,4.0,,0.0782608695652174,0.25,0.25,1.0,,,5.0,3.0,9.0,3.0,4.0,1.0,0.11382113821138211,,,,0.043478260869565216,,,,4.0,False,,,,,1.0,,,1.0,,,,,,,,1.0,,7.0,1.0,3.0,,3.0,,,,
1629610,1610612766,DaQuan Jeffries,DaQuan Jeffries,1629610,CHA,42429.0,707,-112.0,1404,1413,362.0,381.0,183.0,2817,47.0,26.0,51.0,57.0,79.0,108.0,17.0,209.0,1681,56.0,,19.0,17.0,36.0,12.0,5.0,9.0,89.0,26.0,66.0,95.0,12.0,9.0,7.0,2.0,3.0,19.0,7.0,53.0,73.0,20.0,21.0,10.0,1.0,17.0,10.0,18.0,362.0,1.0,0.5304568527918782,0.5775401069518716,,,13.267813267813267,0.631578947368421,0.08695652173913043,0.09495548961424333,0.08333333333333333,0.25133689839572193,0.13903743315508021,0.2727272727272727,0.3048128342245989,0.8288770053475936,0.5504720430107527,0.05102040816326531,0.11363636363636363,5.00759493670886,24.99351851851852,0.25783475783475784,26.0,6.0,9.0,7.0,11.0,6.0,18.0,12.0,42.0,36.0,7.0,12.0,31.0,10.0,17.0,27.0,45.0,64.0,102.0,18.0,15.0,11.0,38.0,29.0,2.0,3.0,10.0,45.0,0.7619047619047619,0.8205128205128205,0.9444444444444444,0.3333333333333333,0.3364485981308411,0.5316455696202531,0.5833333333333334,0.5882352941176471,0.5133689839572193,0.5227272727272727,0.4659090909090909,0.5961538461538461,0.4891304347826087,0.028795811518324606,0.10133333333333333,0.04807692307692308,0.037463976945244955,0.014388489208633094,0.03,0.042735042735042736,0.07317073170731707,0.1015625,0.08609271523178808,0.1643835616438356,0.021052631578947368,0.5555555555555556,0.5531914893617021,0.6341463414634146,0.8846153846153846,0.03208556149732621,0.3157894736842105,0.3157894736842105,0.8888888888888888,0.4090909090909091,0.6666666666666666,0.5,0.25,0.6363636363636364,0.2727272727272727,0.32142857142857145,0.5772115384615384,0.5460941860465116,0.14832535885167464,0.215311004784689,12.0,18.0,15.0,20.0,6.0,10.0,10.0,3.0,2.0,19.0,10.0,3.0,1.0,0.12658227848101267,0.1276595744680851,0.05,0.07692307692307693,0.46153846153846156,0.5217391304347826,0.5833333333333334,0.35294117647058826,0.35294117647058826,1.0,0.3409090909090909,4.0,5.0,2.0,10.0,8.0,7.0,4.0,,,4.0,7.0,0.25925925925925924,0.11538461538461539,0.6666666666666666,0.8,0.5,0.22727272727272727,0.16666666666666666,9.0,2.0,,2.0,1.0,1.0,0.0641025641025641,2.0,3.0,0.3,0.06976744186046512,0.4,1.0,6.0,2.0,False,1.0,5.0,,,,,,,0.16666666666666666,0.22727272727272727,0.2,1.0,,5.0,0.3333333333333333,,,1.0,3.0,,1.0,,,,,
1630208,1610612766,Nick Richards,Nick Richards,1630208,CHA,26424.0,440,-75.0,893,897,200.0,209.0,131.0,1790,81.0,29.0,1.0,,113.0,1.0,59.0,187.0,1060,,,17.0,11.0,28.0,8.0,3.0,5.0,67.0,41.0,107.0,158.0,17.0,7.0,16.0,2.0,10.0,33.0,6.0,27.0,48.0,58.0,87.0,40.0,8.0,26.0,19.0,26.0,199.0,8.0,0.6111111111111112,0.008771929824561403,,,17.748091603053435,0.5151515151515151,0.20297029702970298,0.22916666666666666,0.21428571428571427,0.7105263157894737,0.2543859649122807,0.008771929824561403,,0.7192982456140351,0.5924885964912281,0.27586206896551724,0.2777777777777778,3.2336283185840706,24.5,0.22396416573348266,53.0,19.0,28.0,12.0,18.0,3.0,,,64.0,,21.0,35.0,62.0,15.0,23.0,,52.0,82.0,,,17.0,34.0,58.0,51.0,2.0,6.0,14.0,52.0,0.640625,0.8541666666666666,,,,0.5663716814159292,0.6,0.6521739130434783,0.5614035087719298,0.6,0.6521739130434783,0.6458333333333334,0.7027027027027027,0.15454545454545454,0.25217391304347825,0.07589285714285714,0.11486486486486487,0.14285714285714285,0.18947368421052632,0.062146892655367235,0.14942528735632185,0.25287356321839083,0.2553191489361702,0.23809523809523808,0.06451612903225806,0.5384615384615384,0.654320987654321,0.7571428571428571,0.6037735849056604,0.02631578947368421,,,,0.8,0.6785714285714286,0.10526315789473684,0.782608695652174,0.6666666666666666,,,0.5628521739130435,0.5952260869565218,0.3315508021390374,0.27807486631016043,10.0,,,46.0,32.0,19.0,8.0,,8.0,7.0,6.0,3.0,9.0,0.168141592920354,0.13580246913580246,0.3076923076923077,,0.3448275862068966,0.47619047619047616,0.8,,,,,1.0,,,,20.0,,22.0,4.0,5.0,7.0,4.0,,0.27586206896551724,0.3333333333333333,0.3333333333333333,1.0,,,1.0,3.0,7.0,3.0,,,0.1276595744680851,,,,0.0975609756097561,,,,2.0,False,,,1.0,,,,,,,,,,,,,,2.0,3.0,,3.0,,,,,1.0,
1629684,1610612766,Grant Williams,Grant Williams,1629684,CHA,28743.0,479,10.0,975,979,213.0,283.0,136.0,1954,24.0,20.0,16.0,58.0,49.0,74.0,31.0,166.0,1133,58.0,1.0,13.0,24.0,37.0,15.0,9.0,3.0,98.0,39.0,64.0,82.0,13.0,5.0,15.0,4.0,8.0,28.0,8.0,24.0,46.0,43.0,37.0,13.0,6.0,11.0,7.0,13.0,206.0,4.0,0.5886524822695035,0.6016260162601627,0.013513513513513514,0.017241379310344827,14.95575221238938,0.4642857142857143,0.18309859154929578,0.14479638009049775,0.2,0.1951219512195122,0.16260162601626016,0.13008130081300814,0.4715447154471545,0.7967479674796748,0.5400158536585367,0.0962962962962963,0.21311475409836064,6.10204081632653,25.678378378378376,0.21846153846153846,17.0,3.0,4.0,4.0,4.0,5.0,22.0,14.0,27.0,27.0,5.0,10.0,18.0,7.0,10.0,16.0,48.0,44.0,81.0,22.0,12.0,5.0,25.0,18.0,1.0,4.0,9.0,45.0,0.8148148148148148,0.88,1.0,0.36486486486486486,0.36486486486486486,0.5510204081632653,0.5,0.7,0.5487804878048781,0.4444444444444444,0.6730769230769231,0.47368421052631576,0.6857142857142857,0.023696682464454975,0.1091703056768559,0.043478260869565216,0.03490759753593429,0.02197802197802198,0.02247191011235955,0.049773755656108594,0.22641509433962265,0.12195121951219512,0.09289617486338798,0.17391304347826086,0.016129032258064516,0.6923076923076923,0.7083333333333334,0.7727272727272727,0.8235294117647058,0.04065040650406504,0.3793103448275862,0.38596491228070173,1.0,0.2222222222222222,0.75,0.3333333333333333,0.15384615384615385,1.0,0.5384615384615384,0.3793103448275862,0.5200590909090909,0.5013346153846154,0.10843373493975904,0.2891566265060241,9.0,5.0,2.0,10.0,4.0,5.0,8.0,1.0,,18.0,10.0,2.0,1.0,0.10204081632653061,0.08333333333333333,,0.07142857142857142,0.45,0.5294117647058824,0.7777777777777778,0.3125,0.3125,1.0,0.07692307692307693,1.0,6.0,6.0,8.0,2.0,7.0,13.0,2.0,1.0,4.0,2.0,0.4375,0.15,0.2,0.2,1.0,0.3333333333333333,0.42857142857142855,8.0,2.0,7.0,2.0,2.0,2.0,0.01818181818181818,1.0,2.0,0.25,0.03225806451612903,0.16666666666666666,1.0,,2.0,False,1.0,2.0,,,,,,,,0.1111111111111111,0.5,1.0,,1.0,0.5,1.0,5.0,1.0,,1.0,,,,,,
1630544,1610612766,Tre Mann,Tre Mann,1630544,CHA,19141.0,319,-55.0,633,642,175.0,247.0,97.0,1275,51.0,38.0,15.0,45.0,101.0,60.0,19.0,183.0,756,45.0,,15.0,24.0,39.0,18.0,6.0,4.0,102.0,12.0,26.0,38.0,15.0,7.0,10.0,1.0,8.0,25.0,5.0,13.0,24.0,21.0,21.0,9.0,3.0,3.0,2.0,4.0,169.0,,0.538235294117647,0.37267080745341613,,,26.040268456375838,0.6,0.08108108108108109,0.08417508417508418,0.0625,0.3167701863354037,0.2360248447204969,0.09316770186335403,0.2795031055900621,0.6894409937888198,0.5271978260869566,0.05389221556886228,0.08411214953271028,6.205940594059405,25.975,0.2764612954186414,23.0,4.0,10.0,9.0,15.0,12.0,18.0,13.0,46.0,24.0,7.0,13.0,43.0,13.0,29.0,16.0,57.0,16.0,39.0,18.0,6.0,6.0,13.0,12.0,5.0,1.0,3.0,53.0,0.17391304347826086,0.18604651162790697,0.5416666666666666,0.4,0.4,0.45544554455445546,0.5384615384615384,0.4482758620689655,0.5093167701863354,0.8260869565217391,0.5222222222222223,0.8269230769230769,0.5816326530612245,0.039473684210526314,0.087248322147651,0.03428571428571429,0.03669724770642202,0.06060606060606061,0.03278688524590164,0.03597122302158273,0.10126582278481013,0.05660377358490566,0.08870967741935484,0.08,0.06578947368421052,0.75,0.45098039215686275,0.5348837209302325,0.13043478260869565,0.07453416149068323,0.4,0.4,0.4444444444444444,0.43478260869565216,0.4,,0.3333333333333333,0.6,0.28888888888888886,0.4,0.5788909090909091,0.5368255555555558,0.23497267759562843,0.3114754098360656,18.0,6.0,3.0,76.0,6.0,13.0,11.0,,1.0,7.0,3.0,1.0,3.0,0.12871287128712872,0.1568627450980392,0.05263157894736842,,0.47368421052631576,0.5294117647058824,0.16666666666666666,0.4,0.4,0.8333333333333334,0.06666666666666667,5.0,7.0,5.0,10.0,5.0,7.0,10.0,,2.0,1.0,2.0,0.4375,0.10526315789473684,0.4166666666666667,0.45454545454545453,0.4,0.30434782608695654,0.38461538461538464,4.0,3.0,4.0,1.0,1.0,1.0,0.027777777777777776,6.0,8.0,0.8,,0.8571428571428571,0.3333333333333333,33.0,,False,2.0,3.0,2.0,,,1.0,,,0.08333333333333333,0.13043478260869565,0.6666666666666666,0.5,,2.0,0.6666666666666666,,,,,,,,,,,
1631217,1610612766,Moussa Diabaté,Moussa Diabaté,1631217,CHA,63202.0,1053,-70.0,2067,2094,554.0,597.0,354.0,4161,159.0,55.0,2.0,2.0,214.0,4.0,52.0,308.0,2357,2.0,1.0,22.0,27.0,49.0,19.0,8.0,7.0,125.0,106.0,206.0,372.0,30.0,18.0,19.0,2.0,12.0,49.0,15.0,43.0,95.0,96.0,87.0,37.0,12.0,35.0,24.0,37.0,552.0,11.0,0.5968992248062015,0.01834862385321101,0.25,0.5,12.308930008045053,0.6122448979591837,0.2371364653243848,0.20493562231759657,0.23529411764705882,0.7293577981651376,0.25229357798165136,0.009174311926605505,0.009174311926605505,0.7477064220183486,0.6044981651376147,0.15040650406504066,0.15289256198347106,2.9313084112149532,25.625,0.2680212868892114,104.0,36.0,62.0,25.0,41.0,,,1.0,128.0,,41.0,75.0,96.0,35.0,56.0,1.0,94.0,188.0,,,69.0,96.0,85.0,166.0,10.0,30.0,19.0,94.0,0.734375,0.9038461538461539,,,,0.5981308411214953,0.5466666666666666,0.625,0.5871559633027523,0.5394736842105263,0.6140350877192983,0.5393258426966292,0.6351351351351351,0.1807909604519774,0.17525773195876287,0.12387791741472172,0.15165441176470587,0.19402985074626866,0.17803030303030304,0.12679425837320574,0.2186046511627907,0.2621951219512195,0.16844919786096257,0.1981981981981982,0.14084507042253522,0.5135135135135135,0.6540880503144654,0.7172413793103448,0.7019230769230769,,,,,0.8157894736842105,0.5806451612903226,0.2222222222222222,0.7192982456140351,0.6097560975609756,0.017543859649122806,,0.5872928571428572,0.5878701754385967,0.3116883116883117,0.3051948051948052,24.0,,,68.0,48.0,18.0,10.0,1.0,15.0,35.0,16.0,10.0,9.0,0.08411214953271028,0.0880503144654088,0.30612244897959184,0.0196078431372549,0.43636363636363634,0.47058823529411764,0.875,,,,,,1.0,,1.0,14.0,,24.0,5.0,14.0,11.0,14.0,,0.07272727272727272,,,,0.013157894736842105,,19.0,2.0,7.0,5.0,2.0,2.0,0.11510791366906475,,,,0.15151515151515152,,,,4.0,False,,,1.0,,,,,,,,,,,,,,,3.0,,2.0,,,,,1.0,
1641706,1610612766,Brandon Miller,Brandon Miller,1641706,CHA,55414.0,924,-125.0,1870,1875,316.0,398.0,263.0,3745,65.0,101.0,26.0,267.0,198.0,293.0,68.0,568.0,2160,262.0,1.0,57.0,41.0,98.0,28.0,13.0,7.0,237.0,42.0,106.0,131.0,34.0,18.0,42.0,10.0,16.0,76.0,12.0,27.0,74.0,72.0,79.0,31.0,6.0,17.0,10.0,20.0,313.0,4.0,0.5380952380952381,0.5967413441955194,0.0034129692832764505,0.003745318352059925,27.586206896551722,0.4473684210526316,0.10796915167095116,0.118562874251497,0.04838709677419355,0.13238289205702647,0.20570264765784113,0.05295315682281059,0.5437881873727087,0.7291242362525459,0.5235915637860084,0.06551059730250482,0.13839285714285715,7.5414141414141405,26.7433447098976,0.16898395721925133,44.0,11.0,13.0,5.0,6.0,32.0,96.0,54.0,94.0,104.0,18.0,24.0,90.0,15.0,29.0,57.0,104.0,96.0,252.0,96.0,12.0,13.0,57.0,25.0,8.0,1.0,14.0,102.0,0.5106382978723404,0.5647058823529412,0.8076923076923077,0.35494880546075086,0.3611111111111111,0.47474747474747475,0.75,0.5172413793103449,0.5091649694501018,0.6885245901639344,0.436046511627907,0.703125,0.5148514851485149,0.02771855010660981,0.12780269058295965,0.023809523809523808,0.025693730729701953,0.031746031746031744,0.033816425120772944,0.02512562814070352,0.11560693641618497,0.12337662337662338,0.1329479768786127,0.11,0.03076923076923077,0.7,0.676923076923077,0.7719298245614035,0.5227272727272727,0.06517311608961303,0.3595505617977528,0.3609022556390977,0.7916666666666666,0.21311475409836064,0.8461538461538461,0.18181818181818182,0.06976744186046512,0.8333333333333334,0.627906976744186,0.366412213740458,0.5200687499999999,0.47766951219512194,0.15845070422535212,0.18309859154929578,40.0,8.0,3.0,92.0,18.0,20.0,45.0,,7.0,29.0,22.0,5.0,5.0,0.10101010101010101,0.12307692307692308,0.14893617021276595,,0.39603960396039606,0.4444444444444444,0.475,0.3076923076923077,0.3076923076923077,1.0,0.03488372093023256,10.0,29.0,14.0,37.0,6.0,15.0,29.0,5.0,1.0,7.0,6.0,0.2631578947368421,0.10891089108910891,0.3125,0.3225806451612903,0.6,0.47540983606557374,0.25925925925925924,7.0,14.0,12.0,2.0,3.0,1.0,0.018867924528301886,13.0,16.0,0.43243243243243246,,0.4482758620689655,0.8461538461538461,60.0,2.0,False,3.0,8.0,1.0,,,4.0,3.0,,0.03125,0.13114754098360656,0.375,1.0,0.010169491525423728,1.0,0.3333333333333333,,2.0,2.0,,,5.0,2.0,1.0,,,
203552,1610612766,Seth Curry,Seth Curry,203552,CHA,49126.0,819,-95.0,1656,1640,382.0,421.0,235.0,3296,20.0,42.0,48.0,93.0,121.0,141.0,23.0,328.0,1905,93.0,,22.0,20.0,42.0,10.0,10.0,9.0,104.0,26.0,67.0,89.0,16.0,8.0,8.0,2.0,8.0,24.0,4.0,22.0,49.0,37.0,28.0,8.0,4.0,5.0,2.0,7.0,378.0,3.0,0.5970695970695971,0.5381679389312977,,,15.297157622739016,0.6666666666666666,0.06933333333333333,0.07711757269279393,0.07692307692307693,0.07633587786259542,0.16030534351145037,0.183206106870229,0.3549618320610687,0.6145038167938931,0.4989786259541985,0.03345724907063197,0.06299212598425197,11.828099173553719,25.207092198581567,0.23067632850241546,15.0,7.0,7.0,1.0,2.0,59.0,36.0,16.0,58.0,63.0,14.0,24.0,59.0,13.0,30.0,27.0,74.0,74.0,156.0,36.0,14.0,8.0,35.0,22.0,7.0,3.0,2.0,74.0,0.6379310344827587,0.6727272727272727,0.8253968253968254,0.44680851063829785,0.44680851063829785,0.4793388429752066,0.5833333333333334,0.43333333333333335,0.5820610687022901,0.625,0.5964912280701754,0.6444444444444445,0.6166666666666667,0.018518518518518517,0.08413461538461539,0.03263403263403263,0.025551684088269456,0.020833333333333332,0.013574660633484163,0.029850746268656716,0.04938271604938271,0.08695652173913043,0.08504398826979472,0.08,0.05303030303030303,0.2857142857142857,0.75,0.7894736842105263,0.3333333333333333,0.22519083969465647,0.3870967741935484,0.3870967741935484,0.75,0.1590909090909091,1.0,0.14285714285714285,0.03508771929824561,0.5,0.2807017543859649,0.3870967741935484,0.47864000000000007,0.4618149122807016,0.1798780487804878,0.22560975609756098,13.0,27.0,11.0,42.0,6.0,5.0,12.0,,6.0,21.0,16.0,1.0,2.0,0.04132231404958678,0.05,0.11764705882352941,,0.30952380952380953,0.34210526315789475,0.6923076923076923,0.5625,0.5625,0.9259259259259259,0.19298245614035087,30.0,15.0,8.0,20.0,4.0,14.0,6.0,1.0,4.0,3.0,8.0,0.5185185185185185,0.09523809523809523,0.5084745762711864,0.5084745762711864,0.7666666666666667,0.3409090909090909,0.5,5.0,3.0,1.0,3.0,2.0,2.0,0.0425531914893617,6.0,9.0,0.45,0.029850746268656716,0.4,0.8333333333333334,33.0,1.0,False,3.0,5.0,1.0,,,4.0,1.0,,,0.11363636363636363,0.6,1.0,0.007042253521126761,6.0,0.5454545454545454,,2.0,,,,,,,,,
203995,1610612766,Vasilije Micić,Vasilije Micić,203995,CHA,45858.0,764,-129.0,1508,1501,262.0,272.0,214.0,3009,52.0,49.0,4.0,121.0,148.0,125.0,34.0,269.0,1694,121.0,1.0,88.0,39.0,127.0,24.0,15.0,25.0,293.0,29.0,67.0,87.0,54.0,37.0,20.0,4.0,17.0,74.0,10.0,23.0,44.0,48.0,41.0,14.0,5.0,,,,261.0,5.0,0.46206896551724136,0.45787545787545786,0.008,0.008264462809917356,20.81189251000572,0.7297297297297297,0.08430232558139535,0.08867667121418826,0.07017543859649122,0.19047619047619047,0.1794871794871795,0.014652014652014652,0.4432234432234432,0.6483516483516484,0.5182170329670331,0.056140350877192984,0.08860759493670886,9.129729729729728,26.259199999999993,0.17374005305039789,26.0,3.0,6.0,5.0,7.0,47.0,44.0,21.0,50.0,45.0,4.0,17.0,28.0,6.0,19.0,21.0,32.0,34.0,72.0,44.0,8.0,12.0,36.0,20.0,8.0,1.0,,32.0,0.34,0.34,0.5333333333333333,0.36,0.36,0.33783783783783783,0.23529411764705882,0.3157894736842105,0.43040293040293043,0.41935483870967744,0.3375,0.42424242424242425,0.35555555555555557,0.02771362586605081,0.09254498714652956,0.021917808219178082,0.02506265664160401,0.012738853503184714,0.04145077720207254,0.017482517482517484,0.09090909090909091,0.08270676691729323,0.09385113268608414,0.0875,0.052980132450331126,,0.5,0.6842105263157895,0.34615384615384615,0.17216117216117216,0.36363636363636365,0.36666666666666664,0.5227272727272727,0.1935483870967742,0.5,0.6666666666666666,0.175,0.7142857142857143,0.525,0.36363636363636365,0.5324694444444444,0.50322125,0.10408921933085502,0.11895910780669144,11.0,1.0,,66.0,,22.0,56.0,,2.0,15.0,11.0,6.0,4.0,0.14864864864864866,0.2692307692307692,0.05714285714285714,,0.22448979591836735,0.2619047619047619,0.09090909090909091,0.25,0.25,1.0,,13.0,14.0,5.0,14.0,2.0,5.0,5.0,7.0,3.0,,4.0,0.23809523809523808,0.14285714285714285,0.2765957446808511,0.2826086956521739,0.5384615384615384,0.45161290322580644,0.23809523809523808,4.0,6.0,2.0,7.0,,,0.0379746835443038,6.0,6.0,0.42857142857142855,0.024096385542168676,0.42857142857142855,0.6666666666666666,63.0,7.0,False,,,,,1.0,1.0,2.0,,0.02127659574468085,,,,0.015748031496062992,,,,1.0,,,,,,,,,
1642275,1610612766,Tidjane Salaün,Tidjane Salaün,1642275,CHA,50932.0,849,-208.0,1687,1695,454.0,472.0,250.0,3382,51.0,37.0,35.0,104.0,94.0,139.0,40.0,239.0,1931,104.0,6.0,28.0,22.0,50.0,14.0,8.0,5.0,122.0,54.0,137.0,190.0,21.0,11.0,20.0,5.0,10.0,41.0,9.0,31.0,55.0,49.0,57.0,22.0,7.0,10.0,6.0,11.0,454.0,6.0,0.4596153846153846,0.5965665236051502,0.04316546762589928,0.028846153846153848,15.205271160669032,0.5121951219512195,0.16875,0.16910785619174434,0.2222222222222222,0.21888412017167383,0.15879828326180256,0.15021459227467812,0.44635193133047213,0.8154506437768241,0.5456491416309014,0.09090909090909091,0.19469026548672566,5.046808510638298,26.24820143884892,0.2691167753408417,27.0,7.0,15.0,5.0,11.0,6.0,29.0,32.0,35.0,43.0,8.0,20.0,31.0,9.0,22.0,38.0,69.0,46.0,120.0,29.0,32.0,19.0,73.0,53.0,11.0,6.0,6.0,69.0,0.6571428571428571,0.7931034482758621,0.9302325581395349,0.30935251798561153,0.30935251798561153,0.3723404255319149,0.4,0.4090909090909091,0.4270386266094421,0.42424242424242425,0.4,0.45588235294117646,0.4726027397260274,0.045454545454545456,0.16937354988399073,0.06794055201698514,0.05736782902137233,0.04666666666666667,0.03827751196172249,0.059782608695652176,0.17985611510791366,0.13970588235294118,0.17595307917888564,0.14444444444444443,0.08270676691729323,0.5454545454545454,0.5294117647058824,0.627906976744186,0.6296296296296297,0.02575107296137339,0.27884615384615385,0.2871287128712871,0.9655172413793104,0.45454545454545453,0.4666666666666667,,0.18333333333333332,0.45454545454545453,0.5333333333333333,0.27884615384615385,0.59265,0.5193725000000001,0.1297071129707113,0.28870292887029286,6.0,14.0,6.0,24.0,12.0,14.0,16.0,2.0,10.0,26.0,17.0,4.0,3.0,0.14893617021276595,0.1568627450980392,0.25,0.046511627906976744,0.16216216216216217,0.1935483870967742,0.6666666666666666,0.4,0.4375,0.8571428571428571,0.1,2.0,9.0,8.0,13.0,3.0,10.0,21.0,7.0,4.0,4.0,3.0,0.2631578947368421,0.16216216216216217,0.3333333333333333,0.3333333333333333,1.0,0.2727272727272727,0.25,9.0,1.0,4.0,1.0,1.0,1.0,0.0970873786407767,1.0,4.0,0.3076923076923077,0.06779661016949153,0.1111111111111111,1.0,9.0,4.0,False,3.0,4.0,2.0,4.0,1.0,,1.0,,,0.12121212121212122,0.75,1.0,0.007142857142857143,2.0,0.3333333333333333,,2.0,,,1.0,,,,0.08571428571428572,,
201959,1610612766,Taj Gibson,Taj Gibson,201959,CHA,17133.0,286,-69.0,568,566,96.0,97.0,72.0,1134,43.0,14.0,2.0,,63.0,2.0,9.0,74.0,631,,,7.0,9.0,16.0,6.0,3.0,2.0,41.0,22.0,47.0,85.0,6.0,3.0,14.0,2.0,3.0,20.0,4.0,21.0,41.0,14.0,14.0,6.0,2.0,11.0,6.0,11.0,96.0,1.0,0.5138888888888888,0.03076923076923077,,,13.893129770992367,0.3,0.16793893129770993,0.1476510067114094,0.09090909090909091,0.6615384615384615,0.2153846153846154,0.03076923076923077,,0.6923076923076923,0.5601915384615384,0.08571428571428572,0.08823529411764706,4.415873015873014,23.35,0.16901408450704225,22.0,11.0,17.0,4.0,5.0,6.0,,,31.0,1.0,12.0,19.0,25.0,5.0,9.0,,10.0,38.0,3.0,,11.0,27.0,22.0,38.0,5.0,3.0,6.0,10.0,0.6129032258064516,0.9047619047619048,1.0,0.5,0.5,0.49206349206349204,0.631578947368421,0.5555555555555556,0.5,0.631578947368421,0.5555555555555556,0.5952380952380952,0.5,0.1588235294117647,0.1317365269461078,0.07971014492753623,0.12337662337662338,0.2153846153846154,0.1375,0.09259259259259259,0.1956521739130435,0.1746031746031746,0.13178294573643412,0.13157894736842105,0.21739130434782608,0.5454545454545454,0.5116279069767442,0.6285714285714286,0.5454545454545454,0.09230769230769231,,,,0.8947368421052632,0.6470588235294118,0.09090909090909091,0.5555555555555556,0.8,,,0.5936750000000002,0.5255555555555556,0.33783783783783783,0.13513513513513514,6.0,1.0,,24.0,20.0,10.0,2.0,,3.0,7.0,4.0,2.0,1.0,0.15873015873015872,0.18604651162790697,0.2,,0.42857142857142855,0.5,0.6666666666666666,0.5,0.5,1.0,,3.0,,,,1.0,,,3.0,7.0,5.0,2.0,,0.14285714285714285,0.5,0.5,1.0,,,3.0,4.0,5.0,,,,0.03333333333333333,,,,0.08,,,,1.0,False,,,,,,,,,,,,,,,,,1.0,,,3.0,,,,,2.0,
1631209,1610612766,Isaiah Wong,Isaiah Wong,1631209,CHA,14582.0,243,10.0,487,484,157.0,167.0,65.0,971,23.0,33.0,3.0,27.0,65.0,30.0,23.0,103.0,499,26.0,,16.0,11.0,27.0,9.0,2.0,5.0,65.0,7.0,17.0,31.0,10.0,7.0,6.0,1.0,3.0,16.0,4.0,11.0,20.0,23.0,32.0,16.0,1.0,,,,156.0,1.0,0.4681818181818182,0.3157894736842105,,,22.30088495575221,0.625,0.09210526315789473,0.08056872037914692,0.25,0.24210526315789474,0.3473684210526316,0.031578947368421054,0.28421052631578947,0.5578947368421052,0.49360585106382987,0.14678899082568808,0.20253164556962025,7.466153846153846,27.216666666666665,0.32238193018480493,9.0,1.0,1.0,5.0,13.0,9.0,10.0,11.0,25.0,10.0,4.0,4.0,15.0,8.0,25.0,11.0,33.0,18.0,21.0,10.0,7.0,7.0,10.0,14.0,1.0,,,33.0,0.36,0.375,0.7,0.3333333333333333,0.3448275862068966,0.38461538461538464,1.0,0.32,0.42105263157894735,0.9166666666666666,0.3888888888888889,0.9375,0.4125,0.056,0.07407407407407407,0.06481481481481481,0.060085836909871244,0.0625,0.030303030303030304,0.07058823529411765,0.08823529411764706,0.03333333333333333,0.07407407407407407,0.07407407407407407,0.023255813953488372,,0.391304347826087,0.5294117647058824,0.4444444444444444,0.09473684210526316,0.37037037037037035,0.37037037037037035,0.7,0.16666666666666666,1.0,,0.3611111111111111,0.38461538461538464,0.3055555555555556,0.38461538461538464,0.46564999999999995,0.5028271428571428,0.14563106796116504,0.32038834951456313,13.0,,,32.0,2.0,13.0,8.0,,,11.0,6.0,4.0,2.0,0.2,0.2608695652173913,,,0.3939393939393939,0.48148148148148145,0.38461538461538464,,,,,3.0,2.0,4.0,2.0,4.0,4.0,5.0,3.0,1.0,,3.0,0.36363636363636365,0.18181818181818182,0.3333333333333333,0.375,,0.3333333333333333,0.36363636363636365,5.0,2.0,1.0,2.0,,,0.043478260869565216,1.0,1.0,0.5,0.18181818181818182,0.5,1.0,9.0,1.0,False,,,,,,,,,0.1111111111111111,,,,,,,,1.0,,,,1.0,,,,,
1641733,1610612766,Nick Smith Jr.,Nick Smith Jr.,1641733,CHA,63589.0,1060,-261.0,2166,2150,539.0,509.0,279.0,4316,36.0,118.0,54.0,179.0,200.0,233.0,29.0,445.0,2560,178.0,4.0,59.0,43.0,102.0,31.0,12.0,20.0,247.0,29.0,88.0,100.0,48.0,33.0,12.0,5.0,15.0,60.0,13.0,33.0,64.0,32.0,32.0,10.0,4.0,5.0,2.0,6.0,534.0,3.0,0.49775280898876406,0.5381062355658198,0.017167381974248927,0.01675977653631285,20.338300443012486,0.8,0.06196581196581197,0.08,0.136986301369863,0.08314087759815242,0.27251732101616627,0.12471131639722864,0.4133949191685912,0.6212471131639723,0.5069060185185185,0.024943310657596373,0.04830917874396135,9.967500000000001,25.743347639484977,0.24884579870729456,20.0,1.0,4.0,4.0,7.0,46.0,54.0,41.0,97.0,74.0,10.0,22.0,57.0,22.0,43.0,53.0,97.0,78.0,192.0,54.0,6.0,6.0,53.0,12.0,4.0,1.0,1.0,95.0,0.4020618556701031,0.4020618556701031,0.8648648648648649,0.31759656652360513,0.31896551724137934,0.485,0.45454545454545453,0.5116279069767442,0.48036951501154734,0.6666666666666666,0.4166666666666667,0.6666666666666666,0.46153846153846156,0.010291595197255575,0.09515260323159784,0.011299435028248588,0.010771992818671455,0.009615384615384616,0.009836065573770493,0.01288659793814433,0.05339805825242718,0.042328042328042326,0.09932279909706546,0.07894736842105263,0.0163265306122449,0.16666666666666666,0.5555555555555556,0.5882352941176471,0.5,0.10623556581986143,0.3016759776536313,0.3068181818181818,0.8148148148148148,0.09523809523809523,0.25,1.0,0.07291666666666667,0.5714285714285714,0.4270833333333333,0.30337078651685395,0.4814173076923077,0.481014210526316,0.12808988764044943,0.21797752808988763,55.0,20.0,12.0,116.0,,11.0,35.0,,6.0,15.0,9.0,3.0,3.0,0.055,0.05555555555555555,0.10344827586206896,,0.4661016949152542,0.5045871559633027,0.4,0.37037037037037035,0.37735849056603776,1.0,0.125,22.0,15.0,8.0,20.0,1.0,12.0,17.0,4.0,2.0,2.0,4.0,0.22641509433962265,0.07627118644067797,0.4782608695652174,0.4782608695652174,0.3181818181818182,0.35714285714285715,0.1951219512195122,6.0,4.0,2.0,3.0,1.0,1.0,0.006993006993006993,9.0,12.0,0.6,0.014285714285714285,0.6,0.7777777777777778,30.0,1.0,False,3.0,5.0,,,,4.0,1.0,,,0.11904761904761904,0.6,1.0,0.004273504273504274,4.0,0.3333333333333333,,1.0,,1.0,,1.0,,,0.018518518518518517,,1.0
1642354,1610612766,KJ Simpson,KJ Simpson,1642354,CHA,27779.0,463,-133.0,925,941,253.0,251.0,139.0,1866,41.0,52.0,12.0,61.0,102.0,73.0,28.0,162.0,1093,61.0,3.0,30.0,28.0,58.0,24.0,4.0,11.0,144.0,14.0,38.0,66.0,21.0,14.0,11.0,2.0,7.0,32.0,7.0,21.0,35.0,51.0,35.0,16.0,4.0,4.0,3.0,4.0,253.0,4.0,0.4263157894736842,0.41714285714285715,0.0410958904109589,0.01639344262295082,20.27397260273973,0.65625,0.07035175879396985,0.0892018779342723,0.0967741935483871,0.2342857142857143,0.29714285714285715,0.06857142857142857,0.3485714285714286,0.6514285714285715,0.525489142857143,0.08602150537634409,0.1415929203539823,6.554901960784312,25.616438356164384,0.2735135135135135,25.0,8.0,13.0,9.0,16.0,9.0,14.0,14.0,43.0,16.0,9.0,19.0,37.0,11.0,32.0,19.0,46.0,30.0,30.0,14.0,16.0,12.0,24.0,28.0,6.0,1.0,3.0,46.0,0.3488372093023256,0.375,0.625,0.2191780821917808,0.2191780821917808,0.4215686274509804,0.47368421052631576,0.34375,0.38285714285714284,0.532258064516129,0.3333333333333333,0.5441176470588235,0.39655172413793105,0.04285714285714286,0.10572687224669604,0.07111111111111111,0.055445544554455446,0.04597701149425287,0.039735099337748346,0.07471264367816093,0.07692307692307693,0.05555555555555555,0.10555555555555556,0.10638297872340426,0.0594059405940594,0.75,0.6097560975609756,0.6944444444444444,0.32,0.05142857142857143,0.22950819672131148,0.23333333333333334,0.5714285714285714,0.41935483870967744,0.6153846153846154,0.125,0.3137254901960784,0.5625,0.27450980392156865,0.22950819672131148,0.5396264705882353,0.5432696078431372,0.22839506172839505,0.2839506172839506,16.0,2.0,5.0,56.0,6.0,11.0,15.0,,,19.0,11.0,4.0,5.0,0.10784313725490197,0.12195121951219512,,,0.3076923076923077,0.34782608695652173,0.375,0.16666666666666666,0.2,1.0,0.09803921568627451,2.0,8.0,3.0,12.0,4.0,4.0,12.0,4.0,3.0,1.0,4.0,0.21052631578947367,0.11538461538461539,0.2222222222222222,0.2222222222222222,0.5,0.25806451612903225,0.21428571428571427,8.0,3.0,1.0,8.0,,,0.058823529411764705,5.0,5.0,0.4166666666666667,0.047619047619047616,0.625,0.8,18.0,4.0,False,,4.0,1.0,,,,,,,0.12903225806451613,,,,1.0,0.2,,1.0,,,,,,,0.16666666666666666,,
203994,1610612766,Jusuf Nurkić,Jusuf Nurkić,203994,CHA,10397.0,173,-27.0,356,350,106.0,108.0,36.0,706,20.0,17.0,,13.0,38.0,13.0,15.0,75.0,398,12.0,,6.0,10.0,16.0,8.0,2.0,3.0,42.0,23.0,49.0,62.0,9.0,4.0,6.0,,5.0,15.0,7.0,12.0,21.0,17.0,23.0,10.0,2.0,5.0,3.0,5.0,105.0,2.0,0.6048387096774194,0.2549019607843137,,,19.154228855721396,0.6,0.3026315789473684,0.2807017543859649,0.18181818181818182,0.39215686274509803,0.3333333333333333,,0.2549019607843137,0.6470588235294118,0.5242960000000003,0.16666666666666666,0.2127659574468085,4.402631578947369,27.353846153846156,0.29775280898876405,12.0,4.0,8.0,3.0,5.0,1.0,4.0,6.0,24.0,4.0,6.0,10.0,16.0,4.0,7.0,6.0,17.0,34.0,12.0,4.0,6.0,7.0,25.0,13.0,3.0,2.0,3.0,17.0,0.7083333333333334,0.7727272727272727,1.0,0.3076923076923077,0.3333333333333333,0.631578947368421,0.6,0.5714285714285714,0.5882352941176471,0.6,0.5384615384615384,0.6666666666666666,0.53125,0.09090909090909091,0.2631578947368421,0.06060606060606061,0.07386363636363637,0.13793103448275862,0.08108108108108109,0.05555555555555555,0.21428571428571427,0.40540540540540543,0.2702702702702703,0.23809523809523808,0.15,0.6,0.6,0.6,0.5833333333333334,0.0196078431372549,0.3076923076923077,0.3076923076923077,1.0,0.8,0.5,0.25,0.38461538461538464,0.6,0.46153846153846156,0.3333333333333333,0.528875,0.5249833333333332,0.21333333333333335,0.22666666666666666,12.0,,,14.0,4.0,2.0,2.0,,1.0,7.0,5.0,,1.0,0.05263157894736842,,0.1,,0.7058823529411765,0.8,0.8333333333333334,,,,,,,2.0,,4.0,2.0,3.0,1.0,1.0,2.0,3.0,0.3333333333333333,0.11764705882352941,,,,,0.3333333333333333,2.0,2.0,3.0,,,,0.07407407407407407,,,,,,,,1.0,False,,,,,,,,,,,,,,,,,,,,,1.0,,,,,
1631111,1610612766,Wendell Moore Jr.,Wendell Moore Jr.,1631111,CHA,8852.0,148,-72.0,298,299,101.0,79.0,43.0,597,16.0,4.0,7.0,8.0,21.0,15.0,3.0,46.0,390,8.0,,3.0,9.0,12.0,8.0,1.0,1.0,33.0,7.0,21.0,33.0,6.0,3.0,3.0,,3.0,9.0,1.0,6.0,10.0,5.0,5.0,3.0,,,,1.0,101.0,,0.6052631578947368,0.4166666666666667,,,13.467048710601718,0.6666666666666666,0.10294117647058823,0.14393939393939395,0.2857142857142857,0.4444444444444444,0.1111111111111111,0.19444444444444445,0.2222222222222222,0.8611111111111112,0.576336111111111,0.07894736842105263,0.13043478260869565,3.738095238095238,24.493333333333332,0.3389261744966443,11.0,2.0,5.0,3.0,5.0,1.0,1.0,1.0,14.0,5.0,3.0,7.0,7.0,4.0,7.0,3.0,14.0,16.0,15.0,1.0,7.0,5.0,12.0,12.0,1.0,,,14.0,0.5714285714285714,0.6666666666666666,1.0,0.3333333333333333,0.3333333333333333,0.6666666666666666,0.42857142857142855,0.5714285714285714,0.5972222222222222,0.375,0.7,0.3888888888888889,0.7,0.06172839506172839,0.1875,0.09722222222222222,0.0784313725490196,0.05714285714285714,0.05714285714285714,0.09259259259259259,0.06896551724137931,0.09375,0.15384615384615385,0.3333333333333333,0.06666666666666667,,0.6875,0.7857142857142857,0.6363636363636364,0.027777777777777776,0.125,0.125,1.0,0.625,0.4,,0.5,0.6,0.1,0.125,0.4710083333333333,0.543115,0.15217391304347827,0.30434782608695654,2.0,4.0,2.0,12.0,4.0,2.0,2.0,,2.0,3.0,2.0,,1.0,0.09523809523809523,0.125,0.25,,0.5,0.5,0.5,0.5714285714285714,0.5714285714285714,1.0,0.2,1.0,1.0,,1.0,1.0,2.0,,,,,1.0,0.6666666666666666,,1.0,1.0,,0.125,,1.0,3.0,,,1.0,1.0,0.1111111111111111,,,,0.09090909090909091,,,,,False,,,,,,,,,,,,,,2.0,1.0,,,,,,,,,,,
1630201,1610612766,Malachi Flynn,Malachi Flynn,1630201,CHA,2621.0,44,1.0,84,85,13.0,14.0,8.0,169,2.0,7.0,,4.0,9.0,4.0,5.0,16.0,96,4.0,,5.0,2.0,7.0,1.0,1.0,3.0,16.0,,4.0,7.0,4.0,2.0,,,2.0,4.0,,3.0,4.0,5.0,6.0,2.0,,,,,13.0,,0.5333333333333333,0.3076923076923077,,,20.0,1.0,,0.0851063829787234,,0.15384615384615385,0.5384615384615384,,0.3076923076923077,0.46153846153846156,0.5157615384615385,0.2,0.2,6.677777777777778,25.924999999999997,0.15476190476190477,2.0,1.0,1.0,,,,1.0,,4.0,1.0,1.0,1.0,5.0,,2.0,,,4.0,3.0,1.0,2.0,1.0,4.0,3.0,,,,,0.5,0.5,1.0,0.25,0.25,0.4444444444444444,1.0,,0.4230769230769231,1.25,,1.25,,0.05555555555555555,0.13333333333333333,0.1,0.07894736842105263,0.08333333333333333,,0.07142857142857142,,,0.08333333333333333,0.3333333333333333,,,1.0,1.0,,,0.25,0.25,1.0,0.5,1.0,,,,,0.25,0.55755,0.43715000000000004,0.3125,,2.0,,,4.0,,,2.0,,,3.0,1.0,,1.0,,,,,0.2857142857142857,0.2857142857142857,1.0,,,,,,1.0,,1.0,,,,,,,,,,,,,0.5,,2.0,,,,,,0.16666666666666666,1.0,1.0,1.0,,1.0,1.0,,,False,,,,,,,1.0,,,,,,0.2,,,,,,,,,,,,,
1630585,1610612766,Marcus Garrett,Marcus Garrett,1630585,CHA,4763.0,79,-39.0,156,155,39.0,27.0,16.0,311,5.0,12.0,3.0,5.0,19.0,8.0,3.0,28.0,192,5.0,,9.0,4.0,13.0,1.0,3.0,3.0,30.0,4.0,5.0,6.0,,,6.0,,,6.0,,6.0,10.0,3.0,4.0,,2.0,2.0,1.0,2.0,39.0,2.0,0.4827586206896552,0.2962962962962963,,,20.0,,0.0851063829787234,0.058823529411764705,,0.18518518518518517,0.4444444444444444,0.1111111111111111,0.18518518518518517,0.48148148148148145,0.48584074074074074,,,6.926315789473685,25.5,0.25,3.0,,,,,2.0,2.0,1.0,8.0,3.0,1.0,1.0,2.0,,1.0,1.0,6.0,4.0,9.0,2.0,,1.0,1.0,1.0,,2.0,2.0,6.0,0.25,0.25,1.0,0.375,0.375,0.42105263157894735,1.0,,0.46296296296296297,0.5,0.75,0.5,0.75,0.02631578947368421,0.02631578947368421,,0.013888888888888888,,0.043478260869565216,,0.15,0.05555555555555555,0.034482758620689655,,,1.0,0.6,0.75,,0.07407407407407407,0.4,0.4,1.0,,,,,,0.5,0.4,0.44877500000000003,0.4218,0.07142857142857142,0.21428571428571427,4.0,1.0,,12.0,,3.0,6.0,,,3.0,,,,0.15789473684210525,0.2,,,0.3333333333333333,0.4,0.25,0.3333333333333333,0.3333333333333333,1.0,,1.0,1.0,1.0,1.0,,1.0,3.0,,,1.0,,1.0,0.16666666666666666,0.5,0.5,1.0,0.5,1.0,3.0,3.0,,,,,,,,,,,,,2.0,False,,,1.0,,,,,,,,,,,,,,,,,,,,,,,
1641878,1610612766,Damion Baugh,Damion Baugh,1641878,CHA,16148.0,269,-129.0,546,546,151.0,146.0,83.0,1092,29.0,22.0,13.0,25.0,53.0,38.0,8.0,78.0,702,25.0,,24.0,17.0,41.0,8.0,9.0,7.0,99.0,8.0,21.0,29.0,14.0,13.0,6.0,,1.0,20.0,5.0,8.0,18.0,14.0,9.0,4.0,1.0,1.0,1.0,1.0,149.0,1.0,0.4105263157894737,0.4175824175824176,,,17.91277258566978,0.7,0.07766990291262135,0.08016877637130802,0.13636363636363635,0.31868131868131866,0.24175824175824176,0.14285714285714285,0.27472527472527475,0.7362637362637363,0.5460285714285713,0.0425531914893617,0.07142857142857142,4.447169811320754,25.394736842105264,0.2765567765567766,16.0,,4.0,5.0,6.0,2.0,7.0,4.0,23.0,8.0,,5.0,,7.0,12.0,7.0,18.0,18.0,24.0,7.0,5.0,3.0,11.0,8.0,1.0,1.0,1.0,18.0,0.391304347826087,0.391304347826087,1.0,0.21052631578947367,0.21052631578947367,0.4339622641509434,,0.5833333333333334,0.38461538461538464,,0.3684210526315789,,0.42857142857142855,0.020134228187919462,0.08208955223880597,0.03676470588235294,0.028070175438596492,0.05555555555555555,,0.03296703296703297,0.08108108108108109,0.045454545454545456,0.09259259259259259,0.038461538461538464,0.018518518518518517,1.0,0.5517241379310345,0.5925925925925926,0.25,0.02197802197802198,0.28,0.28,1.0,0.5,,,0.3157894736842105,0.8333333333333334,0.21052631578947367,0.28,0.4826333333333333,0.5340552631578948,,0.23076923076923078,6.0,1.0,3.0,28.0,,5.0,16.0,,2.0,14.0,10.0,4.0,1.0,0.09433962264150944,0.06896551724137931,0.15384615384615385,,0.2727272727272727,0.3157894736842105,0.6666666666666666,0.07692307692307693,0.07692307692307693,1.0,0.15789473684210525,1.0,2.0,,3.0,,,4.0,1.0,,,3.0,,0.13636363636363635,0.5,0.5,1.0,0.25,,4.0,5.0,,1.0,,,0.044444444444444446,,,,,,,,1.0,False,,1.0,,,,,,,,0.125,,,,,,,,,,,,,,,,
1631197,1610612766,Jared Rhoden,Jared Rhoden,1631197,CHA,699.0,12,8.0,26,25,14.0,23.0,6.0,51,3.0,2.0,1.0,1.0,6.0,2.0,,4.0,16,1.0,,1.0,1.0,2.0,1.0,,,5.0,,2.0,4.0,,,1.0,1.0,,1.0,1.0,,1.0,1.0,,,,,,,14.0,,0.25,0.25,,,27.27272727272727,,,0.2,,0.375,0.25,0.125,0.125,0.625,0.5078875,,,7.1000000000000005,24.549999999999997,0.5384615384615384,1.0,1.0,3.0,,1.0,1.0,,,2.0,,1.0,4.0,2.0,1.0,4.0,1.0,2.0,,,,,2.0,2.0,2.0,1.0,,,2.0,,,,,,0.3333333333333333,0.25,0.25,0.25,0.25,0.2,0.25,0.2,0.25,0.4,,0.11764705882352941,0.3333333333333333,0.25,,,,,1.0,0.16666666666666666,,0.3333333333333333,0.3333333333333333,,0.125,,,,0.75,0.3333333333333333,,0.2,,,,0.6621,0.45404999999999995,0.5,0.5,1.0,,1.0,4.0,2.0,,1.0,,,1.0,1.0,,,,,,,0.5,0.5,,,,,0.2,,,,,,,,,,,1.0,,,,,,,,,,,,,,,,,,,,,,,False,,,,,,,,,,,,,,,,,,1.0,,,,,,,,
