EntityId,TeamId,Name,ShortName,RowId,TeamAbbreviation,SecondsPlayed,Minutes,PlusMinus,OffPoss,DefPoss,PenaltyOffPoss,PenaltyDefPoss,SecondChanceOffPoss,TotalPoss,AtRimFGM,AtRimFGA,SecondChanceAtRimFGM,SecondChanceAtRimFGA,PenaltyAtRimFGM,PenaltyAtRimFGA,ShortMidRangeFGM,ShortMidRangeFGA,LongMidRangeFGM,LongMidRangeFGA,Corner3FGM,Corner3FGA,SecondChanceCorner3FGM,SecondChanceCorner3FGA,Arc3FGM,Arc3FGA,SecondChanceArc3FGM,SecondChanceArc3FGA,PenaltyArc3FGA,FG2M,FG2A,FG3M,FG3A,FtPoints,Points,OpponentPoints,SecondChanceFG2M,SecondChanceFG2A,SecondChanceFG3M,SecondChanceFG3A,SecondChancePoints,PenaltyFG2M,PenaltyFG2A,PenaltyFG3A,PenaltyPoints,PtsAssisted2s,PtsUnassisted2s,PtsAssisted3s,PtsUnassisted3s,PtsPutbacks,NonHeaveArc3FGA,NonHeaveArc3FGM,Fg2aBlocked,Fg3aBlocked,TwoPtAssists,ThreePtAssists,Assists,Arc3Assists,Corner3Assists,AtRimAssists,ShortMidRangeAssists,LongMidRangeAssists,AssistPoints,OffThreePtRebounds,OffTwoPtRebounds,DefThreePtRebounds,DefTwoPtRebounds,DefRebounds,OffRebounds,Rebounds,SelfOReb,Steals,BadPassSteals,LostBallSteals,LiveBallTurnovers,BadPassOutOfBoundsTurnovers,BadPassTurnovers,DeadBallTurnovers,LostBallTurnovers,StepOutOfBoundsTurnovers,Travels,Turnovers,ShootingFouls,Fouls,Charge Fouls,Offensive Fouls,FoulsDrawn,Offensive Fouls Drawn,FTA,TwoPtShootingFoulsDrawn,Blocked2s,BlockedLongMidRange,BlockedShortMidRange,Blocks,RecoveredBlocks,PenaltyPointsExcludingTakeFouls,PenaltyOffPossExcludingTakeFouls,Assisted2sPct,NonPutbacksAssisted2sPct,Assisted3sPct,Fg3Pct,SecondChanceFg3Pct,NonHeaveFg3Pct,Fg2Pct,SecondChanceFg2Pct,PenaltyFg2Pct,EfgPct,SecondChanceEfgPct,PenaltyEfgPct,TsPct,SecondChanceTsPct,PenaltyTsPct,FG3APct,FG3APctBlocked,FG2APctBlocked,AtRimPctBlocked,ShortMidRangePctBlocked,Corner3PctBlocked,Usage,LiveBallTurnoverPct,DefTwoPtReboundPct,OffTwoPtReboundPct,DefThreePtReboundPct,OffThreePtReboundPct,DefFGReboundPct,OffFGReboundPct,OffShortMidRangeReboundPct,OffArc3ReboundPct,OffCorner3ReboundPct,DefAtRimReboundPct,DefShortMidRangeReboundPct,DefLongMidRangeReboundPct,DefArc3ReboundPct,DefCorner3ReboundPct,SelfORebPct,BlocksRecoveredPct,AtRimFrequency,AtRimAccuracy,UnblockedAtRimAccuracy,AtRimPctAssisted,ShortMidRangeFrequency,ShortMidRangeAccuracy,UnblockedShortMidRangeAccuracy,ShortMidRangePctAssisted,LongMidRangeFrequency,LongMidRangeAccuracy,UnblockedLongMidRangeAccuracy,LongMidRangePctAssisted,Corner3Frequency,Corner3Accuracy,UnblockedCorner3Accuracy,Corner3PctAssisted,Arc3Frequency,Arc3Accuracy,UnblockedArc3Accuracy,Arc3PctAssisted,SecondChanceAtRimFrequency,SecondChanceAtRimAccuracy,SecondChanceCorner3Frequency,SecondChanceCorner3Accuracy,SecondChanceCorner3PctAssisted,SecondChanceArc3Frequency,SecondChanceArc3Accuracy,SecondChanceArc3PctAssisted,PenaltyAtRimFrequency,PenaltyAtRimAccuracy,PenaltyArc3Frequency,AtRimFG3AFrequency,NonHeaveArc3Accuracy,ShotQualityAvg,SecondChanceShotQualityAvg,PenaltyShotQualityAvg,ShootingFoulsDrawnPct,TwoPtShootingFoulsDrawnPct,SecondChancePointsPct,PenaltyPointsPct,Avg2ptShotDistance,Avg3ptShotDistance,PenaltyOffPossPct,PenaltyArc3FGM,SecondChanceFtPoints,PenaltyFG3M,PenaltyFtPoints,LostBallOutOfBoundsTurnovers,SecondChanceTurnovers,PenaltyTurnovers,Loose Ball Fouls,Loose Ball Fouls Drawn,2pt And 1 Free Throw Trips,Technical Free Throw Trips,ThreePtShootingFoulsDrawn,NonShootingFoulsDrawn,BlockedAtRim,Defensive 3 Seconds Violations,NonShootingPenaltyNonTakeFoulsDrawn,PenaltyFg3Pct,LongMidRangePctBlocked,OffAtRimReboundPct,SecondChanceAtRimPctAssisted,PenaltyArc3Accuracy,ThreePtShootingFoulsDrawnPct,PenaltyCorner3FGA,FTDefRebounds,DefensiveGoaltends,DefFTReboundPct,PenaltyCorner3Frequency,NonShootingPenaltyNonTakeFouls,OffLongMidRangeReboundPct,PenaltyCorner3FGM,Arc3PctBlocked,PenaltyCorner3Accuracy,FTOffRebounds,Blocked3s,BlockedArc3,OffFTReboundPct,Transition Take Fouls,on,Transition Take Fouls Drawn,3pt And 1 Free Throw Trips,Charge Fouls Drawn,HeaveAttempts,OffensiveGoaltends,BlockedCorner3,Clear Path Fouls,3SecondViolations
1626145,1610612756,Tyus Jones,Tyus Jones,1626145,PHX,26847.0,447,-65.0,915,908,70.0,75.0,78.0,1823,14.0,17.0,1.0,1.0,2.0,2.0,22.0,43.0,3.0,4.0,8.0,18.0,1.0,3.0,20.0,50.0,1.0,6.0,4.0,39.0,64.0,28.0,68.0,5.0,167.0,1094,1.0,3.0,2.0,9.0,8.0,4.0,6.0,4.0,8.0,30.0,48.0,78.0,6.0,2.0,50.0,20.0,5.0,3.0,48.0,47.0,95.0,32.0,15.0,21.0,18.0,9.0,237.0,6.0,1.0,18.0,15.0,33.0,7.0,40.0,3.0,14.0,6.0,8.0,9.0,3.0,8.0,9.0,1.0,2.0,1.0,18.0,7.0,13.0,1.0,1.0,11.0,4.0,6.0,3.0,2.0,1.0,1.0,2.0,1.0,8.0,70.0,0.38461538461538464,0.39473684210526316,0.9285714285714286,0.4117647058823529,0.2222222222222222,0.4117647058823529,0.609375,0.3333333333333333,0.6666666666666666,0.6136363636363636,0.3333333333333333,0.4,0.6185185185185185,0.3333333333333333,0.4,0.5151515151515151,0.04411764705882353,0.078125,0.058823529411764705,0.09302325581395349,0.16666666666666666,15.239043824701197,0.5,0.06880733944954129,0.005376344086021506,0.08571428571428572,0.02643171806167401,0.07710280373831775,0.01694915254237288,0.009708737864077669,0.02857142857142857,0.019230769230769232,0.11594202898550725,0.05454545454545454,0.02564102564102564,0.08333333333333333,0.1,0.05263157894736842,0.5,0.12878787878787878,0.8235294117647058,0.875,0.42857142857142855,0.32575757575757575,0.5116279069767442,0.5641025641025641,0.3181818181818182,0.030303030303030304,0.75,0.75,0.6666666666666666,0.13636363636363635,0.4444444444444444,0.5333333333333333,1.0,0.3787878787878788,0.4,0.4,0.9,0.08333333333333333,1.0,0.25,0.3333333333333333,1.0,0.5,0.16666666666666666,1.0,0.2,1.0,0.4,0.6439393939393939,0.4,0.5334878787878788,0.56364375,0.5253699999999999,0.022222222222222223,0.04477611940298507,0.04790419161676647,0.04790419161676647,7.921875,25.41323529411765,0.07650273224043716,,,,,,,,,,,,,,,,,,,,,,,,,,,,,,,,,,,,,,True,,,,,,,,
1626164,1610612756,Devin Booker,Devin Booker,1626164,PHX,23458.0,391,-65.0,808,809,90.0,107.0,77.0,1617,22.0,35.0,2.0,5.0,2.0,2.0,24.0,40.0,18.0,32.0,6.0,10.0,1.0,2.0,20.0,69.0,,4.0,7.0,64.0,107.0,26.0,79.0,41.0,247.0,983,5.0,12.0,1.0,6.0,17.0,7.0,12.0,7.0,33.0,64.0,64.0,63.0,15.0,4.0,69.0,20.0,9.0,,29.0,43.0,72.0,29.0,14.0,18.0,8.0,3.0,187.0,9.0,9.0,9.0,9.0,18.0,18.0,36.0,12.0,8.0,5.0,3.0,18.0,2.0,11.0,8.0,7.0,,3.0,26.0,5.0,19.0,,1.0,43.0,2.0,48.0,21.0,2.0,,,2.0,2.0,33.0,89.0,0.5,0.5161290322580645,0.8076923076923077,0.3291139240506329,0.16666666666666666,0.3291139240506329,0.5981308411214953,0.4166666666666667,0.5833333333333334,0.553763440860215,0.3611111111111111,0.6052631578947368,0.5946601941747572,0.425,0.6875,0.42473118279569894,,0.08411214953271028,0.05714285714285714,0.125,,26.038159371492704,0.6923076923076923,0.04838709677419355,0.056962025316455694,0.046875,0.0430622009569378,0.047619047619047616,0.04904632152588556,0.04819277108433735,0.05421686746987952,,0.03333333333333333,0.06451612903225806,0.030303030303030304,0.04430379746835443,0.058823529411764705,0.13953488372093023,1.0,0.1881720430107527,0.6285714285714286,0.6666666666666666,0.7272727272727273,0.21505376344086022,0.6,0.6857142857142857,0.25,0.17204301075268819,0.5625,0.6,0.5555555555555556,0.053763440860215055,0.6,0.6,1.0,0.3709677419354839,0.2898550724637681,0.2898550724637681,0.75,0.2777777777777778,0.4,0.1111111111111111,0.5,1.0,0.2222222222222222,,,0.10526315789473684,1.0,0.3684210526315789,0.6129032258064516,0.2898550724637681,0.5172475806451614,0.5064954545454545,0.4660526315789474,0.10784313725490197,0.1693548387096774,0.06882591093117409,0.13360323886639677,9.345794392523365,25.887341772151906,0.11138613861386139,3.0,4.0,3.0,10.0,2.0,2.0,2.0,1.0,1.0,4.0,2.0,2.0,1.0,2.0,1.0,1.0,0.42857142857142855,0.0625,0.1111111111111111,0.5,0.42857142857142855,0.0125,,,,,,,,,,,,,,,,True,,,,,,,,
1626220,1610612756,Royce O'Neale,Royce O'Neale,1626220,PHX,16993.0,283,-9.0,576,583,67.0,87.0,64.0,1159,6.0,12.0,1.0,2.0,1.0,1.0,2.0,7.0,,,6.0,16.0,,1.0,19.0,46.0,4.0,7.0,2.0,8.0,19.0,25.0,62.0,,91.0,659,1.0,2.0,4.0,8.0,14.0,2.0,3.0,3.0,7.0,10.0,6.0,72.0,3.0,,46.0,19.0,2.0,,13.0,11.0,24.0,8.0,3.0,6.0,2.0,5.0,59.0,5.0,5.0,21.0,18.0,44.0,10.0,54.0,3.0,8.0,6.0,2.0,4.0,1.0,1.0,3.0,3.0,,1.0,7.0,10.0,20.0,,1.0,6.0,,3.0,2.0,3.0,,2.0,3.0,2.0,7.0,66.0,0.625,0.625,0.96,0.4032258064516129,0.5,0.4032258064516129,0.42105263157894735,0.5,0.6666666666666666,0.5617283950617284,0.7,0.5833333333333334,0.5548780487804879,0.7,0.5833333333333334,0.7654320987654321,,0.10526315789473684,0.08333333333333333,0.14285714285714285,,13.629402756508423,0.5714285714285714,0.12949640287769784,0.03787878787878788,0.15671641791044777,0.03205128205128205,0.14285714285714285,0.034722222222222224,0.013513513513513514,0.04,,0.14893617021276595,0.1267605633802817,0.09523809523809523,0.14655172413793102,0.2222222222222222,0.06521739130434782,0.6666666666666666,0.14814814814814814,0.5,0.5454545454545454,0.6666666666666666,0.08641975308641975,0.2857142857142857,0.3333333333333333,0.5,,,,,0.19753086419753085,0.375,0.375,1.0,0.5679012345679012,0.41304347826086957,0.41304347826086957,0.9473684210526315,0.2,0.5,0.1,,,0.7,0.5714285714285714,0.75,0.16666666666666666,1.0,0.3333333333333333,0.9135802469135802,0.41304347826086957,0.5596191358024689,0.53585,0.49102500000000004,0.024390243902439025,0.1,0.15384615384615385,0.07692307692307693,3.5578947368421048,25.561290322580643,0.11631944444444445,1.0,,1.0,,,,,,,1.0,,,,1.0,,,0.3333333333333333,,0.11764705882352941,,0.5,,1.0,5.0,1.0,0.5555555555555556,0.16666666666666666,,,,,,,,,,,True,,,,,,,,
1627814,1610612756,Damion Lee,Damion Lee,1627814,PHX,445.0,7,-9.0,14,15,8.0,,4.0,29,,,,,,,,,,,,,,,,,,,,,,,,,,21,,,,,,,,,,,,,,,,,,,1.0,,1.0,,,,1.0,,2.0,,,,,,,,,,,,,,,,,,,,,,,,,,,,,,,,,,8.0,,,,,,,,,,,,,,,,,,,,,,,,,,,,,,,,,,,,,,,,,,,,,,,,,,,,,,,,,,,,,,,,,,,,,,,,,,,,,,,,,,0.5714285714285714,,,,,,,,,,,,,,,,,,,,,,,,,,,,,,,,,,,,,,True,,,,,,,,
203994,1610612756,Jusuf Nurkić,Jusuf Nurkić,203994,PHX,35507.0,592,-69.0,1210,1206,165.0,157.0,115.0,2416,40.0,64.0,8.0,15.0,5.0,8.0,15.0,40.0,,,5.0,10.0,,1.0,14.0,49.0,1.0,4.0,4.0,55.0,104.0,19.0,59.0,48.0,215.0,1430,10.0,20.0,1.0,5.0,32.0,10.0,13.0,4.0,33.0,74.0,36.0,54.0,3.0,14.0,49.0,14.0,11.0,,29.0,18.0,47.0,13.0,5.0,18.0,7.0,4.0,112.0,15.0,31.0,89.0,89.0,183.0,46.0,229.0,6.0,23.0,9.0,14.0,33.0,5.0,22.0,24.0,11.0,,,57.0,43.0,78.0,,17.0,63.0,2.0,69.0,33.0,16.0,1.0,6.0,16.0,12.0,33.0,164.0,0.6727272727272727,0.7708333333333334,0.9473684210526315,0.3220338983050847,0.2,0.3220338983050847,0.5288461538461539,0.5,0.7692307692307693,0.5122699386503068,0.46,0.7647058823529411,0.5541237113402062,0.48484848484848486,0.75,0.3619631901840491,,0.10576923076923077,0.0625,0.175,,18.65671641791045,0.5789473684210527,0.312280701754386,0.12350597609561753,0.3111888111888112,0.04983388704318937,0.3117338003502627,0.08333333333333333,0.14615384615384616,0.05063291139240506,0.046875,0.2631578947368421,0.33793103448275863,0.3333333333333333,0.31275720164609055,0.3023255813953488,0.07792207792207792,0.75,0.39263803680981596,0.625,0.6666666666666666,0.675,0.24539877300613497,0.375,0.45454545454545453,0.6666666666666666,,,,,0.06134969325153374,0.5,0.5,1.0,0.3006134969325153,0.2857142857142857,0.2857142857142857,0.9285714285714286,0.6,0.5333333333333333,0.04,,,0.16,0.25,1.0,0.47058823529411764,0.625,0.23529411764705882,0.754601226993865,0.2857142857142857,0.548995341614907,0.5423888888888888,0.532528125,0.1736842105263158,0.25190839694656486,0.14883720930232558,0.15348837209302327,3.8913461538461536,26.24067796610169,0.13636363636363635,2.0,9.0,2.0,7.0,2.0,4.0,9.0,5.0,6.0,6.0,,,4.0,9.0,,3.0,0.5,,0.13043478260869565,0.125,0.5,,,5.0,,0.2631578947368421,,3.0,0.057692307692307696,,,,,,,,,True,,,,,,,,
1628960,1610612756,Grayson Allen,Grayson Allen,1628960,PHX,8434.0,141,-20.0,293,288,81.0,80.0,31.0,581,5.0,8.0,,,3.0,4.0,1.0,5.0,,,4.0,7.0,1.0,1.0,6.0,29.0,1.0,6.0,5.0,6.0,13.0,10.0,36.0,7.0,49.0,344,,,2.0,7.0,6.0,3.0,4.0,8.0,21.0,12.0,,27.0,3.0,,29.0,6.0,3.0,1.0,,3.0,3.0,3.0,,,,,9.0,3.0,2.0,5.0,9.0,16.0,5.0,21.0,,6.0,2.0,4.0,4.0,,3.0,1.0,1.0,,,5.0,2.0,9.0,,,6.0,,8.0,2.0,3.0,,2.0,3.0,3.0,21.0,81.0,1.0,1.0,0.9,0.2777777777777778,0.2857142857142857,0.2777777777777778,0.46153846153846156,,0.75,0.42857142857142855,0.42857142857142855,0.75,0.46226415094339623,0.42857142857142855,0.75,0.7346938775510204,0.027777777777777776,0.23076923076923078,0.125,0.4,,17.62917933130699,0.8,0.13636363636363635,0.04,0.07246376811594203,0.03529411764705882,0.1037037037037037,0.037037037037037035,0.05,0.027777777777777776,0.07692307692307693,0.13043478260869565,0.1388888888888889,0.14285714285714285,0.09259259259259259,,,1.0,0.16326530612244897,0.625,0.7142857142857143,1.0,0.10204081632653061,0.2,0.3333333333333333,1.0,,,,,0.14285714285714285,0.5714285714285714,0.5714285714285714,1.0,0.5918367346938775,0.20689655172413793,0.21428571428571427,0.8333333333333334,,,0.14285714285714285,1.0,1.0,0.8571428571428571,0.16666666666666666,1.0,0.3333333333333333,0.75,0.4166666666666667,0.8979591836734694,0.20689655172413793,0.5485367346938775,0.5211,0.5766541666666667,0.0392156862745098,0.13333333333333333,0.12244897959183673,0.42857142857142855,3.7538461538461543,26.002777777777773,0.2764505119453925,2.0,,4.0,3.0,1.0,,1.0,1.0,1.0,,,,2.0,1.0,,2.0,0.5,,0.047619047619047616,,0.4,,3.0,2.0,,0.4,0.25,1.0,,2.0,0.034482758620689655,0.6666666666666666,,,,,,True,,,,,,,,
1629006,1610612756,Josh Okogie,Josh Okogie,1629006,PHX,3893.0,65,-28.0,125,128,12.0,13.0,26.0,253,6.0,11.0,4.0,4.0,1.0,1.0,2.0,5.0,1.0,1.0,3.0,5.0,,2.0,,3.0,,1.0,,9.0,17.0,3.0,8.0,6.0,33.0,158,4.0,4.0,,3.0,11.0,2.0,2.0,1.0,7.0,10.0,8.0,9.0,,4.0,3.0,,4.0,,,2.0,2.0,2.0,,,,,6.0,5.0,3.0,5.0,1.0,6.0,8.0,14.0,,4.0,3.0,1.0,3.0,1.0,1.0,3.0,2.0,,1.0,6.0,2.0,5.0,1.0,,9.0,1.0,10.0,6.0,,,,,,7.0,12.0,0.5555555555555556,0.7142857142857143,1.0,0.375,,0.375,0.5294117647058824,1.0,1.0,0.54,0.5714285714285714,1.1666666666666667,0.5689655172413793,0.6111111111111112,1.1666666666666667,0.32,,0.23529411764705882,0.2727272727272727,0.2,,22.151898734177212,0.5,0.034482758620689655,0.07692307692307693,0.1724137931034483,0.125,0.10344827586206896,0.10126582278481013,0.125,0.14705882352941177,,0.07142857142857142,,,0.21739130434782608,,,,0.44,0.5454545454545454,0.75,0.3333333333333333,0.2,0.4,0.5,1.0,0.04,1.0,1.0,1.0,0.2,0.6,0.6,1.0,0.12,,,,0.5714285714285714,1.0,0.2857142857142857,,,0.14285714285714285,,,0.3333333333333333,1.0,,0.76,,0.585302,0.60465,0.5681833333333334,0.20689655172413793,0.2857142857142857,0.3333333333333333,0.21212121212121213,3.9411764705882355,23.962500000000002,0.096,,3.0,1.0,,,1.0,1.0,1.0,,2.0,,,,,,,1.0,,0.058823529411764705,0.25,,,1.0,,,,0.3333333333333333,1.0,,1.0,,1.0,,,,,,True,,,,,,,,
1642345,1610612756,Oso Ighodaro,Oso Ighodaro,1642345,PHX,1087.0,18,2.0,38,38,13.0,8.0,3.0,76,,1.0,,,,1.0,,,,,,,,,,,,,,,1.0,,,,,28,,,,,,,1.0,,,,,,,,,,,,1.0,1.0,2.0,,1.0,,1.0,,5.0,,,3.0,2.0,5.0,,5.0,,,,,,1.0,,2.0,,,,2.0,2.0,4.0,1.0,,,,,,1.0,,,1.0,1.0,,13.0,,,,,,,,,,,,,,,,,,,,,,7.142857142857143,,0.16666666666666666,,0.2727272727272727,,0.21739130434782608,,,,,0.16666666666666666,0.2,,0.3333333333333333,,,1.0,1.0,,,,,,,,,,,,,,,,,,,,,,,,,,,,1.0,,,1.0,,0.5164,,0.5164,,,,,3.1,,0.34210526315789475,,,,,,,1.0,,,,,,,1.0,,,,,,,,,,,,,,,,,,,,,,,,True,,,,,,,,
1642346,1610612756,Ryan Dunn,Ryan Dunn,1642346,PHX,11042.0,184,-11.0,372,368,38.0,50.0,44.0,740,8.0,9.0,2.0,3.0,1.0,1.0,6.0,11.0,1.0,2.0,7.0,19.0,1.0,1.0,5.0,14.0,,2.0,4.0,15.0,22.0,12.0,33.0,3.0,69.0,440,2.0,5.0,1.0,3.0,7.0,2.0,3.0,5.0,10.0,24.0,6.0,36.0,,4.0,14.0,5.0,4.0,,1.0,9.0,10.0,5.0,4.0,1.0,,,29.0,2.0,3.0,10.0,6.0,16.0,6.0,22.0,,7.0,6.0,1.0,2.0,,2.0,3.0,,,1.0,5.0,14.0,24.0,,1.0,4.0,,6.0,3.0,3.0,1.0,,4.0,2.0,10.0,38.0,0.8,0.9230769230769231,1.0,0.36363636363636365,0.3333333333333333,0.36363636363636365,0.6818181818181818,0.4,0.6666666666666666,0.6,0.4375,0.625,0.5948275862068966,0.4375,0.625,0.6,,0.18181818181818182,,0.36363636363636365,,15.07177033492823,0.4,0.075,0.038461538461538464,0.11904761904761904,0.02,0.0975609756097561,0.028089887640449437,0.023809523809523808,0.014084507042253521,0.034482758620689655,0.07407407407407407,0.05,0.15384615384615385,0.136986301369863,,,0.5,0.16363636363636364,0.8888888888888888,0.8888888888888888,0.625,0.2,0.5454545454545454,0.8571428571428571,1.0,0.03636363636363636,0.5,0.5,1.0,0.34545454545454546,0.3684210526315789,0.3684210526315789,1.0,0.2545454545454545,0.35714285714285715,0.35714285714285715,1.0,0.375,0.6666666666666666,0.125,1.0,1.0,0.25,,,0.125,1.0,0.5,0.7636363636363637,0.35714285714285715,0.5497636363636363,0.5221,0.51008125,0.05172413793103448,0.12,0.10144927536231885,0.14492753623188406,6.072727272727272,24.169696969696965,0.10215053763440861,1.0,,2.0,,1.0,1.0,,,,,,,,2.0,,,0.4,,,,0.25,,1.0,,1.0,,0.125,1.0,0.13333333333333333,1.0,,1.0,1.0,1.0,1.0,0.09090909090909091,,True,,,,,,,,
201142,1610612756,Kevin Durant,Kevin Durant,201142,PHX,25343.0,422,,863,858,128.0,79.0,62.0,1721,22.0,28.0,1.0,2.0,2.0,3.0,32.0,64.0,25.0,49.0,3.0,13.0,,,26.0,61.0,2.0,3.0,10.0,79.0,141.0,29.0,74.0,47.0,292.0,999,3.0,8.0,2.0,3.0,13.0,13.0,26.0,12.0,50.0,64.0,94.0,69.0,18.0,,61.0,26.0,4.0,,31.0,14.0,45.0,8.0,6.0,23.0,6.0,2.0,104.0,2.0,3.0,35.0,30.0,69.0,5.0,74.0,2.0,9.0,7.0,2.0,22.0,2.0,15.0,10.0,7.0,3.0,1.0,32.0,8.0,15.0,1.0,,49.0,1.0,54.0,22.0,12.0,,8.0,12.0,8.0,50.0,127.0,0.4050632911392405,0.4050632911392405,0.7931034482758621,0.3918918918918919,0.6666666666666666,0.3918918918918919,0.5602836879432624,0.375,0.5,0.5697674418604651,0.5454545454545454,0.5,0.6071428571428571,0.5909090909090909,0.5444444444444444,0.34418604651162793,,0.028368794326241134,0.07142857142857142,0.03125,,29.032258064516128,0.6875,0.14492753623188406,0.01744186046511628,0.1590909090909091,0.0106951871657754,0.1522248243559719,0.013927576601671309,0.02127659574468085,0.013513513513513514,,0.1,0.12612612612612611,0.2777777777777778,0.140625,0.2857142857142857,0.0196078431372549,0.6666666666666666,0.13023255813953488,0.7857142857142857,0.8461538461538461,0.6818181818181818,0.29767441860465116,0.5,0.5161290322580645,0.28125,0.22790697674418606,0.5102040816326531,0.5102040816326531,0.32,0.06046511627906977,0.23076923076923078,0.23076923076923078,1.0,0.2837209302325581,0.4262295081967213,0.4262295081967213,0.7692307692307693,0.18181818181818182,0.5,,,,0.2727272727272727,0.6666666666666666,1.0,0.07894736842105263,0.6666666666666666,0.2631578947368421,0.4744186046511628,0.4262295081967213,0.5043253488372094,0.48824375,0.45407105263157893,0.09829059829059829,0.13836477987421383,0.04452054794520548,0.17123287671232876,10.670212765957444,25.58108108108108,0.14831981460023175,3.0,1.0,4.0,12.0,2.0,1.0,3.0,,1.0,4.0,3.0,1.0,4.0,4.0,,4.0,0.3333333333333333,,0.02631578947368421,,0.3,0.013333333333333334,2.0,4.0,,0.2857142857142857,0.05263157894736842,2.0,,1.0,,0.5,,,,,1.0,True,,,,,,,,
203078,1610612756,Bradley Beal,Bradley Beal,203078,PHX,18431.0,307,-62.0,635,626,104.0,88.0,48.0,1261,24.0,29.0,1.0,2.0,4.0,6.0,9.0,24.0,6.0,16.0,8.0,13.0,2.0,2.0,19.0,42.0,1.0,3.0,3.0,39.0,69.0,27.0,55.0,12.0,171.0,778,1.0,2.0,3.0,5.0,11.0,5.0,11.0,5.0,27.0,48.0,30.0,72.0,9.0,2.0,42.0,19.0,4.0,1.0,13.0,14.0,27.0,9.0,5.0,7.0,3.0,3.0,68.0,2.0,4.0,5.0,11.0,17.0,6.0,23.0,,11.0,6.0,5.0,11.0,1.0,6.0,3.0,5.0,1.0,1.0,14.0,21.0,24.0,,,15.0,1.0,14.0,4.0,4.0,,2.0,4.0,3.0,25.0,103.0,0.6153846153846154,0.631578947368421,0.8888888888888888,0.4909090909090909,0.6,0.4909090909090909,0.5652173913043478,0.5,0.45454545454545453,0.6411290322580645,0.7857142857142857,0.59375,0.6526717557251909,0.7857142857142857,0.675,0.4435483870967742,0.01818181818181818,0.057971014492753624,,0.125,,21.075581395348838,0.7857142857142857,0.07333333333333333,0.031746031746031744,0.035211267605633804,0.014285714285714285,0.0547945205479452,0.022556390977443608,0.01639344262295082,0.009345794392523364,0.030303030303030304,0.09803921568627451,0.025974025974025976,0.18181818181818182,0.008403361344537815,0.17391304347826086,,0.75,0.23387096774193547,0.8275862068965517,0.8275862068965517,0.5833333333333334,0.1935483870967742,0.375,0.42857142857142855,0.6666666666666666,0.12903225806451613,0.375,0.4,0.6666666666666666,0.10483870967741936,0.6153846153846154,0.6153846153846154,1.0,0.3387096774193548,0.4523809523809524,0.4634146341463415,0.8421052631578947,0.2857142857142857,0.5,0.2857142857142857,1.0,1.0,0.42857142857142855,0.3333333333333333,1.0,0.375,0.6666666666666666,0.1875,0.6774193548387096,0.4523809523809524,0.539322177419355,0.5694375,0.520371875,0.03125,0.0547945205479452,0.06432748538011696,0.15789473684210525,7.8536231884057965,25.143636363636364,0.16377952755905512,2.0,,3.0,8.0,,,2.0,1.0,2.0,,,,3.0,2.0,,2.0,0.6,0.0625,,,0.6666666666666666,,2.0,1.0,,0.08333333333333333,0.125,1.0,0.09375,1.0,0.023809523809523808,0.5,,,,,,True,,,,,,,,
1628420,1610612756,Monté Morris,Monté Morris,1628420,PHX,5393.0,90,-16.0,181,183,49.0,41.0,19.0,364,2.0,5.0,,,,1.0,,5.0,2.0,5.0,3.0,6.0,,,,6.0,,1.0,1.0,4.0,15.0,3.0,12.0,10.0,27.0,195,1.0,1.0,,1.0,2.0,,5.0,2.0,7.0,8.0,,9.0,,,6.0,,3.0,,5.0,,5.0,,,2.0,2.0,1.0,10.0,1.0,,6.0,4.0,10.0,1.0,11.0,,2.0,1.0,1.0,4.0,2.0,3.0,2.0,1.0,,,6.0,3.0,4.0,,,6.0,,10.0,5.0,,,,1.0,,7.0,49.0,1.0,1.0,1.0,0.25,,0.25,0.26666666666666666,1.0,,0.3148148148148148,0.5,0.21428571428571427,0.421875,0.5,0.3888888888888889,0.4444444444444444,,0.2,0.4,,,18.53658536585366,0.6666666666666666,0.08695652173913043,,0.13043478260869565,0.021739130434782608,0.10869565217391304,0.011111111111111112,,0.02702702702702703,,0.15,0.045454545454545456,,0.14285714285714285,,,,0.18518518518518517,0.4,0.6666666666666666,1.0,0.18518518518518517,,,,0.18518518518518517,0.4,0.5,1.0,0.2222222222222222,0.5,0.5,1.0,0.2222222222222222,,,,,,,,,0.5,,,0.14285714285714285,,0.14285714285714285,0.6296296296296297,,0.49836481481481476,,0.46817857142857144,0.15625,0.25,0.07407407407407407,0.25925925925925924,9.753333333333332,24.891666666666666,0.27071823204419887,,,1.0,4.0,,,1.0,,,,,,,,,,0.5,0.2,,,,,1.0,,,,0.14285714285714285,1.0,,1.0,,1.0,,1.0,1.0,,,True,,,,,,,,
203486,1610612756,Mason Plumlee,Mason Plumlee,203486,PHX,563.0,9,5.0,17,17,,,2.0,34,,,,,,,,1.0,,,,,,,,,,,,,1.0,,,,,19,,1.0,,,,,,,,,,,,,,,1.0,,1.0,1.0,2.0,1.0,,,,1.0,5.0,,,1.0,,1.0,,1.0,,,,,,,,1.0,,,,1.0,,1.0,,1.0,,,,,,,,,,,,,,,,,,,,,,,,,,,,,1.0,,1.0,,10.526315789473685,,,,0.3333333333333333,,0.16666666666666666,,,,,,,,0.3333333333333333,,,,,,,,1.0,,,,,,,,,,,,,,,,,,,,,,,,,,,,,0.4311,0.4311,,,,,,8.7,,,,,,,,,,,,,,,,,,,,,,,,,,,,,,,,,,,,,,,,True,,,,,,,,
1631102,1610612756,TyTy Washington Jr.,TyTy Washington Jr.,1631102,PHX,99.0,2,2.0,3,3,,,2.0,6,,,,,,,,,,,,,,,,,,,,,,,,,,2,,,,,,,,,,,,,,,,,,,,,,,,,,,,,,,,,,,,,,,,,,,,,,,,,,,,,,,,,,,,,,,,,,,,,,,,,,,,,,,,,,,,,,,,,,,,,,,,,,,,,,,,,,,,,,,,,,,,,,,,,,,,,,,,,,,,,,,,,,,,,,,,,,,,,,,,,,,,,,,,,,,,,,,,,,,,,,,,,,,,,True,,,,,,,,
1626145,1610612756,Tyus Jones,Tyus Jones,1626145,PHX,88925.0,1482,12.0,3016,2997,630.0,547.0,311.0,6013,24.0,33.0,2.0,2.0,4.0,5.0,47.0,121.0,6.0,25.0,57.0,117.0,6.0,8.0,60.0,158.0,5.0,21.0,31.0,77.0,179.0,117.0,275.0,44.0,549.0,3522,7.0,9.0,11.0,29.0,50.0,14.0,28.0,53.0,101.0,66.0,88.0,303.0,48.0,6.0,158.0,60.0,10.0,6.0,148.0,147.0,295.0,108.0,39.0,62.0,66.0,20.0,737.0,15.0,12.0,56.0,32.0,98.0,27.0,125.0,8.0,45.0,28.0,17.0,47.0,12.0,40.0,21.0,7.0,2.0,2.0,68.0,21.0,46.0,,1.0,57.0,8.0,49.0,9.0,3.0,,1.0,5.0,3.0,99.0,620.0,0.42857142857142855,0.44594594594594594,0.8632478632478633,0.4254545454545455,0.3793103448275862,0.4254545454545455,0.4301675977653631,0.7777777777777778,0.5,0.5561674008810573,0.618421052631579,0.5061728395061729,0.5766806722689075,0.6410256410256411,0.5489130434782609,0.6057268722466961,0.02181818181818182,0.055865921787709494,0.030303030303030304,0.06611570247933884,0.03418803418803419,16.22427676707426,0.6911764705882353,0.043243243243243246,0.01809954751131222,0.0761904761904762,0.021156558533145273,0.059661016949152545,0.01967930029154519,0.020833333333333332,0.025157232704402517,0.01293103448275862,0.034482758620689655,0.046632124352331605,0.04918032786885246,0.06964285714285715,0.09714285714285714,0.03361344537815126,0.6,0.07268722466960352,0.7272727272727273,0.75,0.5416666666666666,0.2665198237885463,0.3884297520661157,0.415929203539823,0.2978723404255319,0.05506607929515418,0.24,0.25,1.0,0.2577092511013216,0.48717948717948717,0.504424778761062,0.9649122807017544,0.34801762114537443,0.379746835443038,0.38461538461538464,0.7666666666666667,0.05263157894736842,1.0,0.21052631578947367,0.75,0.8333333333333334,0.5526315789473685,0.23809523809523808,1.0,0.06172839506172839,0.8,0.38271604938271603,0.6784140969162996,0.379746835443038,0.5207073951434877,0.5262138888888888,0.515096875,0.030107526881720432,0.047872340425531915,0.09107468123861566,0.18397085610200364,8.81284916201117,25.00872727272727,0.20888594164456234,8.0,3.0,18.0,19.0,2.0,8.0,13.0,3.0,3.0,,,5.0,11.0,2.0,,9.0,0.33962264150943394,0.04,0.023076923076923078,,0.25806451612903225,0.018050541516245487,22.0,10.0,,0.10989010989010989,0.2716049382716049,3.0,0.006711409395973154,10.0,0.012658227848101266,0.45454545454545453,,2.0,2.0,,1.0,False,1.0,3.0,,,,,,
1626164,1610612756,Devin Booker,Devin Booker,1626164,PHX,120122.0,2002,-8.0,4057,4039,872.0,814.0,419.0,8096,88.0,129.0,6.0,12.0,24.0,40.0,140.0,300.0,87.0,175.0,20.0,60.0,3.0,8.0,126.0,352.0,12.0,30.0,63.0,315.0,604.0,146.0,412.0,345.0,1413.0,4795,28.0,45.0,15.0,38.0,116.0,55.0,123.0,76.0,304.0,274.0,356.0,312.0,126.0,16.0,352.0,126.0,42.0,2.0,170.0,203.0,373.0,114.0,89.0,83.0,62.0,25.0,949.0,23.0,22.0,93.0,85.0,181.0,45.0,226.0,21.0,56.0,31.0,25.0,100.0,23.0,64.0,54.0,36.0,2.0,6.0,154.0,65.0,151.0,3.0,10.0,305.0,19.0,383.0,137.0,12.0,,6.0,12.0,7.0,294.0,856.0,0.43492063492063493,0.44625407166123776,0.7123287671232876,0.35436893203883496,0.39473684210526316,0.35436893203883496,0.5215231788079471,0.6222222222222222,0.44715447154471544,0.5255905511811023,0.608433734939759,0.44974874371859297,0.59229466553768,0.6263736263736264,0.5674157303370787,0.40551181102362205,0.0048543689320388345,0.0695364238410596,0.10852713178294573,0.07666666666666666,,29.475547687541493,0.6493506493506493,0.08655804480651731,0.024943310657596373,0.09597523219814241,0.024287222808870117,0.0912352639671963,0.024603608529250958,0.021484375,0.020155038759689922,0.033112582781456956,0.07641196013289037,0.08949416342412451,0.09580838323353294,0.09375,0.10300429184549356,0.041501976284584984,0.5833333333333334,0.12696850393700787,0.6821705426356589,0.7652173913043478,0.5,0.2952755905511811,0.4666666666666667,0.5054151624548736,0.37857142857142856,0.17224409448818898,0.49714285714285716,0.5117647058823529,0.45977011494252873,0.05905511811023622,0.3333333333333333,0.3333333333333333,0.95,0.3464566929133858,0.35795454545454547,0.36,0.6746031746031746,0.14457831325301204,0.5,0.0963855421686747,0.375,1.0,0.3614457831325301,0.4,0.8333333333333334,0.20100502512562815,0.6,0.3165829145728643,0.53248031496063,0.35795454545454547,0.5059895073891628,0.5112418367346939,0.5059222222222224,0.13268892794376097,0.19134078212290503,0.08209483368719038,0.2151450813871196,10.21506622516556,25.929611650485434,0.21493714567414346,19.0,15.0,23.0,125.0,7.0,11.0,31.0,8.0,8.0,25.0,16.0,15.0,42.0,6.0,,32.0,0.3026315789473684,0.02857142857142857,0.0374331550802139,0.16666666666666666,0.30158730158730157,0.03317535545023697,13.0,3.0,1.0,0.02631578947368421,0.06532663316582915,13.0,0.02185792349726776,4.0,0.005681818181818182,0.3076923076923077,,,,,2.0,False,,4.0,2.0,,,,,
1626220,1610612756,Royce O'Neale,Royce O'Neale,1626220,PHX,80119.0,1335,-28.0,2729,2740,845.0,800.0,252.0,5469,34.0,51.0,7.0,15.0,10.0,13.0,15.0,45.0,1.0,6.0,42.0,80.0,1.0,2.0,87.0,229.0,8.0,22.0,64.0,50.0,102.0,129.0,309.0,19.0,506.0,3206,9.0,19.0,9.0,24.0,47.0,16.0,27.0,84.0,138.0,70.0,30.0,372.0,15.0,10.0,225.0,87.0,14.0,2.0,60.0,60.0,120.0,36.0,24.0,33.0,19.0,8.0,300.0,18.0,20.0,101.0,96.0,223.0,40.0,263.0,10.0,57.0,42.0,15.0,39.0,5.0,29.0,10.0,10.0,1.0,,49.0,69.0,110.0,,3.0,24.0,3.0,23.0,9.0,27.0,2.0,18.0,27.0,14.0,136.0,828.0,0.7,0.7777777777777778,0.9612403100775194,0.4174757281553398,0.375,0.42295081967213116,0.49019607843137253,0.47368421052631576,0.5925925925925926,0.5924574209245742,0.5232558139534884,0.5900900900900901,0.5995260663507109,0.5340909090909091,0.6,0.7518248175182481,0.006472491909385114,0.13725490196078433,0.0784313725490196,0.2222222222222222,,15.663451945460592,0.7959183673469388,0.14634146341463414,0.03597122302158273,0.1634304207119741,0.028616852146263912,0.1546310832025118,0.032067510548523206,0.026706231454005934,0.032407407407407406,0.02030456852791878,0.14893617021276595,0.14447592067988668,0.14782608695652175,0.15853658536585366,0.18253968253968253,0.04854368932038835,0.5185185185185185,0.12408759124087591,0.6666666666666666,0.723404255319149,0.5882352941176471,0.10948905109489052,0.3333333333333333,0.42857142857142855,0.9333333333333333,0.014598540145985401,0.16666666666666666,0.16666666666666666,1.0,0.19464720194647203,0.525,0.525,0.9523809523809523,0.5571776155717761,0.3799126637554585,0.3832599118942731,0.9655172413793104,0.3488372093023256,0.4666666666666667,0.046511627906976744,0.5,1.0,0.5116279069767442,0.36363636363636365,0.875,0.11711711711711711,0.7692307692307693,0.5765765765765766,0.8759124087591241,0.38666666666666666,0.541331203931204,0.537978,0.5275736111111111,0.021479713603818614,0.08181818181818182,0.09288537549407115,0.2727272727272727,4.850000000000001,26.13300970873787,0.3096372297544888,19.0,2.0,33.0,7.0,,4.0,21.0,3.0,3.0,1.0,,,3.0,7.0,1.0,2.0,0.39285714285714285,,0.09174311926605505,,0.296875,,20.0,26.0,,0.29213483146067415,0.18018018018018017,11.0,0.00909090909090909,14.0,0.008733624454148471,0.7,2.0,,,0.03225806451612903,,False,,,,4.0,,,,
1628420,1610612756,Monté Morris,Monté Morris,1628420,PHX,26240.0,437,80.0,881,871,290.0,275.0,103.0,1752,10.0,12.0,1.0,1.0,4.0,4.0,24.0,54.0,9.0,18.0,11.0,34.0,1.0,3.0,12.0,31.0,,3.0,10.0,43.0,84.0,23.0,65.0,24.0,179.0,976,6.0,9.0,1.0,6.0,16.0,14.0,27.0,20.0,58.0,38.0,48.0,60.0,9.0,,31.0,12.0,7.0,1.0,40.0,21.0,61.0,13.0,8.0,16.0,12.0,12.0,143.0,3.0,6.0,24.0,14.0,38.0,9.0,47.0,3.0,16.0,10.0,6.0,9.0,,6.0,2.0,3.0,1.0,1.0,11.0,7.0,17.0,,,22.0,3.0,30.0,10.0,2.0,,1.0,2.0,2.0,58.0,290.0,0.4418604651162791,0.4418604651162791,0.8695652173913043,0.35384615384615387,0.16666666666666666,0.35384615384615387,0.5119047619047619,0.6666666666666666,0.5185185185185185,0.5201342281879194,0.5,0.48936170212765956,0.549079754601227,0.5,0.5370370370370371,0.436241610738255,0.015384615384615385,0.08333333333333333,,0.12962962962962962,0.029411764705882353,17.261904761904763,0.8181818181818182,0.06334841628959276,0.030927835051546393,0.10714285714285714,0.01485148514851485,0.0853932584269663,0.022727272727272728,0.0390625,,0.05454545454545454,0.07692307692307693,0.06722689075630252,0.02702702702702703,0.10982658959537572,0.09803921568627451,0.04054054054054054,1.0,0.08053691275167785,0.8333333333333334,0.8333333333333334,0.4,0.3624161073825503,0.4444444444444444,0.5106382978723404,0.5,0.12080536912751678,0.5,0.5,0.3333333333333333,0.22818791946308725,0.3235294117647059,0.3333333333333333,1.0,0.2080536912751678,0.3870967741935484,0.3870967741935484,0.75,0.06666666666666667,1.0,0.2,0.3333333333333333,1.0,0.2,,,0.0851063829787234,1.0,0.2127659574468085,0.5167785234899329,0.3870967741935484,0.4988077181208055,0.4943571428571429,0.4843553191489362,0.06918238993710692,0.10752688172043011,0.0893854748603352,0.3240223463687151,9.527380952380954,24.572307692307696,0.32917139614074914,3.0,1.0,6.0,12.0,,,2.0,5.0,1.0,1.0,,1.0,4.0,1.0,,4.0,0.3,,0.02702702702702703,1.0,0.3,0.015151515151515152,10.0,,,,0.2127659574468085,5.0,,3.0,,0.3,,,,,,False,,,,,,,,
1642345,1610612756,Oso Ighodaro,Oso Ighodaro,1642345,PHX,43258.0,721,54.0,1450,1471,423.0,428.0,142.0,2921,50.0,60.0,6.0,9.0,12.0,16.0,28.0,63.0,,2.0,,,,,,2.0,,,2.0,78.0,125.0,,2.0,23.0,179.0,1612,9.0,20.0,,,19.0,18.0,28.0,2.0,44.0,134.0,22.0,,,10.0,1.0,,10.0,,30.0,19.0,49.0,9.0,10.0,12.0,11.0,7.0,117.0,19.0,25.0,63.0,49.0,116.0,44.0,160.0,4.0,20.0,11.0,9.0,13.0,6.0,5.0,14.0,8.0,,,27.0,48.0,74.0,,5.0,38.0,1.0,41.0,17.0,20.0,,13.0,20.0,10.0,43.0,420.0,0.8589743589743589,0.9178082191780822,,,,,0.624,0.45,0.6428571428571429,0.6141732283464567,0.45,0.6,0.6172413793103448,0.4523809523809524,0.5945945945945946,0.015748031496062992,,0.08,0.05,0.1111111111111111,,10.683229813664596,0.48148148148148145,0.14244186046511628,0.08012820512820513,0.17355371900826447,0.057750759878419454,0.15841584158415842,0.0686427457098284,0.08205128205128205,0.045454545454545456,0.08256880733944955,0.15966386554621848,0.13450292397660818,0.12962962962962962,0.19434628975265017,0.1,0.10526315789473684,0.5,0.47244094488188976,0.8333333333333334,0.8771929824561403,0.82,0.49606299212598426,0.4444444444444444,0.5,0.9285714285714286,0.015748031496062992,,,,,,,,0.015748031496062992,,,,0.45,0.6666666666666666,,,,,,,0.5333333333333333,0.75,0.06666666666666667,0.4881889763779528,,0.5464297619047619,0.5279909090909091,0.5744120689655172,0.1223021582733813,0.12408759124087591,0.10614525139664804,0.24581005586592178,5.525600000000002,44.4,0.29172413793103447,,1.0,,8.0,2.0,1.0,10.0,10.0,5.0,5.0,,,6.0,7.0,2.0,5.0,,,0.06,0.16666666666666666,,,,4.0,,0.1,,9.0,0.08955223880597014,,,,,,,,,False,,,,1.0,1.0,,,
1628960,1610612756,Grayson Allen,Grayson Allen,1628960,PHX,70578.0,1176,9.0,2408,2382,806.0,642.0,226.0,4790,31.0,47.0,1.0,2.0,11.0,16.0,14.0,44.0,1.0,1.0,40.0,81.0,2.0,4.0,79.0,180.0,15.0,22.0,47.0,46.0,92.0,119.0,261.0,70.0,519.0,2893,2.0,7.0,17.0,26.0,57.0,15.0,31.0,70.0,159.0,66.0,26.0,354.0,3.0,,180.0,79.0,8.0,4.0,68.0,45.0,113.0,21.0,24.0,41.0,18.0,9.0,271.0,16.0,8.0,60.0,58.0,120.0,24.0,144.0,2.0,41.0,21.0,20.0,37.0,3.0,29.0,15.0,8.0,1.0,,52.0,39.0,72.0,,6.0,83.0,7.0,87.0,30.0,16.0,,9.0,16.0,8.0,154.0,792.0,0.717391304347826,0.717391304347826,0.9915966386554622,0.4559386973180077,0.6538461538461539,0.4559386973180077,0.5,0.2857142857142857,0.4838709677419355,0.6359773371104815,0.8333333333333334,0.6831683168316832,0.6636828644501279,0.8382352941176471,0.6973684210526315,0.7393767705382436,0.01532567049808429,0.08695652173913043,0.0851063829787234,0.09090909090909091,0.012345679012345678,16.641622839969948,0.7115384615384616,0.10507246376811594,0.017167381974248927,0.10676156583629894,0.03018867924528302,0.1059245960502693,0.024096385542168676,0.011235955056179775,0.029490616621983913,0.03184713375796178,0.08433734939759036,0.1258741258741259,0.08,0.11161731207289294,0.08943089430894309,0.011560693641618497,0.5,0.13314447592067988,0.6595744680851063,0.7209302325581395,0.6774193548387096,0.12464589235127478,0.3181818181818182,0.35,0.7857142857142857,0.0028328611898017,1.0,1.0,1.0,0.22946175637393768,0.49382716049382713,0.5,1.0,0.509915014164306,0.4388888888888889,0.4463276836158192,0.9873417721518988,0.06060606060606061,0.5,0.12121212121212122,0.5,1.0,0.6666666666666666,0.6818181818181818,1.0,0.15841584158415842,0.6875,0.46534653465346537,0.8725212464589235,0.4388888888888889,0.5333902266288952,0.5298083333333333,0.510159900990099,0.09162303664921466,0.2542372881355932,0.10982658959537572,0.3063583815028902,5.280434782608697,25.73716475095785,0.3347176079734219,22.0,2.0,36.0,21.0,4.0,4.0,12.0,3.0,2.0,4.0,,5.0,9.0,7.0,,5.0,0.5142857142857142,,0.028037383177570093,1.0,0.46808510638297873,0.01893939393939394,23.0,2.0,,0.034482758620689655,0.22772277227722773,4.0,0.021739130434782608,14.0,0.016666666666666666,0.6086956521739131,,,,,,False,,2.0,1.0,,,,,
1629006,1610612756,Josh Okogie,Josh Okogie,1629006,PHX,17138.0,286,6.0,565,574,169.0,131.0,82.0,1139,25.0,38.0,7.0,10.0,8.0,13.0,6.0,16.0,,1.0,9.0,25.0,,,4.0,9.0,1.0,2.0,6.0,31.0,55.0,13.0,34.0,16.0,117.0,645,7.0,12.0,1.0,2.0,23.0,9.0,21.0,14.0,39.0,44.0,18.0,39.0,,10.0,9.0,4.0,9.0,,7.0,5.0,12.0,1.0,4.0,6.0,1.0,,29.0,17.0,6.0,22.0,9.0,34.0,24.0,58.0,1.0,17.0,8.0,9.0,5.0,1.0,3.0,5.0,2.0,3.0,,10.0,13.0,23.0,,,25.0,6.0,22.0,11.0,8.0,,5.0,10.0,7.0,39.0,168.0,0.7096774193548387,0.8461538461538461,1.0,0.38235294117647056,0.5,0.38235294117647056,0.5636363636363636,0.5833333333333334,0.42857142857142855,0.5674157303370787,0.6071428571428571,0.5142857142857142,0.5909090909090909,0.6052631578947368,0.527027027027027,0.38202247191011235,,0.16363636363636364,0.07894736842105263,0.3125,,16.317365269461078,0.5,0.07258064516129033,0.04225352112676056,0.15602836879432624,0.12686567164179105,0.1169811320754717,0.08333333333333333,0.04395604395604396,0.125,0.13043478260869565,0.07894736842105263,0.04918032786885246,0.12,0.15789473684210525,0.14814814814814814,0.030303030303030304,0.7,0.42696629213483145,0.6578947368421053,0.7142857142857143,0.68,0.1797752808988764,0.375,0.5454545454545454,0.8333333333333334,0.011235955056179775,,,,0.2808988764044944,0.36,0.36,1.0,0.10112359550561797,0.4444444444444444,0.4444444444444444,1.0,0.7142857142857143,0.7,,,,0.14285714285714285,0.5,1.0,0.37142857142857144,0.6153846153846154,0.17142857142857143,0.8089887640449438,0.4444444444444444,0.5635713483146066,0.5797583333333334,0.5417685714285714,0.11224489795918367,0.171875,0.19658119658119658,0.3333333333333333,3.62909090909091,24.120588235294118,0.2991150442477876,3.0,6.0,6.0,3.0,1.0,3.0,2.0,1.0,1.0,2.0,,,1.0,3.0,,1.0,0.42857142857142855,1.0,0.05405405405405406,0.14285714285714285,0.5,,8.0,3.0,,0.23076923076923078,0.22857142857142856,3.0,,3.0,,0.375,1.0,2.0,1.0,0.07692307692307693,,False,1.0,,,,,1.0,,
1629626,1610612756,Bol Bol,Bol Bol,1629626,PHX,25578.0,426,-32.0,884,885,186.0,202.0,81.0,1769,15.0,19.0,4.0,6.0,3.0,3.0,31.0,43.0,15.0,25.0,16.0,47.0,1.0,1.0,13.0,41.0,,4.0,8.0,61.0,87.0,29.0,88.0,20.0,229.0,1057,10.0,15.0,1.0,5.0,25.0,12.0,19.0,20.0,55.0,102.0,20.0,87.0,,14.0,41.0,13.0,,,12.0,8.0,20.0,7.0,1.0,3.0,6.0,3.0,48.0,14.0,5.0,46.0,29.0,83.0,19.0,102.0,2.0,8.0,5.0,3.0,13.0,1.0,7.0,5.0,6.0,,3.0,18.0,15.0,20.0,,,18.0,,26.0,11.0,20.0,1.0,11.0,24.0,14.0,54.0,185.0,0.8360655737704918,0.9444444444444444,1.0,0.32954545454545453,0.2,0.32954545454545453,0.7011494252873564,0.6666666666666666,0.631578947368421,0.5971428571428572,0.575,0.6153846153846154,0.6122994652406417,0.5952380952380952,0.625,0.5028571428571429,,,,,,21.0688591983556,0.7222222222222222,0.14646464646464646,0.027777777777777776,0.1885245901639344,0.07,0.16968325791855204,0.05,0.017391304347826087,0.06338028169014084,0.08620689655172414,0.13114754098360656,0.13513513513513514,0.23076923076923078,0.19428571428571428,0.17391304347826086,0.023809523809523808,0.5833333333333334,0.10857142857142857,0.7894736842105263,0.7894736842105263,0.6666666666666666,0.24571428571428572,0.7209302325581395,0.7209302325581395,0.8387096774193549,0.14285714285714285,0.6,0.6,1.0,0.26857142857142857,0.3404255319148936,0.3404255319148936,1.0,0.2342857142857143,0.3170731707317073,0.3170731707317073,1.0,0.3,0.6666666666666666,0.05,1.0,1.0,0.2,,,0.07692307692307693,1.0,0.20512820512820512,0.6114285714285714,0.3170731707317073,0.5161837142857145,0.5150954545454545,0.4886371794871795,0.059782608695652176,0.11458333333333333,0.1091703056768559,0.24017467248908297,9.848275862068965,24.643181818181823,0.21040723981900453,3.0,2.0,8.0,7.0,1.0,3.0,5.0,1.0,1.0,2.0,,,3.0,8.0,,2.0,0.4,,0.08695652173913043,,0.375,,12.0,8.0,5.0,0.32,0.3076923076923077,3.0,0.023809523809523808,5.0,,0.4166666666666667,,4.0,3.0,,,False,,,,,,1.0,,
1630208,1610612756,Nick Richards,Nick Richards,1630208,PHX,38220.0,637,-79.0,1278,1297,129.0,130.0,144.0,2575,87.0,116.0,31.0,36.0,7.0,11.0,27.0,67.0,4.0,8.0,,1.0,,1.0,,,,,,118.0,191.0,,1.0,51.0,287.0,1588,32.0,40.0,,1.0,74.0,12.0,19.0,,33.0,172.0,64.0,,,50.0,,,27.0,,9.0,10.0,19.0,4.0,6.0,1.0,6.0,2.0,48.0,30.0,41.0,98.0,77.0,184.0,72.0,256.0,3.0,4.0,3.0,1.0,17.0,2.0,7.0,19.0,10.0,,1.0,36.0,44.0,72.0,,13.0,49.0,1.0,62.0,31.0,26.0,,16.0,26.0,15.0,33.0,129.0,0.7288135593220338,0.9247311827956989,,,,,0.6178010471204188,0.8,0.631578947368421,0.6145833333333334,0.7804878048780488,0.631578947368421,0.6522727272727272,0.7872340425531915,0.6875,0.005208333333333333,,0.14136125654450263,0.11206896551724138,0.208955223880597,,17.790132036136207,0.4722222222222222,0.25666666666666665,0.1357615894039735,0.2832369942196532,0.10676156583629894,0.2708978328173375,0.12178387650085763,0.13186813186813187,0.09950248756218906,0.125,0.23076923076923078,0.30128205128205127,0.16981132075471697,0.29571984435797666,0.24719101123595505,0.06382978723404255,0.5769230769230769,0.6041666666666666,0.75,0.8446601941747572,0.6551724137931034,0.3489583333333333,0.40298507462686567,0.5094339622641509,0.9259259259259259,0.041666666666666664,0.5,0.5,1.0,0.005208333333333333,,,,,,,,0.8780487804878049,0.8611111111111112,0.024390243902439025,,,,,,0.5789473684210527,0.6363636363636364,,0.609375,,0.5561770833333333,0.559274193548387,0.5175789473684211,0.14285714285714285,0.14351851851851852,0.2578397212543554,0.11498257839721254,4.325654450261781,22.3,0.10093896713615023,,10.0,,9.0,2.0,4.0,3.0,3.0,10.0,6.0,,,3.0,10.0,2.0,3.0,,,0.22033898305084745,0.16129032258064516,,,,9.0,5.0,0.25,,1.0,0.06557377049180328,,,,1.0,,,0.05,,False,,,1.0,,1.0,,,
1642346,1610612756,Ryan Dunn,Ryan Dunn,1642346,PHX,54598.0,910,-93.0,1803,1859,320.0,394.0,232.0,3662,47.0,70.0,11.0,23.0,7.0,10.0,36.0,73.0,2.0,8.0,28.0,92.0,6.0,12.0,20.0,71.0,1.0,5.0,15.0,85.0,151.0,48.0,163.0,12.0,326.0,2150,17.0,34.0,7.0,17.0,57.0,9.0,17.0,28.0,44.0,130.0,40.0,144.0,,24.0,71.0,20.0,13.0,2.0,20.0,18.0,38.0,9.0,9.0,8.0,10.0,2.0,94.0,24.0,28.0,68.0,43.0,121.0,52.0,173.0,7.0,23.0,14.0,9.0,10.0,3.0,7.0,12.0,3.0,,1.0,22.0,62.0,107.0,3.0,3.0,19.0,3.0,26.0,11.0,30.0,,16.0,32.0,17.0,43.0,314.0,0.7647058823529411,0.8904109589041096,1.0,0.294478527607362,0.4117647058823529,0.294478527607362,0.5629139072847682,0.5,0.5294117647058824,0.5,0.5392156862745098,0.4666666666666667,0.5,0.5480769230769231,0.46808510638297873,0.5191082802547771,0.012269938650306749,0.08609271523178808,0.11428571428571428,0.0684931506849315,0.010869565217391304,16.81159420289855,0.45454545454545453,0.09033613445378151,0.06466512702078522,0.14049586776859505,0.05454545454545454,0.115625,0.05956471935853379,0.05905511811023622,0.060810810810810814,0.041666666666666664,0.09032258064516129,0.08677685950413223,0.10126582278481013,0.1443850267379679,0.12727272727272726,0.043209876543209874,0.53125,0.2229299363057325,0.6714285714285714,0.7580645161290323,0.7021276595744681,0.23248407643312102,0.4931506849315068,0.5294117647058824,0.8333333333333334,0.025477707006369428,0.25,0.25,1.0,0.2929936305732484,0.30434782608695654,0.3076923076923077,1.0,0.22611464968152867,0.28169014084507044,0.2857142857142857,1.0,0.45098039215686275,0.4782608695652174,0.23529411764705882,0.5,1.0,0.09803921568627451,0.2,1.0,0.2222222222222222,0.7,0.3333333333333333,0.7420382165605095,0.28169014084507044,0.5480855095541399,0.5408375000000001,0.5503822222222222,0.036923076923076927,0.06832298136645963,0.17484662576687116,0.13496932515337423,5.534437086092714,24.437423312883443,0.17748197448696618,4.0,2.0,8.0,2.0,2.0,2.0,3.0,4.0,,1.0,,1.0,1.0,14.0,,,0.2857142857142857,,0.07777777777777778,0.18181818181818182,0.26666666666666666,0.006097560975609756,13.0,10.0,1.0,0.20833333333333334,0.28888888888888886,11.0,0.06741573033707865,4.0,0.014084507042253521,0.3076923076923077,,2.0,1.0,,,False,,,,,,1.0,,
201142,1610612756,Kevin Durant,Kevin Durant,201142,PHX,100785.0,1680,11.0,3448,3437,959.0,887.0,322.0,6885,72.0,91.0,5.0,6.0,21.0,27.0,168.0,318.0,80.0,137.0,39.0,72.0,4.0,6.0,74.0,195.0,13.0,28.0,59.0,320.0,546.0,113.0,267.0,232.0,1211.0,4080,22.0,32.0,17.0,34.0,104.0,82.0,137.0,75.0,358.0,286.0,354.0,303.0,36.0,12.0,195.0,74.0,22.0,3.0,126.0,74.0,200.0,44.0,30.0,69.0,50.0,7.0,474.0,10.0,7.0,124.0,113.0,255.0,17.0,272.0,6.0,38.0,27.0,11.0,97.0,14.0,63.0,47.0,34.0,3.0,3.0,144.0,42.0,81.0,1.0,15.0,258.0,6.0,282.0,115.0,53.0,3.0,32.0,59.0,31.0,358.0,944.0,0.446875,0.4554140127388535,0.8938053097345132,0.4232209737827715,0.5,0.4232209737827715,0.5860805860805861,0.6875,0.5985401459854015,0.602091020910209,0.7196969696969697,0.5990566037735849,0.6477516059957173,0.7428571428571429,0.6660447761194029,0.3284132841328413,0.011235955056179775,0.040293040293040296,0.03296703296703297,0.05660377358490566,,28.3609576427256,0.6736111111111112,0.14487179487179488,0.009668508287292817,0.1445221445221445,0.01443001443001443,0.1446886446886447,0.011997177134791814,0.011547344110854504,0.014861995753715499,0.013513513513513514,0.10683760683760683,0.1362530413625304,0.23703703703703705,0.13978494623655913,0.15942028985507245,0.017241379310344827,0.5254237288135594,0.11193111931119311,0.7912087912087912,0.8181818181818182,0.6111111111111112,0.39114391143911437,0.5283018867924528,0.56,0.375,0.16851168511685116,0.583941605839416,0.5882352941176471,0.45,0.08856088560885608,0.5416666666666666,0.5416666666666666,1.0,0.23985239852398524,0.37948717948717947,0.3854166666666667,0.8378378378378378,0.09090909090909091,0.8333333333333334,0.09090909090909091,0.6666666666666666,1.0,0.42424242424242425,0.4642857142857143,1.0,0.12735849056603774,0.7777777777777778,0.2783018867924528,0.4403444034440344,0.37948717948717947,0.4914712177121768,0.4612397435897437,0.47773372641509443,0.13318534961154274,0.18253968253968253,0.08587943848059455,0.29562345169281584,10.260989010989011,25.445692883895134,0.2781322505800464,20.0,9.0,30.0,104.0,7.0,7.0,41.0,3.0,12.0,31.0,2.0,5.0,33.0,18.0,,33.0,0.4,0.0072992700729927005,0.006896551724137931,0.6,0.3389830508474576,0.01845018450184502,16.0,18.0,,0.18181818181818182,0.07547169811320754,5.0,0.00684931506849315,10.0,0.015384615384615385,0.625,,6.0,4.0,,1.0,False,,1.0,1.0,,,2.0,,
203078,1610612756,Bradley Beal,Bradley Beal,203078,PHX,74247.0,1237,-174.0,2513,2524,601.0,575.0,214.0,5037,67.0,94.0,4.0,10.0,20.0,29.0,83.0,149.0,37.0,85.0,23.0,65.0,1.0,3.0,42.0,113.0,5.0,13.0,24.0,187.0,328.0,65.0,178.0,92.0,661.0,3041,16.0,27.0,6.0,16.0,56.0,36.0,67.0,35.0,134.0,192.0,182.0,168.0,27.0,12.0,113.0,42.0,12.0,1.0,84.0,63.0,147.0,40.0,23.0,40.0,29.0,15.0,357.0,8.0,18.0,56.0,47.0,114.0,27.0,141.0,8.0,38.0,21.0,17.0,50.0,11.0,34.0,28.0,16.0,1.0,4.0,78.0,59.0,99.0,1.0,2.0,91.0,5.0,114.0,46.0,17.0,1.0,12.0,21.0,13.0,129.0,591.0,0.5133689839572193,0.5303867403314917,0.8615384615384616,0.3651685393258427,0.375,0.3651685393258427,0.5701219512195121,0.5925925925925926,0.5373134328358209,0.5622529644268774,0.5813953488372093,0.5,0.5912343470483006,0.5833333333333334,0.5447154471544715,0.35177865612648224,0.0056179775280898875,0.036585365853658534,0.06382978723404255,0.03355704697986577,,23.11046511627907,0.6410256410256411,0.08034188034188035,0.034482758620689655,0.09605488850771869,0.0148975791433892,0.08818493150684932,0.024551463644948063,0.029605263157894735,0.013850415512465374,0.017045454545454544,0.06976744186046512,0.07407407407407407,0.11206896551724138,0.08620689655172414,0.13445378151260504,0.03404255319148936,0.6190476190476191,0.1857707509881423,0.7127659574468085,0.7613636363636364,0.5223880597014925,0.29446640316205536,0.5570469798657718,0.5763888888888888,0.4819277108433735,0.16798418972332016,0.43529411764705883,0.44047619047619047,0.5675675675675675,0.12845849802371542,0.35384615384615387,0.35384615384615387,0.9565217391304348,0.22332015810276679,0.37168141592920356,0.375,0.8095238095238095,0.23255813953488372,0.4,0.06976744186046512,0.3333333333333333,1.0,0.3023255813953488,0.38461538461538464,0.8,0.28431372549019607,0.6896551724137931,0.23529411764705882,0.5375494071146245,0.37168141592920356,0.510143577075099,0.507575,0.5145632352941176,0.08791208791208792,0.12534059945504086,0.08472012102874432,0.2027231467473525,9.266768292682928,25.209550561797748,0.23915638678869877,8.0,6.0,10.0,32.0,9.0,3.0,21.0,4.0,3.0,7.0,,2.0,13.0,4.0,,8.0,0.2857142857142857,0.011764705882352941,0.030303030303030304,,0.3333333333333333,0.0111731843575419,11.0,11.0,,0.15492957746478872,0.10784313725490197,11.0,0.05042016806722689,2.0,0.008849557522123894,0.18181818181818182,1.0,4.0,3.0,0.019230769230769232,1.0,False,,1.0,3.0,,,1.0,1.0,
203486,1610612756,Mason Plumlee,Mason Plumlee,203486,PHX,71725.0,1195,47.0,2421,2398,648.0,572.0,263.0,4819,101.0,134.0,27.0,39.0,33.0,42.0,15.0,50.0,,1.0,,1.0,,,,2.0,,,1.0,116.0,185.0,,3.0,73.0,305.0,2829,28.0,45.0,,,75.0,36.0,55.0,1.0,103.0,178.0,54.0,,,42.0,1.0,,25.0,,78.0,41.0,119.0,27.0,14.0,32.0,32.0,14.0,279.0,48.0,61.0,144.0,149.0,315.0,109.0,424.0,10.0,30.0,19.0,11.0,25.0,4.0,13.0,28.0,12.0,,5.0,53.0,90.0,144.0,3.0,12.0,101.0,2.0,113.0,51.0,42.0,,21.0,43.0,29.0,102.0,643.0,0.7672413793103449,0.9368421052631579,,,,,0.6270270270270271,0.6222222222222222,0.6545454545454545,0.6170212765957447,0.6222222222222222,0.6428571428571429,0.6327800829875518,0.625,0.6776315789473685,0.015957446808510637,,0.13513513513513514,0.09701492537313433,0.24,,10.828729281767956,0.4716981132075472,0.2470978441127695,0.11937377690802348,0.2594594594594595,0.08727272727272728,0.25302245250431776,0.10273327049952875,0.12027491408934708,0.08533333333333333,0.09142857142857143,0.16279069767441862,0.26006191950464397,0.3425925925925926,0.27699530516431925,0.20155038759689922,0.23809523809523808,0.6744186046511628,0.7127659574468085,0.753731343283582,0.8347107438016529,0.7623762376237624,0.26595744680851063,0.3,0.39473684210526316,0.8,0.005319148936170213,,,,0.005319148936170213,,,,0.010638297872340425,,,,0.8666666666666667,0.6923076923076923,,,,,,,0.75,0.7857142857142857,0.017857142857142856,0.7287234042553191,,0.5824776881720432,0.5997083333333334,0.5987800000000002,0.21982758620689655,0.22270742358078602,0.2459016393442623,0.3377049180327869,3.076216216216215,39.5,0.26765799256505574,,19.0,,31.0,2.0,11.0,16.0,11.0,17.0,7.0,,,9.0,21.0,3.0,8.0,,,0.16666666666666666,0.18518518518518517,,,,22.0,1.0,0.3728813559322034,,4.0,0.06,,,,,1.0,1.0,,,False,,,1.0,1.0,,,,
1628998,1610612756,Cody Martin,Cody Martin,1628998,PHX,2681.0,45,22.0,95,99,33.0,43.0,14.0,194,3.0,6.0,1.0,1.0,1.0,1.0,1.0,2.0,,,1.0,5.0,,,,2.0,,,1.0,4.0,8.0,1.0,7.0,1.0,12.0,85,1.0,1.0,,,3.0,1.0,1.0,1.0,2.0,4.0,4.0,3.0,,2.0,2.0,,3.0,,3.0,3.0,6.0,2.0,1.0,1.0,1.0,1.0,15.0,1.0,3.0,6.0,3.0,9.0,4.0,13.0,,6.0,5.0,1.0,3.0,,2.0,,1.0,,,3.0,8.0,9.0,,,4.0,,1.0,1.0,2.0,,1.0,2.0,2.0,2.0,33.0,0.5,0.6666666666666666,1.0,0.14285714285714285,,0.14285714285714285,0.5,1.0,1.0,0.36666666666666664,1.0,0.5,0.4,1.5,0.5,0.4666666666666667,,0.375,0.3333333333333333,0.5,,16.363636363636363,1.0,0.13043478260869565,0.17647058823529413,0.24,0.03125,0.1875,0.08163265306122448,0.1111111111111111,0.045454545454545456,,0.2,0.0625,0.5,0.1111111111111111,0.5714285714285714,,1.0,0.4,0.5,0.75,0.6666666666666666,0.13333333333333333,0.5,1.0,,,,,,0.3333333333333333,0.2,0.2,1.0,0.13333333333333333,,,,1.0,1.0,,,,,,,0.5,1.0,0.5,0.8666666666666667,,0.5450766666666667,,0.53235,0.06666666666666667,0.125,0.25,0.16666666666666666,3.9875,24.085714285714285,0.3473684210526316,,1.0,,,,,1.0,,,1.0,,,,1.0,,,,,0.4,,,,,,,,,,,,,,,,,,,False,,,2.0,,,,,
1631102,1610612756,TyTy Washington Jr.,TyTy Washington Jr.,1631102,PHX,6074.0,101,-9.0,206,209,71.0,90.0,27.0,415,,,,,,,7.0,15.0,1.0,4.0,2.0,8.0,,,2.0,12.0,,2.0,3.0,8.0,19.0,4.0,20.0,3.0,31.0,234,1.0,1.0,,2.0,2.0,2.0,7.0,4.0,6.0,10.0,6.0,9.0,3.0,,12.0,2.0,,,11.0,4.0,15.0,1.0,3.0,6.0,4.0,1.0,34.0,2.0,2.0,7.0,1.0,8.0,4.0,12.0,,3.0,2.0,1.0,1.0,1.0,1.0,2.0,,1.0,,3.0,3.0,4.0,,,3.0,,4.0,2.0,,,,,,6.0,71.0,0.625,0.625,0.75,0.2,,0.2,0.42105263157894735,1.0,0.2857142857142857,0.358974358974359,0.3333333333333333,0.18181818181818182,0.3780487804878049,0.3333333333333333,0.25,0.5128205128205128,,,,,,18.72340425531915,0.3333333333333333,0.02040816326530612,0.041666666666666664,0.14583333333333334,0.03508771929824561,0.08247422680412371,0.0380952380952381,0.06451612903225806,0.05128205128205128,,,,0.14285714285714285,0.16666666666666666,0.08333333333333333,,,,,,,0.38461538461538464,0.4666666666666667,0.4666666666666667,0.5714285714285714,0.10256410256410256,0.25,0.25,1.0,0.20512820512820512,0.25,0.25,1.0,0.3076923076923077,0.16666666666666666,0.16666666666666666,0.5,,,,,,0.6666666666666666,,,,,0.2727272727272727,0.5128205128205128,0.16666666666666666,0.48493974358974357,,0.451359090909091,0.04878048780487805,0.09523809523809523,0.06451612903225806,0.1935483870967742,10.473684210526317,25.13,0.3446601941747573,,,,2.0,,,2.0,1.0,,,,,,,,,,,,,,,1.0,,,,0.09090909090909091,,,,,,,,,,,False,,,,,,,,
1631221,1610612756,Collin Gillespie,Collin Gillespie,1631221,PHX,11177.0,186,41.0,377,384,126.0,147.0,50.0,761,6.0,8.0,,,2.0,3.0,4.0,14.0,3.0,7.0,4.0,5.0,,1.0,7.0,25.0,,1.0,8.0,13.0,29.0,11.0,30.0,12.0,71.0,415,,2.0,,2.0,4.0,7.0,10.0,10.0,34.0,10.0,16.0,27.0,6.0,,24.0,7.0,4.0,1.0,25.0,11.0,36.0,6.0,5.0,7.0,14.0,4.0,83.0,3.0,8.0,13.0,9.0,22.0,12.0,34.0,,5.0,3.0,2.0,3.0,,2.0,2.0,1.0,,,5.0,11.0,19.0,1.0,,12.0,1.0,13.0,6.0,3.0,,1.0,3.0,3.0,34.0,124.0,0.38461538461538464,0.38461538461538464,0.8181818181818182,0.36666666666666664,,0.3793103448275862,0.4482758620689655,,0.7,0.5,,0.725,0.5461538461538461,0.3333333333333333,0.7727272727272727,0.5084745762711864,0.03333333333333333,0.13793103448275862,0.125,0.21428571428571427,,16.317016317016318,0.6,0.10714285714285714,0.08602150537634409,0.1368421052631579,0.038461538461538464,0.12290502793296089,0.06432748538011696,0.058823529411764705,0.017543859649122806,0.09523809523809523,0.058823529411764705,0.10256410256410256,0.2727272727272727,0.13432835820895522,0.14285714285714285,,1.0,0.13559322033898305,0.75,0.8571428571428571,0.5,0.23728813559322035,0.2857142857142857,0.36363636363636365,0.25,0.11864406779661017,0.42857142857142855,0.42857142857142855,0.3333333333333333,0.0847457627118644,0.8,0.8,1.0,0.423728813559322,0.28,0.2916666666666667,0.7142857142857143,,,0.25,,,0.25,,,0.15,0.6666666666666666,0.4,0.6440677966101694,0.2916666666666667,0.5058896551724138,0.45088333333333336,0.50627,0.09375,0.17647058823529413,0.056338028169014086,0.4788732394366197,9.110344827586207,26.526666666666667,0.33421750663129973,3.0,4.0,5.0,5.0,1.0,,1.0,,1.0,1.0,,,1.0,2.0,,1.0,0.5,,0.05263157894736842,,0.375,,2.0,,,,0.1,2.0,0.17391304347826086,2.0,0.04,1.0,1.0,,,0.16666666666666666,,False,,,,1.0,,,,
1627814,1610612756,Damion Lee,Damion Lee,1627814,PHX,6066.0,101,35.0,218,213,82.0,120.0,20.0,431,5.0,6.0,1.0,1.0,3.0,3.0,8.0,17.0,,4.0,3.0,11.0,,,3.0,16.0,1.0,1.0,5.0,13.0,27.0,6.0,27.0,16.0,60.0,198,1.0,3.0,1.0,1.0,6.0,7.0,10.0,8.0,33.0,18.0,8.0,18.0,,2.0,16.0,3.0,3.0,,6.0,2.0,8.0,2.0,,3.0,2.0,1.0,18.0,2.0,,9.0,3.0,12.0,2.0,14.0,,4.0,2.0,2.0,6.0,,4.0,2.0,2.0,,,8.0,2.0,5.0,,1.0,10.0,,17.0,5.0,,,,,,33.0,82.0,0.6923076923076923,0.75,1.0,0.2222222222222222,1.0,0.2222222222222222,0.48148148148148145,0.3333333333333333,0.7,0.4074074074074074,0.625,0.5555555555555556,0.4838709677419355,0.6,0.6875,0.5,,0.1111111111111111,0.16666666666666666,0.11764705882352941,,29.166666666666668,0.75,0.06666666666666667,,0.140625,0.037037037037037035,0.11009174311926606,0.020833333333333332,,0.058823529411764705,,,0.07142857142857142,0.14285714285714285,0.15217391304347827,0.1111111111111111,,,0.1111111111111111,0.8333333333333334,1.0,0.4,0.3148148148148148,0.47058823529411764,0.5333333333333333,0.875,0.07407407407407407,,,,0.2037037037037037,0.2727272727272727,0.2727272727272727,1.0,0.2962962962962963,0.1875,0.1875,1.0,0.25,1.0,,,,0.25,1.0,1.0,0.16666666666666666,1.0,0.2777777777777778,0.6111111111111112,0.1875,0.4918314814814815,0.4181166666666667,0.48523888888888894,0.08620689655172414,0.16129032258064516,0.1,0.55,7.940740740740742,25.237037037037037,0.3761467889908257,2.0,1.0,2.0,13.0,1.0,,1.0,,,1.0,,,4.0,,,4.0,0.25,,,,0.4,,3.0,,,,0.16666666666666666,,,,,,,,,,,False,,,,,,,,
1641779,1610612756,Jalen Bridges,Jalen Bridges,1641779,PHX,1507.0,25,,51,51,25.0,28.0,2.0,102,,,,,,,,,,,1.0,2.0,,,,2.0,,,1.0,,,1.0,4.0,1.0,4.0,49,,,,,,,,2.0,3.0,,,3.0,,,2.0,,,,,,,,,,,,,,,3.0,,3.0,,3.0,,,,,3.0,,,1.0,3.0,,,4.0,,,,,2.0,,2.0,1.0,,,,,,3.0,25.0,,,1.0,0.25,,0.25,,,,0.375,,0.75,0.4,,0.75,1.0,,,,,,16.9811320754717,0.75,,,0.1875,,0.12,,,,,,,,0.3,,,,,,,,,,,,,,,,0.5,0.5,0.5,1.0,0.5,,,,,,,,,,,,,,0.5,1.0,,0.5176499999999999,,0.485175,0.2,1.0,,0.75,,24.9,0.49019607843137253,,,1.0,,1.0,,1.0,,,,,,,,,,0.5,,,,,,1.0,,,,0.5,,,1.0,,1.0,,,,,,False,,,,,,,,
203995,1610612756,Vasilije Micić,Vasilije Micić,203995,PHX,427.0,7,11.0,15,15,,15.0,1.0,30,,,,,,,,,,,,,,,,,,,,,,,,,,15,,,,,,,,,,,,,,,,,,,,,,,,,,,,,,1.0,1.0,2.0,,2.0,,,,,,,,,,,,,,,,,,,,,,,,,,,,,,,,,,,,,,,,,,,,,,,,,,,0.25,,0.2,,0.2222222222222222,,,,,,0.3333333333333333,,,1.0,,,,,,,,,,,,,,,,,,,,,,,,,,,,,,,,,,,,,,,,,,,,,,,,,,,,,,,,,,,,,,,,,,,,,,,,,,,,,,,,,,,False,,,,,,,,
1628970,1610612766,Miles Bridges,Miles Bridges,1628970,CHA,7928.0,132,-6.0,274,270,68.0,88.0,31.0,544,16.0,24.0,4.0,4.0,2.0,4.0,9.0,23.0,1.0,3.0,4.0,8.0,1.0,2.0,10.0,28.0,3.0,4.0,11.0,26.0,50.0,14.0,36.0,27.0,121.0,293,4.0,4.0,4.0,6.0,23.0,3.0,9.0,13.0,32.0,30.0,22.0,42.0,,2.0,26.0,10.0,7.0,1.0,6.0,5.0,11.0,3.0,2.0,2.0,4.0,,27.0,1.0,2.0,18.0,6.0,27.0,5.0,32.0,1.0,2.0,1.0,1.0,6.0,,2.0,2.0,4.0,,1.0,8.0,1.0,5.0,1.0,,21.0,1.0,31.0,11.0,5.0,1.0,1.0,5.0,3.0,30.0,67.0,0.5769230769230769,0.6,1.0,0.3888888888888889,0.6666666666666666,0.4117647058823529,0.52,1.0,0.3333333333333333,0.5465116279069767,1.0,0.4090909090909091,0.601010101010101,1.0454545454545454,0.5357142857142857,0.4186046511627907,0.027777777777777776,0.14,0.125,0.13043478260869565,,34.516129032258064,0.75,0.1,0.03333333333333333,0.21428571428571427,0.0125,0.16666666666666666,0.02142857142857143,0.03333333333333333,,0.045454545454545456,0.16666666666666666,0.034482758620689655,0.15384615384615385,0.21875,0.2,0.027777777777777776,0.6,0.27906976744186046,0.6666666666666666,0.7619047619047619,0.625,0.26744186046511625,0.391304347826087,0.45,0.4444444444444444,0.03488372093023256,0.3333333333333333,0.5,1.0,0.09302325581395349,0.5,0.5,1.0,0.32558139534883723,0.35714285714285715,0.37037037037037035,1.0,0.4,1.0,0.2,0.5,1.0,0.4,0.75,1.0,0.18181818181818182,0.5,0.5,0.6976744186046512,0.38461538461538464,0.5312255952380953,0.55335,0.48331749999999996,0.11578947368421053,0.1864406779661017,0.19008264462809918,0.2644628099173554,5.789999999999999,27.608333333333334,0.24817518248175183,4.0,3.0,4.0,14.0,,1.0,5.0,2.0,1.0,2.0,3.0,,4.0,3.0,,3.0,0.3076923076923077,0.3333333333333333,0.047619047619047616,0.5,0.36363636363636365,,2.0,3.0,2.0,0.42857142857142855,0.09090909090909091,2.0,,,0.03571428571428571,,2.0,,,0.2222222222222222,,True,,,,2.0,,,,
1629610,1610612766,DaQuan Jeffries,DaQuan Jeffries,1629610,CHA,4693.0,78,-10.0,169,167,48.0,55.0,16.0,336,1.0,4.0,,,1.0,1.0,1.0,3.0,1.0,1.0,3.0,5.0,,,1.0,5.0,,,2.0,3.0,8.0,4.0,10.0,1.0,19.0,190,,1.0,,,,2.0,3.0,4.0,7.0,6.0,,12.0,,,5.0,1.0,2.0,,2.0,3.0,5.0,2.0,1.0,1.0,1.0,,13.0,1.0,2.0,2.0,3.0,5.0,3.0,8.0,1.0,3.0,2.0,1.0,,,,2.0,,,1.0,2.0,5.0,9.0,,,1.0,,2.0,1.0,1.0,1.0,,1.0,1.0,7.0,48.0,1.0,1.0,1.0,0.4,,0.4,0.375,,0.6666666666666666,0.5,,0.5,0.5,,0.5,0.5555555555555556,,0.25,0.25,0.3333333333333333,,11.111111111111112,,0.09090909090909091,0.05,0.045454545454545456,0.021739130434782608,0.06493506493506493,0.03488372093023256,0.1,0.030303030303030304,,,0.1,0.16666666666666666,0.03125,0.08333333333333333,0.1111111111111111,1.0,0.2222222222222222,0.25,0.3333333333333333,1.0,0.16666666666666666,0.3333333333333333,0.5,1.0,0.05555555555555555,1.0,1.0,1.0,0.2777777777777778,0.6,0.6,1.0,0.2777777777777778,0.2,0.2,1.0,,,,,,,,,0.14285714285714285,1.0,0.2857142857142857,0.7777777777777778,0.2,0.5351722222222223,,0.5254642857142857,0.05263157894736842,0.1111111111111111,,0.3684210526315789,6.4,24.68,0.28402366863905326,,,1.0,,1.0,,2.0,,,,,,,,,,0.25,,,,,,2.0,,,,0.2857142857142857,1.0,,1.0,,0.5,,,,,,True,,,,,,,,
1630163,1610612766,LaMelo Ball,LaMelo Ball,1630163,CHA,5314.0,89,-47.0,188,188,64.0,55.0,21.0,376,7.0,14.0,2.0,4.0,2.0,2.0,3.0,12.0,,2.0,1.0,5.0,,2.0,10.0,28.0,,1.0,9.0,10.0,28.0,11.0,33.0,10.0,63.0,229,2.0,4.0,,3.0,4.0,3.0,10.0,11.0,19.0,,20.0,21.0,12.0,4.0,27.0,10.0,1.0,,8.0,11.0,19.0,3.0,8.0,4.0,3.0,1.0,49.0,3.0,3.0,2.0,5.0,7.0,6.0,13.0,2.0,3.0,2.0,1.0,3.0,1.0,3.0,7.0,,1.0,,10.0,3.0,16.0,,2.0,15.0,,14.0,5.0,,,,,,19.0,64.0,,,0.6363636363636364,0.3333333333333333,,0.34375,0.35714285714285715,0.5,0.3,0.4344262295081967,0.2857142857142857,0.42857142857142855,0.4626865671641791,0.2857142857142857,0.4318181818181818,0.5409836065573771,,0.03571428571428571,0.07142857142857142,,,35.81395348837209,0.3,0.13513513513513514,0.06666666666666667,0.04081632653061224,0.05454545454545454,0.08139534883720931,0.06,0.043478260869565216,0.025,0.13333333333333333,0.125,0.17647058823529413,,0.02702702702702703,0.08333333333333333,0.05263157894736842,,0.22950819672131148,0.5,0.5384615384615384,,0.19672131147540983,0.25,0.25,,0.03278688524590164,,,,0.08196721311475409,0.2,0.2,1.0,0.45901639344262296,0.35714285714285715,0.35714285714285715,0.6,0.5714285714285714,0.5,0.2857142857142857,,,0.14285714285714285,,,0.09523809523809523,1.0,0.42857142857142855,0.7704918032786885,0.37037037037037035,0.5328708333333334,0.53366,0.5025700000000001,0.07575757575757576,0.15151515151515152,0.06349206349206349,0.30158730158730157,5.260714285714286,28.051515151515154,0.3404255319148936,4.0,,4.0,1.0,2.0,,5.0,3.0,,,2.0,,1.0,,,1.0,0.36363636363636365,,0.1111111111111111,,0.4444444444444444,,2.0,,,,0.09523809523809523,4.0,,,,,,,,,,True,,,,1.0,,,,
1630182,1610612766,Josh Green,Josh Green,1630182,CHA,6131.0,102,1.0,209,208,27.0,42.0,23.0,417,,1.0,,,,,3.0,5.0,1.0,3.0,6.0,11.0,,1.0,,5.0,,1.0,,4.0,9.0,6.0,16.0,2.0,28.0,222,,,,2.0,,,1.0,,,8.0,,18.0,,,5.0,,1.0,,2.0,1.0,3.0,1.0,,1.0,,1.0,7.0,,,3.0,,3.0,,3.0,,6.0,3.0,3.0,2.0,,2.0,1.0,,,,3.0,5.0,9.0,1.0,,3.0,,4.0,2.0,,,,,,,26.0,1.0,1.0,1.0,0.375,,0.375,0.4444444444444444,,,0.52,,,0.5185185185185185,,,0.64,,0.1111111111111111,1.0,,,12.76595744680851,0.6666666666666666,,,0.05263157894736842,,0.026785714285714284,,,,,,,,0.043478260869565216,0.09090909090909091,,,0.04,,,,0.2,0.6,0.6,1.0,0.12,0.3333333333333333,0.3333333333333333,1.0,0.44,0.5454545454545454,0.5454545454545454,1.0,0.2,,,,,,0.5,,,0.5,,,,,,0.68,,0.5372439999999999,0.5996999999999999,0.4144,0.07407407407407407,0.18181818181818182,,,9.100000000000001,24.175000000000004,0.1291866028708134,,,,,,,,,,,,,,,,,,,,,,,,,,,,1.0,,,,,,,,,,True,,,,,,,,
203994,1610612766,Jusuf Nurkić,Jusuf Nurkić,203994,CHA,13683.0,228,-36.0,469,464,132.0,137.0,50.0,933,19.0,29.0,7.0,12.0,6.0,9.0,17.0,26.0,,1.0,,,,,5.0,24.0,,1.0,6.0,36.0,56.0,5.0,24.0,19.0,106.0,518,10.0,15.0,,1.0,25.0,7.0,11.0,6.0,23.0,52.0,20.0,15.0,,10.0,23.0,5.0,2.0,,17.0,14.0,31.0,11.0,3.0,7.0,8.0,2.0,76.0,8.0,13.0,37.0,33.0,71.0,21.0,92.0,5.0,11.0,7.0,4.0,10.0,2.0,5.0,9.0,5.0,,1.0,19.0,13.0,26.0,1.0,4.0,25.0,,29.0,14.0,9.0,,4.0,9.0,7.0,23.0,131.0,0.7222222222222222,0.8387096774193549,1.0,0.20833333333333334,,0.21739130434782608,0.6428571428571429,0.6666666666666666,0.6363636363636364,0.54375,0.625,0.5882352941176471,0.5698924731182796,0.6944444444444444,0.575,0.3,,0.03571428571428571,,0.07692307692307693,,21.21212121212121,0.5263157894736842,0.3113207547169811,0.11818181818181818,0.29365079365079366,0.06201550387596899,0.3017241379310345,0.08786610878661087,0.12727272727272726,0.0625,0.06060606060606061,0.18181818181818182,0.42592592592592593,0.21052631578947367,0.30303030303030304,0.25925925925925924,0.1388888888888889,0.7777777777777778,0.3625,0.6551724137931034,0.6551724137931034,0.631578947368421,0.325,0.6538461538461539,0.7083333333333334,0.8235294117647058,0.0125,,,,,,,,0.3,0.20833333333333334,0.20833333333333334,1.0,0.75,0.5833333333333334,,,,0.0625,,,0.5294117647058824,0.6666666666666666,0.35294117647058826,0.6625,0.21739130434782608,0.5366189873417722,0.5666615384615385,0.5896625,0.15384615384615385,0.208955223880597,0.2358490566037736,0.2169811320754717,4.2625,26.791666666666668,0.2814498933901919,2.0,5.0,2.0,3.0,1.0,2.0,8.0,1.0,4.0,3.0,,,2.0,5.0,,2.0,0.3333333333333333,,0.15,0.2857142857142857,0.3333333333333333,,,1.0,,0.07692307692307693,,4.0,,,,,,,,,,True,,,,1.0,,,,
1631111,1610612766,Wendell Moore Jr.,Wendell Moore Jr.,1631111,CHA,3604.0,60,-14.0,122,122,33.0,42.0,12.0,244,8.0,12.0,1.0,2.0,3.0,5.0,,,1.0,2.0,1.0,4.0,,,,3.0,,,,9.0,14.0,1.0,7.0,2.0,23.0,140,2.0,3.0,,,4.0,4.0,6.0,,8.0,10.0,8.0,3.0,,2.0,3.0,,3.0,,2.0,3.0,5.0,3.0,,1.0,1.0,,13.0,1.0,1.0,4.0,2.0,8.0,2.0,10.0,,2.0,1.0,1.0,4.0,,2.0,,2.0,,,4.0,2.0,3.0,,,4.0,,4.0,3.0,,,,,,8.0,33.0,0.5555555555555556,0.625,1.0,0.14285714285714285,,0.14285714285714285,0.6428571428571429,0.6666666666666666,0.6666666666666666,0.5,0.6666666666666666,0.6666666666666666,0.5227272727272727,0.6666666666666666,0.6666666666666666,0.3333333333333333,,0.21428571428571427,0.25,,,19.11764705882353,1.0,0.06896551724137931,0.03125,0.16666666666666666,0.029411764705882353,0.11320754716981132,0.030303030303030304,0.09090909090909091,,0.125,,0.125,,0.10526315789473684,0.4,,,0.5714285714285714,0.6666666666666666,0.8888888888888888,0.625,,,,,0.09523809523809523,0.5,0.5,,0.19047619047619047,0.25,0.25,1.0,0.14285714285714285,,,,0.6666666666666666,0.5,,,,,,,0.8333333333333334,0.6,,0.9047619047619048,,0.62615,0.6068,0.62145,0.13636363636363635,0.2,0.17391304347826086,0.34782608695652173,3.7071428571428577,24.414285714285715,0.27049180327868855,,,,,,,,,,2.0,,,,,,,,,,,,,,2.0,,0.5,,,,,,,,,,,,True,,,,,,,,
1641733,1610612766,Nick Smith Jr.,Nick Smith Jr.,1641733,CHA,7849.0,131,-22.0,269,263,101.0,85.0,28.0,532,1.0,2.0,,,,,4.0,12.0,2.0,5.0,3.0,9.0,,1.0,6.0,21.0,,2.0,8.0,7.0,19.0,9.0,30.0,6.0,47.0,289,2.0,2.0,,3.0,5.0,1.0,7.0,12.0,16.0,2.0,12.0,27.0,,,20.0,6.0,1.0,,6.0,4.0,10.0,4.0,,3.0,3.0,,24.0,2.0,,5.0,5.0,12.0,2.0,14.0,1.0,,,,5.0,,5.0,1.0,,,1.0,6.0,5.0,8.0,,,4.0,,6.0,,,,,,,16.0,100.0,0.14285714285714285,0.14285714285714285,1.0,0.3,,0.3103448275862069,0.3684210526315789,1.0,0.14285714285714285,0.41836734693877553,0.4,0.2894736842105263,0.45098039215686275,0.4,0.38095238095238093,0.6122448979591837,,0.05263157894736842,0.5,,,18.811881188118814,0.8333333333333334,0.08196721311475409,,0.06666666666666667,0.028169014084507043,0.07352941176470588,0.014814814814814815,,0.0196078431372549,0.05,0.045454545454545456,0.07407407407407407,0.16666666666666666,0.06779661016949153,0.0625,0.03333333333333333,,0.04081632653061224,0.5,1.0,,0.24489795918367346,0.3333333333333333,0.3333333333333333,0.25,0.10204081632653061,0.4,0.4,,0.1836734693877551,0.3333333333333333,0.3333333333333333,1.0,0.42857142857142855,0.2857142857142857,0.2857142857142857,1.0,,,0.2,,,0.4,,,,,0.42105263157894735,0.6530612244897959,0.3,0.5089958333333334,0.5124500000000001,0.4734694444444444,0.02,,0.10638297872340426,0.3404255319148936,10.83157894736842,26.023333333333333,0.3754646840148699,2.0,1.0,3.0,5.0,,,4.0,,1.0,,1.0,1.0,1.0,,,1.0,0.25,,,,0.25,0.03225806451612903,4.0,2.0,,0.2222222222222222,0.21052631578947367,1.0,,1.0,,0.25,,,,,,True,,,,1.0,,,,
1642275,1610612766,Tidjane Salaün,Tidjane Salaün,1642275,CHA,4224.0,70,-24.0,142,138,52.0,32.0,16.0,280,,2.0,,2.0,,1.0,,3.0,1.0,2.0,2.0,3.0,,,4.0,9.0,,,2.0,1.0,7.0,6.0,12.0,2.0,22.0,157,,2.0,,,,1.0,3.0,4.0,7.0,2.0,,12.0,6.0,,9.0,4.0,1.0,1.0,2.0,1.0,3.0,,1.0,2.0,,,7.0,3.0,1.0,3.0,6.0,11.0,4.0,15.0,1.0,1.0,1.0,,2.0,,1.0,2.0,1.0,1.0,1.0,4.0,1.0,3.0,,,2.0,,3.0,1.0,,,,,,7.0,52.0,1.0,1.0,0.6666666666666666,0.5,,0.5,0.14285714285714285,,0.3333333333333333,0.5263157894736842,,0.35714285714285715,0.5238095238095238,,0.3888888888888889,0.631578947368421,0.08333333333333333,0.14285714285714285,0.5,,,14.906832298136646,0.5,0.21428571428571427,0.02564102564102564,0.07894736842105263,0.08823529411764706,0.13636363636363635,0.0547945205479452,0.041666666666666664,0.04,0.2222222222222222,0.6,0.05555555555555555,0.4,0.09090909090909091,,0.1,,0.10526315789473684,,,,0.15789473684210525,,,,0.10526315789473684,0.5,0.5,1.0,0.15789473684210525,0.6666666666666666,0.6666666666666666,1.0,0.47368421052631576,0.4444444444444444,0.5,0.5,1.0,,,,,,,,0.14285714285714285,,0.2857142857142857,0.7368421052631579,0.4444444444444444,0.4978657894736842,0.6065,0.4913785714285714,0.05,0.125,,0.3181818181818182,8.742857142857142,26.425,0.36619718309859156,,,1.0,2.0,,,3.0,,,,,,1.0,,,,0.25,,,,,,2.0,2.0,,0.3333333333333333,0.2857142857142857,,,1.0,0.1111111111111111,0.5,,,,,,True,,,,,,,,
203552,1610612766,Seth Curry,Seth Curry,203552,CHA,5369.0,89,-1.0,179,178,60.0,78.0,19.0,357,3.0,3.0,,,2.0,2.0,2.0,3.0,1.0,5.0,1.0,3.0,1.0,2.0,3.0,9.0,1.0,1.0,4.0,6.0,11.0,4.0,12.0,,24.0,185,,,2.0,3.0,6.0,3.0,5.0,5.0,12.0,8.0,4.0,12.0,,,9.0,3.0,,,4.0,3.0,7.0,3.0,,3.0,1.0,,17.0,2.0,,8.0,,9.0,2.0,11.0,1.0,5.0,3.0,2.0,3.0,,2.0,,1.0,,,3.0,1.0,7.0,,,4.0,,,,,,,,,12.0,60.0,0.6666666666666666,0.6666666666666666,1.0,0.3333333333333333,0.6666666666666666,0.3333333333333333,0.5454545454545454,,0.6,0.5217391304347826,1.0,0.6,0.5217391304347826,1.0,0.6,0.5217391304347826,,,,,,12.935323383084578,1.0,,,0.15384615384615385,0.03773584905660377,0.08602150537634409,0.02127659574468085,,0.043478260869565216,,,,,0.15,0.16666666666666666,0.07692307692307693,,0.13043478260869565,1.0,1.0,1.0,0.13043478260869565,0.6666666666666666,0.6666666666666666,0.5,0.21739130434782608,0.2,0.2,,0.13043478260869565,0.3333333333333333,0.3333333333333333,1.0,0.391304347826087,0.3333333333333333,0.3333333333333333,1.0,,,0.6666666666666666,0.5,1.0,0.3333333333333333,1.0,1.0,0.2,1.0,0.4,0.6521739130434783,0.3333333333333333,0.49186304347826093,,0.49003499999999994,,,0.25,0.5,12.118181818181817,25.758333333333336,0.33519553072625696,2.0,,2.0,,,1.0,,1.0,,,,,,,,,0.4,,,,0.5,,1.0,1.0,,0.16666666666666666,0.1,2.0,,,,,,,,,,True,,,,,,,,
1630201,1610612766,Malachi Flynn,Malachi Flynn,1630201,CHA,340.0,6,-6.0,11,10,,,,21,,,,,,,,1.0,,,,,,,,3.0,,,,,1.0,,3.0,,,14,,,,,,,,,,,,,,,3.0,,,,1.0,,1.0,,,,1.0,,2.0,,,,,,,,,1.0,1.0,,1.0,,1.0,,,,,1.0,,1.0,,,,,,,,,,,,,,,,,,,,,,,,,,,,,0.75,,,,,,45.45454545454545,1.0,,,,,,,,,,,,,,,,,,,,,0.25,,,,,,,,,,,,0.75,,,,,,,,,,,,,,,0.75,,0.4936125,,,,,,,7.8,26.266666666666666,,,,,,,,,,,,,,,,,,,,,,,,,,,,,,,,,,,,,,,True,,,,,,,,
1630585,1610612766,Marcus Garrett,Marcus Garrett,1630585,CHA,2119.0,35,-13.0,67,71,18.0,11.0,5.0,138,2.0,3.0,,,,,2.0,3.0,,,,1.0,,,2.0,4.0,,1.0,1.0,4.0,6.0,2.0,5.0,,14.0,85,,,,1.0,,,,1.0,3.0,2.0,6.0,6.0,,,4.0,2.0,1.0,,1.0,2.0,3.0,,2.0,1.0,,,8.0,,,,3.0,3.0,,3.0,,2.0,,2.0,,3.0,,5.0,,1.0,1.0,5.0,4.0,5.0,,,,,,,2.0,,1.0,2.0,2.0,3.0,18.0,0.25,0.25,1.0,0.4,,0.4,0.6666666666666666,,,0.6363636363636364,,1.5,0.6363636363636364,,1.5,0.45454545454545453,,0.16666666666666666,0.3333333333333333,,,21.62162162162162,,0.15,,,,0.08108108108108109,,,,,0.25,0.1111111111111111,,,,,1.0,0.2727272727272727,0.6666666666666666,1.0,,0.2727272727272727,0.6666666666666666,0.6666666666666666,0.5,,,,,0.09090909090909091,,,,0.36363636363636365,0.5,0.5,1.0,,,,,,1.0,,,,,1.0,0.7272727272727273,0.5,0.5503090909090911,0.52995,0.4554,,,,0.21428571428571427,4.3500000000000005,26.26,0.26865671641791045,1.0,,1.0,,,,,,,,,,,1.0,,,1.0,,,,1.0,,,,,,,,,,,,,,,,,True,,,,,,,,
1631217,1610612766,Moussa Diabaté,Moussa Diabaté,1631217,CHA,948.0,16,4.0,29,31,5.0,6.0,3.0,60,1.0,1.0,,,,,,,,,,1.0,,,,1.0,,1.0,,1.0,1.0,,2.0,1.0,3.0,34,,,,1.0,,,,,,2.0,,,,,1.0,,,,,,,,,,,,,1.0,,,1.0,1.0,1.0,2.0,,,,,,,,,,,,,,1.0,,,1.0,,2.0,1.0,,,,,,,5.0,1.0,1.0,,,,,1.0,,,0.3333333333333333,,,0.375,,,0.6666666666666666,,,,,,12.121212121212121,,0.1111111111111111,,,0.14285714285714285,0.08333333333333333,0.08333333333333333,,0.2,,,0.25,,,,,,0.3333333333333333,1.0,1.0,1.0,,,,,,,,,0.3333333333333333,,,,0.3333333333333333,,,,,,,,,1.0,,,,,,1.0,,0.6609833333333334,,,0.25,0.5,,,1.2,24.65,0.1724137931034483,,,,,,,,1.0,,,,,,,,,,,,,,,,,,,,,,,,,,,,,,True,,,,,,,,
1641878,1610612766,Damion Baugh,Damion Baugh,1641878,CHA,2927.0,49,3.0,104,96,26.0,25.0,12.0,200,3.0,6.0,,,1.0,2.0,1.0,1.0,1.0,1.0,,4.0,,,,3.0,,1.0,,5.0,8.0,,7.0,,10.0,114,,,,1.0,,1.0,2.0,,2.0,4.0,6.0,,,,3.0,,,,8.0,5.0,13.0,2.0,3.0,6.0,1.0,1.0,31.0,,,2.0,,2.0,,2.0,,3.0,3.0,,2.0,,2.0,,,,,2.0,,3.0,,,1.0,1.0,,,,,,,,2.0,25.0,0.4,0.4,,,,,0.625,,0.5,0.3333333333333333,,0.5,0.3333333333333333,,0.5,0.4666666666666667,,,,,,14.40677966101695,1.0,,,0.08,,0.044444444444444446,,,,,,,,0.09523809523809523,,,,0.4,0.5,0.5,,0.06666666666666667,1.0,1.0,1.0,0.06666666666666667,1.0,1.0,1.0,0.26666666666666666,,,,0.2,,,,,,,,,1.0,,,1.0,0.5,,0.8666666666666667,,0.5458766666666667,0.5379,0.6194500000000001,,,,0.2,4.4375,24.557142857142853,0.25,,,,,,1.0,,,,,,,,,,,,,,,,,,,,,,1.0,,,,,,,,,,True,,,,,,,,
203901,1610612766,Elfrid Payton,Elfrid Payton,203901,CHA,3286.0,55,-9.0,113,114,26.0,29.0,14.0,227,,1.0,,,,,1.0,6.0,,,,,,,,,,,,1.0,7.0,,,,2.0,120,,,,,,,1.0,,,,2.0,,,,,,1.0,,4.0,4.0,8.0,3.0,1.0,1.0,3.0,,20.0,,1.0,3.0,2.0,5.0,1.0,6.0,,2.0,1.0,1.0,3.0,1.0,2.0,1.0,1.0,,,4.0,3.0,8.0,,,1.0,,,,1.0,,,1.0,,,26.0,,,,,,,0.14285714285714285,,,0.14285714285714285,,,0.14285714285714285,,,,,0.14285714285714285,,0.16666666666666666,,8.73015873015873,0.75,0.06666666666666667,0.030303030303030304,0.0967741935483871,,0.08196721311475409,0.015873015873015872,0.05555555555555555,,,,0.058823529411764705,0.125,0.08,0.16666666666666666,,,0.14285714285714285,,,,0.8571428571428571,0.16666666666666666,0.2,,,,,,,,,,,,,,,,,,,,,,,,,0.14285714285714285,,0.5042714285714285,,0.4854,,,,,8.242857142857142,,0.23008849557522124,,,,,,,2.0,2.0,,,,,,1.0,,,,,,,,,,,,,,1.0,,,,,,,,,,True,,,,,,,,
1628970,1610612766,Miles Bridges,Miles Bridges,1628970,CHA,96898.0,1615,-189.0,3330,3330,590.0,630.0,421.0,6660,165.0,255.0,26.0,37.0,27.0,39.0,85.0,219.0,8.0,27.0,34.0,90.0,6.0,18.0,77.0,254.0,12.0,30.0,59.0,258.0,501.0,111.0,344.0,163.0,1012.0,3850,36.0,52.0,18.0,48.0,141.0,53.0,91.0,75.0,225.0,250.0,266.0,297.0,36.0,38.0,249.0,77.0,52.0,6.0,120.0,78.0,198.0,57.0,21.0,84.0,31.0,5.0,474.0,24.0,27.0,191.0,119.0,337.0,54.0,391.0,14.0,38.0,29.0,9.0,76.0,13.0,44.0,30.0,32.0,,5.0,106.0,44.0,78.0,3.0,3.0,137.0,3.0,188.0,92.0,33.0,1.0,17.0,35.0,18.0,223.0,584.0,0.4844961240310077,0.5230125523012552,0.8918918918918919,0.3226744186046512,0.375,0.3274336283185841,0.5149700598802395,0.6923076923076923,0.5824175824175825,0.5023668639053255,0.63,0.5451807228915663,0.547180043383948,0.6650943396226415,0.5935828877005348,0.40710059171597635,0.01744186046511628,0.10379241516966067,0.09411764705882353,0.1187214611872146,0.03333333333333333,26.8848167539267,0.7169811320754716,0.1619047619047619,0.03121387283236994,0.21853546910755148,0.02952029520295203,0.19266625233064014,0.030393325387365912,0.02857142857142857,0.03257328990228013,0.020100502512562814,0.11846689895470383,0.18006430868167203,0.2116788321167883,0.2301013024602026,0.17486338797814208,0.034229828850855744,0.5142857142857142,0.30177514792899407,0.6470588235294118,0.7142857142857143,0.5515151515151515,0.2591715976331361,0.3881278538812785,0.44041450777202074,0.35294117647058826,0.03195266272189349,0.2962962962962963,0.32,0.5,0.10650887573964497,0.37777777777777777,0.39080459770114945,0.9705882352941176,0.3005917159763314,0.3031496062992126,0.30677290836653387,0.8571428571428571,0.37,0.7027027027027027,0.18,0.3333333333333333,1.0,0.3,0.4,1.0,0.23493975903614459,0.6923076923076923,0.35542168674698793,0.7088757396449704,0.3092369477911647,0.5343254166666669,0.5403669491525424,0.4931092592592593,0.1061269146608315,0.16225749559082892,0.13932806324110672,0.22233201581027667,5.149500998003995,25.97645348837206,0.17717717717717718,16.0,15.0,25.0,44.0,5.0,3.0,19.0,6.0,1.0,26.0,4.0,5.0,8.0,15.0,,6.0,0.3333333333333333,0.07407407407407407,0.03934426229508197,0.23076923076923078,0.2711864406779661,0.01440922190201729,16.0,27.0,1.0,0.38571428571428573,0.0963855421686747,5.0,0.01904761904761905,9.0,0.011811023622047244,0.5625,3.0,2.0,1.0,0.04411764705882353,,False,,2.0,2.0,5.0,,1.0,,
1628998,1610612766,Cody Martin,Cody Martin,1628998,CHA,58033.0,967,-53.0,1982,1996,527.0,636.0,287.0,3978,54.0,78.0,8.0,12.0,18.0,23.0,10.0,33.0,12.0,33.0,20.0,61.0,1.0,4.0,20.0,63.0,2.0,8.0,12.0,76.0,144.0,40.0,124.0,34.0,306.0,2260,9.0,17.0,3.0,12.0,33.0,22.0,38.0,28.0,83.0,84.0,68.0,114.0,6.0,4.0,63.0,20.0,8.0,1.0,40.0,49.0,89.0,36.0,13.0,27.0,11.0,2.0,227.0,27.0,10.0,76.0,46.0,136.0,40.0,176.0,3.0,43.0,27.0,16.0,26.0,6.0,15.0,16.0,11.0,4.0,1.0,42.0,34.0,72.0,,,48.0,8.0,49.0,18.0,26.0,2.0,7.0,26.0,15.0,81.0,520.0,0.5526315789473685,0.5675675675675675,0.95,0.3225806451612903,0.25,0.3225806451612903,0.5277777777777778,0.5294117647058824,0.5789473684210527,0.5074626865671642,0.46551724137931033,0.5833333333333334,0.523972602739726,0.5,0.5763888888888888,0.4626865671641791,0.008064516129032258,0.05555555555555555,0.07692307692307693,0.06060606060606061,,14.477676636324231,0.6190476190476191,0.1038374717832957,0.021645021645021644,0.14901960784313725,0.051330798479087454,0.12801678908709338,0.03744939271255061,0.018433179723502304,0.06356968215158924,0.008547008547008548,0.10204081632653061,0.11170212765957446,0.0847457627118644,0.13216957605985039,0.21100917431192662,0.02158273381294964,0.5769230769230769,0.291044776119403,0.6923076923076923,0.75,0.5555555555555556,0.12313432835820895,0.30303030303030304,0.3225806451612903,0.7,0.12313432835820895,0.36363636363636365,0.36363636363636365,0.4166666666666667,0.22761194029850745,0.32786885245901637,0.32786885245901637,0.95,0.23507462686567165,0.31746031746031744,0.3225806451612903,0.95,0.41379310344827586,0.6666666666666666,0.13793103448275862,0.25,1.0,0.27586206896551724,0.25,1.0,0.3484848484848485,0.782608695652174,0.18181818181818182,0.753731343283582,0.31746031746031744,0.5566337686567167,0.5571740000000002,0.5729386363636364,0.06620209059233449,0.1111111111111111,0.10784313725490197,0.27124183006535946,7.131944444444445,24.703225806451613,0.2658930373360242,5.0,6.0,11.0,6.0,4.0,5.0,18.0,9.0,7.0,,,1.0,5.0,17.0,,4.0,0.39285714285714285,,0.030120481927710843,0.75,0.4166666666666667,0.008,16.0,14.0,,0.25925925925925924,0.24242424242424243,8.0,0.012658227848101266,6.0,0.015873015873015872,0.375,3.0,,,0.05,,False,,,2.0,,,,,
1629006,1610612766,Josh Okogie,Josh Okogie,1629006,CHA,8917.0,149,47.0,295,294,83.0,113.0,44.0,589,11.0,15.0,4.0,6.0,2.0,2.0,3.0,13.0,,2.0,4.0,12.0,1.0,3.0,5.0,11.0,1.0,1.0,4.0,14.0,30.0,9.0,23.0,15.0,70.0,309,5.0,8.0,2.0,4.0,18.0,5.0,8.0,7.0,24.0,16.0,12.0,27.0,,4.0,11.0,5.0,5.0,1.0,4.0,6.0,10.0,4.0,2.0,1.0,2.0,1.0,26.0,6.0,1.0,8.0,3.0,15.0,9.0,24.0,,19.0,12.0,7.0,6.0,2.0,5.0,3.0,1.0,,,9.0,4.0,11.0,1.0,,14.0,,19.0,10.0,4.0,,2.0,5.0,4.0,24.0,83.0,0.5714285714285714,0.6666666666666666,1.0,0.391304347826087,0.5,0.391304347826087,0.4666666666666667,0.625,0.625,0.5188679245283019,0.6666666666666666,0.6333333333333333,0.5737704918032787,0.6923076923076923,0.6666666666666666,0.4339622641509434,0.043478260869565216,0.16666666666666666,0.06666666666666667,0.3076923076923077,0.08333333333333333,20.0,0.6666666666666666,0.05357142857142857,0.0136986301369863,0.10810810810810811,0.08571428571428572,0.08461538461538462,0.04895104895104895,0.03125,0.09433962264150944,0.058823529411764705,0.037037037037037035,0.08333333333333333,,0.09433962264150944,0.14285714285714285,,0.8,0.2830188679245283,0.7333333333333333,0.7857142857142857,0.45454545454545453,0.24528301886792453,0.23076923076923078,0.3333333333333333,1.0,0.03773584905660377,,,,0.22641509433962265,0.3333333333333333,0.36363636363636365,1.0,0.20754716981132076,0.45454545454545453,0.45454545454545453,1.0,0.5,0.6666666666666666,0.25,0.3333333333333333,1.0,0.08333333333333333,1.0,1.0,0.13333333333333333,1.0,0.26666666666666666,0.7169811320754716,0.45454545454545453,0.5690933962264152,0.5387166666666666,0.5266566666666667,0.16666666666666666,0.2702702702702703,0.2571428571428571,0.34285714285714286,4.353333333333334,24.67391304347826,0.28135593220338984,2.0,2.0,3.0,5.0,,,3.0,,,3.0,,,1.0,2.0,,1.0,0.42857142857142855,,,,0.5,,3.0,4.0,,0.4444444444444444,0.2,,,1.0,,0.3333333333333333,2.0,1.0,,0.2857142857142857,,False,,,,,,1.0,,
1630163,1610612766,LaMelo Ball,LaMelo Ball,1630163,CHA,81188.0,1353,-62.0,2804,2785,488.0,583.0,381.0,5589,83.0,155.0,12.0,24.0,13.0,18.0,105.0,228.0,19.0,46.0,14.0,43.0,6.0,15.0,149.0,438.0,16.0,48.0,70.0,207.0,429.0,163.0,481.0,175.0,1078.0,3315,17.0,44.0,22.0,63.0,121.0,37.0,69.0,85.0,233.0,102.0,312.0,300.0,189.0,16.0,433.0,149.0,34.0,6.0,182.0,125.0,307.0,84.0,41.0,133.0,38.0,11.0,739.0,7.0,32.0,101.0,72.0,175.0,40.0,215.0,18.0,49.0,36.0,13.0,78.0,24.0,55.0,70.0,23.0,10.0,8.0,148.0,43.0,132.0,1.0,16.0,199.0,9.0,207.0,82.0,12.0,1.0,4.0,13.0,7.0,228.0,480.0,0.2463768115942029,0.2562814070351759,0.6134969325153374,0.3388773388773389,0.3492063492063492,0.34243697478991597,0.4825174825174825,0.38636363636363635,0.5362318840579711,0.49615384615384617,0.4672897196261682,0.5422077922077922,0.535,0.5128205128205128,0.6041666666666666,0.5285714285714286,0.012474012474012475,0.07925407925407925,0.05806451612903226,0.10526315789473684,0.023255813953488372,35.059760956175296,0.527027027027027,0.12060301507537688,0.04915514592933948,0.14723032069970846,0.009079118028534372,0.1348402182385035,0.027426160337552744,0.04491017964071856,0.006932409012131715,0.015463917525773196,0.10256410256410256,0.11029411764705882,0.1978021978021978,0.14727272727272728,0.14705882352941177,0.036734693877551024,0.5384615384615384,0.17032967032967034,0.535483870967742,0.5684931506849316,0.2289156626506024,0.25054945054945055,0.4605263157894737,0.5147058823529411,0.22857142857142856,0.05054945054945055,0.41304347826086957,0.4222222222222222,0.42105263157894735,0.04725274725274725,0.32558139534883723,0.3333333333333333,0.7857142857142857,0.48131868131868133,0.3401826484018265,0.3441108545034642,0.5973154362416108,0.22429906542056074,0.5,0.14018691588785046,0.4,0.8333333333333334,0.4485981308411215,0.3333333333333333,0.875,0.11688311688311688,0.7222222222222222,0.45454545454545453,0.6989010989010989,0.3441108545034642,0.5208600775193799,0.5214185483870966,0.5017463333333334,0.0869120654396728,0.1659919028340081,0.11224489795918367,0.21614100185528756,6.944988344988344,27.549688149688148,0.17403708987161198,25.0,21.0,31.0,66.0,10.0,12.0,18.0,15.0,10.0,17.0,11.0,3.0,22.0,7.0,,15.0,0.36470588235294116,0.021739130434782608,0.044897959183673466,0.16666666666666666,0.35714285714285715,0.006198347107438017,15.0,2.0,,0.034482758620689655,0.09740259740259741,20.0,0.08333333333333333,6.0,0.01141552511415525,0.4,1.0,1.0,,0.01818181818181818,3.0,False,1.0,,,5.0,,1.0,,
1630182,1610612766,Josh Green,Josh Green,1630182,CHA,100966.0,1683,-346.0,3431,3436,476.0,505.0,441.0,6867,47.0,80.0,10.0,11.0,8.0,9.0,17.0,51.0,8.0,19.0,50.0,131.0,10.0,17.0,32.0,84.0,3.0,13.0,16.0,72.0,150.0,82.0,215.0,41.0,431.0,4030,12.0,17.0,13.0,30.0,64.0,13.0,17.0,26.0,69.0,84.0,60.0,240.0,6.0,10.0,83.0,32.0,20.0,2.0,57.0,41.0,98.0,31.0,10.0,35.0,17.0,5.0,237.0,41.0,13.0,65.0,40.0,108.0,55.0,163.0,2.0,65.0,32.0,33.0,28.0,12.0,20.0,30.0,8.0,3.0,1.0,58.0,58.0,151.0,1.0,11.0,77.0,20.0,60.0,21.0,12.0,2.0,3.0,14.0,6.0,68.0,468.0,0.5833333333333334,0.6268656716417911,0.975609756097561,0.3813953488372093,0.43333333333333335,0.38317757009345793,0.48,0.7058823529411765,0.7647058823529411,0.5342465753424658,0.6702127659574468,0.686046511627907,0.551150895140665,0.6666666666666666,0.69,0.589041095890411,0.009302325581395349,0.13333333333333333,0.175,0.11764705882352941,0.015267175572519083,11.352718078381796,0.4827586206896552,0.05405405405405406,0.014755959137343927,0.07620164126611957,0.04632768361581921,0.06591337099811675,0.030577576443941108,0.007211538461538462,0.04962406015037594,0.03636363636363636,0.039473684210526314,0.05750798722044728,0.08130081300813008,0.07533234859675036,0.07954545454545454,0.010638297872340425,0.42857142857142855,0.2191780821917808,0.5875,0.7121212121212122,0.5106382978723404,0.13972602739726028,0.3333333333333333,0.37777777777777777,0.7058823529411765,0.052054794520547946,0.42105263157894735,0.42105263157894735,0.75,0.3589041095890411,0.3816793893129771,0.3875968992248062,0.98,0.23013698630136986,0.38095238095238093,0.38095238095238093,0.96875,0.23404255319148937,0.9090909090909091,0.3617021276595745,0.5882352941176471,0.9,0.2765957446808511,0.23076923076923078,1.0,0.20930232558139536,0.8888888888888888,0.37209302325581395,0.8082191780821918,0.3855421686746988,0.572266346153846,0.5683874999999999,0.5495321428571429,0.06718346253229975,0.125,0.14849187935034802,0.16009280742459397,5.742,24.377674418604656,0.13873506266394636,5.0,1.0,11.0,10.0,2.0,7.0,7.0,7.0,6.0,3.0,,5.0,4.0,7.0,,3.0,0.4230769230769231,,0.014245014245014245,0.5,0.3125,0.0228310502283105,10.0,3.0,,0.043478260869565216,0.23255813953488372,10.0,0.043859649122807015,6.0,,0.6,1.0,2.0,2.0,0.014285714285714285,,False,,1.0,,1.0,,,,
1631109,1610612766,Mark Williams,Mark Williams,1631109,CHA,55970.0,933,-220.0,1932,1922,243.0,207.0,230.0,3854,176.0,250.0,42.0,75.0,24.0,30.0,44.0,118.0,1.0,4.0,,,,,,1.0,,,,221.0,372.0,,1.0,115.0,557.0,2323,46.0,83.0,,,113.0,26.0,40.0,,74.0,360.0,82.0,,,72.0,1.0,,21.0,,41.0,50.0,91.0,33.0,17.0,17.0,15.0,9.0,232.0,40.0,74.0,115.0,117.0,250.0,114.0,364.0,20.0,26.0,21.0,5.0,25.0,3.0,12.0,23.0,13.0,,4.0,48.0,50.0,87.0,,9.0,112.0,3.0,144.0,78.0,42.0,1.0,17.0,46.0,22.0,74.0,242.0,0.8144796380090498,0.972972972972973,,,,,0.5940860215053764,0.5542168674698795,0.65,0.5924932975871313,0.5542168674698795,0.65,0.6431870669745958,0.601063829787234,0.7254901960784313,0.002680965147453083,,0.056451612903225805,0.048,0.07627118644067797,,21.823956442831218,0.5208333333333334,0.28125,0.13602941176470587,0.22330097087378642,0.0898876404494382,0.24919441460794844,0.11526794742163801,0.13745704467353953,0.08099688473520249,0.11290322580645161,0.2676056338028169,0.29381443298969073,0.275,0.22377622377622378,0.22093023255813954,0.15267175572519084,0.4782608695652174,0.6702412868632708,0.704,0.7394957983193278,0.7897727272727273,0.3163538873994638,0.3728813559322034,0.4036697247706422,0.9090909090909091,0.010723860589812333,0.25,0.25,1.0,,,,,0.002680965147453083,,,,0.9036144578313253,0.56,,,,,,,0.75,0.8,,0.6729222520107239,,0.5791426273458447,0.5855078125,0.5981775,0.18266978922716628,0.18309859154929578,0.20287253141831238,0.13285457809694792,3.6032258064516145,27.8,0.12577639751552794,,21.0,,22.0,6.0,6.0,5.0,13.0,5.0,24.0,,,6.0,24.0,3.0,6.0,,,0.16939890710382513,0.16666666666666666,,,,18.0,7.0,0.4186046511627907,,4.0,0.04285714285714286,,,,,4.0,1.0,,1.0,False,1.0,,,,,3.0,,1.0
1629610,1610612766,DaQuan Jeffries,DaQuan Jeffries,1629610,CHA,39542.0,659,-120.0,1296,1308,336.0,339.0,172.0,2604,25.0,43.0,6.0,9.0,6.0,10.0,12.0,25.0,3.0,5.0,15.0,49.0,1.0,5.0,17.0,53.0,2.0,5.0,10.0,40.0,73.0,32.0,102.0,16.0,192.0,1564,7.0,11.0,3.0,10.0,31.0,9.0,15.0,25.0,40.0,60.0,20.0,90.0,6.0,6.0,52.0,17.0,9.0,,17.0,15.0,32.0,11.0,4.0,9.0,8.0,,79.0,14.0,9.0,36.0,23.0,61.0,26.0,87.0,1.0,16.0,8.0,8.0,14.0,2.0,10.0,7.0,4.0,1.0,2.0,21.0,49.0,66.0,,,19.0,2.0,19.0,9.0,17.0,2.0,5.0,18.0,10.0,40.0,336.0,0.75,0.8108108108108109,0.9375,0.3137254901960784,0.3,0.31683168316831684,0.547945205479452,0.6363636363636364,0.6,0.5028571428571429,0.5476190476190477,0.45,0.5217391304347826,0.62,0.47619047619047616,0.5828571428571429,,0.1232876712328767,0.11627906976744186,0.12,,13.62126245847176,0.6666666666666666,0.08185053380782918,0.025,0.10434782608695652,0.0498220640569395,0.09424920127795527,0.0358814352574103,0.020618556701030927,0.04265402843601896,0.07142857142857142,0.07627118644067797,0.09243697478991597,0.06818181818181818,0.08960573476702509,0.16666666666666666,0.011111111111111112,0.5555555555555556,0.24571428571428572,0.5813953488372093,0.6578947368421053,0.88,0.14285714285714285,0.48,0.5454545454545454,0.5833333333333334,0.02857142857142857,0.6,0.75,0.3333333333333333,0.28,0.30612244897959184,0.30612244897959184,1.0,0.3028571428571429,0.32075471698113206,0.32075471698113206,0.8823529411764706,0.42857142857142855,0.6666666666666666,0.23809523809523808,0.2,1.0,0.23809523809523808,0.4,1.0,0.25,0.6,0.25,0.8285714285714286,0.3269230769230769,0.5513077586206897,0.5772115384615384,0.5501641025641024,0.04918032786885246,0.1111111111111111,0.16145833333333334,0.20833333333333334,4.916438356164383,24.998039215686276,0.25925925925925924,2.0,8.0,6.0,4.0,1.0,3.0,8.0,,3.0,1.0,,,1.0,10.0,,1.0,0.24,0.2,0.01639344262295082,0.5,0.2,,15.0,2.0,1.0,0.05263157894736842,0.375,6.0,0.06818181818181818,4.0,,0.26666666666666666,3.0,1.0,1.0,0.08571428571428572,,False,,,,1.0,,,,
1630208,1610612766,Nick Richards,Nick Richards,1630208,CHA,26424.0,440,-75.0,893,897,200.0,209.0,131.0,1790,53.0,81.0,19.0,28.0,12.0,18.0,10.0,29.0,1.0,3.0,,1.0,,,,,,,,64.0,113.0,,1.0,59.0,187.0,1060,21.0,35.0,,,62.0,15.0,23.0,,52.0,82.0,46.0,,,32.0,,,19.0,,17.0,11.0,28.0,8.0,3.0,8.0,5.0,4.0,67.0,17.0,34.0,58.0,41.0,107.0,51.0,158.0,2.0,7.0,6.0,1.0,17.0,3.0,7.0,16.0,10.0,1.0,2.0,33.0,27.0,48.0,,7.0,58.0,3.0,87.0,40.0,26.0,,7.0,26.0,14.0,52.0,199.0,0.640625,0.8541666666666666,,,,,0.5663716814159292,0.6,0.6521739130434783,0.5614035087719298,0.6,0.6521739130434783,0.6111111111111112,0.6458333333333334,0.7027027027027027,0.008771929824561403,,0.168141592920354,0.13580246913580246,0.27586206896551724,,17.748091603053435,0.5151515151515151,0.20297029702970298,0.15454545454545454,0.25217391304347825,0.07589285714285714,0.22916666666666666,0.11486486486486487,0.18947368421052632,0.062146892655367235,0.1276595744680851,0.14942528735632185,0.25287356321839083,0.21428571428571427,0.2553191489361702,0.23809523809523808,0.06451612903225806,0.5384615384615384,0.7105263157894737,0.654320987654321,0.7571428571428571,0.6037735849056604,0.2543859649122807,0.3448275862068966,0.47619047619047616,0.8,0.02631578947368421,0.3333333333333333,0.3333333333333333,1.0,0.008771929824561403,,,,,,,,0.8,0.6785714285714286,,,,,,,0.782608695652174,0.6666666666666666,,0.7192982456140351,,0.5924885964912281,0.5628521739130435,0.5952260869565218,0.27586206896551724,0.2777777777777778,0.3315508021390374,0.27807486631016043,3.2336283185840706,24.5,0.22396416573348266,,20.0,,22.0,2.0,3.0,6.0,5.0,6.0,9.0,,,8.0,19.0,3.0,8.0,,,0.14285714285714285,0.10526315789473684,,,,8.0,3.0,0.3076923076923077,,4.0,0.0975609756097561,,,,,,,,,False,,,2.0,,1.0,,,
1629684,1610612766,Grant Williams,Grant Williams,1629684,CHA,28743.0,479,10.0,975,979,213.0,283.0,136.0,1954,17.0,24.0,3.0,4.0,4.0,4.0,9.0,20.0,1.0,5.0,5.0,16.0,1.0,2.0,22.0,58.0,1.0,6.0,14.0,27.0,49.0,27.0,74.0,31.0,166.0,1133,5.0,10.0,2.0,8.0,18.0,7.0,10.0,16.0,48.0,44.0,10.0,81.0,,4.0,58.0,22.0,5.0,1.0,13.0,24.0,37.0,15.0,9.0,8.0,3.0,2.0,98.0,12.0,5.0,25.0,39.0,64.0,18.0,82.0,1.0,18.0,10.0,8.0,13.0,2.0,5.0,15.0,8.0,,2.0,28.0,24.0,46.0,,7.0,43.0,2.0,37.0,13.0,11.0,,4.0,13.0,9.0,45.0,206.0,0.8148148148148148,0.88,1.0,0.36486486486486486,0.25,0.36486486486486486,0.5510204081632653,0.5,0.7,0.5487804878048781,0.4444444444444444,0.6730769230769231,0.5886524822695035,0.47368421052631576,0.6857142857142857,0.6016260162601627,0.013513513513513514,0.10204081632653061,0.08333333333333333,0.15,,14.95575221238938,0.4642857142857143,0.18309859154929578,0.023696682464454975,0.1091703056768559,0.043478260869565216,0.14479638009049775,0.03490759753593429,0.02247191011235955,0.049773755656108594,0.01818181818181818,0.22641509433962265,0.12195121951219512,0.2,0.09289617486338798,0.17391304347826086,0.016129032258064516,0.6923076923076923,0.1951219512195122,0.7083333333333334,0.7727272727272727,0.8235294117647058,0.16260162601626016,0.45,0.5294117647058824,0.7777777777777778,0.04065040650406504,0.2,0.2,1.0,0.13008130081300814,0.3125,0.3125,1.0,0.4715447154471545,0.3793103448275862,0.38596491228070173,1.0,0.2222222222222222,0.75,0.1111111111111111,0.5,1.0,0.3333333333333333,0.16666666666666666,1.0,0.15384615384615385,1.0,0.5384615384615384,0.7967479674796748,0.3793103448275862,0.5400158536585367,0.5200590909090909,0.5013346153846154,0.0962962962962963,0.21311475409836064,0.10843373493975904,0.2891566265060241,6.10204081632653,25.678378378378376,0.21846153846153846,6.0,2.0,7.0,13.0,4.0,2.0,8.0,1.0,4.0,1.0,,,6.0,7.0,1.0,4.0,0.4375,,0.02197802197802198,0.3333333333333333,0.42857142857142855,,2.0,,1.0,,0.07692307692307693,2.0,0.03225806451612903,1.0,0.017241379310344827,0.5,1.0,2.0,2.0,0.07142857142857142,1.0,False,,,5.0,,,,,
1630544,1610612766,Tre Mann,Tre Mann,1630544,CHA,19141.0,319,-55.0,633,642,175.0,247.0,97.0,1275,23.0,51.0,4.0,10.0,9.0,15.0,18.0,38.0,5.0,12.0,6.0,15.0,2.0,3.0,18.0,45.0,6.0,7.0,13.0,46.0,101.0,24.0,60.0,19.0,183.0,756,7.0,13.0,8.0,10.0,43.0,13.0,29.0,16.0,57.0,16.0,76.0,39.0,33.0,6.0,45.0,18.0,13.0,,15.0,24.0,39.0,18.0,6.0,11.0,4.0,,102.0,6.0,6.0,13.0,12.0,26.0,12.0,38.0,5.0,7.0,3.0,4.0,15.0,3.0,7.0,10.0,8.0,2.0,,25.0,13.0,24.0,,4.0,21.0,1.0,21.0,9.0,3.0,,1.0,4.0,3.0,53.0,169.0,0.17391304347826086,0.18604651162790697,0.5416666666666666,0.4,0.8,0.4,0.45544554455445546,0.5384615384615384,0.4482758620689655,0.5093167701863354,0.8260869565217391,0.5222222222222223,0.538235294117647,0.8269230769230769,0.5816326530612245,0.37267080745341613,,0.12871287128712872,0.1568627450980392,0.10526315789473684,,26.040268456375838,0.6,0.08108108108108109,0.039473684210526314,0.087248322147651,0.03428571428571429,0.08417508417508418,0.03669724770642202,0.03278688524590164,0.03597122302158273,0.027777777777777776,0.10126582278481013,0.05660377358490566,0.0625,0.08870967741935484,0.08,0.06578947368421052,0.75,0.3167701863354037,0.45098039215686275,0.5348837209302325,0.13043478260869565,0.2360248447204969,0.47368421052631576,0.5294117647058824,0.16666666666666666,0.07453416149068323,0.4166666666666667,0.45454545454545453,0.4,0.09316770186335403,0.4,0.4,0.8333333333333334,0.2795031055900621,0.4,0.4,0.4444444444444444,0.43478260869565216,0.4,0.13043478260869565,0.6666666666666666,0.5,0.30434782608695654,0.8571428571428571,0.3333333333333333,0.3333333333333333,0.6,0.28888888888888886,0.6894409937888198,0.4,0.5271978260869566,0.5788909090909091,0.5368255555555558,0.05389221556886228,0.08411214953271028,0.23497267759562843,0.3114754098360656,6.205940594059405,25.975,0.2764612954186414,5.0,5.0,7.0,10.0,1.0,1.0,5.0,2.0,1.0,3.0,1.0,,3.0,2.0,,,0.4375,0.08333333333333333,0.06060606060606061,,0.38461538461538464,,3.0,1.0,,0.05263157894736842,0.06666666666666667,2.0,,2.0,,0.6666666666666666,,1.0,1.0,,,False,,,,,,,,
1631217,1610612766,Moussa Diabaté,Moussa Diabaté,1631217,CHA,63516.0,1059,-93.0,2082,2108,567.0,610.0,358.0,4190,104.0,160.0,36.0,63.0,25.0,42.0,25.0,58.0,,,,1.0,,,,1.0,,,1.0,129.0,218.0,,2.0,54.0,312.0,2374,42.0,77.0,,,98.0,35.0,58.0,1.0,96.0,190.0,68.0,,,48.0,1.0,,18.0,1.0,24.0,27.0,51.0,19.0,8.0,12.0,7.0,5.0,129.0,68.0,99.0,88.0,109.0,212.0,168.0,380.0,12.0,39.0,18.0,21.0,32.0,2.0,19.0,19.0,13.0,1.0,4.0,51.0,43.0,95.0,,7.0,98.0,5.0,91.0,38.0,35.0,,11.0,37.0,19.0,96.0,565.0,0.7364341085271318,0.9047619047619048,,,,,0.591743119266055,0.5454545454545454,0.603448275862069,0.5863636363636363,0.5454545454545454,0.5932203389830508,0.5954198473282443,0.5444444444444444,0.6153846153846154,0.00909090909090909,0.5,0.08256880733944955,0.0875,0.06896551724137931,,12.440191387559809,0.6274509803921569,0.24439461883408073,0.181651376146789,0.18032786885245902,0.12186379928315412,0.21092077087794434,0.1514052583862194,0.17518248175182483,0.12380952380952381,0.11594202898550725,0.2304147465437788,0.25925925925925924,0.2537313432835821,0.17553191489361702,0.19642857142857142,0.16666666666666666,0.5135135135135135,0.7272727272727273,0.65,0.7123287671232876,0.7019230769230769,0.2636363636363636,0.43103448275862066,0.46296296296296297,0.88,,,,,0.004545454545454545,,,,0.004545454545454545,,,,0.8181818181818182,0.5714285714285714,,,,,,,0.711864406779661,0.5952380952380952,0.01694915254237288,0.7363636363636363,,0.6008861363636363,0.5851736842105264,0.5823745762711866,0.15261044176706828,0.15384615384615385,0.3141025641025641,0.3076923076923077,2.9972477064220184,26.6,0.2723342939481268,,14.0,,26.0,2.0,10.0,16.0,13.0,30.0,9.0,,,13.0,24.0,2.0,12.0,,,0.19900497512437812,0.2222222222222222,,,,15.0,3.0,0.30612244897959184,,15.0,0.15714285714285714,,1.0,,1.0,2.0,2.0,0.018518518518518517,,False,,,,,1.0,,,
1641706,1610612766,Brandon Miller,Brandon Miller,1641706,CHA,55414.0,924,-125.0,1870,1875,316.0,398.0,263.0,3745,44.0,65.0,11.0,13.0,5.0,6.0,40.0,101.0,10.0,32.0,8.0,26.0,3.0,8.0,96.0,267.0,13.0,29.0,54.0,94.0,198.0,104.0,293.0,68.0,568.0,2160,18.0,24.0,16.0,37.0,90.0,15.0,29.0,57.0,104.0,96.0,92.0,252.0,60.0,18.0,262.0,96.0,20.0,1.0,57.0,41.0,98.0,28.0,13.0,45.0,7.0,5.0,237.0,12.0,13.0,57.0,42.0,106.0,25.0,131.0,8.0,29.0,22.0,7.0,34.0,14.0,18.0,42.0,16.0,1.0,2.0,76.0,27.0,74.0,,12.0,72.0,2.0,79.0,31.0,17.0,,7.0,20.0,14.0,102.0,313.0,0.5106382978723404,0.5647058823529412,0.8076923076923077,0.35494880546075086,0.43243243243243246,0.3611111111111111,0.47474747474747475,0.75,0.5172413793103449,0.5091649694501018,0.6885245901639344,0.436046511627907,0.5380952380952381,0.703125,0.5148514851485149,0.5967413441955194,0.0034129692832764505,0.10101010101010101,0.12307692307692308,0.10891089108910891,,27.586206896551722,0.4473684210526316,0.10796915167095116,0.02771855010660981,0.12780269058295965,0.023809523809523808,0.118562874251497,0.025693730729701953,0.033816425120772944,0.02512562814070352,0.018867924528301886,0.11560693641618497,0.12337662337662338,0.04838709677419355,0.1329479768786127,0.11,0.03076923076923077,0.7,0.13238289205702647,0.676923076923077,0.7719298245614035,0.5227272727272727,0.20570264765784113,0.39603960396039606,0.4444444444444444,0.475,0.06517311608961303,0.3125,0.3225806451612903,0.6,0.05295315682281059,0.3076923076923077,0.3076923076923077,1.0,0.5437881873727087,0.3595505617977528,0.3609022556390977,0.7916666666666666,0.21311475409836064,0.8461538461538461,0.13114754098360656,0.375,1.0,0.47540983606557374,0.4482758620689655,0.8461538461538461,0.06976744186046512,0.8333333333333334,0.627906976744186,0.7291242362525459,0.366412213740458,0.5235915637860084,0.5200687499999999,0.47766951219512194,0.06551059730250482,0.13839285714285715,0.15845070422535212,0.18309859154929578,7.5414141414141405,26.7433447098976,0.16898395721925133,14.0,6.0,15.0,29.0,10.0,5.0,12.0,1.0,1.0,5.0,4.0,3.0,6.0,10.0,,4.0,0.2631578947368421,0.03125,0.031746031746031744,0.18181818181818182,0.25925925925925924,0.010169491525423728,3.0,7.0,2.0,0.14893617021276595,0.03488372093023256,6.0,,1.0,0.003745318352059925,0.3333333333333333,,3.0,1.0,,,False,,1.0,2.0,5.0,,2.0,,
203552,1610612766,Seth Curry,Seth Curry,203552,CHA,46081.0,768,-107.0,1556,1541,349.0,382.0,226.0,3097,14.0,19.0,7.0,7.0,,1.0,12.0,40.0,29.0,57.0,28.0,48.0,3.0,4.0,36.0,90.0,5.0,14.0,13.0,55.0,116.0,64.0,138.0,23.0,325.0,1808,14.0,24.0,8.0,18.0,56.0,11.0,26.0,24.0,67.0,72.0,38.0,159.0,33.0,6.0,90.0,36.0,5.0,,20.0,17.0,37.0,7.0,10.0,10.0,8.0,2.0,91.0,13.0,8.0,29.0,27.0,61.0,21.0,82.0,7.0,20.0,15.0,5.0,14.0,3.0,7.0,8.0,7.0,1.0,1.0,22.0,21.0,45.0,,1.0,37.0,3.0,28.0,8.0,5.0,,3.0,7.0,2.0,67.0,345.0,0.6545454545454545,0.6923076923076923,0.828125,0.463768115942029,0.4444444444444444,0.463768115942029,0.47413793103448276,0.5833333333333334,0.4230769230769231,0.594488188976378,0.6190476190476191,0.61,0.6094339622641509,0.6395348837209303,0.6320754716981132,0.5433070866141733,,0.04310344827586207,0.05263157894736842,0.1,,15.68842567196928,0.6363636363636364,0.07670454545454546,0.019417475728155338,0.07532467532467532,0.03258145363408521,0.07598371777476255,0.025893958076448828,0.014084507042253521,0.02903225806451613,0.0449438202247191,0.05921052631578947,0.09333333333333334,0.08,0.07936507936507936,0.05714285714285714,0.05555555555555555,0.2857142857142857,0.07480314960629922,0.7368421052631579,0.7777777777777778,0.2857142857142857,0.15748031496062992,0.3,0.3333333333333333,0.75,0.22440944881889763,0.5087719298245614,0.5087719298245614,0.7931034482758621,0.1889763779527559,0.5833333333333334,0.5833333333333334,0.9285714285714286,0.3543307086614173,0.4,0.4,0.75,0.16666666666666666,1.0,0.09523809523809523,0.75,1.0,0.3333333333333333,0.35714285714285715,0.8,0.02,,0.26,0.6181102362204725,0.4,0.4998076771653542,0.47992692307692314,0.46232499999999993,0.034482758620689655,0.06557377049180328,0.1723076923076923,0.20615384615384616,11.818103448275865,25.18115942028986,0.224293059125964,6.0,4.0,13.0,6.0,2.0,,4.0,3.0,3.0,2.0,4.0,1.0,4.0,2.0,,3.0,0.5416666666666666,,0.022222222222222223,0.14285714285714285,0.46153846153846156,0.007194244604316547,11.0,5.0,,0.10869565217391304,0.22,7.0,0.03125,7.0,,0.6363636363636364,,2.0,2.0,,,False,,,2.0,,,,,
203995,1610612766,Vasilije Micić,Vasilije Micić,203995,CHA,45858.0,764,-129.0,1508,1501,262.0,272.0,214.0,3009,26.0,52.0,3.0,6.0,5.0,7.0,11.0,49.0,13.0,47.0,1.0,4.0,,,44.0,121.0,6.0,14.0,21.0,50.0,148.0,45.0,125.0,34.0,269.0,1694,4.0,17.0,6.0,14.0,28.0,6.0,19.0,21.0,32.0,34.0,66.0,72.0,63.0,,121.0,44.0,22.0,1.0,88.0,39.0,127.0,24.0,15.0,56.0,25.0,7.0,293.0,8.0,12.0,36.0,29.0,67.0,20.0,87.0,8.0,15.0,11.0,4.0,54.0,6.0,37.0,20.0,17.0,,7.0,74.0,23.0,44.0,,2.0,48.0,7.0,41.0,14.0,,,,,,32.0,261.0,0.34,0.34,0.5333333333333333,0.36,0.42857142857142855,0.36,0.33783783783783783,0.23529411764705882,0.3157894736842105,0.43040293040293043,0.41935483870967744,0.3375,0.46206896551724136,0.42424242424242425,0.35555555555555557,0.45787545787545786,0.008,0.14864864864864866,0.2692307692307692,0.14285714285714285,,20.81189251000572,0.7297297297297297,0.08430232558139535,0.02771362586605081,0.09254498714652956,0.021917808219178082,0.08867667121418826,0.02506265664160401,0.04145077720207254,0.017482517482517484,0.0379746835443038,0.09090909090909091,0.08270676691729323,0.07017543859649122,0.09385113268608414,0.0875,0.052980132450331126,,0.19047619047619047,0.5,0.6842105263157895,0.34615384615384615,0.1794871794871795,0.22448979591836735,0.2619047619047619,0.09090909090909091,0.17216117216117216,0.2765957446808511,0.2826086956521739,0.5384615384615384,0.014652014652014652,0.25,0.25,1.0,0.4432234432234432,0.36363636363636365,0.36666666666666664,0.5227272727272727,0.1935483870967742,0.5,,,,0.45161290322580644,0.42857142857142855,0.6666666666666666,0.175,0.7142857142857143,0.525,0.6483516483516484,0.36363636363636365,0.5182170329670331,0.5324694444444444,0.50322125,0.056140350877192984,0.08860759493670886,0.10408921933085502,0.11895910780669144,9.129729729729728,26.259199999999993,0.17374005305039789,5.0,2.0,5.0,5.0,4.0,6.0,10.0,3.0,1.0,4.0,1.0,2.0,5.0,,,5.0,0.23809523809523808,0.02127659574468085,0.012738853503184714,0.6666666666666666,0.23809523809523808,0.015748031496062992,,2.0,,0.05714285714285714,,4.0,0.024096385542168676,,0.008264462809917356,,,,,,,False,1.0,,1.0,,,,,
1642275,1610612766,Tidjane Salaün,Tidjane Salaün,1642275,CHA,50668.0,844,-205.0,1678,1690,450.0,476.0,251.0,3368,28.0,51.0,7.0,14.0,6.0,11.0,6.0,39.0,2.0,5.0,12.0,32.0,3.0,4.0,26.0,108.0,1.0,11.0,32.0,36.0,95.0,38.0,140.0,44.0,230.0,1907,8.0,19.0,4.0,15.0,31.0,10.0,24.0,36.0,70.0,48.0,24.0,108.0,6.0,12.0,108.0,26.0,14.0,5.0,28.0,21.0,49.0,14.0,7.0,15.0,6.0,7.0,119.0,30.0,20.0,73.0,53.0,135.0,52.0,187.0,10.0,25.0,16.0,9.0,21.0,1.0,11.0,18.0,10.0,1.0,3.0,39.0,31.0,55.0,4.0,4.0,52.0,1.0,61.0,25.0,11.0,,4.0,12.0,7.0,70.0,450.0,0.6666666666666666,0.8,0.9473684210526315,0.2714285714285714,0.26666666666666666,0.2714285714285714,0.37894736842105264,0.42105263157894735,0.4166666666666667,0.39574468085106385,0.4117647058823529,0.39166666666666666,0.4372623574144487,0.44285714285714284,0.4794520547945205,0.5957446808510638,0.03571428571428571,0.14736842105263157,0.13725490196078433,0.1794871794871795,0.09375,15.361139369277721,0.5384615384615384,0.16408668730650156,0.04672897196261682,0.17016317016317017,0.06451612903225806,0.1675531914893617,0.055991041433370664,0.041666666666666664,0.05962059620596206,0.08333333333333333,0.17123287671232876,0.14285714285714285,0.20454545454545456,0.1791044776119403,0.13829787234042554,0.07142857142857142,0.5833333333333334,0.2170212765957447,0.5490196078431373,0.6363636363636364,0.6428571428571429,0.16595744680851063,0.15384615384615385,0.1875,0.6666666666666666,0.02127659574468085,0.4,0.4,1.0,0.13617021276595745,0.375,0.41379310344827586,0.8333333333333334,0.4595744680851064,0.24074074074074073,0.24528301886792453,1.0,0.4117647058823529,0.5,0.11764705882352941,0.75,1.0,0.3235294117647059,0.09090909090909091,1.0,0.18333333333333332,0.5454545454545454,0.5333333333333333,0.8127659574468085,0.24074074074074073,0.5457940425531915,0.5839973684210525,0.516695,0.10116731517509728,0.21551724137931033,0.13478260869565217,0.30434782608695654,5.000000000000001,26.291428571428572,0.26817640047675806,8.0,3.0,9.0,23.0,5.0,5.0,8.0,4.0,7.0,4.0,,1.0,6.0,7.0,1.0,6.0,0.25,,0.047619047619047616,,0.25,0.0070921985815602835,4.0,9.0,,0.25,0.06666666666666667,3.0,0.06153846153846154,1.0,0.018518518518518517,0.25,2.0,1.0,1.0,0.047619047619047616,,False,1.0,,2.0,,,,,
201959,1610612766,Taj Gibson,Taj Gibson,201959,CHA,18461.0,308,-75.0,611,609,119.0,106.0,76.0,1220,24.0,45.0,12.0,18.0,4.0,5.0,7.0,17.0,3.0,7.0,1.0,2.0,,,,,,,,34.0,69.0,1.0,2.0,11.0,82.0,677,13.0,21.0,,,27.0,5.0,10.0,,12.0,42.0,26.0,3.0,,22.0,,,10.0,,7.0,9.0,16.0,6.0,3.0,2.0,2.0,3.0,41.0,12.0,30.0,27.0,25.0,55.0,42.0,97.0,5.0,8.0,5.0,3.0,6.0,4.0,3.0,14.0,3.0,,1.0,20.0,23.0,43.0,,5.0,15.0,,16.0,6.0,12.0,,6.0,12.0,6.0,12.0,119.0,0.6176470588235294,0.9130434782608695,1.0,0.5,,0.5,0.4927536231884058,0.6190476190476191,0.5,0.5,0.6190476190476191,0.5,0.5189873417721519,0.5869565217391305,0.5,0.028169014084507043,,0.14492753623188406,0.17777777777777778,0.11764705882352941,,13.940256045519202,0.3,0.17857142857142858,0.16129032258064516,0.14835164835164835,0.08391608391608392,0.16149068322981366,0.1276595744680851,0.14893617021276595,0.08928571428571429,0.06451612903225806,0.20408163265306123,0.19117647058823528,0.08695652173913043,0.14893617021276595,0.14634146341463414,0.19230769230769232,0.5,0.6338028169014085,0.5333333333333333,0.6486486486486487,0.5416666666666666,0.23943661971830985,0.4117647058823529,0.4666666666666667,0.7142857142857143,0.09859154929577464,0.42857142857142855,0.42857142857142855,1.0,0.028169014084507043,0.5,0.5,1.0,,,,,0.8571428571428571,0.6666666666666666,,,,,,,0.5,0.8,,0.6619718309859155,,0.5535161971830985,0.5803166666666668,0.5115299999999999,0.07894736842105263,0.08108108108108109,0.32926829268292684,0.14634146341463414,4.59710144927536,23.35,0.19476268412438624,,1.0,,2.0,2.0,2.0,4.0,7.0,3.0,1.0,,,3.0,6.0,3.0,2.0,,,0.2153846153846154,0.08333333333333333,,,,3.0,,0.1875,,2.0,0.07407407407407407,,,,,,,,,False,,,1.0,,2.0,,,
1631209,1610612766,Isaiah Wong,Isaiah Wong,1631209,CHA,15928.0,265,-6.0,531,530,184.0,176.0,67.0,1061,9.0,23.0,1.0,1.0,5.0,13.0,15.0,38.0,4.0,11.0,1.0,4.0,,,12.0,29.0,1.0,2.0,12.0,28.0,72.0,13.0,33.0,25.0,120.0,554,4.0,4.0,1.0,2.0,15.0,10.0,29.0,12.0,40.0,22.0,34.0,30.0,9.0,2.0,28.0,12.0,13.0,,16.0,12.0,28.0,9.0,3.0,8.0,5.0,3.0,68.0,7.0,7.0,11.0,7.0,18.0,14.0,32.0,1.0,11.0,6.0,5.0,12.0,2.0,8.0,6.0,4.0,,1.0,18.0,12.0,21.0,,1.0,24.0,2.0,34.0,17.0,,,,,,40.0,183.0,0.39285714285714285,0.4074074074074074,0.7692307692307693,0.3939393939393939,0.5,0.40625,0.3888888888888889,1.0,0.3448275862068966,0.4523809523809524,0.9166666666666666,0.4268292682926829,0.49586776859504134,0.9375,0.4444444444444444,0.3142857142857143,,0.18055555555555555,0.2608695652173913,0.15789473684210525,,22.749590834697216,0.6666666666666666,0.08333333333333333,0.050359712230215826,0.07432432432432433,0.06140350877192982,0.07758620689655173,0.05533596837944664,0.025974025974025976,0.06666666666666667,0.041666666666666664,0.08108108108108109,0.029411764705882353,0.23076923076923078,0.06779661016949153,0.1,0.02127659574468085,,0.21904761904761905,0.391304347826087,0.5294117647058824,0.4444444444444444,0.3619047619047619,0.39473684210526316,0.46875,0.4,0.10476190476190476,0.36363636363636365,0.4,0.25,0.0380952380952381,0.25,0.25,1.0,0.2761904761904762,0.41379310344827586,0.41379310344827586,0.75,0.16666666666666666,1.0,,,,0.3333333333333333,0.5,1.0,0.3170731707317073,0.38461538461538464,0.2926829268292683,0.5333333333333333,0.42857142857142855,0.4902528846153847,0.46564999999999995,0.4977199999999999,0.14166666666666666,0.19540229885057472,0.125,0.3333333333333333,7.99722222222222,27.00909090909091,0.3465160075329567,5.0,4.0,5.0,5.0,1.0,4.0,5.0,1.0,,2.0,,,1.0,,,1.0,0.4166666666666667,0.09090909090909091,0.0625,,0.4166666666666667,,,,,,,3.0,0.14285714285714285,,,,,,,,,False,,,1.0,1.0,,,,
1641733,1610612766,Nick Smith Jr.,Nick Smith Jr.,1641733,CHA,58664.0,978,-255.0,1996,1987,460.0,450.0,264.0,3983,20.0,36.0,1.0,4.0,4.0,7.0,53.0,114.0,21.0,44.0,17.0,46.0,3.0,4.0,51.0,166.0,9.0,14.0,34.0,94.0,194.0,68.0,212.0,24.0,416.0,2376,9.0,22.0,12.0,18.0,54.0,21.0,38.0,43.0,84.0,76.0,112.0,174.0,30.0,,166.0,51.0,12.0,4.0,56.0,40.0,96.0,28.0,12.0,33.0,19.0,4.0,232.0,4.0,6.0,50.0,25.0,80.0,10.0,90.0,3.0,16.0,10.0,6.0,46.0,5.0,30.0,14.0,16.0,,2.0,60.0,28.0,57.0,,2.0,29.0,3.0,27.0,10.0,5.0,1.0,2.0,6.0,1.0,82.0,456.0,0.40425531914893614,0.40425531914893614,0.8529411764705882,0.32075471698113206,0.6666666666666666,0.32075471698113206,0.4845360824742268,0.4090909090909091,0.5526315789473685,0.4827586206896552,0.675,0.4444444444444444,0.49759615384615385,0.675,0.47701149425287354,0.5221674876847291,0.018867924528301886,0.061855670103092786,0.05555555555555555,0.08771929824561403,0.021739130434782608,20.74978204010462,0.7666666666666667,0.057736720554272515,0.01079136690647482,0.09823182711198428,0.008350730688935281,0.07961783439490445,0.00966183574879227,0.010033444816053512,0.011428571428571429,,0.052083333333333336,0.040229885057471264,0.11940298507462686,0.10049019607843138,0.0891089108910891,0.013157894736842105,0.16666666666666666,0.08866995073891626,0.5555555555555556,0.5882352941176471,0.5,0.28078817733990147,0.4649122807017544,0.5096153846153846,0.39622641509433965,0.10837438423645321,0.4772727272727273,0.4772727272727273,0.3333333333333333,0.11330049261083744,0.3695652173913043,0.37777777777777777,1.0,0.4088669950738916,0.3072289156626506,0.3128834355828221,0.803921568627451,0.1,0.25,0.1,0.75,1.0,0.35,0.6428571428571429,0.7777777777777778,0.08641975308641975,0.5714285714285714,0.41975308641975306,0.6108374384236454,0.3072289156626506,0.5065326354679801,0.46308,0.4833030864197533,0.024213075060532687,0.04975124378109453,0.12980769230769232,0.20192307692307693,9.866494845360828,25.74198113207547,0.23046092184368738,7.0,,10.0,12.0,5.0,3.0,11.0,2.0,,3.0,4.0,,3.0,2.0,,2.0,0.23255813953488372,,0.010526315789473684,1.0,0.20588235294117646,,9.0,5.0,,0.09803921568627451,0.1111111111111111,3.0,0.014925373134328358,3.0,0.018072289156626505,0.3333333333333333,,1.0,1.0,,,False,,,1.0,,,,1.0,
1642354,1610612766,KJ Simpson,KJ Simpson,1642354,CHA,28205.0,470,-128.0,938,953,258.0,255.0,140.0,1891,25.0,41.0,8.0,13.0,9.0,16.0,16.0,52.0,2.0,9.0,2.0,12.0,,4.0,14.0,62.0,5.0,8.0,14.0,43.0,102.0,16.0,74.0,30.0,164.0,1107,9.0,19.0,5.0,12.0,37.0,11.0,32.0,19.0,48.0,30.0,56.0,30.0,18.0,6.0,62.0,14.0,11.0,3.0,30.0,30.0,60.0,26.0,4.0,15.0,11.0,4.0,150.0,16.0,12.0,24.0,14.0,38.0,28.0,66.0,6.0,19.0,11.0,8.0,21.0,3.0,14.0,11.0,7.0,1.0,4.0,32.0,21.0,35.0,,1.0,53.0,8.0,37.0,16.0,4.0,,1.0,4.0,3.0,48.0,258.0,0.3488372093023256,0.375,0.625,0.21621621621621623,0.4166666666666667,0.21621621621621623,0.4215686274509804,0.47368421052631576,0.34375,0.3806818181818182,0.532258064516129,0.3333333333333333,0.4270833333333333,0.5441176470588235,0.4067796610169492,0.42045454545454547,0.04054054054054054,0.10784313725490197,0.12195121951219512,0.11538461538461539,0.16666666666666666,20.198376916140667,0.65625,0.06862745098039216,0.042704626334519574,0.1038961038961039,0.06986899563318777,0.08735632183908046,0.054901960784313725,0.039735099337748346,0.07303370786516854,0.058823529411764705,0.0759493670886076,0.053763440860215055,0.09375,0.1043956043956044,0.10204081632653061,0.058823529411764705,0.75,0.23295454545454544,0.6097560975609756,0.6944444444444444,0.32,0.29545454545454547,0.3076923076923077,0.34782608695652173,0.375,0.05113636363636364,0.2222222222222222,0.2222222222222222,0.5,0.06818181818181818,0.16666666666666666,0.2,1.0,0.3522727272727273,0.22580645161290322,0.22950819672131148,0.5714285714285714,0.41935483870967744,0.6153846153846154,0.12903225806451613,,,0.25806451612903225,0.625,0.8,0.3137254901960784,0.5625,0.27450980392156865,0.6534090909090909,0.22580645161290322,0.5257514204545455,0.5396264705882353,0.5432696078431372,0.0855614973262032,0.1415929203539823,0.22560975609756098,0.2926829268292683,6.554901960784312,25.608108108108112,0.27505330490405117,3.0,4.0,4.0,14.0,2.0,4.0,7.0,3.0,2.0,5.0,,,5.0,3.0,,5.0,0.21052631578947367,,0.04597701149425287,0.125,0.21428571428571427,,5.0,,,,0.09803921568627451,4.0,0.046511627906976744,1.0,0.016129032258064516,0.2,,,,,,False,,,1.0,,,,,
1631111,1610612766,Wendell Moore Jr.,Wendell Moore Jr.,1631111,CHA,7059.0,118,-79.0,241,242,90.0,63.0,40.0,483,7.0,12.0,2.0,5.0,2.0,4.0,2.0,5.0,,2.0,3.0,3.0,,,1.0,5.0,,1.0,1.0,9.0,19.0,4.0,8.0,3.0,33.0,322,2.0,6.0,,1.0,5.0,2.0,6.0,3.0,12.0,12.0,6.0,12.0,,4.0,5.0,1.0,2.0,,1.0,7.0,8.0,6.0,1.0,1.0,,,23.0,6.0,6.0,8.0,5.0,13.0,12.0,25.0,1.0,2.0,2.0,,2.0,3.0,1.0,3.0,1.0,,,5.0,6.0,9.0,,,4.0,,4.0,2.0,,,,1.0,,12.0,90.0,0.6666666666666666,0.8571428571428571,1.0,0.5,,0.5,0.47368421052631576,0.3333333333333333,0.3333333333333333,0.5555555555555556,0.2857142857142857,0.5555555555555556,0.5689655172413793,0.3125,0.6,0.2962962962962963,,0.10526315789473684,0.08333333333333333,0.2,,11.683848797250858,0.4,0.09615384615384616,0.08,0.15384615384615385,0.11538461538461539,0.125,0.09448818897637795,0.08108108108108109,0.125,0.08333333333333333,0.08,0.047619047619047616,0.3333333333333333,0.14634146341463414,0.18181818181818182,0.09090909090909091,,0.4444444444444444,0.5833333333333334,0.6363636363636364,0.7142857142857143,0.18518518518518517,0.4,0.5,0.5,0.07407407407407407,,,,0.1111111111111111,1.0,1.0,1.0,0.18518518518518517,0.2,0.2,1.0,0.7142857142857143,0.4,,,,0.14285714285714285,,,0.4444444444444444,0.5,0.1111111111111111,0.7407407407407407,0.2,0.5404462962962964,0.517375,0.5488166666666667,0.06896551724137931,0.09523809523809523,0.15151515151515152,0.36363636363636365,5.0210526315789465,24.562499999999996,0.37344398340248963,,1.0,2.0,2.0,,,1.0,,1.0,,,,,,,,0.6666666666666666,,0.07142857142857142,,,,2.0,,,,0.2222222222222222,1.0,0.1,2.0,,1.0,,1.0,1.0,,,False,,,,,,,,
1630201,1610612766,Malachi Flynn,Malachi Flynn,1630201,CHA,2281.0,38,7.0,73,75,13.0,14.0,8.0,148,2.0,2.0,1.0,1.0,,,2.0,6.0,,,,,,,1.0,1.0,1.0,1.0,,4.0,8.0,1.0,1.0,5.0,16.0,82,1.0,1.0,1.0,1.0,5.0,,2.0,,,4.0,4.0,3.0,,,1.0,1.0,,,4.0,2.0,6.0,1.0,1.0,2.0,2.0,,14.0,2.0,1.0,4.0,,4.0,3.0,7.0,,2.0,,2.0,3.0,,1.0,,2.0,,,3.0,3.0,3.0,,,5.0,,6.0,2.0,,,,,,,13.0,0.5,0.5,1.0,1.0,1.0,1.0,0.5,1.0,,0.6111111111111112,1.25,,0.7272727272727273,1.25,,0.1111111111111111,,,,,,16.666666666666668,1.0,,0.058823529411764705,0.16,0.13333333333333333,0.0975609756097561,0.09375,,0.1111111111111111,0.16666666666666666,,,,0.1,0.4,,,0.2222222222222222,1.0,1.0,,0.6666666666666666,0.3333333333333333,0.3333333333333333,1.0,,,,,,,,,0.1111111111111111,1.0,1.0,1.0,0.5,1.0,,,,0.5,1.0,1.0,,,,0.3333333333333333,1.0,0.5256055555555555,0.55755,0.43715000000000004,0.2727272727272727,0.2222222222222222,0.3125,,6.5375000000000005,24.9,0.1780821917808219,,,,,,,,,,1.0,,1.0,,,,,,,0.08333333333333333,,,0.5,,,,,,,,,,,,,,,,False,,,,,,,,
1630585,1610612766,Marcus Garrett,Marcus Garrett,1630585,CHA,2644.0,44,-26.0,89,84,21.0,16.0,11.0,173,1.0,2.0,,,,,2.0,9.0,1.0,2.0,1.0,2.0,,,,1.0,,,,4.0,13.0,1.0,3.0,3.0,14.0,107,1.0,1.0,,,2.0,,1.0,,3.0,2.0,6.0,3.0,,,1.0,,2.0,,8.0,2.0,10.0,1.0,1.0,5.0,3.0,,22.0,,1.0,1.0,1.0,2.0,1.0,3.0,,1.0,,1.0,,,,1.0,,,1.0,1.0,2.0,5.0,,,3.0,,4.0,,,,,,,3.0,21.0,0.25,0.25,1.0,0.3333333333333333,,0.3333333333333333,0.3076923076923077,1.0,,0.34375,1.0,,0.3888888888888889,1.0,0.5,0.1875,,0.15384615384615385,,0.2222222222222222,,18.81188118811881,,0.037037037037037035,0.043478260869565216,0.047619047619047616,,0.041666666666666664,0.025,0.07142857142857142,,,0.08333333333333333,,,0.0625,,,,0.125,0.5,0.5,,0.5625,0.2222222222222222,0.2857142857142857,,0.125,0.5,0.5,1.0,0.125,0.5,0.5,1.0,0.0625,,,,,,,,,,,,,,,0.3125,,0.44151875,0.3676,0.3882,,,0.14285714285714285,0.21428571428571427,8.115384615384615,24.233333333333334,0.23595505617977527,,,,3.0,,,,,2.0,,,,2.0,,,2.0,,,,,,,,,,,,,,,,,,,,,,False,,,,,,,,
1641878,1610612766,Damion Baugh,Damion Baugh,1641878,CHA,14272.0,238,-144.0,476,484,131.0,121.0,74.0,960,13.0,23.0,,4.0,4.0,4.0,7.0,24.0,,1.0,1.0,10.0,,1.0,9.0,27.0,,2.0,6.0,20.0,48.0,10.0,37.0,11.0,81.0,626,,6.0,,3.0,,6.0,11.0,9.0,19.0,16.0,24.0,30.0,,,27.0,9.0,6.0,,18.0,12.0,30.0,6.0,6.0,11.0,7.0,,72.0,5.0,3.0,12.0,10.0,24.0,8.0,32.0,1.0,11.0,7.0,4.0,13.0,5.0,12.0,6.0,1.0,,1.0,19.0,8.0,15.0,,,15.0,,13.0,6.0,1.0,,,1.0,1.0,19.0,130.0,0.4,0.4,1.0,0.2702702702702703,,0.2702702702702703,0.4166666666666667,,0.5454545454545454,0.4117647058823529,,0.375,0.44505494505494503,,0.4318181818181818,0.43529411764705883,,0.125,0.08695652173913043,0.16666666666666666,,19.50354609929078,0.6842105263157895,0.1111111111111111,0.02127659574468085,0.10256410256410256,0.043478260869565216,0.10628019323671498,0.03125,,0.0379746835443038,0.05555555555555555,0.09375,0.10526315789473684,0.15,0.10869565217391304,0.08,0.020833333333333332,1.0,0.27058823529411763,0.5652173913043478,0.6190476190476191,0.3076923076923077,0.2823529411764706,0.2916666666666667,0.35,0.5714285714285714,0.011764705882352941,,,,0.11764705882352941,0.1,0.1,1.0,0.3176470588235294,0.3333333333333333,0.3333333333333333,1.0,0.4444444444444444,,0.1111111111111111,,,0.2222222222222222,,,0.2,1.0,0.3,0.7058823529411765,0.3333333333333333,0.5374352941176471,0.4626,0.5128649999999999,0.06666666666666667,0.11320754716981132,,0.2345679012345679,4.589583333333334,25.635135135135133,0.27521008403361347,1.0,,1.0,4.0,,3.0,5.0,,1.0,1.0,,,1.0,1.0,,1.0,0.1111111111111111,,0.06521739130434782,,0.16666666666666666,,3.0,2.0,,0.2,0.15,2.0,,,,,,,,,,False,,,,,,,,
203901,1610612766,Elfrid Payton,Elfrid Payton,203901,CHA,4113.0,69,-45.0,134,137,50.0,36.0,12.0,271,,,,,,,2.0,13.0,,1.0,,,,,,,,,,2.0,14.0,,,,4.0,155,1.0,3.0,,,2.0,1.0,5.0,,2.0,,4.0,,,,,,1.0,,7.0,5.0,12.0,3.0,2.0,1.0,5.0,1.0,29.0,,,5.0,2.0,7.0,,7.0,,4.0,4.0,,2.0,1.0,2.0,1.0,,,,3.0,2.0,4.0,,,,,,,2.0,,1.0,2.0,2.0,2.0,50.0,,,,,,,0.14285714285714285,0.3333333333333333,0.2,0.14285714285714285,0.3333333333333333,0.2,0.14285714285714285,0.3333333333333333,0.2,,,0.07142857142857142,,0.07692307692307693,,11.18421052631579,0.6666666666666666,0.06896551724137931,,0.13157894736842105,,0.1044776119402985,,,,,0.08333333333333333,0.07142857142857142,,0.10714285714285714,0.2,,1.0,,,,,0.9285714285714286,0.15384615384615385,0.16666666666666666,,0.07142857142857142,,,,,,,,,,,,,,,,,,,,,,,,,0.4262142857142857,0.45480000000000004,0.4275399999999999,,,0.5,0.5,8.914285714285715,,0.373134328358209,,,,,,,2.0,,,,,,,1.0,,,,,,,,,,,,,,1.0,,,,,,,,,,False,,,,,,,,
1631197,1610612766,Jared Rhoden,Jared Rhoden,1631197,CHA,699.0,12,8.0,26,25,14.0,23.0,6.0,51,1.0,3.0,1.0,3.0,,1.0,1.0,2.0,,1.0,,1.0,,,,1.0,,,,2.0,6.0,,2.0,,4.0,16,1.0,4.0,,,2.0,1.0,4.0,1.0,2.0,,4.0,,,2.0,1.0,,,,1.0,1.0,2.0,1.0,,1.0,,,5.0,,2.0,2.0,,2.0,2.0,4.0,1.0,1.0,1.0,,,,,1.0,,,,1.0,,1.0,,,1.0,,,,,,,,,2.0,14.0,,,,,,,0.3333333333333333,0.25,0.25,0.25,0.25,0.2,0.25,0.25,0.2,0.25,,,,,,27.27272727272727,,,0.25,0.4,,0.2,0.11764705882352941,0.25,,,,,,,1.0,0.16666666666666666,,0.375,0.3333333333333333,0.3333333333333333,,0.25,0.5,0.5,,0.125,,,,0.125,,,,0.125,,,,0.75,0.3333333333333333,,,,,,,0.2,,,0.625,,0.5078875,0.6621,0.45404999999999995,,,0.5,0.5,7.1000000000000005,24.549999999999997,0.5384615384615384,,,,,1.0,,1.0,,,,,,,,,,,,0.3333333333333333,,,,1.0,,1.0,,0.2,1.0,,,,,,,,,,False,,,,,,,,
