EntityId,TeamId,Name,ShortName,RowId,TeamAbbreviation,SecondsPlayed,Minutes,PlusMinus,OffPoss,DefPoss,PenaltyOffPoss,PenaltyDefPoss,SecondChanceOffPoss,TotalPoss,AtRimFGM,AtRimFGA,SecondChanceAtRimFGA,PenaltyAtRimFGM,PenaltyAtRimFGA,ShortMidRangeFGA,LongMidRangeFGM,LongMidRangeFGA,Corner3FGM,Corner3FGA,Arc3FGM,Arc3FGA,PenaltyArc3FGA,FG2M,FG2A,FG3M,FG3A,FtPoints,Points,OpponentPoints,SecondChanceFG2A,PenaltyFG2M,PenaltyFG2A,PenaltyFG3A,PenaltyFtPoints,PenaltyPoints,PtsAssisted2s,PtsAssisted3s,HeaveAttempts,NonHeaveArc3FGA,NonHeaveArc3FGM,Fg2aBlocked,TwoPtAssists,ThreePtAssists,Assists,Arc3Assists,AtRimAssists,ShortMidRangeAssists,AssistPoints,OffTwoPtRebounds,DefThreePtRebounds,DefTwoPtRebounds,FTDefRebounds,DefRebounds,OffRebounds,Rebounds,SelfOReb,Steals,LostBallSteals,LiveBallTurnovers,BadPassOutOfBoundsTurnovers,BadPassTurnovers,DeadBallTurnovers,Turnovers,PenaltyTurnovers,ShootingFouls,Fouls,Offensive Fouls,FoulsDrawn,Loose Ball Fouls Drawn,FTA,NonShootingFoulsDrawn,Blocked2s,BlockedAtRim,BlockedShortMidRange,Blocks,RecoveredBlocks,PenaltyPointsExcludingTakeFouls,PenaltyOffPossExcludingTakeFouls,NonShootingPenaltyNonTakeFoulsDrawn,Assisted2sPct,NonPutbacksAssisted2sPct,Assisted3sPct,Fg3Pct,NonHeaveFg3Pct,Fg2Pct,PenaltyFg2Pct,EfgPct,PenaltyEfgPct,TsPct,PenaltyTsPct,FG3APct,FG2APctBlocked,AtRimPctBlocked,Usage,LiveBallTurnoverPct,DefFTReboundPct,DefTwoPtReboundPct,OffTwoPtReboundPct,DefThreePtReboundPct,DefFGReboundPct,OffFGReboundPct,OffAtRimReboundPct,OffShortMidRangeReboundPct,DefAtRimReboundPct,DefShortMidRangeReboundPct,DefLongMidRangeReboundPct,DefArc3ReboundPct,DefCorner3ReboundPct,SelfORebPct,BlocksRecoveredPct,AtRimFrequency,AtRimAccuracy,UnblockedAtRimAccuracy,AtRimPctAssisted,ShortMidRangeFrequency,LongMidRangeFrequency,LongMidRangeAccuracy,UnblockedLongMidRangeAccuracy,LongMidRangePctAssisted,Corner3Frequency,Corner3Accuracy,UnblockedCorner3Accuracy,Corner3PctAssisted,Arc3Frequency,Arc3Accuracy,UnblockedArc3Accuracy,Arc3PctAssisted,SecondChanceAtRimFrequency,PenaltyAtRimFrequency,PenaltyAtRimAccuracy,PenaltyArc3Frequency,AtRimFG3AFrequency,NonHeaveArc3Accuracy,ShotQualityAvg,SecondChanceShotQualityAvg,PenaltyShotQualityAvg,PenaltyPointsPct,Avg2ptShotDistance,Avg3ptShotDistance,PenaltyOffPossPct,ShortMidRangeFGM,SecondChanceCorner3FGM,SecondChanceCorner3FGA,SecondChanceArc3FGA,PenaltyArc3FGM,SecondChanceFG3M,SecondChanceFG3A,SecondChanceFtPoints,SecondChancePoints,PenaltyFG3M,PtsUnassisted2s,PtsUnassisted3s,Fg3aBlocked,Corner3Assists,LongMidRangeAssists,BadPassSteals,LostBallOutOfBoundsTurnovers,LostBallTurnovers,Travels,SecondChanceTurnovers,Loose Ball Fouls,Offensive Fouls Drawn,2pt And 1 Free Throw Trips,Technical Free Throw Trips,TwoPtShootingFoulsDrawn,Blocked3s,BlockedArc3,NonShootingPenaltyNonTakeFouls,SecondChanceFg3Pct,PenaltyFg3Pct,SecondChanceEfgPct,SecondChanceTsPct,FG3APctBlocked,ShortMidRangePctBlocked,Arc3PctBlocked,ShortMidRangeAccuracy,UnblockedShortMidRangeAccuracy,ShortMidRangePctAssisted,SecondChanceCorner3Frequency,SecondChanceCorner3Accuracy,SecondChanceCorner3PctAssisted,SecondChanceArc3Frequency,PenaltyArc3Accuracy,ShootingFoulsDrawnPct,TwoPtShootingFoulsDrawnPct,SecondChancePointsPct,SecondChanceAtRimFGM,PenaltyCorner3FGM,PenaltyCorner3FGA,SecondChanceArc3FGM,SecondChanceFG2M,PtsPutbacks,OffThreePtRebounds,StepOutOfBoundsTurnovers,3pt And 1 Free Throw Trips,ThreePtShootingFoulsDrawn,SecondChanceFg2Pct,OffThreePtReboundPct,OffLongMidRangeReboundPct,OffArc3ReboundPct,OffCorner3ReboundPct,SecondChanceAtRimAccuracy,SecondChanceAtRimPctAssisted,SecondChanceArc3Accuracy,SecondChanceArc3PctAssisted,PenaltyCorner3Frequency,PenaltyCorner3Accuracy,ThreePtShootingFoulsDrawnPct,Charge Fouls,Defensive 3 Seconds Violations,FTOffRebounds,OffFTReboundPct,Charge Fouls Drawn,BlockedCorner3,BlockedLongMidRange,3SecondViolations,on,DefensiveGoaltends,LongMidRangePctBlocked,Corner3PctBlocked,HeaveMakes,Transition Take Fouls,Transition Take Fouls Drawn,OffensiveGoaltends,Clear Path Fouls
1626204,1610612737,Larry Nance Jr.,Larry Nance Jr.,1626204,ATL,3026.0,50,-9.0,113,115,34.0,38,5.0,228,2.0,5.0,1.0,1.0,2.0,4.0,1.0,1.0,1.0,3.0,5.0,9.0,2.0,3.0,10.0,6.0,12.0,2.0,26,130,1.0,1.0,3.0,2.0,2.0,4.0,6.0,18.0,1.0,8.0,5.0,1.0,5.0,1.0,6.0,1.0,4.0,1.0,13.0,2.0,5.0,9.0,3.0,17.0,2.0,19.0,1.0,2.0,2.0,1.0,1.0,1.0,2.0,3.0,1.0,4.0,5.0,1.0,3.0,2.0,2.0,1.0,4.0,1.0,3.0,4.0,2.0,4.0,34.0,1.0,1.0,1.0,1.0,0.5,0.5454545454545454,0.3,0.3333333333333333,0.5454545454545454,0.2,0.5652173913043478,0.3333333333333333,0.5454545454545454,0.1,0.2,22.033898305084747,0.3333333333333333,0.75,0.28125,0.09523809523809523,0.20833333333333334,0.25,0.0425531914893617,0.1111111111111111,0.1111111111111111,0.3,0.2777777777777778,0.25,0.15,0.5,0.09090909090909091,0.5,0.22727272727272727,0.4,0.5,1.0,0.18181818181818182,0.045454545454545456,1.0,1.0,1.0,0.13636363636363635,0.3333333333333333,0.3333333333333333,1.0,0.4090909090909091,0.5555555555555556,0.5555555555555556,1.0,1.0,0.4,0.5,0.4,0.7727272727272727,0.625,0.5434023809523809,0.6065,0.6225499999999999,0.15384615384615385,5.76,29.475000000000005,0.3008849557522124,,,,,,,,,,,,,,,,,,,,,,,,,,,,,,,,,,,,,,,,,,,,,,,,,,,,,,,,,,,,,,,,,,,,,,,,,,,,,True,,,,,,,,
1629027,1610612737,Trae Young,Trae Young,1629027,ATL,19089.0,318,8.0,697,696,189.0,205,84.0,1393,14.0,27.0,1.0,6.0,9.0,42.0,3.0,7.0,1.0,3.0,22.0,59.0,14.0,36.0,76.0,23.0,62.0,54.0,195,774,1.0,11.0,24.0,14.0,22.0,59.0,20.0,18.0,,59.0,22.0,7.0,66.0,45.0,111.0,32.0,45.0,14.0,267.0,5.0,20.0,7.0,,27.0,5.0,32.0,2.0,8.0,5.0,25.0,4.0,22.0,8.0,33.0,11.0,11.0,23.0,,54.0,2.0,68.0,10.0,3.0,1.0,2.0,5.0,3.0,55.0,186.0,7.0,0.2777777777777778,0.2777777777777778,0.2608695652173913,0.3709677419354839,0.3709677419354839,0.47368421052631576,0.4583333333333333,0.5108695652173914,0.4868421052631579,0.5676470588235294,0.5673076923076923,0.4492753623188406,0.09210526315789473,0.14814814814814814,25.375,0.7575757575757576,,0.04895104895104895,0.027932960893854747,0.11363636363636363,0.08463949843260188,0.01440922190201729,0.03296703296703297,0.02564102564102564,0.05357142857142857,0.045454545454545456,0.047619047619047616,0.11811023622047244,0.10204081632653061,0.028985507246376812,0.6,0.1956521739130435,0.5185185185185185,0.6086956521739131,0.42857142857142855,0.30434782608695654,0.050724637681159424,0.42857142857142855,0.42857142857142855,0.3333333333333333,0.021739130434782608,0.3333333333333333,0.3333333333333333,1.0,0.427536231884058,0.3728813559322034,0.3793103448275862,0.22727272727272727,0.2,0.23684210526315788,0.6666666666666666,0.3684210526315789,0.644927536231884,0.3728813559322034,0.518119708029197,0.5207,0.5061855263157895,0.30256410256410254,7.397368421052632,27.022580645161284,0.27116212338593976,19.0,1.0,2.0,2.0,5.0,1.0,4.0,5.0,8.0,5.0,52.0,51.0,1.0,13.0,7.0,3.0,3.0,3.0,1.0,4.0,1.0,4.0,2.0,2.0,24.0,2.0,2.0,2.0,0.25,0.35714285714285715,0.3,0.5,0.016129032258064516,0.07142857142857142,0.01694915254237288,0.4523809523809524,0.48717948717948717,0.15789473684210525,0.4,0.5,1.0,0.4,0.35714285714285715,0.15,0.24489795918367346,0.041025641025641026,,,,,,,,,,,,,,,,,,,,,,,,,,,,,,,True,,,,,,,,
1629631,1610612737,De'Andre Hunter,De'Andre Hunter,1629631,ATL,21685.0,361,-52.0,768,772,229.0,259,89.0,1540,19.0,30.0,3.0,8.0,14.0,43.0,8.0,12.0,7.0,19.0,26.0,68.0,17.0,47.0,85.0,33.0,87.0,45.0,238,902,9.0,16.0,26.0,22.0,24.0,86.0,64.0,96.0,1.0,67.0,26.0,10.0,14.0,8.0,22.0,5.0,5.0,8.0,52.0,5.0,24.0,9.0,4.0,37.0,7.0,44.0,,10.0,4.0,11.0,4.0,5.0,11.0,22.0,4.0,11.0,31.0,1.0,46.0,4.0,51.0,9.0,1.0,,1.0,1.0,,86.0,226.0,9.0,0.6808510638297872,0.7111111111111111,0.9696969696969697,0.3793103448275862,0.38372093023255816,0.5529411764705883,0.6153846153846154,0.561046511627907,0.6458333333333334,0.6139896373056994,0.7049180327868853,0.5058139534883721,0.11764705882352941,0.23333333333333334,24.62772050400916,0.5,0.21052631578947367,0.06040268456375839,0.026041666666666668,0.1340782122905028,0.10060975609756098,0.018867924528301886,0.023529411764705882,0.010869565217391304,0.06896551724137931,0.05405405405405406,0.058823529411764705,0.1076923076923077,0.20408163265306123,,,0.1744186046511628,0.6333333333333333,0.8260869565217391,0.7894736842105263,0.25,0.06976744186046512,0.6666666666666666,0.6666666666666666,0.75,0.11046511627906977,0.3684210526315789,0.3684210526315789,1.0,0.3953488372093023,0.38235294117647056,0.38235294117647056,0.9615384615384616,0.2,0.2916666666666667,0.5714285714285714,0.3541666666666667,0.6802325581395349,0.3880597014925373,0.5322520467836257,0.5071450000000001,0.5497872340425533,0.36134453781512604,7.272941176470589,25.493103448275868,0.2981770833333333,20.0,1.0,1.0,5.0,8.0,3.0,6.0,1.0,22.0,10.0,30.0,3.0,,3.0,1.0,6.0,2.0,6.0,2.0,,1.0,5.0,6.0,1.0,17.0,,,8.0,0.5,0.45454545454545453,0.7,0.7,,0.06976744186046512,,0.46511627906976744,0.5,0.55,0.06666666666666667,1.0,1.0,0.3333333333333333,0.47058823529411764,0.10326086956521739,0.17708333333333334,0.09243697478991597,2.0,2.0,5.0,2.0,6.0,4.0,2.0,2.0,1.0,2.0,0.6666666666666666,0.0111731843575419,0.13333333333333333,0.007518796992481203,0.021739130434782608,0.6666666666666666,0.5,0.4,1.0,0.10416666666666667,0.4,0.022727272727272728,,,,,,,,,True,,,,,,,,
1630249,1610612737,Vít Krejčí,Vít Krejčí,1630249,ATL,8789.0,146,7.0,315,307,67.0,65,38.0,622,6.0,10.0,1.0,,,8.0,1.0,1.0,2.0,7.0,7.0,19.0,4.0,11.0,19.0,9.0,26.0,4.0,53,337,1.0,1.0,3.0,5.0,,17.0,12.0,24.0,,19.0,7.0,3.0,19.0,5.0,24.0,4.0,15.0,4.0,53.0,2.0,9.0,9.0,,18.0,3.0,21.0,,6.0,1.0,3.0,,3.0,2.0,5.0,,5.0,17.0,,4.0,,4.0,,3.0,2.0,1.0,3.0,3.0,17.0,66.0,,0.5454545454545454,0.5454545454545454,0.8888888888888888,0.34615384615384615,0.34615384615384615,0.5789473684210527,0.3333333333333333,0.5444444444444444,1.0625,0.5760869565217391,1.0625,0.5777777777777777,0.15789473684210525,0.2,14.325842696629213,0.6,,0.11842105263157894,0.03076923076923077,0.14516129032258066,0.13043478260869565,0.01948051948051948,,0.02857142857142857,0.13793103448275862,0.10810810810810811,0.1,0.12195121951219512,0.19047619047619047,,1.0,0.2222222222222222,0.6,0.75,0.8333333333333334,0.17777777777777778,0.022222222222222223,1.0,1.0,1.0,0.15555555555555556,0.2857142857142857,0.2857142857142857,1.0,0.4222222222222222,0.3684210526315789,0.3684210526315789,0.8571428571428571,0.3333333333333333,,,0.5,0.8,0.3684210526315789,0.5636366666666668,0.6131249999999999,0.5142,0.32075471698113206,4.589473684210526,25.184615384615388,0.2126984126984127,4.0,,,2.0,4.0,1.0,2.0,,3.0,5.0,10.0,3.0,,1.0,,5.0,1.0,,1.0,,1.0,,2.0,,3.0,,,1.0,0.5,1.0,0.5,0.5,,0.125,,0.5,0.5714285714285714,,,,,0.6666666666666666,1.0,0.06521739130434782,0.15,0.05660377358490566,,1.0,1.0,1.0,,,1.0,,,,,0.011235955056179775,0.16666666666666666,0.015625,,,,0.5,1.0,0.125,1.0,,,,,,,,,,True,,,,,,,,
203992,1610612737,Bogdan Bogdanović,Bogdan Bogdanović,203992,ATL,35874.0,598,-44.0,1289,1292,343.0,343,154.0,2581,21.0,38.0,5.0,7.0,10.0,26.0,8.0,14.0,12.0,39.0,32.0,107.0,23.0,39.0,78.0,44.0,146.0,30.0,240,1445,10.0,11.0,17.0,35.0,14.0,66.0,60.0,120.0,,107.0,32.0,5.0,31.0,18.0,49.0,12.0,21.0,8.0,116.0,8.0,35.0,16.0,3.0,54.0,12.0,66.0,5.0,20.0,8.0,24.0,5.0,21.0,13.0,37.0,6.0,27.0,57.0,4.0,39.0,2.0,34.0,3.0,6.0,4.0,2.0,6.0,2.0,66.0,340.0,2.0,0.7692307692307693,0.7692307692307693,0.9090909090909091,0.3013698630136986,0.3013698630136986,0.5,0.6470588235294118,0.46875,0.5,0.5,0.55,0.6517857142857143,0.0641025641025641,0.07894736842105263,18.601493550577054,0.6486486486486487,0.09375,0.05776173285198556,0.024096385542168676,0.11437908496732026,0.08747855917667238,0.01854714064914992,0.033112582781456956,0.012738853503184714,0.07692307692307693,0.05303030303030303,0.024390243902439025,0.10762331838565023,0.13253012048192772,0.03731343283582089,0.3333333333333333,0.16964285714285715,0.5526315789473685,0.6,0.7619047619047619,0.11607142857142858,0.0625,0.5714285714285714,0.5714285714285714,0.875,0.17410714285714285,0.3076923076923077,0.3076923076923077,0.9166666666666666,0.47767857142857145,0.29906542056074764,0.29906542056074764,0.90625,0.22727272727272727,0.19230769230769232,0.7,0.4423076923076923,0.8214285714285714,0.29906542056074764,0.5538462053571428,0.5378933333333333,0.5592807692307693,0.275,7.65384615384615,25.271917808219175,0.2660977501939488,10.0,1.0,5.0,7.0,6.0,4.0,12.0,7.0,29.0,10.0,18.0,12.0,,6.0,2.0,12.0,1.0,3.0,2.0,2.0,2.0,6.0,3.0,2.0,12.0,,,5.0,0.3333333333333333,0.2857142857142857,0.5,0.58,,0.07692307692307693,,0.38461538461538464,0.4166666666666667,0.7,0.22727272727272727,0.2,1.0,0.3181818181818182,0.2608695652173913,0.059574468085106386,0.13793103448275862,0.12083333333333333,1.0,4.0,12.0,3.0,5.0,,4.0,,,2.0,0.5,0.012698412698412698,0.041666666666666664,0.00423728813559322,0.0379746835443038,0.2,1.0,0.42857142857142855,1.0,0.23076923076923078,0.3333333333333333,0.013513513513513514,1.0,,,,,,,,True,,,,,,,,
1630552,1610612737,Jalen Johnson,Jalen Johnson,1630552,ATL,15741.0,262,-25.0,575,577,172.0,170,59.0,1152,26.0,45.0,7.0,8.0,11.0,34.0,2.0,5.0,1.0,7.0,4.0,17.0,7.0,38.0,84.0,5.0,24.0,21.0,112,623,10.0,11.0,22.0,9.0,10.0,38.0,46.0,15.0,2.0,15.0,4.0,9.0,27.0,15.0,42.0,9.0,22.0,4.0,99.0,7.0,36.0,40.0,7.0,83.0,11.0,94.0,5.0,10.0,1.0,15.0,6.0,14.0,9.0,24.0,7.0,3.0,7.0,,23.0,,31.0,1.0,6.0,3.0,3.0,6.0,3.0,38.0,170.0,,0.6052631578947368,0.6388888888888888,1.0,0.20833333333333334,0.22727272727272727,0.4523809523809524,0.5,0.4212962962962963,0.45161290322580644,0.4628099173553719,0.5135135135135135,0.2222222222222222,0.10714285714285714,0.1111111111111111,22.445820433436534,0.625,0.5,0.3076923076923077,0.04516129032258064,0.23684210526315788,0.2695035460992908,0.040740740740740744,0.0547945205479452,0.043478260869565216,0.30434782608695654,0.2923076923076923,0.3684210526315789,0.2545454545454545,0.19047619047619047,0.09433962264150944,0.5,0.4166666666666667,0.5777777777777777,0.65,0.5769230769230769,0.3148148148148148,0.046296296296296294,0.4,0.4,1.0,0.06481481481481481,0.14285714285714285,0.14285714285714285,1.0,0.1574074074074074,0.23529411764705882,0.23529411764705882,1.0,0.5384615384615384,0.3548387096774194,0.7272727272727273,0.22580645161290322,0.6388888888888888,0.26666666666666666,0.5547249999999999,0.5702999999999999,0.5384637931034483,0.3392857142857143,5.086904761904762,27.16666666666667,0.2991304347826087,10.0,1.0,1.0,2.0,2.0,2.0,3.0,5.0,21.0,2.0,30.0,,,6.0,1.0,9.0,1.0,1.0,1.0,1.0,1.0,1.0,5.0,,17.0,,,,0.6666666666666666,0.2222222222222222,0.6153846153846154,0.7,,0.11764705882352941,,0.29411764705882354,0.3333333333333333,0.6,0.07692307692307693,1.0,1.0,0.15384615384615385,0.2857142857142857,0.14166666666666666,0.17708333333333334,0.1875,4.0,,2.0,1.0,5.0,4.0,4.0,,,,0.5,0.034782608695652174,,,0.10526315789473684,0.5714285714285714,0.5,0.5,1.0,0.06451612903225806,,,1.0,1.0,,,,,,,True,,,,,,,,
1630700,1610612737,Dyson Daniels,Dyson Daniels,1630700,ATL,18011.0,300,-48.0,632,636,111.0,115,88.0,1268,24.0,39.0,10.0,6.0,12.0,44.0,,,3.0,7.0,4.0,24.0,4.0,40.0,83.0,7.0,31.0,10.0,111,752,15.0,10.0,19.0,5.0,1.0,27.0,38.0,18.0,,24.0,4.0,2.0,19.0,11.0,30.0,8.0,11.0,5.0,71.0,9.0,19.0,11.0,2.0,32.0,22.0,54.0,5.0,29.0,15.0,13.0,1.0,10.0,5.0,18.0,3.0,12.0,26.0,3.0,21.0,3.0,20.0,,3.0,2.0,1.0,3.0,1.0,27.0,110.0,,0.475,0.5428571428571428,0.8571428571428571,0.22580645161290322,0.22580645161290322,0.4819277108433735,0.5263157894736842,0.44298245614035087,0.5416666666666666,0.45867768595041325,0.54,0.2719298245614035,0.024096385542168676,,18.783783783783782,0.7222222222222222,0.125,0.088,0.05389221556886228,0.14393939393939395,0.11673151750972763,0.06306306306306306,0.041666666666666664,0.06976744186046512,0.09803921568627451,0.07547169811320754,0.09523809523809523,0.1595744680851064,0.10526315789473684,0.07936507936507936,0.3333333333333333,0.34210526315789475,0.6153846153846154,0.6153846153846154,0.4166666666666667,0.38596491228070173,,,,,0.06140350877192982,0.42857142857142855,0.42857142857142855,1.0,0.21052631578947367,0.16666666666666666,0.16666666666666666,0.75,0.5,0.5,0.5,0.16666666666666666,0.6140350877192983,0.16666666666666666,0.5480070175438597,0.5458576923076923,0.5980041666666668,0.24324324324324326,4.88433734939759,25.40322580645162,0.17563291139240506,16.0,,1.0,4.0,1.0,,5.0,2.0,14.0,2.0,42.0,3.0,,3.0,3.0,14.0,1.0,3.0,,3.0,1.0,3.0,4.0,,11.0,,,2.0,,0.4,0.3,0.3333333333333333,,0.045454545454545456,,0.36363636363636365,0.38095238095238093,0.5625,0.05,,,0.2,0.25,0.09090909090909091,0.12222222222222222,0.12612612612612611,5.0,1.0,1.0,,6.0,10.0,12.0,,,,0.4,0.07228915662650602,,0.05303030303030303,0.14705882352941177,0.5,,,,0.041666666666666664,1.0,,,,1.0,0.058823529411764705,,,,,True,,,,,,,,
1642258,1610612737,Zaccharie Risacher,Zaccharie Risacher,1642258,ATL,7814.0,130,15.0,287,281,53.0,40,33.0,568,17.0,28.0,5.0,4.0,7.0,10.0,,4.0,1.0,4.0,3.0,19.0,2.0,22.0,42.0,4.0,23.0,9.0,65,285,5.0,4.0,8.0,2.0,2.0,13.0,30.0,12.0,,19.0,3.0,6.0,3.0,3.0,6.0,1.0,2.0,1.0,15.0,5.0,4.0,9.0,1.0,14.0,5.0,19.0,,5.0,1.0,3.0,,2.0,,3.0,,10.0,13.0,,8.0,1.0,12.0,1.0,2.0,,2.0,2.0,1.0,13.0,53.0,1.0,0.6818181818181818,0.75,1.0,0.17391304347826086,0.17391304347826086,0.5238095238095238,0.5,0.4307692307692308,0.55,0.4642857142857143,0.5909090909090909,0.35384615384615387,0.14285714285714285,0.17857142857142858,22.12121212121212,1.0,0.125,0.11538461538461539,0.06329113924050633,0.05970149253731343,0.0896551724137931,0.03205128205128205,0.11428571428571428,0.02631578947368421,0.08333333333333333,0.10810810810810811,0.17647058823529413,0.0425531914893617,0.1,,0.5,0.4307692307692308,0.6071428571428571,0.7391304347826086,0.6470588235294118,0.15384615384615385,0.06153846153846154,,,,0.06153846153846154,0.25,0.25,1.0,0.2923076923076923,0.15789473684210525,0.15789473684210525,1.0,0.625,0.7,0.5714285714285714,0.2,0.7846153846153846,0.15789473684210525,0.5747638461538461,0.6375625,0.65879,0.2,5.2095238095238106,25.5695652173913,0.18466898954703834,5.0,,2.0,1.0,1.0,,3.0,,8.0,1.0,14.0,,,2.0,,4.0,,1.0,,,,,2.0,,6.0,,,1.0,,0.5,0.5,0.5,,0.1,,0.5,0.5555555555555556,0.8,0.25,,,0.125,0.5,0.08695652173913043,0.13043478260869565,0.12307692307692308,4.0,,,,4.0,4.0,,,,,0.8,,,,,0.8,0.25,,,,,,,,,,,,,,True,,,,,,,,
1630811,1610612737,Keaton Wallace,Keaton Wallace,1630811,ATL,1429.0,24,-4.0,54,55,43.0,25,9.0,109,1.0,2.0,,1.0,2.0,,1.0,2.0,,,1.0,4.0,3.0,2.0,4.0,1.0,4.0,2.0,9,62,,2.0,3.0,3.0,,7.0,2.0,3.0,,4.0,1.0,,1.0,,1.0,,1.0,,2.0,,1.0,1.0,,2.0,1.0,3.0,,1.0,,,1.0,,2.0,2.0,2.0,1.0,2.0,,1.0,,2.0,,,,,,,7.0,43.0,,0.5,0.5,1.0,0.25,0.25,0.5,0.6666666666666666,0.4375,0.5833333333333334,0.5,0.5833333333333334,0.5,,,17.741935483870968,,,0.06666666666666667,,0.0625,0.06451612903225806,0.04,,,,,0.25,0.07692307692307693,,,,0.25,0.5,0.5,1.0,,0.25,0.5,0.5,,,,,,0.5,0.25,0.25,1.0,,0.3333333333333333,0.5,0.5,0.75,0.25,0.53716875,,0.546425,0.7777777777777778,10.75,26.0,0.7962962962962963,,,,1.0,1.0,1.0,1.0,,3.0,1.0,2.0,,,,,1.0,,,1.0,1.0,,,,,1.0,,,,1.0,0.3333333333333333,1.5,1.5,,,,,,,,,,1.0,0.3333333333333333,0.1111111111111111,0.2,0.3333333333333333,,,,1.0,,,1.0,,,,,0.07142857142857142,,0.08333333333333333,,,,1.0,1.0,,,,,,,,,,,,True,,,,,,,,
1631223,1610612737,David Roddy,David Roddy,1631223,ATL,2084.0,35,-8.0,76,77,31.0,23,9.0,153,1.0,3.0,,,1.0,2.0,,,2.0,3.0,2.0,3.0,1.0,1.0,5.0,4.0,6.0,4.0,18,92,,,2.0,3.0,2.0,8.0,2.0,12.0,,3.0,2.0,,2.0,2.0,4.0,,1.0,1.0,10.0,,4.0,3.0,,7.0,,7.0,,1.0,,1.0,,1.0,,1.0,,3.0,4.0,,4.0,,6.0,1.0,1.0,1.0,,1.0,,8.0,31.0,1.0,1.0,1.0,1.0,0.6666666666666666,0.6666666666666666,0.2,,0.6363636363636364,0.6,0.6428571428571429,0.5714285714285714,0.5454545454545454,,,17.441860465116278,1.0,,0.2,,0.3333333333333333,0.25925925925925924,,,,0.2,0.25,,0.4,,,,0.2727272727272727,0.3333333333333333,0.3333333333333333,1.0,0.18181818181818182,,,,,0.2727272727272727,0.6666666666666666,0.6666666666666666,1.0,0.2727272727272727,0.6666666666666666,0.6666666666666666,1.0,,0.2,,0.2,0.8181818181818182,0.6666666666666666,0.5449909090909091,,0.49706,0.4444444444444444,4.6,25.150000000000002,0.40789473684210525,,,,,1.0,,,,,2.0,,,,2.0,,1.0,,,,,1.0,1.0,,,2.0,,,,,0.6666666666666666,,,,,,,,,,,,,1.0,0.15384615384615385,0.2857142857142857,,,1.0,2.0,,,,,,,,,,,,,,,,,0.4,0.5,,,,,,,,,,True,,,,,,,,
1629726,1610612737,Garrison Mathews,Garrison Mathews,1629726,ATL,6448.0,107,,234,241,73.0,56,26.0,475,,1.0,,,,4.0,1.0,1.0,3.0,7.0,4.0,21.0,7.0,3.0,6.0,7.0,28.0,5.0,32,251,1.0,,,7.0,,3.0,4.0,21.0,,21.0,4.0,1.0,3.0,3.0,6.0,3.0,1.0,2.0,15.0,1.0,4.0,10.0,1.0,15.0,2.0,17.0,,4.0,,2.0,1.0,1.0,1.0,3.0,1.0,7.0,10.0,,7.0,,7.0,,,,,1.0,,3.0,72.0,,0.6666666666666666,0.6666666666666666,1.0,0.25,0.25,0.5,,0.39705882352941174,0.21428571428571427,0.4444444444444444,0.21428571428571427,0.8235294117647058,0.16666666666666666,1.0,14.661654135338345,0.6666666666666666,0.3333333333333333,0.18518518518518517,0.016129032258064516,0.06557377049180328,0.12173913043478261,0.016260162601626018,,,0.09090909090909091,0.18518518518518517,0.6,0.0851063829787234,,,,0.029411764705882353,,,,0.11764705882352941,0.029411764705882353,1.0,1.0,1.0,0.20588235294117646,0.42857142857142855,0.42857142857142855,1.0,0.6176470588235294,0.19047619047619047,0.19047619047619047,1.0,,,,1.0,0.8529411764705882,0.19047619047619047,0.5385088235294118,0.5373,0.5206928571428572,0.09375,9.566666666666666,25.00714285714285,0.31196581196581197,2.0,,1.0,,1.0,,1.0,,,1.0,2.0,,,,,4.0,,1.0,,,,1.0,,1.0,1.0,1.0,,,,0.14285714285714285,,,,,,0.5,0.5,0.5,0.5,,,,0.14285714285714285,0.08333333333333333,0.14285714285714285,,,,,,,,1.0,,1.0,2.0,,0.01639344262295082,0.2,,0.06666666666666667,,,,,,,0.06896551724137931,,,,,2.0,1.0,,,True,,,,,,,,
1630168,1610612737,Onyeka Okongwu,Onyeka Okongwu,1630168,ATL,21563.0,359,-28.0,766,774,231.0,241,100.0,1540,61.0,90.0,33.0,23.0,29.0,28.0,,,4.0,14.0,,4.0,4.0,69.0,118.0,4.0,18.0,25.0,175,885,34.0,26.0,35.0,5.0,11.0,63.0,106.0,12.0,,4.0,,13.0,18.0,11.0,29.0,9.0,11.0,5.0,69.0,32.0,39.0,33.0,4.0,76.0,50.0,126.0,4.0,8.0,5.0,5.0,2.0,4.0,6.0,11.0,4.0,19.0,29.0,1.0,26.0,2.0,34.0,2.0,14.0,7.0,7.0,14.0,8.0,63.0,230.0,2.0,0.7681159420289855,0.9464285714285714,1.0,0.2222222222222222,0.2222222222222222,0.5847457627118644,0.7428571428571429,0.5514705882352942,0.65,0.5794701986754967,0.7159090909090909,0.1323529411764706,0.11016949152542373,0.1111111111111111,18.263810597519733,0.45454545454545453,0.21052631578947367,0.21153846153846154,0.1553398058252427,0.2215909090909091,0.21686746987951808,0.1278772378516624,0.16666666666666666,0.15841584158415842,0.1774193548387097,0.2222222222222222,0.2727272727272727,0.24,0.17647058823529413,0.0851063829787234,0.5714285714285714,0.6617647058823529,0.6777777777777778,0.7625,0.7540983606557377,0.20588235294117646,,,,,0.10294117647058823,0.2857142857142857,0.2857142857142857,1.0,0.029411764705882353,,,,0.9166666666666666,0.725,0.7931034482758621,0.1,0.7941176470588235,,0.613902573529412,0.6051780000000001,0.6208199999999999,0.36,2.6186440677966103,23.833333333333336,0.30156657963446476,8.0,,2.0,,,,2.0,8.0,42.0,,32.0,,,2.0,2.0,3.0,1.0,1.0,,2.0,4.0,,4.0,,17.0,,,3.0,,,0.4722222222222222,0.525,,0.10714285714285714,,0.2857142857142857,0.32,0.875,0.05555555555555555,,,,,0.11409395973154363,0.1297709923664122,0.24,17.0,,1.0,,17.0,26.0,18.0,2.0,,,0.5,0.0972972972972973,0.06666666666666667,0.1111111111111111,0.06,0.5151515151515151,0.11764705882352941,,,0.025,,,,,,,,,,,True,,,,,,,,
1631230,1610612737,Dominick Barlow,Dominick Barlow,1631230,ATL,923.0,15,-2.0,35,36,19.0,11,,71,3.0,4.0,,2.0,3.0,,,,,,,,,3.0,4.0,,,2.0,8,41,,2.0,3.0,,2.0,6.0,6.0,,,,,,,1.0,1.0,1.0,,,3.0,,,2.0,,2.0,,2.0,,2.0,2.0,,,,,,,1.0,1.0,,1.0,1.0,2.0,1.0,,,,,,6.0,19.0,1.0,1.0,1.0,,,,0.75,0.6666666666666666,0.75,0.6666666666666666,0.8,0.75,,,,14.285714285714286,,,0.3333333333333333,,,0.15384615384615385,,,,,0.25,1.0,,,,,1.0,0.75,0.75,1.0,,,,,,,,,,,,,,,1.0,0.6666666666666666,,1.0,,0.7607750000000001,,0.7232,0.75,1.25,,0.5428571428571428,,,,,,,,,,,,,,,,,,,,,,,,,,,,,,,,,,,,,,,,,,,,,,,,,,,,,,,,,,,,,,,,,,,,,,,,,,,,,True,,,,,,,,
203991,1610612737,Clint Capela,Clint Capela,203991,ATL,10196.0,170,-11.0,366,362,50.0,52,48.0,728,21.0,41.0,21.0,2.0,5.0,14.0,,,,,,,,30.0,55.0,,,8.0,68,383,22.0,3.0,8.0,,,6.0,42.0,,,,,3.0,7.0,4.0,11.0,4.0,4.0,1.0,26.0,23.0,15.0,20.0,3.0,38.0,30.0,68.0,8.0,6.0,2.0,3.0,1.0,2.0,5.0,8.0,3.0,9.0,19.0,1.0,12.0,2.0,13.0,,14.0,9.0,4.0,14.0,6.0,6.0,50.0,,0.7,0.9130434782608695,,,,0.5454545454545454,0.375,0.5454545454545454,0.375,0.5666666666666667,0.3333333333333333,,0.05454545454545454,0.07317073170731707,16.037735849056602,0.375,0.42857142857142855,0.24390243902439024,0.23469387755102042,0.15151515151515152,0.19337016574585636,0.15384615384615385,0.20833333333333334,0.29545454545454547,0.22580645161290322,0.2702702702702703,0.21428571428571427,0.13513513513513514,0.2,0.36363636363636365,0.42857142857142855,0.7454545454545455,0.5121951219512195,0.5526315789473685,0.6190476190476191,0.2545454545454545,,,,,,,,,,,,,0.9545454545454546,0.625,0.4,,0.7454545454545455,,0.6085,0.6215411764705883,0.5497125,0.08823529411764706,2.6236363636363635,,0.1366120218579235,9.0,,,,,,,4.0,22.0,,18.0,,,,2.0,4.0,,1.0,1.0,2.0,6.0,,3.0,,8.0,,,1.0,,,0.4090909090909091,0.44,,,,0.6428571428571429,0.6428571428571429,0.8888888888888888,,,,,,0.13333333333333333,0.13333333333333333,0.3235294117647059,9.0,,,,9.0,14.0,7.0,,,,0.4090909090909091,0.07216494845360824,,0.06578947368421052,0.09523809523809523,0.42857142857142855,0.1111111111111111,,,,,,,,,,,,1.0,1.0,True,,,,,,,,
1631342,1610612737,Daeqwon Plowden,Daeqwon Plowden,1631342,ATL,867.0,14,-2.0,31,31,14.0,9,4.0,62,1.0,1.0,,,,,,,2.0,2.0,1.0,2.0,1.0,1.0,1.0,3.0,4.0,,11,35,,,,2.0,,6.0,2.0,9.0,,2.0,1.0,,,,,,,,,,1.0,,,1.0,2.0,3.0,,,,,1.0,,1.0,1.0,1.0,1.0,2.0,,,,,,,,,,,6.0,14.0,,1.0,1.0,1.0,0.75,0.75,1.0,,1.1,1.5,1.1,1.5,0.8,,,16.666666666666668,,,,,0.1111111111111111,0.0625,0.10526315789473684,,,,,,0.125,,,,0.2,1.0,1.0,1.0,,,,,,0.4,1.0,1.0,1.0,0.4,0.5,0.5,1.0,,,,0.5,1.0,0.5,0.58937,0.59025,0.5802,0.5454545454545454,1.8,24.099999999999998,0.45161290322580644,,1.0,1.0,1.0,1.0,2.0,2.0,,6.0,2.0,,,,,,,,,,1.0,,,,,,,,,1.0,1.0,1.5,1.5,,,,,,,0.5,1.0,1.0,0.5,1.0,,,0.5454545454545454,,1.0,1.0,1.0,,,2.0,,,,,0.18181818181818182,,0.18181818181818182,,,,1.0,1.0,0.5,1.0,,,,,,,,,,True,,,,,,,,
1641723,1610612737,Kobe Bufkin,Kobe Bufkin,1641723,ATL,5831.0,97,-17.0,207,208,56.0,63,24.0,415,5.0,9.0,3.0,2.0,5.0,8.0,1.0,3.0,1.0,6.0,3.0,8.0,3.0,9.0,20.0,4.0,14.0,10.0,40,228,3.0,3.0,6.0,4.0,5.0,20.0,10.0,12.0,1.0,7.0,3.0,4.0,10.0,3.0,13.0,2.0,5.0,4.0,29.0,2.0,7.0,4.0,,11.0,5.0,16.0,,2.0,1.0,3.0,,3.0,3.0,6.0,1.0,4.0,8.0,,9.0,,14.0,1.0,2.0,1.0,1.0,2.0,2.0,20.0,56.0,1.0,0.5555555555555556,0.5555555555555556,1.0,0.2857142857142857,0.3076923076923077,0.45,0.5,0.4411764705882353,0.75,0.5,0.7692307692307693,0.4117647058823529,0.2,0.2222222222222222,19.742489270386265,0.5,,0.1,0.03389830508474576,0.1346153846153846,0.11956521739130435,0.047619047619047616,0.08333333333333333,,0.08333333333333333,0.045454545454545456,0.3333333333333333,0.12195121951219512,0.18181818181818182,,1.0,0.2647058823529412,0.5555555555555556,0.7142857142857143,0.6,0.23529411764705882,0.08823529411764706,0.3333333333333333,0.3333333333333333,,0.17647058823529413,0.16666666666666666,0.16666666666666666,1.0,0.23529411764705882,0.375,0.375,1.0,1.0,0.5,0.4,0.3,0.6764705882352942,0.42857142857142855,0.5497060606060605,0.67625,0.5788055555555556,0.5,6.909999999999999,26.25714285714286,0.27053140096618356,3.0,,,,2.0,,,,2.0,3.0,8.0,,,1.0,1.0,1.0,2.0,,,,,1.0,2.0,,7.0,,,2.0,,0.75,0.3333333333333333,0.3333333333333333,,0.25,,0.375,0.5,0.6666666666666666,,,,,0.6666666666666666,0.1794871794871795,0.28,0.05,1.0,1.0,1.0,,1.0,,3.0,1.0,,,0.3333333333333333,0.06521739130434782,,0.1111111111111111,,0.3333333333333333,1.0,,,0.1,1.0,,,,,,,,,,True,,,,,,,,
1626204,1610612737,Larry Nance Jr.,Larry Nance Jr.,1626204,ATL,24768.0,413,-86.0,868,872,220.0,220,93.0,1740,31.0,43.0,6.0,10.0,13.0,22.0,2.0,4.0,12.0,25.0,16.0,39.0,8.0,43.0,69.0,28.0,64.0,7.0,177,1050,10.0,11.0,15.0,13.0,1.0,41.0,72.0,81.0,1.0,38.0,16.0,4.0,14.0,18.0,32.0,10.0,6.0,8.0,82.0,12.0,36.0,24.0,3.0,63.0,21.0,84.0,2.0,18.0,7.0,8.0,2.0,8.0,5.0,13.0,1.0,10.0,32.0,1.0,22.0,3.0,11.0,1.0,8.0,5.0,3.0,9.0,8.0,41.0,219.0,1.0,0.8372093023255814,0.9473684210526315,0.9642857142857143,0.4375,0.4444444444444444,0.6231884057971014,0.7333333333333333,0.6390977443609023,0.7142857142857143,0.6413043478260869,0.7068965517241379,0.48120300751879697,0.057971014492753624,0.046511627906976744,15.423901940755874,0.6153846153846154,0.17647058823529413,0.1411764705882353,0.06315789473684211,0.17560975609756097,0.16,0.050970873786407765,0.046153846153846156,0.08571428571428572,0.1323529411764706,0.13333333333333333,0.18518518518518517,0.16875,0.2,0.03571428571428571,0.8888888888888888,0.3233082706766917,0.7209302325581395,0.7560975609756098,0.7741935483870968,0.16541353383458646,0.03007518796992481,0.5,0.6666666666666666,1.0,0.18796992481203006,0.48,0.48,1.0,0.2932330827067669,0.41025641025641024,0.42105263157894735,0.9375,0.4,0.4642857142857143,0.7692307692307693,0.2857142857142857,0.8045112781954887,0.42105263157894735,0.5615886363636362,0.569755,0.5680907407407408,0.23163841807909605,4.339130434782607,25.193749999999998,0.2534562211981567,10.0,1.0,2.0,3.0,4.0,4.0,5.0,,28.0,6.0,14.0,3.0,1.0,8.0,,11.0,,,2.0,3.0,3.0,,1.0,,5.0,1.0,1.0,3.0,0.8,0.46153846153846156,0.9333333333333333,0.9333333333333333,0.015625,0.045454545454545456,0.02564102564102564,0.45454545454545453,0.47619047619047616,1.0,0.13333333333333333,0.5,1.0,0.2,0.5,0.0364963503649635,0.0684931506849315,0.15819209039548024,6.0,2.0,5.0,3.0,8.0,10.0,9.0,,,,0.8,0.04054054054054054,,0.037267080745341616,0.04918032786885246,1.0,0.16666666666666666,1.0,0.6666666666666666,0.17857142857142858,0.4,,,,,,7.0,,,,False,1.0,0.25,,,,,,
1627747,1610612737,Caris LeVert,Caris LeVert,1627747,ATL,27763.0,463,10.0,978,975,290.0,415,128.0,1953,43.0,62.0,8.0,8.0,10.0,39.0,2.0,8.0,12.0,24.0,20.0,69.0,12.0,66.0,109.0,32.0,93.0,27.0,255,1183,11.0,11.0,19.0,22.0,9.0,61.0,94.0,78.0,,69.0,20.0,4.0,27.0,21.0,48.0,11.0,13.0,12.0,117.0,5.0,20.0,28.0,1.0,49.0,11.0,60.0,4.0,16.0,7.0,9.0,,8.0,4.0,13.0,4.0,18.0,34.0,,28.0,,38.0,1.0,8.0,6.0,2.0,9.0,4.0,61.0,283.0,1.0,0.7121212121212122,0.7121212121212122,0.8125,0.34408602150537637,0.34408602150537637,0.6055045871559633,0.5789473684210527,0.5643564356435643,0.6341463414634146,0.5875576036866359,0.6630434782608695,0.4603960396039604,0.03669724770642202,0.06451612903225806,20.426287744227356,0.6923076923076923,0.043478260869565216,0.12903225806451613,0.021645021645021644,0.09803921568627451,0.11401425178147269,0.024390243902439025,0.03296703296703297,0.01652892561983471,0.10843373493975904,0.15151515151515152,0.11428571428571428,0.10256410256410256,0.08333333333333333,0.04081632653061224,0.4444444444444444,0.3069306930693069,0.6935483870967742,0.7413793103448276,0.7674418604651163,0.19306930693069307,0.039603960396039604,0.25,0.25,0.5,0.1188118811881188,0.5,0.5217391304347826,0.9166666666666666,0.3415841584158416,0.2898550724637681,0.29411764705882354,0.75,0.4444444444444444,0.24390243902439024,0.8,0.2926829268292683,0.7673267326732673,0.2898550724637681,0.5909525906735753,0.6333772727272728,0.57940375,0.23921568627450981,5.19908256880734,24.848351648351642,0.2965235173824131,21.0,1.0,2.0,5.0,3.0,2.0,7.0,2.0,20.0,10.0,38.0,18.0,2.0,10.0,2.0,9.0,,1.0,,,2.0,3.0,5.0,1.0,18.0,1.0,1.0,3.0,0.2857142857142857,0.45454545454545453,0.5,0.5,0.021505376344086023,,0.014492753623188406,0.5384615384615384,0.5384615384615384,0.6190476190476191,0.1111111111111111,0.5,1.0,0.2777777777777778,0.25,0.09259259259259259,0.14754098360655737,0.0784313725490196,4.0,7.0,10.0,1.0,6.0,,6.0,2.0,1.0,2.0,0.5454545454545454,0.02727272727272727,,0.03048780487804878,0.017857142857142856,0.5,0.75,0.2,1.0,0.24390243902439024,0.7,0.02127659574468085,1.0,,,,,,,,False,,,0.041666666666666664,,,,,
1627777,1610612737,Georges Niang,Georges Niang,1627777,ATL,28714.0,479,2.0,1009,1014,253.0,345,111.0,2023,15.0,24.0,6.0,2.0,6.0,37.0,1.0,4.0,15.0,34.0,40.0,96.0,28.0,33.0,65.0,55.0,130.0,22.0,253,1220,10.0,5.0,14.0,33.0,8.0,60.0,54.0,162.0,,96.0,40.0,1.0,23.0,12.0,35.0,7.0,14.0,9.0,82.0,9.0,32.0,21.0,3.0,56.0,12.0,68.0,4.0,9.0,3.0,11.0,4.0,8.0,9.0,20.0,3.0,26.0,51.0,,25.0,4.0,28.0,4.0,6.0,4.0,2.0,6.0,2.0,59.0,247.0,3.0,0.8181818181818182,0.84375,0.9818181818181818,0.4230769230769231,0.4230769230769231,0.5076923076923077,0.35714285714285715,0.5923076923076923,0.5531914893617021,0.6111111111111112,0.5769230769230769,0.6666666666666666,0.015384615384615385,0.041666666666666664,19.912280701754387,0.55,0.13636363636363635,0.09333333333333334,0.039301310043668124,0.14222222222222222,0.11777777777777777,0.026607538802660754,0.012048192771084338,0.056451612903225805,0.07608695652173914,0.0970873786407767,0.13333333333333333,0.14201183431952663,0.14285714285714285,0.038834951456310676,0.3333333333333333,0.12307692307692308,0.625,0.6521739130434783,0.8,0.18974358974358974,0.020512820512820513,0.25,0.25,1.0,0.17435897435897435,0.4411764705882353,0.45454545454545453,1.0,0.49230769230769234,0.4166666666666667,0.4166666666666667,0.975,0.3157894736842105,0.1276595744680851,0.3333333333333333,0.5957446808510638,0.7897435897435897,0.4166666666666667,0.5404362903225806,0.5029571428571429,0.5426892857142857,0.23715415019762845,6.02,24.954263565891477,0.25074331020812685,17.0,,1.0,8.0,12.0,4.0,9.0,1.0,19.0,14.0,12.0,3.0,1.0,5.0,,6.0,1.0,3.0,2.0,4.0,8.0,1.0,3.0,,10.0,,,4.0,0.4444444444444444,0.42424242424242425,0.47368421052631576,0.5,0.007692307692307693,,,0.4594594594594595,0.4594594594594595,0.8235294117647058,0.05263157894736842,,,0.42105263157894735,0.42857142857142855,0.054187192118226604,0.1388888888888889,0.07509881422924901,2.0,2.0,5.0,4.0,3.0,2.0,3.0,1.0,,1.0,0.3,0.013513513513513514,0.045454545454545456,0.011428571428571429,0.02127659574468085,0.3333333333333333,,0.5,1.0,0.10638297872340426,0.4,0.007633587786259542,1.0,,,,,,,,False,,,0.029411764705882353,,,,,
1629027,1610612737,Trae Young,Trae Young,1629027,ATL,125989.0,2100,37.0,4520,4506,1052.0,1068,546.0,9026,93.0,169.0,12.0,28.0,42.0,324.0,34.0,83.0,17.0,44.0,146.0,453.0,120.0,275.0,576.0,163.0,497.0,378.0,1417,5279,42.0,67.0,137.0,129.0,164.0,439.0,172.0,150.0,9.0,443.0,145.0,44.0,463.0,191.0,654.0,116.0,333.0,117.0,1499.0,13.0,97.0,53.0,3.0,153.0,27.0,180.0,11.0,69.0,26.0,209.0,47.0,170.0,81.0,290.0,61.0,51.0,107.0,6.0,326.0,3.0,426.0,75.0,4.0,4.0,,6.0,3.0,414.0,1030.0,53.0,0.31272727272727274,0.3161764705882353,0.3067484662576687,0.32796780684104626,0.3319672131147541,0.4774305555555556,0.48905109489051096,0.48415657036346693,0.5169172932330827,0.5561305732484076,0.6214285714285714,0.46318732525629075,0.0763888888888889,0.08875739644970414,29.860302677532015,0.7206896551724138,0.03409090909090909,0.052216748768472904,0.0125,0.10189075630252101,0.0762582613116421,0.012833168805528134,0.007228915662650603,0.011090573012939002,0.04926108374384237,0.04516129032258064,0.08333333333333333,0.10795454545454546,0.0846774193548387,0.01936619718309859,0.5,0.157502329916123,0.5502958579881657,0.6038961038961039,0.3763440860215054,0.3019571295433364,0.07735321528424977,0.40963855421686746,0.41975308641975306,0.23529411764705882,0.04100652376514446,0.38636363636363635,0.3953488372093023,0.7647058823529411,0.42218080149114634,0.32229580573951433,0.32516703786191536,0.2534246575342466,0.1411764705882353,0.15789473684210525,0.6666666666666666,0.45112781954887216,0.6206896551724138,0.327313769751693,0.5124205797101448,0.5022531914893619,0.49250079365079374,0.30980945659844744,8.071527777777778,27.764185110663984,0.2327433628318584,148.0,8.0,14.0,29.0,42.0,15.0,43.0,37.0,130.0,47.0,378.0,339.0,5.0,75.0,13.0,43.0,11.0,39.0,11.0,13.0,4.0,17.0,28.0,20.0,120.0,2.0,1.0,14.0,0.3488372093023256,0.3643410852713178,0.5470588235294118,0.6287128712871287,0.01006036217303823,0.08333333333333333,0.008830022075055188,0.4567901234567901,0.4983164983164983,0.2905405405405405,0.16470588235294117,0.5714285714285714,1.0,0.3411764705882353,0.35,0.11600338696020322,0.17964071856287425,0.09174311926605505,10.0,5.0,9.0,7.0,24.0,6.0,13.0,,1.0,17.0,0.5714285714285714,0.013184584178498986,0.047619047619047616,0.015172413793103448,0.007662835249042145,0.8333333333333334,0.5,0.2413793103448276,0.5714285714285714,0.03383458646616541,0.5555555555555556,0.03313840155945419,2.0,,1.0,0.008620689655172414,5.0,1.0,,,False,,0.024096385542168676,0.022727272727272728,1.0,2.0,3.0,,
1629611,1610612737,Terance Mann,Terance Mann,1629611,ATL,27152.0,453,-65.0,930,944,179.0,242,128.0,1874,29.0,37.0,7.0,8.0,9.0,37.0,3.0,9.0,15.0,32.0,10.0,30.0,5.0,53.0,83.0,25.0,62.0,14.0,195,1154,10.0,10.0,15.0,6.0,3.0,26.0,50.0,69.0,,30.0,10.0,7.0,26.0,17.0,43.0,8.0,12.0,12.0,103.0,14.0,17.0,17.0,3.0,37.0,24.0,61.0,,8.0,2.0,13.0,3.0,10.0,4.0,17.0,2.0,19.0,44.0,1.0,20.0,2.0,24.0,2.0,4.0,3.0,1.0,4.0,2.0,26.0,176.0,2.0,0.4716981132075472,0.5208333333333334,0.92,0.4032258064516129,0.4032258064516129,0.6385542168674698,0.6666666666666666,0.6241379310344828,0.5476190476190477,0.6290322580645161,0.5652173913043478,0.42758620689655175,0.08433734939759036,0.10810810810810811,16.01489757914339,0.7647058823529411,0.17647058823529413,0.07906976744186046,0.0639269406392694,0.0845771144278607,0.08173076923076923,0.05357142857142857,0.0410958904109589,0.09166666666666666,0.10843373493975904,0.05825242718446602,0.06896551724137931,0.0896551724137931,0.07142857142857142,,0.5,0.25517241379310346,0.7837837837837838,0.8787878787878788,0.5517241379310345,0.25517241379310346,0.06206896551724138,0.3333333333333333,0.3333333333333333,,0.2206896551724138,0.46875,0.4838709677419355,0.9333333333333333,0.20689655172413793,0.3333333333333333,0.3333333333333333,0.9,0.4666666666666667,0.42857142857142855,0.8888888888888888,0.23809523809523808,0.6827586206896552,0.3333333333333333,0.5432111940298507,0.5452800000000001,0.52907,0.13333333333333333,6.325301204819277,24.255000000000003,0.1924731182795699,21.0,1.0,2.0,3.0,,3.0,5.0,3.0,22.0,1.0,56.0,6.0,1.0,9.0,2.0,6.0,,3.0,,1.0,5.0,1.0,3.0,,10.0,,,4.0,0.6,0.16666666666666666,0.6333333333333333,0.6111111111111112,0.016129032258064516,0.08108108108108109,,0.5675675675675675,0.6176470588235294,0.42857142857142855,0.13333333333333333,0.5,1.0,0.2,,0.0718954248366013,0.1111111111111111,0.11282051282051282,4.0,1.0,1.0,2.0,5.0,10.0,10.0,,,1.0,0.5,0.043668122270742356,,0.029239766081871343,0.08620689655172414,0.5714285714285714,,0.6666666666666666,1.0,0.047619047619047616,1.0,0.015873015873015872,,1.0,,,,,,,False,,,0.03125,,,,,
1630700,1610612737,Dyson Daniels,Dyson Daniels,1630700,ATL,118255.0,1971,-27.0,4199,4219,852.0,924,518.0,8418,158.0,243.0,52.0,33.0,53.0,268.0,3.0,11.0,20.0,45.0,46.0,135.0,25.0,282.0,522.0,66.0,180.0,66.0,828,4907,73.0,50.0,93.0,32.0,17.0,150.0,292.0,186.0,6.0,129.0,46.0,35.0,159.0,101.0,260.0,57.0,91.0,62.0,621.0,51.0,114.0,113.0,16.0,243.0,87.0,330.0,17.0,177.0,75.0,73.0,15.0,51.0,40.0,113.0,19.0,69.0,136.0,1.0,102.0,6.0,108.0,5.0,40.0,21.0,17.0,44.0,20.0,148.0,829.0,4.0,0.5177304964539007,0.5637065637065637,0.9393939393939394,0.36666666666666664,0.3793103448275862,0.5402298850574713,0.5376344086021505,0.5427350427350427,0.532,0.5512649800266312,0.5555555555555556,0.2564102564102564,0.06704980842911877,0.07818930041152264,17.99250312369846,0.6460176991150443,0.19047619047619047,0.12295973884657237,0.049132947976878616,0.1254125412541254,0.12417943107221006,0.04381846635367762,0.05172413793103448,0.045207956600361664,0.10160427807486631,0.12935323383084577,0.16083916083916083,0.12134502923976608,0.13777777777777778,0.05555555555555555,0.45454545454545453,0.34615384615384615,0.6502057613168725,0.7053571428571429,0.46835443037974683,0.3817663817663818,0.01566951566951567,0.2727272727272727,0.2727272727272727,0.6666666666666666,0.0641025641025641,0.4444444444444444,0.45454545454545453,1.0,0.19230769230769232,0.34074074074074073,0.3458646616541353,0.9130434782608695,0.5842696629213483,0.424,0.6226415094339622,0.2,0.6025641025641025,0.35658914728682173,0.5575697657393851,0.5695910714285713,0.5579224576271187,0.18115942028985507,5.0890804597701145,26.359444444444442,0.20290545367944748,121.0,,1.0,15.0,6.0,4.0,16.0,6.0,100.0,11.0,272.0,12.0,3.0,44.0,6.0,102.0,9.0,22.0,5.0,9.0,2.0,10.0,10.0,,54.0,4.0,3.0,8.0,0.25,0.34375,0.5280898876404494,0.5319148936170213,0.016666666666666666,0.05970149253731343,0.014814814814814815,0.45149253731343286,0.4801587301587302,0.5785123966942148,0.011235955056179775,,,0.16853932584269662,0.24,0.07238605898123325,0.09540636042402827,0.12077294685990338,32.0,5.0,7.0,4.0,41.0,46.0,33.0,3.0,,,0.5616438356164384,0.03754266211604096,0.06329113924050633,0.03265940902021773,0.05084745762711865,0.6153846153846154,0.28125,0.26666666666666666,1.0,0.056,0.7142857142857143,,3.0,,3.0,0.028037383177570093,,1.0,2.0,,False,2.0,,0.022222222222222223,,,1.0,1.0,
1630249,1610612737,Vít Krejčí,Vít Krejčí,1630249,ATL,48673.0,811,-79.0,1689,1701,395.0,407,186.0,3390,20.0,28.0,8.0,5.0,7.0,23.0,2.0,4.0,13.0,28.0,46.0,118.0,19.0,33.0,55.0,59.0,146.0,23.0,266,1933,9.0,6.0,14.0,27.0,8.0,35.0,42.0,162.0,,118.0,46.0,5.0,51.0,50.0,101.0,28.0,29.0,19.0,252.0,7.0,42.0,40.0,4.0,86.0,13.0,99.0,1.0,25.0,13.0,20.0,7.0,16.0,17.0,37.0,10.0,42.0,75.0,,31.0,1.0,36.0,2.0,20.0,11.0,8.0,21.0,11.0,35.0,391.0,1.0,0.6363636363636364,0.7,0.9152542372881356,0.4041095890410959,0.4041095890410959,0.6,0.42857142857142855,0.6044776119402985,0.32926829268292684,0.6100917431192661,0.3804347826086957,0.7263681592039801,0.09090909090909091,0.10714285714285714,13.396624472573839,0.5405405405405406,0.11764705882352941,0.10335917312661498,0.019178082191780823,0.1111111111111111,0.10718954248366012,0.016666666666666666,0.007633587786259542,0.030456852791878174,0.08571428571428572,0.11475409836065574,0.109375,0.11808118081180811,0.09345794392523364,0.009900990099009901,0.5238095238095238,0.13930348258706468,0.7142857142857143,0.8,0.7,0.11442786069651742,0.01990049751243781,0.5,0.5,0.5,0.13930348258706468,0.4642857142857143,0.4642857142857143,1.0,0.5870646766169154,0.3898305084745763,0.3898305084745763,0.8913043478260869,0.38095238095238093,0.17073170731707318,0.7142857142857143,0.4634146341463415,0.8656716417910447,0.3898305084745763,0.5603399497487438,0.6536,0.5523487804878049,0.13157894736842105,4.943636363636363,25.660273972602752,0.23386619301361752,11.0,,1.0,11.0,4.0,6.0,12.0,2.0,34.0,5.0,24.0,15.0,,22.0,3.0,12.0,6.0,4.0,1.0,1.0,2.0,3.0,,,13.0,1.0,1.0,3.0,0.5,0.18518518518518517,0.7619047619047619,0.7391304347826086,,0.08695652173913043,,0.4782608695652174,0.5238095238095238,0.5454545454545454,0.047619047619047616,,,0.5238095238095238,0.21052631578947367,0.07407407407407407,0.19117647058823528,0.12781954887218044,7.0,1.0,8.0,6.0,7.0,6.0,6.0,1.0,1.0,3.0,0.7777777777777778,0.014457831325301205,,0.015337423312883436,0.011235955056179775,0.875,0.5714285714285714,0.5454545454545454,1.0,0.1951219512195122,0.125,0.02027027027027027,,,,,1.0,,1.0,,False,1.0,,,,,,,
1642258,1610612737,Zaccharie Risacher,Zaccharie Risacher,1642258,ATL,88163.0,1469,-123.0,3125,3131,365.0,384,374.0,6256,118.0,198.0,42.0,14.0,24.0,116.0,8.0,18.0,54.0,117.0,43.0,152.0,16.0,175.0,332.0,97.0,269.0,83.0,724,3699,53.0,21.0,39.0,31.0,9.0,81.0,262.0,282.0,,152.0,43.0,37.0,34.0,39.0,73.0,24.0,17.0,17.0,185.0,41.0,69.0,73.0,6.0,148.0,74.0,222.0,13.0,43.0,16.0,43.0,8.0,18.0,36.0,79.0,9.0,68.0,111.0,3.0,84.0,5.0,115.0,5.0,30.0,19.0,9.0,30.0,10.0,79.0,360.0,4.0,0.7485714285714286,0.8238993710691824,0.9690721649484536,0.36059479553903345,0.36059479553903345,0.5271084337349398,0.5384615384615384,0.5332778702163061,0.5142857142857142,0.5562403697996918,0.5328947368421053,0.4475873544093178,0.11144578313253012,0.11616161616161616,20.386446373564826,0.5443037974683544,0.12,0.10595065312046444,0.052496798975672214,0.10147058823529412,0.10372534696859022,0.05058905058905059,0.07260726072607261,0.04439252336448598,0.10144927536231885,0.10610932475884244,0.11764705882352941,0.10331384015594541,0.09580838323353294,0.0456140350877193,0.3333333333333333,0.32945091514143093,0.5959595959595959,0.6742857142857143,0.7711864406779662,0.1930116472545757,0.029950083194675542,0.4444444444444444,0.4444444444444444,0.75,0.194675540765391,0.46153846153846156,0.46956521739130436,1.0,0.2529118136439268,0.28289473684210525,0.2866666666666667,0.9302325581395349,0.5675675675675675,0.34285714285714286,0.5833333333333334,0.22857142857142856,0.7770382695507487,0.28289473684210525,0.5834720136518773,0.5845659999999999,0.5761919117647059,0.11187845303867404,4.550301204819278,24.70373134328358,0.1168,49.0,5.0,9.0,12.0,4.0,9.0,21.0,9.0,92.0,10.0,88.0,9.0,4.0,15.0,,27.0,7.0,25.0,8.0,8.0,4.0,8.0,12.0,2.0,52.0,,,4.0,0.42857142857142855,0.3225806451612903,0.5608108108108109,0.5822784810126582,0.01486988847583643,0.1206896551724138,0.013157894736842105,0.4224137931034483,0.4803921568627451,0.6938775510204082,0.12162162162162163,0.5555555555555556,1.0,0.16216216216216217,0.25,0.08540372670807453,0.13978494623655913,0.1270718232044199,23.0,6.0,15.0,4.0,28.0,32.0,32.0,5.0,,3.0,0.5283018867924528,0.04833836858006042,,0.053388090349075976,0.03428571428571429,0.5476190476190477,0.30434782608695654,0.3333333333333333,1.0,0.21428571428571427,0.4,0.011029411764705883,2.0,1.0,1.0,0.013888888888888888,,,2.0,1.0,False,,,0.017094017094017096,,1.0,,2.0,
1631243,1610612737,Mouhamed Gueye,Mouhamed Gueye,1631243,ATL,22786.0,380,23.0,794,795,65.0,89,92.0,1589,27.0,40.0,10.0,2.0,2.0,21.0,1.0,2.0,9.0,39.0,6.0,26.0,3.0,37.0,63.0,15.0,65.0,20.0,139,863,12.0,2.0,4.0,4.0,,4.0,60.0,45.0,,26.0,6.0,7.0,12.0,7.0,19.0,4.0,6.0,6.0,45.0,8.0,33.0,22.0,2.0,57.0,20.0,77.0,1.0,21.0,11.0,4.0,1.0,2.0,6.0,10.0,1.0,22.0,38.0,,15.0,2.0,25.0,,23.0,15.0,8.0,25.0,18.0,4.0,63.0,,0.8108108108108109,0.8823529411764706,1.0,0.23076923076923078,0.23076923076923078,0.5873015873015873,0.5,0.46484375,0.25,0.5,0.25,0.5078125,0.1111111111111111,0.1,16.57397107897664,0.4,0.125,0.12359550561797752,0.041884816753926704,0.1853932584269663,0.1544943820224719,0.05026455026455026,0.0684931506849315,0.029411764705882353,0.06349206349206349,0.12359550561797752,0.2692307692307692,0.1791044776119403,0.20454545454545456,0.014492753623188406,0.72,0.3125,0.675,0.75,0.7777777777777778,0.1640625,0.015625,0.5,0.5,1.0,0.3046875,0.23076923076923078,0.23076923076923078,1.0,0.203125,0.23076923076923078,0.23076923076923078,1.0,0.625,0.25,1.0,0.375,0.8203125,0.23076923076923078,0.5969508,0.6441615384615385,0.5400499999999999,0.02877697841726619,3.7682539682539677,24.143750000000008,0.0818639798488665,9.0,,3.0,1.0,,1.0,4.0,9.0,26.0,,14.0,,,3.0,,10.0,3.0,2.0,1.0,2.0,4.0,,1.0,,12.0,2.0,2.0,1.0,0.25,,0.53125,0.6190476190476191,,0.14285714285714285,,0.42857142857142855,0.5,0.8888888888888888,0.1875,,,0.0625,,0.08633093525179857,0.16216216216216217,0.18705035971223022,7.0,,1.0,1.0,7.0,6.0,11.0,1.0,,,0.5833333333333334,0.058823529411764705,,0.07086614173228346,0.03333333333333333,0.7,0.5714285714285714,1.0,1.0,0.125,,,,4.0,1.0,0.0625,,,,,False,,,,,,,,
1629631,1610612737,De'Andre Hunter,De'Andre Hunter,1629631,ATL,42133.0,702,-7.0,1525,1531,623.0,553,175.0,3056,37.0,58.0,7.0,15.0,22.0,73.0,14.0,29.0,20.0,51.0,44.0,109.0,36.0,83.0,160.0,64.0,160.0,106.0,464,1781,15.0,32.0,58.0,56.0,60.0,187.0,114.0,177.0,,109.0,44.0,17.0,20.0,15.0,35.0,12.0,14.0,6.0,85.0,8.0,47.0,31.0,3.0,81.0,20.0,101.0,1.0,21.0,5.0,21.0,6.0,7.0,16.0,37.0,11.0,30.0,57.0,1.0,106.0,5.0,125.0,21.0,2.0,,2.0,4.0,2.0,185.0,612.0,20.0,0.6867469879518072,0.7037037037037037,0.921875,0.4,0.4,0.51875,0.5517241379310345,0.559375,0.5570175438596491,0.6140583554376657,0.6241610738255033,0.5,0.10625,0.15517241379310345,24.11182294700058,0.5675675675675675,0.08333333333333333,0.09451219512195122,0.025396825396825397,0.13988095238095238,0.11746987951807229,0.0289193302891933,0.045871559633027525,0.011904761904761904,0.06993006993006994,0.0948905109489051,0.16666666666666666,0.14522821576763487,0.12631578947368421,0.006535947712418301,0.5,0.18125,0.6379310344827587,0.7551020408163265,0.7837837837837838,0.228125,0.090625,0.4827586206896552,0.4827586206896552,0.5714285714285714,0.159375,0.39215686274509803,0.4,1.0,0.340625,0.4036697247706422,0.4036697247706422,0.8863636363636364,0.25925925925925924,0.19298245614035087,0.6818181818181818,0.3157894736842105,0.68125,0.4036697247706422,0.5402676562499998,0.5192176470588236,0.5378157894736841,0.40301724137931033,7.625,24.9525,0.40852459016393444,32.0,1.0,4.0,8.0,13.0,5.0,12.0,9.0,36.0,21.0,52.0,15.0,1.0,3.0,,16.0,4.0,14.0,1.0,4.0,4.0,6.0,7.0,1.0,41.0,2.0,1.0,8.0,0.4166666666666667,0.375,0.5,0.5625,0.00625,0.1095890410958904,,0.4383561643835616,0.49230769230769234,0.625,0.14814814814814814,0.25,1.0,0.2962962962962963,0.3611111111111111,0.12359550561797752,0.211340206185567,0.07758620689655173,2.0,8.0,20.0,4.0,6.0,4.0,11.0,3.0,1.0,3.0,0.4,0.03216374269005848,0.02631578947368421,0.031746031746031744,0.03333333333333333,0.2857142857142857,0.5,0.5,1.0,0.17543859649122806,0.4,0.018518518518518517,1.0,,1.0,0.022727272727272728,,1.0,,,False,,,0.0196078431372549,,,,,
1629726,1610612737,Garrison Mathews,Garrison Mathews,1629726,ATL,41123.0,685,-68.0,1465,1455,423.0,430,166.0,2920,6.0,11.0,1.0,2.0,2.0,15.0,1.0,5.0,36.0,61.0,39.0,122.0,28.0,13.0,31.0,75.0,183.0,58.0,309,1699,2.0,2.0,4.0,41.0,22.0,83.0,22.0,219.0,,122.0,39.0,2.0,39.0,14.0,53.0,9.0,23.0,16.0,120.0,1.0,32.0,20.0,3.0,55.0,11.0,66.0,3.0,22.0,7.0,13.0,3.0,10.0,13.0,26.0,9.0,33.0,69.0,2.0,57.0,1.0,70.0,4.0,8.0,6.0,2.0,13.0,5.0,83.0,421.0,3.0,0.8461538461538461,0.8461538461538461,0.9733333333333334,0.4098360655737705,0.4098360655737705,0.41935483870967744,0.5,0.5864485981308412,0.6777777777777778,0.6363636363636364,0.7545454545454545,0.8551401869158879,0.06451612903225806,0.09090909090909091,16.221142162818953,0.5,0.1,0.05865102639296188,0.003289473684210526,0.0963855421686747,0.07726597325408618,0.016467065868263474,,0.006578947368421052,0.05673758865248227,0.050314465408805034,0.0975609756097561,0.09090909090909091,0.11392405063291139,0.024793388429752067,0.38461538461538464,0.0514018691588785,0.5454545454545454,0.6,0.6666666666666666,0.07009345794392523,0.02336448598130841,0.2,0.2,1.0,0.2850467289719626,0.5901639344262295,0.5901639344262295,1.0,0.5700934579439252,0.319672131147541,0.32231404958677684,0.9487179487179487,0.07692307692307693,0.044444444444444446,1.0,0.6222222222222222,0.9065420560747663,0.319672131147541,0.5554018957345969,0.5628299999999999,0.5528866666666666,0.2686084142394822,7.096774193548386,24.966120218579235,0.2887372013651877,6.0,1.0,4.0,7.0,8.0,2.0,11.0,4.0,12.0,19.0,4.0,6.0,1.0,5.0,,15.0,2.0,3.0,2.0,1.0,2.0,5.0,3.0,3.0,20.0,5.0,4.0,11.0,0.18181818181818182,0.4634146341463415,0.3076923076923077,0.4,0.00546448087431694,0.06666666666666667,0.00819672131147541,0.4,0.42857142857142855,1.0,0.3076923076923077,0.25,1.0,0.5384615384615384,0.2857142857142857,0.11814345991561181,0.4166666666666667,0.038834951456310676,,11.0,13.0,1.0,1.0,,10.0,4.0,2.0,9.0,0.5,0.027472527472527472,,0.028985507246376812,0.022727272727272728,,,0.14285714285714285,,0.28888888888888886,0.8461538461538461,0.042328042328042326,,,,,7.0,1.0,,,False,,,,,,,,
1630552,1610612737,Jalen Johnson,Jalen Johnson,1630552,ATL,61310.0,1022,80.0,2212,2205,559.0,472,267.0,4417,132.0,174.0,38.0,36.0,45.0,130.0,6.0,14.0,13.0,37.0,26.0,80.0,15.0,189.0,318.0,39.0,117.0,73.0,568,2517,47.0,51.0,77.0,28.0,17.0,146.0,238.0,111.0,,80.0,26.0,29.0,90.0,49.0,139.0,23.0,59.0,29.0,327.0,29.0,100.0,99.0,15.0,214.0,52.0,266.0,10.0,46.0,11.0,46.0,10.0,36.0,36.0,82.0,19.0,31.0,60.0,7.0,76.0,5.0,95.0,6.0,27.0,19.0,8.0,30.0,17.0,143.0,544.0,5.0,0.6296296296296297,0.7083333333333334,0.9487179487179487,0.3333333333333333,0.3333333333333333,0.5943396226415094,0.6623376623376623,0.5689655172413793,0.6142857142857143,0.5978947368421053,0.6293103448275862,0.2689655172413793,0.09119496855345911,0.05747126436781609,22.02451561882167,0.5609756097560976,0.36585365853658536,0.198,0.05576923076923077,0.199203187250996,0.19860279441117765,0.0529595015576324,0.05188679245283019,0.06343283582089553,0.1834862385321101,0.2,0.2361111111111111,0.21390374331550802,0.15625,0.057803468208092484,0.5666666666666667,0.4,0.7586206896551724,0.8048780487804879,0.6515151515151515,0.2988505747126437,0.03218390804597701,0.42857142857142855,0.42857142857142855,0.6666666666666666,0.08505747126436781,0.35135135135135137,0.3611111111111111,1.0,0.1839080459770115,0.325,0.325,0.9230769230769231,0.6333333333333333,0.42857142857142855,0.8,0.14285714285714285,0.6689655172413793,0.325,0.5774835632183911,0.5944554054054054,0.5910871428571429,0.25704225352112675,4.761949685534591,24.947008547008544,0.2527124773960217,51.0,2.0,6.0,7.0,5.0,5.0,13.0,4.0,77.0,9.0,140.0,6.0,1.0,26.0,2.0,35.0,3.0,10.0,13.0,4.0,1.0,4.0,14.0,1.0,48.0,3.0,1.0,2.0,0.38461538461538464,0.32142857142857145,0.6083333333333333,0.6111111111111112,0.008547008547008548,0.14615384615384616,,0.3923076923076923,0.4594594594594595,0.5686274509803921,0.1,0.3333333333333333,1.0,0.11666666666666667,0.3333333333333333,0.1023454157782516,0.13636363636363635,0.13556338028169015,27.0,4.0,13.0,3.0,29.0,42.0,22.0,,,,0.6170212765957447,0.04966139954853273,0.025,0.05846153846153846,0.025423728813559324,0.7105263157894737,0.18518518518518517,0.42857142857142855,1.0,0.12380952380952381,0.3076923076923077,,3.0,,1.0,0.015384615384615385,,2.0,,,False,3.0,,0.02702702702702703,,,,,
1630811,1610612737,Keaton Wallace,Keaton Wallace,1630811,ATL,25823.0,430,-28.0,891,903,180.0,224,98.0,1794,8.0,14.0,,2.0,2.0,33.0,3.0,14.0,4.0,9.0,21.0,60.0,10.0,29.0,61.0,25.0,69.0,9.0,142,1006,1.0,3.0,10.0,10.0,2.0,23.0,18.0,60.0,1.0,59.0,21.0,2.0,26.0,35.0,61.0,27.0,9.0,16.0,157.0,4.0,14.0,14.0,1.0,29.0,6.0,35.0,3.0,21.0,11.0,17.0,6.0,13.0,10.0,27.0,6.0,22.0,34.0,,11.0,1.0,9.0,1.0,8.0,5.0,3.0,8.0,5.0,23.0,179.0,1.0,0.3103448275862069,0.3103448275862069,0.8,0.36231884057971014,0.36764705882352944,0.47540983606557374,0.3,0.5115384615384615,0.525,0.5298507462686567,0.5476190476190477,0.5307692307692308,0.03278688524590164,,16.0518444666002,0.6296296296296297,0.0625,0.06930693069306931,0.020512820512820513,0.06086956521739131,0.06481481481481481,0.014669926650366748,,0.0297029702970297,0.04878048780487805,0.10309278350515463,,0.06179775280898876,0.057692307692307696,0.04285714285714286,0.625,0.1076923076923077,0.5714285714285714,0.5714285714285714,0.375,0.25384615384615383,0.1076923076923077,0.21428571428571427,0.21428571428571427,,0.06923076923076923,0.4444444444444444,0.4444444444444444,1.0,0.46153846153846156,0.35,0.35,0.7619047619047619,,0.1,1.0,0.5,0.6384615384615384,0.3559322033898305,0.5129782945736433,0.5450571428571429,0.4628315789473685,0.1619718309859155,9.170491803278688,26.102898550724635,0.20202020202020202,18.0,,1.0,10.0,5.0,4.0,11.0,,12.0,5.0,40.0,15.0,,8.0,1.0,10.0,2.0,4.0,,1.0,1.0,2.0,1.0,,4.0,,,3.0,0.36363636363636365,0.5,0.5,0.5,,0.06060606060606061,,0.5454545454545454,0.5806451612903226,0.3333333333333333,0.08333333333333333,,,0.8333333333333334,0.5,0.03007518796992481,0.0625,0.08450704225352113,,,,4.0,,,2.0,1.0,,,,0.009345794392523364,0.041666666666666664,0.012195121951219513,,,,0.4,0.5,,,,,,,,,,,,False,,,,,,,,
1630168,1610612737,Onyeka Okongwu,Onyeka Okongwu,1630168,ATL,83976.0,1400,71.0,2996,2990,770.0,811,349.0,5986,168.0,236.0,72.0,34.0,45.0,116.0,,3.0,19.0,54.0,15.0,42.0,7.0,230.0,355.0,34.0,96.0,110.0,672,3472,85.0,45.0,67.0,23.0,47.0,146.0,348.0,102.0,,42.0,15.0,33.0,75.0,44.0,119.0,28.0,46.0,28.0,282.0,99.0,130.0,148.0,15.0,293.0,147.0,440.0,10.0,51.0,20.0,34.0,4.0,19.0,26.0,60.0,18.0,81.0,136.0,11.0,115.0,10.0,147.0,14.0,47.0,25.0,21.0,48.0,30.0,138.0,750.0,10.0,0.7565217391304347,0.9206349206349206,1.0,0.3541666666666667,0.3541666666666667,0.647887323943662,0.6716417910447762,0.623059866962306,0.55,0.6511627906976745,0.6239316239316239,0.21286031042128603,0.09295774647887324,0.08898305084745763,16.966126656848306,0.5666666666666667,0.22058823529411764,0.22945736434108527,0.14954682779456194,0.20408163265306123,0.21684867394695787,0.11094108645753634,0.1449814126394052,0.15088757396449703,0.2222222222222222,0.25796178343949044,0.14772727272727273,0.19308943089430894,0.2413793103448276,0.06711409395973154,0.625,0.5232815964523282,0.711864406779661,0.7813953488372093,0.7202380952380952,0.2572062084257206,0.0066518847006651885,,,,0.1197339246119734,0.35185185185185186,0.35185185185185186,1.0,0.09312638580931264,0.35714285714285715,0.35714285714285715,1.0,0.7578947368421053,0.5,0.7555555555555555,0.07777777777777778,0.7361419068736141,0.35714285714285715,0.5870050228310502,0.5781686666666667,0.5860294444444445,0.21726190476190477,3.4752112676056335,24.394736842105264,0.2570093457943925,62.0,2.0,5.0,5.0,2.0,3.0,10.0,20.0,125.0,3.0,112.0,,,16.0,1.0,31.0,2.0,15.0,3.0,11.0,17.0,,17.0,,68.0,1.0,,12.0,0.3,0.13043478260869565,0.5526315789473685,0.5841121495327103,,0.10344827586206896,,0.5344827586206896,0.5961538461538461,0.8548387096774194,0.05263157894736842,0.4,1.0,0.05263157894736842,0.2857142857142857,0.13545816733067728,0.16748768472906403,0.18601190476190477,43.0,1.0,16.0,1.0,48.0,82.0,46.0,1.0,,,0.5647058823529412,0.07131782945736434,0.16363636363636364,0.05894736842105263,0.10588235294117647,0.5972222222222222,0.06976744186046512,0.2,1.0,0.17777777777777778,0.0625,,2.0,,2.0,0.02702702702702703,,1.0,1.0,,False,,,,,,,2.0,
1631230,1610612737,Dominick Barlow,Dominick Barlow,1631230,ATL,15036.0,251,-37.0,532,536,154.0,171,65.0,1068,23.0,35.0,12.0,3.0,4.0,21.0,1.0,5.0,4.0,15.0,2.0,6.0,1.0,34.0,61.0,6.0,21.0,13.0,99,623,15.0,3.0,8.0,9.0,6.0,21.0,50.0,18.0,,6.0,2.0,6.0,6.0,5.0,11.0,3.0,3.0,3.0,27.0,14.0,15.0,19.0,1.0,35.0,24.0,59.0,3.0,5.0,2.0,1.0,1.0,,2.0,3.0,1.0,21.0,28.0,1.0,21.0,4.0,20.0,2.0,13.0,7.0,6.0,14.0,7.0,21.0,154.0,2.0,0.7352941176470589,0.9259259259259259,1.0,0.2857142857142857,0.2857142857142857,0.5573770491803278,0.375,0.524390243902439,0.4411764705882353,0.5561797752808989,0.5,0.25609756097560976,0.09836065573770492,0.11428571428571428,15.131578947368421,0.3333333333333333,0.1111111111111111,0.1623931623931624,0.1111111111111111,0.14150943396226415,0.15246636771300448,0.09375,0.1111111111111111,0.125,0.18181818181818182,0.16363636363636364,0.1111111111111111,0.14084507042253522,0.14285714285714285,0.08333333333333333,0.5,0.4268292682926829,0.6571428571428571,0.7419354838709677,0.6956521739130435,0.25609756097560976,0.06097560975609756,0.2,0.2,1.0,0.18292682926829268,0.26666666666666666,0.26666666666666666,1.0,0.07317073170731707,0.3333333333333333,0.3333333333333333,1.0,0.6666666666666666,0.23529411764705882,0.75,0.058823529411764705,0.6829268292682927,0.3333333333333333,0.5667278481012659,0.5964178571428572,0.5517000000000001,0.21212121212121213,4.998360655737705,23.77,0.2894736842105263,10.0,,1.0,2.0,,2.0,3.0,3.0,25.0,3.0,18.0,,,2.0,,3.0,,1.0,,,,2.0,6.0,,11.0,1.0,,,0.6666666666666666,0.3333333333333333,0.6111111111111112,0.6578947368421053,,0.09523809523809523,,0.47619047619047616,0.5263157894736842,0.8,0.05555555555555555,,,0.1111111111111111,,0.12643678160919541,0.16666666666666666,0.25252525252525254,6.0,3.0,8.0,2.0,8.0,14.0,10.0,,,,0.5333333333333333,0.07692307692307693,0.058823529411764705,0.09375,0.029411764705882353,0.5,,1.0,1.0,0.47058823529411764,0.375,,,1.0,,,,1.0,,,False,1.0,,,,,,,
203991,1610612737,Clint Capela,Clint Capela,203991,ATL,60388.0,1006,-68.0,2144,2153,314.0,337,293.0,4297,152.0,235.0,80.0,19.0,32.0,98.0,,1.0,,,,1.0,,188.0,334.0,,1.0,44.0,420,2496,99.0,26.0,50.0,,12.0,64.0,296.0,,,1.0,,33.0,34.0,18.0,52.0,10.0,20.0,10.0,122.0,98.0,101.0,137.0,19.0,257.0,144.0,401.0,14.0,28.0,8.0,18.0,3.0,11.0,21.0,39.0,2.0,50.0,87.0,8.0,77.0,7.0,84.0,5.0,38.0,27.0,11.0,38.0,27.0,64.0,311.0,5.0,0.7872340425531915,0.961038961038961,,,,0.562874251497006,0.52,0.5611940298507463,0.52,0.5630026809651475,0.5245901639344263,0.0029850746268656717,0.09880239520958084,0.08936170212765958,16.6062071745264,0.46153846153846156,0.5135135135135135,0.2745490981963928,0.17223198594024605,0.20321931589537223,0.2389558232931727,0.13880742913000976,0.2237442922374429,0.15081967213114755,0.23394495412844038,0.29411764705882354,0.33766233766233766,0.2122905027932961,0.17985611510791366,0.12389380530973451,0.7105263157894737,0.7014925373134329,0.6468085106382979,0.7102803738317757,0.75,0.29253731343283584,0.0029850746268656717,,,,,,,,0.0029850746268656717,,,,0.8080808080808081,0.64,0.59375,,0.7044776119402985,,0.6125537313432836,0.57809125,0.619202,0.1523809523809524,3.029940119760479,26.3,0.146455223880597,36.0,,,,,,,11.0,99.0,,80.0,,,8.0,4.0,20.0,1.0,7.0,6.0,7.0,17.0,1.0,8.0,,41.0,,,5.0,,,0.4444444444444444,0.4541284403669725,,0.12244897959183673,,0.3673469387755102,0.4186046511627907,0.9444444444444444,,,,,,0.11141304347826086,0.11171662125340599,0.2357142857142857,41.0,,,,44.0,68.0,44.0,1.0,,,0.4444444444444444,0.09691629955947137,0.06666666666666667,0.09620991253644315,0.0990990990990991,0.5125,0.12195121951219512,,,,,,1.0,2.0,2.0,0.03333333333333333,9.0,,,,False,,,,,,,1.0,
1631223,1610612737,David Roddy,David Roddy,1631223,ATL,18695.0,312,-63.0,662,669,147.0,142,56.0,1331,15.0,23.0,2.0,3.0,5.0,21.0,,1.0,5.0,10.0,7.0,27.0,8.0,27.0,45.0,12.0,37.0,14.0,104,778,4.0,3.0,7.0,10.0,9.0,21.0,48.0,30.0,,27.0,7.0,6.0,15.0,11.0,26.0,8.0,9.0,4.0,63.0,7.0,29.0,19.0,4.0,52.0,11.0,63.0,3.0,11.0,6.0,14.0,2.0,8.0,5.0,19.0,4.0,11.0,14.0,1.0,14.0,1.0,16.0,2.0,7.0,3.0,3.0,7.0,5.0,21.0,147.0,2.0,0.8888888888888888,0.8888888888888888,0.8333333333333334,0.32432432432432434,0.32432432432432434,0.6,0.42857142857142855,0.5487804878048781,0.35294117647058826,0.5842696629213483,0.5,0.45121951219512196,0.13333333333333333,0.043478260869565216,14.917127071823204,0.7368421052631579,0.2857142857142857,0.13286713286713286,0.050359712230215826,0.19078947368421054,0.16271186440677965,0.03496503496503497,0.07692307692307693,0.041666666666666664,0.11475409836065574,0.15,0.13636363636363635,0.23770491803278687,,0.08823529411764706,0.7142857142857143,0.2804878048780488,0.6521739130434783,0.6818181818181818,0.8666666666666667,0.25609756097560976,0.012195121951219513,,,,0.12195121951219512,0.5,0.5555555555555556,0.8,0.32926829268292684,0.25925925925925924,0.25925925925925924,0.8571428571428571,0.4,0.29411764705882354,0.6,0.47058823529411764,0.7317073170731707,0.25925925925925924,0.5561781250000001,0.4801666666666667,0.5488781249999999,0.20192307692307693,4.451111111111111,25.72432432432432,0.22205438066465258,12.0,,,1.0,,,1.0,,4.0,2.0,6.0,6.0,1.0,3.0,2.0,5.0,1.0,6.0,1.0,2.0,,1.0,2.0,,7.0,,,,,0.2,0.4,0.4,0.02702702702702703,0.23809523809523808,,0.5714285714285714,0.75,0.9166666666666666,,,,0.2,,0.08045977011494253,0.14,0.038461538461538464,1.0,2.0,2.0,,2.0,,3.0,,,,0.5,0.02040816326530612,,0.02608695652173913,,0.5,1.0,,,0.11764705882352941,1.0,,,,1.0,0.08333333333333333,,,1.0,,False,,,0.1,,,,,
1631342,1610612737,Daeqwon Plowden,Daeqwon Plowden,1631342,ATL,1096.0,18,14.0,40,38,4.0,13,3.0,78,1.0,1.0,,,,,,,1.0,2.0,2.0,2.0,,1.0,1.0,3.0,4.0,2.0,13,23,,,,,,,2.0,9.0,,2.0,2.0,,,,,,,,,,,1.0,,1.0,1.0,2.0,,,,,,,,,,1.0,3.0,,1.0,,2.0,,,,,,,,4.0,,1.0,1.0,1.0,0.75,0.75,1.0,,1.1,,1.0833333333333333,,0.8,,,13.953488372093023,,,0.08333333333333333,,,0.05263157894736842,0.05555555555555555,,,,,0.5,,,,,0.2,1.0,1.0,1.0,,,,,,0.4,0.5,0.5,1.0,0.4,1.0,1.0,1.0,,,,,1.0,1.0,0.5788500000000001,,,,2.5,24.375,0.1,,1.0,1.0,,,1.0,1.0,,3.0,,,,,,,,,,,,,,,,1.0,,,,1.0,,1.5,1.5,,,,,,,1.0,1.0,1.0,,,0.16666666666666666,0.5,0.23076923076923078,,,,,,,1.0,,,,,0.1111111111111111,,0.14285714285714285,,,,,,,,,,,,,,,,,False,,,,,,,,
1641723,1610612737,Kobe Bufkin,Kobe Bufkin,1641723,ATL,1587.0,26,-6.0,56,58,20.0,18,7.0,114,2.0,5.0,,1.0,1.0,3.0,,,,,,5.0,2.0,5.0,8.0,,5.0,3.0,13,57,1.0,2.0,2.0,2.0,,4.0,2.0,,,5.0,,2.0,4.0,,4.0,,4.0,,8.0,,2.0,2.0,1.0,5.0,,5.0,,1.0,1.0,1.0,,1.0,1.0,2.0,2.0,1.0,1.0,,3.0,,4.0,,,,,,,4.0,20.0,,0.2,0.2,,,,0.625,1.0,0.38461538461538464,0.5,0.43333333333333335,0.5,0.38461538461538464,0.25,0.4,26.984126984126984,0.5,0.3333333333333333,0.1111111111111111,,0.2222222222222222,0.14814814814814814,,,,,0.3333333333333333,,0.2,0.25,,,0.38461538461538464,0.4,0.6666666666666666,0.5,0.23076923076923078,,,,,,,,,0.38461538461538464,,,,,0.25,1.0,0.5,0.7692307692307693,,0.5590461538461539,0.4384,0.4687625,0.3076923076923077,3.8624999999999994,26.24,0.35714285714285715,3.0,,,,,,,,2.0,,8.0,,,,,,,,1.0,,,,,,2.0,,,,,,1.0,1.0,,,,1.0,1.0,,,,,,,0.13333333333333333,0.2,0.15384615384615385,,,,,1.0,,,,,,1.0,,,,,,,,,,,,,,,,,,,,False,,,,,,,,
1626181,1610612746,Norman Powell,Norman Powell,1626181,LAC,2899.0,48,6.0,102,98,10.0,16,9.0,200,5.0,9.0,,,,10.0,,,,,4.0,8.0,,8.0,19.0,4.0,8.0,8.0,36,99,,,1.0,,2.0,2.0,8.0,12.0,,8.0,4.0,2.0,1.0,1.0,2.0,1.0,1.0,,5.0,,,3.0,,3.0,,3.0,,2.0,1.0,2.0,,,1.0,3.0,,2.0,4.0,,8.0,,11.0,1.0,,,,,,2.0,10.0,1.0,0.5,0.5,1.0,0.5,0.5,0.42105263157894735,,0.5185185185185185,,0.5625,0.3333333333333333,0.2962962962962963,0.10526315789473684,0.2222222222222222,31.249999999999996,0.6666666666666666,,0.13636363636363635,,,0.06818181818181818,,,,,0.17647058823529413,,,,,,0.3333333333333333,0.5555555555555556,0.7142857142857143,0.6,0.37037037037037035,,,,,,,,,0.2962962962962963,0.5,0.5,1.0,,,,,0.6296296296296297,0.5,0.5127703703703704,0.59985,0.4319,0.05555555555555555,5.652631578947369,26.0,0.09803921568627451,3.0,,,1.0,,1.0,1.0,,3.0,,8.0,,,,,1.0,,2.0,1.0,,,2.0,,,3.0,,,1.0,1.0,,1.5,1.5,,,,0.3,0.3,0.3333333333333333,,,,1.0,,0.12903225806451613,0.13636363636363635,0.08333333333333333,,,,1.0,,,,,,1.0,,,,,,,,1.0,1.0,,,0.1111111111111111,,,,,,,,,True,,,,,,,,
1627732,1610612746,Ben Simmons,Ben Simmons,1627732,LAC,10512.0,175,28.0,355,353,86.0,92,34.0,708,10.0,21.0,9.0,3.0,5.0,20.0,,,,,,,,19.0,41.0,,,6.0,44,408,9.0,6.0,10.0,,,12.0,26.0,,,,,2.0,19.0,17.0,36.0,14.0,11.0,6.0,89.0,9.0,15.0,10.0,7.0,32.0,12.0,44.0,3.0,9.0,3.0,4.0,2.0,3.0,2.0,6.0,4.0,10.0,16.0,,9.0,2.0,7.0,,4.0,2.0,2.0,4.0,3.0,12.0,86.0,,0.6842105263157895,0.7222222222222222,,,,0.4634146341463415,0.6,0.4634146341463415,0.6,0.5,0.6,,0.04878048780487805,0.047619047619047616,12.626262626262626,0.6666666666666666,0.7777777777777778,0.136986301369863,0.10465116279069768,0.189873417721519,0.16447368421052633,0.06707317073170732,0.0967741935483871,0.13636363636363635,0.15,0.10256410256410256,0.21428571428571427,0.22033898305084745,0.1,0.15,0.75,0.5121951219512195,0.47619047619047616,0.5,0.7,0.4878048780487805,,,,,,,,,,,,,1.0,0.5,0.6,,0.5121951219512195,,0.5129439024390243,0.5164,0.48299999999999993,0.2727272727272727,4.629268292682927,,0.24225352112676057,9.0,,,,,,,,4.0,,12.0,,,3.0,2.0,6.0,,1.0,,,,1.0,1.0,,4.0,,,,,,0.2222222222222222,0.2222222222222222,,0.05,,0.45,0.47368421052631576,0.6666666666666666,,,,,,0.09090909090909091,0.09090909090909091,0.09090909090909091,2.0,,,,2.0,2.0,2.0,,,,0.2222222222222222,0.02564102564102564,,0.017857142857142856,0.045454545454545456,0.2222222222222222,0.5,,,,,,,,1.0,0.1111111111111111,1.0,,,,True,,,,,,,,
1627739,1610612746,Kris Dunn,Kris Dunn,1627739,LAC,10677.0,178,30.0,357,348,47.0,105,34.0,705,7.0,10.0,1.0,1.0,1.0,9.0,,,5.0,15.0,,6.0,1.0,13.0,19.0,5.0,21.0,,41,401,1.0,2.0,2.0,3.0,,4.0,20.0,15.0,,6.0,,3.0,11.0,8.0,19.0,4.0,1.0,10.0,46.0,3.0,6.0,7.0,,13.0,5.0,18.0,,17.0,8.0,4.0,,2.0,,4.0,,7.0,14.0,,,,,,4.0,2.0,1.0,4.0,2.0,4.0,47.0,,0.7692307692307693,0.7692307692307693,1.0,0.23809523809523808,0.23809523809523808,0.6842105263157895,1.0,0.5125,0.4,0.5125,0.4,0.525,0.15789473684210525,0.3,11.195928753180661,1.0,,0.08641975308641975,0.0410958904109589,0.08,0.08333333333333333,0.03225806451612903,0.043478260869565216,0.043478260869565216,0.13636363636363635,0.09090909090909091,,0.08620689655172414,0.058823529411764705,,0.5,0.25,0.7,1.0,1.0,0.225,,,,,0.375,0.3333333333333333,0.3333333333333333,1.0,0.15,,,,0.3333333333333333,0.2,1.0,0.2,0.775,,0.5541750000000001,0.51535,0.48326,0.0975609756097561,4.663157894736842,24.280952380952378,0.13165266106442577,6.0,,2.0,,,,2.0,,,,6.0,,,4.0,,9.0,,2.0,,,,,,,,,,1.0,,,,,,,,0.6666666666666666,0.6666666666666666,0.5,0.6666666666666666,,,,,,,,,,2.0,,,,2.0,,,,,0.024390243902439025,,0.01694915254237288,0.043478260869565216,,,,,0.4,,,,,,,,,1.0,,True,,,,,,,,
201935,1610612746,James Harden,James Harden,201935,LAC,20639.0,344,80.0,698,676,209.0,248,80.0,1374,13.0,25.0,3.0,5.0,11.0,37.0,3.0,10.0,3.0,7.0,38.0,100.0,34.0,31.0,72.0,41.0,107.0,79.0,264,782,5.0,10.0,26.0,35.0,32.0,88.0,8.0,39.0,1.0,99.0,38.0,8.0,48.0,21.0,69.0,12.0,27.0,19.0,159.0,7.0,19.0,22.0,9.0,50.0,10.0,60.0,2.0,14.0,6.0,25.0,7.0,19.0,12.0,37.0,12.0,8.0,22.0,3.0,57.0,,97.0,7.0,5.0,2.0,3.0,7.0,3.0,86.0,208.0,6.0,0.12903225806451613,0.12903225806451613,0.3170731707317073,0.38317757009345793,0.3867924528301887,0.4305555555555556,0.38461538461538464,0.5167597765363129,0.45901639344262296,0.5977272727272728,0.5506329113924051,0.5977653631284916,0.1111111111111111,0.2,32.61421319796954,0.6756756756756757,0.42857142857142855,0.13333333333333333,0.05185185185185185,0.12179487179487179,0.1277258566978193,0.03333333333333333,0.11904761904761904,0.012658227848101266,0.09090909090909091,0.13095238095238096,0.23076923076923078,0.1440677966101695,0.05263157894736842,0.022222222222222223,0.42857142857142855,0.13966480446927373,0.52,0.65,,0.20670391061452514,0.055865921787709494,0.3,0.3,,0.03910614525139665,0.42857142857142855,0.42857142857142855,0.3333333333333333,0.5586592178770949,0.38,0.38,0.3157894736842105,0.21428571428571427,0.18032786885245902,0.45454545454545453,0.5573770491803278,0.7374301675977654,0.3838383838383838,0.49286,0.48686874999999996,0.4856105263157895,0.3333333333333333,7.120833333333333,27.121495327102807,0.2994269340974212,15.0,,,9.0,11.0,5.0,9.0,7.0,24.0,12.0,54.0,84.0,,9.0,2.0,8.0,1.0,6.0,,1.0,1.0,1.0,2.0,2.0,27.0,2.0,,4.0,0.5555555555555556,0.34285714285714286,0.6071428571428571,0.6666666666666666,,0.08108108108108109,,0.40540540540540543,0.4411764705882353,0.26666666666666666,,,,0.6428571428571429,0.3235294117647059,0.1784037558685446,0.27835051546391754,0.09090909090909091,,1.0,1.0,5.0,1.0,,3.0,,2.0,11.0,0.2,0.01818181818181818,0.07142857142857142,0.008403361344537815,0.043478260869565216,,,0.5555555555555556,0.6,0.01639344262295082,1.0,0.09482758620689655,1.0,,,,,2.0,,,True,,,,,,,,
203992,1610612746,Bogdan Bogdanović,Bogdan Bogdanović,203992,LAC,30876.0,515,93.0,1028,1005,214.0,269,112.0,2033,12.0,22.0,5.0,1.0,1.0,53.0,6.0,14.0,7.0,18.0,33.0,80.0,18.0,50.0,89.0,40.0,98.0,17.0,237,1152,10.0,11.0,16.0,22.0,7.0,59.0,38.0,105.0,,80.0,33.0,5.0,42.0,22.0,64.0,11.0,22.0,19.0,150.0,3.0,31.0,24.0,2.0,57.0,7.0,64.0,1.0,13.0,5.0,17.0,2.0,11.0,12.0,29.0,4.0,18.0,45.0,3.0,24.0,2.0,20.0,3.0,3.0,2.0,1.0,4.0,3.0,59.0,213.0,3.0,0.38,0.40425531914893614,0.875,0.40816326530612246,0.40816326530612246,0.5617977528089888,0.6875,0.5882352941176471,0.6842105263157895,0.6045918367346939,0.7023809523809523,0.5240641711229946,0.056179775280898875,0.045454545454545456,19.48051948051948,0.5862068965517241,0.07142857142857142,0.10526315789473684,0.012345679012345678,0.12863070539419086,0.11727078891257996,0.015250544662309368,,0.014705882352941176,0.06153846153846154,0.1111111111111111,0.16216216216216217,0.13259668508287292,0.11666666666666667,0.01098901098901099,0.75,0.11764705882352941,0.5454545454545454,0.5714285714285714,0.3333333333333333,0.28342245989304815,0.0748663101604278,0.42857142857142855,0.42857142857142855,0.5,0.0962566844919786,0.3888888888888889,0.3888888888888889,1.0,0.42780748663101603,0.4125,0.4125,0.8484848484848485,0.22727272727272727,0.02631578947368421,1.0,0.47368421052631576,0.6417112299465241,0.4125,0.504653743315508,0.5378357142857143,0.46555921052631577,0.2489451476793249,9.18876404494382,26.14183673469388,0.20817120622568094,32.0,2.0,3.0,9.0,8.0,6.0,12.0,,32.0,10.0,62.0,15.0,,11.0,1.0,8.0,2.0,6.0,3.0,,1.0,2.0,1.0,,7.0,1.0,,3.0,0.5,0.45454545454545453,0.7272727272727273,0.7272727272727273,,0.07547169811320754,,0.6037735849056604,0.6530612244897959,0.375,0.13636363636363635,0.6666666666666666,1.0,0.4090909090909091,0.4444444444444444,0.04145077720207254,0.07368421052631578,0.1350210970464135,4.0,2.0,4.0,4.0,7.0,6.0,4.0,,1.0,1.0,0.7,0.018518518518518517,0.03125,0.025477707006369428,,0.8,0.25,0.4444444444444444,0.75,0.10526315789473684,0.5,0.01020408163265306,1.0,1.0,,,,1.0,,,True,,,,,,,,
1627826,1610612746,Ivica Zubac,Ivica Zubac,1627826,LAC,18424.0,307,68.0,608,582,105.0,153,72.0,1190,46.0,65.0,27.0,5.0,12.0,69.0,,,,,,,,85.0,134.0,,,26.0,196,678,32.0,9.0,18.0,,9.0,27.0,120.0,,,,,6.0,9.0,8.0,17.0,5.0,6.0,2.0,42.0,27.0,39.0,34.0,2.0,75.0,35.0,110.0,3.0,4.0,2.0,5.0,1.0,3.0,6.0,11.0,2.0,16.0,29.0,4.0,27.0,2.0,35.0,1.0,11.0,5.0,5.0,11.0,6.0,27.0,104.0,1.0,0.7058823529411765,0.8333333333333334,,,,0.6343283582089553,0.5,0.6343283582089553,0.5,0.6533333333333333,0.5869565217391305,,0.04477611940298507,0.046153846153846156,23.333333333333332,0.45454545454545453,0.13333333333333333,0.24817518248175183,0.1836734693877551,0.2867647058823529,0.2673992673992674,0.13157894736842105,0.2,0.17582417582417584,0.24390243902439024,0.28169014084507044,0.16,0.2761904761904762,0.3225806451612903,0.07142857142857142,0.5454545454545454,0.48507462686567165,0.7076923076923077,0.7419354838709677,0.6956521739130435,0.5149253731343284,,,,,,,,,,,,,0.84375,0.6666666666666666,0.4166666666666667,,0.48507462686567165,,0.5112022388059699,0.60095,0.525988888888889,0.1377551020408163,4.753731343283581,,0.17269736842105263,39.0,,,,,,,5.0,45.0,,50.0,,,3.0,1.0,2.0,,2.0,,,2.0,,3.0,,18.0,,,4.0,,,0.625,0.6428571428571429,,0.043478260869565216,,0.5652173913043478,0.5909090909090909,0.717948717948718,,,,,,0.12080536912751678,0.12080536912751678,0.22959183673469388,17.0,,,,20.0,26.0,8.0,,,,0.625,0.06722689075630252,0.1875,0.06896551724137931,0.0625,0.6296296296296297,0.35294117647058826,,,,,,,1.0,,,,,1.0,,True,1.0,,,,,,,
201587,1610612746,Nicolas Batum,Nicolas Batum,201587,LAC,13999.0,233,74.0,469,461,112.0,122,50.0,930,2.0,3.0,,,,1.0,,1.0,10.0,18.0,5.0,15.0,4.0,2.0,5.0,15.0,33.0,4.0,53,504,,,,7.0,4.0,16.0,2.0,45.0,,15.0,5.0,1.0,7.0,6.0,13.0,4.0,4.0,3.0,32.0,1.0,12.0,16.0,,28.0,4.0,32.0,,13.0,3.0,2.0,1.0,2.0,2.0,4.0,,5.0,15.0,1.0,4.0,2.0,4.0,2.0,7.0,3.0,4.0,8.0,5.0,16.0,111.0,2.0,0.5,0.5,1.0,0.45454545454545453,0.45454545454545453,0.4,,0.6447368421052632,0.8571428571428571,0.6625,0.8888888888888888,0.868421052631579,0.2,,8.333333333333332,0.5,,0.14678899082568808,0.009433962264150943,0.10909090909090909,0.1278538812785388,0.019230769230769232,,0.017857142857142856,0.18181818181818182,0.15625,,0.10843373493975904,0.1111111111111111,,0.625,0.07894736842105263,0.6666666666666666,0.6666666666666666,0.5,0.02631578947368421,0.02631578947368421,,,,0.47368421052631576,0.5555555555555556,0.5555555555555556,1.0,0.39473684210526316,0.3333333333333333,0.3333333333333333,1.0,,,,0.5714285714285714,0.9473684210526315,0.3333333333333333,0.5462302631578948,0.61245,0.5215714285714286,0.3018867924528302,5.32,24.627272727272725,0.23880597014925373,,,1.0,1.0,3.0,,2.0,,,4.0,2.0,,,2.0,,10.0,,,,,3.0,,,,,1.0,,1.0,,0.5714285714285714,,,,1.0,,,,,0.5,,,0.5,0.75,,,,,1.0,3.0,,,,3.0,,,,,0.029411764705882353,,0.012658227848101266,0.08695652173913043,,,,,0.42857142857142855,0.3333333333333333,,,,,,,1.0,,,True,,,,,,,,
1627884,1610612746,Derrick Jones Jr.,Derrick Jones Jr.,1627884,LAC,12315.0,205,29.0,415,411,108.0,107,42.0,826,20.0,27.0,5.0,3.0,4.0,7.0,,,6.0,12.0,3.0,12.0,5.0,25.0,34.0,9.0,24.0,9.0,86,477,6.0,3.0,6.0,7.0,2.0,11.0,36.0,27.0,,12.0,3.0,2.0,1.0,2.0,3.0,2.0,,,8.0,4.0,5.0,11.0,1.0,17.0,10.0,27.0,2.0,4.0,1.0,3.0,,2.0,,3.0,,11.0,19.0,,9.0,,13.0,,10.0,5.0,5.0,10.0,3.0,11.0,108.0,,0.72,0.9,1.0,0.375,0.375,0.7352941176470589,0.5,0.6637931034482759,0.34615384615384615,0.671875,0.39285714285714285,0.41379310344827586,0.058823529411764705,0.07407407407407407,14.533622559652928,1.0,0.08333333333333333,0.11,0.04,0.04716981132075472,0.07766990291262135,0.0546448087431694,0.09090909090909091,0.018867924528301886,0.125,0.08,0.16666666666666666,0.02564102564102564,0.10714285714285714,0.09523809523809523,0.3,0.46551724137931033,0.7407407407407407,0.8,0.75,0.1206896551724138,,,,,0.20689655172413793,0.5,0.5,1.0,0.20689655172413793,0.25,0.25,1.0,0.7142857142857143,0.3076923076923077,0.75,0.38461538461538464,0.8793103448275862,0.25,0.5864086206896552,0.5544583333333333,0.5583461538461538,0.12790697674418605,2.7441176470588236,24.445833333333336,0.26024096385542167,5.0,,,1.0,1.0,,1.0,,12.0,1.0,14.0,,,,1.0,3.0,,1.0,,,,,1.0,,7.0,,,,,0.14285714285714285,0.8571428571428571,0.8571428571428571,,,,0.7142857142857143,0.7142857142857143,0.6,,,,0.14285714285714285,0.2,0.109375,0.175,0.13953488372093023,5.0,,2.0,,6.0,10.0,6.0,,,,1.0,0.07228915662650602,,0.0967741935483871,,1.0,,,,0.15384615384615385,,,,,,,,,,,True,,,,,,,,
1629234,1610612746,Drew Eubanks,Drew Eubanks,1629234,LAC,2544.0,42,25.0,85,86,17.0,18,13.0,171,5.0,9.0,3.0,2.0,4.0,6.0,,,,,,,,8.0,15.0,,,2.0,18,77,4.0,2.0,4.0,,1.0,5.0,10.0,,,,,3.0,3.0,1.0,4.0,1.0,,3.0,9.0,3.0,5.0,6.0,,11.0,5.0,16.0,1.0,1.0,,,1.0,,3.0,3.0,,4.0,6.0,1.0,3.0,1.0,4.0,1.0,2.0,1.0,1.0,2.0,1.0,5.0,17.0,1.0,0.625,0.7142857142857143,,,,0.5333333333333333,0.5,0.5333333333333333,0.5,0.5294117647058824,0.5,,0.2,0.2222222222222222,20.408163265306122,,,0.3,0.11538461538461539,0.19230769230769232,0.2391304347826087,0.11904761904761904,0.1,0.15384615384615385,0.5,0.26666666666666666,,0.26666666666666666,0.09090909090909091,0.25,0.5,0.6,0.5555555555555556,0.7142857142857143,0.8,0.4,,,,,,,,,,,,,0.75,1.0,0.5,,0.6,,0.5623333333333332,0.6044,0.607825,0.2777777777777778,3.9066666666666667,,0.2,3.0,,,,,,,1.0,5.0,,6.0,,,,,1.0,1.0,,,,1.0,,,,1.0,,,,,,0.5,0.5,,0.16666666666666666,,0.5,0.6,0.3333333333333333,,,,,,0.0625,0.0625,0.2777777777777778,1.0,,,,2.0,2.0,2.0,,,,0.5,0.125,,0.08333333333333333,0.25,0.3333333333333333,,,,,,,,,,,,,,,True,,,,,,,,
1629599,1610612746,Amir Coffey,Amir Coffey,1629599,LAC,14806.0,247,19.0,489,480,102.0,119,56.0,969,10.0,13.0,2.0,1.0,1.0,13.0,9.0,14.0,8.0,21.0,4.0,18.0,5.0,24.0,40.0,12.0,39.0,27.0,111,554,4.0,3.0,4.0,6.0,5.0,11.0,28.0,36.0,,18.0,4.0,4.0,6.0,7.0,13.0,5.0,3.0,2.0,33.0,4.0,11.0,6.0,,17.0,6.0,23.0,2.0,5.0,1.0,2.0,,1.0,,2.0,1.0,9.0,18.0,,22.0,2.0,30.0,,,,,,,11.0,102.0,,0.5833333333333334,0.6666666666666666,1.0,0.3076923076923077,0.3076923076923077,0.6,0.75,0.5316455696202531,0.3,0.6032608695652174,0.4583333333333333,0.4936708860759494,0.1,0.07692307692307693,17.122040072859743,1.0,,0.06,0.03278688524590164,0.09016393442622951,0.07657657657657657,0.026785714285714284,0.03125,0.045454545454545456,0.043478260869565216,0.07936507936507936,,0.09090909090909091,0.08823529411764706,0.05405405405405406,,0.16455696202531644,0.7692307692307693,0.8333333333333334,0.5,0.16455696202531644,0.17721518987341772,0.6428571428571429,0.6428571428571429,0.6666666666666666,0.26582278481012656,0.38095238095238093,0.4,1.0,0.22784810126582278,0.2222222222222222,0.23529411764705882,1.0,0.3333333333333333,0.1,1.0,0.5,0.6582278481012658,0.2222222222222222,0.5257666666666666,0.4673333333333334,0.505838888888889,0.0990990990990991,9.0925,24.846153846153843,0.2085889570552147,5.0,,,2.0,,,2.0,4.0,12.0,,20.0,,2.0,2.0,1.0,4.0,,1.0,,,2.0,,2.0,,15.0,,,2.0,,,0.6666666666666666,0.75,0.05128205128205128,0.23076923076923078,0.05555555555555555,0.38461538461538464,0.5,0.6,,,,0.3333333333333333,,0.16304347826086957,0.2830188679245283,0.10810810810810811,2.0,,1.0,,4.0,6.0,2.0,,,,1.0,0.0196078431372549,,0.02857142857142857,,1.0,,,,0.1,,,,,,,,,,,True,,,0.047619047619047616,,,,,
202695,1610612746,Kawhi Leonard,Kawhi Leonard,202695,LAC,13180.0,220,24.0,424,412,44.0,73,39.0,836,11.0,12.0,4.0,3.0,3.0,54.0,6.0,17.0,1.0,6.0,12.0,27.0,3.0,43.0,83.0,13.0,33.0,19.0,144,494,10.0,6.0,10.0,3.0,2.0,17.0,24.0,27.0,,27.0,12.0,,11.0,9.0,20.0,5.0,6.0,4.0,49.0,4.0,22.0,12.0,5.0,39.0,11.0,50.0,1.0,8.0,3.0,5.0,2.0,1.0,6.0,11.0,2.0,5.0,7.0,1.0,29.0,1.0,25.0,,1.0,,1.0,1.0,1.0,17.0,43.0,,0.27906976744186046,0.3076923076923077,0.6923076923076923,0.3939393939393939,0.3939393939393939,0.5180722891566265,0.6,0.5387931034482759,0.5769230769230769,0.5674603174603174,0.6071428571428571,0.28448275862068967,,,28.90295358649789,0.45454545454545453,0.4166666666666667,0.1348314606741573,0.03389830508474576,0.21568627450980393,0.17801047120418848,0.05181347150259067,0.058823529411764705,0.030303030303030304,0.17391304347826086,0.06521739130434782,0.25,0.21951219512195122,0.2,0.017241379310344827,1.0,0.10344827586206896,0.9166666666666666,0.9166666666666666,0.2727272727272727,0.46551724137931033,0.14655172413793102,0.35294117647058826,0.35294117647058826,,0.05172413793103448,0.16666666666666666,0.2,1.0,0.23275862068965517,0.4444444444444444,0.4444444444444444,0.6666666666666666,0.36363636363636365,0.23076923076923078,1.0,0.23076923076923078,0.3879310344827586,0.4444444444444444,0.47433362068965507,0.3633928571428572,0.4545884615384616,0.11805555555555555,10.516867469879518,25.61818181818181,0.10377358490566038,26.0,,1.0,,1.0,,1.0,2.0,14.0,1.0,62.0,12.0,1.0,4.0,1.0,5.0,2.0,4.0,1.0,1.0,1.0,,2.0,1.0,11.0,,,,,0.3333333333333333,0.5454545454545454,0.5833333333333334,0.030303030303030304,,,0.48148148148148145,0.48148148148148145,0.34615384615384615,0.09090909090909091,,,,0.3333333333333333,0.10317460317460317,0.11956521739130435,0.09722222222222222,4.0,,,,6.0,8.0,6.0,,1.0,2.0,0.6,0.08,,0.07692307692307693,0.08695652173913043,1.0,,,,,,0.058823529411764705,,,1.0,0.125,,,,,True,,,0.16666666666666666,,,,,
1641738,1610612746,Kobe Brown,Kobe Brown,1641738,LAC,1916.0,32,-20.0,59,61,11.0,11,13.0,120,2.0,3.0,2.0,,,1.0,,,,2.0,,2.0,,3.0,4.0,,4.0,,6,81,2.0,,,2.0,,,,,,2.0,,1.0,2.0,,2.0,,,1.0,4.0,2.0,1.0,1.0,,2.0,2.0,4.0,,1.0,1.0,,,,,,,2.0,3.0,,1.0,1.0,,,,,,,,,11.0,,,,,,,0.75,,0.375,,0.375,,0.5,0.25,0.3333333333333333,11.11111111111111,,,0.1111111111111111,0.13333333333333333,0.07142857142857142,0.08695652173913043,0.058823529411764705,,0.4,,0.2,,,0.25,,,0.375,0.6666666666666666,1.0,,0.125,,,,,0.25,,,,0.25,,,,1.0,,,,0.875,,0.536975,0.60135,0.60315,,2.175,24.6,0.1864406779661017,1.0,,,,,,,,4.0,,6.0,,,,1.0,,,,,,,,,,,,,,,,1.0,1.0,,,,1.0,1.0,,,,,,,,,0.6666666666666666,2.0,,2.0,,2.0,4.0,,,,,1.0,,,,,1.0,,,,1.0,,,,,,,,,,,True,,,,,,,,
1630699,1610612746,MarJon Beauchamp,MarJon Beauchamp,1630699,LAC,466.0,8,5.0,17,17,5.0,10,2.0,34,1.0,1.0,1.0,1.0,1.0,,1.0,2.0,,,,,,2.0,3.0,,,1.0,5,17,1.0,1.0,1.0,,,2.0,2.0,,,,,,,,,,,,,1.0,1.0,,,1.0,1.0,2.0,,,,,,,,,,1.0,1.0,,1.0,,2.0,,,,,,,2.0,5.0,,0.5,1.0,,,,0.6666666666666666,1.0,0.6666666666666666,1.0,0.625,1.0,,,,20.0,,,,0.3333333333333333,0.5,0.3333333333333333,0.16666666666666666,,1.0,,,,0.5,,,,0.3333333333333333,1.0,1.0,,,0.6666666666666666,0.5,0.5,1.0,,,,,,,,,1.0,1.0,1.0,,0.3333333333333333,,0.4889666666666666,0.6259,0.6259,0.4,12.9,,0.29411764705882354,,,,,,,,,2.0,,2.0,,,,,,,,,,,,,,1.0,,,,,,1.0,1.0,,,,,,,,,,,,0.25,0.25,0.4,1.0,,,,1.0,2.0,,,,,1.0,,,,,1.0,,,,,,,,,,,,,,,True,,,,,,,,
1641757,1610612746,Jordan Miller,Jordan Miller,1641757,LAC,1127.0,19,4.0,34,35,,2,4.0,69,1.0,1.0,,,,1.0,,,,,,,,2.0,2.0,,,,4,36,,,,,,,,,,,,,1.0,,1.0,,,1.0,2.0,,2.0,1.0,,3.0,,3.0,,,,,,,,,,,,,2.0,1.0,,,,,,,,,,,,,,,,1.0,,1.0,,1.0,,,,,5.128205128205128,,,0.16666666666666666,,0.14285714285714285,0.15,,,,,0.2,,0.2222222222222222,,,,0.5,1.0,1.0,,0.5,,,,,,,,,,,,,,,,,0.5,,0.53715,,,,4.05,,,1.0,,,,,,,,,,4.0,,,,,,,,,,,,,,,,,,,,,,,,,1.0,1.0,,,,,,,,,,,,,,,,,,,,,,,,,,,,,,,,,,,,,,,,True,,,,,,,,
1626181,1610612746,Norman Powell,Norman Powell,1626181,LAC,96067.0,1601,219.0,3287,3288,644.0,577,348.0,6575,133.0,206.0,7.0,39.0,53.0,169.0,22.0,51.0,23.0,52.0,132.0,315.0,65.0,234.0,426.0,155.0,367.0,185.0,1118,3634,24.0,65.0,99.0,75.0,55.0,305.0,286.0,375.0,3.0,312.0,132.0,37.0,71.0,35.0,106.0,12.0,50.0,20.0,247.0,15.0,85.0,60.0,4.0,149.0,19.0,168.0,9.0,64.0,22.0,57.0,8.0,32.0,39.0,96.0,18.0,50.0,94.0,4.0,175.0,3.0,224.0,19.0,6.0,1.0,4.0,9.0,6.0,297.0,632.0,11.0,0.6111111111111112,0.6190476190476191,0.8064516129032258,0.4223433242506812,0.4258241758241758,0.5492957746478874,0.6565656565656566,0.5882723833543506,0.7183908045977011,0.6257014590347924,0.7439024390243902,0.46279949558638084,0.08685446009389672,0.10679611650485436,26.636019469983776,0.59375,0.05555555555555555,0.0797872340425532,0.018820577164366373,0.10732323232323232,0.0939119170984456,0.013094417643004824,0.023972602739726026,0.017114914425427872,0.07203389830508475,0.07532467532467532,0.10687022900763359,0.11735537190082644,0.0748663101604278,0.025210084033613446,0.6666666666666666,0.2597730138713745,0.6456310679611651,0.7228260869565217,0.518796992481203,0.21311475409836064,0.06431273644388398,0.43137254901960786,0.44,0.9090909090909091,0.06557377049180328,0.4423076923076923,0.4423076923076923,0.8695652173913043,0.39722572509457754,0.41904761904761906,0.41904761904761906,0.7954545454545454,0.11475409836065574,0.3045977011494253,0.7358490566037735,0.3735632183908046,0.7225725094577553,0.4230769230769231,0.5350274683544304,0.5232534883720931,0.5196666666666666,0.27280858676207514,6.311032863849765,26.169209809264313,0.19592333434742926,79.0,2.0,9.0,28.0,35.0,16.0,37.0,14.0,90.0,40.0,182.0,90.0,,23.0,1.0,42.0,10.0,25.0,2.0,9.0,5.0,5.0,11.0,3.0,80.0,3.0,,7.0,0.43243243243243246,0.5333333333333333,0.6229508196721312,0.6521739130434783,,0.08284023668639054,,0.46745562130177515,0.5096774193548387,0.6835443037974683,0.14754098360655737,0.2222222222222222,0.5,0.45901639344262296,0.5384615384615384,0.10779816513761468,0.16161616161616163,0.08050089445438283,6.0,5.0,10.0,14.0,14.0,6.0,4.0,7.0,4.0,14.0,0.5833333333333334,0.0061162079510703364,0.010416666666666666,0.003992015968063872,0.013071895424836602,0.8571428571428571,0.3333333333333333,0.5,0.9285714285714286,0.05747126436781609,0.5,0.03713527851458886,4.0,,,,,3.0,1.0,,False,,0.0196078431372549,,,,,1.0,1.0
1627732,1610612746,Ben Simmons,Ben Simmons,1627732,LAC,1186.0,20,-6.0,40,45,14.0,23,5.0,85,,,,,,1.0,,,,,,,,1.0,1.0,,,,2,43,1.0,1.0,1.0,,,2.0,2.0,,,,,,,2.0,2.0,1.0,,,6.0,1.0,2.0,2.0,,4.0,1.0,5.0,,1.0,1.0,,,,1.0,1.0,,,2.0,1.0,,,,,1.0,,1.0,2.0,1.0,2.0,13.0,,1.0,1.0,,,,1.0,1.0,1.0,1.0,1.0,1.0,,,,4.444444444444445,,,0.25,0.1111111111111111,0.18181818181818182,0.21052631578947367,0.0625,,0.16666666666666666,,0.3333333333333333,,0.1,1.0,,0.5,,,,,1.0,,,,,,,,,,,,,,,,,,,0.4127,0.4127,0.4127,1.0,7.7,,0.35,1.0,,,,,,,,2.0,,,,,1.0,,,,,,,,,,,,1.0,1.0,,,,1.0,1.0,,,,1.0,1.0,1.0,,,,,,,,1.0,,,,,1.0,,,,,,1.0,,,,,,,,,,,,,,,,,,,,False,,,,,,,,
1627739,1610612746,Kris Dunn,Kris Dunn,1627739,LAC,80903.0,1348,129.0,2730,2747,459.0,461,280.0,5477,42.0,63.0,9.0,11.0,13.0,96.0,2.0,8.0,24.0,76.0,29.0,93.0,9.0,90.0,167.0,53.0,169.0,13.0,352,2973,13.0,14.0,23.0,24.0,4.0,56.0,86.0,144.0,1.0,92.0,29.0,9.0,92.0,80.0,172.0,50.0,61.0,27.0,424.0,21.0,92.0,65.0,1.0,158.0,44.0,202.0,2.0,94.0,31.0,36.0,7.0,28.0,24.0,60.0,17.0,81.0,154.0,5.0,33.0,8.0,20.0,3.0,20.0,5.0,14.0,20.0,9.0,55.0,450.0,1.0,0.4777777777777778,0.5119047619047619,0.9056603773584906,0.3136094674556213,0.31547619047619047,0.5389221556886228,0.6086956521739131,0.5044642857142857,0.5531914893617021,0.5101449275362319,0.56,0.5029761904761905,0.05389221556886228,0.047619047619047616,13.222331047992165,0.6,0.018518518518518517,0.10366826156299841,0.0327613104524181,0.1393939393939394,0.12198912198912198,0.03588907014681892,0.014285714285714285,0.032448377581120944,0.0893854748603352,0.11178247734138973,0.10256410256410256,0.13840155945419103,0.14285714285714285,0.01092896174863388,0.45,0.1875,0.6666666666666666,0.7,0.4523809523809524,0.2857142857142857,0.023809523809523808,0.25,0.2857142857142857,1.0,0.2261904761904762,0.3157894736842105,0.3157894736842105,0.9166666666666666,0.2767857142857143,0.3118279569892473,0.3118279569892473,0.896551724137931,0.5,0.2765957446808511,0.8461538461538461,0.19148936170212766,0.6904761904761905,0.31521739130434784,0.5399314925373134,0.5471818181818182,0.5696212765957447,0.1590909090909091,6.235329341317364,25.205917159763313,0.16813186813186815,46.0,2.0,3.0,2.0,5.0,3.0,5.0,5.0,32.0,8.0,94.0,15.0,,30.0,4.0,63.0,5.0,8.0,,1.0,7.0,6.0,2.0,,8.0,,,6.0,0.6,0.3333333333333333,0.75,0.7619047619047619,,0.052083333333333336,,0.4791666666666667,0.5054945054945055,0.4782608695652174,0.16666666666666666,0.6666666666666666,,0.1111111111111111,0.5555555555555556,0.023391812865497075,0.046242774566473986,0.09090909090909091,7.0,3.0,15.0,1.0,9.0,12.0,23.0,6.0,,,0.6923076923076923,0.039316239316239315,0.07608695652173914,0.04128440366972477,0.03355704697986577,0.7777777777777778,,0.5,1.0,0.3191489361702128,0.2,,,,,,,,1.0,,False,,0.125,,,1.0,,,
201587,1610612746,Nicolas Batum,Nicolas Batum,201587,LAC,60591.0,1010,52.0,2050,2063,493.0,547,213.0,4113,10.0,18.0,7.0,3.0,3.0,6.0,2.0,5.0,29.0,72.0,31.0,75.0,20.0,13.0,29.0,60.0,147.0,11.0,217,2219,9.0,5.0,6.0,35.0,2.0,45.0,14.0,180.0,,75.0,31.0,4.0,41.0,27.0,68.0,20.0,24.0,13.0,163.0,14.0,44.0,66.0,13.0,123.0,41.0,164.0,1.0,34.0,9.0,15.0,4.0,13.0,11.0,26.0,5.0,47.0,86.0,4.0,15.0,2.0,14.0,,22.0,9.0,13.0,27.0,19.0,45.0,485.0,,0.5384615384615384,0.7777777777777778,1.0,0.40816326530612246,0.40816326530612246,0.4482758620689655,0.8333333333333334,0.5852272727272727,0.524390243902439,0.5961538461538461,0.5357142857142857,0.8352272727272727,0.13793103448275862,0.16666666666666666,9.047411918225317,0.5769230769230769,0.22807017543859648,0.132,0.029350104821802937,0.08906882591093117,0.11066398390342053,0.043617021276595745,0.03821656050955414,0.01680672268907563,0.1099476439790576,0.13445378151260504,0.18309859154929578,0.08521303258145363,0.10526315789473684,0.010526315789473684,0.7037037037037037,0.10227272727272728,0.5555555555555556,0.6666666666666666,0.4,0.03409090909090909,0.028409090909090908,0.4,0.4,1.0,0.4090909090909091,0.4027777777777778,0.4027777777777778,1.0,0.42613636363636365,0.41333333333333333,0.41333333333333333,1.0,0.35,0.07317073170731707,1.0,0.4878048780487805,0.9375,0.41333333333333333,0.5525962857142857,0.559165625,0.53525375,0.2073732718894009,5.855172413793105,24.908163265306115,0.24048780487804877,1.0,,5.0,6.0,5.0,4.0,11.0,1.0,21.0,11.0,12.0,,,7.0,4.0,25.0,,2.0,2.0,3.0,2.0,1.0,1.0,,6.0,5.0,4.0,8.0,0.36363636363636365,0.3142857142857143,0.5,0.525,,0.16666666666666666,,0.16666666666666666,0.2,1.0,0.25,,,0.3,0.25,0.038461538461538464,0.17647058823529413,0.0967741935483871,4.0,6.0,15.0,4.0,4.0,8.0,27.0,1.0,,1.0,0.4444444444444444,0.058315334773218146,0.04878048780487805,0.07163323782234957,0.017543859649122806,0.5714285714285714,,0.6666666666666666,1.0,0.36585365853658536,0.4,0.006756756756756757,,,,,1.0,1.0,,,False,1.0,,,,,,,
201935,1610612746,James Harden,James Harden,201935,LAC,124789.0,2080,163.0,4234,4246,980.0,998,470.0,8480,85.0,146.0,18.0,23.0,36.0,255.0,26.0,58.0,6.0,18.0,163.0,475.0,127.0,209.0,459.0,169.0,493.0,371.0,1296,4695,38.0,57.0,112.0,137.0,118.0,361.0,76.0,180.0,,475.0,163.0,48.0,375.0,153.0,528.0,99.0,223.0,134.0,1209.0,23.0,138.0,129.0,38.0,305.0,37.0,342.0,12.0,87.0,31.0,197.0,29.0,123.0,70.0,267.0,72.0,52.0,122.0,19.0,265.0,2.0,418.0,25.0,30.0,8.0,21.0,40.0,26.0,352.0,966.0,19.0,0.18181818181818182,0.19,0.35502958579881655,0.34279918864097364,0.34279918864097364,0.4553376906318083,0.5089285714285714,0.48581932773109243,0.4879518072289157,0.5715563506261181,0.5844155844155844,0.5178571428571429,0.10457516339869281,0.17123287671232876,28.95397489539749,0.7378277153558053,0.37254901960784315,0.1338174273858921,0.023115577889447236,0.1373134328358209,0.13560182833925852,0.018343815513626835,0.029850746268656716,0.018518518518518517,0.13680781758957655,0.11825726141078838,0.17142857142857143,0.13965744400527008,0.13008130081300814,0.0234375,0.65,0.15336134453781514,0.5821917808219178,0.7024793388429752,0.17647058823529413,0.26785714285714285,0.06092436974789916,0.4482758620689655,0.4642857142857143,0.11538461538461539,0.018907563025210083,0.3333333333333333,0.35294117647058826,0.5,0.4989495798319328,0.3431578947368421,0.3453389830508475,0.3496932515337423,0.21686746987951808,0.14457831325301204,0.6388888888888888,0.5100401606425703,0.6712184873949579,0.3431578947368421,0.5093532071503679,0.529043396226415,0.4942370967741934,0.2785493827160494,7.618736383442266,26.51480730223123,0.23145961265942372,98.0,3.0,8.0,37.0,40.0,11.0,45.0,21.0,88.0,43.0,342.0,327.0,4.0,54.0,18.0,56.0,7.0,74.0,3.0,9.0,9.0,6.0,25.0,20.0,131.0,10.0,4.0,13.0,0.24444444444444444,0.31386861313868614,0.4036144578313253,0.4731182795698925,0.008113590263691683,0.08235294117647059,0.00631578947368421,0.3843137254901961,0.4188034188034188,0.20408163265306123,0.0963855421686747,0.375,0.3333333333333333,0.4457831325301205,0.31496062992125984,0.15827996340347666,0.23185840707964603,0.06790123456790123,11.0,3.0,10.0,8.0,17.0,18.0,12.0,3.0,7.0,42.0,0.4473684210526316,0.013143483023001095,0.025,0.012802275960170697,0.014285714285714285,0.6111111111111112,0.18181818181818182,0.21621621621621623,0.875,0.040160642570281124,0.3,0.07954545454545454,4.0,1.0,2.0,0.019417475728155338,2.0,6.0,1.0,,False,,0.034482758620689655,0.05555555555555555,,1.0,,,
202695,1610612746,Kawhi Leonard,Kawhi Leonard,202695,LAC,40722.0,679,127.0,1375,1393,128.0,134,135.0,2768,51.0,72.0,11.0,10.0,13.0,115.0,26.0,54.0,8.0,16.0,36.0,97.0,8.0,129.0,241.0,44.0,113.0,50.0,440,1516,17.0,17.0,30.0,9.0,6.0,55.0,122.0,102.0,,97.0,36.0,6.0,42.0,28.0,70.0,17.0,18.0,20.0,168.0,12.0,54.0,41.0,3.0,98.0,19.0,117.0,5.0,33.0,16.0,28.0,7.0,11.0,18.0,46.0,4.0,12.0,37.0,4.0,62.0,1.0,63.0,2.0,11.0,2.0,8.0,12.0,7.0,54.0,126.0,1.0,0.4728682170542636,0.49193548387096775,0.7727272727272727,0.3893805309734513,0.3893805309734513,0.5352697095435685,0.5666666666666667,0.5508474576271186,0.6282051282051282,0.5778364116094987,0.6547619047619048,0.3192090395480226,0.024896265560165973,0.05555555555555555,27.68729641693811,0.6086956521739131,0.13636363636363635,0.12693498452012383,0.034482758620689655,0.1565217391304348,0.14221556886227546,0.031198686371100164,0.05555555555555555,0.031088082901554404,0.0967741935483871,0.1358695652173913,0.15217391304347827,0.15,0.17647058823529413,0.028901734104046242,0.5833333333333334,0.2033898305084746,0.7083333333333334,0.75,0.6470588235294118,0.3248587570621469,0.15254237288135594,0.48148148148148145,0.48148148148148145,0.4230769230769231,0.04519774011299435,0.5,0.5,1.0,0.2740112994350282,0.3711340206185567,0.3711340206185567,0.7222222222222222,0.39285714285714285,0.3333333333333333,0.7692307692307693,0.20512820512820512,0.5225988700564972,0.3711340206185567,0.5205012711864407,0.5649222222222223,0.5482230769230768,0.125,9.068464730290456,25.78407079646018,0.09309090909090909,52.0,,2.0,9.0,5.0,5.0,11.0,2.0,31.0,5.0,136.0,30.0,,11.0,4.0,17.0,3.0,17.0,,4.0,5.0,,7.0,3.0,27.0,1.0,,,0.45454545454545453,0.5555555555555556,0.5178571428571429,0.5344827586206896,,0.017391304347826087,,0.45217391304347826,0.46017699115044247,0.3269230769230769,0.07142857142857142,,,0.32142857142857145,0.625,0.07957559681697612,0.10344827586206896,0.07045454545454545,7.0,,1.0,5.0,7.0,10.0,7.0,1.0,,3.0,0.4117647058823529,0.02681992337164751,,0.03,0.01639344262295082,0.6363636363636364,0.2857142857142857,0.5555555555555556,0.8,0.02564102564102564,,0.02586206896551724,,,,,,1.0,1.0,,False,,,,,,,,
1627826,1610612746,Ivica Zubac,Ivica Zubac,1627826,LAC,118703.0,1978,300.0,4029,4038,677.0,682,431.0,8067,265.0,378.0,140.0,47.0,63.0,295.0,5.0,13.0,,,,,,422.0,686.0,,,108.0,952,4395,165.0,58.0,94.0,,31.0,147.0,596.0,,,,,48.0,100.0,61.0,161.0,52.0,44.0,35.0,383.0,159.0,252.0,256.0,28.0,536.0,227.0,763.0,31.0,47.0,18.0,61.0,6.0,26.0,44.0,105.0,7.0,78.0,122.0,12.0,189.0,24.0,174.0,10.0,70.0,38.0,32.0,73.0,47.0,146.0,671.0,9.0,0.7061611374407583,0.8465909090909091,,,,0.6151603498542274,0.6170212765957447,0.6151603498542274,0.6170212765957447,0.6279683377308707,0.6336206896551724,,0.06997084548104957,0.07671957671957672,19.021379766365442,0.580952380952381,0.3333333333333333,0.28039430449069,0.1585244267198405,0.2571428571428571,0.26835710512414157,0.1273957158962796,0.1897590361445783,0.1528776978417266,0.259927797833935,0.28,0.3167701863354037,0.2594086021505376,0.25,0.14351851851851852,0.6438356164383562,0.5510204081632653,0.701058201058201,0.7593123209169055,0.6641509433962264,0.43002915451895046,0.018950437317784258,0.38461538461538464,0.38461538461538464,1.0,,,,,,,,,0.8484848484848485,0.6702127659574468,0.746031746031746,,0.5510204081632653,,0.5455457725947523,0.5779093023255814,0.5754925531914894,0.15441176470588236,4.253352769679301,,0.16803176966989328,152.0,,,,,,,25.0,209.0,,248.0,,,9.0,21.0,29.0,6.0,35.0,11.0,18.0,7.0,4.0,30.0,,92.0,3.0,2.0,2.0,,,0.5575757575757576,0.5805555555555556,,0.06440677966101695,,0.5152542372881356,0.5507246376811594,0.7697368421052632,,,,,,0.12299465240641712,0.12299465240641712,0.21953781512605042,79.0,,,,92.0,140.0,67.0,1.0,,,0.5575757575757576,0.08690012970168612,0.09565217391304348,0.07899159663865546,0.11363636363636363,0.5642857142857143,0.10126582278481013,,,,,,4.0,3.0,1.0,0.011363636363636364,,1.0,,2.0,False,2.0,,,,1.0,,1.0,
1627884,1610612746,Derrick Jones Jr.,Derrick Jones Jr.,1627884,LAC,86474.0,1441,169.0,2936,2941,568.0,561,325.0,5877,138.0,201.0,47.0,27.0,40.0,88.0,4.0,9.0,33.0,90.0,28.0,77.0,10.0,181.0,298.0,61.0,167.0,66.0,611,3248,59.0,32.0,54.0,22.0,18.0,112.0,266.0,183.0,1.0,76.0,28.0,23.0,30.0,18.0,48.0,13.0,18.0,9.0,114.0,47.0,73.0,58.0,3.0,134.0,73.0,207.0,21.0,65.0,16.0,34.0,5.0,16.0,20.0,54.0,5.0,65.0,116.0,6.0,81.0,2.0,92.0,6.0,17.0,5.0,9.0,20.0,10.0,112.0,560.0,6.0,0.7348066298342542,0.8471337579617835,1.0,0.3652694610778443,0.3674698795180723,0.6073825503355704,0.5925925925925926,0.5860215053763441,0.618421052631579,0.6073558648111332,0.6511627906976745,0.35913978494623655,0.07718120805369127,0.04975124378109453,16.782163302199457,0.6296296296296297,0.05660377358490566,0.08895705521472393,0.06464924346629987,0.10766961651917405,0.09849624060150376,0.054115853658536585,0.10465116279069768,0.047979797979797977,0.085,0.1033434650455927,0.056910569105691054,0.1087378640776699,0.10429447852760736,0.10606060606060606,0.5,0.432258064516129,0.6865671641791045,0.7225130890052356,0.6956521739130435,0.18924731182795698,0.01935483870967742,0.4444444444444444,0.4444444444444444,1.0,0.1935483870967742,0.36666666666666664,0.36666666666666664,1.0,0.16559139784946236,0.36363636363636365,0.36363636363636365,1.0,0.6811594202898551,0.5263157894736842,0.675,0.13157894736842105,0.7913978494623656,0.3684210526315789,0.5817439655172415,0.5658351063829787,0.5986666666666668,0.18330605564648117,3.628859060402685,24.87844311377246,0.19346049046321526,39.0,3.0,6.0,4.0,4.0,5.0,10.0,6.0,83.0,10.0,96.0,,,5.0,3.0,49.0,3.0,18.0,3.0,4.0,4.0,14.0,16.0,,48.0,3.0,2.0,9.0,0.5,0.45454545454545453,0.5579710144927537,0.5763888888888888,,0.14772727272727273,,0.4431818181818182,0.52,0.8461538461538461,0.08695652173913043,0.5,1.0,0.057971014492753624,0.4,0.096579476861167,0.14545454545454545,0.13584288052373159,27.0,6.0,12.0,2.0,31.0,48.0,24.0,,,,0.5254237288135594,0.041025641025641026,0.0136986301369863,0.046153846153846156,0.023076923076923078,0.574468085106383,0.14814814814814814,0.5,1.0,0.15789473684210525,0.5,,1.0,,2.0,0.03076923076923077,,1.0,3.0,,False,2.0,,,,,1.0,1.0,
1629599,1610612746,Amir Coffey,Amir Coffey,1629599,LAC,88786.0,1480,-58.0,3000,3009,762.0,804,320.0,6009,57.0,90.0,10.0,15.0,22.0,87.0,18.0,45.0,35.0,73.0,53.0,132.0,28.0,115.0,222.0,88.0,205.0,85.0,579,3381,30.0,26.0,44.0,43.0,20.0,120.0,162.0,255.0,,132.0,53.0,18.0,37.0,26.0,63.0,16.0,22.0,11.0,152.0,16.0,64.0,38.0,7.0,109.0,26.0,135.0,5.0,34.0,22.0,22.0,6.0,11.0,19.0,41.0,10.0,52.0,99.0,5.0,71.0,4.0,95.0,5.0,7.0,3.0,4.0,7.0,4.0,119.0,753.0,3.0,0.7043478260869566,0.7168141592920354,0.9659090909090909,0.4292682926829268,0.4292682926829268,0.5180180180180181,0.5909090909090909,0.5784543325526932,0.5747126436781609,0.6153846153846154,0.625,0.48009367681498827,0.08108108108108109,0.1,15.078658355595133,0.5365853658536586,0.08139534883720931,0.05621301775147929,0.022315202231520222,0.08791208791208792,0.07264957264957266,0.01968205904617714,0.04329004329004329,0.01084010840108401,0.058577405857740586,0.0547112462006079,0.05555555555555555,0.09236234458259325,0.07272727272727272,0.02577319587628866,0.5714285714285714,0.2107728337236534,0.6333333333333333,0.7037037037037037,0.7894736842105263,0.20374707259953162,0.1053864168618267,0.4,0.4,0.5,0.17096018735362997,0.4794520547945205,0.4794520547945205,1.0,0.3091334894613583,0.4015151515151515,0.4108527131782946,0.9433962264150944,0.20408163265306123,0.25287356321839083,0.6818181818181818,0.3218390804597701,0.6908665105386417,0.4015151515151515,0.5464260563380279,0.5365656249999999,0.5550529069767443,0.20725388601036268,7.337387387387388,25.489756097560964,0.254,40.0,5.0,9.0,10.0,7.0,10.0,19.0,14.0,72.0,16.0,68.0,9.0,3.0,10.0,4.0,12.0,2.0,11.0,3.0,1.0,5.0,6.0,8.0,3.0,43.0,,,7.0,0.5263157894736842,0.37209302325581395,0.5918367346938775,0.6428571428571429,0.014634146341463415,0.10344827586206896,0.022727272727272728,0.45977011494252873,0.5128205128205128,0.675,0.1836734693877551,0.5555555555555556,1.0,0.20408163265306123,0.25,0.09503239740820735,0.16731517509727625,0.12435233160621761,2.0,9.0,15.0,5.0,14.0,4.0,10.0,2.0,,1.0,0.4666666666666667,0.016556291390728478,0.017094017094017096,0.019313304721030045,0.007246376811594203,0.2,0.5,0.5,1.0,0.1724137931034483,0.6,0.0048543689320388345,,,,,3.0,,,,False,,,,,,,,
1629645,1610612746,Kevin Porter Jr.,Kevin Porter Jr.,1629645,LAC,53027.0,884,-27.0,1810,1811,412.0,513,187.0,3621,52.0,78.0,10.0,10.0,18.0,130.0,39.0,93.0,5.0,11.0,21.0,95.0,22.0,146.0,301.0,26.0,106.0,49.0,419,1982,23.0,24.0,55.0,25.0,13.0,85.0,78.0,42.0,1.0,94.0,21.0,23.0,84.0,60.0,144.0,48.0,55.0,26.0,348.0,9.0,74.0,54.0,3.0,131.0,29.0,160.0,4.0,43.0,22.0,51.0,10.0,29.0,33.0,84.0,26.0,33.0,70.0,4.0,75.0,4.0,76.0,6.0,9.0,5.0,4.0,11.0,7.0,84.0,411.0,5.0,0.2671232876712329,0.2765957446808511,0.5384615384615384,0.24528301886792453,0.24761904761904763,0.4850498338870432,0.43636363636363634,0.45454545454545453,0.45,0.47505668934240364,0.47752808988764045,0.26044226044226043,0.07641196013289037,0.07692307692307693,25.913129318854885,0.6071428571428571,0.061224489795918366,0.13106796116504854,0.020179372197309416,0.15982721382289417,0.1462857142857143,0.0341047503045067,0.02112676056338028,0.022935779816513763,0.12142857142857143,0.14356435643564355,0.11428571428571428,0.1510989010989011,0.1919191919191919,0.02,0.6363636363636364,0.19164619164619165,0.6666666666666666,0.7222222222222222,0.40384615384615385,0.3194103194103194,0.2285012285012285,0.41935483870967744,0.42857142857142855,0.1794871794871795,0.02702702702702703,0.45454545454545453,0.5,1.0,0.2334152334152334,0.22105263157894736,0.23076923076923078,0.42857142857142855,0.29411764705882354,0.225,0.5555555555555556,0.275,0.4520884520884521,0.22340425531914893,0.4963317733990147,0.50119,0.4782125,0.20286396181384247,9.8046511627907,25.901886792452835,0.2276243093922652,55.0,1.0,2.0,9.0,6.0,4.0,11.0,2.0,36.0,8.0,214.0,36.0,5.0,12.0,3.0,21.0,8.0,22.0,4.0,6.0,5.0,4.0,4.0,,29.0,2.0,2.0,6.0,0.36363636363636365,0.32,0.5,0.4864864864864865,0.04716981132075472,0.11538461538461539,0.042105263157894736,0.4230769230769231,0.4782608695652174,0.2,0.058823529411764705,0.5,1.0,0.2647058823529412,0.2727272727272727,0.07586206896551724,0.08895705521472393,0.08591885441527446,6.0,2.0,3.0,3.0,11.0,10.0,19.0,,1.0,4.0,0.4782608695652174,0.050666666666666665,0.011627906976744186,0.03819444444444445,0.09195402298850575,0.6,0.16666666666666666,0.3333333333333333,0.6666666666666666,0.0375,0.6666666666666666,0.03669724770642202,3.0,,1.0,0.024390243902439025,,,,,False,,0.021505376344086023,0.09090909090909091,,1.0,,,
1641757,1610612746,Jordan Miller,Jordan Miller,1641757,LAC,23543.0,392,-63.0,798,809,223.0,245,97.0,1607,31.0,56.0,14.0,5.0,11.0,32.0,2.0,4.0,2.0,12.0,6.0,25.0,3.0,47.0,92.0,8.0,37.0,26.0,144,905,15.0,7.0,18.0,5.0,8.0,22.0,48.0,24.0,,25.0,6.0,11.0,20.0,13.0,33.0,8.0,14.0,4.0,79.0,15.0,12.0,19.0,1.0,32.0,23.0,55.0,10.0,17.0,11.0,18.0,1.0,12.0,6.0,24.0,4.0,13.0,25.0,3.0,23.0,,33.0,4.0,3.0,3.0,,5.0,1.0,22.0,222.0,4.0,0.5106382978723404,0.6153846153846154,1.0,0.21621621621621623,0.21621621621621623,0.5108695652173914,0.3888888888888889,0.4573643410852713,0.30434782608695654,0.5,0.3793103448275862,0.2868217054263566,0.11956521739130435,0.125,18.502202643171806,0.75,0.03333333333333333,0.13286713286713286,0.07692307692307693,0.061224489795918366,0.09144542772861357,0.060526315789473685,0.0963855421686747,0.08860759493670886,0.17391304347826086,0.1267605633802817,0.07692307692307693,0.06896551724137931,0.0392156862745098,0.16393442622950818,0.2,0.43410852713178294,0.5535714285714286,0.6326530612244898,0.4838709677419355,0.24806201550387597,0.031007751937984496,0.5,0.5,0.5,0.09302325581395349,0.16666666666666666,0.16666666666666666,1.0,0.1937984496124031,0.24,0.24,1.0,0.7368421052631579,0.4782608695652174,0.45454545454545453,0.13043478260869565,0.7209302325581395,0.24,0.5397918604651163,0.586925,0.535445652173913,0.1527777777777778,4.36304347826087,25.0972972972973,0.2794486215538847,14.0,,,4.0,,1.0,4.0,1.0,26.0,,46.0,,,5.0,2.0,6.0,1.0,6.0,,1.0,1.0,,2.0,,12.0,2.0,2.0,4.0,0.25,,0.6578947368421053,0.65,,0.125,,0.4375,0.5,0.5714285714285714,,,,0.21052631578947367,,0.09285714285714286,0.11764705882352941,0.18055555555555555,10.0,,2.0,1.0,11.0,16.0,8.0,,,1.0,0.7333333333333333,0.043243243243243246,,0.03333333333333333,0.08571428571428572,0.7142857142857143,0.1,0.25,1.0,0.08695652173913043,,0.02631578947368421,1.0,1.0,,,,,,,False,,,,,,,,
1629611,1610612746,Terance Mann,Terance Mann,1629611,LAC,43935.0,732,-80.0,1475,1493,287.0,418,180.0,2968,43.0,65.0,6.0,3.0,6.0,39.0,4.0,16.0,15.0,32.0,11.0,43.0,6.0,61.0,120.0,26.0,75.0,23.0,223,1705,9.0,8.0,25.0,12.0,3.0,31.0,82.0,66.0,,43.0,11.0,17.0,39.0,20.0,59.0,15.0,23.0,15.0,138.0,14.0,36.0,33.0,6.0,75.0,32.0,107.0,1.0,28.0,12.0,14.0,4.0,5.0,11.0,25.0,6.0,29.0,68.0,2.0,31.0,6.0,32.0,2.0,10.0,4.0,6.0,11.0,8.0,31.0,284.0,2.0,0.6721311475409836,0.6833333333333333,0.8461538461538461,0.3466666666666667,0.3466666666666667,0.5083333333333333,0.32,0.5128205128205128,0.3783783783783784,0.530952380952381,0.3974358974358974,0.38461538461538464,0.14166666666666666,0.18461538461538463,13.946587537091988,0.56,0.11320754716981132,0.1064516129032258,0.0392156862745098,0.10588235294117647,0.10615384615384615,0.043785310734463276,0.040983606557377046,0.03468208092485549,0.12173913043478261,0.06896551724137931,0.18,0.08949416342412451,0.1566265060240964,0.011494252873563218,0.7272727272727273,0.3333333333333333,0.6615384615384615,0.8113207547169812,0.8372093023255814,0.2,0.08205128205128205,0.25,0.25,0.25,0.1641025641025641,0.46875,0.46875,0.9333333333333333,0.2205128205128205,0.2558139534883721,0.2619047619047619,0.7272727272727273,0.35294117647058826,0.16216216216216217,0.5,0.16216216216216217,0.717948717948718,0.2558139534883721,0.5557302564102563,0.555865,0.4672108108108108,0.13901345291479822,6.148333333333334,24.9,0.1945762711864407,14.0,2.0,2.0,6.0,2.0,3.0,8.0,2.0,21.0,4.0,40.0,12.0,1.0,5.0,1.0,16.0,2.0,9.0,1.0,5.0,7.0,4.0,2.0,,15.0,1.0,1.0,8.0,0.375,0.3333333333333333,0.5588235294117647,0.5833333333333334,0.013333333333333334,0.1282051282051282,0.023255813953488372,0.358974358974359,0.4117647058823529,0.2857142857142857,0.11764705882352941,1.0,1.0,0.35294117647058826,0.3333333333333333,0.07211538461538461,0.11278195488721804,0.09417040358744394,3.0,2.0,6.0,1.0,5.0,2.0,17.0,,,,0.5555555555555556,0.04843304843304843,0.04838709677419355,0.05017921146953405,0.041666666666666664,0.5,0.6666666666666666,0.16666666666666666,1.0,0.16216216216216217,0.3333333333333333,,2.0,,1.0,0.03333333333333333,,,,,False,,,,,,,,
1630538,1610612746,Bones Hyland,Bones Hyland,1630538,LAC,13314.0,222,-34.0,451,451,128.0,162,51.0,902,8.0,15.0,1.0,3.0,8.0,9.0,4.0,11.0,4.0,8.0,27.0,72.0,20.0,14.0,35.0,31.0,80.0,23.0,144,494,4.0,6.0,16.0,23.0,7.0,43.0,12.0,42.0,1.0,71.0,27.0,4.0,18.0,10.0,28.0,5.0,10.0,6.0,66.0,3.0,11.0,5.0,3.0,19.0,5.0,24.0,2.0,18.0,6.0,15.0,6.0,10.0,9.0,24.0,11.0,16.0,26.0,1.0,17.0,,26.0,1.0,3.0,,2.0,4.0,3.0,43.0,128.0,1.0,0.42857142857142855,0.42857142857142855,0.45161290322580644,0.3875,0.3924050632911392,0.4,0.375,0.5260869565217391,0.46153846153846156,0.568,0.5119047619047619,0.6956521739130435,0.11428571428571428,0.13333333333333333,29.158512720156555,0.625,0.16666666666666666,0.06172839506172839,0.02702702702702703,0.09322033898305085,0.08040201005025126,0.022123893805309734,0.019230769230769232,0.04878048780487805,,0.08888888888888889,0.06666666666666667,0.08045977011494253,0.12903225806451613,0.03225806451612903,0.75,0.13043478260869565,0.5333333333333333,0.6153846153846154,0.5,0.0782608695652174,0.09565217391304348,0.36363636363636365,0.4444444444444444,0.25,0.06956521739130435,0.5,0.5,1.0,0.6260869565217392,0.375,0.38028169014084506,0.37037037037037035,0.1,0.20512820512820512,0.375,0.5128205128205128,0.8260869565217391,0.38028169014084506,0.5034697368421053,0.42765,0.48555131578947364,0.2986111111111111,8.791428571428572,26.576249999999998,0.2838137472283814,2.0,1.0,1.0,5.0,5.0,3.0,6.0,,11.0,8.0,16.0,51.0,1.0,5.0,2.0,12.0,2.0,5.0,,3.0,1.0,,1.0,3.0,8.0,1.0,1.0,3.0,0.5,0.34782608695652173,0.55,0.55,0.0125,,0.013888888888888888,0.2222222222222222,0.2222222222222222,0.5,0.1,1.0,1.0,0.5,0.25,0.08064516129032258,0.19047619047619047,0.0763888888888889,,3.0,3.0,2.0,1.0,,2.0,,,2.0,0.25,0.017391304347826087,,0.021052631578947368,,,,0.4,0.5,0.07692307692307693,1.0,0.024390243902439025,,,,,,,1.0,,False,,0.18181818181818182,,,,,,
1628964,1610612746,Mo Bamba,Mo Bamba,1628964,LAC,21147.0,352,-53.0,702,709,135.0,170,73.0,1411,25.0,33.0,20.0,2.0,4.0,17.0,2.0,3.0,5.0,17.0,10.0,33.0,2.0,33.0,53.0,15.0,50.0,17.0,128,804,21.0,4.0,7.0,7.0,5.0,13.0,42.0,45.0,,33.0,10.0,4.0,9.0,7.0,16.0,4.0,6.0,3.0,39.0,20.0,48.0,36.0,10.0,94.0,26.0,120.0,3.0,9.0,3.0,7.0,2.0,4.0,12.0,19.0,4.0,29.0,49.0,5.0,18.0,3.0,25.0,,26.0,18.0,7.0,28.0,15.0,13.0,135.0,,0.6363636363636364,0.9545454545454546,1.0,0.3,0.3,0.6226415094339622,0.5714285714285714,0.5388349514563107,0.2857142857142857,0.5614035087719298,0.3611111111111111,0.4854368932038835,0.07547169811320754,0.06060606060606061,16.89961880559085,0.3684210526315789,0.45454545454545453,0.23376623376623376,0.12738853503184713,0.2823529411764706,0.25925925925925924,0.0804953560371517,0.14285714285714285,0.1038961038961039,0.1746031746031746,0.2786885245901639,0.26666666666666666,0.2900763358778626,0.2564102564102564,0.0625,0.5357142857142857,0.32038834951456313,0.7575757575757576,0.8064516129032258,0.52,0.1650485436893204,0.02912621359223301,0.6666666666666666,0.6666666666666666,1.0,0.1650485436893204,0.29411764705882354,0.29411764705882354,1.0,0.32038834951456313,0.30303030303030304,0.3225806451612903,1.0,0.8695652173913043,0.2857142857142857,0.5,0.14285714285714285,0.8058252427184466,0.30303030303030304,0.5555684466019418,0.6280406249999999,0.5760821428571429,0.1015625,4.030188679245283,25.105999999999998,0.19230769230769232,6.0,,,2.0,,,2.0,5.0,35.0,,24.0,,2.0,3.0,,6.0,,3.0,1.0,1.0,8.0,,3.0,,14.0,2.0,1.0,4.0,,,0.6521739130434783,0.6730769230769231,0.04,0.11764705882352941,0.06060606060606061,0.35294117647058826,0.4,1.0,,,,0.08695652173913043,,0.12280701754385964,0.21875,0.2734375,14.0,,5.0,,15.0,22.0,6.0,2.0,,,0.7142857142857143,0.03614457831325301,0.16129032258064516,0.047619047619047616,,0.7,0.21428571428571427,,,0.35714285714285715,,,1.0,,,,,1.0,1.0,,False,2.0,,,,,,,
1630539,1610612746,Kai Jones,Kai Jones,1630539,LAC,12479.0,208,-8.0,422,420,151.0,160,48.0,842,22.0,25.0,3.0,8.0,8.0,9.0,,,,1.0,,1.0,1.0,26.0,34.0,,2.0,9.0,61,445,4.0,11.0,11.0,1.0,4.0,26.0,46.0,,,1.0,,1.0,6.0,4.0,10.0,4.0,1.0,4.0,24.0,10.0,14.0,15.0,2.0,31.0,15.0,46.0,,6.0,4.0,7.0,,5.0,3.0,10.0,3.0,15.0,23.0,1.0,11.0,2.0,12.0,,12.0,4.0,7.0,12.0,7.0,26.0,150.0,,0.8846153846153846,0.9583333333333334,,,,0.7647058823529411,1.0,0.7222222222222222,0.9166666666666666,0.7439024390243902,0.9285714285714286,0.05555555555555555,0.029411764705882353,0.04,10.714285714285715,0.7,0.09523809523809523,0.17647058823529413,0.10752688172043011,0.125,0.14720812182741116,0.075,0.08823529411764706,0.1388888888888889,0.13793103448275862,0.20454545454545456,0.16666666666666666,0.11764705882352941,0.14814814814814814,,0.5833333333333334,0.6944444444444444,0.88,0.9166666666666666,0.8636363636363636,0.25,,,,,0.027777777777777776,,,,0.027777777777777776,,,,0.75,0.6666666666666666,1.0,0.08333333333333333,0.75,,0.665726388888889,0.6591,0.6584458333333334,0.4262295081967213,2.935294117647059,24.6,0.3578199052132701,4.0,,,,,,,2.0,10.0,,6.0,,,,1.0,2.0,1.0,2.0,1.0,2.0,3.0,,2.0,,7.0,,,3.0,,,1.0,1.0,,,,0.4444444444444444,0.4444444444444444,1.0,,,,,,0.17073170731707318,0.1794871794871795,0.16393442622950818,3.0,,,,4.0,4.0,5.0,,,,1.0,0.04672897196261682,0.08695652173913043,0.034482758620689655,0.1,1.0,0.3333333333333333,,,,,,,,,,,,1.0,,False,4.0,,,,,,,
1629234,1610612746,Drew Eubanks,Drew Eubanks,1629234,LAC,4659.0,78,-43.0,153,153,67.0,68,21.0,306,7.0,8.0,3.0,1.0,1.0,8.0,,,,1.0,,,,9.0,16.0,,1.0,7.0,25,197,4.0,2.0,5.0,1.0,5.0,9.0,12.0,,,,,4.0,1.0,,1.0,,1.0,,2.0,7.0,6.0,6.0,,12.0,10.0,22.0,,,,2.0,,2.0,,2.0,2.0,3.0,4.0,,4.0,,8.0,,2.0,2.0,,2.0,1.0,9.0,67.0,,0.6666666666666666,1.0,,,,0.5625,0.4,0.5294117647058824,0.3333333333333333,0.5952380952380952,0.5,0.058823529411764705,0.25,,13.068181818181818,1.0,,0.21428571428571427,0.18421052631578946,0.1935483870967742,0.2033898305084746,0.13333333333333333,0.16666666666666666,0.2,0.2857142857142857,0.25,,0.20833333333333334,0.14285714285714285,,0.5,0.47058823529411764,0.875,0.875,0.7142857142857143,0.47058823529411764,,,,,0.058823529411764705,,,,,,,,0.75,0.16666666666666666,1.0,,0.5294117647058824,,0.5277088235294118,0.558225,0.514375,0.36,3.6062499999999997,23.6,0.43790849673202614,2.0,,,,,,,,6.0,,6.0,,,,,,,,,2.0,,,,,4.0,,,,,,0.75,0.75,,0.5,,0.25,0.5,0.5,,,,,,0.19047619047619047,0.2,0.24,2.0,,1.0,,3.0,6.0,3.0,,,,0.75,0.08108108108108109,0.16666666666666666,0.10344827586206896,,0.6666666666666666,,,,0.16666666666666666,,,,,,,,,,,False,,,,,,,,
1641738,1610612746,Kobe Brown,Kobe Brown,1641738,LAC,11826.0,197,-30.0,397,395,147.0,170,53.0,792,18.0,27.0,9.0,5.0,7.0,10.0,,1.0,2.0,3.0,2.0,14.0,5.0,23.0,38.0,4.0,17.0,4.0,62,447,12.0,7.0,12.0,7.0,2.0,25.0,28.0,12.0,,14.0,2.0,1.0,14.0,4.0,18.0,3.0,12.0,2.0,40.0,5.0,20.0,13.0,3.0,36.0,16.0,52.0,6.0,5.0,4.0,3.0,3.0,1.0,5.0,8.0,2.0,10.0,17.0,,8.0,2.0,5.0,,4.0,1.0,3.0,4.0,1.0,25.0,147.0,,0.6086956521739131,0.8235294117647058,1.0,0.23529411764705882,0.23529411764705882,0.6052631578947368,0.5833333333333334,0.5272727272727272,0.6052631578947368,0.5535714285714286,0.625,0.3090909090909091,0.02631578947368421,,14.00437636761488,0.375,0.42857142857142855,0.18055555555555555,0.05319148936170213,0.19230769230769232,0.1875,0.0855614973262032,0.07142857142857142,0.07692307692307693,0.23529411764705882,0.14634146341463414,0.21428571428571427,0.1518987341772152,0.32,0.24,0.25,0.4909090909090909,0.6666666666666666,0.6666666666666666,0.6111111111111112,0.18181818181818182,0.01818181818181818,,,,0.05454545454545454,0.6666666666666666,0.6666666666666666,1.0,0.2545454545454545,0.14285714285714285,0.14285714285714285,1.0,0.6923076923076923,0.3684210526315789,0.7142857142857143,0.2631578947368421,0.8,0.14285714285714285,0.5606518181818181,0.52184,0.5296894736842105,0.4032258064516129,3.6526315789473687,25.700000000000003,0.3702770780856423,5.0,,1.0,,1.0,,1.0,,16.0,3.0,18.0,,,1.0,,1.0,,2.0,1.0,1.0,2.0,1.0,3.0,,4.0,,,1.0,,0.42857142857142855,0.6153846153846154,0.6153846153846154,,0.1,,0.5,0.5555555555555556,0.6,0.07692307692307693,,,,0.2,0.07142857142857142,0.10256410256410256,0.25806451612903225,6.0,2.0,2.0,,8.0,12.0,11.0,,,,0.6666666666666666,0.11827956989247312,,0.13580246913580246,,0.6666666666666666,0.16666666666666666,,,0.10526315789473684,1.0,,1.0,,,,,,,,False,,,,,,,,
201988,1610612746,Patty Mills,Patty Mills,201988,LAC,2311.0,39,-4.0,79,73,44.0,45,10.0,152,,,,,,,,,1.0,1.0,3.0,9.0,3.0,,,4.0,10.0,3.0,15,91,,,,3.0,1.0,4.0,,6.0,,9.0,3.0,,1.0,3.0,4.0,3.0,1.0,,11.0,,,,,,,,,1.0,1.0,1.0,,,,1.0,,2.0,7.0,,4.0,,4.0,1.0,,,,,,4.0,44.0,1.0,,,0.5,0.4,0.4,,,0.6,0.5,0.625,0.5,1.0,,,14.285714285714285,1.0,,,,,,,,,,,,,,,,,,,,,,,,,0.1,1.0,1.0,1.0,0.9,0.3333333333333333,0.3333333333333333,0.3333333333333333,,,,1.0,1.0,0.3333333333333333,0.5053650000000001,,0.48245,0.26666666666666666,,26.619999999999997,0.5569620253164557,,,,,1.0,,,,,1.0,,6.0,,,,,,1.0,,,,,,,1.0,,,3.0,,0.3333333333333333,,,,,,,,,,,,,0.3333333333333333,0.09090909090909091,1.0,,,,,,,,,,,,,,,,,,,,,,,,,,,,1.0,,,,False,,,,,,,,
1642353,1610612746,Cam Christie,Cam Christie,1642353,LAC,2445.0,41,9.0,83,84,45.0,41,12.0,167,3.0,4.0,1.0,3.0,3.0,,,1.0,,2.0,2.0,8.0,4.0,3.0,5.0,2.0,10.0,1.0,13,81,1.0,3.0,4.0,5.0,1.0,10.0,4.0,6.0,,8.0,2.0,1.0,3.0,2.0,5.0,1.0,1.0,2.0,12.0,1.0,4.0,2.0,,6.0,1.0,7.0,,3.0,,1.0,,1.0,1.0,2.0,1.0,1.0,2.0,,2.0,,2.0,,,,,,,10.0,45.0,,0.6666666666666666,0.6666666666666666,1.0,0.2,0.2,0.6,0.75,0.4,0.5,0.40625,0.5,0.6666666666666666,0.2,0.25,18.556701030927837,0.5,,0.14285714285714285,0.05,0.14814814814814814,0.14634146341463414,0.02631578947368421,0.125,,,0.2,,0.16666666666666666,,,,0.26666666666666666,0.75,1.0,0.6666666666666666,,0.06666666666666667,,,,0.13333333333333333,,,,0.5333333333333333,0.25,0.25,1.0,0.5,0.3333333333333333,1.0,0.4444444444444444,0.9333333333333333,0.25,0.5519166666666666,0.51115,0.5630722222222222,0.7692307692307693,5.66,26.089999999999996,0.5421686746987951,,,,1.0,1.0,1.0,1.0,,3.0,1.0,2.0,,,1.0,,3.0,,,,,,,,,1.0,,,1.0,1.0,0.2,0.75,0.75,,,,,,,,,,0.5,0.25,0.0625,0.16666666666666666,0.23076923076923078,,,1.0,1.0,,,,,,,,,,,,,,1.0,1.0,0.1111111111111111,,,,,,,,,,,False,,,,,,,,
1630699,1610612746,MarJon Beauchamp,MarJon Beauchamp,1630699,LAC,568.0,9,,20,18,18.0,13,2.0,38,,1.0,1.0,,1.0,,,,,,2.0,3.0,3.0,,1.0,2.0,3.0,1.0,7,29,1.0,,1.0,3.0,,6.0,,3.0,,3.0,2.0,,,2.0,2.0,1.0,,,6.0,,,,,,1.0,1.0,,,,1.0,,1.0,,1.0,1.0,,1.0,,1.0,,2.0,,,,,,,6.0,18.0,,,,0.5,0.6666666666666666,0.6666666666666666,,,0.75,0.75,0.7,0.75,0.75,,,26.08695652173913,1.0,,,,,,0.14285714285714285,,,,,,,,,,0.25,,,,,,,,,,,,,0.75,0.6666666666666666,0.6666666666666666,0.5,1.0,0.25,,0.75,1.0,0.6666666666666666,0.580675,,0.580675,0.8571428571428571,1.3,25.433333333333334,0.9,,,,,2.0,,,,,2.0,,3.0,,1.0,,,,,,,,,,,1.0,,,1.0,,0.6666666666666666,,,,,,,,,,,,,0.6666666666666666,0.2,0.5,,,,,,,,1.0,,,,,0.2,,,1.0,,,,,,,,,,,,,,,,False,,,,,,,,
1642280,1610612746,Trentyn Flowers,Trentyn Flowers,1642280,LAC,945.0,16,13.0,34,34,23.0,18,4.0,68,2.0,5.0,1.0,2.0,2.0,2.0,,,,1.0,,1.0,1.0,4.0,7.0,,2.0,1.0,9,26,1.0,2.0,2.0,2.0,1.0,5.0,4.0,,,1.0,,,,,,,,,,1.0,1.0,1.0,1.0,3.0,1.0,4.0,1.0,,,1.0,,,,1.0,,1.0,3.0,,1.0,,1.0,,,,,,,5.0,23.0,,0.5,0.5,,,,0.5714285714285714,1.0,0.4444444444444444,0.5,0.5,0.625,0.2222222222222222,,,26.31578947368421,1.0,0.25,0.2,0.14285714285714285,0.1,0.13333333333333333,0.07142857142857142,0.25,,1.0,,,0.125,,0.2,,0.5555555555555556,0.4,0.4,0.5,0.2222222222222222,,,,,0.1111111111111111,,,,0.1111111111111111,,,,1.0,0.5,1.0,0.25,0.7777777777777778,,0.50765,0.5247,0.5162625,0.5555555555555556,4.557142857142857,25.15,0.6764705882352942,2.0,,,,,,,,,,4.0,,,,,,,1.0,,,,,1.0,,1.0,,,,,,,,,,,1.0,1.0,0.5,,,,,,0.1111111111111111,0.14285714285714285,,,,1.0,,,,,,,,,,,,,,,,,0.25,,,,,,,,,,,False,,,,,,,,
