EntityId,TeamId,Name,ShortName,RowId,TeamAbbreviation,SecondsPlayed,Minutes,PlusMinus,OffPoss,DefPoss,PenaltyOffPoss,PenaltyDefPoss,SecondChanceOffPoss,TotalPoss,AtRimFGM,AtRimFGA,SecondChanceAtRimFGM,SecondChanceAtRimFGA,PenaltyAtRimFGM,PenaltyAtRimFGA,ShortMidRangeFGM,ShortMidRangeFGA,FG2M,FG2A,FtPoints,Points,OpponentPoints,SecondChanceFG2M,SecondChanceFG2A,SecondChanceFtPoints,SecondChancePoints,PenaltyFG2M,PenaltyFG2A,PenaltyFtPoints,PenaltyPoints,PtsAssisted2s,PtsUnassisted2s,PtsPutbacks,Fg2aBlocked,TwoPtAssists,ThreePtAssists,Assists,Arc3Assists,AtRimAssists,ShortMidRangeAssists,AssistPoints,OffThreePtRebounds,OffTwoPtRebounds,DefThreePtRebounds,DefTwoPtRebounds,DefRebounds,OffRebounds,Rebounds,SelfOReb,Steals,BadPassSteals,LostBallSteals,DeadBallTurnovers,Turnovers,ShootingFouls,Fouls,Offensive Fouls,FoulsDrawn,Loose Ball Fouls Drawn,FTA,2pt And 1 Free Throw Trips,TwoPtShootingFoulsDrawn,Blocked2s,BlockedAtRim,BlockedShortMidRange,Blocks,RecoveredBlocks,PenaltyPointsExcludingTakeFouls,PenaltyOffPossExcludingTakeFouls,Assisted2sPct,NonPutbacksAssisted2sPct,Fg2Pct,SecondChanceFg2Pct,PenaltyFg2Pct,EfgPct,SecondChanceEfgPct,PenaltyEfgPct,TsPct,SecondChanceTsPct,PenaltyTsPct,FG2APctBlocked,AtRimPctBlocked,Usage,DefTwoPtReboundPct,OffTwoPtReboundPct,DefThreePtReboundPct,OffThreePtReboundPct,DefFGReboundPct,OffFGReboundPct,OffAtRimReboundPct,OffShortMidRangeReboundPct,OffLongMidRangeReboundPct,OffArc3ReboundPct,DefAtRimReboundPct,DefShortMidRangeReboundPct,DefLongMidRangeReboundPct,DefArc3ReboundPct,DefCorner3ReboundPct,SelfORebPct,BlocksRecoveredPct,AtRimFrequency,AtRimAccuracy,UnblockedAtRimAccuracy,AtRimPctAssisted,ShortMidRangeFrequency,ShortMidRangeAccuracy,UnblockedShortMidRangeAccuracy,ShortMidRangePctAssisted,SecondChanceAtRimFrequency,SecondChanceAtRimAccuracy,SecondChanceAtRimPctAssisted,PenaltyAtRimFrequency,PenaltyAtRimAccuracy,AtRimFG3AFrequency,ShotQualityAvg,SecondChanceShotQualityAvg,PenaltyShotQualityAvg,ShootingFoulsDrawnPct,TwoPtShootingFoulsDrawnPct,SecondChancePointsPct,PenaltyPointsPct,Avg2ptShotDistance,PenaltyOffPossPct,Corner3FGM,Corner3FGA,SecondChanceCorner3FGM,SecondChanceCorner3FGA,PenaltyCorner3FGM,PenaltyCorner3FGA,Arc3FGM,Arc3FGA,PenaltyArc3FGA,FG3M,FG3A,SecondChanceFG3M,SecondChanceFG3A,PenaltyFG3M,PenaltyFG3A,PtsAssisted3s,HeaveAttempts,NonHeaveArc3FGA,NonHeaveArc3FGM,FTDefRebounds,LiveBallTurnovers,BadPassTurnovers,LostBallTurnovers,3pt And 1 Free Throw Trips,ThreePtShootingFoulsDrawn,DefensiveGoaltends,NonShootingPenaltyNonTakeFouls,Assisted3sPct,Fg3Pct,SecondChanceFg3Pct,PenaltyFg3Pct,NonHeaveFg3Pct,FG3APct,ShortMidRangePctBlocked,LiveBallTurnoverPct,DefFTReboundPct,OffCorner3ReboundPct,Corner3Frequency,Corner3Accuracy,UnblockedCorner3Accuracy,Corner3PctAssisted,Arc3Frequency,Arc3Accuracy,UnblockedArc3Accuracy,Arc3PctAssisted,SecondChanceCorner3Frequency,SecondChanceCorner3Accuracy,SecondChanceCorner3PctAssisted,PenaltyCorner3Frequency,PenaltyCorner3Accuracy,PenaltyArc3Frequency,NonHeaveArc3Accuracy,ThreePtShootingFoulsDrawnPct,Avg3ptShotDistance,PenaltyTurnovers,Blocked3s,BlockedCorner3,LongMidRangeFGM,LongMidRangeFGA,SecondChanceArc3FGA,PenaltyArc3FGM,PtsUnassisted3s,Corner3Assists,LongMidRangeAssists,BadPassOutOfBoundsTurnovers,SecondChanceTurnovers,Loose Ball Fouls,Charge Fouls Drawn,Offensive Fouls Drawn,NonShootingFoulsDrawn,NonShootingPenaltyNonTakeFoulsDrawn,LongMidRangeFrequency,LongMidRangeAccuracy,UnblockedLongMidRangeAccuracy,SecondChanceArc3Frequency,PenaltyArc3Accuracy,FTOffRebounds,OffFTReboundPct,LostBallOutOfBoundsTurnovers,Travels,Technical Free Throw Trips,StepOutOfBoundsTurnovers,LongMidRangePctAssisted,Fg3aBlocked,FG3APctBlocked,Arc3PctBlocked,Transition Take Fouls Drawn,Defensive 3 Seconds Violations,on,Charge Fouls,BlockedArc3,3SecondViolations,SecondChanceArc3FGM,BlockedLongMidRange,LongMidRangePctBlocked,SecondChanceArc3Accuracy,SecondChanceArc3PctAssisted,Clear Path Fouls,OffensiveGoaltends,Transition Take Fouls,Corner3PctBlocked,HeaveMakes
1626158,1610612764,Richaun Holmes,Richaun Holmes,1626158,WAS,5591.0,93,2.0,188.0,192,33.0,48,30.0,380,15.0,27.0,7.0,15.0,1.0,5.0,1.0,5.0,16.0,32.0,10.0,42.0,210.0,7.0,15.0,1.0,15.0,1.0,6.0,2.0,4.0,16.0,16.0,12.0,3.0,8.0,6.0,14.0,6.0,5.0,3.0,34.0,2.0,14.0,10.0,13.0,23.0,16.0,39.0,2.0,3.0,1.0,2.0,2.0,2.0,7.0,9.0,2.0,10.0,2.0,12.0,2.0,7.0,3.0,1.0,2.0,3.0,2.0,4.0,33.0,0.5,0.8,0.5,0.4666666666666667,0.1666666666666666,0.5,0.4666666666666667,0.1666666666666666,0.5675675675675675,0.46875,0.2857142857142857,0.09375,0.1111111111111111,17.727272727272727,0.2280701754385964,0.2692307692307692,0.2631578947368421,0.0444444444444444,0.2421052631578947,0.1649484536082474,0.375,0.16,0.3333333333333333,0.0588235294117647,0.125,0.3333333333333333,0.1666666666666666,0.28125,0.1666666666666666,0.1538461538461538,0.6666666666666666,0.84375,0.5555555555555556,0.625,0.4666666666666667,0.15625,0.2,0.2,1.0,1.0,0.4666666666666667,0.1428571428571428,0.8333333333333334,0.2,0.84375,0.606546875,0.6027357142857143,0.4921166666666667,0.1891891891891892,0.1891891891891892,0.3571428571428571,0.0952380952380952,1.896875,0.175531914893617,,,,,,,,,,,,,,,,,,,,,,,,,,,,,,,,,,,,,,,,,,,,,,,,,,,,,,,,,,,,,,,,,,,,,,,,,,,,,,,,,,,,,,,,,True,,,,,,,,,,,,,
1629667,1610612764,Jalen McDaniels,Jalen McDaniels,1629667,WAS,34.0,1,,,3,,3,,3,,,,,,,,,,,,,,,,,,,,,,,,,,,,,,,,,,,,,,,,,,,,,,,,,,,,,,,,,,,,,,,,,,,,,,,,,,,,,,,,,,,,,,,,,,,,,,,,,,,,,,,,,,,,,,,,,,,,,,,,,,,,,,,,,,,,,,,,,,,,,,,,,,,,,,,,,,,,,,,,,,,,,,,,,,,,,,,,,,,,,,,,,,,,,,,,,,,,,,,,,,,True,,,,,,,,,,,,,
1630551,1610612764,Justin Champagnie,Justin Champagnie,1630551,WAS,5109.0,85,-33.0,171.0,181,42.0,38,24.0,352,3.0,3.0,2.0,2.0,1.0,1.0,1.0,3.0,4.0,6.0,2.0,28.0,210.0,2.0,3.0,,7.0,1.0,1.0,,8.0,4.0,4.0,4.0,1.0,3.0,1.0,4.0,1.0,2.0,1.0,9.0,4.0,3.0,9.0,8.0,18.0,7.0,25.0,1.0,4.0,4.0,,,3.0,1.0,3.0,,2.0,,3.0,,1.0,4.0,3.0,1.0,4.0,2.0,8.0,42.0,0.5,1.0,0.6666666666666666,0.6666666666666666,1.0,0.5652173913043478,0.875,0.5714285714285714,0.5833333333333334,0.875,0.5714285714285714,0.1666666666666666,,13.705583756345176,0.1481481481481481,0.0714285714285714,0.2432432432432432,0.0816326530612244,0.1868131868131868,0.0769230769230769,,0.0909090909090909,0.25,0.075,0.2272727272727272,0.0714285714285714,0.25,0.25,0.2,0.1,0.5,0.1304347826086956,1.0,1.0,0.3333333333333333,0.1304347826086956,0.3333333333333333,0.5,1.0,0.5,1.0,,0.1428571428571428,1.0,0.8695652173913043,0.5475045454545454,0.491075,0.6053166666666666,0.0833333333333333,0.1428571428571428,0.25,0.2857142857142857,4.433333333333333,0.2456140350877192,3.0,6.0,1.0,1.0,2.0,4.0,3.0,11.0,2.0,6.0,17.0,1.0,1.0,2.0,6.0,18.0,1.0,10.0,3.0,1.0,3.0,2.0,1.0,1.0,1.0,2.0,1.0,1.0,0.3529411764705882,1.0,0.3333333333333333,0.375,0.7391304347826086,0.3333333333333333,1.0,1.0,0.1111111111111111,0.2608695652173913,0.5,0.5,1.0,0.4782608695652174,0.2727272727272727,0.2727272727272727,1.0,0.25,1.0,1.0,0.5714285714285714,0.5,0.2857142857142857,0.3,0.0588235294117647,28.77647058823529,,,,,,,,,,,,,,,,,,,,,,,,,,,,,,,,,,,True,,,,,,,,,,,,,
1641731,1610612764,Bilal Coulibaly,Bilal Coulibaly,1641731,WAS,2762.0,46,1.0,93.0,101,39.0,49,13.0,194,5.0,10.0,1.0,3.0,1.0,2.0,,,5.0,10.0,3.0,13.0,108.0,1.0,3.0,,2.0,1.0,2.0,2.0,4.0,4.0,6.0,2.0,1.0,,3.0,3.0,3.0,,,9.0,1.0,2.0,2.0,,2.0,3.0,5.0,3.0,2.0,1.0,1.0,,2.0,1.0,3.0,,4.0,,5.0,1.0,3.0,2.0,1.0,1.0,3.0,,4.0,39.0,0.4,0.5,0.5,0.3333333333333333,0.5,0.3846153846153846,0.3333333333333333,0.5,0.4333333333333333,0.3333333333333333,0.6666666666666666,0.1,0.1,15.887850467289718,,0.1052631578947368,0.0869565217391304,0.0357142857142857,0.0377358490566037,0.0638297872340425,0.1538461538461538,,,,,,,0.1111111111111111,,0.4285714285714285,,0.7692307692307693,0.5,0.5555555555555556,0.4,,,,,1.0,0.3333333333333333,,1.0,0.5,1.0,0.6333346153846152,0.6241,0.62915,0.2,0.25,0.1538461538461538,0.3076923076923077,1.63,0.4193548387096774,,3.0,,,,,,,,,3.0,,,,,,,,,,2.0,2.0,,,,,1.0,,,,,,0.2307692307692307,,1.0,,0.2,0.2307692307692307,,,,,,,,,,,,,,,,23.8,1.0,1.0,1.0,,,,,,,,,,,,,,,,,,,,,,,,,,,,,,,,True,,,,,,,,,,,,,
203935,1610612764,Marcus Smart,Marcus Smart,203935,WAS,9259.0,154,-25.0,317.0,326,94.0,104,45.0,643,7.0,9.0,1.0,2.0,3.0,3.0,10.0,21.0,19.0,33.0,15.0,83.0,365.0,2.0,4.0,1.0,5.0,4.0,6.0,10.0,27.0,12.0,26.0,2.0,,8.0,11.0,19.0,6.0,6.0,1.0,49.0,3.0,,6.0,5.0,11.0,3.0,14.0,,8.0,6.0,2.0,5.0,11.0,6.0,15.0,2.0,18.0,1.0,19.0,1.0,4.0,1.0,1.0,,1.0,1.0,27.0,94.0,0.3157894736842105,0.3333333333333333,0.5757575757575758,0.5,0.6666666666666666,0.5666666666666667,0.3333333333333333,0.6538461538461539,0.6014492753623188,0.3571428571428571,0.7105263157894737,,,21.85792349726776,0.0543478260869565,,0.0845070422535211,0.0337078651685393,0.0674846625766871,0.0180722891566265,,,,0.0441176470588235,0.0625,0.0384615384615384,0.125,0.0689655172413793,0.1538461538461538,,1.0,0.15,0.7777777777777778,0.7777777777777778,0.5714285714285714,0.35,0.4761904761904761,0.4761904761904761,0.2,0.3333333333333333,0.5,1.0,0.2307692307692307,1.0,0.6,0.5054341666666666,0.5783699999999999,0.5060961538461538,0.0634920634920634,0.1111111111111111,0.0602409638554216,0.3253012048192771,7.478787878787878,0.2965299684542586,5.0,8.0,,,1.0,1.0,5.0,19.0,6.0,10.0,27.0,,2.0,3.0,7.0,27.0,,19.0,5.0,,6.0,3.0,3.0,,,,2.0,0.9,0.3703703703703703,,0.4285714285714285,0.3703703703703703,0.45,,0.5454545454545454,,,0.1333333333333333,0.625,0.625,1.0,0.3166666666666666,0.2631578947368421,0.2631578947368421,0.8,,,,0.0769230769230769,1.0,0.4615384615384615,0.2631578947368421,,25.607407407407408,4.0,,,2.0,3.0,2.0,2.0,3.0,5.0,1.0,2.0,1.0,1.0,1.0,3.0,6.0,6.0,0.05,0.6666666666666666,0.6666666666666666,0.3333333333333333,0.3333333333333333,,,,,,,,,,,,,True,,,,,,,,,,,,,
1629673,1610612764,Jordan Poole,Jordan Poole,1629673,WAS,715.0,12,8.0,29.0,27,15.0,20,3.0,56,,,,,,,1.0,1.0,2.0,3.0,8.0,21.0,36.0,,,,,1.0,1.0,6.0,14.0,2.0,2.0,,,,,,,,,,,,2.0,1.0,3.0,1.0,4.0,,,,,,2.0,1.0,2.0,,9.0,,8.0,1.0,2.0,,,,,,14.0,15.0,0.5,0.5,0.6666666666666666,,1.0,0.8125,,1.0,0.875,,1.0,,,41.935483870967744,0.1428571428571428,,0.6666666666666666,,0.3,,,,,,,0.2,,0.5,1.0,,,,,,,0.125,1.0,1.0,1.0,,,,,,0.625,0.4381374999999999,,0.4032375,0.2222222222222222,0.5,,0.6666666666666666,15.333333333333334,0.5172413793103449,,,,,,,3.0,5.0,3.0,3.0,5.0,,,2.0,3.0,3.0,,5.0,3.0,,2.0,,2.0,,,,,0.3333333333333333,0.6,,0.6666666666666666,0.6,0.625,,1.0,,,,,,,0.625,0.6,0.6,0.3333333333333333,,,,,,0.75,0.6,,27.880000000000003,1.0,,,1.0,2.0,,2.0,6.0,,,,,,,,3.0,2.0,0.25,0.5,0.5,,0.6666666666666666,1.0,1.0,,,,,,,,,,,True,,,,,,,,,,,,,
203114,1610612764,Khris Middleton,Khris Middleton,203114,WAS,1029.0,17,,38.0,40,18.0,35,4.0,78,2.0,3.0,,,2.0,2.0,,,2.0,3.0,4.0,8.0,48.0,,,2.0,2.0,2.0,2.0,2.0,6.0,4.0,,,,,,,,,,,,,,2.0,3.0,,3.0,,2.0,2.0,,1.0,1.0,1.0,4.0,1.0,2.0,,4.0,,,,,,,,6.0,18.0,1.0,1.0,0.6666666666666666,,1.0,0.3333333333333333,,0.4,0.5,0.5,0.5,,,21.951219512195124,0.25,,,,0.1428571428571428,,,,,,,0.3333333333333333,,,,,,0.5,0.6666666666666666,0.6666666666666666,1.0,,,,,,,,0.4,1.0,1.0,0.5309833333333333,,0.51142,,,0.25,0.75,2.766666666666667,0.4736842105263157,,1.0,,,,1.0,,2.0,2.0,,3.0,,1.0,,3.0,,,2.0,,1.0,,,,,,,1.0,,,,,,0.5,,,0.25,,0.1666666666666666,,,,0.3333333333333333,,,,,,,0.2,,0.4,,,24.866666666666664,,,,,,1.0,,,,,,,,,,2.0,1.0,,,,1.0,,,,,,,,,,,,,,True,,,,,,,,,,,,,
1630557,1610612764,Corey Kispert,Corey Kispert,1630557,WAS,8221.0,137,-19.0,286.0,285,82.0,71,41.0,571,7.0,11.0,,,,2.0,3.0,8.0,10.0,19.0,14.0,58.0,321.0,,1.0,5.0,5.0,,3.0,6.0,15.0,14.0,6.0,,3.0,6.0,7.0,13.0,3.0,3.0,3.0,33.0,1.0,2.0,4.0,11.0,15.0,3.0,18.0,1.0,,,,2.0,5.0,4.0,7.0,,8.0,,18.0,,6.0,2.0,1.0,1.0,2.0,,15.0,82.0,0.7,0.7,0.5263157894736842,,,0.4680851063829787,,0.4090909090909091,0.5,0.3333333333333333,0.4666666666666667,0.1578947368421052,0.0909090909090909,17.7710843373494,0.1325301204819277,0.0277777777777777,0.0634920634920634,0.0123456790123456,0.1027397260273972,0.0196078431372549,,0.0588235294117647,,0.0163934426229508,0.1290322580645161,0.108695652173913,0.3333333333333333,0.0384615384615384,0.1818181818181818,0.0384615384615384,,0.2340425531914893,0.6363636363636364,0.7,0.7142857142857143,0.1702127659574468,0.375,0.5,0.6666666666666666,,,,0.1818181818181818,,0.8297872340425532,0.5299265957446808,0.47215,0.50965,0.1132075471698113,0.24,0.0862068965517241,0.2586206896551724,4.131578947368421,0.2867132867132867,1.0,5.0,,,1.0,3.0,7.0,23.0,5.0,8.0,28.0,,2.0,3.0,8.0,24.0,,23.0,7.0,,3.0,3.0,,,,,1.0,1.0,0.2857142857142857,,0.375,0.2857142857142857,0.5957446808510638,0.25,0.6,,,0.1063829787234042,0.2,0.2,1.0,0.4893617021276595,0.3043478260869565,0.3043478260869565,1.0,,,,0.2727272727272727,0.3333333333333333,0.4545454545454545,0.3043478260869565,,26.660714285714285,1.0,,,,,2.0,2.0,,4.0,,,,1.0,,,2.0,1.0,,,,0.6666666666666666,0.4,,,1.0,1.0,3.0,,,,,,,,True,,,,,,,,,,,,,
1642267,1610612764,Bub Carrington,Bub Carrington,1642267,WAS,6003.0,100,-25.0,205.0,209,55.0,57,30.0,414,4.0,8.0,1.0,2.0,,2.0,2.0,8.0,8.0,22.0,4.0,41.0,226.0,1.0,2.0,,2.0,2.0,5.0,1.0,8.0,6.0,10.0,2.0,2.0,4.0,6.0,10.0,5.0,3.0,1.0,26.0,1.0,2.0,10.0,6.0,16.0,3.0,19.0,1.0,4.0,3.0,1.0,5.0,10.0,3.0,6.0,,6.0,,6.0,,2.0,,,,,,8.0,55.0,0.375,0.4285714285714285,0.3636363636363636,0.5,0.4,0.4512195121951219,0.3333333333333333,0.3888888888888889,0.4659090909090909,0.3333333333333333,0.4,0.0909090909090909,0.125,22.5,0.0967741935483871,0.0333333333333333,0.2127659574468085,0.0181818181818181,0.146788990825688,0.0260869565217391,0.04,0.0333333333333333,,0.027027027027027,0.1428571428571428,0.0571428571428571,0.1666666666666666,0.2105263157894736,0.2222222222222222,0.0416666666666666,,0.1951219512195122,0.5,0.5714285714285714,0.25,0.1951219512195122,0.25,0.2857142857142857,0.5,0.6666666666666666,0.5,,0.2222222222222222,,0.6585365853658537,0.523937804878049,0.6575500000000001,0.498511111111111,0.0465116279069767,0.0833333333333333,0.048780487804878,0.1951219512195122,8.40909090909091,0.2682926829268293,2.0,5.0,,1.0,,,5.0,14.0,4.0,7.0,19.0,,1.0,1.0,4.0,18.0,,14.0,5.0,,5.0,5.0,,,,,,0.8571428571428571,0.3684210526315789,,0.25,0.3684210526315789,0.4634146341463415,0.125,0.5,,,0.1219512195121951,0.4,0.4,1.0,0.3414634146341463,0.3571428571428571,0.3571428571428571,0.8,0.3333333333333333,,,,,0.4444444444444444,0.3571428571428571,,25.305263157894736,1.0,,,2.0,6.0,,1.0,3.0,1.0,,3.0,3.0,,,,1.0,1.0,0.1463414634146341,0.3333333333333333,0.3333333333333333,,0.25,,,1.0,,,1.0,0.5,,,,,,True,,,,,,,,,,,,,
1642273,1610612764,Kyshawn George,Kyshawn George,1642273,WAS,4530.0,76,-13.0,153.0,162,47.0,63,22.0,315,3.0,8.0,,,1.0,2.0,,5.0,3.0,13.0,4.0,25.0,182.0,,,,,1.0,4.0,2.0,10.0,4.0,2.0,,4.0,6.0,2.0,8.0,1.0,5.0,1.0,18.0,1.0,1.0,1.0,2.0,4.0,2.0,6.0,,4.0,3.0,1.0,3.0,7.0,8.0,11.0,,5.0,,4.0,,2.0,4.0,,4.0,4.0,2.0,10.0,47.0,0.6666666666666666,0.6666666666666666,0.2307692307692307,,0.25,0.3088235294117647,,0.3076923076923077,0.3472222222222222,,0.3571428571428571,0.3076923076923077,0.25,24.431818181818183,0.054054054054054,0.03125,0.027027027027027,0.0212765957446808,0.0405405405405405,0.0253164556962025,0.0625,,,0.027027027027027,,0.0434782608695652,0.3333333333333333,,0.1428571428571428,,0.5,0.2352941176470588,0.375,0.5,0.6666666666666666,0.1470588235294117,,,,,,,0.1538461538461538,0.5,0.8529411764705882,0.5290467741935484,,0.54207,0.0555555555555555,0.1333333333333333,,0.4,5.438461538461539,0.3071895424836601,,4.0,,,,1.0,5.0,17.0,8.0,5.0,21.0,,,2.0,9.0,15.0,2.0,15.0,5.0,1.0,4.0,2.0,2.0,,,,,1.0,0.238095238095238,,0.2222222222222222,0.2631578947368421,0.6176470588235294,0.4,0.5714285714285714,0.1666666666666666,,0.1176470588235294,,,,0.5,0.2941176470588235,0.3125,1.0,,,,0.0769230769230769,,0.6153846153846154,0.3333333333333333,,29.72380952380952,3.0,,,,,,2.0,,1.0,,,1.0,,,1.0,,,,,,,0.25,,,,3.0,,,,1.0,0.0476190476190476,0.0588235294117647,,,True,,,,,,,,,,,,,
1641774,1610612764,Tristan Vukcevic,Tristan Vukcevic,1641774,WAS,2259.0,38,-17.0,79.0,78,38.0,20,9.0,157,,2.0,,1.0,,1.0,2.0,3.0,3.0,6.0,4.0,19.0,90.0,1.0,2.0,2.0,4.0,2.0,3.0,2.0,12.0,4.0,2.0,,1.0,1.0,1.0,2.0,1.0,1.0,,5.0,2.0,1.0,3.0,5.0,9.0,3.0,12.0,1.0,,,,2.0,2.0,3.0,6.0,1.0,4.0,,4.0,,2.0,2.0,,2.0,2.0,1.0,12.0,38.0,0.6666666666666666,0.6666666666666666,0.5,0.5,0.6666666666666666,0.4411764705882353,0.5,0.5555555555555556,0.5,0.6666666666666666,0.6,0.1666666666666666,0.5,23.33333333333333,0.1785714285714285,0.0588235294117647,0.1363636363636363,0.0689655172413793,0.16,0.0652173913043478,0.125,,,0.0909090909090909,0.1666666666666666,0.2,,0.1764705882352941,,0.1,0.5,0.1176470588235294,,,,0.1764705882352941,0.6666666666666666,0.6666666666666666,1.0,0.5,,,0.1111111111111111,,0.7647058823529411,0.5270911764705882,,0.5073833333333333,0.1052631578947368,0.25,0.2105263157894736,0.631578947368421,7.283333333333334,0.4810126582278481,,,,,,,3.0,11.0,6.0,3.0,11.0,,,2.0,6.0,9.0,,11.0,3.0,1.0,,,,,,,1.0,1.0,0.2727272727272727,,0.3333333333333333,0.2727272727272727,0.6470588235294118,,,0.5,,,,,,0.6470588235294118,0.2727272727272727,0.2727272727272727,1.0,,,,,,0.6666666666666666,0.2727272727272727,,26.29090909090909,1.0,,,1.0,1.0,,2.0,,,,,1.0,1.0,1.0,,,,0.0588235294117647,1.0,1.0,,0.3333333333333333,,,,1.0,,,,,,,1.0,1.0,True,,,,,,,,,,,,,
1642259,1610612764,Alex Sarr,Alex Sarr,1642259,WAS,783.0,13,-4.0,26.0,26,7.0,12,4.0,52,1.0,1.0,,,,,,1.0,1.0,3.0,,2.0,29.0,,,,,,,,,2.0,,,,,1.0,1.0,1.0,,,3.0,,1.0,,1.0,1.0,1.0,2.0,1.0,,,,,,1.0,1.0,,,,,,,,,,,,,7.0,1.0,1.0,0.3333333333333333,,,0.2,,,0.2,,,,,16.666666666666668,0.5,0.1666666666666666,,,0.1111111111111111,0.0666666666666666,,1.0,,,1.0,,,,,0.25,,0.2,1.0,1.0,1.0,0.2,,,,,,,,,0.6,0.49299,,0.51765,,,,,9.8,0.2692307692307692,,,,,,,,2.0,1.0,,2.0,,,,1.0,,,2.0,,,,,,,,,,,,,,,0.4,,,,,,,,,0.4,,,,,,,,,1.0,,,25.55,,,,,1.0,,,,,,,,,,,,,0.2,,,,,,,,,,,,,,,,,True,,,,,,,,,,,,,
1626158,1610612764,Richaun Holmes,Richaun Holmes,1626158,WAS,21519.0,359,-20.0,731.0,725,184.0,183,95.0,1456,48.0,54.0,16.0,21.0,10.0,12.0,13.0,26.0,61.0,81.0,31.0,153.0,868.0,17.0,24.0,9.0,43.0,13.0,18.0,15.0,41.0,86.0,36.0,26.0,4.0,10.0,14.0,24.0,12.0,2.0,6.0,62.0,8.0,25.0,29.0,44.0,75.0,33.0,108.0,1.0,4.0,3.0,1.0,10.0,17.0,19.0,33.0,3.0,37.0,8.0,37.0,5.0,20.0,15.0,8.0,7.0,16.0,9.0,41.0,184.0,0.7049180327868853,0.8958333333333334,0.7530864197530864,0.7083333333333334,0.7222222222222222,0.7261904761904762,0.68,0.6842105263157895,0.7574257425742574,0.6935483870967742,0.7592592592592593,0.0493827160493827,,13.978494623655916,0.2256410256410256,0.1644736842105263,0.18125,0.0454545454545454,0.2056338028169014,0.1006097560975609,0.0975609756097561,0.2289156626506024,0.0714285714285714,0.0482758620689655,0.2333333333333333,0.2336448598130841,0.1785714285714285,0.1653543307086614,0.2424242424242424,0.0526315789473684,0.5625,0.6428571428571429,0.8888888888888888,0.8888888888888888,0.7083333333333334,0.3095238095238095,0.5,0.5909090909090909,0.6923076923076923,0.84,0.7619047619047619,0.25,0.631578947368421,0.8333333333333334,0.6785714285714286,0.5728249999999999,0.5713090909090909,0.5870342105263159,0.202020202020202,0.2083333333333333,0.2810457516339869,0.2679738562091503,3.581481481481482,0.2517099863201094,,2.0,,1.0,,1.0,,1.0,,,3.0,,1.0,,1.0,,,1.0,,2.0,7.0,2.0,5.0,,,4.0,,,,,,,0.0357142857142857,0.1538461538461538,0.4117647058823529,0.2,0.032258064516129,0.0238095238095238,,,,0.0119047619047619,,,,0.04,,,0.0526315789473684,,,,,24.3,4.0,1.0,,,1.0,,,,2.0,2.0,2.0,1.0,4.0,,3.0,2.0,1.0,0.0119047619047619,,,,,,,,1.0,,,,,,,,,False,1.0,1.0,1.0,,,,,,,,,,
1627763,1610612764,Malcolm Brogdon,Malcolm Brogdon,1627763,WAS,33844.0,564,-120.0,1175.0,1178,215.0,272,126.0,2353,55.0,85.0,5.0,8.0,9.0,11.0,24.0,68.0,88.0,184.0,81.0,305.0,1415.0,8.0,14.0,5.0,27.0,16.0,29.0,27.0,62.0,64.0,112.0,6.0,17.0,55.0,43.0,98.0,31.0,33.0,17.0,239.0,8.0,13.0,35.0,34.0,70.0,21.0,91.0,6.0,13.0,8.0,5.0,16.0,38.0,10.0,30.0,1.0,68.0,1.0,92.0,6.0,35.0,5.0,,4.0,5.0,3.0,61.0,214.0,0.3636363636363636,0.3764705882352941,0.4782608695652174,0.5714285714285714,0.5517241379310345,0.4666666666666667,0.55,0.4605263157894737,0.5391459074733096,0.5869565217391305,0.5754716981132075,0.092391304347826,0.0941176470588235,24.111866969009824,0.125,0.0448275862068965,0.1296296296296296,0.0310077519379844,0.1273062730627306,0.0383211678832116,0.037037037037037,0.0526315789473684,0.0350877192982456,0.0285714285714285,0.0595238095238095,0.1328125,0.2,0.1317073170731707,0.123076923076923,0.0526315789473684,0.6,0.3541666666666667,0.6470588235294118,0.7142857142857143,0.3090909090909091,0.2833333333333333,0.3529411764705882,0.4,0.5,0.4,0.625,0.2,0.2894736842105263,0.8181818181818182,0.5875,0.5389859832635981,0.5244111111111112,0.5216283783783784,0.1365313653136531,0.1643192488262911,0.0885245901639344,0.2032786885245901,6.922282608695651,0.1829787234042553,2.0,5.0,,,,2.0,14.0,51.0,7.0,16.0,56.0,2.0,6.0,1.0,9.0,45.0,1.0,50.0,14.0,1.0,22.0,13.0,9.0,,2.0,,5.0,0.9375,0.2857142857142857,0.3333333333333333,0.1111111111111111,0.2909090909090909,0.2333333333333333,0.1176470588235294,0.5789473684210527,0.0303030303030303,0.0416666666666666,0.0208333333333333,0.4,0.4,1.0,0.2125,0.2745098039215686,0.2857142857142857,0.9285714285714286,,,,0.0526315789473684,,0.1842105263157894,0.28,0.0344827586206896,26.64107142857143,6.0,,,9.0,31.0,6.0,1.0,3.0,12.0,5.0,7.0,6.0,1.0,,1.0,10.0,9.0,0.1291666666666666,0.2903225806451613,0.3,0.3,0.1428571428571428,,,8.0,,2.0,,0.3333333333333333,2.0,0.0357142857142857,0.0392156862745098,,,False,,,,2.0,1.0,0.032258064516129,0.3333333333333333,1.0,,,,,
1628398,1610612764,Kyle Kuzma,Kyle Kuzma,1628398,WAS,53216.0,887,-403.0,1879.0,1890,297.0,334,214.0,3769,85.0,121.0,8.0,15.0,7.0,14.0,53.0,143.0,146.0,295.0,59.0,486.0,2279.0,13.0,25.0,1.0,42.0,12.0,32.0,20.0,53.0,160.0,132.0,6.0,22.0,40.0,39.0,79.0,30.0,25.0,10.0,197.0,12.0,15.0,100.0,46.0,158.0,27.0,185.0,8.0,20.0,15.0,5.0,33.0,73.0,25.0,52.0,5.0,80.0,5.0,98.0,7.0,41.0,6.0,4.0,2.0,7.0,5.0,53.0,296.0,0.547945205479452,0.5594405594405595,0.4949152542372881,0.52,0.375,0.4692307692307692,0.4880952380952381,0.3,0.4859719438877755,0.4666666666666667,0.3785714285714285,0.0745762711864406,0.0743801652892562,26.84185828249648,0.1108433734939759,0.0304259634888438,0.2237136465324384,0.0252100840336134,0.1693735498839907,0.0278637770897832,0.0266666666666666,0.0367647058823529,0.0140845070422535,0.0209973753280839,0.0944881889763779,0.1194690265486725,0.1129032258064516,0.2222222222222222,0.2280701754385964,0.0338983050847457,0.7142857142857143,0.2659340659340659,0.7024793388429752,0.7589285714285714,0.611764705882353,0.3142857142857143,0.3706293706293706,0.4076923076923077,0.4716981132075472,0.3571428571428571,0.5333333333333333,0.625,0.2545454545454545,0.5,0.6175824175824176,0.5262273230088496,0.5330517241379311,0.5008250000000001,0.0857142857142857,0.1246200607902735,0.0864197530864197,0.1090534979423868,6.454915254237288,0.1580627993613624,14.0,37.0,3.0,6.0,,4.0,31.0,123.0,19.0,45.0,160.0,5.0,17.0,3.0,23.0,102.0,1.0,122.0,31.0,12.0,40.0,19.0,21.0,,1.0,1.0,1.0,0.7555555555555555,0.28125,0.2941176470588235,0.1304347826086956,0.2830188679245283,0.3516483516483517,0.0909090909090909,0.547945205479452,0.3428571428571428,0.0421052631578947,0.0813186813186813,0.3783783783783784,0.3783783783783784,0.9285714285714286,0.2703296703296703,0.2520325203252032,0.2520325203252032,0.6774193548387096,0.1428571428571428,0.5,0.6666666666666666,0.0727272727272727,,0.3454545454545454,0.2540983606557377,0.0062111801242236,25.994375,15.0,1.0,,8.0,31.0,11.0,3.0,33.0,9.0,5.0,8.0,2.0,1.0,4.0,5.0,9.0,9.0,0.0681318681318681,0.2580645161290322,0.2580645161290322,0.2619047619047619,0.1578947368421052,,,10.0,3.0,2.0,,0.375,,,,,,False,4.0,1.0,,2.0,,,0.1818181818181818,0.5,1.0,3.0,,,
1629673,1610612764,Jordan Poole,Jordan Poole,1629673,WAS,99733.0,1662,-488.0,3546.0,3516,694.0,724,390.0,7062,124.0,184.0,8.0,13.0,27.0,38.0,43.0,137.0,181.0,370.0,197.0,1117.0,4204.0,13.0,26.0,6.0,74.0,37.0,74.0,75.0,284.0,128.0,234.0,6.0,53.0,169.0,83.0,252.0,62.0,117.0,44.0,587.0,13.0,13.0,67.0,76.0,146.0,26.0,172.0,11.0,77.0,61.0,16.0,65.0,170.0,71.0,168.0,10.0,240.0,6.0,225.0,11.0,77.0,21.0,6.0,15.0,25.0,15.0,282.0,692.0,0.3535911602209944,0.3595505617977528,0.4891891891891892,0.5,0.5,0.5281285878300803,0.5074626865671642,0.5471204188481675,0.5722394220846233,0.5285714285714286,0.6130434782608696,0.1432432432432432,0.125,28.3966033966034,0.0869565217391304,0.0154211150652431,0.0834371108343711,0.0139935414424111,0.0852713178294573,0.0146726862302483,0.0116279069767441,0.0133037694013303,0.0298507462686567,0.015625,0.0983606557377049,0.0855397148676171,0.0719424460431654,0.0760330578512396,0.106060606060606,0.0253456221198156,0.6,0.2112514351320321,0.6739130434782609,0.7701863354037267,0.3548387096774194,0.1572904707233065,0.3138686131386861,0.3909090909090909,0.3255813953488372,0.1940298507462686,0.6153846153846154,0.375,0.1989528795811518,0.7105263157894737,0.7864523536165328,0.5382998846597462,0.5221678571428571,0.5272954545454546,0.0911016949152542,0.1766055045871559,0.0662488809310653,0.2542524619516562,6.204054054054053,0.1957134799774393,14.0,42.0,3.0,6.0,4.0,8.0,172.0,459.0,109.0,186.0,501.0,14.0,41.0,45.0,117.0,333.0,3.0,456.0,172.0,3.0,105.0,64.0,41.0,2.0,9.0,,17.0,0.5967741935483871,0.3712574850299401,0.3414634146341463,0.3846153846153846,0.3734939759036144,0.5752009184845006,0.1970802919708029,0.6176470588235294,0.0365853658536585,0.0062111801242236,0.0482204362801377,0.3333333333333333,0.3414634146341463,1.0,0.5269804822043628,0.3747276688453159,0.3788546255506608,0.563953488372093,0.0895522388059701,0.5,1.0,0.0418848167539267,0.5,0.5706806282722513,0.3771929824561403,0.0177165354330708,27.51017964071857,29.0,4.0,2.0,14.0,49.0,35.0,41.0,225.0,21.0,8.0,21.0,8.0,5.0,,18.0,25.0,23.0,0.0562571756601607,0.2857142857142857,0.3043478260869565,0.5223880597014925,0.3761467889908257,,,11.0,11.0,11.0,5.0,0.4285714285714285,6.0,0.0119760479041916,0.0108932461873638,,1.0,False,3.0,2.0,,11.0,,0.0612244897959183,0.3142857142857143,0.6363636363636364,1.0,,2.0,0.0238095238095238,
1630557,1610612764,Corey Kispert,Corey Kispert,1630557,WAS,85279.0,1421,-252.0,2978.0,2952,688.0,763,339.0,5930,81.0,118.0,11.0,15.0,21.0,31.0,40.0,90.0,121.0,211.0,57.0,629.0,3570.0,13.0,20.0,13.0,72.0,27.0,45.0,3.0,132.0,192.0,50.0,14.0,27.0,49.0,38.0,87.0,27.0,26.0,14.0,212.0,21.0,12.0,62.0,54.0,126.0,33.0,159.0,2.0,26.0,14.0,12.0,20.0,58.0,43.0,87.0,4.0,49.0,1.0,66.0,4.0,24.0,12.0,9.0,2.0,12.0,7.0,131.0,686.0,0.7933884297520661,0.8421052631578947,0.5734597156398105,0.65,0.6,0.5652173913043478,0.5566037735849056,0.5707964601769911,0.5881801125703565,0.6120689655172413,0.5739130434782609,0.1279620853080568,0.1186440677966101,17.533432392273404,0.0779220779220779,0.0174418604651162,0.0868347338935574,0.0309278350515463,0.0824449182658138,0.0241404535479151,0.032258064516129,0.010752688172043,0.0101010101010101,0.0329289428076256,0.1092896174863388,0.0606060606060606,0.087719298245614,0.0790960451977401,0.1092896174863388,0.0085470085470085,0.5833333333333334,0.233201581027668,0.6864406779661016,0.7788461538461539,0.7777777777777778,0.1778656126482213,0.4444444444444444,0.5194805194805194,0.825,0.2830188679245283,0.7333333333333333,0.3636363636363636,0.2743362831858407,0.6774193548387096,0.8162055335968379,0.5407660678642713,0.5388545454545454,0.54238623853211,0.0583804143126177,0.1038961038961039,0.1144674085850556,0.2098569157392686,4.675829383886256,0.2310275352585628,20.0,51.0,4.0,9.0,2.0,10.0,90.0,244.0,58.0,110.0,295.0,11.0,33.0,25.0,68.0,309.0,5.0,239.0,90.0,10.0,38.0,22.0,16.0,2.0,7.0,1.0,5.0,0.9363636363636364,0.3728813559322034,0.3333333333333333,0.3676470588235294,0.3793103448275862,0.5830039525691699,0.1444444444444444,0.6551724137931034,0.1388888888888889,0.0196078431372549,0.1007905138339921,0.392156862745098,0.4081632653061224,0.9,0.4822134387351778,0.3688524590163934,0.371900826446281,0.9444444444444444,0.1698113207547169,0.4444444444444444,0.5,0.0884955752212389,0.2,0.5132743362831859,0.3765690376569037,0.0233333333333333,26.59084745762712,11.0,,,,3.0,24.0,23.0,21.0,11.0,9.0,5.0,3.0,4.0,,6.0,2.0,,0.0059288537549407,,,0.4528301886792453,0.396551724137931,,,1.0,6.0,2.0,1.0,,4.0,0.0135593220338983,0.0081967213114754,,,False,2.0,,,7.0,1.0,,0.2916666666666667,0.7142857142857143,,,,0.0392156862745098,
1630551,1610612764,Justin Champagnie,Justin Champagnie,1630551,WAS,45061.0,751,-146.0,1580.0,1598,379.0,389,205.0,3178,64.0,89.0,20.0,29.0,16.0,21.0,13.0,37.0,77.0,128.0,33.0,307.0,1873.0,20.0,35.0,5.0,57.0,22.0,34.0,16.0,81.0,90.0,64.0,38.0,12.0,21.0,16.0,37.0,14.0,11.0,7.0,90.0,20.0,40.0,52.0,57.0,125.0,62.0,187.0,5.0,36.0,21.0,15.0,15.0,35.0,37.0,73.0,3.0,33.0,3.0,46.0,6.0,17.0,22.0,11.0,11.0,26.0,13.0,81.0,378.0,0.5844155844155844,0.7758620689655172,0.6015625,0.5714285714285714,0.6470588235294118,0.5805084745762712,0.6190476190476191,0.5701754385964912,0.6043307086614174,0.6333333333333333,0.6230769230769231,0.09375,0.0561797752808988,15.852989577619308,0.1428571428571428,0.1063829787234042,0.1306532663316583,0.0493827160493827,0.1367628607277289,0.0768245838668373,0.1379310344827586,0.0765306122448979,0.140625,0.0473372781065088,0.0666666666666666,0.1401869158878504,0.2923076923076923,0.1462585034013605,0.0865384615384615,0.048076923076923,0.5,0.3771186440677966,0.7191011235955056,0.7619047619047619,0.53125,0.1567796610169491,0.3513513513513513,0.4333333333333333,0.8461538461538461,0.6904761904761905,0.6896551724137931,0.05,0.3684210526315789,0.7619047619047619,0.8347457627118644,0.5720811440677965,0.5727264705882351,0.5567166666666666,0.0763052208835341,0.1223021582733813,0.1856677524429967,0.263843648208469,3.3375000000000004,0.239873417721519,10.0,34.0,2.0,2.0,1.0,5.0,30.0,74.0,18.0,40.0,108.0,4.0,7.0,7.0,23.0,117.0,,74.0,30.0,16.0,20.0,13.0,7.0,,2.0,1.0,5.0,0.975,0.3703703703703703,0.5714285714285714,0.3043478260869565,0.3703703703703703,0.4576271186440678,0.1891891891891892,0.5714285714285714,0.4,0.0597014925373134,0.1440677966101695,0.2941176470588235,0.303030303030303,1.0,0.3135593220338983,0.4054054054054054,0.410958904109589,0.9666666666666668,0.0476190476190476,1.0,1.0,0.087719298245614,0.2,0.3157894736842105,0.4054054054054054,0.0181818181818181,25.842592592592595,5.0,4.0,1.0,,2.0,5.0,6.0,3.0,2.0,3.0,5.0,5.0,4.0,,4.0,5.0,5.0,0.0084745762711864,,,0.119047619047619,0.3333333333333333,2.0,0.05,2.0,2.0,,2.0,,2.0,0.0185185185185185,0.0135135135135135,,,False,,3.0,,2.0,,,0.4,1.0,,1.0,,0.0294117647058823,
1641731,1610612764,Bilal Coulibaly,Bilal Coulibaly,1641731,WAS,114091.0,1902,-588.0,4014.0,4025,798.0,945,430.0,8039,134.0,188.0,17.0,31.0,30.0,44.0,46.0,146.0,195.0,390.0,135.0,714.0,4851.0,23.0,42.0,11.0,72.0,40.0,80.0,39.0,146.0,200.0,190.0,34.0,43.0,91.0,106.0,197.0,80.0,49.0,33.0,500.0,46.0,42.0,113.0,70.0,201.0,88.0,289.0,21.0,76.0,54.0,22.0,46.0,123.0,52.0,136.0,4.0,139.0,3.0,180.0,25.0,94.0,36.0,20.0,15.0,38.0,22.0,146.0,795.0,0.5128205128205128,0.5617977528089888,0.5,0.5476190476190477,0.5,0.4738134206219312,0.4919354838709677,0.4572649572649572,0.5181686046511628,0.5070422535211268,0.5289855072463768,0.1102564102564102,0.0851063829787234,17.950420540061973,0.0736842105263157,0.0448717948717948,0.1230936819172113,0.0450097847358121,0.0979657387580299,0.0449438202247191,0.0449826989619377,0.0491803278688524,0.0314465408805031,0.0447585394581861,0.0766423357664233,0.0514285714285714,0.1456953642384106,0.1183431952662721,0.1363636363636363,0.0688524590163934,0.5789473684210527,0.3076923076923077,0.7127659574468085,0.7790697674418605,0.5970149253731343,0.2389525368248772,0.3150684931506849,0.3833333333333333,0.3260869565217391,0.5,0.5483870967741935,0.1176470588235294,0.376068376068376,0.6818181818181818,0.6693944353518821,0.550379296235679,0.5370152777777779,0.5547059829059828,0.138235294117647,0.2047930283224401,0.1008403361344537,0.2044817927170868,6.3933333333333335,0.1988041853512705,19.0,53.0,1.0,3.0,3.0,11.0,44.0,168.0,26.0,63.0,221.0,5.0,20.0,9.0,37.0,171.0,,168.0,44.0,18.0,77.0,47.0,30.0,,,,20.0,0.9047619047619048,0.2850678733031674,0.25,0.2432432432432432,0.2850678733031674,0.3617021276595745,0.1780821917808219,0.6260162601626016,0.1764705882352941,0.0462427745664739,0.0867430441898527,0.3584905660377358,0.3584905660377358,0.9473684210526316,0.2749590834697217,0.2619047619047619,0.2650602409638554,0.8863636363636364,0.0483870967741935,0.3333333333333333,1.0,0.094017094017094,0.2727272727272727,0.2222222222222222,0.2619047619047619,,25.868778280542998,23.0,2.0,,15.0,56.0,17.0,6.0,18.0,26.0,9.0,19.0,9.0,4.0,1.0,3.0,8.0,8.0,0.0916530278232405,0.2678571428571428,0.2727272727272727,0.2741935483870967,0.2307692307692307,,,9.0,4.0,1.0,5.0,0.3333333333333333,2.0,0.0090497737556561,0.0119047619047619,,,False,3.0,2.0,,4.0,1.0,0.0178571428571428,0.2352941176470588,1.0,,,,,
1642267,1610612764,Bub Carrington,Bub Carrington,1642267,WAS,106584.0,1776,-640.0,3719.0,3729,722.0,871,407.0,7448,31.0,60.0,2.0,6.0,5.0,8.0,37.0,81.0,104.0,215.0,46.0,548.0,4569.0,5.0,13.0,1.0,29.0,19.0,33.0,16.0,138.0,106.0,102.0,,15.0,140.0,108.0,248.0,81.0,87.0,43.0,604.0,18.0,6.0,127.0,76.0,211.0,25.0,236.0,1.0,43.0,24.0,19.0,37.0,90.0,83.0,142.0,7.0,77.0,6.0,54.0,6.0,19.0,12.0,10.0,2.0,13.0,8.0,138.0,722.0,0.5096153846153846,0.5096153846153846,0.4837209302325581,0.3846153846153846,0.5757575757575758,0.502,0.3888888888888889,0.6777777777777778,0.5239923224568138,0.4027777777777778,0.7040816326530612,0.0697674418604651,0.1,14.599761051373957,0.0877598152424942,0.006936416184971,0.1458094144661308,0.0190880169671261,0.1168681635002878,0.0132743362831858,0.0037878787878787,0.0065934065934065,0.0136986301369863,0.0178571428571428,0.0778210116731517,0.0847457627118644,0.1167883211678832,0.1501547987616099,0.1333333333333333,0.0036231884057971,0.6153846153846154,0.12,0.5166666666666667,0.5740740740740741,0.7741935483870968,0.162,0.4567901234567901,0.5138888888888888,0.2162162162162162,0.1666666666666666,0.3333333333333333,1.0,0.0888888888888888,0.625,0.69,0.5191399598393576,0.5039272727272728,0.5019505555555558,0.0408560311284046,0.0833333333333333,0.052919708029197,0.2518248175182482,10.345116279069764,0.1941382091960204,17.0,47.0,1.0,5.0,6.0,10.0,81.0,238.0,47.0,98.0,285.0,6.0,23.0,28.0,57.0,219.0,1.0,237.0,81.0,8.0,53.0,32.0,21.0,1.0,2.0,,9.0,0.7448979591836735,0.343859649122807,0.2608695652173913,0.4912280701754385,0.3450704225352112,0.57,0.1111111111111111,0.5888888888888889,0.0888888888888888,0.0251572327044025,0.094,0.3617021276595745,0.3617021276595745,1.0,0.476,0.3403361344537815,0.3417721518987341,0.691358024691358,0.1388888888888889,0.2,1.0,0.1111111111111111,0.6,0.5222222222222223,0.3417721518987341,0.0069930069930069,26.288070175438595,22.0,1.0,1.0,36.0,74.0,18.0,22.0,75.0,27.0,10.0,10.0,10.0,4.0,2.0,9.0,7.0,7.0,0.148,0.4864864864864865,0.4864864864864865,0.5,0.4680851063829787,1.0,0.0121951219512195,9.0,7.0,2.0,2.0,0.5833333333333334,1.0,0.0035087719298245,0.0042016806722689,1.0,2.0,False,1.0,,,5.0,,,0.2777777777777778,1.0,,,1.0,,
1642273,1610612764,Kyshawn George,Kyshawn George,1642273,WAS,89554.0,1493,-293.0,3112.0,3095,622.0,747,356.0,6207,48.0,81.0,8.0,11.0,8.0,13.0,16.0,48.0,67.0,141.0,56.0,466.0,3671.0,8.0,16.0,,37.0,9.0,23.0,26.0,92.0,80.0,54.0,8.0,21.0,77.0,57.0,134.0,50.0,54.0,17.0,325.0,20.0,20.0,93.0,86.0,195.0,41.0,236.0,8.0,51.0,31.0,20.0,32.0,79.0,94.0,164.0,8.0,71.0,9.0,74.0,6.0,30.0,40.0,14.0,25.0,44.0,25.0,92.0,619.0,0.5970149253731343,0.6349206349206349,0.475177304964539,0.5,0.391304347826087,0.4800936768149882,0.5138888888888888,0.4520547945205479,0.5043383947939263,0.5,0.5111111111111111,0.1489361702127659,0.1111111111111111,15.316851378232451,0.1170068027210884,0.0272108843537414,0.1235059760956175,0.0259403372243839,0.1202956989247311,0.0265604249667994,0.0387931034482758,0.0179487179487179,0.0353982300884955,0.0201550387596899,0.0909090909090909,0.14004914004914,0.0840336134453781,0.1325966850828729,0.1,0.0331950207468879,0.5681818181818182,0.189695550351288,0.5925925925925926,0.6666666666666666,0.6458333333333334,0.1124121779859484,0.3333333333333333,0.4210526315789473,0.5,0.3055555555555556,0.7272727272727273,0.375,0.1780821917808219,0.6153846153846154,0.8594847775175644,0.5444300000000001,0.5139770833333334,0.5327415492957748,0.0665188470066518,0.1818181818181818,0.0793991416309012,0.1974248927038626,5.139007092198581,0.1998714652956298,24.0,64.0,,3.0,7.0,14.0,68.0,222.0,36.0,92.0,286.0,7.0,20.0,16.0,50.0,258.0,1.0,221.0,68.0,16.0,47.0,27.0,20.0,,,,16.0,0.9347826086956522,0.3216783216783216,0.35,0.32,0.3228070175438596,0.6697892271662763,0.2083333333333333,0.5949367088607594,0.2191780821917808,0.0555555555555555,0.1498829039812646,0.375,0.375,1.0,0.5199063231850117,0.3063063063063063,0.3105022831050228,0.9117647058823528,0.0833333333333333,,,0.1917808219178082,0.5,0.4931506849315068,0.3076923076923077,,26.233216783216783,11.0,4.0,,3.0,12.0,17.0,9.0,18.0,7.0,6.0,9.0,8.0,2.0,1.0,3.0,10.0,9.0,0.0281030444964871,0.25,0.3,0.4722222222222222,0.25,1.0,0.0169491525423728,8.0,4.0,1.0,2.0,0.3333333333333333,3.0,0.0104895104895104,0.0135135135135135,,3.0,False,,4.0,,7.0,1.0,0.1666666666666666,0.4117647058823529,0.5714285714285714,,,,,
1642259,1610612764,Alex Sarr,Alex Sarr,1642259,WAS,78233.0,1304,-428.0,2783.0,2796,446.0,489,291.0,5579,90.0,135.0,24.0,40.0,23.0,28.0,42.0,163.0,143.0,323.0,71.0,573.0,3283.0,31.0,59.0,22.0,105.0,29.0,47.0,26.0,117.0,208.0,78.0,40.0,23.0,67.0,43.0,110.0,37.0,45.0,16.0,263.0,36.0,53.0,93.0,132.0,238.0,89.0,327.0,12.0,32.0,25.0,7.0,23.0,69.0,72.0,111.0,8.0,80.0,7.0,114.0,6.0,52.0,74.0,36.0,38.0,74.0,48.0,117.0,444.0,0.7272727272727273,0.8455284552845529,0.4427244582043343,0.5254237288135594,0.6170212765957447,0.4530685920577617,0.4825581395348837,0.5617283950617284,0.471993410214168,0.5412371134020618,0.5969387755102041,0.0712074303405572,0.0888888888888888,21.64585334614153,0.1973094170403587,0.0806697108066971,0.1402714932126696,0.046875,0.1689189189189189,0.0624561403508771,0.1238532110091743,0.0632183908045977,0.0439560439560439,0.0456692913385826,0.1592920353982301,0.2247838616714697,0.1875,0.124223602484472,0.1833333333333333,0.0384615384615384,0.6486486486486487,0.243682310469314,0.6666666666666666,0.7317073170731707,0.6888888888888889,0.2942238267148014,0.2576687116564417,0.2763157894736842,0.7619047619047619,0.4651162790697674,0.6,0.1666666666666666,0.345679012345679,0.8214285714285714,0.6606498194945848,0.5313136281588446,0.5615864406779661,0.5481925925925925,0.0866666666666666,0.1409214092140921,0.1832460732984293,0.2041884816753926,6.05015479876161,0.1602587136183974,17.0,43.0,,4.0,,3.0,55.0,188.0,31.0,72.0,231.0,7.0,27.0,11.0,34.0,210.0,,188.0,55.0,13.0,46.0,25.0,21.0,,,6.0,4.0,0.9722222222222222,0.3116883116883117,0.2592592592592592,0.3235294117647059,0.3116883116883117,0.4169675090252707,0.0674846625766871,0.6666666666666666,0.1857142857142857,0.0526315789473684,0.0776173285198556,0.3953488372093023,0.3953488372093023,1.0,0.3393501805054151,0.2925531914893617,0.2941176470588235,0.9636363636363636,0.0465116279069767,,,0.037037037037037,,0.382716049382716,0.2925531914893617,,25.848917748917746,7.0,,,11.0,25.0,23.0,11.0,6.0,6.0,6.0,3.0,12.0,4.0,,1.0,7.0,7.0,0.0451263537906137,0.44,0.44,0.2674418604651162,0.3548387096774194,,,6.0,,,2.0,0.9090909090909092,1.0,0.0043290043290043,0.0053191489361702,,1.0,False,2.0,,,7.0,,,0.3043478260869565,0.8571428571428571,,,,,
1642358,1610612764,AJ Johnson,AJ Johnson,1642358,WAS,3214.0,54,-2.0,107.0,109,37.0,48,17.0,216,3.0,6.0,,,1.0,1.0,1.0,1.0,4.0,7.0,2.0,13.0,137.0,,,,,2.0,2.0,1.0,5.0,4.0,4.0,,,5.0,6.0,11.0,5.0,4.0,,28.0,,1.0,2.0,2.0,4.0,1.0,5.0,,1.0,1.0,,1.0,1.0,4.0,6.0,,2.0,,2.0,2.0,2.0,,,,,,5.0,37.0,0.5,0.5,0.5714285714285714,,1.0,0.34375,,0.25,0.40625,,0.3125,,,13.492063492063492,0.0869565217391304,0.0384615384615384,0.0555555555555555,,0.0677966101694915,0.0181818181818181,,0.1428571428571428,,,,0.2222222222222222,,0.064516129032258,,,,0.375,0.5,0.5,0.6666666666666666,0.0625,1.0,1.0,,,,,0.125,1.0,0.9375,0.5703178571428572,,0.5095416666666667,0.125,0.2857142857142857,,0.3846153846153846,2.371428571428571,0.3457943925233644,1.0,1.0,,,,,,8.0,6.0,1.0,9.0,,1.0,,6.0,3.0,2.0,6.0,,,,,,,,,1.0,1.0,0.1111111111111111,,,0.1428571428571428,0.5625,,,,,0.0625,1.0,1.0,1.0,0.5,,,,,,,,,0.75,,,30.244444444444444,,,,,,1.0,,,1.0,1.0,,,,,,,,,,,1.0,,,,,1.0,,,,,,,,,False,,,,,,,,,,,,,
1630215,1610612764,Jared Butler,Jared Butler,1630215,WAS,21718.0,362,-39.0,760.0,762,258.0,284,112.0,1522,38.0,52.0,6.0,8.0,13.0,17.0,25.0,69.0,70.0,135.0,35.0,220.0,880.0,8.0,15.0,3.0,25.0,24.0,43.0,21.0,84.0,32.0,108.0,8.0,22.0,56.0,26.0,82.0,17.0,33.0,19.0,190.0,2.0,12.0,11.0,15.0,27.0,14.0,41.0,4.0,12.0,7.0,5.0,6.0,29.0,21.0,40.0,1.0,37.0,,45.0,13.0,21.0,5.0,2.0,3.0,5.0,2.0,84.0,258.0,0.2285714285714285,0.2424242424242424,0.5185185185185185,0.5333333333333333,0.5581395348837209,0.5255681818181818,0.5,0.5833333333333334,0.5706806282722513,0.5434782608695652,0.6384615384615384,0.1629629629629629,0.0769230769230769,24.52407614781635,0.0892857142857142,0.0545454545454545,0.0582010582010582,0.0115606936416184,0.072829131652661,0.0356234096692111,0.0303030303030303,0.0763358778625954,,0.0148148148148148,0.1698113207547169,0.0638297872340425,,0.0629370629370629,0.0434782608695652,0.0597014925373134,0.4,0.2954545454545454,0.7307692307692307,0.7916666666666666,0.2894736842105263,0.3920454545454545,0.3623188405797101,0.4716981132075472,0.12,0.3636363636363636,0.75,0.3333333333333333,0.3148148148148148,0.7647058823529411,0.5284090909090909,0.4998757142857142,0.52340625,0.4761944444444445,0.1141304347826086,0.1468531468531468,0.1136363636363636,0.3818181818181818,6.417037037037038,0.3394736842105263,2.0,5.0,,,,,13.0,36.0,11.0,15.0,41.0,2.0,7.0,5.0,11.0,33.0,,36.0,13.0,1.0,23.0,18.0,5.0,,,,6.0,0.7333333333333333,0.3658536585365853,0.2857142857142857,0.4545454545454545,0.3658536585365853,0.2329545454545454,0.2318840579710145,0.7931034482758621,0.0434782608695652,,0.0284090909090909,0.4,0.4,1.0,0.2045454545454545,0.3611111111111111,0.3611111111111111,0.6923076923076923,,,,,,0.2037037037037037,0.3611111111111111,,26.73170731707317,6.0,,,7.0,14.0,7.0,5.0,12.0,9.0,4.0,3.0,1.0,,1.0,1.0,7.0,5.0,0.0795454545454545,0.5,0.5833333333333334,0.3181818181818182,0.4545454545454545,,,,,3.0,,0.2857142857142857,,,,1.0,,False,1.0,,,2.0,,0.1428571428571428,0.2857142857142857,1.0,,,,,
1629667,1610612764,Jalen McDaniels,Jalen McDaniels,1629667,WAS,405.0,7,-1.0,14.0,15,14.0,14,1.0,29,,,,,,,,,,,,,14.0,,,,,,,,,,,,,,1.0,1.0,,,,3.0,,,,,,,,,1.0,,1.0,,,,,,,,,,,,,,,,,14.0,,,,,,,,,,,,,,,,,,,,,,,,,,,,,,,,,,,,,,,,,,,,,,,,,,,,,,1.0,,,,,,,,,,,,,,,,,,,,,,,,,,,,,,,,,,,,,,,,,,,,,,,,,,,,,,,,,,,,,,,1.0,,,,,,,,,,,,,,,,,,,,,,,,,,False,,,,,,,,,,,,,
1630264,1610612764,Anthony Gill,Anthony Gill,1630264,WAS,14033.0,234,-34.0,490.0,500,182.0,213,70.0,990,10.0,14.0,2.0,2.0,2.0,3.0,8.0,15.0,18.0,30.0,19.0,76.0,557.0,2.0,2.0,5.0,12.0,6.0,12.0,18.0,42.0,24.0,12.0,4.0,4.0,6.0,4.0,10.0,3.0,5.0,1.0,24.0,4.0,3.0,19.0,7.0,28.0,7.0,35.0,1.0,6.0,3.0,3.0,3.0,6.0,13.0,19.0,1.0,21.0,3.0,31.0,3.0,13.0,2.0,1.0,1.0,2.0,2.0,42.0,182.0,0.6666666666666666,0.75,0.6,1.0,0.5,0.5816326530612245,0.7,0.631578947368421,0.6129032258064516,0.75,0.7241379310344828,0.1333333333333333,,12.014134275618376,0.075268817204301,0.0254237288135593,0.1376811594202898,0.0341880341880341,0.1125541125541125,0.0297872340425531,0.0571428571428571,0.0144927536231884,,0.0217391304347826,0.1034482758620689,0.074074074074074,,0.1388888888888889,0.1333333333333333,0.05,1.0,0.2857142857142857,0.7142857142857143,0.7142857142857143,0.7,0.3061224489795918,0.5333333333333333,0.6666666666666666,0.625,0.4,1.0,,0.1578947368421052,0.6666666666666666,0.673469387755102,0.5221173469387755,0.5017874999999999,0.4701526315789474,0.2203389830508474,0.325,0.1578947368421052,0.5526315789473685,4.920000000000001,0.3714285714285714,3.0,10.0,,,2.0,3.0,4.0,9.0,4.0,7.0,19.0,1.0,3.0,4.0,7.0,21.0,,9.0,4.0,2.0,3.0,2.0,1.0,,,,,1.0,0.3684210526315789,0.3333333333333333,0.5714285714285714,0.3684210526315789,0.3877551020408163,0.2,0.5,0.2222222222222222,0.08,0.2040816326530612,0.3,0.3,1.0,0.1836734693877551,0.4444444444444444,0.4444444444444444,1.0,,,,0.1578947368421052,0.6666666666666666,0.2105263157894736,0.4444444444444444,,24.731578947368423,,,,,1.0,3.0,2.0,,1.0,,1.0,,2.0,,2.0,3.0,3.0,0.0204081632653061,,,0.6,0.5,,,1.0,,,,,,,,,,False,,,,1.0,,1.0,0.3333333333333333,1.0,,,,,
203114,1610612764,Khris Middleton,Khris Middleton,203114,WAS,10589.0,176,24.0,378.0,369,90.0,59,39.0,747,5.0,6.0,1.0,1.0,2.0,2.0,11.0,22.0,24.0,43.0,20.0,86.0,394.0,2.0,3.0,,10.0,4.0,9.0,2.0,13.0,24.0,24.0,4.0,3.0,17.0,12.0,29.0,6.0,14.0,2.0,70.0,1.0,3.0,15.0,10.0,25.0,4.0,29.0,1.0,10.0,8.0,2.0,5.0,14.0,5.0,13.0,,18.0,,24.0,2.0,11.0,3.0,1.0,2.0,3.0,3.0,13.0,90.0,0.5,0.5454545454545454,0.5581395348837209,0.6666666666666666,0.4444444444444444,0.4925373134328358,0.8333333333333334,0.3666666666666666,0.5584415584415584,0.8333333333333334,0.40625,0.0697674418604651,,21.462264150943398,0.0952380952380952,0.0348837209302325,0.1829268292682926,0.0108695652173913,0.1336898395721925,0.0224719101123595,,0.0571428571428571,0.0625,,0.0769230769230769,0.0909090909090909,0.1818181818181818,0.1587301587301587,0.2631578947368421,0.03125,1.0,0.0895522388059701,0.8333333333333334,0.8333333333333334,0.8,0.3283582089552239,0.5,0.55,0.4545454545454545,0.1666666666666666,1.0,,0.1333333333333333,1.0,0.4477611940298507,0.4890992424242424,0.47985,0.47025,0.1710526315789473,0.2115384615384615,0.1162790697674418,0.1511627906976744,10.509302325581396,0.238095238095238,,2.0,,,,,6.0,22.0,6.0,6.0,24.0,2.0,3.0,1.0,6.0,18.0,1.0,21.0,6.0,,9.0,6.0,3.0,2.0,2.0,,1.0,1.0,0.25,0.6666666666666666,0.1666666666666666,0.2608695652173913,0.3582089552238806,0.0909090909090909,0.6428571428571429,,0.0625,0.0298507462686567,,,,0.3283582089552239,0.2727272727272727,0.2727272727272727,1.0,,,,,,0.4,0.2857142857142857,0.0833333333333333,28.004166666666663,4.0,,,8.0,15.0,3.0,1.0,,6.0,1.0,2.0,2.0,,1.0,,1.0,1.0,0.2238805970149253,0.5333333333333333,0.5714285714285714,0.5,0.1666666666666666,,,1.0,,,,0.375,1.0,0.0416666666666666,,,,False,,,,2.0,,0.0666666666666666,0.6666666666666666,1.0,,,,0.5,
1631098,1610612764,Johnny Davis,Johnny Davis,1631098,WAS,14496.0,242,-26.0,517.0,526,203.0,247,70.0,1043,16.0,25.0,2.0,4.0,7.0,9.0,7.0,21.0,25.0,49.0,9.0,80.0,582.0,3.0,6.0,,9.0,9.0,24.0,3.0,30.0,34.0,16.0,2.0,3.0,6.0,5.0,11.0,4.0,4.0,1.0,27.0,6.0,4.0,17.0,11.0,28.0,10.0,38.0,2.0,15.0,9.0,6.0,4.0,7.0,10.0,18.0,,14.0,1.0,15.0,,6.0,6.0,2.0,3.0,6.0,4.0,30.0,203.0,0.68,0.7083333333333334,0.5102040816326531,0.5,0.375,0.4551282051282051,0.45,0.375,0.4647058823529412,0.45,0.3815789473684211,0.0612244897959183,0.08,15.46218487394958,0.102803738317757,0.0294117647058823,0.1214285714285714,0.0508474576271186,0.1133603238866396,0.0393700787401574,0.0277777777777777,0.0352941176470588,,0.0333333333333333,0.1176470588235294,0.106060606060606,,0.1081081081081081,0.1724137931034483,0.0465116279069767,0.6666666666666666,0.3205128205128205,0.64,0.6956521739130435,0.6875,0.2692307692307692,0.3333333333333333,0.35,0.7142857142857143,0.4,0.5,0.5,0.25,0.7777777777777778,0.6923076923076923,0.5393679487179488,0.5695666666666667,0.5263875,0.0714285714285714,0.109090909090909,0.1125,0.375,5.422448979591835,0.3926499032882011,2.0,12.0,,1.0,1.0,8.0,5.0,17.0,4.0,7.0,29.0,1.0,4.0,3.0,12.0,21.0,,17.0,5.0,,3.0,3.0,,,,,2.0,1.0,0.2413793103448276,0.25,0.25,0.2413793103448276,0.3717948717948718,0.0476190476190476,0.4285714285714285,,0.1071428571428571,0.1538461538461538,0.1666666666666666,0.1666666666666666,1.0,0.2179487179487179,0.2941176470588235,0.2941176470588235,1.0,0.1,,,0.2222222222222222,0.125,0.1111111111111111,0.2941176470588235,,25.265517241379307,4.0,,,2.0,3.0,3.0,2.0,,1.0,1.0,,1.0,1.0,,2.0,1.0,1.0,0.0384615384615384,0.6666666666666666,0.6666666666666666,0.3,0.5,,,2.0,2.0,1.0,,0.5,,,,,,False,,,,1.0,1.0,,0.3333333333333333,1.0,,,,,
1631116,1610612764,Patrick Baldwin Jr.,Patrick Baldwin Jr.,1631116,WAS,6034.0,101,34.0,216.0,215,120.0,110,37.0,431,6.0,10.0,1.0,4.0,5.0,6.0,,2.0,6.0,12.0,2.0,47.0,222.0,1.0,4.0,,5.0,5.0,8.0,1.0,29.0,10.0,2.0,,2.0,2.0,,2.0,,1.0,1.0,4.0,1.0,3.0,9.0,8.0,17.0,5.0,22.0,1.0,3.0,3.0,,,5.0,4.0,5.0,,3.0,,4.0,,1.0,2.0,2.0,,2.0,2.0,29.0,120.0,0.8333333333333334,0.8333333333333334,0.5,0.25,0.625,0.6818181818181818,0.5,0.7,0.6714285714285714,0.5,0.6904761904761905,0.1666666666666666,0.1,15.325670498084293,0.1904761904761904,0.0454545454545454,0.1666666666666666,0.0208333333333333,0.1770833333333333,0.0350877192982456,0.0952380952380952,0.025,,,0.25,0.1851851851851851,,0.1951219512195122,0.0769230769230769,0.0714285714285714,1.0,0.303030303030303,0.6,0.6666666666666666,0.8333333333333334,0.0606060606060606,,,,0.8,0.25,,0.3,0.8333333333333334,0.9393939393939394,0.530289393939394,0.4593333333333333,0.5357675,0.0294117647058823,0.0769230769230769,0.1063829787234042,0.6170212765957447,2.7,0.5555555555555556,3.0,4.0,,,2.0,2.0,8.0,17.0,10.0,11.0,21.0,1.0,1.0,6.0,12.0,33.0,,17.0,8.0,,5.0,2.0,3.0,,,,,1.0,0.5238095238095238,1.0,0.5,0.5238095238095238,0.6363636363636364,0.5,1.0,,0.0666666666666666,0.1212121212121212,0.75,0.75,1.0,0.5151515151515151,0.4705882352941176,0.4705882352941176,1.0,,,,0.1,1.0,0.5,0.4705882352941176,,26.06666666666667,3.0,,,,,1.0,4.0,,,,,2.0,,,,1.0,1.0,,,,0.2,0.4,1.0,0.0714285714285714,,,,,,,,,,,False,,,,1.0,,,1.0,1.0,,,,,
1641774,1610612764,Tristan Vukcevic,Tristan Vukcevic,1641774,WAS,10362.0,173,-3.0,360.0,356,139.0,134,41.0,716,19.0,23.0,6.0,6.0,8.0,10.0,6.0,14.0,28.0,42.0,17.0,109.0,421.0,6.0,6.0,3.0,18.0,10.0,12.0,6.0,38.0,40.0,16.0,12.0,1.0,8.0,8.0,16.0,8.0,3.0,2.0,40.0,3.0,8.0,12.0,23.0,37.0,11.0,48.0,1.0,6.0,5.0,1.0,5.0,14.0,15.0,22.0,1.0,24.0,2.0,23.0,5.0,13.0,6.0,3.0,3.0,6.0,4.0,38.0,139.0,0.7142857142857143,0.9090909090909092,0.6666666666666666,1.0,0.8333333333333334,0.575,0.8333333333333334,0.64,0.6123595505617978,0.8181818181818182,0.6551724137931034,0.0238095238095238,,25.36945812807882,0.2911392405063291,0.1012658227848101,0.1333333333333333,0.0329670329670329,0.2071005917159763,0.0647058823529411,0.1666666666666666,0.0697674418604651,,0.028169014084507,0.2941176470588235,0.3076923076923077,0.2,0.1159420289855072,0.1904761904761904,0.027027027027027,0.6666666666666666,0.2875,0.8260869565217391,0.8260869565217391,0.631578947368421,0.175,0.4285714285714285,0.4615384615384615,0.8333333333333334,0.6666666666666666,1.0,,0.4,0.8,0.7625,0.5190051282051281,0.6084714285714286,0.5459586956521739,0.1477272727272727,0.26,0.1651376146788991,0.3486238532110092,5.949999999999999,0.3861111111111111,1.0,5.0,1.0,1.0,,1.0,11.0,33.0,12.0,12.0,38.0,1.0,3.0,4.0,13.0,36.0,2.0,31.0,11.0,2.0,9.0,3.0,6.0,,,1.0,,1.0,0.3157894736842105,0.3333333333333333,0.3076923076923077,0.3333333333333333,0.475,0.0714285714285714,0.6428571428571429,0.2222222222222222,0.05,0.0625,0.2,0.2,1.0,0.4125,0.3333333333333333,0.3333333333333333,1.0,0.1111111111111111,1.0,1.0,0.04,,0.48,0.3548387096774194,,27.49473684210526,4.0,,,3.0,5.0,2.0,4.0,,,3.0,4.0,1.0,4.0,3.0,1.0,1.0,1.0,0.0625,0.6,0.6,0.2222222222222222,0.3333333333333333,,,,,,,1.0,,,,,,False,,,,,,,,,,,,,
202685,1610612764,Jonas Valančiūnas,Jonas Valančiūnas,202685,WAS,58952.0,983,-328.0,2053.0,2043,404.0,563,244.0,4096,113.0,166.0,51.0,89.0,19.0,27.0,84.0,172.0,224.0,395.0,95.0,564.0,2534.0,65.0,117.0,18.0,148.0,37.0,63.0,37.0,114.0,260.0,188.0,86.0,24.0,66.0,42.0,108.0,39.0,39.0,20.0,258.0,35.0,84.0,117.0,151.0,284.0,120.0,404.0,24.0,22.0,18.0,4.0,41.0,88.0,49.0,97.0,20.0,110.0,22.0,106.0,10.0,50.0,28.0,14.0,14.0,28.0,17.0,114.0,404.0,0.5803571428571429,0.7182320441988951,0.5670886075949367,0.5555555555555556,0.5873015873015873,0.5556872037914692,0.5462184873949579,0.5746268656716418,0.6,0.578125,0.6627906976744186,0.060759493670886,0.0662650602409638,23.86655260906758,0.3363028953229399,0.1581920903954802,0.2397540983606557,0.0799086757990867,0.2860192102454642,0.1228070175438596,0.2215189873417721,0.1428571428571428,0.1,0.0790190735694822,0.2966101694915254,0.3497942386831276,0.3522727272727273,0.2612359550561798,0.1818181818181818,0.144578313253012,0.6071428571428571,0.3933649289099526,0.6807228915662651,0.7290322580645161,0.4424778761061947,0.4075829383886256,0.4883720930232558,0.5283018867924528,0.6904761904761905,0.7478991596638656,0.5730337078651685,0.1176470588235294,0.4029850746268656,0.7037037037037037,0.457345971563981,0.5054689573459713,0.5523061855670104,0.5099238805970149,0.1082251082251082,0.1149425287356321,0.2624113475177305,0.202127659574468,6.571898734177212,0.1967851924013638,,1.0,,,,1.0,7.0,26.0,3.0,7.0,27.0,,2.0,1.0,4.0,21.0,,26.0,7.0,16.0,47.0,30.0,17.0,,,1.0,7.0,1.0,0.2592592592592592,,0.25,0.2592592592592592,0.0639810426540284,0.0755813953488372,0.5340909090909091,0.3333333333333333,0.0845070422535211,0.0023696682464454,,,,0.0616113744075829,0.2692307692307692,0.2692307692307692,1.0,,,,0.0149253731343283,,0.044776119402985,0.2692307692307692,,25.92592592592593,17.0,,,27.0,57.0,2.0,1.0,,3.0,7.0,7.0,8.0,11.0,,1.0,8.0,7.0,0.1350710900473933,0.4736842105263157,0.4736842105263157,0.0168067226890756,0.3333333333333333,1.0,0.0303030303030303,8.0,1.0,,,0.8148148148148148,,,,,2.0,False,1.0,,1.0,,,,,,,2.0,,,
1628963,1610612764,Marvin Bagley III,Marvin Bagley III,1628963,WAS,9989.0,166,-26.0,352.0,352,112.0,115,49.0,704,29.0,39.0,13.0,18.0,9.0,11.0,6.0,20.0,36.0,61.0,15.0,93.0,392.0,14.0,21.0,1.0,29.0,12.0,18.0,6.0,30.0,34.0,38.0,22.0,3.0,4.0,3.0,7.0,3.0,3.0,,17.0,11.0,16.0,11.0,16.0,29.0,27.0,56.0,5.0,7.0,5.0,2.0,4.0,11.0,9.0,12.0,,20.0,1.0,23.0,3.0,12.0,5.0,2.0,3.0,5.0,2.0,30.0,112.0,0.4722222222222222,0.68,0.5901639344262295,0.6666666666666666,0.6666666666666666,0.5492957746478874,0.6363636363636364,0.5714285714285714,0.5740740740740741,0.6041666666666666,0.625,0.0491803278688524,0.0512820512820512,22.06235011990408,0.2025316455696202,0.1568627450980392,0.1195652173913043,0.127906976744186,0.1578947368421052,0.1436170212765957,0.3214285714285714,0.0967741935483871,0.0833333333333333,0.1212121212121212,0.238095238095238,0.2083333333333333,0.1,0.12,0.1176470588235294,0.1666666666666666,0.4,0.5492957746478874,0.7435897435897436,0.7837837837837838,0.3793103448275862,0.2816901408450704,0.3,0.3157894736842105,0.8333333333333334,0.8181818181818182,0.7222222222222222,,0.5238095238095238,0.8181818181818182,0.6901408450704225,0.5687147887323944,0.5887535714285714,0.5875404761904761,0.15,0.1714285714285714,0.3118279569892473,0.3225806451612903,4.055737704918032,0.3181818181818182,,2.0,,,,1.0,2.0,8.0,2.0,2.0,10.0,,1.0,,3.0,6.0,,8.0,2.0,2.0,7.0,4.0,3.0,,,,2.0,1.0,0.2,,,0.2,0.1408450704225352,0.05,0.6363636363636364,0.1666666666666666,0.15,0.028169014084507,,,,0.1126760563380281,0.25,0.25,1.0,,,,0.0476190476190476,,0.0952380952380952,0.25,,26.32,4.0,,,1.0,2.0,1.0,,,,1.0,2.0,3.0,,1.0,,1.0,1.0,0.028169014084507,0.5,0.5,0.0454545454545454,,,,1.0,,,1.0,1.0,,,,,,False,,,,,,,,,,,,,
1630550,1610612764,JT Thor,JT Thor,1630550,WAS,488.0,8,4.0,16.0,16,4.0,16,4.0,32,,1.0,,1.0,,1.0,,,,1.0,,3.0,9.0,,1.0,,,,1.0,,,,,,,,,,,,,,3.0,,,1.0,2.0,3.0,5.0,,,,,,,,1.0,,,,,,,,,,,,,4.0,,,,,,0.5,,,0.5,,,,,14.285714285714286,0.2,,,0.2727272727272727,0.0833333333333333,0.2,,,,0.2222222222222222,,0.5,,,,,,0.3333333333333333,,,,,,,,1.0,,,1.0,,1.0,0.6323833333333333,,0.7693,,,,,,0.25,,1.0,,,,,1.0,1.0,,1.0,2.0,,,,,3.0,,1.0,1.0,1.0,,,,,,,1.0,1.0,0.5,,,0.5,0.6666666666666666,,,0.5,0.5,0.3333333333333333,,,,0.3333333333333333,1.0,1.0,1.0,,,,,,,1.0,,24.0,,,,,,,,,,,,,,,,,,,,,,,,,,,,,,,,,,,False,,,,,,,,,,,,,
1641798,1610612764,Jaylen Martin,Jaylen Martin,1641798,WAS,764.0,13,-7.0,25.0,23,12.0,15,7.0,48,1.0,3.0,,1.0,,1.0,,3.0,1.0,6.0,,5.0,22.0,,1.0,,3.0,,3.0,,,2.0,,,,,,,,,,,,1.0,4.0,,4.0,1.0,5.0,,,,,,,,,,1.0,1.0,,,,,,,,,,12.0,1.0,1.0,0.1666666666666666,,,0.3125,0.5,,0.3125,0.5,,,,23.52941176470588,,0.1,0.5,,0.4444444444444444,0.0416666666666666,,0.2,,,,,,0.6,0.3333333333333333,,,0.375,0.3333333333333333,0.3333333333333333,1.0,0.375,,,,0.3333333333333333,,,0.3333333333333333,,0.625,0.5329125,0.4378,0.4248333333333334,,,0.6,,5.8,0.48,,,,,,,1.0,2.0,,1.0,2.0,1.0,2.0,,,3.0,,2.0,1.0,,,,,,,,,1.0,0.5,0.5,,0.5,0.25,,,,,,,,,0.25,0.5,0.5,1.0,,,,,,,0.5,,25.7,,,,,,2.0,,,,,,,,,,,,,,,0.6666666666666666,,,,,,,,,,,,,,False,,,,1.0,,,0.5,1.0,,,,,
1641732,1610612764,Colby Jones,Colby Jones,1641732,WAS,147.0,2,-3.0,5.0,5,5.0,5,1.0,10,,,,,,,,,,,,,8.0,,,,,,,,,,,,,,,,,,,,,,,,,,,,,,,,,,,,,,,,,,,,,,,5.0,,,,,,,,,,,,,,,,,,,,,,,,,,,,,,,,,,,,,,,,,,,,,,,,,,,,,,1.0,,,,,,,,,,,,,,,,,,,,,,,,,,,,,,,,,,,,,,,,,,,,,,,,,,,,,,,,,,,,,,,,,,,,,,,,,,,,,,,,,,,,,,,,,False,,,,,,,,,,,,,
1628379,1610612763,Luke Kennard,Luke Kennard,1628379,MEM,4969.0,83,23.0,186.0,183,82.0,100,21.0,369,1.0,1.0,,,,,1.0,2.0,2.0,6.0,5.0,27.0,200.0,,,,,,2.0,3.0,15.0,4.0,,,,6.0,3.0,9.0,3.0,4.0,2.0,21.0,2.0,1.0,5.0,4.0,9.0,3.0,12.0,,2.0,2.0,,,,1.0,3.0,,1.0,,5.0,,,,,,,,15.0,81.0,1.0,1.0,0.3333333333333333,,,0.5238095238095238,,0.75,0.5681818181818182,,0.8333333333333334,,,10.328638497652582,0.11428571428571428,0.02127659574468085,0.10638297872340426,0.05,0.10975609756097561,0.034482758620689655,,0.037037037037037035,,0.06666666666666667,0.15384615384615385,0.10526315789473684,,0.0967741935483871,0.125,,,0.047619047619047616,1.0,1.0,1.0,0.09523809523809523,0.5,0.5,1.0,,,,,,0.7619047619047619,0.5215404761904763,,0.49292499999999995,0.045454545454545456,,,0.5555555555555556,11.449999999999998,0.44086021505376344,2.0,2.0,,,,,4.0,13.0,6.0,6.0,15.0,,,4.0,6.0,18.0,,13.0,4.0,,,,,,1.0,,1.0,1.0,0.4,,0.6666666666666666,0.4,0.7142857142857143,,,,,0.09523809523809523,1.0,1.0,1.0,0.6190476190476191,0.3076923076923077,0.3076923076923077,1.0,,,,,,0.75,0.3076923076923077,0.0625,25.77333333333333,,,,,3.0,,4.0,,,,,,1.0,,,,,0.14285714285714285,,,,0.6666666666666666,,,,,2.0,,,,,,,,True,,,,,,,,,,,,,
1628991,1610612763,Jaren Jackson Jr.,Jaren Jackson Jr.,1628991,MEM,12709.0,212,64.0,463.0,460,134.0,142,58.0,923,15.0,21.0,4.0,6.0,5.0,7.0,37.0,67.0,53.0,89.0,29.0,180.0,511.0,6.0,10.0,7.0,25.0,18.0,26.0,9.0,60.0,56.0,50.0,8.0,10.0,7.0,6.0,13.0,3.0,3.0,3.0,32.0,5.0,6.0,17.0,12.0,32.0,11.0,43.0,4.0,7.0,6.0,1.0,7.0,10.0,15.0,24.0,1.0,41.0,4.0,41.0,6.0,20.0,13.0,8.0,5.0,13.0,8.0,60.0,132.0,0.5283018867924528,0.5714285714285714,0.5955056179775281,0.6,0.6923076923076923,0.5807692307692308,0.6923076923076923,0.6710526315789473,0.6081081081081081,0.78125,0.6976744186046512,0.11235955056179775,0.23809523809523808,29.622641509433965,0.10909090909090909,0.05172413793103448,0.13709677419354838,0.050505050505050504,0.12393162393162394,0.05116279069767442,0.03225806451612903,0.0625,,0.043478260869565216,0.07142857142857142,0.18,,0.14736842105263157,0.10344827586206896,0.0784313725490196,0.6153846153846154,0.16153846153846155,0.7142857142857143,0.9375,0.5333333333333333,0.5153846153846153,0.5522388059701493,0.5967741935483871,0.5135135135135135,0.46153846153846156,0.6666666666666666,0.25,0.18421052631578946,0.7142857142857143,0.47692307692307695,0.5047115384615384,0.5804722222222222,0.5018184210526315,0.1388888888888889,0.1941747572815534,0.1388888888888889,0.3333333333333333,6.396629213483144,0.2894168466522678,4.0,10.0,1.0,1.0,3.0,3.0,11.0,31.0,9.0,15.0,41.0,2.0,3.0,5.0,12.0,42.0,,31.0,11.0,3.0,3.0,2.0,1.0,,,,3.0,0.9333333333333333,0.36585365853658536,0.6666666666666666,0.4166666666666667,0.36585365853658536,0.3153846153846154,0.07462686567164178,0.3,0.2727272727272727,0.06666666666666667,0.07692307692307693,0.4,0.4,1.0,0.23846153846153847,0.3548387096774194,0.3548387096774194,0.9090909090909091,0.07692307692307693,1.0,1.0,0.07894736842105263,1.0,0.23684210526315788,0.3548387096774194,,25.799999999999997,2.0,,,1.0,1.0,2.0,2.0,3.0,3.0,1.0,1.0,2.0,2.0,,,4.0,3.0,0.007692307692307693,1.0,1.0,0.15384615384615385,0.2222222222222222,,,1.0,1.0,,,1.0,,,,,,True,1.0,,1.0,1.0,,,0.5,1.0,,,,,
1629630,1610612763,Ja Morant,Ja Morant,1629630,MEM,9509.0,158,-5.0,354.0,353,99.0,119,39.0,707,17.0,24.0,,1.0,6.0,9.0,13.0,31.0,32.0,57.0,43.0,137.0,419.0,,1.0,3.0,6.0,10.0,15.0,20.0,43.0,12.0,52.0,,5.0,24.0,15.0,39.0,8.0,16.0,8.0,93.0,3.0,2.0,18.0,5.0,25.0,5.0,30.0,1.0,4.0,3.0,1.0,8.0,21.0,7.0,15.0,,36.0,,53.0,6.0,23.0,,,,,,43.0,98.0,0.1875,0.1875,0.5614035087719298,,0.6666666666666666,0.5529411764705883,0.5,0.5476190476190477,0.6367924528301887,0.6,0.6515151515151515,0.08771929824561403,0.08333333333333333,31.82957393483709,0.07042253521126761,0.023255813953488372,0.20930232558139536,0.046153846153846156,0.1464968152866242,0.033112582781456956,0.05,0.01694915254237288,,0.025,,0.12195121951219512,,0.2318840579710145,0.11764705882352941,0.02857142857142857,,0.2823529411764706,0.7083333333333334,0.7727272727272727,0.23529411764705882,0.36470588235294116,0.41935483870967744,0.4642857142857143,0.15384615384615385,0.3333333333333333,,,0.42857142857142855,0.6666666666666666,0.611764705882353,0.5395678571428572,0.57975,0.5244325,0.22549019607843138,0.3108108108108108,0.043795620437956206,0.31386861313868614,5.701754385964914,0.2796610169491525,3.0,8.0,,1.0,,1.0,7.0,20.0,5.0,10.0,28.0,1.0,2.0,1.0,6.0,30.0,1.0,19.0,7.0,2.0,13.0,9.0,4.0,,,,1.0,1.0,0.35714285714285715,0.5,0.16666666666666666,0.37037037037037035,0.32941176470588235,0.0967741935483871,0.6190476190476191,0.16666666666666666,0.08,0.09411764705882353,0.375,0.375,1.0,0.23529411764705882,0.35,0.35,1.0,0.3333333333333333,,,0.047619047619047616,,0.23809523809523808,0.3684210526315789,,26.385714285714283,7.0,,,2.0,2.0,1.0,1.0,,7.0,,2.0,3.0,,2.0,3.0,4.0,4.0,0.023529411764705882,1.0,1.0,0.3333333333333333,0.2,,,1.0,,3.0,4.0,,,,,,,True,,,,1.0,,,1.0,1.0,,,,,
1629634,1610612763,Brandon Clarke,Brandon Clarke,1629634,MEM,6654.0,111,43.0,249.0,249,35.0,34,20.0,498,14.0,18.0,2.0,4.0,2.0,3.0,10.0,18.0,24.0,36.0,4.0,52.0,266.0,2.0,4.0,3.0,7.0,4.0,5.0,2.0,10.0,40.0,8.0,2.0,3.0,3.0,2.0,5.0,1.0,2.0,1.0,12.0,,4.0,12.0,14.0,26.0,4.0,30.0,,4.0,1.0,3.0,2.0,3.0,11.0,16.0,1.0,6.0,1.0,6.0,4.0,4.0,3.0,1.0,2.0,3.0,1.0,10.0,35.0,0.8333333333333334,0.8695652173913043,0.6666666666666666,0.5,0.8,0.6486486486486487,0.5,0.8,0.6842105263157895,0.7,0.8333333333333334,0.08333333333333333,0.05555555555555555,14.909090909090908,0.25,0.07692307692307693,0.2033898305084746,,0.22608695652173913,0.04040404040404041,0.125,0.05555555555555555,,,0.21052631578947367,0.25925925925925924,0.3,0.17777777777777778,0.2857142857142857,,0.3333333333333333,0.4864864864864865,0.7777777777777778,0.8235294117647058,0.9285714285714286,0.4864864864864865,0.5555555555555556,0.625,0.7,1.0,0.5,0.5,0.6,0.6666666666666666,0.5135135135135135,0.5662567567567568,0.641675,0.58246,0.10810810810810811,0.1111111111111111,0.1346153846153846,0.19230769230769232,4.727777777777778,0.14056224899598393,,1.0,,,,,,,,,1.0,,,,,,,,,,1.0,1.0,,,,,,,,,,,0.02702702702702703,0.1111111111111111,0.3333333333333333,,,0.02702702702702703,,,,,,,,,,,,,,,,23.4,,,,,,,,,1.0,,,,1.0,,,1.0,1.0,,,,,,,,,,,,,,,,,,True,,,,,,,,,,,,,
203935,1610612763,Marcus Smart,Marcus Smart,203935,MEM,24010.0,400,87.0,882.0,882,278.0,302,104.0,1764,8.0,13.0,,2.0,5.0,8.0,13.0,41.0,24.0,58.0,30.0,165.0,966.0,,2.0,4.0,10.0,11.0,23.0,17.0,51.0,20.0,28.0,,6.0,43.0,28.0,71.0,16.0,28.0,14.0,170.0,7.0,7.0,15.0,12.0,29.0,14.0,43.0,3.0,23.0,11.0,12.0,9.0,35.0,12.0,31.0,1.0,33.0,2.0,36.0,1.0,9.0,6.0,4.0,2.0,6.0,4.0,48.0,275.0,0.4166666666666667,0.4166666666666667,0.41379310344827586,,0.4782608695652174,0.4560810810810811,0.23076923076923078,0.3541666666666667,0.5,0.3333333333333333,0.4396551724137931,0.10344827586206896,0.23076923076923078,19.841269841269842,0.057971014492753624,0.03482587064676617,0.06818181818181818,0.035,0.06323185011709602,0.034912718204488775,0.037037037037037035,0.037037037037037035,,0.04411764705882353,0.05,0.0603448275862069,0.06451612903225806,0.07142857142857142,0.057692307692307696,0.03488372093023256,0.6666666666666666,0.08783783783783784,0.6153846153846154,0.8,0.5,0.27702702702702703,0.3170731707317073,0.34210526315789475,0.46153846153846156,0.15384615384615385,,,0.16666666666666666,0.625,0.6959459459459459,0.5265079310344827,0.59104,0.5182177777777779,0.06369426751592357,0.13636363636363635,0.06060606060606061,0.3090909090909091,6.756896551724139,0.31519274376417233,5.0,26.0,1.0,3.0,1.0,6.0,24.0,64.0,19.0,29.0,90.0,2.0,11.0,4.0,25.0,72.0,2.0,62.0,24.0,2.0,26.0,18.0,8.0,,1.0,,9.0,0.8275862068965517,0.32222222222222224,0.18181818181818182,0.16,0.32954545454545453,0.6081081081081081,0.07317073170731707,0.7428571428571429,0.07142857142857142,0.015625,0.17567567567567569,0.19230769230769232,0.19230769230769232,0.8,0.43243243243243246,0.375,0.38095238095238093,0.8333333333333334,0.23076923076923078,0.3333333333333333,,0.125,0.16666666666666666,0.3958333333333333,0.3870967741935484,0.01098901098901099,25.799999999999994,5.0,,,3.0,4.0,8.0,3.0,15.0,12.0,1.0,5.0,,1.0,3.0,3.0,8.0,6.0,0.02702702702702703,0.75,0.75,0.6153846153846154,0.15789473684210525,,,,1.0,,1.0,,1.0,0.011111111111111112,0.015625,1.0,,True,,,,1.0,,,0.125,1.0,,,,,
1630583,1610612763,Santi Aldama,Santi Aldama,1630583,MEM,11951.0,199,41.0,441.0,444,159.0,197,54.0,885,20.0,26.0,10.0,13.0,10.0,13.0,7.0,15.0,27.0,43.0,16.0,118.0,477.0,10.0,14.0,,29.0,11.0,18.0,4.0,50.0,32.0,22.0,14.0,2.0,9.0,9.0,18.0,7.0,3.0,6.0,45.0,7.0,8.0,25.0,12.0,42.0,17.0,59.0,2.0,6.0,3.0,3.0,3.0,3.0,1.0,7.0,,15.0,1.0,21.0,1.0,8.0,5.0,1.0,4.0,5.0,2.0,50.0,156.0,0.5925925925925926,0.8,0.627906976744186,0.7142857142857143,0.6111111111111112,0.6891891891891891,0.8055555555555556,0.7666666666666667,0.7108433734939759,0.8055555555555556,0.7575757575757576,0.046511627906976744,0.038461538461538464,16.929133858267715,0.1111111111111111,0.07692307692307693,0.22321428571428573,0.0673076923076923,0.16818181818181818,0.07211538461538461,0.13793103448275862,0.04477611940298507,0.125,0.046153846153846156,0.041666666666666664,0.11764705882352941,0.1875,0.22093023255813954,0.23076923076923078,0.07142857142857142,0.4,0.35135135135135137,0.7692307692307693,0.8,0.6,0.20270270270270271,0.4666666666666667,0.5,0.5714285714285714,0.7222222222222222,0.7692307692307693,0.3,0.43333333333333335,0.7692307692307693,0.7702702702702703,0.5675121621621622,0.6275769230769229,0.5675016666666667,0.12195121951219512,0.16,0.2457627118644068,0.423728813559322,4.33953488372093,0.36054421768707484,8.0,14.0,,,5.0,6.0,8.0,17.0,6.0,16.0,31.0,3.0,4.0,8.0,12.0,45.0,,17.0,8.0,5.0,,,,1.0,2.0,,1.0,0.9375,0.5161290322580645,0.75,0.6666666666666666,0.5161290322580645,0.4189189189189189,0.06666666666666667,,0.3333333333333333,0.10256410256410256,0.1891891891891892,0.5714285714285714,0.5714285714285714,0.875,0.22972972972972974,0.47058823529411764,0.47058823529411764,1.0,,,,0.2,0.8333333333333334,0.2,0.47058823529411764,0.0625,24.7,2.0,,,,2.0,4.0,3.0,3.0,2.0,,,1.0,,,1.0,1.0,1.0,0.02702702702702703,,,0.2222222222222222,0.5,2.0,0.2222222222222222,2.0,1.0,,,,,,,,,True,,,,3.0,,,0.75,1.0,,,,,
1641713,1610612763,GG Jackson,GG Jackson,1641713,MEM,512.0,9,-5.0,18.0,19,10.0,11,2.0,37,1.0,1.0,1.0,1.0,1.0,1.0,,1.0,1.0,2.0,,2.0,22.0,1.0,1.0,,2.0,1.0,2.0,,2.0,,2.0,2.0,,,,,,,,,1.0,,,,,1.0,1.0,,,,,,1.0,,1.0,,,,,,,,,,,,2.0,10.0,,,0.5,1.0,0.5,0.3333333333333333,1.0,0.5,0.3333333333333333,1.0,0.5,,,20.0,,,,0.25,,0.16666666666666666,,,,0.25,,,,,,,,0.3333333333333333,1.0,1.0,,0.3333333333333333,,,,1.0,1.0,,0.5,1.0,0.6666666666666666,0.5919333333333333,,0.6269,,,1.0,1.0,4.0,0.5555555555555556,,,,,,,,1.0,,,1.0,,,,,,,1.0,,,1.0,1.0,,,,,1.0,,,,,,0.3333333333333333,,1.0,,,,,,,0.3333333333333333,,,,,,,,,,,,29.5,,,,,,,,,,,,,,,,,,,,,,,,,,,,,,,,,,,True,,,,,,,,,,,,,
1641744,1610612763,Zach Edey,Zach Edey,1641744,MEM,6505.0,108,17.0,232.0,227,65.0,48,36.0,459,18.0,22.0,9.0,12.0,4.0,5.0,1.0,11.0,19.0,33.0,10.0,57.0,260.0,9.0,14.0,4.0,25.0,5.0,7.0,7.0,20.0,24.0,14.0,14.0,3.0,1.0,2.0,3.0,2.0,1.0,,8.0,6.0,13.0,9.0,6.0,16.0,19.0,35.0,2.0,4.0,1.0,3.0,2.0,2.0,9.0,19.0,1.0,14.0,3.0,16.0,2.0,7.0,5.0,2.0,3.0,5.0,,20.0,65.0,0.631578947368421,1.0,0.5757575757575758,0.6428571428571429,0.7142857142857143,0.6351351351351351,0.7,0.8125,0.6477272727272727,0.6944444444444444,0.8333333333333334,0.09090909090909091,0.09090909090909091,16.727272727272727,0.1111111111111111,0.18840579710144928,0.16666666666666666,0.1276595744680851,0.1388888888888889,0.16379310344827586,0.23076923076923078,0.17647058823529413,0.2,0.12903225806451613,0.07142857142857142,0.15151515151515152,,0.11363636363636363,0.4,0.16666666666666666,,0.5945945945945946,0.8181818181818182,0.9,0.6111111111111112,0.2972972972972973,0.09090909090909091,0.1,1.0,0.8,0.75,0.2222222222222222,0.625,0.8,0.7027027027027027,0.5918135135135135,0.5699384615384615,0.58815,0.16666666666666666,0.18421052631578946,0.43859649122807015,0.3508771929824561,3.4212121212121214,0.2801724137931034,1.0,1.0,1.0,1.0,1.0,1.0,2.0,3.0,,3.0,4.0,1.0,1.0,1.0,1.0,9.0,,3.0,2.0,1.0,,,,,,,1.0,1.0,0.75,1.0,1.0,0.75,0.10810810810810811,0.09090909090909091,,0.125,0.125,0.02702702702702703,1.0,1.0,1.0,0.08108108108108109,0.6666666666666666,0.6666666666666666,1.0,0.06666666666666667,1.0,1.0,0.125,1.0,,0.6666666666666666,,24.825000000000003,1.0,,,,,,,,,,1.0,1.0,4.0,,,2.0,2.0,,,,,,,,,,,,,,,,1.0,,True,,,,,,,,,,,,,
1631222,1610612763,Jake LaRavia,Jake LaRavia,1631222,MEM,11389.0,190,67.0,414.0,417,147.0,158,48.0,831,12.0,20.0,3.0,7.0,4.0,5.0,1.0,6.0,14.0,27.0,18.0,73.0,444.0,3.0,8.0,,6.0,5.0,6.0,10.0,23.0,22.0,6.0,4.0,3.0,12.0,13.0,25.0,10.0,7.0,5.0,63.0,4.0,9.0,14.0,10.0,26.0,14.0,40.0,1.0,8.0,5.0,3.0,10.0,15.0,8.0,21.0,1.0,13.0,,24.0,,11.0,3.0,1.0,2.0,7.0,3.0,23.0,146.0,0.7857142857142857,0.9166666666666666,0.5185185185185185,0.375,0.8333333333333334,0.5851063829787234,0.3,0.5,0.6186440677966102,0.2727272727272727,0.6052631578947368,0.1111111111111111,0.1,15.677966101694915,0.10752688172043011,0.10714285714285714,0.1206896551724138,0.037383177570093455,0.11483253588516747,0.06806282722513089,0.15384615384615385,0.07407407407407407,0.25,0.05555555555555555,0.15625,0.07547169811320754,0.125,0.15476190476190477,0.03125,0.047619047619047616,0.42857142857142855,0.425531914893617,0.6,0.6666666666666666,0.75,0.1276595744680851,0.16666666666666666,0.2,1.0,0.7,0.42857142857142855,0.3333333333333333,0.38461538461538464,0.8,0.851063829787234,0.5888031914893616,0.6090187499999999,0.6377307692307691,0.1896551724137931,0.2894736842105263,0.0821917808219178,0.3150684931506849,3.1666666666666665,0.35507246376811596,2.0,7.0,,1.0,,3.0,7.0,13.0,4.0,9.0,20.0,,2.0,1.0,7.0,27.0,,13.0,7.0,2.0,5.0,3.0,2.0,,,,5.0,1.0,0.45,,0.14285714285714285,0.45,0.425531914893617,0.16666666666666666,0.3333333333333333,0.16666666666666666,,0.14893617021276595,0.2857142857142857,0.2857142857142857,1.0,0.2765957446808511,0.5384615384615384,0.5384615384615384,1.0,0.1,,,0.23076923076923078,,0.3076923076923077,0.5384615384615384,,24.53,7.0,4.0,3.0,1.0,1.0,1.0,1.0,,3.0,,2.0,,2.0,,,1.0,1.0,0.02127659574468085,1.0,1.0,0.1,0.25,1.0,0.06666666666666667,1.0,3.0,,2.0,1.0,,,,,,True,1.0,1.0,,,,,,,,,,,
1642377,1610612763,Jaylen Wells,Jaylen Wells,1642377,MEM,3558.0,59,25.0,133.0,126,27.0,26,13.0,259,5.0,8.0,,2.0,,,2.0,8.0,7.0,16.0,2.0,28.0,115.0,,2.0,,,,1.0,,,14.0,,,3.0,1.0,1.0,2.0,,,1.0,5.0,1.0,1.0,3.0,3.0,6.0,2.0,8.0,1.0,1.0,,1.0,2.0,3.0,3.0,9.0,1.0,6.0,,2.0,,1.0,,,,,,,27.0,1.0,1.0,0.4375,,,0.52,,,0.5384615384615384,,,0.1875,0.25,19.07894736842105,0.0967741935483871,0.02702702702702703,0.0967741935483871,0.04,0.0967741935483871,0.03225806451612903,,0.038461538461538464,,0.05263157894736842,0.14285714285714285,0.08333333333333333,,0.12,,0.09090909090909091,,0.32,0.625,0.8333333333333334,1.0,0.32,0.25,0.2857142857142857,1.0,0.5,,,,,0.68,0.582078,0.6023166666666667,0.4355,0.038461538461538464,0.058823529411764705,,,3.85,0.20300751879699247,2.0,6.0,,1.0,,,2.0,3.0,,4.0,9.0,,2.0,,,12.0,,3.0,2.0,,1.0,,1.0,,,,1.0,1.0,0.4444444444444444,,,0.4444444444444444,0.36,0.125,0.3333333333333333,,,0.24,0.3333333333333333,0.3333333333333333,1.0,0.12,0.6666666666666666,0.6666666666666666,1.0,0.25,,,,,,0.6666666666666666,,23.88888888888889,,,,,,1.0,,,1.0,,,,1.0,,1.0,,,,,,0.25,,,,1.0,,,,,,,,,,True,,,,,,,,,,,,,
1629723,1610612763,John Konchar,John Konchar,1629723,MEM,1352.0,23,-10.0,48.0,51,17.0,20,6.0,99,1.0,1.0,,,,,,,1.0,1.0,2.0,7.0,64.0,,,,,,,,,,2.0,,,1.0,,1.0,,,1.0,2.0,1.0,1.0,2.0,2.0,4.0,2.0,6.0,,1.0,1.0,,,,2.0,3.0,,1.0,,2.0,,1.0,,,,1.0,,,17.0,,,1.0,,,0.625,,,0.7,,,,,9.09090909090909,0.14285714285714285,0.125,0.15384615384615385,0.07142857142857142,0.14814814814814814,0.09090909090909091,,0.14285714285714285,,0.08333333333333333,0.3333333333333333,0.1111111111111111,,0.18181818181818182,,,,0.25,1.0,1.0,,,,,,,,,,,1.0,0.6495000000000001,,0.5532,0.2,0.5,,,0.8,0.3541666666666667,1.0,1.0,,,,,,2.0,1.0,1.0,3.0,,1.0,,1.0,3.0,,2.0,,,,,,,,,,1.0,0.3333333333333333,,,0.3333333333333333,0.75,,,,,0.25,1.0,1.0,1.0,0.5,,,,,,,,,1.0,,,27.0,,1.0,1.0,,,1.0,,,,,,,,,,,,,,,1.0,,,,,,,,,,,,,,True,,,,,,,,,,,,,
1630590,1610612763,Scotty Pippen Jr.,Scotty Pippen Jr.,1630590,MEM,8575.0,143,-1.0,314.0,324,113.0,109,37.0,638,12.0,16.0,1.0,2.0,5.0,7.0,6.0,15.0,18.0,31.0,5.0,68.0,356.0,1.0,3.0,1.0,6.0,5.0,9.0,2.0,27.0,16.0,20.0,,3.0,14.0,12.0,26.0,9.0,10.0,4.0,64.0,1.0,3.0,10.0,11.0,22.0,4.0,26.0,1.0,6.0,5.0,1.0,6.0,11.0,6.0,18.0,2.0,14.0,,7.0,1.0,3.0,1.0,,1.0,1.0,1.0,27.0,112.0,0.4444444444444444,0.4444444444444444,0.5806451612903226,0.3333333333333333,0.5555555555555556,0.5625,0.4166666666666667,0.625,0.5666666666666667,0.42857142857142855,0.6136363636363636,0.0967741935483871,0.0625,19.327731092436977,0.13095238095238096,0.04838709677419355,0.14084507042253522,0.012195121951219513,0.13548387096774195,0.027777777777777776,0.047619047619047616,0.05,,0.018518518518518517,0.06896551724137931,0.12195121951219512,0.2857142857142857,0.14545454545454545,0.125,0.038461538461538464,1.0,0.2857142857142857,0.75,0.8,0.5,0.26785714285714285,0.4,0.46153846153846156,0.3333333333333333,0.3333333333333333,0.5,,0.35,0.7142857142857143,0.7321428571428571,0.5513937500000001,0.6067,0.5772074999999999,0.05172413793103448,0.09090909090909091,0.08823529411764706,0.39705882352941174,4.629032258064516,0.35987261146496813,4.0,7.0,,,2.0,5.0,5.0,18.0,6.0,9.0,25.0,1.0,3.0,5.0,11.0,24.0,,18.0,5.0,1.0,5.0,4.0,1.0,,,,5.0,0.8888888888888888,0.36,0.3333333333333333,0.45454545454545453,0.36,0.44642857142857145,0.13333333333333333,0.45454545454545453,0.07142857142857142,,0.125,0.5714285714285714,0.5714285714285714,0.75,0.32142857142857145,0.2777777777777778,0.2777777777777778,1.0,,,,0.25,0.4,0.3,0.2777777777777778,,24.984,5.0,,,,,3.0,3.0,3.0,3.0,,1.0,1.0,4.0,,4.0,2.0,,,,,0.5,0.5,,,1.0,1.0,,,,,,,,,True,,,,1.0,,,0.3333333333333333,1.0,,1.0,,,
1630217,1610612763,Desmond Bane,Desmond Bane,1630217,MEM,9904.0,165,52.0,360.0,360,109.0,126,40.0,720,16.0,18.0,1.0,1.0,3.0,3.0,4.0,15.0,25.0,45.0,9.0,77.0,388.0,3.0,4.0,2.0,8.0,8.0,13.0,4.0,20.0,16.0,34.0,2.0,1.0,16.0,12.0,28.0,11.0,11.0,5.0,68.0,2.0,1.0,14.0,13.0,32.0,3.0,35.0,,8.0,5.0,3.0,6.0,12.0,8.0,15.0,,5.0,,9.0,3.0,3.0,1.0,1.0,,1.0,,18.0,107.0,0.32,0.3333333333333333,0.5555555555555556,0.75,0.6153846153846154,0.4857142857142857,0.5,0.3333333333333333,0.5135135135135135,0.5714285714285714,0.38461538461538464,0.022222222222222223,,20.19464720194647,0.14772727272727273,0.011764705882352941,0.1590909090909091,0.02666666666666667,0.1534090909090909,0.01875,,0.017241379310344827,,0.04081632653061224,0.1875,0.14814814814814814,0.1111111111111111,0.18840579710144928,0.05263157894736842,,,0.2571428571428571,0.8888888888888888,0.8888888888888888,0.375,0.21428571428571427,0.26666666666666666,0.2857142857142857,0.25,0.16666666666666666,1.0,,0.125,1.0,0.6142857142857143,0.5234514492753624,0.4852375,0.49405217391304357,0.04285714285714286,0.06666666666666667,0.1038961038961039,0.2597402597402597,8.159999999999998,0.30277777777777776,2.0,5.0,,,,3.0,4.0,20.0,8.0,6.0,25.0,,2.0,,11.0,18.0,,20.0,4.0,5.0,6.0,4.0,2.0,,,,1.0,1.0,0.24,,,0.24,0.35714285714285715,0.06666666666666667,0.5,0.38461538461538464,,0.07142857142857142,0.4,0.4,1.0,0.2857142857142857,0.2,0.2,1.0,,,,0.125,,0.3333333333333333,0.2,,25.828000000000003,2.0,,,5.0,12.0,2.0,,,1.0,,,1.0,1.0,,1.0,4.0,,0.17142857142857143,0.4166666666666667,0.4166666666666667,0.3333333333333333,,,,1.0,3.0,1.0,,0.2,,,,,,True,2.0,,,,,,,,,,,,
1630643,1610612763,Jay Huff,Jay Huff,1630643,MEM,6626.0,110,28.0,247.0,248,89.0,106,30.0,495,7.0,11.0,,1.0,4.0,5.0,4.0,4.0,11.0,16.0,4.0,53.0,265.0,,1.0,,3.0,6.0,8.0,1.0,16.0,22.0,,,2.0,1.0,5.0,6.0,4.0,,,17.0,5.0,,10.0,7.0,18.0,5.0,23.0,,4.0,3.0,1.0,1.0,3.0,14.0,19.0,,5.0,,8.0,,4.0,7.0,4.0,3.0,8.0,4.0,16.0,88.0,1.0,1.0,0.6875,,0.75,0.5444444444444444,0.375,0.4411764705882353,0.5408163265306123,0.375,0.4444444444444444,0.125,0.18181818181818182,18.43971631205674,0.12727272727272726,,0.15625,0.07246376811594203,0.14285714285714285,0.046296296296296294,,,,0.10416666666666667,0.23076923076923078,0.08571428571428572,0.14285714285714285,0.1276595744680851,0.23529411764705882,,0.5,0.24444444444444444,0.6363636363636364,0.7777777777777778,1.0,0.08888888888888889,1.0,1.0,1.0,0.25,,,0.29411764705882354,0.8,0.8888888888888888,0.5891555555555555,,0.5724823529411766,0.08163265306122448,0.2,0.05660377358490566,0.3018867924528302,3.4625,0.3603238866396761,3.0,13.0,,,1.0,5.0,6.0,16.0,4.0,9.0,29.0,1.0,3.0,1.0,9.0,27.0,,16.0,6.0,1.0,2.0,,2.0,,,,3.0,1.0,0.3103448275862069,0.3333333333333333,0.1111111111111111,0.3103448275862069,0.6444444444444445,,0.6666666666666666,0.1111111111111111,,0.28888888888888886,0.23076923076923078,0.23076923076923078,1.0,0.35555555555555557,0.375,0.375,1.0,,,,0.29411764705882354,0.2,0.23529411764705882,0.375,,24.734482758620697,1.0,1.0,1.0,,1.0,3.0,,,1.0,1.0,,,4.0,,,,,0.022222222222222223,,,0.75,,,,1.0,,,,,,,,,1.0,True,,,,1.0,,,0.3333333333333333,1.0,,,,,
1631246,1610612763,Vince Williams Jr.,Vince Williams Jr.,1631246,MEM,1431.0,24,,53.0,52,19.0,6,9.0,105,,1.0,,,,,2.0,2.0,3.0,4.0,,6.0,61.0,1.0,1.0,,2.0,1.0,1.0,,2.0,2.0,4.0,,1.0,1.0,1.0,2.0,1.0,,1.0,5.0,,,,3.0,3.0,,3.0,,2.0,1.0,1.0,,1.0,2.0,2.0,,3.0,,2.0,,,2.0,,2.0,2.0,,2.0,19.0,0.3333333333333333,0.3333333333333333,0.75,1.0,1.0,0.42857142857142855,0.5,0.5,0.375,0.5,0.3333333333333333,0.25,1.0,14.285714285714286,0.17647058823529413,,,,0.11538461538461539,,,,,,0.3333333333333333,0.16666666666666666,,,,,,0.14285714285714285,,,,0.2857142857142857,1.0,1.0,0.5,,,,,,0.5714285714285714,0.5130285714285714,0.520925,0.51935,,,0.3333333333333333,0.3333333333333333,7.825000000000001,0.3584905660377358,,,,,,,,3.0,1.0,,3.0,,1.0,,1.0,,,3.0,,,1.0,,1.0,,,,,,,,,,0.42857142857142855,,1.0,,,,,,,0.42857142857142855,,,,,,,,,0.5,,,24.933333333333334,1.0,,,1.0,1.0,1.0,,,,,,,,,,1.0,1.0,0.14285714285714285,1.0,1.0,0.5,,,,,,,,,,,,,,True,,,,,,,,,,,,,
1642285,1610612763,Cam Spencer,Cam Spencer,1642285,MEM,396.0,7,9.0,16.0,15,7.0,6,3.0,31,,,,,,,1.0,1.0,1.0,1.0,1.0,3.0,16.0,1.0,1.0,1.0,3.0,,,,,2.0,,,,2.0,,2.0,,1.0,1.0,4.0,1.0,,1.0,,1.0,1.0,2.0,,1.0,1.0,,,,,,,1.0,,1.0,1.0,1.0,,,,,,,7.0,1.0,1.0,1.0,1.0,,1.0,1.0,,1.5,1.5,,,,5.0,,,0.3333333333333333,0.16666666666666666,0.14285714285714285,0.125,,,,0.2,,,,0.5,,,,,,,,1.0,1.0,1.0,1.0,,,,,,,0.4897,0.4897,,1.0,1.0,1.0,,4.4,0.4375,,,,,,,,,,,,,,,,,,,,,,,,,,,,,,,,,,,,,,,,,,,,,,,,,,,,,,,,,,,,,,,,,,,,,,,,,,,,,,,,,,,,,,,,,True,,,,,,,,,,,,,
1628379,1610612763,Luke Kennard,Luke Kennard,1628379,MEM,62009.0,1033,131.0,2212.0,2207,667.0,712,303.0,4419,22.0,32.0,3.0,6.0,5.0,10.0,29.0,63.0,66.0,125.0,40.0,439.0,2566.0,8.0,14.0,13.0,77.0,13.0,32.0,16.0,129.0,64.0,68.0,6.0,8.0,102.0,62.0,164.0,43.0,49.0,45.0,390.0,12.0,16.0,54.0,45.0,100.0,28.0,128.0,3.0,34.0,24.0,10.0,14.0,53.0,18.0,39.0,1.0,37.0,2.0,46.0,2.0,8.0,4.0,1.0,3.0,4.0,1.0,127.0,665.0,0.48484848484848486,0.5079365079365079,0.528,0.5714285714285714,0.40625,0.6214953271028038,0.5925925925925926,0.5947368421052631,0.6386430678466076,0.6311475409836066,0.6153846153846154,0.064,0.0625,15.091404122909374,0.08490566037735849,0.0311284046692607,0.10909090909090909,0.02459016393442623,0.09658536585365854,0.027944111776447105,0.037267080745341616,0.022508038585209004,0.07142857142857142,0.027548209366391185,0.06043956043956044,0.09608540925266904,0.1044776119402985,0.1099476439790576,0.10619469026548672,0.01948051948051948,0.25,0.09968847352024922,0.6875,0.7333333333333333,0.3181818181818182,0.19626168224299065,0.4603174603174603,0.5087719298245614,0.5517241379310345,0.1111111111111111,0.5,,0.10526315789473684,0.5,0.7102803738317757,0.52732625,0.5429785714285715,0.5285194736842106,0.03636363636363636,0.061068702290076333,0.17539863325740318,0.2938496583143508,9.587999999999996,0.3015370705244123,27.0,51.0,5.0,14.0,14.0,22.0,62.0,145.0,41.0,89.0,196.0,16.0,40.0,29.0,63.0,252.0,1.0,144.0,62.0,1.0,39.0,27.0,12.0,1.0,4.0,,6.0,0.9438202247191011,0.45408163265306123,0.4,0.4603174603174603,0.4564102564102564,0.6105919003115264,0.09523809523809523,0.7358490566037735,0.024390243902439025,0.016,0.1588785046728972,0.5294117647058824,0.5294117647058824,1.0,0.4517133956386293,0.42758620689655175,0.4305555555555556,0.9193548387096774,0.25925925925925924,0.35714285714285715,1.0,0.23157894736842105,0.6363636363636364,0.43157894736842106,0.4305555555555556,0.020100502512562814,25.156632653061234,15.0,,,15.0,30.0,26.0,15.0,15.0,19.0,8.0,8.0,5.0,4.0,,,9.0,4.0,0.09345794392523364,0.5,0.5,0.48148148148148145,0.36585365853658536,,,1.0,2.0,8.0,,0.6,1.0,0.00510204081632653,0.006896551724137931,1.0,,False,1.0,,,11.0,,,0.4230769230769231,1.0,,,,,
1628963,1610612763,Marvin Bagley III,Marvin Bagley III,1628963,MEM,2344.0,39,-8.0,80.0,83,14.0,28,7.0,163,3.0,4.0,1.0,2.0,,,,1.0,3.0,5.0,3.0,12.0,105.0,1.0,2.0,1.0,3.0,,,2.0,2.0,4.0,2.0,2.0,,,,,,,,,2.0,1.0,1.0,2.0,4.0,3.0,7.0,1.0,,,,,,1.0,2.0,,2.0,,4.0,,2.0,2.0,2.0,,2.0,1.0,2.0,13.0,0.6666666666666666,1.0,0.6,0.5,,0.5,0.5,,0.5454545454545454,0.5,1.0,,,12.222222222222221,0.09523809523809523,0.07142857142857142,0.07692307692307693,0.1,0.08823529411764706,0.08823529411764706,0.25,,,0.06666666666666667,,0.09090909090909091,0.3333333333333333,0.09090909090909091,,0.2,0.5,0.4444444444444444,0.75,0.75,0.6666666666666666,0.1111111111111111,,,,1.0,0.5,,,,0.8888888888888888,0.6464555555555557,0.643,,0.18181818181818182,0.2857142857142857,0.25,0.16666666666666666,1.58,0.175,1.0,2.0,,,,,,2.0,,1.0,4.0,,,,,3.0,,2.0,,1.0,,,,,,,,1.0,0.25,,,0.25,0.4444444444444444,,,1.0,0.2,0.2222222222222222,0.5,0.5,1.0,0.2222222222222222,,,,,,,,,,,,24.224999999999998,,,,,,,,,,,,,,,,,,,,,,,,,,,,,,,,,,,False,,,,,,,,,,,,,
1629630,1610612763,Ja Morant,Ja Morant,1629630,MEM,63947.0,1066,233.0,2289.0,2268,450.0,499,322.0,4557,109.0,188.0,9.0,24.0,26.0,40.0,96.0,207.0,211.0,421.0,176.0,751.0,2498.0,14.0,33.0,5.0,57.0,47.0,92.0,64.0,170.0,110.0,312.0,,39.0,171.0,96.0,267.0,62.0,129.0,40.0,630.0,10.0,9.0,59.0,52.0,116.0,20.0,136.0,8.0,47.0,25.0,22.0,49.0,136.0,31.0,77.0,1.0,170.0,6.0,209.0,24.0,100.0,11.0,7.0,4.0,11.0,6.0,170.0,445.0,0.26066350710900477,0.26066350710900477,0.501187648456057,0.42424242424242425,0.5108695652173914,0.4720853858784893,0.4482758620689655,0.40458015267175573,0.5364285714285715,0.4672131147540984,0.5089820359281437,0.09263657957244656,0.09042553191489362,31.11028315946349,0.09541284403669725,0.015202702702702704,0.10442477876106195,0.020703933747412008,0.1,0.017674418604651163,0.024154589371980676,0.012084592145015106,,0.014044943820224719,0.07537688442211055,0.07518796992481203,0.2125,0.091324200913242,0.14960629921259844,0.02711864406779661,0.5454545454545454,0.30870279146141216,0.5797872340425532,0.6374269005847953,0.42201834862385323,0.3399014778325123,0.463768115942029,0.5161290322580645,0.07291666666666667,0.41379310344827586,0.375,0.6666666666666666,0.3053435114503817,0.65,0.6174055829228243,0.5361750000000001,0.523833870967742,0.5046375,0.14723032069970846,0.2012072434607646,0.0758988015978695,0.22636484687083888,6.1111638954869365,0.1965923984272608,8.0,32.0,1.0,7.0,,6.0,43.0,156.0,33.0,51.0,188.0,8.0,25.0,4.0,39.0,90.0,5.0,151.0,43.0,5.0,87.0,64.0,23.0,,1.0,3.0,10.0,0.5882352941176471,0.2712765957446808,0.32,0.10256410256410256,0.2786885245901639,0.30870279146141216,0.10144927536231885,0.6397058823529411,0.09090909090909091,0.03937007874015748,0.052545155993431854,0.25,0.25806451612903225,0.75,0.2561576354679803,0.27564102564102566,0.27564102564102566,0.5581395348837209,0.1206896551724138,0.14285714285714285,1.0,0.04580152671755725,,0.25190839694656486,0.2847682119205298,0.005291005291005291,26.66861702127659,23.0,,,6.0,26.0,18.0,4.0,63.0,34.0,2.0,28.0,15.0,2.0,3.0,7.0,14.0,13.0,0.042692939244663386,0.23076923076923078,0.24,0.3103448275862069,0.12121212121212122,1.0,0.02040816326530612,11.0,5.0,1.0,4.0,0.3333333333333333,1.0,0.005319148936170213,,,,False,,,,7.0,,0.038461538461538464,0.3888888888888889,0.8571428571428571,,,,0.03125,
1629634,1610612763,Brandon Clarke,Brandon Clarke,1629634,MEM,60832.0,1014,118.0,2142.0,2166,588.0,715,270.0,4308,125.0,153.0,44.0,55.0,38.0,44.0,64.0,141.0,190.0,297.0,51.0,434.0,2428.0,52.0,77.0,13.0,117.0,57.0,90.0,17.0,131.0,288.0,92.0,70.0,18.0,32.0,24.0,56.0,18.0,17.0,10.0,136.0,33.0,76.0,77.0,80.0,163.0,113.0,276.0,9.0,42.0,29.0,13.0,16.0,34.0,71.0,121.0,5.0,68.0,12.0,73.0,17.0,42.0,32.0,11.0,21.0,32.0,20.0,131.0,586.0,0.7578947368421053,0.9290322580645162,0.6397306397306397,0.6753246753246753,0.6333333333333333,0.6118210862619808,0.6666666666666666,0.6195652173913043,0.6363636363636364,0.6724137931034483,0.6359223300970874,0.06060606060606061,0.026143790849673203,15.194489465153971,0.15267175572519084,0.14671814671814673,0.14555765595463138,0.07317073170731707,0.14909781576448244,0.11248710010319918,0.16129032258064516,0.14641744548286603,0.09523809523809523,0.07033639143730887,0.12643678160919541,0.16417910447761194,0.17073170731707318,0.14320388349514562,0.15384615384615385,0.08737864077669903,0.625,0.48881789137380194,0.8169934640522876,0.8389261744966443,0.68,0.4504792332268371,0.45390070921985815,0.5039370078740157,0.90625,0.7051282051282052,0.8,0.1590909090909091,0.4782608695652174,0.8636363636363636,0.5399361022364217,0.5543346645367413,0.582876984126984,0.5520380434782609,0.1242603550295858,0.13043478260869565,0.2695852534562212,0.30184331797235026,4.767003367003368,0.27450980392156865,1.0,13.0,,1.0,,2.0,,3.0,,1.0,16.0,,1.0,,2.0,3.0,,3.0,,6.0,18.0,8.0,10.0,,,,9.0,1.0,0.0625,,,0.0625,0.051118210862619806,0.09929078014184398,0.5294117647058824,0.1276595744680851,0.08064516129032258,0.04153354632587859,0.07692307692307693,0.07692307692307693,1.0,0.009584664536741214,,,,0.01282051282051282,,,0.021739130434782608,,,,,23.825,10.0,,,1.0,3.0,,,,6.0,5.0,3.0,6.0,12.0,3.0,3.0,3.0,3.0,0.009584664536741214,0.3333333333333333,0.3333333333333333,,,4.0,0.057971014492753624,1.0,1.0,,2.0,1.0,,,,,,False,2.0,,1.0,,,,,,,1.0,,,
1630217,1610612763,Desmond Bane,Desmond Bane,1630217,MEM,90401.0,1507,148.0,3229.0,3201,707.0,826,423.0,6430,124.0,183.0,18.0,27.0,23.0,37.0,78.0,171.0,230.0,407.0,131.0,915.0,3686.0,26.0,46.0,13.0,113.0,41.0,82.0,55.0,200.0,200.0,260.0,14.0,52.0,154.0,107.0,261.0,74.0,82.0,67.0,629.0,22.0,24.0,118.0,115.0,248.0,47.0,295.0,12.0,55.0,36.0,19.0,50.0,123.0,49.0,114.0,11.0,96.0,4.0,150.0,16.0,55.0,20.0,10.0,10.0,23.0,18.0,195.0,700.0,0.43478260869565216,0.4484304932735426,0.5651105651105651,0.5652173913043478,0.5,0.5697674418604651,0.6172839506172839,0.5330882352941176,0.6046979865771812,0.6547619047619048,0.6012269938650306,0.12776412776412777,0.12021857923497267,23.159018143009607,0.14250309789343246,0.030303030303030304,0.16186556927297668,0.03089887640449438,0.15169270833333334,0.030585106382978722,0.03557312252964427,0.02771855010660981,0.02857142857142857,0.027131782945736434,0.10984848484848485,0.15058823529411763,0.1864406779661017,0.16550522648083624,0.14838709677419354,0.041237113402061855,0.782608695652174,0.26598837209302323,0.6775956284153005,0.7701863354037267,0.41935483870967744,0.24854651162790697,0.45614035087719296,0.5492957746478874,0.41025641025641024,0.3333333333333333,0.6666666666666666,0.6111111111111112,0.27205882352941174,0.6216216216216216,0.6744186046511628,0.532319840116279,0.5259103773584906,0.5135099264705884,0.08082191780821918,0.12331838565022421,0.12349726775956284,0.2185792349726776,6.808108108108105,0.2189532362960669,17.0,53.0,4.0,12.0,3.0,10.0,91.0,228.0,44.0,108.0,281.0,16.0,35.0,21.0,54.0,213.0,,228.0,91.0,15.0,73.0,42.0,31.0,1.0,4.0,,11.0,0.6574074074074074,0.38434163701067614,0.45714285714285713,0.3888888888888889,0.38434163701067614,0.40843023255813954,0.1695906432748538,0.5934959349593496,0.19480519480519481,0.04081632653061224,0.07703488372093023,0.32075471698113206,0.3333333333333333,0.9411764705882353,0.3313953488372093,0.3991228070175439,0.40625,0.6043956043956044,0.14814814814814814,0.3333333333333333,0.75,0.07352941176470588,0.3,0.3235294117647059,0.3991228070175439,0.014084507042253521,25.637010676156578,20.0,3.0,1.0,28.0,53.0,23.0,18.0,111.0,33.0,5.0,19.0,8.0,12.0,,3.0,15.0,12.0,0.07703488372093023,0.5283018867924528,0.5384615384615384,0.2839506172839506,0.4090909090909091,1.0,0.0136986301369863,6.0,9.0,16.0,2.0,0.5714285714285714,6.0,0.021352313167259787,0.017543859649122806,,,False,1.0,2.0,,12.0,,0.018867924528301886,0.5217391304347826,0.6666666666666666,,,,0.03773584905660377,
1642377,1610612763,Jaylen Wells,Jaylen Wells,1642377,MEM,98136.0,1636,106.0,3484.0,3497,734.0,752,468.0,6981,62.0,90.0,17.0,27.0,14.0,19.0,47.0,98.0,124.0,231.0,87.0,686.0,4051.0,22.0,44.0,18.0,107.0,22.0,48.0,31.0,153.0,158.0,90.0,14.0,20.0,68.0,40.0,108.0,28.0,41.0,24.0,256.0,40.0,33.0,84.0,47.0,135.0,73.0,208.0,18.0,36.0,26.0,10.0,25.0,59.0,45.0,112.0,1.0,118.0,7.0,108.0,11.0,40.0,8.0,4.0,4.0,8.0,5.0,153.0,733.0,0.6370967741935484,0.6752136752136753,0.5367965367965368,0.5,0.4583333333333333,0.543557168784029,0.5114942528735632,0.5495495495495496,0.5735785953177257,0.5459183673469388,0.5884615384615385,0.08658008658008658,0.08888888888888889,16.1409561360276,0.0558858501783591,0.039239001189060645,0.10396039603960396,0.05082592121982211,0.07944208611279563,0.04484029484029484,0.037037037037037035,0.04219409282700422,0.030927835051546393,0.04745166959578207,0.04778156996587031,0.05,0.09375,0.1029641185647426,0.10778443113772455,0.06315789473684211,0.625,0.16333938294010888,0.6888888888888889,0.7560975609756098,0.7419354838709677,0.17785843920145192,0.47959183673469385,0.5465116279069767,0.48936170212765956,0.3103448275862069,0.6296296296296297,0.5882352941176471,0.17117117117117117,0.7368421052631579,0.7441016333938294,0.5462650635208712,0.5549765306122448,0.5307202702702701,0.07705479452054795,0.15384615384615385,0.15597667638483964,0.2230320699708455,7.6645021645021645,0.21067738231917335,48.0,123.0,3.0,7.0,11.0,27.0,69.0,197.0,36.0,117.0,320.0,15.0,43.0,26.0,63.0,318.0,,197.0,69.0,4.0,34.0,17.0,17.0,1.0,5.0,,10.0,0.905982905982906,0.365625,0.3488372093023256,0.4126984126984127,0.365625,0.5807622504537205,0.12244897959183673,0.576271186440678,0.056338028169014086,0.05963302752293578,0.22323049001814882,0.3902439024390244,0.39669421487603307,0.9791666666666666,0.35753176043557167,0.350253807106599,0.350253807106599,0.855072463768116,0.08045977011494253,0.42857142857142855,1.0,0.24324324324324326,0.4074074074074074,0.32432432432432434,0.350253807106599,0.015432098765432098,24.79812500000001,8.0,,,15.0,43.0,36.0,15.0,33.0,12.0,3.0,5.0,10.0,9.0,3.0,30.0,14.0,12.0,0.0780399274047187,0.3488372093023256,0.3488372093023256,0.41379310344827586,0.4166666666666667,,,7.0,6.0,,3.0,0.6666666666666666,2.0,0.00625,,,,False,1.0,,1.0,12.0,,,0.3333333333333333,0.6666666666666666,,1.0,,0.016260162601626018,
1628991,1610612763,Jaren Jackson Jr.,Jaren Jackson Jr.,1628991,MEM,91231.0,1521,295.0,3255.0,3249,693.0,618,423.0,6504,93.0,142.0,19.0,28.0,16.0,23.0,221.0,421.0,319.0,579.0,235.0,1161.0,3589.0,32.0,56.0,28.0,101.0,63.0,119.0,82.0,265.0,282.0,356.0,38.0,59.0,47.0,66.0,113.0,52.0,26.0,16.0,292.0,31.0,34.0,119.0,100.0,235.0,67.0,302.0,17.0,67.0,34.0,33.0,51.0,117.0,92.0,175.0,14.0,241.0,15.0,301.0,38.0,142.0,84.0,43.0,41.0,84.0,48.0,263.0,687.0,0.44200626959247646,0.47,0.5509499136442142,0.5714285714285714,0.5294117647058824,0.5498812351543944,0.45625,0.5228571428571429,0.5972222222222222,0.531578947368421,0.594170403587444,0.10189982728842832,0.1267605633802817,28.885941644562333,0.12706480304955528,0.04331210191082802,0.14968553459119496,0.04428571428571428,0.13843236409608092,0.04377104377104377,0.032388663967611336,0.05106382978723404,0.029411764705882353,0.041749502982107355,0.1232876712328767,0.12668463611859837,0.13709677419354838,0.14903846153846154,0.15204678362573099,0.04788732394366197,0.5714285714285714,0.16864608076009502,0.6549295774647887,0.75,0.45161290322580644,0.5,0.5249406175771971,0.577023498694517,0.4434389140271493,0.35,0.6785714285714286,,0.13142857142857142,0.6956521739130435,0.4809976247030879,0.5039980286738353,0.5047754385964912,0.47730701754385957,0.15205913410770855,0.20790629575402636,0.08699397071490095,0.22825150732127478,6.9326424870466345,0.2129032258064516,18.0,54.0,,5.0,3.0,7.0,78.0,209.0,49.0,96.0,263.0,3.0,24.0,19.0,56.0,273.0,5.0,204.0,78.0,16.0,66.0,25.0,41.0,1.0,3.0,3.0,9.0,0.9479166666666666,0.3650190114068441,0.125,0.3392857142857143,0.37209302325581395,0.31235154394299286,0.09026128266033254,0.5641025641025641,0.2191780821917808,0.050761421319796954,0.06413301662707839,0.3333333333333333,0.33962264150943394,1.0,0.24821852731591448,0.37320574162679426,0.375,0.9358974358974359,0.0625,,,0.04,0.42857142857142855,0.28,0.38235294117647056,0.007575757575757576,26.14030418250951,23.0,,,5.0,16.0,19.0,16.0,15.0,14.0,5.0,8.0,13.0,16.0,,7.0,24.0,23.0,0.019002375296912115,0.3125,0.38461538461538464,0.2375,0.32653061224489793,2.0,0.02247191011235955,6.0,9.0,,6.0,0.2,2.0,0.0076045627376425855,0.004784688995215311,,,False,7.0,,,3.0,,0.1875,0.15789473684210525,1.0,,,1.0,0.018518518518518517,
1630583,1610612763,Santi Aldama,Santi Aldama,1630583,MEM,67573.0,1126,223.0,2431.0,2406,668.0,812,332.0,4837,87.0,118.0,29.0,42.0,27.0,37.0,50.0,112.0,140.0,241.0,33.0,553.0,2715.0,31.0,54.0,3.0,83.0,35.0,68.0,7.0,152.0,184.0,96.0,42.0,19.0,77.0,55.0,132.0,39.0,40.0,33.0,319.0,29.0,37.0,101.0,97.0,228.0,67.0,295.0,15.0,36.0,32.0,4.0,21.0,50.0,34.0,50.0,2.0,51.0,5.0,49.0,8.0,23.0,23.0,14.0,8.0,24.0,15.0,152.0,664.0,0.6571428571428571,0.773109243697479,0.5809128630705395,0.5740740740740741,0.5147058823529411,0.5579399141630901,0.547945205479452,0.562015503875969,0.5689300411522634,0.5533333333333333,0.562962962962963,0.07883817427385892,0.05084745762711865,18.966737438075018,0.16928446771378708,0.06607142857142857,0.1843065693430657,0.05123674911660778,0.17662801070472792,0.0586145648312611,0.0962566844919786,0.050156739811912224,0.05555555555555555,0.04976303317535545,0.1889400921658986,0.1553030303030303,0.16304347826086957,0.20048309178743962,0.13432835820895522,0.0684931506849315,0.625,0.2532188841201717,0.7372881355932204,0.7767857142857143,0.632183908045977,0.24034334763948498,0.44642857142857145,0.49504950495049505,0.68,0.5753424657534246,0.6904761904761905,0.2413793103448276,0.2868217054263566,0.7297297297297297,0.7360515021459227,0.5591031385281384,0.5725846153846154,0.5544148437499999,0.04781704781704782,0.08984375,0.15009041591320071,0.27486437613019893,5.160580912863071,0.27478403948992186,22.0,59.0,2.0,4.0,4.0,15.0,58.0,166.0,46.0,80.0,225.0,6.0,19.0,25.0,61.0,234.0,4.0,162.0,58.0,30.0,29.0,21.0,8.0,,1.0,2.0,4.0,0.975,0.35555555555555557,0.3157894736842105,0.4098360655737705,0.36199095022624433,0.48283261802575106,0.09821428571428571,0.58,0.5454545454545454,0.05555555555555555,0.12660944206008584,0.3728813559322034,0.3728813559322034,0.9545454545454546,0.3562231759656652,0.3493975903614458,0.3493975903614458,0.9827586206896551,0.0547945205479452,0.5,0.5,0.11627906976744186,0.26666666666666666,0.35658914728682173,0.35802469135802467,,25.97111111111112,18.0,1.0,,3.0,11.0,15.0,21.0,6.0,16.0,4.0,11.0,2.0,4.0,1.0,5.0,4.0,3.0,0.023605150214592276,0.2727272727272727,0.3333333333333333,0.2054794520547945,0.45652173913043476,1.0,0.015384615384615385,4.0,3.0,,,1.0,,,,,1.0,False,1.0,1.0,,4.0,1.0,0.18181818181818182,0.26666666666666666,1.0,,,1.0,,
1630590,1610612763,Scotty Pippen Jr.,Scotty Pippen Jr.,1630590,MEM,68792.0,1147,54.0,2438.0,2466,634.0,718,320.0,4904,87.0,134.0,8.0,17.0,23.0,37.0,47.0,111.0,137.0,256.0,88.0,515.0,2761.0,12.0,35.0,10.0,55.0,34.0,61.0,26.0,139.0,140.0,134.0,4.0,27.0,137.0,102.0,239.0,78.0,78.0,51.0,580.0,19.0,28.0,69.0,60.0,133.0,49.0,182.0,3.0,72.0,31.0,41.0,37.0,101.0,60.0,139.0,8.0,127.0,4.0,125.0,18.0,60.0,19.0,3.0,15.0,21.0,12.0,139.0,632.0,0.5109489051094891,0.5185185185185185,0.53515625,0.34285714285714286,0.5573770491803278,0.53375,0.45,0.5432692307692307,0.5687361419068736,0.5,0.569672131147541,0.10546875,0.09701492537313433,19.45525291828794,0.10135135135135136,0.04835924006908463,0.12,0.03356890459363958,0.11053984575835475,0.04104803493449782,0.03278688524590164,0.059322033898305086,0.023809523809523808,0.03132530120481928,0.0967741935483871,0.11971830985915492,0.054945054945054944,0.10730593607305935,0.16058394160583941,0.017241379310344827,0.5714285714285714,0.335,0.6492537313432836,0.71900826446281,0.5402298850574713,0.2775,0.42342342342342343,0.47959183673469385,0.48936170212765956,0.34,0.47058823529411764,0.25,0.3557692307692308,0.6216216216216216,0.695,0.5514683879093196,0.5139919354838709,0.5477965686274511,0.13800904977375567,0.20134228187919462,0.10679611650485436,0.26990291262135924,4.908203125000001,0.26004922067268255,12.0,30.0,1.0,2.0,4.0,6.0,39.0,114.0,37.0,51.0,144.0,7.0,15.0,15.0,43.0,153.0,2.0,112.0,39.0,4.0,64.0,46.0,18.0,1.0,1.0,,17.0,1.0,0.3541666666666667,0.4666666666666667,0.3488372093023256,0.3591549295774648,0.36,0.11711711711711711,0.6336633663366337,0.07272727272727272,0.039735099337748346,0.075,0.4,0.4,1.0,0.285,0.34210526315789475,0.3482142857142857,1.0,0.04,0.5,1.0,0.057692307692307696,0.6666666666666666,0.3557692307692308,0.3482142857142857,0.006944444444444444,25.491666666666667,27.0,2.0,,3.0,11.0,13.0,11.0,,24.0,8.0,13.0,10.0,7.0,4.0,19.0,9.0,7.0,0.0275,0.2727272727272727,0.3,0.26,0.2972972972972973,2.0,0.023809523809523808,3.0,3.0,2.0,7.0,,2.0,0.013888888888888888,0.017543859649122806,1.0,,False,1.0,2.0,,6.0,1.0,0.09090909090909091,0.46153846153846156,1.0,,,1.0,,
1631222,1610612763,Jake LaRavia,Jake LaRavia,1631222,MEM,47530.0,792,113.0,1694.0,1694,635.0,582,234.0,3388,47.0,72.0,11.0,19.0,16.0,19.0,16.0,48.0,64.0,124.0,49.0,270.0,1897.0,13.0,25.0,3.0,41.0,19.0,38.0,17.0,76.0,78.0,50.0,16.0,18.0,58.0,50.0,108.0,30.0,31.0,27.0,266.0,25.0,26.0,48.0,55.0,112.0,53.0,165.0,6.0,36.0,17.0,19.0,23.0,54.0,35.0,71.0,4.0,58.0,4.0,72.0,6.0,31.0,10.0,5.0,4.0,13.0,4.0,76.0,633.0,0.609375,0.6964285714285714,0.5161290322580645,0.52,0.5,0.5695876288659794,0.5135135135135135,0.5267857142857143,0.5947136563876652,0.5256410256410257,0.5588235294117647,0.14516129032258066,0.08333333333333333,14.206268958543983,0.13784461152882205,0.06341463414634146,0.12090680100755667,0.07575757575757576,0.12939698492462312,0.06891891891891892,0.07534246575342465,0.05603448275862069,0.0625,0.08189655172413793,0.12650602409638553,0.12222222222222222,0.22641509433962265,0.13183279742765272,0.08139534883720931,0.0759493670886076,0.3076923076923077,0.3711340206185567,0.6527777777777778,0.7121212121212122,0.6170212765957447,0.24742268041237114,0.3333333333333333,0.4444444444444444,0.5625,0.5135135135135135,0.5789473684210527,0.18181818181818182,0.3392857142857143,0.8421052631578947,0.7319587628865979,0.5584471354166668,0.591861111111111,0.5361888888888888,0.1415525114155251,0.2080536912751678,0.15185185185185185,0.2814814814814815,4.265322580645161,0.37485242030696575,8.0,19.0,,4.0,1.0,1.0,23.0,51.0,17.0,31.0,70.0,4.0,12.0,7.0,18.0,87.0,2.0,48.0,22.0,9.0,31.0,20.0,11.0,,,,9.0,0.9354838709677419,0.44285714285714284,0.3333333333333333,0.3888888888888889,0.4411764705882353,0.36082474226804123,0.25,0.5740740740740741,0.225,0.061224489795918366,0.0979381443298969,0.42105263157894735,0.42105263157894735,1.0,0.26288659793814434,0.45098039215686275,0.45098039215686275,0.9130434782608695,0.10810810810810811,,,0.017857142857142856,1.0,0.30357142857142855,0.4583333333333333,,25.854285714285716,16.0,3.0,,1.0,4.0,8.0,6.0,6.0,20.0,,6.0,6.0,1.0,,5.0,8.0,8.0,0.020618556701030927,0.25,0.25,0.21621621621621623,0.35294117647058826,2.0,0.03278688524590164,4.0,2.0,,3.0,1.0,,,,,,False,2.0,3.0,,4.0,1.0,,0.5,0.75,,,1.0,,1.0
1631246,1610612763,Vince Williams Jr.,Vince Williams Jr.,1631246,MEM,14233.0,237,8.0,498.0,504,136.0,196,74.0,1002,12.0,19.0,6.0,8.0,5.0,7.0,12.0,25.0,24.0,44.0,13.0,103.0,621.0,8.0,10.0,2.0,21.0,6.0,13.0,5.0,26.0,26.0,22.0,12.0,4.0,18.0,8.0,26.0,5.0,6.0,11.0,60.0,2.0,13.0,21.0,11.0,34.0,15.0,49.0,3.0,6.0,5.0,1.0,9.0,19.0,10.0,23.0,1.0,20.0,3.0,16.0,2.0,7.0,1.0,1.0,,1.0,,26.0,135.0,0.5416666666666666,0.7222222222222222,0.5454545454545454,0.8,0.46153846153846156,0.4891304347826087,0.5588235294117647,0.42,0.5151515151515151,0.5833333333333334,0.44642857142857145,0.09090909090909091,,19.79695431472081,0.0990990990990991,0.10483870967741936,0.20388349514563106,0.01818181818181818,0.14953271028037382,0.0641025641025641,0.1,0.12345679012345678,,0.024691358024691357,0.1111111111111111,0.11428571428571428,,0.2345679012345679,0.09090909090909091,0.06382978723404255,,0.20652173913043478,0.631578947368421,0.631578947368421,0.4166666666666667,0.2717391304347826,0.48,0.5714285714285714,0.6666666666666666,0.47058823529411764,0.75,,0.28,0.7142857142857143,0.7282608695652174,0.5381783333333333,0.541725,0.5019956521739131,0.07216494845360824,0.14285714285714285,0.20388349514563106,0.2524271844660194,5.324999999999999,0.27309236947791166,6.0,15.0,,2.0,1.0,5.0,8.0,33.0,7.0,14.0,48.0,1.0,7.0,3.0,12.0,39.0,2.0,31.0,8.0,2.0,10.0,6.0,4.0,,,,5.0,0.9285714285714286,0.2916666666666667,0.14285714285714285,0.25,0.30434782608695654,0.5217391304347826,0.16,0.5263157894736842,0.18181818181818182,,0.16304347826086957,0.4,0.4,1.0,0.358695652173913,0.24242424242424243,0.25,0.875,0.11764705882352941,,,0.2,0.2,0.28,0.25806451612903225,,25.81458333333333,5.0,,,,,5.0,2.0,3.0,3.0,1.0,6.0,2.0,1.0,1.0,2.0,2.0,1.0,,,,0.29411764705882354,0.2857142857142857,,,2.0,,1.0,,,1.0,0.020833333333333332,0.030303030303030304,1.0,,False,,,,1.0,,,0.2,1.0,,,1.0,,
1641713,1610612763,GG Jackson,GG Jackson,1641713,MEM,21533.0,359,-52.0,749.0,748,248.0,219,94.0,1497,21.0,39.0,3.0,4.0,12.0,20.0,12.0,34.0,35.0,76.0,26.0,177.0,932.0,5.0,10.0,2.0,18.0,14.0,29.0,18.0,67.0,40.0,30.0,4.0,10.0,13.0,12.0,25.0,10.0,5.0,7.0,62.0,9.0,11.0,20.0,24.0,47.0,21.0,68.0,1.0,8.0,6.0,2.0,15.0,27.0,11.0,24.0,,27.0,1.0,36.0,4.0,16.0,5.0,,5.0,5.0,2.0,67.0,248.0,0.5714285714285714,0.6060606060606061,0.4605263157894737,0.5,0.4827586206896552,0.4902597402597403,0.4,0.49,0.5205882352941177,0.42857142857142855,0.5403225806451613,0.13157894736842105,0.10256410256410256,22.56586483390607,0.12,0.05759162303664921,0.11976047904191617,0.05421686746987952,0.11989100817438691,0.056022408963585436,0.018518518518518517,0.06451612903225806,0.15384615384615385,0.05,0.06,0.11214953271028037,0.20930232558139536,0.13740458015267176,0.05555555555555555,0.012345679012345678,0.4,0.2532467532467532,0.5384615384615384,0.6,0.5714285714285714,0.22077922077922077,0.35294117647058826,0.42857142857142855,0.5833333333333334,0.2,0.75,,0.4,0.6,0.7597402597402597,0.5592438311688309,0.5552964285714286,0.5949310000000001,0.0963855421686747,0.18181818181818182,0.1016949152542373,0.3785310734463277,4.518421052631579,0.3311081441922563,6.0,22.0,1.0,5.0,2.0,5.0,21.0,56.0,16.0,27.0,78.0,2.0,10.0,7.0,21.0,75.0,,56.0,21.0,3.0,12.0,3.0,9.0,,,1.0,2.0,0.9259259259259259,0.34615384615384615,0.2,0.3333333333333333,0.34615384615384615,0.5064935064935064,0.17647058823529413,0.4444444444444444,0.23076923076923078,0.06521739130434782,0.14285714285714285,0.2727272727272727,0.2727272727272727,1.0,0.36363636363636365,0.375,0.375,0.9047619047619048,0.25,0.2,1.0,0.1,0.4,0.32,0.375,,25.435897435897434,11.0,,,2.0,3.0,5.0,5.0,6.0,2.0,1.0,3.0,5.0,,,2.0,4.0,4.0,0.01948051948051948,0.6666666666666666,0.6666666666666666,0.25,0.3125,1.0,0.05,2.0,4.0,,4.0,0.5,,,,,,False,1.0,,,1.0,,,0.2,1.0,,1.0,,,
1629723,1610612763,John Konchar,John Konchar,1629723,MEM,24230.0,404,15.0,877.0,886,287.0,249,127.0,1763,13.0,20.0,4.0,7.0,3.0,4.0,,1.0,13.0,21.0,3.0,74.0,992.0,4.0,7.0,,14.0,3.0,4.0,2.0,20.0,18.0,8.0,4.0,5.0,19.0,11.0,30.0,6.0,10.0,8.0,71.0,13.0,14.0,38.0,37.0,80.0,27.0,107.0,,15.0,5.0,10.0,6.0,14.0,14.0,24.0,1.0,13.0,4.0,4.0,2.0,3.0,10.0,6.0,4.0,11.0,3.0,20.0,286.0,0.6923076923076923,0.8181818181818182,0.6190476190476191,0.5714285714285714,0.75,0.5220588235294118,0.5833333333333334,0.45,0.5362318840579711,0.5833333333333334,0.47619047619047616,0.23809523809523808,0.2,8.058252427184465,0.1796116504854369,0.07650273224043716,0.1792452830188679,0.06074766355140187,0.17942583732057416,0.06801007556675064,0.06349206349206349,0.0970873786407767,,0.06711409395973154,0.09333333333333334,0.25,0.10526315789473684,0.16049382716049382,0.24,,0.2727272727272727,0.29411764705882354,0.65,0.8125,0.6923076923076923,0.014705882352941176,,,,0.5833333333333334,0.5714285714285714,0.25,0.2,0.75,0.9852941176470589,0.5882985074626865,0.6424687499999999,0.5491184210526314,0.043478260869565216,0.13636363636363635,0.1891891891891892,0.2702702702702703,1.8714285714285712,0.3272519954389966,8.0,26.0,2.0,4.0,1.0,7.0,7.0,21.0,9.0,15.0,47.0,2.0,5.0,4.0,16.0,45.0,1.0,20.0,7.0,5.0,8.0,4.0,4.0,,,1.0,2.0,1.0,0.3191489361702128,0.4,0.25,0.32608695652173914,0.6911764705882353,1.0,0.5714285714285714,0.35714285714285715,0.046153846153846156,0.38235294117647056,0.3076923076923077,0.3076923076923077,1.0,0.3088235294117647,0.3333333333333333,0.3333333333333333,1.0,0.3333333333333333,0.5,1.0,0.35,0.14285714285714285,0.45,0.35,,24.953191489361707,5.0,1.0,,,,1.0,3.0,,5.0,1.0,2.0,3.0,1.0,,,,,,,,0.08333333333333333,0.3333333333333333,,,2.0,1.0,,,,,,,,,False,,1.0,,,,,,,,,,,
1641744,1610612763,Zach Edey,Zach Edey,1641744,MEM,56158.0,936,115.0,1975.0,1997,298.0,289,309.0,3972,115.0,162.0,43.0,73.0,16.0,22.0,39.0,88.0,156.0,254.0,53.0,404.0,2251.0,51.0,96.0,18.0,123.0,25.0,40.0,7.0,60.0,198.0,114.0,76.0,25.0,17.0,24.0,41.0,22.0,10.0,5.0,106.0,53.0,96.0,103.0,99.0,204.0,157.0,361.0,10.0,25.0,18.0,7.0,29.0,65.0,70.0,110.0,15.0,72.0,12.0,74.0,15.0,38.0,54.0,27.0,25.0,57.0,36.0,60.0,298.0,0.6346153846153846,0.8389830508474576,0.6141732283464567,0.53125,0.625,0.5969387755102041,0.5412371134020618,0.6022727272727273,0.6273291925465838,0.5801886792452831,0.6,0.0984251968503937,0.08024691358024691,16.280050611556305,0.2037037037037037,0.1807909604519774,0.21237113402061855,0.12679425837320574,0.20803295571575695,0.15700737618545837,0.19298245614035087,0.18688524590163935,0.10909090909090909,0.1292517006802721,0.16568047337278108,0.23481781376518218,0.18571428571428572,0.20634920634920634,0.2336448598130841,0.10101010101010101,0.631578947368421,0.5510204081632653,0.7098765432098766,0.7718120805369127,0.6260869565217392,0.29931972789115646,0.4431818181818182,0.5131578947368421,0.6410256410256411,0.7525773195876289,0.589041095890411,0.11627906976744186,0.5,0.7272727272727273,0.6870748299319728,0.5737129251700681,0.5558225352112677,0.5275647727272726,0.11987381703470032,0.1371841155234657,0.30445544554455445,0.1485148514851485,3.5129921259842503,0.1508860759493671,3.0,14.0,1.0,1.0,1.0,2.0,10.0,26.0,2.0,13.0,40.0,1.0,1.0,1.0,4.0,39.0,,26.0,10.0,2.0,36.0,19.0,17.0,,,,3.0,1.0,0.325,1.0,0.25,0.325,0.1360544217687075,0.13636363636363635,0.5538461538461539,0.043478260869565216,0.12096774193548387,0.047619047619047616,0.21428571428571427,0.21428571428571427,1.0,0.08843537414965986,0.38461538461538464,0.38461538461538464,1.0,0.010309278350515464,1.0,1.0,0.045454545454545456,0.5,0.045454545454545456,0.38461538461538464,,24.714999999999996,9.0,3.0,2.0,2.0,4.0,,,,2.0,2.0,1.0,14.0,12.0,,1.0,5.0,4.0,0.013605442176870748,0.5,0.5,,,8.0,0.21052631578947367,,3.0,,,1.0,,,,,3.0,False,,1.0,6.0,,2.0,,,,,2.0,,,
1630643,1610612763,Jay Huff,Jay Huff,1630643,MEM,30544.0,509,-41.0,1102.0,1102,418.0,391,116.0,2204,42.0,50.0,6.0,8.0,13.0,13.0,5.0,10.0,47.0,65.0,33.0,310.0,1296.0,6.0,8.0,7.0,28.0,15.0,20.0,22.0,112.0,78.0,16.0,12.0,3.0,14.0,12.0,26.0,9.0,10.0,3.0,64.0,8.0,11.0,20.0,41.0,63.0,19.0,82.0,4.0,8.0,7.0,1.0,16.0,26.0,33.0,48.0,,31.0,7.0,40.0,4.0,14.0,35.0,22.0,13.0,37.0,18.0,112.0,418.0,0.8297872340425532,0.9512195121951219,0.7230769230769231,0.75,0.75,0.6822660098522167,0.65625,0.7894736842105263,0.7013574660633484,0.7,0.8115942028985508,0.046153846153846156,0.04,20.032441200324413,0.14695340501792115,0.05314009661835749,0.08097165991902834,0.03018867924528302,0.11596958174904944,0.04025423728813559,0.10606060606060606,0.03418803418803419,,0.030612244897959183,0.11926605504587157,0.15827338129496402,0.1935483870967742,0.10160427807486631,0.016666666666666666,0.043478260869565216,0.4864864864864865,0.24630541871921183,0.84,0.875,0.8333333333333334,0.04926108374384237,0.5,0.5555555555555556,0.8,0.5,0.75,,0.22807017543859648,1.0,0.9261083743842364,0.5830492610837441,0.6046954545454546,0.5647245614035087,0.06572769953051644,0.18666666666666668,0.09032258064516129,0.36129032258064514,3.824615384615385,0.3793103448275862,15.0,33.0,,1.0,4.0,7.0,46.0,105.0,30.0,61.0,138.0,3.0,8.0,20.0,37.0,183.0,,105.0,46.0,2.0,10.0,4.0,6.0,,,3.0,3.0,1.0,0.4420289855072464,0.375,0.5405405405405406,0.4420289855072464,0.6798029556650246,0.1,0.38461538461538464,0.10526315789473684,0.028985507246376812,0.1625615763546798,0.45454545454545453,0.45454545454545453,1.0,0.5172413793103449,0.4380952380952381,0.4380952380952381,1.0,0.0625,,,0.12280701754385964,0.5714285714285714,0.5263157894736842,0.4380952380952381,,25.455072463768108,7.0,2.0,1.0,,5.0,7.0,16.0,,3.0,1.0,3.0,2.0,5.0,,2.0,8.0,8.0,0.024630541871921183,,,0.4375,0.5333333333333333,,,4.0,3.0,,1.0,,,,,,3.0,False,1.0,1.0,2.0,3.0,,,0.42857142857142855,1.0,,,,,
1642285,1610612763,Cam Spencer,Cam Spencer,1642285,MEM,8432.0,141,,294.0,290,98.0,82,45.0,584,3.0,6.0,1.0,2.0,1.0,2.0,5.0,8.0,8.0,16.0,12.0,55.0,359.0,3.0,4.0,1.0,10.0,2.0,4.0,10.0,26.0,14.0,2.0,,1.0,8.0,7.0,15.0,4.0,6.0,1.0,37.0,4.0,2.0,7.0,5.0,12.0,6.0,18.0,,5.0,5.0,,3.0,5.0,5.0,15.0,1.0,9.0,,12.0,1.0,3.0,1.0,,1.0,1.0,1.0,24.0,97.0,0.875,0.875,0.5,0.75,0.5,0.5512820512820513,0.75,0.7272727272727273,0.6136363636363636,0.8333333333333334,0.8125,0.0625,0.16666666666666666,13.841807909604519,0.06944444444444445,0.03076923076923077,0.14285714285714285,0.05128205128205128,0.09917355371900827,0.04195804195804196,0.045454545454545456,0.02564102564102564,,0.05172413793103448,0.05555555555555555,0.06382978723404255,0.14285714285714285,0.13513513513513514,0.16666666666666666,,1.0,0.15384615384615385,0.5,0.6,1.0,0.20512820512820512,0.625,0.625,0.8,0.3333333333333333,0.5,1.0,0.18181818181818182,0.5,0.7435897435897436,0.5256871794871794,0.43935,0.5582454545454545,0.07317073170731707,0.16666666666666666,0.18181818181818182,0.4727272727272727,7.4937499999999995,0.3333333333333333,2.0,5.0,,1.0,1.0,1.0,7.0,18.0,6.0,9.0,23.0,1.0,2.0,4.0,7.0,27.0,,18.0,7.0,,2.0,2.0,,,,,4.0,1.0,0.391304347826087,0.5,0.5714285714285714,0.391304347826087,0.5897435897435898,,0.4,,0.05,0.1282051282051282,0.4,0.4,1.0,0.46153846153846156,0.3888888888888889,0.3888888888888889,1.0,0.16666666666666666,,,0.09090909090909091,1.0,0.5454545454545454,0.3888888888888889,,25.091304347826092,1.0,,,,2.0,1.0,3.0,,3.0,1.0,1.0,,1.0,,,3.0,2.0,0.05128205128205128,,,0.16666666666666666,0.5,,,,1.0,1.0,,,,,,,,False,,,,1.0,,,1.0,1.0,,,,,
1630205,1610612763,Lamar Stevens,Lamar Stevens,1630205,MEM,2822.0,47,16.0,91.0,99,31.0,28,13.0,190,1.0,5.0,,,,1.0,2.0,3.0,3.0,8.0,4.0,22.0,114.0,,,3.0,3.0,1.0,2.0,3.0,8.0,4.0,2.0,,3.0,1.0,2.0,3.0,1.0,,1.0,8.0,,1.0,4.0,7.0,11.0,1.0,12.0,,2.0,1.0,1.0,,2.0,1.0,5.0,,5.0,,6.0,,2.0,1.0,,1.0,1.0,,8.0,31.0,0.6666666666666666,0.6666666666666666,0.375,,0.5,0.5294117647058824,,0.4166666666666667,0.55,0.75,0.5,0.375,0.6,20.5607476635514,0.22580645161290322,0.058823529411764705,0.2,,0.21568627450980393,0.027777777777777776,0.14285714285714285,,,,0.1,0.35294117647058826,,0.17647058823529413,0.3333333333333333,,,0.29411764705882354,0.2,0.5,,0.17647058823529413,0.6666666666666666,0.6666666666666666,1.0,,,,0.16666666666666666,,0.8235294117647058,0.5687031249999999,,0.55609,0.10526315789473684,0.2,0.13636363636363635,0.36363636363636365,3.875,0.34065934065934067,1.0,3.0,,,1.0,2.0,3.0,6.0,2.0,4.0,9.0,,,1.0,4.0,9.0,1.0,5.0,3.0,,2.0,1.0,1.0,,,,2.0,0.75,0.4444444444444444,,0.25,0.5,0.5294117647058824,,1.0,,,0.17647058823529413,0.3333333333333333,0.3333333333333333,1.0,0.35294117647058826,0.5,0.5,0.6666666666666666,,,,0.3333333333333333,0.5,0.3333333333333333,0.6,,29.0,,,,,,,,3.0,1.0,,,1.0,,,1.0,1.0,1.0,,,,,,,,,,,,,,,,,,False,,,,,,,,,,,,,
1630658,1610612763,Colin Castleton,Colin Castleton,1630658,MEM,2762.0,46,5.0,100.0,99,55.0,40,11.0,199,1.0,3.0,,1.0,,1.0,1.0,3.0,2.0,6.0,10.0,14.0,98.0,1.0,2.0,,2.0,1.0,3.0,6.0,8.0,2.0,2.0,2.0,2.0,,,,,,,,1.0,2.0,4.0,2.0,6.0,3.0,9.0,1.0,1.0,1.0,,1.0,1.0,5.0,6.0,1.0,7.0,1.0,11.0,1.0,4.0,1.0,,1.0,1.0,1.0,8.0,55.0,0.5,1.0,0.3333333333333333,0.5,0.3333333333333333,0.2,0.5,0.16666666666666666,0.4666666666666667,0.5,0.4444444444444444,0.3333333333333333,0.6666666666666666,13.913043478260871,0.09523809523809523,0.14285714285714285,0.12903225806451613,0.03225806451612903,0.11538461538461539,0.06666666666666667,0.14285714285714285,0.14285714285714285,,0.041666666666666664,,0.13333333333333333,,0.14285714285714285,0.1,0.16666666666666666,1.0,0.3,0.3333333333333333,1.0,1.0,0.3,0.3333333333333333,0.3333333333333333,,0.5,,,0.16666666666666666,,0.7,0.5088,0.39,0.5074916666666667,0.3076923076923077,0.4444444444444444,0.14285714285714285,0.5714285714285714,4.1499999999999995,0.55,,2.0,,,,2.0,,2.0,1.0,,4.0,,,,3.0,,,2.0,,,,,,,,,,,,,,,0.4,,,,,0.2,,,,0.2,,,,,,,0.3333333333333333,,0.16666666666666666,,,24.025,,,,,,,,,,,,,,,,2.0,2.0,,,,,,,,,,,,,,,,,,False,,,,,,,,,,,,,
1642530,1610612763,Yuki Kawamura,Yuki Kawamura,1642530,MEM,3786.0,63,,139.0,137,105.0,83,14.0,276,1.0,2.0,,,1.0,2.0,1.0,2.0,4.0,6.0,4.0,24.0,152.0,,,,3.0,3.0,5.0,4.0,19.0,4.0,4.0,,,10.0,4.0,14.0,3.0,9.0,1.0,32.0,,,3.0,3.0,7.0,,7.0,,1.0,,1.0,2.0,4.0,2.0,7.0,,4.0,,6.0,,1.0,,,,,,19.0,105.0,0.5,0.5,0.6666666666666666,,0.6,0.45454545454545453,0.75,0.4411764705882353,0.48,0.75,0.475,,,18.70967741935484,0.09090909090909091,,0.07317073170731707,,0.08108108108108109,,,,,,0.06666666666666667,0.0625,0.5,0.06666666666666667,0.09090909090909091,,,0.09090909090909091,0.5,0.5,1.0,0.09090909090909091,0.5,0.5,,,,,0.11764705882352941,0.5,0.8181818181818182,0.49727045454545454,0.5094,0.49298235294117654,0.043478260869565216,0.14285714285714285,0.125,0.7916666666666666,10.6,0.7553956834532374,,2.0,,,,1.0,4.0,14.0,11.0,4.0,16.0,1.0,2.0,3.0,12.0,3.0,,14.0,4.0,1.0,2.0,2.0,,,,,2.0,0.25,0.25,0.5,0.25,0.25,0.7272727272727273,,0.5,1.0,,0.09090909090909091,,,,0.6363636363636364,0.2857142857142857,0.2857142857142857,0.25,,,,0.058823529411764705,,0.6470588235294118,0.2857142857142857,,26.231250000000003,4.0,,,2.0,2.0,2.0,3.0,9.0,1.0,,1.0,,2.0,,1.0,2.0,2.0,0.09090909090909091,1.0,1.0,1.0,0.2727272727272727,,,1.0,,,,0.5,,,,,,False,,,,1.0,,,0.5,,,,,,
1642389,1610612763,Zyon Pullin,Zyon Pullin,1642389,MEM,155.0,3,1.0,6.0,6,4.0,6,,12,,,,,,,,1.0,,1.0,,,4.0,,,,,,,,,,,,,,,,,,,,,,,,,,,,,,,,,,,,,,,,,,,,,,,4.0,,,,,,,,,,,,,,16.666666666666668,,,,,,,,,,,,,,,,,,,,,,1.0,,,,,,,,,,0.3688,,,,,,,8.8,0.6666666666666666,,,,,,,,,,,,,,,,,,,,,,,,,,,,,,,,,,,,,,,,,,,,,,,,,,,,,,,,,,,,,,,,,,,,,,,,,,,,,,,,,,,,,,,,,False,,,,,,,,,,,,,
